"","Fe","Mn","Ba","S","Ti","Al","Si","K","Ca","Rb","Zr","Sr","P","position..mm.","kmeans_cluster","ward_hcluster","facies"
"1",3.58905051080257,-0.249729453394906,-0.602546283358418,-1.69478912374105,2.67515351445579,-1.32903273422407,0.653885270134037,2.95940511719055,1.73300219366379,-0.848135939426457,-1.53101784592681,-2.19978382719625,-3.15546139897878,350.29,"2","1",NA
"2",3.63819463008158,-0.253796039426387,-0.594313831460345,-1.79869543072292,2.70329902671419,-1.31787146425364,0.638150928659898,3.0012620986883,1.76026758426877,-0.756348606699178,-1.35803158564886,-2.20796449367407,-3.45415281652735,350.79,"2","1",NA
"3",3.6306686383299,-0.302872793212851,-0.568632206660808,-1.89118992053868,2.67433843767401,-1.34258174886625,0.62810897748652,2.99476877747975,1.76897204927078,-0.814992915541488,-1.38557098832447,-2.19440256788388,-3.19661373921252,351.29,"2","1",NA
"4",3.68533549434838,-0.310680772244913,-0.61506246888036,-2.18446694556477,2.67984505370454,-1.33361014419338,0.588444444061515,3.00069521460383,1.78035424543035,-0.731189763885953,-1.38682020506096,-1.98960246492344,-3.18324168739483,351.79,"2","1",NA
"5",3.74281719612556,-0.198636856833002,-0.55003474367089,-2.31177831695868,2.72908759667009,-1.3878554934086,0.635309951099019,2.98452088543312,1.85532442052233,-0.799668748485141,-1.43748634699283,-2.13231702963388,-3.12928251386711,352.29,"2","1",NA
"6",3.72264081121865,-0.355461444902029,-0.578256381954385,-2.1978537792146,2.70361224232884,-1.37796537261435,0.60369104077244,2.92523477519782,1.84535191208027,-0.825074634340256,-1.32400019528428,-2.16070047795832,-2.98121849532981,352.79,"2","1",NA
"7",3.75106093793163,-0.207984994454089,-0.594995208910255,-2.38293475534874,2.72020755919737,-1.41941124943461,0.573302257563335,2.93458699901092,1.83988349621184,-0.79686136177718,-1.38750670291586,-1.89725936520552,-3.13208761186883,353.29,"2","1",NA
"8",3.74879405605087,-0.162985995338028,-0.570103411151272,-2.29074611428867,2.70997218173221,-1.42106969763928,0.581419101625184,2.93954149532936,1.85279714093339,-0.824104446041169,-1.25162460203387,-2.06958472417845,-3.24230498500028,353.79,"2","1",NA
"9",3.76769632239805,-0.216428191993208,-0.542469059885239,-2.2927831209379,2.73613891074032,-1.37373485333963,0.640905872119163,2.95640304696369,1.88970356160471,-0.797510535611187,-1.36667876761542,-2.30269400483736,-3.098549179606,354.29,"2","1",NA
"10",3.75132354880908,-0.19360935172876,-0.591914384644086,-2.32838853821505,2.74276825543673,-1.32844531775839,0.645798554821811,2.95141690158891,1.86962187744402,-0.857388743603413,-1.27737190829861,-2.14756212249205,-3.23624877136019,354.79,"2","1",NA
"11",3.80211333385891,-0.125744278267899,-0.552372593227145,-2.37266546671393,2.801481453551,-1.35151377640299,0.674070615516822,2.98156758190866,1.9182603343484,-0.79529119361881,-1.26613906098983,-2.35913651177361,-3.35463043818958,355.29,"1","2",NA
"12",3.76585146391333,-0.10573121182115,-0.612594623759229,-2.42006623840756,2.72759664697896,-1.47882856684876,0.575376306041119,2.91038847484965,1.85974928707452,-0.77735269436272,-1.21250774982805,-2.09877234338541,-3.13310875044471,355.79,"2","1",NA
"13",3.80376914676857,-0.132951768984073,-0.548909770938116,-2.41133588352177,2.76362863610769,-1.40995945955874,0.58510285420855,2.94570587333044,1.902959072921,-0.764445604991129,-1.22915354666215,-2.25164781224852,-3.25276173643175,356.29,"2","1",NA
"14",3.80028089700736,-0.149398599361431,-0.63730785410073,-2.4424957243298,2.74708578354804,-1.4556314499836,0.577456599929701,2.94191603312576,1.87926090935896,-0.763387204022247,-1.26925674645648,-2.13088906579277,-3.09763357892276,356.79,"2","1",NA
"15",3.73618093984142,-0.0797374090677321,-0.534415872210722,-2.53197025441837,2.68693023233602,-1.47730728588206,0.58339973566404,2.89053058762228,1.84120280646673,-0.864773507832081,-1.25664863366576,-2.01136460159874,-2.98202673725503,357.29,"2","1",NA
"16",3.77384552466437,-0.203591610133248,-0.538503548471332,-2.54351026720192,2.7444001936903,-1.35256310589314,0.636991544784662,2.9403967306418,1.89741708977113,-0.776677642787493,-1.30371618642417,-2.21359543112687,-3.06089329151407,357.79,"2","1",NA
"17",3.74246844221018,-0.206893436506155,-0.623479669341301,-2.28328452130282,2.68246622711772,-1.45113846593622,0.544640238341469,2.87617960293749,1.82538194238686,-0.799776777555693,-1.29517191489999,-2.04658800358391,-2.96480366386765,358.29,"2","1",NA
"18",3.75568435294624,-0.212357227220769,-0.566918136920705,-2.40573015041965,2.71161519473033,-1.4436298825142,0.582833633655727,2.90390131782548,1.84682253782623,-0.819094896593183,-1.27634620308479,-2.01299452906237,-3.06378601116833,358.79,"2","1",NA
"19",3.79215923368442,-0.144571323732429,-0.5851933809383,-2.44629925632378,2.74912971655186,-1.40175418892595,0.589618334206122,2.92691437100233,1.86419587898426,-0.774007227101056,-1.25389866041917,-2.18780273876554,-3.12849075822275,359.29,"2","1",NA
"20",3.76195324732035,-0.176259327625293,-0.600838831756773,-2.46711121341539,2.72483932599393,-1.42387207014435,0.585593821536262,2.90325550717787,1.85008524155381,-0.788664228734525,-1.26727819340178,-2.00841059132395,-3.09329268718016,359.79,"2","1",NA
"21",3.7759991600434,-0.135792506234436,-0.582833179796979,-2.63467510987841,2.73073307348334,-1.44367497685651,0.608322252171847,2.9252826124548,1.88293405314288,-0.800376602574938,-1.27540942114644,-1.9924314361353,-3.05807791867324,360.29,"2","1",NA
"22",3.78812578565603,-0.0829679693929064,-0.581621956731695,-2.49642775873239,2.7432352659445,-1.46168609519456,0.581998305568599,2.93140313569944,1.91053057998548,-0.759292431742549,-1.28503159544904,-2.05459500645335,-3.23367025915756,360.79,"2","1",NA
"23",3.77410582222066,-0.185340703757421,-0.501913531804345,-2.47547358881223,2.73137931865898,-1.5315676899051,0.563677305109285,2.90501114978753,1.89109036237068,-0.740504953930918,-1.27550880588383,-1.98383078446301,-3.17112389959029,361.29,"2","1",NA
"24",3.79014229712075,-0.0770147080049579,-0.569017326818948,-2.68650536133192,2.73822957179742,-1.38779519692232,0.600308710861143,2.91987550917077,1.87500086907831,-0.748954009391865,-1.26691330536187,-2.16752410892286,-3.01983294127367,361.79,"2","1",NA
"25",3.79137190597895,-0.140453726745372,-0.558059918967472,-2.59135930256461,2.74304505653042,-1.51070430302991,0.547329504073482,2.90871435651252,1.87340371128734,-0.772551921114487,-1.16164891174742,-2.08574202390576,-3.04334442630767,362.29,"2","1",NA
"26",3.77509042476376,-0.0614764444926893,-0.610979370984202,-2.45827051687144,2.7491295494058,-1.40464208623364,0.621037051463769,2.92821071000186,1.89105406352477,-0.774205915232136,-1.29368308816532,-2.16274999608604,-3.19851438109449,362.79,"2","1",NA
"27",3.77407143828087,-0.15460979797597,-0.58580616242146,-2.67582981343183,2.729984841998,-1.42089811712916,0.602976668216528,2.91786411107635,1.87715081998637,-0.778178055068916,-1.23052128087489,-2.00263724740143,-3.05356740525447,363.29,"2","1",NA
"28",3.78708922527421,-0.099165693954429,-0.567220457101456,-2.70173926909389,2.73627870497848,-1.42071834974958,0.572858898902406,2.90656634520088,1.87308481421737,-0.75069231365675,-1.16544524100686,-1.9769658506954,-3.19393081331499,363.79,"2","1",NA
"29",3.76373493922378,-0.148342716011973,-0.552442474111351,-2.52962494104516,2.74686203674648,-1.43659805894911,0.612719570392151,2.92060777740927,1.8744260055981,-0.775630518317828,-1.2063278729129,-2.13276573802987,-3.13661800999159,364.29,"2","1",NA
"30",3.75642937292081,-0.154547034756419,-0.507946632584798,-2.71445920238749,2.74498070703353,-1.48121452036837,0.585917770837864,2.9028150911488,1.8707462902953,-0.7907896645387,-1.35896080038513,-1.68118063603288,-3.17179074118251,364.79,"2","1",NA
"31",3.76777937352842,-0.177816212803785,-0.52897070821114,-2.62687320969809,2.74831809551667,-1.47885072997285,0.521375164740471,2.91314669193608,1.87462341126721,-0.759869345858144,-1.25994018396709,-1.91012822338842,-3.08279412308931,365.29,"2","1",NA
"32",3.77668608952487,-0.114264061113383,-0.54441882218566,-2.76559002177553,2.73586677198135,-1.51186873983835,0.515661752657721,2.91384360110829,1.87302467633854,-0.743998013082468,-1.15783137086115,-1.88273809284136,-3.09437376991286,365.79,"2","1",NA
"33",3.80391132901994,-0.127721413166755,-0.584848751287389,-2.63765271148184,2.7781719761325,-1.48936214846027,0.593492467997751,2.94858686509716,1.92246313735546,-0.783105496399587,-1.19868552385158,-2.03137938470427,-3.1938703462511,366.29,"2","2",NA
"34",3.82485006478418,-0.062405905594588,-0.552795558687674,-2.66044063092855,2.77863314041985,-1.45208871419326,0.586684437741538,2.95310497976216,1.92060065502674,-0.759409808050674,-1.12313530998607,-2.26971263163989,-3.18388471865376,366.79,"1","2",NA
"35",3.80011014175662,-0.123652312221381,-0.540600276839606,-2.67718944900242,2.7508272489324,-1.47632706709088,0.56100173308288,2.93156541461879,1.89718530086232,-0.777123497182469,-1.25094303687082,-1.99497133897467,-3.09988286107076,367.29,"2","1",NA
"36",3.77635011519752,-0.0805397089514242,-0.561072390093011,-2.58907402056809,2.75346679134149,-1.47160626410704,0.583859947537104,2.92231405197261,1.8804136346517,-0.815822752143821,-1.2972893240957,-2.0796421252507,-3.02135795549066,367.79,"2","1",NA
"37",3.77335201952365,-0.0036245690023106,-0.531806277864591,-2.67321047287042,2.71859447273439,-1.49443875636523,0.551596136750616,2.91263341533701,1.89739340179093,-0.773438469002648,-1.25260998840958,-2.00076161652629,-3.12367929609551,368.29,"2","1",NA
"38",3.74802542219771,-0.0771998937482949,-0.55683383272669,-2.50073759716,2.71238723822267,-1.55034125279934,0.579052077342335,2.89377082270489,1.87871877292629,-0.806246005088767,-1.17389268767021,-2.13428914139429,-3.01241392280631,368.79,"2","1",NA
"39",3.7510030830312,0.0234946222948124,-0.501775464458465,-2.60883076744392,2.69952277300763,-1.50063067762066,0.489541561663892,2.87851131382645,1.8621141436205,-0.733477765684107,-1.21677270160728,-1.97063430686639,-3.17206581376365,369.29,"2","1",NA
"40",3.75470712792826,-0.0668604128270836,-0.526726502012816,-2.56272791499666,2.71887839669184,-1.46007521679155,0.594473479439035,2.91218162628653,1.90972026732246,-0.86129779815242,-1.2619738015095,-1.93799540411513,-3.21230384726297,369.79,"2","1",NA
"41",3.77027900582109,-0.167274562735139,-0.577938345752541,-2.61296049936986,2.75350132568321,-1.43146055089598,0.590526873005675,2.92084555517264,1.89843109686361,-0.757954297419686,-1.20412997322755,-2.03599507309932,-3.14587055404614,370.29,"2","1",NA
"42",3.77094350590001,-0.0932405959863089,-0.520021405851078,-2.57667823596157,2.75772799025595,-1.36339927505388,0.623321361637698,2.94394222041076,1.9009203082437,-0.750949466675302,-1.21022715337061,-2.17664792383936,-3.30569132971001,370.79,"1","1",NA
"43",3.74953637250197,-0.0251840757265415,-0.584405661063006,-2.49952743114057,2.73374858291926,-1.40801477555107,0.616896668818038,2.93138299780051,1.86494591723102,-0.805849352091485,-1.17968769954638,-2.1138150139974,-3.28002653015436,371.29,"2","1",NA
"44",3.75227381617622,-0.146595182240781,-0.519377834017742,-2.42139908285972,2.70712371585247,-1.49750725484697,0.562705152699157,2.90474147658472,1.86975692456187,-0.775411874711441,-1.18344380527685,-2.08245261817215,-3.17041343374879,371.79,"2","1",NA
"45",3.75295891014753,-0.173817275049756,-0.529479812483003,-2.46146289641361,2.72005211154529,-1.51523269994082,0.578731796090923,2.92290848540476,1.88552056154781,-0.689922807978077,-1.29915496624099,-2.04381736974857,-3.14728403688148,372.29,"2","1",NA
"46",3.73482784466896,-0.247797021413097,-0.544187799063825,-2.49341065274393,2.70463375073971,-1.44322184731467,0.593343892053735,2.91715421756934,1.87784609161327,-0.798939684024979,-1.32249665606942,-1.89777656561936,-3.07997557039573,372.79,"2","1",NA
"47",3.74243214663309,-0.153703687258333,-0.501785128728299,-2.38463529212431,2.72518173076261,-1.4250922609206,0.611753221199485,2.95531424394584,1.86342221737264,-0.779803156008456,-1.23692029044847,-2.13259173511989,-3.28357200930531,373.29,"2","1",NA
"48",3.73343651223782,-0.118758649180802,-0.593397936001507,-2.38751739543265,2.718665980176,-1.42331968514925,0.602528073644222,2.95264390783314,1.87488597541624,-0.787502145023606,-1.3024460272943,-2.00076499625664,-3.26845361496868,373.79,"2","1",NA
"49",3.74292095832606,-0.214896790929863,-0.568826526042913,-2.29723524250136,2.73521222656273,-1.44662731217099,0.609594131374655,2.95643724127902,1.91427176444999,-0.835878341187322,-1.32540193232363,-2.10670662180383,-3.16286355503255,374.29,"2","1",NA
"50",3.72022892895615,-0.199136244480063,-0.605573051923763,-2.32288608224922,2.71715358230687,-1.46018891057481,0.565340115566905,2.91335605502237,1.86965634917632,-0.791327398854239,-1.24894102578291,-2.09913357932785,-3.05854873783576,374.79,"2","1",NA
"51",3.72924569493311,-0.148654842619471,-0.557434740077494,-2.28112670358204,2.71396805403213,-1.45906996112195,0.56067088542687,2.92914367332624,1.86655542300043,-0.819478885030967,-1.28202082427457,-2.12370549115593,-3.12809228285636,375.29,"2","1",NA
"52",3.7297294736377,-0.0828686341516407,-0.49946933902156,-2.26742215165952,2.69714491655315,-1.4444158198657,0.559632634558151,2.91881346555132,1.84146166210579,-0.777358998258054,-1.23879726464487,-2.07537337283793,-3.36107657196684,375.79,"2","1",NA
"53",3.72753035714831,-0.293541581121877,-0.602415531766195,-2.10945151058221,2.69281252703677,-1.40470519417892,0.529308155688087,2.89524954402585,1.86968482332025,-0.751470893776931,-1.27328682318734,-2.19828272428883,-3.08143114831696,376.29,"2","1",NA
"54",3.68527765534458,-0.134052562248332,-0.597390981304668,-2.1252203349096,2.64630101999444,-1.47034737679111,0.537860963124952,2.87242207247829,1.92100526640718,-0.8008013775078,-1.40112835050024,-2.12849098377773,-3.00543501030995,376.79,"2","1",NA
"55",3.72262958921063,-0.22014938940028,-0.54414374576605,-2.08016986657516,2.68274945529581,-1.48509387554747,0.505642948521283,2.8956155051829,1.83081556372099,-0.822831841709781,-1.39986195951012,-2.01178074383731,-3.07342163958545,377.29,"2","1",NA
"56",3.73599461320135,-0.146965719453216,-0.596715552193677,-2.15604167277612,2.66441377563235,-1.45751813517979,0.475931193641411,2.88180316983176,1.82960914847611,-0.729680319059343,-1.40063281989288,-1.90822742307742,-3.19197025915054,377.79,"2","1",NA
"57",3.75060872698171,-0.0160744853541924,-0.64311451700394,-2.19432788262214,2.70242848238933,-1.44371426419394,0.557364731139785,2.89599174411858,1.84959857367689,-0.838054537757106,-1.36851613603996,-2.1067775258312,-3.14541290950381,378.29,"2","1",NA
"58",3.72705584981269,-0.0934367142013103,-0.597631518520304,-2.10306411268518,2.68760943557714,-1.45783278374342,0.58913009739596,2.8934331957243,1.84246763606176,-0.86305209193794,-1.27501341376135,-2.28750345148756,-3.06216212823479,378.79,"2","1",NA
"59",3.68720237078665,-0.21352135337514,-0.659394135577286,-1.97992684890761,2.67151168622504,-1.42051257230788,0.607126412767016,2.89565261899109,1.83418315649151,-0.862452666785043,-1.31866486990441,-2.13114342651841,-3.1100603718855,379.29,"2","1",NA
"60",3.70218079378196,-0.16939558667209,-0.625356858794786,-2.0317726231141,2.68936898894136,-1.39135907041375,0.615015280616016,2.91574942912642,1.82076240178533,-0.836261236449951,-1.34753418744326,-2.09350650738482,-3.24789082397832,379.79,"2","1",NA
"61",3.72484212086433,-0.130430234162602,-0.557786321441784,-1.97801710113299,2.69817550860999,-1.4110563670258,0.628436348389457,2.94297116616221,1.86596894159172,-0.837523407212398,-1.38914625739006,-2.24773048004195,-3.30870391721013,380.29,"2","1",NA
"62",3.68030883687092,-0.0536252088459375,-0.551437463038926,-2.0129552453964,2.63483794390049,-1.49263536141094,0.47489389120347,2.83958244527035,1.7948761515789,-0.764666557295957,-1.19910531907674,-2.03288946029722,-3.31718465346199,380.79,"2","1",NA
"63",3.67657094219109,-0.103099750505457,-0.527886562246284,-2.07521641501465,2.66534738988978,-1.4685455455038,0.529495956311732,2.88956720240911,1.83223771650546,-0.80141004978697,-1.34168467790095,-1.93937482499598,-3.33600138135307,381.29,"2","1",NA
"64",3.67376123402646,-0.230774598992691,-0.582565286269707,-2.11536849898363,2.6806215849234,-1.45781829716392,0.60832337146407,2.91635836622452,1.84457993777439,-0.781419740850176,-1.33611237459377,-1.99472158774982,-3.22486410980914,381.79,"2","1",NA
"65",3.67627145644978,-0.274851581131186,-0.604803068051962,-2.05097952264528,2.66426795548109,-1.42848838045554,0.615689905346364,2.90443646722956,1.83473837207775,-0.768032283059725,-1.29184081555736,-2.21145933752419,-3.06494916815931,382.29,"2","1",NA
"66",3.64212970755265,-0.169593637595427,-0.642999099754486,-2.05258716291413,2.64283449470497,-1.30299407299753,0.703798216059119,2.91081105898328,1.83723033060153,-0.773666403184746,-1.32789162461926,-2.26243339309817,-3.2046384137378,382.79,"2","1",NA
"67",3.67252077374758,-0.234014577409953,-0.594590353903114,-2.0893800294862,2.67549390259697,-1.31921366656508,0.6602830620868,2.91349103020863,1.87180684615855,-0.818834863161845,-1.30514163208199,-2.27989835348434,-3.152522138706,383.29,"2","1",NA
"68",3.69363265386298,-0.133656249597324,-0.619406066874921,-2.20651508676713,2.69499191876049,-1.37577238516187,0.684158284764254,2.92834599334782,1.8998534280559,-0.826120447774431,-1.31533334374868,-2.1762097372718,-3.24796896159529,383.79,"2","1",NA
"69",3.66578957293097,-0.241412015211771,-0.665952719712527,-2.21993854159489,2.67171003572219,-1.43400962758398,0.647267712673651,2.88340770625954,1.87216336438338,-0.868983546920305,-1.27224639392397,-1.99679499028068,-3.04100055674162,384.29,"2","1",NA
"70",3.65203358852893,-0.0569909532604508,-0.559242105966646,-2.31696557877561,2.64910453146761,-1.46342160189145,0.612120691301248,2.84974558061035,1.854072258368,-0.836114467097926,-1.32812754615307,-1.923922990666,-3.13229140646497,384.79,"2","1",NA
"71",3.65529590582196,-0.141576484390366,-0.644808245940184,-2.32839799562821,2.70727768824158,-1.37651488712587,0.668510658390321,2.89127154460391,1.88590321156117,-0.847910669232265,-1.23457367780327,-1.94048625510094,-3.29399079339784,385.29,"2","1",NA
"72",3.66421068237701,-0.222250410005967,-0.573493430853127,-2.15267211944089,2.73559291417592,-1.35059935705862,0.722943047424636,2.91695836163026,1.90649293566004,-0.793868594459038,-1.21474760595923,-2.41081251279219,-3.2277539106988,385.79,"2","1",NA
"73",3.64876320844432,-0.195226217551068,-0.605781658830862,-2.16178145393554,2.68255892019554,-1.43299382148426,0.656009038121841,2.90593096587223,1.86442322309298,-0.7525227156954,-1.22968705688826,-2.2210242874984,-3.15866814384312,386.29,"2","1",NA
"74",3.59708055831815,-0.263904027198149,-0.661308414437177,-2.09279615402212,2.64420954295133,-1.42171606749086,0.583757919700031,2.88473639351607,1.79881356150291,-0.747406462797674,-1.35350781746432,-1.92044476954802,-3.04751426303016,386.79,"2","1",NA
"75",3.61789908893565,-0.111280269474708,-0.61948906931751,-2.09169235563244,2.68079726129727,-1.41247411800927,0.596415257199694,2.92778896928658,1.81388191106865,-0.752460603758145,-1.44220207647111,-2.15639362394263,-3.05079037118205,387.29,"2","1",NA
"76",3.59317890857195,-0.188906460560923,-0.611917958368587,-2.05543405452522,2.67082339481281,-1.41814986404289,0.596244121110426,2.92375448605775,1.8096215924983,-0.831077708169514,-1.31988558008256,-2.0463568363741,-3.12189404092745,387.79,"2","1",NA
"77",3.61941316191999,-0.159368605514184,-0.61536275075429,-2.04244854824992,2.67030428156989,-1.38151839813454,0.598244461354901,2.9301778268217,1.8095178558258,-0.76202412714936,-1.40224452865166,-1.99325830405915,-3.27143232497918,388.29,"2","1",NA
"78",3.62758913651689,-0.202089600292719,-0.553701776324434,-2.03156092896847,2.68212236911812,-1.37560730932268,0.634150199513523,2.94085914168842,1.80538396557103,-0.78485558128749,-1.3073859093894,-2.10738503019384,-3.32751867662894,388.79,"2","1",NA
"79",3.61718716100655,-0.199049677399606,-0.603776505666189,-1.90318249859173,2.66352392719475,-1.3617082400873,0.60765915703742,2.92481725166807,1.78796096716729,-0.793579855944442,-1.41923726451242,-2.16635900081878,-3.1542554210536,389.29,"2","1",NA
"80",3.65134382278668,-0.140269705933947,-0.60802544461886,-1.77811793026944,2.63675314992118,-1.44146977668059,0.573433243861678,2.91764352675809,1.80543521668748,-0.693145034694654,-1.51206589272277,-2.11286751357921,-3.29864766151565,389.79,"2","1",NA
"81",3.62705660069622,-0.182768651802455,-0.648428702466665,-2.01379667077401,2.61495156442668,-1.47791446717068,0.494406155325103,2.85931348092634,1.77247695024244,-0.76916905008041,-1.29887339445589,-1.84525116152417,-3.13200265334252,390.29,"2","1",NA
"82",3.69544650154014,-0.225428677400008,-0.561539642340991,-1.98331240506737,2.67034849906306,-1.43617794980946,0.537012443443382,2.919191850169,1.82979963412183,-0.844117671526812,-1.30032141487156,-2.09903917305838,-3.20186199426284,390.79,"2","1",NA
"83",3.69371927496463,-0.212549091223464,-0.634011529287485,-1.80887935958021,2.63415482690724,-1.49557623888532,0.548735894503699,2.86814283353157,1.7956766363612,-0.77191596814329,-1.35349372527155,-2.16257524234788,-3.10142831152912,391.29,"2","1",NA
"84",3.67397184849989,-0.195161289511589,-0.639949943823668,-1.99985754977036,2.63285397478893,-1.42379610339513,0.578452249752759,2.87274644637852,1.81965195673137,-0.817774370434649,-1.3820209873299,-1.87943250465114,-3.23968372723501,391.79,"2","1",NA
"85",3.67811854874552,-0.234274946418458,-0.597315284224266,-2.20329267048392,2.64979527253227,-1.37038354754882,0.602049217015476,2.90662287368084,1.84125667722026,-0.858767722240325,-1.28700193860977,-1.96070306167585,-3.16610341799297,392.29,"2","1",NA
"86",3.68852286689514,-0.107229581107981,-0.536177136269556,-2.35622555318881,2.66003328979365,-1.47739725118624,0.57299672118659,2.88221545031588,1.831785485301,-0.760483553533012,-1.25266625796534,-2.06907497158132,-3.07629950866,392.79,"2","1",NA
"87",3.75041520888099,-0.13038764642833,-0.556102287621502,-2.3223129219496,2.73236167207148,-1.49010910056014,0.591681514316423,2.89559139808766,1.8734166966858,-0.737832522053634,-1.28308728296301,-2.10111721239398,-3.22251751607214,393.29,"2","1",NA
"88",3.73722647423993,-0.213710579446526,-0.516216260136013,-2.2667543852079,2.68569769182243,-1.47076525833563,0.48390676369778,2.84598767688683,1.83039254377077,-0.790202723004758,-1.22228537211288,-1.95899795043012,-3.1442786217439,393.79,"2","1",NA
"89",3.70573072916379,-0.0908223527737997,-0.646299121027345,-2.3131887282373,2.67280903798863,-1.49140596370705,0.530037060402342,2.84281539767768,1.84157752405808,-0.778720177447601,-1.22057822281025,-1.93520081709577,-3.11675436619142,394.29,"2","1",NA
"90",3.74160230335487,-0.107280439990641,-0.527277211888502,-2.31626121444452,2.66459278407206,-1.50017064766888,0.466461681597677,2.81088505750942,1.84530327627034,-0.709932342933618,-1.2187581882307,-1.9226921574052,-3.22647290024229,394.79,"2","1",NA
"91",3.73071015889142,-0.147368287252994,-0.549720261659542,-2.33775671839665,2.67919821533253,-1.45756115450239,0.507904243123321,2.83393638625753,1.83348694819899,-0.794687317121855,-1.26055369815222,-1.91936914875891,-3.11821936595921,395.29,"2","1",NA
"92",3.69112767541578,-0.177053462146338,-0.586650436368207,-2.28154623216362,2.6506045078987,-1.45119793009019,0.559422428660074,2.85977326791039,1.83354566028385,-0.77638010365215,-1.2491296103614,-1.97709380677718,-3.09542195860971,395.79,"2","1",NA
"93",3.70726905776077,-0.106669994915761,-0.620642361748071,-2.31359396934069,2.67027415032839,-1.45398826127889,0.551168863606269,2.8889316773326,1.85368705988598,-0.776471558540812,-1.28294309255287,-2.06056103230209,-3.05646053823481,396.29,"2","1",NA
"94",3.67915422314534,-0.162450797981962,-0.550155287500805,-2.24537787822023,2.65134258737435,-1.48298956400721,0.570989357581787,2.89472173475605,1.83023238714099,-0.7996645730756,-1.34902386084383,-1.84053369531053,-3.19624463305834,396.79,"2","1",NA
"95",3.65189987225186,-0.198170131277059,-0.610772244700368,-2.17268888985147,2.65127213066563,-1.36156410217816,0.633691920980305,2.92278964150731,1.82722951501327,-0.734149410764319,-1.47560899720952,-2.05626891545179,-3.07766038898569,397.29,"2","1",NA
"96",3.71239639402374,-0.0762628299222237,-0.460451750061733,-2.35341512614326,2.68830884842898,-1.44613346421147,0.559069571212424,2.94282047862903,1.87082942999512,-0.743304794093999,-1.28901369939147,-2.08984427702538,-3.31499878143975,397.79,"2","1",NA
"97",3.69458890332805,-0.219950517192084,-0.566386183506589,-2.14930399665295,2.67183997897813,-1.35932059286173,0.595606338164687,2.95043842356888,1.86221621493374,-0.759258941671119,-1.40236884643024,-2.185311486936,-3.13278929372279,398.29,"2","1",NA
"98",3.69642495954727,-0.0489469581983235,-0.58846937581733,-2.24368491335482,2.68002027971377,-1.39430675265425,0.585977860025991,2.94916395200534,1.83853591804603,-0.693706121439724,-1.49754520265437,-2.00606932943208,-3.27739431578751,398.79,"2","1",NA
"99",3.726525415714,-0.141237618371019,-0.527517344185732,-2.35262809886163,2.70994627307946,-1.38480471060729,0.617200273837444,2.9620615798452,1.87928395098194,-0.739063782483615,-1.40780384269132,-2.15751242214811,-3.18444967410933,399.29,"2","1",NA
"100",3.73416292028026,-0.106651899090405,-0.564908601872178,-2.32141976689603,2.70655379838213,-1.46333043487606,0.548526807086596,2.94058152470932,1.85222071334852,-0.767503484959,-1.32567072397547,-2.08987280478544,-3.14268804735225,399.79,"2","1",NA
"101",3.7614509638583,-0.0924053671161172,-0.496358850544871,-2.45779584363408,2.70051857211716,-1.56655861420548,0.398866902409414,2.90204931467561,1.85469699640253,-0.701895047958968,-1.25601616409869,-2.00534222609,-3.04121063581481,400.29,"2","1",NA
"102",3.75766611364464,-0.227759939926721,-0.506875478627259,-2.49183212733677,2.72493986192375,-1.48734182109245,0.448915140047998,2.92866780041884,1.8782008088557,-0.712255774798236,-1.22986462311233,-1.98471217218397,-3.09774778781319,400.79,"2","1",NA
"103",3.7002022263761,-0.13519002698707,-0.639051025967245,-2.43486729589091,2.66997243897112,-1.46234773425491,0.521300419106733,2.90715570835711,1.82231747599771,-0.760890862319243,-1.23194033443528,-1.89926407971721,-3.05739690923691,401.29,"2","1",NA
"104",3.7586791136717,-0.217510490192434,-0.517426649731061,-2.49733859606386,2.72261885664485,-1.47290175820938,0.543165754887413,2.94829789762629,1.88549363508266,-0.741297209437888,-1.18262503870696,-2.04391909483366,-3.18523642073766,401.79,"2","1",NA
"105",3.73833311208495,-0.177648485601513,-0.602756050767433,-2.38522393166139,2.72789143301302,-1.50734961219963,0.580704422907201,2.9263291544421,1.88155078218988,-0.735010268550829,-1.17307653803439,-2.11975200653526,-3.1539920112867,402.29,"2","1",NA
"106",3.71830018509799,-0.241820988249904,-0.54493363392833,-2.37738219848049,2.68976530587911,-1.45733331030952,0.521138864648753,2.89600913953348,1.86727718792482,-0.752559367206905,-1.30305655092589,-1.96786477316737,-3.04753986081573,402.79,"2","1",NA
"107",3.72395079562525,-0.0858943090939202,-0.641397837830539,-2.48412375065062,2.72294197827326,-1.39001505198952,0.614576472774612,2.92191531236078,1.87060347595671,-0.775372984622539,-1.37131532010656,-2.01764962710222,-3.08821915359466,403.29,"2","1",NA
"108",3.72420384767242,-0.0641043419917083,-0.584316962384319,-2.41460747438607,2.72508698425115,-1.40488058720191,0.614984397255703,2.91370182802089,1.88013730777977,-0.829021566853609,-1.43449358015727,-1.96002535131295,-3.16666450069208,403.79,"2","1",NA
"109",3.70301869745011,-0.126345990170162,-0.612674711730621,-2.57140313243091,2.69974911188113,-1.46925570972328,0.554809736054814,2.87738141650504,1.87768001591351,-0.765577497217366,-1.26598183691652,-1.78815064976139,-3.11324944985436,404.29,"2","1",NA
"110",3.70397372707354,0.00781252626219862,-0.606901719236407,-2.54056720178916,2.69554007968221,-1.48936987652367,0.53438074129705,2.87841821489285,1.88038710481951,-0.74575429507421,-1.32034444613108,-1.94004704115017,-3.05752781412266,404.79,"2","1",NA
"111",3.75072167104827,-0.062610503556527,-0.574005765617614,-2.5308011553526,2.72094435089866,-1.39308878391125,0.624768363799085,2.92060642108907,1.916441064546,-0.800716926852098,-1.30371054191136,-2.09185274311764,-3.176695451062,405.29,"2","1",NA
"112",3.72139852847288,-0.106933721258797,-0.607038439419803,-2.49082364130682,2.65240251204047,-1.43196288658609,0.550792421109392,2.82472011717584,1.86980020590018,-0.766814035326116,-1.18747836316768,-2.01725051963914,-3.01081217799433,405.79,"2","1",NA
"113",3.74410380161696,-0.222575900269863,-0.555723372146279,-2.35422177954466,2.68466560979244,-1.46820940697677,0.60328928118913,2.88804723792804,1.89938256921457,-0.836591416363686,-1.33191285359371,-1.92064671250461,-3.12960705834158,406.29,"2","1",NA
"114",3.77799128255558,0.0311620062727048,-0.594139807104617,-2.49820611968079,2.66489325464021,-1.41535637308221,0.569971503732289,2.88126490660071,1.89030081291562,-0.776301632247406,-1.38056249760016,-2.02202189780457,-3.12899543919736,406.79,"2","1",NA
"115",3.78373426032088,0.00796155174425791,-0.602919112203392,-2.4125415752189,2.64231018865552,-1.51266674548861,0.534324589605154,2.85617427857649,1.88544617396216,-0.793189423676849,-1.29825687414316,-1.95384095312745,-3.1365363590061,407.29,"2","1",NA
"116",3.78384652905252,0.0173731791241461,-0.631624583477736,-2.36932794693107,2.65263945423608,-1.51009677070886,0.514016375157636,2.86879837726076,1.92126304503724,-0.814918101385249,-1.32371635496874,-2.02024477290055,-3.08800842949618,407.79,"2","1",NA
"117",3.75228327862209,-0.078983189179802,-0.609862128142819,-2.28688765443148,2.61878918255209,-1.56590141694076,0.46263579487731,2.8098954517071,1.91791839784381,-0.819298550918338,-1.37385956819214,-1.83027403259332,-2.99645556520375,408.29,"2","1",NA
"118",3.73435571826905,0.114542658910537,-0.636880915531729,-2.37326892662219,2.61194845437933,-1.5063766519983,0.512022380041557,2.83278373057767,1.84272173720336,-0.779493574751045,-1.42899502308456,-1.78698489160461,-3.13637469578905,408.79,"2","1",NA
"119",3.7840665086733,0.0567096110645742,-0.573147383536995,-2.22742345731026,2.59486001321373,-1.58823127087273,0.442956343434039,2.79021085543578,1.84874341930879,-0.769513404678714,-1.3515339330787,-1.92994108026019,-3.07775622139262,409.29,"2","1",NA
"120",3.74041630907706,-0.106955741923286,-0.662051915046121,-2.29275835228157,2.602427850569,-1.51479750121191,0.445937902213511,2.80009285578917,1.83856521318162,-0.836277592661139,-1.23245395150938,-1.87230255034497,-2.90984252585199,409.79,"2","1",NA
"121",3.73759017290673,-0.205068653323137,-0.534424367172412,-2.14738765666897,2.65153938254013,-1.48923222573153,0.505252000821979,2.86396609055435,1.86464888099104,-0.758309071012674,-1.23444825915474,-2.02836623076144,-3.22576006398933,410.29,"2","1",NA
"122",3.72152570810011,-0.172178501466254,-0.634548412170059,-2.16629379427558,2.67079221363389,-1.48727307328281,0.539582099030364,2.88038394567752,1.84330748738644,-0.798956264392063,-1.26845275916714,-1.89941484945356,-3.22847379962085,410.79,"2","1",NA
"123",3.68176379750998,-0.252761424673488,-0.587398845153438,-2.17149667218253,2.64733348891658,-1.46497280888298,0.53423401497745,2.86012167918234,1.84288843983256,-0.768402432853554,-1.27681036362648,-1.93163867988429,-3.11286019316216,411.29,"2","1",NA
"124",3.70395322174105,-0.264841790819277,-0.597596551040357,-2.18048828223476,2.67543007719238,-1.4501027565347,0.557988605498155,2.87262833354371,1.83877964111129,-0.749153195690569,-1.29334451330036,-1.95644179632196,-3.1568109931446,411.79,"2","1",NA
"125",3.71737617176269,-0.0728668065863371,-0.573045089643103,-2.08467602632029,2.67023508265304,-1.48970749964828,0.553538488242976,2.8695003465847,1.8483877513261,-0.732660942680692,-1.20563322860764,-2.30529538613859,-3.19515286094459,412.29,"2","1",NA
"126",3.69426140383932,-0.173949361101972,-0.569735920838124,-1.95196128032444,2.64769230473383,-1.49824422119223,0.564914735519624,2.86089461470697,1.78837829748061,-0.768969763743774,-1.21292024314627,-2.03359423482131,-3.34676633111223,412.79,"2","1",NA
"127",3.68395094690634,-0.303921065969061,-0.659735087885455,-1.92272028024674,2.65639415841908,-1.51910104252886,0.523108569181449,2.84692059460059,1.81603548971092,-0.754224169326899,-1.23755786698409,-1.92133811001979,-3.20781213585747,413.29,"2","1",NA
"128",3.69125260732955,-0.177546623440475,-0.566262127902298,-2.00592938291898,2.6761041532018,-1.47880920623761,0.567217688156962,2.86766746094825,1.87467838829171,-0.786329508181032,-1.21146148605257,-2.17017860855156,-3.28040335464376,413.79,"2","1",NA
"129",3.68368425470572,-0.193383850436225,-0.61371640276092,-1.97347822436843,2.66639830653119,-1.45081476714883,0.551504086983287,2.84390076656928,1.81672563420919,-0.798028890419348,-1.28068978820695,-2.11173484406946,-3.1403662815885,414.29,"2","1",NA
"130",3.68238536049698,-0.0820073916270918,-0.572307944857345,-1.97452160019473,2.63267424974501,-1.60747033415448,0.464999004596661,2.83374720474673,1.77886218410029,-0.749331286350595,-1.4217018026583,-1.87200977716127,-3.11331786668187,414.79,"2","1",NA
"131",3.73745721660954,0.0286589023377496,-0.502706642462508,-2.08844080548249,2.69874033005991,-1.51835899930947,0.489393580373552,2.87313099516782,1.83406828822771,-0.680857370832859,-1.30135568571778,-2.10996630026876,-3.45976350870241,415.29,"2","1",NA
"132",3.65667695328966,0.0349602598461378,-0.555191649529748,-1.91219405733234,2.62480769158352,-1.6288788040469,0.417895992574732,2.77810058976804,1.75540018952519,-0.65539318926768,-1.27505255273254,-2.07253670740752,-3.16859471627054,415.79,"2","1",NA
"133",3.69976574568652,-0.0796948099548905,-0.579624636134549,-1.84451260912964,2.67404901857891,-1.56497938602196,0.451629755642203,2.82395370692884,1.80952186543064,-0.751325501830196,-1.18875296064132,-2.17816595734444,-3.27186423121012,416.29,"2","1",NA
"134",3.67687449724522,-0.209102709175459,-0.51838556975158,-1.91449080143573,2.66292451762097,-1.49088144120416,0.499723848046476,2.86079648735837,1.7921870635393,-0.769326487401766,-1.25064189367779,-2.03324261606612,-3.30643489509774,416.79,"2","1",NA
"135",3.64835941220871,-0.263952671391736,-0.629763090413281,-1.93160877043627,2.64593877537264,-1.4691097086424,0.54666752410709,2.86355396771561,1.7955895479798,-0.72682983950481,-1.17973630386354,-1.98120571157564,-3.31790313155616,417.29,"2","1",NA
"136",3.59120450307225,-0.180429063908921,-0.653218085134759,-1.71647226240698,2.62295170913848,-1.42631800080981,0.615383212887179,2.87582754405884,1.79237067204362,-0.850515355570347,-1.43179104027287,-2.05200695012885,-3.18698688296783,417.79,"2","1",NA
"137",3.58242837873107,-0.230651713021693,-0.650055595984046,-1.78939834180222,2.63076476239874,-1.43358188983208,0.562031397913239,2.84696224881168,1.76215042257155,-0.832963190447692,-1.18315852866293,-2.00286347996451,-3.26166447071113,418.29,"2","1",NA
"138",3.59267100778618,-0.135394162983337,-0.662565288821328,-1.68927414758375,2.60945450850214,-1.55066957334677,0.493001246247959,2.81554815151146,1.75956179685629,-0.799304897222946,-1.29166453941589,-1.93857852493663,-3.20278557659338,418.79,"2","1",NA
"139",3.63636050661106,-0.261585242858426,-0.616066510395528,-1.50986375318367,2.65978448651713,-1.50533475993497,0.514766355330819,2.85324932775701,1.79018406919114,-0.808804244693914,-1.26259238898402,-2.12909752042835,-3.36100032492829,419.29,"2","1",NA
"140",3.60404965917639,-0.179919097756616,-0.661606536863592,-1.61935204680235,2.62741898051296,-1.53309564173581,0.510625829821587,2.82740114244982,1.76521593256984,-0.831891803551886,-1.33429496094318,-1.88534538601968,-3.28920607085747,419.79,"2","1",NA
"141",3.66320746707526,-0.304584445174782,-0.631833154570918,-1.63911399040949,2.7183173333152,-1.46942901762004,0.600182239357843,2.8921249120376,1.84027628987014,-0.781408338870405,-1.29671325344044,-2.15592871081623,-3.43509733075373,420.29,"2","1",NA
"142",3.63308716106289,-0.246819826708883,-0.568858129159271,-1.70885563399023,2.66847418072265,-1.46152167052704,0.598646925885341,2.87418636243838,1.8055317709384,-0.797125665803989,-1.30592171508379,-2.25515313802799,-3.23567062174646,420.79,"2","1",NA
"143",3.65912697054904,-0.240994289151442,-0.646396035941669,-1.74310934948538,2.66262380713141,-1.52327234014961,0.551705163899045,2.86105292975979,1.81886763926782,-0.745839436871616,-1.28859212093492,-2.147152589019,-3.21802034905346,421.29,"2","1",NA
"144",3.67186067430455,-0.235470913398638,-0.719542624020652,-1.68675718890006,2.71257270308612,-1.50355651117037,0.545382791279781,2.88315487105478,1.85692871176713,-0.872023017840748,-1.36280170966145,-2.17411367812521,-3.11563410837524,421.79,"2","1",NA
"145",3.67964365894932,-0.404096413350268,-0.584934070183551,-1.73465236978516,2.71445519742515,-1.48928568168624,0.569897084721704,2.9146529678371,1.85623634875068,-0.796358305501284,-1.23285615273856,-2.2269245856554,-3.2657776787835,422.29,"2","1",NA
"146",3.66262309206207,-0.176753503249605,-0.622016658399265,-1.86768771692473,2.68394561571565,-1.54963253963047,0.482762760553787,2.86885122430897,1.81832287955009,-0.764701788045176,-1.19350444222378,-2.07498996787571,-3.26721895584181,422.79,"2","1",NA
"147",3.65535641825719,-0.179455902837996,-0.601935382323255,-1.75037873545399,2.68447670810594,-1.45354746834862,0.562783703820434,2.91522441171705,1.84080931231957,-0.749946502436531,-1.41156599495977,-2.18919943726303,-3.322621130597,423.29,"2","1",NA
"148",3.6643193482338,-0.148639124887657,-0.61715608082145,-1.84229066997526,2.69842491342636,-1.54597545037877,0.520064851108097,2.88169249280256,1.82388600169788,-0.749906254974874,-1.28515524709817,-2.02654086767562,-3.37272391145689,423.79,"2","1",NA
"149",3.64625660944151,-0.090443714438432,-0.592291831007565,-1.82669575253604,2.69549305923226,-1.52414351760481,0.511032318498443,2.90663484261537,1.83029806827098,-0.8614365239017,-1.29328075869064,-2.09012175397989,-3.31130104589949,424.29,"2","1",NA
"150",3.66457429191438,-0.11974659038668,-0.581870266123217,-1.72776892029006,2.70262678363548,-1.50658594034779,0.519505886802149,2.89891997286664,1.82254550815511,-0.78994883156333,-1.38016656413324,-2.13841609372442,-3.36366923680499,424.79,"2","1",NA
"151",3.68334675514577,-0.0732560305422266,-0.608453405252244,-1.92109696030465,2.681394608364,-1.52092987783404,0.49865450973486,2.89247187940759,1.81097420145777,-0.782349835216112,-1.36016104016431,-2.0804350034554,-3.22015980134101,425.29,"2","1",NA
"152",3.71352378070108,-0.214896821053893,-0.632572698540453,-2.01159701179493,2.73399385684828,-1.47756576456014,0.525302291536231,2.93632474172811,1.88229833723256,-0.818755770620689,-1.22320719389801,-2.10172007363313,-3.31112767394503,425.79,"2","1",NA
"153",3.73266200068411,-0.258599688496633,-0.551360227491826,-2.14268638998288,2.74077576526238,-1.55870562881844,0.5299285168117,2.94762336516273,1.86183008924241,-0.776681954356833,-1.26224428536192,-1.97398999915324,-3.28855156350154,426.29,"2","2",NA
"154",3.74524036486507,-0.285692130184854,-0.592505102897414,-2.22037671702035,2.75613887811144,-1.56032948488675,0.500979908469669,2.93998753535226,1.87107995833746,-0.70570959500347,-1.21735371687122,-1.97642784929628,-3.25503204897554,426.79,"2","2",NA
"155",3.7415855209744,-0.211402974446553,-0.547676744223482,-2.31966422919964,2.75843558712093,-1.52279219067633,0.545305323808092,2.93509288922997,1.87156787339507,-0.79214343923343,-1.18493969158616,-2.08332921313107,-3.1900387120318,427.29,"2","1",NA
"156",3.72510905326519,-0.120840625260312,-0.559436252350574,-2.2028971419963,2.72934001325964,-1.57659837357727,0.496493940423909,2.90248516623588,1.85411684434867,-0.715554829659868,-1.24591557174346,-1.8842778342568,-3.40202438868871,427.79,"2","1",NA
"157",3.7040543491375,-0.240669605480879,-0.590167033244544,-2.20211750981453,2.70850714664159,-1.51211993815748,0.499985120362686,2.89796255635364,1.84258747098165,-0.769088747808629,-1.25765590097368,-1.96913927932223,-3.11213862867509,428.29,"2","1",NA
"158",3.68613336974824,-0.428456434921421,-0.568793081264244,-2.00795689676663,2.7080561812876,-1.46706686097225,0.525693333520703,2.90872508575363,1.84650538698504,-0.780992906772575,-1.20414414831916,-2.10819482529882,-3.10950820298013,428.79,"2","1",NA
"159",3.63408987242843,-0.309343376699975,-0.623360514783353,-1.84059422856677,2.68937451150842,-1.51965145336248,0.525430003157896,2.87055606655034,1.80182622172943,-0.776541305190139,-1.33646559227964,-2.02315419280017,-3.09216601169199,429.29,"2","1",NA
"160",3.68608923506318,-0.315756578312842,-0.622320703711785,-1.8296712556665,2.72312339902972,-1.51372693615339,0.518835587913185,2.90203772989887,1.84629624948754,-0.767643225488319,-1.28775504483048,-2.16526668381418,-3.17424177341499,429.79,"2","1",NA
"161",3.65853884470594,-0.181978163090795,-0.635832997236619,-1.81815755200774,2.68325733595923,-1.55481652056103,0.513757254208144,2.87701258368665,1.82650384703088,-0.753175662511224,-1.25190924051219,-1.96657755712601,-3.39662217254525,430.29,"2","1",NA
"162",3.62100913005998,-0.207148212940624,-0.663906615436339,-1.7649141148304,2.64396242694559,-1.48236417098825,0.52827445076756,2.8413567380295,1.79843411531434,-0.84079577008785,-1.3113706144995,-1.99402451934361,-3.16851284299041,430.79,"2","1",NA
"163",3.6281120350578,-0.277065504455028,-0.699408373239411,-1.74557563681818,2.63849923814518,-1.48121198019509,0.478864456518816,2.81295817253134,1.77204639224529,-0.829058686189527,-1.31884503793068,-1.85420947782098,-3.12510559784953,431.29,"2","1",NA
"164",3.65807708142052,-0.301421639030043,-0.588620799954999,-1.901158374175,2.65466669916769,-1.4688762562895,0.578078831731135,2.87716447838135,1.81193627439745,-0.810185542064844,-1.23445027494768,-2.15275240542152,-3.12245807321458,431.79,"2","1",NA
"165",3.71783536067849,-0.0812288195992815,-0.647100670707528,-2.02227498078334,2.71108554301038,-1.58111950587526,0.515513353680834,2.91318156919735,1.85982612331541,-0.666049030406338,-1.30996038376885,-2.09601845502889,-3.31369010371299,432.29,"2","1",NA
"166",3.75490568604114,-0.139910631736246,-0.575970241953072,-2.04073219720958,2.68866794483176,-1.68090791245444,0.369333923714461,2.87892509394946,1.86736153007867,-0.706943333467624,-1.22046801420278,-2.07014608241588,-3.12411576517587,432.79,"2","1",NA
"167",3.75477025930387,-0.0951879998974814,-0.555706257910132,-2.01133816725338,2.68647719109583,-1.64342981668239,0.380827262126096,2.85868385427596,1.85632636697791,-0.724060129219944,-1.23576448766462,-2.02093056694482,-3.25066750820689,433.29,"2","1",NA
"168",3.8002875319752,-0.15789528824673,-0.59993374681905,-1.92010673878401,2.70150553365162,-1.62633254930017,0.389498943258232,2.8694975565128,1.86612316254566,-0.739407712230375,-1.35078164058147,-1.96344807960712,-3.26900697237457,433.79,"2","1",NA
"169",3.82629307726248,-0.058959337244834,-0.556299260080189,-2.07872579552466,2.70313076835343,-1.52398093782383,0.473651403584504,2.86777603522075,1.91274319326164,-0.721112645651488,-1.23874325671383,-2.2713038524858,-3.33446939215817,434.29,"2","1",NA
"170",3.79791732913863,-0.161469445059998,-0.601096245692998,-2.15557726143188,2.68711284988386,-1.51155011474583,0.487367464137848,2.85815496192273,1.8722214893479,-0.840587148096263,-1.23946244652537,-2.1895698007788,-3.00346163209983,434.79,"2","1",NA
"171",3.81909184512413,-0.067326768532953,-0.626610017530544,-2.23140395877019,2.71261429348381,-1.52769499015914,0.453866214000196,2.85796638708335,1.89510748973199,-0.819146486335989,-1.15162951198817,-2.05651017712429,-3.25832431898219,435.29,"2","1",NA
"172",3.78561123676258,-0.346299051042819,-0.659630418633101,-2.14080121415906,2.71037493402341,-1.58403920320849,0.472401261624204,2.85190030368938,1.89148031871597,-0.742651988478304,-1.32381823411138,-2.00024770009591,-2.91428024508648,435.79,"2","1",NA
"173",3.79222835416304,-0.209728411194745,-0.572706032116583,-2.1204897634572,2.72415437543053,-1.46351767868975,0.517948409429718,2.91047474641852,1.87646996691328,-0.741588347511802,-1.37213581230932,-2.23805618479453,-3.10305362228113,436.29,"2","1",NA
"174",3.73837546742972,-0.151907090284532,-0.6548000033988,-2.09432683440008,2.69713398593178,-1.47235260031304,0.572562561404455,2.91679072820987,1.86260735438341,-0.718863272933085,-1.34813991789015,-2.03513796300975,-3.3119424151298,436.79,"2","1",NA
"175",3.77335154179383,-0.254266964392807,-0.52868917405625,-1.96410306203176,2.70841683220044,-1.50307502747301,0.512312606599455,2.93510673071025,1.89292223555295,-0.770716455552738,-1.23287399426782,-2.25050488850148,-3.31788038058106,437.29,"2","1",NA
"176",3.7076198080277,-0.135213736735099,-0.596927092059899,-2.07460920476922,2.64513490365538,-1.47896759457703,0.477250314024344,2.87481217908174,1.81716226879242,-0.835149184747458,-1.2821003267807,-1.94818032787223,-3.17083200603995,437.79,"2","1",NA
"177",3.69333561036655,-0.101422507960448,-0.661928563709443,-1.90435406584096,2.62987670316271,-1.41683458170836,0.577767295016051,2.89708339368611,1.82132359138552,-0.80967620847769,-1.35526469089253,-2.01715932794837,-3.35274664707915,438.29,"2","1",NA
"178",3.71990056962765,-0.0959932932867558,-0.579817478151124,-1.98159343433978,2.63870404575278,-1.51489923999541,0.480852874535875,2.87157192300295,1.80692535482954,-0.790032136857183,-1.18198502254582,-2.06420919985637,-3.30942496271635,438.79,"2","1",NA
"179",3.72003777305051,-0.220873553661965,-0.612649687204726,-1.88446601099785,2.62790710780475,-1.46694874305091,0.536880154428179,2.87538712265557,1.81594529107134,-0.777591838664749,-1.48604544050737,-1.92883075525127,-3.19875141967149,439.29,"2","1",NA
"180",3.71872765025167,-0.157967223751839,-0.639292183121132,-1.91004546865108,2.62399361038759,-1.54738021520311,0.471965907471791,2.85492829232353,1.78616204192585,-0.707247387191118,-1.28994435083212,-2.09126266310198,-3.11263801050806,439.79,"2","1",NA
"181",3.78183045595361,-0.0281147584305077,-0.523197166735489,-2.00002637230102,2.6807760091899,-1.6080481802472,0.447753509192056,2.89687206283683,1.85492165343682,-0.695598682289524,-1.48025740815371,-2.20192363178588,-3.12498749066588,440.29,"2","1",NA
"182",3.73425921818273,-0.150345188146721,-0.563172148167495,-2.05150257341727,2.6551431365808,-1.46958102796755,0.540040290155539,2.88910126718404,1.8271821477342,-0.797730126960567,-1.36110859027,-2.22335283034393,-3.02893357456376,440.79,"2","1",NA
"183",3.72060242655252,-0.263334602623805,-0.576971344986633,-2.14454144517412,2.66928024459077,-1.46928695230088,0.573664622545209,2.87127647431987,1.83353817590764,-0.775039540581427,-1.26454146692449,-1.80338420429868,-3.37126238702599,441.29,"2","1",NA
"184",3.72808340646338,0.0212515832673318,-0.567946941490129,-2.31338458167662,2.65620467846751,-1.56114422007245,0.558726889947775,2.83368025998728,1.82717013832223,-0.78475276221979,-1.30093264635451,-2.10386093707768,-2.99309486756432,441.79,"2","1",NA
"185",3.72024581042598,-0.162047356110438,-0.546575060264337,-2.13124056969085,2.70299883850501,-1.39344892234118,0.622329792103174,2.89478397434914,1.84650044717283,-0.731080024039236,-1.19772318576749,-2.21150493313389,-3.4132388112087,442.29,"2","1",NA
"186",3.62731067289111,-0.258402529494154,-0.676427832275836,-2.1185257415316,2.65931528483753,-1.46221218837556,0.659160031539356,2.88793418115418,1.81171088737955,-0.793839189801199,-1.25917147254764,-2.00845933483636,-3.06839276893936,442.79,"2","1",NA
"187",3.62571381152417,-0.368108010775591,-0.684919677886814,-1.90435830238834,2.66830028474553,-1.34616853965001,0.696944997141488,2.92120852346017,1.79746691770787,-0.76342887812902,-1.37072737595871,-2.1569203914674,-3.11500335832334,443.29,"2","1",NA
"188",3.62970159878975,-0.265080349275296,-0.668762651759563,-1.81202773833114,2.64166065020611,-1.43986639369714,0.624977080925936,2.9092284758095,1.77634452888943,-0.749711734073647,-1.29647342805362,-1.9982876762148,-3.35170236321553,443.79,"2","1",NA
"189",3.6413987234589,-0.260431283826299,-0.526289302462705,-1.93166882963575,2.6522984022239,-1.45946318506481,0.556064216207091,2.94632174279305,1.79363891811152,-0.75336560093008,-1.4262135770191,-2.09599520862283,-3.13629501523288,444.29,"2","1",NA
"190",3.6331850757394,-0.399167688654021,-0.656405451311206,-1.91723919587568,2.63474398469518,-1.35935485230593,0.653283657973192,2.99425748181148,1.76959865997904,-0.800729808813427,-1.37220613987798,-1.91088593435307,-3.26907978900698,444.79,"2","1",NA
"191",3.62921328265425,-0.27877011658516,-0.642295887301049,-1.90775660510461,2.65610308540865,-1.3529996985868,0.646122352520706,2.97310861068035,1.78576965461962,-0.799933321009482,-1.27140502000751,-2.11241082231796,-3.32474551497102,445.29,"2","1",NA
"192",3.63384776500482,-0.362371871420605,-0.651325511360053,-2.04785104304569,2.67842525625605,-1.34587767985747,0.642068890452252,2.9500558332062,1.80303568486987,-0.845368710623489,-1.35010452658739,-1.91458564324093,-3.18994844365354,445.79,"2","1",NA
"193",3.64974540977808,-0.222739609695077,-0.686822019181051,-1.98235786971134,2.68771988012588,-1.38306207949206,0.638910161406332,2.95409050129848,1.81792881165737,-0.807538508521994,-1.33747013816972,-2.0467636856533,-3.2816408538416,446.29,"2","1",NA
"194",3.62312151857231,-0.1950846802841,-0.638768194427339,-2.2196517100195,2.69396545446671,-1.33901359644182,0.699754345405506,2.95721438310379,1.81625317117806,-0.808904276393428,-1.40165432658008,-1.9254443289328,-3.2617877596473,446.79,"2","1",NA
"195",3.63248722286682,-0.445083749957593,-0.668333283996718,-2.05198144087333,2.70435702973911,-1.35041315791698,0.70663592776612,2.95832962871576,1.83375112926137,-0.776819447232132,-1.39726599655967,-2.01599139743194,-3.1296724643808,447.29,"2","1",NA
"196",3.67630479799936,-0.434361720201647,-0.61037978921701,-2.10863931323953,2.71054046671336,-1.46446303607293,0.611598696728405,2.96110311199709,1.8413833945334,-0.797163711268073,-1.23887624667573,-1.93979504938906,-3.20725160190764,447.79,"2","1",NA
"197",3.65957832063472,-0.236017347698781,-0.571308249274163,-2.02000567220195,2.7000439714938,-1.39003739326354,0.650179687130058,2.96910475236185,1.85142988778641,-0.783969739759693,-1.41086753477844,-2.12294516281843,-3.29518551961186,448.29,"2","1",NA
"198",3.66342955888599,-0.26417536787042,-0.615954025774308,-1.93445589281281,2.71033749118308,-1.4471019388904,0.580591336718801,2.96785560368696,1.83047224147324,-0.775474710988091,-1.31093910429692,-2.15725633209758,-3.24732885921755,448.79,"2","1",NA
"199",3.6579434175461,-0.210341775075666,-0.588421398992884,-2.01238604586012,2.65732029742008,-1.52513414499008,0.518894480429458,2.91205173334181,1.78649706128078,-0.759190925240486,-1.31697214729149,-1.82905642446468,-3.29120412810283,449.29,"2","1",NA
"200",3.68856625778333,-0.15441099530832,-0.565327604477649,-2.03527667836326,2.6795029504097,-1.43384221088585,0.533284684190461,2.94439346338548,1.8001536550983,-0.854639289675122,-1.38633987690085,-1.95792230145379,-3.25814205380244,449.79,"2","1",NA
"201",3.69266802547048,-0.272518141449557,-0.611416624001964,-2.0027889793488,2.68949924460711,-1.48529473127572,0.551587195985324,2.92526017326648,1.84461598662876,-0.752418480918529,-1.25515361350478,-2.06118880513303,-3.26285125032578,450.29,"2","1",NA
"202",3.67973624812691,-0.290910354727222,-0.648957015565935,-2.09074173342508,2.67349476195495,-1.45116081031412,0.602878050849308,2.9225931813877,1.82131264405998,-0.805243158810898,-1.19457368005803,-2.0705547125051,-3.14787342097247,450.79,"2","1",NA
"203",3.71967118151417,-0.293036162897452,-0.596085098860031,-2.27519189028117,2.72140594413949,-1.41580066965481,0.620799349083681,2.90478905785741,1.83698318985023,-0.745605316273064,-1.21726869693716,-2.07156775278335,-3.18909313475795,451.29,"2","1",NA
"204",3.67154642987483,-0.14270420305168,-0.586348765967718,-2.1902898710243,2.6767269397289,-1.41009670720753,0.643656055907586,2.90801042545696,1.81680166616736,-0.813173713675263,-1.30161962181187,-2.06185867160462,-3.21064996279266,451.79,"2","1",NA
"205",3.72387495930201,-0.204222501744539,-0.664580747016069,-2.29833305721001,2.73883345567661,-1.44029572970405,0.61065207505413,2.936272319914,1.84626178148531,-0.768744072776329,-1.25551212817032,-1.95276609068292,-3.27144026412783,452.29,"2","1",NA
"206",3.75839116544992,-0.258455985546446,-0.609629586275879,-2.23665240348542,2.74140696751575,-1.40589718380719,0.626694945515179,2.9558322952904,1.87244430887121,-0.784201433279527,-1.2190429263596,-1.9867914638325,-3.45409870005589,452.79,"2","2",NA
"207",3.72442702227725,-0.093476418675052,-0.627515761706778,-2.5333119416316,2.70227936284626,-1.45575306216132,0.578546012017499,2.91393301008011,1.8477827685509,-0.764243883605611,-1.328017895146,-1.89576895347546,-3.06888025937021,453.29,"2","1",NA
"208",3.7459468000582,-0.249724975832803,-0.608605070757589,-2.39627818802597,2.71762394214812,-1.43099467826474,0.60914105750052,2.92782615834293,1.83072637663218,-0.83054763444885,-1.28638228175584,-1.9477807640012,-3.08095074159495,453.79,"2","1",NA
"209",3.71036847660824,-0.110131598595834,-0.613333297251165,-2.36680562756215,2.68213886194734,-1.43940927927549,0.62138559323708,2.93892077241038,1.8071442175089,-0.83590563339946,-1.29842580285087,-1.98496770996037,-3.1109789728166,454.29,"2","1",NA
"210",3.75285001428047,-0.154040403989216,-0.587890530424961,-2.48754353638657,2.72853366152897,-1.39215705696734,0.625112573973824,2.97233487349651,1.84564990782994,-0.745087648127956,-1.25923166375537,-2.095860567793,-3.20266962366529,454.79,"2","1",NA
"211",3.73801137510098,-0.306231040915372,-0.640404866258536,-2.42321274728628,2.73876740874994,-1.39897100133924,0.663060880944888,2.96658079613114,1.85228342961912,-0.746679857273308,-1.32043772791456,-1.98455421327493,-3.13821243628385,455.29,"2","1",NA
"212",3.72288329125612,-0.209160613771044,-0.587413988563649,-2.53730460243668,2.69868499542831,-1.37796816470647,0.66312807671273,2.9563520137565,1.83719056924825,-0.751059463194541,-1.25172841903186,-1.89960037752982,-3.26400331716785,455.79,"2","1",NA
"213",3.70517344229003,-0.215926215404703,-0.571190488518498,-2.41620534945644,2.72658465585881,-1.34287321746141,0.684253979249735,2.98529560549039,1.84853544146931,-0.780893616240937,-1.327554404918,-2.11512228334682,-3.18007754901146,456.29,"2","1",NA
"214",3.63712561657444,-0.325260914370811,-0.635391182978457,-2.29061840324082,2.68919501311552,-1.38974110693834,0.663151745613865,2.96335654088191,1.81911218627916,-0.707466821869143,-1.17790783556289,-1.87264711962743,-3.372907717877,456.79,"2","1",NA
"215",3.61168486346779,-0.275052318111937,-0.613918269775274,-2.18122213851774,2.69475558793135,-1.39467378286939,0.5740630164871,2.93745189976023,1.80398308601165,-0.765428383533748,-1.15291477050796,-2.00167248516903,-3.23705630517304,457.29,"2","1",NA
"216",3.64044655413206,-0.220006664981761,-0.575790305793219,-2.36201795301929,2.73107977143198,-1.44954593747296,0.622264872584853,3.00154136072475,1.79418161819605,-0.738042295751214,-1.21957916081062,-1.95421522487853,-3.2703166343621,457.79,"2","1",NA
"217",3.63422884836907,-0.350701650577359,-0.625994377732646,-2.18801877134713,2.75123787929511,-1.35096885574599,0.69847271560505,3.04332945999552,1.7995196326542,-0.762663301255922,-1.31151322726478,-2.10676390364766,-3.23016444834746,458.29,"2","1",NA
"218",3.64086634651028,-0.298859684523695,-0.661450711533861,-2.10596206297102,2.72295526571825,-1.38185265680711,0.629130087859336,3.03627141458542,1.78963750492304,-0.679789548835581,-1.21644157216147,-1.98538767867737,-3.48911670408624,458.79,"2","1",NA
"219",3.62944190997997,-0.327958260903691,-0.616353600147481,-2.1587031768447,2.70071476422443,-1.42831002950462,0.619188391198116,3.04458837313368,1.78359903654978,-0.644942484042866,-1.29673917539924,-2.21355840195671,-3.09096734628666,459.29,"2","1",NA
"220",3.68081650400028,-0.259619065838189,-0.571586807129344,-2.26524647214009,2.75176134275958,-1.40979528489009,0.629625385999284,3.06883715024938,1.82303069161874,-0.697148039260581,-1.4261689621941,-1.98331154194388,-3.34119490123099,459.79,"2","1",NA
"221",3.6921665649293,-0.318960449283151,-0.612985509901997,-2.02524592359638,2.7521756626597,-1.33689314646694,0.626087267336697,3.05896985501586,1.82538689846802,-0.723357466502057,-1.3935515222501,-2.28797817334861,-3.25581405706033,460.29,"2","1",NA
"222",3.6956622469721,-0.316678874334222,-0.619506002414894,-2.0845871277401,2.7579467014258,-1.34401972231822,0.677702037950156,3.07491462397037,1.81404435689129,-0.743795798540884,-1.29591788052261,-2.25164121240326,-3.36412334893552,460.79,"1","1",NA
"223",3.67994736507198,-0.419685466710253,-0.64510400834165,-2.16117474676405,2.71265452365585,-1.28186412823129,0.702460622276096,3.058392296503,1.80084168103127,-0.716642058092352,-1.28489596481341,-2.06837249775717,-3.37655761782802,461.29,"2","1",NA
"224",3.68832361148998,-0.413241709007976,-0.639973759669653,-2.19891955281581,2.72082668196964,-1.2675151831316,0.776730866644571,3.06315236551682,1.84367149098544,-0.732777739319301,-1.32408553462,-2.05643931908532,-3.45975221895679,461.79,"1","1",NA
"225",3.66108029133005,-0.354663191297115,-0.651950294989561,-2.11917728107942,2.74842839191101,-1.3262406299111,0.751060004342591,2.9773902757361,1.88868887096745,-0.863992204166626,-1.36540547870304,-1.96436544420328,-3.38085330993707,462.29,"2","1",NA
"226",3.6468229343283,-0.388358755149098,-0.603530851387789,-2.28093546795353,2.7317124514676,-1.35299129028914,0.758559526887191,2.9522229163905,1.8990993914462,-0.844848480009157,-1.25610247436141,-2.07851804715644,-3.18313185421324,462.79,"2","2",NA
"227",3.66899309439649,-0.324014123636284,-0.628418549926957,-2.28517554635881,2.78814903905531,-1.33485854342742,0.775957248079315,2.97068632041376,1.92989267047632,-0.86011930943585,-1.27348959705113,-2.13921008499137,-3.28839261759339,463.29,"1","2",NA
"228",3.66777254145589,-0.345991226180497,-0.645990143897565,-2.46229958253766,2.79925938774236,-1.30065758585684,0.753413350922033,2.94714617293343,1.89326993141397,-0.871454503180176,-1.27524541032805,-2.19120163810141,-2.96802129438547,463.79,"1","2",NA
"229",3.7012790294977,-0.238139825601885,-0.637661647417886,-2.54724904467287,2.81097111460821,-1.28260883869691,0.781877139240461,3.0002221686216,1.92986735984191,-0.802009591079712,-1.23319959042631,-2.23443099894955,-3.24891727496475,464.29,"1","2",NA
"230",3.70780708119469,-0.427317650682315,-0.675980107077873,-2.49262773874118,2.79978448329634,-1.29936500396861,0.823160646954071,3.01540551495907,1.94073586061526,-0.848296021754507,-1.26153462819605,-2.15060718501475,-3.13116525158414,464.79,"1","2",NA
"231",3.66912590934042,-0.348035742791745,-0.678067027252722,-2.4643828248996,2.75902026439617,-1.32325616351651,0.770562966452639,2.96784927555486,1.90040873040963,-0.762699338885502,-1.23722804233934,-2.05927970774562,-3.19401829872268,465.29,"1","1",NA
"232",3.696255236639,-0.299347183416019,-0.568901105249701,-2.59644651920714,2.79999916672949,-1.33788433184942,0.746738918768319,2.99266829098815,1.89796267449334,-0.773786887990346,-1.17914920532903,-2.00358370127316,-3.37452535330347,465.79,"1","2",NA
"233",3.67034277553295,-0.324103267457076,-0.590425591990621,-2.45796835626382,2.76481490292303,-1.41009829832147,0.657543273646104,2.98162659655675,1.87394749721425,-0.782097726482441,-1.21125989667716,-2.05214217214524,-3.12017973653526,466.29,"2","1",NA
"234",3.68257611892574,-0.207780849213462,-0.589230690629347,-2.56981052100252,2.78842360866242,-1.34862725673049,0.700065156670451,3.01885650596289,1.88564493454151,-0.826474535013311,-1.23816083662846,-1.94038719758397,-3.35509443796145,466.79,"1","2",NA
"235",3.70621112943218,-0.283238417235712,-0.594606201964761,-2.26350999380834,2.79786155516648,-1.37842799862632,0.704708303544878,3.03599801598853,1.89439515062334,-0.762811497497598,-1.26580462762032,-2.17381898423876,-3.41695643376361,467.29,"1","2",NA
"236",3.67990024135538,-0.261022774858501,-0.686766414474829,-2.28091183883047,2.76828961009222,-1.34264220023754,0.715136554580736,3.0152125195927,1.87402546202803,-0.794759880249986,-1.16173557116461,-2.30283052453812,-3.221895183295,467.79,"1","1",NA
"237",3.7207351598175,-0.349981600934203,-0.568262151407804,-2.41065418285385,2.79703259126743,-1.34030584202597,0.725595070627098,3.0559984985134,1.90290294265713,-0.738715655021097,-1.20342934314153,-2.1808013757694,-3.4101141117287,468.29,"1","2",NA
"238",3.71061644891763,-0.292581164318254,-0.584337086183055,-2.39553486269281,2.76801856586882,-1.43502098670747,0.627579333151843,3.01245704455988,1.87955272403019,-0.705520534025892,-1.24501607826889,-1.99252632714835,-3.34768707718363,468.79,"2","1",NA
"239",3.7070497953921,-0.331517458625116,-0.628768982093048,-2.29810503610822,2.77822551725343,-1.36654683210327,0.699429979999561,3.02084789752632,1.88199312181933,-0.80303718673426,-1.25581357014306,-2.27093708883577,-3.13282015734799,469.29,"1","1",NA
"240",3.71177272439993,-0.290697986193634,-0.648717895467351,-2.37310822963429,2.78663624948347,-1.38020122477084,0.685302641020564,3.01786938588709,1.8712419287599,-0.805052620335839,-1.17890376651788,-2.0942550901501,-3.30188611648101,469.79,"1","2",NA
"241",3.72265541758571,-0.152602622081258,-0.617302629744188,-2.2805189202635,2.75687590457064,-1.42086361585397,0.665462462870684,3.01257194528834,1.8726864147859,-0.812291491738909,-1.25516592339605,-2.21905987568011,-3.27244706634328,470.29,"2","1",NA
"242",3.74536298898877,-0.383305873263533,-0.650239128646931,-2.33761821574456,2.79421886926754,-1.3273142009593,0.689589042496771,3.03731125877562,1.90498246898222,-0.751672007951624,-1.32954137337212,-2.16845137158036,-3.22332245699249,470.79,"1","1",NA
"243",3.69613507024826,-0.453717952188156,-0.660906521304437,-2.25905095527703,2.72192725486168,-1.37795340732751,0.678563022696265,2.97818714066293,1.87046687885538,-0.805964597960032,-1.32930392970867,-1.89235508768204,-3.16602691587664,471.29,"2","1",NA
"244",3.73032977968245,-0.279504123324675,-0.626930885810336,-2.24924178899254,2.72822790203292,-1.35471911826454,0.715353795775663,3.00171709789056,1.89636641389278,-0.776886928614742,-1.31737949497461,-2.11856574637492,-3.34876690291801,471.79,"2","2",NA
"245",3.7547427059246,-0.370595171238964,-0.626716621359416,-2.44693855525123,2.76859613285694,-1.31731602984056,0.747432490903269,3.02437221897047,1.92987202474035,-0.867414963816036,-1.23568076493844,-2.2303405639281,-3.13001290302288,472.29,"1","2",NA
"246",3.71893574445577,-0.390054613851063,-0.647470414612458,-2.36603906246952,2.7245165889499,-1.27674774674447,0.777418864001144,2.99699697797369,1.88865674022358,-0.842709266192248,-1.27507690257965,-2.08308984229485,-3.22533706685983,472.79,"1","2",NA
"247",3.76431455650395,-0.249257690795767,-0.608448359331746,-2.36555089475076,2.75973427316985,-1.30592298984727,0.793864906223027,3.02508136539171,1.90354113753919,-0.819164948167518,-1.2905022073064,-2.44698490699655,-3.16070424163171,473.29,"1","1",NA
"248",3.72546249543042,-0.190490328360444,-0.644889107662955,-2.42442700133199,2.7160951457198,-1.35004298148866,0.705225121006092,2.98030498748765,1.86667825451939,-0.83359628952224,-1.30041652205827,-2.03444375060573,-3.21546002313306,473.79,"2","1",NA
"249",3.73615121072353,-0.297870332381815,-0.634342569003028,-2.5029908798076,2.7251988864792,-1.4340543592856,0.658899890806016,2.9730713094433,1.86731529100022,-0.806249235462913,-1.14396554680326,-1.83771386955143,-3.30344979615663,474.29,"2","2",NA
"250",3.75293672666454,-0.32184726041236,-0.66676603500864,-2.39201598429125,2.74123515555359,-1.33394736507257,0.694171973940865,2.9971039111379,1.87093128434665,-0.842794021917004,-1.19694342943558,-2.11947967764747,-3.18258527785867,474.79,"2","1",NA
"251",3.80043618380833,-0.364415959817584,-0.56793334957729,-2.56298012208286,2.80142868118886,-1.3366059568645,0.746123527907421,3.03674175622573,1.93404043738815,-0.85434002785054,-1.27042211286027,-1.94641871795901,-3.41565433950644,475.29,"1","2",NA
"252",3.75249556594283,-0.30769249006151,-0.647814944987411,-2.47295799517369,2.74053202881802,-1.33929406844666,0.754990472572086,3.00214684780392,1.90341401708216,-0.779678280511237,-1.26164739135635,-2.23541913072622,-3.10907463095594,475.79,"1","1",NA
"253",3.75284285741876,-0.348095727116714,-0.681249677496688,-2.48544117066506,2.75131399553162,-1.30909831408179,0.752376520805587,3.0102778545128,1.9157850702362,-0.855431104155752,-1.31230858971204,-2.17605636176779,-3.01491535350912,476.29,"1","2",NA
"254",3.78481630318576,-0.416253402078918,-0.58572733063312,-2.40838149759299,2.78786757778331,-1.36166496565246,0.765418187802154,3.04268547281191,1.92966894851041,-0.821794041740425,-1.21140988872603,-2.1744437011479,-3.33078166252169,476.79,"1","2",NA
"255",3.74373845424824,-0.438494271461593,-0.654442468692112,-2.53477608064317,2.79035124812695,-1.38953251069332,0.731525102667395,3.01401420694708,1.90137414168248,-0.800967332711791,-1.20125778502994,-2.02591076135203,-3.13562194308819,477.29,"1","2",NA
"256",3.74262152144472,-0.300489621251388,-0.653533166481873,-2.34004423395995,2.77059923515864,-1.33923429625774,0.708458547107516,3.00783662699124,1.89464707452538,-0.832050310048972,-1.1941324885226,-2.2420772801134,-3.22260160859158,477.79,"1","1",NA
"257",3.71744993483232,-0.31998536977399,-0.655545613627933,-2.33189496060655,2.74999964051814,-1.34016047411256,0.704893198241772,3.00738941918579,1.86894981844439,-0.808087136093709,-1.23588514575602,-2.12249058517564,-3.234632726076,478.29,"2","1",NA
"258",3.74024440766533,-0.460047384813118,-0.668663019260458,-2.25963198027643,2.78617536634425,-1.33854684497177,0.740250633567618,3.04993883358601,1.92563011131196,-0.805670333202105,-1.18723842191344,-2.10812540563851,-3.41431596239934,478.79,"1","2",NA
"259",3.71341527800001,-0.363615749367291,-0.658155406766473,-2.28154361885759,2.76265038729306,-1.42937251866474,0.628453559199283,3.03173064955817,1.85218752739953,-0.79926714778883,-1.23089004713101,-1.95889771257126,-3.26669520030287,479.29,"2","2",NA
"260",3.67759141630807,-0.402323273334715,-0.681665013870277,-2.09831583747076,2.73295243500043,-1.38445618608969,0.633250702150567,2.99666153769975,1.82966740316268,-0.780932811696882,-1.33891927136962,-2.04424861620049,-3.13926248428906,479.79,"2","1",NA
"261",3.70965134285916,-0.369868784681673,-0.615669264320422,-2.05290780228965,2.75601922121246,-1.49837228253622,0.606955826030093,3.00797571199241,1.85528902472004,-0.754517154423429,-1.23570797305973,-2.19021991775408,-3.21862794774894,480.29,"2","1",NA
"262",3.67410855079459,-0.318585566593845,-0.652402166089251,-2.0383395755723,2.75726218503229,-1.39045559565819,0.635882910011831,3.03259614957565,1.83104560737004,-0.770095951890606,-1.31877775835776,-2.22969539471563,-3.21254339390681,480.79,"2","1",NA
"263",3.620892473194,-0.531892438192367,-0.613007074988762,-1.89673332558255,2.7262398441145,-1.39700605343106,0.661476011044246,3.04831660895072,1.77656139751468,-0.747090562587641,-1.30029208316258,-2.14536574334459,-3.20209905352858,481.29,"2","1",NA
"264",3.64683081726353,-0.275264775586525,-0.649914202224117,-2.0283158625451,2.74349925060734,-1.39529115875845,0.630951162483459,3.04008278182525,1.77803599586449,-0.751778654712281,-1.23960442100052,-2.18620050237001,-3.31303043084707,481.79,"2","1",NA
"265",3.6612431541616,-0.397374171811512,-0.634406835286389,-1.90899720682628,2.78486056154081,-1.36713843149499,0.658978307566715,3.08173314079315,1.79263670980917,-0.708407228503963,-1.26750545461448,-2.25881640562046,-3.43680613971337,482.29,"1","1",NA
"266",3.647116007595,-0.506545936641322,-0.702207421056677,-1.91099017937291,2.75927801429174,-1.4140361525622,0.660727799566522,3.07507094638096,1.79312946997753,-0.756170786146897,-1.2979900742787,-2.0519739072731,-3.29540778047995,482.79,"2","1",NA
"267",3.66484188830748,-0.375605674536868,-0.694920332301926,-1.86834104844834,2.77427535042537,-1.41613754833274,0.685832042343334,3.08817519342706,1.80322726662788,-0.792201615632288,-1.32734454704898,-2.18013532138161,-3.36166565344835,483.29,"2","1",NA
"268",3.63259495625049,-0.38268355578549,-0.710135792439189,-1.77495680935894,2.76392777230547,-1.37734047504285,0.652822781923436,3.02328451834839,1.82599982325674,-0.836524951607576,-1.41753587508349,-2.16981736421831,-3.22963502854867,483.79,"2","1",NA
"269",3.64257212855297,-0.329306950740711,-0.715244588933298,-1.98677687719421,2.74979378541386,-1.38305536740886,0.716798250532232,3.02288977816171,1.84576360845345,-0.786524512982173,-1.22662819653223,-2.15304756972957,-3.39723348759318,484.29,"2","1",NA
"270",3.67172811269185,-0.231907352523693,-0.647828658294986,-1.77698609993226,2.72152726468723,-1.47125048895918,0.620603378052043,2.98137177833632,1.84245495585187,-0.758276394226468,-1.31028106651179,-2.37400810471775,-3.2671473244532,484.79,"2","1",NA
"271",3.63710920944455,-0.227116555114572,-0.668426936864325,-1.88422839625279,2.71752040710022,-1.44561554839431,0.603602457234943,2.95841376313679,1.80400349928843,-0.845316372533576,-1.27932639913141,-2.14234767603208,-3.22827145188187,485.29,"2","1",NA
"272",3.62278935958742,-0.38557907230038,-0.574311344631975,-1.92290186812645,2.7279211299147,-1.36609113111863,0.718907611932217,2.98234479831378,1.85908593003987,-0.8234465867846,-1.37045001924064,-2.14826166223476,-3.32000714535055,485.79,"2","1",NA
"273",3.63910793718609,-0.520594633085296,-0.732732570562904,-1.75139047127491,2.74038489049409,-1.38501183343205,0.741214784602963,2.99110094913294,1.87665319007893,-0.861845332317668,-1.22949754086924,-2.14814954892907,-3.35923982102387,486.29,"2","2",NA
"274",3.65465661536043,-0.380389282282602,-0.667222628888872,-1.75960325846956,2.72436751957143,-1.33306255468622,0.718535778667497,2.96937132031345,1.86451045664651,-0.836308359151831,-1.36628115671187,-2.14608045433303,-3.44249399603534,486.79,"2","1",NA
"275",3.66146715816747,-0.340849592625032,-0.638287008794275,-1.92306384553551,2.71596354296004,-1.4005493775192,0.7093412798513,2.98119281303456,1.87146537695311,-0.827964320062141,-1.32801538260543,-2.10217274665635,-3.37852789716854,487.29,"2","1",NA
"276",3.65624166033901,-0.409441823555217,-0.68275436254933,-1.94930451852761,2.71790105837993,-1.32090486736183,0.731416368098816,2.989022966571,1.87503432735963,-0.852993726847783,-1.29124865777894,-2.12799630727099,-3.3349721168567,487.79,"2","1",NA
"277",3.66509050387819,-0.396255926574039,-0.688416048584833,-1.83415795412592,2.72360651974064,-1.33910730537244,0.74830916616195,3.00989268116328,1.87810444403742,-0.854727107159444,-1.37872332663264,-2.25030032017492,-3.28331532635722,488.29,"2","1",NA
"278",3.67590699140238,-0.459403144775549,-0.708156752194781,-1.89894202041425,2.74785560486712,-1.35246157515644,0.742430621301638,3.02244162692316,1.8744956338376,-0.784825545210177,-1.29696695863969,-2.36894564965999,-3.19342883228102,488.79,"2","1",NA
"279",3.68042147749954,-0.331219983621783,-0.657106061818545,-2.03385465485518,2.73125019536853,-1.38128026224394,0.683953087657029,2.99499516453735,1.8582815536544,-0.872288491916888,-1.38495133831981,-2.09105446542065,-3.19714622052006,489.29,"2","1",NA
"280",3.69818855812041,-0.417747681678754,-0.645646893728624,-1.98639192459366,2.70341428377171,-1.36620293033902,0.703640595017229,2.9782955251308,1.85444098318963,-0.863379992357186,-1.40004144422352,-2.01396086563865,-3.24460821267034,489.79,"2","1",NA
"281",3.63513951585158,-0.186825571193722,-0.740837601486481,-1.94039071546574,2.67540603783813,-1.31236193428519,0.738586693637198,2.99706371281275,1.84916282428866,-0.870765963670886,-1.52339810218651,-2.12544893275608,-3.19532996338371,490.29,"2","1",NA
"282",3.65543942233719,-0.441957489155564,-0.687606179900793,-1.92036202734911,2.70191342206906,-1.28238313549562,0.755657735935749,3.00785891686132,1.86816035014434,-0.792159918588679,-1.36394624214436,-2.14350557866332,-3.35710927605022,490.79,"2","1",NA
"283",3.65223979640723,-0.327546807911647,-0.740293885826731,-2.1546229490646,2.68514493828282,-1.32086167439493,0.75148491082265,2.98652677289065,1.89332857358779,-0.815913596253342,-1.37475855242316,-2.01844799490643,-3.21627953121028,491.29,"2","1",NA
"284",3.63828702986417,-0.25804605466476,-0.752108582918189,-1.95641444303405,2.67081575173401,-1.37635613643155,0.682595298126161,2.97994613855222,1.87873759048609,-0.822672546637182,-1.28481691793369,-1.97321026950709,-3.42675685763615,491.79,"2","1",NA
"285",3.65710990780691,-0.375601305350014,-0.672318495282548,-1.82539137840098,2.67102618012922,-1.27311371136859,0.701463715755693,2.98400738812529,1.86263952718331,-0.788446520755801,-1.36455848173147,-2.13968471330263,-3.43713211280841,492.29,"2","1",NA
"286",3.67674931657548,-0.267992461194264,-0.718692780946744,-1.80053511980189,2.67540518572118,-1.3834419736986,0.680297085729251,2.9469775814329,1.86351842062257,-0.783764182688299,-1.42474577983984,-2.06795600711385,-3.39581928479789,492.79,"2","1",NA
"287",3.63847705777631,-0.199829015922063,-0.657629823304888,-1.67978900239425,2.62344394071072,-1.38747672793328,0.6744434991257,2.91128622285586,1.82190118013846,-0.884780337114686,-1.4738915055217,-2.06112166526178,-3.32503382315441,493.29,"2","1",NA
"288",3.65526521038908,-0.21991982647947,-0.688861418823497,-1.82912676535902,2.66195879146989,-1.41180002975151,0.673898049542626,2.92576165889038,1.81745912991319,-0.829565285194089,-1.3324890758316,-2.26329076839875,-3.15928967036721,493.79,"2","1",NA
"289",3.66870973308877,-0.347667473132058,-0.662609885510425,-1.86140803404634,2.69006436388889,-1.39287175649456,0.698747537100371,2.94768641311695,1.8599868698077,-0.894234649271064,-1.48309212139637,-1.94644854721321,-3.27686244993865,494.29,"2","1",NA
"290",3.67383300853749,-0.276313210083696,-0.630823196937472,-1.9555171292747,2.67813388984216,-1.34583380238676,0.71344349761613,2.96873023210658,1.850935166065,-0.867681490068346,-1.40913936220641,-2.07669494970164,-3.32307265350834,494.79,"2","1",NA
"291",3.69263133065558,-0.378627275995557,-0.684297097931594,-2.13497689763605,2.70644125612222,-1.29622009138701,0.720331948796419,2.98957900472689,1.87917004246057,-0.83029643516119,-1.27367485306595,-2.33539643147437,-3.05466450010995,495.29,"2","1",NA
"292",3.76231945199157,-0.322300204299538,-0.681000883259699,-2.12566930260543,2.78052508117492,-1.27111846391321,0.7907664020417,3.0561858117186,1.93466388420797,-0.759886418682575,-1.31650993863158,-2.28035090891185,-3.56762451083088,495.79,"1","2",NA
"293",3.72514513514367,-0.418670227823008,-0.704923498151229,-2.10382462616103,2.73719019930129,-1.32868486061079,0.753031506609556,3.01233982608852,1.92027361408798,-0.842357643474841,-1.36295394819946,-2.07876804632369,-3.30779743048697,496.29,"2","1",NA
"294",3.7414824916674,-0.448980408041292,-0.717771328660657,-2.16744751595137,2.75518364702058,-1.29390319605988,0.744003432359539,3.02321287883327,1.89171906512975,-0.85394628281883,-1.28234619108651,-2.08869074581152,-3.30251584658047,496.79,"1","1",NA
"295",3.73896536808229,-0.232036099319254,-0.624757852580068,-2.12294347236008,2.75070171403377,-1.3426905083908,0.711424349867078,3.0141514404119,1.89203686126791,-0.791167508460997,-1.30199313222699,-2.40861347169844,-3.28307768862633,497.29,"1","1",NA
"296",3.74444044910976,-0.334807718948548,-0.626148280187606,-2.17859826723158,2.72312156265427,-1.36605904020955,0.719570887980383,3.00156008719268,1.90405720162106,-0.784284616945068,-1.28313484204764,-2.20057717395035,-3.31914024903781,497.79,"2","2",NA
"297",3.74766170752458,-0.531570582021863,-0.699005052852013,-2.21145223865909,2.72415132405533,-1.31820128821485,0.7380489376584,3.00791907552695,1.90196665829254,-0.831202710953474,-1.29134502492693,-2.00829088188449,-3.22867992354509,498.29,"2","1",NA
"298",3.76824765019365,-0.338460390588677,-0.636144494855276,-2.28011439083175,2.73526638240296,-1.30266923580427,0.747404587071338,3.00587048544871,1.91956365965591,-0.870666724737145,-1.29726016244025,-2.24558240728938,-3.20545495822582,498.79,"1","2",NA
"299",3.80835372631666,-0.473385574311851,-0.64881118335609,-2.39196295351877,2.77576223904699,-1.3183387677398,0.803491608749501,3.03108809495026,1.9390859069326,-0.846243599561035,-1.29683256251884,-2.10323867148854,-3.27896826350109,499.29,"1","2",NA
"300",3.79280741406559,-0.466622921770445,-0.681117448098059,-2.40403253496261,2.73878535619438,-1.33424473747383,0.771983531017418,3.01178600724119,1.90237571190618,-0.874637330202043,-1.27169195980161,-2.01041838465407,-3.17497270346207,499.79,"1","1",NA
"301",3.78647394200705,-0.370264689457218,-0.667996640724004,-2.43128058713381,2.74557360615032,-1.31226660597192,0.777523364313991,3.01834760978791,1.94153531518473,-0.868322077899066,-1.28920586972111,-2.14413170584368,-3.18598566069319,500.29,"1","2",NA
"302",3.81700270932904,-0.392942981689569,-0.639964455930081,-2.32824675354561,2.75607298419222,-1.33366519310532,0.759888192767193,3.02520407937225,1.97549461029348,-0.814678059384252,-1.28292576192772,-2.32426268453073,-3.21697668584089,500.79,"1","2",NA
"303",3.76742241155655,-0.288526989507566,-0.672098112980994,-2.35319721386709,2.7293661423787,-1.34596020455861,0.765107303877466,2.99370548276527,1.92704672649685,-0.864332148751242,-1.38120454265586,-2.16324760742623,-3.11408124732726,501.29,"2","2",NA
"304",3.7621236975367,-0.484025196993901,-0.671998643880809,-2.34597507745248,2.74699892901402,-1.33830344391389,0.767627373930403,3.00928771729271,1.9209074996326,-0.837116102341848,-1.17003870534983,-2.05976467561216,-3.29972337186154,501.79,"1","2",NA
"305",3.73081936299695,-0.235141801786721,-0.623538106616626,-2.40982373391838,2.71591159573484,-1.35872300037197,0.719017632254496,2.97128509817459,1.88105625226256,-0.852487501569704,-1.27502659304437,-1.91968137074222,-3.34366783337344,502.29,"2","1",NA
"306",3.76131946600577,-0.385474452385001,-0.674317992132674,-2.29365975081796,2.7396461886454,-1.32916028914458,0.743232488306652,3.00807898620837,1.93549472909007,-0.81654671568004,-1.32487456829908,-2.23707531492171,-3.12666277487525,502.79,"1","2",NA
"307",3.72957412321158,-0.331931529753006,-0.660917928629129,-2.19747016633725,2.69646518735151,-1.35460530907616,0.747585227079073,2.97354620883288,1.88452509496304,-0.882262918307424,-1.3023218710369,-2.01027903470334,-3.29190708359488,503.29,"2","1",NA
"308",3.75008865974036,-0.25583522253132,-0.683465996159811,-2.41155115769472,2.71358883615642,-1.35591003431204,0.707951565584135,2.96927614462028,1.90480066381857,-0.845962952223466,-1.22123586278227,-2.02127263847226,-3.25047200574387,503.79,"2","1",NA
"309",3.78676555382171,-0.411838155087008,-0.692796039068839,-2.41478593774177,2.74655934116482,-1.33519397375269,0.741150087352556,2.9978204447736,1.92032852366812,-0.760499366085402,-1.31544927381562,-1.97093658662529,-3.29112461860421,504.29,"1","1",NA
"310",3.76271772157122,-0.330643105362121,-0.694178520332162,-2.42490962640191,2.72137626997055,-1.35838175219775,0.706692530500508,2.97445541666236,1.92388799680591,-0.847185689457341,-1.31275472163521,-2.0147908496124,-3.10628567051165,504.79,"2","1",NA
"311",3.77620713756884,-0.249892789541159,-0.657424596365209,-2.24491222274834,2.73121225502311,-1.30444508841524,0.703006870133948,2.99730683130952,1.951272406187,-0.786318594770745,-1.3724378444209,-2.13936773137479,-3.40420663258603,505.29,"1","2",NA
"312",3.74744520509705,-0.327389186723749,-0.759091101894766,-2.19624388024815,2.72589909891377,-1.31355489492076,0.72002160671444,2.97458096578461,1.91962107149148,-0.844001007081301,-1.28974001432741,-2.11767382830632,-3.2398740344989,505.79,"2","1",NA
"313",3.72588634405724,-0.314666053877179,-0.668143209230354,-2.0213827798638,2.71126637958249,-1.37331157136652,0.721320135807295,2.97337569686206,1.90972004834767,-0.809708494350833,-1.3329431944544,-2.20746863819266,-3.31394466332099,506.29,"2","1",NA
"314",3.70198338345248,-0.322900181928878,-0.693088717683103,-2.14810491085205,2.72116037355382,-1.33844017433095,0.691116175490724,2.9680908789047,1.90128764051286,-0.809473300890053,-1.28490626608996,-1.91686414930522,-3.46986075083437,506.79,"2","1",NA
"315",3.68467175484818,-0.415671710946514,-0.739777802121711,-2.11118743876518,2.74414825239548,-1.33524980374583,0.706769692535441,2.96965167467939,1.89443355054741,-0.841243430905645,-1.24955162458116,-2.27288336058081,-3.03410975335904,507.29,"2","1",NA
"316",3.70297257832715,-0.2707650148776,-0.699523150834632,-2.0485696102515,2.73269142811521,-1.39324842178547,0.713665024803535,2.97969701078699,1.91093468178688,-0.845711012168964,-1.23459199226159,-2.14841865718059,-3.39913286445943,507.79,"2","1",NA
"317",3.71373958202394,-0.389539308931927,-0.658467122513422,-2.06356367080287,2.7718718853009,-1.31413183907218,0.77010067222369,2.99614415094438,1.95571682289843,-0.884436865063467,-1.32689874602007,-2.26602533514595,-3.30451022584146,508.29,"1","2",NA
"318",3.668269020444,-0.316973087188088,-0.716321968278816,-2.19518636439216,2.73309074144087,-1.3977243652267,0.731985934883478,2.95284755622408,1.92322522391257,-0.851815214393617,-1.18267373710578,-2.11180475545311,-3.23691898486673,508.79,"2","1",NA
"319",3.67846023308887,-0.419797805333615,-0.65991004839601,-2.18842990543235,2.72862952117433,-1.37009467810936,0.727072654535701,2.94808053589014,1.91707149286246,-0.828300451034403,-1.14792283520962,-2.3527934399849,-3.03206527405123,509.29,"2","1",NA
"320",3.66883222901027,-0.492659190077152,-0.711297369332233,-2.12579526101317,2.74659235637692,-1.35103920174694,0.728718288571302,2.94726032489531,1.89501185994565,-0.90812361232907,-1.21926992411582,-1.99451954531231,-3.18371095487277,509.79,"2","1",NA
"321",3.6625569024794,-0.418416134792747,-0.67430157603599,-2.1629890915859,2.74374172127478,-1.36782029663365,0.694993616695383,2.93366531782383,1.89304517968551,-0.83298206411151,-1.26279428507662,-2.02771025543711,-3.18098903428538,510.29,"2","1",NA
"322",3.68930672760861,-0.272623508437412,-0.68328343342268,-2.1526197872447,2.7430764707301,-1.40054722062128,0.649350524706822,2.95054877291087,1.88593863396099,-0.7362228187169,-1.23361626971231,-2.18892455217514,-3.25038353958697,510.79,"2","1",NA
"323",3.72660152273414,-0.316831711784081,-0.608602213985929,-2.14777773591022,2.72113573320315,-1.42747163685623,0.629517919736699,2.96816123386261,1.91260402452134,-0.78780364344364,-1.22546608979624,-2.09586296505218,-3.3482044372294,511.29,"2","1",NA
"324",3.71237034117588,-0.324939690706384,-0.678890383130537,-2.21766981191341,2.73664658208801,-1.34578000936853,0.688777893741972,3.00456832403011,1.90364543199168,-0.796573403784586,-1.25850885838081,-2.22421494981832,-3.19943146592509,511.79,"2","1",NA
"325",3.71096337610817,-0.185967697441076,-0.6700714901615,-2.23473014133614,2.69616413732961,-1.37719374344291,0.677465967754416,2.98541046909036,1.88133572179172,-0.83618880660628,-1.20139387581448,-2.20301106431335,-3.24278285295853,512.29,"2","1",NA
"326",3.72582950858095,-0.360441172699024,-0.678465995382933,-2.17081992846315,2.6827661612449,-1.41622575761937,0.627228637127968,2.9560587551039,1.87008205548345,-0.731332854217914,-1.25103879164922,-2.01942028200778,-3.23422033550177,512.79,"2","1",NA
"327",3.72510106313448,-0.383335620722896,-0.690488215173539,-2.08330976399006,2.68625125017173,-1.40804102310163,0.639778314476689,2.96884989731947,1.87101088009584,-0.748795394217361,-1.25019968315496,-2.1685018136288,-3.15831989120896,513.29,"2","1",NA
"328",3.75945204285376,-0.412077423140783,-0.655078116974562,-2.0751142521802,2.71188529382826,-1.36448277977464,0.685031579838216,2.99854864458361,1.89259880941462,-0.787471536919944,-1.23000985615128,-2.48557648773492,-3.03770591764214,513.79,"2","1",NA
"329",3.71946267695649,-0.332969138655799,-0.693035585216296,-2.21340943434302,2.66887337932644,-1.38417564896339,0.632645569547117,2.94295834387274,1.98260462959169,-0.895392125066063,-1.33093383492486,-1.97979458316152,-3.11683424896351,514.29,"2","1",NA
"330",3.79765491486871,-0.461702860996426,-0.66344985202294,-2.28422422941356,2.75049864765137,-1.36234527604058,0.704916318062364,3.01268635097323,1.95903996321824,-0.812993912422383,-1.17154071401201,-2.32665782782816,-3.14188152203786,514.79,"1","2",NA
"331",3.79509651884418,-0.42799554613309,-0.696664412108167,-2.30688941627908,2.73698644993913,-1.38981159266811,0.70973528730894,2.99686589372238,1.93599393303711,-0.816022251239617,-1.1763131473531,-2.06270886010107,-3.2982728569695,515.29,"1","2",NA
"332",3.77197966321757,-0.343359630380514,-0.678467796404186,-2.27369419537733,2.72775510409655,-1.40854823200981,0.674105965343135,2.97607897862924,1.89109509492609,-0.810473635719871,-1.24892457889153,-2.26153883299754,-3.01600790443181,515.79,"2","1",NA
"333",3.80406156389339,-0.262901084401182,-0.658342368141948,-2.43913853257273,2.76907644854365,-1.34560140607667,0.731734201480094,3.01720550378741,1.93654501316191,-0.778909788412904,-1.17509101021106,-2.41604281777808,-3.18259572327188,516.29,"1","2",NA
"334",3.76486900327518,-0.248810643270259,-0.64125983501608,-2.25163981063808,2.74807207485718,-1.3865927687466,0.697352504779384,3.00506983022647,1.90599072140585,-0.77419952756148,-1.33177395029701,-2.12354257196493,-3.36353502704964,516.79,"2","2",NA
"335",3.77189928391738,-0.365019935836616,-0.599239930758222,-2.28589967452422,2.78293492528395,-1.34496540620133,0.709933197591299,3.02799988201798,1.93915540398076,-0.72892061952353,-1.30381366628864,-2.11352006498343,-3.49054339467539,517.29,"1","2",NA
"336",3.719787312688,-0.414095503059701,-0.631427250517955,-2.18822619192702,2.72543880798602,-1.38901389818141,0.680523369429314,2.98639919567041,1.91474478536541,-0.803254290775044,-1.25811075829097,-2.0117956683703,-3.33096991001675,517.79,"2","1",NA
"337",3.70185214099672,-0.297551025870728,-0.682349053624906,-2.19718957563822,2.71767514283274,-1.41269261649005,0.661776264520409,2.97852773724591,1.85847441738166,-0.786626870071787,-1.26263192191432,-2.17228489645815,-3.10697974290928,518.29,"2","1",NA
"338",3.67630728057383,-0.250729478653616,-0.695362071232532,-2.19906210951376,2.70639500783032,-1.44459146020633,0.618093707835289,2.943370618629,1.86854154968834,-0.79197523202584,-1.27095689422584,-2.02712249905981,-3.13290841963906,518.79,"2","1",NA
"339",3.694523952682,-0.462981849791902,-0.603980841961431,-2.19928424346063,2.70359650848894,-1.43708571359143,0.641024610852239,2.94691400397351,1.86123438431143,-0.800567362342179,-1.1464403732481,-2.00389060509932,-3.19306247081316,519.29,"2","1",NA
"340",3.69036313435671,-0.309107454219752,-0.693002656753394,-2.12005531609746,2.70202886667664,-1.41542967980544,0.643435617822427,2.92715346995336,1.83867804585366,-0.767566420779857,-1.26821818327684,-2.04788279169313,-3.18039663203692,519.79,"2","1",NA
"341",3.67050036678302,-0.254329649118883,-0.658348102363538,-2.09466215082515,2.67991730538574,-1.42263305205804,0.66352819777673,2.92212943299456,1.86271481348187,-0.849089539052354,-1.28103378794665,-2.05298945442458,-3.18570438063271,520.29,"2","1",NA
"342",3.67342504958807,-0.328838940523953,-0.710899349156856,-2.10827361758153,2.69240291022438,-1.34457106521674,0.685492707994078,2.95097559620531,1.87275893889215,-0.80296715919275,-1.30703314589767,-2.17788099706245,-3.09459092827203,520.79,"2","1",NA
"343",3.70605397181284,-0.334731240906658,-0.678071217960435,-2.15235000275566,2.71738449624413,-1.38394246174161,0.677509229372798,2.9719224212046,1.87175683044598,-0.752553326798133,-1.2627504808671,-1.95624676249535,-3.42398145555541,521.29,"2","1",NA
"344",3.7302290351915,-0.420698222697535,-0.617054119232098,-2.17043660119562,2.74766283220312,-1.36285515202092,0.647406754763659,2.98139093165245,1.87135630653534,-0.708534129470057,-1.2795998336134,-2.19734405411554,-3.22152374800088,521.79,"2","1",NA
"345",3.69819150498129,-0.333417667482687,-0.651546731595644,-2.15093676626942,2.72267861389901,-1.37813545391027,0.647514123339947,2.98072359012263,1.87227820366843,-0.782905813610638,-1.32736697657771,-2.06007478767951,-3.23700183888544,522.29,"2","1",NA
"346",3.68490946422113,-0.263828317461371,-0.625824335291083,-2.22772046301076,2.73928752391756,-1.40788546845147,0.704498404820904,2.97295350299473,1.8856137872782,-0.751660619918743,-1.34083827633099,-2.22951097378455,-3.13999422898355,522.79,"2","1",NA
"347",3.68874185747835,-0.393082869769714,-0.700792281498362,-2.2687814366214,2.74244891848617,-1.32468539166691,0.693454310819562,2.97463999234997,1.88165145303943,-0.754315415353015,-1.24461455894942,-2.00151308039825,-3.29315149791641,523.29,"2","1",NA
"348",3.66327206531559,-0.214599587609297,-0.7165182856468,-2.2424197124621,2.717006644189,-1.37297979765593,0.698498053648012,2.94317857812085,1.87139858856534,-0.740422245123813,-1.23772350308629,-2.0635174706773,-3.30517332757727,523.79,"2","1",NA
"349",3.66162471672882,-0.17120207050691,-0.640512505328582,-2.37291045761952,2.70616750607427,-1.4113506070562,0.701728310188967,2.94736328494991,1.85974425287747,-0.761048791221654,-1.19994948235606,-2.03398564817548,-3.28566850855504,524.29,"2","1",NA
"350",3.67077965399835,-0.276607599147988,-0.661961265510884,-2.27711295259038,2.7238640197699,-1.3545572287854,0.702876832006301,2.96711999188223,1.87774749442853,-0.779009412286132,-1.20440318869116,-2.05730212052456,-3.3314342245488,524.79,"2","1",NA
"351",3.65488358312935,-0.220861340807941,-0.640076004499208,-2.11580504627123,2.71816347998592,-1.39282773804337,0.689576629421788,2.95617559390312,1.84807941509149,-0.825383911635455,-1.21674261835725,-2.22826454421364,-3.22691749770357,525.29,"2","1",NA
"352",3.62605624104449,-0.406871907485765,-0.65963413692738,-2.08308614255303,2.69557619662022,-1.36287615217274,0.696201016707802,2.93507501610792,1.86968979868314,-0.848567814058125,-1.14037360369377,-2.10677340844263,-3.21441510383014,525.79,"2","1",NA
"353",3.62686706332063,-0.26211248329445,-0.705401104802432,-2.06918618749555,2.67452507948212,-1.35315471310201,0.685345178448023,2.89990965787397,1.83164911216013,-0.805292880478984,-1.24317557238815,-2.0321319658861,-3.24784118383719,526.29,"2","1",NA
"354",3.67738429631582,-0.249881663927764,-0.656093877038927,-2.02314264044358,2.71065415074844,-1.44402820529952,0.622543278905869,2.92630855228733,1.87257513372432,-0.738630973633635,-1.33256474006374,-2.04538225237142,-3.31974105920318,526.79,"2","1",NA
"355",3.66653243603576,-0.240467718943771,-0.649680640179634,-2.02585199366808,2.68971993644028,-1.40195465491642,0.669018206374618,2.92264254184744,1.87886380348391,-0.793019101494589,-1.35268731269547,-2.17784672584027,-3.18526877644378,527.29,"2","1",NA
"356",3.72291293185299,-0.387968073332702,-0.652163547345878,-1.99262579269979,2.70358905147205,-1.42437685761966,0.641257148882824,2.95202613478852,1.91798002401956,-0.808870441582795,-1.32955055179422,-2.02493403593244,-3.31727599070847,527.79,"2","1",NA
"357",3.70710775444411,-0.204312257688064,-0.656978371617131,-1.99250411699584,2.69563676730826,-1.46599023422141,0.544443410917199,2.90922952510829,1.85674898280871,-0.847048114764919,-1.26195960279701,-2.14286332308684,-3.14151041941536,528.29,"2","1",NA
"358",3.77732832531677,-0.417304591486973,-0.604194795336318,-2.1005863355505,2.73351231748671,-1.54361509777996,0.542723643401587,2.9512124073689,1.89060504585476,-0.737887499965492,-1.20879495763145,-1.92670364740241,-3.35629481427563,528.79,"2","2",NA
"359",3.80677852805429,-0.211961242839494,-0.603998276932773,-2.09092736453981,2.74820604039595,-1.4922635758082,0.60021757937944,2.9744749189918,1.92659510470879,-0.818623611637078,-1.30314697588142,-2.07046001068927,-3.46489111320223,529.29,"2","2",NA
"360",3.78924816793168,-0.351343557730097,-0.621900052227565,-2.06467301750793,2.72026705254489,-1.52046585492535,0.575694069989396,2.93943233824355,1.87897014204063,-0.89404829577851,-1.15790763035374,-2.06850297240022,-3.22477038982672,529.79,"2","1",NA
"361",3.79431222288836,-0.296677476916802,-0.689772614763553,-2.03727264240566,2.70447667682952,-1.63426152325907,0.568299594731459,2.92987677722333,1.89889763325351,-0.85635775809658,-1.25956807381765,-2.09399862380644,-3.0279541918604,530.29,"2","1",NA
"362",3.87015566048496,-0.402406192038108,-0.607581049809501,-2.41197710304207,2.78545910323707,-1.48259327037848,0.661999908871829,3.0007779537882,1.9556545111743,-0.788989781346096,-1.22915118172046,-2.03742817271356,-3.31392038650808,530.79,"1","2",NA
"363",3.79977209964119,-0.283281040035702,-0.67545565443193,-2.1092584665741,2.71555548272237,-1.50889301946512,0.573419830089831,2.92459155532965,1.86878040962874,-0.821622447394159,-1.18886224969771,-2.11879748962086,-3.17594901019222,531.29,"2","1",NA
"364",3.87004765746206,-0.512566734588671,-0.679275037782278,-2.1813116175237,2.77761825800101,-1.37262652930422,0.618037392468213,2.99458928919584,1.94462346918918,-0.799845406948538,-1.22403743627392,-2.12079493461395,-3.31445836928102,531.79,"1","2",NA
"365",3.85216074031963,-0.162649655458675,-0.619307042751516,-2.6285443257581,2.78041197394018,-1.46565838153469,0.607805061969639,2.98818054587858,1.92418709886507,-0.808470131362188,-1.14475931837645,-2.14608330232245,-3.17727326340902,532.29,"1","2",NA
"366",3.80222535474425,-0.24393165199362,-0.682211608262931,-2.56189972390461,2.7183714135267,-1.55041433235564,0.563544714206912,2.94002729802136,1.85912767988521,-0.796533804782085,-1.15797266413376,-1.88476313190514,-3.00556954304665,532.79,"2","1",NA
"367",3.84670041460853,-0.137881405916771,-0.611590326561475,-2.52013390164469,2.74858409701233,-1.52750039607854,0.574519715286108,2.96945606934434,1.89680254816622,-0.759888503959223,-1.29206354573969,-1.94903106972213,-3.237973694795,533.29,"2","2",NA
"368",3.84429111108128,-0.272536888947467,-0.683814002332756,-2.44631873051294,2.72879959771927,-1.49235788551343,0.572023303686574,2.96483528257222,1.90921976766717,-0.803785278347319,-1.17145911473998,-1.88062799983119,-3.26826916250146,533.79,"2","1",NA
"369",3.84660570325843,-0.236971137861041,-0.619772932064957,-2.53955623085509,2.74756886512065,-1.45007642575025,0.64378661824465,2.97520698270228,1.91073573798737,-0.790017641779618,-1.24892925618736,-2.00587687140002,-3.23270341141503,534.29,"2","2",NA
"370",3.8396107083422,-0.173425976037456,-0.597750759933929,-2.62737040022149,2.72326305168877,-1.48249898817147,0.596086022406753,2.94720281660721,1.88170594173232,-0.734275722668446,-1.24430938123951,-1.74404167242021,-3.38419564008476,534.79,"2","2",NA
"371",3.85955166944026,-0.137019383602583,-0.581241229574729,-2.67698115298768,2.76035623282325,-1.48386519356103,0.516729334114675,2.96712662672375,1.93882088987862,-0.724608585898541,-1.15446926053749,-2.05014767285464,-3.23425227396385,535.29,"2","2",NA
"372",3.84456111121072,-0.246137744226935,-0.669001715145226,-2.60035795352264,2.76795842585566,-1.51705696875898,0.550806230014654,2.96697475127164,1.9678704021665,-0.771315508252026,-1.2659568568098,-1.94939884734378,-3.07894532645977,535.79,"2","2",NA
"373",3.80779783850294,-0.12931909728592,-0.63456498087955,-2.48728959682213,2.75925114058044,-1.54406945306935,0.571254366563032,2.95773500573488,1.91633827049876,-0.72171786062872,-1.16569919649608,-2.22568912845822,-3.10402730824008,536.29,"2","2",NA
"374",3.78718600858411,-0.231498009558362,-0.596083750949343,-2.57114159637502,2.77595949060753,-1.49996587093406,0.5897380842483,2.96670930274638,1.93889971948753,-0.80104033152487,-1.25671975639865,-2.000949803699,-3.10109348623454,536.79,"2","2",NA
"375",3.7230059279036,-0.135302177655704,-0.684252251210796,-2.2665567161305,2.70822351396756,-1.47905583599218,0.556198351196397,2.94647037101312,1.90495836414105,-0.822904789555875,-1.16953906980317,-2.18225774606909,-3.09898794180441,537.29,"2","1",NA
"376",3.70510734852065,-0.276078593494321,-0.6695512070497,-2.20504685656599,2.75469822419896,-1.41569223279473,0.621065615090806,2.95769548144029,1.9127196422074,-0.792397299343593,-1.24829326107865,-2.08189227710769,-3.26233458402343,537.79,"2","1",NA
"377",3.6794027199794,-0.343252379753163,-0.662033254309794,-2.06340567568378,2.76405231095296,-1.48549669470103,0.623551835580054,2.96082903344257,1.90071337876126,-0.786110922325089,-1.22382986139049,-2.16876619134161,-3.19565429921127,538.29,"2","1",NA
"378",3.68514923552057,-0.386132085793176,-0.568951206000144,-1.90740103741204,2.77380569710898,-1.46575967269339,0.654968871652724,2.99143795327758,1.90098653941221,-0.890153309065135,-1.23011916853231,-2.14098063698518,-3.4168511804907,538.79,"2","2",NA
"379",3.67371233070418,-0.378121855140444,-0.656597662475508,-1.88652626700276,2.74084603370464,-1.43500655719562,0.641375318660261,2.94762580030479,1.88341412713294,-0.822632153868026,-1.11911117826317,-2.1916337561684,-3.39734418039288,539.29,"2","2",NA
"380",3.6786514940795,-0.450607128560876,-0.636295951939876,-1.91931142777223,2.73794778415012,-1.46610924065251,0.64913533591848,2.91467673540805,1.89426319014426,-0.923111955670649,-1.35235493286621,-1.94166251060904,-3.18522139162904,539.79,"2","1",NA
"381",3.66906997071103,-0.471468555336467,-0.725092324015687,-1.76258100664629,2.730185038006,-1.38877877520231,0.645267675985712,2.93469634963056,1.87734293325464,-0.800382035329201,-1.20999426277189,-2.05904343709182,-3.43922157119428,540.29,"2","2",NA
"382",3.65360740482015,-0.326211898603819,-0.657129158863863,-1.64920712441146,2.71936846377423,-1.44894786693084,0.660791346553776,2.95434284576373,1.84405003933899,-0.861161202028719,-1.22563972010971,-2.22440369495351,-3.43945943434894,540.79,"2","2",NA
"383",3.64516122851485,-0.526931562736707,-0.745375969566858,-1.66644568305736,2.69739004874656,-1.41963238765725,0.637336298170528,2.91005906399638,1.83202571425939,-0.898798534187367,-1.26131329829281,-2.03444772494729,-3.16902719324206,541.29,"2","1",NA
"384",3.64530006447228,-0.282107462212566,-0.7048337868815,-1.6723779717121,2.68040934404256,-1.41400572851414,0.634084058391107,2.89367547978049,1.83616003560864,-0.860783965229111,-1.258317769368,-2.22628300545567,-3.27091929292198,541.79,"2","1",NA
"385",3.679247448756,-0.40480676801106,-0.645013721165854,-1.69467892958816,2.71950676146441,-1.40165029683543,0.667890659144872,2.92882632117678,1.85265744666094,-0.864411094221671,-1.29515893428683,-2.25024956292427,-3.29215933016972,542.29,"2","1",NA
"386",3.64250722495704,-0.536926272489638,-0.735993761195574,-1.73375674788424,2.69287691680897,-1.42245961500163,0.677740986052535,2.8961491286387,1.84853488651571,-0.859370847669174,-1.24701093749543,-1.95171894045645,-3.27057202078081,542.79,"2","1",NA
"387",3.642645220333,-0.429398743294995,-0.646648708474007,-1.74976472898826,2.67771068013287,-1.41440918706712,0.688452413288683,2.89694719244444,1.81791766518981,-0.911886090517548,-1.24709729292373,-2.08073131621679,-3.24373710390634,543.29,"2","1",NA
"388",3.62781099549316,-0.419493896577508,-0.718592238710794,-1.75468417039757,2.70234701875152,-1.35902559249111,0.697727939110042,2.9135741402651,1.8043696876473,-0.852566333911524,-1.31969849070004,-2.07525879308524,-3.24651026539332,543.79,"2","1",NA
"389",3.62612977829497,-0.450881728030079,-0.692420748474442,-1.54336558591624,2.67711952620208,-1.40951455128804,0.677356445070319,2.8839385757806,1.82941244070613,-0.877658822100592,-1.32415131274192,-2.25544620640778,-3.14051781109502,544.29,"2","1",NA
"390",3.63340543727906,-0.263818181892108,-0.693296298527191,-1.67064218565535,2.62901422185491,-1.43672235414271,0.633308494753406,2.88673733649639,1.83889808281178,-0.848549514298549,-1.27350841708771,-2.13801384964435,-3.29681277194757,544.79,"2","1",NA
"391",3.65284881636918,-0.45528029881915,-0.67610220643322,-1.67631600270015,2.68915312118366,-1.37286740484062,0.66563886806697,2.91838614738921,1.84567261393718,-0.859602941362629,-1.21768166921861,-2.21509104401437,-3.29875799955745,545.29,"2","1",NA
"392",3.63168542451597,-0.407064036250998,-0.675056859934763,-1.73995197970636,2.65924590038621,-1.42004087645716,0.643695457269669,2.89215689244632,1.82321872809367,-0.892043152445105,-1.20838048065726,-2.12059405461751,-3.18687096264269,545.79,"2","1",NA
"393",3.63289824929677,-0.366150138625168,-0.680664094101255,-1.76636583826367,2.65378536835962,-1.34761210282535,0.680821627649153,2.89740512687807,1.85158492071464,-0.830585132390328,-1.25016709997525,-2.00767783885192,-3.4672730478653,546.29,"2","1",NA
"394",3.65014090489761,-0.413484477523434,-0.683541251077424,-1.9041049849391,2.69224192906189,-1.376873325786,0.663058999589064,2.89907343527737,1.86591547459744,-0.844462814259444,-1.28472845151703,-2.07744444541722,-3.18579099290372,546.79,"2","1",NA
"395",3.63822284321617,-0.211431365552589,-0.715736346183638,-1.74444397848285,2.6875303486926,-1.43273081067399,0.663262367098139,2.88125305154581,1.86617215148572,-0.936175462001377,-1.28937049635205,-2.19559402910848,-3.21095827368347,547.29,"2","1",NA
"396",3.64183276027863,-0.339863100784798,-0.722976951540181,-1.71785435244851,2.68044103428775,-1.41555101144254,0.672258779907809,2.87193720436644,1.84264835962957,-0.83231589958393,-1.28335741165968,-2.10793454171719,-3.28926486929337,547.79,"2","1",NA
"397",3.62532240383484,-0.322298928274727,-0.724850244494268,-1.6554747143705,2.65174591825045,-1.34307655487442,0.658355861409541,2.87498022248988,1.82632788793262,-0.812448303812254,-1.31085481705222,-2.13923958413294,-3.32848914690598,548.29,"2","1",NA
"398",3.6675286782558,-0.359752969313223,-0.707820653763826,-1.84851322487894,2.68064365474988,-1.32338361301469,0.742948747082332,2.95688126595669,1.89503381822862,-0.821404740226167,-1.30881075870924,-2.16153380046511,-3.41181640390214,548.79,"2","1",NA
"399",3.67034774999955,-0.346208345254686,-0.64799050675112,-1.98755311722983,2.68088083793621,-1.33097626642544,0.756591092797328,2.91983727145011,1.8923168894636,-0.820647396031622,-1.31409229165618,-2.22325813458366,-3.24924778371424,549.29,"2","1",NA
"400",3.63060283059421,-0.191193048707022,-0.718508471372608,-1.86588080418183,2.65240219927771,-1.40804771055635,0.664718942472858,2.86558482241333,1.838251746708,-0.782565180889198,-1.15176587063303,-2.18243880013547,-3.35116065499061,549.79,"2","1",NA
"401",3.68060676298855,-0.210743236473768,-0.591874476390027,-1.92813216298075,2.63738144696154,-1.52654258690906,0.568086824635975,2.839348398336,1.82770396127568,-0.809248909939024,-1.37624975997191,-2.03463098268864,-3.07570527884456,550.29,"2","1",NA
"402",3.67647910836516,-0.235215322754544,-0.700382342992051,-1.89825692633772,2.64859249833019,-1.54270070716956,0.557340133106518,2.82982946033876,1.86188628728105,-0.823691057969098,-1.20580880208027,-2.04394133350168,-3.12413099461676,550.79,"2","1",NA
"403",3.70602400087435,-0.136007106960457,-0.618152883141817,-1.93065734838536,2.63071391850402,-1.61725432341651,0.457490595737176,2.8209557605206,1.84511285233816,-0.66439731448327,-1.10485798707,-1.99911863485049,-3.3898515296664,551.29,"2","1",NA
"404",3.74290957581904,-0.0256664869947955,-0.540785608117672,-2.2314194092103,2.64318136204331,-1.6401665363317,0.438337426396619,2.82184291601367,1.83712646019016,-0.713548690301691,-1.05951793588443,-2.0174847969814,-3.25480827664082,551.79,"2","1",NA
"405",3.71163704355827,-0.202401429449901,-0.636844883297086,-2.06270744121307,2.66655515169078,-1.55622860043229,0.532007648858684,2.85010689318528,1.84931556421508,-0.800011183300783,-1.13063823234246,-1.88912543584408,-3.33166509562842,552.29,"2","1",NA
"406",3.71398241649117,-0.188975322398458,-0.588656724389773,-2.02940284821902,2.67815729182822,-1.42172976532982,0.616226246559475,2.9034150381639,1.87915261376166,-0.823201759133824,-1.2280913938993,-2.09209691755794,-3.41877887587632,552.79,"2","1",NA
"407",3.6964549809434,-0.150036784074773,-0.676686744221558,-2.17330322755518,2.65837582247966,-1.41825457932489,0.671848585405397,2.89918997807027,1.85037149623314,-0.863257737245767,-1.13897850203948,-2.1052954921836,-3.2504277964866,553.29,"2","1",NA
"408",3.76199369035666,-0.27545454378098,-0.610776632494788,-2.3038972275641,2.70818158163983,-1.33741248280878,0.704018912995043,2.93268000457372,1.87297540887361,-0.812216918759834,-1.27842825140848,-2.05326122536078,-3.30840231626111,553.79,"2","1",NA
"409",3.76066727676769,-0.26963441512261,-0.62982549080633,-2.40792840133121,2.68190197263026,-1.33987876307326,0.689629720202954,2.91128942236135,1.87047039138566,-0.861054001410985,-1.24491695463633,-2.09792212770283,-3.06279862926436,554.29,"2","1",NA
"410",3.7446753233776,-0.24764683108718,-0.649313323300345,-2.2954020672149,2.66169097703798,-1.3927434841308,0.686354861409078,2.91373522813127,1.85763100779677,-0.818777374847311,-1.22258712750381,-2.04365790106747,-3.19395928860089,554.79,"2","1",NA
"411",3.77436402353524,-0.461158867421012,-0.638322718686975,-2.17494073621082,2.70426942529262,-1.42001619595463,0.715282466385359,2.95139183896013,1.88051104482218,-0.824255081078837,-1.21232446555964,-2.04241252039673,-3.25238821368689,555.29,"2","2",NA
"412",3.7488935514695,-0.38140328627784,-0.721643739183213,-2.16373276706683,2.69853712792875,-1.32660344758949,0.742114006262194,2.94197480492062,1.86491978382348,-0.821483022123633,-1.2846443089503,-2.05318097129389,-3.24374773191935,555.79,"2","1",NA
"413",3.70713762369367,-0.336087836498456,-0.695433211281434,-2.06760437370996,2.67379643827349,-1.36960734219641,0.720430999321689,2.92588146440753,1.88315018549647,-0.921520594549258,-1.24584626313454,-1.98992335026537,-3.28437373955742,556.29,"2","1",NA
"414",3.74403289332318,-0.436117944863755,-0.634271623458335,-2.17221165307552,2.73450853546603,-1.39391559948807,0.759238925669349,2.96964135506762,1.92122765422632,-0.842663716913446,-1.29630518316921,-2.13188014660069,-3.22128349618349,556.79,"2","2",NA
"415",3.72270549557996,-0.185704666150709,-0.578039456660872,-2.3137475769836,2.6907506548981,-1.35876993301357,0.688258335839504,2.94690702966405,1.89988386331155,-0.849547424213604,-1.37298181039468,-2.12303712322651,-3.16667738864961,557.29,"2","1",NA
"416",3.73122399591729,-0.295386554630902,-0.645519239329716,-2.1755342696735,2.69447038479213,-1.43144815334063,0.67942802482049,2.93924556636311,1.90074132545657,-0.839647855384437,-1.32192962753414,-1.99972932361849,-3.2359142738378,557.79,"2","1",NA
"417",3.71494404140316,-0.183429689220709,-0.66338268581291,-2.1690183220942,2.71644486214625,-1.4308474601603,0.668828234883506,2.93793674300773,1.90358577151721,-0.855719192130102,-1.32021783182246,-2.10777469685348,-3.21134977486372,558.29,"2","1",NA
"418",3.71645872343389,-0.30151985866339,-0.654046201517209,-2.30556929461424,2.72983998935907,-1.35096412560987,0.72483459713916,2.94598969900018,1.91208944718771,-0.808604692502186,-1.24666197110315,-2.16995469555041,-3.19189161655955,558.79,"2","1",NA
"419",3.71344474863798,-0.405535035718513,-0.607219316580262,-2.02235305545024,2.70731338450416,-1.37621983965847,0.687522638918619,2.94981857219389,1.91030012147515,-0.895021343449508,-1.29283823071942,-2.1178854821718,-3.25132716198159,559.29,"2","1",NA
"420",3.68479337037658,-0.390625002314661,-0.649665274649403,-2.083158768578,2.70592978351134,-1.39819717260449,0.731757026163853,2.94348130341209,1.88372878645933,-0.803476568761542,-1.24164512898959,-2.22113658915965,-3.16178576486585,559.79,"2","1",NA
"421",3.697542054433,-0.329328442564263,-0.643775222949644,-2.15983764379755,2.70587802255656,-1.41345831508475,0.702363237131921,2.9214837637544,1.89344143293835,-0.817919164078367,-1.28304813186077,-2.00903144869314,-3.26431014178575,560.29,"2","1",NA
"422",3.72338425918435,-0.401228200710986,-0.663695791549673,-1.91100446203926,2.70837293905787,-1.48068925717706,0.655023394872014,2.93222487075191,1.88008425516238,-0.860047377309259,-1.31936565517831,-2.09292529752951,-3.17013367753447,560.79,"2","1",NA
"423",3.73785321870094,-0.405699939994003,-0.604270784319574,-1.81688058656162,2.74238957365663,-1.37915784837564,0.678810704854279,2.96085592952604,1.91697106517611,-0.91053529856418,-1.30874642514951,-2.37802472570391,-3.23356488324556,561.29,"2","1",NA
"424",3.72757477597018,-0.44456697954395,-0.636208268286707,-1.83582105324856,2.7380758722195,-1.40357866820576,0.646336846008062,2.9243056673045,1.89398977411456,-0.850032087652114,-1.37259922494976,-2.12412482295382,-3.26335183077612,561.79,"2","1",NA
"425",3.68397037645181,-0.181521820807103,-0.65560406156519,-1.8719761649072,2.69460307823269,-1.46129999758629,0.642935566277356,2.91099650028516,1.85811141606485,-0.892166240011336,-1.35564846398723,-2.04468886259452,-3.327711325853,562.29,"2","1",NA
"426",3.68704800592005,-0.469454163855335,-0.647833112507367,-1.94723811481849,2.73775999067714,-1.37941068902811,0.694882590732509,2.95687267548655,1.8510824441875,-0.86032712977793,-1.31853997394109,-2.06234018372161,-3.24250233935383,562.79,"2","1",NA
"427",3.67309250365318,-0.458047903039842,-0.6760886367379,-1.89590485054856,2.71927840824136,-1.36326565031134,0.711094176896536,2.92549020422306,1.84841170860977,-0.858260504137068,-1.27740200512665,-2.16392513085685,-3.1844723208657,563.29,"2","1",NA
"428",3.64768686573813,-0.524335112762965,-0.689727607456472,-2.08553316829641,2.76198338822267,-1.32227243965114,0.772903537837923,2.98813913797383,1.83185766751479,-0.811161753169425,-1.34643953105047,-2.04581269766208,-3.17728828723838,563.79,"2","1",NA
"429",3.65126973913262,-0.406238760874593,-0.598465591806568,-2.23734285969135,2.804805860464,-1.31474516927951,0.833037034504952,3.0079175639917,1.8318491130483,-0.807839197763617,-1.17572763061821,-2.20025365818026,-3.38826644292747,564.29,"1","2",NA
"430",3.60646410317358,-0.436792863007575,-0.644575238154315,-2.12010777404084,2.71270391543163,-1.27017399779465,0.758389812331522,2.97802034814622,1.78912458209977,-0.818727473705545,-1.20120306358901,-2.26214327667167,-3.09097907421913,564.79,"2","1",NA
"431",3.60884671879432,-0.497655377978527,-0.700963317944343,-2.03469083316919,2.69248296196197,-1.32882263300794,0.764609417764564,2.96794192368875,1.79728472299049,-0.812883700023696,-1.22613422357404,-2.01986528806297,-3.2101503714394,565.29,"2","1",NA
"432",3.62699751435691,-0.433811360548129,-0.649388032289676,-2.05479995334405,2.6962705853724,-1.32165464696224,0.740461768116467,2.9583273312024,1.80507800186667,-0.832756123886207,-1.18949296624964,-2.093785400057,-3.25144671757791,565.79,"2","1",NA
"433",3.66571663187242,-0.438677211509238,-0.640872514596552,-1.91790398791568,2.69632556688975,-1.31937278373059,0.759296013075685,2.98484948811726,1.83382295020322,-0.815111734961104,-1.4050962029457,-2.13003040896799,-3.27294580553147,566.29,"2","1",NA
"434",3.6335904795729,-0.308231909163224,-0.66337506827347,-1.85012579342002,2.63560177160626,-1.39251203545209,0.685748227001383,2.91425516959129,1.83547965024961,-0.927526643315057,-1.24817785119018,-2.13007663497507,-3.18464936223234,566.79,"2","1",NA
"435",3.6532522304811,-0.303252845171807,-0.656304493642342,-1.82511415525918,2.65504400371768,-1.46006486782329,0.712704425403915,2.90207411055884,1.87962005441282,-0.890587304232764,-1.28545770577548,-2.17718579928123,-3.20472765338824,567.29,"2","1",NA
"436",3.60848321227444,-0.409793926274305,-0.708172773637522,-1.87139807411328,2.66280214675229,-1.40020325949739,0.699675337038434,2.87852752556986,1.8658741668551,-0.924819782381333,-1.28407503143359,-2.04470200928762,-3.07219753186507,567.79,"2","1",NA
"437",3.65843710020594,-0.381087789997503,-0.665292905509462,-1.99789535029874,2.71516557579284,-1.32922743382358,0.74147523312694,2.93050699355244,1.88206871734969,-0.946616250719564,-1.23504431350807,-2.13244331310332,-3.24004626306762,568.29,"2","1",NA
"438",3.64877846696914,-0.334562870720654,-0.679623458574421,-1.97232437850904,2.68104014698663,-1.39066565312007,0.725918436849322,2.91542208400533,1.84887869449072,-0.841476682954968,-1.30811420042104,-2.13625930905256,-3.15701127594839,568.79,"2","1",NA
"439",3.65468631320111,-0.407043988820663,-0.65413530735907,-1.98588541995554,2.66679938149308,-1.37637886240665,0.719498300021457,2.91577516299657,1.84175001690049,-0.887506748856536,-1.3767598873684,-2.01431661711755,-3.09648234272827,569.29,"2","1",NA
"440",3.65450689999454,-0.320656792578136,-0.709184395773477,-1.76451617608312,2.62818532314251,-1.38630681526072,0.696724037914025,2.86481825223568,1.8533359785927,-0.918244888218657,-1.32501447323875,-2.17136345441824,-3.10228349630835,569.79,"2","1",NA
"441",3.70735148953412,-0.375527886506932,-0.700531438767898,-1.75472557831055,2.68761895273252,-1.36886345020812,0.70058298208961,2.89318954417253,1.87490362109169,-0.813566390643606,-1.35948075799352,-2.10831519880975,-3.3826358883801,570.29,"2","1",NA
"442",3.72053975426507,-0.438297038584611,-0.659553761983746,-1.89818675871613,2.72114919890693,-1.31836826346319,0.768102089573381,2.91826609930732,1.88829037746642,-0.907915613843982,-1.42651042208289,-2.0545720763448,-3.31294358449978,570.79,"2","1",NA
"443",3.7352931783655,-0.477810400390374,-0.653803315420392,-1.93589389901028,2.72625099218809,-1.32208962623807,0.761843450338867,2.94671963013875,1.91849145062511,-0.855365285775466,-1.28706102712528,-2.23438688756628,-3.32218826013017,571.29,"2","1",NA
"444",3.74777012920853,-0.434480907353898,-0.673389526726563,-2.31405876228047,2.76878262617297,-1.30577728127297,0.734163134109723,2.94247144790512,1.91595570890692,-0.871728675317627,-1.24240766734038,-2.13091652427508,-3.13638370173629,571.79,"1","2",NA
"445",3.73920979288597,-0.381662112766667,-0.740348320456603,-2.275505708108,2.77858884752428,-1.32684731064054,0.742454323766698,2.94248308436542,1.91118514437642,-0.79475114598549,-1.2871116823325,-2.10414745611132,-3.20354745651768,572.29,"2","1",NA
"446",3.7322559405542,-0.323370100582911,-0.6380391098393,-2.27432674109184,2.73305380570331,-1.36871726883038,0.72294209598474,2.93770253169566,1.90419563367367,-0.855708648977482,-1.32955452501134,-2.0328984435918,-3.20753516968652,572.79,"2","1",NA
"447",3.73555226428411,-0.355766878188678,-0.64257104830846,-2.18554406791176,2.71220542751935,-1.36820019835029,0.720785348729334,2.93119131271759,1.89725323938371,-0.830413080025284,-1.25705492002424,-2.07673229774972,-3.28070510207566,573.29,"2","1",NA
"448",3.72101804417253,-0.33885890170109,-0.605736250877306,-2.16105101206545,2.68746664060734,-1.35760586073568,0.713631570615679,2.9036921241645,1.8482479030627,-0.865129375637889,-1.28586195587684,-2.09530726113333,-3.16450566459515,573.79,"2","1",NA
"449",3.73460908120783,-0.264253392842841,-0.662161709949792,-2.14753115806116,2.71784738184939,-1.38751686201727,0.694518334007481,2.89884231617888,1.88874732542378,-0.886539653482651,-1.29438288399578,-2.15173108023649,-3.14044769808138,574.29,"2","1",NA
"450",3.73517177513843,-0.356084115450923,-0.574745238752935,-2.29277116950072,2.7217966611578,-1.41843907268488,0.720144652646881,2.91136925998305,1.88781361883163,-0.81867460493638,-1.13768590506852,-2.10915217496394,-3.26874368639949,574.79,"2","2",NA
"451",3.73105817308064,-0.323680288871396,-0.591892483730988,-2.40339119082222,2.75189785929583,-1.35599657931602,0.759187917803513,2.91106676448945,1.89961031273983,-0.853904635518785,-1.22010502510501,-2.18111008026867,-3.12274074377619,575.29,"1","2",NA
"452",3.71981868489382,-0.288455058969397,-0.74113586038546,-2.41377019202437,2.75531065362882,-1.32594549448525,0.78002989966184,2.90720694662063,1.87851015479324,-0.83882598524328,-1.35417835044109,-1.94995520085393,-3.12861019719557,575.79,"2","1",NA
"453",3.73632886614528,-0.314050856671717,-0.621493060642689,-2.38845860841378,2.73712114938215,-1.30941641593977,0.795304754770616,2.93058849356709,1.90515262738328,-0.861621288179053,-1.26685680152097,-2.13737911493954,-3.2052197449409,576.29,"1","2",NA
"454",3.74498208382029,-0.327410797013488,-0.650845603559965,-2.68253661263258,2.75681442176935,-1.27741064153891,0.828944582930581,2.93708420967461,1.90822612198619,-0.846346174096671,-1.27776269223785,-1.94587379463647,-3.16786510446508,576.79,"1","2",NA
"455",3.70841037289924,-0.23442320307098,-0.629958218216427,-2.61799329357241,2.7226989680315,-1.32883607348536,0.805168823175876,2.90196976250717,1.8810048060342,-0.911468896763666,-1.28114119967734,-1.87524917187309,-3.14018267598872,577.29,"2","2",NA
"456",3.71611350365942,-0.369037427918094,-0.626477268068102,-2.38594189845385,2.72752428963301,-1.27326661005843,0.8276974420025,2.91940767885723,1.8804237996494,-0.907167548098026,-1.29530606962472,-2.04946966183264,-3.1645002297477,577.79,"2","2",NA
"457",3.73921350734287,-0.519015147821392,-0.592796908913667,-2.52822478169547,2.76666823697587,-1.2476965334809,0.852157294635025,2.94270577259691,1.89884848776841,-0.858820829798688,-1.30402007339795,-2.0744717016908,-3.07454732252023,578.29,"1","2",NA
"458",3.75076259903071,-0.330694453321547,-0.619211366506385,-2.69051977647794,2.78376616693873,-1.31124558089691,0.863228015150887,2.95640918457246,1.93027150322602,-0.793547077843157,-1.31347275330973,-2.11939878894149,-3.10634767162165,578.79,"1","2",NA
"459",3.72432484838471,-0.31046917005171,-0.626134414166962,-2.46662999497126,2.74406493185576,-1.22840382799065,0.848731667534656,2.94088783775533,1.9068185224387,-0.860375350345724,-1.22413522850309,-2.23647363355707,-3.21220618838269,579.29,"1","2",NA
"460",3.77264492588903,-0.218787959518205,-0.599015724825548,-2.58158756027969,2.80452338396164,-1.22591825329202,0.85572369915592,2.98467754667891,1.95759175462122,-0.817003676430596,-1.31060776924043,-2.28955838183489,-3.33268198488535,579.79,"1","2",NA
"461",3.74213187590114,-0.356107553456326,-0.627123740555734,-2.64620213250848,2.75604795263743,-1.24812253966397,0.828601667643099,2.95277755098846,1.90123846990795,-0.864488303184886,-1.2810502079624,-2.1328691944327,-3.02483384531358,580.29,"1","2",NA
"462",3.72258247446202,-0.228630848520692,-0.606634551135694,-2.72441713621387,2.74670640346129,-1.27351511917813,0.830593742434956,2.93225517820489,1.89601940453601,-0.909813417200685,-1.33260704130868,-2.07807094909342,-2.974468140448,580.79,"1","2",NA
"463",3.69665339379326,-0.286349087736524,-0.605106495745184,-2.63230565953476,2.71788060340046,-1.28515190796746,0.846157650107542,2.93082751877253,1.88196649465409,-0.855793122440988,-1.25776231495039,-2.12254869737195,-3.02846837498062,581.29,"1","2",NA
"464",3.73846269197511,-0.415927811764506,-0.605047911431433,-2.69477472377144,2.76451639413886,-1.23703436219652,0.863062182119762,2.96869210266921,1.92860460475638,-0.785176525645365,-1.07219052102074,-2.22477109452571,-3.22841502530361,581.79,"1","2",NA
"465",3.72016836756006,-0.216995195473196,-0.602107398236078,-2.58600847043906,2.76014622552313,-1.29056058209274,0.821572004639649,2.94596020495922,1.90315998715925,-0.80616178272725,-1.11432136617219,-2.2791044345998,-3.25574756010099,582.29,"1","2",NA
"466",3.73679727938575,-0.250436605749997,-0.596370618623774,-2.63355235101373,2.75316106560545,-1.29565168094499,0.860025112081805,2.95523457863202,1.90965438629459,-0.829909743781995,-1.28700297838645,-1.98554682611855,-3.33640161738012,582.79,"1","2",NA
"467",3.73675542548668,-0.379276168345959,-0.600184836244472,-2.64952588069707,2.76627776030638,-1.21877975700634,0.87054821443208,2.97220192045726,1.91925140827605,-0.872553229901531,-1.17687139627387,-2.2206624192159,-3.14718104127331,583.29,"1","2",NA
"468",3.71457159218169,-0.310120495317519,-0.619927364049936,-2.72734804652485,2.7777964301653,-1.27826612114471,0.819992580740861,2.94956331959651,1.89503510588248,-0.776193130202243,-1.09306789929617,-2.19437681881187,-3.15765915321955,583.79,"1","2",NA
"469",3.72157684024428,-0.344825582920614,-0.599939889111295,-2.44915641336414,2.73965077454346,-1.27156543556586,0.821051875631382,2.94795792514669,1.8953519751874,-0.875847225018543,-1.16815856585399,-2.15917284392408,-3.25692343499471,584.29,"1","2",NA
"470",3.71317884268025,-0.203798905945605,-0.647564618454298,-2.52245393939525,2.73452744550897,-1.34764780957449,0.802853690676162,2.93871116982066,1.89193022161811,-0.856886698409443,-1.27021311867956,-2.11334141083004,-3.11929486901545,584.79,"2","2",NA
"471",3.72082215662717,-0.279467564973545,-0.596101131118846,-2.56332162126153,2.77110769587218,-1.2984816532795,0.841049413190913,2.9515246847056,1.89811806214686,-0.843458719704837,-1.13940625962931,-2.25617809553458,-3.20620696704059,585.29,"1","2",NA
"472",3.74327862057605,-0.377505960407195,-0.57990066683745,-2.49134302301935,2.78342914697681,-1.26656133816779,0.843172820253472,2.96296928742517,1.94930709546611,-0.799345355167726,-1.16227898973031,-2.35765883033341,-3.24756280703437,585.79,"1","2",NA
"473",3.69060578869539,-0.308719567010555,-0.637513027704767,-2.53366869236163,2.71232123714094,-1.29093867431134,0.790326655272521,2.92091072075551,1.86916408198567,-0.877393180554635,-1.20534810220008,-2.05466950020732,-3.0750777394997,586.29,"2","2",NA
"474",3.71378079229693,-0.39140999647145,-0.591144709810305,-2.52366022786477,2.75786248290139,-1.25285374417547,0.846420766600933,2.96789216974897,1.91798129179255,-0.810259835392918,-1.25044948404428,-2.0449628810856,-3.339196624496,586.79,"1","2",NA
"475",3.72810809133399,-0.342593028293547,-0.62727742746037,-2.72700062070997,2.79181620311075,-1.24471278628462,0.858020947630679,2.98496880063265,1.93645265971089,-0.793846022397174,-1.23994276020444,-2.18625127114987,-3.13774278591897,587.29,"1","2",NA
"476",3.73960046822837,-0.464528593596715,-0.641266522847238,-2.75429900896311,2.79132718962493,-1.2495317190929,0.848824631954296,2.98800716899032,1.9319071800372,-0.760740175981529,-1.21230237732454,-2.08631038803932,-3.13068785298977,587.79,"1","2",NA
"477",3.73138148531654,-0.343665870567988,-0.585862227611043,-2.54212425435314,2.7665772812088,-1.28971408176899,0.841679940657042,2.97327884575302,1.90989475214078,-0.787250777302012,-1.32235101108202,-1.93868568775182,-3.41315839463917,588.29,"1","2",NA
"478",3.7391651014664,-0.440497207118412,-0.639504065184838,-2.49621266419021,2.75201799912001,-1.28438548174913,0.833984370671206,2.96221302257715,1.91975932844795,-0.805134203581737,-1.22770133872671,-2.08162955435855,-3.23207530737312,588.79,"1","2",NA
"479",3.71678844989236,-0.227520219033754,-0.630404525661445,-2.58317143200313,2.74184586680316,-1.3162059775889,0.809284857808278,2.94349265589978,1.89109291754426,-0.815571341978742,-1.15955930787605,-2.23643160990775,-3.13364033389806,589.29,"1","2",NA
"480",3.7351786306293,-0.337708381679222,-0.63410985542282,-2.55355343128997,2.75134052074034,-1.35369355106441,0.766180250150532,2.9601160177285,1.90858766508467,-0.747591809179813,-1.28737691893475,-2.06004099872566,-3.14732813803671,589.79,"1","1",NA
"481",3.77531859624197,-0.337593674048196,-0.646142589094495,-2.56395140165436,2.77689554391166,-1.38318149440808,0.800719754909346,2.99196539215544,1.98945631733726,-0.774597619753815,-1.1639894018058,-2.05365016174936,-3.41124926204156,590.29,"1","2",NA
"482",3.76694122727694,-0.447014351822218,-0.681060974769237,-2.55655742974785,2.77402946824828,-1.31293887507147,0.788933860133572,2.97666242849101,1.95277187647185,-0.709978165068338,-1.22952727033183,-2.13432855060001,-3.18793324321069,590.79,"1","1",NA
"483",3.75534179424701,-0.249209006929107,-0.612504257184643,-2.41956779573649,2.76116300414818,-1.30145166894951,0.788728291771134,2.9762970352235,1.95574740434941,-0.83017334227177,-1.2049495149626,-2.2979521535466,-3.32146979015854,591.29,"1","2",NA
"484",3.75976725812906,-0.380684071404845,-0.611688005023818,-2.52901444253856,2.78096376006387,-1.32766680379298,0.795626310583693,2.97437149336528,1.94144655744511,-0.776725405531132,-1.23450962449567,-2.11981101231979,-3.27207601448022,591.79,"1","2",NA
"485",3.76677851969384,-0.414432794087055,-0.571848905968678,-2.54038002136675,2.77887672938335,-1.32749371881958,0.800032469226287,2.98831319226127,1.94184565997128,-0.73899905980172,-1.17511223929296,-2.10550712002277,-3.40207271117653,592.29,"1","2",NA
"486",3.74457789223405,-0.228101352337408,-0.578548131191409,-2.57259829160735,2.75296861465537,-1.33875753735756,0.783388498824082,2.97691884696729,1.91949591599416,-0.794089710858009,-1.18694107609678,-2.13167587166245,-3.34663779756399,592.79,"1","2",NA
"487",3.78305460933691,-0.223744553845257,-0.549566204473858,-2.51888998072361,2.80395452327094,-1.33637695490524,0.80003580130289,3.01708816597643,1.95101004414062,-0.740409239644259,-1.31919768148572,-2.25536674374856,-3.41159178520128,593.29,"1","2",NA
"488",3.75295253372593,-0.296799407263736,-0.556599804969361,-2.70640784472576,2.7808548952767,-1.32824661531415,0.76323242903371,2.99871884143894,1.91529647190369,-0.714245489356919,-1.1511353419856,-2.2516150448285,-3.20600562293493,593.79,"1","2",NA
"489",3.73624587147576,-0.331506767586609,-0.624398718857732,-2.65145744361624,2.7533239674087,-1.33108186610288,0.766653564100111,2.98892731487558,1.91784969628502,-0.817828253063324,-1.2787026054208,-1.92108092128794,-3.20694383820965,594.29,"1","2",NA
"490",3.72076101829188,-0.424159328335898,-0.613537321001903,-2.53326055258659,2.76051718556978,-1.24481626889852,0.833023046187348,2.99721099211486,1.91679883510627,-0.79399614620696,-1.25497895799072,-2.07927698252504,-3.28428551972451,594.79,"1","2",NA
"491",3.7125584256409,-0.334369075076207,-0.562945843808717,-2.6838377539691,2.78583651474344,-1.32322756830417,0.847384880988287,3.01008676651945,1.92043202677582,-0.805027225999067,-1.19576069853927,-2.15236951965721,-3.21876092931415,595.29,"1","2",NA
"492",3.69663935677778,-0.445865728392307,-0.627975411159711,-2.62167749389184,2.77147721341703,-1.2762051272922,0.827124163867181,2.99212678286828,1.90691397786388,-0.786007471322178,-1.11375564465025,-2.08245879562463,-3.24033582246104,595.79,"1","2",NA
"493",3.68307333792774,-0.488800680392587,-0.565038939730206,-2.59403572334833,2.76236794183357,-1.29674886504966,0.797523966755942,2.99868783221753,1.89668618307901,-0.75052070099936,-1.17849579413198,-1.95797105818042,-3.30672749998125,596.29,"1","1",NA
"494",3.663499029548,-0.346889547061773,-0.602402587111257,-2.57221965784031,2.75170112347413,-1.33361082692409,0.798462881490027,2.98427658135718,1.89097942258551,-0.850966391050767,-1.20668728816884,-2.03146049399377,-3.14468224630403,596.79,"1","2",NA
"495",3.6656575525506,-0.392746424373537,-0.650410080333102,-2.52385145257487,2.74762793300451,-1.37067318950894,0.79801715818007,2.98370759329321,1.8743062227953,-0.75284292745185,-1.24041941371572,-1.94015423338247,-3.19821873848322,597.29,"2","1",NA
"496",3.68117455943447,-0.393638943551779,-0.654597363492156,-2.37967748142632,2.77313633431022,-1.28071657849636,0.819422494029844,3.00336744978053,1.88772046011652,-0.792450952754938,-1.20586198477041,-2.30901236874701,-3.14886562443259,597.79,"1","2",NA
"497",3.68072649626363,-0.369204635521639,-0.651973604231862,-2.38780838995966,2.77027551698039,-1.30719552846817,0.844740581354223,3.00414361437351,1.89795404229399,-0.790829724326559,-1.31757686387136,-2.15651347153388,-3.2167380333526,598.29,"1","2",NA
"498",3.67563223123085,-0.396609995028136,-0.666694097691666,-2.41393691352767,2.73156364407675,-1.27681794243994,0.815969922491699,2.9889044304408,1.89796819216348,-0.7757929354601,-1.16485154648028,-2.16333651598042,-3.25199847379536,598.79,"1","2",NA
"499",3.68185556158506,-0.333575254705266,-0.55990139686864,-2.33990504453704,2.75294071226955,-1.2764566683266,0.813239135780721,2.99865366017809,1.89181260690031,-0.818365820597107,-1.22216786495925,-2.26739532917105,-3.32073429754877,599.29,"1","2",NA
"500",3.64567107852967,-0.415292632309279,-0.631863024995403,-2.30548728388479,2.72660014011829,-1.29448407533643,0.79688637480421,2.95837957023418,1.85502299599901,-0.770085117971507,-1.26221236724886,-2.09996283001118,-3.20317282792791,599.79,"2","1",NA
"501",3.63212936532584,-0.479205938718941,-0.661914878744046,-2.21013926596691,2.69028308938975,-1.3482896220839,0.798876965825529,2.97392383987884,1.84755934237782,-0.865052451675726,-1.32338042332388,-1.89283306968723,-3.16195695259715,600.29,"2","1",NA
"502",3.61829601481691,-0.516921948192862,-0.670945137167417,-2.0736141331591,2.71095850072411,-1.31856252172616,0.742854313265952,2.95271735761899,1.8301601407697,-0.848388374959335,-1.32334885564997,-2.01581087003032,-3.08739448631051,600.79,"2","1",NA
"503",3.63128519783574,-0.594168818058278,-0.669966585278433,-1.7395862121665,2.73616330510934,-1.3180460884782,0.808330412664345,2.98004617372793,1.86075049293946,-0.801066599137835,-1.32977440504728,-2.21598768168416,-3.34797919242611,601.29,"2","1",NA
"504",3.61681374416325,-0.318983036807161,-0.664464796823117,-1.8650810040571,2.6911446848652,-1.34722547436285,0.727608269806151,2.96615849019345,1.83136819856844,-0.77948665070731,-1.29601974948365,-2.20320068750891,-3.35863198784639,601.79,"2","1",NA
"505",3.66790917247144,-0.413356157127991,-0.691857837234811,-1.99344360750793,2.71102282168657,-1.40459133130083,0.749715245233641,2.99194065903177,1.85208511585972,-0.76115714454251,-1.3288002683787,-2.0247723095742,-3.35469435861618,602.29,"2","1",NA
"506",3.65445179490626,-0.447606994858229,-0.667778344919566,-2.10797908449303,2.72278238042318,-1.31425746039583,0.782519988954904,2.98235332074904,1.86046613310918,-0.821627465684197,-1.13568500676758,-2.07196619056806,-3.43567307045607,602.79,"2","1",NA
"507",3.66080847879772,-0.456921021718676,-0.599411457893426,-2.13359788747172,2.7193758088266,-1.36613867394723,0.70617254327957,2.9610133423178,1.84454911625445,-0.785365727166291,-1.33848369779162,-1.96912169099778,-3.2428791324894,603.29,"2","1",NA
"508",3.63101627838775,-0.420353891463939,-0.636229781253807,-2.35551045674188,2.70253676281173,-1.35563300875946,0.727199005183124,2.96079794240398,1.82168155468734,-0.805441544490689,-1.13687642462019,-1.86394606838957,-3.26924036775437,603.79,"2","1",NA
"509",3.62512477792997,-0.456374552275769,-0.689659554983453,-2.34249678295211,2.70412301741094,-1.23818838238428,0.827078666966112,2.97932247969688,1.84099900225205,-0.805803008848032,-1.13389760006374,-2.13643376075571,-3.17379430199287,604.29,"2","1",NA
"510",3.59689568474209,-0.38371268624318,-0.788968523658941,-2.41294984766074,2.6696472490511,-1.25893030402099,0.795939976928341,2.98488135815982,1.79924065615766,-0.751995735747966,-1.24134232783683,-1.86584757567461,-3.14285792419575,604.79,"2","1",NA
"511",3.64797923809033,-0.451002686983272,-0.677191705084664,-2.40359599326859,2.7359469250534,-1.21899325674496,0.831394193008522,3.03876870763194,1.84994480755196,-0.820418247927313,-1.24267982126433,-2.17070419254072,-3.11944796752229,605.29,"1","1",NA
"512",3.63954997633404,-0.50716328221576,-0.639545401849884,-2.36880057874073,2.7166045818598,-1.24268164428279,0.82539060163284,3.01615126775095,1.81574030086641,-0.781518658203842,-1.3799112659744,-1.94883290926594,-3.14498298791067,605.79,"2","1",NA
"513",3.64584918000914,-0.408680741264435,-0.662172622786386,-2.15550877773125,2.71074279891145,-1.24629430568381,0.829104212780337,3.00738438030496,1.81555388371114,-0.815333871455794,-1.33500911049877,-2.20562193205095,-3.18001309424564,606.29,"2","1",NA
"514",3.64081649064197,-0.311398530226393,-0.60040677771372,-2.27712669723114,2.69638092985697,-1.24150752291046,0.754492335656373,2.99592451774235,1.82076772283955,-0.864176138455839,-1.30595935513115,-2.06800034333132,-3.23980663173719,606.79,"2","1",NA
"515",3.62614929426095,-0.366372217711821,-0.677845177118023,-2.17578244854718,2.69257996263719,-1.27836656080366,0.754587369648285,2.96454758880651,1.79778001101905,-0.847702739927972,-1.26082816859263,-2.0071885201305,-3.2215583935402,607.29,"2","1",NA
"516",3.62537646871833,-0.397549617684297,-0.705477302711644,-2.30052647769364,2.70778154901194,-1.28347224643385,0.781547305681911,2.95659680130659,1.83111507652849,-0.818622938411692,-1.20756924650888,-1.98961995221049,-3.19957941959274,607.79,"2","1",NA
"517",3.66115659889105,-0.38145467087538,-0.620699674990931,-2.44000809066251,2.70971012042556,-1.30613865210756,0.779622166531172,2.98343977483868,1.86941204802227,-0.794598997607909,-1.20758697837906,-2.05434560985053,-3.19850803423484,608.29,"2","1",NA
"518",3.66984918654454,-0.366750301478405,-0.699805951641616,-2.59587413522096,2.72718071326752,-1.31515932381957,0.775987809527711,2.98635671352573,1.84957138943818,-0.761454676994344,-1.09780100338938,-2.01233065467924,-3.15976976508016,608.79,"2","1",NA
"519",3.63756060731371,-0.360787603972829,-0.695958362303055,-2.32263808117166,2.70649550699203,-1.26946618590132,0.815482747118777,2.97758201090752,1.81688946302377,-0.762803517894644,-1.25929716272942,-2.06933026189337,-3.2137291594895,609.29,"2","1",NA
"520",3.64322468481188,-0.383054060951305,-0.656899634391023,-2.28525752178396,2.71212846433774,-1.29790687960568,0.770094169137288,2.97277814655928,1.82896768794159,-0.785372145869732,-1.21080997770687,-2.05789880799297,-3.24999412448623,609.79,"2","1",NA
"521",3.63597692948798,-0.355016079468139,-0.664288427638933,-2.23338231309685,2.69207255137091,-1.30115568667755,0.784175357562073,2.94373433509174,1.84818606995058,-0.824830869132537,-1.33328554664291,-2.05740623616466,-3.13478008464172,610.29,"2","1",NA
"522",3.65492729082522,-0.286774159625457,-0.649286747614996,-2.18624432185629,2.70786345061689,-1.28553656113413,0.832416352699546,2.968144450674,1.89657752550519,-0.847050376863915,-1.28110800680048,-2.20661854105143,-3.31731035537414,610.79,"2","2",NA
"523",3.66302560471225,-0.425192225252279,-0.648551038648904,-2.47202448336649,2.72464152945241,-1.22275968984884,0.816874792869855,2.97782585408215,1.90489189393374,-0.800551180012934,-1.25810134818738,-2.10815327255716,-3.15192643717641,611.29,"1","2",NA
"524",3.64326402599879,-0.396787799184109,-0.663546848063041,-2.46994631772168,2.71087848270669,-1.24623359971785,0.809488906718134,2.96543630194444,1.8639662301611,-0.767915618459754,-1.32685136556652,-2.09405422659717,-3.02769817221904,611.79,"2","1",NA
"525",3.64718976566292,-0.376921172683867,-0.66654839260754,-2.07559885558053,2.67977249716742,-1.28277299283019,0.840064151873595,2.97610316229413,1.88449909810606,-0.774643307535111,-1.3206612607497,-2.07985720126311,-3.45062549185408,612.29,"2","1",NA
"526",3.70343142285472,-0.310101695817429,-0.69231427977031,-2.63804008003719,2.74877841348676,-1.21968456942068,0.85639299490338,3.03276144242085,1.91285784574043,-0.785175396083582,-1.22375406948044,-2.18102364631827,-3.20412838247823,612.79,"1","2",NA
"527",3.70223575850837,-0.486051130561834,-0.69842391851286,-2.75558143306944,2.76944537378214,-1.25827061600204,0.842799224826977,3.03566831977573,1.90683467095826,-0.811737827423678,-1.22864589821711,-1.89271586786886,-3.12555665619565,613.29,"1","2",NA
"528",3.73194462249119,-0.460635847917504,-0.620591411202992,-2.76292416097169,2.7606354433145,-1.15943864706489,0.847071038831503,3.04427777758018,1.87248161699657,-0.798117795668958,-1.23345477498636,-2.06977698041175,-3.1514708809898,613.79,"1","2",NA
"529",3.73084460068193,-0.393901348569301,-0.60312519667317,-2.74819071277385,2.76517775865888,-1.2080660306313,0.83507906659289,3.02648152106533,1.89852586896968,-0.850846537773817,-1.09689098787321,-2.19693779120419,-3.15815021046986,614.29,"1","2",NA
"530",3.71495894904022,-0.262005722058266,-0.670111379460839,-2.71706662367777,2.73079696086332,-1.25149908166337,0.830290410758379,2.9821865615967,1.87658028073282,-0.778941803845108,-1.2325442658026,-1.97309054225855,-3.24955374422494,614.79,"1","2",NA
"531",3.73694728331985,-0.251932915692535,-0.592275561040696,-2.85705546469303,2.77535235945859,-1.19506030152025,0.850948544071185,2.99352235087189,1.91913033516074,-0.76109844362178,-1.27948593352264,-2.12018998206161,-3.21880227072972,615.29,"1","2",NA
"532",3.72007969751604,-0.276221636979614,-0.664744743782185,-2.84916794148281,2.77912513591075,-1.24344060844524,0.865881230364511,2.98822378471969,1.92385373195604,-0.820665335575902,-1.21939938378765,-1.90237086518777,-3.30115306522587,615.79,"1","2",NA
"533",3.72875638007352,-0.462184932904627,-0.642685192370047,-2.58342737126692,2.75648694717628,-1.27203431832015,0.811565233508354,2.98927529326257,1.91403131314722,-0.770207395017856,-1.28426154488971,-2.00919143987653,-3.17612297252212,616.29,"1","2",NA
"534",3.67422220241669,-0.414889118038719,-0.592112957761005,-2.52371911871806,2.70357951614948,-1.32784922996123,0.760615856010595,2.97130415610151,1.86298952070187,-0.845147993768073,-1.26578990258509,-1.88958966458824,-3.11361326595974,616.79,"2","2",NA
"535",3.71845056703152,-0.391210245696105,-0.573157070923188,-2.45591302160915,2.7555334539484,-1.22913408364104,0.793888719999864,3.03685844329066,1.90715665082031,-0.789278817264609,-1.28744964396951,-2.05805251288621,-3.42769243910096,617.29,"1","2",NA
"536",3.68180342983667,-0.331253976909807,-0.669902492953615,-2.32541095950451,2.74366660215304,-1.23891230318444,0.866253875195381,2.99189326144292,1.89377517753483,-0.892456167444223,-1.3899142145662,-2.03464429568777,-3.2948979359123,617.79,"1","1",NA
"537",3.68266934162039,-0.320521456461263,-0.705009211805506,-2.41844972461069,2.74517243485461,-1.23450921904736,0.856210339082463,2.96230830728395,1.91590303284323,-0.823309784936096,-1.27094786325376,-2.29858118246329,-3.09093501310668,618.29,"1","2",NA
"538",3.67689249496731,-0.301774298045478,-0.602191041120582,-2.35431966019062,2.73081185267735,-1.29276112206678,0.837568261191151,2.98905832425596,1.93759284520936,-0.823057812449191,-1.27473648853111,-2.24450479418341,-3.27857856171395,618.79,"1","2",NA
"539",3.65558810295202,-0.480378016941344,-0.673029423236876,-2.22537794957528,2.72790168229536,-1.25286059669788,0.876992313344578,2.97568140675927,1.92433443921248,-0.921609118728638,-1.26209486069177,-2.14256649476097,-3.20258148393094,619.29,"1","1",NA
"540",3.65165715965767,-0.382813218451418,-0.685054728458909,-2.27264363421043,2.7267984548291,-1.28277651520438,0.83056383511468,2.9792912077776,1.90451963866539,-0.878628930343455,-1.26031828896705,-2.1087969771443,-3.22179800326451,619.79,"1","1",NA
"541",3.65481088462865,-0.360128506723183,-0.620268311823121,-2.41030986274515,2.7506849112906,-1.19181886046416,0.865103975292479,3.01850714258377,1.87402218629035,-0.840364585086661,-1.31238438729085,-2.10022359453952,-3.3276309914132,620.29,"1","1",NA
"542",3.65632282106133,-0.472526402503796,-0.739159159764324,-2.4782600941778,2.74501027998219,-1.12396178556729,0.913215116069995,3.03961939062025,1.89157588709741,-0.793525743821765,-1.20827805446886,-2.11645049100907,-3.31358176351829,620.79,"1","2",NA
"543",3.65185706633575,-0.463347857966028,-0.676236821424028,-2.27387301104263,2.73687837775037,-1.24681021788999,0.822115112475826,2.99562799069622,1.87594643576864,-0.833607916495066,-1.30526293023673,-2.01101531971565,-3.27227090825668,621.29,"1","1",NA
"544",3.61841780561851,-0.326331983465887,-0.693458448595305,-2.30108967580446,2.71193145823818,-1.22191906875093,0.852294104875468,2.96847438530201,1.87822848859389,-0.837115852706725,-1.31744399553812,-2.14745485876914,-3.1845323589975,621.79,"2","1",NA
"545",3.59334912532612,-0.318683662397055,-0.678613031548198,-2.30769585500972,2.67858814446934,-1.29196019342985,0.781516994862069,2.92729524311214,1.8289495005319,-0.837859039978175,-1.33190608855788,-1.89717948077567,-3.14580165660501,622.29,"2","1",NA
"546",3.63855769918355,-0.445258741305603,-0.654997726898557,-2.23549687699911,2.74481027531929,-1.23862779830634,0.853999077361738,2.98997782193028,1.85018673834565,-0.805003146538371,-1.25591217921958,-2.18931613193574,-3.2529190109372,622.79,"1","1",NA
"547",3.69584977140252,-0.343126311225414,-0.700225911060782,-2.44596914300213,2.80672526071722,-1.28347992766319,0.875062066574948,3.01855742555169,1.92172242964437,-0.812690703702554,-1.26349564260972,-2.07167259771358,-3.39725671691338,623.29,"1","2",NA
"548",3.70519471775874,-0.597360623535675,-0.574947910824309,-2.36836273550403,2.79908371212328,-1.27041335703587,0.860010588535012,3.02551328892142,1.9448618288487,-0.844599663656723,-1.24229774242723,-1.99522367441301,-3.44145842879031,623.79,"1","2",NA
"549",3.72429668911353,-0.620395792697721,-0.596726048611817,-2.49510815287814,2.82923386133639,-1.25505477198772,0.906012685479608,3.02665122790231,1.9832327497573,-0.881774280434209,-1.2490925151733,-2.00915885547697,-3.36211679632927,624.29,"1","2",NA
"550",3.67551050925374,-0.521126497508409,-0.666965601089709,-2.42912460054147,2.7704365512717,-1.26239945711721,0.830333190042374,2.96889197416151,1.92280519655081,-0.885336938097635,-1.25239453260941,-2.0771481773843,-3.07348161693199,624.79,"1","2",NA
"551",3.67008017326133,-0.319815930054,-0.712975508699206,-2.40877833070449,2.75608344209548,-1.32145400181024,0.818996555309834,2.95990239635268,1.93273185375211,-0.946610064896624,-1.1724766392632,-2.08403643386877,-3.17164751147491,625.29,"1","1",NA
"552",3.70736652294233,-0.427726871013376,-0.630965335140094,-2.44430061435011,2.80501091591798,-1.22431708289794,0.865454053771582,2.99852772436779,1.97283050140669,-0.833119402280778,-1.23597524602533,-2.27884162720014,-3.27394353949859,625.79,"1","2",NA
"553",3.65172301460712,-0.394002153747191,-0.660073067944395,-2.26692811196024,2.75415967271206,-1.25415537092225,0.823097644012566,2.95063513026022,1.88272289071138,-0.839364736729755,-1.24143215817159,-2.11856740827115,-3.28781534455677,626.29,"1","1",NA
"554",3.68482797129932,-0.412952507060698,-0.63074424330296,-2.29817201680492,2.7679673488602,-1.23435402314432,0.84500777053914,2.96321480328256,1.94997988666962,-0.833257828160487,-1.15762929086497,-2.26723233327009,-3.37665553804241,626.79,"1","2",NA
"555",3.66373465839565,-0.474512496519922,-0.723997630647507,-2.3094270030296,2.76555861018877,-1.26840258923445,0.845435710094594,2.93983716293314,1.90488798179469,-0.847591911451625,-1.27227606083025,-1.96413041638789,-3.2591160153056,627.29,"1","1",NA
"556",3.64145873835542,-0.475548245316631,-0.616945322558525,-2.21911408023486,2.72340391426987,-1.30959519685045,0.809646936224488,2.92012553639747,1.8756144960359,-0.855082159395503,-1.27666638639179,-2.06320128541421,-3.15409694512117,627.79,"2","2",NA
"557",3.63450677830125,-0.406568323288928,-0.70569866608634,-2.2699361507059,2.71510577862407,-1.25754777540692,0.828757749606548,2.94232573916837,1.89523668600831,-0.896505806510061,-1.1518724478466,-2.20941348127779,-3.11839008058602,628.29,"2","1",NA
"558",3.67558256610054,-0.301846027778584,-0.655646373977872,-2.32401721114281,2.73458934153983,-1.27915503576706,0.834500369367383,2.96863236354687,1.92401577918866,-0.85775333539608,-1.11871322852769,-2.00564998147323,-3.59453922567995,628.79,"1","1",NA
"559",3.6502289724162,-0.447316421779011,-0.712048302990309,-2.1153982225108,2.69910809130252,-1.31643191587453,0.806866899161319,2.93688074678229,1.89023766546812,-0.892117606579938,-1.22012186097128,-2.03324060393264,-3.24664744049193,629.29,"2","1",NA
"560",3.69532250882632,-0.315682951300217,-0.668260992250462,-2.24849705147959,2.76026642507064,-1.28107697308283,0.863924763909418,2.98483968042683,1.938892058102,-0.92201650708765,-1.22389932939816,-2.23943080624183,-3.34438082549449,629.79,"1","2",NA
"561",3.66399696700212,-0.386859583796417,-0.687767960257631,-2.30166933556043,2.7423989319774,-1.29780820310993,0.801792499857348,2.93903668853978,1.9148048822819,-0.945891830996153,-1.20274643965267,-2.08845374815475,-3.15083286813058,630.29,"2","1",NA
"562",3.64421885099076,-0.260277688509385,-0.703249468499878,-2.32294388110117,2.70664222799389,-1.2802228233812,0.809326039644387,2.92678948559112,1.91422761450352,-0.951520559995873,-1.16903196362221,-2.12543058895329,-3.18852724466067,630.79,"2","1",NA
"563",3.67495636750342,-0.377050654473568,-0.679462181254412,-2.36173741764078,2.72846183706929,-1.31353276215628,0.829362257540467,2.93454758201778,1.96681385200673,-0.824327280388784,-1.16934657758846,-2.10248599615378,-3.30619902648163,631.29,"1","2",NA
"564",3.71086234053357,-0.282822736205613,-0.704872407185941,-2.38794554702424,2.76103079274317,-1.32187409047942,0.844708980200121,2.95505231561944,1.95270864817249,-0.84172365814796,-1.22359481706926,-2.16843719697611,-3.29309262418024,631.79,"1","2",NA
"565",3.70508478389899,-0.125851648186917,-0.684126204223502,-2.35316307231169,2.69232122674371,-1.39263709056962,0.737690755185462,2.89241312974024,1.93166752868927,-0.802251362509747,-1.208266555895,-2.29767733369951,-3.09520415686169,632.29,"2","1",NA
"566",3.69346159971616,-0.254218925406565,-0.650325676445764,-2.38392922551674,2.72681894110619,-1.43802484127899,0.643553511886991,2.88031708346487,1.90450045021704,-0.794348179137854,-1.12617470008307,-2.05556076095864,-3.14606927756364,632.79,"2","1",NA
"567",3.68524045167761,-0.367876769567695,-0.717691830843553,-2.39086666116589,2.7139709731998,-1.3296249463629,0.811158585076053,2.9273057026829,1.9077696549435,-0.865646827815804,-1.24495765779471,-1.88776308349381,-3.2410175905355,633.29,"2","1",NA
"568",3.74182929709914,-0.270205064376786,-0.754185143403924,-2.3061861486453,2.6937610671839,-1.25572320387478,0.838314637610527,2.93454807064624,1.89365205646747,-0.860311915934602,-1.33763611968647,-2.16994639538458,-3.14791113770084,633.79,"2","1",NA
"569",3.85859959810579,-0.117783961235808,-0.768332947874243,-2.22444445215696,2.64977913283015,-1.23108696531392,0.857561533419662,2.92339293932388,1.92297028981047,-0.995199035920391,-1.47487916766344,-2.17705983332105,-3.22351713000413,634.29,"2","1",NA
"570",3.93802487893573,0.0356289155475493,-0.679678988076962,-2.17727187857397,2.52245272449195,-1.27680278897502,0.826736304283876,2.82747972004596,1.90443545916177,-1.08824679802264,-1.51506950186345,-2.38143692497101,-2.93625112198378,634.79,"2","1",NA
"571",3.93488601568286,0.0283229357747992,-0.712981697766119,-2.23718435452406,2.50301416700181,-1.33985246276262,0.781562738351432,2.78246472677806,1.90296492752763,-0.85476972668976,-1.38340773413971,-2.15186850900518,-3.25315102622917,635.29,"2","1",NA
"572",3.84397784745573,-0.222609707121014,-0.69007734634498,-2.25655015116329,2.63912874605455,-1.3123000035201,0.783158034369639,2.87481692258439,1.89293772197359,-0.88922622327146,-1.26636895073867,-2.12563874336485,-3.27124814691354,635.79,"2","1",NA
"573",3.72563497608343,-0.460403982844658,-0.668124997891519,-2.23338708370693,2.70080417843805,-1.29414741884723,0.827246368430753,2.95431790502833,1.86804539501997,-0.886938631134242,-1.21145016269779,-2.19399468199627,-3.12760186388189,636.29,"2","1",NA
"574",3.69778107980202,-0.50035821113888,-0.644946421508202,-2.24337239849369,2.76180217214065,-1.21670681380764,0.8864465443699,3.0234255826475,1.89177979548843,-0.814677397290334,-1.08579138001469,-2.26148883599899,-3.49389371619607,636.79,"1","2",NA
"575",3.67534498658671,-0.470424976652054,-0.691758299684936,-2.21514296794336,2.74419599911431,-1.20566578381024,0.866227657459294,2.9981097387157,1.88511894127815,-0.872799591213835,-1.36107710042594,-2.02093611336919,-3.33119249005461,637.29,"1","1",NA
"576",3.65567648530661,-0.365961132161128,-0.71314980907771,-2.12323442531801,2.70787970156038,-1.21467768404359,0.859626460176863,2.9560958016897,1.89071640032699,-0.921498327026571,-1.31076456291609,-2.20424061702408,-3.21646829149336,637.79,"2","1",NA
"577",3.69654978890186,-0.442137194533059,-0.73308350217968,-2.21153082273071,2.72509659957569,-1.27758858028123,0.874869803011901,2.96110585828546,1.93994044303659,-0.843379507869621,-1.28535757730361,-2.15818484202542,-3.24630046588818,638.29,"1","1",NA
"578",3.6944886876887,-0.455727121389481,-0.732943982050165,-2.03692921968358,2.70961351806638,-1.23551382310859,0.856594132374932,2.93761757197397,1.93328228754856,-0.934300386926975,-1.38621814338356,-2.29751949042701,-3.05244403068319,638.79,"2","1",NA
"579",3.74033977465415,-0.549396641507086,-0.727604658975248,-2.08879798437273,2.73268540765731,-1.22311305317792,0.859678304973056,2.97166398982921,1.94804447788191,-0.88474831904987,-1.27761158780403,-2.24038980917019,-3.26074990093855,639.29,"1","1",NA
"580",3.74171846946503,-0.401197356431543,-0.729513832538704,-2.1479729676293,2.71665168445894,-1.28148986652074,0.82984351728308,2.9487832524191,1.91143976089073,-0.863101052099738,-1.36569800717334,-2.12011601312633,-3.23934758899718,639.79,"2","1",NA
"581",3.7559905565259,-0.416411710267271,-0.744747392648505,-2.18986403205097,2.71730489491757,-1.32236346434625,0.810153265348166,2.94768357458993,1.92497486162886,-0.853923557076694,-1.21961349606116,-2.18731625997217,-3.2218672405874,640.29,"2","1",NA
"582",3.75912951856438,-0.551543563020751,-0.698676670189363,-2.25754999190439,2.7535099580885,-1.27154027488075,0.831854253035128,2.96873764488515,1.92332234829513,-0.873104060146281,-1.19785067673488,-2.13271279419447,-3.2535756917974,640.79,"1","2",NA
"583",3.71639727138907,-0.431094690570555,-0.652758337627951,-2.36765696110096,2.70879984837893,-1.29270241654275,0.822637939960125,2.95689637896271,1.89036901432548,-0.867148606703463,-1.214450219643,-2.03851181709759,-3.23077740373004,641.29,"1","2",NA
"584",3.67854802711535,-0.417188356336234,-0.712577958249493,-2.2920852044374,2.6963893728985,-1.29052453774416,0.79361499915369,2.93983110166229,1.86774180141909,-0.897355822371976,-1.34406866828363,-1.86787143708042,-3.15445331774561,641.79,"2","1",NA
"585",3.66372040582587,-0.453758630259324,-0.712700187449313,-2.0034773079918,2.68601372824977,-1.34508876079703,0.804119438902815,2.93391672607086,1.87617078737493,-0.86805381781576,-1.25920938071103,-2.08691893013378,-3.23473407126621,642.29,"2","1",NA
"586",3.65954217943482,-0.307821637724589,-0.675803223192868,-2.00285967539058,2.65340238610024,-1.29410072935853,0.839729568993819,2.92423690813928,1.84969538167374,-0.805341222080696,-1.2523015876173,-2.19501968118483,-3.39335866779251,642.79,"2","1",NA
"587",3.67758616495704,-0.491979328335699,-0.648037969776355,-1.96575377983557,2.66301755164112,-1.31278416950807,0.824392628716098,2.91727187427391,1.85194309029024,-0.782457402178832,-1.23431946035856,-2.24456764947702,-3.25431155040829,643.29,"2","1",NA
"588",3.68702963647967,-0.447560678561272,-0.704998461392099,-1.96698516937805,2.6879206796005,-1.27552860629601,0.819734655777551,2.94700030926386,1.83026378237698,-0.860074077895246,-1.2389796877659,-2.21492691318032,-3.26289546902967,643.79,"2","1",NA
"589",3.71197655984848,-0.584134000851989,-0.704909811514288,-1.91406148998363,2.67927614617005,-1.21963307926763,0.845664411012305,2.96468209211782,1.85989237024863,-0.829652151493511,-1.27965768906583,-2.34287396208878,-3.18656939513162,644.29,"2","1",NA
"590",3.71521574432687,-0.348495190115312,-0.678596784991917,-2.00367341098236,2.67927734437364,-1.29760931143381,0.796936112545427,2.92423696827827,1.88735778530036,-0.873246544230228,-1.22536125128447,-2.24938165779667,-3.32665980398979,644.79,"2","1",NA
"591",3.74459660512063,-0.290910415584019,-0.703495316007208,-2.10026718722948,2.70934817772753,-1.28387584584007,0.844088113429733,2.93081996173482,1.94143041888352,-0.896135413028003,-1.31419741255971,-2.15499705513457,-3.42640463151317,645.29,"2","1",NA
"592",3.73515018011198,-0.437017521367087,-0.745914562349716,-2.12654776803487,2.71215695676999,-1.27419358798054,0.837602286582294,2.92152832691248,1.92882121227716,-0.899457154593627,-1.37467530146214,-1.94961705987579,-3.32783600699014,645.79,"2","1",NA
"593",3.71794304740842,-0.431284169869758,-0.700483931901538,-2.18905419207613,2.69786503766368,-1.34078581117117,0.798830890067018,2.91307359720209,1.89612930576328,-0.860243151388406,-1.22094354154866,-2.08505398950003,-3.1959930906488,646.29,"2","1",NA
"594",3.71535090396603,-0.514440722283729,-0.715058034588254,-2.15626815330426,2.71006305397971,-1.30861587150629,0.808424900977936,2.92722497188588,1.91261013070686,-0.833134712883658,-1.31894543797387,-2.00887545758204,-3.2183355713943,646.79,"2","1",NA
"595",3.72718742102902,-0.487393845286712,-0.680874533857283,-2.12707648241694,2.71995297578913,-1.25717425186757,0.816806525389085,2.94216997125928,1.90998541683599,-0.813204331493165,-1.21485576023108,-2.09195715100887,-3.44356595414087,647.29,"1","1",NA
"596",3.72787654878113,-0.579600937535145,-0.712704931377533,-2.15546006351401,2.73734964082896,-1.29032825655595,0.83262603109942,2.94975787306819,1.93776330302716,-0.884027477176089,-1.28675171483216,-2.05590359282824,-3.22059642298573,647.79,"1","1",NA
"597",3.70845126854575,-0.31741231546258,-0.704482639202064,-2.12461816370087,2.72096903512212,-1.29156902396352,0.811523072062129,2.92615612199599,1.92807654307907,-0.881796324352673,-1.30708961770444,-2.19292114209388,-3.27528681432503,648.29,"2","1",NA
"598",3.69905546147313,-0.369914610250509,-0.719234989349571,-2.1594659637594,2.6850141572696,-1.43497080618858,0.744869060018125,2.89792241904121,1.90922846942493,-0.827342220487454,-1.3818955333339,-2.01278729877085,-3.03047814508673,648.79,"2","1",NA
"599",3.69636478331228,-0.548277256279668,-0.692747638779073,-2.07463290620392,2.67241268530246,-1.29645284117834,0.770258684179486,2.92959064983316,1.88757106901068,-0.857359506790081,-1.23347474277034,-2.073868087811,-3.17938489182565,649.29,"2","1",NA
"600",3.69430876369299,-0.336696752742802,-0.715981839916451,-2.12090601721871,2.69598564958726,-1.3644829888423,0.758185679463215,2.94783384278088,1.89631121925889,-0.830080201569803,-1.23369597545495,-2.2016747735694,-3.1891066054688,649.79,"2","1",NA
"601",3.71178581426453,-0.49427311741514,-0.683641468263649,-1.99436866613352,2.70471262022002,-1.35863239278692,0.791234075307648,2.9820542391706,1.91995498120221,-0.851906068771865,-1.30157920333808,-2.1070680788017,-3.31827273465413,650.29,"2","1",NA
"602",3.6618426963243,-0.447347209361333,-0.744145292976449,-2.01389800241565,2.65698026109801,-1.35949744935793,0.744291875798211,2.92419659194736,1.87819266019065,-0.846571821199488,-1.26613321254798,-2.08993896486197,-3.09797213263773,650.79,"2","1",NA
"603",3.66776386820702,-0.355364243322778,-0.677431710556275,-2.09976600815936,2.67983279150172,-1.31639523507839,0.803057633814283,2.94817194500758,1.87766956292364,-0.838520117669518,-1.22308750337894,-2.05637850004577,-3.40955248324321,651.29,"2","1",NA
"604",3.65823840223433,-0.419999016289937,-0.640211101715497,-1.95292663788512,2.68329000121171,-1.28264706521478,0.777757563310093,2.94987919550164,1.84082336914842,-0.890568736691464,-1.34738674637582,-1.97345036390474,-3.40279886332882,651.79,"2","1",NA
"605",3.66548273989716,-0.411851398742614,-0.684640919860635,-2.05969195914946,2.69195605997351,-1.25431640514852,0.779283602527409,2.97099510223219,1.83647282897272,-0.885332210736188,-1.27718401303812,-2.21140182741591,-3.15977159951152,652.29,"2","1",NA
"606",3.68178748169196,-0.458123163809864,-0.764281284235183,-2.08683520885683,2.70503192795293,-1.31111512950929,0.823381574299113,2.95969017741932,1.86791456268815,-0.81270254956346,-1.27856988429088,-2.10801603093628,-3.21816247284967,652.79,"2","1",NA
"607",3.70512288807023,-0.506415821335936,-0.717424552688846,-2.1402471571609,2.69787603661785,-1.23928176436634,0.817784098286068,2.99471884270112,1.88298513001399,-0.829728930298836,-1.31086374168328,-2.15258791435331,-3.2019371138018,653.29,"2","1",NA
"608",3.68781732676198,-0.321958472920582,-0.639574981707697,-2.17130709624792,2.68218847764987,-1.24372389807559,0.803787816859046,2.98188420329142,1.83253563390851,-0.836596624614872,-1.3830648436176,-2.07442087198813,-3.31756666929841,653.79,"2","1",NA
"609",3.70609070585842,-0.297072652740692,-0.601413611179112,-2.21824493931309,2.68451956852371,-1.41792892433854,0.668853493238101,2.92150628204888,1.85427957737706,-0.859010243437273,-1.19608703282413,-2.13994408889934,-3.105548134314,654.29,"2","1",NA
"610",3.70648245750238,-0.417618450385664,-0.636384317122763,-2.2359772535973,2.70651640417917,-1.37321989496316,0.714136806888168,2.88230982936917,1.8949956793,-0.730873478818572,-1.13183499691973,-2.06949207806624,-3.30904070736545,654.79,"2","1",NA
"611",3.68910154787199,-0.325857122097209,-0.70240516928594,-2.15316238282103,2.67584844801685,-1.31874546641339,0.769591224176388,2.88904352674449,1.86860859372154,-0.927868852325836,-1.25692612593465,-2.12845008499754,-3.07877813665565,655.29,"2","1",NA
"612",3.69922778441824,-0.510930581639392,-0.681700730450242,-2.01644993973257,2.69651661714129,-1.25910605994916,0.834339529814689,2.90952502991325,1.90399952738785,-0.89286166499428,-1.31174979343459,-2.20384243180864,-3.16696728666646,655.79,"2","1",NA
"613",3.72509414502316,-0.461364214959319,-0.746667427107395,-2.10605433530736,2.70612347935074,-1.31525933051529,0.806112675381022,2.91213082594179,1.93349048867831,-0.903853010629807,-1.1758622850608,-2.18992576302326,-3.18396524777179,656.29,"2","1",NA
"614",3.70127371742127,-0.404027183722147,-0.673074579979402,-2.191433141503,2.67823763395227,-1.31105322859819,0.749616314447606,2.88377868343416,1.89240170957864,-0.831102835144733,-1.22218239031641,-1.94069808751409,-3.33173661205596,656.79,"2","1",NA
"615",3.71340856734751,-0.478756362476479,-0.711775561898091,-1.92532163439102,2.69510235994349,-1.30095263322145,0.761257213196222,2.90627328708034,1.8908553095309,-0.833635973796537,-1.18138228699097,-2.12747788312347,-3.40759440120044,657.29,"2","1",NA
"616",3.68401274777251,-0.344665175606075,-0.680548247485144,-1.97180505693762,2.66199696921122,-1.33581629021763,0.749562122367606,2.8979135724518,1.86542388291936,-0.87683493027432,-1.30735474616793,-2.1358890261818,-3.20599582185198,657.79,"2","1",NA
"617",3.68065770102725,-0.493860155833663,-0.683026366317583,-2.01236583451,2.6621819240446,-1.3816832026885,0.744265798043128,2.87786881412542,1.85412398078285,-0.872405738028585,-1.18413137891295,-2.04543251226278,-3.14619302946918,658.29,"2","1",NA
"618",3.70505398327731,-0.406193127251037,-0.708981657705357,-2.07762682742841,2.68567192711508,-1.33029362547925,0.769519889305886,2.89256262411742,1.88679871398665,-0.86332381670984,-1.32389928752852,-2.07537203504132,-3.15391676065862,658.79,"2","1",NA
"619",3.72190909093228,-0.379643013452303,-0.695770152671445,-2.19803690426824,2.69845909328813,-1.33651820258556,0.796151762084474,2.90944461244537,1.89404861008218,-0.916436804557955,-1.19245234077591,-1.94901015213517,-3.35214559838587,659.29,"2","1",NA
"620",3.76858986153623,-0.577316568544451,-0.632937947498521,-2.2645454425982,2.75283120994742,-1.24359619579705,0.866787231803332,2.9651392632684,1.94784203054162,-0.851089214582358,-1.12862610151728,-2.31861266386848,-3.28446546269065,659.79,"1","2",NA
"621",3.74502148850184,-0.485629394944622,-0.669495055500303,-2.31873333524361,2.7192303071596,-1.26745498512417,0.804848390092986,2.92516498935854,1.90452140545827,-0.846307381015384,-1.16125183196125,-2.1567170446104,-3.19319755217151,660.29,"1","2",NA
"622",3.76468642236054,-0.436804777657617,-0.630537832039733,-2.23638778858998,2.72369140976432,-1.26134811871411,0.807101846329403,2.93547153477704,1.92719676088149,-0.874179485126566,-1.20838540450609,-2.11829063325142,-3.39221393422727,660.79,"1","1",NA
"623",3.75204124769405,-0.350202760244483,-0.659352477910242,-2.44502596410842,2.71977301151832,-1.35249965847019,0.777030235998445,2.92646890771357,1.89537547624388,-0.887899767596648,-1.22682045595594,-1.92401349503543,-3.22487429984691,661.29,"2","1",NA
"624",3.79702669185619,-0.405908457838126,-0.660642592200558,-2.29610799987943,2.7177135581859,-1.34709287950261,0.773406200215233,2.94516668411029,1.90578029143203,-0.859623894235688,-1.08536304656046,-2.15537642456657,-3.3289781310162,661.79,"1","2",NA
"625",3.79116576076335,-0.450684425154297,-0.537076192190171,-2.4774700369625,2.72489554809032,-1.43241255463104,0.736532319310482,2.93581319040644,1.89010245760784,-0.814611131399139,-1.19007230333621,-1.88687944472765,-3.28930318777742,662.29,"1","2",NA
"626",3.77381526643163,-0.198542950306982,-0.680884120765571,-2.42146829666822,2.71788488048228,-1.29339879711468,0.765653043668745,2.94441865693,1.88335399373112,-0.826484113724719,-1.31800977297937,-2.08724072990083,-3.2590970597834,662.79,"2","1",NA
"627",3.75874322213542,-0.531149754172316,-0.635233094989016,-2.26070715192382,2.72650430454709,-1.29383766659998,0.812534258148615,2.97470944937639,1.86783601475835,-0.832313416991374,-1.27753103090228,-2.02709230074231,-3.28246283264476,663.29,"1","2",NA
"628",3.73864748879017,-0.286241573491756,-0.650959456229948,-2.37561208443717,2.69510873490198,-1.28240813777832,0.796264851229135,2.97533048307594,1.88219396904468,-0.775059266753977,-1.20520610375031,-2.16527947806328,-3.34677942653716,663.79,"1","2",NA
"629",3.6953539177339,-0.422230401963215,-0.664908759298067,-2.45401620954423,2.69462588082093,-1.33184702674968,0.710514893074353,2.92588114399623,1.84885173824799,-0.807149111822355,-1.1379519045617,-1.82593739156028,-3.23118676837387,664.29,"2","1",NA
"630",3.73390384628531,-0.335348343197179,-0.59260506400608,-2.57625554104424,2.70998655952919,-1.31744797537616,0.727312439456963,2.94908642994321,1.86531852446838,-0.810471558219446,-1.1892982697244,-2.04703255213853,-3.11714849597703,664.79,"2","2",NA
"631",3.76712713421157,-0.42232495597003,-0.610426598792014,-2.51345691824119,2.75393615234728,-1.32926612286729,0.730966069750697,2.98420235597933,1.90434290467866,-0.78738210208133,-1.26845595508131,-1.99748989497478,-3.21177206895958,665.29,"1","1",NA
"632",3.74086661031672,-0.413436402388669,-0.554128545208362,-2.5686778338757,2.72932781300528,-1.31857090943845,0.732156837621964,2.96106171867801,1.89008570344649,-0.823291028922952,-1.1187986555862,-2.03633471763375,-3.22026059001439,665.79,"1","2",NA
"633",3.74537382347658,-0.431415359721059,-0.641252928030537,-2.51805723890513,2.73179186737642,-1.28284324509923,0.756042644151327,2.98045100321286,1.86310801627785,-0.726707857851774,-1.11589921381207,-2.15061634806489,-3.20997516301034,666.29,"1","1",NA
"634",3.77864580716812,-0.425003661392969,-0.578035001253557,-2.39543453595242,2.75666398858332,-1.28974718518933,0.772525548924144,2.98897824262696,1.93917081223374,-0.777067992774019,-1.22404978108512,-2.2438496048066,-3.30279663708227,666.79,"1","2",NA
"635",3.73527562163906,-0.230850010896189,-0.655401086884322,-2.49797980450859,2.70984750033314,-1.37440522128057,0.737254380811248,2.92734073120681,1.88115461857525,-0.845863801261976,-1.28000594789105,-1.87412174784481,-3.23224523199801,667.29,"2","1",NA
"636",3.77572845039279,-0.506916123595361,-0.628168647040494,-2.30220827376205,2.73695453519226,-1.34374559950342,0.743084246301977,2.9568499562454,1.90219756832462,-0.794878112074162,-1.28027395204252,-2.17781864109562,-3.08080540734341,667.79,"1","2",NA
"637",3.77771962487215,-0.416388947342332,-0.588229548823561,-2.32276945522214,2.73033304893136,-1.3181861162023,0.720564275080482,2.94344236576633,1.89100458816857,-0.794952071142789,-1.30607851464482,-2.1236119054998,-3.19284734394116,668.29,"1","2",NA
"638",3.76891154198835,-0.333070038578728,-0.641142580988578,-2.07019154531603,2.68885069911612,-1.35162905762483,0.717205093278771,2.9060094822101,1.87390138217984,-0.776169860204684,-1.24908619604149,-2.18495651900183,-3.348632401017,668.79,"2","2",NA
"639",3.77151491266368,-0.425943246099008,-0.621679525124124,-2.35329772968017,2.71314876706441,-1.33519708187121,0.716911646202857,2.91666791172273,1.88623644489678,-0.826966285173613,-1.28647951034817,-2.04758302433906,-3.10733327991512,669.29,"2","2",NA
"640",3.80806299684039,-0.323014466490872,-0.593053056883335,-2.52425568959451,2.73621337219901,-1.32326274107205,0.758414524503812,2.94196324795544,1.93520801203766,-0.775899882889832,-1.24181371069999,-2.08196102220726,-3.31660158369848,669.79,"1","2",NA
"641",3.78363651950155,-0.275745793860749,-0.644817395252763,-2.48956550809998,2.71249303605352,-1.36322867141701,0.724430962175852,2.9305695818131,1.88490251159998,-0.765938695252067,-1.2608413212386,-2.15395422719273,-3.08194099883008,670.29,"2","1",NA
"642",3.78610425545344,-0.312149820320453,-0.597837874165369,-2.51483292649379,2.7446808812593,-1.3914879763757,0.746384919334931,2.96245988762221,1.90989570778183,-0.797623613817554,-1.26383083184662,-2.03884355303125,-3.23291905540099,670.79,"1","1",NA
"643",3.80827862619293,-0.488505134710787,-0.593414844545584,-2.55751764999039,2.76370799745566,-1.32621099896342,0.785765066909541,3.00011123634294,1.94903703349668,-0.792209366849507,-1.32503935266653,-2.08350599934712,-3.14049661332441,671.29,"1","2",NA
"644",3.77303107340964,-0.240709338026163,-0.622266882206641,-2.53142944787678,2.73105479448711,-1.31636454283054,0.749915450606501,2.96313977451715,1.91105588232968,-0.761924326906777,-1.33246918537439,-2.18674923083774,-3.13628402129105,671.79,"1","1",NA
"645",3.75416430527115,-0.416867856471626,-0.650427581078564,-2.58693209269824,2.72918785546217,-1.3022917129589,0.74793690427012,2.96438533468008,1.88541792493683,-0.849021432595877,-1.2832503616549,-1.88400328866258,-3.10829799849966,672.29,"2","2",NA
"646",3.74917560791168,-0.285356628821185,-0.654767218497496,-2.4590016599866,2.73626358412386,-1.32958259967573,0.728040238848222,2.95489727351164,1.88924828036224,-0.852348618231429,-1.31803899727741,-2.01675515454679,-3.14177410772099,672.79,"2","1",NA
"647",3.76384966744842,-0.284587581868672,-0.653697266755847,-2.47051567977147,2.75270006080129,-1.37271573883284,0.700560963554199,2.95039651329129,1.90942290555472,-0.79190626787518,-1.26496069292111,-2.02876993319136,-3.20977694943344,673.29,"2","1",NA
"648",3.76535474298168,-0.359338527968637,-0.630988484096613,-2.45935053230222,2.73694338129077,-1.33320996188778,0.711600782318194,2.97617194299219,1.8874021360114,-0.775257975567391,-1.24348698145476,-2.01478740290032,-3.26105311941651,673.79,"1","1",NA
"649",3.74986300746436,-0.391444701165888,-0.612256947189012,-2.4834125026649,2.75398683167914,-1.34787535929308,0.735895401712647,2.99062202654554,1.86352174033982,-0.796169123365069,-1.31375529440612,-1.98078364610309,-3.16819143355433,674.29,"1","1",NA
"650",3.75347818079613,-0.296987660981215,-0.608965384577546,-2.36941541615304,2.73083121738013,-1.36389355055095,0.719376216663098,2.99101313276672,1.86556338981732,-0.76666649186974,-1.19225036297255,-2.17906168766183,-3.28302158265653,674.79,"1","2",NA
"651",3.75197741487151,-0.440351077451376,-0.638261016084734,-2.16204060092863,2.70674102565287,-1.38762396954396,0.673776775639126,2.98753401338842,1.85915479465976,-0.802702049797269,-1.29145967601633,-2.13492918964688,-3.12181644474252,675.29,"2","1",NA
"652",3.75850647802932,-0.350453230308396,-0.550019690835393,-2.19806245247301,2.70262625229648,-1.45084805064279,0.672764021031537,2.99649909471871,1.87826132152966,-0.751254254447893,-1.24226132030566,-2.18310890280595,-3.28264926578662,675.79,"2","1",NA
"653",3.70425962731957,-0.39437868028699,-0.636452118714166,-2.26140301723487,2.70004737321012,-1.43585711578615,0.682433703444108,2.99198777952497,1.84544644457923,-0.797415263081928,-1.29437205141388,-1.9763459313757,-3.12795075018432,676.29,"2","1",NA
"654",3.7237007574525,-0.364217007149618,-0.616025873017852,-2.29297407697868,2.71225642587156,-1.3790671364598,0.668086644091583,3.00889847035482,1.84430136561103,-0.709668304821429,-1.34851246813783,-1.94887791524681,-3.29790088156947,676.79,"2","1",NA
"655",3.7445544379155,-0.430235587016237,-0.629561812249145,-2.24047874140691,2.68852300274534,-1.4267771608302,0.649430374796982,2.99947526297278,1.80941405824435,-0.760852440494805,-1.25503480554052,-1.94335937944053,-3.2050972096966,677.29,"2","1",NA
"656",3.84840298010736,-0.199206387903526,-0.591772986381663,-2.30560860802795,2.70025240633419,-1.41431388204359,0.617687934564685,3.0081485722085,1.8513603799751,-0.758313205221014,-1.29248736158304,-1.99287680745513,-3.47127303457394,677.79,"2","2",NA
"657",3.90866059063162,-0.227461591335768,-0.58657305378297,-2.24723404750784,2.67431970603951,-1.56366114013446,0.576315667173091,2.91392305455977,1.86867504925547,-0.85968671040646,-1.37461121481182,-1.92214603931843,-3.1605202703617,678.29,"2","2",NA
"658",3.96741883813871,-0.332673580144256,-0.564882677198144,-2.34068793969134,2.7243156263443,-1.49650050171852,0.607597660397969,2.93791112094817,1.92998517445748,-0.816224785990587,-1.33513816802106,-2.14116206404512,-3.13995870347761,678.79,"2","2",NA
"659",3.94652963486545,-0.380153921268894,-0.557861859729336,-2.57305260865799,2.78544577730917,-1.396059202286,0.683714878331663,2.92488192278253,1.95655641920972,-0.793356011879211,-1.23464953524252,-2.18256724429422,-3.17942824914036,679.29,"1","2",NA
"660",3.86816466118138,-0.120797516321711,-0.655686128857493,-2.48399246978625,2.70223609492816,-1.36673451974668,0.730255347425221,2.88353020908602,1.91757228504211,-0.858128105373776,-1.30891494885785,-2.18291247142008,-3.12459243729905,679.79,"2","2",NA
"661",3.86833200251407,-0.197355894233592,-0.648448103828414,-2.56533064468351,2.72345231267834,-1.40807250319503,0.754979743235087,2.90780975347747,1.94998041751662,-0.907232328671865,-1.25361596620068,-2.1383013586595,-3.08619742994899,680.29,"2","2",NA
"662",3.82435480404569,-0.443706137463012,-0.659049337213635,-2.36379742945206,2.68581884930597,-1.36038848868817,0.734310139188571,2.87509651662518,1.90679615795462,-0.838112804088032,-1.18909500742624,-2.15096324779671,-3.02126401499217,680.79,"2","2",NA
"663",3.84599536004052,-0.259271925251815,-0.597070799042865,-2.43760146808386,2.71997647731752,-1.38670465245542,0.774994223964581,2.91590303568813,1.91795790676764,-0.832713916752418,-1.25683492631686,-2.37060182029848,-3.03402749557669,681.29,"1","2",NA
"664",3.81099771476998,-0.319996581412383,-0.544964787532403,-2.31423946424434,2.7082372078902,-1.35196361912836,0.760921236561034,2.90538363731344,1.91535070676835,-0.808995614518824,-1.2810998397056,-2.17612301085917,-3.30350758590193,681.79,"1","2",NA
"665",3.76662582497221,-0.245875257180323,-0.670804420055291,-2.10358085406567,2.6800847134599,-1.35759732983063,0.738431921035143,2.89142373255295,1.88801216482439,-0.8439254043328,-1.28213296547166,-2.14360322401918,-3.31705890188904,682.29,"2","1",NA
"666",3.75824987021535,-0.341896955062324,-0.652762362969763,-1.9919201476115,2.70854677000012,-1.35232667785034,0.718444926344549,2.90551110824133,1.87458543887831,-0.869192696924864,-1.15663412444708,-2.26297592019745,-3.33762922861632,682.79,"2","1",NA
"667",3.78362542817487,-0.367349266357415,-0.652569617315902,-1.93083197537158,2.71311064860284,-1.39242416012125,0.746526013060501,2.93108590591996,1.91520513429389,-0.916666302092263,-1.35599763180492,-2.45899152477439,-3.01472265221433,683.29,"2","1",NA
"668",3.79632611181572,-0.266011700051402,-0.574571731685426,-2.07467298008206,2.68921305245313,-1.39049446950488,0.699791011960461,2.91100519133589,1.91396528761187,-0.858277655757567,-1.23529134264134,-2.25472438834148,-3.35625638711292,683.79,"2","2",NA
"669",3.79884536349828,-0.320681716974915,-0.609552143696075,-2.08578075262802,2.695890382746,-1.38571911063924,0.713075294138657,2.90973063098475,1.91478036197732,-0.846363788272937,-1.19638801223467,-2.16236025337694,-3.42547625552221,684.29,"2","2",NA
"670",3.76851934634732,-0.477882081644983,-0.625035479777907,-2.18393673737227,2.70120127890765,-1.39748609582476,0.726786859151809,2.89883636584942,1.87331077395265,-0.824854939777264,-1.27091115773155,-1.99492619242752,-3.19362193965261,684.79,"2","2",NA
"671",3.8069646039664,-0.387628489477486,-0.600001334987354,-2.27205284014944,2.71736754780289,-1.38892123004997,0.754233508184086,2.92403301343591,1.9259739070442,-0.83404219719073,-1.15079297205292,-2.26489900279282,-3.23023451373276,685.29,"1","2",NA
"672",3.81144720952497,-0.364651358375045,-0.591545695499338,-2.27665491366584,2.70476201835605,-1.44735694910987,0.723876470543843,2.90217440771629,1.94071310863261,-0.897293434339717,-1.23996884412161,-2.01515709799424,-3.2503449216681,685.79,"2","2",NA
"673",3.8191089043681,-0.459898928075023,-0.595594643528922,-2.23794937097616,2.74353819123319,-1.37461099649972,0.770497010273449,2.91563233663932,1.94963032533395,-0.935807199765858,-1.15254731404486,-2.05497186138729,-3.38702645357018,686.29,"1","2",NA
"674",3.77937738262896,-0.19400204875154,-0.588385676344365,-2.22780038327002,2.71761481775836,-1.38392601133434,0.694795106293347,2.88071102879358,1.91174318324462,-0.845581300473954,-1.22274542557882,-2.11054912109067,-3.41125155187516,686.79,"2","2",NA
"675",3.78259629859579,-0.481639355909257,-0.653940756081547,-2.1096177762591,2.71210452746838,-1.34942894434347,0.772458272972723,2.90550201717974,1.9176416293744,-0.863440474863494,-1.32626188506193,-2.15141490493756,-3.15455864813469,687.29,"2","2",NA
"676",3.73340157481966,-0.245398011458736,-0.663146914449053,-2.09229404482445,2.70090849086501,-1.29175557387143,0.828662444777658,2.92641903890171,1.91929476779661,-0.875580235328541,-1.28266777976432,-2.24944635822676,-3.40839739923735,687.79,"2","1",NA
"677",3.70440479910552,-0.487240644162727,-0.655476804146366,-1.95760438854985,2.69927113226606,-1.31117187082736,0.799798078131031,2.91166299673135,1.9124180216323,-0.817843183329482,-1.32374161793739,-2.19136266031246,-3.28311385860062,688.29,"2","1",NA
"678",3.70327249072675,-0.342783543289642,-0.630888538141467,-1.96142506051317,2.6948356966128,-1.34167486736317,0.767366346797063,2.92047124069039,1.88370102616604,-0.906424334011002,-1.32912478820888,-2.15547947475084,-3.30184619471485,688.79,"2","1",NA
"679",3.68797947401818,-0.318760099042768,-0.635473935607365,-2.1413741546164,2.70451816032966,-1.33942411420765,0.740109470364238,2.9283094527662,1.84062208449848,-0.865424429762628,-1.27077494439104,-2.11224588169337,-3.21806108265554,689.29,"2","1",NA
"680",3.73401766903055,-0.355461837640007,-0.626333562745133,-2.05883046910136,2.7266773970156,-1.26336010237074,0.804168178124902,2.99959878757547,1.90136684563602,-0.896577907771669,-1.22276868198109,-2.48526408739469,-3.25723222837784,689.79,"1","1",NA
"681",3.71908154387257,-0.459084680911955,-0.632327157105952,-1.95592292401028,2.69639835669254,-1.31596091062802,0.78838639130103,2.95786878685836,1.87800414238503,-0.847460595789727,-1.28300663923595,-2.16143959641857,-3.38453671700908,690.29,"2","1",NA
"682",3.7489491722678,-0.326306893669364,-0.651297113964586,-2.03042298560586,2.71815533271223,-1.32575936298436,0.750624072336656,2.9484333859469,1.89850648970249,-0.834513490589874,-1.30013625809646,-2.29394622258091,-3.30228612547465,690.79,"2","1",NA
"683",3.77532770142214,-0.347509587291247,-0.659109602551767,-1.97149321072773,2.73410225573146,-1.40177685272175,0.763540077677835,2.93388466916534,1.91859126160699,-0.817773178121901,-1.27981230609031,-2.12052878988821,-3.52744243821084,691.29,"2","2",NA
"684",3.73354448878026,-0.248534260225681,-0.674916061349001,-1.88452018809549,2.69589821476996,-1.33694175141597,0.777167103715014,2.90677143259633,1.88746736039844,-0.953115818411289,-1.35658292385678,-2.25231547268025,-3.29392212422553,691.79,"2","1",NA
"685",3.74600849947523,-0.430668664411655,-0.595958545403085,-2.07170843587567,2.69265840894891,-1.31632569719712,0.812247588066115,2.95407646510444,1.90858047365201,-0.817715661199252,-1.38681764190653,-2.22364283163298,-3.27073395762042,692.29,"2","1",NA
"686",3.72566457682314,-0.321897567833105,-0.634079752152785,-2.27539971967346,2.68633871202979,-1.23297638282075,0.77932407478412,2.92647297314486,1.87430277166812,-0.858539464228581,-1.24432646167407,-2.16703692584166,-3.25784683422559,692.79,"2","2",NA
"687",3.76341334350033,-0.583362998710911,-0.625576136511398,-2.31069980151971,2.72301095522306,-1.26051278010036,0.799217337712608,2.94682815600427,1.91716094639864,-0.824272328177143,-1.21801397258925,-2.13956326171687,-3.18762945951328,693.29,"1","2",NA
"688",3.76738172652027,-0.412320951443695,-0.632608791327746,-2.24301055925815,2.74502475597683,-1.27724110021828,0.794183812488468,2.93880549567939,1.90747489870072,-0.838086569311678,-1.2898012948918,-2.2362829990451,-3.22351842386923,693.79,"1","2",NA
"689",3.77190832571218,-0.416527284928805,-0.637589349156069,-2.33954964819268,2.73067529954466,-1.35647898083364,0.763610695923471,2.9347108592803,1.92431934265315,-0.833948128957119,-1.26156397985287,-2.1340905888601,-3.14547656233248,694.29,"1","2",NA
"690",3.76663096268082,-0.393210926113644,-0.57223561194594,-2.27474205339138,2.73274213998256,-1.30530752361915,0.783571778435757,2.94969012785519,1.91521119609995,-0.821525929567676,-1.31620374264017,-2.30271590543379,-3.16190451234251,694.79,"1","2",NA
"691",3.72664084868235,-0.427063638808004,-0.666944144215304,-2.18446168051875,2.69571052476375,-1.34865819955728,0.721394510631867,2.908404694246,1.86021010592464,-0.866208263160427,-1.22895023549131,-1.94107986696355,-3.24899465553399,695.29,"2","1",NA
"692",3.76072681320972,-0.356311564401176,-0.710194092922067,-2.2941106764594,2.71778044251521,-1.34464617090325,0.758691823624635,2.93550076722391,1.89070735142555,-0.890847999698656,-1.25370777387722,-1.96990153377025,-3.24368738596702,695.79,"2","1",NA
"693",3.75891672066146,-0.363965851421683,-0.612756464962306,-2.15003540487206,2.7093744774527,-1.37599481475826,0.735359449754352,2.92861109700386,1.877305188144,-0.826975451076926,-1.32250612980728,-2.10185332828597,-3.25547948783187,696.29,"2","1",NA
"694",3.77264343629911,-0.427987455119197,-0.648804522251063,-2.19067066026574,2.7088223951185,-1.2832882683692,0.741451770900627,2.93455302957074,1.88674406731395,-0.808684207406505,-1.22546049009619,-2.17184446551796,-3.28747463017707,696.79,"2","2",NA
"695",3.73225172359391,-0.475946042854011,-0.670644270895221,-2.14818485652714,2.68507956883395,-1.35461356676419,0.742140136339903,2.89723132567267,1.86356159396762,-0.803791565185849,-1.22585181019702,-2.02183406497748,-3.21939817100714,697.29,"2","1",NA
"696",3.70289012297167,-0.352603935223181,-0.650021277985905,-2.3862463187403,2.70037868385245,-1.27042552815756,0.803473173362869,2.92779167458269,1.89635034367927,-0.844284287210969,-1.27112214957201,-2.0342582176375,-3.22192228392151,697.79,"2","2",NA
"697",3.69320640766344,-0.305674337389424,-0.657891896404353,-2.22530442138168,2.7211415560646,-1.34619551426446,0.809863411174519,2.92969720950809,1.90488889542334,-0.933157043471083,-1.21387281470657,-2.22903576899454,-3.14766568322187,698.29,"2","1",NA
"698",3.68105185064811,-0.547836987023279,-0.717916457116842,-2.23559385588025,2.68220796306899,-1.32553132192506,0.760420597988837,2.89702871726309,1.88201207392592,-0.785967015745115,-1.12544597553704,-1.94392163613234,-3.220507953535,698.79,"2","1",NA
"699",3.69048541108398,-0.375108166021327,-0.650790868641469,-2.12259366174499,2.68775582446945,-1.29293336898682,0.781054571953388,2.90524952719615,1.89755050459708,-0.854265714368314,-1.31923605218262,-2.0831472986383,-3.2640207087162,699.29,"2","1",NA
"700",3.66590737926558,-0.292411597878905,-0.641797251400564,-2.05460157248,2.66272236208352,-1.36910184315724,0.763928336390577,2.89683350586209,1.83718599347783,-0.843835535236458,-1.28024032687945,-2.16290680984811,-3.18168264019888,699.79,"2","1",NA
"701",3.72407926239534,-0.419425116527031,-0.589172612560588,-2.1244093084006,2.68911156939925,-1.28456027202639,0.771095955623606,2.9324374137774,1.85041369482179,-0.839874450764939,-1.34266470769539,-2.07129948308665,-3.29573194495579,700.29,"2","1",NA
"702",3.74982019708913,-0.309454190475604,-0.66409713486457,-2.20174382569363,2.69363624658147,-1.30588950970348,0.758638097775179,2.9435902772959,1.84862957207665,-0.780292340136385,-1.24432580239562,-2.24563190261269,-3.24287968493635,700.79,"2","2",NA
"703",3.7750868581635,-0.422409063819751,-0.639970302186859,-2.12230120608236,2.74290782098758,-1.31592049825713,0.788532747861055,2.96327018710732,1.8808572833571,-0.833406239404427,-1.35390486260261,-2.29542892159592,-3.16731380352751,701.29,"1","2",NA
"704",3.74216054813572,-0.328175913484804,-0.635181111904949,-2.20698523233883,2.70041443715298,-1.28241859116082,0.77536145373784,2.92867740710398,1.84210630063847,-0.890723063776409,-1.22580977887359,-2.30488417098536,-3.11454228424423,701.79,"2","1",NA
"705",3.75479891625433,-0.447681182321388,-0.631583454718143,-2.37114041280596,2.7046525800672,-1.3139133403007,0.766310368020498,2.93252859909956,1.86872698259573,-0.797703178182755,-1.13754320880987,-1.97548300308081,-3.35196966581768,702.29,"1","1",NA
"706",3.77210777996519,-0.367285709035069,-0.673343742287905,-2.32145457273697,2.71291293560456,-1.34089917978446,0.759681360418559,2.92230135283182,1.88210942451626,-0.850410426243501,-1.15304652213331,-2.12068431039068,-3.2219883907245,702.79,"2","2",NA
"707",3.77600795122625,-0.454024587114752,-0.639436929915726,-2.45216152760883,2.72514347232594,-1.33872821859596,0.739569528046573,2.93012081279681,1.87075171413484,-0.786466872178368,-1.22781653880201,-2.07452145520505,-3.06843734910974,703.29,"2","2",NA
"708",3.78165951975323,-0.447688952470316,-0.607528967239297,-2.52647924046383,2.73155174113772,-1.32602825546969,0.754784356839184,2.94078394992739,1.88494500324222,-0.791648432059207,-1.27297250101562,-2.00554859483965,-3.11582962734213,703.79,"1","2",NA
"709",3.7772964542542,-0.34711535391728,-0.679087106930424,-2.57144980454339,2.71453920535333,-1.34461206437605,0.753230287777626,2.94162848346136,1.87692583534956,-0.845536901112919,-1.15616790655024,-2.03111729826796,-3.0885338304978,704.29,"2","2",NA
"710",3.78700931722117,-0.346251859102462,-0.625128307265399,-2.65169409689729,2.72570810702595,-1.29075422687462,0.757624722864034,2.93888176416156,1.84732047122046,-0.825715212036647,-1.17158631869028,-2.04438847451546,-3.10102588711103,704.79,"1","2",NA
"711",3.80496153231478,-0.292986900497983,-0.599100200618902,-2.55135152501266,2.7445838720371,-1.30259511805975,0.774974234210474,2.951458163509,1.88047954179029,-0.812046686732913,-1.35427265836942,-2.08023528339752,-3.1638689711725,705.29,"1","2",NA
"712",3.80157060268913,-0.269512249898022,-0.562571737104646,-2.57931759086555,2.7642640625084,-1.21264800724541,0.847589485092773,2.97318739635442,1.90357330041818,-0.816972006843793,-1.25169406316307,-2.3548573836666,-3.24261180827582,705.79,"1","2",NA
"713",3.78552421772749,-0.34882130835183,-0.574392848939601,-2.54869489385963,2.74994072442822,-1.26606781723511,0.833174548885,2.96833180418196,1.88310033231883,-0.820590163122134,-1.24460073855329,-2.22423080686681,-3.1926730506131,706.29,"1","2",NA
"714",3.78609099549718,-0.386208173923565,-0.651251828309282,-2.58196539956583,2.71921443512338,-1.25339024431146,0.798889619726553,2.94114811095691,1.8920835578178,-0.798056804813518,-1.23568385408589,-2.22866858911797,-3.00220182499431,706.79,"1","2",NA
"715",3.80345050989513,-0.368691930268997,-0.570887556872816,-2.47643648512537,2.72263316967788,-1.25412885862599,0.77614314658395,2.92702680712858,1.87143401754712,-0.825106284997419,-1.25181225527335,-2.04335961423376,-3.31026466543496,707.29,"1","2",NA
"716",3.79833140632762,-0.305711960024989,-0.517873183422403,-2.52916609174057,2.74940351087113,-1.39081347442294,0.740608355047656,2.9334510500901,1.89669960315179,-0.828356950926838,-1.26221848825324,-1.98041997604205,-3.30393380065527,707.79,"1","2",NA
"717",3.82091559142705,-0.375882504349365,-0.67720902022862,-2.43252761793682,2.76570067100867,-1.3162781877826,0.783592337088739,2.96523780226833,1.9078054978285,-0.820483377762671,-1.23713242159892,-2.22059735362536,-3.16314141633694,708.29,"1","2",NA
"718",3.82047815735348,-0.263052680490414,-0.647989312618414,-2.52031894351187,2.77077762835371,-1.34092558945513,0.760777904353535,2.95676428311026,1.90368128571082,-0.771298027595461,-1.21991425427241,-2.1688702527011,-3.28011019823702,708.79,"1","2",NA
"719",3.8198037876017,-0.511181298543483,-0.641165330229208,-2.4795382104816,2.77975349238292,-1.33758655060126,0.738076545600892,2.95304059036485,1.88944135132446,-0.768830329060628,-1.09050786954284,-1.94168391432769,-3.4096222644881,709.29,"1","1",NA
"720",3.7841463595116,-0.397210946940102,-0.637731849060189,-2.48836976105558,2.74661596976411,-1.36873173068172,0.726140639503511,2.92237472723748,1.86574777228862,-0.81165802800402,-1.16652539024234,-2.01820014293072,-3.15659761939064,709.79,"2","2",NA
"721",3.80033768867744,-0.379891084549434,-0.618418017841103,-2.5483501956635,2.7657299391566,-1.37923592667402,0.740527700016521,2.95819278888679,1.89690841177024,-0.804653000241554,-1.1966271786087,-2.02978758939536,-3.20473353553392,710.29,"1","2",NA
"722",3.77303270357059,-0.270451681723334,-0.612615391049521,-2.58815733771121,2.7397524480267,-1.35255703355066,0.758582883116365,2.94610221353512,1.90420701794714,-0.854126756239389,-1.22995471145833,-2.04008396647845,-3.17373038798501,710.79,"1","2",NA
"723",3.78813845044838,-0.401606348147847,-0.619756910465363,-2.49760847648537,2.74020631868582,-1.35990597185847,0.736920280950881,2.94447321160239,1.89646363981895,-0.862547459163369,-1.20389266052646,-2.0921433683772,-3.06874070648235,711.29,"1","2",NA
"724",3.81037557410904,-0.378134437754045,-0.563011673193504,-2.55282538928285,2.75885153747326,-1.32716435056528,0.722349894770762,2.95209303581035,1.90815327210407,-0.827150496087948,-1.20676830061836,-2.14025545555094,-3.15651321121453,711.79,"1","2",NA
"725",3.81828120199197,-0.468109167281408,-0.56163194694229,-2.50515830464233,2.78888069194999,-1.35897759905511,0.789062821809811,2.9617056220167,1.93539422013041,-0.80789737887254,-1.17184557192576,-2.05131011561888,-3.36839447356059,712.29,"1","2",NA
"726",3.81438363658468,-0.406239001637456,-0.59900203915183,-2.48978084869926,2.7710079247178,-1.44350482720734,0.718725341238052,2.93984198360779,1.90251212251852,-0.776222126778684,-1.13234389236838,-2.0738356614394,-3.22554261138449,712.79,"1","2",NA
"727",3.84250784272004,-0.381072358888809,-0.535541865436447,-2.51320071280634,2.776117953278,-1.42766640083709,0.643742511558217,2.94222953178633,1.90172955194993,-0.798966960242667,-1.07358219079748,-2.04101532554152,-3.33528157674218,713.29,"1","2",NA
"728",3.83043625189207,-0.319799713941497,-0.658849466962036,-2.46884000413379,2.78373255643078,-1.45889335255133,0.682340807963063,2.9366764466089,1.92400452888498,-0.810240938841154,-1.19696583288624,-2.0310040968836,-3.21259718558015,713.79,"2","2",NA
"729",3.827927611025,-0.417298940840101,-0.65506312142633,-2.50718574038148,2.76668181743028,-1.37966210821895,0.6934989580253,2.94169874986247,1.90693692811236,-0.787041625964797,-1.08135020464105,-2.22451620975324,-3.08462611322945,714.29,"1","2",NA
"730",3.8304907918895,-0.369888032852622,-0.605468679831315,-2.38899764992285,2.74372401020846,-1.41359880579429,0.707141437954753,2.93122670852925,1.90654972079476,-0.847382333827515,-1.13523150461706,-2.13313982445792,-3.22542583807315,714.79,"1","2",NA
"731",3.80448413333436,-0.412462650269045,-0.577804283568317,-2.57798762711812,2.74048819919319,-1.38864182567309,0.712864741510572,2.93677694759709,1.90098234866721,-0.810726725381459,-1.12736880886661,-2.04816550266147,-3.15243894676432,715.29,"1","2",NA
"732",3.82123673901462,-0.433567471195274,-0.62866001847762,-2.44519951670416,2.76253542519814,-1.42054203972325,0.725208672621818,2.95060877163893,1.91219834742742,-0.837914457631162,-1.22522637103178,-2.02667784329357,-3.15400023784411,715.79,"1","2",NA
"733",3.84648731130133,-0.335542384020692,-0.647525280742548,-2.37416193118027,2.78493277612474,-1.37942977299956,0.757598615196828,2.96962580941252,1.92773865901432,-0.818245357291506,-1.15645529768541,-2.34821574923569,-3.22680739789407,716.29,"1","2",NA
"734",3.8484405002293,-0.579423536091953,-0.597494000893193,-2.39528520355568,2.77786316522027,-1.46273395080975,0.706872592105875,2.95384436977886,1.8986969466734,-0.814834827994835,-1.18280071722319,-1.93218473750938,-3.22096059992972,716.79,"1","2",NA
"735",3.854230649417,-0.434415232375686,-0.59367476383015,-2.46110226793083,2.7906560502143,-1.45214154604289,0.709409531466143,2.96982393466971,1.93733996243875,-0.717124644158089,-1.27020320442895,-2.16713481966409,-3.16566364977521,717.29,"1","2",NA
"736",3.81003324213249,-0.301156096527428,-0.627703040234907,-2.46589906773756,2.75746918587716,-1.45152022216532,0.694039816865342,2.93864013253386,1.90532895717967,-0.86753819164237,-1.22315287748567,-1.94242428480426,-3.22611755399099,717.79,"2","2",NA
"737",3.83884008524283,-0.340166141278791,-0.636646744744051,-2.54486197392187,2.79698446350826,-1.37194495953325,0.700599449985136,2.95518112863253,1.92273876799039,-0.856017283883361,-1.13879199391892,-2.01358573968459,-3.31232905839431,718.29,"1","2",NA
"738",3.86017549531626,-0.35684773063665,-0.600753273399289,-2.6410690341285,2.79050872313649,-1.42749061307512,0.713100869426277,2.95007734233109,1.91694651657195,-0.794160317639213,-1.12928581988724,-2.02605446680329,-3.25514769121275,718.79,"1","2",NA
"739",3.85075132907843,-0.343693458830372,-0.580228309117142,-2.48744402268473,2.79823033894558,-1.42600736576536,0.725969648729553,2.9417493448952,1.93134832683355,-0.780634699040554,-1.13509725269635,-2.09587113889472,-3.39907274145308,719.29,"1","2",NA
"740",3.85396362237702,-0.399700378595625,-0.56934483667302,-2.41460339913789,2.78248160981805,-1.38635525402625,0.766493358756942,2.95309685076224,1.94397909388087,-0.832144884657739,-1.14384639565899,-2.07266480110859,-3.48135458573702,719.79,"1","2",NA
"741",3.86298004755597,-0.498725687429904,-0.605446879748243,-2.50017072321633,2.81990686929925,-1.30738575511169,0.820976763740573,2.9649374830793,1.96867726392536,-0.837578377461133,-1.18213027179103,-2.108163599864,-3.39787713297812,720.29,"1","2",NA
"742",3.8302884971925,-0.351774829451242,-0.660008226213471,-2.51337222914431,2.78296192213172,-1.31491460550648,0.838109560271913,2.9514495517951,1.93991345728922,-0.856335337910931,-1.31491460550648,-1.98274397808214,-3.34865917686538,720.79,"1","2",NA
"743",3.86519979189234,-0.45963354211579,-0.617634802209422,-2.51352505327475,2.78263604452963,-1.31292143705232,0.82508102618618,2.94452891514153,1.93566440507034,-0.86476692024911,-1.17221181979408,-2.13471653771251,-3.27770007041202,721.29,"1","2",NA
"744",3.84960997245916,-0.448649694195583,-0.617023931095578,-2.53933013636111,2.76814222607194,-1.36327375901727,0.806754843642021,2.9190831861679,1.92347079754182,-0.875015613701176,-1.18456683148908,-2.03990528754649,-3.19929577247655,721.79,"1","2",NA
"745",3.81650175138136,-0.424855789208746,-0.676374028761121,-2.417655864332,2.71829304019363,-1.41454757269918,0.746886553970959,2.88605969641033,1.8912529160886,-0.850009408442705,-1.15761050681729,-1.91970344350222,-3.19823734428162,722.29,"2","2",NA
"746",3.83469731914725,-0.382340427564479,-0.633058137776958,-2.39099559716838,2.75331525447732,-1.36865254746422,0.762390850951413,2.89143499452771,1.90173646462578,-0.844145015718564,-1.15938069848631,-2.29118679597806,-3.07381566357248,722.79,"1","2",NA
"747",3.87711667245759,-0.23579680974736,-0.600608429528271,-2.51506694157642,2.79265734400035,-1.35741820892473,0.775012386805039,2.93162904046271,1.93215707635581,-0.897432261938146,-1.03427330423031,-2.36032854501171,-3.30764801912456,723.29,"1","2",NA
"748",3.85984618589321,-0.285369227177111,-0.675540176561829,-2.5438791465388,2.75166048928032,-1.48880398947388,0.705972606223703,2.89243382560616,1.91152912313483,-0.739558451437775,-1.0711880635832,-2.01028108633134,-3.30682208903429,723.79,"2","2",NA
"749",3.87796165810664,-0.397836894010819,-0.611600792648713,-2.63331287694814,2.78412548417226,-1.38633412925157,0.779667810157621,2.93308577773786,1.9421821956867,-0.842589140593622,-1.1722452814258,-2.05262519433062,-3.2204786166518,724.29,"1","2",NA
"750",3.85170772032331,-0.544451390431046,-0.671429731814639,-2.42439167875481,2.7491401699076,-1.30165276747256,0.763735380957477,2.91521643689975,1.92631942227291,-0.880290326604546,-1.18833827149376,-1.92387542464768,-3.27168953914201,724.79,"1","2",NA
"751",3.83865306324908,-0.414288961071046,-0.674038173873014,-2.61828339018161,2.74712110294357,-1.32497295018397,0.768694005479059,2.92550002450171,1.9113221591563,-0.85756854263551,-1.13166299924824,-1.94944679912228,-3.22102853901406,725.29,"1","2",NA
"752",3.87036302804038,-0.395651545357641,-0.617698493999157,-2.6587158801894,2.78880916609358,-1.29374092108711,0.842326836442469,2.97102192159169,1.93570928426251,-0.780444290523977,-1.32043073825587,-2.05030992808455,-3.29123843893291,725.79,"1","2",NA
"753",3.84184761017758,-0.355650111515022,-0.603866113613101,-2.77799497615467,2.77182705932927,-1.40984366129358,0.753890146913472,2.92513089028747,1.90949666797005,-0.822589929230317,-1.27125749800744,-1.93339154483175,-3.02759854003195,726.29,"1","2",NA
"754",3.88401867124245,-0.450940951778792,-0.662937856335394,-2.55225285369226,2.80855028660824,-1.38252599601725,0.79647427675598,2.95256244542095,1.95855962314101,-0.866223810555086,-1.12610701164412,-2.1293468132709,-3.22983000987482,726.79,"1","2",NA
"755",3.8564954153725,-0.50951784207678,-0.651565499732795,-2.56638506171808,2.77950403994126,-1.40860579571431,0.796318961252015,2.9094446970599,1.93551765475733,-0.855680717246729,-1.06676201529118,-2.07256027963211,-3.14620355697102,727.29,"1","2",NA
"756",3.82816590760941,-0.25093893839219,-0.656128640274433,-2.5386238855831,2.73220932298898,-1.33859371432977,0.775537448746877,2.88985846052117,1.90396351700492,-0.894777991612072,-1.10269975679562,-2.1780217919022,-3.16994993798197,727.79,"1","2",NA
"757",3.86626202913384,-0.382816749980292,-0.621008661204525,-2.42628606529984,2.75476320836291,-1.42802175046601,0.73503516912308,2.90506627152051,1.92743867162062,-0.840492320291996,-1.09188025636476,-2.31804026883464,-3.0800192773189,728.29,"1","2",NA
"758",3.8516844239246,-0.399466181652755,-0.638448796996711,-2.30176964561153,2.73664541242592,-1.39338756655815,0.751674013105794,2.88422771711124,1.89896335016922,-0.837876226654292,-1.18294006184026,-2.13581025180755,-3.23349618561553,728.79,"2","2",NA
"759",3.85250455642036,-0.518182498908627,-0.605966400365707,-2.09613155159078,2.76177839394925,-1.42109840728653,0.733728075729192,2.8743625825201,1.90738924915801,-0.851659046356858,-1.20646173512205,-2.08049265770633,-3.34977056044003,729.29,"1","2",NA
"760",3.83631848493686,-0.541087093583794,-0.726533993620194,-2.13557919796536,2.74000689192952,-1.46777273988427,0.725472037311519,2.84680861722613,1.8856948684492,-0.909073962558732,-1.07429486614024,-2.02807620692989,-3.15188283917075,729.79,"2","2",NA
"761",3.86677141260105,-0.394189752280055,-0.63387600974233,-2.43590883827944,2.76822039531412,-1.44444856302661,0.710782623031162,2.88303691944324,1.8897080635175,-0.904532944582158,-1.11324469552216,-1.92955416085822,-3.2627644496161,730.29,"2","2",NA
"762",3.94604890883582,-0.340708963333745,-0.536641618969738,-2.63110882404989,2.82849061902885,-1.34319810074225,0.736807615846769,2.96386414375886,1.95591072451053,-0.79584683174419,-1.09183351068962,-2.44769675460697,-3.24408740784442,730.79,"1","2",NA
"763",3.86631367695174,-0.406965068876158,-0.63339539389699,-2.6104437811468,2.73874888753878,-1.41153578729033,0.699925683278861,2.87953106987387,1.87745772425164,-0.836675801711788,-1.10455195088305,-1.82509810563111,-3.23331115245865,731.29,"2","2",NA
"764",3.84585771269835,-0.367004577959134,-0.625880394361472,-2.55614955882563,2.74452574982464,-1.39631203132556,0.713610005821996,2.87462445867354,1.8652049184676,-0.798387698138991,-1.14952018716296,-2.09559151318757,-3.05497688452482,731.79,"2","2",NA
"765",3.85662272405528,-0.32887622566056,-0.655227256784398,-2.48232000082127,2.75748276952921,-1.36545427184381,0.758162808064117,2.88875244945529,1.90497235086145,-0.835180747519091,-1.19120424921409,-2.05002507050393,-3.25770527961819,732.29,"1","2",NA
"766",3.86741553349959,-0.411119843083595,-0.613417604295893,-2.47752861884174,2.76349439774674,-1.37538119613411,0.769732019086094,2.90978907061912,1.94524032590277,-0.853588145041017,-1.17246735933484,-2.161371377522,-3.19079720260111,732.79,"1","2",NA
"767",3.8757584028499,-0.420052548176773,-0.597967848367304,-2.5016876282372,2.76281438981611,-1.36636991461473,0.769575486981282,2.91437673728187,1.93081693471983,-0.876961768861447,-1.17346624849024,-1.99845835136314,-3.31837764353816,733.29,"1","2",NA
"768",3.85702241035321,-0.238928725393854,-0.653600918029195,-2.50843951065847,2.76955269209497,-1.44741371565247,0.779663824833433,2.89661342572693,1.92091590342179,-0.835964203213066,-1.05448650106476,-2.09942515303916,-3.38550952937934,733.79,"1","2",NA
"769",3.83823600085194,-0.307300221664131,-0.718153854503851,-2.61103243265033,2.74502583388622,-1.41889408597139,0.745819697876403,2.88944076572741,1.89736452388414,-0.80290831505206,-1.1061582865689,-1.96488362219505,-3.18655600362039,734.29,"2","2",NA
"770",3.86789184019147,-0.320742480885031,-0.619631394661768,-2.76757718272362,2.78285314376874,-1.36461220685641,0.790623947748196,2.91952674512843,1.92204507353805,-0.872960328055861,-0.999074575659836,-2.12663114954141,-3.21171143199094,734.79,"1","2",NA
"771",3.8648605074334,-0.372605714053754,-0.620776474231692,-2.6233466568525,2.75279640486831,-1.45823588561861,0.712960040690079,2.89945267733746,1.9037246211435,-0.830093535367659,-1.03200878606201,-2.0764096677484,-3.12031753153813,735.29,"1","2",NA
"772",3.86651246888216,-0.48673554205599,-0.629508059337316,-2.58593702250881,2.78341756853374,-1.34506281642373,0.757760386092248,2.910915894568,1.90764461782252,-0.804633575593069,-1.20437080258486,-2.03527682915686,-3.13472628823803,735.79,"1","2",NA
"773",3.86353374343518,-0.355666916906503,-0.585464167053082,-2.7836767891293,2.76180643599673,-1.30320520940097,0.773144512993365,2.90327444001193,1.90912291016493,-0.87294874765076,-1.04614931024803,-2.07551828916092,-3.18825261305258,736.29,"1","2",NA
"774",3.90075804455045,-0.407586309318404,-0.57096918711339,-2.79901567563528,2.81227912473496,-1.31715675729841,0.817032258821319,2.95301784608521,1.95760966285373,-0.761728249808204,-1.15258398247212,-2.08829985087301,-3.34335692452685,736.79,"1","2",NA
"775",3.89645161230291,-0.275011359849409,-0.583838842342957,-2.93106030193273,2.82876531519792,-1.34091559243331,0.826677548950972,2.95488448116929,1.95649130865859,-0.780681566456555,-1.10009372953023,-2.1495756601151,-3.30209321361941,737.29,"1","2",NA
"776",3.8378953262422,-0.328296553397507,-0.647106580170191,-2.9166157149307,2.72739839131261,-1.34252578484083,0.753678932916162,2.88614768758096,1.90048973495408,-0.85251074035272,-1.09923908133235,-1.87059321504133,-3.0487224029404,737.79,"1","2",NA
"777",3.91627739105417,-0.39645627238233,-0.529614609554051,-2.89098595155155,2.83457590524168,-1.36053645043608,0.807864721362166,2.96924714795235,1.96068164112557,-0.844791439870271,-1.06704934204801,-2.1090708504272,-3.29014189046645,738.29,"1","2",NA
"778",3.86082460419849,-0.468586053513664,-0.538157155881684,-2.75442267405828,2.76608969719002,-1.42279644520779,0.754692504262777,2.92335563048334,1.91838999107845,-0.82370395150634,-1.11767931093391,-1.95781990525004,-3.14018693086139,738.79,"1","2",NA
"779",3.9535046301557,-0.392017345892066,-0.578752362052329,-2.95855330571376,2.86369155245104,-1.2663945530589,0.857898017831466,3.00318476454562,2.02772036076591,-0.775961257455496,-1.01789941054727,-2.32567243961036,-3.39074865141956,739.29,"1","2",NA
"780",3.88505478638394,-0.272225792806047,-0.568496635603051,-2.77596760800328,2.7774616810134,-1.37025516102629,0.769193781999816,2.92538172476763,1.94234025956666,-0.841582749797022,-1.08541804070674,-2.05123885539304,-3.33424739039596,739.79,"1","2",NA
"781",3.90961944141984,-0.448178041988795,-0.640044921144917,-3.03231003615194,2.82173365033732,-1.3144758406209,0.783808788860413,2.95310298318476,1.95506392462292,-0.788169638703072,-1.06624468684579,-1.99913400585594,-3.13477161711389,740.29,"1","2",NA
"782",3.91115663433118,-0.33500642414606,-0.574786069380826,-3.02685036016153,2.81936291495162,-1.34756887436016,0.793741457259277,2.9337405727278,1.95906907442324,-0.821255344207007,-1.02415711629184,-1.82999502360445,-3.45745144154123,740.79,"1","2",NA
"783",3.85690167888416,-0.382100716576588,-0.575785480182699,-2.8860184190618,2.75828010514343,-1.40316197776841,0.76632568944775,2.889510787019,1.92441996641354,-0.815226381448935,-1.11883673962018,-1.81131165124725,-3.20299686100201,741.29,"1","2",NA
"784",3.86474988039619,-0.250580059667992,-0.641227971202035,-3.00595028465298,2.76222961766614,-1.41519598701696,0.803917496587975,2.91013008125898,1.93722272994967,-0.858080364868381,-1.06813472407258,-2.01949355477552,-3.01958685960252,741.79,"1","2",NA
"785",3.8913471900484,-0.39964484678917,-0.609302562086713,-2.97579252956074,2.81898424557009,-1.34628705407583,0.841523717571306,2.9316904440983,1.976761826732,-0.805966926412631,-1.07968657214048,-1.90535111785932,-3.33827581509522,742.29,"1","2",NA
"786",3.84899570574202,-0.443345780844584,-0.685519960562179,-2.76116001931131,2.75957213390965,-1.26177790771271,0.868585059521239,2.90770276619089,1.93343150976412,-0.898086970862132,-1.16804344844131,-2.01545558801269,-3.08489749938102,742.79,"1","2",NA
"787",3.87532386396419,-0.410815048213519,-0.541059765694988,-2.93570300310698,2.79460820573022,-1.32668534703544,0.800214380629584,2.90976381289089,1.95297036786546,-0.750927206618334,-1.11836315532729,-2.11178559136384,-3.13754151371995,743.29,"1","2",NA
"788",3.83531088404637,-0.414370838764351,-0.568250508535478,-2.86177209537618,2.74686622579282,-1.32401595091333,0.823529537389876,2.90086430563603,1.92625208708834,-0.830709618168308,-1.16594956874326,-1.85359467214922,-3.21415978730329,743.79,"1","2",NA
"789",3.89656164886009,-0.228433064219682,-0.524939942241592,-2.90805757882394,2.80326890876743,-1.28094243840597,0.883487680672602,2.96950571994336,1.9603420859894,-0.780432669109796,-1.06022151055642,-2.56162600229997,-3.16851283857551,744.29,"1","2",NA
"790",3.83597287826314,-0.342095765866558,-0.612883618816455,-2.88211544333682,2.75429170917273,-1.35727000316218,0.808452445403787,2.9119885852094,1.88910817389918,-0.793521085750263,-1.09900827434219,-1.88233177671261,-3.23058782396114,744.79,"1","2",NA
"791",3.84179068738914,-0.346777626032493,-0.573875314566684,-2.76556846728967,2.7472094723171,-1.39266118695224,0.772250975130559,2.90234181875791,1.91626720788914,-0.820165032205172,-1.08496510423039,-2.02481385480935,-3.17103357539784,745.29,"1","2",NA
"792",3.86109190453601,-0.250124670723308,-0.603052159474688,-2.81841924256175,2.76359499332711,-1.34641643623264,0.790449069037035,2.90582171477948,1.9342562147337,-0.801750105753677,-1.07549728710895,-2.0313402421676,-3.32861375239073,745.79,"1","2",NA
"793",3.88733927334764,-0.476622147902738,-0.535665741721854,-2.92785065145963,2.7896032408013,-1.31625524088551,0.829676042063158,2.93670048176264,1.96726147057039,-0.819930804672006,-1.06892383008326,-1.91018140364913,-3.355150688171,746.29,"1","2",NA
"794",3.85561909214132,-0.32691868934205,-0.578344713556516,-2.79401887655012,2.77777096660952,-1.35002910644869,0.805234031109486,2.92067985728229,1.91738437249237,-0.852327030612504,-1.16705587156064,-1.96906831485491,-3.23892571670958,746.79,"1","2",NA
"795",3.8431212752336,-0.424055517761342,-0.621886557715458,-2.77170889615709,2.77851866285549,-1.32687803258463,0.821368235793735,2.91436450287435,1.91221019855071,-0.788508818856308,-1.15414803600415,-1.97826720197512,-3.20412981425379,747.29,"1","2",NA
"796",3.882294510171,-0.347557883832017,-0.60205799955988,-2.84918333718256,2.79724349235217,-1.29724391680967,0.875604324446097,2.94052343268854,1.95387385205439,-0.793134675077428,-1.15943596741789,-2.09893126594483,-3.30199456588792,747.79,"1","2",NA
"797",3.85179827149806,-0.276121572083517,-0.616303823907751,-2.88719353628071,2.75019746190662,-1.43300883961796,0.75142514805987,2.8854890599231,1.91728465905777,-0.719557605524849,-1.04769390954223,-1.98756985689176,-3.18874545659664,748.29,"1","2",NA
"798",3.8619697350199,-0.315129762280831,-0.593094579321116,-2.77176275489751,2.76489150982815,-1.39768297676348,0.763025969630484,2.90233896763552,1.91011864086158,-0.817664228462841,-1.05434186917489,-1.97127859590355,-3.28139005617139,748.79,"1","2",NA
"799",3.84358277013205,-0.369450040372598,-0.610339650834639,-2.84165959976076,2.76757253095331,-1.37978971902877,0.817531137130992,2.91021260096565,1.93637950761184,-0.884068935638164,-1.11423098891384,-1.92052082557367,-3.1552187866714,749.29,"1","2",NA
"800",3.8583301439233,-0.469159359120985,-0.644124077689231,-2.68878487314637,2.78751617624568,-1.2636121527148,0.874162534068431,2.94694626537257,1.96227406130825,-0.786822263784702,-1.06904422952868,-2.2095200542926,-3.29816217064086,749.79,"1","2",NA
"801",3.85703168283973,-0.428250729725967,-0.580231569467249,-2.90775561080855,2.77482042338386,-1.28427534125141,0.880054641652765,2.94735104205759,1.94808682199742,-0.744084335100958,-1.16286895312661,-1.93376788961354,-3.36611018283708,750.29,"1","2",NA
"802",3.82613382521945,-0.466103200867725,-0.651954295219723,-2.82737179568986,2.7445036422725,-1.30834764519478,0.831482630300015,2.91303339264504,1.89241810476734,-0.827972961683561,-1.06158781286507,-1.95526646159839,-3.10896742208524,750.79,"1","2",NA
"803",3.82866530653371,-0.308255401901962,-0.62609557333257,-2.80951282471901,2.76609249168171,-1.3297248147212,0.806737390264588,2.90034913598488,1.91288367816297,-0.781030312924893,-1.09933485488622,-2.13099113337805,-3.12978308676395,751.29,"1","2",NA
"804",3.82519945712187,-0.366359904716968,-0.584176794525453,-2.81516823433249,2.7477416814423,-1.30746106950564,0.782791388278415,2.89509019568362,1.88653452452887,-0.814671518370714,-1.12507241888093,-1.96036613378715,-3.16408117293573,751.79,"1","2",NA
"805",3.83349990612247,-0.434066249939823,-0.596624845449781,-2.86643291144428,2.74855680640474,-1.33979261761019,0.858404519719331,2.91461268425937,1.93015045441408,-0.845025180765836,-1.10950202349081,-2.0213310442536,-3.07244949796569,752.29,"1","2",NA
"806",3.8470652995061,-0.292181388843645,-0.639548442578839,-2.74108094207287,2.76922520855362,-1.29436412228289,0.843058269800558,2.91444215535664,1.91743455518663,-0.844218722364338,-1.02144885413521,-2.27775765229188,-3.18062536383389,752.79,"1","2",NA
"807",3.84786807037118,-0.31220703209683,-0.578449082351943,-2.97494784619517,2.79520124734606,-1.30591783655883,0.82951925301171,2.89900295465267,1.94508109999359,-0.832305025772175,-1.16615589418367,-1.96814310678019,-3.17854680143641,753.29,"1","2",NA
"808",3.84021023818174,-0.454157491648639,-0.592294950004776,-2.72777988847839,2.75420244514685,-1.32183195727572,0.831758224172189,2.88698674458817,1.9169682753187,-0.806544253721622,-1.1576167447126,-2.129351846206,-3.0405487953599,753.79,"1","2",NA
"809",3.8578576759543,-0.353064816084449,-0.505417600022619,-2.71081155068007,2.78974102814087,-1.29029410121606,0.847599886745082,2.9155836175052,1.92570771519519,-0.768262749327461,-1.17879115939217,-2.2278883835329,-3.30195956328489,754.29,"1","2",NA
"810",3.86619621060771,-0.230109715745264,-0.64828655683097,-2.76417560149135,2.80818246790351,-1.30252819646528,0.884040238523118,2.92644973635313,1.94659478520241,-0.81342159337939,-1.20311648883251,-2.19363074302374,-3.27619454282138,754.79,"1","2",NA
"811",3.82269022412267,-0.334864839354226,-0.558497084924727,-2.73894274513184,2.75009810960221,-1.33002763745085,0.859622348731719,2.90100940643684,1.90005799722203,-0.831559468699743,-1.20949207879227,-2.01145040636792,-3.2186438253939,755.29,"1","2",NA
"812",3.86232069347853,-0.385263024743823,-0.625726596650052,-2.7355758865146,2.78654347661759,-1.26620871198401,0.881258382652294,2.92635371176861,1.93596968314599,-0.844822609876636,-1.14833798395242,-2.15486585055178,-3.23164528338968,755.79,"1","2",NA
"813",3.84587789401096,-0.248267019684746,-0.599980159258964,-2.76774781305464,2.77807145612072,-1.30728369226826,0.874380918306067,2.91294428262685,1.90441786459491,-0.795976256881292,-1.20760192080244,-2.24796587726658,-3.14086967644258,756.29,"1","2",NA
"814",3.86051325847773,-0.300027497521304,-0.605114248810248,-2.98202280797889,2.77004340816461,-1.31074397517987,0.870780837789284,2.93155591706659,1.93910583551093,-0.808790657385892,-1.03672861213061,-1.99662426869443,-3.33194718930789,756.79,"1","2",NA
"815",3.85385642037948,-0.205438060951621,-0.593531257630365,-2.77472699669068,2.75254737892541,-1.35841080287244,0.804020071930796,2.88912261494506,1.92617088552743,-0.830585194692114,-1.15195087317436,-2.00589560078316,-3.30517858491342,757.29,"1","2",NA
"816",3.86761608745017,-0.292991635284997,-0.564859145333148,-2.93204896490026,2.7920414375263,-1.32430740571433,0.802437626822992,2.90906065548798,1.92133763513546,-0.807557092590643,-1.02975172718016,-1.95573199558974,-3.38524547582961,757.79,"1","2",NA
"817",3.87002905144856,-0.2538714902933,-0.607084322204663,-2.92889274012424,2.77992625637741,-1.36609540514325,0.786530036546932,2.9278100012919,1.89664922687998,-0.712858830830522,-1.18983402505161,-2.06545103136568,-3.13685672753153,758.29,"1","2",NA
"818",3.8714471266889,-0.487105234392189,-0.552863714202475,-2.7001826782854,2.79187353917338,-1.38761046203645,0.762517685469125,2.92793156468125,1.883384598664,-0.73276632400912,-1.1144345369737,-2.09800727593118,-3.16418428884613,758.79,"1","2",NA
"819",3.84668446510598,-0.304109709788057,-0.619752411744498,-2.81435681223149,2.74601819429906,-1.35641609839097,0.753694894269513,2.90889670117187,1.87609317997873,-0.800662251050794,-1.14344212624639,-2.05378804231122,-3.03885998306174,759.29,"1","2",NA
"820",3.86866500384915,-0.361480674824481,-0.600237535260192,-2.76873085455593,2.76035864555092,-1.42290575754078,0.758468156641167,2.9258291882572,1.89442232104097,-0.718224423735547,-1.21312252080544,-1.89952051939045,-3.2235210292266,759.79,"1","2",NA
"821",3.90143174214427,-0.427870623638996,-0.567196174519535,-2.94924389907852,2.79351763124374,-1.38145981262814,0.806371632061133,2.97572900127101,1.92161097501437,-0.803325582850759,-1.19590723525274,-1.95574579031135,-3.11791186345449,760.29,"1","2",NA
"822",3.86825972115262,-0.368899258212332,-0.589584568146771,-2.90411433195457,2.75967319915577,-1.32949137368369,0.77807271678817,2.94653603913015,1.87926168876406,-0.761296476825516,-1.14233126742678,-1.99395232202179,-3.14213376671931,760.79,"1","2",NA
"823",3.86115990249235,-0.40870113329341,-0.58003302451183,-2.78476900304726,2.75673260900909,-1.39446483481714,0.7561385598161,2.93390208410269,1.89727954870177,-0.772966020757311,-1.18899545280722,-1.81764937031382,-3.25763386457403,761.29,"1","2",NA
"824",3.89108834274931,-0.379740269671828,-0.522764423255329,-2.80185468790162,2.78121912731682,-1.31456324967491,0.786179633858907,2.96696945844424,1.94231179977033,-0.763996198062973,-1.15348420523512,-2.19265921850735,-3.23870610983046,761.79,"1","2",NA
"825",3.87061457334059,-0.447249289483207,-0.609528407075778,-2.79535035231419,2.76679303270959,-1.29065471749658,0.772639436657817,2.94583752629015,1.90854801433076,-0.729215882215709,-1.17374190425983,-2.02802894152529,-3.19066308895833,762.29,"1","2",NA
"826",3.84546492000952,-0.268483197355375,-0.592531119288696,-2.80209279313648,2.76909976079904,-1.38203425241339,0.768316576170031,2.91451911912308,1.88659672124463,-0.81016225373771,-1.11278124902891,-2.1126153414655,-3.10329689092024,762.79,"1","2",NA
"827",3.86407896881414,-0.370292175927716,-0.579426063180329,-2.88424443291215,2.77865252894639,-1.32738433655795,0.805549237325193,2.94410320584869,1.90477053941042,-0.743461166480879,-1.15720416961753,-2.14638041357041,-3.08876172209789,763.29,"1","2",NA
"828",3.81825640644992,-0.36017381618861,-0.613856230420925,-2.76423755457216,2.75693012658312,-1.41166422341973,0.760787513478991,2.89601662965411,1.880035872238,-0.812361690582854,-1.10111827650744,-2.05378890437647,-2.99482585233595,763.79,"1","2",NA
"829",3.84097320520467,-0.214547280757503,-0.547041831343034,-2.73696008892462,2.77049282859115,-1.34808285938648,0.82335100577364,2.939268067422,1.90036011570034,-0.756910321295707,-1.09762864621238,-2.16364545663104,-3.40962873814103,764.29,"1","2",NA
"830",3.81782109172059,-0.308036639976435,-0.590059501130641,-2.72325757412463,2.75205521750748,-1.36561601769161,0.791980918684539,2.92385044852362,1.89946425340332,-0.782903665960961,-1.12911307786003,-1.94605447576664,-3.34013097732859,764.79,"1","2",NA
"831",3.78080774379948,-0.602271584111566,-0.611087392015158,-2.08923471255552,2.72961244226971,-1.36508058843694,0.759989445776432,2.87735582688316,1.85458120936402,-0.802184055514689,-1.18387494750715,-2.06199898653997,-3.28661440141181,765.29,"2","2",NA
"832",3.83637057086139,-0.376873412738409,-0.585938758119787,-2.25585109335635,2.76469239883274,-1.37595952703244,0.770988050244095,2.91718042767457,1.87617863378262,-0.773763110314908,-1.13202738534174,-2.24001962813967,-3.42497716635211,765.79,"1","2",NA
"833",3.82365868145139,-0.195614855707117,-0.589062302121849,-2.75010002853614,2.75848396029975,-1.34422705638804,0.724275945510994,2.90513566182168,1.88372422170704,-0.822943596869519,-1.0953091016467,-2.01817159868409,-3.27984993083741,766.29,"1","2",NA
"834",3.79797437282565,-0.257273276761433,-0.619985045381291,-2.62491367463056,2.72002896517048,-1.38403631336917,0.703039059811438,2.87953110600343,1.85525576123213,-0.89013572201928,-1.12401593077167,-1.96385480862212,-3.09161449348761,766.79,"2","2",NA
"835",3.82748508281759,-0.37921076218812,-0.570562854035343,-2.79197806111921,2.7682191220861,-1.32052589165901,0.772953560634266,2.91968072123625,1.91031883559961,-0.777321984645364,-1.16783400129541,-1.99932077857961,-3.19190298885175,767.29,"1","2",NA
"836",3.79692776809682,-0.320963341930923,-0.60141976939107,-2.78346715582258,2.74161396176523,-1.35790129735682,0.788393715085037,2.92253702741413,1.8903155476369,-0.791837567590152,-1.15312255856917,-2.03135372861898,-3.09972260071842,767.79,"1","2",NA
"837",3.78638730804905,-0.328738578178748,-0.581471949585278,-2.70333420714907,2.73843394180393,-1.31620685972528,0.776058022098147,2.90852180092722,1.85638523260164,-0.78420814200057,-1.12195289249749,-1.98468173618076,-3.24519194016278,768.29,"1","2",NA
"838",3.76227514711267,-0.508766208178618,-0.650710652337422,-2.60588012680553,2.73028551481301,-1.34276122131692,0.777221696820053,2.91001494282369,1.85894034720546,-0.729437570347439,-1.09373886202124,-2.00866347346435,-3.09877953430337,768.79,"1","1",NA
"839",3.76052484108698,-0.315037835895521,-0.547120259370709,-2.77030464040273,2.76015056965662,-1.36989025420852,0.777729716127849,2.92482274983327,1.87138324402833,-0.795459380487961,-1.03322420035635,-1.98854186571067,-3.2750326843006,769.29,"1","2",NA
"840",3.73676031968985,-0.340745909819783,-0.653709063453416,-2.61250353901857,2.72338769545049,-1.3597405705232,0.765865810087386,2.92463737410021,1.81255692797217,-0.732947617455311,-1.14068700446052,-2.02356013598863,-3.09931428658069,769.79,"2","1",NA
"841",3.73335156253417,-0.344314994378545,-0.633864481005121,-2.7729965015096,2.7285136299333,-1.33347069016682,0.783711179495858,2.91703519044521,1.81139491953929,-0.7210457959678,-1.14088978926278,-1.92042158402155,-3.10700264563561,770.29,"2","1",NA
"842",3.74753775308899,-0.270341493611651,-0.612862577628571,-2.75889645098513,2.72361206860137,-1.27490242266353,0.800803031580023,2.96859112843954,1.83909009963154,-0.750329248891948,-1.08689565190525,-2.20480970452885,-3.12059653112653,770.79,"1","2",NA
"843",3.70690075656438,-0.352619640498423,-0.702689748349186,-2.52629904346434,2.68204960811693,-1.40393049827005,0.738390457613307,2.91776245702252,1.79685031498816,-0.776074567524545,-1.13965800180709,-1.95623672315676,-2.9844453712349,771.29,"2","1",NA
"844",3.69607495364008,-0.447044077490635,-0.6858418193809,-2.34218842788473,2.69142641628447,-1.33018887159264,0.749651155846608,2.90582199977246,1.79397762919071,-0.771199596563937,-1.19820311286094,-1.95889717727088,-3.10338907168969,771.79,"2","1",NA
"845",3.68510697161552,-0.476149990293068,-0.681931462904867,-2.3431990555263,2.70296938591721,-1.32993908083766,0.775124563593329,2.93553860408245,1.80360725820182,-0.814317681384214,-1.21904067443049,-1.91814025351773,-3.119628584516,772.29,"2","1",NA
"846",3.72324320697286,-0.376063892999175,-0.651901542830833,-2.3696805990609,2.70915565547579,-1.39399514976851,0.734839147240899,2.92914037200038,1.82204496582193,-0.722889387648311,-1.13412235601516,-1.9109341243398,-3.35883629484918,772.79,"2","1",NA
"847",3.71316883101997,-0.411349610435746,-0.53114471920555,-2.42625263097801,2.73988203821572,-1.29793518789599,0.776769543032349,2.95354629935997,1.85008191436894,-0.789796096457752,-1.28742154475174,-1.95201801524355,-3.33753082102862,773.29,"1","2",NA
"848",3.7746474838045,-0.18186762755983,-0.516873050570048,-2.34634466090194,2.77738146677696,-1.28494596857427,0.7496151138894,2.97844010944115,1.8574786377828,-0.787959744884753,-1.35106551770916,-2.29299868019665,-3.37550756129818,773.79,"1","2",NA
"849",3.70049113965169,-0.25351115759193,-0.621205333279602,-2.31507192533049,2.72486295754357,-1.3555724391251,0.703767923233648,2.90552956981417,1.81525175476103,-0.873002983809503,-1.25695099801712,-2.06628594340295,-3.10830256444742,774.29,"2","1",NA
"850",3.71804297256351,-0.385688119440827,-0.6884791242,-2.40559299535414,2.73310252491311,-1.32105378662986,0.714395358703915,2.91982003681655,1.81728177732121,-0.769149427648635,-1.12452215420722,-2.07300357335343,-3.13515348948419,774.79,"2","1",NA
"851",3.73413926795746,-0.493619836220743,-0.618807417401023,-2.4530000662384,2.7312059941404,-1.31070900925934,0.735564007193407,2.94316003122568,1.83560504612689,-0.762419720951194,-1.13846573064593,-1.91270402016362,-3.2899485457636,775.29,"1","1",NA
"852",3.71647040819307,-0.36050525531793,-0.674522876107513,-2.48773427205352,2.74762835252994,-1.32211520987009,0.717322011517764,2.92194533412999,1.82810281943171,-0.78182729684845,-1.12793580662535,-1.96222112165812,-3.2146070873215,775.79,"2","1",NA
"853",3.73917540029841,-0.351212921671645,-0.584415930804593,-2.45812033388374,2.7582269324589,-1.31394483280555,0.7347773990541,2.94059102762975,1.82262847370919,-0.750900052499921,-1.13405692735908,-2.11653389865429,-3.28621433547153,776.29,"1","1",NA
"854",3.74418694125647,-0.489487684585308,-0.592397647642737,-2.45414948869083,2.74423013236777,-1.34105918084206,0.794139496745724,2.95549679710713,1.85877824208915,-0.749174149547662,-1.14852303063839,-2.04121236574396,-3.28082806187529,776.79,"1","1",NA
"855",3.69646256911378,-0.238639202646416,-0.608099201222681,-2.47860351940867,2.71075846436654,-1.31512850794672,0.758420504237792,2.91915414912858,1.81391481386051,-0.777990838038059,-1.18215440185789,-2.07443627001611,-3.22365855957064,777.29,"2","1",NA
"856",3.69789749000951,-0.285847057866145,-0.7109235955356,-2.43295919909211,2.71167626094275,-1.32416870550824,0.734542563555636,2.90830986186407,1.79493806840038,-0.734976558997386,-1.1457224398069,-1.90791291922579,-3.30485376874016,777.79,"2","1",NA
"857",3.73845053991281,-0.391393095178265,-0.574372546732791,-2.53780953361233,2.75521254365323,-1.29737867328959,0.796201661787819,2.97748897563753,1.86325070048481,-0.688214690589298,-1.0806019706807,-2.17008475348702,-3.39074915790621,778.29,"1","1",NA
"858",3.69249686291283,-0.341047412666373,-0.591376959839201,-2.4560416158311,2.73564381346573,-1.31262500500594,0.743921696420184,2.95317926966852,1.81566154571884,-0.775018897849224,-1.20676054500391,-2.12812166102521,-3.12991109096515,778.79,"2","1",NA
"859",3.70394391525567,-0.516247970782577,-0.617829972703104,-2.36324617031836,2.74339420954488,-1.2539267459468,0.801401569067174,2.9870855557543,1.82135092245507,-0.734617197966917,-1.25797458956027,-2.07417308359305,-3.23916044120603,779.29,"1","2",NA
"860",3.67466864619464,-0.461006919361943,-0.675700631644844,-2.26392502094707,2.71506632821077,-1.2765577812837,0.78478477145623,2.969066716095,1.79595449867287,-0.739592112966893,-1.25936957242912,-2.04276363083685,-3.2206252911591,779.79,"2","1",NA
"861",3.69296687865255,-0.373511315661766,-0.568194418703459,-2.25203582612257,2.67860328357479,-1.2878467186434,0.764319755939029,2.95705185168827,1.77019700178996,-0.719149186574328,-1.17634432164548,-2.27495661031359,-3.21110037398001,780.29,"2","2",NA
"862",3.70539218822428,-0.43658235629235,-0.656312592376124,-2.24865946876127,2.69279292875711,-1.3605452437078,0.695779510405167,2.94764699306161,1.77322033282948,-0.695765844089756,-1.2662305107385,-1.97836913902136,-3.17236679829048,780.79,"2","1",NA
"863",3.70680292500861,-0.334171558861804,-0.666228382121967,-2.15952847251127,2.66321131761156,-1.42682168946,0.679506591515961,2.92896647165492,1.76097424823634,-0.706625031259704,-1.30799892106978,-1.97458203966377,-3.16350545907909,781.29,"2","1",NA
"864",3.71885301312474,-0.248580488611902,-0.673172642856507,-2.18017259407538,2.69684768020631,-1.36459196121552,0.678705699999906,2.92076999451573,1.76030038216048,-0.73331100159504,-1.24896922019924,-1.97296014968297,-3.35371871177061,781.79,"2","1",NA
"865",3.72414289094159,-0.414810218793273,-0.657352030232767,-2.21980143323095,2.71025480719818,-1.34279699043062,0.697692344244421,2.93037007094613,1.81260595729175,-0.735034981367761,-1.18609203079826,-1.99665788191674,-3.32252050385171,782.29,"2","1",NA
"866",3.69229105525276,-0.296727505517431,-0.619869629348082,-2.15563822508579,2.69139163212964,-1.39965014568666,0.637663653746928,2.89659153418766,1.77054350054215,-0.788852146361317,-1.20908333694689,-1.87998776468641,-3.33867262222655,782.79,"2","1",NA
"867",3.69820446177079,-0.347333721972445,-0.65707738150635,-2.08707617686097,2.70790463483826,-1.33310225219992,0.708758298345218,2.92297475408853,1.75669006311273,-0.726892959744765,-1.27081464565604,-2.09483818219646,-3.27739689201858,783.29,"2","1",NA
"868",3.68703768368385,-0.330540578264218,-0.641887165100336,-2.14170100874217,2.7252304789555,-1.29950454954711,0.740075490672815,2.97726278754871,1.79961275688655,-0.749856627826009,-1.20688305966671,-2.08711838392294,-3.47172782467791,783.79,"2","1",NA
"869",3.69083535999399,-0.422165655668135,-0.615234629082724,-2.04900076261879,2.75683940018226,-1.29639215683744,0.780065421419779,3.02227217343699,1.79816535742878,-0.745486713336123,-1.22906423361229,-2.11940626324304,-3.57142729806326,784.29,"1","1",NA
"870",3.69040677869041,-0.506189851236784,-0.632751243810362,-2.1539099502419,2.75363995139321,-1.2369225969533,0.78547317405874,3.02801550753164,1.76587034590162,-0.722066110824999,-1.31247794130748,-2.12303271167746,-3.33605535152332,784.79,"1","2",NA
"871",3.72962785379173,-0.553760126346492,-0.600882875263957,-2.27217165123774,2.78744854899546,-1.26410924776765,0.786756217592529,3.02949898252579,1.80347499024855,-0.716289843272598,-1.26635056361067,-2.04535387656164,-3.41788840909332,785.29,"1","2",NA
"872",3.7171689294951,-0.693219217814889,-0.560092437779337,-2.42287030075866,2.7402667649318,-1.31779073005029,0.72565615426672,2.94262239035,1.79118388917932,-0.799419112381641,-1.09803728610753,-1.94998154309753,-3.07548750023305,785.79,"1","1",NA
"873",3.72419315357868,-0.277849191196562,-0.582874023969372,-2.48987788790257,2.73367253877488,-1.35393964162177,0.681216659671797,2.93775309633209,1.79737701258315,-0.73503306800585,-1.15876994234997,-2.05313958601307,-3.22272911988143,786.29,"2","1",NA
"874",3.73254202623578,-0.365521822276737,-0.615283916037492,-2.30505541537241,2.76227347067121,-1.33695984033005,0.726833928777067,2.95836646472231,1.80833174508999,-0.800113233811874,-1.07984151089862,-2.0104452287465,-3.47512666802267,786.79,"1","1",NA
"875",3.70601138581697,-0.373822415809156,-0.577703052691645,-2.57903013016568,2.710650328326,-1.34441425972766,0.712501815288582,2.93030666730254,1.78221992358232,-0.77811888991731,-1.06168269243574,-1.92702913622739,-3.19988954334182,787.29,"2","1",NA
"876",3.73152680904062,-0.456684402765729,-0.578360441503526,-2.48319988073208,2.74711565177607,-1.33935485401512,0.743355277312867,2.96712686815522,1.82484576937067,-0.772588102012936,-1.07491196399099,-1.99087315228002,-3.31799757835506,787.79,"1","1",NA
"877",3.74279835246547,-0.348431548877751,-0.592070387146537,-2.349102029089,2.76054552937711,-1.39635811350327,0.724367209821171,2.98048188362881,1.82852273972552,-0.725395146853701,-1.09241179523693,-2.09832001130916,-3.43462668300174,788.29,"1","1",NA
"878",3.7233954652872,-0.436012712904547,-0.569913568211384,-2.50056818964174,2.74159569273795,-1.39069705653045,0.687119789422381,2.95498515441583,1.77153970013398,-0.764689178808137,-1.0854804098672,-1.92937373124577,-3.20190095478812,788.79,"2","1",NA
"879",3.72795556176449,-0.32252840821689,-0.573664113473326,-2.57241362692437,2.73864126293969,-1.38489594332488,0.705738380915144,2.96267507764322,1.80412691839364,-0.72604046699521,-1.11421274006733,-2.0486161231504,-3.1967657795038,789.29,"2","1",NA
"880",3.71849129516086,-0.318134081256139,-0.614271657333733,-2.55374290160067,2.75293075802466,-1.33766969034065,0.69494496486382,2.98302633077306,1.81588838661849,-0.68461989575913,-1.2516969395927,-1.8892636159103,-3.31588295364757,789.79,"2","1",NA
"881",3.71053523536073,-0.416243258941775,-0.582394478093515,-2.44223821827468,2.75822550672577,-1.35217664438114,0.695253002811409,3.01313747419231,1.79860144894082,-0.735750087316378,-1.16336410577562,-2.14692252096782,-3.13666335428011,790.29,"1","1",NA
"882",3.73084644369011,-0.582210858345423,-0.529286366185834,-2.45087458670786,2.77053193455328,-1.29563938551484,0.742932733643667,3.04293823848081,1.79448075823972,-0.677237160377499,-1.11822776562735,-1.89182212617444,-3.53643185967433,790.79,"1","2",NA
"883",3.68074891998749,-0.497350048775251,-0.614434878342391,-2.45541013421917,2.73505318895725,-1.31266078998135,0.74015653953602,3.00290286604928,1.75754017041078,-0.709380383007441,-1.1751150623336,-1.9196115895218,-3.23243879875982,791.29,"2","1",NA
"884",3.70744004869221,-0.660989647470282,-0.602039192895119,-2.51153130598333,2.74594280731508,-1.38916706048656,0.758011767006208,3.0097445607444,1.77539941164461,-0.677590222718982,-1.09607449617445,-2.01385295458138,-3.04529371509242,791.79,"1","1",NA
"885",3.72405776024719,-0.48909998299134,-0.638097386198856,-2.47166154934612,2.75938480380784,-1.29869490724802,0.761191174345515,3.01657564389564,1.78594013469829,-0.637270598222862,-1.20185739888031,-2.04359901837587,-3.26686867573111,792.29,"1","1",NA
"886",3.73135582247507,-0.437509116407548,-0.609359373334207,-2.43784267551696,2.76361905328244,-1.39477648813725,0.721754255053673,3.01024815250291,1.80258663649386,-0.717796197176171,-1.16882493216997,-2.06275965109691,-3.20069548596894,792.79,"1","1",NA
"887",3.79172926905904,-0.476515074259455,-0.502696510703796,-2.50055892627238,2.81355586628782,-1.27492167357576,0.756848669248547,3.07616206354923,1.82125407305519,-0.67694315432647,-1.18710188910476,-2.06613251802502,-3.5746801949322,793.29,"1","2",NA
"888",3.76621325205047,-0.493428740261083,-0.503711143473176,-2.52179237327413,2.78690747041532,-1.31672875891366,0.740388581589579,3.07044100492768,1.76647812583038,-0.628499621053361,-1.21941360312858,-2.06448841702784,-3.38236577768159,793.79,"1","2",NA
"889",3.72420492168352,-0.439122422429925,-0.590062220284288,-2.5812988050357,2.75658451892936,-1.36551754275077,0.687681762868777,3.04039736202007,1.73327530632795,-0.735108702824246,-1.09268722843501,-1.90979295773074,-3.22855399233899,794.29,"1","1",NA
"890",3.73432348904362,-0.308151101894698,-0.581765797127356,-2.51831132925163,2.75373178175842,-1.26080406871863,0.699445360963809,3.02916249450564,1.76949973270842,-0.744465460404766,-1.12538124371634,-1.98432067911903,-3.46296317874748,794.79,"1","1",NA
"891",3.73116539941611,-0.418446248066692,-0.607535963792337,-2.64877636511356,2.76951980426121,-1.34416825629202,0.694298414053215,3.00815533093664,1.79271047154466,-0.711069343756129,-0.984019269975161,-1.96885380358192,-3.31298016963402,795.29,"1","1",NA
"892",3.75276365457894,-0.410318042778643,-0.615196818692939,-2.58436139365417,2.76389709237724,-1.32863546002815,0.719248241243975,3.00925179123611,1.7976837868418,-0.768174720627162,-1.11825260930415,-1.80389378396504,-3.4140117372278,795.79,"1","1",NA
"893",3.73623760236484,-0.503364988038997,-0.534719008026014,-2.66400668018249,2.72646071318029,-1.39529727608111,0.674235711947743,2.94442546595008,1.78082361187629,-0.67446210399,-1.06636549310598,-1.7987590446211,-3.22520851127354,796.29,"2","1",NA
"894",3.77437286059102,-0.589087626927905,-0.562240376891717,-2.43131934650838,2.76606791130952,-1.46287710276209,0.689965922695933,2.98514574788585,1.84031872091686,-0.705895747812107,-1.11192319074924,-1.85808815655496,-3.33443961519279,796.79,"1","2",NA
"895",3.79091794295705,-0.359503855918764,-0.596394575010123,-2.48549591917453,2.7653921018367,-1.40357700259052,0.70257468941689,3.00498257955751,1.86173776919521,-0.709293070742995,-1.11509906857664,-2.1319129989401,-3.32432859200968,797.29,"1","1",NA
"896",3.72747059808724,-0.37127367644635,-0.599826019810876,-2.69821948690658,2.71536073550809,-1.41908241718915,0.650251422050338,2.93280331258407,1.80126889220824,-0.663113759046795,-1.10940086167521,-1.74061708450467,-3.22562165485835,797.79,"2","1",NA
"897",3.7632155412902,-0.341159373308138,-0.605699917198225,-2.54509538523234,2.781146615846,-1.36550842237403,0.731649038944833,2.98481458711643,1.8705638255526,-0.747293601548327,-1.09461767967902,-1.99679883003686,-3.43521639937311,798.29,"1","1",NA
"898",3.71053375395818,-0.486444700701428,-0.549888504049982,-2.70531595270774,2.7490397119164,-1.34962083303102,0.752429708891935,2.96143966538669,1.84884684208078,-0.7866969872775,-1.06248595621533,-1.78191979422139,-3.29991695402959,798.79,"1","1",NA
"899",3.67576787246606,-0.578149807217942,-0.63910699916497,-2.5893763530309,2.74623385210623,-1.34892123221013,0.767211714960252,2.93886883896217,1.8183865800296,-0.681080519130159,-1.01068142994975,-1.93203066138694,-3.16712185643353,799.29,"1","1",NA
"900",3.69319487765669,-0.548644799036888,-0.648047005111084,-2.58062508039735,2.74882125409821,-1.34803823490513,0.748099652451818,2.94445844721489,1.8091035802963,-0.694661320335844,-1.01753351218402,-1.96322387399536,-3.14290398575225,799.79,"1","1",NA
"901",3.69357804667154,-0.546578957261752,-0.632351432585588,-2.61997818448563,2.74143417310675,-1.30831324748527,0.728921382362974,2.95581688160592,1.84260075922558,-0.670202881380684,-1.08427759927884,-1.87403281835871,-3.22661612213629,800.29,"1","1",NA
"902",3.73531070046642,-0.500455393519414,-0.562450335818721,-2.55840666763019,2.78013192650351,-1.28491327184845,0.770598343342944,2.9984270553493,1.88555475316283,-0.693849258662563,-1.1721123065103,-2.08584034249173,-3.31199520234364,800.79,"1","1",NA
"903",3.72365755872678,-0.607269144445343,-0.559121521307958,-2.7060221918428,2.78712033641397,-1.30263339736361,0.769111124343335,2.99939004324939,1.86398864480918,-0.676448981552738,-1.12489591223459,-1.92115388871834,-3.24572267007728,801.29,"1","1",NA
"904",3.71050507158164,-0.467012925267467,-0.610781147470017,-2.58988176037932,2.77523380058139,-1.38243673034264,0.744391002859942,2.98272954310878,1.83595370811379,-0.699961544785627,-1.14006841941663,-1.82205741151047,-3.33661318707337,801.79,"1","1",NA
"905",3.69078076579897,-0.518226206487042,-0.576197401084554,-2.51359041717299,2.76360167996327,-1.32383428755318,0.713065093694787,2.96725736738149,1.81038496378874,-0.681748012741432,-1.02815537120599,-1.93050549469672,-3.37283267968535,802.29,"1","1",NA
"906",3.70047631898007,-0.332422899898704,-0.626077836243771,-2.7051167203784,2.77714461132155,-1.32164437282252,0.739000293192999,2.9974734173175,1.83419577093413,-0.689033505503562,-1.05652003155361,-1.93676945662071,-3.38070558872497,802.79,"1","1",NA
"907",3.69689590913949,-0.465775168844229,-0.580351634703779,-2.43350436529418,2.74385627668207,-1.37192564085061,0.689767118861557,2.98259603691024,1.82229953748177,-0.726975328684762,-1.10913755777114,-1.99035944906884,-3.25738573385759,803.29,"1","1",NA
"908",3.71448653739857,-0.351480863441244,-0.613721200653876,-2.38003198041064,2.72026527763004,-1.34671756406413,0.693511646656971,2.97288621989311,1.79954250120282,-0.785307195279789,-1.20691917787621,-1.97574542282192,-3.24076877823371,803.79,"2","1",NA
"909",3.74746205097497,-0.451679053543642,-0.62332537912648,-2.43640390681446,2.72139199416519,-1.33296598912853,0.715700474841509,2.97409891736074,1.79860082146265,-0.699787190615214,-1.20420525781534,-1.97368266658807,-3.23520481517332,804.29,"2","1",NA
"910",3.69668899629099,-0.295929141229306,-0.674365576949551,-2.30490366142374,2.67806471719998,-1.43713376972062,0.627890007600026,2.92665498829084,1.74288169176363,-0.791022872862386,-1.16023059937909,-1.8248496963245,-3.18374508325628,804.79,"2","1",NA
"911",3.78091364776192,-0.297842090975174,-0.693441016162284,-2.57924918910055,2.7052208177312,-1.33644095384532,0.652182305226679,2.94967839081965,1.80347057972254,-0.683439769872702,-1.06173735848653,-2.09813646265307,-3.14117890016637,805.29,"2","1",NA
"912",3.80003156181758,-0.318248212418337,-0.669358311723662,-2.43591096691837,2.74144868715817,-1.40305005581304,0.691646699415043,2.9789476833902,1.84851715743317,-0.713144369177267,-1.22520761686361,-2.12957283714123,-3.16609941915867,805.79,"2","2",NA
"913",3.77783220199117,-0.324393372746297,-0.67634593758372,-2.40582192310435,2.70148014661648,-1.36170761168991,0.636541631731383,2.93737870249729,1.81168579942297,-0.78567049207826,-1.21082440494635,-1.85799063527982,-3.24216410483058,806.29,"2","1",NA
"914",3.8084716641773,-0.424568481932795,-0.585673412608974,-2.44334497407086,2.73776971877925,-1.35078806722753,0.667839029848431,2.94769189725741,1.84542951682832,-0.839095140718535,-1.18340031556093,-1.90975330759583,-3.27057812717526,806.79,"2","2",NA
"915",3.82555068984163,-0.346819040395867,-0.661162119151484,-2.54726371389723,2.73357966175742,-1.40510455439608,0.680110008743825,2.9543202633126,1.85732930555583,-0.717298150492532,-1.24416166935377,-1.94920903001482,-3.17987165150952,807.29,"2","2",NA
"916",3.7974586078883,-0.322368091444802,-0.662586225780286,-2.41383382609144,2.71700414542045,-1.47788644166773,0.627611686127504,2.9223970911894,1.84376554038104,-0.740245184823073,-1.10088422396096,-1.87752911702446,-3.31290396021392,807.79,"2","1",NA
"917",3.85195282494026,-0.324566005211842,-0.538604789533132,-2.51498452807906,2.77122494920154,-1.4408952927339,0.654737694491048,2.9635870951411,1.8790877252563,-0.71142480151523,-1.22432743513479,-2.02412433555877,-3.34166310126353,808.29,"1","2",NA
"918",3.84401853962034,-0.364921938224082,-0.610035092070648,-2.51567978920628,2.74999546543151,-1.56072190079414,0.582596086587391,2.94859698448076,1.88120001770476,-0.776602942028471,-1.17576841987892,-1.77203099446135,-3.23064601716087,808.79,"2","1",NA
"919",3.84722188223045,-0.327492772674129,-0.626119984202942,-2.4816298489531,2.75203694536195,-1.47692815973489,0.622818648105691,2.96184832954651,1.89520123938496,-0.757213951790223,-1.11728327147578,-2.06594635188626,-3.22651270391223,809.29,"2","2",NA
"920",3.82670997034115,-0.407137065554975,-0.608451468796032,-2.41121784746516,2.76602004049874,-1.49336583502405,0.638561087937241,2.96043710527982,1.91728576100874,-0.701981735410504,-1.14809209193424,-2.01710161716565,-3.32166630371508,809.79,"1","2",NA
"921",3.80040278608837,-0.340712718081496,-0.619181132594532,-2.30226233315912,2.73167654661502,-1.49611836241636,0.5766228777289,2.93646283430594,1.86780937523926,-0.757595256882804,-1.18220150108353,-1.69580982333121,-3.51909329242843,810.29,"2","2",NA
"922",3.78155924736753,-0.258059380346184,-0.650533994080508,-2.29362734289522,2.71142190847622,-1.52509464289824,0.532653221090695,2.91238092892557,1.82329778335617,-0.728793736697873,-1.11376845957353,-1.91921357461911,-3.27222195810553,810.79,"2","1",NA
"923",3.77903403337948,-0.356420142379899,-0.642361294869943,-2.28241275070444,2.69970377983264,-1.46714413288951,0.568796263372683,2.91517106043592,1.81469971646247,-0.756120180226602,-1.18706665982295,-1.85402400269434,-3.23185568989549,811.29,"2","1",NA
"924",3.81157094201238,-0.478668406671563,-0.695065811420415,-2.21188654388238,2.73801729599716,-1.53625655518724,0.615602341168409,2.9509597125615,1.8868067375665,-0.775295298825158,-1.19704083262028,-1.88244318376143,-3.22630039693748,811.79,"2","1",NA
"925",3.76980939349242,-0.472958936896323,-0.731549026261828,-2.12571828175429,2.69176090482782,-1.37567388005673,0.629791664239105,2.90759801367175,1.83132711493248,-0.882771342996576,-1.27294095560246,-1.86269677112446,-3.10597789647092,812.29,"2","1",NA
"926",3.80254859552967,-0.36834800858412,-0.637177677533161,-2.2801220018571,2.70940314384303,-1.5801200620547,0.550598352438024,2.90106092817245,1.87902559677987,-0.78276910396475,-1.28824291265879,-1.78336310620216,-3.12249374390825,812.79,"2","1",NA
"927",3.7883173010796,-0.424853766302098,-0.643153447631359,-2.12095935405549,2.68639014433389,-1.55241315022094,0.565554759413047,2.88977590380398,1.85094043312141,-0.864054486392788,-1.21616841900396,-1.65577048368531,-3.30360543445999,813.29,"2","1",NA
"928",3.80145966253558,-0.590903113299423,-0.669169621571703,-2.17802772676953,2.7027433212726,-1.52530559511662,0.579910569251827,2.88664733744685,1.83767735543236,-0.811997483568697,-1.12981170580824,-1.71759837071036,-3.18562462909463,813.79,"2","1",NA
"929",3.80942744550119,-0.445337363371537,-0.668524026496234,-2.2799038966018,2.70187407701881,-1.51187767437657,0.580320332871801,2.88599839322549,1.85070802707096,-0.850026776547465,-1.21795260499686,-1.48372071422904,-3.37098521906874,814.29,"2","1",NA
"930",3.8031196035095,-0.675019169226078,-0.65933667322546,-2.30253306558452,2.70850272055016,-1.44047647401337,0.606441407878399,2.8775491781526,1.87766429858949,-0.908756039941953,-1.26208954699285,-1.45646219921628,-3.16860404047964,814.79,"2","1",NA
"931",3.78340103674502,-0.58948462926591,-0.707125387053376,-2.24771270586944,2.67250083895889,-1.46097721824017,0.634212680407804,2.85962621903794,1.84935060077456,-0.858434752282664,-1.32585978246001,-1.4389983115214,-3.17049858923125,815.29,"2","1",NA
"932",3.78028172879152,-0.56722671257154,-0.655559429388525,-2.29305198702305,2.66794759724626,-1.44829770547411,0.600626709749642,2.8574301406361,1.84901954570065,-0.953601463638002,-1.17100651034004,-1.42695407622191,-3.23960783746701,815.79,"2","1",NA
"933",3.79143139912418,-0.544811973095584,-0.686070761682009,-2.40460920390035,2.70158936590685,-1.47362974548054,0.599145694765955,2.86095811628101,1.83935824433023,-0.832370183529494,-1.22650512117102,-1.37218091565507,-3.25230491589416,816.29,"2","1",NA
"934",3.77955262518846,-0.454308042652998,-0.683789478599464,-2.43930322885569,2.70994824502127,-1.47952738504179,0.617198899250454,2.8568265615062,1.87658690076522,-0.844039369458949,-1.21734498835692,-1.39959379406867,-3.3222069446971,816.79,"2","1",NA
"935",3.76819067782379,-0.415775546924863,-0.701688703582111,-2.58631917045643,2.66649317997997,-1.4778822413598,0.627296014964084,2.8386557002357,1.84195897990383,-0.859129565906828,-1.11133993920081,-1.3961220579528,-3.19433732752373,817.29,"2","1",NA
"936",3.78041570784011,-0.399930457970153,-0.639256317695268,-2.62819965698833,2.69022206369236,-1.3685961316777,0.651208928914786,2.8772051202375,1.84888118697628,-0.842212571714123,-1.16255582912388,-1.54981050443827,-3.25737153805331,817.79,"2","1",NA
"937",3.79270425902709,-0.337926584598195,-0.758297919258478,-2.56180671439211,2.68822904171913,-1.43794897925789,0.634056706383881,2.88393834914041,1.86136603014362,-0.884940105398209,-1.30183390933,-1.39648749029261,-3.18105268388664,818.29,"2","1",NA
"938",3.7810115710791,-0.529934618768047,-0.620647776667071,-2.69763130809664,2.69276979203319,-1.40701544337381,0.633110828678825,2.87291588783196,1.82880736696122,-0.770603003934642,-1.25177190239184,-1.31543699372076,-3.21557439963149,818.79,"2","1",NA
"939",3.74494106536561,-0.466286520005142,-0.731203566319821,-2.62399227716545,2.66238373155031,-1.42840024622682,0.609030399398696,2.84190866813913,1.82465481944046,-0.869944476466205,-1.20688109739957,-1.24931505999939,-3.10689544031182,819.29,"2","1",NA
"940",3.75637204493099,-0.595304536983068,-0.806637024652054,-2.55020306174306,2.66599899196697,-1.37371116380054,0.649558662784813,2.85959789008495,1.90061043068904,-0.890104077203713,-1.31036434422862,-1.12770409141111,-3.1781097204346,819.79,"2","1",NA
"941",3.79413213318716,-0.738583718921224,-0.723954886614059,-2.63485978952939,2.68499543556973,-1.43611535325689,0.653793874731444,2.87029715886558,1.87006628566945,-0.859335698172299,-1.18938537166912,-1.18003278551087,-3.11101728434951,820.29,"2","1",NA
"942",3.77599982137066,-0.503017454878063,-0.734958258542788,-2.64843313184495,2.67278860838019,-1.44142542382386,0.599086271487761,2.84663387902164,1.84395290140243,-0.903869353953167,-1.17209249004027,-1.12927249285734,-3.20539287572225,820.79,"2","1",NA
"943",3.75501150719997,-0.468366406713973,-0.729020559946131,-2.67735281741887,2.63045639572324,-1.55134155456264,0.563864167387067,2.83908315082526,1.89659421910695,-0.857944155059819,-1.02502098431262,-0.970922638997457,-3.40504032323099,821.29,"2","1",NA
"944",3.7388775727991,-0.50716682832388,-0.711255600175191,-2.74735318570826,2.61505434328289,-1.48619464551125,0.588999617056464,2.85281588008962,1.89694313140678,-0.959151952066937,-1.21419457963114,-0.877823450133014,-3.18955030308515,821.79,"2","1",NA
"945",3.73003388730482,-0.548163829862451,-0.700950778785524,-2.78663323941119,2.63727190740665,-1.55240492113264,0.58977414038864,2.8575622635312,1.91683249726119,-0.90067717623999,-1.10911550435714,-0.710536182454202,-3.42299306364936,822.29,"2","1",NA
"946",3.72480750696555,-0.63638805821289,-0.719851396545963,-2.67314468004178,2.6423159634927,-1.47191338237483,0.604326246277203,2.83477832655183,1.92248445731999,-0.937950479697077,-1.26864528285499,-0.598216188715317,-3.42260303216444,822.79,"2","1",NA
"947",3.68140847946887,-0.395734887056449,-0.78339661363267,-2.73096892804054,2.58570154699711,-1.50667988572403,0.562979261364265,2.79070739602333,1.87014646906042,-0.959798421390108,-1.19302232686899,-0.634389779236246,-3.28695231096496,823.29,"2","1",NA
"948",3.6737934933238,-0.505490242493981,-0.805998673892244,-2.62872456813761,2.60110157203484,-1.63200976457334,0.503650643343636,2.80695637052693,1.92000643970785,-0.912274612007208,-1.15226723586574,-0.600503828185172,-3.26823959378176,823.79,"2","1",NA
"949",3.68187473232671,-0.656534561045972,-0.759996566349371,-2.52248125868705,2.59825164883417,-1.486604117473,0.562977300580125,2.8503467951857,1.9343557359909,-0.923483810517459,-1.21080713857077,-0.781945004306242,-3.28595375596773,824.29,"2","1",NA
"950",3.72011076094925,-0.649312821080372,-0.735124159215062,-2.56521337372367,2.61981698537531,-1.45699947504534,0.569525507619306,2.85536644864148,1.92488536465592,-0.862177046996381,-1.19093007601764,-0.99022609326956,-3.23972202189324,824.79,"2","1",NA
"951",3.69639345409298,-0.426607368618123,-0.696552815269981,-2.49115537006539,2.58577445832204,-1.50655531170027,0.534926380905879,2.81430462679455,1.88805850831079,-0.872300699581172,-1.21813713321599,-1.18129656399492,-3.12685216598039,825.29,"2","1",NA
"952",3.72428687120079,-0.287576672243545,-0.641896157021468,-2.55197841471223,2.63442151514682,-1.47051920527037,0.569667020581393,2.85443479014076,1.85841394755824,-0.791810911356388,-1.29796674678302,-1.2564129069821,-3.34306313025888,825.79,"2","1",NA
"953",3.71458132277083,-0.431471160320524,-0.710370031052567,-2.33925641610209,2.66697491334735,-1.41084976307507,0.591666419258444,2.88145929784156,1.81619952591672,-0.862898530904574,-1.1273020056914,-1.67647536132432,-3.11225821066437,826.29,"2","1",NA
"954",3.6842067525021,-0.498647792189361,-0.759340688880332,-2.19144458603152,2.65966787994645,-1.49829740547157,0.607602096528604,2.88417893867391,1.81397561358539,-0.835189729793386,-1.13111910330947,-1.6077698990884,-3.12782207647241,826.79,"2","1",NA
"955",3.71395445503368,-0.528177645919561,-0.68337577530315,-2.19144351655305,2.68515520683267,-1.38557660229327,0.622478433141521,2.90638253659106,1.82715517500504,-0.826444373361466,-1.13144606401272,-1.7765532679853,-3.23210856117544,827.29,"2","1",NA
"956",3.72848445909758,-0.504331109138045,-0.643122903161748,-2.20106661713931,2.70171707695594,-1.421584178692,0.622615594222931,2.93717606873686,1.86162773982452,-0.813103801336109,-1.22838112171051,-1.70737162112283,-3.33265958653728,827.79,"2","1",NA
"957",3.77120612960414,-0.632626149724712,-0.585917973174049,-2.28888969072252,2.72907945465707,-1.4288135793345,0.647755552718287,2.96646243355056,1.87888473960616,-0.747438029225008,-1.18883231509773,-1.91351859674749,-3.20735197611019,828.29,"2","2",NA
"958",3.7794742105737,-0.313942328408735,-0.586044825011796,-2.38412592730347,2.72279914086415,-1.48825632549279,0.628466970864307,2.95468615072486,1.86581213273435,-0.772312716840464,-1.27447686913461,-1.8304731862563,-3.30160642731322,828.79,"2","2",NA
"959",3.8108188752863,-0.507272612406599,-0.667892960854127,-2.40264106425367,2.75646452105281,-1.48136279086848,0.610869730651959,2.97781488900128,1.84860040346371,-0.707484276417036,-1.2887297382964,-1.75357639626392,-3.19560858009583,829.29,"2","2",NA
"960",3.83816140458045,-0.342471054129282,-0.546976862320126,-2.33717930515343,2.73239250035918,-1.45724757407163,0.558107103090245,2.97046433120822,1.83097730279338,-0.799822876369856,-1.29744287656201,-1.77207767518331,-3.37688441824184,829.79,"2","2",NA
"961",3.8335274213277,-0.327839073605196,-0.598176619556015,-2.26632213281689,2.68744074061483,-1.51367022105715,0.549643457008623,2.93386713382834,1.80339103763284,-0.773346775192345,-1.36151355983676,-1.83237298716639,-3.13462842118158,830.29,"2","1",NA
"962",3.84359790895391,-0.451654694299027,-0.601401505160808,-2.36872546560426,2.70678676843,-1.46205262614428,0.58264949935627,2.95071483963034,1.81136147677595,-0.816564510115481,-1.21260497821034,-1.84165963481545,-3.14044707879682,830.79,"2","1",NA
"963",3.88499610706727,-0.453003395850446,-0.621768081522603,-2.35748259877834,2.70666952591658,-1.51615490537764,0.57552768456448,2.94556472547819,1.81901975985659,-0.7194179649178,-1.15882693573002,-1.96472414193929,-3.14039977876699,831.29,"2","2",NA
"964",3.89110570288157,-0.480157595535123,-0.668583240037174,-2.31990486284271,2.69712591766085,-1.40526060905425,0.607820287896313,2.93558104934748,1.81033299907074,-0.797841602433487,-1.24949702565153,-1.83213981166624,-3.18858120963644,831.79,"2","1",NA
"965",3.91362119359932,-0.361067925358364,-0.586969513851033,-2.32234985446153,2.71572088336296,-1.39646672289594,0.622152534235383,2.95850263205633,1.82903151670583,-0.78328269867899,-1.24812901891758,-2.22923265799222,-3.11153036780416,832.29,"2","2",NA
"966",3.91838829335633,-0.372240340635364,-0.601579103946029,-2.511176314922,2.74139094422025,-1.44916876474382,0.611910633605644,2.95231745135113,1.88981629512792,-0.713770580540177,-1.20560189714876,-1.99976002368462,-3.26052659204051,832.79,"2","2",NA
"967",3.90856861542691,-0.361795739032083,-0.65377208862206,-2.4398850154619,2.71618353521908,-1.50326185495467,0.59318209847054,2.93235449516408,1.83020925589083,-0.773709198009719,-1.18211529666555,-1.9220569391667,-3.14390186825875,833.29,"2","2",NA
"968",3.9382777918438,-0.336772840305613,-0.615255013135892,-2.58177531000454,2.76459303132359,-1.47276791733609,0.639667749610108,2.98270906452831,1.84260193083155,-0.728224035118975,-1.16195825684601,-2.15256102168472,-3.11853517370552,833.79,"1","2",NA
"969",3.91310262137013,-0.32242737101198,-0.594509483070901,-2.35336519723872,2.7467365731571,-1.4548429747036,0.632609127438017,2.94268180145246,1.84589346014189,-0.890187982375578,-1.22856093513253,-1.94428780344464,-3.29284183658168,834.29,"2","2",NA
"970",3.90561742907533,-0.398930255238762,-0.580061841641553,-2.37488410040015,2.76001172805015,-1.47617025376585,0.602896592349744,2.94483451872667,1.8392319758585,-0.762016493276374,-1.27627181173204,-2.04898464949135,-3.13527283851432,834.79,"2","2",NA
"971",3.92924796407704,-0.37387308531176,-0.608082870690669,-2.45078788430137,2.80054791038988,-1.50819732341871,0.587498395759777,2.96115253875788,1.8560016597952,-0.725572834822182,-1.23583919679914,-2.08140798845736,-3.1506872849786,835.29,"2","2",NA
"972",3.93812265518893,-0.372363645356893,-0.594432967327281,-2.56051514838301,2.79184441490521,-1.47166404690266,0.611577699022079,2.96915127584644,1.86365163007545,-0.766202703553367,-1.11071328056715,-2.15505004027484,-3.14340584267292,835.79,"1","2",NA
"973",3.88750511633173,-0.372223823034421,-0.612720588096346,-2.56944840037064,2.73575588495825,-1.48261828040079,0.613170397276569,2.93243709717845,1.84918050373976,-0.742446161195983,-1.18425273923309,-1.83051353668748,-3.22382547046601,836.29,"2","2",NA
"974",3.93750773846485,-0.386524273609444,-0.509210138207872,-2.32616590135481,2.8029128466087,-1.41499151637059,0.660472903782146,2.99182900425736,1.88793086484944,-0.74732499698315,-1.20433399464369,-2.21366206577658,-3.47844047101636,836.79,"1","2",NA
"975",3.9104284915499,-0.354463847538818,-0.579835989396547,-2.48361822410784,2.77090649658573,-1.33927621742341,0.703474401246856,2.98339215482052,1.86477765939558,-0.841304241060799,-1.39485823188275,-2.12001546136059,-3.11960699082784,837.29,"1","2",NA
"976",3.8972719892647,-0.257701778712633,-0.531454432675648,-2.45288285803807,2.7511166183756,-1.44822558733108,0.66406778017891,2.95433010697585,1.84313404529049,-0.864397840503559,-1.33520586716497,-1.9303154163954,-3.28973675926419,837.79,"2","2",NA
"977",3.87929284424992,-0.211751424695633,-0.629850114035249,-2.34119598697011,2.70525461432101,-1.40996881745095,0.642817402470667,2.92460821750995,1.81825580600281,-0.788431169269126,-1.18749502648326,-2.19260860382818,-3.20892774182186,838.29,"2","2",NA
"978",3.89120375755235,-0.353021772553044,-0.662188220374922,-2.63818626738659,2.75914255475709,-1.41354047160721,0.649085759768825,2.93609178323155,1.84030866807658,-0.710294623833954,-1.26305596681289,-1.93521904064567,-3.10032616017211,838.79,"2","2",NA
"979",3.8982952861161,-0.277086287579308,-0.567785267390864,-2.6453531747139,2.74057577690467,-1.40574986496333,0.670495340732237,2.9572751221225,1.8699760410514,-0.727647860212262,-1.20955580633867,-2.03093231960948,-3.27250698611909,839.29,"1","2",NA
"980",3.93376679794794,-0.478786812697687,-0.593651449156224,-2.69783043742855,2.784851434437,-1.40088976656595,0.702202050321801,2.96971510346805,1.87262650852761,-0.666157063951621,-1.06405865680254,-2.03833129098683,-3.323456417113,839.79,"1","2",NA
"981",3.90612846493286,-0.441416350851372,-0.641857977477337,-2.67607130493122,2.72513768267395,-1.4458266819845,0.676195797667065,2.93167334638482,1.84942242270984,-0.737191061804161,-0.957566967622953,-1.96728523048682,-3.22134213921016,840.29,"1","1",NA
"982",3.89977875664712,-0.435162865477274,-0.625809132157261,-2.65673777498035,2.72336402125789,-1.36430413269566,0.717477686204878,2.94984194509824,1.85500271454552,-0.720873036871066,-1.11470939529429,-1.98777139261762,-3.24009739366011,840.79,"1","2",NA
"983",3.84461912978701,-0.416972397149206,-0.68393934068609,-2.60916529908254,2.70074350493129,-1.30988231495227,0.732506934002527,2.92336804893925,1.81439335835571,-0.757942470888956,-1.22599106529889,-1.83238731945018,-3.17935076850765,841.29,"2","2",NA
"984",3.8209603464588,-0.341583607931005,-0.641430293935477,-2.46367588818636,2.66509131644833,-1.36192809862913,0.680151466492047,2.8888645279661,1.80301466412647,-0.786591905815691,-0.997856605351794,-2.07952194707105,-3.18549397457124,841.79,"2","1",NA
"985",3.84971041654567,-0.501957879121178,-0.73172803463263,-2.39842576095167,2.70993471554324,-1.3916962424983,0.658253193143578,2.90493752365562,1.81735539887188,-0.75944170442376,-0.987025478700705,-1.82273572391552,-3.34718042351623,842.29,"2","1",NA
"986",3.85571664889025,-0.361648765633096,-0.682006668317263,-2.49015410672829,2.69772120876999,-1.52343252122724,0.612123325344593,2.90983378617799,1.82566594970732,-0.745964282438569,-1.05616487180038,-1.83806841296612,-3.20362128977919,842.79,"2","1",NA
"987",3.86842508124073,-0.34255046841109,-0.696893244043057,-2.58619976429346,2.6907590481507,-1.47819773527551,0.578000687960899,2.88746389253427,1.80786108609887,-0.795226767776014,-1.10010275672705,-1.72418591927374,-3.10915314018557,843.29,"2","1",NA
"988",3.86291272291307,-0.344744000887718,-0.633297343270459,-2.53092591973195,2.72258715118254,-1.42315031640432,0.631010345594928,2.92624450824594,1.8601440031955,-0.771415398953969,-1.18013824706897,-1.91244590163275,-3.20678160318183,843.79,"2","2",NA
"989",3.82594980539487,-0.347011624712189,-0.593787658979749,-2.4282326702184,2.69266561053481,-1.43086349779718,0.606059974956182,2.90172267769926,1.82894057490463,-0.788934175035487,-1.2701139301172,-1.93044504079054,-3.06595004583902,844.29,"2","1",NA
"990",3.80365538227479,-0.353550992405773,-0.687560217555,-2.46421104025075,2.67989050177195,-1.42849980715047,0.607881197947953,2.87685919883502,1.81740022238188,-0.767270229558829,-1.2448702056965,-1.76444862057208,-3.07527539002221,844.79,"2","1",NA
"991",3.817476003635,-0.475283602550773,-0.682159671846841,-2.42119375160609,2.6634142731585,-1.56915960679993,0.497066776406352,2.81502320680318,1.77063294111355,-0.706606826241823,-0.958931905312322,-1.76340767260561,-2.9868701641532,845.29,"2","1",NA
"992",3.85584760053547,-0.451488908760708,-0.67421483634782,-2.44224962398137,2.68135022913887,-1.55198266552852,0.454472974516188,2.83202724910467,1.80471539588722,-0.69611255870266,-1.03627256840306,-1.7506326656022,-3.02545962185608,845.79,"2","1",NA
"993",3.87171106744738,-0.503137218414037,-0.686597943738246,-2.23535163782441,2.70187957129061,-1.49962001200577,0.568478167323866,2.87911021890946,1.8356189692113,-0.7808195571781,-1.07287149386599,-1.97730584379774,-3.10109428735832,846.29,"2","1",NA
"994",3.8439741370992,-0.460549507117733,-0.625270396684279,-2.3541601567702,2.69393045182546,-1.50123665773735,0.591350992974058,2.883135216026,1.86076606906392,-0.745486867796315,-1.02622387972486,-1.80681221471774,-3.35341718644017,846.79,"2","1",NA
"995",3.7682688837686,-0.373696787686399,-0.664478264877467,-2.14121661615051,2.64356920354941,-1.49122019135158,0.541266803979694,2.82453640200535,1.7913701964393,-0.715888265806552,-1.15699506524064,-1.92079521312428,-3.10472108550493,847.29,"2","1",NA
"996",3.78474490483619,-0.437779015772326,-0.624323059911607,-2.04558368222138,2.72010978961989,-1.50281672230501,0.618731552016847,2.89027856517807,1.82452123106189,-0.78392374317003,-1.15742756323892,-1.94558657199361,-3.34094568410001,847.79,"2","1",NA
"997",3.74137852736398,-0.470715769261374,-0.644692453748512,-2.02267563223741,2.6892759609918,-1.41407335601235,0.622667985003821,2.90298972494713,1.79957868697112,-0.85888835269559,-1.17926599060054,-2.01675094287971,-3.14882838784236,848.29,"2","1",NA
"998",3.74083646564995,-0.392357484161883,-0.675385647067158,-1.99356766149003,2.6912618296367,-1.39598152831946,0.656300584229441,2.92911936201932,1.8026164873743,-0.790263977296121,-1.18486958905764,-2.13044914099984,-3.25725970051759,848.79,"2","1",NA
"999",3.75746375395131,-0.608565997111234,-0.613635995847634,-1.97053248598186,2.70316236461962,-1.37751394232041,0.68578761124257,2.94574496439365,1.85076722865644,-0.721085862723343,-1.1370637137457,-2.05186357691285,-3.46266434822056,849.29,"2","2",NA
"1000",3.72616951534861,-0.294668540039979,-0.619203077502316,-1.93221134679419,2.69725355868093,-1.48412064597406,0.645446968943235,2.91845714314275,1.79935060281332,-0.771686706027513,-1.15920419040224,-2.19513000085335,-3.3304532813352,849.79,"2","1",NA
"1001",3.6846017816652,-0.356992676158565,-0.760799605514176,-1.83370954475892,2.62840504543358,-1.41974547656897,0.597898523304721,2.85288434857001,1.76546853820851,-0.796457442486196,-1.21376576822227,-1.90468163510078,-3.24310608837215,850.29,"2","1",NA
"1002",3.7201608484398,-0.430636728892724,-0.651443620565525,-1.94193828567649,2.65388986727892,-1.38488929415675,0.604647990101953,2.89048445324278,1.7889109542379,-0.776292629740836,-1.15689770052961,-1.92897213967922,-3.38702371406021,850.79,"2","1",NA
"1003",3.71168722140594,-0.349428411043074,-0.696994395018587,-2.04442672304643,2.65358014180936,-1.40328113580578,0.615487808178403,2.89896944592402,1.77758325860299,-0.753330440391137,-1.10806961601752,-2.07262322494106,-3.22915392965713,851.29,"2","1",NA
"1004",3.70754019165823,-0.544693899352396,-0.684446151852021,-2.20481329826264,2.67628823282408,-1.43941657734923,0.598701520413502,2.90014320871863,1.76912629250249,-0.732144868185653,-1.11370445544026,-1.87228065964551,-3.0602995360292,851.79,"2","1",NA
"1005",3.73086377185117,-0.500166981893709,-0.649572363214258,-2.17234189300268,2.71189590953224,-1.44454865148835,0.611540805550415,2.92466240033639,1.81284666305401,-0.761766755968665,-1.25863642656366,-1.93872704182118,-3.06604943637172,852.29,"2","1",NA
"1006",3.72689226518012,-0.494535478237836,-0.681527553629173,-2.03267762743334,2.70185425310919,-1.41201001938378,0.635138918284249,2.93141074724938,1.81132056079449,-0.806164172943267,-1.20716498792275,-1.94432534195387,-3.22821156311342,852.79,"2","1",NA
"1007",3.70138042288297,-0.397321663214901,-0.71240858783383,-1.91160811340711,2.64995542046734,-1.43423631352781,0.608331802724903,2.89208169581467,1.77432689463686,-0.804613545986194,-1.19071101989426,-1.89302287510377,-3.28215411755886,853.29,"2","1",NA
"1008",3.74960345878851,-0.368405549586898,-0.665925459895499,-2.24142540736306,2.70796337147552,-1.39624171266819,0.683879869840297,2.95834264252113,1.8317893536985,-0.697892665804087,-1.17937633128606,-1.99469733391988,-3.38761423580027,853.79,"2","1",NA
"1009",3.72903268464614,-0.469095062945649,-0.767950435995555,-2.19055816278331,2.68497940431413,-1.36210810995046,0.690823627009654,2.936236274213,1.79714922395001,-0.736690376830692,-1.15718260134201,-1.95273065055675,-3.20190581372851,854.29,"2","1",NA
"1010",3.72291540189449,-0.437331987537469,-0.688137069298934,-2.18070895668653,2.68568785953302,-1.39002999029884,0.687734232383975,2.9534631661267,1.82369156626143,-0.75518408084609,-1.11490914372003,-2.02786975245708,-3.27932124535464,854.79,"2","1",NA
"1011",3.66739039657836,-0.340413504898428,-0.721371336546517,-2.12183736341493,2.64669117865937,-1.38147979784507,0.629756723026201,2.91639398862769,1.78024691330269,-0.813554318533926,-1.24498836359207,-1.94737348513695,-3.06946103022642,855.29,"2","1",NA
"1012",3.66994030006072,-0.353950589282044,-0.698615055933232,-2.09339350455827,2.65031346338594,-1.39890193661234,0.621509099343824,2.91726570554497,1.79420815193262,-0.786394746108921,-1.11537087702067,-1.85865820508028,-3.34795180567232,855.79,"2","1",NA
"1013",3.68200676398781,-0.465865351050269,-0.652789045789726,-1.92734976503762,2.69213043586537,-1.46447045590305,0.62093154774725,2.92638783755639,1.78123073566371,-0.745335402047656,-1.12043544690014,-1.90684012094667,-3.4196017331454,856.29,"2","1",NA
"1014",3.64869554768791,-0.458024977923074,-0.75201188010964,-1.72947361118805,2.63215226502213,-1.47693743565682,0.618052122411501,2.87807150303536,1.75400208151726,-0.714322662499654,-1.23553799011478,-1.99618717345467,-3.16847778872747,856.79,"2","1",NA
"1015",3.65400709882797,-0.363143316045246,-0.709598670942375,-1.80568946830319,2.62410476446484,-1.48225316584019,0.611315257084815,2.86887094611257,1.77442778131841,-0.733287656052342,-1.09788376721962,-1.96546491185521,-3.37540489155045,857.29,"2","1",NA
"1016",3.64128712005714,-0.44041869533721,-0.707507179269199,-1.98104364093538,2.61932072506458,-1.49418041783997,0.597951161467522,2.85282975969287,1.78940806161051,-0.795886545528253,-0.995816014511789,-1.84835223156058,-3.23759210291023,857.79,"2","1",NA
"1017",3.666218436142,-0.315190182156221,-0.658009579804513,-2.10532864276218,2.63865657187701,-1.41754079293494,0.624953950484753,2.8668304617318,1.81094188890763,-0.790529239505476,-1.22324110652557,-1.964173325027,-3.1335884404273,858.29,"2","1",NA
"1018",3.63889669412577,-0.271346682133449,-0.759352323079409,-2.18073800401057,2.60494087203132,-1.40441331697172,0.618780746296158,2.84586437313153,1.78381936209836,-0.843859002454029,-1.15660005496685,-1.75573707757259,-3.12025558649454,858.79,"2","1",NA
"1019",3.68790023678179,-0.338590244112018,-0.685015470280528,-2.19415736171663,2.64026731501234,-1.39474677885601,0.679845470236615,2.89677238634001,1.81334970463955,-0.897873750934564,-1.18052971576334,-1.86944367853349,-3.15777811281373,859.29,"2","1",NA
"1020",3.77159097656612,-0.40385074440612,-0.629073160613028,-2.07113347674749,2.62196526848622,-1.38267893736574,0.638226727349209,2.88088166152706,1.79842761344615,-0.863515638244222,-1.23920187099678,-1.87301967349912,-3.24861874550226,859.79,"2","1",NA
"1021",3.85731325657468,-0.17079622119077,-0.696675188909604,-2.18974415972452,2.66864523143134,-1.41994656938918,0.638895911420585,2.89799451597356,1.82952437605723,-0.899074493272373,-1.24534078691432,-2.1813933805071,-3.08940249154953,860.29,"2","1",NA
"1022",3.8440542758432,-0.374723444761128,-0.633911091709583,-2.11632775466771,2.66078576704624,-1.40454070544872,0.636127852933434,2.90085239677908,1.81269018461492,-0.80598835581465,-1.30237087016996,-1.93056277609599,-3.28608547854913,860.79,"2","1",NA
"1023",3.82126945497044,-0.468163828827479,-0.696969833686833,-2.03121107290815,2.69083624900276,-1.42677450509079,0.653246645948572,2.90262140182967,1.82221835369959,-0.78014734016574,-1.2652300762386,-2.07991635103704,-3.14177909749641,861.29,"2","1",NA
"1024",3.80422710112046,-0.326365066431036,-0.674918724026453,-2.04651500328097,2.6914927371206,-1.34081626213902,0.683930621329773,2.93002047366148,1.84722338585214,-0.82484262185563,-1.31996000499087,-2.11501023852973,-3.30846639783074,861.79,"2","1",NA
"1025",3.72535238217597,-0.566493702432998,-0.651170495822504,-1.86069906534444,2.62438907616642,-1.3796494747472,0.640470948934756,2.88664628915275,1.79102101926243,-0.861353999518497,-1.228617365401,-1.98360805124365,-3.13628756118203,862.29,"2","1",NA
"1026",3.7018645496225,-0.39490854484592,-0.720778483525322,-1.83430987295682,2.62660853186204,-1.38643252350507,0.621724630918065,2.89665128195383,1.80528111646402,-0.882836359250938,-1.28689400759122,-1.80426189059713,-3.34170842854802,862.79,"2","1",NA
"1027",3.71011183685382,-0.42291310241937,-0.638660318166163,-1.74246431178632,2.67450037424884,-1.39066610468688,0.666399793836948,2.92802112063716,1.81721583698972,-0.805841151279094,-1.38434896428562,-2.13184328214286,-3.27951172780017,863.29,"2","1",NA
"1028",3.70088716957024,-0.526422992100186,-0.702978335887493,-2.01830015621551,2.6973073697472,-1.28864098343242,0.698763464994152,2.97247883088999,1.80151536924233,-0.844694888505973,-1.22047984251273,-2.06293566462961,-3.20649934115999,863.79,"2","1",NA
"1029",3.69064942529551,-0.432194492397775,-0.678122952928627,-2.01859844775873,2.66892925608712,-1.36069899141529,0.665330898712108,2.9160014912715,1.77807089353971,-0.783043658854939,-1.17975295065664,-2.05508405123378,-3.21148641966017,864.29,"2","1",NA
"1030",3.69028227945162,-0.449533492681852,-0.678659115673609,-2.01141270986547,2.64874968726776,-1.36640424694456,0.650458449084434,2.88296681772387,1.77675435471962,-0.821279305616012,-1.16513093762665,-1.90439480067091,-3.25239697916823,864.79,"2","1",NA
"1031",3.74845946630343,-0.400484847413667,-0.642342997627986,-1.86659514598105,2.69202554715067,-1.28480365363653,0.642458766985635,2.931282174907,1.82029264295934,-0.712094388954091,-1.2117553154196,-2.47162618051983,-3.24481606875332,865.29,"2","2",NA
"1032",3.72831234613187,-0.384592955354951,-0.660247159710557,-1.77922410362372,2.68649531940767,-1.38144880601135,0.602544698986953,2.89828812135144,1.7791397603219,-0.80787828456909,-1.26420505214276,-2.15016408564193,-3.26701979914548,865.79,"2","1",NA
"1033",3.775159384687,-0.321669149961014,-0.64218245396061,-1.7210928025227,2.68923471779806,-1.37950913478442,0.601985704428276,2.91071134822033,1.79297614898688,-0.80896427631681,-1.31793789180869,-2.18720219909757,-3.39150939566873,866.29,"2","1",NA
"1034",3.78617414797619,-0.399257393189049,-0.633322780689669,-1.98206170797534,2.68830783844024,-1.45976368304711,0.583627021054075,2.87175107088745,1.81434538304581,-0.821819772280571,-1.19601108764163,-2.05950363394882,-3.19246540263157,866.79,"2","1",NA
"1035",3.78239648817514,-0.31108804231244,-0.677360697430386,-2.09859499395082,2.66905680740604,-1.5089565669095,0.600636807853866,2.87290574072886,1.8256445682992,-0.728453213242567,-1.19413871972367,-2.01444107576886,-3.21760710312486,867.29,"2","1",NA
"1036",3.85309683282135,-0.450249403382687,-0.690082125481646,-2.26694241357963,2.75149260661288,-1.39532300734668,0.701753669100368,2.94664417869525,1.87189686356722,-0.810448445046629,-1.18978065150948,-2.10420396920884,-3.21785413524149,867.79,"2","2",NA
"1037",3.84062579532355,-0.479593504615868,-0.661770875698377,-2.19203150673537,2.73904436836796,-1.38032459145087,0.664128616621598,2.93369700601466,1.86539272472689,-0.795796705910229,-1.20684114781463,-2.05762637006225,-3.26890380876707,868.29,"2","2",NA
"1038",3.84286440857285,-0.479783655751129,-0.563510694465823,-2.09187291750685,2.71546483181442,-1.43798184895681,0.613518885928751,2.91021860768644,1.82250130394617,-0.837341601954739,-1.26397826988143,-2.05367382882519,-3.17642522060666,868.79,"2","1",NA
"1039",3.84581993404566,-0.440956022767328,-0.592100871270413,-2.27231439954509,2.69811339331277,-1.47850687833438,0.580904520889051,2.88896702121062,1.8050622913216,-0.823475733076544,-1.17124640011824,-1.94082217774339,-3.09944467792432,869.29,"2","1",NA
"1040",3.89998806780012,-0.401536338505548,-0.633301539272017,-2.25335526265377,2.76158239585625,-1.46363741829074,0.607655704937938,2.93410804893288,1.84664739960541,-0.756298778873052,-1.1568797269354,-2.05725500350365,-3.32771754909842,869.79,"2","2",NA
"1041",3.87586889820737,-0.525436369646409,-0.603742913804247,-2.24057440040648,2.74633168633938,-1.3982840617499,0.70012448432194,2.94992633424504,1.86034192697885,-0.796303334519378,-1.32888966445952,-1.87693078715166,-3.36243179835499,870.29,"2","2",NA
"1042",3.87300622723083,-0.36140488344785,-0.663606267224084,-2.30043186901142,2.75348418975789,-1.34283491749297,0.743493909983081,2.96999492723917,1.84953896662973,-0.797282761928174,-1.2492015506795,-2.17594438100772,-3.29881159004899,870.79,"1","2",NA
"1043",3.89014938470723,-0.449796610191164,-0.533034142481188,-2.29551284006859,2.76915212005583,-1.296487088102,0.717333430208209,2.98000191579681,1.86117081688126,-0.830791411015896,-1.30152293062496,-2.35942196854928,-3.15124067661626,871.29,"1","2",NA
"1044",3.90330118929675,-0.520446748864883,-0.573022723475076,-2.39934784581541,2.77894555284995,-1.31807931077325,0.698492297021988,2.97864062000498,1.86115010398374,-0.808128821316664,-1.16774162819585,-2.16339107318883,-3.27037161152745,871.79,"1","2",NA
"1045",3.88208395292892,-0.580188142279806,-0.660829416561747,-2.43996913760518,2.77376549793233,-1.32093571887359,0.722130838727923,2.97309537724222,1.86620930735745,-0.821109727771741,-1.24428300024525,-1.86794795281227,-3.28202187803924,872.29,"1","2",NA
"1046",3.91266518053218,-0.470693346708782,-0.519649545690561,-2.49086756824807,2.77531159437436,-1.42860575327376,0.645352030049823,2.96415037359397,1.85993963714923,-0.77818542519638,-1.21940510792856,-1.89171016005922,-3.35830190859425,872.79,"1","2",NA
"1047",3.9383138191224,-0.460746602307352,-0.522413240635619,-2.47306086400742,2.7372801675576,-1.49292437167459,0.534991328611373,2.91962819123109,1.834498155754,-0.733907695409963,-1.14376198393689,-1.96334388780509,-3.17455301649954,873.29,"2","1",NA
"1048",3.98652701795577,-0.378928207072868,-0.466259737738996,-2.53747392984398,2.81148293509651,-1.43632421276545,0.578882866969347,2.98330382788825,1.89664027211384,-0.680080883782948,-1.12448123544497,-2.17033562560199,-3.46295308777254,873.79,"1","2",NA
"1049",3.92441836614242,-0.368667123452371,-0.565735761311623,-2.68083098925552,2.77210304035281,-1.50129797466995,0.54881856391463,2.92904705985567,1.85633628019617,-0.749475087719244,-1.04467331565444,-2.03700429290518,-3.08303876549338,874.29,"2","2",NA
"1050",3.91914861903299,-0.483371314095784,-0.599794881741007,-2.4619226202487,2.76433727588833,-1.46461694875704,0.578104320788392,2.93155828778681,1.83793135183527,-0.77767652003957,-1.17598340144756,-1.86913058200751,-3.19858358699461,874.79,"2","2",NA
"1051",3.93087412503397,-0.382174741953834,-0.614137477416485,-2.54332516567348,2.77283898833783,-1.41395534572526,0.61886930143436,2.94226650749476,1.86308702439043,-0.774435961196724,-1.24200991868195,-1.99032461685678,-3.16757271918684,875.29,"1","2",NA
"1052",3.94577676903313,-0.564447421075883,-0.583293207382795,-2.6686212980814,2.79764364009546,-1.4172553030379,0.677217161008787,2.96899701340715,1.87368540176802,-0.773049742664268,-1.1192584842122,-1.97303410004409,-3.16436042881401,875.79,"1","2",NA
"1053",3.88736251646501,-0.231067392988799,-0.622330842268798,-2.43841556356839,2.72237149563779,-1.49253046694269,0.620824480301796,2.91660868360905,1.82529561351792,-0.887559184433001,-1.22315143549131,-1.91232246767161,-3.16508543616698,876.29,"2","2",NA
"1054",3.91765507524482,-0.35616137290729,-0.638676565092157,-2.53453525067271,2.78501860238445,-1.45667842405605,0.676635899240301,2.95769011801822,1.87470864738153,-0.793774264509317,-1.22084170241597,-1.98335833138315,-3.22768243123266,876.79,"1","2",NA
"1055",3.8900352422741,-0.488694385415395,-0.678077060667297,-2.59770894407888,2.74759818001413,-1.39008250032137,0.650995728584923,2.9298941262584,1.84104185529014,-0.812805525213034,-1.18825870029597,-1.85737645612908,-3.04656156030064,877.29,"2","2",NA
"1056",3.91610573919902,-0.471199189219181,-0.692286138565603,-2.52553776876366,2.7724233890982,-1.42972268471661,0.663512179095563,2.95614227908674,1.8717351764831,-0.801923565457386,-1.16220044620885,-1.9917924616136,-3.10525650841773,877.79,"1","2",NA
"1057",3.87924109552972,-0.510637823933287,-0.70175137993553,-2.42295425570045,2.7544940683666,-1.41545264377291,0.672227346821419,2.92552733057016,1.86173514608447,-0.809773356987516,-1.15284264887047,-1.85835092625399,-3.22146195191822,878.29,"2","2",NA
"1058",3.88323036211699,-0.366612374015726,-0.683058152971718,-2.49938888293028,2.7509361693311,-1.41260566758992,0.675550650288308,2.94467214582009,1.86904511051376,-0.804184148738753,-1.24759556446725,-1.89411690368714,-3.21587274366946,878.79,"2","2",NA
"1059",3.88346606226965,-0.567024008829719,-0.670951148642594,-2.53299501117011,2.78543782484778,-1.31801913349985,0.705878109849256,2.97023548963398,1.88022442708927,-0.778566788307418,-1.17620980813399,-2.01453899853843,-3.16693701656785,879.29,"1","2",NA
"1060",3.87015995375901,-0.526693634024775,-0.630737493797855,-2.39164935979865,2.75597226708738,-1.36917220797603,0.707643511626138,2.96404814570274,1.87010595463186,-0.796406497269271,-1.3023962442286,-2.05015590234278,-3.10071849336918,879.79,"1","2",NA
"1061",3.84915836718648,-0.383734638130149,-0.62699747475854,-2.43628858822954,2.75304121847428,-1.33975919971044,0.692069549480049,2.94217519712206,1.86471821776492,-0.826601019072133,-1.19626921856034,-2.15329915695595,-3.13821325461071,880.29,"1","2",NA
"1062",3.85095213796282,-0.433707063298374,-0.617290708162574,-2.44512205444183,2.76765823864804,-1.36840375040845,0.710603669276287,2.95983653596949,1.87568961700096,-0.850571480616937,-1.14943557050472,-2.03584257425819,-3.26436699716651,880.79,"1","2",NA
"1063",3.84642302660584,-0.545700006874472,-0.655727725763377,-2.22726636560649,2.76213262934896,-1.46381862900696,0.716139021736666,2.9706026432811,1.87300070652399,-0.803710058433867,-1.23692669519828,-1.9934363171959,-3.2417122294172,881.29,"2","2",NA
"1064",3.84089474954367,-0.362604366081637,-0.608373955704372,-2.32719159967043,2.77154346890986,-1.43368404172685,0.718359616875085,2.96772408326989,1.87680459946223,-0.791144318071049,-1.20756540454401,-2.16478644228723,-3.27997638997516,881.79,"1","2",NA
"1065",3.80383643117466,-0.457148424704008,-0.663325648229598,-2.48237973474507,2.74934122461386,-1.3663313249951,0.698512192236,2.94285372302303,1.84918303861209,-0.799036113670522,-1.12712854598242,-1.90220094404597,-3.24617587328695,882.29,"2","2",NA
"1066",3.7930694672454,-0.464967367434421,-0.627020103393923,-2.30457293656543,2.7581900524709,-1.43433725918247,0.709201537994549,2.95281737863481,1.85176910260293,-0.820751206705731,-1.16166274805046,-2.1226052994354,-3.12913061818076,882.79,"2","2",NA
"1067",3.79312834022454,-0.46063776383244,-0.700012892238963,-2.34224062749605,2.77144124889981,-1.42022678953191,0.738970392215074,2.96689002881523,1.84933547310386,-0.80061369301811,-1.23739321868295,-1.96060389920683,-3.19803659925125,883.29,"2","2",NA
"1068",3.81594728767538,-0.516213727707684,-0.653891852577277,-2.34679318878532,2.79132875005137,-1.36369378723906,0.752018591812325,2.99384323294643,1.86535124396829,-0.824697286506369,-1.16883773776776,-2.10652438794565,-3.23783713792469,883.79,"1","2",NA
"1069",3.76499880241407,-0.350320376690455,-0.653265410988447,-2.33768181038036,2.72216118229979,-1.39583800408159,0.706891555508897,2.94439204225218,1.80858864467067,-0.790460695693266,-1.23586610199471,-1.97407904763311,-3.20952077968368,884.29,"2","1",NA
"1070",3.80600496414903,-0.501432813533783,-0.603888259197782,-2.27436067278806,2.7826179869937,-1.37018099938996,0.74149510748148,2.98524440466357,1.89226362125322,-0.776993525453219,-1.23446089642953,-2.06804213768276,-3.37826678006589,884.79,"1","2",NA
"1071",3.77790346170932,-0.397779222840131,-0.686658245813418,-2.35089266016688,2.72953411078304,-1.38838198767884,0.723561316905534,2.95368668735243,1.83997813051808,-0.809269624031087,-1.16188272851766,-2.04037109574528,-3.1894281424751,885.29,"2","2",NA
"1072",3.78128876553711,-0.403765483536731,-0.623344527267493,-2.2757246339886,2.73837404342088,-1.3825563195353,0.688127267012683,2.9535871058891,1.83983878576214,-0.871229568221865,-1.09675571518323,-2.02520417160887,-3.32263554827982,885.79,"2","2",NA
"1073",3.79829524841083,-0.429540226341875,-0.682220316544423,-2.25121153939793,2.73999703271686,-1.4056311547442,0.742967977701924,2.96744926446588,1.84416685593554,-0.805647769820484,-1.20781643039447,-2.07709842135571,-3.23371052063196,886.29,"2","2",NA
"1074",3.78950880258085,-0.438977574915004,-0.68204884204586,-2.12225036772988,2.74424765729734,-1.39746309596923,0.692393298453089,2.96976604158839,1.86647622058948,-0.808227798836392,-1.21837346779472,-2.00823927909605,-3.38681159412203,886.79,"2","2",NA
"1075",3.80723144707154,-0.532318729156737,-0.620347650669673,-1.96780030186235,2.75055640618171,-1.43819830973058,0.688171544901277,2.97353339769346,1.86268532370207,-0.762388048823907,-1.09315323127401,-2.12867049984122,-3.53930134819159,887.29,"1","2",NA
"1076",3.78433919540593,-0.440392325200022,-0.692469873986934,-1.9886346766072,2.72729239729952,-1.44723113094215,0.660805614553111,2.95246400176599,1.85774925303088,-0.851455598104887,-1.434907031297,-1.92167329388391,-3.20588653203331,887.79,"2","1",NA
"1077",3.80222988138191,-0.3652643752426,-0.628318638587469,-2.02242006568438,2.73828936250371,-1.37239186188476,0.734675460212259,2.98837062898396,1.87192345890546,-0.780510453929394,-1.25605529546315,-2.21801257303188,-3.49251552816365,888.29,"1","2",NA
"1078",3.75408787023753,-0.438339467916141,-0.646863947278814,-1.99318676156397,2.73349753363926,-1.4087578656739,0.687360897999914,2.95806455605338,1.846637355591,-0.828611286428509,-1.27676580323172,-2.15324151758217,-3.23388156384585,888.79,"2","1",NA
"1079",3.77280009450976,-0.432828804542062,-0.725015764899327,-2.06533753900418,2.72040651050069,-1.47433817172617,0.598121506197714,2.93847155665486,1.84770709089559,-0.810386651804489,-1.24442513235671,-1.96801606433138,-3.15715863009429,889.29,"2","1",NA
"1080",3.79303157220721,-0.668422265471983,-0.616396927241735,-1.91254756738568,2.73113640003541,-1.44078629683207,0.636396598464373,2.94858524903943,1.86355988085934,-0.758428823693504,-1.15359214827384,-1.92830833492018,-3.49422733678676,889.79,"2","2",NA
"1081",3.80141988690303,-0.466097574520127,-0.68645823432156,-2.10973466875227,2.74182309983807,-1.40227184311241,0.632934139541351,2.95077989721693,1.8637465370977,-0.779887620055719,-1.26616467847908,-2.11720435801228,-3.16288458334363,890.29,"2","2",NA
"1082",3.82971059363502,-0.52759480930671,-0.602620165959814,-2.17266480133273,2.73200703575072,-1.47267831712254,0.576301507508005,2.93884448843689,1.83968253000007,-0.721372465816555,-1.20181161479945,-2.10904582048984,-3.10875816050307,890.79,"2","2",NA
"1083",3.90478929948341,-0.50035438513202,-0.531071854515595,-2.34432025183953,2.78993655184993,-1.3994527164658,0.679337571527713,2.99933605445218,1.89887123375249,-0.771854668549352,-1.15087772725979,-2.30023926180399,-3.27409984549963,891.29,"1","2",NA
"1084",3.90013379706669,-0.282110478423664,-0.547306396355248,-2.41628440037129,2.75795646396749,-1.42382893627725,0.688455333679764,2.98252450472306,1.8916002248099,-0.750320385215373,-1.14367276952582,-2.132084997262,-3.52506196081626,891.79,"1","2",NA
"1085",3.88563621062871,-0.317967061969948,-0.602489098686993,-2.51549311654692,2.73802982357169,-1.49346202257686,0.64602952733123,2.95245251574514,1.84740671397125,-0.794715314300176,-1.21596346245981,-1.99279791722555,-3.13666679748178,892.29,"2","2",NA
"1086",3.93415204330923,-0.372760200693221,-0.536725375092951,-2.58706203884763,2.7687999384866,-1.47436501029778,0.61927347793025,2.96833325689923,1.90343387608781,-0.733189099003568,-1.23124255293147,-1.90922909326073,-3.34941922258575,892.79,"1","2",NA
"1087",3.91088877355192,-0.28405487579948,-0.545901752325351,-2.58560546046215,2.75969273938997,-1.37750529178647,0.708534030589804,2.97760676886374,1.88204988724399,-0.770727794121783,-1.2613908043898,-2.13630959476044,-3.27727662599397,893.29,"1","2",NA
"1088",3.87295199854884,-0.303385131398692,-0.592223011914016,-2.39816136968461,2.72781870274875,-1.42085729466633,0.6998667527093,2.95255914025693,1.88411593214315,-0.79510854770572,-1.25603792707101,-2.09078467490499,-3.2807545690616,893.79,"2","2",NA
"1089",3.8302138264924,-0.464554060669222,-0.676678802746575,-2.32537973936233,2.73951035611709,-1.42126403336346,0.670077468861908,2.94333432450408,1.86793532885918,-0.86336782678352,-1.23228318447953,-1.96530025641497,-3.10224340101506,894.29,"2","2",NA
"1090",3.8088116927819,-0.34533964846119,-0.601360574582437,-2.3892500699403,2.78181971156582,-1.41817273177804,0.705997162029796,2.9691164683095,1.87215600479271,-0.807539497690136,-1.26584154613157,-2.03002912300609,-3.28036784788995,894.79,"1","2",NA
"1091",3.79392020787255,-0.457827385402659,-0.644042911472209,-2.37637896022946,2.79746092568032,-1.3676616756779,0.758032631707323,3.00120113707331,1.88376440323594,-0.781526538814256,-1.24658374412467,-2.1264480929516,-3.2339099968967,895.29,"1","2",NA
"1092",3.75563221501683,-0.414685945221537,-0.684833903313204,-2.12104107817315,2.77490453748818,-1.32586664805293,0.761436643804387,2.9656864178933,1.85326432480372,-0.858338503266626,-1.28926808993723,-2.04561011586915,-3.37127985517261,895.79,"1","2",NA
"1093",3.74682693498314,-0.470093929876867,-0.601747090202586,-2.00426935781042,2.75975053430106,-1.36474015304139,0.741586528615923,2.96285446234285,1.83206297569142,-0.892750522028786,-1.19891018664355,-2.26487047165953,-3.24569972467126,896.29,"1","2",NA
"1094",3.72089148691714,-0.510940303302578,-0.614896703592274,-1.98885516143135,2.75995682585722,-1.37249846086095,0.752191182772423,2.96640615361774,1.8026732462507,-0.830691893136713,-1.28019286005593,-2.10877266961637,-3.29527084341904,896.79,"2","2",NA
"1095",3.75935342242955,-0.739306721258538,-0.629827120952537,-1.82796248710384,2.76342271865038,-1.32596831572509,0.782016243397057,2.99546005079559,1.82230164332704,-0.767638425952281,-1.26702073212332,-2.26328055836169,-3.30154971712233,897.29,"1","2",NA
"1096",3.71640165205149,-0.711167345267917,-0.656351310012145,-1.78474944773595,2.71053074310874,-1.31360556751148,0.767526140473832,2.92652655511143,1.78297384660079,-0.805990219375741,-1.27415203026944,-2.06768902813486,-3.29025398903874,897.79,"2","2",NA
"1097",3.71893587023419,-0.474942234078893,-0.590404110064357,-1.68429322018022,2.73190718042458,-1.42879905749661,0.739443283802037,2.94089002163483,1.78855086736285,-0.824655948043001,-1.27256504358249,-2.07134255690445,-3.57272505310846,898.29,"2","2",NA
"1098",3.74925555872838,-0.332976763957719,-0.558729390530793,-1.64293220797875,2.68406704027426,-1.58610169720167,0.523850368436326,2.85098867435343,1.76640434966981,-0.855646036504944,-1.32369844561942,-1.96185546991049,-3.31262597975842,898.79,"2","1",NA
"1099",3.71730988890572,-0.431951735798442,-0.689621155961725,-1.55622996126202,2.7065806825961,-1.37537961925974,0.71877301893456,2.91885691960659,1.77696888130097,-0.869136349828722,-1.28010466250538,-2.19165146911627,-3.44441443761164,899.29,"2","1",NA
"1100",3.7191898392219,-0.651031438752853,-0.642698057193708,-1.58651556022436,2.74974744530956,-1.26700873184975,0.796818100177569,2.98016243715808,1.81068683307995,-0.821166322222052,-1.27207374352219,-2.43644398305692,-3.37966681812523,899.79,"1","2",NA
"1101",3.69659401860057,-0.643950663048009,-0.658125117643337,-1.5091040008033,2.72767301038824,-1.29369233727932,0.769410376745095,2.93651514060184,1.78034899497184,-0.855228317589221,-1.48609524681547,-2.03399335519645,-3.43035250293248,900.29,"2","2",NA
"1102",3.71669785132805,-0.513017496069716,-0.688176603874458,-1.54312491651391,2.73160944669597,-1.35022924306813,0.755214273327002,2.92307640660576,1.810902855053,-0.880742276195033,-1.3916462054307,-2.27103805491707,-3.29952603694076,900.79,"2","2",NA
"1103",3.74228185774806,-0.521995866645814,-0.605406471177537,-1.56059176425151,2.7532344478014,-1.32648637552914,0.798269477748954,2.96646664810697,1.83898709996468,-0.843246101872039,-1.33434422699971,-2.2732401573398,-3.63392856755452,901.29,"1","2",NA
"1104",3.7455829162995,-0.693370668309253,-0.717617807121322,-1.47502865949343,2.7619201592899,-1.28492063399321,0.774763293227769,2.95445619264034,1.83419607102521,-0.832117411340422,-1.48512975547994,-2.28533093220404,-3.2974027645411,901.79,"2","2",NA
"1105",3.74361374980303,-0.520815777754623,-0.658948174993008,-1.64262414073847,2.74361398992063,-1.31855229106519,0.767277906829155,2.94642270947,1.86029302709708,-0.897787115770909,-1.41680692342594,-2.15278893513959,-3.45289802423216,902.29,"2","2",NA
"1106",3.74897366839323,-0.70115326034373,-0.616041940927445,-1.69805633818652,2.7588358079144,-1.34431780003594,0.81495807691352,2.94426987159574,1.82475759970847,-0.89885443853927,-1.23982439910836,-2.28399286380047,-3.30955398358363,902.79,"1","2",NA
"1107",3.77725646537233,-0.442123450189375,-0.619692274188128,-1.60380717190126,2.74987145188025,-1.33509274752976,0.802322523779548,2.95634862318898,1.83099811692307,-0.911138803895351,-1.45013530462804,-2.0975464758653,-3.65726095294697,903.29,"2","2",NA
"1108",3.76436884429193,-0.523627131447381,-0.670843977157158,-1.58320543089142,2.72110567641249,-1.32285425215661,0.782472811462385,2.9579863011818,1.85020933786413,-0.859031976768378,-1.39251562442695,-2.33499507206381,-3.38906950630102,903.79,"2","2",NA
"1109",3.75848853821562,-0.505708121793785,-0.665371023955226,-1.64832181132838,2.69269318705798,-1.38037198030041,0.715047799321724,2.92643921096333,1.81028925543678,-0.862073420274091,-1.38782635697309,-2.00638468054196,-3.44690059582849,904.29,"2","2",NA
"1110",3.81962814646424,-0.442469645834976,-0.661033036470612,-1.72025619216569,2.74479311828501,-1.27760005573145,0.801179891481651,2.98987739604475,1.85962565622878,-0.861259555397017,-1.43918571404622,-2.35734386009517,-3.45595614876328,904.79,"1","2",NA
"1111",3.80915011456924,-0.426242015388073,-0.712996828799745,-1.84091234261591,2.71315488016145,-1.37786473718396,0.757324786444017,2.97293193484222,1.8343882948555,-0.792779407708076,-1.4122111578269,-2.27294795564996,-3.25099556569981,905.29,"2","2",NA
"1112",3.86978525417303,-0.47102671674998,-0.632921868972716,-1.83412702780323,2.75411679248965,-1.34591702933117,0.777871512635499,3.01723561380871,1.85899904989374,-0.767857983855349,-1.4294997915497,-2.32957732271013,-3.46708048202833,905.79,"1","2",NA
"1113",3.91413134167128,-0.511973350279276,-0.576111516811711,-2.15402948536435,2.79896542644843,-1.29202270431239,0.830649011884975,3.03422760766024,1.89231360867806,-0.764416169986392,-1.32552412432651,-2.38429050444742,-3.46191914081494,906.29,"1","2",NA
"1114",3.91413438772435,-0.46174845277321,-0.579773531272358,-2.31849830384433,2.82233120913094,-1.29643391852502,0.842363125963247,3.01134175407569,1.89495990516443,-0.940502745539131,-1.24146708246386,-2.27305888687222,-3.37364746076854,906.79,"1","2",NA
"1115",3.91506796337689,-0.50025138575744,-0.581972227739883,-2.44498851415039,2.81441008661967,-1.31105585535304,0.864347209120498,3.00413614998254,1.88211326312422,-0.782137632800896,-1.30017598813717,-2.17087997555943,-3.38861309272558,907.29,"1","2",NA
"1116",3.91870919586064,-0.361832536351601,-0.59145405055375,-2.5557065387709,2.80066979585674,-1.29030869390526,0.863306759936104,3.01262797333323,1.89135444468671,-0.841719958462834,-1.3267857592383,-2.22448365803583,-3.29437697435493,907.79,"1","2",NA
"1117",3.93892733216677,-0.359918136770921,-0.578216130451608,-2.43632845454747,2.80903117725541,-1.30633325277727,0.854158280677782,3.01639725492869,1.89381531475417,-0.817971596645999,-1.27894484846395,-2.24117592781678,-3.49344101230883,908.29,"1","2",NA
"1118",3.8855188085233,-0.459394545532049,-0.608575709823699,-2.40386710948234,2.77927136956964,-1.32785465273147,0.840948676161674,2.98685627465754,1.87705746511934,-0.843431674257284,-1.27048462107251,-2.17693187301875,-3.27911240811338,908.79,"1","2",NA
"1119",3.92134856303549,-0.506593295685939,-0.638309316028669,-2.35419766248462,2.79482363374172,-1.30323115487421,0.838470771689165,3.00448513519489,1.90703739413935,-0.859249414376443,-1.22586071449046,-2.25562128489367,-3.32310265496661,909.29,"1","2",NA
"1120",3.9024237887584,-0.445943580602929,-0.608733450780367,-2.46634046424082,2.77888558525966,-1.37937255528718,0.81497587410195,2.98854040887416,1.8761576254733,-0.774632938150822,-1.30731491811398,-2.11711837364772,-3.26152700164366,909.79,"1","2",NA
"1121",3.90623700197522,-0.422686715775019,-0.56261926823675,-2.59706629807483,2.78606357678892,-1.27412880090825,0.852942902387057,2.99236177213463,1.87764708565761,-0.862144292671935,-1.18617915299218,-2.19114654117502,-3.31928126910945,910.29,"1","2",NA
"1122",3.92035481616888,-0.283529258046242,-0.557741887689576,-2.6479078800617,2.81081873603313,-1.29733160154389,0.860884361356643,3.01584419701008,1.91023812534925,-0.903550649728233,-1.2044347999149,-2.23467574261588,-3.38896841631755,910.79,"1","2",NA
"1123",3.90517678954059,-0.510184770409031,-0.64706657525746,-2.64652527337225,2.80865460988869,-1.27397434737876,0.88042669226491,3.03037613255096,1.90588351144363,-0.834850494443255,-1.23961162504963,-2.10263177867916,-3.27567287109924,911.29,"1","2",NA
"1124",3.86944870638832,-0.358113880994976,-0.595990859033423,-2.54528812247769,2.80408469767602,-1.28116139533201,0.829992981554643,3.01294339407264,1.88921235945689,-0.84806829666006,-1.24885009047966,-2.0445128345652,-3.48369665960547,911.79,"1","2",NA
"1125",3.92446511456024,-0.495154395795989,-0.543058427873763,-2.4211692133741,2.86944182641357,-1.21430372551533,0.890971089194141,3.07518660822858,1.9260764324072,-0.828322404723652,-1.19678051472312,-2.3272294022025,-3.66012298659528,912.29,"1","2",NA
"1126",3.85368268717766,-0.508221083685467,-0.614433660317199,-2.47968656166284,2.79351880964144,-1.29050145749128,0.840776614376703,3.02497345773618,1.851212747467,-0.870019317729051,-1.27491132707662,-2.08963007890752,-3.23676082952902,912.79,"1","2",NA
"1127",3.89943699071258,-0.538427335479046,-0.582918189410303,-2.45068249461361,2.8312084944496,-1.2587728452963,0.874219514876092,3.06480953891137,1.88979125665869,-0.77155346790846,-1.27408926225812,-2.17030292284733,-3.51271927779517,913.29,"1","2",NA
"1128",3.86252026879804,-0.598827364072608,-0.607462539767121,-2.35423172273552,2.80700335668316,-1.31057067070565,0.820050197480446,3.03187801862042,1.85975164414777,-0.84307285984646,-1.28202247646029,-2.13210391554114,-3.25291193660104,913.79,"1","2",NA
"1129",3.88647595899225,-0.363490470198901,-0.554252349254918,-2.40094431626306,2.83750780289973,-1.30087110695528,0.838121057941355,3.06407619618335,1.87259496509635,-0.836356969994314,-1.14474115672824,-2.31988997471468,-3.57822963700365,914.29,"1","2",NA
"1130",3.89155684942759,-0.487759931339485,-0.545178276732255,-2.62913606718618,2.87522686337711,-1.2700182506452,0.872969034200248,3.08915531279121,1.89855428016098,-0.779431843205332,-1.26894548100897,-2.21903917682797,-3.42795331301174,914.79,"1","2",NA
"1131",3.8848351552937,-0.389405760227264,-0.581413705252201,-2.69392063931712,2.85130904191101,-1.2969112301786,0.821586690908213,3.07254592634499,1.90170938428751,-0.739976620412724,-1.28014698917492,-2.20533150868662,-3.34487974549598,915.29,"1","2",NA
"1132",3.82980325167784,-0.541502900280149,-0.575632463129366,-2.46372880629711,2.78561787131331,-1.37002496622277,0.804657934505028,3.01896074376879,1.85178372240435,-0.758877997197619,-1.22510896552646,-2.16341498693943,-3.19253243807641,915.79,"1","2",NA
"1133",3.81769915647251,-0.435686323586915,-0.552053770546785,-2.43306474376627,2.8160261162128,-1.29764742647927,0.80334028460601,3.03132841512749,1.83764454453059,-0.76418199598017,-1.34003594252386,-2.10233598177213,-3.381032332294,916.29,"1","2",NA
"1134",3.77445846996792,-0.474148100148993,-0.629037642925315,-2.26743685549862,2.78440089333244,-1.36501597148861,0.726641157959349,3.00993728861827,1.80713905497502,-0.835593398218134,-1.24876524930373,-1.99083522882341,-3.29174441844621,916.79,"1","2",NA
"1135",3.78483265932084,-0.414058543037111,-0.576180910549638,-2.17977487372915,2.7926414332536,-1.3679881264112,0.71605657916844,3.03824839679474,1.82071089707414,-0.828357630856035,-1.30888673413529,-2.14607328491817,-3.33116986197517,917.29,"1","2",NA
"1136",3.79630244158476,-0.518918082336296,-0.597836593623218,-2.22688121382237,2.79845624985182,-1.33504697346186,0.722421866493598,3.02547305131617,1.82285606772277,-0.739390307701539,-1.25323025176045,-2.25731233102491,-3.23689392323848,917.79,"1","2",NA
"1137",3.79801081154683,-0.469665049263636,-0.614213847921184,-2.21377007278619,2.79427684032677,-1.40139789525296,0.720412406213065,3.01042433648087,1.8362709983258,-0.777714202107232,-1.24296304560533,-2.06014961566488,-3.37952166429193,918.29,"1","2",NA
"1138",3.79723160578428,-0.318430901489737,-0.58774874674136,-2.12692716307332,2.79253004930651,-1.39854317641393,0.718080341729342,2.98805040693159,1.83257512156975,-0.771048511319421,-1.2720630623028,-2.16301355284774,-3.49069241113318,918.79,"1","2",NA
"1139",3.80632111769705,-0.534771169217872,-0.597177373740319,-2.20661528617442,2.81282418647784,-1.40600218456047,0.720444372100321,3.01955079906718,1.82837906603869,-0.785291459638034,-1.37663499477745,-1.98472812917427,-3.29629894409823,919.29,"1","2",NA
"1140",3.83749604000463,-0.414300328385971,-0.542644555590236,-2.02899548161804,2.83913540817042,-1.38880753530181,0.733470643425552,3.02522905895987,1.83920467077265,-0.762557086322999,-1.30763559096374,-2.26865264725551,-3.5609425958948,919.79,"1","2",NA
"1141",3.82743643073228,-0.478633608675823,-0.588582512045432,-2.07648133024104,2.83223107104577,-1.37586409332069,0.748808042084289,3.03277834617546,1.82884209280593,-0.777772522542252,-1.45956932961419,-2.23247532856258,-3.28071725784174,920.29,"1","2",NA
"1142",3.79635858149122,-0.550605377984228,-0.533167420547184,-2.21055213623738,2.81344430647769,-1.30720829089277,0.782533466164241,3.06100053852547,1.81721953147902,-0.789835067050063,-1.19232524733731,-2.29412529771029,-3.3927375863784,920.79,"1","2",NA
"1143",3.80640192205,-0.517850205459487,-0.595881406641533,-2.47493727495036,2.85356417572061,-1.31371249206243,0.807122105613666,3.08111564412377,1.83436846127531,-0.714056368620785,-1.13293919973545,-2.20479698947379,-3.42839837183952,921.29,"1","2",NA
"1144",3.80701301449714,-0.488049290659775,-0.648580030615602,-2.36573930607665,2.82113285283145,-1.41295106833415,0.703628244955953,3.02174914065927,1.81376306448576,-0.766862011693172,-1.20101145762209,-2.11195878530055,-3.17213436712759,921.79,"1","2",NA
"1145",3.85245336865707,-0.51692395599471,-0.541363350605252,-2.24033232640144,2.81460499259425,-1.39479300552728,0.665373795494834,3.03206544522525,1.82492730425534,-0.748204524573525,-1.35341876709609,-1.98388027214094,-3.41050870388753,922.29,"1","2",NA
"1146",3.86565184695466,-0.436054242013725,-0.566826766693366,-1.86374260567758,2.78740246571259,-1.47005003379468,0.609391507885154,2.99639736269429,1.80942564478137,-0.767299985901395,-1.31289634870765,-2.12617189176478,-3.52522695347489,922.79,"2","2",NA
"1147",3.90858575086718,-0.557615158708344,-0.581918367654016,-2.16815338300845,2.80239231903951,-1.44029458141411,0.64135984012426,3.02378868200881,1.83732654304714,-0.7623262637075,-1.19376685821893,-2.23061455263219,-3.27876396974336,923.29,"1","2",NA
"1148",3.89930596780966,-0.303382798990958,-0.587215697112948,-2.62777223570593,2.81501195108747,-1.44967887936781,0.632735766344807,3.02600693045962,1.83882362358013,-0.75765592602015,-1.29123566003465,-2.07800667935849,-3.11693636269074,923.79,"1","2",NA
"1149",3.90393112828335,-0.330057594341055,-0.54518079435883,-2.50233012206378,2.81852004954091,-1.40285352910678,0.674858656327103,3.02930454816035,1.84329283954404,-0.779934169249089,-1.19634871697732,-2.24928783158194,-3.26391446417696,924.29,"1","2",NA
"1150",3.86086856823031,-0.296940774729534,-0.611424714122959,-2.57604560011474,2.80746832369994,-1.46208060235704,0.676463573564894,3.02078108805313,1.85408447179278,-0.74678892599478,-1.14673755515422,-2.0891323027243,-3.2905155501435,924.79,"1","2",NA
"1151",3.79122175197395,-0.473711045649625,-0.563871420473158,-2.48427992194147,2.77193964679519,-1.41800876036571,0.670504446263624,2.98990205158432,1.83395862394432,-0.720866200713175,-1.17756937747368,-2.01826219403296,-3.20095759991161,925.29,"1","1",NA
"1152",3.81292476669136,-0.383764534051346,-0.546095945968799,-2.32861254811568,2.8171151983564,-1.40681682668814,0.703652278667904,3.04965443015085,1.84584004710008,-0.683922262876202,-1.17895469567194,-2.22484565829313,-3.47617424930135,925.79,"1","2",NA
"1153",3.72782600704021,-0.320866586138466,-0.594790119098448,-2.11597255470811,2.73285972096505,-1.37568388853403,0.657520826587184,2.99864338149521,1.75487642320562,-0.718478076508687,-1.33729001218666,-2.24732267099564,-3.16132245112323,926.29,"2","1",NA
"1154",3.71403573440161,-0.537618542613398,-0.525041842007372,-1.97323609919761,2.73983720354594,-1.34476740758287,0.730887578839899,3.02414637928536,1.74476384306313,-0.787126586261266,-1.24705081403616,-2.20622501836435,-3.33260442907291,926.79,"1","2",NA
"1155",3.73266302952125,-0.334923204104967,-0.554008251492789,-2.00969460603668,2.784374758083,-1.38228426910641,0.755098087425457,3.05949201026095,1.77422280792618,-0.796186568559744,-1.31579920247138,-2.26787601409176,-3.44507857735309,927.29,"1","2",NA
"1156",3.7404570756255,-0.436592082769996,-0.531017418628332,-1.92079246547602,2.76145497990621,-1.35383173136884,0.715921015665643,3.01463422596183,1.78822797856978,-0.761090762977535,-1.2577307251097,-2.50816080784537,-3.25147928155316,927.79,"1","2",NA
"1157",3.76288020355669,-0.398558036313961,-0.528365110963657,-1.89026382829242,2.78506171232296,-1.36648780095165,0.748405490841685,3.04994220290566,1.84824596324531,-0.780624084565961,-1.21665454428882,-2.47723616090198,-3.53634600659385,928.29,"1","2",NA
"1158",3.72318761467931,-0.477281456997308,-0.567762048220949,-2.13384425428178,2.74394081914884,-1.36078236604847,0.729591898564551,3.02065365646036,1.81060889359785,-0.7452646527366,-1.33015036243397,-2.19119843946143,-3.22169930227039,928.79,"1","2",NA
"1159",3.70185312620207,-0.416550460692184,-0.670033672115715,-1.93863014381794,2.71763065934432,-1.38018280781682,0.701010900182996,2.98496404780354,1.76840769507701,-0.764597004443277,-1.27310902953292,-2.25021041243064,-3.18055289776044,929.29,"2","1",NA
"1160",3.71314893014754,-0.690420901981881,-0.591103405228858,-1.49579702408669,2.72606645477681,-1.40828006765615,0.675372215142251,2.9716295540965,1.77046851732249,-0.777397057162163,-1.2594766899498,-2.11502201976702,-3.51918850565303,929.79,"2","2",NA
"1161",3.69891927894765,-0.408769078308652,-0.711190646629233,-1.58198727702843,2.71089871550287,-1.442957160195,0.670476616293105,2.95189740945941,1.7444676102516,-0.8417621315925,-1.34717941334923,-2.099962851388,-3.34285107196361,930.29,"2","1",NA
"1162",3.72409686146972,-0.491750503284757,-0.66406641796139,-1.7172654979698,2.74092782711281,-1.42826294467119,0.671264512074708,3.01712779107821,1.73735908713159,-0.764644875582158,-1.28709058908642,-2.15277578450935,-3.38491946580198,930.79,"2","2",NA
"1163",3.76741807643068,-0.599130065790515,-0.602895873163828,-1.79425246635108,2.78432235176973,-1.34841490295253,0.748852422679905,3.06431683854247,1.80972080687203,-0.74245122530997,-1.33749406385537,-2.36039453078778,-3.38959736808372,931.29,"1","2",NA
"1164",3.76281060331359,-0.53171459608,-0.60848388836686,-1.98377156993325,2.78400016925783,-1.3634836846906,0.737468102573424,3.02577556170746,1.81823477350275,-0.879057408307821,-1.38033586443538,-2.1360407816608,-3.24540141688034,931.79,"1","2",NA
"1165",3.76098769248891,-0.487809489413619,-0.603760319114023,-2.09158433810526,2.79033186852401,-1.34313231235469,0.7721615671466,3.02102692700446,1.82480558901389,-0.74979521692192,-1.22530804893552,-2.23378061361551,-3.43414330571734,932.29,"1","2",NA
"1166",3.76999404615031,-0.51867060743519,-0.620744082260235,-2.03891511191272,2.78907690573569,-1.28966492658177,0.785146058434799,3.02428767064593,1.82226126034278,-0.79159186671317,-1.19566756616518,-2.31401840215764,-3.4214933780836,932.79,"1","2",NA
"1167",3.80166970968625,-0.466997748505912,-0.566780357159655,-2.10904022751338,2.80314405578254,-1.3035023380313,0.78615081681873,3.05156498120746,1.87106300993927,-0.759508569296505,-1.26361920052168,-2.30607157767943,-3.53807255472637,933.29,"1","2",NA
"1168",3.7861991624371,-0.486850614429836,-0.643969814521528,-2.07315719484052,2.77943860082794,-1.35665678726137,0.714748079072122,2.99635082872445,1.82661114997551,-0.780478565766393,-1.29004948422349,-2.15989144836987,-3.31229391162412,933.79,"1","2",NA
"1169",3.81515988769688,-0.658513972692371,-0.578683430593645,-2.18321065667138,2.79057138988228,-1.37190513551539,0.72589407285359,3.01821715852142,1.84640017016489,-0.775814499292349,-1.22782915771651,-2.06467715193662,-3.3356086747008,934.29,"1","2",NA
"1170",3.85579297362733,-0.546480175911648,-0.669346729929733,-2.11552318452305,2.78082060548957,-1.3352003397333,0.749872227930107,3.02893591475121,1.84718094057023,-0.825387154584305,-1.30634704698836,-2.1171017168161,-3.34721631388195,934.79,"1","2",NA
"1171",3.9155488484932,-0.539393415295181,-0.597287393714084,-2.4524047675177,2.77416585739534,-1.36221841916366,0.714864574095462,3.00864031679898,1.83133959772025,-0.676987101928582,-1.36068113984477,-2.02655390248506,-3.22903305455421,935.29,"1","2",NA
"1172",3.94958340473239,-0.361139552900044,-0.475795574144126,-2.44190843051696,2.81111883782538,-1.34921682225858,0.739092646290919,3.03305720857203,1.8637189886383,-0.745675614738408,-1.18897681373719,-2.41857014838847,-3.41528812937524,935.79,"1","2",NA
"1173",3.89981254760745,-0.153551866774735,-0.545446110694721,-2.56406769898215,2.71499189181114,-1.41154299978794,0.635685267494626,2.93721452087819,1.79897472340261,-0.75626120415658,-1.25573487933197,-1.92764649982298,-3.37242769164294,936.29,"2","2",NA
"1174",3.91443315110352,-0.367691711668581,-0.501348447420078,-2.61714277696837,2.73413953091172,-1.53305588334893,0.533072899756488,2.90475065965696,1.79372757629826,-0.656134440662114,-0.935190745679083,-2.00002529101635,-3.26953452096343,936.79,"2","2",NA
"1175",3.94455959926939,-0.224806620568634,-0.518854340137416,-2.53545506918152,2.78231944946549,-1.58121302597476,0.540135371896471,2.97156930790021,1.87135559161017,-0.739954480737858,-1.0582215227865,-2.11363271904858,-3.33780154170645,937.29,"1","2",NA
"1176",3.90501399446464,-0.340585144256387,-0.626389096252976,-2.29648866456868,2.76471738242722,-1.55021356716976,0.603282640338986,2.95793602186032,1.8303748920784,-0.749171771064185,-1.11211913700133,-2.18349731692113,-3.2028602339351,937.79,"2","2",NA
"1177",3.91908068714475,-0.360338388942168,-0.611306818906364,-2.69601615152106,2.7950791285232,-1.44885795052812,0.723991210108829,3.00496114033012,1.91046772518801,-0.733257898328589,-1.22931800671721,-1.98503212738609,-3.2894525489653,938.29,"1","2",NA
"1178",3.94193951402042,-0.292080569899901,-0.533903906184354,-2.74099361704,2.79632739397191,-1.37941291250294,0.731401461457162,3.00771286507625,1.92696165978546,-0.826599451211293,-1.18800136004076,-2.15902255806069,-3.28432851937128,938.79,"1","2",NA
"1179",3.88026681390701,-0.441080425302521,-0.612751443991209,-2.66937546311248,2.77011781866665,-1.39569998010074,0.738456664598232,2.98918370342537,1.85823290959606,-0.788285644411764,-1.29125047531382,-2.02394653621626,-3.01386794174453,939.29,"1","2",NA
"1180",3.86472796107333,-0.314147499022067,-0.619107222129373,-2.66428691668737,2.80107622147665,-1.31020617555113,0.824726033405311,3.00878378583738,1.87916114342969,-0.823554325781252,-1.28196296323774,-2.11169449990704,-3.25351554290639,939.79,"1","2",NA
"1181",3.85645862221325,-0.421090446967165,-0.591281864984774,-2.66016213423888,2.79087020556811,-1.26783189468415,0.819367090693178,3.00649619336468,1.88771388208852,-0.822919187431945,-1.34545864408053,-2.01441719257352,-3.23774462896676,940.29,"1","2",NA
"1182",3.88924553469658,-0.553596516986276,-0.570681629045006,-2.742029434573,2.81746425391803,-1.27359217351956,0.835217643883007,3.04551871245231,1.92967185998609,-0.808134217484502,-1.23545426664977,-2.28334363025992,-3.05028613641797,940.79,"1","2",NA
"1183",3.89471293896867,-0.331938360937148,-0.540405197835425,-2.89384092605263,2.82166788032098,-1.32514654291846,0.84638125625523,3.0421238508454,1.92669879224356,-0.849616821902514,-1.22766318496678,-2.07769312521459,-3.28528055880629,941.29,"1","2",NA
"1184",3.89222599025431,-0.244402705088825,-0.567466038294198,-2.76104097654287,2.81618029271511,-1.31663237437842,0.823843149838582,3.029776098877,1.92397013131371,-0.779700390508054,-1.18256941385775,-2.32331500621648,-3.31086875811213,941.79,"1","2",NA
"1185",3.87435938287839,-0.41488760384244,-0.602590227306212,-2.75563312985177,2.79501201774032,-1.31263066336083,0.81970367765541,3.00178996310762,1.91540674112514,-0.776253721357052,-1.30462299426085,-1.92844820190434,-3.31120524062338,942.29,"1","2",NA
"1186",3.88712760531105,-0.490751957182759,-0.538544985921124,-2.63335769708838,2.81166400311836,-1.34421238124257,0.827503229910662,3.02622492632641,1.93980718055102,-0.808529555753562,-1.23809788233507,-2.18189668237199,-3.25693580332204,942.79,"1","2",NA
"1187",3.86427194573792,-0.263790147410138,-0.554906483241183,-2.67941754568293,2.80301762544158,-1.36527075616734,0.806208515596011,3.01410351961386,1.89454174524653,-0.802693658622677,-1.19562880294388,-2.24238597160694,-3.27804998596081,943.29,"1","2",NA
"1188",3.90287772883575,-0.296439228590969,-0.567493784877123,-2.82768676636503,2.81720302130267,-1.27518065288131,0.84508288331878,3.03587972795007,1.91767167787428,-0.725305460922238,-1.31219394137955,-2.41698147159331,-3.09743373267201,943.79,"1","2",NA
"1189",3.88837036442511,-0.323596695057947,-0.557526755067909,-2.74792904382459,2.80266846812431,-1.26793610679472,0.811688702548053,3.03942761381968,1.90664456813828,-0.792631304362949,-1.26977063308431,-2.31650221270667,-3.17290696615634,944.29,"1","2",NA
"1190",3.86792698084671,-0.389223612151222,-0.594680907532699,-2.72814822743591,2.78746254075536,-1.34342991077149,0.781915328898281,3.02225232533394,1.88000961703681,-0.74275781597639,-1.25842501439845,-2.19243796035404,-3.09046334425091,944.79,"1","2",NA
"1191",3.86494700191821,-0.413019750212961,-0.574802178784096,-2.69222179572255,2.77994732159776,-1.29765360026526,0.785106399275122,3.02864947962821,1.87443679119035,-0.75737826715043,-1.2551251973198,-2.04150288394517,-3.3013833202094,945.29,"1","2",NA
"1192",3.84977685505391,-0.482216872221082,-0.586626295880521,-2.69087014538092,2.79004984790249,-1.30833095202336,0.785027593802515,3.033826527551,1.8591644493993,-0.753132084815796,-1.19869066859867,-2.01511470753285,-3.28286354725602,945.79,"1","2",NA
"1193",3.82546234140111,-0.381336816246194,-0.599436681564069,-2.60680346087228,2.78371081947468,-1.25818419658865,0.793353126071851,3.0329023187487,1.83301835154612,-0.757270158389095,-1.29331325675883,-2.19098955399242,-3.18111283283092,946.29,"1","2",NA
"1194",3.83942651018056,-0.329268292353285,-0.587006768583315,-2.63733131182038,2.78947217089986,-1.23844056301481,0.795246449161528,3.02465549413568,1.85679714923693,-0.76531247366781,-1.40325288363983,-2.10339453830265,-3.24159094223247,946.79,"1","2",NA
"1195",3.84424329697411,-0.321501385620486,-0.571700364817527,-2.55857187150391,2.75840850672702,-1.30746073416324,0.763124661072884,2.99884582307955,1.86122718306406,-0.781684968685246,-1.29070260063709,-2.25528687146449,-3.13894067402562,947.29,"1","2",NA
"1196",3.83484197991224,-0.437890283500157,-0.579033221473773,-2.50677206496499,2.74927167372066,-1.32121509487536,0.699637421417626,2.9687417023555,1.83319068291097,-0.773089445474572,-1.27989432527765,-2.0850335276792,-3.10275549707129,947.79,"1","2",NA
"1197",3.86292551084193,-0.238993375499073,-0.549887487500611,-2.44990015591933,2.7444655128585,-1.36372487171157,0.691921923631719,2.97401308660512,1.84141607454305,-0.796484168581672,-1.28190882082222,-2.20998038672753,-3.22386284171832,948.29,"1","2",NA
"1198",3.84472048950649,-0.379571944702303,-0.621121037164666,-2.40487674100435,2.72714568232905,-1.33637587294583,0.743208952316346,2.97367155884898,1.84924383775058,-0.830069425037734,-1.31445511614586,-2.10448380385653,-3.14703657989417,948.79,"1","2",NA
"1199",3.81862693394908,-0.303639640311995,-0.600719126150181,-2.22597200593816,2.71247453014325,-1.319928219802,0.726531533065008,2.94156933700953,1.83503011451987,-0.834362785397946,-1.17610354331015,-2.14757033890974,-3.42593678886656,949.29,"2","2",NA
"1200",3.81695873421461,-0.264970153990653,-0.673403580726627,-1.97249271005353,2.64568420493866,-1.41664072290943,0.662342091475736,2.87108979161882,1.79080434438363,-0.905896635284377,-1.38139478384775,-1.98105807291245,-3.19102250690665,949.79,"2","1",NA
"1201",3.87911339026212,-0.148262517259387,-0.604261344202023,-2.06965759064738,2.65450109809861,-1.35713934433144,0.678490626584544,2.89154430066099,1.82647785199453,-0.775946893308218,-1.3991777725186,-2.27422975637616,-3.30145204895759,950.29,"2","1",NA
"1202",3.85906159671778,-0.123528027957904,-0.639971644028118,-1.86782848043472,2.63482171175037,-1.39961332414762,0.640993922793527,2.85983530978531,1.7796602664654,-0.85110161851342,-1.3609091116358,-2.34815157948224,-3.18326902131257,950.79,"2","1",NA
"1203",3.89813132649287,-0.307510254012901,-0.675965312506303,-2.05644883192315,2.65054945783811,-1.4004643977466,0.631719768807507,2.86346317138326,1.82129368368051,-0.846656086486327,-1.25867101573692,-2.02851641924756,-3.2909250905425,951.29,"2","1",NA
"1204",3.89896522764253,-0.146963338868625,-0.581761612609795,-2.0494439299966,2.63895618676132,-1.41950282534045,0.577938368038153,2.85134549562775,1.80164294676856,-0.887335329769365,-1.43380794187827,-2.08939824550364,-3.16063500087157,951.79,"2","1",NA
"1205",3.81325737855224,-0.160313387716919,-0.600310479367459,-1.9427911864502,2.6318512135708,-1.58191223145198,0.557941769041694,2.83523237086871,1.75284660546695,-0.810507314240409,-1.32045988743307,-2.06696935025538,-3.10786550058498,952.29,"2","1",NA
"1206",3.82341930865459,-0.205662181955166,-0.514615391429928,-1.84859726323796,2.64975615013204,-1.46048616982295,0.550997444467935,2.84785741502906,1.80080337990218,-0.881245522016856,-1.35823771260613,-2.125584046573,-3.27840541054382,952.79,"2","1",NA
"1207",3.77227364395981,-0.26129718047457,-0.614681658479836,-1.72091742170759,2.66226977790476,-1.49659997345478,0.624976693385837,2.86775327145965,1.81329511328181,-0.870725423732872,-1.42261390049058,-2.14960798642438,-3.20412495522726,953.29,"2","1",NA
"1208",3.78335628882084,-0.360391667068182,-0.626204817586736,-1.73550648190337,2.68921698679038,-1.36377043071718,0.693973243067412,2.89754811546721,1.8214443601975,-0.908827908718907,-1.27893338469866,-2.29220823183695,-3.31969607181338,953.79,"2","2",NA
"1209",3.74563224640424,-0.305684732463195,-0.631241316058038,-1.67455496452992,2.69757315756845,-1.34769782261501,0.71877485833166,2.9227786887141,1.81357467706814,-0.822971544408981,-1.48793534401658,-2.45356343569626,-3.17468446829861,954.29,"2","2",NA
"1210",3.73545665405975,-0.128182736506757,-0.587649050258331,-1.67840836264225,2.66990980516215,-1.45729353446259,0.597257641000529,2.87084875139275,1.76412714698704,-0.834544964703684,-1.32944306177357,-2.19726615810551,-3.42481213014951,954.79,"2","1",NA
"1211",3.72665892334755,-0.248239869198303,-0.650930700621668,-1.72417795914884,2.66094470660016,-1.53543141467223,0.580504380598798,2.85830023597937,1.75808158486693,-0.775703540708289,-1.2638898816892,-2.04138936834626,-3.34472709700801,955.29,"2","1",NA
"1212",3.73071756156538,-0.156689800916107,-0.638137735254249,-1.70559950561857,2.66732244605083,-1.43122877780503,0.650878804817231,2.88330130790277,1.77559820095842,-0.751148168821442,-1.35739004505163,-2.24814420640735,-3.41948008142027,955.79,"2","1",NA
"1213",3.73664519085847,-0.221543141284312,-0.613924819856693,-1.66578190944574,2.66800302173776,-1.44369711947977,0.667080893081776,2.90232903524862,1.79657527603862,-0.823941088521595,-1.37849674114682,-2.18457570286091,-3.43867289436941,956.29,"2","1",NA
"1214",3.70189157441769,-0.506683647947701,-0.573181637353487,-1.63731073816937,2.69871342461012,-1.44414713039584,0.641645305219148,2.92194659142706,1.77418937467637,-0.797339454624601,-1.19719491264866,-2.37486322908786,-3.20766552012285,956.79,"2","1",NA
"1215",3.69761135286189,-0.299679464676314,-0.661476251619992,-1.56268402389679,2.70167070911246,-1.40277192950341,0.665764487300653,2.91598320985967,1.75952515872984,-0.824761724323346,-1.24207716674854,-2.33967782154181,-3.40742653555431,957.29,"2","1",NA
"1216",3.69269118203642,-0.274935276489087,-0.618183460876315,-1.76381658891302,2.67508121481814,-1.55234178143318,0.629003604267499,2.86186681302435,1.76006714367457,-0.78763850707702,-1.16169643059936,-2.20230356532613,-3.25779434710687,957.79,"2","1",NA
"1217",3.7147544861903,-0.163648791441446,-0.604699377079122,-1.94067824774192,2.67273298032181,-1.50134463270065,0.559232988061379,2.83982506833438,1.74875867177715,-0.691852920688269,-1.1438075784542,-2.09383809270981,-3.3954345538696,958.29,"2","1",NA
"1218",3.70776428121044,-0.31131352881993,-0.584295572316553,-1.8740790330556,2.63324308875559,-1.58290307134956,0.524058634605186,2.80952641551197,1.75306685125298,-0.755228482146499,-1.14588651075285,-1.97058993343644,-3.20336313945871,958.79,"2","1",NA
"1219",3.72517212289139,-0.320281253109565,-0.547841322559021,-1.88335324498574,2.69147783440253,-1.37680861627703,0.655211753532852,2.89494861128112,1.80135896215154,-0.80324992237259,-1.37369334896008,-2.25540235617406,-3.20753921982135,959.29,"2","1",NA
"1220",3.71609173618866,-0.39077485580013,-0.606301684435222,-1.89691697154706,2.70168260527315,-1.33409913156416,0.723363503396899,2.91866175306164,1.80656035236902,-0.809268997813456,-1.26255198027211,-2.2393079078962,-3.32713842096103,959.79,"2","1",NA
"1221",3.74524923197088,-0.289798590638659,-0.64841932027743,-1.88348606166176,2.66651978141188,-1.39550643086512,0.681715801924396,2.88819965296338,1.74047835045047,-0.785968703574951,-1.23429831577232,-2.40398847085699,-3.08069692507378,960.29,"2","2",NA
"1222",3.86529311776171,-0.304876270817118,-0.655864069480303,-1.73276769659432,2.66991080334749,-1.30289739749425,0.700865663007016,2.90185058154066,1.78573116554517,-0.816933169107636,-1.41172583835171,-2.3512369420327,-3.34734994732402,960.79,"2","2",NA
"1223",3.88597265863596,-0.283806804721686,-0.651009410047713,-1.71253373967073,2.62778127724318,-1.35189001158355,0.70114302846504,2.8800227627672,1.78790259586165,-0.971253076701625,-1.43954014067505,-2.17387930617335,-3.29890983339931,961.29,"2","2",NA
"1224",3.90966632259518,-0.221088584268489,-0.611184852342235,-1.51095828339329,2.65167983594547,-1.27085761001232,0.768913559910832,2.92466883803733,1.8316554091334,-0.949158948254152,-1.36312816636862,-2.75721679921533,-3.40299072176779,961.79,"2","2",NA
"1225",3.84821831323864,-0.270875283259265,-0.657466010680183,-1.58524521711127,2.64480271578247,-1.35210018036171,0.700763602419782,2.87233017508031,1.75921363326049,-0.937008933501768,-1.39932906396419,-2.39324408339482,-3.23005966750851,962.29,"2","2",NA
"1226",3.85979671632682,-0.309176734110712,-0.597837846291801,-1.67774810786393,2.70568681629877,-1.40060909564401,0.678037217365684,2.92683984258558,1.77620191184505,-0.830375338304059,-1.33522633638116,-2.48344818663503,-3.3121408591912,962.79,"2","2",NA
"1227",3.86217567088792,-0.259474711774707,-0.635228484483521,-1.66573390290397,2.73071766298272,-1.41223869900987,0.659902988973768,2.95642151376919,1.76624976132436,-0.791041061101736,-1.44031785810069,-2.34348827056275,-3.42794461000072,963.29,"2","2",NA
"1228",3.84035575168353,-0.202392478460775,-0.616408534696162,-1.71739894576924,2.69988477746888,-1.40114543556031,0.681893951295769,2.93989962538146,1.78088858239774,-0.842388188730191,-1.49293758183295,-2.33236482878783,-3.33788669438992,963.79,"2","2",NA
"1229",3.80912647693591,-0.156534387065948,-0.652997250891974,-1.80541124473189,2.65945996946066,-1.34753954876839,0.659595042845319,2.88575730006182,1.75042309735101,-0.79691039868558,-1.23344188459889,-2.6034986845871,-3.16802848732495,964.29,"2","2",NA
"1230",3.81563400165425,-0.387431694427097,-0.583995607936594,-1.77065655083483,2.72441987528422,-1.36227683850658,0.651513158249615,2.9358977791564,1.78285511614852,-0.930892628644616,-1.33283483426679,-2.21997656098241,-3.3222552148941,964.79,"2","2",NA
"1231",3.77849062126952,-0.359419266388039,-0.626800767188879,-1.97461239781284,2.73709814446006,-1.38757172324745,0.693687195851914,2.92782465188985,1.78041920772268,-0.871981349549817,-1.22218377898293,-2.22928817379646,-3.24566236422759,965.29,"2","2",NA
"1232",3.78036283746994,-0.383409184930632,-0.610334758975362,-1.9524919242114,2.71833884598074,-1.39391255225418,0.728385112797361,2.9106619705018,1.80715864798051,-0.872285743370846,-1.25277441778136,-2.09159488797952,-3.38810394522706,965.79,"2","2",NA
"1233",3.8676737294248,-0.295754821038865,-0.575145817597705,-1.80693632918863,2.7366803836373,-1.42805221764452,0.689505630814321,2.92838028961806,1.84158132514489,-0.861533543807711,-1.34231945853967,-2.2478279049276,-3.50625126589468,966.29,"2","2",NA
"1234",3.865272447625,-0.146329068290474,-0.601992471884948,-1.9410000867715,2.65592768622787,-1.56081091974251,0.567135942626319,2.83114235892482,1.77993527003944,-0.836573152112538,-1.25558037704935,-1.97444326037376,-3.38268436921835,966.79,"2","1",NA
"1235",3.90419103216649,-0.200296257078182,-0.638811044329269,-1.83866579204629,2.6688476928236,-1.65667044631378,0.55435490208306,2.81616393438855,1.80386913502528,-0.818738142559312,-1.22596909961654,-2.16333580361087,-3.20494011093274,967.29,"2","1",NA
"1236",3.94355538544245,-0.233070719951726,-0.514126100293099,-1.80093220554009,2.72964259401732,-1.5164874295381,0.615016201397694,2.90600899756234,1.87994830922052,-0.779099978910697,-1.32055912523553,-2.32171893375747,-3.58817699441361,967.79,"2","2",NA
"1237",3.83415815970051,-0.334488104591558,-0.565196145982561,-1.75567627026402,2.69431942064422,-1.4404559187552,0.608543647683181,2.9163171959447,1.81971182780988,-0.800737726999606,-1.50652786181448,-2.20504658617634,-3.26492163719874,968.29,"2","2",NA
"1238",3.82764460307181,-0.254870274214831,-0.530376781738063,-1.95123452600936,2.73000547156428,-1.4311227066672,0.664329492390707,2.93784788035712,1.83449447376254,-0.847049842546457,-1.29748300101793,-2.14883252559555,-3.53335226335708,968.79,"2","2",NA
"1239",3.80598606545042,-0.176026680536179,-0.572563994055749,-1.99512241426682,2.71088298240776,-1.60236989142393,0.508808109592198,2.86806564194557,1.81531398855112,-0.727118758248887,-1.16825051097058,-2.03134684735864,-3.43625769108629,969.29,"2","1",NA
"1240",3.79754546606262,-0.323851696311043,-0.676523739193047,-1.98792117348318,2.70654746719518,-1.58667103473433,0.54853833216636,2.88052889746016,1.83671757213661,-0.835075647108789,-1.10010780988369,-1.97304810088423,-3.28667853342263,969.79,"2","1",NA
"1241",3.81648069401663,-0.42659830966546,-0.5604205137679,-1.96168224473376,2.75966115471021,-1.54322056379842,0.493910848900206,2.92836630500879,1.78999115912892,-0.806099975137413,-1.1268159886887,-2.01849871977742,-3.34507384619569,970.29,"2","1",NA
"1242",3.80845899496662,-0.286882370169109,-0.577967141886228,-1.96094590796104,2.79240996517477,-1.48659633532575,0.700604187711258,2.99514611919481,1.88155148081143,-0.839370497784477,-1.20434964966575,-2.33519599672128,-3.48686284834527,970.79,"1","2",NA
"1243",3.77747371649877,-0.623930223667743,-0.653602827902696,-1.82825322936304,2.77980245681276,-1.43119071099511,0.712470423419021,2.98865655833869,1.8369984274136,-0.843055249437902,-1.16864532538727,-2.15300227444262,-3.39372174128646,971.29,"1","2",NA
"1244",3.78053389601191,-0.417041315935447,-0.644473296851783,-1.7225206635756,2.74980980820895,-1.43197213964972,0.695478621216475,2.95190679874655,1.82972087770241,-0.800609015476181,-1.24685719422025,-2.17719355958029,-3.56678281659703,971.79,"2","2",NA
"1245",3.79563826388048,-0.560543267996374,-0.652397699794665,-1.83748703468896,2.75346837932293,-1.38645595776655,0.712422407816514,2.95479604732572,1.86978287955348,-0.907997083748072,-1.29094332832089,-2.13375285083213,-3.3165307547515,972.29,"2","1",NA
"1246",3.85187618942993,-0.5290769697695,-0.677068730518407,-1.69744730845449,2.72109955357057,-1.43349448130187,0.724768020801185,2.92977781647625,1.89585695989093,-0.875216875384318,-1.2395060693083,-2.33946018977787,-3.33210791565411,972.79,"2","2",NA
"1247",3.86486339029125,-0.549719206960526,-0.641092440044103,-1.71004192249691,2.69885289114142,-1.40225666354838,0.726370377352485,2.91619579308421,1.88376401019743,-0.889534855284406,-1.29263477780559,-2.19293079308898,-3.4118358028379,973.29,"2","2",NA
"1248",3.8459679096763,-0.480957375015197,-0.643449489709411,-1.78796908018165,2.70641696254957,-1.36340987079756,0.74284487141048,2.91750111266456,1.86619046584821,-1.00905123210241,-1.32098798161713,-2.22364452221548,-3.24945177051028,973.79,"2","2",NA
"1249",3.84297093415026,-0.557106901461887,-0.616785624501209,-1.83023717278169,2.74661700099154,-1.36302992478274,0.746624847190116,2.98293606845501,1.87638517566542,-0.897272586418452,-1.34368978539062,-2.35845797721562,-3.22895405390014,974.29,"1","2",NA
"1250",3.83540742842864,-0.589563753157894,-0.611286737858912,-1.85504260597856,2.79529551030863,-1.39714733219227,0.781748729987989,3.02395266031508,1.88371460730466,-0.793467756391094,-1.32072900090536,-2.33250849995819,-3.42037324990272,974.79,"1","2",NA
"1251",3.82251562352013,-0.409141270479639,-0.61918668464995,-1.84568860203591,2.78037687838008,-1.36496804180073,0.74426205763104,3.02326367715554,1.85535288078854,-0.864633334784329,-1.3337785754888,-2.15633682970025,-3.63203777853572,975.29,"1","2",NA
"1252",3.79372805282291,-0.553339645480997,-0.626776523409433,-1.86310606263474,2.76300261848491,-1.40746685443604,0.70198408371409,3.02780716028733,1.81247609910695,-0.794007834479797,-1.24237869439032,-2.09636774411454,-3.51555465547032,975.79,"1","2",NA
"1253",3.79441392248062,-0.551131319593656,-0.599701566597667,-1.91902322435186,2.78114882892557,-1.31166673879197,0.788600355583469,3.04093144415448,1.83692573431671,-0.857339545362058,-1.32535356413605,-2.2905228033044,-3.38728152332318,976.29,"1","2",NA
"1254",3.85311938335289,-0.580752881168765,-0.529743465992517,-2.02192294277477,2.8138293267874,-1.27053514223388,0.839506597698216,3.0628977817446,1.95181413401777,-0.773022640026243,-1.2491944687841,-2.54456220148269,-3.55143348113791,976.79,"1","2",NA
"1255",3.81082442448342,-0.604881740327851,-0.640904259387448,-1.99083097633646,2.73935010620977,-1.44461422763029,0.789106454279062,2.99147489524701,1.89726413438201,-0.845479108963088,-1.31193251642637,-2.09626817617055,-3.29310900935921,977.29,"1","1",NA
"1256",3.78016792598395,-0.479376456700706,-0.655074010471154,-1.78225967158332,2.71304712237548,-1.43998134162424,0.752213238649001,2.9441850322782,1.86740993888348,-0.830308066981525,-1.22171264037091,-2.15064892362894,-3.49766214680929,977.79,"2","2",NA
"1257",3.76489142603201,-0.457945584826375,-0.661780839891489,-1.63915302444977,2.71346190759807,-1.41835194316898,0.737894279706086,2.92177722831889,1.85585030786323,-0.86297993695114,-1.31471899770083,-2.33652060986733,-3.30242421266238,978.29,"2","1",NA
"1258",3.74860574208789,-0.322754901749399,-0.692918268149615,-1.60291684443288,2.70090604178001,-1.36377295177223,0.783014014563958,2.89903608700957,1.86735902830843,-0.913135537128041,-1.31691629247148,-2.11838284775537,-3.66812327029085,978.79,"2","2",NA
"1259",3.76235171313796,-0.558703560708598,-0.667797923793671,-1.57110723392975,2.75065324768688,-1.34197458597478,0.865268714491868,2.95502165682045,1.89270820847468,-0.900066569329622,-1.40093217516125,-2.2793859893586,-3.50603550235557,979.29,"1","2",NA
"1260",3.75911812448662,-0.563175113662127,-0.662443813400831,-1.54992154370194,2.74543278324045,-1.36048953419694,0.841478442390762,2.91034782965487,1.89332133126301,-0.992306180766044,-1.2894176841642,-2.22417250801446,-3.50777213312917,979.79,"2","2",NA
"1261",3.77601675435652,-0.462137332099356,-0.66134223581193,-1.50310774143754,2.7449061076156,-1.3912768317736,0.851743878034054,2.90353133747313,1.90130276895041,-0.97654788364619,-1.31151676167578,-2.43764110193361,-3.43393095805171,980.29,"2","2",NA
"1262",3.79304574419121,-0.532121596809603,-0.724351675658338,-1.37438793479416,2.75753686461481,-1.34899769191071,0.860509896495271,2.91024467707516,1.91909865917563,-0.978506208091993,-1.30310383529249,-2.47119092316772,-3.50777597582707,980.79,"1","2",NA
"1263",3.76856034645744,-0.671860385182575,-0.675722071568356,-1.3238212367592,2.7176005585221,-1.39922330542605,0.842057094091133,2.89017266004477,1.90076789308312,-0.968694228654674,-1.35143505880317,-2.41573108746784,-3.31267117833671,981.29,"2","2",NA
"1264",3.82751362930335,-0.435605143727685,-0.722031601970943,-1.50902285612716,2.753997428152,-1.40099414753893,0.871841793922046,2.91361709989676,1.95169091486864,-0.937243372727296,-1.28232329395373,-2.38806029469396,-3.64338015540311,981.79,"1","2",NA
"1265",3.82478287033226,-0.492346105171145,-0.686672176794239,-1.69498071882827,2.69000093131819,-1.47332415663564,0.827394115567204,2.85969874939887,1.9183838990054,-1.04665684087687,-1.28244146753965,-2.05470282524243,-3.38913627453368,982.29,"2","2",NA
"1266",3.91409579101668,-0.529756793806565,-0.638264683643409,-1.74199207297829,2.76692133147324,-1.39303917513347,0.840137677727988,2.9061849717223,1.94046570735275,-0.956786748000396,-1.31586282556718,-2.50452466673778,-3.28757851342586,982.79,"1","2",NA
"1267",3.95889191922842,-0.512384863742148,-0.642843063491004,-1.94052771937788,2.76015532857582,-1.37321958581931,0.78970700772504,2.90585423261628,1.94958124209272,-0.976734653518725,-1.32497691687297,-2.34464238838818,-3.24886053902806,983.29,"1","2",NA
"1268",3.98171643497421,-0.509131911259761,-0.584312772114799,-2.03647088288,2.76538824762703,-1.45238107985921,0.788591248945507,2.91209009210983,1.94190633748905,-0.931238489122287,-1.37557246612982,-2.07560303906896,-3.42498172071079,983.79,"1","2",NA
"1269",3.98473864859152,-0.496375284532029,-0.6909975922344,-2.19778606735594,2.81305281276339,-1.42258451077155,0.831200369771067,2.94836817166933,1.94308842636495,-0.90423102251411,-1.29520140138615,-2.29004680023171,-3.22322575013439,984.29,"1","2",NA
"1270",3.99212285308838,-0.451168905223867,-0.673725774209721,-2.21241283052597,2.85109253483514,-1.33247625036835,0.883214229090614,2.99435231356498,1.98446037252634,-0.890050010251876,-1.23981407665076,-2.31595350946681,-3.58964094640811,984.79,"1","2",NA
"1271",3.9489220409194,-0.51681703031698,-0.614824168166251,-2.26936849682893,2.84161381302191,-1.32617874825492,0.878196642439469,2.99949649651351,1.95751395544228,-0.952390496800323,-1.26393963934186,-2.36534620157102,-3.3168781670563,985.29,"1","2",NA
"1272",3.91659835092893,-0.575289957167317,-0.605712607595596,-2.08603849276061,2.84384255097278,-1.37300994164684,0.873254737375734,2.99580479905481,1.97361484171975,-0.857079260651947,-1.08582011631305,-2.53082070420961,-3.48934419970704,985.79,"1","2",NA
"1273",3.81691607246467,-0.31099252573522,-0.711580930453383,-1.66417772824783,2.73016499249337,-1.46037713977675,0.734892402723663,2.8590414009521,1.85188941028448,-0.98089706979257,-1.28951421220461,-2.27111206256409,-3.30425261014382,986.29,"2","2",NA
"1274",3.88400032520291,-0.319524996868578,-0.614759486376571,-1.7246988979822,2.79381545434181,-1.44017638582079,0.754627895057932,2.91482191513774,1.90778266207877,-0.985318522383049,-1.31398993936803,-2.43054466187927,-3.42603536114068,986.79,"1","2",NA
"1275",3.90665059320797,-0.225475040982155,-0.607205000992552,-2.78932489311027,2.8169555834725,-1.34408799635693,0.79964652565562,2.97114292642233,1.93544677996884,-0.911679018059772,-1.24990078129723,-2.06108639273906,-3.24108328518928,987.29,"1","2",NA
"1276",3.92477257166258,-0.299278992545247,-0.533849647020793,-2.84841937411946,2.82909921868813,-1.39153766867946,0.80999173303684,2.99503767143144,1.95516557972554,-0.839444053210471,-1.22245215973415,-2.03042199068004,-3.34866288855491,987.79,"1","2",NA
"1277",3.90872554794069,-0.470404871282333,-0.556061677912567,-2.79655237310049,2.81737044940614,-1.39620625852495,0.847557553942421,2.99848299469344,1.93993191208315,-0.781306358214269,-1.19745938050878,-2.03544201052161,-3.27863552800083,988.29,"1","2",NA
"1278",3.92237488314878,-0.345321515515649,-0.557062774647214,-2.9342404671403,2.87096063238416,-1.35932374907443,0.821933810806913,2.98989257358584,1.96844354039048,-0.814456087633612,-1.10237782455628,-2.12708761348672,-3.33373540826196,988.79,"1","2",NA
"1279",3.88358155585165,-0.257767736876177,-0.508075699002373,-2.98244699221151,2.8105542478183,-1.46116438943667,0.691617376117282,2.92718360563807,1.90573413003113,-0.800895648829463,-1.02989421945315,-1.97435582829401,-3.20407040135308,989.29,"1","2",NA
"1280",3.93549857682461,-0.19105356657376,-0.522493859153754,-2.83777177894622,2.84546034368185,-1.44284688503679,0.738931610010353,2.98505273843019,1.9411370067034,-0.780704599296257,-1.16470817063191,-2.18845445749794,-3.31804695851378,989.79,"1","2",NA
"1281",3.94380394007125,-0.23692448936302,-0.470582096599858,-2.75234897138293,2.85399487343742,-1.45306598725267,0.714903787109474,3.0075087573468,1.95604880392566,-0.773023948843596,-1.1909477382151,-2.21084305904481,-3.38852387118862,990.29,"1","2",NA
"1282",3.97071112141463,-0.111845030848907,-0.495329893952413,-2.81522749223921,2.79900026693036,-1.59231748689352,0.615135981782792,2.93389030593951,1.93012015080888,-0.674945089148624,-1.02530794993316,-2.48349335345278,-3.05039153040754,990.79,"1","2",NA
"1283",3.97299122431548,-0.0748082582622961,-0.403823597414991,-3.08595147391188,2.82731262795228,-1.56573122728295,0.622990526182278,2.94620172549334,1.96053184885901,-0.77306607630913,-1.06936636718663,-2.07987543816537,-3.27740551426911,991.29,"1","2",NA
"1284",3.91630571304802,-0.211199899624248,-0.49560532332213,-2.91661870249041,2.81224763162444,-1.50320576984246,0.666208433793526,2.92849403126574,1.90531789755435,-0.733789544396071,-1.08886213787846,-2.05402642632505,-3.22526590340723,991.79,"1","2",NA
"1285",3.8875041207987,-0.296051791953212,-0.589760157199669,-2.81602916232083,2.82071705078379,-1.43557620176955,0.763199422834318,2.95237583532103,1.92333975629492,-0.735468175768692,-1.05613401839483,-2.01752146610306,-3.40059521252291,992.29,"1","2",NA
"1286",3.82680987092218,-0.147232531535948,-0.553215193351861,-2.57287497962007,2.77216216981694,-1.49175329861818,0.759701001584667,2.93032397007496,1.91853365755818,-0.84348905991107,-1.11537952373492,-2.14894252254745,-3.33464356063743,992.79,"1","2",NA
"1287",3.81288331638987,-0.461626622854165,-0.615018944360014,-2.03121617422484,2.78376014504929,-1.31902079869421,0.838497890055407,2.96601138620242,1.95386383111105,-0.890033796917614,-1.17587062836285,-2.34487373307989,-3.51735587031445,993.29,"1","2",NA
"1288",3.76504942777265,-0.281665934031765,-0.679830172261427,-2.07960207515155,2.73654576349721,-1.32517446337359,0.776397995362017,2.9425208856554,1.91265349696323,-0.880623132059223,-1.25041735130743,-2.30274562646576,-3.33310881459976,993.79,"2","1",NA
"1289",3.76271448331297,-0.284043086583365,-0.653288862167316,-1.96668749494291,2.70804307557914,-1.39568567639424,0.727024752362488,2.91250420740846,1.88271892573821,-0.907611343676311,-1.3251102913482,-2.22289466915301,-3.23768402013592,994.29,"2","1",NA
"1290",3.84749209670855,-0.448849047536363,-0.518054460064111,-1.89150996204324,2.76903035247163,-1.37236910525397,0.774262948571306,2.97963726425385,1.94332135935056,-0.926460623189173,-1.37671607910163,-2.39507243073676,-3.38471231343064,994.79,"1","2",NA
"1291",3.8636353879452,-0.242076719593981,-0.554881302552641,-2.29047196712591,2.76440442020028,-1.54101932164207,0.64117052947426,2.92812689661425,1.89668942004825,-0.803481416772128,-1.25661824580597,-2.09993343722968,-3.30554424355985,995.29,"2","2",NA
"1292",3.87913168381915,-0.321904051966891,-0.583181658738625,-2.39199348807645,2.79642589730829,-1.42226283130531,0.762604774509261,2.93931100509589,1.93233641517468,-0.807327978649931,-1.28244827442782,-2.16545146280312,-3.33524002993913,995.79,"1","2",NA
"1293",3.8717910979017,-0.359993950209704,-0.583996636493984,-2.64153113893145,2.74709154834254,-1.33778910024083,0.803206402562124,2.93026867235637,1.90214891495981,-0.952787181774113,-1.36809985354963,-2.22278676094061,-2.78752201398223,996.29,"1","2",NA
"1294",3.86809164012212,-0.483437766878324,-0.585869518275373,-2.28017856645658,2.78268903170625,-1.34129846450302,0.801843069439754,2.94740384222938,1.89211778375446,-0.904237238986595,-1.1890851102025,-2.4239278484643,-3.08411085348527,996.79,"1","2",NA
"1295",3.8387647709432,-0.341461105951037,-0.567830798650057,-2.00092349663845,2.70767811207421,-1.50856709559965,0.635557441589291,2.85459603473271,1.8058510585782,-0.880927641945022,-1.33257700367304,-1.99948361158047,-3.21067666387989,997.29,"2","1",NA
"1296",3.91341359215676,-0.295519234251355,-0.568133350441647,-2.4606173128227,2.7690876719039,-1.46858060679058,0.725551433652339,2.95454588219035,1.899837566167,-0.800050053865991,-1.16560145699354,-2.13982439935099,-3.36410973155354,997.79,"1","2",NA
"1297",3.93172790179354,-0.314215727183988,-0.533246288677389,-2.88822388686249,2.82539300385023,-1.36361522717824,0.780961991310245,3.00476744264177,1.93271335784093,-0.816203529520271,-1.230436009236,-2.05877650710989,-3.27084652166844,998.29,"1","2",NA
"1298",3.93168877541125,-0.173669991775205,-0.538435466941731,-2.93615454380977,2.79798293393564,-1.33762866482665,0.793035145991227,3.00474064101502,1.88871139619928,-0.840612690390028,-1.13379256562245,-2.12867558209766,-3.32718938708891,998.79,"1","2",NA
"1299",3.92502967027654,-0.228350111587061,-0.588070761786412,-2.81836083389775,2.77204554692028,-1.35835540477699,0.724059085282196,2.9669884986193,1.87549311902978,-0.809516013286837,-1.24689996385167,-1.97473270239951,-3.23933012854188,999.29,"1","2",NA
"1300",3.92109878964731,-0.184809395438245,-0.492343650427922,-2.81793785393122,2.76891036268597,-1.383263921955,0.722171533800143,2.96823999636937,1.9167319008956,-0.779408109654377,-1.20437054815511,-2.14569735819059,-3.28932174564592,999.79,"1","2",NA
"1301",3.95800603921123,-0.201802782165753,-0.516315893092255,-2.85829974606637,2.82864422246134,-1.33627733267225,0.788985810748732,3.00017294538053,1.95875079895722,-0.764152056996836,-1.23634786834079,-2.21449843960958,-3.40686569781521,1000.29,"1","2",NA
"1302",3.94755812408856,-0.323329864234958,-0.514556782855999,-2.95780172616018,2.82947584961718,-1.33604332933804,0.840006250861719,3.00013701799147,1.9574779325532,-0.78874802579066,-1.17816781689545,-2.24420393512895,-3.23180369470788,1000.79,"1","2",NA
"1303",3.9300812651378,-0.255232642936811,-0.537057774925189,-2.88205740411644,2.82591357854997,-1.44072917109517,0.731627339663032,2.95260061844563,1.91109206238547,-0.809165309741454,-1.19415517527116,-1.96075026195426,-3.2721671241414,1001.29,"1","2",NA
"1304",3.91285180682345,-0.0388195209117276,-0.469773531876706,-2.85923901751282,2.8041238592757,-1.45831738438376,0.710874599882821,2.94763420826373,1.92929998285937,-0.781764044805028,-1.1701514019298,-2.27276296878782,-3.25395658689741,1001.79,"1","2",NA
"1305",3.90561990580417,-0.162241959747659,-0.444226011084802,-2.844061148701,2.82876821878883,-1.4131461916484,0.698725686915441,2.94391373879,1.92954827122451,-0.727220941137827,-1.23423496214049,-1.92660604642555,-3.55483856063722,1002.29,"1","2",NA
"1306",3.84620104044871,-0.193579609677742,-0.522275045897324,-2.73234089118187,2.78052748121219,-1.4193470738311,0.711241076119866,2.92668527558681,1.88145114721184,-0.846348828460658,-1.22916140234057,-2.12254020041928,-3.08051296877087,1002.79,"1","2",NA
"1307",3.84223454848782,-0.15807314052896,-0.479704185501342,-2.8279802666305,2.78370407226316,-1.47751886179279,0.693910738998957,2.91191130923623,1.92545430425115,-0.863927292091133,-1.18901860216428,-2.02956282719333,-3.13142979733498,1003.29,"1","2",NA
"1308",3.85982957515158,-0.281946359886462,-0.431706495617113,-2.78471062707447,2.79022103263484,-1.45971679181837,0.717187783026887,2.92396077816212,1.95733445489517,-0.8260125799694,-1.08604158091243,-2.16636465959722,-3.21203452899513,1003.79,"1","2",NA
"1309",3.80353306207971,-0.398271537708054,-0.544218595405355,-2.56106687152837,2.7651876095401,-1.43501801963311,0.750206817062306,2.92085194635362,1.93629815027892,-0.788025777554611,-1.08472333218501,-2.26369614197284,-3.10105730932728,1004.29,"1","2",NA
"1310",3.77793468496451,-0.271757684686412,-0.622201131904363,-2.50179876609804,2.74477463641852,-1.3583032619347,0.789986155878271,2.92187695132386,1.90376990726631,-0.741547889536929,-1.1895169436251,-2.13426488031329,-3.31895177775264,1004.79,"1","2",NA
"1311",3.79438197333164,-0.232837384683904,-0.5813050499294,-2.56363014572649,2.7805528984023,-1.34063413737065,0.794719644553034,2.95028448963862,1.90465012859545,-0.774965969705964,-1.28012418787817,-2.2243237078694,-3.22676855135707,1005.29,"1","2",NA
"1312",3.84197225051597,-0.207757542278316,-0.49535178371691,-2.66845371631572,2.8173032602586,-1.39994239085221,0.774700817800202,2.97698772827422,1.93836634245136,-0.752984592761639,-1.1830684525516,-2.35449943035841,-3.28727249046556,1005.79,"1","2",NA
"1313",3.83424174373498,-0.297004028151773,-0.482837362000419,-2.69131024371033,2.74293506672515,-1.48389509519342,0.643003230339698,2.89964610132894,1.88019617445768,-0.754590686034126,-1.19363901874646,-1.89897921938428,-3.19776666336565,1006.29,"2","1",NA
"1314",3.86613766291625,-0.152198424468581,-0.473650460991406,-2.74233400230977,2.78203496378023,-1.44018431769743,0.683356285795423,2.92526361415491,1.91307892642969,-0.735180228013738,-1.17225716375625,-2.24102722355299,-3.21303963228634,1006.79,"1","2",NA
"1315",3.87380282811948,-0.164928586195988,-0.473218836282389,-2.79061089023169,2.78178119384251,-1.49838438699501,0.611445545296882,2.9268952757364,1.89044548074298,-0.760961395653892,-1.0800201972816,-2.05157171641509,-3.26467431468261,1007.29,"1","2",NA
"1316",3.89335478464115,-0.21754895638209,-0.454526720425849,-2.74089714728033,2.79049332991146,-1.48414613760701,0.578741226190325,2.91185576952319,1.90218170268966,-0.738425388033569,-1.03933275718983,-1.9393346810676,-3.46241502496949,1007.79,"1","2",NA
"1317",3.90779983789299,-0.116698863153234,-0.509191641312598,-2.77201671364027,2.77606662530926,-1.55988059867518,0.566865942402993,2.90704248614612,1.8771965032643,-0.693486333754682,-1.12961272034095,-2.21422408026637,-3.03986044387239,1008.29,"2","2",NA
"1318",3.90600450030294,-0.113421085010921,-0.473236757467348,-2.66351500711327,2.76442135621381,-1.45842461665681,0.637926758663978,2.95063866867219,1.86669405350623,-0.81382827993489,-1.26649561766825,-2.12000262674443,-3.21676134676322,1008.79,"1","2",NA
"1319",3.86186109691469,-0.230092982430184,-0.544017599639063,-2.67598434223736,2.73336847022263,-1.45474997741499,0.641027194801354,2.92134702627809,1.84352388506431,-0.755487955018251,-1.17722838965544,-1.9310432222175,-3.2325232046683,1009.29,"2","1",NA
"1320",3.87999757759452,-0.246498211824896,-0.518847075231703,-2.73047555520682,2.74537485140337,-1.48044607360711,0.615958444072349,2.91799393551368,1.85337014540938,-0.811774832032667,-1.16431753868649,-1.86112955759785,-3.19920610980576,1009.79,"2","1",NA
"1321",3.94278607459632,-0.151130826497934,-0.457979504845929,-2.64635216288777,2.75264760893297,-1.47141263795047,0.578601576994394,2.9230068676777,1.80547831553848,-0.701553495551858,-1.2623933419498,-2.082523975419,-3.22917449863711,1010.29,"2","1",NA
"1322",3.88533442479766,-0.0930899476586875,-0.523002838858456,-2.75815478242739,2.69064520618054,-1.51492764528739,0.576979995750579,2.89817317414843,1.77420030158375,-0.773783064824246,-1.07720967953962,-1.86951558188374,-3.21564956198142,1010.79,"2","1",NA
"1323",3.89348669304267,-0.362618394025772,-0.586655617810238,-2.64171273157588,2.75076917326454,-1.41375077087992,0.694710053201018,2.98737562976189,1.840835339289,-0.783188465511598,-1.1766604845442,-2.05156836938761,-3.15102205482391,1011.29,"1","1",NA
"1324",3.914728503169,-0.651155125816756,-0.55836593321397,-2.5296581555407,2.80143866807464,-1.31354850469337,0.791514370330846,3.0279437924957,1.88192416159548,-0.819781846935356,-1.15890814885861,-2.22319469384885,-3.16293708675806,1011.79,"1","2",NA
"1325",3.95448356481179,-0.434917521713102,-0.532371599431532,-2.64258479977812,2.841150101269,-1.31310691370189,0.815124792147376,3.04720488194837,1.91343178391188,-0.727673442740529,-1.25121612548676,-2.39304843710751,-3.27647628412897,1012.29,"1","2",NA
"1326",3.95031960355471,-0.30842322268488,-0.59098741444879,-2.63040236278556,2.809312082004,-1.36189103732205,0.730117689817713,2.97914574206406,1.90714306304339,-0.781510200212935,-1.22792028810378,-2.06130783089559,-3.41359582403029,1012.79,"1","2",NA
"1327",3.97094874015144,-0.312584550373531,-0.608484202885025,-2.62626545762263,2.83535365606979,-1.36220964994792,0.759707364838408,3.00420620944717,1.9306750765357,-0.819051869270816,-1.29663738434851,-2.28066979397357,-3.19498813862052,1013.29,"1","2",NA
"1328",3.94358800547972,-0.379204442381719,-0.575235716757484,-2.58189037275763,2.79305171474656,-1.38259776418217,0.764617506340635,2.98795793531746,1.9157119344742,-0.840218926414603,-1.18431102971315,-2.20315193762132,-3.25831690653049,1013.79,"1","2",NA
"1329",3.960753981778,-0.373822074387403,-0.539286944185373,-2.6603536011262,2.84031297834474,-1.35976717572694,0.787148564975843,3.03012217509947,1.95130909268826,-0.801100869836649,-1.22814264103261,-2.11706217611063,-3.4901113104805,1014.29,"1","2",NA
"1330",3.93414777970338,-0.431792553542699,-0.620706572655285,-2.63296131074935,2.78421466421005,-1.39258666311093,0.745872026451856,2.98262515316894,1.89379616534613,-0.816208983728418,-1.20611859035513,-2.11098062640566,-3.12930048833288,1014.79,"1","2",NA
"1331",3.97940012436765,-0.525512799256722,-0.542195950264894,-2.56233667642051,2.82898818437305,-1.38050300526708,0.783318827501918,3.02538690956221,1.92285848714777,-0.816101681499005,-1.22600138667503,-2.24376157871405,-3.2435394548553,1015.29,"1","2",NA
"1332",3.97811386891044,-0.377704457991143,-0.573799683022522,-2.54974758687546,2.81341347739557,-1.45415840567061,0.730346245854628,2.99185073216156,1.90611785602796,-0.815907798271986,-1.18140117041713,-2.27344960224016,-3.19367347586115,1015.79,"1","2",NA
"1333",4.00781782634575,-0.348620385708705,-0.537087122894285,-2.69356757106693,2.84259815486851,-1.40097917260888,0.721498535188231,3.01893821254294,1.93263372519555,-0.771307546290148,-1.20662561754799,-2.16006523862991,-3.40523379939411,1016.29,"1","2",NA
"1334",4.01166737875492,-0.519470275764375,-0.529396347684623,-2.69391014153125,2.80744761607443,-1.34015157046276,0.763358229153734,3.00883521013292,1.90508246586418,-0.772469415689199,-1.13962404917223,-2.37103162443236,-3.13033747524338,1016.79,"1","2",NA
"1335",3.98793129298237,-0.388310977405295,-0.573237935957289,-2.52808150157938,2.80072729555228,-1.33256140638347,0.767010624118694,2.97454486296539,1.89461133658549,-0.834126946209139,-1.2731672235415,-2.01775851667796,-3.47758090445019,1017.29,"1","2",NA
"1336",3.98420885404296,-0.427802805662405,-0.591195602608621,-2.58115619469074,2.79498316870739,-1.31010449406318,0.781047838149786,2.98518915249259,1.92170651922705,-0.850896514794905,-1.28152091180749,-2.22241620097324,-3.2020428080192,1017.79,"1","2",NA
"1337",3.98995232263424,-0.367877308838125,-0.618446287850611,-2.60864343311509,2.82574437447999,-1.35512288882591,0.806078348944911,3.00586322659099,1.94891228986897,-0.857484939509271,-1.35285359889594,-2.05701703521314,-3.35910507027101,1018.29,"1","2",NA
"1338",4.0206131559159,-0.374138969962989,-0.570312639565096,-2.86790307358505,2.84126227763379,-1.2910177641887,0.83133182997285,3.01403551309674,1.9664281097081,-0.825620315357861,-1.22040855262463,-2.29867425943357,-3.22559531160948,1018.79,"1","2",NA
"1339",4.02130312133383,-0.319138161707951,-0.515755332500175,-2.77131487263628,2.79971613103228,-1.41917943032771,0.736287255404379,2.96518787767519,1.94750969780451,-0.765853743954438,-1.1836716200296,-2.2725014053183,-3.22258951677574,1019.29,"1","2",NA
"1340",4.00325275288814,-0.272316776335526,-0.548607647105229,-2.7154890077356,2.77663434923221,-1.49815647621974,0.616319854561047,2.92102830642108,1.91728711015441,-0.856672435332947,-1.10636760108038,-2.1056202493638,-3.13129218008366,1019.79,"1","2",NA
"1341",4.02371122311361,-0.308026729339952,-0.494968873704183,-2.85889134691975,2.829553140299,-1.44735020306508,0.693476086431526,2.94967192993835,1.94435319174104,-0.737265103263723,-1.17291335736332,-2.18776516150637,-3.23358479636116,1020.29,"1","2",NA
"1342",4.04316231974436,-0.428439099594824,-0.546117327730124,-2.84137224975774,2.83938818865239,-1.36943292541564,0.787104936094536,2.99447831270791,1.9894701230554,-0.832479765717613,-1.19769576379451,-2.1214336284427,-3.31663311980144,1020.79,"1","2",NA
"1343",3.98131991603587,-0.315127792588962,-0.578213879477026,-2.70302790932446,2.80488088313268,-1.40781539189937,0.809505933085518,2.97160235735842,1.94601907662805,-0.890177580820859,-1.19775280515888,-2.22668846162964,-3.19452434534136,1021.29,"1","2",NA
"1344",3.97931962377939,-0.26769241649427,-0.627859630425049,-2.82203018744517,2.79713940374746,-1.29292090119978,0.825839647343964,2.97015158947551,1.92203647590047,-0.878819095359019,-1.1732396270334,-2.26757348231977,-3.16435139997035,1021.79,"1","2",NA
"1345",3.97344653422893,-0.331463502490512,-0.631198979455747,-2.70894990365768,2.77292699181924,-1.29489140493499,0.830092626065907,2.95121220355471,1.93370699123441,-0.795300616820584,-1.20754541191413,-2.23763332289631,-3.25440220473323,1022.29,"1","2",NA
"1346",3.96638280540899,-0.379469433187022,-0.590271992551027,-2.54615728666316,2.78585296317428,-1.32466959449867,0.813242966320535,2.95027111122268,1.92121894400433,-0.931220735031142,-1.24482582110643,-2.21795401680574,-3.20239991028765,1022.79,"1","2",NA
"1347",3.98860425042485,-0.53509432726048,-0.521020334885767,-2.56003733431421,2.81353870042697,-1.33367792192616,0.81689209662426,2.9790423603064,1.95646421603161,-0.800708402165327,-1.12791412897538,-2.22467456526242,-3.45141460902435,1023.29,"1","2",NA
"1348",4.00135421070585,-0.544401558372349,-0.568140494204335,-2.63228196869805,2.842969350774,-1.33569908264023,0.861782961226761,3.00232097459774,1.99719492106036,-0.846425007457826,-1.24422362758292,-2.26130303666105,-3.27314764274795,1023.79,"1","2",NA
"1349",3.97700236790623,-0.422804094472943,-0.589443785870976,-2.71180407287668,2.83689275227066,-1.35363775391592,0.826914731641197,2.97523734994128,1.97571270384525,-0.92430152756799,-1.15279184425396,-2.19619231972311,-3.24078450692304,1024.29,"1","2",NA
"1350",4.00880310795404,-0.500869359394143,-0.586367245955718,-2.63660963294329,2.85280363266241,-1.36168903470468,0.813766098354483,3.0001923325552,1.98895547210429,-0.822089579476788,-1.16949809932164,-2.2818069441781,-3.30559074765605,1024.79,"1","2",NA
"1351",3.96890678108743,-0.454468812040561,-0.577111768847135,-2.7523918919288,2.82024541426295,-1.38290464912529,0.806361218509128,2.98221298006465,1.9731007383455,-0.924597059642741,-1.14979905911541,-2.18373624527739,-3.12581764629234,1025.29,"1","2",NA
"1352",3.97365635296181,-0.539469379702933,-0.60625505434725,-2.61942378574139,2.82182067474359,-1.3318997562191,0.806010108161155,2.97953002754145,1.98947405402754,-0.864589444924379,-1.22971528678824,-2.07338420239001,-3.30575430732224,1025.79,"1","2",NA
"1353",3.95608023115933,-0.48389262526608,-0.628608029656727,-2.70036707516455,2.82708750656211,-1.36260780870626,0.818505356623948,2.97521786660951,1.97868198551612,-0.855615075795982,-1.28074226808158,-2.1172885933244,-3.12645147047545,1026.29,"1","2",NA
"1354",3.95783007541229,-0.572187694670678,-0.552830021431777,-2.55616041452158,2.83415639666112,-1.3712772937271,0.821929392130421,2.98102895211571,1.97184363315726,-0.838573998310246,-1.23711552164177,-2.15578437592089,-3.28285912925276,1026.79,"1","2",NA
"1355",3.95980995644181,-0.422025748165767,-0.564998646892367,-2.55696369529512,2.82099889683251,-1.38047512028331,0.800717315058366,2.98132667652495,1.98184533770363,-0.84665101647445,-1.25709961985906,-2.16696281288454,-3.34952152270665,1027.29,"1","2",NA
"1356",3.98798200474467,-0.429208203420752,-0.613824023992714,-2.60669478664441,2.86143548071795,-1.30829358124484,0.837206474191465,3.00727208064998,2.01195751303596,-0.842077835316042,-1.13929286842655,-2.49663618303061,-3.26982607126409,1027.79,"1","2",NA
"1357",3.97152722053259,-0.595228822224224,-0.553739527933295,-2.55016546712551,2.82628165860813,-1.40928145809558,0.80341334357653,2.99428308483342,1.97159495003166,-0.837909127507935,-1.17494253137171,-2.30346731940242,-3.14236600392166,1028.29,"1","2",NA
"1358",3.96279684411269,-0.355886181455358,-0.548488162253638,-2.65432574639117,2.83382176890323,-1.43703263742186,0.79191864333615,2.9786893058142,1.96358743799146,-0.910536520783253,-1.12907606968884,-1.98572853524326,-3.50974014692035,1028.79,"1","2",NA
"1359",3.96336592768272,-0.308260457650013,-0.570363372313061,-2.41291751652957,2.8293668151837,-1.37478877610779,0.79213865026884,2.98284196454034,1.99970291025156,-0.848495860048494,-1.12342993989562,-2.2307840887927,-3.69837625658992,1029.29,"1","2",NA
"1360",3.94291578710029,-0.316492413612157,-0.567614356521357,-2.3720995269877,2.79748094995303,-1.39575399505743,0.783242184437297,2.97388456589218,1.95369086913106,-0.90422517887539,-1.22086149869826,-2.50472907076108,-3.16943831600049,1029.79,"1","2",NA
"1361",3.91180292025422,-0.479656112212527,-0.608094508258431,-2.3803411632629,2.81213247911343,-1.39293421193676,0.723511788348821,2.941582531996,1.93793339043066,-0.942598240306972,-1.27862809691655,-2.04564512604295,-3.19906565120605,1030.29,"1","2",NA
"1362",3.95021777321506,-0.444418246379374,-0.55228765617539,-2.35825634038483,2.81706481817657,-1.33991947989399,0.778966405814578,2.98410296199394,1.96179741450474,-0.803921671454284,-1.19838314741046,-2.50458429453088,-3.29037853747567,1030.79,"1","2",NA
"1363",3.98385636641275,-0.575764928955173,-0.575764928955173,-2.47366585882413,2.82820887470739,-1.35090832435415,0.766613874707229,2.98236896463673,1.94281155567845,-0.824406452203353,-1.19079745420497,-2.28376094898565,-3.22879073965997,1031.29,"1","2",NA
"1364",4.00443154999831,-0.368203703788694,-0.519391934816996,-2.49622600748035,2.83761491953371,-1.35739492125408,0.764090715824942,3.00547308627335,1.96473139102652,-0.844479768479013,-1.20163652403873,-2.19667991825593,-3.59232888454304,1031.79,"1","2",NA
"1365",3.99150608375459,-0.35988738728793,-0.529517686342869,-2.538419831612,2.83296329751132,-1.42833514178165,0.774506638921586,3.00212450072652,1.97184778379553,-0.836239134878817,-1.17285160100922,-2.24977668268067,-3.4579208391164,1032.29,"1","2",NA
"1366",3.96763614868196,-0.526033664574015,-0.599897384684125,-2.31295777631924,2.81907050048899,-1.41276397148726,0.762218223159325,2.98566892361782,1.94218767354528,-0.899831036194142,-1.24817821383382,-2.22055510356043,-3.25656431884035,1032.79,"1","2",NA
"1367",3.97470506453726,-0.382018673949055,-0.568653094404558,-2.43477666433731,2.83312819478324,-1.37464546056515,0.789475396119243,3.00645391027991,1.95236145969953,-0.874072292534218,-1.23227719852235,-2.39047263043841,-3.29920801066812,1033.29,"1","2",NA
"1368",3.94769203678447,-0.421883839540349,-0.538997755064708,-2.70575476374716,2.81324473314183,-1.3881926198706,0.785519041427447,2.99663988701294,1.92808090517487,-0.808123960446114,-1.26858690437098,-1.9537879384391,-3.38584882206253,1033.79,"1","2",NA
"1369",3.93381085502525,-0.564642928920072,-0.533090357367617,-2.56958890154211,2.8035005742544,-1.34863267202463,0.761670577849265,2.97805028523597,1.94840044038409,-0.86027146162303,-1.17420499343447,-2.18276840131718,-3.19223301651987,1034.29,"1","2",NA
"1370",3.94184224115327,-0.573149010597859,-0.54661684200598,-2.47637746834733,2.83505011431606,-1.35754705822231,0.775295637828075,2.99913271854499,1.92991873724101,-0.89175356315487,-1.16321334498035,-2.15236904076863,-3.32021312100606,1034.79,"1","2",NA
"1371",3.96054300786872,-0.489346080396695,-0.601370285728466,-2.54673847830768,2.83932693019318,-1.36915378126549,0.792709017397313,3.01764629441442,1.94979289267507,-0.875056077304766,-1.17958956477223,-2.22152680382474,-3.27723707094864,1035.29,"1","2",NA
"1372",3.97062572273978,-0.415534480502375,-0.53865570817539,-2.51897411690613,2.83303650834448,-1.42284014425248,0.782667285608649,3.02018568324896,1.97606622242689,-0.846468442588621,-1.16092135661165,-2.31785347767935,-3.36133369565275,1035.79,"1","2",NA
"1373",3.93950633901102,-0.412804551461263,-0.724765757068127,-2.4086951801871,2.81615021781341,-1.41135423380306,0.73554043143275,2.99271374965576,1.93522183168498,-0.798183730344471,-1.19361352417118,-2.10529412149924,-3.36442147106346,1036.29,"1","2",NA
"1374",3.97767747034505,-0.502802675538576,-0.593007082033737,-2.60527625154609,2.84817673235947,-1.45496258850109,0.745605994244314,3.02157620190102,1.95204618320483,-0.785125471094964,-1.19877918310868,-2.23066783973388,-3.17446149049766,1036.79,"1","2",NA
"1375",3.95197719182424,-0.268670671468701,-0.60744019934199,-2.66123467879541,2.83073425342325,-1.40826794055915,0.700932176096689,2.99531063343354,1.91567984978282,-0.810166101200733,-1.13226752569295,-2.14216920161847,-3.36441778588314,1037.29,"1","2",NA
"1376",3.96028295614839,-0.470774196558989,-0.549162733855472,-2.77189480308187,2.82180055596701,-1.461147848604,0.709220200257036,3.00330290036966,1.91459307481517,-0.800074686908326,-1.12856617913924,-2.02802359582754,-3.19955564358182,1037.79,"1","2",NA
"1377",3.96728333605277,-0.298933258439773,-0.539431050779784,-2.79423717386073,2.8281490204508,-1.42395663999114,0.730745262142803,3.0108020899483,1.93875835684917,-0.802111099183514,-1.24546569013703,-2.18022731385951,-3.19137583919234,1038.29,"1","2",NA
"1378",3.93490490912848,-0.340379318650737,-0.563487959249099,-2.87642492992992,2.81803735039239,-1.45802368950001,0.663229962692809,2.97882384882461,1.89779571863056,-0.826515735815106,-1.17504952217014,-2.22468780624179,-2.82822282811205,1038.79,"1","2",NA
"1379",3.94725378262473,-0.45821595058854,-0.57751771080845,-2.63488644464732,2.8245072620709,-1.41484623214282,0.711998510932096,2.99932452031818,1.94259403631864,-0.837275583650804,-1.12893287471282,-2.31157895511732,-3.06242436059645,1039.29,"1","2",NA
"1380",3.93110140231809,-0.392082500227374,-0.585186790796119,-2.66820871582097,2.79887630887402,-1.39214883630172,0.741417889262524,2.9949161458299,1.9111358630396,-0.772093539747109,-1.1301234974433,-2.10593199089432,-3.33167173809321,1039.79,"1","2",NA
"1381",3.91617751111821,-0.369321738982466,-0.549048528977621,-2.64295963964566,2.80444564193084,-1.3418078454032,0.746971960145765,2.99167808054179,1.91087393284465,-0.794105265173563,-1.15439595543761,-2.32888009534285,-3.1896280576183,1040.29,"1","2",NA
"1382",3.93268967253659,-0.498948418499502,-0.562670766121816,-2.57607552700867,2.82494625492614,-1.26165608798749,0.804074066733313,3.01896973093689,1.92358735433051,-0.903420970694915,-1.16951241055433,-2.25079991556513,-3.28118298303159,1040.79,"1","2",NA
"1383",3.88511832982863,-0.552647286896744,-0.594537333161968,-2.61812119211838,2.79585748334538,-1.34204279649554,0.795678089052785,2.98526421018427,1.88184992121919,-0.884141978957848,-1.2397844326718,-1.97647590727483,-3.13601710605315,1041.29,"1","2",NA
"1384",3.87550107975826,-0.448296707680441,-0.611187446922144,-2.76695980513778,2.76411832727154,-1.31842313514067,0.807213869120564,2.98271070901806,1.86120094160991,-0.826964888578338,-1.19205635579289,-1.9170441422085,-3.20981244531757,1041.79,"1","2",NA
"1385",3.90717089483823,-0.345541265786664,-0.525803089617608,-2.76384966147408,2.8184682404584,-1.24243373753554,0.893400561501809,3.04012257610231,1.9039764877138,-0.826129928985185,-1.32531723635265,-2.13113422009906,-3.40292962076375,1042.29,"1","2",NA
"1386",3.89267580922349,-0.431610524407457,-0.605493464190894,-2.69011497637072,2.81768282419004,-1.18412918206869,0.908805285348596,3.03042693956594,1.90764963239972,-0.817651788097699,-1.14977227385686,-2.37767040768481,-3.30079787405067,1042.79,"1","2",NA
"1387",3.84957205095942,-0.599011880283669,-0.610996770424375,-2.55435263967459,2.76494837917404,-1.20475666524554,0.860526232314818,2.97435238434078,1.87384898358673,-0.817877591009144,-1.18900313958418,-2.14464484382764,-3.20260450032665,1043.29,"1","2",NA
"1388",3.84608721192909,-0.387085349566351,-0.594783842208619,-2.77549462712035,2.75167858767971,-1.2222106081002,0.842730489891711,2.97504995355385,1.84850881970859,-0.747610895105369,-1.18773043812522,-2.10865358799429,-3.24048571454255,1043.79,"1","2",NA
"1389",3.83736784366497,-0.497632031458095,-0.609880948810277,-2.73392878470161,2.77104948625587,-1.26032688192237,0.8339783115643,2.97135861280878,1.84570483076805,-0.834914859855656,-1.13369582537549,-2.09599042817039,-3.09308932476809,1044.29,"1","2",NA
"1390",3.81338493897107,-0.428747824210163,-0.580869572287486,-2.77076427387421,2.74969457714149,-1.28369737055815,0.824552299310314,2.96312382463661,1.82169637910004,-0.844951899623893,-1.20449853330532,-1.99577030793691,-3.0631522373634,1044.79,"1","2",NA
"1391",3.85083761238223,-0.296204010319652,-0.56544465486871,-2.65415754054207,2.77697095184907,-1.31399295114968,0.808966907686438,3.00586976308104,1.86064107030573,-0.833268609944355,-1.09389734873879,-2.34181920525729,-3.20450198448397,1045.29,"1","2",NA
"1392",3.8216234572318,-0.539113075811035,-0.672904147992446,-2.63430874438328,2.74099017843593,-1.34569072802852,0.742618141394656,2.95867144226934,1.84205404949632,-0.816788433862352,-1.22321369566886,-1.78806651588974,-3.08587192719181,1045.79,"2","2",NA
"1393",3.85006451821523,-0.537456560176782,-0.620062643698495,-2.56597279275381,2.76614448860343,-1.31141323728952,0.75568680424478,2.98089138398715,1.8770074922827,-0.742100472408635,-1.27076676674869,-2.08639971249192,-3.09562250176544,1046.29,"1","2",NA
"1394",3.81253663588357,-0.303259612277391,-0.592090344369815,-2.61400575755213,2.75801374484096,-1.36601606780942,0.725069933170537,2.97092540270776,1.82579831229142,-0.765988485673981,-1.2163182126028,-2.0981925922751,-3.13647295633361,1046.79,"1","1",NA
"1395",3.83227499358334,-0.393583922020946,-0.55542694747136,-2.56359593583228,2.76646069106634,-1.37517975230287,0.722951082121511,2.98479571673624,1.86092109945578,-0.756958874547876,-1.17864475825886,-1.99007913380021,-3.35393425872882,1047.29,"1","1",NA
"1396",3.86787337717057,-0.338244318147547,-0.504404028365977,-2.66753039894995,2.78152369498939,-1.41676898788918,0.672805811406412,2.98665987926396,1.86439996287805,-0.759198233972923,-1.17825003427489,-1.95284392414301,-3.35602279996491,1047.79,"1","2",NA
"1397",3.8336018707907,-0.37923931313224,-0.575587411098122,-2.69623364917812,2.76025228867587,-1.43101721961147,0.663776174077417,2.97980437842479,1.85791182047113,-0.778045303053082,-1.18421339888791,-1.82462669170845,-3.22638354577052,1048.29,"1","2",NA
"1398",3.82132565589515,-0.375033408267846,-0.558566233276613,-2.6301768813759,2.77235994445645,-1.35080431648079,0.720739365578061,3.00070494034527,1.85464848805527,-0.740887790070568,-1.1749416522013,-1.93313713070045,-3.40623098195675,1048.79,"1","1",NA
"1399",3.82246568999501,-0.238748308199449,-0.605446920969455,-2.82384649544213,2.77495008713597,-1.36035693700287,0.715024143424764,2.99361780764323,1.8580144833222,-0.736652976957979,-1.0415348892916,-2.16634665361242,-3.19113903004527,1049.29,"1","2",NA
"1400",3.8383360335335,-0.280453338997066,-0.59198766263438,-2.72490437273787,2.77672097610916,-1.3312839715259,0.72930339804139,2.9972549218643,1.8590209699898,-0.727219087910333,-1.18643855064563,-2.13750224927483,-3.22084706581215,1049.79,"1","1",NA
"1401",3.81228870388471,-0.373784116535182,-0.578031033958102,-2.78039193234539,2.73741883806562,-1.32688882153205,0.712056193490449,2.97605514795222,1.83545192459427,-0.730114885629698,-1.1582014560139,-1.99209663340276,-3.13376192857016,1050.29,"1","1",NA
"1402",3.82629104882108,-0.384145366399942,-0.555912735515207,-2.74159006643172,2.75969673657746,-1.25103036006245,0.746015280003093,2.99825915649274,1.87035223326557,-0.809028560365208,-1.11754827831838,-2.17127366625243,-3.17008542181459,1050.79,"1","2",NA
"1403",3.76944391357646,-0.302017359713642,-0.602758531828253,-2.61009330274267,2.7069903232588,-1.34046652819529,0.710833997514906,2.94576329072767,1.78919421632781,-0.792625476804405,-1.1962793183424,-1.87113658615143,-3.20684863762755,1051.29,"2","1",NA
"1404",3.75746689576997,-0.323919249611402,-0.636458916724259,-2.37325098981987,2.68173453053726,-1.38692837839203,0.667227770739746,2.90119037976902,1.76911220774012,-0.781597403839005,-1.14021316978205,-1.99411825605594,-3.14024542033156,1051.79,"2","1",NA
"1405",3.80455425137593,-0.264989098353338,-0.607398408365897,-2.73832041493576,2.75574023459814,-1.33021897694979,0.726166788430123,2.97031990294539,1.83386580847584,-0.766136176510265,-1.25346899533323,-1.85966762283948,-3.27044729253767,1052.29,"1","1",NA
"1406",3.79112387220892,-0.341117624531247,-0.587001407305992,-2.7028952205845,2.75967732402312,-1.30014925457261,0.750071908557408,2.96554106841394,1.8292115319867,-0.744648927648525,-1.27483144658832,-1.89424951463158,-3.25073230932731,1052.79,"1","1",NA
"1407",3.79080314215045,-0.347061339411123,-0.61212289222636,-2.47818872662535,2.73018990547704,-1.30586536995638,0.724818261896887,2.96010794997612,1.82146610123926,-0.828051904168661,-1.19547583781913,-2.09694625609304,-3.16367303443973,1053.29,"1","2",NA
"1408",3.84432271833349,-0.433079060754258,-0.565646168914342,-2.53475735865101,2.77655593042587,-1.32161987967551,0.752121234871756,3.01051967364573,1.87211733842486,-0.754871693138307,-1.20379006148772,-2.14355782770167,-3.29831484537888,1053.79,"1","2",NA
"1409",3.79994343415959,-0.394212934441416,-0.589273517012801,-2.43341307617084,2.74038822944,-1.2553970283243,0.788352992589415,2.98694869611855,1.83725446253002,-0.821605494381417,-1.19929428066708,-2.2477361426968,-3.21195534114291,1054.29,"1","2",NA
"1410",3.81129181024666,-0.580108431062633,-0.58821971539539,-2.48993949459862,2.7313916356907,-1.32760070270195,0.755894350811069,2.9686563063986,1.82683841008912,-0.739047114702669,-1.13029583069734,-1.93441369191472,-3.30444753216283,1054.79,"1","1",NA
"1411",3.87055989849903,-0.46063718208241,-0.617596644893086,-2.6361332017455,2.75285304154576,-1.34425238664474,0.722301058391365,2.98793499110534,1.84476060348496,-0.73745437009033,-1.13744384268481,-2.10156667568425,-3.14332528920134,1055.29,"1","2",NA
"1412",3.88983678023807,-0.390950285471296,-0.512002869188855,-2.69336471543907,2.74041690152224,-1.43914011452758,0.638778846998798,2.95474990228477,1.82496782962992,-0.731013190223237,-1.14951251617031,-2.07734923904152,-3.05541733061192,1055.79,"1","1",NA
"1413",3.94837778928619,-0.34064197915658,-0.46562298933529,-2.81332851760981,2.75896404963679,-1.42248984167644,0.656132724936362,2.97774532182634,1.85100773714464,-0.712854653324228,-1.07243626692136,-2.09519253054904,-3.26966084425757,1056.29,"1","2",NA
"1414",3.927219793095,-0.178809303268887,-0.47589933027686,-2.71267989427081,2.73315252488309,-1.50470052840241,0.555681021827451,2.92440764014498,1.82313239011129,-0.653981202780099,-1.2130731409902,-2.05481956880058,-3.16963040127197,1056.79,"2","1",NA
"1415",3.90170787073756,-0.347116391897908,-0.454473781041086,-2.70614279579691,2.70623103775576,-1.46678208976385,0.575724655459137,2.90820111621205,1.82029057976124,-0.768458914211275,-1.12875423965807,-1.89880324771131,-3.14162379984534,1057.29,"2","1",NA
"1416",3.89783250592841,-0.11017573458623,-0.53235320186814,-2.66624556912384,2.70435256830434,-1.54446185663953,0.547126285881427,2.89632766131813,1.82107940088706,-0.765957366491732,-1.15287283841743,-1.89794954688408,-3.19670230830839,1057.79,"2","1",NA
"1417",3.87311081358826,-0.180861482007176,-0.481124075673765,-2.50975472459331,2.69928430447989,-1.49393142803498,0.560362532914362,2.89257951908623,1.79198234542414,-0.781312144062212,-1.26244686610016,-2.11421173899146,-2.99367705602984,1058.29,"2","1",NA
"1418",3.94535763805906,-0.213118165403712,-0.515657537708176,-2.43286725281861,2.7784387367398,-1.46149681967221,0.600367704903858,2.95555467955893,1.90372133364786,-0.719660048210538,-1.18951282134757,-2.43008173569718,-3.22104571205152,1058.79,"1","2",NA
"1419",3.895243335392,-0.263437185324479,-0.534785950219765,-2.58830529451906,2.72940310982571,-1.42552274102393,0.660115033905452,2.94864621513398,1.84449074917934,-0.786046400307848,-1.17943989876346,-2.10223119524071,-3.19812977803723,1059.29,"1","2",NA
"1420",3.90738716674528,-0.296925510074298,-0.523849503976989,-2.32531054183463,2.74039082328097,-1.48300665074708,0.673061663603328,2.95223004479438,1.85071940339689,-0.781416530153558,-1.21848312107967,-2.27379230087094,-3.22100494308368,1059.79,"1","2",NA
"1421",3.8624110619226,-0.286474127294118,-0.575210698237899,-2.23945144357252,2.7446824433069,-1.33027817946723,0.730573264810967,2.95884965141115,1.83507630685563,-0.775924023080226,-1.27008582393355,-2.35192942699921,-3.30223900572249,1060.29,"1","2",NA
"1422",3.82566469220796,-0.52501408546271,-0.603361801874468,-2.15702631993535,2.73437282845679,-1.32074785479776,0.715789903541781,2.95660505290394,1.84360951919185,-0.863738857137217,-1.25564063904622,-2.07550946226336,-3.27500297578525,1060.79,"1","2",NA
"1423",3.79528995218052,-0.479704442624144,-0.588365291310627,-2.03698452509884,2.71027687331414,-1.36797303639791,0.733304839458512,2.97029879305062,1.84986099649403,-0.786122166488596,-1.27073512762445,-2.24096187167692,-3.28818499327632,1061.29,"2","1",NA
"1424",3.81733309135528,-0.504977978604375,-0.584196945146161,-2.16676895274186,2.76058408365185,-1.354417849247,0.773668960564924,3.00591471530757,1.87380964961744,-0.766180530889752,-1.24428173667055,-2.19551455738184,-3.41497194981553,1061.79,"1","2",NA
"1425",3.81830300184358,-0.531299121220343,-0.613844379762729,-2.17656544890958,2.78672517666534,-1.27275114684289,0.783171810782004,3.02391023439465,1.86320179557469,-0.793420696692589,-1.31095345589273,-2.38898503686082,-3.18749273307859,1062.29,"1","2",NA
"1426",3.77177743541414,-0.464062160317548,-0.585284431588995,-2.04804800954799,2.74852725931961,-1.29115731338723,0.793402685559541,3.01165996510969,1.83091388220978,-0.780121185463007,-1.29749313183632,-2.26988351620218,-3.42023147926948,1062.79,"1","2",NA
"1427",3.76544364126446,-0.591225730170672,-0.688281320161599,-1.99772628778553,2.75279714628475,-1.26725239763397,0.782595887429266,3.01763844223432,1.80266707662776,-0.798089457803025,-1.336485393987,-2.10907507813308,-3.33300652816569,1063.29,"1","2",NA
"1428",3.75048968490441,-0.407111196031816,-0.62053919555993,-2.06953215089538,2.71141863857367,-1.30133206661894,0.726582793779653,2.99281154749681,1.78095957182353,-0.801756390010831,-1.32724472739471,-2.13642638572541,-3.29832012434104,1063.79,"2","1",NA
"1429",3.77401391429832,-0.417094352330545,-0.600218727953578,-2.04740546045641,2.7583057395272,-1.34069364086233,0.727504162765974,3.01819593998601,1.79826047699549,-0.778301556429276,-1.40403527376605,-2.21826038587923,-3.27027083589559,1064.29,"1","2",NA
"1430",3.77646554410568,-0.298382031311223,-0.592870974186969,-2.10333097194374,2.73899264170561,-1.42126187655695,0.650383717146562,2.98492950762586,1.80019843768749,-0.795456342450489,-1.39171139374835,-2.0848585743083,-3.26309768376518,1064.79,"2","2",NA
"1431",3.78683220352687,-0.481373200316955,-0.524685968603022,-2.11991006403031,2.76537182863429,-1.37298891733415,0.638182262196398,3.0041036554809,1.81438852204085,-0.770499316340969,-1.2750026430284,-2.07630642654817,-3.38811193567732,1065.29,"1","2",NA
"1432",3.75258703926112,-0.587376001344255,-0.574983803707392,-2.12010480940743,2.75429076594055,-1.40961114012363,0.643531006520633,2.98985708480555,1.77991291180185,-0.696248354650925,-1.21030931672927,-2.00067056653794,-3.32087481582884,1065.79,"2","2",NA
"1433",3.79613725513232,-0.286738645090162,-0.599342105498781,-2.17647448593599,2.79026871059749,-1.39764135981898,0.69818255387859,3.03276347621428,1.83757377908938,-0.751649582005029,-1.3315148962946,-2.2392585675903,-3.37230613267823,1066.29,"1","2",NA
"1434",3.81534335432047,-0.37481110208666,-0.589597000598979,-2.14486340115218,2.77137369761053,-1.41198697307322,0.650240838145696,3.00803848653337,1.81344378695397,-0.764774259472343,-1.29452288035154,-2.11875665531446,-3.35912789151467,1066.79,"2","2",NA
"1435",3.92238010426063,-0.383863531385438,-0.456124509882216,-2.22571912620379,2.81305078806624,-1.47882183235149,0.541521485009508,3.01630408793341,1.83857672128589,-0.69892099909782,-1.24376099254537,-2.27405758517846,-3.3705646099111,1067.29,"1","2",NA
"1436",3.97735118792695,-0.391375391827205,-0.493009525744218,-2.35292723687248,2.84540636077846,-1.4179275179589,0.599800153238665,3.0443702656728,1.86289302488432,-0.670454575471718,-1.31852486703624,-2.33154206625545,-3.354059811335,1067.79,"1","2",NA
"1437",3.98526620401092,-0.435487775514601,-0.599391184740838,-2.53144780547067,2.83174402512017,-1.4736758345631,0.594652882230873,3.03554631362875,1.84709321003349,-0.75542273287208,-1.34329874730964,-2.11374478239116,-3.0418337721621,1068.29,"1","2",NA
"1438",4.04165329705144,-0.34908756801064,-0.525635862239231,-2.54847030866333,2.88789860116286,-1.41215198615322,0.639373406957142,3.07815110485408,1.89405022032827,-0.7562479836066,-1.19213413508423,-2.49046348938897,-3.26693529720756,1068.79,"1","2",NA
"1439",4.03558111259338,-0.405807022800747,-0.530328831758103,-2.60415492529721,2.88330676819049,-1.3501540775433,0.668562966198627,3.08274694935788,1.88934069789808,-0.755290565391371,-1.29754206541746,-2.2716127795759,-3.34464822645436,1069.29,"1","2",NA
"1440",4.02563338168016,-0.400850451181709,-0.515473926547724,-2.39052357196356,2.85410364507086,-1.40726869173699,0.640631001104639,3.07546087813862,1.87791834462973,-0.793968285360469,-1.27678812172122,-2.43492338783169,-3.25395081428064,1069.79,"1","2",NA
"1441",4.00573258599501,-0.508631310298415,-0.5509647366635,-2.4825042414284,2.85870638133532,-1.40832450761638,0.662497906318364,3.0724276735116,1.86823269311504,-0.738692594610021,-1.19624405957511,-2.43973657541206,-3.14249921467145,1070.29,"1","2",NA
"1442",4.01321661698815,-0.472372558938082,-0.563255634977402,-2.57251806541078,2.8725545933025,-1.35290064393733,0.718388887666303,3.08846662827491,1.88038072496443,-0.761579926152154,-1.25454993377693,-2.08181047137218,-3.51402021663143,1070.79,"1","2",NA
"1443",4.0341672992454,-0.334016595266491,-0.506289619635081,-2.74172845372946,2.8987508707021,-1.33723673355767,0.784533863177313,3.13051629986935,1.91304244311463,-0.649019719105579,-1.23413286056433,-2.33904963886998,-3.61953715538021,1071.29,"1","2",NA
"1444",3.9862522008448,-0.505803865050818,-0.52789482286501,-2.63450626989677,2.85395858918804,-1.30936633193021,0.796469296446241,3.08234021526919,1.88157024937386,-0.836177091445558,-1.21351030058395,-2.27627885934181,-3.297053010008,1071.79,"1","2",NA
"1445",3.95698158297755,-0.355403264875664,-0.579279915662409,-2.49407453346031,2.83264489054448,-1.29485233189297,0.817220609923395,3.07639318048751,1.86786122147617,-0.862606201107165,-1.31980390658256,-2.30173226210464,-3.34334906972339,1072.29,"1","2",NA
"1446",3.93275681125597,-0.558135892421465,-0.617953238226245,-2.53419907964747,2.83479899872003,-1.25077975949037,0.867240403456375,3.0754013115135,1.86196742893067,-0.858710472795051,-1.42594816214159,-2.11351541590806,-3.21292293324631,1072.79,"1","2",NA
"1447",3.90168965795562,-0.512286152174071,-0.558147847410173,-2.40269948714951,2.8237260732157,-1.24053600669835,0.855397050871968,3.08655136961999,1.86655620138879,-0.845552596584433,-1.17182854527075,-2.71957551612643,-3.08329420163834,1073.29,"1","2",NA
"1448",3.87958800722377,-0.543279508148258,-0.574702632636097,-2.36243795156443,2.85567939908772,-1.25416696998996,0.82249477527274,3.07759509624908,1.83387281794628,-0.820058466166648,-1.35596150205168,-2.3445270249979,-3.21409604022461,1073.79,"1","2",NA
"1449",3.86329097226996,-0.449319369488859,-0.6019811002145,-2.38982133463966,2.81411246348342,-1.23853914851653,0.796109553335164,3.08451374757547,1.82035424591336,-0.820992854284802,-1.3815655292211,-2.26615991895392,-3.230001727258,1074.29,"1","2",NA
"1450",3.85342949667563,-0.623364901756175,-0.569381093756999,-2.42307986242534,2.83659298276651,-1.30931843781971,0.787497514615673,3.09106146774524,1.79846173115,-0.841940630651642,-1.25455216024694,-2.00176656207716,-3.34363954421908,1074.79,"1","2",NA
"1451",3.82837007172795,-0.539508696937129,-0.608647534975543,-2.29636114717674,2.80861239128103,-1.2832710319468,0.762670834054098,3.06934245786641,1.77487386871982,-0.822069253098814,-1.15147725922081,-2.18772730617395,-3.35480739411952,1075.29,"1","2",NA
"1452",3.89621001271882,-0.600063157769701,-0.537147209255196,-2.379709656607,2.85292095501589,-1.26404374864528,0.747675310937348,3.12225174591074,1.82131034585424,-0.735586186185004,-1.48237980113757,-2.18440090428623,-3.25703770655108,1075.79,"1","2",NA
"1453",3.90888405205064,-0.380667496858397,-0.55297218427573,-2.42918361140078,2.80181690995417,-1.2663653036763,0.739831263445432,3.07451192172567,1.78918138857064,-0.771766400440701,-1.42964745007234,-2.27929733035998,-3.20432575866234,1076.29,"1","2",NA
"1454",3.93439783923143,-0.370321234737784,-0.541205556595862,-2.29478667351419,2.81667610528466,-1.33244408237792,0.683215081867666,3.07337073032696,1.79509248808531,-0.760371088676977,-1.42469540516833,-2.00834299131356,-3.57058521241139,1076.79,"1","2",NA
"1455",3.84848142390078,-0.587916664866192,-0.596607185609395,-2.02323874806137,2.7623743006924,-1.35754993998483,0.692621219394896,3.0321940915752,1.75405879095497,-0.806869822543653,-1.40518692316927,-2.14754694653469,-3.16481359574885,1077.29,"1","2",NA
"1456",3.80242146735438,-0.468433538418725,-0.615808944887038,-1.87718755920965,2.77245969110499,-1.35068966509925,0.720563409079406,3.02866328270844,1.78483505072315,-0.851222588793062,-1.36517499168413,-2.31218177878873,-3.26824383408978,1077.79,"1","2",NA
"1457",3.78666853287675,-0.468021137627931,-0.602648790428862,-1.82295404354377,2.80294324054684,-1.29276311272472,0.764134834641281,3.08268066418303,1.77492980894363,-0.818604265647542,-1.45417427189241,-2.21818015435084,-3.53401130497546,1078.29,"1","2",NA
"1458",3.74651309521309,-0.575501532916063,-0.665005497899568,-1.58907164691652,2.73579593619464,-1.32697428042886,0.681121057999175,3.0157081766802,1.71241879725261,-0.782487374089739,-1.38360289293191,-2.27444341033367,-3.29447042782339,1078.79,"2","2",NA
"1459",3.7608348912738,-0.633238482276167,-0.605252839310414,-1.6452669088173,2.75693926733663,-1.33342009177451,0.662104453930448,3.01869122911239,1.7502858481454,-0.801132223662381,-1.3417188945892,-2.27552320895607,-3.31330304041262,1079.29,"2","2",NA
"1460",3.77344984831383,-0.524198514267389,-0.632743608938836,-1.77649755327172,2.76990673964397,-1.37031120459857,0.67339668773287,3.01783402005969,1.7697024219614,-0.787785490365996,-1.27644402648764,-2.26220831172281,-3.37410100805881,1079.79,"2","2",NA
"1461",3.79617690776583,-0.655293353417284,-0.535448523269939,-1.68610374101909,2.81291919142288,-1.39665376811948,0.697721133955623,3.06911077083181,1.77746538223691,-0.759952782362033,-1.28910035204037,-2.32321660857688,-3.50762425740798,1080.29,"1","2",NA
"1462",3.79911414350564,-0.485818591463044,-0.564800847035131,-1.84085119125709,2.81453505405688,-1.40789294256873,0.697342988427724,3.05813205996186,1.79730024665468,-0.828089513342651,-1.40263372684025,-2.28178100893754,-3.35455667116234,1080.79,"1","2",NA
"1463",3.85751008535596,-0.588242402527573,-0.505276104731752,-2.20027884392494,2.87416834137556,-1.33505319493092,0.751437194689085,3.0900535618529,1.88382262993728,-0.727822700501421,-1.33907734523064,-2.34565059423216,-3.41559062713139,1081.29,"1","2",NA
"1464",3.83931022555692,-0.492561899922701,-0.498037936449646,-2.26960724942734,2.82071871763501,-1.36968593068827,0.71829927975887,3.04796542007284,1.86802121897149,-0.723970122944268,-1.24832507368401,-2.18984843103889,-3.50227821784002,1081.79,"1","2",NA
"1465",3.82002748181264,-0.445670263284449,-0.560165827146377,-1.94215483304827,2.81979876463281,-1.36225702831648,0.721984227211248,3.06619982756994,1.83600814489028,-0.788884131842294,-1.44436824446903,-2.36731021521391,-3.3532079027961,1082.29,"1","2",NA
"1466",3.83444245571735,-0.535169559928239,-0.53303753780043,-1.98151408960516,2.83102738129793,-1.40236527460493,0.701540105607253,3.0575012645984,1.84498748954534,-0.78890265301787,-1.32711353654744,-2.28938938166342,-3.41200666359878,1082.79,"1","2",NA
"1467",3.86087236369746,-0.49974596821645,-0.565156057609405,-2.11511306013637,2.79582005514868,-1.42079285891406,0.692222904595087,3.02660082959515,1.86430529729224,-0.787842978433521,-1.36641717655371,-2.13009166102951,-3.35466168943558,1083.29,"1","2",NA
"1468",3.94704862331979,-0.562497560758483,-0.556646571772683,-2.30049870586505,2.83194596373036,-1.48902344139846,0.7087821934788,3.03893423330222,1.91480053714022,-0.821484724252844,-1.33015108281891,-2.22947975610585,-3.15172970799909,1083.79,"1","2",NA
"1469",4.05270555544506,-0.374962269814869,-0.534243045173157,-2.3430462763645,2.89356860348658,-1.41560715700773,0.700995584657639,3.08514318925026,1.95966958562086,-0.769444676105914,-1.26940690862777,-2.48364937959117,-3.50172280577526,1084.29,"1","2",NA
"1470",4.02685482088014,-0.520325838038316,-0.466630903731127,-2.71507822622915,2.84652483606002,-1.44835421133973,0.619730599520956,3.03929676822891,1.91090559153522,-0.759240197797411,-1.20222114180083,-2.04278184114939,-3.28868025613931,1084.79,"1","2",NA
"1471",3.96960375526168,-0.373904493449319,-0.475494278862726,-2.76688653027632,2.81617817181008,-1.37107240881583,0.666034187059946,3.02826159585801,1.85485857315857,-0.73462774967855,-1.2419650859914,-2.22861492990158,-3.14237080617255,1085.29,"1","2",NA
"1472",3.92502155135753,-0.590059976788192,-0.53415999008061,-2.74834719463641,2.82296087135913,-1.25347045299066,0.780662822187924,3.04969396228643,1.8810830861888,-0.818111347674539,-1.12654436423136,-2.15058795740196,-3.23814100957609,1085.79,"1","2",NA
"1473",3.916180232953,-0.5805361855186,-0.597838877070519,-2.63389004235641,2.8309471072577,-1.27175978412667,0.83758481810377,3.0451644621039,1.88281415594067,-0.827907509114797,-1.27350834201229,-2.18525916736355,-3.14199086879622,1086.29,"1","2",NA
"1474",3.89922518766018,-0.403022309432324,-0.617989669462356,-2.69315465437493,2.78575209156716,-1.28400818263405,0.8337496099288,3.02805684095627,1.87643994500055,-0.836234524718919,-1.28435582734466,-2.10095227499614,-3.20350623214959,1086.79,"1","2",NA
"1475",3.9001006489128,-0.371600646403809,-0.5205009726603,-2.77436698900553,2.82581458181243,-1.23901274473079,0.834841594561333,3.0549827844471,1.88533925320659,-0.851283669935079,-1.3149807438803,-2.10439303875722,-3.32494005756721,1087.29,"1","2",NA
"1476",3.9267545340591,-0.438393399403199,-0.578668577345004,-2.83945123018222,2.8517554026177,-1.23770835396992,0.873355693020361,3.08881652012821,1.91126628171874,-0.782918179299252,-1.30187241339182,-2.22889064063155,-3.24404563732114,1087.79,"1","2",NA
"1477",3.90843677105118,-0.404394529143083,-0.579240405832413,-2.85303904781755,2.83545333775256,-1.19978874476299,0.863239380484503,3.06872725087854,1.8895566482699,-0.734212440941986,-1.38041017690759,-2.21795566821236,-3.19637237481871,1088.29,"1","2",NA
"1478",3.8808067777482,-0.350567854557019,-0.607449718692777,-2.74114121348442,2.82554089710933,-1.18657674572244,0.87202641889382,3.06642182566012,1.88410389387914,-0.817974519660438,-1.42682035198962,-2.24712270803481,-3.15124670114909,1088.79,"1","2",NA
"1479",3.81811537664821,-0.421971463310624,-0.551239084129754,-2.63135154163482,2.82587792203393,-1.198506658939,0.864138622246696,3.0540072203571,1.85364348811149,-0.829575294163297,-1.26436999490314,-2.40525932178554,-3.11350927053124,1089.29,"1","2",NA
"1480",3.81233012197304,-0.431100126962925,-0.588207202143786,-2.40515163312545,2.79812491159957,-1.14739130433972,0.880041151773956,3.07491592616903,1.87628523440374,-0.851435397550541,-1.39655009479516,-2.39563278811624,-3.22622879888551,1089.79,"1","2",NA
"1481",3.76129959683492,-0.404829213574385,-0.597414684109932,-2.4571711327969,2.76499897114986,-1.12849639455166,0.917281326426512,3.05515524678284,1.87401887222443,-0.833942966237444,-1.33787099881732,-2.29616510527711,-3.31686351805382,1090.29,"1","2",NA
"1482",3.73227244955164,-0.45703309695065,-0.583590975767266,-2.33495805434534,2.76600314423375,-1.14212491059936,0.868672407774562,3.04015862665196,1.85501418399853,-0.837109821204003,-1.26949049733674,-2.32799631563654,-3.30981714037056,1090.79,"1","2",NA
"1483",3.77434740931511,-0.324466807452336,-0.552002999720501,-2.5227708613473,2.78912941554444,-1.21973925099713,0.862463414194119,3.05847092314193,1.87446456153071,-0.764787255125593,-1.274705596141,-2.29067599829853,-3.40972695464392,1091.29,"1","2",NA
"1484",3.75901215128113,-0.415452403059942,-0.535480673029082,-2.52387303848384,2.75351766502115,-1.19975592231584,0.844604126548467,3.03445539859093,1.86722872263884,-0.813339009178369,-1.34394589294745,-2.06247608055843,-3.36449504450757,1091.79,"1","2",NA
"1485",3.76824987873019,-0.474423502379066,-0.609099815644751,-2.52053872454634,2.75625546508673,-1.20300314006136,0.837756962118157,3.03083502987471,1.84735392939495,-0.782228647795741,-1.33630657089129,-2.16017571503887,-3.15467514884731,1092.29,"1","2",NA
"1486",3.80493121755431,-0.281535244879837,-0.572920045709091,-2.46903953026139,2.78689825681148,-1.21829540498199,0.831188551685927,3.05218606579721,1.87142954531328,-0.773315994329102,-1.34143970472003,-2.25963701486476,-3.43045069741601,1092.79,"1","2",NA
"1487",3.7787711402706,-0.463162551582629,-0.545530386030278,-2.55949878736181,2.79935027798931,-1.19055147222111,0.856325701884159,3.04954828919285,1.84438905117503,-0.804720502687753,-1.3331040838961,-2.0815649024401,-3.35025177429219,1093.29,"1","2",NA
"1488",3.72492186022182,-0.396738912838325,-0.622693351797365,-2.43868858313501,2.77354445359972,-1.19043012676074,0.856940187977303,3.03571841522132,1.82083709216457,-0.805709721294118,-1.28470891344843,-2.38296690627581,-3.09002549363494,1093.79,"1","2",NA
"1489",3.75180291986035,-0.339091904179609,-0.551261360973105,-2.39513895660995,2.76955996238185,-1.21807558364095,0.816397706400513,3.03498429405404,1.82649475942153,-0.774878427717699,-1.38879468981544,-2.24581882766388,-3.28617989151763,1094.29,"1","2",NA
"1490",3.74251516943442,-0.371618735549052,-0.597077833629906,-2.33549132215267,2.75077829872414,-1.22792820296447,0.77689114450161,3.00241651166638,1.78975607208195,-0.80328621605124,-1.47275734135027,-2.13682062735718,-3.1173769173537,1094.79,"1","1",NA
"1491",3.78527113907861,-0.410778454336575,-0.572076695674706,-2.39253253857698,2.76317303167382,-1.20952023686638,0.817967697413554,3.02446023584464,1.83350402548159,-0.824326093131837,-1.27267732688923,-2.30880164566652,-3.23366313834999,1095.29,"1","2",NA
"1492",3.7674890478506,-0.359917050302762,-0.55695764413354,-2.3267601434429,2.72831546774616,-1.25010482469349,0.739431513765596,2.98197170785075,1.79881266249684,-0.791688418591568,-1.23309591039216,-2.11653281739524,-3.38096359075829,1095.79,"1","2",NA
"1493",3.81955253364476,-0.421127263111703,-0.57628065033271,-2.33522764385916,2.77986255717835,-1.30626374948089,0.76384475711833,3.00023033147943,1.85190639381932,-0.773387945698635,-1.22815649913725,-2.29918770737596,-3.27576511424388,1096.29,"1","2",NA
"1494",3.83540515076337,-0.356373787240847,-0.591685004236628,-2.29234892139365,2.7959931708768,-1.29233355949688,0.73475734577896,2.99346368493209,1.85381348897165,-0.81527349437909,-1.15486585833655,-2.4090360665294,-3.30151614970983,1096.79,"1","2",NA
"1495",3.86833352823637,-0.408180043390548,-0.589067572516638,-2.34143087460377,2.76649399098925,-1.34540891302153,0.721619454410469,2.99026057659845,1.82378962532858,-0.82084629952536,-1.21881743383612,-2.1757792054412,-3.27096683322794,1097.29,"1","2",NA
"1496",3.95423095075601,-0.372429740597427,-0.540370271555675,-2.50815685337185,2.8300765136514,-1.32560473596384,0.77814038892974,3.04734739968454,1.88765441137239,-0.758074580680496,-1.31477290858824,-2.35545755260924,-3.32258302102731,1097.79,"1","2",NA
"1497",3.94662099052872,-0.387264087722207,-0.561035710113175,-2.66116031247238,2.84285557178438,-1.2933959512825,0.79776534377639,3.04439662855341,1.90614573979233,-0.77907465382098,-1.22496033809919,-2.17469142021113,-3.45620180071366,1098.29,"1","2",NA
"1498",3.88254183722804,-0.399734476233051,-0.54760728231268,-2.62758980317801,2.82596608665512,-1.31385061886878,0.783562671706973,3.02914845699864,1.89118274896461,-0.797377666435981,-1.22094123106635,-2.24204276914519,-3.26325795431334,1098.79,"1","2",NA
"1499",3.89703985528579,-0.436005412290932,-0.542903207267644,-2.53940886267019,2.84700761372431,-1.29711719404212,0.795952860639252,3.05184530073866,1.90547641614078,-0.77716045376779,-1.22043466564975,-2.31522418684757,-3.3690680639928,1099.29,"1","2",NA
"1500",3.90282815627253,-0.348701506099863,-0.492896112056745,-2.81578647121154,2.83705052680412,-1.28639126645097,0.831335722097122,3.06707393881006,1.90920834966059,-0.78584047062608,-1.2600739581336,-2.21105024799564,-3.34675666106999,1099.79,"1","2",NA
"1501",3.91524921588471,-0.413111700616146,-0.549621019957454,-2.70370264682437,2.83276874406313,-1.26161692607607,0.811639211063812,3.04634035986473,1.90637351793257,-0.807551834862603,-1.26479321249449,-2.1545738463842,-3.35739986159363,1100.29,"1","2",NA
"1502",3.93635809970937,-0.595045082087477,-0.619617230757762,-2.44164546701512,2.82283665865598,-1.31258151236887,0.819318518772033,3.04123923584264,1.93114749171182,-0.826792378893241,-1.28944237442734,-2.246026589091,-3.21974937005103,1100.79,"1","2",NA
"1503",3.97248682974787,-0.621299333438015,-0.614879060077535,-2.45208814657181,2.81635572987893,-1.33640088415112,0.84366367095484,3.04519770557621,1.94000532783776,-0.844949085724816,-1.27936788574997,-2.2824761773828,-3.18624869089955,1101.29,"1","2",NA
"1504",4.00222332270184,-0.620233256236167,-0.596497671346717,-2.54057698869326,2.84229568954058,-1.32223922623582,0.811279500992358,3.06520154038215,1.93956406157997,-0.812929328413672,-1.2994046200128,-2.15363491717565,-3.31504810708279,1101.79,"1","2",NA
"1505",4.00478490667253,-0.443863104448113,-0.516849808964555,-2.68615934014603,2.84713575441498,-1.3263315522143,0.828011297638651,3.05183226740195,1.92463678159063,-0.8496453205342,-1.2744445643658,-2.2293014401128,-3.32980587693294,1102.29,"1","2",NA
"1506",4.01760029923116,-0.345894684346368,-0.588579772419448,-2.8161714304174,2.8289645126526,-1.32782150135365,0.837843291700344,3.05838374749984,1.94876092761909,-0.830687345981877,-1.28154458770124,-2.17779673951157,-3.32305671697147,1102.79,"1","2",NA
"1507",3.97020786880148,-0.584879282221561,-0.526610374097585,-2.72150006044642,2.80703621769191,-1.30239169533825,0.866506544479074,3.03739698392322,1.92630157646062,-0.846818858120948,-1.26746298427194,-2.1689772630223,-3.18880867383729,1103.29,"1","2",NA
"1508",3.96541781268277,-0.444497147139649,-0.514776276556912,-2.76508688129891,2.83528280008401,-1.27281107932273,0.894964869714985,3.02121969188221,1.95669242866844,-0.880231237928678,-1.17667594785821,-2.45513901376815,-3.16436001915916,1103.79,"1","2",NA
"1509",4.03628013622313,-0.412452941438674,-0.557727024059498,-2.66942060957652,2.92040483425682,-1.2203253472176,0.947206699129021,3.08222508595448,1.99650316594617,-0.870281033050844,-1.23222191859486,-2.49204955794242,-3.5281414896292,1104.29,"1","2",NA
"1510",4.03880699148823,-0.526502411566709,-0.519271235686444,-2.64255541523046,2.87699892436121,-1.25486147375614,0.927726596057334,3.05873094953498,1.96799244199175,-0.85289899619918,-1.31243132557762,-2.34131027623105,-3.4204247691859,1104.79,"1","2",NA
"1511",4.05873222813918,-0.459013716126339,-0.500434511089568,-2.75907594433223,2.85435098515479,-1.28429491704439,0.907912088299851,3.06043204098633,1.9439494978279,-0.78041225889913,-1.21034139697222,-2.61555524133827,-3.2162488546059,1105.29,"1","2",NA
"1512",4.01832879948232,-0.449178339436754,-0.679739019904708,-2.81406731576695,2.76483633890238,-1.3598444792159,0.776518789912248,2.9598846428607,1.80579681510921,-0.995812920080326,-1.30661837162966,-2.20242033814822,-2.51768460208434,1105.79,"1","1",NA
"1513",3.97345063740945,-0.559226670498038,-0.601436729896811,-2.70963886873102,2.77240905229925,-1.31338050145078,0.769133239266026,2.98636945060318,1.82126608667004,-0.830637846427615,-1.31920942246333,-2.1731778078722,-2.81592061890817,1106.29,"1","2",NA
"1514",3.96091272919521,-0.570299790099748,-0.603183142080522,-2.73856983985483,2.84457922032593,-1.18919754245142,0.875851930613794,3.09099522765278,1.86951096907251,-0.83304372722794,-1.21716704746154,-2.10794301627622,-3.382445971408,1106.79,"1","2",NA
"1515",3.97324618711688,-0.587481728278967,-0.526401521076962,-2.56974704699992,2.83603131713495,-1.20227168951316,0.881365336527596,3.10513358153594,1.84153865596423,-0.810288522560191,-1.32048303238917,-2.22735454234684,-3.39328699511439,1107.29,"1","2",NA
"1516",3.96409240675158,-0.478245938365627,-0.600682149156361,-2.57978526556744,2.81307494100049,-1.20385694669673,0.862154107414802,3.09398034361894,1.83611427453849,-0.819989571544781,-1.34649640690745,-2.46422692493317,-3.07613287015278,1107.79,"1","2",NA
"1517",3.94522004648855,-0.598846587247601,-0.566051163109422,-2.6135759816066,2.80756954290913,-1.24468478504743,0.819444694112108,3.09248687710747,1.81111469996684,-0.744984080335258,-1.19053040033694,-2.23360676001583,-3.28355610288501,1108.29,"1","2",NA
"1518",3.92550193992833,-0.527938602089836,-0.542817368882138,-2.49423901414381,2.81927876839501,-1.32984337570742,0.786416547498428,3.08747517185264,1.82498264868226,-0.809621856312363,-1.25717389521657,-2.14710534053796,-3.33491562346656,1108.79,"1","2",NA
"1519",3.84732240098807,-0.429369847289448,-0.540374173783906,-2.2010713374729,2.79978580952727,-1.33093594609437,0.727565958502214,3.0429740587128,1.77114565889079,-0.787700078177622,-1.33057950338876,-2.28260451705017,-3.28615848336397,1109.29,"1","2",NA
"1520",3.85768338303391,-0.506747826115613,-0.591090273884299,-1.92288038533406,2.80605816081434,-1.31382806493155,0.77042532497226,3.04837746757582,1.82577286808327,-0.812953500085973,-1.29293393307003,-2.37879365784074,-3.48908956321734,1109.79,"1","2",NA
"1521",3.87003420703536,-0.485998987136088,-0.60194460414436,-1.90657138438975,2.78244264815539,-1.2966919272806,0.763254768914874,3.0184304006667,1.82256408878637,-0.913780558269569,-1.40760360707455,-2.47028856434299,-3.17384648092078,1110.29,"1","2",NA
"1522",3.84801480122363,-0.50117742455282,-0.560686424148706,-1.98854477248541,2.77917080313148,-1.35486309196874,0.712055063028288,3.01375807943692,1.81648216897354,-0.896137260704184,-1.21013459240008,-2.3320520060495,-3.32588534348443,1110.79,"1","2",NA
"1523",3.81917810905821,-0.608639080927015,-0.588058373226994,-2.00790603597552,2.79125711658879,-1.29203842884986,0.776150453716328,3.05536751579182,1.80007097167209,-0.76957217553438,-1.28154231081992,-2.23087550773493,-3.46339225375862,1111.29,"1","2",NA
"1524",3.81021071481958,-0.785393722752146,-0.631412319268923,-1.96994084615929,2.80583523616556,-1.24252635340666,0.864942010711193,3.08294808340638,1.80380652302635,-0.807355076526853,-1.26971740577263,-2.16617408801875,-3.4952227562238,1111.79,"1","2",NA
"1525",3.82415070465935,-0.663694853983927,-0.610674443450302,-1.90255321256968,2.78378443843819,-1.1802991705137,0.896349427875419,3.08456588488165,1.82303956837391,-0.774158158358175,-1.39184692766653,-2.48083861834765,-3.40782463933856,1112.29,"1","2",NA
"1526",3.8100427390326,-0.6117417216103,-0.606898315306386,-2.0261006143472,2.75733274899384,-1.26569308755542,0.857591091988592,3.05485290425863,1.80398708131507,-0.868248438045176,-1.20501354331689,-2.2810358183799,-3.41907502702746,1112.79,"1","2",NA
"1527",3.89092623722894,-0.582831939943535,-0.632632631218031,-1.99929296748275,2.80512288608356,-1.1976587118817,0.889548216914954,3.11257458047578,1.84809791297771,-0.841230788261646,-1.19889442411803,-2.55925293026239,-3.53447544051288,1113.29,"1","2",NA
"1528",3.86493872304585,-0.549481462417339,-0.629018225228072,-2.17809933712127,2.78265074901945,-1.20473837871707,0.849000857895913,3.08807191472315,1.77344958518601,-0.84560768199436,-1.31829497605102,-2.35377635119656,-3.27909541714466,1113.79,"1","2",NA
"1529",3.88193043867115,-0.462675864383061,-0.613758723699291,-2.17668429477165,2.81125652342913,-1.25093002286556,0.811891083506628,3.10846863682037,1.75046943131821,-0.823361078311432,-1.33030777500012,-2.32214333734556,-3.38415501736882,1114.29,"1","2",NA
"1530",3.87981494124258,-0.664460914798517,-0.624790662415368,-2.04788171072268,2.83536031325712,-1.27414015921046,0.786638905748612,3.15319211617571,1.75975272804107,-0.815200154024875,-1.35079681252769,-2.27660031469278,-3.36088827607273,1114.79,"1","2",NA
"1531",3.78006730823815,-0.641202238449583,-0.606201906309546,-2.03944100169463,2.80269400328658,-1.19682699061985,0.814139961863745,3.18707342637491,1.68620416726371,-0.786868781888439,-1.3774827898271,-2.12876114694962,-3.49339401128833,1115.29,"1","2",NA
"1532",3.71913234148581,-0.725772390064047,-0.536432432841074,-2.04610878339214,2.82645086735842,-1.18672618378986,0.835507260780854,3.25610391203366,1.64089057999022,-0.667657599733275,-1.22899206931831,-2.34448614496067,-3.54190935754956,1115.79,"1","2",NA
"1533",3.65855518687117,-0.612225442614734,-0.560852999863535,-2.21487938961337,2.84008871001963,-1.09551946875101,0.836098655730344,3.36753461997554,1.51685772150236,-0.594184322654633,-1.27650721320953,-2.39061888221168,-3.47434717518055,1116.29,"1","2",NA
"1534",3.70329373223782,-0.581712404894806,-0.581259129975812,-2.1384600846514,2.77327196342539,-1.17635339725123,0.808164770112158,3.27673508916011,1.59813368629851,-0.581863542203338,-1.33834078453929,-2.27414433063702,-3.48746556708109,1116.79,"1","2",NA
"1535",3.8347401436199,-0.456475257604371,-0.613825176163687,-1.92562902794736,2.71953247824945,-1.35567882837931,0.710538575959052,3.00827689488126,1.79927784999016,-0.889857923998893,-1.1946724657844,-2.38635328346385,-3.24987397935795,1117.29,"1","2",NA
"1536",3.93437415776709,-0.709312035834233,-0.665017485802664,-2.06469058583148,2.81691415390727,-1.26921330695188,0.802369319603294,3.09148914037559,1.83739389679186,-0.852705683810502,-1.34245044432987,-2.25874117620403,-3.32040994968045,1117.79,"1","2",NA
"1537",3.995371080905,-0.442623290292732,-0.558621399643588,-2.14699534371952,2.82242729045642,-1.29863459572118,0.801093750306493,3.1070822837976,1.81841553512669,-0.783286635248379,-1.19831509325894,-2.59168116498097,-3.5242324177269,1118.29,"1","2",NA
"1538",3.98221197893491,-0.619473572602262,-0.520339049529571,-2.3892464029236,2.84539497923293,-1.27681219413931,0.811342138627681,3.12668358991338,1.81835538862779,-0.784411972149278,-1.36014904265851,-2.40290925340072,-3.23064658793343,1118.79,"1","2",NA
"1539",3.95056689500472,-0.757611041057601,-0.57708145346517,-2.1176895600466,2.82571256582254,-1.31508069608461,0.812387384293947,3.12029756676891,1.78833374797789,-0.778531480372916,-1.29248658034215,-2.34674859469224,-3.31206875380672,1119.29,"1","2",NA
"1540",3.96549252384789,-0.581747992219803,-0.585391586843673,-2.21021184571705,2.84167803676459,-1.26126718089496,0.863915742104952,3.13500839952044,1.81404103478344,-0.7473153334027,-1.24669674342908,-2.47266035973175,-3.51484469478231,1119.79,"1","2",NA
"1541",3.8958063579746,-0.526580603329022,-0.631363012681778,-2.4057705978705,2.82029535981186,-1.30943288370052,0.794312410994674,3.07488861088729,1.7914825963642,-0.875110370803354,-1.34959092605514,-2.05466125927628,-3.22427568231603,1120.29,"1","2",NA
"1542",3.92897136609802,-0.438618002784561,-0.619651176321061,-2.64317493990723,2.83395675805262,-1.33273833266485,0.817474999330371,3.0690222479865,1.83525336840325,-0.779799779167521,-1.20747217657658,-2.12949624715884,-3.33372808529013,1120.79,"1","2",NA
"1543",3.99242604913437,-0.62942245899744,-0.541062464136517,-2.84803723157764,2.86334180947933,-1.32478039948507,0.797620283333386,3.10886477177345,1.88060760189057,-0.801491271274112,-1.247436902156,-2.00219075025508,-3.24843903772925,1121.29,"1","2",NA
"1544",3.97653776686318,-0.577326461964191,-0.568941027357989,-2.78006544238324,2.86112443067131,-1.30527040429307,0.795734129062283,3.09619681461609,1.87456120430088,-0.82905832938485,-1.09257268023558,-2.24496454455138,-3.20595545534345,1121.79,"1","2",NA
"1545",3.95558646857998,-0.482158537921743,-0.544648985230286,-2.75745743232315,2.8344829707663,-1.30744725681716,0.794878578696267,3.0873893943498,1.88438539965315,-0.782332673819378,-1.10908803305738,-2.20798963172317,-3.36560026115324,1122.29,"1","2",NA
"1546",3.98347275878727,-0.412937800081078,-0.535618253277443,-2.75960716620714,2.86904920250748,-1.30306876046242,0.840423970827392,3.10241776203507,1.91279743424678,-0.783962418208951,-1.20484525011974,-2.25066124224273,-3.4574602378045,1122.79,"1","2",NA
"1547",3.95000183258284,-0.599740439401635,-0.577608109378307,-2.64816517387695,2.81926946535706,-1.30240079384262,0.821858918012274,3.06892840266956,1.86699849997342,-0.783681485549083,-1.23065421526205,-2.02053607729171,-3.3642708239928,1123.29,"1","2",NA
"1548",3.95639300702839,-0.463014435176287,-0.568358245048064,-2.63617368002326,2.82747339128428,-1.39843143314397,0.760079752308483,3.07372392081314,1.85829369631468,-0.789374091602463,-1.26652972021675,-2.21541441319165,-3.13866774934652,1123.79,"1","2",NA
"1549",3.93730435183151,-0.598143494048674,-0.559713034913522,-2.68764583177835,2.84515914538567,-1.27757774117935,0.75730369640611,3.10708840996831,1.84960681588096,-0.758613720510387,-1.27079115252549,-2.1286279511851,-3.21534949333169,1124.29,"1","2",NA
"1550",3.91127617802263,-0.549597976735574,-0.583660407269823,-2.61612756945551,2.87600751902491,-1.25886912099196,0.815862735931719,3.1556373248326,1.82280159837043,-0.774325587741557,-1.15628930501325,-2.2986312342933,-3.34408415468132,1124.79,"1","2",NA
"1551",3.87247689889349,-0.45572979350269,-0.551381176571042,-2.44638165304139,2.80256639142963,-1.25717531883175,0.739513234108438,3.11608156881728,1.78430432032463,-0.798391420828378,-1.25618407473936,-2.18594022493109,-3.36375875112777,1125.29,"1","2",NA
"1552",3.9401587066948,-0.419431289398411,-0.626492622754188,-2.38543887707279,2.78306349076669,-1.24558362987064,0.817221982400197,3.14304991887899,1.79633802615273,-0.844392513197123,-1.42467807615921,-2.37184744986925,-3.16196766657179,1125.79,"1","2",NA
"1553",3.91795373978598,-0.610485100371375,-0.581502564635882,-2.37343208743122,2.78569944626889,-1.21764248865423,0.810936794948973,3.15794683099799,1.75141198758577,-0.85517005566299,-1.29891735034217,-2.37854718809799,-3.10825196439173,1126.29,"1","2",NA
"1554",3.77576883210781,-0.634641378536979,-0.538508692479409,-2.36056414180979,2.83286340807711,-1.23378969491286,0.862408740040188,3.24702609433726,1.6667864913277,-0.672388153328817,-1.22528159132589,-2.24340904965913,-3.4762708638372,1126.79,"1","2",NA
"1555",3.77807618136961,-0.623993748142798,-0.613052367872989,-2.35563311482014,2.79425528861703,-1.16648631068855,0.844046845617599,3.20372574606597,1.70767409987814,-0.636857232525456,-1.34220571861563,-2.18696312366843,-3.40258654521434,1127.29,"1","2",NA
"1556",3.86726950813697,-0.500318369466454,-0.593714269216481,-2.24925422774385,2.8132090544238,-1.20408297116826,0.824330084320184,3.13890225724022,1.81117382919613,-0.678003737687006,-1.29668258572897,-2.35047952569959,-3.58234904660669,1127.79,"1","2",NA
"1557",3.86408125096456,-0.554434413329455,-0.559290363305273,-1.95980181167174,2.78899837351872,-1.35432455274163,0.702081509550686,3.06238381188224,1.80465401776603,-0.765221231954759,-1.35396529281321,-2.31113040324247,-3.3640308946237,1128.29,"1","2",NA
"1558",3.88737739031186,-0.601030158127752,-0.593019889476655,-1.98595652997822,2.81293613995756,-1.42409738582276,0.629836470343222,3.04168082052245,1.8339242048492,-0.722799568252367,-1.2454197685112,-2.21716394930045,-3.41626777651488,1128.79,"1","2",NA
"1559",3.85997295480911,-0.473919945767594,-0.600140925302016,-2.10885102394424,2.78625056851768,-1.42169188522892,0.637319016680863,3.02277718456255,1.81059214504687,-0.765051386421931,-1.34616385790991,-2.2208671382138,-3.18022570682865,1129.29,"1","2",NA
"1560",3.85362999985603,-0.508156949924144,-0.581440629790569,-2.18440078677998,2.77318670468328,-1.3809416886222,0.669859042776675,3.02531027097391,1.79696154611984,-0.801542507868498,-1.24276803413961,-2.19087854222467,-3.22881842506009,1129.79,"1","2",NA
"1561",3.92637818200827,-0.428937894638726,-0.544839015302852,-2.22612538276877,2.81304847591093,-1.38934793121969,0.691239742390772,3.06539488455831,1.8493455115381,-0.770573401451031,-1.34669275561777,-2.3590265365119,-3.27986387889565,1130.29,"1","2",NA
"1562",3.95179660573266,-0.545275649661756,-0.614046391154984,-2.34905667165184,2.81612683755817,-1.38539683595824,0.727925716167477,3.03886603731727,1.86793354148889,-0.802806304666065,-1.38577612668913,-2.08577525640162,-3.23451550208082,1130.79,"1","2",NA
"1563",4.02559209491578,-0.591083158517842,-0.576865751807372,-2.43595570737303,2.83287686325495,-1.37621689128494,0.722561598435601,3.04591405500471,1.91470939693068,-0.777673703517349,-1.25825944209362,-2.21168029402514,-3.31391905992242,1131.29,"1","2",NA
"1564",4.03422938095458,-0.413659178900278,-0.62552649325359,-2.2882074888224,2.81777897384433,-1.4330729209744,0.694933772278103,2.99582475459312,1.93702407092008,-0.756913926053555,-1.29191864335709,-2.38554871531361,-3.2849435859153,1131.79,"1","2",NA
"1565",4.01576502079211,-0.540117535559995,-0.557716246695343,-2.28055048284156,2.80020078919516,-1.42396150330436,0.699866240502835,2.96747488211631,1.93432306089079,-0.828519809699369,-1.30613379188234,-2.38843944485274,-3.09219117866149,1132.29,"1","2",NA
"1566",4.00987448912287,-0.412215709573131,-0.589098875657464,-2.07539337704454,2.79507372316811,-1.42068960683931,0.746272441460926,2.9751452938154,1.92304985089359,-0.934405091989437,-1.35501536723781,-2.45136008123814,-3.21123768888107,1132.79,"1","2",NA
"1567",3.93700554082266,-0.464101306262074,-0.603247730043401,-2.02717621411723,2.7859809464767,-1.37238990142973,0.750908132167818,2.94408466325768,1.93272853821532,-0.921183818151498,-1.19068926983424,-2.42834947014385,-3.34357011095816,1133.29,"1","2",NA
"1568",3.90050291978464,-0.51895573966155,-0.589939685531939,-1.91911295668984,2.74361953787308,-1.44934729991974,0.68254216482498,2.90502965701065,1.89297752722684,-0.88628079437552,-1.1916624439267,-2.17925887133301,-3.39011401528189,1133.79,"2","2",NA
"1569",3.94346681129355,-0.367633062977921,-0.544062216306543,-1.90520744617359,2.71701390729583,-1.48667025649807,0.625142084323786,2.86899462442631,1.86073964670859,-0.823848405653039,-1.22697354946436,-2.36682528204305,-3.29413685493148,1134.29,"2","2",NA
"1570",4.0825772908205,-0.285366168640037,-0.55456726867822,-1.84333977928155,2.66901094963596,-1.57584052334778,0.565657907321127,2.81779794496059,1.8788009956131,-0.961286744839039,-1.37106452809515,-2.21903792725019,-3.20334214821931,1134.79,"2","1",NA
"1571",4.23957510815163,-0.163683413921721,-0.621022112384655,-1.93624410034844,2.67285571470284,-1.5425305964136,0.628647892994333,2.81938186847599,1.96799326910581,-0.945398069093247,-1.51279599747072,-2.41478518877467,-3.19199437502355,1135.29,"2","1",NA
"1572",4.18658032765795,-0.173591217290504,-0.658339488464571,-2.10506495422564,2.62922001875083,-1.55631627063527,0.648061337778586,2.80382778416613,1.91145141467674,-1.04786876927425,-1.41232904243563,-2.27107293552807,-2.95455820517628,1135.79,"2","1",NA
"1573",4.04997262470081,-0.518420190267941,-0.618898678328459,-2.09023862064079,2.73367266710868,-1.45364932266357,0.716662344001696,2.92758210813895,1.89521880505212,-0.998457677509299,-1.30128149230125,-2.27240308058422,-3.06975948670674,1136.29,"1","2",NA
"1574",3.97453103504181,-0.52600873459141,-0.614656453202961,-2.15684213862789,2.78993227279399,-1.34935052864111,0.740864890553601,2.96853876136264,1.87554052590902,-0.830220108994402,-1.20634637809662,-2.18738516489644,-3.47859797861021,1136.79,"1","2",NA
"1575",3.94654159255408,-0.540979654483768,-0.631271499750014,-2.05888013101653,2.72487545927941,-1.41965938189568,0.674857107506817,2.92488518778897,1.85392461077466,-0.838603593559607,-1.18685685903503,-2.18283714669852,-3.26599569146479,1137.29,"2","2",NA
"1576",4.01323851595115,-0.323336035119836,-0.617181868208854,-1.98853464933055,2.73321257231851,-1.42770893989241,0.655454004120901,2.92098930158938,1.8617031033825,-0.853176458742223,-1.32440616265964,-2.33837264727275,-3.3118807361362,1137.79,"2","2",NA
"1577",4.14040851436602,-0.104192129420785,-0.615590983354378,-1.88444215588998,2.64692122055984,-1.47107722112094,0.643540913340624,2.84522913926422,1.93037492424926,-1.03027274656747,-1.70677678830432,-2.4543074356702,-2.9398152514519,1138.29,"2","1",NA
"1578",4.11625083938062,-0.0181078447690181,-0.537244318599016,-1.99843188944733,2.63796594397087,-1.48933596184339,0.633473904774827,2.82756022331157,1.90275492546998,-1.01573870299754,-1.57918422016821,-2.31885141636305,-3.1611114827203,1138.79,"2","1",NA
"1579",3.98195186950257,-0.333650199412681,-0.686153677197838,-1.94650557048303,2.61107879494706,-1.59862494381107,0.524090256847655,2.74811650554503,1.78389609377247,-1.04333542972049,-1.39947689805307,-2.48221583756489,-2.15917096437171,1139.29,"2","1",NA
"1580",3.87910300923171,-0.630826727458513,-0.717748188519475,-1.79377973289207,2.60493830929003,-1.612865635866,0.557143342486627,2.76559500913315,1.78076208827977,-0.956020895551627,-1.49156765810217,-2.23713732271951,-2.14759559731193,1139.79,"2","1",NA
"1581",3.89469223517157,-0.469784023395315,-0.677940992352955,-1.66666494391498,2.67736046606023,-1.48968190987027,0.679070505400155,2.8707735028353,1.81728203029087,-0.905009036152532,-1.29600308574186,-2.34063608146059,-3.09345866686963,1140.29,"2","2",NA
"1582",3.94981694003265,-0.606433636548268,-0.594053252860683,-1.58976887105142,2.72397135199695,-1.40040102984726,0.732735129868819,2.91544990682315,1.83764805606814,-0.953645935573759,-1.26668090456199,-2.52308324845563,-3.2255545058907,1140.79,"1","2",NA
"1583",3.85103370635411,-0.511697401869772,-0.646251662998761,-1.45643028203578,2.71677151982263,-1.40731817763713,0.720428023085629,2.8805510460155,1.85800157725596,-0.918624071185205,-1.28272323445219,-2.3465817928143,-3.45715924954068,1141.29,"2","2",NA
"1584",3.83139941230851,-0.634601473973642,-0.603625187217725,-1.47992467517057,2.71871539390152,-1.42980199280129,0.735000226989254,2.8990237706576,1.82293403544766,-0.952437705124014,-1.26471431137864,-2.22301343050499,-3.41895406313367,1141.79,"2","2",NA
"1585",3.83412721404528,-0.418757721341446,-0.708884782786293,-1.6033828846696,2.67100543063836,-1.41842721821175,0.729159579046165,2.89601324136632,1.78732338692499,-0.928798723647019,-1.20996611507761,-2.30684829950793,-3.32256310677947,1142.29,"2","2",NA
"1586",3.87604243234284,-0.526089560426707,-0.662307321355813,-1.72362771254186,2.64668701875475,-1.49990124077979,0.652429998791416,2.84173733298881,1.79056857633025,-0.872795912295526,-1.30528827147802,-2.41969460320514,-2.79776073712519,1142.79,"2","2",NA
"1587",3.94481897238711,-0.363201747666728,-0.653103182741049,-1.75082713520434,2.72407294522984,-1.55457360101495,0.69237658992193,2.88711912473672,1.86473089034717,-0.899124650442132,-1.29835779684791,-2.35776240583923,-3.23616800286643,1143.29,"2","2",NA
"1588",3.93113343222746,-0.514968917189001,-0.603513877883338,-1.69369984655775,2.74785912322655,-1.4117101542832,0.755917148986808,2.92595038564555,1.86721722296812,-0.940218429524762,-1.1943914271446,-2.52306146872874,-3.34651319174311,1143.79,"1","2",NA
"1589",3.87370580774396,-0.566107947812732,-0.640015588830201,-1.51225628556686,2.72270774905362,-1.41565541291163,0.780254554136671,2.90339841561214,1.89554904965532,-0.962498375886232,-1.39193328795814,-2.24813467482851,-3.43901400240742,1144.29,"2","2",NA
"1590",3.8751356543761,-0.648832198337569,-0.694617895866768,-1.46464803720392,2.75208260964162,-1.40404596203085,0.798296170053215,2.90658851205185,1.90840693995484,-0.942237800991925,-1.24865918810306,-2.43568762459278,-3.40178117895075,1144.79,"1","2",NA
"1591",3.82834439062096,-0.620973407163602,-0.64690258625893,-1.52076368534602,2.73830822361684,-1.39211239507907,0.805227475968007,2.88865288611363,1.85029617957587,-0.973930153906048,-1.30093009055677,-2.25732604410789,-3.39789079347697,1145.29,"2","2",NA
"1592",3.80967070629612,-0.508658032409104,-0.641370625348152,-1.54529744504549,2.72928373004546,-1.37579005728703,0.772331558186226,2.92399652954521,1.82542128271587,-0.975227199206204,-1.29677141524318,-2.25310286851665,-3.46448616373307,1145.79,"2","2",NA
"1593",3.82803610659412,-0.816545215782513,-0.686187799240546,-1.39828956622867,2.72163455214249,-1.36758233847589,0.779533909614798,2.93106268725894,1.83162363378634,-0.966249467652636,-1.30014852819982,-2.17954401429888,-3.37734395951774,1146.29,"2","2",NA
"1594",3.82740461147329,-0.54984150038082,-0.649582374493363,-1.63119257248816,2.71587168017131,-1.36403213575718,0.798182490719054,2.924444986273,1.8467315856589,-0.946563712882873,-1.31990733084824,-2.38602520520327,-3.26549052224166,1146.79,"2","2",NA
"1595",3.85645834157371,-0.477364508024029,-0.61564412898725,-1.83611840220707,2.73942070954478,-1.37043933395298,0.788320510440029,2.96110231749772,1.87815737972859,-1.00151292602379,-1.30812352988966,-2.38559896824845,-3.2286574614516,1147.29,"1","2",NA
"1596",3.85795641833211,-0.482395381587589,-0.6382225077421,-2.00524076520572,2.73645172786474,-1.37457146976471,0.7802255137278,2.94026421538632,1.85127370572434,-0.921663029019563,-1.30291920836974,-2.31264646873229,-3.12851275061357,1147.79,"2","2",NA
"1597",3.82942850096435,-0.575627623952023,-0.691192309784091,-2.12414236254478,2.73402574264722,-1.36809045745296,0.81419002815844,2.94696067831856,1.85700285923874,-0.911402134497548,-1.15296777514427,-2.1583012813561,-3.19988386459553,1148.29,"1","2",NA
"1598",3.82130243752586,-0.646469256239489,-0.570033476717865,-1.81256255285704,2.75858697272881,-1.33348562740563,0.80388039944339,2.96899513427303,1.86758923273514,-0.907962700800672,-1.26333892268923,-2.33385947649033,-3.35264216350595,1148.79,"1","2",NA
"1599",3.80769992095314,-0.514319793518395,-0.586353397123388,-1.61741639463383,2.74692671417619,-1.38470082408847,0.781458990139105,2.96672524438621,1.84580229770447,-0.932845208860781,-1.30465811641494,-2.33559332325961,-3.4727261094597,1149.29,"1","2",NA
"1600",3.74743436683554,-0.572267456252893,-0.697178105833509,-1.53151313759745,2.70667097870029,-1.42330969180878,0.766832058410393,2.90938746544287,1.79729635998055,-0.904566594193481,-1.01737154679492,-2.44740853442,-3.33400616246861,1149.79,"2","2",NA
"1601",3.77770307842054,-0.523073874493674,-0.667954869917308,-1.48167293293507,2.74507334141361,-1.38836778396585,0.731022131301959,2.93754949287866,1.83886737034529,-0.906115532643913,-1.25320919481719,-2.41531471907254,-3.39450650651452,1150.29,"2","2",NA
"1602",3.79300927076101,-0.751602464876255,-0.629552586255385,-1.43162534863765,2.74383117903934,-1.45301653861897,0.729601668671633,2.97673331874972,1.80182254640646,-0.846740344763432,-1.268445262091,-2.3048290793607,-3.35918635902477,1150.79,"2","2",NA
"1603",3.77883021064854,-0.63044242446966,-0.624988316246369,-1.51076215316181,2.71563389020938,-1.33124227920909,0.744183192815853,2.9553251164555,1.78922572073074,-0.898757405454968,-1.31303889720041,-2.28115818605573,-3.39280846906197,1151.29,"2","2",NA
"1604",3.83575579433407,-0.505047971374476,-0.612397319631564,-1.63108470707029,2.74223899232154,-1.39167455421202,0.765867614220214,2.96501049527943,1.84661108211247,-0.820468709238318,-1.23413834427845,-2.48658450618159,-3.47408786628101,1151.79,"1","2",NA
"1605",3.86307730768736,-0.587369553793883,-0.618135981473314,-1.80663558320254,2.74121153616428,-1.39233333945998,0.787773135801496,2.96503285638525,1.88050014186745,-0.83491282453961,-1.25148137232932,-2.28129593050046,-3.46543039260673,1152.29,"1","2",NA
"1606",3.88045368124177,-0.626804211894913,-0.579886577290696,-2.0194663769948,2.79398048790892,-1.28903937962754,0.8915246681041,3.00135170274663,1.9140369722643,-0.870355308377191,-1.27352495720558,-2.31176313230125,-3.51050756857375,1152.79,"1","2",NA
"1607",3.84062608587638,-0.667319037094263,-0.679143205458069,-2.10777665789987,2.75696332456739,-1.26507746782431,0.908473601733222,2.96565750633212,1.89753723711754,-0.941437505607334,-1.18624421338352,-2.33824624930615,-3.18401341905314,1153.29,"1","2",NA
"1608",3.86407904776064,-0.735599271734977,-0.629266902376765,-2.05604706705728,2.75725824665264,-1.2767350395152,0.931599382867752,2.97841051953814,1.90467272749938,-0.876530558708872,-1.15244149471044,-2.28921973384069,-3.42017985637432,1153.79,"1","2",NA
"1609",3.84924146679186,-0.547990034433337,-0.658599017231012,-2.03190727798899,2.77615450856636,-1.21829968400195,0.936546099064498,2.96265221571737,1.86078805435849,-0.922628221516689,-1.21503703836713,-2.43002677710789,-3.36089429385158,1154.29,"1","2",NA
"1610",3.90992981457789,-0.696210917446165,-0.618457077072247,-2.23561041569221,2.83285527907043,-1.26147303870524,0.951900846721444,3.00827439225176,1.93377296143995,-0.880787183284538,-1.13070699961199,-2.52386637625156,-3.28962128599753,1154.79,"1","2",NA
"1611",3.92810218300717,-0.796960736439846,-0.620965085854934,-2.0275944575176,2.81857014290351,-1.26160851420719,0.937807825140399,3.00008144666806,1.91833195659471,-0.871037414096703,-1.21790301507381,-2.51842630944059,-3.28839802168318,1155.29,"1","2",NA
"1612",3.93100286484744,-0.511797857303418,-0.639835081632274,-2.17497087542852,2.75079585462382,-1.28488809928103,0.882165081768328,2.97621240963558,1.86234979721343,-0.954960176007336,-1.30483970140397,-2.25370004028873,-3.27753417674331,1155.79,"1","2",NA
"1613",3.98449147203315,-0.784663072953271,-0.640775190978487,-2.07826076258215,2.80528327506611,-1.28926362756069,0.907923474836891,3.00800112937584,1.93219906769555,-0.86940014581462,-1.26034354658817,-2.36619032915721,-3.34900174337293,1156.29,"1","2",NA
"1614",3.96577238156459,-0.898742087948265,-0.615930514387313,-2.07255019222793,2.79495129065126,-1.27183065821356,0.894562123946009,2.97930930120766,1.91679093343315,-0.869148979800955,-1.26894835037344,-2.3128035711086,-3.2414316767426,1156.79,"1","2",NA
"1615",3.96522554255661,-0.668793376644486,-0.666005432688482,-2.26540170949833,2.80423354034566,-1.24189172537173,0.919804203975686,2.97800278211455,1.90181754757959,-0.88018458644448,-1.24872405008637,-2.32301622368826,-3.27506651214995,1157.29,"1","2",NA
"1616",3.98771666581853,-0.643966457857603,-0.622721869244522,-2.30401437117812,2.80050601092743,-1.24093803233679,0.906961478436923,2.98663248633346,1.94026956977189,-0.942851015632226,-1.33486508605617,-2.38656477422713,-3.14616460475566,1157.79,"1","2",NA
"1617",4.00329024618659,-0.566530432261733,-0.617470093931984,-2.53397885592191,2.81589378710604,-1.24390364562584,0.921483173068938,3.00120690463668,1.92257435361598,-0.863378572346111,-1.23939623297198,-2.3900967622415,-3.20969386931318,1158.29,"1","2",NA
"1618",3.99988407680873,-0.461606224234681,-0.573885341199545,-2.58246659721763,2.82074849134861,-1.29306949554249,0.900188487478155,2.99941523426881,1.91302197614475,-0.890234312911039,-1.15505177865929,-2.31838165552606,-3.35856286075833,1158.79,"1","2",NA
"1619",4.0423697091279,-0.582189833411548,-0.542286481661299,-2.54784163601222,2.85591946936302,-1.253693451354,0.938056160211969,3.0445680711216,1.96945543525052,-0.846708497276065,-1.29088043190828,-2.48098506100105,-3.30578345245054,1159.29,"1","2",NA
"1620",3.99419299819986,-0.468913582021999,-0.572943289273352,-2.73350797431796,2.80926852251463,-1.33034485970031,0.851242946553425,2.98920173975995,1.9326626765278,-0.868098513251038,-1.23107558531518,-2.01913789695164,-3.35254718272419,1159.79,"1","2",NA
"1621",3.99388445178002,-0.367896809516471,-0.630846611231101,-2.74346480422867,2.84471553822973,-1.3549240924824,0.868303672471776,2.99635703197679,1.93277705056946,-0.851455306942122,-1.1613842210061,-2.29352620551942,-3.23253969410149,1160.29,"1","2",NA
"1622",4.04736167933009,-0.305574862801068,-0.520129914170007,-2.7821689127697,2.88291059547394,-1.30229675656678,0.873807577463198,3.03737345843478,1.97597813288398,-0.793886410599578,-1.1478768759949,-2.46672995631926,-3.4987677543647,1160.79,"1","2",NA
"1623",4.02285802147213,-0.513003288285707,-0.543685770133129,-2.76917519754497,2.87391888456491,-1.38167963507944,0.840659314850278,3.01037062440693,1.96527858991229,-0.825098229571315,-1.1369226073447,-2.13120874971703,-3.41231195753025,1161.29,"1","2",NA
"1624",4.02168088982115,-0.515537823045574,-0.553252385801171,-2.78048804155343,2.83168010339495,-1.31626238135661,0.865635425425666,3.00621141799175,1.97744476457846,-0.868320550076379,-1.13618130346851,-2.14544849180077,-3.38716162410955,1161.79,"1","2",NA
"1625",4.01247444027209,-0.467328988594157,-0.551637545894949,-2.85013961178076,2.83212263231068,-1.32867047229262,0.87069411162186,2.99854890506453,1.95246095838664,-0.827232490110643,-1.02498805849439,-2.41842334531721,-3.19788053517108,1162.29,"1","2",NA
"1626",4.01807075597294,-0.416493153220914,-0.599174486957047,-2.87477888760349,2.8343715239763,-1.32079074346688,0.855818831764447,3.00325609345246,1.93979464933121,-0.906112376894854,-1.11867381887853,-2.23099121013829,-3.18429717733736,1162.79,"1","2",NA
"1627",3.98565458722449,-0.37242866136919,-0.593181717275188,-2.73342345798199,2.81344914405506,-1.29620900643484,0.829698149013286,2.98391841244975,1.94003288216549,-0.825097834712396,-1.13750941808121,-2.24860474295111,-3.34629833610215,1163.29,"1","2",NA
"1628",4.03132668569223,-0.563094209102468,-0.552387656631606,-2.7806403413667,2.8397722688144,-1.297857770561,0.853870207221015,3.02466547468351,1.95393604665593,-0.817059049748575,-1.11326995854788,-2.12632497066242,-3.45293672644645,1163.79,"1","2",NA
"1629",3.99713019387499,-0.423049380510071,-0.552034078335147,-2.80858355648487,2.80737784795335,-1.2937883201352,0.822749304089785,2.98807321943332,1.91895901199038,-0.857237380453167,-1.19059723043057,-2.14774936491547,-3.26125026607733,1164.29,"1","2",NA
"1630",3.99936195163441,-0.40960096772508,-0.623519893234658,-2.69296848951698,2.82987215789873,-1.27590246973033,0.841215628895859,2.98251485319496,1.92220828136756,-0.85834366031708,-1.23971931719328,-2.30759013997555,-3.16752793529857,1164.79,"1","2",NA
"1631",3.98155299351567,-0.34633483183257,-0.616126071938565,-2.66377502581754,2.80736312546853,-1.3359604794146,0.846449610179861,2.97186455615341,1.94019716394799,-0.87042951343385,-1.25594551214635,-2.13274669473403,-3.32610931994795,1165.29,"1","2",NA
"1632",4.00316656150173,-0.463727932697541,-0.585421194654681,-2.84859572596688,2.80514749965335,-1.3407589262667,0.817049796926254,2.9852134193738,1.94997844699468,-0.824917758805498,-1.20058920343489,-2.15460144666928,-3.14194353595434,1165.79,"1","2",NA
"1633",4.01277742891509,-0.518648484188349,-0.561229590810848,-2.7572513155233,2.83381640176839,-1.31024141936359,0.854626911175641,3.00506249235788,1.94964372793245,-0.862297508182583,-1.19788723470216,-2.12957044339494,-3.31880096598368,1166.29,"1","2",NA
"1634",3.96985803143519,-0.56397749654834,-0.680212400490127,-2.82465046062945,2.79293862828069,-1.29295995231655,0.853994549374813,2.98118118953584,1.91220115111384,-0.869725150224105,-1.17605279020956,-2.00233957356249,-3.10025572575975,1166.79,"1","2",NA
"1635",3.98588125100525,-0.386136093480218,-0.597337107351175,-2.82073933795252,2.82340156647989,-1.31737904411124,0.834850168296744,2.98558031565599,1.94850904511453,-0.897197316257783,-1.25819017272091,-2.29106030385768,-3.01018297082089,1167.29,"1","2",NA
"1636",3.98985248191027,-0.431863317674485,-0.589430331884441,-2.74571401986275,2.844664036508,-1.25583564460114,0.880880163171689,3.00424166489864,1.93979629644795,-0.90843063654712,-1.17163720898812,-2.21544126116124,-3.34108222221727,1167.79,"1","2",NA
"1637",4.02431963942859,-0.495731380038019,-0.546270229015532,-2.76063108859474,2.87191677472735,-1.21984596942632,0.927255809606446,3.03288084701685,1.96619469553768,-0.836730081031215,-1.12518513025488,-2.48975613445934,-3.34841775349686,1168.29,"1","2",NA
"1638",3.9654596605935,-0.339324208771741,-0.610214017444088,-2.86071734520506,2.80556539712287,-1.28031590888615,0.875525060657173,2.98591376898562,1.93554063145411,-0.859552185216122,-1.17290200441648,-2.2792363391785,-3.16574250969513,1168.79,"1","2",NA
"1639",3.9869710112126,-0.514828463843845,-0.596235093276054,-2.97741492454126,2.81118255224024,-1.29329338993274,0.908433564677499,3.00607646250202,1.95700377294033,-0.812042243629121,-1.13543439263041,-2.19175330249981,-3.14866555321945,1169.29,"1","2",NA
"1640",3.9708093121443,-0.512429787579233,-0.591697353215962,-2.8251738004827,2.81496728335927,-1.28206964472515,0.878865684206295,2.99727732512035,1.94236052182397,-0.806496173140145,-1.156275066457,-2.22272831034831,-3.2074099907057,1169.79,"1","2",NA
"1641",4.00333665861851,-0.313689087298413,-0.568860969212572,-2.84744007390409,2.882737273545,-1.23766092277021,0.904229894097111,3.02992279296754,1.96122802036639,-0.778721345665624,-1.22849122021036,-2.39096612596868,-3.41562489456461,1170.29,"1","2",NA
"1642",3.98582823232434,-0.464818847529254,-0.580039869439994,-2.67141556469434,2.82535316430626,-1.28653463137159,0.876682713112697,3.02087933412271,1.94167514834091,-0.85340299054529,-1.15393188762978,-2.25285391766633,-3.38742088333033,1170.79,"1","2",NA
"1643",4.01235174857898,-0.58205402009448,-0.552742036130295,-2.7798195766162,2.84517031051646,-1.25256410534086,0.859815064536663,3.03640219599889,1.97828069299761,-0.821693071876012,-1.05983978978227,-2.30032380299112,-3.38298360979735,1171.29,"1","2",NA
"1644",3.97755782013404,-0.267395087357484,-0.561273860593983,-2.89358807005974,2.80475272489256,-1.31623847217714,0.812467586297509,2.98111594477285,1.93356007592415,-0.832962800179379,-1.17900019044738,-2.16257061544438,-3.29642505576163,1171.79,"1","2",NA
"1645",3.94317652116067,-0.423022399653282,-0.538736444452813,-2.68928065980568,2.79266021636241,-1.28930619478171,0.862242702109745,2.99118337243988,1.91927222814155,-0.879773284454223,-1.17333639624951,-2.2495161605907,-3.26556350022632,1172.29,"1","2",NA
"1646",3.96957898041757,-0.389928244948838,-0.587816329919878,-2.68513113519543,2.82581357745124,-1.25287947299041,0.908629068552195,3.02924099237436,1.97488613613228,-0.817799823382377,-1.29178952856013,-2.30593933197236,-3.37686488795822,1172.79,"1","2",NA
"1647",3.94790179629136,-0.422058546045777,-0.538362413053799,-2.78645683242475,2.81367439588885,-1.23036063985584,0.878141083227678,3.02152218368896,1.92500500634047,-0.856446693623192,-1.17982222349288,-2.30658756556315,-3.26614955137794,1173.29,"1","2",NA
"1648",3.95887998542681,-0.341901240440235,-0.523755295472544,-2.78466095894344,2.8283574213843,-1.31783715370818,0.851091408487784,3.0092880716302,1.95707398903251,-0.809350028523219,-1.27183153710893,-2.21068226700765,-3.34467239475741,1173.79,"1","2",NA
"1649",3.93165837617121,-0.474537882334301,-0.682830304683636,-2.76173135450273,2.7674861466535,-1.36754315978411,0.730926346578305,2.8916876729135,1.84124622775656,-0.926962084020746,-1.25190681547089,-2.2777765063099,-2.41971666296676,1174.29,"2","1",NA
"1650",3.92729398239432,-0.404037674693368,-0.689757933435669,-2.73849964024843,2.6949690931857,-1.4659300824839,0.685583315271073,2.86576721876632,1.81414072449378,-0.940629693723356,-1.23930606570404,-2.37787212199387,-2.13172112182856,1174.79,"2","1",NA
"1651",3.89329622074464,-0.324307209946485,-0.609783637650695,-2.69668337017631,2.76118787986581,-1.33399412126774,0.809400877384876,2.96388528556252,1.87996410616734,-0.875193835731995,-1.22436465569034,-2.26736391997103,-2.9760436192906,1175.29,"1","2",NA
"1652",3.90161282645775,-0.577087920648281,-0.615256555850758,-2.66874957366289,2.79831862976763,-1.23835989267778,0.869354644937442,2.97891541097077,1.88373146354179,-0.834421003115079,-1.26821285582746,-1.99840130806775,-3.2314438658254,1175.79,"1","2",NA
"1653",3.90808901198971,-0.447845212322624,-0.648297836373911,-2.72700164286721,2.81231078383226,-1.26681003554528,0.853316504969965,2.99565276217682,1.90083017171472,-0.814949452558342,-1.13903146005721,-2.29821186219263,-3.12805173276626,1176.29,"1","2",NA
"1654",3.89625876542547,-0.607365411362812,-0.59223184652899,-2.64922708255656,2.79015166616615,-1.2255880609005,0.853933863400657,2.99245270919651,1.90141219360327,-0.861704435364823,-1.20238663879169,-2.03162672331943,-3.26407899896724,1176.79,"1","2",NA
"1655",3.92433478944933,-0.516972116451922,-0.614344437228779,-2.4890114325624,2.83246231686362,-1.25439412323509,0.878766557510556,3.02112216954192,1.94037521767661,-0.847686428127168,-1.16028692326399,-2.44455966999157,-3.26980592018111,1177.29,"1","2",NA
"1656",3.89784161817766,-0.452104727285536,-0.558910140081646,-2.55002667568311,2.79997620675918,-1.22514695955714,0.883921709679728,3.00020996360062,1.91763654461671,-0.842111085847997,-1.21718132878129,-2.33728602452345,-3.31681910107373,1177.79,"1","2",NA
"1657",3.92189149754644,-0.434220760527618,-0.599870641711662,-2.46328212884242,2.83370176223614,-1.20461755616982,0.940115145576659,3.0357201853313,1.93250714747045,-0.823839759563452,-1.23726955982195,-2.56454504144897,-3.3362902900751,1178.29,"1","2",NA
"1658",3.83096396435078,-0.542581824367704,-0.629484334120821,-2.47836379628785,2.74528367836957,-1.21059834020207,0.888037371195089,2.95831637445661,1.86236528128791,-0.89435009179558,-1.31872016679985,-2.06394854237561,-3.14691957371047,1178.79,"1","2",NA
"1659",3.85172888030531,-0.340837355016147,-0.623365748786763,-2.43538933593387,2.77578451499789,-1.22763658125245,0.882938076605968,2.97994197723903,1.89056505499395,-0.866474929648199,-1.33133300523896,-2.28813472921353,-3.26778681905224,1179.29,"1","2",NA
"1660",3.84434821847301,-0.487817379986976,-0.653867156613194,-2.48627693180412,2.76152050285634,-1.1997554833838,0.880278650905968,2.97669977578835,1.86831123696242,-0.883297599409436,-1.15427335056133,-2.27348722622066,-3.19238325700658,1179.79,"1","2",NA
"1661",3.82193476317093,-0.438985152900433,-0.60673033112321,-2.36115969219849,2.75144261101792,-1.16426194996753,0.903267556584753,2.97768426346084,1.89169919313864,-0.881285438047254,-1.24811891070633,-2.46055985725434,-3.1849270551755,1180.29,"1","2",NA
"1662",3.82374665570079,-0.527979661275394,-0.670617916726946,-2.41165657590482,2.77843321692675,-1.19324840528599,0.914417836942086,2.98767358973195,1.89042831863248,-0.858574467039539,-1.27741875812773,-2.22292632081459,-3.23227751275905,1180.79,"1","2",NA
"1663",3.82255788684596,-0.463144102815124,-0.577445503253747,-2.3698501337945,2.78415186082265,-1.21142975915472,0.938174182612756,2.99936857559307,1.90662773474029,-0.891595384437062,-1.23822945330498,-2.43174613462282,-3.26743976923176,1181.29,"1","2",NA
"1664",3.8125761259203,-0.657389702036962,-0.624684996463032,-2.12825179838522,2.78419475108408,-1.21903040592598,0.900245597790452,2.99461316705574,1.90901992421122,-0.854275913250661,-1.16645785610631,-2.39822533825976,-3.35233355563387,1181.79,"1","2",NA
"1665",3.77560082432534,-0.510061590636361,-0.652324078311858,-2.03709081459084,2.74657748158598,-1.24119847573905,0.843280859970744,2.95439808189092,1.88178787698829,-0.896192203782299,-1.30730950085111,-2.19078931263332,-3.36667914821643,1182.29,"1","2",NA
"1666",3.79189161332596,-0.464185851877647,-0.678886942348963,-1.95650590661499,2.74092799832926,-1.31906438219411,0.793329069998516,2.94307272837685,1.87716497650367,-0.861279148053187,-1.2662145109564,-2.32008494774558,-3.28016469674339,1182.79,"1","1",NA
"1667",3.78624463123004,-0.398960800966684,-0.612369571017198,-1.91573870108684,2.72311227778261,-1.39449883933719,0.74622613471113,2.93662435894118,1.86879669278065,-0.870247304025309,-1.23668921033774,-2.41727508196552,-3.21522458670913,1183.29,"2","2",NA
"1668",3.75745554405079,-0.464032101518666,-0.720996910229984,-1.91386611348317,2.67472193623824,-1.32456419241951,0.780358598808165,2.90840458750412,1.82554486852108,-0.786514457691188,-1.23383182765201,-2.19003490086257,-3.3126450312653,1183.79,"2","1",NA
"1669",3.74764778071139,-0.371858664384106,-0.665096895758893,-2.01039234708007,2.72755208670815,-1.2306421027941,0.841887315197266,2.94904819590697,1.86442176728166,-0.860639181474327,-1.30426639900127,-2.44838604498989,-3.23927551032277,1184.29,"1","1",NA
"1670",3.726712039794,-0.404738249182922,-0.667654655783253,-1.99258802164339,2.72688623525858,-1.25851834910066,0.847364314240015,2.94249127393266,1.8408349117288,-0.845744072031757,-1.29567908116155,-2.31781716669042,-3.30154917936011,1184.79,"1","1",NA
"1671",3.76875704645395,-0.527796218527599,-0.692147839836613,-2.05851735948857,2.75824387030598,-1.22457646393743,0.869244066024408,2.97494206333101,1.91549640613235,-0.869388825064109,-1.16368425495287,-2.25122789081179,-3.49934459962871,1185.29,"1","2",NA
"1672",3.76656293850465,-0.420463760870955,-0.588512411888178,-2.02577630981251,2.7304778208098,-1.25966010938597,0.876768363667477,2.94819683673101,1.88839577910287,-0.84620233653377,-1.26461061454583,-2.29113309521645,-3.51404310056214,1185.79,"1","1",NA
"1673",3.76071467168966,-0.481542070047423,-0.681977221991821,-1.95815555347782,2.70372361919034,-1.31480461231824,0.821524303763644,2.9189247739301,1.87283725191616,-0.906416949767477,-1.30348678738558,-2.18579558496274,-3.2455458405388,1186.29,"2","1",NA
"1674",3.78938242469007,-0.550806276445616,-0.691941254025601,-1.89728379920828,2.72176460742582,-1.28058527617668,0.878688643515104,2.93601866556964,1.886214838632,-0.872657244512646,-1.32430629028245,-2.31685266698193,-3.27763637219942,1186.79,"1","1",NA
"1675",3.77011865976562,-0.504348227487316,-0.688710898854897,-1.77392818859922,2.66501418891948,-1.32799366237465,0.797262368982734,2.90540551121274,1.87375659917629,-0.894492902973206,-1.3549041325275,-2.14951746308463,-3.31766185215543,1187.29,"2","1",NA
"1676",3.80608975385824,-0.514321846449245,-0.622578669658288,-1.9189429269747,2.70657977015291,-1.35528388838736,0.812867149065446,2.92127501240539,1.86215933184531,-0.904096530941104,-1.32555477191565,-2.25590850351712,-3.21228387948382,1187.79,"2","2",NA
"1677",3.83353954670496,-0.566381792790538,-0.637887440751334,-1.90154042668621,2.71150881748146,-1.28878531621695,0.855737063828775,2.92403903697245,1.88089208464635,-0.935262642408774,-1.28943445612939,-2.22788448617225,-3.35853998847856,1188.29,"1","2",NA
"1678",3.83396225798549,-0.46796208851919,-0.703565859236865,-1.98410459684731,2.69279979776645,-1.29679211679484,0.888148097448654,2.91118973225428,1.87729851718239,-0.91058362122689,-1.22619671556718,-2.38409023919085,-3.23010316525413,1188.79,"1","2",NA
"1679",3.87637633141554,-0.44849483017043,-0.706483593276201,-1.89802398711036,2.70485507961481,-1.25128089695695,0.89813592584743,2.93840765406315,1.86628527621424,-0.97047610071157,-1.44559631205179,-2.21723881119508,-3.3464657356828,1189.29,"1","2",NA
"1680",3.87110630449972,-0.351066663041321,-0.67032343935021,-1.86339791116381,2.69806880182716,-1.26044580974142,0.909008684934898,2.9298609691989,1.8794337410431,-0.986085497580525,-1.37986442968583,-2.43385311971429,-3.34244163122636,1189.79,"1","2",NA
"1681",3.88296578724967,-0.656333066409224,-0.664473263543741,-1.80555246674646,2.73436407409157,-1.2550356321603,0.930503805586839,2.94046723558839,1.89925890820143,-1.02511586109277,-1.42106976948089,-2.46050624354918,-3.09947350773533,1190.29,"1","2",NA
"1682",3.85094589182378,-0.444294087363805,-0.666262780504891,-2.07650283522113,2.76474727340664,-1.25110058639627,0.96919897063649,2.95427325951456,1.89525947484709,-0.968700639070908,-1.37862923248317,-2.24005127750716,-3.40888343168119,1190.79,"1","2",NA
"1683",3.83283700962379,-0.5250465516437,-0.633842420941976,-2.04051594439852,2.76046002407057,-1.24735121617009,0.937059405768982,2.96036023470237,1.90859614534485,-0.979510907660095,-1.23955451364624,-2.28640763323867,-3.44708363181128,1191.29,"1","2",NA
"1684",3.80067169086787,-0.419336696449581,-0.729263658035574,-1.81731467427796,2.73204234646357,-1.24315317534016,0.919969268632817,2.93412263369315,1.87173837587842,-0.95096861892006,-1.35206323763742,-2.40318010900218,-3.3432641458729,1191.79,"1","2",NA
"1685",3.81257528214891,-0.552607906522474,-0.688854906790188,-2.03863125910468,2.74552271383259,-1.23873751442377,0.924260446089799,2.94811702925173,1.90468321901673,-0.981696465359196,-1.26211600149697,-2.35793108554402,-3.21458355109844,1192.29,"1","2",NA
"1686",3.84342278759089,-0.449586335650521,-0.663999269281329,-2.12436132247411,2.74887114909611,-1.23798735163795,0.926371650255756,2.96215766664025,1.94639903520279,-0.937756517572465,-1.21470911829912,-2.54995241842451,-3.2488699554458,1192.79,"1","2",NA
"1687",3.85342122608476,-0.430200741339424,-0.639153794834251,-2.03922247841897,2.76574738958902,-1.25912171264564,0.931547555352457,2.95050222391357,1.94163804662382,-1.03992746259803,-1.46056971090636,-2.20968673373775,-3.36497380708322,1193.29,"1","2",NA
"1688",3.81804370250537,-0.479878532098122,-0.710927825952232,-1.97014705790706,2.72620871542883,-1.30089778061369,0.852078597156371,2.92094515129502,1.89173537573993,-0.969830088639385,-1.26262013597722,-2.2264215901481,-3.28828853078972,1193.79,"1","2",NA
"1689",3.85649910547387,-0.461514063994897,-0.667544705573393,-2.06660099059467,2.74922408848726,-1.37092445005931,0.826300127276912,2.91955476517021,1.90358169601105,-0.959343114933707,-1.23892797715287,-2.35573128922282,-3.13457319088764,1194.29,"1","2",NA
"1690",3.92449473213543,-0.524898547347977,-0.525712415709008,-2.16842879011582,2.83855224833283,-1.29127796657893,0.886064615232168,2.98905303607141,1.96580804163688,-0.831524520560564,-1.16605303611216,-2.60336432053276,-3.4927130764515,1194.79,"1","2",NA
"1691",3.86943915542701,-0.626196756394324,-0.621417184048701,-2.17055936794346,2.75585266550684,-1.28539833095961,0.904882144972372,2.9300760384745,1.89340045765192,-0.891174709468229,-1.23616720609695,-2.29747843759974,-3.22525846952165,1195.29,"1","2",NA
"1692",3.90633737292467,-0.452188483285159,-0.647508440150488,-1.96501835719933,2.78176735025621,-1.26798767661299,0.895327923792025,2.94234867299567,1.91350553803686,-0.949299065869185,-1.25069617950293,-2.57962050896386,-3.32696814642149,1195.79,"1","2",NA
"1693",3.91625598006018,-0.681185848303154,-0.548536878552178,-1.9227041519214,2.78630127938896,-1.29589213785248,0.896189315445476,2.96387140471662,1.91799300063523,-0.871974486951418,-1.30800941839249,-2.47530017778073,-3.3770078804926,1196.29,"1","2",NA
"1694",3.9056541585645,-0.611845780372242,-0.633147967144935,-2.07779870867528,2.76218419611859,-1.25348562720998,0.877728058844817,2.93294119240787,1.88126032499614,-0.954760593172024,-1.31342624778808,-2.30774135578259,-3.20756165078678,1196.79,"1","2",NA
"1695",3.92443686668732,-0.60545134112194,-0.640237457207355,-2.12819296016892,2.77824221538938,-1.15920825743775,0.922625330938645,2.969506878724,1.89840942836303,-0.931329011311757,-1.36064180217881,-2.33322717686192,-3.33493271381393,1197.29,"1","2",NA
"1696",3.90765454388858,-0.500517265256317,-0.627272904395705,-1.92221486459215,2.76897807153579,-1.18136950537316,0.914186467003452,2.96679558445625,1.85735836191907,-0.938750365542339,-1.32489066115709,-2.58331182414565,-3.33664563834071,1197.79,"1","2",NA
"1697",3.89143367390676,-0.554145646878789,-0.644275895555024,-2.16121856018139,2.78004696351393,-1.27823221919321,0.814752817489116,2.98597372851308,1.85390098271607,-0.900612414224998,-1.25601266073173,-2.3103947566521,-3.22121601272172,1198.29,"1","2",NA
"1698",3.84223269754724,-0.322635808235873,-0.609164002705841,-2.33371142735296,2.80440572854496,-1.25093551994775,0.778982020294821,3.01264764976671,1.80733797630624,-0.779563500301802,-1.34540098620051,-2.37522682303355,-3.22896800468169,1198.79,"1","2",NA
"1699",3.8163069665255,-0.387746688398657,-0.655696711197872,-2.26582344749251,2.78653059654138,-1.20614480437129,0.830763079723534,3.04118984974421,1.81204971137976,-0.840258682543786,-1.40897371433432,-2.14737071556618,-3.37482544000976,1199.29,"1","2",NA
"1700",3.83368697061444,-0.499208225446294,-0.571737402972353,-2.11717662776413,2.79611943042348,-1.39221990572501,0.727741812016595,3.02334765984358,1.7864781279935,-0.760522847930529,-1.26024574154909,-2.28281568459814,-3.28344756490605,1199.79,"1","2",NA
"1701",3.84218298176659,-0.493836099858985,-0.559648279369819,-2.35402127507735,2.80454886930122,-1.2563908225215,0.777282751721145,3.05747142841591,1.79045218127751,-0.726494762863742,-1.26990676916978,-2.21157488172182,-3.40006532189938,1200.29,"1","2",NA
"1702",3.83942851656494,-0.400121766423095,-0.558599103547685,-2.43977800535399,2.80185630888676,-1.28894988027499,0.792763337952843,3.06814331513691,1.8108297155393,-0.767200313143352,-1.25158398596559,-2.22755650286436,-3.37923163650769,1200.79,"1","2",NA
"1703",3.84017819498825,-0.522112877670589,-0.552638844967822,-2.18881804155902,2.7824907378688,-1.29148131756854,0.779731787650555,3.05256609587711,1.80699073602118,-0.792169309176429,-1.19874592146612,-2.37490176848929,-3.34108947150807,1201.29,"1","2",NA
"1704",3.83456229031562,-0.477601597130778,-0.600886659820857,-2.25349916205837,2.76957348793551,-1.31732165259556,0.721811408491445,3.02307713310052,1.74959563523417,-0.740780146526645,-1.28421700761734,-2.20164808334726,-3.22266564598047,1201.79,"1","2",NA
"1705",3.86119973087185,-0.606951351329178,-0.619584555600933,-2.26754680233009,2.80267699896907,-1.29341412959006,0.740998954393123,3.06087396180349,1.77537744306895,-0.783682373438436,-1.13541513656427,-2.19427951959116,-3.34025322066235,1202.29,"1","2",NA
"1706",3.86450417924797,-0.568868933192754,-0.603360998458723,-2.27571724882677,2.81179913894247,-1.2509994775462,0.821821591510409,3.09282319118796,1.80405980259607,-0.679502361724022,-1.21865956956834,-2.34167521661857,-3.45622409754949,1202.79,"1","2",NA
"1707",3.80857522713889,-0.540716560052677,-0.607562267447712,-2.16649089180647,2.7635948123605,-1.30683276047921,0.72483901258519,3.02860745529271,1.74481028453828,-0.783535431952095,-1.17891971086881,-2.07725975807853,-3.40910941123007,1203.29,"1","2",NA
"1708",3.81687264892757,-0.525445601512786,-0.623325959392892,-2.04856821958717,2.79404282241596,-1.3015778070064,0.727074345562361,3.06639301262289,1.73989980536503,-0.765469658136614,-1.29354563530913,-2.35486213923355,-3.23148761471527,1203.79,"1","2",NA
"1709",3.79506868267338,-0.52226831639343,-0.620968945652499,-1.99269351261569,2.76501997583907,-1.31478346023788,0.72451905624852,3.03820839208167,1.74844523858292,-0.775008446425777,-1.33229232502622,-2.24316298943104,-3.27008334964303,1204.29,"1","2",NA
"1710",3.82630392821826,-0.507594346146458,-0.532325127404175,-2.01618573245507,2.81223841973127,-1.32200389065435,0.768365316493965,3.08155755232105,1.78677387451874,-0.780625992379817,-1.20778920410805,-2.34399990633317,-3.56471489180218,1204.79,"1","2",NA
"1711",3.78369281526319,-0.533226166467288,-0.593955197682562,-2.16337828328895,2.7943957803839,-1.31707759765614,0.767712104612414,3.02928998160601,1.78005324632205,-0.769938965636227,-1.27634872353398,-2.22988255954714,-3.2713364343753,1205.29,"1","2",NA
"1712",3.85435926485112,-0.636395414725468,-0.589827070066571,-2.28247010527872,2.81637019546802,-1.32230322403756,0.801823354718983,3.05979378113703,1.83408311667867,-0.718922154904118,-1.22482024174242,-2.38091017809197,-3.210781324007,1205.79,"1","2",NA
"1713",3.85988845796688,-0.640443279226476,-0.555793178422526,-2.34048548042749,2.78638061062308,-1.32369107872225,0.782809705530409,3.04164645296299,1.84231698639343,-0.732174963828697,-1.23501103133199,-2.15816392363353,-3.32727927788382,1206.29,"1","2",NA
"1714",3.88786301884882,-0.433095341697998,-0.598705688323042,-2.38643126745016,2.80271802180735,-1.27152729118387,0.825969533341546,3.05095046573047,1.84236817389499,-0.813196403680022,-1.32622842689692,-2.27069003573777,-3.3099947586534,1206.79,"1","2",NA
"1715",3.89852658893279,-0.501693923141037,-0.584785634991524,-2.46338464514039,2.77996475094197,-1.30702228875167,0.787948389875187,3.01930115099961,1.85362225297399,-0.837789309932446,-1.28203700442221,-2.18528441474109,-3.17736591260318,1207.29,"1","2",NA
"1716",3.9181136897885,-0.610875585465207,-0.61367924855348,-2.54809501818306,2.8091918196626,-1.26970408572511,0.854434808712876,3.04361238506378,1.8504937047898,-0.84033846888018,-1.25705369564294,-1.99519561228138,-3.34090469328619,1207.79,"1","2",NA
"1717",3.94442432350269,-0.584058419379382,-0.587703825239056,-2.49886616724798,2.84077946295087,-1.27886095539099,0.864396617368069,3.06653108246691,1.88327269457377,-0.806127457220782,-1.32047020471169,-2.34135413971801,-3.18196301195442,1208.29,"1","2",NA
"1718",3.98216982928658,-0.519364859195779,-0.481371462756565,-2.55956065611993,2.84582477865198,-1.33563799245986,0.835611098473097,3.08294095307027,1.93262721760838,-0.7271293913856,-1.21283750761865,-2.3271981532549,-3.51607385429901,1208.79,"1","2",NA
"1719",3.938189497656,-0.398156726000851,-0.597918225422407,-2.50217988324011,2.82560791998105,-1.317852721946,0.812274985895319,3.04475582687078,1.89448594508613,-0.827776919484967,-1.31091547594916,-2.15166723199592,-3.40884699144988,1209.29,"1","2",NA
"1720",3.94171987138245,-0.482962305693828,-0.554657309601536,-2.64178930888486,2.80929426161831,-1.24081997382797,0.878445978515029,3.05137634041151,1.88315089828188,-0.787834732340645,-1.16509466345981,-2.33330024392712,-3.3575288124734,1209.79,"1","2",NA
"1721",3.92488618434015,-0.455898737698606,-0.598330908629643,-2.48393104968266,2.80858205977435,-1.27786792059538,0.87121470533973,3.03933000906785,1.88219338079308,-0.880236470906475,-1.18264766480532,-2.25201551229562,-3.39527807470146,1210.29,"1","2",NA
"1722",3.9305795167152,-0.323926524906005,-0.633790493331159,-2.62395407174893,2.80297439700367,-1.2714291531824,0.883140080228247,3.05111003071748,1.8666892656996,-0.799322387014312,-1.26813208458402,-2.27227241646419,-3.34166615913316,1210.79,"1","2",NA
"1723",3.892891089254,-0.319696728872834,-0.575614282353002,-2.76502250333334,2.77736249662956,-1.35101357371919,0.832789582326738,3.02006409531652,1.84785513010195,-0.814534734965346,-1.30149679427746,-2.11665892540037,-3.12692485070723,1211.29,"1","2",NA
"1724",3.89304599534917,-0.382410405256371,-0.615039311549007,-2.74110098399622,2.79310074406165,-1.35590855136249,0.820645694142667,3.00777745182794,1.8570105745309,-0.783097276372647,-1.12289108548928,-2.0853553206417,-3.28577752524461,1211.79,"1","2",NA
"1725",3.92713120615368,-0.477370753896997,-0.626928093898695,-2.88692284531574,2.84429489357775,-1.32044407402026,0.886406551459137,3.06143500273687,1.90816658138342,-0.778317103923224,-1.23561754857599,-2.25010299606297,-3.05173081961699,1212.29,"1","2",NA
"1726",3.85550244772631,-0.455368599710679,-0.696239688550968,-2.87521494384627,2.73923734853226,-1.40419402574042,0.735449161689993,2.95552874327859,1.75156665942178,-0.85024280828411,-1.26891183021754,-2.18285054219127,-2.30426192210768,1212.79,"2","1",NA
"1727",3.91555535666329,-0.528409090282421,-0.584865798950078,-2.80198391680587,2.82431311339647,-1.29773480199019,0.813601643404293,3.04202183231887,1.86257729107802,-0.759339443445731,-1.16030476895001,-2.33895976529166,-2.98647165114498,1213.29,"1","2",NA
"1728",3.9417718956793,-0.568964403872094,-0.577836668179699,-2.39934004675485,2.84067917395365,-1.37701106283638,0.786583512718744,3.04490115244932,1.86195130406583,-0.719751740930446,-1.11265534922482,-2.32879470865167,-3.3915330584169,1213.79,"1","2",NA
"1729",3.91385036899056,-0.463015479077721,-0.579582440293156,-2.43356293251842,2.80947660372463,-1.29892319359324,0.778517368216356,3.04956847283685,1.84606763004748,-0.81569504392386,-1.12938573968403,-2.23029820187922,-3.44701741284622,1214.29,"1","2",NA
"1730",3.91674424935243,-0.584377013856713,-0.606087500227615,-2.33698030479647,2.84343180178195,-1.35530436289231,0.809689082365211,3.06488567553151,1.85989405207426,-0.818486512258847,-1.18221401461233,-2.34280556398755,-3.26838958847351,1214.79,"1","2",NA
"1731",3.90521767544194,-0.42440326818256,-0.586897346476914,-2.29571267818811,2.80565887570972,-1.35323534840786,0.825882133102931,3.05287504435381,1.82990061433086,-0.77900821329137,-1.11347483351626,-2.52505104109926,-3.34175161377693,1215.29,"1","2",NA
"1732",3.91181016920883,-0.499418493254066,-0.612023265995122,-2.29896723439643,2.77897413676353,-1.29080116880436,0.872201556156689,3.01430671991145,1.88300565644249,-0.815232322358011,-1.22676629915062,-2.45281130683205,-3.26427814769233,1215.79,"1","2",NA
"1733",3.89133186690773,-0.413149082434689,-0.662101635343514,-2.17128063523299,2.80098776100013,-1.34217445551558,0.873355174748364,2.99434852052775,1.84901293326907,-0.871348511190288,-1.15622250317065,-2.45896270768477,-3.33379672588058,1216.29,"1","2",NA
"1734",3.83798908306566,-0.727390774708836,-0.66755273283112,-2.10923949856113,2.77883379313683,-1.30376535091475,0.850288091020635,2.99418220057098,1.82123535656453,-0.836103503683448,-1.12318968774735,-2.25573091747228,-3.25955605843974,1216.79,"1","2",NA
"1735",3.8681467869631,-0.71670179492089,-0.637121320683464,-2.12974805116157,2.80265209203601,-1.27690942007283,0.925614025109044,3.00836632581293,1.87520247866684,-0.862031731234823,-1.09762082912849,-2.30684766397437,-3.45300089741148,1217.29,"1","2",NA
"1736",3.86008278437239,-0.529476995754603,-0.609952665451764,-2.08096527682157,2.77794558562523,-1.29652667605222,0.889951827612695,3.0225155716866,1.81920909852354,-0.902094832886719,-1.19135793333582,-2.34922926341625,-3.41010122410151,1217.79,"1","2",NA
"1737",3.85635290235165,-0.596545139609418,-0.656133077536376,-2.11206758263156,2.80381421121792,-1.23990165566635,0.92788808835205,3.02239267634298,1.88442880962991,-0.825553810376026,-1.30161709777488,-2.43737930850463,-3.32567901579527,1218.29,"1","2",NA
"1738",3.81749243449534,-0.726663645737608,-0.6791764778188,-2.06003917386863,2.74775288582459,-1.25166566308825,0.914189749237796,2.96959591567395,1.85405653429162,-0.901536378518572,-1.2325401887914,-2.12444638386426,-3.32701960783577,1218.79,"1","2",NA
"1739",3.84478319533741,-0.615243468933339,-0.679982020602553,-1.98540465845739,2.77388601956324,-1.29319016877805,0.903792457742134,2.97858670612475,1.89443410002045,-0.862640561392957,-1.19378827250668,-2.19251827343263,-3.5727150546844,1219.29,"1","2",NA
"1740",3.83646643763833,-0.502602570952642,-0.652320837711834,-1.93197785738535,2.76893072809031,-1.27206229333793,0.844798198796427,2.99050181393075,1.83328172057182,-0.848198234601705,-1.3439949023658,-2.35257454036242,-3.37024766230996,1219.79,"1","2",NA
"1741",3.81826201731655,-0.632374434476006,-0.644714256587044,-2.18336381839356,2.74908776960809,-1.27932438829992,0.851655024943854,3.01154445042777,1.80497172885993,-0.83408560075533,-1.16583062747049,-2.13798600733744,-3.35784185783638,1220.29,"1","2",NA
"1742",3.8359219049847,-0.405841178649943,-0.608370945112297,-2.22993223114151,2.77313341037832,-1.32354838912591,0.81136266209105,3.00690958774559,1.8174771704739,-0.740723953871585,-1.21219842119433,-2.33093947729305,-3.39325013928495,1220.79,"1","2",NA
"1743",3.90461631292032,-0.569234496863288,-0.541124537931395,-2.12144437939002,2.80403902350818,-1.2422228307167,0.907137363995977,3.0352361373543,1.89137400356359,-0.79712771854603,-1.35247366612521,-2.67020948615325,-3.24856572561649,1221.29,"1","2",NA
"1744",3.89745847169112,-0.427558976249419,-0.577250078212797,-2.14416252981679,2.7797555666814,-1.21212835064877,0.86211877690159,2.98683255928407,1.89460731833515,-0.90143742826926,-1.29495873242122,-2.53869002888624,-3.32458656838883,1221.79,"1","2",NA
"1745",3.90539990295367,-0.564665113015379,-0.607951667803098,-2.24756201463849,2.78016006579707,-1.40959389155296,0.839790322815364,2.93876859751117,1.89408748943932,-0.799962314304499,-1.0768154596113,-2.32050620093435,-3.33114971665651,1222.29,"1","2",NA
"1746",3.9449307164551,-0.52225251639687,-0.594707595612292,-2.2649507820176,2.76549304355589,-1.47542640468502,0.740266627043863,2.91915946473232,1.88643759682636,-0.810778292758644,-1.19971063965958,-2.44025097591239,-2.94821024157113,1222.79,"1","2",NA
"1747",3.94663769388122,-0.461886674356473,-0.662410256909201,-2.28214915498043,2.78123311451383,-1.44935850843904,0.730246417889689,2.91840315908382,1.88284600173616,-0.865441000667718,-1.25995309675668,-2.23426766874722,-3.04390002624795,1223.29,"1","2",NA
"1748",3.97190899018866,-0.389884891046901,-0.578846503749624,-2.17716757607739,2.74521299187197,-1.5565190461355,0.683452731205984,2.92750303853262,1.88490582648489,-0.870601901589041,-1.18509523149148,-2.11153041243741,-3.34333801575679,1223.79,"2","2",NA
"1749",4.00736429170539,-0.431035101472746,-0.584567589121467,-2.30246631720972,2.78830366163708,-1.44393546199657,0.758045528465295,2.95877884615578,1.9063055368061,-0.816662662425804,-1.24788216442347,-2.35696221708478,-3.23528635103508,1224.29,"1","2",NA
"1750",4.00876944243861,-0.326595024897196,-0.576073934418676,-2.21120391634329,2.78653213986441,-1.5109519101596,0.689757247768108,2.95251196652038,1.90394180747959,-0.861904583059955,-1.15445397303609,-2.32132918193276,-3.37900008022351,1224.79,"1","2",NA
"1751",3.96392223187662,-0.324688819948479,-0.606246102932593,-2.24525154060511,2.77359196240334,-1.55841352923843,0.66013127421842,2.94694631212618,1.88447346322283,-0.813724441436369,-1.18044786249082,-2.14286038871631,-3.35743255847929,1225.29,"1","2",NA
"1752",3.92693476255034,-0.327098483873098,-0.555936305300897,-2.08745393805069,2.78987385693009,-1.44279162475657,0.665720440279787,3.00224178461178,1.81295995692965,-0.74047189733333,-1.29001551559248,-2.26947019794104,-3.48449283845356,1225.79,"1","2",NA
"1753",3.88678070967895,-0.474300630584217,-0.572928467441207,-1.8545636103322,2.78889596113724,-1.39696370992063,0.697490151651378,3.04784744706124,1.79884755231566,-0.830198070272301,-1.23081742507675,-2.4092307490444,-3.45085915917277,1226.29,"1","2",NA
"1754",3.86097808028746,-0.479443972900926,-0.616563170849052,-1.83470459581809,2.76591288872426,-1.34165976742565,0.76035493371764,3.01272709921821,1.81252937718181,-0.830625832024705,-1.33473932458108,-2.40245457059381,-3.37231114493606,1226.79,"1","2",NA
"1755",3.87100474614891,-0.453494860027237,-0.612792875332428,-1.76640124326455,2.78322569061877,-1.43437209653265,0.729766886655158,2.9911340348408,1.82821750690484,-0.816130489456689,-1.34133285839781,-2.31114686872053,-3.4676775734366,1227.29,"1","2",NA
"1756",3.81307451903872,-0.49708499445095,-0.630193046915336,-1.60192695072471,2.71666267210411,-1.36650291477899,0.711590917801983,2.94095073417422,1.75198318454159,-0.887074145073666,-1.30070256382099,-2.27691868221012,-3.37385872968587,1227.79,"2","2",NA
"1757",3.79173831956106,-0.488976723142575,-0.707481937293612,-1.47402280890081,2.70436060412368,-1.38804189116285,0.727554332434248,2.92839608255498,1.77180743381128,-0.908659432327384,-1.36073307122872,-2.29124321405074,-3.30469769437854,1228.29,"2","2",NA
"1758",3.79531984846549,-0.586511221794908,-0.74225235921389,-1.55470706556584,2.70956289148012,-1.37068693908147,0.805539779983244,2.93063995096854,1.80054427931467,-0.909369753047411,-1.33384150903115,-2.08361063761787,-3.46062726485952,1228.79,"2","2",NA
"1759",3.81832707385259,-0.590807617947029,-0.710028686017734,-1.4896296745537,2.70992489032747,-1.39536730542813,0.817034786233583,2.91724364264955,1.79779001726075,-0.859362537332467,-1.34235077566288,-2.33284816714767,-3.33992564623433,1229.29,"2","2",NA
"1760",3.82019177046883,-0.607493350094273,-0.689915457900262,-1.61179955911773,2.70195899068117,-1.34998282514043,0.782092124171888,2.92654904947006,1.79725026551994,-0.864673284366812,-1.37675556361085,-2.37921571909317,-3.14820644098837,1229.79,"2","1",NA
"1761",3.83514675300575,-0.593620861102685,-0.696164756851936,-1.8145595826112,2.72159760580919,-1.34142305863205,0.801586516657539,2.942803865198,1.80531785184747,-0.841896264704593,-1.34558106878071,-2.37545692909701,-3.09775007073776,1230.29,"2","1",NA
"1762",3.84611174259919,-0.552660532594817,-0.713743269806335,-1.88241072057943,2.74748157648455,-1.35544340050089,0.812580419327242,2.95845502561915,1.8411675667104,-0.827434228141289,-1.29621349237335,-2.36113838505778,-3.21675230168664,1230.79,"1","1",NA
"1763",3.88604677942886,-0.563907049403864,-0.707673054370677,-1.94626618522438,2.8031325064411,-1.31544446786226,0.819843891914622,2.97814182429158,1.85444374569237,-0.895930597404392,-1.1887693231082,-2.40605030863663,-3.31756776175813,1231.29,"1","2",NA
