"","depth","PC1","PC2","PC3","PC4","PC5","PC6","PC7","PC8","PC9","PC10","PC11","PC12","PC13"
"1",350.29,-2.69817060787388,-2.78813360406667,-2.12052590590467,1.31186567177562,-2.08619956794096,0.0162234761835233,-0.854411185769703,1.05982532951659,0.35296896504688,0.473413005146965,-0.369383891649871,0.172350440509781,7.54951656745106e-15
"2",350.79,-1.3750593812052,-1.46557315198391,-3.25200837332879,0.0729468606175572,-0.436667330395511,-1.08990479859792,0.028201791151041,0.592004148791928,-0.203071751628755,0.218142010253557,0.185026255416297,0.285064312602959,4.94049245958195e-15
"3",351.29,-1.86368235240878,-1.40844612697938,-2.10828445975662,0.633707333519939,-1.41342563337427,0.0442155609397451,-0.211391512914507,0.931199495826175,0.670443306320617,0.538368105462323,0.482707588725499,-0.067083672649937,-1.76803016671556e-14
"4",351.79,-1.93044566296435,-0.435455967114497,-2.04071475649469,-0.493477132925455,-1.69342830373319,0.120187832836237,-1.00545550905257,0.0936998702643499,-0.0878761902747983,-0.173579407607971,0.641695069966032,0.188726771580054,-4.19109191795997e-15
"5",352.29,-1.0073148499382,0.332492957202866,-1.00404570009577,1.60239778997732,-1.77875248466741,-0.340670265797769,-1.21420427014042,0.114240701707451,0.487953656839199,0.231843882334489,0.085050071984877,-0.0231080532883291,2.04281036531029e-14
"6",352.79,-1.65682822933074,0.0048942306498348,0.0454969342650143,0.900550045498613,-1.51064846658741,0.952366458126909,-0.0510672865310899,0.275891746803697,1.05822369003081,0.0460902135893885,0.313508562148285,0.420313718418455,1.7874590696465e-14
"7",353.29,-2.10356169382812,0.796322360181381,-0.413611490322228,0.663650089071614,-1.14438370266322,-0.0671638072201333,-1.51000968108261,0.0916127878553375,0.0133152247076323,0.200151748995235,-0.0838289895066009,0.38548276865291,-2.35367281220533e-14
"8",353.79,-1.66103004311125,1.01616071754899,-0.455724466281035,0.838439554859016,-0.219931927298667,-0.624655369242313,-0.026016790316044,0.516530007880557,0.0542870682839496,0.684293147258676,0.39189577271147,0.214475965321663,2.74433253899531e-15
"9",354.29,-0.54260897811776,0.60085149351178,-0.49850246461565,1.93122961511132,-1.59516093359459,-0.275849121217887,-0.130680658155488,-0.060724586416633,0.754162351830456,-0.0979011411920086,0.225803511866655,0.240486471051805,5.10702591327572e-15
"10",354.79,-0.538245740398852,0.152258255526625,0.0550331857588916,0.851010898219789,-0.669818887782616,-0.840925092108151,-0.0465559119977208,0.525904605256756,-0.0489298076002829,0.748406859398999,0.260909048186377,0.685307164446886,4.48252546192407e-15
"11",355.29,0.907250115275165,1.10577197885478,-0.793987451478888,1.66633747492889,-0.355136245751554,-1.6535881164819,0.434400595049871,-0.288211717808057,-0.0571094296502211,0.463892202299213,-0.0241035065077013,0.605167892260731,-2.42583730880597e-14
"12",355.79,-2.08987147216449,1.8407817407666,0.00659610294929369,0.686954892262904,-0.585017970460026,-0.249527344026127,0.518925609943835,-0.401169997949704,-0.421105625505753,0.486991050469221,-0.175489214282897,0.171963258678023,1.14908083048704e-14
"13",356.29,-0.434524339252247,1.98544761353738,-0.673629600520902,1.35815679494733,-0.367766370628224,-0.939678101589751,0.523369083980201,-0.309631160133146,0.101470721829643,0.189341532891466,0.243740490309855,0.588787974384645,-1.03821031632867e-14
"14",356.79,-1.50002944973251,1.54370013777985,0.0228089528126582,0.81084746066906,-0.983481163386457,-0.0200590247197197,0.0352019973220779,-1.13232223593894,-0.556421497755758,0.302171117054108,-0.0272339286995652,0.317619728123041,1.88737914186277e-15
"15",357.29,-2.69616933032493,1.91757244114035,0.738779578347465,1.4227934967942,-1.37919167912813,0.154386517108941,-0.0298619268187386,1.24828274260519,0.467193796365004,0.988202191150862,-0.0189044388846499,-0.192194128478703,1.29896093881143e-14
"16",357.79,-0.401676734791642,1.48778216199145,-0.0407462171697234,1.2537597195433,-1.813482190002,-0.307299458854806,0.00660017484536937,0.108066166934961,0.691950348085875,-0.205057539340165,0.207385318062449,0.481222176442926,-1.68198788230711e-14
"17",358.29,-3.16513549974376,0.861013333635673,0.339338486167566,0.735047287690434,-1.3666587798329,0.854649930955005,0.0571576184627484,0.0043529094855439,0.0131209019991472,0.0235510267027593,0.000981538605110768,0.39530323552307,1.26565424807268e-14
"18",358.79,-2.08620045530206,1.35576097386973,0.184753124758953,0.845297999896444,-0.910290401743403,0.319706264263551,-0.270335405404945,0.517884338567357,0.417099483495133,0.35951468880699,-0.027770337294191,0.235717622330257,-1.08246744900953e-14
"19",359.29,-1.12575663307111,1.57933738838977,-0.278224885187247,0.999942920947947,-1.06830552614233,-0.216856943904527,0.364596131517098,-0.163723859777229,-0.234658970139709,0.197526802903166,-0.0158790410700799,0.634489349595454,-1.93178806284777e-14
"20",359.79,-1.96584519384461,1.4441265235565,0.147210494038561,0.473416714932034,-1.01052670011078,0.0100870223736074,-0.176697192729364,0.0854019936741752,-0.125463100146969,0.18515616570144,-0.161011556236643,0.472834843063299,1.22124532708767e-15
"21",360.29,-1.56397762685815,1.96912272803203,0.575197396322299,0.783756671310858,-1.28589255297371,-0.217543439823236,-0.480114314466949,-0.0405670922565401,0.0376685566763217,0.422256401058154,-0.0705792823557861,0.0760794202713522,3.88578058618805e-15
"22",360.79,-1.37546234462007,2.13538868412133,-0.235480693091217,1.12487914820356,-0.472597967429968,-1.18284707642141,-0.407994267657511,-0.649613625351781,-0.172218125846891,0.101138151046929,-0.0136195614558031,0.199761376735123,-9.73526814718184e-15
"23",361.29,-1.84843085489666,2.91696376450075,-0.662889985777112,1.1995051972363,-0.220816710884389,-0.329324743590292,-0.547793610324331,-0.00281741384404327,1.01791468463558,-0.225361486003634,-0.259743599602618,-0.188275518474056,1.58484336765241e-14
"24",361.79,-1.21241468053227,2.29054583324357,0.0716327371147456,1.02651957743469,-2.09321567216233,-0.300353533987851,0.28942400749671,-0.0709031933499973,-0.201652240562632,-0.0833719435176551,0.00199299934672005,0.501173050977752,2.52575738102223e-14
"25",362.29,-1.80675044360668,3.02310663278764,0.225642122066659,0.815044152098419,-0.654302983002039,0.33612755091992,0.631977411252049,-0.191624534833354,0.249266367393253,0.607709434267152,-0.0928583139795973,0.153332499716502,7.82707232360735e-15
"26",362.79,-1.15516700216771,1.36558581555735,-0.0953841470605211,1.13839862888195,-1.04397537386274,-1.15298539347223,0.0523105400873201,-0.544009520892997,-0.577062224620466,0.162322548223716,-0.20137145208343,0.452802261204425,-1.89709359332824e-14
"27",363.29,-1.48237181611009,2.17171766869634,0.526149717618044,0.339807972284528,-1.31811700383877,-0.131601150577136,-0.0725295344412435,0.00561242686007479,-0.00547448973349735,0.226782308150488,0.0160527463329229,0.272680413299174,1.08801856413265e-14
"28",363.79,-1.43694282736728,2.87406590945816,-0.0109260925565242,0.0605847623815661,-0.561776476032148,-0.771664820601215,0.272775200375841,0.279874742633714,-0.313952384774995,0.163029923166592,0.0714967060884864,0.527126950163318,9.38138455808257e-15
"29",364.29,-1.12052206836248,2.16578182147163,-0.126863291830446,0.78056118667198,-0.804089184968849,-0.382661937496727,0.509038978813449,0.1415288041085,0.27404642924892,0.341239306354812,-0.172316294250228,0.235859233427298,6.82787160144471e-15
"30",364.79,-1.9550605244182,2.68415857457352,-0.103741302645818,0.682346145569178,-0.707967429312867,-0.651324148764436,-2.22101013206897,0.832435379902294,0.724302954676968,0.211784429416902,-0.672554467888482,0.117817877228654,-9.57567358739198e-15
"31",365.29,-1.87197928078602,2.95085912070654,-0.220824928982935,0.679142946659702,-0.852530651111867,0.0339288931396393,-0.724002604273858,0.0690283008580367,0.71225387326415,0.296667692729145,-0.116779497269408,0.488410255055563,-1.83741910575463e-14
"32",365.79,-2.09602332349448,3.76513069959437,0.0118149191053876,0.124636972371245,-0.586821112922944,-0.10162820368771,-0.0690024155089456,0.00377918934265983,0.22518466328349,0.556727214561876,0.0389710473006018,0.172400148843452,-1.42663658664333e-14
"33",366.29,-0.767461239392776,2.69368917458413,0.351012512662506,0.732486772855033,-0.148345821543829,-0.726647858930429,-0.128659183678561,-0.816643578365174,-0.0434599671515244,0.789667922499867,-0.140083558884403,0.139531243082671,-1.90264470845136e-14
"34",366.79,-0.219664649916209,3.195010407751,-0.0392752907038592,1.13552799694062,-0.469422411605234,-0.83961246447483,1.22424505262215,-0.584029984442904,-0.15151862747815,0.71011304931242,0.230507692347912,0.320115811469811,2.55351295663786e-15
"35",367.29,-1.34243519776458,2.90899111331684,0.123475307543843,1.04876577085646,-0.878177619363387,-0.303798616597283,-0.497134927142965,-0.120385447734938,0.329441699399831,0.463634733425871,0.0134057920850785,0.199310732789518,1.02695629777827e-14
"36",367.79,-1.62719305915437,2.16508666875611,0.42027377488583,1.5918397832631,-1.45494181155127,-0.11347847519838,-0.366706273894854,-0.0749516203776788,0.179777242878359,0.803044708928414,-0.353005917639923,0.221373476432734,9.43689570931383e-16
"37",368.29,-2.0684317349576,3.147468481772,0.0714585274420603,1.35013328520915,-0.99358267039148,-0.966287084398833,-0.267201801158248,0.126477465563196,0.154303313310499,0.424618404098709,0.0828082519081001,-0.0566420199335143,-5.49560397189452e-15
"38",368.79,-2.43112313715533,2.68383298830669,0.600194825309725,1.33418006413906,-0.761612948403395,0.0654839866633629,0.927701362646765,-0.0307615879721325,0.440474716961883,0.826767104999701,-0.214129761641505,-0.436552389214529,-1.12132525487141e-14
"39",369.29,-2.87571399804863,3.66978666378304,-0.727053215399643,1.0963879799969,-0.719125442333006,-1.02901692929714,0.118736183580823,0.65556883282062,0.214292994769623,0.100500488217463,0.101333434479904,0.249075397564437,-1.29896093881143e-14
"40",369.79,-1.65887681653531,2.13580711503645,0.656044570557213,1.40546524293515,-0.254791591923893,-1.31869774812127,-0.679182289770229,0.827681049945488,0.514877798678747,0.899795435445032,0.150710072161996,0.0054094900827395,8.2572837456496e-15
"41",370.29,-1.11382049794461,2.39842703880353,0.169376877087511,0.326372890722653,-0.694091465111294,-0.531807632562078,0.130211100706972,-0.356583363280794,0.183730260502657,0.175623378667755,-0.0525531549277039,0.460220916964014,-5.82867087928207e-15
"42",370.79,-0.160042054390199,2.31905471645492,-0.783455596329044,0.847500161688166,-0.609629734775206,-1.65097823441127,0.461624703641331,0.371354382001095,0.18337627713094,0.0530817092145005,0.208206805714171,0.546885611123036,2.66037192275803e-14
"43",371.29,-1.26921043848463,1.75993776256455,-0.175125547537709,0.606102906632604,-0.381930150165858,-1.43466533788348,0.685303301596909,0.429032175329142,-0.627553298754208,0.885796386796453,0.0406803190183136,0.282751981243485,8.13932254928318e-15
"44",371.79,-2.00149109909588,2.55940140280967,-0.412530831553546,0.949898613005514,-0.163900824837965,-0.363558509281348,0.575671064857643,0.473568408531609,0.678457337878312,0.295168283301054,0.164070957698016,-0.126036909648523,2.48412401759879e-14
"45",372.29,-1.90666822698526,2.67014507724335,-1.08600914474612,0.92569767176111,-0.840059367115749,-0.407013939170258,-0.357812118940362,-0.565591126353521,0.766663154288784,-0.62171542627821,-0.203125885649468,-0.360720342836471,-1.80411241501588e-15
"46",372.79,-1.93748219732573,1.58333426020551,0.159913201537335,0.659349697613559,-1.02550633715768,-0.0607708858368602,-1.07675446429115,0.398049988551476,0.989118558895066,0.00974782013226537,0.110074299389877,-0.0063585025092172,-3.21964677141295e-15
"47",373.29,-0.938336218944235,1.82903998668101,-1.1898478978981,1.00474666978636,-0.325480936527933,-0.987821289169569,0.183561309315732,0.763995743701683,0.619535544161839,0.401969346340691,0.272067638725619,-0.0762993257756148,7.23032744787133e-15
"48",373.79,-1.59785784000852,1.12836562599843,-0.521015549441804,0.622051344006468,-0.547533408385791,-1.2310966954264,-0.602989771173326,-0.11892899343494,-0.173079763044761,0.426714950995236,0.171175217579991,0.0640071391891912,3.6498581934552e-15
"49",374.29,-1.11740438932702,0.854727485329101,0.12876365723576,1.4893539161339,-0.551932120989185,-0.586057929419311,-0.607696518908158,-0.376842267082598,0.823273803452611,0.622376677385266,0.232382289884368,0.00499420276599666,4.55191440096314e-15
"50",374.79,-2.20706658484636,1.26618622251404,0.15892429646022,0.692405244325523,-0.907622788250867,0.108481507121662,0.31019854381609,-0.467523600936321,0.401313638742067,0.406520802980337,0.0338356132832282,0.266920792834975,-1.56541446472147e-14
"51",375.29,-2.01675024761019,1.27562909711619,-0.280491004601888,1.40117394906385,-0.73584429771003,-0.304134276938878,0.0197562467780185,0.149359322719165,0.547931835686811,0.689367980805684,0.208434876321331,0.148185661323282,1.60427227058335e-14
"52",375.79,-1.98059446759088,1.88230265270273,-1.54183719820191,1.10565824064652,0.157897910910129,-1.38015633194875,0.204179663429434,1.15813092846985,0.33598793050361,0.280603100632664,0.292241497567112,0.0907828983255596,1.87350135405495e-14
"53",376.29,-2.26963263795259,0.671138443453236,-0.414025573650188,0.724896996484002,-0.8437887925558,0.296060740459273,0.607270859515684,-0.564386370972403,0.703373939840998,-0.61261306735264,0.539205628433886,0.765105685295429,-1.15463194561016e-14
"54",376.79,-3.46763625916196,0.575920252494913,0.567793159579804,2.03355216545785,-1.47233038462498,-0.590434248615923,-0.33518908818912,-0.709811743758893,1.01833382607389,-0.522053214410049,0.49588187533908,0.0150157435929388,-1.75415237890775e-14
"55",377.29,-3.24326399905754,0.691532952115173,-0.674296161477007,1.78562038398361,-0.831301218553343,0.440034160365462,-0.996415090445345,0.477048761914177,0.952120362177487,0.174370313686549,0.101706700072907,0.265621104485671,7.21644966006352e-15
"56",377.79,-3.72228241473895,1.05455074954468,-1.22915015617931,0.862624755349837,-0.751820538384044,-0.408986213563429,-1.14687322619612,-0.136305191406018,-0.109718860852697,-0.76730473521273,0.232308179608147,0.543996619294268,1.44606548957427e-14
"57",378.29,-2.91211507161467,0.347745101133064,0.121268672960897,1.75688648805533,-1.01833331089988,-0.736293717833446,-0.359599937489949,-0.217204244659323,-0.859031406511527,0.570880669389973,-0.149963218602822,0.479969138195951,-1.94289029309402e-15
"58",378.79,-2.63183476176111,0.349530689726298,0.253601834145461,1.95680264148133,-0.955580015563766,-0.0284669819006903,0.955804095741372,0.327939213987221,0.0221089294700254,0.791049237488135,0.0374413311697049,0.0680791966178218,2.16493489801906e-15
"59",379.29,-2.91751732380931,-0.880444321153857,0.356403128823222,0.91339265915891,-0.706722833958229,-0.00248665263983838,0.240126899558314,0.0214389915522519,-0.0614962054135356,0.466604705100891,0.068901287416432,0.188123395662894,-1.70974345792274e-14
"60",379.79,-2.38243182089269,-0.622256885473556,-0.586182714120299,0.898694913802798,-0.534693889553305,-0.682347034321563,-0.230778341046331,0.433041387739846,-0.318581472167694,0.35015222340203,-0.0261084134684192,0.309798429841161,-2.04645328460984e-14
"61",380.29,-1.59200103678101,-0.300375707413262,-1.05603360058425,2.17744695802759,-0.394239909518448,-1.29229082697626,-0.265196044517967,0.384525669354561,0.307403424169026,0.264540426730046,0.218837198552927,-0.049285345892212,8.28503932126523e-15
"62",380.79,-4.28441595733189,1.55765880924433,-1.46056400210323,0.72187992167315,0.501669739909783,-0.950477830258114,0.984503696275839,1.18441862901767,-0.0170453862019908,-0.0451814956140662,0.264124586406214,0.298081922670737,-1.96787031114809e-14
"63",381.29,-3.29379341589413,0.959175134559004,-1.36426288334489,1.22680343713859,0.128088982203085,-1.33588676080065,-0.707505983266448,1.07091355780608,0.564197622211784,0.136836545932432,0.130713630364173,0.101053849039587,-2.4230617512444e-14
"64",381.79,-2.58632804265115,0.362235387013269,-0.857732235341543,0.563151711651256,-0.403889342717999,-0.585299031950412,-0.505591308018137,0.147595838447922,0.619623418457787,-0.0968900018484009,-0.0754833725674653,-0.249353741921024,2.12607709215717e-14
"65",382.29,-2.59419683571649,0.0136049836842449,-0.549292851112239,0.633552860050165,-1.17307908976982,0.301010145847823,0.753241464878739,-0.114866385711471,0.665349675178252,-0.415853257990425,0.158350933754749,-0.154783532228634,8.49320613838245e-15
"66",382.79,-2.0968953764858,-1.17342837522943,-0.5720899168337,0.342747083394501,-1.61978665009077,-1.25400900275738,0.888292931993613,0.284060393821057,-0.202049219089124,-0.749932217614186,0.302264872948983,-0.0248339860063112,9.15933995315754e-16
"67",383.29,-1.52261933896282,-0.626739272383845,-0.0841682007844127,0.954431620226996,-1.27040390064026,-0.786542269712743,0.751905910778768,0.394077423230662,0.665643383660736,-0.289242725238059,0.499559704955354,0.336289289148331,-4.88498130835069e-15
"68",383.79,-1.425256722733,-0.183926717384089,0.195422068407813,1.02269697569364,-0.766586588419361,-1.59262302212399,0.162655443336661,-0.106255610419064,0.0548693228932355,0.111342848587264,0.15856306419672,-0.0753905681847397,1.14751957935866e-14
"69",384.29,-2.80157970312355,-0.295107159841752,1.47104566536364,0.253133659575897,-0.825730803447784,-0.0727457495559493,0.0920587470889438,-0.0912848622743031,0.3336837052588,0.478920176600596,-0.0553224380713251,-0.103762519634681,5.88418203051333e-15
"70",384.79,-3.55978573659466,0.995783319590577,0.402540203336902,1.12913191195062,-0.980186242639353,-1.14047088423368,-0.397303632791681,1.14465294123887,0.569622729912967,0.119648363300763,-0.28548649079068,-0.279430137990073,-1.19071419391048e-14
"71",385.29,-1.91994112303107,0.158033765345948,0.822211036538196,-0.180633589866808,-0.106373705049977,-1.7634552607993,0.0346412046766807,0.309686193828888,-0.108432049691867,0.550961654934264,-0.234866575588351,0.347062433954257,1.45161660469739e-14
"72",385.79,-0.360530096097242,0.124058356934744,-0.177353995311034,0.94537961822149,-0.698949330183902,-1.29214213046305,1.69076002223829,-0.0519343976706989,0.959812639789602,-0.11052025232402,-0.188419365625282,0.207629756162423,6.57807142090405e-15
"73",386.29,-2.1527257039749,0.542650364258736,-0.439042154997873,0.338372932749775,-0.858572823334768,-0.717267735880396,1.22240644759606,-0.301944189457416,0.540067076830128,-0.254261899120711,-0.0904704476663737,-0.3075871196168,1.84297022087776e-14
"74",386.79,-3.97556323427548,-0.383727465081191,-0.541357621842413,-0.547970205005211,-1.60201897258485,0.169320310615978,-0.312801021564467,-0.215052253764538,0.321124829248899,-0.474410637023537,-0.19880997880802,0.0672203986923057,-8.77076189453874e-15
"75",387.29,-3.14436610465779,-0.299047768628846,-1.22385178490838,1.0909592629697,-2.4343208047703,-0.454705259675964,-0.334564069633236,-0.407264891553851,0.187561497143933,-0.0847145242320071,-0.336131790691041,0.0408466949300574,2.31481500634345e-14
"76",387.79,-3.12048674608229,-0.44712742561548,-0.5528160643538,0.382042515094263,-1.1972743232439,-0.371019469569041,0.0314106922001766,0.443636246798131,0.558356180481715,0.804977098450955,-0.01631561382688,0.00161338308026385,1.37112543541207e-14
"77",388.29,-2.93119109185397,-0.517661454765746,-1.57207315609207,0.255911355049256,-1.12860243770694,-1.19493496474571,-0.726339222558908,0.208276535407909,0.0243345469040851,-0.140005856833301,-0.0358167990296033,0.173214905820133,4.19803081186387e-15
"78",388.79,-2.03065655553136,-0.194335936050582,-1.81611469945664,0.362722044004784,-0.536543018372531,-1.13129591908927,0.147199380167966,1.01818795913383,0.550991473261247,0.186861410641914,0.0724890607374187,-0.010831354148523,4.71844785465692e-16
"79",389.29,-2.91339180315165,-1.19421701305808,-1.49884972109799,0.901917953218479,-1.68824491229633,-0.405416374417795,-0.163138628033418,0.508811307160272,0.338355489607845,-0.0589854158381864,0.000384568775702602,0.242114408268453,6.30051566474776e-15
"80",389.79,-3.68204293732774,-0.723134859788161,-2.69175131795831,1.2604662633822,-1.13368561668254,-1.14339683511558,-0.904967947050635,-0.443227736577338,-0.0559369597977378,-1.27658085489995,-0.0469956246344341,-0.262542543094288,1.03389519168218e-14
"81",390.29,-5.04827164680696,0.200771408149625,-0.764511774098975,-0.348166239191924,-0.603123041709549,0.0955534437904311,-0.153051103732297,0.356181766643068,-0.13307908850115,-0.0865919651493488,0.13826222329244,0.130537988726953,2.81719092498633e-14
"82",390.79,-2.70953168162085,0.115857580409841,-0.775123701988868,1.20749767809164,-0.173085685284905,-0.166191751345211,-0.00838008234180236,0.744996702499078,0.708494927551801,0.564155838207776,0.595519924686781,0.224986403251377,6.0507154842071e-15
"83",391.29,-4.13685313362403,-0.36121609303471,-0.967603085731769,1.15646228884577,-0.680336420461821,0.492459325292334,0.402691907220231,-0.178981904041477,0.0147185585090971,-0.522758335557618,-0.0309877702441136,-0.154810630455288,-2.75335310107039e-14
"84",391.79,-3.79894562068002,-0.611394413848236,-0.334662685733927,0.396396451741048,-0.332436379601142,-0.70737026250297,-0.912994155855386,0.51383823934378,-0.143924971295708,-0.316794875496902,0.130024189773315,0.103327616032322,-1.03042574473022e-15
"85",392.29,-2.58605253259633,-0.153324974679466,0.277265273629287,0.270722127501715,-0.66721860258585,-0.47832680921139,-0.269413176946358,1.06090870330956,0.440125543433883,0.333619835436885,0.661555471948287,0.174603259020643,-1.08801856413265e-14
"86",392.79,-3.1191785829054,1.88213265408878,-0.561368132932222,0.861278035901709,-1.21628875870871,-0.271049048182342,0.512334873241755,0.751802761721719,0.608655186213937,-0.100229727369876,0.0425352190464577,-0.313464129519999,-8.82627304576999e-15
"87",393.29,-1.94096189891837,1.95459749752362,-0.830984391864567,1.14837699211616,-0.338412341393491,-0.757910170012593,0.054137196939287,-0.258549750531569,0.285165037365032,-0.285652817221995,-0.504973184790068,0.0738284622132729,-1.79439796355041e-14
"88",393.79,-3.13497022257082,2.09741539279957,-0.476587079290552,0.796479293296709,-0.00392925324142246,0.205553373709922,0.135483029837461,1.15707769869631,0.916972600293634,-0.0824233594405178,0.158240909745712,0.698973456871195,-1.90958360235527e-14
"89",394.29,-3.86019126810659,1.50248347594288,0.419717389162624,0.161003341683042,-0.433261466919778,-0.36127260226041,0.402884188997683,-0.134247581333156,-0.445451120592724,0.0763511784488455,-0.211647945862868,0.337052338046151,1.17128529097954e-14
"90",394.79,-3.80471077175077,2.89945675228998,-0.866726974172636,0.628524314803033,0.162234259093114,-0.65856877043125,0.288203563608132,0.707925591799347,0.419251015658845,-0.982649718904591,0.0253582895399685,0.587073654168881,1.22818422099158e-15
"91",395.29,-3.41419264832921,1.86867822268176,-0.0360383753190101,0.779386399394345,-0.470576349482515,-0.112636565798211,-0.126935619234229,1.02142528176593,0.444089259806726,-0.166077292383346,-0.0575107599799179,0.676690438504184,-2.79776202205539e-14
"92",395.79,-3.42604744647813,1.23343376148414,-0.0412424640092769,0.286302884557438,-0.79941924756229,-0.127224469558471,0.300554395300859,0.585050859751938,0.376367606186409,-0.301718473256607,0.152800326165055,0.0837420614879533,-1.54876111935209e-14
"93",396.29,-3.1835524358885,1.15514938299541,0.109107770572899,0.731577677907762,-1.28911824294331,-0.276177864385395,0.243756243888201,-0.236481481757317,-0.0760779864713433,0.0146918847003341,0.19444747857081,0.132707051574381,-1.08246744900953e-14
"94",396.79,-3.41273920560766,1.02345672971669,-0.646391858249246,0.686129719031405,-0.517666441117811,-0.621799310633803,-1.06841132770234,0.922687796333341,0.622521646153765,0.0246014162948112,0.0444722771513322,-0.389775190807456,1.41692213517786e-14
"95",397.29,-2.80841878166431,-0.483641407614221,-1.06193919086793,0.65883643892731,-2.45810703149058,-0.509138207156931,-0.961934355888339,-0.0632151043096984,0.301845887721762,-1.02055569468288,0.0509323107921898,-0.0835112587054868,2.55351295663786e-14
"96",397.79,-1.77906514408444,2.31373509644692,-1.81605676215536,1.42003470287238,-0.500562150532578,-1.6111572834018,-0.168865121637903,0.923070427993023,0.966872474530888,-0.0580712920450762,0.561864451969296,-0.221734228064811,6.93889390390723e-16
"97",398.29,-1.87015041801269,0.028815291294341,-1.11996841924995,1.20051157033148,-1.75367840876887,-0.574977433336399,-0.401297808662454,-0.018288275636633,0.73359308738153,-0.576506068432777,0.69905985201599,0.132481236318657,1.06858966120171e-14
"98",398.79,-2.57017690135838,0.512405034575833,-2.11238868829587,1.05268364514738,-1.80506074136792,-1.68573978224317,-1.54568087388255,-0.327981493099155,-0.404891745936195,-0.875445581849633,0.0141451682702329,0.0110817612943037,8.85402862138562e-15
"99",399.29,-1.21754819177802,1.07077744021468,-1.35458449731159,1.50924162872638,-1.7305757872135,-1.09054944410636,-0.759771924204608,0.0069339490693657,0.640919073094848,-0.477246184698621,0.276633532042126,-0.00893697382351438,-4.32986979603811e-15
"100",399.79,-2.27841574606942,1.48900679327328,-0.917906022934223,1.25888765290621,-1.11519867124356,-0.457333900396141,-0.332548937881735,-0.133168912738761,0.158026690184766,0.310589627679564,0.175391964760206,0.0354602031964025,3.41393580072236e-15
"101",400.29,-3.37044786063131,3.80495169515627,-1.27855025594879,1.39847870100229,-0.898016735165531,0.316200759279298,-0.14270293452109,-0.214344638761439,0.864516504013865,0.0435454455648626,0.38682171580527,0.236276003332867,2.77555756156289e-15
"102",400.79,-2.10836756706056,3.22133893287242,-1.03140198804578,0.624302748358086,-0.640253854912336,0.217761389106374,-0.258643985487061,-0.247408544739135,1.18339439277881,-0.0413936663466665,0.600669901863591,0.547988054745974,-1.21569421196455e-14
"103",401.29,-3.45208968637428,1.55419993821455,-0.0469985040309965,-0.344293349882966,-1.16579763906845,0.0847150647902274,0.0122276635313081,-0.166301121813445,-0.387125220174644,0.371513918401087,0.29051411632407,0.141400383408931,-7.38298311375729e-15
"104",401.79,-1.36087723904212,2.77555363304185,-0.779919941201829,0.444114896499509,-0.242911234630084,-0.294133722464145,0.208430780383264,0.00706024372112411,0.890765293942786,0.214889361601715,0.562424568312073,0.00305431311986392,-1.9151347174784e-15
"105",402.29,-1.86270184565437,2.13400492176723,-0.323925526005794,0.283451456688532,-0.274675625405666,-0.252486260560063,0.833661183692136,-0.928060692155996,0.163230118495942,0.236376566105649,-0.0622066453275025,-0.14621272084077,-1.0019762797242e-14
"106",402.79,-2.66027393248206,1.85525436878423,-0.348466105942421,0.682857132420723,-1.10040738662426,0.185568381241602,-0.487898129101467,0.0615540762412946,1.1044014400806,-0.364872970482856,0.296396923865747,0.30696225094053,-2.38697950294409e-15
"107",403.29,-2.02765643159581,0.797936945426147,0.179805240502167,0.690245446321672,-1.9153196100155,-0.812376297175497,-0.748093837009116,-0.568076332630507,-0.5006326712216,0.0392645060278367,-0.275876774869569,0.426459047331418,-1.90958360235527e-14
"108",403.79,-2.00799324687967,0.691628451067335,0.100086264194308,1.55672610325546,-1.43279102440107,-1.27942498943539,-1.53085673124357,0.206523960285963,0.0138519436788907,0.284986329799435,-0.383457046240748,0.371737440000619,1.23789867245705e-14
"109",404.29,-3.001413361856,2.07515863264278,0.533472455273578,-0.126201645783625,-0.831369734065051,-0.693699120354235,-0.725156686969948,-0.195351064238528,0.0990442966666661,0.0351666786007544,-0.210342026154879,0.268122511714852,-4.27435864480685e-15
"110",404.79,-3.36012523191433,2.2603208388582,0.201362468478037,0.889268596428117,-1.60005909946643,-0.946791303995075,-0.46107790526251,-0.564375609813378,-0.155602914664513,-0.0113757118859844,-0.278213822765416,0.17474528360982,-5.10702591327572e-15
"111",405.29,-1.28576368528917,1.52157557273148,0.376282712685865,1.27109663421593,-1.17581776458565,-1.47023907256305,-0.266312044378789,-0.00615181878856568,0.072153626258827,0.10983424830565,0.167529354631739,0.258338114675248,-9.27036225562006e-15
"112",405.79,-3.38739061912026,2.00785218209917,1.00013879426241,0.262727021628439,-1.18928962927319,-0.272503507011816,0.939981955061056,0.305660601327878,0.0680144326955873,-0.550995927926123,0.256239955722309,0.421223375968905,4.71844785465692e-15
"113",406.29,-2.30053996431673,1.16942096181915,0.654391131111515,1.19877961374284,-0.409224854657753,-0.419896891997733,-0.991117796693528,0.429612105151647,0.940240583442636,-0.0668740562028109,0.127020798130057,-0.160416040210389,1.47659662275146e-14
"114",406.79,-2.7934572037925,1.55662476042686,0.282698108043392,1.64138539727593,-1.63092730054542,-1.38390575683901,-0.724095538969786,0.0825821076419685,-0.608276972161065,-0.556491498197376,0.334133441593222,0.18845865617781,7.27196081129478e-15
"115",407.29,-3.68243138310191,1.99927748525181,0.62057759717197,1.44545347206449,-0.573951072537187,-0.939700484914368,-0.322856769506979,0.0387922204666793,-0.538932800701618,-0.257343315013497,0.358058331854582,-0.233966684416167,1.26842980563424e-14
"116",407.79,-3.5634733614166,1.67723137031828,1.12679237147436,1.8836460416203,-0.776109214195045,-0.988225867274427,-0.360977304617007,-0.685258769444579,-0.484304182725799,-0.0164941122663399,0.573315847844451,-0.0389980946341563,1.03805852802452e-14
"117",408.29,-4.93198660894748,1.77669666246577,1.48799451423708,1.84914778026303,-0.603235507407922,-0.299140469734802,-1.13337629254358,-0.411472506903959,0.46921071689289,-0.544687334415491,0.409430639823087,-0.0517309412176315,-2.44249065417534e-15
"118",408.79,-5.1251631442864,1.40135207577616,0.241893615897248,1.37889006816943,-1.30720763853125,-1.3738329001071,-1.41119583712608,0.195830743842799,-1.17405165901089,-0.495324007189562,-0.0410129392354669,-0.154614263207142,-1.52100554373646e-14
"119",409.29,-5.56086599802852,2.3670028755217,0.10670231361417,2.21548949381253,-0.5469471186163,-0.435428595583592,-0.395580813247405,0.394982325934233,-0.364426291663054,-0.854128385461365,0.234227029193939,-0.238810773665432,-2.13717932240343e-14
"120",409.79,-5.36102194457934,1.40820297280864,1.69554478034788,0.624417160505881,-0.82837056102821,0.754706569522119,0.265265364332138,0.203324167587404,-0.348325736684071,0.0324774559252542,0.601872826422137,0.356470615951404,8.99280649946377e-15
"121",410.29,-3.14092472127513,1.80992005930712,-0.720048686717486,0.917313127256336,0.323852890272148,-0.419218441453895,0.316975132340412,0.496854178143315,0.841121195406513,-0.610550091579505,0.614247701451995,0.107865775550767,2.09554595897998e-14
"122",410.79,-3.4030777324909,0.82373430285338,-0.093737111657925,0.26990007094972,0.221318514893318,-0.453356286377541,-0.308429742755638,-0.0442826367079863,-0.255299489295583,0.137946074010701,0.0967660263168848,0.135740661884335,-8.97892871165595e-15
"123",411.29,-3.59597536260603,0.998904177351972,-0.216428260133808,0.216645412695416,-0.467416255530363,0.0326173873324699,-0.0792047852075237,0.298792024371108,0.780237063705047,-0.525949006008085,0.259517284819062,0.145923272661886,-1.22124532708767e-15
"124",411.79,-3.03769928998185,0.893126970581452,-0.547024103740069,0.138793269795552,-0.431750846309667,-0.0191152213670867,-0.205583643342993,0.0522117660386942,0.481279071302197,-0.650243078466425,-0.0239749216070393,0.280079231691734,-5.55111512312578e-17
"125",412.29,-2.97279728000981,1.55904807596935,-1.0188044938376,1.3228836156371,-0.349653677122707,-0.679489310617234,1.71738482292475,-0.0976364113861075,0.067254735208775,-0.399794501048607,0.0979044155462436,-0.0276143783032007,3.07809333577325e-14
"126",412.79,-3.56085413493277,0.828127216292975,-1.48572238837907,0.359008976765714,0.819158081465845,-0.558401553705151,0.778460889868669,1.02830059576806,0.0139642287278445,-0.201612114415088,-0.0959569620897157,-0.202489757994765,-7.2997163869104e-15
"127",413.29,-4.12632550321604,0.386172910682663,-0.524572737335869,-0.368201680511048,0.658213262770793,0.330061283605455,0.29561379451703,-0.439921928283996,0.108438608879288,-0.471411773575169,-0.163540241633654,0.174149829335359,-5.48172618408671e-15
"128",413.79,-2.69951838915195,0.991953919339054,-0.557923978699315,1.04412719794152,0.537126140506012,-0.945811196511644,1.054887791464,0.181716390687624,0.730297061959801,-0.170735411591961,0.165493805592982,0.0857812375494029,1.44884104713583e-14
"129",414.29,-3.57800637472255,0.186107047047364,-0.367232090756742,0.82797316910458,-0.390307938855357,-0.0082170608460575,0.65489021632588,0.33931234696945,0.212349199105649,-0.221232793773141,-0.185878680825931,0.473715042248524,-7.74380559676047e-15
"130",414.79,-5.59213712264066,1.26197203104761,-1.44357765241977,1.53163032595474,-0.562648607810106,0.187129871620709,-1.01102161994616,0.284420589196536,0.21918244088691,-0.391263170081964,-0.637105383982652,-0.346302277744695,3.77475828372553e-15
"131",415.29,-3.09838301602831,2.49205733265774,-2.80363752326599,1.69073399651473,0.522427594052277,-1.93354954876937,0.184081406193827,0.354324264275062,-0.104699650121447,-0.662903122564556,-0.287992566978403,0.281775115942793,1.2267964422108e-14
"132",415.79,-6.22512716133119,2.45780379676877,-2.37684237239801,1.30693610149,-0.265620055910568,-0.22162946444989,1.14867055556852,0.262942858831664,-0.0788602188310255,-0.948933618379157,-0.840712653345246,-0.0413200861405895,-1.3239409568655e-14
"133",416.29,-4.33858466792765,1.60729176419896,-1.4301268147089,1.28673727833842,0.888447570773092,-0.370427173349252,1.54792534542958,0.0720778657106045,0.036047251592674,0.00399157448516459,-0.278534649391658,0.448636289588173,-1.09634523681734e-14
"134",416.79,-3.58851670056972,1.10354120648771,-1.87830065862424,0.812024812670108,0.616073910479961,-0.316318414620342,0.417363262420285,1.21165082097002,0.846968184783309,-0.149717387830102,0.0289688665187036,0.28962138432421,1.83186799063151e-14
"135",417.29,-3.7382348354365,0.486060078369331,-1.35227060179929,-0.820474012944941,0.708772149492166,-0.370377518098849,0.98236925578878,0.186319986280607,0.0429719890717552,-0.50105683928399,0.059428626504857,0.125182929636279,-2.04281036531029e-14
"136",417.79,-4.22542479133632,-1.94386429503668,-0.60864656541076,0.976158901991175,-0.848770261015882,-0.606210226009109,-0.365571113126432,0.510694863443478,0.134412589812161,0.0700431593671894,-0.230599076898841,-0.143697975795871,-1.23789867245705e-14
"137",418.29,-4.31242739768543,-0.795130862874979,-0.617870637655589,-0.584834675552337,0.457710772891066,-0.275966820087035,1.25857541249153,1.06195160861923,0.0373331417358245,0.509022931493357,-0.0488416366554006,0.327793226071995,1.80029602336873e-14
"138",418.79,-5.93607502250044,-0.373874169451392,-0.88930959319223,0.311876137999058,0.303982502795141,-0.113702461973675,0.496212510719751,0.307070232468351,-0.167164243947369,0.150223370887886,-0.44888240903733,-0.0230490302036071,-8.09075029195583e-15
"139",419.29,-4.07019651726715,-0.737263677825926,-1.60314540752415,0.76526024852649,1.3517559006094,-0.283088733013377,0.880657200946609,0.28744208353437,0.441111046291978,0.122466831246489,-0.183447904633867,0.371351087946093,1.13797860024079e-14
"140",419.79,-5.47784846407722,-0.940085778352356,-0.935268841205932,0.417665073848676,0.793901504974226,-0.329437013711111,-0.168864760976015,0.453418905678514,-0.122112285368271,0.30042680046837,-0.536814198019031,0.122888766642449,-1.93456362040934e-14
"141",420.29,-2.40461410882688,-0.825339815307627,-1.55759364659879,0.597698214628152,1.32793427034929,-0.865078972208646,0.405298860921356,-0.552523301784712,0.382025918407694,-0.154384281520135,-0.562214458832191,0.375627483061211,8.04911692853238e-15
"142",420.79,-3.1090185029413,-0.53902035211883,-1.47375499165965,1.26000754611104,-0.0355980346935503,-0.242202357721698,0.954970652056293,0.553329808793381,0.938112096117881,-0.16148693971718,-0.31613958096129,-0.00369718651259605,-8.41687830543947e-15
"143",421.29,-3.9122400639913,-0.123768837076592,-1.15920496532245,0.610797322434979,0.265893812949904,-0.0305625407777082,0.802183270582817,-0.727387792846045,0.221270308635567,-0.496154872569091,-0.366279258756764,-0.0398921109489767,-1.27814425709971e-14
"144",421.79,-3.49686274979917,-1.41586860741255,0.424758761762465,1.46128018471686,0.00287967076547513,0.232644054854196,0.0896063568451737,-1.47429841008329,-0.0317462078585235,0.823584774609518,-0.487708094726808,0.574055068514204,1.82631687550838e-14
"145",422.29,-2.03093303828209,-0.137033921288379,-1.13534684485523,0.760707949037101,0.984992080948709,0.260672677666303,0.862567006713462,-0.472081972752499,1.36372211481516,0.144237722254567,0.0427334628536687,0.181994134997367,2.37795894086901e-14
"146",422.79,-3.94268634444998,0.956415914522839,-1.15362927880126,0.406596503822329,0.868811441672314,-0.237664781552333,1.0293338114656,-0.431073431282476,0.163268110710514,0.400874576580968,-0.179401261277503,0.267149871298733,-1.60288449180257e-14
"147",423.29,-2.92113185678393,-0.508944110926449,-1.99111220371576,1.42191518508579,-0.23722894686827,-1.09981256455238,-0.199171002915702,-0.571328382472841,0.383944101968868,-0.438953087212597,-0.110749895371964,0.166113898033416,1.97897254139434e-14
"148",423.79,-3.64566572362604,0.647574081399998,-1.69087866686769,0.65661082915444,0.936926973662183,-0.923774045476464,0.157329423330879,-0.536586674387602,-0.00387094197519011,0.128268722758397,-0.555328802189533,0.128722544957821,-1.5404344466674e-14
"149",424.29,-3.48435572941281,0.14806327366655,-0.977649137660624,1.56606109082045,0.633898135116965,-0.967271111215086,0.14329603199866,0.186764900425894,0.302222419294537,1.39182591884636,-0.122196376182574,0.163900602666361,1.03667074924374e-14
"150",424.79,-3.32821734504734,-0.0373684689059855,-2.00377891822705,1.77628678276589,0.437558934524386,-1.07196015788872,-0.220332966388051,-0.132621424294359,0.27409650749741,0.31017752385905,-0.415993759036335,0.316817610413218,-1.5404344466674e-14
"151",425.29,-3.9298983643547,0.493527381101577,-1.3831551204927,1.49185264688543,-0.313910695037022,-0.525020470717725,-0.17572753562424,-0.242753159601921,-0.17578339017647,0.374993404562026,-0.263310796875167,0.168726894738832,1.16295861829485e-14
"152",425.79,-2.04265894333899,0.547326082383777,-0.458413905680276,0.673285915794091,0.846776406673234,-0.706994318131827,0.307869365799507,-0.873356052536252,0.150197160497243,0.955532654804068,0.269494043027938,0.543087903226442,1.82631687550838e-14
"153",426.29,-2.0756758979738,1.70667736626766,-1.28621051634174,0.796590432461256,0.832433596513429,-0.163019004492222,-0.566091099106186,-0.449795773568453,0.83491216836853,0.707771559344498,-0.14491709655053,-0.152322527927545,-1.85823578746636e-14
"154",426.79,-2.08850240831289,2.24489166132772,-1.33762960270547,0.0710600451689186,0.718532243349731,0.0884204046678869,-0.174584993731008,-1.39860733196564,0.530440289602708,0.202302614130864,-0.2027312344451,0.173613656968358,-1.87384829875015e-14
"155",427.29,-1.59576696395248,2.20321912606227,-0.555176878077732,0.832680071412932,0.275128847696891,-0.0285500266855937,0.356495780288008,-0.256095449185216,0.761976720608076,0.986051982797607,-0.163129470418212,0.149673151015927,1.87627691161651e-14
"156",427.79,-2.92475571576426,2.52071259056964,-1.74833881161238,0.48356944367284,1.13978709524288,-1.13274432532112,-0.471314266472206,-0.451110173097013,0.148721502859348,0.165373193891378,-0.461518792789169,0.0426727988279328,1.38777878078145e-15
"157",428.29,-3.06529734880818,1.51545581951128,-0.5440329491434,0.429035864606768,-0.245600175070854,0.36208134208988,-0.125636617568321,-0.362054449128477,0.64696028078289,0.312221678150537,-0.0693382396452922,0.33539820209689,-2.24820162486594e-14
"158",428.79,-2.25861636230959,0.756367033973284,-0.684208564139001,0.181752030196088,0.144041785577616,0.976813993774557,0.64731963194281,-0.16853159300742,1.58696549622855,0.110872134558123,0.315559050232031,0.456840720419879,1.43773881688958e-14
"159",429.29,-3.94679230859787,-0.0727107917013067,-0.950262637257606,0.531140097569644,-0.337064295297626,0.759451283540224,-0.0753339213709933,-0.437565821571552,0.86192502089302,0.0196093172094266,-0.624898597100078,0.268892343052831,1.49880108324396e-15
"160",429.79,-2.81714112120733,0.235740820505134,-1.05087534009194,0.853863432226389,0.253055156331111,0.433104100609662,0.40495010854563,-1.10081534362319,0.779366886853446,0.117842700001989,-0.274181612547758,0.453302616983078,-8.02136135291676e-15
"161",430.29,-3.88660847126149,0.5660261115327,-1.47874412616225,0.208155344722771,1.34790863321093,-0.900896005322004,0.216423075321954,-0.597006074907297,-0.0394501303509776,0.11784273622289,-0.374829747691034,0.046082702767716,2.91988655476416e-14
"162",430.79,-4.64235980852196,-0.830454901375369,-0.20524185068694,0.52532312864104,0.0400419604335743,-0.0397143602779649,0.224208297262071,0.176757201322176,0.122267664724621,0.318300601036757,-0.244339898313601,0.368118912223364,1.65700786425305e-14
"163",431.29,-5.36882119877504,-0.963112041563645,-0.062378795997927,-0.132143598044621,0.131313305341108,0.641731216007719,-0.17917478514286,0.0819747179520317,-0.0846411996703112,0.0558101858092697,-0.332742681919624,0.828028319475468,-1.9595436384634e-14
"164",431.79,-3.2258079530944,-0.0134503340777765,-0.552560591578185,0.564738180019205,-0.153098299445514,0.493245504737122,1.01118933040642,0.510694543390353,0.919851508242012,0.0565587310114743,0.114554678696101,-0.0791055494679754,2.53130849614536e-14
"165",432.29,-3.33395993325956,1.53907257105764,-1.85159395754027,0.80594591958489,0.239623406178118,-0.991673301760253,0.1066300217524,-1.96471208584153,-0.567715498651572,-0.39554978896016,-0.483345391743443,-0.203370604462422,2.22322160681188e-14
"166",432.79,-4.35733780385705,3.03128804507724,-1.19198011235355,1.49343158166386,0.665559097285328,0.514229835944851,0.496241843433188,-1.52331566064196,0.591546206168723,0.108026305473655,0.193311799042927,-0.0850391908033467,5.10702591327572e-15
"167",433.29,-4.31393715629007,2.83193011329116,-1.44308405746238,1.56937442494527,1.08565008994631,-0.210347841668636,0.259384875717379,-0.741631438933332,0.385994535984448,0.00540741345192277,0.0804515830703241,0.184254188476826,-3.8745048835942e-15
"168",433.79,-4.08720364801397,1.87266161454752,-1.29377144576928,1.82158849814623,1.12980816958611,-0.0260080214497187,-0.897604879530736,-1.30688056462639,0.0269922713286695,-0.276835335036614,-0.0308567046199838,0.412037662298447,-3.49720252756924e-15
"169",434.29,-2.46461904286497,2.39385375714355,-1.09680243960236,2.18667351682888,0.825869723494688,-1.19682267318001,0.901847157707818,-0.806696231436753,-0.057539560411375,-0.749219587982336,0.430833918346621,0.489761693277142,-1.2267964422108e-14
"170",434.79,-3.1418512155087,1.38724646385591,0.773463392937761,1.92464439635491,-0.334900461537422,0.719543802196373,0.731199337482503,-0.233561496092748,0.211619003635693,0.346018696209944,0.379322111788661,0.492257025775244,-1.02140518265514e-14
"171",435.29,-2.95689045067947,2.19551705640725,0.539419171002449,1.21435153974433,1.15445953450414,-0.627241791863913,0.731592252997514,-0.531089077614941,-0.648765119642432,0.61759400161466,0.375601061155946,0.816113941227393,-1.55118973221846e-14
"172",435.79,-3.60946252127584,1.46338948541804,0.636001965673366,0.969089237870452,-0.427410712210984,1.65146445290324,-0.445287124608883,-2.04991891632106,0.654646967636639,-0.707854761122501,-0.288858521796237,0.395903106870064,-6.77236045021345e-15
"173",436.29,-2.05905829345026,1.15993819702522,-0.971935964803905,1.97854185881565,-0.913103971868798,0.205328399374707,-0.188070757411676,-0.887561251442016,0.452985264771496,-0.598185103117077,0.12580676182467,0.580832624521111,-1.74860126378462e-14
"174",436.79,-2.64271267882737,0.556802994583227,-1.14084566472686,0.537405270417209,-0.0876885752966928,-1.03602762531345,-0.465086913053309,-1.18145184643941,-0.63623086144307,-0.59256862586787,-0.1078438091747,0.0635488813914683,2.21905827046953e-14
"175",437.29,-1.66896469924564,1.42049123174001,-1.40210330504921,1.66778680097606,0.955423403681965,-0.431819868454181,0.604354284503579,-0.373969302002544,0.989396626381444,0.00576228968067684,0.758961935995238,0.107589787499898,-1.55431223447522e-14
"176",437.79,-4.02377529415116,0.732345170666274,-0.296873105794576,0.912560259666936,-0.087591832815024,-0.157513718606829,-0.16670311038568,0.68780791769805,0.0322035818076659,0.509260960947701,0.52177396809047,0.339844870336178,2.31481500634345e-14
"177",438.29,-3.55772363508178,-0.802812909098961,-0.813906015942622,0.671474030607698,0.00356192691478502,-1.38123092815666,-0.286852076129944,0.212621007299422,-0.903094789574798,-0.130610260977532,0.421129113288365,0.029595315347257,2.14550599508812e-14
"178",438.79,-3.92412287543713,1.29837259794972,-1.13925725185093,0.778780238136556,0.830014477562658,-0.569627214720823,0.984891409512146,0.721543445185043,-0.246602102924466,0.324970918069659,0.556689387836309,0.0356880583883705,-1.48908663177849e-14
"179",439.29,-4.08751733920825,-0.487523339002759,-1.10576347702893,1.29831340275247,-0.57382021241572,-0.168940297754893,-1.5322966747253,0.118412134674306,0.0814860322776023,-0.974106414939985,0.139008430652757,-0.016740328380736,-2.08166817117217e-14
"180",439.79,-4.85569899737445,0.896499761906758,-1.36031791717426,0.685982645042972,-0.405438462225333,0.575280515278201,0.670479765712695,-0.541528762303995,-0.419833866929123,-0.754892511338258,0.122418571615361,-0.111045318247882,8.65973959207622e-15
"181",440.29,-3.86103801239035,2.05007863852761,-2.1944694817124,3.28211278569508,-0.97535161531528,-0.188390622506704,-0.837283498320738,-0.964227796721161,0.4155204988854,-0.800681196688137,-0.131200977095067,-0.311061844114512,5.38458166943201e-15
"182",440.79,-3.25968957832084,0.577352827326685,-0.657143104372246,2.04333171223585,-1.34677714688815,0.379301666126808,0.222685844164901,0.313409335997474,0.457726623803898,-0.194994344859469,0.296268089820322,-0.0301063073114878,-1.85407245112401e-14
"183",441.29,-2.9439633948666,0.960931390582374,-0.832581574156013,-0.168088417700141,0.982136431772009,-0.753029703361017,-0.679165048523291,0.777357569212932,0.282009646870616,-0.465993976956434,-0.019748606550552,0.0473648983065213,1.00752739484733e-14
"184",441.79,-4.18620746949796,2.02147625528152,0.0653470546468216,1.92232420563075,-1.34196283758478,-0.0382518434040406,0.492385432870617,0.417632816294573,-0.0678806778710798,-0.0128156853397841,-0.585961911677747,-0.488617804822749,-2.05391259555654e-14
"185",442.29,-1.48526020546298,1.13704542507937,-1.62412632424956,0.478663091620564,0.377695849100717,-1.48860880748092,1.18534787685179,0.645131972015734,0.120409452243194,-0.600289675909226,0.0319142054323151,0.322996854467026,2.22044604925031e-15
"186",442.79,-3.34706300431696,-0.34403254337375,0.211818406642733,-0.481058188834441,-0.923147457361792,0.23809555687156,0.518864141039242,-0.197944848651857,0.0507133719994521,0.105355320698686,-0.463299654127267,-0.478433850873974,-1.99840144432528e-14
"187",443.29,-2.38604966572645,-1.91616826852597,-0.808975272343998,-0.378911276040675,-1.52431838645472,0.25579974223627,0.225579066909403,-0.361371433896166,0.111998912571731,-0.700987232271958,-0.274644578122186,-0.000123031636766035,-9.82547376793264e-15
"188",443.79,-3.44883018918197,-1.02066366088597,-1.66854348944733,-0.663611696423178,0.21566434045427,-0.59761879147311,0.224799510370077,0.0166917595655787,-0.41821067911681,-0.356016271344946,-0.132918821721012,-0.336310281967102,1.74860126378462e-14
"189",444.29,-3.12675934938704,0.033388948351276,-2.27235392455911,1.21687225857464,-1.32321981830226,0.161540241706665,-0.690189201082761,0.505430331883337,1.25756036499693,-0.244127671650943,0.26130463794615,-0.418589591310082,-1.9151347174784e-14
"190",444.79,-2.47837566977852,-1.93811829475282,-1.53756562988928,-0.967727908268866,-0.65431594933811,0.0421829453048518,-1.00462372079323,0.431482631724297,0.0215721978761066,0.137669111318595,0.670466152505894,-0.519842794883505,8.60422844084496e-16
"191",445.29,-2.15068922854295,-1.35688268365412,-1.53724691892274,-0.523341621810444,-0.35593660261165,-0.647155490824098,0.458047773399455,0.474607731601572,-0.17933729362953,0.426111628533072,0.57768414637715,-0.176138630109597,1.37945210809676e-14
"192",445.79,-2.25828815179279,-1.50030232303733,-0.400830603206052,-0.564283500992482,-0.799529688800582,-0.0100979253099151,-0.869212602038833,0.489529972609765,0.305476579707556,0.484932812874052,0.200473597748917,0.217788174438735,-2.48412401759879e-14
"193",446.29,-2.34476963969189,-1.27119896750629,-0.803694862351148,-0.150455946833827,-0.541491668737639,-0.810489595536072,-0.254512069332526,-0.378009369949546,-0.550511472409261,0.453139087549789,0.0251482550465593,0.0790466193902904,-1.7354173653672e-14
"194",446.79,-1.93484497824146,-1.01919368726826,-0.767155317868014,-0.240780514493906,-1.36981328833577,-1.25829775373364,-1.13583224196581,0.433312209177387,-0.192040385872096,0.303773726490942,-0.321657234357835,-0.0696447073767457,-1.98278893304149e-14
"195",447.29,-1.56164207707637,-1.62065151726338,-0.552898977906704,-0.618851622073586,-1.34617932827468,0.212764461980928,-0.833793651521203,-0.62936798390931,0.652850695463639,-0.399396834047456,-0.278997069025177,-0.0210257440470309,-9.43689570931383e-16
"196",447.79,-1.79122335369809,0.153669768369148,-0.626262896078342,-0.611669009162084,0.298657712175493,0.466303857910742,-0.328275565254878,-0.277974424883876,0.988374588935692,0.511096831304239,0.141030518105694,-0.238451097217456,1.7499890425654e-14
"197",448.29,-1.54004245618877,-0.537785783479818,-1.57486619960486,0.986802075706647,-0.809341619486875,-1.12462031333647,-0.759205546921819,0.0554956266487617,0.701905843872776,-0.0456121876045761,0.0767262785177333,-0.176451845170004,3.35287353436797e-14
"198",448.79,-2.09419328466314,-0.241323177140792,-1.54373074692244,0.512926102172874,-0.305262655726684,-0.283139001066106,0.0972904196970582,-0.61176334228582,0.391126734309684,0.495066899748346,0.118637818188989,0.0189475878318705,-2.51014486973844e-15
"199",449.29,-3.94353426516998,0.714452048331231,-1.76365469887685,0.0120198472694578,0.271835277380518,-0.301615615394575,-0.80196692863207,0.349609222312594,0.23487465791693,0.205421020518215,-0.0521247096291512,-0.310567546495976,1.3239409568655e-14
"200",449.79,-2.9245011020782,-0.0870013390271569,-1.26642064520138,1.2169026562284,-0.418909415635709,-0.53532532068962,-1.15287846864351,0.995920152614349,0.193545739895383,0.969847516411472,0.330660087383745,0.196045756099146,-1.59941504485062e-14
"201",450.29,-2.62348900963274,0.585265154252772,-1.18351677295283,0.197925742389259,0.309589724406018,-0.250060199675095,0.229530022010096,-0.559723444846769,0.400994470112467,-0.0108237082976902,0.213475840780198,-0.0207339590462353,-3.49373308061729e-15
"202",450.79,-2.6339993690779,0.0490357582481103,-0.170560750820957,-0.339518245976886,-0.178514109639056,0.324241098638205,0.807468486799903,-0.111214132283393,0.0914095665402557,0.497279315079557,0.259551851654213,-0.17144772405055,7.52176099183544e-15
"203",451.29,-1.67592433599406,0.999667985586033,-0.660249942133087,-0.230188178566283,-0.37010516231475,0.0147571666173008,0.511578259425079,0.0272173339208618,0.313278809103633,-0.296648321005205,-0.250570793943485,0.324397903315627,-6.27276008913213e-15
"204",451.79,-2.474223807851,0.175173048461802,-0.602067492971242,0.595144916193802,-0.836959864097387,-0.776924600283607,0.0887038062296098,0.881019865705177,0.0566825284625236,0.269635056799035,-0.165379631321525,-0.143610495826029,2.80747647352086e-14
"205",452.29,-1.85672310704955,0.671735150176429,-0.438155756949118,-0.391425676281683,-0.0773657298014997,-0.614930029179862,-0.285478254470801,-0.720768698326716,-0.652916559083002,0.416774148236128,-0.375268738410974,0.286583631596578,-2.26138552328337e-14
"206",452.79,-0.781758478466779,0.705645144658444,-0.866597704656925,-0.226416390421593,1.00967290949106,-1.26000296767323,-0.243413341682432,-0.118950960063659,-0.255755720569637,0.288919102138122,0.166071652514874,0.306024300670241,-1.0325074129014e-14
"207",453.29,-2.7825420843128,1.51561232510372,0.0655344382786111,0.302648230849365,-1.56667143870714,-0.371346624271432,-0.821144904879124,-0.333901672096097,-0.433770104676399,0.185539340517467,-0.245594962933868,0.0517080588900209,1.5931700403371e-14
"208",453.79,-1.964679939809,0.740730077842306,0.234704884953507,0.27252539849982,-0.889153593973048,0.445142625376639,-0.594467222795314,0.325123348884348,0.0413700035714177,0.641261032973291,-0.121394825514986,0.15182174808517,-1.02140518265514e-14
"209",454.29,-2.58856299411404,0.547964813933935,-0.104422876952926,0.503896962253999,-1.25007850371022,-0.183823400299751,-0.335885883503732,0.634585542789253,-0.476966741581911,0.951265888551992,-0.0156768386356117,-0.337894060695239,-9.82547376793264e-15
"210",454.79,-1.03867752655888,1.39878923890871,-0.947610176317651,0.193291054436615,-1.15485264893973,-0.609596364675606,0.0153369848822508,-0.0729422426334063,-0.354931717078418,0.233105243279812,0.181717165012767,0.0525621353130125,-8.31279489688086e-15
"211",455.29,-1.08698075131087,0.511969829402228,-0.426119609299918,-0.378976545826067,-1.19342528994748,0.0628803849877592,-0.75675671248124,-0.749334030005056,-0.0970666796730585,-0.115333197849992,-0.246238973101298,0.0113841401414427,1.11022302462516e-16
"212",455.79,-1.32600196297552,1.19319901233116,-0.729575827501543,-0.695182326593318,-0.784083681416583,-0.875938166788231,-0.493041301778598,0.55600106105722,-0.206311061444511,-0.0484956579510822,0.17660948295725,-0.224644398114247,-8.61463678170082e-15
"213",456.29,-0.620195691578352,0.397831273269499,-0.855031963043266,0.373643944712229,-1.62257346107158,-0.692261245979995,-0.383146826662082,0.320080930256017,0.281395348606431,0.247585285773119,0.104370386206306,-0.0427424296855648,-8.40993941153556e-15
"214",456.79,-1.68621381356263,0.497421069520367,-1.41224106043696,-2.07780226111448,0.103724076127325,-0.934429463142018,0.16881820090823,-0.0391946869508046,-0.0241678431671431,-0.149735847532096,0.138308254499155,-0.301613588392884,-9.18709552877317e-15
"215",457.29,-2.35349558450813,0.535497026297086,-1.0726848782916,-1.1869785976325,-0.263255158127834,-0.332599780057344,0.889185361615745,0.322037695788324,0.388518788147642,0.661086825692796,0.264558022492941,0.36860385985553,7.105427357601e-15
"216",457.79,-1.60905982714045,1.23254564794236,-1.93423740265555,-0.864562187088036,-0.602009770571795,-0.470445825131297,-0.0754973496613508,0.174471726049385,0.212364705320329,1.02866569622153,-0.22192716023627,-0.417864540678455,-1.38222766565832e-14
"217",458.29,-0.471325610206033,-0.741398339716985,-1.84123402070168,-0.788330685877263,-1.29578669852494,-0.118048193475671,-0.286640719849226,-0.362932306797912,0.237008130060636,0.849768336738461,-0.169417850329368,-0.161865757797918,-9.22872889219661e-16
"218",458.79,-1.2001349068774,-0.0884830006167287,-2.89938520758322,-1.95927435360257,0.223169891044353,-1.10829959257969,0.086268447947767,-0.772786464525086,-0.692721852631467,0.383374067368473,0.245693754199687,-0.116357578090063,2.75335310107039e-14
"219",459.29,-1.66460845175299,0.315800427764618,-2.81575841256672,-0.765449883398471,-2.06864017483563,0.633685988195875,0.475478120639069,-1.23095898996464,0.387123307999222,-0.00838053400881808,0.280279504263971,-0.722184753982897,-6.0507154842071e-15
"220",459.79,-0.685157608266444,0.409984715660358,-3.02589674889004,-0.0454735909777094,-1.15306727342622,-0.879511767332418,-1.76689789953152,-0.729846994458994,0.238074369351268,0.339991047727556,0.00615301594409764,-0.398121659974845,-1.33504318711175e-14
"221",460.29,-0.283983357859324,-0.786568859160011,-2.64622570670263,0.397831568994563,-1.46712891530005,-0.27185564030478,-0.383018373116405,-1.08213750388607,0.159337661882125,0.234130284619124,0.402063413109005,0.259353097526525,1.47173939701872e-14
"222",460.79,0.200781025969302,-0.670065372683201,-2.5678186590275,-0.280822422851949,-0.67295558096713,-0.56872135918037,0.0733831485787033,-0.681233052766512,-0.221271105547692,0.754195349730295,0.336636001881915,-0.106256380415005,-1.77358128183869e-14
"223",461.29,-0.082459325700967,-1.05234352993903,-2.33230382526202,-1.64914227486578,-0.732908179792669,-0.502743066277844,-0.289031203679905,-0.283562632528003,-0.280060989658179,-0.0701159020375652,0.700216136592491,-0.114458172088685,9.82547376793264e-15
"224",461.79,0.641513949119502,-1.32073006788558,-1.97214475526167,-1.39038707169119,-0.493452951555084,-1.31326512456673,-0.73390336937299,-0.326807254445934,-0.175524721864339,-0.305916816282709,0.547114489756511,-0.404789082210333,-1.52100554373646e-14
"225",462.29,-0.273877570734888,-1.62024176602215,0.00619782774468369,-0.196190031396855,0.0335040297162575,-1.44878323541286,-1.24418625953045,-0.16208714377867,0.366943504391954,0.538790103744862,-0.289616679342177,0.164306650215373,4.49640324973188e-15
"226",462.79,-0.314169718682205,-0.498545144491706,0.597004920536385,-0.236123188409262,-0.596872866592689,-0.60677736872697,0.0386147726921463,0.103500223042498,1.27055026997352,0.364511759675365,-0.159671202324093,-0.179069762524681,-8.88178419700125e-16
"227",463.29,0.588247443394074,-0.662888604141589,0.644968578454666,0.14199135366412,-0.263828988867447,-1.38710074973544,-0.106311886266521,-0.482238521732719,0.776271666940955,0.764466457393753,-0.506672410124986,0.246154772020348,2.00672811700997e-14
"228",463.79,0.218518860530063,-0.549146037172139,1.49188616522977,0.0994225371074801,-2.00617895110032,0.189719519109263,0.25307034730704,-0.385282525994811,0.819758537653785,0.941379827816732,-0.763459761617391,0.777121975704194,-1.4432899320127e-15
"229",464.29,1.3556103120959,0.133020130883555,0.397082993259591,-0.169702764838062,-1.20059248620423,-1.56968233243899,0.425350046454388,-0.834181039481729,0.0719162388051918,0.657711756078321,-0.364131044842779,0.475976522487531,1.48501003160995e-14
"230",464.79,1.45902904612187,-0.814025033316661,1.36200960521817,-0.547653416852883,-1.16662810804038,-0.433520525008255,-0.182653207094361,-1.18861047186224,0.561562967786152,0.717280633573543,-0.249559204785267,0.0558272435863951,-2.35922392732846e-15
"231",465.29,0.0323045522390494,-0.165477141571582,0.445882498345828,-1.23177361441513,-1.07043222842521,-0.836116367080486,0.15208929583241,-1.0194901745031,0.158432047763822,-0.0617960265750933,-0.39949780101107,0.0918378584774342,0
"232",465.79,0.974779213792705,1.19599311716279,-0.493810921145074,-0.934572586956775,-0.0851291303242593,-1.51886903281185,-0.0739579277516626,0.0962727375481972,0.576197348011444,0.588606197913825,-0.399507362256616,0.190939122365559,8.88178419700125e-16
"233",466.29,-0.564759459820948,1.06071746361717,-0.206797900121888,-0.447338927167583,-0.928342623539685,-0.047408756388946,0.113939177017514,-0.45082675302563,0.962196793287344,0.836059351611905,-0.176983711843883,0.0426583458406537,3.77475828372553e-15
"234",466.79,0.345293169925046,0.792013363648438,-0.361233865000089,-0.501153734681639,-0.380673634265348,-1.67060879135632,-0.747163361883925,0.130765090984698,0.176378027598246,1.46042056325144,-0.134962510836506,0.188431303844522,1.50435219836709e-14
"235",467.29,0.757985884412341,0.322524988284136,-1.48696864920227,0.029055658166484,0.0349494158196423,-1.45144734397896,-0.162228162343909,-0.900325297091048,0.323452969875509,0.708204986834826,-0.153652403701715,0.0110730293815473,1.08246744900953e-14
"236",467.79,0.147438411905235,-0.329884810394942,-0.165807443499005,-0.598247663573064,-0.792690669324122,-0.680984071940027,1.38548189323179,-1.19184176046765,-0.389027237750266,1.12889800395139,0.0883309867262597,0.147211856223681,7.14706072102445e-15
"237",468.29,1.53542855539654,0.795429075853914,-1.52661045225505,-0.548050767173006,-0.0559630122675295,-1.30382364748751,0.148293482553162,-0.661534484949686,0.618390944559031,0.476278590292332,0.247728223739584,-0.0547298055816202,1.38222766565832e-14
"238",468.79,-0.373645662662556,1.48784920350142,-1.64159518484136,-0.583571072032222,-0.0363700613270681,-0.930127561332539,-0.505359873022645,-0.97093334663792,0.432175512410641,0.26674753713976,0.00705690045636442,-0.10021464128665,6.57807142090405e-15
"239",469.29,0.303283788102093,-0.107131124657645,-0.296080678889843,0.19678635093104,-1.1657657454767,-0.0224868450981811,0.409480005047605,-1.00836986997088,0.461633573615352,0.918802457789333,0.0246113782380794,0.0677976623562625,-1.06026298851702e-14
"240",469.79,0.186343179783829,0.340782408033634,-0.378432578700601,-0.714230697463386,-0.0500339274679147,-0.680656601373008,0.278685364178421,-0.768683213978815,-0.200723386432043,1.31923344621369,-0.0577470556127727,0.174749977555928,7.11930514540882e-15
"241",470.29,-0.455218131705429,0.422260887829938,-0.697601234856675,0.715291689416831,-0.518490786510726,-0.99396973142299,0.279249937979441,-0.65088482686495,-0.27126462330992,1.26321491611748,0.0563918842179235,-0.23292987017401,-9.13158437754191e-15
"242",470.79,0.798470443736702,-0.208968911126047,-0.706741959257361,-0.172730539729634,-1.05382281329867,-0.395711641218407,-0.632739911735985,-1.64929364811952,0.192259008419151,0.14595597164271,0.144697764658129,0.432380062928407,1.26981758441502e-15
"243",471.29,-1.02521603713195,-0.663878790082056,0.139568837169334,-0.822061644168525,-0.588046675479365,0.186421071111522,-1.20884784320138,-0.688413720578152,0.563996541087781,0.125439119194928,0.133371138138083,-0.0327502097070467,-9.74220704108575e-15
"244",471.79,-0.111093796002032,-0.28989871553825,-0.712688877484937,0.0986235679455174,-0.375601082020087,-1.33187213347003,-0.460140284511184,-0.649717379635841,-0.0268263927608056,-0.0496628213785395,0.33137982318194,-0.241905209385432,-7.7715611723761e-16
"245",472.29,1.13944388328529,-0.277882871277696,0.998619196878915,0.258918389215556,-0.979228485515079,-0.232892555152105,0.142462150327304,-0.599720800022321,0.569823234629188,0.973582145723665,0.562569050381954,0.0112704483187882,9.43689570931383e-15
"246",472.79,0.408997175953133,-1.03716784222638,0.543734014999838,-0.589116924000077,-0.868166669928221,-0.624445380729594,-0.288606231608531,0.0158706607119793,0.192220733412561,0.244729572259969,0.452579139659357,-0.0662176981765804,7.84788900531908e-15
"247",473.29,1.22494711418662,-0.435803927357265,-0.0398837019129336,1.08572585748096,-1.66534863628902,-0.687347707613449,0.715060253206419,-0.502357447211186,0.0376648669390138,0.41637449382293,0.247426349720751,-0.306756889649536,-1.07414077632484e-14
"248",473.79,-0.819206875879141,-0.146581453822389,0.251280268476889,0.0497056128741335,-1.07434144914787,-0.953013076642234,-0.48646045951243,-0.00105781856106508,-0.503660111344274,0.663739572140632,0.207457408409434,-0.147986926065607,-2.0566881531181e-14
"249",474.29,-0.982522626179094,1.15399796780035,0.206372389340264,-1.26036613260306,0.5414500005178,-0.55154987597815,-0.235541028751161,-0.0658437726084664,-0.19151102271996,0.885546157824704,0.254644481842949,-0.31916084572114,2.04697370165263e-14
"250",474.79,-0.0683100886033727,-0.222734611991795,0.552417564708157,-0.502154393155956,-0.600220454543299,-0.102297364902032,0.325489832904759,-0.360979761988993,-0.368838605795256,0.946441452867131,0.505406139718341,0.188094408733785,-1.19904086659517e-14
"251",475.29,1.74246085324871,0.55333358812619,0.0773472480932853,-0.0253456299589111,0.469018549913296,-1.31234821965587,-1.48026545775509,0.0840865797745302,0.472315498409879,0.894724364904682,0.263351024793862,0.0362030570825201,1.54321000422897e-14
"252",475.79,0.35713850050897,0.0562385554238118,0.365572392993773,-0.0336393197901744,-1.54645075815999,-0.279062430139883,0.338807715482601,-0.962556169637903,-0.0111709545428727,0.0426210527102894,0.264178825058927,-0.316587061261299,4.9960036108132e-16
"253",476.29,0.434671999492418,-0.753894740108522,1.40349608059216,0.146032336407606,-1.90006765260198,0.115786930585379,-0.345075524360565,-1.02067803759148,0.0479967076901994,0.631533650959915,0.357055425992092,0.0119265364729081,-1.48769885299771e-14
"254",476.79,1.74528939074018,0.308196916365202,-0.11021547626393,-0.00175120940078514,0.264545551091473,-0.654648994464231,-0.116422470234634,-0.541445191013287,0.67056243136679,0.672673160792053,0.364717418530345,-0.350896105254978,-2.38975506050565e-14
"255",477.29,0.610719111574495,0.468546901783874,0.607457533384855,-0.988235754733307,-0.549018648459744,0.326880419359866,-0.238816838650427,-1.15927685764889,0.409447833763687,0.790828748618782,-0.144372050612367,-0.120210867639642,2.58404408981505e-14
"256",477.79,0.502247363400146,-0.144007640857373,0.276639996175945,-0.0749756142782927,-0.496003909598677,-0.49665818309344,0.684963480815648,-0.754207247266712,-0.136609446890643,1.01710663001698,0.301978826178045,0.243826333051691,1.22887811038197e-14
"257",478.29,-0.0288109660766804,-0.303344666611822,-0.149822475556963,-0.529539190029818,-0.655414489716665,-0.463789097527724,0.118464663567424,-0.578576400856762,-0.155038846505543,0.734131614769455,0.240267169032087,0.0878255183101574,4.50334214363579e-15
"258",478.79,1.38168793924049,-0.535054303881399,-0.190457774310826,-1.06951107263241,0.7657395231502,-0.922661516778704,-0.0293555751353918,-1.33767298134349,0.176343314443662,0.732684333723789,0.487623446429836,0.0302201156394033,1.4432899320127e-15
"259",479.29,-0.630819334937832,0.179921084382056,-0.678581583898504,-0.884083349097701,0.0911850144286852,0.0106263940886422,-0.575475540665094,-1.01150638097256,-0.0361192354208343,1.30800210442806,0.197057458104944,-0.0520837879704634,1.67470204370801e-14
"260",479.79,-1.37618545846866,-0.966679566740604,-0.760955967277435,-0.557412514824823,-1.00134356700682,0.505066820156118,-0.62094229013375,-1.11796262271114,0.138092826068869,0.441650392101168,0.036826867283012,0.208858006613932,-8.1601392309949e-15
"261",480.29,-0.990356158599094,0.488152542099081,-1.41691003109305,0.144999521283406,0.126042507081947,0.420663532684953,0.349087193557499,-1.39314539902721,0.642446324889165,0.748894301942639,0.0019867779140044,-0.327954807145446,-4.76008121808036e-15
"262",480.79,-0.747591367347474,-0.743050841515753,-1.59091767932627,0.0681841605732222,-0.953777395005654,-0.00985660718864334,0.0262990884916812,-1.23555221873136,0.0641963854097474,0.874719360204243,0.048967370938363,0.116866251479489,-8.31279489688086e-15
"263",481.29,-0.908979133583389,-1.2242635938922,-2.4896025803011,-0.945292005679175,-0.712593121146354,1.01788332507516,-0.0426296310282297,-0.520065021984446,1.05517970874002,0.559878319761067,0.138763535139998,-0.418264977158185,-1.39332989590457e-14
"264",481.79,-1.09587285482486,-0.525277424556922,-2.37379675239388,-0.722098732215473,-0.519754931566252,-0.220533051442517,0.568192144947855,-0.636917802608133,-0.435546437121074,1.21749781841446,0.0329620306526768,-0.0491234795926941,-6.20337115009306e-15
"265",482.29,0.196910459462971,-0.888123928557575,-3.39897213789784,-0.854563179749979,-0.0321915609498578,-0.345060696837235,0.335483376903949,-1.15458239924873,-0.0693647399411408,0.795288484479466,-0.0226091435150612,0.0992573026375613,-1.0547118733939e-14
"266",482.79,-0.706200681405829,-1.56892004052082,-2.12946228668772,-1.4733102089287,-0.0893645806098865,0.641275286625533,-0.520659770849749,-1.60255617039785,0.0033952020061495,1.0665021666492,-0.0422949597841549,-0.272275466951545,1.8401946633162e-14
"267",483.29,-0.340695731086998,-1.76373451961415,-2.19920380855373,-0.456077466806964,-0.0692986050156812,-0.0911387333313813,-0.379060043057862,-1.5173845863564,-0.444144618911871,1.54315190330331,-0.184274389699377,-0.37348132827967,-1.29896093881143e-14
"268",483.79,-1.13566954401828,-2.50657368836523,-1.15774012785964,0.2133298506566,-0.716842006785456,0.0416980639860527,-0.770073893698561,-1.47982431753621,0.0644727700863159,1.18024113160181,-0.33595066919041,0.391439574849807,1.69309011255336e-15
"269",484.29,-0.541684939513775,-1.36447287584737,-1.0788780020016,-1.06820922732033,0.279524549047634,-0.975048610591192,0.519062320320984,-1.34273393262317,-0.507863684226199,0.977748325358182,-0.136405070248109,-0.187557489252748,1.71529457304587e-14
"270",484.79,-1.76061542345522,-0.694028513063739,-1.78026246695436,1.03000462490137,-0.26114913969707,-0.423079123941249,0.889733281282761,-1.44753910345107,0.0427463934427319,0.422841394931966,-0.0926188367413383,-0.288228772238618,2.80539480534969e-14
"271",485.29,-2.42654016504152,-1.00640739060532,-0.821175401798401,0.309666527260996,-0.187754992845598,-0.162341407214355,0.391712360190985,-0.400268677529721,-0.175955142394095,1.41143507553767,-0.237990879487674,0.115495746324785,2.50077736296817e-14
"272",485.79,-0.633260943111995,-1.35383915724705,-1.26909084268506,0.499804317159975,-0.299851226560437,-0.860472863144738,-0.507147045550902,0.150114834473848,1.37170634648322,0.279987572248217,-0.17456481111972,-0.190061566612705,2.05391259555654e-15
"273",486.29,-0.491338544559102,-2.5555232764871,0.052133157432694,-0.939382129037726,1.09069134612721,-0.288844952640234,0.446604613566732,-1.33769642692655,0.383254040205149,0.871482509840396,-0.0492725757645193,-0.102080181598825,2.2509771824275e-14
"274",486.79,-0.746072107497125,-2.40173708600043,-0.931964271571686,0.130855524269222,0.475208012216677,-1.2934569461753,-0.415298457317649,-0.45825570140342,0.24014292105776,0.115370932656535,-0.0647778885144806,0.242924057912907,2.75335310107039e-14
"275",487.29,-0.962455754900139,-1.34396955484268,-0.782818851804759,0.189675660162856,0.358893781278011,-1.08246933524757,-0.38213663588626,-0.452693567840164,0.454074098578397,0.414572082712163,-0.00117399641708308,-0.36428738804549,3.66373598126302e-15
"276",487.79,-0.465420709486855,-2.08183209913027,-0.109985382061811,-0.450407749265465,0.0862730490316019,-0.846131026232788,-0.0409583362646088,-0.504838538862293,0.277383927981528,0.510719391243959,0.319234771035303,0.0579212534837731,1.60982338570648e-14
"277",488.29,-0.370512851160664,-2.62650462985331,-0.360767718605562,0.411970965074661,-0.426684770400634,-0.644254784961502,-0.261981012900515,-1.0034749995043,0.284573165534636,0.477128735733119,0.173879622782185,-0.200011815144265,-1.93456362040934e-14
"278",488.79,0.0345417763587178,-2.0133808823373,-0.616146652855992,-0.195871646588425,-0.734459596875348,0.141670491445987,0.722867991281981,-1.86789548196719,0.275543302630737,0.223996636727383,0.0870487580731049,-0.148229506119496,-8.36830604811212e-15
"279",489.29,-1.04001261554735,-1.56777790138901,-0.125539137531785,0.565256062143515,-0.713190055030313,-0.238976313254446,-0.910506875684996,-0.50452733149804,0.293784628108883,0.985324199706384,-0.000846801822821225,-0.0419978894403025,1.00058850094342e-14
"280",489.79,-1.09433998081068,-1.83428244981117,-0.201931328156225,0.261730751425619,-0.319995355876784,-0.140177420817055,-1.25061582484743,-0.0919079042572742,0.483903556693105,0.292092753459708,0.176259515045408,-0.18342119984005,3.58393870136808e-15
"281",490.29,-1.84584967801968,-3.20940210978483,0.00895474172390112,0.754628989893612,-1.96670304083269,-1.24644024213634,-1.30643793431561,-0.839532363888264,-0.832212368216722,0.517714795346425,0.0999604913081851,-0.29136198451202,-4.21884749357559e-15
"282",490.79,-0.293174885637248,-2.4758864009476,-0.873603571761775,-0.658263446396577,-0.449820347897206,-0.986144760262225,-0.422223398176593,-0.779864439944806,0.179894473196196,-0.352748261311215,0.447811261223838,-0.0845394306320813,-1.16573417585641e-15
"283",491.29,-1.16464206697775,-2.03333965345978,0.556859807583869,-0.694117865693957,-1.15561153732223,-1.06409954497695,-0.781911487909407,-1.24515022973563,-0.328842369043437,-0.0461665488994171,0.322016883298802,-0.332339252121999,-2.37171393635549e-14
"284",491.79,-1.91905234134664,-1.825770707572,-0.0618079823140975,-0.960548064287544,0.473740119407127,-1.79031692829871,-0.26359069641924,-1.16415696674404,-0.817751147333524,0.505375653686475,0.560545036672776,-0.301882750734937,4.05231403988182e-15
"285",492.29,-0.932791173349528,-2.38966043351756,-1.2280707279284,-0.384834442986978,-0.0946692283556397,-1.50804948144286,-0.311229930117747,-0.371926002310789,0.0132535024758935,-0.590326924414641,0.834017469301714,0.159370105747013,1.46549439250521e-14
"286",492.79,-2.13140116438722,-2.09165426604286,-0.85370677322721,0.185727458822662,0.00608542524329081,-1.44565304071597,-0.799747110004881,-1.1714187793482,-0.638017445663283,-0.55478576160032,0.0430808720930456,-0.133702376232412,1.64868119156836e-14
"287",493.29,-3.21282130745998,-2.66403271787951,-0.53233582362127,1.26057669340561,-0.315788739961981,-1.27876705032485,-0.938026090649734,0.584600639317219,-0.143142900049207,0.0209905260969435,0.123735512352411,-0.377315463110817,-1.37945210809676e-14
"288",493.79,-2.66522700431432,-1.72500541530346,-0.341295013547445,0.718422756627093,-0.88990453769868,-0.220929418384135,0.744118161422781,-0.400750747605304,-0.360405366041317,0.254195864112412,-0.0600776232924515,-0.332202967081745,-1.45994327738208e-14
"289",494.29,-1.956214781259,-2.38477375942554,0.0352205261420734,0.810518210421024,-0.197397544350222,-0.679921647061681,-1.87045047853197,-0.0996739039673478,0.388072448022667,0.312267056873786,-0.177366770404152,-0.205952202490912,-7.62584440039404e-15
"290",494.79,-1.39659201390957,-1.90073280950208,-0.488185124676313,0.704680510040344,-0.449665402363552,-1.15055580473441,-0.915039401760299,0.393828140526501,0.146370831361353,0.29401503999153,0.282751823991899,-0.293260868184181,-1.56263890715991e-14
"291",495.29,-0.377792903491634,-1.54553629245723,0.519630836896104,0.0415500162751846,-1.62940166097651,0.203471916088937,0.874178636370082,-0.8413887791735,0.255262939249437,0.261939362688472,0.687888967510787,0.0891787042719509,-5.55111512312578e-17
"292",495.79,1.8062067883125,-1.37707698720918,-1.17666629977576,-0.149432403257726,0.312826471168807,-2.33911166364142,-0.21459584349911,-1.60974147580718,-0.704699496896681,-0.211101319427661,0.389432678957155,0.107659362338443,-1.4432899320127e-15
"293",496.29,0.164957749416811,-1.88936264252255,0.382289268932837,-0.161410706569404,-0.169644426256668,-0.867560745226953,-1.00675628707446,-1.3193691305892,0.00813622546175885,0.189312247898405,0.34757154431531,-0.0935864671319214,1.87350135405495e-14
"294",496.79,0.558314550102777,-1.81976232237429,0.418459204859116,-0.779452754860528,-0.0566641562577274,-0.421677231418832,-0.493466177580964,-1.02842933238767,-0.352318807059141,0.639404547714503,0.44686573972966,0.283147012981899,-5.12090370108353e-15
"295",497.29,0.326784179895422,-0.580682614038602,-0.899709509839223,1.03492052658534,-0.830087141497649,-1.04616199900478,0.633544658254293,-0.911479871978583,-0.102751750258865,0.333978712461408,0.323263478326145,-0.0127067078168745,-5.78703751585863e-15
"296",497.79,0.0522672751809991,-0.391433471220892,-0.539936152876257,0.212069010401496,-0.160395596985961,-0.923216589514331,0.021692283948707,-0.769344482324849,0.20596710714208,-0.0944508607240101,0.515856587572484,-0.35898531636979,3.85802501057242e-15
"297",498.29,0.186376554141055,-1.48877676653886,0.634702645469862,-0.985579757094644,-0.15571998508665,0.0855621326184958,-0.786978345180827,-0.997280280482438,0.220844221204111,0.0155886918368641,0.67270726135676,-0.0511260320969664,7.69523333943312e-15
"298",498.79,0.659512958447432,-0.968961055842701,0.705002156794445,0.667311865195223,-0.780645955974679,-0.615116972334764,-0.0834162445121624,-0.367350011574484,0.19709351645583,0.481953991624715,0.707409909240272,-0.0131858350839515,6.56419363309624e-15
"299",499.29,1.68068934049968,-0.803193465055031,0.725467816476531,-0.13658394770858,-0.110893938587282,-0.428930238985566,-0.8994789136209,-0.861820606278706,0.25843889096621,0.226019057603148,0.333279735076025,-0.223451766898291,-1.0623446566882e-14
"300",499.79,0.576218947851441,-0.973099520027802,1.26948786698144,-0.560439975374136,-0.368040244541036,0.235327656373306,-0.815794423346607,-0.537262804863528,-0.0497984017804267,0.556638773009858,0.48350350912621,-0.303673745252603,-1.57929225252929e-14
"301",500.29,0.965302802330632,-0.80364172715825,1.31125057393868,0.143137133176096,-0.764729547046102,-0.555796755877009,-0.501884910067078,-0.827475610142832,0.00581157931307064,0.494350931635969,0.6340646392527,-0.220267984395839,8.85402862138562e-15
"302",500.79,1.47216716838577,-0.372341628800951,0.686842770956978,0.75410194986223,-0.517874423691093,-0.626560076760148,0.0477541777197967,-1.50498360882371,0.399535142331768,-0.120103216104379,0.8353508418321,-0.244142967005891,1.80133685745432e-14
"303",501.29,0.017403834365996,-1.01869864465201,1.20050959068797,0.884532210571988,-1.4080291270175,-0.528249723694731,-0.818182327340516,-0.931661943969959,-0.0948193265287205,0.307215679986667,0.249336297599854,-0.360626351014444,8.49320613838245e-15
"304",501.79,0.893470823057726,-0.552927672427523,0.839021668874883,-1.12108918633862,0.495457856935063,-0.359520681871649,0.0842459804346308,-0.748917322145657,0.20318206249272,0.438517992437652,0.578700307176436,-0.229379293299599,1.50573997714787e-14
"305",502.29,-0.602554832044875,-0.0524976080395437,0.30894461854915,-0.219316515317985,-0.0463933995096075,-1.38770345028743,-0.8315783437342,0.429334125989818,-0.245479343175196,0.63755490905719,0.224407597290176,-0.2238666623358,3.33066907387547e-16
"306",502.79,0.458225846632963,-0.897554089147577,0.745792042657211,0.346190784815449,-1.18442300419833,-0.246569009534506,-0.222491562277067,-1.44631742107354,0.245663621948025,-0.021738455667647,0.541614152353103,-0.118848006857384,2.89768209427166e-14
"307",503.29,-0.650026844885594,-1.25229499000464,0.690260984043295,-0.0382466944501547,-0.0127051095537334,-0.824869686741956,-0.650079968711928,0.0850580830503577,-0.101844971322713,0.498712018963531,0.395756470531237,-0.419772815670052,1.76247905159244e-14
"308",503.79,-0.585855518706948,-0.167065341882753,1.06199915003764,-0.422242942753737,-0.233373613349906,-0.960029751912355,-0.0650450648272696,-0.478461726038636,-0.564226256385904,0.583611735348714,0.51339152212117,-0.0893644236336612,-1.73012645876547e-14
"309",504.29,0.352215796293557,-0.371546037919035,0.251703604767411,-0.889724465779736,-0.329414749619891,-0.685970488735019,-1.10250735614653,-1.42686613720255,-0.367850047814426,-0.565465046859455,0.252550077126566,-0.0297454589413031,2.52992071736458e-14
"310",504.79,-0.544088238546066,-0.485761089028456,1.48599280339659,-0.046074567780466,-0.986076686791544,-0.25065248410351,-0.795425171390106,-1.05642525369472,-0.141705960685423,0.288407021081596,0.4484899410804,-0.0532474727624625,-1.66533453693773e-15
"311",505.29,0.291542574042748,-0.65017438403174,-0.177788928170598,0.563761165225503,-0.289713525566066,-2.04826977440781,-0.910473807577948,-1.19745724027161,-0.370877878913471,-0.484830002358567,0.737982485853533,0.247341281980636,-8.77076189453874e-15
"312",505.79,-0.391813098508759,-1.58624284813292,1.22013920513782,-0.384787378191442,-0.399219045964474,-0.819478742626984,-0.146902083106651,-1.53511865407605,-0.848274501550987,0.227052527390766,0.469408354720306,0.337066435650559,-7.74727504371242e-15
"313",506.29,-0.575702539075703,-1.20529280846212,-0.120822752634414,0.526230868551083,-0.0986552846151781,-1.07564618491817,-0.0985245752439301,-1.06357853132662,0.0097922025871901,-0.18037080939543,0.302102853327368,-0.258511906661633,-1.08801856413265e-14
"314",506.79,-0.720068004877611,-0.974902342844841,-0.0855951735327029,-0.89907457544802,0.742424289050931,-1.78410523368932,-0.801007368853235,-0.727158484176023,-0.397571438727209,0.0703309218634492,0.319239546314175,0.277315153301189,-3.33066907387547e-16
"315",507.29,-0.551407613235549,-1.60655827419105,1.17193116137777,-0.32399796452508,-1.15916403552144,0.471001683839886,0.834335948247036,-1.6732147182914,0.13137653144104,0.57200078499953,0.129608656560344,0.431041868480706,1.69309011255336e-14
"316",507.79,-0.550364883238335,-1.04363956339008,0.256241126522579,-0.0534521596959621,0.726950940718486,-1.49262486657135,0.324392849276485,-1.11790117156195,-0.387593194390151,0.785368543897034,0.185524897746523,-0.145604645129652,1.86517468137026e-14
"317",508.29,0.926701933608782,-1.74322097604337,0.741008930054566,0.774953861116763,-0.0426861889461753,-1.21102167034275,-0.209599686098722,-1.05738301236597,0.691491019761577,0.542865016384766,0.158548524976307,0.243208274767026,4.87110352054287e-15
"318",508.79,-0.762325675598676,-0.757542281421677,1.31205402712472,-0.591147284056263,0.182350805383511,-0.917335463462892,0.719267302174503,-1.257929522966,0.047542544720828,0.817148876702261,-0.0366537839644092,-0.146633068522717,1.4960255256824e-14
"319",509.29,-0.298673118293578,-0.469156067781729,1.21179109637568,-0.124954253725378,-0.789569689774614,0.358438454897141,1.81623200135564,-1.03373729192687,1.0415992120409,0.348990028045331,0.274321752317039,-0.0471503090213595,1.53210777398272e-14
"320",509.79,-0.564313946772495,-1.65185838568832,1.62382464444527,-0.943314551491525,0.280982576146466,0.0943510984332918,-0.0568202698259719,-0.596906142387157,0.586086435230766,0.989448348398367,-0.100412037658242,0.380344631672211,-5.77315972805081e-15
"321",510.29,-0.931304533037628,-0.84527009772934,0.741059040611531,-0.582071797944764,-0.223705077784888,-0.221475683947971,-0.102153066350156,-0.765464688585168,0.706613463436287,0.300811947590023,-0.2683001515858,0.413263571138193,1.27675647831893e-14
"322",510.79,-1.11978962934484,0.0460740955406299,-0.483823281658507,-0.355982260454779,-0.340724837951823,-0.753071176485109,0.746471093599466,-1.59433889944515,-0.158710223538652,-0.0678177358964611,-0.142750151345833,0.311088865734717,2.20904024239577e-14
"323",511.29,-0.814473933920533,0.451869570867872,-0.456035845162703,0.139839130683955,0.673181843978406,-0.977716987806333,0.104000860470157,-0.739619725281141,0.569690316191878,0.182485137136693,0.565279727165599,-0.0780379831320579,-1.09079412169422e-14
"324",511.79,-0.190280836785242,-0.615975158522041,0.0671089664910537,-0.132371641737617,-0.787491300103063,-0.547091233518627,0.375387831177474,-1.34508417292419,0.00950854571228807,0.396891513285238,0.530294123631075,0.0894509639511954,2.52853293858379e-14
"325",512.29,-1.01579286071535,-0.295242334282576,0.285217510843661,0.0816711684793815,-0.445807277022485,-0.994625461147033,0.857552745458393,-0.513726634702777,-0.530316890242998,0.924687609794109,0.727658603403575,-0.289573945419782,-4.80865347540771e-15
"326",512.79,-1.74088385416248,0.0410689110268561,-0.463076348336138,-0.825176489338598,-0.132358126107673,-0.166762553578137,0.0100334313201983,-1.19389642318662,-0.125677543047205,-0.542783557364886,0.568260602973613,-0.193321657408941,-1.81660242404291e-14
"327",513.29,-1.50047588959692,-0.44837871189575,-0.302197062506386,-0.450574410548541,-0.487100712440833,0.266581816365523,0.524080026770176,-1.45526399893896,-0.0294831683214439,-0.356776568125719,0.659595258413854,-0.220973939828003,-1.69586567011493e-14
"328",513.79,-0.128665531988726,-0.699681531753162,0.0234984775565482,0.614188720256055,-1.18882700235656,0.81816444529545,1.5088261009954,-1.38952979055553,0.455859602134655,-0.0537336330787681,0.921590216736308,-0.193468137696504,8.32667268468867e-15
"329",514.29,-1.59652082355149,-0.861387527743023,2.25613637388761,0.559869922044274,-0.36561670707132,-0.782426743961091,-0.933048540446664,-1.23731133144258,0.684279041459088,0.236711291939197,1.2438880249189,0.00890050352388082,-1.45439216225896e-14
"330",514.79,0.946590619169988,-0.100843120988678,0.95923927627378,0.0480396057714146,-0.178868346160585,0.224833640566585,0.935532993511594,-1.71867392788494,0.559941074220622,0.223049128129106,1.03456283776552,-0.051189859556288,-7.68829444552921e-15
"331",515.29,0.253375272733105,-0.15032642047766,0.883193147745497,-0.784733032919472,0.741175464132107,-0.381304743952678,0.0778232918469271,-1.42666917032328,-0.18790589391059,0.274930156856593,0.72587144377075,-0.219558761697074,-6.31439345255558e-15
"332",515.79,-0.69849734309196,-0.133974517770448,0.748586335491475,0.384571412016754,-1.12932759320206,0.741833824104846,0.59681595811667,-1.37269758351381,-0.0153089365620706,0.346847487819971,0.370037939013675,-0.161376554458602,6.10622663543836e-15
"333",516.29,1.11740937803523,0.47452869335897,0.39005589170729,0.354570082035689,-0.866139159657138,-0.588986698739328,1.32998982143932,-1.55371374417995,-0.393800706546802,0.343528407806798,0.572828351347369,-0.0520235043899098,2.228772721935e-14
"334",516.79,-0.0716985470094528,-0.0665375840794946,-0.701351372737337,0.408942029017346,-0.161359492767283,-1.32747381090785,-0.657742930727442,-1.1144543199327,-0.350486295013742,0.0653613436612599,0.17020904901894,-0.179710068797031,1.85407245112401e-14
"335",517.29,1.22967371814734,0.309851617378581,-1.34006793431129,-0.0893849813844017,0.45890433928196,-1.72158648684125,-0.795536095422753,-1.22974009109674,0.337984862283611,-0.432750209106378,0.324944030313467,0.124236620498324,2.2815083156047e-14
"336",517.79,-0.345078436303243,-0.233943811898891,-0.106071938038333,-0.414071915279931,0.486963640623983,-0.758459559470797,-0.494706609622686,-0.762324271368322,0.670668425906603,0.110621147063901,0.53296554386149,-0.14766228611937,-1.63202784619898e-14
"337",518.29,-1.34713346358165,-0.32389593051102,-0.0649020401383754,-0.134755198194244,-1.02211990611601,0.174162511779846,0.41838566819704,-1.19091222684153,-0.141748633359057,0.472303814684193,0.1391797327105,-0.203656685368902,-8.43769498715119e-15
"338",518.79,-2.26266905579108,-0.0642967977397823,0.266083948526876,-0.265621742972562,-0.66999880288982,-0.22131000910367,0.0120343501364401,-1.24448466462022,-0.156238868632952,0.480585060618615,0.00275233404443637,-0.0378508244478072,1.82076576038526e-14
"339",519.29,-1.28852782123529,0.471120618958849,-0.0404561750316875,-0.908645576987931,0.466996393676553,0.490126000331193,0.520636787308005,-0.0443761136331043,1.10244610517264,0.323755195273349,0.411016332518166,-0.236919984657442,2.22460938559266e-14
"340",519.79,-2.13425745109436,-0.405518883555193,-0.223793448431028,-0.581167105519649,-0.477455017362367,-0.0105648228683798,0.206489153510277,-0.887784899895054,-0.306332654826773,-0.0849223281102227,-0.164950273100281,0.077746419361442,-1.69586567011493e-14
"341",520.29,-2.22839925106168,-0.655839928248572,0.466107788060357,0.220154599921276,-0.326953066553556,-0.504088999315303,0.0838454876057594,-0.161228990598432,0.150940699590269,0.474317557029786,0.0711323617287713,-0.248004985825324,-8.82627304576999e-15
"342",520.79,-1.52100086882993,-1.32982137902316,0.459894190688625,-0.215617501459603,-1.32467017069153,-0.115982514928108,0.345893654138473,-1.10941992032244,-0.0521036777269875,-0.06517513188928,0.299867054338663,0.105902814565635,1.48214773787458e-14
"343",521.29,-1.00784490891578,-0.385528882174454,-0.809099376708704,-1.06383521465951,0.544244867782819,-1.20288078775201,-0.421954182790261,-0.899214638503642,-0.376764557492107,-0.188164378899517,0.153760632095225,-0.0411520040848364,5.88418203051333e-15
"344",521.79,-0.290618898698252,0.137145003824304,-1.30099624505204,-0.292393656152328,-0.626215754159371,0.0473686587177635,0.177469726614206,-1.12176729854619,0.584915474718584,-0.627676196440538,0.215198079340341,0.349517266240938,-1.12063136548102e-14
"345",522.29,-1.09034621392296,-0.512513099885499,-0.560856359758424,-0.119267208684037,-0.567980207628406,-0.473141891100348,-0.551762506499766,-0.882382736865242,0.20807196464676,0.117525865061246,0.256014195977244,0.121291437866675,2.63643273878955e-14
"346",522.79,-0.811876864798979,-0.0223198862911688,-0.588430093519302,0.568423405274405,-1.41036041086203,-0.509008582381171,0.0550780890276916,-1.16943505294847,0.473668458661554,-0.112018653073558,-0.341881244577209,-0.304512461558165,-1.33504318711175e-14
"347",523.29,-0.468378241832536,-0.563911157171934,-0.17811192124587,-1.47291439483961,-0.283485843126693,-0.724352965619688,-0.135588431573943,-1.18584146825225,-0.163682152288988,-0.144813534383766,0.0966025236758066,0.436600821121903,-6.23112672570869e-15
"348",523.79,-1.45482160660919,-0.291971335398008,-0.223784020835722,-1.04171468738414,-0.458573700276667,-1.38884135654004,0.484263927307092,-1.23654029359693,-0.785395375298587,-0.130383841531405,-0.251259936142005,0.0525801420751625,2.15105711021124e-15
"349",524.29,-1.48197762865044,0.637577788567504,-0.340038959770431,-0.716619981570847,-0.452904277671196,-1.33799946534671,0.551828456575566,-0.259627555684066,-0.288547405808239,0.297374892394285,-0.198116197031909,-0.449739329249425,1.03805852802452e-14
"350",524.79,-0.738500655096751,-0.134686928862843,-0.236641260158316,-0.95590169044213,-0.120161975256058,-1.28278716903145,0.412616049450495,-0.528979130635909,-0.144055137975898,0.280009360861323,0.120205781547692,0.0223063294931783,1.00475183728577e-14
"351",525.29,-1.27027963163032,-0.436738168751917,-0.275615915291005,0.13488724929618,-0.501633411812207,-0.711375389302337,1.05148507209599,-0.164744680664443,0.0484588358149442,0.872575370988589,-0.0873302286020633,-0.124300704472494,4.71844785465692e-15
"352",525.79,-1.2578702810678,-0.868466609747894,0.623891596872486,-1.00359821637275,0.174212248873003,-0.293208487636911,1.19467178648682,-0.0307684762810477,0.776323475433758,0.624450450345048,0.346570704895536,0.0284010847056796,2.44665399051769e-14
"353",526.29,-2.39146093665487,-1.1620137642328,0.155606215065149,-0.939851613343315,-0.418606841863847,-0.847113773675529,0.614797294083583,-0.119316102679597,-0.410960255598431,-0.00223944932422081,-0.143197678421378,0.201749809227043,-8.81586470491413e-15
"354",526.79,-2.1362402992717,-0.118416335221189,-0.970842118452728,0.0924487115894204,0.0149058571877931,-1.06654963167072,-0.311897966895597,-1.16089350553008,0.037530068783682,-0.427078122817996,-0.272697338332317,0.0566543478736896,-4.71844785465692e-15
"355",527.29,-1.97459075092914,-0.769650796935182,-0.173502561634377,0.717674150241749,-0.874761568706132,-0.796550447187215,0.0863843520520067,-0.724930871007636,0.308207701977928,-0.282781019283774,-0.0688615528211978,-0.0968140183845377,2.62012633811537e-14
"356",527.79,-1.31183307152114,-0.692243413536568,-0.0476748695859307,0.271616899662345,0.602252780304103,-0.723375561031716,-0.755372093820763,-1.09426888957499,0.589893738982464,-0.236057209889503,0.454587094604949,-0.0697121794960168,3.02535774210355e-15
"357",528.29,-2.80690260221514,-0.0862890007855224,0.219826972045258,0.944003115568122,-0.1146769598763,0.000273695952091813,0.474354923869585,-0.584356128304802,-0.00843818465324631,0.811372887616784,0.250686664813394,0.368524653554249,-1.58484336765241e-14
"358",528.79,-1.59388403821239,1.44180032172728,-1.03266594382158,-0.240903000292645,1.70405632425442,0.0902704920668254,-0.469951617917386,-1.24657034928221,0.674687259168018,-0.0735172125232612,0.277999670465799,-0.119763615516612,1.72917236085368e-14
"359",529.29,-0.800196590705284,0.669695567710794,-0.659901286908836,1.35228073968821,1.4442182452522,-1.44186877866344,-0.825560348470565,-0.974139809930686,-0.0759284726231163,0.535999651969546,0.301203411314585,-0.106300457369282,-8.88178419700125e-15
"360",529.79,-1.62500984781668,0.506873779609897,0.641793046590761,0.67254495958941,1.4589300762166,0.584207634964185,0.367176399080446,-0.268324461769155,0.387225509651212,1.33557677983685,0.484700744637123,-0.122898619677985,-1.64729341278758e-14
"361",530.29,-2.8301573507508,0.521169901620555,1.16383302916312,1.32093996022648,0.537940252233412,1.2192523330908,-0.0194976694561832,-1.94026742526979,0.0793395648199845,0.981175970871092,0.016095228706289,-0.843913093447871,-2.59792187762287e-14
"362",530.79,0.642025971535352,1.43570058935399,0.194640837723416,0.390995482832208,1.10265796019478,-0.179777926786627,-0.784894651307614,-1.49670971456157,0.357742574424189,0.213664178045261,0.292494152170017,-0.301267055764452,-1.37112543541207e-14
"363",531.29,-2.04404397114931,0.566815290304507,0.416718036422457,0.451363657490974,0.676957420579282,0.543785193927675,0.597905337461887,-1.07199417986705,-0.44823627516426,0.610327524009482,0.238414780148744,0.0144134681183113,1.57374113740616e-14
"364",531.79,0.697131005116956,-0.0575465167848403,0.334866097287196,-0.147933470206456,1.11908542606224,0.212930486649228,-0.351485422668335,-1.838734500382,-0.0038668780592583,-0.0863467163506598,0.911646644067564,0.786475727327794,-5.77315972805081e-15
"365",532.29,-0.0656084469333437,2.29783585818631,0.655233663050949,0.640497822124327,-0.0607394007541112,-0.299692545122113,0.425522704335564,-1.09727208187634,-0.534209454780248,1.19308313831329,0.390024436504415,0.0656454671181779,-1.85684800868557e-14
"366",532.79,-2.42089715872584,2.00144641440248,1.08128111710119,-0.475679058499893,-0.291037757365678,1.12788118795029,-0.0400170365782552,-1.16938015145347,-0.653012281121578,0.996926905230768,0.0832505300339784,-0.383258989437045,-1.18793863634892e-14
"367",533.29,-1.37555491406516,2.2407145260789,-0.313222917567981,0.846679196646726,-0.00332665902161063,-0.480037881076533,-1.08324069445178,-1.14713510217757,-0.654606887694003,0.41740627787382,0.0294372824685999,-0.29898360619775,5.94663207564849e-15
"368",533.79,-1.32502112107386,1.4805087391218,0.753047267082112,-0.418592087479246,0.979845231186021,-0.148171376988142,-0.491011912150721,-1.32191310249883,-0.839571960466573,0.675705315632383,0.663253707675882,-0.0470211122685177,2.4757973449141e-14
"369",534.29,-0.429214646857809,1.54506741976447,0.30087202315152,0.398180868783068,-0.0192074630896781,-0.397920642492024,-0.653141758689131,-0.809099563645363,-0.428222367191292,0.29589704664054,0.289163387913254,-0.207948219616659,-1.63757896132211e-15
"370",534.79,-1.4093026395677,2.49541711865084,-0.52754803335788,-0.367729752374546,0.659240912736648,-1.08626344332672,-1.36769286375917,-0.257626125125415,-0.794311399270804,-0.15605123565959,0.158922085964201,-0.249449051286252,1.08246744900953e-14
"371",535.29,-0.697134179918954,3.46663029680688,-0.143487657366286,0.508366879259045,0.128127674513729,-0.713443488631017,0.0885611300437595,-1.26962721219033,-0.269842561309757,0.296806496362237,0.757632487396093,0.323525383883648,-1.26565424807268e-14
"372",535.79,-1.07482928955296,2.18295144641656,1.18985376325577,0.519655371606781,-0.292437672093538,0.0634384239702945,-1.01570775267419,-2.45979490519366,-0.135530446000703,0.39006596171665,0.338411549747332,0.135007367807508,-3.33066907387547e-16
"373",536.29,-1.28677106903518,2.65792214253008,-0.00208365877507294,0.770791309357102,-0.43805999429432,-0.0707529903716767,0.974849050679755,-2.05278283844411,-0.380081203835514,0.459859223286212,0.00935637136648392,-0.243403444489029,5.32907051820075e-15
"374",536.79,-0.797180187064016,2.13575684953769,0.678310745484257,0.813556986566803,-0.429812215227189,-0.133929993276755,-0.721593750900033,-1.27859589258038,0.568024806610177,0.820928647921405,-0.00101848529951067,0.0157545811714908,-1.90958360235527e-14
"375",537.29,-2.17775893240178,0.913940770175465,0.872869773054401,0.531729059412873,-0.400783581286394,-0.346817465403907,1.07138277051063,-1.45578839468264,-0.351485051221221,1.17258539732309,0.612473120268625,0.0534918230422915,1.55986334959834e-14
"376",537.79,-1.01744071029778,0.199307098133664,0.101177628220897,-0.0431078534438277,0.0643124584195934,-0.859260078591592,0.0155201298401396,-1.44294721354278,0.112601329615412,0.496201634400387,0.0398822859301928,0.437112366358286,3.85455556362047e-15
"377",538.29,-1.21194207543111,0.188586944621596,-0.14739880352773,0.103691097276771,0.225621716164622,-0.0882984559860258,0.533044210294505,-1.81019141674749,0.663536994469627,0.71249602282234,-0.300807451034341,0.0551586277289485,-1.4432899320127e-15
"378",538.79,-0.204224933990107,-0.359215950098982,-0.598498220915545,0.83306637023036,1.62449134214955,-0.779543772113605,-0.0484832759544995,-0.206817948163201,1.40802568949741,1.56854721285059,-0.0156670948496945,-0.0870162905478243,9.38138455808257e-15
"379",539.29,-0.955337665456565,-0.425637217301191,-0.353154377292773,-0.43529067255,1.5926198642111,-0.676465519705079,1.37634499367489,-0.821528149096918,0.472872358100021,0.82413823947038,0.132559105487573,0.233037773375757,-2.22044604925031e-16
"380",539.79,-1.74555648959189,-1.23803838251312,0.970702596547369,0.748805510687539,0.685267539793393,0.237532000883182,-1.17926574292642,-0.351883334419915,1.39100355509118,0.881576857024639,-0.455306142090099,0.168488856658148,1.18516307878735e-14
"381",540.29,-1.30037869279255,-1.60763984617997,-0.368368279124599,-1.12521573512508,1.62877874813828,-0.661216906357787,0.436116846526656,-1.34484110711595,0.0853276135789944,0.0398014347276661,0.0510993326999544,0.617965316883659,-4.32986979603811e-15
"382",540.79,-1.54376680218157,-1.56553404307024,-0.926787222211707,0.35757157791511,1.49456472859593,-0.815530885717415,0.88368965393451,-0.399347995168303,0.209945383081688,1.06179777713164,-0.0999355026861782,-0.113244229034452,-2.19824158875781e-14
"383",541.29,-2.51042608030075,-2.60373197822739,0.781376961562771,-0.631889334400245,0.757456879053089,0.980205604275722,0.21363911435172,-0.78277086143325,0.414418066893298,0.750519177685603,-0.0896134292980556,0.408086962207938,1.27398092075737e-14
"384",541.79,-2.69600003387982,-1.90780070967177,-0.00746450973846498,0.396123644060901,0.472332670762409,-0.434419903942697,1.10076317665855,-0.450171589122502,-0.147207442148841,0.478711534931947,-0.0637469037600216,0.308968855796172,-8.9234175604247e-15
"385",542.29,-1.37412316803839,-1.83227793893065,-0.413772772749405,0.730705652344661,0.630881158441543,-0.0990032813695148,0.51113022231007,-0.277974622035408,0.669000484396847,0.390782871009079,-0.120222338692741,0.268341384379564,2.33424390927439e-14
"386",542.79,-2.32086445089038,-2.24421632514675,0.621891523152872,-1.13002211729515,1.20807187229378,0.355779955453137,0.0673636026304418,-0.744592182679085,0.454953952099045,0.13445488780346,-0.27696820979813,0.1662550839935,1.11716191852906e-15
"387",543.29,-2.25470984356493,-1.96354765551984,0.297019165513155,0.0266681967440344,0.767321187861165,0.269957013507549,0.494871747214197,0.742898374714419,0.761361123767526,0.693638389055262,-0.170523955157379,-0.0868008523594737,-4.40619762898109e-16
"388",543.79,-2.13514105069322,-2.62048850810849,-0.161858485151303,-0.572256176148209,-0.00342275133244255,0.091096052472075,0.105297421971889,-0.225956740617594,-0.034150872956431,0.263901333677757,-0.522205435161489,0.38755913895615,-5.11223008370365e-15
"389",544.29,-2.59922422394273,-2.78476965536894,0.218736151070798,0.564915250145546,0.0407395052622432,0.629452307267588,0.797185468514235,-0.372501945532259,0.805004733816125,0.0680283058470181,-0.323653433889287,0.150617228327767,1.12687636999453e-14
"390",544.79,-3.3694163453401,-1.79444790785068,-0.0668862650557169,0.288337006963554,0.571212293908956,-0.740091951625962,0.819329181121984,-0.187975642543324,-0.0550154959171208,0.0928015036960248,0.294341077868251,-0.243449338751121,1.00336405850499e-14
"391",545.29,-1.66338872843807,-2.07874232639312,-0.116114294693209,-0.21189612870534,0.867343409787476,-0.0286944610392386,1.10051527460165,-0.183077399411351,0.583304315725601,0.264125319094873,0.279169278396949,0.316681308044667,-5.68989300120393e-16
"392",545.79,-2.76114225481441,-1.79307089911782,0.469041885610836,-0.17275011843373,0.56032542458738,0.409578154963104,1.03714719337225,0.270278592965688,0.606953839225627,0.655385262740525,0.186979172119695,0.020380255092681,1.19071419391048e-14
"393",546.29,-2.17523663746606,-1.94198227139627,-0.327344067379176,-0.802999054724472,1.20039119638043,-1.42682776190759,0.338622852312064,0.244238531711777,0.0895429806290096,-0.339321745704793,0.330595028547418,0.193060069133528,-1.69309011255336e-14
"394",546.79,-2.0303281251303,-1.5678081254155,0.534451425039523,-0.225790742870814,-0.0145130921701379,-0.0517414749034293,0.227104888064448,-0.437604825793036,0.624113319413544,-0.0376561765615932,-0.0185001247374992,0.376213752316564,-1.24067423001861e-14
"395",547.29,-2.79058300155528,-2.09824788883662,1.18699375178693,1.04247927012547,0.284472118168834,-0.70580518860482,0.740054122553211,-0.374578646853686,-0.114592980613746,1.10864745396849,-0.32517135403696,0.17007567677796,-2.26207941267376e-15
"396",547.79,-2.75350284809526,-1.97934653322294,0.159974568016402,-0.175421373238509,0.587736355977675,-0.481907899695858,0.613112821914223,-0.631428382826967,-0.122732437643795,-0.158964620211753,-0.455484823290315,0.216345331770659,-1.13936637902157e-14
"397",548.29,-2.88401953804842,-2.49271781653879,-0.348758214498161,-0.330697737742026,0.201760159523416,-0.853073700139939,0.678076610769741,-0.316836666871913,-0.332971198330158,-0.585018780280563,0.00885680300668202,0.50857372807311,-1.58206781009085e-14
"398",548.79,-0.946555705112266,-2.29892699321164,-0.110330211532836,-0.302241922926825,0.381943548732729,-1.53017234567145,0.181728998639708,-0.795706907613294,-0.121802428662195,-0.351211851884526,0.453411209301409,-0.116612489964465,2.09277040141842e-14
"399",549.29,-1.02379441476316,-1.56958754240409,0.242229562262222,0.305375046674716,-0.483067250928793,-0.967917311864487,0.465417499804699,-0.18471101835127,0.549192936895461,-0.633211898583681,0.123184609543089,-0.160377418701533,-7.77936742801799e-15
"400",549.79,-2.95502624854413,-0.916113402559732,-0.105543206198859,-0.685522835335806,0.592454630578363,-1.30988224418818,1.9903903039266,-0.411862192163643,-0.754581124868565,-0.209123928833089,-0.0809518680508195,0.0222213493816739,8.32667268468867e-15
"401",550.29,-4.23090086110017,0.119892846580505,-0.212696525547056,1.48444333503851,-0.546497206033872,0.257534904124585,-0.251555305825357,0.283478023929376,0.749328768922607,-0.460157141820357,-0.33881671299258,-0.336905549660337,-1.0325074129014e-14
"402",550.79,-4.23444523906778,0.000303016098716108,0.955785272686102,0.304139613842777,0.592148153455473,0.135764957325504,1.00622578078949,-0.854854041645444,0.0288782378164299,0.0665264068630244,-0.142774790942922,-0.0760245719925027,-9.76996261670138e-15
"403",551.29,-4.71831124132444,2.38547896618477,-1.42869583593534,-0.176550683187089,1.9016334038233,-0.870004750704878,1.58791818477573,-0.750907303966843,-0.171474763743765,-0.937957559829818,0.149867990420947,-0.258152405875447,1.69864122767649e-14
"404",551.79,-4.53412345920648,3.78606243482198,-0.907484019813447,0.627751744350353,1.24758986169601,-0.477478932847355,1.76172664413159,0.297711981310712,0.0550336892629531,-0.0689346758836977,0.181472188789687,-0.366441442026286,1.10224329663566e-14
"405",552.29,-3.70369325260615,1.31613239195796,0.0321197942280177,-0.236120162707698,1.72067551615585,-0.544869596325208,0.683406748295703,-0.0407323776911085,-0.121070148238729,0.314135398436489,-0.0113019395158874,-0.0872167212962387,-3.22797344409764e-14
"406",552.79,-1.92748476159841,0.25106727922155,-0.469855030833141,0.677265539943579,0.979820278166304,-1.58370449613685,0.441603076601442,0.471885311630019,0.183945758674251,0.074351230273188,0.444014945464664,0.048578675243614,2.75890421619351e-14
"407",553.29,-2.3736413873104,-0.162909070692154,0.888417773285505,-0.157243308069278,0.238885353582116,-0.904594398993397,1.37548941589812,0.354465134226896,-0.732082366119788,0.768573740629925,0.311541720699417,-0.316531346514623,-7.86653728268583e-15
"408",553.79,-0.675254984419909,-0.0580828080636077,-0.0096537797092219,0.102512576439005,-0.181755329246106,-0.955429510181171,-0.234948779299761,0.443843039016878,-0.139715752491479,-0.288544721439397,0.214617692787893,0.140598301288818,6.59194920871187e-15
"409",554.29,-1.27756676425003,-0.0326507788089403,1.32009517126976,0.294092046406287,-1.13704628045508,0.0496622077115314,0.301984059143887,0.584456780956478,-0.017300163728725,0.0878799778291867,0.470691631155279,0.102810666121928,8.1601392309949e-15
"410",554.79,-1.83078868067086,0.0401187728682101,0.606010280989028,-0.176608863766327,-0.351486107814483,-0.401801466410239,0.400588090841724,0.272171161194636,-0.39516385887017,-0.113042640803669,0.40222011639462,-0.360183787657409,-1.08107967022875e-14
"411",555.29,-0.644077948874466,-0.277140844140087,0.387959147179314,-0.403468687571865,0.672279988195914,0.263402414548567,0.0387251596355433,-0.244442942065403,0.368656609163183,-0.0802563864913184,0.328421734200583,-0.499325754233792,-1.04071482334711e-14
"412",555.79,-0.894026625741645,-1.48143397191142,0.649660006204993,-0.719036418402147,-0.271453929119826,-0.280097765744781,-0.121878002458124,-0.556386571518132,-0.702821063851923,-0.327769416339716,0.161914248210849,0.0438133919037976,-1.35030875370035e-14
"413",556.29,-1.50891943630189,-1.61119346679251,1.43418502850142,-0.214096401305031,0.575694751706195,-0.727104108812396,-0.086503175792297,0.198987280903921,-0.165055731543996,0.663959710337427,0.427972804386329,-0.190769223219424,7.54951656745106e-15
"414",556.79,0.030018787919468,-0.768745529726255,0.631704472966928,0.319261541700809,0.0185446108452109,-0.244715967865759,-0.32676445475045,-0.695063496373879,0.789924139142134,0.026125228509906,0.0488433014305145,-0.440495031068429,1.62786450985664e-14
"415",557.29,-1.09252361156884,-0.110752382433425,0.343685409456845,1.36309969260803,-1.29077744597981,-1.08434090889022,-0.634672317466798,0.389356227250885,0.51077357473068,0.0993330388389727,0.41006449948786,-0.191663010770126,-1.92346139016308e-14
"416",557.79,-1.52309750408107,-0.365637696316021,0.549999979532104,0.449350843856797,0.00489559611509043,-0.659885290638117,-0.702664694044162,-0.478850579551538,0.230061148723352,0.104958449090458,0.185488779766542,-0.392602104820319,2.33008057293205e-14
"417",558.29,-1.57690324608212,-0.384171128922953,0.691382068003586,0.950291168225963,-0.355985435519663,-0.984452548691745,-0.251673015673845,-0.758700221222163,-0.128908197383388,0.625238130679149,-0.067673736391691,-0.12798806568442,2.07611705604904e-14
"418",558.79,-0.407673987746705,-0.23270391677041,0.678800256458677,-0.0097418173560726,-0.657789539839849,-0.759932868906353,0.431262764610263,-0.695824247071047,0.205235669200159,-0.0172372976027145,0.0809819669697499,0.0758633939157119,-1.97758476261356e-14
"419",559.29,-0.686517499072368,-1.05905082767277,0.617150091054429,0.730400913875521,0.348545421473753,-0.451766602323327,-0.266190909205915,0.0882431000744681,1.11305148206659,0.433476252954899,0.535758012962004,-0.0103151994049341,-1.51250539870418e-14
"420",559.79,-0.929859384820627,-0.737607308624672,0.242548201982929,-0.0485347619137756,-0.409381520857746,-0.0582578677720311,0.804944875112216,-0.687792270628813,0.669222681986687,-0.115188589011405,0.00363353793682905,-0.402664687351486,-9.99200722162641e-15
"421",560.29,-1.38096648445708,-0.376272364730782,0.383916173931429,-0.055575885316343,0.142665424636858,-0.763122481418883,-0.264014342334514,-0.378975697156164,0.423691967232461,-0.109450117829011,-0.14012384693989,-0.216737527858093,-1.18551002348255e-14
"422",560.79,-1.84109038532947,-1.00925734073795,0.454293869995736,0.716606494016744,0.376414860669331,0.42000913724947,-0.326329958863825,-0.895612022246636,0.590605667513267,0.372696389090484,-0.0914885384267529,-0.311558953415335,7.54951656745106e-15
"423",561.29,-0.115025119457596,-1.51759009502755,0.310780802867696,1.81428112994674,0.35755111606391,-0.154065436908975,0.399808694999068,-0.386802061078161,1.1897579752423,0.665138715802278,0.410636923776069,0.296399139209497,1.16850973341798e-14
"424",561.79,-1.10745218260849,-1.37337783625277,-0.043156086928218,0.95257536445627,0.502790923691456,-0.0582441943124974,-0.694732966124695,-0.702156240531807,0.922985198194724,-0.118158001629363,-0.125321611988041,0.51976729866061,-1.34267597040605e-14
"425",562.29,-2.56001625891608,-1.17673738103002,0.0711453421293026,1.19000435426766,0.532878709472198,-1.10216467039615,-0.523413367978727,-0.0493914195945923,-0.156879787556088,0.829937154286783,-0.309643143469676,-0.115059640589641,7.27196081129478e-15
"426",562.79,-0.883440824392086,-1.57566203005871,-0.120275694995028,-0.0566511757625325,0.176040454728355,0.213099445836084,-0.497710782053415,-0.223188149904495,0.721249691968238,0.484724675883146,-0.217993228827085,0.206195861184026,6.51562137576889e-15
"427",563.29,-1.19636745482534,-1.86294198259448,0.317744779591758,-0.143571844940304,-0.0563439737345239,0.344769397183983,0.408051100154,-0.290114252563244,0.555839164108909,0.228476937942722,-0.23776934019951,0.272781793785571,-1.68198788230711e-14
"428",563.79,-0.246370630059605,-2.04814623816455,-0.308776470604708,-1.08922194527405,-0.906205467326569,0.41649372470026,-0.654937727249639,-0.703996394887968,0.487518969996737,0.230083866867344,-0.693459900584765,0.149691620475258,1.11854969730985e-14
"429",564.29,1.26733961966686,-0.693239467358313,-1.10655505625656,-1.05010063667085,0.0305719273817096,-0.791104230704537,0.823636215736578,0.395195658755263,0.500464573858343,0.922509349698797,-0.901789808665602,-0.0516007133842809,1.65423230669148e-14
"430",564.79,-0.544869104194679,-1.63502819180883,-0.455302618475471,-1.15327586354404,-1.59338527869012,0.567401235841664,1.40854040883437,0.537752278060727,0.563908481181226,0.577765832349004,0.0135853653475877,0.115494710269932,1.24344978758018e-14
"431",565.29,-1.24049377299594,-2.02149497572731,-0.262816125436664,-1.93756664073106,-0.468125868455444,0.332604626898123,0.435654985264594,0.0180398992791723,0.20867648019014,0.297880206034119,-0.137348116171545,-0.29126697468221,1.71668235182665e-14
"432",565.79,-1.00902641992785,-1.46609588128138,-0.367153864004188,-1.32123510742255,-0.214529735497495,-0.0198332900889364,0.848031892615994,0.637698236369842,0.390564937453148,0.508162276403396,0.070225621056335,-0.0879223897506301,2.01251775661104e-14
"433",566.29,-0.736357293349709,-2.2909863120059,-0.961708754779447,-0.0336545020739159,-0.750043488559176,-0.324043719982894,-0.693029238892167,-0.00541773519867151,0.50115471698589,-0.293271553098721,0.0392079549148184,-0.311687774567462,1.13797860024079e-15
"434",566.79,-2.57315404336978,-1.96473205011411,0.806713501605202,0.296034963563828,-0.00574405723624255,-0.224170181820414,0.742291777045486,0.714860143627816,0.372641672547408,0.900218942373585,0.498672129960159,-0.404711453809653,6.93889390390723e-15
"435",567.29,-2.38469373683538,-1.53081071944033,0.779585933339923,0.87873304997484,0.279091022539311,-0.48496585379834,0.592901920347275,-0.126914455683467,0.652795164919671,0.359328975970157,0.010465717545993,-0.780886702075901,-8.86790640919344e-15
"436",567.79,-2.7099256667987,-2.25686508932294,1.76675999754925,-0.0707184792314571,-0.239380868514179,0.257508190732898,0.303396750532269,-0.105147627233602,0.826568253339795,0.542534991036551,-0.118528036336357,-0.0496179106459367,-1.97619698383278e-14
"437",568.29,-0.781646296344166,-1.98322367680579,1.33772845911315,0.072132494171306,0.245174633641195,-0.55592441066432,0.450582552959968,0.414416759672089,0.585033715711401,1.07389561018832,0.0899051643733382,0.253428162899947,-1.69309011255336e-15
"438",568.79,-1.97674616861863,-1.59945909926881,0.400196161620188,0.0496003256821046,-0.617724152174054,-0.185144108841116,0.342844925452504,-0.25817907123614,0.263188303521509,0.0516293764627992,-0.263992096916096,-0.295472547954106,1.67921232474555e-14
"439",569.29,-2.1227885621844,-1.9728048163869,0.729361402451227,0.238186359162502,-0.833418024622887,0.301938556198008,-0.658843923641028,0.370039921452235,0.760590818223959,0.110940506542761,-0.0869780537293758,-0.29110322119707,-2.48689957516035e-14
"440",569.79,-3.03489450574787,-2.56165761967683,1.4404681151641,0.726626885592758,-0.405672166262802,0.0058025075523972,0.582362939130502,0.115127730011931,0.17759653662576,0.0539267859707662,0.161813939337729,-0.14385320001623,1.72639680329212e-14
"441",570.29,-1.75805126278035,-2.10095996631498,-0.147241776667696,0.198023794287666,0.68855490800283,-0.942414420056631,-0.211906254503466,-0.677462249912357,-0.145098036319934,-0.893837886956758,-0.15838263830954,0.267402844861785,8.88178419700125e-16
"442",570.79,-0.615878129667883,-2.60907950933214,0.687782025597171,0.712388105520374,0.207126167998865,-0.675893733328687,-1.23026776261929,0.161951466763467,0.479405072140683,-0.234352580652484,-0.327823074976021,0.312989987641497,-1.39471767468535e-14
"443",571.29,0.195415528133903,-1.82763183162492,0.472452706648314,0.29002080953249,0.520244775904663,-0.598334523565561,0.224128207527999,-0.486646588157198,0.67875773131648,-0.35274727263258,0.26210913890275,0.163148091847226,-2.32869279415127e-14
"444",571.79,0.315252284448999,-0.85498987469874,1.5448570721645,-0.192761644974738,-0.460541026260317,0.0347171374834373,0.0895662429200057,-0.562533547629397,0.401963424094929,0.348294781040552,-0.0371575584033515,0.730920869498321,-7.46624984060418e-15
"445",572.29,-0.0588727642025966,-0.996641452961362,0.958704259478743,-0.665086573883767,-0.532140411151647,-0.437968351657627,-0.111477851892336,-1.70644389133174,-0.469714390806346,-0.21023978374603,-0.547303935887578,0.686116991280821,3.23352455922077e-15
"446",572.79,-0.641311864119396,-0.562590204984,0.838552820303223,0.403008944343783,-0.418279634683419,-0.633397640850585,-0.728354023383691,-0.229903352496141,0.354258133656827,0.154570672650091,-0.165658154686955,0.0697647678130156,1.20736753927986e-15
"447",573.29,-0.688628287392323,-0.535612756743931,0.516893272347264,-0.0486329226048353,0.199499873387664,-0.692655700281076,0.00951984835292101,-0.179166526160477,0.249535221864781,-0.151795778272371,0.1283299666813,-0.0290028131169809,1.21083698623181e-14
"448",573.79,-1.35456798832764,-0.735326086492257,0.528694706294413,0.408381226062979,-0.490278127198182,-0.0317303560787875,0.082456477619324,0.904173355533123,0.479575901785477,-0.0319357259898035,0.0112845338324586,-0.00982900404049749,-1.45161660469739e-14
"449",574.29,-1.39427659134853,-0.793975754447103,1.28738205571098,0.897594683960882,-0.419750495356852,-0.301142792256868,0.165492018989374,-0.169772207260344,0.0300443404095477,0.379621408410469,-0.218976561984986,0.259566956381052,4.94049245958195e-15
"450",574.79,-0.555961233877744,0.779851723176354,0.369951937619563,-0.133154265591012,0.638045123654438,-0.403949284182842,0.930035648353753,0.486575892362055,0.824658274425234,0.0462635637244944,-0.0846348373740338,-0.274184010595139,-4.82253126321552e-15
"451",575.29,-0.0668648128410161,0.2194631538423,1.13663191157951,0.431543643657415,-0.68885490306288,-0.256998036035772,0.602807088765556,0.371681865093194,0.790094447639626,0.202466063021663,-0.4483217526653,0.149195569960386,1.87072579649339e-14
"452",575.79,-0.915388804991988,-1.16899281087882,1.59719245250011,-0.54238979388509,-1.26015368611688,-0.505919899235666,-0.857042181459063,-0.78089845434516,-0.815593431488736,-0.0467184090926984,-1.07527845593263,0.456560618149618,-9.2148511043888e-15
"453",576.29,0.178342498182408,-0.522152338978115,1.13688325826395,0.225951608542204,-0.688662859206233,-0.842839701157592,0.0985295626097841,0.359830545427077,0.312060023340402,0.0288595282351158,-0.212766152774382,0.0607570506272919,-1.88737914186277e-15
"454",576.79,0.504985270284018,-0.197974113272529,1.68593266299968,-0.718075792495905,-1.18735633466642,-0.850949060094698,-0.70446074644918,0.247881202462469,-0.0604320831092046,-0.0493961573836903,-0.497301105915661,0.168891987234811,9.90874049477952e-15
"455",577.29,-0.747223873398159,-0.218423257133808,2.05301063422488,-0.195966479374933,-1.04354167619917,-0.896614581358488,-0.747266080000338,1.16151909559406,0.0226310830773913,0.597962723461429,-0.646579661159537,-0.107695752116669,8.57647286522933e-15
"456",577.79,0.0541962456081773,-1.24876885654046,1.5585641013792,-0.0469434767277861,-0.913965222598211,-0.510326440273955,-0.323731527809698,1.04591840873326,0.427255405277713,0.168275925423415,-0.357882059771362,0.126247395592673,9.2148511043888e-15
"457",578.29,1.22025205649405,-0.786962700948477,1.37228612374723,-0.342775298785891,-1.42845841989084,0.25427582799648,-0.55392380205371,0.68575771222883,1.22859351749218,-0.372851646465515,-0.455656838749547,0.261106930641468,2.94209101525666e-14
"458",578.79,1.14291431688696,0.233266758386696,1.15733064808107,-0.0389674600038865,-1.76126681716049,-0.694971529697959,-0.432335330092193,-0.447706419006479,0.426671934070063,-0.447027361504112,-0.855557088821184,-0.206208973788184,-1.16573417585641e-15
"459",579.29,0.999075919210536,-0.803453917655044,1.26284371489256,-0.131368140518241,-1.11331672117634,-1.15561642841856,0.760461524360319,0.620282091473842,0.164871550017638,-0.0255512189673535,-0.0940120722793007,0.257095011161395,1.4363510381088e-14
"460",579.79,2.24565746790722,-0.155110711277939,0.529480265600151,0.709553685091682,-1.18566801619544,-2.23474887670615,-0.0687836070406092,-0.179189729337716,-0.023566858001572,-0.183765082100586,-0.325901558750925,0.411442219831081,1.35724764760425e-14
"461",580.29,0.8397791612704,-0.46297869900053,1.73721284374929,-0.124481421338696,-2.05020473543089,-0.133766390660497,-0.105440751727094,0.391420133315948,0.398547025552739,0.123292739215918,-0.221522328358532,0.234140960397747,-1.4432899320127e-15
"462",580.79,0.190241059023467,-0.285242973901013,2.16999015542504,0.593263920808249,-2.5211219423554,-0.466528373648564,-0.541786396521046,0.955052131625706,0.356530394883821,0.573960208027814,-0.544882385697846,0.0535205947776915,9.76996261670138e-15
"463",581.29,0.0444873929588341,-0.203456043125449,1.55671841747469,-0.139771351897692,-2.10122219743711,-0.429906511327298,0.313093304421916,0.912468333403172,0.501381648578384,0.0657522601277333,-0.352856792953315,-0.341782855335841,-7.16093850883226e-15
"464",581.79,2.02102538592823,0.559346542716295,1.04934731625386,-1.42220471445098,-0.701782299443408,-0.889504229645266,1.55936814913894,0.230334548565661,0.567751587594196,-0.2937912916562,0.168277599194131,0.0331417776049702,-1.88737914186277e-15
"465",582.29,0.955563948505391,0.661184266395685,0.68425952420344,-0.382385999166043,-0.777709487099416,-1.44265819066682,1.67443157130789,0.40872417099462,-0.00496926187828533,0.248024099290389,-0.256191825130711,0.0232047009767299,1.39619218963993e-14
"466",582.79,0.842121347878808,0.0868407166047355,0.702597328709519,-0.28416750269086,-0.672092968548103,-1.86974854863234,-0.704305563215297,0.703206820419305,0.0113571655603957,-0.0881081372321457,-0.548636590408086,-0.320010361984026,-1.02973185533983e-14
"467",583.29,1.86556140451114,-0.314500872631557,1.59981164249848,-0.440556370025124,-1.30879226120672,-0.698097569793597,0.758268542819543,0.747189425075708,0.622832182836901,0.343593844853277,0.0556900813581979,0.138535408118101,2.4757973449141e-14
"468",583.79,1.10907014742301,0.931259067181228,0.895011675133457,-1.25674278498095,-1.20448852799196,-0.707682557137858,1.52009556859901,0.099292084036824,0.158345820590987,0.103190826869372,-0.413882488741152,0.219663039131289,-1.14630527292547e-14
"469",584.29,0.823932515278361,-0.387198835165728,1.08078360077313,-0.381594781102327,-0.369614721299395,-0.953041081433021,0.773250944872541,0.990322876787092,0.450813964121743,0.407927592596176,0.0548019725937613,0.0522371626360492,-2.43902120722339e-15
"470",584.79,-0.363425442862644,-0.176446396079686,1.37476869178498,0.182170226094911,-1.40625861487227,-0.853808956952466,0.132854725149372,0.078084177390585,-0.168482385817107,0.487028980408116,-0.519432927342342,-0.321083372874373,3.1641356201817e-15
"471",585.29,1.12557344455088,0.302528835317624,0.971949551403612,-0.231166192075809,-0.808370364013617,-0.944946981247201,1.32342090099301,0.57796859380874,0.319299239458731,0.53249252837115,-0.436940755161755,-0.056195131636411,2.43277620270987e-14
"472",585.79,2.02102236554045,0.244387019003648,0.679509784684621,-0.0333186109011366,-0.632204860190079,-1.12541128008826,1.33208740557733,-0.0914843132762336,0.931112338911388,-0.32444848948064,-0.0818185519620213,0.164139259191715,-1.72067221582139e-14
"473",586.29,-0.463681154406315,-0.403749148965167,1.69189568828986,-0.615953260698521,-1.3773936499931,-0.303456280435173,0.476770892475271,0.887941733313182,0.243045382646001,0.444891624890034,-0.122934427374402,0.0336747392566784,-1.37112543541207e-14
"474",586.79,1.34303891165332,-0.271052476497076,0.420235087950867,-0.788160221057406,-0.484592705427134,-1.51710438787993,-0.297693624771948,0.502017823918624,0.67932332233133,-0.366210029347122,-0.161070737559357,0.025047500620394,1.55431223447522e-15
"475",587.29,1.79821816636067,0.127430757516914,1.1093967903711,-0.599647887912012,-1.81370129790467,-0.971526397843766,0.23274094855372,-0.43609275512507,0.401114770661682,-0.123587617847394,-0.356414417779904,0.15742022383105,-1.69864122767649e-14
"476",587.79,1.85155677793174,0.263928512783651,1.04259860493392,-1.46807159956545,-1.51361820263061,-0.400852781902322,0.0309697774402094,-0.702600575277163,0.555710291821665,-0.49732562838491,-0.260925566718263,0.173778868573396,2.72004641033163e-15
"477",588.29,1.11763890761547,-0.0381508906972139,-0.137677939497545,-0.609878754247825,-0.321438406767282,-1.85835827573048,-1.21867021676573,0.380931774552785,0.357209853115917,-0.511653118330594,-0.523023054907106,-0.156510664182103,-1.47104550762833e-14
"478",588.79,1.0352456020316,-0.382875956076694,0.950276385453632,-0.936653508311887,-0.586537351693076,-0.686154897842593,0.0353708637282648,-0.209336624331228,0.451977310335835,-0.437444631234477,-0.107985701383803,-0.0616856081378539,-1.89570581454745e-14
"479",589.29,0.27759437218012,0.389528835115693,1.06198138534237,-0.322381942250306,-1.33433830217769,-0.80752060960783,1.32181221635191,0.142337576403451,-0.0887907688277063,0.290727277012754,-0.279305542117213,-0.178632101852826,-2.27595720048157e-15
"480",589.79,0.0799198059251032,0.495999811928981,0.371688737592476,-0.494295071063879,-1.29226341388256,-0.524853276765687,-0.327255872949624,-0.831336824530923,0.293938829778979,-0.56420632630464,-0.361284421370244,-0.18336402057059,1.16018306073329e-14
"481",590.29,1.36568428194899,0.909834463860711,0.833218544865773,-0.761581115402654,0.749223423766715,-1.86062878966853,0.0424981363746065,-1.38124685076087,0.135337588553382,-0.0892538167109065,0.0566708967440683,-0.483058851459843,-5.60662627435704e-15
"482",590.79,1.13115674181775,0.31952601244443,0.64472511750428,-1.18005123103203,-0.889496631931132,-0.529214625197631,0.162583881846026,-1.85708832544907,0.194796898617387,-1.07429479443929,-0.0653972336446764,0.102098826050615,-1.64313007644523e-14
"483",591.29,1.24195131644698,0.0641548610812542,0.719801742589482,0.462139328183177,-0.298394626164803,-1.7785226877133,0.801233965570685,-0.364007487440965,0.192110115057187,0.190858997580277,0.279464542961664,0.0542573300560994,2.16215934045749e-14
"484",591.79,1.25016702649021,0.462666994279385,0.465863331719058,-0.393434623464916,-0.389865408619544,-1.00047023301378,-0.0580759258683613,-0.663496777520102,0.53928567460742,-0.345750392946758,-0.216300291183823,-0.00723402739733255,8.71525074330748e-15
"485",592.29,1.72707442031196,1.01216705792513,-0.292229571930751,-0.834618892147792,0.329668487219107,-1.37123562142605,0.187321024443374,-0.360338530194078,0.74936629473082,-0.60958255889772,0.0205716517924366,-0.180724050620193,1.60982338570648e-15
"486",592.79,0.821625835887712,0.959523681836576,0.126235803972044,-0.154367709528678,-0.260730212646341,-1.73207789865797,0.400590167133691,0.192052088200043,0.163402098681847,0.180230299746578,0.0289446391485915,-0.317293393553226,1.0547118733939e-14
"487",593.29,1.92056142761337,0.947490639405052,-0.960023489548435,0.867688732646866,-0.572289262005436,-2.15489140414896,-0.397141113655345,-0.677930170117472,0.337100854167048,-0.370543672437435,-0.29860562016308,-0.240883568201534,1.47104550762833e-14
"488",593.79,1.41631698084982,1.81656403241376,-0.414201676372306,-0.461300833501631,-1.17508127670897,-0.835003806406249,1.00038776434715,-0.391864606554665,0.595052162380401,-0.219747411411688,0.0487322884837299,-0.130430263679473,-1.37667655053519e-14
"489",594.29,0.427590995754082,0.369169165435467,0.861513327605847,-0.6529306394722,-0.916138577465206,-0.895588021044685,-1.01915623178778,-0.225456157316683,0.30024780652386,0.277706772806468,0.0130939622965651,-0.177727338327563,-5.27355936696949e-15
"490",594.79,1.50505877865905,-0.398861225921978,0.325970062610813,-0.972708120083684,-0.859470067586567,-1.11923178648672,-0.282462794841951,-0.0108396334486001,0.572135254987255,-0.314253998055275,0.0944210229750499,0.026128414687315,-1.74443792744228e-14
"491",595.29,1.69652847224816,0.782915251560865,0.379042938541529,-0.420228732958675,-1.02503376280429,-1.02690795289479,0.269574310666711,0.132582129657961,0.908677964904146,0.492502244998383,-0.311509065103629,-0.535263772029405,-7.32747196252603e-15
"492",595.79,1.44706222834643,0.271589893371484,0.656339998521067,-1.83596371781409,-0.557935231389483,-0.687020246030284,0.775134173054881,-0.126234373542285,0.602271412385141,0.182462502524931,-0.0136506510135326,-0.0315586089073909,-1.76247905159244e-15
"493",596.29,1.22997479360357,0.656754958150538,-0.357027355569816,-1.79091539560899,-0.359605840750318,-0.807523896789868,-0.169952063825756,0.281610515813768,1.27352282524554,-0.248577271393775,0.0127545473705725,-0.18089961468797,-1.38083988687754e-14
"494",596.79,0.362818297536544,0.103678140361911,0.911926329845384,-0.742420741465002,-1.08309927852794,-0.575141969616087,0.0491448289986128,0.356760906904542,0.869680082334973,0.904595691048819,-0.214808870708814,-0.369211116854276,-1.32671651442706e-14
"495",597.29,-0.105819894578091,0.14578351514732,0.0750044285914511,-1.600425437775,-0.925413384880238,-0.478420817329896,-0.328757035609547,-0.624284576644045,0.376996533187395,-0.0110639269424288,-0.579275406026631,-0.595701198260535,8.29891710907305e-15
"496",597.79,1.10350340748309,-0.73920002798728,0.245780142904749,-0.743066353018224,-1.41296590126023,-0.342363193932709,1.08071114318895,-0.710611780766213,0.383560178239647,0.30478426743478,-0.201120141163199,0.00310318262872555,-4.21884749357559e-15
"497",598.29,0.86908655338142,-0.931632496094933,0.0961104824938003,-0.503503773588126,-1.32849505107755,-0.889431746196707,-0.253934838013009,-0.7689304197679,0.339653448763649,0.0306124568205572,-0.559274314976955,-0.335984615723013,-2.46191955710628e-14
"498",598.79,0.671795520069703,-0.570615180189364,0.372692031715613,-1.52372702577976,-0.762344335495103,-0.935262412470877,0.962221808992086,-0.501422243059391,0.19553986582293,-0.111470531398111,0.2238605432075,-0.206701599939079,8.70261978799802e-15
"499",599.29,1.22063194626546,-0.361750363768275,-0.430198852465694,-0.0512095438657463,-0.669317586652541,-1.35443453914099,0.695425190526034,0.60567033438372,0.885680813042536,0.302491566723021,0.0952526824387504,-0.164169175466129,-9.65894031423886e-15
"500",599.79,-0.136299411840538,-0.814624612320808,-0.232288581590979,-1.13280241036092,-1.15539670027661,-0.487022767435268,0.278065270354027,0.044908686531499,0.630467896087216,-0.405868294136563,-0.336409356980599,-0.100882336595831,1.94427807187481e-14
"501",600.29,-0.971302490771577,-1.78887198729795,0.634523839106822,-1.12209410266684,-0.774273084504579,0.0248979459813341,-0.940474007007773,0.2765430133731,0.770574096002321,0.372446989584596,-0.125448537769713,-0.730537831650118,2.25930385511219e-14
"502",600.79,-1.1422408164429,-2.05153485892886,0.353068327803726,-0.967442796671058,-1.11905562253407,0.619140685349532,-0.377665263512843,0.0025184088558618,0.945931659396445,0.234845828251187,-0.238734373171292,0.101707010513677,1.2490009027033e-14
"503",601.29,0.100452982982015,-2.84804096272002,-0.903905140297199,-0.717354662053933,0.218773362885995,-0.260463555849186,0.10451628140619,-0.750101417812498,1.04420524900185,-0.456345238631622,-0.364973252358226,-0.127388554515434,-1.34336985979644e-14
"504",601.79,-1.32172779633785,-1.76233874649853,-1.2792447400667,-0.428651181930268,-0.268011904754004,-1.10099627680305,0.596457051271214,-0.339718379694782,0.0555466287177103,-0.0651255296761921,-0.0289001401544555,-0.239406164954149,6.60582699651968e-15
"505",602.29,-0.995211368023051,-1.45364995668163,-0.989681743896004,-0.919446581239733,0.0958102726117417,-0.638674388747477,-0.538165849659811,-1.12029717069679,-0.0431472878904695,-0.211274141761774,-0.244960565185783,-0.69305827157446,2.79498646449383e-14
"506",602.79,0.101657023230005,-1.27470739216331,-0.226129163724586,-1.75573729209879,0.866389596906425,-1.03107907559586,0.853583335661894,0.064063753773931,0.164251355414291,0.447372567289736,0.197249840617186,-0.167582587166593,3.27515792264421e-15
"507",603.29,-0.935331586780141,-0.731684654384583,-0.83712161788349,-0.556199789561092,-0.451447594889253,-0.115388498674429,-0.858544864393465,0.102184428064287,1.07775454733423,-0.246157908021309,-0.196376410467901,-0.0934315444185856,1.54876111935209e-14
"508",603.79,-1.05410981953717,-0.141765888313107,-0.0786914100931166,-2.19522868553877,0.0253974431666081,-0.260807418097575,0.296325466280214,0.657021741803572,0.431336694505853,0.58769212100799,0.0413329412682132,-0.284830224386195,-2.85535484145782e-14
"509",604.29,0.10756971071692,-1.41580460805879,0.522075450331558,-2.25549552635846,-1.13500641351604,-0.22538160584706,1.36094845678627,0.189042692678154,0.157776461336761,0.178305341119167,0.254812995232121,-0.138967481056848,1.67088565206086e-14
"510",604.79,-1.48607222983735,-1.81981016443103,0.313982710337423,-3.27553600124644,-1.91255291555341,-0.281192249840061,0.0259209936623112,-0.619380199232815,-1.10681749225484,-0.101691676626407,0.0276285695475131,-0.337122762009332,-1.72084568816899e-15
"511",605.29,0.875229087459645,-1.68283815090006,0.257398181535973,-1.55280008185186,-1.96365454690304,-0.0729838736607968,0.386685592973266,-0.149213965959323,0.225421928756386,0.558074103075854,0.314723923881767,-0.136233954310971,-1.55431223447522e-14
"512",605.79,0.0897756043279018,-1.73991981074929,-0.591555285468341,-1.60981668183534,-2.07987877067608,0.104050365547578,-1.20485789103485,0.350888336033066,0.594550295625512,-0.312952604462888,-0.144362924701998,-0.326196792160339,-2.12052597703405e-14
"513",606.29,0.0353425987544073,-2.28836817746671,-0.530789910781097,-0.76359575522337,-1.79966433955933,-0.210504068683958,0.112448756459224,0.233525410576415,0.078270235829752,0.0766399104251214,-0.0461943249525414,-0.294786494379256,-3.33066907387547e-16
"514",606.79,-0.373298337245108,-1.42609875190699,-0.375021190345137,-0.474616887321625,-1.41585239418812,-0.855504351383968,-0.279535073840907,1.35230197191133,0.336159793260428,0.707015587758068,0.449909893538644,0.0197666411949512,-4.6074255521944e-15
"515",607.29,-1.14370851959501,-1.82997177509608,-0.0469643100567894,-1.36987437456669,-0.971766598614217,-0.315026035220443,0.0991460336678544,0.730339196310703,-0.1763752791203,0.583387531411037,0.00992056054552165,0.0489508340286498,1.41553435639707e-15
"516",607.79,-0.800075775852708,-1.41671374182898,0.513153004244016,-1.96879336531437,-0.910856240804054,-0.381441471261025,0.409713540381988,0.085115157814914,-0.147495932676932,0.319740996522924,-0.146706498317889,0.026817444216695,-1.70419234279962e-14
"517",608.29,-0.0595169457979384,-0.274065966031874,0.153263379533789,-1.24006679137474,-1.02682092184391,-0.5970732765285,0.32482034371317,0.24998521853077,0.585409246428436,0.104217906507689,0.256930655902259,-0.397822583783546,3.94129173741931e-15
"518",608.79,-0.17277117696841,0.143793828701312,0.544878482899626,-2.50912610855608,-1.03706718627405,-0.209778263494109,1.03989043786012,-0.459506503410533,-0.416375123367015,0.409946695418343,0.0520223939806796,-0.261996728479201,-1.65978342181461e-14
"519",609.29,-0.501250192378193,-1.39471598287017,-0.325614897446078,-1.80599314953456,-1.52073368292068,-0.558841756420109,0.362900899655974,-0.0782544866166644,-0.446357728902597,-0.214046652598791,-0.27159273717985,-0.255957899478412,-2.1094237467878e-15
"520",609.79,-0.48507132726683,-0.898732041618623,-0.336370154097612,-1.58373760855938,-0.803059114475299,-0.513917016969363,0.507126019027894,0.210066374886516,0.0715667691866767,0.119817278762492,-0.0419398305338724,-0.127051542529022,-1.18793863634892e-14
"521",610.29,-1.0745460227727,-1.56295984290409,0.421994851449605,-0.622098481003161,-1.55067833110044,-0.446629106887542,-0.198512735135896,0.169855473516769,0.319564151438741,-0.14699609437908,-0.221987050656579,-0.207649547166926,2.61179966543068e-14
"522",610.79,0.0620535175752515,-1.58597369011233,0.380369607006666,-0.11707264211322,-0.67744281272199,-1.70861743493844,0.433925561928311,0.118802135153563,0.177503093664727,0.113818107588552,0.036256593513789,-0.382664652874139,-1.30451205393456e-14
"523",611.29,0.632395716071196,-0.980926336101991,0.793827688909536,-1.19785532560365,-1.64593710637113,-0.770733619190263,0.14628277761796,-0.112011471019395,0.676232559050371,-0.369018104413349,0.288583306464037,0.110358191624706,-3.80251385934116e-15
"524",611.79,-0.25058608117423,-1.08056309076466,0.483290195206352,-1.13931789788163,-2.62153781769596,-0.170965634691009,-0.0974695079086277,-0.257063325896535,0.468065818628702,-0.636940482171158,-0.13503806974325,-0.0557783631291193,1.75970349403087e-14
"525",612.29,-0.182930363276776,-1.94783765668013,-0.591602213089999,-1.01478997130725,-0.155084862699986,-1.96396632373967,-0.183226060328063,-0.178599669317677,0.0700297878120385,-0.881416441789523,0.168606019758412,-0.646911660042383,2.09832151654155e-14
"526",612.79,1.43343395578801,-0.705658286725518,0.738054859096477,-1.34419333262017,-1.84684851006814,-1.30800815102507,0.432365362378493,-0.772661211517432,-0.484690348069257,0.142435865181565,0.333316472723653,-0.205596410763026,-1.46133105616286e-14
"527",613.29,1.32264386426869,-0.545743623009022,1.37065146605866,-2.27919650722299,-1.49739033172945,-0.216961394961055,-0.800514931024346,-0.766655399868074,0.133382573165268,0.465387729546099,0.0625780734039735,-0.196438440605693,5.55111512312578e-17
"528",613.79,2.08785083254999,-0.503966677863963,0.373185543352039,-1.7322630022047,-2.10656827486696,-0.293978669529666,-0.266962747343155,0.49072409427348,0.21985796924254,0.0656511397319509,0.514667296852597,0.180093089316676,1.29340982368831e-14
"529",614.29,2.1291792173179,0.129730104320207,1.10058759040617,-1.2829408035131,-1.32790200540631,-0.47873318434422,1.07478531916043,0.686363603225213,0.414819372935205,0.895290116803614,0.646920366274346,0.0670955376189624,-3.03090885722668e-14
"530",614.79,0.44941956990424,-0.0783585938699652,0.608936433673164,-1.59347980943038,-1.47011799450273,-1.37696026457162,-0.168008342421485,0.0969495191015505,-0.760018776468938,-0.110568575595854,-0.0656996712986303,-0.167627450858278,1.03164005116341e-14
"531",615.29,1.82724054979708,0.519914115751121,0.374535897172403,-0.64994723978633,-2.20839019458614,-1.72121595696011,-0.256808111519067,0.239957484667319,0.032451937072576,-0.48181393106127,-0.123487286569893,0.237777856562184,-1.94289029309402e-16
"532",615.79,1.39477519389919,0.12263918150563,1.36307173570168,-1.60076682594794,-1.01225171458414,-1.88631882084732,-0.615510389955407,-0.000315758061894281,-0.47653490875154,0.349089449469036,-0.371852936025848,0.0443185491275726,2.4980018054066e-15
"533",616.29,1.00589249125528,-0.271934504712936,0.595103268051258,-1.21765493145151,-1.27951726091057,-0.463612797221551,-0.654718589331108,-0.561692069821771,0.527122331644719,-0.578101048792069,-0.0230742616725279,-0.00368101117922774,1.96509475358653e-14
"534",616.79,-0.467021283603573,-0.160626703581319,0.704236519794809,-0.945979723596993,-1.19136503775244,-0.0484579099968393,-0.750913542559894,0.862557688056067,1.01335455653586,0.360338470330547,0.191888357265586,-0.43768896631188,1.54876111935209e-14
"535",617.29,1.69141026494711,-0.4016196286947,-0.772328656287411,-0.742492384533639,-0.484362808584727,-1.75640811122751,-0.769483870576763,0.366095957691564,0.602076618036232,-0.106292467270553,0.567876994562534,0.0602392963249753,2.19824158875781e-14
"536",617.79,0.664397347768324,-2.21583822662729,0.853343150764022,-0.214360680850754,-1.11959423284331,-1.53873803085997,-1.18074472873078,0.233252854019477,-0.067846751805475,0.41019499706124,-0.299731748576014,-0.0800702823607452,7.79931674799172e-15
"537",618.29,0.677566079365011,-1.45633570267028,1.43881010522963,-0.423645756984059,-2.04922830140337,-0.850022362290806,0.838933635603301,-0.800192044952055,-0.0903294711077789,-0.144505938146554,-0.223436940923467,0.139089789123015,2.79221090693227e-14
"538",618.79,0.884356757193745,-0.676132277954606,0.403989311025654,0.181292288408414,-0.942993328414702,-1.74393250984358,0.343989900489041,-0.118050581852069,0.791614456819359,-0.0289547807948054,0.16423348967348,-0.497406520463834,-2.019218126037e-14
"539",619.29,0.833080779683875,-2.35890550327672,1.80009702286889,-0.582919268254332,-0.606802259277165,-0.776284367474939,0.112973688020461,0.0796473435217974,0.902482197938088,0.494801367447379,0.114661537552006,-0.226744707007175,-1.54459778300975e-14
"540",619.79,0.235791738055147,-1.77299731793093,1.23047806944185,-0.722196304300448,-0.76233992321614,-0.997461763118984,0.113138445219628,-0.218381267349511,0.341892371564667,0.561821478914314,0.0246304930880039,-0.210806109500599,-2.49106291150269e-15
"541",620.29,1.33686589846439,-1.60714977268587,-0.0949096048567397,-0.857155480723761,-1.32866733510006,-1.59912285350148,-0.450733907675829,0.679400372566782,0.306089942788537,0.31167512139718,-0.0197435686550562,0.0315144206859348,7.93809462606987e-15
"542",620.79,1.92683233023078,-2.26019087184102,0.614123223849614,-2.69050527283485,-1.36400968131336,-1.38612163802716,0.41617098957827,-0.543456069432969,-0.497180689878751,-0.129051207945832,0.398816246081788,0.147306491945821,-2.72004641033163e-15
"543",621.29,0.455493502353125,-1.91376067839616,0.33595566204409,-1.34390154665899,-0.835812994478337,-0.817188166163745,-0.585250592894112,-0.113501791412343,0.368252815498932,0.111218595498746,-0.0372356548451006,0.0487131611810796,-2.16979212375179e-14
"544",621.79,-0.0168699427675745,-2.12269371417417,0.796728632004504,-0.850048802098278,-1.84249691699848,-1.25986625184295,0.155777991041661,-0.0566623617982155,0.0356913429003727,-0.0134163657393459,-0.150298343700701,-0.0398851440508032,1.37667655053519e-14
"545",622.29,-1.70455051682203,-1.60426851594435,0.65581148347297,-1.22466851252202,-1.6255535031316,-0.730091741774285,-0.562152746861433,0.592845913743441,0.132140250001999,0.0658979861485658,-0.389437601316572,-0.14811207796372,2.41473507855972e-15
"546",622.79,0.734165307568153,-1.78038484998708,-0.204237583305704,-1.25224900792016,-1.12169721241066,-0.647454928300112,0.521205131802751,0.106782829895956,0.393733282897911,-0.00725058159835661,-0.322081278030654,-0.0255953866532339,1.66247224320237e-14
"547",623.29,1.62338179123472,-1.08708203809142,0.440601883772291,-1.17249281938121,-0.312982168589255,-1.83367094253868,-0.373189532871969,-1.06235014312934,-0.412717051209625,0.496664512374041,-0.704281411306224,-0.0566815964207458,6.32827124036339e-15
"548",623.79,2.50474027065238,-0.837672003619256,0.155901011562534,-1.09975455483093,0.709087231021517,-1.2151018014142,-0.903279928716264,0.145193837818027,1.65874545371052,0.182272640530067,-0.0147967390346181,-0.0708274302842182,2.88657986402541e-15
"549",624.29,3.20520712640148,-0.966357982952703,1.25325204602575,-0.940711330984314,0.409721588713707,-1.0890489189383,-1.06261015872353,-0.214160651229229,1.7436395412427,0.391557057362437,-0.237156315434092,0.0231025381206001,-4.38538094726937e-15
"550",624.79,0.958526272988123,-1.38574554766379,1.93347391409169,-0.901698133316921,-1.15301788857979,0.0333697257245412,-0.145395424977967,-0.319427417268883,1.11073243761268,0.455743675270941,-0.219285240216287,0.297974847189874,-1.21014309684142e-14
"551",625.29,0.248040949850955,-1.23779383332459,2.63209741002815,-0.608950462054758,-0.336394353128459,-0.957820231868412,0.519669773239568,-0.370056618523712,0.082075621027195,1.55893665498048,-0.188430659647741,-0.0136235620589056,-1.11022302462516e-16
"552",625.79,2.43890559816943,-0.880632840874966,1.03787779182738,-0.320948337776329,-0.756849526773722,-1.46436325364534,0.415743499238936,-0.699737381713483,0.927693223105584,0.0428359183769037,-0.0894609672618611,0.389883821990083,-1.62578284168546e-14
"553",626.29,0.456194655367556,-1.44423728879478,0.565374291080382,-0.966513006175493,-0.552139793555909,-1.10715493248961,0.359041327049541,0.127125586054009,0.360476207314414,0.137380431411883,-0.427703878618615,0.366494279032757,-1.6528445279107e-14
"554",626.79,1.70081005052659,-0.933860754208433,0.801973463180553,-0.712758847277652,0.128109089567265,-1.76378233623899,1.1740901210868,-0.136207240718119,0.779023375500007,-0.070497144211706,0.0923789388220615,0.371199629499403,2.35367281220533e-14
"555",627.29,0.369070428003124,-1.84924137241936,1.44492166370975,-1.5551168170352,-0.347582063486964,-0.837164329216924,-0.414729593826924,-0.604196415452313,0.166919289337762,-0.0429445421604862,-0.736382113796965,0.393736751043705,-1.24275589818978e-14
"556",627.79,-0.317636744638369,-1.29761330879045,0.848808733902807,-0.569756019445473,-0.731775751276176,-0.186647568714719,0.0283129095379484,0.558267744072237,1.32232257029247,-0.139114938052914,-0.482318005776966,-0.0335843392181892,-7.35522753814166e-15
"557",628.29,0.0125254163545304,-1.8144251967942,1.99792405228321,-1.1011710277884,-0.90275529811382,-0.450939237313787,1.44874196669105,0.00341732485769794,0.383567797805164,0.654056362068893,0.123837149742832,0.0942466329919437,1.57651669496772e-14
"558",628.79,0.833509343480246,-0.775838571427969,0.611558717172799,-1.47952372348406,1.36972310963987,-2.82013572948604,0.579117440886466,0.436179752916909,-0.211460395676452,0.54869435989688,0.195607864168064,-0.114342719824501,-1.77635683940025e-14
"559",629.29,-0.62616942698313,-2.08240274071328,1.53084947697583,-1.12470037717931,0.106498008169325,-0.620115748163843,0.323805520918489,-0.106509825148564,0.307184782294588,0.366884866931918,0.0242016426733739,-0.192340670103784,-1.13398873624604e-14
"560",629.79,1.22439554419825,-1.69035614900171,1.44848964686968,0.0690512052719292,0.0172991727633528,-1.75140342384008,0.549652896804566,-0.11486760550685,0.127829425751913,0.992731468210662,-0.0533280718560336,-0.134173968079022,2.09277040141842e-14
"561",630.29,0.0190577027384415,-1.56689608112226,2.35586152499418,-0.491319742565447,-0.399255338786891,-0.575893722590533,0.417811378940176,0.0945156152442887,0.520434834017471,1.14375006768616,-0.119103193898318,0.239973700934093,1.42663658664333e-14
"562",630.79,-0.445415727253243,-1.58025435568718,2.54631132152845,-0.487933998843712,-0.529521825616536,-1.35020492930501,1.00354088022131,0.368762124803245,-0.0288350853627154,1.19865487819475,0.1526940560927,0.0775042532039354,-1.15463194561016e-14
"563",631.29,0.400355301563656,-0.626959850942489,1.63283137494127,-1.01753325386055,0.140312106510682,-1.69791448982568,0.749101066028369,-0.741969415078704,0.534867222981261,-0.269209585559685,0.0265396575059058,-0.183305752952695,-1.41553435639707e-15
"564",631.79,0.654299259201125,-0.829831905067999,1.56133436821609,-0.392540902766424,-0.266855994035785,-1.70847839650042,0.49393284945171,-1.04501517226721,-0.268617157656497,0.213809585758903,-0.403764424558458,-0.144612131782393,-9.35362898246694e-15
"565",632.29,-1.40678134663271,0.203976293008478,1.55797045370859,0.557424031619278,-1.19540099146165,-1.18158899905557,1.56327601706742,-0.989071488509316,-0.299303251865192,-0.233353527578265,-0.0744758043216987,-0.296100339187731,1.17683640610267e-14
"566",632.79,-1.69931887517278,1.17421458020031,1.13525314646627,-0.482866538994734,-0.0222125184618666,-0.474650416517683,1.12761671774704,-0.634703315041337,0.339863601487352,0.21590650953377,-0.258980499087156,0.287093897489243,1.38500322321988e-14
"567",633.29,-0.6240223246655,-1.16083328612172,1.8829226983506,-1.28593989966966,-0.182053883645116,-1.00293491304484,-0.417059226427833,-0.294161065403482,-0.159931964219064,0.152130042727544,-0.285707153619065,-0.19732511953014,-1.16157083951407e-14
"568",633.79,-0.437552240641567,-2.16328133953236,1.79456416536594,-0.167869690303582,-1.55228417977597,-0.889241163043921,0.052286427448291,-0.538189696836987,-1.14981715089946,-0.378170741778515,-0.0115218119234029,-0.0537789564452936,-5.77315972805081e-15
"569",634.29,-0.575191117517191,-3.30624634713535,2.9779263076338,1.80184708101105,-1.25865477846741,-1.69028196018615,-1.10680428171507,0.246663842910623,-2.21629392919198,-0.134956648404576,0.598819530381373,-0.213080216487645,-2.962213807578e-14
"570",634.79,-2.4626784459872,-2.97249109701597,4.27358341339009,4.39956606787588,-2.34318034793646,-0.695538559397686,-0.282480476687464,2.20247856523778,-1.90765122923884,-0.634272469377832,1.39825395574942,-0.96418576444065,3.10862446895044e-15
"571",635.29,-3.2682581185223,-1.07825032900795,2.44376695973802,1.95667618048144,-0.616838619202701,-1.90064585019287,0.21365543274345,1.07953715073453,-2.699917826557,-2.68722627692576,1.14444747728527,-1.0683290499954,2.64649413495022e-14
"572",635.79,-1.13529290443859,-1.17097773504467,1.90687780047075,0.560281299382406,-0.0032300967248899,-1.01393930547859,0.335298900711069,0.728181893841857,-1.3087125183852,-0.78931497798179,0.585529072717024,-0.263133496707458,1.18793863634892e-14
"573",636.29,0.0944004193637874,-1.66743161533558,1.36889902574502,-0.539599733360929,-0.673809549404424,0.297167385406179,0.767079033067346,0.393202576526041,0.256450588624094,0.209795632672748,0.251044970879246,-0.344269531612216,1.66533453693773e-16
"574",636.79,2.32169296298485,-1.38286149530859,-0.223358753211026,-1.841461842909,0.701709937945094,-1.39814424267734,1.5163776378833,0.190922470649916,0.203704644755212,0.225736920106605,0.369323852349141,-0.095059309679082,2.05391259555654e-15
"575",637.29,0.940699623881051,-2.7616158165606,0.603844168247002,-1.01689346861694,-0.701594762423984,-1.14533058937205,-1.03504935748514,0.0430661418150026,0.0982488587409484,0.0734655733943518,-0.105878262429729,0.169811222985655,-1.61815005839117e-14
"576",637.79,0.138969091311324,-3.03392529966736,1.5630714166165,-0.282458748664072,-1.07295965371186,-1.09776107657469,0.274715781913025,0.181646904597747,-0.0604656327384459,0.364022189849195,0.0746010827908235,0.118504711604185,-2.19269047363468e-15
"577",638.29,0.55371617639202,-2.19299024716353,1.57587112543999,-0.782366356272321,-0.517810426015946,-1.05616878584737,0.140171519474271,-1.09422173606653,0.0428709127786621,-0.426320000069819,-0.072015475097311,-0.2731714474218,6.6942978937945e-15
"578",638.79,0.136827669815278,-3.46756074017423,2.42200942970512,0.573067699456462,-1.51231456385911,-0.236971481211375,0.0224207754760608,-0.676426671158295,0.448071905694628,-0.16840009608732,0.086240305486838,0.167851307196152,-1.48769885299771e-14
"579",639.29,1.27340261892924,-2.85402662892853,1.74064204667291,-0.531741960735519,-0.126677935645516,-0.613730665235137,0.23528863827453,-0.880829033500228,0.266359476370837,-0.392958713440292,0.463096771500367,0.226568849527995,3.30985239216375e-15
"580",639.79,0.00202229123056893,-2.41063604491409,1.34485913094216,-0.124336406111463,-0.623428120702431,-0.783773021008648,-0.558964948134411,-0.74991787904991,-0.392590720082333,-0.458249829863506,-0.0723618890227519,-0.0214774516234465,-6.48786580015326e-15
"581",640.29,0.0757157128300535,-1.66995226175951,1.74004797780499,-0.595902292178712,-0.0230221894908444,-0.460001375283053,0.650050270288082,-1.12990768951624,-0.450922062911358,-0.15224849350957,0.201422509244866,-0.157605919214565,9.09688990802238e-15
"582",640.79,1.21508552723167,-1.66909691703583,1.59494465179002,-1.02877070322825,0.251629250069447,-0.152946286330764,0.30738740078897,-0.512149948689465,0.266597999965959,0.0205587907074288,0.204669755844764,0.190367812891575,8.15753714578094e-16
"583",641.29,0.228508957604357,-1.08087779563879,1.25344880097123,-0.946361779893044,-0.314902946505502,-0.517940748284604,0.114575190535196,0.445313390081605,0.306079702783883,0.102472623632884,0.226242796016721,-0.306677164390615,-1.40165656858926e-14
"584",641.79,-0.962146428417348,-2.10605468073521,1.65160301726696,-0.977006288274548,-0.924243710806069,-0.308470566239012,-1.14192633098727,0.196717989058036,-0.0340493425758039,0.22264591699374,-0.10552153778497,-0.0312955549759535,3.60822483003176e-16
"585",642.29,-0.954108927560801,-2.25016416477946,1.0754797729709,-0.791866607131046,0.0382927395793928,-0.338855037123031,0.321384721711501,-0.311831536921101,0.231907946039341,-0.0044197691526463,-0.0571114229161019,-0.438600446862915,1.73472347597681e-16
"586",642.79,-0.916263094036831,-2.00541590240805,-0.154484628774527,-0.696953307918993,-0.120382145000311,-1.5890248564201,0.998279810138452,0.459132969211423,-0.39863466448332,-0.767786996181571,0.0352410778813192,-0.620370888457965,-1.08246744900953e-14
"587",643.29,-0.651693568317713,-1.78327203774517,-0.120766619830943,-0.780001353186249,-0.229341513111062,-0.196074223846178,1.20580595096621,0.23697027678782,0.599701634739002,-1.23338927850035,0.072232879275262,-0.558072922120632,-2.54917614794792e-15
"588",643.79,-0.450617680162546,-2.63407437906252,0.394970886982103,-0.858613385058041,-0.255919126683508,-0.158010662487789,0.92245418485187,0.292045373443734,-0.277516196376464,-0.058977840759124,0.0822704327112899,-0.143654963358653,2.19581297589144e-14
"589",644.29,0.334171887866436,-3.18998694953239,0.418653886804778,-0.759036343799853,-0.805670391066463,0.348180738773923,0.983831122974032,-0.209616265969788,0.259696086781822,-0.959715357972279,0.5830657401701,-0.100506650922583,-2.55351295663786e-15
"590",644.79,-0.452665864068684,-1.94971490752363,0.855518935264441,-0.043280713309892,0.232664385180223,-1.06565257810874,1.04789297312378,0.250035682754216,-0.166774732713132,-0.189830173600274,0.381654896734439,-0.143930259281981,-1.12132525487141e-14
"591",645.29,0.187458997346944,-2.1919989671253,1.42986483430607,0.335158115569264,0.430552443202486,-2.13543318831614,-0.118445478703845,-0.219023519176555,-0.545170678154939,-0.255563572636443,0.0637155580938355,-0.0830284822813321,1.87627691161651e-14
"592",645.79,-0.189895999309912,-2.76395766368161,1.93548267367559,-0.481235608191079,0.160354662579584,-1.22232959551906,-1.21184413491548,-0.500854502831271,-0.350863913776171,-0.506043637658574,-0.159857866243782,0.159953834036276,2.44249065417534e-15
"593",646.29,-0.639616521600725,-1.40575193871977,1.6007130096895,-0.705295205030441,-0.0163503043545686,-0.245075292454874,0.480695472810719,-0.246357096668844,0.1009026168415,-0.234418528815374,-0.0449554105887745,-0.230046807361376,1.96509475358653e-14
"594",646.79,-0.321565217244727,-1.96010807405741,1.34466173505337,-0.886332822515923,-0.218187520804835,-0.325358280063198,-0.545156352849574,-0.7594961565279,0.311713520554131,-0.818619307190962,-0.110790214335392,-0.0263849225570098,-7.17481629664007e-15
"595",647.29,0.6069917975801,-1.64570040933867,0.463793365597612,-1.25879877339829,0.788271145881733,-1.2964583063859,0.329984571820814,-0.168347656472584,0.0647515909789624,-0.813993815845103,0.249454650482862,0.224043891786333,-1.47104550762833e-14
"596",647.79,0.586645680412892,-2.25123674522814,1.87960220797519,-0.782446022921866,0.115146977808707,-0.186121861682533,-0.438627225678314,-0.774314880715022,0.63442303214491,-0.282222442583502,0.0263137806441137,0.0849849510822356,8.04911692853238e-15
"597",648.29,-0.135635687477665,-1.996334868241,1.49000227220075,0.240697319756033,-0.319401729435845,-1.39186244119558,0.184464766732673,-0.492439299405984,-0.140119259557438,-0.0990855550076804,-0.11058030743849,0.150662599378103,2.9767854847762e-15
"598",648.79,-2.0645184015181,-1.23331966706372,1.64759400389754,0.183806931014026,-1.02096944975206,0.125127157315759,-0.690061691596733,-1.33876699955149,0.303724058366913,-0.596307649248211,-0.477720094727074,-0.557463627494476,8.27116153345742e-15
"599",649.29,-0.66764751752539,-2.00015831322378,1.2940671279567,-1.06516833146472,-0.0946461931399669,0.163803099782426,0.348552159212904,-0.0847489380210867,0.630176506432214,-0.481949960563432,0.593977720466514,-0.0603940037061868,-9.99200722162641e-16
"600",649.79,-0.914291503480292,-1.31991262614426,0.969601119166539,-0.349715554117978,-0.42821900878228,-0.524902181035418,0.834417127906291,-0.984984826283629,-0.18297957903765,0.0724227665837446,0.177324048846412,-0.362069071298264,-1.82354131794682e-14
"601",650.29,-0.0534981496784194,-1.98394162618252,0.598303314056628,-0.302335120656706,0.466473112492518,-0.624915497156514,-0.336396407041996,-0.853103170803357,0.553692271471271,-0.138802569553425,0.372542431708694,-0.592909917602645,-1.64313007644523e-14
"602",650.79,-1.8086459451859,-2.11023223778062,1.40838002112912,-0.838416525150654,-0.5887473050496,0.214525971367289,0.450324655043303,-0.873176839592431,0.156310338717553,-0.221834674865849,0.32918299784008,-0.367515116432278,5.05151476204446e-15
"603",651.29,-0.60613630012063,-1.60743673049122,0.330849207967511,-1.00698256675572,0.446195102905535,-1.51828379212739,0.396924356898752,0.213164099438836,-0.1179580270959,-0.0866285710029646,0.232101222568029,-0.458383356770805,2.14273043752655e-14
"604",651.79,-0.794070746505868,-2.52794026789393,-0.106854568298335,-0.449123316453916,0.254919382177817,-1.09584945042729,-0.828309730328167,1.08151433231492,0.353705622327642,0.0933729755471696,0.138907638571413,-0.050731730405269,-9.15933995315754e-15
"605",652.29,-0.475262843231891,-2.50302088412329,0.571336451110605,-0.475165101277243,-1.10328991125766,-0.039629730665009,0.546250461608017,0.383869008218031,0.0701211050223941,0.459887807423099,0.394413046345156,0.0695751551497787,-6.30051566474776e-15
"606",652.79,-0.544028928503346,-2.39874225800499,0.78352184509763,-1.36799703178365,-0.552113666166398,-0.239183403958375,0.260172514057846,-1.10766844461521,-0.482709807329643,-0.340737989864335,-0.182955307084125,-0.298359819078625,-2.02615701994091e-14
"607",653.29,0.283962922203256,-2.53883123198281,0.656578825239705,-1.02824881754059,-0.992833208304402,-0.213312696104105,-0.0801798301903771,-0.613496225702881,0.00597021270012303,-0.430466176711692,0.581488543955012,-0.121905347783615,-3.59434704222394e-15
"608",653.79,-0.363355656799055,-2.08008034034048,-0.462832806100323,-0.281882814387706,-1.15409417270375,-1.16059816542939,-0.727635068961338,0.858998288414108,-0.255443012409645,-0.235202574437221,0.254254187716059,-0.242059396879503,-9.54791801177635e-15
"609",654.29,-1.65015529050629,0.118191699010032,0.610632402524573,0.333429935779445,-0.428131582387822,0.212867130061742,0.82659995271047,0.547629664874218,0.60718463771574,0.604171524349315,0.285326562890802,-0.304334083349955,1.63757896132211e-14
"610",654.79,-0.908333420243908,0.455557720220117,0.133871225424963,-1.28048956140064,0.615679846423523,-0.66993519991059,1.16435002763803,-0.348721943777578,0.545709080095513,-1.16171723465942,-0.0804491959765056,0.144138488029895,-2.61596300177303e-14
"611",655.29,-1.50488941639142,-1.89982418811369,2.14523506008642,0.0230644507186615,-0.834106024577417,-0.0939464887959147,0.609900253695862,0.443988981127909,-0.0633030516576749,0.378642907259791,-0.00929266542316042,0.0437736073799214,1.26010313294955e-14
"612",655.79,-0.113117730070625,-2.68687592564789,1.60946513396349,-0.0621908071762893,-0.525822870830506,-0.193206443123399,0.277407155225446,0.102996988229976,0.740227657223562,-0.632706642289388,0.0515851166618126,0.135819855293184,1.82354131794682e-14
"613",656.29,-0.234201663782046,-2.02785171123362,2.51754322170368,-0.622026812681191,0.29283662172677,-0.277311584612596,1.088383218032,-0.766471309732112,0.0275282543819108,0.0460585657382907,0.245680235469948,0.0637671237291697,-1.17961196366423e-14
"614",656.79,-1.11676990801422,-1.03130621171295,1.06349227657518,-1.1114600138289,0.500852194099637,-1.05170896410958,0.0868303790532682,0.334578528175738,0.145163678177572,-0.745103704740456,0.167716553048795,0.206012228651316,-1.81521464526213e-14
"615",657.29,-0.52400143551005,-1.94591762706489,0.682391071187436,-1.11458129927009,1.19740880656443,-0.852568959585629,0.936690349290712,-0.285319416708798,-0.0793930841905671,-0.632469137166599,0.295450869247385,0.343907084470923,1.0769163338864e-14
"616",657.79,-1.66957857616658,-2.02139162424458,0.951361953800818,0.175650984801702,-0.349469065991466,-0.51193006406996,0.303566223104422,0.261570178881474,0.100540437051066,-0.242976781200435,0.107919995327872,-0.112711301059273,1.17544862732188e-14
"617",658.29,-1.82080527049291,-1.49469170665601,1.41244140119365,-0.885719560050657,0.348078530523929,0.54551950564924,0.858740495606056,0.328562098040275,0.602678728288888,-0.17677707418443,0.0284101231596519,-0.25262773860118,-1.85684800868557e-14
"618",658.79,-1.32295205955153,-1.96684084202427,1.48566628564307,-0.163534568276463,-0.515448053872403,-0.21771306537766,-0.0969471200469016,-0.297392765762965,0.0932125584254566,-0.539037985924193,-0.162929909202889,0.0491216670891619,1.50157664080552e-14
"619",659.29,-0.652912878742907,-1.45758564496937,1.7946533852186,-0.855655102491292,0.975590730349203,-1.0162758363567,0.0910732848795632,0.480244757253988,-0.244220734078317,0.380788369832825,0.0107561270254147,-0.128491940695206,1.58206781009085e-14
"620",659.79,2.13976148215467,-1.16877058129796,1.31429408084672,-0.704957825937309,0.392253932628672,-0.395190244180858,1.35831579959024,-0.0834399736793142,0.952479764068473,-0.44218356970116,0.480406251991639,0.0883372250708006,1.58206781009085e-15
"621",660.29,0.452371072640309,-1.02157089910181,1.54238451239205,-1.00219480255297,-0.181526663768027,-0.130463310740042,0.95195240307667,0.0892342228284677,0.331795275273017,-0.405564195396907,0.293352766547147,0.246801672066542,6.09234884763055e-15
"622",660.79,0.864505067673383,-1.14483610688802,1.09397811468932,-0.362933584471454,0.714112522320366,-1.24294104825169,0.260781900186141,0.54040734710573,0.360495106074425,-0.338241637240369,0.442070336486357,0.252244718379991,-5.88418203051333e-15
"623",661.29,-0.422834728833665,-0.420672363224779,1.72141778578537,-0.562572099725562,0.0282018871432224,-0.542103148948534,-0.397806038945102,0.391922806866462,-0.0665585333309259,0.381400895793957,-0.104492139823823,-0.170001949959934,-4.82253126321552e-15
"624",661.79,0.395197849096615,-0.276171117455487,1.23875441749071,-0.746006710853395,1.04949665831431,-0.47020707539254,1.24439362079705,0.0841136603752232,-0.225398945617359,0.227420495818806,0.543017711992303,-0.203161139703274,-1.44606548957427e-14
"625",662.29,-0.0908308997695791,1.26360293661027,0.292835402950213,-0.436009547407743,0.841359322830559,-0.054782815701631,-0.55112175568996,0.869316717134022,1.0898574677481,-0.212053185885805,-0.00456652281430811,-0.633113735641436,2.51187959321442e-15
"626",662.79,-0.357072868009102,-0.684787045972504,0.742444992271876,0.0545964025425661,-1.002827507698,-1.26765908621754,-0.339883964805693,-0.0817881447090469,-1.08151460710013,-0.18545431497541,-0.00282455853294165,0.137537441079353,-2.39079589459124e-14
"627",663.29,0.602000282082967,-1.29400427229479,0.262530482940201,-0.883851528697812,-0.056546091558569,-0.0111607284629027,-0.53741235283051,0.346451983164375,0.380317488362012,-0.379255865354074,0.112291397026961,-0.196816071181443,-1.21777588013572e-14
"628",663.79,0.211066540033007,-0.448351863577841,-0.0511880368263101,-0.838990270298385,-0.493015587042871,-1.41843450490475,0.712388370058894,0.0512998735467089,-0.563691150613872,-0.475059579655112,0.529857078387956,-0.371065150132332,1.12687636999453e-14
"629",664.29,-1.11099563194399,0.0411826826884457,0.799388383146918,-2.16168832735903,0.0291337205242923,-0.159022536672328,0.142936567467795,0.462302736337891,0.0331057195240575,0.0308277549929295,0.258020675295517,0.10931579729992,-2.60208521396521e-14
"630",664.79,-0.305089436591228,0.619395440977964,0.617635361400755,-0.677792197305707,-1.14081840255816,-0.0828275612696998,0.351221456101647,0.732330033907663,0.406591700368255,0.0639057080042501,0.361916614126814,-0.0431646036461687,2.06501482580279e-14
"631",665.29,0.519687618283088,0.33938057752065,0.26036726374483,-0.602450404640741,-0.609682023094849,-0.271876566865471,-0.721075266685298,-0.316207705213435,0.517443263264929,-0.198041282324905,0.206916709446009,0.0830628307752981,-5.21804821573824e-15
"632",665.79,0.501216248168966,0.962392627993295,0.539352391721731,-0.892981140601668,-0.150199731280066,-0.285271682147707,0.534653235363051,0.978000893036342,1.00253448550033,0.245035231297935,0.565159358267571,-0.00244508319003065,-2.17464934948453e-14
"633",666.29,0.598487229492699,0.423609028653929,-0.160430777695909,-1.80298258856288,-0.762568291263597,-0.0428175101956627,1.18504282214658,-0.237291291824177,-0.0472896700110078,-0.504599087708238,0.438682393384179,0.0737675556267755,-1.30589983271534e-14
"634",666.79,1.54341887599888,0.187942179786234,-0.0433884219138631,-0.0455694796710601,-0.25515962139338,-0.895293639055452,0.361110358016598,-0.289270717635881,0.838525793682482,-0.597872559055789,0.524344139794578,0.0764209353544697,-1.24344978758018e-14
"635",667.29,-1.14131893909702,0.0608605122054301,1.09978489218257,-0.389798456257506,-0.471139602723589,-0.989339688168198,-0.794962615079709,0.237400153424111,-0.429129265101988,0.267524364090054,-0.217417058932327,-0.224945322855681,8.61810622865278e-15
"636",667.79,0.239922983925418,-0.388060187603224,0.603682031743616,-0.0603036164437668,-0.863961783315277,0.705140359728311,0.00233134999606903,-0.653357359470596,0.853852324902868,-0.642066886071264,0.167005123821549,0.00176123089164591,-1.68753899743024e-14
"637",668.29,0.085182094307281,-0.106279151514239,0.0700497585114612,0.221819553866316,-0.679700119818156,-0.0995222092367715,-0.345179294728914,0.124764059975989,0.685450527826503,-0.730077069272919,0.20947583243957,0.260362668210531,1.32810429320784e-14
"638",668.79,-0.896395285971438,-0.557631242938095,-0.253076612669978,0.0352287054607348,0.361532590007594,-0.801918415215453,0.637490441699368,-0.0567438423784095,-0.241002321877835,-1.03871719656308,0.206640545699861,0.0452057115705994,8.82627304576999e-15
"639",669.29,-0.563426742123595,-0.252608152566221,0.957245444675168,-0.0375284797463571,-0.74014787120474,0.326570699047623,-0.32678411157732,0.167722167470148,0.558362205713038,-0.552081366271434,0.146806023886656,0.224689619016928,2.11497486191092e-14
"640",669.79,0.624660340584421,0.751036826869211,0.442120168601005,-0.0536418444182665,-0.125716064253839,-1.23116303385756,-0.155582171589686,-0.0390750926237943,0.183046400910882,-0.863869209371519,0.246505898334864,0.0192624179499031,6.96664947952286e-15
"641",670.29,-0.685123527870789,0.515535317628976,0.641453153394374,0.0324394528086737,-1.385194681235,-0.0449134055397437,0.339677547229024,-0.498338036052909,-0.275704692086866,-0.632751574459756,0.0270557635224044,-0.142461782585814,-2.01505478969466e-14
"642",670.79,0.129968095158429,0.787627527683622,0.399908726928568,0.0991887544203862,-0.364037726678006,-0.623447727743228,-0.474490135922145,-0.203398437076726,0.247925411028694,-0.11209830961759,-0.0898702385496784,-0.383678670205632,2.10526041044545e-14
"643",671.29,1.4002459837401,0.209092453867991,0.703828632719412,0.0551262796872382,-0.993674759827268,-0.0200136004166852,-1.0459063172422,-0.696849564491692,1.02189098174144,-0.626807507914255,0.263119471543127,-0.245960544291585,-1.64035451888367e-14
"644",671.79,0.0909683770515497,0.317319162249345,0.29940395344684,0.438973978147294,-1.80210068962722,-0.817291747487332,-0.213319303998755,-0.571330183443241,-0.0983631607053064,-0.683059941998631,0.095714363690521,-0.0577239279603008,6.82787160144471e-15
"645",672.29,-0.0807479965636883,-0.294657967661992,1.35570943995796,-0.905047855690453,-1.10233905562649,0.0907150195799812,-1.05446020690569,0.164575287782012,0.190027457402506,0.153824438277416,0.205858479305607,0.119363168269749,6.38378239159465e-15
"646",672.79,-0.43198493653976,-0.37489591852274,1.05246698348545,0.064207525427826,-1.14152577281035,-0.457746424163957,-0.733585645851677,-0.136875456113136,-0.160689430308407,0.341616762825589,-0.0356864293081033,0.187785992606591,1.59872115546023e-14
"647",673.29,-0.344580811662622,0.477644911139125,0.623256908999755,-0.192553908936344,-0.537039816729546,-0.676677729100739,-0.36546782485341,-0.805201546564794,-0.171211120312837,-0.000567997645942706,-0.120080471008422,0.203832456495643,1.79301018476963e-14
"648",673.79,0.0519025591548522,0.317930225432367,0.0104294639308944,-0.72779153240088,-0.42259209012794,-0.540231820549927,-0.339557096207265,-0.315244245198648,-0.0304538373697499,-0.197028201212492,0.303626998071195,0.0989246656652918,-2.42653119819636e-14
"649",674.29,0.0895213788807349,0.0709124600683431,-0.0730818429337551,-0.455565492865704,-1.04372196767317,0.0577220129940882,-0.992716266440151,-0.0953742719792669,0.312526946082092,0.116222686023416,-0.159144657330134,-0.0937109332221743,-1.15740750317173e-14
"650",674.79,0.0476206213209329,0.49931471519043,-0.630671382695196,-0.366861397306817,-0.351737468571783,-0.586070406684913,0.645867154588178,-0.160541066519909,-0.118159136314851,0.13277917235288,0.311725626950536,-0.301459476054115,-4.32986979603811e-15
"651",675.29,-0.763824719144075,-0.56708605376137,-0.183542623757718,-0.0266206193141544,-0.68092176709765,0.731362815212592,-0.163121754638025,-0.58641712226281,0.431344503253847,0.0308340759022707,0.548015236641931,-0.265638114827668,2.4757973449141e-14
"652",675.79,-0.490950070875188,0.840291337069987,-1.2828769853597,0.436356253723898,0.0930788064537768,-0.255352315576879,0.224222140814991,-0.25034700032247,0.826079565913276,-0.183715304323104,0.613558989446187,-0.894688320829333,2.17603712826531e-14
"653",676.29,-1.35116303847429,-0.176882726353142,-0.246426919302553,-0.484418772323832,-0.723682502882257,0.487444350614202,-0.630944927851857,-0.472683966963276,0.448497255445091,0.385530700352838,0.201504178527472,-0.737506872786045,1.11022302462516e-14
"654",676.79,-0.826384266557518,0.126897159477587,-1.6432992336514,-0.746320832661462,-0.696664616415631,-0.449707971590018,-1.16931932905371,-0.590949951065867,0.0889976003066844,-0.519951485208646,0.294426332057964,-0.345168905013483,1.4058199049316e-14
"655",677.29,-1.37640599693593,0.0856185849550792,-1.04413078537127,-1.00781148781212,-0.249880551496395,0.760655792046708,-0.517073296529726,-0.172290936365816,0.036325492172109,0.100401387457012,0.51693609673716,-0.633309058410133,-7.31359417471822e-15
"656",677.79,-0.744336680112018,0.915613592366407,-1.64645791912152,0.310058099974554,0.583130378870287,-1.13805212217342,-0.952790673751055,0.0435167338964967,-1.01694796052029,-0.0211878501380351,0.907366059069841,-0.387485881992954,2.00950367457153e-14
"657",678.29,-2.4932411499287,1.11074308603636,0.436523641516047,2.03564999249111,0.462333489771271,0.642074654878796,-1.64434858644339,0.11412583772726,-0.325052157595254,0.0663870254692976,0.341958134064531,-0.75621215794307,-1.8401946633162e-14
"658",678.79,-0.538997365385047,1.48634214742452,0.50136815070624,2.20731422909978,0.273505307602894,0.767614857633725,-0.979385883252477,-0.610102652483467,0.193801855323931,-0.595005842960432,0.633817422148498,-0.283335991177552,3.15025783237388e-14
"659",679.29,1.06343616003657,1.87119596888984,0.910542930274608,1.22792944481856,0.183609687323861,0.247911819236421,-0.198946915329434,-0.447178142096964,0.423205416613671,-0.799853522697701,0.16349993759611,0.444252459357516,2.68673971959288e-14
"660",679.79,-0.901681325890056,0.287263875488009,1.87133177974727,1.51699567242315,-0.969927293020287,-0.73741602383887,0.0355173130631526,-0.0299212573012419,-1.07249817948583,-0.448548776038757,0.0295028438082995,0.0293644742388366,1.66533453693773e-15
"661",680.29,-0.318927271745284,0.526664006612056,2.68245323215522,1.38191700323688,-0.510910749321383,-0.384974256743947,-0.0280448492292204,-0.185287185580116,-0.481884281789272,0.282457382711005,0.0633845316290517,-0.332443131567549,-2.44804176929847e-14
"662",680.79,-0.775630014434062,-0.0680081011061727,2.11757106224863,-0.0433298378024736,-0.449338862206356,0.881184236758727,0.829804094207753,-0.0856240338475394,0.249711314182023,-0.887027426125122,0.368600128469593,0.0115010811418339,1.36557432028894e-14
"663",681.29,0.0380099114741552,0.512939312127637,1.35236262324036,1.5895344139626,-1.20763016011346,0.157869714204311,0.912915389628087,-0.0818067176472946,0.131037645981797,-0.483627065593695,-0.00632783060153386,-0.461629173556313,5.60662627435704e-15
"664",681.79,0.0726677764103312,0.388350971278573,0.233589668439693,0.997251041735611,0.0557073348782045,-0.966522666445427,0.0471950996675996,0.754974806210743,0.638565403302822,-1.07094849320421,0.127272416590917,-0.205925035758965,-7.72992780895265e-15
"665",682.29,-1.26376066987613,-0.981944009836498,0.769876161416008,0.497155218548889,0.208367510060882,-1.14370277472794,0.315376452852939,0.070620517874084,-0.612277391148811,-0.53381492019779,0.0778026242621664,-0.0570617019029327,-1.16573417585641e-15
"666",682.79,-0.621509291455331,-0.963128485037081,0.586932572825814,0.193342227584829,0.962246594536547,-0.557937126126966,1.44100319895799,0.29228800485592,-0.164695215960684,0.149204389846607,0.246412183388422,0.276954908838591,-1.62925228863742e-14
"667",683.29,-0.538188179699868,-1.80154943113822,1.47570899003534,2.26789212955849,-0.883978433447029,0.631731473677855,0.593530983976787,-0.688961552172065,0.599616452839108,0.148540751977143,0.123019970244694,-0.242358574334935,-2.21489493412719e-14
"668",683.79,-0.605311269971241,-0.0758483183268308,0.306610773512113,1.39525132485687,0.826460362091957,-1.11693147986167,0.670343114922553,0.542623926851677,0.361746652151286,-0.262194352864468,0.580912572258043,-0.184650488298289,-1.0769163338864e-14
"669",684.29,-0.477083963719575,-0.189825897521861,0.418776908159931,0.552209184606946,1.40861701960041,-1.19032214097435,0.608537887359066,0.304532069585181,0.0851028360207768,-0.361545828268579,0.504256300840952,-0.113044305406918,2.38697950294409e-15
"670",684.79,-1.0170947857119,-0.43170472932127,0.674361172227413,-0.204405845910161,0.272190390231145,0.426151605216545,-0.324029062264193,0.190632747457768,0.632142716956281,-0.694316734347195,-0.128829919103026,-0.169361923561071,7.67441665772139e-15
"671",685.29,0.215120446002505,0.314725605767437,0.993815094163588,0.437781123844301,0.500942233017895,-0.214657330729323,1.19325431257295,-0.00977865498442817,0.57246551388588,-0.314502323690639,0.370571903360877,-0.344680687318362,-1.20528587110869e-14
"672",685.79,-0.653473034951825,0.287399431710728,1.63898992426466,0.911147641125474,0.999203458374681,-0.418739713578406,-0.370233145158726,0.317907531098268,0.772753834933809,0.0147227287994699,0.211379012397252,-0.500218975824608,-9.20487644440193e-15
"673",686.29,0.718651004041918,-0.253668338864212,1.79836213165214,0.303937024339243,1.94881513080046,-0.699745328164144,0.132044202764325,0.691318333578495,0.808998393068882,0.369364140136338,0.264385476937983,0.00888207244165199,1.97064586870965e-14
"674",686.79,-0.793584119628601,0.454137832214518,0.479350320463065,0.87841577608403,0.949752407218073,-1.71435198505711,0.357524139914358,0.621217420276192,-0.0319756214855207,-0.19413223672236,-0.0309166623540777,0.270154485012215,-1.12687636999453e-14
"675",687.29,-0.315719513460948,-1.38734386251879,1.40781895993897,0.552493538582238,-0.132479974665272,0.197091697744119,-0.250625634175506,-0.309191752363583,0.645979644615294,-0.78010807410568,-0.0222276916108306,-0.00433352539144419,1.65145674912992e-14
"676",687.79,0.0281886617813195,-1.7177280670769,0.864020930286522,0.590229728972501,0.198183162791141,-2.06300581324718,0.526946348846204,0.197549152116382,-0.38711377308885,-0.259523618938797,0.0941559082298973,-0.162802208972623,-1.58761892521397e-14
"677",688.29,-0.292125793845529,-1.94534087141705,0.4994195525068,0.0037104870999221,0.024240628482997,-0.681524734253442,0.138787884740813,-0.359527855125562,0.829145305583245,-1.1962847252315,-0.0345920768738751,-0.0371594539075891,4.8988590961585e-15
"678",688.79,-0.816048095525138,-1.88795051663677,0.652110310672321,0.805567935618007,0.160068295701117,-0.929689660988042,-0.104187057623625,0.575861548549711,0.467055870145241,0.118647201315429,-0.00761632617581625,-0.138547495320226,-8.20177259441834e-15
"679",689.29,-1.06120177174872,-1.13893110038419,0.332789925603363,0.000245601921037487,-0.476975941827855,-0.396369292763321,0.256901247458468,0.655636313113697,0.152520125535537,0.363784336044014,-0.156506227365498,0.00144119359613799,-1.31838984174237e-14
"680",689.79,1.10466200816898,-1.81064383744754,0.46550561045819,0.825391798567414,-0.479185674524826,-0.741925637599392,1.42562296856058,0.179327895934737,0.345583218661052,0.61902469993665,0.7342035701397,-0.0734131428251626,-8.82453832229402e-15
"681",690.29,-0.0391219062106196,-1.86997951781966,-0.126624302027137,-0.124226520485247,0.543978311772323,-0.779866412951515,0.093266162667976,0.311546142856591,0.482671576529794,-0.365986585010592,0.332816237237351,-0.29216010164659,2.62012633811537e-14
"682",690.79,-0.136715232213737,-1.36155685185674,0.14670039649352,0.696216288634381,-0.130961632772626,-0.910529559440707,0.452079755103619,-0.381928382633501,-0.0188769424034947,-0.278081366928562,0.206958847618482,0.0663995531017386,-1.23234755733392e-14
"683",691.29,-0.145258031556996,-0.977827322247112,-0.118138394189119,0.295822506846719,1.64153608066805,-1.62179078991385,-0.140628400324016,-0.668547997724192,-0.238304672657978,-0.477625179963661,-0.244885283979871,-0.229533001615242,-2.53130849614536e-14
"684",691.79,-0.9820909501882,-2.50928557786699,1.23641129587529,1.53959078678984,0.0869819960038161,-1.12885607888684,0.0937413127758288,0.397119863094567,-0.310054693469441,0.412663512872864,-0.121631092014966,0.00374057348745866,-1.71113123670352e-14
"685",692.29,0.168772123517992,-1.50715715078588,-0.0415103732528133,0.806469245291527,-0.539198260247636,-0.740278950465417,-0.441605089648286,0.0943882079680042,0.889539928930579,-1.11935905697992,0.24781887573963,-0.544413180226897,8.11850586757146e-15
"686",692.79,-0.160132496267722,-1.23782191433042,0.789764729286125,-0.226427494482159,-0.716028932851121,-1.00688386873268,0.562854212929297,0.983873901574211,-0.053966906918367,-0.321991295260209,0.518726124566073,0.284310115639797,-2.16614920445224e-14
"687",693.29,0.941096502626672,-0.936939831856459,1.05870754285129,-0.79993165460844,-0.268685998730567,0.162573002019236,0.284893806483605,0.086188881872292,1.03623503423551,-0.863923683367512,0.522638721096886,0.184202391031889,2.90045765183322e-14
"688",693.79,0.675361268468886,-1.08857057443896,0.738948371103961,0.282170082378498,-0.558756457313025,-0.473103504523701,0.20147834662443,-0.0332331218455395,0.367052991485828,-0.521721510267366,-0.0328506101125143,0.345039991097417,-2.72004641033163e-15
"689",694.29,0.0529275079013775,-0.324186481580477,1.25726823262339,0.137075846567044,-0.428223690626824,-0.0757383425295188,0.0245247998269763,-0.432658961070092,0.574778590971038,-0.3652992459509,0.0483058776212193,-0.108650846293531,2.3037127760972e-14
"690",694.79,0.668009279770596,-0.506568165999398,0.359875701838709,0.966208608762337,-1.02045692352452,-0.341142456215323,0.194193230830138,0.15364268671308,1.00560645430297,-0.667639433414556,0.148478809983519,-0.0423057925709496,-9.93649607039515e-15
"691",695.29,-1.17155020010527,-1.00162393698745,1.00002999419606,-0.813968943589871,0.381717129754218,-0.0951000332504321,-0.136593275824693,0.443117870719583,0.102533397218536,0.0164570351069706,0.0880123254853598,0.144114188354309,1.73949396553574e-14
"692",695.79,-0.607640230527764,-1.16856417287106,1.6436343852576,-0.520222439837575,0.130292660075932,-0.467832585441913,-0.393481484601644,-0.181225533454017,-0.559024895868265,0.401717340542343,0.0219979298490978,0.0204578903138017,2.38246922190655e-14
"693",696.29,-0.698715963942173,-0.643712761367928,0.114159091579602,0.498575780994438,-0.0929999963813759,-0.369955165489127,-0.36831459990323,0.160745614868004,0.350390582409257,-0.43723331746817,-0.0780433504968061,-0.200889701302044,-5.04804531509251e-15
"694",696.79,0.0476497706113188,-0.885560145105235,0.361021419109478,-0.448224191979711,0.0200845759760338,-0.423609090870258,0.531236822531987,0.0380734763106603,0.0214036426183384,-0.724449889855306,0.512224375615354,0.356475650547135,1.11577413974828e-14
"695",697.29,-1.14477247262888,-0.900963536412476,0.670346136426693,-0.981423374869422,0.177308184956665,0.158833237947257,0.305470177028652,-0.00521425098902119,0.229585899895098,-0.84827694343736,0.018079911009873,-0.0553258315301942,1.40165656858926e-15
"696",697.79,-0.225591991832501,-0.994915735665122,1.17690415352254,-0.622708954966621,-0.820875152278025,-1.00974786532329,-0.0973133496491733,0.446864126388314,0.203185479713093,-0.377646513242913,0.100624951949001,0.00698538281620067,-2.67494359995624e-14
"697",698.29,-0.277755945254151,-1.27265584427298,1.92502709471296,0.432172164111738,-0.449168538943061,-0.58599300178261,0.908642799193332,0.258566449113837,0.371640293220455,0.922479304610169,-0.165192972061658,-0.282288115230517,-6.80011602582908e-15
"698",698.79,-1.01719227234455,-0.9173738008166,1.26861548450257,-2.41525915465872,0.377289147602738,0.0334791214330849,0.842931108469251,-0.420936014427297,0.31751563856375,-0.850010457521721,0.183060653980654,0.0406783758690391,-2.20240492510015e-14
"699",699.29,-0.744767040821385,-1.63777348745739,0.907228247993759,-0.0512686848988712,-0.358109798881746,-1.04956980060706,-0.144811196462842,0.328150184397404,0.457310386374777,-0.631216495556016,0.0420901142509919,0.0848671830792895,-6.15826833971767e-15
"700",699.79,-1.82159611671965,-1.28867813602773,0.379901620164398,0.165134078599507,-0.668778859242648,-0.429440049649131,0.693622697245352,0.625142052928269,0.192066047788001,-0.20696881684394,-0.247696746839449,-0.491904254946038,1.54321000422897e-14
"701",700.29,-0.406741417564655,-1.40514159332778,-0.202557555398607,0.0582585707832649,-0.378302778394986,-0.554789369152417,-0.528800274470325,1.15812555714056,0.599544171599298,-0.674389649764507,0.158815175634452,-0.0165688244963278,-1.90125692967058e-14
"702",700.79,-0.514912674570809,-0.865089979923463,-0.143819514531488,-0.305096852791734,-0.759547724453945,-0.481850559776091,0.906186416060824,-0.0407420293763949,-0.605760884223183,-0.60817853988008,0.224464947908784,-0.0869794599193829,3.81292220019702e-15
"703",701.29,0.404320777571289,-1.49517649983147,0.221788797041502,0.747246419866982,-0.910745740137338,0.13603414659932,-0.046813791216494,-0.359954918240236,0.264355665137339,-0.396982209101475,-0.156219377533189,0.00491147570514444,2.33146835171283e-15
"704",701.79,-0.330069099007812,-1.30861996782705,0.94291622201027,0.366583146687131,-1.05197159576994,0.144192730489132,1.17032139085688,0.95804705646822,-0.0605694737882706,0.300946341742729,0.206150116544524,0.113701206441229,-8.32667268468867e-16
"705",702.29,-0.0267745992880061,-0.0757852598480678,0.36299367657467,-1.5769645655778,0.624385450905126,-0.532802275518043,0.458828296332247,0.62417579720921,0.0470642836700711,-0.507013626575638,0.31632663948394,-0.0599809521362036,-1.06581410364015e-14
"706",702.79,-0.318623905266394,-0.435884606865935,1.29430775527394,-0.623826258998673,0.14818003442638,-0.187622414697008,0.898640103933267,0.0940868500843742,-0.330666374419834,0.0632349218045537,0.170023520115586,-0.00630131308640025,2.29122276707017e-14
"707",703.29,-0.269434458127572,0.100370728070614,0.809235666001451,-0.718327342460419,-0.95976127720305,0.739277432375714,0.193627570046144,-0.143816492683615,0.313784450530939,-0.609884701401032,-0.00699303722117867,0.0761984770916105,2.02060590481778e-14
"708",703.79,0.095846896245369,0.246569769062847,0.690976294018416,-0.534197177901563,-0.963645086793145,0.320008448214524,-0.507588464455537,0.149255418355367,0.549043765220989,-0.686103095079894,-0.0079160022965965,0.0160906316792497,1.99840144432528e-15
"709",704.29,-0.392403675909194,0.140711649094226,1.72230752940865,-0.949214385387896,-0.738270503382354,0.273026453242661,0.508420015519244,0.0114014011040284,-0.44028642103571,0.342608588012316,0.223328492981006,-0.155167250151981,-2.24820162486594e-14
"710",704.79,0.0375142535421759,0.429814941057584,1.04568924307803,-0.908696239049579,-1.15129131739605,0.300150444893009,0.42390730829966,0.861190494945481,-0.301080453754085,0.0641058811422658,0.125644645508636,0.180848727377862,1.67643676718399e-14
"711",705.29,0.326454087579019,0.0491759728024926,0.428809140618452,0.452979866564183,-1.44744128508007,-0.438320933098866,-0.862908701039219,0.390160183892794,-0.114449565841769,-0.459261976842505,-0.231393084839855,0.0770831792564307,3.02535774210355e-15
"712",705.79,1.96479090734017,0.0109312792337681,0.289060280775169,0.593097157685791,-1.45503933600002,-1.18095284427253,0.676387216587869,0.846922131421803,0.0419921719959758,-0.376789336835448,0.0827650189652816,0.223929855832001,7.43849426498855e-15
"713",706.29,1.29620108734837,-0.00238061547287685,0.407597917199792,0.0840154475982853,-1.20271223392876,-0.462380511221368,0.336606704126254,0.807903452876016,0.276876666727626,-0.260057787064822,-0.0333352325948539,-0.0947327299619957,3.02535774210355e-15
"714",706.79,0.472550011470618,-0.245862710768685,1.38716836952281,-0.411842591051019,-2.01916764073879,0.340998545056259,0.694300195374383,-0.0702582857226143,-0.0126246161184052,-0.757524791017519,0.277018399806713,0.1403181722185,9.99200722162641e-15
"715",707.29,0.557806205664828,-0.022664734381826,0.297239886172473,-0.249813827258559,-0.302643773576287,-0.745409957603691,-0.259403174525692,1.41056580553594,0.116006762763949,-0.69383949779237,0.211402334534318,0.349180912970367,1.22124532708767e-14
"716",707.79,0.217542956079778,1.25702564065672,0.145395099197548,0.552480883681744,0.165074530985881,-0.811902432465056,-0.746942413507202,1.07955800219247,0.758850231899628,-0.0748501723296336,-0.268407593492515,-0.221356971429303,6.74460487459783e-15
"717",708.29,0.850865187675953,-0.381054289475976,1.08950628076659,-0.0837826344559312,-0.694414842836722,-0.0177902716976116,0.348739834290522,-0.784103746602944,-0.436479950717498,-0.115997899620437,-0.0482340047443291,0.175970593349983,2.51465515077598e-14
"718",708.79,0.646986201215588,0.613392031322479,0.333104818468664,-0.13496181253973,-0.387094054589768,-0.862763721339928,0.332383333484067,-0.636107077718245,-0.739306219532225,-0.283417519317574,-0.248819048343803,0.154403059745977,1.78121406513299e-14
"719",709.29,1.00295254715553,0.756455168207885,0.206613443768647,-1.920705472328,1.37100380225027,-0.239134533926104,0.251728848353029,-0.195028504548622,-0.1307220907394,-0.311863205688229,-0.00679302177655109,0.45796794201394,-1.62092561595273e-14
"720",709.79,-0.277982037870689,0.562188187374164,0.896350064801601,-0.82621953690285,-0.173949587244386,0.400861146244528,0.341768246910274,0.104269251976892,-0.0105804893639318,0.0124557398029032,-0.25557562325663,0.189991542491111,9.18709552877317e-15
"721",710.29,0.395777200227495,0.834016447825688,0.685368757013946,-0.484170299033557,-0.126804816573624,-0.0346891299428672,-0.0909023735582825,-0.23196672950598,0.132638538430096,0.108743761221657,-0.172144691163366,-0.0406623291016285,1.85407245112401e-14
"722",710.79,0.0454877327526576,0.524451721027216,1.26714271883587,0.0558774518360743,-0.672752026857699,-0.622463649202944,-0.149831811484481,0.325916351107575,0.0507721155564937,0.392162057147937,-0.0459498142753567,-0.136596155236972,-2.31759056390501e-14
"723",711.29,0.065537822729979,0.269756190193363,1.49448387950056,-0.0505914945724136,-0.645781429464676,0.527212433354601,0.167292674688756,0.129843182334127,0.476802902351751,0.353661674119909,0.136214278032716,-0.00485490998593475,4.9960036108132e-15
"724",711.79,0.76095894186303,0.90285152036962,0.73367830697741,0.239768953285438,-0.555974766334531,-0.00573106397050394,0.148202323521285,0.420882241098961,0.704405889748853,-0.00426173346205736,0.272641096933091,0.305108765571777,-1.96509475358653e-14
"725",712.29,1.63562575745213,0.932059890248439,0.412535649642004,-0.385858840471105,0.93598959825803,-0.647958696435483,-0.130442164176098,0.146158546117086,0.862720447017815,-0.242419143401053,-0.153337890464738,-0.0446645914162154,1.95676808090184e-14
"726",712.79,0.251527541483316,1.53605244719703,0.439532249779541,-0.438659467050568,0.573142569188367,0.222783808373395,0.508910825724505,-0.45798825437725,0.415478643869834,-0.0602928841565265,-0.309505236872408,-0.200290697408154,4.03843625207401e-15
"727",713.29,0.478495583400959,2.30141350242538,0.0275112378522746,-0.226406987633516,1.37142694063038,-0.110179609845298,0.554451821264941,0.414448014621231,0.63945222753078,0.338858755598374,0.253605967959939,0.29516918326067,1.5931700403371e-14
"728",713.79,-0.199555438033519,1.16381469149198,1.07965576918028,0.0383410314700018,0.496798143819774,-0.0709515215269968,-0.114645983679638,-1.20193443325568,-0.2512805241676,0.338585225619361,-0.411805406546693,0.119742666309507,1.66255897937617e-14
"729",714.29,0.377048095800747,1.11729880997457,1.19509854025587,-0.607656582986585,-0.177154953097005,0.818167383573595,1.45756475619299,-0.937005071741465,0.0161145234193817,0.046921621145544,0.220206709197291,0.359993953265916,-1.72639680329212e-14
"730",714.79,0.0636917557227316,0.863010933029351,1.03662011135418,0.169469275278473,0.700405719309171,0.104597736634822,0.690346217921927,0.0528118743853802,0.232293229761614,0.290109856094807,0.201264141060672,-0.0623435833063487,1.031813523511e-14
"731",715.29,0.179379719699848,1.42065202283825,0.941837943711321,-0.47157462828837,0.0312602356779036,0.333389430163968,0.482329396722809,0.299494945483957,0.696676857197732,0.00215296877126082,0.243185304613185,-0.0913572081979798,-1.60982338570648e-15
"732",715.79,0.147799141698427,0.53813311657072,1.16571239402876,-0.0205416427943846,0.15481085986515,0.476226281985029,-0.377880444724439,-0.528426788518946,0.39491533722207,0.193347875982472,-0.139888662726139,-0.144209039879012,4.19109191795997e-15
"733",716.29,1.13408640974808,0.415814314836857,0.826688242968745,0.461778102469811,0.149697094884678,-0.17136997323743,1.18194916180759,-1.01227701752313,-0.296464901326183,0.251008869391615,-0.0073179379517796,0.0282990038472253,5.46090950237499e-15
"734",716.79,0.399533417005406,0.975978559277111,0.592995450186093,-0.553723937632572,1.19236235454639,1.120443805777,-0.609207140369958,-0.403659364084846,0.88344010781881,0.0117208027717943,-0.216767723300101,-0.20452706613988,1.51267887105178e-15
"735",717.29,0.719415808452331,1.50937863963758,-0.124928648143158,0.427281584381708,-0.20120112245875,0.400421348941519,-0.311201166909296,-1.61443050409626,0.666423887529361,-0.854768144109124,-0.310179687098385,-0.238102122016506,-4.88498130835069e-15
"736",717.79,-0.499751744419567,0.843506082583188,1.21855315149075,0.231519127276837,0.510396194697577,-0.20751869391802,-0.60193377134668,-0.190897741627769,-0.0446550800821269,0.767425848977484,-0.255535926639381,-0.140476919784095,-1.22540866343002e-14
"737",718.29,0.782615803358002,0.967595218128846,1.20155866281072,-0.345938880342064,0.87873460837804,-0.509977201452734,0.00465418787170948,-0.287712099310381,-0.286719090662486,0.789245918501505,-0.00522637812213661,0.570512407075945,-1.62370117351429e-15
"738",718.79,0.702197905676517,1.9161665324792,0.765382347881555,-0.338897185753359,0.644960142345851,-0.0540895159195747,0.144686571160736,-0.396487993272683,-0.0106951265769507,0.203720460811633,-0.222996215984375,0.0171111135622274,1.87089926884099e-15
"739",719.29,0.981048304877723,1.74678198165684,0.173109290942008,-0.0141508279904191,1.33244912293937,-0.811305074694596,0.349248069412565,-0.381252579302749,0.145755316512015,-0.0911865334976062,-0.351000059607044,0.0774496240068168,-1.77635683940025e-15
"740",719.79,1.46721656921875,0.992258514916905,0.437089032437768,0.0176964411371246,1.82985282951331,-1.13834959138538,0.0715238456825358,0.191796987437586,0.368075982487489,-0.0132332361948453,0.0186252581786713,-0.0502857116068843,-1.73749903353837e-14
"741",720.29,2.53171203550228,0.295202021949149,1.1020660858555,-0.271486750785204,1.12559922818895,-0.815317227637289,-0.193677898429324,-0.315487612899508,0.467783412794442,-0.266975015567473,-0.158852331721863,0.425365946787731,-7.82707232360735e-15
"742",720.79,1.20861140311616,-0.478227188660829,1.38129097634006,-0.0269088886721457,0.158168677230454,-1.24435130376943,-1.19512882669179,-0.302962701546212,-0.442892140495452,-0.214058931767447,-0.536437567765826,0.0979967528522402,-7.91033905045424e-15
"743",721.29,1.78150164497643,0.104156751776201,1.57487944453182,-0.135373172603645,0.550489534962792,-0.23467134696036,0.197003004900643,0.170900713640283,0.16070078566629,-0.139485148415805,-0.0791376723454412,0.176789252918995,4.26048085699904e-15
"744",721.79,0.922927277244661,0.359381310881486,1.9102191976243,-0.11215280643082,0.42607346354116,0.153524638889194,-0.06940052307231,0.293499252165767,0.311130613945646,-0.0448061703570735,-0.336356625066562,-0.0279001562367179,1.85407245112401e-14
"745",722.29,-0.789664681072075,0.23444742920648,1.88182763377261,-0.843836989370631,0.769705350535995,0.33485536670882,0.107355889849195,-0.0163312857482862,-0.241486726583616,-0.200701430382851,-0.245364724035336,-0.15762669083714,1.77635683940025e-14
"746",722.79,0.210819527372699,0.315446565023003,1.66504491499367,0.457433314565479,-0.306841721260735,0.649398824299796,1.32704369427689,-0.0917076128741039,0.1278170921521,-0.252233145086811,-0.318763357683515,0.230052923180499,-2.25375273998907e-14
"747",723.29,1.54707300058149,1.10624505899549,1.64558544349909,0.754559530417761,0.938968118731076,-0.775471698947321,1.9761817007706,0.431587299932838,-0.465467737923397,0.958278147769004,0.00668230919526618,0.291452148878379,1.95121696577871e-14
"748",723.79,-0.606989310492896,2.05916874205489,0.936682254480871,-0.896336539650937,1.26329454063918,-0.362998176751303,0.959398746915805,-1.10935248876654,-0.963278529482613,-0.490567250704672,-0.489465721927687,-0.251511747218904,-2.43416398149066e-14
"749",724.29,1.13076970412087,1.12278254800406,1.688646309512,0.018859104619191,0.470633074175709,-0.078962158150289,-0.0792776477677748,-0.175198672819899,0.116698717491152,-0.0600033456792542,-0.263148157005028,-0.0149910708480197,6.73072708679001e-15
"750",724.79,0.710374721002637,-0.511416069931011,2.08611035928201,-0.947441625215985,0.958565973257562,0.112195867252134,-0.480380447175525,0.089310391084406,0.0405251689510589,-0.357984452853748,0.253547811054446,0.597955570798256,-4.16333634234434e-17
"751",725.29,0.487289359198111,0.340609548317117,2.07029056393138,-1.13408624602663,0.369000982585198,-0.0723964686477749,0.109067920200102,0.0824326611556759,-0.466294524942993,0.0528455297667887,0.134633343093578,0.265728557550018,-1.33226762955019e-15
"752",725.79,1.85990805735284,0.303322332546074,0.660858697779911,-0.102661944989646,-0.532311319230451,-0.795506133535587,-1.11123761087664,-0.376723508650386,-0.216292260712556,-0.983009525070212,-0.369199345913934,0.02476309011497,-1.27675647831893e-14
"753",726.29,0.107760294423871,1.4233084892611,1.67188362273272,0.108382316431935,-0.994419055897467,0.556913672781015,-0.957260680821693,-0.112366985369168,0.279157382723726,-0.111552192504533,-0.648246515224025,-0.152469719598531,-2.40363284831346e-14
"754",726.79,1.66403376439631,0.561334391504657,2.12420595239388,-0.219981138066576,0.874714158484446,0.109202085598791,0.384902852467957,-0.866630598928003,-0.101373306339417,0.36486933637856,-0.239218234975849,0.109416706482853,8.99280649946377e-15
"755",727.29,0.917908168020843,0.877229404344113,2.41031086423974,-0.770137432283555,0.892981330648219,0.759757603627838,0.877239861544412,-0.401324668391655,0.31894493246242,0.0652402099073162,-0.378341048956109,-0.0803896853818034,-5.21804821573824e-15
"756",727.79,0.0305673488723025,0.38321235534688,2.34267208014973,0.0512328543886685,0.00895121992280701,-0.372471358502647,1.3568007430461,0.558905976357704,-0.681727154994586,0.398499322770725,-0.0256510899004854,0.192182842708384,-2.47024622979097e-15
"757",728.29,0.335631233226965,1.10424576118807,1.80053449764282,0.588425054284058,0.265065440498911,0.780128596114531,1.69436793631287,-0.455522561764949,0.267862443210801,-0.0034275489487287,-0.00725683438750371,-0.0839181088351273,1.0991207943789e-14
"758",728.79,-0.143935879609189,0.186292141613823,1.2840372524144,0.176226706209776,0.727249548599472,0.174022710293107,0.593484351930391,0.0346550556137509,-0.128057029148602,-0.541898936122797,-0.274011309282903,0.0838858233832102,1.4661882818956e-14
"759",729.29,0.0857871611883338,-0.0712422061072431,0.822519306543303,0.356991286823043,1.91612557171166,0.235367337390868,0.0624591416595838,0.12693404948738,0.612502497970854,-0.633621949274605,-0.518420283695162,0.321060292120075,8.65973959207622e-15
"760",729.79,-1.05339448437188,-0.449912218604917,2.68074142954155,-0.718042421037198,1.88723253835966,1.47612182217038,1.09435854844009,-0.450110799724864,-0.173075551711208,0.278244773620671,-0.566626080533367,0.19594492135311,1.81521464526213e-14
"761",730.29,-0.277167716403971,0.869716666127519,1.91017886565124,-0.190574737075163,1.64466652661049,0.408039928120128,0.111952122936291,0.496538749013518,-0.220061075815944,0.666421956636074,-0.494612366236671,0.269095416400367,-6.37684349769074e-15
"762",730.79,2.64086194730514,2.15378175184664,0.572821018816341,1.11478697589035,0.292741490022707,-0.116002492196984,1.52621368952997,-0.226263867916852,0.251204436498837,-0.116475821596241,0.23594601736991,0.572536045418724,-6.56072418614428e-15
"763",731.29,-0.547095029625281,1.42083617590476,1.63849195397574,-1.07548659854486,1.08395742543826,0.446711782835283,-0.0464417788343566,0.5848004201799,-0.366529444226584,-0.102896623646143,-0.188385615452315,0.241458110440719,-1.47035161823794e-14
"764",731.79,-0.552068461975574,1.25567009411616,1.31056422554119,-0.257620254945831,-0.397294816467851,0.987095367426432,0.816526905714577,0.173444880025646,-0.16816437946327,-0.475172187654248,-0.475050700341372,0.287174664897259,1.99285032920216e-14
"765",732.29,0.0811459404563159,0.478721295441698,1.50761985140687,-0.11027165186366,0.463197517197565,-0.333626930750337,0.188645177674084,-0.00759193485674831,-0.626256144684174,-0.368847109041331,-0.45915810920586,0.348615194418286,1.34770666848638e-14
"766",732.79,0.824931950675872,0.657874021825273,1.81489974041735,0.407488476267514,0.451934021233714,0.0426843143846869,0.454569227422619,-0.131091610468758,0.33252546363322,-0.307133511909698,-0.0823565453512317,0.108210307125193,9.52016243616072e-15
"767",733.29,0.884019781620534,0.640974544885358,1.60477771073815,0.0373654579100199,1.16813511233957,-0.343129922406597,-0.241701570455153,0.549657105371981,0.182556843299408,-0.0919012106789171,-0.0515618077870136,0.143271151337693,2.01783034725622e-14
"768",733.79,0.263684558766308,1.37191392867278,1.49651978923289,-0.253410724981008,1.63321678916355,-1.00114608660678,1.23248422525337,-0.194389066909183,-0.949019044028216,0.308326172753525,-0.632004881718253,-0.25396991838166,-7.105427357601e-15
"769",734.29,-0.622635054562078,1.02556306066353,1.97551693763258,-1.15889510789926,0.393870159414645,0.0051128054658709,0.659910579593484,-0.747497482184508,-1.17503898593457,-0.130951531167173,-0.514112754763786,-0.00861765790279841,-1.68198788230711e-14
"770",734.79,1.24261047240007,1.65672909111432,2.27419624998395,-0.570884581118876,0.649472850431152,-0.14729648661086,1.48811234905764,0.490209209133237,-0.374205330973062,0.711627135550998,-0.14336416813511,0.104827018860042,-9.57567358739198e-16
"771",735.29,-0.105659265451862,1.97920014704181,1.84739287275439,-0.446534850193515,0.708219790737739,0.790276427669943,1.2657129695516,-0.0462145140343023,-0.022321865147256,0.286329060055579,-0.132320851417979,-0.17641134055504,2.77555756156289e-16
"772",735.79,0.79129476828558,0.735218570394442,1.4025989664664,-0.482884906443642,-0.110093441737858,0.704246682318259,-0.151407471384252,-0.228317852753025,0.178419632716658,-0.679509643426159,-0.434182834399806,0.514325538859417,-2.85049761572509e-14
"773",736.29,1.11840884643466,1.47610783035325,2.12123633136863,-0.556182338682726,0.21159955207823,-0.0711763148887566,1.05101963058951,1.24160956684566,-0.0172356242482616,0.225823472914649,0.140876758901883,0.471318274868603,4.52415882534751e-15
"774",736.79,2.45422266960614,1.82019248750641,0.771882511555512,-0.458005391816518,0.409443204678831,-0.827026609817247,0.0160731853737488,-0.111487431158046,0.127563186602573,-0.867693414062115,-0.235050561123959,0.222555300187468,-1.01585406753202e-14
"775",737.29,2.42198047423907,2.34061030790369,1.19138287519326,-0.249852306604059,0.105342750391628,-1.06251185056822,0.625431428820914,-0.176342416477008,-0.38186954380104,-0.13652193554115,-0.509162803967596,0.111687570227131,1.70419234279962e-14
"776",737.79,-0.235748848426825,1.54068810648073,2.80315136680878,-1.18082253893595,-0.582098005289041,0.30043948735528,0.260996730877279,0.675425685471284,-0.41463400014854,0.0277762172744358,-0.00432927814537723,0.161968939693255,-6.21724893790088e-15
"777",738.29,2.83966910227283,2.41599920572283,1.44267121880074,-0.0174352327872547,0.804210819474173,-0.367273902328092,0.382214185330579,0.506417037906901,0.5251592848539,0.437737086904004,-0.155497520741438,0.0530811482114754,-5.03763697423665e-15
"778",738.79,0.800975817873101,2.17679942753766,1.42720447860356,-0.367104303323632,0.407804913362802,0.67128269670695,-0.0157118673913751,0.648428567946937,1.04478049075413,-0.125454056427979,-0.1640122867164,-0.328591796981291,1.91791027503996e-14
"779",739.29,4.53140149915586,2.31381104814175,1.41374015070672,-0.38426431310515,0.719044310113384,-1.36269882319572,1.30213806399978,-0.773633723630988,-0.044331337321294,-0.323462351955797,0.300643626948452,0.436834833350355,9.38138455808257e-15
"780",739.79,1.289242314219,2.08812961279785,1.48307987298873,-0.0280538111733964,0.869464435570733,-1.01263367740571,0.496209946623453,0.653345916404309,-0.169536750384483,0.176748135026422,-0.0172058248620018,0.0401966179338212,-1.19071419391048e-14
"781",740.29,2.18981959057069,2.13947338748662,2.20901364428507,-1.41345471365386,-0.182936245585178,0.301171187745089,0.302587438748364,-0.610505902270432,-0.235631533986146,-0.195225951430096,-0.0766447025250654,0.541591249005414,3.69149155687865e-15
"782",740.79,2.19651306085111,2.80398874880193,1.66981554829287,-1.30264257702373,1.65003607263569,-1.40016245247902,-0.116962971160838,0.672578119625207,-0.36373939050269,0.153761028712739,-0.24836798083994,0.319967643668383,-1.88737914186277e-14
"783",741.29,0.368298157307339,2.32650081445042,1.90161411798131,-0.896841291265067,0.484032771645781,-0.126441807888819,-0.346174268825425,0.704563008234514,0.331912455519068,-0.380591827611284,-0.415693631987155,-0.132838439474196,-1.68892677621102e-14
"784",741.79,0.45687657431943,2.20031653628871,3.12416516988343,-0.424372555433578,-0.579629987292799,0.153079272476266,0.785746511957053,-0.0083034157271181,-0.472495411625825,0.529169803255955,-0.399746387797986,-0.477809934180997,1.12132525487141e-14
"785",742.29,2.25600953963902,2.14746933730057,2.07347634753256,-1.21970662305369,0.93085429202029,-0.9677927812172,-0.112315426697242,-0.0951058779776369,-0.0900515739246321,-0.312166825597545,-0.510543005707164,0.104220866200263,-4.9960036108132e-15
"786",742.79,1.25333233180094,-0.238788567616716,3.30132260660152,-0.881698751349859,-0.606646653557359,0.160061190801858,0.10809015986239,0.289395961866812,-0.325042988915045,-0.179698209248595,-0.222898277047587,0.295181247644613,2.99760216648792e-15
"787",743.29,1.85062739445346,2.55067832408846,1.37425148136106,-0.417113055441758,-0.516369993529214,-0.0791833621499737,0.587968120375043,0.226614617409164,0.776466208650189,-1.11847304959019,-0.328707444526665,0.254493958836607,1.33504318711175e-14
"788",743.79,0.913049486481686,1.45816000262869,1.90513357968596,-0.88911050836695,-0.00687352950707495,-0.434569446708458,-0.500411768517156,1.13740762233915,0.523754875330774,-0.656385762984328,-0.246191866800603,-0.105576838964109,-2.27456942170079e-14
"789",744.29,3.24991913738555,2.24514057738196,1.0565521073659,0.849362180481864,-1.14640176626611,-0.86939667670729,2.41114742361625,0.354959382343223,0.0945134837596372,-0.358923408186863,0.0367069444657036,-0.229991541081118,-1.77358128183869e-14
"790",744.79,0.551556207389305,1.79568709223781,1.46176855658534,-1.45315494157452,0.0464523251780966,-0.317590241793135,0.192174577276434,0.695063732305253,-0.415946315935443,-0.308833367894571,-0.474233110946903,-0.208831883964932,-2.3557544803765e-14
"791",745.29,0.467312187307719,2.00661015823971,1.66902943804918,-0.458810141397705,0.19141692002823,-0.0572735039082988,0.716105601054863,0.673624440420712,0.314509612597874,-0.172749897409101,-0.162863802840456,-0.253991714902687,-4.96824803519758e-15
"792",745.79,0.971536254518388,1.99840164966587,1.51603063054259,-0.647074863930852,0.528717355353054,-1.24204428677659,0.766427999539423,0.456002917474133,-0.55177193547141,-0.314991152676284,-0.18361286663024,0.0743276512247446,-6.46704911844154e-15
"793",746.29,2.44378492451165,2.18377716866344,1.65700310255362,-1.08643003773025,1.08706499676446,-0.776821260593383,-0.107113296312817,0.951035128619672,0.761239629526301,-0.500677369695124,0.0922117532137667,0.0269412521131549,-8.46545056276682e-15
"794",746.79,1.0816263044785,1.43547645239564,1.63996074218404,-0.207296685812762,0.10260215396577,-0.514151510325919,-0.230114469707007,0.851010305412608,0.0181788338858802,0.0567888021025521,-0.453734738797589,0.00754267974239938,1.32151234399913e-14
"795",747.29,1.12779057710603,1.17145202064157,1.47561721091241,-1.10392051078047,-0.133450419172491,-0.102896435845283,0.0611622984371004,0.1509420125688,-0.0503195753671979,-0.698745388031117,-0.577574713431584,0.143156794982527,1.47798440153224e-14
"796",747.79,2.29207694249768,1.32091347742902,1.46272951610225,-0.476032476860767,-0.054498561270613,-1.06282439596331,0.189233418841174,0.0911340982434676,-0.278977403477474,-0.728000967026064,-0.443657127948095,-0.0116275000238228,-1.29757316003065e-14
"797",748.29,-0.026711590687136,2.98440147083674,1.29832708826486,-1.16494071091231,0.124937964569995,-0.314128588053722,1.05407998722409,-0.302866331060759,-0.433443996695348,-0.831004005157432,-0.482307409962086,-0.305283207982624,-1.78190795452338e-14
"798",748.79,0.570194104672454,2.15241273915574,1.49316324999987,-0.766431085896066,0.858939266110749,-0.429061858429728,0.674571604424342,0.614644560940985,-0.258287947095306,0.0204334263017053,-0.310504490568093,-0.0529902620585358,1.06165076729781e-15
"799",749.29,0.828803098982555,1.41986272092828,2.69878669421408,-0.578018113067248,0.231939756898491,-0.120135603701019,0.00457766571169535,0.589748528510961,0.180840805529142,0.353615201919254,-0.40365240291678,-0.238268680509047,1.73749903353837e-14
"800",749.79,2.54899896549753,0.651990908507761,1.64619781588284,-1.21421997951726,0.337328095305385,-0.681378014755897,1.26742742279369,-0.402017532384784,-0.0850169659709984,-0.825209768194948,0.0400081187101179,0.191104383542004,-8.04911692853238e-16
"801",750.29,2.2194970815565,1.55870578632779,0.912203751622748,-1.4148375151598,0.128234473636902,-1.22953106728898,-0.376260388390501,0.341833067153373,0.112337941644903,-1.34017529312275,-0.242300622036785,-0.224594032715203,-1.04083408558608e-14
"802",750.79,0.814609753924615,0.909795860795241,2.32015834286647,-1.86647968917961,-0.276601824315416,0.518058102738995,0.745795307631912,0.559164116253357,-0.167310639139619,-0.258626055327297,-0.138597676100526,-0.0343838110715136,2.83106871279415e-15
"803",751.29,0.787557911104944,1.58184521169999,1.68436156080884,-0.762033475541803,-0.683223988159114,-0.241402111857138,1.17277944278343,0.0739524227651885,-0.301109165239156,-0.531523819627119,-0.470820597438019,0.144141494353422,-1.79301018476963e-14
"804",751.79,0.535754621172296,1.47232449316028,1.52595802428155,-0.973327962369184,-0.41003328383343,-0.0711360635751361,0.337338536975185,1.16225493374843,0.0843435034953866,-0.447216580350142,-0.237715388113261,0.28074849157954,8.88178419700125e-16
"805",752.29,1.15226727558793,1.28414267914802,2.5120976259419,-0.809231467634832,-0.511448652113077,0.281579580957696,0.50376207763196,0.663396406973081,0.528116057518801,-0.306384873958516,-0.224699623368559,-0.446007632522932,1.63202784619898e-14
"806",752.79,1.48460101788264,1.01828416330912,2.15584899534773,-0.568413285212289,-0.219881921279023,-0.424868226211815,2.10016445862965,0.419225433524658,-0.636238481052713,0.120914455124185,-0.150186554694471,0.172683262052098,1.04360964314765e-14
"807",753.29,1.46208414708636,1.80032715323308,2.18434993096046,-0.377730684578467,-0.525513909906654,-0.763881228290465,-0.166992396541142,0.727150779588865,0.166686738032659,-0.344556104317132,-0.675359376895351,0.358214392253313,9.43689570931383e-15
"808",753.79,0.947799085636808,1.05519904144382,1.97091226692415,-0.397597201771345,-0.835481555356739,0.588258955818491,0.707024804687448,0.464002077401066,0.617594471618111,-1.00041222441541,-0.435469299739925,0.0301841570364114,4.49640324973188e-15
"809",754.29,2.14643485414596,1.64086387906139,0.325835132356734,0.301878974477669,-0.237148671441805,-0.928113974050047,0.631369264063548,1.03132054421527,0.645926364508588,-1.17563990075806,-0.520694118522591,0.164643517032986,-2.04142258652951e-14
"810",754.79,1.86952565303384,0.75137835656156,1.68508596481675,0.106820491432761,-0.476175190099092,-1.36043675835467,0.412985955192289,-0.307493533807847,-0.944483045490345,-0.411671103239793,-0.921127738986007,0.142671196322682,1.06165076729781e-14
"811",755.29,0.87098429048105,1.0227671880595,1.33974549780662,-0.132114550915633,-0.403064272171204,-0.593610480781418,-0.110584446581711,1.29883436097608,0.281734674869612,-0.593844970856371,-0.67870346931199,-0.322780132575028,-6.50868248186498e-15
"812",755.79,2.06898857847392,0.446499846882209,1.99953896585672,-0.447379658115334,-0.225220501148568,-0.581785011372125,0.591449134828832,0.394855870746584,-0.247200132739537,-0.415349305392242,-0.378415438162685,0.222529870212448,-1.65492619608187e-14
"813",756.29,1.32806445609452,0.999277551352079,1.28729939956049,0.285457233901958,-1.29990563457123,-0.5455100930767,0.780184646784956,0.397197582219991,-0.43794516842646,-0.662460635066367,-0.883008482722291,-0.0927851378030899,4.6074255521944e-15
"814",756.79,1.84906162296766,1.93302866863586,1.8656176927591,-1.33246858322735,0.385874014901069,-1.28222638176944,0.793901427089525,0.700206133544089,-0.548790052948444,-0.228563865105735,-0.186000262599682,-0.270969723564127,-1.78190795452338e-14
"815",757.29,0.525687143820978,1.64405445237553,1.64370704019886,-0.0306683544065888,0.253415961544218,-1.33438508862054,0.244473840933696,0.795156621615745,-0.528833886247318,-0.309478294287445,-0.461289074095651,-0.0732284426506116,-2.38836728172487e-14
"816",757.79,1.61109576350602,2.45360057103456,1.31902220334084,-1.09957666415828,0.900131470474336,-1.22743296014676,0.653410058490006,1.12808504419777,-0.325457183739583,-0.102017161948116,-0.369407305287937,0.312124204079102,-1.27675647831893e-14
"817",758.29,0.748618037802867,2.3196452865289,0.667201373748623,-0.520285573625809,-1.18819719858516,-0.215870912741163,0.194852480358453,-0.304717712257518,-0.681557937034463,-0.916147456962105,-0.725000059951125,-0.0977205684709388,2.1538326677728e-14
"818",758.79,1.20934602023971,2.16677973962709,0.230594684756626,-0.750357711735831,0.0267427827842576,0.892954506445557,0.622645012199149,0.169568884680761,0.574337502289053,-0.842862480423271,-0.529930151457624,0.0318142923100528,-1.10189635194047e-14
"819",759.29,0.0446166469425824,1.61349437561025,1.57854203857424,-0.534847732318526,-1.06827103212136,0.531842614115666,0.585496381054383,0.384312833484413,-0.418152694662669,-0.215086796715552,-0.268113955659831,0.0560597183545467,6.77236045021345e-15
"820",759.79,0.218029975350205,2.10711008520854,0.372338331661886,-0.790219730988109,-0.104610438456557,-0.00961615359120133,-0.611853031698898,-0.28701249142177,-0.254914841563232,-1.06322996107556,-0.610187718744784,-0.392873254710998,2.04836148043341e-14
"821",760.29,1.69542214263779,2.01842187566006,1.32937814722418,-0.385490011497729,-0.536051200970268,0.522699105168992,-0.785150270232842,0.140599068453493,0.303128559450041,-0.136112843282055,-0.283229017602208,-0.447034122384052,1.40998324127395e-14
"822",760.79,0.965360931329775,1.91705712827832,0.849905613278169,-1.0526260543522,-0.796644002806535,0.290976250626668,0.129237925791366,0.499135225433309,-0.287102068459549,-0.532800673035923,-0.0903313727573947,-0.0633241093063035,-2.80053757961696e-14
"823",761.29,0.475543802794668,1.89518434317145,0.727631111296833,-0.978964630350191,0.296661633053695,-0.0568854489064231,-0.882318650618844,0.39864403174509,0.0888695890778107,-0.599761679226997,-0.275008721102844,-0.263167973028931,6.30571983517569e-15
"824",761.79,2.19100060807788,2.08522777797154,0.476222974920871,0.0949859126241891,-0.332286058681316,-0.428291616945555,0.407268918970788,0.373381797197538,0.561709241441216,-0.758939135836763,0.29595299331279,-0.00357295178260548,-5.95704041650436e-15
"825",762.29,1.34217115577643,1.43947119995769,0.67837217303603,-1.19443511129531,-0.616966256188948,0.0895447380059373,0.0022636067158144,-0.1386857240824,-0.0945093252632691,-1.21965176402389,0.0866573000150506,0.329173254395628,2.42028619368284e-14
"826",762.79,0.455637864577028,1.95052370241797,1.38435306543081,-0.191206570381027,-0.623888615960102,0.168648821048176,0.888376240005487,0.470452381976047,-0.264468107030869,0.124867571601869,-0.498320526718984,-0.0574052337895054,1.66533453693773e-14
"827",763.29,1.43626337856487,1.93948461226202,0.884234392428399,-0.53190029785232,-1.21179919678954,0.290598019115558,0.558550028199769,0.0518849910311526,0.0724847301385966,-0.809481042597435,-0.313898939257841,-0.0623398093002491,1.66533453693773e-14
"828",763.79,-0.122068770975279,1.77339710665761,1.84626386673224,-0.623463872856837,-0.713573635850745,0.969312571493655,0.914831009459768,0.238087326663417,0.142655494842405,0.0496930212385964,-0.619360318908732,-0.163157622813804,-1.60982338570648e-14
"829",764.29,1.42240863905929,2.08025416893617,-0.0280929433404482,-0.305952928939713,0.331385536124374,-1.54155115133192,1.06825248278081,0.820071511126979,-0.414320200902041,-0.419156430945551,-0.394695781928824,-0.330308471806757,-7.99360577730113e-15
"830",764.79,0.573995252443762,1.63106295778943,0.714821778315538,-0.959955884239066,0.43626250322963,-0.97809326390864,0.177132112735762,0.607713596789424,-0.224018369800688,-0.366505357192078,-0.345548406078036,-0.248654081055545,2.35922392732846e-15
"831",765.29,-0.231488680585275,-0.524987725898245,0.228647507834146,-0.844243912076455,1.13442644216446,0.715975168721504,0.503153168037302,0.537092062269437,0.829711361123488,-1.09755272048818,-0.452058844556956,0.228507326836903,-1.02418074021671e-14
"832",765.79,0.753646988129269,0.654118323065649,-0.426558554892267,-0.0843892092481329,1.2410516430085,-0.557901235244636,1.21323304867905,0.319589467810938,-0.121885327110114,-0.638785442047199,-0.421641486787188,0.0595303919576241,-4.77395900588817e-15
"833",766.29,0.169632590889659,1.88416664406084,1.03454019211841,-0.447671153015005,0.106417107009669,-0.922980776654936,0.721505506338415,0.994873485346897,-0.591842181421131,0.302148066685891,-0.190595365743584,0.42306313631147,-6.66133814775094e-15
"834",766.79,-1.08614001452917,1.07226338615233,1.966233221724,-0.29066057246552,-0.259809130028157,0.30455494187527,0.560595414377007,1.19626447746503,-0.32636273204958,0.710395604886761,-0.176119745837569,0.203290987415681,1.28230759344206e-14
"835",767.29,0.941042137406122,1.66901600839309,0.978776625756966,-0.697283553130265,-0.459307411424496,-0.276461120030718,0.0278349306822429,0.530525926865143,0.370465472907944,-0.67900246747735,-0.251975582205417,0.259041681941651,5.84254866708989e-15
"836",767.79,0.22966279455507,1.46875242481536,1.30301710660614,-0.712461907735725,-0.934928105487491,-0.00778243963834091,0.458256038103091,0.411576763964228,0.0665085006372269,-0.271360371101514,-0.316536821664217,-0.281249118796116,-1.86517468137026e-14
"837",768.29,0.222352395639771,1.33111204361019,0.563045973455479,-1.17833071921658,-0.282704878631227,-0.41335079418171,0.585311823099789,1.21501055094873,-0.0970171253945979,-0.399503700169335,-0.300862121612879,0.116629756982678,-2.48932818802672e-14
"838",768.79,-0.0818973071688943,0.879502952942097,0.829780256989798,-2.16840922517909,-0.536666584643336,0.84051799471065,1.04079635082316,-0.110956224729145,0.211367818229719,-0.968426117092123,-0.303957419866546,-0.0467683845044596,-7.93809462606987e-15
"839",769.29,0.53756809675999,2.15151235793227,0.570613804941211,-1.2747088785894,0.265609946059163,-0.582951906175779,1.06370530118296,1.26714724077264,0.387557066746281,0.320075874176506,-0.409189374044252,-0.202607546581951,2.62984078958084e-15
"840",769.79,-0.763300094001991,0.854807346901506,0.21039571526206,-1.75376232628541,-1.18599081478783,0.487419031267251,0.933149089824359,0.171336943002095,-0.524183482391409,-0.384573850231024,-0.58427758479602,-0.251562560122995,-1.11022302462516e-14
"841",770.29,-0.561809531183276,1.24480074992612,0.271855128416874,-2.16220092916402,-1.37165479275945,0.300004591877532,0.564917333616512,0.587431137595699,-0.426181862744052,-0.585263797528478,-0.720391009357156,-0.162786598648915,1.55986334959834e-14
"842",770.79,0.525695409908858,1.06831019049127,0.244935237659783,-1.41208417110207,-1.70999014652375,-0.214837342897995,1.70764616505394,0.669358740331108,-0.483128108396333,-0.074520775853095,0.167578003120773,-0.246342466912775,-1.75415237890775e-14
"843",771.29,-1.95744907625007,0.298024987895941,0.948926461667615,-1.92065295975317,-1.32749051656048,1.14089343528664,0.906643756552175,-0.00431751940488234,-0.624664389638667,0.0859863776276727,-0.360766049312722,-0.592863754406132,1.77635683940025e-14
"844",771.79,-1.48372271980064,-0.610042350332423,0.337611611600498,-1.95637175910595,-0.941009836685154,0.806064614138249,0.506222318618929,0.358997414594496,-0.261444154160146,-0.549181397058673,-0.396973770153471,0.00680556640361777,2.05946371067967e-14
"845",772.29,-1.06685928769148,-0.988065858204062,0.550111116662732,-1.88669241591489,-0.816974620317989,0.738677679067901,0.0272279808352869,0.44678358048397,-0.0291514210594263,-0.00959574914725601,-0.370721251432142,-0.185276979333247,-3.33066907387547e-15
"846",772.79,-1.03048230159628,0.578376721057916,-0.627857230785515,-2.07069998767735,0.532512727459632,-0.405482262141981,0.521264080510218,0.104031962203762,-0.475198869334925,-0.521990881949664,-0.34350147908884,-0.355656156996878,-1.37390099297363e-14
"847",773.29,0.367204502001368,0.136138311034252,-0.779411008619368,-0.626920378158452,-0.365640687927341,-0.803649372279079,-0.778974979837757,1.38106078732324,0.968545492853488,-0.458539732461067,-0.293678164138644,0.0103094348393063,1.28785870856518e-14
"848",773.79,0.959396668371426,0.248348015374967,-1.56518413169839,1.35339822875128,-0.969312126442606,-1.54095514490395,-0.193691629457307,0.964783832869736,0.0656916794436916,-0.120299300485498,-0.337881162167553,0.387390954435039,1.62092561595273e-14
"849",774.29,-1.43872202620445,-0.334696907647381,0.597774386349289,0.123842406518998,-1.01607934420296,0.0981945507521018,0.236957559371076,1.00280026029563,-0.0186611121435284,0.744782570013162,-0.553244297286662,0.333593776251896,2.77555756156289e-16
"850",774.79,-0.824793615984754,0.00974799379595059,0.369670927063646,-1.78459450763617,-0.713541955239275,0.503410808534968,1.2175699643148,-0.067289732506471,-0.509334494558146,-0.0478144188758182,-0.290727621308904,0.515792304400927,-5.13478148889135e-15
"851",775.29,-0.0429828136985718,0.329212656153154,-0.190053674282236,-2.10919263119395,0.168465509688299,0.0783315149691294,0.232726020759021,0.616673031095514,0.254737667543943,-0.407996455877867,0.0208485447777306,0.248961708447913,1.28924648734596e-14
"852",775.79,-0.636590083323895,0.294350440767867,0.409235589021398,-1.90680837136458,-0.333612496391723,-0.0275314119191266,0.690173797484112,0.169445470850352,-0.504742319288947,0.166316661243607,-0.420772803087256,0.579803524792547,4.81559236931162e-15
"853",776.29,0.201312800226118,0.811330998966429,-0.765799520524369,-1.15837193155621,-0.299849882525931,-0.255025710589003,1.01063202997768,0.776517033478853,0.00701432135498979,-0.152215485617082,-0.360347468629006,0.397140583965206,5.32907051820075e-15
"854",776.79,0.579440735725324,0.516033848209619,-0.306849827920556,-1.52890766152346,0.0606778303636941,-0.0158915656595743,0.516923027853201,0.359711532153687,0.583570965138319,-0.580298884984493,-0.242848950242591,-0.286379493098293,-2.019218126037e-15
"855",777.29,-0.815493179124057,0.37298275885031,-0.201778265282483,-0.949482425536894,-1.01487929521653,-0.659457147426991,0.86977076397344,1.08016893560806,-0.324633417167809,-0.101741005374196,-0.390986516010868,-0.00893166412389498,-2.38420394538252e-14
"856",777.79,-1.42867640793885,0.0206937006285422,-0.191546818826195,-2.42122918015006,-0.307867960021966,-0.591688548206789,0.713568919518252,0.168823875396404,-1.35410597915875,-0.346608745836651,-0.573760533646028,0.278741838379266,-2.38004060904018e-14
"857",778.29,1.2469073912385,1.17888909511869,-1.16983934923397,-1.76308660672765,-0.0185809248063887,-0.957539142552226,1.42912880212225,0.301776028284578,0.199161546544205,-0.735147891986729,-0.0114654960425255,-0.131874173224318,-1.31561428418081e-14
"858",778.79,-0.302687564392757,0.262725476217042,-0.42416418166894,-0.829949704047547,-1.43202651119759,0.133919790729851,0.686968393404281,0.732953679367907,0.330566149140013,0.0730286056145313,-0.30762065621214,0.0929490422663174,8.49320613838245e-15
"859",779.29,0.649522729543533,-0.730538312897673,-0.997768182817286,-1.68442184647133,-1.09070893621569,0.128894499688435,-0.0083995353848954,0.302210006874122,0.393385418580208,-0.745379417323422,-0.19980942313944,0.0891138345620938,2.20067020162418e-14
"860",779.79,-0.439376071677277,-1.22975069447915,-0.823857469546324,-1.94446193502948,-1.14513143548549,0.149504085466573,0.184399821632923,0.0584770187313326,-0.238011140073787,-0.602313068374558,-0.294060172129582,-0.00897642155529612,1.75970349403087e-14
"861",780.29,-0.475964313091197,-0.147653949724885,-1.71017921894603,-1.03490937610194,-1.28185721290631,0.189137402440665,1.64273363023681,1.28515370379124,0.194394775899104,-0.77318561986882,0.194838412512246,-0.366188343016918,-2.11775041947249e-14
"862",780.79,-1.58893128602303,-0.268355688198113,-1.34361108257671,-1.7143468144311,-1.01567439356828,0.764479845623981,0.00134767151382734,-0.0756508449220964,-0.27103676741828,-0.897678564094776,-0.234634227256438,-0.15052669438204,5.63438184997267e-15
"863",781.29,-2.64117393276212,-0.287544257423946,-1.35417230853745,-1.06432965925755,-0.992182236121966,0.642748708915949,-0.116513300854817,-0.108300370306087,-0.650995410352783,-0.815175423721876,-0.389805678443549,-0.601254452339553,1.69309011255336e-15
"864",781.79,-2.01627236580906,-0.307148127570948,-1.44265236822454,-1.26881268648762,-0.18948987016352,-0.439784475716774,0.192788662478072,0.387544703228838,-1.36199612636132,-0.379813024003171,-0.483375020761801,0.156071835532024,4.88498130835069e-15
"865",782.29,-1.02297555238445,-0.175832554507313,-0.83789499967734,-1.68154488027493,0.180581491379485,-0.0843540510626242,0.46861768708778,0.0815129708798226,-0.36650009204257,-0.633417447212336,-0.0812149264688448,0.2347603204847,2.26763052779688e-14
"866",782.79,-2.37837308692071,0.0856334313104779,-0.992498408435722,-1.08386264382798,0.451657840276759,-0.227187553961466,0.0793543769345069,1.12247614051135,-0.363954229150991,0.10799408604453,-0.364330607728759,0.228328495521854,-1.71529457304587e-14
"867",783.29,-1.54656538085563,-0.838053831126983,-1.60686176768024,-1.12124926320093,-0.661226646607467,0.116681892061289,0.493812918905271,0.36606892028706,-0.707583980858281,-0.675157660112114,-0.613352262055617,0.266053898414495,-5.99520433297585e-15
"868",783.79,-0.326933949875682,-0.7667873348622,-1.71647572922795,-1.44843607983676,0.206470913501198,-1.12559297309459,0.552398056415361,0.425751414197201,-0.641148057022055,-0.0764299784195906,-0.100681177280486,0.135034511891243,-2.3259172365897e-14
"869",784.29,0.698345235667744,-1.12965631429421,-2.51724944149758,-1.44886689229786,0.678845181719278,-1.13691706363146,0.223851738819163,0.385574945830916,-0.268928262822868,0.0301979158519781,-0.231712060048934,-0.0527731321107539,6.10622663543836e-15
"870",784.79,0.63001171280495,-1.59584980568785,-2.36659601193496,-1.68090373903394,-1.05254097229043,0.121194793266548,-0.22012281243216,0.284122542174518,-0.159465327902217,-0.43810155306995,-0.282371905117461,0.214337046525242,-1.85407245112401e-14
"871",785.29,1.38977390575167,-0.705725601755066,-2.22495720717732,-1.81849462450968,-0.165922430696475,-0.085007469657662,-0.490122211791945,0.206384413181248,0.205637570270439,-0.458131064353182,-0.367717400782502,0.257145843777991,-7.66053886991358e-15
"872",785.79,0.0963708003966579,0.301228913245947,-0.0777839392780871,-2.20303493970211,-0.259100767579575,2.07722354216082,0.575565930477295,1.43763965012313,1.57411485255029,-0.0182134838068395,-0.0358184962945988,0.296935041079579,-1.52100554373646e-14
"873",786.29,-0.82171279331816,1.22323849611594,-1.02332634575691,-1.06867609745634,-0.753731194481689,-0.0650815642331792,0.775523900140954,0.798726418626663,-0.177584588648488,-0.0198713925006086,-0.296466963583158,0.224164062701419,-1.36002320516582e-15
"874",786.79,0.140042533145221,0.270141571268552,-0.894498444774386,-1.6842940265169,1.19136192747714,-0.68139241850375,0.890717395287712,0.947614407404196,-0.455331284612643,0.671417234547182,-0.280032832694908,0.352495800467917,1.2267964422108e-14
"875",787.29,-0.83031964972597,1.21144294010193,-0.299144729724729,-2.05144920249325,-0.329141195216872,0.397696205353294,1.02296146075752,1.64482573488263,0.143308357398913,0.324683383650547,-0.0736461934173283,-0.0368093369270145,-1.63480340376054e-14
"876",787.79,0.372369893995255,0.877784952828626,-0.578388422458825,-1.9057849461748,0.406366802002636,0.0500149901442263,0.804275499795287,0.96615967040863,0.402528386494466,0.227890295006466,-0.0173903229148644,-0.0392343942090436,2.34534613952064e-14
"877",788.29,0.219199473326782,1.11008418925839,-1.52680642811721,-1.37530160283077,0.829501618302904,-0.608391691935904,1.06855352667008,0.153212581939425,-0.181429587636982,0.176142940271253,-0.261691309923334,-0.24004709785091,1.60982338570648e-14
"878",788.79,-0.640594385349103,1.30983538150109,-0.891374119356847,-1.89818960438489,-0.0469609134317944,0.969576166345153,0.670597220916439,1.20031974692081,0.334927018671469,0.53055868218377,-0.306849163172731,-0.0543105264414249,-1.75831571525009e-14
"879",789.29,-0.446133552714104,1.62376083625567,-0.970827923854584,-1.37534501648431,-0.670253080897604,0.241312949637801,0.934924278953996,0.631914260859771,0.0618991513806624,0.159404942528187,-0.252320732827618,-0.245155010026978,1.06026298851702e-14
"880",789.79,-0.396502018093318,0.980029698874405,-1.5725810425418,-1.71706930248981,-0.818970295707965,-0.60970099505872,-0.611385416309039,-0.0509104562008711,-0.389989451093413,-0.387966775960706,-0.364403358507016,0.176523114409911,1.78190795452338e-14
"881",790.29,0.100352480284921,0.768371940005019,-1.35979150730084,-1.22698518696622,-1.15573633151295,0.83274458636007,0.764920723478835,0.171851707215394,0.438872398666365,0.472228073140833,-0.00502537001168045,-0.0463978200856165,1.49324996812084e-14
"882",790.79,1.47576154248002,0.948718080018145,-2.8868811694755,-2.86947413112593,0.865869173158799,-0.278883410288512,-0.161462333764802,1.02787222833743,0.641726331316298,-0.336172820561149,0.201488515117065,-0.0439913546550127,-1.32116539930394e-14
"883",791.29,-0.21419746992908,0.153850779540853,-1.6657915976738,-2.68783614280114,-0.875043104257069,0.70230309697411,0.104305013408468,0.638462043851111,0.0704044726556271,-0.0595615483719552,-0.225452997178628,-0.133393823515918,-5.14172038279526e-15
"884",791.79,0.172529770256634,0.892886678504911,-1.24038081106853,-2.88581564059993,-0.957584018028587,2.26637518718484,0.853120288749766,-0.0887879739376024,0.950207019601849,-0.278906859692417,-0.283049887669138,-0.715496995282083,2.09277040141842e-14
"885",792.29,0.510154275047537,0.307456593657463,-2.10448126512407,-2.56250768309771,-1.08451642488735,0.417641944830993,0.270841308400197,-0.410141577962383,-0.334966141904407,-0.84398866388175,-0.329017700477455,-0.0460133545089441,-8.15320033709099e-16
"886",792.79,0.0518170568242614,0.800164280715749,-1.36499721368269,-1.55186674017468,-0.589390453043815,0.758322700798132,0.411499152367551,-0.236118601601783,0.107658970444445,0.255113595094443,-0.342828762171382,-0.368692131527938,-5.05151476204446e-15
"887",793.29,2.57101315500275,1.14862247234905,-3.28287026507217,-1.58402890833165,0.458401358825846,-0.837972338129067,-0.357225360371976,0.736643422970982,0.306838567070662,-0.235166060221838,0.12569571403891,0.125413980243947,-7.21644966006352e-15
"888",793.79,1.54786549042635,1.34999338208875,-3.71265695132126,-1.77692518445643,-0.690452584551509,0.345651396330691,-0.278725872083612,0.6623508108382,0.387976230005429,-0.518658931871904,-0.132740269128624,-0.284518705306563,-1.38777878078145e-15
"889",794.29,-0.0628227799662411,1.1677519216268,-1.86525713940598,-2.5895771174741,-0.521810068817986,1.1428806193523,0.333074391135192,0.909018692560168,-0.277440928437433,1.08956069362286,-0.0211198597998238,-0.255134668579385,-1.38153377626793e-14
"890",794.79,0.56726969183246,0.684458789039999,-2.13926758694919,-2.05975167395049,-0.102926665518986,-0.813658278858545,0.346147296665374,1.33232549428351,-0.816236943009854,0.677762692659276,0.358904731852999,0.398945724767667,1.06581410364015e-14
"891",795.29,0.444926310662223,1.75931379541841,-1.23799007898701,-2.96625030177757,0.18332323869341,0.296538182053665,1.30950386587687,0.431990422978968,-0.314088493151439,0.690656877760225,0.102517408116772,0.129084386873726,1.60149671302179e-14
"892",795.79,0.374258439118635,0.815421142498359,-1.0448109957837,-2.49986058979475,0.509037747882311,-0.256983760062358,-0.323715839532981,0.826914333518786,-0.571464334820956,0.698840638011751,-0.0226226459704424,0.104053381821325,-6.7168492989822e-15
"893",796.29,-0.636545287961041,2.399615741685,-1.41170997879291,-2.7121602525277,0.0154969968819828,0.972351187270408,0.363426904655572,1.17866473798151,0.730660619475397,-0.55162860748888,-0.146727293430289,-0.188357190102246,-1.38986044895262e-14
"894",796.79,0.180354744090332,1.74231230306696,-1.32138440700107,-2.00166362739876,1.2445642385489,0.837046000025536,-0.183055104548529,-0.102950789849991,0.972148488156754,-0.236354944647752,-0.206512288821491,-0.480889117337285,-1.16018306073329e-14
"895",797.29,0.558456180865586,1.58398187736347,-1.14960535085211,-1.0600334333167,0.237843407716549,-0.189532496247469,0.812224695484126,-0.53109414790147,-0.126443691307337,0.0321544032613214,0.13213811147979,-0.302229195958687,-2.25930385511219e-14
"896",797.79,-1.45950077628533,2.37543598658849,-0.974040522479322,-2.63688993580645,-0.24470029710429,0.299292319738219,0.0435838351052593,0.330852717879916,-0.0859685491225318,-0.553241211585134,-0.243390421734119,-0.181517312224675,-3.55965257270441e-15
"897",798.29,0.756533149488105,1.36746087425111,-0.674614000300247,-1.56566091636696,0.791605959976587,-0.998601491174674,0.497605547933954,-0.0268195038708842,-0.245707661797961,0.308000417031782,-0.161186902633799,0.0494302537266751,2.04836148043341e-14
"898",798.79,0.412764389371536,1.56335261736111,0.0416870072764374,-2.41634407139286,0.47063085445731,-0.117242819707501,0.0652025063560489,1.33472622949215,0.995019820240444,0.35176005686114,-0.0662250482602653,-0.182502863541817,-5.55111512312578e-17
"899",799.29,-0.066815726228087,1.14852043155383,-0.250399302191742,-3.54172252281472,-0.21403566577406,0.897265324354851,1.43400731097817,-0.0345463721236734,0.600701375504714,-0.592470395697505,-0.498678485049152,-0.0794129848367967,-1.82909243306995e-14
"900",799.79,-0.146289579336538,1.08048897802608,-0.21974930166925,-3.29560893287598,-0.357161928574385,1.06805461274082,1.4617396458991,-0.056211110769177,0.318061706715158,-0.350521149299362,-0.422749008084996,0.0397669975570538,1.17683640610267e-14
"901",800.29,0.0673889396752159,1.12023053468098,-0.497212737440793,-3.28875592271068,-0.366908670000428,0.276548606753599,0.57841879776235,-0.167660440333471,0.516058482173017,-0.877811281460566,-0.0266320262672758,0.246863718898507,-1.60566004936413e-14
"902",800.79,1.57374095163988,0.970561210634514,-1.06879613659045,-1.62162468811571,-0.434572338006495,-0.464724248120085,0.27410219120388,-0.0947116715696952,0.960633478235694,-0.800727780670514,0.0209823807359598,0.178938967511056,-7.75768338456828e-15
"903",801.29,1.49627037300002,1.4760440795248,-0.938578085328061,-2.68583891281505,-0.426581615429961,0.336097216152237,0.00960408943628118,0.0553180123473754,1.28777631253811,-0.746923847015642,-0.155509171207458,0.0938443612471797,-2.03101424567365e-14
"904",801.79,0.222467446193943,1.28233637654151,-0.999890359685243,-2.56777416869441,0.225257824405161,-0.159789779419711,-0.233543415283235,-0.129195793596665,0.273406655083892,-0.133441147136976,-0.617376611334346,-0.185362867873905,3.91353616180368e-15
"905",802.29,0.403148730684697,1.43690542661141,-1.53400331306289,-3.0651307912503,0.520365987389959,-0.00714933448610228,1.03432011664928,0.607970348960425,0.605347084984834,-0.304876615370338,-0.161889881511746,0.329271978733366,1.55153667691366e-14
"906",802.79,0.567532255675969,1.59408634415738,-1.0741441604946,-2.82414073769353,-0.110205725768547,-0.943098400113643,0.804075666200139,-0.0335109679172555,-0.464658076210917,0.231703117270112,-0.260302806697022,0.133749014106639,1.55986334959834e-14
"907",803.29,-0.156516468312289,1.08685805334003,-1.13880762745727,-1.93139743898079,-0.0231999982979139,0.318289789504037,0.640282898086266,0.293330632735575,0.716952522830282,0.124165649281438,0.0552321875491781,-0.0727462011118153,1.51458706687535e-14
"908",803.79,-0.790279740290667,0.163310527656032,-0.760513747289401,-1.20494323836202,-0.532041435006372,0.0781422169770689,0.0338162218466845,0.687461462783914,-0.143741117068448,0.390439517158458,0.0415113078655672,-0.00656140929982089,2.53894127943965e-14
"909",804.29,-0.393441873336191,0.43449006756955,-1.24286744006914,-1.90586408199537,-0.668421978103714,0.485986136624793,0.0586059474403477,0.17177865030466,-0.188301903463567,-0.697421475885101,0.0069873554445447,-0.0694833407511907,4.28823643261467e-15
"910",804.79,-2.85619760481553,0.292337634351398,-0.469650663120973,-1.79123455821409,-0.1671736948277,0.740040775161285,0.255457291151674,0.670714884085829,-0.933094523541005,0.737636062831732,-0.205566214845438,-0.216166371609891,-3.83026943495679e-15
"911",805.29,-1.03486740859443,1.27588179347244,-0.374934469544611,-2.17854447293004,-0.97141207679636,0.540621808491908,1.69388240074554,-0.461719591512851,-1.40930298583212,-0.4006830544337,0.461158548078614,0.284085264300234,-1.64868119156836e-14
"912",805.79,-0.490898227856517,0.751685156914547,-0.525698133221652,-0.69295570838123,-0.833094645996391,0.345079783102573,0.338124136868548,-1.15949633008864,-0.799780456897391,-0.328616424335036,-0.0693523501426814,-0.204772648818978,2.1316282072803e-14
"913",806.29,-1.57292173958124,0.267980837330922,-0.0245614659949833,-1.37272284189139,-0.125165816019202,0.166254387588992,-0.348425647357709,0.201527340350858,-1.0148768013067,0.0469801455001131,0.272091535910415,0.343367225722393,3.86149445752437e-15
"914",806.79,-0.188694818940064,0.630132520025931,0.183888745772689,-0.725349870710197,0.470255886350252,0.305204382685947,-0.422752380617345,0.995245814424655,0.170753638870158,0.328891218287637,0.336990557991034,0.401664476460327,-1.00267016911459e-14
"915",807.29,-0.720131679354962,1.0994439588272,-0.127104645432483,-0.961097390805163,-0.563612918700378,0.335463402257724,-0.462048307536065,-0.84634936937316,-0.738226160408178,-0.658918983155698,-0.0747250526060491,-0.0995576407882378,-1.55986334959834e-14
"916",807.79,-1.59821595594773,1.5942585447733,-0.132190403554346,-1.48257401813063,1.088481386871,0.0605189762885873,0.411402894931097,-0.482880272405342,-0.797700844609366,-0.0371844655876943,-0.0187879544183759,-0.171621363200883,-1.86378690258948e-14
"917",808.29,0.182388593882243,2.26033581124064,-1.23200015110311,0.0617329623615395,0.442833424241935,-0.300469305123011,-0.443076071031015,-0.163145000816291,0.179005343800957,-0.535867828219738,-0.123099229195956,-0.0577397108474736,2.27595720048157e-15
"918",808.79,-1.35566859599659,2.39075729916287,0.18591581563612,-0.513088440312901,1.17929154951346,0.653328346762814,-0.954676851719466,-0.755282233566858,0.0490730642412586,0.471058725467233,-0.0573870979137364,-0.38324131692672,5.53723733531797e-15
"919",809.29,-0.435322415673513,1.99372376344246,0.128635204199348,-0.359334667018909,0.643269007499494,0.300388117629459,0.534230128342412,-0.991412499892053,-0.269932347587273,0.228465367817174,0.322926746292814,-0.132452466302158,-2.31550889573384e-14
"920",809.79,-0.155363885984931,2.09242774788385,-0.523080497955527,-0.637540247817548,1.13666737118048,-0.0560764556799377,0.125980828389906,-1.4298715518014,0.302598656832105,-0.480418585630167,0.040456886178489,-0.214816118329654,-7.02216063075412e-15
"921",810.29,-1.51798686837024,1.59899750263416,-0.824556196190163,-1.12492956528607,2.25670466530491,-0.820033847489914,-1.09035047241514,-0.284609410524793,-0.343734146812929,0.0506015863072051,0.104055298265315,0.0569188976136408,-8.32667268468867e-15
"922",810.79,-2.56615953457609,1.94729756773388,-0.682241532424412,-0.932788207857661,0.99650222749374,0.316144985347649,0.585852738573083,-0.649026275525885,-0.739587328523616,0.224027663690852,0.0381905045753666,0.069707096593458,1.92623694772465e-14
"923",811.29,-2.31239214552838,1.1019256635918,-0.47472410842895,-1.02033159027608,0.579465993281993,0.653637897331589,-0.177526737426579,-0.129606109154066,-0.38084025827866,-0.0784068027070328,0.134688677799171,0.139802663485674,-5.81479309147426e-15
"924",811.79,-1.4311386347426,0.705368770303265,0.364740396658682,-0.873482564661459,1.31338230967304,0.937808526091793,-0.521589524915141,-1.74650745185367,-0.0772146999746254,0.110942176115654,-0.0130882369909499,-0.342184573712496,-1.36696209906972e-15
"925",812.29,-2.11606161678781,-1.36053053902402,1.38438221089518,-0.854645416857812,0.0883474818921491,1.22006886250576,-0.718381908678426,-0.19880184801027,-0.456430494623137,0.28157433916279,0.272043324969463,0.568972114927208,-1.79301018476963e-14
"926",812.79,-2.76581140111856,1.46517180046113,0.444113932117283,0.135120463920407,0.639243465856536,0.947753590964014,-1.29439659993176,-1.07330836657902,0.344970532704647,-0.104282314301929,-0.184933519357782,-0.318439989180329,8.32667268468867e-16
"927",813.29,-2.87337947406566,0.58324701640297,0.649715696611094,-0.530515376224473,2.1343905222527,0.608804005475074,-1.24911111120265,0.125313824941742,0.172487364797087,0.489471731658095,0.0827293492332231,-0.240280520682578,1.50990331349021e-14
"928",813.79,-2.35334383909415,0.712763432070127,0.772169534081802,-1.60210593854887,1.86514305249213,1.84719139675908,-0.397661591564787,-0.342904352987695,0.370787496873654,-0.0207161643912297,0.048316868643061,0.0106653419267191,-4.52415882534751e-15
"929",814.29,-2.5690490381875,0.6858176479842,0.833011198382244,-1.38421498503035,2.31653431862773,0.318657206737841,-1.92650124224771,0.180862199003404,-0.310085689213696,0.254872039218981,-0.0657659038637815,0.0922710559734572,-4.05231403988182e-15
"930",814.79,-1.92177075234246,-0.197370898986415,2.09668804824572,-1.46588987357917,1.6363448918507,1.55601922115617,-2.4675979842781,0.399774772335754,0.980542581234863,0.0286756426919202,0.166717865537535,0.528841996261832,-1.60982338570648e-15
"931",815.29,-2.91523911589992,-0.59088894254515,1.71379182086352,-1.61827913221502,1.12190849528719,1.26504014260066,-2.56617586855386,0.0390730922441046,0.172239977507325,-0.605054867142583,-0.201633298892077,0.0740797160208857,2.04558592287185e-14
"932",815.79,-2.64802257830733,-0.0894469639112659,2.309977984696,-1.66464442293053,2.16712192417531,1.05627583996496,-1.73934166342016,1.40384054184307,0.511640861667028,0.638130991739396,0.420569995197293,0.295325253693743,2.11809736416768e-14
"933",816.29,-2.6871666331666,0.583347135763849,1.34461299763434,-2.22237011509462,1.677761669686,0.989554150007846,-2.21577690676584,0.256339800536172,-0.0531897428628919,-0.235125410776094,-0.314960656429632,0.35842133481187,2.14205823217961e-15
"934",816.79,-2.4819807051091,0.796776114242655,1.62754335760627,-1.8784147458078,1.91223933004469,0.0396850239630002,-2.0822564768292,0.105218430129255,-0.1104935341443,-0.0743182410650391,-0.392805262640524,0.296241190172571,-9.79771819231701e-15
"935",817.29,-3.14728416360788,1.12261462147647,2.34870546708607,-2.52783205491628,1.40644654033625,0.610710333002762,-1.09119110591341,0.712157938428898,-0.49515049703513,0.215776004523785,-0.133856388303568,-0.0371881019137761,-2.73392419813945e-15
"936",817.79,-1.73556570055741,0.975919821995204,1.44568467546856,-1.97450089175548,0.737824163516856,-0.00565085549466782,-1.14721208306805,1.23769752275459,-0.227439250493052,-0.0678564080888413,0.19716335881165,0.41152904988542,-1.97532962209479e-14
"937",818.29,-2.87783307439005,-0.0336878364250982,2.43840724044224,-1.64915487218132,0.461639001837189,0.153759156503447,-2.5925236093843,-0.170243950783241,-1.25239718939701,0.395451696777776,-0.181355589743071,0.187709184962013,-9.74220704108575e-15
"938",818.79,-2.16528013672925,1.40188627541255,0.76896021838883,-2.63260346800428,0.534548557607109,0.731532670286945,-2.57202146177797,1.01048345494626,0.290386445294069,-0.935475252615298,-0.218987040609777,0.263834547731864,2.2065682614425e-15
"939",819.29,-3.52604065020149,0.418598888870975,2.57925800840843,-2.90389189293609,0.58990936943459,0.996100354071681,-2.1935455899621,0.706307109393642,-0.501978054055237,0.13411341485218,-0.135707227278687,0.368491743005273,2.46469511466785e-14
"940",819.79,-2.86953133148069,-0.969707858672678,3.50918131929126,-3.23707918366893,0.953535714721352,0.431198282357499,-3.54183665819897,-0.426707404055965,-0.444328645414719,-0.457136991343213,0.189470391435909,0.569056722975512,9.43689570931383e-16
"941",820.29,-2.23306400189685,0.323184851992006,2.92139663940977,-3.5458320134735,1.39360481369817,1.84550206362485,-2.74873649310397,0.143400311950249,0.444198934072162,-0.40874213555642,0.0876386472748275,0.120413863507308,-2.1538326677728e-14
"942",820.79,-3.24122822080042,0.553205931831605,2.94653074040568,-3.16557609272839,1.60423461773799,0.791000121274432,-2.61445136440719,0.804993554506308,-0.562473080102087,0.455408668797845,0.0337291452817739,0.439487195802554,1.71668235182665e-14
"943",821.29,-3.902067540538,1.9663331951152,2.92384696416732,-4.05080635616926,3.45733913579879,-0.346964699279256,-2.1354743729953,0.360539999883662,-0.382021302763669,0.336388827575625,0.574608434721543,-0.399487441149835,1.29340982368831e-14
"944",821.79,-3.97598099429655,0.724580401543667,3.96461209500763,-3.11867489779246,1.81546272363689,0.269339196297616,-3.86173282911179,1.1000539102474,0.275008853402019,0.676681483470134,0.714573992164343,-0.333215973543416,-2.54518628395317e-14
"945",822.29,-3.68905641608034,1.7841134442845,3.30788145317182,-4.27333040821696,3.55677148319346,-0.515830699438221,-3.85416264354895,0.760287675083583,0.367199603047099,0.562993245868624,0.468657442277944,-0.62036696040305,1.2267964422108e-14
"946",822.79,-3.66313304917788,0.340212860534718,3.64290644538351,-4.0380313684025,3.22009007321669,-0.556115032056297,-5.32473921150883,0.954426850463183,0.589763173132588,0.0022764913386422,0.265397853031541,0.0703271864837867,1.60427227058335e-14
"947",823.29,-5.65901198088001,0.562921658148083,4.35629384330714,-4.1121771170063,2.38720920365321,-0.557458391289501,-4.06222750029271,1.2128723686039,-0.685519975660244,0.717521455133353,0.238466603878832,-0.118325909412763,4.82947015711943e-15
"948",823.79,-5.95260208893223,1.24976207514179,4.3391570536354,-4.37252670305977,3.2930564358088,-0.0469019717486062,-4.0526517561645,-0.468619995231038,0.02447458397271,0.690759745986914,0.289080191429718,-0.504653056986084,-1.49047441055927e-14
"949",824.29,-4.28741198125319,-0.00771985022024515,3.88142100672383,-4.08595186009062,2.72480714241698,-0.0216951312589618,-4.07280718171745,0.0946204407123553,0.82066224395941,0.0697903185519018,1.05531892434786,-0.190337439970539,-2.24542606730438e-14
"950",824.79,-3.57923904953742,0.483260003598024,3.20063804587825,-3.79090310460342,2.11255548817096,0.308794085879985,-3.23274607774676,-0.0819962658296073,0.731367986592838,-0.474966034507217,0.993691260126154,0.0334479046964989,-1.68823288682063e-14
"951",825.29,-4.91660080986188,0.888381958778066,2.91623946010199,-2.29258737525188,1.1705939147939,0.237770618926959,-2.34761583868964,0.521219058173735,0.518003255277759,-0.243306893304243,0.729520049915196,-0.217554015888175,-2.60347299274599e-14
"952",825.79,-3.85345059594495,1.38249394987838,0.803767333122645,-1.84266237389363,0.972522386920393,-1.00089515342456,-2.80603147677689,0.772919479278162,-0.193528455847282,-0.604603268667886,0.144434107064783,-0.121611982128764,6.38378239159465e-15
"953",826.29,-2.94706023919824,0.012790502758002,1.59704300837646,-2.09610162361343,0.472187112888086,1.02323556321646,-0.146751828837372,0.434849217064038,-0.27231801675904,0.619669651713427,0.375478177017529,0.409406351464161,1.59872115546023e-14
"954",826.79,-3.57820873480229,-0.306712402691195,1.46892476696415,-2.61825951593154,1.03981574925405,1.32212649230603,-0.27953500406996,-0.500817817079421,-0.267891976420113,0.518505064420244,-0.0245244559305054,-0.224982142226853,-6.55031584528842e-15
"955",827.29,-1.97968796543271,-0.321227895034676,0.65993369408613,-2.1410791912256,0.986379431460067,0.78308954205996,0.0173893017232423,0.26146781040419,0.190963854079666,0.139109942415107,0.431286021351077,0.41215835795505,-1.77496906061947e-14
"956",827.79,-1.59358680629829,-0.0147348411178251,0.0785433426365598,-1.48278958086746,1.2543639812651,0.0815330274912309,-1.1822895254806,-0.0184121148068269,0.536777721710036,0.0244164991659622,0.368961621948112,0.096375515778387,6.38378239159465e-16
"957",828.29,-0.339690767785867,0.824130113574531,-0.399911566595808,-1.27696052950265,0.705953547418558,1.12999627875671,-0.443498481687677,-0.452325237360884,1.43605907504871,-0.573282184384783,0.474657030283772,-0.153308671397249,4.76008121808036e-15
"958",828.79,-1.38324250998733,1.36671848991532,-0.582425628143986,-0.170113490590588,0.530225241936302,-0.267369964049451,-1.20799498463029,-0.140923748416687,0.208394847572637,0.0701012043355241,-0.0349282822314497,-0.451297104519489,1.67643676718399e-14
"959",829.29,-1.13581717319219,1.01706545107737,-0.663278629289994,-1.4251557408605,0.231396381098243,1.1667433547762,-1.65182671447663,-1.52161959745115,-0.103032059543469,-0.409518578930964,-0.231151481680093,-0.0642501868644115,1.01862962509358e-14
"960",829.79,-1.18594646681513,1.38095304239754,-1.26765584166914,0.102448143879238,0.998993127581995,0.0584773754209483,-1.85742294310323,0.675374254895214,0.0550323420689455,0.355060729642799,0.378967861636237,0.136936750117411,7.49400541621981e-15
"961",830.29,-2.67377891762042,1.04195016639013,-0.8358941951139,0.440284962220982,-0.196146721178523,1.21913280572913,-1.63992625800976,0.0379647741002697,-0.211171433053648,-0.206158457895366,0.111403534918238,-0.307165855940456,-1.33781874467331e-14
"962",830.79,-1.55044356854388,1.04610193144777,-0.084443819361722,-0.53544827219304,0.399748933058932,1.64118212324318,-0.812963994131777,0.459694116042592,0.0314263911571949,0.357035222145288,0.492218749491175,-0.0787086910679715,-1.05193631583234e-14
"963",831.29,-1.57235224336398,1.83321026637712,-0.645970608639761,-0.728209718750574,0.56808510745437,1.89645768815754,0.0689655355591092,-0.589303714667254,-0.335440599197718,-0.461728790721068,0.417177894128291,-0.378502376599876,2.85882428840978e-15
"964",831.79,-1.44976253553258,0.214302182680994,0.11949901763004,-0.914664301392885,0.447125916227247,1.54793567649101,-1.01438755133182,0.071823052189914,-0.87590722745318,-0.418333737905894,0.548631479182231,0.246254790858567,1.94289029309402e-16
"965",832.29,-0.493470274237931,0.853862496575183,-0.499726920530551,0.83409641967747,-0.520396981866911,1.39259626196975,0.246123944657761,0.176928151019099,-0.437977172846451,-0.365675960872046,0.693959994268215,0.098946124037405,-7.99360577730113e-15
"966",832.79,-0.2983968674918,2.112905334396,-0.420574795547366,-0.161471724741495,0.542985866327908,0.440216666736521,-0.402412750417109,-0.78561415049708,-0.400747881356888,-0.853765645176132,0.466293279336782,0.032065386188839,-7.23379689482329e-15
"967",833.29,-1.59695825509018,1.59513038331097,0.218680692222114,-0.396486121220891,0.511089596431679,1.49183219507325,-0.269609661279419,-0.483857119711365,-0.986422239512376,-0.0390502952174048,0.218274192725444,-0.203477430969247,2.77833311912445e-14
"968",833.79,-0.0325542152845238,2.20221630832205,-0.439030936182458,0.00667011562771383,-0.223896223763426,1.46450928623794,0.397042130615381,-0.812593119485751,-0.918094876771615,-0.0372235025113333,0.12938349264177,-0.267793892373347,2.45914399954472e-14
"969",834.29,-0.6051800929389,0.863938655911397,0.406355841375544,0.722127007750382,1.19186367351132,0.571219943519996,-0.852100539941297,0.755367704395506,-0.629427562912366,0.854651924009433,0.142489079441099,0.0931020441507562,2.38420394538252e-14
"970",834.79,-0.696169943263744,1.54713411468963,-0.603672069928162,0.625953991710678,0.0320445033907524,1.50809759404918,-0.672461382451097,-0.319244057757022,-0.0704619179276089,-0.300244557022009,-0.135827431538428,0.129903935232307,9.52016243616072e-15
"971",835.29,-0.310372349808882,2.16836657625603,-0.698819634497012,0.429047457965651,0.223849234589354,1.47929595704843,-0.417334241459556,-1.25773994010038,-0.459988274427687,-0.126453852450084,-0.377463080907745,0.258270647442154,8.13238365537927e-15
"972",835.79,0.300629388358691,2.42394078938381,-0.0594790949257535,0.136237239760818,0.416554871670459,1.46342178454202,0.606754379006258,-0.628894636854388,-0.435372240598686,0.377289484547602,0.137543636458606,0.209222608039114,2.28705943072782e-14
"973",836.29,-1.06824330222976,2.16896730063011,-0.107796431206183,-0.752624145383518,0.637385822735564,0.837178126924715,-0.683251426772081,-0.246632578572578,-0.527862535011621,-0.348859349128642,0.0166985696247633,-0.108466008767287,1.01030295240889e-14
"974",836.79,1.53533903947895,1.82884748452825,-1.72800011644494,0.881977641863339,1.48689029288708,-0.23905715893135,-0.0883696388830195,0.0464325329400125,0.121140498411776,-0.364588018461294,0.222793250547494,0.230423377761032,-6.10622663543836e-15
"975",837.29,0.657731453240637,0.191870163557111,0.112257449033796,1.34195633453049,-1.15466396468561,0.745783413615328,-1.459455072332,0.270749740685453,-0.230756268371747,-0.0479621786541557,0.06725805067685,0.310544620611139,-5.55111512312578e-16
"976",837.79,-0.406342510103455,1.18384152298735,-0.291029972298598,1.36609233058767,0.361262043594348,0.0967499669017903,-1.6572714556381,1.18643412380959,-0.247787495032013,0.526596570087295,-0.187960370643605,-0.197732054510003,1.79994907867354e-14
"977",838.29,-1.16434499613564,0.926456547235284,-0.226898436631249,0.43812790038157,-0.118163660548999,0.414882685478551,0.855401695229192,0.297293771731559,-1.33863431905394,-0.0893409542757635,0.286453322339758,0.0366272622412938,2.5729418595688e-14
"978",838.79,-0.719503242676382,1.55230073138182,-0.00671216452798534,-0.712877154514591,-0.811740650874237,1.10235380571377,-0.728684292240912,-0.881319317398161,-1.07102146905374,-0.786105709472161,-0.37146258383685,0.317950391700151,-1.09356967925578e-14
"979",839.29,0.0551254327596566,2.18700273939536,-0.553081757895327,-0.0197115831016322,-0.0771987895278716,-0.103389698549353,-0.256244339491113,0.111797103956005,-0.567587360616937,-0.646521851525766,0.253761709862292,-0.140389165364393,9.92955717649124e-15
"980",839.79,1.25804211888032,2.62215680775393,-0.719468699297512,-1.56052037961592,0.881866244212947,0.665252426852164,0.579668929866765,-0.537321600661058,-0.497855587298489,-1.0263560531264,0.107581571877178,0.0368563863101308,-1.25177646026486e-14
"981",840.29,-0.215748055889613,2.45880197859163,0.596371676677068,-2.00916860211305,1.15658754701365,1.19098914306374,1.39479804632947,-0.0745692467023803,-0.850871903425087,-0.27804576715371,0.448653535599059,-0.304619091514791,-1.91929805382074e-14
"982",840.79,0.275121157028753,1.60474735883314,0.0627637385385686,-1.49102316992951,0.19117166810405,0.644785617411201,0.364205553041678,0.0463420732609185,-0.7607445940111,-0.978865958079185,0.443704167990136,-0.158011668268458,-1.87697080100691e-14
"983",841.29,-0.73220908097502,0.239196519527725,0.504932783041333,-1.84701380733962,-0.639168744932486,0.662482320495971,-0.580315293557445,0.395651216667759,-1.23658742523559,-0.979316097457931,0.0644864997924111,0.162282937623764,-1.22124532708767e-14
"984",841.79,-1.31101956396141,1.10022343407483,0.596734310368916,-1.55341992990951,0.307393759771932,0.754907977328707,2.06801985909333,1.13203854143847,-0.935768588415332,-0.271419533382571,0.630907334702814,-0.00564741559822661,-4.08006961549745e-15
"985",842.29,-1.06107802412253,0.741358219973269,0.586702911983238,-3.03059470294249,1.86424768078764,0.870302905035203,1.00563809790827,-0.168314579175724,-1.46415881211298,-0.342001386508514,0.336146694049383,0.380915589708765,1.78190795452338e-14
"986",842.79,-2.04030423971365,1.99223162031888,0.428655138781099,-1.67974226875718,1.12692123206558,1.13093613891934,0.577134936388393,-0.492725727200436,-1.12523327908882,-0.0491666953786363,0.113484229145722,-0.455667379641477,7.36910532594948e-15
"987",843.29,-2.51621070627352,1.71939682184385,1.16861576814771,-1.63926156823661,0.547320772374312,1.48924221668045,-0.0743706101446444,0.0554275883969045,-1.39102549757623,0.181782111681978,0.195385446980641,0.111715506356809,-6.21724893790088e-15
"988",843.79,-0.977507015528798,1.50662735354455,0.367501873937288,-0.663885559252508,0.286497093192816,0.49080132557692,-0.252264776297827,-0.124723988430455,-0.616164496918177,-0.291354563868477,0.273728971484415,0.133034632444462,-2.1094237467878e-15
"989",844.29,-1.90752433256702,1.15368236742623,0.20210295420395,0.0856913972211638,-0.605060793064674,1.11590654857277,-0.573910398647856,0.488365682965923,0.0363592295478814,-0.442968160459492,0.176794917742795,0.0806562122616093,1.55986334959834e-14
"990",844.79,-2.69052184524747,0.798919795739304,0.752424813729017,-1.1954954367989,-0.453896830583704,1.0614393601013,-0.688574413372212,-0.105399251515765,-0.804825306712276,-0.641989356210601,-0.0632618620782798,0.223386178219101,2.37587727269783e-14
"991",845.29,-3.98092553890966,2.70781587976848,0.684433868069132,-2.52411415236037,1.01853589349815,2.91992296456238,1.54136518204877,-0.195438478399551,-0.47453904273056,-0.583700885666467,-0.0370491994088605,0.147171069350675,-7.21644966006352e-15
"992",845.79,-3.62960828012059,2.84849259437114,0.493370892133875,-1.94551960791883,0.947215659557081,2.51874413321365,0.717993076717402,-0.651436119813136,-0.496354637698147,-0.794536297674645,0.226188604674987,0.538477100141365,1.27675647831893e-15
"993",846.29,-2.05959135869447,1.1463114781583,0.855636284645737,-1.07974082596317,1.23448448675283,2.15937090081273,0.947440013965993,-0.674129783191866,-0.428354337868928,-0.319557915745757,0.332030628261212,0.243615016359742,1.33226762955019e-15
"994",846.79,-1.68958146329577,2.08353551424077,0.162711729642762,-1.7089956463334,2.3219358392597,0.565346667013641,0.583323272543635,-0.00669442857436214,-0.118396590509825,-0.59499557670246,0.439475229005109,-0.0880559948013693,1.35724764760425e-14
"995",847.29,-3.8417721502191,1.08615158940208,-0.142107272912293,-1.08326971494575,0.34551645344432,1.38787223122401,0.864323699298876,-0.0939159611943284,-0.351808204478255,-1.18723866272954,0.00557179448852997,0.210360647065862,1.08246744900953e-14
"996",847.79,-1.86115849589602,0.63730176679651,-0.543307113886902,-0.639490371575732,1.82765784525434,0.629770909361866,0.296900697446285,0.0185561857468108,0.0777338694948372,-0.150391431379278,-0.362916667421926,0.00447049597832487,3.41393580072236e-15
"997",848.29,-2.0450865568576,-0.59966339420265,0.276816458571013,-0.588011901373231,0.529643859343645,1.36321699952977,0.528972450147154,0.617061455334784,0.267385849148592,0.40951152344915,0.201888168925779,0.26821860006578,-2.31203944878189e-14
"998",848.79,-1.67760524669752,-0.703504027365251,-0.567850479432185,-0.760127914195344,0.398474945185248,0.527448975010494,0.962621509201021,-0.0851259672936814,-0.486294134506001,-0.0391348500630666,0.173421658975391,0.0679829797494797,2.87738582960273e-14
"999",849.29,-0.315368146476049,-0.215606011241569,-1.39880519934784,-1.64124345907002,1.81807455465565,0.10889033539779,0.683751703926921,-0.12766749246754,0.662506963240983,-1.16066288882238,0.541350666801729,-0.0291567347126013,5.77315972805081e-15
"1000",849.79,-2.00438424632427,0.195357948246935,-1.31286794882512,-0.0626703980105668,0.938840423994147,0.0792625589154492,1.40413003826828,0.0945974124345802,-0.216076010872321,0.163075931285374,-0.238468065555633,-0.400115421547248,-2.74780198594726e-15
"1001",850.29,-4.05149064295246,-1.47016549333255,-0.0168908122795844,-1.52562822046649,0.613312294894323,0.526940742933605,0.613255146134015,-0.0975011706915612,-1.15894209817835,-0.380710702294055,-0.00122048557410763,0.29788480473139,-5.54070678226992e-15
"1002",850.79,-2.46165014471106,-0.478768601180814,-0.912211653598684,-1.49742780978025,1.32650740052821,0.112709449331808,0.611037409471305,0.707597226681565,-0.25690968206429,-0.523780431686656,0.49169399000728,0.337276536637782,2.34257058195908e-14
"1003",851.29,-2.70114468204742,-0.210453905919821,-0.553477008980592,-1.57070740675148,0.318140083695196,0.576396908103477,1.63656464914309,0.0321309083408484,-0.825887464332742,-0.241898382838672,0.3651248132232,0.0951878133576863,7.70217223333702e-16
"1004",851.79,-2.72662343299176,0.344617678834703,-0.229488708210963,-2.44566238011502,0.00850019931500545,2.07698205204517,0.778204905487959,-0.186001947948285,0.104590857022747,-0.373191518007341,0.049439987513959,0.0982224649125768,-1.63757896132211e-14
"1005",852.29,-2.04425067375043,0.0905937535159579,-0.304118673137288,-0.930451971076735,-0.358568889013618,1.60596446672361,-0.305677081173567,-0.513390789774289,0.508798871643471,-0.274521574505424,-0.169732871765554,0.124920075307702,1.52100554373646e-14
"1006",852.79,-1.81462874354283,-0.730791061005861,-0.197551540684869,-1.26276395290733,0.632728864859029,0.935661139008778,0.0470683707425146,-0.222153222347063,-0.001042910699189,0.106102135887447,0.109521085066729,0.185845356603628,1.14491749414469e-15
"1007",853.29,-3.23436929926231,-0.972716771216681,-0.332945358598679,-1.46636622804231,0.929119498221167,0.577677782484417,0.394956135019099,0.143429335892649,-0.706139733036841,0.00576023545153989,0.137661752446393,0.0411754194274364,-2.66175970153881e-14
"1008",853.79,-1.00792926728134,0.365296680663177,-1.22738041692197,-1.62919627684689,0.535389248952543,-0.437113643392429,0.378586121117895,-0.607245912791058,-0.69043010268127,-0.66829311718088,0.100429777721379,-0.217853854814511,3.33066907387547e-16
"1009",854.29,-1.76718212567629,-0.877954857652612,-0.013045776772496,-2.57743612425497,-0.0559294277147774,0.836061275214019,0.693870428192877,-0.896602218999266,-1.17321579701755,-0.500842564366022,0.106498672383795,0.0492371016629573,-1.53904666788662e-14
"1010",854.79,-1.27153409930094,-0.199436457543367,-0.360423586489218,-1.90308529022719,0.495906860699318,0.292208847180102,1.02853590994071,-0.369413810127457,-0.407747409206114,-0.145733853345826,0.419596177719908,-0.294010346835511,-2.28289609438548e-15
"1011",855.29,-3.11989613792224,-1.0889299754544,0.285334121114252,-1.27262487301495,-0.962982409923636,0.813961420170832,0.278236922219104,0.00857888226800871,-0.613072245006966,0.240201660702048,0.262520463294307,0.024194927507471,-2.01505478969466e-14
"1012",855.79,-2.71052593337583,-0.367403177572286,-0.364125795740267,-2.15926413451044,0.92858625780547,-0.229481534511833,0.730084595379371,0.289441362081048,-0.666917404521746,0.220488423512618,0.492975504515972,-0.0187926835705322,9.52016243616072e-15
"1013",856.29,-2.24121373179967,-0.0710647750175169,-1.53597811063065,-1.96272331890627,1.74789881207332,0.285945328013503,0.685561740207657,0.0379123488055868,-0.00749775499583563,0.0115816388538793,-0.0862912162209886,-0.151132607415681,1.99840144432528e-15
"1014",856.79,-4.05795525503993,-1.38924561029925,-0.993868575023698,-1.73060662168158,0.199471549607977,1.26572292411271,0.872517039733165,-0.968524356845952,-0.511763761451019,-0.921914434675458,-0.321635973532748,-0.320543605840992,3.77475828372553e-15
"1015",857.29,-3.76806019912161,-0.433000688998672,-1.01398524274049,-1.95574499433139,1.5505638717083,0.0207647995746074,1.60968211387602,-0.143695767937802,-0.637028890322989,-0.50668154688507,0.060587009978714,-0.38730113618375,1.41553435639707e-14
"1016",857.79,-3.89405070349751,0.0358495466299485,0.445975233957505,-2.54807463136352,1.65607825858609,0.785205807693804,1.84159932563973,0.26413365708842,-0.0312010514334982,0.172932783662134,0.309086657639593,-0.35121854055933,-2.47683817899969e-14
"1017",858.29,-3.28337629888548,-0.229469388627933,0.166769134721493,-0.766071952485055,-0.364875631585582,0.252805228755589,0.569066380940539,0.375943471463192,0.0810857742094813,-0.399074253106489,0.0923140926763958,-0.0539137077009496,1.4432899320127e-14
"1018",858.79,-4.37350059830624,-0.815366588594504,1.40107127585347,-2.04661350621041,-0.160365948175486,0.228020857783413,0.583198734792147,0.498561085912061,-1.04118308148108,0.279726773799774,0.202282372782397,0.0346873035239706,1.87627691161651e-14
"1019",859.29,-2.68757295569389,-0.884221492855307,1.31510937465662,-1.06707416451047,0.104390186957368,0.283704597456719,0.260929808885322,0.978785361624628,-0.284738398727613,0.706191187837109,0.348758226601707,-0.299636135887107,4.6074255521944e-15
"1020",859.79,-2.61763383679588,-0.737752889330847,0.317452976445438,-0.508587842054623,0.644514795096195,0.533222433220571,-0.268730002826599,1.53784136236164,-0.173445086048568,-0.340532916402281,0.716339681105685,-0.0806383936458527,6.58847976175991e-15
"1021",860.29,-2.23886886058144,-0.43770076274908,1.35493909687969,1.12166005182499,-0.378547049084618,0.62403712120833,0.611675673428279,0.226872910994262,-1.57679272626448,0.565473253646723,0.426344880061086,-0.00720840731780395,-2.33146835171283e-15
"1022",860.79,-2.00985878773108,-0.282217930313382,-0.319595353693925,-0.012041906426773,0.557599858312223,0.472229786895119,-0.732129558484666,0.668015790615689,-0.671870992853926,-0.81768763438307,0.410113293599437,-0.0244211518692806,-1.41414657761629e-14
"1023",861.29,-1.84231203256661,-0.674546232250285,0.0868800094597131,-0.343124667019803,0.172429366881197,1.41288119721855,0.153142370300673,-0.658441231316643,-0.534363180011149,-0.829216614022634,0.0105081030774766,0.0553183625727861,1.29063426612674e-14
"1024",861.79,-1.13318162620943,-1.21621789716931,-0.0861988840256747,0.278124086820598,0.102564091954658,-0.306226755786631,-0.239214300522636,-0.032669433875754,-0.844791139077966,-0.470810090252403,0.361762320312648,0.26585756874871,-4.92661467177413e-15
"1025",862.29,-2.6075985370438,-1.61423735426589,0.327220824292504,-0.783148005628188,0.446958122627309,1.57536318231745,0.292433434422755,1.00216161475918,0.576055809116612,-0.407889132936303,0.72196059922868,-0.00574452715926459,-1.40443212615082e-14
"1026",862.79,-3.20710820146372,-2.07610012710048,0.347436426802013,-0.941823682748045,1.08161977204845,-0.0938306821363324,-0.697154496447482,0.522620155327422,-0.631548521097643,0.134054413816319,0.582549915666998,0.12498884631022,-7.85482789922298e-15
"1027",863.29,-1.95419506879978,-1.8382077949627,-1.11630800404516,0.458142684698163,0.0654955689790724,0.172835898357768,-0.385549588289625,-0.00391143745439553,0.32769406211697,-0.623377849073019,0.0635033275909552,-0.0644257630851276,1.46965772884755e-14
"1028",863.79,-0.876454801169128,-2.05886915222119,-0.0272754922470186,-1.49326144508074,-0.193204216022995,0.81351458831746,0.336484314359834,0.149556924444528,-0.155303987426681,0.356437563912186,0.555508793649857,0.389044783131805,-1.21846976952611e-14
"1029",864.29,-2.0818072719209,-0.97629996187165,-0.534188690229294,-1.45170354601443,-0.0260729438864453,0.70137861314571,0.967599328502394,0.349836155347144,-0.270993695964769,-0.221344783680542,0.181396789088233,0.123364463505393,2.1316282072803e-14
"1030",864.79,-2.617799821945,-1.03895024298817,-0.00690356687560354,-1.70269971362928,0.606284659953563,0.603947869612747,0.603085262083993,0.922648274090925,-0.226581651564805,-0.173128247688434,0.24547305266879,0.221919483282405,-4.09839263221246e-15
"1031",865.29,-0.802224012074679,-0.951629690558728,-1.58482399068587,-0.0974294325826041,-0.534485526208518,0.264899386189204,2.04353826209853,-0.379938468435694,-0.152388701141591,-1.25217053660432,0.715066078883335,0.790596323625677,1.5629858518551e-14
"1032",865.79,-2.339666802416,-1.30364542863952,-1.00992686877394,-0.0660654618163459,0.388291949145673,0.604171340814749,0.626568051399016,0.281948964159882,-0.318683307568031,-0.193984298976353,0.0569766577217496,0.642179804872332,9.54097911787244e-16
"1033",866.29,-1.99734746654952,-1.34821601514897,-1.4940542616888,0.672791263102797,0.784074366900381,-0.0818222551110414,0.204197987483089,0.330151294098236,-0.658950636051644,-0.361360111693123,0.196345129255629,0.608266118505595,8.1601392309949e-15
"1034",866.79,-2.433247669154,0.0579830940693984,-0.022966917584388,0.0722073308571995,0.878896979900562,1.08898338765549,0.601524786176458,0.292022237185962,0.0281495045907885,-0.136966864546901,0.0747643252972929,0.339251403893724,-1.47659662275146e-14
"1035",867.29,-2.95484469726134,0.734615697342558,-0.333734847690721,-0.49976507625234,0.636080294170436,0.532770431400904,0.675687699255928,-0.716544345925515,-0.684465647192843,-0.82297962681944,-0.115460682471868,-0.269485770063028,2.77555756156289e-16
"1036",867.79,-0.11260407154637,-0.119102494533827,0.648831324917098,-0.504416302651418,0.54682026175735,0.769750298425211,0.284650730783171,-0.836837163392937,-0.622384126983172,-0.0763789595576701,0.0329509015371738,0.196519411481979,-1.52794443764037e-14
"1037",868.29,-0.376432281735502,-0.0950902051231858,0.159555370719726,-0.546139274827541,0.79283333733229,0.637824361784343,0.0498304501118261,-0.489876026995541,-0.271797112062795,-0.420469697281246,0.224022512735621,0.460979764460672,1.92762472650543e-14
"1038",868.79,-1.22728914408837,0.253982979034815,-0.314657965556604,0.658240187273967,0.626073296611194,1.48350126401298,-0.338118958163504,0.796314137042333,0.634133448605788,-0.190674155845259,0.159112035490884,0.22887289402223,5.41233724504764e-15
"1039",869.29,-2.02980755872401,1.13973762536669,0.244724160396848,-0.150822335093219,0.601275673403794,1.89935081375227,0.0741107750783839,0.773721709448111,0.177437767998715,0.0323291913545307,0.174361112273394,0.106837173552868,-3.33066907387547e-15
"1040",869.79,-0.553126842683372,1.28093592486474,-0.601305660638278,-0.279086416792174,1.42171018882588,0.772170666660565,0.250272194154552,-0.594095355812526,-0.725014234200115,-0.224964111721928,-0.00787723054036692,0.366985843112754,1.72084568816899e-14
"1041",870.29,-0.00739520658268397,-0.0355066111939444,-0.466460892223119,-0.21040875992978,1.05800802964085,0.456823730823613,-1.68929102989157,0.114891132485217,0.0606984407936579,-0.782528865259694,-0.0836554159549781,0.0531088149290819,1.26842980563424e-14
"1042",870.79,0.442061216607019,-0.325597190622509,-0.167500372221284,-0.072545649573287,0.0686113835259545,0.134943740839024,0.0769598563984519,-0.291628403453957,-1.13974232974272,-0.245607059442529,-0.0118435998958743,0.127963887315706,4.19109191795997e-15
"1043",871.29,1.38071906251636,-0.0286479099544267,-0.449178579018985,1.38942038986565,-0.780384219898886,0.95862466388497,0.0464105341010511,0.713319328540832,0.552015337111118,-0.305013863300027,0.404109228865137,0.495775983911458,1.32949207198862e-14
"1044",871.79,1.42908915345138,0.601108449629577,-0.255070358471798,-0.221021922207372,0.523198675098196,0.925443933175864,0.204545294810326,0.476039224736973,0.132094325473593,-0.153693327369807,0.489173728323893,0.59866665073477,1.40165656858926e-15
"1045",872.29,0.837973084415228,-0.246322173983331,0.524292993680979,-1.2515621771067,0.639640909403352,0.85526631104185,-1.26151322349284,-0.129280642517422,-0.350762805109962,-0.255459572402561,0.142825154943593,0.559845863989725,-2.47163400857175e-14
"1046",872.79,0.528083538251668,1.90657395912085,-0.860984126625563,-0.0908057361432155,1.24219335229376,0.582200009636396,-1.17554040845819,0.684596381189184,0.396223783571777,-0.261210488801435,0.111493367853311,0.154424605333527,2.90600876695635e-14
"1047",873.29,-0.875496797124349,2.91865110697504,-0.78694166905319,-0.0142418172236199,0.93119563787557,1.8467872748304,-0.120385451968482,0.422018136500236,0.381927326229125,-0.59644790455376,0.470600717281279,0.269197292882339,-1.88737914186277e-15
"1048",873.79,1.56879256076648,3.6137279371968,-2.08824632389119,0.566346488363252,1.63099912000122,0.00922534263789665,0.178947822223022,-0.013522387181442,0.247874756962475,-0.734521438681633,0.565606770323767,0.544299588247503,1.79856129989275e-14
"1049",874.29,-0.536194569312926,3.50057171640393,0.174694108687932,-0.28676185683561,0.50815658829671,1.76700293605553,0.806334761733409,-0.197364420621549,-0.0580987944356546,0.271039222635121,0.248799569942239,0.361383324962619,-4.77395900588817e-15
"1050",874.79,-0.649483012701438,1.85157636713495,-0.0916211120950506,-0.549462111027545,1.00584333806746,1.67492303061892,-0.695976869990333,-0.0491678052509267,-0.17555639232421,-0.0979803964503947,0.0720280395970087,0.494240675205983,-1.73194791841524e-14
"1051",875.29,-0.144334628670046,1.57534285294028,0.133747429700105,0.097955435684115,0.0566558449337875,1.06104349765041,-0.7314067107279,-0.365449706437362,-0.587103289841317,-0.296970745330124,0.0365179612914777,0.572995357389621,-1.84297022087776e-14
"1052",875.79,1.1280626200878,2.06859729090882,0.361206814176861,-0.860569230435279,0.690827792935923,1.77776474452054,-0.247327859138394,-0.158973753490631,0.167256348049811,-0.162219642200018,0.107958827804767,0.233539751600332,7.74380559676047e-15
"1053",876.29,-1.69871541016903,1.14710223068937,0.885868140227236,0.662232893047875,0.481183067401832,0.840026588069806,-0.609093349841691,0.689230991476336,-0.997947347605489,1.00766816403978,-0.103612502516864,-0.151348767351888,1.26287869051112e-14
"1054",876.79,0.0793621494169616,1.40375257331616,0.374119985239728,-0.00326615614200708,0.518587071903435,0.679519703246862,-0.655350331666911,-0.677553233835879,-0.820693583685706,0.15287978999967,-0.332567082743202,0.0281086379378873,-1.27953203588049e-14
"1055",877.29,-0.620805911946402,0.837978412449151,1.28242172696197,-1.17744052652411,-0.187221372034512,1.87830410699532,-0.607390295173667,-0.230922167467006,-0.653696945094427,-0.0288499966476947,0.0757425360146504,0.491778083912015,-4.94049245958195e-15
"1056",877.79,-0.0257580292152272,0.949936114210013,1.12537733084813,-0.783959307425648,0.310599154117312,1.63608139477916,-0.150437402885585,-1.07555367104451,-0.817403809085493,0.150640504840587,0.0540235133278739,0.25534468331845,-2.79776202205539e-14
"1057",878.29,-0.462642864393839,0.482552703414422,1.08678128668093,-1.42342859140921,1.07729419355198,1.18054986179478,-0.369449816099783,-0.624888520540037,-0.761725725635773,-0.0922377907145681,-0.0654514198559458,0.378584559178691,2.15105711021124e-16
"1058",878.79,-0.519582119942317,0.632116449690186,0.772513913992152,-0.538874639802567,0.256280899846782,0.508112714757586,-0.923481100982342,-0.637115175656694,-1.05625912869628,-0.0579477170161388,-0.0837311770165236,0.173939011622133,7.74380559676047e-15
"1059",879.29,1.02808449646945,0.393977938495324,0.709633658900499,-1.35138058082376,0.0386070471829633,1.22702264770188,-0.211747086378468,-0.752904921216217,-0.308649951099276,-0.403740820742718,0.224077516663839,0.735197145828854,2.49522624784504e-14
"1060",879.79,0.27919971321154,0.0420484253099937,0.380551735326673,-0.0965559389634826,-0.485427621198176,1.38598650486891,-0.855262801736787,-0.480924769271285,0.159864922478761,-0.553037749929606,0.0604677930483617,0.162756891302607,1.86517468137026e-14
"1061",880.29,0.162622979049581,0.403624680712194,0.681636131520286,-0.00781566099017168,-0.377177640776508,0.70110680939312,0.387948318128769,0.11033351972065,-0.272892770878193,0.0604217786463745,0.198922528101635,0.515710466974232,2.27318164292001e-14
"1062",880.79,0.586875014570502,0.552247389320646,0.697199766822284,-0.465093543937147,0.724354076009355,0.406630011984638,0.0741348054806597,0.280155455723418,-0.114881595470846,0.494640325190211,0.167120606267607,0.270579144676877,-9.99200722162641e-15
"1063",881.29,-0.01433373114711,0.0222520776538058,0.180707624810108,-0.494523667794745,0.986689264689911,1.11102330415011,-0.619471583142281,-0.938674329552706,0.0861769675785518,-0.0438024515601114,-0.249037550420131,-0.387558826577123,-2.52263487876547e-14
"1064",881.79,0.329013398523547,0.754611074080723,-0.241874960311322,0.253161082910273,0.495431011088258,0.153280348770865,0.229544531989565,-0.457504872085943,-0.147001863061194,0.117963016256854,-0.260438170798254,-0.230626520482902,-1.68753899743024e-14
"1065",882.29,-0.215466951116118,0.556628032058451,0.573975032272762,-1.69136517064412,0.531791014770923,0.528072835478766,0.0851203779882008,-0.00910087843367575,-0.407439565649226,0.13191627410759,-0.00342148617893116,0.321550331895231,-1.02348685082632e-15
"1066",882.79,-0.212346421522903,0.389146194512167,0.394215746347797,-0.381278344614324,0.184059767049486,1.20805144791619,0.582099258435598,-0.262075441262488,0.335545996212368,0.453362052894972,-0.266549629538967,-0.169566047862624,1.12132525487141e-14
"1067",883.29,-0.265506651321153,-0.239950004576946,0.404639625458396,-1.0751569455075,0.147574507841804,0.795598277241548,-0.483357630647691,-0.961392918840074,-0.510059630650767,0.270270242604443,-0.656094468676111,-0.130934020937088,-1.89431803576667e-14
"1068",883.79,1.01934824296211,-0.177807796550437,0.302701390607801,-0.887862146301442,0.419995421855575,0.785528197636564,0.19868492716182,-0.488026702713961,-0.0479490099851489,0.522986328315889,-0.157886499748027,0.132017842214683,1.77705072879064e-14
"1069",884.29,-1.11978504355734,0.0348114203640217,-0.216855865065845,-0.85253362785486,-0.287440212701285,0.418864064602241,-0.133634724114792,0.16221173837746,-0.594378717737213,0.0987215312660717,-0.343002951534852,-0.157581858819303,-1.8471335572201e-14
"1070",884.79,1.02005233673358,0.121079126502449,-0.571829706812629,-0.518641579607489,0.839561401718487,-0.169541197243971,-0.400639552764862,-0.455671474872306,0.444606478030096,-0.289909020535585,-0.125384421587982,0.0682065506469282,2.72004641033163e-15
"1071",885.29,-0.605515010522471,-0.0835694976247257,0.52717233868186,-1.13240200033343,0.0129997768901884,0.558273960314721,0.499208574842501,-0.32464501109116,-0.611264880936017,0.312230981365167,-0.0620544590047525,-0.145955483625609,-1.6903145549918e-14
"1072",885.79,-0.256719097362807,0.147727079339737,0.345451819731857,-0.82979583491415,1.1661330845253,0.192000301888894,0.659402036684967,0.74762595705008,-0.129406014279582,1.02099580788374,0.270979852600202,0.151946159506894,1.35724764760425e-14
"1073",886.29,-0.295171921743624,-0.395673953918984,0.164304263093754,-0.762351755577431,0.263471819908742,0.581228603736645,0.19031555388962,-0.559816669138625,-0.561697781023159,0.160279064827839,-0.203683919464812,-0.331183491613743,9.33281230075522e-15
"1074",886.79,-0.32666057463293,-0.559571574948992,-0.190138362735137,-0.805354945400957,1.18180982423107,-0.144971994131311,-0.229047954696978,-0.718551144406913,-0.456281062574002,0.157788068696474,0.0937410043388314,0.0815302888330334,6.49480469405717e-15
"1075",887.29,0.294885354696084,0.145989881585205,-1.31418685442935,-1.01594439666614,2.61735752530115,-0.0750353534988064,0.919340157460792,-0.475544320933342,0.135231503420481,-0.139016436722462,0.262837002928927,-0.162968109920615,4.77395900588817e-15
"1076",887.79,-1.57466211385987,-1.45618088501379,0.182010482132551,0.472137952575177,0.173105873174898,0.637511092812784,-1.91698778361957,-0.980247619273837,-0.128629304934785,0.0733571844087904,-0.293177057589054,-0.0486317358596338,-3.85802501057242e-15
"1077",888.29,0.360140608736526,-0.645598806885139,-1.23288226287992,0.14006940269754,1.06032411882584,-0.95231496297151,0.195548827173413,-0.415442457567629,-0.413826192010752,-0.29509142980634,0.215297128494507,-0.218613238788969,-1.66533453693773e-16
"1078",888.79,-0.767390477190229,-0.943540898282202,-0.30913323800473,0.155608207245353,0.282254149071833,0.518042316823449,0.0421497763143543,-0.42711088389608,0.226704210240656,0.226717409177603,-0.0765275485146855,-0.0125359622394045,-1.36210487333699e-14
"1079",889.29,-2.03280711964895,-0.428055657163474,0.389121970177829,-0.598078092046088,0.515359420630764,1.09282636684056,-0.268486762943253,-1.400130705112,-0.423973815038584,0.342105982521053,0.0416909905418578,0.148720072146428,-2.08999484385686e-14
"1080",889.79,-0.406594976360128,-0.0705889088590215,-1.16563291900332,-1.42226912274292,2.75503754591237,0.506016690822619,-0.145096973284597,-0.4266993597875,0.84071133094292,-0.673514321330926,0.410413586684977,0.121222792008721,-1.03805852802452e-14
"1081",890.29,-0.850203407132564,-0.409520205576342,-0.0250850524213317,-0.253610303274763,0.0289853288915858,0.965469150090391,-0.0490256979416364,-1.28777620800048,-0.134278809848485,-0.271433761371906,0.148904349593332,0.450252038972624,1.346145417358e-14
"1082",890.79,-1.14320281228269,1.12833046933127,-0.848649027346601,-0.272854287733647,0.264438136621989,1.89581325664387,0.319465244014477,-0.835381542422142,0.630298482158475,-0.666366911966448,0.256435470585441,0.164237506543045,1.68198788230711e-14
"1083",891.29,1.64282244140148,1.4396642824792,-0.763240904767156,0.529491861601533,0.78287380665109,0.811146731084857,0.645872052767337,-0.235378262612792,0.773055731598956,-0.163627493490733,0.549654045030969,0.0948282902690448,-1.81799020282369e-14
"1084",891.79,0.862590502412671,1.92088264319653,-1.21178578497403,0.218209933599746,1.59696850534559,-1.05399493570823,0.306432589541273,0.159476599680558,-0.482629381541432,-0.222734844645537,0.423250446298594,-0.294765193032071,-1.57651669496772e-14
"1085",892.29,-0.86750678481029,1.71320587347818,0.152423325062981,0.256640382125629,0.0527500608569418,1.04746698647009,-0.390566300908843,-0.13104580349376,-0.458844953582134,0.26306899274738,-0.0388308782580884,-0.455849245100487,4.82947015711943e-15
"1086",892.79,0.279690228400304,2.68762536001313,-0.738039685919699,0.233297668211637,1.06474628009793,0.0674274194708941,-1.21051565713283,-0.276013165409142,0.0999844949991535,-0.560776507865304,0.275575255518895,-0.10767488102918,-1.99840144432528e-14
"1087",893.29,0.824567600161771,1.60431830271967,-0.510212132234922,0.774453755548621,-0.247745803254367,-0.199636591729476,-0.443089565211741,0.318156160801644,-0.329420917996752,-0.399979054752593,0.221002122162325,-0.123804535866373,1.74096848049032e-14
"1088",893.79,-0.162538082651486,0.936524762330161,-0.0472303001236731,0.605525135134175,0.269353439911138,-0.166116957664915,-0.322945490929889,0.00634283204208655,-0.341812074495281,-0.333373639824342,0.210581681410535,-0.36299168553629,-1.96440086419614e-14
"1089",894.29,-0.760347792470745,-0.115550995991833,1.27770327109026,-0.317014747063325,0.183742948348631,1.26691394697269,-0.511911384317144,-0.477915382824259,-0.13485400137986,0.457924798991105,0.0833433854115426,0.118819430657034,-1.82631687550838e-14
"1090",894.79,0.133175332398723,0.663621131708881,-0.220009015823268,0.165198326967735,0.217622321958145,-0.0937333495108679,-0.646531998323126,-0.218131608846019,0.00220137373504477,0.357085852159949,-0.464414880616934,0.00327526843475617,-1.40096267919887e-14
"1091",895.29,1.00082542372501,-0.0111059346064431,-0.125145275546054,-0.516081265321192,-0.189455655351787,0.263272557457354,-0.215737865144644,-0.963404201211332,0.0804800193677118,0.121714144196837,-0.375171822037473,0.0300104876253942,2.07264760909709e-14
"1092",895.79,0.215681309248179,-1.54680461257411,0.0712573104573195,-0.487519787196835,0.505780019642909,-0.43404567869463,-0.537917860100812,-0.200456593443786,-0.490015025285021,0.463895386651065,-0.525945140638425,0.448145022477033,1.94844140821715e-14
"1093",896.29,0.235470499836666,-1.13309612199429,-0.0907831496445468,0.288289106509117,0.494946085484345,0.65683045086898,0.826784301840528,0.643218422111788,0.622725944736699,0.933819711013663,-0.202613939187069,0.127442249265012,-2.1538326677728e-14
"1094",896.79,-0.149165207645016,-1.32613782254015,-0.969618634472033,-0.383650710893422,0.345165912617694,0.615404602941025,-0.140560447416982,0.406928680890534,0.493606551625444,0.32329545774741,-0.68110136739996,0.00473733415664652,4.12170297892089e-15
"1095",897.29,0.998897889765732,-1.98481843464657,-1.48902123084192,-0.878717739787753,0.560147985459419,1.37233719567185,0.321026296234865,-0.43673616241567,0.950755032200204,-0.773680710591187,-0.186692876365225,0.0529380448825628,1.12826414877532e-14
"1096",897.79,-0.56033955246286,-2.50995709462445,-0.854554361851445,-1.40702165778176,0.657490866209528,1.32558647547161,0.0570782542656803,0.525049300285708,0.662122574306749,-0.909884753397285,-0.334454375574609,0.222089027778535,1.17961196366423e-14
"1097",898.29,-0.778075986838281,-1.51308157953348,-2.03918856090317,-0.145808281968128,2.13682779837676,-0.368262805793393,-0.11511656422459,0.895772944969951,0.324742246255933,0.0442563217755089,-0.746017973571522,-0.312728311564808,9.99200722162641e-16
"1098",898.79,-3.84477083279899,-0.0570274127997491,-1.40867821025733,1.45794364029297,1.79578174204852,0.913755017314563,-0.546664833247715,1.05834720149637,0.576419747118077,0.339062255355683,-0.674308096537583,-0.0381632357251586,5.93969318174459e-15
"1099",899.29,-1.49741451267523,-2.80686155859634,-1.01631613205367,-0.0366676633498824,1.42244104845416,0.0394750718566103,0.551957400140369,0.424774257290442,-0.586726374275673,0.231427644375649,-0.455468700567681,0.212971104851615,-1.35447209004269e-14
"1100",899.79,0.879367227660759,-3.17854902045198,-1.5371656846939,-0.252010735481879,0.634447826828371,0.610473399007556,1.10329924203047,0.0694545555093528,0.644276519128681,-0.442823428023076,-0.09834716332888,0.403353044287774,2.81441536742477e-14
"1101",900.29,-0.721456265628308,-4.02063375651134,-1.52740208214817,-0.146036429097863,0.727766415334135,0.359893783935715,-1.58238792906261,0.582960590542735,0.499178969332628,-0.758788349320815,-0.777775363519871,0.524775381014105,1.16573417585641e-15
"1102",900.79,-0.923900072129855,-3.43506816721481,-0.520404905496736,0.675888789485465,0.467566870058767,0.529723602088922,-0.0388939966314859,-0.12281766458707,0.123893278645961,-0.124777883074208,-0.724891037498793,0.353619112301964,-1.13797860024079e-15
"1103",901.29,0.688239553028419,-2.7451075906192,-1.88689784543611,0.478381540512439,1.95979169858162,-0.972608156336832,-0.0568835694799308,0.465716588054876,0.402140672060249,-0.374998631738302,-0.413408047709723,0.105226751336476,1.96509475358653e-14
"1104",901.79,0.123765253747238,-4.28572211333325,-0.888856274547535,0.33715927774569,0.179295134619298,0.950989595275376,-0.85508925250387,-1.10306737548332,0.379040639958164,-1.04525382850653,-0.642990125932321,0.794707037020566,-1.8623991238087e-14
"1105",902.29,-0.039698328932652,-3.23856619339007,-0.436167265341839,0.706618700428142,1.1307691595908,-0.474894494740603,-0.987515139922326,0.0640840238605109,0.330756060692717,-0.17792600985226,-0.35452036955413,0.426377669211303,1.36002320516582e-14
"1106",902.79,0.68700047885706,-2.63723327764277,-0.252460946461954,-0.0106221293356585,1.30857395477181,1.25346054781506,0.644307770363886,0.659779273883871,1.17942052571228,0.0915712734857509,-0.523836512419651,0.0697945011456717,2.18020046460765e-14
"1107",903.29,0.216155874451944,-3.20741562818804,-1.34601145756188,1.09051730800646,1.94442222499738,-1.25752586166142,-1.54778325810553,0.931580719060426,-0.199770837804224,-0.0159779484330788,-0.686513517404301,0.0993329610502441,2.1316282072803e-14
"1108",903.79,-0.00176815910454295,-3.30942913659664,-0.741000876155333,0.849967564962808,0.695079624378432,-0.0284095045385104,-0.0852859886739514,-0.30889651139336,0.0989211848893481,-0.580937490535526,-0.0819031010337712,0.0562728917418418,1.87627691161651e-14
"1109",904.29,-1.40337679082066,-2.67668408305271,-0.857568152973264,0.125363164178356,1.40814337186939,0.0407043637176657,-1.06861981145682,0.380288426056768,-0.141298267576045,-0.435029333635688,-0.185346348890382,0.00755371844656741,-1.16018306073329e-14
"1110",904.79,0.875118199867985,-3.17272131007025,-0.967066159641827,1.27839955087684,0.414849487367376,-0.619492593576028,-0.602916623872043,-0.209402650276362,-0.511553335738101,-0.504202576553797,0.0138031618455899,0.214276021310786,4.05231403988182e-15
"1111",905.29,-0.641466945141182,-2.30545449065059,-0.719347996493191,0.602255986637589,-0.335192809015058,0.486899869373883,-0.369558440278557,-1.16208718166445,-0.859753763079239,-0.754184051508076,-0.19110443668377,-0.365550652144294,-2.43251599418848e-15
"1112",905.79,1.06751531515108,-1.8949484524657,-1.9415599390093,1.05420723944977,0.531277210322283,-0.238072394441298,-0.8137532498551,-0.83153818557713,-0.491828712143208,-1.05894488266187,0.0125718453610097,-0.264824264246786,-1.40443212615082e-14
"1113",906.29,2.84610676377134,-0.78417648262556,-1.53856806717606,0.758694298267695,0.486492775366528,-0.289073177602595,-0.276572576357967,-0.359011476432701,-0.0673015278847898,-1.00041106604775,0.105005911308985,-0.0831953574037213,7.49400541621981e-15
"1114",906.79,2.86028587056005,-0.865970890731751,0.611171980000341,1.02660002289353,0.863059949905602,-0.00260964452273943,-0.261028212680067,0.830668497395263,-0.0729863910621729,0.924709793384273,-0.0914512737693909,0.188148774439489,1.32116539930394e-14
"1115",907.29,2.63898706494468,-0.0943249496972295,-0.61465824820771,0.0826925670197311,0.284470209747023,-0.0363900318413124,-0.792712039292265,0.0830577910177422,-0.21368792982443,-0.769206727840497,-0.556379354916199,-0.150754886129312,2.17603712826531e-14
"1116",907.79,2.45610242863764,-0.215248059646305,0.194709213654712,0.834062222073974,-0.578348680518018,-0.298914952717077,-0.790195247618567,0.323246920259003,-0.616808068530792,-0.103567657450761,-0.281526697574828,-0.191090944078644,-2.51465515077598e-14
"1117",908.29,2.76790234264855,-0.00623211893500458,-0.601180589581066,0.709090359142819,0.658137615201866,-0.930115408012377,-0.507586532928083,0.336774122428129,-0.81942340714936,-0.235891868929853,-0.220202919641654,-0.172580280972801,2.23709939461969e-14
"1118",908.79,1.73533097139721,-0.442340839726972,0.326387498873243,0.247051557324036,0.0553973833992145,0.275075699773673,-0.376817611179913,0.282871184594879,-0.246208204264392,-0.15559727514237,-0.270439328211852,-0.269025266312748,-7.34134975033385e-15
"1119",909.29,2.45139680270986,-0.733875146635792,0.67223573697196,0.184547407278915,0.575420256373464,0.24583841721883,-0.00833482072198245,-0.217304365789535,-0.427445960003918,-0.03281042451783,0.125017911190278,0.000666476110148867,4.05231403988182e-15
"1120",909.79,1.34101185510617,0.263523508920126,-0.213363931875254,0.159183308322742,-0.137847609958603,0.416213268324295,-0.810091915050246,-0.334952043048264,-0.359674706206528,-0.686546777378846,-0.45877801400474,-0.512114015246493,5.73499581157932e-15
"1121",910.29,2.50430534215999,0.233088686868868,0.46057713186641,0.0694356728697534,0.119665306828087,-0.0679651787775432,0.096504632620248,1.23075314396629,-0.248275572665407,0.132481714304131,0.0581883042733971,-0.0619266307738394,2.3037127760972e-15
"1122",910.79,2.89932529380114,0.45147051242755,0.685129579105279,0.925722431179541,0.298411487006704,-0.973104357247592,-0.100963741481074,1.05427774363995,-0.584164094045353,0.890142808998155,-0.019466792974342,-0.192444254859676,4.94049245958195e-15
"1123",911.29,2.85319470253323,-0.353853004624583,0.873988970199178,-0.689172008849353,-0.192213287495898,0.170539495635971,-0.69381345253647,-0.249799072904463,-0.547588588893342,-0.0102600170877319,-0.0696580979516701,-0.150943136446175,-1.92484916894387e-14
"1124",911.79,2.28962453095783,-0.0353786099762834,-0.0658965893430831,-0.216756104021103,0.598790536346082,-1.19063944082212,-0.880413315404679,0.656614028764417,-0.669690547518088,0.354857684696091,-0.148387150458108,0.116164533122829,-1.02140518265514e-14
"1125",912.29,4.94665452849869,-0.266857077245046,-1.08976226114674,0.105638702883722,1.47082870791322,-1.46156854255639,-0.114739427061672,0.4470501477162,-0.113955326754233,0.168406918103478,0.127093614910932,0.37728705032306,-1.55431223447522e-14
"1126",912.79,2.00051093701321,-0.79187980938162,0.309091084263469,-0.348795360791759,-0.367406682078361,0.640667328861955,-0.821745514767216,0.549701623998751,-0.157544545350905,0.521161791197553,-0.191415815908845,-0.116866071605004,7.48012762841199e-15
"1127",913.29,3.615550629605,-0.351557347566059,-1.23043191713818,-0.530578589612608,0.577366894993538,-0.578314390408878,-0.86863493030646,-0.0537695016529552,-0.240716280497081,-0.457573065100738,-0.0975497081147141,-0.0628235774024245,-1.34336985979644e-14
"1128",913.79,2.20962470171434,-0.835451476162007,-0.143774848234238,-0.299092382303083,0.00909704927200888,1.00016437646733,-0.820146950226662,0.0664648093588781,0.259647743134701,0.22239909992343,-0.175438878610346,-0.0318919096827751,-7.98493215992124e-15
"1129",914.29,3.40217304311855,0.235901895152279,-1.23456987990619,0.151214550843453,1.25300039130965,-1.07729933806761,0.535497023214926,0.656054005640798,-0.585679429695639,0.976042652717843,-0.0079934543585277,-0.0871462820606619,-9.32587340685131e-15
"1130",914.79,4.19711224665384,0.412990477556065,-1.19112433979356,-0.115364068420524,-0.069184118551509,-0.465432321706839,-0.858057554653496,-0.0763777719389976,0.110153025244909,0.197140493838045,-0.38884381476153,0.000840505568059917,-1.65423230669148e-14
"1131",915.29,3.20044253500312,0.870354890237189,-1.02402455122013,-0.12127573470066,-0.687707250264758,-0.514393891441277,-0.741342595078886,-0.714495719483126,-0.365086944370106,-0.0386875953780903,-0.281542118807636,0.00238703953193925,-1.04916075827077e-14
"1132",915.79,1.586022864309,0.45762839791183,-0.716155399770824,-0.571118134680835,-0.41464824571651,1.03919977292198,-0.0631532919874943,-0.119017659001583,0.528188071151348,-0.230216304182362,-0.28978524002634,-0.55826692604965,-1.46410661372443e-14
"1133",916.29,1.98542938315755,-0.0180331507205348,-1.7093476088331,-0.150436129305796,-0.440663315645425,-0.285775864355774,-1.15533524384571,0.439786595345308,0.0974559926179416,-0.170114478631646,-0.60096246928042,0.0862412235022467,1.36002320516582e-14
"1134",916.79,0.38459716982281,-0.554514501374051,-0.70473700179568,-0.839130472386311,0.240748065954348,0.66929563659826,-0.679108544258654,0.246726962119735,-0.139990668416841,0.936781909706005,-0.377719385844275,0.115685454483176,1.87627691161651e-14
"1135",917.29,0.829409028634857,-0.467322510919693,-1.51916472723425,0.317061045279793,0.0280281699437594,0.248376654230629,-0.723461879377186,0.247432887280581,0.171340718944563,0.939053259289304,-0.199208033336077,0.00754247133178071,1.1740608485411e-14
"1136",917.79,1.19342889551508,-0.160780995788325,-1.68686360897928,-0.450896463793921,-0.479761516879241,0.966791237025758,0.19167155853554,-0.475673526939016,0.281560554524264,-0.085290873348136,-0.176339186924444,0.277028073137516,-2.91433543964104e-16
"1137",918.29,0.662360364143833,-0.0098789807501298,-1.30844367784505,-0.598228180333476,0.76124568966516,0.259846297896699,-0.471150019337262,-0.384075741032854,-0.0384309411437138,0.350181586910278,-0.413807263405011,-0.0301578961282554,3.99680288865056e-15
"1138",918.79,0.468413802075586,0.0884451393994699,-1.91279243140901,0.269851469257574,0.884576718710181,-0.74814203742138,-0.182090855984185,-0.0229216743256404,-0.405638704419463,0.210308785121549,-0.642684185018565,0.083146302537776,9.43689570931383e-15
"1139",919.29,0.687016773113626,-0.378406419943262,-1.46228371609397,-0.116681931081881,0.147299582348268,0.853482205343553,-1.77570392349643,-0.440108585496873,0.393728492155219,0.193890533297684,-0.778446758732269,0.0349001249313886,-1.54876111935209e-14
"1140",919.79,1.74045010580019,-0.0430078434141102,-2.7676311348727,0.791097630798314,1.25928039269569,-0.520384351771714,-0.447390993632827,-0.117513406078884,0.0745174059867262,0.137544123506807,-0.740339195688197,0.22242183478984,-2.37587727269783e-14
"1141",920.29,1.25877158936805,-0.975941165768481,-2.00947063149763,1.07199636206441,-0.539921172837739,0.72057763297042,-1.51136713077218,-0.708242742302532,0.217671458258459,-0.0389377458653548,-0.977524948406223,0.154770952767398,1.42941214420489e-14
"1142",920.79,2.40822481160999,-0.266779733221043,-2.10096879227495,-0.417344124798412,0.37704591477551,0.479240486535133,0.430346268228541,0.654960983638191,0.672229848327487,0.55103187468108,-0.0205279321953083,0.00396434077913785,-2.40918396343659e-14
"1143",921.29,2.91149188715967,0.559128612889208,-2.03524319153805,-1.66576080390432,0.314525608124464,0.0971547683673989,0.484776854127562,-0.495955321866138,-0.171511444532999,0.431251820354554,-0.425614948182989,0.0264419309815722,-2.83106871279415e-15
"1144",921.79,0.659464508501047,0.371814097559462,-0.866817176705419,-0.936281441370613,-0.198785813071329,1.4786900075498,0.0118517252515943,-0.93012795069243,-0.268468049612411,0.792227767287181,-0.645064060652475,0.136874558500108,3.27515792264421e-15
"1145",922.29,1.03103512711925,0.474602449719888,-2.42344605831315,0.00689173447380899,0.639208153841167,0.544255978239624,-1.82767491907303,-0.0348107284880461,0.396975690007569,-0.069756931253832,-0.309418988240462,0.281588172709397,1.63757896132211e-14
"1146",922.79,-0.0629347338025266,0.0909578798187159,-2.7964178576089,0.785905559819598,1.90720993161824,0.331635735924785,-0.838205817214536,-0.216696466691623,-0.163339982949117,0.105280042753427,-0.254406887488548,0.217730807890591,2.02060590481778e-14
"1147",923.29,1.04600012830357,0.759998536415102,-1.54448783793424,0.121333863834924,0.994372333092474,1.6968014001285,0.124801986401463,-0.701061067435365,0.167627791041977,0.209707802572764,0.222549313518919,0.132085775902,1.13867248963118e-14
"1148",923.79,0.420493943051125,1.88858774297144,-0.907629262318816,0.536944106199322,-0.91761694031193,1.14827931950788,-0.991634914229122,-0.751134200379961,-0.571721587421661,0.688203009742696,-0.299737942286456,0.0639623256421903,-6.99440505513849e-15
"1149",924.29,1.43050504168368,1.65787027951165,-1.26438970708349,0.646918219758052,-0.0249324711531003,0.630957591115412,0.15369514593602,0.0111404290122143,-0.322042922224942,0.758689931656185,-0.00657897139467839,0.133851414251498,8.9303564543286e-15
"1150",924.79,0.634841291431858,1.98568180187202,-0.869992540761248,-0.431645155995194,0.3390167000788,0.256405289739264,0.153647476269824,-0.825827886800398,-0.776808127822508,0.828526377025675,-0.268570620091494,-0.251182886831276,1.76386683037322e-14
"1151",925.29,0.184757189057106,1.58154337718866,-1.17361607773657,-0.997631461113715,-0.114257342794595,0.954488392801913,-0.0396401900790979,-0.124287700596571,0.598027236797608,-0.0645258055460299,-0.125800557137485,-0.0961424245569806,1.94289029309402e-16
"1152",925.79,1.55453067858518,1.46168537849299,-2.77725801043008,-0.430704053678696,0.710664143518362,-0.418328414105716,0.36884604755792,-0.563842156321894,0.0414726976004358,0.10069576897935,-0.197377474344441,-0.166530762959342,-1.40443212615082e-14
"1153",926.29,-1.0198899563509,-0.233261944154986,-2.50914398677732,0.121899440959625,-1.56278122651994,0.801359954487181,0.16151526158671,0.00621482247845477,-0.208414111303484,-0.0536359796091104,-0.270721528943486,-0.039009202530299,5.88418203051333e-15
"1154",926.79,0.298110359702065,-0.876920354783779,-2.7685018700942,-0.484151361079606,0.0368058832264783,0.947043513122011,0.302419163127108,1.41489846950139,0.904375134740421,0.38423497195139,-0.0261897684462715,-0.316671240371842,2.20379270388094e-14
"1155",927.29,0.71421131542975,-0.798368529020226,-2.95559636140455,0.462107098433521,0.0439216237401097,-0.323037683898369,-0.148727659012338,0.572195114195859,-0.0541071721289513,1.04398418204811,-0.541690743674526,-0.506881357991072,7.21644966006352e-15
"1156",927.79,0.600107814241604,-0.590808934521329,-2.64751373285352,0.790431127456703,-0.580438915923936,0.771080290322241,1.30026369753569,0.417905085503015,0.824425177519466,0.124954966370794,-0.0720790054935636,-0.0802250755483631,-8.16252447577437e-15
"1157",928.29,1.66746676497563,-0.482687741755842,-2.76858605434008,0.814195070811239,1.05298644273782,-0.809624482281609,1.08581144322072,0.129265322490625,0.616880502817988,0.477360077723699,0.15932363977777,-0.310906857409006,-1.02140518265514e-14
"1158",928.79,0.161313425574374,-0.521073617864798,-2.00376594080888,-0.147911885002206,-0.900620373788104,0.598118783622081,-0.29936746200725,0.022538653854944,0.812201491082281,-0.215502477526923,-0.0907968263246298,-0.383313760432022,-1.870031907103e-14
"1159",929.29,-1.15965233356023,-1.36971439261969,-1.53416488630407,-0.542164476175024,-0.758840833828688,0.971351902871095,0.744540384603741,-0.414587927089447,-0.323609453591031,0.147934287611659,-0.232792243164416,-0.195573585509616,1.19626530903361e-14
"1160",929.79,-0.649436523734637,-1.92603750262465,-2.86493649874836,-0.793714014151035,2.19859332323735,0.861636524214323,0.0423663133149951,0.388585165262583,1.03625840621187,-0.383664358106318,-0.100334793086478,0.0074601644100921,-8.10462807976364e-15
"1161",930.29,-2.30343565309714,-2.59989467213843,-1.52575005318938,-0.103664473770585,0.754062297392719,0.701573640770807,-0.21039183126743,-0.235678321666045,-0.785375215312528,0.640974331601198,-0.693369023840342,-0.0969119275715468,1.67643676718399e-14
"1162",930.79,-1.02716071612482,-1.67917167345846,-2.75411054390403,-0.746313580737749,0.725978498477741,0.996465813098389,0.0463655230546701,-0.424342847791935,-0.487955405703132,0.494180971935734,-0.371518102959299,-0.236486121204776,5.60662627435704e-15
"1163",931.29,1.29529676915834,-1.72734244184896,-2.91105165872394,-0.0147663407789259,0.245265694714664,0.727418706610413,-0.0629322577040926,-0.765985889905535,0.506425728212315,-0.213877352379957,-0.0749489513390818,-0.16601641728973,4.32986979603811e-15
"1164",931.79,0.530545412356278,-1.80778265796121,-0.921709204174071,0.497616901935508,-0.0839432336822305,0.958133238448023,-1.16866509945511,0.11109437211191,0.588956530522295,0.919813924308341,-0.35300511305336,0.0315285056651514,1.70974345792274e-14
"1165",932.29,1.23533420374334,-0.61149575974518,-2.00467371856162,-0.715175551895879,0.553572841367113,-0.0878419083725226,0.390777486793472,-0.216359111703562,0.0918841963345632,-0.00994901053489237,-0.380612876348753,-0.0445537176718209,7.27196081129478e-15
"1166",932.79,1.62346270648935,-1.26644489495312,-1.5841687593235,-0.724065827717369,0.554927364620399,0.0809417976481758,0.837950736711004,0.0383539647288464,-0.037857599390235,0.233356044730275,-0.0829702438369405,0.250372545593011,2.22044604925031e-15
"1167",933.29,2.31534754198975,-0.588678762168397,-2.19252598571269,0.00350554430790215,0.761831413037961,-0.895818091404077,0.032099546171349,-0.191567762484738,0.263328666576293,-0.149805736871241,0.0717054315234112,0.0256440997276932,-3.66373598126302e-15
"1168",933.79,0.379495865880575,-0.909482041315791,-1.22928715846888,-0.359997251309349,0.185710220509765,0.528380409793466,-0.252885579755183,-0.554416801034118,-0.137162469231053,0.0107222409690989,-0.310620644724167,0.307399459689431,-8.68749516769185e-15
"1169",934.29,1.30945191672864,-0.149847619081698,-1.2854526707251,-0.870086412185832,0.922432267947627,1.06745914310298,-0.533024385549254,-0.145675714879767,0.909413913304319,-0.107348679539476,0.00974788430062038,0.0372460971351305,9.4091401336982e-15
"1170",934.79,1.15624548243769,-1.41830369364173,-0.632881538902061,-0.358010805231582,0.557676691653495,0.655405887356147,-0.859155009687734,-0.627110645208616,-0.516064620073912,0.166907654631752,0.100695163305603,0.135097391555464,-2.55906407176099e-14
"1171",935.29,0.906231773973178,0.645217704798219,-1.67339194990395,-0.492964017772083,-0.619194547996983,1.25713832714758,-1.48918541068163,-0.650384980885442,-0.295272478600634,-1.44810786564564,-0.117894003370329,-0.0265795773987514,1.88390969491081e-14
"1172",935.79,2.68109886798129,1.70781316241847,-2.08354466412156,1.12851817588013,0.423440170263798,-0.0537864355754627,0.642259534914841,0.621126030002509,0.00832033025549725,-0.225536489374721,0.304292612561455,-0.0461999048326897,6.0507154842071e-15
"1173",936.29,-0.979764827143793,2.0148533218629,-1.3309927020488,0.301724617185831,0.148875131299927,-0.428406464687363,-0.756707861312227,1.3694840375344,-1.29883567804382,-0.306951945164374,0.0650670631245735,-0.0754040037408307,1.45716771982052e-14
"1174",936.79,-1.07766063513351,4.53699502596981,-1.61197092243543,-1.1829118601349,1.54074727787743,1.50265064442162,1.69325661781415,0.826025322291493,-0.109669887792487,-0.486046868733174,0.262163016186539,-0.0259678271111789,5.94663207564849e-15
"1175",937.29,-0.25468249105836,4.0014992760239,-1.16355733001909,0.735456741991484,1.70127027698482,0.423092811804112,0.710304009304321,-0.307066184283566,-0.337025181346347,0.72045649360829,0.278462489569344,-0.281548930313964,-6.30051566474776e-15
"1176",937.79,-0.800292157241626,1.96730640267957,-0.697337755735576,0.161150565891154,0.988505018190025,1.47100390776774,0.989255016384665,-0.970435787999518,-0.793744335710344,0.40309825023153,-0.161243400487464,-0.318765721823841,-7.14706072102445e-15
"1177",938.29,1.05860002371057,2.00264293272062,-0.159881122563585,-0.267092043661809,0.306596977349962,0.0329102957284602,-0.922029060326686,-1.10750070784417,-0.571654967384657,-0.260886296532654,-0.168497349349659,-0.47170534978718,-1.46271883494364e-14
"1178",938.79,1.95657635249352,2.05330265563639,0.348516158947061,0.90634084299937,0.181776969702944,-0.325304154116615,-0.268734082403918,0.274800599458309,-0.125381963583944,0.444988395643691,0.418889898857477,-0.151377125541274,2.18713935851156e-14
"1179",939.29,0.502118244108504,0.934446888939209,0.483036540881511,-0.101948955117889,-1.27957193241686,1.52005487749142,-0.954770100730098,-0.343052976249391,-0.0951594993605597,-0.0950650679441388,-0.224559297642506,-0.316868712829227,4.44089209850063e-16
"1180",939.79,1.7472297274075,0.267332875624979,0.328429299721721,0.0510827411312452,-0.81022958123043,-0.353921283520545,-0.691842008912694,0.065042217739768,-0.78062612026243,0.305646027808764,-0.41563326234751,-0.0844452678499177,3.57569876485719e-15
"1181",940.29,1.88070407090138,-0.043033622359627,0.290248828720869,-0.0815093498397209,-0.989335182375321,-0.179772099490641,-1.52957169571807,0.389932378294226,-0.073015964091165,-0.213045161739922,-0.175128329568007,0.127273992174182,-2.04350425470068e-15
"1182",940.79,3.22154077589085,0.55401690028881,0.782170200888767,0.0629266100069723,-1.44014208108132,1.03844127107652,-0.141524015695988,-0.385208550469947,0.81994458865172,-0.107357237508755,0.315665974628261,-0.059402036410054,-1.2490009027033e-14
"1183",941.29,2.91780994470568,1.39849505077617,0.630688103680605,0.296776352966994,-0.413795687216319,-0.648914148998303,-0.90403322519923,0.539596980274278,0.0226152635007896,0.732757992999672,-0.0715073889418988,-0.452126022703295,1.05609965217468e-14
"1184",941.79,2.74267104478738,1.50152913834538,-0.0643136551873918,0.492067435715473,-0.596410025649436,-0.993636854069962,0.525657607542675,-0.185814253574701,-0.544795832740632,0.210278857301181,0.000178016484932765,-0.23442218776093,2.58959520493818e-14
"1185",942.29,1.89728375945609,0.75188324954204,0.290744482881992,-0.572006480542817,-0.378555496916236,-0.575155308125451,-1.59190891412996,-0.174835989335873,-0.233370262094637,-0.566384131248918,-0.258503672825203,-0.122323204048015,-7.28583859910259e-15
"1186",942.79,2.81031810738221,0.960351436784776,0.242051646299485,0.360243905415636,-0.0711822556403875,0.0366048204343272,-0.530424452173777,-0.0981913987214883,0.843789299845846,-0.125898516553488,0.0503102635023915,-0.407495366039112,6.21204476747295e-15
"1187",943.29,1.95159885118,1.41308433027139,-0.128419144874289,0.530158778560384,-0.424519340668981,-0.546993503976171,0.274562371994822,0.204371250426309,-0.255153845346322,0.496193942853437,-0.254681553343258,-0.451275377340079,-1.74721348500384e-14
"1188",943.79,2.88998759861867,1.19257512575414,-0.239676851806981,0.899358100729261,-2.43690456324912,-0.11239953274564,0.0533868538674451,-0.694108382908374,-0.274834183387783,-0.734981342670196,-0.17168966347736,-0.173532278785404,-6.49480469405717e-15
"1189",944.29,2.66676988456033,0.867921832290568,-0.0230872307764558,0.686773746771788,-1.60105235757114,-0.198368663337663,-0.0981388737249643,0.0611146531629454,-0.12461423257875,-0.00895658262048513,0.257313264758292,-0.025082412965635,-7.74380559676047e-15
"1190",944.79,1.58581253420265,1.15063828665939,-0.129475738694785,-0.11491513420682,-1.57677230276522,0.667903766848532,-0.215456855985119,-0.56367121139795,-0.141739439074236,-0.298781636265029,-0.070830553572232,-0.338324824357198,2.12052597703405e-14
"1191",945.29,1.87495151440424,0.873953454084202,-0.601444717617138,-0.648907425121559,-0.588468678104168,-0.198014539333941,-0.834908027261532,0.223520586782434,-0.218921670468842,-0.338784008710765,0.200148057482977,-0.141616622458513,5.14865927669916e-15
"1192",945.79,1.92635501844365,0.913058494057436,-0.598240057733548,-1.29057853441756,-0.358735145777968,0.286364859698478,-0.53371756794315,0.144699904311349,-0.103146524195864,-0.11368714019074,0.10122659799483,-0.132897928465763,6.27276008913213e-15
"1193",946.29,1.64482261554651,0.0956092919194748,-0.85144490527738,-0.434733906445768,-1.74893966408927,0.273016752504716,-0.331635596066626,0.165023329524736,-0.458416751423734,-0.157609210325548,-0.0617765103874353,0.0997579287506921,-1.19626530903361e-14
"1194",946.79,1.68639991642128,-0.046192051761631,-0.840752468311316,0.133362741987569,-1.86103777804104,-0.464639139502391,-1.47280069547164,0.240459564631046,-0.498802745882075,-0.480023641862879,-0.198576193319298,0.294815317645778,1.21083698623181e-15
"1195",947.29,1.07934159147901,0.522773110635654,-0.356840950113666,0.546632437378662,-1.56576453203484,0.204178793281353,-0.0392710702898075,0.279935520890601,-0.135558798132965,-0.244087649567579,0.138656937146233,-0.0903651807640558,-1.45439216225896e-14
"1196",947.79,0.282296824051348,0.560624033307221,-0.368759019213229,-0.194807285263777,-1.18986999947165,1.03837440535991,-0.448211251026809,0.440861881446238,0.172286867339413,-0.454445607613798,0.125283286628704,0.313836453168311,-1.78190795452338e-14
"1197",948.29,0.191774151923289,0.957623592900306,-0.764963704240179,1.05223042231516,-0.762447356063772,-0.00306961090180446,-0.0957193474021063,0.702341808761671,-0.391376781187122,0.01609456586499,0.170846441131684,-0.0152681986708008,-1.20181642415673e-14
"1198",948.79,0.105038263703484,-0.31448762138767,0.263485014572177,0.284753285557725,-0.906343725952286,0.566670730899337,-0.610240388325616,0.309760516950554,-0.35755541208544,-0.142845853234965,0.203324945648458,-0.144921981947771,-9.43689570931383e-16
"1199",949.29,-0.0234232553537842,-0.174328664564512,-0.418159588512449,-0.103215037448944,0.783887646009551,-0.725601674256624,0.656634629946267,1.19690331970049,-0.696565991656026,0.00756765921132191,0.39112849121313,0.144801219023481,-2.22044604925031e-16
"1200",949.79,-2.93220192602306,-1.51857435330031,0.613876172751282,1.02029306500173,0.022616072948602,0.534836918265885,-0.842725899506156,1.02721211266688,-1.12002345704096,-0.065286148678079,-0.0641394457751027,-0.104890641763007,1.30034871759221e-14
"1201",950.29,-1.62447781710171,-0.400331635382636,-0.948422165391356,1.86115784885799,-0.596388098784044,-0.629036579544074,-0.0591737707113059,0.697777072412399,-1.30158158495704,-1.51165967041849,0.309911900433822,-0.0441486823213373,-3.46944695195361e-16
"1202",950.79,-2.810736006742,-1.08641093594812,-0.342860934868832,2.24597606143532,-0.546907518890145,0.315289661377751,0.72787964709989,1.01157697494202,-1.56637734016755,-0.627865095204142,0.17165997221892,0.0229292047341473,2.1316282072803e-14
"1203",951.29,-2.22958918052248,-0.532635753729419,0.520128768781489,0.439406000850371,0.954413884061983,0.416099476118056,-0.0113333603614535,0.653313647263717,-1.46120843871975,-0.76107072206833,0.514519940516331,0.230202608252739,-6.32827124036339e-15
"1204",951.79,-3.00535093399255,-0.276182309179103,0.0753177615519649,2.63123496336401,-0.399404637409206,0.44206510651749,-0.987336301665074,1.61037685559011,-0.947379095074828,-0.537811016242985,0.366457343076811,0.253897337269355,1.65700786425305e-14
"1205",952.29,-4.44967186028144,0.622481006566045,-0.69538409901806,1.67048486511995,0.069994745909622,1.22793382333087,0.14501589908361,0.867527940607719,-0.726131870269491,-0.28040274593284,-0.470091783223475,-0.640212824019168,-5.44009282066327e-15
"1206",952.79,-3.00034944943857,0.0508501594675408,-0.82610895818042,2.54580864274637,0.689670381276215,0.146791928700349,-0.327601750674928,2.00037514603489,0.234482414899545,-0.232044011852093,0.276451092845273,0.227132688080978,1.80619408318705e-14
"1207",953.29,-3.14474581931484,-1.203588556725,-0.384233405375686,2.16868461724491,0.259444056374785,0.405596402518843,-0.515894176196209,0.459589025630593,-0.0103507398266041,-0.227742336198006,-0.379791216098062,-0.287659556789073,-6.32827124036339e-15
"1208",953.79,-1.2598007703336,-1.90966435911558,-0.0801591810272292,1.25998303255413,0.855975370277556,0.118711682279272,0.734032640578611,1.00535149782044,-0.154023467308935,0.122350802321207,0.148092407696515,0.278002128640668,2.15660822533437e-14
"1209",954.29,-1.39370439426596,-2.50113251458958,-1.16234778255714,2.19453008045704,-1.26284274704569,0.188283359966596,0.0713664352635988,-0.0489805034030341,-0.0592643359242573,-0.781990691274113,-0.391610037501019,0.116103072512702,2.00950367457153e-14
"1210",954.79,-3.12454112107653,-0.764541287826234,-1.83534869554296,1.66606856818445,0.868461419562633,-0.730681717806539,0.439970302042728,1.26395023376116,-0.67534258480202,0.101329122480432,-0.404009341878626,0.126854250054056,-2.09832151654155e-14
"1211",955.29,-3.88924249417994,-0.321961548521329,-1.50834629945262,0.274656269426641,1.20889455852038,0.241360440531072,0.511287389709387,0.221482744319868,-0.733771581970132,-0.245341692167247,-0.627077034220029,-0.229629616502398,1.08524300657109e-14
"1212",955.79,-2.81576119343957,-1.04893315143887,-2.14050071000593,1.03963845509552,0.294913593651899,-0.89496480329751,0.572397103826173,0.249272815773114,-1.06702529904879,-0.85570193782242,-0.5433579043615,-0.0876568914169643,4.88498130835069e-15
"1213",956.29,-2.45371305491705,-1.44037959257361,-1.64155808601744,1.40145602888673,0.804623367981075,-0.822215593044088,-0.0695788612386604,0.63748452630725,-0.492417054586026,-0.314945981973411,-0.322304099127157,-0.333327872360963,2.52575738102223e-14
"1214",956.79,-1.62598447681636,-0.935720154428735,-1.74415986067528,0.437714195123588,0.600866992021219,1.48165388194173,1.74543721204688,0.513071819961714,1.13171566751977,-0.0428500096012682,-0.0682143639067504,-0.0944277800345838,-1.86656246015104e-14
"1215",957.29,-1.99191609553216,-1.94044493373366,-1.74819686573207,0.425605517707495,0.924632440643465,-0.110164112178561,1.50352534525752,0.365571969204266,-0.70030296147842,0.34802254653224,-0.417451533880763,0.226463366791177,3.77475828372553e-15
"1216",957.79,-3.34519218595178,0.0499879937354494,-1.25023817205376,0.282880356254269,1.03231953057184,0.653368221687736,1.79495541535679,0.441482735940924,-0.0711674963219975,0.189752254426258,-0.821348920025259,-0.575473350187174,7.59808882477842e-15
"1217",958.29,-3.59312665479151,1.22615992585736,-2.23261993347638,-0.375397543293174,1.05282941698841,-0.334773911953228,1.65726833542113,0.618081002742899,-0.814427944677578,-0.646639546716793,-0.638735921283948,0.152174479379137,2.72004641033163e-15
"1218",958.79,-4.62581734399429,1.19479815708503,-1.12770353612104,-0.169828334661557,1.23773482158617,1.13310953608259,1.23695693800587,0.927288140920009,0.355399996771962,-0.46061489592558,-0.419951791941035,-0.303790571912386,-1.1143863609675e-14
"1219",959.29,-1.77048837540847,-0.759217810960379,-1.39220782007402,1.42810703566777,-0.629152161760413,0.200167275788566,0.154461923416469,1.04773693318541,0.711598957415095,-0.66175317163642,-0.253790658284089,0.244700498635348,-1.96925808992887e-14
"1220",959.79,-0.921147494190475,-1.30639771995746,-1.06661459493175,0.0946922051809932,0.167344130974283,-0.138258474573067,0.805178104012125,0.830524345292253,0.195840852397972,-0.422401475061171,-0.143244449024717,0.175267993572474,1.10744746706359e-14
"1221",960.29,-2.37394166199703,-1.00875234779485,-0.948841559440511,0.502958048316263,-0.989355344393475,1.29670473739593,1.99588953301466,0.597836371207481,-0.725614992662278,-0.378214353043989,-0.317110506530069,-0.0999203517566592,1.02140518265514e-14
"1222",960.79,-1.28937575113753,-2.29362168906648,-1.21310169112259,1.48877245149313,-0.09388598328744,0.0621820579183738,0.141767185537324,0.683960227057694,-1.43831286606049,-1.30559030970376,0.19441045496691,0.436958731001282,1.4738210651899e-14
"1223",961.29,-2.15867451912751,-2.86061966568492,0.394944401129188,2.23950380077263,0.476056484710135,0.339299590821889,-0.768093594145265,1.81357599961709,-1.33943740636015,-0.245080359029777,0.450965714509519,-0.0337595517213361,-6.70297151117438e-15
"1224",961.79,-0.0720029117669768,-3.24002509011481,-0.464640598683654,3.53967817503495,0.403432896976054,-0.576369519999326,1.59869349060469,1.49238004403906,-1.24801247083159,-0.440539888837621,1.02085051503016,0.0132751151269664,-1.55431223447522e-15
"1225",962.29,-2.2150685376121,-2.9838245532194,-0.162147827470249,2.35190711485437,-0.00526050264298207,0.760139055888382,0.513032163831251,1.49784891695262,-1.30506846418611,-0.225434453538812,0.0678595926043224,0.155636600661855,5.05151476204446e-15
"1226",962.79,-1.02192777416368,-1.42110076911958,-1.71013124018456,2.10279114638847,0.36193599463275,0.70049506685601,0.915349651094448,0.67146085666142,-0.754667978094044,-0.347555244629502,-0.0811441825040956,0.0389822702806906,-4.42701431069281e-15
"1227",963.29,-1.15805689162542,-1.63603240585911,-2.55077089011428,1.90208990852755,0.420762637086019,0.110122219110029,-0.3749454454811,-0.0426895332752099,-1.4817704425251,-0.393341613093071,-0.457686567350273,0.15319123112433,5.71764857681956e-15
"1228",963.79,-1.5457409994834,-1.88598617871698,-1.77063041678334,2.55121725134938,-0.248505534256362,-0.0814514811306551,-0.671710801414813,0.505334576831375,-1.15716431370185,-0.292305100012719,-0.334529523745887,-0.0964786235271913,9.15933995315754e-16
"1229",964.29,-2.06520659739122,-1.16938989780662,-1.13241884355648,1.46920469509227,-0.89688398877936,0.582023731027993,2.63937256134052,0.695363660879996,-1.5985010620774,-0.478955414349303,0.176956164405006,0.305071065472846,-2.50910403565285e-14
"1230",964.79,-0.891708035210145,-1.75295267046493,-0.815166709646871,1.55086447251271,0.773840555259085,0.690620630278489,-0.223308384052597,1.51613260955337,-0.0885062703377827,0.751002507675668,0.0793448594758805,0.571058404208958,9.4091401336982e-15
"1231",965.29,-0.934515902967359,-0.973159256375903,-0.468799796006228,0.425137272806522,0.364318159604696,0.802290068276125,0.815083230363882,0.861928940776017,-0.421455743012487,0.732769065007587,-0.418538651154309,0.28073976415534,-2.52454307458905e-14
"1232",965.79,-0.919826315010325,-1.05812657515243,-0.437529872669998,0.295743079981131,1.18174351602699,-0.0015502990724926,0.101086742109407,1.15549471805669,-0.206389069937104,0.185325809343481,-0.428224995629385,-0.012101832918927,9.49240686054509e-15
"1233",966.29,-0.454737067679697,-0.826438458471834,-1.23946425534766,2.00345756564777,1.662534288347,-0.595042481858135,-0.306395395548856,0.680345992828982,-0.441024075098765,-0.0876728445584984,-0.237847947961655,0.0302974042364631,1.93178806284777e-14
"1234",966.79,-3.64124478813414,0.767558386299491,-0.666487127291241,1.35440808771826,1.826108120774,0.0793438840913766,-0.0184581779428734,1.19415968553098,-1.26474466686799,-0.139509268394806,-0.361539260948949,-0.284618346205058,-1.65978342181461e-14
"1235",967.29,-3.87513980158885,1.01240235425478,-0.0802904409165849,1.96040573699225,1.74455651281586,1.31550479498694,0.864956636619121,-0.159207037474285,-1.09700634922944,-0.280360119159674,-0.620778418910764,-0.586388151560998,-4.67681449123347e-15
"1236",967.79,-0.660160829422089,0.891860912266608,-2.05934226785863,2.87342953734992,2.44374713021494,-0.932485071133209,-0.0221596787060778,0.20729931077174,-0.249869564126478,-0.992793801608448,0.0177436721528846,-0.159526762611695,-1.15463194561016e-14
"1237",968.29,-1.88626002644896,-0.949325984937246,-1.73008990303554,2.44490463493465,-0.0683404872770831,0.450259079309673,-1.28643039929684,0.225793463553252,0.209328941782278,-1.01479150620058,-0.0753636618091537,0.0764914845461599,3.07809333577325e-14
"1238",968.79,-0.603090705835399,0.0271464965288797,-1.58243304434737,1.56739076919978,1.62942852862692,-0.974958550835276,-0.340006643008155,1.22846344344027,-0.095741737858871,0.198920723842905,-0.0705892379870826,-0.055889480740529,1.86517468137026e-14
"1239",969.29,-3.03520720769851,2.19956351106991,-1.83320036652477,0.682108229008175,2.09846511846307,-0.27715161746546,0.647445980068981,-0.0691350783918947,-0.43857819688132,-0.14657272345899,-0.454328065372809,-0.0685482215811698,-6.10622663543836e-15
"1240",969.79,-2.89779454507415,0.877499738204074,0.334485758458164,-0.158832340556602,2.24535244745661,0.760997600518738,0.833512788228676,-0.58583212693617,-0.524133308289668,0.812019724302513,-0.134224254793381,-0.109585451274394,2.22599716437344e-14
"1241",970.29,-1.74552081117804,1.40477100245298,-1.59943242924266,0.122973858684111,2.23618396412504,1.35137794993337,0.390073102193958,0.336744627043894,0.369180929358469,0.961983289723103,-0.0664339341603164,0.526158409404163,1.69309011255336e-14
"1242",970.79,0.503679582498626,0.212634480415563,-1.21983218530427,1.39610768052518,1.78721179639835,-0.769211215924521,0.691874633546226,-0.440703544621522,0.0410744553625786,1.08236631513603,-0.328604496421799,-0.37503177639648,1.19348975147204e-14
"1243",971.29,0.343152538596139,-1.2539498259879,-0.747436143173001,-0.678651921449365,2.04855389547199,0.999950054465714,0.441136915735883,-0.558899704156762,0.415530839587802,0.700593037887082,-0.221072510870814,0.0157882895537429,1.52655665885959e-14
"1244",971.79,-0.498499276598444,-1.17345957506274,-1.6783196029906,0.0959945144893893,2.18538551924073,-0.51819402235192,0.283112243518235,-0.326257339178119,-0.416784815118073,-0.0200468586603331,-0.392615270890879,0.0435664760154176,6.10622663543836e-15
"1245",972.29,-0.0258029455070911,-1.90673525058802,0.31479589205559,0.447202830370338,1.35525772318995,0.654539816605989,-0.420454906784251,-0.179876929592722,0.485836404458131,0.441786085515218,-0.00910266476082585,0.286209263290264,2.10387263166467e-14
"1246",972.79,-0.21885846227032,-1.78114405139861,0.45553386692216,0.989176891692437,1.84258819863528,0.635193889658722,0.7751597699339,-0.843101892632075,0.0660452826162957,-0.282638301420266,0.255759309406508,-0.17653975591337,3.38618022510673e-15
"1247",973.29,-0.344877157733072,-1.92596203016091,0.244941447913612,0.962056261429456,2.09916724033058,0.337595476709415,-0.129129732648998,0.0937108732302709,0.191631845918205,-0.651869551112267,0.40604555309757,-0.118427446524156,-1.82076576038526e-14
"1248",973.79,-0.396975114167571,-2.6067089165087,1.43918273544808,1.67975116924531,1.12936325120512,0.739491310135318,-0.235593944526135,0.928739960087986,0.154321739908566,0.601136741658975,0.313736499006706,0.109065727848777,-1.32211949721572e-14
"1249",974.29,0.700562261843225,-2.03738114773672,0.0118685742172715,1.47901159278401,0.464956402425906,1.01935072898321,-0.142640417690691,-0.180721813738628,0.647255665033957,0.0603688886263457,0.304869564188779,-0.0371882782481595,8.99280649946377e-15
"1250",974.79,1.62040982418441,-1.37061878758319,-1.4379806886217,0.660272980173326,1.19625665621058,0.34971101146859,-0.243218841305942,-1.0601469825767,0.559814924007952,-0.341228014923895,-0.232755330304228,-0.319143657270168,-2.33701946683595e-14
"1251",975.29,1.01091253201879,-1.69881534726224,-1.57509659355288,0.682428638015483,1.92492800988214,-1.06020821486932,-0.936002925824046,0.0323865818192232,-0.47389456984744,0.610257903678821,-0.0458411812756065,0.0292602364319584,3.88578058618805e-15
"1252",975.79,0.402032116924519,-1.11038203020272,-2.06670238575283,-0.659129018738783,1.82349923834592,0.32471461921787,-0.343133479641906,-0.276130951379539,-0.0702454966386387,0.358051253763788,0.0766254537473663,-0.193675961073687,5.55111512312578e-16
"1253",976.29,1.59670324860072,-2.02664789929526,-1.33087413346419,0.42936888236146,0.481087835241001,0.32961323968353,-0.362497807541514,0.186050597946723,0.398255768389254,0.44162009991411,0.0381478888836207,-0.0317756456590992,-1.99840144432528e-15
"1254",976.79,3.89037655753221,-0.826440277803191,-1.71989313342711,0.882126294886685,1.14378483546003,-0.994189171080238,0.617564202864199,-0.553732767676445,1.19908537521824,-0.760101037045292,0.616044299513348,-0.0516906261701086,-1.63202784619898e-14
"1255",977.29,0.410990156834228,-1.32667492474205,0.137885122334228,0.166316697027976,1.09367750001691,0.693911709390899,-0.811063914471144,-0.809429786533893,0.748344114092078,-0.180136850876734,-0.0568667059434219,-0.926270535177332,1.3086753902769e-14
"1256",977.79,-0.453789716210286,-1.3746046376729,-0.540470254384278,-0.0724506969755814,2.18960220764113,-0.38389491938894,0.381338779060893,-0.323275782458094,-0.0128260592513377,-0.243277298295912,-0.0536554515690301,-0.582374166530021,-1.66533453693773e-14
"1257",978.29,-0.885326748307072,-2.2137302086716,-0.209326882360764,1.10765586770093,0.943098751287444,0.332499475796602,0.584209661768099,-0.430491090735269,0.22868784382804,-0.240416889678302,-0.269333871846892,-0.202941786205249,1.57374113740616e-14
"1258",978.79,-0.922808447260734,-2.9115920742097,-0.0961295528914541,0.595258808121457,2.48413003960477,-2.0171287025618,-0.131959405243983,0.416218935245154,-0.851141184707642,-0.0689371077189579,-0.362375021447386,0.00839404639965238,1.59872115546023e-14
"1259",979.29,0.780054666382294,-3.61060328906476,-0.203568135851654,0.955900187361173,1.59455727576858,-0.710035346634832,-0.523978769275656,-0.338729274430506,0.401472829037544,-0.437209577643238,-0.601570972057416,-0.237175708609803,5.21804821573824e-15
"1260",979.79,0.385445898274295,-3.49779225409405,0.94439533846211,0.91076414296018,2.5758524672944,-0.528109193589282,0.0729493140309345,0.518324915180059,0.591392709587233,0.39855422957574,-0.537521363900117,0.0339470960068741,1.36557432028894e-14
"1261",980.29,0.27877225170035,-3.34797568573282,0.873686979441107,1.94671327891597,1.97840346285657,-0.524727426016789,0.767846906125461,0.0767428225554976,0.37516393673168,0.262206152806113,-0.723909326360912,-0.214554646171384,-2.33146835171283e-14
"1262",980.79,0.734702903624262,-4.2340184594108,1.08215572877763,1.529338508487,2.49863065572019,-0.647654832348957,0.882797952062408,-0.612771696436889,-0.0467309358894651,0.0748550914281318,-0.559079059063085,0.202030287101436,1.62092561595273e-14
"1263",981.29,-0.112983929162015,-4.13283634152904,1.09937390820147,1.67822245829747,1.91091808322708,0.730161680469398,0.503515014907397,-0.276601067335316,1.21265607739436,-0.445136209688429,-0.499814184367752,-0.28968284724422,1.00475183728577e-14
"1264",981.79,0.785628895675738,-3.24977098363865,0.925705271705228,1.44465503480756,3.1575889477734,-1.63986700571182,0.640812646210962,-0.969136568274104,-0.53440976998131,-0.200747325900625,-0.583174781209747,-0.295785626640655,3.33066907387547e-14
"1265",982.29,-0.997632215316626,-2.78330767378247,2.66847068220251,1.38536460906898,2.87861840586836,-0.100938965296163,-0.392866184177609,0.574966121653063,0.214844256612162,0.454178021008019,-0.418448644907621,-0.777275150497379,1.2267964422108e-14
"1266",982.79,1.24458051863569,-2.31821670621649,1.53686051760876,2.55493974542111,1.54696660801137,0.521319165481021,0.560240010494703,-0.330647960503203,0.437505339149179,-0.366179226068539,-0.397054702402506,-0.0819184030476638,-3.69149155687865e-15
"1267",983.29,1.08402252765524,-1.82951207544294,2.14670130156299,2.37928051572609,1.39224520157338,0.636308197294627,-0.218786131449422,-0.122577928710071,0.156484524538461,-0.24251491741726,0.0432160046736147,0.249786089830269,-9.36924149375074e-15
"1268",983.79,0.925038867579364,-0.784584374467716,1.1112766126187,2.15176226422871,2.34583245138692,0.0891306403071899,-1.69048052420542,0.249675219284091,0.296481486832758,-0.588462615989189,-0.38088076330141,-0.331191871883302,-1.72084568816899e-14
"1269",984.29,1.68760774283899,-0.966500899849387,1.89722299521737,1.48169998717446,1.06264814358053,0.908692511246424,-0.347932181293385,-1.29696201800999,-0.630287717979468,-0.084723027057609,-0.663667513481881,-0.135190017869334,2.55906407176099e-14
"1270",984.79,3.52130082315549,-1.03093393700371,1.05270018218634,1.01999006774791,2.36156280733245,-1.20533251176611,-0.236707412528243,-1.1222692496153,-1.03665570818847,-0.0437080768060555,-0.348340743891585,0.201156882216849,1.7430501486615e-14
"1271",985.29,3.32105657910879,-1.14200739414629,1.57903916020748,1.57643089442013,1.03061051859059,0.163624031841202,-0.212658502087502,-0.241340290509892,0.153790474179441,0.597103133965987,-0.273598855467229,0.08280539527549,1.78190795452338e-14
"1272",985.79,3.63882378663463,-0.399363114670381,0.495574200138224,0.729818471530934,2.47804486222779,-0.277583835871111,1.7082014787521,-0.93462122827819,0.501508895884228,0.0778791785392672,-0.157711798874477,-0.150965168850677,3.28626015289046e-14
"1273",986.29,-1.57942061618947,-2.35291326913983,1.41813873737652,1.82954681121071,1.65182718378478,0.194532613249554,0.580000672600767,0.0388719172315918,-0.863017876077321,0.784579109211464,-0.910622869049422,0.141190390508876,-2.07056594092592e-14
"1274",986.79,0.536600747252303,-1.66902070044335,0.712879328092453,3.05673271644814,2.05697864257692,-0.427880305371277,0.284659998645699,0.114238896844493,-0.144461609679604,0.922296016370188,-0.713412102058628,0.255729531257208,9.82547376793264e-15
"1275",987.29,1.72426225495083,0.917824520768148,1.87186984389869,0.926629515959909,-0.212047121174404,-0.767231919729118,-0.845805879490568,0.305263027653311,-0.700313819122718,0.978213224476011,-0.412821117248551,0.175792757366737,5.84601811404184e-15
"1276",987.79,2.44030156590251,2.05671386018801,0.815186811986789,0.723832079842734,0.477717178753306,-0.949477660945925,-1.01524995856437,0.249012589245098,0.0620949430813315,0.399404795161167,-0.385415401077009,-0.339380163944148,1.72917236085368e-14
"1277",988.29,2.51475849969474,1.76366405946871,0.580391840202452,-0.252292001279894,0.341495362099936,-0.00749055114561269,-0.692075657926091,-0.229128913616322,0.441879960313625,-0.340595966417374,-0.463778011625562,-0.674288134209121,-7.39686090156511e-15
"1278",988.79,3.24904377084636,2.44613386293311,1.11321795291975,-0.0188658255304592,0.621470214273208,-0.778529486535056,0.12588573890703,-0.201355465799792,0.0301452006368974,0.467822357284806,-0.552130467178258,0.176267849846371,-1.56819002228303e-14
"1279",989.29,0.836994759942494,3.9438921894908,0.9211210531249,-0.153792842040141,0.550060919127392,0.0239521423452115,0.537797717069071,0.78632271243716,0.312208536269912,0.717517391354791,-0.465121525082806,0.0124274941549448,-1.10744746706359e-14
"1280",989.79,2.02905146234977,3.14782650323687,0.0861396582553031,1.1348424267618,0.33805288455311,-0.817111892469747,0.0415770413919374,-0.253613209337465,-0.234152498952337,0.455201738942394,-0.532675202557192,-0.13301670593967,1.10467190950203e-14
"1281",990.29,2.4554875692064,3.31931590201576,-0.606186087610519,1.57596856156936,0.762821850977542,-0.949862514201821,-0.2957334575721,-0.180040183128279,0.404680455313142,0.374138443163433,-0.275618394582427,-0.152279728891372,1.66533453693773e-15
"1282",990.79,0.394672661477192,5.31163104048156,-0.214905143436795,1.88014293322548,-0.213700727036598,0.701556132147803,2.42390467525752,-1.13473599854374,0.000263498003155171,-0.161538601668146,-0.205647607672478,-0.614962093310511,-1.64313007644523e-14
"1283",991.29,1.1261883709744,5.94680737322779,0.155473540523815,1.87043783428758,0.906424111215526,-0.771710790505964,0.193023845219376,0.588328242422695,0.558743572567499,0.737590619525097,-0.219238787948487,-0.419025859734699,-1.79717352111197e-14
"1284",991.79,0.635276305432886,4.37055378748709,-0.00659152633310574,0.454960144647728,0.413254257834157,-0.0368441242357277,0.425930302483141,0.192804475258047,0.120715069008773,0.0656876570862364,-0.615324862568224,-0.142773254125402,-1.40096267919887e-14
"1285",992.29,1.4781980684612,2.91404217192841,0.272305185337761,-0.88511892821595,1.18730284423061,-0.847880395669765,0.542899553800602,-0.450769613688017,-0.541965223894331,-0.068788066761911,-0.661456282601264,-0.156097182702697,-9.99200722162641e-16
"1286",992.79,0.26752614351172,2.17243958889149,0.734451169735621,0.916293864988673,0.932950102010695,-1.17506747712196,0.832600105314233,0.382469594224083,-0.0777771446234676,0.84017315338741,-0.619624358291297,-0.752288126643278,1.69309011255336e-14
"1287",993.29,2.11164713435194,-1.21418722280183,0.592351201234275,0.575778173440677,1.89231148644335,-1.33207922244202,0.88620085521661,-0.0987264043071154,0.461672707075746,0.12626976646267,0.0751438266378626,0.08346822810176,-8.21565038222616e-15
"1288",993.79,0.166760059785704,-1.43434371846783,0.904578896265199,0.695537187492332,0.272151856939888,-1.19036788047085,0.752101890630425,-0.38722444427863,-0.466370067866341,0.274138444576044,0.0468051874710956,0.155054833158687,-2.26485497023532e-14
"1289",994.29,-1.11318836324462,-1.45559333286237,0.874405367533931,1.40774413105783,0.157896824447897,-0.435533278443767,0.0976056792287041,0.0380618794204162,-0.0861705418264148,0.317097339150513,-0.133642928511063,-0.0830493747267281,-5.73152636462737e-15
"1290",994.79,1.57753183804619,-1.26610292381845,-0.0826764099261126,2.80230110136637,1.04587477278366,-0.560155003244739,-0.536239665557152,0.422165101278955,1.43831945632256,0.122015871822813,0.228557595223355,-0.175170801478424,-4.94049245958195e-15
"1291",995.29,-0.718143568798192,1.80298349455201,-0.320334984284416,1.55084282344606,1.04969608871138,-0.207743021881696,-0.351075236992351,-0.320875395954721,0.148619133889908,0.192900533169787,-0.470631820308019,-0.377644312294551,8.46545056276682e-16
"1292",995.79,0.960900145799584,0.877638610205534,0.27727648860442,1.1577336936241,0.632064306355489,-0.653140247785301,-0.431702391724382,-0.457440238671732,0.0500997770219869,-0.382981131512281,-0.65287516311203,-0.0777644156475095,2.29538610341251e-14
"1293",996.29,0.486452881143287,-0.208914018356271,2.77774979793226,2.0182221344185,-2.44521826657052,1.55006930877036,-0.672745132257775,0.782177631632913,0.628135300351293,0.37546901409959,-0.215680459009364,-0.167651990895902,1.17683640610267e-14
"1294",996.79,1.54036729601286,-0.413756113298177,1.29126101112111,1.18169695897095,-0.192398418442066,1.21603814823677,1.14636169148488,0.420834080858195,0.641505200418491,0.354410900755673,-0.133555526975944,0.122139896834518,-8.32667268468867e-16
"1295",997.29,-2.30771072025372,0.0686317844938726,-0.0179493522253084,1.57360095592922,0.913183845561838,1.02579831956951,-0.742907828734988,1.2122622237648,0.180672372378077,-0.0227090647370376,-0.746699388014206,-0.0652558627371196,-7.95197241387768e-15
"1296",997.79,0.633199245740929,1.76094988753845,-0.0289672153084393,0.701689038654464,1.21547442166319,-0.291440428730787,0.227198876498725,-0.000488617749227885,-0.362500234672992,0.0386837857589517,-0.149363147936508,-0.514641782124666,-1.69586567011493e-14
"1297",998.29,2.37514900141952,2.12701485057012,0.531717380090819,0.587511674250547,-0.168979019486435,-0.436541203971601,-0.942464347066272,0.257259005919874,-0.0160566111136102,0.272225865090876,-0.17541311271729,-0.107615454338259,2.99760216648792e-15
"1298",998.79,2.1389727070107,2.22815768903921,0.438029440669084,0.389345353628286,-0.13299298030451,-0.867449749395793,0.133971500722554,1.17203710295016,-0.974328695217901,0.86843663706234,0.0743481199990786,-0.249063461867875,-9.79771819231701e-15
"1299",999.29,0.721745267044706,1.73136476948754,0.4912120823024,0.234389790859792,-0.485740978875643,-0.250069564278156,-0.908755560368731,0.528494677956534,-1.05505346270347,0.102245438287054,-0.0427611811120569,0.0873055629110909,1.63168090150378e-14
"1300",999.79,1.27027484694294,2.79441021469208,-0.0902866340592291,1.11642629864632,-0.25791250303608,-0.881543745365099,-0.133181677625347,0.795128034997399,-0.0830325242324286,-0.204914932715314,0.2502331458316,-0.240495039103826,-1.25871535416877e-14
"1301",1000.29,2.84928594376063,2.4568983655343,-0.174695273764184,1.15834545001691,-0.0336122738549555,-1.59451897868842,-0.429401119086834,0.0379641353654151,-0.4220546208955,-0.389663505278905,-0.076831507095765,0.0279058082606321,-4.44089209850063e-16
"1302",1000.79,3.21051912927783,2.41651591944232,0.703371873370436,0.741321005752759,-0.511256994986512,-0.477728162857984,0.0704968863415498,0.180243177880851,0.20544110239036,-0.2276493776393,-0.142791974370593,-0.270721220470547,-2.14758766325929e-14
"1303",1001.29,1.25820384943322,2.86300052844494,0.60367999509798,0.532957621759258,0.373937052518156,-0.277448707404167,-0.819956070922211,0.347338960762915,-0.24542926139925,0.378396587824711,-0.723641628978182,-0.0226476582587224,-1.82145964977565e-14
"1304",1001.79,1.09921722898092,3.75366383142525,-0.0102178310526978,2.03152828555164,-0.306546595209786,-1.15169618019568,0.590955245293557,0.528066896584694,-0.0800294456593675,0.348943360514287,-0.426178548182254,-0.312036858007855,-5.35856081729236e-15
"1305",1002.29,1.51419783602099,3.73774565056732,-1.20205930124888,0.809956165773963,1.06027496638351,-2.15898416531847,-1.22816118024536,0.882431291223995,0.164143219930573,-0.525052223345753,-0.667986128494468,0.280271575761999,-8.88178419700125e-15
"1306",1002.79,0.152636485998877,2.14231872530524,0.809671584012705,1.3061038723106,-0.945164516198304,0.129074108439214,-0.0542590066922926,0.905830582780031,0.281582359086749,0.611634040573383,-0.57849429878625,-0.00915767094423511,1.88737914186277e-14
"1307",1003.29,0.0843754655616821,3.13611048573183,1.23643164912834,1.54520560744894,-0.215626751689522,-0.429177338284005,-0.235552206889179,1.04935981274128,0.857913622956067,0.850397427669286,-0.562749811227996,-0.23954068059018,1.40165656858926e-14
"1308",1003.79,1.24874294157708,3.57676921042929,0.818906046584082,1.26497576120916,0.565428552287391,-0.440520235015354,0.752413911604425,1.05625176663975,1.64867726391002,0.317918521653396,-0.109295884400816,-0.320790218158427,5.78703751585863e-15
"1309",1004.29,0.69211649632589,2.03448556931037,1.02464981190183,0.267106868278594,-0.00864371626386717,0.355379867418699,1.53184740559144,-0.139780181465156,1.30516505131734,-0.205507326712489,-0.178078018460241,-0.370753207331107,-2.12607709215717e-14
"1310",1004.79,0.241980145245256,0.884711783174675,0.177913932827796,-0.472861255638292,-0.126466704352988,-1.21117102598132,0.67985174633625,-0.261140126075752,-0.299149460896895,-0.841246457253032,-0.454353184871812,-0.185805696272835,-1.49880108324396e-15
"1311",1005.29,0.869714226141885,0.835443866140534,0.0845140326566496,0.640724490624085,-1.05885723231363,-0.975926398528829,0.126589154945767,-0.0831402807378446,-0.0109428296468328,-0.380833829933588,-0.650741253562683,-0.0242012093127105,1.90195081906097e-14
"1312",1005.79,1.90811081048563,2.48226274024093,-0.455125807900537,1.2675493989302,-0.355728841807327,-1.12638728919419,0.836751087103989,-0.0652058601348028,0.582194673593241,-0.0600378293020556,-0.484869713714949,-0.276155778878867,2.44804176929847e-14
"1313",1006.29,-0.74141657044643,3.20079987955293,-0.159965060787635,0.317442196870876,0.19108887550919,0.0969271379862791,-0.477940507662489,0.91402754801852,0.940789870377809,-0.449834599636956,-0.320223230278685,-0.249078046832256,1.41553435639707e-14
"1314",1006.79,0.54632097544657,3.46282653011647,-0.395462313688372,1.35774673949514,-0.442691285300141,-0.673977447213371,0.72635485756547,0.423270436428349,0.476313662826243,-0.369508665485669,-0.338703979159346,-0.078994162907933,-1.10744746706359e-14
"1315",1007.29,-0.0389537137248011,4.19020711247755,-0.322437024004455,0.665013278366546,0.603303724744234,-0.354942847376206,0.586206402695528,0.75367026929832,0.332803619317026,0.455179787876582,-0.155377546784024,-0.0372499534933279,-8.47238945667073e-15
"1316",1007.79,0.217787906608675,4.5160231711412,-0.821942689771507,0.131766524086975,1.92748046615894,-0.959300449952222,0.353114573360196,0.98515413007867,0.404593420459611,0.0568513581380657,0.00955418771044797,0.408204621838745,-5.38458166943201e-15
"1317",1008.29,-0.927896704799753,4.59386483850095,-0.414512082400135,1.34273662333176,-0.615616377114712,0.752099349068813,1.05974242317393,-0.426377085829331,-0.0522702690726283,-0.142647383724188,-0.443473779062456,-0.128355085873287,-3.71924713249427e-15
"1318",1008.79,-0.0885761208618612,2.81666466895606,-0.516183468573365,2.01631359603526,-0.387387697963019,-0.252831937348133,-0.521146855260651,1.13070916390352,-0.0634658449776482,0.470787117601629,-0.0910738177712772,-0.165153488416172,-1.68198788230711e-14
"1319",1009.29,-0.869339922794194,2.69313624138211,-0.33425972179602,-0.0351662782027848,0.066770522988957,0.0773008749630316,-0.197190221617867,0.777335804453118,-0.339161654148817,-0.157394123860106,-0.119675872527739,-0.176466413053012,2.50008347357777e-14
"1320",1009.79,-0.841527067759869,3.00643365600147,0.240415768211322,0.288377717553539,0.391657737303757,0.386224732075239,-0.552429896616618,1.15780421804097,0.0228568343425376,0.441132064157822,-0.0728369843781851,-0.0920353284567403,1.31838984174237e-15
"1321",1010.29,-0.75603042840563,3.58008461112728,-1.9427248338456,1.41539735154424,-0.421052026712405,0.448339795433013,-0.40479754130165,1.19856324121804,-0.430862646995864,-0.656684641772613,-0.26030738067109,0.0902010684794471,-7.95891130778159e-15
"1322",1010.79,-2.1811363167045,3.70769054674202,-0.514515769940322,-0.117452752982029,0.31826028468341,0.46327650227453,0.471000639770054,1.91026488015451,-1.11931117760665,0.526760574314053,0.0733053048699704,-0.476715185101444,3.27515792264421e-15
"1323",1011.29,0.285911950092323,1.65228434577935,-0.0715833187775032,-0.264923568548923,-0.3268272021012,1.02190234726731,-0.0675519121829987,0.243411120482345,-0.469639197302738,0.22738759123199,0.228096995550069,-0.362013958708724,8.24340595784179e-15
"1324",1011.79,2.745621643328,0.479434963466323,0.178524241563365,-0.38436037711776,0.033491969938452,1.65838491622708,0.174944380725696,0.26251834194328,0.781336590477834,-0.00916022031440646,0.452473081344123,-0.0301245461414183,1.49047441055927e-14
"1325",1012.29,3.50153227578124,1.36142965477357,-1.01742923699014,0.746099776113977,-0.614568562608487,0.179674391236642,0.0403395076000615,-0.511616928758117,0.0710863952697988,-0.682078358527994,-0.0323865612974758,-0.0647236592408433,2.22669105376383e-14
"1326",1012.79,1.64502131684212,1.521564108703,-0.139346767010396,0.258684039970093,0.722490693072752,-0.669980720914212,-0.705293250822578,-0.158384102065782,-0.916488051734299,-0.232776185026329,-0.107915771705643,0.33530711819306,4.32986979603811e-15
"1327",1013.29,2.19810563161222,0.978007761184137,0.598016216108644,1.41720522758157,-0.529758526854824,0.162476147701341,-0.55449882635313,-0.908216605811226,-0.705087845055265,0.117546279593462,-0.231358489582357,0.255501672001262,1.47243328640911e-14
"1328",1013.79,1.84282687282836,1.19681787932316,0.671275884584322,0.723705048417908,0.436485897179642,0.236367273681003,0.0412273216466821,0.0458944449547723,-0.208118203742451,0.235444120061151,0.16028955479682,-0.172225307153141,-1.94809446352195e-14
"1329",1014.29,3.11899544632138,1.60398021924375,-0.286503838555268,0.615426275354629,1.13660232455798,-1.03849869658959,-0.95512050227675,-0.156360872452515,-0.145650904490243,0.028496243926299,0.0355956303436592,-0.0521342276351413,-3.05311331771918e-15
"1330",1014.79,1.20025282752548,1.07275974915997,0.924297769117748,0.0920791998376484,-0.180998510259942,1.07052011647719,-0.269766732919508,-0.423409517736526,-0.389741754893196,0.0540257341285183,0.0341418689940909,-0.141918621203947,6.93889390390723e-15
"1331",1015.29,2.91562052356899,1.16820052481508,0.100048467246175,0.847056054657872,0.434893708546232,0.928884709551126,-0.447415919755879,-0.259488915065539,0.427844359339293,-0.0536660687006831,0.0982006756697331,-0.202362482974454,1.14665221762067e-14
"1332",1015.79,1.66366579352025,1.73728649812046,0.357575745702378,1.15375774786649,0.451830218070714,0.956313149279298,0.234988646717662,-0.533329171128189,-0.269840315721247,0.338454876981911,-0.114542254291544,-0.298170917028632,2.72698530423554e-14
"1333",1016.29,2.65838131174064,2.36966619973013,-0.48852318368437,0.867864775184212,0.954350517708666,-0.290274492868112,-0.650131858951297,-0.411675897055654,-0.420936072630407,-0.0443701805139294,0.0754980693151883,0.106357537894373,-2.27595720048157e-14
"1334",1016.79,2.94826161937791,1.87624019906166,0.120302835815964,0.580515417514689,-0.251884275387633,1.53774959072159,0.729571403545237,0.0186839291039465,0.257439923672598,-0.549736284682038,0.546952431662514,-0.000644128089904246,-4.9960036108132e-16
"1335",1017.29,1.99525569951434,0.704874121612771,-0.0509561508228865,0.516658636885324,1.23381740630981,-0.500281191090613,-1.30922451011907,0.652310487311813,-0.835414823794856,-0.345527171485736,-0.0463071844237688,0.318225060242515,3.5527136788005e-15
"1336",1017.79,2.24025546673625,0.410197164287158,0.962477806858353,1.06000889346562,-0.233617652634692,0.499029977128656,-0.626270479452209,0.027916859088502,-0.347694772507855,-0.321958313584732,0.275492604279078,0.260853547242124,2.21350715534641e-14
"1337",1018.29,2.40651920824452,0.356450321058656,0.892176973759121,1.09076735926213,0.46255515554645,-0.503245896802268,-1.89086512659094,-0.557862149327049,-0.814711141742398,-0.0408009769271126,-0.238472753623048,0.0159019620135687,4.44089209850063e-16
"1338",1018.79,3.68649387447798,1.46164315458818,1.18001862727854,1.03140889731522,-0.415094513214809,-0.072793631608475,-0.244090669705947,-0.28491745940209,-0.447112311994218,-0.221339504049778,0.189092159634185,0.208585465291147,8.2572837456496e-16
"1339",1019.29,2.07543526351206,2.87950441403218,0.375062927391452,1.44501485584312,0.18861972437829,0.211065415697749,0.177451059653282,-0.163792289288988,-0.0566823853097171,-0.701572716437486,0.172514522456895,-0.226289379839315,1.83672521636424e-14
"1340",1019.79,0.241639560674152,3.12396650283237,1.46458643994757,1.35630681615045,0.859132822632627,0.969279014095794,0.294312467475713,0.237226216906727,-0.260825308075505,0.598750764481436,0.3090271679181,0.0964349515047968,-1.47937218031302e-14
"1341",1020.29,1.94561214432223,3.74361948885898,0.091893205551768,1.29683263201715,0.37535324425879,0.251222234953016,-0.0807285383889075,-0.229551570096453,0.0794501251567852,-0.699737810344895,-0.210939361479569,0.118125038819888,-7.09154956979319e-15
"1342",1020.79,3.3018863443877,2.14730325191233,1.27984233833996,0.942598972854077,0.91490608818247,-0.111977445065133,-0.862748522689459,-0.271474152520592,-0.00495378137617927,-0.251217017890158,0.208484722850598,0.0564807361886924,-7.91033905045424e-15
"1343",1021.29,2.0695046429448,1.37781219178314,1.75568667493317,1.45575360320417,0.274997538760855,0.168860645102215,-0.0637839887010929,0.0619262788223437,-0.354719041357782,0.500145098343828,-0.15416413402933,-0.412516388290896,2.09970929532233e-14
"1344",1021.79,2.28299493206354,0.893975447458839,1.98852241972038,0.740399103700042,-0.613519892886662,-0.0147171933156236,0.436584929741928,0.261036718818155,-1.2663483472637,0.332558740095202,0.092251768104745,0.191774667925263,2.19269047363468e-15
"1345",1022.29,2.03815641721238,0.836420615936325,1.24677789351402,0.330283725865464,-0.273305076955661,-0.357708780052454,0.269998906516956,-0.205925149319777,-1.09782440513873,-0.98326973302828,0.119552119544223,0.065976939954073,-2.70200528618147e-14
"1346",1022.79,1.92215291218275,0.103054786686382,1.87688984930511,1.39601729792657,0.166407246468095,0.306707716958986,-0.277969840907575,0.752219731315136,-0.331421870475295,0.280386864178807,0.0213731344448758,0.142653724070757,2.30232499731642e-14
"1347",1023.29,3.37762431864909,1.46461362582304,0.227824257440893,0.306333658943495,1.70979571394049,-0.24706490316779,0.232136933142261,0.357006522950042,0.483109341373112,-0.827756155519643,0.313469927547102,0.0253902213072589,2.55906407176099e-14
"1348",1023.79,3.79594831624764,0.742073292781984,1.38656467405987,1.05503748204226,0.609718913213865,0.183673118296331,-0.60829991439395,-0.621570427604661,0.525139614460025,-0.523338032781001,-0.00628832568804023,-0.0801962414210991,1.974809205052e-14
"1349",1024.29,2.98594438732542,0.997627857025137,2.34289261428759,0.936626212635226,0.826837019424801,0.0916544108489826,-0.0607227316831471,0.0399284425403027,0.0145751540581998,0.698106512088622,-0.0628301635982732,0.132222695809922,-7.63972218820186e-15
"1350",1024.79,3.55725802016388,1.31107422232271,1.1582849310548,0.747565239201388,1.00756874002967,0.170861599962066,0.00573649132329673,-0.96256769629118,0.1011444434224,-0.27889004811156,0.033521056609058,0.128373165161652,-1.19626530903361e-14
"1351",1025.29,2.63932597502811,1.26990656704419,2.52558737078366,0.966241227294771,0.419642073033792,0.725291980359512,-0.0754784308061026,-0.00176796316267633,0.42389063726879,0.794167638862486,0.148077717531276,-0.149650918385191,1.04916075827077e-14
"1352",1025.79,2.86280567793077,0.581877627444971,1.77855350150492,0.359689080998652,1.02031246575023,0.0049938386131613,-1.01002698414203,-0.537584092859627,0.262472163697882,-0.338697775850615,0.188394496083389,0.280567640598926,-6.48092690624935e-15
"1353",1026.29,2.38350510720875,0.640779789257011,2.11630646008602,0.701504321546065,-0.170790522765155,0.544311616104034,-1.03447876228479,-1.01116830090826,0.141029920042493,-0.233894261278827,-0.30331895624899,0.0576024259704396,1.38777878078145e-14
"1354",1026.79,2.99435514677682,0.901791345218479,1.02764750838676,0.728092499891404,0.937985202125414,0.3836427058811,-0.763398713604443,-0.345803548629034,0.904738049213569,-0.467411190919028,-0.21603344410534,-0.0336455070738046,2.18713935851156e-14
"1355",1027.29,2.58568559205826,1.010932734417,0.994092482947625,1.20875401336956,0.960154779310525,-0.4988232628493,-0.809676608781031,-0.425220082421078,0.293324037704679,-0.244867655938446,-0.0751221888457507,-0.080117016752126,6.16173778666962e-15
"1356",1027.79,4.03481604302472,0.833822342066317,1.59885480785477,1.12728383939382,0.471594435590634,-0.256833173652523,1.02986308783784,-1.29574077434075,-0.121028108843735,0.00245230593490641,0.203789721634382,0.396002262135345,-1.85962356624714e-14
"1357",1028.29,2.94546642540678,1.2277040409421,1.27427069280795,0.959548423548604,0.60585770763873,1.28846357325803,0.157576621191413,-0.714194887974973,1.10457649451553,-0.197605521220985,0.0867596469433205,-0.326203879532699,-1.20459198171829e-14
"1358",1028.79,2.46425575185667,1.78399666013794,1.25953173024709,0.666872723227725,2.49106511163964,-0.995242565667288,-0.716862414479638,0.508171928799921,-0.0855005015903603,1.01932251365917,-0.243138191016434,-0.268322338303605,6.43929354282591e-15
"1359",1029.29,3.04083650284394,1.22063000471979,0.355301284554491,0.952308000645541,2.93788122277585,-2.28468230445128,0.258595191325848,-0.261242625274391,-0.468972447613342,0.142916816793023,0.200567087905552,0.123297021671104,2.02060590481778e-14
"1360",1029.79,1.99915234450754,0.503415472763884,1.31764265957765,2.50127645594823,0.108969503882521,0.197679821649752,0.854880081229764,-0.225879048815679,0.185203670909804,0.541609309723384,0.123237673866449,-0.204888135926831,2.36199948489002e-14
"1361",1030.29,1.1440099579911,-0.00207455663825834,1.92217257472759,1.16927181758942,0.900813208377332,0.662116871928163,-1.15205004859408,-0.0488572326510085,0.472252937030354,0.683119520246782,-0.242582421736719,0.569858720033986,1.35447209004269e-14
"1362",1030.79,2.86836248064951,0.770950625224437,0.188354582417556,1.55673464161738,0.495039659468778,0.00849965561502464,0.930792409143943,-0.608669447007677,0.485003633718766,-0.580531422869462,0.271467908379533,0.249013720266793,-1.28924648734596e-14
"1363",1031.29,2.79238008551732,0.814917365630696,0.760675298858571,0.69246374323503,0.752486265376043,1.04091869197308,0.0667434164829344,-0.50955091819225,0.460513615279073,-0.428299148812428,0.163403735803713,0.389655553261477,1.90472637662253e-14
"1364",1031.79,3.25554226429264,1.42392698362824,-0.182283003105755,1.32135544949873,2.1434989115312,-1.29644933585774,-0.602299014208117,0.274812791647012,-0.147529307365556,0.0600719578917492,0.29455190912007,0.255834687613923,-3.88578058618805e-15
"1365",1032.29,2.86556537773826,1.85016269778016,0.255909449481035,1.45308338762713,1.77544234003873,-0.71952272209412,-0.121193008428307,-0.252921776840317,0.064743668090561,0.227470169935415,0.0645350134939279,-0.298218285818764,1.90958360235527e-14
"1366",1032.79,2.08826157081218,0.0876162113571961,1.16175499413276,1.33669682782783,1.23236006362009,0.874456102198333,-0.562700393301667,-0.541755204055973,0.300900052208793,0.383804872849348,-0.0157924652692607,0.0257380935309599,-1.65596703016746e-14
"1367",1033.29,2.82869870082924,0.625862061674479,0.685944013883827,1.85972439708773,0.659445843278273,-0.00391884216489982,0.0897071729712019,-0.404186373079071,-0.0390778851716743,0.422889427339294,0.0376681645077827,0.0119211404713542,-1.73333569719603e-14
"1368",1033.79,2.19614707600907,1.59483010473463,0.125685131201682,0.345438708270433,0.823494137233262,-0.368081442147254,-1.60459708498283,0.223604442364881,0.105899027512097,-0.242213201717729,-0.224263344076298,-0.268413383673945,-2.45914399954472e-14
"1369",1034.29,2.46794500397599,1.10495613701504,1.15313167671431,0.598464320679971,0.581049108800806,0.846313785935023,-0.129811008754388,0.276405263595789,1.15126709758156,-0.0664575095119387,0.419944804406434,0.184238170213789,1.02834407655905e-14
"1370",1034.79,2.86802874226468,0.684605132459244,0.81334612955175,0.468650434775536,1.41757421402529,0.657795140292211,-0.332550959403468,0.371115660926333,0.765466756895766,0.574018773625977,0.120213294754371,0.267052976201598,-2.02338146237935e-14
"1371",1035.29,2.91733147859277,0.657528981563578,1.15555892485892,0.619013028302685,0.899553147661719,0.444473754599531,-0.195177890431648,-0.570426348808203,0.0288426886788531,0.622053737472441,0.0933656034872904,0.050610928547558,-1.38777878078145e-16
"1372",1035.79,3.03404409269483,1.55857851095398,0.515272465937492,1.39387055133651,1.3581780154387,-0.205380463569634,0.183792918999652,-0.52224667902921,0.42007075038762,0.437129539770604,0.222381988937268,-0.396206773410865,-2.66453525910038e-15
"1373",1036.29,1.36978779401325,0.327850160671463,0.825436462076188,-0.345397660805822,1.29237929755301,-0.0451729509412818,-0.265453570065742,-2.03061845389808,-1.37289380966778,0.0953103358518626,-0.124472210485292,0.202758733628812,-2.25375273998907e-14
"1374",1036.79,2.47440077773244,1.75774858492393,0.541652743806134,0.685612996508443,0.485642515173931,1.14299853576532,-0.276118246125403,-1.59546296543308,0.251061136846219,0.0832220864352002,-0.149912827849075,-0.254502931231527,1.4432899320127e-14
"1375",1037.29,1.71196472450603,2.00356571526115,0.309618459398678,0.3332901309001,0.96986326105588,-0.379773523710797,0.121676516563337,-0.566985480819282,-1.03892359067667,0.739215092070921,-0.0379483967800643,0.306416677354192,7.7715611723761e-16
"1376",1037.79,1.81577346822649,2.63030388763315,0.510955141030749,-0.00623043116269638,0.775189136948265,1.12103341794925,-0.419786635581444,-0.313326641783119,0.315660005358854,0.451169347670999,0.0264446672322618,-0.287198641501752,-2.02199368359857e-14
"1377",1038.29,2.06039641778527,2.38801197542148,0.383195712889441,1.34714886396133,-0.276226987856243,0.164040029318396,-0.680858305187916,-0.481169683642314,-0.0497671042629944,0.302907509496959,-0.0774092683490427,-0.207497558284063,-1.31700206296159e-14
"1378",1038.79,0.884074639510601,2.74621417452652,1.43720036058562,1.13062029798409,-1.53975937575525,2.18290980477366,0.259538599950234,-0.544477335339297,0.312584729480494,0.92335921630559,-0.147822340192371,0.0442419369523651,1.28785870856518e-14
"1379",1039.29,2.08938646436624,1.78843861148634,1.23932683846086,0.858517772587592,-0.00188878687903282,1.37564104024476,0.647941248859954,-0.829875318436976,0.492823686509485,0.610610800383071,0.303475209893224,0.0968895980298288,-1.3988810110277e-14
"1380",1039.79,1.78953932533629,1.8961730737657,0.0986803867109438,-0.291790484574224,0.773088180970481,-0.00293350182394175,0.110783695588517,-0.323563272552892,-0.388865553317994,-0.0460421606967127,0.158087518813584,-0.121657036798533,-2.14550599508812e-14
"1381",1040.29,2.13450016856289,1.6393897776032,0.213156982318245,0.649304256213915,-0.339771660455328,0.339820993789322,0.771389711296508,0.00650759981002066,0.125123306057255,0.021208579728204,0.241303865002317,0.179100340634424,1.50712775592865e-14
"1382",1040.79,3.30101794643285,0.21155332667402,1.00004415476119,0.450720585154749,0.393407426775018,0.278953417655511,0.0281901150083987,0.662650159250059,0.2698963544904,0.679406773473829,0.494655015470225,0.504180649360431,-1.72084568816899e-15
"1383",1041.29,1.63401620485734,0.201262576995062,1.27360922144339,-0.278281251726466,-0.0951652341144806,1.22526856222291,-1.05172205584781,0.536040985219788,0.404819033518111,0.439082971821542,-0.192742218445358,0.00489130203480844,-1.21014309684142e-14
"1384",1041.79,1.27864694200263,0.713736837647425,0.869999319393821,-1.11549668985949,-0.286809598734279,0.490175586178445,-0.696150137935319,0.743965814701266,-0.43022806540533,0.061899350829584,-0.0296002640441826,-0.210490172437169,6.27276008913213e-15
"1385",1042.29,3.40821095495065,0.448218059471113,-0.311028977578218,0.531531088583458,-0.587304068307519,-1.16530924014218,-1.33303864967372,1.04301827858566,-0.229281793777076,-0.117535765872929,-0.199636511411614,-0.190452650249703,-1.60982338570648e-15
"1386",1042.79,3.82392434874575,-0.0867454749253712,0.504776854139444,-0.442554443093758,-0.667738016887109,-0.439175762604406,0.9492954939848,0.329756061712242,-0.524438555584396,-0.0902541204734372,0.196311645135979,0.246549426692796,1.78052017574259e-14
"1387",1043.29,2.26739261212479,-0.58355786454552,0.760066319326277,-1.19430714244065,-0.542794386034554,0.647477242725653,0.215645118560824,0.775222088676032,0.239759883350388,-0.762301830113136,0.220164580147581,0.322870933794139,-1.14075415780235e-14
"1388",1043.79,1.69257598719284,0.645203495943862,-0.0457196552566556,-1.26181911399681,-1.20263235916857,-0.200871477038092,0.293962459886267,0.936799032891951,-0.618127461392349,-0.910821916618106,0.0515102698697372,0.065175588232607,-1.34822708552917e-14
"1389",1044.29,1.63597823096766,0.307102157784784,1.10889090732717,-1.26523153480123,-0.966496717986445,1.05004238499513,0.504074584433937,0.987953397251627,-0.0549745999192238,0.114714797079331,-0.0763497651857115,0.12722676872307,-1.97064586870965e-14
"1390",1044.79,0.874947233248898,0.429495301571908,0.892729339393736,-0.915517440545223,-1.42840591958743,0.944574871629256,-0.208719417498143,1.5643268323724,0.0294502396992249,0.205493828577026,-0.26431778502847,-0.151492299745883,2.17603712826531e-14
"1391",1045.29,1.88193306579677,1.03906674941151,0.241569408356989,0.0580962356658343,-0.630503385638257,0.0534196046649532,1.4867675090494,0.877390535134903,-0.360766789875684,0.79774460889325,0.185898303348866,-0.283671842061925,-4.57966997657877e-15
"1392",1045.79,-0.106474652847476,0.122720771421924,1.18504697624892,-1.79940909810863,-0.529977506858101,1.37300966043199,-1.05078022364491,0.0732341852565707,-0.247229097151748,-0.0649737391152342,-0.0669358394931736,0.0302422273134971,5.55111512312578e-16
"1393",1046.29,1.06228247132309,0.39084176761814,0.121756265163423,-0.763394240910102,-1.11232226012025,1.08313329719932,-0.489343614161636,-0.519775182793643,0.251522741734443,-0.983619211788915,0.0625728255231376,0.165000153906691,-6.82787160144471e-15
"1394",1046.79,0.0956880240072266,1.17311973716407,-0.349131482104587,-0.353704065449301,-1.13062118491252,0.481242948469071,0.145775627015503,0.352576250040407,-0.395316362331412,0.101605316557157,-0.291018849658519,-0.088172121374196,2.72004641033163e-15
"1395",1047.29,0.807811472964281,1.48597916764035,-0.796874529290401,-0.737831121580558,0.427051172707496,-0.204039955560233,-0.284649126634049,0.478547516346694,0.0865906680178506,-0.131941928814597,0.0315742518141258,-0.142334501380083,1.29063426612674e-14
"1396",1047.79,0.785062577007139,2.52403850723549,-1.02076390787557,-0.178475512409199,0.582993189306092,-0.180204901893118,-0.613303097687571,0.753248342470296,0.245952751718572,0.14918559659344,0.0467232527380773,-0.0974457332160598,-9.29811783123569e-15
"1397",1048.29,-0.0805844596347788,2.01683243513269,-0.0938720438144099,-0.902088469897278,0.158124086604984,0.426983320676645,-0.903737754907485,0.248689085765931,0.0534026057228069,0.374099404561554,0.049561511794273,-0.190406258437542,-1.63341562497976e-14
"1398",1048.79,0.970904403389148,1.58636194751431,-1.09773132987598,-1.16631843930674,0.390239385627698,-0.554558151715377,-0.486387103806972,0.524750140582201,-0.125813098624372,-0.0687604704829389,0.0843783346962117,-0.0294324742253931,7.71605002114484e-15
"1399",1049.29,0.811657229769637,2.35726796229994,-0.085422588600313,-1.12430637820528,-0.714041136592912,-0.0765330870972783,1.45362820028582,-0.0794706015612599,-0.79071369593737,0.534368742580593,0.156684353705862,-0.0361881034899218,9.00668428727158e-15
"1400",1049.79,0.970899259128608,1.63902277557088,-0.587369844067656,-0.575993384988248,-1.01187932879657,-0.178393092307926,0.291635439524505,-0.0782932814016041,-0.619883072503037,-0.12652082210167,0.0151395673920149,0.0775214724704972,1.92346139016308e-14
"1401",1050.29,0.292378474576141,1.74482321815962,-0.280165108290054,-1.33411971536098,-1.15790484118826,0.525728051180154,0.143528627526003,0.569042685303971,-0.110891118838916,-0.342171628341352,0.286534398496749,-0.0274896428416468,-2.35922392732846e-14
"1402",1050.79,1.6265311233111,1.15705509553488,0.300434382617587,-0.69580660419593,-0.960024391189759,0.147675536002164,0.751803891087746,1.0250291435703,0.193801487939171,0.278748247229303,0.751432812827523,0.345197891822904,-1.79023462720806e-14
"1403",1051.29,-0.91221826996093,0.811076742974772,-0.209090344003318,-1.29522412160532,-0.735404782905023,0.173146188170486,-0.24942154523146,1.36791714051016,-0.61721471590815,0.165242665133428,-0.0291210622602598,-0.0897223758327837,-2.21628271290797e-14
"1404",1051.79,-1.95848591901134,0.569140836981152,-0.136479744114596,-1.22298231122334,-0.434309878879296,0.882302296440251,0.907210684225356,0.997732940251633,-0.672692145804564,-0.0409690675267319,-0.0639389435436302,-0.0154543023950072,1.96787031114809e-14
"1405",1052.29,0.0203956548957015,1.16669978262473,-0.295477351448106,-1.01839760087307,-0.803664061879856,-0.499891623183151,-0.973566818954105,0.602532325522632,-0.81943998737549,0.00896970831014985,-0.283297721210714,0.125438484103571,-4.33680868994202e-15
"1406",1052.79,0.339695026931655,0.934998442043462,-0.590429009993117,-1.11781264269658,-1.0542764766179,-0.270857910155705,-0.960202753375866,0.741120120130727,-0.346683809743139,-0.475981008111719,-0.400929756353657,0.220787433439635,-2.15921031054833e-14
"1407",1053.29,-0.0370162798697426,0.129022257249447,0.182330341585819,-0.544582994303557,-0.822866839599598,0.401254537665376,0.365441400622509,0.921919527382006,-0.363203608298808,0.325189743292825,0.201032540200533,0.22098267739056,1.96509475358653e-14
"1408",1053.79,1.57447268602354,0.909188004645362,-0.781532569976582,-0.481278183606092,-0.195264526475265,0.0142765943785577,-0.0162909754741156,0.149928282724965,0.13631397284258,-0.293029716508315,0.249714957175072,-0.0121475082851937,-2.15660822533437e-14
"1409",1054.29,1.11101901672366,-0.302998160261101,-0.148023757142721,-0.324958322191115,-0.898172065804268,0.155028775055714,0.71552043644507,0.99529661510234,-0.0968567379959595,0.0379651020450324,0.351807368185283,0.100769103971613,-2.39114283928643e-14
"1410",1054.79,0.637545566666124,0.6817833447215,-0.645122899898887,-2.07452932719978,0.459709515621751,0.720439232645264,0.0890053701794029,0.749411320296178,0.27333993397692,-0.78230203629346,0.241112556792522,-0.156592538006775,-5.12090370108353e-15
"1411",1055.29,0.786260722710658,1.24220840543355,-0.127538805622966,-1.20609718685428,-0.566881775560246,1.12842028575664,0.494530057198816,-0.126859885708059,-0.395298755485679,-0.395905031902904,0.361069270739692,-0.0333682404275402,1.02418074021671e-14
"1412",1055.79,-0.157144465298691,2.8122920214585,-0.623408776897629,-0.0949747942111273,-0.665792418421277,1.66904525012431,0.330151870911456,0.709973694288346,0.376943845584387,-0.337847446681423,0.242104581333775,-0.246706906841455,0
"1413",1056.29,1.02225509957888,3.73307073336302,-1.15235065999782,-0.136524461253507,0.365021455201317,0.620172937463794,0.577125510760461,1.10276854431882,0.0988693170734546,-0.373582433783407,0.569730642835685,-0.291764434758431,-1.241368119409e-14
"1414",1056.79,-1.13352256587157,4.1514503052443,-1.79423746300556,0.827006491040577,-0.5198406244047,0.666231274318142,-0.0669528379158493,0.538870362079454,-0.254505326698815,-0.955773992530312,0.01500467513938,-0.184756171780737,1.44606548957427e-14
"1415",1057.29,-1.03764845490667,3.51005854749692,-0.496530175808094,0.129627233049216,0.248945032776733,1.28680448603397,-0.122237248957155,1.92707968217123,0.654716650862722,-0.292949543526442,0.521886290096794,-0.135428985434329,-1.32116539930394e-14
"1416",1057.79,-2.20511341000103,3.60582904555958,-0.359156144895604,0.589791149515404,0.357880177748153,0.378879192480618,-0.0596400324254037,0.977061850730167,-0.766837895532083,0.22479360889902,0.0626957054037964,-0.341198657943222,-1.38916655956223e-14
"1417",1058.29,-2.10789354895534,2.70206629035686,-0.710850332882239,1.72085401866636,-1.1420832446209,1.43858948444022,0.0594090471259744,1.482145374744,0.189270664816522,-0.108414050195996,-0.021182038652126,-0.152197346012349,5.10702591327572e-15
"1418",1058.79,0.491031407795749,2.83511456548324,-1.07821424759046,1.97916784517537,0.0253425318676041,0.18856402993816,1.08180578484704,-0.592135103796482,-0.0570239038951439,-0.487844995086435,0.339077597712512,0.184610293875279,9.83935155574045e-15
"1419",1059.29,-0.227812472987421,2.14161744131408,-0.320999152093956,0.555200198401658,-0.123030914394751,0.457366106650459,0.217366473257342,0.894389744399632,-0.284606008415017,-0.00802834347718253,0.314570676274406,-0.263579713952876,-2.04836148043341e-14
"1420",1059.79,-0.112842270245933,1.71702981602605,-0.863589480023971,1.48913378442893,0.293685985233945,0.702249363930175,0.500100510708635,0.387367740634806,0.0313296368407535,-0.161248922298297,0.0307030400776804,-0.585844708979156,-3.1641356201817e-15
"1421",1060.29,0.492752289412355,0.127488659907835,-1.13531623592853,0.967913069737148,-0.380535269918068,-0.135787253980193,0.626591948948723,0.506982556085436,-0.595703963200357,-0.547841457527092,0.0283741339551831,0.146760531441631,-7.2025718722557e-15
"1422",1060.79,0.273722343474677,-0.879589491647296,0.0300071994859008,-0.10368225097835,0.511246242314297,0.696622026456911,-0.374148400719655,0.802469860366451,0.299198505155332,-0.0325064586501382,0.361807907119292,0.354566786699375,1.68962066560141e-14
"1423",1061.29,0.0361785867839354,-0.664352273929276,-0.965092330854896,0.254662198181278,0.217462811752419,0.368422106033912,0.287752815800553,0.152131441090926,0.490915352877937,-0.660662391691929,0.364048944187722,-0.371420026366896,-1.24483756636096e-14
"1424",1061.79,1.29384939956776,-0.278202321120806,-1.2326039601677,-0.220657845102307,0.754393668576436,-0.17798715622111,-0.0195537983180056,-0.155226216592765,0.37411146938116,-0.530657365458652,0.138839919918167,-0.319938378137483,1.04360964314765e-14
"1425",1062.29,1.81458640388076,-1.20820973865537,-0.745953387421674,0.323701654197157,-0.942454727724812,0.775885705892838,0.191661867194142,-0.489451218306133,0.358630046274674,-0.317394846642612,0.119424770199336,0.291084585078277,1.0991207943789e-14
"1426",1062.79,1.13711616888915,-1.26348359336176,-1.77866359148001,-0.0698468908833172,0.0838445843677069,-0.371074358473272,0.0825148331050548,0.41937652018985,0.161684971693775,-0.429182329107116,0.0676527882389555,-0.134193175489255,-2.38697950294409e-14
"1427",1063.29,0.675858599366309,-2.46877990058656,-1.1563253405061,-1.15998065068722,-0.128022552164024,0.622932082050887,-0.666768696375598,-0.264510592056366,-0.394856949575635,-0.28469791679737,-0.0554842306126261,0.249703294193287,3.3584246494911e-15
"1428",1063.79,-0.375317695520457,-1.44056331133063,-1.4877948243622,-0.307645703013506,-0.584026424897053,0.225932266501572,-0.303411756112557,0.721313810415425,-0.35028015890082,-0.0665507358127466,0.175450002716191,0.0114970472836514,-4.30211422042248e-15
"1429",1064.29,0.198724284903145,-1.22026703642942,-1.99049074411857,0.497090203761667,-0.843443385473279,0.444802318658135,-0.785166680321076,-0.013009761386866,-0.0463614923189017,-0.0898150944043254,-0.276426079757348,-0.0292892239208625,2.02407535176974e-14
"1430",1064.79,-1.07296360951438,-0.300323973488278,-1.6487622738915,0.834087185700789,-0.471712323580393,0.237185136303398,-1.06700188826022,0.118420877679386,-0.226188802064659,0.299205387229889,-0.294195000825694,-0.106800509865206,1.54390389361936e-15
"1431",1065.29,0.282890306794786,0.29502531907217,-2.2789520153468,-0.0248153617015219,0.624353749289172,0.34896889126262,-0.635418654015862,0.646053147126068,0.784042531412977,0.0786527264830847,0.211025097700202,0.321951367804972,-8.43769498715119e-15
"1432",1065.79,-0.364607882468124,0.440508360309615,-2.49341065465865,-1.47898321874108,0.599525720433773,1.22126716198104,-0.141940855979223,0.014511479607314,0.681271319495348,-0.420996005642187,-0.136460408064734,0.0794112148204958,8.04911692853238e-15
"1433",1066.29,0.498011519843439,0.0537428920525659,-2.08846049335418,0.640343884695109,-0.209416527268181,-0.444579248989612,-0.400897537430098,-0.696556327449727,-0.460163992393533,0.344565975634063,-0.329369183694732,-0.094881516996733,1.28508315100362e-14
"1434",1066.79,-0.0472595507043654,0.213035817081671,-1.97348538856321,0.208165178208127,0.356470495391224,0.277208684187775,-0.549568463112867,-0.177090422478882,-0.266553896393484,0.274778140612243,-0.109285425370562,0.0873146340675685,1.49880108324396e-14
"1435",1067.29,0.782255629327091,2.56164579064322,-3.19581210550122,1.45544766207759,0.904203384547468,0.798784461758272,-0.165151907286025,-0.128952965283674,0.63805483153832,-0.0814468168425663,0.248595883142498,0.368021221386764,-9.82547376793264e-15
"1436",1067.79,1.89851591663649,2.19791786537126,-3.06389276594131,1.52963928734393,0.164075555467485,0.667591153773257,-0.673619718483835,-0.86403546199857,0.0588025798046387,-0.599378069417618,0.10855425350662,0.543308153496888,-1.62370117351429e-14
"1437",1068.29,0.704512780508024,1.68338549230241,-0.855975642769636,1.00655912854339,-0.751511078167598,2.34847399210226,-1.50834341691886,-1.4235732421513,-0.464302556838411,0.339514564453125,-0.127852309207521,0.268878456003455,-1.55431223447522e-15
"1438",1068.79,3.16068602176463,2.45368875384848,-1.56292023567997,1.80422947737857,0.196814568608218,1.03810151195965,0.364278774493878,-1.08481580941724,-0.490643229987771,0.745089082678279,0.311071549966164,0.540962977209907,8.07340305719606e-15
"1439",1069.29,3.31185163887174,1.80570287727268,-1.6967139160081,1.26808698351989,0.0873096602984401,0.614824263267163,-1.16652465599591,-0.703131060851061,-0.533424685060827,0.248693179317245,0.242729912640595,0.724225640294591,-1.80133685745432e-14
"1440",1069.79,2.6478787366431,1.54119855100351,-1.6100326174165,2.14635813530021,0.137582912668776,1.2732070415843,-0.350783451306735,-0.600289385293057,-0.147774905652334,0.646031047754795,0.487371919364697,0.347493243155821,1.68857983151582e-14
"1441",1070.29,2.72742929424052,1.79883410299259,-1.40515648508395,0.963168226884187,-0.215353978770404,2.1260481034371,0.374986940816082,-1.18565699773519,-0.0307149926733586,0.288457035684319,0.327140049827532,0.269208998749154,2.85882428840978e-15
"1442",1070.79,3.34852093595794,1.34417362913698,-1.71219188903856,0.0416802488943697,1.21842230194893,0.123333634682697,-1.51581526752032,-0.508571450966094,-0.822552133036844,0.290781416388385,0.141252885614467,0.383100054150693,-3.33066907387547e-16
"1443",1071.29,4.7845590034441,2.56641436923709,-3.05157563259041,0.522290938883435,0.660738966316034,-1.13432365562106,-0.605990780357661,-0.97930711421437,-1.00173382246824,-0.426657833630502,0.0609054197241168,-0.0972454388602156,1.38777878078145e-14
"1444",1071.79,3.82798881759496,0.895635360157156,-0.576034306543456,0.592929045861661,0.122069301206116,0.875810488392019,-0.478103094228696,0.382823456068202,-0.0235237936866513,0.689314646277661,0.296656998549044,0.0456676842026286,5.53723733531797e-15
"1445",1072.29,3.0812755917855,-0.233413322034624,-0.604443162932702,1.19806652940304,-0.323432034677114,0.0135091602870546,-0.855692945378339,0.261307215734953,-0.924283394572492,0.818345398809897,0.0493511843100196,-0.0332575268430351,-1.55708779203678e-14
"1446",1072.79,3.14696073923105,-1.28123959206558,-0.0581278299354593,0.308390813826774,-1.08037863509738,0.966148712470604,-2.19237005866961,-0.0120612951823622,-0.416672178471171,0.182328584814137,-0.281775011764997,0.0468465096201333,1.18655085756814e-14
"1447",1073.29,3.90297578903662,-0.514666258669296,-0.337085438254128,1.02360775373094,-1.43174924979857,1.48221132691224,1.80059394654882,0.127451711433577,0.32341227851438,0.713671751614299,0.555586888462095,-0.0743277542345104,-1.52655665885959e-14
"1448",1073.79,3.19713015999905,-0.960701185649157,-1.23906759393065,0.553677911254317,-1.13318210191376,1.12461097575576,-0.770099256301779,0.0291358984389412,0.0981562901091837,0.404121973768288,-0.386323731136808,0.396168186056502,-1.23512311489549e-14
"1449",1074.29,2.41903175888681,-1.15413011234017,-1.25582915273306,0.364394106917958,-1.47347977265045,0.652479579051895,-1.05941023286462,0.148121656679073,-0.517045177245609,0.480527906234896,0.043923158880131,0.27686798561366,1.17753029549306e-14
"1450",1074.79,2.58871846068008,-0.455878453889443,-1.37932922310617,-1.00397044780663,0.319832404422081,1.24927508338157,-1.35660120414082,0.763818790776577,0.155982311467918,1.1516745489841,-0.175015665476552,0.0311892663056107,-2.54796184151473e-14
"1451",1075.29,2.04220066092038,-0.644498223308844,-1.53557443848512,-1.25668633143138,0.310496280763685,1.04889575036019,0.364459792728728,0.695311878093529,-0.517464249275365,1.15492085284251,0.130422270197515,0.276525867829525,8.04911692853238e-15
"1452",1075.79,3.03628275764524,-0.510220719596108,-2.79290954683117,0.427241356116958,-1.43118290689455,1.25176581688497,-2.40202276496188,-0.339377479669851,0.38882737722047,-0.287630767338946,-0.0569120643709473,0.412714994857711,2.15695517002956e-14
"1453",1076.29,1.90231750437927,-0.294978416412813,-2.18823893100912,0.988602148762931,-1.88230858220236,0.928951740076586,-1.3166735254705,0.476114630961366,-0.682992491298789,0.0023143134630584,0.0608172585621271,0.270319478569977,4.09394740330526e-15
"1454",1076.79,1.6592573192084,0.14970658532003,-3.21583541631583,0.568335179170139,0.53803500593736,-0.310690374442048,-2.4699445820559,0.558414789061916,-1.04585938576272,0.0811052895837364,-0.0488498410951648,0.359859465585998,-1.4432899320127e-14
"1455",1077.29,0.258353031861422,-1.38866113343365,-1.94069279489533,0.308482673987642,-0.660717793992545,2.25997893776891,-1.29452034287931,0.308682250977922,0.039481672065854,0.0897272147510508,-0.0725770814164097,0.0572323664984105,-1.33781874467331e-14
"1456",1077.79,0.457342451124506,-1.90768743828816,-1.65225649417722,0.872624895620623,-0.211977857195603,1.07915412504258,-0.361924201980683,0.132895493322312,-0.149828630039136,0.713400168243989,-0.166321551029149,0.108585838130906,6.38378239159465e-15
"1457",1078.29,1.44223134062391,-2.52273310667986,-3.14361748851754,0.495677956892001,0.250304080317499,-0.20108050949709,-1.52703079029199,0.250945613314438,-0.45824064849464,0.560319097104494,-0.361362434256042,0.192724447291134,1.45439216225896e-14
"1458",1078.79,-0.659230184230133,-2.95455964573792,-2.87770752223414,-0.267480161760409,-0.20666170842933,1.68799540250095,-0.169591094197299,-0.0492045264478823,-0.4137908913905,-0.0247590882143835,-0.156161179449831,0.364000183841081,7.75768338456828e-15
"1459",1079.29,0.0288800636481758,-2.26813134715309,-2.695166138348,0.00907879953540777,0.319891344335743,1.67017519263598,-0.170030226165759,0.210362615493609,0.490302820786624,0.125475631024071,0.0851423520984312,0.522346726217694,7.07767178198537e-15
"1460",1079.79,0.0659972156844412,-1.55209299216791,-2.40186029490951,-0.208438624418624,0.685956938053574,1.01808511911472,0.225658954954396,-0.22697310437301,-0.178715119333734,0.41004555985023,-0.115114092864101,0.322942339628194,1.80688797257744e-14
"1461",1080.29,1.50272667258456,-1.15081186842347,-3.83809882256831,0.17297058382564,1.51791717659669,1.10237014891262,-0.12927853049078,-0.00954873271020726,0.912814291355222,0.306183441426646,-0.194328921226743,0.00436543555992568,1.62092561595273e-14
"1462",1080.79,0.8860476946456,-1.31683706025348,-2.5909850183196,1.27197886323924,0.308819275232844,0.869636323396211,-1.01102054827754,-0.158383985372115,0.444440987206625,0.927510001675355,-0.494414720353889,0.00681623071794665,3.21964677141295e-15
"1463",1081.29,3.37203231026372,0.202947294889897,-2.78240530274246,0.710587091701433,0.248369484984579,0.292033414864507,-0.842012026972318,-0.764075386953828,1.20145903975068,-0.199917053147509,-0.247756454004548,0.295758708380388,1.14352971536391e-14
"1464",1081.79,2.18705095690875,0.994026173327354,-2.6401386851368,0.0940449956406449,0.972778851378538,-0.32545699699936,-0.479620911614647,0.00953954615987501,0.838437554779514,-0.212553631151842,0.00505148751115954,0.0225547578813644,2.1316282072803e-14
"1465",1082.29,1.53095062748526,-1.14381798550568,-2.60774530673115,1.59362237844414,-0.307946659165423,0.297028901703088,-1.05957146826202,-0.579455514412067,0.389663039946957,0.268724028600209,-0.332303125194478,0.0995422832120144,-1.69586567011493e-14
"1466",1082.79,1.77205527249945,-0.31693398301073,-2.5015800008998,0.967647322051919,0.855015353462784,0.577477621592198,-0.684194856963068,-0.36027115749684,0.858172141643714,0.44269891397939,-0.233961113202031,0.0806483237855752,8.88178419700125e-15
"1467",1083.29,0.969865900837195,-0.0875530713088721,-1.62238823669594,0.84528561347276,0.629838409258357,0.520433976553019,-1.38751738833702,-0.530542943514963,0.496938752533403,-0.0277982718876991,-0.115397983492352,-0.100814700805759,5.6621374255883e-15
"1468",1083.79,1.80031764992342,0.760312227869409,-0.318680479830907,1.60509250024054,0.401011511722648,1.73831021747187,-1.19681480390024,-1.23328683475,0.934883602711205,0.330683358925077,-0.157698008837293,-0.446345953738618,-1.69586567011493e-14
"1469",1084.29,3.86256849645147,1.57996411941792,-1.63620731817078,2.31336076812509,1.43163812734158,-0.331980170738993,-0.388653658928581,-1.59647350903448,-0.34688100372694,0.234350384399027,0.268937005288538,0.267379822322297,-2.04281036531029e-14
"1470",1084.79,2.45784034889876,3.23519990506736,-1.03335822301342,0.735602307149438,1.0444485150875,1.27022955405438,-1.31091969778147,-0.128887198819591,0.778842776871377,0.084073317089507,0.509797492829712,0.221689882194319,7.21644966006352e-15
"1471",1085.29,1.97257106042355,2.71274643161621,-1.34972704665353,0.952582182076712,-0.983851869306198,1.20568296127808,-0.422510827190017,0.412846210371447,0.206253030806765,-0.131538277221697,0.282731919835424,0.20195949109012,-1.16295861829485e-14
"1472",1085.79,3.41308563627953,1.09105144205112,-0.0126838374210973,-0.778513448514906,-0.0551967973266285,1.02127850826642,-0.0439839229280842,0.792439795459862,0.491262039582755,0.315246485032523,0.665673628849593,0.394396217241732,5.74193470548323e-15
"1473",1086.29,3.08093347773871,-0.121392273970451,0.365563576282427,-0.178602474436099,-0.879357912195782,1.2566097991333,-0.776522306031565,-0.0927159048285956,0.136214887828912,0.0750718813890174,-0.069280720106904,0.145377189198259,1.08246744900953e-15
"1474",1086.79,2.08642691425867,0.00427484137148015,0.542402139705943,-0.118903038383839,-0.956638095599492,0.250672654703912,-0.891559457017321,0.237715158782439,-0.676506367314377,0.17391927912935,0.0560135280252638,-0.196567101714988,1.08107967022875e-14
"1475",1087.29,3.21384400908856,0.509365659472641,-0.273527944418276,0.488208289922433,-0.821515321644485,-0.534813906418696,-1.44172552612256,1.1779873629388,-0.042705707800987,0.477969982442074,0.045304346681117,0.143949595356223,-2.46747067222941e-14
"1476",1087.79,4.00453425958289,0.508329002176864,-0.21871931831873,0.0297751070668162,-1.36961473070542,-0.0564776676881971,-0.999762855827912,-0.337097191188312,-0.334431422725124,-0.0066163627256496,-0.0195179418243835,-0.0187800504285811,-2.02407535176974e-14
"1477",1088.29,3.48937484664668,0.375415064846481,-0.690370789312451,0.0311942779117138,-2.29628234194901,-0.114782789353508,-1.31259151602548,-0.283485993787901,-0.474291320620904,-0.757951803967938,-0.17095271581249,0.222547506124009,-3.17801340798951e-15
"1478",1088.79,3.09202528948313,-0.671196978077833,8.90689841575587e-05,0.628813547449813,-2.56799723598302,-0.190717840450015,-1.45173877388204,-0.0427756889400578,-0.651424586873781,-0.020375556109055,-0.185799017694864,0.275235213589215,7.38298311375729e-15
"1479",1089.29,3.17271197521128,-0.302076899052913,-0.310201430226299,0.302728176761779,-2.1551259007711,0.445179339836343,0.354403178314186,0.748183373991859,0.323753098670948,0.518711678923532,-0.139254484526882,0.272694884121942,-1.6153745008296e-14
"1480",1089.79,3.16929236793221,-1.86879022458894,-0.473107325724387,0.714384953624891,-2.0548645319642,-0.364034838623969,-0.613196928440439,0.428643947327301,0.0873521277751463,0.123762022544034,0.303393237692719,0.281312841319099,-1.30659372210573e-14
"1481",1090.29,2.82992425613912,-1.82297193475401,-0.393411604187035,-0.223147019956623,-1.73900716322306,-1.15531064512568,-0.292903079537172,0.848311993288098,-0.0341249529854372,-0.14241664739382,0.343177248458841,0.0175152654794609,-1.42386102908176e-14
"1482",1090.79,2.49359898173534,-1.71988148942004,-0.632737635818727,-0.451904619106548,-1.29323778509308,-0.713063288123265,0.374984179746399,1.04547057576567,0.392552918771259,0.100209284244786,0.413816629446289,0.317027979437304,-2.02615701994091e-15
"1483",1091.29,2.68572798653323,-0.152596939430299,-1.42931769442764,-0.160217565504857,-1.05735495841031,-1.49416157280533,0.035471713530711,0.537862822021583,-0.0199939476831651,-0.0866265995246871,0.0777678660769604,-0.178557397806825,0
"1484",1091.79,2.01566421186414,-0.644197306301312,-0.863892663145835,-0.355775966661002,-1.07934104983889,-1.13951273845399,-1.1950472589668,1.36099720814507,0.565826195154321,-0.254982072668136,0.316909631316291,-0.0928151266666244,1.01585406753202e-14
"1485",1092.29,1.66999622130292,-0.995164847508193,-0.421593127341143,-0.734538774211596,-2.04946078330649,0.172279546377334,-0.606926069760053,0.350446464920643,0.165352184439509,-0.461144624749947,0.164641970101505,0.0321838586400273,-1.46271883494364e-14
"1486",1092.79,2.33728524602258,-0.441814389326695,-1.4640873287294,0.254267676563605,-1.06380603070756,-1.60320144594211,-0.545529641333185,0.37724917594641,-0.503390515058845,-0.173964996276617,0.095767711411553,0.0696504459892695,2.1094237467878e-15
"1487",1093.29,2.6184446217627,-0.644875909181712,-1.12388374798966,-0.629891884280194,-1.13457240399371,-0.607484858699556,-1.18649679684256,1.19249588770523,0.359375318779518,-0.0186855740077303,-0.128259995331308,0.207027849809924,2.98927549380323e-14
"1488",1093.79,1.74913233514506,-1.3693200635815,-0.462564563157915,-0.406121806171358,-2.58359448588562,0.286271853221952,0.698143562477306,0.380979216783969,-0.0577300915845718,0.279519799308023,-0.131888137633927,0.140396210095607,1.02695629777827e-14
"1489",1094.29,1.57683685290135,-0.806648503770416,-1.69997848017567,0.267466201092242,-1.88462783907001,-0.703224066855106,-0.663709117038527,0.855502578020202,0.118392450897358,-0.247537362314818,-0.138164982415599,0.0899625345112825,6.6197047843275e-15
"1490",1094.79,0.326576443052138,-1.51445687079135,-1.12543932604554,0.287766867678014,-2.60006609874519,0.339526430258482,-1.37014747259201,0.814315357363065,-0.05808591551057,-0.24801894766536,-0.392393612574259,0.357494078723081,1.58206781009085e-14
"1491",1095.29,1.84728655928652,-0.895897269651266,-0.716927760979483,-0.0124681849215321,-1.37467173409419,-0.0307911966086018,0.278289851280021,1.0281653301735,0.0956558842995881,0.123619686555121,0.275561203427758,0.196945532488079,2.01991201542739e-14
"1492",1095.79,0.510853023386358,-0.245047704153847,-1.45481972659632,-0.603543910864991,-0.343278659446798,-0.512359936094379,0.13230287392523,1.63031004373616,-0.167608376451792,-0.125889472550395,0.324045902176629,0.326309532732734,-2.38697950294409e-15
"1493",1096.29,1.4486635320109,0.0743318086926479,-0.98544292364202,0.0348576960698162,-0.427706526455713,0.154456184813652,0.524334958647951,0.178223256974942,0.109391116326732,-0.191266650879449,0.00272209652376335,0.16425698694844,-1.96509475358653e-14
"1494",1096.79,1.59887411309182,0.0694555590739099,-0.633269096176584,0.318730751172754,-0.0440402862169901,0.003419670001159,1.36516134090248,0.261002739565845,-0.308415146028521,0.472447291493458,0.151273632375549,0.633610989513703,8.11850586757146e-15
"1495",1097.29,0.802581430665156,0.162610580871143,-0.626590842817959,0.0842875146666987,0.0798437455526858,0.674686954973273,0.0853807957750389,0.610194703184257,-0.41000163502982,0.30408080618803,0.111756459436371,0.144048224074102,-1.23998034062822e-14
"1496",1097.79,2.84242749601934,0.861780031924729,-1.34656882175404,1.2310817225638,-0.475578994091279,0.0200641767942924,-0.487102569707908,-0.277356406912468,-0.326281826950603,-0.343532297431156,-0.0362153109827353,0.0280317875622352,2.08721928629529e-14
"1497",1098.29,3.28276830713658,1.10346735679733,-0.761799009235381,0.0842764525388354,0.438656648095102,-0.706787619933439,-0.602653881570091,0.0101725119091066,-0.584816837431571,-0.0234984772150812,0.0311869387910753,0.2668617745692,1.51545442861334e-14
"1498",1098.79,2.57348961279268,1.02270464044122,-0.401190566543287,0.319844951794516,-0.446000706130646,0.0558165204406501,-0.0918981881665901,0.145316889641068,0.142777576030969,0.269572610891396,-0.0576592905406407,0.136006494267285,-1.62161950534312e-14
"1499",1099.29,3.32835942718211,0.833278472415267,-0.967527983401562,0.358918576814574,0.0238974882352739,-0.276870875235404,-0.0040043277606307,-0.168532703813224,0.170852141315531,0.0938641958853887,0.0118033529267163,0.239897180161724,2.77555756156289e-17
"1500",1099.79,3.54084464310492,1.52155703436464,-0.840229876699497,0.561301972606549,-0.673700171398818,-0.743262628428828,-0.743232346399883,0.589110857590581,0.229368400889878,0.19524651803572,0.0355311235307038,-0.19695346183379,2.39530617562878e-14
"1501",1100.29,3.24139418123247,0.738829278112207,-0.355962771365433,0.175172195355623,-0.281220544239421,-0.474843044172206,-0.904970283800162,0.339169793169651,-0.124736793287225,0.0755550710290102,0.116340119995958,0.2774923555375,3.60822483003176e-16
"1502",1100.79,3.00395925348201,-0.396738367979993,0.485502198130819,0.342791337658291,-0.0528778727647133,0.865907147646165,-0.750037433371489,-0.938485221513187,0.224533894136891,-0.224512287468834,0.191499946551264,0.0213171240802798,-9.88098491916389e-15
"1503",1101.29,3.21411333820298,-0.362567871761136,0.83339450773782,0.621889955547731,0.069329978038958,1.2165205535391,-0.661592682649431,-0.922747347313453,0.268786489263126,-0.21579788117381,0.282575769620522,-0.344935803072335,1.80966353013901e-14
"1504",1101.79,3.63457735522516,0.160229255857287,0.113846466766969,0.29454531657212,0.516423060523346,0.768369320310554,-1.48656192238445,-0.895094825493616,0.0526712097933823,-0.32264303569401,0.311889238397422,-0.00361861597331315,-2.07334149848748e-14
"1505",1102.29,3.75610278371773,1.04069848556724,-0.00217936627206225,1.25336945136264,0.230406255085839,0.148127977653665,-1.05832565505901,0.390856228221588,0.0456313682649504,0.259601143467579,0.0720093631319441,-0.151143309028185,1.38777878078145e-16
"1506",1102.79,3.42429725077614,1.07242990973915,0.609411904377446,0.911680540467629,-0.11307809022423,-0.405208442840576,-1.19239686513381,-0.427578390130198,-0.91680150466958,0.144669529621235,0.239781273053668,-0.369373829104779,-2.23154827949656e-14
"1507",1103.29,3.50538350865715,0.607754364157059,0.695904880509555,0.517238182488906,-0.32261988489427,0.917042519451747,-1.02858114395034,0.529494653448673,0.730138653613372,-0.300094902145315,0.312075771867593,-0.465659205952976,-1.19904086659517e-14
"1508",1103.79,4.21376152230627,0.928532000685303,1.2999461250349,1.36676724639037,-0.586982082314378,0.292489792754904,0.624752850772452,0.611951243928911,0.609684488289095,0.235762490212651,0.194506938290936,-0.153808634959785,-4.16333634234434e-16
"1509",1104.29,6.22597754092227,0.201717502898589,0.387381742274174,1.49485814788443,0.782028067039007,-1.36864938779322,-0.183664804626173,-0.320360861588391,-0.540537190118681,0.340824557086677,-0.121574721711808,0.363161332815884,-1.86517468137026e-14
"1510",1104.79,5.31235591579522,0.230239106135788,0.179801735965634,1.47291586284577,0.449831145895605,-0.354444602742417,-1.13600919513457,0.197292001151557,0.187019626331935,-0.406427561883181,-0.0888053579798775,-0.0168012285829796,-1.4432899320127e-14
"1511",1105.29,5.08732368988414,1.41170117547137,-0.14168032355305,1.68453223032711,-0.728727366144721,0.594679779761453,0.732509334317851,-0.0721980087600793,0.0541307295412473,-0.66935457864023,0.19696172243828,-0.418313091118076,1.31977762052315e-14
"1512",1105.79,0.379875277409258,-0.350941497821715,3.61779192985837,1.36136167911258,-3.09304582366115,4.49311425029656,-0.534038976037009,0.619643169164635,-1.08739221402461,1.31021095238362,-0.215391255267616,-0.0706667949497478,8.43769498715119e-15
"1513",1106.29,1.28659952436151,0.2628752332164,1.00317307413993,0.397199561613867,-2.28645336937778,3.20221693483783,-0.774523140468876,0.408643386613179,-0.173714566108236,-0.366981681661006,0.00250636241265201,0.0697099992864142,1.24344978758018e-14
"1514",1106.79,4.30445879141679,-0.263580352089278,-0.168499844356365,-1.06299974090495,-0.0388648046200252,0.33268337261193,-0.965727733966896,0.539669657326554,-0.790903964027304,0.316067945460429,0.346394263648298,0.326029899661105,-1.52100554373646e-14
"1515",1107.29,4.41233414414374,-0.447823759194164,-1.50848096689919,0.0354273482342191,-0.362417652295734,0.584956143237228,-1.31322839973383,1.05517130827809,-0.225767333488834,-0.160961605772596,0.270154901823093,-0.00655390527889569,2.24265050974282e-14
"1516",1107.79,3.50856362819331,-0.88838376183909,-0.479483371490275,0.785102073989776,-2.29354789417613,1.50433210661203,-0.312183801873766,0.111683325924613,-0.812136054419759,0.0443238207245472,0.349847535791886,0.00203799371968348,2.11497486191092e-14
"1517",1108.29,3.39544745304377,0.336280041933423,-1.58754017006306,-1.09763174641122,-0.537473089716709,1.39651851811001,-0.0724495177016009,0.513466857684812,-0.478016708555487,-0.226416106705177,0.520105890569981,-0.0979994535825894,-1.25871535416877e-14
"1518",1108.79,2.77402591118016,0.321309424275023,-1.47130901401662,-0.0819860993855596,0.107136244228875,0.994439054597508,-0.942735085989907,0.597947220132276,-0.143413300454197,0.591545020178639,0.154460104494739,-0.300821733166044,-1.65978342181461e-14
"1519",1109.29,1.31255102722132,-0.315835197330856,-2.43007957412596,0.646623301991737,-0.617036703195091,0.989896050809039,-0.428470980649722,0.760377086828937,-0.135615472022806,0.396700418605504,-0.28646286973642,0.143020403368385,2.35228503342455e-14
"1520",1109.79,2.09625992806962,-1.45015173763547,-2.14672329520413,0.571749034513301,0.921576639150703,0.160957979518942,0.0292624489174425,0.0343560712140491,-0.240718585948939,0.225628622865061,-0.014076031403721,0.198084984058448,2.13717932240343e-14
"1521",1110.29,1.37457046980198,-2.38266134236978,-0.612040755710521,2.02069936466898,-0.685429455638577,1.34506518159364,-0.317143200678528,0.372211776953444,0.0250520834602624,0.570727473021778,0.0289916706512428,0.3512632852067,-2.17881268582687e-14
"1522",1110.79,1.2051691751517,-0.898607317969306,-0.971774815965131,0.844088292214431,0.934681858671153,1.03288302075354,0.495696038846841,0.931280750956776,0.329722464037521,1.10299017295046,0.31151253689034,0.208481264438306,1.96231919602496e-14
"1523",1111.29,1.93554138441318,-1.36502287194165,-2.49118928728656,-0.620682481992049,0.656703128316674,0.548764002459235,-0.297877548724121,0.233875221011189,0.0875512283911861,-0.157336914581502,0.033961790844155,0.110832237943245,-3.27515792264421e-15
"1524",1111.79,2.90163525113396,-2.59085718201817,-1.94946575485763,-1.58478567079493,1.04839663201897,0.883983597478166,-0.59728590225921,0.169786029374108,0.211298618741934,-0.0381744247915679,-0.0230308766361057,0.000390751834881777,-6.49480469405717e-15
"1525",1112.29,3.16868824019474,-3.08603860522079,-2.35195808978481,-0.00563463327228396,-0.559732479173759,0.410551913150204,-0.186741649494643,-0.0534420367632391,0.119339118717832,-0.934237973136208,0.201585755339417,-0.0377629695208527,-9.15933995315754e-15
"1526",1112.79,2.156957448633,-2.14374260190042,-1.13262237544311,-0.690761692134542,0.748622230058484,0.606367938814377,0.438658737486366,1.02315234991213,-0.00059363378612079,0.542253479027524,0.373901613167227,-0.406787649499853,3.27515792264421e-15
"1527",1113.29,4.04121448056819,-2.43299764354518,-1.57185309465244,-0.145399292588815,0.839366412009425,-0.0409203248216949,1.03843143842366,0.0235113719997226,-0.744944914746497,0.386790985200366,0.766727269938272,-0.0498093800142806,1.97619698383278e-14
"1528",1113.79,2.53230072418188,-2.33634198858108,-1.43394630329739,-0.212132490042069,-0.941790906026382,1.17629647155843,-0.188136013488544,0.715874646616951,-0.839293970131366,0.459266403096653,0.28250353474118,0.020654734144271,-6.84868828315643e-15
"1529",1114.29,2.46933048406545,-1.75032593189863,-2.40475806029483,0.00759056154313793,-0.53348817474576,0.84372321307935,-0.510600640877046,0.63087520690116,-1.31491565130758,0.872442373649188,-0.0405341558519937,0.0339493833810749,1.57651669496772e-14
"1530",1114.79,2.92339393909592,-2.18923457513562,-2.7075902202879,-0.420359505953785,-0.130065049825224,1.7778110830544,-1.10024117714024,-0.177159094745207,-0.5857744148517,0.971215984002084,0.14588944249859,0.0474776334317418,6.16173778666962e-15
"1531",1115.29,2.61770477671332,-2.83956364760173,-4.1359987852621,-1.62390186010519,-0.532700933068285,1.02075491839891,-1.5407325271323,0.967879806869831,-0.772817115801607,1.04968941232169,0.227204212855113,-0.105134464035762,1.87627691161651e-14
"1532",1115.79,3.77795299070125,-1.90293258157279,-6.32046782175047,-2.71539583623461,-0.684985669473401,1.3463998697899,0.19722037282029,0.990102706932725,-0.075125702249198,1.00885099063704,0.345211092638723,-0.496614435135003,-2.40918396343659e-14
"1533",1116.29,3.96946127620654,-2.26105624305209,-8.41479748498209,-3.75703014603012,-2.95640948696984,1.67186522611559,0.141239189100641,1.16291145644912,-1.36999544237929,1.8264445709265,0.337353740857482,-0.499445033212804,-4.44089209850063e-15
"1534",1116.79,2.55021284119772,-1.9230230816332,-7.19751791314564,-3.0107352840868,-2.18196599441988,1.06437007292936,-0.446244870978873,0.536306385209916,-1.19496118338477,0.373409738758811,0.552701256547372,-0.867999584618374,1.60427227058335e-14
"1535",1117.29,0.274438132357401,-1.40093708290188,-0.665937219666343,0.63298420913984,0.440118352861908,1.22644410843586,1.11288610604837,0.715966610575416,-0.261323709636896,0.930029156314183,0.771473044999975,-0.197043171068235,1.79344386563862e-14
"1536",1117.79,2.88500398802718,-2.36110941237683,-0.869581987998736,-0.113028473920505,0.368950083697384,1.65779982937602,-1.09493893142418,-0.633307729946766,-0.484675841230865,0.245579746830919,0.380323313550749,0.251868301083547,1.24622534514174e-14
"1537",1118.29,3.66566092097198,-0.34995934406053,-2.67526863739015,0.920622920808721,0.880030771652465,0.37965490188131,0.964837793424895,0.21488261781321,-1.19943523867074,0.323493000306217,0.564290092483326,-0.184142107650604,1.04360964314765e-14
"1538",1118.79,3.91825317392117,-0.369553811369627,-2.19726755731641,0.897462640345098,-0.934530596221249,1.90604306711673,-0.993142312749203,0.225078555080171,0.115994454186467,0.024015012399145,0.242905042252066,-0.121584176311772,1.12410081243297e-15
"1539",1119.29,3.34263711405409,-1.22120598543564,-2.43547745179077,-0.198799396162386,0.266839623106472,2.41140505395272,-0.542501711928519,-0.112846881248455,0.0161439678714561,0.00973628722809217,0.207925730202424,-0.34192888729375,-1.70419234279962e-14
"1540",1119.79,4.26851757174355,-0.926551007698711,-2.85179288473164,-0.142576032918543,0.509828657431968,0.641295580401759,0.178110825432228,-0.193884069618458,-0.97145039055593,-0.0872098782532211,0.230659826263147,-0.276565853877522,9.88098491916389e-15
"1541",1120.29,1.94940321548489,-1.18378444295906,-0.617985484941691,-0.187362485318039,-0.5529277248336,1.52533264745695,-1.68341089333092,0.382875998133043,-0.800395456435863,1.13026589575557,-0.317886325691868,0.0214157811422307,-2.14411821630733e-15
"1542",1120.79,2.6578402433759,0.57370761881514,-0.844125314822978,-0.751359155744885,-0.0378483237234232,0.575677290141027,-0.473861635205743,-0.183246248101054,-1.17789291535684,0.52955332253403,-0.302677684812497,-0.235132050829973,2.61179966543068e-14
"1543",1121.29,3.90732433665414,1.29133632129404,-0.485718029632439,-0.548470238735456,-0.0585936386370069,1.4721306911977,-1.83703577357165,0.0234595804753165,0.185324924085604,0.475960143324535,0.21799392857631,-0.157728259851069,6.67695065903473e-15
"1544",1121.79,4.00018934339555,1.22593203309097,0.0267433955679849,-0.6100840103796,0.0462646397929853,1.60391876886901,0.244641299147298,0.0455073515070124,-0.144283964703562,1.09253521646139,0.469708792942452,0.0724014404393649,2.11497486191092e-14
"1545",1122.29,3.68782925347765,1.57475205184852,-0.74683342479454,-0.597986962525672,0.406497202959435,0.347744844155609,0.139291620383124,0.224310310574216,-0.286273769173039,0.532129757247093,0.579119828216499,-0.157875442922426,4.69069227904129e-15
"1546",1122.79,4.42515237928887,1.38817793282974,-0.99882648984773,0.250081088143594,0.38863277415954,-0.480712735219383,-0.569139094015824,-0.0688571192182732,-0.513812482180305,0.413720958834442,0.143825322496034,-0.195003705681301,1.75415237890775e-14
"1547",1123.29,3.1727326031033,0.503164627314908,-0.689896577053162,-0.96722442341357,0.417544322764117,0.738684609195095,-1.23288888169942,0.181149815389707,-0.234851153872318,-0.133511887208486,0.20798181437528,-0.210177152133395,3.88578058618805e-16
"1548",1123.79,2.34941481241255,1.15528967722152,-0.643946926789393,0.525817482357255,-0.69904033318299,1.56247079472309,-0.738133340671963,-0.471993302270492,-0.235711364064011,0.539355162539837,-0.0335919750329826,-0.4852380361138,9.38138455808257e-15
"1549",1124.29,3.33996607068346,0.72111979167325,-1.28191602647671,-0.615136764357355,-0.816678713031492,1.45270463247024,-1.2290622759868,-0.191059851696803,0.0559752136911209,0.177223079720416,0.391623057645266,0.256280124135146,1.83325576941229e-14
"1550",1124.79,4.27517515599302,0.31473910577542,-1.82388162120037,-1.06711873519892,-0.305560837167124,0.986483721285497,0.0794808553056319,-0.164022899317948,-0.608594613841637,1.18515633039264,0.252187617162184,0.0796833280325525,1.43496325932801e-14
"1551",1125.29,2.48035108206289,-0.110869899110071,-2.28602372627618,-0.433648488115799,-0.509572553233021,0.610094742720906,-0.646332598385314,0.924241153473472,-0.548159353694226,0.950494602692701,0.646002094254422,0.13526596809304,-1.13520304267922e-14
"1552",1125.79,2.59854964701352,-1.67927148294359,-1.32291060969779,0.939492300343161,-2.05281619399544,1.29633901610367,-1.18736945080997,0.0463709785751155,-1.37646168240132,0.769496983811722,0.665014730790674,-0.444101798233747,-6.49480469405717e-15
"1553",1126.29,3.09437993860552,-1.57810485590186,-1.6199597955733,-0.0642720642850002,-1.75042494077127,2.55507098511427,-0.382688193918432,0.956227355848477,-0.501252136043254,1.12526730064093,0.983771633435721,-0.318885485553456,-2.52020626589911e-14
"1554",1126.79,3.81100263713483,-0.8238152499011,-5.40194337897748,-2.54117903241064,-0.964941618457616,1.26533317818687,-0.248903446161902,0.884304671238796,-0.516494721854756,1.08108210196727,0.0853994040308059,-0.927951727227753,-1.23234755733392e-14
"1555",1127.29,3.06380727504957,-1.59462478812554,-4.60549255563844,-2.5940620030561,-1.86378961004069,0.882478351087971,-0.937648496096978,0.00481074188416593,-0.90764374697648,-0.248121062507616,0.379661797127369,-0.40228000434168,-1.47659662275146e-14
"1556",1127.79,3.52984386739685,-0.930107395532015,-3.65999945098288,-0.926452026680486,-0.17754932490223,-0.550126323326424,-0.261786637360926,-0.3269432704618,-0.986776467429629,-0.570751826571699,0.472770240259183,0.0128888348358225,-1.59872115546023e-14
"1557",1128.29,1.44661517805971,-0.864259785309148,-2.7839651050701,0.667785209955759,0.234881076254497,1.08199207937111,-0.640531264730767,-0.139795729255266,0.232745062922212,-0.110047770319223,0.20876917915318,0.0323596255699191,-1.88737914186277e-14
"1558",1128.79,1.18332417279776,0.186566367367591,-2.56355714638009,-0.110186094508576,1.44187520024461,1.23376559224863,-0.291624348644205,-1.13581228684146,0.155166401582426,-0.159088479609113,0.17793045570858,0.345936638280048,-6.99440505513849e-15
"1559",1129.29,0.185375730374716,-0.0688087426694348,-1.77596791840161,0.703805938120586,-0.356844997391627,1.63136743786816,-0.689017585940639,-0.762682660503266,-0.0204398051390974,0.144474167481439,-0.0866811530146899,0.159587633570975,8.68749516769185e-15
"1560",1129.79,0.6141625666042,-0.0399283212828242,-1.47060060743419,0.0325690509201308,0.0898050697470486,1.56847214572227,-0.121940516978662,0.214470752381625,0.0392618736793902,0.511689961872316,0.242663738822211,0.0975891121894084,2.41334729977893e-14
"1561",1130.29,1.81519111381362,0.36629905298183,-2.04608636717557,1.49952891046167,-0.232839303967465,0.911233190700441,-0.653372591466358,-0.530633738150942,-0.0153172763067607,0.150738330447413,0.19178022421134,-0.0481320834821664,2.41195952099815e-14
"1562",1130.79,1.65394017746169,-0.155026138955749,-0.635439420189612,0.601401303194009,0.00466504986972349,1.34526964954133,-1.90069457065593,-0.848020467850715,-0.247905546730126,-0.114498362547627,-0.131828714883416,0.0415946459137353,-2.51049181443364e-14
"1563",1131.29,2.88151645753443,0.887277578844572,-0.588348840134213,0.582553627256306,0.896025241459998,1.20617793458274,-0.917681406983036,-0.950234443870129,-0.0273462188681577,-0.420998326247036,0.452289437122984,0.165186013626318,-2.08444372873373e-14
"1564",1131.79,1.80833970788226,0.89599545341441,-0.319463519171088,1.70012186595818,0.700072844677981,0.682987475311946,-0.191205344559958,-1.90822140930352,-0.756087601159316,-0.789840231382832,0.12441416053933,0.165335062448206,2.15660822533437e-14
"1565",1132.29,1.70481972481279,0.701186228062271,0.513441972274306,2.25003094027443,0.210299488289556,1.83410677058795,-0.286103033698519,-0.819843827899375,0.680985731140619,-0.675451818764831,0.248138283334617,0.157279772145503,-1.80966353013901e-14
"1566",1132.79,1.59094046577752,-0.674665682079588,0.839508926110085,3.18770608983773,0.693858963404998,0.984989826576484,-0.403998120674384,-0.338126561917658,-0.115961735848643,0.320217801120522,0.0692868704235822,-0.0407103061606192,1.04777297948999e-14
"1567",1133.29,1.66077070062034,-0.652657002692287,0.996560811681187,1.77050097308401,1.71961797392392,0.275266571871291,0.886831924602154,-0.0461083493971122,0.146525152495509,0.246328802025595,0.278691233994532,0.377103857905961,1.34059430223488e-14
"1568",1133.79,0.0330582006484868,-0.263500215542802,0.381907310083039,1.04422146421728,2.50602712045978,0.600371875189185,0.290822146237673,0.308934694667743,0.462309687645902,-0.145395120365143,0.167883274802228,0.150023740082027,-3.5527136788005e-15
"1569",1134.29,-0.869138440968951,0.686414591252715,-0.477687164211287,2.27748776243296,1.6140874441686,0.887349972264273,0.964841378413541,0.500153983097638,0.131156813821502,-0.839609101758897,0.110704920938878,0.0999097077515862,-9.89486270697171e-15
"1570",1134.79,-2.26088680983326,0.351849757224749,1.22525697649307,4.34216182941883,2.06642761398771,1.49753717078363,-0.734565831896621,1.01549348391345,-0.45842604696744,-0.559749719122037,0.402113600832538,-0.153546316213952,-3.19189119579733e-15
"1571",1135.29,-1.28627146725648,-0.0232568037371664,2.21566534104278,5.94796049238487,1.38842870798446,0.750458854916692,-1.28084102946086,-0.435993684724257,-1.78668507902127,-1.76204077914864,0.622795547956868,-0.237427931813687,1.77635683940025e-14
"1572",1135.79,-2.40208469386656,-0.301054961367994,3.88644665819537,5.03093814096462,0.720370148231807,2.01359546505235,-0.808833773795031,0.622692769598494,-1.91260365693155,-0.44464162843913,0.67653239835335,-0.677854246163427,2.44249065417534e-15
"1573",1136.29,0.365156134736728,-0.855681849340986,2.22487377805213,2.64688116560109,1.06026867526651,2.39041137413308,-0.510716266235063,0.367788201883004,-0.183596498581078,0.358295203607716,0.506969953711274,-0.253351179766244,2.21489493412719e-14
"1574",1136.79,1.73684763612847,-0.257451805640907,-0.3575165912573,0.27004084510299,1.9990410170861,0.376309427754255,-0.118178055846945,0.089083379748981,-0.669870178677621,-0.428599523646264,0.177838777546982,0.453132088339127,-1.38777878078145e-15
"1575",1137.29,-0.0856975839744109,-0.184506246426957,0.269583510367725,0.389581060454428,1.54357309420387,1.53860314772353,0.399444269319814,0.0428162937006985,-0.333993827631474,-0.516680689899509,0.477621587773144,0.105829880226411,2.01366701091388e-14
"1576",1137.79,-0.201902810585663,-0.264635287250825,-0.156427158473011,2.39190117962143,1.0807126761911,0.723008459550591,-0.0788155089598827,-0.0290273905489625,-1.18789684652809,-0.569960831085828,0.300957913965559,0.237733170708263,1.5709655798446e-14
"1577",1138.29,-1.97868703218329,-1.6879372802081,2.55400161630185,6.97168925505919,-1.03594160160194,1.15912735226743,-2.24915992866809,0.224367619918435,-1.30000445361343,-1.01753404716033,0.615651402232153,-0.22124488856694,5.10702591327572e-15
"1578",1138.79,-2.08746732498324,-0.352401321756288,1.71146055552961,6.30365884461793,0.193307694351585,0.103368967010824,-1.80829635741207,1.67799716466741,-1.26189575008773,-0.736159576823077,0.577111645997526,-0.376096344878152,1.83186799063151e-15
"1579",1139.29,-5.24267736966409,-0.868237752304408,4.45999082019218,4.72436826876619,-2.96826423804621,6.33429004831714,1.02688684161373,0.285275017238938,-0.118612691054279,0.350466822465051,-0.0762864839535168,-0.0860002893569538,-1.37667655053519e-14
"1580",1139.79,-5.53575584051914,-1.82052790336738,3.72380181430088,3.00398769006635,-2.96334426009216,6.99392763246644,-0.289465999261211,-0.733062545593103,1.1160404784852,-0.749906212299378,-0.473846340501611,-0.441374040875627,7.99360577730113e-15
"1581",1140.29,-1.98882631312923,-1.77181192062694,0.795100425380829,1.81654591852917,0.881808118318138,2.23252001106847,0.756864469509361,-0.0668503910726138,-0.428702296227126,-0.316371636977479,-0.090398776865622,-0.312021567609342,2.23154827949656e-14
"1582",1140.79,0.355250608624151,-2.19167537841665,0.315809356208903,2.39389982294664,1.62230359823629,2.1691754353325,1.00560064735329,0.835469733526655,0.377287507558528,-0.141362467300566,0.329057038732683,0.0602218238581615,-3.7470027081099e-16
"1583",1141.29,-0.599128632908819,-2.538579747151,-0.0150098913207838,1.59791004560152,2.53931531204272,0.316512645181395,0.655499522535381,0.312641989125968,0.0207942244864872,-0.40387445149966,-0.112533069474747,0.309284013360968,-9.54791801177635e-15
"1584",1141.79,-0.502234486317132,-2.53319709528952,-0.13920722204102,1.14531427623286,2.75014429310771,1.17648883416455,0.215038827464544,1.12420882208119,0.743546621812209,0.103533641336136,-0.208562832964269,-0.0301833451052782,1.26565424807268e-14
"1585",1142.29,-1.6203536186243,-2.58132763618182,0.352637658332119,0.696802479325217,1.6537673759694,0.998104830705899,1.33214649201013,0.605440519754584,-1.17276506671575,0.327453643843962,0.0477991094076432,-0.259296688004813,8.88178419700125e-16
"1586",1142.79,-2.8122977137787,-1.45605938892841,1.07294544142082,1.92000901416412,-0.60971765460786,3.73516513373557,1.27823416134743,-0.0428803121097445,0.211804130557244,-0.831560747293327,-0.0615263540832449,-0.393550011633235,-1.4432899320127e-14
"1587",1143.29,-1.24402394733291,-0.81969569775208,0.609610933660472,2.58563815580237,1.6917226545506,1.25866805310694,0.453353326913676,-0.556019540396351,-0.658175221005041,-0.0414466878169884,-0.474107520977018,-0.556505909226814,-1.91235915991683e-14
"1588",1143.79,0.809457625734705,-1.60164063707639,0.35130756068196,2.06040071542848,2.14269553590767,1.09535776807142,1.44707246567389,0.513328421058144,0.0640419562207814,0.211922426034368,0.158579103484974,-0.0267836496761409,1.63202784619898e-14
"1589",1144.29,-0.0638604303390744,-3.03474268802799,0.606530358041293,2.08320269588233,2.40894884483449,0.260605372684884,-0.715457790744392,0.207858347538743,0.400796683304356,-0.422873504547943,-0.203823938535117,-0.152948972051316,2.19269047363468e-14
"1590",1144.79,0.641614443143338,-3.11189668549667,1.00492171506641,1.35646372521215,2.73628460787381,0.799385492064189,0.939811926727297,-0.685993238687003,0.255769578151658,-0.304573331248316,-0.200829954105204,0.116685112405552,-1.60982338570648e-15
"1591",1145.29,-0.0199585165932339,-3.19141840905591,0.669167852800385,1.22283767879504,2.38742189105033,0.82405891972989,0.12467538959729,0.746957942698081,0.473556358433502,-0.008533539944322,-0.621908023358411,0.0830293561479053,-9.82547376793264e-15
"1592",1145.79,-0.190570404228155,-3.08831191114945,0.0124049267515839,1.20534632167249,2.20932123120399,0.256990090521146,0.119861501743963,1.038521238849,-0.0384028026899446,0.58350501209441,-0.278732097485903,0.0779724150927171,-1.19348975147204e-14
"1593",1146.29,0.0559953402823248,-4.05585299740547,0.430303381685627,0.22052600015506,2.5952960429598,1.79475145980957,-0.262638075129683,0.344837482048197,0.642759945313706,-0.0826113737526549,0.0294042824763927,0.111052775954201,1.16573417585641e-14
"1594",1146.79,-0.00621883927263421,-3.0426828174077,0.53907101177807,1.48600427836832,1.0209599960243,1.00492409764509,0.484737444753791,0.474721191765692,0.255004741583066,-0.0289680283233776,-0.101807175135084,-0.152058048365101,-7.88605292179057e-15
"1595",1147.29,0.66501014482558,-2.36879485253418,1.11621767822466,2.11586002210153,0.814501749659941,0.807122246534963,0.181805560504978,0.674184648763463,0.385599001750049,0.910006804002484,0.1966700753381,-0.222525480051214,-1.74166236988071e-14
"1596",1147.79,0.17193458108701,-1.70990969101638,0.927978336221054,1.30403556070854,0.0475019297344396,1.34293335255351,0.208428216186447,0.328853905135625,0.0435765916434733,0.214004932151244,-0.156306520515147,-0.166593608610275,-1.64868119156836e-14
"1597",1148.29,0.415241068890072,-1.55292486213377,1.51160351846459,-0.600584108116732,0.930322239840676,1.26730607022305,0.729574426514359,0.127717031608655,-0.169301101135283,0.425111351962276,-0.0218900775508524,-0.321677231886376,-5.67601521339611e-15
"1598",1148.79,1.44055708940375,-2.02131478313227,-0.219232294366745,0.873731093495538,1.35892919918782,0.767197540943953,0.289649141647762,0.786558384581673,1.21013650311788,-0.00880995492946667,0.0856917252893188,-0.0205261204073728,-7.68829444552921e-15
"1599",1149.29,0.606495018177046,-2.42860294239074,-0.734440343571807,1.49975036593397,1.91634409260054,0.0797130169693746,0.127330702467783,0.82416294883227,0.55239405199371,0.484895408853821,-0.1353992354516,-0.23385365095072,1.88737914186277e-14
"1600",1149.79,-0.703165341890771,-2.34780716336782,0.203332097883114,-0.494168852965999,2.35647246341006,1.33165479940043,3.17334095481941,0.297944996671495,-0.0848314009582826,0.730104501101974,-0.115008383220494,-0.282791205548467,1.16850973341798e-14
"1601",1150.29,-0.193318570283256,-2.80193358294763,-0.41889669666621,0.990522795604536,1.80582942432065,0.525229257475932,1.0914471352871,-0.184914298500554,0.128242312911348,0.394164350807812,-0.198248052966118,0.288651860624608,2.54796184151473e-14
"1602",1150.79,-0.0509914564537143,-2.53488071841434,-1.52780567100534,0.261705752530141,2.10739965590716,1.98651168548263,0.406474554215195,-0.310445185254598,0.960018638315056,-0.0520381612057553,-0.224647309535354,-0.378972566120344,1.20459198171829e-14
"1603",1151.29,-0.136178434707357,-3.20343585005423,-1.12062257950526,0.47702461026639,1.40974710724213,1.03915003707562,0.183555109021164,0.916483646935531,0.439967981734367,-0.0334007079999679,0.107254177072916,0.190155171463867,-1.55431223447522e-14
"1604",1151.79,0.678886047849745,-1.71781760329906,-1.44783027786176,1.00758997560622,1.78025199083461,0.186327667155937,1.29164381929109,-0.139248541890739,0.0529893392653392,-0.440301883639866,0.0106758514960089,-0.25085114229969,-2.27595720048157e-15
"1605",1152.29,0.949593175064065,-1.50927367271234,-0.615804957788396,0.502893463709642,2.01340293756069,0.252145404606697,0.261661035130217,-0.178196459098644,0.294128119672356,-0.660683930179528,0.11518377020909,-0.396385966775649,1.2267964422108e-14
"1606",1152.79,3.014651786532,-1.74211206037664,-0.270864030670462,0.561928426046054,1.63655037046965,-0.318001197195232,-0.182103087105662,0.358886248875007,0.627808703574517,-0.513008850423295,-0.0316940853199461,-0.158979037276743,2.26485497023532e-14
"1607",1153.29,2.06547749097797,-2.53840326980615,1.97041353635706,-0.195512893551704,0.463764983153379,1.11316115721147,0.923095021232095,0.203068385340702,0.348649070142063,0.0813274566319376,0.114909711694987,-0.104197712573597,2.14828155264968e-14
"1608",1153.79,2.75299717241933,-2.01838032501153,0.721671501008694,-0.681838050521706,1.749229663393,0.430952870351089,0.813956014695506,0.421787853411288,0.593472545028235,-0.680957416848426,0.215256302910676,-0.426598590084027,-5.10702591327572e-15
"1609",1154.29,2.44669166025949,-2.76934483705302,0.799623883148135,0.175117424413668,0.615914402751057,0.142691932889332,1.11174734804857,0.831364112376139,-0.412291280706247,-0.0439438649065129,-0.319160121928538,0.196639310300593,1.0325074129014e-14
"1610",1154.79,4.18689750497087,-1.40667706615201,1.08450060980404,0.116953444396448,0.884733391878546,0.836944787389072,1.45177462013901,-0.225914776686777,0.605838783186097,-0.152147021666126,-0.119143501358385,-0.0560419403209246,1.58206781009085e-15
"1611",1155.29,3.89251100693814,-2.18628500210792,0.630552920370495,0.383850430678305,0.991017395994478,1.38612959545189,0.861199455568571,-0.318924582283904,0.814362037762744,-0.78286523265333,-0.0952386902119693,0.0145775918155744,-3.88578058618805e-15
"1612",1155.79,1.79753987803266,-2.16769210572489,1.1919462467464,0.917493185578673,0.421176114052135,0.711678757863111,-0.387689436589496,0.993861054130222,-0.616511459192802,0.144747693033837,0.0581314083631303,-0.250179772204331,-7.46624984060418e-15
"1613",1156.29,3.62583960435851,-1.98931501756636,0.749446660950491,0.364939130949513,1.4491053902124,1.21992251014678,-0.128701567509922,-0.58698849826118,0.318944611725276,-0.948650840083531,0.188932561681432,-0.121927903759525,-1.17128529097954e-14
"1614",1156.79,3.33924668172638,-2.05544333000755,0.925447487898244,0.108467552424574,1.12838654063842,2.04918479227742,-0.258177148741896,-0.134594560273248,1.07782765306883,-1.33500510000379,0.154071112669944,0.117860720438072,1.45751466451571e-14
"1615",1157.29,3.1936291399211,-1.88277497076554,1.2703352793637,0.0416858496345088,0.559526025285069,1.05793300543213,0.0768177272899693,-0.0758244794499917,-0.394510168279678,-0.74694610343366,-0.167658954410902,0.244731969794805,8.27810042736132e-15
"1616",1157.79,3.37921796918757,-1.93252546802742,1.98488534671584,1.45018638230619,-0.155837304256923,1.24169838820437,-0.516876423431686,0.117649344416691,0.282752452483678,-0.475135693111101,0.177147415325712,0.193818523098288,1.30451205393456e-14
"1617",1158.29,3.77833878162138,-0.688351245269529,1.29654718413706,0.614533298600265,-0.199040632323412,0.869042003743328,0.169239747865775,0.0374034361998322,-0.386323835961354,-0.624087351902386,0.0157039940235496,0.0351303660916361,-5.59274848654923e-15
"1618",1158.79,3.63714186913753,0.215727353704245,0.999108372946656,0.649359699018259,0.86117258378105,0.129093460272016,0.405728275611326,0.815064018061624,-0.529836770455076,0.166424653181226,-0.040452772960139,-0.15843031471092,9.76996261670138e-15
"1619",1159.29,5.14062232547037,-0.162068748826853,0.549728268680829,1.57294889258994,0.0929649805081318,0.344595485049271,-0.342337121513726,-0.141781445773794,0.320542560090171,-0.765777003429348,0.0858701554196391,-0.126181497437979,-2.19269047363468e-14
"1620",1159.79,2.86377509078927,0.825681380600095,1.19890394870573,0.269095365076392,0.854151382117499,-0.0510446674759447,-1.18672464616008,0.580722956057394,-0.308287532274804,-0.156764523573284,-0.0552694310560957,-0.193835499841309,1.41275879883551e-14
"1621",1160.29,3.07197469250807,0.962358778713996,1.5042436648492,0.576857315089828,0.169568233129507,0.264046491020738,0.375435791115352,-0.514346806174944,-1.01649938000241,0.356029793913815,-0.495696148520171,-0.166089458308075,2.10387263166467e-14
"1622",1160.79,4.96565076201328,2.00098387345769,-0.112702911405326,1.38563702618828,0.869663282214957,-1.2774424742727,0.598410613391558,-0.124687107777595,-0.672560720787838,-0.148575243322579,-0.0650291431603125,0.0664136004112514,-1.24344978758018e-14
"1623",1161.29,3.97266867008122,1.95268769973008,0.731236730634029,0.274022046106894,1.66101780050117,0.023404432688916,-0.478211319148251,-0.18073255972702,0.102653742231457,0.0242044416301926,-0.327311480725858,-0.096405123771145,-8.32667268468867e-15
"1624",1161.79,3.99716279410125,1.2919415261679,1.4624194017179,0.271352837595173,1.36488026131106,-0.18356603648091,-0.361100598425708,0.344368255518372,0.0687676227989467,-0.0856363561792516,0.321503213976112,-0.124145800060572,1.4432899320127e-15
"1625",1162.29,3.96437200169062,1.9838664805643,1.45462202192462,0.33279917433261,0.355442729859916,0.677185029519311,1.60046545943758,0.125467155182244,-0.00483205124515615,-0.0111653809302194,0.226770957009731,-0.26120010790664,1.40720768371239e-14
"1626",1162.79,3.4219961478247,1.18088629283238,2.19234463214138,0.489690572746413,0.20097912654128,0.615170392750888,0.240663213741482,0.285228269831074,-0.646370412114509,0.745728326289343,0.0910482338608201,-0.0399359170226804,9.35362898246694e-15
"1627",1163.29,3.03467365789846,1.20012037826637,1.01312581892733,0.254355444874804,0.532409532639472,-0.433504616373944,0.428259505141406,0.115098495013989,-0.76982792586136,-0.234502576780661,0.186545403987051,0.192034239974135,1.6153745008296e-14
"1628",1163.79,4.27659697973629,1.45930195655016,0.614145641038672,-0.385843449066199,1.55565379778862,-0.0760602501156653,-0.312148685841588,0.272183624279346,-0.128116484435917,-0.375173207501958,0.397584084931366,0.0139982153349421,1.88182802673964e-14
"1629",1164.29,2.9434746226463,1.23669703920973,1.11009637787339,0.46492128354486,0.119266801189144,0.228454307034838,-0.399897677667333,0.855714748372954,-0.314453780827786,-0.0876666755499531,0.22004353941862,0.124127758805739,-1.95884974907301e-14
"1630",1164.79,2.97389825952947,0.308202413088014,1.48511740523698,0.841902614886152,-0.549871190270458,0.553386971629537,-0.0466515919988847,-0.138914938924714,-0.838960877602372,-0.149279185384074,-0.174275745624662,0.455026726067952,1.70696790036118e-14
"1631",1165.29,2.38010587607215,0.512054778341961,1.44845915240236,0.821094695019317,0.450324971588715,-0.470119592005479,-0.746242684758876,0.0371812237909196,-0.89712927122181,-0.0865071056422712,-0.266831099284594,-0.0742709143255134,-8.90953977261688e-15
"1632",1165.79,2.69179749668349,1.49141290435058,1.62093018840701,0.405801024359174,-0.22929044049917,0.731508085869884,-0.409073764442763,-0.211477321875481,-0.134954751287072,-0.44359811944343,0.17998373195562,-0.137797200176246,-1.4960255256824e-14
"1633",1166.29,3.64765868670198,0.984083585383964,1.23160586422462,0.367283909802395,0.762759369798213,0.239158378168415,-0.746472415317857,0.337779554546676,-0.0196795687337036,-0.135816895733042,0.0818617251956101,0.0095710343964341,-1.38777878078145e-15
"1634",1166.79,2.32743031158834,0.152157025181296,2.49630769633587,-1.00530118116034,-0.23767830424423,1.32705904669214,-0.573679478794932,-0.168755027326539,-0.746868023246129,-0.0812427326784421,0.0716177820385217,0.039316504909433,-1.90403248723214e-14
"1635",1167.29,2.73817861460046,0.766370682501154,2.31838117270995,1.43308644066618,-1.18861450860708,0.904879878819249,-0.300758200729872,-0.122995918510665,-0.190955954637597,0.303933161070331,-0.0992869841874333,0.0892871791196484,2.22044604925031e-14
"1636",1167.79,3.86464276189563,0.380997343128584,1.59524025249478,0.439829534727466,0.554387292083262,-0.25458983772699,-0.177521330802039,0.633410366591851,-0.572999044435916,0.476106407606508,-0.0146016218887635,0.3503626497641,1.64035451888367e-14
"1637",1168.29,5.41558110326984,0.83218932976297,0.835601596275309,0.665958971010442,0.310651254780315,-0.178855466795354,0.904673589383871,0.209629610459548,-0.118540803644059,-0.264884344638252,0.156131808565583,0.291437772005562,-1.08246744900953e-14
"1638",1168.79,2.92343750376303,0.871302163332413,1.8718452567982,0.473548431214252,-0.713026946573254,-0.00680793577533978,0.405635291127124,0.199158786785511,-0.783151403051995,0.0567947755620064,0.0136314553611292,-0.0618829698537004,-1.98729921407903e-14
"1639",1169.29,3.65056052038168,1.35591861906724,1.8700476686207,-0.427755838451647,-0.427912839474815,0.594645914838181,0.152699683262989,-0.151751879507838,-0.134544547279429,-0.542812208371612,0.153189852154108,-0.441115127297861,-9.0205620750794e-15
"1640",1169.79,3.43916870474183,1.02584858204962,1.3085039171485,-0.263044603209893,-0.192553062054979,0.436076091346374,0.191310475533871,-0.0760662448331565,-0.112920347165386,-0.61193129308201,0.0913608771127989,-0.0875422889558605,1.59594559789866e-15
"1641",1170.29,4.72942326885142,1.22115403887596,0.144207740757475,0.831823754346565,-0.24642919440272,-1.25964289138803,0.0250321161007343,-0.342257179013745,-0.937633260743134,-0.495850536894115,-0.405678872924977,0.379356409872492,2.44249065417534e-15
"1642",1170.79,3.80324895874731,0.614973491117485,0.866727289683594,0.222149279601494,0.821607895346721,-0.283162074471911,0.0973782387358764,0.260751454508249,-0.408334854049149,0.0210902684633204,0.235511052693633,-0.0932388546916883,-1.85962356624714e-14
"1643",1171.29,4.85999561303049,1.33827002030594,0.942567851290771,-0.306916507202233,1.12014161762199,-0.00514781351295646,0.646037494788883,0.0346313694196088,0.22897887714042,-0.270091741778047,0.779454575409189,0.238354231322705,-1.22124532708767e-14
"1644",1171.79,2.56043645694558,1.8373614740035,1.06558894755788,0.634609780298147,-0.0604995104328793,-0.658705834387591,-0.130789835568998,0.553765900800904,-0.769376164443467,0.00895223092088802,0.0896476059022479,0.0138619150839684,2.20518048266172e-14
"1645",1172.29,2.97463048832458,0.72052091573404,1.08600175903563,0.645097367763747,0.087827117329678,0.00131948949892348,0.19921412564218,1.11934833977634,0.114272577124253,0.116431002605821,0.231320380442921,-0.199510871092949,-6.0437765903032e-15
"1646",1172.79,3.95497751988089,0.21480923047934,0.663091255928902,0.886005500241663,-0.188128395752625,-1.09222835467572,-0.596758500214055,-0.36117649534716,-0.450189397772232,-0.658591842297088,0.0772330346293662,-0.129688706121221,8.04911692853238e-15
"1647",1173.29,3.78177462879185,0.717861076907651,0.822166273586307,0.467549817104059,-0.452073739552998,-0.183228980883673,0.231133750452519,0.952253867620357,-0.00479984654758554,0.0454243583938188,0.366769647241293,0.0560332360635581,1.19765308781439e-14
"1648",1173.79,3.30196497213808,1.46326918632345,0.330726476287638,1.11017293812268,-0.103874362124365,-0.887274029963477,-0.775696405415044,0.213442915624646,0.0355061387551378,-0.388304232021456,-0.156273537657603,-0.19859506432472,-1.4210854715202e-14
"1649",1174.29,-0.332851252012028,0.220100438502014,3.85881646882845,1.02770209702135,-3.39005302906167,4.43472339912175,0.553887855542223,-0.146469759649908,-0.131335199526197,0.508136925630436,-0.529876846733295,0.511016596752948,-2.02060590481778e-14
"1650",1174.79,-2.12848380736383,0.588358925822718,4.53478643124312,1.7764302079,-4.44623712045516,5.75067897591161,1.35950801147921,-0.196382263338878,-0.0783328597730035,0.676423842743042,-0.217249580400251,-0.345618654470557,-1.06581410364015e-14
"1651",1175.29,1.09749386395935,0.49174996941896,1.71829479206512,0.802771595825341,-1.58178358327152,1.00405565495947,0.423519820807159,0.439024026005073,-0.383585832075145,0.378616392463557,-0.0665833237870544,-0.255518807514474,-4.9960036108132e-15
"1652",1175.79,2.46864473422644,-0.348082765704728,0.971587203196466,-0.870320010886397,-0.365220548161056,0.578539414231029,-1.08699965753084,0.603022878185032,-0.0984590749399114,-0.626078256237563,-0.281352291124196,0.308791572978014,1.25593979660721e-14
"1653",1176.29,2.67517044583509,0.376508863079977,1.28502529547429,-0.534553960188142,-0.849242550175319,0.668037338750607,0.901642625293442,-0.333523324482778,-0.642446304467893,-0.0171061872658707,-0.0851366699085002,0.217758957150636,-1.23789867245705e-14
"1654",1176.79,2.80329426318492,-0.242195997355448,1.13326168550579,-0.917073912673161,0.0931760968438595,0.464439665479301,-0.656294192595482,0.889730271712417,0.309724660337481,-0.291010743779638,0.282819795881311,0.327101870127458,-2.27144691944403e-14
"1655",1177.29,3.76758730282036,-0.306847783820872,0.913642616606433,0.292090622479049,0.0889594143972931,0.184473418093917,0.942386272856921,-0.397801238007802,-0.0316867463435198,0.0104259789516376,0.160764345731705,0.225969936741008,-1.64382396583562e-14
"1656",1177.79,3.29141688608123,-0.135973156622044,0.440960968550545,0.416440636121245,-0.246555391669274,-0.422912372960781,0.344655991539261,0.744779738422218,0.150276029613346,-0.371526258294755,0.155878325129181,0.140677456015078,8.02136135291676e-15
"1657",1178.29,4.27731220427239,-0.776152357788573,0.186805227710092,0.823195953334389,-0.52325544544664,-0.583933802138438,0.887847264870933,-0.207796177859755,-0.383266105235533,-0.405915406493357,-0.0463064127416209,0.0901879675946193,1.99285032920216e-14
"1658",1178.79,1.52008420469268,-1.65484365143179,1.40782880328224,-0.415977653266992,-1.03142292141545,0.576813320700595,-0.831465477596307,1.18154029370713,0.0829368040852977,-0.432140802487989,-0.120424233144541,0.12230587252965,-1.20459198171829e-14
"1659",1179.29,2.01146277932646,-1.21959040533099,0.675627243403972,0.729688666140391,-0.992171321422321,-0.684103322343786,-0.235730228949447,0.522556771480815,-0.5831530057672,-0.233454551223737,-0.256235955526318,0.140858375632957,1.29063426612674e-14
"1660",1179.79,2.14530022432647,-1.20954845491825,1.39890303814925,-0.737667243171697,-0.591966675541839,0.388108217677803,0.983171420193056,0.811967930947489,-0.478641016969234,0.0996577009857136,0.23575123290604,0.280338407308559,2.21628271290797e-14
"1661",1180.29,2.42910270753993,-1.67470661305411,0.974462114675161,0.499454627273411,-1.28008226601183,-0.187855023523422,1.03715722444311,0.952167291374369,0.104432371273382,-0.360898615921221,0.339283256218366,0.23873822854938,-9.6034291630076e-15
"1662",1180.79,2.36230858759136,-1.87807835078068,1.09990302902328,-0.609228615478859,-0.794318538010398,-0.00370831546336896,-0.0649626867292828,0.138733225773345,-0.277558863446029,-0.41979773631476,-0.169519928340871,0.243964862803072,-1.28785870856518e-14
"1663",1181.29,3.05663619429634,-1.37169027550839,0.749968517355166,0.610849818598736,-0.602838335734831,-0.415441533021522,0.760789550092425,0.916015473530127,0.46611227381991,0.0156567054653072,-0.0380657156374038,-0.131669840637689,-4.7045700668491e-15
"1664",1181.79,2.99232218352046,-1.87906868880448,0.438523427821354,-0.532921170164512,0.648774619690948,0.0940393601848133,1.16272338731806,0.134255931628663,0.708045018878926,-0.427681401548667,0.219305523936824,0.19693070820915,2.3037127760972e-15
"1665",1182.29,1.13418255045235,-2.48695732990064,0.58237271508058,0.00300139989737813,0.384222850600785,-0.500603729902384,-0.200680960190828,0.518772948424888,0.134592443348547,-0.247874406765388,-0.0484698321476596,0.355217275033894,-2.38975506050565e-14
"1666",1182.79,0.414221709464666,-1.98227928460122,0.488800186478898,0.343235633523334,0.337007958186308,0.0785692578378673,0.67487883189948,-0.341194114293872,-0.152283505176643,-0.243983557004066,-0.0992080080582338,0.173840486229723,1.11993747609063e-14
"1667",1183.29,-0.16656129580092,-1.12162617102865,0.171801796008127,1.27281167857761,0.316586511268624,0.38707297881296,1.23698117796872,0.0810393994158516,0.425041105035348,0.128599316887682,0.0384210899457536,-0.243728059465878,6.78623823802127e-15
"1668",1183.79,-1.00550724602665,-2.027656374067,-0.0576442436710072,-0.964736255980512,0.374058764213891,0.106786475015393,0.969979655681935,-0.214112373788793,-0.78394993013722,-1.13289409765415,-0.00705162301938879,-0.115719845322303,2.98649993624167e-14
"1669",1184.29,0.676577060367007,-2.47049746956367,0.324525880902682,0.611424506684457,-0.920956929139002,-0.493313209551302,1.06304262694028,0.203439345574671,-0.258951173694585,-0.36099029254239,-0.0502984726054378,0.261859666188088,-9.89139326001975e-15
"1670",1184.79,0.335556760198376,-2.41392553417023,-0.0250229165871212,-0.0104700159015527,-0.440771819094234,-0.484491906517634,0.744431579390567,0.365412859082977,-0.28166042438997,-0.38324929577552,-0.381003679355606,0.0983989712015988,1.50296441958631e-14
"1671",1185.29,1.92914656183259,-2.27959783078552,0.701433833090201,-1.00203813141275,1.30298317346329,-1.1805046964728,0.922960181197802,-0.115787397624302,-0.1930056188961,-0.147001674946037,0.280482780705277,0.33739379047113,-2.03170813506404e-14
"1672",1185.79,1.36530143944587,-1.72233489928891,-0.37555494430692,0.300730114255098,0.830124605127675,-1.54288130634454,0.520823314701507,0.991894940105005,0.282801616101702,-0.733170459006397,-0.0646534211888908,-0.160348999885432,-3.88578058618805e-15
"1673",1186.29,-0.221269324093984,-2.51446183870555,1.17264574749957,0.216105000446812,0.229445431849794,0.0579816023201774,0.118513684932947,0.275386153974517,0.0771034530134426,-0.272127938072693,-0.10353665826714,-0.10861117385327,-4.72191730160887e-15
"1674",1186.79,0.746741551521016,-2.98033644482942,0.837597441686147,0.254316825946851,0.169588586026945,0.0870504844367122,0.33127400531573,-0.199642282756435,0.0363608817673368,-0.885435108026021,-0.187948081909985,-0.13985945837218,-1.17336695915071e-14
"1675",1187.29,-0.850511178539608,-2.98471065572387,0.825451977291412,0.394749838545846,0.704733501626391,-0.123041159067951,-0.265272055138598,0.217867135577916,0.0424116084230138,-0.869552080004383,0.2116907154479,-0.244974480875551,-5.57887069874141e-15
"1676",1187.79,-0.0473367638576684,-2.089599651606,0.700232108872664,1.00369541993527,0.296081345168399,0.674116453031588,0.0504489115209666,0.627880474469455,0.523701534848833,-0.417646198780232,-0.132360909522778,-0.371097061841403,-1.05054853705155e-14
"1677",1188.29,0.820078993819678,-2.66946914730997,1.02566984895154,0.566261962606418,1.13277081261223,0.0921129324477041,0.0381408477186458,0.969216446253672,0.259187185229599,-0.506995270445573,0.144922601082884,-0.100527067922874,-3.60822483003176e-16
"1678",1188.79,0.441142301996761,-2.58681675505761,1.67845936098832,0.402882751182134,0.301380593906135,0.281292946212111,1.33086537922822,0.30562006295935,-0.601476151094851,-0.568687163325867,0.063937092526786,-0.404045951743674,-2.1392609905746e-14
"1679",1189.29,0.641125923521123,-3.89722736854979,1.33781813395884,1.2487296444437,0.255651642303998,-0.24920966869629,-1.04579118118148,0.724060544116632,-1.09439690291275,-0.479821765053749,-0.0732806740037836,-0.146428296967058,-1.67088565206086e-14
"1680",1189.79,0.824428187630315,-3.5249007747093,1.37880016427147,2.05276318074267,0.236418877771738,-0.624206793519764,0.214375302645737,1.03011150999214,-0.94249054637082,-0.222555267726763,0.0706745639416587,-0.329683016532298,-8.04911692853238e-15
"1681",1190.29,1.66348521592253,-4.26376325054767,2.27295395981747,2.0834639683629,-0.206737053284021,1.43325747503285,-0.257667745219178,0.570417666461675,0.557530111221377,-0.306542960167345,-0.0498734911761361,-0.127674470322862,-8.93729534823251e-15
"1682",1190.79,1.94659995401482,-3.16684059720583,1.38593120727954,1.01776803559564,0.512436213238159,-0.841019763777075,-0.718389798354476,0.813262889029119,-0.597321978488827,-0.0538851640140425,-0.685243956512164,-0.229335915933053,-2.3037127760972e-14
"1683",1191.29,2.30789694609633,-2.71851035536213,1.41938885820279,0.527462003443,1.34372754916057,-0.705457834348805,0.291015701964111,1.1241524530628,0.100707509715359,0.281042831796211,-0.0735866349552195,-0.109170897683029,1.39332989590457e-14
"1684",1191.79,0.884084144440331,-3.98598199331862,1.25751258923384,0.931324077726393,0.187179463727853,-0.559563442713007,0.466617996191645,0.19829623290709,-0.955608674655588,-0.141979325981768,-0.445712346475752,0.0529279374158667,1.58206781009085e-14
"1685",1192.29,1.6944481393237,-3.2178563919301,2.23053129493451,0.510085652726975,0.147003279423826,0.27295978892268,0.626059656688908,0.460494550435209,0.0873176129224358,0.204822659124976,-0.0381262973201557,0.00982581778967812,-2.49383846906426e-14
"1686",1192.79,2.33638113926662,-2.33745867013293,1.98609999726581,1.07641949090452,0.012226387469749,-0.438880328134304,1.52046802484555,0.0374914497055716,-0.0344637662286935,-0.0737924658297129,0.321805217818497,-0.140065224880143,-8.2945803003831e-15
"1687",1193.29,1.84733223113691,-3.37171024913321,2.12519662489095,2.14525675700394,0.473852273993082,-1.03043878465361,-1.58779013204009,0.886841870612451,0.0850178265281675,0.314511124110684,-0.412072435394628,-0.032446537053728,2.18991491607312e-14
"1688",1193.79,0.481712730342668,-2.8465557472222,2.02283156575497,0.433237376956372,0.846655592674954,0.00987966159657783,0.309370265819583,0.301586705571458,-0.434277142679059,0.229957850867691,-0.0770066412570518,0.0552708170421982,7.03603841856193e-15
"1689",1194.29,0.609122513152089,-1.72358783537913,2.15644741052481,1.30115523967379,0.417155160855709,0.846099458898972,0.782314172467417,0.014926424681739,0.0343487713155917,0.410035055755647,-0.258591737301376,-0.147733421958314,1.16573417585641e-14
"1690",1194.79,4.12467474767428,-0.194213781100696,-0.241404089955103,1.44020372561349,1.53978956020232,-0.738981576997091,1.41513439231491,0.0376975775717862,0.863864373371616,-0.638651527467881,-0.0557533924940873,0.152963856007949,2.95319324550292e-14
"1691",1195.29,1.8799145650024,-1.70519303905428,1.33460163826113,0.249205955142722,0.451399183437024,0.841126672024703,0.498332488370809,0.630644013313746,0.51532877432259,-0.778567581114485,-0.272890313742558,-0.131716539332757,1.12618248060414e-14
"1692",1195.79,2.33798958319964,-2.40101162059932,1.33359179030223,1.78263688973088,0.748943381700489,-0.0733624491097107,1.25424255235471,0.293211125296492,-0.382549827398119,-0.0430385004196395,-0.186794466936426,0.270576071226452,-3.63598040564739e-15
"1693",1196.29,2.97644895592018,-1.8339454427645,-0.0485532672698492,1.53136191975301,1.20178882852719,0.533005733675386,0.223356873346063,0.479853418040745,1.18546535843757,-1.16488649345893,-0.131292630707613,-0.106666734768507,4.88498130835069e-15
"1694",1196.79,1.84522173351941,-2.50962802706536,1.58049655414318,0.998470005512025,0.312667120531357,1.07329003919379,-0.126468492886415,0.909985434158822,0.187405104426931,-0.392442885706041,-0.146466687233873,0.333384256883258,-6.93889390390723e-15
"1695",1197.29,2.99701880391964,-3.0004465960218,1.10722318870305,0.808605266574616,0.138215681444436,0.172765412572938,-0.54656811232821,0.826592490015002,-0.220621949994752,-0.796822663485468,0.0907148521324213,0.607575540677945,6.63358257213531e-15
"1696",1197.79,2.62646909591853,-3.22104664981383,0.393480602165538,1.60788054690785,0.0437861447780823,0.21513666785647,0.775173746914562,1.11135432796342,-0.534337748180728,-0.370042415789274,-0.0108799542762585,0.463013292122438,-1.22957199977236e-14
"1697",1198.29,1.78890258724074,-1.72342466678657,0.617309351716103,0.395554417401722,0.133968374615317,1.14518952404946,0.19533455614856,0.347816229936367,-0.282009456618953,0.216158087404477,0.0594380068832649,0.34479068065668,1.4363510381088e-14
"1698",1198.79,1.52667267371195,-0.724671040746264,-1.37516742931886,0.620302525242028,-1.58908371081796,0.232444128081641,0.0402214081659889,0.178373934732517,-0.907419693460039,-0.0635426528199129,-0.47799427734724,0.5972632021139,-5.99520433297585e-15
"1699",1199.29,1.66250261067029,-2.15980774055189,-1.00232626144359,-0.114168103287224,-0.951896582040116,-0.447708701454223,-1.29772119219542,0.4329893458913,-1.17805559920529,0.222044468698203,-0.265382579066519,0.412470927047868,7.99360577730113e-15
"1700",1199.79,0.975987497673381,-0.135525999057537,-2.18549043968119,0.118629954078504,0.0691225449697356,1.29840121064908,0.177068950663941,0.0387028617296444,0.055707868406294,0.171409920076311,-0.449202994125064,-0.117950563228889,2.16493489801906e-15
"1701",1200.29,2.23116740897047,-0.167380133750582,-2.59452783120758,-0.750473441137953,-0.400302016613515,0.333219908969674,-0.290001368749014,0.579713547505114,-0.324648988798325,-0.293313381855349,-0.0702499825938874,0.274315105736525,-1.38222766565832e-14
"1702",1200.79,2.20617637102804,0.103987689955945,-2.0039383839194,-0.315862081548137,-0.46269115673483,-0.022154789370295,-0.176007876950085,0.596569951735686,-0.440333121440238,0.356722868425031,-0.0303492710254687,-0.124401613652424,2.05391259555654e-15
"1703",1201.29,2.15252795588396,-0.50724265367744,-1.89219463612769,-0.116194575773667,0.0429933437023601,0.772078426003806,0.751098011059337,0.714197984344911,0.148154722645615,0.248270238272795,0.339763046282593,-0.0692766233374669,-4.13558076672871e-15
"1704",1201.79,0.637659191596271,-0.384154546499014,-2.17329880744644,-0.574096929892845,-0.883416456333139,1.46287295990537,-0.0883952264197684,0.400732277056043,-0.601787982777866,-0.139393952171276,-0.182462851445385,0.164600868196559,1.78954073781767e-14
"1705",1202.29,1.97757692137333,-0.460778245911149,-1.68288181658522,-1.51500585309941,0.505536155017217,1.52349993312479,0.499859050003948,0.321074499585983,-0.543465734667811,0.601299696159941,0.279784919305564,0.345108560056346,-1.99840144432528e-15
"1706",1202.79,3.03393987136176,-0.508256495578386,-2.92284827546981,-1.28839242557494,-0.0517078538947099,0.409995339315118,0.426248748442361,-0.361960900306957,-0.659964580989187,-0.646982451984894,0.121484257254451,-0.0216458410468801,3.1641356201817e-15
"1707",1203.29,0.804430891320491,-0.690782590997311,-2.11954623792486,-1.55255198968415,0.646460560247924,0.971254734712542,0.119989749322616,0.987377760377483,-0.584704112868864,0.431883766524143,0.114876746902796,0.212467840164982,-2.09832151654155e-14
"1708",1203.79,1.17631821391727,-1.36265821283789,-2.56327655840003,-0.337215593617721,-0.854974419213309,1.740277275948,0.252662071747938,-0.0398785983321676,-0.578045903912678,0.448860037028686,-0.11948466807812,0.286579550850677,-9.88098491916389e-15
"1709",1204.29,0.513463679381341,-1.566347635933,-2.37362940901408,-0.323536360185088,-0.571549290613167,1.36393361495449,-0.256032674151453,0.196160077839876,-0.382649938954195,0.129075959555226,-0.125020477808062,0.152132323426325,1.6979473382861e-14
"1710",1204.79,2.41369602091568,-0.604589081176737,-3.23525021193747,-0.125857510248842,1.16939692123285,0.0876642288741312,0.422404050295852,0.765602020222905,0.0171596523831673,0.635540730933759,0.0363097809195086,-0.0826681470035224,1.24344978758018e-14
"1711",1205.29,1.20695221893162,-0.850838617813514,-1.94662657167546,-0.560161064555305,-0.45703081275333,1.07945527245066,-0.00480182150744052,0.256079614965953,0.0931264566520141,0.150894693205545,-0.466685466027122,0.11096922681343,2.95943825001643e-14
"1712",1205.79,2.54416791860502,-0.201839815284315,-1.71907184431237,-0.568614300478644,-0.518659116625849,1.58863443828473,0.549312201175259,-0.727540078649443,0.412118490719896,-0.453392437419775,-0.123963137296013,-0.157128839951957,-6.28663787693995e-15
"1713",1206.29,2.16725349278159,0.138443901276613,-1.68148963974322,-0.852924875212948,0.226026835110718,0.989444204955774,-0.342068698991614,0.0648051454749669,0.610266589474265,-0.693017127521438,0.17854072530758,-0.23651535254677,-9.07607322631065e-15
"1714",1206.79,2.4002590266245,-0.760623199807402,-0.961610512562139,0.356765756439232,-0.662705705483465,0.239241715778614,-0.60470008163446,0.210062684136266,-0.614654928037535,0.0817704988136108,-0.0762173243591742,-0.0123767508856026,2.07889261361061e-14
"1715",1207.29,1.82371362548984,-0.22330919095284,-0.0388928768777729,0.250672913764003,-0.604823185260728,1.07720943586272,-0.574132094630166,0.438316437672667,-0.0169323622623634,0.0721793765077411,0.185078594454322,-0.0593892168877139,1.301736496373e-14
"1716",1207.79,2.80991458400114,-0.597236221817409,-0.048757149954485,-1.03096182632251,0.320504458288859,0.785864918561528,-1.30258379039418,0.548943673523103,-0.395943931152569,0.0804856500090583,-0.0458710302091528,-0.0327096003899102,-1.70696790036118e-14
"1717",1208.29,3.58559826225539,-0.460369953963766,-0.340339435611839,0.490505177944575,-0.889787438407409,1.23878532639619,-0.653971463554846,-0.422234814817206,0.0650446222077642,-0.225092324070974,-0.15170246481948,-0.0812363224157887,2.10109707410311e-14
"1718",1208.79,4.40462011938333,1.56725725156652,-1.80685237328787,0.539828986676149,1.00887941504098,-0.429081893522711,-0.309793027556906,-0.155733290080073,0.48139799744907,-0.692929278509251,0.315525834483109,-0.49370509207158,-1.37667655053519e-14
"1719",1209.29,2.68579383565464,0.0190615373467711,-0.403602319672549,0.530663735852343,0.299106376064664,-0.381614209930968,-1.19707621881663,-0.13773451195935,-0.74169204769581,0.213854105944168,-0.120077829740109,-0.0134461659464854,1.73194791841524e-14
"1720",1209.79,3.78741193641906,0.471238007847122,-0.524053299253459,-0.249053821021494,-0.11089545577065,0.0366340147367221,0.485284365886895,0.599185658367797,-0.338951522171859,-0.301950348370859,0.363712390314124,-0.179616924152727,-1.12410081243297e-14
"1721",1210.29,3.15995441499804,-0.410951738410572,0.258863780213634,0.0450090808095235,0.618530812072304,-0.0907219201889898,0.0938588838458696,0.65511944045161,-0.623077951668433,0.620881875536416,0.160189663939384,-0.173932799482431,2.65343302885412e-14
"1722",1210.79,2.79828860537415,-0.161757334191318,-0.303416734008874,0.0643530710238157,-0.70027647202277,-0.411631875614144,-0.216191080788715,-0.0569525147843163,-1.55876587223943,0.0224228143728758,-0.138556456867446,-0.366083275337257,-2.44526621173691e-14
"1723",1211.29,1.49248198035843,0.797948672346138,0.108521144031967,0.382236294480508,-1.48367014174467,0.528867322779693,-0.829099143686753,0.5518321190239,-0.583223560455738,0.242694467990191,-0.36232546197863,-0.746228043174188,2.28705943072782e-14
"1724",1211.79,1.80614895251418,1.24083881356755,0.116479243895131,-1.02444388827718,0.0591261548702706,0.237114333868562,0.295794938407899,0.178328041341295,-0.91974706794652,0.270330925058781,-0.262539431672961,-0.443004852578265,2.22044604925031e-16
"1725",1212.29,3.30907634429246,0.835164957869069,0.765454004603362,-0.289877239593575,-1.61574592352327,1.11102542486757,-0.260650982732122,-1.0389070277616,-0.365729371626814,0.0780415246790652,-0.412979844097923,-0.499458924664747,2.07056594092592e-14
"1726",1212.79,-1.19763179994514,0.418041602686882,2.52650133756397,-0.150549291116557,-4.76329162215252,5.20368874469162,0.367396212855424,-0.239844783873507,-0.4828807132574,0.84227348464866,-0.678500280855957,-0.409135609243633,4.21884749357559e-15
"1727",1213.29,2.87298734554775,1.17118244487102,0.152681242430796,-0.464917863080233,-1.72819124875543,1.9491896017079,0.725850091979631,-0.324945546044068,0.0632785841249462,-0.025453376863632,0.0127962101376891,-0.0413888474094824,6.66133814775094e-16
"1728",1213.79,3.00264243412686,1.09083537518394,-1.54895169679636,-0.586371705760339,1.09353754278696,0.947586714602415,0.855156297450908,-0.670711291838939,-0.210781851790284,-0.265679161582872,-0.144344790729104,-0.158764314538982,5.55111512312578e-15
"1729",1214.29,2.69911803019985,0.337836744947357,-0.988087546080408,-0.496547887007997,0.952751026447312,0.141630471523359,0.424205039203424,0.571054433916328,-0.64416842962439,0.594152424644802,0.396176269893395,0.133236368377103,-1.26010313294955e-14
"1730",1214.79,2.9880394657512,-0.150794669027691,-0.610060578542618,-0.0443026599548076,0.44742780029945,1.39961058532997,0.35963233053776,-0.551392714861151,-0.0805793651862385,0.648074024391045,-0.140437063030431,-0.153931304994265,-1.02418074021671e-14
"1731",1215.29,2.62285893403378,0.227784660481315,-1.40207719051872,0.179794366154119,0.339202741610734,0.674474650963516,1.7796737257324,-0.0361654927382524,-0.716014820786809,0.437919472640742,-0.0023675736242363,-0.539702040011845,-1.04638520070921e-14
"1732",1215.79,2.61956060077403,-0.790205627817722,-0.0638810710527762,0.480557296679465,-0.169337593328982,0.534421219216683,0.8251447715716,-0.10980420592834,-0.296920460871468,-0.480045808466526,0.140994555370767,-0.356890958235285,1.13520304267922e-14
"1733",1216.29,2.06505193184023,-1.13603717142809,0.212466207468175,0.397340763717601,0.692664047766588,0.411442408490696,1.47727498817099,-0.0514012508237344,-1.11112451898797,0.623731871740052,-0.526240973422808,-0.280210579606465,1.98452365651747e-14
"1734",1216.79,1.86279412946262,-1.6487473011618,0.0586161838527971,-1.46494145793298,0.85626473408028,1.79423519102436,1.08526744467979,0.0711871123459196,0.0262204038653804,-0.0172299238787142,-0.153531479421992,-0.0425544517209722,1.87853205213528e-14
"1735",1217.29,3.26998459022548,-1.6506116039686,0.192830086552204,-1.13818491728462,1.8311242727384,0.585786604462249,1.12039285087082,0.301550735076193,0.144871520997035,-0.0419726728446849,-0.10576373572105,-0.194359459127026,-1.88737914186277e-14
"1736",1217.79,2.32102483379691,-1.84177437673613,-0.426825521212299,0.0534815399213751,0.962728202030739,0.485713392922628,0.736609486086763,1.08883578947576,-0.410589432297707,0.698128148495521,-0.127355935234362,-0.436930522085871,-7.27196081129478e-15
"1737",1218.29,3.02867900614698,-2.30637153906146,-0.181329189053741,0.096359692472215,-0.116278479241444,0.287680721843414,0.319831063932132,-0.519726870914054,-0.139614918399215,-0.617508561846862,-0.333380969080426,-0.0638946637111951,8.29891710907305e-15
"1738",1218.79,1.75556861784493,-2.85783230905878,0.93840443401149,-1.1723472710118,0.929690183809663,0.864578096051523,-0.0543560145252673,0.607838378869305,0.159602198645063,-0.357763432969256,-0.124737141566955,-0.127878212474827,-2.26485497023532e-14
"1739",1219.29,2.20869568481056,-2.24319534729171,0.224114710840766,-0.84686191873944,2.21249117793819,-0.561923143207004,0.290713987045162,-0.077471703178434,-0.368189185298008,-0.414862978912455,-0.200552953417326,-0.160000310195151,-1.17683640610267e-14
"1740",1219.79,1.46441267516456,-2.52331719893269,-0.717639638985184,0.486747801964911,0.167757158823112,0.199406148385289,-0.00355275366443038,0.130477391244345,-0.524677555085893,-0.351476401591785,-0.329992317698021,0.134979737757951,9.88098491916389e-15
"1741",1220.29,1.57684557889369,-1.59593368273496,-0.467250627265116,-1.57086705412051,0.705089726693768,0.905865350702222,0.416517016211786,0.764502811824682,-0.283402440457322,0.0295805120244639,0.115154382147548,-0.289167438783671,-1.87350135405495e-14
"1742",1220.79,1.4405257302919,-0.299590287030616,-1.6923392189395,-0.352547295404691,0.0793436411785079,-0.0266661879844307,0.855304578517577,0.0704707810721767,-0.726308616828034,-0.432016817794243,-0.30174820290726,-0.251843348012941,1.11022302462516e-14
"1743",1221.29,3.63292047099158,-1.4587220948598,-1.09658227572043,1.70100391095999,-0.876648803283733,0.607918618782973,0.575972332363509,-0.00720294227473414,0.721104915786266,-1.09696260781293,-0.0145357825880623,-0.207905227028955,1.49550510863961e-14
"1744",1221.79,2.75097906084027,-1.7114296549411,0.211286878417149,1.69780597223857,-0.172437814055174,-0.269720033207729,0.655602878420928,0.880673020625783,-0.0489412269686133,-0.203551925906103,0.28035335980561,0.393828799359537,-2.63677968348475e-15
"1745",1222.29,1.7515296694179,0.356412462417481,0.390982304804787,-0.243716474685597,1.65923498858344,0.783217676248815,1.57213694054136,-0.170122155260734,0.146382665619826,-0.627095431442796,-0.391126221276413,-0.47880598282665,-1.62370117351429e-14
"1746",1222.79,0.507904029209432,0.762168966844721,0.949820508234686,1.47243354301392,-0.203738343046876,2.54953520233328,1.22544734172983,-0.705346824529289,0.545865063091919,-0.637528542597275,-0.330709994722021,-0.404780355424894,-2.33146835171283e-14
"1747",1223.29,0.201981138953871,-0.0018171555290509,1.50110471213632,1.15198553412361,0.150669842404222,1.90659295918319,0.0514693888071499,-0.78116911711814,-0.407630260210103,-0.0576194376892688,-0.564230838852199,0.0740114575991185,8.60422844084496e-15
"1748",1223.79,-0.221793524671378,1.14641358269661,0.411882826743286,1.43011477196544,2.34669864431452,0.819942011715752,-0.0810669539328498,0.128285971442947,-0.263290148871153,0.267344391544068,-0.0598249173457098,-0.75237139917259,-1.25732757538799e-14
"1749",1224.29,1.47735453504475,0.761018507102035,0.248881282678369,1.71353556631749,0.775074974340682,1.02389203307985,0.204820849459423,-0.514713480743992,-0.310287261507358,-0.549402744835623,-0.160750416066856,-0.331114257314194,-2.70616862252382e-15
"1750",1224.79,0.90363982913054,1.32166703355111,0.179835101764938,1.92935261128404,2.17166900268582,0.437985381261601,0.651891207558777,-0.206831187866597,-0.63622622372998,0.457093446765392,0.0323376654308749,-0.316972401819024,-1.80966353013901e-14
"1751",1225.29,-0.117006712774906,1.57567155511412,-0.11297082811895,1.15256198660623,2.00917096909105,0.535398997855739,0.0746817683657374,-0.684269818874957,-0.756144389495814,0.287742482375445,-0.264240378155451,-0.522120454599768,6.10622663543836e-15
"1752",1225.79,0.640247879348233,0.740602834035813,-2.68706820092181,1.15728745819393,1.13792318908096,0.127944839779879,-0.221055918900898,-0.0796054530959577,-0.849251503060301,-0.197179177766303,-0.268338676969909,-0.0411344062801019,2.60902410786912e-15
"1753",1226.29,1.3317047858658,-0.797960449021532,-2.33052997671863,0.967750417875155,1.40466246289977,0.865662096124565,0.528648311258504,0.212815959608348,-0.327874524959322,0.821696033961876,0.258754423746443,-0.0645710883279177,1.42663658664333e-14
"1754",1226.79,1.02994355168873,-1.8629205814213,-1.62740278605248,1.04037812003028,0.475947932121831,0.663078405171903,0.101085676216809,0.0259827646515122,-0.420121361551016,-0.0158440459578048,-0.0317324175277261,-0.0128614262875516,-1.38500322321988e-14
"1755",1227.29,0.554216620313678,-1.27495212808402,-1.8470196811943,1.27229030157886,1.49209931361712,0.353785584162982,-0.299562858769135,-0.416022768629787,-0.390130344282135,-0.0208518160483057,-0.521631507203238,-0.15122908833092,9.15933995315754e-15
"1756",1227.79,-0.752921115319139,-2.52123914318495,-1.34661591940488,0.715805932002992,1.19427822787454,1.13113403553819,0.355165337573929,1.10746571119698,-0.436890304000435,0.21835007409635,-0.176154086892872,0.203009487852602,-4.94049245958195e-15
"1757",1228.29,-1.3816740978882,-3.50282530895294,-0.553037105943844,0.907413508248022,0.935104613307726,1.18196470711445,0.183027098642938,0.169798814131424,-0.742676561742562,0.190579687855919,-0.370743425048554,0.0685172507252917,-2.7672308888782e-14
"1758",1228.79,-0.745716511960383,-3.8083557034783,-0.0645528459138708,-0.30855594198187,1.96589420930703,0.552052997007135,-0.471662534122823,0.0800183941083931,-0.883254001755314,-0.132295062743056,-0.515272231670389,-0.173143369223292,-1.67088565206086e-14
"1759",1229.29,-0.622554408212281,-3.46486170354851,-0.509048406746415,0.533988476307424,1.27384156064846,1.2199710663641,0.444620581914547,-0.226876982047908,-0.528782368586854,-0.798336462161734,-0.702823425803265,-0.386811266141416,1.94289029309402e-15
"1760",1229.79,-0.610836821832236,-3.33339765125825,-0.180904594244358,0.836037345508927,-0.0263254566030676,1.93709554222834,0.34332454869669,-0.0913284719901312,-0.112695692679794,-0.818926089345003,-0.269834151225073,-0.0856366558830754,2.52575738102223e-15
"1761",1230.29,-0.11627240901294,-2.75772502767838,0.0286326102393191,0.481439317865432,-0.470269044944075,2.03020358149879,0.452951574309289,-0.351517357221182,-0.298947905976064,-0.760842817105008,-0.350009321619844,-0.126176210480774,1.63202784619898e-14
"1762",1230.79,0.441972667186612,-2.3158197926774,0.0813088902055592,0.211509881806975,0.208571334762472,1.2390892034529,0.578429986365419,-0.911066351317236,-0.611634584436224,-0.58456964387036,-0.389391266397822,-0.145058426558919,-1.65423230669148e-14
"1763",1231.29,1.76571801262445,-2.19948538992324,0.546724429207766,0.120395772205542,1.14746205070882,1.03746518274487,1.07337025360735,-0.504458163060766,-0.818380073517931,0.451455194574474,-0.305882791745227,0.450170686148177,-8.90953977261688e-15
