0 2.50981458
0.000118406252 2.50541938
0.000236812504 2.50028245
0.000355218756 2.49514551
0.000473625007 2.49007656
0.000592031259 2.48500762
0.000710437511 2.48146759
0.000828843763 2.47792756
0.000947250015 2.47382446
0.00106565627 2.46972137
0.00118406252 2.46955042
0.00130246877 2.46937947
0.00142087502 2.46324609
0.00153928127 2.45711271
0.00165768753 2.45543524
0.00177609378 2.45375778
0.00189450003 2.45094915
0.00201290628 2.44814053
0.00213131253 2.44328032
0.00224971879 2.43842011
0.00236812504 2.43681769
0.00248653129 2.43521526
0.00260493754 2.43332402
0.00272334379 2.43143279
0.00284175004 2.42864767
0.0029601563 2.42586254
0.00307856255 2.41891062
0.0031969688 2.4119587
0.00331537505 2.41088829
0.0034337813 2.40981789
0.00355218756 2.40699027
0.00367059381 2.40416266
0.00378900006 2.40178071
0.00390740631 2.39939877
0.00402581256 2.39914692
0.00414421881 2.39889507
0.00426262507 2.38966401
0.00438103132 2.38043294
0.00449943757 2.37947133
0.00461784382 2.37850972
0.00473625007 2.37774152
0.00485465633 2.37697333
0.00497306258 2.3752013
0.00509146883 2.37342928
0.00520987508 2.36783021
0.00532828133 2.36223114
0.00544668759 2.35553016
0.00556509384 2.34882917
0.00568350009 2.34369779
0.00580190634 2.33856641
0.00592031259 2.33617618
0.00603871884 2.33378595
0.0061571251 2.32944793
0.00627553135 2.32510991
0.0063939376 2.32457569
0.00651234385 2.32404147
0.0066307501 2.3227616
0.00674915636 2.32148173
0.00686756261 2.31966366
0.00698596886 2.31784558
0.00710437511 2.31688301
0.00722278136 2.31592044
0.00734118761 2.31445814
0.00745959387 2.31299583
0.00757800012 2.30988868
0.00769640637 2.30678153
0.00781481262 2.30408457
0.00793321887 2.30678153
0.00805162513 2.30408457
0.00817003138 2.30678153
0.00828843763 2.30916494
0.00840684388 2.31154835
0.00852525013 2.31227209
0.00864365639 2.31299583
0.00876206264 2.31445814
0.00888046889 2.31592044
0.00899887514 2.31688301
0.00911728139 2.31784558
0.00923568764 2.31966366
0.0093540939 2.32148173
0.00947250015 2.3227616
0.0095909064 2.32404147
0.00970931265 2.32457569
0.0098277189 2.32510991
0.00994612516 2.32944793
0.0100645314 2.32510991
0.0101829377 2.32457569
0.0103013439 2.32404147
0.0104197502 2.3227616
0.0105381564 2.32148173
0.0106565627 2.31966366
0.0107749689 2.31784558
0.0108933752 2.31688301
0.0110117814 2.31592044
0.0111301877 2.31445814
0.0112485939 2.31299583
0.0113670002 2.31227209
0.0114854064 2.31154835
0.0116038127 2.30916494
0.0117222189 2.30678153
0.0118406252 2.30408457
0.0119590314 2.3013876
0.0120774377 2.2994189
0.0121958439 2.29745021
0.0123142502 2.29713109
0.0124326564 2.29681198
0.0125510627 2.29628156
0.0126694689 2.29575115
0.0127878752 2.29444047
0.0129062815 2.29312979
0.0130246877 2.29444047
0.013143094 2.29575115
0.0132615002 2.29628156
0.0133799065 2.29681198
0.0134983127 2.29713109
0.013616719 2.29745021
0.0137351252 2.2994189
0.0138535315 2.3013876
0.0139719377 2.30408457
0.014090344 2.30678153
0.0142087502 2.30916494
0.0143271565 2.31154835
0.0144455627 2.31227209
0.014563969 2.31299583
0.0146823752 2.31445814
0.0148007815 2.31592044
0.0149191877 2.31688301
0.015037594 2.31784558
0.0151560002 2.31688301
0.0152744065 2.31592044
0.0153928127 2.31445814
0.015511219 2.31299583
0.0156296252 2.31227209
0.0157480315 2.31154835
0.0158664377 2.30916494
0.015984844 2.30678153
0.0161032503 2.30408457
0.0162216565 2.3013876
0.0163400628 2.2994189
0.016458469 2.29745021
0.0165768753 2.29713109
0.0166952815 2.29681198
0.0168136878 2.29628156
0.016932094 2.29575115
0.0170505003 2.29444047
0.0171689065 2.29312979
0.0172873128 2.29243149
0.017405719 2.29173319
0.0175241253 2.28337499
0.0176425315 2.2750168
0.0177609378 2.27074988
0.017879344 2.26648297
0.0179977503 2.2655735
0.0181161565 2.26466403
0.0182345628 2.26356587
0.018352969 2.26246771
0.0184713753 2.25942575
0.0185897815 2.25638379
0.0187081878 2.25540805
0.018826594 2.25638379
0.0189450003 2.25942575
0.0190634065 2.25638379
0.0191818128 2.25540805
0.0193002191 2.25638379
0.0194186253 2.25942575
0.0195370316 2.26246771
0.0196554378 2.26356587
0.0197738441 2.26466403
0.0198922503 2.2655735
0.0200106566 2.26648297
0.0201290628 2.27074988
0.0202474691 2.2750168
0.0203658753 2.28337499
0.0204842816 2.29173319
0.0206026878 2.29243149
0.0207210941 2.29312979
0.0208395003 2.29444047
0.0209579066 2.29575115
0.0210763128 2.29628156
0.0211947191 2.29681198
0.0213131253 2.29713109
0.0214315316 2.29745021
0.0215499378 2.2994189
0.0216683441 2.3013876
0.0217867503 2.30408457
0.0219051566 2.3013876
0.0220235628 2.2994189
0.0221419691 2.29745021
0.0222603753 2.29713109
0.0223787816 2.29681198
0.0224971879 2.29628156
0.0226155941 2.29575115
0.0227340004 2.29444047
0.0228524066 2.29312979
0.0229708129 2.29243149
0.0230892191 2.29173319
0.0232076254 2.28337499
0.0233260316 2.2750168
0.0234444379 2.27074988
0.0235628441 2.26648297
0.0236812504 2.2655735
0.0237996566 2.26466403
0.0239180629 2.26356587
0.0240364691 2.26246771
0.0241548754 2.25942575
0.0242732816 2.25638379
0.0243916879 2.25540805
0.0245100941 2.25443231
0.0246285004 2.24962781
0.0247469066 2.24482331
0.0248653129 2.24400366
0.0249837191 2.24318401
0.0251021254 2.23752395
0.0252205316 2.2318639
0.0253389379 2.22953284
0.0254573441 2.22720177
0.0255757504 2.22614201
0.0256941567 2.22508225
0.0258125629 2.21738743
0.0259309692 2.2096926
0.0260493754 2.20807587
0.0261677817 2.20645913
0.0262861879 2.19633878
0.0264045942 2.18621842
0.0265230004 2.18591107
0.0266414067 2.18560371
0.0267598129 2.18529301
0.0268782192 2.18498232
0.0269966254 2.18479865
0.0271150317 2.18461498
0.0272334379 2.18297707
0.0273518442 2.18133915
0.0274702504 2.1746576
0.0275886567 2.16797605
0.0277070629 2.16783155
0.0278254692 2.16768705
0.0279438754 2.16721746
0.0280622817 2.16674788
0.0281806879 2.16608145
0.0282990942 2.16541503
0.0284175004 2.1638739
0.0285359067 2.16233277
0.0286543129 2.16122251
0.0287727192 2.16011226
0.0288911255 2.14858229
0.0290095317 2.13705232
0.029127938 2.13655438
0.0292463442 2.13605644
0.0293647505 2.13569576
0.0294831567 2.13533508
0.029601563 2.13367019
0.0297199692 2.13200531
0.0298383755 2.13198613
0.0299567817 2.13196694
0.030075188 2.12652841
0.0301935942 2.12108988
0.0303120005 2.10857984
0.0304304067 2.09606981
0.030548813 2.09285378
0.0306672192 2.08963775
0.0307856255 2.08893063
0.0309040317 2.0882235
0.031022438 2.08819387
0.0311408442 2.08816423
0.0312592505 2.08561542
0.0313776567 2.08306661
0.031496063 2.07523085
0.0316144692 2.06739509
0.0317328755 2.06546906
0.0318512817 2.06354303
0.031969688 2.05802218
0.0320880943 2.05250133
0.0322065005 2.05136579
0.0323249068 2.05023025
0.032443313 2.04815302
0.0325617193 2.04607578
0.0326801255 2.03579492
0.0327985318 2.02551407
0.032916938 2.0252037
0.0330353443 2.02489333
0.0331537505 2.02262432
0.0332721568 2.02035532
0.033390563 2.01645309
0.0335089693 2.01255086
0.0336273755 2.01242865
0.0337457818 2.01230645
0.033864188 2.01045613
0.0339825943 2.00860582
0.0341010005 2.00563648
0.0342194068 2.00266714
0.034337813 1.99320147
0.0344562193 1.98373579
0.0345746255 1.98156295
0.0346930318 1.97939012
0.034811438 1.97584328
0.0349298443 1.97229645
0.0350482505 1.9702536
0.0351666568 1.96821075
0.0352850631 1.96675518
0.0354034693 1.9652996
0.0355218756 1.95929436
0.0356402818 1.95328912
0.0357586881 1.94799828
0.0358770943 1.94270743
0.0359955006 1.94191104
0.0361139068 1.94111465
0.0362323131 1.93588484
0.0363507193 1.93065503
0.0364691256 1.9243541
0.0365875318 1.91805317
0.0367059381 1.91404231
0.0368243443 1.91003145
0.0369427506 1.90980328
0.0370611568 1.90957512
0.0371795631 1.90595443
0.0372979693 1.90233374
0.0374163756 1.89511427
0.0375347818 1.88789479
0.0376531881 1.88598778
0.0377715943 1.88408076
0.0378900006 1.88336103
0.0380084068 1.88264129
0.0381268131 1.87626644
0.0382452193 1.86989159
0.0383636256 1.86621311
0.0384820319 1.86253464
0.0386004381 1.86189734
0.0387188444 1.86126004
0.0388372506 1.85805419
0.0389556569 1.85484835
0.0390740631 1.85335177
0.0391924694 1.85185519
0.0393108756 1.84842027
0.0394292819 1.84498536
0.0395476881 1.84483334
0.0396660944 1.84468132
0.0397845006 1.84449594
0.0399029069 1.84431056
0.0400213131 1.84318807
0.0401397194 1.84206558
0.0402581256 1.8416798
0.0403765319 1.84129402
0.0404949381 1.8359558
0.0406133444 1.83061758
0.0407317506 1.82982978
0.0408501569 1.82904198
0.0409685631 1.82861629
0.0410869694 1.82819061
0.0412053756 1.82358324
0.0413237819 1.81897588
0.0414421881 1.81668981
0.0415605944 1.81440374
0.0416790007 1.81351272
0.0417974069 1.81262171
0.0419158132 1.81232366
0.0420342194 1.81202562
0.0421526257 1.81118273
0.0422710319 1.81033984
0.0423894382 1.80794591
0.0425078444 1.80555197
0.0426262507 1.8024101
0.0427446569 1.79926823
0.0428630632 1.79260993
0.0429814694 1.78595163
0.0430998757 1.77876925
0.0432182819 1.77158687
0.0433366882 1.76651663
0.0434550944 1.76144638
0.0435735007 1.76063239
0.0436919069 1.75981841
0.0438103132 1.75962302
0.0439287194 1.75942763
0.0440471257 1.75797673
0.0441655319 1.75652583
0.0442839382 1.75612762
0.0444023444 1.7557294
0.0445207507 1.74721607
0.0446391569 1.73870273
0.0447575632 1.73679678
0.0448759695 1.73489082
0.0449943757 1.73285461
0.045112782 1.7308184
0.0452311882 1.7288915
0.0453495945 1.72696459
0.0454680007 1.72688432
0.045586407 1.72680405
0.0457048132 1.72629515
0.0458232195 1.72578624
0.0459416257 1.72423503
0.046060032 1.72268383
0.0461784382 1.72242709
0.0462968445 1.72217036
0.0464152507 1.7218811
0.046533657 1.72159184
0.0466520632 1.72122831
0.0467704695 1.72086479
0.0468888757 1.71659189
0.047007282 1.71231899
0.0471256882 1.71114221
0.0472440945 1.70996543
0.0473625007 1.70938264
0.047480907 1.70879985
0.0475993132 1.70611969
0.0477177195 1.70343953
0.0478361257 1.70216397
0.047954532 1.70088842
0.0480729383 1.69898196
0.0481913445 1.69707549
0.0483097508 1.69524689
0.048428157 1.69341828
0.0485465633 1.68830618
0.0486649695 1.68319408
0.0487833758 1.68149155
0.048901782 1.67978903
0.0490201883 1.67865676
0.0491385945 1.67752448
0.0492570008 1.67622263
0.049375407 1.67492079
0.0494938133 1.66843189
0.0496122195 1.661943
0.0497306258 1.66191213
0.049849032 1.66188126
0.0499674383 1.66032711
0.0500858445 1.65877297
0.0502042508 1.65871164
0.050322657 1.65865031
0.0504410633 1.65739426
0.0505594695 1.65613822
0.0506778758 1.65152686
0.050796282 1.6469155
0.0509146883 1.64665661
0.0510330945 1.64639772
0.0511515008 1.64517471
0.0512699071 1.64395171
0.0513883133 1.64235702
0.0515067196 1.64076232
0.0516251258 1.64069834
0.0517435321 1.64063436
0.0518619383 1.6387934
0.0519803446 1.63695245
0.0520987508 1.63332056
0.0522171571 1.62968867
0.0523355633 1.62737545
0.0524539696 1.62506223
0.0525723758 1.62488743
0.0526907821 1.62471262
0.0528091883 1.62370044
0.0529275946 1.62268825
0.0530460008 1.61811352
0.0531644071 1.61353879
0.0532828133 1.61332876
0.0534012196 1.61311873
0.0535196258 1.61096553
0.0536380321 1.60881233
0.0537564383 1.60874927
0.0538748446 1.60868621
0.0539932508 1.60098022
0.0541116571 1.59327424
0.0542300633 1.59284538
0.0543484696 1.59241652
0.0544668759 1.58950636
0.0545852821 1.58659621
0.0547036884 1.58950636
0.0548220946 1.59241652
0.0549405009 1.59284538
0.0550589071 1.59327424
0.0551773134 1.60098022
0.0552957196 1.60868621
0.0554141259 1.60874927
0.0555325321 1.60881233
0.0556509384 1.61096553
0.0557693446 1.61311873
0.0558877509 1.61332876
0.0560061571 1.61353879
0.0561245634 1.61811352
0.0562429696 1.62268825
0.0563613759 1.62370044
0.0564797821 1.62471262
0.0565981884 1.62488743
0.0567165946 1.62506223
0.0568350009 1.62737545
0.0569534071 1.62968867
0.0570718134 1.63332056
0.0571902196 1.63695245
0.0573086259 1.6387934
0.0574270321 1.64063436
0.0575454384 1.6387934
0.0576638447 1.63695245
0.0577822509 1.6387934
0.0579006572 1.64063436
0.0580190634 1.64069834
0.0581374697 1.64063436
0.0582558759 1.6387934
0.0583742822 1.63695245
0.0584926884 1.63332056
0.0586110947 1.62968867
0.0587295009 1.62737545
0.0588479072 1.62506223
0.0589663134 1.62488743
0.0590847197 1.62471262
0.0592031259 1.62370044
0.0593215322 1.62268825
0.0594399384 1.61811352
0.0595583447 1.61353879
0.0596767509 1.61332876
0.0597951572 1.61311873
0.0599135634 1.61096553
0.0600319697 1.60881233
0.0601503759 1.60874927
0.0602687822 1.60868621
0.0603871884 1.60098022
0.0605055947 1.59327424
0.0606240009 1.59284538
0.0607424072 1.59241652
0.0608608135 1.58950636
0.0609792197 1.58659621
0.061097626 1.5829569
0.0612160322 1.5793176
0.0613344385 1.57871341
0.0614528447 1.57810923
0.061571251 1.57803667
0.0616896572 1.57796412
0.0618080635 1.57477672
0.0619264697 1.57158932
0.062044876 1.57146665
0.0621632822 1.57134398
0.0622816885 1.56853241
0.0624000947 1.56572084
0.062518501 1.56396113
0.0626369072 1.56220141
0.0627553135 1.56188327
0.0628737197 1.56156513
0.062992126 1.55905992
0.0631105322 1.5565547
0.0632289385 1.54824359
0.0633473447 1.53993248
0.063465751 1.53990884
0.0635841572 1.53988519
0.0637025635 1.5354952
0.0638209697 1.53110521
0.063939376 1.52832206
0.0640577823 1.52553892
0.0641761885 1.52504801
0.0642945948 1.5245571
0.064413001 1.52145715
0.0645314073 1.5183572
0.0646498135 1.51671464
0.0647682198 1.51507207
0.064886626 1.51386303
0.0650050323 1.51265398
0.0651234385 1.50868183
0.0652418448 1.50470967
0.065360251 1.50451227
0.0654786573 1.50431487
0.0655970635 1.50295974
0.0657154698 1.5016046
0.065833876 1.50118315
0.0659522823 1.5007617
0.0660706885 1.49954584
0.0661890948 1.49832998
0.066307501 1.49777709
0.0664259073 1.49722419
0.0665443135 1.49177597
0.0666627198 1.48632775
0.066781126 1.48629259
0.0668995323 1.48625743
0.0670179385 1.48516462
0.0671363448 1.48407181
0.0672547511 1.48216611
0.0673731573 1.48026041
0.0674915636 1.48017062
0.0676099698 1.48008083
0.0677283761 1.47781969
0.0678467823 1.47555855
0.0679651886 1.47500325
0.0680835948 1.47444796
0.0682020011 1.4710494
0.0683204073 1.46765084
0.0684388136 1.46463116
0.0685572198 1.46161147
0.0686756261 1.46012379
0.0687940323 1.4586361
0.0689124386 1.45456588
0.0690308448 1.45049566
0.0691492511 1.45032061
0.0692676573 1.45014556
0.0693860636 1.44629896
0.0695044698 1.44245236
0.0696228761 1.44115076
0.0697412823 1.43984916
0.0698596886 1.43816501
0.0699780948 1.43648086
0.0700965011 1.43080738
0.0702149073 1.4251339
0.0703333136 1.41458783
0.0704517199 1.40404177
0.0705701261 1.40346881
0.0706885324 1.40289586
0.0708069386 1.40166446
0.0709253449 1.40043306
0.0710437511 1.40042745
0.0711621574 1.40042184
0.0712805636 1.39976994
0.0713989699 1.39911803
0.0715173761 1.39403038
0.0716357824 1.39115565
0.0717541886 1.38909054
0.0718725949 1.3866789
0.0719910011 1.38650078
0.0721094074 1.37118757
0.0722278136 1.37048786
0.0723462199 1.36191049
0.0724646261 1.3616706
0.0725830324 1.35826035
0.0727014386 1.35455545
0.0728198449 1.35392545
0.0729382511 1.34901833
0.0730566574 1.34805422
0.0731750636 1.34584465
0.0732934699 1.33506717
0.0734118761 1.33003786
0.0735302824 1.32849158
0.0736486887 1.32459848
0.0737670949 1.32053326
0.0738855012 1.3200327
0.0740039074 1.3200327
0.0741223137 1.3200327
0.0742407199 1.3200327
0.0743591262 1.3200327
0.0744775324 1.3200327
0.0745959387 1.3200327
0.0747143449 1.3200327
0.0748327512 1.3200327
0.0749511574 1.3200327
0.0750695637 1.3200327
0.0751879699 1.3200327
0.0753063762 1.3200327
0.0754247824 1.3200327
0.0755431887 1.3200327
0.0756615949 1.3200327
0.0757800012 1.3200327
0.0758984074 1.3200327
0.0760168137 1.3200327
0.0761352199 1.3200327
0.0762536262 1.3200327
0.0763720324 1.3200327
0.0764904387 1.3200327
0.0766088449 1.3200327
0.0767272512 1.3200327
0.0768456575 1.3200327
0.0769640637 1.3200327
0.07708247 1.3200327
0.0772008762 1.3200327
0.0773192825 1.3200327
0.0774376887 1.3200327
0.077556095 1.3200327
0.0776745012 1.3200327
0.0777929075 1.3200327
0.0779113137 1.3200327
0.07802972 1.3200327
0.0781481262 1.3200327
0.0782665325 1.3200327
0.0783849387 1.3200327
0.078503345 1.3200327
0.0786217512 1.3200327
0.0787401575 1.3200327
0.0788585637 1.3200327
0.07897697 1.3200327
0.0790953762 1.3200327
0.0792137825 1.3200327
0.0793321887 1.3200327
0.079450595 1.3200327
0.0795690012 1.3200327
0.0796874075 1.3200327
0.0798058137 1.3200327
0.07992422 1.3200327
0.0800426263 1.3200327
0.0801610325 1.3200327
0.0802794388 1.3200327
0.080397845 1.3200327
0.0805162513 1.3200327
0.0806346575 1.31022902
0.0807530638 1.30703112
0.08087147 1.30668787
0.0809898763 1.30394111
0.0811082825 1.30377535
0.0812266888 1.30193698
0.081345095 1.29910201
0.0814635013 1.29869538
0.0815819075 1.29830213
0.0817003138 1.29576813
0.08181872 1.29467268
0.0819371263 1.29179955
0.0820555325 1.2897774
0.0821739388 1.28777118
0.082292345 1.28377452
0.0824107513 1.28377452
0.0825291575 1.28377452
0.0826475638 1.28377452
0.08276597 1.27192925
0.0828843763 1.26763967
0.0830027825 1.25920918
0.0831211888 1.25879725
0.0832395951 1.25879725
0.0833580013 1.25879725
0.0834764076 1.25549808
0.0835948138 1.25528613
0.0837132201 1.25521068
0.0838316263 1.24957384
0.0839500326 1.24957384
0.0840684388 1.24957384
0.0841868451 1.24710428
0.0843052513 1.22878436
0.0844236576 1.22792857
0.0845420638 1.22597117
0.0846604701 1.2257465
0.0847788763 1.2257465
0.0848972826 1.2257465
0.0850156888 1.2257465
0.0851340951 1.2257465
0.0852525013 1.2257465
0.0853709076 1.2257465
0.0854893138 1.2257465
0.0856077201 1.2257465
0.0857261263 1.2257465
0.0858445326 1.2257465
0.0859629388 1.2257465
0.0860813451 1.2257465
0.0861997513 1.22310688
0.0863181576 1.22211689
0.0864365639 1.21974431
0.0865549701 1.2195026
0.0866733764 1.21562197
0.0867917826 1.21471663
0.0869101889 1.2142677
0.0870285951 1.21368518
0.0871470014 1.20994963
0.0872654076 1.20630888
0.0873838139 1.20496557
0.0875022201 1.20102822
0.0876206264 1.19309593
0.0877390326 1.19205967
0.0878574389 1.18645978
0.0879758451 1.17982879
0.0880942514 1.17889264
0.0882126576 1.17597964
0.0883310639 1.16716995
0.0884494701 1.1669328
0.0885678764 1.1663209
0.0886862826 1.1634221
0.0888046889 1.15940854
0.0889230951 1.15599902
0.0890415014 1.154304
0.0891599076 1.15127897
0.0892783139 1.14481872
0.0893967201 1.14331566
0.0895151264 1.14273507
0.0896335327 1.13862413
0.0897519389 1.13769349
0.0898703452 1.13691075
0.0899887514 1.13441521
0.0901071577 1.13345617
0.0902255639 1.12787524
0.0903439702 1.12237614
0.0904623764 1.11762737
0.0905807827 1.11754511
0.0906991889 1.11631693
0.0908175952 1.11499454
0.0909360014 1.10906065
0.0910544077 1.10850909
0.0911728139 1.10788824
0.0912912202 1.10734574
0.0914096264 1.10623539
0.0915280327 1.10423739
0.0916464389 1.10338162
0.0917648452 1.10288087
0.0918832514 1.09722156
0.0920016577 1.09375056
0.0921200639 1.09147297
0.0922384702 1.08955661
0.0923568764 1.08521873
0.0924752827 1.08392385
0.0925936889 1.08274981
0.0927120952 1.08161682
0.0928305015 1.07542012
0.0929489077 1.07534556
0.093067314 1.07514475
0.0931857202 1.07268571
0.0933041265 1.06878442
0.0934225327 1.06743109
0.093540939 1.06508123
0.0936593452 1.06341301
0.0937777515 1.0606244
0.0938961577 1.06051207
0.094014564 1.05087208
0.0941329702 1.05026536
0.0942513765 1.04909873
0.0943697827 1.04479286
0.094488189 1.04299458
0.0946065952 1.0407873
0.0947250015 1.03991165
0.0948434077 1.03865286
0.094961814 1.03856632
0.0950802202 1.03676777
0.0951986265 1.02693455
0.0953170327 1.02657576
0.095435439 1.02313584
0.0955538452 1.02214504
0.0956722515 1.01548829
0.0957906577 1.01409726
0.095909064 1.00792764
0.0960274703 1.00680631
0.0961458765 1.00578587
0.0962642828 1.00385374
0.096382689 0.998922003
0.0965010953 0.995539802
0.0966195015 0.989228514
0.0967379078 0.988377122
0.096856314 0.979676816
0.0969747203 0.979187874
0.0970931265 0.978689427
0.0972115328 0.976389695
0.097329939 0.974351602
0.0974483453 0.967463839
0.0975667515 0.957568142
0.0976851578 0.955605881
0.097803564 0.954069577
0.0979219703 0.953146061
0.0980403765 0.95060357
0.0981587828 0.944170702
0.098277189 0.937630088
0.0983955953 0.937415017
0.0985140015 0.937098399
0.0986324078 0.937062172
0.098750814 0.936634993
0.0988692203 0.936013468
0.0989876265 0.935082286
0.0991060328 0.93418358
0.0992244391 0.933644579
0.0993428453 0.932735893
0.0994612516 0.93151956
0.0995796578 0.930755733
0.0996980641 0.928483382
0.0998164703 0.928061319
0.0999348766 0.927328699
0.100053283 0.927098403
0.100171689 0.926088602
0.100290095 0.924127466
0.100408502 0.923309905
0.100526908 0.920732339
0.100645314 0.916718648
0.10076372 0.915157587
0.100882127 0.911884149
0.101000533 0.910246829
0.101118939 0.907647211
0.101237345 0.907647211
0.101355752 0.907647211
0.101474158 0.907647211
0.101592564 0.907647211
0.10171097 0.906680693
0.101829377 0.902588046
0.101947783 0.901352451
0.102066189 0.901352451
0.102184595 0.893896478
0.102303002 0.891868627
0.102421408 0.891051313
0.102539814 0.89083245
0.10265822 0.888468677
0.102776627 0.878074115
0.102895033 0.876008677
0.103013439 0.874581546
0.103131845 0.872926835
0.103250252 0.865361718
0.103368658 0.864050203
0.103487064 0.859252331
0.10360547 0.857679969
0.103723877 0.856507783
0.103842283 0.854134892
0.103960689 0.852791089
0.104079095 0.850018053
0.104197502 0.847225249
0.104315908 0.846052002
0.104434314 0.845097945
0.10455272 0.841485162
0.104671127 0.837973355
0.104789533 0.835795391
0.104907939 0.833882902
0.105026345 0.82601011
0.105144752 0.825701132
0.105263158 0.825557163
0.105381564 0.825229224
0.10549997 0.824158335
0.105618377 0.816572635
0.105736783 0.815980088
0.105855189 0.815290389
0.105973595 0.815290389
0.106092002 0.815290389
0.106210408 0.815290389
0.106328814 0.815290389
0.10644722 0.815290389
0.106565627 0.815290389
0.106684033 0.815290389
0.106802439 0.815290389
0.106920845 0.815290389
0.107039252 0.815290389
0.107157658 0.815290389
0.107276064 0.814285551
0.10739447 0.814285551
0.107512877 0.814285551
0.107631283 0.814285551
0.107749689 0.812353014
0.107868095 0.810404522
0.107986502 0.806699373
0.108104908 0.805765622
0.108223314 0.80220233
0.10834172 0.787298579
0.108460127 0.781063136
0.108578533 0.780565231
0.108696939 0.778497862
0.108815345 0.77678398
0.108933752 0.773343311
0.109052158 0.772114107
0.109170564 0.770960265
0.10928897 0.764612257
0.109407377 0.764589598
0.109525783 0.764091264
0.109644189 0.759437775
0.109762595 0.758951619
0.109881002 0.755291038
0.109999408 0.754448663
0.110117814 0.753637697
0.11023622 0.752908874
0.110354627 0.751505704
0.110473033 0.746846299
0.110591439 0.745836306
0.110709845 0.741417546
0.110828252 0.739075254
0.110946658 0.735775613
0.111065064 0.734286231
0.11118347 0.732960258
0.111301877 0.732584406
0.111420283 0.73186054
0.111538689 0.729705558
0.111657095 0.726796365
0.111775502 0.72656015
0.111893908 0.725810382
0.112012314 0.71975532
0.112130721 0.719738294
0.112249127 0.711326831
0.112367533 0.710502023
0.112485939 0.709982984
0.112604346 0.709263593
0.112722752 0.707577911
0.112841158 0.707577911
0.112959564 0.704226513
0.113077971 0.701817642
0.113196377 0.701634173
0.113314783 0.701273211
0.113433189 0.687184763
0.113551596 0.687096142
0.113670002 0.686537861
0.113788408 0.685387779
0.113906814 0.684337482
0.114025221 0.684044886
0.114143627 0.682945872
0.114262033 0.68016983
0.114380439 0.679566262
0.114498846 0.678386475
0.114617252 0.677029996
0.114735658 0.673653188
0.114854064 0.673568733
0.114972471 0.672926263
0.115090877 0.672338393
0.115209283 0.666999252
0.115327689 0.664869763
0.115446096 0.664700681
0.115564502 0.664516349
0.115682908 0.664516349
0.115801314 0.664516349
0.115919721 0.664516349
0.116038127 0.664432009
0.116156533 0.663049193
0.116274939 0.662044662
0.116393346 0.658527431
0.116511752 0.654644929
0.116630158 0.652929497
0.116748564 0.646554831
0.116866971 0.640970173
0.116985377 0.640474677
0.117103783 0.640197442
0.117222189 0.640022374
0.117340596 0.639561304
0.117459002 0.637736846
0.117577408 0.63758614
0.117695814 0.634194192
0.117814221 0.632496209
0.117932627 0.631066251
0.118051033 0.628244968
0.118169439 0.62821652
0.118287846 0.623791721
0.118406252 0.621437757
0.118524658 0.619558474
0.118643064 0.618221959
0.118761471 0.618100664
0.118879877 0.616804445
0.118998283 0.616596691
0.119116689 0.615489053
0.119235096 0.615419968
0.119353502 0.612111142
0.119471908 0.611876096
0.119590314 0.611198496
0.119708721 0.607391558
0.119827127 0.606772176
0.119945533 0.605536301
0.120063939 0.605409646
0.120182346 0.605127824
0.120300752 0.602963469
0.120419158 0.602688824
0.120537564 0.602415387
0.120655971 0.5990581
0.120774377 0.598699191
0.120892783 0.597415418
0.121011189 0.597245214
0.121129596 0.597178088
0.121248002 0.596711787
0.121366408 0.596300972
0.121484814 0.595996049
0.121603221 0.595148592
0.121721627 0.59488921
0.121840033 0.593521683
0.121958439 0.593298292
0.122076846 0.593066726
0.122195252 0.592394634
0.122313658 0.592113253
0.122432064 0.59091885
0.122550471 0.59091885
0.122668877 0.590564409
0.122787283 0.589683647
0.122905689 0.588016535
0.123024096 0.585141126
0.123142502 0.584943387
0.123260908 0.584943387
0.123379314 0.584943387
0.123497721 0.578990632
0.123616127 0.577282598
0.123734533 0.576637213
0.123852939 0.576637213
0.123971346 0.576637213
0.124089752 0.576637213
0.124208158 0.576044636
0.124326564 0.5749029
0.124444971 0.573283372
0.124563377 0.572231116
0.124681783 0.570472072
0.124800189 0.570472072
0.124918596 0.570238099
0.125037002 0.569795956
0.125155408 0.569573144
0.125273814 0.569041313
0.125392221 0.567678679
0.125510627 0.567247609
0.125629033 0.564985077
0.125747439 0.564839931
0.125865846 0.564774655
0.125984252 0.563783602
0.126102658 0.563166238
0.126221064 0.556266263
0.126339471 0.556145756
0.126457877 0.556105623
0.126576283 0.554856822
0.126694689 0.554451468
0.126813096 0.548609771
0.126931502 0.546114758
0.127049908 0.542227962
0.127168314 0.542072104
0.127286721 0.538871893
0.127405127 0.537486205
0.127523533 0.53694944
0.127641939 0.535679466
0.127760346 0.535630732
0.127878752 0.535106659
0.127997158 0.53493903
0.128115565 0.534879403
0.128233971 0.534330279
0.128352377 0.534238711
0.128470783 0.534098772
0.12858919 0.533034708
0.128707596 0.532885153
0.128826002 0.532494954
0.128944408 0.532234602
0.129062815 0.530327981
0.129181221 0.530327981
0.129299627 0.530327981
0.129418033 0.530327981
0.12953644 0.530327981
0.129654846 0.530327981
0.129773252 0.530327981
0.129891658 0.530327981
0.130010065 0.530327981
0.130128471 0.530327981
0.130246877 0.530327981
0.130365283 0.530327981
0.13048369 0.530327981
0.130602096 0.530327981
0.130720502 0.530327981
0.130838908 0.530327981
0.130957315 0.530327981
0.131075721 0.530327981
0.131194127 0.530327981
0.131312533 0.529604629
0.13143094 0.528934497
0.131549346 0.528667978
0.131667752 0.528074897
0.131786158 0.525989721
0.131904565 0.525679814
0.132022971 0.52417261
0.132141377 0.524037422
0.132259783 0.520364916
0.13237819 0.520148345
0.132496596 0.519454454
0.132615002 0.518300154
0.132733408 0.518300154
0.132851815 0.518300154
0.132970221 0.518300154
0.133088627 0.518300154
0.133207033 0.518300154
0.13332544 0.518300154
0.133443846 0.518300154
0.133562252 0.518300154
0.133680658 0.518300154
0.133799065 0.518300154
0.133917471 0.518300154
0.134035877 0.518300154
0.134154283 0.518300154
0.13427269 0.518300154
0.134391096 0.518300154
0.134509502 0.518300154
0.134627908 0.518185147
0.134746315 0.517214593
0.134864721 0.516612796
0.134983127 0.516544812
0.135101533 0.516454883
0.13521994 0.516313426
0.135338346 0.515329013
0.135456752 0.513250997
0.135575158 0.512859849
0.135693565 0.512110179
0.135811971 0.512110179
0.135930377 0.512110179
0.136048783 0.512110179
0.13616719 0.512110179
0.136285596 0.512078132
0.136404002 0.512078132
0.136522408 0.512078132
0.136640815 0.512078132
0.136759221 0.512078132
0.136877627 0.511632927
0.136996033 0.511632927
0.13711444 0.511632927
0.137232846 0.512078132
0.137351252 0.512110179
0.137469658 0.512859849
0.137588065 0.512859849
0.137706471 0.512859849
0.137824877 0.512859849
0.137943283 0.512859849
0.13806169 0.512859849
0.138180096 0.512859849
0.138298502 0.512859849
0.138416908 0.512859849
0.138535315 0.512859849
0.138653721 0.512859849
0.138772127 0.512859849
0.138890533 0.512859849
0.13900894 0.512859849
0.139127346 0.512859849
0.139245752 0.512859849
0.139364158 0.512859849
0.139482565 0.512110179
0.139600971 0.512078132
0.139719377 0.511632927
0.139837783 0.51145772
0.13995619 0.510301905
0.140074596 0.509639165
0.140193002 0.508495729
0.140311408 0.508495729
0.140429815 0.508495729
0.140548221 0.508495729
0.140666627 0.508495729
0.140785033 0.508495729
0.14090344 0.508495729
0.141021846 0.508495729
0.141140252 0.508495729
0.141258658 0.508495729
0.141377065 0.508495729
0.141495471 0.508495729
0.141613877 0.508495729
0.141732283 0.508495729
0.14185069 0.508495729
0.141969096 0.508495729
0.142087502 0.508495729
0.142205908 0.508495729
0.142324315 0.508495729
0.142442721 0.508495729
0.142561127 0.508495729
0.142679533 0.507797656
0.14279794 0.506374636
0.142916346 0.505578261
0.143034752 0.505538828
0.143153158 0.503266998
0.143271565 0.501917057
0.143389971 0.501790078
0.143508377 0.501096011
0.143626783 0.500948377
0.14374519 0.500311949
0.143863596 0.499747746
0.143982002 0.499733995
0.144100409 0.497358152
0.144218815 0.496758644
0.144337221 0.496738933
0.144455627 0.496579564
0.144574034 0.496416972
0.14469244 0.494828294
0.144810846 0.494784597
0.144929252 0.493682237
0.145047659 0.493221902
0.145166065 0.492944958
0.145284471 0.492734371
0.145402877 0.492118693
0.145521284 0.491866271
0.14563969 0.489999712
0.145758096 0.489642782
0.145876502 0.488960958
0.145994909 0.488768357
0.146113315 0.487331989
0.146231721 0.487009531
0.146350127 0.486926223
0.146468534 0.486926223
0.14658694 0.486926223
0.146705346 0.486926223
0.146823752 0.486926223
0.146942159 0.486926223
0.147060565 0.486926223
0.147178971 0.486926223
0.147297377 0.485687764
0.147415784 0.484792331
0.14753419 0.482570811
0.147652596 0.482472923
0.147771002 0.482226701
0.147889409 0.481585008
0.148007815 0.481389294
0.148126221 0.48075245
0.148244627 0.480400015
0.148363034 0.480052645
0.14848144 0.477221962
0.148599846 0.476943046
0.148718252 0.474929348
0.148836659 0.474073358
0.148955065 0.474073358
0.149073471 0.474929348
0.149191877 0.476943046
0.149310284 0.476943046
0.14942869 0.476943046
0.149547096 0.476943046
0.149665502 0.476943046
0.149783909 0.476943046
0.149902315 0.476943046
0.150020721 0.474929348
0.150139127 0.474929348
0.150257534 0.476943046
0.15037594 0.476943046
0.150494346 0.476943046
0.150612752 0.476943046
0.150731159 0.476943046
0.150849565 0.476943046
0.150967971 0.476943046
0.151086377 0.476943046
0.151204784 0.476943046
0.15132319 0.476943046
0.151441596 0.476943046
0.151560002 0.476943046
0.151678409 0.476943046
0.151796815 0.476943046
0.151915221 0.476943046
0.152033627 0.476943046
0.152152034 0.476943046
0.15227044 0.476943046
0.152388846 0.476943046
0.152507252 0.476943046
0.152625659 0.476943046
0.152744065 0.476943046
0.152862471 0.476943046
0.152980877 0.476943046
0.153099284 0.474929348
0.15321769 0.474073358
0.153336096 0.472704209
0.153454502 0.472415498
0.153572909 0.471605644
0.153691315 0.469416936
0.153809721 0.46881713
0.153928127 0.46853461
0.154046534 0.466650925
0.15416494 0.465709153
0.154283346 0.465565664
0.154401752 0.464014619
0.154520159 0.463631726
0.154638565 0.463378797
0.154756971 0.462796858
0.154875377 0.462606742
0.154993784 0.462387711
0.15511219 0.461442359
0.155230596 0.460872059
0.155349002 0.459065983
0.155467409 0.458505752
0.155585815 0.458135341
0.155704221 0.455920404
0.155822627 0.455720229
0.155941034 0.455469926
0.15605944 0.454699813
0.156177846 0.452911867
0.156296252 0.452911867
0.156414659 0.452911867
0.156533065 0.452911867
0.156651471 0.452911867
0.156769877 0.451098739
0.156888284 0.448661165
0.15700669 0.448661165
0.157125096 0.448661165
0.157243502 0.448661165
0.157361909 0.448661165
0.157480315 0.447932073
0.157598721 0.447179194
0.157717127 0.447170087
0.157835534 0.444630988
0.15795394 0.444630988
0.158072346 0.444630988
0.158190752 0.444630988
0.158309159 0.443145383
0.158427565 0.443132183
0.158545971 0.44165646
0.158664377 0.44165646
0.158782784 0.44165646
0.15890119 0.44165646
0.159019596 0.44165646
0.159138002 0.44165646
0.159256409 0.44165646
0.159374815 0.44165646
0.159493221 0.44165646
0.159611627 0.44165646
0.159730034 0.44165646
0.15984844 0.44165646
0.159966846 0.44165646
0.160085253 0.44165646
0.160203659 0.44165646
0.160322065 0.44165646
0.160440471 0.44165646
0.160558878 0.44165646
0.160677284 0.44165646
0.16079569 0.44165646
0.160914096 0.44165646
0.161032503 0.44165646
0.161150909 0.44165646
0.161269315 0.44165646
0.161387721 0.44165646
0.161506128 0.44165646
0.161624534 0.44061428
0.16174294 0.440543571
0.161861346 0.439685072
0.161979753 0.438071441
0.162098159 0.437474901
0.162216565 0.437127439
0.162334971 0.43642975
0.162453378 0.435667329
0.162571784 0.434044655
0.16269019 0.433460798
0.162808596 0.43298942
0.162927003 0.432064904
0.163045409 0.431758215
0.163163815 0.431254291
0.163282221 0.430817787
0.163400628 0.429551047
0.163519034 0.429551047
0.16363744 0.429551047
0.163755846 0.429551047
0.163874253 0.429551047
0.163992659 0.429551047
0.164111065 0.429551047
0.164229471 0.429322518
0.164347878 0.429132892
0.164466284 0.428223749
0.16458469 0.427758632
0.164703096 0.427739153
0.164821503 0.427403519
0.164939909 0.427373689
0.165058315 0.426591225
0.165176721 0.425969187
0.165295128 0.425014998
0.165413534 0.424424863
0.16553194 0.424342203
0.165650346 0.422861518
0.165768753 0.421969881
0.165887159 0.421969881
0.166005565 0.422861518
0.166123971 0.424342203
0.166242378 0.424342203
0.166360784 0.424342203
0.16647919 0.424342203
0.166597596 0.424424863
0.166716003 0.425014998
0.166834409 0.425969187
0.166952815 0.425969187
0.167071221 0.425969187
0.167189628 0.425969187
0.167308034 0.425969187
0.16742644 0.425969187
0.167544846 0.425014998
0.167663253 0.424424863
0.167781659 0.424342203
0.167900065 0.422861518
0.168018471 0.421969881
0.168136878 0.421864821
0.168255284 0.421242106
0.16837369 0.420710667
0.168492096 0.420482349
0.168610503 0.420462409
0.168728909 0.420064835
0.168847315 0.419260224
0.168965721 0.418919083
0.169084128 0.418412932
0.169202534 0.417433069
0.16932094 0.417433069
0.169439346 0.417433069
0.169557753 0.417433069
0.169676159 0.417433069
0.169794565 0.41692732
0.169912971 0.41692732
0.170031378 0.41692732
0.170149784 0.41692732
0.17026819 0.415618443
0.170386596 0.415500199
0.170505003 0.415097274
0.170623409 0.414963032
0.170741815 0.414097256
0.170860221 0.413753095
0.170978628 0.413627649
0.171097034 0.412420628
0.17121544 0.411758031
0.171333846 0.411571966
0.171452253 0.411254148
0.171570659 0.410931964
0.171689065 0.409896658
0.171807471 0.409716315
0.171925878 0.407948509
0.172044284 0.407041091
0.17216269 0.406935262
0.172281096 0.406601871
0.172399503 0.405979467
0.172517909 0.405413602
0.172636315 0.405059192
0.172754721 0.404870386
0.172873128 0.404870386
0.172991534 0.40480452
0.17310994 0.404682501
0.173228346 0.404552366
0.173346753 0.403122623
0.173465159 0.403030735
0.173583565 0.402768394
0.173701971 0.402725628
0.173820378 0.402417123
0.173938784 0.401961686
0.17405719 0.401764373
0.174175596 0.401700661
0.174294003 0.400584124
0.174412409 0.400233795
0.174530815 0.398969575
0.174649221 0.398335847
0.174767628 0.397949384
0.174886034 0.397290732
0.17500444 0.397290732
0.175122846 0.397290732
0.175241253 0.397290732
0.175359659 0.396722481
0.175478065 0.396156653
0.175596471 0.395995531
0.175714878 0.395427247
0.175833284 0.395270362
0.17595169 0.395092911
0.176070097 0.394992768
0.176188503 0.394710896
0.176306909 0.394671692
0.176425315 0.394483043
0.176543722 0.394301458
0.176662128 0.393834517
0.176780534 0.393318251
0.17689894 0.393205307
0.177017347 0.392463159
0.177135753 0.392000921
0.177254159 0.390533473
0.177372565 0.390173115
0.177490972 0.389963717
0.177609378 0.388173937
0.177727784 0.388001072
0.17784619 0.387930029
0.177964597 0.387909299
0.178083003 0.386108759
0.178201409 0.38596773
0.178319815 0.385063826
0.178438222 0.384915186
0.178556628 0.382747412
0.178675034 0.382607527
0.17879344 0.382075889
0.178911847 0.381166698
0.179030253 0.381144894
0.179148659 0.380892436
0.179267065 0.380892436
0.179385472 0.381144894
0.179503878 0.381166698
0.179622284 0.382075889
0.17974069 0.382607527
0.179859097 0.382747412
0.179977503 0.384915186
0.180095909 0.385063826
0.180214315 0.38596773
0.180332722 0.38596773
0.180451128 0.38596773
0.180569534 0.38596773
0.18068794 0.385063826
0.180806347 0.385063826
0.180924753 0.385063826
0.181043159 0.385063826
0.181161565 0.384915186
0.181279972 0.382747412
0.181398378 0.382607527
0.181516784 0.382075889
0.18163519 0.381166698
0.181753597 0.381144894
0.181872003 0.380892436
0.181990409 0.380728888
0.182108815 0.380607187
0.182227222 0.379531534
0.182345628 0.378358734
0.182464034 0.378324301
0.18258244 0.378156887
0.182700847 0.377990308
0.182819253 0.377861671
0.182937659 0.377830692
0.183056065 0.377550968
0.183174472 0.377407139
0.183292878 0.377275353
0.183411284 0.377029831
0.18352969 0.375977626
0.183648097 0.375974757
0.183766503 0.375321085
0.183884909 0.375321085
0.184003315 0.375321085
0.184121722 0.375321085
0.184240128 0.375321085
0.184358534 0.375321085
0.18447694 0.375321085
0.184595347 0.375321085
0.184713753 0.375321085
0.184832159 0.375321085
0.184950565 0.375321085
0.185068972 0.375321085
0.185187378 0.375321085
0.185305784 0.375321085
0.18542419 0.375321085
0.185542597 0.375321085
0.185661003 0.375974757
0.185779409 0.375977626
0.185897815 0.377029831
0.186016222 0.377275353
0.186134628 0.377275353
0.186253034 0.377275353
0.18637144 0.377275353
0.186489847 0.377275353
0.186608253 0.377275353
0.186726659 0.377275353
0.186845065 0.377275353
0.186963472 0.377275353
0.187081878 0.377029831
0.187200284 0.375977626
0.18731869 0.375974757
0.187437097 0.375321085
0.187555503 0.375182478
0.187673909 0.37479292
0.187792315 0.374679701
0.187910722 0.373783667
0.188029128 0.372637851
0.188147534 0.372493718
0.18826594 0.371354204
0.188384347 0.370643228
0.188502753 0.370419545
0.188621159 0.370096659
0.188739565 0.3699429
0.188857972 0.369765192
0.188976378 0.369607077
0.189094784 0.369607077
0.18921319 0.369607077
0.189331597 0.369607077
0.189450003 0.369765192
0.189568409 0.3699429
0.189686815 0.370096659
0.189805222 0.370419545
0.189923628 0.370643228
0.190042034 0.371354204
0.19016044 0.372493718
0.190278847 0.372637851
0.190397253 0.373783667
0.190515659 0.374679701
0.190634065 0.37479292
0.190752472 0.37479292
0.190870878 0.374679701
0.190989284 0.373783667
0.19110769 0.373783667
0.191226097 0.373783667
0.191344503 0.372637851
0.191462909 0.372493718
0.191581315 0.371354204
0.191699722 0.370643228
0.191818128 0.370419545
0.191936534 0.370096659
0.192054941 0.3699429
0.192173347 0.369765192
0.192291753 0.369607077
0.192410159 0.369588749
0.192528566 0.369404027
0.192646972 0.369263622
0.192765378 0.36761946
0.192883784 0.367355891
0.193002191 0.367244107
0.193120597 0.367244107
0.193239003 0.367244107
0.193357409 0.367244107
0.193475816 0.367244107
0.193594222 0.367244107
0.193712628 0.367244107
0.193831034 0.367244107
0.193949441 0.367244107
0.194067847 0.367244107
0.194186253 0.367244107
0.194304659 0.367244107
0.194423066 0.367244107
0.194541472 0.367244107
0.194659878 0.367244107
0.194778284 0.367244107
0.194896691 0.367244107
0.195015097 0.367244107
0.195133503 0.367244107
0.195251909 0.367244107
0.195370316 0.367244107
0.195488722 0.367244107
0.195607128 0.366762777
0.195725534 0.36667397
0.195843941 0.36645099
0.195962347 0.366372471
0.196080753 0.365617074
0.196199159 0.365301065
0.196317566 0.365262208
0.196435972 0.365171205
0.196554378 0.363827554
0.196672784 0.363069428
0.196791191 0.362693599
0.196909597 0.361983821
0.197028003 0.36178835
0.197146409 0.360560165
0.197264816 0.360200635
0.197383222 0.359533253
0.197501628 0.358998677
0.197620034 0.35890047
0.197738441 0.358471653
0.197856847 0.357227666
0.197975253 0.356833714
0.198093659 0.356762047
0.198212066 0.356605945
0.198330472 0.356575359
0.198448878 0.355998841
0.198567284 0.355532477
0.198685691 0.354555342
0.198804097 0.354304223
0.198922503 0.35367237
0.199040909 0.352749689
0.199159316 0.352508741
0.199277722 0.351229073
0.199396128 0.350944474
0.199514534 0.350939811
0.199632941 0.350840581
0.199751347 0.350444287
0.199869753 0.350276043
0.199988159 0.350076508
0.200106566 0.349998643
0.200224972 0.349743642
0.200343378 0.349414259
0.200461784 0.349147501
0.200580191 0.348756299
0.200698597 0.348283416
0.200817003 0.348256283
0.200935409 0.347727427
0.201053816 0.347681991
0.201172222 0.346741414
0.201290628 0.34574883
0.201409034 0.345415108
0.201527441 0.344449815
0.201645847 0.343706355
0.201764253 0.343701778
0.201882659 0.343632813
0.202001066 0.343297751
0.202119472 0.343187683
0.202237878 0.3429889
0.202356284 0.342846662
0.202474691 0.342766448
0.202593097 0.342744014
0.202711503 0.342694444
0.202829909 0.34268407
0.202948316 0.342598636
0.203066722 0.341710295
0.203185128 0.341432875
0.203303534 0.341029988
0.203421941 0.340961818
0.203540347 0.340870486
0.203658753 0.340870486
0.203777159 0.340870486
0.203895566 0.340437818
0.204013972 0.340329694
0.204132378 0.340252007
0.204250784 0.340252007
0.204369191 0.340252007
0.204487597 0.340252007
0.204606003 0.340252007
0.204724409 0.340146785
0.204842816 0.339683476
0.204961222 0.338950578
0.205079628 0.337883735
0.205198034 0.337883735
0.205316441 0.337883735
0.205434847 0.33780456
0.205553253 0.337496664
0.205671659 0.336871711
0.205790066 0.336352767
0.205908472 0.336222689
0.206026878 0.335467098
0.206145284 0.335432665
0.206263691 0.33508958
0.206382097 0.334888916
0.206500503 0.334543278
0.206618909 0.334457685
0.206737316 0.333864591
0.206855722 0.333451658
0.206974128 0.333059108
0.207092534 0.332938329
0.207210941 0.332938329
0.207329347 0.332938329
0.207447753 0.332938329
0.207566159 0.331441086
0.207684566 0.331325264
0.207802972 0.329565176
0.207921378 0.329565176
0.208039785 0.329565176
0.208158191 0.329565176
0.208276597 0.329565176
0.208395003 0.329565176
0.20851341 0.329565176
0.208631816 0.329565176
0.208750222 0.329565176
0.208868628 0.329565176
0.208987035 0.329565176
0.209105441 0.329565176
0.209223847 0.329565176
0.209342253 0.329565176
0.20946066 0.329565176
0.209579066 0.329565176
0.209697472 0.329565176
0.209815878 0.329565176
0.209934285 0.329565176
0.210052691 0.329565176
0.210171097 0.329565176
0.210289503 0.329053621
0.21040791 0.328203398
0.210526316 0.327940195
0.210644722 0.327923222
0.210763128 0.327648648
0.210881535 0.327576105
0.210999941 0.327564341
0.211118347 0.327361824
0.211236753 0.327338835
0.21135516 0.327281081
0.211473566 0.327058078
0.211591972 0.326636893
0.211710378 0.326499908
0.211828785 0.325338972
0.211947191 0.325338972
0.212065597 0.325338972
0.212184003 0.325338972
0.21230241 0.325338972
0.212420816 0.325338972
0.212539222 0.325338972
0.212657628 0.325338972
0.212776035 0.325338972
0.212894441 0.325338972
0.213012847 0.325338972
0.213131253 0.325338972
0.21324966 0.325338972
0.213368066 0.325338972
0.213486472 0.325338972
0.213604878 0.325254696
0.213723285 0.324928933
0.213841691 0.324814493
0.213960097 0.324577358
0.214078503 0.324464104
0.21419691 0.324130818
0.214315316 0.324017551
0.214433722 0.323555687
0.214552128 0.323555687
0.214670535 0.323555687
0.214788941 0.323555687
0.214907347 0.323555687
0.215025753 0.323555687
0.21514416 0.323555687
0.215262566 0.323555687
0.215380972 0.323555687
0.215499378 0.323555687
0.215617785 0.323495606
0.215736191 0.323290875
0.215854597 0.323173193
0.215973003 0.322796952
0.21609141 0.322584921
0.216209816 0.322121777
0.216328222 0.321037091
0.216446628 0.320815364
0.216565035 0.320751869
0.216683441 0.320715399
0.216801847 0.320330149
0.216920253 0.320269253
0.21703866 0.319980676
0.217157066 0.319071788
0.217275472 0.318979103
0.217393878 0.318975421
0.217512285 0.318491953
0.217630691 0.318193427
0.217749097 0.317315408
0.217867503 0.317314463
0.21798591 0.317168973
0.218104316 0.316657778
0.218222722 0.316168852
0.218341128 0.316168852
0.218459535 0.316168852
0.218577941 0.316168852
0.218696347 0.315715847
0.218814753 0.31522774
0.21893316 0.314614327
0.219051566 0.314614327
0.219169972 0.314613734
0.219288378 0.314170139
0.219406785 0.314094588
0.219525191 0.313799644
0.219643597 0.313799644
0.219762003 0.313799644
0.21988041 0.313799644
0.219998816 0.313799644
0.220117222 0.313799644
0.220235628 0.313799644
0.220354035 0.313799644
0.220472441 0.313799644
0.220590847 0.313799644
0.220709253 0.313799644
0.22082766 0.313799644
0.220946066 0.313799644
0.221064472 0.313799644
0.221182878 0.313799644
0.221301285 0.314094588
0.221419691 0.314094588
0.221538097 0.314094588
0.221656503 0.314094588
0.22177491 0.314094588
0.221893316 0.314170139
0.222011722 0.314613734
0.222130128 0.314614327
0.222248535 0.314614327
0.222366941 0.314614327
0.222485347 0.314614327
0.222603753 0.314614327
0.22272216 0.314614327
0.222840566 0.314614327
0.222958972 0.314614327
0.223077378 0.314614327
0.223195785 0.314614327
0.223314191 0.314614327
0.223432597 0.314614327
0.223551003 0.314614327
0.22366941 0.314614327
0.223787816 0.314614327
0.223906222 0.314614327
0.224024629 0.314614327
0.224143035 0.314614327
0.224261441 0.314613734
0.224379847 0.314170139
0.224498254 0.314094588
0.22461666 0.313799644
0.224735066 0.312602711
0.224853472 0.312503789
0.224971879 0.312216293
0.225090285 0.3118894
0.225208691 0.311847454
0.225327097 0.311841525
0.225445504 0.311612854
0.22556391 0.311506161
0.225682316 0.31123685
0.225800722 0.310996731
0.225919129 0.310724661
0.226037535 0.310614322
0.226155941 0.310141744
0.226274347 0.309893655
0.226392754 0.309608685
0.22651116 0.309057367
0.226629566 0.309021342
0.226747972 0.308939283
0.226866379 0.308632639
0.226984785 0.308366176
0.227103191 0.308336293
0.227221597 0.308089778
0.227340004 0.308089778
0.22745841 0.308089778
0.227576816 0.308089778
0.227695222 0.307592839
0.227813629 0.306809767
0.227932035 0.306513441
0.228050441 0.306513441
0.228168847 0.306809767
0.228287254 0.306809767
0.22840566 0.306809767
0.228524066 0.306809767
0.228642472 0.306809767
0.228760879 0.307592839
0.228879285 0.308089778
0.228997691 0.308336293
0.229116097 0.308336293
0.229234504 0.308336293
0.22935291 0.308336293
0.229471316 0.308336293
0.229589722 0.308336293
0.229708129 0.308336293
0.229826535 0.308336293
0.229944941 0.308336293
0.230063347 0.308336293
0.230181754 0.308336293
0.23030016 0.308336293
0.230418566 0.308336293
0.230536972 0.308336293
0.230655379 0.308336293
0.230773785 0.308089778
0.230892191 0.307592839
0.231010597 0.306809767
0.231129004 0.306513441
0.23124741 0.306272531
0.231365816 0.306146575
0.231484222 0.305761046
0.231602629 0.305053043
0.231721035 0.304979582
0.231839441 0.304979582
0.231957847 0.304979582
0.232076254 0.304749499
0.23219466 0.304148923
0.232313066 0.304051264
0.232431472 0.303948429
0.232549879 0.302653556
0.232668285 0.301968581
0.232786691 0.3014864
0.232905097 0.301251506
0.233023504 0.301128218
0.23314191 0.301015356
0.233260316 0.300702374
0.233378722 0.300373815
0.233497129 0.300358136
0.233615535 0.299440886
0.233733941 0.299250309
0.233852347 0.299250309
0.233970754 0.299250309
0.23408916 0.299250309
0.234207566 0.299250309
0.234325972 0.299250309
0.234444379 0.299250309
0.234562785 0.299250309
0.234681191 0.299440886
0.234799597 0.300358136
0.234918004 0.300358136
0.23503641 0.300358136
0.235154816 0.299440886
0.235273222 0.29940729
0.235391629 0.299250309
0.235510035 0.299239028
0.235628441 0.299203789
0.235746847 0.299122409
0.235865254 0.2989839
0.23598366 0.298801413
0.236102066 0.298801413
0.236220472 0.298801413
0.236338879 0.298801413
0.236457285 0.298801413
0.236575691 0.298801413
0.236694097 0.298801413
0.236812504 0.298801413
0.23693091 0.298801413
0.237049316 0.298801413
0.237167722 0.298801413
0.237286129 0.298801413
0.237404535 0.298801413
0.237522941 0.298801413
0.237641347 0.298801413
0.237759754 0.298801413
0.23787816 0.298801413
0.237996566 0.298801413
0.238114972 0.298801413
0.238233379 0.298801413
0.238351785 0.298801413
0.238470191 0.298801413
0.238588597 0.298801413
0.238707004 0.2989839
0.23882541 0.2989839
0.238943816 0.2989839
0.239062222 0.2989839
0.239180629 0.299122409
0.239299035 0.299203789
0.239417441 0.299239028
0.239535847 0.299250309
0.239654254 0.29940729
0.23977266 0.299440886
0.239891066 0.300358136
0.240009473 0.300373815
0.240127879 0.300702374
0.240246285 0.300969147
0.240364691 0.301015356
0.240483098 0.301128218
0.240601504 0.3014864
0.24071991 0.301968581
0.240838316 0.302653556
0.240956723 0.303948429
0.241075129 0.304051264
0.241193535 0.304148923
0.241311941 0.304749499
0.241430348 0.304979582
0.241548754 0.305053043
0.24166716 0.305761046
0.241785566 0.306146575
0.241903973 0.306272531
0.242022379 0.306513441
0.242140785 0.306809767
0.242259191 0.307592839
0.242377598 0.308089778
0.242496004 0.308336293
0.24261441 0.308366176
0.242732816 0.308366176
0.242851223 0.308366176
0.242969629 0.308366176
0.243088035 0.308366176
0.243206441 0.308366176
0.243324848 0.308632639
0.243443254 0.308366176
0.24356166 0.308336293
0.243680066 0.308089778
0.243798473 0.307592839
0.243916879 0.307592839
0.244035285 0.307592839
0.244153691 0.307592839
0.244272098 0.306809767
0.244390504 0.306513441
0.24450891 0.306513441
0.244627316 0.306513441
0.244745723 0.306513441
0.244864129 0.306272531
0.244982535 0.306146575
0.245100941 0.305761046
0.245219348 0.305053043
0.245337754 0.304979582
0.24545616 0.304979582
0.245574566 0.304979582
0.245692973 0.304979582
0.245811379 0.304749499
0.245929785 0.304148923
0.246048191 0.304148923
0.246166598 0.304148923
0.246285004 0.304148923
0.24640341 0.304148923
0.246521816 0.304051264
0.246640223 0.303948429
0.246758629 0.302653556
0.246877035 0.302653556
0.246995441 0.302653556
0.247113848 0.302653556
0.247232254 0.302653556
0.24735066 0.302653556
0.247469066 0.302653556
0.247587473 0.302653556
0.247705879 0.302653556
0.247824285 0.302653556
0.247942691 0.302653556
0.248061098 0.301968581
0.248179504 0.3014864
0.24829791 0.301128218
0.248416316 0.301128218
0.248534723 0.301128218
0.248653129 0.301015356
0.248771535 0.300969147
0.248889941 0.300702374
0.249008348 0.300373815
0.249126754 0.300358136
0.24924516 0.299440886
0.249363566 0.29940729
0.249481973 0.299250309
0.249600379 0.299239028
0.249718785 0.299203789
0.249837191 0.2989839
0.249955598 0.298801413
0.250074004 0.298155819
0.25019241 0.297816163
0.250310816 0.297648522
0.250429223 0.297486225
0.250547629 0.295681866
0.250666035 0.295664675
0.250784441 0.294274226
0.250902848 0.294093891
0.251021254 0.293984658
0.25113966 0.293984658
0.251258066 0.294093891
0.251376473 0.294274226
0.251494879 0.295664675
0.251613285 0.295664675
0.251731691 0.295664675
0.251850098 0.295664675
0.251968504 0.295664675
0.25208691 0.295681866
0.252205316 0.297486225
0.252323723 0.297648522
0.252442129 0.297816163
0.252560535 0.2981141
0.252678941 0.298155819
0.252797348 0.298801413
0.252915754 0.2989839
0.25303416 0.299203789
0.253152566 0.299239028
0.253270973 0.299250309
0.253389379 0.29940729
0.253507785 0.299440886
0.253626191 0.300358136
0.253744598 0.300373815
0.253863004 0.300702374
0.25398141 0.300702374
0.254099816 0.300702374
0.254218223 0.300373815
0.254336629 0.300358136
0.254455035 0.299440886
0.254573441 0.29940729
0.254691848 0.299250309
0.254810254 0.299203789
0.25492866 0.2989839
0.255047066 0.298801413
0.255165473 0.298801413
0.255283879 0.298801413
0.255402285 0.298801413
0.255520691 0.298801413
0.255639098 0.298801413
0.255757504 0.298155819
0.25587591 0.2981141
0.255994316 0.297816163
0.256112723 0.297648522
0.256231129 0.297486225
0.256349535 0.295681866
0.256467942 0.295664675
0.256586348 0.294274226
0.256704754 0.294093891
0.25682316 0.294093891
0.256941567 0.294093891
0.257059973 0.294093891
0.257178379 0.293984658
0.257296785 0.29388721
0.257415192 0.29350794
0.257533598 0.292948822
0.257652004 0.291878582
0.25777041 0.291878582
0.257888817 0.291878582
0.258007223 0.291878582
0.258125629 0.291878582
0.258244035 0.291878582
0.258362442 0.291110574
0.258480848 0.290959628
0.258599254 0.289848137
0.25871766 0.289816526
0.258836067 0.289773445
0.258954473 0.289663801
0.259072879 0.289092792
0.259191285 0.288993678
0.259309692 0.288620797
0.259428098 0.288551055
0.259546504 0.288293551
0.25966491 0.287423188
0.259783317 0.286976305
0.259901723 0.286404
0.260020129 0.286111888
0.260138535 0.285236849
0.260256942 0.285204651
0.260375348 0.284537178
0.260493754 0.28437461
0.26061216 0.284368138
0.260730567 0.283866145
0.260848973 0.283523255
0.260967379 0.283428508
0.261085785 0.283126477
0.261204192 0.283066139
0.261322598 0.283001825
0.261441004 0.282281903
0.26155941 0.282281903
0.261677817 0.282281903
0.261796223 0.282281903
0.261914629 0.282281903
0.262033035 0.282281903
0.262151442 0.282281903
0.262269848 0.282281903
0.262388254 0.283001825
0.26250666 0.283066139
0.262625067 0.283126477
0.262743473 0.283126477
0.262861879 0.283126477
0.262980285 0.283126477
0.263098692 0.283126477
0.263217098 0.283428508
0.263335504 0.283428508
0.26345391 0.283428508
0.263572317 0.283126477
0.263690723 0.283066139
0.263809129 0.283066139
0.263927535 0.283066139
0.264045942 0.283001825
0.264164348 0.282281903
0.264282754 0.282121606
0.26440116 0.282121606
0.264519567 0.282121606
0.264637973 0.282121606
0.264756379 0.282121606
0.264874785 0.282121606
0.264993192 0.282121606
0.265111598 0.282121606
0.265230004 0.282121606
0.26534841 0.281416574
0.265466817 0.280326767
0.265585223 0.280222864
0.265703629 0.280185823
0.265822035 0.279341421
0.265940442 0.279057015
0.266058848 0.278031853
0.266177254 0.277975812
0.26629566 0.277622343
0.266414067 0.276376714
0.266532473 0.275934663
0.266650879 0.27534903
0.266769285 0.27501137
0.266887692 0.274886714
0.267006098 0.274439407
0.267124504 0.274399994
0.26724291 0.274399994
0.267361317 0.274399994
0.267479723 0.274045044
0.267598129 0.273768692
0.267716535 0.273751951
0.267834942 0.273384558
0.267953348 0.273328949
0.268071754 0.273328949
0.26819016 0.272374008
0.268308567 0.272224061
0.268426973 0.272103478
0.268545379 0.271550548
0.268663785 0.271550548
0.268782192 0.271550548
0.268900598 0.271550548
0.269019004 0.27099648
0.26913741 0.270440776
0.269255817 0.270024658
0.269374223 0.269386471
0.269492629 0.270024658
0.269611035 0.270440776
0.269729442 0.27099648
0.269847848 0.271550548
0.269966254 0.27099648
0.27008466 0.270440776
0.270203067 0.270440776
0.270321473 0.270440776
0.270439879 0.270440776
0.270558285 0.270440776
0.270676692 0.270024658
0.270795098 0.269386471
0.270913504 0.269151049
0.27103191 0.268887205
0.271150317 0.268887205
0.271268723 0.268408296
0.271387129 0.26838091
0.271505535 0.267136538
0.271623942 0.266920173
0.271742348 0.266886349
0.271860754 0.266634568
0.27197916 0.266631261
0.272097567 0.265171132
0.272215973 0.264502556
0.272334379 0.262486495
0.272452786 0.262225289
0.272571192 0.261673986
0.272689598 0.261209213
0.272808004 0.261194217
0.272926411 0.260963329
0.273044817 0.260153797
0.273163223 0.259481841
0.273281629 0.258472484
0.273400036 0.258283994
0.273518442 0.256680056
0.273636848 0.256450369
0.273755254 0.255730142
0.273873661 0.25541821
0.273992067 0.253545786
0.274110473 0.253398467
0.274228879 0.253272062
0.274347286 0.25298455
0.274465692 0.25298455
0.274584098 0.25284258
0.274702504 0.252447344
0.274820911 0.252205717
0.274939317 0.25211141
0.275057723 0.252070703
0.275176129 0.25059804
0.275294536 0.250513551
0.275412942 0.249697213
0.275531348 0.248794913
0.275649754 0.24725741
0.275768161 0.247216252
0.275886567 0.247028552
0.276004973 0.246156526
0.276123379 0.245639577
0.276241786 0.245539034
0.276360192 0.244831985
0.276478598 0.244437928
0.276597004 0.244039438
0.276715411 0.24361051
0.276833817 0.243207319
0.276952223 0.242385982
0.277070629 0.242375599
0.277189036 0.242345209
0.277307442 0.241623494
0.277425848 0.241543492
0.277544254 0.241400406
0.277662661 0.241177364
0.277781067 0.240897782
0.277899473 0.240743441
0.278017879 0.239328929
0.278136286 0.239218701
0.278254692 0.237016278
0.278373098 0.236541078
0.278491504 0.236315751
0.278609911 0.235986857
0.278728317 0.235851769
0.278846723 0.235535382
0.278965129 0.23533577
0.279083536 0.235081118
0.279201942 0.233362764
0.279320348 0.233249713
0.279438754 0.232038355
0.279557161 0.231351445
0.279675567 0.2311917
0.279793973 0.230589151
0.279912379 0.23042046
0.280030786 0.23006413
0.280149192 0.228968917
0.280267598 0.228732166
0.280386004 0.228494739
0.280504411 0.227651669
0.280622817 0.227469908
0.280741223 0.227426839
0.280859629 0.227271927
0.280978036 0.226678425
0.281096442 0.226644462
0.281214848 0.226536748
0.281333254 0.22604586
0.281451661 0.225928615
0.281570067 0.225886268
0.281688473 0.22437862
0.281806879 0.224339859
0.281925286 0.224339859
0.282043692 0.224339859
0.282162098 0.224339859
0.282280504 0.224339859
0.282398911 0.224339859
0.282517317 0.224339859
0.282635723 0.2242915
0.282754129 0.223733201
0.282872536 0.223687192
0.282990942 0.223026165
0.283109348 0.222621428
0.283227754 0.222082066
0.283346161 0.222020339
0.283464567 0.219949013
0.283582973 0.219890283
0.283701379 0.219507541
0.283819786 0.219401967
0.283938192 0.218679451
0.284056598 0.218549214
0.284175004 0.2179872
0.284293411 0.217767854
0.284411817 0.217258744
0.284530223 0.217045589
0.284648629 0.216517058
0.284767036 0.216479767
0.284885442 0.216075854
0.285003848 0.215315841
0.285122254 0.215305812
0.285240661 0.214871217
0.285359067 0.214852532
0.285477473 0.214553191
0.285595879 0.213669399
0.285714286 0.213669399
0.285832692 0.213669399
0.285951098 0.213669399
0.286069504 0.213018825
0.286187911 0.212882153
0.286306317 0.212842142
0.286424723 0.212655346
0.286543129 0.212544203
0.286661536 0.212507561
0.286779942 0.211931896
0.286898348 0.211931896
0.287016754 0.211931896
0.287135161 0.211931896
0.287253567 0.211931896
0.287371973 0.211931896
0.287490379 0.211931896
0.287608786 0.211931896
0.287727192 0.211931896
0.287845598 0.211931896
0.287964004 0.211931896
0.288082411 0.211931896
0.288200817 0.211931896
0.288319223 0.211931896
0.28843763 0.211931896
0.288556036 0.211931896
0.288674442 0.211931896
0.288792848 0.211931896
0.288911255 0.211931896
0.289029661 0.211931896
0.289148067 0.211931896
0.289266473 0.211931896
0.28938488 0.211931896
0.289503286 0.212507561
0.289621692 0.212544203
0.289740098 0.212655346
0.289858505 0.212842142
0.289976911 0.212882153
0.290095317 0.213018825
0.290213723 0.213018825
0.29033213 0.213018825
0.290450536 0.213018825
0.290568942 0.212882153
0.290687348 0.212842142
0.290805755 0.212655346
0.290924161 0.212544203
0.291042567 0.212507561
0.291160973 0.211931896
0.29127938 0.211836918
0.291397786 0.211552257
0.291516192 0.211288402
0.291634598 0.211240023
0.291753005 0.211114578
0.291871411 0.210764915
0.291989817 0.210425665
0.292108223 0.210268658
0.29222663 0.210024771
0.292345036 0.209950051
0.292463442 0.208719052
0.292581848 0.207596412
0.292700255 0.207162759
0.292818661 0.206614877
0.292937067 0.20638331
0.293055473 0.205581183
0.29317388 0.20502485
0.293292286 0.204674764
0.293410692 0.203112692
0.293529098 0.203112692
0.293647505 0.203112692
0.293765911 0.203112692
0.293884317 0.203112692
0.294002723 0.203112692
0.29412113 0.202725502
0.294239536 0.202634697
0.294357942 0.202510405
0.294476348 0.202510405
0.294594755 0.202510405
0.294713161 0.202510405
0.294831567 0.202510405
0.294949973 0.202510405
0.29506838 0.202510405
0.295186786 0.202510405
0.295305192 0.202510405
0.295423598 0.202510405
0.295542005 0.202214375
0.295660411 0.200919724
0.295778817 0.200363994
0.295897223 0.200363994
0.29601563 0.200363994
0.296134036 0.200363994
0.296252442 0.200363994
0.296370848 0.200919724
0.296489255 0.202214375
0.296607661 0.202510405
0.296726067 0.202634697
0.296844473 0.202725502
0.29696288 0.203112692
0.297081286 0.204674764
0.297199692 0.20502485
0.297318098 0.205212111
0.297436505 0.205355681
0.297554911 0.205355681
0.297673317 0.205355681
0.297791723 0.205355681
0.29791013 0.205355681
0.298028536 0.205355681
0.298146942 0.205355681
0.298265348 0.205355681
0.298383755 0.205212111
0.298502161 0.20502485
0.298620567 0.204674764
0.298738973 0.203112692
0.29885738 0.202725502
0.298975786 0.202634697
0.299094192 0.202510405
0.299212598 0.202214375
0.299331005 0.200919724
0.299449411 0.200363994
0.299567817 0.200157701
0.299686223 0.200054198
0.29980463 0.200054198
0.299923036 0.200054198
0.300041442 0.200054198
0.300159848 0.199950123
0.300278255 0.199950123
0.300396661 0.199950123
0.300515067 0.199950123
0.300633473 0.199950123
0.30075188 0.199945906
0.300870286 0.199659772
0.300988692 0.199590041
0.301107098 0.199534096
0.301225505 0.199534096
0.301343911 0.199534096
0.301462317 0.199534096
0.301580723 0.199534096
0.30169913 0.199534096
0.301817536 0.199534096
0.301935942 0.199534096
0.302054348 0.199534096
0.302172755 0.199534096
0.302291161 0.199534096
0.302409567 0.199534096
0.302527973 0.199534096
0.30264638 0.199534096
0.302764786 0.199534096
0.302883192 0.199534096
0.303001598 0.199534096
0.303120005 0.199534096
0.303238411 0.199534096
0.303356817 0.199534096
0.303475223 0.199534096
0.30359363 0.199493622
0.303712036 0.199428858
0.303830442 0.199138122
0.303948848 0.199127623
0.304067255 0.198924226
0.304185661 0.198834423
0.304304067 0.198652918
0.304422474 0.19848961
0.30454088 0.198199156
0.304659286 0.197931306
0.304777692 0.197796219
0.304896099 0.197530754
0.305014505 0.197395091
0.305132911 0.196874637
0.305251317 0.196758985
0.305369724 0.196673394
0.30548813 0.196576606
0.305606536 0.196227419
0.305724942 0.195894899
0.305843349 0.195781431
0.305961755 0.195562291
0.306080161 0.194756305
0.306198567 0.194567072
0.306316974 0.193472243
0.30643538 0.193432338
0.306553786 0.193231179
0.306672192 0.193225046
0.306790599 0.193198982
0.306909005 0.193126347
0.307027411 0.193019588
0.307145817 0.192467626
0.307264224 0.192389483
0.30738263 0.191793704
0.307501036 0.191727864
0.307619442 0.191502756
0.307737849 0.191490597
0.307856255 0.191266521
0.307974661 0.191200671
0.308093067 0.190987982
0.308211474 0.190808805
0.30832988 0.190808805
0.308448286 0.190778183
0.308566692 0.190742088
0.308685099 0.190715787
0.308803505 0.190249822
0.308921911 0.189922423
0.309040317 0.189668666
0.309158724 0.188536072
0.30927713 0.188419722
0.309395536 0.188259869
0.309513942 0.188090455
0.309632349 0.187982003
0.309750755 0.187915408
0.309869161 0.187004004
0.309987567 0.187004004
0.310105974 0.187004004
0.31022438 0.187004004
0.310342786 0.187004004
0.310461192 0.187004004
0.310579599 0.187004004
0.310698005 0.187915408
0.310816411 0.187982003
0.310934817 0.188090455
0.311053224 0.188259869
0.31117163 0.188419722
0.311290036 0.188419722
0.311408442 0.188419722
0.311526849 0.188419722
0.311645255 0.188419722
0.311763661 0.188419722
0.311882067 0.188259869
0.312000474 0.188090455
0.31211888 0.187982003
0.312237286 0.187915408
0.312355692 0.187004004
0.312474099 0.186775985
0.312592505 0.186604374
0.312710911 0.186483983
0.312829317 0.18637349
0.312947724 0.186228461
0.31306613 0.185586275
0.313184536 0.185580841
0.313302942 0.185312444
0.313421349 0.185279029
0.313539755 0.185279029
0.313658161 0.185279029
0.313776567 0.185279029
0.313894974 0.185279029
0.31401338 0.185279029
0.314131786 0.185279029
0.314250192 0.185279029
0.314368599 0.185279029
0.314487005 0.185279029
0.314605411 0.185279029
0.314723817 0.185279029
0.314842224 0.185279029
0.31496063 0.185279029
0.315079036 0.185279029
0.315197442 0.185279029
0.315315849 0.185219013
0.315434255 0.184527561
0.315552661 0.184313296
0.315671067 0.184214785
0.315789474 0.183844252
0.31590788 0.183684815
0.316026286 0.183545401
0.316144692 0.1832387
0.316263099 0.183206036
0.316381505 0.182722189
0.316499911 0.182438616
0.316618317 0.182438616
0.316736724 0.182438616
0.31685513 0.182438616
0.316973536 0.182438616
0.317091942 0.182438616
0.317210349 0.182438616
0.317328755 0.182438616
0.317447161 0.182438616
0.317565567 0.182438616
0.317683974 0.182438616
0.31780238 0.182438616
0.317920786 0.182438616
0.318039192 0.182722189
0.318157599 0.183206036
0.318276005 0.1832387
0.318394411 0.183545401
0.318512817 0.183684815
0.318631224 0.183684815
0.31874963 0.183844252
0.318868036 0.184214785
0.318986442 0.184313296
0.319104849 0.184527561
0.319223255 0.185219013
0.319341661 0.185219013
0.319460067 0.185219013
0.319578474 0.185219013
0.31969688 0.185279029
0.319815286 0.185312444
0.319933692 0.185312444
0.320052099 0.185312444
0.320170505 0.185312444
0.320288911 0.185312444
0.320407318 0.185312444
0.320525724 0.185312444
0.32064413 0.185279029
0.320762536 0.185279029
0.320880943 0.185279029
0.320999349 0.185279029
0.321117755 0.185279029
0.321236161 0.185279029
0.321354568 0.185279029
0.321472974 0.185279029
0.32159138 0.185279029
0.321709786 0.185279029
0.321828193 0.185279029
0.321946599 0.185279029
0.322065005 0.185279029
0.322183411 0.185279029
0.322301818 0.185279029
0.322420224 0.185279029
0.32253863 0.185279029
0.322657036 0.185279029
0.322775443 0.185279029
0.322893849 0.185219013
0.323012255 0.184527561
0.323130661 0.184313296
0.323249068 0.184214785
0.323367474 0.183844252
0.32348588 0.183684815
0.323604286 0.183545401
0.323722693 0.1832387
0.323841099 0.183206036
0.323959505 0.182722189
0.324077911 0.182438616
0.324196318 0.181097625
0.324314724 0.181097625
0.32443313 0.181097625
0.324551536 0.181097625
0.324669943 0.181097625
0.324788349 0.181097625
0.324906755 0.181097625
0.325025161 0.181097625
0.325143568 0.181097625
0.325261974 0.181097625
0.32538038 0.181097625
0.325498786 0.181097625
0.325617193 0.181097625
0.325735599 0.181097625
0.325854005 0.181097625
0.325972411 0.180521011
0.326090818 0.18041951
0.326209224 0.180354238
0.32632763 0.180212514
0.326446036 0.180049157
0.326564443 0.17962681
0.326682849 0.178913735
0.326801255 0.178671535
0.326919661 0.178014038
0.327038068 0.177634889
0.327156474 0.17662851
0.32727488 0.175959155
0.327393286 0.175955884
0.327511693 0.17586046
0.327630099 0.175798661
0.327748505 0.175336918
0.327866911 0.175289618
0.327985318 0.175289618
0.328103724 0.175099259
0.32822213 0.174934602
0.328340536 0.174451027
0.328458943 0.173918272
0.328577349 0.173894077
0.328695755 0.173537108
0.328814161 0.173141514
0.328932568 0.172956294
0.329050974 0.172767526
0.32916938 0.172739403
0.329287786 0.172729967
0.329406193 0.17215722
0.329524599 0.171500907
0.329643005 0.171242713
0.329761411 0.170702083
0.329879818 0.170584012
0.329998224 0.170584012
0.33011663 0.170584012
0.330235036 0.170584012
0.330353443 0.170702083
0.330471849 0.171242713
0.330590255 0.171500907
0.330708661 0.17215722
0.330827068 0.172729967
0.330945474 0.172739403
0.33106388 0.172767526
0.331182286 0.172956294
0.331300693 0.172956294
0.331419099 0.172956294
0.331537505 0.172956294
0.331655911 0.172956294
0.331774318 0.172956294
0.331892724 0.172956294
0.33201113 0.172956294
0.332129536 0.172956294
0.332247943 0.172956294
0.332366349 0.172956294
0.332484755 0.172956294
0.332603161 0.172956294
0.332721568 0.172956294
0.332839974 0.172956294
0.33295838 0.172956294
0.333076786 0.172956294
0.333195193 0.172956294
0.333313599 0.172956294
0.333432005 0.172956294
0.333550411 0.172956294
0.333668818 0.172767526
0.333787224 0.172739403
0.33390563 0.172729967
0.334024036 0.17215722
0.334142443 0.171500907
0.334260849 0.171242713
0.334379255 0.170702083
0.334497661 0.170702083
0.334616068 0.170702083
0.334734474 0.170702083
0.33485288 0.170702083
0.334971286 0.170702083
0.335089693 0.170702083
0.335208099 0.170702083
0.335326505 0.170702083
0.335444911 0.170584012
0.335563318 0.170043655
0.335681724 0.170043655
0.33580013 0.170043655
0.335918536 0.170043655
0.336036943 0.170043655
0.336155349 0.170043655
0.336273755 0.170043655
0.336392162 0.170043655
0.336510568 0.170043655
0.336628974 0.170043655
0.33674738 0.169790625
0.336865787 0.169790625
0.336984193 0.169790625
0.337102599 0.169790625
0.337221005 0.169790625
0.337339412 0.169474218
0.337457818 0.169450745
0.337576224 0.169155398
0.33769463 0.168948381
0.337813037 0.168829683
0.337931443 0.168589928
0.338049849 0.16835226
0.338168255 0.168338639
0.338286662 0.168110588
0.338405068 0.168110588
0.338523474 0.167517063
0.33864188 0.167408014
0.338760287 0.166974865
0.338878693 0.166843935
0.338997099 0.166716542
0.339115505 0.166403148
0.339233912 0.166399282
0.339352318 0.16620663
0.339470724 0.166040057
0.33958913 0.165909875
0.339707537 0.165805264
0.339825943 0.165636178
0.339944349 0.165264313
0.340062755 0.164970248
0.340181162 0.164970248
0.340299568 0.16487186
0.340417974 0.164810745
0.34053638 0.164753857
0.340654787 0.164753857
0.340773193 0.164753857
0.340891599 0.164753857
0.341010005 0.164753857
0.341128412 0.164753857
0.341246818 0.164753857
0.341365224 0.164753857
0.34148363 0.164753857
0.341602037 0.164753857
0.341720443 0.164753857
0.341838849 0.164753857
0.341957255 0.164753857
0.342075662 0.164753857
0.342194068 0.164753857
0.342312474 0.164753857
0.34243088 0.164753857
0.342549287 0.164753857
0.342667693 0.164753857
0.342786099 0.164753857
0.342904505 0.164753857
0.343022912 0.164753857
0.343141318 0.164753857
0.343259724 0.164753857
0.34337813 0.164753857
0.343496537 0.164753857
0.343614943 0.164753857
0.343733349 0.164753857
0.343851755 0.164753857
0.343970162 0.164753857
0.344088568 0.164753857
0.344206974 0.164753857
0.34432538 0.164753857
0.344443787 0.164753857
0.344562193 0.164550614
0.344680599 0.164522144
0.344799005 0.164482156
0.344917412 0.164077739
0.345035818 0.164076579
0.345154224 0.163304158
0.34527263 0.163304158
0.345391037 0.163304158
0.345509443 0.16297476
0.345627849 0.16297476
0.345746255 0.16297476
0.345864662 0.16297476
0.345983068 0.16297476
0.346101474 0.16297476
0.34621988 0.162957113
0.346338287 0.16283495
0.346456693 0.162348955
0.346575099 0.162348955
0.346693505 0.162348955
0.346811912 0.162348955
0.346930318 0.162348955
0.347048724 0.162348955
0.34716713 0.162348955
0.347285537 0.162348955
0.347403943 0.162348955
0.347522349 0.162348955
0.347640755 0.162348955
0.347759162 0.162246476
0.347877568 0.162084336
0.347995974 0.162001914
0.34811438 0.162001914
0.348232787 0.162001914
0.348351193 0.162001914
0.348469599 0.161825217
0.348588005 0.161750089
0.348706412 0.161631629
0.348824818 0.16148427
0.348943224 0.161483739
0.34906163 0.161399082
0.349180037 0.161256395
0.349298443 0.161232192
0.349416849 0.161232192
0.349535255 0.161232192
0.349653662 0.161232192
0.349772068 0.161232192
0.349890474 0.161232192
0.35000888 0.161232192
0.350127287 0.161232192
0.350245693 0.161232192
0.350364099 0.161232192
0.350482505 0.161232192
0.350600912 0.161232192
0.350719318 0.161232192
0.350837724 0.161232192
0.35095613 0.161232192
0.351074537 0.161232192
0.351192943 0.161232192
0.351311349 0.161232192
0.351429755 0.161232192
0.351548162 0.161232192
0.351666568 0.161232192
0.351784974 0.161232192
0.35190338 0.161232192
0.352021787 0.161232192
0.352140193 0.161232192
0.352258599 0.161256395
0.352377006 0.161399082
0.352495412 0.161483739
0.352613818 0.16148427
0.352732224 0.161631629
0.352850631 0.161750089
0.352969037 0.161750089
0.353087443 0.161750089
0.353205849 0.161750089
0.353324256 0.161825217
0.353442662 0.162001914
0.353561068 0.162084336
0.353679474 0.162246476
0.353797881 0.162348955
0.353916287 0.16283495
0.354034693 0.162957113
0.354153099 0.16297476
0.354271506 0.16297476
0.354389912 0.162957113
0.354508318 0.16283495
0.354626724 0.162348955
0.354745131 0.162348955
0.354863537 0.16283495
0.354981943 0.16283495
0.355100349 0.16283495
0.355218756 0.16283495
0.355337162 0.16283495
0.355455568 0.16283495
0.355573974 0.16283495
0.355692381 0.16283495
0.355810787 0.16283495
0.355929193 0.16283495
0.356047599 0.16283495
0.356166006 0.16283495
0.356284412 0.162348955
0.356402818 0.162246476
0.356521224 0.162084336
0.356639631 0.162001914
0.356758037 0.161825217
0.356876443 0.161750089
0.356994849 0.161631629
0.357113256 0.16148427
0.357231662 0.161483739
0.357350068 0.161399082
0.357468474 0.161232192
0.357586881 0.16118818
0.357705287 0.16109414
0.357823693 0.160796092
0.357942099 0.160796092
0.358060506 0.160796092
0.358178912 0.160739724
0.358297318 0.160674707
0.358415724 0.160674707
0.358534131 0.160674707
0.358652537 0.160674707
0.358770943 0.160571581
0.358889349 0.160571581
0.359007756 0.160571581
0.359126162 0.160571581
0.359244568 0.160571581
0.359362974 0.160571581
0.359481381 0.160571581
0.359599787 0.160571581
0.359718193 0.160571581
0.359836599 0.160674707
0.359955006 0.160674707
0.360073412 0.160674707
0.360191818 0.160674707
0.360310224 0.160674707
0.360428631 0.160674707
0.360547037 0.160674707
0.360665443 0.160674707
0.360783849 0.160674707
0.360902256 0.160674707
0.361020662 0.160674707
0.361139068 0.160739724
0.361257474 0.160796092
0.361375881 0.160796092
0.361494287 0.160796092
0.361612693 0.160796092
0.361731099 0.160796092
0.361849506 0.16109414
0.361967912 0.16118818
0.362086318 0.161232192
0.362204724 0.161399082
0.362323131 0.161399082
0.362441537 0.161399082
0.362559943 0.161399082
0.362678349 0.161399082
0.362796756 0.161232192
0.362915162 0.16118818
0.363033568 0.16109414
0.363151974 0.16118818
0.363270381 0.161232192
0.363388787 0.161399082
0.363507193 0.161232192
0.363625599 0.16118818
0.363744006 0.16109414
0.363862412 0.16118818
0.363980818 0.16118818
0.364099224 0.16118818
0.364217631 0.16118818
0.364336037 0.16118818
0.364454443 0.16118818
0.364572849 0.161232192
0.364691256 0.161232192
0.364809662 0.161232192
0.364928068 0.16118818
0.365046474 0.16109414
0.365164881 0.160796092
0.365283287 0.160739724
0.365401693 0.160674707
0.365520099 0.160571581
0.365638506 0.160543708
0.365756912 0.160519996
0.365875318 0.159725773
0.365993724 0.159725773
0.366112131 0.159725773
0.366230537 0.159725773
0.366348943 0.159725773
0.366467349 0.159725773
0.366585756 0.159725773
0.366704162 0.159725773
0.366822568 0.159725773
0.366940974 0.159725773
0.367059381 0.159725773
0.367177787 0.159725773
0.367296193 0.159725773
0.367414599 0.160519996
0.367533006 0.160543708
0.367651412 0.160571581
0.367769818 0.160674707
0.367888224 0.160674707
0.368006631 0.160674707
0.368125037 0.160674707
0.368243443 0.160674707
0.36836185 0.160674707
0.368480256 0.160674707
0.368598662 0.160674707
0.368717068 0.160674707
0.368835475 0.160674707
0.368953881 0.160674707
0.369072287 0.160674707
0.369190693 0.160674707
0.3693091 0.160674707
0.369427506 0.160674707
0.369545912 0.160674707
0.369664318 0.160674707
0.369782725 0.160674707
0.369901131 0.160674707
0.370019537 0.160674707
0.370137943 0.160674707
0.37025635 0.160571581
0.370374756 0.160543708
0.370493162 0.160519996
0.370611568 0.159725773
0.370729975 0.159658597
0.370848381 0.159658597
0.370966787 0.159378245
0.371085193 0.159356248
0.3712036 0.159311734
0.371322006 0.159118125
0.371440412 0.158673781
0.371558818 0.158664615
0.371677225 0.158394347
0.371795631 0.158248336
0.371914037 0.158244608
0.372032443 0.15744224
0.37215085 0.157398408
0.372269256 0.157141317
0.372387662 0.15712807
0.372506068 0.15706943
0.372624475 0.156501543
0.372742881 0.156390592
0.372861287 0.156306719
0.372979693 0.156300224
0.3730981 0.156300224
0.373216506 0.156300224
0.373334912 0.155868934
0.373453318 0.155835656
0.373571725 0.155589853
0.373690131 0.155514258
0.373808537 0.155456201
0.373926943 0.155219517
0.37404535 0.155219517
0.374163756 0.155219517
0.374282162 0.155219517
0.374400568 0.155219517
0.374518975 0.155219517
0.374637381 0.155219517
0.374755787 0.154873966
0.374874193 0.154651082
0.3749926 0.154025385
0.375111006 0.153982748
0.375229412 0.153790204
0.375347818 0.153749776
0.375466225 0.153749776
0.375584631 0.153749776
0.375703037 0.153749776
0.375821443 0.153790204
0.37593985 0.153790204
0.376058256 0.153790204
0.376176662 0.153790204
0.376295068 0.153790204
0.376413475 0.153790204
0.376531881 0.153790204
0.376650287 0.153982748
0.376768693 0.153982748
0.3768871 0.153982748
0.377005506 0.153982748
0.377123912 0.153982748
0.377242318 0.153982748
0.377360725 0.153790204
0.377479131 0.153749776
0.377597537 0.153667469
0.377715943 0.153418255
0.37783435 0.153349418
0.377952756 0.153117932
0.378071162 0.153116338
0.378189568 0.153033874
0.378307975 0.152936859
0.378426381 0.152385106
0.378544787 0.15206753
0.378663193 0.152043213
0.3787816 0.151708894
0.378900006 0.151708894
0.379018412 0.151708894
0.379136818 0.152043213
0.379255225 0.15206753
0.379373631 0.152385106
0.379492037 0.152936859
0.379610443 0.153033874
0.37972885 0.153116338
0.379847256 0.153117932
0.379965662 0.153349418
0.380084068 0.153418255
0.380202475 0.153667469
0.380320881 0.153749776
0.380439287 0.153790204
0.380557693 0.153982748
0.3806761 0.154025385
0.380794506 0.154651082
0.380912912 0.154705259
0.381031318 0.154873966
0.381149725 0.155219517
0.381268131 0.155456201
0.381386537 0.155456201
0.381504943 0.155456201
0.38162335 0.155456201
0.381741756 0.155456201
0.381860162 0.155456201
0.381978568 0.155456201
0.382096975 0.155456201
0.382215381 0.155456201
0.382333787 0.155456201
0.382452193 0.155456201
0.3825706 0.155219517
0.382689006 0.154873966
0.382807412 0.154705259
0.382925818 0.154651082
0.383044225 0.154025385
0.383162631 0.153982748
0.383281037 0.153790204
0.383399443 0.153749776
0.38351785 0.153667469
0.383636256 0.153418255
0.383754662 0.153349418
0.383873068 0.153117932
0.383991475 0.153116338
0.384109881 0.153033874
0.384228287 0.152936859
0.384346694 0.152385106
0.3844651 0.15206753
0.384583506 0.152043213
0.384701912 0.151708894
0.384820319 0.1512992
0.384938725 0.151023645
0.385057131 0.150987624
0.385175537 0.150211177
0.385293944 0.149963049
0.38541235 0.149823095
0.385530756 0.149781171
0.385649162 0.14973467
0.385767569 0.14973467
0.385885975 0.14973467
0.386004381 0.14973467
0.386122787 0.14969619
0.386241194 0.14969619
0.3863596 0.14969619
0.386478006 0.14969619
0.386596412 0.14973467
0.386714819 0.14973467
0.386833225 0.14973467
0.386951631 0.14973467
0.387070037 0.14973467
0.387188444 0.14973467
0.38730685 0.14973467
0.387425256 0.14973467
0.387543662 0.14969619
0.387662069 0.149447209
0.387780475 0.149183691
0.387898881 0.148834931
0.388017287 0.148815035
0.388135694 0.14873612
0.3882541 0.148580641
0.388372506 0.148421855
0.388490912 0.147952864
0.388609319 0.147669599
0.388727725 0.147952864
0.388846131 0.148421855
0.388964537 0.148580641
0.389082944 0.14873612
0.38920135 0.148815035
0.389319756 0.148834931
0.389438162 0.149183691
0.389556569 0.149447209
0.389674975 0.14969619
0.389793381 0.14973467
0.389911787 0.149781171
0.390030194 0.149823095
0.3901486 0.149899734
0.390267006 0.149963049
0.390385412 0.150211177
0.390503819 0.150888792
0.390622225 0.150888792
0.390740631 0.150888792
0.390859037 0.150888792
0.390977444 0.150888792
0.39109585 0.150888792
0.391214256 0.150888792
0.391332662 0.150888792
0.391451069 0.150888792
0.391569475 0.150888792
0.391687881 0.150888792
0.391806287 0.150888792
0.391924694 0.150888792
0.3920431 0.150888792
0.392161506 0.150888792
0.392279912 0.150888792
0.392398319 0.150888792
0.392516725 0.150211177
0.392635131 0.149963049
0.392753537 0.149899734
0.392871944 0.149823095
0.39299035 0.149781171
0.393108756 0.14973467
0.393227162 0.14969619
0.393345569 0.149447209
0.393463975 0.149183691
0.393582381 0.148834931
0.393700787 0.148815035
0.393819194 0.14873612
0.3939376 0.148580641
0.394056006 0.148421855
0.394174412 0.147952864
0.394292819 0.147669599
0.394411225 0.147371271
0.394529631 0.147216414
0.394648037 0.147111018
0.394766444 0.147045922
0.39488485 0.146939082
0.395003256 0.146505173
0.395121662 0.146374024
0.395240069 0.146151749
0.395358475 0.145686963
0.395476881 0.144933023
0.395595287 0.144933023
0.395713694 0.144933023
0.3958321 0.144933023
0.395950506 0.144933023
0.396068912 0.144933023
0.396187319 0.144933023
0.396305725 0.144933023
0.396424131 0.144933023
0.396542537 0.144933023
0.396660944 0.144933023
0.39677935 0.144933023
0.396897756 0.144933023
0.397016162 0.144933023
0.397134569 0.144933023
0.397252975 0.144933023
0.397371381 0.144933023
0.397489787 0.144933023
0.397608194 0.145686963
0.3977266 0.146151749
0.397845006 0.146374024
0.397963412 0.146505173
0.398081819 0.146939082
0.398200225 0.147045922
0.398318631 0.147111018
0.398437037 0.147216414
0.398555444 0.147371271
0.39867385 0.147669599
0.398792256 0.147952864
0.398910662 0.147952864
0.399029069 0.147952864
0.399147475 0.147952864
0.399265881 0.147952864
0.399384287 0.147952864
0.399502694 0.147952864
0.3996211 0.147952864
0.399739506 0.147952864
0.399857912 0.147952864
0.399976319 0.147952864
0.400094725 0.147952864
0.400213131 0.148421855
0.400331538 0.148580641
0.400449944 0.148580641
0.40056835 0.148580641
0.400686756 0.148580641
0.400805163 0.148580641
0.400923569 0.148580641
0.401041975 0.148580641
0.401160381 0.148421855
0.401278788 0.147952864
0.401397194 0.147669599
0.4015156 0.147371271
0.401634006 0.147669599
0.401752413 0.147952864
0.401870819 0.147952864
0.401989225 0.147952864
0.402107631 0.147952864
0.402226038 0.147952864
0.402344444 0.148421855
0.40246285 0.148580641
0.402581256 0.14873612
0.402699663 0.148815035
0.402818069 0.148834931
0.402936475 0.149183691
0.403054881 0.149447209
0.403173288 0.14969619
0.403291694 0.14973467
0.4034101 0.14973467
0.403528506 0.14973467
0.403646913 0.14973467
0.403765319 0.14973467
0.403883725 0.14973467
0.404002131 0.14973467
0.404120538 0.14973467
0.404238944 0.14973467
0.40435735 0.14973467
0.404475756 0.14973467
0.404594163 0.14973467
0.404712569 0.14973467
0.404830975 0.14973467
0.404949381 0.14973467
0.405067788 0.14973467
0.405186194 0.14973467
0.4053046 0.14969619
0.405423006 0.149447209
0.405541413 0.149183691
0.405659819 0.148834931
0.405778225 0.148815035
0.405896631 0.14873612
0.406015038 0.148580641
0.406133444 0.148421855
0.40625185 0.147952864
0.406370256 0.147669599
0.406488663 0.147669599
0.406607069 0.147371271
0.406725475 0.147371271
0.406843881 0.147371271
0.406962288 0.147371271
0.407080694 0.147371271
0.4071991 0.147371271
0.407317506 0.147371271
0.407435913 0.147371271
0.407554319 0.147371271
0.407672725 0.147371271
0.407791131 0.147371271
0.407909538 0.147371271
0.408027944 0.147371271
0.40814635 0.147371271
0.408264756 0.147371271
0.408383163 0.147371271
0.408501569 0.147371271
0.408619975 0.147371271
0.408738381 0.147371271
0.408856788 0.147371271
0.408975194 0.147371271
0.4090936 0.147371271
0.409212006 0.147371271
0.409330413 0.147371271
0.409448819 0.147371271
0.409567225 0.147371271
0.409685631 0.147371271
0.409804038 0.147371271
0.409922444 0.147371271
0.41004085 0.147371271
0.410159256 0.147371271
0.410277663 0.147371271
0.410396069 0.147371271
0.410514475 0.147371271
0.410632881 0.147371271
0.410751288 0.147371271
0.410869694 0.147371271
0.4109881 0.147371271
0.411106506 0.147371271
0.411224913 0.147371271
0.411343319 0.147371271
0.411461725 0.147371271
0.411580131 0.147371271
0.411698538 0.147371271
0.411816944 0.147216414
0.41193535 0.147216414
0.412053756 0.147216414
0.412172163 0.147216414
0.412290569 0.147216414
0.412408975 0.147216414
0.412527381 0.147216414
0.412645788 0.147216414
0.412764194 0.147216414
0.4128826 0.147216414
0.413001006 0.147216414
0.413119413 0.147216414
0.413237819 0.147216414
0.413356225 0.147216414
0.413474631 0.147216414
0.413593038 0.147216414
0.413711444 0.147216414
0.41382985 0.147216414
0.413948256 0.147216414
0.414066663 0.147216414
0.414185069 0.147216414
0.414303475 0.147216414
0.414421881 0.147111018
0.414540288 0.147111018
0.414658694 0.147111018
0.4147771 0.147045922
0.414895506 0.146939082
0.415013913 0.14681649
0.415132319 0.146505173
0.415250725 0.146374024
0.415369131 0.145878959
0.415487538 0.145686963
0.415605944 0.144933023
0.41572435 0.144541851
0.415842756 0.144541851
0.415961163 0.144933023
0.416079569 0.145686963
0.416197975 0.145686963
0.416316382 0.145686963
0.416434788 0.145686963
0.416553194 0.145686963
0.4166716 0.145878959
0.416790007 0.146374024
0.416908413 0.146505173
0.417026819 0.14681649
0.417145225 0.146939082
0.417263632 0.147045922
0.417382038 0.147111018
0.417500444 0.147216414
0.41761885 0.147371271
0.417737257 0.147669599
0.417855663 0.147952864
0.417974069 0.148580641
0.418092475 0.14873612
0.418210882 0.148815035
0.418329288 0.148834931
0.418447694 0.149159527
0.4185661 0.149183691
0.418684507 0.149183691
0.418802913 0.149183691
0.418921319 0.149183691
0.419039725 0.14969619
0.419158132 0.14973467
0.419276538 0.149781171
0.419394944 0.149823095
0.41951335 0.149899734
0.419631757 0.149963049
0.419750163 0.150211177
0.419868569 0.150888792
0.419986975 0.150987624
0.420105382 0.151012843
0.420223788 0.151012843
0.420342194 0.151012843
0.4204606 0.151012843
0.420579007 0.151012843
0.420697413 0.151023645
0.420815819 0.151023645
0.420934225 0.151023645
0.421052632 0.151023645
0.421171038 0.151023645
0.421289444 0.151023645
0.42140785 0.151023645
0.421526257 0.151023645
0.421644663 0.151023645
0.421763069 0.151023645
0.421881475 0.151023645
0.421999882 0.151023645
0.422118288 0.151023645
0.422236694 0.151023645
0.4223551 0.151023645
0.422473507 0.151023645
0.422591913 0.151023645
0.422710319 0.151023645
0.422828725 0.151023645
0.422947132 0.151023645
0.423065538 0.151023645
0.423183944 0.151087986
0.42330235 0.1512992
0.423420757 0.151708894
0.423539163 0.152043213
0.423657569 0.15206753
0.423775975 0.15206753
0.423894382 0.15206753
0.424012788 0.15206753
0.424131194 0.15206753
0.4242496 0.152615169
0.424368007 0.152936859
0.424486413 0.152936859
0.424604819 0.152936859
0.424723225 0.152936859
0.424841632 0.152936859
0.424960038 0.152936859
0.425078444 0.152936859
0.42519685 0.152936859
0.425315257 0.152936859
0.425433663 0.152936859
0.425552069 0.152936859
0.425670475 0.152936859
0.425788882 0.152936859
0.425907288 0.152936859
0.426025694 0.152936859
0.4261441 0.152936859
0.426262507 0.152936859
0.426380913 0.152936859
0.426499319 0.152936859
0.426617725 0.153022751
0.426736132 0.153033874
0.426854538 0.153326557
0.426972944 0.153349418
0.42709135 0.153667469
0.427209757 0.153749776
0.427328163 0.153790204
0.427446569 0.153982748
0.427564975 0.154651082
0.427683382 0.154651082
0.427801788 0.154651082
0.427920194 0.154651082
0.4280386 0.154651082
0.428157007 0.154651082
0.428275413 0.154651082
0.428393819 0.154651082
0.428512225 0.154651082
0.428630632 0.154651082
0.428749038 0.154705259
0.428867444 0.155219517
0.42898585 0.155256953
0.429104257 0.155478496
0.429222663 0.155589853
0.429341069 0.155868934
0.429459475 0.156300224
0.429577882 0.156300224
0.429696288 0.155868934
0.429814694 0.155589853
0.4299331 0.155478496
0.430051507 0.155256953
0.430169913 0.155219517
0.430288319 0.154705259
0.430406725 0.154651082
0.430525132 0.15419426
0.430643538 0.153982748
0.430761944 0.153790204
0.43088035 0.153749776
0.430998757 0.153690646
0.431117163 0.153667469
0.431235569 0.153349418
0.431353975 0.153326557
0.431472382 0.153033874
0.431590788 0.153022751
0.431709194 0.152936859
0.4318276 0.152615169
0.431946007 0.15206753
0.432064413 0.152043213
0.432182819 0.152043213
0.432301226 0.152043213
0.432419632 0.152043213
0.432538038 0.152043213
0.432656444 0.152043213
0.432774851 0.152043213
0.432893257 0.152043213
0.433011663 0.152043213
0.433130069 0.152043213
0.433248476 0.15206753
0.433366882 0.152615169
0.433485288 0.152936859
0.433603694 0.153022751
0.433722101 0.153033874
0.433840507 0.153326557
0.433958913 0.153349418
0.434077319 0.153667469
0.434195726 0.153667469
0.434314132 0.153667469
0.434432538 0.153667469
0.434550944 0.153667469
0.434669351 0.153667469
0.434787757 0.153667469
0.434906163 0.153667469
0.435024569 0.153667469
0.435142976 0.153349418
0.435261382 0.153326557
0.435379788 0.153033874
0.435498194 0.153022751
0.435616601 0.152936859
0.435735007 0.152615169
0.435853413 0.15206753
0.435971819 0.152043213
0.436090226 0.151708894
0.436208632 0.1512992
0.436327038 0.151087986
0.436445444 0.151023645
0.436563851 0.151012843
0.436682257 0.150987624
0.436800663 0.150987624
0.436919069 0.150987624
0.437037476 0.150987624
0.437155882 0.151012843
0.437274288 0.151012843
0.437392694 0.151012843
0.437511101 0.150987624
0.437629507 0.150888792
0.437747913 0.150211177
0.437866319 0.150001559
0.437984726 0.149963049
0.438103132 0.149899734
0.438221538 0.149823095
0.438339944 0.149781171
0.438458351 0.14973467
0.438576757 0.14973467
0.438695163 0.14973467
0.438813569 0.14969619
0.438931976 0.149656844
0.439050382 0.149383499
0.439168788 0.149183691
0.439287194 0.149159527
0.439405601 0.149096232
0.439524007 0.148834931
0.439642413 0.148815035
0.439760819 0.14873612
0.439879226 0.148685898
0.439997632 0.148580641
0.440116038 0.148527088
0.440234444 0.148065921
0.440352851 0.147952864
0.440471257 0.147729468
0.440589663 0.147952864
0.440708069 0.148065921
0.440826476 0.148527088
0.440944882 0.148580641
0.441063288 0.148685898
0.441181694 0.14873612
0.441300101 0.148815035
0.441418507 0.148834931
0.441536913 0.149096232
0.441655319 0.149159527
0.441773726 0.149183691
0.441892132 0.149383499
0.442010538 0.149656844
0.442128944 0.14969619
0.442247351 0.14973467
0.442365757 0.14973467
0.442484163 0.14973467
0.442602569 0.14973467
0.442720976 0.14973467
0.442839382 0.14973467
0.442957788 0.14973467
0.443076194 0.14973467
0.443194601 0.14973467
0.443313007 0.14973467
0.443431413 0.14973467
0.443549819 0.14973467
0.443668226 0.149781171
0.443786632 0.149781171
0.443905038 0.149781171
0.444023444 0.14973467
0.444141851 0.14969619
0.444260257 0.149656844
0.444378663 0.149383499
0.444497069 0.149183691
0.444615476 0.149159527
0.444733882 0.149096232
0.444852288 0.148834931
0.444970694 0.148815035
0.445089101 0.14873612
0.445207507 0.148685898
0.445325913 0.148580641
0.445444319 0.148527088
0.445562726 0.148065921
0.445681132 0.147729468
0.445799538 0.147371271
0.445917944 0.147216414
0.446036351 0.147111018
0.446154757 0.146939082
0.446273163 0.14681649
0.446391569 0.146505173
0.446509976 0.146374024
0.446628382 0.145878959
0.446746788 0.145267733
0.446865194 0.145267733
0.446983601 0.145267733
0.447102007 0.145267733
0.447220413 0.145267733
0.447338819 0.145267733
0.447457226 0.145267733
0.447575632 0.145267733
0.447694038 0.145267733
0.447812444 0.145267733
0.447930851 0.145267733
0.448049257 0.145267733
0.448167663 0.145267733
0.44828607 0.145267733
0.448404476 0.145267733
0.448522882 0.145267733
0.448641288 0.145267733
0.448759695 0.145267733
0.448878101 0.145267733
0.448996507 0.145267733
0.449114913 0.145267733
0.44923332 0.145878959
0.449351726 0.146374024
0.449470132 0.146505173
0.449588538 0.14681649
0.449706945 0.147111018
0.449825351 0.147216414
0.449943757 0.147371271
0.450062163 0.147729468
0.45018057 0.148065921
0.450298976 0.148527088
0.450417382 0.148580641
0.450535788 0.148685898
0.450654195 0.14873612
0.450772601 0.148815035
0.450891007 0.148834931
0.451009413 0.149096232
0.45112782 0.149159527
0.451246226 0.149183691
0.451364632 0.149383499
0.451483038 0.149656844
0.451601445 0.149656844
0.451719851 0.149656844
0.451838257 0.149656844
0.451956663 0.149656844
0.45207507 0.149656844
0.452193476 0.149656844
0.452311882 0.14969619
0.452430288 0.14973467
0.452548695 0.149781171
0.452667101 0.149823095
0.452785507 0.149899734
0.452903913 0.149899734
0.45302232 0.149899734
0.453140726 0.149899734
0.453259132 0.149899734
0.453377538 0.149899734
0.453495945 0.149899734
0.453614351 0.149899734
0.453732757 0.149899734
0.453851163 0.149899734
0.45396957 0.149899734
0.454087976 0.149899734
0.454206382 0.149899734
0.454324788 0.149899734
0.454443195 0.149899734
0.454561601 0.149899734
0.454680007 0.149899734
0.454798413 0.149823095
0.45491682 0.149823095
0.455035226 0.149823095
0.455153632 0.149823095
0.455272038 0.149781171
0.455390445 0.14973467
0.455508851 0.14973467
0.455627257 0.14973467
0.455745663 0.14973467
0.45586407 0.14973467
0.455982476 0.14973467
0.456100882 0.14973467
0.456219288 0.14973467
0.456337695 0.14973467
0.456456101 0.14973467
0.456574507 0.14973467
0.456692913 0.14973467
0.45681132 0.14973467
0.456929726 0.14973467
0.457048132 0.14973467
0.457166538 0.14973467
0.457284945 0.14973467
0.457403351 0.14973467
0.457521757 0.14973467
0.457640163 0.149781171
0.45775857 0.149823095
0.457876976 0.149899734
0.457995382 0.149963049
0.458113788 0.150001559
0.458232195 0.150211177
0.458350601 0.150888792
0.458469007 0.151012843
0.458587413 0.151087986
0.45870582 0.1512992
0.458824226 0.151708894
0.458942632 0.15174384
0.459061038 0.152043213
0.459179445 0.152615169
0.459297851 0.152615169
0.459416257 0.152615169
0.459534663 0.152043213
0.45965307 0.15174384
0.459771476 0.151708894
0.459889882 0.1512992
0.460008288 0.151087986
0.460126695 0.151012843
0.460245101 0.150888792
0.460363507 0.150211177
0.460481913 0.150001559
0.46060032 0.149963049
0.460718726 0.149899734
0.460837132 0.149823095
0.460955538 0.149781171
0.461073945 0.14973467
0.461192351 0.14969619
0.461310757 0.149656844
0.461429163 0.149383499
0.46154757 0.149239348
0.461665976 0.149183691
0.461784382 0.149159527
0.461902788 0.149096232
0.462021195 0.148834931
0.462139601 0.148815035
0.462258007 0.14873612
0.462376413 0.148685898
0.46249482 0.148580641
0.462613226 0.148527088
0.462731632 0.148065921
0.462850038 0.147729468
0.462968445 0.147371271
0.463086851 0.147216414
0.463205257 0.147216414
0.463323663 0.147216414
0.46344207 0.147371271
0.463560476 0.147371271
0.463678882 0.147371271
0.463797288 0.147371271
0.463915695 0.147371271
0.464034101 0.147371271
0.464152507 0.147371271
0.464270914 0.147371271
0.46438932 0.147371271
0.464507726 0.147371271
0.464626132 0.147371271
0.464744539 0.147371271
0.464862945 0.147371271
0.464981351 0.147371271
0.465099757 0.147371271
0.465218164 0.147216414
0.46533657 0.147111018
0.465454976 0.14681649
0.465573382 0.146505173
0.465691789 0.146505173
0.465810195 0.146505173
0.465928601 0.14681649
0.466047007 0.147111018
0.466165414 0.147216414
0.46628382 0.147371271
0.466402226 0.147729468
0.466520632 0.147729468
0.466639039 0.147729468
0.466757445 0.147729468
0.466875851 0.147729468
0.466994257 0.147729468
0.467112664 0.147729468
0.46723107 0.147729468
0.467349476 0.147729468
0.467467882 0.147729468
0.467586289 0.147729468
0.467704695 0.147729468
0.467823101 0.147729468
0.467941507 0.147729468
0.468059914 0.147729468
0.46817832 0.147729468
0.468296726 0.147729468
0.468415132 0.147729468
0.468533539 0.147729468
0.468651945 0.147729468
0.468770351 0.147729468
0.468888757 0.147729468
0.469007164 0.147729468
0.46912557 0.147729468
0.469243976 0.147729468
0.469362382 0.147729468
0.469480789 0.147729468
0.469599195 0.148065921
0.469717601 0.148527088
0.469836007 0.148580641
0.469954414 0.148685898
0.47007282 0.14873612
0.470191226 0.148815035
0.470309632 0.148834931
0.470428039 0.149096232
0.470546445 0.149159527
0.470664851 0.149183691
0.470783257 0.149183691
0.470901664 0.149183691
0.47102007 0.149183691
0.471138476 0.149183691
0.471256882 0.149183691
0.471375289 0.149183691
0.471493695 0.149183691
0.471612101 0.149183691
0.471730507 0.149239348
0.471848914 0.149383499
0.47196732 0.149578726
0.472085726 0.149578726
0.472204132 0.149578726
0.472322539 0.149578726
0.472440945 0.149578726
0.472559351 0.149578726
0.472677757 0.149578726
0.472796164 0.149578726
0.47291457 0.149578726
0.473032976 0.149578726
0.473151382 0.149383499
0.473269789 0.149239348
0.473388195 0.149183691
0.473506601 0.149159527
0.473625007 0.149096232
0.473743414 0.148834931
0.47386182 0.148815035
0.473980226 0.14873612
0.474098632 0.14873612
0.474217039 0.14873612
0.474335445 0.14873612
0.474453851 0.14873612
0.474572257 0.14873612
0.474690664 0.14873612
0.47480907 0.14873612
0.474927476 0.14873612
0.475045882 0.14873612
0.475164289 0.14873612
0.475282695 0.14873612
0.475401101 0.14873612
0.475519507 0.14873612
0.475637914 0.14873612
0.47575632 0.148685898
0.475874726 0.148580641
0.475993132 0.148527088
0.476111539 0.148065921
0.476229945 0.147729468
0.476348351 0.147371271
0.476466757 0.147216414
0.476585164 0.147111018
0.47670357 0.147111018
0.476821976 0.147111018
0.476940382 0.147111018
0.477058789 0.147111018
0.477177195 0.147111018
0.477295601 0.147111018
0.477414007 0.147111018
0.477532414 0.147111018
0.47765082 0.147111018
0.477769226 0.147111018
0.477887632 0.147111018
0.478006039 0.147111018
0.478124445 0.147111018
0.478242851 0.147111018
0.478361257 0.147111018
0.478479664 0.14681649
0.47859807 0.146505173
0.478716476 0.146374024
0.478834882 0.145878959
0.478953289 0.145267733
0.479071695 0.145016384
0.479190101 0.144933023
0.479308507 0.144541851
0.479426914 0.144358903
0.47954532 0.144249755
0.479663726 0.144054557
0.479782132 0.144001024
0.479900539 0.143972115
0.480018945 0.143960035
0.480137351 0.14378605
0.480255758 0.14365226
0.480374164 0.143489653
0.48049257 0.143489653
0.480610976 0.143489653
0.480729383 0.14365226
0.480847789 0.14378605
0.480966195 0.143960035
0.481084601 0.143972115
0.481203008 0.143972115
0.481321414 0.143972115
0.48143982 0.143972115
0.481558226 0.144001024
0.481676633 0.144054557
0.481795039 0.144249755
0.481913445 0.144358903
0.482031851 0.144541851
0.482150258 0.144933023
0.482268664 0.145016384
0.48238707 0.144933023
0.482505476 0.144933023
0.482623883 0.144933023
0.482742289 0.144933023
0.482860695 0.144933023
0.482979101 0.144541851
0.483097508 0.144358903
0.483215914 0.144249755
0.48333432 0.144249755
0.483452726 0.144249755
0.483571133 0.144249755
0.483689539 0.144054557
0.483807945 0.144001024
0.483926351 0.144001024
0.484044758 0.144001024
0.484163164 0.144001024
0.48428157 0.144001024
0.484399976 0.144001024
0.484518383 0.144001024
0.484636789 0.144001024
0.484755195 0.144001024
0.484873601 0.144054557
0.484992008 0.144249755
0.485110414 0.144358903
0.48522882 0.144541851
0.485347226 0.144933023
0.485465633 0.145016384
0.485584039 0.145016384
0.485702445 0.145016384
0.485820851 0.145016384
0.485939258 0.145267733
0.486057664 0.145878959
0.48617607 0.146374024
0.486294476 0.146505173
0.486412883 0.146505173
0.486531289 0.146505173
0.486649695 0.146505173
0.486768101 0.146505173
0.486886508 0.146505173
0.487004914 0.146374024
0.48712332 0.145878959
0.487241726 0.145267733
0.487360133 0.145016384
0.487478539 0.144933023
0.487596945 0.144541851
0.487715351 0.144358903
0.487833758 0.144249755
0.487952164 0.144054557
0.48807057 0.144001024
0.488188976 0.143960035
0.488307383 0.14378605
0.488425789 0.143489653
0.488544195 0.143440825
0.488662601 0.143332701
0.488781008 0.143151627
0.488899414 0.142474213
0.48901782 0.141865011
0.489136226 0.141822005
0.489254633 0.141822005
0.489373039 0.14179751
0.489491445 0.141325283
0.489609851 0.140994659
0.489728258 0.140939148
0.489846664 0.140939148
0.48996507 0.140939148
0.490083476 0.140668764
0.490201883 0.139446718
0.490320289 0.139286979
0.490438695 0.139168641
0.490557101 0.139086302
0.490675508 0.138850445
0.490793914 0.138850445
0.49091232 0.138639464
0.491030726 0.13859594
0.491149133 0.138279668
0.491267539 0.138228539
0.491385945 0.138076168
0.491504351 0.138076168
0.491622758 0.138076168
0.491741164 0.13762415
0.49185957 0.13762415
0.491977976 0.13762415
0.492096383 0.13762415
0.492214789 0.13762415
0.492333195 0.137394673
0.492451601 0.136977722
0.492570008 0.136962785
0.492688414 0.136956449
0.49280682 0.136427921
0.492925226 0.136340459
0.493043633 0.136340459
0.493162039 0.136340459
0.493280445 0.136340459
0.493398851 0.136340459
0.493517258 0.136340459
0.493635664 0.136340459
0.49375407 0.136340459
0.493872476 0.136340459
0.493990883 0.136340459
0.494109289 0.136340459
0.494227695 0.136340459
0.494346101 0.136340459
0.494464508 0.136340459
0.494582914 0.136340459
0.49470132 0.136340459
0.494819726 0.136340459
0.494938133 0.136340459
0.495056539 0.136340459
0.495174945 0.136262674
0.495293351 0.136212971
0.495411758 0.136140773
0.495530164 0.136008088
0.49564857 0.135753842
0.495766976 0.135378501
0.495885383 0.134924468
0.496003789 0.134641237
0.496122195 0.134108919
0.496240602 0.133785303
0.496359008 0.133303786
0.496477414 0.132941043
0.49659582 0.132879061
0.496714227 0.132847246
0.496832633 0.132574855
0.496951039 0.132494359
0.497069445 0.132258813
0.497187852 0.132047028
0.497306258 0.132047028
0.497424664 0.132047028
0.49754307 0.131991612
0.497661477 0.131930937
0.497779883 0.13181894
0.497898289 0.13181894
0.498016695 0.131930937
0.498135102 0.131991612
0.498253508 0.132047028
0.498371914 0.132258813
0.49849032 0.132494359
0.498608727 0.132574855
0.498727133 0.132847246
0.498845539 0.132879061
0.498963945 0.132941043
0.499082352 0.133303786
0.499200758 0.133785303
0.499319164 0.134108919
0.49943757 0.134641237
0.499555977 0.134924468
0.499674383 0.135378501
0.499792789 0.135753842
0.499911195 0.136008088
0.500029602 0.136140773
0.500148008 0.136212971
0.500266414 0.136340459
0.50038482 0.136427921
0.500503227 0.136427921
0.500621633 0.136427921
0.500740039 0.136427921
0.500858445 0.136956449
0.500976852 0.136962785
0.501095258 0.136977722
0.501213664 0.136977722
0.50133207 0.136977722
0.501450477 0.136977722
0.501568883 0.136977722
0.501687289 0.137304775
0.501805695 0.137304775
0.501924102 0.137304775
0.502042508 0.137304775
0.502160914 0.137304775
0.50227932 0.137304775
0.502397727 0.137304775
0.502516133 0.137304775
0.502634539 0.137304775
0.502752945 0.137304775
0.502871352 0.137304775
0.502989758 0.137304775
0.503108164 0.137304775
0.50322657 0.137304775
0.503344977 0.137304775
0.503463383 0.137304775
0.503581789 0.137304775
0.503700195 0.137304775
0.503818602 0.137304775
0.503937008 0.137304775
0.504055414 0.137304775
0.50417382 0.137304775
0.504292227 0.137304775
0.504410633 0.137304775
0.504529039 0.137304775
0.504647445 0.136962785
0.504765852 0.136956449
0.504884258 0.136427921
0.505002664 0.136427921
0.50512107 0.136427921
0.505239477 0.136427921
0.505357883 0.136956449
0.505476289 0.136962785
0.505594695 0.137304775
0.505713102 0.137394673
0.505831508 0.137398379
0.505949914 0.137398379
0.50606832 0.137398379
0.506186727 0.137394673
0.506305133 0.137304775
0.506423539 0.136962785
0.506541945 0.136956449
0.506660352 0.136427921
0.506778758 0.136340459
0.506897164 0.136212971
0.50701557 0.136140773
0.507133977 0.136008088
0.507252383 0.135753842
0.507370789 0.135378501
0.507489195 0.134924468
0.507607602 0.134641237
0.507726008 0.134108919
0.507844414 0.133785303
0.50796282 0.133785303
0.508081227 0.133785303
0.508199633 0.133785303
0.508318039 0.133785303
0.508436445 0.134108919
0.508554852 0.134641237
0.508673258 0.134916627
0.508791664 0.134916627
0.50891007 0.134641237
0.509028477 0.134504346
0.509146883 0.134504346
0.509265289 0.134504346
0.509383695 0.134504346
0.509502102 0.134504346
0.509620508 0.134504346
0.509738914 0.134504346
0.50985732 0.134504346
0.509975727 0.134504346
0.510094133 0.134504346
0.510212539 0.134504346
0.510330945 0.134504346
0.510449352 0.134504346
0.510567758 0.134504346
0.510686164 0.134504346
0.51080457 0.134504346
0.510922977 0.134641237
0.511041383 0.134916627
0.511159789 0.134924468
0.511278195 0.134924468
0.511396602 0.134924468
0.511515008 0.134924468
0.511633414 0.134924468
0.51175182 0.134924468
0.511870227 0.134924468
0.511988633 0.134924468
0.512107039 0.134924468
0.512225446 0.134924468
0.512343852 0.134924468
0.512462258 0.134924468
0.512580664 0.134924468
0.512699071 0.134924468
0.512817477 0.134924468
0.512935883 0.134924468
0.513054289 0.134924468
0.513172696 0.134924468
0.513291102 0.134924468
0.513409508 0.134924468
0.513527914 0.134924468
0.513646321 0.134924468
0.513764727 0.134924468
0.513883133 0.134924468
0.514001539 0.134924468
0.514119946 0.134924468
0.514238352 0.134924468
0.514356758 0.134924468
0.514475164 0.134924468
0.514593571 0.134924468
0.514711977 0.135378501
0.514830383 0.135753842
0.514948789 0.136008088
0.515067196 0.136140773
0.515185602 0.136212971
0.515304008 0.136340459
0.515422414 0.136427921
0.515540821 0.136956449
0.515659227 0.137304775
0.515777633 0.137394673
0.515896039 0.137394673
0.516014446 0.137394673
0.516132852 0.137394673
0.516251258 0.137394673
0.516369664 0.137398379
0.516488071 0.137398379
0.516606477 0.137398379
0.516724883 0.137398379
0.516843289 0.137394673
0.516961696 0.137304775
0.517080102 0.136956449
0.517198508 0.136340459
0.517316914 0.136212971
0.517435321 0.136140773
0.517553727 0.136008088
0.517672133 0.136008088
0.517790539 0.136008088
0.517908946 0.136008088
0.518027352 0.136008088
0.518145758 0.136008088
0.518264164 0.136008088
0.518382571 0.135753842
0.518500977 0.135378501
0.518619383 0.134916627
0.518737789 0.134641237
0.518856196 0.134504346
0.518974602 0.134458806
0.519093008 0.134108919
0.519211414 0.133785303
0.519329821 0.133303786
0.519448227 0.132941043
0.519566633 0.132879061
0.519685039 0.132847246
0.519803446 0.132574855
0.519921852 0.132494359
0.520040258 0.132258813
0.520158664 0.132258813
0.520277071 0.132494359
0.520395477 0.132574855
0.520513883 0.132847246
0.520632289 0.132879061
0.520750696 0.132879061
0.520869102 0.132941043
0.520987508 0.133303786
0.521105914 0.133785303
0.521224321 0.134108919
0.521342727 0.134458806
0.521461133 0.134504346
0.521579539 0.134641237
0.521697946 0.134641237
0.521816352 0.134641237
0.521934758 0.134641237
0.522053164 0.134641237
0.522171571 0.134641237
0.522289977 0.134641237
0.522408383 0.134641237
0.522526789 0.134641237
0.522645196 0.134504346
0.522763602 0.134458806
0.522882008 0.134108919
0.523000414 0.133785303
0.523118821 0.133785303
0.523237227 0.133785303
0.523355633 0.133785303
0.523474039 0.133785303
0.523592446 0.133785303
0.523710852 0.133785303
0.523829258 0.133785303
0.523947664 0.133785303
0.524066071 0.133303786
0.524184477 0.132941043
0.524302883 0.132879061
0.524421289 0.132879061
0.524539696 0.132879061
0.524658102 0.132879061
0.524776508 0.132879061
0.524894914 0.132847246
0.525013321 0.132574855
0.525131727 0.132494359
0.525250133 0.132258813
0.525368539 0.132047028
0.525486946 0.131991612
0.525605352 0.131991612
0.525723758 0.131991612
0.525842164 0.131991612
0.525960571 0.131991612
0.526078977 0.131991612
0.526197383 0.131991612
0.526315789 0.131991612
0.526434196 0.131991612
0.526552602 0.131991612
0.526671008 0.131991612
0.526789414 0.131991612
0.526907821 0.131991612
0.527026227 0.131991612
0.527144633 0.131991612
0.527263039 0.131991612
0.527381446 0.131991612
0.527499852 0.131991612
0.527618258 0.131991612
0.527736664 0.131991612
0.527855071 0.131991612
0.527973477 0.131930937
0.528091883 0.13181894
0.52821029 0.131555969
0.528328696 0.13119516
0.528447102 0.131188488
0.528565508 0.131188488
0.528683915 0.131188488
0.528802321 0.131188488
0.528920727 0.131188488
0.529039133 0.131188488
0.52915754 0.131188488
0.529275946 0.131188488
0.529394352 0.131188488
0.529512758 0.131188488
0.529631165 0.131188488
0.529749571 0.13119516
0.529867977 0.131555969
0.529986383 0.13181894
0.53010479 0.131930937
0.530223196 0.131991612
0.530341602 0.132047028
0.530460008 0.132047028
0.530578415 0.132047028
0.530696821 0.132047028
0.530815227 0.132047028
0.530933633 0.132047028
0.53105204 0.132047028
0.531170446 0.132047028
0.531288852 0.132047028
0.531407258 0.132047028
0.531525665 0.132047028
0.531644071 0.131991612
0.531762477 0.131930937
0.531880883 0.13181894
0.53199929 0.131555969
0.532117696 0.13119516
0.532236102 0.131188488
0.532354508 0.130885816
0.532472915 0.130584204
0.532591321 0.130500242
0.532709727 0.130413447
0.532828133 0.130135949
0.53294654 0.130044374
0.533064946 0.129985052
0.533183352 0.129754851
0.533301758 0.129485974
0.533420165 0.129334349
0.533538571 0.129218341
0.533656977 0.129218341
0.533775383 0.129218341
0.53389379 0.129218341
0.534012196 0.129218341
0.534130602 0.129218341
0.534249008 0.129218341
0.534367415 0.129218341
0.534485821 0.129218341
0.534604227 0.129218341
0.534722633 0.129218341
0.53484104 0.129218341
0.534959446 0.129218341
0.535077852 0.129218341
0.535196258 0.129218341
0.535314665 0.129218341
0.535433071 0.129218341
0.535551477 0.129218341
0.535669883 0.129218341
0.53578829 0.129218341
0.535906696 0.129218341
0.536025102 0.129218341
0.536143508 0.129218341
0.536261915 0.129218341
0.536380321 0.129334349
0.536498727 0.129485974
0.536617133 0.129754851
0.53673554 0.129985052
0.536853946 0.130044374
0.536972352 0.130135949
0.537090758 0.130413447
0.537209165 0.130500242
0.537327571 0.130584204
0.537445977 0.130885816
0.537564383 0.131188488
0.53768279 0.13119516
0.537801196 0.131555969
0.537919602 0.13181894
0.538038008 0.131930937
0.538156415 0.131991612
0.538274821 0.132047028
0.538393227 0.132047028
0.538511633 0.132047028
0.53863004 0.132047028
0.538748446 0.132047028
0.538866852 0.132047028
0.538985258 0.132047028
0.539103665 0.132047028
0.539222071 0.132047028
0.539340477 0.132047028
0.539458883 0.132047028
0.53957729 0.132047028
0.539695696 0.132047028
0.539814102 0.132047028
0.539932508 0.132047028
0.540050915 0.132047028
0.540169321 0.132047028
0.540287727 0.132047028
0.540406133 0.132047028
0.54052454 0.132047028
0.540642946 0.131991612
0.540761352 0.131991612
0.540879758 0.131991612
0.540998165 0.131991612
0.541116571 0.131991612
0.541234977 0.131991612
0.541353383 0.131991612
0.54147179 0.131991612
0.541590196 0.131991612
0.541708602 0.131991612
0.541827008 0.131991612
0.541945415 0.131991612
0.542063821 0.131991612
0.542182227 0.131991612
0.542300633 0.131991612
0.54241904 0.131991612
0.542537446 0.131991612
0.542655852 0.131991612
0.542774258 0.131991612
0.542892665 0.131991612
0.543011071 0.131991612
0.543129477 0.131991612
0.543247883 0.131991612
0.54336629 0.131991612
0.543484696 0.131991612
0.543603102 0.131991612
0.543721508 0.131991612
0.543839915 0.131930937
0.543958321 0.13181894
0.544076727 0.131555969
0.544195134 0.131555969
0.54431354 0.131555969
0.544431946 0.13119516
0.544550352 0.130885816
0.544668759 0.130584204
0.544787165 0.130500242
0.544905571 0.130500242
0.545023977 0.130500242
0.545142384 0.130500242
0.54526079 0.130044374
0.545379196 0.129985052
0.545497602 0.129985052
0.545616009 0.129985052
0.545734415 0.129985052
0.545852821 0.129985052
0.545971227 0.129985052
0.546089634 0.129985052
0.54620804 0.129985052
0.546326446 0.129985052
0.546444852 0.129985052
0.546563259 0.129985052
0.546681665 0.129985052
0.546800071 0.129985052
0.546918477 0.129985052
0.547036884 0.129985052
0.54715529 0.129985052
0.547273696 0.129985052
0.547392102 0.129985052
0.547510509 0.129985052
0.547628915 0.129985052
0.547747321 0.129985052
0.547865727 0.129985052
0.547984134 0.129985052
0.54810254 0.129985052
0.548220946 0.129985052
0.548339352 0.130044374
0.548457759 0.130500242
0.548576165 0.130584204
0.548694571 0.130885816
0.548812977 0.13119516
0.548931384 0.131555969
0.54904979 0.131555969
0.549168196 0.131555969
0.549286602 0.13119516
0.549405009 0.130885816
0.549523415 0.130584204
0.549641821 0.130584204
0.549760227 0.130584204
0.549878634 0.130584204
0.54999704 0.130584204
0.550115446 0.130584204
0.550233852 0.130584204
0.550352259 0.130584204
0.550470665 0.130584204
0.550589071 0.130584204
0.550707477 0.130584204
0.550825884 0.130584204
0.55094429 0.130584204
0.551062696 0.130584204
0.551181102 0.130584204
0.551299509 0.130584204
0.551417915 0.130584204
0.551536321 0.130584204
0.551654727 0.130584204
0.551773134 0.130584204
0.55189154 0.130584204
0.552009946 0.130584204
0.552128352 0.130584204
0.552246759 0.130584204
0.552365165 0.130584204
0.552483571 0.130584204
0.552601977 0.130584204
0.552720384 0.130584204
0.55283879 0.130584204
0.552957196 0.130584204
0.553075602 0.130584204
0.553194009 0.130584204
0.553312415 0.130584204
0.553430821 0.130584204
0.553549227 0.130584204
0.553667634 0.130584204
0.55378604 0.130584204
0.553904446 0.130584204
0.554022852 0.130885816
0.554141259 0.13119516
0.554259665 0.13119516
0.554378071 0.13119516
0.554496477 0.13119516
0.554614884 0.131555969
0.55473329 0.13181894
0.554851696 0.13181894
0.554970102 0.13181894
0.555088509 0.13181894
0.555206915 0.13181894
0.555325321 0.13181894
0.555443727 0.13181894
0.555562134 0.13181894
0.55568054 0.13181894
0.555798946 0.13181894
0.555917352 0.13181894
0.556035759 0.13181894
0.556154165 0.13181894
0.556272571 0.13181894
0.556390977 0.13181894
0.556509384 0.13181894
0.55662779 0.13181894
0.556746196 0.13181894
0.556864602 0.13181894
0.556983009 0.13181894
0.557101415 0.13181894
0.557219821 0.13181894
0.557338227 0.13181894
0.557456634 0.131930937
0.55757504 0.131991612
0.557693446 0.132047028
0.557811852 0.132258813
0.557930259 0.132494359
0.558048665 0.132574855
0.558167071 0.132879061
0.558285477 0.132941043
0.558403884 0.133181334
0.55852229 0.133576446
0.558640696 0.133785303
0.558759102 0.133785303
0.558877509 0.13375412
0.558995915 0.133576446
0.559114321 0.133576446
0.559232727 0.133576446
0.559351134 0.133576446
0.55946954 0.133576446
0.559587946 0.133576446
0.559706352 0.133576446
0.559824759 0.133576446
0.559943165 0.133576446
0.560061571 0.133576446
0.560179978 0.133576446
0.560298384 0.133181334
0.56041679 0.133181334
0.560535196 0.133181334
0.560653603 0.133181334
0.560772009 0.133181334
0.560890415 0.133181334
0.561008821 0.133181334
0.561127228 0.133181334
0.561245634 0.133181334
0.56136404 0.133181334
0.561482446 0.133181334
0.561600853 0.133181334
0.561719259 0.133576446
0.561837665 0.13375412
0.561956071 0.13375412
0.562074478 0.13375412
0.562192884 0.133576446
0.56231129 0.133181334
0.562429696 0.132941043
0.562548103 0.132879061
0.562666509 0.132766736
0.562784915 0.132574855
0.562903321 0.132258813
0.563021728 0.132047028
0.563140134 0.132047028
0.56325854 0.132047028
0.563376946 0.131991612
0.563495353 0.131930937
0.563613759 0.13181894
0.563732165 0.131555969
0.563850571 0.13119516
0.563968978 0.13119516
0.564087384 0.13119516
0.56420579 0.13119516
0.564324196 0.13119516
0.564442603 0.13119516
0.564561009 0.13119516
0.564679415 0.13119516
0.564797821 0.13119516
0.564916228 0.13119516
0.565034634 0.13119516
0.56515304 0.13119516
0.565271446 0.13119516
0.565389853 0.13119516
0.565508259 0.13119516
0.565626665 0.13119516
0.565745071 0.13119516
0.565863478 0.13119516
0.565981884 0.130885816
0.56610029 0.130584204
0.566218696 0.130500242
0.566337103 0.129985052
0.566455509 0.129485974
0.566573915 0.129485974
0.566692321 0.129485974
0.566810728 0.129985052
0.566929134 0.130500242
0.56704754 0.130500242
0.567165946 0.130500242
0.567284353 0.130500242
0.567402759 0.130500242
0.567521165 0.130500242
0.567639571 0.129985052
0.567757978 0.129485974
0.567876384 0.129334349
0.56799479 0.129218341
0.568113196 0.128548699
0.568231603 0.128415599
0.568350009 0.127940303
0.568468415 0.127902283
0.568586821 0.127790009
0.568705228 0.127516718
0.568823634 0.127099622
0.56894204 0.126216973
0.569060446 0.125976237
0.569178853 0.125898207
0.569297259 0.125839813
0.569415665 0.125668007
0.569534071 0.125464953
0.569652478 0.124846988
0.569770884 0.124482302
0.56988929 0.123929901
0.570007696 0.123727745
0.570126103 0.123538961
0.570244509 0.122898489
0.570362915 0.122831972
0.570481321 0.122572797
0.570599728 0.122533323
0.570718134 0.122501606
0.57083654 0.122501606
0.570954946 0.122501606
0.571073353 0.122533323
0.571191759 0.122572797
0.571310165 0.122831972
0.571428571 0.122831972
0.571546978 0.122831972
0.571665384 0.122831972
0.57178379 0.122831972
0.571902196 0.122831972
0.572020603 0.122831972
0.572139009 0.122831972
0.572257415 0.122831972
0.572375821 0.122831972
0.572494228 0.122572797
0.572612634 0.122831972
0.57273104 0.122898489
0.572849446 0.123538961
0.572967853 0.123929901
0.573086259 0.124482302
0.573204665 0.124846988
0.573323071 0.125464953
0.573441478 0.125492903
0.573559884 0.125668007
0.57367829 0.125839813
0.573796696 0.125898207
0.573915103 0.125976237
0.574033509 0.126216973
0.574151915 0.126893089
0.574270321 0.127099622
0.574388728 0.127790009
0.574507134 0.127902283
0.57462554 0.127940303
0.574743946 0.128208348
0.574862353 0.128208348
0.574980759 0.128208348
0.575099165 0.127940303
0.575217571 0.127902283
0.575335978 0.127790009
0.575454384 0.127099622
0.57557279 0.126893089
0.575691196 0.126216973
0.575809603 0.125976237
0.575928009 0.125898207
0.576046415 0.125839813
0.576164822 0.125668007
0.576283228 0.125492903
0.576401634 0.125464953
0.57652004 0.124846988
0.576638447 0.124482302
0.576756853 0.123929901
0.576875259 0.123929901
0.576993665 0.123929901
0.577112072 0.124482302
0.577230478 0.124846988
0.577348884 0.125464953
0.57746729 0.125492903
0.577585697 0.125668007
0.577704103 0.125839813
0.577822509 0.125898207
0.577940915 0.125976237
0.578059322 0.126216973
0.578177728 0.126893089
0.578296134 0.127099622
0.57841454 0.127790009
0.578532947 0.127902283
0.578651353 0.127940303
0.578769759 0.128208348
0.578888165 0.128208348
0.579006572 0.128208348
0.579124978 0.128208348
0.579243384 0.128208348
0.57936179 0.128208348
0.579480197 0.128208348
0.579598603 0.128208348
0.579717009 0.128208348
0.579835415 0.128208348
0.579953822 0.128208348
0.580072228 0.127940303
0.580190634 0.127902283
0.58030904 0.127790009
0.580427447 0.127099622
0.580545853 0.126893089
0.580664259 0.126893089
0.580782665 0.126893089
0.580901072 0.126893089
0.581019478 0.126893089
0.581137884 0.126893089
0.58125629 0.126893089
0.581374697 0.126893089
0.581493103 0.126893089
0.581611509 0.126893089
0.581729915 0.126893089
0.581848322 0.126893089
0.581966728 0.126893089
0.582085134 0.126893089
0.58220354 0.126893089
0.582321947 0.126893089
0.582440353 0.126893089
0.582558759 0.126893089
0.582677165 0.126893089
0.582795572 0.126893089
0.582913978 0.126893089
0.583032384 0.126893089
0.58315079 0.126893089
0.583269197 0.126893089
0.583387603 0.126216973
0.583506009 0.125976237
0.583624415 0.125898207
0.583742822 0.125839813
0.583861228 0.125668007
0.583979634 0.125492903
0.58409804 0.125464953
0.584216447 0.124846988
0.584334853 0.124482302
0.584453259 0.123929901
0.584571665 0.123538961
0.584690072 0.122898489
0.584808478 0.122831972
0.584926884 0.122572797
0.58504529 0.122533323
0.585163697 0.122272753
0.585282103 0.122021913
0.585400509 0.121941372
0.585518915 0.121551406
0.585637322 0.121351108
0.585755728 0.121176191
0.585874134 0.120961241
0.58599254 0.120797766
0.586110947 0.120384862
0.586229353 0.120121243
0.586347759 0.119434388
0.586466165 0.119114995
0.586584572 0.118820048
0.586702978 0.118820048
0.586821384 0.118820048
0.58693979 0.118820048
0.587058197 0.118820048
0.587176603 0.119114995
0.587295009 0.119434388
0.587413415 0.120121243
0.587531822 0.120384862
0.587650228 0.120797766
0.587768634 0.120961241
0.58788704 0.121176191
0.588005447 0.121351108
0.588123853 0.121551406
0.588242259 0.121941372
0.588360665 0.122021913
0.588479072 0.122272753
0.588597478 0.122533323
0.588715884 0.122572797
0.58883429 0.122831972
0.588952697 0.122898489
0.589071103 0.123538961
0.589189509 0.123929901
0.589307915 0.124482302
0.589426322 0.124482302
0.589544728 0.124482302
0.589663134 0.124482302
0.58978154 0.124482302
0.589899947 0.124482302
0.590018353 0.124482302
0.590136759 0.124482302
0.590255165 0.124482302
0.590373572 0.124482302
0.590491978 0.124482302
0.590610384 0.124482302
0.59072879 0.124482302
0.590847197 0.124672404
0.590965603 0.124846988
0.591084009 0.125464953
0.591202415 0.125492903
0.591320822 0.125668007
0.591439228 0.125839813
0.591557634 0.125898207
0.59167604 0.125976237
0.591794447 0.126216973
0.591912853 0.126893089
0.592031259 0.126893089
0.592149666 0.126893089
0.592268072 0.126893089
0.592386478 0.126893089
0.592504884 0.126893089
0.592623291 0.126216973
0.592741697 0.125976237
0.592860103 0.125898207
0.592978509 0.125839813
0.593096916 0.125839813
0.593215322 0.125839813
0.593333728 0.125668007
0.593452134 0.125492903
0.593570541 0.125464953
0.593688947 0.124846988
0.593807353 0.124672404
0.593925759 0.124482302
0.594044166 0.123929901
0.594162572 0.123538961
0.594280978 0.122898489
0.594399384 0.122831972
0.594517791 0.122572797
0.594636197 0.122533323
0.594754603 0.122272753
0.594873009 0.122021913
0.594991416 0.121941372
0.595109822 0.121551406
0.595228228 0.121351108
0.595346634 0.121176191
0.595465041 0.120961241
0.595583447 0.120797766
0.595701853 0.120384862
0.595820259 0.119434388
0.595938666 0.119114995
0.596057072 0.118820048
0.596175478 0.11779808
0.596293884 0.117734578
0.596412291 0.117511292
0.596530697 0.117461456
0.596649103 0.117187696
0.596767509 0.117154136
0.596885916 0.116943855
0.597004322 0.116789552
0.597122728 0.116698516
0.597241134 0.116693184
0.597359541 0.116568566
0.597477947 0.116306775
0.597596353 0.11621848
0.597714759 0.116166949
0.597833166 0.115785648
0.597951572 0.115785648
0.598069978 0.115785648
0.598188384 0.115785648
0.598306791 0.115785648
0.598425197 0.115957969
0.598543603 0.116166949
0.598662009 0.11621848
0.598780416 0.116306775
0.598898822 0.116568566
0.599017228 0.116693184
0.599135634 0.116698516
0.599254041 0.116789552
0.599372447 0.116943855
0.599490853 0.117187696
0.599609259 0.117461456
0.599727666 0.117511292
0.599846072 0.117734578
0.599964478 0.11779808
0.600082884 0.118820048
0.600201291 0.119114995
0.600319697 0.119114995
0.600438103 0.118820048
0.600556509 0.11842467
0.600674916 0.11779808
0.600793322 0.117734578
0.600911728 0.117511292
0.601030134 0.117461456
0.601148541 0.117187696
0.601266947 0.116943855
0.601385353 0.116789552
0.601503759 0.116698516
0.601622166 0.116693184
0.601740572 0.116568566
0.601858978 0.116306775
0.601977384 0.11621848
0.602095791 0.116166949
0.602214197 0.115957969
0.602332603 0.116166949
0.602451009 0.11621848
0.602569416 0.116306775
0.602687822 0.116568566
0.602806228 0.116693184
0.602924634 0.116693184
0.603043041 0.116693184
0.603161447 0.116693184
0.603279853 0.116693184
0.603398259 0.116693184
0.603516666 0.116693184
0.603635072 0.116693184
0.603753478 0.116693184
0.603871884 0.116693184
0.603990291 0.116693184
0.604108697 0.116693184
0.604227103 0.116693184
0.604345509 0.116693184
0.604463916 0.116693184
0.604582322 0.116693184
0.604700728 0.116698516
0.604819134 0.116789552
0.604937541 0.116943855
0.605055947 0.117187696
0.605174353 0.117187696
0.605292759 0.117187696
0.605411166 0.117187696
0.605529572 0.117187696
0.605647978 0.117187696
0.605766384 0.117187696
0.605884791 0.117187696
0.606003197 0.117187696
0.606121603 0.117187696
0.606240009 0.116943855
0.606358416 0.116789552
0.606476822 0.116698516
0.606595228 0.116693184
0.606713634 0.116568566
0.606832041 0.116306775
0.606950447 0.11621848
0.607068853 0.11621848
0.607187259 0.11621848
0.607305666 0.11621848
0.607424072 0.11621848
0.607542478 0.11621848
0.607660884 0.11621848
0.607779291 0.11621848
0.607897697 0.11621848
0.608016103 0.11621848
0.60813451 0.11621848
0.608252916 0.116306775
0.608371322 0.116568566
0.608489728 0.116568566
0.608608135 0.116568566
0.608726541 0.116568566
0.608844947 0.116568566
0.608963353 0.116568566
0.60908176 0.116568566
0.609200166 0.116568566
0.609318572 0.116568566
0.609436978 0.116568566
0.609555385 0.116693184
0.609673791 0.116698516
0.609792197 0.116789552
0.609910603 0.116943855
0.61002901 0.117187696
0.610147416 0.117461456
0.610265822 0.117511292
0.610384228 0.117734578
0.610502635 0.117734578
0.610621041 0.117734578
0.610739447 0.117734578
0.610857853 0.117734578
0.61097626 0.117734578
0.611094666 0.117734578
0.611213072 0.117734578
0.611331478 0.117734578
0.611449885 0.117734578
0.611568291 0.117734578
0.611686697 0.117734578
0.611805103 0.117734578
0.61192351 0.117734578
0.612041916 0.117734578
0.612160322 0.117734578
0.612278728 0.117734578
0.612397135 0.117511292
0.612515541 0.117461456
0.612633947 0.117187696
0.612752353 0.116943855
0.61287076 0.116789552
0.612989166 0.116698516
0.613107572 0.116698516
0.613225978 0.116698516
0.613344385 0.116698516
0.613462791 0.116698516
0.613581197 0.116698516
0.613699603 0.116698516
0.61381801 0.116698516
0.613936416 0.116698516
0.614054822 0.116698516
0.614173228 0.116698516
0.614291635 0.116698516
0.614410041 0.116698516
0.614528447 0.116698516
0.614646853 0.116698516
0.61476526 0.116698516
0.614883666 0.116698516
0.615002072 0.116698516
0.615120478 0.116698516
0.615238885 0.116789552
0.615357291 0.116789552
0.615475697 0.116789552
0.615594103 0.116789552
0.61571251 0.116789552
0.615830916 0.116789552
0.615949322 0.116789552
0.616067728 0.116789552
0.616186135 0.116789552
0.616304541 0.116943855
0.616422947 0.117187696
0.616541353 0.117187696
0.61665976 0.117187696
0.616778166 0.117187696
0.616896572 0.116943855
0.617014978 0.116789552
0.617133385 0.116698516
0.617251791 0.116693184
0.617370197 0.116693184
0.617488603 0.116693184
0.61760701 0.116693184
0.617725416 0.116693184
0.617843822 0.116693184
0.617962228 0.116693184
0.618080635 0.116693184
0.618199041 0.116693184
0.618317447 0.116693184
0.618435853 0.116693184
0.61855426 0.116693184
0.618672666 0.116693184
0.618791072 0.116698516
0.618909478 0.116789552
0.619027885 0.116943855
0.619146291 0.11715259
0.619264697 0.117187696
0.619383103 0.117461456
0.61950151 0.117511292
0.619619916 0.11779808
0.619738322 0.11842467
0.619856728 0.118726547
0.619975135 0.119114995
0.620093541 0.119434388
0.620211947 0.119970475
0.620330353 0.120041314
0.62044876 0.120322514
0.620567166 0.120384862
0.620685572 0.120532868
0.620803978 0.120797766
0.620922385 0.120961241
0.621040791 0.121176191
0.621159197 0.121351108
0.621277603 0.121485435
0.62139601 0.121551406
0.621514416 0.121768191
0.621632822 0.121941372
0.621751228 0.122021913
0.621869635 0.122027278
0.621988041 0.122272753
0.622106447 0.1223009
0.622224853 0.122533323
0.62234326 0.122572797
0.622461666 0.122831972
0.622580072 0.122831972
0.622698478 0.122831972
0.622816885 0.122831972
0.622935291 0.122831972
0.623053697 0.122831972
0.623172103 0.122831972
0.62329051 0.122572797
0.623408916 0.122533323
0.623527322 0.1223009
0.623645728 0.122272753
0.623764135 0.122027278
0.623882541 0.122021913
0.624000947 0.121941372
0.624119354 0.121768191
0.62423776 0.121551406
0.624356166 0.121485435
0.624474572 0.121351108
0.624592979 0.121176191
0.624711385 0.120961241
0.624829791 0.120797766
0.624948197 0.120532868
0.625066604 0.120384862
0.62518501 0.120322514
0.625303416 0.120322514
0.625421822 0.120322514
0.625540229 0.120322514
0.625658635 0.120322514
0.625777041 0.120322514
0.625895447 0.120322514
0.626013854 0.120384862
0.62613226 0.120532868
0.626250666 0.120797766
0.626369072 0.120961241
0.626487479 0.121176191
0.626605885 0.121351108
0.626724291 0.121485435
0.626842697 0.121551406
0.626961104 0.121768191
0.62707951 0.121941372
0.627197916 0.122021913
0.627316322 0.122027278
0.627434729 0.122272753
0.627553135 0.1223009
0.627671541 0.1223009
0.627789947 0.122272753
0.627908354 0.122027278
0.62802676 0.122021913
0.628145166 0.121941372
0.628263572 0.121768191
0.628381979 0.121551406
0.628500385 0.121485435
0.628618791 0.121351108
0.628737197 0.121176191
0.628855604 0.120961241
0.62897401 0.120797766
0.629092416 0.120532868
0.629210822 0.120384862
0.629329229 0.120322514
0.629447635 0.120041314
0.629566041 0.119970475
0.629684447 0.119434388
0.629802854 0.119114995
0.62992126 0.118726547
0.630039666 0.118726547
0.630158072 0.118726547
0.630276479 0.118726547
0.630394885 0.118726547
0.630513291 0.118726547
0.630631697 0.118726547
0.630750104 0.118726547
0.63086851 0.118726547
0.630986916 0.119114995
0.631105322 0.119114995
0.631223729 0.119114995
0.631342135 0.119114995
0.631460541 0.119434388
0.631578947 0.119970475
0.631697354 0.120041314
0.63181576 0.120322514
0.631934166 0.120384862
0.632052572 0.120532868
0.632170979 0.120780204
0.632289385 0.120797766
0.632407791 0.120961241
0.632526197 0.121176191
0.632644604 0.121176191
0.63276301 0.121176191
0.632881416 0.121176191
0.632999822 0.121176191
0.633118229 0.121351108
0.633236635 0.121485435
0.633355041 0.121551406
0.633473447 0.121768191
0.633591854 0.121941372
0.63371026 0.122021913
0.633828666 0.122027278
0.633947072 0.122272753
0.634065479 0.122027278
0.634183885 0.122021913
0.634302291 0.121941372
0.634420697 0.121941372
0.634539104 0.121941372
0.63465751 0.121941372
0.634775916 0.121941372
0.634894322 0.122021913
0.635012729 0.122021913
0.635131135 0.122021913
0.635249541 0.122021913
0.635367947 0.122027278
0.635486354 0.122272753
0.63560476 0.1223009
0.635723166 0.122533323
0.635841572 0.122572797
0.635959979 0.122572797
0.636078385 0.122572797
0.636196791 0.122572797
0.636315197 0.122572797
0.636433604 0.122572797
0.63655201 0.122572797
0.636670416 0.122572797
0.636788822 0.122572797
0.636907229 0.122572797
0.637025635 0.122572797
0.637144041 0.122572797
0.637262447 0.122572797
0.637380854 0.122572797
0.63749926 0.122572797
0.637617666 0.122572797
0.637736072 0.122572797
0.637854479 0.122572797
0.637972885 0.122572797
0.638091291 0.122572797
0.638209697 0.122831972
0.638328104 0.122898489
0.63844651 0.122971389
0.638564916 0.12311546
0.638683322 0.123371026
0.638801729 0.123695064
0.638920135 0.123929901
0.639038541 0.124482302
0.639156947 0.124672404
0.639275354 0.124846988
0.63939376 0.125284911
0.639512166 0.125464953
0.639630572 0.125464953
0.639748979 0.125464953
0.639867385 0.125464953
0.639985791 0.125464953
0.640104198 0.125464953
0.640222604 0.125464953
0.64034101 0.125492903
0.640459416 0.125668007
0.640577823 0.125775722
0.640696229 0.125839813
0.640814635 0.125839813
0.640933041 0.125839813
0.641051448 0.125839813
0.641169854 0.125839813
0.64128826 0.125839813
0.641406666 0.125839813
0.641525073 0.125839813
0.641643479 0.125839813
0.641761885 0.125839813
0.641880291 0.125839813
0.641998698 0.125775722
0.642117104 0.125668007
0.64223551 0.125492903
0.642353916 0.125464953
0.642472323 0.125284911
0.642590729 0.124846988
0.642709135 0.124672404
0.642827541 0.124559753
0.642945948 0.124521027
0.643064354 0.124482302
0.64318276 0.124206101
0.643301166 0.123929901
0.643419573 0.123812482
0.643537979 0.123929901
0.643656385 0.124206101
0.643774791 0.123929901
0.643893198 0.123812482
0.644011604 0.123695064
0.64413001 0.123533045
0.644248416 0.123695064
0.644366823 0.123812482
0.644485229 0.123929901
0.644603635 0.123812482
0.644722041 0.123695064
0.644840448 0.123533045
0.644958854 0.123371026
0.64507726 0.123243243
0.645195666 0.12311546
0.645314073 0.123043424
0.645432479 0.122971389
0.645550885 0.122934939
0.645669291 0.122898489
0.645787698 0.122865231
0.645906104 0.122831972
0.64602451 0.122702385
0.646142916 0.122572797
0.646261323 0.122436849
0.646379729 0.1223009
0.646498135 0.122286827
0.646616541 0.122272753
0.646734948 0.122150015
0.646853354 0.122027278
0.64697176 0.121984325
0.647090166 0.121941372
0.647208573 0.121854781
0.647326979 0.121768191
0.647445385 0.121730621
0.647563791 0.12169305
0.647682198 0.121730621
0.647800604 0.12169305
0.64791901 0.121622228
0.648037416 0.121551406
0.648155823 0.121518421
0.648274229 0.121485435
0.648392635 0.121418272
0.648511041 0.121351108
0.648629448 0.12126365
0.648747854 0.121176191
0.64886626 0.121068716
0.648984666 0.120961241
0.649103073 0.120879504
0.649221479 0.120797766
0.649339885 0.120788985
0.649458291 0.120780204
0.649576698 0.120656536
0.649695104 0.120780204
0.64981351 0.120788985
0.649931916 0.120797766
0.650050323 0.120879504
0.650168729 0.120961241
0.650287135 0.121068716
0.650405541 0.121176191
0.650523948 0.12126365
0.650642354 0.121351108
0.65076076 0.121418272
0.650879166 0.121485435
0.650997573 0.121518421
0.651115979 0.121551406
0.651234385 0.121622228
0.651352791 0.121551406
0.651471198 0.121518421
0.651589604 0.121485435
0.65170801 0.121418272
0.651826416 0.121351108
0.651944823 0.12126365
0.652063229 0.121176191
0.652181635 0.121068716
0.652300041 0.120961241
0.652418448 0.120879504
0.652536854 0.120797766
0.65265526 0.120788985
0.652773666 0.120780204
0.652892073 0.120656536
0.653010479 0.120532868
0.653128885 0.120458865
0.653247291 0.120384862
0.653365698 0.120353688
0.653484104 0.120322514
0.65360251 0.120181914
0.653720916 0.120041314
0.653839323 0.120005894
0.653957729 0.119970475
0.654076135 0.11975858
0.654194541 0.119546686
0.654312948 0.11975858
0.654431354 0.119970475
0.65454976 0.120005894
0.654668166 0.120041314
0.654786573 0.120181914
0.654904979 0.120322514
0.655023385 0.120353688
0.655141791 0.120384862
0.655260198 0.120458865
0.655378604 0.120532868
0.65549701 0.120656536
0.655615416 0.120780204
0.655733823 0.120788985
0.655852229 0.120797766
0.655970635 0.120879504
0.656089042 0.120961241
0.656207448 0.121068716
0.656325854 0.121176191
0.65644426 0.12126365
0.656562667 0.121351108
0.656681073 0.121418272
0.656799479 0.121485435
0.656917885 0.121418272
0.657036292 0.121485435
0.657154698 0.121518421
0.657273104 0.121551406
0.65739151 0.121622228
0.657509917 0.121551406
0.657628323 0.121518421
0.657746729 0.121485435
0.657865135 0.121418272
0.657983542 0.121351108
0.658101948 0.12126365
0.658220354 0.121176191
0.65833876 0.121068716
0.658457167 0.120961241
0.658575573 0.120879504
0.658693979 0.120797766
0.658812385 0.120788985
0.658930792 0.120780204
0.659049198 0.120656536
0.659167604 0.120532868
0.65928601 0.120458865
0.659404417 0.120384862
0.659522823 0.120353688
0.659641229 0.120322514
0.659759635 0.120353688
0.659878042 0.120384862
0.659996448 0.120458865
0.660114854 0.120532868
0.66023326 0.120656536
0.660351667 0.120780204
0.660470073 0.120788985
0.660588479 0.120797766
0.660706885 0.120879504
0.660825292 0.120961241
0.660943698 0.121068716
0.661062104 0.121176191
0.66118051 0.12126365
0.661298917 0.121351108
0.661417323 0.121418272
0.661535729 0.121485435
0.661654135 0.121518421
0.661772542 0.121551406
0.661890948 0.121622228
0.662009354 0.12169305
0.66212776 0.121730621
0.662246167 0.121768191
0.662364573 0.121854781
0.662482979 0.121941372
0.662601385 0.121984325
0.662719792 0.122027278
0.662838198 0.122150015
0.662956604 0.122027278
0.66307501 0.121984325
0.663193417 0.121941372
0.663311823 0.121854781
0.663430229 0.121768191
0.663548635 0.121730621
0.663667042 0.12169305
0.663785448 0.121622228
0.663903854 0.121551406
0.66402226 0.121518421
0.664140667 0.121485435
0.664259073 0.121418272
0.664377479 0.121351108
0.664495885 0.12126365
0.664614292 0.121176191
0.664732698 0.121068716
0.664851104 0.120961241
0.66496951 0.120879504
0.665087917 0.120797766
0.665206323 0.120788985
0.665324729 0.120780204
0.665443135 0.120656536
0.665561542 0.120780204
0.665679948 0.120788985
0.665798354 0.120797766
0.66591676 0.120788985
0.666035167 0.120780204
0.666153573 0.120656536
0.666271979 0.120532868
0.666390385 0.120458865
0.666508792 0.120384862
0.666627198 0.120353688
0.666745604 0.120322514
0.66686401 0.120181914
0.666982417 0.120041314
0.667100823 0.120181914
0.667219229 0.120041314
0.667337635 0.120005894
0.667456042 0.119970475
0.667574448 0.11975858
0.667692854 0.119546686
0.66781126 0.119330841
0.667929667 0.119546686
0.668048073 0.11975858
0.668166479 0.119970475
0.668284885 0.120005894
0.668403292 0.120041314
0.668521698 0.120181914
0.668640104 0.120322514
0.66875851 0.120353688
0.668876917 0.120384862
0.668995323 0.120458865
0.669113729 0.120532868
0.669232135 0.120656536
0.669350542 0.120780204
0.669468948 0.120870723
0.669587354 0.120961241
0.66970576 0.121068716
0.669824167 0.121176191
0.669942573 0.12126365
0.670060979 0.121351108
0.670179385 0.121418272
0.670297792 0.121485435
0.670416198 0.121518421
0.670534604 0.121551406
0.67065301 0.121622228
0.670771417 0.12169305
0.670889823 0.121730621
0.671008229 0.121768191
0.671126635 0.121854781
0.671245042 0.121941372
0.671363448 0.121984325
0.671481854 0.121941372
0.67160026 0.121854781
0.671718667 0.121768191
0.671837073 0.121730621
0.671955479 0.12169305
0.672073886 0.121622228
0.672192292 0.121551406
0.672310698 0.121518421
0.672429104 0.121485435
0.672547511 0.121418272
0.672665917 0.121351108
0.672784323 0.12126365
0.672902729 0.121176191
0.673021136 0.121068716
0.673139542 0.120961241
0.673257948 0.120870723
0.673376354 0.120961241
0.673494761 0.121068716
0.673613167 0.121176191
0.673731573 0.12126365
0.673849979 0.121351108
0.673968386 0.121418272
0.674086792 0.121485435
0.674205198 0.121518421
0.674323604 0.121551406
0.674442011 0.121622228
0.674560417 0.12169305
0.674678823 0.121730621
0.674797229 0.121768191
0.674915636 0.121854781
0.675034042 0.121941372
0.675152448 0.121984325
0.675270854 0.122027278
0.675389261 0.122150015
0.675507667 0.122272753
0.675626073 0.122286827
0.675744479 0.1223009
0.675862886 0.122436849
0.675981292 0.122572797
0.676099698 0.122772093
0.676218104 0.122971389
0.676336511 0.123043424
0.676454917 0.12311546
0.676573323 0.123243243
0.676691729 0.123371026
0.676810136 0.123533045
0.676928542 0.123695064
0.677046948 0.124088683
0.677165354 0.124482302
0.677283761 0.124521027
0.677402167 0.124559753
0.677520573 0.124616078
0.677638979 0.124672404
0.677757386 0.124978657
0.677875792 0.125284911
0.677994198 0.125388907
0.678112604 0.125492903
0.678231011 0.125580455
0.678349417 0.125668007
0.678467823 0.125721865
0.678586229 0.125775722
0.678704636 0.125836964
0.678823042 0.125898207
0.678941448 0.126395648
0.679059854 0.126893089
0.679178261 0.127102331
0.679296667 0.126893089
0.679415073 0.126395648
0.679533479 0.125898207
0.679651886 0.125836964
0.679770292 0.125775722
0.679888698 0.125721865
0.680007104 0.125668007
0.680125511 0.125580455
0.680243917 0.125492903
0.680362323 0.125388907
0.680480729 0.125284911
0.680599136 0.124978657
0.680717542 0.124672404
0.680835948 0.124616078
0.680954354 0.124559753
0.681072761 0.124521027
0.681191167 0.124482302
0.681309573 0.124088683
0.681427979 0.123695064
0.681546386 0.123533045
0.681664792 0.123371026
0.681783198 0.123243243
0.681901604 0.12311546
0.682020011 0.123043424
0.682138417 0.122971389
0.682256823 0.122636144
0.682375229 0.1223009
0.682493636 0.122286827
0.682612042 0.122272753
0.682730448 0.122150015
0.682848854 0.122027278
0.682967261 0.121984325
0.683085667 0.121941372
0.683204073 0.121854781
0.683322479 0.121768191
0.683440886 0.121730621
0.683559292 0.121768191
0.683677698 0.121730621
0.683796104 0.12169305
0.683914511 0.121589243
0.684032917 0.121485435
0.684151323 0.121418272
0.684269729 0.121351108
0.684388136 0.12126365
0.684506542 0.121176191
0.684624948 0.121068716
0.684743354 0.120961241
0.684861761 0.120870723
0.684980167 0.120780204
0.685098573 0.120656536
0.685216979 0.120532868
0.685335386 0.120427691
0.685453792 0.120322514
0.685572198 0.120181914
0.685690604 0.120041314
0.685809011 0.120005894
0.685927417 0.119970475
0.686045823 0.11975858
0.686164229 0.119546686
0.686282636 0.119136617
0.686401042 0.118726547
0.686519448 0.118635919
0.686637854 0.118545291
0.686756261 0.118484981
0.686874667 0.118545291
0.686993073 0.118635919
0.687111479 0.118726547
0.687229886 0.119136617
0.687348292 0.119546686
0.687466698 0.11975858
0.687585104 0.119970475
0.687703511 0.120005894
0.687821917 0.119970475
0.687940323 0.120005894
0.68805873 0.120041314
0.688177136 0.120181914
0.688295542 0.120041314
0.688413948 0.120005894
0.688532355 0.119970475
0.688650761 0.11975858
0.688769167 0.119546686
0.688887573 0.119136617
0.68900598 0.118726547
0.689124386 0.118635919
0.689242792 0.118545291
0.689361198 0.118484981
0.689479605 0.11842467
0.689598011 0.118273957
0.689716417 0.118123244
0.689834823 0.117817268
0.68995323 0.117511292
0.690071636 0.117486374
0.690190042 0.117461456
0.690308448 0.117307023
0.690426855 0.11715259
0.690545261 0.117016534
0.690663667 0.116880478
0.690782073 0.116835015
0.69090048 0.116789552
0.691018886 0.116744034
0.691137292 0.116698516
0.691255698 0.116633541
0.691374105 0.116568566
0.691492511 0.116263268
0.691610917 0.115957969
0.691729323 0.115871809
0.69184773 0.115785648
0.691966136 0.115871809
0.692084542 0.115957969
0.692202948 0.116263268
0.692321355 0.116568566
0.692439761 0.116633541
0.692558167 0.116698516
0.692676573 0.116744034
0.69279498 0.116789552
0.692913386 0.116835015
0.693031792 0.116880478
0.693150198 0.117016534
0.693268605 0.11715259
0.693387011 0.117307023
0.693505417 0.117461456
0.693623823 0.117486374
0.69374223 0.117511292
0.693860636 0.117817268
0.693979042 0.118123244
0.694097448 0.118273957
0.694215855 0.11842467
0.694334261 0.118484981
0.694452667 0.118545291
0.694571073 0.118635919
0.69468948 0.118726547
0.694807886 0.119136617
0.694926292 0.119546686
0.695044698 0.11975858
0.695163105 0.119970475
0.695281511 0.120005894
0.695399917 0.120041314
0.695518323 0.120181914
0.69563673 0.120322514
0.695755136 0.120427691
0.695873542 0.120532868
0.695991948 0.120656536
0.696110355 0.120780204
0.696228761 0.120978198
0.696347167 0.121176191
0.696465573 0.121330813
0.69658398 0.121485435
0.696702386 0.121589243
0.696820792 0.121485435
0.696939198 0.121330813
0.697057605 0.121176191
0.697176011 0.120978198
0.697294417 0.120780204
0.697412823 0.120656536
0.69753123 0.120532868
0.697649636 0.120427691
0.697768042 0.120322514
0.697886448 0.120181914
0.698004855 0.120041314
0.698123261 0.120005894
0.698241667 0.119970475
0.698360073 0.11975858
0.69847848 0.119546686
0.698596886 0.119136617
0.698715292 0.118726547
0.698833698 0.118635919
0.698952105 0.118545291
0.699070511 0.118484981
0.699188917 0.11842467
0.699307323 0.118273957
0.69942573 0.118123244
0.699544136 0.117817268
0.699662542 0.117511292
0.699780948 0.117486374
0.699899355 0.117461456
0.700017761 0.117307023
0.700136167 0.11715259
0.700254573 0.117016534
0.70037298 0.116880478
0.700491386 0.116835015
0.700609792 0.116789552
0.700728198 0.116744034
0.700846605 0.116698516
0.700965011 0.116633541
0.701083417 0.116568566
0.701201823 0.116263268
0.70132023 0.115957969
0.701438636 0.115871809
0.701557042 0.115785648
0.701675448 0.11574181
0.701793855 0.115697972
0.701912261 0.115678499
0.702030667 0.115659026
0.702149073 0.115625933
0.70226748 0.115592839
0.702385886 0.115520848
0.702504292 0.115448858
0.702622698 0.115322304
0.702741105 0.115195751
0.702859511 0.115017476
0.702977917 0.114839201
0.703096323 0.114836072
0.70321473 0.114832943
0.703333136 0.114436268
0.703451542 0.114039594
0.703569948 0.113939496
0.703688355 0.113839398
0.703806761 0.113635559
0.703925167 0.113431719
0.704043574 0.113269646
0.70416198 0.113107573
0.704280386 0.112938792
0.704398792 0.112770012
0.704517199 0.112690914
0.704635605 0.112611817
0.704754011 0.11260595
0.704872417 0.112600084
0.704990824 0.112597286
0.70510923 0.112594487
0.705227636 0.112437841
0.705346042 0.112594487
0.705464449 0.112597286
0.705582855 0.112600084
0.705701261 0.11260595
0.705819667 0.112611817
0.705938074 0.112690914
0.70605648 0.112770012
0.706174886 0.112938792
0.706293292 0.113107573
0.706411699 0.113269646
0.706530105 0.113431719
0.706648511 0.113635559
0.706766917 0.113839398
0.706885324 0.113939496
0.70700373 0.114039594
0.707122136 0.114436268
0.707240542 0.114832943
0.707358949 0.114836072
0.707477355 0.114839201
0.707595761 0.115017476
0.707714167 0.115195751
0.707832574 0.115322304
0.70795098 0.115448858
0.708069386 0.115520848
0.708187792 0.115592839
0.708306199 0.115625933
0.708424605 0.115659026
0.708543011 0.115678499
0.708661417 0.115697972
0.708779824 0.11574181
0.70889823 0.115785648
0.709016636 0.115871809
0.709135042 0.115957969
0.709253449 0.116263268
0.709371855 0.116568566
0.709490261 0.116263268
0.709608667 0.115957969
0.709727074 0.115871809
0.70984548 0.115785648
0.709963886 0.11574181
0.710082292 0.115697972
0.710200699 0.115678499
0.710319105 0.115659026
0.710437511 0.115625933
0.710555917 0.115659026
0.710674324 0.115678499
0.71079273 0.115697972
0.710911136 0.11574181
0.711029542 0.115697972
0.711147949 0.11574181
0.711266355 0.115785648
0.711384761 0.115871809
0.711503167 0.115957969
0.711621574 0.116263268
0.71173998 0.116568566
0.711858386 0.116679059
0.711976792 0.116789552
0.712095199 0.116835015
0.712213605 0.116880478
0.712332011 0.117016534
0.712450417 0.11715259
0.712568824 0.117331941
0.71268723 0.117511292
0.712805636 0.117817268
0.712924042 0.118123244
0.713042449 0.118273957
0.713160855 0.11842467
0.713279261 0.118484981
0.713397667 0.118545291
0.713516074 0.118635919
0.71363448 0.118726547
0.713752886 0.119136617
0.713871292 0.119546686
0.713989699 0.119136617
0.714108105 0.118726547
0.714226511 0.118635919
