0.000156184661 16.3791785 6.57221686 7.40203965 34.0876523 44.3490581 68.1753046 102.262957
0.000312369322 20.0372757 6.56510749 7.40200535 34.0874944 44.3488527 68.1749887 102.262483
0.000468553983 26.9681111 6.55799811 7.40194819 34.0872311 44.3485102 68.1744623 102.261693
0.000624738644 24.4003111 6.52356566 7.40186817 34.0868626 44.3480307 68.1737252 102.260588
0.000780923304 19.4283691 6.55799811 7.40176529 34.0863888 44.3474143 68.1727776 102.259166
0.000937107965 17.4377964 6.56188971 7.40163954 34.0858098 44.3466609 68.1716195 102.257429
0.00109329263 13.8453398 6.56578131 7.40149095 34.0851254 44.3457706 68.1702509 102.255376
0.00124947729 13.2820323 6.56899909 7.40131949 34.0843359 44.3447433 68.1686717 102.253008
0.00140566195 15.2163234 6.56578131 7.40112519 34.0834411 44.3435792 68.1668821 102.250323
0.00156184661 20.8463651 6.56188971 7.40090804 34.082441 44.3422781 68.1648821 102.247323
0.00171803127 22.4554874 6.55799811 7.40066804 34.0813358 44.3408402 68.1626717 102.244008
0.00187421593 15.2514535 6.56188971 7.40040521 34.0801255 44.3392655 68.1602509 102.240376
0.00203040059 9.52731743 6.56578131 7.40011955 34.0788099 44.3375539 68.1576198 102.23643
0.00218658525 11.4945258 6.56899909 7.39981106 34.0773893 44.3357056 68.1547785 102.232168
0.00234276991 18.7680606 6.57221686 7.39947974 34.0758635 44.3337205 68.151727 102.22759
0.00249895457 19.6095352 6.57775023 7.39912561 34.0742327 44.3315988 68.1484653 102.222698
0.00265513924 12.7353038 6.58328359 7.39874867 34.0724968 44.3293404 68.1449936 102.21749
0.0028113239 5.48594956 6.66955725 7.39834893 34.0706559 44.3269453 68.1413118 102.211968
0.00296750856 5.84913637 6.75583091 7.39792639 34.0687101 44.3244137 68.1374201 102.20613
0.00312369322 11.1405814 6.76933304 7.39748107 34.0666593 44.3217456 68.1333186 102.199978
0.00327987788 12.2949145 6.78283517 7.39701297 34.0645036 44.318941 68.1290072 102.193511
0.00343606254 7.26190083 6.78547013 7.3965221 34.0622431 44.316 68.1244861 102.186729
0.0035922472 1.59679935 6.78810509 7.39600847 34.0598777 44.3129226 68.1197554 102.179633
0.00374843186 2.20425798 6.79176098 7.3954721 34.0574076 44.3097089 68.1148152 102.172223
0.00390461652 6.82641419 6.79541687 7.39491298 34.0548328 44.3063589 68.1096655 102.164498
0.00406080118 8.74658292 6.81091553 7.39433113 34.0521533 44.3028728 68.1043065 102.15646
0.00421698584 4.80301071 6.82641419 7.39372656 34.0493691 44.2992506 68.0987383 102.148107
0.0043731705 0.596643996 6.84420417 7.39309929 34.0464804 44.2954923 68.0929609 102.139441
0.00452935517 1.53418153 6.86199415 7.39244932 34.0434872 44.291598 68.0869744 102.130462
0.00468553983 6.06986635 6.89075782 7.39177667 34.0403895 44.2875679 68.0807791 102.121169
0.00484172449 7.96260508 6.9195215 7.39108135 34.0371875 44.2834019 68.0743749 102.111562
0.00499790915 4.98003588 6.96912118 7.39036337 34.0338811 44.2791001 68.0677621 102.101643
0.00515409381 1.12061306 7.01872086 7.38962275 34.0304704 44.2746627 68.0609407 102.091411
0.00531027847 0.257662498 7.07136657 7.3888595 34.0269555 44.2700897 68.0539109 102.080866
0.00546646313 2.30242933 7.12401228 7.38807363 34.0233364 44.2653812 68.0466729 102.070009
0.00562264779 3.46413304 7.14185158 7.38726517 34.0196133 44.2605373 68.0392266 102.05884
0.00577883245 2.1762379 7.15969088 7.38643412 34.0157862 44.2555581 68.0315723 102.047359
0.00593501711 0.376612686 7.21079585 7.38558049 34.0118551 44.2504437 68.0237102 102.035565
0.00609120177 0.423128919 7.26190083 7.38470432 34.0078202 44.2451941 68.0156403 102.023461
0.00624738644 1.61253004 7.28381236 7.38380561 34.0036815 44.2398095 68.0073629 102.011044
0.0064035711 1.92846228 7.30572389 7.38288438 33.999439 44.23429 67.9988781 101.998317
0.00655975576 0.97930364 7.31513416 7.38194065 33.995093 44.2286357 67.990186 101.985279
0.00671594042 0.119995753 7.32454444 7.38097443 33.9906434 44.2228466 67.9812868 101.97193
0.00687212508 0.0933524254 7.33399903 7.37998574 33.9860903 44.2169229 67.9721806 101.958271
0.00702830974 0.369343129 7.34345362 7.37897461 33.9814339 44.2108648 67.9628678 101.944302
0.0071844944 0.533923299 7.33399903 7.37794105 33.9766742 44.2046722 67.9533483 101.930022
0.00734067906 0.552903516 7.34345362 7.37688508 33.9718112 44.1983454 67.9436225 101.915434
0.00749686372 0.294744552 7.33399903 7.37580672 33.9668452 44.1918845 67.9336904 101.900536
0.00765304838 0.0135764153 7.32454444 7.37470599 33.9617761 44.1852895 67.9235523 101.885328
0.00780923304 0.553773563 7.31513416 7.37358291 33.9566042 44.1785606 67.9132083 101.869812
0.00796541771 1.82695717 7.30572389 7.3724375 33.9513294 44.1716979 67.9026587 101.853988
0.00812160237 2.12169633 7.28381236 7.37126978 33.9459518 44.1647016 67.8919037 101.837856
0.00827778703 0.759522397 7.26190083 7.37007979 33.9404717 44.1575717 67.8809434 101.821415
0.00843397169 0.126966148 7.25938518 7.36886752 33.934889 44.1503085 67.8697781 101.804667
0.00859015635 2.15811101 7.25686953 7.36763302 33.9292039 44.1429121 67.8584079 101.787612
0.00874634101 4.44493191 7.2082802 7.36637631 33.9234165 44.1353825 67.8468331 101.77025
0.00890252567 3.47885109 7.15969088 7.36509739 33.9175269 44.1277199 67.8350539 101.752581
0.00905871033 1.49804369 7.14185158 7.36379631 33.9115352 44.1199246 67.8230705 101.734606
0.00921489499 4.1278821 7.12401228 7.36247309 33.9054416 44.1119965 67.8108831 101.716325
0.00937107965 10.329008 7.07136657 7.36112774 33.899246 44.1039359 67.798492 101.697738
0.00952726431 11.6583119 7.01872086 7.3597603 33.8929487 44.0957429 67.7858975 101.678846
0.00968344898 5.37892846 6.96912118 7.35837079 33.8865498 44.0874177 67.7730996 101.659649
0.00983963364 0.197089755 6.9195215 7.35695924 33.8800493 44.0789605 67.7600987 101.640148
0.0099958183 4.8479827 6.89075782 7.35552567 33.8734475 44.0703713 67.746895 101.620343
0.010152003 13.7101073 6.86199415 7.35407011 33.8667444 44.0616503 67.7334888 101.600233
0.0103081876 13.6716881 6.84420417 7.35259258 33.8599401 44.0527978 67.7198803 101.57982
0.0104643723 4.68701765 6.82641419 7.35109312 33.8530349 44.0438138 67.7060697 101.559105
0.0106205569 0.209430192 6.82550109 7.34957174 33.8460287 44.0346985 67.6920574 101.538086
0.0107767416 7.93681698 6.824588 7.34802849 33.8389217 44.0254522 67.6778435 101.516765
0.0109329263 17.53729 6.82550109 7.34646339 33.8317142 44.0160749 67.6634283 101.495143
0.0110891109 15.4911921 6.82641419 7.34487646 33.8244061 44.0065669 67.6488122 101.473218
0.0112452956 5.28456239 6.84420417 7.34326774 33.8169977 43.9969283 67.6339954 101.450993
0.0114014802 1.50152983 6.86199415 7.34163726 33.809489 43.9871594 67.618978 101.428467
0.0115576649 8.24447789 6.84420417 7.33998504 33.8018803 43.9772602 67.6037606 101.405641
0.0117138496 14.5272223 6.82641419 7.33831112 33.7941716 43.9672309 67.5883432 101.382515
0.0118700342 11.2108734 6.82550109 7.33661553 33.7863631 43.9570719 67.5727262 101.359089
0.0120262189 4.32673985 6.824588 7.3348983 33.778455 43.9467831 67.5569099 101.335365
0.0121824035 3.84641879 6.81000243 7.33315946 33.7704473 43.9363649 67.5408946 101.311342
0.0123385882 11.3398847 6.79541687 7.33139904 33.7623403 43.9258174 67.5246806 101.287021
0.0124947729 17.2280977 6.79176098 7.32961708 33.754134 43.9151409 67.5082681 101.262402
0.0126509575 18.0536607 6.78810509 7.3278136 33.7458287 43.9043354 67.4916574 101.237486
0.0128071422 15.8099574 6.78547013 7.32598865 33.7374245 43.8934013 67.474849 101.212274
0.0129633269 15.1729997 6.78283517 7.32414225 33.7289215 43.8823386 67.457843 101.186765
0.0131195115 17.1631041 6.78547013 7.32227444 33.7203199 43.8711477 67.4406399 101.16096
0.0132756962 15.5312585 6.78810509 7.32038525 33.7116199 43.8598287 67.4232398 101.13486
0.0134318808 10.5996442 6.78547013 7.31847472 33.7028216 43.8483818 67.4056432 101.108465
0.0135880655 4.61687353 6.78283517 7.31654289 33.6939252 43.8368073 67.3878503 101.081775
0.0137442502 1.18536745 6.76933304 7.31458978 33.6849308 43.8251053 67.3698615 101.054792
0.0139004348 2.63731525 6.78283517 7.31261543 33.6758386 43.8132761 67.3516771 101.027516
0.0140566195 7.70714565 6.78547013 7.31061989 33.6666487 43.8013199 67.3332975 100.999946
0.0142128041 12.3886958 6.78283517 7.30860318 33.6573615 43.7892368 67.3147229 100.972084
0.0143689888 13.6598666 6.76933304 7.30656534 33.6479769 43.7770272 67.2959538 100.943931
0.0145251735 10.4161808 6.75583091 7.30450642 33.6384952 43.7646912 67.2769903 100.915486
0.0146813581 4.79216197 6.66955725 7.30242644 33.6289165 43.7522291 67.257833 100.88675
0.0148375428 1.18334018 6.58328359 7.30032545 33.6192411 43.7396411 67.2384822 100.857723
0.0149937274 0.787466831 6.57775023 7.29820348 33.6094691 43.7269274 67.2189381 100.828407
0.0151499121 1.42425448 6.57221686 7.29606057 33.5996006 43.7140882 67.1992012 100.798802
0.0153060968 1.0054533 6.56899909 7.29389676 33.5896359 43.7011239 67.1792718 100.768908
0.0154622814 0.945539243 6.56578131 7.2917121 33.5795752 43.6880345 67.1591503 100.738725
0.0156184661 5.00005801 6.56188971 7.28950661 33.5694185 43.6748204 67.138837 100.708256
0.0157746507 14.6164196 6.55799811 7.28728034 33.5591662 43.6614818 67.1183324 100.677499
0.0159308354 25.7887178 6.52356566 7.28503334 33.5488183 43.648019 67.0976367 100.646455
0.0160870201 31.065407 6.55799811 7.28276563 33.5383752 43.6344321 67.0767503 100.615125
0.0162432047 25.3549059 6.56188971 7.28047727 33.5278369 43.6207214 67.0556737 100.583511
0.0163993894 12.5939014 6.56578131 7.27816829 33.5172036 43.6068873 67.0344072 100.551611
0.0165555741 5.19457307 6.56899909 7.27583873 33.5064756 43.5929298 67.0129512 100.519427
0.0167117587 12.6866926 6.57221686 7.27348864 33.495653 43.5788493 66.991306 100.486959
0.0168679434 32.3792058 6.57775023 7.27111805 33.4847361 43.564646 66.9694722 100.454208
0.017024128 47.0422991 6.58328359 7.26872702 33.473725 43.5503202 66.9474499 100.421175
0.0171803127 40.5137921 6.66955725 7.26631558 33.4626199 43.5358722 66.9252398 100.38786
0.0173364974 19.2880358 6.75583091 7.26388378 33.451421 43.5213021 66.902842 100.354263
0.017492682 3.13642576 6.66955725 7.26143166 33.4401286 43.5066103 66.8802572 100.320386
0.0176488667 3.45462068 6.75583091 7.25895926 33.4287428 43.4917971 66.8574856 100.286228
0.0178050513 12.0495962 6.76933304 7.25646663 33.4172638 43.4768626 66.8345276 100.251791
0.017961236 15.2302986 6.78283517 7.25395382 33.4056919 43.4618071 66.8113837 100.217076
0.0181174207 15.0309221 6.78547013 7.25142086 33.3940272 43.446631 66.7880543 100.182081
0.0182736053 24.3404153 6.78810509 7.24886781 33.3822699 43.4313345 66.7645398 100.14681
0.01842979 42.5720577 6.79176098 7.2462947 33.3704203 43.4159178 66.7408406 100.111261
0.0185859746 50.4443116 6.79541687 7.24370159 33.3584786 43.4003812 66.7169572 100.075436
0.0187421593 35.0188723 6.81000243 7.24108851 33.3464449 43.3847251 66.6928899 100.039335
0.018898344 9.2482823 6.824588 7.23845553 33.3343196 43.3689497 66.6686392 100.002959
0.0190545286 1.21217786 6.82550109 7.23580267 33.3221027 43.3530552 66.6442055 99.9663082
0.0192107133 16.4254769 6.824588 7.23313 33.3097946 43.337042 66.6195893 99.9293839
0.019366898 32.4118334 6.82550109 7.23043755 33.2973954 43.3209103 66.5947909 99.8921863
0.0195230826 28.3500918 6.82641419 7.22772538 33.2849054 43.3046604 66.5698109 99.8547163
0.0196792673 9.79714019 6.84420417 7.22499353 33.2723248 43.2882926 66.5446496 99.8169744
0.0198354519 0.0158493229 6.82641419 7.22224205 33.2596538 43.2718072 66.5193075 99.7789613
0.0199916366 8.53034408 6.82550109 7.21947099 33.2468926 43.2552045 66.4937851 99.7406777
0.0201478213 23.0635863 6.824588 7.21668039 33.2340414 43.2384847 66.4680828 99.7021242
0.0203040059 27.4461846 6.82550109 7.21387032 33.2211005 43.2216482 66.442201 99.6633015
0.0204601906 19.6490392 6.82641419 7.2110408 33.2080701 43.2046953 66.4161402 99.6242103
0.0206163752 9.19291376 6.84420417 7.20819191 33.1949505 43.1876263 66.3899009 99.5848514
0.0207725599 4.43328487 6.86199415 7.20532367 33.1817418 43.1704413 66.3634835 99.5452253
0.0209287446 5.46451663 6.86784236 7.20243616 33.1684442 43.1531409 66.3368885 99.5053327
0.0210849292 8.06599751 6.87369058 7.1995294 33.1550582 43.1357252 66.3101163 99.4651745
0.0212411139 10.0462905 6.89660604 7.19660347 33.1415837 43.1181945 66.2831674 99.4247512
0.0213972985 12.1715676 6.9195215 7.19365839 33.1280212 43.1005492 66.2560423 99.3840635
0.0215534832 15.5334032 6.96912118 7.19069424 33.1143707 43.0827896 66.2287415 99.3431122
0.0217096679 18.7402421 7.01872086 7.18771106 33.1006327 43.064916 66.2012653 99.301898
0.0218658525 18.7129588 7.07136657 7.1847089 33.0868072 43.0469286 66.1736144 99.2604216
0.0220220372 13.946241 7.12401228 7.18168781 33.0728946 43.0288279 66.1457891 99.2186837
0.0221782218 6.86199415 7.13118853 7.17864784 33.058895 43.010614 66.11779 99.176685
0.0223344065 1.40185321 7.13836479 7.17558905 33.0448088 42.9922874 66.0896175 99.1344263
0.0224905912 0.759699062 7.14902783 7.1725115 33.0306361 42.9738483 66.0612722 99.0919083
0.0226467758 5.43426386 7.15969088 7.16941522 33.0163772 42.9552971 66.0327544 99.0491317
0.0228029605 11.4649443 7.2082802 7.16630028 33.0020324 42.9366341 66.0040648 99.0060972
0.0229591452 14.4421748 7.25686953 7.16316673 32.9876019 42.9178595 65.9752038 98.9628056
0.0231153298 11.8777928 7.25938518 7.16001463 32.9730859 42.8989738 65.9461718 98.9192577
0.0232715145 6.34833297 7.26190083 7.15684402 32.9584847 42.8799772 65.9169694 98.8754541
0.0234276991 3.63714427 7.28381236 7.15365496 32.9437986 42.8608701 65.8875971 98.8313957
0.0235838838 5.15255325 7.30572389 7.15044751 32.9290277 42.8416528 65.8580554 98.7870831
0.0237400685 8.59623121 7.31513416 7.14722172 32.9141724 42.8223255 65.8283448 98.7425171
0.0238962531 11.9771853 7.32454444 7.14397764 32.8992329 42.8028888 65.7984657 98.6976986
0.0240524378 15.7526695 7.33399903 7.14071534 32.8842094 42.7833428 65.7684188 98.6526282
0.0242086224 19.9564077 7.34345362 7.13743486 32.8691022 42.7636879 65.7382045 98.6073067
0.0243648071 20.9271775 7.35508487 7.13413626 32.8539116 42.7439245 65.7078232 98.5617349
0.0245209918 15.6551713 7.36671611 7.1308196 32.8386378 42.7240528 65.6772757 98.5159135
0.0246771764 6.55799811 7.45268622 7.12748494 32.8232811 42.7040733 65.6465623 98.4698434
0.0248333611 0.468911608 7.53865632 7.12413232 32.8078418 42.6839862 65.6156835 98.4235253
0.0249895457 2.04917342 7.57383979 7.12076181 32.79232 42.6637919 65.58464 98.3769599
0.0251457304 8.73197883 7.53865632 7.11737346 32.7767161 42.6434907 65.5534321 98.3301482
0.0253019151 14.9385081 7.45268622 7.11396733 32.7610302 42.623083 65.5220605 98.2830907
0.0254580997 16.4188198 7.36671611 7.11054348 32.7452628 42.6025691 65.4905256 98.2357885
0.0256142844 13.5324106 7.45268622 7.10710196 32.729414 42.5819494 65.4588281 98.1882421
0.025770469 8.40730266 7.36671611 7.10364283 32.7134842 42.5612242 65.4269683 98.1404525
0.0259266537 2.97386394 7.35508487 7.10016615 32.6974735 42.5403938 65.394947 98.0924204
0.0260828384 0.582709523 7.34345362 7.09667198 32.6813822 42.5194586 65.3627645 98.0441467
0.026239023 2.31159679 7.33399903 7.09316038 32.6652107 42.4984189 65.3304214 97.9956321
0.0263952077 6.30427218 7.32454444 7.08963139 32.6489591 42.4772752 65.2979183 97.9468774
0.0265513924 9.52936069 7.31513416 7.08608509 32.6326278 42.4560276 65.2652556 97.8978834
0.026707577 9.58849553 7.30572389 7.08252154 32.616217 42.4346767 65.232434 97.8486511
0.0268637617 6.58328359 7.28709503 7.07894078 32.599727 42.4132227 65.199454 97.799181
0.0270199463 2.83530955 7.26846617 7.07534288 32.5831581 42.391666 65.1663161 97.7494742
0.027176131 0.769008847 7.2651835 7.0717279 32.5665105 42.370007 65.1330209 97.6995314
0.0273323157 1.30216002 7.26190083 7.06809589 32.5497845 42.3482459 65.0995689 97.6493534
0.0274885003 2.64614986 7.25938518 7.06444693 32.5329804 42.3263833 65.0659607 97.5989411
0.027644685 2.36864344 7.25686953 7.06078106 32.5160984 42.3044194 65.0321968 97.5482952
0.0278008696 1.03388108 7.2082802 7.05709834 32.4991389 42.2823545 64.9982778 97.4974167
0.0279570543 1.35300433 7.15969088 7.05339885 32.4821021 42.2601891 64.9642042 97.4463063
0.028113239 3.2427422 7.14902783 7.04968263 32.4649883 42.2379236 64.9299766 97.3949648
0.0282694236 3.18478739 7.13836479 7.04594975 32.4477977 42.2155582 64.8955955 97.3433932
0.0284256083 1.37547916 7.14902783 7.04220028 32.4305308 42.1930933 64.8610615 97.2915923
0.0285817929 4.86717211 7.13836479 7.03843426 32.4131876 42.1705293 64.8263752 97.2395628
0.0287379776 18.4173993 7.13118853 7.03465176 32.3957685 42.1478666 64.7915371 97.1873056
0.0288941623 33.6992873 7.12401228 7.03085284 32.3782739 42.1251055 64.7565478 97.1348217
0.0290503469 36.0126365 7.07136657 7.02703757 32.3607039 42.1022465 64.7214078 97.0821117
0.0292065316 23.0269918 7.01872086 7.023206 32.3430589 42.0792898 64.6861178 97.0291767
0.0293627162 10.4666505 6.96912118 7.0193582 32.3253391 42.0562358 64.6506782 96.9760174
0.0295189009 13.5163522 6.9195215 7.01549423 32.3075449 42.033085 64.6150897 96.9226346
0.0296750856 28.47721 6.89660604 7.01161415 32.2896764 42.0098376 64.5793529 96.8690293
0.0298312702 37.5068103 6.87369058 7.00771802 32.2717341 41.9864941 64.5434682 96.8152023
0.0299874549 30.4649761 6.86784236 7.00380591 32.2537182 41.9630548 64.5074363 96.7611545
0.0301436396 15.9710976 6.86199415 6.99987787 32.2356289 41.9395201 64.4712578 96.7068867
0.0302998242 8.15605631 6.84420417 6.99593398 32.2174666 41.9158904 64.4349332 96.6523998
0.0304560089 9.71942308 6.82641419 6.99197429 32.1992315 41.8921661 64.3984631 96.5976946
0.0306121935 11.4961357 6.82550109 6.98799886 32.180924 41.8683474 64.361848 96.542772
0.0307683782 7.12401228 6.824588 6.98400776 32.1625443 41.8444349 64.3250887 96.487633
0.0309245629 1.2267549 6.81140889 6.98000106 32.1440928 41.8204289 64.2881855 96.4322783
0.0310807475 2.09028592 6.79822978 6.9759788 32.1255696 41.7963297 64.2511392 96.3767088
0.0312369322 10.7247237 6.79682332 6.97194107 32.1069752 41.7721378 64.2139503 96.3209255
0.0313931168 19.2793438 6.79541687 6.96788792 32.0883097 41.7478534 64.1766194 96.2649291
0.0315493015 19.2681092 6.79176098 6.96381942 32.0695736 41.7234771 64.1391471 96.2087207
0.0317054862 11.1577957 6.78810509 6.95973562 32.050767 41.6990092 64.101534 96.1523009
0.0318616708 2.77023793 6.78547013 6.9556366 32.0318903 41.6744501 64.0637806 96.0956708
0.0320178555 0.479726983 6.78283517 6.95152241 32.0129437 41.6498001 64.0258875 96.0388312
0.0321740401 3.97197886 6.76933304 6.94739313 31.9939277 41.6250596 63.9878554 95.9817831
0.0323302248 8.33341892 6.75583091 6.94324881 31.9748424 41.6002291 63.9496848 95.9245272
0.0324864095 9.7794622 6.72574156 6.93908952 31.9556882 41.5753088 63.9113763 95.8670645
0.0326425941 8.36885308 6.69565221 6.93491532 31.9364653 41.5502993 63.8729306 95.8093958
0.0327987788 6.01964755 6.6394679 6.93072628 31.9171741 41.5252008 63.8343481 95.7515222
0.0329549634 3.99681194 6.69565221 6.92652247 31.8978148 41.5000138 63.7956296 95.6934443
0.0331111481 2.48471698 6.72574156 6.92230395 31.8783878 41.4747387 63.7567755 95.6351633
0.0332673328 1.79438839 6.75583091 6.91807077 31.8588933 41.4493758 63.7177865 95.5766798
0.0334235174 2.91665522 6.76933304 6.91382302 31.8393316 41.4239255 63.6786633 95.5179949
0.0335797021 6.9195215 6.75583091 6.90956075 31.8197032 41.3983883 63.6394063 95.4591095
0.0337358868 12.7785967 6.72574156 6.90528402 31.8000081 41.3727644 63.6000162 95.4000243
0.0338920714 16.0346464 6.75583091 6.90099291 31.7802468 41.3470544 63.5604936 95.3407405
0.0340482561 12.5412876 6.76933304 6.89668748 31.7604196 41.3212585 63.5208392 95.2812587
0.0342044407 4.42520378 6.78283517 6.89236779 31.7405267 41.2953773 63.4810534 95.22158
0.0343606254 1.05079284 6.76933304 6.88803392 31.7205684 41.269411 63.4411369 95.1617053
0.0345168101 8.92542885 6.75583091 6.88368591 31.7005451 41.2433601 63.4010903 95.1016354
0.0346729947 22.7923529 6.76933304 6.87932385 31.6804571 41.217225 63.3609142 95.0413713
0.0348291794 29.3065588 6.78283517 6.87494779 31.6603046 41.191006 63.3206092 94.9809138
0.034985364 21.6125238 6.78547013 6.87055781 31.640088 41.1647035 63.280176 94.920264
0.0351415487 8.28521143 6.78283517 6.86615396 31.6198075 41.138318 63.2396151 94.8594226
0.0352977334 1.54149689 6.76933304 6.86173632 31.5994635 41.1118499 63.1989271 94.7983906
0.035453918 3.74867833 6.78283517 6.85730495 31.5790563 41.0852995 63.1581126 94.7371689
0.0356101027 7.83038789 6.78547013 6.85285991 31.5585862 41.0586672 63.1171723 94.6757585
0.0357662873 7.01872086 6.78283517 6.84840128 31.5380534 41.0319535 63.0761068 94.6141602
0.035922472 2.78919962 6.76933304 6.84392911 31.5174583 41.0051586 63.0349166 94.5523749
0.0360786567 0.175075481 6.75583091 6.83944348 31.4968012 40.9782831 62.9936024 94.4904036
0.0362348413 0.704514244 6.72574156 6.83494445 31.4760824 40.9513273 62.9521648 94.4282472
0.036391026 2.00274425 6.69565221 6.83043208 31.4553022 40.9242917 62.9106044 94.3659066
0.0365472106 1.94100233 6.6394679 6.82590645 31.4344609 40.8971765 62.8689218 94.3033827
0.0367033953 0.893331866 6.58328359 6.82136763 31.4135588 40.8699823 62.8271176 94.2406764
0.03685958 0.200909198 6.58309371 6.81681566 31.3925962 40.8427094 62.7851925 94.1777887
0.0370157646 0.292697503 6.58290382 6.81225063 31.3715735 40.8153581 62.743147 94.1147205
0.0371719493 0.471572267 6.57756034 6.8076726 31.3504909 40.787929 62.7009818 94.0514727
0.037328134 0.252692754 6.57221686 6.80308164 31.3293487 40.7604224 62.6586975 93.9880462
0.0374843186 0.132448863 6.56899909 6.79847781 31.3081473 40.7328388 62.6162946 93.9244419
0.0376405033 1.22720999 6.56578131 6.79386118 31.2868869 40.7051784 62.5737739 93.8606608
0.0377966879 4.24323901 6.56188971 6.78923181 31.2655679 40.6774417 62.5311358 93.7967038
0.0379528726 8.89626456 6.55799811 6.78458978 31.2441906 40.6496291 62.4883812 93.7325717
0.0381090573 13.7777589 6.52356566 6.77993515 31.2227552 40.6217411 62.4455104 93.6682657
0.0382652419 16.3084604 6.4891332 6.77526799 31.2012621 40.5937779 62.4025243 93.6037864
0.0384214266 14.1039465 6.47707592 6.77058836 31.1797116 40.5657401 62.3594233 93.5391349
0.0385776112 8.0845443 6.46501864 6.76589633 31.1581041 40.537628 62.3162081 93.4743122
0.0387337959 3.52516265 6.45221964 6.76119197 31.1364397 40.509442 62.2728794 93.409319
0.0388899806 6.79541687 6.43942065 6.75647534 31.1147188 40.4811825 62.2294376 93.3441565
0.0390461652 18.1963301 6.42569446 6.75174652 31.0929418 40.4528499 62.1858836 93.2788253
0.0392023499 29.3933324 6.41196828 6.74700557 31.0711089 40.4244447 62.1422178 93.2133266
0.0393585345 31.2275266 6.40918172 6.74225255 31.0492204 40.3959671 62.0984408 93.1476613
0.0395147192 22.7514703 6.40639516 6.73748753 31.0272767 40.3674177 62.0545534 93.0818301
0.0396709039 12.6834204 6.37906566 6.73271059 31.0052781 40.3387968 62.0105561 93.0158342
0.0398270885 8.98963187 6.35173617 6.72792178 30.9832248 40.3101048 61.9664496 92.9496744
0.0399832732 10.4299927 6.35003457 6.72312117 30.9611172 40.2813422 61.9222344 92.8833516
0.0401394578 11.3369732 6.34833297 6.71830884 30.9389556 40.2525092 61.8779112 92.8168667
0.0402956425 10.1972076 6.34439114 6.71348485 30.9167403 40.2236065 61.8334805 92.7502208
0.0404518272 10.9718543 6.34833297 6.70864926 30.8944716 40.1946342 61.7889431 92.6834147
0.0406080118 15.7665426 6.35003457 6.70380214 30.8721498 40.1655929 61.7442995 92.6164493
0.0407641965 20.141492 6.35173617 6.69894357 30.8497752 40.1364829 61.6995504 92.5493256
0.0409203812 18.0113656 6.37906566 6.6940736 30.8273481 40.1073046 61.6546963 92.4820444
0.0410765658 9.15567555 6.40639516 6.6891923 30.8048689 40.0780585 61.6097379 92.4146068
0.0412327505 1.26666592 6.40918172 6.68429974 30.7823379 40.0487449 61.5646758 92.3470137
0.0413889351 1.66077049 6.41196828 6.679396 30.7597553 40.0193643 61.5195106 92.2792659
0.0415451198 8.15188016 6.42569446 6.67448113 30.7371215 39.989917 61.474243 92.2113645
0.0417013045 12.0844112 6.43942065 6.6695552 30.7144367 39.9604035 61.4288735 92.1433102
0.0418574891 9.24607918 6.45221964 6.66461827 30.6917014 39.9308241 61.3834028 92.0751041
0.0420136738 5.11920092 6.46501864 6.65967043 30.6689157 39.9011793 61.3378314 92.0067471
0.0421698584 6.75583091 6.47707592 6.65471173 30.64608 39.8714694 61.2921601 91.9382401
0.0423260431 13.2666486 6.4891332 6.64974224 30.6231947 39.8416949 61.2463894 91.8695841
0.0424822278 18.1948864 6.47707592 6.64476202 30.60026 39.8118561 61.2005199 91.8007799
0.0426384124 19.9155871 6.46501864 6.63977115 30.5772761 39.7819535 61.1545523 91.7318284
0.0427945971 21.9937409 6.47707592 6.63476969 30.5542436 39.7519874 61.1084872 91.6627307
0.0429507817 24.8500294 6.4891332 6.62975771 30.5311625 39.7219583 61.0623251 91.5934876
0.0431069664 22.9130601 6.52356566 6.62473527 30.5080334 39.6918665 61.0160667 91.5241001
0.0432631511 14.0755385 6.55799811 6.61970245 30.4848564 39.6617125 60.9697127 91.4545691
0.0434193357 7.30572389 6.56188971 6.6146593 30.4616318 39.6314967 60.9232636 91.3848954
0.0435755204 11.8796973 6.56578131 6.6096059 30.43836 39.6012194 60.87672 91.3150801
0.043731705 23.966049 6.56899909 6.60454231 30.4150413 39.5708811 60.8300827 91.245124
0.0438878897 29.1945647 6.56578131 6.5994686 30.391676 39.5404821 60.783352 91.1750281
0.0440440744 20.8081904 6.56188971 6.59438483 30.3682644 39.5100229 60.7365288 91.1047932
0.044200259 8.59714973 6.56578131 6.58929107 30.3448068 39.4795039 60.6896136 91.0344204
0.0443564437 6.07192175 6.56899909 6.5841874 30.3213035 39.4489254 60.642607 90.9639105
0.0445126284 14.0233437 6.56578131 6.57907386 30.2977548 39.4182878 60.5955096 90.8932644
0.044668813 20.8093532 6.56188971 6.57395054 30.274161 39.3875916 60.5483221 90.8224831
0.0448249977 17.5535881 6.56578131 6.5688175 30.2505225 39.3568372 60.501045 90.7515675
0.0449811823 7.67888799 6.56899909 6.5636748 30.2268395 39.3260249 60.453679 90.6805185
0.045137367 0.721193104 6.57221686 6.55852251 30.2031123 39.2951551 60.4062247 90.609337
0.0452935517 0.946091156 6.56899909 6.5533607 30.1793413 39.2642283 60.3586826 90.5380239
0.0454497363 4.87085254 6.56578131 6.54818943 30.1555267 39.2332448 60.3110535 90.4665802
0.045605921 6.78283517 6.56188971 6.54300877 30.1316689 39.2022051 60.2633378 90.3950068
0.0457621056 4.93034213 6.55799811 6.53781879 30.1077682 39.1711095 60.2155363 90.3233045
0.0459182903 2.00894893 6.52356566 6.53261954 30.0838248 39.1399584 60.1676495 90.2514743
0.046074475 1.13381454 6.4891332 6.52741111 30.059839 39.1087522 60.119678 90.179517
0.0462306596 3.09805769 6.47707592 6.52219354 30.0358112 39.0774914 60.0716225 90.1074337
0.0463868443 6.43942065 6.46501864 6.51696692 30.0117418 39.0461762 60.0234835 90.0352253
0.0465430289 8.72275122 6.45221964 6.5117313 29.9876308 39.0148072 59.9752617 89.9628925
0.0466992136 8.12605362 6.43942065 6.50648675 29.9634788 38.9833847 59.9269576 89.8904364
0.0468553983 4.748155 6.42569446 6.50123334 29.9392859 38.951909 59.8785719 89.8178578
0.0470115829 1.04700389 6.41196828 6.49597112 29.9150525 38.9203807 59.8301051 89.7451576
0.0471677676 0.211665239 6.40918172 6.49070018 29.890779 38.8888 59.7815579 89.6723369
0.0473239522 3.34057016 6.40639516 6.48542057 29.8664654 38.8571674 59.7329309 89.5993963
0.0474801369 7.89008628 6.39054365 6.48013235 29.8421123 38.8254833 59.6842246 89.526337
0.0476363216 9.92761738 6.37469215 6.4748356 29.8177199 38.793748 59.6354398 89.4531597
0.0477925062 7.71529464 6.36321416 6.46953038 29.7932884 38.7619619 59.5865769 89.3798653
0.0479486909 3.04456575 6.35173617 6.46421676 29.7688183 38.7301255 59.5376366 89.3064548
0.0481048756 0.158939543 6.35017749 6.45889479 29.7443097 38.6982391 59.4886194 89.2329291
0.0482610602 1.7034187 6.34861881 6.45356454 29.719763 38.6663032 59.439526 89.1592891
0.0484172449 6.20559916 6.34847589 6.44822609 29.6951785 38.634318 59.390357 89.0855356
0.0485734295 9.34172787 6.34833297 6.44287948 29.6705565 38.602284 59.341113 89.0116695
0.0487296142 8.309905 6.34439114 6.4375248 29.6458973 38.5702016 59.2917945 88.9376918
0.0488857989 5.58817958 6.34044932 6.4321621 29.6212011 38.5380712 59.2424022 88.8636033
0.0490419835 5.44789782 6.32236075 6.42679144 29.5964683 38.5058931 59.1929367 88.789405
0.0491981682 8.03595378 6.30427218 6.4214129 29.5716992 38.4736677 59.1433985 88.7150977
0.0493543528 9.59685237 6.30311575 6.41602653 29.5468941 38.4413955 59.0937882 88.6406823
0.0495105375 9.33605173 6.30195933 6.41063241 29.5220532 38.4090768 59.0441065 88.5661597
0.0496667222 12.2713814 6.30311575 6.40523058 29.4971769 38.376712 58.9943538 88.4915308
0.0498229068 20.8042373 6.30427218 6.39982113 29.4722655 38.3443014 58.9445309 88.4167964
0.0499790915 28.1462413 6.32236075 6.39440411 29.4473192 38.3118455 58.8946383 88.3419575
0.0501352761 25.3335503 6.30427218 6.38897959 29.4223383 38.2793447 58.8446766 88.267015
0.0502914608 13.9460561 6.32236075 6.38354763 29.3973232 38.2467993 58.7946464 88.1919696
0.0504476455 5.73532699 6.34044932 6.37810829 29.3722741 38.2142097 58.7445482 88.1168224
0.0506038301 8.24272797 6.32236075 6.37266163 29.3471914 38.1815763 58.6943827 88.0415741
0.0507600148 14.926447 6.30427218 6.36720773 29.3220752 38.1488994 58.6441505 87.9662257
0.0509161994 14.7840665 6.32236075 6.36174665 29.296926 38.1161795 58.593852 87.890778
0.0510723841 7.78489236 6.34044932 6.35627844 29.271744 38.0834169 58.5434879 87.8152319
0.0512285688 3.82208547 6.34439114 6.35080317 29.2465294 38.0506121 58.4930589 87.7395883
0.0513847534 9.24362664 6.34833297 6.34532091 29.2212827 38.0177653 58.4425654 87.663848
0.0515409381 18.636669 6.34847589 6.33983172 29.196004 37.984877 58.392008 87.588012
0.0516971228 22.7668143 6.34861881 6.33433565 29.1706937 37.9519475 58.3413874 87.512081
0.0518533074 19.1266184 6.35017749 6.32883278 29.145352 37.9189772 58.290704 87.436056
0.0520094921 13.4570754 6.35173617 6.32332316 29.1199793 37.8859665 58.2399586 87.3599378
0.0521656767 11.3999009 6.36321416 6.31780686 29.0945758 37.8529158 58.1891515 87.2837273
0.0523218614 12.9213036 6.37469215 6.31228393 29.0691418 37.8198254 58.1382836 87.2074253
0.0524780461 13.956908 6.36321416 6.30675446 29.0436776 37.7866957 58.0873552 87.1310328
0.0526342307 11.3172761 6.37469215 6.30121848 29.0181835 37.7535271 58.036367 87.0545505
0.0527904154 5.94944516 6.39054365 6.29567607 28.9926598 37.72032 57.9853195 86.9779793
0.0529466 1.56683825 6.37469215 6.29012729 28.9671067 37.6870747 57.9342134 86.90132
0.0531027847 1.10915611 6.36321416 6.2845722 28.9415245 37.6537916 57.8830491 86.8245736
0.0532589694 3.52727319 6.35173617 6.27901087 28.9159136 37.620471 57.8318273 86.7477409
0.053415154 4.90568686 6.35017749 6.27344334 28.8902742 37.5871134 57.7805485 86.6708227
0.0535713387 3.12256135 6.34861881 6.26786969 28.8646066 37.553719 57.7292133 86.5938199
0.0537275233 0.619484386 6.34847589 6.26228998 28.8389111 37.5202884 57.6778222 86.5167333
0.053883708 1.20831714 6.34833297 6.25670426 28.8131879 37.4868218 57.6263758 86.4395638
0.0540398927 4.69434608 6.34439114 6.2511126 28.7874374 37.4533195 57.5748748 86.3623121
0.0541960773 6.57221686 6.34044932 6.24551506 28.7616598 37.4197821 57.5233195 86.2849793
0.054352262 4.16231829 6.32236075 6.2399117 28.7358553 37.3862097 57.4717107 86.207566
0.0545084467 1.03695151 6.30427218 6.23430258 28.7100244 37.3526029 57.4200488 86.1300731
0.0546646313 2.5472667 6.30311575 6.22868776 28.6841672 37.3189619 57.3683344 86.0525016
0.054820816 8.34906367 6.30195933 6.22306731 28.658284 37.2852871 57.3165681 85.9748521
0.0549770006 12.4472986 6.3012497 6.21744127 28.6323752 37.251579 57.2647504 85.8971255
0.0551331853 11.5468507 6.30054007 6.21180972 28.6064409 37.2178377 57.2128818 85.8193227
0.05528937 9.26925406 6.29342873 6.20617271 28.5804815 37.1840637 57.160963 85.7414445
0.0554455546 10.6533492 6.2863174 6.2005303 28.5544973 37.1502574 57.1089945 85.6634918
0.0556017393 15.1833835 6.27264455 6.19488255 28.5284884 37.1164191 57.0569768 85.5854652
0.0557579239 18.5674366 6.2589717 6.18922952 28.5024553 37.0825492 57.0049105 85.5073658
0.0559141086 18.7435412 6.25364389 6.18357127 28.4763981 37.048648 56.9527961 85.4291942
0.0560702933 17.3450793 6.24831609 6.17790786 28.4503171 37.0147159 56.9006342 85.3509513
0.0562264779 16.9072967 6.23741222 6.17223935 28.4242126 36.9807532 56.8484253 85.2726379
0.0563826626 19.8021084 6.22650834 6.1665658 28.398085 36.9467604 56.7961699 85.1942549
0.0565388472 29.5415411 6.22088275 6.16088726 28.3719343 36.9127376 56.7438687 85.115803
0.0566950319 44.696728 6.21525717 6.1552038 28.345761 36.8786854 56.6915221 85.0372831
0.0568512166 54.6082642 6.21042816 6.14951547 28.3195653 36.8446039 56.6391306 84.958696
0.0570074012 46.9402118 6.20559916 6.14382234 28.2933475 36.8104937 56.5866949 84.8800424
0.0571635859 23.8786701 6.16657047 6.13812446 28.2671077 36.7763551 56.5342155 84.8013232
0.0573197705 4.92902722 6.12754178 6.13242188 28.2408464 36.7421883 56.4816928 84.7225392
0.0574759552 6.4891332 6.10305708 6.12671467 28.2145637 36.7079937 56.4291275 84.6436912
0.0576321399 23.1878466 6.07857239 6.12100288 28.18826 36.6737718 56.37652 84.56478
0.0577883245 35.2299923 6.07524707 6.11528658 28.1619354 36.6395228 56.3238709 84.4858063
0.0579445092 31.4405852 6.07192175 6.10956582 28.1355904 36.605247 56.2711807 84.4067711
0.0581006939 18.6158552 6.07089405 6.10384065 28.109225 36.5709449 56.21845 84.327675
0.0582568785 8.9169909 6.06986635 6.09811114 28.0828396 36.5366167 56.1656792 84.2485188
0.0584130632 5.70873949 6.06131667 6.09237734 28.0564345 36.5022628 56.112869 84.1693035
0.0585692478 4.79777503 6.05276699 6.08663931 28.0300099 36.4678836 56.0600197 84.0900296
0.0587254325 3.82344726 6.03620727 6.0808971 28.003566 36.4334794 56.007132 84.0106981
0.0588816172 5.23548579 6.01964755 6.07515077 27.9771032 36.3990505 55.9542064 83.9313096
0.0590378018 10.7654358 5.99563752 6.06940038 27.9506217 36.3645972 55.9012434 83.8518651
0.0591939865 17.1560312 5.97162749 6.06364599 27.9241217 36.33012 55.8482435 83.7723652
0.0593501711 18.6722901 5.96053633 6.05788765 27.8976036 36.2956191 55.7952072 83.6928107
0.0595063558 13.0763461 5.94944516 6.05212541 27.8710675 36.2610948 55.742135 83.6132025
0.0596625405 5.3912088 5.93844917 6.04635933 27.8445137 36.2265476 55.6890275 83.5335412
0.0598187251 3.74749575 5.92745317 6.04058948 27.8179426 36.1919777 55.6358851 83.4538277
0.0599749098 10.2846112 5.8950308 6.03481589 27.7913542 36.1573855 55.5827085 83.3740627
0.0601310944 18.1169772 5.86260842 6.02903864 27.764749 36.1227713 55.529498 83.294247
0.0602872791 18.8049885 5.85587239 6.02325777 27.7381271 36.0881354 55.4762542 83.2143813
0.0604434638 12.5830579 5.86260842 6.01747334 27.7114888 36.0534782 55.4229776 83.1344664
0.0605996484 7.15969088 5.8950308 6.0116854 27.6848344 36.0187999 55.3696687 83.0545031
0.0607558331 7.34345362 5.92745317 6.00589401 27.658164 35.984101 55.3163281 82.9744921
0.0609120177 9.89208256 5.93844917 6.00009922 27.6314781 35.9493818 55.2629561 82.8944342
0.0610682024 9.45200439 5.94944516 5.99430109 27.6047767 35.9146425 55.2095534 82.8143301
0.0612243871 6.05276699 5.96053633 5.98849968 27.5780602 35.8798835 55.1561203 82.7341805
0.0613805717 3.53095323 5.97162749 5.98269503 27.5513288 35.8451051 55.1026575 82.6539863
0.0615367564 3.44839612 5.99563752 5.97688719 27.5245827 35.8103077 55.0491654 82.5737481
0.0616929411 3.65713673 6.01964755 5.97107624 27.4978223 35.7754916 54.9956445 82.4934668
0.0618491257 2.4697086 6.03620727 5.9652622 27.4710477 35.740657 54.9420953 82.413143
0.0620053104 0.905935927 6.05276699 5.95944515 27.4442591 35.7058043 54.8885183 82.3327774
0.062161495 0.445984777 6.06131667 5.95362513 27.417457 35.6709339 54.8349139 82.2523709
0.0623176797 0.848998919 6.06986635 5.9478022 27.3906414 35.636046 54.7812827 82.1719241
0.0624738644 1.00785312 6.07089405 5.94197641 27.3638126 35.601141 54.7276252 82.0914378
0.062630049 0.659063717 6.07192175 5.93614781 27.3369709 35.5662191 54.6739418 82.0109127
0.0627862337 0.317971449 6.07524707 5.93031645 27.3101165 35.5312808 54.620233 81.9303496
0.0629424183 0.239516597 6.07857239 5.92448239 27.2832497 35.4963262 54.5664994 81.8497491
0.063098603 0.189211662 6.10305708 5.91864568 27.2563706 35.4613558 54.5127413 81.7691119
0.0632547877 0.0623539799 6.12754178 5.91280638 27.2294796 35.4263698 54.4589593 81.6884389
0.0634109723 0.123500406 6.16657047 5.90696452 27.2025769 35.3913685 54.4051538 81.6077307
0.063567157 0.510944326 6.20559916 5.90112017 27.1756627 35.3563523 54.3513253 81.526988
0.0637233416 0.855698598 6.21042816 5.89527337 27.1487372 35.3213214 54.2974744 81.4462115
0.0638795263 0.81315615 6.21525717 5.88942419 27.1218007 35.2862762 54.2436013 81.365402
0.064035711 0.782661951 6.22088275 5.88357266 27.0948534 35.251217 54.1897068 81.2845602
0.0641918956 1.37249281 6.22650834 5.87771884 27.0678956 35.216144 54.1357911 81.2036867
0.0643480803 2.18914613 6.23741222 5.87186278 27.0409274 35.1810577 54.0818548 81.1227822
0.0645042649 2.10736075 6.24831609 5.86600453 27.0139492 35.1459582 54.0278984 81.0418475
0.0646604496 1.11339687 6.23741222 5.86014415 26.9869611 35.1108459 53.9739222 80.9608833
0.0648166343 0.64353843 6.22650834 5.85428167 26.9599634 35.0757211 53.9199268 80.8798902
0.0649728189 1.29396088 6.22088275 5.84841716 26.9329563 35.0405841 53.8659127 80.798869
0.0651290036 1.77911413 6.21525717 5.84255066 26.9059401 35.0054351 53.8118802 80.7178203
0.0652851883 1.47079589 6.21042816 5.83668222 26.8789149 34.9702746 53.7578299 80.6367448
0.0654413729 2.00096286 6.20559916 5.83081189 26.8518811 34.9351027 53.7037622 80.5556433
0.0655975576 4.40507783 6.16657047 5.82493972 26.8248388 34.8999199 53.6496775 80.4745163
0.0657537422 6.40639516 6.12754178 5.81906577 26.7977882 34.8647262 53.5955764 80.3933646
0.0659099269 5.38778044 6.10305708 5.81319007 26.7707296 34.8295222 53.5414592 80.3121888
0.0660661116 2.6762295 6.07857239 5.80731268 26.7436632 34.794308 53.4873264 80.2309896
0.0662222962 1.74572944 6.07524707 5.80143365 26.7165893 34.759084 53.4331785 80.1497678
0.0663784809 2.69988921 6.07192175 5.79555302 26.689508 34.7238504 53.3790159 80.0685239
0.0665346655 2.7377433 6.07089405 5.78967084 26.6624195 34.6886076 53.3248391 79.9872586
0.0666908502 1.57631102 6.06986635 5.78378717 26.6353242 34.6533558 53.2706484 79.9059727
0.0668470349 1.80783656 6.06131667 5.77790204 26.6082222 34.6180952 53.2164444 79.8246667
0.0670032195 3.30883288 6.05276699 5.77201552 26.5811138 34.5828263 53.1622275 79.7433413
0.0671594042 2.78210994 6.03620727 5.76612763 26.5539991 34.5475493 53.1079981 79.6619972
0.0673155888 0.563744425 6.01964755 5.76023844 26.5268783 34.5122644 53.0537567 79.580635
0.0674717735 2.15662344 5.99563752 5.75434799 26.4997518 34.476972 52.9995036 79.4992554
0.0676279582 9.17223974 5.97162749 5.74845633 26.4726197 34.4416723 52.9452394 79.4178591
0.0677841428 14.1263617 5.96053633 5.7425635 26.4454822 34.4063656 52.8909644 79.3364466
0.0679403275 10.3880055 5.94944516 5.73666955 26.4183396 34.3710522 52.8366792 79.2550187
0.0680965121 2.59194869 5.93844917 5.73077453 26.391192 34.3357324 52.782384 79.173576
0.0682526968 0.28395988 5.92745317 5.72487848 26.3640397 34.3004064 52.7280794 79.092119
0.0684088815 4.09376181 5.8950308 5.71898145 26.3368829 34.2650746 52.6737657 79.0106486
0.0685650661 5.92745317 5.86260842 5.71308348 26.3097217 34.2297371 52.6194434 78.9291652
0.0687212508 2.67807884 5.85587239 5.70718463 26.2825565 34.1943944 52.565113 78.8476695
0.0688774355 1.00630031 5.84913637 5.70128493 26.2553874 34.1590465 52.5107748 78.7661622
0.0690336201 5.84778962 5.84846299 5.69538444 26.2282146 34.1236939 52.4564292 78.6846438
0.0691898048 11.8592234 5.84778962 5.68948319 26.2010384 34.0883368 52.4020767 78.6031151
0.0693459894 11.1054637 5.84539389 5.68358124 26.1738589 34.0529755 52.3477177 78.5215766
0.0695021741 4.76404994 5.84299816 5.67767862 26.1466763 34.0176102 52.2933526 78.4400289
0.0696583588 0.63088268 5.84539389 5.67177539 26.1194909 33.9822412 52.2389818 78.3584728
0.0698145434 2.00172934 5.84778962 5.66587158 26.0923029 33.9468687 52.1846058 78.2769086
0.0699707281 5.09834771 5.84846299 5.65996725 26.0651124 33.9114931 52.1302248 78.1953372
0.0701269127 6.12754178 5.84913637 5.65406243 26.0379197 33.8761146 52.0758394 78.1137591
0.0702830974 5.61922686 5.85587239 5.64815716 26.010725 33.8407334 52.02145 78.0321749
0.0704392821 5.30860579 5.86260842 5.64225151 25.9835284 33.8053499 51.9670568 77.9505853
0.0705954667 4.71742418 5.8950308 5.6363455 25.9563302 33.7699642 51.9126605 77.8689907
0.0707516514 2.98175465 5.92745317 5.63043918 25.9291306 33.7345767 51.8582613 77.7873919
0.070907836 1.11465844 5.93844917 5.62453259 25.9019298 33.6991876 51.8038596 77.7057894
0.0710640207 0.410412083 5.94944516 5.61862578 25.8747279 33.6637972 51.7494559 77.6241838
0.0712202054 0.584588646 5.96053633 5.61271879 25.8475252 33.6284056 51.6950505 77.5425757
0.07137639 0.605264834 5.97162749 5.60681166 25.8203219 33.5930133 51.6406438 77.4609657
0.0715325747 0.304376419 5.99563752 5.60090444 25.7931181 33.5576204 51.5862363 77.3793544
0.0716887593 0.113984955 6.01964755 5.59499716 25.7659141 33.5222271 51.5318282 77.2977424
0.071844944 0.0940987485 6.03620727 5.58908988 25.7387101 33.4868338 51.4774201 77.2161302
0.0720011287 0.400355103 6.01964755 5.58318262 25.7115061 33.4514407 51.4230123 77.1345184
0.0721573133 1.77128718 6.03620727 5.57727544 25.6843026 33.4160481 51.3686051 77.0529077
0.072313498 4.37549799 6.05276699 5.57136837 25.6570995 33.3806561 51.314199 76.9712986
0.0724696827 6.78810509 6.06131667 5.56546146 25.6298972 33.345265 51.2597944 76.8896916
0.0726258673 7.32454444 6.06986635 5.55955475 25.6026958 33.3098752 51.2053915 76.8080873
0.072782052 6.30054007 6.07089405 5.55364827 25.5754955 33.2744867 51.1509909 76.7264864
0.0729382366 5.61660276 6.07192175 5.54774208 25.5482964 33.2391 51.0965928 76.6448893
0.0730944213 6.07857239 6.07524707 5.5418362 25.5210989 33.2037151 51.0421977 76.5632966
0.073250606 6.46501864 6.07192175 5.53593069 25.493903 33.1683325 50.9878059 76.4817089
0.0734067906 5.48974663 6.07089405 5.53002558 25.4667089 33.1329522 50.9334178 76.4001267
0.0735629753 4.06474426 6.06986635 5.5241209 25.4395169 33.0975745 50.8790338 76.3185507
0.0737191599 4.2394893 6.07089405 5.51821671 25.4123271 33.0621998 50.8246542 76.2369813
0.0738753446 6.41196828 6.07192175 5.51231304 25.3851397 33.0268282 50.7702794 76.155419
0.0740315293 8.54822004 6.07089405 5.50640993 25.3579549 32.9914599 50.7159097 76.0738646
0.0741877139 8.4874506 6.06986635 5.50050743 25.3307728 32.9560952 50.6615456 75.9923184
0.0743438986 6.2863174 6.06131667 5.49460556 25.3035937 32.9207344 50.6071874 75.9107811
0.0745000832 3.70252455 6.05276699 5.48870436 25.2764177 32.8853776 50.5528354 75.8292531
0.0746562679 2.12452336 6.03620727 5.48280389 25.249245 32.8500251 50.49849 75.747735
0.0748124526 1.55796417 6.01964755 5.47690417 25.2220758 32.8146772 50.4441516 75.6662274
0.0749686372 1.48107453 5.99563752 5.47100525 25.1949103 32.779334 50.3898205 75.5847308
0.0751248219 1.77980997 5.97162749 5.46510716 25.1677485 32.7439958 50.3354971 75.5032456
0.0752810065 2.61765611 5.96053633 5.45920994 25.1405908 32.7086628 50.2811817 75.4217725
0.0754371912 3.80284295 5.94944516 5.45331363 25.1134373 32.6733353 50.2268747 75.340312
0.0755933759 4.74360652 5.92745317 5.44741826 25.0862882 32.6380134 50.1725763 75.2588645
0.0757495605 5.09686136 5.86260842 5.44152388 25.0591436 32.6026974 50.1182871 75.1774307
0.0759057452 5.33348438 5.84913637 5.43563053 25.0320036 32.5673876 50.0640073 75.0960109
0.0760619299 6.56578131 5.84778962 5.42973823 25.0048686 32.5320841 50.0097372 75.0146058
0.0762181145 9.04398202 5.84299816 5.42384702 24.9777386 32.4967872 49.9554772 74.9332158
0.0763742992 10.7566732 5.77698123 5.41795695 24.9506138 32.461497 49.9012277 74.8518415
0.0765304838 9.22219516 5.77656879 5.41206805 24.9234944 32.4262139 49.8469889 74.7704833
0.0766866685 4.90232915 5.73532699 5.40618036 24.8963806 32.390938 49.7927612 74.6891419
0.0768428532 1.92651424 5.70873949 5.40029391 24.8692725 32.3556695 49.738545 74.6078175
0.0769990378 4.14480277 5.69216603 5.39440874 24.8421703 32.3204087 49.6843406 74.5265109
0.0771552225 10.188076 5.64181722 5.38852488 24.8150741 32.2851558 49.6301482 74.4452224
0.0773114071 14.774663 5.61922686 5.38264237 24.7879842 32.2499109 49.5759684 74.3639525
0.0774675918 14.8509709 5.61922686 5.37676125 24.7609006 32.2146744 49.5218012 74.2827019
0.0776237765 12.8681067 5.61922686 5.37088155 24.7338236 32.1794464 49.4676472 74.2014708
0.0777799611 12.4888662 5.61660276 5.36500331 24.7067533 32.1442271 49.4135066 74.1202599
0.0779361458 13.6485021 5.60360958 5.35912656 24.6796899 32.1090168 49.3593797 74.0390696
0.0780923304 13.9273748 5.58817958 5.35325134 24.6526335 32.0738156 49.3052669 73.9579004
0.0782485151 12.9230241 5.60360958 5.34737768 24.6255843 32.0386238 49.2511685 73.8767528
0.0784046998 13.3137266 5.60360958 5.34150561 24.5985424 32.0034415 49.1970848 73.7956272
0.0785608844 16.5852298 5.60360958 5.33563518 24.5715081 31.968269 49.1430161 73.7145242
0.0787170691 21.261681 5.60360958 5.32976641 24.5444814 31.9331065 49.0889627 73.6334441
0.0788732537 24.819184 5.60360958 5.32389934 24.5174625 31.8979541 49.034925 73.5523875
0.0790294384 26.3648375 5.61660276 5.318034 24.4904516 31.8628122 48.9809033 73.4713549
0.0791856231 26.1230814 5.61922686 5.31217043 24.4634489 31.8276808 48.9268978 73.3903467
0.0793418077 23.2931851 5.61922686 5.30630866 24.4364544 31.7925602 48.8729089 73.3093633
0.0794979924 18.2252329 5.61922686 5.30044872 24.4094684 31.7574506 48.8189369 73.2284053
0.0796541771 13.785274 5.64181722 5.29459065 24.382491 31.7223522 48.764982 73.147473
0.0798103617 12.5978384 5.69216603 5.28873448 24.3555223 31.6872651 48.7110447 73.066567
0.0799665464 13.6127036 5.70873949 5.28288024 24.3285626 31.6521897 48.6571251 72.9856877
0.080122731 13.7067109 5.70873949 5.27702796 24.3016118 31.617126 48.6032237 72.9048355
0.0802789157 12.3818775 5.70873949 5.27117768 24.2746703 31.5820742 48.5493406 72.824011
0.0804351004 12.5340446 5.73532699 5.26532944 24.2477381 31.5470346 48.4954763 72.7432144
0.080591285 15.573645 5.77656879 5.25948325 24.2208155 31.5120074 48.4416309 72.6624464
0.0807474697 18.9109616 5.77698123 5.25363916 24.1939024 31.4769927 48.3878048 72.5817072
0.0809036543 19.5945741 5.84299816 5.24779719 24.1669991 31.4419908 48.3339983 72.5009974
0.081059839 18.1842243 5.84778962 5.24195738 24.1401058 31.4070018 48.2802116 72.4203175
0.0812160237 17.7198399 5.86260842 5.23611975 24.1132226 31.3720259 48.2264452 72.3396677
0.0813722083 18.5810156 5.92745317 5.23028435 24.0863495 31.3370632 48.1726991 72.2590486
0.081528393 18.3689528 5.94944516 5.2244512 24.0594869 31.3021141 48.1189738 72.1784607
0.0816845776 15.9715394 5.97162749 5.21862032 24.0326347 31.2671787 48.0652695 72.0979042
0.0818407623 12.8501775 5.97162749 5.21279176 24.0057932 31.232257 48.0115864 72.0173797
0.081996947 10.5725072 6.01964755 5.20696555 23.9789625 31.1973495 47.957925 71.9368875
0.0821531316 8.92680626 6.05276699 5.2011417 23.9521427 31.1624561 47.9042854 71.8564281
0.0823093163 7.60902326 6.07192175 5.19532026 23.925334 31.1275772 47.850668 71.7760019
0.0824655009 7.25686953 6.07857239 5.18950125 23.8985365 31.0927128 47.7970729 71.6956094
0.0826216856 7.61418604 6.0891646 5.18368471 23.8717503 31.0578632 47.7435006 71.6152508
0.0827778703 6.824588 6.12754178 5.17787066 23.8449756 31.0230285 47.6899512 71.5349267
0.0829340549 4.06552218 6.19519569 5.17205913 23.8182125 30.9882089 47.636425 71.4546375
0.0830902396 1.36575927 6.20559916 5.16625015 23.7914612 30.9534046 47.5829223 71.3743835
0.0832464243 1.21178569 6.21525717 5.16044375 23.7647217 30.9186158 47.5294434 71.2941652
0.0834026089 3.11034694 6.22650834 5.15463997 23.7379943 30.8838426 47.4759886 71.2139829
0.0835587936 4.26545192 6.22650834 5.14883882 23.711279 30.8490852 47.422558 71.133837
0.0837149782 3.32911954 6.22650834 5.14304034 23.684576 30.8143438 47.369152 71.0537281
0.0838711629 1.65964173 6.22650834 5.13724455 23.6578854 30.7796186 47.3157709 70.9736563
0.0840273476 0.875456036 6.24831609 5.13145149 23.6312074 30.7449097 47.2624148 70.8936222
0.0841835322 0.826904989 6.2589717 5.12566118 23.604542 30.7102172 47.2090841 70.8136261
0.0843397169 0.538398406 6.2589717 5.11987365 23.5778895 30.6755415 47.155779 70.7336685
0.0844959015 0.0637624616 6.2589717 5.11408893 23.5512499 30.6408825 47.1024997 70.6537496
0.0846520862 0.375731997 6.2589717 5.10830705 23.5246233 30.6062406 47.0492466 70.5738699
0.0848082709 1.57623394 6.2589717 5.10252802 23.4980099 30.5716158 46.9960199 70.4940298
0.0849644555 2.33348617 6.2589717 5.09675189 23.4714099 30.5370083 46.9428197 70.4142296
0.0851206402 1.74114532 6.2589717 5.09097868 23.4448232 30.5024183 46.8896465 70.3344697
0.0852768248 0.996083345 6.2589717 5.08520841 23.4182502 30.4678459 46.8365003 70.2547505
0.0854330095 1.96239778 6.2589717 5.07944111 23.3916908 30.4332914 46.7833816 70.1750723
0.0855891942 4.12608613 6.24831609 5.07367682 23.3651452 30.3987548 46.7302904 70.0954356
0.0857453788 4.96302905 6.22650834 5.06791554 23.3386136 30.3642363 46.6772271 70.0158407
0.0859015635 4.12938696 6.22650834 5.06215732 23.312096 30.3297361 46.6241919 69.9362879
0.0860577481 5.06617826 6.22650834 5.05640218 23.2855925 30.2952544 46.5711851 69.8567776
0.0862139328 9.97651421 6.21525717 5.05065013 23.2591034 30.2607912 46.5182068 69.7773102
0.0863701175 15.0137583 6.20559916 5.04490122 23.2326287 30.2263468 46.4652574 69.6978861
0.0865263021 14.2040658 6.19519569 5.03915546 23.2061685 30.1919213 46.412337 69.6185055
0.0866824868 7.61174989 6.19519569 5.03341289 23.179723 30.1575149 46.3594459 69.5391689
0.0868386715 1.87754167 6.19519569 5.02767352 23.1532922 30.1231276 46.3065844 69.4598766
0.0869948561 1.52652692 6.12754178 5.02193738 23.1268763 30.0887598 46.2537526 69.3806289
0.0871510408 4.0419239 6.10713912 5.01620449 23.1004754 30.0544114 46.2009508 69.3014262
0.0873072254 5.07294885 6.0891646 5.01047489 23.0740896 30.0200827 46.1481792 69.2222688
0.0874634101 4.34618304 6.0891646 5.0047486 23.047719 29.9857738 46.095438 69.1431571
0.0876195948 3.76527479 6.0891646 4.99902563 23.0213638 29.9514848 46.0427276 69.0640914
0.0877757794 3.09809492 6.07857239 4.99330602 22.995024 29.917216 45.990048 68.985072
0.0879319641 1.87016683 6.07255712 4.98758979 22.9686998 29.8829674 45.9373996 68.9060994
0.0880881487 2.32884324 6.07192175 4.98187696 22.9423912 29.8487392 45.8847825 68.8271737
0.0882443334 5.97162749 6.05276699 4.97616756 22.9160985 29.8145315 45.832197 68.7482954
0.0884005181 9.14476787 6.0267881 4.97046161 22.8898216 29.7803445 45.7796432 68.6694648
0.0885567027 7.13836479 6.01964755 4.96475913 22.8635607 29.7461783 45.7271215 68.5906822
0.0887128874 2.03102284 5.97162749 4.95906016 22.837316 29.7120331 45.674632 68.5119479
0.088869072 0.934927313 5.94944516 4.9533647 22.8110874 29.677909 45.6221749 68.4332623
0.0890252567 5.77656879 5.94944516 4.94767279 22.7848752 29.6438061 45.5697504 68.3546256
0.0891814414 10.3200303 5.94944516 4.94198444 22.7586794 29.6097246 45.5173588 68.2760383
0.089337626 8.91988432 5.94944516 4.93629969 22.7325002 29.5756646 45.4650003 68.1975005
0.0894938107 3.66781214 5.92745317 4.93061855 22.7063376 29.5416263 45.4126751 68.1190127
0.0896499954 0.36534513 5.86260842 4.92494105 22.6801917 29.5076097 45.3603834 68.0405751
0.08980618 0.986601757 5.84778962 4.9192672 22.6540627 29.473615 45.3081253 67.962188
0.0899623647 2.98597055 5.84299816 4.91359704 22.6279506 29.4396425 45.2559012 67.8838518
0.0901185493 4.08544734 5.84299816 4.90793058 22.6018556 29.405692 45.2037111 67.8055667
0.090274734 4.49810093 5.84299816 4.90226784 22.5757777 29.371764 45.1515554 67.7273331
0.0904309187 4.95892973 5.84299816 4.89660885 22.5497171 29.3378583 45.0994342 67.6491512
0.0905871033 5.05427671 5.84299816 4.89095362 22.5236738 29.3039752 45.0473476 67.5710214
0.090743288 3.85014033 5.84299816 4.88530219 22.497648 29.2701149 44.995296 67.492944
0.0908994726 1.51533775 5.84299816 4.87965457 22.4716397 29.2362774 44.9432795 67.4149192
0.0910556573 0.121831143 5.84299816 4.87401078 22.4456491 29.2024628 44.8912982 67.3369474
0.091211842 2.29532529 5.77698123 4.86837084 22.4196763 29.1686713 44.8393525 67.2590288
0.0913680266 7.85260727 5.77656879 4.86273478 22.3937212 29.134903 44.7874424 67.1811637
0.0915242113 12.2383861 5.73532699 4.85710261 22.3677841 29.1011581 44.7355683 67.1033524
0.0916803959 11.8253036 5.70873949 4.85147436 22.3418651 29.0674366 44.6837301 67.0255952
0.0918365806 9.64189186 5.69216603 4.84585004 22.3159641 29.0337387 44.6319283 66.9478924
0.0919927653 11.9923168 5.69216603 4.84022968 22.2900814 29.0000645 44.5801628 66.8702442
0.0921489499 18.9804378 5.64181722 4.8346133 22.264217 28.9664142 44.528434 66.792651
0.0923051346 22.4531495 5.61922686 4.82900091 22.238371 28.9327877 44.476742 66.715113
0.0924613192 16.8091724 5.61660276 4.82339254 22.2125435 28.8991854 44.425087 66.6376305
0.0926175039 7.53865632 5.60360958 4.8177882 22.1867346 28.8656072 44.3734692 66.5602038
0.0927736886 5.01793462 5.59530413 4.81218792 22.1609444 28.8320533 44.3218887 66.4828331
0.0929298732 11.3659068 5.59530413 4.80659172 22.1351729 28.7985239 44.2703458 66.4055187
0.0930860579 18.444764 5.59530413 4.80099961 22.1094203 28.765019 44.2188405 66.3282608
0.0932422426 18.555906 5.58817958 4.79541162 22.0836866 28.7315387 44.1673732 66.2510598
0.0933984272 12.8967616 5.58817958 4.78982775 22.057972 28.6980832 44.1159439 66.1739159
0.0935546119 8.53482079 5.58817958 4.78424804 22.0322764 28.6646525 44.0645529 66.0968293
0.0937107965 9.64601386 5.58817958 4.7786725 22.0066001 28.6312469 44.0132003 66.0198004
0.0938669812 13.8448945 5.58817958 4.77310115 21.9809431 28.5978663 43.9618862 65.9428293
0.0940231659 15.6578759 5.58817958 4.767534 21.9553055 28.564511 43.9106109 65.8659164
0.0941793505 12.7519367 5.58817958 4.76197108 21.9296873 28.5311809 43.8593745 65.7890618
0.0943355352 8.14175168 5.58817958 4.75641241 21.9040886 28.4978763 43.8081772 65.7122659
0.0944917198 6.69565221 5.59530413 4.750858 21.8785096 28.4645973 43.7570192 65.6355288
0.0946479045 9.42863555 5.59530413 4.74530786 21.8529503 28.4313438 43.7059006 65.5588509
0.0948040892 12.2009904 5.59530413 4.73976203 21.8274108 28.3981162 43.6548216 65.4822324
0.0949602738 10.893269 5.59530413 4.73422051 21.8018911 28.3649143 43.6037823 65.4056734
0.0951164585 6.58290382 5.59530413 4.72868332 21.7763915 28.3317385 43.5527829 65.3291744
0.0952726431 4.25016797 5.59530413 4.72315049 21.7509118 28.2985887 43.5018236 65.2527354
0.0954288278 6.2589717 5.58817958 4.71762202 21.7254523 28.2654651 43.4509045 65.1763568
0.0955850125 9.58784664 5.55942644 4.71209793 21.7000129 28.2323677 43.4000258 65.1000387
0.0957411971 9.96259351 5.55942644 4.70657825 21.6745938 28.1992967 43.3491876 65.0237815
0.0958973818 7.36671611 5.55942644 4.70106298 21.6491951 28.1662522 43.2983902 64.9475853
0.0960535664 6.87369058 5.55942644 4.69555215 21.6238168 28.1332342 43.2476336 64.8714503
0.0962097511 13.1882616 5.58817958 4.69004577 21.598459 28.100243 43.1969179 64.7953769
0.0963659358 24.0318499 5.58817958 4.68454386 21.5731217 28.0672785 43.1462435 64.7193652
0.0965221204 30.1752833 5.55942644 4.67904644 21.5478051 28.0343408 43.0956103 64.6434154
0.0966783051 24.8004771 5.55942644 4.67355351 21.5225093 28.0014302 43.0450186 64.5675279
0.0968344898 12.7212336 5.55942644 4.6680651 21.4972342 27.9685466 42.9944685 64.4917027
0.0969906744 7.61250816 5.55942644 4.66258122 21.47198 27.9356901 42.9439601 64.4159401
0.0971468591 17.3496587 5.55706261 4.65710189 21.4467468 27.9028609 42.8934936 64.3402404
0.0973030437 34.4494018 5.54213267 4.65162713 21.4215346 27.870059 42.8430691 64.2646037
0.0974592284 44.7068149 5.4904284 4.64615694 21.3963434 27.8372846 42.7926869 64.1890303
0.0976154131 42.753508 5.4904284 4.64069135 21.3711735 27.8045377 42.7423469 64.1135204
0.0977715977 35.5440037 5.54213267 4.63523037 21.3460247 27.7718184 42.6920494 64.0380741
0.0979277824 30.2936804 5.55706261 4.62977401 21.3208972 27.7391269 42.6417945 63.9626917
0.098083967 26.0225351 5.55706261 4.6243223 21.2957912 27.7064631 42.5915823 63.8873735
0.0982401517 19.3183094 5.54213267 4.61887523 21.2707065 27.6738272 42.541413 63.8121195
0.0983963364 11.8052451 5.4904284 4.61343284 21.2456434 27.6412193 42.4912867 63.7369301
0.098552521 8.66540064 5.48974663 4.60799513 21.2206018 27.6086395 42.4412036 63.6618054
0.0987087057 11.0629583 5.44789782 4.60256212 21.1955819 27.5760878 42.3911637 63.5867456
0.0988648903 14.5066588 5.44789782 4.59713383 21.1705836 27.5435643 42.3411673 63.5117509
0.099021075 14.6899402 5.44789782 4.59171026 21.1456072 27.5110692 42.2912144 63.4368215
0.0991772597 11.7903356 5.42195844 4.58629143 21.1206526 27.4786025 42.2413051 63.3619577
0.0993334443 9.21367962 5.42195844 4.58087736 21.0957198 27.4461643 42.1914397 63.2871595
0.099489629 9.822186 5.42195844 4.57546805 21.0708091 27.4137546 42.1416181 63.2124272
0.0996458136 13.5661748 5.3912088 4.57006353 21.0459203 27.3813736 42.0918407 63.137761
0.0998019983 17.5699259 5.38778044 4.56466381 21.0210537 27.3490214 42.0421074 63.063161
0.099958183 18.0605325 5.33348438 4.5592689 20.9962092 27.3166979 41.9924184 62.9886276
0.100114368 13.7639983 5.30860579 4.55387881 20.9713869 27.2844034 41.9427738 62.9141607
0.100270552 7.75646916 5.30860579 4.54849355 20.9465869 27.2521379 41.8931738 62.8397607
0.100426737 4.44754115 5.30860579 4.54311315 20.9218092 27.2199014 41.8436184 62.7654277
0.100582922 5.19227963 5.29848292 4.53773761 20.8970539 27.187694 41.7941079 62.6911618
0.100739106 7.26846617 5.23567104 4.53236694 20.8723211 27.1555159 41.7446422 62.6169633
0.100895291 7.58906109 5.23548579 4.52700117 20.8476108 27.123367 41.6952216 62.5428324
0.101051476 6.21525717 5.22807017 4.52164029 20.8229231 27.0912475 41.6458461 62.4687692
0.10120766 5.04388554 5.19227963 4.51628433 20.7982579 27.0591574 41.5965159 62.3947738
0.101363845 4.72386921 5.19227963 4.51093329 20.7736155 27.0270969 41.547231 62.3208466
0.10152003 4.00120635 5.19227963 4.5055872 20.7489958 26.995066 41.4979917 62.2469875
0.101676214 2.17119271 5.19227963 4.50024605 20.7243989 26.9630647 41.4487979 62.1731968
0.101832399 0.61002039 5.19142267 4.49490987 20.6998249 26.9310931 41.3996498 62.0994747
0.101988584 0.813422436 5.19142267 4.48957866 20.6752738 26.8991514 41.3505476 62.0258214
0.102144768 2.01839662 5.16420304 4.48425244 20.6507456 26.8672395 41.3014913 61.9522369
0.102300953 2.14820527 5.13959232 4.47893121 20.6262405 26.8353576 41.252481 61.8787215
0.102457138 1.04915027 5.13959232 4.473615 20.6017584 26.8035057 41.2035168 61.8052753
0.102613322 0.937812754 5.13959232 4.46830381 20.5772995 26.7716839 41.154599 61.7318984
0.102769507 2.88753774 5.13959232 4.46299765 20.5528637 26.7398922 41.1057274 61.6585911
0.102925692 4.58774972 5.13959232 4.45769653 20.5284512 26.7081307 41.0569023 61.5853535
0.103081876 3.41659445 5.13959232 4.45240047 20.5040619 26.6763996 41.0081238 61.5121857
0.103238061 0.754626055 5.13959232 4.44710948 20.479696 26.6446988 40.959392 61.439088
0.103394246 0.617839632 5.13959232 4.44182356 20.4553534 26.6130284 40.9107069 61.3660603
0.10355043 4.10619507 5.13959232 4.43654273 20.4310343 26.5813885 40.8620687 61.293103
0.103706615 7.43554311 5.13959232 4.431267 20.4067387 26.5497792 40.8134774 61.2202161
0.103862799 6.79822978 5.13959232 4.42599638 20.3824666 26.5182004 40.7649332 61.1473998
0.104018984 3.36396533 5.13959232 4.42073088 20.3582181 26.4866524 40.7164361 61.0746542
0.104175169 1.4663366 5.12637998 4.41547051 20.3339932 26.455135 40.6679863 61.0019795
0.104331353 3.03228104 5.12209311 4.41021528 20.3097919 26.4236485 40.6195839 60.9293758
0.104487538 5.69216603 5.11964425 4.4049652 20.2856144 26.3921929 40.5712289 60.8568433
0.104643723 6.34044932 5.11920092 4.39972029 20.2614607 26.3607681 40.5229214 60.7843821
0.104799907 4.62332931 5.09834771 4.39448054 20.2373308 26.3293744 40.4746615 60.7119923
0.104956092 2.53145825 5.09686136 4.38924597 20.2132247 26.2980116 40.4264494 60.6396741
0.105112277 1.66985184 5.07294885 4.3840166 20.1891425 26.26668 40.3782851 60.5674276
0.105268461 1.90367244 5.06617826 4.37879242 20.1650843 26.2353796 40.3301686 60.4952529
0.105424646 2.26531109 5.05427671 4.37357345 20.1410501 26.2041103 40.2821002 60.4231502
0.105580831 2.06375572 5.04388554 4.36835971 20.1170399 26.1728723 40.2340798 60.3511197
0.105737015 1.24480905 5.01793462 4.36315119 20.0930538 26.1416657 40.1861075 60.2791613
0.1058932 0.346686087 4.98207754 4.35794791 20.0690918 26.1104904 40.1381835 60.2072753
0.106049385 0.0713480729 4.97369335 4.35274987 20.0451539 26.0793465 40.0903079 60.1354618
0.106205569 0.489471839 4.96302905 4.34755709 20.0212403 26.0482342 40.0424806 60.0637209
0.106361754 0.772674644 4.96302905 4.34236958 19.9973509 26.0171534 39.9947018 59.9920528
0.106517939 0.381889123 4.96302905 4.33718734 19.9734858 25.9861042 39.9469716 59.9204575
0.106674123 0.359594688 4.95892973 4.33201038 19.949645 25.9550866 39.8992901 59.8489351
0.106830308 2.20149692 4.9423132 4.32683871 19.9258286 25.9241007 39.8516573 59.7774859
0.106986493 5.19142267 4.93198089 4.32167234 19.9020366 25.8931466 39.8040733 59.7061099
0.107142677 6.35173617 4.93034213 4.31651128 19.8782691 25.8622243 39.7565381 59.6348072
0.107298862 4.34018445 4.93034213 4.31135554 19.854526 25.8313339 39.709052 59.563578
0.107455047 1.70008176 4.93034213 4.30620512 19.8308074 25.8004753 39.6616148 59.4924223
0.107611231 1.54906677 4.93034213 4.30106003 19.8071134 25.7696487 39.6142268 59.4213403
0.107767416 3.22739665 4.92902722 4.29592028 19.783444 25.7388541 39.566888 59.350332
0.107923601 4.05966749 4.92640313 4.29078588 19.7597992 25.7080915 39.5195984 59.2793977
0.108079785 4.57723398 4.90568686 4.28565684 19.7361791 25.677361 39.4723582 59.2085373
0.10823597 7.93210636 4.90232915 4.28053316 19.7125837 25.6466627 39.4251674 59.1377511
0.108392155 13.3830668 4.90232915 4.27541485 19.689013 25.6159965 39.378026 59.0670391
0.108548339 14.7767291 4.90232915 4.27030193 19.6654671 25.5853626 39.3309342 58.9964013
0.108704524 9.35519744 4.90232915 4.26519438 19.641946 25.5547609 39.283892 58.925838
0.108860709 3.52607959 4.90232915 4.26009224 19.6184498 25.5241916 39.2368995 58.8553493
0.109016893 5.16420304 4.87085254 4.25499549 19.5949784 25.4936546 39.1899567 58.7849351
0.109173078 11.9858259 4.79777503 4.24990415 19.5715319 25.4631501 39.1430638 58.7145957
0.109329263 13.922509 4.77085411 4.24481823 19.5481104 25.4326779 39.0962207 58.6443311
0.109485447 7.5463307 4.76404994 4.23973773 19.5247138 25.4022383 39.0494276 58.5741413
0.109641632 1.78623269 4.76404994 4.23466266 19.5013422 25.3718312 39.0026844 58.5040266
0.109797817 5.64181722 4.76404994 4.22959302 19.4779957 25.3414566 38.9559914 58.433987
0.109954001 15.1516314 4.748155 4.22452883 19.4546742 25.3111147 38.9093484 58.3640226
0.110110186 18.46937 4.74360652 4.21947009 19.4313778 25.2808054 38.8627557 58.2941335
0.110266371 11.6539081 4.72386921 4.2144168 19.4081066 25.2505288 38.8162132 58.2243198
0.110422555 3.41486588 4.72218087 4.20936897 19.3848605 25.220285 38.769721 58.1545815
0.11057874 2.73404858 4.71742418 4.20432662 19.3616396 25.1900739 38.7232792 58.0849188
0.110734925 7.79349802 4.71742418 4.19928974 19.3384439 25.1598956 38.6768878 58.0153317
0.110891109 10.0380464 4.71742418 4.19425834 19.3152734 25.1297501 38.6305469 57.9458203
0.111047294 6.30195933 4.69434608 4.18923242 19.2921283 25.0996375 38.5842565 57.8763848
0.111203479 1.8498634 4.68651694 4.184212 19.2690084 25.0695579 38.5380167 57.8070251
0.111359663 1.79551684 4.68651694 4.17919708 19.2459138 25.0395112 38.4918276 57.7377414
0.111515848 4.32716499 4.68651694 4.17418767 19.2228446 25.0094974 38.4456892 57.6685338
0.111672033 4.48571979 4.68651694 4.16918376 19.1998008 24.9795167 38.3996015 57.5994023
0.111828217 1.74774605 4.69434608 4.16418537 19.1767823 24.949569 38.3535646 57.530347
0.111984402 0.0176674403 4.69434608 4.1591925 19.1537893 24.9196544 38.3075786 57.4613679
0.112140587 1.39357696 4.69434608 4.15420516 19.1308218 24.889773 38.2616435 57.3924653
0.112296771 3.37886627 4.69434608 4.14922336 19.1078797 24.8599246 38.2157594 57.3236391
0.112452956 3.0772042 4.69434608 4.14424709 19.0849631 24.8301095 38.1699262 57.2548894
0.112609141 1.15031493 4.69434608 4.13927636 19.0620721 24.8003276 38.1241442 57.1862162
0.112765325 0.0509923409 4.69434608 4.13431118 19.0392066 24.7705789 38.0784132 57.1176198
0.11292151 0.503976435 4.69434608 4.12935155 19.0163667 24.7408634 38.0327333 57.0491
0.113077694 1.45446862 4.69434608 4.12439749 18.9935523 24.7111813 37.9871047 56.980657
0.113233879 2.12664908 4.69434608 4.11944898 18.9707636 24.6815325 37.9415273 56.9122909
0.113390064 2.29409952 4.68881925 4.11450605 18.9480006 24.6519171 37.8960012 56.8440017
0.113546248 1.77309861 4.68651694 4.10956868 18.9252632 24.6223351 37.8505264 56.7757896
0.113702433 0.920453691 4.6246804 4.1046369 18.9025515 24.5927865 37.8051029 56.7076544
0.113858618 1.21715041 4.62332931 4.09971069 18.8798655 24.5632713 37.7597309 56.6395964
0.114014802 3.15472491 4.60259882 4.09479008 18.8572052 24.5337896 37.7144104 56.5716155
0.114170987 4.77085411 4.60259882 4.08987505 18.8345706 24.5043414 37.6691413 56.5037119
0.114327172 4.15042225 4.58774972 4.08496562 18.8119619 24.4749267 37.6239237 56.4358856
0.114483356 1.98194261 4.57723398 4.08006178 18.7893789 24.4455455 37.5787578 56.3681367
0.114639541 0.627684495 4.56207912 4.07516356 18.7668217 24.416198 37.5336434 56.3004651
0.114795726 1.02105044 4.49810093 4.07027093 18.7442904 24.386884 37.4885807 56.2328711
0.11495191 2.13887577 4.48831715 4.06538392 18.7217848 24.3576036 37.4435697 56.1653545
0.115108095 2.77100564 4.48571979 4.06050253 18.6993052 24.3283569 37.3986104 56.0979156
0.11526428 2.25096823 4.44754115 4.05562675 18.6768514 24.2991439 37.3537028 56.0305542
0.115420464 0.957532093 4.40507783 4.0507566 18.6544235 24.2699646 37.3088471 55.9632706
0.115576649 1.53438357 4.37549799 4.04589207 18.6320216 24.2408189 37.2640431 55.8960647
0.115732834 7.05404843 4.36172178 4.04103318 18.6096455 24.211707 37.219291 55.8289366
0.115889018 15.6018503 4.34618304 4.03617992 18.5872954 24.1826289 37.1745908 55.7618863
0.116045203 19.9778749 4.34018445 4.03133229 18.5649713 24.1535845 37.1299426 55.6949139
0.116201388 16.7417409 4.32716499 4.02649031 18.5426731 24.1245739 37.0853463 55.6280194
0.116357572 12.3481574 4.32711777 4.02165397 18.520401 24.0955972 37.0408019 55.5612029
0.116513757 14.569063 4.31755174 4.01682328 18.4981548 24.0666543 36.9963096 55.4944644
0.116669942 20.246672 4.31755174 4.01199824 18.4759347 24.0377452 36.9518694 55.427804
0.116826126 19.90435 4.31755174 4.00717885 18.4537406 24.00887 36.9074812 55.3612217
0.116982311 13.5664983 4.31072822 4.00236512 18.4315725 23.9800287 36.8631451 55.2947176
0.117138496 11.3603089 4.28913923 3.99755705 18.4094306 23.9512213 36.8188611 55.2282917
0.11729468 16.9185005 4.26545192 3.99275464 18.3873146 23.9224479 36.7746293 55.1619439
0.117450865 20.369803 4.25016797 3.9879579 18.3652248 23.8937084 36.7304497 55.0956745
0.11760705 14.0347228 4.2394893 3.98316683 18.3431611 23.8650028 36.6863222 55.0294833
0.117763234 5.54213267 4.21389217 3.97838142 18.3211235 23.8363312 36.642247 54.9633705
0.117919419 6.37469215 4.16231829 3.97360169 18.299112 23.8076937 36.5982241 54.8973361
0.118075604 14.0194736 4.16029656 3.96882764 18.2771267 23.7790901 36.5542534 54.8313801
0.118231788 16.7633479 4.15042225 3.96405926 18.2551675 23.7505205 36.5103351 54.7655026
0.118387973 12.7933254 4.14575982 3.95929657 18.2332345 23.721985 36.466469 54.6997035
0.118544158 11.5982052 4.14480277 3.95453955 18.2113277 23.6934835 36.4226553 54.633983
0.118700342 16.8571877 4.12938696 3.94978823 18.189447 23.6650161 36.378894 54.568341
0.118856527 19.7997739 4.12608613 3.94504259 18.1675925 23.6365828 36.335185 54.5027775
0.119012712 14.0184681 4.10619507 3.94030264 18.1457642 23.6081836 36.2915285 54.4372927
0.119168896 6.24831609 4.10269146 3.93556838 18.1239622 23.5798184 36.2479244 54.3718865
0.119325081 5.55706261 4.09376181 3.93083982 18.1021863 23.5514874 36.2043727 54.306559
0.119481266 9.81524126 4.08544734 3.92611695 18.0804367 23.5231905 36.1608735 54.2413102
0.11963745 10.486986 4.06851401 3.92139978 18.0587134 23.4949278 36.1174267 54.1761401
0.119793635 6.34861881 4.06552218 3.91668831 18.0370162 23.4666992 36.0740325 54.1110487
0.11994982 4.10269146 4.06474426 3.91198254 18.0153454 23.4385047 36.0306907 54.0460361
0.120106004 6.97787819 4.05966749 3.90728247 17.9937008 23.4103444 35.9874015 53.9811023
0.120262189 10.3331304 4.0419239 3.90258811 17.9720824 23.3822183 35.9441648 53.9162473
0.120418374 9.2335325 4.03214296 3.89789946 17.9504904 23.3541264 35.9009807 53.8514711
0.120574558 5.13959232 4.03214296 3.89321651 17.9289246 23.3260687 35.8578492 53.7867738
0.120730743 2.3812866 4.03214296 3.88853927 17.9073851 23.2980452 35.8147702 53.7221553
0.120886928 2.11313253 4.01468409 3.88386774 17.8858719 23.2700559 35.7717438 53.6576157
0.121043112 2.38777365 4.00120635 3.87920192 17.864385 23.2421008 35.7287701 53.5931551
0.121199297 1.72324918 3.96158915 3.87454182 17.8429245 23.2141799 35.6858489 53.5287734
0.121355482 0.573204365 3.96158915 3.86988742 17.8214902 23.1862933 35.6429804 53.4644706
0.121511666 0.0915645981 4.00120635 3.86523875 17.8000822 23.1584409 35.6001645 53.4002467
0.121667851 0.82129243 4.01468409 3.86059579 17.7787006 23.1306228 35.5574012 53.3361019
0.121824035 2.16924798 4.01468409 3.85595854 17.7573453 23.1028389 35.5146907 53.272036
0.12198022 2.79898498 4.00120635 3.85132702 17.7360164 23.0750893 35.4720327 53.2080491
0.122136405 1.97976203 3.96158915 3.84670121 17.7147137 23.0473739 35.4294275 53.1441412
0.122292589 0.703046872 3.94039415 3.84208113 17.6934375 23.0196929 35.3868749 53.0803124
0.122448774 0.697998953 3.94039415 3.83746676 17.6721875 22.992046 35.344375 53.0165625
0.122604959 2.17579719 3.94039415 3.83285811 17.6509639 22.9644335 35.3019278 52.9528918
0.122761143 3.40422435 3.96158915 3.82825519 17.6297667 22.9368553 35.2595333 52.8893
0.122917328 3.00536399 3.96158915 3.82365799 17.6085958 22.9093113 35.2171916 52.8257873
0.123073513 1.88841898 3.96158915 3.81906651 17.5874512 22.8818016 35.1749025 52.7623537
0.123229697 2.13140468 3.94039415 3.81448076 17.5663331 22.8543262 35.1326661 52.6989992
0.123385882 3.94039415 3.94039415 3.80990073 17.5452412 22.8268851 35.0904825 52.6357237
0.123542067 4.93198089 3.94039415 3.80532642 17.5241758 22.7994783 35.0483515 52.5725273
0.123698251 3.2839773 3.94039415 3.80075784 17.5031367 22.7721058 35.0062733 52.50941
0.123854436 0.645612313 3.92767244 3.79619498 17.4821239 22.7447676 34.9642479 52.4463718
0.124010621 0.266306126 3.90860176 3.79163784 17.4611376 22.7174637 34.9222751 52.3834127
0.124166805 2.20145639 3.8750829 3.78708644 17.4401775 22.6901941 34.8803551 52.3205326
0.12432299 2.93479167 3.87366379 3.78254075 17.4192439 22.6629588 34.8384878 52.2577317
0.124479175 1.20902893 3.85239368 3.77800079 17.3983366 22.6357578 34.7966732 52.1950098
0.124635359 1.02768131 3.85014033 3.77346656 17.3774557 22.6085911 34.7549114 52.1323671
0.124791544 5.84299816 3.84881475 3.76893805 17.3566011 22.5814587 34.7132023 52.0698034
0.124947729 11.9690185 3.83991473 3.76441527 17.3357729 22.5543606 34.6715459 52.0073188
0.125103913 12.6475358 3.83846577 3.75989821 17.3149711 22.5272968 34.6299422 51.9449133
0.125260098 8.18871283 3.83253622 3.75538687 17.2941956 22.5002673 34.5883913 51.8825869
0.125416283 5.60360958 3.82344726 3.75088126 17.2734465 22.4732721 34.5468931 51.8203396
0.125572467 7.7081962 3.82208547 3.74638137 17.2527238 22.4463112 34.5054476 51.7581714
0.125728652 9.08514878 3.80284295 3.7418872 17.2320274 22.4193845 34.4640548 51.6960822
0.125884837 6.22650834 3.80146281 3.73739876 17.2113573 22.3924922 34.4227147 51.634072
0.126041021 5.12637998 3.77468166 3.73291604 17.1907137 22.3656341 34.3814273 51.572141
0.126197206 12.141749 3.77155218 3.72843904 17.1700963 22.3388103 34.3401926 51.5102889
0.126353391 21.6297553 3.76656795 3.72396776 17.1495053 22.3120208 34.2990106 51.448516
0.126509575 21.8622732 3.76527479 3.71950221 17.1289407 22.2852656 34.2578813 51.386822
0.12666576 12.4443277 3.75981345 3.71504237 17.1084024 22.2585446 34.2168047 51.3252071
0.126821945 6.86991467 3.74749575 3.71058825 17.0878904 22.2318579 34.1757808 51.2636711
0.126978129 14.0132811 3.74749575 3.70613985 17.0674047 22.2052055 34.1348095 51.2022142
0.127134314 25.9954518 3.74749575 3.70169716 17.0469454 22.1785873 34.0938908 51.1408363
0.127290499 28.8887652 3.74749575 3.6972602 17.0265124 22.1520034 34.0530249 51.0795373
0.127446683 20.1493614 3.74749575 3.69282894 17.0061058 22.1254537 34.0122115 51.0183173
0.127602868 9.80293001 3.70252455 3.68840341 16.9857254 22.0989382 33.9714508 50.9571762
0.127759053 5.86260842 3.66781214 3.68398358 16.9653714 22.072457 33.9307427 50.8961141
0.127915237 6.6325651 3.65713673 3.67956947 16.9450436 22.04601 33.8900872 50.8351308
0.128071422 6.68726989 3.65376346 3.67516107 16.9247422 22.0195972 33.8494844 50.7742265
0.128227607 4.68651694 3.65356074 3.67075838 16.904467 21.9932187 33.8089341 50.7134011
0.128383791 2.77721716 3.65356074 3.66636139 16.8842182 21.9668743 33.7684363 50.6526545
0.128539976 2.00411906 3.65356074 3.66197012 16.8639956 21.9405641 33.7279912 50.5919868
0.128696161 1.6494939 3.65356074 3.65758455 16.8437993 21.9142881 33.6875986 50.5313979
0.128852345 1.16256835 3.63756162 3.65320468 16.8236293 21.8880463 33.6472586 50.4708878
0.12900853 0.752187673 3.63756162 3.64883052 16.8034855 21.8618387 33.606971 50.4104565
0.129164715 0.636974493 3.63756162 3.64446206 16.783368 21.8356652 33.566736 50.350104
0.129320899 0.818109049 3.63756162 3.6400993 16.7632768 21.8095259 33.5265535 50.2898303
0.129477084 1.17404434 3.61746605 3.63574224 16.7432117 21.7834207 33.4864235 50.2296352
0.129633269 1.29526487 3.60995945 3.63139087 16.723173 21.7573497 33.4463459 50.1695189
0.129789453 0.851849229 3.56818571 3.6270452 16.7031604 21.7313127 33.4063208 50.1094813
0.129945638 0.322248321 3.56818571 3.62270522 16.6831741 21.7053099 33.3663482 50.0495223
0.130101823 0.4760731 3.56818571 3.61837094 16.663214 21.6793412 33.326428 49.9896419
0.130258007 1.0283609 3.53095323 3.61404235 16.6432801 21.6534066 33.2865601 49.9298402
0.130414192 0.960313541 3.53095323 3.60971944 16.6233724 21.6275061 33.2467447 49.8701171
0.130570377 0.358213929 3.53095323 3.60540222 16.6034908 21.6016396 33.2069817 49.8104725
0.130726561 0.439775447 3.53095323 3.60109069 16.5836355 21.5758072 33.167271 49.7509064
0.130882746 1.36314363 3.53095323 3.59678484 16.5638063 21.5500088 33.1276126 49.6914189
0.13103893 1.66904528 3.52607959 3.59248467 16.5440033 21.5242445 33.0880066 49.6320098
0.131195115 0.723956089 3.4539774 3.58819018 16.5242264 21.4985142 33.0484528 49.5726792
0.1313513 0.0729075378 3.44839612 3.58390136 16.5044757 21.4728179 33.0089514 49.5134271
0.131507484 0.934646152 3.43623349 3.57961822 16.4847511 21.4471556 32.9695022 49.4542533
0.131663669 2.04514985 3.42209049 3.57534075 16.4650526 21.4215273 32.9301053 49.3951579
0.131819854 1.72972838 3.41922318 3.57106895 16.4453803 21.395933 32.8907605 49.3361408
0.131976038 1.05726337 3.41776053 3.56680282 16.425734 21.3703727 32.851468 49.277202
0.132132223 2.24349766 3.41659445 3.56254236 16.4061138 21.3448462 32.8122277 49.2183415
0.132288408 4.60259882 3.41486588 3.55828756 16.3865198 21.3193537 32.7730395 49.1595593
0.132444592 4.97369335 3.40422435 3.55403842 16.3669517 21.2938952 32.7339035 49.1008552
0.132600777 2.46751257 3.37886627 3.54979493 16.3474098 21.2684705 32.6948196 49.0422294
0.132756962 0.17196025 3.36396533 3.54555711 16.3278939 21.2430797 32.6557878 48.9836817
0.132913146 0.766939249 3.35628975 3.54132494 16.308404 21.2177228 32.616808 48.9252121
0.133069331 2.77353333 3.34751618 3.53709842 16.2889402 21.1923998 32.5778803 48.8668205
0.133225516 3.04448504 3.32911954 3.53287755 16.2695023 21.1671106 32.5390047 48.808507
0.1333817 1.42300067 3.31557727 3.52866232 16.2500905 21.1418552 32.500181 48.7502715
0.133537885 0.275982476 3.30883288 3.52445274 16.2307047 21.1166336 32.4614094 48.692114
0.13369407 0.504828142 3.29244685 3.5202488 16.2113448 21.0914459 32.4226896 48.6340344
0.133850254 0.698757498 3.29244685 3.5160505 16.1920109 21.0662919 32.3840218 48.5760328
0.134006439 0.223467051 3.29244685 3.51185783 16.172703 21.0411717 32.345406 48.5181089
0.134162624 0.341819467 3.2839773 3.5076708 16.153421 21.0160852 32.3068419 48.4602629
0.134318808 1.46336849 3.27852695 3.50348939 16.1341649 20.9910325 32.2683298 48.4024947
0.134474993 1.8643485 3.23799711 3.49931362 16.1149347 20.9660135 32.2298695 48.3448042
0.134631178 0.693289715 3.23693553 3.49514347 16.0957305 20.9410282 32.191461 48.2871914
0.134787362 0.076121467 3.23271026 3.49097893 16.0765521 20.9160765 32.1531042 48.2296563
0.134943547 1.82675176 3.23140481 3.48682002 16.0573996 20.8911586 32.1147992 48.1721988
0.135099732 3.96158915 3.22739665 3.48266673 16.038273 20.8662742 32.076546 48.1148189
0.135255916 3.23693553 3.15519039 3.47851904 16.0191722 20.8414235 32.0383444 48.0575166
0.135412101 0.793135239 3.15472491 3.47437697 16.0000972 20.8166064 32.0001945 48.0002917
0.135568286 1.61263281 3.15472491 3.4702405 15.9810481 20.7918229 31.9620962 47.9431443
0.13572447 7.52833258 3.14185817 3.46610964 15.9620248 20.767073 31.9240495 47.8860743
0.135880655 14.1036975 3.13698654 3.46198438 15.9430272 20.7423567 31.8860545 47.8290817
0.13603684 16.1638905 3.11034694 3.45786471 15.9240555 20.7176738 31.8481109 47.7721664
0.136193024 14.274483 3.09809492 3.45375064 15.9051095 20.6930245 31.8102189 47.7153284
0.136349209 13.0235333 3.08048543 3.44964216 15.8861892 20.6684087 31.7723784 47.6585676
0.136505394 14.2735393 3.0772042 3.44553926 15.8672947 20.6438263 31.7345894 47.6018841
0.136661578 16.1422214 3.05834751 3.44144195 15.8484259 20.6192775 31.6968518 47.5452777
0.136817763 17.504296 3.04448504 3.43735023 15.8295828 20.594762 31.6591656 47.4887483
0.136973948 19.930795 3.03228104 3.43326408 15.8107654 20.57028 31.6215307 47.4322961
0.137130132 23.912861 3.01782305 3.4291835 15.7919736 20.5458314 31.5839472 47.3759208
0.137286317 25.9854085 3.01782305 3.42510849 15.7732075 20.5214161 31.546415 47.3196225
0.137442502 23.4396482 3.01782305 3.42103905 15.7544671 20.4970342 31.5089341 47.2634012
0.137598686 18.7482052 3.01782305 3.41697518 15.7357522 20.4726857 31.4715045 47.2072567
0.137754871 16.8894984 3.03228104 3.41291687 15.717063 20.4483704 31.434126 47.151189
0.137911056 18.3617743 3.04448504 3.40886411 15.6983994 20.4240885 31.3967987 47.0951981
0.13806724 18.8676469 3.05834751 3.40481691 15.6797613 20.3998398 31.3595226 47.0392839
0.138223425 16.278246 3.0772042 3.40077525 15.6611488 20.3756244 31.3222976 46.9834464
0.13837961 14.2143139 3.08048543 3.39673915 15.6425618 20.3514422 31.2851237 46.9276855
0.138535794 16.6500933 3.08048543 3.39270858 15.6240004 20.3272932 31.2480008 46.8720012
0.138691979 21.1248663 3.09809492 3.38868355 15.6054645 20.3031774 31.2109289 46.8163934
0.138848164 21.4565024 3.11034694 3.38466406 15.586954 20.2790947 31.1739081 46.7608621
0.139004348 16.1767732 3.13698654 3.3806501 15.5684691 20.2550452 31.1369381 46.7054072
0.139160533 11.0643713 3.14185817 3.37664167 15.5500096 20.2310289 31.1000191 46.6500287
0.139316718 11.1275156 3.15472491 3.37263876 15.5315755 20.2070456 31.063151 46.5947264
0.139472902 14.1056191 3.15519039 3.36864138 15.5131668 20.1830954 31.0263337 46.5395005
0.139629087 13.9286102 3.1577631 3.3646495 15.4947836 20.1591782 30.9895672 46.4843507
0.139785271 9.16086583 3.22739665 3.36066314 15.4764257 20.1352941 30.9528514 46.4292772
0.139941456 4.56207912 3.23140481 3.35668229 15.4580932 20.111443 30.9161864 46.3742797
0.140097641 4.01468409 3.23271026 3.35270695 15.4397861 20.0876248 30.8795721 46.3193582
0.140253825 5.55942644 3.23693553 3.3487371 15.4215043 20.0638396 30.8430085 46.2645128
0.14041001 4.92640313 3.23799711 3.34477275 15.4032478 20.0400874 30.8064955 46.2097433
0.140566195 1.9017124 3.27852695 3.3408139 15.3850165 20.016368 30.7700331 46.1550496
0.140722379 0.105512168 3.2839773 3.33686053 15.3668106 19.9926815 30.7336212 46.1004318
0.140878564 1.45479797 3.29244685 3.33291264 15.3486299 19.9690279 30.6972599 46.0458898
0.141034749 3.61746605 3.29244685 3.32897024 15.3304745 19.9454072 30.660949 45.9914235
0.141190933 3.65376346 3.29244685 3.32503332 15.3123443 19.9218192 30.6246886 45.9370329
0.141347118 1.78201892 3.29244685 3.32110186 15.2942393 19.8982641 30.5884785 45.8827178
0.141503303 0.23620839 3.29415867 3.31717587 15.2761594 19.8747417 30.5523189 45.8284783
0.141659487 0.0921088296 3.30883288 3.31325535 15.2581048 19.851252 30.5162095 45.7743143
0.141815672 0.657363624 3.31557727 3.30934029 15.2400752 19.827795 30.4801505 45.7202257
0.141971857 1.14798994 3.32911954 3.30543068 15.2220708 19.8043708 30.4441417 45.6662125
0.142128041 1.42232904 3.34751618 3.30152653 15.2040915 19.7809791 30.4081831 45.6122746
0.142284226 1.3985507 3.35628975 3.29762782 15.1861373 19.7576202 30.3722746 45.558412
0.142440411 1.02725695 3.36046 3.29373455 15.1682082 19.7342938 30.3364163 45.5046245
0.142596595 0.656382445 3.36396533 3.28984673 15.1503041 19.711 30.3006081 45.4509122
0.14275278 0.590513449 3.37886627 3.28596433 15.132425 19.6877388 30.26485 45.3972749
0.142908965 0.56749574 3.40422435 3.28208737 15.1145709 19.6645101 30.2291418 45.3437127
0.143065149 0.276800228 3.40422435 3.27821583 15.0967418 19.6413139 30.1934836 45.2902254
0.143221334 0.0265691403 3.40422435 3.27434972 15.0789377 19.6181502 30.1578754 45.2368131
0.143377519 0.152186007 3.40422435 3.27048901 15.0611585 19.595019 30.122317 45.1834755
0.143533703 0.281865255 3.40422435 3.26663373 15.0434042 19.5719202 30.0868085 45.1302127
0.143689888 0.122555842 3.40422435 3.26278385 15.0256749 19.5488537 30.0513498 45.0770247
0.143846073 0.339852303 3.40422435 3.25893937 15.0079704 19.5258197 30.0159408 45.0239112
0.144002257 1.4550069 3.40422435 3.25510029 14.9902908 19.502818 29.9805816 44.9708724
0.144158442 2.41720733 3.41486588 3.2512666 14.972636 19.4798486 29.9452721 44.9179081
0.144314627 1.82032321 3.41659445 3.24743831 14.9550061 19.4569115 29.9100121 44.8650182
0.144470811 0.387995065 3.41486588 3.2436154 14.9374009 19.4340067 29.8748018 44.8122028
0.144626996 0.659930216 3.40422435 3.23979787 14.9198205 19.4111341 29.8396411 44.7594616
0.144783181 3.92767244 3.37886627 3.23598571 14.9022649 19.3882937 29.8045298 44.7067948
0.144939365 8.53352056 3.36396533 3.23217893 14.884734 19.3654855 29.7694681 44.6542021
0.14509555 11.511992 3.36396533 3.22837751 14.8672279 19.3427094 29.7344557 44.6016836
0.145251735 11.0420648 3.36396533 3.22458146 14.8497464 19.3199655 29.6994928 44.5492391
0.145407919 8.28378957 3.36046 3.22079076 14.8322896 19.2972536 29.6645791 44.4968687
0.145564104 7.50468946 3.36046 3.21700541 14.8148574 19.2745739 29.6297148 44.4445722
0.145720289 12.9298414 3.36046 3.21322541 14.7974499 19.2519261 29.5948997 44.3923496
0.145876473 22.8331152 3.35628975 3.20945076 14.7800669 19.2293104 29.5601339 44.3402008
0.146032658 28.2163887 3.34751618 3.20568144 14.7627086 19.2067267 29.5254172 44.2881258
0.146188843 22.3219379 3.35628975 3.20191745 14.7453748 19.1841749 29.4907496 44.2361244
0.146345027 10.6156083 3.36046 3.1981588 14.7280656 19.1616551 29.4561311 44.1841967
0.146501212 6.51584696 3.36396533 3.19440547 14.7107808 19.1391671 29.4215616 44.1323425
0.146657397 14.7833917 3.37886627 3.19065745 14.6935206 19.116711 29.3870412 44.0805617
0.146813581 24.2328012 3.37886627 3.18691475 14.6762848 19.0942868 29.3525696 44.0288544
0.146969766 22.1964114 3.37886627 3.18317736 14.6590735 19.0718943 29.318147 43.9772205
0.147125951 11.114556 3.40422435 3.17944528 14.6418866 19.0495337 29.2837732 43.9256598
0.147282135 4.16029656 3.41486588 3.17571849 14.6247241 19.0272047 29.2494482 43.8741723
0.14743832 6.81228762 3.41659445 3.171997 14.607586 19.0049076 29.215172 43.822758
0.147594505 11.2372993 3.41659445 3.16828079 14.5904723 18.9826421 29.1809445 43.7714168
0.147750689 9.95705586 3.41486588 3.16456987 14.5733828 18.9604082 29.1467657 43.7201485
0.147906874 6.0891646 3.40422435 3.16086423 14.5563177 18.938206 29.1126355 43.6689532
0.148063059 6.19519569 3.37886627 3.15716387 14.5392769 18.9160354 29.0785538 43.6178308
0.148219243 9.09370313 3.36396533 3.15346877 14.5222604 18.8938964 29.0445208 43.5667811
0.148375428 8.66553792 3.36046 3.14977894 14.5052681 18.8717889 29.0105361 43.5158042
0.148531613 4.48831715 3.35628975 3.14609437 14.4883 18.8497129 28.9766 43.4649
0.148687797 2.60993233 3.34751618 3.14241505 14.4713561 18.8276684 28.9427122 43.4140683
0.148843982 5.77698123 3.32911954 3.13874098 14.4544364 18.8056553 28.9088728 43.3633092
0.149000166 9.21289272 3.32911954 3.13507216 14.4375408 18.7836737 28.8750817 43.3126225
0.149156351 7.92803351 3.32911954 3.13140857 14.4206694 18.7617234 28.8413388 43.2620082
0.149312536 3.35628975 3.32911954 3.12775022 14.4038221 18.7398045 28.8076441 43.2114662
0.14946872 0.315249397 3.32911954 3.12409709 14.3869988 18.717917 28.7739976 43.1609964
0.149624905 0.321908246 3.31557727 3.12044919 14.3701996 18.6960607 28.7403992 43.1105988
0.14978109 1.09941672 3.29415867 3.11680651 14.3534244 18.6742357 28.7068488 43.0602733
0.149937274 0.952129508 3.29415867 3.11316904 14.3366733 18.6524419 28.6733465 43.0100198
0.150093459 0.491322028 3.31557727 3.10953678 14.3199461 18.6306794 28.6398922 42.9598382
0.150249644 0.43252608 3.32911954 3.10590972 14.3032429 18.608948 28.6064857 42.9097286
0.150405828 0.329436652 3.32911954 3.10228786 14.2865636 18.5872477 28.5731271 42.8596907
0.150562013 0.0192912621 3.32911954 3.09867119 14.2699082 18.5655786 28.5398164 42.8097246
0.150718198 0.455021503 3.32911954 3.09505971 14.2532767 18.5439405 28.5065534 42.7598301
0.150874382 2.18016546 3.31557727 3.09145341 14.2366691 18.5223335 28.4733382 42.7100072
0.151030567 4.03214296 3.29415867 3.08785229 14.2200853 18.5007575 28.4401706 42.6602559
0.151186752 4.28913923 3.29244685 3.08425633 14.2035253 18.4792125 28.4070506 42.6105759
0.151342936 2.81037873 3.2839773 3.08066555 14.1869891 18.4576984 28.3739783 42.5609674
0.151499121 1.20968286 3.27852695 3.07707992 14.1704767 18.4362152 28.3409534 42.5114301
0.151655306 0.986964225 3.23799711 3.07349945 14.153988 18.414763 28.307976 42.4619641
0.15181149 2.00579417 3.23693553 3.06992413 14.1375231 18.3933416 28.2750461 42.4125692
0.151967675 2.83712953 3.23271026 3.06635395 14.1210818 18.371951 28.2421636 42.3632453
0.15212386 2.45241923 3.23140481 3.06278891 14.1046642 18.3505912 28.2093283 42.3139925
0.152280044 1.48816728 3.23140481 3.059229 14.0882702 18.3292621 28.1765404 42.2648106
0.152436229 1.79341457 3.22739665 3.05567423 14.0718999 18.3079638 28.1437997 42.2156996
0.152592414 4.31755174 3.1577631 3.05212457 14.0555531 18.2866962 28.1111062 42.1666593
0.152748598 7.30400056 3.15519039 3.04858004 14.0392299 18.2654592 28.0784598 42.1176897
0.152904783 7.42909257 3.15472491 3.04504061 14.0229302 18.2442529 28.0458605 42.0687907
0.153060968 3.84881475 3.14185817 3.04150629 14.0066541 18.2230771 28.0133082 42.0199623
0.153217152 0.390440812 3.13698654 3.03797708 13.9904015 18.2019319 27.9808029 41.9712044
0.153373337 1.79508334 3.11304409 3.03445295 13.9741723 18.1808173 27.9483445 41.9225168
0.153529522 7.67350644 3.11034694 3.03093392 13.9579665 18.1597331 27.9159331 41.8738996
0.153685706 12.1298226 3.1046207 3.02741997 13.9417842 18.1386794 27.8835684 41.8253526
0.153841891 11.1144554 3.09809492 3.02391111 13.9256253 18.1176562 27.8512505 41.7768758
0.153998076 8.02243639 3.08048543 3.02040731 13.9094897 18.0966633 27.8189794 41.7284691
0.15415426 9.4311135 3.0772042 3.01690858 13.8933775 18.0757008 27.7867549 41.6801324
0.154310445 16.2546075 3.05834751 3.01341492 13.8772885 18.0547686 27.7545771 41.6318656
0.15446663 22.3997741 3.04448504 3.00992631 13.8612229 18.0338668 27.7224458 41.5836687
0.154622814 22.9849575 3.03228104 3.00644275 13.8451805 18.0129952 27.6903611 41.5355416
0.154778999 19.8540296 3.01782305 3.00296424 13.8291614 17.9921538 27.6583228 41.4874842
0.154935184 17.5318856 3.00860452 2.99949077 13.8131655 17.9713426 27.626331 41.4394964
0.155091368 16.8699127 3.00536399 2.99602234 13.7971927 17.9505616 27.5943855 41.3915782
0.155247553 15.7852373 2.98597055 2.99255893 13.7812432 17.9298107 27.5624863 41.3437295
0.155403738 14.0132055 2.9723756 2.98910054 13.7653167 17.9090899 27.5306334 41.2959501
0.155559922 13.0898969 2.9723756 2.98564718 13.7494134 17.8883992 27.4988267 41.2482401
0.155716107 12.6727186 2.9723756 2.98219882 13.7335331 17.8677385 27.4670662 41.2005993
0.155872292 11.1251625 2.97234926 2.97875548 13.7176759 17.8471078 27.4353518 41.1530277
0.156028476 9.9634429 2.94292626 2.97531713 13.7018417 17.8265071 27.4036835 41.1055252
0.156184661 13.6429966 2.93479167 2.97188378 13.6860306 17.8059363 27.3720611 41.0580917
0.156340846 22.8082083 2.93479167 2.96845541 13.6702424 17.7853954 27.3404847 41.0107271
0.15649703 30.8057138 2.93479167 2.96503204 13.6544771 17.7648843 27.3089543 40.9634314
0.156653215 30.1233835 2.93479167 2.96161364 13.6387348 17.7444031 27.2774696 40.9162045
0.1568094 20.8582588 2.93479167 2.95820021 13.6230154 17.7239517 27.2460308 40.8690462
0.156965584 10.5101784 2.9013269 2.95479175 13.6073189 17.70353 27.2146377 40.8219566
0.157121769 5.59530413 2.90078734 2.95138825 13.5916452 17.683138 27.1832903 40.7749355
0.157277954 6.41391154 2.90078734 2.9479897 13.5759943 17.6627758 27.1519886 40.7279828
0.157434138 9.38981628 2.90078734 2.94459611 13.5603662 17.6424432 27.1207324 40.6810986
0.157590323 11.5844514 2.90078734 2.94120745 13.5447609 17.6221402 27.0895218 40.6342826
0.157746507 12.0778409 2.89074802 2.93782374 13.5291783 17.6018668 27.0583566 40.5875349
0.157902692 10.9095798 2.88753774 2.93444496 13.5136184 17.5816229 27.0272369 40.5408553
0.158058877 8.89409003 2.8812147 2.9310711 13.4980813 17.5614086 26.9961625 40.4942438
0.158215061 7.41141417 2.85723912 2.92770217 13.4825667 17.5412238 26.9651335 40.4477002
0.158371246 7.31780526 2.85219759 2.92433815 13.4670749 17.5210684 26.9341497 40.4012246
0.158527431 7.87067228 2.85219759 2.92097904 13.4516056 17.5009424 26.9032112 40.3548168
0.158683615 7.51628515 2.85219759 2.91762483 13.4361589 17.4808458 26.8723178 40.3084767
0.1588398 6.10713912 2.83712953 2.91427553 13.4207348 17.4607785 26.8414695 40.2622043
0.158995985 5.23567104 2.82261108 2.91093111 13.4053332 17.4407405 26.8106663 40.2159995
0.159152169 6.07255712 2.82172626 2.90759158 13.3899541 17.4207319 26.7799081 40.1698622
0.159308354 7.45080891 2.82172626 2.90425693 13.3745974 17.4007524 26.7491948 40.1237923
0.159464539 7.10012891 2.82172626 2.90092715 13.3592632 17.3808022 26.7185265 40.0777897
0.159620723 4.9423132 2.82172626 2.89760224 13.3439515 17.3608811 26.6879029 40.0318544
0.159776908 3.83991473 2.82172626 2.8942822 13.3286621 17.3409892 26.6573242 39.9859863
0.159933093 6.0267881 2.82172626 2.89096701 13.3133951 17.3211264 26.6267902 39.9401853
0.160089277 9.44410119 2.82261108 2.88765668 13.2981504 17.3012926 26.5963009 39.8944513
0.160245462 9.61961168 2.83712953 2.88435118 13.2829281 17.2814879 26.5658562 39.8487842
0.160401647 5.42195844 2.83712953 2.88105053 13.267728 17.2617121 26.535456 39.803184
0.160557831 0.920765608 2.83712953 2.87775471 13.2525502 17.2419653 26.5051004 39.7576506
0.160714016 0.368114294 2.83712953 2.87446372 13.2373946 17.2222475 26.4747893 39.7121839
0.160870201 2.89074802 2.83712953 2.87117755 13.2222613 17.2025585 26.4445225 39.6667838
0.161026385 4.21389217 2.82261108 2.8678962 13.2071501 17.1828984 26.4143001 39.6214502
0.16118257 2.6032589 2.82172626 2.86461966 13.192061 17.1632671 26.3841221 39.5761831
0.161338755 0.521622594 2.81037873 2.86134792 13.1769941 17.1436646 26.3539882 39.5309824
0.161494939 0.36937103 2.81034892 2.85808098 13.1619493 17.1240908 26.3238986 39.4858479
0.161651124 1.30940901 2.80669349 2.85481883 13.1469265 17.1045458 26.2938531 39.4407796
0.161807309 1.4468699 2.79898498 2.85156146 13.1319258 17.0850294 26.2638517 39.3957775
0.161963493 0.942347963 2.79864801 2.84830888 13.1169471 17.0655417 26.2338943 39.3508414
0.162119678 1.08371591 2.77721716 2.84506107 13.1019904 17.0460826 26.2039809 39.3059713
0.162275863 1.68615568 2.77721716 2.84181804 13.0870557 17.026652 26.1741114 39.2611671
0.162432047 1.46984526 2.77721716 2.83857976 13.0721429 17.00725 26.1442858 39.2164286
0.162588232 0.451908574 2.77353333 2.83534624 13.057252 16.9878765 26.1145039 39.1717559
0.162744417 0.009853763 2.77100564 2.83211747 13.0423829 16.9685314 26.0847659 39.1271488
0.162900601 0.542423832 2.75159827 2.82889345 13.0275358 16.9492148 26.0550715 39.0826073
0.163056786 0.88749005 2.73404858 2.82567416 13.0127104 16.9299266 26.0254208 39.0381312
0.163212971 0.405419095 2.72266451 2.82245961 12.9979069 16.9106667 25.9958137 38.9937206
0.163369155 0.107057615 2.72266451 2.81924979 12.9831251 16.8914352 25.9662501 38.9493752
0.16352534 0.996688819 2.72266451 2.81604468 12.968365 16.8722319 25.93673 38.9050951
0.163681525 2.38683982 2.6934356 2.8128443 12.9536267 16.8530569 25.9072534 38.8608801
0.163837709 2.79864801 2.62623319 2.80964862 12.93891 16.8339101 25.8778201 38.8167301
0.163993894 1.90372419 2.62599578 2.80645764 12.9242151 16.8147915 25.8484301 38.7726452
0.164150079 0.740207883 2.62599578 2.80327136 12.9095417 16.795701 25.8190834 38.7286251
0.164306263 0.418004561 2.62599578 2.80008977 12.8948899 16.7766386 25.7897799 38.6846698
0.164462448 1.0874144 2.62599578 2.79691287 12.8802598 16.7576043 25.7605195 38.6407793
0.164618633 2.01965662 2.62599578 2.79374065 12.8656511 16.7385981 25.7313023 38.5969534
0.164774817 2.24031822 2.60993233 2.7905731 12.851064 16.7196198 25.7021281 38.5531921
0.164931002 1.37956087 2.60368276 2.78741022 12.8364984 16.7006695 25.6729969 38.5094953
0.165087187 0.264652414 2.60368276 2.784252 12.8219543 16.6817471 25.6439086 38.4658629
0.165243371 0.252298403 2.60993233 2.78109843 12.8074316 16.6628527 25.6148632 38.4222947
0.165399556 1.65230475 2.60993233 2.77794951 12.7929303 16.643986 25.5858606 38.3787909
0.165555741 3.14185817 2.60368276 2.77480524 12.7784504 16.6251472 25.5569007 38.3353511
0.165711925 3.23799711 2.6032589 2.77166561 12.7639918 16.6063362 25.5279836 38.2919755
0.16586811 2.05477526 2.57792019 2.7685306 12.7495546 16.587553 25.4991092 38.2486638
0.166024295 0.991572583 2.57067725 2.76540022 12.7351387 16.5687974 25.4702773 38.205416
0.166180479 0.928389263 2.563967 2.76227446 12.720744 16.5500695 25.441488 38.162232
0.166336664 1.40845518 2.563967 2.75915332 12.7063706 16.5313693 25.4127412 38.1191118
0.166492849 1.54330811 2.563967 2.75603678 12.6920184 16.5126967 25.3840368 38.0760552
0.166649033 1.12835743 2.563967 2.75292484 12.6776874 16.4940516 25.3553748 38.0330622
0.166805218 0.626661833 2.56153153 2.7498175 12.6633776 16.4754341 25.3267551 37.9901327
0.166961402 0.411765367 2.55566622 2.74671475 12.6490889 16.456844 25.2981777 37.9472666
0.167117587 0.363442948 2.53145825 2.74361658 12.6348213 16.4382814 25.2696425 37.9044638
0.167273772 0.225465384 2.51936772 2.74052298 12.6205747 16.4197463 25.2411495 37.8617242
0.167429956 0.222313333 2.48942382 2.73743396 12.6063493 16.4012385 25.2126985 37.8190478
0.167586141 1.00509195 2.46950867 2.7343495 12.5921448 16.3827581 25.1842896 37.7764345
0.167742326 2.62623319 2.46782448 2.73126961 12.5779614 16.364305 25.1559227 37.7338841
0.16789851 3.77468166 2.46751257 2.72819426 12.5637989 16.3458792 25.1275978 37.6913966
0.168054695 2.94292626 2.46624198 2.72512347 12.5496573 16.3274806 25.0993147 37.648972
0.16821088 0.766990209 2.45862893 2.72205721 12.5355367 16.3091093 25.0710734 37.6066101
0.168367064 0.193752444 2.45241923 2.71899549 12.521437 16.2907651 25.0428739 37.5643109
0.168523249 3.31557727 2.42251752 2.7159383 12.5073581 16.272448 25.0147161 37.5220742
0.168679434 8.35052782 2.42251752 2.71288563 12.4933 16.2541581 24.9866 37.4799
0.168835618 11.1575179 2.42251752 2.70983747 12.4792627 16.2358952 24.9585255 37.4377882
0.168991803 9.90615749 2.41720733 2.70679383 12.4652463 16.2176593 24.9304925 37.3957388
0.169147988 6.89240274 2.4005451 2.70375469 12.4512505 16.1994504 24.902501 37.3537515
0.169304172 5.59572276 2.39780044 2.70072006 12.4372755 16.1812685 24.874551 37.3118265
0.169460357 6.86357151 2.38777365 2.69768991 12.4233211 16.1631135 24.8466423 37.2699634
0.169616542 9.08249644 2.38683982 2.69466425 12.4093875 16.1449853 24.8187749 37.2281624
0.169772726 11.0289811 2.3812866 2.69164307 12.3954744 16.126884 24.7909489 37.1864233
0.169928911 12.7901945 2.37920607 2.68862637 12.381582 16.1088096 24.763164 37.144746
0.170085096 14.1155643 2.35550974 2.68561413 12.3677101 16.0907619 24.7354203 37.1031304
0.17024128 13.3827994 2.33489879 2.68260636 12.3538588 16.0727409 24.7077177 37.0615765
0.170397465 9.58066403 2.32122167 2.67960305 12.3400281 16.0547466 24.6800561 37.0200842
0.17055365 4.36172178 2.31147404 2.67660418 12.3262178 16.036779 24.6524355 36.9786533
0.170709834 1.31505799 2.3078683 2.67360976 12.3124279 16.0188381 24.6248559 36.9372838
0.170866019 2.6934356 2.30432877 2.67061977 12.2986586 16.0009237 24.5973171 36.8959757
0.171022204 6.94762724 2.29990264 2.66763422 12.2849096 15.9830359 24.5698192 36.8547288
0.171178388 10.0364569 2.2994767 2.6646531 12.271181 15.9651746 24.542362 36.813543
0.171334573 9.26938279 2.29409952 2.66167639 12.2574728 15.9473397 24.5149455 36.7724183
0.171490758 5.94243793 2.27957337 2.6587041 12.2437849 15.9295314 24.4875697 36.7313546
0.171646942 3.90860176 2.27133712 2.65573622 12.2301173 15.9117494 24.4602345 36.6903518
0.171803127 5.4904284 2.26531109 2.65277274 12.2164699 15.8939938 24.4329398 36.6494098
0.171959312 8.93071001 2.26093865 2.64981365 12.2028428 15.8762646 24.4056857 36.6085285
0.172115496 10.3033788 2.2584685 2.64685896 12.189236 15.8585616 24.3784719 36.5677079
0.172271681 7.81840738 2.25439125 2.64390865 12.1756493 15.8408849 24.3512985 36.5269478
0.172427866 3.83253622 2.25096823 2.64096271 12.1620827 15.8232345 24.3241655 36.4862482
0.17258405 2.26093865 2.2479386 2.63802115 12.1485364 15.8056102 24.2970727 36.4456091
0.172740235 4.31072822 2.24349766 2.63508395 12.1350101 15.7880121 24.2700201 36.4050302
0.17289642 7.37736155 2.24031822 2.63215112 12.1215039 15.7704401 24.2430077 36.3645116
0.173052604 8.03866098 2.22232854 2.62922264 12.1080177 15.7528942 24.2160354 36.3240531
0.173208789 5.90865448 2.22232854 2.6262985 12.0945516 15.7353744 24.1891031 36.2836547
0.173364974 3.75981345 2.22232854 2.62337871 12.0811054 15.7178805 24.1622108 36.2433162
0.173521158 3.85239368 2.22232854 2.62046325 12.0676792 15.7004126 24.1353584 36.2030377
0.173677343 5.22807017 2.20149692 2.61755212 12.054273 15.6829707 24.108546 36.1628189
0.173833528 5.12209311 2.20145639 2.61464531 12.0408866 15.6655547 24.0817733 36.1226599
0.173989712 2.85723912 2.1817624 2.61174283 12.0275202 15.6481645 24.0550404 36.0825606
0.174145897 0.993593532 2.18024557 2.60884465 12.0141736 15.6308002 24.0283472 36.0425208
0.174302082 2.06490611 2.18016546 2.60595078 12.0008468 15.6134617 24.0016937 36.0025405
0.174458266 5.29848292 2.18016546 2.60306121 11.9875399 15.5961489 23.9750797 35.9626196
0.174614451 7.48183517 2.18016546 2.60017593 11.9742527 15.5788619 23.9485053 35.922758
0.174770636 6.84428931 2.17965461 2.59729493 11.9609852 15.5616005 23.9219704 35.8829556
0.17492682 4.72218087 2.17673814 2.59441822 11.9477375 15.5443648 23.8954749 35.8432124
0.175083005 3.4539774 2.17579719 2.59154579 11.9345094 15.5271547 23.8690188 35.8035282
0.17523919 3.65356074 2.17119271 2.58867762 11.921301 15.5099702 23.842602 35.763903
0.175395374 4.06851401 2.16924798 2.58581372 11.9081122 15.4928112 23.8162245 35.7243367
0.175551559 3.60995945 2.14820527 2.58295407 11.8949431 15.4756778 23.7898862 35.6848293
0.175707743 2.46950867 2.13887577 2.58009868 11.8817935 15.4585698 23.763587 35.6453805
0.175863928 1.44263189 2.13140468 2.57724753 11.8686635 15.4414872 23.7373269 35.6059904
0.176020113 0.870486851 2.12664908 2.57440062 11.855553 15.42443 23.7111059 35.5666589
0.176176297 0.526346576 2.12579092 2.57155794 11.8424619 15.4073982 23.6849239 35.5273858
0.176332482 0.193335279 2.11313253 2.56871949 11.8293904 15.3903917 23.6587808 35.4881712
0.176488667 0.0128296088 2.1080536 2.56588526 11.8163383 15.3734105 23.6326766 35.4490148
0.176644851 0.373933209 2.10713678 2.56305524 11.8033056 15.3564546 23.6066112 35.4099167
0.176801036 1.57273545 2.10053846 2.56022943 11.7902923 15.3395239 23.5805845 35.3708768
0.176957221 3.43623349 2.0991201 2.55740783 11.7772983 15.3226183 23.5545966 35.3318949
0.177113405 5.11964425 2.0745235 2.55459042 11.7643237 15.305738 23.5286473 35.292971
0.17726959 5.43961519 2.0745235 2.55177721 11.7513683 15.2888827 23.5027366 35.2541049
0.177425775 3.87366379 2.0745235 2.54896818 11.7384322 15.2720525 23.4768645 35.2152967
0.177581959 1.44372511 2.0745235 2.54616332 11.7255154 15.2552473 23.4510309 35.1765463
0.177738144 0.179486615 2.06490611 2.54336264 11.7126178 15.2384671 23.4252356 35.1378535
0.177894329 1.2246034 2.06490611 2.54056613 11.6997394 15.2217119 23.3994788 35.0992182
0.178050513 3.42209049 2.06490611 2.53777378 11.6868802 15.2049816 23.3737603 35.0606405
0.178206698 4.32711777 2.06375572 2.53498558 11.67404 15.1882763 23.3480801 35.0221201
0.178362883 3.00860452 2.06375572 2.53220154 11.661219 15.1715957 23.322438 34.9836571
0.178519067 1.24637025 2.06375572 2.52942163 11.6484171 15.15494 23.2968342 34.9452513
0.178675252 1.32334999 2.06490611 2.52664586 11.6356342 15.1383091 23.2712684 34.9069026
0.178831437 3.05834751 2.0745235 2.52387423 11.6228703 15.121703 23.2457407 34.868611
0.178987621 4.14575982 2.06490611 2.52110672 11.6101255 15.1051215 23.220251 34.8303764
0.179143806 3.41776053 2.06375572 2.51834332 11.5973996 15.0885647 23.1947992 34.7921988
0.179299991 2.35550974 2.06375572 2.51558404 11.5846926 15.0720326 23.1693853 34.7540779
0.179456175 2.56153153 2.06375572 2.51282887 11.5720046 15.0555251 23.1440092 34.7160138
0.17961236 3.15519039 2.06490611 2.5100778 11.5593354 15.0390421 23.1186709 34.6780063
0.179768545 2.3078683 2.06375572 2.50733082 11.5466852 15.0225837 23.0933703 34.6400555
0.179924729 0.576132861 2.05933809 2.50458794 11.5340537 15.0061498 23.0681074 34.6021611
0.180080914 0.590328109 2.05477526 2.50184913 11.521441 14.9897404 23.0428821 34.5643231
0.180237099 3.01782305 2.05071655 2.49911441 11.5088472 14.9733554 23.0176943 34.5265415
0.180393283 4.98207754 2.04514985 2.49638375 11.496272 14.9569947 22.992544 34.4888161
0.180549468 3.83846577 2.04514985 2.49365716 11.4837156 14.9406585 22.9674312 34.4511468
0.180705653 1.04578417 2.04514985 2.49093463 11.4711779 14.9243465 22.9423558 34.4135337
0.180861837 0.200823634 2.04495687 2.48821615 11.4586588 14.9080589 22.9173177 34.3759765
0.181018022 2.02724259 2.02724259 2.48550172 11.4461584 14.8917955 22.8923169 34.3384753
0.181174207 3.56818571 2.02724259 2.48279134 11.4336766 14.8755563 22.8673533 34.3010299
0.181330391 2.60368276 2.02724259 2.48008498 11.4212134 14.8593413 22.8424269 34.2636403
0.181486576 0.614636317 2.02724259 2.47738266 11.4087688 14.8431504 22.8175375 34.2263063
0.181642761 0.177369886 2.04495687 2.47468436 11.3963427 14.8269836 22.7926853 34.189028
0.181798945 1.22420057 2.04514985 2.47199008 11.383935 14.8108409 22.7678701 34.1518051
0.18195513 1.65839372 2.05071655 2.46929982 11.3715459 14.7947223 22.7430918 34.1146377
0.182111315 0.809188897 2.05071655 2.46661355 11.3591752 14.7786277 22.7183504 34.0775256
0.182267499 0.162850285 2.04514985 2.46393129 11.3468229 14.762557 22.6936458 34.0404688
0.182423684 0.706116661 2.04495687 2.46125302 11.334489 14.7465102 22.6689781 34.0034671
0.182579869 1.39709309 2.02724259 2.45857874 11.3221735 14.7304874 22.6443471 33.9665206
0.182736053 1.01452475 2.02228458 2.45590845 11.3098764 14.7144884 22.6197527 33.9296291
0.182892238 0.143075326 2.02228458 2.45324213 11.2975975 14.6985132 22.595195 33.8927925
0.183048423 0.194407905 2.02228458 2.45057978 11.2853369 14.6825619 22.5706739 33.8560108
0.183204607 1.22987353 2.02228458 2.44792139 11.2730946 14.6666342 22.5461892 33.8192838
0.183360792 1.96865567 2.02228458 2.44526697 11.2608705 14.6507303 22.5217411 33.7826116
0.183516977 1.61991117 2.02228458 2.44261649 11.2486647 14.6348501 22.4973293 33.745994
0.183673161 0.77338864 2.01965662 2.43996997 11.2364769 14.6189936 22.4729539 33.7094308
0.183829346 0.367047007 2.00579417 2.43732738 11.2243074 14.6031606 22.4486148 33.6729222
0.183985531 0.516677869 2.00579417 2.43468873 11.212156 14.5873512 22.4243119 33.6364679
0.184141715 0.709383556 2.00579417 2.43205401 11.2000226 14.5715654 22.4000453 33.6000679
0.1842979 0.607832063 2.00579417 2.42942322 11.1879074 14.5558031 22.3758148 33.5637221
0.184454085 0.319169342 2.00579417 2.42679634 11.1758102 14.5400642 22.3516203 33.5274305
0.184610269 0.0835539715 2.00579417 2.42417338 11.163731 14.5243488 22.3274619 33.4911929
0.184766454 0.00763438864 2.00579417 2.42155432 11.1516697 14.5086568 22.3033395 33.4550092
0.184922638 0.0710236026 2.00411906 2.41893916 11.1396265 14.4929882 22.279253 33.4188795
0.185078823 0.233188356 2.00411906 2.41632789 11.1276012 14.4773429 22.2552023 33.3828035
0.185235008 0.458735081 2.00411906 2.41372052 11.1155938 14.4617209 22.2311875 33.3467813
0.185391192 0.62791922 2.00411906 2.41111702 11.1036042 14.4461222 22.2072084 33.3108127
0.185547377 0.550477584 2.00411906 2.40851741 11.0916325 14.4305466 22.1832651 33.2748976
0.185703562 0.277841784 1.9992802 2.40592166 11.0796787 14.4149943 22.1593574 33.2390361
0.185859746 0.324788897 1.9914177 2.40332978 11.0677427 14.3994652 22.1354853 33.203228
0.186015931 1.12780833 1.98194261 2.40074176 11.0558244 14.3839591 22.1116488 33.1674731
0.186172116 2.1817624 1.97976203 2.39815759 11.0439238 14.3684762 22.0878477 33.1317715
0.1863283 2.32122167 1.97492159 2.39557727 11.032041 14.3530163 22.0640821 33.0961231
0.186484485 1.30892715 1.96865567 2.3930008 11.0201759 14.3375794 22.0403519 33.0605278
0.18664067 0.656732112 1.96865567 2.39042816 11.0083285 14.3221656 22.016657 33.0249854
0.186796854 1.97492159 1.96865567 2.38785935 10.9964987 14.3067746 21.9929973 32.989496
0.186953039 4.6246804 1.9632935 2.38529436 10.9846865 14.2914066 21.969373 32.9540594
0.187109224 6.05035738 1.9632935 2.3827332 10.9728919 14.2760615 21.9457837 32.9186756
0.187265408 4.68881925 1.96865567 2.38017584 10.9611148 14.2607392 21.9222297 32.8833445
0.187421593 1.82867054 1.97492159 2.3776223 10.9493553 14.2454397 21.8987106 32.8480659
0.187577778 0.0916392696 1.97976203 2.37507255 10.9376133 14.230163 21.8752266 32.8128399
0.187733962 0.515317768 1.97976203 2.3725266 10.9258888 14.214909 21.8517776 32.7776664
0.187890147 1.89479317 1.97492159 2.36998445 10.9141817 14.1996778 21.8283634 32.7425451
0.188046332 2.563967 1.97976203 2.36744607 10.9024921 14.1844692 21.8049841 32.7074762
0.188202516 2.05933809 1.98194261 2.36491148 10.8908198 14.1692833 21.7816397 32.6724595
0.188358701 1.05513166 1.9914177 2.36238066 10.879165 14.1541199 21.7583299 32.6374949
0.188514886 0.334565161 1.9992802 2.3598536 10.8675274 14.1389792 21.7350549 32.6025823
0.18867107 0.245428627 1.9914177 2.35733031 10.8559073 14.123861 21.7118145 32.5677218
0.188827255 0.657437908 1.98194261 2.35481077 10.8443043 14.1087652 21.6886087 32.532913
0.18898344 1.10598135 1.9914177 2.35229498 10.8327187 14.093692 21.6654374 32.4981562
0.189139624 1.16039374 1.9992802 2.34978294 10.8211503 14.0786412 21.6423007 32.463451
0.189295809 0.892539089 2.00411906 2.34727463 10.8095992 14.0636127 21.6191983 32.4287975
0.189451994 0.89601945 2.00411906 2.34477006 10.7980652 14.0486067 21.5961303 32.3941955
0.189608178 1.6300912 1.9992802 2.34226921 10.7865484 14.033623 21.5730967 32.3596451
0.189764363 2.82172626 1.9914177 2.33977209 10.7750487 14.0186615 21.5500973 32.325146
0.189920548 3.63756162 1.9992802 2.33727868 10.7635661 14.0037224 21.5271322 32.2906983
0.190076732 3.41922318 2.00411906 2.33478898 10.7521006 13.9888054 21.5042012 32.2563019
0.190232917 2.2584685 2.00579417 2.33230299 10.7406522 13.9739107 21.4813044 32.2219566
0.190389102 0.923246828 2.00411906 2.3298207 10.7292208 13.9590381 21.4584416 32.1876624
0.190545286 0.261063139 1.9992802 2.32734209 10.7178064 13.9441876 21.4356128 32.1534193
0.190701471 0.508601849 1.9914177 2.32486718 10.706409 13.9293593 21.412818 32.119227
0.190857656 1.10013773 1.9914177 2.32239595 10.6950286 13.914553 21.3900571 32.0850857
0.19101384 1.25222124 1.9992802 2.31992839 10.683665 13.8997687 21.3673301 32.0509951
0.191170025 0.785853805 1.9992802 2.3174645 10.6723184 13.8850064 21.3446369 32.0169553
0.19132621 0.281478709 1.9992802 2.31500428 10.6609887 13.8702661 21.3219774 31.9829661
0.191482394 0.333492807 1.9992802 2.31254772 10.6496758 13.8555477 21.2993516 31.9490274
0.191638579 0.851026134 1.9992802 2.31009481 10.6383797 13.8408511 21.2767595 31.9151392
0.191794764 1.25553894 1.9992802 2.30764554 10.6271005 13.8261765 21.2542009 31.8813014
0.191950948 1.26621515 1.9914177 2.30519992 10.615838 13.8115236 21.2316759 31.8475139
0.192107133 1.20372746 1.97976203 2.30275794 10.6045922 13.7968926 21.2091844 31.8137767
0.192263318 1.43883603 1.97976203 2.30031959 10.5933632 13.7822833 21.1867264 31.7800896
0.192419502 1.81363912 1.97976203 2.29788486 10.5821509 13.7676957 21.1643017 31.7464526
0.192575687 1.81746587 1.97976203 2.29545376 10.5709552 13.7531298 21.1419104 31.7128656
0.192731872 1.26934568 1.97492159 2.29302626 10.5597762 13.7385856 21.1195524 31.6793285
0.192888056 0.568967783 1.96865567 2.29060238 10.5486138 13.7240629 21.0972276 31.6458413
0.193044241 0.182264257 1.9632935 2.2881821 10.537468 13.7095619 21.0749359 31.6124039
0.193200426 0.133014946 1.94986832 2.28576541 10.5263387 13.6950824 21.0526775 31.5790162
0.19335661 0.157396499 1.94986832 2.28335232 10.515226 13.6806245 21.0304521 31.5456781
0.193512795 0.162434972 1.94986832 2.28094281 10.5041298 13.666188 21.0082597 31.5123895
0.19366898 0.275316279 1.94986832 2.27853689 10.4930501 13.651773 20.9861003 31.4791504
0.193825164 0.474011157 1.94727799 2.27613454 10.4819869 13.6373794 20.9639738 31.4459607
0.193981349 0.489296305 1.93734882 2.27373576 10.4709401 13.6230072 20.9418802 31.4128204
0.194137533 0.224716583 1.93029637 2.27134054 10.4599097 13.6086563 20.9198195 31.3797292
0.194293718 0.0261309179 1.93029637 2.26894888 10.4488957 13.5943268 20.8977915 31.3466872
0.194449903 0.271963017 1.93029637 2.26656078 10.4378981 13.5800185 20.8757962 31.3136943
0.194606087 0.817110963 1.93029637 2.26417622 10.4269168 13.5657315 20.8538336 31.2807505
0.194762272 1.17106969 1.93029637 2.2617952 10.4159518 13.5514658 20.8319037 31.2478555
0.194918457 1.26353027 1.93029637 2.25941772 10.4050031 13.5372212 20.8100063 31.2150094
0.195074641 1.65873891 1.93029637 2.25704377 10.3940707 13.5229978 20.7881414 31.1822121
0.195230826 2.72266451 1.93029637 2.25467335 10.3831545 13.5087954 20.766309 31.1494635
0.195387011 3.80146281 1.93029637 2.25230645 10.3722545 13.4946142 20.744509 31.1167635
0.195543195 3.76656795 1.93029637 2.24994306 10.3613707 13.4804541 20.7227414 31.0841121
0.19569938 2.46782448 1.92805623 2.24758318 10.350503 13.4663149 20.7010061 31.0515091
0.195855565 1.17582592 1.90905938 2.2452268 10.3396515 13.4521968 20.679303 31.0189546
0.196011749 1.11239101 1.90905938 2.24287392 10.3288161 13.4380996 20.6576322 30.9864483
0.196167934 1.90905938 1.90905938 2.24052453 10.3179968 13.4240233 20.6359936 30.9539904
0.196324119 2.2994767 1.90905938 2.23817863 10.3071935 13.4099679 20.614387 30.9215806
0.196480303 2.10053846 1.90372419 2.23583622 10.2964063 13.3959334 20.5928126 30.8892188
0.196636488 2.51936772 1.90372419 2.23349727 10.2856351 13.3819197 20.5712701 30.8569052
0.196792673 4.08162207 1.90372419 2.2311618 10.2748798 13.3679268 20.5497596 30.8246394
0.196948857 5.31343688 1.90905938 2.2288298 10.2641405 13.3539547 20.528281 30.7924216
0.197105042 4.58875222 1.92805623 2.22650125 10.2534172 13.3400033 20.5068343 30.7602515
0.197261227 2.55566622 1.90905938 2.22417616 10.2427097 13.3260726 20.4854194 30.7281292
0.197417411 1.44991017 1.90372419 2.22185451 10.2320182 13.3121625 20.4640363 30.6960545
0.197573596 2.10713678 1.9017124 2.21953631 10.2213425 13.2982731 20.4426849 30.6640274
0.197729781 3.23271026 1.9017124 2.21722155 10.2106826 13.2844043 20.4213652 30.6320477
0.197885965 3.77155218 1.9017124 2.21491022 10.2000385 13.2705561 20.400077 30.6001155
0.19804215 4.27993094 1.89479317 2.21260232 10.1894102 13.2567283 20.3788205 30.5682307
0.198198335 5.14312392 1.88917179 2.21029784 10.1787977 13.2429211 20.3575954 30.5363931
0.198354519 5.13767287 1.88841898 2.20799677 10.1682009 13.2291344 20.3364018 30.5046027
0.198510704 3.34751618 1.88148195 2.20569912 10.1576198 13.2153681 20.3152397 30.4728595
0.198666889 1.32863622 1.87681758 2.20340487 10.1470544 13.2016222 20.2941089 30.4411633
0.198823073 1.39252245 1.87129654 2.20111403 10.1365047 13.1878967 20.2730094 30.4095141
0.198979258 3.13698654 1.8643485 2.19882658 10.1259706 13.1741915 20.2519412 30.3779118
0.199135443 3.8750829 1.86035059 2.19654251 10.1154521 13.1605066 20.2309042 30.3463563
0.199291627 2.46624198 1.8643485 2.19426183 10.1049492 13.146842 20.2098984 30.3148475
0.199447812 0.705118541 1.87129654 2.19198454 10.0944618 13.1331976 20.1889237 30.2833855
0.199603997 0.361175759 1.8643485 2.18971061 10.08399 13.1195735 20.16798 30.2519701
0.199760181 0.841530885 1.86035059 2.18744005 10.0735337 13.1059695 20.1470674 30.2206012
0.199916366 0.751648265 1.86035059 2.18517286 10.0630929 13.0923857 20.1261858 30.1892787
0.200072551 0.186830692 1.86035059 2.18290902 10.0526675 13.078822 20.1053351 30.1580026
0.200228735 0.0534314045 1.85722891 2.18064854 10.0422576 13.0652784 20.0845153 30.1267729
0.20038492 0.276484607 1.84951501 2.1783914 10.0318631 13.0517548 20.0637263 30.0955894
0.200541105 0.205695926 1.83627765 2.17613761 10.021484 13.0382513 20.042968 30.0644521
0.200697289 0.0308638904 1.83627765 2.17388715 10.0111203 13.0247678 20.0222405 30.0333608
0.200853474 0.348827111 1.83627765 2.17164002 10.0007719 13.0113042 20.0015437 30.0023156
0.201009659 0.848211333 1.83404802 2.16939622 9.99043877 12.9978605 19.9808775 29.9713163
0.201165843 0.82719079 1.83052322 2.16715573 9.98012097 12.9844367 19.9602419 29.9403629
0.201322028 0.595212809 1.83052322 2.16491857 9.96981844 12.9710328 19.9396369 29.9094553
0.201478213 0.889563087 1.83052322 2.16268471 9.95953115 12.9576488 19.9190623 29.8785935
0.201634397 1.25820595 1.83052322 2.16045416 9.94925908 12.9442845 19.8985182 29.8477772
0.201790582 0.718110371 1.83052322 2.15822691 9.93900221 12.93094 19.8780044 29.8170066
0.201946767 0.0475273124 1.82867054 2.15600295 9.9287605 12.9176152 19.857521 29.7862815
0.202102951 1.48461183 1.82867054 2.15378228 9.91853394 12.9043102 19.8370679 29.7556018
0.202259136 5.47996382 1.82867054 2.1515649 9.90832251 12.8910248 19.816645 29.7249675
0.202415321 9.24148442 1.82867054 2.14935079 9.89812617 12.8777591 19.7962523 29.6943785
0.202571505 9.68462848 1.82675176 2.14713996 9.88794491 12.8645129 19.7758898 29.6638347
0.20272769 6.85478723 1.82032321 2.14493239 9.8777787 12.8512864 19.7555574 29.6333361
0.202883874 3.27852695 1.81939988 2.14272809 9.86762751 12.8380794 19.735255 29.6028825
0.203040059 1.03308934 1.81746587 2.14052705 9.85749133 12.8248919 19.7149827 29.572474
0.203196244 0.323654853 1.81499543 2.13832925 9.84737013 12.8117239 19.6947403 29.5421104
0.203352428 0.377677124 1.81363912 2.13613471 9.83726388 12.7985754 19.6745278 29.5117916
0.203508613 0.656463018 1.8120798 2.13394341 9.82717256 12.7854463 19.6543451 29.4815177
0.203664798 0.955507333 1.8028077 2.13175534 9.81709615 12.7723366 19.6341923 29.4512884
0.203820982 1.17662621 1.79508334 2.12957051 9.80703462 12.7592462 19.6140692 29.4211039
0.203977167 1.29254725 1.79390579 2.1273889 9.79698795 12.7461752 19.5939759 29.3909639
0.204133352 1.22495956 1.79390579 2.12521052 9.78695612 12.7331235 19.5739122 29.3608684
0.204289536 0.862977687 1.79390579 2.12303535 9.7769391 12.720091 19.5538782 29.3308173
0.204445721 0.450058267 1.79390579 2.12086339 9.76693687 12.7070778 19.5338737 29.3008106
0.204601906 0.634655195 1.79508334 2.11869464 9.7569494 12.6940838 19.5138988 29.2708482
0.20475809 1.63121637 1.8028077 2.11652909 9.74697668 12.681109 19.4939534 29.24093
0.204914275 2.57792019 1.8120798 2.11436674 9.73701867 12.6681534 19.4740373 29.211056
0.20507046 2.42251752 1.8120798 2.11220758 9.72707536 12.6552168 19.4541507 29.1812261
0.205226644 1.4517262 1.8120798 2.1100516 9.71714671 12.6422993 19.4342934 29.1514401
0.205382829 1.34198106 1.81363912 2.1078988 9.70723272 12.6294009 19.4144654 29.1216982
0.205539014 3.29244685 1.81499543 2.10574918 9.69733335 12.6165216 19.3946667 29.092
0.205695198 6.42086225 1.81746587 2.10360273 9.68744857 12.6036612 19.3748971 29.0623457
0.205851383 8.33719285 1.81746587 2.10145944 9.67757838 12.5908198 19.3551568 29.0327351
0.206007568 7.41191811 1.81746587 2.09931932 9.66772274 12.5779973 19.3354455 29.0031682
0.206163752 4.30841525 1.81939988 2.09718235 9.65788163 12.5651937 19.3157633 28.9736449
0.206319937 1.27869717 1.82032321 2.09504853 9.64805502 12.552409 19.29611 28.9441651
0.206476122 0.0719821315 1.82277768 2.09291785 9.6382429 12.5396431 19.2764858 28.9147287
0.206632306 0.628761226 1.82277768 2.09079032 9.62844524 12.5268961 19.2568905 28.8853357
0.206788491 1.67663594 1.82277768 2.08866592 9.61866202 12.5141678 19.237324 28.8559861
0.206944676 2.17965461 1.82675176 2.08654465 9.60889321 12.5014583 19.2177864 28.8266796
0.20710086 1.9914177 1.82675176 2.0844265 9.59913879 12.4887675 19.1982776 28.7974164
0.207257045 1.54052828 1.82867054 2.08231148 9.58939874 12.4760954 19.1787975 28.7681962
0.20741323 1.42089279 1.82867054 2.08019957 9.57967303 12.463442 19.1593461 28.7390191
0.207569414 1.9992802 1.82675176 2.07809077 9.56996165 12.4508072 19.1399233 28.7098849
0.207725599 2.9013269 1.82277768 2.07598507 9.56026456 12.438191 19.1205291 28.6807937
0.207881784 3.08048543 1.82032321 2.07388248 9.55058175 12.4255933 19.1011635 28.6517453
0.208037968 2.0745235 1.81939988 2.07178298 9.5409132 12.4130143 19.0818264 28.6227396
0.208194153 0.927021253 1.81939988 2.06968657 9.53125887 12.4004537 19.0625177 28.5937766
0.208350338 0.942377443 1.81939988 2.06759324 9.52161875 12.3879116 19.0432375 28.5648562
0.208506522 1.74263551 1.81746587 2.06550299 9.51199281 12.375388 19.0239856 28.5359784
0.208662707 1.87129654 1.81746587 2.06341582 9.50238103 12.3628828 19.0047621 28.5071431
0.208818892 1.2964086 1.81939988 2.06133172 9.49278339 12.3503959 18.9855668 28.4783502
0.208975076 1.63609805 1.81939988 2.05925069 9.48319987 12.3379275 18.9663997 28.4495996
0.209131261 3.29415867 1.81939988 2.05717271 9.47363044 12.3254774 18.9472609 28.4208913
0.209287446 4.20766981 1.81939988 2.05509779 9.46407508 12.3130456 18.9281502 28.3922252
0.20944363 2.81034892 1.81939988 2.05302592 9.45453377 12.300632 18.9090675 28.3636013
0.209599815 0.782238791 1.81939988 2.0509571 9.44500648 12.2882367 18.890013 28.3350194
0.209756 0.809626774 1.81939988 2.04889131 9.43549319 12.2758597 18.8709864 28.3064796
0.209912184 2.57067725 1.81746587 2.04682856 9.42599388 12.2635008 18.8519878 28.2779816
0.210068369 3.23140481 1.81746587 2.04476885 9.41650853 12.2511601 18.8330171 28.2495256
0.210224554 1.78071837 1.81746587 2.04271216 9.40703712 12.2388375 18.8140742 28.2211113
0.210380738 0.422219287 1.81499543 2.04065848 9.39757961 12.226533 18.7951592 28.1927388
0.210536923 1.11034622 1.81363912 2.03860783 9.388136 12.2142465 18.776272 28.164408
0.210693108 2.75159827 1.8120798 2.03656019 9.37870625 12.2019782 18.7574125 28.1361187
0.210849292 3.1577631 1.8120798 2.03451555 9.36929035 12.1897278 18.7385807 28.107871
0.211005477 2.22232854 1.8120798 2.03247391 9.35988826 12.1774954 18.7197765 28.0796648
0.211161662 1.57954048 1.8028077 2.03043527 9.35049998 12.165281 18.701 28.0514999
0.211317846 1.94727799 1.79508334 2.02839962 9.34112548 12.1530844 18.682251 28.0233764
0.211474031 2.39780044 1.79390579 2.02636696 9.33176473 12.1409058 18.6635295 27.9952942
0.211630216 2.05071655 1.79341457 2.02433728 9.32241771 12.1287451 18.6448354 27.9672531
0.2117864 1.18008972 1.78201892 2.02231058 9.31308441 12.1166022 18.6261688 27.9392532
0.211942585 0.489464913 1.78071837 2.02028685 9.30376479 12.1044771 18.6075296 27.9112944
0.212098769 0.197102786 1.77130957 2.01826609 9.29445884 12.0923697 18.5889177 27.8833765
0.212254954 0.171257308 1.76761613 2.01624829 9.28516653 12.0802802 18.5703331 27.8554996
0.212411139 0.365561683 1.75209209 2.01423345 9.27588784 12.0682083 18.5517757 27.8276635
0.212567323 0.797104265 1.74929261 2.01222157 9.26662276 12.0561542 18.5332455 27.7998683
0.212723508 1.42648028 1.74263551 2.01021263 9.25737125 12.0441177 18.5147425 27.7721138
0.212879693 2.31147404 1.72716071 2.00820663 9.2481333 12.0320988 18.4962666 27.7443999
0.213035877 3.63737326 1.72614154 2.00620357 9.23890889 12.0200976 18.4778178 27.7167267
0.213192062 5.31496315 1.72467128 2.00420345 9.22969798 12.0081139 18.459396 27.6890939
0.213348247 6.58310996 1.7172045 2.00220626 9.22050057 11.9961478 18.4410011 27.6615017
0.213504431 6.38614439 1.71150783 2.00021199 9.21131662 11.9841992 18.4226332 27.6339499
0.213660616 4.63005024 1.69117493 1.99822064 9.20214612 11.9722681 18.4042922 27.6064384
0.213816801 2.90078734 1.68693493 1.99623221 9.19298904 11.9603545 18.3859781 27.5789671
0.213972985 3.36046 1.68615568 1.99424668 9.18384537 11.9484583 18.3676907 27.5515361
0.21412917 6.27626894 1.68542309 1.99226407 9.17471508 11.9365795 18.3494302 27.5241452
0.214285355 9.20878067 1.67663594 1.99028435 9.16559815 11.9247181 18.3311963 27.4967944
0.214441539 9.58034071 1.67057259 1.98830753 9.15649455 11.9128741 18.3129891 27.4694837
0.214597724 7.93251227 1.65873891 1.9863336 9.14740427 11.9010473 18.2948085 27.4422128
0.214753909 7.38856609 1.65839372 1.98436256 9.13832729 11.8892379 18.2766546 27.4149819
0.214910093 9.8539557 1.65230475 1.9823944 9.12926358 11.8774458 18.2585272 27.3877907
0.215066278 13.6683364 1.64941195 1.98042911 9.12021312 11.8656708 18.2404262 27.3606393
0.215222463 15.6035671 1.6385327 1.97846671 9.11117588 11.8539131 18.2223518 27.3335277
0.215378647 14.3716777 1.63609805 1.97650716 9.10215186 11.8421726 18.2043037 27.3064556
0.215534832 11.4496704 1.63121637 1.97455049 9.09314102 11.8304492 18.186282 27.2794231
0.215691017 9.31758218 1.6300912 1.97259667 9.08414335 11.818743 18.1682867 27.2524301
0.215847201 9.16930276 1.61991117 1.9706457 9.07515883 11.8070538 18.1503177 27.2254765
0.216003386 10.0968611 1.61206915 1.96869758 9.06618742 11.7953818 18.1323748 27.1985623
0.216159571 9.77543686 1.61206915 1.96675231 9.05722912 11.7837268 18.1144582 27.1716874
0.216315755 7.11839083 1.61206915 1.96480988 9.04828389 11.7720888 18.0965678 27.1448517
0.21647194 4.33918185 1.60325856 1.96287029 9.03935173 11.7604677 18.0787035 27.1180552
0.216628125 5.27913524 1.60152464 1.96093352 9.0304326 11.7488637 18.0608652 27.0912978
0.216784309 10.6677619 1.59407795 1.95899959 9.02152649 11.7372766 18.043053 27.0645795
0.216940494 16.3923667 1.59407795 1.95706847 9.01263337 11.7257064 18.0252667 27.0379001
0.217096679 18.1909234 1.60152464 1.95514017 9.00375322 11.714153 18.0075064 27.0112597
0.217252863 16.7481865 1.60325856 1.95321468 8.99488603 11.7026165 17.9897721 26.9846581
0.217409048 15.9580354 1.61206915 1.95129201 8.98603177 11.6910969 17.9720635 26.9580953
0.217565233 16.6668691 1.61991117 1.94937213 8.97719042 11.679594 17.9543808 26.9315713
0.217721417 15.6065124 1.61991117 1.94745506 8.96836196 11.6681079 17.9367239 26.9050859
0.217877602 11.0901473 1.61991117 1.94554077 8.95954637 11.6566386 17.9190927 26.8786391
0.218033787 6.65733242 1.6300912 1.94362928 8.95074362 11.6451859 17.9014872 26.8522309
0.218189971 6.62989418 1.63121637 1.94172058 8.9419537 11.63375 17.8839074 26.8258611
0.218346156 9.90147624 1.63609805 1.93981465 8.93317659 11.6223307 17.8663532 26.7995298
0.218502341 11.0813389 1.63609805 1.9379115 8.92441226 11.610928 17.8488245 26.7732368
0.218658525 7.47825119 1.63609805 1.93601112 8.91566069 11.599542 17.8313214 26.7469821
0.21881471 2.45862893 1.6385327 1.93411351 8.90692187 11.5881725 17.8138437 26.7207656
0.218970895 1.03852617 1.64941195 1.93221866 8.89819577 11.5768196 17.7963915 26.6945873
0.219127079 3.97385564 1.65230475 1.93032657 8.88948237 11.5654832 17.7789647 26.6684471
0.219283264 7.3427159 1.65230475 1.92843723 8.88078165 11.5541633 17.7615633 26.642345
0.219439449 7.26523025 1.65839372 1.92655065 8.87209359 11.5428599 17.7441872 26.6162808
0.219595633 3.92258789 1.65839372 1.9246668 8.86341817 11.5315729 17.7268363 26.5902545
0.219751818 0.759368477 1.65839372 1.9227857 8.85475537 11.5203023 17.7095107 26.5642661
0.219908003 0.41912397 1.65839372 1.92090733 8.84610517 11.5090482 17.6922103 26.5383155
0.220064187 1.92805623 1.65839372 1.91903169 8.83746754 11.4978104 17.6749351 26.5124026
0.220220372 2.37920607 1.65230475 1.91715878 8.82884247 11.4865889 17.6576849 26.4865274
0.220376557 1.00360539 1.64941195 1.9152886 8.82022994 11.4753837 17.6404599 26.4606898
0.220532741 0.247126827 1.6385327 1.91342113 8.81162992 11.4641948 17.6232598 26.4348898
0.220688926 2.04495687 1.63609805 1.91155637 8.8030424 11.4530222 17.6060848 26.4091272
0.22084511 4.52265503 1.63609805 1.90969432 8.79446736 11.4418658 17.5889347 26.3834021
0.221001295 4.41285531 1.63609805 1.90783498 8.78590476 11.4307256 17.5718095 26.3577143
0.22115748 2.1080536 1.63609805 1.90597834 8.77735461 11.4196016 17.5547092 26.3320638
0.221313664 1.67057259 1.63121637 1.90412439 8.76881686 11.4084938 17.5376337 26.3064506
0.221469849 5.02552113 1.6300912 1.90227313 8.76029151 11.397402 17.520583 26.2808745
0.221626034 8.73936129 1.61991117 1.90042456 8.75177854 11.3863264 17.5035571 26.2553356
0.221782218 8.38443717 1.61206915 1.89857868 8.74327791 11.3752668 17.4865558 26.2298337
0.221938403 4.57184185 1.60325856 1.89673547 8.73478962 11.3642233 17.4695792 26.2043689
0.222094588 1.93734882 1.60152464 1.89489493 8.72631364 11.3531958 17.4526273 26.1789409
0.222250772 2.82261108 1.59407795 1.89305707 8.71784996 11.3421843 17.4356999 26.1535499
0.222406957 4.86084168 1.57954048 1.89122186 8.70939855 11.3311888 17.4187971 26.1281956
0.222563142 5.07773991 1.57643704 1.88938932 8.70095939 11.3202092 17.4019188 26.1028782
0.222719326 3.78904227 1.57273545 1.88755944 8.69253246 11.3092455 17.3850649 26.0775974
0.222875511 2.97234926 1.5616862 1.88573221 8.68411774 11.2982977 17.3682355 26.0523532
0.223031696 2.8812147 1.54545378 1.88390762 8.67571522 11.2873657 17.3514304 26.0271457
0.22318788 2.4005451 1.54330811 1.88208568 8.66732487 11.2764496 17.3346497 26.0019746
0.223344065 1.72614154 1.54265342 1.88026638 8.65894667 11.2655494 17.3178933 25.97684
0.22350025 2.0991201 1.54052828 1.87844971 8.65058061 11.2546649 17.3011612 25.9517418
0.223656434 3.11304409 1.54052828 1.87663567 8.64222666 11.2437961 17.2844533 25.92668
0.223812619 2.85219759 1.53552868 1.87482426 8.6338848 11.2329431 17.2677696 25.9016544
0.223968804 1.47551925 1.52617164 1.87301547 8.62555501 11.2221058 17.25111 25.876665
0.224124988 2.27133712 1.51570561 1.8712093 8.61723728 11.2112842 17.2344746 25.8517118
0.224281173 7.25196204 1.51311588 1.86940574 8.60893158 11.2004782 17.2178632 25.8267947
0.224437358 13.0494616 1.49860119 1.86760479 8.60063789 11.1896879 17.2012758 25.8019137
0.224593542 13.8387971 1.49742056 1.86580644 8.5923562 11.1789132 17.1847124 25.7770686
0.224749727 8.48155187 1.49149168 1.8640107 8.58408648 11.168154 17.168173 25.7522595
0.224905912 2.25439125 1.49149168 1.86221755 8.57582872 11.1574104 17.1516574 25.7274862
0.225062096 0.663733728 1.49149168 1.86042699 8.5675829 11.1466823 17.1351658 25.7027487
0.225218281 3.35642568 1.49149168 1.85863902 8.55934899 11.1359698 17.118698 25.678047
0.225374466 5.68204049 1.49149168 1.85685363 8.55112697 11.1252727 17.1022539 25.6533809
0.22553065 4.83880618 1.49149168 1.85507082 8.54291683 11.1145911 17.0858337 25.6287505
0.225686835 2.33489879 1.49149168 1.85329059 8.53471856 11.1039248 17.0694371 25.6041557
0.22584302 0.6990317 1.49149168 1.85151292 8.52653211 11.093274 17.0530642 25.5795963
0.225999204 0.236690886 1.49149168 1.84973783 8.51835749 11.0826386 17.036715 25.5550725
0.226155389 0.0471282645 1.49149168 1.84796529 8.51019467 11.0720185 17.0203893 25.530584
0.226311574 0.259973081 1.48943875 1.84619531 8.50204362 11.0614138 17.0040872 25.5061309
0.226467758 1.49149168 1.48816728 1.84442789 8.49390434 11.0508243 16.9878087 25.481713
0.226623943 2.9723756 1.48461183 1.84266302 8.4857768 11.0402501 16.9715536 25.4573304
0.226780128 3.1046207 1.47551925 1.84090069 8.47766097 11.0296912 16.9553219 25.4329829
0.226936312 1.86035059 1.47551925 1.8391409 8.46955686 11.0191475 16.9391137 25.4086706
0.227092497 1.0368842 1.47551925 1.83738365 8.46146442 11.008619 16.9229288 25.3843933
0.227248682 1.72467128 1.47041387 1.83562894 8.45338365 10.9981057 16.9067673 25.360151
0.227404866 2.80669349 1.46984526 1.83387675 8.44531453 10.9876075 16.8906291 25.3359436
0.227561051 2.62599578 1.4633599 1.83212709 8.43725703 10.9771245 16.8745141 25.3117711
0.227717236 1.25164548 1.46188714 1.83037994 8.42921114 10.9666565 16.8584223 25.2876334
0.22787342 0.18448145 1.45292416 1.82863532 8.42117684 10.9562037 16.8423537 25.2635305
0.228029605 0.348640355 1.4517262 1.8268932 8.4131541 10.9457658 16.8263082 25.2394623
0.22818579 1.24333588 1.45133093 1.82515359 8.40514292 10.9353431 16.8102858 25.2154288
0.228341974 1.83404802 1.44991017 1.82341649 8.39714327 10.9249353 16.7942865 25.1914298
0.228498159 1.6385327 1.44809995 1.82168189 8.38915513 10.9145425 16.7783103 25.1674654
0.228654344 0.933344576 1.44809995 1.81994978 8.38117848 10.9041646 16.762357 25.1435354
0.228810528 0.35266022 1.4468699 1.81822017 8.37321331 10.8938017 16.7464266 25.1196399
0.228966713 0.342474352 1.44456127 1.81649304 8.36525959 10.8834536 16.7305192 25.0957788
0.229122898 0.693646174 1.44372511 1.8147684 8.35731731 10.8731205 16.7146346 25.0719519
0.229279082 0.763826138 1.44263189 1.81304623 8.34938645 10.8628022 16.6987729 25.0481593
0.229435267 0.390954722 1.43883603 1.81132654 8.34146698 10.8524988 16.682934 25.024401
0.229591452 0.259243866 1.43291968 1.80960932 8.3335589 10.8422101 16.6671178 25.0006767
0.229747636 0.970096296 1.42648028 1.80789457 8.32566218 10.8319362 16.6513244 24.9769865
0.229903821 2.02228458 1.42617615 1.80618228 8.31777681 10.8216771 16.6355536 24.9533304
0.230060005 2.29990264 1.42089279 1.80447246 8.30990275 10.8114327 16.6198055 24.9297083
0.23021619 1.4633599 1.40845518 1.80276508 8.30204001 10.8012031 16.60408 24.90612
0.230372375 0.40267889 1.4062038 1.80106016 8.29418855 10.7909881 16.5883771 24.8825656
0.230528559 0.309462882 1.40336998 1.79935768 8.28634836 10.7807878 16.5726967 24.8590451
0.230684744 1.53552868 1.39709309 1.79765765 8.27851942 10.7706021 16.5570388 24.8355583
0.230840929 3.20455807 1.39252245 1.79596006 8.27070172 10.760431 16.5414034 24.8121051
0.230997113 3.77958231 1.39177842 1.7942649 8.26289522 10.7502745 16.5257904 24.7886857
0.231153298 2.48942382 1.38796074 1.79257217 8.25509993 10.7401326 16.5101999 24.7652998
0.231309483 0.702400075 1.37956087 1.79088187 8.2473158 10.7300052 16.4946316 24.7419474
0.231465667 1.20834544 1.37956087 1.78919399 8.23954284 10.7198924 16.4790857 24.7186285
0.231621852 5.00666292 1.37956087 1.78750854 8.23178102 10.709794 16.463562 24.6953431
0.231778037 9.18526021 1.37956087 1.78582549 8.22403032 10.6997101 16.4480606 24.672091
0.231934221 9.56262275 1.37458272 1.78414486 8.21629072 10.6896407 16.4325814 24.6488722
0.232090406 5.65353237 1.36944716 1.78246664 8.20856221 10.6795857 16.4171244 24.6256866
0.232246591 1.51311588 1.35908066 1.78079082 8.20084477 10.669545 16.4016895 24.6025343
0.232402775 1.04706659 1.34269119 1.77911739 8.19313838 10.6595188 16.3862768 24.5794151
0.23255896 3.57819241 1.34198106 1.77744637 8.18544301 10.6495069 16.370886 24.556329
0.232715145 5.29872426 1.3416045 1.77577773 8.17775866 10.6395093 16.3555173 24.533276
0.232871329 4.1655841 1.32976676 1.77411148 8.1700853 10.629526 16.3401706 24.5102559
0.233027514 1.72716071 1.32863622 1.77244762 8.16242293 10.6195571 16.3248459 24.4872688
0.233183699 0.386687594 1.32334999 1.77078613 8.1547715 10.6096023 16.309543 24.4643145
0.233339883 0.53679582 1.31807109 1.76912702 8.14713102 10.5996618 16.294262 24.4413931
0.233496068 0.971601784 1.31729717 1.76747029 8.13950147 10.5897356 16.2790029 24.4185044
0.233652253 0.891870303 1.31729717 1.76581592 8.13188281 10.5798235 16.2637656 24.3956484
0.233808437 0.541945556 1.31729717 1.76416391 8.12427505 10.5699255 16.2485501 24.3728251
0.233964622 0.331947911 1.31729717 1.76251427 8.11667815 10.5600417 16.2333563 24.3500345
0.234120807 0.242062047 1.31505799 1.76086698 8.10909211 10.5501721 16.2181842 24.3272763
0.234276991 0.122056137 1.30971173 1.75922204 8.10151689 10.5403165 16.2030338 24.3045507
0.234433176 0.0327364121 1.30940901 1.75757945 8.0939525 10.530475 16.187905 24.2818575
0.234589361 0.0778052307 1.3093829 1.75593921 8.0863989 10.5206475 16.1727978 24.2591967
0.234745545 0.178683244 1.30892715 1.75430131 8.07885608 10.5108341 16.1577122 24.2365682
0.23490173 0.288681289 1.3010951 1.75266574 8.07132402 10.5010347 16.142648 24.2139721
0.235057915 0.707415157 1.29928603 1.75103251 8.06380271 10.4912492 16.1276054 24.1914081
0.235214099 1.76761613 1.29830588 1.74940161 8.05629213 10.4814777 16.1125843 24.1688764
0.235370284 3.07369621 1.2964086 1.74777303 8.04879225 10.4717201 16.0975845 24.1463767
0.235526469 3.46947072 1.29254725 1.74614677 8.04130307 10.4619765 16.0826061 24.1239092
0.235682653 2.30432877 1.27869717 1.74452284 8.03382456 10.4522467 16.0676491 24.1014737
0.235838838 0.637637954 1.27762114 1.74290121 8.0263567 10.4425308 16.0527134 24.0790701
0.235995023 0.260253267 1.27762114 1.7412819 8.01889949 10.4328288 16.037799 24.0566985
0.236151207 1.37458272 1.27762114 1.73966489 8.0114529 10.4231405 16.0229058 24.0343587
0.236307392 2.27957337 1.27422631 1.73805019 8.00401691 10.4134661 16.0080338 24.0120507
0.236463577 1.7172045 1.27049456 1.73643778 7.99659151 10.4038054 15.993183 23.9897745
0.236619761 0.597423911 1.26939216 1.73482767 7.98917668 10.3941585 15.9783534 23.96753
0.236775946 0.456494592 1.26939216 1.73321985 7.9817724 10.3845253 15.9635448 23.9453172
0.236932131 1.10336753 1.26939216 1.73161432 7.97437866 10.3749058 15.9487573 23.923136
0.237088315 1.19842402 1.26934568 1.73001108 7.96699543 10.3653 15.9339909 23.9009863
0.2372445 0.670087684 1.26934568 1.72841011 7.95962271 10.3557079 15.9192454 23.8788681
0.237400685 0.808185676 1.26939216 1.72681142 7.95226046 10.3461294 15.9045209 23.8567814
0.237556869 1.83052322 1.27049456 1.725215 7.94490869 10.3365645 15.8898174 23.8347261
0.237713054 2.2479386 1.26939216 1.72362085 7.93756736 10.3270132 15.8751347 23.8127021
0.237869239 1.26610034 1.26934568 1.72202897 7.93023646 10.3174755 15.8604729 23.7907094
0.238025423 0.281072031 1.26934568 1.72043934 7.92291598 10.3079513 15.845832 23.7687479
0.238181608 0.753872108 1.26934568 1.71885198 7.91560589 10.2984407 15.8312118 23.7468177
0.238337793 1.85722891 1.26934568 1.71726687 7.90830619 10.2889436 15.8166124 23.7249186
0.238493977 1.83627765 1.26939216 1.71568401 7.90101685 10.2794599 15.8020337 23.7030505
0.238650162 0.831137372 1.26939216 1.7141034 7.89373785 10.2699897 15.7874757 23.6812136
0.238806346 0.521596114 1.26939216 1.71252502 7.88646918 10.260533 15.7729384 23.6594076
0.238962531 1.27049456 1.26939216 1.71094889 7.87921083 10.2510896 15.7584217 23.6376325
0.239118716 1.60152464 1.26934568 1.709375 7.87196277 10.2416597 15.7439255 23.6158883
0.2392749 0.820132818 1.269138 1.70780333 7.86472499 10.2322431 15.72945 23.594175
0.239431085 0.346965117 1.26621515 1.7062339 7.85749747 10.2228399 15.7149949 23.5724924
0.23958727 1.45292416 1.26621515 1.70466669 7.8502802 10.21345 15.7005604 23.5508406
0.239743454 3.07308868 1.269138 1.7031017 7.84307315 10.2040734 15.6861463 23.5292195
0.239899639 3.23840717 1.269138 1.70153892 7.83587632 10.1947101 15.6717526 23.507629
0.240055824 1.94986832 1.26621515 1.69997836 7.82868968 10.1853601 15.6573794 23.486069
0.240212008 1.11279274 1.26610034 1.69842001 7.82151321 10.1760233 15.6430264 23.4645396
0.240368193 1.81939988 1.26572368 1.69686387 7.81434691 10.1666997 15.6286938 23.4430407
0.240524378 3.01224104 1.26572368 1.69530993 7.80719075 10.1573894 15.6143815 23.4215723
0.240680562 3.14640261 1.26572368 1.69375819 7.80004472 10.1480922 15.6000894 23.4001342
0.240836747 2.17673814 1.26519476 1.69220865 7.7929088 10.1388081 15.5858176 23.3787264
0.240992932 1.25577632 1.26353027 1.69066129 7.78578298 10.1295372 15.571566 23.3573489
0.241149116 1.12220903 1.25820595 1.68911613 7.77866723 10.1202794 15.5573345 23.3360017
0.241305301 1.44809995 1.25577632 1.68757315 7.77156155 10.1110347 15.5431231 23.3146846
0.241461486 1.61206915 1.25820595 1.68603235 7.7644659 10.101803 15.5289318 23.2933977
0.24161767 1.49742056 1.26353027 1.68449373 7.75738029 10.0925844 15.5147606 23.2721409
0.241773855 1.39177842 1.25820595 1.68295728 7.75030469 10.0833789 15.5006094 23.2509141
0.24193004 1.43291968 1.25577632 1.681423 7.74323909 10.0741863 15.4864782 23.2297173
0.242086224 1.42617615 1.25820595 1.67989089 7.73618346 10.0650067 15.4723669 23.2085504
0.242242409 1.15699805 1.26353027 1.67836095 7.7291378 10.0558401 15.4582756 23.1874134
0.242398594 0.708838388 1.26519476 1.67683316 7.72210208 10.0466864 15.4442042 23.1663062
0.242554778 0.439735188 1.26519476 1.67530753 7.71507629 10.0375457 15.4301526 23.1452289
0.242710963 0.62610456 1.26519476 1.67378405 7.70806042 10.0284178 15.4161208 23.1241813
0.242867148 1.134905 1.26519476 1.67226272 7.70105444 10.0193028 15.4021089 23.1031633
0.243023332 1.47041387 1.26572368 1.67074354 7.69405835 10.0102007 15.3881167 23.082175
0.243179517 1.21448508 1.26519476 1.6692265 7.68707212 10.0011114 15.3741442 23.0612164
0.243335702 0.502827757 1.26353027 1.6677116 7.68009574 9.99203492 15.3601915 23.0402872
0.243491886 0.0236910313 1.26353027 1.66619883 7.67312919 9.98297124 15.3462584 23.0193876
0.243648071 0.399070067 1.26519476 1.6646882 7.66617246 9.97392032 15.3323449 22.9985174
0.243804256 1.49860119 1.26572368 1.66317969 7.65922553 9.96488216 15.3184511 22.9776766
0.24396044 2.47472779 1.26572368 1.66167331 7.65228838 9.95585672 15.3045768 22.9568651
0.244116625 2.58079269 1.26572368 1.66016905 7.645361 9.94684399 15.290722 22.936083
0.24427281 1.88917179 1.26519476 1.6586669 7.63844338 9.93784396 15.2768868 22.9153301
0.244428994 1.06806387 1.26353027 1.65716688 7.63153549 9.92885658 15.263071 22.8946065
0.244585179 0.598142013 1.25820595 1.65566896 7.62463732 9.91988186 15.2492746 22.873912
0.244741364 0.505529768 1.25577632 1.65417315 7.61774886 9.91091976 15.2354977 22.8532466
0.244897548 0.688953093 1.25553894 1.65267944 7.61087008 9.90197027 15.2217402 22.8326102
0.245053733 1.06098164 1.25222124 1.65118783 7.60400098 9.89303336 15.208002 22.8120029
0.245209918 1.31729717 1.25164548 1.64969832 7.59714153 9.88410902 15.1942831 22.7914246
0.245366102 1.05354672 1.24637025 1.64821091 7.59029173 9.87519722 15.1805835 22.7708752
0.245522287 0.379982622 1.24333588 1.64672558 7.58345155 9.86629794 15.1669031 22.7503547
0.245678472 0.0079060635 1.23819203 1.64524234 7.57662098 9.85741116 15.153242 22.7298629
0.245834656 0.353150104 1.23542831 1.64376119 7.56980001 9.84853687 15.1396 22.7094
0.245990841 0.864713432 1.23261503 1.64228211 7.56298861 9.83967504 15.1259772 22.6889658
0.246147026 0.755114042 1.23049156 1.64080511 7.55618677 9.83082564 15.1123735 22.6685603
0.24630321 0.180240927 1.22987353 1.63933018 7.54939448 9.82198867 15.098789 22.6481835
0.246459395 0.071453766 1.22939374 1.63785733 7.54261173 9.8131641 15.0852235 22.6278352
0.24661558 0.81052931 1.22717854 1.63638654 7.53583849 9.80435191 15.071677 22.6075155
0.246771764 1.69117493 1.22495956 1.63491781 7.52907474 9.79555208 15.0581495 22.5872242
0.246927949 1.84951501 1.2246034 1.63345114 7.52232049 9.78676459 15.044641 22.5669615
0.247084134 1.26572368 1.22420057 1.63198653 7.5155757 9.77798942 15.0311514 22.5467271
0.247240318 0.574743709 1.22200941 1.63052397 7.50884036 9.76922654 15.0176807 22.5265211
0.247396503 0.237800734 1.21535515 1.62906346 7.50211447 9.76047595 15.0042289 22.5063434
0.247552688 0.238828979 1.21448508 1.62760499 7.49539799 9.75173761 14.990796 22.486194
0.247708872 0.336306589 1.21191777 1.62614857 7.48869092 9.74301152 14.9773818 22.4660728
0.247865057 0.307715257 1.21191777 1.62469419 7.48199325 9.73429764 14.9639865 22.4459797
0.248021241 0.143049968 1.21191777 1.62324184 7.47530495 9.72559596 14.9506099 22.4259148
0.248177426 0.234065079 1.21191777 1.62179153 7.46862601 9.71690646 14.937252 22.405878
0.248333611 1.10608791 1.20834544 1.62034325 7.46195641 9.70822912 14.9239128 22.3858692
0.248489795 2.64351078 1.20372746 1.61889699 7.45529615 9.69956392 14.9105923 22.3658885
0.24864598 3.82719571 1.20372746 1.61745275 7.4486452 9.69091084 14.8972904 22.3459356
0.248802165 3.63612331 1.20372746 1.61601054 7.44200355 9.68226985 14.8840071 22.3260107
0.248958349 2.18024557 1.20372746 1.61457034 7.43537119 9.67364095 14.8707424 22.3061136
0.249114534 0.625529 1.20372746 1.61313215 7.4287481 9.6650241 14.8574962 22.2862443
0.249270719 0.029358482 1.20372746 1.61169598 7.42213426 9.6564193 14.8442685 22.2664028
0.249426903 0.555479677 1.19842402 1.61026181 7.41552966 9.64782652 14.8310593 22.246589
0.249583088 1.68693493 1.19842402 1.60882964 7.40893428 9.63924573 14.8178686 22.2268028
0.249739273 2.70058704 1.18207023 1.60739947 7.40234811 9.63067693 14.8046962 22.2070443
0.249895457 2.929861 1.18008972 1.6059713 7.39577114 9.62212009 14.7915423 22.1873134
0.250051642 2.12579092 1.17993077 1.60454512 7.38920334 9.61357519 14.7784067 22.16761
0.250207827 0.834941617 1.17662621 1.60312093 7.38264471 9.60504222 14.7652894 22.1479341
0.250364011 0.0596944327 1.1760364 1.60169873 7.37609523 9.59652115 14.7521905 22.1282857
0.250520196 0.23046964 1.17582592 1.60027851 7.36955488 9.58801196 14.7391098 22.1086646
0.250676381 0.755311858 1.17106969 1.59886027 7.36302365 9.57951463 14.7260473 22.089071
0.250832565 0.816849946 1.16945676 1.59744401 7.35650153 9.57102915 14.7130031 22.0695046
0.25098875 0.374635442 1.16779702 1.59602972 7.34998849 9.5625555 14.699977 22.0499655
0.251144935 0.0237169412 1.16731646 1.5946174 7.34348453 9.55409365 14.6869691 22.0304536
0.251301119 0.0940299149 1.16605683 1.59320705 7.33698963 9.54564359 14.6739793 22.0109689
0.251457304 0.340631688 1.16605683 1.59179867 7.33050377 9.53720529 14.6610075 21.9915113
0.251613489 0.473832654 1.16605683 1.59039224 7.32402695 9.52877875 14.6480539 21.9720808
0.251769673 0.527490871 1.16605683 1.58898778 7.31755913 9.52036393 14.6351183 21.9526774
0.251925858 0.581468126 1.16605683 1.58758526 7.31110032 9.51196082 14.6222006 21.933301
0.252082043 0.527405585 1.16605683 1.5861847 7.3046505 9.50356941 14.609301 21.9139515
0.252238227 0.326119606 1.16039374 1.58478609 7.29820964 9.49518966 14.5964193 21.8946289
0.252394412 0.247888613 1.15792684 1.58338942 7.29177775 9.48682157 14.5835555 21.8753332
0.252550597 0.549483402 1.15699805 1.58199469 7.28535479 9.47846511 14.5707096 21.8560644
0.252706781 1.05796826 1.14675372 1.5806019 7.27894076 9.47012027 14.5578815 21.8368223
0.252862966 1.35908066 1.14675372 1.57921105 7.27253565 9.46178702 14.5450713 21.8176069
0.253019151 1.3093829 1.14675372 1.57782213 7.26613943 9.45346535 14.5322789 21.7984183
0.253175335 1.16731646 1.15699805 1.57643514 7.2597521 9.44515524 14.5195042 21.7792563
0.25333152 1.30971173 1.15699805 1.57505007 7.25337363 9.43685667 14.5067473 21.7601209
0.253487705 1.9632935 1.15699805 1.57366693 7.24700402 9.42856961 14.494008 21.7410121
0.253643889 3.06301067 1.15699805 1.57228571 7.24064325 9.42029406 14.4812865 21.7219298
0.253800074 4.08003398 1.14675372 1.5709064 7.23429131 9.41202999 14.4685826 21.7028739
0.253956259 4.19837508 1.14245685 1.569529 7.22794818 9.40377739 14.4558964 21.6838445
0.254112443 3.17100101 1.134905 1.56815352 7.22161385 9.39553623 14.4432277 21.6648415
0.254268628 1.93029637 1.13260296 1.56677995 7.21528829 9.3873065 14.4305766 21.6458649
0.254424813 1.81499543 1.13260296 1.56540827 7.20897151 9.37908817 14.417943 21.6269145
0.254580997 2.88938967 1.13260296 1.5640385 7.20266348 9.37088124 14.405327 21.6079904
0.254737182 3.62685103 1.1299244 1.56267063 7.19636419 9.36268567 14.3927284 21.5890926
0.254893367 2.75325877 1.12910529 1.56130465 7.19007363 9.35450146 14.3801473 21.5702209
0.255049551 0.949931804 1.12780833 1.55994056 7.18379178 9.34632858 14.3675836 21.5513753
0.255205736 0.0449956492 1.12539733 1.55857837 7.17751862 9.33816702 14.3550372 21.5325559
0.255361921 0.706310375 1.12539733 1.55721805 7.17125415 9.33001676 14.3425083 21.5137625
0.255518105 1.75209209 1.12539733 1.55585962 7.16499835 9.32187777 14.3299967 21.494995
0.25567429 1.88148195 1.12220903 1.55450307 7.1587512 9.31375004 14.3175024 21.4762536
0.255830475 1.27422631 1.12220903 1.5531484 7.15251269 9.30563356 14.3050254 21.4575381
0.255986659 0.944756512 1.12220903 1.5517956 7.14628281 9.2975283 14.2925656 21.4388484
0.256142844 1.14245685 1.12539733 1.55044467 7.14006155 9.28943424 14.2801231 21.4201846
0.256299029 1.17993077 1.12780833 1.5490956 7.13384888 9.28135138 14.2676978 21.4015466
0.256455213 0.725096522 1.12539733 1.5477484 7.12764479 9.27327968 14.2552896 21.3829344
0.256611398 0.461417366 1.12539733 1.54640306 7.12144928 9.26521913 14.2428986 21.3643478
0.256767583 1.12910529 1.12220903 1.54505958 7.11526232 9.25716971 14.2305246 21.345787
0.256923767 2.34267227 1.12220903 1.54371796 7.10908391 9.24913141 14.2181678 21.3272517
0.257079952 2.87083846 1.12220903 1.54237818 7.10291403 9.2411042 14.2058281 21.3087421
0.257236136 2.15135073 1.11395109 1.54104026 7.09675266 9.23308808 14.1935053 21.290258
0.257392321 1.04669384 1.11395109 1.53970418 7.09059979 9.22508301 14.1811996 21.2717994
0.257548506 0.832502083 1.11395109 1.53836995 7.08445541 9.21708899 14.1689108 21.2533662
0.25770469 1.52617164 1.11395109 1.53703755 7.0783195 9.20910599 14.156639 21.2349585
0.257860875 1.8120798 1.11395109 1.53570699 7.07219205 9.20113399 14.1443841 21.2165762
0.25801706 0.987129725 1.11279274 1.53437827 7.06607305 9.19317299 14.1321461 21.1982191
0.258173244 0.190073649 1.11279274 1.53305137 7.05996248 9.18522295 14.119925 21.1798874
0.258329429 0.970248252 1.11279274 1.53172631 7.05386033 9.17728387 14.1077207 21.161581
0.258485614 2.8680938 1.11279274 1.53040307 7.04776658 9.16935572 14.0955332 21.1432997
0.258641798 3.6771265 1.11239101 1.52908165 7.04168123 9.1614385 14.0833625 21.1250437
0.258797983 2.39718283 1.11239101 1.52776205 7.03560425 9.15353217 14.0712085 21.1068127
0.258954168 0.73778141 1.11034622 1.52644427 7.02953564 9.14563672 14.0590713 21.0886069
0.259110352 0.901984141 1.11034622 1.5251283 7.02347537 9.13775213 14.0469507 21.0704261
0.259266537 2.72152676 1.11034622 1.52381414 7.01742345 9.1298784 14.0348469 21.0522703
0.259422722 4.20713093 1.11034622 1.52250179 7.01137985 9.12201549 14.0227597 21.0341395
0.259578906 4.37877576 1.11034622 1.52119124 7.00534455 9.11416339 14.0106891 21.0160337
0.259735091 4.01112355 1.11034622 1.5198825 6.99931756 9.10632209 13.9986351 20.9979527
0.259891276 3.67210755 1.11034622 1.51857555 6.99329884 9.09849156 13.9865977 20.9798965
0.26004746 2.8346094 1.11034622 1.5172704 6.9872884 9.0906718 13.9745768 20.9618652
0.260203645 1.45133093 1.11034622 1.51596704 6.98128621 9.08286277 13.9625724 20.9438586
0.26035983 0.89239242 1.11034622 1.51466547 6.97529227 9.07506447 13.9505845 20.9258768
0.260516014 2.09067478 1.11034622 1.51336569 6.96930655 9.06727687 13.9386131 20.9079196
0.260672199 3.72834068 1.11034622 1.51206769 6.96332905 9.05949996 13.9266581 20.8899871
0.260828384 3.68135054 1.11034622 1.51077147 6.95735975 9.05173373 13.9147195 20.8720793
0.260984568 1.87681758 1.11034622 1.50947704 6.95139864 9.04397815 13.9027973 20.8541959
0.261140753 0.286411138 1.11034622 1.50818437 6.94544571 9.0362332 13.8908914 20.8363371
0.261296938 0.197446562 1.11034622 1.50689348 6.93950094 9.02849888 13.8790019 20.8185028
0.261453122 0.82236719 1.10608791 1.50560436 6.93356432 9.02077516 13.8671286 20.800693
0.261609307 0.890303688 1.10608791 1.50431701 6.92763584 9.01306202 13.8552717 20.7829075
0.261765492 0.421490452 1.10608791 1.50303142 6.92171548 9.00535946 13.843431 20.7651464
0.261921676 0.229439991 1.10608791 1.50174759 6.91580323 8.99766744 13.8316065 20.7474097
0.262077861 0.598013843 1.11034622 1.50046552 6.90989907 8.98998596 13.8197981 20.7296972
0.262234046 1.3010951 1.11034622 1.4991852 6.904003 8.982315 13.808006 20.712009
0.26239023 2.31987401 1.11034622 1.49790664 6.898115 8.97465453 13.79623 20.694345
0.262546415 3.5558865 1.11034622 1.49662983 6.89223506 8.96700455 13.7844701 20.6767052
0.2627026 4.19785387 1.11034622 1.49535476 6.88636316 8.95936504 13.7727263 20.6590895
0.262858784 3.45487428 1.11034622 1.49408144 6.8804993 8.95173597 13.7609986 20.6414979
0.263014969 2.01605214 1.11239101 1.49280986 6.87464345 8.94411734 13.7492869 20.6239303
0.263171154 1.71150783 1.11279274 1.49154001 6.86879561 8.93650912 13.7375912 20.6063868
0.263327338 3.24312674 1.11279274 1.49027191 6.86295576 8.9289113 13.7259115 20.5888673
0.263483523 4.94675604 1.11279274 1.48900553 6.85712389 8.92132386 13.7142478 20.5713717
0.263639708 4.65031203 1.11279274 1.48774089 6.85129998 8.91374679 13.7026 20.5539
0.263795892 2.45304008 1.11279274 1.48647797 6.84548403 8.90618006 13.6909681 20.5364521
0.263952077 0.822114502 1.11279274 1.48521678 6.83967603 8.89862367 13.6793521 20.5190281
0.264108262 1.8028077 1.11395109 1.48395731 6.83387594 8.89107759 13.6677519 20.5016278
0.264264446 4.68276368 1.12033551 1.48269955 6.82808378 8.88354181 13.6561676 20.4842513
0.264420631 6.75891025 1.12033551 1.48144352 6.82229952 8.87601631 13.644599 20.4668986
0.264576816 6.15754798 1.12033551 1.48018919 6.81652314 8.86850108 13.6330463 20.4495694
0.264733 3.60441676 1.12220903 1.47893658 6.81075465 8.86099609 13.6215093 20.4322639
0.264889185 1.44456127 1.12539733 1.47768568 6.80499402 8.85350134 13.609988 20.414982
0.26504537 1.22939374 1.12220903 1.47643647 6.79924124 8.8460168 13.5984825 20.3977237
0.265201554 2.37816113 1.12033551 1.47518898 6.79349629 8.83854245 13.5869926 20.3804889
0.265357739 3.1046342 1.11395109 1.47394318 6.78775918 8.8310783 13.5755184 20.3632775
0.265513924 2.46369614 1.11279274 1.47269908 6.78202988 8.8236243 13.5640598 20.3460896
0.265670108 1.23049156 1.11239101 1.47145667 6.77630838 8.81618046 13.5526168 20.3289251
0.265826293 0.716668854 1.11239101 1.47021595 6.77059466 8.80874675 13.5411893 20.311784
0.265982477 1.15792684 1.11239101 1.46897692 6.76488873 8.80132315 13.5297775 20.2946662
0.266138662 1.79390579 1.11239101 1.46773958 6.75919055 8.79390966 13.5183811 20.2775717
0.266294847 2.31610699 1.11239101 1.46650392 6.75350013 8.78650625 13.5070003 20.2605004
0.266451031 3.32024366 1.11034622 1.46526994 6.74781745 8.7791129 13.4956349 20.2434523
0.266607216 4.99152865 1.11034622 1.46403764 6.74214249 8.77172961 13.484285 20.2264275
0.266763401 6.12765823 1.11034622 1.46280701 6.73647524 8.76435636 13.4729505 20.2094257
0.266919585 5.39122781 1.11239101 1.46157806 6.7308157 8.75699312 13.4616314 20.1924471
0.26707577 3.22032409 1.11279274 1.46035077 6.72516384 8.74963988 13.4503277 20.1754915
0.267231955 1.5616862 1.11279274 1.45912515 6.71951966 8.74229664 13.4390393 20.158559
0.267388139 1.60325856 1.11279274 1.4579012 6.71388314 8.73496336 13.4277663 20.1416494
0.267544324 2.531798 1.11239101 1.45667891 6.70825428 8.72764004 13.4165086 20.1247628
0.267700509 2.8674818 1.11034622 1.45545827 6.70263305 8.72032665 13.4052661 20.1078992
0.267856693 2.24355274 1.11034622 1.4542393 6.69701945 8.71302319 13.3940389 20.0910584
0.268012878 1.38796074 1.11034622 1.45302197 6.69141347 8.70572963 13.3828269 20.0742404
0.268169063 0.910103024 1.11034622 1.4518063 6.68581508 8.69844597 13.3716302 20.0574453
0.268325247 0.880626476 1.11239101 1.45059227 6.68022429 8.69117218 13.3604486 20.0406729
0.268481432 1.26939216 1.11279274 1.44937989 6.67464107 8.68390825 13.3492821 20.0239232
0.268637617 1.98739865 1.11395109 1.44816916 6.66906542 8.67665416 13.3381308 20.0071963
0.268793801 2.48767754 1.12033551 1.44696006 6.66349733 8.6694099 13.3269947 19.990492
0.268949986 2.10388605 1.12220903 1.4457526 6.65793677 8.66217545 13.3158735 19.9738103
0.269106171 1.02188316 1.12220903 1.44454678 6.65238374 8.65495079 13.3047675 19.9571512
0.269262355 0.386866198 1.12539733 1.44334258 6.64683823 8.64773592 13.2936765 19.9405147
0.26941854 1.0763934 1.12910529 1.44214002 6.64130023 8.6405308 13.2826005 19.9239007
0.269574725 2.68425059 1.1299244 1.44093908 6.63576971 8.63333544 13.2715394 19.9073091
0.269730909 4.0466284 1.1299646 1.43973977 6.63024668 8.62614981 13.2604934 19.89074
0.269887094 4.48716052 1.13260296 1.43854208 6.62473112 8.6189739 13.2494622 19.8741933
0.270043279 4.27016235 1.13403502 1.43734601 6.61922301 8.61180768 13.238446 19.857669
0.270199463 3.9863647 1.13403502 1.43615156 6.61372235 8.60465116 13.2274447 19.841167
0.270355648 3.88858662 1.13403502 1.43495872 6.60822912 8.5975043 13.2164582 19.8246873
0.270511833 3.72312725 1.13403502 1.43376749 6.60274331 8.5903671 13.2054866 19.8082299
0.270668017 3.09840762 1.13403502 1.43257787 6.59726491 8.58323953 13.1945298 19.7917947
0.270824202 2.00981199 1.13403502 1.43138986 6.5917939 8.57612159 13.1835878 19.7753817
0.270980387 1.08923872 1.13403502 1.43020345 6.58633028 8.56901326 13.1726606 19.7589909
0.271136571 1.18207023 1.13403502 1.42901864 6.58087404 8.56191452 13.1617481 19.7426221
0.271292756 2.32029451 1.13403502 1.42783543 6.57542515 8.55482536 13.1508503 19.7262755
0.271448941 3.34198879 1.134905 1.42665382 6.56998362 8.54774576 13.1399672 19.7099509
0.271605125 2.99827066 1.134905 1.4254738 6.56454942 8.54067571 13.1290988 19.6936483
0.27176131 1.48943875 1.134905 1.42429537 6.55912255 8.53361519 13.1182451 19.6773677
0.271917495 0.394277913 1.134905 1.42311852 6.553703 8.52656418 13.107406 19.661109
0.272073679 0.826088873 1.13403502 1.42194327 6.54829074 8.51952267 13.0965815 19.6448722
0.272229864 2.05022867 1.13403502 1.42076959 6.54288578 8.51249065 13.0857716 19.6286573
0.272386049 2.398991 1.13403502 1.4195975 6.53748809 8.50546811 13.0749762 19.6124643
0.272542233 1.36944716 1.13403502 1.41842699 6.53209768 8.49845501 13.0641954 19.596293
0.272698418 0.200947821 1.13260296 1.41725805 6.52671451 8.49145136 13.053429 19.5801435
0.272854603 0.214872975 1.1299646 1.41609068 6.5213386 8.48445713 13.0426772 19.5640158
0.273010787 1.16945676 1.1299244 1.41492489 6.51596991 8.47747231 13.0319398 19.5479097
0.273166972 1.74929261 1.1299244 1.41376066 6.51060845 8.47049688 13.0212169 19.5318253
0.273323157 1.34269119 1.1299244 1.412598 6.50525419 8.46353084 13.0105084 19.5157626
0.273479341 0.671245643 1.1299244 1.4114369 6.49990714 8.45657415 12.9998143 19.4997214
0.273635526 0.555821406 1.1299244 1.41027736 6.49456727 8.44962682 12.9891345 19.4837018
0.273791711 0.763189528 1.1299244 1.40911938 6.48923457 8.44268883 12.9784691 19.4677037
0.273947895 0.581353821 1.1299244 1.40796296 6.48390904 8.43576015 12.9678181 19.4517271
0.27410408 0.106360669 1.1299244 1.40680809 6.47859066 8.42884078 12.9571813 19.435772
0.274260265 0.217006133 1.1299244 1.40565477 6.47327942 8.42193069 12.9465588 19.4198383
0.274416449 1.22200941 1.1299244 1.40450299 6.46797531 8.41502988 12.9359506 19.4039259
0.274572634 2.23913564 1.1299244 1.40335276 6.46267831 8.40813834 12.9253566 19.3880349
0.274728819 2.29244049 1.1299244 1.40220408 6.45738842 8.40125603 12.9147768 19.3721653
0.274885003 1.54265342 1.1299646 1.40105694 6.45210563 8.39438296 12.9042113 19.3563169
0.275041188 0.893196668 1.1299646 1.39991133 6.44682992 8.38751911 12.8936598 19.3404898
0.275197372 0.688326962 1.1299646 1.39876726 6.44156129 8.38066445 12.8831226 19.3246839
0.275353557 0.52130046 1.1299646 1.39762472 6.43629971 8.37381898 12.8725994 19.3088991
0.275509742 0.281885474 1.13260296 1.39648372 6.43104518 8.36698269 12.8620904 19.2931355
0.275665926 0.551186699 1.13403502 1.39534424 6.42579769 8.36015555 12.8515954 19.2773931
0.275822111 1.54545378 1.134905 1.39420629 6.42055723 8.35333755 12.8411145 19.2616717
0.275978296 2.37848703 1.14245685 1.39306986 6.41532379 8.34652868 12.8306476 19.2459714
0.27613448 2.13518551 1.14675372 1.39193495 6.41009735 8.33972892 12.8201947 19.230292
0.276290665 1.3416045 1.15681902 1.39080156 6.4048779 8.33293827 12.8097558 19.2146337
0.27644685 1.40336998 1.15699805 1.38966969 6.39966543 8.32615669 12.7993309 19.1989963
0.276603034 2.57559541 1.15792684 1.38853933 6.39445994 8.31938419 12.7889199 19.1833798
0.276759219 3.45781766 1.15852781 1.38741049 6.38926141 8.31262074 12.7785228 19.1677842
0.276915404 2.94171775 1.16605683 1.38628315 6.38406982 8.30586633 12.7681396 19.1522095
0.277071588 1.83141796 1.16605683 1.38515732 6.37888517 8.29912095 12.7577703 19.1366555
0.277227773 1.68542309 1.16731646 1.38403299 6.37370745 8.29238458 12.7474149 19.1211224
0.277383958 2.60998048 1.16779702 1.38291016 6.36853665 8.28565721 12.7370733 19.1056099
0.277540142 3.20866185 1.16779702 1.38178884 6.36337275 8.27893882 12.7267455 19.0901182
0.277696327 2.64244019 1.16731646 1.38066901 6.35821574 8.2722294 12.7164315 19.0746472
0.277852512 1.64941195 1.16605683 1.37955067 6.35306562 8.26552894 12.7061312 19.0591969
0.278008696 1.23819203 1.16605683 1.37843383 6.34792237 8.25883741 12.6958447 19.0437671
0.278164881 1.32976676 1.16605683 1.37731847 6.34278598 8.25215481 12.685572 19.0283579
0.278321066 1.27762114 1.16605683 1.37620461 6.33765644 8.24548113 12.6753129 19.0129693
0.27847725 1.03940424 1.16731646 1.37509223 6.33253373 8.23881634 12.6650675 18.9976012
0.278633435 0.994860338 1.16731646 1.37398133 6.32741786 8.23216043 12.6548357 18.9822536
0.27878962 1.06015536 1.16731646 1.37287191 6.3223088 8.2255134 12.6446176 18.9669264
0.278945804 0.808464481 1.16779702 1.37176397 6.31720655 8.21887521 12.6344131 18.9516197
0.279101989 0.291205213 1.16779702 1.37065751 6.3121111 8.21224588 12.6242222 18.9363333
0.279258174 0.00685274411 1.16731646 1.36955252 6.30702243 8.20562536 12.6140449 18.9210673
0.279414358 0.143971914 1.16605683 1.368449 6.30194053 8.19901366 12.6038811 18.9058216
0.279570543 0.553751081 1.16605683 1.36734695 6.2968654 8.19241076 12.5937308 18.8905962
0.279726728 1.31807109 1.16731646 1.36624636 6.29179702 8.18581665 12.583594 18.8753911
0.279882912 2.4464206 1.16779702 1.36514724 6.28673538 8.17923131 12.5734708 18.8602061
0.280039097 3.12536243 1.16779702 1.36404958 6.28168047 8.17265472 12.5633609 18.8450414
0.280195282 2.3457985 1.16731646 1.36295338 6.27663229 8.16608688 12.5532646 18.8298969
0.280351466 0.702069767 1.16605683 1.36185864 6.27159081 8.15952776 12.5431816 18.8147724
0.280507651 0.275286132 1.16605683 1.36076535 6.26655603 8.15297736 12.5331121 18.7996681
0.280663836 1.82277768 1.16605683 1.35967352 6.26152794 8.14643567 12.5230559 18.7845838
0.28082002 3.38696341 1.16605683 1.35858313 6.25650653 8.13990266 12.5130131 18.7695196
0.280976205 2.8983166 1.16605683 1.35749419 6.25149178 8.13337833 12.5029836 18.7544753
0.28113239 1.29928603 1.15852781 1.3564067 6.24648369 8.12686265 12.4929674 18.7394511
0.281288574 1.269138 1.15852781 1.35532065 6.24148225 8.12035562 12.4829645 18.7244467
0.281444759 3.12343879 1.15852781 1.35423604 6.23648744 8.11385723 12.4729749 18.7094623
0.281600944 4.11568442 1.15852781 1.35315287 6.23149926 8.10736746 12.4629985 18.6944978
0.281757128 2.49802483 1.15852781 1.35207114 6.22651769 8.10088629 12.4530354 18.6795531
0.281913313 0.298421072 1.16605683 1.35099084 6.22154273 8.09441371 12.4430855 18.6646282
0.282069498 0.628965006 1.16605683 1.34991197 6.21657436 8.08794971 12.4331487 18.6497231
0.282225682 3.3271504 1.16412995 1.34883453 6.21161257 8.08149427 12.4232251 18.6348377
0.282381867 5.13676174 1.15852781 1.34775852 6.20665735 8.07504739 12.4133147 18.6199721
0.282538052 4.03995491 1.15792684 1.34668393 6.2017087 8.06860904 12.4034174 18.6051261
0.282694236 1.59407795 1.15699805 1.34561077 6.1967666 8.06217922 12.3935332 18.5902998
0.282850421 0.449299368 1.15681902 1.34453903 6.19183104 8.05575791 12.3836621 18.5754931
0.283006606 0.979887827 1.14675372 1.3434687 6.18690201 8.0493451 12.373804 18.560706
0.28316279 1.46188714 1.14245685 1.34239979 6.1819795 8.04294077 12.363959 18.5459385
0.283318975 0.838929409 1.134905 1.3413323 6.17706351 8.03654491 12.354127 18.5311905
0.28347516 0.0437032613 1.13403502 1.34026621 6.17215401 8.0301575 12.344308 18.516462
0.283631344 0.414242745 1.13403502 1.33920154 6.167251 8.02377854 12.334502 18.501753
0.283787529 1.77130957 1.13403502 1.33813827 6.16235447 8.01740801 12.3247089 18.4870634
0.283943713 2.60531506 1.13260296 1.33707641 6.15746441 8.0110459 12.3149288 18.4723932
0.284099898 2.01500284 1.1299646 1.33601595 6.15258081 8.00469219 12.3051616 18.4577424
0.284256083 0.719588955 1.1299244 1.33495689 6.14770366 7.99834687 12.2954073 18.443111
0.284412267 0.0389207888 1.12910529 1.33389923 6.14283295 7.99200993 12.2856659 18.4284988
0.284568452 0.315529024 1.12539733 1.33284296 6.13796867 7.98568135 12.2759373 18.413906
0.284724637 0.729047744 1.12220903 1.33178809 6.1331108 7.97936112 12.2662216 18.3993324
0.284880821 0.597848056 1.12033551 1.33073461 6.12825934 7.97304923 12.2565187 18.384778
0.285037006 0.185712651 1.12033551 1.32968252 6.12341428 7.96674566 12.2468286 18.3702429
0.285193191 0.0520206146 1.12033551 1.32863181 6.11857561 7.9604504 12.2371512 18.3557268
0.285349375 0.163445095 1.11395109 1.32758249 6.11374332 7.95416344 12.2274866 18.34123
0.28550556 0.143653345 1.11395109 1.32653456 6.10891739 7.94788477 12.2178348 18.3267522
0.285661745 0.011560094 1.11395109 1.325488 6.10409783 7.94161437 12.2081957 18.3122935
0.285817929 0.0637124314 1.12033551 1.32444282 6.09928461 7.93535223 12.1985692 18.2978538
0.285974114 0.245355278 1.12220903 1.32339902 6.09447772 7.92909833 12.1889554 18.2834332
0.286130299 0.245959344 1.12220903 1.3223566 6.08967717 7.92285266 12.1793543 18.2690315
0.286286483 0.122745045 1.12033551 1.32131554 6.08488293 7.91661522 12.1697659 18.2546488
0.286442668 0.203789412 1.12033551 1.32027586 6.08009501 7.91038598 12.16019 18.240285
0.286598853 0.403765363 1.12033551 1.31923754 6.07531337 7.90416493 12.1506267 18.2259401
0.286755037 0.318608084 1.12033551 1.31820058 6.07053803 7.89795207 12.1410761 18.2116141
0.286911222 0.0473003355 1.12033551 1.317165 6.06576897 7.89174737 12.1315379 18.1973069
0.287067407 0.181872028 1.12033551 1.31613077 6.06100617 7.88555083 12.1220123 18.1830185
0.287223591 0.76902939 1.12033551 1.3150979 6.05624963 7.87936243 12.1124993 18.1687489
0.287379776 1.0354338 1.12220903 1.31406639 6.05149934 7.87318216 12.1029987 18.154498
0.287535961 0.562321893 1.12539733 1.31303623 6.04675529 7.86701001 12.0935106 18.1402659
0.287692145 0.0378967149 1.12910529 1.31200742 6.04201747 7.86084596 12.0840349 18.1260524
0.28784833 0.227380826 1.1299244 1.31097997 6.03728587 7.85469 12.0745717 18.1118576
0.288004515 0.790453323 1.1299646 1.30995386 6.03256047 7.84854212 12.0651209 18.0976814
0.288160699 0.857187636 1.1299646 1.3089291 6.02784128 7.84240231 12.0556826 18.0835238
0.288316884 0.397454961 1.1299646 1.30790569 6.02312827 7.83627055 12.0462565 18.0693848
0.288473069 0.183027397 1.1299646 1.30688361 6.01842145 7.83014683 12.0368429 18.0552643
0.288629253 0.527194501 1.1299244 1.30586288 6.01372079 7.82403114 12.0274416 18.0411624
0.288785438 0.887145611 1.12910529 1.30484348 6.0090263 7.81792346 12.0180526 18.0270789
0.288941623 0.801706319 1.12539733 1.30382542 6.00433796 7.81182379 12.0086759 18.0130139
0.289097807 0.533438464 1.12220903 1.30280869 5.99965575 7.8057321 11.9993115 17.9989673
0.289253992 0.530924131 1.12033551 1.3017933 5.99497968 7.79964839 11.9899594 17.9849391
0.289410177 0.77890134 1.11395109 1.30077923 5.99030974 7.79357265 11.9806195 17.9709292
0.289566361 0.962367177 1.11279274 1.29976649 5.9856459 7.78750486 11.9712918 17.9569377
0.289722546 0.912491108 1.11279274 1.29875508 5.98098817 7.78144501 11.9619763 17.9429645
0.289878731 0.661700595 1.11279274 1.29774499 5.97633653 7.77539309 11.9526731 17.9290096
0.290034915 0.313531926 1.11279274 1.29673622 5.97169097 7.76934908 11.9433819 17.9150729
0.2901911 0.0507281137 1.11279274 1.29572877 5.96705149 7.76331297 11.934103 17.9011545
0.290347285 0.0400380726 1.11149554 1.29472263 5.96241807 7.75728476 11.9248361 17.8872542
0.290503469 0.202715553 1.11149554 1.29371782 5.95779071 7.75126442 11.9155814 17.8733721
0.290659654 0.285757601 1.11149554 1.29271431 5.95316939 7.74525195 11.9063388 17.8595082
0.290815839 0.231199271 1.11149554 1.29171211 5.94855411 7.73924733 11.8971082 17.8456623
0.290972023 0.23254708 1.11149554 1.29071123 5.94394486 7.73325056 11.8878897 17.8318346
0.291128208 0.381930973 1.11149554 1.28971165 5.93934162 7.72726161 11.8786832 17.8180249
0.291284393 0.546257897 1.11149554 1.28871337 5.9347444 7.72128047 11.8694888 17.8042332
0.291440577 0.658596039 1.11149554 1.2877164 5.93015317 7.71530715 11.8603063 17.7904595
0.291596762 0.783101285 1.11149554 1.28672073 5.92556792 7.70934161 11.8511358 17.7767038
0.291752947 0.797748856 1.11149554 1.28572635 5.92098866 7.70338385 11.8419773 17.762966
0.291909131 0.466602695 1.11149554 1.28473327 5.91641537 7.69743387 11.8328307 17.7492461
0.292065316 0.0826687055 1.11149554 1.28374149 5.91184804 7.69149163 11.8236961 17.7355441
0.292221501 0.519343928 1.10608791 1.282751 5.90728666 7.68555714 11.8145733 17.72186
0.292377685 2.08128876 1.10336753 1.2817618 5.90273123 7.67963038 11.8054625 17.7081937
0.29253387 3.62604755 1.10336753 1.28077389 5.89818172 7.67371134 11.7963634 17.6945452
0.292690055 3.58451553 1.10336753 1.27978726 5.89363814 7.66780001 11.7872763 17.6809144
0.292846239 2.02122161 1.10336753 1.27880192 5.88910048 7.66189637 11.778201 17.6673014
0.293002424 0.864960329 1.10336753 1.27781786 5.88456872 7.65600042 11.7691374 17.6537062
0.293158608 1.57643704 1.10336753 1.27683508 5.88004286 7.65011213 11.7600857 17.6401286
0.293314793 3.19527735 1.08923872 1.27585358 5.87552288 7.64423151 11.7510458 17.6265686
0.293470978 3.50203543 1.08618879 1.27487336 5.87100878 7.63835853 11.7420176 17.6130263
0.293627162 1.96872842 1.08618879 1.27389441 5.86650055 7.63249319 11.7330011 17.5995017
0.293783347 0.478843663 1.08618879 1.27291673 5.86199818 7.62663547 11.7239964 17.5859945
0.293939532 0.784919954 1.08445372 1.27194032 5.85750166 7.62078536 11.7150033 17.572505
0.294095716 2.18902914 1.08414955 1.27096519 5.85301098 7.61494285 11.706022 17.5590329
0.294251901 2.68868898 1.08022766 1.26999131 5.84852613 7.60910793 11.6970523 17.5455784
0.294408086 1.85269871 1.08022766 1.26901871 5.84404711 7.60328059 11.6880942 17.5321413
0.29456427 1.21191777 1.0763934 1.26804736 5.8395739 7.5974608 11.6791478 17.5187217
0.294720455 1.7332874 1.0763934 1.26707728 5.83510649 7.59164858 11.670213 17.5053195
0.29487664 2.3503401 1.0763934 1.26610845 5.83064488 7.58584389 11.6612898 17.4919346
0.295032824 1.76476126 1.0763934 1.26514088 5.82618906 7.58004673 11.6523781 17.4785672
0.295189009 0.533890306 1.0763934 1.26417456 5.82173901 7.57425708 11.643478 17.465217
0.295345194 0.151787402 1.0763934 1.2632095 5.81729474 7.56847495 11.6345895 17.4518842
0.295501378 0.73444723 1.07396383 1.26224569 5.81285622 7.5627003 11.6257124 17.4385687
0.295657563 1.08445372 1.06892244 1.26128313 5.80842345 7.55693314 11.6168469 17.4252704
0.295813748 0.831429252 1.06892244 1.26032181 5.80399643 7.55117345 11.6079929 17.4119893
0.295969932 0.95825955 1.06892244 1.25936174 5.79957514 7.54542122 11.5991503 17.3987254
0.296126117 1.88197284 1.06806387 1.25840291 5.79515957 7.53967643 11.5903191 17.3854787
0.296282302 2.45493284 1.06806387 1.25744532 5.79074972 7.53393908 11.5814994 17.3722492
0.296438486 1.69753544 1.06564781 1.25648898 5.78634557 7.52820915 11.5726911 17.3590367
0.296594671 0.436331621 1.06471134 1.25553386 5.78194712 7.52248664 11.5638942 17.3458414
0.296750856 0.141021461 1.06375825 1.25457999 5.77755436 7.51677153 11.5551087 17.3326631
0.29690704 0.803250786 1.0624688 1.25362735 5.77316728 7.5110638 11.5463346 17.3195018
0.297063225 1.13260296 1.06098164 1.25267594 5.76878587 7.50536346 11.5375717 17.3063576
0.29721941 0.584234197 1.06015536 1.25172575 5.76441012 7.49967048 11.5288202 17.2932304
0.297375594 0.0362286573 1.05796826 1.2507768 5.76004003 7.49398485 11.5200801 17.2801201
0.297531779 0.334459142 1.05659782 1.24982907 5.75567558 7.48830657 11.5113512 17.2670267
0.297687964 1.12539733 1.05659782 1.24888257 5.75131676 7.48263562 11.5026335 17.2539503
0.297844148 1.51570561 1.05659782 1.24793728 5.74696357 7.47697199 11.4939271 17.2408907
0.298000333 1.23261503 1.05659782 1.24699322 5.74261601 7.47131568 11.485232 17.227848
0.298156518 0.67834267 1.05609628 1.24605038 5.73827405 7.46566666 11.4765481 17.2148221
0.298312702 0.285813042 1.05375648 1.24510875 5.73393769 7.46002492 11.4678754 17.2018131
0.298468887 0.259790732 1.05354672 1.24416833 5.72960692 7.45439047 11.4592138 17.1888208
0.298625072 0.659878723 1.05354672 1.24322913 5.72528174 7.44876327 11.4505635 17.1758452
0.298781256 1.29830588 1.05354672 1.24229114 5.72096213 7.44314333 11.4419243 17.1628864
0.298937441 1.67480576 1.05331783 1.24135436 5.71664809 7.43753063 11.4332962 17.1499443
0.299093626 1.4062038 1.04925658 1.24041878 5.7123396 7.43192517 11.4246792 17.1370188
0.29924981 0.742635947 1.04706659 1.23948441 5.70803667 7.42632692 11.4160733 17.12411
0.299405995 0.361476011 1.04669384 1.23855125 5.70373927 7.42073588 11.4074785 17.1112178
0.29956218 0.595657206 1.04181589 1.23761928 5.69944741 7.41515204 11.3988948 17.0983422
0.299718364 1.06892244 1.03940424 1.23668851 5.69516107 7.40957538 11.3903221 17.0854832
0.299874549 1.1760364 1.0368842 1.23575894 5.69088024 7.4040059 11.3817605 17.0726407
0.300030734 0.781670975 1.0354338 1.23483057 5.68660492 7.39844358 11.3732098 17.0598148
0.300186918 0.304234754 1.03035288 1.23390339 5.6823351 7.39288841 11.3646702 17.0470053
0.300343103 0.200590102 1.0249892 1.2329774 5.67807077 7.38734039 11.3561415 17.0342123
0.300499288 0.517122008 1.0249892 1.2320526 5.67381192 7.3817995 11.3476238 17.0214358
0.300655472 0.948955348 1.02358039 1.23112899 5.66955854 7.37626572 11.3391171 17.0086756
0.300811657 1.16605683 1.02188316 1.23020657 5.66531063 7.37073906 11.3306213 16.9959319
0.300967842 1.00611424 1.02076544 1.22928533 5.66106817 7.36521949 11.3221363 16.9832045
0.301124026 0.542882292 1.02076544 1.22836528 5.65683115 7.35970701 11.3136623 16.9704935
0.301280211 0.107252862 1.02076544 1.2274464 5.65259958 7.35420161 11.3051992 16.9577987
0.301436396 0.083745852 1.02076544 1.22652871 5.64837344 7.34870327 11.2967469 16.9451203
0.30159258 0.493719695 1.02076544 1.22561219 5.64415271 7.34321198 11.2883054 16.9324581
0.301748765 0.877772276 1.02076544 1.22469685 5.63993741 7.33772774 11.2798748 16.9198122
0.301904949 0.824840847 1.01684974 1.22378268 5.6357275 7.33225053 11.271455 16.9071825
0.302061134 0.544754655 1.01321191 1.22286968 5.631523 7.32678034 11.263046 16.894569
0.302217319 0.567265462 1.00660933 1.22195785 5.62732388 7.32131716 11.2546478 16.8819716
0.302373503 0.956235858 1.00611424 1.2210472 5.62313014 7.31586098 11.2462603 16.8693904
0.302529688 1.21535515 0.997994324 1.2201377 5.61894177 7.31041179 11.2378835 16.8568253
0.302685873 0.997994324 0.994860338 1.21922938 5.61475877 7.30496958 11.2295175 16.8442763
0.302842057 0.550501547 0.990372435 1.21832221 5.61058113 7.29953434 11.2211623 16.8317434
0.302998242 0.259109089 0.988953938 1.21741621 5.60640883 7.29410605 11.2128177 16.8192265
0.303154427 0.146499305 0.987129725 1.21651136 5.60224186 7.28868471 11.2044837 16.8067256
0.303310611 0.0797820358 0.987129725 1.21560768 5.59808023 7.2832703 11.1961605 16.7942407
0.303466796 0.124941927 0.987129725 1.21470515 5.59392393 7.27786282 11.1878479 16.7817718
0.303622981 0.341108358 0.982711692 1.21380377 5.58977293 7.27246225 11.1795459 16.7693188
0.303779165 0.493599111 0.982711692 1.21290355 5.58562725 7.26706859 11.1712545 16.7568817
0.30393535 0.359160106 0.982711692 1.21200447 5.58148686 7.26168182 11.1629737 16.7444606
0.304091535 0.130135836 0.982711692 1.21110655 5.57735176 7.25630193 11.1547035 16.7320553
0.304247719 0.141401945 0.982711692 1.21020977 5.57322194 7.25092892 11.1464439 16.7196658
0.304403904 0.338809879 0.982711692 1.20931413 5.56909739 7.24556276 11.1381948 16.7072922
0.304560089 0.384057198 0.987129725 1.20841964 5.56497812 7.24020345 11.1299562 16.6949343
0.304716273 0.219149461 0.987129725 1.2075263 5.5608641 7.23485099 11.1217282 16.6825923
0.304872458 0.101417253 0.987129725 1.20663409 5.55675532 7.22950535 11.1135106 16.670266
0.305028643 0.124715208 0.987129725 1.20574302 5.55265179 7.22416654 11.1053036 16.6579554
0.305184827 0.117834463 0.988953938 1.20485308 5.5485535 7.21883453 11.097107 16.6456605
0.305341012 0.0279786125 0.988953938 1.20396428 5.54446042 7.21350932 11.0889208 16.6333813
0.305497197 0.0215807756 0.988953938 1.20307662 5.54037257 7.2081909 11.0807451 16.6211177
0.305653381 0.128139401 0.988953938 1.20219008 5.53628992 7.20287926 11.0725798 16.6088698
0.305809566 0.151288274 0.990372435 1.20130468 5.53221248 7.19757438 11.064425 16.5966374
0.305965751 0.0436697777 0.992553635 1.2004204 5.52814023 7.19227626 11.0562805 16.5844207
0.306121935 0.043031447 0.992553635 1.19953725 5.52407316 7.18698488 11.0481463 16.5722195
0.30627812 0.301699984 0.992553635 1.19865522 5.52001127 7.18170024 11.0400225 16.5600338
0.306434305 0.687835854 0.992553635 1.19777431 5.51595456 7.17642233 11.0319091 16.5478637
0.306590489 1.07396383 0.992553635 1.19689453 5.511903 7.17115114 11.023806 16.535709
0.306746674 1.49043873 0.994860338 1.19601586 5.5078566 7.16588664 11.0157132 16.5235698
0.306902859 1.82608233 0.994860338 1.19513832 5.50381534 7.16062885 11.0076307 16.511446
0.307059043 1.72082406 0.992553635 1.19426188 5.49977922 7.15537773 10.9995584 16.4993377
0.307215228 1.06375825 0.990372435 1.19338656 5.49574823 7.15013329 10.9914965 16.4872447
0.307371413 0.341916012 0.988953938 1.19251236 5.49172236 7.14489552 10.9834447 16.4751671
0.307527597 0.157674436 0.987129725 1.19163926 5.48770161 7.1396644 10.9754032 16.4631048
0.307683782 0.548752195 0.982711692 1.19076728 5.48368596 7.13443992 10.9673719 16.4510579
0.307839967 1.04181589 0.979887827 1.1898964 5.47967541 7.12922208 10.9593508 16.4390262
0.307996151 1.23542831 0.974633539 1.18902662 5.47566996 7.12401086 10.9513399 16.4270099
0.308152336 1.06471134 0.972617479 1.18815795 5.47166958 7.11880626 10.9433392 16.4150088
0.308308521 0.635289819 0.971876701 1.18729039 5.46767429 7.11360825 10.9353486 16.4030229
0.308464705 0.181135813 0.971601784 1.18642392 5.46368406 7.10841684 10.9273681 16.3910522
0.30862089 0.124254407 0.971601784 1.18555855 5.45969889 7.10323202 10.9193978 16.3790967
0.308777075 0.729054892 0.971876701 1.18469428 5.45571877 7.09805377 10.9114375 16.3671563
0.308933259 1.60348506 0.972617479 1.1838311 5.4517437 7.09288208 10.9034874 16.3552311
0.309089444 1.92337406 0.974633539 1.18296902 5.44777366 7.08771694 10.8955473 16.343321
0.309245629 1.35800772 0.979887827 1.18210803 5.44380865 7.08255835 10.8876173 16.331426
0.309401813 0.47503874 0.979887827 1.18124813 5.43984867 7.07740629 10.8796973 16.319546
0.309557998 0.029492936 0.979887827 1.18038932 5.43589369 7.07226075 10.8717874 16.3076811
0.309714183 0.114872131 0.979887827 1.17953159 5.43194373 7.06712173 10.8638875 16.2958312
0.309870367 0.270778735 0.982711692 1.17867496 5.42799876 7.06198921 10.8559975 16.2839963
0.310026552 0.201964334 0.984808043 1.1778194 5.42405879 7.05686318 10.8481176 16.2721764
0.310182737 0.043559614 0.987129725 1.17696493 5.42012379 7.05174364 10.8402476 16.2603714
0.310338921 0.00735684402 0.987129725 1.17611154 5.41619378 7.04663057 10.8323876 16.2485813
0.310495106 0.132559576 0.987129725 1.17525922 5.41226873 7.04152396 10.8245375 16.2368062
0.310651291 0.38995575 0.984808043 1.17440799 5.40834864 7.03642381 10.8166973 16.2250459
0.310807475 0.711673752 0.982711692 1.17355783 5.40443351 7.0313301 10.808867 16.2133005
0.31096366 0.870733332 0.979887827 1.17270874 5.40052332 7.02624283 10.8010466 16.20157
0.311119844 0.65683822 0.974633539 1.17186072 5.39661807 7.02116198 10.7932361 16.1898542
0.311276029 0.255838284 0.974633539 1.17101378 5.39271775 7.01608755 10.7854355 16.1781533
0.311432214 0.129908721 0.974633539 1.17016791 5.38882235 7.01101952 10.7776447 16.1664671
0.311588398 0.373065832 0.972617479 1.1693231 5.38493187 7.00595789 10.7698637 16.1547956
0.311744583 0.525241943 0.971876701 1.16847936 5.3810463 7.00090264 10.7620926 16.1431389
0.311900768 0.271786604 0.970248252 1.16763668 5.37716563 6.99585377 10.7543313 16.1314969
0.312056952 0.00237313849 0.970248252 1.16679507 5.37328985 6.99081127 10.7465797 16.1198696
0.312213137 0.289708826 0.970248252 1.16595451 5.36941896 6.98577512 10.7388379 16.1082569
0.312369322 1.04925658 0.968525118 1.16511502 5.36555294 6.98074532 10.7311059 16.0966588
0.312525506 1.65536543 0.96425786 1.16427658 5.3616918 6.97572186 10.7233836 16.0850754
0.312681691 1.74752813 0.96425786 1.1634392 5.35783552 6.97070473 10.715671 16.0735066
0.312837876 1.47760439 0.96425786 1.16260288 5.3539841 6.96569391 10.7079682 16.0619523
0.31299406 1.05331783 0.962367177 1.1617676 5.35013753 6.9606894 10.7002751 16.0504126
0.313150245 0.543513382 0.95825955 1.16093338 5.34629579 6.95569119 10.6925916 16.0388874
0.31330643 0.20261207 0.956235858 1.16010021 5.3424589 6.95069928 10.6849178 16.0273767
0.313462614 0.424132805 0.956235858 1.15926809 5.33862683 6.94571364 10.6772537 16.0158805
0.313618799 1.08618879 0.956235858 1.15843701 5.33479958 6.94073427 10.6695992 16.0043987
0.313774984 1.45495113 0.95615372 1.15760698 5.33097714 6.93576116 10.6619543 15.9929314
0.313931168 1.06564781 0.956036641 1.15677799 5.3271595 6.93079431 10.654319 15.9814785
0.314087353 0.336125091 0.956036641 1.15595004 5.32334667 6.92583369 10.6466933 15.97004
0.314243538 0.00717944294 0.956036641 1.15512314 5.31953862 6.92087931 10.6390772 15.9586159
0.314399722 0.237633412 0.951137493 1.15429727 5.31573536 6.91593116 10.6314707 15.9472061
0.314555907 0.629428657 0.949931804 1.15347244 5.31193688 6.91098921 10.6238738 15.9358106
0.314712092 0.919101161 0.949931804 1.15264864 5.30814316 6.90605348 10.6162863 15.9244295
0.314868276 1.16779702 0.949931804 1.15182588 5.30435421 6.90112393 10.6087084 15.9130626
0.315024461 1.35689862 0.949931804 1.15100415 5.30057001 6.89620057 10.60114 15.90171
0.315180646 1.26519476 0.949931804 1.15018346 5.29679056 6.89128339 10.5935811 15.8903717
0.31533683 0.83190155 0.949931804 1.14936379 5.29301584 6.88637238 10.5860317 15.8790475
0.315493015 0.36108011 0.949931804 1.14854515 5.28924587 6.88146752 10.5784917 15.8677376
0.3156492 0.224366745 0.949931804 1.14772753 5.28548061 6.87656882 10.5709612 15.8564418
0.315805384 0.457708807 0.948955348 1.14691094 5.28172008 6.87167625 10.5634402 15.8451602
0.315961569 0.71523288 0.944756512 1.14609538 5.27796426 6.86678981 10.5559285 15.8338928
0.316117754 0.625483125 0.940335572 1.14528083 5.27421314 6.8619095 10.5484263 15.8226394
0.316273938 0.256780021 0.93195983 1.14446731 5.27046672 6.85703529 10.5409334 15.8114002
0.316430123 0.16467557 0.925406161 1.1436548 5.26672499 6.85216719 10.53345 15.800175
0.316586308 0.723957198 0.92180756 1.14284331 5.26298794 6.84730518 10.5259759 15.7889638
0.316742492 1.47505581 0.919101161 1.14203284 5.25925557 6.84244925 10.5185111 15.7777667
0.316898677 1.57665921 0.912491108 1.14122338 5.25552787 6.8375994 10.5110557 15.7665836
0.317054862 1.02076544 0.910103024 1.14041493 5.25180483 6.83275562 10.5036097 15.7554145
0.317211046 0.784698916 0.910103024 1.13960749 5.24808645 6.82791789 10.4961729 15.7442593
0.317367231 1.38813281 0.910103024 1.13880107 5.24437271 6.82308621 10.4887454 15.7331181
0.317523416 1.97647515 0.910103024 1.13799565 5.24066362 6.81826057 10.4813272 15.7219909
0.3176796 1.55573268 0.910103024 1.13719123 5.23695916 6.81344095 10.4739183 15.7108775
0.317835785 0.631355022 0.912491108 1.13638782 5.23325933 6.80862736 10.4665187 15.699778
0.31799197 0.51809888 0.919101161 1.13558542 5.22956412 6.80381978 10.4591282 15.6886923
0.318148154 1.22717854 0.92180756 1.13478402 5.22587352 6.7990182 10.451747 15.6776206
0.318304339 1.40524916 0.919101161 1.13398361 5.22218753 6.79422261 10.4443751 15.6665626
0.318460524 0.552866521 0.912491108 1.13318421 5.21850613 6.78943301 10.4370123 15.6555184
0.318616708 0.104032843 0.912491108 1.1323858 5.21482933 6.78464939 10.4296587 15.644488
0.318772893 1.43020726 0.915999255 1.13158839 5.21115712 6.77987173 10.4223142 15.6334714
0.318929078 3.63968159 0.919101161 1.13079197 5.20748949 6.77510002 10.414979 15.6224685
0.319085262 4.52810283 0.92180756 1.12999655 5.20382642 6.77033427 10.4076528 15.6114793
0.319241447 3.31284681 0.92180756 1.12920212 5.20016793 6.76557445 10.4003359 15.6005038
0.319397632 1.41208087 0.92180756 1.12840867 5.19651399 6.76082057 10.393028 15.589542
0.319553816 0.472858559 0.92180756 1.12761622 5.1928646 6.75607261 10.3857292 15.5785938
0.319710001 0.586900463 0.919101161 1.12682475 5.18921976 6.75133056 10.3784395 15.5676593
0.319866185 0.782678957 0.915999255 1.12603427 5.18557945 6.74659441 10.3711589 15.5567384
0.32002237 0.523866362 0.915999255 1.12524477 5.18194368 6.74186416 10.3638874 15.545831
0.320178555 0.119565058 0.915999255 1.12445626 5.17831243 6.7371398 10.3566249 15.5349373
0.320334739 0.0124293774 0.915999255 1.12366872 5.1746857 6.73242131 10.3493714 15.5240571
0.320490924 0.214950727 0.912491108 1.12288217 5.17106348 6.72770869 10.342127 15.5131904
0.320647109 0.443331303 0.910103024 1.12209659 5.16744576 6.72300193 10.3348915 15.5023373
0.320803293 0.485881683 0.903527258 1.12131199 5.16383254 6.71830102 10.3276651 15.4914976
0.320959478 0.343188186 0.910103024 1.12052836 5.16022381 6.71360596 10.3204476 15.4806714
0.321115663 0.147256497 0.912491108 1.11974571 5.15661956 6.70891673 10.3132391 15.4698587
0.321271847 0.0232447157 0.915999255 1.11896403 5.1530198 6.70423332 10.3060396 15.4590594
0.321428032 0.00303087028 0.919101161 1.11818332 5.1494245 6.69955573 10.298849 15.4482735
0.321584217 0.0371231541 0.92180756 1.11740358 5.14583366 6.69488395 10.2916673 15.437501
0.321740401 0.0820742181 0.925406161 1.11662481 5.14224729 6.69021797 10.2844946 15.4267419
0.321896586 0.166495359 0.93195983 1.11584701 5.13866536 6.68555777 10.2773307 15.4159961
0.322052771 0.356872138 0.940335572 1.11507017 5.13508788 6.68090336 10.2701758 15.4052636
0.322208955 0.630047415 0.940335572 1.11429429 5.13151484 6.67625472 10.2630297 15.3945445
0.32236514 0.781901311 0.940335572 1.11351937 5.12794622 6.67161185 10.2558924 15.3838387
0.322521325 0.587090768 0.940335572 1.11274542 5.12438203 6.66697473 10.2487641 15.3731461
0.322677509 0.174465971 0.943738845 1.11197242 5.12082226 6.66234336 10.2416445 15.3624668
0.322833694 0.107551492 0.944756512 1.11120039 5.1172669 6.65771773 10.2345338 15.3518007
0.322989879 0.796176926 0.948955348 1.11042931 5.11371594 6.65309783 10.2274319 15.3411478
0.323146063 1.82481213 0.949931804 1.10965918 5.11016938 6.64848365 10.2203388 15.3305081
0.323302248 2.24603681 0.951137493 1.10889001 5.10662721 6.64387518 10.2132544 15.3198816
0.323458433 1.71927977 0.956036641 1.10812179 5.10308943 6.63927241 10.2061789 15.3092683
0.323614617 1.00660933 0.95615372 1.10735452 5.09955602 6.63467535 10.199112 15.2986681
0.323770802 1.02358039 0.95615372 1.1065882 5.09602699 6.63008397 10.192054 15.288081
0.323926987 1.69725787 0.95615372 1.10582283 5.09250232 6.62549827 10.1850046 15.277507
0.324083171 2.19326231 0.95615372 1.1050584 5.08898201 6.62091824 10.177964 15.266946
0.324239356 2.07779178 0.95615372 1.10429492 5.08546605 6.61634387 10.1709321 15.2563981
0.324395541 1.6692467 0.95615372 1.10353238 5.08195444 6.61177516 10.1639089 15.2458633
0.324551725 1.3067838 0.956235858 1.10277079 5.07844716 6.60721209 10.1568943 15.2353415
0.32470791 0.89011119 0.95825955 1.10201014 5.07494422 6.60265466 10.1498884 15.2248327
0.324864095 0.341107586 0.962367177 1.10125042 5.07144561 6.59810286 10.1428912 15.2143368
0.325020279 0.0158633722 0.95825955 1.10049164 5.06795131 6.59355667 10.1359026 15.2038539
0.325176464 0.227233397 0.956235858 1.0997338 5.06446133 6.5890161 10.1289227 15.193384
0.325332649 0.700603218 0.956235858 1.0989769 5.06097566 6.58448114 10.1219513 15.182927
0.325488833 0.903527258 0.956235858 1.09822093 5.05749428 6.57995177 10.1149886 15.1724829
0.325645018 0.750428891 0.95825955 1.09746589 5.0540172 6.57542798 10.1080344 15.1620516
0.325801203 0.585820644 0.95825955 1.09671178 5.05054441 6.57090978 10.1010888 15.1516332
0.325957387 0.606986803 0.95825955 1.09595861 5.0470759 6.56639714 10.0941518 15.1412277
0.326113572 0.655595299 0.95825955 1.09520636 5.04361167 6.56189007 10.0872233 15.130835
0.326269757 0.559011726 0.95825955 1.09445504 5.04015171 6.55738855 10.0803034 15.1204551
0.326425941 0.369727377 0.962367177 1.09370464 5.036696 6.55289258 10.073392 15.110088
0.326582126 0.204973471 0.96425786 1.09295517 5.03324456 6.54840214 10.0664891 15.0997337
0.326738311 0.0975461931 0.968525118 1.09220662 5.02979736 6.54391724 10.0595947 15.0893921
0.326894495 0.042717787 0.968525118 1.09145899 5.02635441 6.53943785 10.0527088 15.0790632
0.32705068 0.0298351084 0.968525118 1.09071228 5.02291569 6.53496398 10.0458314 15.0687471
0.327206865 0.0338423239 0.968525118 1.0899665 5.01948121 6.53049562 10.0389624 15.0584436
0.327363049 0.110861778 0.968525118 1.08922162 5.01605095 6.52603275 10.0321019 15.0481528
0.327519234 0.40301949 0.968525118 1.08847767 5.01262491 6.52157536 10.0252498 15.0378747
0.327675419 0.856275177 0.968525118 1.08773463 5.00920308 6.51712346 10.0184062 15.0276092
0.327831603 1.1299244 0.968525118 1.0869925 5.00578546 6.51267704 10.0115709 15.0173564
0.327987788 1.14675372 0.970248252 1.08625129 5.00237204 6.50823607 10.0047441 15.0071161
0.328143973 1.53978129 0.970248252 1.08551098 4.99896281 6.50380056 9.99792562 14.9968884
0.328300157 2.94557076 0.970248252 1.08477159 4.99555777 6.4993705 9.99111554 14.9866733
0.328456342 4.81131487 0.968525118 1.0840331 4.99215691 6.49494589 9.98431382 14.9764707
0.328612527 5.58590389 0.96425786 1.08329552 4.98876023 6.4905267 9.97752046 14.9662807
0.328768711 4.47952759 0.962367177 1.08255884 4.98536771 6.48611294 9.97073543 14.9561031
0.328924896 2.47914258 0.95825955 1.08182307 4.98197936 6.48170459 9.96395872 14.9459381
0.32908108 1.11395109 0.956235858 1.0810882 4.97859517 6.47730165 9.95719034 14.9357855
0.329237265 0.808546422 0.95615372 1.08035424 4.97521512 6.47290411 9.95043025 14.9256454
0.32939345 0.940335572 0.956036641 1.07962117 4.97183922 6.46851196 9.94367845 14.9155177
0.329549634 1.05659782 0.951137493 1.078889 4.96846746 6.4641252 9.93693493 14.9054024
0.329705819 1.187783 0.949931804 1.07815773 4.96509984 6.45974382 9.93019967 14.8952995
0.329862004 1.1912017 0.948955348 1.07742736 4.96173633 6.4553678 9.92347267 14.885209
0.330018188 0.789650276 0.948955348 1.07669787 4.95837695 6.45099714 9.9167539 14.8751309
0.330174373 0.263494828 0.948955348 1.07596929 4.95502168 6.44663184 9.91004337 14.8650651
0.330330558 0.223371073 0.948955348 1.07524159 4.95167052 6.44227188 9.90334105 14.8550116
0.330486742 0.539272427 0.948955348 1.07451479 4.94832347 6.43791726 9.89664693 14.8449704
0.330642927 0.462689812 0.951137493 1.07378887 4.94498051 6.43356797 9.88996101 14.8349415
0.330799112 0.0588479849 0.951137493 1.07306385 4.94164163 6.42922399 9.88328327 14.8249249
0.330955296 0.435911881 0.948955348 1.07233971 4.93830685 6.42488533 9.87661369 14.8149205
0.331111481 1.93266433 0.944756512 1.07161645 4.93497614 6.42055198 9.86995227 14.8049284
0.331267666 3.15234217 0.944756512 1.07089408 4.9316495 6.41622393 9.863299 14.7949485
0.33142385 2.76751982 0.948955348 1.07017259 4.92832693 6.41190116 9.85665386 14.7849808
0.331580035 1.47309766 0.948955348 1.06945199 4.92500842 6.40758368 9.85001683 14.7750253
0.33173622 0.887061403 0.948955348 1.06873226 4.92169396 6.40327147 9.84338792 14.7650819
0.331892404 1.15852781 0.948955348 1.06801342 4.91838355 6.39896453 9.8367671 14.7551507
0.332048589 1.08022766 0.948955348 1.06729545 4.91507718 6.39466285 9.83015437 14.7452316
0.332204774 0.361459101 0.943738845 1.06657836 4.91177485 6.39036642 9.82354971 14.7353246
0.332360958 0.117002065 0.943738845 1.06586214 4.90847655 6.38607523 9.81695311 14.7254297
0.332517143 0.818081896 0.943738845 1.0651468 4.90518228 6.38178928 9.81036456 14.7155468
0.332673328 1.35823411 0.940335572 1.06443233 4.90189202 6.37750856 9.80378404 14.7056761
0.332829512 0.865836718 0.938943265 1.06371873 4.89860578 6.37323305 9.79721156 14.6958173
0.332985697 0.117058511 0.938943265 1.063006 4.89532354 6.36896277 9.79064708 14.6859706
0.333141882 0.153884258 0.93195983 1.06229414 4.89204531 6.36469768 9.78409061 14.6761359
0.333298066 0.594352589 0.925406161 1.06158315 4.88877106 6.3604378 9.77754213 14.6663132
0.333454251 0.484919971 0.92180756 1.06087302 4.88550081 6.3561831 9.77100162 14.6565024
0.333610436 0.0537730851 0.92180756 1.06016376 4.88223454 6.35193359 9.76446909 14.6467036
0.33376662 0.250834268 0.920872997 1.05945536 4.87897225 6.34768925 9.75794451 14.6369168
0.333922805 0.96425786 0.919101161 1.05874783 4.87571393 6.34345008 9.75142787 14.6271418
0.33407899 1.12033551 0.919101161 1.05804115 4.87245958 6.33921607 9.74491916 14.6173787
0.334235174 0.490740989 0.919101161 1.05733534 4.86920919 6.33498721 9.73841838 14.6076276
0.334391359 0.0751361013 0.919101161 1.05663039 4.86596275 6.3307635 9.7319255 14.5978883
0.334547544 0.463620889 0.919101161 1.05592629 4.86272026 6.32654492 9.72544052 14.5881608
0.334703728 0.95615372 0.915999255 1.05522305 4.85948172 6.32233147 9.71896343 14.5784451
0.334859913 0.789007313 0.915999255 1.05452066 4.85624711 6.31812315 9.71249421 14.5687413
0.335016098 0.249718679 0.915999255 1.05381913 4.85301643 6.31391994 9.70603286 14.5590493
0.335172282 0.0217019538 0.915999255 1.05311845 4.84978968 6.30972184 9.69957935 14.549369
0.335328467 0.132955112 0.912491108 1.05241862 4.84656684 6.30552884 9.69313369 14.5397005
0.335484652 0.187625623 0.912491108 1.05171964 4.84334793 6.30134093 9.68669585 14.5300438
0.335640836 0.109703628 0.912491108 1.05102151 4.84013292 6.29715811 9.68026583 14.5203987
0.335797021 0.0671108265 0.915999255 1.05032423 4.83692181 6.29298036 9.67384362 14.5107654
0.335953206 0.0456191847 0.915999255 1.04962779 4.8337146 6.28880768 9.6674292 14.5011438
0.33610939 0.002993301 0.912491108 1.0489322 4.83051128 6.28464007 9.66102256 14.4915338
0.336265575 0.118221747 0.910103024 1.04823745 4.82731185 6.28047751 9.6546237 14.4819355
0.33642176 0.467742533 0.903527258 1.04754354 4.8241163 6.27632001 9.64823259 14.4723489
0.336577944 0.800381882 0.903527258 1.04685048 4.82092462 6.27216754 9.64184924 14.4627739
0.336734129 0.988953938 0.903527258 1.04615826 4.81773681 6.2680201 9.63547362 14.4532104
0.336890314 1.27912908 0.903527258 1.04546687 4.81455287 6.26387769 9.62910573 14.4436586
0.337046498 1.69069018 0.910103024 1.04477632 4.81137278 6.25974031 9.62274556 14.4341183
0.337202683 1.7314839 0.912491108 1.04408661 4.80819654 6.25560793 9.61639309 14.4245896
0.337358868 1.27642104 0.912491108 1.04339774 4.80502415 6.25148055 9.61004831 14.4150725
0.337515052 1.13403502 0.912491108 1.0427097 4.80185561 6.24735818 9.60371121 14.4055668
0.337671237 1.90147419 0.910103024 1.04202249 4.79869089 6.24324079 9.59738179 14.3960727
0.337827422 2.80341433 0.903527258 1.04133611 4.79553001 6.23912839 9.59106002 14.38659
0.337983606 2.79637892 0.899893185 1.04065056 4.79237295 6.23502096 9.5847459 14.3771189
0.338139791 2.4511555 0.899461725 1.03996585 4.78921971 6.2309185 9.57843942 14.3676591
0.338295975 3.4052612 0.896467035 1.03928196 4.78607028 6.226821 9.57214057 14.3582108
0.33845216 5.66806815 0.893196668 1.03859889 4.78292466 6.22272845 9.56584933 14.348774
0.338608345 6.9767231 0.893196668 1.03791666 4.77978285 6.21864085 9.55956569 14.3393485
0.338764529 5.61758628 0.893196668 1.03723524 4.77664482 6.2145582 9.55328965 14.3299345
0.338920714 2.75014216 0.893196668 1.03655466 4.77351059 6.21048047 9.54702119 14.3205318
0.339076899 0.875838575 0.89011119 1.03587489 4.77038015 6.20640767 9.5407603 14.3111404
0.339233083 0.791445059 0.887145611 1.03519594 4.76725349 6.20233978 9.53450697 14.3017605
0.339389268 1.2471113 0.887145611 1.03451781 4.7641306 6.19827681 9.52826119 14.2923918
0.339545453 1.1833745 0.887061403 1.03384051 4.76101147 6.19421874 9.52202295 14.2830344
0.339701637 0.951137493 0.882486931 1.03316401 4.75789612 6.19016557 9.51579224 14.2736884
0.339857822 1.1299646 0.880626476 1.03248834 4.75478452 6.18611728 9.50956904 14.2643536
0.340014007 1.40528369 0.877772276 1.03181348 4.75167667 6.18207388 9.50335335 14.25503
0.340170191 1.15681902 0.876819076 1.03113943 4.74857257 6.17803536 9.49714515 14.2457177
0.340326376 0.489624367 0.875838575 1.0304662 4.74547222 6.1740017 9.49094444 14.2364167
0.340482561 0.0367307333 0.874819531 1.02979378 4.7423756 6.1699729 9.4847512 14.2271268
0.340638745 0.0822943638 0.870733332 1.02912216 4.73928271 6.16594896 9.47856542 14.2178481
0.34079493 0.347741918 0.868622547 1.02845136 4.73619355 6.16192987 9.47238709 14.2085806
0.340951115 0.46873043 0.865836718 1.02778137 4.7331081 6.15791562 9.46621621 14.1993243
0.341107299 0.356964668 0.864960329 1.02711218 4.73002638 6.1539062 9.46005275 14.1900791
0.341263484 0.173533828 0.864960329 1.02644379 4.72694836 6.1499016 9.45389672 14.1808451
0.341419669 0.12701569 0.858176917 1.02577622 4.72387405 6.14590183 9.44774809 14.1716221
0.341575853 0.223475935 0.857187636 1.02510944 4.72080343 6.14190687 9.44160686 14.1624103
0.341732038 0.22991766 0.856275177 1.02444347 4.71773651 6.13791671 9.43547302 14.1532095
0.341888223 0.106342058 0.855153269 1.02377829 4.71467328 6.13393135 9.42934655 14.1440198
0.342044407 0.352636071 0.854827751 1.02311392 4.71161373 6.12995079 9.42322746 14.1348412
0.342200592 1.40799811 0.850355594 1.02245035 4.70855786 6.12597501 9.41711571 14.1256736
0.342356777 2.66010408 0.84419184 1.02178757 4.70550566 6.122004 9.41101131 14.116517
0.342512961 2.79993226 0.838929409 1.02112559 4.70245713 6.11803777 9.40491425 14.1073714
0.342669146 1.53770334 0.837841991 1.02046441 4.69941226 6.11407631 9.39882451 14.0982368
0.342825331 0.233531225 0.835618419 1.01980401 4.69637104 6.1101196 9.39274208 14.0891131
0.342981515 0.259932429 0.835618419 1.01914442 4.69333348 6.10616764 9.38666696 14.0800004
0.3431377 1.28005037 0.835618419 1.01848561 4.69029956 6.10222042 9.38059913 14.0708987
0.343293885 2.04143992 0.835618419 1.01782759 4.68726929 6.09827794 9.37453858 14.0618079
0.343450069 2.42295897 0.835618419 1.01717037 4.68424265 6.09434019 9.3684853 14.0527279
0.343606254 3.37937352 0.835618419 1.01651393 4.68121964 6.09040717 9.36243928 14.0436589
0.343762439 4.88926873 0.83190155 1.01585828 4.67820026 6.08647886 9.35640051 14.0346008
0.343918623 5.37490683 0.831429252 1.01520341 4.67518449 6.08255526 9.35036898 14.0255535
0.344074808 3.79993333 0.830362497 1.01454933 4.67217234 6.07863636 9.34434469 14.016517
0.344230993 1.5442612 0.830362497 1.01389604 4.6691638 6.07472216 9.33832761 14.0074914
0.344387177 1.0624688 0.830362497 1.01324352 4.66615887 6.07081265 9.33231774 13.9984766
0.344543362 3.08303614 0.830362497 1.01259179 4.66315753 6.06690783 9.32631507 13.9894726
0.344699547 6.14926288 0.831429252 1.01194084 4.66015979 6.06300767 9.32031958 13.9804794
0.344855731 8.26682677 0.830362497 1.01129067 4.65716564 6.05911219 9.31433128 13.9714969
0.345011916 8.33434779 0.826088873 1.01064128 4.65417507 6.05522137 9.30835014 13.9625252
0.345168101 6.34380401 0.826088873 1.00999266 4.65118808 6.05133521 9.30237616 13.9535642
0.345324285 3.36535071 0.826088873 1.00934482 4.64820466 6.04745369 9.29640933 13.944614
0.34548047 1.56556087 0.826088873 1.00869775 4.64522482 6.04357682 9.29044963 13.9356744
0.345636655 2.74738291 0.826088873 1.00805146 4.64224853 6.03970459 9.28449706 13.9267456
0.345792839 6.0791414 0.826088873 1.00740594 4.63927581 6.03583698 9.27855161 13.9178274
0.345949024 8.30537325 0.826088873 1.00676119 4.63630663 6.031974 9.27261327 13.9089199
0.346105209 7.07965225 0.826088873 1.00611722 4.63334101 6.02811563 9.26668202 13.900023
0.346261393 3.72256484 0.826088873 1.00547401 4.63037893 6.02426187 9.26075785 13.8911368
0.346417578 1.65242471 0.826088873 1.00483157 4.62742038 6.02041272 9.25484076 13.8822611
0.346573763 2.3429173 0.826088873 1.0041899 4.62446537 6.01656816 9.24893074 13.8733961
0.346729947 4.00792776 0.826088873 1.00354899 4.62151389 6.01272819 9.24302778 13.8645417
0.346886132 4.18325903 0.826088873 1.00290885 4.61856593 6.00889281 9.23713186 13.8556978
0.347042316 2.66317479 0.826088873 1.00226947 4.61562149 6.005062 9.23124297 13.8468645
0.347198501 1.18755923 0.826088873 1.00163086 4.61268056 6.00123576 9.22536111 13.8380417
0.347354686 1.01321191 0.830362497 1.000993 4.60974313 5.99741409 9.21948627 13.8292294
0.34751087 1.6770054 0.831429252 1.00035591 4.60680921 5.99359697 9.21361843 13.8204276
0.347667055 1.99454308 0.830362497 0.999719578 4.60387879 5.98978441 9.20775759 13.8116364
0.34782324 1.53414566 0.824840847 0.999084003 4.60095186 5.98597638 9.20190373 13.8028556
0.347979424 0.818332587 0.820355223 0.998449186 4.59802842 5.9821729 9.19605685 13.7940853
0.348135609 0.558350428 0.824840847 0.997815125 4.59510847 5.97837395 9.19021693 13.7853254
0.348291794 0.990372435 0.830362497 0.99718182 4.59219199 5.97457952 9.18438397 13.776576
0.348447978 1.85502371 0.824840847 0.996549268 4.58927898 5.97078961 9.17855796 13.7678369
0.348604163 2.67922647 0.820355223 0.99591747 4.58636944 5.96700421 9.17273888 13.7591083
0.348760348 3.0577477 0.819849498 0.995286424 4.58346337 5.96322332 9.16692673 13.7503901
0.348916532 2.86232534 0.819849498 0.994656128 4.58056075 5.95944693 9.1611215 13.7416822
0.349072717 2.28714489 0.819849498 0.994026583 4.57766158 5.95567503 9.15532317 13.7329847
0.349228902 1.74309335 0.819849498 0.993397786 4.57476587 5.95190762 9.14953173 13.7242976
0.349385086 1.56894442 0.819849498 0.992769737 4.57187359 5.94814468 9.14374719 13.7156208
0.349541271 1.76367269 0.819849498 0.992142435 4.56898476 5.94438622 9.13796952 13.7069543
0.349697456 2.03335515 0.819849498 0.991515878 4.56609936 5.94063223 9.13219872 13.6982981
0.34985364 2.08581207 0.818332587 0.990890066 4.56321739 5.9368827 9.12643478 13.6896522
0.350009825 1.86676888 0.818081896 0.990264997 4.56033884 5.93313762 9.12067768 13.6810165
0.35016601 1.45895921 0.808546422 0.989640671 4.55746371 5.92939699 9.11492743 13.6723911
0.350322194 0.968525118 0.808464481 0.989017086 4.554592 5.92566081 9.109184 13.663776
0.350478379 0.671186546 0.805740206 0.988394242 4.55172369 5.92192906 9.10344739 13.6551711
0.350634564 1.0249892 0.805740206 0.987772136 4.54885879 5.91820174 9.09771759 13.6465764
0.350790748 2.16980977 0.808464481 0.987150769 4.54599729 5.91447884 9.09199458 13.6379919
0.350946933 3.42458297 0.808546422 0.98653014 4.54313919 5.91076036 9.08627837 13.6294176
0.351103118 3.76428417 0.818081896 0.985910246 4.54028447 5.90704629 9.08056894 13.6208534
0.351259302 2.9697016 0.808546422 0.985291088 4.53743314 5.90333662 9.07486628 13.6122994
0.351415487 2.02264302 0.808464481 0.984672663 4.53458519 5.89963135 9.06917038 13.6037556
0.351571672 1.90397562 0.805740206 0.984054972 4.53174062 5.89593048 9.06348123 13.5952219
0.351727856 2.41927022 0.805242807 0.983438012 4.52889941 5.89223398 9.05779883 13.5866982
0.351884041 2.6367601 0.804399251 0.982821784 4.52606158 5.88854187 9.05212315 13.5781847
0.352040226 2.22016787 0.803335567 0.982206285 4.5232271 5.88485414 9.0464542 13.5696813
0.35219641 1.88136813 0.803335567 0.981591516 4.52039598 5.88117077 9.04079197 13.5611879
0.352352595 2.25650885 0.803335567 0.980977474 4.51756822 5.87749176 9.03513643 13.5527046
0.35250878 2.92128767 0.803335567 0.980364159 4.5147438 5.8738171 9.02948759 13.5442314
0.352664964 2.94605374 0.803250786 0.97975157 4.51192272 5.8701468 9.02384544 13.5357682
0.352821149 2.08821867 0.801706319 0.979139705 4.50910498 5.86648083 9.01820996 13.5273149
0.352977334 1.08414955 0.801706319 0.978528565 4.50629057 5.8628192 9.01258115 13.5188717
0.353133518 0.819849498 0.801706319 0.977918147 4.50347949 5.85916191 9.00695899 13.5104385
0.353289703 1.34084388 0.801706319 0.977308451 4.50067174 5.85550894 9.00134348 13.5020152
0.353445888 1.88057969 0.800381882 0.976699475 4.49786731 5.85186028 8.99573461 13.4936019
0.353602072 1.7861719 0.797748856 0.97609122 4.49506618 5.84821594 8.99013237 13.4851986
0.353758257 1.22979245 0.797748856 0.975483683 4.49226837 5.8445759 8.98453675 13.4768051
0.353914442 0.92180756 0.797748856 0.974876863 4.48947387 5.84094016 8.97894773 13.4684216
0.354070626 1.11149554 0.797748856 0.974270761 4.48668266 5.83730872 8.97336532 13.460048
0.354226811 1.20756446 0.797748856 0.973665373 4.48389475 5.83368157 8.9677895 13.4516842
0.354382996 0.683346049 0.796176926 0.973060701 4.48111013 5.83005869 8.96222026 13.4433304
0.35453918 0.058870053 0.796176926 0.972456742 4.4783288 5.82644009 8.95665759 13.4349864
0.354695365 0.352095357 0.796176926 0.971853496 4.47555074 5.82282577 8.95110149 13.4266522
0.35485155 1.5851292 0.797748856 0.971250961 4.47277597 5.8192157 8.94555194 13.4183279
0.355007734 2.51825764 0.800381882 0.970649137 4.47000447 5.81560989 8.94000894 13.4100134
0.355163919 2.15703852 0.800381882 0.970048023 4.46723624 5.81200834 8.93447247 13.4017087
0.355320104 1.05375648 0.800381882 0.969447617 4.46447126 5.80841103 8.92894253 13.3934138
0.355476288 0.539581799 0.800381882 0.968847919 4.46170955 5.80481796 8.92341911 13.3851287
0.355632473 1.05609628 0.797748856 0.968248928 4.4589511 5.80122912 8.91790219 13.3768533
0.355788658 1.85672591 0.797748856 0.967650642 4.45619589 5.79764452 8.91239178 13.3685877
0.355944842 2.1144277 0.797748856 0.967053061 4.45344393 5.79406413 8.90688785 13.3603318
0.356101027 1.74863673 0.796176926 0.966456184 4.4506952 5.79048796 8.90139041 13.3520856
0.356257211 1.2090773 0.791445059 0.965860009 4.44794972 5.786916 8.89589943 13.3438492
0.356413396 0.972617479 0.790453323 0.965264536 4.44520746 5.78334825 8.89041492 13.3356224
0.356569581 1.40090967 0.790427805 0.964669763 4.44246843 5.77978469 8.88493687 13.3274053
0.356725765 2.47008116 0.790395615 0.964075691 4.43973263 5.77622532 8.87946526 13.3191979
0.35688195 3.43904812 0.789650276 0.963482317 4.43700004 5.77267014 8.87400008 13.3110001
0.357038135 3.39827311 0.789024041 0.962889641 4.43427067 5.76911915 8.86854133 13.302812
0.357194319 2.31237866 0.789007313 0.962297662 4.4315445 5.76557232 8.863089 13.2946335
0.357350504 1.16412995 0.789024041 0.961706378 4.42882154 5.76202967 8.85764308 13.2864646
0.357506689 0.789024041 0.789650276 0.96111579 4.42610178 5.75849118 8.85220356 13.2783053
0.357662873 0.93195983 0.789650276 0.960525895 4.42338521 5.75495685 8.84677043 13.2701556
0.357819058 0.850355594 0.789650276 0.959936693 4.42067184 5.75142666 8.84134368 13.2620155
0.357975243 0.458418399 0.789650276 0.959348183 4.41796165 5.74790063 8.8359233 13.253885
0.358131427 0.252065408 0.789024041 0.958760364 4.41525464 5.74437873 8.83050929 13.2457639
0.358287612 0.402021339 0.789024041 0.958173235 4.41255082 5.74086097 8.82510163 13.2376524
0.358443797 0.518731339 0.789007313 0.957586795 4.40985016 5.73734733 8.81970032 13.2295505
0.358599981 0.319509348 0.784919954 0.957001044 4.40715267 5.73383782 8.81430535 13.221458
0.358756166 0.0480708028 0.784919954 0.956415979 4.40445835 5.73033243 8.8089167 13.2133751
0.358912351 0.0302603963 0.789007313 0.9558316 4.40176719 5.72683115 8.80353438 13.2053016
0.359068535 0.219748858 0.789024041 0.955247907 4.39907918 5.72333397 8.79815836 13.1972375
0.35922472 0.352450633 0.789024041 0.954664898 4.39639433 5.71984089 8.79278865 13.189183
0.359380905 0.320544808 0.789007313 0.954082572 4.39371262 5.71635191 8.78742523 13.1811378
0.359537089 0.208243788 0.784919954 0.953500929 4.39103405 5.71286701 8.7820681 13.1731021
0.359693274 0.126363176 0.789007313 0.952919967 4.38835862 5.7093862 8.77671724 13.1650759
0.359849459 0.142527808 0.789024041 0.952339685 4.38568632 5.70590946 8.77137265 13.157059
0.360005643 0.250466575 0.789024041 0.951760083 4.38301716 5.70243679 8.76603432 13.1490515
0.360161828 0.326778267 0.789024041 0.951181159 4.38035112 5.69896819 8.76070223 13.1410534
0.360318013 0.263212558 0.789650276 0.950602914 4.3776882 5.69550365 8.75537639 13.1330646
0.360474197 0.264493925 0.790395615 0.950025344 4.37502839 5.69204317 8.75005678 13.1250852
0.360630382 0.855153269 0.790427805 0.949448451 4.3723717 5.68858673 8.7447434 13.1171151
0.360786567 2.4024273 0.790427805 0.948872232 4.36971811 5.68513434 8.73943623 13.1091543
0.360942751 4.47399975 0.790427805 0.948296687 4.36706763 5.68168598 8.73413526 13.1012029
0.361098936 5.76264341 0.790427805 0.947721815 4.36442025 5.67824166 8.72884049 13.0932607
0.361255121 5.08039681 0.790453323 0.947147615 4.36177596 5.67480136 8.72355192 13.0853279
0.361411305 2.66816834 0.791445059 0.946574086 4.35913476 5.67136508 8.71826952 13.0774043
0.36156749 0.663612197 0.796176926 0.946001227 4.35649665 5.66793281 8.71299329 13.0694899
0.361723675 1.41875478 0.796176926 0.945429037 4.35386162 5.66450456 8.70772323 13.0615848
0.361879859 4.91108253 0.796176926 0.944857516 4.35122966 5.66108031 8.70245932 13.053689
0.362036044 8.19772793 0.796176926 0.944286662 4.34860078 5.65766006 8.69720156 13.0458023
0.362192229 8.24543368 0.796176926 0.943716474 4.34597497 5.6542438 8.69194994 13.0379249
0.362348413 5.33822414 0.796176926 0.943146952 4.34335222 5.65083152 8.68670445 13.0300567
0.362504598 2.75591448 0.796176926 0.942578094 4.34073254 5.64742323 8.68146507 13.0221976
0.362660783 3.08098059 0.796176926 0.9420099 4.33811591 5.64401892 8.67623181 13.0143477
0.362816967 5.50925958 0.796176926 0.941442369 4.33550233 5.64061857 8.67100466 13.006507
0.362973152 7.25569505 0.796176926 0.940875499 4.3328918 5.6372222 8.66578359 12.9986754
0.363129337 6.75806636 0.796176926 0.94030929 4.33028431 5.63382978 8.66056862 12.9908529
0.363285521 4.86837941 0.796176926 0.939743742 4.32767986 5.63044131 8.65535972 12.9830396
0.363441706 3.08246939 0.797748856 0.939178852 4.32507845 5.6270568 8.6501569 12.9752353
0.363597891 1.93540361 0.797748856 0.93861462 4.32248007 5.62367622 8.64496013 12.9674402
0.363754075 1.27804642 0.800381882 0.938051046 4.31988471 5.62029959 8.63976942 12.9596541
0.36391026 0.971876701 0.801706319 0.937488128 4.31729238 5.61692688 8.63458476 12.9518771
0.364066445 0.982711692 0.801706319 0.936925866 4.31470306 5.61355811 8.62940613 12.9441092
0.364222629 1.03035288 0.800381882 0.936364258 4.31211676 5.61019325 8.62423353 12.9363503
0.364378814 0.766626571 0.800381882 0.935803303 4.30953347 5.60683231 8.61906694 12.9286004
0.364534999 0.28257133 0.803250786 0.935243002 4.30695319 5.60347529 8.61390637 12.9208596
0.364691183 0.131954434 0.803335567 0.934683352 4.3043759 5.60012216 8.60875181 12.9131277
0.364847368 0.790395615 0.803335567 0.934124353 4.30180162 5.59677294 8.60360324 12.9054049
0.365003552 2.02351668 0.803250786 0.933566004 4.29923033 5.59342761 8.59846065 12.897691
0.365159737 2.88155374 0.800381882 0.933008304 4.29666202 5.59008617 8.59332405 12.8899861
0.365315922 2.5252072 0.800381882 0.932451252 4.29409671 5.58674862 8.58819341 12.8822901
0.365472106 1.27775689 0.803250786 0.931894848 4.29153437 5.58341494 8.58306874 12.8746031
0.365628291 0.605228343 0.803335567 0.93133909 4.28897501 5.58008514 8.57795002 12.866925
0.365784476 1.45293029 0.803580996 0.930783978 4.28641862 5.5767592 8.57283725 12.8592559
0.36594066 2.98176302 0.803580996 0.93022951 4.2838652 5.57343713 8.56773041 12.8515956
0.366096845 3.5623003 0.803580996 0.929675686 4.28131475 5.57011891 8.5626295 12.8439443
0.36625303 2.81370966 0.803580996 0.929122505 4.27876726 5.56680455 8.55753452 12.8363018
0.366409214 1.94784268 0.803580996 0.928569966 4.27622272 5.56349403 8.55244544 12.8286682
0.366565399 1.93394002 0.803580996 0.928018068 4.27368114 5.56018735 8.54736228 12.8210434
0.366721584 2.39016987 0.803580996 0.92746681 4.2711425 5.55688451 8.54228501 12.8134275
0.366877768 2.60476433 0.803580996 0.926916192 4.26860681 5.5535855 8.53721362 12.8058204
0.367033953 2.67218037 0.803580996 0.926366212 4.26607406 5.55029032 8.53214812 12.7982222
0.367190138 2.73552577 0.803580996 0.92581687 4.26354425 5.54699895 8.52708849 12.7906327
0.367346322 2.15222016 0.803580996 0.925268164 4.26101736 5.5437114 8.52203473 12.7830521
0.367502507 0.750671553 0.803580996 0.924720095 4.25849341 5.54042766 8.51698682 12.7754802
0.367658692 0.120725528 0.803580996 0.92417266 4.25597238 5.53714773 8.51194476 12.7679171
0.367814876 2.08098151 0.803335567 0.923625859 4.25345427 5.53387159 8.50690854 12.7603628
0.367971061 5.70544235 0.803335567 0.923079692 4.25093908 5.53059925 8.50187815 12.7528172
0.368127246 7.58731357 0.803335567 0.922534157 4.2484268 5.5273307 8.49685359 12.7452804
0.36828343 5.7816041 0.803335567 0.921989254 4.24591742 5.52406593 8.49183484 12.7377523
0.368439615 2.20427804 0.803335567 0.921444981 4.24341095 5.52080493 8.48682191 12.7302329
0.3685958 0.141420067 0.803335567 0.920901338 4.24090738 5.51754772 8.48181477 12.7227222
0.368751984 0.414169958 0.803335567 0.920358324 4.23840671 5.51429427 8.47681342 12.7152201
0.368908169 1.25543186 0.803335567 0.919815938 4.23590893 5.51104458 8.47181786 12.7077268
0.369064354 1.22172504 0.803250786 0.919274179 4.23341404 5.50779865 8.46682808 12.7002421
0.369220538 0.645490786 0.803250786 0.918733046 4.23092203 5.50455647 8.46184407 12.6927661
0.369376723 0.288121865 0.803250786 0.918192539 4.22843291 5.50131805 8.45686581 12.6852987
0.369532908 0.126766586 0.800381882 0.917652657 4.22594666 5.49808336 8.45189331 12.67784
0.369689092 0.000172515987 0.796176926 0.917113398 4.22346328 5.49485241 8.44692656 12.6703898
0.369845277 0.287265575 0.791445059 0.916574762 4.22098277 5.49162519 8.44196554 12.6629483
0.370001462 1.14572607 0.790427805 0.916036749 4.21850512 5.4884017 8.43701025 12.6555154
0.370157646 1.81956571 0.790427805 0.915499356 4.21603034 5.48518194 8.43206068 12.648091
0.370313831 1.54008592 0.790395615 0.914962584 4.21355841 5.48196588 8.42711683 12.6406752
0.370470016 0.658697913 0.789650276 0.914426432 4.21108934 5.47875355 8.42217868 12.633268
0.3706262 0.135836566 0.790395615 0.913890898 4.20862312 5.47554491 8.41724623 12.6258693
0.370782385 0.196420161 0.790427805 0.913355982 4.20615974 5.47233998 8.41231947 12.6184792
0.37093857 0.273777618 0.791445059 0.912821683 4.2036992 5.46913875 8.4073984 12.6110976
0.371094754 0.143042649 0.790427805 0.912288 4.2012415 5.46594121 8.402483 12.6037245
0.371250939 0.258282271 0.790395615 0.911754932 4.19878663 5.46274735 8.39757326 12.5963599
0.371407124 0.805242807 0.790395615 0.911222479 4.19633459 5.45955718 8.39266919 12.5890038
0.371563308 1.19543064 0.790395615 0.91069064 4.19388538 5.45637068 8.38777077 12.5816561
0.371719493 0.896467035 0.790395615 0.910159413 4.19143899 5.45318786 8.38287799 12.574317
0.371875678 0.25547462 0.790395615 0.909628799 4.18899542 5.4500087 8.37799085 12.5669863
0.372031862 0.0240807011 0.790427805 0.909098795 4.18655467 5.4468332 8.37310933 12.559664
0.372188047 0.33543676 0.791445059 0.908569402 4.18411672 5.44366136 8.36823344 12.5523502
0.372344232 0.671145 0.791445059 0.908040618 4.18168158 5.44049317 8.36336317 12.5450447
0.372500416 0.707788829 0.791445059 0.907512443 4.17924925 5.43732863 8.35849849 12.5377477
0.372656601 0.717835915 0.796176926 0.906984876 4.17681971 5.43416773 8.35363942 12.5304591
0.372812786 1.01684974 0.800381882 0.906457916 4.17439297 5.43101047 8.34878594 12.5231789
0.37296897 1.43757671 0.803335567 0.905931562 4.17196902 5.42785683 8.34393804 12.5159071
0.373125155 1.56127142 0.803335567 0.905405813 4.16954786 5.42470683 8.33909571 12.5086436
0.37328134 1.26004025 0.803335567 0.904880669 4.16712948 5.42156045 8.33425896 12.5013884
0.373437524 0.854827751 0.803335567 0.904356129 4.16471388 5.41841768 8.32942776 12.4941416
0.373593709 0.72053828 0.803580996 0.903832191 4.16230106 5.41527853 8.32460212 12.4869032
0.373749894 0.899461725 0.803866615 0.903308856 4.15989101 5.41214298 8.31978202 12.479673
0.373906078 1.12810527 0.803866615 0.902786121 4.15748373 5.40901104 8.31496746 12.4724512
0.374062263 1.1206748 0.803866615 0.902263988 4.15507922 5.40588269 8.31015843 12.4652376
0.374218447 0.837841991 0.803580996 0.901742454 4.15267746 5.40275794 8.30535492 12.4580324
0.374374632 0.500348463 0.803580996 0.901221518 4.15027847 5.39963678 8.30055693 12.4508354
0.374530817 0.353521182 0.803580996 0.900701181 4.14788223 5.39651919 8.29576445 12.4436467
0.374687001 0.428991631 0.803866615 0.900181441 4.14548873 5.39340519 8.29097747 12.4364662
0.374843186 0.52181821 0.803866615 0.899662297 4.14309799 5.39029476 8.28619598 12.429294
0.374999371 0.455303438 0.803866615 0.899143749 4.14070999 5.3871879 8.28141997 12.42213
0.375155555 0.327170199 0.803580996 0.898625796 4.13832472 5.3840846 8.27664945 12.4149742
0.37531174 0.396804125 0.803335567 0.898108437 4.1359422 5.38098486 8.27188439 12.4078266
0.375467925 0.710884379 0.803335567 0.89759167 4.1335624 5.37788867 8.2671248 12.4006872
0.375624109 0.925406161 0.803580996 0.897075497 4.13118533 5.37479603 8.26237066 12.393556
0.375780294 0.707774699 0.803866615 0.896559915 4.12881099 5.37170694 8.25762198 12.386433
0.375936479 0.248845312 0.803866615 0.896044923 4.12643937 5.36862139 8.25287873 12.3793181
0.376092663 0.126701246 0.803866615 0.895530522 4.12407046 5.36553937 8.24814092 12.3722114
0.376248848 0.563003721 0.803866615 0.895016709 4.12170427 5.36246088 8.24340853 12.3651128
0.376405033 1.04120055 0.803866615 0.894503486 4.11934078 5.35938592 8.23868157 12.3580224
0.376561217 0.956036641 0.804399251 0.893990849 4.11698001 5.35631448 8.23396001 12.35094
0.376717402 0.433670149 0.804399251 0.8934788 4.11462193 5.35324655 8.22924386 12.3438658
0.376873587 0.14137857 0.804399251 0.892967337 4.11226656 5.35018214 8.22453311 12.3367997
0.377029771 0.34065218 0.804399251 0.892456458 4.10991387 5.34712123 8.21982775 12.3297416
0.377185956 0.606665667 0.803866615 0.891946165 4.10756389 5.34406382 8.21512777 12.3226917
0.377342141 0.592386455 0.803580996 0.891436455 4.10521658 5.34100991 8.21043317 12.3156498
0.377498325 0.546290426 0.803580996 0.890927327 4.10287197 5.3379595 8.20574393 12.3086159
0.37765451 0.765178936 0.803580996 0.890418782 4.10053003 5.33491257 8.20106006 12.3015901
0.377810695 0.974633539 0.803335567 0.889910819 4.09819077 5.33186912 8.19638154 12.2945723
0.377966879 0.744509334 0.800381882 0.889403435 4.09585418 5.32882915 8.19170837 12.2875626
0.378123064 0.240421783 0.800381882 0.888896632 4.09352027 5.32579265 8.18704053 12.2805608
0.378279249 0.000555760019 0.803335567 0.888390407 4.09118902 5.32275963 8.18237803 12.273567
0.378435433 0.117550585 0.803335567 0.887884761 4.08886043 5.31973007 8.17772086 12.2665813
0.378591618 0.261804074 0.803335567 0.887379692 4.0865345 5.31670396 8.173069 12.2596035
0.378747803 0.402911287 0.803580996 0.886875199 4.08421123 5.31368132 8.16842245 12.2526337
0.378903987 0.803335567 0.803866615 0.886371283 4.08189061 5.31066212 8.16378121 12.2456718
0.379060172 1.24586276 0.804399251 0.885867942 4.07957263 5.30764637 8.15914527 12.2387179
0.379216357 1.10031207 0.805242807 0.885365174 4.07725731 5.30463405 8.15451461 12.2317719
0.379372541 0.422005606 0.805242807 0.884862981 4.07494462 5.30162518 8.14988924 12.2248339
0.379528726 0.135415729 0.805242807 0.88436136 4.07263457 5.29861974 8.14526914 12.2179037
0.379684911 0.636505808 0.805740206 0.883860311 4.07032715 5.29561772 8.14065431 12.2109815
0.379841095 1.021152 0.806087186 0.883359834 4.06802237 5.29261913 8.13604474 12.2040671
0.37999728 0.531565268 0.808546422 0.882859927 4.06572021 5.28962395 8.13144043 12.1971606
0.380153465 0.0207943226 0.812642671 0.88236059 4.06342068 5.28663219 8.12684136 12.190262
0.380309649 0.805740206 0.81719944 0.881861821 4.06112377 5.28364384 8.12224754 12.1833713
0.380465834 2.40419344 0.81719944 0.881363621 4.05882947 5.28065889 8.11765894 12.1764884
0.380622019 2.95619608 0.81719944 0.880865989 4.05653779 5.27767734 8.11307558 12.1696134
0.380778203 1.93875738 0.818081896 0.880368923 4.05424871 5.27469919 8.10849743 12.1627461
0.380934388 0.992553635 0.818332587 0.879872422 4.05196225 5.27172443 8.1039245 12.1558867
0.381090573 1.56129625 0.818335935 0.879376488 4.04967838 5.26875305 8.09935677 12.1490351
0.381246757 2.75311105 0.818335935 0.878881117 4.04739712 5.26578505 8.09479423 12.1421914
0.381402942 2.81796163 0.818335935 0.87838631 4.04511845 5.26282044 8.0902369 12.1353553
0.381559127 1.77925319 0.818335935 0.877892066 4.04284237 5.25985919 8.08568474 12.1285271
0.381715311 1.1888485 0.818335935 0.877398384 4.04056888 5.25690131 8.08113776 12.1217066
0.381871496 1.69911886 0.818335935 0.876905264 4.03829798 5.2539468 8.07659596 12.1148939
0.382027681 2.22868073 0.818332587 0.876412704 4.03602966 5.25099565 8.07205931 12.108089
0.382183865 1.80637574 0.818081896 0.875920705 4.03376391 5.24804785 8.06752783 12.1012917
0.38234005 0.899893185 0.81719944 0.875429264 4.03150075 5.2451034 8.06300149 12.0945022
0.382496235 0.466687966 0.812642671 0.874938382 4.02924015 5.24216229 8.0584803 12.0877205
0.382652419 0.593624781 0.808546422 0.874448057 4.02698212 5.23922453 8.05396424 12.0809464
0.382808604 0.699095717 0.812642671 0.87395829 4.02472666 5.23629011 8.04945332 12.07418
0.382964788 0.534961106 0.81719944 0.873469078 4.02247376 5.23335901 8.04494751 12.0674213
0.383120973 0.309884508 0.818081896 0.872980422 4.02022341 5.23043125 8.04044683 12.0606702
0.383277158 0.156973441 0.81719944 0.872492321 4.01797562 5.22750681 8.03595125 12.0539269
0.383433342 0.04088873 0.812642671 0.872004774 4.01573039 5.22458569 8.03146077 12.0471912
0.383589527 0.0212744844 0.808546422 0.87151778 4.0134877 5.22166788 8.02697539 12.0404631
0.383745712 0.204851229 0.812642671 0.871031338 4.01124755 5.21875338 8.0224951 12.0337426
0.383901896 0.551911224 0.81719944 0.870545448 4.00900994 5.21584219 8.01801989 12.0270298
0.384058081 0.984808043 0.818081896 0.87006011 4.00677488 5.2129343 8.01354975 12.0203246
0.384214266 1.47703548 0.818332587 0.869575321 4.00454234 5.21002971 8.00908469 12.013627
0.38437045 1.79111019 0.818332587 0.869091082 4.00231234 5.20712841 8.00462468 12.006937
0.384526635 1.49637086 0.818081896 0.868607392 4.00008487 5.2042304 8.00016973 12.0002546
0.38468282 0.64064651 0.818081896 0.868124251 3.99785992 5.20133567 7.99571983 11.9935797
0.384839004 0.0307275243 0.818332587 0.867641656 3.99563749 5.19844422 7.99127497 11.9869125
0.384995189 0.343354808 0.818335935 0.867159608 3.99341757 5.19555605 7.98683515 11.9802527
0.385151374 1.17564329 0.819849498 0.866678107 3.99120018 5.19267115 7.98240035 11.9736005
0.385307558 1.53272578 0.819849498 0.86619715 3.98898529 5.18978951 7.97797058 11.9669559
0.385463743 1.09688651 0.819849498 0.865716738 3.98677291 5.18691114 7.97354582 11.9603187
0.385619928 0.471109007 0.820355223 0.865236869 3.98456304 5.18403603 7.96912607 11.9536891
0.385776112 0.190692336 0.830362497 0.864757544 3.98235566 5.18116417 7.96471132 11.947067
0.385932297 0.151555109 0.83190155 0.864278761 3.98015078 5.17829556 7.96030157 11.9404524
0.386088482 0.130583747 0.834670055 0.86380052 3.9779484 5.17543019 7.9558968 11.9338452
0.386244666 0.204582376 0.835618419 0.86332282 3.97574851 5.17256807 7.95149702 11.9272455
0.386400851 0.417776072 0.834670055 0.862845659 3.97355111 5.16970918 7.94710221 11.9206533
0.386557036 0.510736311 0.834670055 0.862369039 3.97135619 5.16685352 7.94271237 11.9140686
0.38671322 0.342145676 0.834670055 0.861892957 3.96916375 5.16400109 7.9383275 11.9074912
0.386869405 0.174203322 0.834670055 0.861417413 3.96697379 5.16115189 7.93394758 11.9009214
0.38702559 0.223703494 0.834670055 0.860942406 3.9647863 5.15830591 7.9295726 11.8943589
0.387181774 0.296810266 0.834670055 0.860467937 3.96260129 5.15546314 7.92520258 11.8878039
0.387337959 0.175055886 0.834670055 0.859994003 3.96041874 5.15262358 7.92083748 11.8812562
0.387494144 0.0405453503 0.834670055 0.859520604 3.95823866 5.14978723 7.91647732 11.874716
0.387650328 0.15290728 0.834670055 0.85904774 3.95606104 5.14695408 7.91212208 11.8681831
0.387806513 0.361588821 0.834670055 0.858575409 3.95388588 5.14412413 7.90777176 11.8616576
0.387962698 0.35171803 0.834670055 0.858103612 3.95171317 5.14129737 7.90342634 11.8551395
0.388118882 0.154506822 0.834670055 0.857632347 3.94954292 5.1384738 7.89908583 11.8486287
0.388275067 0.0444409225 0.834670055 0.857161614 3.94737511 5.13565342 7.89475022 11.8421253
0.388431252 0.0887409435 0.834670055 0.856691412 3.94520975 5.13283622 7.8904195 11.8356292
0.388587436 0.176909728 0.835618419 0.85622174 3.94304683 5.1300222 7.88609366 11.8291405
0.388743621 0.348661054 0.837841991 0.855752598 3.94088635 5.12721135 7.8817727 11.8226591
0.388899806 0.662391604 0.843189767 0.855283985 3.93872831 5.12440367 7.87745661 11.8161849
0.38905599 0.858176917 0.837841991 0.8548159 3.9365727 5.12159916 7.87314539 11.8097181
0.389212175 0.631708663 0.835618419 0.854348342 3.93441951 5.1187978 7.86883903 11.8032585
0.38936836 0.184094662 0.835618419 0.853881312 3.93226876 5.11599961 7.86453752 11.7968063
0.389524544 0.020125364 0.837841991 0.853414807 3.93012043 5.11320456 7.86024085 11.7903613
0.389680729 0.165241018 0.843189767 0.852948828 3.92797451 5.11041266 7.85594903 11.7839235
0.389836914 0.165399319 0.843718138 0.852483374 3.92583102 5.10762391 7.85166203 11.777493
0.389993098 0.0319044626 0.84419184 0.852018443 3.92368993 5.1048383 7.84737987 11.7710698
0.390149283 0.559333497 0.84419184 0.851554037 3.92155126 5.10205582 7.84310252 11.7646538
0.390305468 2.17449431 0.84419184 0.851090153 3.919415 5.09927648 7.83882999 11.758245
0.390461652 3.92966993 0.84419184 0.85062679 3.91728113 5.09650026 7.83456227 11.7518434
0.390617837 4.28313462 0.84419184 0.85016395 3.91514967 5.09372716 7.83029935 11.745449
0.390774022 2.89994777 0.845426454 0.84970163 3.91302061 5.09095719 7.82604122 11.7390618
0.390930206 1.05824851 0.84806495 0.849239829 3.91089394 5.08819033 7.82178789 11.7326818
0.391086391 0.108508942 0.850355594 0.848778549 3.90876967 5.08542658 7.81753933 11.726309
0.391242576 0.113440976 0.850355594 0.848317786 3.90664778 5.08266594 7.81329556 11.7199433
0.39139876 0.243908337 0.850355594 0.847857542 3.90452828 5.0799084 7.80905655 11.7135848
0.391554945 0.118712178 0.850355594 0.847397815 3.90241115 5.07715397 7.80482231 11.7072335
0.39171113 0.0851190519 0.850355594 0.846938605 3.90029641 5.07440262 7.80059282 11.7008892
0.391867314 0.334061128 0.854827751 0.84647991 3.89818405 5.07165437 7.79636809 11.6945521
0.392023499 0.467101117 0.855153269 0.846021731 3.89607405 5.06890921 7.7921481 11.6882222
0.392179683 0.245206542 0.855153269 0.845564066 3.89396643 5.06616712 7.78793286 11.6818993
0.392335868 0.215984517 0.855153269 0.845106915 3.89186117 5.06342812 7.78372234 11.6755835
0.392492053 1.09053664 0.854827751 0.844650278 3.88975828 5.06069219 7.77951655 11.6692748
0.392648237 2.73261638 0.854827751 0.844194153 3.88765774 5.05795934 7.77531549 11.6629732
0.392804422 4.17357337 0.850355594 0.843738539 3.88555957 5.05522955 7.77111913 11.6566787
0.392960607 4.75263509 0.850355594 0.843283437 3.88346374 5.05250282 7.76692749 11.6503912
0.393116791 4.47908784 0.850355594 0.842828846 3.88137027 5.04977915 7.76274055 11.6441108
0.393272976 3.48055679 0.854827751 0.842374765 3.87927915 5.04705854 7.7585583 11.6378375
0.393429161 2.0704513 0.855153269 0.841921192 3.87719037 5.04434097 7.75438075 11.6315711
0.393585345 0.835618419 0.855153269 0.841468128 3.87510394 5.04162646 7.75020787 11.6253118
0.39374153 0.447402605 0.854827751 0.841015573 3.87301984 5.03891499 7.74603968 11.6190595
0.393897715 0.915999255 0.854827751 0.840563524 3.87093808 5.03620655 7.74187616 11.6128142
0.394053899 1.38722598 0.854827751 0.840111982 3.86885865 5.03350116 7.7377173 11.606576
0.394210084 1.26166214 0.850355594 0.839660946 3.86678155 5.03079879 7.73356311 11.6003447
0.394366269 0.943738845 0.84806495 0.839210415 3.86470678 5.02809945 7.72941356 11.5941203
0.394522453 1.01652302 0.84806495 0.838760389 3.86263433 5.02540313 7.72526867 11.587903
0.394678638 1.30742391 0.84806495 0.838310866 3.86056421 5.02270983 7.72112842 11.5816926
0.394834823 1.22234373 0.84806495 0.837861847 3.8584964 5.02001955 7.7169928 11.5754892
0.394991007 0.720128922 0.850355594 0.837413331 3.8564309 5.01733228 7.71286181 11.5692927
0.395147192 0.380723903 0.850355594 0.836965316 3.85436772 5.01464802 7.70873544 11.5631032
0.395303377 0.466678745 0.850355594 0.836517803 3.85230685 5.01196676 7.7046137 11.5569205
0.395459561 0.631959812 0.850355594 0.836070791 3.85024828 5.0092885 7.70049656 11.5507448
0.395615746 0.527845139 0.850355594 0.835624279 3.84819201 5.00661324 7.69638403 11.544576
0.395771931 0.255623858 0.850355594 0.835178266 3.84613805 5.00394097 7.6922761 11.5384141
0.395928115 0.236391445 0.850355594 0.834732751 3.84408638 5.00127169 7.68817276 11.5322591
0.3960843 0.874819531 0.850355594 0.834287735 3.84203701 4.99860539 7.68407401 11.526111
0.396240485 2.15580203 0.854827751 0.833843217 3.83998992 4.99594207 7.67997984 11.5199698
0.396396669 3.40098422 0.855153269 0.833399195 3.83794513 4.99328173 7.67589025 11.5138354
0.396552854 3.89079241 0.855153269 0.832955669 3.83590261 4.99062436 7.67180523 11.5077078
0.396709039 3.84704664 0.855153269 0.832512639 3.83386238 4.98796996 7.66772477 11.5015872
0.396865223 4.15682432 0.855153269 0.832070104 3.83182443 4.98531853 7.66364887 11.4954733
0.397021408 4.8701472 0.856275177 0.831628063 3.82978876 4.98267005 7.65957752 11.4893663
0.397177593 4.64982681 0.858176917 0.831186515 3.82775536 4.98002454 7.65551072 11.4832661
0.397333777 2.96780608 0.858176917 0.830745461 3.82572423 4.97738198 7.65144846 11.4771727
0.397489962 1.77101535 0.858176917 0.830304899 3.82369536 4.97474236 7.64739073 11.4710861
0.397646147 3.12880526 0.858176917 0.829864828 3.82166877 4.9721057 7.64333753 11.4650063
0.397802331 5.80872327 0.858176917 0.829425249 3.81964443 4.96947197 7.63928886 11.4589333
0.397958516 6.43934344 0.858176917 0.82898616 3.81762235 4.96684119 7.6352447 11.452867
0.398114701 4.41387126 0.858176917 0.828547561 3.81560252 4.96421334 7.63120505 11.4468076
0.398270885 2.58008285 0.858176917 0.828109451 3.81358495 4.96158842 7.62716991 11.4407549
0.39842707 3.2021248 0.859814284 0.827671829 3.81156963 4.95896642 7.62313926 11.4347089
0.398583255 4.78417408 0.859814284 0.827234696 3.80955656 4.95634735 7.61911312 11.4286697
0.398739439 4.85631753 0.859814284 0.82679805 3.80754573 4.9537312 7.61509146 11.4226372
0.398895624 3.8526291 0.858176917 0.82636189 3.80553714 4.95111797 7.61107428 11.4166114
0.399051809 3.56949837 0.856275177 0.825926216 3.80353079 4.94850764 7.60706157 11.4105924
0.399207993 3.95104787 0.855153269 0.825491028 3.80152667 4.94590023 7.60305334 11.40458
0.399364178 3.6583409 0.854827751 0.825056325 3.79952479 4.94329572 7.59904958 11.3985744
0.399520363 2.82197152 0.854827751 0.824622105 3.79752513 4.94069411 7.59505027 11.3925754
0.399676547 2.93586002 0.854827751 0.82418837 3.79552771 4.9380954 7.59105542 11.3865831
0.399832732 3.769702 0.854827751 0.823755117 3.7935325 4.93549958 7.58706501 11.3805975
0.399988917 3.3169464 0.854827751 0.823322346 3.79153952 4.93290665 7.58307905 11.3746186
0.400145101 1.3195013 0.854827751 0.822890057 3.78954876 4.93031661 7.57909752 11.3686463
0.400301286 0.022830938 0.854827751 0.82245825 3.78756021 4.92772944 7.57512042 11.3626806
0.400457471 0.920872997 0.854827751 0.822026922 3.78557387 4.92514516 7.57114775 11.3567216
0.400613655 2.46518257 0.854827751 0.821596075 3.78358975 4.92256375 7.5671795 11.3507692
0.40076984 2.543178 0.855153269 0.821165706 3.78160783 4.91998522 7.56321566 11.3448235
0.400926025 1.34954848 0.855153269 0.820735816 3.77962811 4.91740955 7.55925622 11.3388843
0.401082209 0.527724117 0.856275177 0.820306405 3.7776506 4.91483674 7.5553012 11.3329518
0.401238394 0.499882844 0.856275177 0.81987747 3.77567528 4.91226679 7.55135056 11.3270258
0.401394578 0.621983534 0.856275177 0.819449012 3.77370216 4.90969971 7.54740432 11.3211065
0.401550763 0.820355223 0.856275177 0.819021031 3.77173123 4.90713547 7.54346247 11.3151937
0.401706948 1.5149131 0.856275177 0.818593525 3.76976249 4.90457408 7.53952499 11.3092875
0.401863132 2.20036017 0.856275177 0.818166494 3.76779594 4.90201554 7.53559189 11.3033878
0.402019317 1.94980507 0.856275177 0.817739937 3.76583158 4.89945984 7.53166315 11.2974947
0.402175502 0.938943265 0.858176917 0.817313854 3.76386939 4.89690698 7.52773878 11.2916082
0.402331686 0.301698341 0.859814284 0.816888244 3.76190939 4.89435695 7.52381877 11.2857282
0.402487871 0.410396805 0.865836718 0.816463106 3.75995155 4.89180975 7.51990311 11.2798547
0.402644056 0.469641894 0.868622547 0.816038441 3.7579959 4.88926539 7.51599179 11.2739877
0.40280024 0.122641826 0.874819531 0.815614246 3.75604241 4.88672384 7.51208482 11.2681272
0.402956425 0.0862790747 0.874819531 0.815190523 3.75409109 4.88418512 7.50818218 11.2622733
0.40311261 0.868622547 0.874819531 0.814767269 3.75214194 4.88164921 7.50428387 11.2564258
0.403268794 1.78962958 0.868622547 0.814344485 3.75019494 4.87911611 7.50038989 11.2505848
0.403424979 1.9155473 0.868622547 0.81392217 3.74825011 4.87658582 7.49650022 11.2447503
0.403581164 1.26295578 0.868622547 0.813500323 3.74630743 4.87405834 7.49261487 11.2389223
0.403737348 0.564036598 0.868622547 0.813078944 3.74436691 4.87153367 7.48873382 11.2331007
0.403893533 0.242126236 0.868622547 0.812658032 3.74242854 4.86901179 7.48485708 11.2272856
0.404049718 0.169538657 0.868622547 0.812237586 3.74049232 4.8664927 7.48098463 11.2214769
0.404205902 0.15539191 0.865836718 0.811817607 3.73855824 4.86397641 7.47711648 11.2156747
0.404362087 0.193594898 0.865836718 0.811398092 3.7366263 4.8614629 7.47325261 11.2098789
0.404518272 0.274568784 0.865836718 0.810979043 3.73469651 4.85895218 7.46939302 11.2040895
0.404674456 0.258684155 0.868622547 0.810560457 3.73276885 4.85644424 7.4655377 11.1983066
0.404830641 0.0861432443 0.868622547 0.810142335 3.73084333 4.85393908 7.46168666 11.19253
0.404986826 0.0314462631 0.865836718 0.809724676 3.72891994 4.85143669 7.45783988 11.1867598
0.40514301 0.64797845 0.859814284 0.80930748 3.72699868 4.84893707 7.45399735 11.180996
0.405299195 2.19405396 0.858176917 0.808890745 3.72507954 4.84644022 7.45015908 11.1752386
0.40545538 4.01758383 0.858176917 0.808474471 3.72316253 4.84394613 7.44632506 11.1694876
0.405611564 4.83508163 0.858176917 0.808058658 3.72124764 4.8414548 7.44249528 11.1637429
0.405767749 4.02245321 0.858176917 0.807643305 3.71933487 4.83896623 7.43866974 11.1580046
0.405923934 2.23603674 0.858176917 0.807228412 3.71742422 4.83648041 7.43484843 11.1522726
0.406080118 0.681377736 0.858176917 0.806813977 3.71551567 4.83399734 7.43103135 11.146547
0.406236303 0.0321152529 0.859814284 0.806400001 3.71360924 4.83151702 7.42721848 11.1408277
0.406392488 0.22269531 0.865836718 0.805986482 3.71170492 4.82903943 7.42340984 11.1351148
0.406548672 1.02929398 0.865836718 0.805573421 3.7098027 4.82656459 7.4196054 11.1294081
0.406704857 2.06869234 0.865836718 0.805160815 3.70790258 4.82409248 7.41580516 11.1237077
0.406861042 2.51949661 0.865836718 0.804748666 3.70600457 4.8216231 7.41200913 11.1180137
0.407017226 1.78801178 0.865836718 0.804336973 3.70410865 4.81915646 7.40821729 11.1123259
0.407173411 0.51187471 0.865836718 0.803925734 3.70221482 4.81669253 7.40442964 11.1066445
0.407329596 0.0425055918 0.865836718 0.803514949 3.70032309 4.81423133 7.40064618 11.1009693
0.40748578 0.740421578 0.865836718 0.803104618 3.69843344 4.81177285 7.39686689 11.0953003
0.407641965 1.47234663 0.865836718 0.80269474 3.69654589 4.80931708 7.39309177 11.0896377
0.40779815 1.22970798 0.865836718 0.802285315 3.69466041 4.80686402 7.38932083 11.0839812
0.407954334 0.403977898 0.865836718 0.801876342 3.69277702 4.80441367 7.38555404 11.0783311
0.408110519 0.0135046954 0.859814284 0.80146782 3.69089571 4.80196603 7.38179142 11.0726871
0.408266704 0.259471109 0.859814284 0.801059748 3.68901647 4.79952108 7.37803294 11.0670494
0.408422888 0.525179545 0.863991289 0.800652127 3.68713931 4.79707884 7.37427861 11.0614179
0.408579073 0.43177175 0.863991289 0.800244956 3.68526421 4.79463928 7.37052842 11.0557926
0.408735258 0.182071711 0.863991289 0.799838234 3.68339119 4.79220242 7.36678237 11.0501736
0.408891442 0.0528404348 0.868622547 0.79943196 3.68152023 4.78976825 7.36304046 11.0445607
0.409047627 0.140844168 0.874819531 0.799026134 3.67965133 4.78733676 7.35930266 11.038954
0.409203812 0.485233748 0.875838575 0.798620756 3.67778449 4.78490795 7.35556899 11.0333535
0.409359996 0.920091267 0.875838575 0.798215824 3.67591972 4.78248181 7.35183943 11.0277591
0.409516181 0.976472987 0.875838575 0.797811339 3.67405699 4.78005835 7.34811399 11.022171
0.409672366 0.471014072 0.876819076 0.7974073 3.67219632 4.77763757 7.34439264 11.016589
0.40982855 0.0944688603 0.876819076 0.797003705 3.6703377 4.77521944 7.3406754 11.0110131
0.409984735 0.678616694 0.876819076 0.796600556 3.66848113 4.77280399 7.33696226 11.0054434
0.410140919 1.84402279 0.876819076 0.79619785 3.6666266 4.77039119 7.3332532 10.9998798
0.410297104 2.31309665 0.882486931 0.795795588 3.66477411 4.76798105 7.32954823 10.9943223
0.410453289 1.59541425 0.884342447 0.795393768 3.66292367 4.76557356 7.32584734 10.988771
0.410609473 0.749151868 0.884342447 0.794992391 3.66107526 4.76316873 7.32215052 10.9832258
0.410765658 0.982608237 0.884342447 0.794591456 3.65922888 4.76076654 7.31845777 10.9776867
0.410921843 1.93535621 0.884342447 0.794190962 3.65738454 4.75836699 7.31476908 10.9721536
0.411078027 2.22617984 0.889222885 0.793790909 3.65554223 4.75597009 7.31108446 10.9666267
0.411234212 1.3665693 0.895164979 0.793391296 3.65370194 4.75357582 7.30740389 10.9611058
0.411390397 0.310063159 0.896467035 0.792992123 3.65186368 4.75118419 7.30372736 10.955591
0.411546581 0.070008315 0.897266589 0.792593388 3.65002744 4.74879519 7.30005488 10.9500823
0.411702766 0.520604252 0.899461725 0.792195093 3.64819322 4.74640881 7.29638644 10.9445797
0.411858951 0.882486931 0.899893185 0.791797235 3.64636102 4.74402506 7.29272204 10.9390831
0.412015135 0.876819076 0.902683511 0.791399814 3.64453083 4.74164393 7.28906166 10.9335925
0.41217132 0.84419184 0.902683511 0.79100283 3.64270265 4.73926542 7.2854053 10.928108
0.412327505 0.957158111 0.902683511 0.790606283 3.64087648 4.73688952 7.28175297 10.9226295
0.412483689 0.918688585 0.902683511 0.790210172 3.63905232 4.73451623 7.27810465 10.917157
0.412639874 0.509710472 0.902683511 0.789814495 3.63723017 4.73214555 7.27446033 10.9116905
0.412796059 0.0712585598 0.902683511 0.789419253 3.63541001 4.72977747 7.27082002 10.90623
0.412952243 0.0775233547 0.902683511 0.789024446 3.63359185 4.72741199 7.26718371 10.9007756
0.413108428 0.45690167 0.902683511 0.788630072 3.6317757 4.72504912 7.26355139 10.8953271
0.413264613 0.665481046 0.899893185 0.788236131 3.62996153 4.72268883 7.25992306 10.8898846
0.413420797 0.429946796 0.899461725 0.787842623 3.62814936 4.72033114 7.25629871 10.8844481
0.413576982 0.13926617 0.899461725 0.787449546 3.62633917 4.71797604 7.25267835 10.8790175
0.413733167 0.325786903 0.899461725 0.787056901 3.62453098 4.71562352 7.24906195 10.8735929
0.413889351 0.996091741 0.897266589 0.786664687 3.62272476 4.71327358 7.24544953 10.8681743
0.414045536 1.56134158 0.896467035 0.786272903 3.62092053 4.71092622 7.24184106 10.8627616
0.414201721 1.46623301 0.895164979 0.785881549 3.61911828 4.70858144 7.23823656 10.8573548
0.414357905 0.804399251 0.889222885 0.785490625 3.61731801 4.70623923 7.23463601 10.851954
0.41451409 0.179256888 0.889222885 0.785100129 3.61551971 4.70389959 7.23103941 10.8465591
0.414670275 0.0603592469 0.889222885 0.784710061 3.61372338 4.70156251 7.22744676 10.8411701
0.414826459 0.350371552 0.889222885 0.784320421 3.61192902 4.699228 7.22385804 10.8357871
0.414982644 0.573818847 0.889222885 0.783931208 3.61013663 4.69689604 7.22027326 10.8304099
0.415138829 0.462841094 0.889222885 0.783542422 3.6083462 4.69456664 7.2166924 10.8250386
0.415295013 0.208954641 0.889222885 0.783154062 3.60655774 4.6922398 7.21311547 10.8196732
0.415451198 0.131200188 0.889222885 0.782766127 3.60477123 4.6899155 7.20954246 10.8143137
0.415607383 0.257350061 0.889222885 0.782378618 3.60298668 4.68759375 7.20597337 10.8089601
0.415763567 0.354999251 0.895164979 0.781991532 3.60120409 4.68527454 7.20240818 10.8036123
0.415919752 0.323506002 0.895164979 0.781604871 3.59942345 4.68295788 7.1988469 10.7982704
0.416075937 0.321553863 0.896467035 0.781218634 3.59764476 4.68064375 7.19528952 10.7929343
0.416232121 0.490279349 0.897266589 0.780832819 3.59586802 4.67833215 7.19173604 10.7876041
0.416388306 0.722796533 0.899461725 0.780447427 3.59409322 4.67602309 7.18818644 10.7822797
0.416544491 0.830362497 0.899461725 0.780062456 3.59232037 4.67371655 7.18464073 10.7769611
0.416700675 0.790427805 0.899461725 0.779677907 3.59054945 4.67141254 7.18109891 10.7716484
0.41685686 0.691979623 0.899461725 0.779293779 3.58878048 4.66911105 7.17756095 10.7663414
0.417013045 0.576980684 0.899893185 0.778910071 3.58701344 4.66681208 7.17402687 10.7610403
0.417169229 0.448422467 0.899893185 0.778526783 3.58524833 4.66451562 7.17049666 10.755745
0.417325414 0.354408682 0.899893185 0.778143914 3.58348515 4.66222167 7.16697031 10.7504555
0.417481599 0.313369456 0.899893185 0.777761464 3.58172391 4.65993024 7.16344781 10.7451717
0.417637783 0.231504263 0.899893185 0.777379432 3.57996458 4.65764131 7.15992917 10.7398938
0.417793968 0.0669793147 0.899893185 0.776997818 3.57820719 4.65535488 7.15641437 10.7346216
0.417950153 0.0266496384 0.899461725 0.776616621 3.57645171 4.65307095 7.15290342 10.7293551
0.418106337 0.387891306 0.897266589 0.776235841 3.57469815 4.65078952 7.1493963 10.7240945
0.418262522 1.10594149 0.897266589 0.775855477 3.57294651 4.64851058 7.14589302 10.7188395
0.418418707 1.77227449 0.897266589 0.775475528 3.57119678 4.64623413 7.14239356 10.7135903
0.418574891 2.03285979 0.897266589 0.775095995 3.56944897 4.64396017 7.13889793 10.7083469
0.418731076 1.8427605 0.897266589 0.774716876 3.56770306 4.6416887 7.13540612 10.7031092
0.418887261 1.27903721 0.897266589 0.774338172 3.56595906 4.6394197 7.13191812 10.6978772
0.419043445 0.533671211 0.897266589 0.773959881 3.56421697 4.63715319 7.12843394 10.6926509
0.41919963 0.0501229946 0.896467035 0.773582003 3.56247678 4.63488914 7.12495355 10.6874303
0.419355814 0.380990017 0.895164979 0.773204538 3.56073848 4.63262758 7.12147697 10.6822155
0.419511999 1.58297865 0.895164979 0.772827485 3.55900209 4.63036848 7.11800418 10.6770063
0.419668184 2.74858528 0.895164979 0.772450843 3.55726759 4.62811184 7.11453519 10.6718028
0.419824368 2.73585153 0.895164979 0.772074613 3.55553499 4.62585767 7.11106997 10.666605
0.419980553 1.48722682 0.889222885 0.771698793 3.55380427 4.62360596 7.10760855 10.6614128
0.420136738 0.30307987 0.884342447 0.771323383 3.55207545 4.6213567 7.10415089 10.6562263
0.420292922 0.511706175 0.884342447 0.770948383 3.55034851 4.6191099 7.10069701 10.6510455
0.420449107 2.00255968 0.884342447 0.770573791 3.54862345 4.61686555 7.0972469 10.6458703
0.420605292 3.27637955 0.884342447 0.770199609 3.54690027 4.61462365 7.09380055 10.6407008
0.420761476 3.12276405 0.884342447 0.769825834 3.54517898 4.61238419 7.09035796 10.6355369
0.420917661 2.0335542 0.882486931 0.769452467 3.54345956 4.61014718 7.08691912 10.6303787
0.421073846 1.3572238 0.876819076 0.769079507 3.54174202 4.6079126 7.08348403 10.625226
0.42123003 1.63851008 0.874819531 0.768706953 3.54002634 4.60568046 7.08005269 10.620079
0.421386215 2.21399491 0.868622547 0.768334806 3.53831254 4.60345075 7.07662508 10.6149376
0.4215424 2.13375834 0.863991289 0.767963064 3.53660061 4.60122347 7.07320121 10.6098018
0.421698584 1.4551438 0.859814284 0.767591727 3.53489054 4.59899862 7.06978107 10.6046716
0.421854769 1.06816223 0.858176917 0.767220795 3.53318233 4.59677619 7.06636466 10.599547
0.422010954 1.38355519 0.855153269 0.766850267 3.53147599 4.59455619 7.06295197 10.594428
0.422167138 2.05516312 0.854827751 0.766480142 3.5297715 4.5923386 7.059543 10.5893145
0.422323323 2.56670503 0.850355594 0.766110421 3.52806887 4.59012342 7.05613774 10.5842066
0.422479508 2.65114332 0.848267026 0.765741102 3.52636809 4.58791066 7.05273618 10.5791043
0.422635692 2.28572264 0.84806495 0.765372185 3.52466917 4.58570031 7.04933833 10.5740075
0.422791877 1.47964528 0.845426454 0.765003669 3.52297209 4.58349236 7.04594418 10.5689163
0.422948062 0.546174765 0.84419184 0.764635555 3.52127686 4.58128682 7.04255373 10.5638306
0.423104246 0.122517979 0.843718138 0.764267842 3.51958348 4.57908368 7.03916696 10.5587504
0.423260431 0.437105356 0.843189767 0.763900528 3.51789194 4.57688293 7.03578388 10.5536758
0.423416616 0.924773618 0.843189767 0.763533615 3.51620224 4.57468458 7.03240448 10.5486067
0.4235728 0.944935025 0.843189767 0.7631671 3.51451438 4.57248862 7.02902875 10.5435431
0.423728985 0.605514069 0.840390364 0.762800984 3.51282835 4.57029505 7.0256567 10.538485
0.42388517 0.435208838 0.837841991 0.762435266 3.51114416 4.56810387 7.02228831 10.5334325
0.424041354 0.560034567 0.835618419 0.762069946 3.5094618 4.56591507 7.01892359 10.5283854
0.424197539 0.616976374 0.834670055 0.761705023 3.50778126 4.56372864 7.01556253 10.5233438
0.424353724 0.478453063 0.833200625 0.761340497 3.50610256 4.5615446 7.01220512 10.5183077
0.424509908 0.450098701 0.830362497 0.760976367 3.50442568 4.55936293 7.00885136 10.513277
0.424666093 0.643788414 0.820355223 0.760612633 3.50275062 4.55718363 7.00550124 10.5082519
0.424822278 0.736048239 0.820355223 0.760249294 3.50107738 4.55500669 7.00215477 10.5032322
0.424978462 0.525865385 0.820355223 0.75988635 3.49940597 4.55283213 6.99881193 10.4982179
0.425134647 0.263266682 0.820355223 0.759523801 3.49773636 4.55065992 6.99547272 10.4932091
0.425290832 0.20160227 0.819849498 0.759161645 3.49606857 4.54849008 6.99213714 10.4882057
0.425447016 0.216219043 0.819846084 0.758799882 3.49440259 4.54632259 6.98880519 10.4832078
0.425603201 0.16594431 0.818335935 0.758438513 3.49273843 4.54415746 6.98547685 10.4782153
0.425759386 0.27524475 0.81719944 0.758077535 3.49107606 4.54199468 6.98215213 10.4732282
0.42591557 0.779144321 0.81719944 0.75771695 3.48941551 4.53983424 6.97883101 10.4682465
0.426071755 1.38771033 0.814983717 0.757356756 3.48775675 4.53767615 6.97551351 10.4632703
0.42622794 1.54672988 0.814983717 0.756996953 3.4860998 4.53552041 6.9721996 10.4582994
0.426384124 1.13605483 0.814983717 0.756637541 3.48444464 4.533367 6.96888929 10.4533339
0.426540309 0.565556276 0.812642671 0.756278519 3.48279129 4.53121593 6.96558257 10.4483739
0.426696494 0.236640779 0.809743536 0.755919886 3.48113972 4.5290672 6.96227944 10.4434192
0.426852678 0.15599111 0.807197332 0.755561642 3.47948995 4.52692079 6.9589799 10.4384698
0.427008863 0.153507348 0.806087186 0.755203787 3.47784196 4.52477672 6.95568393 10.4335259
0.427165048 0.207881991 0.805740206 0.75484632 3.47619577 4.52263497 6.95239154 10.4285873
0.427321232 0.434527528 0.805242807 0.754489241 3.47455136 4.52049554 6.94910271 10.4236541
0.427477417 0.812642671 0.804399251 0.754132549 3.47290873 4.51835843 6.94581746 10.4187262
0.427633602 1.02756359 0.804399251 0.753776243 3.47126788 4.51622364 6.94253577 10.4138037
0.427789786 0.818335935 0.804399251 0.753420324 3.46962882 4.51409116 6.93925763 10.4088864
0.427945971 0.432370519 0.804399251 0.753064791 3.46799152 4.511961 6.93598305 10.4039746
0.428102155 0.471192585 0.804399251 0.752709643 3.46635601 4.50983314 6.93271202 10.399068
0.42825834 1.14527641 0.804399251 0.75235488 3.46472226 4.50770759 6.92944453 10.3941668
0.428414525 1.74555996 0.804399251 0.752000502 3.46309029 4.50558435 6.92618058 10.3892709
0.428570709 1.43185248 0.804399251 0.751646507 3.46146008 4.5034634 6.92292017 10.3843803
0.428726894 0.478074746 0.804399251 0.751292896 3.45983164 4.50134475 6.91966329 10.3794949
0.428883079 0.0667663878 0.804399251 0.750939668 3.45820497 4.4992284 6.91640994 10.3746149
0.429039263 0.803580996 0.803866615 0.750586822 3.45658006 4.49711433 6.91316011 10.3697402
0.429195448 1.8727454 0.803580996 0.750234359 3.4549569 4.49500256 6.9099138 10.3648707
0.429351633 2.11545126 0.803335567 0.749882277 3.4533355 4.49289308 6.90667101 10.3600065
0.429507817 1.37324988 0.803335567 0.749530576 3.45171586 4.49078587 6.90343172 10.3551476
0.429664002 0.414355604 0.803335567 0.749179256 3.45009797 4.48868095 6.90019595 10.3502939
0.429820187 0.0145744948 0.803580996 0.748828316 3.44848184 4.48657831 6.89696367 10.3454455
0.429976371 0.510985945 0.803866615 0.748477756 3.44686745 4.48447794 6.8937349 10.3406023
0.430132556 1.88740895 0.803866615 0.748127576 3.44525481 4.48237985 6.89050962 10.3357644
0.430288741 3.56614841 0.803580996 0.747777774 3.44364391 4.48028402 6.88728782 10.3309317
0.430444925 4.37761459 0.803335567 0.747428351 3.44203476 4.47819047 6.88406952 10.3261043
0.43060111 3.58729039 0.795492796 0.747079306 3.44042735 4.47609917 6.88085469 10.321282
0.430757295 1.82652558 0.791743005 0.746730638 3.43882167 4.47401014 6.87764334 10.316465
0.430913479 0.437472074 0.791743005 0.746382347 3.43721773 4.47192337 6.87443547 10.3116532
0.431069664 0.0549307276 0.791393827 0.746034433 3.43561553 4.46983886 6.87123106 10.3068466
0.431225849 0.219481329 0.790427805 0.745686895 3.43401506 4.4677566 6.86803012 10.3020452
0.431382033 0.31803908 0.790427805 0.745339733 3.43241632 4.46567659 6.86483264 10.297249
0.431538218 0.267699431 0.790427805 0.744992946 3.43081931 4.46359883 6.86163861 10.2924579
0.431694403 0.197919942 0.790395615 0.744646534 3.42922402 4.46152331 6.85844804 10.2876721
0.431850587 0.114478784 0.789654198 0.744300497 3.42763046 4.45945004 6.85526091 10.2828914
0.432006772 0.0558109845 0.789024041 0.743954833 3.42603862 4.45737901 6.85207723 10.2781158
0.432162957 0.121473198 0.780735217 0.743609542 3.4244485 4.45531021 6.84889699 10.2733455
0.432319141 0.257625173 0.779144321 0.743264625 3.42286009 4.45324365 6.84572018 10.2685803
0.432475326 0.427619595 0.777090292 0.742920081 3.42127341 4.45117932 6.84254681 10.2638202
0.432631511 0.935960472 0.773549048 0.742575908 3.41968843 4.44911723 6.83937686 10.2590653
0.432787695 2.00207172 0.773549048 0.742232107 3.41810517 4.44705736 6.83621034 10.2543155
0.43294388 3.02655991 0.766626571 0.741888677 3.41652362 4.44499971 6.83304724 10.2495709
0.433100065 3.00521588 0.765178936 0.741545619 3.41494377 4.44294428 6.82988755 10.2448313
0.433256249 1.86331599 0.762843291 0.74120293 3.41336564 4.44089108 6.82673127 10.2400969
0.433412434 0.610286487 0.765178936 0.740860612 3.4117892 4.43884009 6.8235784 10.2353676
0.433568619 0.057233434 0.765178936 0.740518663 3.41021447 4.43679131 6.82042893 10.2306434
0.433724803 0.129809551 0.765178936 0.740177083 3.40864143 4.43474475 6.81728287 10.2259243
0.433880988 0.499006869 0.765178936 0.739835871 3.4070701 4.43270039 6.81414019 10.2212103
0.434037173 1.15373531 0.766626571 0.739495028 3.40550045 4.43065824 6.81100091 10.2165014
0.434193357 1.84218557 0.773549048 0.739154552 3.40393251 4.42861829 6.80786501 10.2117975
0.434349542 1.76634779 0.773549048 0.738814444 3.40236625 4.42658055 6.8047325 10.2070988
0.434505727 0.803866615 0.773549048 0.738474703 3.40080168 4.424545 6.80160337 10.202405
0.434661911 0.0329393489 0.773549048 0.738135327 3.3992388 4.42251165 6.79847761 10.1977164
0.434818096 0.348931479 0.773549048 0.737796318 3.39767761 4.42048048 6.79535522 10.1930328
0.434974281 1.12618329 0.773549048 0.737457675 3.3961181 4.41845151 6.7922362 10.1883543
0.435130465 1.09464305 0.773549048 0.737119396 3.39456027 4.41642473 6.78912054 10.1836808
0.43528665 0.308378913 0.777090292 0.736781483 3.39300412 4.41440013 6.78600824 10.1790124
0.435442835 0.0450878609 0.779144321 0.736443933 3.39144964 4.41237772 6.78289929 10.1743489
0.435599019 0.81719944 0.780735217 0.736106747 3.38989685 4.41035748 6.77979369 10.1696905
0.435755204 1.61695911 0.789654198 0.735769925 3.38834572 4.40833942 6.77669145 10.1650372
0.435911389 1.41470406 0.789654198 0.735433466 3.38679627 4.40632354 6.77359254 10.1603888
0.436067573 0.528376409 0.789654198 0.735097369 3.38524849 4.40430982 6.77049697 10.1557455
0.436223758 0.0884415472 0.789654198 0.734761634 3.38370237 4.40229828 6.76740474 10.1511071
0.436379943 0.595783823 0.789654198 0.734426261 3.38215792 4.4002889 6.76431584 10.1464738
0.436536127 1.45293196 0.780735217 0.734091249 3.38061513 4.39828169 6.76123027 10.1418454
0.436692312 1.75173923 0.779144321 0.733756598 3.37907401 4.39627664 6.75814801 10.137222
0.436848497 1.21979384 0.777090292 0.733422307 3.37753454 4.39427375 6.75506908 10.1326036
0.437004681 0.407608375 0.777090292 0.733088376 3.37599673 4.39227301 6.75199347 10.1279902
0.437160866 0.0814925381 0.773549048 0.732754805 3.37446058 4.39027443 6.74892116 10.1233817
0.43731705 0.365880087 0.766626571 0.732421592 3.37292608 4.388278 6.74585216 10.1187782
0.437473235 0.610994488 0.765178936 0.732088739 3.37139323 4.38628372 6.74278647 10.1141797
0.43762942 0.33767949 0.762843291 0.731756243 3.36986204 4.38429159 6.73972407 10.1095861
0.437785604 0.0114741929 0.761083417 0.731424106 3.36833249 4.3823016 6.73666497 10.1049975
0.437941789 0.291488065 0.758900381 0.731092326 3.36680458 4.38031375 6.73360916 10.1004137
0.438097974 0.834670055 0.757831115 0.730760903 3.36527832 4.37832804 6.73055664 10.095835
0.438254158 0.773549048 0.757831115 0.730429836 3.3637537 4.37634447 6.72750741 10.0912611
0.438410343 0.251764596 0.757831115 0.730099125 3.36223072 4.37436303 6.72446145 10.0866922
0.438566528 0.436406341 0.757831115 0.729768771 3.36070938 4.37238372 6.72141877 10.0821282
0.438722712 1.73461496 0.750671553 0.729438771 3.35918968 4.37040654 6.71837936 10.077569
0.438878897 2.82265673 0.749151868 0.729109126 3.35767161 4.36843148 6.71534322 10.0730148
0.439035082 2.3411236 0.749151868 0.728779836 3.35615517 4.36645855 6.71231035 10.0684655
0.439191266 0.884342447 0.749151868 0.7284509 3.35464037 4.36448774 6.70928073 10.0639211
0.439347451 0.0439286358 0.749151868 0.728122318 3.35312719 4.36251905 6.70625438 10.0593816
0.439503636 0.383002373 0.749151868 0.727794088 3.35161564 4.36055248 6.70323127 10.0548469
0.43965982 1.05762958 0.749151868 0.727466212 3.35010571 4.35858802 6.70021142 10.0503171
0.439816005 1.17047324 0.749151868 0.727138688 3.3485974 4.35662567 6.69719481 10.0457922
0.43997219 0.806087186 0.750671553 0.726811515 3.34709072 4.35466543 6.69418144 10.0412722
0.440128374 0.431429773 0.757831115 0.726484695 3.34558566 4.35270729 6.69117131 10.036757
0.440284559 0.254525773 0.757831115 0.726158225 3.34408221 4.35075126 6.68816442 10.0322466
0.440440744 0.345621564 0.757831115 0.725832106 3.34258038 4.34879733 6.68516075 10.0277411
0.440596928 0.780735217 0.757831115 0.725506338 3.34108016 4.3468455 6.68216031 10.0232405
0.440753113 1.37148972 0.757831115 0.725180919 3.33958155 4.34489577 6.6791631 10.0187446
0.440909298 1.60956932 0.757831115 0.72485585 3.33808455 4.34294813 6.6761691 10.0142536
0.441065482 1.22947014 0.758900381 0.72453113 3.33658916 4.34100258 6.67317832 10.0097675
0.441221667 0.583776455 0.758900381 0.724206759 3.33509537 4.33905912 6.67019075 10.0052861
0.441377852 0.138148895 0.758900381 0.723882736 3.33360319 4.33711775 6.66720638 10.0008096
0.441534036 0.0137754703 0.758900381 0.72355906 3.33211261 4.33517846 6.66422522 9.99633784
0.441690221 0.0698566326 0.757831115 0.723235732 3.33062363 4.33324125 6.66124726 9.9918709
0.441846406 0.176584596 0.750671553 0.722912752 3.32913625 4.33130612 6.6582725 9.98740875
0.44200259 0.269366803 0.749151868 0.722590117 3.32765047 4.32937307 6.65530093 9.9829514
0.442158775 0.301765826 0.747057977 0.72226783 3.32616627 4.32744209 6.65233255 9.97849882
0.44231496 0.296806109 0.745316438 0.721945887 3.32468368 4.32551319 6.64936735 9.97405103
0.442471144 0.330926649 0.744509334 0.721624291 3.32320267 4.32358635 6.64640534 9.96960801
0.442627329 0.365099272 0.743261519 0.721303039 3.32172325 4.32166159 6.6434465 9.96516975
0.442783514 0.309469289 0.740421578 0.720982132 3.32024542 4.31973888 6.64049084 9.96073626
0.442939698 0.31709057 0.736048239 0.720661569 3.31876917 4.31781824 6.63753834 9.95630752
0.443095883 0.634516852 0.736048239 0.72034135 3.31729451 4.31589966 6.63458902 9.95188353
0.443252068 1.12806786 0.734928364 0.720021474 3.31582143 4.31398314 6.63164285 9.94746428
0.443408252 1.32935739 0.73070322 0.719701942 3.31434992 4.31206867 6.62869985 9.94304977
0.443564437 1.11532334 0.725216385 0.719382752 3.31288 4.31015625 6.62576 9.93864
0.443720622 0.930813147 0.722796533 0.719063904 3.31141165 4.30824589 6.6228233 9.93423496
0.443876806 1.08464982 0.72053828 0.718745398 3.30994488 4.30633757 6.61988975 9.92983463
0.444032991 1.20531911 0.72053828 0.718427233 3.30847968 4.3044313 6.61695935 9.92543903
0.444189176 0.845426454 0.722796533 0.71810941 3.30701604 4.30252707 6.61403209 9.92104813
0.44434536 0.257749493 0.722796533 0.717791927 3.30555398 4.30062488 6.61110796 9.91666194
0.444501545 0.0180692999 0.722796533 0.717474784 3.30409348 4.29872473 6.60818697 9.91228045
0.44465773 0.155879532 0.722796533 0.717157981 3.30263455 4.29682662 6.6052691 9.90790366
0.444813914 0.208223094 0.722796533 0.716841517 3.30117718 4.29493054 6.60235437 9.90353155
0.444970099 0.107276217 0.722796533 0.716525393 3.29972138 4.29303649 6.59944275 9.89916413
0.445126284 0.273761602 0.722796533 0.716209607 3.29826713 4.29114447 6.59653426 9.89480139
0.445282468 0.73070322 0.722796533 0.715894159 3.29681444 4.28925448 6.59362888 9.89044332
0.445438653 0.934348526 0.722796533 0.71557905 3.2953633 4.28736651 6.59072661 9.88608991
0.445594838 0.641253867 0.722796533 0.715264277 3.29391372 4.28548056 6.58782745 9.88174117
0.445751022 0.458112999 0.722796533 0.714949842 3.2924657 4.28359663 6.58493139 9.87739709
0.445907207 0.902683511 0.722796533 0.714635743 3.29101922 4.28171472 6.58203844 9.87305766
0.446063391 1.39152006 0.722796533 0.714321981 3.28957429 4.27983483 6.57914858 9.86872287
0.446219576 1.10181823 0.722796533 0.714008555 3.28813091 4.27795694 6.57626182 9.86439273
0.446375761 0.377967615 0.722796533 0.713695464 3.28668907 4.27608107 6.57337815 9.86006722
0.446531945 0.523067653 0.722796533 0.713382708 3.28524878 4.27420721 6.57049756 9.85574634
0.44668813 2.27845426 0.722796533 0.713070287 3.28381003 4.27233535 6.56762006 9.85143008
0.446844315 4.40786153 0.72053828 0.712758201 3.28237282 4.27046549 6.56474563 9.84711845
0.447000499 5.06728209 0.720128922 0.712446448 3.28093714 4.26859764 6.56187428 9.84281142
0.447156684 3.89974904 0.717835915 0.712135029 3.279503 4.26673178 6.55900601 9.83850901
0.447312869 1.94739076 0.717835915 0.711823943 3.2780704 4.26486792 6.5561408 9.8342112
0.447469053 1.04566637 0.717835915 0.71151319 3.27663933 4.26300605 6.55327866 9.82991799
0.447625238 1.68521735 0.720128922 0.711202769 3.27520979 4.26114618 6.55041958 9.82562937
0.447781423 2.49125128 0.720128922 0.710892681 3.27378178 4.25928829 6.54756356 9.82134533
0.447937607 2.36227688 0.720128922 0.710582924 3.27235529 4.25743239 6.54471059 9.81706588
0.448093792 1.43998734 0.720128922 0.710273498 3.27093034 4.25557848 6.54186067 9.81279101
0.448249977 0.895164979 0.715960033 0.709964403 3.2695069 4.25372655 6.5390138 9.80852071
0.448406161 1.45487075 0.715960033 0.709655639 3.26808499 4.2518766 6.53616998 9.80425497
0.448562346 2.45167608 0.712741077 0.709347205 3.2666646 4.25002863 6.5333292 9.79999379
0.448718531 2.79747862 0.711542768 0.7090391 3.26524572 4.24818263 6.53049145 9.79573717
0.448874715 2.23057724 0.710884379 0.708731325 3.26382837 4.24633861 6.52765674 9.7914851
0.4490309 1.32327986 0.710450215 0.708423879 3.26241253 4.24449655 6.52482505 9.78723758
0.449187085 0.649312079 0.707774699 0.708116761 3.2609982 4.24265647 6.5219964 9.78299459
0.449343269 0.396890458 0.706360412 0.707809972 3.25958538 4.24081835 6.51917076 9.77875614
0.449499454 0.540676876 0.699095717 0.707503511 3.25817407 4.2389822 6.51634815 9.77452222
0.449655639 0.935972671 0.695115712 0.707197377 3.25676428 4.23714801 6.51352855 9.77029283
0.449811823 1.25345862 0.699095717 0.70689157 3.25535598 4.23531578 6.51071197 9.76606795
0.449968008 1.18525767 0.706360412 0.70658609 3.2539492 4.23348551 6.50789839 9.76184759
0.450124193 0.795492796 0.707774699 0.706280936 3.25254391 4.23165719 6.50508782 9.75763173
0.450280377 0.398783283 0.710450215 0.705976109 3.25114013 4.22983083 6.50228025 9.75342038
0.450436562 0.245734581 0.710884379 0.705671606 3.24973784 4.22800641 6.49947569 9.74921353
0.450592747 0.419192731 0.711542768 0.705367429 3.24833706 4.22618395 6.49667411 9.74501117
0.450748931 0.757831115 0.711542768 0.705063577 3.24693777 4.22436343 6.49387553 9.7408133
0.450905116 0.970329553 0.711542768 0.70476005 3.24553997 4.22254485 6.49107994 9.73661991
0.451061301 0.907984 0.710450215 0.704456846 3.24414367 4.22072822 6.48828733 9.732431
0.451217485 0.745316438 0.711542768 0.704153967 3.24274885 4.21891353 6.48549771 9.72824656
0.45137367 0.859814284 0.712741077 0.70385141 3.24135553 4.21710077 6.48271106 9.72406659
0.451529855 1.23231615 0.715960033 0.703549177 3.23996369 4.21528995 6.47992739 9.71989108
0.451686039 1.30846758 0.720128922 0.703247266 3.23857334 4.21348106 6.47714669 9.71572003
0.451842224 0.84806495 0.720128922 0.702945678 3.23718448 4.21167411 6.47436896 9.71155343
0.451998409 0.28556828 0.715960033 0.702644411 3.23579709 4.20986908 6.47159419 9.70739128
0.452154593 0.0911294471 0.715960033 0.702343466 3.23441119 4.20806598 6.46882238 9.70323357
0.452310778 0.13907635 0.720128922 0.702042842 3.23302677 4.2062648 6.46605354 9.6990803
0.452466963 0.0797118606 0.722796533 0.701742539 3.23164382 4.20446555 6.46328764 9.69493146
0.452623147 0.0113753911 0.725216385 0.701442557 3.23026235 4.20266821 6.4605247 9.69078705
0.452779332 0.211316625 0.73070322 0.701142894 3.22888235 4.20087279 6.45776471 9.68664706
0.452935517 0.526858591 0.73070322 0.700843551 3.22750383 4.19907929 6.45500766 9.68251148
0.453091701 0.661800422 0.725216385 0.700544528 3.22612677 4.1972877 6.45225355 9.67838032
0.453247886 0.734928364 0.725216385 0.700245823 3.22475119 4.19549802 6.44950238 9.67425357
0.453404071 0.999187193 0.725216385 0.699947437 3.22337707 4.19371026 6.44675414 9.67013121
0.453560255 1.12940672 0.73070322 0.69964937 3.22200442 4.19192439 6.44400884 9.66601325
0.45371644 0.762843291 0.734928364 0.69935162 3.22063323 4.19014044 6.44126646 9.66189969
0.453872625 0.53059828 0.734928364 0.699054188 3.2192635 4.18835838 6.43852701 9.65779051
0.454028809 1.29763142 0.734928364 0.698757072 3.21789524 4.18657823 6.43579047 9.65368571
0.454184994 2.69371385 0.736048239 0.698460274 3.21652843 4.18479997 6.43305686 9.64958529
0.454341179 3.15182735 0.736048239 0.698163792 3.21516308 4.18302361 6.43032616 9.64548924
0.454497363 1.95755023 0.736048239 0.697867626 3.21379919 4.18124914 6.42759837 9.64139756
0.454653548 0.529154272 0.734928364 0.697571776 3.21243675 4.17947657 6.42487349 9.63731024
0.454809733 0.464702814 0.734928364 0.697276242 3.21107576 4.17770588 6.42215152 9.63322728
0.454965917 1.6943829 0.734928364 0.696981022 3.20971622 4.17593708 6.41943244 9.62914867
0.455122102 2.9673514 0.734928364 0.696686117 3.20835813 4.17417017 6.41671627 9.6250744
0.455278286 3.17252305 0.73070322 0.696391526 3.20700149 4.17240514 6.41400299 9.62100448
0.455434471 2.31594257 0.734928364 0.696097249 3.2056463 4.17064199 6.4112926 9.6169389
0.455590656 1.08436566 0.736048239 0.695803286 3.20429255 4.16888072 6.4085851 9.61287764
0.45574684 0.287204264 0.736048239 0.695509636 3.20294024 4.16712133 6.40588048 9.60882072
0.455903025 0.518143913 0.736048239 0.695216299 3.20158937 4.16536381 6.40317874 9.60476812
0.45605921 1.32418599 0.736048239 0.694923274 3.20023994 4.16360816 6.40047989 9.60071983
0.456215394 1.5410761 0.736048239 0.694630562 3.19889195 4.16185438 6.39778391 9.59667586
0.456371579 0.843718138 0.736048239 0.694338161 3.1975454 4.16010248 6.3950908 9.59263619
0.456527764 0.122957639 0.736048239 0.694046072 3.19620028 4.15835243 6.39240056 9.58860083
0.456683948 0.198569901 0.736048239 0.693754294 3.19485659 4.15660426 6.38971318 9.58456977
0.456840133 0.635670353 0.736048239 0.693462826 3.19351433 4.15485794 6.38702867 9.580543
0.456996318 0.623779662 0.736048239 0.693171669 3.19217351 4.15311348 6.38434701 9.57652052
0.457152502 0.281411722 0.736048239 0.692880823 3.19083411 4.15137088 6.38166821 9.57250232
0.457308687 0.230051276 0.734928364 0.692590285 3.18949613 4.14963014 6.37899227 9.5684884
0.457464872 0.400603908 0.734928364 0.692300058 3.18815959 4.14789125 6.37631917 9.56447876
0.457621056 0.28762384 0.734928364 0.692010139 3.18682446 4.14615421 6.37364892 9.56047338
0.457777241 0.0320582593 0.734928364 0.691720529 3.18549076 4.14441902 6.37098151 9.55647227
0.457933426 0.222911696 0.734928364 0.691431227 3.18415847 4.14268568 6.36831694 9.55247541
0.45808961 0.843189767 0.734928364 0.691142233 3.18282761 4.14095419 6.36565521 9.54848282
0.458245795 1.27402438 0.734928364 0.690853547 3.18149816 4.13922453 6.36299631 9.54449447
0.45840198 1.15726059 0.734928364 0.690565168 3.18017012 4.13749672 6.36034024 9.54051037
0.458558164 0.807197332 0.734928364 0.690277096 3.1788435 4.13577075 6.357687 9.5365305
0.458714349 0.459712257 0.734928364 0.68998933 3.17751829 4.13404661 6.35503658 9.53255488
0.458870534 0.392200655 0.734928364 0.689701871 3.17619449 4.13232431 6.35238899 9.52858348
0.459026718 1.24179523 0.734928364 0.689414718 3.1748721 4.13060384 6.34974421 9.52461631
0.459182903 2.98982586 0.734928364 0.68912787 3.17355112 4.1288852 6.34710224 9.52065336
0.459339088 4.35391674 0.734928364 0.688841327 3.17223154 4.12716839 6.34446309 9.51669463
0.459495272 3.85084943 0.734928364 0.688555089 3.17091337 4.12545341 6.34182674 9.51274011
0.459651457 1.86427643 0.734928364 0.688269156 3.1695966 4.12374025 6.3391932 9.5087898
0.459807642 0.706360412 0.734928364 0.687983527 3.16828123 4.12202891 6.33656246 9.50484368
0.459963826 1.35854239 0.734928364 0.687698202 3.16696726 4.1203194 6.33393451 9.50090177
0.460120011 2.48179518 0.736048239 0.68741318 3.16565468 4.1186117 6.33130937 9.49696405
0.460276196 2.47754653 0.736048239 0.687128462 3.16434351 4.11690582 6.32868701 9.49303052
0.46043238 1.32763698 0.736048239 0.686844046 3.16303372 4.11520175 6.32606745 9.48910117
0.460588565 0.319852834 0.734928364 0.686559933 3.16172533 4.1134995 6.32345067 9.485176
0.46074475 0.23845609 0.734928364 0.686276122 3.16041834 4.11179905 6.32083667 9.48125501
0.460900934 1.03917073 0.733145952 0.685992613 3.15911273 4.11010042 6.31822546 9.47733818
0.461057119 2.25089079 0.733145952 0.685709405 3.15780851 4.10840359 6.31561702 9.47342552
0.461213304 3.0808167 0.733145952 0.685426498 3.15650567 4.10670856 6.31301135 9.46951702
0.461369488 2.68902218 0.734928364 0.685143892 3.15520423 4.10501534 6.31040845 9.46561268
0.461525673 1.31925661 0.736048239 0.684861587 3.15390416 4.10332392 6.30780832 9.46171249
0.461681858 0.1865132 0.740421578 0.684579582 3.15260548 4.10163429 6.30521096 9.45781644
0.461838042 0.0851265434 0.740421578 0.684297876 3.15130818 4.09994647 6.30261636 9.45392453
0.461994227 0.476179416 0.740421578 0.68401647 3.15001226 4.09826043 6.30002451 9.45003677
0.462150412 0.516437364 0.740421578 0.683735363 3.14871771 4.09657619 6.29743542 9.44615313
0.462306596 0.33941524 0.740421578 0.683454555 3.14742454 4.09489374 6.29484908 9.44227362
0.462462781 0.427666215 0.740421578 0.683174046 3.14613275 4.09321307 6.29226549 9.43839824
0.462618966 0.50466259 0.740421578 0.682893834 3.14484232 4.0915342 6.28968465 9.43452697
0.46277515 0.169100804 0.740421578 0.68261392 3.14355327 4.0898571 6.28710655 9.43065982
0.462931335 0.0711348681 0.740421578 0.682334304 3.14226559 4.08818179 6.28453119 9.42679678
0.46308752 1.1073842 0.740421578 0.682054985 3.14097928 4.08650826 6.28195856 9.42293784
0.463243704 2.68130994 0.740421578 0.681775962 3.13969434 4.08483651 6.27938867 9.41908301
0.463399889 3.23145532 0.743139862 0.681497237 3.13841076 4.08316653 6.27682151 9.41523227
0.463556074 2.46160273 0.743261519 0.681218807 3.13712854 4.08149833 6.27425708 9.41138562
0.463712258 1.64532941 0.744281424 0.680940673 3.13584769 4.0798319 6.27169537 9.40754306
0.463868443 1.78872663 0.745316438 0.680662835 3.13456819 4.07816724 6.26913638 9.40370458
0.464024627 2.1020573 0.747057977 0.680385291 3.13329006 4.07650435 6.26658012 9.39987017
0.464180812 1.55334821 0.749151868 0.680108043 3.13201328 4.07484323 6.26402656 9.39603985
0.464336997 0.691380878 0.757831115 0.679831089 3.13073786 4.07318387 6.26147572 9.39221359
0.464493181 0.712741077 0.757831115 0.679554429 3.1294638 4.07152627 6.25892759 9.38839139
0.464649366 1.56429313 0.757831115 0.679278063 3.12819108 4.06987043 6.25638217 9.38457325
0.464805551 2.05886614 0.757831115 0.679001991 3.12691972 4.06821636 6.25383945 9.38075917
0.464961735 1.59588709 0.758900381 0.678726212 3.12564971 4.06656403 6.25129943 9.37694914
0.46511792 0.889222885 0.761083417 0.678450725 3.12438105 4.06491347 6.24876211 9.37314316
0.465274105 1.03898411 0.762843291 0.678175531 3.12311374 4.06326465 6.24622748 9.36934122
0.465430289 1.98588977 0.762843291 0.67790063 3.12184777 4.06161759 6.24369554 9.36554331
0.465586474 2.79330902 0.762843291 0.67762602 3.12058315 4.05997228 6.24116629 9.36174944
0.465742659 2.91133993 0.761083417 0.677351702 3.11931986 4.05832871 6.23863973 9.35795959
0.465898843 2.39484558 0.758900381 0.677077675 3.11805792 4.05668689 6.23611585 9.35417377
0.466055028 1.64069338 0.757831115 0.67680394 3.11679732 4.05504681 6.23359465 9.35039197
0.466211213 1.10114086 0.749151868 0.676530494 3.11553806 4.05340847 6.23107613 9.34661419
0.466367397 0.897266589 0.747057977 0.67625734 3.11428014 4.05177187 6.22856028 9.34284041
0.466523582 0.747057977 0.749151868 0.675984475 3.11302355 4.05013701 6.2260471 9.33907065
0.466679767 0.411998664 0.757831115 0.675711899 3.11176829 4.04850389 6.22353659 9.33530488
0.466835951 0.0646690765 0.758900381 0.675439613 3.11051437 4.0468725 6.22102874 9.33154311
0.466992136 0.167781571 0.758900381 0.675167616 3.10926178 4.04524284 6.21852356 9.32778533
0.467148321 0.914761848 0.758900381 0.674895908 3.10801052 4.04361491 6.21602103 9.32403155
0.467304505 1.80652836 0.758900381 0.674624488 3.10676058 4.0419887 6.21352116 9.32028174
0.46746069 2.10835129 0.758900381 0.674353357 3.10551197 4.04036423 6.21102395 9.31653592
0.467616875 1.56368853 0.758900381 0.674082513 3.10426469 4.03874148 6.20852938 9.31279407
0.467773059 0.743261519 0.758900381 0.673811956 3.10301873 4.03712045 6.20603746 9.30905619
0.467929244 0.415109838 0.757831115 0.673541687 3.10177409 4.03550114 6.20354819 9.30532228
0.468085429 0.666662119 0.749151868 0.673271704 3.10053078 4.03388354 6.20106156 9.30159233
0.468241613 1.11408709 0.749151868 0.673002008 3.09928878 4.03226767 6.19857756 9.29786634
0.468397798 1.38937056 0.749151868 0.672732598 3.0980481 4.03065351 6.19609621 9.29414431
0.468553983 1.44090555 0.747308411 0.672463474 3.09680874 4.02904106 6.19361748 9.29042622
0.468710167 1.30895919 0.747057977 0.672194635 3.09557069 4.02743033 6.19114139 9.28671208
0.468866352 0.950579015 0.745316438 0.671926082 3.09433396 4.0258213 6.18866792 9.28300188
0.469022537 0.470181258 0.744281424 0.671657813 3.09309854 4.02421398 6.18619708 9.27929561
0.469178721 0.207942591 0.744281424 0.67138983 3.09186443 4.02260836 6.18372885 9.27559328
0.469334906 0.342839086 0.743261519 0.67112213 3.09063163 4.02100445 6.18126325 9.27189488
0.469491091 0.626173619 0.743139862 0.670854715 3.08940013 4.01940224 6.17880026 9.26820039
0.469647275 0.791393827 0.740421578 0.670587583 3.08816994 4.01780173 6.17633989 9.26450983
0.46980346 0.908561833 0.736048239 0.670320734 3.08694106 4.01620292 6.17388212 9.26082318
0.469959645 1.15241695 0.734928364 0.670054169 3.08571348 4.0146058 6.17142696 9.25714045
0.470115829 1.36257427 0.733145952 0.669787886 3.08448721 4.01301038 6.16897441 9.25346162
0.470272014 1.18395691 0.73070322 0.669521886 3.08326223 4.01141664 6.16652446 9.24978669
0.470428199 0.662721104 0.73070322 0.669256168 3.08203855 4.0098246 6.1640771 9.24611566
0.470584383 0.240416301 0.733145952 0.668990732 3.08081617 4.00823425 6.16163235 9.24244852
0.470740568 0.133256659 0.734928364 0.668725577 3.07959509 4.00664559 6.15919018 9.23878527
0.470896753 0.12081923 0.736048239 0.668460704 3.0783753 4.00505861 6.15675061 9.23512591
0.471052937 0.0334138974 0.740421578 0.668196111 3.07715681 4.00347331 6.15431362 9.23147043
0.471209122 0.122398322 0.740421578 0.667931799 3.07593961 4.00188969 6.15187921 9.22781882
0.471365307 0.600851115 0.740421578 0.667667767 3.0747237 4.00030776 6.14944739 9.22417109
0.471521491 1.10529559 0.736048239 0.667404016 3.07350907 3.9987275 6.14701815 9.22052722
0.471677676 1.08676383 0.734928364 0.667140544 3.07229574 3.99714892 6.14459148 9.21688722
0.471833861 0.625022497 0.733145952 0.666877351 3.07108369 3.99557201 6.14216739 9.21325108
0.471990045 0.344104855 0.733145952 0.666614437 3.06987293 3.99399677 6.13974587 9.2096188
0.47214623 0.655495277 0.733145952 0.666351803 3.06866345 3.9924232 6.13732691 9.20599036
0.472302415 1.09858062 0.733145952 0.666089446 3.06745526 3.9908513 6.13491052 9.20236578
0.472458599 1.10354512 0.733145952 0.665827368 3.06624834 3.98928107 6.13249669 9.19874503
0.472614784 0.789654198 0.733145952 0.665565568 3.06504271 3.9877125 6.13008542 9.19512813
0.472770969 0.562859337 0.73070322 0.665304045 3.06383835 3.9861456 6.12767671 9.19151506
0.472927153 0.600024421 0.725216385 0.6650428 3.06263527 3.98458036 6.12527055 9.18790582
0.473083338 0.549842549 0.725216385 0.664781831 3.06143347 3.98301677 6.12286694 9.18430041
0.473239522 0.228406078 0.725216385 0.664521139 3.06023294 3.98145485 6.12046588 9.18069882
0.473395707 0.0193603829 0.725216385 0.664260724 3.05903368 3.97989458 6.11806736 9.17710104
0.473551892 0.313169222 0.725216385 0.664000584 3.05783569 3.97833596 6.11567139 9.17350708
0.473708076 0.911374514 0.725216385 0.663740721 3.05663898 3.976779 6.11327796 9.16991693
0.473864261 1.24724793 0.725216385 0.663481133 3.05544353 3.97522368 6.11088706 9.16633059
0.474020446 1.03849833 0.725216385 0.663221819 3.05424935 3.97367002 6.1084987 9.16274805
0.47417663 0.519465198 0.725216385 0.662962781 3.05305644 3.972118 6.10611287 9.15916931
0.474332815 0.106430255 0.725216385 0.662704018 3.05186478 3.97056763 6.10372957 9.15559435
0.474489 0.0163076838 0.725216385 0.662445528 3.0506744 3.9690189 6.1013488 9.15202319
0.474645184 0.381780834 0.725216385 0.662187313 3.04948527 3.96747181 6.09897054 9.14845582
0.474801369 1.23110241 0.725216385 0.661929372 3.04829741 3.96592636 6.09659481 9.14489222
0.474957554 2.23762185 0.725216385 0.661671703 3.0471108 3.96438255 6.0942216 9.1413324
0.475113738 2.71072162 0.725216385 0.661414308 3.04592545 3.96284038 6.09185091 9.13777636
0.475269923 2.2535743 0.725216385 0.661157186 3.04474136 3.96129984 6.08948272 9.13422408
0.475426108 1.22392455 0.725216385 0.660900336 3.04355852 3.95976093 6.08711705 9.13067557
0.475582292 0.463807447 0.725216385 0.660643758 3.04237694 3.95822366 6.08475388 9.12713082
0.475738477 0.419898698 0.73070322 0.660387453 3.04119661 3.95668801 6.08239322 9.12358983
0.475894662 0.814983717 0.73070322 0.660131419 3.04001753 3.95515399 6.08003506 9.12005259
0.476050846 1.15631937 0.73070322 0.659875656 3.0388397 3.9536216 6.0776794 9.11651909
0.476207031 1.20553187 0.73070322 0.659620164 3.03766311 3.95209083 6.07532623 9.11298934
0.476363216 1.0514581 0.725216385 0.659364943 3.03648778 3.95056168 6.07297556 9.10946334
0.4765194 0.833200625 0.725216385 0.659109993 3.03531369 3.94903416 6.07062738 9.10594107
0.476675585 0.587683396 0.73070322 0.658855313 3.03414084 3.94750825 6.06828169 9.10242253
0.47683177 0.350174713 0.733145952 0.658600902 3.03296924 3.94598396 6.06593848 9.09890772
0.476987954 0.202930352 0.733145952 0.658346762 3.03179888 3.94446128 6.06359776 9.09539663
0.477144139 0.207282444 0.733145952 0.65809289 3.03062976 3.94294022 6.06125951 9.09188927
0.477300324 0.480153689 0.733145952 0.657839288 3.02946187 3.94142077 6.05892375 9.08838562
0.477456508 0.964315757 0.733145952 0.657585954 3.02829523 3.93990293 6.05659046 9.08488569
0.477612693 1.4546467 0.73070322 0.657332888 3.02712982 3.9383867 6.05425964 9.08138946
0.477768878 1.73344103 0.73070322 0.657080091 3.02596565 3.93687207 6.05193129 9.07789694
0.477925062 1.62115573 0.73070322 0.656827562 3.02480271 3.93535905 6.04960541 9.07440812
0.478081247 1.29380013 0.73070322 0.6565753 3.023641 3.93384763 6.047282 9.07092299
0.478237432 0.777090292 0.73070322 0.656323306 3.02248052 3.93233782 6.04496104 9.06744156
0.478393616 0.309025125 0.73070322 0.656071578 3.02132127 3.9308296 6.04264255 9.06396382
0.478549801 0.324360559 0.725216385 0.655820118 3.02016325 3.92932298 6.04032651 9.06048976
0.478705986 1.19817994 0.723436756 0.655568923 3.01900646 3.92781796 6.03801292 9.05701938
0.47886217 2.43881514 0.723436756 0.655317995 3.01785089 3.92631454 6.03570179 9.05355268
0.479018355 3.02611116 0.723436756 0.655067333 3.01669655 3.9248127 6.0333931 9.05008966
0.47917454 2.36980096 0.723436756 0.654816936 3.01554343 3.92331246 6.03108687 9.0466303
0.479330724 1.08792443 0.723436756 0.654566805 3.01439154 3.92181381 6.02878307 9.04317461
0.479486909 0.628144153 0.723436756 0.654316939 3.01324086 3.92031674 6.02648172 9.03972258
0.479643094 1.2292723 0.725216385 0.654067337 3.0120914 3.91882126 6.0241828 9.0362742
0.479799278 1.87791107 0.73070322 0.653818 3.01094316 3.91732737 6.02188632 9.03282948
0.479955463 1.71805169 0.733145952 0.653568927 3.00979614 3.91583506 6.01959228 9.02938841
0.480111648 1.05885277 0.734928364 0.653320118 3.00865033 3.91434432 6.01730066 9.02595099
0.480267832 0.595839674 0.734928364 0.653071573 3.00750574 3.91285517 6.01501147 9.02251721
0.480424017 0.511671694 0.734928364 0.65282329 3.00636235 3.9113676 6.01272471 9.01908706
0.480580202 0.466695763 0.736048239 0.652575271 3.00522018 3.9098816 6.01044037 9.01566055
0.480736386 0.424720379 0.736048239 0.652327515 3.00407922 3.90839718 6.00815845 9.01223767
0.480892571 0.437379151 0.736048239 0.652080021 3.00293947 3.90691433 6.00587894 9.00881842
0.481048756 0.324124896 0.736048239 0.65183279 3.00180093 3.90543305 6.00360186 9.00540279
0.48120494 0.0922645502 0.736048239 0.65158582 3.00066359 3.90395334 6.00132718 9.00199077
0.481361125 0.543561576 0.736048239 0.651339112 2.99952746 3.9024752 5.99905492 8.99858238
0.48151731 2.39143079 0.740421578 0.651092665 2.99839253 3.90099862 5.99678506 8.99517759
0.481673494 4.77546658 0.743139862 0.65084648 2.9972588 3.89952361 5.99451761 8.99177641
0.481829679 5.72822261 0.743139862 0.650600555 2.99612628 3.89805016 5.99225256 8.98837884
0.481985864 4.43695655 0.740421578 0.650354891 2.99499495 3.89657827 5.98998991 8.98498486
0.482142048 2.20931395 0.736048239 0.650109487 2.99386483 3.89510794 5.98772965 8.98159448
0.482298233 1.28368444 0.734928364 0.649864343 2.9927359 3.89363917 5.9854718 8.97820769
0.482454417 1.82439319 0.733730603 0.649619459 2.99160816 3.89217196 5.98321633 8.97482449
0.482610602 2.38564059 0.733730603 0.649374834 2.99048163 3.8907063 5.98096325 8.97144488
0.482766787 1.87581011 0.734928364 0.649130469 2.98935628 3.88924219 5.97871256 8.96806884
0.482922971 0.725216385 0.734928364 0.648886362 2.98823213 3.88777963 5.97646426 8.96469639
0.483079156 0.0356284802 0.734928364 0.648642514 2.98710917 3.88631863 5.97421833 8.9613275
0.483235341 0.178034776 0.733730603 0.648398924 2.9859874 3.88485917 5.97197479 8.95796219
0.483391525 0.676463216 0.734928364 0.648155593 2.98486681 3.88340126 5.96973362 8.95460044
0.48354771 0.954076113 0.736048239 0.647912519 2.98374742 3.88194489 5.96749483 8.95124225
0.483703895 0.863991289 0.743139862 0.647669703 2.98262921 3.88049006 5.96525841 8.94788762
0.483860079 0.710450215 0.743139862 0.647427144 2.98151218 3.87903678 5.96302436 8.94453654
0.484016264 0.761083417 0.743139862 0.647184842 2.98039634 3.87758504 5.96079268 8.94118902
0.484172449 1.00703672 0.743139862 0.646942797 2.97928168 3.87613483 5.95856336 8.93784504
0.484328633 1.35892969 0.743139862 0.646701008 2.9781682 3.87468616 5.9563364 8.9345046
0.484484818 1.86205123 0.743139862 0.646459475 2.9770559 3.87323903 5.95411181 8.93116771
0.484641003 2.4272404 0.743139862 0.646218199 2.97594478 3.87179343 5.95188957 8.92783435
0.484797187 2.5579736 0.743139862 0.645977178 2.97483484 3.87034936 5.94966968 8.92450452
0.484953372 1.6955742 0.743139862 0.645736412 2.97372607 3.86890682 5.94745215 8.92117822
0.485109557 0.562725211 0.743261519 0.645495902 2.97261848 3.86746581 5.94523696 8.91785544
0.485265741 0.300579447 0.744281424 0.645255646 2.97151206 3.86602633 5.94302413 8.91453619
0.485421926 1.05306583 0.744281424 0.645015645 2.97040682 3.86458837 5.94081363 8.91122045
0.485578111 1.53562688 0.743261519 0.644775898 2.96930274 3.86315193 5.93860549 8.90790823
0.485734295 0.913454832 0.743261519 0.644536405 2.96819984 3.86171702 5.93639968 8.90459951
0.48589048 0.106880858 0.743261519 0.644297166 2.9670981 3.86028363 5.9341962 8.9012943
0.486046665 0.161935833 0.743139862 0.644058181 2.96599753 3.85885176 5.93199507 8.8979926
0.486202849 0.809743536 0.736048239 0.643819449 2.96489813 3.8574214 5.92979626 8.89469439
0.486359034 1.11691189 0.734928364 0.64358097 2.96379989 3.85599256 5.92759979 8.89139968
0.486515219 1.17732174 0.733730603 0.643342743 2.96270282 3.85456524 5.92540564 8.88810846
0.486671403 1.66511486 0.733145952 0.643104769 2.96160691 3.85313942 5.92321382 8.88482073
0.486827588 2.25371173 0.733145952 0.642867047 2.96051216 3.85171512 5.92102432 8.88153648
0.486983773 2.3552655 0.733145952 0.642629577 2.95941857 3.85029233 5.91883714 8.87825571
0.487139957 2.40675228 0.733145952 0.642392359 2.95832614 3.84887104 5.91665228 8.87497842
0.487296142 3.48827753 0.73070322 0.642155392 2.95723487 3.84745126 5.91446973 8.8717046
0.487452327 4.99293541 0.725216385 0.641918676 2.95614475 3.84603299 5.9122895 8.86843425
0.487608511 4.41806971 0.725216385 0.641682211 2.95505579 3.84461622 5.91011158 8.86516737
0.487764696 2.3149951 0.725216385 0.641445997 2.95396798 3.84320095 5.90793596 8.86190395
0.487920881 0.975954125 0.725216385 0.641210033 2.95288133 3.84178718 5.90576266 8.85864398
0.488077065 1.75892804 0.725216385 0.640974319 2.95179583 3.84037491 5.90359165 8.85538748
0.48823325 2.9669864 0.725216385 0.640738855 2.95071147 3.83896414 5.90142295 8.85213442
0.488389435 2.26848953 0.725216385 0.640503641 2.94962827 3.83755486 5.89925654 8.84888482
0.488545619 0.561721015 0.725216385 0.640268676 2.94854622 3.83614707 5.89709244 8.84563865
0.488701804 0.101609033 0.725216385 0.64003396 2.94746531 3.83474078 5.89493062 8.84239593
0.488857989 0.95288465 0.725216385 0.639799493 2.94638555 3.83333598 5.8927711 8.83915665
0.489014173 1.3117199 0.73070322 0.639565274 2.94530693 3.83193266 5.89061386 8.8359208
0.489170358 0.58241232 0.733145952 0.639331304 2.94422946 3.83053084 5.88845892 8.83268837
0.489326543 0.0376820155 0.73070322 0.639097581 2.94315313 3.8291305 5.88630625 8.82945938
0.489482727 0.285335785 0.725216385 0.638864106 2.94207794 3.82773164 5.88415587 8.82623381
0.489638912 0.450039133 0.723436756 0.638630879 2.94100389 3.82633427 5.88200777 8.82301166
0.489795097 0.161617045 0.723436756 0.638397899 2.93993097 3.82493838 5.87986195 8.81979292
0.489951281 0.203027423 0.724327855 0.638165167 2.9388592 3.82354397 5.8777184 8.8165776
0.490107466 0.929134363 0.725216385 0.63793268 2.93778856 3.82215104 5.87557712 8.81336568
0.490263651 1.41018195 0.73070322 0.637700441 2.93671906 3.82075958 5.87343811 8.81015717
0.490419835 1.34679636 0.733145952 0.637468447 2.93565069 3.8193696 5.87130138 8.80695206
0.49057602 1.69273964 0.733730603 0.6372367 2.93458345 3.81798109 5.8691669 8.80375035
0.490732205 2.26699428 0.734928364 0.637005198 2.93351735 3.81659406 5.86703469 8.80055204
0.490888389 2.21426381 0.736048239 0.636773942 2.93245237 3.8152085 5.86490474 8.79735711
0.491044574 1.06153574 0.743139862 0.636542931 2.93138853 3.8138244 5.86277705 8.79416558
0.491200758 0.348704802 0.743261519 0.636312164 2.93032581 3.81244177 5.86065162 8.79097743
0.491356943 1.37423621 0.743261519 0.636081643 2.92926422 3.81106061 5.85852844 8.78779265
0.491513128 2.50909557 0.743261519 0.635851366 2.92820375 3.80968092 5.85640751 8.78461126
0.491669312 2.03563575 0.744281424 0.635621333 2.92714441 3.80830268 5.85428883 8.78143324
0.491825497 0.558943775 0.745316438 0.635391544 2.9260862 3.80692591 5.85217239 8.77825859
0.491981682 0.0607966107 0.745316438 0.635161999 2.9250291 3.8055506 5.8500582 8.77508731
0.492137866 0.819846084 0.744281424 0.634932698 2.92397313 3.80417675 5.84794626 8.77191939
0.492294051 1.23349712 0.744281424 0.634703639 2.92291828 3.80280435 5.84583655 8.76875483
0.492450236 0.758900381 0.744281424 0.634474824 2.92186454 3.80143341 5.84372908 8.76559362
0.49260642 0.407523456 0.744281424 0.634246251 2.92081192 3.80006393 5.84162385 8.76243577
0.492762605 0.848267026 0.744281424 0.63401792 2.91976042 3.79869589 5.83952085 8.75928127
0.49291879 1.27437625 0.744281424 0.633789832 2.91871004 3.79732931 5.83742008 8.75613012
0.493074974 0.976802352 0.744281424 0.633561986 2.91766077 3.79596418 5.83532154 8.7529823
0.493231159 0.521908966 0.744281424 0.633334381 2.91661261 3.79460049 5.83322522 8.74983783
0.493387344 0.278679869 0.744281424 0.633107018 2.91556556 3.79323825 5.83113113 8.74669669
0.493543528 0.0482691533 0.744281424 0.632879896 2.91451963 3.79187746 5.82903926 8.74355889
0.493699713 0.226614974 0.743261519 0.632653015 2.9134748 3.79051811 5.82694961 8.74042441
0.493855898 1.73532852 0.743139862 0.632426375 2.91243109 3.7891602 5.82486217 8.73729326
0.494012082 4.03504479 0.736048239 0.632199975 2.91138848 3.78780374 5.82277695 8.73416543
0.494168267 4.74009524 0.736048239 0.631973816 2.91034697 3.78644871 5.82069395 8.73104092
0.494324452 2.87067597 0.736048239 0.631747896 2.90930658 3.78509512 5.81861315 8.72791973
0.494480636 0.691284436 0.743139862 0.631522216 2.90826728 3.78374297 5.81653456 8.72480184
0.494636821 0.840390364 0.743261519 0.631296776 2.90722909 3.78239225 5.81445818 8.72168727
0.494793006 2.73249929 0.743261519 0.631071575 2.906192 3.78104297 5.812384 8.718576
0.49494919 3.54565157 0.743139862 0.630846612 2.90515601 3.77969511 5.81031202 8.71546803
0.495105375 2.18315145 0.736048239 0.630621889 2.90412112 3.77834869 5.80824224 8.71236337
0.49526156 0.553764068 0.736048239 0.630397404 2.90308733 3.7770037 5.80617466 8.70926199
0.495417744 0.552465563 0.736048239 0.630173157 2.90205464 3.77566013 5.80410927 8.70616391
0.495573929 1.60540461 0.743139862 0.629949149 2.90102304 3.77431799 5.80204608 8.70306912
0.495730114 2.21179537 0.743261519 0.629725378 2.89999254 3.77297728 5.79998507 8.69997761
0.495886298 1.76183493 0.743261519 0.629501845 2.89896313 3.77163798 5.79792625 8.69688938
0.496042483 0.977574757 0.743261519 0.629278549 2.89793481 3.77030011 5.79586962 8.69380443
0.496198668 0.381911386 0.743261519 0.629055489 2.89690759 3.76896366 5.79381517 8.69072276
0.496354852 0.0452930611 0.743261519 0.628832667 2.89588145 3.76762863 5.7917629 8.68764435
0.496511037 0.0390798718 0.743139862 0.628610082 2.89485641 3.76629502 5.78971281 8.68456922
0.496667222 0.261407984 0.736048239 0.628387732 2.89383245 3.76496282 5.7876649 8.68149735
0.496823406 0.343788438 0.736048239 0.628165619 2.89280958 3.76363204 5.78561916 8.67842874
0.496979591 0.144545274 0.736048239 0.627943742 2.8917878 3.76230267 5.7835756 8.67536339
0.497135776 0.0428027099 0.736048239 0.6277221 2.8907671 3.76097471 5.7815342 8.6723013
0.49729196 0.349229901 0.734928364 0.627500694 2.88974749 3.75964816 5.77949497 8.66924246
0.497448145 0.715960033 0.734928364 0.627279522 2.88872895 3.75832302 5.77745791 8.66618686
0.49760433 0.645198931 0.734928364 0.627058586 2.8877115 3.75699929 5.77542301 8.66313451
0.497760514 0.267129825 0.733730603 0.626837884 2.88669514 3.75567696 5.77339027 8.66008541
0.497916699 0.109838106 0.733145952 0.626617417 2.88567985 3.75435604 5.77135969 8.65703954
0.498072884 0.345160987 0.73070322 0.626397184 2.88466564 3.75303652 5.76933127 8.65399691
0.498229068 0.602002204 0.73070322 0.626177185 2.8836525 3.7517184 5.767305 8.6509575
0.498385253 0.591778479 0.733145952 0.625957419 2.88264044 3.75040168 5.76528089 8.64792133
0.498541438 0.409899245 0.733730603 0.625737887 2.88162946 3.74908637 5.76325892 8.64488838
0.498697622 0.221069784 0.734928364 0.625518588 2.88061955 3.74777244 5.76123911 8.64185866
0.498853807 0.0747224444 0.734928364 0.625299522 2.87961072 3.74645992 5.75922144 8.63883215
0.499009992 0.0161204554 0.733730603 0.625080689 2.87860295 3.74514879 5.75720591 8.63580886
0.499166176 0.122018505 0.733730603 0.624862089 2.87759626 3.74383905 5.75519252 8.63278878
0.499322361 0.345766093 0.734928364 0.624643721 2.87659064 3.74253071 5.75318128 8.62977192
0.499478546 0.507449941 0.736048239 0.624425584 2.87558608 3.74122375 5.75117217 8.62675825
0.49963473 0.5230166 0.743139862 0.62420768 2.8745826 3.73991818 5.7491652 8.62374779
0.499790915 0.503835431 0.743139862 0.623990007 2.87358018 3.73861401 5.74716035 8.62074053
0.4999471 0.642143543 0.743139862 0.623772566 2.87257882 3.73731121 5.74515765 8.61773647
0.500103284 0.918126536 0.743261519 0.623555355 2.87157853 3.73600981 5.74315706 8.6147356
0.500259469 1.09118721 0.744281424 0.623338376 2.87057931 3.73470978 5.74115861 8.61173792
0.500415653 1.02580056 0.745316438 0.623121627 2.86958114 3.73341114 5.73916228 8.60874342
0.500571838 0.791743005 0.747057977 0.622905109 2.86858404 3.73211388 5.73716807 8.60575211
0.500728023 0.532088889 0.747308411 0.622688821 2.86758799 3.73081799 5.73517599 8.60276398
0.500884207 0.333434866 0.747308411 0.622472763 2.86659301 3.72952349 5.73318602 8.59977902
0.501040392 0.229421461 0.754609478 0.622256934 2.86559908 3.72823036 5.73119816 8.59679724
0.501196577 0.326555976 0.755808342 0.622041335 2.86460621 3.72693861 5.72921242 8.59381863
0.501352761 0.695115712 0.755808342 0.621825966 2.8636144 3.72564823 5.72722879 8.59084319
0.501508946 1.06553027 0.755808342 0.621610825 2.86262364 3.72435922 5.72524728 8.58787091
0.501665131 1.04340442 0.755808342 0.621395913 2.86163393 3.72307158 5.72326786 8.5849018
0.501821315 0.633713123 0.754609478 0.62118123 2.86064528 3.72178532 5.72129056 8.58193584
0.5019775 0.239871401 0.754609478 0.620966775 2.85965768 3.72050042 5.71931536 8.57897303
0.502133685 0.162392825 0.755808342 0.620752548 2.85867113 3.71921688 5.71734225 8.57601338
0.502289869 0.199152944 0.757831115 0.620538549 2.85768563 3.71793472 5.71537125 8.57305688
0.502446054 0.0779761976 0.757831115 0.620324778 2.85670117 3.71665392 5.71340235 8.57010352
0.502602239 0.0294120303 0.757831115 0.620111234 2.85571777 3.71537448 5.71143554 8.5671533
0.502758423 0.43484871 0.757831115 0.619897918 2.85473541 3.7140964 5.70947082 8.56420623
0.502914608 1.07379819 0.755808342 0.619684828 2.8537541 3.71281968 5.70750819 8.56126229
0.503070793 1.34397222 0.754609478 0.619471965 2.85277383 3.71154432 5.70554765 8.55832148
0.503226977 1.06971615 0.753820829 0.619259329 2.8517946 3.71027032 5.7035892 8.5553838
0.503383162 0.822272857 0.754609478 0.619046919 2.85081642 3.70899767 5.70163283 8.55244925
0.503539347 1.06205277 0.755808342 0.618834735 2.84983927 3.70772638 5.69967854 8.54951782
0.503695531 1.49297099 0.754609478 0.618622777 2.84886317 3.70645644 5.69772634 8.54658951
0.503851716 1.72024265 0.753820829 0.618411045 2.84788811 3.70518785 5.69577621 8.54366432
0.504007901 1.64967411 0.747308411 0.618199538 2.84691408 3.70392061 5.69382816 8.54074224
0.504164085 1.26557481 0.753820829 0.617988256 2.84594109 3.70265473 5.69188218 8.53782327
0.50432027 0.618029259 0.754609478 0.617777199 2.84496914 3.70139019 5.68993828 8.53490742
0.504476455 0.128220418 0.754609478 0.617566367 2.84399822 3.70012699 5.68799644 8.53199466
0.504632639 0.341691969 0.754609478 0.617355759 2.84302834 3.69886514 5.68605667 8.52908501
0.504788824 1.18174772 0.753820829 0.617145376 2.84205949 3.69760464 5.68411897 8.52617846
0.504945009 1.88994088 0.747308411 0.616935217 2.84109167 3.69634548 5.68218333 8.523275
0.505101193 1.80064266 0.747308411 0.616725281 2.84012488 3.69508766 5.68024976 8.52037464
0.505257378 1.12930295 0.747308411 0.61651557 2.83915912 3.69383118 5.67831824 8.51747736
0.505413563 0.591069901 0.747308411 0.616306081 2.83819439 3.69257604 5.67638878 8.51458317
0.505569747 0.479425985 0.747057977 0.616096816 2.83723069 3.69132223 5.67446138 8.51169207
0.505725932 0.599608815 0.745316438 0.615887774 2.83626801 3.69006976 5.67253603 8.50880404
0.505882117 0.659206048 0.744281424 0.615678954 2.83530636 3.68881863 5.67061273 8.50591909
0.506038301 0.47384389 0.743261519 0.615470357 2.83434574 3.68756882 5.66869148 8.50303722
0.506194486 0.165138517 0.743139862 0.615261982 2.83338614 3.68632036 5.66677228 8.50015841
0.506350671 0.165193559 0.743139862 0.61505383 2.83242756 3.68507322 5.66485512 8.49728268
0.506506855 0.670962552 0.743139862 0.614845899 2.83147 3.68382741 5.66294001 8.49441001
0.50666304 1.14234527 0.743139862 0.61463819 2.83051347 3.68258292 5.66102693 8.4915404
0.506819225 0.927287974 0.743139862 0.614430702 2.82955795 3.68133977 5.6591159 8.48867385
0.506975409 0.265866902 0.743139862 0.614223436 2.82860345 3.68009794 5.65720691 8.48581036
0.507131594 0.0125773032 0.743139862 0.61401639 2.82764997 3.67885743 5.65529995 8.48294992
0.507287779 0.349977058 0.743139862 0.613809565 2.82669751 3.67761825 5.65339502 8.48009253
0.507443963 0.5077307 0.743139862 0.613602961 2.82574606 3.67638039 5.65149213 8.47723819
0.507600148 0.178914009 0.743261519 0.613396577 2.82479563 3.67514385 5.64959126 8.47438689
0.507756333 0.0602473925 0.744281424 0.613190414 2.82384621 3.67390862 5.64769242 8.47153863
0.507912517 0.5394785 0.745316438 0.61298447 2.8228978 3.67267472 5.64579561 8.46869341
0.508068702 0.853118225 0.744281424 0.612778745 2.82195041 3.67144213 5.64390082 8.46585123
0.508224887 0.44293219 0.743261519 0.612573241 2.82100402 3.67021085 5.64200805 8.46301207
0.508381071 0.0580981387 0.743139862 0.612367955 2.82005865 3.66898089 5.6401173 8.46017595
0.508537256 0.444633098 0.743139862 0.612162889 2.81911428 3.66775225 5.63822857 8.45734285
0.508693441 0.908705521 0.743139862 0.611958041 2.81817093 3.66652491 5.63634185 8.45451278
0.508849625 0.603340201 0.743139862 0.611753412 2.81722857 3.66529888 5.63445715 8.45168572
0.50900581 0.081897057 0.743139862 0.611549001 2.81628723 3.66407416 5.63257446 8.44886169
0.509161994 0.497545496 0.743139862 0.611344809 2.81534689 3.66285075 5.63069378 8.44604066
0.509318179 1.43497381 0.743139862 0.611140834 2.81440755 3.66162864 5.6288151 8.44322265
0.509474364 1.53542069 0.734928364 0.610937078 2.81346922 3.66040784 5.62693843 8.44040765
0.509630548 0.650762697 0.733730603 0.610733539 2.81253188 3.65918834 5.62506377 8.43759565
0.509786733 0.0784414472 0.733145952 0.610530217 2.81159555 3.65797015 5.6231911 8.43478665
0.509942918 0.348537435 0.733145952 0.610327112 2.81066022 3.65675325 5.62132044 8.43198066
0.510099102 0.525769488 0.733730603 0.610124224 2.80972589 3.65553766 5.61945177 8.42917766
0.510255287 0.2596463 0.733730603 0.609921553 2.80879255 3.65432336 5.6175851 8.42637765
0.510411472 0.63276183 0.733145952 0.609719098 2.80786021 3.65311036 5.61572042 8.42358064
0.510567656 2.07481308 0.733145952 0.609516859 2.80692887 3.65189865 5.61385774 8.42078661
0.510723841 3.16304528 0.733730603 0.609314837 2.80599852 3.65068824 5.61199704 8.41799556
0.510880026 2.59889214 0.734928364 0.60911303 2.80506917 3.64947913 5.61013834 8.4152075
0.51103621 1.137107 0.734928364 0.60891144 2.80414081 3.6482713 5.60828161 8.41242242
0.511192395 0.471846402 0.734928364 0.608710064 2.80321344 3.64706477 5.60642688 8.40964032
0.51134858 0.846673828 0.734928364 0.608508904 2.80228706 3.64585952 5.60457412 8.40686118
0.511504764 1.21559993 0.743139862 0.608307958 2.80136167 3.64465557 5.60272335 8.40408502
0.511660949 0.997679419 0.743261519 0.608107228 2.80043728 3.6434529 5.60087455 8.40131183
0.511817134 0.565960631 0.744281424 0.607906712 2.79951387 3.64225151 5.59902773 8.3985416
0.511973318 0.342494585 0.744281424 0.60770641 2.79859144 3.64105141 5.59718288 8.39577433
0.512129503 0.345983232 0.744281424 0.607506323 2.79767001 3.6398526 5.59534001 8.39301002
0.512285688 0.43705315 0.744281424 0.607306449 2.79674955 3.63865506 5.59349911 8.39024866
0.512441872 0.448924908 0.745316438 0.60710679 2.79583009 3.63745881 5.59166018 8.38749026
0.512598057 0.260190045 0.747057977 0.606907344 2.7949116 3.63626383 5.58982321 8.38473481
0.512754242 0.0269208321 0.747057977 0.606708111 2.7939941 3.63507014 5.58798821 8.38198231
0.512910426 0.13086613 0.747057977 0.606509091 2.79307758 3.63387772 5.58615517 8.37923275
0.513066611 0.485980492 0.747057977 0.606310284 2.79216204 3.63268657 5.58432409 8.37648613
0.513222796 0.631869912 0.747057977 0.60611169 2.79124749 3.6314967 5.58249497 8.37374246
0.51337898 0.638311011 0.747057977 0.605913309 2.7903339 3.63030811 5.58066781 8.37100171
0.513535165 1.0930821 0.745316438 0.605715139 2.7894213 3.62912078 5.5788426 8.3682639
0.51369135 1.78008878 0.744281424 0.605517182 2.78850967 3.62793473 5.57701935 8.36552902
0.513847534 1.52268404 0.744281424 0.605319437 2.78759902 3.62674995 5.57519805 8.36279707
0.514003719 0.401423686 0.744281424 0.605121903 2.78668935 3.62556643 5.5733787 8.36006805
0.514159904 0.220739022 0.743261519 0.604924581 2.78578065 3.62438418 5.57156129 8.35734194
0.514316088 2.17266643 0.743139862 0.604727471 2.78487292 3.6232032 5.56974584 8.35461875
0.514472273 4.57810968 0.743139862 0.604530571 2.78396616 3.62202348 5.56793232 8.35189848
0.514628458 5.04236065 0.743139862 0.604333882 2.78306038 3.62084503 5.56612075 8.34918113
0.514784642 3.99542705 0.743261519 0.604137404 2.78215556 3.61966784 5.56431112 8.34646668
0.514940827 3.49457933 0.743261519 0.603941136 2.78125171 3.61849191 5.56250343 8.34375514
0.515097012 4.57187897 0.743139862 0.603745079 2.78034884 3.61731723 5.56069767 8.34104651
0.515253196 5.59806472 0.743139862 0.603549231 2.77944693 3.61614382 5.55889385 8.33834078
0.515409381 5.24316657 0.743139862 0.603353594 2.77854598 3.61497167 5.55709196 8.33563795
0.515565566 4.48602929 0.743261519 0.603158166 2.777646 3.61380077 5.55529201 8.33293801
0.51572175 4.09776891 0.743261519 0.602962948 2.77674699 3.61263112 5.55349398 8.33024097
0.515877935 3.86841958 0.743261519 0.602767938 2.77584894 3.61146273 5.55169788 8.32754682
0.51603412 2.79012153 0.743139862 0.602573138 2.77495185 3.6102956 5.5499037 8.32485555
0.516190304 1.3685509 0.734928364 0.602378547 2.77405573 3.60912971 5.54811145 8.32216718
0.516346489 0.882926846 0.733730603 0.602184165 2.77316056 3.60796507 5.54632112 8.31948168
0.516502674 1.25056579 0.733145952 0.60198999 2.77226636 3.60680169 5.54453271 8.31679907
0.516658858 1.55588319 0.733730603 0.601796025 2.77137311 3.60563955 5.54274622 8.31411933
0.516815043 1.13842727 0.734928364 0.601602267 2.77048082 3.60447865 5.54096165 8.31144247
0.516971228 0.447265802 0.743139862 0.601408717 2.76958949 3.603319 5.53917898 8.30876848
0.517127412 0.112527948 0.743139862 0.601215374 2.76869912 3.6021606 5.53739824 8.30609735
0.517283597 0.156895636 0.743139862 0.60102224 2.7678097 3.60100344 5.5356194 8.3034291
0.517439782 0.305352029 0.743139862 0.600829312 2.76692123 3.59984752 5.53384247 8.3007637
0.517595966 0.341306072 0.743139862 0.600636592 2.76603372 3.59869284 5.53206745 8.29810117
0.517752151 0.220816433 0.743139862 0.600444078 2.76514717 3.59753941 5.53029433 8.2954415
0.517908336 0.0552947533 0.743139862 0.600251771 2.76426156 3.5963872 5.52852312 8.29278468
0.51806452 0.00427594196 0.743139862 0.60005967 2.7633769 3.59523624 5.52675381 8.29013071
0.518220705 0.093999744 0.743261519 0.599867776 2.7624932 3.59408651 5.5249864 8.2874796
0.518376889 0.173532374 0.744281424 0.599676088 2.76161044 3.59293802 5.52322088 8.28483133
0.518533074 0.152458291 0.745316438 0.599484606 2.76072863 3.59179076 5.52145727 8.2821859
0.518689259 0.109262962 0.745316438 0.599293329 2.75984777 3.59064473 5.51969554 8.27954332
0.518845443 0.104473208 0.745316438 0.599102258 2.75896786 3.58949994 5.51793571 8.27690357
0.519001628 0.146193833 0.745316438 0.598911392 2.75808889 3.58835637 5.51617778 8.27426666
0.519157813 0.277116474 0.745316438 0.598720732 2.75721086 3.58721404 5.51442173 8.27163259
0.519313997 0.586498984 0.745316438 0.598530276 2.75633378 3.58607293 5.51266756 8.26900134
0.519470182 0.86522202 0.744281424 0.598340025 2.75545764 3.58493304 5.51091528 8.26637293
0.519626367 0.920952624 0.743261519 0.598149978 2.75458245 3.58379439 5.50916489 8.26374734
0.519782551 0.743139862 0.744281424 0.597960136 2.75370819 3.58265695 5.50741638 8.26112457
0.519938736 0.515733796 0.745316438 0.597770498 2.75283487 3.58152074 5.50566975 8.25850462
0.520094921 0.350902099 0.747057977 0.597581063 2.7519625 3.58038576 5.50392499 8.25588749
0.520251105 0.11253028 0.747308411 0.597391833 2.75109106 3.57925199 5.50218212 8.25327318
0.52040729 0.01095273 0.753820829 0.597202806 2.75022056 3.57811944 5.50044111 8.25066167
0.520563475 0.40397633 0.753820829 0.597013983 2.74935099 3.57698811 5.49870199 8.24805298
0.520719659 1.1080475 0.753820829 0.596825362 2.74848236 3.575858 5.49696473 8.24544709
0.520875844 1.36949926 0.753820829 0.596636945 2.74761467 3.5747291 5.49522934 8.24284401
0.521032029 0.909305673 0.754609478 0.59644873 2.74674791 3.57360142 5.49349582 8.24024373
0.521188213 0.217545559 0.755808342 0.596260718 2.74588208 3.57247495 5.49176416 8.23764624
0.521344398 0.0212330528 0.754609478 0.596072908 2.74501719 3.5713497 5.49003437 8.23505156
0.521500583 0.241489469 0.753820829 0.595885301 2.74415322 3.57022565 5.48830644 8.23245967
0.521656767 0.333865245 0.747308411 0.595697895 2.74329019 3.56910282 5.48658038 8.22987056
0.521812952 0.16672937 0.747308411 0.595510692 2.74242808 3.5679812 5.48485617 8.22728425
0.521969137 0.0139162414 0.747308411 0.59532369 2.74156691 3.56686078 5.48313381 8.22470072
0.522125321 0.0105756207 0.747308411 0.595136889 2.74070666 3.56574157 5.48141332 8.22211998
0.522281506 0.00499925022 0.747308411 0.59495029 2.73984734 3.56462357 5.47969468 8.21954201
0.522437691 0.0363632069 0.747308411 0.594763892 2.73898894 3.56350677 5.47797788 8.21696683
0.522593875 0.311984535 0.747057977 0.594577694 2.73813147 3.56239118 5.47626294 8.21439441
0.52275006 0.711542768 0.745316438 0.594391698 2.73727493 3.56127678 5.47454985 8.21182478
0.522906245 0.806741348 0.744281424 0.594205902 2.7364193 3.56016359 5.4728386 8.20925791
0.523062429 0.493431197 0.743261519 0.594020306 2.7355646 3.5590516 5.4711292 8.20669381
0.523218614 0.204180402 0.743139862 0.59383491 2.73471082 3.55794081 5.46942165 8.20413247
0.523374799 0.294650083 0.736648364 0.593649714 2.73385796 3.55683122 5.46771593 8.20157389
0.523530983 0.658817221 0.734928364 0.593464718 2.73300603 3.55572282 5.46601205 8.19901808
0.523687168 0.833736531 0.734928364 0.593279922 2.73215501 3.55461562 5.46431001 8.19646502
0.523843353 0.653596221 0.733730603 0.593095325 2.73130491 3.55350961 5.46260981 8.19391472
0.523999537 0.433747918 0.733145952 0.592910927 2.73045572 3.5524048 5.46091144 8.19136717
0.524155722 0.372839918 0.730712343 0.592726728 2.72960745 3.55130118 5.45921491 8.18882236
0.524311907 0.479679637 0.725216385 0.592542728 2.7287601 3.55019875 5.45752021 8.18628031
0.524468091 0.481366847 0.724327855 0.592358926 2.72791367 3.54909751 5.45582733 8.183741
0.524624276 0.239699843 0.724327855 0.592175323 2.72706814 3.54799745 5.45413629 8.18120443
0.524780461 0.0312658673 0.725216385 0.591991918 2.72622353 3.54689859 5.45244707 8.1786706
0.524936645 0.273361697 0.725216385 0.591808712 2.72537983 3.54580091 5.45075967 8.1761395
0.52509283 1.1227785 0.724327855 0.591625703 2.72453705 3.54470442 5.4490741 8.17361114
0.525249015 2.17167303 0.723436756 0.591442892 2.72369517 3.54360912 5.44739034 8.17108551
0.525405199 2.72140492 0.718416927 0.591260278 2.7228542 3.54251499 5.44570841 8.16856261
0.525561384 2.53392962 0.716626828 0.591077862 2.72201415 3.54142205 5.44402829 8.16604244
0.525717569 1.80900204 0.716626828 0.590895643 2.721175 3.54033029 5.44234999 8.16352499
0.525873753 0.905174891 0.718416927 0.590713621 2.72033675 3.53923972 5.44067351 8.16101026
0.526029938 0.33782053 0.723436756 0.590531795 2.71949942 3.53815031 5.43899883 8.15849825
0.526186123 0.210585895 0.723436756 0.590350166 2.71866299 3.53706209 5.43732597 8.15598896
0.526342307 0.360567842 0.723436756 0.590168734 2.71782746 3.53597505 5.43565492 8.15348238
0.526498492 0.780327019 0.718416927 0.589987498 2.71699284 3.53488918 5.43398567 8.15097851
0.526654677 1.30618235 0.716626828 0.589806458 2.71615912 3.53380448 5.43231823 8.14847735
0.526810861 1.73473953 0.716626828 0.589625614 2.7153263 3.53272096 5.4306526 8.14597889
0.526967046 1.72410638 0.716626828 0.589444965 2.71449438 3.53163861 5.42898876 8.14348314
0.52712323 1.13802423 0.715960033 0.589264512 2.71366336 3.53055743 5.42732673 8.14099009
0.527279415 0.496664409 0.713950693 0.589084255 2.71283325 3.52947743 5.42566649 8.13849974
0.5274356 0.431827293 0.713950693 0.588904192 2.71200403 3.52839859 5.42400806 8.13601209
0.527591784 0.95543066 0.713950693 0.588724325 2.71117571 3.52732092 5.42235142 8.13352712
0.527747969 1.46412759 0.713950693 0.588544652 2.71034828 3.52624442 5.42069657 8.13104485
0.527904154 1.42760878 0.713950693 0.588365174 2.70952176 3.52516908 5.41904351 8.12856527
0.528060338 0.771831506 0.715960033 0.58818589 2.70869613 3.52409491 5.41739225 8.12608838
0.528216523 0.181467744 0.716626828 0.588006801 2.70787139 3.5230219 5.41574278 8.12361416
0.528372708 0.235785904 0.716626828 0.587827905 2.70704754 3.52195005 5.41409509 8.12114263
0.528528892 0.99732622 0.716626828 0.587649204 2.70622459 3.52087937 5.41244919 8.11867378
0.528685077 1.75470997 0.716626828 0.587470696 2.70540253 3.51980985 5.41080507 8.1162076
0.528841262 1.81390535 0.716626828 0.587292382 2.70458137 3.51874148 5.40916274 8.1137441
0.528997446 1.14922903 0.716626828 0.587114261 2.70376109 3.51767428 5.40752218 8.11128327
0.529153631 0.459076769 0.716626828 0.586936333 2.7029417 3.51660823 5.40588341 8.10882511
0.529309816 0.376986146 0.716626828 0.586758599 2.7021232 3.51554334 5.40424641 8.10636961
0.529466 0.744281424 0.716626828 0.586581057 2.70130559 3.51447961 5.40261119 8.10391678
0.529622185 1.00760082 0.716626828 0.586403707 2.70048887 3.51341702 5.40097774 8.10146661
0.52977837 0.833488958 0.715960033 0.586226551 2.69967303 3.5123556 5.39934607 8.0990191
0.529934554 0.571236022 0.713950693 0.586049586 2.69885808 3.51129532 5.39771616 8.09657425
0.530090739 0.325765585 0.713950693 0.585872814 2.69804402 3.51023619 5.39608803 8.09413205
0.530246924 0.135651588 0.713950693 0.585696233 2.69723083 3.50917822 5.39446166 8.0916925
0.530403108 0.221094472 0.712741077 0.585519845 2.69641853 3.50812139 5.39283707 8.0892556
0.530559293 0.701066123 0.712490931 0.585343648 2.69560712 3.50706571 5.39121423 8.08682135
0.530715478 1.19378466 0.711542768 0.585167642 2.69479658 3.50601118 5.38959316 8.08438974
0.530871662 1.17634732 0.711542768 0.584991828 2.69398692 3.5049578 5.38797385 8.08196077
0.531027847 0.951591044 0.711542768 0.584816204 2.69317815 3.50390555 5.3863563 8.07953444
0.531184032 1.65741422 0.712490931 0.584640772 2.69237025 3.50285446 5.3847405 8.07711076
0.531340216 3.26959589 0.712741077 0.58446553 2.69156323 3.5018045 5.38312647 8.0746897
0.531496401 4.64747509 0.712741077 0.584290479 2.69075709 3.50075569 5.38151419 8.07227128
0.531652586 4.34583982 0.712741077 0.584115618 2.68995183 3.49970802 5.37990366 8.06985549
0.53180877 2.85866121 0.712490931 0.583940947 2.68914744 3.49866148 5.37829488 8.06744232
0.531964955 1.82619791 0.712490931 0.583766467 2.68834393 3.49761609 5.37668786 8.06503178
0.53212114 1.38012541 0.712741077 0.583592176 2.68754129 3.49657183 5.37508258 8.06262387
0.532277324 1.18063821 0.713950693 0.583418075 2.68673952 3.49552871 5.37347905 8.06021857
0.532433509 0.779056012 0.715960033 0.583244163 2.68593863 3.49448673 5.37187726 8.05781589
0.532589694 0.656149799 0.716626828 0.583070441 2.68513861 3.49344587 5.37027722 8.05541583
0.532745878 1.1160229 0.718416927 0.582896908 2.68433946 3.49240616 5.36867892 8.05301838
0.532902063 1.43547603 0.718416927 0.582723563 2.68354118 3.49136757 5.36708236 8.05062354
0.533058248 1.24378462 0.723436756 0.582550408 2.68274377 3.49033012 5.36548754 8.04823131
0.533214432 0.733145952 0.724327855 0.582377441 2.68194723 3.48929379 5.36389446 8.04584169
0.533370617 0.280244257 0.724327855 0.582204663 2.68115156 3.4882586 5.36230311 8.04345467
0.533526802 0.0472343116 0.723436756 0.582032073 2.68035675 3.48722453 5.3607135 8.04107025
0.533682986 0.0188917197 0.723436756 0.581859671 2.67956281 3.48619159 5.35912562 8.03868843
0.533839171 0.184776182 0.723436756 0.581687458 2.67876974 3.48515978 5.35753947 8.03630921
0.533995356 0.361520721 0.723436756 0.581515431 2.67797753 3.48412909 5.35595506 8.03393258
0.53415154 0.279326563 0.724327855 0.581343593 2.67718618 3.48309953 5.35437236 8.03155855
0.534307725 0.0416227002 0.724327855 0.581171942 2.6763957 3.48207109 5.3527914 8.0291871
0.53446391 0.0887807404 0.723436756 0.581000478 2.67560608 3.48104377 5.35121216 8.02681824
0.534620094 0.547755381 0.723436756 0.580829202 2.67481732 3.48001757 5.34963465 8.02445197
0.534776279 1.01109295 0.718416927 0.580658112 2.67402943 3.47899249 5.34805885 8.02208828
0.534932464 1.22010912 0.717180481 0.580487209 2.67324239 3.47796853 5.34648478 8.01972717
0.535088648 1.51303075 0.717180481 0.580316493 2.67245621 3.47694569 5.34491242 8.01736863
0.535244833 1.7611896 0.718416927 0.580145963 2.67167089 3.47592397 5.34334178 8.01501268
0.535401018 1.47081031 0.718416927 0.579975619 2.67088643 3.47490336 5.34177286 8.01265929
0.535557202 0.662293975 0.718416927 0.579805462 2.67010283 3.47388387 5.34020565 8.01030848
0.535713387 0.0267676052 0.718416927 0.57963549 2.66932008 3.47286549 5.33864016 8.00796023
0.535869572 0.247773816 0.717180481 0.579465704 2.66853819 3.47184822 5.33707637 8.00561456
0.536025756 0.78371487 0.717180481 0.579296104 2.66775715 3.47083207 5.3355143 8.00327144
0.536181941 0.712490931 0.717180481 0.579126689 2.66697696 3.46981703 5.33395393 8.00093089
0.536338125 0.158457186 0.716626828 0.57895746 2.66619763 3.4688031 5.33239527 7.9985929
0.53649431 0.12208074 0.716626828 0.578788415 2.66541915 3.46779027 5.33083831 7.99625746
0.536650495 0.864715625 0.716626828 0.578619556 2.66464153 3.46677856 5.32928306 7.99392458
0.536806679 1.46959162 0.715960033 0.578450881 2.66386475 3.46576795 5.3277295 7.99159426
0.536962864 1.18954952 0.713950693 0.578282391 2.66308883 3.46475844 5.32617765 7.98926648
0.537119049 0.498760555 0.713950693 0.578114085 2.66231375 3.46375005 5.3246275 7.98694125
0.537275233 0.105754837 0.715960033 0.577945964 2.66153952 3.46274275 5.32307904 7.98461857
0.537431418 0.0593686599 0.716626828 0.577778027 2.66076614 3.46173656 5.32153228 7.98229843
0.537587603 0.0348240097 0.716626828 0.577610273 2.65999361 3.46073147 5.31998722 7.97998083
0.537743787 0.012248914 0.716626828 0.577442704 2.65922192 3.45972749 5.31844385 7.97766577
0.537899972 0.129526682 0.717180481 0.577275318 2.65845108 3.4587246 5.31690216 7.97535325
0.538056157 0.215336979 0.718416927 0.577108115 2.65768109 3.45772281 5.31536217 7.97304326
0.538212341 0.0750466535 0.723436756 0.576941096 2.65691193 3.45672212 5.31382387 7.9707358
0.538368526 0.0556120602 0.724327855 0.57677426 2.65614363 3.45572253 5.31228725 7.96843088
0.538524711 0.688348454 0.724327855 0.576607607 2.65537616 3.45472403 5.31075232 7.96612848
0.538680895 1.83594409 0.723436756 0.576441136 2.65460953 3.45372663 5.30921907 7.9638286
0.53883708 2.72855456 0.718416927 0.576274848 2.65384375 3.45273032 5.3076875 7.96153125
0.538993265 2.97808361 0.717180481 0.576108743 2.65307881 3.45173511 5.30615762 7.95923642
0.539149449 2.59110627 0.716626828 0.57594282 2.6523147 3.45074099 5.30462941 7.95694411
0.539305634 2.14493229 0.715960033 0.575777079 2.65155144 3.44974796 5.30310288 7.95465432
0.539461819 1.8982061 0.713950693 0.57561152 2.65078901 3.44875602 5.30157803 7.95236704
0.539618003 1.54640853 0.712741077 0.575446143 2.65002742 3.44776517 5.30005485 7.95008227
0.539774188 1.00668007 0.713950693 0.575280948 2.64926667 3.44677541 5.29853334 7.94780001
0.539930373 0.480029822 0.715960033 0.575115934 2.64850675 3.44578673 5.29701351 7.94552026
0.540086557 0.42804948 0.715960033 0.574951102 2.64774767 3.44479914 5.29549534 7.94324302
0.540242742 0.864020752 0.713950693 0.57478645 2.64698942 3.44381264 5.29397885 7.94096827
0.540398927 1.25496752 0.712490931 0.57462198 2.64623201 3.44282722 5.29246402 7.93869603
0.540555111 1.09432452 0.711542768 0.574457691 2.64547543 3.44184289 5.29095086 7.93642629
0.540711296 0.535807875 0.711542768 0.574293582 2.64471968 3.44085963 5.28943936 7.93415904
0.540867481 0.20621194 0.711542768 0.574129653 2.64396476 3.43987746 5.28792953 7.93189429
0.541023665 0.395406621 0.710450215 0.573965906 2.64321068 3.43889637 5.28642135 7.92963203
0.54117985 0.549105098 0.705104809 0.573802338 2.64245742 3.43791636 5.28491484 7.92737226
0.541336035 0.283621331 0.703738503 0.57363895 2.64170499 3.43693743 5.28340998 7.92511498
0.541492219 0.0619249823 0.703738503 0.573475743 2.64095339 3.43595958 5.28190679 7.92286018
0.541648404 0.610062683 0.701066123 0.573312715 2.64020262 3.4349828 5.28040524 7.92060786
0.541804589 1.71845822 0.695115712 0.573149866 2.63945268 3.4340071 5.27890535 7.91835803
0.541960773 2.28215164 0.695115712 0.572987197 2.63870356 3.43303248 5.27740712 7.91611068
0.542116958 1.75504519 0.701066123 0.572824708 2.63795527 3.43205893 5.27591053 7.9138658
0.542273143 0.747308411 0.703738503 0.572662397 2.6372078 3.43108645 5.2744156 7.9116234
0.542429327 0.152685859 0.705104809 0.572500266 2.63646115 3.43011504 5.27292231 7.90938346
0.542585512 0.16760343 0.704058495 0.572338313 2.63571533 3.42914471 5.27143067 7.907146
0.542741697 0.296420237 0.704058495 0.572176539 2.63497034 3.42817545 5.26994067 7.90491101
0.542897881 0.215654954 0.704058495 0.572014943 2.63422616 3.42720725 5.26845232 7.90267848
0.543054066 0.130410449 0.704058495 0.571853526 2.63348281 3.42624012 5.26696561 7.90044842
0.543210251 0.282323605 0.704058495 0.571692286 2.63274027 3.42527407 5.26548055 7.89822082
0.543366435 0.608284732 0.705104809 0.571531225 2.63199856 3.42430907 5.26399712 7.89599568
0.54352262 0.819613071 0.705104809 0.571370342 2.63125766 3.42334515 5.26251533 7.89377299
0.543678805 0.755808342 0.704058495 0.571209636 2.63051759 3.42238228 5.26103517 7.89155276
0.543834989 0.514707485 0.703738503 0.571049108 2.62977833 3.42142049 5.25955666 7.88933498
0.543991174 0.2547007 0.701066123 0.570888758 2.62903989 3.42045975 5.25807977 7.88711966
0.544147359 0.083422419 0.701066123 0.570728584 2.62830226 3.41950008 5.25660452 7.88490678
0.544303543 0.0720742636 0.695115712 0.570568588 2.62756545 3.41854147 5.2551309 7.88269635
0.544459728 0.24086748 0.695115712 0.570408768 2.62682945 3.41758391 5.25365891 7.88048836
0.544615913 0.503767144 0.695115712 0.570249126 2.62609427 3.41662742 5.25218854 7.87828282
0.544772097 0.670796032 0.701066123 0.57008966 2.6253599 3.41567198 5.25071981 7.87607971
0.544928282 0.569730778 0.703738503 0.56993037 2.62462635 3.41471761 5.2492527 7.87387904
0.545084467 0.252868345 0.703738503 0.569771257 2.6238936 3.41376428 5.24778721 7.87168081
0.545240651 0.0390005512 0.701066123 0.56961232 2.62316167 3.41281202 5.24632334 7.86948502
0.545396836 0.155041591 0.695115712 0.569453559 2.62243055 3.41186081 5.2448611 7.86729165
0.54555302 0.477299809 0.694497819 0.569294973 2.62170024 3.41091065 5.24340048 7.86510071
0.545709205 0.723436756 0.694497819 0.569136564 2.62097074 3.40996154 5.24194147 7.86291221
0.54586539 0.806661032 0.695115712 0.56897833 2.62024204 3.40901349 5.24048408 7.86072612
0.546021574 0.924090507 0.701066123 0.568820271 2.61951415 3.40806649 5.23902831 7.85854246
0.546177759 1.01847538 0.701066123 0.568662388 2.61878707 3.40712054 5.23757415 7.85636122
0.546333944 0.836043967 0.701066123 0.568504679 2.6180608 3.40617563 5.2361216 7.8541824
0.546490128 0.46827456 0.701066123 0.568347146 2.61733533 3.40523178 5.23467067 7.852006
0.546646313 0.165502234 0.703738503 0.568189788 2.61661067 3.40428897 5.23322134 7.84983201
0.546802498 0.0451237692 0.703738503 0.568032604 2.61588681 3.40334721 5.23177362 7.84766043
0.546958682 0.0563267197 0.701066123 0.567875594 2.61516376 3.40240649 5.23032751 7.84549127
0.547114867 0.325468028 0.701066123 0.567718759 2.6144415 3.40146682 5.22888301 7.84332451
0.547271052 1.23844205 0.703738503 0.567562098 2.61372005 3.40052819 5.22744011 7.84116016
0.547427236 2.62499462 0.703738503 0.567405611 2.6129994 3.3995906 5.22599881 7.83899821
0.547583421 3.39377132 0.703738503 0.567249298 2.61227956 3.39865406 5.22455911 7.83683867
0.547739606 2.96412406 0.701066123 0.567093159 2.61156051 3.39771856 5.22312102 7.83468153
0.54789579 1.75005434 0.695115712 0.566937193 2.61084226 3.39678409 5.22168452 7.83252678
0.548051975 0.682961546 0.694497819 0.566781401 2.61012481 3.39585067 5.22024962 7.83037443
0.54820816 0.61759496 0.694497819 0.566625782 2.60940816 3.39491829 5.21881632 7.82822448
0.548364344 0.990016106 0.694497819 0.566470336 2.6086923 3.39398694 5.21738461 7.82607691
0.548520529 1.08581096 0.694497819 0.566315063 2.60797725 3.39305663 5.21595449 7.82393174
0.548676714 1.11210026 0.695115712 0.566159963 2.60726298 3.39212735 5.21452597 7.82178895
0.548832898 1.33399147 0.701066123 0.566005036 2.60654952 3.39119911 5.21309904 7.81964855
0.548989083 1.75266773 0.701066123 0.565850281 2.60583685 3.3902719 5.21167369 7.81751054
0.549145268 1.7414021 0.695115712 0.565695699 2.60512497 3.38934573 5.21024993 7.8153749
0.549301452 1.30530505 0.694497819 0.565541289 2.60441388 3.38842058 5.20882777 7.81324165
0.549457637 1.47128049 0.691284436 0.565387051 2.60370359 3.38749647 5.20740718 7.81111077
0.549613822 2.26689869 0.694497819 0.565232985 2.60299409 3.38657339 5.20598818 7.80898227
0.549770006 2.89545727 0.695115712 0.565079091 2.60228538 3.38565134 5.20457076 7.80685614
0.549926191 2.51139776 0.701066123 0.564925368 2.60157746 3.38473031 5.20315492 7.80473238
0.550082376 1.39056912 0.703738503 0.564771817 2.60087033 3.38381032 5.20174067 7.802611
0.55023856 0.906706889 0.703738503 0.564618437 2.60016399 3.38289135 5.20032799 7.80049198
0.550394745 1.58718846 0.701066123 0.564465229 2.59945844 3.3819734 5.19891688 7.79837532
0.55055093 2.76819978 0.695115712 0.564312191 2.59875368 3.38105649 5.19750736 7.79626103
0.550707114 3.29614745 0.694497819 0.564159325 2.5980497 3.38014059 5.1960994 7.7941491
0.550863299 2.90029945 0.694497819 0.564006629 2.59734651 3.37922572 5.19469302 7.79203953
0.551019484 2.19168866 0.695115712 0.563854104 2.59664411 3.37831187 5.19328822 7.78993232
0.551175668 1.74006501 0.701066123 0.563701749 2.59594249 3.37739904 5.19188498 7.78782747
0.551331853 1.41055931 0.701066123 0.563549565 2.59524165 3.37648724 5.19048331 7.78572496
0.551488038 0.838624984 0.701066123 0.563397551 2.5945416 3.37557645 5.18908321 7.78362481
0.551644222 0.27212444 0.695115712 0.563245707 2.59384234 3.37466668 5.18768467 7.78152701
0.551800407 0.277853392 0.695115712 0.563094033 2.59314385 3.37375793 5.1862877 7.77943155
0.551956592 0.962448499 0.695115712 0.562942528 2.59244615 3.3728502 5.18489229 7.77733844
0.552112776 1.86248168 0.695115712 0.562791194 2.59174923 3.37194348 5.18349845 7.77524768
0.552268961 2.47656585 0.695115712 0.562640028 2.59105308 3.37103778 5.18210617 7.77315925
0.552425146 2.32968728 0.701066123 0.562489032 2.59035772 3.3701331 5.18071544 7.77107317
0.55258133 1.84280035 0.703738503 0.562338206 2.58966314 3.36922942 5.17932628 7.76898942
0.552737515 1.27997117 0.704058495 0.562187548 2.58896934 3.36832676 5.17793867 7.76690801
0.5528937 0.60749272 0.704058495 0.562037059 2.58827631 3.36742511 5.17655262 7.76482893
0.553049884 0.156463542 0.704058495 0.561886739 2.58758406 3.36652448 5.17516812 7.76275218
0.553206069 0.00704088233 0.704058495 0.561736588 2.58689259 3.36562485 5.17378517 7.76067776
0.553362254 0.0995417294 0.704058495 0.561586605 2.58620189 3.36472623 5.17240378 7.75860567
0.553518438 0.141737083 0.704058495 0.56143679 2.58551197 3.36382863 5.17102394 7.75653591
0.553674623 0.0348851541 0.703738503 0.561287144 2.58482282 3.36293202 5.16964564 7.75446847
0.553830808 0.0517744087 0.704058495 0.561137666 2.58413445 3.36203643 5.1682689 7.75240335
0.553986992 0.515241598 0.705104809 0.560988355 2.58344685 3.36114184 5.1668937 7.75034055
0.554143177 1.09042126 0.705104809 0.560839213 2.58276002 3.36024826 5.16552004 7.74828007
0.554299361 1.16635882 0.705104809 0.560690238 2.58207397 3.35935568 5.16414793 7.7462219
0.554455546 0.666991712 0.704058495 0.56054143 2.58138868 3.35846411 5.16277737 7.74416605
0.554611731 0.239376862 0.703738503 0.56039279 2.58070417 3.35757353 5.16140834 7.74211251
0.554767915 0.633093932 0.701066123 0.560244317 2.58002043 3.35668396 5.16004085 7.74006128
0.5549241 1.58065607 0.701066123 0.560096011 2.57933745 3.35579539 5.1586749 7.73801236
0.555080285 2.10010407 0.701066123 0.559947872 2.57865525 3.35490783 5.15731049 7.73596574
0.555236469 1.71963074 0.701066123 0.5597999 2.57797381 3.35402126 5.15594762 7.73392143
0.555392654 0.805590101 0.701066123 0.559652095 2.57729314 3.35313568 5.15458628 7.73187942
0.555548839 0.140680593 0.701066123 0.559504456 2.57661324 3.35225111 5.15322648 7.72983971
0.555705023 0.246877925 0.703738503 0.559356983 2.5759341 3.35136753 5.1518682 7.7278023
0.555861208 1.04552027 0.704058495 0.559209677 2.57525573 3.35048495 5.15051146 7.72576719
0.556017393 1.98867153 0.70481075 0.559062536 2.57457812 3.34960337 5.14915625 7.72373437
0.556173577 2.40482351 0.705104809 0.558915562 2.57390128 3.34872277 5.14780256 7.72170385
0.556329762 2.06885267 0.707214477 0.558768753 2.5732252 3.34784318 5.14645041 7.71967561
0.556485947 1.32395015 0.710450215 0.55862211 2.57254989 3.34696457 5.14509978 7.71764966
0.556642131 0.837320633 0.711542768 0.558475633 2.57187533 3.34608696 5.14375067 7.715626
0.556798316 0.870011058 0.712490931 0.558329321 2.57120154 3.34521033 5.14240309 7.71360463
0.556954501 0.950781427 0.711542768 0.558183174 2.57052851 3.3443347 5.14105703 7.71158554
0.557110685 0.733730603 0.710450215 0.558037193 2.56985624 3.34346006 5.13971249 7.70956873
0.55726687 0.416513322 0.707214477 0.557891376 2.56918473 3.3425864 5.13836947 7.7075542
0.557423055 0.212634605 0.705104809 0.557745725 2.56851398 3.34171374 5.13702796 7.70554195
0.557579239 0.111269113 0.70481075 0.557600238 2.56784399 3.34084205 5.13568798 7.70353197
0.557735424 0.0816393976 0.70481075 0.557454915 2.56717476 3.33997136 5.13434951 7.70152427
0.557891609 0.343648785 0.70481075 0.557309757 2.56650628 3.33910165 5.13301256 7.69951883
0.558047793 0.82784487 0.70481075 0.557164763 2.56583856 3.33823293 5.13167711 7.69751567
0.558203978 1.07262011 0.704058495 0.557019934 2.56517159 3.33736519 5.13034319 7.69551478
0.558360163 0.849127421 0.703738503 0.556875268 2.56450538 3.33649843 5.12901077 7.69351615
0.558516347 0.637461259 0.704058495 0.556730767 2.56383993 3.33563265 5.12767986 7.69151979
0.558672532 1.08522368 0.704058495 0.556586429 2.56317523 3.33476786 5.12635046 7.68952569
0.558828717 1.60449699 0.704058495 0.556442255 2.56251128 3.33390404 5.12502256 7.68753385
0.558984901 1.36862477 0.703738503 0.556298244 2.56184809 3.33304121 5.12369618 7.68554426
0.559141086 0.507309455 0.703738503 0.556154397 2.56118565 3.33217935 5.12237129 7.68355694
0.559297271 0.104335436 0.703738503 0.556010713 2.56052396 3.33131847 5.12104791 7.68157187
0.559453455 0.475414202 0.703738503 0.555867192 2.55986302 3.33045857 5.11972604 7.67958905
0.55960964 0.648711765 0.703738503 0.555723833 2.55920283 3.32959965 5.11840566 7.67760849
0.559765825 0.174878734 0.701066123 0.555580638 2.55854339 3.3287417 5.11708678 7.67563017
0.559922009 0.148515903 0.695115712 0.555437606 2.5578847 3.32788472 5.1157694 7.6736541
0.560078194 1.61455014 0.694497819 0.555294736 2.55722676 3.32702872 5.11445352 7.67168028
0.560234379 3.58647704 0.691284436 0.555152028 2.55656957 3.32617369 5.11313914 7.6697087
0.560390563 3.91736248 0.691284436 0.555009483 2.55591312 3.32531964 5.11182624 7.66773937
0.560546748 2.10585459 0.694497819 0.554867099 2.55525742 3.32446655 5.11051485 7.66577227
0.560702933 0.361527447 0.695115712 0.554724878 2.55460247 3.32361444 5.10920494 7.66380741
0.560859117 0.294904357 0.695115712 0.554582819 2.55394826 3.3227633 5.10789653 7.66184479
0.561015302 1.22449317 0.695115712 0.554440921 2.5532948 3.32191312 5.1065896 7.6598844
0.561171487 1.48014049 0.694497819 0.554299185 2.55264208 3.32106392 5.10528417 7.65792625
0.561327671 0.716626828 0.694497819 0.554157611 2.55199011 3.32021568 5.10398022 7.65597033
0.561483856 0.103741922 0.694497819 0.554016198 2.55133888 3.31936841 5.10267775 7.65401663
0.561640041 0.128614445 0.694497819 0.553874946 2.55068839 3.3185221 5.10137678 7.65206517
0.561796225 0.327704785 0.694497819 0.553733855 2.55003864 3.31767676 5.10007728 7.65011592
0.56195241 0.302911434 0.691284436 0.553592926 2.54938964 3.31683239 5.09877927 7.64816891
0.562108595 0.281898042 0.689423841 0.553452157 2.54874137 3.31598897 5.09748274 7.64622411
0.562264779 0.348009354 0.688348454 0.553311548 2.54809385 3.31514653 5.09618769 7.64428154
0.562420964 0.241645521 0.688348454 0.553171101 2.54744706 3.31430504 5.09489412 7.64234118
0.562577149 0.0194297753 0.688348454 0.553030813 2.54680101 3.31346451 5.09360203 7.64040304
0.562733333 0.28742089 0.688348454 0.552890686 2.5461557 3.31262495 5.09231141 7.63846711
0.562889518 1.15261037 0.688348454 0.55275072 2.54551113 3.31178634 5.09102227 7.6365334
0.563045703 1.78501879 0.688348454 0.552610913 2.5448673 3.31094869 5.0897346 7.6346019
0.563201887 1.40257319 0.688348454 0.552471266 2.5442242 3.310112 5.08844841 7.63267261
0.563358072 0.534408997 0.687093105 0.552331779 2.54358184 3.30927627 5.08716368 7.63074552
0.563514256 0.0958643995 0.683049095 0.552192452 2.54294022 3.3084415 5.08588043 7.62882065
0.563670441 0.134904902 0.683049095 0.552053284 2.54229932 3.30760768 5.08459865 7.62689797
0.563826626 0.134301887 0.683049095 0.551914275 2.54165917 3.30677481 5.08331833 7.6249775
0.56398281 0.0821377098 0.687093105 0.551775426 2.54101974 3.3059429 5.08203948 7.62305923
0.564138995 0.36074335 0.687093105 0.551636736 2.54038105 3.30511195 5.0807621 7.62114315
0.56429518 0.797376785 0.683049095 0.551498205 2.53974309 3.30428194 5.07948618 7.61922927
0.564451364 0.802657167 0.682961546 0.551359833 2.53910586 3.30345289 5.07821173 7.61731759
0.564607549 0.428326766 0.682961546 0.55122162 2.53846937 3.30262479 5.07693874 7.6154081
0.564763734 0.328869177 0.682961546 0.551083565 2.5378336 3.30179764 5.07566721 7.61350081
0.564919918 0.582529064 0.682961546 0.550945669 2.53719857 3.30097144 5.07439713 7.6115957
0.565076103 0.724327855 0.682961546 0.550807931 2.53656426 3.30014619 5.07312852 7.60969278
0.565232288 0.840042361 0.682961546 0.550670351 2.53593068 3.29932189 5.07186137 7.60779205
0.565388472 1.60611581 0.682961546 0.550532929 2.53529783 3.29849853 5.07059567 7.6058935
0.565544657 2.80703965 0.682961546 0.550395666 2.53466571 3.29767612 5.06933142 7.60399713
0.565700842 3.05561677 0.682961546 0.55025856 2.53403432 3.29685466 5.06806863 7.60210295
0.565857026 2.26664048 0.682961546 0.550121612 2.53340365 3.29603414 5.0668073 7.60021094
0.566013211 1.65394598 0.682961546 0.549984822 2.53277371 3.29521456 5.06554741 7.59832112
0.566169396 1.92851591 0.682961546 0.549848189 2.53214449 3.29439593 5.06428898 7.59643346
0.56632558 2.46213098 0.682961546 0.549711714 2.53151599 3.29357824 5.06303199 7.59454798
0.566481765 1.90514172 0.682961546 0.549575395 2.53088823 3.2927615 5.06177645 7.59266468
0.56663795 0.713950693 0.682961546 0.549439234 2.53026118 3.29194569 5.06052236 7.59078354
0.566794134 0.344648941 0.670962552 0.54930323 2.52963486 3.29113083 5.05926972 7.58890458
0.566950319 1.07556036 0.670796032 0.549167383 2.52900926 3.2903169 5.05801852 7.58702778
0.567106504 1.59212435 0.670281581 0.549031692 2.52838438 3.28950392 5.05676876 7.58515314
0.567262688 1.23439342 0.670281581 0.548896158 2.52776022 3.28869187 5.05552045 7.58328067
0.567418873 0.65791799 0.670281581 0.548760781 2.52713679 3.28788076 5.05427357 7.58141036
0.567575058 0.435113098 0.670281581 0.54862556 2.52651407 3.28707059 5.05302814 7.57954221
0.567731242 0.417199373 0.670281581 0.548490495 2.52589207 3.28626135 5.05178415 7.57767622
0.567887427 0.252012361 0.670281581 0.548355586 2.5252708 3.28545305 5.05054159 7.57581239
0.568043612 0.137285688 0.670281581 0.548220833 2.52465024 3.28464569 5.04930047 7.57395071
0.568199796 0.242043028 0.667795277 0.548086236 2.52403039 3.28383925 5.04806079 7.57209118
0.568355981 0.286025932 0.666991712 0.547951795 2.52341127 3.28303375 5.04682254 7.57023381
0.568512166 0.123080557 0.662293975 0.547817509 2.52279286 3.28222919 5.04558572 7.56837859
0.56866835 0.0457477026 0.662293975 0.547683379 2.52217517 3.28142555 5.04435034 7.56652551
0.568824535 0.169233153 0.662293975 0.547549405 2.52155819 3.28062284 5.04311639 7.56467458
0.56898072 0.190188298 0.662293975 0.547415585 2.52094193 3.27982107 5.04188386 7.56282579
0.569136904 0.0930984489 0.662293975 0.547281921 2.52032638 3.27902022 5.04065277 7.56097915
0.569293089 0.41872701 0.662166763 0.547148411 2.51971155 3.27822031 5.0394231 7.55913465
0.569449274 1.40049449 0.659350949 0.547015057 2.51909743 3.27742132 5.03819486 7.55729229
0.569605458 2.40804343 0.659350949 0.546881857 2.51848402 3.27662326 5.03696805 7.55545207
0.569761643 2.51995361 0.659350949 0.546748812 2.51787133 3.27582612 5.03574265 7.55361398
0.569917828 1.59643476 0.659206048 0.546615921 2.51725934 3.27502991 5.03451869 7.55177803
0.570074012 0.51752661 0.658817221 0.546483185 2.51664807 3.27423463 5.03329614 7.54994421
0.570230197 0.152175199 0.65791799 0.546350603 2.51603751 3.27344027 5.03207501 7.54811252
0.570386382 0.667795277 0.656149799 0.546218175 2.51542765 3.27264683 5.03085531 7.54628296
0.570542566 1.43570049 0.655583641 0.546085901 2.51481851 3.27185432 5.02963702 7.54445553
0.570698751 1.60842445 0.656149799 0.545953781 2.51421008 3.27106272 5.02842015 7.54263023
0.570854936 0.972854687 0.65791799 0.545821815 2.51360235 3.27027205 5.0272047 7.54080705
0.57101112 0.922617078 0.65791799 0.545690002 2.51299533 3.2694823 5.02599066 7.53898599
0.571167305 2.53333902 0.65791799 0.545558344 2.51238902 3.26869347 5.02477804 7.53716705
0.57132349 4.46342496 0.65791799 0.545426838 2.51178341 3.26790556 5.02356683 7.53535024
0.571479674 4.842969 0.65791799 0.545295486 2.51117851 3.26711857 5.02235703 7.53353554
0.571635859 2.85134362 0.658817221 0.545164287 2.51057432 3.2663325 5.02114864 7.53172296
0.571792044 0.560732201 0.658817221 0.545033241 2.50997083 3.26554734 5.01994166 7.52991249
0.571948228 0.088957045 0.658817221 0.544902348 2.50936805 3.2647631 5.01873609 7.52810414
0.572104413 0.839236035 0.659206048 0.544771607 2.50876596 3.26397977 5.01753193 7.52629789
0.572260597 1.17207631 0.659350949 0.54464102 2.50816459 3.26319736 5.01632917 7.52449376
0.572416782 0.78184536 0.662166763 0.544510585 2.50756391 3.26241586 5.01512782 7.52269173
0.572572967 0.633756961 0.662166763 0.544380302 2.50696394 3.26163528 5.01392787 7.52089181
0.572729151 0.818605923 0.662166763 0.544250172 2.50636467 3.26085561 5.01272933 7.519094
0.572885336 0.754609478 0.659350949 0.544120194 2.50576609 3.26007685 5.01153219 7.51729828
0.573041521 0.262546375 0.662166763 0.543990368 2.50516822 3.259299 5.01033645 7.51550467
0.573197705 0.0647949204 0.662293975 0.543860694 2.50457105 3.25852207 5.00914211 7.51371316
0.57335389 0.462741653 0.662293975 0.543731172 2.50397458 3.25774604 5.00794917 7.51192375
0.573510075 1.00059576 0.662293975 0.543601802 2.50337881 3.25697092 5.00675762 7.51013643
0.573666259 1.40054924 0.662293975 0.543472583 2.50278374 3.25619671 5.00556747 7.50835121
0.573822444 1.94421158 0.662293975 0.543343516 2.50218936 3.25542341 5.00437872 7.50656808
0.573978629 2.20317477 0.666991712 0.5432146 2.50159568 3.25465102 5.00319136 7.50478705
0.574134813 1.63779648 0.667795277 0.543085836 2.5010027 3.25387953 5.0020054 7.5030081
0.574290998 0.589558459 0.6700369 0.542957223 2.50041041 3.25310895 5.00082083 7.50123124
0.574447183 0.190428089 0.6700369 0.54282876 2.49981882 3.25233927 4.99963765 7.49945647
0.574603367 0.853285467 0.6700369 0.542700449 2.49922793 3.2515705 4.99845586 7.49768378
0.574759552 1.38118029 0.670281581 0.542572289 2.49863773 3.25080263 4.99727545 7.49591318
0.574915737 1.01825506 0.670796032 0.542444279 2.49804822 3.25003566 4.99609644 7.49414466
0.575071921 0.398597511 0.670962552 0.542316419 2.49745941 3.2492696 4.99491881 7.49237822
0.575228106 0.502489621 0.670962552 0.542188711 2.49687129 3.24850444 4.99374257 7.49061386
0.575384291 1.25329832 0.670962552 0.542061152 2.49628386 3.24774018 4.99256771 7.48885157
0.575540475 1.91749255 0.670962552 0.541933744 2.49569712 3.24697681 4.99139424 7.48709136
0.57569666 2.13225666 0.670962552 0.541806486 2.49511108 3.24621435 4.99022215 7.48533323
0.575852845 1.99878991 0.670962552 0.541679378 2.49452572 3.24545279 4.98905144 7.48357716
0.576009029 1.36090527 0.670962552 0.54155242 2.49394106 3.24469212 4.98788211 7.48182317
0.576165214 0.670281581 0.682961546 0.541425611 2.49335708 3.24393235 4.98671417 7.48007125
0.576321399 1.21089858 0.683049095 0.541298953 2.4927738 3.24317348 4.9855476 7.47832139
0.576477583 3.10504001 0.687093105 0.541172443 2.4921912 3.24241551 4.9843824 7.4765736
0.576633768 4.65068093 0.688348454 0.541046083 2.49160929 3.24165843 4.98321859 7.47482788
0.576789953 3.85447085 0.687093105 0.540919873 2.49102807 3.24090224 4.98205614 7.47308422
0.576946137 1.58269401 0.683049095 0.540793812 2.49044754 3.24014695 4.98089508 7.47134261
0.577102322 0.122405902 0.682961546 0.540667899 2.48986769 3.23939255 4.97973538 7.46960307
0.577258507 0.258756934 0.682961546 0.540542136 2.48928853 3.23863905 4.97857706 7.46786559
0.577414691 0.833656664 0.682961546 0.540416522 2.48871005 3.23788643 4.97742011 7.46613016
0.577570876 0.786886422 0.682961546 0.540291056 2.48813226 3.23713471 4.97626453 7.46439679
0.577727061 0.514660107 0.682961546 0.540165739 2.48755516 3.23638388 4.97511031 7.46266547
0.577883245 0.635489072 0.683049095 0.540040571 2.48697873 3.23563393 4.97395747 7.4609362
0.57803943 0.753820829 0.687093105 0.53991555 2.486403 3.23488488 4.97280599 7.45920899
0.578195615 0.35587887 0.687093105 0.539790679 2.48582794 3.23413671 4.97165588 7.45748382
0.578351799 0.0260569448 0.683049095 0.539665955 2.48525357 3.23338944 4.97050713 7.4557607
0.578507984 0.480885258 0.682961546 0.539541379 2.48467987 3.23264305 4.96935975 7.45403962
0.578664169 1.22856509 0.681377447 0.539416952 2.48410686 3.23189754 4.96821373 7.45232059
0.578820353 1.17534779 0.670962552 0.539292672 2.48353453 3.23115292 4.96706907 7.4506036
0.578976538 0.399523926 0.670796032 0.53916854 2.48296289 3.23040919 4.96592577 7.44888866
0.579132723 0.0117462145 0.670796032 0.539044555 2.48239192 3.22966634 4.96478383 7.44717575
0.579288907 0.588439247 0.670796032 0.538920719 2.48182163 3.22892438 4.96364325 7.44546488
0.579445092 1.42846482 0.670796032 0.538797029 2.48125201 3.2281833 4.96250403 7.44375604
0.579601277 1.67065075 0.670796032 0.538673487 2.48068308 3.2274431 4.96136616 7.44204924
0.579757461 1.28629365 0.670962552 0.538550092 2.48011483 3.22670378 4.96022965 7.44034448
0.579913646 0.813433868 0.670962552 0.538426844 2.47954725 3.22596534 4.95909449 7.43864174
0.580069831 0.469373393 0.670962552 0.538303742 2.47898035 3.22522779 4.95796069 7.43694104
0.580226015 0.232624333 0.670796032 0.538180788 2.47841412 3.22449111 4.95682824 7.43524236
0.5803822 0.134352563 0.670796032 0.538057981 2.47784857 3.22375532 4.95569714 7.43354571
0.580538385 0.201064693 0.670796032 0.53793532 2.4772837 3.2230204 4.95456739 7.43185109
0.580694569 0.30531787 0.670796032 0.537812805 2.4767195 3.22228636 4.95343899 7.43015849
0.580850754 0.293594551 0.670796032 0.537690437 2.47615597 3.22155319 4.95231194 7.42846791
0.581006939 0.203063654 0.670796032 0.537568216 2.47559312 3.2208209 4.95118624 7.42677936
0.581163123 0.145071146 0.670796032 0.53744614 2.47503094 3.22008949 4.95006188 7.42509282
0.581319308 0.166567832 0.670796032 0.53732421 2.47446943 3.21935896 4.94893887 7.4234083
0.581475492 0.212973437 0.670796032 0.537202427 2.4739086 3.2186293 4.9478172 7.4217258
0.581631677 0.214820259 0.670796032 0.537080789 2.47334844 3.21790051 4.94669688 7.42004531
0.581787862 0.146391076 0.670796032 0.536959297 2.47278895 3.21717259 4.94557789 7.41836684
0.581944046 0.0427980419 0.670281581 0.536837951 2.47223013 3.21644555 4.94446025 7.41669038
0.582100231 0.00156499523 0.6700369 0.53671675 2.47167198 3.21571938 4.94334395 7.41501593
0.582256416 0.0840778808 0.667795277 0.536595695 2.4711145 3.21499408 4.94222899 7.41334349
0.5824126 0.219973051 0.667795277 0.536474785 2.47055768 3.21426965 4.94111537 7.41167305
0.582568785 0.347123157 0.667795277 0.53635402 2.47000154 3.21354609 4.94000308 7.41000462
0.58272497 0.59490739 0.667795277 0.5362334 2.46944607 3.2128234 4.93889213 7.4083382
0.582881154 1.01811554 0.667795277 0.536112925 2.46889126 3.21210158 4.93778252 7.40667378
0.583037339 1.32632452 0.667795277 0.535992595 2.46833712 3.21138063 4.93667424 7.40501136
0.583193524 1.13616762 0.667795277 0.53587241 2.46778365 3.21066055 4.93556729 7.40335094
0.583349708 0.514454791 0.667795277 0.535752369 2.46723084 3.20994133 4.93446168 7.40169252
0.583505893 0.168081294 0.666991712 0.535632473 2.4666787 3.20922297 4.93335739 7.40003609
0.583662078 0.541160594 0.666991712 0.535512722 2.46612722 3.20850549 4.93225444 7.39838166
0.583818262 1.10255062 0.666991712 0.535393115 2.46557641 3.20778886 4.93115282 7.39672923
0.583974447 1.02093954 0.666991712 0.535273652 2.46502626 3.20707311 4.93005252 7.39507879
0.584130632 0.362148462 0.662293975 0.535154333 2.46447678 3.20635821 4.92895356 7.39343033
0.584286816 0.0237886928 0.666991712 0.535035158 2.46392796 3.20564418 4.92785591 7.39178387
0.584443001 0.3455526 0.667795277 0.534916127 2.4633798 3.20493101 4.9267596 7.3901394
0.584599186 0.730712343 0.6700369 0.53479724 2.4628323 3.2042187 4.92566461 7.38849691
0.58475537 0.602034576 0.6700369 0.534678496 2.46228547 3.20350725 4.92457094 7.38685641
0.584911555 0.26420945 0.667795277 0.534559896 2.4617393 3.20279667 4.9234786 7.38521789
0.58506774 0.368970137 0.667795277 0.53444144 2.46119379 3.20208694 4.92238757 7.38358136
0.585223924 0.810011443 0.667795277 0.534323127 2.46064893 3.20137807 4.92129787 7.3819468
0.585380109 0.887485932 0.667795277 0.534204957 2.46010474 3.20067006 4.92020949 7.38031423
0.585536294 0.426227653 0.667795277 0.534086931 2.45956121 3.19996291 4.91912242 7.37868363
0.585692478 0.136963026 0.667795277 0.533969047 2.45901834 3.19925662 4.91803667 7.37705501
0.585848663 0.775694257 0.667795277 0.533851307 2.45847612 3.19855118 4.91695224 7.37542836
0.586004848 2.05464275 0.666991712 0.533733709 2.45793456 3.19784659 4.91586913 7.37380369
0.586161032 3.11059267 0.662293975 0.533616254 2.45739366 3.19714287 4.91478733 7.37218099
0.586317217 3.25748007 0.662166763 0.533498942 2.45685342 3.19644 4.91370684 7.37056026
0.586473402 2.72070095 0.659520401 0.533381772 2.45631383 3.19573798 4.91262767 7.3689415
0.586629586 2.13065621 0.659520401 0.533264745 2.4557749 3.19503681 4.91154981 7.36732471
0.586785771 1.55407837 0.659350949 0.53314786 2.45523663 3.1943365 4.91047326 7.36570988
0.586941956 1.20530217 0.659350949 0.533031117 2.45469901 3.19363704 4.90939801 7.36409702
0.58709814 1.14472579 0.659350949 0.532914516 2.45416204 3.19293843 4.90832408 7.36248612
0.587254325 1.40618458 0.659520401 0.532798058 2.45362573 3.19224067 4.90725146 7.36087719
0.58741051 1.84834594 0.659520401 0.532681741 2.45309007 3.19154376 4.90618014 7.35927021
0.587566694 2.19482541 0.659520401 0.532565566 2.45255507 3.19084771 4.90511013 7.3576652
0.587722879 2.20949682 0.662166763 0.532449533 2.45202071 3.1901525 4.90404143 7.35606214
0.587879064 1.58063533 0.662293975 0.532333641 2.45148701 3.18945814 4.90297403 7.35446104
0.588035248 0.585442642 0.666991712 0.532217891 2.45095396 3.18876463 4.90190793 7.35286189
0.588191433 0.01700435 0.667795277 0.532102282 2.45042157 3.18807196 4.90084313 7.3512647
0.588347618 0.238367303 0.6700369 0.531986815 2.44988982 3.18738014 4.89977964 7.34966946
0.588503802 0.683049095 0.670281581 0.531871489 2.44935872 3.18668917 4.89871745 7.34807617
0.588659987 0.639759007 0.670281581 0.531756304 2.44882828 3.18599904 4.89765655 7.34648483
0.588816172 0.195362212 0.670796032 0.531641259 2.44829848 3.18530976 4.89659696 7.34489543
0.588972356 0.00412671338 0.670796032 0.531526356 2.44776933 3.18462132 4.89553866 7.34330799
0.589128541 0.187220362 0.670796032 0.531411594 2.44724083 3.18393372 4.89448166 7.34172249
0.589284726 0.230777793 0.670796032 0.531296972 2.44671298 3.18324697 4.89342595 7.34013893
0.58944091 0.0437577616 0.681377447 0.531182491 2.44618577 3.18256106 4.89237154 7.33855731
0.589597095 0.261021625 0.681377447 0.53106815 2.44565921 3.18187599 4.89131842 7.33697764
0.58975328 1.10144207 0.681377447 0.53095395 2.4451333 3.18119177 4.8902666 7.3353999
0.589909464 1.6836028 0.681377447 0.53083989 2.44460803 3.18050838 4.88921607 7.3338241
0.590065649 1.20094887 0.681377447 0.53072597 2.44408341 3.17982583 4.88816683 7.33225024
0.590221833 0.250574667 0.681377447 0.53061219 2.44355944 3.17914413 4.88711888 7.33067832
0.590378018 0.0755451788 0.670796032 0.530498551 2.44303611 3.17846326 4.88607222 7.32910833
0.590534203 0.84719882 0.670796032 0.530385051 2.44251342 3.17778323 4.88502684 7.32754027
0.590690387 1.38305411 0.670796032 0.530271691 2.44199138 3.17710403 4.88398276 7.32597414
0.590846572 0.959129612 0.670796032 0.53015847 2.44146998 3.17642568 4.88293996 7.32440994
0.591002757 0.24957225 0.670796032 0.530045389 2.44094922 3.17574816 4.88189845 7.32284767
0.591158941 0.192002793 0.670796032 0.529932448 2.44042911 3.17507147 4.88085822 7.32128733
0.591315126 0.514402952 0.670281581 0.529819646 2.43990964 3.17439562 4.87981927 7.31972891
0.591471311 0.430024122 0.6700369 0.529706983 2.43939081 3.17372061 4.87878161 7.31817242
0.591627495 0.134196224 0.667795277 0.52959446 2.43887262 3.17304643 4.87774523 7.31661785
0.59178368 0.522831686 0.666991712 0.529482075 2.43835507 3.17237308 4.87671013 7.3150652
0.591939865 1.53831557 0.662293975 0.52936983 2.43783816 3.17170057 4.87567631 7.31351447
0.592096049 2.02819119 0.662166763 0.529257723 2.43732189 3.17102888 4.87464377 7.31196566
0.592252234 1.44585735 0.659520401 0.529145755 2.43680626 3.17035803 4.87361251 7.31041877
0.592408419 0.45981402 0.659520401 0.529033926 2.43629126 3.16968801 4.87258253 7.30887379
0.592564603 0.0705839157 0.659520401 0.528922235 2.43577691 3.16901882 4.87155382 7.30733073
0.592720788 0.354721738 0.659520401 0.528810683 2.43526319 3.16835046 4.87052639 7.30578958
0.592876973 0.631135506 0.659520401 0.52869927 2.43475011 3.16768293 4.86950023 7.30425034
0.593033157 0.499732871 0.659520401 0.528587994 2.43423767 3.16701623 4.86847534 7.30271302
0.593189342 0.241716438 0.659520401 0.528476857 2.43372587 3.16635035 4.86745173 7.3011776
0.593345527 0.292858599 0.659520401 0.528365858 2.4332147 3.16568531 4.86642939 7.29964409
0.593501711 0.802686444 0.659520401 0.528254997 2.43270416 3.16502109 4.86540833 7.29811249
0.593657896 1.70670175 0.659520401 0.528144274 2.43219426 3.16435769 4.86438853 7.29658279
0.593814081 2.7568402 0.659520401 0.528033689 2.431685 3.16369512 4.86337 7.295055
0.593970265 3.45991261 0.659520401 0.527923241 2.43117637 3.16303338 4.86235274 7.29352911
0.59412645 3.31437998 0.662166763 0.527812931 2.43066837 3.16237246 4.86133675 7.29200512
0.594282635 2.40059695 0.662293975 0.527702758 2.43016101 3.16171237 4.86032202 7.29048303
0.594438819 1.37408182 0.666991712 0.527592723 2.42965428 3.1610531 4.85930856 7.28896284
0.594595004 0.772902797 0.666991712 0.527482825 2.42914818 3.16039465 4.85829636 7.28744454
0.594751189 0.515273295 0.666991712 0.527373065 2.42864271 3.15973702 4.85728543 7.28592814
0.594907373 0.403240137 0.662293975 0.527263441 2.42813788 3.15908022 4.85627576 7.28441364
0.595063558 0.889642737 0.662166763 0.527153955 2.42763368 3.15842423 4.85526735 7.28290103
0.595219743 2.31645643 0.659520401 0.527044605 2.4271301 3.15776907 4.85426021 7.28139031
0.595375927 3.9281761 0.659520401 0.526935393 2.42662716 3.15711472 4.85325432 7.27988148
0.595532112 4.14770248 0.662166763 0.526826317 2.42612485 3.1564612 4.8522497 7.27837454
0.595688297 2.40863904 0.662293975 0.526717378 2.42562316 3.15580849 4.85124633 7.27686949
0.595844481 0.638393921 0.666991712 0.526608575 2.42512211 3.15515661 4.85024422 7.27536633
0.596000666 0.736648364 0.666991712 0.526499909 2.42462168 3.15450554 4.84924337 7.27386505
0.596156851 2.1464496 0.662293975 0.526391379 2.42412188 3.15385528 4.84824377 7.27236565
0.596313035 2.79401237 0.662293975 0.526282985 2.42362271 3.15320585 4.84724543 7.27086814
0.59646922 1.88880149 0.662293975 0.526174728 2.42312417 3.15255723 4.84624834 7.26937251
0.596625405 0.694497819 0.666991712 0.526066606 2.42262625 3.15190942 4.8452525 7.26787876
0.596781589 0.146792761 0.667795277 0.525958621 2.42212896 3.15126243 4.84425792 7.26638688
0.596937774 0.077754303 0.6700369 0.525850772 2.4216323 3.15061626 4.84326459 7.26489689
0.597093959 0.153468158 0.670281581 0.525743058 2.42113626 3.14997089 4.84227251 7.26340877
0.597250143 0.5978841 0.670796032 0.52563548 2.42064084 3.14932634 4.84128168 7.26192252
0.597406328 1.50642138 0.681377447 0.525528038 2.42014605 3.14868261 4.8402921 7.26043815
0.597562513 2.07882417 0.682961546 0.525420731 2.41965188 3.14803968 4.83930377 7.25895565
0.597718697 1.56968862 0.683049095 0.525313559 2.41915834 3.14739757 4.83831668 7.25747502
0.597874882 0.523672533 0.683049095 0.525206523 2.41866542 3.14675626 4.83733084 7.25599627
0.598031067 0.150371888 0.683049095 0.525099622 2.41817313 3.14611577 4.83634625 7.25451938
0.598187251 0.507953219 0.683049095 0.524992857 2.41768145 3.14547609 4.8353629 7.25304435
0.598343436 0.718416927 0.683049095 0.524886226 2.4171904 3.14483721 4.8343808 7.2515712
0.598499621 0.463183008 0.685479475 0.52477973 2.41669997 3.14419915 4.83339994 7.2500999
0.598655805 0.330487661 0.687093105 0.524673369 2.41621016 3.14356189 4.83242032 7.24863047
0.59881199 0.618761917 0.687093105 0.524567143 2.41572097 3.14292544 4.83144194 7.24716291
0.598968175 0.805305813 0.687093105 0.524461052 2.4152324 3.1422898 4.8304648 7.2456972
0.599124359 0.542440414 0.685479475 0.524355095 2.41474445 3.14165496 4.8294889 7.24423335
0.599280544 0.159471653 0.687093105 0.524249273 2.41425712 3.14102093 4.82851424 7.24277136
0.599436728 0.0332819716 0.688348454 0.524143585 2.41377041 3.1403877 4.82754082 7.24131123
0.599592913 0.0825808765 0.689423841 0.524038031 2.41328432 3.13975528 4.82656863 7.23985295
0.599749098 0.225805038 0.689423841 0.523932612 2.41279884 3.13912367 4.82559768 7.23839653
0.599905282 0.550041647 0.689423841 0.523827326 2.41231399 3.13849285 4.82462797 7.23694196
0.600061467 0.799204803 0.689423841 0.523722175 2.41182975 3.13786284 4.82365949 7.23548924
0.600217652 0.593596233 0.689423841 0.523617158 2.41134612 3.13723364 4.82269225 7.23403837
0.600373836 0.183224575 0.689423841 0.523512274 2.41086312 3.13660523 4.82172623 7.23258935
0.600530021 0.127618818 0.688348454 0.523407524 2.41038073 3.13597763 4.82076145 7.23114218
0.600686206 0.423379166 0.687093105 0.523302908 2.40989895 3.13535082 4.8197979 7.22969686
0.60084239 0.486633463 0.685479475 0.523198426 2.40941779 3.13472482 4.81883558 7.22825338
0.600998575 0.359532784 0.683049095 0.523094077 2.40893725 3.13409962 4.8178745 7.22681174
0.60115476 0.772336913 0.682961546 0.522989861 2.40845732 3.13347521 4.81691463 7.22537195
0.601310944 1.70359595 0.681377447 0.522885779 2.407978 3.13285161 4.815956 7.223934
0.601467129 1.99021133 0.681377447 0.52278183 2.4074993 3.1322288 4.81499859 7.22249789
0.601623314 1.13226993 0.681377447 0.522678014 2.40702121 3.13160679 4.81404241 7.22106362
0.601779498 0.221411295 0.681377447 0.522574331 2.40654373 3.13098558 4.81308746 7.21963119
0.601935683 0.344540134 0.670796032 0.522470781 2.40606686 3.13036516 4.81213373 7.21820059
0.602091868 0.894228588 0.670281581 0.522367364 2.40559061 3.12974554 4.81118122 7.21677183
0.602248052 0.770475271 0.6700369 0.52226408 2.40511497 3.12912672 4.81022994 7.21534491
0.602404237 0.163481576 0.667795277 0.522160928 2.40463994 3.12850869 4.80927988 7.21391981
0.602560422 0.0731574596 0.666991712 0.522057909 2.40416552 3.12789145 4.80833104 7.21249655
0.602716606 0.419108226 0.667795277 0.521955022 2.40369171 3.12727501 4.80738341 7.21107512
0.602872791 0.354971656 0.667795277 0.521852268 2.40321851 3.12665936 4.80643701 7.20965552
0.603028976 0.0896838148 0.666991712 0.521749646 2.40274592 3.12604451 4.80549183 7.20823775
0.60318516 0.584890456 0.662583233 0.521647157 2.40227393 3.12543045 4.80454787 7.2068218
0.603341345 1.52016843 0.662293975 0.521544799 2.40180256 3.12481717 4.80360512 7.20540768
0.60349753 1.56297283 0.662166763 0.521442574 2.40133179 3.12420469 4.80266359 7.20399538
0.603653714 0.705104809 0.662166763 0.52134048 2.40086164 3.123593 4.80172327 7.20258491
0.603809899 0.470300601 0.662166763 0.521238519 2.40039209 3.12298211 4.80078417 7.20117626
0.603966084 1.47110537 0.659520401 0.521136689 2.39992314 3.122372 4.79984628 7.19976943
0.604122268 2.34088769 0.659350949 0.521034991 2.39945481 3.12176267 4.79890961 7.19836442
0.604278453 1.82592158 0.65791799 0.520933424 2.39898707 3.12115414 4.79797415 7.19696122
0.604434638 0.774446842 0.656149799 0.520831989 2.39851995 3.1205464 4.7970399 7.19555985
0.604590822 0.597667912 0.656149799 0.520730686 2.39805343 3.11993944 4.79610686 7.19416029
0.604747007 1.05411753 0.656149799 0.520629514 2.39758751 3.11933327 4.79517503 7.19276254
0.604903192 1.11872809 0.655583641 0.520528473 2.3971222 3.11872789 4.79424441 7.19136661
0.605059376 0.659350949 0.648711765 0.520427563 2.3966575 3.11812329 4.79331499 7.18997249
0.605215561 0.433349471 0.647532896 0.520326784 2.39619339 3.11751948 4.79238679 7.18858018
0.605371746 0.591248454 0.647532896 0.520226137 2.39572989 3.11691645 4.79145979 7.18718968
0.60552793 0.517521297 0.647532896 0.52012562 2.395267 3.11631421 4.790534 7.18580099
0.605684115 0.130861811 0.647532896 0.520025234 2.3948047 3.11571275 4.78960941 7.18441411
0.6058403 0.0934808681 0.648711765 0.519924979 2.39434301 3.11511208 4.78868602 7.18302903
0.605996484 0.580937271 0.648711765 0.519824854 2.39388192 3.11451219 4.78776384 7.18164576
0.606152669 1.04074683 0.648711765 0.51972486 2.39342143 3.11391308 4.78684286 7.1802643
0.606308854 1.25745597 0.648711765 0.519624997 2.39296154 3.11331475 4.78592309 7.17888463
0.606465038 1.59239992 0.647532896 0.519525264 2.39250226 3.1127172 4.78500451 7.17750677
0.606621223 2.0489245 0.647111173 0.519425661 2.39204357 3.11212043 4.78408714 7.17613071
0.606777408 1.98327871 0.647111173 0.519326189 2.39158548 3.11152445 4.78317096 7.17475644
0.606933592 1.0286904 0.647111173 0.519226846 2.39112799 3.11092924 4.78225598 7.17338398
0.607089777 0.0808724677 0.647111173 0.519127634 2.3906711 3.11033481 4.7813422 7.17201331
0.607245962 0.372051297 0.647111173 0.519028552 2.39021481 3.10974117 4.78042962 7.17064443
0.607402146 1.90306954 0.647111173 0.518929599 2.38975912 3.1091483 4.77951824 7.16927736
0.607558331 3.3910568 0.647111173 0.518830776 2.38930402 3.1085562 4.77860805 7.16791207
0.607714516 3.48503395 0.643448721 0.518732083 2.38884953 3.10796489 4.77769905 7.16654858
0.6078707 2.21696206 0.640955653 0.51863352 2.38839562 3.10737435 4.77679125 7.16518687
0.608026885 0.877982041 0.64053342 0.518535086 2.38794232 3.10678459 4.77588464 7.16382696
0.608183069 0.51369466 0.639759007 0.518436782 2.38748961 3.1061956 4.77497922 7.16246884
0.608339254 0.895300999 0.638393921 0.518338607 2.3870375 3.10560739 4.774075 7.1611125
0.608495439 0.984598646 0.637461259 0.518240561 2.38658598 3.10501995 4.77317197 7.15975795
0.608651623 0.509268267 0.635489072 0.518142645 2.38613506 3.10443329 4.77227012 7.15840518
0.608807808 0.440968674 0.637461259 0.518044858 2.38568473 3.1038474 4.77136947 7.1570542
0.608963993 1.38930298 0.638393921 0.517947199 2.385235 3.10326228 4.77047 7.155705
0.609120177 2.41871572 0.639759007 0.51784967 2.38478586 3.10267794 4.76957172 7.15435758
0.609276362 2.15719584 0.64053342 0.51775227 2.38433732 3.10209437 4.76867463 7.15301195
0.609432547 0.854873229 0.640955653 0.517654998 2.38388936 3.10151157 4.76777873 7.15166809
0.609588731 0.0996858093 0.643448721 0.517557855 2.383442 3.10092954 4.76688401 7.15032601
0.609744916 0.430520994 0.647111173 0.517460841 2.38299524 3.10034828 4.76599047 7.14898571
0.609901101 0.750105941 0.647532896 0.517363955 2.38254906 3.09976779 4.76509812 7.14764718
0.610057285 0.538983466 0.648711765 0.517267198 2.38210348 3.09918808 4.76420695 7.14631043
0.61021347 0.717180481 0.648711765 0.517170569 2.38165848 3.09860913 4.76331697 7.14497545
0.610369655 1.83344445 0.648711765 0.517074068 2.38121408 3.09803095 4.76242816 7.14364225
0.610525839 2.92885056 0.647532896 0.516977696 2.38077027 3.09745353 4.76154054 7.14231081
0.610682024 2.75781567 0.647111173 0.516881451 2.38032705 3.09687689 4.7606541 7.14098115
0.610838209 1.65812326 0.643448721 0.516785335 2.37988442 3.09630101 4.75976883 7.13965325
0.610994393 0.8266927 0.640955653 0.516689347 2.37944237 3.0957259 4.75888475 7.13832712
0.611150578 0.689423841 0.640955653 0.516593486 2.37900092 3.09515156 4.75800184 7.13700276
0.611306763 0.632210586 0.640955653 0.516497753 2.37856006 3.09457798 4.75712011 7.13568017
0.611462947 0.285747496 0.64053342 0.516402149 2.37811978 3.09400517 4.75623956 7.13435934
0.611619132 0.274387968 0.639759007 0.516306671 2.37768009 3.09343312 4.75536018 7.13304027
0.611775317 0.729937886 0.639759007 0.516211322 2.37724099 3.09286183 4.75448198 7.13172296
0.611931501 0.863981432 0.639759007 0.516116099 2.37680247 3.09229131 4.75360495 7.13040742
0.612087686 0.378617811 0.638393921 0.516021004 2.37636454 3.09172155 4.75272909 7.12909363
0.612243871 0.128450137 0.638393921 0.515926037 2.3759272 3.09115256 4.75185441 7.12778161
0.612400055 0.703738503 0.638393921 0.515831196 2.37549045 3.09058433 4.75098089 7.12647134
0.61255624 1.39984786 0.638393921 0.515736483 2.37505428 3.09001686 4.75010855 7.12516283
0.612712425 1.26495679 0.638393921 0.515641897 2.37461869 3.08945015 4.74923738 7.12385607
0.612868609 0.418740632 0.638393921 0.515547438 2.37418369 3.0888842 4.74836738 7.12255107
0.613024794 0.0660566861 0.639759007 0.515453106 2.37374928 3.08831901 4.74749855 7.12124783
0.613180979 0.76415877 0.64053342 0.5153589 2.37331544 3.08775458 4.74663089 7.11994633
0.613337163 1.73441678 0.640955653 0.515264822 2.37288219 3.08719091 4.74576439 7.11864658
0.613493348 2.03912768 0.643448721 0.51517087 2.37244953 3.086628 4.74489906 7.11734859
0.613649533 1.60327422 0.643448721 0.515077044 2.37201745 3.08606585 4.7440349 7.11605234
0.613805717 0.974145374 0.643448721 0.514983345 2.37158595 3.08550446 4.7431719 7.11475785
0.613961902 0.50877308 0.640955653 0.514889773 2.37115503 3.08494382 4.74231006 7.11346509
0.614118087 0.234879709 0.640955653 0.514796327 2.3707247 3.08438394 4.74144939 7.11217409
0.614274271 0.0694491262 0.64053342 0.514703007 2.37029494 3.08382482 4.74058988 7.11088483
0.614430456 0.0013699319 0.639759007 0.514609813 2.36986577 3.08326645 4.73973154 7.10959731
0.614586641 0.0640694047 0.638393921 0.514516746 2.36943718 3.08270884 4.73887435 7.10831153
0.614742825 0.268514658 0.637461259 0.514423804 2.36900917 3.08215198 4.73801833 7.1070275
0.61489901 0.603946601 0.635489072 0.514330989 2.36858173 3.08159588 4.73716347 7.1057452
0.615055195 0.972776441 0.633756961 0.514238299 2.36815488 3.08104054 4.73630976 7.10446465
0.615211379 1.12636634 0.633756961 0.514145735 2.36772861 3.08048594 4.73545722 7.10318583
0.615367564 0.861879635 0.635489072 0.514053297 2.36730292 3.0799321 4.73460583 7.10190875
0.615523749 0.387196778 0.637461259 0.513960984 2.3668778 3.07937901 4.7337556 7.1006334
0.615679933 0.229802784 0.637461259 0.513868797 2.36645326 3.07882668 4.73290653 7.09935979
0.615836118 0.615857878 0.635489072 0.513776735 2.3660293 3.0782751 4.73205861 7.09808791
0.615992303 1.02153742 0.633756961 0.513684799 2.36560592 3.07772426 4.73121185 7.09681777
0.616148487 0.810893375 0.635489072 0.513592989 2.36518312 3.07717418 4.73036624 7.09554936
0.616304672 0.219876737 0.637461259 0.513501303 2.36476089 3.07662485 4.72952178 7.09428267
0.616460857 0.0720584782 0.638393921 0.513409743 2.36433924 3.07607627 4.72867848 7.09301772
0.616617041 0.540934545 0.639759007 0.513318307 2.36391816 3.07552844 4.72783633 7.09175449
0.616773226 0.794108516 0.639759007 0.513226997 2.36349766 3.07498136 4.72699533 7.09049299
0.616929411 0.349072501 0.639759007 0.513135812 2.36307774 3.07443502 4.72615548 7.08923322
0.617085595 0.0455837661 0.639759007 0.513044751 2.36265839 3.07388944 4.72531678 7.08797517
0.61724178 0.825420394 0.639759007 0.512953815 2.36223962 3.0733446 4.72447923 7.08671885
0.617397964 2.09038319 0.639759007 0.512863004 2.36182142 3.07280051 4.72364283 7.08546425
0.617554149 2.28584428 0.638393921 0.512772318 2.36140379 3.07225716 4.72280758 7.08421137
0.617710334 1.26360213 0.637461259 0.512681756 2.36098674 3.07171456 4.72197347 7.08296021
0.617866518 0.704058495 0.637461259 0.512591319 2.36057026 3.07117271 4.72114052 7.08171077
0.618022703 1.6409436 0.638393921 0.512501006 2.36015435 3.07063161 4.7203087 7.08046305
0.618178888 3.1518217 0.639759007 0.512410817 2.35973902 3.07009124 4.71947803 7.07921705
0.618335072 3.5226339 0.64053342 0.512320752 2.35932425 3.06955163 4.71864851 7.07797276
0.618491257 2.38054222 0.640955653 0.512230812 2.35891006 3.06901275 4.71782013 7.07673019
0.618647442 0.927097276 0.640955653 0.512140996 2.35849645 3.06847462 4.71699289 7.07548934
0.618803626 0.132135789 0.640955653 0.512051304 2.3580834 3.06793723 4.7161668 7.07425019
0.618959811 0.0281337782 0.64053342 0.511961736 2.35767092 3.06740059 4.71534184 7.07301276
0.619115996 0.285782588 0.639759007 0.511872291 2.35725901 3.06686469 4.71451803 7.07177704
0.61927218 0.618652931 0.639759007 0.511782971 2.35684768 3.06632953 4.71369536 7.07054304
0.619428365 0.707214477 0.639759007 0.511693774 2.35643691 3.06579511 4.71287382 7.06931074
0.61958455 0.405401055 0.639759007 0.511604701 2.35602671 3.06526143 4.71205343 7.06808014
0.619740734 0.178448874 0.639759007 0.511515751 2.35561709 3.06472849 4.71123417 7.06685126
0.619896919 0.64053342 0.639759007 0.511426925 2.35520803 3.06419629 4.71041605 7.06562408
0.620053104 1.55143762 0.639759007 0.511338222 2.35479954 3.06366483 4.70959907 7.06439861
0.620209288 1.93158192 0.639759007 0.511249643 2.35439161 3.06313411 4.70878322 7.06317484
0.620365473 1.31107374 0.64053342 0.511161187 2.35398426 3.06260413 4.70796851 7.06195277
0.620521658 0.327989325 0.640955653 0.511072854 2.35357747 3.06207488 4.70715494 7.06073241
0.620677842 0.0216083073 0.643448721 0.510984644 2.35317125 3.06154638 4.70634249 7.05951374
0.620834027 0.611165012 0.646228077 0.510896557 2.35276559 3.06101861 4.70553118 7.05829678
0.620990212 1.34849113 0.646228077 0.510808593 2.3523605 3.06049158 4.70472101 7.05708151
0.621146396 1.41057473 0.643448721 0.510720752 2.35195598 3.05996528 4.70391196 7.05586794
0.621302581 0.752605961 0.640955653 0.510633034 2.35155202 3.05943972 4.70310405 7.05465607
0.621458766 0.109179415 0.64053342 0.510545439 2.35114863 3.0589149 4.70229727 7.0534459
0.62161495 0.067072058 0.639759007 0.510457966 2.35074581 3.05839081 4.70149161 7.05223742
0.621771135 0.468743172 0.638393921 0.510370616 2.35034354 3.05786745 4.70068709 7.05103063
0.62192732 0.719725197 0.638393921 0.510283388 2.34994185 3.05734483 4.69988369 7.04982554
0.622083504 0.60348487 0.638393921 0.510196283 2.34954071 3.05682294 4.69908142 7.04862214
0.622239689 0.514508073 0.638393921 0.5101093 2.34914014 3.05630179 4.69828028 7.04742042
0.622395874 0.759973179 0.638393921 0.51002244 2.34874013 3.05578137 4.69748027 7.0462204
0.622552058 0.956671583 0.638393921 0.509935702 2.34834069 3.05526168 4.69668138 7.04502207
0.622708243 0.687093105 0.637461259 0.509849086 2.34794181 3.05474272 4.69588362 7.04382543
0.622864428 0.2807207 0.635489072 0.509762592 2.34754349 3.0542245 4.69508698 7.04263047
0.623020612 0.256970006 0.635489072 0.50967622 2.34714573 3.053707 4.69429146 7.04143719
0.623176797 0.503980051 0.635489072 0.50958997 2.34674854 3.05319024 4.69349707 7.04024561
0.623332982 0.481820846 0.635489072 0.509503841 2.3463519 3.0526742 4.6927038 7.0390557
0.623489166 0.157401402 0.635489072 0.509417835 2.34595583 3.0521589 4.69191165 7.03786748
0.623645351 0.0514297587 0.635489072 0.50933195 2.34556031 3.05164432 4.69112063 7.03668094
0.623801536 0.39453381 0.633756961 0.509246187 2.34516536 3.05113048 4.69033072 7.03549608
0.62395772 0.77926654 0.633093932 0.509160546 2.34477097 3.05061736 4.68954193 7.0343129
0.624113905 0.807879047 0.632210586 0.509075026 2.34437713 3.05010497 4.68875426 7.0331314
0.62427009 0.573304471 0.631135506 0.508989628 2.34398386 3.04959331 4.68796772 7.03195157
0.624426274 0.360778939 0.631135506 0.50890435 2.34359114 3.04908237 4.68718228 7.03077343
0.624582459 0.255740101 0.631135506 0.508819195 2.34319899 3.04857217 4.68639797 7.02959696
0.624738644 0.559682381 0.631135506 0.50873416 2.34280739 3.04806268 4.68561477 7.02842216
0.624894828 1.61410983 0.62884659 0.508649247 2.34241635 3.04755393 4.68483269 7.02724904
0.625051013 2.84211416 0.621488975 0.508564454 2.34202586 3.0470459 4.68405172 7.02607759
0.625207198 3.04831958 0.618761917 0.508479783 2.34163594 3.04653859 4.68327187 7.02490781
0.625363382 2.06137416 0.618761917 0.508395232 2.34124657 3.04603201 4.68249313 7.0237397
0.625519567 0.985282086 0.618761917 0.508310803 2.34085775 3.04552615 4.68171551 7.02257326
0.625675752 0.531166343 0.618652931 0.508226494 2.3404695 3.04502102 4.680939 7.02140849
0.625831936 0.443984 0.615857878 0.508142306 2.3400818 3.04451661 4.6801636 7.02024539
0.625988121 0.312131557 0.611165012 0.508058239 2.33969465 3.04401292 4.67938931 7.01908396
0.626144306 0.736072619 0.60749272 0.507974292 2.33930806 3.04350996 4.67861613 7.01792419
0.62630049 1.99255334 0.60741675 0.507890466 2.33892203 3.04300772 4.67784406 7.01676609
0.626456675 2.90308478 0.606474519 0.50780676 2.33853655 3.0425062 4.6770731 7.01560965
0.626612859 2.28865734 0.603946601 0.507723174 2.33815162 3.0420054 4.67630325 7.01445487
0.626769044 0.972524554 0.60356983 0.507639709 2.33776725 3.04150532 4.67553451 7.01330176
0.626925229 0.647532896 0.60348487 0.507556364 2.33738344 3.04100596 4.67476687 7.01215031
0.627081413 1.23454244 0.60348487 0.507473139 2.33700017 3.04050732 4.67400034 7.01100051
0.627237598 1.28952723 0.60348487 0.507390035 2.33661746 3.0400094 4.67323492 7.00985238
0.627393783 0.526118177 0.602034576 0.50730705 2.3362353 3.0395122 4.6724706 7.00870591
0.627549967 0.380587973 0.602034576 0.507224185 2.3358537 3.03901572 4.67170739 7.00756109
0.627706152 1.36631275 0.602034576 0.50714144 2.33547264 3.03851996 4.67094528 7.00641793
0.627862337 2.04924003 0.602034576 0.507058815 2.33509214 3.03802492 4.67018428 7.00527642
0.628018521 1.45701025 0.602034576 0.50697631 2.33471219 3.03753059 4.66942438 7.00413657
0.628174706 0.809809075 0.5978841 0.506893925 2.33433279 3.03703698 4.66866558 7.00299837
0.628330891 1.53119154 0.597667912 0.506811659 2.33395394 3.03654409 4.66790788 7.00186182
0.628487075 2.63268638 0.597667912 0.506729512 2.33357564 3.03605191 4.66715128 7.00072693
0.62864326 2.3313026 0.597667912 0.506647485 2.33319789 3.03556045 4.66639579 6.99959368
0.628799445 0.927839412 0.5978841 0.506565578 2.3328207 3.0350697 4.66564139 6.99846209
0.628955629 0.393498383 0.602034576 0.50648379 2.33244405 3.03457967 4.6648881 6.99733214
0.629111814 1.37852427 0.60348487 0.506402121 2.33206795 3.03409035 4.6641359 6.99620385
0.629267999 2.39303155 0.60348487 0.506320571 2.3316924 3.03360175 4.6633848 6.99507719
0.629424183 2.07064526 0.60348487 0.50623914 2.3313174 3.03311386 4.66263479 6.99395219
0.629580368 1.06189979 0.60348487 0.506157829 2.33094294 3.03262669 4.66188589 6.99282883
0.629736553 0.59074434 0.60348487 0.506076636 2.33056904 3.03214023 4.66113808 6.99170711
0.629892737 0.581322159 0.60348487 0.505995563 2.33019568 3.03165448 4.66039136 6.99058704
0.630048922 0.483203899 0.60356983 0.505914608 2.32982287 3.03116944 4.65964574 6.98946861
0.630205107 0.439928354 0.60348487 0.505833772 2.32945061 3.03068511 4.65890121 6.98835182
0.630361291 0.70481075 0.602669818 0.505753055 2.32907889 3.0302015 4.65815778 6.98723667
0.630517476 0.955885044 0.602669818 0.505672456 2.32870772 3.0297186 4.65741544 6.98612316
0.630673661 1.03703303 0.602669818 0.505591976 2.3283371 3.0292364 4.65667419 6.98501129
0.630829845 1.22063057 0.602669818 0.505511615 2.32796702 3.02875492 4.65593404 6.98390106
0.63098603 1.62954334 0.60348487 0.505431372 2.32759749 3.02827415 4.65519497 6.98279246
0.631142215 1.84091116 0.60356983 0.505351248 2.3272285 3.02779408 4.654457 6.9816855
0.631298399 1.40354172 0.60356983 0.505271241 2.32686006 3.02731473 4.65372011 6.98058017
0.631454584 0.8981378 0.60356983 0.505191353 2.32649216 3.02683608 4.65298432 6.97947648
0.631610769 1.15940079 0.60356983 0.505111584 2.32612481 3.02635815 4.65224961 6.97837442
0.631766953 1.7723025 0.60356983 0.505031932 2.325758 3.02588092 4.65151599 6.97727399
0.631923138 1.67193626 0.60356983 0.504952398 2.32539173 3.02540439 4.65078346 6.97617519
0.632079323 0.830615139 0.60348487 0.504872983 2.32502601 3.02492858 4.65005202 6.97507802
0.632235507 0.189197324 0.602669818 0.504793685 2.32466083 3.02445347 4.64932166 6.97398249
0.632391692 0.134323673 0.602034576 0.504714505 2.32429619 3.02397906 4.64859238 6.97288858
0.632547877 0.214194751 0.5978841 0.504635443 2.3239321 3.02350537 4.6478642 6.9717963
0.632704061 0.162684724 0.602034576 0.504556499 2.32356855 3.02303238 4.64713709 6.97070564
0.632860246 0.412239804 0.602034576 0.504477672 2.32320554 3.02256009 4.64641107 6.96961661
0.633016431 1.04714835 0.602034576 0.504398963 2.32284307 3.02208851 4.64568614 6.96852921
0.633172615 1.34263602 0.602034576 0.504320372 2.32248114 3.02161763 4.64496228 6.96744342
0.6333288 0.899131364 0.602669818 0.504241898 2.32211976 3.02114746 4.64423951 6.96635927
0.633484985 0.412507988 0.602669818 0.504163542 2.32175891 3.02067798 4.64351782 6.96527673
0.633641169 0.548309715 0.602669818 0.504085302 2.32139861 3.02020922 4.64279721 6.96419582
0.633797354 0.853034548 0.602669818 0.50400718 2.32103884 3.01974115 4.64207768 6.96311652
0.633953539 0.621488975 0.602669818 0.503929176 2.32067962 3.01927379 4.64135923 6.96203885
0.634109723 0.0952202671 0.602034576 0.503851288 2.32032093 3.01880713 4.64064186 6.96096279
0.634265908 0.122815945 0.5978841 0.503773518 2.31996278 3.01834117 4.63992557 6.95988835
0.634422093 0.853630887 0.597667912 0.503695864 2.31960518 3.01787591 4.63921035 6.95881553
0.634578277 1.52881561 0.597667912 0.503618328 2.31924811 3.01741135 4.63849621 6.95774432
0.634734462 1.59631783 0.597667912 0.503540908 2.31889158 3.0169475 4.63778315 6.95667473
0.634890647 1.13179109 0.5978841 0.503463605 2.31853558 3.01648434 4.63707117 6.95560675
0.635046831 0.554749748 0.5978841 0.503386419 2.31818013 3.01602188 4.63636026 6.95454039
0.635203016 0.153807596 0.602034576 0.50330935 2.31782521 3.01556012 4.63565042 6.95347563
0.6353592 0.150340417 0.602669818 0.503232397 2.31747083 3.01509907 4.63494166 6.95241249
0.635515385 0.49700718 0.602034576 0.503155561 2.31711699 3.0146387 4.63423398 6.95135096
0.63567157 0.845065147 0.602034576 0.503078841 2.31676368 3.01417904 4.63352736 6.95029104
0.635827754 0.896615902 0.602034576 0.503002238 2.31641091 3.01372008 4.63282182 6.94923273
0.635983939 0.813416011 0.602034576 0.502925751 2.31605868 3.01326181 4.63211735 6.94817603
0.636140124 0.94062928 0.602669818 0.502849381 2.31570698 3.01280424 4.63141395 6.94712093
0.636296308 1.01580305 0.60348487 0.502773127 2.31535581 3.01234736 4.63071163 6.94606744
0.636452493 0.643448721 0.60348487 0.502696989 2.31500518 3.01189119 4.63001037 6.94501555
0.636608678 0.141687745 0.60348487 0.502620967 2.31465509 3.0114357 4.62931018 6.94396527
0.636764862 0.222976312 0.60348487 0.502545061 2.31430553 3.01098092 4.62861106 6.94291659
0.636921047 0.834089904 0.60356983 0.502469271 2.31395651 3.01052682 4.62791301 6.94186952
0.637077232 1.09621181 0.603946601 0.502393597 2.31360802 3.01007343 4.62721603 6.94082405
0.637233416 0.606474519 0.606474519 0.502318039 2.31326006 3.00962072 4.62652012 6.93978017
0.637389601 0.163291809 0.606474519 0.502242597 2.31291263 3.00916871 4.62582527 6.9387379
0.637545786 0.498776347 0.606474519 0.502167271 2.31256574 3.0087174 4.62513149 6.93769723
0.63770197 1.32337068 0.60741675 0.50209206 2.31221938 3.00826678 4.62443877 6.93665815
0.637858155 1.9643464 0.611165012 0.502016965 2.31187356 3.00781685 4.62374712 6.93562068
0.63801434 2.47134345 0.615857878 0.501941985 2.31152827 3.00736761 4.62305653 6.9345848
0.638170524 2.97742683 0.618652931 0.501867121 2.3111835 3.00691906 4.62236701 6.93355051
0.638326709 2.78226646 0.618652931 0.501792373 2.31083927 3.00647121 4.62167855 6.93251782
0.638482894 1.66211481 0.615857878 0.50171774 2.31049558 3.00602405 4.62099115 6.93148673
0.638639078 0.441446319 0.611165012 0.501643222 2.31015241 3.00557758 4.62030482 6.93045723
0.638795263 0.232533955 0.611165012 0.501568819 2.30980977 3.0051318 4.61961954 6.92942932
0.638951448 1.03158931 0.615857878 0.501494532 2.30946767 3.00468671 4.61893533 6.928403
0.639107632 1.60076879 0.618652931 0.501420359 2.30912609 3.00424231 4.61825218 6.92737827
0.639263817 1.24978369 0.618652931 0.501346302 2.30878504 3.0037986 4.61757009 6.92635513
0.639420002 0.533197235 0.618652931 0.50127236 2.30844453 3.00335557 4.61688906 6.92533358
0.639576186 0.147769992 0.618652931 0.501198533 2.30810454 3.00291324 4.61620908 6.92431362
0.639732371 0.0673865294 0.618652931 0.501124821 2.30776508 3.0024716 4.61553017 6.92329525
0.639888556 0.033923781 0.618652931 0.501051223 2.30742615 3.00203064 4.61485231 6.92227846
0.64004474 0.100292971 0.618761917 0.50097774 2.30708775 3.00159037 4.61417551 6.92126326
0.640200925 0.241876217 0.621488975 0.500904372 2.30674988 3.00115079 4.61349976 6.92024965
0.64035711 0.168136953 0.625578847 0.500831119 2.30641254 3.00071189 4.61282508 6.91923761
0.640513294 0.00180568935 0.625578847 0.50075798 2.30607572 3.00027369 4.61215144 6.91822717
0.640669479 0.445504068 0.625578847 0.500684956 2.30573943 2.99983616 4.61147887 6.9172183
0.640825664 1.64477924 0.621488975 0.500612047 2.30540367 2.99939933 4.61080734 6.91621101
0.640981848 2.62548049 0.618761917 0.500539251 2.30506844 2.99896318 4.61013687 6.91520531
0.641138033 2.45312404 0.618761917 0.50046657 2.30473373 2.99852771 4.60946746 6.91420119
0.641294218 1.42383656 0.618761917 0.500394004 2.30439955 2.99809293 4.60879909 6.91319864
0.641450402 0.717116311 0.618652931 0.500321551 2.30406589 2.99765884 4.60813178 6.91219767
0.641606587 0.724833416 0.618652931 0.500249213 2.30373276 2.99722542 4.60746552 6.91119829
0.641762772 0.749731963 0.618652931 0.500176989 2.30340016 2.9967927 4.60680031 6.91020047
0.641918956 0.465906718 0.618652931 0.500104879 2.30306808 2.99636065 4.60613616 6.90920424
0.642075141 0.349252746 0.618652931 0.500032883 2.30273652 2.99592929 4.60547305 6.90820957
0.642231326 0.555813237 0.618761917 0.499961001 2.30240549 2.99549861 4.60481099 6.90721648
0.64238751 0.655583641 0.618652931 0.499889233 2.30207499 2.99506861 4.60414998 6.90622497
0.642543695 0.535322924 0.616169162 0.499817578 2.30174501 2.9946393 4.60349002 6.90523503
0.64269988 0.662166763 0.615857878 0.499746038 2.30141555 2.99421067 4.60283111 6.90424666
0.642856064 1.16547092 0.615857878 0.499674611 2.30108662 2.99378271 4.60217324 6.90325986
0.643012249 1.41412281 0.615857878 0.499603297 2.30075821 2.99335544 4.60151642 6.90227463
0.643168434 0.951105578 0.615857878 0.499532098 2.30043032 2.99292885 4.60086065 6.90129097
0.643324618 0.24685682 0.616169162 0.499461011 2.30010296 2.99250294 4.60020592 6.90030888
0.643480803 0.00331193243 0.618652931 0.499390039 2.29977612 2.99207771 4.59955224 6.89932835
0.643636988 0.150965018 0.618761917 0.499319179 2.2994498 2.99165316 4.5988996 6.8983494
0.643793172 0.210681436 0.621488975 0.499248434 2.299124 2.99122929 4.598248 6.89737201
0.643949357 0.121739243 0.621488975 0.499177801 2.29879873 2.9908061 4.59759745 6.89639618
0.644105542 0.136682831 0.621488975 0.499107282 2.29847397 2.99038358 4.59694795 6.89542192
0.644261726 0.183818109 0.621488975 0.499036875 2.29814974 2.98996175 4.59629948 6.89444922
0.644417911 0.0732084882 0.621488975 0.498966582 2.29782603 2.98954059 4.59565206 6.89347809
0.644574095 0.0463995914 0.621488975 0.498896402 2.29750284 2.98912011 4.59500568 6.89250851
0.64473028 0.460405001 0.622808555 0.498826335 2.29718017 2.9887003 4.59436033 6.8915405
0.644886465 1.04014145 0.622808555 0.498756381 2.29685802 2.98828118 4.59371603 6.89057405
0.645042649 1.10619717 0.622808555 0.49868654 2.29653639 2.98786273 4.59307277 6.88960916
0.645198834 0.567046254 0.621488975 0.498616812 2.29621528 2.98744495 4.59243055 6.88864583
0.645355019 0.0673621055 0.621488975 0.498547196 2.29589468 2.98702785 4.59178937 6.88768405
0.645511203 0.0468358121 0.622808555 0.498477694 2.29557461 2.98661143 4.59114923 6.88672384
0.645667388 0.281755018 0.625578847 0.498408303 2.29525506 2.98619568 4.59051012 6.88576518
0.645823573 0.513322115 0.625578847 0.498339026 2.29493602 2.98578061 4.58987205 6.88480807
0.645979757 0.786218562 0.625578847 0.498269861 2.29461751 2.98536621 4.58923502 6.88385252
0.646135942 1.04792861 0.622808555 0.498200809 2.29429951 2.98495248 4.58859902 6.88289853
0.646292127 1.05312464 0.621488975 0.498131868 2.29398203 2.98453943 4.58796406 6.88194609
0.646448311 0.841575461 0.621488975 0.498063041 2.29366507 2.98412705 4.58733013 6.8809952
0.646604496 0.779358986 0.621488975 0.497994326 2.29334862 2.98371535 4.58669724 6.88004586
0.646760681 0.889965405 0.618761917 0.497925723 2.29303269 2.98330431 4.58606538 6.87909808
0.646916865 0.71496289 0.618652931 0.497857232 2.29271728 2.98289395 4.58543456 6.87815184
0.64707305 0.191537888 0.616169162 0.497788853 2.29240239 2.98248427 4.58480477 6.87720716
0.647229235 0.0705489757 0.618652931 0.497720587 2.29208801 2.98207525 4.58417601 6.87626402
0.647385419 0.783436543 0.618761917 0.497652432 2.29177414 2.9816669 4.58354829 6.87532243
0.647541604 1.51187221 0.618761917 0.49758439 2.2914608 2.98125923 4.58292159 6.87438239
0.647697789 1.27446734 0.618761917 0.497516459 2.29114796 2.98085223 4.58229593 6.87344389
0.647853973 0.387632357 0.618652931 0.49744864 2.29083565 2.98044589 4.5816713 6.87250694
0.648010158 0.0268452294 0.618652931 0.497380934 2.29052385 2.98004023 4.58104769 6.87157154
0.648166343 0.509049621 0.618652931 0.497313339 2.29021256 2.97963524 4.58042512 6.87063768
0.648322527 0.953770321 0.618652931 0.497245855 2.28990179 2.97923091 4.57980358 6.86970536
0.648478712 0.735747499 0.618761917 0.497178484 2.28959153 2.97882726 4.57918306 6.86877459
0.648634897 0.286532378 0.621488975 0.497111224 2.28928179 2.97842427 4.57856357 6.86784536
0.648791081 0.178335219 0.622808555 0.497044075 2.28897256 2.97802195 4.57794511 6.86691767
0.648947266 0.317587895 0.622808555 0.496977038 2.28866384 2.9776203 4.57732768 6.86599152
0.649103451 0.447073441 0.622808555 0.496910113 2.28835564 2.97721932 4.57671127 6.86506691
0.649259635 0.6700369 0.622808555 0.496843298 2.28804795 2.97681901 4.57609589 6.86414384
0.64941582 0.960480225 0.622808555 0.496776596 2.28774077 2.97641936 4.57548153 6.8632223
0.649572005 0.844440817 0.622808555 0.496710004 2.2874341 2.97602038 4.5748682 6.86230231
0.649728189 0.26034365 0.623205037 0.496643524 2.28712795 2.97562207 4.5742559 6.86138385
0.649884374 0.042719985 0.623205037 0.496577155 2.28682231 2.97522442 4.57364462 6.86046692
0.650040559 0.794276623 0.623205037 0.496510897 2.28651718 2.97482743 4.57303436 6.85955154
0.650196743 1.74629507 0.623205037 0.49644475 2.28621256 2.97443112 4.57242512 6.85863768
0.650352928 1.61230602 0.623205037 0.496378714 2.28590845 2.97403547 4.57181691 6.85772536
0.650509113 0.504750633 0.623205037 0.496312789 2.28560486 2.97364048 4.57120972 6.85681458
0.650665297 0.0412420345 0.623205037 0.496246975 2.28530177 2.97324616 4.57060355 6.85590532
0.650821482 1.14981099 0.622808555 0.496181272 2.2849992 2.9728525 4.5699984 6.8549976
0.650977667 2.72738962 0.622808555 0.496115679 2.28469714 2.9724595 4.56939427 6.85409141
0.651133851 3.0594529 0.622808555 0.496050198 2.28439558 2.97206717 4.56879116 6.85318674
0.651290036 2.03022932 0.622808555 0.495984827 2.28409454 2.97167551 4.56818907 6.85228361
0.651446221 1.04687325 0.622808555 0.495919566 2.283794 2.9712845 4.567588 6.85138201
0.651602405 1.00682394 0.622808555 0.495854417 2.28349398 2.97089416 4.56698795 6.85048193
0.65175859 1.32205239 0.621488975 0.495789378 2.28319446 2.97050448 4.56638892 6.84958338
0.651914775 1.08513042 0.621488975 0.495724449 2.28289545 2.97011546 4.5657909 6.84868636
0.652070959 0.444595815 0.621488975 0.495659631 2.28259695 2.9697271 4.56519391 6.84779086
0.652227144 0.200786368 0.621488975 0.495594923 2.28229896 2.96933941 4.56459792 6.84689689
0.652383329 0.499275349 0.621488975 0.495530325 2.28200148 2.96895238 4.56400296 6.84600444
0.652539513 0.681377447 0.621488975 0.495465838 2.2817045 2.968566 4.56340901 6.84511351
0.652695698 0.407065488 0.621488975 0.495401461 2.28140804 2.96818029 4.56281607 6.84422411
0.652851883 0.232906323 0.618761917 0.495337194 2.28111208 2.96779524 4.56222415 6.84333623
0.653008067 0.659520401 0.618652931 0.495273037 2.28081662 2.96741084 4.56163325 6.84244987
0.653164252 1.15793343 0.618652931 0.49520899 2.28052168 2.96702711 4.56104336 6.84156504
0.653320436 0.969976323 0.616169162 0.495145054 2.28022724 2.96664404 4.56045448 6.84068172
0.653476621 0.31041514 0.616169162 0.495081227 2.27993331 2.96626162 4.55986661 6.83979992
0.653632806 0.00930832216 0.618652931 0.49501751 2.27963988 2.96587986 4.55927976 6.83891964
0.65378899 0.256135334 0.618761917 0.494953903 2.27934696 2.96549876 4.55869392 6.83804088
0.653945175 0.410097378 0.621488975 0.494890406 2.27905454 2.96511832 4.55810909 6.83716363
0.65410136 0.183877448 0.618761917 0.494827019 2.27876263 2.96473854 4.55752527 6.8362879
0.654257544 0.189170243 0.618761917 0.494763741 2.27847123 2.96435941 4.55694246 6.83541369
0.654413729 1.00525252 0.621488975 0.494700573 2.27818033 2.96398094 4.55636066 6.83454099
0.654569914 2.11336553 0.622808555 0.494637514 2.27788993 2.96360313 4.55577987 6.8336698
0.654726098 2.55971102 0.623205037 0.494574566 2.27760004 2.96322598 4.55520009 6.83280013
0.654882283 2.08280554 0.622808555 0.494511726 2.27731066 2.96284948 4.55462132 6.83193197
0.655038468 1.15279368 0.621488975 0.494448996 2.27702178 2.96247363 4.55404355 6.83106533
0.655194652 0.407926478 0.618761917 0.494386376 2.2767334 2.96209844 4.5534668 6.83020019
0.655350837 0.160924247 0.618652931 0.494323865 2.27644552 2.96172391 4.55289105 6.82933657
0.655507022 0.418757564 0.618652931 0.494261463 2.27615815 2.96135003 4.5523163 6.82847446
0.655663206 0.882464092 0.618652931 0.49419917 2.27587128 2.96097681 4.55174257 6.82761385
0.655819391 1.1074356 0.618652931 0.494136987 2.27558492 2.96060424 4.55116984 6.82675475
0.655975576 0.85354586 0.618652931 0.494074912 2.27529906 2.96023232 4.55059811 6.82589717
0.65613176 0.361674434 0.618652931 0.494012947 2.2750137 2.95986106 4.55002739 6.82504109
0.656287945 0.0666598094 0.618652931 0.493951091 2.27472884 2.95949045 4.54945767 6.82418651
0.65644413 0.0316940168 0.618652931 0.493889344 2.27444448 2.95912049 4.54888896 6.82333344
0.656600314 0.0306686674 0.618652931 0.493827706 2.27416063 2.95875119 4.54832125 6.82248188
0.656756499 0.0542939038 0.618761917 0.493766176 2.27387727 2.95838254 4.54775455 6.82163182
0.656912684 0.253354445 0.621488975 0.493704756 2.27359442 2.95801454 4.54718884 6.82078327
0.657068868 0.51636133 0.622808555 0.493643444 2.27331207 2.95764719 4.54662414 6.81993621
0.657225053 0.531646321 0.623205037 0.493582241 2.27303022 2.9572805 4.54606044 6.81909066
0.657381238 0.282162808 0.624826714 0.493521147 2.27274887 2.95691446 4.54549774 6.81824662
0.657537422 0.0767521327 0.625578847 0.493460161 2.27246802 2.95654906 4.54493605 6.81740407
0.657693607 0.0543854359 0.625578847 0.493399284 2.27218767 2.95618432 4.54437535 6.81656302
0.657849792 0.0802827639 0.625578847 0.493338516 2.27190783 2.95582023 4.54381565 6.81572348
0.658005976 0.122761689 0.625578847 0.493277856 2.27162848 2.95545679 4.54325695 6.81488543
0.658162161 0.304486538 0.625578847 0.493217305 2.27134963 2.955094 4.54269925 6.81404888
0.658318346 0.539780579 0.625578847 0.493156862 2.27107128 2.95473185 4.54214255 6.81321383
0.65847453 0.562512685 0.625578847 0.493096527 2.27079343 2.95437036 4.54158685 6.81238028
0.658630715 0.369837678 0.625578847 0.493036301 2.27051607 2.95400952 4.54103214 6.81154822
0.6587869 0.235705691 0.62884659 0.492976183 2.27023922 2.95364932 4.54047844 6.81071765
0.658943084 0.221384101 0.631135506 0.492916173 2.26996286 2.95328977 4.53992572 6.80988859
0.659099269 0.15512074 0.632210586 0.492856271 2.269687 2.95293087 4.53937401 6.80906101
0.659255454 0.165873304 0.631135506 0.492796477 2.26941164 2.95257262 4.53882329 6.80823493
0.659411638 0.640955653 0.62884659 0.492736792 2.26913678 2.95221502 4.53827357 6.80741035
0.659567823 1.48103401 0.62884659 0.492677214 2.26886242 2.95185806 4.53772484 6.80658725
0.659724008 1.93895738 0.631135506 0.492617745 2.26858855 2.95150175 4.5371771 6.80576565
0.659880192 1.57159829 0.631135506 0.492558383 2.26831518 2.95114609 4.53663036 6.80494554
0.660036377 0.842937368 0.62884659 0.492499129 2.26804231 2.95079107 4.53608461 6.80412692
0.660192562 0.41312598 0.62884659 0.492439983 2.26776993 2.9504367 4.53553986 6.80330979
0.660348746 0.311398572 0.631135506 0.492380945 2.26749805 2.95008298 4.5349961 6.80249415
0.660504931 0.187940914 0.632210586 0.492322015 2.26722666 2.9497299 4.53445333 6.80167999
0.660661116 0.0289631123 0.632210586 0.492263192 2.26695578 2.94937746 4.53391155 6.80086733
0.6608173 0.0528559865 0.632210586 0.492204477 2.26668538 2.94902567 4.53337077 6.80005615
0.660973485 0.133659464 0.633103687 0.49214587 2.26641549 2.94867453 4.53283097 6.79924646
0.66112967 0.0551815449 0.634578207 0.49208737 2.26614608 2.94832403 4.53229217 6.79843825
0.661285854 0.0163459044 0.634578207 0.492028977 2.26587718 2.94797417 4.53175435 6.79763153
0.661442039 0.2862342 0.634578207 0.491970692 2.26560876 2.94762496 4.53121753 6.79682629
0.661598224 0.573233152 0.634578207 0.491912515 2.26534085 2.94727639 4.53068169 6.79602254
0.661754408 0.412509492 0.634578207 0.491854444 2.26507342 2.94692847 4.53014685 6.79522027
0.661910593 0.0697037306 0.634578207 0.491796481 2.26480649 2.94658118 4.52961299 6.79441948
0.662066778 0.260168636 0.634578207 0.491738626 2.26454006 2.94623454 4.52908012 6.79362018
0.662222962 0.928349543 0.634578207 0.491680877 2.26427412 2.94588854 4.52854823 6.79282235
0.662379147 1.1962501 0.634578207 0.491623236 2.26400867 2.94554319 4.52801734 6.79202601
0.662535331 0.685479475 0.634578207 0.491565702 2.26374371 2.94519848 4.52748743 6.79123114
0.662691516 0.13214963 0.634578207 0.491508275 2.26347925 2.9448544 4.52695851 6.79043776
0.662847701 0.30413186 0.634578207 0.491450955 2.26321529 2.94451097 4.52643057 6.78964586
0.663003885 0.862261765 0.634578207 0.491393742 2.26295181 2.94416818 4.52590362 6.78885543
0.66316007 1.11331736 0.634578207 0.491336636 2.26268883 2.94382603 4.52537765 6.78806648
0.663316255 1.10277641 0.634578207 0.491279637 2.26242634 2.94348452 4.52485267 6.78727901
0.663472439 1.18316248 0.635184194 0.491222744 2.26216434 2.94314366 4.52432867 6.78649301
0.663628624 1.14600431 0.638393921 0.491165959 2.26190283 2.94280343 4.52380566 6.78570849
0.663784809 0.694809384 0.639759007 0.49110928 2.26164181 2.94246384 4.52328363 6.78492544
0.663940993 0.647111173 0.639759007 0.491052708 2.26138129 2.94212489 4.52276258 6.78414387
0.664097178 2.155812 0.64053342 0.490996242 2.26112126 2.94178658 4.52224251 6.78336377
0.664253363 4.75510719 0.64053342 0.490939884 2.26086172 2.94144891 4.52172343 6.78258515
0.664409547 6.06930371 0.64053342 0.490883631 2.26060266 2.94111187 4.52120533 6.78180799
0.664565732 4.53038016 0.640955653 0.490827486 2.2603441 2.94077548 4.52068821 6.78103231
0.664721917 1.61580451 0.643448721 0.490771447 2.26008603 2.94043972 4.52017207 6.7802581
0.664878101 0.0538085388 0.646228077 0.490715514 2.25982845 2.9401046 4.51965691 6.77948536
0.665034286 0.799820934 0.646318975 0.490659688 2.25957136 2.93977012 4.51914273 6.77871409
0.665190471 2.16201742 0.646228077 0.490603968 2.25931477 2.93943628 4.51862953 6.7779443
0.665346655 2.2561559 0.643448721 0.490548354 2.25905865 2.93910307 4.51811731 6.77717596
0.66550284 1.24455946 0.640955653 0.490492847 2.25880303 2.9387705 4.51760607 6.7764091
0.665659025 0.62884659 0.640955653 0.490437445 2.2585479 2.93843857 4.5170958 6.77564371
0.665815209 1.08745061 0.643448721 0.49038215 2.25829326 2.93810727 4.51658652 6.77487978
0.665971394 1.85169167 0.640955653 0.490326962 2.25803911 2.93777661 4.51607821 6.77411732
0.666127579 2.05294789 0.64053342 0.490271879 2.25778544 2.93744658 4.51557088 6.77335632
0.666283763 1.60643878 0.638393921 0.490216902 2.25753226 2.93711719 4.51506453 6.77259679
0.666439948 0.957408804 0.638393921 0.490162031 2.25727957 2.93678843 4.51455915 6.77183872
0.666596133 0.45521527 0.638393921 0.490107267 2.25702737 2.93646031 4.51405475 6.77108212
0.666752317 0.160936028 0.638393921 0.490052608 2.25677566 2.93613283 4.51355132 6.77032698
0.666908502 0.0320067207 0.638393921 0.489998055 2.25652443 2.93580597 4.51304887 6.7695733
0.667064687 0.0262848764 0.638393921 0.489943608 2.2562737 2.93547976 4.51254739 6.76882109
0.667220871 0.077510794 0.638393921 0.489889266 2.25602344 2.93515417 4.51204689 6.76807033
0.667377056 0.0984909547 0.635184194 0.489835031 2.25577368 2.93482922 4.51154736 6.76732104
0.667533241 0.0570731784 0.634578207 0.489780901 2.2555244 2.9345049 4.5110488 6.76657321
0.667689425 0.00888411834 0.633103687 0.489726877 2.25527561 2.93418122 4.51055122 6.76582683
0.66784561 0.0308501815 0.633103687 0.489672958 2.25502731 2.93385817 4.51005461 6.76508192
0.668001795 0.101729983 0.633103687 0.489619145 2.25477949 2.93353575 4.50955898 6.76433846
0.668157979 0.105019332 0.633103687 0.489565437 2.25453216 2.93321396 4.50906431 6.76359647
0.668314164 0.022671324 0.634578207 0.489511835 2.25428531 2.93289281 4.50857062 6.76285593
0.668470349 0.0363185861 0.635184194 0.489458339 2.25403895 2.93257228 4.5080779 6.76211684
0.668626533 0.276907335 0.638393921 0.489404947 2.25379307 2.93225239 4.50758614 6.76137922
0.668782718 0.502358297 0.638393921 0.489351661 2.25354768 2.93193313 4.50709536 6.76064304
0.668938903 0.381060423 0.635184194 0.489298481 2.25330278 2.9316145 4.50660555 6.75990833
0.669095087 0.0881236606 0.634578207 0.489245406 2.25305836 2.9312965 4.50611671 6.75917507
0.669251272 0.220298198 0.634578207 0.489192435 2.25281442 2.93097913 4.50562884 6.75844326
0.669407457 0.849334975 0.634578207 0.489139571 2.25257097 2.9306624 4.50514193 6.7577129
0.669563641 1.22298362 0.634578207 0.489086811 2.252328 2.93034629 4.504656 6.756984
0.669719826 0.846574751 0.634578207 0.489034156 2.25208552 2.93003081 4.50417103 6.75625655
0.669876011 0.202325078 0.634578207 0.488981607 2.25184352 2.92971596 4.50368703 6.75553055
0.670032195 0.0886603376 0.633103687 0.488929162 2.251602 2.92940174 4.503204 6.754806
0.67018838 0.425910425 0.633103687 0.488876822 2.25136097 2.92908815 4.50272193 6.7540829
0.670344565 0.471960186 0.633103687 0.488824588 2.25112042 2.92877519 4.50224083 6.75336125
0.670500749 0.142322512 0.632210586 0.488772458 2.25088035 2.92846285 4.5017607 6.75264105
0.670656934 0.153144427 0.62884659 0.488720433 2.25064077 2.92815115 4.50128153 6.7519223
0.670813119 0.758441187 0.625578847 0.488668513 2.25040167 2.92784007 4.50080333 6.751205
0.670969303 1.1821733 0.624826714 0.488616697 2.25016305 2.92752962 4.5003261 6.75048914
0.671125488 0.831002877 0.623205037 0.488564987 2.24992491 2.9272198 4.49984982 6.74977473
0.671281672 0.206288887 0.622808555 0.488513381 2.24968726 2.9269106 4.49937451 6.74906177
0.671437857 0.185973449 0.622808555 0.48846188 2.24945009 2.92660203 4.49890017 6.74835026
0.671594042 0.819699738 0.622808555 0.488410483 2.24921339 2.92629409 4.49842679 6.74764018
0.671750226 1.3952616 0.622808555 0.488359191 2.24897719 2.92598678 4.49795437 6.74693156
0.671906411 1.43639185 0.622808555 0.488308003 2.24874146 2.92568009 4.49748292 6.74622437
0.672062596 1.05540206 0.622808555 0.48825692 2.24850621 2.92537403 4.49701242 6.74551863
0.67221878 0.69901937 0.623205037 0.488205941 2.24827145 2.92506859 4.49654289 6.74481434
0.672374965 0.859836146 0.624826714 0.488155067 2.24803716 2.92476378 4.49607432 6.74411148
0.67253115 1.72434506 0.625578847 0.488104297 2.24780336 2.92445959 4.49560671 6.74341007
0.672687334 2.6387345 0.625578847 0.488053632 2.24757003 2.92415603 4.49514007 6.7427101
0.672843519 2.64592695 0.625578847 0.48800307 2.24733719 2.92385309 4.49467438 6.74201157
0.672999704 1.51058376 0.625578847 0.487952613 2.24710483 2.92355078 4.49420965 6.74131448
0.673155888 0.214294902 0.625578847 0.48790226 2.24687294 2.9232491 4.49374589 6.74061883
0.673312073 0.208186563 0.62884659 0.487852012 2.24664154 2.92294803 4.49328308 6.73992462
0.673468258 1.41192005 0.62884659 0.487801867 2.24641061 2.92264759 4.49282123 6.73923184
0.673624442 2.29372134 0.62884659 0.487751827 2.24618017 2.92234778 4.49236034 6.73854051
0.673780627 1.91930772 0.625578847 0.48770189 2.2459502 2.92204858 4.49190041 6.73785061
0.673936812 0.863953836 0.625578847 0.487652058 2.24572072 2.92175001 4.49144143 6.73716215
0.674092996 0.140593468 0.625578847 0.487602329 2.24549171 2.92145207 4.49098342 6.73647512
0.674249181 0.0791864188 0.625578847 0.487552704 2.24526318 2.92115474 4.49052636 6.73578954
0.674405366 0.417661549 0.624826714 0.487503184 2.24503513 2.92085804 4.49007025 6.73510538
0.67456155 0.842276998 0.624826714 0.487453767 2.24480755 2.92056196 4.48961511 6.73442266
0.674717735 1.15811581 0.624826714 0.487404454 2.24458046 2.9202665 4.48916092 6.73374138
0.67487392 1.11053724 0.624826714 0.487355244 2.24435384 2.91997167 4.48870768 6.73306153
0.675030104 0.662583233 0.624826714 0.487306139 2.2441277 2.91967745 4.4882554 6.73238311
0.675186289 0.187020168 0.624826714 0.487257137 2.24390204 2.91938386 4.48780408 6.73170612
0.675342474 0.00632477897 0.624826714 0.487208239 2.24367686 2.91909089 4.48735371 6.73103057
0.675498658 0.0235578034 0.624826714 0.487159444 2.24345215 2.91879854 4.4869043 6.73035644
0.675654843 0.0186416694 0.625578847 0.487110753 2.24322792 2.91850681 4.48645583 6.72968375
0.675811028 0.00215714161 0.625578847 0.487062166 2.24300416 2.9182157 4.48600833 6.72901249
0.675967212 0.0736369854 0.625578847 0.487013682 2.24278089 2.91792521 4.48556177 6.72834266
0.676123397 0.165097389 0.625578847 0.486965301 2.24255809 2.91763534 4.48511617 6.72767426
0.676279582 0.160139131 0.625578847 0.486917024 2.24233576 2.91734609 4.48467152 6.72700728
0.676435766 0.0979190349 0.625578847 0.48686885 2.24211391 2.91705745 4.48422782 6.72634174
0.676591951 0.0742033863 0.624826714 0.48682078 2.24189254 2.91676944 4.48378508 6.72567762
0.676748136 0.111711766 0.623205037 0.486772812 2.24167164 2.91648205 4.48334329 6.72501493
0.67690432 0.215212408 0.622808555 0.486724949 2.24145122 2.91619527 4.48290244 6.72435367
0.677060505 0.380253498 0.622808555 0.486677188 2.24123128 2.91590912 4.48246255 6.72369383
0.67721669 0.478558345 0.623205037 0.48662953 2.24101181 2.91562358 4.48202361 6.72303542
0.677372874 0.356220503 0.624826714 0.486581976 2.24079281 2.91533866 4.48158562 6.72237843
0.677529059 0.157523198 0.624826714 0.486534525 2.24057429 2.91505436 4.48114858 6.72172287
0.677685244 0.219001483 0.623205037 0.486487177 2.24035624 2.91477067 4.48071249 6.72106873
0.677841428 0.535088425 0.623205037 0.486439932 2.24013867 2.91448761 4.48027734 6.72041601
0.677997613 0.681836307 0.623205037 0.48639279 2.23992157 2.91420516 4.47984315 6.71976472
0.678153798 0.409147327 0.623205037 0.486345751 2.23970495 2.91392332 4.4794099 6.71911485
0.678309982 0.0653737542 0.623205037 0.486298814 2.2394888 2.91364211 4.4789776 6.7184664
0.678466167 0.0420651066 0.623205037 0.486251981 2.23927313 2.91336151 4.47854625 6.71781938
0.678622352 0.198169792 0.624015875 0.486205251 2.23905792 2.91308152 4.47811585 6.71717377
0.678778536 0.174706751 0.623205037 0.486158623 2.2388432 2.91280215 4.47768639 6.71652959
0.678934721 0.026193686 0.623006796 0.486112098 2.23862894 2.9125234 4.47725788 6.71588682
0.679090906 0.0835376702 0.622808555 0.486065676 2.23841516 2.91224527 4.47683032 6.71524548
0.67924709 0.343016534 0.623006796 0.486019357 2.23820185 2.91196774 4.4764037 6.71460555
0.679403275 0.476447018 0.622808555 0.48597314 2.23798902 2.91169084 4.47597803 6.71396705
0.67955946 0.341902536 0.622148765 0.485927026 2.23777665 2.91141455 4.4755533 6.71332996
0.679715644 0.147602602 0.621488975 0.485881014 2.23756476 2.91113887 4.47512952 6.71269428
0.679871829 0.0705134268 0.620070953 0.485835105 2.23735334 2.91086381 4.47470669 6.71206003
0.680028014 0.0759165585 0.621488975 0.485789299 2.2371424 2.91058936 4.47428479 6.71142719
0.680184198 0.140319502 0.620070953 0.485743595 2.23693192 2.91031553 4.47386384 6.71079577
0.680340383 0.324954852 0.618652931 0.485697994 2.23672192 2.91004231 4.47344384 6.71016576
0.680496567 0.536855918 0.617411047 0.485652495 2.23651239 2.9097697 4.47302478 6.70953717
0.680652752 0.549694771 0.618652931 0.485607098 2.23630333 2.90949771 4.47260666 6.70890999
0.680808937 0.403588393 0.620070953 0.485561804 2.23609474 2.90922633 4.47218948 6.70828422
0.680965121 0.43977927 0.621488975 0.485516612 2.23588662 2.90895557 4.47177325 6.70765987
0.681121306 0.850211698 0.622148765 0.485471522 2.23567898 2.90868541 4.47135796 6.70703693
0.681277491 1.34686148 0.622808555 0.485426534 2.2354718 2.90841587 4.47094361 6.70641541
0.681433675 1.44163711 0.623006796 0.485381649 2.2352651 2.90814694 4.4705302 6.7057953
0.68158986 1.02407832 0.622808555 0.485336866 2.23505886 2.90787863 4.47011773 6.70517659
0.681746045 0.420618343 0.622148765 0.485292185 2.2348531 2.90761092 4.4697062 6.7045593
0.681902229 0.321990023 0.621488975 0.485247606 2.23464781 2.90734383 4.46929562 6.70394342
0.682058414 1.16699153 0.620070953 0.485203129 2.23444298 2.90707735 4.46888597 6.70332895
0.682214599 2.52888351 0.618652931 0.485158754 2.23423863 2.90681148 4.46847726 6.70271589
0.682370783 3.4235104 0.617411047 0.485114481 2.23403475 2.90654622 4.46806949 6.70210424
0.682526968 3.14640207 0.618652931 0.48507031 2.23383133 2.90628157 4.46766266 6.701494
0.682683153 2.03088833 0.620070953 0.485026242 2.23362839 2.90601753 4.46725677 6.70088516
0.682839337 0.994315371 0.618652931 0.484982274 2.23342591 2.9057541 4.46685182 6.70027773
0.682995522 0.60356983 0.617411047 0.484938409 2.2332239 2.90549129 4.46644781 6.69967171
0.683151707 0.592953952 0.616169162 0.484894646 2.23302237 2.90522908 4.46604473 6.6990671
0.683307891 0.419285561 0.61601352 0.484850984 2.2328213 2.90496748 4.46564259 6.69846389
0.683464076 0.111704496 0.615857878 0.484807424 2.2326207 2.9047065 4.46524139 6.69786209
0.683620261 0.0325621523 0.61601352 0.484763966 2.23242056 2.90444612 4.46484113 6.69726169
0.683776445 0.245722772 0.615857878 0.48472061 2.2322209 2.90418635 4.4644418 6.6966627
0.68393263 0.504713257 0.61518683 0.484677355 2.2320217 2.90392719 4.46404341 6.69606511
0.684088815 0.704225529 0.615857878 0.484634202 2.23182298 2.90366864 4.46364595 6.69546893
0.684244999 0.967279875 0.61601352 0.48459115 2.23162472 2.9034107 4.46324943 6.69487415
0.684401184 1.3837742 0.615857878 0.4845482 2.23142692 2.90315336 4.46285385 6.69428077
0.684557369 1.81983971 0.61518683 0.484505351 2.2312296 2.90289664 4.4624592 6.6936888
0.684713553 2.00166513 0.614515782 0.484462604 2.23103274 2.90264052 4.46206548 6.69309822
0.684869738 1.88765364 0.613664358 0.484419959 2.23083635 2.90238501 4.4616727 6.69250905
0.685025923 1.73530631 0.614515782 0.484377414 2.23064043 2.90213011 4.46128085 6.69192128
0.685182107 1.72292064 0.61518683 0.484334971 2.23044497 2.90187581 4.46088994 6.69133491
0.685338292 1.74412915 0.614515782 0.48429263 2.23024998 2.90162212 4.46049996 6.69074994
0.685494477 1.57365193 0.61518683 0.48425039 2.23005546 2.90136904 4.46011091 6.69016637
0.685650661 1.11977789 0.614515782 0.484208251 2.2298614 2.90111657 4.4597228 6.6895842
0.685806846 0.539256431 0.613664358 0.484166213 2.22966781 2.9008647 4.45933562 6.68900343
0.685963031 0.119093037 0.612812935 0.484124277 2.22947468 2.90061344 4.45894937 6.68842405
0.686119215 0.00333129551 0.61225972 0.484082441 2.22928203 2.90036278 4.45856405 6.68784608
0.6862754 0.10907468 0.611706505 0.484040707 2.22908983 2.90011274 4.45817967 6.6872695
0.686431585 0.257750391 0.611435758 0.483999074 2.22889811 2.89986329 4.45779621 6.68669432
0.686587769 0.295048996 0.611165012 0.483957542 2.22870684 2.89961446 4.45741369 6.68612053
0.686743954 0.184545978 0.609290881 0.483916111 2.22851605 2.89936622 4.45703209 6.68554814
0.686900139 0.0448252463 0.611165012 0.483874781 2.22832572 2.8991186 4.45665143 6.68497715
0.687056323 0.0540381086 0.611435758 0.483833552 2.22813585 2.89887157 4.4562717 6.68440755
0.687212508 0.282328843 0.611165012 0.483792424 2.22794645 2.89862516 4.4558929 6.68383934
0.687368693 0.60741675 0.609290881 0.483751397 2.22775751 2.89837935 4.45551502 6.68327253
0.687524877 0.802779513 0.611165012 0.483710471 2.22756904 2.89813414 4.45513808 6.68270712
0.687681062 0.740419444 0.611435758 0.483669646 2.22738103 2.89788953 4.45476206 6.6821431
0.687837247 0.504647343 0.611165012 0.483628921 2.22719349 2.89764553 4.45438698 6.68158047
0.687993431 0.323843505 0.609290881 0.483588297 2.22700641 2.89740214 4.45401282 6.68101923
0.688149616 0.407714339 0.60741675 0.483547774 2.22681979 2.89715935 4.45363959 6.68045938
0.688305801 0.754017405 0.609290881 0.483507352 2.22663364 2.89691716 4.45326729 6.67990093
0.688461985 1.08451474 0.611165012 0.483467031 2.22644796 2.89667557 4.45289591 6.67934387
0.68861817 1.06728233 0.609290881 0.48342681 2.22626273 2.89643459 4.45252546 6.67878819
0.688774355 0.714355858 0.60741675 0.48338669 2.22607797 2.89619421 4.45215594 6.67823391
0.688930539 0.389991664 0.606945635 0.48334667 2.22589367 2.89595444 4.45178735 6.67768102
0.689086724 0.374093544 0.606474519 0.483306751 2.22570984 2.89571526 4.45141968 6.67712952
0.689242909 0.569742628 0.606156059 0.483266932 2.22552647 2.89547669 4.45105294 6.6765794
0.689399093 0.646228077 0.606474519 0.483227214 2.22534356 2.89523872 4.45068712 6.67603068
0.689555278 0.469847163 0.606945635 0.483187597 2.22516111 2.89500135 4.45032223 6.67548334
0.689711462 0.225813227 0.60741675 0.483148079 2.22497913 2.89476459 4.44995826 6.67493739
0.689867647 0.088081703 0.609290881 0.483108663 2.22479761 2.89452843 4.44959522 6.67439283
0.690023832 0.0210728695 0.611165012 0.483069346 2.22461655 2.89429286 4.4492331 6.67384966
0.690180016 0.0204001393 0.611435758 0.48303013 2.22443596 2.8940579 4.44887191 6.67330787
0.690336201 0.282294022 0.611706505 0.482991015 2.22425582 2.89382354 4.44851164 6.67276746
0.690492386 0.911194008 0.611435758 0.482951999 2.22407615 2.89358978 4.4481523 6.67222845
0.69064857 1.57875148 0.611165012 0.482913084 2.22389694 2.89335662 4.44779388 6.67169081
0.690804755 1.67878727 0.609290881 0.482874269 2.22371819 2.89312407 4.44743638 6.67115457
0.69096094 1.05226962 0.611165012 0.482835555 2.2235399 2.89289211 4.4470798 6.6706197
0.691117124 0.255480114 0.611435758 0.48279694 2.22336207 2.89266075 4.44672415 6.67008622
0.691273309 0.0461823416 0.611165012 0.482758426 2.22318471 2.89242999 4.44636942 6.66955413
0.691429494 0.699469393 0.609290881 0.482720011 2.2230078 2.89219983 4.44601561 6.66902341
0.691585678 1.66745276 0.60741675 0.482681697 2.22283136 2.89197028 4.44566272 6.66849408
0.691741863 2.06119266 0.609290881 0.482643483 2.22265538 2.89174132 4.44531076 6.66796614
0.691898048 1.51841291 0.611165012 0.482605369 2.22247986 2.89151296 4.44495971 6.66743957
0.692054232 0.544172034 0.611435758 0.482567355 2.22230479 2.8912852 4.44460959 6.66691438
0.692210417 0.00804324041 0.611165012 0.482529441 2.22213019 2.89105804 4.44426039 6.66639058
0.692366602 0.277581437 0.611435758 0.482491626 2.22195605 2.89083147 4.44391211 6.66586816
0.692522786 0.824029309 0.611706505 0.482453912 2.22178237 2.89060551 4.44356474 6.66534711
0.692678971 0.861842227 0.611435758 0.482416297 2.22160915 2.89038014 4.4432183 6.66482745
0.692835156 0.362651224 0.611165012 0.482378783 2.22143639 2.89015538 4.44287278 6.66430917
0.69299134 0.0337790737 0.609290881 0.482341368 2.22126409 2.88993121 4.44252817 6.66379226
0.693147525 0.36664587 0.60741675 0.482304053 2.22109224 2.88970763 4.44218449 6.66327673
0.69330371 1.09166153 0.606945635 0.482266838 2.22092086 2.88948466 4.44184172 6.66276259
0.693459894 1.56295814 0.606474519 0.482229722 2.22074994 2.88926228 4.44149988 6.66224981
0.693616079 1.39568881 0.606156059 0.482192706 2.22057947 2.8890405 4.44115895 6.66173842
0.693772264 0.789598777 0.6058376 0.48215579 2.22040947 2.88881932 4.44081894 6.6612284
0.693928448 0.263270316 0.604703715 0.482118973 2.22023992 2.88859874 4.44047984 6.66071976
0.694084633 0.0627564387 0.60356983 0.482082256 2.22007083 2.88837875 4.44014167 6.6602125
0.694240818 0.0722594294 0.604703715 0.482045639 2.2199022 2.88815935 4.43980441 6.65970661
0.694397002 0.133284032 0.6058376 0.482009121 2.21973403 2.88794056 4.43946807 6.6592021
0.694553187 0.183653633 0.606156059 0.481972703 2.21956632 2.88772236 4.43913264 6.65869896
0.694709372 0.194216532 0.6058376 0.481936384 2.21939907 2.88750476 4.43879813 6.6581972
0.694865556 0.143475958 0.604703715 0.481900164 2.21923227 2.88728775 4.43846454 6.65769681
0.695021741 0.0742633098 0.6058376 0.481864044 2.21906593 2.88707134 4.43813186 6.65719779
0.695177926 0.12556863 0.606156059 0.481828024 2.21890005 2.88685552 4.4378001 6.65670015
0.69533411 0.443606106 0.6058376 0.481792103 2.21873463 2.8866403 4.43746925 6.65620388
0.695490295 1.01048114 0.604703715 0.481756281 2.21856966 2.88642568 4.43713932 6.65570898
0.69564648 1.55436397 0.60356983 0.481720558 2.21840515 2.88621165 4.43681031 6.65521546
0.695802664 1.74294439 0.60352735 0.481684935 2.2182411 2.88599821 4.43648221 6.65472331
0.695958849 1.51290569 0.60356983 0.481649411 2.21807751 2.88578537 4.43615502 6.65423253
0.696115034 1.04650388 0.604703715 0.481613987 2.21791437 2.88557313 4.43582874 6.65374312
0.696271218 0.566946236 0.60356983 0.481578661 2.21775169 2.88536147 4.43550338 6.65325508
0.696427403 0.268506968 0.60352735 0.481543435 2.21758947 2.88515042 4.43517894 6.65276841
0.696583588 0.254080279 0.60348487 0.481508308 2.2174277 2.88493995 4.43485541 6.65228311
0.696739772 0.44613028 0.603474563 0.48147328 2.21726639 2.88473009 4.43453279 6.65179918
0.696895957 0.589222083 0.60348487 0.481438351 2.21710554 2.88452081 4.43421108 6.65131662
0.697052142 0.487004208 0.60352735 0.481403521 2.21694514 2.88431213 4.43389028 6.65083543
0.697208326 0.260432661 0.60356983 0.48136879 2.2167852 2.88410404 4.4335704 6.6503556
0.697364511 0.203504616 0.60352735 0.481334158 2.21662572 2.88389655 4.43325143 6.64987715
0.697520696 0.356401647 0.60356983 0.481299626 2.21646669 2.88368964 4.43293337 6.64940006
0.69767688 0.417082435 0.604703715 0.481265192 2.21630811 2.88348334 4.43261623 6.64892434
0.697833065 0.219624381 0.60356983 0.481230857 2.21615 2.88327762 4.43229999 6.64844999
0.69798925 0.0637553991 0.603517043 0.481196621 2.21599233 2.8830725 4.43198467 6.647977
0.698145434 0.394604445 0.603464256 0.481162484 2.21583513 2.88286797 4.43167025 6.64750538
0.698301619 1.14229227 0.603517043 0.481128446 2.21567838 2.88266403 4.43135675 6.64703513
0.698457803 1.64539643 0.60356983 0.481094507 2.21552208 2.88246068 4.43104416 6.64656624
0.698613988 1.48747129 0.604703715 0.481060666 2.21536624 2.88225793 4.43073247 6.64609871
0.698770173 0.961151139 0.6058376 0.481026924 2.21521085 2.88205576 4.4304217 6.64563255
0.698926357 0.528875029 0.606156059 0.480993281 2.21505592 2.88185419 4.43011184 6.64516776
0.699082542 0.282774688 0.606474519 0.480959737 2.21490144 2.88165321 4.42980288 6.64470433
0.699238727 0.0934782178 0.606945635 0.480926292 2.21474742 2.88145283 4.42949484 6.64424226
0.699394911 0.00187280383 0.606474519 0.480892945 2.21459385 2.88125303 4.4291877 6.64378155
0.699551096 0.22298824 0.606156059 0.480859696 2.21444074 2.88105382 4.42888148 6.64332221
0.699707281 0.698183369 0.606474519 0.480826547 2.21428808 2.88085521 4.42857616 6.64286423
0.699863465 0.958647911 0.606945635 0.480793496 2.21413587 2.88065718 4.42827174 6.64240762
0.70001965 0.750790071 0.60741675 0.480760543 2.21398412 2.88045975 4.42796824 6.64195236
0.700175835 0.368105219 0.609561628 0.480727689 2.21383282 2.88026291 4.42766565 6.64149847
0.700332019 0.231889169 0.60741675 0.480694934 2.21368198 2.88006666 4.42736396 6.64104594
0.700488204 0.410200403 0.606945635 0.480662277 2.21353159 2.87987099 4.42706318 6.64059477
0.700644389 0.635184194 0.606474519 0.480629719 2.21338165 2.87967592 4.4267633 6.64014496
0.700800573 0.672569379 0.606156059 0.480597259 2.21323217 2.87948144 4.42646434 6.6396965
0.700956758 0.514230847 0.6058376 0.480564897 2.21308314 2.87928755 4.42616628 6.63924941
0.701112943 0.291525183 0.606156059 0.480532634 2.21293456 2.87909424 4.42586912 6.63880368
0.701269127 0.109614759 0.606474519 0.480500469 2.21278644 2.87890153 4.42557287 6.63835931
0.701425312 0.018910686 0.606945635 0.480468403 2.21263877 2.8787094 4.42527753 6.6379163
0.701581497 0.0552678127 0.606474519 0.480436435 2.21249155 2.87851787 4.42498309 6.63747464
0.701737681 0.193656301 0.606156059 0.480404565 2.21234478 2.87832692 4.42468956 6.63703434
0.701893866 0.344267085 0.6058376 0.480372794 2.21219847 2.87813656 4.42439693 6.6365954
0.702050051 0.435396584 0.604703715 0.48034112 2.21205261 2.87794679 4.42410521 6.63615782
0.702206235 0.460946788 0.60356983 0.480309545 2.2119072 2.87775761 4.4238144 6.63572159
0.70236242 0.427481908 0.603517043 0.480278068 2.21176224 2.87756902 4.42352448 6.63528673
0.702518605 0.384968383 0.603464256 0.48024669 2.21161774 2.87738102 4.42323548 6.63485321
0.702674789 0.449016921 0.603067037 0.480215409 2.21147369 2.8771936 4.42294737 6.63442106
0.702830974 0.633103687 0.603464256 0.480184227 2.21133009 2.87700677 4.42266017 6.63399026
0.702987159 0.819485991 0.603517043 0.480153142 2.21118694 2.87682053 4.42237387 6.63356081
0.703143343 0.85206465 0.603464256 0.480122156 2.21104424 2.87663488 4.42208848 6.63313272
0.703299528 0.654947164 0.603067037 0.480091268 2.21090199 2.87644981 4.42180399 6.63270598
0.703455713 0.331191104 0.602669818 0.480060478 2.2107602 2.87626533 4.4215204 6.6322806
0.703611897 0.0656971049 0.601812926 0.480029786 2.21061886 2.87608144 4.42123772 6.63185657
0.703768082 0.0152259 0.600956035 0.479999192 2.21047797 2.87589814 4.42095593 6.6314339
0.703924267 0.261245356 0.600324539 0.479968695 2.21033753 2.87571542 4.42067505 6.63101258
0.704080451 0.707446908 0.599693043 0.479938297 2.21019754 2.87553329 4.42039507 6.63059261
0.704236636 1.0299378 0.59683559 0.479907997 2.210058 2.87535175 4.420116 6.630174
0.704392821 0.944219817 0.599693043 0.479877794 2.20991891 2.87517079 4.41983782 6.62975673
0.704549005 0.602669818 0.59683559 0.47984769 2.20978027 2.87499042 4.41956055 6.62934082
0.70470519 0.545061534 0.593978137 0.479817683 2.20964209 2.87481064 4.41928418 6.62892626
0.704861375 1.13331735 0.593775932 0.479787774 2.20950435 2.87463144 4.4190087 6.62851306
0.705017559 1.91683712 0.593573727 0.479757963 2.20936707 2.87445282 4.41873413 6.6281012
0.705173744 1.99756291 0.593775932 0.479728249 2.20923023 2.8742748 4.41846046 6.62769069
0.705329929 1.16949173 0.593978137 0.479698634 2.20909385 2.87409736 4.41818769 6.62728154
0.705486113 0.19881077 0.59683559 0.479669116 2.20895791 2.8739205 4.41791582 6.62687373
0.705642298 0.118550631 0.599693043 0.479639695 2.20882243 2.87374423 4.41764485 6.62646728
0.705798483 1.15361945 0.59683559 0.479610373 2.20868739 2.87356855 4.41737478 6.62606217
0.705954667 2.43491571 0.593978137 0.479581148 2.2085528 2.87339345 4.41710561 6.62565841
0.706110852 3.05369723 0.593775932 0.479552021 2.20841867 2.87321893 4.41683734 6.625256
0.706267037 2.91997388 0.593573727 0.479522991 2.20828498 2.873045 4.41656996 6.62485495
0.706423221 2.4293352 0.593263839 0.479494059 2.20815174 2.87287165 4.41630349 6.62445523
0.706579406 1.88263166 0.592953952 0.479465224 2.20801896 2.87269889 4.41603791 6.62405687
0.706735591 1.45010846 0.592126368 0.479436487 2.20788662 2.87252672 4.41577324 6.62365985
0.706891775 1.18619105 0.591298784 0.479407848 2.20775473 2.87235512 4.41550946 6.62326419
0.70704796 0.99228836 0.590260434 0.479379306 2.20762329 2.87218412 4.41524658 6.62286986
0.707204145 0.72689761 0.589222083 0.479350862 2.2074923 2.87201369 4.41498459 6.62247689
0.707360329 0.392638154 0.584817076 0.479322515 2.20736175 2.87184385 4.41472351 6.62208526
0.707516514 0.19663428 0.580412069 0.479294265 2.20723166 2.8716746 4.41446332 6.62169498
0.707672698 0.2999416 0.584817076 0.479266113 2.20710201 2.87150592 4.41420403 6.62130604
0.707828883 0.574318632 0.589222083 0.479238058 2.20697282 2.87133783 4.41394563 6.62091845
0.707985068 0.682535098 0.590260434 0.479210101 2.20684407 2.87117033 4.41368814 6.6205322
0.708141252 0.465740169 0.591298784 0.47918224 2.20671577 2.87100341 4.41343154 6.6201473
0.708297437 0.13583793 0.592126368 0.479154478 2.20658792 2.87083707 4.41317583 6.61976375
0.708453622 0.0977771961 0.591298784 0.479126812 2.20646051 2.87067131 4.41292102 6.61938153
0.708609806 0.684803548 0.590260434 0.479099244 2.20633356 2.87050614 4.41266711 6.61900067
0.708765991 1.7730168 0.589222083 0.479071773 2.20620705 2.87034154 4.41241409 6.61862114
0.708922176 2.65129235 0.590260434 0.479044399 2.20608099 2.87017754 4.41216197 6.61824296
0.70907836 2.50583794 0.591298784 0.479017123 2.20595537 2.87001411 4.41191075 6.61786612
0.709234545 1.41730743 0.590260434 0.478989944 2.20583021 2.86985127 4.41166042 6.61749063
0.70939073 0.397575088 0.589222083 0.478962862 2.20570549 2.869689 4.41141098 6.61711647
0.709546914 0.15278172 0.590260434 0.478935877 2.20558122 2.86952733 4.41116244 6.61674366
0.709703099 0.383875365 0.591298784 0.478908989 2.2054574 2.86936623 4.41091479 6.61637219
0.709859284 0.41506526 0.590260434 0.478882198 2.20533402 2.86920571 4.41066804 6.61600207
0.710015468 0.298546867 0.589222083 0.478855505 2.20521109 2.86904578 4.41042219 6.61563328
0.710171653 0.625578847 0.584817076 0.478828908 2.20508861 2.86888643 4.41017722 6.61526583
0.710327838 1.31177279 0.580412069 0.478802409 2.20496658 2.86872766 4.40993315 6.61489973
0.710484022 1.46589066 0.584817076 0.478776006 2.20484499 2.86856947 4.40968998 6.61453497
0.710640207 0.832148747 0.589222083 0.478749701 2.20472385 2.86841186 4.4094477 6.61417154
0.710796392 0.322586016 0.590260434 0.478723492 2.20460315 2.86825483 4.40920631 6.61380946
0.710952576 0.854076271 0.591298784 0.478697381 2.20448291 2.86809839 4.40896581 6.61344872
0.711108761 2.18755709 0.590260434 0.478671366 2.2043631 2.86794252 4.40872621 6.61308931
0.711264946 3.2006004 0.589222083 0.478645449 2.20424375 2.86778724 4.4084875 6.61273125
0.71142113 3.28793345 0.584817076 0.478619628 2.20412484 2.86763253 4.40824968 6.61237452
0.711577315 2.66505927 0.580412069 0.478593904 2.20400638 2.86747841 4.40801276 6.61201913
0.7117335 1.75933335 0.579528125 0.478568277 2.20388836 2.86732487 4.40777672 6.61166508
0.711889684 1.13205552 0.578644181 0.478542747 2.20377079 2.8671719 4.40754158 6.61131237
0.712045869 1.44472531 0.579528125 0.478517314 2.20365367 2.86701952 4.40730733 6.610961
0.712202054 2.42990087 0.580412069 0.478491977 2.20353699 2.86686772 4.40707397 6.61061096
0.712358238 2.79320524 0.579528125 0.478466737 2.20342075 2.86671649 4.40684151 6.61026226
0.712514423 1.8125533 0.578644181 0.478441595 2.20330497 2.86656585 4.40660993 6.6099149
0.712670608 0.38596727 0.576481407 0.478416548 2.20318963 2.86641579 4.40637925 6.60956888
0.712826792 0.0907423301 0.578644181 0.478391599 2.20307473 2.8662663 4.40614946 6.60922419
0.712982977 1.18400869 0.579528125 0.478366746 2.20296028 2.8661174 4.40592056 6.60888083
0.713139162 2.27082386 0.578644181 0.47834199 2.20284627 2.86596908 4.40569254 6.60853882
0.713295346 2.27796963 0.576481407 0.478317331 2.20273271 2.86582133 4.40546542 6.60819813
0.713451531 1.51792293 0.574318632 0.478292768 2.2026196 2.86567416 4.40523919 6.60785879
0.713607716 0.774125237 0.573775892 0.478268302 2.20250693 2.86552758 4.40501385 6.60752078
0.7137639 0.37352183 0.573233152 0.478243933 2.2023947 2.86538157 4.4047894 6.6071841
0.713920085 0.232531202 0.57148789 0.47821966 2.20228292 2.86523614 4.40456584 6.60684876
0.71407627 0.405661582 0.573233152 0.478195483 2.20217158 2.86509129 4.40434317 6.60651475
0.714232454 0.766184807 0.573775892 0.478171404 2.20206069 2.86494701 4.40412138 6.60618208
0.714388639 0.768175284 0.573233152 0.478147421 2.20195025 2.86480332 4.40390049 6.60585074
0.714544824 0.279945346 0.57148789 0.478123534 2.20184024 2.8646602 4.40368049 6.60552073
0.714701008 0.0253376608 0.569742628 0.478099744 2.20173069 2.86451766 4.40346137 6.60519206
0.714857193 0.616169162 0.57148789 0.47807605 2.20162157 2.8643757 4.40324315 6.60486472
0.715013378 1.55485623 0.573233152 0.478052453 2.2015129 2.86423432 4.40302581 6.60453871
0.715169562 1.89947287 0.573775892 0.478028952 2.20140468 2.86409352 4.40280936 6.60421404
0.715325747 1.63443608 0.574318632 0.478005548 2.2012969 2.86395329 4.4025938 6.60389069
0.715481932 1.46324428 0.576481407 0.47798224 2.20118956 2.86381364 4.40237912 6.60356868
0.715638116 1.57998258 0.578644181 0.477959028 2.20108267 2.86367457 4.40216534 6.603248
0.715794301 1.43055035 0.579528125 0.477935913 2.20097622 2.86353608 4.40195244 6.60292866
0.715950486 0.720538711 0.580412069 0.477912895 2.20087021 2.86339816 4.40174043 6.60261064
0.71610667 0.108429056 0.584817076 0.477889972 2.20076465 2.86326083 4.4015293 6.60229395
0.716262855 0.243700807 0.580412069 0.477867146 2.20065953 2.86312406 4.40131907 6.6019786
0.716419039 0.772815318 0.579528125 0.477844416 2.20055486 2.86298788 4.40110972 6.60166458
0.716575224 0.902439439 0.578644181 0.477821783 2.20045063 2.86285227 4.40090126 6.60135188
0.716731409 0.580412069 0.576481407 0.477799245 2.20034684 2.86271724 4.40069368 6.60104052
0.716887593 0.622808555 0.574318632 0.477776804 2.2002435 2.86258279 4.40048699 6.60073049
0.717043778 1.54136912 0.573775892 0.47775446 2.20014059 2.86244891 4.40028119 6.60042178
0.717199963 2.73350372 0.573233152 0.477732211 2.20003814 2.86231561 4.40007627 6.60011441
0.717356147 2.9654487 0.573775892 0.477710059 2.19993612 2.86218288 4.39987224 6.59980836
0.717512332 1.83655744 0.574318632 0.477688003 2.19983455 2.86205073 4.3996691 6.59950364
0.717668517 0.423952932 0.576481407 0.477666043 2.19973342 2.86191916 4.39946684 6.59920026
0.717824701 0.019325563 0.574318632 0.477644179 2.19963273 2.86178816 4.39926546 6.5988982
0.717980886 0.510278225 0.576481407 0.477622411 2.19953249 2.86165774 4.39906498 6.59859746
0.718137071 0.742480354 0.574318632 0.47760074 2.19943269 2.8615279 4.39886537 6.59829806
0.718293255 0.315545067 0.573775892 0.477579164 2.19933333 2.86139863 4.39866666 6.59799998
0.71844944 0.206960719 0.573233152 0.477557685 2.19923441 2.86126994 4.39846882 6.59770324
0.718605625 1.19268141 0.57148789 0.477536301 2.19913594 2.86114182 4.39827188 6.59740781
0.718761809 2.34728807 0.573233152 0.477515014 2.19903791 2.86101428 4.39807581 6.59711372
0.718917994 2.2274562 0.573775892 0.477493823 2.19894032 2.86088731 4.39788063 6.59682095
0.719074179 0.966315628 0.574318632 0.477472728 2.19884317 2.86076092 4.39768634 6.59652951
0.719230363 0.0606335479 0.576481407 0.477451728 2.19874646 2.8606351 4.39749293 6.59623939
0.719386548 0.147578583 0.578644181 0.477430825 2.1986502 2.86050986 4.3973004 6.59595061
0.719542733 0.448391354 0.579528125 0.477410018 2.19855438 2.8603852 4.39710876 6.59566314
0.719698917 0.415995004 0.580412069 0.477389307 2.198459 2.86026111 4.396918 6.59537701
0.719855102 0.578644181 0.584817076 0.477368691 2.19836406 2.86013759 4.39672813 6.59509219
0.720011287 1.23771131 0.589222083 0.477348172 2.19826957 2.86001465 4.39653914 6.59480871
0.720167471 1.51931056 0.590260434 0.477327748 2.19817552 2.85989228 4.39635103 6.59452655
0.720323656 0.835255782 0.589222083 0.477307421 2.1980819 2.85977049 4.39616381 6.59424571
0.720479841 0.150084162 0.584817076 0.477287189 2.19798873 2.85964927 4.39597746 6.5939662
0.720636025 0.761849601 0.589222083 0.477267053 2.197896 2.85952863 4.39579201 6.59368801
0.72079221 2.23828741 0.590260434 0.477247013 2.19780371 2.85940856 4.39560743 6.59341114
0.720948395 2.94558038 0.591298784 0.477227069 2.19771187 2.85928906 4.39542374 6.5931356
0.721104579 2.16320506 0.592126368 0.47720722 2.19762046 2.85917014 4.39524093 6.59286139
0.721260764 0.822281984 0.592953952 0.477187467 2.1975295 2.85905179 4.395059 6.5925885
0.721416949 0.118180379 0.592126368 0.477167811 2.19743898 2.85893402 4.39487795 6.59231693
0.721573133 0.219749741 0.591298784 0.47714825 2.19734889 2.85881682 4.39469779 6.59204668
0.721729318 0.623205037 0.590260434 0.477128784 2.19725925 2.85870019 4.3945185 6.59177776
0.721885503 0.842113746 0.589222083 0.477109415 2.19717005 2.85858414 4.3943401 6.59151015
0.722041687 0.611706505 0.584817076 0.477090141 2.19708129 2.85846866 4.39416258 6.59124388
0.722197872 0.147519543 0.580412069 0.477070963 2.19699297 2.85835376 4.39398595 6.59097892
0.722354057 0.164386468 0.579528125 0.47705188 2.1969051 2.85823943 4.39381019 6.59071529
0.722510241 1.00479445 0.580412069 0.477032893 2.19681766 2.85812567 4.39363532 6.59045297
0.722666426 1.79287747 0.584817076 0.477014002 2.19673066 2.85801248 4.39346132 6.59019198
0.722822611 1.50738913 0.580412069 0.476995207 2.1966441 2.85789987 4.39328821 6.58993231
0.722978795 0.624826714 0.579528125 0.476976507 2.19655799 2.85778783 4.39311598 6.58967397
0.72313498 0.563060108 0.578644181 0.476957903 2.19647231 2.85767636 4.39294463 6.58941694
0.723291165 1.56090141 0.579528125 0.476939394 2.19638708 2.85756547 4.39277415 6.58916123
0.723447349 2.21493265 0.580412069 0.476920981 2.19630228 2.85745515 4.39260456 6.58890685
0.723603534 1.77148046 0.584817076 0.476902663 2.19621793 2.8573454 4.39243585 6.58865378
0.723759719 1.50288414 0.580412069 0.476884441 2.19613401 2.85723622 4.39226802 6.58840204
0.723915903 2.46010644 0.579528125 0.476866315 2.19605054 2.85712762 4.39210107 6.58815161
0.724072088 3.28415748 0.580412069 0.476848284 2.1959675 2.85701959 4.391935 6.58790251
0.724228273 2.59599825 0.584817076 0.476830349 2.19588491 2.85691213 4.39176981 6.58765472
0.724384457 1.28747273 0.589222083 0.476812509 2.19580275 2.85680524 4.3916055 6.58740826
0.724540642 1.15927058 0.590260434 0.476794765 2.19572104 2.85669893 4.39144207 6.58716311
0.724696827 2.37828623 0.589222083 0.476777116 2.19563976 2.85659319 4.39127952 6.58691928
0.724853011 2.944014 0.584817076 0.476759563 2.19555892 2.85648802 4.39111785 6.58667677
0.725009196 1.78840676 0.580412069 0.476742105 2.19547853 2.85638342 4.39095706 6.58643558
0.725165381 0.599693043 0.584817076 0.476724742 2.19539857 2.85627939 4.39079714 6.58619571
0.725321565 0.87904158 0.589222083 0.476707475 2.19531905 2.85617594 4.39063811 6.58595716
0.72547775 1.69930415 0.584817076 0.476690304 2.19523997 2.85607305 4.39047995 6.58571992
0.725633934 1.59116567 0.580412069 0.476673228 2.19516134 2.85597074 4.39032267 6.58548401
0.725790119 0.603464256 0.579528125 0.476656247 2.19508314 2.855869 4.39016627 6.58524941
0.725946304 0.0337861782 0.580412069 0.476639361 2.19500538 2.85576783 4.39001075 6.58501613
0.726102488 0.591298784 0.584817076 0.476622571 2.19492805 2.85566724 4.38985611 6.58478416
0.726258673 1.50902122 0.580412069 0.476605876 2.19485117 2.85556721 4.38970234 6.58455352
0.726414858 1.98990522 0.579528125 0.476589277 2.19477473 2.85546776 4.38954946 6.58432419
0.726571042 1.93384329 0.578644181 0.476572773 2.19469872 2.85536887 4.38939745 6.58409617
0.726727227 1.43906298 0.576481407 0.476556364 2.19462316 2.85527056 4.38924632 6.58386948
0.726883412 0.745543936 0.574318632 0.476540051 2.19454803 2.85517282 4.38909607 6.5836441
0.727039596 0.385172183 0.573775892 0.476523832 2.19447335 2.85507565 4.38894669 6.58342004
0.727195781 0.677810614 0.573233152 0.476507709 2.1943991 2.85497905 4.38879819 6.58319729
0.727351966 1.22058723 0.57148789 0.476491682 2.19432529 2.85488302 4.38865057 6.58297586
0.72750815 1.24734948 0.573233152 0.476475749 2.19425191 2.85478756 4.38850383 6.58275574
0.727664335 0.634578207 0.573775892 0.476459912 2.19417898 2.85469267 4.38835796 6.58253695
0.72782052 0.0945069974 0.574318632 0.47644417 2.19410649 2.85459835 4.38821298 6.58231946
0.727976704 0.0573170746 0.573775892 0.476428523 2.19403443 2.85450461 4.38806886 6.58210329
0.728132889 0.191238504 0.574318632 0.476412972 2.19396281 2.85441143 4.38792563 6.58188844
0.728289074 0.140772298 0.576481407 0.476397515 2.19389163 2.85431882 4.38778327 6.5816749
0.728445258 0.0689742378 0.574318632 0.476382154 2.19382089 2.85422679 4.38764179 6.58146268
0.728601443 0.276539251 0.573775892 0.476366888 2.19375059 2.85413532 4.38750118 6.58125177
0.728757628 0.691381897 0.573233152 0.476351717 2.19368073 2.85404443 4.38736145 6.58104218
0.728913812 0.996838016 0.573775892 0.476336641 2.1936113 2.8539541 4.3872226 6.5808339
0.729069997 1.01062007 0.574318632 0.476321661 2.19354231 2.85386434 4.38708462 6.58062693
0.729226182 0.786260244 0.576481407 0.476306775 2.19347376 2.85377516 4.38694752 6.58042128
0.729382366 0.561998057 0.578644181 0.476291985 2.19340565 2.85368654 4.3868113 6.58021695
0.729538551 0.646910745 0.579528125 0.47627729 2.19333797 2.8535985 4.38667595 6.58001392
0.729694736 1.09133605 0.580412069 0.476262689 2.19327074 2.85351102 4.38654148 6.57981221
0.72985092 1.43741891 0.579528125 0.476248184 2.19320394 2.85342411 4.38640788 6.57961182
0.730007105 1.1698103 0.578644181 0.476233774 2.19313758 2.85333777 4.38627516 6.57941273
0.73016329 0.482901187 0.576481407 0.476219459 2.19307165 2.85325201 4.38614331 6.57921496
0.730319474 0.0973581637 0.574318632 0.476205239 2.19300617 2.85316681 4.38601234 6.57901851
0.730475659 0.259478164 0.573775892 0.476191114 2.19294112 2.85308218 4.38588224 6.57882336
0.730631844 0.441503413 0.574318632 0.476177084 2.19287651 2.85299812 4.38575302 6.57862953
0.730788028 0.240739972 0.576481407 0.476163149 2.19281234 2.85291463 4.38562468 6.57843701
0.730944213 0.00887347704 0.578644181 0.476149309 2.1927486 2.8528317 4.38549721 6.57824581
0.731100398 0.202730413 0.576481407 0.476135564 2.1926853 2.85274935 4.38537061 6.57805591
0.731256582 0.593573727 0.574318632 0.476121914 2.19262244 2.85266757 4.38524489 6.57786733
0.731412767 0.614515782 0.573775892 0.476108359 2.19256002 2.85258635 4.38512004 6.57768006
0.731568952 0.267982427 0.574318632 0.476094899 2.19249803 2.85250571 4.38499607 6.5774941
0.731725136 0.106886534 0.576481407 0.476081534 2.19243649 2.85242563 4.38487297 6.57730946
0.731881321 0.385793658 0.578644181 0.476068264 2.19237537 2.85234612 4.38475075 6.57712612
0.732037506 0.760706798 0.579528125 0.476055088 2.1923147 2.85226718 4.3846294 6.5769441
0.73219369 0.898580498 0.580412069 0.476042008 2.19225446 2.85218881 4.38450892 6.57676339
0.732349875 0.880504129 0.584817076 0.476029022 2.19219466 2.85211101 4.38438932 6.57658398
0.73250606 0.90208786 0.589222083 0.476016132 2.1921353 2.85203378 4.3842706 6.57640589
0.732662244 0.908562037 0.590260434 0.476003336 2.19207637 2.85195711 4.38415274 6.57622911
0.732818429 0.704487178 0.591298784 0.475990635 2.19201788 2.85188102 4.38403576 6.57605365
0.732974614 0.318460504 0.592126368 0.475978029 2.19195983 2.85180549 4.38391966 6.57587949
0.733130798 0.0310399205 0.592953952 0.475965518 2.19190221 2.85173053 4.38380443 6.57570664
0.733286983 0.0649187019 0.593263839 0.475953102 2.19184503 2.85165614 4.38369007 6.5755351
0.733443168 0.423085 0.593573727 0.47594078 2.19178829 2.85158231 4.38357658 6.57536487
0.733599352 0.996200218 0.593775932 0.475928554 2.19173199 2.85150906 4.38346397 6.57519596
0.733755537 1.6619589 0.593978137 0.475916422 2.19167612 2.85143637 4.38335223 6.57502835
0.733911722 2.22945042 0.59683559 0.475904385 2.19162068 2.85136425 4.38324137 6.57486205
0.734067906 2.38078212 0.599693043 0.475892443 2.19156569 2.8512927 4.38313138 6.57469706
0.734224091 1.87511218 0.600324539 0.475880595 2.19151113 2.85122171 4.38302226 6.57453339
0.734380275 0.907977676 0.600956035 0.475868842 2.19145701 2.8511513 4.38291401 6.57437102
0.73453646 0.130981414 0.601812926 0.475857185 2.19140332 2.85108145 4.38280664 6.57420996
0.734692645 0.0976049776 0.602669818 0.475845621 2.19135007 2.85101217 4.38270014 6.57405021
0.734848829 0.593978137 0.601812926 0.475834153 2.19129725 2.85094346 4.38259451 6.57389176
0.735005014 0.822950704 0.600956035 0.475822779 2.19124488 2.85087531 4.38248975 6.57373463
0.735161199 0.44211452 0.600324539 0.4758115 2.19119294 2.85080774 4.38238587 6.57357881
0.735317383 0.0863212705 0.599693043 0.475800316 2.19114143 2.85074073 4.38228286 6.57342429
0.735473568 0.494715827 0.59683559 0.475789227 2.19109036 2.85067428 4.38218072 6.57327109
0.735629753 1.38404064 0.599693043 0.475778232 2.19103973 2.85060841 4.38207946 6.57311919
0.735785937 1.80685806 0.600324539 0.475767332 2.19098953 2.8505431 4.38197907 6.5729686
0.735942122 1.42754402 0.600956035 0.475756527 2.19093977 2.85047836 4.38187954 6.57281932
0.736098307 0.934169719 0.601812926 0.475745816 2.19089045 2.85041419 4.38178089 6.57267134
0.736254491 0.94204556 0.602669818 0.4757352 2.19084156 2.85035058 4.38168312 6.57252468
0.736410676 1.15689775 0.603067037 0.475724678 2.19079311 2.85028755 4.38158621 6.57237932
0.736566861 1.17857853 0.603464256 0.475714252 2.19074509 2.85022507 4.38149018 6.57223527
0.736723045 1.36023519 0.603517043 0.47570392 2.19069751 2.85016317 4.38139502 6.57209253
0.73687923 2.18220626 0.60356983 0.475693682 2.19065036 2.85010183 4.38130073 6.57195109
0.737035415 3.14580584 0.604703715 0.47568354 2.19060365 2.85004106 4.38120731 6.57181096
0.737191599 3.17358847 0.6058376 0.475673491 2.19055738 2.84998086 4.38111476 6.57167214
0.737347784 2.0375822 0.606627175 0.475663538 2.19051154 2.84992122 4.38102309 6.57153463
0.737503969 0.816604313 0.60741675 0.475653679 2.19046614 2.84986215 4.38093228 6.57139842
0.737660153 0.646318975 0.606627175 0.475643915 2.19042117 2.84980365 4.38084235 6.57126352
0.737816338 1.34650666 0.6058376 0.475634245 2.19037664 2.84974572 4.38075329 6.57112993
0.737972523 1.88592632 0.604703715 0.47562467 2.19033255 2.84968835 4.3806651 6.57099765
0.738128707 1.83774876 0.6058376 0.475615189 2.19028889 2.84963154 4.38057778 6.57086667
0.738284892 1.5668473 0.606627175 0.475605803 2.19024567 2.84957531 4.38049133 6.570737
0.738441077 1.39421623 0.6058376 0.475596512 2.19020288 2.84951964 4.38040575 6.57060863
0.738597261 1.2418651 0.604703715 0.475587315 2.19016052 2.84946454 4.38032105 6.57048157
0.738753446 1.1153587 0.60356983 0.475578213 2.19011861 2.84941 4.38023721 6.57035582
0.738909631 1.39694447 0.603517043 0.475569205 2.19007712 2.84935603 4.38015425 6.57023137
0.739065815 1.9812983 0.603464256 0.475560292 2.19003608 2.84930263 4.38007215 6.57010823
0.739222 2.08289007 0.603067037 0.475551473 2.18999547 2.84924979 4.37999093 6.5699864
0.739378185 1.28788816 0.602669818 0.475542749 2.18995529 2.84919752 4.37991058 6.56986587
0.739534369 0.280327717 0.601812926 0.475534119 2.18991555 2.84914582 4.3798311 6.56974665
0.739690554 0.25082235 0.600956035 0.475525584 2.18987624 2.84909468 4.37975249 6.56962873
0.739846739 1.43355639 0.600324539 0.475517143 2.18983737 2.84904411 4.37967474 6.56951212
0.740002923 2.66139738 0.599693043 0.475508797 2.18979894 2.8489941 4.37959787 6.56939681
0.740159108 2.66717458 0.59683559 0.475500546 2.18976094 2.84894466 4.37952187 6.56928281
0.740315293 1.57653868 0.599693043 0.475492389 2.18972337 2.84889579 4.37944674 6.56917011
0.740471477 0.457333845 0.59683559 0.475484326 2.18968624 2.84884748 4.37937248 6.56905872
0.740627662 0.00674076002 0.593978137 0.475476358 2.18964955 2.84879974 4.37929909 6.56894864
0.740783847 0.171639041 0.593775932 0.475468484 2.18961329 2.84875256 4.37922657 6.56883986
0.740940031 0.494109142 0.593573727 0.475460705 2.18957746 2.84870596 4.37915492 6.56873239
0.741096216 0.64755154 0.593263839 0.47545302 2.18954207 2.84865991 4.37908414 6.56862622
0.741252401 0.6058376 0.592953952 0.47544543 2.18950712 2.84861444 4.37901423 6.56852135
0.741408585 0.465939827 0.592126368 0.475437934 2.1894726 2.84856952 4.37894519 6.56841779
0.74156477 0.327196984 0.591298784 0.475430532 2.18943851 2.84852518 4.37887702 6.56831554
0.741720955 0.268306516 0.590260434 0.475423225 2.18940486 2.8484814 4.37880972 6.56821459
0.741877139 0.31776655 0.589222083 0.475416012 2.18937165 2.84843818 4.37874329 6.56811494
0.742033324 0.443140515 0.590260434 0.475408894 2.18933887 2.84839554 4.37867773 6.5680166
0.742189509 0.565481544 0.591298784 0.47540187 2.18930652 2.84835345 4.37861304 6.56791956
0.742345693 0.600956035 0.592126368 0.475394941 2.18927461 2.84831194 4.37854922 6.56782383
0.742501878 0.535525714 0.592953952 0.475388106 2.18924313 2.84827098 4.37848627 6.5677294
0.742658063 0.448134248 0.593263839 0.475381366 2.18921209 2.8482306 4.37842418 6.56763627
0.742814247 0.41494762 0.593573727 0.475374719 2.18918148 2.84819078 4.37836297 6.56754445
0.742970432 0.394787075 0.593775932 0.475368168 2.18915131 2.84815152 4.37830262 6.56745394
0.743126617 0.305313841 0.593978137 0.47536171 2.18912158 2.84811283 4.37824315 6.56736473
0.743282801 0.260522073 0.59683559 0.475355347 2.18909227 2.84807471 4.37818454 6.56727682
0.743438986 0.520330161 0.599693043 0.475349078 2.1890634 2.84803715 4.37812681 6.56719021
0.74359517 1.05118549 0.600324539 0.475342904 2.18903497 2.84800016 4.37806994 6.56710491
0.743751355 1.38571028 0.600956035 0.475336824 2.18900697 2.84796373 4.37801394 6.56702091
0.74390754 1.11033743 0.601812926 0.475330839 2.18897941 2.84792787 4.37795881 6.56693822
0.744063724 0.409381702 0.602669818 0.475324947 2.18895228 2.84789257 4.37790455 6.56685683
0.744219909 0.00752753205 0.603067037 0.475319151 2.18892558 2.84785784 4.37785116 6.56677674
0.744376094 0.471748132 0.603464256 0.475313448 2.18889932 2.84782367 4.37779864 6.56669796
0.744532278 1.56518113 0.603517043 0.47530784 2.18887349 2.84779007 4.37774699 6.56662048
0.744688463 2.43636288 0.60356983 0.475302326 2.1888481 2.84775704 4.3776962 6.5665443
0.744844648 2.42476338 0.603517043 0.475296907 2.18882314 2.84772457 4.37764629 6.56646943
0.745000832 1.60911995 0.603464256 0.475291581 2.18879862 2.84769266 4.37759724 6.56639586
0.745157017 0.639407972 0.603067037 0.475286351 2.18877453 2.84766132 4.37754906 6.5663236
0.745313202 0.0982767678 0.603464256 0.475281214 2.18875088 2.84763054 4.37750175 6.56625263
0.745469386 0.00608547124 0.603517043 0.475276172 2.18872766 2.84760033 4.37745531 6.56618297
0.745625571 0.029220847 0.60356983 0.475271224 2.18870487 2.84757069 4.37740974 6.56611461
0.745781756 0.014821813 0.604703715 0.47526637 2.18868252 2.84754161 4.37736504 6.56604756
0.74593794 0.0328104915 0.6058376 0.475261611 2.1886606 2.84751309 4.3773212 6.56598181
0.746094125 0.0583915365 0.606627175 0.475256946 2.18863912 2.84748514 4.37727824 6.56591736
0.74625031 0.0106475951 0.6058376 0.475252376 2.18861807 2.84745776 4.37723614 6.56585421
0.746406494 0.0641186876 0.604703715 0.475247899 2.18859746 2.84743094 4.37719491 6.56579237
0.746562679 0.494242876 0.60356983 0.475243517 2.18857728 2.84740468 4.37715455 6.56573183
0.746718864 1.22170836 0.604703715 0.475239229 2.18855753 2.84737899 4.37711506 6.56567259
0.746875048 1.9459551 0.6058376 0.475235036 2.18853822 2.84735387 4.37707644 6.56561465
0.747031233 2.74513374 0.604703715 0.475230937 2.18851934 2.84732931 4.37703868 6.56555802
0.747187418 4.05113864 0.60356983 0.475226932 2.1885009 2.84730531 4.37700179 6.56550269
0.747343602 5.46770012 0.603517043 0.475223021 2.18848289 2.84728188 4.37696578 6.56544866
0.747499787 5.50833664 0.603464256 0.475219205 2.18846531 2.84725902 4.37693063 6.56539594
0.747655972 3.47061893 0.603067037 0.475215482 2.18844817 2.84723672 4.37689634 6.56534451
0.747812156 0.917218475 0.602669818 0.475211855 2.18843146 2.84721498 4.37686293 6.56529439
0.747968341 0.240218925 0.601812926 0.475208321 2.18841519 2.84719381 4.37683038 6.56524558
0.748124526 1.71145798 0.600956035 0.475204882 2.18839935 2.8471732 4.37679871 6.56519806
0.74828071 3.21166752 0.600324539 0.475201537 2.18838395 2.84715316 4.3767679 6.56515185
0.748436895 2.99776233 0.599693043 0.475198286 2.18836898 2.84713368 4.37673796 6.56510693
0.74859308 1.59437045 0.600324539 0.475195129 2.18835444 2.84711477 4.37670888 6.56506332
0.748749264 0.569284642 0.600956035 0.475192067 2.18834034 2.84709642 4.37668068 6.56502102
0.748905449 0.382397155 0.600324539 0.475189099 2.18832667 2.84707864 4.37665334 6.56498001
0.749061634 0.33871485 0.599693043 0.475186225 2.18831344 2.84706142 4.37662687 6.56494031
0.749217818 0.10788973 0.59683559 0.475183445 2.18830064 2.84704477 4.37660127 6.56490191
0.749374003 0.0636974762 0.593978137 0.47518076 2.18828827 2.84702868 4.37657654 6.56486481
0.749530188 0.304112534 0.59683559 0.475178169 2.18827634 2.84701315 4.37655267 6.56482901
0.749686372 0.389624543 0.599693043 0.475175672 2.18826484 2.84699819 4.37652968 6.56479452
0.749842557 0.165103299 0.600324539 0.47517327 2.18825377 2.8469838 4.37650755 6.56476132
0.749998742 0.0575527442 0.599693043 0.475170961 2.18824314 2.84696997 4.37648629 6.56472943
0.750154926 0.319161153 0.59683559 0.475168747 2.18823295 2.8469567 4.37646589 6.56469884
0.750311111 0.567227259 0.593978137 0.475166627 2.18822318 2.846944 4.37644637 6.56466955
0.750467296 0.514751732 0.593775932 0.475164601 2.18821386 2.84693186 4.37642771 6.56464157
0.75062348 0.469885362 0.593978137 0.47516267 2.18820496 2.84692029 4.37640992 6.56461488
0.750779665 0.69647342 0.59683559 0.475160833 2.1881965 2.84690928 4.376393 6.5645895
0.75093585 0.876316364 0.599693043 0.47515909 2.18818847 2.84689884 4.37637695 6.56456542
0.751092034 0.612812935 0.600324539 0.475157441 2.18818088 2.84688896 4.37636176 6.56454264
0.751248219 0.142771609 0.600956035 0.475155886 2.18817372 2.84687965 4.37634744 6.56452117
0.751404404 0.0530530467 0.601812926 0.475154426 2.188167 2.8468709 4.37633399 6.56450099
0.751560588 0.348475091 0.602669818 0.47515306 2.18816071 2.84686271 4.37632141 6.56448212
0.751716773 0.458073942 0.603067037 0.475151788 2.18815485 2.84685509 4.3763097 6.56446454
0.751872958 0.198852465 0.603464256 0.47515061 2.18814942 2.84684804 4.37629885 6.56444827
0.752029142 0.0453428209 0.603517043 0.475149527 2.18814444 2.84684155 4.37628887 6.56443331
0.752185327 0.382918459 0.60356983 0.475148538 2.18813988 2.84683562 4.37627976 6.56441964
0.752341512 0.941292265 0.604703715 0.475147643 2.18813576 2.84683026 4.37627152 6.56440727
0.752497696 1.19419048 0.6058376 0.475146842 2.18813207 2.84682546 4.37626414 6.56439621
0.752653881 1.04829858 0.606627175 0.475146135 2.18812882 2.84682122 4.37625763 6.56438645
0.752810065 0.779100984 0.60741675 0.475145523 2.188126 2.84681755 4.37625199 6.56437799
0.75296625 0.552347902 0.609561628 0.475145005 2.18812361 2.84681445 4.37624722 6.56437083
0.753122435 0.348607096 0.611706505 0.475144581 2.18812166 2.84681191 4.37624331 6.56436497
0.753278619 0.184570803 0.61225972 0.475144251 2.18812014 2.84680993 4.37624028 6.56436042
0.753434804 0.155583139 0.611706505 0.475144015 2.18811905 2.84680852 4.37623811 6.56435716
0.753590989 0.242919906 0.61225972 0.475143874 2.1881184 2.84680768 4.37623681 6.56435521
0.753747173 0.278971353 0.612812935 0.475143827 2.18811819 2.84680739 4.37623637 6.56435456
