%"","depth","PC1","PC2","PC3","PC4","PC5","PC6","PC7","PC8","PC9","PC10","PC11","PC12","PC13"
"1",25.29,-3.50836939700793,-1.24143960171343,0.683690276995596,-2.30912689280465,0.352387510434231,0.166994821961344,-0.915870082059439,0.564091073146867,0.529084537753607,0.513383591999622,-0.0662696016762347,-0.177475728578827,1.18793863634892e-14
"2",25.79,-3.53149193262828,-0.382700980501194,0.394417515326296,-1.42033424467021,-0.260288061296953,-0.284380380458752,-0.486082695406947,0.429404354600663,0.549161800343726,0.526320226632337,-0.0907306592377202,-0.191106701117017,1.22263310586845e-14
"3",26.29,-3.05490830016148,0.283941278584412,0.66907353447792,-0.662863249838892,0.27126419347905,0.0883152260970327,-0.489426356647637,0.473731457780523,0.432801958974938,-0.036707922512063,-0.0668180399361968,0.196673929630252,-5.21110932183433e-15
"4",26.79,-2.50672928517326,0.476745590211104,-1.35511408154479,-0.139165932463519,0.266923737351069,-0.0186090518563835,-0.466462771960266,0.789867915833831,0.458682323850766,0.00071321559777647,-0.188891941808011,0.0156446858810492,1.16434639707563e-14
"5",27.29,-2.11898620135592,0.341904246505567,-2.55679250647484,-1.11693939395042,0.40435956359172,0.615722419649798,0.209076039164367,1.63388054159099,0.377321757375693,-0.568271558877294,-0.193304928335779,0.2676936011145,1.47104550762833e-14
"6",27.79,-2.16485871252972,-0.781132885972836,-3.00680209494637,-1.48771981147151,0.733005245474895,0.185169320261849,0.836672820489238,1.08670854776047,0.608325330001833,0.199216089869407,0.228217211158166,0.165567162331881,1.3836154444391e-14
"7",28.29,-1.9322438651772,-2.9090598516616,1.70080616222607,-1.07763371489102,0.956953972817168,-0.0575077173635417,1.4494447717213,1.60036449729546,2.38815962142429,0.566721998112491,0.327196801988457,-0.301267367388301,7.49400541621981e-16
"8",28.79,-2.118318287401,-2.05353220340395,0.976054401080754,0.217449535548512,1.67055604765749,-1.64199279644204,-1.19166378582032,-1.2844269338591,0.00823227519423078,0.922182514650959,0.517818595355601,-0.110493481203281,-3.3584246494911e-15
"9",29.29,-1.04794606983225,-0.391630637738526,-2.37463982263747,-0.255453327713535,2.71162148145046,0.323334234882985,0.525103801921431,-0.233779692167444,0.113558564686348,0.277881595558452,-0.0449023640658911,-0.399395895293294,-1.74027459109993e-14
"10",29.79,-2.24619394478276,-0.725851841568487,-2.81734094573658,0.846968342746885,0.804319374813441,0.0679757709683753,-0.134644792551262,0.0146655841593637,-0.433812531600485,-0.160065036796203,-0.132074342912299,-0.278297998335286,1.2490009027033e-15
"11",30.29,-2.53375279547785,-2.2578150440295,-0.96204797964246,0.52664625401165,0.496995921298636,-0.207260408758728,1.25871241333989,0.396766938401627,0.927518826761382,-0.346504434335131,0.181659963026386,-0.275487317321577,1.59594559789866e-14
"12",30.79,-2.03851520932863,-2.79816490915424,-1.97965572167711,-1.21145311316729,0.913140777101914,-0.649162566934839,0.493152154173778,0.0111317190582547,-0.324038555319794,-0.370360556885136,0.315280845759553,-0.0636671461258948,1.2864709297844e-14
"13",31.29,-3.44625315418803,-2.58569262172937,-1.17026408815102,-0.272779815176623,0.421758180604252,-0.411125151475059,0.278622492668209,0.432439576033216,-0.412178754179155,-0.0760245741318922,0.0181752232831446,-0.23510188514905,-1.64729341278758e-14
"14",31.79,-3.40014644723012,-2.40915728497252,-0.112453690066393,0.0612977221798119,-0.337067330562247,-1.84332146234472,-0.394654479079273,0.213888328988755,-0.0902126520322146,-0.511750511315724,0.173140173119981,-0.111632895723793,-8.43769498715119e-15
"15",32.29,-2.94365212779411,-1.1984590164631,0.958849542456109,0.59919375524571,1.79405674615728,-1.17808480475604,0.52228405837936,0.316469241149742,-0.179119764188049,-0.528977869514522,-0.162379972582843,-0.0609319976914179,5.17641485231479e-15
"16",32.79,-2.6835811994683,-1.71645378527598,-1.21166032188961,0.717996772584973,1.93853057979401,-0.517939808682349,0.701596689373981,0.657553740081985,-0.630474580156156,-0.120401971359737,-0.0283742086371264,-0.205256504046922,-8.50361447923831e-15
"17",33.29,-1.68085500587911,-2.05035664587415,-0.830045855686648,1.59915997820104,1.36342981155182,-0.581294768717776,0.818406829570926,-0.120944389373968,0.465109130962204,0.210393793298081,0.358957625914747,-0.0035077128693933,-7.38298311375729e-15
"18",33.79,-0.604743236691536,-2.00145785542366,-2.52686175224927,1.46882165787792,-0.244902175463689,-1.09892298225008,-0.157881989788596,-0.571931033950601,0.491249078342383,0.253842233506517,0.372940926485465,-0.00164866771366185,-1.35447209004269e-14
"19",34.29,0.50788963883844,-2.18215202573578,-1.14207899345487,0.162505970394437,-0.0736350840903883,-0.753280847937505,0.321952541122861,-0.622966066352972,0.81346494455008,-0.573009178628507,0.158394385042758,0.237289549392101,7.49400541621981e-16
"20",34.79,-2.03419005684759,-1.18738578810372,-0.198895471813592,0.740659450870226,1.08286597653832,0.219831015970197,-0.496674161481227,-0.57552840013455,-0.0786024185138116,0.573964143825594,-0.109475597350892,-0.0654928409641843,1.61433366674402e-14
"21",35.29,-2.28234159933198,-0.826625796448206,0.964913800070088,1.40289290861344,0.392508293416764,-0.495026149411407,0.0251741695411793,0.0212523031010903,0.816405905021298,0.259959414608325,0.0969030374658088,-0.0366372017566022,1.16295861829485e-14
"22",35.79,-1.82453226264401,-1.00443737174091,-1.38412968385399,0.0321353641909903,-0.505198202847044,-1.16538900721575,0.525458521702866,0.340013854672605,0.31839114790244,0.276816907270574,0.127995423784386,-0.172665773227087,1.53488333154428e-14
"23",36.29,-2.48369519027747,-0.111621871438058,0.581898338468743,1.97683651705134,0.835226025046025,-0.974691105636253,0.930459925038777,0.0511288635978473,0.848851810627608,0.437530449408745,0.518733957520377,0.144613374326642,5.32907051820075e-15
"24",36.79,-1.81468532863455,-0.297535996373304,0.595510025728766,0.941782266233494,2.02948072375287,-0.628768434125573,0.0783985119160836,-0.682085677234366,0.612684233948073,0.207556549478513,0.191877397385444,0.186387253391247,-1.33365540833097e-14
"25",37.29,-1.3085313235691,0.814625879365808,-0.319237102781071,1.36960188849708,3.49304415416867,-0.0283309852026865,-0.485658262566165,-0.718670677220328,-0.0174674173650805,0.434068663453093,-0.240153893081333,0.0180341156611678,1.12687636999453e-14
"26",37.79,-1.07125403925586,1.77870942361393,-2.54985320721534,1.10654238238856,3.4374890624817,-0.336997160490177,-0.413681766608024,0.422066899450848,0.00673900812677919,-0.183651313958249,-0.511857172555939,-0.394287259761129,9.99200722162641e-16
"27",38.29,-2.60803484205437,1.93431153596574,-3.70213408523684,1.52300805183506,0.757722832497356,-1.10484095535502,-0.607317529625958,1.08805275710315,0.556222121508945,0.134416041639847,-0.372349024235488,-0.0345770563461914,4.38538094726937e-15
"28",38.79,-1.25484685563777,0.3273347637651,-4.02642552405197,-0.878611816636027,1.01780980237262,-0.728783736509684,-0.613136070222595,1.16829063183785,0.619126334111932,-0.310015439099626,-0.243198273801529,0.0598933149936686,-1.48284162726497e-14
"29",39.29,-1.64467935284179,0.12100978138772,-3.17255295977948,-1.09478613054491,0.0607980794979874,-0.86519986888581,-0.883273357701105,1.3643706265159,0.47680758173564,-0.315538791595798,-0.444618763688909,0.0850194598714846,-5.56152346398164e-15
"30",39.79,-1.89184802630902,0.285569787240512,-1.94935639244564,0.41680588819605,0.993862361746797,-0.0713098913443175,0.220258650880063,1.30443429444193,0.881025719235303,-0.330497958194405,0.00871719366065575,0.103636668071539,2.03725925018716e-14
"31",40.29,-2.13159898760832,0.811112374932363,-1.35478327628475,1.06441755902753,1.12476323736476,-0.788335911920757,-0.260319156690721,0.543029072012882,-0.1960543580088,-0.130857070065079,-0.350111117525943,-0.340401997174664,1.42941214420489e-14
"32",40.79,-1.82620535260399,-0.0344696459527295,-1.65942848813502,0.541531995648676,0.725125162662622,0.156349468181869,-0.904572218390323,0.101250481663116,0.0155465032944817,-0.0119048505342255,-0.261182336352844,0.417799390051012,-1.26287869051112e-15
"33",41.29,-1.29580625689903,-0.243973359942926,-1.67996630291843,0.667137751060939,0.972057104368794,0.251741153178283,0.0392012513947055,0.241113994213619,0.526234848066065,0.110239434483428,-0.284642215749807,0.00934764716418469,-1.0991207943789e-14
"34",41.79,-2.21992082509479,-0.161989518849076,0.0341517461036982,0.780665004945322,0.924971175732601,-0.597234442934868,-0.202130836796656,0.342884490695968,0.501124482075518,-0.203911032648279,-0.0402946233136609,-0.17258523980024,-1.4960255256824e-14
"35",42.29,-2.75507209756563,1.02352883690367,-0.341551774780612,0.930668204764149,-0.314988917146746,-0.908344653557824,-0.72798433385175,0.0985421720999266,0.429803353853867,-0.344151459445406,-0.0802464836025796,0.0761850239140617,1.4432899320127e-15
"36",42.79,-3.01425257937254,0.815823917214844,-0.55488880923649,0.650761485794302,0.408174390849577,-0.178144355523547,-1.17707759687787,-0.376076691973369,-0.047398028459437,-0.226397897910593,-0.2885230249277,-0.205205039943226,-8.02136135291676e-15
"37",43.29,-2.42582235873038,0.618356728268081,-1.6309607736492,1.06515984360989,0.000276316640421492,-0.383724502069772,0.632805178898234,0.441199303539747,0.78646805219219,-0.120573684779607,0.201015587007409,-0.0607372978985429,-4.88498130835069e-15
"38",43.79,-2.44079529954608,0.262139117903573,-0.0795587374417581,0.540831504610061,1.39245550170024,-0.284423224845343,0.96104480096413,0.0145605204504161,0.874678917636758,0.167633328164596,0.368082220809285,-0.25251117976636,1.17510168262669e-14
"39",44.29,-2.88795175532666,-0.200306769981379,0.0342866700225601,0.863580676660648,0.826858570071487,-0.878874610342164,0.798685313440845,0.0592290667138179,0.304371149445514,0.233704228313474,0.23197376760816,-0.501302820658042,-6.18949336228525e-15
"40",44.79,-2.74360791062166,0.90901719487454,-1.53348538483313,0.13424934572164,2.92274928275582,-1.35256694799081,0.113424070496054,0.295916622379142,-0.2532108275237,0.0340733027658644,0.593888715853835,-0.100519427359659,-1.85407245112401e-14
"41",45.29,-3.47867338020029,0.51880433955437,-0.66302184338531,1.23053486444532,2.37815113217343,-1.48893626409821,-0.134336765603567,0.124320850492931,-0.387415986778399,-0.150852438882467,0.293597270996305,-0.18196534795536,-3.21270787750905e-15
"42",45.79,-3.51644874470711,-0.217891448096512,-1.26962634274696,0.503061474401108,1.37480490458146,-0.536089208447696,0.410553878310365,0.388183050065961,-0.212231169044592,0.290438252053731,0.0594279110322138,-0.218349598075572,-3.6498581934552e-15
"43",46.29,-3.25136373751314,-0.302631166884279,-2.49149711416191,0.317342319054758,0.195736854604432,-0.235490325558476,0.330476511804903,0.343369424795654,-0.251032801685144,0.122774928283109,0.0495322971796155,-0.339236487517438,3.60822483003176e-15
"44",46.79,-3.05752751300573,-0.838629120338617,-0.991038353916256,-0.55198218699818,0.0443867746839305,-0.201666240654166,-0.607566064038503,0.283039830497415,-0.0595134297699731,0.18652364124952,0.0456268204253879,-0.343713969466717,1.93525750979973e-14
"45",47.29,-1.60391161829518,0.00676424053195588,-0.0647557242733872,-0.547900090088389,0.368855260479615,-2.16076686831317,-0.643459107442347,-0.208255926821586,1.23699603625803,-0.334015163352529,0.370900221946357,-0.131390703844792,1.02071129326475e-14
"46",47.79,-1.18382168205638,0.317663453551118,-0.76988704159784,0.538183381330643,-0.0322738543535452,-2.4304433854164,-0.300516579963115,-0.699384097804571,1.06918751021286,-0.260625125350865,0.2509969640029,-0.299087085583055,-4.13558076672871e-15
"47",48.29,-0.993377293334717,-0.0691759305860105,-1.39495134069352,0.520995966837669,0.816805603123016,-1.52970786196135,0.143371846721897,-0.372174835355365,0.452141529182494,0.198178243876442,0.00416378357016449,-0.293021512242717,-1.94011473553246e-14
"48",48.79,-0.85322424639894,-0.58136226905455,-0.416222865057285,0.0766979457378265,0.246082996500616,-1.81515412900792,-0.362404496120522,-0.195044999333063,0.871689150596781,-0.0892482313431259,0.276109394363567,-0.105064313189831,6.31439345255558e-15
"49",49.29,-0.610793823391238,0.167502755634092,-2.34822695790381,0.301264148388191,-0.0789933952920124,-1.29769276404294,-0.776598392105863,0.309323773138909,-0.598921450226137,0.300855125418093,-0.124567770268587,-0.32969658392132,6.02295990859147e-15
"50",49.79,-0.724671732462997,0.134177998220415,-1.6936168587277,2.92351635954124,-0.198218765182107,-0.9678318090775,-0.0418551261910357,0.373016427510846,-0.921408907969216,0.300127318194771,0.000499918311806215,-0.153831707881321,1.22124532708767e-14
"51",50.29,0.211868023962021,-0.879672220177147,-0.826461542042609,-0.304895448364605,0.513125860503781,-0.998647920204827,0.395637120710154,0.94173633650734,0.519418759057404,0.0664997963957527,-0.29493154710692,-0.555663184459741,2.21350715534641e-15
"52",50.79,-0.122301397204382,0.194327651179232,0.306396269067093,0.532885561136505,1.16455202752673,0.231763314593077,0.00973934351905349,0.830998248455736,-0.461952708756022,-0.166156605580594,-0.382553500349114,-0.169233102585107,4.77395900588817e-15
"53",51.29,-0.143223245349773,0.947464893639349,-1.52016457525209,0.33409304721176,-0.128861515240824,-0.660982215531877,-0.724459448715302,0.359667718212784,-0.433093391869542,0.0831384847476106,-0.131803164650524,-0.222272008732125,1.01585406753202e-14
"54",51.79,-0.747452843818876,1.17690268771862,-0.65842744410214,0.16812158761037,1.08743494244639,-0.115884951849265,-0.407884719425855,0.738518161911751,-0.102945069605245,0.205972508097394,-0.150061087585303,-0.407231228011545,-3.8441472227646e-15
"55",52.29,-0.304415541032167,1.63876863599872,-0.324491407122107,0.797899386841913,0.67620315260646,-0.385616450088889,-0.208276782610185,0.531346708634793,0.0398274511086637,-0.0403097790693455,0.194047437542113,-0.136058133516497,-1.5334955527635e-14
"56",52.79,-0.599353744771446,1.88659041533494,0.358067428396663,0.00447991518443297,0.813228206789461,0.509590435549141,-0.356930126212935,0.797385676969774,0.151284946303081,-0.290662128336513,-0.433324369449688,-0.281428800071578,-1.56819002228303e-15
"57",53.29,0.171812790242718,1.8632826149413,-0.97195935455695,-0.504070098305435,1.13316505492218,1.1907831308942,0.097220953913083,0.640943728293788,-0.135078319364097,-0.134611236354468,-0.282561957710832,0.341913401762515,6.41153796721028e-15
"58",53.79,0.566417521755876,1.10906970279656,-2.30425561731272,-1.86715345522384,1.02544832625793,1.38906201825101,-0.0562542834939019,0.897497125665585,0.101797820992834,0.924406599709581,-0.3417466072251,0.162878709891663,-1.73194791841524e-14
"59",54.29,-0.663920523984915,1.49884191394698,-2.95353639150686,-0.606830265090946,0.231400399169984,1.08947925881193,-0.91187009279802,0.84459428891423,0.470330926541259,0.945119638268508,0.0662157899511623,0.363334450040378,4.10262102068515e-16
"60",54.79,0.316630249170301,1.84453307488288,-1.87995867925155,-0.707544109744897,0.63774357475726,0.367075903882133,-0.0869748483970832,0.439695176988633,1.01688681512385,0.0712666801430287,0.07164785066781,0.521248450503887,-1.24761312392252e-14
"61",55.29,-0.247802604519533,0.885108229494375,-2.7631366746662,-0.148517292837346,0.0790636911363844,0.749528668335517,0.461737510628907,0.617251629537097,1.47621938379588,0.292763572082784,0.261493761340138,0.655294809850373,1.79994907867354e-14
"62",55.79,-0.590156901639773,-0.0143115390619124,-1.77252544469483,0.418098340247222,0.144782632404802,-0.272884876270139,-0.150300444053929,-0.123279725835162,0.53441367214532,0.288752012327306,0.273120059205958,-0.213253113868219,1.31838984174237e-15
"63",56.29,-1.02571831606706,0.865358425717258,-2.07201062993589,1.73772101952925,-0.621342784605481,-0.760923240681068,-0.252452762259409,-0.212366205080115,0.410313248850236,0.125251968712584,0.300800412473316,0.238254485383876,-8.88178419700125e-16
"64",56.79,-0.354367596580838,-0.330243755756138,-2.41797810720052,-0.743958045822485,0.655461373131982,-0.574250577491553,-0.00603728479879163,-0.0343238457632363,-0.197752738355815,-0.137767062438249,-0.251290332076579,-0.0592961463630838,-3.77475828372553e-15
"65",57.29,-1.17444814672752,0.20773850655293,-2.55936707312356,0.394022760821148,0.875886843932206,-0.0245396740273596,0.800654306392413,0.409679131036372,0.261207895942228,0.653172607760535,-0.155970314719075,-0.157646710800567,-8.95117313604032e-15
"66",57.79,-1.61652658472087,0.34755466399989,-3.79646002888357,0.0240491545709223,-0.230238012054354,-0.0419920113874938,0.557406988738998,0.676393340767199,-0.845301492890071,0.505387844100042,0.0771613235862063,-0.0633638907702933,1.30451205393456e-14
"67",58.29,-1.50275761201501,-0.283011533963452,-1.59088145272922,-1.58732051171572,0.00890321006768235,-0.218298594216811,-0.168387617567211,0.818445523014373,0.855626734836464,-0.104579852498902,0.0410688213273606,-0.148307108712559,1.02695629777827e-15
"68",58.79,-2.00819196609864,0.0242144807752449,-0.786476010106276,-0.364361512273849,0.248442311345961,0.288508660458251,0.213480774361899,0.692558068384235,0.559914104776317,0.0288652207979039,0.0978392932601895,-0.170340236651181,1.55778168142717e-14
"69",59.29,0.090797555578283,-0.472475068805009,-1.72694970293216,-2.18284484608463,0.531083009077512,0.0516683163935941,0.338081361762346,-0.176496232494568,-0.117950097273185,-0.293614910831102,-0.271717523620532,-0.00516532014153324,9.65894031423886e-15
"70",59.79,0.957308652562769,-0.433948178053216,-1.85682096622688,0.0741832015874255,0.573181183984183,1.57434586382712,1.88259596396495,-0.818315489166412,-0.281926359156943,-0.0746704070684926,-0.670524770742767,0.191516175318831,4.30905311432639e-15
"71",60.29,-0.461555235122522,0.907962052592651,-1.17331977508448,1.34480671584169,-0.136833884327542,1.31911882298338,0.684038076371369,-0.821244502412001,1.06255070780319,0.0939100311084525,-0.299098989998909,0.0384160098400245,4.13558076672871e-15
"72",60.79,-2.13379394635912,0.901118285352561,-1.23091031162667,1.98444551755709,-1.17769633738692,-0.136482710590502,-0.523270370544749,-0.441602099424548,1.06942220649425,9.02973247998741e-05,0.142075238581278,0.19895337451583,-1.4432899320127e-15
"73",61.29,-1.19292973879758,-0.467102320096977,-1.32894728249908,-0.301374374678161,-0.530271831559022,-0.719077150105888,0.137014093562946,-0.594145430713809,0.619190216965104,-0.231081016098343,-0.059480470291743,-0.0611337768561814,1.48769885299771e-14
"74",61.79,-1.6162641511737,0.550500897187696,-0.0166083903522865,-0.718281939605288,0.581912758774811,-0.742393303409013,0.503307523816016,-0.358968639863799,1.03226228001931,-0.439023105723993,-0.0705804393756678,0.129561606885799,1.80966353013901e-14
"75",62.29,-1.32613101225878,0.557873626510474,-0.222834183289984,0.30622524054866,0.388585056557977,0.0803440951852539,0.676389393050653,-0.446052031124228,0.971384076402128,-0.550737466863976,-0.35832601641932,0.475238663568797,-1.6153745008296e-14
"76",62.79,-1.64375703271805,-0.272863112815772,-1.12835455816522,-0.279152770415319,1.06950897339914,0.0153551511631859,0.632351366374692,-0.656046346531871,0.360920111860872,-0.44377114426084,-0.235410190049627,-0.191529641473842,-1.87072579649339e-14
"77",63.29,-2.25901779603095,-0.990265201975631,-1.35325654425525,-1.86044728641839,-0.235492839934742,-1.30385694399971,0.0550390690003313,-0.100182648070745,0.790099355724992,0.396413554118244,0.131916993762633,-0.420319858930209,-2.91433543964104e-15
"78",63.79,-1.71931109018106,0.0932461876353986,-0.347786567619972,-0.761433723502088,-0.449108559908881,-1.16981250592142,0.139498609460492,-0.60312739204673,0.78293458909314,0.269886431044814,-0.045573838356336,-0.0529643115968913,1.04152797497647e-14
"79",64.29,-0.492438610850338,0.013828633959981,-1.782821503812,-1.67368773707596,0.671971102483815,-1.20743465999165,1.16243971590896,-1.20231665563813,0.17709421839995,0.225417886225479,-0.421122970488436,-0.0299450781244603,1.18516307878735e-14
"80",64.79,-1.60371294946485,0.936734871967997,-2.51711859217148,-0.537824397971476,0.993217784291085,-0.762171955498282,0.125717813155238,-1.15054862911094,-0.397111859207848,0.0276606677630138,-0.27737712610085,0.254743702992915,5.50254286579843e-15
"81",65.29,-4.27632572253273,0.0865590952850779,-2.90359039124924,0.693828467283826,-0.0172940832341433,-1.74820959442278,0.497859588094435,0.444030014934718,0.0126131095125991,0.136263512070149,-0.103445073890383,0.327165103918562,1.83186799063151e-15
"82",65.79,-5.15112732412713,-0.563588922503884,-1.63147248264502,1.07061117154886,0.547274241199272,-1.55825018078144,0.349547648513631,1.01642227327723,-0.411843764659396,0.578000514860029,-0.43288151571192,-0.0551367646501122,1.5931700403371e-14
"83",66.29,-3.32786109753593,-0.179352166731159,-1.08612271349988,-0.287941510164737,0.285503727116375,-1.66718184991653,0.539146453171521,-0.360184099182408,-0.820398371234597,0.75593818948626,-0.0209764229497156,0.0366632463233853,-7.50788320402762e-15
"84",66.79,-1.81944973291302,0.730935701192658,-2.00018814573979,-0.667246373473964,0.63408668039765,-0.925659097447666,0.696158282025515,-0.445433626848684,0.0492710821108173,0.327120196038793,0.262851972872177,0.299830454514283,-1.80688797257744e-14
"85",67.29,-2.34928329931704,0.149150712589203,-3.052700758573,-0.551003988526673,0.461104329330754,-1.48347201769308,0.923955539146544,0.0558341199372784,-0.0956505737207297,0.473694928294207,0.20527465811588,0.0284689603758963,8.21565038222616e-15
"86",67.79,-2.37514818052555,-0.852339439126398,0.72492782614595,-0.14712591643507,1.97458531145201,-0.998716501202983,1.04193176827787,0.0720037471496823,1.34407682325976,0.304714521003921,0.0456302140054615,-0.164281321751219,-4.96824803519758e-15
"87",68.29,-2.24012083643278,1.20879142411433,-0.141703024275661,0.41310699223902,0.0816920103120599,-1.74607970441316,-0.442972433479149,-0.798126336724768,-0.409270623966187,0.2476365326839,-0.0466778764132398,0.119340565389675,-4.13558076672871e-15
"88",68.79,-2.09065159067924,0.572760244856372,0.70720418463251,1.47617179157358,0.607625659248869,-0.637630149334202,0.955875654323305,-0.732318268228371,0.33619114509043,0.456593420177586,-0.452924704933732,-0.285239037870264,1.1740608485411e-14
"89",69.29,-2.99642953728442,0.431626598183959,0.0140258738274151,0.479580121045406,-0.686574631826986,-0.376549998682191,0.376833516481672,-0.698838131811684,0.494486162217175,0.129757901185054,-0.16352835971177,0.28621636999448,1.6153745008296e-14
"90",69.79,-4.34249493766118,-0.0660206061805166,0.248762065754763,1.23720307156979,-0.733477301509297,-0.906113192446863,-0.00802785325115687,-0.13307496252841,0.33560406115848,0.151218031573178,-0.0118634044287672,0.325387769943882,-3.38618022510673e-15
"91",70.29,-3.31771091871962,-0.00608195107054983,-0.794940338047627,0.327970785200588,-0.0908483509191632,-1.69146152734587,-0.325912425300727,-0.322148062628253,-0.143166573530194,-0.067122689121522,-0.00536066914814636,0.389093239119543,-1.66255897937617e-14
"92",70.79,-2.3195889431061,0.149253127942202,-0.862079434675669,0.190128051076758,1.22472748122084,-0.764211473041779,0.309585178449055,-0.278372942828131,-0.126285335619686,-0.0587084241116184,-0.250330436760263,-0.0610260922989144,-1.12232272087009e-14
"93",71.29,-3.00005287913263,1.21245469689469,-1.37288979017177,1.14452237833926,0.00519210232806921,-0.319812387728764,0.255214912859806,-0.50790312528982,-0.0720306830465013,0.382037291732456,-0.17570594786552,0.150100128050599,-2.65343302885412e-14
"94",71.79,-2.3553479931777,0.859698546598734,-2.03806341841965,-0.485011463639037,0.0812903820304734,0.344126978046249,0.18287176970345,-0.517447058982295,-0.162478924563142,0.299299115807424,-0.193191268696358,0.478394871346528,1.75970349403087e-14
"95",72.29,-2.84073084079364,-0.012325100707979,-1.26101720219047,-0.596388903719734,-0.734040085809613,-0.574492895236069,0.622407123016583,0.102689109438077,-0.214956047646878,-0.0227313952886447,-0.221876620620413,0.0496423606084239,3.52495810318487e-15
"96",72.79,-2.83750356082476,0.0258900786138967,-0.50470847308868,-0.718740718574025,0.0786275242564475,-0.457898958309787,0.5570538353551,-0.145026994149019,0.201529256283725,0.332972367977508,-0.155230428727852,0.0510119622821116,1.77566295000986e-14
"97",73.29,-2.43198818531377,1.27345634941814,-1.36348559172549,0.37993144627317,0.987571541586022,-0.170013976046038,-0.0155921807047865,-0.734759314757709,0.185823922081663,1.09648877010493,-0.587599235279205,0.164584456408231,1.74513181683267e-14
"98",73.79,-1.59120752812689,1.5208213456198,-1.58876585987592,-0.0720655878640253,1.38885604063386,-0.956820984301059,0.59554529015968,-0.449505461857546,1.22987049695892,0.450846618465852,-0.57669561236415,0.398222931597125,-5.92581539393677e-15
"99",74.29,-2.06890092715889,1.1783166960394,-3.01528844839395,-0.163449351725214,0.0549418631804841,-1.51674837111176,0.239072318746024,-0.418444599290515,-0.0373174631380391,0.209239171795175,-0.275674819129669,0.32960808825155,-1.39332989590457e-14
"100",74.79,-3.08818528197624,0.284979155836533,-1.93377225084906,-1.25138811457872,-0.32309068759261,-0.26635417856294,0.523362612960398,-0.0169860525272664,0.126690189363819,0.373462071220318,-0.396830774617282,0.0821575472528529,-1.75554015768853e-14
"101",75.29,-2.40363855740639,0.576550383178817,-0.661426521543749,-0.629976839536777,-0.351352436593402,-0.733345325821744,0.369168448751193,-0.350075918659181,0.772457691205779,0.450433379881566,-0.0286444513619484,0.21626165773083,3.76088049591772e-15
"102",75.79,-0.768772025856295,1.12132142893892,-1.60530480895076,-0.155483686846985,-0.559651231304739,-1.72726821927254,0.463241847754948,-0.820848621088335,0.858870204226487,0.796131021038718,-0.549393820146059,0.344211919716805,1.43218770176645e-14
"103",76.29,0.528503639770218,0.793262136196021,-1.64310537951337,-1.31990960260429,0.58452136418277,-0.271768195857065,-0.164058355515814,-2.08909551300737,0.558514983039232,0.141098575109892,-1.08025927946478,0.696796299484195,-1.08801856413265e-14
"104",76.79,-0.261675454862477,1.05935449461931,-1.93407584839879,0.500040368529622,0.862286947220406,0.514591741907224,0.685316587415623,-1.65742673683099,0.166337312781307,0.218808104885773,-0.734739361044141,0.370263895842616,-1.67157954145125e-14
"105",77.29,-2.32568979155121,1.55594812932026,-2.17221529749528,0.445091404938651,-1.1783934841909,-0.867714885915095,-0.308080990495488,-0.263770347624135,0.367155299259535,-0.179278520083276,-0.383736406683969,-0.0392527433600894,-9.27036225562006e-15
"106",77.79,-2.74043080374064,0.927825140187458,-2.342721870113,1.06147418040026,-0.409915586970322,-0.536894384934455,0.510133783943379,0.410365398105938,0.560696531508186,0.267460020200102,0.0503689571830098,-0.229304142919651,3.10862446895044e-15
"107",78.29,-3.17296794826337,0.801328528117998,-0.629226552144459,1.79278110321554,-0.748182960904303,-1.82399253544172,0.329669138843112,-0.0442379684696184,0.13708701865075,0.133997530649927,-0.196562664344885,-0.527078029547066,-1.765254609154e-14
"108",78.79,-2.60939653551033,0.3597352543942,-0.28078910409587,0.596040438891996,-0.34908659266518,-1.09285575742535,0.867369734809137,-0.0860902327907074,-0.250522575749869,-0.27128329494635,-0.287551990255373,-0.250281490349516,3.21964677141295e-15
"109",79.29,-2.5878896599123,-0.186695833535263,-1.26351408057246,0.0305519018046068,0.371923547334603,-0.119562074594853,0.916297259984325,0.226007295887279,-0.21804321930259,-0.0091003294966769,-0.247215793888446,-0.43456924399918,4.14945855453652e-15
"110",79.79,-2.59528939849579,0.211926281843169,-1.51159725137681,0.207986187639559,-0.286493950173007,-0.967042491058475,0.0411911874865419,0.212530575488595,-0.395370035335067,-0.143222345072216,0.0446941030145194,-0.250568629967326,-1.74027459109993e-14
"111",80.29,-1.67117608585454,0.393769133190156,-1.31110576862019,-0.104746326183661,-0.105787675830662,-0.358153747680958,0.45136242622028,-0.138865644425974,-0.533275171880868,-0.301560652837115,0.0705577555133645,-0.0443876719529632,2.019218126037e-14
"112",80.79,-1.47492627477465,1.16179740865812,-0.884959235998865,-0.225213992894274,0.811951880599665,1.09584220268646,0.71084471809076,-0.156003866242706,-0.397137984160469,-0.200616812118438,-0.239318330052481,-0.229791236276896,-1.33434929772136e-14
"113",81.29,-2.61469767122036,1.16940466948388,-2.0125225916635,1.73496348389974,-0.776779860153292,0.0844873800923501,0.336033654514016,0.369897743350278,-0.305781776273625,-0.207924495819118,-0.213002425551989,-0.101917930081813,8.88178419700125e-15
"114",81.79,-1.29311417424563,0.11149820131347,-3.11689727088265,-0.90706810433522,-0.0732134232221936,-0.609525882708321,-0.355127932382954,0.486950602038247,-0.578649750005461,-0.554514330209643,-0.0610636435904999,-0.320736137924528,1.42247325030098e-14
"115",82.29,-0.263300740716059,0.566628364124134,0.445747359933919,1.4043768818444,-0.438633470581248,-0.851106809324965,-0.235031046239906,0.0333415789624922,0.167158453192309,-0.361912340315246,0.38675555728553,-0.0198215030735568,-9.71445146547012e-15
"116",82.79,2.88351319171282,2.75678356477739,-0.580985502252284,1.61918029076316,-0.209085386684821,-0.939785562043964,-0.162652501075885,-0.0678094250131502,-0.334090781950218,0.412740270688953,0.0430088531372836,-0.310962393197045,-1.51267887105178e-14
"117",83.29,4.27564934436327,5.42343289323511,0.0733186482719172,1.69220874602068,0.376269098244508,1.05865376298759,-0.0918298822369674,-0.211068308790823,0.0273658158896538,0.373184405736417,0.288059849526007,0.013706255750525,4.9960036108132e-16
"118",83.79,3.93063632269623,3.85582404628495,-2.24696278402003,-1.83864437952773,-0.662699974147079,1.85535025514337,0.794921365248714,0.712419333984659,-0.62070586084524,-0.198915163032706,0.400705420540876,-0.261750714181036,1.25732757538799e-14
"119",84.29,1.02261290909109,4.27610430341082,-1.34534900544864,-0.5418452390076,-0.66324455771524,1.19832411923018,0.112120383564662,0.73927766524833,0.112660794738105,-0.252757514016575,0.122170166613078,-0.511494091239495,6.77582989716541e-15
"120",84.79,-0.560679540340307,2.72695681061596,0.465732294032835,0.0728111408988159,0.681650048122298,1.95581179141513,1.0771139889528,0.650487286486012,0.744363164227144,-0.535734532718638,0.25084528319322,-0.160258365228555,6.06459327201492e-15
"121",85.29,-0.213611741105108,2.5582810482066,-2.07382945267708,-0.315544501184981,-0.270791407266227,0.184596387010123,-1.05019405492338,-0.341803957263484,0.224717703747324,-0.0704254660048219,0.0728327467556701,0.00517540320112611,-5.05151476204446e-15
"122",85.79,0.984156074268832,1.60819727915921,-1.11040347835319,1.53807149607426,-0.157612957353385,0.652978081434092,0.352688376583568,-0.163491465106544,0.871732161962678,-0.389091342929202,-0.312467942878608,-0.0465914773534141,2.28983498828939e-14
"123",86.29,1.59484886431753,0.447858200630378,-2.70186465693811,-1.12045187075919,0.786667789303274,0.642325216448251,-0.226454894020526,-0.674646492399646,0.306949771497006,-0.174117589475046,-0.4021894931304,-0.0074101011513796,-5.07927033766009e-15
"124",86.79,-1.24741702413871,0.382717324932486,0.1938929689967,-0.220429484620291,1.16239442329127,0.462553422310642,0.549733825223329,-0.0159740340084083,0.284171524476138,-0.197274567193839,-0.414359012609987,0.103724119579493,-7.105427357601e-15
"125",87.29,-3.22060377735269,0.776644352222341,-1.38372444698705,-0.717790807939164,-1.62430920280475,-1.37421084937742,-1.41536495193322,0.427761725068657,-0.203105949236059,-0.191596078051501,-0.157360085753942,0.0992540917975359,-1.33226762955019e-15
"126",87.79,-2.36353101677154,1.06128305513889,-0.0759834901505038,0.121582616224432,1.25085671470638,0.185242313224082,-0.0305541047705038,0.425453655230006,0.574547076886669,-0.341918259035815,-0.375165604819094,0.147117226070786,-3.12250225675825e-16
"127",88.29,-1.6004860973761,1.49892528946516,-1.81001407484061,0.589742344886035,0.197773352222946,0.386804023811029,0.695021652174326,0.190957695495221,0.938434851381281,-0.166401299555902,-0.212117752668623,0.255494751660533,3.19189119579733e-15
"128",88.79,-1.55614329335586,0.738464679164483,-0.0205025616870216,0.553942597286683,0.853435335010519,0.164424577248744,0.491712658453967,-0.182462945898256,0.226880104657974,0.0445763654485911,-0.0740654644913927,0.454523032292882,-2.31065167000111e-15
"129",89.29,-2.19291160979756,0.229808946576213,0.520546387214552,-0.399054721725939,0.371271580177885,0.0631811319598297,-0.332072429410023,-1.00875870729224,-0.329795065745809,0.249590624423686,-0.325962633479073,0.208423055633737,1.76247905159244e-14
"130",89.79,-0.968855739605092,-0.0255624608444826,-2.74580745397149,-1.67721118924902,0.495193789563752,-1.03830267850666,0.0730628627075312,-0.159991450318068,0.199924787844155,-0.100673069668599,0.248614882507833,0.14193443431446,1.05193631583234e-14
"131",90.29,-0.879681986052845,0.140911579824799,-0.984912470471437,-0.933232793813458,0.587871136151506,-0.722737102709919,-0.222500982802246,-0.656467873930583,-0.160952053509804,0.0875491386875001,-0.186989372452907,0.0790384312697246,-1.17128529097954e-14
"132",90.79,-1.23385777643123,0.927367275388473,-0.457033085019412,0.947534725318006,0.142193374182412,-0.625361262791168,-0.44441978229141,-0.405576235203978,0.636804997477717,-0.372427677237919,-0.241598988227459,0.16457969315327,-7.99360577730113e-15
"133",91.29,-1.71831937545422,2.15957890896326,-1.04745113262145,1.24009576267023,1.41806930301639,-1.01859615416791,-0.663607902804926,-0.220138977055851,-0.120549767869376,-0.244565405524781,-0.0936903061371017,-0.0178291507985539,-9.67281810204668e-15
"134",91.79,-1.87496872624817,1.21653195417414,-2.33912101278704,0.487518816974887,0.34729217750184,-1.00005810641393,-0.405265972471545,0.043868192548853,-0.353381680470097,-0.347607482108065,0.067347175271104,0.0266322923840848,-1.43218770176645e-14
"135",92.29,-4.00002116158136,0.176403078926644,0.0230571228306509,0.4880881747582,0.104854606953108,0.397602553463582,-0.474126524154128,0.360761390177962,0.303192643518362,0.382017281080156,0.0127006560802913,-0.0114530846022618,-8.52096171399808e-15
"136",92.79,-2.94245479444312,-0.327522691739933,-0.0952438553424481,0.216427611738512,-0.113880911881236,-0.486306520052057,-0.157969464204771,-0.139432270472715,0.242804574893193,0.185383204828065,-0.103356484619047,0.0538595049296012,1.44884104713583e-14
"137",93.29,-2.26534572412146,-0.873743967599931,0.0640302234694826,-1.68954497542807,0.866357075640102,-0.577253231503617,0.328271170124462,0.0935643385565849,0.296592069569946,0.1701353262472,-0.310359112152787,0.070508130641074,7.27196081129478e-15
"138",93.79,-2.47484760933078,-0.140669124000268,1.61339103261939,0.474561928333757,0.726321824758547,-0.544098258740198,0.556067215192357,-0.0806052164675196,0.108441464151648,-0.185732447654332,-0.318458529299322,0.226997560190292,1.11091691401555e-14
"139",94.29,-2.24883561066483,-0.693819473810444,0.844325134892129,-0.495050223809661,0.681960802477766,-1.73171941277526,0.0324791969887505,-0.545423519088583,0.450081856179373,-0.111040853257905,-0.142971787311132,0.0670560864318919,7.13318293321663e-15
"140",94.79,-2.28930967578551,-0.814812072513908,0.610840839680037,-0.362593471564371,2.05049321733398,-0.641990577658051,0.285732884224995,-0.38817572375852,0.134765801827964,0.14599363768088,-0.212274816666212,0.211252037403846,1.40165656858926e-14
"141",95.29,-2.35469746961687,-0.937437916768156,-1.05273032007163,-0.386326035157657,-0.429613840444899,-0.681829466263955,0.0325509137809578,-0.565181462825726,-0.288231421040754,0.00987817094190908,-0.29314191502682,0.165552624783936,1.29757316003065e-14
"142",95.79,-2.4045489025567,-0.549430210770693,-0.602096302144869,-0.540859841476971,-0.31791592801981,-0.84323628695209,-0.0621929525037959,-1.02298722179055,-0.48057781133433,0.468136187783068,-0.262490000883288,0.336132933139012,-1.41761602456825e-14
"143",96.29,-2.47451296049923,-0.153103901900664,-1.02446218908703,-0.526877170479506,-0.885174864939189,-0.68195082155193,-0.0881917309423567,-0.16778863710281,0.226678822023837,0.43067894441626,-0.32914527285805,-0.0305097635588771,1.82076576038526e-14
"144",96.79,-1.85293073302643,0.0712805819855699,0.5050588507427,-0.228732070902658,0.600735643741489,-0.677069909132676,0.290294363810963,-0.275199770990475,0.56105778218615,0.0720269403068798,0.00149164704856881,0.136200311824482,4.88498130835069e-15
"145",97.29,-1.55466275275776,-0.657169460979065,0.645231202952051,-1.20668196774629,-1.34935429445824,-0.166281926128526,-0.648428002464981,-0.533379078109561,0.419939726008804,-0.125527727714166,-0.168095040018229,0.0826588225778586,-1.58506020808691e-14
"146",97.79,-0.758769615706489,0.00731964826629442,0.794560797068371,0.103587529446508,-0.861153108780016,0.515990265257162,0.792900951412593,-0.632174739222718,0.242754101680216,0.038119412930677,-0.223693488090453,0.0557538151755276,-2.80331313717852e-15
"147",98.29,-0.48478240756964,0.92061529538766,-0.210349555571496,0.508184763077047,-1.70577610341085,1.99640264259694,-0.122076703937936,-1.19301886550673,-0.19582567332458,0.0963115158906871,-0.713874283414238,0.300071506246219,2.83106871279415e-15
"148",98.79,0.952480563825253,-0.0193963916272861,0.497406364394157,-1.16675166062114,-1.33208358449194,1.057513085393,0.867372514171218,-1.5869337368081,1.49191510676551,-0.136046092504532,-0.0787937138245104,0.107905770629262,1.46826995006677e-14
"149",99.29,-0.424890343157805,0.463740248476296,0.661409310140358,-0.229002517053086,-3.03815360681729,1.91990785019316,1.72024768171632,-0.562576250440448,1.934931745726,-0.15905393499065,-0.51058499341288,0.0670244074669214,-1.07136521876328e-14
"150",99.79,-0.96231042948762,-0.0424390374775896,1.16160928742074,-0.277765193706674,-1.12657777012694,-0.540401846767608,-0.0207585979268018,-1.38748333618913,0.99135528332719,0.0316344863444028,-0.1476150004547,-0.225315786156699,4.39925873507718e-15
"151",100.29,3.64793837209949e-05,-1.04778852599483,0.2286945509089,-0.0681924271363443,-0.598007431547652,-0.272170310102201,-0.355214830558425,-1.64622572634432,0.206896288468288,-0.431580721355462,-0.0452131752581723,0.191192885151496,-1.15983611603809e-14
"152",100.79,0.877861325834994,-2.16639474518416,-0.881763748416815,1.59161284276487,-1.56572009249104,-0.39056626084572,0.8011854788465,-1.59414732590621,0.221773149692629,-0.489666493157036,-0.181370217836156,-0.122767602521725,-1.0991207943789e-14
"153",101.29,0.428023071891549,-3.0252170054286,-1.08369933614498,2.00401159046828,-2.7196072902498,-0.144512257494382,1.37150115236541,-0.713459556880423,0.622567521726474,-0.577362639524555,-0.240031924242283,-0.193225771689574,5.55111512312578e-16
"154",101.79,-1.33763061006742,-1.26053480950499,0.130902902359167,0.0668997309234841,-0.646268812385839,-0.277029087399755,0.374093033119792,-0.939481433744779,0.246960360406975,-0.493288768858942,-0.069535122676489,0.0112091805514802,8.53483950180589e-15
"155",102.29,-2.17656998663475,-0.135766611687538,1.45107431662033,0.0652274553300788,-0.412819869221682,-0.575072663661311,0.450832440725348,-0.503351715549457,0.579356383148622,-0.316176391070041,-0.184349957133106,0.107543001406641,-1.38083988687754e-14
"156",102.79,-3.22764404747503,0.31732998573703,1.10095734217799,0.994906263565374,-1.04364269229389,-0.151934341262566,-0.0553146546787213,-0.567099325505355,1.01792227173718,0.494519901014537,-0.379390728349725,0.0602839382800668,2.33146835171283e-15
"157",103.29,-2.66646553132104,-0.0573620659380366,0.0929978118006344,-0.298563752489649,-0.19450585102757,-1.07737183108016,-0.124605229775019,-0.8836880806977,0.156168979346457,0.422502026984621,-0.574077289562396,-0.0117547221519179,-1.85407245112401e-14
"158",103.79,-2.11114901344726,-1.08029483585203,0.516145688495114,-2.15198883047743,0.76457941787109,-0.597814591732318,0.156487068634275,-0.454045781437109,0.512820025214608,-0.147309022772793,-0.606317694892202,0.192856277589324,-7.60502771868232e-15
"159",104.29,-2.22074391746548,-0.69827431559985,1.45049189130042,-0.621824873990508,-1.15023747905904,-0.602045689546842,-0.39805686883764,-0.342412791341628,1.32395644162206,-0.353864962961466,-0.500068392444826,0.0484089555974023,-2.85882428840978e-15
"160",104.79,-1.1132549005111,-0.372912557643032,1.31554332179901,-0.219333262441894,-0.145923470439534,-0.968045101754799,-0.135561380484128,-1.23476621014066,0.891303658222336,0.0678415797191936,-0.254792072978149,0.253549377304961,-6.93889390390723e-17
"161",105.29,-0.677782313730394,-0.313496386245598,0.145824008285391,-0.468990973452367,-1.47024883114463,-1.20078989786987,-0.0946707717423979,-1.26418675776673,0.33117734134657,0.13305166733105,-0.672477317314752,0.150212541857487,-1.45022882591661e-14
"162",105.79,-1.71223808160529,-0.215128357042816,1.27870884891928,-0.123796143740727,-1.030622233418,0.56561111257216,1.00267836805145,-0.384204676155303,1.34336424051338,0.0196860836033869,-0.38758538262896,0.232774477982415,-4.6074255521944e-15
"163",106.29,-2.20473482806541,-0.319666704996459,-0.0433155845617676,-0.336502256297792,-1.7576007549069,-0.438754686939291,0.177753542132213,-0.528312981199972,0.279876118932167,-0.0878243465719985,-0.130836962713264,0.286336705208747,1.89293025698589e-14
"164",106.79,-3.09193759585625,-0.179941337849708,1.39534674223538,0.97695532125244,-1.87258310799424,-0.0938268381717812,0.308158408444283,0.105827993919334,0.622560159338659,-0.199014731843202,-0.379836102491209,0.164559664409797,1.36557432028894e-14
"165",107.29,-1.79325470511656,0.249951746055105,1.61158416319284,1.77640700552996,-2.1234628196106,-0.91583696234688,0.717169064893339,-0.44981688972169,0.879163877669235,-0.0470532016253987,-0.179390591751729,0.238950484556421,-3.10862446895044e-15
"166",107.79,-0.861701407496151,0.775905951815222,0.161920894809933,0.0352088898790101,-1.75036565630294,0.322513055812739,-0.410748830603456,-0.66505737535838,-0.260684441114548,-0.39109381225921,-0.367014900755549,0.437301718274186,-5.52335954751015e-15
"167",108.29,-0.0466966366669222,1.339806151134,-0.454984146946739,-0.928870351871733,-1.37461486991897,1.59579491944659,1.21345410583866,-0.783851610664445,-0.137573510092013,0.212255539917684,0.138695544882196,0.40181600437905,1.30798150088651e-14
"168",108.79,-0.946833659463442,1.71221438344527,-0.544428723541166,-2.64055139476169,-2.00985336340406,3.12632518050278,0.992578761937852,-0.700029690038091,-0.875953251471979,-0.0883600434611034,0.442347727758557,0.229011239858729,1.15046860926782e-14
"169",109.29,-1.23983271548913,1.85350910212718,0.907072950559502,-2.31810934641879,-0.857459003154695,2.73063737919871,1.22064705152477,-0.784576675506328,-0.674671283837355,0.596510208681924,0.484503803150435,0.289815627091336,1.64590563400679e-14
"170",109.79,-2.25822385771092,1.80411569066173,1.29917973049497,-0.974317040431242,-0.802739410200489,1.655610322804,0.800047002796484,-0.138041125749966,0.266874012047964,0.152345870957517,0.454947628044569,0.252931754510722,-1.55743473673198e-14
"171",110.29,-1.67753743663691,0.803418535368279,1.57445323088586,-1.92877347698287,0.469858287868589,0.644780013665019,-0.13897348801459,-0.515638130668336,0.306955607921483,0.332294128591073,0.0187159734056562,0.104436020317406,2.22044604925031e-15
"172",110.79,-1.40852460821041,0.204665143533265,1.40502471300407,-1.8117814007522,-0.839952034588949,0.454072367847032,0.141450097437921,-0.0204832479034985,0.691068205522442,0.218181661966566,-0.304230977617372,0.285370139084869,-5.35682609381638e-15
"173",111.29,-0.836572933866358,0.466238152039396,-0.530080714503034,-1.03727995696878,-2.19113322534681,-0.989204142150287,-0.552011863359585,-0.10359129863389,0.448571230305179,0.189347076614134,-0.199658104445413,0.256167458475255,1.72917236085368e-14
"174",111.79,-0.51424673627394,0.643976514646822,0.591716385889256,-1.91818503683139,-0.130984421746141,0.026421090836552,-0.175470742438799,0.157233340391779,0.491182163626974,0.481709497231354,-0.15712203891103,-0.157857916178231,-1.5931700403371e-14
"175",112.29,-0.807679952626435,1.6774198279913,1.23140928414519,-0.424437950052376,0.489292771918422,0.31057612897176,-0.455043045093722,0.110351617474774,0.134176292326664,0.158291213006378,-0.143562921657772,0.0224503872050713,-8.04911692853238e-16
"176",112.79,-1.1782959771205,1.27093191485234,1.35507995271075,-1.56867360484673,2.28139795126373,0.00847927003371349,-0.747308987754942,-0.603991610224986,-0.623798441527026,0.177627748418923,-0.0876127669328778,-0.0545392473814466,3.21964677141295e-15
"177",113.29,-2.3581010902245,0.422182444486074,1.50101840632874,-0.837635897562141,0.0294289416567858,0.384507705123367,0.0453052158992489,0.427092362562333,0.0912740928613427,-0.305973141439451,-0.204534482280376,-0.128392085193258,1.79578574233119e-14
"178",113.79,-2.67060365851088,0.879355348282686,1.31067704269018,-1.88837646974895,0.323508317542807,0.225457677114636,-1.02446011939518,-0.193493287958158,0.0510679560004075,0.271016293355339,-0.0509352163847315,-0.149619050111797,6.21724893790088e-15
"179",114.29,-2.67792714185318,1.18594939944343,1.66514884539933,-1.86753566562094,-1.63309858627662,0.578649962013868,-0.00296883981925869,0.32095640246005,0.589437283242513,-0.0592089605256536,-0.291146117341264,-0.169632235044034,-4.69069227904129e-15
"180",114.79,-2.26786485837622,0.825720048123651,0.956441144389387,-1.09905695766606,-0.942739182484583,-0.0832973086356533,-0.0975201436649993,-0.552914836474739,0.161810954962769,0.0196526806850127,-0.0573172971100582,-0.288665687512211,-5.61356516826095e-15
"181",115.29,-2.86893978764905,0.334057255476802,1.39704362282294,-1.694445359369,-0.970151465741604,-0.105307503196773,-0.00256154050917323,0.317239254844536,0.642720464335109,-0.311116544196697,-0.0555080425445882,-0.599421726290766,1.69725344889571e-14
"182",115.79,-2.93000703537569,0.258188801043662,1.52459714856452,-1.49711675250935,-0.875465011590231,-0.0429539770582378,0.169458701781889,0.140243429980678,0.366384065210807,-0.0931855001554814,-0.0245383391691219,-0.287491587437704,-6.3352101342673e-15
"183",116.29,-2.49132918160352,0.440119766406282,1.4010914812702,-0.587792480163098,-0.555984783573569,0.557608196989343,0.502019119020154,-0.300128659811376,0.345378428889963,0.0325320263968155,0.00983428571894353,-0.135241063532167,5.7141791298676e-15
"184",116.79,-2.12381230732932,0.291535034764202,1.5999991872445,-1.46015394218223,0.20730561147077,0.16809090109352,-0.188927698233276,-0.54780961836003,0.18306232272547,-0.193541463531843,0.111088571095756,-0.189932891466203,-6.9111383282916e-15
"185",117.29,-2.20145973165401,-0.0250625596238208,0.9032472884499,-1.27761099483307,-1.5761953553312,-0.421933160125981,0.0551264231357683,-0.253033726682904,0.0491152555752264,-0.293607183708377,0.125569700541337,-0.291029803465819,4.3229309021342e-15
"186",117.79,-2.00564264632111,0.789979164432812,1.79577190944288,-0.398187209106206,0.244267252279115,-0.179209758738409,0.138593782287565,-0.911878490377547,0.176440526218748,0.130240538669239,0.0458953001659027,-0.288580058598941,-2.4008572907519e-14
"187",118.29,-1.26416509095253,0.730160489614429,-0.0305883893133532,-1.11919313499638,-0.912969883917363,-0.0550064783022265,0.688370201451241,-0.411160537396441,0.226902857540237,-0.300118281676891,0.147052548303476,-0.0874616124197135,7.56859852568681e-15
"188",118.79,-1.72917982061788,0.820749667589624,1.30092028330336,-0.188450140138496,0.859843781694252,0.0234790770381874,0.573730600314307,-0.793421121086806,-0.10476556393457,0.138239857536608,0.0721563615419464,-0.249484826304341,-1.20320420293751e-14
"189",119.29,-2.38039988330429,0.341701525944604,0.336426664321904,-1.37589321658133,0.40834130642336,0.11264095503614,-0.217367225414604,-0.377071333225037,-0.232249165495231,-0.105426344695552,0.152107146313589,0.0303937263291654,-4.13558076672871e-15
"190",119.79,-2.09916186337601,0.27237957030191,0.681041036410425,-0.859838246758326,-1.49506236046157,0.115255771790133,-0.366118722164266,-0.166761971697556,-0.393994426339291,-0.386121592579253,-0.24669220112448,-0.357834099145626,6.77236045021345e-15
"191",120.29,-1.68330414109657,-0.0252125183181583,-0.127958545419801,-1.22748539174449,-0.946009124185323,0.0165468698825454,-0.012705039542443,-0.0999699112331361,0.231489535022384,0.141088992794106,0.186501086837611,-0.186718205368562,5.18985895925361e-15
"192",120.79,-0.483773614594673,-0.208674863166898,1.33765280331505,-0.947293963046413,0.973766392280602,0.465613770401654,0.337818139113621,0.103435303434427,0.078462199968336,0.0923774730476035,-0.0208876364996151,-0.17552685656592,7.82707232360735e-15
"193",121.29,2.89854978415856,0.494044988492015,1.54894344603005,-0.423492945188068,0.628061184839276,-0.601136459534865,-0.868093204600378,-0.575262456740584,-0.471806135274293,0.676625711702011,0.151800355872123,0.199334441949638,8.71525074330748e-15
"194",121.79,4.14512621755278,1.42893917410087,0.164070665519693,-1.59509194083089,-0.614033905162662,0.348160023912709,-0.0865793299633513,0.290803360162936,-0.152241209532409,1.19069250030302,0.151106331323847,0.201575891670249,1.49880108324396e-14
"195",122.29,2.33238936898128,0.297007967669809,-1.05377562291789,-1.65056092288433,-0.0326996066250026,-0.40176079755947,0.00650919580536513,-0.402117818375474,-0.314114778140471,0.337787247993184,0.413322159867078,-0.282695741168415,1.33781874467331e-14
"196",122.79,1.88904536728582,0.495948596094141,-1.10834110503708,0.432758790873161,-0.176646556409164,-0.352239058192736,0.115217856344819,-0.709515118738676,-0.805797176037349,0.326828494463325,0.281653648072591,-0.417052389820599,-2.03587147140638e-14
"197",123.29,1.85326291389593,0.232665786215621,-0.944454738700324,-0.150460923190968,-0.682799099603766,0.264869065263741,-0.829105232120216,-0.841666301582622,-0.982679805314904,-0.161979896661029,0.0118259493800157,-0.350230820599151,-1.8829881230642e-14
"198",123.79,1.34531425859395,0.206959497577604,0.702389720437328,1.30033071507499,0.890225243166726,0.75244896707085,0.470923409922817,-1.05505433303927,-0.116888354848753,-0.00552305498859393,0.355092209604828,-0.216158046489288,1.96943156227647e-14
"199",124.29,0.69978503386317,0.26445478760522,-0.299968609081177,-0.455690732622267,0.463577398280767,1.23136435252165,0.0848780843728683,-0.396982866511855,0.0538866667134606,0.103409832281362,0.126247339820118,-0.405300438174652,-8.93729534823251e-15
"200",124.79,-0.105322846942378,0.0625642664767872,-0.361888227405748,-1.79829736713147,-1.01907196411209,0.283206601314025,0.0285012362679726,0.14131746367808,0.311120261336964,-0.151345840104646,0.18901856972957,-0.344315425497721,-2.41889841490206e-14
"201",125.29,-0.0999349716211222,0.669955329224347,0.5967925216729,-0.821733473948694,0.325195627368233,-0.0768103230532732,-0.136570483320903,-0.455503901900633,0.0862006408268876,-0.0521986106668285,0.0594844530884783,-0.331263228062396,-9.04831765069503e-15
"202",125.79,-1.08982673381816,1.23871161284062,-0.286337075320066,0.844123204830265,-0.343288734793163,0.306511908619676,-0.724030535057571,-0.551183274202647,0.192276683963504,0.491530481711866,0.108316517217902,-0.23170280388854,2.02338146237935e-14
"203",126.29,-0.76843477727781,0.779549376130907,-0.643465476768308,-0.558695963674212,-0.781893334841524,0.755597379849891,-0.0421215796411971,-0.291645923469043,-0.237633131748326,0.144383193955802,0.164868240773023,-0.0946048103017814,-7.39686090156511e-15
"204",126.79,-0.70839790941342,0.373690097978231,1.00746282703567,-0.460595000903242,-0.52728426769168,0.664884272681374,0.25614916892052,-0.56134811367338,0.0952370612781511,-0.16924694017112,0.124874336891522,-0.285989593198133,-1.0470790900996e-14
"205",127.29,-1.15704173370858,0.712027987836766,0.297427537026722,1.3172254667242,-1.47052549430064,0.32244254163097,0.378028452056222,-0.456698052221344,0.249213739719619,-0.00447233251551414,0.324846247120634,-0.279423323842991,-1.35447209004269e-14
"206",127.79,-0.545120142714565,0.682673799251787,1.03648320876623,0.569782273668912,0.597972671883026,0.303302214981846,-0.357053467239771,-0.971676999859307,0.1945090674014,0.125392445383792,0.29036026076347,-0.475398448684002,4.27435864480685e-15
"207",128.29,-0.676919017563859,1.78786010925577,1.89899574327954,1.21743065884011,1.78180769053601,1.02689057147858,0.410931313105881,-0.710807896959916,-0.05075562970201,-0.0712713768547208,-0.104183470196334,-0.238977479973926,-9.38138455808257e-15
"208",128.79,0.00172462468940145,1.61121299201561,-1.55658642054519,0.506151215202004,0.130648959483784,0.303567420371081,0.0480391132875865,-0.403714736090922,0.379541546148177,-0.0317986145526948,0.151226161044304,-0.0482621244804735,4.16333634234434e-15
"209",129.29,-0.312783471448213,1.28886617280862,0.683691913954361,0.252888030432686,0.647623004784759,0.715409071699285,-0.148422602563117,-0.847760642982311,-0.0878744190327164,-0.129777636356483,-0.299191222678892,-0.435545782289986,1.66672231571852e-14
"210",129.79,0.642166757157525,-0.897244805213032,0.0699339200319027,-0.165909928492718,0.526611085960563,1.23078907658496,0.37192057887618,-0.698201388245315,0.502562848436737,-0.0146126429382503,0.08020305117402,-0.353538438492286,-1.46826995006677e-14
"211",130.29,1.33313982599899,-0.525206121296412,-0.41851732272486,0.229886748496034,0.169271263681111,0.72911781934486,0.124387377709971,-0.892482871497357,-0.0203251685433672,-0.355320455951117,0.373726202968895,0.0428949965418007,1.94982918699793e-15
"212",130.79,-0.395994538057457,-0.373149337304545,0.354829933153853,0.370140942703384,-0.587285586193048,1.27789329293533,-0.953324489202045,-0.660660947811269,-0.0448577790682267,-0.0823940028103031,0.114976661698911,-0.00835704780927594,2.13717932240343e-15
"213",131.29,-0.0198675079868407,-0.103995389295867,0.183096378874298,1.49705457758082,-0.858689912819768,0.857396143193423,0.868754309141915,-0.252878631428811,0.55647799008122,0.0669812834496234,0.121683195918874,-0.320958154118538,-2.66453525910038e-15
"214",131.79,0.250496384018207,-0.289290856024749,-0.514349881459207,-0.732804145042684,-0.943301850876672,0.169581153935594,-0.347374492430895,-0.458260376374662,0.0896075658453661,-0.166940633254917,0.222623598721836,0.0713911388972963,-8.90520296392694e-15
"215",132.29,0.444865283405105,-1.15358048989704,0.526221906108428,-1.23053022810517,0.424709826271573,0.713210009934522,0.3561426409249,-0.135164361537255,0.547563891307662,-0.149312688673299,0.302545888946836,-0.177536800046031,1.31006316905768e-14
"216",132.79,-0.209985658089255,0.776391583715102,1.15454967519404,0.558994161622959,-1.29444193819051,0.448656284946917,0.0474988354974944,-0.572823803614371,-0.116216767732995,0.00314414601714617,0.654540262022087,0.0815034232320557,-1.33226762955019e-14
"217",133.29,-1.24857984793105,2.54789496926604,1.0292874578291,1.60830989513042,-1.48243867186891,0.635660707975415,-0.119742808923069,-0.480396391351143,-0.0378390605270447,0.100431309449289,0.861662106730053,0.669887327999409,-1.12687636999453e-14
"218",133.79,-1.23504158679706,1.47010991274098,0.741157390260648,0.697914462520313,-2.18058609357472,0.139350200276256,-0.328143269082536,-0.590722447525571,-0.188224951964955,0.140186767163236,0.260276171445859,-0.299649105018631,-6.55031584528842e-15
"219",134.29,-1.00607056145021,1.07732276829391,0.308484440302258,-0.460450543983545,-0.0829555153855072,0.392477510299873,-0.973324788693478,-1.04958553860585,-0.857050718039152,0.0546596930584305,0.0271837208953479,-0.449801677170139,2.0497492592142e-14
"220",134.79,-0.52327871622929,0.497621443731386,-0.39140307870956,-0.0372491302302915,-0.604817790320271,0.907876258656684,0.548882740079055,-0.30886020487221,0.0741907682454154,0.0156597124347533,0.456844890144428,-1.21741897041866e-05,-1.95676808090184e-14
"221",135.29,0.2838463865259,0.750905600801849,0.739457945655936,-0.127369728837552,0.177896114194626,0.339130535818265,-0.0788976795435751,-0.958038371668667,0.00859905938008822,0.175612141279157,0.199384456173762,-0.292673930420893,-1.58900670399476e-14
"222",135.79,-0.826718902409467,1.86983630205347,0.445006934190266,0.513872464491264,0.229498402806324,2.08233191812842,1.01623120572041,-0.00273401705193129,-0.392231695800469,0.151817969565855,0.164080637772072,0.0705316602485668,1.37112543541207e-14
"223",136.29,-1.53991428472793,1.43224602044703,-0.160631124439274,-0.658641506284829,-0.183299371932836,1.06805813160926,-0.153219149529768,-0.348441037274042,-0.0443542528646042,0.566765209966962,0.177611086771927,-0.0695751976873207,1.3690437672409e-14
"224",136.79,-2.01294550668699,1.16467984090535,1.7700795678447,-1.10007707125556,0.0984398523636046,1.54335394112761,0.338271151550065,0.0766668329535931,0.70536942290271,0.290352128814403,0.0855321440439966,0.0250338653632071,-8.24340595784179e-15
"225",137.29,-2.36982162997821,1.37227493235424,-0.00954858555140967,-0.643868839146459,-1.95573333337719,0.160768250960508,-0.818001629136174,-0.198797466287733,-0.00638104662452183,0.175920441169261,0.204281414759118,-0.201081448247582,-1.67643676718399e-14
"226",137.79,-0.941290844458353,1.57036100809267,-0.0161386550000455,-0.673770249179766,-1.21498921377924,0.109196195722876,-0.332145265593372,-0.820595436772434,-0.507182880064991,-0.126989330024003,0.232750040616001,0.0199527037776161,1.81382686648135e-14
"227",138.29,-1.68125826857955,2.23828442177142,-0.122084790107077,0.480167502159163,-1.84061201574729,1.0018438031692,-0.496966807566371,-0.704429166080659,0.0851520104065299,0.0963655043281301,0.0403980599295261,0.0345411769517705,-1.77635683940025e-15
"228",138.79,-0.574640570225046,1.17020082257036,1.08118520571336,-0.837640954324429,1.2887104870066,0.953390814861304,-0.0437673096612244,-0.708942645220315,0.424878642433669,-0.130663786851651,0.303812591423816,0.134336405134059,-9.32587340685131e-15
"229",139.29,-1.78885826567832,0.737378338995562,-0.244861832873417,0.47207742970367,-1.43731165261487,1.01786295248352,-0.226232616458505,0.479705809021186,0.435495526146379,0.192160926160738,0.013412358974277,-0.298452027328514,1.64868119156836e-14
"230",139.79,-0.791620779626206,0.312981359394457,-0.592985157662342,0.0213621474584229,-0.793954074098775,0.392954975062499,0.43492796174126,0.536982837083002,-0.191245241298673,0.252832222812336,0.065815829062681,-0.380337572082562,-1.08524300657109e-14
"231",140.29,-0.341646193554772,1.04648905692488,0.257261204298834,-0.0389503298372939,-0.290932080755431,0.0989020818113173,-0.737465752663136,0.162335099821862,-0.432303939015991,-0.227241473954633,0.0590414716804064,-0.0832728629546448,-1.28230759344206e-14
"232",140.79,0.955866075249838,0.964478577271978,0.220037356267207,-0.117905136912558,-0.348682163001143,-0.865013661537576,-0.178908854097433,-0.50082259537218,0.133888035089077,0.258121818731716,0.126713521534633,-0.165680501331931,9.86710713135608e-15
"233",141.29,0.713239477623542,1.62127939148333,0.598150237300774,0.0744313489347721,0.422694204675316,0.408018399905244,0.352431821340386,-0.236560450107201,0.406004959794845,0.227684376644886,0.202152781236765,-0.0352297739921904,2.76167977375508e-15
"234",141.79,0.811473228698049,2.03403514040804,0.00924957738984905,-1.72464120609343,1.00352770508319,0.917067904938113,-0.368202978461548,-0.309008108515883,-0.552901327455312,-0.19449830709493,0.344224653162264,0.163553276110035,-5.38458166943201e-15
"235",142.29,-0.0293043285844605,1.95333776580116,0.34335381895114,0.188523296742944,-1.07143399367587,-0.0446907097393657,-0.360859530492495,-0.0561379507673882,-0.340537519587848,0.0614049167701001,0.0689324603979728,-0.18517106300085,8.46545056276682e-15
"236",142.79,0.442202145887744,1.31832335903593,0.264482412144021,-0.865054710418317,-0.793339872563124,0.553175594850439,-0.251416010454203,0.101071765474217,-0.19823751457708,-0.136451722800669,0.143340902430384,-0.223298940129607,7.5842110369706e-15
"237",143.29,-0.0280101993531421,1.81917775770873,1.02621202592441,0.65183878647046,-0.117012209555126,0.35714852867813,0.316404137024933,-0.00481132039472926,0.105229029995662,0.290268688686438,0.212345539578784,-0.15686630741221,-5.13478148889135e-15
"238",143.79,0.143149062534456,1.8222859980337,-0.426003047795339,-0.395012255989416,0.388356976703777,0.370982509739849,-0.0800627868864865,-0.105513747641894,-0.348347886273529,0.0661725401356754,0.241410614009744,0.0644903234660596,-6.93889390390723e-17
"239",144.29,-0.367923347364191,1.30739196037263,0.155138975154545,-1.90599704614367,0.378355575024726,1.10190186132212,-0.123900056405512,0.247507056265945,-0.104621557346699,-0.141037616969817,0.0175991355539637,0.108479168627049,7.16093850883226e-15
"240",144.79,-0.576031833854792,1.61580231315445,-0.103078578022295,-0.711069996106787,-2.07188509101087,-0.162832381344608,0.157417043631452,0.30961795722043,0.147693430091037,-0.509669068212712,-0.0268197514730852,0.085326579893523,1.00475183728577e-14
"241",145.29,-0.526554041866906,1.96791634001789,-0.459897719591288,-1.13024320784095,-0.545865331019972,0.280695176252009,-0.511814463168965,-0.278142180685332,-0.308641610457897,-0.176018575247435,0.200967941511213,0.18646535917703,1.16018306073329e-14
"242",145.79,-0.585026776222029,1.60797800879716,0.559019623286577,-0.460481318574718,-0.0444426900000727,0.643339083352218,0.555677867549642,0.0354487287779294,-0.0286232079377989,-0.0257356092520113,0.163442992201087,0.212111229800837,1.60982338570648e-15
"243",146.29,-0.869110082058163,1.68069520065095,0.155136581927051,-0.865754391336545,-0.275408848494228,1.20777927431077,-0.0589574328322254,0.321517300622889,-0.510797290547157,-0.0862810192994299,-0.0902557352908694,-0.0401680335821041,2.26346719145454e-14
"244",146.79,-0.230835020572419,1.54164378558501,0.392128267052076,-0.370326782556792,-0.454739155487628,0.159576929407474,-0.0961463138093001,0.086030898184966,-0.108280668158475,-0.00650261149178656,0.195047883791598,-0.0786140575826388,-1.70046268732627e-14
"245",147.29,0.191123336932764,1.42081794406668,1.07576190128083,-0.414534953945578,-0.963518718451757,0.663864260150377,-0.208946577945359,0.300372891766701,-0.623636661074261,-0.255175222926138,-0.0912807313986711,-0.143619742787315,9.38398664329654e-15
"246",147.79,0.339808907652076,1.41794772861485,1.51746105907917,0.701405778160371,-0.869461398568228,0.32707951350087,-0.585630237918476,-0.318399920288768,-0.081661606423857,-0.354915106593487,0.186199386661482,0.157344067471145,-5.68989300120393e-15
"247",148.29,-0.547616619003311,2.34006238972092,1.34172227158796,1.00269269119627,-0.301072269562764,0.948400704594841,-0.253007406143857,-0.0760731095119545,0.134097837976619,-0.455376505945739,0.0814186251834924,0.0791012583052682,1.73749903353837e-14
"248",148.79,-0.187781237257108,1.87487560090448,-0.0440329682838989,-0.0340534203145711,0.0320517082618449,-0.0630065363482333,-0.790946119743179,-0.736749828276978,-0.0835320221223996,-0.0348583677227192,0.121342934508518,-0.101905286987011,-1.97585003913758e-14
"249",149.29,0.163150379824618,1.04429998044654,-0.681469101392361,-0.627838222783403,-0.393595064240885,0.364272424964973,-0.340658558800771,-0.643578454342998,-0.724491523023113,-0.288230706025251,0.260246613710674,0.196484767278842,-1.73333569719603e-14
"250",149.79,0.207643519161523,0.63722041890371,0.754594218847014,-1.06704185190991,0.244538812724489,1.14317213373031,-0.223618571661125,-0.704426891093209,0.502765069636131,0.0564445967138181,0.319854094218487,0.0902501477479903,2.12052597703405e-14
"251",150.29,0.188546846650292,1.88847466001658,-1.12090220275355,-0.348918462762296,-0.760818171190413,0.669164927595321,-0.697108157801319,-0.791636766603936,-0.597531514394911,-0.321334904126983,0.481937751338292,0.242704255640592,-2.06917816214514e-14
"252",150.79,-1.08956658898403,1.02827340341725,0.676148720984995,-0.718589226439907,0.288159653123184,1.11905316250545,0.198799645028522,-0.562630545417155,-0.389474798169102,0.347702445949726,-0.0169164305499513,-0.334720171716565,4.69069227904129e-15
"253",151.29,-2.31193267168422,1.42294191280362,0.979525332275028,-0.384950370329056,-0.507940365562786,0.977857438157016,0.5388626859315,0.2815402047018,-0.290039393257401,-0.0151266355382969,0.0405135462323258,0.0240531025206902,-1.56125112837913e-14
"254",151.79,-1.40720006389901,0.209053103102468,0.490086908022547,-1.20165005848569,-0.15170632488971,-0.208753609882727,0.329628423747393,-0.268998921042596,-0.347080597067185,0.0499686032079917,0.0811385589479876,-0.316140002343922,5.60662627435704e-15
"255",152.29,-1.55794781925719,0.770268899036899,1.9880831924299,-0.4840717345026,0.667728967848384,0.514703926652013,0.327768125715277,-0.58723719149952,-0.400854557789927,-0.0837198755932505,-0.054114957993337,-0.22059309762509,-2.01505478969466e-14
"256",152.79,-1.78851999731296,0.355156952380679,0.91140809801555,-1.15529173538925,0.121773709379639,-0.0530367360146781,0.0945692601734521,-0.38012063682799,-0.545497357397345,-0.119262020086551,0.0542162949123615,-0.0379746304603235,-9.71445146547012e-15
"257",153.29,-2.60759801943156,1.02537570155026,0.782745445441319,1.58630248121936,0.702138275883553,0.0597907332240796,0.914074723848418,-0.121605379899972,-0.507505846482682,0.0286175401006245,0.134256534491694,0.104426460721634,-7.66053886991358e-15
"258",153.79,-1.62773804389623,0.820154874038668,0.608833710305743,-0.623880132926701,0.121907932439999,-0.23610938678433,-0.234158420128626,-0.391652665431961,-0.145250128448777,-0.468004386647272,0.227975077477367,-0.0869277970018972,1.20875531806064e-14
"259",154.29,-1.49086932554176,1.80757174695809,1.05201196234637,0.642563903608501,-1.73698364647,0.187981611609004,-0.614348468056723,-0.88729001352756,-0.362426944510941,-0.319214014027411,-0.250499329834201,-0.0157590806611285,1.60982338570648e-15
"260",154.79,-1.72358913431371,0.89842005646692,0.822414164717271,-0.284024342203707,0.115088250659553,0.834512333535309,-0.0350540266313344,-0.779720150421712,0.0953272195105131,0.361583228464502,-0.0461140227074619,-0.0485636913862395,-1.03667074924374e-14
"261",155.29,-1.44776391934227,0.820525776785336,2.006527439732,-0.889585369154928,-0.032284798184212,0.0535663311444974,0.676695253579549,-0.583004159265505,0.428905675470678,-0.182436843748015,0.155237575254892,-0.0188974462103244,-6.41153796721028e-15
"262",155.79,-2.73915595036708,1.23984294384693,1.48869745598579,-0.1564849982583,0.0319266179910103,1.04235926872426,0.596021189887402,-0.108369751167574,0.104171924564277,0.309856736134051,-0.0798104578103478,-0.149797073919952,2.23033397306338e-14
"263",156.29,-2.22743964650185,0.275571173079198,1.48042775633141,-1.62018934996298,0.0188790855595062,0.575926110445079,-0.192650378566852,-0.0229780161534774,0.114253342013546,-0.066271931475943,0.12190833307207,-0.0838869944478872,4.46864767411626e-15
"264",156.79,-1.84153556043657,0.806945447747705,0.120232146250583,-0.918022670190327,-0.466700413982202,0.342704720576482,-0.403583395428981,-0.168650224136191,-0.34534978176366,-0.0790054693914794,-0.0176061698875606,-0.233546404220054,2.19615992058664e-15
"265",157.29,-2.00710715144448,1.54734462819847,0.399575225012831,-0.0234323559096103,-0.851340050599181,0.00987761817458112,0.0842008579970737,0.426060083365685,0.0553174760614382,0.000826987901992002,-0.0026115344228383,-0.171196041238528,-3.96904731303493e-15
"266",157.79,-2.03553891925568,1.78160959365874,-0.0928257585924881,0.363060820815504,-0.606615465567351,0.850756546022035,-0.394743918713501,0.736850064274058,-0.0813844193827364,-0.0334580464756211,0.0863858159850865,0.0309152504745238,-8.57647286522933e-15
"267",158.29,-0.919434510207906,1.08816802690616,0.545449508728578,-1.17508247705029,1.31400748979889,0.710800151248735,-1.0115222254434,0.573068508233042,0.169405986820771,-0.10311910480632,-0.0310579794406177,-0.0166369448506024,1.52655665885959e-14
"268",158.79,-0.374816596559903,1.51740578098783,0.197082927190987,0.136868718448518,1.60637642081734,-0.438320933276477,-0.869998868501301,0.312115885367983,-0.374706772140962,0.215728130518065,0.397333764743767,-0.0784738226174476,-1.70141678523805e-14
"269",159.29,-0.507905252830002,1.452044064748,0.57995611201909,0.307860499239978,0.662071452357568,-0.269111894485048,-0.738316974963632,0.9716834980039,-0.156144384544407,0.135802834165787,0.0789803248078676,-0.0885483853659376,6.94583279781114e-15
"270",159.79,0.150006990644587,3.00215661530449,2.00430437036762,1.24237661894323,1.2830540016491,-0.0576764909517768,-0.671427047725214,0.910243878944779,0.306939927602331,-0.0366298258243698,0.30496429869303,0.342926617892486,1.24691923453213e-14
"271",160.29,-0.756045826403706,2.01684203236497,1.18636457293019,-1.59071546338622,-0.683750668256229,0.268836824312198,-1.08040750371548,0.713219479112996,-0.219476375589272,0.580335020058656,0.227765368681582,-0.0435256044297712,-9.43689570931383e-16
"272",160.79,-2.81071975874358,2.12113175345134,0.135675195757446,-0.341597699643889,-0.614750276971886,0.32336501362142,-0.735437690973275,0.722000718928561,-0.16451709676192,1.03985422607627,0.189532318320368,-0.0785033053424968,-4.67681449123347e-15
"273",161.29,-2.6277252140461,1.63389252905057,0.97999694801428,-1.76311756915058,0.297727544910316,0.20681794971499,-0.752149919861499,0.86461715280248,0.0411691358625491,-0.217514761879884,0.172844430207253,0.133130858626541,-3.05311331771918e-16
"274",161.79,-4.19877221975434,2.14196521910098,2.12372752889915,1.43050945938473,-1.50556225776579,0.655148683064888,0.270214790131569,1.06552859140218,0.0321202435249901,-0.264739544264619,0.0566326545491381,-0.320691584968019,-1.52100554373646e-14
"275",162.29,-2.29155488282131,1.60866265957494,0.855743411112574,-0.651754301233364,-0.392028635934802,0.0201935427691372,-0.201236922056646,-0.201699473287688,-0.398892530248848,-0.147624085216032,0.221349282221746,-0.2324514207938,-1.77763077695292e-15
"276",162.79,-2.8511410991482,1.71477959940003,1.12569598266294,0.358681656098317,-0.080639338266149,0.61279037306333,0.215099611415917,0.0724695028157615,-0.0204066526910583,0.0134584905565762,0.16875538942375,-0.293843496328991,1.95676808090184e-15
"277",163.29,-3.06012935894856,1.48702730965905,1.6073672053519,0.989707498083542,0.0610775632271158,0.621208483564612,0.285845937950221,-0.0341923597970649,-0.61467311468839,-0.133482172801338,0.153476016663844,0.108753898812284,-1.59872115546023e-14
"278",163.79,-2.80780719371895,0.815982651603456,1.32934608162079,-0.551927175333673,-0.495539686745351,0.55000844378498,-0.204946420519012,0.187932502382061,0.21920682790976,-0.114379595455573,0.27759565309132,0.0749732845154005,5.89459037136919e-15
"279",164.29,-2.3075251073387,0.197781308356123,0.555367821649956,-1.43212015962437,0.516230558134356,0.332057911591485,0.365777835587547,0.0202512205359032,0.184590304406838,0.112598713295131,0.350305091993432,-0.3381512217892,-1.85129689356245e-14
"280",164.79,-2.59623812226374,1.15976603862437,1.66074327760769,-0.456435064982729,0.487547841722197,-0.389199144044606,-0.910680051287314,-0.609985309739293,0.245036595685538,-0.18597988722615,0.211156424622855,-0.191660459328116,1.11993747609063e-14
"281",165.29,-2.90346509595067,1.9111131612656,0.747901268612931,0.0875722375322113,0.116662471135832,-0.583706797689992,-0.44240276945595,-0.318433104186325,-0.322245771995605,-0.0353099463100909,-0.00393846318418386,-0.170320829051758,-1.12410081243297e-15
"282",165.79,-3.00635742649505,1.30319011931837,1.09228896360905,-0.978770136415378,-0.0961147376325767,-0.759174543850615,-0.520296725226049,0.101007554048257,0.551244255922365,-0.0926532899458878,0.470155403640598,-0.0504939445457333,-3.8372083288607e-15
"283",166.29,-3.53602287892853,1.64124255526622,2.0469462300076,0.708398219675515,-0.70622142933906,-0.0737200118056358,-0.43184683847532,0.149862876511416,0.26818431002957,-0.0486071790111048,0.0408536763640159,-0.20405732449554,1.13242748511766e-14
"284",166.79,-3.13830729201451,1.90813864717746,0.99079771363203,0.244727899724309,-0.903048677767553,0.672994793430959,0.640317599471525,0.640157062573272,-0.580547767991129,-0.463511335893921,-0.310621128175499,0.0352287566714694,-1.33226762955019e-14
"285",167.29,-2.05403317911932,0.641159095103613,0.805125159077131,-1.59500412614611,-0.653976449590677,-0.592801393670001,-0.571667354204528,-0.215193527275727,0.37595744489577,-0.817382593182615,0.0969545281011944,0.0438650660742277,9.90874049477952e-15
"286",167.79,-2.79423469597716,0.532614846243481,0.529752960528802,-1.05873974053527,0.0685762368217246,-0.116324602471406,-0.532166426633853,-0.214011378137543,-0.169387510472784,-0.154385228757206,-0.108136957603014,-0.00291421592710678,-5.24580379135386e-15
"287",168.29,-3.75231734137136,1.11261718080025,1.1511008059555,0.291625088338412,-0.403564333239296,-0.0287787993894876,-0.587682682627717,-0.252456814306143,-0.256453696272584,0.152666969563727,0.0161540174009556,0.0321053009280026,1.42941214420489e-14
"288",168.79,-2.86041620642551,0.932458589480845,1.16325284143276,0.0620277938553044,-0.141379546545885,-0.939308047927574,-0.799827221740533,-0.565786625588924,-0.37346180740527,-0.0991202527096662,0.0276136299652768,-0.1505410158537,1.94289029309402e-16
"289",169.29,-1.97783770411759,1.2810045950537,1.14395099229561,-0.1488424794401,0.392559353112187,-0.615521621473501,0.0449783971217949,-0.545791293126471,0.128515519793744,0.0534214826840087,0.087986229504592,-0.372409523632056,-8.9234175604247e-15
"290",169.79,-2.75480670920031,1.44425812811825,0.299888952055999,-0.43076652466529,-0.812616050531614,-0.121038259159655,-0.905853498108004,-0.223693596296686,-0.05153618779563,0.0843645687597823,-0.0288529489262089,-0.242515404475413,1.31283872661925e-14
"291",170.29,-3.06703403385331,1.74264284698348,1.47712590633071,-1.30642857075429,0.118719953612262,-0.480425651859519,-0.506225786521472,0.0458772109721968,0.0523563550576567,0.21268248687915,0.16940911954685,-0.311713161763571,-1.53765888910584e-14
"292",170.79,-3.51220827766978,2.91458418873637,1.82207845706972,1.76509171866363,-1.49041604018035,0.401650975070411,0.304305729546861,0.792454643472462,0.612933472936982,0.151109757354578,0.0287870513143983,-0.0438941194114252,1.33226762955019e-15
"293",171.29,-1.56337602315757,2.13400562117597,1.35916693540778,-0.744711153798983,-0.479405768278853,-0.587721185124828,-0.650485069554932,-0.206439839012287,-0.217403480187387,-0.141444313644137,-0.0962304337785054,-0.170936924289717,7.07073288808147e-15
"294",171.79,-1.24319737509741,2.39363166952102,1.64783849819575,-0.698878193106604,1.25655766825896,0.586418946624696,-0.541904194581576,-0.129962017277869,-1.05263135985542,0.0846738193433281,-0.0541647348926301,0.0649038468259028,1.50435219836709e-14
"295",172.29,-1.53563438547837,2.19178778214221,0.439998188162502,-0.0545447968629574,-0.626115527832884,-0.20780745088133,-0.10051895729504,-0.140943263789249,-0.972822426852732,0.200914227869271,0.0833945273339012,-0.0100740789070936,3.33066907387547e-16
"296",172.79,-2.23281244741523,2.24630441563031,1.64007398289363,0.244049997777793,0.42641865358566,1.50597567291985,0.568459341444075,0.437390278011827,0.14594136509926,0.227177285200229,0.0779982613198515,0.424228034054582,-7.96498283994751e-15
"297",173.29,-1.20950747956521,0.878832769095977,0.784515073816155,-1.89273787271759,-0.371304543927492,0.204687703402517,0.412647215099468,0.286804167634696,0.240290690429064,-0.216661642782797,0.270600058012498,0.152627058456062,-4.88498130835069e-15
"298",173.79,-2.16885095292615,0.49978749017938,0.813880002983201,-1.4348967611428,-1.26673194411897,0.275830898235131,0.773782479148399,0.587123602535492,-0.0109478312071313,-0.00826664498517083,0.211338801414241,0.0444549447969506,-8.79851747015437e-15
"299",174.29,-0.966277950551351,1.64056093494233,0.3824916916248,-1.01670367955345,-0.126479846231421,-0.617150199845958,-0.649137702645477,-0.492266424847026,0.00188556215519127,-0.260800782208426,0.342584325246287,0.324342481729088,6.00908212078366e-15
"300",174.79,-0.772358135861819,1.47632968641074,0.326471954985235,-0.27304689540498,0.612192296325341,0.237623327007497,0.794649505729922,-0.15681122525877,-0.195322861430407,0.309522947252024,0.0428812002603244,-0.295113782361546,1.22124532708767e-14
"301",175.29,-1.66329077641529,1.58939796645255,0.0930797789961514,-1.09598941275755,-0.303811934245346,0.853421923734119,0.559402126875205,0.070913542806026,-0.525456394021032,0.135813522969583,-0.0776620560280112,0.299181539389941,1.42941214420489e-15
"302",175.79,-2.70995611475511,1.5343045394532,1.31959453220222,0.230840295936688,-0.83195511017979,0.553560649899144,0.485989949917179,0.497732830243464,-0.0630382085417484,-0.373254218762678,-0.159073070087005,-0.0376928839096644,-6.77236045021345e-15
"303",176.29,-2.62521040429075,1.33734865712693,0.882430185089433,-1.18507333253718,-0.436233491172761,0.330804267272406,-0.232827711861817,0.0383509443708425,-0.800107461712767,-0.404238302254547,-0.292611689051167,0.0399498687318263,-4.13558076672871e-15
"304",176.79,-3.05081210432197,0.608910006664135,0.615829496342002,-0.49130099041015,0.0879531654439468,0.58795864207663,0.143128304590974,-0.268473296215923,-0.317402384173854,0.029589801104709,-0.199143746002883,0.00354783489736698,2.3783058855642e-14
"305",177.29,-2.40065375515309,0.937734335231622,0.43264820386423,-1.51256011892821,0.878277032697248,-0.268762300739247,0.0788897410667962,-0.420784723466704,-0.263368556858816,-0.307060571556013,0.366929547691336,0.387869799785518,1.5931700403371e-14
"306",177.79,-3.3378664769689,1.67441220523513,-0.149590321048349,0.103542434420542,-1.42592635947282,-0.213189588326226,0.366785960143655,0.197132263723427,-0.548803255408535,-0.324480438862992,0.108271151894784,0.197395350153376,1.44884104713583e-14
"307",178.29,-2.55858708221854,-0.000944781328325384,-0.583017600063392,-1.45299934588935,-0.460214078962115,-0.113620486368252,0.311279578317301,-0.141217518741624,-0.678418011408238,-0.310647018908617,0.1711109229023,0.0550767861708827,1.69864122767649e-14
"308",178.79,-2.18795459009929,0.417916176782383,-0.863535644005339,-0.762253262373775,0.437343626531283,0.117959125294385,0.611059500518186,-0.127725892570416,-0.349423104886302,-0.301957773834532,0.307140773620488,0.303629721983299,-1.28785870856518e-14
"309",179.29,-2.27868644660554,-0.151377536526816,-0.306880477967684,-1.04418452157493,-0.0954632714283812,-0.596797178741238,0.55271814441484,-0.301667608956024,-0.530104598705665,-0.165299014798153,-0.00775710636989864,-0.00847603944632431,1.60947644101128e-14
"310",179.79,-3.08182264934515,-0.251619824544737,1.25120332864726,0.634867136471627,-0.0302942951717023,-0.0587608109404666,1.27939765733345,0.457965111744188,-0.0660277618600016,-0.42347693962981,0.0263994112219996,0.128807386895193,1.28230759344206e-14
"311",180.29,-1.73886126693853,0.180587199905969,-0.170412924448125,-0.59341871094199,-0.110171822629497,-0.669545103851066,1.20899014026167,0.355400610764663,-0.690939589818325,-0.358091570581413,-0.0136865049618542,0.0373834600689044,2.4980018054066e-15
"312",180.79,-1.83650766395744,0.788562359154631,0.0952226769801206,-0.0811252166538903,-0.00318938123553858,-1.08643820208536,1.02670826334046,0.388875769696731,-0.865094751706816,-0.0508778775800844,0.206753210480616,0.186925256208852,-6.98052726733067e-15
"313",181.29,-0.504034418541505,1.13703143517898,-1.89892346554184,-0.399508205985711,-0.0871025913678521,-0.760609041194394,0.297605556678831,-0.0632239238142915,-0.897321448506106,-0.0833467273855605,0.472464195401059,0.544466625900815,7.55645546135497e-15
"314",181.79,-0.3055667296286,2.44372236612143,-1.98814526907627,0.308245551707186,0.885540355752435,0.327713627761979,1.14738255132805,0.964785833828739,-0.496114464343319,-0.283827172930181,-0.0295144558269106,0.260854310279406,-1.37320710358324e-14
"315",182.29,-0.426606531432881,2.1443151913385,0.382975812016258,-0.632354704203907,1.86521260327086,-0.639015693406374,1.33600257169564,1.4144933244718,-0.102920950012239,-0.791014116869065,-0.0119476406979251,0.354401627071291,2.02615701994091e-15
"316",182.79,0.152823286612705,0.830285378939089,0.626676733374824,-1.06438874838071,0.209436349746081,-1.78158011281951,0.750147105540172,0.871012697128371,-0.639287033481731,-0.806558660713574,0.234716225174344,0.296718581589462,-1.16295861829485e-14
"317",183.29,2.21205151164491,3.33457810112921,1.2357103592114,1.14761320392692,-0.302137741091631,-1.85613420027996,2.02744235719484,1.37199078974772,-0.972740422738944,0.103984929098828,0.431822471847087,-0.153758765589437,7.74380559676047e-15
"318",183.79,2.21272735802617,3.33184436752268,0.13169882886289,-0.313941982810631,1.72475862391712,-1.5749664212203,0.497026155885599,0.897698923070968,-1.74401526726672,-0.510328022696161,0.121258922466262,0.438089473080409,2.09832151654155e-14
"319",184.29,1.83967009082235,3.08938505090176,-0.0637531587802912,-0.00545122500627321,0.975194714684026,-0.553716975246742,1.04492878490768,0.898308885183462,-1.3647682373215,0.191746890984154,-0.00651192684255577,-0.00276003967506834,-3.88578058618805e-15
"320",184.79,-0.274218098985068,1.86630324883989,-1.26948491249339,0.991941194353835,-0.516271617801781,-0.774420981557821,0.34880348351129,0.826443562154206,-0.871807011064921,0.215448836826056,0.255190902005678,-0.0327101635727169,1.62092561595273e-14
"321",185.29,-1.76702301152131,0.429209224910622,0.327360884492159,0.264648949619608,-0.352602511383789,-0.685930451049838,-0.214222868518268,0.887151160414307,-0.0288180568281011,-0.401631429658237,0.366247057244373,0.284843337120984,5.91193760612896e-15
"322",185.79,-1.89418629018875,0.287377286774138,2.06931182816357,-0.300771872873168,0.421357333720942,-0.500293734183442,-0.857159563721007,0.147068010651885,-0.904180654857667,-0.235611614490988,-0.00631698404947549,0.0265502829991905,1.14908083048704e-14
"323",186.29,-0.924226498577872,0.663412018293075,0.870874191391683,0.450798535361973,0.0375054723961846,-0.231865819909616,-0.153576348190012,0.39756430310462,-0.698749823189238,-0.113891641912404,-0.0987278676091091,-0.202563223045059,1.70141678523805e-14
"324",186.79,-1.33576537387216,0.637193565909356,0.474816915123881,1.33118016039241,-1.22251147382412,0.213317330390202,-0.547969105183642,0.740823262076818,-0.393178788022179,0.0848009573585348,-0.0552312996643177,-0.10248964161961,1.69309011255336e-14
"325",187.29,-1.76789023579572,0.621770959091086,1.2010780139368,-0.454513187997191,1.32501489562964,0.532209552316825,-0.212526326670986,0.559404771236133,-0.191994143758223,0.412885041465562,-0.0173484921972482,-0.25487220881573,-1.09356967925578e-14
"326",187.79,-2.81933840790645,0.202260025362082,1.60391532183272,-0.45334939653679,0.748894881726005,0.0962354546827019,-0.763965778039868,0.375999079498828,-0.386097511626397,-0.0844323744523315,0.069126112505693,-0.363054438214566,8.17401701880272e-15
"327",188.29,-1.42254006708949,-0.562454394442024,0.65827034708811,1.03580114061419,0.263919930113019,0.571031464109152,0.50388083391658,0.469043762794723,-0.0595629000582671,-0.472734881725814,0.177532143307919,0.0333940396846457,-2.24820162486594e-14
"328",188.79,0.0222408204009146,-1.60752445967766,-1.0590312564771,-0.641041306001587,0.906927183774547,0.693574576626309,-0.257682975215732,-0.0227630176310814,-0.420657453191768,-0.528429176142062,0.0724225638998835,0.070679905946202,1.19348975147204e-15
"329",189.29,-1.43117233439841,-1.33651411632237,-0.417200821648882,0.697798682173792,-0.694559600088424,-0.390518045839663,0.0615686422778739,0.301827990387038,-0.145693315958046,0.327041166806532,0.0636491185555127,-0.234855790122569,1.2267964422108e-14
"330",189.79,-0.710885380793384,-0.415193870280043,2.58254909986642,1.31506436464816,1.03631288263476,-0.0980120327999494,0.363341805385408,0.666551794564081,0.0478249455270936,-0.470581158958027,-0.0773827738898693,0.0993927292688914,-1.40078920685127e-14
"331",190.29,0.930780812856474,-0.166150995176676,-0.240446471112525,0.506491974820903,0.692170099407303,0.749750827448247,0.140982616393581,0.529158567815023,-0.870119293828806,-0.759031448787522,-0.347200050894712,0.156011919611498,2.36755060001315e-14
"332",190.79,0.536462485994571,-0.500162073064095,-1.87328315415064,-0.371664878999664,1.22052335294606,0.248389265177563,-0.91013251293173,0.548901038511712,-0.39251744348435,-0.110048455033904,0.0657836847245207,0.091501500622807,-2.73947531326257e-14
"333",191.29,1.40303416268602,-1.08907509527478,-1.56002765830104,-1.12026662887902,1.07079137996188,0.0888960442223867,-0.176297913777266,0.944895747177649,0.0418491372684581,-0.512703330563946,-0.000662858542125951,0.0882890705663142,2.38697950294409e-15
"334",191.79,2.81230563368426,0.071953641169343,-0.776955576171148,-0.73386087066745,1.4630130301508,0.112734222195202,-1.33050621662616,0.596558371128824,-0.102893051571944,-0.119999837186335,0.211605997094492,0.430637791905515,1.65423230669148e-14
"335",192.29,4.67921095829238,1.24736763605453,2.95981236146954,-0.179753394101725,1.88568586812191,-0.0528747718850479,0.0523181986438895,1.04118653495432,0.777997239811515,0.0393394601816147,0.117936002213695,0.312304821490175,9.49240686054509e-15
"336",192.79,4.87993028475799,1.08300200840818,0.873906961920283,-0.508784312902367,0.415364646537727,-0.261525515077677,0.130842950001402,0.523992846396036,-0.34299015370141,0.895655702304648,0.032697623386885,0.347122143063183,-1.53210777398272e-14
"337",193.29,3.13925490719801,-0.337663119853435,0.543352073003263,-0.939163820061718,1.10955074621214,-0.099939735570919,0.0909549229669353,0.50238841301875,-0.0570298833557675,0.344120798417462,0.307159775146656,0.087791504204645,-5.88418203051333e-15
"338",193.79,-0.811121059536625,-0.640955573281124,1.5231336852754,0.358997849094592,-0.720302660157924,-1.05495212321311,-1.28829579604031,0.638443245059828,-0.11455598370136,-0.155205387043418,0.183604035943942,0.112196542197364,-5.55111512312578e-17
"339",194.29,-1.54426467309895,0.11423779330449,2.06397588439131,1.03837651460486,0.314101572310602,-0.256502589477713,-0.00697655515736202,0.803987181937294,-0.572840159531611,0.0745969207981309,-0.152565418251194,0.257313426290204,-2.13995487996499e-14
"340",194.79,-0.498565251567415,-0.878182394453534,0.911834519844115,0.0959129759768486,1.06737259732431,-0.150047664256437,-0.500499252403731,0.210389170725031,-0.431020619881485,0.139498099970533,0.157161172191214,0.374748951064921,6.85562717706034e-15
"341",195.29,-1.89791853471911,-1.01539880491234,-0.764239956463804,-0.110548769338058,-0.482773553952351,-0.611398798300058,-0.696901608900297,1.01570259880072,-0.58549089291788,-0.00327014364534483,0.256924551862619,0.35643840761929,-4.08006961549745e-15
"342",195.79,-3.44406065192523,-0.547505911285827,1.12882243288186,1.59583906737549,-0.139031653357463,-1.78890504217439,-0.897742673943092,0.841765987631913,-0.497334181781925,-0.402603968743013,0.097971634232926,0.0381619415254588,-3.94129173741931e-15
"343",196.29,-3.52590526064595,-0.374790651289395,0.433785505490709,2.99124526661615,-0.765028690134102,-0.904680023240369,-0.527764374212049,0.440447358788968,-0.244805623291105,0.316142521413275,0.331212354134883,0.125296289054558,6.77236045021345e-15
"344",196.79,-2.3116759894418,-2.1077280025827,-0.665095215476426,0.179119264531613,-0.798849048530238,-0.883334861153284,-0.143711523858041,0.61648823634135,-0.460015285257212,-0.221103309656522,0.215395857660625,-0.17700917039086,1.90680804479371e-14
"345",197.29,-2.92583342555614,-0.932886525805699,2.3353945386952,0.8952699377768,1.1373902034553,-0.777473809105376,-0.305488392073858,0.148692878135148,-0.411943258912978,-0.523984950042549,0.186643448388378,0.0436554635933437,1.28352189987524e-14
"346",197.79,-2.22546953072388,-1.17228503204583,0.289527388685643,1.37503348959061,-1.18047180364985,-0.742597598134606,0.178313340225935,-0.106284721699131,-0.718113726474073,0.138299225610906,0.0206577583088043,-0.0974161105822279,-1.15463194561016e-14
"347",198.29,-2.5635809518446,-0.810671432989599,1.02305366647229,0.708110461275113,0.5455978460453,0.480446039903503,-0.667323418148826,-0.155185523667514,-0.886267037426954,0.481914756337236,-0.0146039557748695,-0.0378702065335102,-6.36990460378684e-15
"348",198.79,-1.43812354935662,-1.12495942350106,1.09398779398284,-0.594529514477513,0.552140983782512,1.03546749549534,-0.337023468871133,-0.066901554517368,-0.558417445271213,-0.123729614528872,-0.0945254584712372,0.0708999183522918,-1.01862962509358e-14
"349",199.29,-0.660402820555065,-2.15473957534273,1.88471989304985,0.371677806161387,0.0217263449612994,0.73245154118035,0.950390981674426,0.259900795890013,-0.129558558923167,-0.240774449534903,-0.122255465470327,-0.202326542483748,1.32151234399913e-14
"350",199.79,1.26369178386964,-2.95552241821087,-0.8636883955708,2.23156560548444,-1.08146822919314,0.688107029314895,1.14427201230727,-0.150972135313343,-0.6724673777184,-0.105892160858477,0.141118456401449,-0.0376168229925713,-6.7168492989822e-15
"351",200.29,3.10413889650593,-2.75335921710143,-4.54366925903768,1.33953586948186,-1.73047817361867,0.899983786353625,-0.200541185380597,-0.0483297671232996,-0.220183124368495,-0.257762652033127,0.322557660290049,0.0552805997553832,-1.41553435639707e-14
"352",200.79,6.04459193499537,-2.20849834278029,-1.93259491867027,-1.0588594885363,0.467508073117693,-0.813573349414944,0.39193698309421,-0.357281150864229,0.505340567338371,-0.555432478685843,0.882554454364649,-0.357626320098246,-4.10782519111308e-15
"353",201.29,6.11580640346525,-0.86427704490042,2.98441679913646,-1.5178276125092,0.920446508590934,-1.87502483640355,0.0806042701787907,-0.359846521274426,0.882024187857703,-0.711290453271007,0.482979436388546,-0.181993590539761,-9.10382880192628e-15
"354",201.79,6.1346620144024,-0.390505144654096,2.85722795018509,-0.521292972827547,0.0313341042291477,-2.62158956057766,0.941964616311579,-0.220143232952585,-0.294052319850848,-0.449138251794948,0.152420174524282,-0.0767639382896992,1.28785870856518e-14
"355",202.29,4.47433286741362,0.753884798194585,-0.810703850199216,-0.0786599208070771,0.572457023131416,-0.189223294996112,-0.356670611782532,-0.430583648141337,-0.750486653351229,-0.903902740684767,-0.154457331127794,0.298404305375711,-2.63677968348475e-15
"356",202.79,3.30063364196378,0.302229039378241,-1.93258379687773,1.01235074037284,0.0407080241736496,0.340048005525001,-0.0611853949831385,0.324543994287603,-0.439059459675104,-0.525667078783574,-0.0851061054642943,0.0928878014246708,-7.89646126264643e-15
"357",203.29,1.50226515843076,-0.0308671299311938,0.410508475095042,1.52290669959233,0.641728651484764,0.548918908348125,0.25940504242255,0.230556030579302,0.118445242726631,-0.580365139879599,-0.0346444354647971,-0.0582746279418577,9.0205620750794e-16
"358",203.79,-1.29157390778302,-0.286869095521881,1.23504039815928,0.585436715749665,0.247678945290386,1.05741483428203,-0.293463228627551,0.954284889850798,0.6360974891464,-0.0754176264416564,0.133302874298524,-0.0400153019808086,8.93729534823251e-15
"359",204.29,-0.280838056924394,-1.00478268469904,1.64388901159414,0.257782942715572,-0.190918856979737,0.250772738566489,-0.129366834621686,0.418495197553141,0.446177331461566,-0.491395882926021,0.222753985219468,0.0887768280434719,-2.09224998437563e-14
"360",204.79,0.0621088476880333,-1.33785345352593,0.363551279178836,-0.716025039012738,-0.186901542168744,0.495830186507013,0.529025171591931,0.468774234197562,-0.204942789169276,-0.403110793588481,0.00928449526831938,0.258105231851553,-1.45022882591661e-14
"361",205.29,-0.0312783275466544,-1.81073794500998,0.0645379527388449,-1.02169112526834,0.088964836910842,0.448594149482684,0.0430324488278677,0.236190554743267,-0.121871257422683,-0.0834901297965732,-0.00987318092327304,0.157984714906996,1.8623991238087e-14
"362",205.79,-0.929159166262668,-0.476310447663341,0.213531117092881,0.682901960740793,-1.1296487754863,-0.79484785751611,-0.255471799851203,0.33887596708134,-0.514781057263645,-0.173027136075634,-0.229058916991337,0.141565300227962,-1.92068583260152e-14
"363",206.29,-0.617995325501119,0.123642798961036,0.571193408090602,0.594786231333823,-1.21456139871325,-0.768938091626124,-1.03692708467988,0.427213697058594,0.689375423394536,-0.646419866234953,0.243107181011176,0.335309354750026,-1.44051437445114e-14
"364",206.79,-0.153441223783467,-0.383896977438791,0.665479498709581,0.342945123941336,-0.577728721477771,-0.084994755837509,-0.196178780152367,-0.120455826443905,-0.185812511842439,-0.0632186524171212,0.157315706275861,0.144444339120673,2.4535928844216e-14
"365",207.29,0.848072421544133,-0.115425981065301,1.32389170055696,0.460561300560515,-0.127997315948613,-0.691634196240727,0.354107903120612,-0.498578688326197,-0.587012094032753,0.194488545498442,0.403893314740691,0.153387866654045,-1.15255027743899e-14
"366",207.79,0.350956780418793,-0.285365777917149,1.09957927525067,-0.202238688158626,-0.702823114355235,-0.284671911724155,1.53396427173533,0.0763887656873227,-0.0356070358971236,0.26961097579211,0.439156537919699,0.181546780384144,-1.66533453693773e-16
"367",208.29,0.377945074999536,-0.0133508246688349,0.761174271575179,-1.13907124977203,-0.215360833020608,-0.320509756130262,0.694578156748042,0.169372013675065,-0.10743479880312,0.215540786711172,0.257152931724219,0.0367699295432337,-1.88737914186277e-14
"368",208.79,-0.586469930362408,0.673716440379428,1.89413096195479,0.610114567253504,0.0860030364351352,-0.32098517918466,0.654151359250262,0.0366878486818097,-0.697757334097563,0.409048800002229,0.212765659598939,0.0209882678475222,1.66533453693773e-15
"369",209.29,-0.631297628348448,0.0719027989769536,1.79239710570689,0.62135706857214,0.262426832160754,1.0231696221476,1.27000786644232,0.554270964075768,-0.278113524305492,0.213865539700843,-0.054532980223891,0.236206489537867,-1.05158937113714e-14
"370",209.79,-1.15834352916995,-0.27287159483756,0.68436537776529,1.05089758682178,-0.617555389790374,0.262002136683239,0.438795781863505,0.502178077039836,-0.337925360632151,0.447591910882341,-0.0166804711620255,0.00689754028248849,-2.60902410786912e-14
"371",210.29,-0.885145333647054,-1.23384600385566,0.281556783404932,-1.12710622583399,0.337616270206334,-0.111445922660862,0.536260775136364,0.552959659239928,0.0349161908077749,0.355130052279846,0.180629768580977,0.112464783906972,8.77076189453874e-15
"372",210.79,-0.316786797532746,-1.52213088212365,0.949696838109365,-1.30969148176782,-0.262547513051889,-1.55027707745181,-0.382001705127104,0.374559882044953,0.492282587664739,-0.0846347501346988,0.0840013420061544,-0.105284533932762,-1.13797860024079e-15
"373",211.29,-0.288642596337237,-1.25496003839483,2.9895651331521,-0.883461919898463,0.944576817764638,-1.2482943758897,0.0942901460406436,0.367603838790859,0.432289043381511,-0.307680119937773,-0.0651536627866594,0.0974516114503454,2.44249065417534e-15
"374",211.79,1.04475402428716,-1.48752407396888,0.382895742152117,-0.655452636461009,-0.723775313676791,-1.81884420311605,-0.030737977274906,0.029772930206169,-0.416393407800879,0.0063260356241352,0.171410810618781,0.360890590953065,-1.55812862612237e-14
"375",212.29,0.405581531936347,-0.852901027335658,1.3571552291967,-0.330173576613639,0.56265278691459,-0.0957170799705273,0.739524435428706,0.527111634715371,-0.374817866004432,0.410250369757797,0.0299946386374587,0.435169185106022,-6.57807142090405e-15
"376",212.79,-1.61401644830293,-0.704598188924149,1.20453979328358,-0.475261413323036,0.0223632187212048,-0.25066597594197,0.178666582100128,0.903049236312757,-0.191651998614872,0.46060094949722,-0.330791073620289,0.172155389106567,-7.25114412958305e-15
"377",213.29,-1.60739986490747,-0.72762770448197,0.440181176796366,-1.15717073157164,-0.0240834092981492,-1.14854703197187,-0.652574418615609,0.659177914034255,-0.567868974878259,1.62156881748183e-05,-0.0608317718536436,0.219946047672432,-1.70696790036118e-15
"378",213.79,-0.322509630911344,0.0317135378930856,0.725225075940874,-0.0143224373878429,0.389206136749245,-1.18686494002761,-0.829196796891273,-0.0981220809222895,-0.796157811672243,-0.342373043970426,0.139131659446332,0.479548849680132,1.40859546249317e-14
"379",214.29,1.93331904977586,0.7083850941069,1.39760188318607,1.60012955843879,0.922221631291958,-1.00171620055166,0.49142391597313,-0.189996412645841,-0.344553914853388,-0.488557998198329,0.171325664651645,0.290909310655996,-6.26582119522823e-15
"380",214.79,0.876393259677538,-0.483723602579607,-0.182753004401026,-0.432524812040028,0.50234685728303,-0.0434511780321953,1.04115859736127,0.57085771100715,-0.690250881244779,0.42735105959052,-0.137135152244569,0.18325771329597,1.99840144432528e-15
"381",215.29,-2.16351903776264,-0.0684911239442503,0.864757171624265,1.96448585260582,-0.504172071752625,-1.0238630835854,0.0146123690712939,1.03110520576133,-0.228219246367579,0.289800137366438,-0.106501136385845,0.509496265873266,-1.0547118733939e-14
"382",215.79,-1.24138058905348,-1.46260980339556,1.02895677154849,0.413529174994217,0.286063527465446,-0.0425147867519617,0.37706232887177,0.945616145521646,0.352861149554232,-0.255364618189896,-0.0856692716702064,0.0423010203291235,-8.41687830543947e-15
"383",216.29,-2.01293085707508,-0.731651479247502,1.06247762725096,0.343306199494856,-0.560013239256213,-0.71793517638661,-0.230991963350722,0.592931144288528,0.00169952854646984,0.0583326541122049,-0.148964456515018,-0.220172664040404,-8.32667268468867e-15
"384",216.79,-0.141505475210601,-0.2792815232598,1.26749236262394,-0.632197990959561,-0.823089189215692,-1.83402437872354,-0.373776705410837,0.0169589239758596,0.000386275086556926,-0.218668914178525,0.201559586798603,0.033655137679956,-1.37910516340156e-15
"385",217.29,0.540212976904543,-0.070953462012155,4.27178674167876,0.71775538376675,0.0689969262694048,-1.02237156878889,0.652278972661032,0.363593608696656,-0.0064444937300289,-0.0969857669717338,-0.275774528866803,-0.198526991146573,-5.53723733531797e-15
"386",217.79,3.53488619730841,-0.983150136818867,2.23275628304835,-1.29398846618545,-1.29841883201358,-2.68048733344858,1.07700298397635,0.265798958832255,0.348084813384257,0.151936057716686,0.2646503383853,0.142120477654585,3.33066907387547e-15
"387",218.29,2.54699160465141,-0.844851979963482,1.00666656871423,0.0632157705152652,-0.730481661544462,-1.648738968517,1.64503553261069,0.858197938266743,-0.611589097848424,0.295938426937722,0.143626497362769,0.33539300026294,2.51743070833754e-14
"388",218.79,0.625362521954946,-1.5029216926326,0.16176829916252,-1.13558853486018,-0.198697842092393,-0.819930104893849,0.496284619227241,1.16028908868271,-0.0439550902359042,0.639807865703004,0.389618740643826,0.324417214126867,8.34055047249649e-15
"389",219.29,0.00792843514164748,-0.898613187327736,1.73310207816488,-0.704360044118658,1.47351266969939,-0.701251133156662,0.169881746885635,0.806921565555379,0.34846700785461,0.197446799270608,0.198919764332952,0.096338308501973,-2.48689957516035e-14
"390",219.79,-1.94755960381685,-0.099108302759277,2.15188198074851,1.43867228473992,0.195786296912917,0.364890863963209,0.407966531774439,1.23151016886669,-0.490363474740183,-0.269069732448913,-0.363934006179541,0.259916332988479,-2.27595720048157e-14
"391",220.29,-1.37257500000704,-0.999124272498772,1.12084560146707,-0.566259974860667,0.454435251267796,-0.637452775872603,-0.138892375305808,0.267807123515771,-0.933548287443218,-0.0931468651389125,-0.242509929376099,-0.0401452573643743,1.40720768371239e-14
"392",220.79,-1.09922954944832,-1.39286258281975,-0.210703820856387,-0.0703498538814416,-0.278972347488819,0.619595878924775,-0.043667216508802,0.353216274611748,-0.48052897438935,-0.0840099958768346,0.0246145616884846,0.501617993394366,-6.1409211049579e-15
"393",221.29,-1.88420948295183,-1.11881104981031,1.37824425850789,1.16925749923887,-0.123841026818387,0.530478945688173,0.426240236040806,0.604533961410662,0.0880609947656661,0.133597920751723,-0.139494171824614,-0.108676281544195,-3.41393580072236e-15
"394",221.79,-1.42517122069507,-1.87401160538835,0.396431918945916,0.0756878405438026,-0.683662698888601,0.672132000445424,0.0181058815006859,1.01815150032702,0.25725840880786,-0.220219895688966,0.161174153226435,0.276384453944279,-1.47937218031302e-14
"395",222.29,0.478077156916227,-2.82989416111328,0.561822800115776,-0.401199475885035,-0.60150908057318,0.397122557745404,0.613217954658142,0.757042594774354,0.289238506057948,0.032843710763478,-0.231622253483868,-0.279331519567731,-1.37676328670899e-14
"396",222.79,1.99913645714511,-2.5469149256068,0.238754049979239,-1.77089814758709,-0.618974555188421,-0.17464417504956,-0.295979668506472,0.311751886545219,-0.567352710059299,0.227112203265616,0.128701487833878,0.112407680080825,2.4980018054066e-16
"397",223.29,3.12327731737941,-1.3354605227097,1.98076534799235,0.390929227369336,-0.0211244085615416,-0.873950953463328,-0.788581209645108,0.172497216758908,0.665693890636178,0.338985949400143,0.063058713374105,-0.210273771594401,-3.46944695195361e-16
"398",223.79,5.66250114329508,-1.44153444839057,1.99102679440932,-1.37670447839797,0.949795079279441,-1.23375179114353,-0.407056527724615,-0.372540393593063,0.959405106029169,0.759252299561747,-0.00604145664669976,-0.1638071470685,2.18713935851156e-14
"399",224.29,3.82194838622566,-0.256836806424053,1.94272393430387,0.452867380013274,1.53445227054953,-0.590236711058635,-0.443053615471895,-0.221475726617298,-0.0675775734363291,0.738619657189047,-0.133166183064886,0.0551163995778264,1.22124532708767e-15
"400",224.79,3.1047362988345,-0.793669718150269,0.672580757981294,-0.688930700326515,0.88889173264547,0.0129305894313765,-1.01277826010744,-0.317703106143285,0.152730866781708,-0.416127843871773,0.156503838318865,0.774170024994668,-1.07136521876328e-14
"401",225.29,1.84534683732392,-0.86624605612118,1.05111131275766,-0.885660086249642,2.14335149782158,0.439337636376944,-0.416927685416203,-0.152420830580555,-0.304289935701841,-0.213848413167465,-0.347643566180549,0.0774050852390203,7.21644966006352e-15
"402",225.79,0.00765056231117536,-0.867947798082121,0.186034915748354,0.0357286378601942,0.0029278758877788,-0.939788764364524,-0.665005518150964,-0.126967997442053,-0.278278726479971,-0.246395954233338,0.225509198522295,0.333020003432966,-9.90527104782757e-16
"403",226.29,-1.73752046407705,-1.39312713995317,1.51479950968992,0.692748306131236,-0.280893060019728,0.158333657301082,-0.172629238810783,0.516872289807812,0.23930125490113,0.00185376406040699,0.0615601463763657,0.111004697503444,-1.5709655798446e-14
"404",226.79,-2.15188816118398,-0.727867855110726,1.78209570439382,0.831190730991323,0.36017720280037,0.830687860915635,0.130943301792926,0.22362647231641,-0.269497104668764,0.0648979151258994,-0.248440390075042,0.114607033906173,6.67521593555875e-15
"405",227.29,-1.88520321461297,-1.09836164324397,2.01205404332286,0.0800484255104384,1.31501860249443,0.456864618155916,0.0875998433862006,-0.162469577160078,-0.400245736666793,0.213633380228707,-0.0391219410771181,0.178341574532806,1.43218770176645e-14
"406",227.79,-1.88479852948415,-0.918695862057188,1.34245802564565,-0.0557556474358211,-0.140042470077419,0.7606940048182,0.552355848622771,0.255538658230557,0.0302966520534473,0.38355616119869,-0.0785104640868869,0.00256008332402973,-1.65249758321551e-14
"407",228.29,-1.10416749037563,-0.973938109724349,1.26697561182723,-0.662531012634717,-0.860041572366118,1.27477387417367,0.226471889939611,0.289240642883921,-0.591462031332184,0.0298667919327462,-0.102091637803508,0.036001411627234,-1.05818132034585e-15
"408",228.79,0.448885701538129,-1.48443507379474,1.41065013446697,0.106064916101375,-2.05360996171622,0.849726397463417,0.592590866988166,0.200260406996217,-0.502072569118149,-0.144956877160708,0.0958116797748254,-0.236207554264042,-6.52256026967279e-15
"409",229.29,1.80644016376521,-0.567813967896901,1.07540407298884,-0.507416734260655,-1.21550053972106,-0.123429115737242,-0.629466934339822,0.0616806680791227,0.12559247962992,0.304981104769213,0.0869218130607332,-0.154423672429745,1.49186218934005e-15
"410",229.79,2.14813445018615,1.04383355267778,2.24020193767108,1.58638719299307,-0.785663617097288,-0.160545807723526,-1.05625327824711,-0.322434826505212,0.353529491694257,0.538189067084049,0.036990770407859,0.601790741182719,-1.92068583260152e-14
"411",230.29,1.89201980078865,-0.0223006072394319,1.60644665663496,0.181860069787125,1.3747530166664,0.321340354628353,0.360422651294998,-0.0464921797293544,-0.620538838885036,0.44919804306856,-0.120163642512547,0.485193336099261,-1.80966353013901e-14
"412",230.79,0.255761069990327,-1.07871970780651,1.59097565963424,-1.92721822578623,0.976684421823979,1.13747481292121,-0.692721304777677,0.667488740308675,-0.367914293862333,-0.299486032789772,-0.311000298061587,0.352719910644761,2.04836148043341e-14
"413",231.29,0.249935150833611,-0.178373049749586,0.741826568153411,0.0674187042940802,-0.528759738975554,0.531576993665536,-0.783211109801908,0.737112064573749,-0.316056117399824,-0.211106646297816,-0.0785648022082526,0.123896050933686,-1.7281315267681e-14
"414",231.79,2.16971804586614,-0.956950974892319,1.04029006841389,-0.202060444017044,-0.999892327273638,0.43052803501455,-0.221271676443895,0.903396806786007,0.53654326673067,0.300475513172886,0.00867135903153258,-0.0803546952558294,1.36661515437453e-14
"415",232.29,3.59845718423929,-0.59540248616369,0.485860507589553,-0.00520187040528589,-0.951663922332927,0.907275119362187,-0.411814978450347,0.847612554190591,0.640797843947966,0.355290057243538,-0.0713080207209341,-0.0515518960154034,-1.28300148283245e-14
"416",232.79,4.95874988812501,-0.701266918268531,0.421777331761239,0.165598031296989,-0.639042946129887,1.24919347500599,-0.598164269109369,0.365710364124286,0.307568062731051,0.381901450374193,-0.351925849755762,0.139607547478756,1.25177646026486e-14
"417",233.29,4.71147924303156,-0.678520692619533,-1.76699439835922,-0.345999877870143,-1.07015755536383,1.1794977452194,-0.417527158182186,0.813531818053756,0.114088231591482,-0.750951752654588,-0.247507074700074,0.263516204405998,-6.00908212078366e-15
"418",233.79,5.0555125102838,0.230351063528792,-0.167634611993376,0.769850883502069,1.11295619781915,-0.00617924470971848,-0.43635400704422,-0.00285137146222522,1.01210648218568,-0.63042897365719,-0.0768577592850562,-0.0417378727037395,-1.75137682134618e-14
"419",234.29,4.61211136282127,-0.645650487465754,-0.820640713946194,-0.233651174393999,-0.214545208811228,0.296389841013155,-0.197181249329827,0.272404599472057,0.632705081169836,-0.203086031009358,0.129405569847016,0.113769552338588,-1.59872115546023e-14
"420",234.79,3.60223671462984,-0.0832630756595165,0.822392785854937,0.39864126723916,1.07151463397229,1.30252573314102,0.751720382944411,0.829221832236289,0.517128513290559,-0.687287929602499,-0.180827945795859,0.147721822823759,-2.11219930434936e-14
"421",235.29,3.10100303878947,0.267128055186822,0.302562335423805,-0.635942220518067,0.665722607986321,-0.00331807300389081,-0.604537110874115,0.35076751447454,0.271711211335269,-0.555310165919095,-0.128274224387064,0.0468449729431006,-2.52575738102223e-14
"422",235.79,4.10119997883264,1.19942721952376,1.59961295830287,-0.391859624346038,0.0682691666153254,-1.65296272533375,-0.30116725620478,0.37434106115866,-0.130740784870846,-0.596289602750441,-0.110109547195783,-0.155909228841828,-4.71844785465692e-16
"423",236.29,3.39690689371684,1.72154274458312,1.90553961888731,1.02162160910986,0.00487946307920181,-0.511738974123116,1.29405829040603,0.72286031997144,-1.00366220759211,-0.145117449239257,-0.413272963026809,-0.220297131347623,1.74183584222831e-14
"424",236.79,2.08716871215721,0.172926214517958,1.34091241822661,-0.640324982948459,1.39988616609334,0.906500786432295,0.335000135457862,0.645946352352917,-0.376881568560245,-0.449452208736633,-0.49659368621019,-0.616277920105192,2.72004641033163e-15
"425",237.29,0.844394692750026,0.757993182581455,-0.238408741253122,1.18526709442869,-1.02787543495413,0.951951333241395,0.442424626017284,0.853897109651607,-0.820550270040518,-0.336671800278642,-0.334359449387036,-0.387217864584846,-1.68198788230711e-14
"426",237.79,-0.628540106155972,0.281994019701597,-0.713990136727752,2.59555381803421,-1.56006006300621,0.345670490663419,-0.265119251375035,0.758606972124012,-0.375734206226528,-0.0841303721964969,-0.0350655251183653,0.0561323367342509,-9.76996261670138e-15
"427",238.29,0.9745874234381,-1.67585679584929,-0.864637850948634,-0.596913278655751,-0.230402379291216,-0.26205937478273,-0.887702291006372,0.47833467021513,0.242409152111157,-0.323881297663055,0.0779208666844423,0.0662789682742142,-2.03309591384482e-14
"428",238.79,1.99673387205561,-1.68973037202404,1.10911699355998,0.323380617686791,0.354129833482247,-0.304459334946437,-1.12422219969771,0.65242262651712,0.387428795661396,-0.20885449250159,-0.0397344251287271,0.0317199587637468,-1.78884684842728e-14
"429",239.29,2.20759701665125,-0.694308281995547,-0.226254974986829,1.24381871814492,-0.673783069993084,0.257084674646083,0.143290038340154,0.760668722865281,-0.310775385448075,0.74965698163418,0.00480415765465715,0.237852517579301,1.16573417585641e-15
"430",239.79,0.289181357173662,-1.33369604000191,-0.475459126497017,-0.792894726967973,-0.655522479580216,-0.731701566256194,-0.422412591789629,1.12837215322982,0.0977427252969721,0.360033985008834,-0.0336527316376609,0.0125769558226618,1.43392242524243e-14
"431",240.29,1.16467319242523,-1.53712045845227,0.424854857919657,0.0835902500383437,0.707738430333559,-0.250847234833507,-0.289118259328518,0.643009674137595,0.0639830675022717,-0.356098082335738,0.000422324269589342,0.107033770471069,1.4058199049316e-14
"432",240.79,0.909200580845438,-1.25327383698968,-0.530889089597573,1.18796313988202,-0.722161803927015,0.545633687291557,-0.601048923049184,0.644536509178042,0.201389960628716,-0.0419080101034931,-0.183130356653041,0.320323746134801,8.18789480661053e-15
"433",241.29,-0.219024640658837,-1.33487551085144,1.08113875286159,1.07315397934987,-0.881767349585774,0.546685954356902,0.257872882020947,0.727042414520444,-0.0854715067454091,-0.00483431639091366,-0.0284391880301794,-0.00477645971151553,-8.29891710907305e-15
"434",241.79,-0.459025894368004,-0.222279900573899,1.38638275621175,2.08973266648456,0.880618691188808,0.964598037933972,0.574796461992595,0.56035447768415,-0.0582442652407726,-0.197897276452144,-0.111933613070304,0.166344413759341,2.228772721935e-14
"435",242.29,-1.76896742526449,-1.30905314496752,-0.560091894127064,0.975967405982532,-0.331355320719314,-0.170923150840774,-1.11456886237057,0.746104648931321,0.224752237316059,-0.184726576255055,-0.193999903246103,0.0867701965925524,2.21767049168875e-14
"436",242.79,-0.935849846817088,-1.4601795841629,0.164722103924382,0.110601559786988,1.34618556435839,-0.318725136132521,-0.238081770558304,0.193620674422596,-0.427257044793068,-0.156736479267851,-0.211788964513168,0.0889920417758508,8.82627304576999e-15
"437",243.29,-1.81661067426246,-1.97747397980924,0.576272482357427,1.62396151491643,-0.233472810362688,-0.012004875709879,0.105996924613933,0.332023651638985,-0.453990611609014,-0.160628347889774,-0.165632908366661,0.109379396102544,2.6256774532385e-14
"438",243.79,-1.36008486585732,-1.72235766773186,0.649388302953644,1.10858804996656,0.234264105728131,0.759951546416177,0.840063632797047,0.0232771121875935,-0.902463278578264,0.244840961306034,-0.222979592676353,0.104241854607778,-1.70696790036118e-14
"439",244.29,-1.00166836402057,-1.70131900821141,0.870985712365189,0.393430594452441,-0.375492986103189,0.896675547150498,0.2720571544621,0.3164523404841,-0.314553283457679,0.142460228933131,-0.0703591130365402,-0.0376503875537465,6.17561557447743e-15
"440",244.79,0.866660553475679,-1.41460321994626,0.34925043329193,-0.601353662844622,-0.118324665071926,0.181731672099666,-0.325979902230075,0.620546233777589,0.541124745583639,0.0931648141511178,0.223021718916429,0.101285154409569,-3.4555691641458e-15
"441",245.29,2.47902744104636,-0.405516431713854,1.94865260524776,1.49179498761119,-1.46296239669793,0.036054762519045,-1.13255157559064,0.487424247104014,0.526387650840974,0.562378884196264,0.00901687344802153,-0.0125417012998093,-1.43773881688958e-14
"442",245.79,4.21063011969873,-1.39025702729223,0.605138360063642,-0.139147576109244,-0.697082529945186,0.0240265306002542,0.29253050759245,0.812729177654414,0.145308372753692,0.419030543691784,-0.0190829911650036,0.0529840548340469,-7.67441665772139e-15
"443",246.29,3.95419815291331,-1.15519666521322,0.305162998085167,1.02533579116464,0.531183136018702,0.891047498201577,0.018056059604845,0.339656530242009,-0.179801308161135,0.194957130337498,0.0680400572084355,0.177494731211016,1.00752739484733e-14
"444",246.79,3.08782458565359,-0.456977197438364,1.80666462253711,1.8467619891322,1.28219421916595,0.389372229109562,-1.22004815368864,0.014210739140264,-0.102106463877015,0.343663851424589,-0.14547189315112,0.0509178251263667,-3.10862446895044e-15
"445",247.29,3.43418531686369,-2.12779142509688,-0.113265247108277,-1.3996603643301,0.0310919363552952,0.509055396107268,-0.755893250480444,0.637972459946909,-0.187911247807624,0.837942105709306,-0.000757503592549124,0.198605444246297,-2.33146835171283e-14
"446",247.79,1.44538117995616,-1.58530521892868,0.213424404492914,0.247180347723447,-0.432626120867323,0.737084539062666,0.258936052107595,1.32050545454897,-0.116020508898279,0.530140792185301,0.0875253890039893,0.0192492214102549,-1.56610835411186e-14
"447",248.29,0.69995968764441,-1.82252012989196,1.85152558829355,-0.246549647416175,0.850541410781393,1.14113346342941,0.64642140550193,1.09848795449949,0.354040741509342,0.323415353326661,-0.108624498864154,-0.0493689055225866,4.96824803519758e-15
"448",248.79,-0.104082810314461,-1.37460130436731,1.14418364130515,0.293630768007707,-0.475959780481885,0.252818664546114,0.264531282746791,0.8030622954955,-0.282966065893228,0.109091109145654,0.00686282790939078,-0.267711753296428,3.62210261783957e-15
"449",249.29,0.502547666992795,-2.08534416926904,0.103286702255709,-1.68179038216975,0.0383434141740373,0.261473067167369,-0.468624828484563,0.38779777778841,-0.573701946894117,0.268999564245834,-0.0726775258122885,-0.0740033813982429,-1.87627691161651e-14
"450",249.79,-0.932696944407628,-0.640616580813256,1.57111636392716,0.701866557452271,-0.320853289197351,0.0254261101478124,-0.265925456372849,0.378025337416316,-0.507835625163672,0.636083181948344,-0.0980283990858074,-0.02765266317748,1.98868699285981e-14
"451",250.29,-1.07751637594199,-0.864137400101322,-0.179012082357299,1.12869437632319,-1.55601018204649,-0.113999911844622,-0.380525660741029,0.377359686159032,-0.550231975063269,0.288014131566051,0.0395226103095881,-0.012113087278557,4.21884749357559e-15
"452",250.79,0.628356649008177,-1.78632037560817,-0.518269399199498,-0.354856643099464,-0.582127442867789,0.181710508579007,-0.641168661287117,-0.380192345021659,-0.338355919833479,0.433975360977859,0.0438352079166106,-0.193538437493647,1.49047441055927e-14
"453",251.29,1.08574251999205,-1.22936878998967,0.762457681350836,0.0108378670160902,0.415513731601343,0.773702141794,0.12523162622686,-0.309391071409319,-0.0412370721051656,-0.0426382486058155,0.212021644133846,0.012073862639947,-1.44606548957427e-14
"454",251.79,0.298182906357614,-0.955383472273086,2.60437368799998,-0.647793219362858,0.867329504578808,0.989617282329109,0.0223463394346916,-0.0249909887360172,0.690342728000489,0.170123773382029,-0.126656085591062,0.0257500673091571,-2.94209101525666e-15
"455",252.29,-0.228356713480314,-1.57340849085134,1.26344501025928,-0.304492786411121,-0.848216995056555,0.799355501466791,-0.294061907800947,0.0134395794938984,-0.329199429532491,0.359236364338624,-0.229555724690979,-0.189413000078048,-1.14888567409599e-14
"456",252.79,1.41072388328228,-2.35974642446449,0.474910861427427,-0.993372013841918,0.187122815007555,0.360600365062534,1.12197775793839,0.102359633655114,-0.134059915092086,-0.151901590065271,0.222784146594345,-0.0561342413271327,-4.74620343027254e-15
"457",253.29,-1.57225013378167,-1.80968516593432,1.36187112129428,0.0573967594077558,0.65583550329016,1.02744179778441,0.345729994260549,0.558879307143009,-0.329789926138855,0.312429351644103,-0.0149869453902339,0.122903523225549,6.32827124036339e-15
"458",253.79,-1.45051797139319,-2.51094026460228,1.0604082793722,0.254959040028283,0.0390976541671284,-0.202832327904153,0.531693171237176,0.452194876233959,0.339361008952164,0.0844542373944065,0.230864585750632,0.040740501478316,4.32986979603811e-15
"459",254.29,0.179317006645201,-2.71309827707219,0.964423453907208,-0.712836657080714,0.605411316500999,-0.829099969766758,0.297116019297535,-0.102194231879823,-0.256365716466837,-0.103271717371476,0.202957474183893,-0.153926984009728,-2.63677968348475e-15
"460",254.79,-0.320195643695862,-2.25598214509241,1.01679494156758,0.114168056114171,0.498790195276879,0.544080446052214,0.771322042142312,0.182264370712066,-0.250817064981512,0.20848454637474,-0.10108997413143,0.0715249522368651,-1.22957199977236e-14
"461",255.29,-0.66503306880487,-1.77060263425724,0.205898677024542,-0.0438945820418819,-0.159816914921853,0.10314338839878,-0.098573229702687,-0.0658307813429618,-0.287441000338695,0.142435624559581,-0.127359833127189,-0.0544513839906098,-1.30520594332495e-14
"462",255.79,-0.384028295154485,-1.89162173806822,0.406424563495581,-1.51598283330319,-0.28312417449355,-0.58251073368767,0.325917391830826,-0.107488856150947,-0.756230249726607,-0.0276168323884858,-0.202273862676952,-0.204840117696564,-5.30131494258512e-15
"463",256.29,-1.31952266734821,-1.61283886858752,0.607371904608864,0.231567090110281,0.109945949777456,-0.117931231253028,-0.343996615005128,-0.325651783442395,-0.511760623047499,0.451293492036954,-0.33117376967474,-0.150281808528202,3.0739299994309e-15
"464",256.79,-0.813088477800021,-2.12324926862346,0.94856677997607,-0.0531054905770018,0.437931814118966,0.0852049249268008,0.674966915638883,0.728532273572232,-0.189083464121697,0.0374190377371389,-0.223683344453189,-0.0422881850636332,1.57651669496772e-14
"465",257.29,0.770944757392499,-1.9410553065578,0.146838220530525,0.484293423871463,-0.974080686628869,0.472384134021345,0.385329177163059,0.330072781514677,-0.758585334628195,0.366309305881355,-0.0701860085726623,-0.0142927050156723,-1.00475183728577e-14
"466",257.79,1.73918267916166,-2.36962767915499,-0.520573164015651,-0.249167793845563,-1.04886919578418,0.0665130061150729,0.373145683862221,0.720017604395294,-0.19503445634772,0.318822460166744,0.209829152073789,-0.0598754457854166,-5.68989300120393e-15
"467",258.29,1.3875597692944,-1.84263678908733,-0.651775506721328,0.367724139940693,-0.0913069413375264,0.976532356860944,0.467016403757683,-0.082626298752146,-1.03963965657091,0.0729526601419382,-0.355036089474833,0.148818892393547,1.35273736656671e-14
"468",258.79,0.382260208229971,-2.09744154502866,-1.36516926200392,-0.425451168548153,-0.206892213825028,0.645083362455069,0.728189381948823,0.0387574488845348,-0.989553864799291,0.318014207177599,-0.0604859440273769,0.0880960803122636,-9.80248868187594e-15
"469",259.29,0.847181892626203,-2.50921130771282,-0.825944485859348,-0.919417265509189,0.0955086644610149,1.2761246801021,0.667926648949424,0.0833237882652045,-0.757763061022189,0.178750030523279,-0.232306143311294,0.0204442074720452,4.57966997657877e-15
"470",259.79,1.98060523120207,-1.76813997917959,-2.18730604813287,-0.277823347649203,-2.07736051127616,-0.284838617810596,0.441649798418597,-0.139762259514689,-0.959349788616759,0.462840527425884,-0.230373230280148,0.167090406399455,-2.08999484385686e-14
"471",260.29,3.70888753554484,-1.44309422127951,-0.576084551472252,-1.71873364616914,-1.76818818210221,-0.143968817788556,0.890809482014753,0.697367667914521,-0.31230717375627,-0.291610684018849,-0.284246774824125,0.258408831995263,-1.08801856413265e-14
"472",260.79,6.02553389627261,0.512913205307856,0.230684366342955,-0.639487622887526,-1.82628184845161,-2.01059322229499,1.37370847826197,0.74381018971785,0.238876445868348,0.380583425833869,-0.0451676677604716,0.120936852204026,5.9761223747401e-16
"473",261.29,10.5796570565447,1.3775745524411,0.267170892518958,-2.33254178174498,-1.01704491139915,-3.64302094572791,2.63015702180444,0.174224731862615,0.0818183094368991,1.13433998454317,-0.0651936390123566,0.281318370755582,-9.49240686054509e-15
"474",261.79,9.59887026695227,2.64400093605993,1.15826856659424,-0.18818374930285,0.754961279386781,-0.674916147359341,2.81175832245985,0.384501740035042,-0.157606166597204,1.52558058439599,-0.314574320649594,0.353441480169661,2.77555756156289e-15
"475",262.29,8.91081314530217,1.07342183886687,-0.505592028089479,-1.59897597981038,-1.95043535780713,-1.60020509100947,0.904067027943198,0.500876330403194,-0.249189128678437,0.429424766545794,-0.465104375546459,0.269474530811329,1.4738210651899e-14
"476",262.79,4.90049737580492,0.0449496771957745,-0.707740608775976,-0.654920770766115,0.210819204285167,0.027562733779804,0.776534082934183,0.394403395324228,0.247941538149708,0.16251446647807,-0.351822551240134,0.0218641435717774,-7.16093850883226e-15
"477",263.29,5.63702705217964,-0.0922836869219928,1.48744893956887,0.175748517620316,0.531798210213075,-1.30414318057948,-1.7227233809132,-0.239453794580327,0.863040567406913,-0.149151890767256,-0.225777032247866,0.0383099010566011,7.32747196252603e-15
"478",263.79,4.89473427994641,0.170972097938318,-0.899084461134782,1.02535551010152,-1.27009220824197,-0.375051482454096,-1.03931147856944,0.312764184556986,0.215526823719051,0.903139288618687,-0.179008099720574,0.255334939437159,1.39610545346613e-14
"479",264.29,2.89063551713732,-0.477740986895936,-0.552715663643273,0.660048223878673,-0.635047275996212,0.635205287938335,0.362648678874039,0.651892124690148,0.10612147465862,0.449624317116386,-0.352682463229727,0.0966927811133305,1.42386102908176e-14
"480",264.79,2.5589689747829,-0.557871479104423,-0.927116308238133,-0.130208576261464,-0.184240868706733,0.627017622955585,0.188385613170311,0.402332006253868,-0.509120781841852,0.0949408170528339,-0.0736072360118353,0.125895738434765,-1.89570581454745e-14
"481",265.29,-0.0899359808011468,0.127881945191989,0.151155289673929,2.95333304662567,-1.3442818183019,0.446723243272085,-0.189832047337052,0.211416146544306,0.280552833063502,0.475685111950753,-0.0680030932511569,0.169588184247528,8.21565038222616e-15
"482",265.79,-0.63253723420104,-1.34580119231473,0.245946818015124,0.489855334943236,-1.06006254352773,1.01447098586638,0.327604841512237,0.871912384936322,0.903972095983537,0.371565706269553,0.0776629292804707,-0.0732553285214703,6.77236045021345e-15
"483",266.29,-0.496756386470005,-0.547763146552523,0.0475288183757814,0.617156833983561,-1.00313879203545,-0.260609661449427,-0.404940792292126,-0.0504436282895842,-0.339730243112545,0.466492906213885,0.0389677599458848,-0.329351414939777,1.83741910575463e-14
"484",266.79,-0.403457063521555,-0.624951484949785,1.4268282397927,0.317090805755324,0.278514538280333,0.580399632578682,0.174502076788786,0.20451334196169,-0.378145376944051,0.316843840773199,-0.29968183443652,-0.185527883800173,-2.18852713729234e-14
"485",267.29,0.574717789544309,-0.715606804725448,2.08553486258628,0.317488447793156,0.500666737121486,-0.116442148709004,-0.0928807147110772,-0.0530101366299501,-0.0904455917395576,0.22147485674774,-0.162659930693745,-0.145379825339369,1.0394463068053e-14
"486",267.79,1.18961020846727,-1.18928270197016,0.348403753294889,-0.85496857917485,0.538230434357652,0.747242285595532,0.285784288317702,0.415339672559027,-0.448806917595391,0.406974702880458,-0.0365807705579675,0.0477919662605056,-1.4432899320127e-14
"487",268.29,1.23180857280078,-1.24520552441026,-0.476949663759558,-0.721484945559779,-1.11827004772391,-0.0410282338630095,0.250483813538942,0.765758427382241,-0.203698196702799,-0.201722116358371,0.134647973896949,-0.362131187516139,-7.07073288808147e-15
"488",268.79,1.45165811697122,0.107874031489696,0.170353554488515,0.995103687389718,-0.734787855443455,-0.331641292206957,-0.507086992215504,0.248449890787665,-0.15859243263069,-0.0771677187697687,-0.0782436555115665,-0.057678063878261,7.07767178198537e-15
"489",269.29,1.70270305664845,-0.4473075866175,-0.0662101971224882,0.937267188365685,0.00393123474952506,-0.156747233156077,0.215777128569011,0.557274260610035,-0.17513587809516,0.425101775325631,0.00913678604261307,-0.0580829408304789,-1.87488913283573e-14
"490",269.79,0.426220575504971,-1.09817970532202,0.562272640580791,0.828491687033338,0.0211900174678089,-0.0863076137589446,0.607993775491111,0.804668022505661,0.332646954070218,0.174909476397669,0.246996658289134,0.0620587865814117,-1.22124532708767e-14
"491",270.29,-0.585638730466598,-1.10479361065006,0.458429070467084,0.799192629019489,-0.170092244899265,0.708523178870773,0.334256828796523,0.908722653603249,-0.0211826368422995,-0.0293263144378049,0.0869822110208436,0.140879564577188,4.44089209850063e-15
"492",270.79,-0.476759791637156,-1.38236824819659,-1.30194119647874,1.4976454228628,-0.576635867828443,0.173352069538838,-0.223730499760702,0.288379494250659,-0.624379946473386,0.156699783761737,0.0313558776369374,-0.00351575007707642,5.77315972805081e-15
"493",271.29,-0.272901324300476,-1.41271042399688,0.674699834129204,1.0274907554879,1.81161136609326,0.328937488310776,0.386496502722654,-0.069093481475166,-0.264998796411699,0.235606489650788,-0.0207219394947152,-0.131372500015687,6.9111383282916e-15
"494",271.79,0.11047261035393,-1.56095667418249,-0.993389475897739,0.64211103947326,-0.680281969499871,-0.204138724481813,-0.0721157170870067,-0.0145092335336751,-0.220870024759529,-0.0253511500569291,0.0525621163090185,0.0263977310449664,2.00117700188684e-14
"495",272.29,-0.0395110120114178,-2.69406803985459,-2.12555986274283,-0.874612271065008,-0.314316063539403,-0.054934798840152,-0.483943924857274,0.183285204469477,-0.777035604393232,0.436078643450573,-0.111787596894353,0.0678453667581747,3.79904441238921e-15
"496",272.79,-0.183680035420551,-2.42137284351915,-1.46740770620221,-0.552921452735265,-0.484340519191704,-0.800045681926405,0.136086281097914,0.616876567449765,-0.637589993215896,-0.215311172205796,-0.0807151698318073,-0.227756457625867,-1.85615411929518e-14
"497",273.29,0.541771940621133,-2.39904029970981,0.916004933363944,-1.10256268691826,-0.952671588748413,-0.563741321842756,-0.96685050430972,0.994371132988467,0.422757961454402,-0.256781444780831,-0.269220917832023,0.0657663057035743,-2.80331313717852e-15
"498",273.79,3.9878562096055,-0.909001918661714,3.09238903986683,0.430340008870333,1.06663567325915,-1.21783969387581,-0.845709446081645,-0.128802109218645,-0.852848157984115,0.0715170428532828,-0.424434082560352,0.0289369890200891,-9.6034291630076e-15
"499",274.29,3.42968887274292,-0.695996689849032,0.834076983543686,-0.111720722403489,-2.02519007899356,-0.689947859368098,-1.14652191889293,0.52551619624228,-0.875333047810821,-0.15528798561088,-0.48202043917887,0.323487274990164,2.43000064514831e-14
"500",274.79,4.12917378888263,-1.2433692367982,0.488683041177619,-1.04343191795243,-0.325910295297382,-0.544669737033642,-0.303492315910448,0.269852883747445,0.319480034982136,-0.140384828105091,-0.0937088122809888,0.0881441288208799,-4.88498130835069e-15
"501",275.29,4.02563310771034,0.687496496541199,-1.68602522011757,0.703816364233288,-0.21358597888908,0.0594955190458319,-0.648709357066295,0.114654240639487,-0.463267519125907,0.1943483724444,-0.16987251687622,-0.077514051170012,-5.82173198537816e-15
"502",275.79,3.20025613036714,0.540793990335921,-0.966231027022262,0.205479008484264,0.357134561527056,0.806510992637994,-0.963223498587756,0.337214768893806,0.434182705362574,-0.260354555146812,0.0409762815816675,0.256529300518848,5.09314812546791e-15
"503",276.29,1.9394742468527,-0.00173404125202125,-0.882957072455923,-0.392381488677926,0.593148802389701,0.770340444297588,-0.692047659372173,0.343538315844182,0.264310904514705,0.182766627484963,0.317521634322877,0.582104634945179,2.25375273998907e-14
"504",276.79,0.39273087638186,-0.722417258823751,-1.01847461625905,1.18472089284271,-2.23040683493759,0.631101652377944,0.0320232213353076,0.881947059910794,0.479382019011805,0.346277733280716,-0.0913304598767224,-0.0640288598838543,-5.21804821573824e-15
"505",277.29,1.3276551885801,-0.985569629609066,0.829629610024043,1.12527470114036,0.709489039393753,0.550952877553099,-0.304218005292984,0.376013514554767,0.262874769806309,0.573150879361708,-0.0479581211929545,-0.263032434222589,-1.74686654030864e-15
"506",277.79,3.87151637307813,-1.35865293390704,-0.32555361215334,0.81471344296241,-0.169126919653331,0.268983780149973,-0.278867181338171,0.431845395803201,0.545202745223971,1.10368856579024,0.147648504023159,0.134636150441988,1.76057085576886e-14
"507",278.29,3.3367105857691,-1.80958684941744,-0.35198098431286,0.149838640922983,-0.649210308758853,-1.25529949800437,-0.475005776662346,-0.0438815009090116,-0.0034959792752678,0.25574458600561,0.35826895642171,-0.0258942036446176,1.71737624121704e-15
"508",278.79,1.91647272082141,-1.37660235016691,-0.465562720082203,0.561426325974386,0.562953262538683,0.0747794892642411,0.0481283726848633,-0.0631357612580454,-0.902026831468192,0.262417192607957,-0.114727384560279,-0.431976233881312,1.4731271757995e-14
"509",279.29,1.23541579742219,-0.583463743104748,-0.278257023610344,0.0264452112829889,-1.048197291453,0.784360147280979,-0.0256639368699091,-0.19081797373814,0.360299302220241,-0.169954455735698,-0.466806855346319,-0.118818986229331,-8.81239525796218e-15
"510",279.79,1.34003878043966,-0.59847515669912,-0.176780812664904,-0.07271398978137,-1.1061626666666,0.300722680625415,-0.245873448032114,-0.802178756379097,0.35306522766019,-0.0966346906452947,-0.177136197287417,0.185928215759792,-6.45317133063372e-16
"511",280.29,1.86401863018432,-0.912344061823243,0.339010340166291,0.491679277707366,0.18636721579003,0.412952284686622,0.939370775398444,-0.801376273958767,-0.100904379746164,0.0351330807852988,-0.0855095704401743,-0.1003972280103,3.28556626350007e-15
"512",280.79,1.99984378850171,-1.42438254951652,0.629910093670956,0.00420143793326777,0.829630027044658,0.627962821767172,-0.285532938026276,-0.965209845387665,-0.16975414795035,0.146566625268952,-0.0945085747417287,-0.00628775976782904,6.07847105982273e-15
"513",281.29,2.57028705946786,-2.07165286025252,0.696231213605706,1.6803505973393,-1.603939664404,-1.31472049824075,-0.806617127209015,-0.706114729448299,0.239413063939817,-0.14228950761442,0.27155434857661,-0.027770616926801,1.16018306073329e-14
"514",281.79,2.66554035192723,-1.95978309873506,1.18861349723769,1.92147505505413,0.718227160313805,0.919627069757677,-0.039392891786608,-0.831447133550936,0.152976371166897,0.411265410434341,-0.105982649023363,-0.0317593049357287,1.77878545226662e-14
"515",282.29,2.30115510662996,-2.45003268444245,0.772979482643873,0.224541313338655,0.434259854767992,0.353002455609414,0.281492847111634,-0.384566743753579,0.376232360322073,-0.464542160689657,-0.0277401829547805,0.0852823198442526,1.40720768371239e-14
"516",282.79,0.765327849966437,-2.34864755828532,-0.327610323259335,-0.103451238030724,-0.750722438837027,1.06190391190437,-0.241251874214782,-0.143670127919895,0.00428968634456973,-0.0711109055287021,-0.100790021742869,0.0288571546133214,-1.28577704039401e-14
"517",283.29,1.2669660068162,-1.90760751077707,0.684781804409416,0.0013449723540655,0.0221124506341531,1.04441245572297,-0.0134255537171586,-0.473068162655732,0.00849316817487178,-0.344453117477036,-0.031722852396464,-0.141641204775197,1.72084568816899e-15
"518",283.79,1.08109928086272,-1.56760001978393,0.96133109020746,0.425758800013158,0.991777796416298,1.71445280485857,-0.128427925380148,-0.541231498793124,-0.439854030678528,-0.153080429140235,-0.188181059071573,-0.0929616392437029,8.10462807976364e-15
"519",284.29,1.35597512818794,-1.90601784272437,0.0101065971308811,-0.149951216254281,-0.811334800410109,1.06506146013799,-0.240423329796881,0.0296261795512643,-0.010687689236811,-0.174090256427397,-0.142287832865942,-0.100068698813992,-1.50140316845793e-14
"520",284.79,2.62723866064485,-2.19092148940303,-0.0402744782095701,-0.518359739279445,-0.132610454084611,0.620290248708892,0.168973870788718,0.227744681519734,0.629368894644654,-0.0155645836244935,0.149059406447493,0.177411638993044,6.55031584528842e-15
"521",285.29,4.24923758401968,-2.19142437875365,0.205075601023481,0.351540515940491,-0.186451793336888,1.19935816842363,-0.370209205033078,0.240986510376207,-0.0321089039754456,0.274246251587193,-0.102047062908378,-0.081987394063914,1.01862962509358e-14
"522",285.79,4.90432792704093,-0.865509859729552,0.373976064922137,1.16690675077588,-0.415775395194783,0.457689611435373,-0.240421739508587,-0.410195480409466,0.369030192010399,0.40668247751805,-0.175230789780856,-0.064232980543283,-7.47665818146004e-15
"523",286.29,3.30683422667331,-0.454024389418061,0.45866291853546,-0.0402201466108146,-0.0436526137162107,1.00396698695915,-0.642750037512888,-0.760687099929166,0.655770317479617,-0.0977702131563532,-0.392949417881568,-0.147333685477421,-4.85722573273506e-15
"524",286.79,3.04981083583641,-1.21791382509573,-0.49862002314297,0.344949468405721,0.207255381140606,0.552529708725788,-0.402534355651611,-0.6438251887396,-0.536459226180739,-0.0958679068232482,-0.304835282719892,-0.170632494493079,-1.7430501486615e-14
"525",287.29,2.2600120979657,-1.64379913373656,-0.830256529124224,-0.0800825961921169,0.388651250998281,1.32614855426779,0.510205298804249,0.0995974982734792,0.00766650653878356,-0.291154504811945,0.0607838191236585,0.173314232964604,-6.36990460378684e-15
"526",287.79,2.38520893028231,-1.83451627189844,-0.156471626538431,-0.143693877913764,-0.287080467463704,-0.383690747683441,-0.597038420574867,-0.463374167380243,0.0845847590286379,-0.187524579999002,0.0565620666284529,-0.306072017247336,-1.55292445569444e-14
"527",288.29,2.97527477626061,-1.44467836770973,-0.318510000858605,0.578315567999237,0.94982576620584,-0.137916453726908,-0.394752923978918,-0.782363082512997,-0.747269974407596,0.307773280475122,0.281701475098727,-0.0758107690913268,-4.10782519111308e-15
"528",288.79,1.90212604737986,-0.76077604013778,0.509871612616735,3.4088070399819,2.04367183450184,0.891736559269221,0.62408762239454,-0.567858890637718,0.372476052993059,0.433589841064125,0.383212005530707,0.153436553703688,1.72639680329212e-14
"529",289.29,1.73680566244647,-1.72599253869455,-2.38012682777132,-0.680363373407219,0.0634148388870092,0.614709992722405,0.0586111251671424,-0.370537523073851,-0.701329994504374,0.288583060320981,-0.0243646821315963,-0.235898937527604,4.05231403988182e-15
"530",289.79,1.21509134185669,-0.967178120175444,-1.24155659358448,0.751575394075125,-0.282943466154778,0.0190146394901409,-0.114066411590527,-0.479936856005081,-0.26795835944702,-0.20664940752484,0.235342795341444,0.104054585843764,6.82787160144471e-15
"531",290.29,1.17610647337811,-0.819228039935296,-0.209740601998712,0.349668260013019,0.343760636235812,0.80885062359741,-0.11771444688027,-0.358101044575933,0.223925815273323,0.144885310681257,-0.128804251743531,-0.157142131326276,-7.06379399417756e-15
"532",290.79,1.81945109289765,-0.661484099503091,-0.198108876910244,-0.320214550440099,1.02862256373241,-0.0405657921000945,-0.204929019395412,-0.273726923804281,0.486209918098997,0.00283872770177018,0.0594807578469159,-0.145361923808822,1.23512311489549e-14
"533",291.29,0.224821302080805,0.0396586324875503,0.213118561589988,1.45604803354009,0.29249180496493,0.457208880643514,0.117949779966256,-0.111428370701281,-0.396179973185004,-0.406182679214045,-0.151350143492056,-0.200326144604618,5.74540415243519e-15
"534",291.79,0.416818027092754,-0.23334112128399,-0.933650620849641,0.920352871426741,-0.580659496758324,0.493252253134105,-1.04826263926259,-0.299573322663761,-0.423979078247522,-0.163246928161887,0.0156459675512436,-0.0960259360296202,-4.46864767411626e-15
"535",292.29,1.00129436245354,-0.879875222775841,-1.51144389719361,0.301894426765859,0.418640098771863,0.92361712088823,0.234965223096091,-0.529620944984278,-0.607756021498537,0.179941380905226,0.029625609052686,-0.117868057524234,6.13745165800594e-15
"536",292.79,0.903599016625845,-1.39440072716045,-0.120823472222066,-1.49074124150415,0.996401247374424,0.718319303848183,0.546745061076177,-0.325706760554548,0.179126406272044,-0.42405938174668,0.117008575440254,-0.527545751124474,9.15933995315754e-15
"537",293.29,-0.502312081978348,-0.698607825615338,0.431236180899004,-0.375685705816227,0.568947785381569,0.796877316156664,0.319013261670217,-0.576378318153222,-0.708064918665006,-0.00773365905967312,-0.0915622163534821,-0.453255295331868,-8.60422844084496e-15
"538",293.79,-0.332305660487697,-1.16145772542934,-0.808472476448917,-0.72830241567054,-1.11986667633985,0.535764895898798,-0.215099748273002,-0.120838542824551,-0.00502241244463849,-0.263494018308518,-0.103868413010329,-0.569439294139528,-8.04911692853238e-16
"539",294.29,1.25843381238037,-0.125624997455454,0.435433905334748,-1.29427280170556,-0.497416115747869,0.326979016647216,-0.512501158941401,0.469662344582251,0.442554027459853,-0.373757597538536,-0.104636202021382,-0.141061953537648,1.72639680329212e-14
"540",294.79,2.79684992568596,1.32659022440662,1.73146301660955,-1.14167339909307,-0.805869511579306,0.0752329534645246,-2.36301914664478,0.948221646364262,-0.0287834494709463,-0.202221060213847,-0.37736437909687,-0.131051649414393,4.96824803519758e-15
"541",295.29,6.04911637429679,3.87362956944307,0.890231308951197,-0.460749225155096,-0.796544483685941,-1.46116310607357,-2.68629603949245,0.677829279955679,0.155729471532952,1.68670675327561,0.136364480184799,0.132888177579948,-2.39808173319034e-14
"542",295.79,5.31517885894884,3.81683082624215,0.789643273648395,-0.262272893333844,-1.20505194369195,-0.667997057886114,-2.75046420022486,0.801770392186871,-0.231794884323487,0.218857054597949,-0.624074170153662,-0.0799295341120881,4.23272528138341e-15
"543",296.29,3.5820053145713,2.17124630398156,-0.29089776069132,0.24574765259161,0.408130860314887,-0.0443685590066639,-0.770546521887012,1.03469690914125,0.83694385768214,0.444159187497924,0.00673374627710364,-0.515343606179272,-1.20736753927986e-15
"544",296.79,4.47670057352687,1.61032620434222,0.129502292589418,-0.464202842613773,1.06451478455568,0.0471787316736203,-1.39952870663472,-0.155784532885987,0.442642699823212,0.288468596047384,0.18577522695371,0.0458920781926464,9.49240686054509e-15
"545",297.29,2.2435593747291,0.49895968628155,0.555968291625589,-0.703880738295177,0.778463150165068,0.90241561299499,-0.844876604313483,0.506843320958458,0.226974704183032,-0.109490475300986,-0.234088587165732,-0.244003372671844,-1.33226762955019e-15
"546",297.79,1.28545713614899,0.801028883010272,-0.171918400070676,-0.11342243452778,-0.435554458758866,0.879091350280178,-1.2529518725617,0.28254479415065,-0.174155553749699,0.0329685693288901,-0.0769596880848297,-0.409079240928389,7.67441665772139e-15
"547",298.29,2.97742540953887,2.34823736006854,-1.69727094386571,0.960797996390381,0.551741402189464,0.409509702842041,-1.3234089224983,0.0019647588671925,0.701439937234193,-0.80803272427977,-0.053648300334321,0.486272656951946,-1.36592126498414e-14
"548",298.79,3.39354937814661,1.0124883195674,-1.74675007468541,0.761954462817398,0.800562653786233,1.26503901160705,-0.512777219729579,0.329240350262728,1.42089138879553,0.400539916766677,-0.0417168189220206,-0.18596526516727,4.42701431069281e-15
"549",299.29,2.63351663591555,1.29475156266205,-1.01253327572517,1.2104087544093,0.405170986586921,1.35866465263476,-0.987227374643279,0.273287433656249,0.690869903403535,-0.321383381441159,-0.189245234940939,-0.103534048655115,-1.94046168022766e-14
"550",299.79,3.26888926666997,0.209598948212964,0.433745549665621,1.65515503851876,0.219363599827493,-0.325291898978657,-0.907407517763245,-0.690172582898283,-0.313205830403121,0.0392854223385059,0.0463931726413944,-0.336929067095359,1.07899800205757e-14
"551",300.29,2.99787532903092,-0.700596885711277,-0.78136510777643,0.323253561580397,0.790031848505553,0.817653325405543,-0.554834897265883,-0.209645744997089,0.0337334053564816,-0.047812924211822,0.368599279778062,0.15420753679173,-9.71445146547012e-16
"552",300.79,1.78520986417928,-0.924989392557349,0.401312670198,0.879802223572336,0.149331478078393,0.414729446958253,-0.139590044177371,-0.262142383036653,0.150658047453203,-0.189078694065107,0.313042012591823,-0.138469411541113,-1.11508025035789e-14
"553",301.29,1.78776803381286,-1.46873613645793,0.223140094003939,-0.830018140987945,-0.113370317784593,0.0690329991879815,-0.628305445478861,-0.457351097211106,0.590274852886844,-0.335553683584416,0.364242992040737,0.222884768755434,5.96744875736022e-15
"554",301.79,2.51986350200706,-0.187920796349609,0.000682294013000476,1.10624725298091,-0.300468755955222,0.543866625545708,-0.681769639172885,-0.611840279809374,-0.292917401899143,0.0177637933156074,0.0432322688945221,-0.133343769575994,8.53483950180589e-15
"555",302.29,3.98920743949391,-0.898601867459041,-0.349011138365209,-0.303703928135231,-0.0775017404548062,1.01709187776494,-0.598646887523118,-0.552686940715686,-0.26819554565479,-0.0375252608407931,0.141391871086206,0.0308859095015849,1.06303854607859e-14
"556",302.79,1.5115617259792,-0.896477462812604,0.336759041685509,-0.837046470024753,-0.464294440018155,1.62397470949839,0.14401748234419,-0.233495790536224,0.0142243916923391,0.546018736265268,0.0234535599641197,0.198172199780302,1.62647673107585e-14
"557",303.29,1.51005232431219,-0.596696806259808,0.724648769747025,-0.0660294304860735,0.9087895268338,0.773525053008533,-0.0629468901311404,-0.841032809852268,-0.048589389934824,0.472378946202278,-0.00891332953429869,0.0596025042438131,-1.64868119156836e-14
"558",303.79,1.46888065457809,-1.05098838704396,1.54487821769316,0.660637354922241,1.01286050220568,0.557108665901216,-0.0857153814125616,-0.567110165009357,0.631990993503624,0.192416802211878,0.143665506812595,0.0865943674846004,1.48214773787458e-14
"559",304.29,1.51588147210606,-0.634777642557526,0.484950169223396,1.14441289676782,-0.217718235293748,0.496120807623373,0.556959164224933,-0.449605712014527,-0.366376454783298,0.121780407016987,0.147626680602436,0.140620805086655,2.13301598606108e-14
"560",304.79,1.22469483882205,-0.718017493580632,1.4374499228445,1.2914980961505,0.877880607264047,1.20740772155699,0.24006821331194,-0.668110828902452,0.0433919364178973,0.346010617841889,-0.128920572229421,-0.0904757492774366,1.54945500874248e-14
"561",305.29,1.29463144390578,-0.188495315882533,0.669110720965052,0.908853602186293,0.805370705873995,0.555263397650955,-0.467546802946507,-0.840367790304579,0.148869271345478,0.202660223954717,0.0255437867997257,0.141852832829307,1.01585406753202e-14
"562",305.79,1.1611971112199,-1.04750581844773,-0.211529102253845,0.102491777094527,-0.03959256312724,0.20661570959333,0.541983503203364,-0.244496539755413,-0.270495229460259,0.212584013998551,0.093457347518048,-0.210769636334167,-7.11930514540882e-15
"563",306.29,1.52938211119022,-1.0032701367202,-0.298503927050926,0.54246944277875,-0.160035309142979,0.492583707224513,-0.138894039814021,-0.340812484727789,0.145217585090061,-0.265589723456075,0.311054009250857,0.0433324078296759,1.81452075587174e-14
"564",306.79,1.77557597429277,-0.818126104914546,-2.26423665901668,1.4505632323134,-1.47516030015219,1.49745873798569,-0.0528322766931982,-0.398520993663893,-0.575891855519207,0.282274757790403,0.220394642527759,0.248068133566051,8.82627304576999e-15
"565",307.29,2.69204172198644,-1.84140365081235,-0.985581597296178,0.150690857197312,-0.267616644793634,0.334374383577895,-0.315072624068789,-0.910287765031599,0.104096778545817,-0.146587613805327,0.484110534698346,0.0957827509654876,-4.86416462663897e-15
"566",307.79,2.87294367429733,-1.82936930760527,-1.67153785939525,-0.571633621802547,-0.0853473640638033,0.845821789023429,0.791294881526282,-0.789917156254921,-0.0657165292615486,-0.210488626193421,0.0817989432078489,-0.0690310420961154,-5.41233724504764e-16
"567",308.29,1.30963496970046,-1.05018236603021,-2.05960294095257,0.749837401085279,-1.91818697283152,-0.0395992669636196,0.62547426827331,-0.518278932967118,-0.1337154466454,0.0849646255168797,0.0327647009884028,-0.42720092754465,-5.21804821573824e-15
"568",308.79,2.49520325015938,-0.851543045173313,0.0305407075437684,-0.939771160911742,0.135350900439018,0.185993574013291,0.128013250785232,-0.368549893511687,0.699686840023833,0.128642098380008,-0.107563570867594,-0.428224361492256,2.77555756156289e-15
"569",309.29,4.4815273051458,-0.0113861875800773,-1.56646308154043,0.281871810759445,-0.934932591114555,-0.48362794262243,-1.07916808613144,-0.306064996351974,0.153583249328284,1.02861896703853,0.0584255789923983,-0.226243285690444,6.16867668057353e-15
"570",309.79,7.02635513826217,0.97585572474832,-0.341704078499818,0.238118051070117,1.51913809847924,-0.888978128631994,-1.05908909314611,-0.867190594984905,0.908411559897932,1.25752432879289,0.132503377833233,-0.207070332608186,-2.22599716437344e-14
"571",310.29,4.10524400947088,0.323025104826964,-1.05622350621943,-0.881150176880748,-0.35542515789458,-0.620190971167716,-0.743608918054237,-0.242097401309551,-0.353738869924585,0.229851194209955,-0.107544321701556,-0.183422199365564,-1.47659662275146e-14
"572",310.79,2.62455380135851,0.0484735387126322,0.0798960660695592,-0.39402883744007,-0.295330980029012,-0.496574742916447,-1.20466707318847,-0.164366887475777,-0.0874719495581939,0.00180063075054768,-0.214092106695182,0.194199635514876,-1.03805852802452e-14
"573",311.29,2.99653453215276,0.0716174029964736,-0.988263705999395,1.33409984398107,-1.31964918918716,-0.63304650260419,-0.562869093521386,-0.0832843474563983,0.10010219469126,0.39342879800362,0.192720423808501,-0.0675090098110347,-3.1641356201817e-15
"574",311.79,2.2692497198532,-0.0496605235795499,-0.386785415050023,0.0302321856183854,-0.292245363507096,0.356192127867435,-0.611332746897991,0.0526632547785002,-0.121364868877868,-0.326677821154491,-0.0178723502550519,-0.188721845650903,2.06293315763162e-14
"575",312.29,2.05225949225221,-0.368661894591028,-1.78993185661911,0.119192352870392,-0.479582477355885,-0.223778827031936,-0.321518785012559,-0.360083798695962,-0.527252885730421,0.257752243960677,0.254955983471989,-0.422553818665628,-7.82707232360735e-15
"576",312.79,1.7356463390276,-0.18421571166842,0.28568219601761,0.225510783644402,0.739037834254046,1.43937750605374,0.454855583899608,0.174932358642349,0.364763762793484,-0.346313738615394,0.226524410973022,-0.123952730673081,4.94049245958195e-15
"577",313.29,1.88956958790058,0.53952197291496,-1.92230786294824,0.637933492748881,0.494667894114645,0.730731820427423,0.0045839296832564,-0.469234827590201,-0.545967867689029,-0.0536154251682867,0.295257067662544,0.164713276613237,-7.41594285980085e-15
"578",313.79,1.72456083911934,-0.0733114062036339,-0.900057943538577,0.862473941849385,1.33808036430607,0.249952613801779,-0.234662924232062,-0.717861290650098,-0.153115608129734,0.0501497577669577,0.370937753921239,-0.104823717882657,-1.07969189144796e-14
"579",314.29,1.87007747533525,-0.97478512152843,-0.74966468186383,-0.700479616582462,1.66361998209039,0.145569951364134,0.192437099778224,-0.355862902226579,-0.0780794557528477,-0.169152097859024,0.235860488631642,0.0478831669300822,-1.45994327738208e-14
"580",314.79,1.0338635413236,-1.11399930325171,-1.90302675936765,0.48883380747616,-0.0258368453863437,-0.0773486933220855,-0.219078646589373,0.165420777112538,-0.148320455854143,-0.033575647276074,0.359437324671558,-0.00596494581530892,1.0769163338864e-14
"581",315.29,2.23107066144555,-1.05007216553718,-1.62883500487795,-0.908977693757168,0.218828160456766,0.201655753658466,-0.221844806791657,0.670681683466542,-0.157892734310656,0.0492287311247445,0.0720729799872359,0.0832207723817514,-1.9151347174784e-14
"582",315.79,2.11879620840029,-0.951604620583905,-0.218999092207635,-0.760506587723923,-0.55288142456009,0.205388375913902,-0.00777448388935916,1.07656165939561,-0.148543332836683,-0.372453929081823,-0.182524633847294,0.0276104227711849,-2.63677968348475e-15
"583",316.29,3.33323508533678,0.617599775673629,0.844922983552484,2.50842156890486,1.81581122947167,0.572636092289456,-0.870121716830463,-0.188276717670553,-0.0157916603612533,-0.541336940388963,-0.0523286856257957,0.11432892508446,-1.65908953242422e-14
"584",316.79,4.19550725980972,-0.472200890730937,-1.29901996064946,0.42837626427015,0.876247900424746,0.57889268415165,-1.06161421775148,0.0187305834945239,0.26486981052128,0.0136810445592078,0.206159930258857,-0.447828705233763,8.60422844084496e-15
"585",317.29,3.23379572860048,-0.648167893234496,-2.67345701371086,0.38063754968058,0.869867561592454,0.133761971319479,-1.34209324051362,-0.203502881963752,0.414888809701453,0.214249993416176,0.40713226100766,-0.255248299509919,1.88737914186277e-14
"586",317.79,1.47889820228636,0.148675964822884,-0.211753224826573,2.8526332335092,1.06085473256346,1.50642204817998,-0.469869870229176,0.129576354560454,0.302044583420912,-0.162342103129648,-0.162599291382892,0.133485884383553,1.7125190154843e-14
"587",318.29,2.03252537560409,-1.09983091778616,-1.00184470401146,0.550879481924165,0.577412760573445,0.388639660602932,-0.321150043118389,-0.120220416007942,0.297536764254894,-0.500015648210661,-0.00533250226010163,-0.256540841133449,-5.82173198537816e-15
"588",318.79,2.02580364994439,-0.32606326023519,-0.466417633553493,1.31009930807237,0.665906060175165,0.969694784493129,-0.393513565863198,-0.715223292584132,-0.324086947549751,-0.318125815219272,-0.106396795949205,-0.0342171100532098,-1.70002900645727e-16
"589",319.29,2.2843110127861,-0.701810813453127,-2.33046344595629,0.811374241973042,0.215316830259694,0.568103945217091,-1.12361617923853,-0.341668259077935,0.57043701722629,-0.257805333780116,0.342761372791559,-0.0648712849086468,2.29677388219329e-15
"590",319.79,2.23296999903043,-1.02768718362379,0.0687909139240644,0.406266964082673,1.10536827520518,0.673792416635344,0.00283308043851968,-1.14922353032658,-0.270093107274005,-0.849348842361038,0.153109003048393,0.291821553717138,1.32116539930394e-14
"591",320.29,1.37621262052283,-1.10098733438822,-1.50384738745861,0.275430853652252,-0.873394779991788,0.576725015850335,0.486162494196068,0.000719537337220494,-0.0586829870897947,-0.201595836500765,0.000985103205028042,-0.268752067671046,-1.13797860024079e-14
"592",320.79,0.873939941563797,-0.379798566762234,-1.71535633851484,-0.439891054365786,-1.12084410685161,-0.0129837512023842,-0.600449973348634,-0.221454781569271,-0.272665335118245,-0.202598557058987,-0.00922502978079493,-0.246778985110813,-6.93889390390723e-15
"593",321.29,-0.253231122008165,-0.178526668849368,-1.6359922359582,-0.0444185689536091,-0.177918790270366,1.36681640604096,-0.163061370642797,0.355606686168526,-0.270170393150929,-0.136997481163104,-0.0817653177060467,-0.301394413531289,2.08166817117217e-17
"594",321.79,0.97353866609162,-0.181862635355457,-2.55992512249643,-1.08115014884382,0.856893187544697,1.02096925309108,-0.0797739717958474,0.122123915913675,-0.648437069984018,-0.304329349275112,0.364277242308279,0.0494614583103314,-1.55986334959834e-14
"595",322.29,2.10326834125076,-1.49050538370847,-1.35400515360492,-1.98063688986488,-1.20327127335888,-0.47575745402651,-0.924206263879303,0.264498873815725,0.367021803618285,-0.725113911997235,0.217054194958538,-0.0847162146278015,1.55431223447522e-14
"596",322.79,5.61366139569267,-0.0776199097033747,2.46636213745702,0.961865567216861,0.164531935886608,-1.31872772740317,-0.973114436948951,0.529031458264164,0.198790813973011,-1.1719244901678,-0.350495373586661,-0.0515321164269873,1.81243908770057e-14
"597",323.29,8.91651437999221,0.339729733183843,4.94953007958505,1.06523202124476,1.23355432464395,-1.59000142375009,-1.04816684033338,-0.223653778684032,-0.470737099559979,-0.67960777602687,-0.916946696092493,-0.274521523279793,-1.43218770176645e-14
"598",323.79,8.29586473731968,0.641657221893605,-0.954885103306608,-1.42748947429355,-0.661827298198273,0.719534424199676,-0.00354553789789744,0.548369783162147,-0.369300284771319,-0.217304743955803,-0.725455484575363,-0.468488733249614,6.99440505513849e-15
"599",324.29,5.51136597288572,2.05569351624362,-3.99597525953166,-0.954022906828046,1.70121450076575,1.90572135202891,-0.694807822955919,0.683037718950722,0.752442919546944,0.050693220704279,0.126394472819599,-0.227444371015112,-1.66533453693773e-15
"600",324.79,5.62472684196624,1.31131017855881,-0.84062414885331,0.738396504198567,-0.158726301116544,0.523445928616251,-0.270698652191567,0.898986896292348,1.44658006534688,-1.04417497568572,0.485909616400744,-0.146246873168132,-1.25593979660721e-14
"601",325.29,10.9561576115183,1.9265213976733,2.30332248959825,-0.172191920843885,-1.58335853235801,-3.92463186963887,1.512675842412,-0.29513152324473,-0.55613475525721,-1.53772329209044,0.0944643538302746,-0.097582600722371,-8.88178419700125e-15
"602",325.79,13.4773593328231,5.5859199734463,1.10031264516917,0.236368976025474,-0.738436473138749,-2.79359908519754,3.26978773487053,-1.13824625698615,-0.523343996608366,-0.27796612547652,-0.343911040853263,-0.466638150744148,5.32907051820075e-15
"603",326.29,9.58539187681991,4.67593812716568,-2.40933328921007,0.462611332153464,0.149793948495685,-0.916928552059272,3.505531898791,-0.160180183959629,0.508384271596265,-0.177315758881118,0.0161801872235734,-0.451483128620314,2.34950947586299e-14
"604",326.79,6.54979173467095,3.90548775215016,-1.90405565650359,0.240427410488109,0.578574672367644,-0.729504656628289,2.26300317478772,-0.470148886061353,0.184402992349011,-0.57254904405797,0.143889187059625,-0.0127939994479687,-1.10189635194047e-14
"605",327.29,2.58966550140879,1.73847376727583,-1.21266582227379,0.282619662258787,-0.208901249191725,0.165001708326398,0.79532184823422,0.564551109143685,1.11705773659453,-0.314781998039134,0.128075400420458,-0.14274318278198,1.06650799303054e-14
"606",327.79,1.67533071320977,0.890366128304533,-0.0134179298284352,0.236621591565303,0.601448101768625,1.33949800672495,-0.15375376358548,0.121033649111067,-0.0842989906657498,-0.314593060811024,-0.126445581955281,0.115256010155308,-1.3836154444391e-14
"607",328.29,2.25160955390084,0.830911934504872,-1.00479309822161,1.51917134711723,-0.214340723371265,0.804647533247518,-0.20749384012095,0.244499189645182,-0.127908413232222,-0.750227378081062,0.145158621674868,0.330359564405744,4.27435864480685e-15
"608",328.79,1.72987095330595,0.254822062812952,-1.52024836963354,0.473504689721376,-1.02480320219368,0.860907104985328,-0.336401793568652,0.237134444392994,0.588093107921473,-0.541363020753244,0.078024915962708,0.203038141762007,1.94011473553246e-14
"609",329.29,0.56370970378628,0.583764996780786,-0.974162936952289,1.53418125415359,-0.849354081281415,0.508827108011757,-0.123001391036344,0.317618690950405,0.604777875752212,-0.536765716919555,0.0193506295397668,0.179426538985619,-1.47659662275146e-14
"610",329.79,0.527806430416543,-0.138152406332151,0.127409578578074,0.825150935697848,-0.0524189150907614,0.474265691365821,0.410826569068591,0.0777845391082405,0.748240584418055,-0.562978289660343,0.203765125836999,0.326241934101491,1.75276460012697e-14
"611",330.29,1.17198313306398,-0.0813697082647334,0.768187077173466,-0.263911063624153,1.78078934706165,0.409316688406017,0.0803203639174789,-0.61007474228565,0.314753712934341,-0.711460474875728,-0.03633434230745,0.25345465635623,1.36557432028894e-14
"612",330.79,0.375815144231558,-0.584713386180507,-0.897540654749073,-0.578821477790715,-0.57753404443895,-0.102532192606994,-0.539342133216521,0.0951420495572388,0.233428788323405,-0.774794718574943,0.375764555176521,0.221200365950043,1.70275035391021e-14
"613",331.29,0.424242081939119,-0.627684960854772,-0.75691902162241,0.33382415881884,-0.120093379143191,0.246337916167301,-0.13848320934949,0.232534400905479,0.0749171143015496,-0.444469072570736,-0.137532177955603,0.172153030201331,1.84852133600089e-14
"614",331.79,1.01860966386664,-1.76030406592985,-1.25428071233179,-0.522570112721775,0.0260318253541056,-0.0951782028792306,-0.207235875098774,0.356230526072965,0.513686126705869,0.0761774272734866,-0.00936560661116216,-0.0570262709242744,6.10622663543836e-15
"615",332.29,0.68653891863474,-1.03412962105686,0.0435264130899375,0.348041054434688,-1.34878144493302,0.516019513052966,0.341085144076404,0.242612940553763,0.441779458838582,-0.240571790011903,0.109997243587859,0.0712386239294806,-1.80411241501588e-14
"616",332.79,0.594320828208399,-0.415864559633206,1.39149689742544,-0.0148077126024766,0.335809388610331,0.163873804092688,-0.0101879861001151,-0.995770171739155,-0.277492609224807,0.133759957312378,0.234738972556422,0.106558240259292,-1.44606548957427e-14
"617",333.29,0.90251091925549,-0.844814013955798,0.476737859537369,0.31470639511727,0.0294373698949639,0.969635441582721,0.353622744519489,-1.07918939194517,0.0591253443660899,0.27267691058551,0.0101798079358554,0.0422190567795916,1.51961776495568e-15
"618",333.79,0.0694447372129577,-1.13232878432793,0.188413035821653,0.312940165957984,0.18023640694248,0.0730151459308847,0.176302103282061,-0.703799339746892,0.500489709925527,0.0672018421501304,0.120266531153688,0.283564390449117,-1.72288398825327e-14
"619",334.29,0.237141688627833,-0.932186784940926,-0.134931334213474,0.573026847576223,0.26123081719514,-0.243852302276976,-0.34718738332533,-1.08152354941705,-0.534403257232829,0.252829058333043,0.0582961016950801,0.214967544373762,9.44036515626578e-15
"620",334.79,0.405315367990537,-0.62004699892409,-0.772788874581686,-0.892959846364165,-0.740783451380032,-0.466548029651063,-0.301591618086822,-0.592658231420318,-0.712891161014311,-0.066343420095551,-0.0644016649109339,0.464034405185319,3.62557206479153e-15
"621",335.29,-0.8240849837808,-0.663852255993649,1.16740167658308,0.866452760692683,0.0411456257135832,-0.404885455179767,0.110338582911293,-0.105886991022057,0.814053308055962,0.299381550232139,0.423437393530237,0.259665653052986,1.65978342181461e-14
"622",335.79,-0.204726490772293,-0.461643278198977,1.04470699050686,0.719063652404865,0.616229576753541,-0.0836839310819706,0.518872607991949,-0.117800336890909,0.234230995568936,0.346162084891032,0.359078004690345,0.28332527925572,9.88532172785384e-15
"623",336.29,-0.109630209666839,-0.606588182386905,-0.192621557812811,-0.312553136688624,-0.0297209342852154,0.203656035692716,-0.574302390767029,-0.697756725111112,-1.07941237473649,0.382586067844884,-0.14046589664703,-0.0555666917010994,9.85322934354826e-16
"624",336.79,-0.370787327203373,-0.27651539066081,0.527028367485786,-0.266364275505567,-0.302113365557749,0.369809850794408,-0.537019686437945,-0.681675644647703,-0.00502941149823799,0.352616550536792,0.165679455703668,-0.00533960471929718,1.48284162726497e-14
"625",337.29,-0.871738862444421,-0.633487759173565,0.615693629736278,0.0736659121867725,-0.0786609393984508,0.64617735720717,0.0847971234779934,-0.500649614086142,-0.316291208311539,0.250462582582738,0.543547644804842,0.0228413485459599,1.8552867575572e-14
"626",337.79,-0.989343530359222,-0.887969000998722,1.42511789153579,1.06762254035204,0.122490001738874,0.84809982161771,1.27054590536106,-0.263448589104192,-0.541984569786369,0.00415052787957929,0.0871137041431871,-0.22834543827252,1.36002320516582e-15
"627",338.29,-1.57175225027756,-1.56154066782199,-0.46697338939824,0.253554775458955,0.453899254490656,0.0428389647485014,-0.164805617236297,-0.340899170699207,-0.68243956650962,0.199409877911633,0.242981429799262,0.335174082369892,5.87030424270552e-15
"628",338.79,-1.28640780654727,-2.62852130076717,-0.331100269488479,-0.659447246504036,0.407807470737542,-0.424801316588727,0.364342209502785,-0.315534892427144,-1.12080670517209,0.077742086363134,0.34469489219316,0.223622959888853,2.32869279415127e-14
"629",339.29,-1.0514706826517,-0.94314935764682,-0.140816582837573,1.24216370034227,-0.588039681327438,0.253606902921115,0.583288132599069,-0.628363401979728,-0.843868642418044,-0.293720656322293,0.11679272554388,-0.17669147149165,-6.55031584528842e-15
"630",339.79,0.195892618521004,-1.79324063784805,-1.14016747909846,-0.679208130665654,0.444597103813462,0.177939933146854,0.359944898332048,-0.686952099314123,-0.608557069000142,-0.0808224278081554,0.0402510610241275,-0.0513965790265598,-2.29954943975486e-14
"631",340.29,-0.57972289923533,-0.213394162712332,-1.12040263928916,1.46653220790599,-0.671248620780698,0.176756477175811,0.225093197747231,0.210496560374096,-0.0504872198614714,-0.458981669919956,-0.273915571619888,-0.231989823062967,2.60902410786912e-14
"632",340.79,0.976952502008366,0.114531052672295,-1.91066117818805,0.605608928713101,1.08526879332105,0.596296892609219,0.110673732762499,-0.14134663717917,-0.315379445001911,-0.688490700867013,-0.0268312603785889,-0.193772663191242,1.09565134742695e-14
"633",341.29,-0.241854698865072,0.777524128472304,-0.791625318101991,-0.830765956253409,0.598068990111605,-0.00603179097009489,-0.577614238243004,-0.0233736441528022,-0.363857063863252,-0.481559255234382,-0.182230365624438,-0.196254313851567,2.60902410786912e-15
"634",341.79,0.122551464085479,0.197841089008819,-1.11002134751478,-1.53263585693147,-0.254814203308687,-0.771112445417445,-0.672734553549941,-0.531230779010626,-0.57882533878024,-0.330469282766273,0.129808534762725,0.00905588846866242,1.46549439250521e-14
"635",342.29,-0.367992229523917,-0.209452127782492,0.579833467534851,-1.54435127757195,1.37549424873645,0.139523903178563,-0.39613753503366,-0.596072634991497,-0.601101718930763,-0.0217659315437061,-0.0649629635857396,-0.0845793382428964,1.4210854715202e-14
"636",342.79,-0.671192663663745,-0.340991948622198,-0.205367538346592,-0.123312613133216,-0.487579580384911,-0.94852039156913,-0.0106574459360359,-0.167789548867617,0.163939067354539,-0.0363268099479691,0.0910590609553801,-0.278296267812025,2.44249065417534e-15
"637",343.29,-1.6559026287901,1.00869610053698,0.415199053980324,2.23804112655583,-0.446400014180347,0.0951474370807537,0.106048089411394,0.182101161401609,0.392132147224788,-0.198641176212622,0.148353976098123,0.127566402791082,-6.10622663543836e-16
"638",343.79,-1.08383629422439,0.0895271908206945,-0.359043652744592,1.90803667377599,-1.69160925521496,-0.700252269459667,-0.0610557392319694,-0.389667162676228,-0.205385689978013,-0.104178625666273,0.0986577778400878,-0.172107096470087,1.01030295240889e-14
"639",344.29,-0.0928322996035554,-0.184026396404398,-0.915838358065563,-0.659603591985231,0.115613959196402,0.545239525183566,0.0182114883749213,-0.378904506491476,0.278111580042617,-0.460708232059065,0.111462743140109,0.0976338945493439,-4.73232564246473e-15
"640",344.79,-0.0485496296009944,-0.918563098610923,0.606902791529707,-0.553076035078141,1.22342484462828,0.516693661739695,0.300702577090403,-0.416743800126456,-0.0972392481181796,-0.604054107164521,0.057810701023618,-0.0912193585653571,6.38378239159465e-15
"641",345.29,-0.287967806686117,-1.72623330647299,-0.203487376185429,-0.850677748257303,-0.313632708048683,0.0806625793859655,0.721825072264196,-0.282411928946383,-0.122358335202829,-0.371136792918698,-0.0169734170282083,-0.257110826022252,6.27276008913213e-15
"642",345.79,-0.408973971741346,-0.813994180639074,-0.800460000227766,-0.585458198413424,-0.00446450595075321,-0.960912063393035,-0.434954059741622,-0.827932555252444,-0.222703135655678,-0.205347608709872,-0.0380322987346131,-0.0948390981626562,-2.76861866765898e-15
"643",346.29,-0.938190952426444,0.57561571617998,-0.0696938055001206,1.29277095652537,0.36722169110224,-1.11165735839224,-0.713220200476142,-0.273230690771487,-0.155450721984831,-0.570978710395077,0.0170934607468288,0.186318385917138,2.18991491607312e-14
"644",346.79,-0.0683026844702832,-0.362929830639289,-0.0207368561148457,-0.58231588610119,0.964699528218741,0.348532948514847,0.281700469734533,-0.447412599436617,-0.157082003433254,-0.37021434229138,-0.176724140847518,0.181178046220977,-2.12607709215717e-14
"645",347.29,-0.390128589953911,-0.783216462816291,-0.471147344478979,-0.894301571975742,0.316345197409902,0.293137313583414,0.284450908777477,0.147561898994337,0.673459915039736,-0.643730264322485,-0.15251582835231,0.221746709223813,4.08006961549745e-15
"646",347.79,-1.13473718983012,-0.734572718265426,0.77144432646317,0.826554167170955,0.520146995282506,-0.0289764796459292,-0.302207518411318,-0.635532823202921,-0.221741133476505,-0.302723905458891,-0.145493409871184,0.401442076844849,-1.83533743758346e-14
"647",348.29,-0.119800072656114,-1.8543568045312,1.3305472496253,-0.695000808580113,1.41155860682721,-0.658882501785716,0.422520195818728,-0.985134298485131,0.262303219887752,-0.307079501718554,-0.106327298695866,0.0675552428357636,2.27595720048157e-15
"648",348.79,-0.333655665984778,-0.334651266094563,-0.368430401691255,0.774281010141172,-0.19397788061892,-0.809235099347592,-0.124777923902579,-1.20570678464547,-0.627450545542876,-0.398380218437834,0.183100223293004,0.410229777292157,1.95399252334028e-14
"649",349.29,-0.226094305392768,-1.10193906956462,-0.571487792456423,0.380375609824606,-1.07401551356179,-0.179226140540887,-0.585155240411686,-1.1460157118266,-0.440825709439024,-0.187452581006425,0.0594717348967667,0.321144777545927,6.13398221105399e-15
"650",349.79,0.497092082536585,-0.545562725333635,-1.6367642725648,-0.100594092302847,0.0370857267857299,-0.695549473682357,-0.089378908873133,-0.97460417671769,-0.814790254565562,-0.208796111023385,-0.181486547712872,0.298513869762551,-5.34641775296052e-15
