2021.813,25.29,2.2659071092641,-2.396643729857,-1.89001240130729,-1.88434286666994,-1.71688468857613,-1.08107851788522,-0.846904684041993,-0.0704580729884902,0.306528134337471,0.664448698310787,0.0276349065822324,0.377399050734896,9.43689570931383e-15
2021.663,25.79,2.15728390265352,-1.93646918792978,-2.13838109902969,-1.07466811785489,-1.33394155569766,0.0640000332217555,-0.650536609315196,-0.224862972327907,0.128567106398061,0.681791659171013,0.0419295852838362,0.343886844623524,9.75608482889356e-15
2021.484,26.29,2.04471886538998,-1.35832395619634,-1.62689931544715,-0.163049845930649,-1.08611995514609,-0.180736884372817,-0.3018393420022,-0.26178407217229,0.365239163362647,0.0296149008023346,-0.0401479629544998,0.061487082406757,-8.22258927613007e-15
2021.284,26.79,1.03514581977791,-0.343064353555356,-2.9135109214234,0.201023328542917,-0.228965348210697,-0.38522101527318,-0.13265762572345,-0.443920510692865,-0.0195632334462478,0.211923565040231,0.017671799694838,0.294362925080753,9.76996261670138e-15
2021.084,27.29,0.461544291493786,0.589305108032798,-3.33411836682451,-0.779348245480297,-0.0309474602563707,-0.983724178604556,0.444480539382008,-1.09018032522383,-0.669327848159347,-0.660300603575201,-0.141967845265282,0.175455204021743,1.18863252573931e-14
2020.884,27.79,-0.217434514817621,-0.246211217657429,-4.28713084491246,-1.19182007146932,-0.557684778332368,-1.01044173824561,0.741585378863461,-1.18570703459074,-0.86953282652755,0.392112393565278,-0.285220420889494,-0.0768456901161192,1.10050857315969e-14
2020.713,28.29,0.871792782091688,-3.99509500733986,-1.63393376775499,-1.21480469876878,-1.86331361282413,-1.17582775841227,0.465257307334267,-2.984400939856,-0.691599116829809,1.55517218318644,-0.28684306063448,0.443776633530439,-5.19029264012261e-15
2020.563,28.79,0.214474406703111,-3.82369294693391,-2.01908460616253,1.11578568507914,-1.96690453355456,-0.712546037448462,-1.3381688716256,0.990164728547223,0.836958243661758,1.5319023413001,-0.254603604109361,-0.151440735320145,-2.74780198594726e-15
2020.384,29.29,-1.27895405715389,-0.203559102180232,-3.71233358083449,0.644239686974237,-1.17907906604134,-1.59143414885102,1.31099387215413,0.0979782078774827,-0.09344045703896,0.596650977550365,-0.074808553670508,0.415048311350572,-1.84852133600089e-14
2020.184,29.79,-0.144339716318171,-0.916196972479027,-3.95210183742698,0.562551140774009,0.510305173612502,-0.920476220005702,0.468803154387366,0.585137208973439,-0.161513722505398,-0.0904498165947277,-0.122376824309242,0.51036938631504,-4.16333634234434e-16
2020.013,30.29,0.340648254116124,-3.01867579880475,-3.35718903958836,-0.126915117031791,-0.237025417671266,-0.567699922811275,0.750158326673103,-1.3324312436112,-0.356567698447488,0.196602388769929,-0.493553719912081,0.494626471282291,1.12132525487141e-14
2019.863,30.79,-0.765041763394238,-2.65847356670131,-3.46678659565058,-1.05846506091976,-0.902088081648534,-1.11389584842908,-0.161525956204887,-0.058842167965942,-0.533122897192784,-0.393077203943892,-0.597303465494109,0.124801835606216,1.17683640610267e-14
2019.684,31.29,1.13231162542148,-3.20884804432606,-3.44818828259827,-0.81240971943839,-0.461604646931108,-0.879436230380299,-0.106701954069,0.164862150049311,-0.64299586840585,-0.242953104441919,-0.229521317292607,0.431917437538987,-2.03309591384482e-14
2019.484,31.79,1.31379968703283,-3.91434823035378,-2.7141582482901,0.0175759994015272,-0.735653985246354,0.180826121802063,-1.61141826691699,-0.204275741896726,-0.200855958134262,-0.391838809497116,-0.559367806926267,0.341133281315228,-1.11022302462516e-14
2019.284,32.29,1.44987042054335,-2.99775306301453,-2.17156948634747,1.3523538768591,-1.89862493315063,-0.248303464991979,-0.118275379771875,-0.333386181177571,-0.351145150952536,-0.698772298008307,-0.164096472092612,0.305444404914167,2.45636844198316e-15
2019.084,32.79,0.589767003772412,-2.28529623852209,-3.52932753538375,0.825279781470962,-0.891750000520947,-1.12156344112676,0.596957006826955,0.0742120891135035,-0.998481797864972,-0.365847599198184,-0.157254534993764,0.369750035228504,-1.11508025035789e-14
2018.884,33.29,-0.485199046713228,-2.94101373476809,-3.15585543967524,1.27586962039192,-0.288322900617552,-0.77450842827064,0.666030839519663,-0.55742722659651,-0.25197249785028,0.749281945048894,-0.294203546013503,-0.00246221706637477,-1.03528297046296e-14
2018.684,33.79,-2.12572969647048,-2.36075474792437,-3.4030348710441,0.90212780475162,0.998408383289143,-0.245765540885064,-0.47786096006227,-0.213252869078725,0.0831235961409131,1.04807777658207,-0.323253662745901,-0.0147375587183118,-1.46549439250521e-14
2018.484,34.29,-2.86998848589855,-2.60498669895583,-1.6453444438611,0.140940797023424,0.126089398309928,-0.302584743588116,-0.466245536891909,-0.867188455611251,0.358941528686998,0.0247576569456029,-0.345181968068016,-0.0937893107445229,-9.36750677027476e-16
2018.284,34.79,0.327636505393669,-2.3819343804962,-2.18126255469899,0.550010289083608,-0.368704654248614,-1.03971881384051,0.20672643936083,0.847364945814851,0.486604422432635,0.755181474399965,0.287077159407289,0.141828813337369,1.4661882818956e-14
2018.084,35.29,1.04404371726521,-2.84139175779089,-1.71402949635901,1.21809650388895,-0.470977509296023,0.0236794759946669,-0.0397217894784051,-0.551362940062778,0.311438392477613,0.818339248168573,-0.0608947735238613,0.176446446997592,8.46545056276682e-15
2017.884,35.79,-0.427948617446889,-1.87973507281385,-2.89882227087356,0.0376527472817561,-0.300685079951779,0.667694795061651,-0.320040749306848,-0.63148430712527,-0.71205888657537,0.501615339545611,-0.21013177861369,0.204613690743972,1.37112543541207e-14
2017.684,36.29,1.00134353770538,-2.22117493776195,-2.52577043362462,2.14250117817602,-0.822732389249645,0.702369165461216,0.644686398264303,-0.973669683357324,-0.153887889084835,1.05658892725418,-0.367627211240961,-0.241706545524991,2.33146835171283e-15
2017.484,36.79,0.298815745675851,-2.00398625633632,-2.15439560994784,1.85955033619464,-1.56223069551938,-0.450654662106738,0.293147109195097,-0.217485452990466,0.691377659803278,0.74379456485336,-0.119068418296975,-0.205712475715485,-1.53904666788662e-14
2017.284,37.29,-0.0711210054794344,-0.410888418098411,-2.56730969875413,2.78958918659868,-1.57810823495557,-1.39491674985638,0.816499013716163,0.740696124132092,0.759408364773526,0.734786094779817,0.362677618418421,0.0253710580976331,1.16295861829485e-14
2017.084,37.79,-0.54962025063251,1.52448788730456,-3.90308430538171,2.92111756619873,-1.13479328995302,-1.36009867443161,0.72687852954391,0.020185035929903,-0.00221164765766502,0.118126309748658,0.151116371240342,0.693350925910202,1.49880108324396e-15
2016.884,38.29,0.70275837351168,1.41905360986793,-5.21163270667983,2.32022717430146,0.369610267848461,0.0814679560217871,-0.176299687322334,-0.782288898209217,-0.371766823302091,0.608821598755815,0.162196598232812,0.36383987966369,3.1641356201817e-15
2016.684,38.79,-0.98120085679497,1.02830580635867,-4.54872204019837,0.270880406776633,-0.232563847193477,-1.10757003097871,-0.583312921164536,-1.06721051015287,-0.397814412107403,0.0950160310564189,-0.113716101493471,0.295343796362059,-1.55639390264639e-14
2016.484,39.29,-0.316294504578526,0.348739752780112,-3.76085957401596,-0.242345383963996,-0.110250151083769,-0.632674457511847,-1.17919189835095,-0.946194099715806,-0.473002948643504,-0.155585856530754,0.0918179258530899,0.364187471498631,-6.56072418614428e-15
2016.284,39.79,0.347775375585207,-0.0565936866519697,-3.47052314916404,0.83298479068976,-0.124342664731606,-0.79797309052708,0.4157647911322,-1.40514454266067,-0.403461800188349,0.131726594470299,-0.26816964040946,0.236767206952046,1.79023462720806e-14
2016.084,40.29,0.538244574449977,-0.298927895035734,-3.01931224739936,1.81898578096719,-0.536618041612992,0.00065775521336725,-0.0323604531268091,0.0634256054301835,-0.349831588519638,-0.0921868301798646,0.0395230187931398,0.619672279150881,1.37112543541207e-14
2015.884,40.79,0.15483755924239,-0.652825928032087,-2.81874413153578,0.708904699431854,0.252434056295091,-1.02181657564285,-0.178786006633005,0.325000911753263,0.413476966515907,0.0705392630864138,0.287991189004992,-0.13047832070831,-2.48412401759879e-15
2015.684,41.29,-0.486312723445479,-0.738985310407708,-2.92532901410552,0.73459723350812,0.068130329598302,-0.889861334553936,0.567362869107591,-0.383329391404509,0.0621308147605421,0.437539991506554,0.242947120506007,0.242139153267003,-1.34753319613878e-14
2015.484,41.79,0.888353977872556,-1.65845511628801,-2.20928340928248,1.25746263962003,-0.781077774609963,-0.235310237710505,-0.185202580219825,-0.481335497425302,0.158384598439952,0.196015935033898,-0.213641668168457,0.426521990080456,-1.75276460012697e-14
2015.168,42.29,1.40945819462738,-0.886365725175802,-2.31482829473838,1.4089335032175,-0.207304072128415,0.82963870784737,-0.752194088294995,-0.244965810263392,0.520129108386825,-0.00271019773045011,-0.206631621046934,0.21065744678979,-5.55111512312578e-16
2014.768,42.79,1.57932933426599,-0.838779485370769,-2.46629046972425,1.0621249656485,-0.299095862822647,-0.0651320189368814,-0.443750571201918,0.767422141891591,0.915027080678576,-0.0200165341094712,-0.0215683557468934,0.519156343208058,-9.46465128492946e-15
2014.339,43.29,0.568911298708075,-0.481727649985218,-3.44239882102257,1.08516589774876,0.135413919734115,0.571331487955139,0.632643766008047,-1.00398191722429,-0.186576318982455,0.407286067642072,-0.421712734578541,0.214487041302545,-8.54871728961371e-15
2013.889,43.79,0.816018811290963,-1.21109486694758,-2.79188584690107,1.16804311222629,-1.36737392281285,0.123039254159308,1.05123544754379,-0.878440277628813,0.0350930481860609,0.779245174924114,-0.506725020023982,0.231954108238324,8.96331620037216e-15
2013.468,44.29,1.12647248673329,-1.95724625302754,-2.77288370353241,1.21252719608215,-1.2012461071903,0.611436588230875,0.517474554048121,-0.379159923482933,-0.344380798479956,0.580127404867335,-0.421758803645307,0.495337659417374,-9.15933995315754e-15
2013.068,44.79,0.778913973664908,0.12065158786079,-4.14358134485496,2.13183935983634,-2.24570948269044,-0.444920178373369,0.270366425589857,-0.0651464400913504,-0.405751979422906,0.308233803280221,-0.815396142400118,-0.0271957345930112,-1.8401946633162e-14
2012.639,45.29,1.73637148691302,-1.04607508620192,-3.78120156094585,2.58695102069487,-1.73916420759337,-0.126660415856658,-0.0299126794738976,0.229032853559679,-0.160919882526704,0.0310854248345145,-0.579719630224692,0.217176108437609,-4.1286418728248e-15
2012.189,45.79,1.53270033065609,-1.26266368182687,-3.92045234888215,0.883412479315612,-1.01269681645057,-0.292412362082045,0.573205139350555,0.0689980361450935,-0.538308561058037,0.293420549811646,-0.162800640403912,0.28101268240807,-6.27276008913213e-15
2011.768,46.29,0.881645485857728,-0.861177775695049,-4.21241053810316,0.101028487973812,0.0606654683142701,-0.0521450723685088,0.515798194495098,0.175278975300272,-0.551821703269015,0.15760490390096,-0.270185770364797,0.462163431705746,9.43689570931383e-16
2011.368,46.79,1.21872697923094,-1.73996686894569,-2.83496654226648,-0.567702664988792,-0.443490598207264,-0.474329175105741,-0.453311213259751,0.359133346711242,-0.01512390811638,0.328615579629757,-0.236007874212467,0.516874118777116,1.80827575135822e-14
2010.939,47.29,-0.120617169583313,-1.56496257323237,-2.22526633356287,1.07942875026639,-1.74827107787907,0.734652812748902,-1.64793213226031,-1.17646716140649,0.65451212695893,0.629584862541615,-0.774043052570108,0.203837746424397,1.01932351448397e-14
2010.489,47.79,-0.927781854642796,-1.365970068039,-2.58162309334172,1.85558838199268,-1.08537527964333,1.46850638665248,-1.33300475124249,-0.919257831706315,0.587877187085335,0.72209170888364,-0.653668302131376,0.319178830919856,-4.16333634234434e-15
2010.068,48.29,-1.21858151088387,-1.08036170471717,-2.93112460643583,1.5036786559684,-0.954101199300519,0.506259975318332,-0.330667907527793,-0.396161354221249,-0.0523801218466376,0.711968482480314,-0.162750509370683,0.288253717980186,-2.01089145335231e-14
2009.668,48.79,-1.01760360070132,-1.84892509411285,-2.0287601307391,1.09758761911436,-1.03812080031926,0.503859288883395,-1.23321037998747,-0.846317644173136,0.263119504079702,0.671045654721101,-0.495203528557983,0.148964084259388,6.10622663543836e-15
2009.239,49.29,-1.50914383529421,-0.270355613371364,-2.58010561254953,0.950967362598127,0.0612869207723563,0.338321183734529,-0.977479011323098,0.591457685986339,-0.661330211560741,0.291244906035273,0.000859145485677026,0.413315012361542,7.7715611723761e-15
2008.789,49.79,-1.12224796955319,-0.980251986108439,-2.26970539308165,2.48701106064986,1.22742978905657,0.713390247849614,0.0327981392749299,0.733861825994623,-1.0077991131309,0.170800135649615,0.0610222600080557,0.227662339618826,1.23234755733392e-14
2008.368,50.29,-1.89261885080858,-1.3595008636894,-1.55871347838966,0.386547872353707,-0.835294302395551,-0.09092727118313,-0.401888401823351,-1.04310143457715,-0.954123913706663,0.325818811207591,0.0383160288798994,0.77220496631286,1.60982338570648e-15
2007.968,50.79,-0.79364260985198,-0.783761811715431,-0.368341713194197,1.0858684504133,-0.575768796751468,-0.569541768627407,0.320661207574109,0.193410009213738,-0.626890344559313,-0.496783929144483,0.243524411659099,0.467841108708897,4.44089209850063e-15
2007.539,51.29,-1.45597902157363,0.238838287005581,-1.49977559992499,1.0471671831053,0.101744830606263,0.421429451604269,-0.614828623198872,0.481997830907207,-0.395683187751774,0.0644832872857703,-0.017837100223217,0.368017921658126,1.16295861829485e-14
2007.089,51.79,-0.386543362850762,0.304694719288547,-1.51947991243207,1.17218940756851,-0.759619741922213,-0.25301723399625,0.0979415812465553,0.130483100119595,-0.397266041633087,0.28901946108672,-0.0131139273199535,0.58052592944545,-3.5527136788005e-15
2006.668,52.29,-0.752576008854308,0.422163940028928,-1.04401659379232,1.83172750930118,-0.495223792876553,0.432998969951604,0.0948046086161755,-0.125366375155565,-0.258064867212428,0.19196356369198,-0.347780349220611,0.228516021587425,-1.54321000422897e-14
2006.268,52.79,0.02691186191516,0.590585095725443,-0.371077004290865,1.03074167156483,-0.766100922049544,-0.0621924541405179,0.298840247280653,-0.124118253953499,0.00196242452467461,-0.320574930157192,0.1207420487782,0.654495673207915,-2.24820162486594e-15
2005.868,53.29,-1.20371714033464,1.516036988821,-0.870077291287256,0.492953561682365,-0.440998143351133,-0.609026790710615,1.06022989775594,0.029286061498002,-0.196608121589617,-0.441737373754685,0.263282657373972,-0.111748182830298,6.24500451351651e-15
2005.468,53.79,-2.06552676434962,1.77709569792111,-1.75097742827046,-0.965113930009446,-0.480586530808134,-1.29423901299351,0.971522337060623,0.00799875256282223,-0.622468770130981,0.723766631020258,0.653510072472241,-0.092095863267047,-1.73194791841524e-14
2005.068,54.29,-0.845457066618693,1.82836719503766,-2.85625015661496,-0.238947402130744,0.641904805714372,-1.06878957743289,0.429789190940166,-0.0237745242857464,-0.0617633621322837,1.26962196940806,0.282743767459668,-0.28768540528459,7.80625564189563e-17
2004.668,54.79,-1.75042970808366,1.68276641304391,-1.9353256967319,0.54171061890124,-0.357855794469555,-0.251166960310748,0.430152944981042,-1.02183514599767,0.221958795866359,0.5370298370911,-0.0270883951950172,-0.410599300338457,-1.33226762955019e-14
2004.268,55.29,-1.57313003978172,1.0659413872506,-3.04201877306615,0.0475272325862236,0.62483391161219,-0.499494626281425,0.991015569241843,-1.56222917931452,0.0335497466943363,1.00438531961313,-0.0631357143601252,-0.565949407793302,1.57235335862538e-14
2003.868,55.79,-1.40225646158928,-0.55156824073269,-2.47733452526002,0.645299368877033,0.166689055812326,-0.0775339831107815,0.0872032161823994,-0.213438125361185,0.100048500029705,0.927654016404967,-0.327129915003642,0.228108229965033,7.35522753814166e-16
2003.468,56.29,-0.963517220701665,-0.187371401947019,-2.81888223118149,1.7418531259825,0.974796105049171,0.875620373685275,-0.113640545079031,-0.203099083701058,0.169289744537025,0.689518786096003,-0.279904581670717,-0.205406529174651,-1.72084568816899e-15
2003.068,56.79,-2.00393654034309,-0.304081740589064,-2.66906835528624,0.0905930555864876,-0.514759846581522,-0.326658047094394,-0.19036699010062,0.0722154335884281,-0.32227150450159,-0.191699662535287,0.0446210213756729,0.198927951044275,-3.52495810318487e-15
2002.668,57.29,-1.0265134614163,0.0231883785434086,-3.59760370722262,0.630310727318054,-0.148701826270703,-0.233420701433099,1.088247573611,-0.396095101531918,-0.754984378960874,0.808506738236631,0.251935908565839,0.18389491710628,-1.08246744900953e-14
2002.268,57.79,-0.979669193204111,0.627573945275483,-3.95278201641107,-0.10479000974343,0.662777105523267,0.191471899785132,0.780915714967787,0.473460897589181,-1.35751599692189,0.130272945269914,-0.0300452302178453,0.0425166061125567,1.26287869051112e-14
2001.868,58.29,-0.286033445634348,-0.508238850039562,-2.59103149620495,-0.949286656135644,-0.685916986716294,-0.434433843286998,-0.423886997056414,-1.03039331601736,-0.171276170849211,0.318107767017793,-0.331472452063866,0.379044892364917,-6.24500451351651e-16
2001.468,58.79,0.517525832799647,-0.78443424720258,-2.27815693040181,-0.206475557155575,-0.420414028505383,-0.297532470854769,0.410140403939606,-0.623224293367723,-0.200320583169583,0.320337132109623,-0.274412463168245,0.361764713576527,1.31838984174237e-14
2001.068,59.29,-2.34578337264942,-0.314286713255136,-1.6500798000293,-1.16657258070845,-1.08975978172823,-0.408984945114543,0.0632367678983755,-0.010295450098167,-0.19389470568109,-0.528635839316785,0.0245024070148394,0.13647978921662,9.93649607039515e-15
2000.668,59.79,-3.33515332584295,-0.41346222697696,-1.37409851758522,-0.338249565190626,0.38848970460362,-0.309707316971859,2.3805755780798,0.283098465244156,-0.298524518106214,-0.601328342352253,0.749790470166088,-0.0610301463375917,1.85268467234323e-15
2000.268,60.29,-1.22581046964078,-0.169246049814013,-1.81301487474597,0.789296464626542,0.950594356866145,0.182337158925396,1.69301562772775,-0.348106532325794,0.887193825258475,0.657861816476328,0.321452302228959,0.153391903252745,4.9960036108132e-16
1999.868,60.79,0.500194991036442,-0.787894376001321,-2.66562632292225,1.39715481202505,1.32926002081668,0.852918091704124,-0.0329149969518329,-0.405814476818509,0.989729081511014,0.854059620037853,-0.19127895078101,0.00140413014347514,-4.88498130835069e-15
1999.468,61.29,-1.07483180976831,-1.40356717746683,-2.34735105542483,-0.0275607704469589,-0.242989869446032,0.622105103772202,-0.352770276936805,-0.425668776899552,0.392304821846058,0.173416035307528,-0.192306146750236,0.191800838532298,1.34475763857722e-14
1999.068,61.79,-0.0692860626977632,-0.922045159405561,-1.94416424820395,0.522619356324297,-1.62977414715524,0.67908641732341,-0.0140736369718753,-1.08243535561802,0.551905370619164,-0.0319707789163405,-0.241219051604676,0.0188741826890754,1.64313007644523e-14
1998.755,62.29,-0.254761899202221,-0.880067731993918,-1.7837557284148,0.790479792494768,-0.569969587875931,0.395659047076118,0.638103458819054,-0.947679962765166,0.705943721620233,-0.317504646256036,0.186440143281636,-0.193169202341988,-2.01019756396192e-14
1998.505,62.79,-0.518942132857285,-1.09910844304052,-2.66421657446461,0.279182059423456,-0.945456766863443,-0.218421982069227,0.729491741766513,-0.194081941265287,0.437429083446997,-0.241315527630269,-0.122820169378988,0.377412826975813,-2.14966933143046e-14
1998.255,63.29,-0.173332455184228,-1.71731400367506,-3.18463694541495,-1.06900736449423,-1.47117952186088,0.441547848493156,-0.856108495290568,-0.688703957451193,-0.082816203936275,0.900815353316492,-0.343093709072317,0.398313209176916,-4.69069227904129e-15
1998.005,63.79,-0.290261289019864,-1.44249800141303,-2.08485878619997,0.0498399211570377,-1.20689370268564,1.20158354622719,-0.583218203309627,-0.518162683742679,0.3611669369251,0.65521203968331,-0.0442190856384346,0.0494628394347379,9.42648736845797e-15
1997.726,64.29,-2.39782885380107,-0.577723244246983,-2.73059266699186,-0.150460124011891,-1.96945964547062,1.05696518593144,0.251739720478452,-0.200115137049578,-0.0907179396135553,0.0999103234570741,0.324952794901806,-0.0909091618293283,1.20459198171829e-14
1997.426,64.79,-1.07214656916205,0.322076017171051,-3.54718751744544,0.777895240983982,-1.08615279216787,0.470037202203099,0.229337758895036,0.687851290382793,0.34764551224322,-0.153494621429432,0.191069677432217,-0.284846213444995,5.78703751585863e-15
1997.155,65.29,1.61147774430537,-0.922400781817422,-5.51366490009157,0.991512454851252,-0.347572962118856,0.952426747495593,-0.212731523322745,-0.58024164739474,-0.74381061077049,0.0673230685851211,0.0166666346019952,-0.2215098448004,-1.4432899320127e-15
1996.905,65.79,3.01093691593997,-2.02632418458793,-5.1010959935652,1.04098973735867,-0.736145315572823,0.401401760919958,-0.167773118972347,-0.131375956861399,-1.20691753235219,0.200828672269974,0.439959204080232,0.247833939784527,1.28230759344206e-14
1996.655,66.29,0.825206987921798,-1.63482677360712,-3.50156384383414,0.469955830765925,-1.55526051527275,1.24870513053715,-0.213718534184957,0.680939004827901,-0.794445289598263,0.267085027544434,0.158939188566854,-0.231443437657134,-8.70137295549966e-15
1996.405,66.79,-0.661899506082142,0.0193763489472195,-3.44931661954236,0.497656292944591,-1.24935067137407,0.788304285409785,0.383666575231531,-0.163665348875173,-0.238859057752449,0.368343895253222,-0.220128233392544,-0.481932741135968,-1.90542026601292e-14
1996.126,67.29,-0.555934414232894,-0.195628006470013,-4.63785410959996,0.377914182236337,-1.04636471355418,0.851000935623703,0.22481947380374,-0.36649616537661,-0.946103596325512,0.46971103193913,-0.226511610534875,-0.199077756354923,7.63278329429795e-15
1995.826,67.79,0.752657627930762,-2.44581624965244,-2.70920547616518,0.925377523395207,-2.44285169307875,-0.19632311532939,0.440664615339399,-1.51612042787458,0.0123317183527579,0.945243231297691,-0.118318099055195,0.18680808479877,-8.54871728961371e-15
1995.555,68.29,0.415253900139656,-0.898731804374256,-2.06001109267161,1.67807628580234,-1.30338192800042,1.63960820203166,-0.863868656355142,0.706415413434257,0.250116190806376,0.15057376063587,0.016373262578203,-0.184978515354361,-3.80251385934116e-15
1995.305,68.79,0.498828572539782,-1.79923189923266,-1.83789216603928,1.80306538615495,-1.07434461330865,1.27256742387452,0.84933232578697,-0.035071161156099,0.122352033544611,0.542575435748955,0.470647727495837,0.329640686845386,9.24260668000443e-15
1995.055,69.29,1.21565215131583,-1.65841953319295,-2.25666727614392,0.443376022119409,-0.409246555829344,1.27823633194022,0.211198842401657,-0.137000807430073,0.559595615382578,0.230170377240149,0.175229550954125,-0.188411069362253,1.28785870856518e-14
1994.805,69.79,2.72338912292416,-2.49202071345305,-2.89359324146314,0.886165382988629,-0.228782801885804,1.14834179222696,-0.32195109093388,-0.169020242999065,0.286248303721953,0.261714225106447,0.031437140929885,-0.173264043462948,-7.7715611723761e-15
1994.526,70.29,1.23232249007035,-1.73006872226808,-3.1863648153888,0.996510150500427,-0.87217261358298,0.990994748914891,-0.9768907662858,0.11225554947589,0.12267903579263,-0.120325107626878,-0.0835179389645451,-0.310126500078593,-1.85684800868557e-14
1994.226,70.79,0.338151986875726,-1.0826965315687,-2.91546648357774,1.06362038318202,-1.27311781785669,0.164498729806922,0.225024629778239,0.114928058924513,-0.0314271891107799,-0.126532469812435,0.0662817162587368,0.175770043437674,-1.29171846829923e-14
1993.955,71.29,1.01214884712634,-0.39876679408694,-3.32293716151425,1.26542898346557,-0.0827037545314895,0.996883147247029,0.645700436591936,0.417648599511979,0.168479996506093,0.358857572836734,0.237232089077297,-0.107998461240622,-2.96429547574917e-14
1993.705,71.79,0.150825254925654,0.131039216237163,-3.17265020659324,-0.164092242562919,-0.240964220427012,0.24779188691668,0.69108247363801,0.49123418821438,0.233147978384968,0.055228453996339,0.317245118844781,-0.437700573294961,1.57374113740616e-14
1993.368,72.29,0.657664066317831,-1.158830595112,-2.80905823580687,-0.482329213330177,-0.506206163049455,1.05515594188526,0.0597532159002097,-0.0482106862981024,-0.501909049323788,-0.381876132052729,0.0575612321632192,0.0819002482988002,9.99200722162641e-16
1992.968,72.79,0.88295733729557,-1.34829278854958,-2.64865112939814,-0.252219766474669,-1.21015255458232,0.666063913421411,0.235127688681848,-0.169259465266562,-0.126474348842096,0.231388271555978,0.139820038674311,-0.010663006621411,1.55118973221846e-14
1992.568,73.29,0.484970869848577,-0.0751870320252556,-3.38785276058344,1.09390079189105,-0.90088307673809,0.311469805504646,0.675336677846177,0.530938969131141,0.376422196742993,1.0834462092423,0.928717260001041,-0.180152725203501,1.63341562497976e-14
1992.168,73.79,-0.43422123126873,0.380279075623493,-3.65689893992186,1.51546983419121,-1.59785328529087,0.594376378219553,0.473405021852005,-1.14112963680447,0.399414955257662,0.831940176924365,0.67156630024962,-0.328143463018446,-8.00054467120503e-15
1991.797,74.29,-0.628718379237997,0.441634834254393,-4.22192398168949,0.966677648347111,-0.664226083601076,1.25377228001888,-0.235130811638036,-0.0941297095133872,-0.21699866560546,0.125148992235813,0.231714395955937,-0.33105756908361,-1.47937218031302e-14
1991.447,74.79,0.747536383671552,-0.518151950489783,-3.60159297411673,-0.894360301357611,-0.794507812933586,0.640362623718244,0.296219051096616,-0.129560182895074,-0.26837545891682,0.125455497024983,0.356874755667241,0.0218626560769786,-2.07334149848748e-14
1991.068,75.29,0.456065249918652,-0.91086704429634,-2.64589829024139,0.0215071052175412,-1.04396970205791,1.11000113130794,-0.0400102416007604,-0.586829661532908,0.226651761168411,0.705329624347817,0.0882551751485065,-0.23370302150869,1.42941214420489e-15
1990.668,75.79,-1.60675408651056,-0.251671500165213,-2.79448947211078,0.982249069020691,-0.919956169075238,1.97316423318055,-0.42688471926558,-0.699911274282343,0.0841868813868885,0.997289530054115,0.782410042545567,-0.415913473895299,1.39610545346613e-14
1990.268,76.29,-2.97978153974927,0.0804321727419982,-1.81459976540188,0.160309457261281,-1.12800705545649,0.365185451095981,-0.0985933417003278,0.320450836187214,1.45145950929978,0.0705001393216654,1.22668437362771,-0.582400657834115,-1.06581410364015e-14
1989.868,76.79,-2.10631025785556,0.252886976143866,-2.46155234564599,1.02099169018657,-0.197967352626554,0.303334148618722,1.407858107105,0.531376017834787,0.838559043036752,0.140720845172853,0.878336257631637,-0.306719968423111,-1.84591925078692e-14
1989.497,77.29,0.239114877577431,0.227331723617405,-3.19928301517612,0.794932428235665,0.356407164395426,1.54072185406358,-0.432519091879706,-0.145115209878297,0.335852408347762,0.0263749768035144,0.0804342410204669,0.289021268304682,-1.11577413974828e-14
1989.147,77.79,0.644218137187001,-0.0991065132389512,-4.0166794880091,0.971604527923671,0.373147859362333,0.924808292456838,0.560793110293224,-0.649608804550892,-0.391417744206342,0.690733618755863,-0.199131638942151,0.33801844320729,1.66533453693773e-16
1988.768,78.29,1.27034972209257,-1.50856380649596,-3.06467842416711,1.94801090465639,-0.274602754660656,2.13673428396209,-0.360202021726222,-0.200580800333777,-0.349889127894834,0.353637227134718,-0.094066875041539,0.649855197939043,-2.03170813506404e-14
1988.368,78.79,0.691251706662004,-1.52296789180154,-2.23900905463449,0.910703060771812,-0.768366502773225,1.63456151538926,0.140675141181403,-0.0789472533836873,-0.476640019296362,-0.541051683050917,-0.0404750518234016,0.406458504642961,9.43689570931383e-16
1987.997,79.29,0.506107543328862,-1.13958201022044,-2.98228778433974,0.071739458640741,-0.596848622661873,0.317827553617832,0.831635322350794,0.00489270394557331,-0.628259754823242,-0.20171230091891,-0.0247316625519821,0.594330625108575,1.62370117351429e-15
1987.647,79.79,0.51079681186197,-0.901124348073499,-2.97182181467653,0.528821653339802,-0.313300338079711,0.826044289876361,-0.293559269374002,0.215101286689649,-0.470747840845605,-0.219339898311116,-0.349849515316867,0.37054603603677,-1.89293025698589e-14
1987.268,80.29,-0.406066458638259,-0.539909815672877,-2.19242290341892,0.294530576108484,-0.365903801798555,0.748970737323212,0.296435403847136,0.367791891978951,-0.346264070852371,-0.550737982808697,-0.325298659932591,0.115238818461224,1.96648253236731e-14
1986.868,80.79,-0.142344698665645,0.306823224838926,-1.71268387615504,0.162564052956082,-0.540925629852481,-0.0132769611421016,1.53732929688936,0.55051577868776,-0.0451318371094927,-0.508526920253657,0.00150561243835572,0.391136975119118,-1.5411283360578e-14
1986.497,81.29,0.784445031745044,-0.0515722174797271,-3.08634672635523,1.15092167278777,1.14669691945475,0.949264817949866,0.755375271359278,0.210228049663443,-0.396523194464266,-0.331973546542929,-0.0172321407583357,0.378029391729835,6.21724893790088e-15
1986.147,81.79,-1.09175122116409,0.267862770412414,-3.15282993437302,-0.253471346456378,-0.0198104818783763,-0.0531665017896329,-0.513942571500063,0.269390356025964,-0.57174409963142,-0.68218227212873,-0.454497876139929,0.559344859991377,1.47867829092263e-14
1985.826,82.29,-0.919021754295122,-1.19210924227781,-0.373752362041803,1.7799893578278,0.0781365651951683,1.03136745453484,-0.503635018779779,-0.184607519792768,0.0675835505593689,0.0228391066425748,-0.58565007313702,0.117025579154626,-1.0325074129014e-14
1985.526,82.79,-4.02409135167877,1.51684292288603,0.631998911300697,2.93461784170005,0.175053718498336,1.83167524207191,-0.0859093958881099,0.408933608615207,-0.561753258981721,0.571575374533855,0.00346667739867025,0.203064899499849,-1.1518563880486e-14
1985.255,83.29,-4.4612431242378,4.15623341693589,2.23867833809424,3.41381411198621,0.399377917448859,1.57378689918378,1.47152174666366,0.489023990922475,0.187753210363108,0.690407799817285,-0.0998545901353804,-0.168926113278833,4.80865347540771e-15
1985.005,83.79,-5.16235846472514,4.57554663037151,1.28012940178541,-0.49381869680828,0.409912627991249,0.96888153586174,1.70277018461878,0.299479013939687,-1.03579800669016,-0.534888064774419,-0.617885383623284,0.177469030632328,1.62647673107585e-14
1984.726,84.29,-1.84506949921637,3.63837394729797,0.00524368398597571,0.611740385146281,0.243853676351417,1.32070577309019,1.12792514969395,-0.0678881227092526,-0.263282447614409,-0.12323588818068,-0.528795173134121,0.652992311564668,8.17922118923065e-15
1984.426,84.79,0.0474418287543392,1.49355027035362,-0.185090853787656,0.636245483318764,-0.42091747454758,0.214769198550251,2.23659698696877,-0.80894043871737,0.150401863460491,-0.261477668203028,-0.58444412307701,0.374441755839168,3.10862446895044e-15
1984.155,85.29,-1.36344512396931,1.92860494669574,-1.73049149259398,0.769987596548271,0.209871337253284,0.509205654585645,-0.175095431586696,0.420304156917633,0.744742954012621,0.331971610519812,-0.269520437643757,0.102656713555597,-3.82333054105288e-15
1983.905,85.79,-2.2975349732254,0.646188445091279,-0.857726679841486,1.63620800673311,0.955706049028851,0.504340523937439,0.985693073289482,-0.638600839627918,0.452669672601171,0.126558567596532,0.109461393490468,0.344573280216866,2.17881268582687e-14
1983.655,86.29,-3.79309826550779,0.957558047047359,-1.65998967020067,-0.170525212127987,-0.0644874735360084,-0.845993323121568,0.403593873559131,0.15816300680445,0.532870290004692,0.0632993743570711,0.242401335739385,0.177646468849722,-4.08006961549745e-15
1983.405,86.79,-0.0737231413358442,-0.822587975611278,-1.30370474712358,0.45220117568864,-1.13180513954078,-0.270577382013394,0.837154857492585,-0.266540808422212,0.168494558609706,-0.309527444660449,0.289143192488741,0.136758192053467,-9.49240686054509e-15
1983.126,87.29,1.46947226238869,-0.616752333013968,-2.64426204910267,-0.187825978943284,-0.0857476630129509,1.18891652307815,-1.92109937830109,0.280265354920206,0.0705043093586722,-0.285879007255502,-0.146063165543284,0.182870198488517,-2.1094237467878e-15
1982.826,87.79,1.28025679150804,-0.337862681455701,-2.1522247527971,0.982291839009451,-1.0633329451351,-0.339500874345457,0.427907122422955,-0.573249984250041,0.368116543895772,-0.223307221634192,0.137290610147166,0.208619425992061,-2.9767854847762e-15
1982.555,88.29,-0.10930509826955,0.622378972808052,-2.97191314579802,0.879970907788124,0.140647101243426,0.396905544496405,1.12345489104982,-0.993826597225363,0.186447819062895,0.177386569747896,0.0814907849469235,-0.0190738975214925,2.77555756156289e-17
1982.305,88.79,0.145476675661923,-0.703994541798949,-1.69705928588991,1.08134961234866,-0.730301496940358,0.17380255533591,0.810485815997661,-0.165689808260972,0.195358233014861,0.015214893511375,0.165128622485418,-0.36516859728244,-4.72191730160887e-15
1982.055,89.29,0.607565227511305,-1.54484772979075,-1.24538790299717,0.129846446183632,-1.11676725723976,0.27898262664443,0.010992785738975,1.04098745716267,0.735694400127302,-0.0345706214518773,0.402171093442463,-0.139556745377756,1.68337566108789e-14
1981.805,89.79,-1.66745981721618,0.0611407705284747,-3.36900933892264,-0.330909479684864,-1.1092031119159,0.0734562242979562,-0.444624684792546,-0.39048285998125,-0.16500839338463,0.117529373894485,-0.456532375961615,-0.182021184481286,1.09634523681734e-14
1981.526,90.29,-1.18807621514719,-0.709384120924876,-1.89898494431785,0.226153523744799,-1.22956842229296,0.238044580494482,-0.405551621025532,0.423767606118877,0.23319860438374,0.0172122113311511,0.110245770634578,-0.0558078338737985,-1.16573417585641e-14
1981.226,90.79,-0.234488796125308,-0.675557196632751,-1.7944083987368,1.59749604091947,-0.218598926587321,0.564697181627792,-0.358185486891899,-0.323342065027847,0.777937376204827,0.0481403580413775,0.0228728125649694,0.0981896212705219,-9.6034291630076e-15
1980.955,91.29,0.254157735076912,0.641620777197131,-2.62680609179827,2.77277811064311,-0.897050376677779,0.491547308076994,-0.17633123886313,0.33376357264761,0.41355822870008,-0.0165116014426383,-0.174259514479512,0.162321801538762,-9.32587340685131e-15
1980.705,91.79,-0.205424376783824,0.430097596207675,-3.29001694887944,1.41629226764858,-0.204345898159312,0.554788798060312,-0.335598036832933,0.262477265255327,-0.0989582919370052,-0.28494198196063,-0.381591411365476,0.104960023072245,-1.45716771982052e-14
1980.455,92.29,2.78499014630216,-1.54389887498149,-2.65483527336683,0.178120970928481,-0.246548080905717,-0.257467308273952,0.220797514222098,0.167566011203489,0.331469024648325,0.575359448270528,0.00280423317032923,0.21818784046228,-1.25177646026486e-14
1980.205,92.79,1.27252137911067,-1.99169317867942,-2.35108475743033,0.270486404122966,-0.571718459854877,0.354572140149628,-0.258932665692891,0.0266721670465529,0.242748884151118,0.294487521418302,0.0649418968441811,0.0925730482861319,1.21291865440298e-14
1979.926,93.29,0.469556869851245,-1.93827778316331,-2.10792471804687,-0.731975396974526,-2.0386731580537,-0.204304986311616,-0.24773323943456,-0.411374770769851,-0.137856659940623,0.0168191278218705,0.238899988185442,0.053622508225729,5.27355936696949e-15
1979.626,93.79,1.30691262438204,-2.41826019749306,-1.06135156057319,1.00264891287001,-1.50505642872097,0.565841436095973,0.158406185638638,-0.243906272302335,0.068187128421603,-0.423663445614851,0.240001508046228,-0.0262482765996418,8.44116443410314e-15
1979.355,94.29,0.476137723621998,-2.6531402628331,-1.82778402089225,0.721411724759686,-2.12707406911296,0.70489457977768,-0.982517171487573,-0.431643329514598,0.357710467270609,0.0577231488765965,-0.0387401666749727,0.0129943340176674,5.89805981832114e-15
1979.105,94.79,0.630208805870811,-2.27634554438699,-2.16346871747971,0.735638517650663,-2.21370265830086,-0.584554736926454,0.118673259305767,-0.0523894976145405,0.225414120718106,0.0906486556831793,0.236156108723003,-0.144774072152537,1.25732757538799e-14
1978.826,95.29,0.0363116945299791,-2.0647621864127,-2.54431283155698,-0.354720650682507,-0.425088683754013,0.466138688770137,-0.416038431688787,0.444968889889183,0.0626031283687161,-0.247236248249411,0.225642777430556,-0.0388840366190999,1.14769305170626e-14
1978.526,95.79,0.0944405537041334,-2.00584530100081,-2.29890149697519,-0.200503045336499,-0.890355295507073,0.806728158244145,-0.455573401550274,0.894621514153508,0.210019827925025,0.0860813654680753,0.43503870594708,-0.37937933981243,-1.56472057533108e-14
1978.255,96.29,0.427597897506733,-1.43726738322207,-2.58425434620548,-0.429420552490672,-0.397728734092304,0.858938657815531,-0.481632845894656,0.0177064073691955,-0.0167655218413753,0.416616935523516,0.32151352480218,0.148614345479544,1.64035451888367e-14
1978.005,96.79,0.321444505807336,-1.60752574503471,-1.65117876979843,0.62525164642556,-1.46995173036151,0.481607528331592,-0.0536468452177334,-0.472499054203158,0.27996610915934,0.288714766249644,-0.0544153249573675,-0.0813988353136079,3.04617442381527e-15
1977.726,97.29,0.0388766662486397,-2.24960523832405,-0.452003161285407,-1.1536990540985,-0.447699379009689,0.586129034740968,-1.03390829520379,0.127273477250649,0.773214182827126,-0.0203817265078868,0.0283215959346297,0.128339776200437,-1.80898048277034e-14
1977.426,97.79,-0.713604481739755,-1.72726173525981,-0.128817247575068,-0.194249918040909,-0.152380966292679,1.01413650671137,0.712701676453185,0.0585641754730023,0.25169214557739,-0.0697910225964853,0.235903560021121,0.0499395712496006,-5.6621374255883e-15
1977.155,98.29,-0.918867490119131,-0.541097570133302,0.113025582166229,-0.591911709797651,1.50262130402932,0.635213987049044,1.04977014433079,1.29016508105218,1.03288846220967,-0.281238801690794,0.869439590967269,-0.0206425042967667,2.77555756156289e-16
1976.905,98.79,-2.70730626607531,-1.28316188693919,0.493780530013123,-1.24106332669143,-0.132142384883124,0.958621234155256,0.80071188038443,-0.674068047162391,1.34960114614321,0.460546595254497,0.0265620654480107,-0.058222622747094,1.22124532708767e-14
1976.626,99.29,-0.907935764956251,-1.32651877509635,0.34042736564656,-1.74965935556502,1.23724262420616,1.80704997875754,1.65745799566145,-1.50192968306729,0.787432814820118,0.237009556373801,0.436283336981829,0.263735532911575,-1.7874590696465e-14
1976.326,99.79,-0.655316245622268,-2.27647284069232,-0.285683885692038,0.00273755873292203,-0.754008492103044,1.48728180570924,-0.498664368240953,-0.163142097504899,1.18394576063303,0.578155302811953,-0.0100340591733325,0.294560755241177,2.73392419813945e-15
1976.055,100.29,-1.98843497897076,-2.44700400448214,-0.29445555032677,0.0241234763507045,-0.120730368699561,0.415395229139439,-0.588510964118018,0.54682892787926,1.21311482425239,-0.171883782907348,-0.0887241125288991,-0.0920226745211681,-1.25177646026486e-14
1975.805,100.79,-3.49434512865986,-3.26887940835346,-0.777050169431235,0.368022364842844,1.43424577111498,0.977573195191603,0.110411590593867,0.146538805550535,0.447597235963371,-0.182532101865578,0.00906991116545653,0.258094549050092,-1.32671651442706e-14
1975.526,101.29,-3.01296245444965,-4.028792861325,-1.01539914788904,-0.331042634875185,2.44540456366787,1.11916371906582,0.299838328938144,-0.710009184858619,-0.170419897242984,-0.233693724610341,0.0242500252949487,0.490416644607224,-4.77395900588817e-15
1975.226,101.79,-0.682380585261481,-2.74441491989664,-1.15685951360517,-0.199399021700345,-0.196776158971761,0.572603521669282,-0.108463820660539,0.0252217193760563,0.564284612348618,-0.361417587247818,-0.177547175809132,0.156451651211165,6.02295990859147e-15
1974.723,102.29,0.810085891239793,-2.4656805852484,-0.797389740036727,0.365542640945942,-1.08822390935505,1.16487475108533,-0.164770538757339,-0.462038238435067,0.512413839039725,-0.226905419730865,-0.0084263641678214,0.078866804126452,-1.7430501486615e-14
1974.073,102.79,1.98803507257281,-2.36334364086627,-1.62895855066098,0.523201262872596,-0.172846088134794,1.2129460292486,-0.00886958717642188,-0.278136199346035,0.879974116395859,0.867592884733034,0.485048684647803,0.135956309275543,-2.44249065417534e-15
1973.452,103.29,0.72481385023014,-2.04585432485527,-2.17136472239059,0.281531143019317,-1.27099781514398,1.08016195978638,-0.592320457811258,0.341325836094945,0.462441844180702,0.329993493944658,0.580176904684148,0.107024097359072,-2.07611705604904e-14
1972.852,103.79,0.289071028312283,-2.34841035040527,-1.66045443893993,-1.02924252437,-2.30922699806613,-0.166670693797288,-0.570183817301198,-0.423129881871411,0.467537213835263,-0.313247404290198,0.440667943338427,0.0339179471744836,-1.03805852802452e-14
1972.223,104.29,0.994833651177473,-2.93844972204601,-0.710159265132325,-0.51337091699044,-0.802521903874018,0.798780383663235,-1.1416822717514,-0.923874541998131,1.03932077146105,0.0655541369579896,0.227806979711511,0.350883172860152,-6.85562717706034e-15
1971.573,104.79,-0.455246351112402,-2.56044521572388,-0.64005404051808,0.524790518204437,-1.34886565094733,0.939609725239288,-0.754200225404283,-0.296309941222077,1.09628066965656,0.435237669509841,0.266582388783372,-0.178998608101811,-1.98452365651747e-15
1970.923,105.29,-1.37117378821843,-2.17736487006091,-0.749587380005963,-0.0978267300973033,-0.56321476570024,1.74454906674732,-1.07116752101718,0.150139710036204,0.611434152988348,0.0572887798713381,0.661939433289473,-0.0248433687250519,-1.59455781911788e-14
1970.273,105.79,0.436007355555868,-2.27278014912839,-0.601976214307747,-0.574321681343561,-0.378542283470232,0.957832699350834,0.702576465461643,-1.08298873814379,0.610911155406999,0.260991717869994,0.401457818592268,0.00679334442086704,-9.97812943381859e-15
1969.623,106.29,0.319567587794811,-2.07145173545865,-1.39980260383219,-0.644327673989748,-0.00584910890827894,1.41914604985986,-0.454008620812236,-0.0766102612393509,0.326737383786625,-0.153774642468759,0.0674113806426863,-0.144802497461181,1.61815005839117e-14
1968.973,106.79,2.00027099803736,-2.81138949828872,-0.85618165451064,0.0410495078452963,0.340238397518957,1.48252980392174,-0.152254148502624,-0.524414442585906,0.284120898797141,-0.219736426249776,0.270140052946531,0.202248766482386,8.38218383591993e-15
1968.352,107.29,0.542785625040522,-2.74842782702913,-0.360702317688444,1.14840413042873,0.31968089195848,2.5494485420207,-0.217679807693396,-0.809558071104012,0.30044381274152,0.184063777034076,0.182891567696111,-0.0705962238410891,-7.54951656745106e-15
1967.752,107.79,-0.533495322211423,-0.931928018877432,0.0165039693435162,-0.158814008011608,0.590507996919036,1.24691659336287,-0.347256662223913,0.699609332725026,0.641320162806783,-0.748286037049962,0.291029741622643,-0.176117362976462,-7.07767178198537e-15
1967.123,108.29,-1.68647794273933,0.364530372964058,-0.0586730441974912,-1.14926958534962,0.279906774907792,1.2917823210205,1.67612568598687,0.468687368474072,0.0958992262030249,-0.169728009903139,0.0476206204808797,-0.507048813193778,1.13659082146e-14
1966.473,108.79,-0.689036780953754,1.14920190562372,0.478597342098949,-3.19647362797625,0.446310454344019,0.914725952494209,2.16403389162074,1.44248345709733,0.209676808723422,-0.872782711270844,-0.451418911314844,-0.323010799659573,9.38138455808257e-15
1965.823,109.29,-0.0154172173346465,0.602901140109854,0.72906993270306,-2.31457478756948,-0.779679617573718,0.912568460403629,2.36635163468106,1.32819791964666,0.161857648984479,-0.125703716179746,-0.183225165551995,-0.568878550341634,1.45716771982052e-14
1965.173,109.79,1.37986236321258,-0.0981142037598396,-0.0683148750983003,-0.936851267060722,-0.655244198088281,1.04438216308944,1.50768836660476,0.106356878946131,0.378018578072761,0.0335979440047377,-0.398574255521974,-0.291418182148522,-1.93248195223816e-14
1964.523,110.29,0.664561568070491,-0.905286041941929,-0.0948939768010343,-0.840358781239199,-2.0036728335189,0.162301489416065,0.225595365794365,0.33155891855779,0.744380249372872,0.285148558673547,0.0278401578175914,-0.10739571729844,1.0547118733939e-15
1963.873,110.79,0.362796184267252,-1.47883431552232,0.0858814856936702,-1.38965626909875,-1.20215406268791,0.641691208603117,-0.131354146655341,-0.428506088921826,0.377730018120725,0.0893304607331148,0.366669308923502,-0.118169174337519,-8.38218383591993e-15
1963.252,111.29,-0.876417930683725,-0.921211302777209,-0.888806363475169,-0.656417804543537,-0.0476786434947956,1.6893038387377,-1.40350058415709,-0.278589753583761,0.1317610129266,0.236276605988517,0.188477115124936,-0.13168876211105,1.69864122767649e-14
1962.652,111.79,-0.65356169719218,-0.529705099421395,-0.226821940577739,-0.837796199131007,-1.51360483250804,0.416189746385133,-0.317984728663893,-0.212514241844868,0.0501569896326156,0.5375096194851,0.159386439181343,0.211555255863436,-1.68198788230711e-14
1961.965,112.29,0.174720758721427,-0.0809102038407518,0.132238993748615,0.688257824580219,-1.22210379047336,0.361386132676514,0.0414106639859245,0.236709113277251,0.359655511025007,0.126034525436377,0.119452265490397,0.113270154550671,-1.08246744900953e-15
1961.215,112.79,0.199971790717414,-0.250161255286348,-0.252203390919779,0.622472313912951,-2.85990664804326,-0.46362448488681,-0.10041959433983,1.22304372714524,0.611017190707702,-0.126428877508396,0.024088440603734,0.0310851169336116,4.77395900588817e-15
1960.494,113.29,1.53534951640415,-1.44345463157748,-0.347520522606845,-0.378609664385533,-1.25215061467948,0.2965021200252,0.0796493862622001,-0.0625655051215283,0.107020544021823,-0.525658508298146,-0.0725410433892309,0.418555021248037,1.5779044737485e-14
1959.794,113.79,1.74325670542291,-0.926525389200695,-0.641007350280825,-0.745387311303904,-1.91703308595022,0.0356063002351528,-0.588818132867753,0.69069660792184,0.772527529095009,0.239522625833139,-0.0638135326026727,0.258246969394119,5.71764857681956e-15
1959.065,114.29,1.9146887963413,-0.996441382734425,0.0852515149638591,-1.58659079444171,-1.06169386159273,1.37789162195147,-0.17544262015402,-0.315883907845455,0.358962148348825,-0.209212611913364,0.0346462384871904,0.449066767493047,-8.18789480661053e-15
1958.315,114.79,0.900812482324598,-1.22998205219859,-0.599019528613692,-0.589977836502788,-1.11326038058325,1.35288960794373,-0.237419923927418,0.359154079816798,0.541466839140792,0.0164104217808294,-0.179003969140816,0.374532905423042,-7.65706942296163e-15
1957.565,115.29,1.79861532450466,-1.67823446091789,-0.620113611777143,-1.21115894905959,-1.44748602052356,1.0381482178924,-0.473303007511387,-0.492050149334921,0.269421787417811,-0.141347629526093,-0.456468358106961,0.861419406749667,1.4432899320127e-14
1956.815,115.79,1.80208981527245,-1.83632789231191,-0.585254406725524,-1.10506650044096,-1.44943539457638,1.07894107201441,-0.260002086912309,-0.220794443002044,0.179086711542555,-0.146529194367787,-0.269973649112681,0.457484280655431,-9.54791801177635e-15
1956.094,116.29,1.32317976646967,-1.65495556617287,-0.556917144399566,-0.55184120632943,-0.950748348271159,0.904827006030142,0.58384049257589,0.0207089795859587,0.397825836938778,0.0210138330693376,-0.137753660517124,0.241810065712066,2.41820452551167e-15
1955.394,116.79,0.962941861491458,-1.6137714696762,-0.281662997444228,-0.585449245778491,-1.79919970491059,0.385460162588718,-0.142901194304631,0.328265751535588,0.757100446023773,-0.137384716608811,-0.375398892700533,0.277430941713555,-8.60422844084496e-15
1954.694,117.29,0.671290649655485,-1.92927242207423,-0.450152071364635,-1.07132826082441,-0.850418545731505,1.51370592934155,-0.640912726769183,0.111690151055586,0.173488661930282,-0.352792642094169,-0.482378851069794,0.404900982310676,2.60902410786912e-15
1953.994,117.79,0.804316264035896,-1.60918404894242,-0.345151906209083,0.446708689916405,-1.73837007957638,1.07984614032096,0.175602875609647,0.445957157766002,0.714100852249506,0.240433984958564,-0.188798817544572,0.271257346293935,-2.57710519591114e-14
1953.265,118.29,-0.484874024027738,-0.670783428369004,-0.876110553584104,-0.596106483951094,-0.809551483395484,1.41093714749556,0.276823069074829,-0.191513339769511,0.124064707767634,-0.305099283019541,-0.429868684942519,0.124345905327421,6.01949046163952e-15
1952.515,118.79,0.384041173349404,-1.22194800676238,-0.679387343915981,0.707545026596066,-1.7555635574447,0.788448980842457,0.764407969515285,0.514932394599097,0.356817313837366,0.0901275204776002,-0.175363558727367,0.188637207840045,-1.35308431126191e-14
1951.794,119.29,0.859370670193039,-1.03403752132002,-1.3217259643166,-0.518663755748889,-1.48702821509166,0.1232703747331,-0.0377919450705612,0.576495233431287,0.422774136348809,-0.24942943686226,-0.32576133127285,0.0185062630435371,-5.49560397189452e-15
1951.094,119.79,0.766000201122593,-1.53611908128153,-0.243273877318655,-0.902687937944419,-0.307853543900908,1.11580615666775,-0.527339464835503,0.721353649184546,0.234645845267101,-0.706672616467601,-0.140662693650618,0.631202239660537,5.37070388162419e-15
1950.394,120.29,0.0164706556142024,-1.22835222264433,-1.16506477778013,-1.03661447533834,-0.576743744658534,0.683963878007822,-0.208854842952611,0.0452129685341085,0.0971462354856144,0.255878415588629,-0.324323034443455,0.231679017440609,3.67067487516692e-15
1949.694,120.79,-0.550285129982198,-1.46652380885715,0.115937646996902,-0.191393332125589,-1.56220376535491,-0.345384468184946,0.449394315864844,0.0275252517777654,-0.0593195877887111,0.0128928048878092,-0.0395051601163433,0.257726137600498,6.77236045021345e-15
1948.965,121.29,-3.78144531755682,-0.752532613589566,2.14263690226185,1.17740047961182,-1.2852259428523,0.28622855300926,-0.925185075499419,0.954145788073998,0.0628187085117549,0.598998809293662,0.220023463971941,-0.401567880344916,1.29340982368831e-14
1948.215,121.79,-5.10647742663835,1.15949476806141,2.29250558207478,-0.304278233664544,-0.521424304508786,0.726486963554377,-0.0971358942196616,0.284364366833327,-0.826462915008025,0.989123735584879,0.403782554966177,-0.474272872941953,1.93178806284777e-14
1947.378,122.29,-4.29413489910481,0.241293648137857,0.130783234808085,-0.322631282279999,-0.87078590126376,0.47597290974056,-0.297960800352179,0.450883396625477,-0.419402001446059,0.428940583045219,-0.430616389639743,0.0493900693749495,1.68753899743024e-14
1946.478,122.79,-3.8685182120319,-0.0963087708474061,-0.134816192802211,0.998883806337365,0.122342913060127,0.858870654048934,0.186508895888106,1.10105716655,-0.433689712384062,0.313733801232347,-0.27895289423452,0.223046322961451,-1.78468351208494e-14
1945.578,123.29,-3.61194781224111,-0.251458734691079,0.567730126009571,0.150712992428961,0.606095519168614,0.278019414062299,-0.410402802072898,1.62166459116176,0.208425957211723,-0.306123037291187,-0.179883486280821,0.397130229458668,-1.6532782087797e-14
1944.678,123.79,-2.68023839753872,-1.0678528360251,0.5363540570241,1.50047073640882,-0.10591171408347,-0.0100577903250682,1.20940653499109,0.714779353520781,0.465255749109492,0.304584958308813,-0.339991759485227,0.128319501897599,1.98591143529825e-14
1943.778,124.29,-2.11556786859078,-0.282321724669732,-0.140966763858411,-0.203269399575836,-0.178471711431052,-0.514470087521261,0.938283013904693,0.531078654638863,0.297852060767135,0.334615872778308,-0.223290866006098,0.449564030265536,-9.2148511043888e-15
1942.878,124.79,-1.47292469644765,-0.590119341516247,-0.300822250875221,-1.38451853949015,-0.453776753156395,0.489896441274261,-0.221410093634841,-0.19806914036346,-0.0551041822781494,0.0127706906872013,-0.47751286874415,0.44320145098583,-2.52575738102223e-14
1941.949,125.29,-1.21428215932195,-0.661186405799913,-0.0598415501783247,0.242275874738388,-1.24313289150374,0.462975557341052,-0.0775083169696095,0.300299408814865,0.352244657279354,0.100877326550973,-0.273550208388787,0.366110920662943,-8.82627304576999e-15
1940.999,125.79,-0.21850633064698,-0.321149382997026,-1.15311596645541,0.954542766699522,0.257780942573738,0.510276286317162,0.14093927590765,0.726243925003637,0.681167763175687,0.91567861826863,-0.0609968172481006,0.261172454406497,2.02615701994091e-14
1940.078,126.29,-0.821437749414544,-0.160159077556262,-0.784781691057874,-0.524613712750423,0.137642507462599,0.524251308879503,0.459615588430422,0.683524009094412,0.131696864856022,0.0850962388893243,-0.212334013596931,0.120283780317309,-8.3474893664004e-15
1939.178,126.79,-0.545158191929681,-1.24815825714894,0.253982929359168,-0.330078914749817,-0.511884336984578,0.690090745592278,0.476066178346131,0.377991660261743,0.457863864243912,-0.0930697335772508,-0.328527636290442,0.363815420160617,-1.22540866343002e-14
1938.278,127.29,-0.242133374619826,-1.2246632536224,-0.560362165814196,0.657356392007172,0.779847983596624,1.47844871155665,0.597141008568359,0.192307242995433,0.276737557185531,0.337593053637051,-0.448203256347917,0.324915079295977,-1.62092561595273e-14
1937.378,127.79,-0.619136323692392,-1.12839211646155,-0.154565578030092,1.11205977568557,-0.731557844121876,0.242992273803161,0.359560828899777,0.728326032249298,0.917096360104712,0.640417616336736,-0.423761903721335,0.452619890655793,4.2257863874795e-15
1936.478,128.29,0.0714014961722532,-0.409464289788881,0.298531357931445,2.04204784015159,-1.22559487100891,0.116428909319353,1.59058867029825,0.675167445908524,0.723169382457197,-0.0222577214065291,0.0104353237661332,0.325789414987129,-1.09079412169422e-14
1935.578,128.79,-1.69860618046962,0.848707609155798,-1.67168805015421,1.08972800649059,0.208625795709497,0.460916755596484,0.693659512057632,0.00174910078196592,0.389981495648387,0.404194570830149,-0.272162238444564,0.0927700298068509,4.05231403988182e-15
1934.707,129.29,-0.809407401032354,-0.341558921632192,-0.0141769167744227,0.920165762023852,-0.704472109177951,0.283343961152178,0.693783611044488,0.854507423701509,0.779372486671761,-0.0647370920269407,0.0673095304498666,0.592030823998493,1.66672231571852e-14
1933.857,129.79,-2.20947253164878,-1.54690830923603,-0.217901569138095,-0.340400749157152,-0.102353439857702,-0.818193107464447,1.00813280988459,0.136343482010323,0.579110071403116,0.432018577636587,-0.172479169763384,0.443002320141286,-1.64868119156836e-14
1932.978,130.29,-3.07604132667198,-1.0729795290367,0.0128749891196167,0.265646357291608,0.327673470365522,-0.358181648506568,0.565328227360661,0.474870413326575,0.525272664745476,-0.0613432281982212,-0.460603365229674,-0.0304961330220979,2.00534033822919e-15
1932.078,130.79,-0.780911048959838,-1.5558939058387,0.13477139818122,-0.25056176067135,0.828976803825424,-0.581679835795989,0.0607960354140011,1.04076978231098,1.00545087840437,0.153862803221171,-0.130400675439295,0.201188255854268,8.60422844084496e-16
1931.178,131.29,-1.36954590655771,-1.52292752079144,-0.335051934726929,0.555989691963193,0.962288763213823,0.643124860149742,1.20329383192649,-0.240700821475637,0.0632423287051489,0.481649766616365,-0.16305994178371,0.429241083361854,-5.71764857681956e-15
1930.278,131.79,-1.97550777895012,-1.03832895725845,-0.323754946032776,-0.604631220519481,0.175496572050159,0.29384911494227,-0.391946262531435,0.281759763577073,0.364254293750729,0.00889568524600729,-0.32304826904792,-0.00329048480561459,-9.2630981010644e-15
1929.436,132.29,-1.88234277359769,-1.75190148982682,0.0479946495398189,-0.926436526253647,-0.828765118597948,-0.722764196382057,0.376238405399344,-0.349963112325207,0.212553503684447,0.198747808942404,-0.438598947789193,0.242789621256183,1.21569421196455e-14
1928.636,132.79,-0.895474151111474,-1.11293640872231,0.801906037285275,0.381401542506452,0.309194193778718,1.29317203068027,0.278461042323357,0.585520403002864,0.358931827882952,0.155651502238451,-0.622647443186141,-0.173012044212127,-1.4432899320127e-14
1927.807,133.29,0.487848044538698,0.120483738753061,0.248215419764828,1.44838066539713,0.79086553222887,1.85963024263562,0.642408671789004,0.564818307529781,0.630420995564128,0.267116973080195,-0.628341595382875,-0.801847763389204,-1.31006316905768e-14
1926.957,133.79,0.0546709921718175,-0.807471893819921,0.225467876353128,0.346267485888389,0.620212379658738,2.08385250892207,-0.112219418661938,0.878570542131376,0.411623616405992,0.234491025514972,-0.364300581244768,0.31553755973771,-7.60502771868232e-15
1926.165,134.29,-0.388964386414704,-0.462310342917221,-0.157093451933008,0.176952839509705,-0.59705846992914,0.466464950218878,-0.16361527006229,1.87034293192706,0.768186024943532,-0.0874525117284274,-0.22362772573658,0.471600283395395,2.2065682614425e-14
1925.415,134.79,-1.06432093313317,-0.4847291895519,-0.713238407894161,-0.231866060157615,0.262634952356705,0.499964084935602,0.992126036604578,0.209555321409197,0.0998074966387646,0.165401592711289,-0.485291049111181,-0.032235061629971,-2.16493489801906e-14
1924.636,135.29,-1.60927467848855,-0.734869417799108,0.28417548735133,0.53555506706351,-0.735124032342258,0.541182673776329,0.364059537403357,0.722455446603598,0.612534865913979,0.411785462632474,-0.250247778984963,0.223323742517204,-1.59039448277554e-14
1923.836,135.79,-0.0811650249331187,0.519893403225063,-0.069075149410806,0.332031725841467,0.085572723806154,0.331910873375722,2.32353271944108,0.655595835224806,-0.107161886104694,-0.192026814204744,-0.066111579044624,-0.0478349655205467,1.16434639707563e-14
1923.036,136.29,0.230803654368137,0.181366440939616,-1.01363768822709,-0.359898453763633,-0.410946934649703,0.337590265255033,0.805799923865191,0.776709653804318,0.393697405321548,0.587473496307046,-0.0699261169886388,0.0258234723232823,1.28230759344206e-14
1922.236,136.79,1.40969808773266,-0.67753653907211,-0.00418124796247847,-0.791120483097539,-1.18063228304759,0.119771408838696,1.11419358752213,-0.183500075246133,0.577616484859803,0.393805122282217,-0.0480723945047193,0.0776068711138621,-1.15463194561016e-14
1921.436,137.29,1.05751759050202,-0.429043940427849,-0.882477452949777,-0.652686160968044,0.146269162018363,1.43667256618647,-0.550407985762653,0.683568610975909,0.495217095040247,0.275677851407778,-0.359141952553771,0.287867838092681,-1.84574577843932e-14
1920.636,137.79,-0.600603558950454,-0.0152673513224254,-0.213568342488052,-0.114334934891848,-0.273938188666866,1.52338100125381,-0.137388333294675,1.04634269315663,0.48598575641359,-0.305492965494066,-0.384010454086843,-0.0476324887884143,1.88044024795886e-14
1919.807,138.29,0.493097063865133,0.30472694436616,-0.56546215198527,0.135792901666973,0.901940173400723,1.50480084605402,0.4408969818052,0.854047688455059,0.932415738720241,0.208119355488009,-0.0844458319673113,0.0827583903944068,-3.66373598126302e-15
1918.957,138.79,-0.416303965103054,-0.221972053457558,-0.0944835631933404,0.339698244041327,-1.51269004404149,-0.326722520181022,0.800943592476111,0.215233179917239,1.02801999837964,0.164522112860019,-0.378489395088211,-0.131345647882849,-1.03805852802452e-14
1918.136,139.29,0.709636604072508,-0.654957215979954,-1.03573072252415,-0.336767378258866,0.973117597871397,0.482668554101436,0.439012548362918,0.0091984066314394,0.126964083202207,0.461457357485384,-0.112910468626467,0.549307442939712,1.38222766565832e-14
1917.336,139.79,-0.695688015559878,-0.619493467642384,-0.970564206523424,-0.227943835553164,0.252947944794968,0.613659147881848,0.53737722438948,0.138621715826008,-0.709678394524236,0.159800611840467,-0.150140671107955,0.46846398156555,-1.2490009027033e-14
1916.536,140.29,-0.665224891408772,-0.259967715083145,0.0525411435852531,0.560157570782961,-0.189328396823414,0.406546325489543,-0.402895829028208,0.665971333396396,0.0920190545527619,-0.33286708649661,-0.245562767552279,0.25259941946274,-1.26010313294955e-14
1915.736,140.79,-2.40412311225943,-0.435898947967389,0.118135800425457,0.985227593425311,-0.757622502704674,1.2800034647762,-0.534710456726767,0.148194162869467,0.0759755896748488,0.499193237978727,-0.150181251104746,0.0829582973178842,1.15879528195251e-14
1914.965,141.29,-1.72053657637861,0.259794262368045,0.235461290033625,1.02236594634177,-0.76841492791645,0.650550393868044,0.768735010824119,-0.116863046291645,0.193872469070733,0.496713655018237,-0.162350109830188,-0.0130075365138949,2.98372437868011e-15
1914.215,141.79,-1.89934909337637,1.43757188681365,0.481853831675241,0.0113622760876109,-1.35051277687511,-0.143316620827848,0.47687981462652,0.89424812483106,0.342032786984754,-0.413683211219586,-0.447483673409552,-0.220006533408009,-3.27515792264421e-15
1913.697,142.29,-0.994921341234504,0.274952173446106,0.38808093722734,0.768777019713904,-0.0284475113514858,1.53976478128421,-0.172462506360281,0.633254435450419,-0.0212639354151108,-0.0329413422442314,-0.179747497196267,0.238503359450025,9.43689570931383e-15
1913.347,142.79,-1.49060817756527,0.232850488551294,0.677986098679348,-0.264765010007572,-0.235100312315827,0.756261456813392,0.0136789979873961,0.432758186837326,-0.000926028366106377,-0.205231914069718,-0.33773505419225,0.315453508669576,8.42381719934338e-15
1913.026,143.29,-0.777633155628123,-0.010574566834528,0.38231130361897,1.21064066964943,-0.448964730456573,1.12257654275985,0.730171183223652,0.146176302263427,-0.0394555122066707,0.405605567413322,-0.179903313850184,0.131217513540261,-5.73152636462737e-15
1912.726,143.79,-1.42300378566525,0.90131729316982,-0.437910104558922,0.688655539615663,-0.624391366792696,0.461678984386683,0.48580250917247,0.552982114267492,-0.00627563608917037,-0.0191672663778173,-0.272775092711723,-0.101621892330111,1.12410081243297e-15
1912.426,144.29,-0.655004221535783,0.582685842539496,-0.013838651337262,-0.84727018204229,-1.11167793964484,-0.217169716369264,0.466241419519946,0.274218018926046,0.140633317613567,-0.389256493153206,-0.14414994764456,0.0192318555408849,7.16093850883226e-15
1912.126,144.79,-0.699521361417094,0.127228756753571,-0.0344741895303957,-0.335202661432823,0.116769347372248,1.98314009405247,-0.363542869292813,-0.361583802185183,-0.149440895265397,-0.662979008808776,-0.28863107564764,0.12496637781365,8.96505092384814e-15
1911.797,145.29,-0.821511985571005,0.885799400800641,-0.415904272396778,-0.0830688722126393,-0.519410420944935,0.87820156276928,-0.128392947716087,0.645959857656955,0.365864673198436,-0.314952081574605,-0.344585802895408,-0.153500555384163,1.25455201782643e-14
1911.447,145.79,-0.476780990416827,0.182940744649427,-0.0759829220388407,0.238568029643529,-0.75967104759402,0.835081011057554,0.856893255734368,0.0468611630086458,-0.0480976785278821,-0.216940867069667,-0.175621208371074,-0.192987575148348,4.78783679369599e-16
1911.097,146.29,-0.0733032324915183,0.560880607490036,-0.0045885520627146,-0.413584160467381,-0.351903323518073,0.351543699301638,0.692249022666972,0.705478173064691,-0.0859853222204688,-0.527070959091468,-0.0368401108998905,0.209649238921118,2.26346719145454e-14
1910.747,146.79,-0.824737632916074,0.128309318976645,0.105589175068158,0.383907939895175,-0.515839630331449,0.974615296630763,0.0840745114318141,0.263239384381365,-0.0275979718547353,-0.0350083444505982,-0.307448238997454,0.117065363352109,-1.72604985859692e-14
1910.426,147.29,-0.895342878910767,-0.111401109454178,1.36957752365665,-0.0336009837650774,-0.136999726536258,0.977349339392519,0.0420528994336667,0.722458638937042,-0.20177413144076,-0.709770357309103,-0.0903333166975284,0.332570314195277,9.82113695924269e-15
1910.126,147.79,-0.959697913052823,-0.60085290744947,1.4066250854497,1.04761568996867,0.151254380867981,1.04005426022004,-0.236127416528103,0.52114551987143,0.604275622684912,-0.293580856836096,-0.283513612487662,-0.0163371818276043,-5.84254866708989e-15
1909.826,148.29,0.134017770039563,0.23473326134101,0.735216119779309,1.36848074230111,0.0836908729125233,0.859938629602232,0.632786821159251,0.286782622033364,0.688593146628972,-0.35226855109126,-0.270587184123276,0.148856850513033,1.63757896132211e-14
1909.526,148.79,-1.07508280042019,0.401581769981672,-0.365944011078081,1.07225111209878,-0.549997277830478,0.775321214348973,-0.224297054610601,0.786119376179978,0.772114356298031,0.187412066500298,-0.268193061959273,0.125334987832089,-1.89674664863304e-14
1909.226,149.29,-1.81544368872463,0.225032999873741,-0.237814465187044,0.0330052591093193,-0.101074960054047,0.551302642522429,0.0491398323147472,1.07707610350835,0.288330671878036,-0.532187673699501,-0.371821094664621,-0.202723800118946,-1.66255897937617e-14
1908.926,149.79,-1.32219248666816,-0.456862068550583,0.381770361911163,-0.435994620885044,-0.740652658046048,-0.238641535811206,0.511644653195244,0.265020235303729,0.958779676051904,0.412137453550935,-0.308158829867253,-0.0949901096497676,2.12052597703405e-14
1908.626,150.29,-1.77320643989775,1.08073904064158,-0.335500723030664,0.241835029920217,0.456062079684721,0.70868210788681,0.125715908022156,1.21526889148883,0.660299332034501,-0.336322655042755,-0.604508426732682,-0.273276812859515,-1.95815585968262e-14
1908.326,150.79,-0.141722199159012,-0.406495301682161,-0.183536918227391,-0.298908962060943,-0.919800047084689,0.295115902200875,1.02439933499207,1.0569227689842,0.289341297801873,0.132393733577788,-0.00354668420324178,0.321880674719847,4.02455846426619e-15
1908.055,151.29,1.38812710225449,-0.42791853238614,-0.384436587557698,-0.292153732308483,-0.593474301967763,0.925427326592343,0.978827540228543,0.361568538077484,-0.139232495646076,-0.432487816174758,-0.125113411085056,0.0966770215967105,-1.88252191613003e-14
1907.805,151.79,-0.197310637070994,-1.21582084492383,-0.660039598879712,-0.489178313577446,-1.36476745047096,0.852256853406557,0.0360482169894706,0.464672366756155,-0.166375797575998,-0.180429632861435,-0.274072064756494,0.305287154859562,5.20417042793042e-15
1907.584,152.29,0.590838880319412,-1.34643567483284,0.317979541853873,0.270800342107202,-1.6613708040636,0.553423682671107,0.671423501955551,0.812699729782831,0.374928455338951,-0.396084751605625,-0.0994517081062514,0.273690873019001,-2.18713935851156e-14
1907.384,152.79,0.369008694342685,-1.27481027152088,-0.470819534977903,-0.338419716238141,-1.50861086682821,0.648711851298721,-0.0114633387732159,0.722020313670856,0.0935619570405056,-0.51124055237237,-0.217566424575962,0.0668537547476088,-1.06581410364015e-14
1907.213,153.29,1.35110843880956,-1.15880293862951,-1.49930405839475,1.74213521467328,-0.689715371460655,0.914351233273146,1.25397809001157,0.445895323258678,-0.257659397868335,-0.272832877859898,-0.130244976029876,-0.0900299326367989,-1.04083408558608e-14
1907.063,153.79,0.287631071460347,-0.839611743783432,-0.69692344322356,0.324492076151133,-1.18375631693027,0.678225761445765,-0.22502639883064,0.384514106973874,0.473037941003367,-0.446092508906836,-0.56699981639442,0.178198318302383,1.17128529097954e-14
1906.913,154.29,0.453946527302619,-0.714939966029049,0.387186483047353,0.640745065202866,0.30963294190024,1.91786928863229,-0.286038066253255,1.10919946373551,0.886628144180064,-0.529902423383549,0.0436630443847642,0.227393930564587,4.44089209850063e-16
1906.763,154.79,0.493466900290755,-0.892110128703617,-0.643072484201868,0.00521885204096375,-0.787514347562442,0.376468495465095,0.711151608371892,0.724338098056663,0.754122389996999,0.386485031451521,0.105603408231147,0.0732763755666916,-1.24622534514174e-14
1906.613,155.29,0.361904907443172,-1.40789963645231,0.213896111844196,-0.00911086211874543,-1.76840332467141,1.22452169438401,0.411141595869085,-0.209178561412654,0.501956202760223,-0.139109892624454,-0.329346424341296,0.0272894829175718,-8.68749516769185e-15
1906.463,155.79,1.85186325925269,-0.948771200442454,-0.63127889946764,-0.0586878628672376,-1.01015889663496,0.724327654030704,1.23188503974581,0.321066729365286,0.245846022015889,0.134908730134135,0.0731107068036268,0.237457238091266,1.92033888790633e-14
1906.313,156.29,1.24134276258684,-1.40566406461371,-0.231557198044117,-1.00774114331145,-1.50700899370392,0.111633549359524,-0.000160755095710887,0.255005523812882,0.44425949605175,-0.144146277095386,-0.294593605321216,0.206487230042757,2.60902410786912e-15
1906.163,156.79,0.482985681323922,-0.596118434584175,-0.805325597346895,-0.484658871090493,-0.634019242879348,0.536267204550153,-0.0801205501933056,0.765950088282777,0.267182495515554,-0.253482642604165,-0.213050977434127,0.368913574056548,1.58900670399476e-15
1906.013,157.29,0.956233996407541,-0.303680020020588,-0.85630752615639,0.313834848608215,-0.410961917454244,1.32122498392365,0.129745713862894,-0.0250239329988023,-0.16176922223396,-0.0733497727170606,-0.186320972668486,0.327114193055388,-5.74540415243519e-15
1905.863,157.79,1.23015012877999,0.314298911179867,-1.00475042859698,0.360662736479061,0.330011926680815,0.445363578333754,0.423155396472517,0.257505000622876,-0.0156032030172968,-0.097629049981524,-0.195573004628808,0.204750567879545,-1.09356967925578e-14
1905.713,158.29,0.293293560695292,0.139081221017481,-0.431068122440257,0.11504777723632,-1.33255489638772,-1.05306232845828,-0.150505214583404,0.173763656373636,0.444774026256888,-0.000158181566723467,-0.133249688905733,0.263909061941364,1.56541446472147e-14
1905.563,158.79,-0.542013227468421,0.344957916120079,-0.757582624828707,1.78679138793357,-1.34917543150879,-0.241444555484725,-0.281322845698601,0.573991656232695,-0.0362371206660677,0.369980156528443,-0.430118897395387,0.040690059845825,-1.52378110129803e-14
1905.413,159.29,-0.0711061920173521,0.0630393712050669,-0.275852749668442,1.40575985958863,-0.79404802133258,0.0891562234452156,-0.398020254561654,0.0933500021756651,-0.365372048816557,0.152627205725457,-0.14299997859096,0.243267420660599,7.93115573216596e-15
1905.263,159.79,0.0939971854189579,0.861924784870406,0.903504841767882,2.91184598803539,-1.10295788329317,0.405337150914565,0.0270774053752859,-0.347920549867983,0.126613356830877,0.207790489962761,-0.262717390756591,-0.222682416298427,1.32741040381745e-14
1905.113,160.29,0.311873000797623,0.467788782021556,0.765729325886234,-0.445006400353207,-1.07987465029239,0.739765488273493,-0.711827060555028,0.575288028748915,-0.109367202492547,0.410569472895031,-0.144759676624667,0.0526128557960853,1.66533453693773e-16
1904.963,160.79,1.98416163316294,0.388202172259161,-1.40504024168077,0.0838817653828465,-0.496613414754789,0.819442107082021,0.0151344236469421,0.630616305665293,-0.236813287114974,0.955193389038534,0.0379334208426957,0.0548634729459732,-5.88418203051333e-15
1904.784,161.29,2.01678517544728,0.075176633222852,-0.703861127176906,-0.414752695543464,-1.70901000947261,0.131659156014423,-0.47186978437679,-0.0324604235249984,0.161670344364798,-0.363591024012701,-0.416626873155799,0.0707606568827782,-1.58206781009085e-15
1904.584,161.79,4.03057616847878,-0.997355771839559,-0.400549106167426,0.793844399835204,0.153853285370652,1.84214389513888,0.684470672988343,-0.0712234757243757,-0.184562401164252,-0.429271314178999,-0.375742282928523,0.666342099725599,-2.04281036531029e-14
1904.326,162.29,1.16037643261204,-0.383899920948174,-0.55200859707426,0.141568744022385,-1.10692633800089,1.22776329214807,0.0064047075439485,0.719241196263248,0.251540767536034,-0.317111840390574,-0.495956351264566,0.27838996876475,-2.51361431669039e-15
1904.026,162.79,1.99867400149338,-0.518968685122582,-0.882473199816486,0.609783812995019,-0.734606208606788,0.955628512532498,0.851096115498617,0.363976280928944,0.230909570233573,0.0122692264870472,-0.365231030399972,0.400162736579301,-7.49400541621981e-16
1903.697,163.29,2.29125177129793,-1.019880056918,-0.54819587079618,1.04284303631121,-0.593685377943856,0.947480125679425,0.92961571887353,0.820081643053696,0.129326176905201,-0.535757340920886,-0.225100996771839,-0.00164583540329326,-1.90403248723214e-14
1903.347,163.79,1.9603237314219,-1.19273554052528,-0.588501974584555,-0.3539809929363,-0.769321683962961,0.53975769733817,0.114531419044816,0.0870637259330388,0.434218290490768,-0.0788367667923955,-0.417414285066047,0.0720289166578036,3.40699690681845e-15
1902.997,164.29,0.886322195016471,-1.11102415923048,-1.32432433299633,-0.727303410638079,-1.64674543641729,0.100254871858253,0.498260312668808,0.0169736320920198,0.0634089311966336,0.226080688525753,-0.550817869475912,0.327097878912217,-2.05946371067967e-14
1902.647,164.79,1.6778934746117,-1.21984746487684,-0.66438952835139,0.752539463566449,-1.73947483810505,0.581516009410164,-0.617282484872316,0.480192705850199,1.12212332542557,0.141867922442654,-0.501200863322007,0.286050456950012,1.08385522779031e-14
1902.326,165.29,1.75270336694329,-0.421477052801341,-1.33033136035705,1.15290978367496,-1.32540431872744,1.31632659795327,-0.234515749469641,0.705996503466468,0.406180634024872,-0.141044388324998,-0.233136803472881,0.249942845589086,-1.90125692967058e-15
1902.026,165.79,1.96594323460704,-0.83797009539913,-1.3052564963259,0.273992363648118,-1.75493897555895,1.02972819722102,-0.732253894384434,-0.324707741014366,0.528951159870908,0.286441553339385,-0.738426760363162,0.0888538344627629,-4.88498130835069e-15
1901.697,166.29,3.01870516876063,-1.34137085826989,-0.571424219505096,0.926812715769586,-0.741812123424368,1.40681257904046,-0.159866144729167,0.164920331803583,0.549244898185513,0.0754954009031805,-0.261103679823163,0.421478825518788,8.71525074330748e-15
1901.347,166.79,2.33679554274897,-0.352710260157637,-0.609492504979241,0.201077462193399,-0.326648960408787,1.51878414374617,0.855398510945787,0.305263611836294,-0.392434429857643,-1.20389644427316,0.0253549658476962,0.28618198634455,-1.72639680329212e-14
1901.026,167.29,0.766484706146568,-1.12436728387871,-0.618131821398073,-0.494795075324002,-1.37541233327401,0.935365003222569,-1.08561332126314,-0.234022810216345,0.763999596874283,-0.689192899584082,-0.604496337292034,0.196234930410378,9.2148511043888e-15
1900.726,167.79,1.45408382946525,-1.16674333209635,-1.32729089611131,-0.291982352753878,-1.3140981131947,0.35710788519667,-0.426030592044249,0.533286425866878,0.488393264474656,-0.328260990113452,-0.115006569912388,0.176352727734621,-6.84174938925253e-15
1900.368,168.29,2.72201561206859,-1.38631035731701,-1.31878913629028,0.501449512115912,-0.75282741506453,0.941002058059044,-0.170322364609039,0.830614361915794,0.558737791679376,0.0111757250827766,-0.0785449001303056,0.0936545629419344,1.23234755733392e-14
1899.968,168.79,1.62494316686402,-1.52613465511983,-1.01371289219495,0.940226766940203,-1.28995416237754,1.192241214708,-0.880513067153087,0.876296390256205,0.597890229485554,-0.159059170594756,-0.26356609409103,0.239684007445002,-2.91433543964104e-16
1899.655,169.29,0.731198138315939,-0.948042833797202,-0.888199669692418,0.993912838123314,-1.69892126227579,1.22007505560388,-0.00289716361001948,0.261448574444899,0.424013225305982,0.22038715235575,-0.324158646797506,0.370093618035118,-9.87404602525999e-15
1899.405,169.79,1.55653800988329,-0.532467147859498,-1.23420713909724,0.074101729544781,-0.58617992157565,1.03138847023074,-0.557040960025576,0.702419596340711,0.605772276573571,0.142583344811396,-0.188894452137262,0.39284513045549,1.23373533611471e-14
1899.097,170.29,2.1755562430456,-0.549978273877388,-0.8627534005938,0.108972099869503,-2.15983857055536,1.13171228522979,-0.479970905756027,0.324342941912619,0.338242150970199,0.227260208131357,-0.39387034716273,0.332782688658451,-1.64035451888367e-14
1898.747,170.79,3.31879612227645,-0.295771888899574,-0.600192118227566,1.4486690170641,0.178662947342374,2.22700282991485,0.745051611664031,-0.494293320689698,0.0622856177236408,0.271549649198123,-0.104783256109913,0.281905328967234,-3.33066907387547e-15
1898.426,171.29,0.712615544629778,-0.165434463196752,0.14685857451264,0.631344763398995,-1.46119078522719,1.62869295627129,-0.739646897314317,0.555305431608623,0.404425113733074,-0.309864973115747,-0.177399361050112,0.284276606863517,7.50788320402762e-15
1898.126,171.79,0.72347761875764,0.487983550942289,0.543922516549956,0.903405979076521,-1.8727917433488,0.317775322324841,0.377325510665174,1.46129837237194,0.222407320879164,-0.555879848643451,0.029682579700956,-0.0340895330732553,1.64868119156836e-14
1897.739,172.29,0.352574310855258,0.241505637806765,-0.340204653217613,0.757407751768379,-0.717372445097926,1.74492214657151,0.0802984874676837,1.14320883484501,-0.265073876451134,-0.347066169547709,-0.114517058022656,-0.0339885276593685,9.43689570931383e-16
1897.289,172.79,1.87892221558836,0.140324768035439,-0.189563477886293,0.577660393888683,-0.801885697385255,0.457122942839374,1.59434458675026,0.0210376470227415,0.145002507345567,-0.0374443568582344,0.0912091470632887,-0.319852786860589,-1.13511630650542e-14
1896.897,173.29,0.0359110523338866,-0.439409096796268,-0.192605367097794,-0.921153387724665,-1.44908496903566,0.8029713670614,0.0989817747291361,-0.406872034570151,-0.0730622050738516,-0.346082350852188,-0.448424109227709,-0.103702517486844,-6.16173778666962e-15
1896.547,173.79,0.923340298043366,-1.08407748159257,-0.457171105685623,-1.29197228486038,-0.865339369573556,1.28684793977491,0.292154124839699,-0.298587905285361,-0.563081223470343,-0.368432409491893,-0.328720864510701,0.0203506682177954,-1.17544862732188e-14
1896.168,174.29,-0.326536681779313,0.0324661886809471,-0.481174577964403,0.511451127754644,-1.31105180291537,1.05811705855418,-0.740738495550708,0.291970853385753,0.639806708838946,-0.18424821889583,-0.499177368791992,-0.339168757794892,6.89726054048379e-15
1895.768,174.79,-0.56616552534497,0.0335577556423995,-0.704934626360439,0.65049736193627,-1.27958516952166,0.883725051839252,1.0585312940911,0.296029991797502,-0.295222872304719,0.157007288396878,-0.0955534412433412,0.226858540782883,1.20736753927986e-14
1895.339,175.29,0.370565166789251,0.275577756003144,-0.688890908773377,-0.561644395039071,-0.814348469176151,0.860594856234612,0.924460069140144,0.543596576454873,-0.251197675619895,-0.508028528168842,0.123545939892684,-0.260205435689405,8.32667268468867e-17
1894.889,175.79,1.97055702541664,-0.761446140258589,-0.384906802596521,0.2305394782922,-0.425327212101636,1.33189463082685,0.634336800713518,-0.0378740313254288,-0.093079651657386,-0.72155860885972,-0.10597631694416,0.323904552756559,-1.04360964314765e-14
1894.439,176.29,1.55534278183185,-0.523915112498549,-0.402671960421985,-0.491306974068368,-1.13421983341506,0.916821147266767,-0.075996312193793,0.915908253770677,0.106239987265279,-1.13293341361566,0.00232292479442887,0.201542862075974,-5.88418203051333e-15
1893.989,176.79,1.71986667221632,-1.19534670641862,-1.36284653584148,-0.287903906380284,-0.958332784263457,0.398534730296783,0.580125753893969,0.687975892428262,0.296405870337673,-0.33696204985115,0.101384409621146,0.148324082139535,2.11879125355807e-14
1893.597,177.29,0.865915246339083,-0.535630097463901,-1.43804704050551,-0.0149806847484043,-2.09145323787209,0.433369678758381,0.0390476135776575,0.316865722976139,0.379201961919553,-0.52490659402999,-0.530002021510261,-0.431111041696239,1.5709655798446e-14
1893.247,177.79,1.86416829679458,-0.348565490014524,-1.67482309378732,0.189661652801421,-0.148695146416624,1.9709992272194,0.194538601253404,0.353146836409579,-0.27877865582069,-0.807229318695912,-0.336145340949366,-0.0692464924323604,1.19348975147204e-14
1892.897,178.29,0.563638175204358,-1.0630748680289,-1.79582418014103,-1.0242698444337,-0.940419710897765,0.688516587603626,0.0118785620016955,0.573832524197085,-0.233511655409357,-0.784800163095266,-0.42756132003141,-0.00469060701578355,1.59802726606983e-14
1892.547,178.79,0.263065744088043,-0.484850190008592,-2.21225645300695,-0.148888250549244,-0.923817857113812,0.278978557727153,0.662222694264778,0.179833566316152,-0.127820611515109,-0.555861063487971,-0.457533731672693,-0.293986106352734,-1.47243328640911e-14
1892.168,179.29,0.233394715993697,-1.44143201081531,-1.82690533461302,-0.42042564746307,-1.28537656441475,0.885717305269877,-0.00941290810397068,0.377597555186897,-0.301166720354331,-0.590396057479482,-0.200796027010175,0.0349808461045497,1.48631107421693e-14
1891.768,179.79,1.82427465101187,-2.36847972459005,-1.3018505117458,0.426317477855768,-0.820374469328772,0.870623931640544,0.822003455971884,-0.473323389680605,-0.518368399068489,-0.769045139633454,-0.221138759454954,0.0692641685450385,8.60422844084496e-15
1891.368,180.29,-0.0968235325220569,-1.09547609454663,-1.41859221150082,0.0330935314310404,-1.17516907453225,1.24597143100883,0.36604227727716,-0.060568119872762,-1.03260371655445,-1.0119628104936,-0.231652506583375,0.0240226079565772,7.91033905045424e-16
1890.968,180.79,0.164008458788655,-0.820346222480463,-1.37891218162936,0.812440845252183,-1.31232761208582,1.62701604649259,0.205643147252092,0.120341988616382,-1.1491732888669,-0.704392415523162,-0.28190454755173,-0.261175816176693,-8.14626144318709e-15
1890.568,181.29,-1.65583004454966,0.614259749432941,-1.9339362925332,0.650462663265569,-0.424535187213865,1.02227393385387,0.0138718572060629,0.49396109110441,-0.67145081412546,-0.495253876258985,-0.450408651194696,-0.701802710462994,8.97198981775205e-15
1890.168,181.79,-1.22147359474534,2.07508320241112,-2.02700830613268,1.35340549209819,-0.313495201028397,0.583172840675545,1.51295992247817,-0.323007685158015,-1.14404109087336,-0.753017746762355,-0.109165730496547,-0.15547893079906,-1.44814715774544e-14
1889.797,182.29,-0.443262941942319,1.03609588366123,-0.795582337014882,1.61301976101615,-2.34425608158452,0.676742709400175,0.75078702566186,-1.28106578671923,-1.20630317888898,-1.28693136854248,-0.33458064944363,-0.182488236445349,1.72084568816899e-15
1889.447,182.79,-1.48321099624272,-0.451511076470306,0.0914668406697834,0.891339759238527,-1.99720631048903,1.58294910912663,-0.808106252905068,-0.648245340742445,-1.27118965551309,-1.40594939769925,-0.592002069574668,-0.252841044562233,-1.09079412169422e-14
1889.039,183.29,-2.94547344667975,1.34555444508313,1.60896834519304,3.07640986536457,-1.39830187892274,3.63632271872687,0.582595770223167,-0.658364242403183,-2.59379387921704,-0.604117616223564,-0.474296446307317,-0.118872126737965,1.0769163338864e-14
1888.589,183.79,-3.13085434051335,2.35636075574116,0.90528618430073,2.88198005527782,-2.26621907053585,1.57632672408136,-0.15949510158337,0.440035450754533,-1.68196164809297,-1.59731238298159,-0.266817053330935,-0.547709186495748,2.69784194983913e-14
1888.197,184.29,-2.82112034853678,2.12025568818659,0.657669812408635,2.06508866363769,-1.45191300306173,1.62571698107362,0.848398396337427,0.43543423569274,-1.80566340762781,-0.729911607076483,0.0340097269714284,-0.140714106785968,-8.32667268468867e-16
1887.847,184.79,-1.2209792734127,0.822510396238892,-1.27838257689323,1.61348147550918,0.182384972356359,1.55894404411742,0.181593458080099,0.314683877107169,-1.32952428240253,-0.146006328763086,-0.268124872942237,-0.0134687680242436,1.73749903353837e-14
1887.439,185.29,0.688085121351504,-1.09370346275415,-1.0527126972668,0.744017504549277,-0.412110240465737,0.622716597423429,-0.612117928214832,-0.421758266546153,-0.397522069261598,-0.411553875365088,-0.549307411334852,-0.109295060280601,4.66293670342566e-15
1886.989,185.79,1.1782219691439,-1.86780273251278,0.368265984223889,0.636448938049511,-1.5111322716004,0.32150762789849,-0.918551227026182,1.02945383086133,0.0519164071824737,-0.729183313933902,-0.152715735091485,0.136795857299174,1.18377530000657e-14
1886.539,186.29,-0.0421099388663298,-1.0277568838888,-0.0397721005775564,0.940192848070463,-0.588055846829804,0.644149448919641,-0.140378912960928,0.617840668765422,-0.447062236083617,-0.487068348327914,-0.0611127781533925,0.368157720974349,1.72084568816899e-14
1886.089,186.79,0.533142283487505,-1.12731711087571,-0.235997674379888,0.762098597986565,0.887899445521426,0.721488094708899,-0.228368278712428,0.503482853631023,-0.360650455782951,-0.0783218771678023,0.0242839581935245,0.363001539286766,1.5709655798446e-14
1885.726,187.29,1.04639586521638,-0.861933529651777,-0.614960899066138,0.356215536287268,-1.53531843017464,-0.534627536339567,0.440548611974024,0.421986066327243,-0.162114012720869,0.278800373082716,0.0222997141392218,0.35632951891883,-1.21569421196455e-14
1885.426,187.79,2.07361947443122,-1.71493733769481,-0.620249088719612,0.193396858051978,-1.46016989549237,-0.283484120687518,-0.363522426405431,0.708800096017625,0.195577176337911,-0.199383231718023,-0.327439077997185,0.56752265814387,7.02216063075412e-15
1885.068,188.29,0.305653900896356,-1.95495077270543,-0.737115713604729,0.603760243120244,0.0840756715881373,-0.251714417964477,0.723050101711926,-0.139868648513169,-0.219684602250418,-0.497046744973651,-0.353479107421951,0.210686553748453,-2.60624855030755e-14
1884.668,188.79,-1.86248819839501,-1.53001568388562,-1.13859325642623,-0.564908177351205,-0.0680433356341317,-1.61681745832486,0.122056788322271,0.499513998101663,0.0502693167555872,-0.606591184641908,-0.270597254434858,0.150377620526231,7.49400541621981e-16
1884.297,189.29,-0.332518139619374,-2.46699623850277,-1.59059592596558,0.0512895553875087,0.361301389407378,0.212064422254532,-0.234010018461094,0.165181571645841,-0.555706871363218,0.372858467110237,-0.0490763205712369,0.338457264661848,1.0769163338864e-14
1883.947,189.79,0.303161294490565,-2.5559502458162,0.691331209837156,1.63634836543055,-0.972521148315693,-0.11839548592076,0.191315278858214,-0.423054615616254,-0.258599197313281,-0.58101737082547,-0.0478104476199146,0.192909839078948,-1.67877864387656e-14
1883.597,190.29,-2.09106741479339,-0.654651874970866,0.22753395545875,0.678089675416091,0.24860258401198,-0.72136763293992,0.499494167695696,0.495102143365292,-0.528573250551836,-1.34035339928668,0.135335068080468,0.205352435242066,2.40710229526542e-14
1883.247,190.79,-2.17224182792317,-0.141218110713224,-1.58104968985071,0.294096614551655,0.00337847979935557,-1.66859505054669,-0.310944363390465,0.42744213468324,-0.235902689256611,-0.0592069991266155,-0.133527395252573,0.0965524274347463,-2.66731081666194e-14
1882.839,191.29,-3.04748638872894,-0.484910553206758,-0.99075330923812,-0.299942691830751,-0.373247030477721,-1.54415063288316,-0.303442742899978,-0.559325735008297,-0.613242571302403,-0.462967762284642,-0.229597496959767,0.177059818254221,3.21964677141295e-15
1882.389,191.79,-3.8308739205825,0.407858460993715,0.403806670465979,0.757784656355387,-0.421777949612193,-1.69527842672114,-0.845642189523925,0.123448107084956,-0.0290608318114529,0.0676071752409278,-0.13154029400751,-0.305704585121863,2.04836148043341e-14
1881.939,192.29,-4.3325418976454,0.10500563373629,3.63348392402587,2.0665475680162,-1.87331808893784,-0.371858927723884,-0.122111797275022,-1.25019931751588,-0.437228824734648,0.307905864899752,0.0717519131285221,-0.256853505696812,1.26565424807268e-14
1881.489,192.79,-5.58870078774312,0.588277386371823,2.74720462083134,1.11548780584367,-0.86523893248496,0.501304040947635,-0.178956621321931,0.0451086032271101,-1.14366613951393,0.577070368575561,0.51022638139752,-0.55792564902656,-1.09356967925578e-14
1881.039,193.29,-4.20078895794828,-0.545322018034515,1.33648725973249,0.405400337652787,-1.16308341694739,-0.604559671814124,-0.147062380118225,-0.20942466989644,-0.749468301539672,0.373551759658234,-0.109140499733232,-0.190345334813284,-3.27515792264421e-15
1880.589,193.79,0.0660223593113703,-2.48735594406679,0.415254855020336,0.679290371947962,-0.307122435413489,0.316313408128947,-1.83374469332362,0.117451257104415,-0.0558103386960779,-0.0762019734937654,-0.265470918205993,0.111154213396155,-6.93889390390723e-17
1880.197,194.29,1.01957448089649,-2.08039053645349,0.25422401552551,1.25940752525915,-0.758927709708883,0.385807694909671,-0.127368879792642,0.272933307417699,-0.613076804369166,-0.450805097136417,0.257915279346761,-0.0561155547078793,-2.35644836976689e-14
1879.847,194.79,-0.602532402457044,-2.02611522755528,-0.274537629396653,0.648648382269047,-0.89398034927036,-0.825044877242197,-0.394488979754115,0.482456855426081,-0.123662939053593,-0.0380483316066259,0.0164958307079275,-0.307496924555916,6.88338275267597e-15
1879.468,195.29,0.349132512425781,-1.76741953377931,-1.78458042673676,-0.183773794770475,0.12323698623795,-0.288681977496088,-1.02995585277754,0.223576268420305,-0.742705301353187,-0.272399644690711,-0.238107310917905,-0.18913881160806,-5.07927033766009e-15
1879.068,195.79,2.42423081918744,-2.95961339031159,-1.62438974770715,1.78634311310225,-0.525651416752874,0.652977646502103,-1.58479515037345,0.145322504488027,-0.376619932189605,-0.510937077351523,-0.359410472952792,0.259260644410883,-5.82867087928207e-15
1878.639,196.29,2.31249737127165,-2.79776630912647,-2.21073987864181,2.01871303061007,0.880332196574314,0.776064981572673,-0.482002894580999,0.369973870397906,-0.228282476971926,0.491733412669809,-0.208207407017598,0.00530702087576591,3.88578058618805e-15
1878.189,196.79,0.33526148227189,-3.06044744474237,-2.09860713891155,-0.418559052849327,0.187379672888348,0.0217547947106184,-0.893865517477324,0.118740581849341,-0.742136730917765,-0.321218524251444,-0.44320375716396,0.368703517760244,1.765254609154e-14
1877.739,197.29,2.05478581876759,-3.34963146972137,-0.661524072590154,1.35692442535338,-1.50129147454355,-0.146466315466236,-0.55637879845285,0.333132320327304,0.14607027147917,-0.647745970789163,-0.42814796338549,0.168025628076932,1.08194703196673e-14
1877.289,197.79,0.455772488103141,-3.07336724979044,-1.29172651594097,0.519166831140507,0.424268254861713,1.07415590405432,-0.335332969274152,0.723778499950906,-0.517694083856184,-0.169301188832445,-0.0189864650798474,0.185703563835951,-1.38222766565832e-14
1876.868,198.29,1.40839034666121,-2.54128749311863,-0.948496054381088,0.334208948764207,-0.36477351699617,-0.638301310891447,0.0803425557296172,1.50645316281728,0.115067193507942,0.140045674032765,0.192046413802435,0.132099587337167,-8.05605582243629e-15
1876.468,198.79,0.312761377224416,-2.29722142425421,-0.0994952886754893,-0.730393874548497,-0.613844242974959,-1.05000101612919,0.215042060731949,0.939780586835568,0.246246887368362,-0.497989999124925,0.0681833244595644,0.145599284059742,-1.22957199977236e-14
1876.068,199.29,-0.462102602179099,-3.64339689016071,0.568602852390683,-0.462125427687409,-0.29796232398251,-0.389311212664689,0.692463003685466,-0.039153845614006,-0.446729780899124,-0.505731336915395,0.0356268219125392,0.443184036175353,1.00041502859582e-14
1875.668,199.79,-3.41233883891184,-3.35440296142777,-0.286499036020278,0.138509700271069,2.22616404725637,-0.265511280682332,0.988986931897152,0.483690287485035,-0.923359735631601,-0.288035738533613,-0.0127814187670315,0.142685672732231,-8.93729534823251e-15
1875.239,200.29,-5.99593904978497,-1.15867375173259,-1.67671010336348,-0.657842890918081,3.82828732144511,-1.30208666871469,0.138727050487052,0.334928821529134,-0.504133639414201,0.18138066030149,-0.297197104832341,0.121008892481759,-1.36557432028894e-14
1874.789,200.79,-8.49096451438081,-0.891628620042316,0.818318611028601,0.0372811071054109,-0.0101063097202421,-0.778967052379143,-0.617742863231248,-0.870761607650672,-0.511920101136569,0.360175750417499,-1.15795809462926,0.182089932440034,-1.11022302462516e-16
1874.368,201.29,-6.89644001329472,-1.88120470512889,4.27190587035254,1.19028644795018,-2.56863453973778,0.583319327468288,-1.76077315801803,-1.32076643027093,-0.00409861992204397,-0.0419817060773743,-0.775673189380091,0.0812208675121673,-3.88578058618805e-15
1873.968,201.79,-7.17134545729605,-1.86535555282187,4.45672652167737,1.89275843638845,-2.20303256610437,2.19993439552186,-1.54910618367634,-0.720572633195165,-1.21151592200528,-0.666916677952354,-0.270533717098099,-0.117690601109548,1.87627691161651e-14
1873.51,202.29,-5.92680745742569,0.742793227064123,1.63732473814133,1.41700802576832,0.00774534344354527,0.000272183503168544,-0.420017018732518,0.569299414916199,-0.0710225341904863,-1.17305446486689,-0.0626998636381188,-0.150042704318413,1.41553435639707e-15
1873.01,202.79,-4.88265602724069,0.576461000929501,0.139858625569404,1.26266231085529,1.31327412523359,-0.341523024492298,0.237086217701438,0.171051512587014,-0.559484476225233,-0.559142698312969,-0.0419287202044738,0.125008618229609,-6.24500451351651e-15
1872.539,203.29,-2.45416303736924,-1.00382874869413,0.515296094667696,1.58070970772721,0.422636352324937,-0.398442631847529,0.629540746684383,-0.208656575625332,-0.0553625793575631,-0.386093961174011,-0.149494188869707,0.332137386135746,2.4980018054066e-16
1872.089,203.79,0.816213975954077,-1.69059037515388,-0.216805563694743,0.208961377748549,0.0675345493971359,-0.891442580583415,0.363175642175659,-0.482104392524487,0.135327508975275,0.273035105801279,-0.192622555461389,0.364435759793549,6.07153216591882e-15
1871.639,204.29,-0.506851622811564,-2.50827545573055,0.633880217499499,0.138970095463876,-0.203609170188189,-0.282979918626783,-0.302319348753637,-0.483204995098356,0.16774670525769,-0.243201344977515,-0.385004883294787,0.174784990231271,-2.33823377326914e-14
1871.189,204.79,-1.46750487346341,-1.99254402937422,0.0877360476503954,-0.841623460398515,-0.235175486467946,-0.385745799041612,0.177652523514318,-0.185994245421021,-0.517306160772171,-0.748669990220318,-0.0844532359420235,-0.0524131606932357,-1.66255897937617e-14
1870.71,205.29,-1.53891264031288,-2.24619142933264,-0.32427638667496,-1.10026995896999,-0.357863906967258,-0.913623102193299,-0.130624174168968,0.0734313912589629,-0.25863785038423,-0.261280261850388,0.0188798831680893,0.00725795233863336,1.77358128183869e-14
1870.21,205.79,-0.482247867863778,-2.03293546143672,-0.491590508779571,0.511336286748608,0.271247834475185,0.918018550322558,-0.873481306530035,0.297718434196694,-0.494985745614328,-0.54193290054802,0.158265059513517,0.0937190447407615,-2.05946371067967e-14
1869.71,206.29,-0.309871369224342,-1.53779570484723,-0.185199094926293,0.80799786050545,0.379862972516969,0.628074906618508,-1.47103047328671,-0.681718793111882,0.490555031978282,-0.151030288841229,-0.485404988035111,-0.0186984415954834,-1.58484336765241e-14
1869.21,206.79,-1.12295381495295,-1.79507088794027,0.146095137770069,0.335804816544854,0.0158788059171768,0.414416791099491,-0.327111458989779,0.340712634306866,0.0163530517757163,-0.0984745505540469,-0.143708481674844,-0.0561296547620455,2.438327317833e-14
1868.768,207.29,-2.19727515492375,-1.78639376840832,0.909020596936742,1.0588157240064,-0.756461607251342,1.10025270651242,-0.157559101955041,0.58083582472501,-0.358309217629074,-0.00204155963499927,-0.245994480879088,-0.334953193911944,-1.08541647891869e-14
1868.368,207.79,-1.83491071323745,-1.75050307446773,0.463439350429769,-0.0129029780261519,-0.76518876172273,1.45239702391043,0.636414121596899,-0.452400001230962,-0.929485094443365,0.0491264229805563,-0.270139228316454,-0.366335901008117,-1.56819002228303e-15
1868.055,208.29,-1.77775338577712,-1.13408141549259,0.334121596629602,-0.32250912062192,-1.24085482481494,0.8489457785619,0.0330267716685486,-0.177589538512663,-0.661293824359733,0.008650298471773,-0.21214337069002,-0.13514840114398,-1.9373391779709e-14
1867.805,208.79,-0.352469414956335,-1.47945829881128,0.6325925491249,1.14287801660598,-1.09758855742776,1.28627632789867,0.419518861702833,0.576069469134929,-0.674129510315026,-0.039821656851967,-0.0399964679359143,-0.143576209094954,1.33226762955019e-15
1867.381,209.29,-0.108136999680819,-1.63315747364435,0.588510450611846,0.358600931349433,-0.494730546434958,0.293804181650706,1.4530880241395,-0.0324248111074799,-0.747510283150024,-0.313036816119607,0.268730427414334,-0.147255837099403,-1.37702349523039e-14
1866.831,209.79,0.0178553546940282,-1.88386467631813,-0.430034035504111,0.433367209787521,0.280381684014372,0.550587410369471,0.475442910390409,0.275156659835013,-0.706427353471795,0.16513401426806,0.205380729727195,0.0830679206117932,-2.89768209427166e-14
1866.368,210.29,-0.668902503685732,-2.00272337105254,-0.953966688748549,-0.78022660684261,-1.14689333824141,-0.296400550824411,0.0536483350973707,-0.34085429206689,-0.721433697578495,0.203900771001569,-0.0650920393321954,-0.113164706317738,7.43849426498855e-15
1865.968,210.79,-1.13259647324649,-2.76585251400875,-0.267469542968377,-0.370361449415038,-1.50721848199481,0.31230177993881,-1.72150063142081,-0.743937034288527,-0.251599622050094,0.156242304191258,-0.267553239903597,0.224544661209397,-1.38777878078145e-15
1865.539,211.29,-0.454043760620156,-3.25516460804461,0.976587911193194,0.462529928821946,-2.49629246959438,0.118229438657608,-1.12713968026957,-0.838515399949121,-0.14163881518387,-0.316383812275002,-0.080030057047212,0.0679928428516395,1.83186799063151e-15
1865.089,211.79,-2.86216929300501,-2.50841499081032,0.262421701414504,0.126680683727089,-0.846169936875176,0.933889639984927,-1.60606332475176,-0.0813601653883168,-0.777772286366406,-0.263186679060415,-0.0901572485778138,-0.414966025542766,-1.45404521756376e-14
1864.697,212.29,-1.50961626381491,-2.00965893300401,0.539190751535455,0.149713143023973,-1.14628269843062,-0.00975378957316142,0.235916214656975,-0.08857365442021,-0.954637036945901,-0.102424121222116,0.301542150998045,-0.46504215397697,-7.41073868937292e-15
1864.347,212.79,0.603520329758971,-2.23153398503474,-0.484916568630113,-0.265376463774561,-1.06816978714229,0.103385390815168,-0.284003242731425,-0.12285761792268,-0.811376978202106,-0.0351492136864304,0.507389742850911,0.000331131709777907,-9.38832345198648e-15
1863.939,213.29,0.227105889546081,-1.94610662066554,-0.890973962575276,-0.266330967425209,-1.33281929011226,0.152134663389591,-1.43948570529032,0.238815568913046,-0.577804907229053,-0.447622490647354,0.00293834372401119,-0.074570024246482,-1.58206781009085e-15
1863.489,213.79,-0.93992782895382,-1.44917544199079,-0.0515992066362888,1.18158560909617,-1.04374622540149,0.37109389549897,-1.28796395798464,0.687628307626879,-0.0320150581236737,-0.688931547334241,-0.181826188824686,-0.408626068684853,1.57929225252929e-14
1863.039,214.29,-2.90755936563802,-1.01657960884025,1.16294424303034,2.82131898267742,-0.830071127699875,0.956161479677877,-0.00847077126350494,-0.0768767922271095,-0.330455725056029,-0.577142482477773,-0.222807061155374,-0.281165399106809,-4.95437024738976e-15
1862.589,214.79,-2.46292145331613,-0.986456505574549,-0.227626738287221,0.0632077368433613,-0.773411188742305,0.12151039565307,0.611520414154604,0.0948196612805952,-1.37640509102503,-0.227225280087286,0.374009737635398,-0.21929770198237,2.06779038336435e-15
1862.139,215.29,1.22389802889756,-2.22643565206727,-1.18400475946958,1.70727202143598,0.110106493016339,0.910269244495747,-0.500360248772175,-0.271651657277853,-0.86109180116301,-0.0230479687538115,0.342691381310084,-0.317496638363245,-1.30451205393456e-14
1861.689,215.79,0.20172539285536,-2.78204170452913,-0.658171399409197,0.180220306589754,-0.437414709245749,-0.485440261076292,-0.027307509067356,-0.785193126176005,-0.502770445617106,-0.240230938939445,-0.0251127160332382,0.272495407646392,-1.19348975147204e-14
1861.297,216.29,0.884952617809891,-2.61311077598641,-0.767687690721974,0.2787826949713,-0.513094515220815,0.543476482462616,-0.768019627756142,-0.0923583348101976,-0.37466748831036,-0.00246723657989363,0.0200088920863826,0.458291333490446,-1.05748743095546e-14
1860.947,216.79,-1.19313417697154,-2.10611284436503,0.363677532611537,0.482317978159084,-1.28951068723624,1.46386211096971,-1.73088555293098,-0.23916053610816,-0.214325752426732,-0.195225665257667,-0.384202555555917,-0.00160423955972467,-3.67761376907083e-16
1860.539,217.29,-0.710090052760708,-3.04956211047163,2.69705499761144,1.56046025625654,-1.82962542287085,1.5297255959543,-0.477198382102212,-0.407141555165689,-0.570760374672434,-0.409849274652948,0.211259285541748,0.343675427890724,-6.5294991635767e-15
1860.089,217.79,-4.90454786675417,-2.54423851469278,2.66014899176113,0.317074310084661,-1.93018235524965,2.5281424018301,-1.753175292717,-1.39544464936903,-1.38761508715624,0.0560186381668942,-0.175305259903375,-0.36692886811656,6.13398221105399e-15
1859.668,218.29,-4.02874122727742,-1.94663900353127,1.41427360828994,0.757184478201158,-0.864312369378921,1.82751925593255,-0.336835791699043,-0.733724608480753,-2.18570303755126,-0.389415832849511,0.128536559447148,-0.507068323433789,2.70478084374304e-14
1859.268,218.79,-2.12224094098518,-1.95228385028112,-0.247610852024508,-0.646850054540243,-0.909869823609203,0.0300143320051952,-0.612761473828361,-0.711028799991608,-1.48676955483595,0.438953456757296,-0.0671442128738632,-0.435884550621704,8.68749516769185e-15
1858.897,219.29,-0.861928165963765,-2.13326577995577,0.123197374450683,0.543743886439634,-2.06944208470172,-0.548785859677825,-0.440874557001461,-0.768692919495774,-0.569229982702217,0.286519091888863,-0.133643597112243,-0.058111802368384,-2.57016630200724e-14
1858.547,219.79,1.60476611648345,-2.28861458086465,0.239160793220992,1.07227589026954,-0.266460222257943,0.131383387303385,0.423403919077144,-0.0468264074696396,-0.772440284466563,-0.922974401343803,0.358046182721263,0.134417399873382,-2.69784194983913e-14
1858.168,220.29,0.0524543626023342,-2.4682486011769,-0.287376088490331,0.0205207179508677,-1.37174486001851,0.0367206575789454,-0.662328983198521,0.718454490122454,-0.569886218392011,-0.743070565310797,0.139651399893788,0.200386146268851,1.39471767468535e-14
1857.768,220.79,-0.421170626884278,-2.10408294524694,-0.887364317790443,-0.655069329168043,0.366716147325765,-0.701305927594395,0.0739976578755365,0.40144207610389,-0.310318570220133,-0.481200178004094,0.102981686707595,-0.307024962285697,-8.47238945667073e-15
1857.339,221.29,0.951467597991876,-2.91751637922112,-0.531446188957989,0.290122903271245,0.082586914934097,-0.171196679852069,0.536401286301858,-0.106252444442656,-0.362418752709518,0.0494248042189721,0.174678551841828,0.371627221351003,-7.66053886991358e-15
1856.889,221.79,0.269299707237003,-2.76489356425059,-0.706987094559244,-0.91231746020797,0.572657298005013,-0.820283932569595,-0.0770461839275758,-0.50727653021485,-0.379638606193959,-0.214761428321525,-0.168275065267977,0.0406548222683663,-1.89848137210902e-14
1856.497,222.29,-1.92505137881711,-3.39768028982691,0.193303050001162,-1.2877014777335,0.180208489107634,-0.70144811435211,-0.0304173446423432,-0.593905138236467,-0.81218743055863,-0.010930423887516,0.196754669258854,0.555039130433512,-1.67730412892197e-14
1856.147,222.79,-3.65466286676726,-2.59153667981535,1.12570423494874,-1.64138744492158,-0.352062162875159,-0.64614219659039,-1.11057986120027,0.397825583923384,-0.803973846679556,-0.124400366489517,0.0324468326735152,-0.100103465234374,1.72084568816899e-15
1855.768,223.29,-3.81541651580172,-2.61060075162606,2.22627735122588,1.02001902867528,-0.47864188749282,-0.151888607642165,-1.4381236568559,-0.44564310847231,-0.032457740610145,0.923735341133115,0.0714543770515728,0.287157174344969,1.346145417358e-15
1855.368,223.79,-6.6500610971634,-2.0270449595285,3.12543334463512,0.56935047606863,-1.93928574190841,-0.320641804864746,-1.50410919420435,-0.733814624607229,-0.0776302871832129,1.38946748688529,0.325009922211711,-0.00660463495502972,2.67563748934663e-14
1854.997,224.29,-4.49050173034007,-1.4092994506432,2.35425798140777,1.92095585634541,-1.31961893705639,-0.377170161744825,-0.553901800477588,0.332101013261229,-0.213617840514069,0.823234895390095,0.549231509038638,-0.154171100828371,4.9960036108132e-15
1854.647,224.79,-4.1427553017687,-1.15706258042288,1.59089967547023,0.511104909249399,-0.556795341127215,-1.18540626214938,-1.01949533906271,0.0408294530521328,0.607953550653047,-0.248740252419622,-0.025922207690845,-0.657132149520075,-8.38218383591993e-15
1854.297,225.29,-2.84602670912513,-1.37962933059598,1.01084766307532,0.407105012903935,-1.53920882396781,-1.62802956785985,-0.0916488010254053,0.489167255632978,0.191156611547136,-0.420679342845921,0.324308721537638,0.11471324360555,8.65973959207622e-15
1853.947,225.79,-1.53903053875088,-1.96156099013934,-0.394217536258945,0.635150744906648,-0.44613161779211,0.0338891762334047,-1.15441474945903,0.27283851458438,0.0378842829269321,-0.232431368315833,-0.258443968551336,-0.253246199793769,-3.62557206479153e-16
1853.597,226.29,0.825790366970565,-3.14819118007895,-0.327914462830914,0.0899083555984297,-0.065684446502583,-0.317151321071511,-0.261695709925164,-0.179313353190371,-0.0349989004392422,0.0797219858393021,-0.0300189134180297,0.138693900609272,-1.9373391779709e-14
1853.247,226.79,1.35200397328317,-2.68382305773534,-0.238556734511421,0.288115489621291,-0.344239697222767,-0.406582033924554,0.587732396862299,0.481897340468481,0.0257274696962382,-0.275375637604478,0.330195970689107,0.148028002734327,3.2612801348364e-15
1852.868,227.29,0.894172695967636,-2.89231485921401,-0.255182923059253,0.2589830458199,-1.3924792745512,-0.774188896655227,0.408762142643628,0.677709219565728,0.128364295436376,-0.111082338952962,0.193389663783801,-0.0894269398371172,1.25455201782643e-14
1852.468,227.79,0.767661379666562,-2.54616829501633,-0.438014282526104,-0.588562366735487,-0.503002632652857,-0.0777529876503077,0.671402813605154,0.107248777199758,-0.244645827284094,0.161970779981746,0.221586560842195,0.122393535770731,-2.0268509093313e-14
1852.01,228.29,0.051954846010046,-2.26673651723281,0.637990834124246,-1.41212153392903,0.0278640280816507,-0.134487750204791,0.443070196609092,0.726399466014094,-0.309079274307894,-0.555668793584668,0.146102050035852,0.162343971950786,-3.7695541132976e-15
1851.51,228.79,-1.62536775769418,-2.86077078735285,1.68558935142494,-1.18031056058354,0.899087987781803,0.738677988269677,0.216101240802577,0.464909481302823,-0.618899108585703,-0.528257904578862,-0.144625636972105,0.392298336602112,-8.90953977261688e-15
1851.068,229.29,-2.82045172945545,-1.69766430374757,1.66687645078249,-0.334045952826785,0.0346166206171265,0.458843752867956,-0.993585593421933,0.192874608412837,-0.090174162550137,0.457073472326022,-0.00264212790639478,0.21315932403162,2.69922972861991e-15
1850.668,229.79,-2.39666797331864,-1.15013778639074,2.41132213954827,1.97217293654568,0.371179942649112,0.878990134703543,-0.833655525108167,0.284292471953079,0.594364069301158,0.796973689363124,0.446528809746942,-0.573971430239999,-1.86517468137026e-14
1850.268,230.29,-2.72669588405359,-1.1715163085372,1.49588614755524,1.10432589937382,-1.14810060412511,-0.337032827469458,0.520348252359781,0.568044840778322,-0.478471695776812,-0.0787806363961873,0.545757499784307,-0.543132490023927,-1.72084568816899e-14
1849.868,230.79,-0.850752256162818,-1.71040703761677,1.27013201899603,-1.2640678092344,-1.23469586889644,-1.72890623355414,-0.366074630888871,0.392844133601852,0.0273628429969754,-0.835819650084656,0.304049652756862,-0.0126497572518523,2.07056594092592e-14
1849.468,231.29,-0.961231029017172,-1.24247545993837,0.800539338725033,0.00384365086574508,0.358443869741596,-0.347141463414625,-0.532471955550526,0.358869753395154,-0.181241044247358,-0.414913798977944,0.0353348367059444,0.181329224045592,-1.8103574195294e-14
1849.068,231.79,-2.88596027072609,-1.73139752180081,1.7029184965811,-0.448129506896652,0.440105468123314,-0.196992630760473,-0.48691625386758,-0.58057206212705,-0.52128785525463,0.519822888733646,0.133050996932921,0.26598097075746,1.37390099297363e-14
1848.726,232.29,-4.24901928613876,-0.907289858691084,2.14046715809749,-0.271162487447595,1.01760954011712,-0.536157972340103,-0.275146893327551,-0.520694740011195,-0.393704716978722,0.690534888580256,0.282311845887287,0.257388856603813,-1.26149091173033e-14
1848.426,232.79,-5.63427543141199,-0.761865290693415,2.88866605777313,-0.0650603596968264,1.26357091416672,-0.918610803812854,-0.173456588971589,0.0388184515769945,-0.175008173189378,0.505530971320625,0.70319894264902,0.0776340087360514,1.40026878980848e-14
1848.068,233.29,-6.01859188651838,0.267416968275369,1.53536038520451,-0.603011113720017,1.987458421592,-1.02348239834941,-0.265537522014272,-0.40567217547444,-0.435171602509279,-0.724366314905516,0.112865371658532,0.157704867114762,-4.82947015711943e-15
1847.668,233.79,-5.98306004105776,0.114862694817651,1.59994096611801,2.01067220075955,0.165296604813483,-0.832030867678546,-0.296616271546377,-0.953085488545099,0.413057803955811,0.211441296725226,-0.12271971444437,0.29447153123047,-1.52655665885959e-14
1847.268,234.29,-5.95256665989505,-0.284769920456375,1.38875885039803,0.238752461901201,0.726708369191408,-0.644736782147572,-0.345131542581179,-0.710340480762737,-0.200319215746056,0.299225143273083,-0.11066837804217,0.0151137276680287,-1.42941214420489e-14
1846.868,234.79,-4.14265505412311,-0.365987764952898,1.96490383430396,0.840015005134956,0.0658189144077771,-1.0577646793637,1.05401522411648,-0.996311394031056,-0.390888600165569,-0.595492547266994,0.0644105101287737,0.190834987733961,-2.21211937656562e-14
1846.439,235.29,-3.9729167221807,-0.10606590250667,1.44603986490238,0.707583536295316,-0.555694644627927,-0.565444698371363,-0.667898065824615,-0.366195608861672,0.0600908170981156,-0.3620476804679,-0.0833259497566978,0.205960935837832,-2.34257058195908e-14
1845.989,235.79,-4.7471739699104,-0.104319560400905,2.9137328066974,1.85498050528499,-1.4134829746582,1.41383581330235,-1.51345567794559,-0.441434890142331,-0.587230447734311,-0.656433366517669,-0.196849733305936,0.267088650992205,4.19109191795997e-15
1845.539,236.29,-3.90461528013489,0.0325408546153276,2.98895816338959,2.18089538094446,-0.771395943346582,1.97095732344932,0.549433584599786,0.0911581674742497,-1.66408845510277,-1.00242326637818,0.367996223102116,0.287127197444656,1.93022681171939e-14
1845.089,236.79,-2.67821716567812,-0.542828832506153,1.79307125604831,0.349786097559459,-1.17291493303353,-0.753281626197504,0.6302719870131,0.168426486984453,-0.550369565317157,-0.796765167615599,0.155726415151574,0.935814591948986,3.38618022510673e-15
1844.668,237.29,-1.83052949699751,-0.185952819904845,0.653560656610555,0.562175414981289,1.27053378783204,0.640711604595842,0.808023488523993,0.523888380556442,-0.993532514392521,-0.855723953056902,0.116729704843893,0.715081012635221,-1.82631687550838e-14
1844.268,237.79,-0.509652269526089,-1.04813045440568,-0.783596107877464,1.30842885884414,2.19927925679083,0.622110183130594,0.144977939270309,0.33295139140457,-0.536354920320064,-0.14373146799853,0.04292525169474,0.252398945027469,-1.19904086659517e-14
1843.868,238.29,-2.56465037478304,-1.74230161283415,-0.52479602067152,-0.443276871902577,0.296080548770135,-1.01794349481053,-1.18959323413094,-0.26897468122158,-0.0708587359663475,-0.01898932762539,-0.22483406771864,0.195038023541444,-2.04697370165263e-14
1843.468,238.79,-2.72868901381051,-2.4545272999284,1.22346741140835,0.633185927325868,-0.0186596214880836,-1.2071694175465,-1.35484545652681,-0.345881718162948,0.014792757822706,0.17239480050641,0.0130131415033487,0.277743833305066,-1.75692793646931e-14
1843.039,239.29,-3.38170038411175,-1.23692191042068,0.648358048558086,0.684757518129598,1.15324424191279,-0.0312962421575269,0.141383154355766,0.12669962313603,-1.12518337295514,0.578628339394649,0.470321536685312,-0.214976062588873,1.77635683940025e-15
1842.589,239.79,-1.74544093998399,-1.75880600586704,-0.639447036406686,-0.594599516780683,-0.151448015811446,-0.202756175922186,-1.18670393826914,-0.477960155016462,-0.962625858630949,0.343760953150824,0.109552933676867,0.142015264222013,1.46983120119515e-14
1842.168,240.29,-2.32132360830467,-2.10114823328317,0.220700417714615,0.472416703774275,-0.343441797348095,-1.01235802281648,-0.622028795716941,-0.369912003138011,-0.372415210194581,-0.270248476599035,-0.0895386324075514,0.142620584358767,1.4210854715202e-14
1841.768,240.79,-2.09167619666212,-1.7776691000436,-0.177821550389133,0.297606413850827,1.56664332864434,-0.843595319528166,-0.344182407585157,-0.135622836046885,-0.165620776362145,0.0967495384948884,0.32069163874147,0.0282613718056924,6.80011602582908e-15
1841.339,241.29,-0.726035864880703,-2.70040386313595,0.476992850937154,0.0288773610861848,0.79090091147782,-0.0560004280634746,0.163756552984283,-0.064814191870159,-0.588268432721882,-0.138572143590814,0.0875845865198073,0.261416641887073,-1.13797860024079e-14
1840.889,241.79,-0.154604682634979,-1.85298998111011,0.113536612779369,1.58972362161194,0.260780524568767,-0.546276251363445,1.20031485164698,-0.0701051069530028,-0.262502786817529,-0.311996003965512,0.170791840844336,0.116298765688478,1.96787031114809e-14
1840.468,242.29,0.471682183103405,-2.30306781891811,-1.81895561486751,0.369719892682735,0.808299233196677,-0.889648012844855,-0.962691273362479,-0.090322514738163,0.0919094267304455,0.0605873951592163,0.084199295940194,0.345923600044344,2.02615701994091e-14
1840.068,242.79,-0.565650213024699,-2.345118358966,-1.21890395457612,0.543677146125305,-0.907766351092499,-1.0600256287259,-0.301674788418806,0.341774387009752,-0.218933308355075,-0.377260944676835,0.150313919015246,0.127743921353334,8.1601392309949e-15
1839.668,243.29,0.40748522896477,-3.50048630628886,-1.05076537833482,0.535622857055162,0.584667156514866,-0.341433766498706,-0.0257645979367829,0.346373331042566,-0.395587780232576,-0.424808514789892,0.172576761207525,0.185525464097598,2.3259172365897e-14
1839.268,243.79,-0.163724465574137,-3.02562675196644,-0.674427577696622,0.069693826882158,0.196996544883178,-0.402557493014624,1.04549738941706,0.866220278431968,-0.67424376115707,-0.406801289547516,0.434452474158337,0.0237002262871316,-2.0566881531181e-14
1838.868,244.29,-0.231246235808156,-2.89166704808136,-0.112641803685143,-0.612178673776385,0.337838540961213,-0.541449201787494,0.451574492447869,0.423657845691903,-0.365317221092815,-0.124606692340469,0.163105974597192,0.238987508831127,3.34454686168328e-15
1838.468,244.79,-2.03351258537119,-1.9339249543727,0.182864617898994,-0.52799613302638,-0.12299983676055,-0.819946303537169,-0.535894814034468,-0.562642522461283,-0.19646162613287,0.421977082641635,-0.161155820778811,0.0451269127983494,-4.05231403988182e-15
1838.068,245.29,-2.72863502071302,-2.08109456897781,2.53311459495446,1.01386152436405,1.1316757825811,0.308485461016937,-1.11756824106171,-0.0508910097733784,0.0258424946910036,1.01473089900023,0.310924789935623,0.186505284768789,-1.43773881688958e-14
1837.668,245.79,-5.248205667007,-1.61701256115744,2.28327139696191,-0.103771260562526,0.401041117411601,-0.120713704069932,-0.403974226203684,-0.545111097168699,-1.14541239644663,0.398227949196145,0.315720464083296,-0.0027099673485053,-6.27276008913213e-15
1837.268,246.29,-4.92219403645574,-1.27600900164759,1.82437491960803,0.857907550082565,0.840142104870669,-1.17475439206523,0.412678752924649,0.181186291241478,-0.541624516850313,0.240769064218896,0.24098372835708,-0.0916996325984758,1.13936637902157e-14
1836.868,246.79,-3.36451723174349,-1.66662765093735,2.22095659056561,2.23304719957378,0.189125283742759,-1.27833606858785,-0.411832148399806,0.707021672352948,0.30257398766452,0.60726675768613,0.455275308055021,0.115006210870075,-1.19348975147204e-15
1836.439,247.29,-4.6921960393061,-1.65432072790847,1.43949983408618,-1.2245256815875,0.0793505383521913,-1.61185024523036,-0.812823955649762,0.309367629415877,-0.741121318468507,0.738795537870893,0.480739980872237,-0.188470182371247,-2.13717932240343e-14
1835.989,247.79,-2.45807896390543,-1.88704401452862,0.637811144902867,-0.478570427899496,0.726052454436624,-0.812556090690677,0.218455328623581,-0.241058793059992,-1.26046870934743,0.384652960240933,0.211210826989485,0.110669748657011,-1.68406955047828e-14
1835.597,248.29,-1.30636552741153,-2.65709688072081,1.03247514419093,-0.547270199459176,-0.624036029860926,-1.38643731919925,0.729264957425497,-0.60822914209944,-0.744700482648771,0.241475731729996,0.303457850218105,0.260414637002857,2.692290834716e-15
1835.247,248.79,-0.914381612230964,-2.58427171294813,0.524981437359594,-0.23242122155153,0.0354139405292477,-0.0942730399682762,-0.0160611906924276,0.0590076114585718,-0.838523179175253,-0.0990180961988116,-0.0152361607723679,0.450417019788338,2.19269047363468e-15
1834.868,249.29,-2.04176382336081,-2.27818866798244,0.178538361042198,-1.54749825474803,-0.592656136306969,-1.10188936498082,-0.698724299775611,0.625033609678977,-0.557542850990068,-0.0912711453340819,0.148913577211932,0.185269136998685,-1.87072579649339e-14
1834.468,249.79,0.0670054380767933,-2.46739768579028,0.332595441831932,0.399503720211441,-0.22884576372671,0.205843942944454,-0.231760479485085,0.704227287902176,-0.482096976870749,0.310138241756715,0.363055781916338,0.110925239190929,1.92623694772465e-14
1834.039,250.29,-0.382899636963488,-2.19651386293781,-0.699902787683663,0.119566674714432,1.16425253320754,0.545042577120535,-0.475896447381194,0.659352246572914,-0.53755943981799,0.0939206255992105,0.0678475881678509,0.161616544082433,2.83106871279415e-15
1833.589,250.79,-2.46875893728394,-2.23645363864586,-0.290861616381072,-0.757390003144429,0.421554783593947,-0.573405805794749,-0.572181118397853,0.899060585346966,-0.0189447723923711,0.493548975223964,0.0828859513227176,0.230381905998191,1.56836349463063e-14
1833.197,251.29,-2.37872326511817,-2.0188251206991,0.662502959032197,-0.0623885609292968,-0.143895109805982,-0.753587470085318,0.399186737688549,0.338500308048526,0.131902998643407,0.059287516042135,-0.157583498984958,0.0464172411014064,-1.54598556179053e-14
1832.847,251.79,-0.827690781289969,-2.4886794984499,1.37266744269883,-0.328576405323045,-1.2623339179864,-0.927183047511411,0.308268994956734,-0.259180274057167,0.505300090438903,0.353772502199339,0.237709450781235,0.149695076723857,-4.94049245958195e-15
1832.439,252.29,-0.89479971444882,-2.84019675384294,0.821261252627808,-1.06156310332482,0.171188342035091,-0.321881761305174,-0.17351982440838,0.78709090029224,-0.096989438916507,0.0930315523564476,0.354305842916558,0.370893076822203,-1.32558894416768e-14
1831.989,252.79,-3.16342097356793,-2.659252308588,0.543284021243616,-1.07503055826766,-0.600351536384222,-0.539441453547875,0.459189133215788,-0.258802418169404,-0.767918848446737,-0.323366244263361,-0.242864503465205,0.0692723439959303,-5.6621374255883e-15
1831.597,253.29,0.54545264890485,-3.00628933199502,-0.328381573440223,-0.581870717013287,-0.46546422951379,-1.171874820868,0.682128794536733,0.347384192240014,-0.448446144664147,-0.0445288388080982,0.221591481132183,0.0394181450991313,3.38618022510673e-15
1831.247,253.79,-0.00251060271040409,-3.81107659039557,-0.888229643507283,-0.333012295977281,-0.453635534320792,-0.479510905464841,-0.0754883266567244,-0.56894246600378,-0.443392438882728,0.222172796912651,-0.18356763560464,0.0834529700874833,1.26287869051112e-15
1830.868,254.29,-1.94892197253095,-3.60507101030066,-0.0815262468054733,-0.345300207103517,-1.29593688633561,-0.485910015403267,-0.670407887433248,0.0362407449509514,-0.476209660771362,-0.158934618148761,-0.287540685087421,0.169511170728344,-2.99760216648792e-15
1830.468,254.79,-1.10546349430576,-3.23948831512654,-0.107282924203295,-0.428854724305607,-0.426439530993686,-0.794782275522213,0.601270381323351,0.128324983800756,-0.573741993519194,-0.103890145214056,0.273737088444095,0.0415217744510897,-1.4960255256824e-14
1830.01,255.29,-0.967790348790246,-2.73272906893585,-0.63539199108026,-0.446871381547237,-0.072659441677135,-0.457657359709429,-0.227126469621464,0.480478734934623,-0.177315617245724,-0.00758279280578728,0.167009268214461,0.205234481342811,-1.4731271757995e-14
1829.51,255.79,-1.54305589458034,-2.76480181305351,-0.193549284878569,-1.19557294087186,-1.16564332815988,0.216600876821384,-0.626857603180143,0.554446079013589,-0.682989163108385,-0.602536669339794,0.0795141208254998,0.275715135391141,-5.6621374255883e-15
1829.068,256.29,-0.254249188506557,-3.01010133373873,-0.793478002798745,-0.0667577059421499,-0.408331333965495,-0.337867877671158,-0.346771108206683,0.957295034581224,-0.051294613988865,0.187667426378051,0.456898579068737,0.27687838901597,1.69655955950532e-15
1828.668,256.79,-0.511864613998749,-3.15727285837417,-0.429754913356882,-0.374726839645618,-0.653617203645621,-0.643230424473737,0.187566611358162,-0.239387833590821,-0.865325978331481,-0.310887125352817,0.240053086705563,0.263136524285812,1.34059430223488e-14
1828.297,257.29,-2.32183921912983,-2.64014555941061,0.441975031111601,-0.569695691070025,0.873936026624437,-0.119717846006422,0.16549453208887,0.655452914698413,-0.983076879553569,-0.103105730282116,0.304587690482755,0.10159119061997,-1.11022302462516e-14
1827.947,257.79,-3.47554588911843,-2.41147958902656,0.265952318752704,-0.982673982533715,0.776987063977321,-0.347566772191489,-0.282687651371886,-0.170345412991245,-1.19027093940057,0.239808754968709,-0.0423850455075439,0.105971663009924,-6.07847105982273e-15
1827.597,258.29,-3.19674666452896,-1.98982498586437,0.155383216846186,-0.448626478351905,0.867481497190077,-0.810604672587487,0.67816413112348,1.01418685703359,-0.727940362447949,-0.597994941078015,0.546508652826914,0.00641393334406014,1.30589983271534e-14
1827.247,258.79,-2.64023982543392,-1.97979711216038,-1.00594023448452,-1.14494643027441,0.475841348850862,-0.662860945353713,0.652241789698717,0.824083481214738,-1.02695146414223,-0.29526157118515,0.262837059473015,-0.0764532020286565,-1.08504785018004e-14
1826.839,259.29,-2.84546971650345,-2.23684691174765,-0.311216496155368,-1.69583838010226,0.330137754093463,-1.34164159863759,0.804716602550802,0.710420340525852,-0.78015181462701,-0.402089542941932,0.385036433047665,0.10253218735898,3.33066907387547e-15
1826.389,259.79,-4.56566524949582,-1.584864405814,-0.431683291081955,-1.11177494483217,1.44764754975916,0.730086994777962,-0.371731607370097,0.743223027916296,-1.24261188989941,-0.149180580481698,0.5053937801234,-0.188588470916209,-2.08166817117217e-14
1825.968,260.29,-5.48076540130977,-1.2013171071725,1.73298420379345,-1.61042311321964,0.348535663508119,0.671485665701764,-0.543003519468601,-0.588633562264481,-1.44639180524614,-0.913876590621864,0.283646273645674,-0.108824400613455,-9.89486270697171e-15
1825.568,260.79,-7.46407131224307,-0.0490206084847575,2.84922521638825,0.803485175074252,-0.448186500950237,2.78408271923716,-0.968416863147517,-1.47940681857651,-2.04074989823799,0.1721265417124,0.257954013143124,-0.310771056136452,4.89712437268253e-15
1825.11,261.29,-12.5113445826071,1.40862609066238,4.6395626102647,1.37174479870683,-2.55283137577673,4.2319645191871,-1.12017100682129,-1.93173776484348,-3.09541692672156,0.611017428683578,0.645055925043293,-1.00704815959427,-6.10622663543836e-16
1824.61,261.79,-10.4129768655807,2.34073465035975,4.85935795081342,2.44596143326668,-1.62693414869975,2.46378286254188,1.54321592975561,-1.02682356093626,-2.61684933635768,0.837087351402516,1.22153001470635,-0.926147558627242,8.54871728961371e-15
1824.139,262.29,-10.3721259070132,1.39741203811796,4.31950801415152,0.384643858483417,-0.172419448539066,2.55125896493838,-1.23257439530489,-0.852412480983192,-2.07293985935494,-0.153619829959715,0.788112954266655,-0.443844342557805,2.21767049168875e-14
1823.689,262.79,-6.3351460102489,0.308245532130048,1.4760931113762,0.381007870574921,-0.19684305330425,0.0859596022030947,0.255171151391329,-0.72176875148799,-0.98802922715967,0.0967125223884311,0.473302068409772,0.0309907610391649,-4.66293670342566e-15
1823.239,263.29,-6.15542488159856,-0.971004857628705,3.17488592146587,2.07307059926106,-0.626716339827323,-0.271852028162961,-2.26536739613733,-0.482363460596503,0.652168246691922,0.619756305572827,0.231782409609837,0.142180591569412,1.30451205393456e-14
1822.789,263.79,-6.02938964422186,-0.0195156957818377,1.62701440677851,1.20775202711104,1.57919031466374,0.294245301126116,-1.10957697909726,0.0577411376150216,-0.50787684250144,1.20254047300515,0.7043792452678,-0.236110375505761,1.78468351208494e-14
1822.368,264.29,-4.11909323786297,-0.715317326938888,0.803162065953528,0.26715906363503,1.09373402013087,-0.148442108630858,0.391458399033371,-0.269193647688679,-0.87835017704237,0.354607180373712,0.645099877003626,0.0666946705475118,1.42802436542411e-14
1821.968,264.79,-4.06837070171359,-0.461910879725219,0.554494578364888,-0.109693735344107,0.63604444114464,-0.448565383458844,0.28806043314018,0.319439409485194,-0.811394064122513,-0.202259879560211,0.210605809070711,-0.0317113852901846,-1.8172963134333e-14
1821.568,265.29,-0.885033096528098,-1.60508926965068,-0.298406903371641,1.62371196124193,1.99077733576156,0.605855386115974,0.342877702124387,0.110395349698056,-0.0433071124973779,0.756402942328991,0.378557510736947,0.0221896090101095,5.6621374255883e-15
1821.168,265.79,-0.476167893239243,-2.28445943586156,-0.564632837840978,-0.77330320841539,0.97889897171997,-0.442594719354184,0.481999281135483,-0.827362078430392,-0.317507205076627,0.77114560449777,0.0553822259166735,0.310829901564102,2.85882428840978e-15
1820.739,266.29,-1.00084328192045,-1.89416845967486,-0.458577400191999,0.22677273368042,0.411166386484297,0.579758315889335,-0.456512083717714,0.71574518475244,-0.268948421462315,0.48953117598693,0.0202215254314991,0.378904976877201,1.85407245112401e-14
1820.289,266.79,-0.530872917684727,-2.13000204560799,0.452273007086888,0.169766847178496,-0.479724734210336,-0.199928739887335,0.405027456614099,0.558924210090012,-0.336613850039047,-0.0205126049599817,0.398242262769764,0.348241067347072,-2.38281616660174e-14
1819.868,267.29,-1.38802924186722,-2.43351401747085,1.17816472845098,0.737951423992382,-0.96040076433041,-0.0258630475472693,-0.24035464564059,0.299027703937128,-0.0749449953712473,0.150706104086762,0.24258994259995,0.249524073387384,1.04222186436687e-14
1819.468,267.79,-2.48268311066433,-1.51645810203048,0.524288031368251,-0.686172664541503,-0.519496886851849,-0.897976828732586,0.387107224018766,0.378480955198946,-0.730867287238904,0.0392429553859152,0.258576580449207,-0.0115455388281088,-1.46826995006677e-14
1819.068,268.29,-2.8244922112044,-1.52337178121872,0.279835516997036,-0.911255211071381,0.356852201822703,0.167750520612337,-0.405188294671471,-0.207658586266556,-0.986947234401777,-0.279044164778111,-0.345990064856333,0.516874053797538,-7.2927774930065e-15
1818.668,268.79,-2.54563019780349,-1.03101882115731,0.668786874794531,1.1107707411201,0.617574003962131,0.514752480083499,-0.636673771606967,0.207088763690772,-0.259881112215587,-0.0178504574762034,0.0432430902797431,0.241141475366105,8.02136135291676e-15
1818.297,269.29,-2.9566073332893,-1.1698519563387,0.245858293354223,0.996977681656882,0.29931613711285,0.048377744826642,0.0749053601793371,-0.0264590249580899,-0.897576995364248,0.408336628297794,0.188589207701693,0.0993423570480705,-1.8776646903973e-14
1817.947,269.79,-1.59278859857563,-2.1049757230598,-0.164574409511797,0.60117219356627,0.0342407053675107,-0.110637930855155,0.233290379131077,-0.738146913716655,-0.797802878984609,0.349593057897989,-0.129287484542097,0.0242975804729159,-1.42524880786254e-14
1817.539,270.29,-0.459385232222532,-2.0914784333381,-0.342913263595144,0.0545051181629418,0.51844269786182,-0.557871103788233,0.472082131431227,-0.238899219629522,-0.617626172869046,-0.124249633577243,-0.0211672477088813,0.0950308679498299,1.77635683940025e-15
1817.089,270.79,-1.34362653146969,-1.95870792044256,-1.49881294820162,0.443405574388681,1.43238903061837,-0.423345685071496,0.0263987536397839,0.694294778283551,-0.567351260105091,0.0529598036820416,0.0598112972140877,0.169796780323206,4.44089209850063e-15
1816.639,271.29,-1.08139538460419,-2.4464011604837,-0.759651787500811,1.08576102895242,-0.715258266560292,-1.17759152515116,0.788258478586061,0.401018967162624,-0.235933174559615,0.23034947920455,0.130407709710663,0.203315210291818,5.8564264548977e-15
1816.189,271.79,-2.05688177536005,-2.13761118916215,-1.08473979910227,0.0548276399102004,0.829046508786246,-0.135250536107665,-0.31886420011119,0.246889339224015,-0.334990521961336,0.0179542225248765,-0.0506694751543644,0.107192795737135,1.95121696577871e-14
1815.768,272.29,-2.39048153389294,-2.25455588068972,-1.87231419443423,-1.39642710301813,0.531735175876656,-1.22747139466973,-0.678971398880749,0.838756318298464,-0.732432376426259,0.108946092554924,0.286331460722721,0.0212181433207313,4.08006961549745e-15
1815.368,272.79,-2.08202201895761,-2.46977057914503,-1.56068004776516,-0.794721682513512,0.124344982015642,-0.332754659099608,-0.799176717740592,0.0916444341453346,-1.1430387518347,-0.517933584200511,-0.128132430413604,0.416912353966006,-1.9373391779709e-14
1814.939,273.29,-1.58746803293407,-3.1652468386184,0.690853855293933,-1.13913158956433,-0.157313261324303,-0.681938267652319,-1.93607057091465,-0.649625829950185,-0.298646516439594,-0.192219742331111,0.150085764342094,0.340829369272903,-3.83026943495679e-15
1814.489,273.79,-4.41289807873042,-2.53139444399809,3.70563139086436,1.9405766289923,-1.46451992737521,-0.0306265055911977,-1.58673952115231,0.830217920920413,-0.392362432312772,-0.367347624833287,0.59364043373872,0.0595619772113244,-5.82867087928207e-15
1814.068,274.29,-4.31062665292876,-1.59801665626085,2.92708212595226,0.0339968551046789,0.871540361005575,0.771678291978981,-2.04665431818202,0.658841675954409,-0.722054216969011,-0.79532954373675,0.59014681090833,-0.04315949436498,2.75196532228961e-14
1813.668,274.79,-5.35505400308714,-1.45171273191992,2.08944650102626,-0.147811421517409,-0.358593536416613,-0.189853664962089,-1.21652724902728,-0.55632380452538,-0.412526382966162,-0.0037960500047711,0.105642217602734,0.035591770089547,-2.55351295663786e-15
1813.239,275.29,-5.48459670495671,0.838534603717978,0.731323732722767,1.26400786880446,1.10880635231362,-0.0594852876245631,-0.292281490364818,0.60650189685429,-0.501879117816215,0.225272265826673,0.270856224100198,0.159570741919606,-2.08860706507608e-15
1812.789,275.79,-4.1714675495583,0.646714333597616,0.697200605209949,0.820039552579443,0.822154471120945,-1.10364418094255,-0.201275103812727,-0.169930891163829,0.319066945120786,0.197233539466715,-0.0379483806097872,-0.0171835473012343,6.93889390390723e-15
1812.31,276.29,-3.13713830691433,0.10307248832569,-0.0576048957635442,0.184239512746664,0.263539752598407,-1.27582230134688,-0.0362818767931779,-0.0673563782278539,0.0999178328776605,0.456998706137329,-0.0521128024246625,-0.525962159301091,2.39530617562878e-14
1811.81,276.79,-1.76923373175625,-1.40720693908133,-0.538924576559732,-0.341791767724241,2.1950922488795,0.364918128697951,0.0606047046890872,-0.469643297609955,-0.62540235090843,0.588853323125389,0.222622167317473,0.332019729430535,-7.88258347483861e-15
1811.368,277.29,-2.17273474674932,-1.91507577240631,0.509666904154143,0.927611108089207,0.186253082283388,-1.02508681224181,0.216704256446749,0.0991724643920239,-0.194932186110907,0.913171863388332,0.272816083964447,0.389734856382555,-2.0643209364124e-15
1810.968,277.79,-5.08628637869372,-1.38629467245887,0.997040427509977,0.551449022973537,0.990044461036976,-0.855366985653581,-0.17570045823348,-0.314356465439476,-0.610408537495032,1.59984635360972,0.457644446544443,-0.200308091189499,1.91817048356135e-14
1810.539,278.29,-5.10694858684741,-2.10272069110156,0.839589551465859,0.516708436656017,0.297693619251729,0.111481269454468,-1.4418953580264,-0.0681574428852146,-0.573129177184664,0.614996012327625,-0.216359913471781,-0.053922987487744,4.97692165257746e-15
1810.089,278.79,-3.61779142883787,-1.67486941290744,0.185790261926099,0.555166485768681,0.166709904785256,-0.622150922626326,0.139125378808946,0.986126720337851,-0.764085325416158,0.0302679493398141,0.16105868235171,0.469601905906658,1.68198788230711e-14
1809.668,279.29,-2.66995995971892,-1.30613021267593,0.359974175404096,-0.463861028297817,0.860794492815262,0.013539570763423,0.0918303767413674,-0.0161093889593121,0.221994106881709,-0.081151215349495,0.374113945769448,0.431479494955945,-1.03805852802452e-14
1809.268,279.79,-2.98900577281751,-1.49079440758042,0.372846099481698,-0.256656192844483,0.614159993838736,0.315569682645556,-0.307773597080045,0.175584648539098,0.595887492877515,0.100501256903496,0.206216863952267,-0.0382790227233892,-1.35308431126191e-15
1808.868,280.29,-3.57243898514033,-1.796269028466,0.594655416091674,0.442219789553331,-0.069135261379789,0.173633599229037,0.859816955349512,0.284429206974901,-0.108014944659829,0.00179312516369993,0.15156871326329,0.0938577704925714,2.62984078958084e-15
1808.468,280.79,-3.46490828893237,-2.09553402627935,0.9069007903405,0.204417395133681,-0.282070742541903,-1.02567831630163,0.124782629840297,0.853037744417766,0.51267153070866,0.235479784903649,0.243581921120127,0.0456465994165075,6.96664947952286e-15
1808.068,281.29,-4.1363980907227,-3.43472407679011,1.31826873973875,1.18655061905241,1.1849795215138,0.707617548976367,-1.73561886539876,0.112603835852244,0.266487425438118,0.456641620022925,-0.2453010814425,0.09694041992426,1.31561428418081e-14
1807.668,281.79,-3.81385481937222,-2.95373985355277,1.38926664075484,1.19073177078101,0.751116634871483,-1.18551246185663,0.60131482296394,0.603191125351139,0.421627806873635,0.763755582358064,0.463138058264337,0.103291987787761,1.78676518025611e-14
1807.297,282.29,-3.76693004824332,-2.99516785088632,1.0149175877271,0.0381329484933435,0.0442046665216371,-1.04514532161053,-0.0159736671483654,-0.30888894174213,0.194603190266955,-0.200183680535859,-0.0233447935573972,0.114203508745636,1.34336985979644e-14
1806.947,282.79,-2.42141619847973,-2.64255862817331,0.0516482692821642,-1.19172775174917,1.07980193955101,-1.11276949070805,-0.0148664208749301,0.386294926129229,0.124264736784006,-0.0207028721863662,0.147800786674594,0.217768458143271,-1.50990331349021e-14
1806.597,283.29,-2.65184034342805,-2.58327164633655,0.884042974432757,-0.530877572758826,0.334320621797401,-1.00305599330483,0.263655909078514,0.419563771206369,0.372024445130633,-0.229147417157808,-0.062720255671591,0.355092784075002,6.80011602582908e-16
1806.247,283.79,-2.19808152671005,-2.28238642223829,0.977913150684876,-0.0843224573607144,0.212032511642673,-1.67410604156679,0.879286725723425,1.08334999239255,0.449698973805105,-0.284573787091604,0.229883270112934,0.313422035406564,7.18869408444789e-15
1805.81,284.29,-2.76524561239697,-2.27746242459993,0.723397643856799,-1.02508433288581,0.993303822428028,-0.894747869135063,-0.0538778437284603,0.316472439536,0.0182323283701357,-0.147649807286868,0.11170192558386,0.375441072889848,-1.62812471837803e-14
1805.31,284.79,-4.09254799470238,-2.14720752185889,0.77844623785743,-0.781706192793243,0.392063112327641,-1.15031977661499,-0.0704965306448716,-0.654490843846952,-0.188903130337367,0.337531529802813,-0.0238537713709779,-0.0472539377841861,6.24500451351651e-15
1804.868,285.29,-5.3474349963611,-2.0130670623956,2.16721935424027,-0.337905731742506,1.25721348165717,-1.55572820527115,-0.0170915308368068,0.327548747958209,-0.353545770121197,0.410577893515447,0.369404719516294,0.25324196435361,1.24067423001861e-14
1804.468,285.79,-6.01458461673399,-1.33881447814945,2.34678404290108,0.998024309338157,1.12734210822738,-0.285615916878024,-0.0896983013663467,0.109758559155069,0.0160715101874549,0.811722725991215,0.482390936164522,0.129397221873062,-4.93355356567804e-15
1804.068,286.29,-4.38237120791006,-1.04240816653245,1.74198672924392,0.147401732543615,0.442640501883831,-0.73280318922049,-0.088620175616182,0.184685460235511,0.93192815804722,0.368883619783442,0.38130615779097,0.393565009894881,-3.85802501057242e-15
1803.668,286.79,-4.68528358268152,-1.37488108860337,0.982660622539139,0.327261900438274,0.646217400795868,-0.823924575008087,-0.0623329016280028,0.994576094538996,0.0757497609303559,-0.166088886968128,0.315137750993236,0.324260130985705,-1.60982338570648e-14
1803.326,287.29,-3.90018100061617,-1.32714438311147,0.206708938204698,-0.513781317213069,0.737924738582831,-1.41732682245601,0.874799821630297,-0.0634219381451832,-0.270880800359292,-0.263394287324046,-0.0268643536657689,-0.00209431891685327,-7.02216063075412e-15
1803.026,287.79,-4.1037247697267,-2.2370253024231,0.650941072973991,0.0117852894551517,0.212386588476312,-0.461023853144812,-0.984660885137992,0.247797799968546,0.154447837463443,0.19589365371545,-0.193667121468151,0.422728174769592,-1.42247325030098e-14
1802.668,288.29,-4.75592934983203,-1.66626745687779,0.638184675840512,1.00407531837631,0.0133105641195361,-0.856133564354064,-0.199483221484879,1.16602796739281,-0.139371161670939,0.386487663979169,-0.0718261009488451,-0.0639718041081754,-1.55431223447522e-15
1802.268,288.79,-3.03572152755896,-1.8066221442679,-0.140542000833151,2.97863273957973,0.676797688260468,-1.25196748336361,1.75315275855047,0.0966261233850863,0.234268119502047,1.0986455804127,0.031174868711478,-0.220960747125386,1.65423230669148e-14
1801.839,289.29,-4.20051524966447,-1.01378111078247,-1.09414743001497,-0.942542296795922,0.660396993830999,-1.0487304836884,0.325067470715919,0.959821809182957,-0.518429631097803,0.144753383221328,0.0915504305302084,0.233814617500711,5.20417042793042e-15
1801.389,289.79,-3.20059687341228,-1.32772415164206,-0.680319909619538,0.530927940023387,0.874073846684483,-0.207209724806982,-0.0446596000642994,0.460731498790121,0.00531138195634374,-0.0363255861727708,-0.254945668949945,-0.0493883611924055,7.41073868937292e-15
1801.026,290.29,-2.62459307647739,-1.39413553294105,-0.0848453419509296,0.191406206155965,0.316924545621274,-0.807675506015281,0.425515657409317,0.293631963762217,0.284642503861271,0.415230297434003,0.176648166025076,0.300685240025828,-7.71605002114484e-15
1800.726,290.79,-3.31405001668273,-1.06088362713071,-0.106049086084085,0.548640797259296,-0.666064240287342,-0.790742548346417,-0.135194200152557,-0.21602096664421,0.240190616733022,0.483616440626809,-0.113957732383403,0.21204313775658,1.3239409568655e-14
1800.368,291.29,-1.44116072610295,-1.21349615230221,-0.0862600417304807,1.30560332142042,0.410102734687397,-0.0190308940459941,0.568255248206961,0.535471786454497,-0.0184035546602922,-0.475081576300562,-0.0385583901169667,0.441022561570468,4.9960036108132e-15
1799.968,291.79,-1.91153740699267,-0.929778368975655,-0.448712964206742,0.516705954004577,1.24465668536012,-0.382596749080754,-0.340819625159144,1.03941608748603,0.38694128542349,-0.0221608840928766,-0.103214877999348,0.308961792183336,-4.05231403988182e-15
1799.568,292.29,-3.05461564837082,-0.892996219652047,-0.941692918895482,-0.00809653233392757,0.615047871996477,-0.805184249384812,0.905753995568614,0.985259016216172,-0.173908708958291,0.0829561204837618,0.0516536816411832,0.1309220414078,6.357761539455e-15
1799.168,292.79,-2.68457785315537,-1.54243860097601,-0.205457033845041,-0.963625064749216,-1.04038743307112,-1.02061197687052,0.586729774603594,-0.0430962676244252,0.0761578531816852,-0.206811391727667,-0.473718565400452,0.633586003095087,8.99280649946377e-15
1798.739,293.29,-1.08944697825364,-1.72298249080999,-0.215975850208395,-0.33330001911959,-0.661384583565958,-0.333882468004432,0.756025542430365,1.13005259634458,0.00538359930042703,-0.305400247722543,-0.0496381546540618,0.521553456649412,-9.57567358739198e-15
1798.289,293.79,-1.50871128117839,-1.70078816399426,-0.714094469364679,-1.27584500741418,0.539040203860407,-0.119809691991582,-0.193683641310538,0.369988074677047,0.0759596322689787,-0.132628751564355,-0.238049946469534,0.820872305432881,-2.10248485288389e-15
1797.839,294.29,-2.23609459996502,-0.789281994580531,0.915584721827322,-0.690511430143351,-0.345977573029996,-0.196056718352044,-0.669885938586529,-0.389727714646776,0.0843559985525623,-0.201836205699983,-0.146246639972421,0.423714335119922,1.7874590696465e-14
1797.389,294.79,-2.60976777700135,0.188026875284108,3.26240379200368,0.191880589235401,-0.251364226802942,-0.0963040926822424,-2.15733907823774,0.412353829069488,0.276878410570735,-0.203912080610351,0.215556022798235,0.538970654953422,8.82627304576999e-15
1796.939,295.29,-5.88111578162348,2.8175820224303,3.75258793043424,2.37706653893248,-0.545795500653496,1.50479186083009,-2.61643986568861,0.466604304778495,-0.318507057631862,2.10303829504783,0.535974194016418,-0.402369076819119,-1.53765888910584e-14
1796.489,295.79,-5.00461778811771,2.70307919601214,3.99460557195537,1.98645089320088,0.226657657606408,1.248279264815,-2.47628071987427,0.671312882276684,0.0468419536751101,0.192736200629302,0.641149404797245,0.36450916577151,1.13797860024079e-14
1796.097,296.29,-4.04363103483089,1.71207365560382,1.09541530925557,1.73098721767858,-0.108436612024468,0.0811369485416976,-0.327463165067291,-0.72728641602964,-0.369078692464176,1.17045185713062,-0.038723992575544,0.627394778408373,1.94289029309402e-15
1795.747,296.79,-5.14013802687979,1.30346234137391,1.90061710041082,1.53911656411835,-0.616095513172035,-0.566317182511847,-0.756303492044581,0.15676372681982,0.532772000367152,0.903744708376128,-0.0512544175110588,-0.0736642275749922,1.52655665885959e-14
1795.31,297.29,-2.81351059395703,0.0329388951514651,1.36568272388153,0.235083505586021,-0.429242940740649,-1.05502481699907,-0.171680049406623,0.0876241268243046,0.170955868476232,0.0708338504621951,0.111569690349267,0.5229598441639,1.66533453693773e-16
1794.81,297.79,-2.11773974356459,0.137177590129539,0.776356434938153,0.135319052142765,0.59370495728315,-0.400547876872034,-0.371540066345421,0.794560415817554,0.236744332011444,0.206052680050395,-0.0591691587476772,0.648074301484179,9.33281230075522e-15
1794.339,298.29,-3.92668520510816,2.17222662159527,-0.0303314906466585,2.23579879438431,0.966846571722153,-0.517124180461871,-0.314143033588415,-0.363810616028404,0.979218409856351,-0.127360786871958,-0.156612102783911,-0.144847633592815,-1.11612108444348e-14
1793.889,298.79,-4.45873171634953,1.34315024235937,-0.330349913647498,1.18168834469182,1.04661729615325,-1.32486750271833,0.765013740891861,-0.82920922913003,0.432120533991271,1.49250425679579,0.154474169388284,0.366225834963869,5.38458166943201e-15
1793.439,299.29,-3.37459297326769,1.05972354251323,0.373166566988659,1.43710400033433,1.35457207316113,-1.07461876332489,0.398301747820765,-0.115720598019298,0.67173941859923,0.353947111616408,0.0545459997413869,0.480870678440651,-1.94080862492285e-14
1792.989,299.79,-4.36488890789297,-0.882905380448709,1.55074655518984,2.19926833515821,0.494392296804783,0.136882499277192,-0.55749075302848,0.932292188881724,0.30597393101479,0.408104270715673,-0.0467565528808843,0.375964227379974,1.36279876272738e-14
1792.597,300.29,-4.39334578212203,-0.532972533904578,0.506850788068127,0.609370678330348,0.604639581165081,-1.41719771857326,0.16578617203267,0.35389984880132,0.227840834059193,0.369736700385242,-0.256138980644502,-0.115111910420002,1.22124532708767e-15
1792.247,300.79,-3.04244320022498,-1.72483219699042,0.708470686891893,0.761569390426501,0.4525596248734,-0.501515375693592,0.116572670337425,0.159073694400791,0.191872101521938,0.231499330735243,-0.357309216483502,0.226991819433736,-1.11872316965744e-14
1791.868,301.29,-3.279613268313,-1.92138856272577,0.606110065618259,-0.434637223047825,-0.144842852080658,-0.749636852911427,-0.824755092269711,-0.225865236292074,0.653830593350508,0.204814550109576,-0.421355183447297,-0.131756532982368,6.74460487459783e-15
1791.468,301.79,-3.76972634261029,-0.967826493320664,1.16557439242517,0.988958766255688,0.98911496290423,-0.204295850642771,-0.0854637379192953,0.948984373787011,0.350974148494689,0.233299017817403,0.0130371790050495,0.222869412672266,1.02834407655905e-14
1791.097,302.29,-5.39422558537953,-0.758817563572029,1.80821867722695,-0.184413057434874,0.769356984064119,-0.985002601496055,-0.0733535389498947,0.816334516150196,0.242813317598079,0.109022441292504,-0.030726875664879,0.0142426705760496,1.32949207198862e-14
1790.747,302.79,-2.79604487036376,-1.3218590820905,1.00786549835247,-1.29351138639459,0.35228658064029,-0.695729940686854,0.713473665447645,0.504440549362896,0.0315834093489383,0.439315819525033,0.329968138745087,-0.185271959377634,1.57374113740616e-14
1790.368,303.29,-2.83411687414879,-1.46256560407959,0.669880605920879,0.311603371411508,-0.54724625669746,-0.715728251079207,0.520275203104026,0.741276437603786,0.423399700994029,0.557067933430054,0.282660037354016,-0.11160301341045,-1.62370117351429e-14
1789.968,303.79,-2.43686853651149,-2.28236518995443,0.922132390522534,0.869556605998759,-0.462007453800558,-0.895054334099047,0.307099902398188,-0.0571123734050882,0.642662338262814,0.705358908680078,0.0451407401849057,-0.0396955079301731,1.48214773787458e-14
1789.597,304.29,-2.93394454756993,-1.70761960287606,0.756344284163574,0.76719782114309,0.527542652728976,0.231034805700035,0.688178198571848,0.521736573312237,-0.236614107270221,0.0165908361267397,0.0504243454887999,-0.158497911515506,2.1163626406917e-14
1789.247,304.79,-2.18750138500525,-2.06741255110108,0.999179921929874,0.95765424451384,0.0540083806506101,-0.740433090993881,1.08359558621694,0.64369427405566,0.407478292108051,0.477760324201802,0.367831847207224,0.164025819598961,1.45508605164935e-14
1788.868,305.29,-2.45024424086431,-1.34530044936003,0.464270899419038,1.20029018010027,-0.0530502950417009,-0.606361968761714,0.258712846045535,0.61646817861038,0.761282644792241,0.525540502190881,0.16284764671936,-0.0987645975122483,1.08385522779031e-14
1788.468,305.79,-2.91922427808986,-1.65791657567724,-0.0418080665301388,0.0150212509432577,0.00821665529372295,-0.0112038897023867,0.425105968159629,0.344905383960913,-0.466646925738986,0.176949345669992,-0.0384297852793814,0.191191187236658,-7.28236915215064e-15
1788.097,306.29,-3.06822741127977,-1.52483807341828,0.181256569104031,0.306278136709425,0.697048136279525,-0.514082300623327,0.0919360065091466,0.146465194856027,0.249472068548589,0.101029179828559,-0.350944223455224,0.0546466807968762,1.87280746466456e-14
1787.747,306.79,-3.80034528407519,-0.674213052757671,-0.491173781249145,-0.154502393844688,2.811100189546,-0.394292445130781,0.87602304833662,1.0858917216215,-0.181440433478359,0.272368526649167,0.0881408223940431,-0.208130077220575,8.77076189453874e-15
1787.397,307.29,-4.73442448730434,-1.79443713714584,0.23419142141364,-0.0966136952895163,0.906276057861394,-0.793386005779183,-0.213219028154662,0.400134253893858,0.422422629798236,0.368104440411013,-0.431474295731819,-0.129019745986137,-3.68455266297474e-15
1787.047,307.79,-5.27419431420403,-1.28859407223854,-0.115407201447982,-0.859526695325529,0.662628191006836,-0.72124351270794,0.777739441957194,0.214193281483088,-0.140413842258736,-0.105259207797086,-0.113642395842142,0.0792409876531982,-5.82867087928207e-16
1786.668,308.29,-3.79410870076365,-1.36533032693043,-0.965252075018836,-0.260655282827858,1.6797935848996,0.991377303325304,0.249651150027769,0.280063948253288,-0.504905486267869,0.253567115628927,-0.122389801331339,0.456605327441549,-5.93969318174459e-15
1786.268,308.79,-4.04176818815905,-1.23541106670307,0.658542656600334,-0.34879599964734,-0.527427214457537,-0.297872574950562,-0.0731788102998974,-0.364919508706004,0.139313737413077,0.600019992615152,0.0206582189956282,0.497535824378036,3.85802501057242e-15
1785.868,309.29,-6.16113780113909,0.0757420718552749,0.809824865387939,0.740406349292585,1.0737348893937,0.201465567682494,-1.03551911410793,0.480032871696154,-0.242062172943217,1.56826990296414,0.316457697316744,0.0910996807986831,1.11091691401555e-14
1785.468,309.79,-8.20301156410247,0.973530963979579,2.02982436540377,2.54258493951982,-0.740407227267934,-0.330980198483127,-0.820172917610827,-0.0596493677440407,0.337516935428932,2.34151549971675,0.372800495296948,-0.122060101126536,-1.66533453693773e-14
1785.039,310.29,-5.73866478533407,0.355135594936472,1.20082563613706,0.397885869263792,-0.0780621047697224,0.338842108020277,-1.06229681513888,0.536193975517641,-0.359390256152011,0.261989893909933,0.132220506071076,0.155799621014219,-1.03528297046296e-14
1784.589,310.79,-3.78652368300723,-0.635807772533383,1.20935855554533,0.588789694812902,-0.0948549654650504,0.00333860712907091,-1.37756327708503,0.397890766043321,0.204672852773232,0.0563926624451569,0.268238099252257,-0.049787246018864,-7.66053886991358e-15
1784.139,311.29,-4.53573891785199,-0.55466062208683,0.506700709727628,1.30960725542673,1.38290638417203,0.816801732367602,-0.768170954366793,0.136447277753631,-0.319950832280353,0.832845891718853,-0.020551376558982,0.0503122364528462,-8.32667268468867e-16
1783.689,311.79,-3.50969795777898,-0.458301093262176,0.840267871846378,0.353151688830534,0.52785247796167,-0.279546197830567,-0.373886922980562,0.339572278846136,0.0281238390414678,-0.170941416735762,-0.155664047436681,0.392118825293815,2.25444662937946e-14
1783.297,312.29,-4.14113313451208,-0.397336741310723,-0.481153650292351,0.319681735161641,0.671225795350848,0.152000881264251,-0.261665371899885,0.826079781371127,-0.40906693811728,0.43553796542962,-0.289172068413665,0.346739807249103,-5.55805401702969e-15
1782.947,312.79,-2.74480215405836,-0.630866218368176,0.686304138609143,0.280071582629989,0.159471980222675,-0.947947098306469,1.15801154224338,-0.252404360425331,0.0681468072006561,-0.0319021036157006,-0.342299932082184,0.286624950322633,4.19109191795997e-15
1782.539,313.29,-3.7586256449384,0.601226192372334,-0.715115055414997,0.942760984456282,0.778371366556319,-0.421262534144062,0.827440464394524,0.813713293771154,-0.0510609352506712,-0.00611410151572648,-0.233481417109262,-0.202762189035381,-6.00561267383171e-15
1782.089,313.79,-3.4216772693072,-0.433480372066505,-0.591979647765735,1.49173989267793,-0.0112070229982243,-0.783254314714591,0.487075842279021,0.649480618436152,0.315807540674971,0.483499102153914,-0.348850340054453,0.0356502466982137,-9.47852907273727e-15
1781.668,314.29,-3.70585062410029,-0.872283193923959,-0.469422118341134,0.325092697178476,-0.916057014376106,-1.19943102643362,0.307965796574873,0.106072656744076,-0.0502173376544248,0.00142849157281094,-0.280236817368095,-0.0689585635465312,-1.35447209004269e-14
1781.268,314.79,-3.0486281037694,-1.00820257776304,-1.37974055612899,0.351670015668042,0.847359670882607,-0.660323714473365,-0.146141383938251,0.132548610984654,-0.400960277411674,0.258174101853358,-0.378696604087731,0.0603353869678838,1.15046860926782e-14
1780.839,315.29,-3.96107660703231,-0.456417802920635,-0.378691057520829,-0.492475284638675,0.23264323356776,-1.05900111718873,-0.300319732906059,-0.100835345444118,-0.753300730607539,0.0457535842559276,-0.0338665141625515,0.0254383306236395,-1.80966353013901e-14
1780.389,315.79,-3.30146486283551,-1.0538451372227,0.924900520515209,-0.590181998657419,0.265721320765306,-0.396874350949015,-0.496524211724365,-0.40589525094604,-0.921614876144718,-0.622027944782813,0.0517811244581565,0.269432540547555,-2.31759056390501e-15
1779.968,316.29,-3.77101918597367,-0.365179052877498,1.60600097386413,3.21516995238677,0.493695701452185,-1.19616594578209,0.233469070184132,0.420848976197629,0.622306236220127,-0.119547318101854,0.0119172658371035,0.155304424487985,-1.45786160921091e-14
1779.568,316.79,-5.51043152678394,0.0433753437891362,0.700329178662485,0.969915084801154,0.805593676008311,-1.59824064769505,-0.251508950535885,0.264571067251214,0.179368467895418,0.779378429683308,-0.274789015306037,0.563751959340309,1.25455201782643e-14
1779.139,317.29,-5.13336491902349,0.200566544568669,-1.0448736901004,0.928258746032485,0.97569030573576,-1.72381684508303,-0.529115569781892,0.23989987607608,0.361719281690473,1.20821649654041,-0.397003639371245,0.279816365605981,2.3037127760972e-14
1778.689,317.79,-2.20525801966255,-0.627783731236781,-0.0302950059367091,2.23570654166477,1.59138036297888,-1.49270335158054,1.0777551714858,0.219512958933938,0.505097296122203,0.296159403373324,0.264186758756928,0.216278145475249,1.64590563400679e-14
1778.21,318.29,-3.64345316842293,-1.15136109853215,-0.291398405928003,0.624140963388825,0.603943363932643,-1.14232308358903,0.00279475820764061,-0.0782531678312727,0.231229128601075,0.00167185266603836,-0.243492120395249,0.510845531772446,-5.84254866708989e-15
1777.71,318.79,-3.43011434471704,-0.845727605932977,0.354301873104894,1.20278616181016,0.878199000326519,-0.919248217735877,0.555286394917617,0.920271133726574,0.525323188587489,-0.165157187753878,0.0646492015857992,0.221695163554619,5.42968447980741e-16
1777.268,319.29,-4.10792311210619,-0.271777753207046,-1.05473001826367,0.719722315494616,1.53156432389627,-1.46561636946027,-0.255532957483705,0.0915086138249891,0.72462503415993,0.693935208601641,-0.451699232389989,0.236659867202899,3.36536354339501e-15
1776.868,319.79,-3.8700890135961,-1.49515209721364,0.689529304222557,0.800033538692194,-0.00437577864865046,-1.00203721063006,0.419856896881118,0.62939766022829,0.762391686399236,-0.739075534203921,-0.303369365111497,-0.171981387961879,1.41830991395864e-14
1776.497,320.29,-3.37150334985757,-1.1697962117743,-0.558226005350734,-0.406141248890764,1.18205656534169,-0.0952417854085019,0.466109211682195,0.0466864922117568,-0.44754577689782,-0.102151696154179,-0.142479350079606,0.427008293846699,-1.26010313294955e-14
1776.147,320.79,-2.86809196872561,-0.58896939833553,-0.73154800873754,-0.457733655092889,0.813235660467696,0.172084289282575,-0.618060296184162,0.564556309181107,-0.0175877150624827,-0.106056305013531,-0.208570807715725,0.400355993654268,-6.24500451351651e-15
1775.768,321.29,-1.35836135607259,-0.252063975692592,-1.28615652832377,-0.568201411968086,0.961168478154661,-0.872619279404997,0.744680101294755,0.539154708685032,-0.157514960259313,-0.149012416494176,-0.0986588402458106,0.566725434177767,-1.2490009027033e-15
1775.368,321.79,-3.04297172604531,0.642943144314921,-1.49276470008048,-0.579771680427289,0.200098101431749,-1.34254650533236,0.674720171192864,0.652739106843618,-0.316487225524638,-0.395229376747605,-0.50978827581178,-0.00426291291172807,-1.45716771982052e-14
1775.026,322.29,-3.9892482811238,-1.13593990326756,0.12592402908624,-1.45337830939147,0.254855147107795,-0.403166497638728,-1.72631449370032,-0.462176034972418,0.0187827633979463,-0.336047560645853,-0.618297837172819,0.323079591192834,1.77080572427712e-14
1774.726,322.79,-5.70657546741961,-1.39330204642001,4.30332602307839,2.52402472422141,-0.347732252611967,0.32554974836632,-2.00645246860412,-0.673935311173331,-0.11883895734338,-0.960728772182223,-0.0304017457503195,0.473771789744127,2.24820162486594e-14
1774.339,323.29,-8.30426753505962,-1.6181415841596,7.71567744898972,3.70712648215195,-1.62531365948958,0.640940509770148,-2.16924299330114,0.30145503673629,-0.160026459588814,-0.932528172193967,0.799621483214002,0.559419227515233,-6.38378239159465e-15
1773.889,323.79,-9.36349368541545,1.68593141468979,4.0792924107789,-0.235188745450303,0.671398822898876,0.00960731955925165,-0.257878735866919,0.0468623590985962,-1.12299951815778,-0.548700159385083,0.603168489269997,0.693143890237866,1.31006316905768e-14
1773.526,324.29,-6.92097630373625,4.1924543737733,-0.419710881407911,0.542139145946851,0.910349320583307,-2.24205835751358,1.09470719973729,-0.435551544074206,-0.0032534179213885,0.896632944529536,-0.200577577519941,0.355613783291138,2.60902410786912e-15
1773.226,324.79,-6.26333395056004,1.57057914777165,1.95700526357853,1.64345223375924,1.25778387432215,-0.311944417988921,-0.0506618181711899,-1.75157000884016,0.0851068476885355,0.142146397671842,-0.910022121866386,0.439996001944906,-1.09773301559812e-14
1772.839,325.29,-11.9935919456127,0.626661774602581,7.17134463030897,3.40676308125489,-1.5486582322365,4.82182094755293,-2.20707924067163,-1.31375155199524,-1.84671507413049,-1.9190110015163,-0.630893121311932,-0.0971403329995023,1.49880108324396e-15
1772.389,325.79,-14.6903899937369,4.53916239013648,7.36987632552296,4.66997339574888,-1.84848704360156,6.20190955982504,0.593331750891241,-0.985365692013191,-2.24434111534783,-0.82102124880812,0.22252960654595,-0.124753859040182,1.58761892521397e-14
1771.968,326.29,-11.5227898042723,5.14972452185473,2.3617972089738,3.3530133812901,-0.427922966973663,3.66154306210308,2.32514677277236,-1.9049721323522,-2.04730355216762,0.0025894861177581,-0.193662802043019,0.0527986657059376,3.03090885722668e-14
1771.568,326.79,-8.39407636899944,3.92197026407128,1.29564956911918,2.9015883007226,-0.665061462693107,2.59506846750407,1.58890862522843,-1.12220308401278,-1.03945349129521,-0.478306905587034,-0.386616864986447,-0.239523200475841,-5.99520433297585e-15
1771.139,327.29,-3.8701913291137,1.38717979099962,-0.147689835667312,1.14719977459189,0.286426944964535,0.7818268292292,0.733053117422181,-1.48577105588859,-0.353449531663197,0.32238132342283,-0.359447650598116,0.272434003687923,1.12548859121375e-14
1770.689,327.79,-2.54688127934842,0.324338752252522,0.742508461687271,0.648431624333382,0.255382499203903,-0.667930401147174,0.783753930249834,0.31586137627413,0.189719216478564,-0.348374307306322,0.0713020683678711,0.117136555079278,-1.38500322321988e-14
1770.268,328.29,-3.38316390805677,0.431957548833635,0.397300630877442,1.47921569617911,1.52314177948601,-0.201556754401456,0.447045674258671,0.0596129112357941,0.0188482950225722,-0.6107457378116,-0.282870951881679,-0.0646647948434952,4.9960036108132e-15
1769.868,328.79,-3.14805263001734,0.111281022991278,-0.22905405543855,0.148848105947483,1.61988646640483,-0.235478337428499,0.0951766293337509,-0.454655341948679,0.270202445919798,-0.0892677255234907,-0.236969378726221,0.0974404882158304,1.93178806284777e-14
1769.468,329.29,-1.80720338897702,-0.276445410565846,-0.685708121587533,1.09346685428811,1.51812402125969,0.206483286035156,0.266242328655341,-0.56159938103053,0.220060750363029,-0.089799997359152,-0.191002545227788,0.150753225149219,-1.67088565206086e-14
1769.068,329.79,-1.74536931819273,-1.15259417751343,-0.241067313493259,0.762587024216916,0.394289839238292,-0.0749154445615919,0.497548172870959,-0.824448972249167,0.281600256965669,-0.145184384160015,-0.3196893155101,-0.109299042750147,1.58900670399476e-14
1768.668,330.29,-2.36091247016908,-0.969615432366298,0.31677317461854,0.947243740386716,-1.24085357743181,-0.877660415109148,0.38743254951467,-0.129521664856621,0.752256624800068,-0.515984691490391,-0.164105503661383,-0.0755253401991032,1.3988810110277e-14
1768.268,330.79,-2.03118853783093,-0.980085520395165,-0.63805153591505,-0.276487883099469,0.302293349785846,-0.233829418691476,-0.756979679183889,-0.27592642605394,0.266368085222792,-0.455619531920745,-0.68522090243612,-0.0126853671982571,1.73064687580826e-14
1767.926,331.29,-1.94082004157313,-1.15812735502813,-0.697655056079444,0.264308696391667,0.515770965261765,-0.440982924937035,-0.0858444412857666,-0.141577890862288,-0.047056941446472,-0.393554851642008,-0.00177504168562478,0.117596668896944,1.79578574233119e-14
1767.626,331.79,-2.87395406961957,-1.67673741836239,-1.10630767621062,-0.500578228520316,0.190560705978616,-0.975468902594029,-0.479816747428289,-0.531432052720676,-0.267297274366983,0.460487168814484,-0.0120104513773964,0.227492114206579,6.1478599988618e-15
1767.268,332.29,-2.08319479912857,-1.8991996448398,0.224473125546029,-0.433517972321114,0.977942375052094,0.223987392424652,0.0986246235634917,-0.484720147748793,-0.164136080607123,-0.0360568915538074,-0.160717337211661,0.136645429264249,-2.05391259555654e-14
1766.868,332.79,-1.91777887553057,-1.92990946587107,0.835674028158006,0.453706959735318,-0.810985139240662,0.18657118399848,0.105369748638418,0.820505838504645,0.458588384560287,0.120782212066434,-0.110669195646204,-0.197170065927891,-1.45716771982052e-14
1766.468,333.29,-2.49227211771233,-1.88596884389069,0.337655729357927,-0.0211415743306637,0.128212033219376,-0.218675242509347,0.828725120622263,0.645577497728005,0.51826069930631,0.384066291290756,0.183836620900459,-0.0574361168538903,5.48172618408671e-16
1766.068,333.79,-1.76425364059184,-2.20996382186999,-0.685725064920748,0.291967769189537,-0.186265590649541,-0.235222875767987,0.137457749876068,-0.126832555303737,0.496039880749267,0.407878353435277,0.00107865385143025,-0.245629585819245,-1.91292294504652e-14
1765.726,334.29,-2.12188405682951,-2.00664956580244,-0.582004144910529,0.712771042741725,-0.106608276768768,-0.0841163936250364,-0.212727765245095,1.10931529714922,0.356836924026261,0.199189458613797,0.134715195013919,-0.269732710527958,1.03146657881581e-14
1765.426,334.79,-2.44686099635761,-1.26795784326673,-0.432402248587365,-0.459946805782509,-0.160733993893408,0.465861742631033,-0.769328290186698,0.807560893906692,-0.0796957372878377,-0.512081032357248,0.139664192879763,-0.444289375409239,4.66987559732956e-15
1765.097,335.29,-0.362933839933986,-2.43894190364487,-0.619068505741199,0.922039767982353,-0.454618125184547,0.248777571857738,-0.11648916659453,-0.61296372239051,0.268865212105096,0.852925186385536,-0.242832100296736,-0.271348157518884,1.48908663177849e-14
1764.747,335.79,-1.03417726589354,-1.94787292544852,-0.308869814470621,0.981927792104113,-0.693834749209933,0.088680990976458,0.458558534032799,-0.191196483724614,-0.119577343222972,0.516887118945166,-0.115039696159375,-0.362047183765714,8.74647576587506e-15
1764.368,336.29,-1.62930877556328,-1.50409527137799,-0.286897595131621,-0.180457961236304,-0.202831645894336,-0.142229393865001,-0.230619444885875,1.67160818960304,0.0140016317168551,-0.0676349356087741,0.273951352133792,0.0541839622667459,2.09554595897998e-15
1763.968,336.79,-1.02212831872005,-1.58228862775473,-0.107210101528384,-0.169861483794419,-0.252995993188932,0.026753907148792,-0.163598383001778,0.760519827254879,0.574613031176754,0.516096795075738,-0.0511945573306693,-0.00058750455297137,1.47173939701872e-14
1763.51,337.29,-0.597760446561511,-1.90062389475552,-0.317903681400172,-0.17683308858667,-0.179642254564584,-0.0754799140438178,0.497787437278191,0.79879167302552,0.181984703391747,0.299772248233782,-0.425644189618987,-0.117685522326656,1.78190795452338e-14
1763.01,337.79,-0.328117203042028,-2.6242029980641,0.0944670120118813,0.330595882858432,-0.175155182568532,0.317537799431058,1.44555832384496,0.576817095519102,-0.416060941106602,-0.336971214843175,-0.0839896029679394,0.272708118181106,-1.74860126378462e-15
1762.568,338.29,-0.362904756739558,-2.40126717608598,-1.74085276421496,-0.00433973827099527,-0.139986765524323,-0.708110875500404,0.0220060364319814,0.913633803768407,-0.0734483251950218,-0.0204522877270966,-0.0671286873926356,-0.335598376958536,4.52415882534751e-15
1762.168,338.79,-1.02562018642162,-3.20902923662709,-1.47217389150804,-0.775373417267819,-0.746762188794176,-0.557601121008402,-0.182858626713741,0.950896888802618,-0.659398550605805,-0.449348472571592,-0.247369965982785,-0.314769586926621,2.29122276707017e-14
1761.71,339.29,-0.864519140397209,-2.30241666316142,-0.850772875040855,0.412546933672988,0.62767200839064,0.551386288195782,0.644393841049693,1.0047522923833,-0.1814116198511,-0.573428491653707,-0.258383747477647,0.256317993869152,-8.43769498715119e-15
1761.21,339.79,-2.55778555744123,-1.93926424406929,-1.24144291067215,-0.650596876265917,-0.295442806906999,-0.654853878106672,0.27662580390348,0.763604522109328,-0.170415003802209,-0.288049820686597,-0.0920886034644116,0.0580633046734143,-2.35922392732846e-14
1760.797,340.29,-1.08534231061351,-1.17363111946437,-1.43299999079768,0.802374343081901,1.14547914589889,0.308161377449159,0.350062417676206,-0.00185352953287318,-0.22802654819576,-0.405154137350217,-0.0103632488227545,0.575524515073063,2.44804176929847e-14
1760.447,340.79,-2.82831562420478,0.151673614811546,-1.37972388723102,0.992342990005364,0.40102014527617,-0.855784827570625,0.785274761287008,0.343709129260425,0.00197059433035201,-0.570133472864591,-0.323268272392688,0.418823464280845,1.1442236047543e-14
1760.068,341.29,-1.24961980975404,0.126646582740566,-0.928622605223488,0.291629033752168,-0.758174757453925,-0.173720429688815,-0.291941449494112,0.513569079727751,0.168969559809129,-0.583127525908158,-0.188766895748017,0.422705898314525,3.52495810318487e-15
1759.668,341.79,-2.15441311023745,-0.339498679011466,-0.861927718438867,-0.304735147892701,-0.826615158584141,0.477985652349204,-1.04255015770149,0.742975438824957,0.126897949909552,-0.474110332412355,-0.390038785605677,0.00913698758703468,1.71807013060743e-14
1759.268,342.29,-1.10068828393038,-1.12762734062114,-0.233047797634103,-0.239255072277941,-1.85660101733116,-0.622652936671857,-0.138188038130209,1.01761023411045,0.324067130792115,-0.307600896866401,-0.0366616002282886,0.109199432843319,1.56541446472147e-14
1758.868,342.79,-1.10463143362812,-1.61458374384102,-1.11644763213046,0.330684722158418,-0.547005262075212,0.83946605267343,-0.622592682608255,-0.113754844047407,-0.104198214545908,0.191801176036527,-0.296126605434501,0.339748193073539,2.02615701994091e-15
1758.468,343.29,0.681138249903874,-1.05435132048976,-1.11363244500503,1.86529202275124,0.667814649282114,0.84586727234226,0.495196697600769,-0.265056364214269,0.225687229008805,0.127820064375674,-0.223995645765969,0.0837379091526109,-3.83026943495679e-15
1758.068,343.79,-0.637780540100297,-1.76340794651287,-1.06792961515755,1.22105127463171,1.12734158357128,1.6190599001822,-0.332025792766007,0.433780331819989,-0.0234333792310182,0.0417055200986692,-0.231618004973292,0.286064978333627,8.77076189453874e-15
1757.61,344.29,-1.68353579087223,-0.659433835945256,-1.09119790603389,-0.334008593943008,-0.119536202067686,-0.366536958758805,0.280369608355302,-0.0370721715752814,0.46738664867901,-0.236143591779243,-0.331198505526631,0.0599564949497821,-5.92581539393677e-15
1757.11,344.79,-1.41545864233552,-1.77561554679353,-0.196808732237943,0.00964698302837785,-1.06409660086827,-0.817513157079599,0.46870145443879,0.220581680000792,0.324611057783818,-0.601615311205605,-0.335694633945968,0.252186897483722,5.55111512312578e-15
1756.726,345.29,-1.74799164645291,-2.40139426194427,-0.698619241617868,-1.00406074081708,-0.417304010789432,0.00873385308966348,0.171447022416884,0.0273291791293298,-0.263612183596552,-0.482630451201612,-0.243905885782177,0.38673871698011,4.8988590961585e-15
1756.426,345.79,-1.77135425910871,-1.68615977819002,-1.39310303290881,0.119869046884544,-0.692718051592553,0.269046125642681,-0.897256129258761,0.529663552183896,0.32253738761129,-0.126174287957174,-0.171532250189261,0.154363505614478,-2.26207941267376e-15
1756.068,346.29,-0.455380443522964,-1.08661188021214,-1.23382466384905,2.10121283533218,-0.311159555482803,0.53547252851767,-0.822617174312858,0.243643998001015,0.410200705674722,-0.409162593350628,-0.269677677144081,0.0182077724172205,2.26485497023532e-14
1755.668,346.79,-1.54730069607281,-1.15115654516813,-0.632165981565501,0.0999760099566503,-0.923217281093633,-0.463157979469557,0.412748225179864,0.252782323881696,0.233356766077768,-0.55179478981382,0.0528359885059103,-0.032970196621618,-2.24542606730438e-14
1755.268,347.29,-1.22760734918561,-1.31834947341448,-1.16771390894441,-0.51736334299516,-0.51373423267846,-0.588516269482256,0.0831890774772414,-0.830062211120967,0.242754125679839,-0.464272290108936,-0.117078688371579,0.0874672713527918,1.83186799063151e-15
1754.868,347.79,-0.248780562057792,-2.36129722260067,-0.66024751173544,0.909571220640607,-0.34551761927056,-0.261663929429203,-0.130773261781479,0.569278842750639,0.598215179391257,-0.410183755186572,0.15084674535446,-0.206392025367931,-2.05391259555654e-14
1754.468,348.29,-1.62935026983686,-3.1921913372241,-0.318851312529411,0.249148985984806,-1.98187098419656,-0.41510347376166,-0.23731706064142,-0.109852517989773,0.495952043574594,-0.208365112844149,-0.015180561159346,-0.00979111446647793,1.4432899320127e-15
1754.068,348.79,-1.73446014508371,-1.70741295234115,-0.931397615263561,1.13013778695977,-0.0803009962607587,0.793123398765708,-0.41088135540401,0.882931831742156,0.423698382160566,-0.524190822433779,-0.233880206603188,-0.425218420614293,2.01783034725622e-14
1753.697,349.29,-1.83693953699769,-2.18088943604223,-0.672084340698905,-0.0274136355194369,0.718491306055788,0.33556755932663,-0.650583754891496,1.03492288849898,0.620177306208969,-0.225539311234361,-0.0357026400672192,-0.247099053153013,5.96744875736022e-15
1753.347,349.79,-2.92718431727316,-1.01212716856745,-1.37615922942327,0.464940713106305,-0.103010099611918,0.312831618245163,-0.389793076302549,0.943165483950569,-0.000486824984193931,-0.554582512205653,0.150995220190047,-0.276239257322443,-4.13905021368066e-15
1752.968,350.29,-2.30297980322511,-2.06268546666488,-0.807633404019714,0.970852822594058,-1.24527360790633,-0.0712582499075562,-0.854843168912087,0.751745435717714,0.513939275254449,-0.488730324251642,-0.215216869001273,-0.183804913220203,-3.10862446895044e-15
1752.568,350.79,-0.682207268052477,-1.64709564099416,-1.80430078317305,1.53532157212889,0.62250306668377,0.611928248423429,-0.0549888794595944,0.123935814495327,-0.132946011847831,-0.249544678613238,0.262160824572542,0.0429038746057542,-1.83186799063151e-15
1752.168,351.29,-1.21673736630527,-1.10028238573283,-1.1371093409254,1.04252180638268,-0.797335534106837,-0.254689480497621,-0.358671461430678,0.824140370965753,0.431416216052166,-0.493135434147416,0.559289483043041,-0.235674025173676,1.79717352111197e-14
1751.768,351.79,-0.965468925880594,-0.353335449806644,-1.84604906719514,0.23696518226492,-0.909312305530636,-0.13105779225017,-1.03580351651114,-0.220311127265883,0.0675904569892759,0.117024937136833,0.655149805397799,0.0532019156398504,4.02455846426619e-15
1751.368,352.29,-0.438635220482348,0.558031031218833,-0.218174895676908,1.27147463917349,-1.40623931807171,0.225686533288184,-1.00404263766464,0.130543454041422,0.828794619006797,-0.235504515140464,0.177996528479623,-0.117339726642122,-1.59039448277554e-14
1750.968,352.79,-1.00831539274966,0.68680590784295,-0.0123346054944681,0.126489201251144,-1.65058050588436,-0.979342260357644,-0.130087295173738,0.658022395259818,0.836416095825666,-0.0590756954860849,0.329090787128442,0.318054137410436,-1.49324996812084e-14
1750.597,353.29,-1.18484941305645,1.35866556992241,-0.725178446203936,0.172565576489637,-0.888872149437205,0.20852261872408,-1.30275075027066,-0.0489925775589729,0.411565987224675,-0.19882630441524,-0.0256233706985008,0.273164948848214,2.18991491607312e-14
1750.247,353.79,-0.781099268743729,1.37293316967788,-0.469648585965116,0.787619770424847,-0.138070824513075,0.41165972690437,-0.0383213747080781,0.36871156957702,0.0803083173357497,-0.562973594279902,0.396886831014447,0.20810661356826,-1.80064296806393e-15
1749.897,354.29,-0.0991038641091985,0.759647822419716,0.38664948815551,1.47807803632948,-1.52037604175295,-0.0653346952219814,-0.0170867287539707,0.20551681455681,0.925448125301233,0.0550200356649067,0.259638388490649,0.175552056737356,-2.16493489801906e-15
1749.547,354.79,-0.0640723359368904,0.489113933545576,0.241991751064706,0.486340954795255,-0.503817751895828,0.688419751043397,0.000665394931640574,0.321271832006739,0.0332939505660691,-0.56994554573295,0.273840989172623,0.617113116365772,-3.78863607153335e-15
1749.139,355.29,1.23176996816353,0.730023552350395,0.447745661791607,1.98627812879878,-0.121931109332378,1.0297606843089,0.59781182164433,-0.321377719230645,0.320599656050975,-0.389558173630369,0.0372376233278913,0.549798779890263,2.31481500634345e-14
1748.689,355.79,-1.03509722022188,2.13457009179701,-0.455489268359708,0.425667649087444,-0.715135655455583,-0.00962526089674914,0.488726889689679,-0.485933697405823,-0.0604323251450974,-0.449098152517229,-0.121982871056664,0.147256217544735,-1.07136521876328e-14
1748.326,356.29,0.312573532781583,1.77033039035728,-0.150335479711537,1.65883045406338,-0.371632621882857,0.399472621048603,0.565293853093671,-0.227005451209583,0.323796700638862,-0.170893548012042,0.250037218464935,0.575888408940015,1.06260486520959e-14
1748.026,356.79,-0.675626845679597,1.81873668163569,-0.145252128057909,0.35445644105064,-1.02404086908073,-0.201981773965855,0.130440617269441,-1.16169768621014,0.162440256931263,-0.315475984654496,-0.00280416215476157,0.305507045900977,-2.22044604925031e-15
1747.697,357.29,-1.60645983778623,2.58413918138474,-0.0883721340152701,0.434860946883865,-1.77118531867977,-0.0783518474708098,-0.178642871384802,1.20732338968023,0.171368099708823,-0.785990656519889,0.0638027002891977,-0.19670885979928,-1.13797860024079e-14
1747.347,357.79,0.278932330246402,1.44194398283889,0.100952081039489,0.989157908884204,-1.84722038926219,0.0642629233271297,0.0544124465172675,0.339676242619767,0.647043911542909,0.20410055793773,0.245066412230054,0.42000890368532,1.62092561595273e-14
1746.997,358.29,-2.15565530077294,1.68960913582517,-0.387033772367283,-0.213247137496062,-1.5695380921421,-0.81525517680592,-0.0507856962732485,0.0183476109715755,0.185071066079906,-0.0595490285734104,-0.00531098854231919,0.30303497733821,-1.13242748511766e-14
1746.647,358.79,-1.11255731118051,1.92270071117276,-0.339084523523455,0.252533524737182,-1.09718410546571,-0.294247596281468,-0.322495905653419,0.583482935857537,0.322923747232995,-0.306192674384654,0.0189214625508509,0.173592850582691,1.01585406753202e-14
1746.268,359.29,-0.342422656151881,1.60433068235272,-0.201307615445654,0.895572813874217,-1.10387115512488,-0.0454389331486633,0.290060294570414,-0.256405006367,-0.000120830317851151,-0.173188852849357,0.0044057390075753,0.557889864619742,1.78468351208494e-14
1745.868,359.79,-0.964607764847629,1.84234292733177,-0.492269245191951,0.0581111951485647,-1.06392337667871,-0.0254475883882471,-0.183947681272086,-0.00788766779857903,0.0385559045560648,-0.158352226123868,-0.117644834678986,0.385221158780342,-1.16573417585641e-15
1745.468,360.29,-0.575692524647338,2.33827231503424,-0.157511361360742,0.120155730939637,-1.41889998965207,0.222773064453715,-0.365378500040432,-0.0415103640834268,0.280586927974149,-0.34010389465154,0.00135055529474347,0.0743057649169901,-3.88578058618805e-15
1745.068,360.79,-0.395400021479274,2.27033729888568,-0.356909420031848,0.965088025913871,-0.376337380039815,0.836643249342439,-0.0963596711163972,-0.641804770296443,0.448833808558987,-0.119591328621583,0.029979166639935,0.211578352411246,9.35362898246694e-15
1744.668,361.29,-0.539976095936674,3.0622524454501,-0.922408521041519,1.30491837314357,-0.39177922645563,0.0491780886666138,-0.364908766069233,0.439072060138664,1.00822023287752,0.111155757479161,-0.149551866879344,-0.207755743161347,-1.17961196366423e-14
1744.268,361.79,-0.277068592297142,2.13057064770599,-0.2437097980056,0.819967356600943,-2.16272742394995,0.0989886807876866,0.221276938689526,-0.179411293177054,-0.0143720223325058,0.104964950364295,0.0376846693327411,0.441477310488482,-2.26485497023532e-14
1743.868,362.29,-0.598229614102826,3.15804391137227,-0.496800149245863,0.632477269395884,-1.13744400381447,-0.559030044612768,0.47860118303059,0.0293180466865354,0.214426164891872,-0.537153441434904,-0.0197584524228241,0.169975927031616,-7.16093850883226e-15
1743.468,362.79,-0.406861413035416,1.46318389079342,-0.0205570776499079,0.827384789061629,-0.871126980028951,0.813217685469639,0.253587677552787,-0.737549222642838,0.0832282700177494,-0.14975556619561,-0.152446064192805,0.390983768604271,1.71529457304587e-14
1743.126,363.29,-0.399060611971695,2.3715051955011,-0.404951817269727,-0.0254505625499377,-1.47185301286446,0.105565038775062,-0.0677894672785896,-0.00827447437220629,0.0705016247654863,-0.155015009759042,0.0672850952791382,0.258710753751665,-1.08801856413265e-14
1742.826,363.79,-0.152577595907995,2.73684703062479,-0.941769469215603,0.424522847242389,-0.632723646535737,0.592091188122276,0.203998115118177,0.0730983279050577,-0.35241912085674,-0.0797110472031554,0.0948708068668877,0.512512923725061,-9.20097331658098e-15
1742.497,364.29,-0.111696331774687,2.14428417632803,-0.417453921041906,0.830653776456646,-0.965390393048825,0.0959377041842664,0.447171507369227,0.243622096365979,0.201969857403292,-0.285496829374499,-0.0813489818634345,0.188685083878528,-5.80091530366644e-15
1742.147,364.79,-0.600846217772631,3.06314781267062,-1.11145423578703,0.386040249916483,-0.647310086488205,0.906779054462476,-1.86029646500942,0.886793061334907,0.741974915797922,-0.178135989142503,-0.488576794781869,0.00919344954440296,1.00752739484733e-14
1741.768,365.29,-0.566285581363948,3.08921392817476,-1.04291340958673,0.635626336868452,-1.06323106845939,-0.0902702956122512,-0.638019892919593,0.349970587309458,0.674710572681576,-0.267695929679332,-0.0158393768817754,0.432022868610325,1.72639680329212e-14
1741.368,365.79,-0.52751110398053,3.74774332898257,-1.31667168313435,0.369372848881022,-0.906720771401081,-0.00552335817246286,-0.119400378762318,0.119546750691257,0.135889865140838,-0.459468153730113,0.125055550981248,0.207487468516445,1.2267964422108e-14
1740.997,366.29,0.228879586748449,2.80909896247118,-0.17091130543686,0.511261484080545,-0.350349589420301,0.458270222753897,0.0961810739445928,-0.649240281531218,0.415904393729972,-0.689143546633326,-0.0428187403739384,0.197246594114408,1.61121116448726e-14
1740.647,366.79,0.700412935384761,2.77323586660908,-0.0426592668023342,1.45128332692583,-0.774916705442185,0.258048698759278,1.14291555672471,-0.485564769147872,0.0270992980263303,-0.583166075174825,0.267976600615255,0.40234372512032,-2.38697950294409e-15
1740.268,367.29,-0.233473447573607,3.01658453041006,-0.432428668764544,0.793458648638228,-1.10036729995321,0.176028437915358,-0.384121859163324,0.0331392227158057,0.494823469800524,-0.391674162964366,0.0882272901975077,0.220852970629778,-8.77076189453874e-15
1739.868,367.79,-0.744211678636932,2.50026724328742,0.0755612302482994,0.757527154885953,-1.70703904330083,0.0301972203869224,-0.271910450237647,0.0150680517939968,0.494467894332902,-0.692789391988373,-0.230581128391792,0.176648893832934,-4.44089209850063e-16
1739.497,368.29,-0.798245948939142,3.25130943997787,-0.564065328403713,1.09904193066752,-1.14522277586671,0.716313384800962,-0.119275964112503,0.140810233217371,0.373921136354705,-0.343733544049376,0.151441842975806,-0.0051380089598211,5.55111512312578e-15
1739.147,368.79,-1.22481074275679,3.11350402807108,-0.130115443898107,0.669672354921033,-1.31713953410878,-0.367403387020222,0.839374605459524,0.266820426080803,0.428553814920643,-0.734328949690498,-0.0999076943515764,-0.383491783933361,9.82547376793264e-15
1738.768,369.29,-1.27082763111876,3.54293886565385,-1.46464856397573,1.53426299634382,-0.824980101782545,0.676702436792058,0.0896479358520903,0.587206914946432,0.118792580297444,-0.0700509014312106,0.149639796877342,0.236664780933559,1.32671651442706e-14
1738.368,369.79,-0.643497430555468,2.67721163657769,0.0106263621112201,0.706155960207944,-0.405386813745211,1.20971646768713,-0.416365461953736,0.856305272881614,0.530939351419647,-0.697589453057577,0.216820743786915,0.0640334319189637,-6.59194920871187e-15
1737.968,370.29,-0.0120704116241285,2.43162379712417,-0.556683494412419,0.320555893211595,-0.821335260346657,0.295427827510933,0.228292225622258,-0.194985770464203,0.314707568474504,-0.14064434944782,0.0154970370156817,0.438448705896883,4.49640324973188e-15
1737.568,370.79,0.777337032264718,1.80043365240836,-0.591824854881708,1.61144349513147,-0.439980719084588,1.13408244674868,0.506464647713535,0.310193155514876,0.100003164495222,0.0136083555657852,0.253254043466722,0.512285390722238,-2.25514051876985e-14
1737.168,371.29,-0.297740179425811,1.72417778335886,-0.451015647561545,0.819446762155162,-0.284510463853526,1.08479365007892,0.639319742839707,0.0285546347845781,-0.492620399326407,-0.690228251650695,0.0943332243414729,0.271451157980876,-8.0629947163402e-15
1736.768,371.79,-0.733726193805613,2.69704755368562,-0.792142505289995,1.14338735837031,-0.424571622054058,-3.26554427221293e-06,0.481928872121554,0.697855272978971,0.392421083800635,-0.263953548471809,0.21648900131906,-0.101414958071574,-2.10387263166467e-14
1736.397,372.29,-0.56265135119791,2.60703202252499,-1.21296387885249,1.28760758165964,-0.796725784911288,0.0133441597730403,-0.148372708558404,-0.158327480409016,0.980880818925742,0.419898106502166,-0.0889636092483378,-0.389556031523507,3.41393580072236e-15
1736.047,372.79,-0.823369083900311,2.14875996172742,-0.600052252978039,0.117010876818669,-1.0835864993919,0.121606003524676,-0.868862300114421,0.694073269531666,0.899367087059359,-0.00833646973558792,0.183110219990031,-0.0334992616809941,3.44169137633799e-15
1735.697,373.29,0.0701367713143806,1.63995534742162,-0.835837671603817,1.67612434938696,-0.198223727860733,0.572322109988558,0.145046905004261,0.798786557600687,0.336948010651499,-0.328937888075459,0.345255365321759,-0.0903780928765581,-4.64212002171394e-15
1735.347,373.79,-0.635613802745849,1.38841535951019,-0.678522794341677,0.598372130339426,-0.220363944745538,0.998610635520592,-0.340364255968649,-0.283431944637699,0.270877124540503,-0.366525832757761,0.226885763150185,0.0524861204761023,-3.05311331771918e-15
1734.968,374.29,-0.45700080616955,1.45707437513825,0.257486274114442,0.711790112184316,-0.586087798930765,0.329428936109932,-0.26024980260135,0.018313782641763,1.17114333594789,-0.563886786022996,0.30163823958577,0.0301849783928477,-2.88657986402541e-15
1734.568,374.79,-1.20546748530753,1.79452554866688,-0.399805027909472,0.141915245625136,-1.08527967998824,-0.341772592360404,0.369537069926181,-0.177154166186509,0.606073276039087,-0.389282711793912,0.0966119237967537,0.227784144476236,1.3988810110277e-14
1734.168,375.29,-1.11801601555942,1.72572985896288,-0.295237484595832,0.972272780201908,-0.83166835484072,0.0253071642110614,0.077314254607981,0.329880024810594,0.64732685518075,-0.609529537200782,0.264612566809403,0.128565343033709,-1.29618538124987e-14
1733.768,375.79,-0.785110722549214,1.80453242086607,-1.25098983737308,1.92259605899991,0.376044654008084,0.918963917967547,0.146129741159288,0.97773457592844,0.0722656180598039,-0.228812292499673,0.32254106530385,0.0514439265876676,-1.40443212615082e-14
1733.368,376.29,-1.35778504824075,1.15458305314368,-0.53488371604516,0.459858475320718,-0.913720358039587,-0.691913370823251,0.617728123864067,-0.135657866098101,0.7984770416713,0.456642215365127,0.472251750960692,0.691490662078764,1.16018306073329e-14
1732.968,376.79,-2.54535636956981,1.70166266237501,0.20654226823033,0.466573064792043,-1.54791848735061,0.217774292782016,0.153755740630929,-0.133331417588923,1.61996242827461,0.368955373687524,0.467433015740082,0.0360724271220827,1.74860126378462e-14
1732.568,377.29,-2.29296499980494,1.59863633566922,-0.58463337840965,0.986018337521073,-0.874101588633024,-0.489329710324353,-0.889275005085147,0.731373623840451,1.05037609191334,-0.232715888694467,0.13186170544683,0.158119976530302,-3.27515792264421e-15
1732.168,377.79,-2.46536617353793,1.64799540825021,-1.46543873057678,0.738049368808073,-0.369776565749817,0.272194266270747,-0.918033354139013,-0.288253262767227,0.448369312520602,0.56419113151642,0.17997747102703,0.427628608264599,-1.06442632485937e-14
1731.768,378.29,-2.22704129357092,1.18096940124492,0.172482400109146,0.596762517900008,-0.866603788384129,0.580861452140432,-0.165009303408841,-0.612064068132953,0.0245562054937587,-0.522552474841291,-0.148716481538356,0.394977358649847,2.47024622979097e-15
1731.368,378.79,-1.9822720229911,1.14040442782299,0.473431855462821,0.879632411992014,-1.18799265343462,-0.285522084534783,0.829623680378742,0.299013263963914,0.208380902082328,-0.700245359403452,0.0539696043391236,0.0248268431399028,-8.88178419700125e-16
1730.968,379.29,-2.26248444587383,0.286297027226172,0.153714276365133,-0.288237355571458,-0.656423215405517,-0.115963426305971,0.30995240711655,-0.0270786945486428,0.300901551813071,-0.438103358693741,0.0700376748512488,0.103959296896152,1.53210777398272e-14
1730.568,379.79,-1.69987594362085,0.109161322500278,-0.339266977630605,0.425497491362013,-0.163425444113536,0.528315179662897,-0.142835837448531,0.103126883577805,0.0316563788131897,-0.324313752966396,-0.00752793751168702,0.177313246690143,1.93421667571414e-14
1730.226,380.29,-1.11306797976323,0.210006100743184,0.15276370325239,1.79645060573434,-0.0230505433952296,0.832432502266473,-0.0315118997858876,0.319000557109517,0.688334479562033,-0.274784740931182,0.237035674435209,-0.107896311932169,-4.06619182768964e-15
1729.926,380.79,-2.73400394880464,1.9564984807697,-1.81563744748077,1.33566438328729,0.609768560244937,0.46224980319522,0.768091848033303,0.91203884794011,-0.275600175328625,0.0073330904235373,0.225069953327168,0.211007639249246,1.9970136655445e-14
1729.539,381.29,-2.04908521122708,1.51419851199079,-1.35087642062001,1.3744488499442,0.469398762018871,1.03670581650789,-0.50840640989798,0.981894421466973,0.565033724144327,-0.152153082232849,0.174243487378723,0.00803968200991542,2.46469511466785e-14
1729.089,381.79,-1.49597208506078,0.977248229620968,-1.00654525326982,0.442203176172106,-0.115877878076958,0.3596524211175,-0.276434239508157,0.304088173400244,0.76630411303206,0.00668043394232187,0.0142472682966761,-0.336352008026631,-1.75068293195579e-14
1728.639,382.29,-1.65093260359904,0.591355254453896,-0.587349498529893,0.320207990862008,-1.12400967758443,-0.640326212463164,0.699407064431649,0.182841676947924,0.641927313158495,0.274627311040257,0.187944756408014,-0.242401919163583,-6.55031584528842e-15
1728.189,382.79,-1.37582554374019,-0.78026501771057,-0.38804719664817,0.203012555274283,-1.02536513934692,0.827913740133116,0.952199545018054,0.0207159267706966,-0.0188662718903478,0.647124322272249,0.287431972560347,-0.144948151344897,-7.7715611723761e-16
1727.855,383.29,-0.93857281160731,-0.112218708900142,0.132335082441957,0.46979938053022,-1.0679228794366,0.382388211443385,0.821229177048143,0.551514764005883,0.583614105618658,0.269684478398394,0.479099878160988,0.25536714354772,5.24580379135386e-15
1727.605,383.79,-0.79548172264497,0.393097182057956,0.274488222892474,0.363948543338526,-0.459610295338813,1.203170667826,0.501913618962509,-0.128848531929738,0.497174735224023,-0.0878170195302623,0.193994423990163,-0.0927717405460046,-9.89052589828177e-15
1727.297,384.29,-1.93070631027067,1.02732845283195,0.24900358013701,-1.30364470177812,-0.972718295563403,0.0992979613613746,0.309159286439308,0.110034766445664,0.560049849922433,-0.41001841582666,0.00218376218484936,-0.127866959352715,-7.04991620636974e-15
1726.947,384.79,-2.30426433038653,1.89884699712442,-0.544421158330982,0.210740168734655,-0.93205558465022,1.057815261767,-0.162708121825258,1.12381951388194,0.533366974037913,-0.0850560279165265,-0.182138273669447,-0.355538165026942,1.16295861829485e-14
1726.568,385.29,-0.958326004186239,0.915781870148602,-0.284427865258136,-0.783986274987419,0.125572441114998,1.60457658833501,0.376716689388346,0.176310953565043,0.116122817454318,-0.410368990406797,-0.143019334072329,0.273534823238414,-1.4432899320127e-14
1726.168,385.79,0.228326618283933,0.189102659251503,0.255374264596204,0.938386576179999,-0.643725581996833,0.556440863904989,1.79061851919489,0.414067386994774,0.797431491084741,0.081998505391931,-0.0739917476420969,0.0994807751196274,-4.59354776438659e-15
1725.797,386.29,-1.07849489354392,0.842810691451715,-0.693737592066569,0.362490675183167,-0.748203423821299,0.168225503424589,1.28788424502705,0.00124488162729418,0.570218501498789,0.156914917777029,0.00859315155211519,-0.373505634032999,-1.63202784619898e-14
1725.447,386.79,-2.65062591800431,0.476199447199777,-1.62398628322979,-0.934555291259934,-1.22546621249979,-0.197102470871493,-0.164497855637363,-0.115448706898557,0.5454943825757,0.320917523596669,-0.102066866253372,-0.125384698180078,7.60502771868232e-15
1725.068,387.29,-2.20977920160708,0.13266802695788,-1.0170259734072,0.698186854091901,-1.91351264388722,0.155087635141787,-0.115624918593576,-0.387960188885017,0.77737317220874,-0.030227599022082,-0.185831225089618,-0.172354568677667,-1.87627691161651e-14
1724.668,387.79,-2.09805582333017,0.317271387060945,-0.992340759213036,-0.0326805053219337,-0.931776492953834,0.195969364809742,0.109542860632917,0.513440904445217,0.572033675311911,-0.712683405269069,0.1199307127397,-0.136241134601348,-1.16018306073329e-14
1724.326,388.29,-1.87393063766264,-0.0838600116387445,-1.54101864263637,0.465296918074696,-0.359948465236226,0.94905555061272,-0.458842647976677,-0.0168891480892389,0.41086032631449,0.064418224690005,0.0555884339136733,-0.0161664501709271,-2.27595720048157e-15
1724.026,388.79,-1.02592919879838,-0.056746672353784,-1.42412655272823,1.09162392463727,0.0306433110280118,0.742331562590638,0.147162299652147,0.904083899758651,0.291690713225566,-0.176767435841072,0.179017829726145,-0.17228352047242,1.60982338570648e-15
1723.697,389.29,-2.13264388129137,-0.643299280687234,-0.991464199143675,0.750797187408623,-1.1024327801549,0.150617075442798,-0.113928559549755,0.39115843965133,0.497727083666719,-0.011381622362728,0.0768257283583239,0.011373395260638,-3.19189119579733e-15
1723.347,389.79,-2.64923744601612,-0.290820782654746,-1.64774665791877,1.57404533057971,-0.163230693352975,0.646700365208828,-0.52934145340988,-0.610934507624602,0.788659107804426,0.899446202652688,-0.0171228412345802,-0.457966393480277,-4.96824803519758e-15
1722.91,390.29,-3.50336051489254,1.20984388844547,-1.95774199701046,-0.569725449670445,-0.336855431147333,-0.123496417033375,-0.174099554393631,0.153430772928483,0.00877202715445795,0.00692623618122246,0.143563838144388,0.00148052446236653,-2.50910403565285e-14
1722.41,390.79,-1.8370831102373,0.876430624511807,-0.589484691186286,0.898849674169544,-0.112960214170941,-0.0840435529833019,-0.0356945130191021,0.838384915610515,0.577887028083077,-0.504734139830907,0.576026297092746,0.181669975142507,-3.4555691641458e-15
1721.939,391.29,-3.13842716834612,0.623136841385747,-0.759252952918997,0.556614752157098,-0.551066641355682,-0.782685380941091,0.352862462445262,-0.166212134937103,0.397143300899023,0.291692555701503,-0.0541399372817698,-0.279331578303519,2.65898414397725e-14
1721.489,391.79,-2.74387502582072,0.559586226636967,-0.877402474552195,-0.320406783781286,0.10240201132895,0.718392568065029,-0.653977453385224,0.231295038331314,0.234140814498238,0.230044174341004,0.100784827402901,-0.00401373776694491,1.89084858881472e-15
1721.068,392.29,-1.64531725113896,0.762110631485759,-0.458772351478196,-0.365702847023378,-0.527195036958671,0.49437812079291,-0.222146838923345,0.958733709733636,0.222631393410517,-0.217580732324463,0.626725611425879,0.152416169910933,9.6034291630076e-15
1720.668,392.79,-1.7300015651894,2.16050529363771,-1.1294969865196,0.866609970545231,-1.28367142332034,-0.0102948796159487,0.396849108669627,0.842960733591511,0.329102757091585,0.0673396362037349,0.115302204974906,-0.363265736589756,8.93729534823251e-15
1720.297,393.29,-0.822637322584679,2.07659390396826,-0.768482810751039,1.26674824646366,-0.287905375744848,0.336968615026077,0.216950428688035,-0.0936537066478411,0.574836277972356,0.151142060461434,-0.400733669254352,-0.0234876893540836,1.80411241501588e-14
1719.947,393.79,-1.76609365895347,2.60775510781802,-1.18985039145162,0.805002905088603,-0.291949851518402,-0.343357710032438,-0.0424201521314697,1.34907747240757,0.376101454882361,0.0625637563948479,0.145673591828772,0.598969402304279,1.91791027503996e-14
1719.597,394.29,-2.46693046927571,2.30106679948409,-0.937636454798414,-0.445728280235144,-0.536049876029728,0.220670919566159,0.451636292352255,-0.264522931745215,-0.103669394799114,-0.0968203385741458,-0.193401424752056,0.271579608026405,-1.11022302462516e-14
1719.247,394.79,-2.0925329575437,3.17035270765524,-1.76153742344362,1.06741554407465,0.0673279602088767,0.308379750640937,0.250990021100268,0.765120901749193,0.197773262639053,0.795370420913403,-0.0148094268842244,0.494876693112172,1.11022302462516e-15
1718.897,395.29,-2.07054841000466,2.50894529772737,-0.99455645300517,0.404258609579101,-0.65062579854643,0.0699963471992205,-0.188972619636149,1.01650646638603,0.196810219297405,0.146751860293074,-0.0591810520422934,0.558989880438514,2.64233079860787e-14
1718.547,395.79,-2.0752123472438,1.88655802588645,-1.04407100948411,-0.030062790695079,-0.850240519943956,-0.00583010948486484,0.252997502357011,0.624118803382756,0.208380100389154,0.248255288746047,0.157123528588828,0.0214982065925045,1.40998324127395e-14
1718.139,396.29,-2.03486964987972,1.77152632358766,-0.621618829730887,0.102442475133025,-1.29382681857225,0.0616635391980837,0.314260318988577,-0.24428195363698,0.272072986618039,-0.0391825621397637,0.201340195100636,0.102308872715914,9.54791801177635e-15
1717.689,396.79,-2.06949549337496,1.77670017806272,-1.27268770702522,0.413107189111303,-0.291791948416269,0.604754775281307,-0.870878733832089,0.900014546066865,0.590969339064833,-0.0511462896330259,0.117400626755053,-0.444693802979568,-1.11854969730985e-14
1717.239,397.29,-1.86095492252954,-0.0042478743336164,-1.02236111569508,0.311436605768386,-1.7931942075525,0.384771033526734,-0.675383570831189,-0.112356460803491,0.739229482575755,0.804312813487499,0.106650724152774,-0.256560827040861,-2.12052597703405e-14
1716.789,397.79,-0.500692582573463,2.03405942787248,-1.39999345397316,2.3498020354165,-0.207949965725753,1.04489790593647,-0.0657096280360471,1.02295490676533,0.704936895390843,0.0505729072665519,0.614189742776847,-0.214178546275764,2.692290834716e-15
1716.397,398.29,-1.09698266049411,0.31490412518836,-0.607650716690175,1.08819369928926,-1.32832294988029,0.221339943661669,-0.211734548871665,0.149838315476728,0.931619636514286,0.456943239083474,0.682011727768477,0.0675216674855799,-7.43849426498855e-15
1716.047,398.79,-1.51005714819102,0.522054258286315,-1.54141239815468,1.43863196804227,-0.825372449025329,1.36972347998938,-1.09234394134818,-0.713219375919323,0.490927605532269,0.661867877441854,0.0708824461001534,-0.13848367805236,-5.34294830600857e-15
1715.668,399.29,-0.376798709520384,0.976761849548087,-0.678808949355727,1.69608402512019,-1.27498529014102,0.702701835174211,-0.485179761131981,0.114946908713173,0.924005852213363,0.371335385681388,0.338769249594764,-0.0799270777410778,6.7168492989822e-15
1715.268,399.79,-1.24500507658272,1.70991792598713,-0.814696920261237,1.18666235595473,-0.965002712989959,0.165729479417809,-0.233016508368977,-0.129344779516759,0.502776731030518,-0.314712267626488,0.232294026416819,-0.002321921731697,-1.58206781009085e-15
1714.839,400.29,-1.72898821689099,3.80357808028233,-1.7437779484838,1.76761608076698,-1.19033165509476,-0.692092418008736,-0.200698663042613,0.192215239216688,0.870814185169732,-0.12547703757577,0.420294321159622,0.242887744850705,1.66533453693773e-16
1714.389,400.79,-0.649634001327872,3.14930988621487,-1.59846828348993,1.1773817686725,-0.848140232009108,-0.538317011956118,-0.250949132514341,0.295574938212786,0.991094634219196,-0.00852933526351097,0.621773214587976,0.551624969186146,1.27675647831893e-14
1713.997,401.29,-2.01649424245933,2.07616543438504,-1.40994727020742,-0.548274983702842,-1.12777523894554,-0.104266903061964,-0.0370722948060867,-0.347863936468994,-0.158702553504731,-0.31996494115247,0.311105539168336,0.122222581925247,4.88498130835069e-15
1713.647,401.79,-0.0564323979571424,2.6616421520475,-1.17274022026723,1.06635064656365,-0.387635256219307,-0.0831917879606011,0.184880842582519,0.374292319929888,0.627640322224814,-0.193445673796907,0.599649384244951,0.0646961859127678,2.27595720048157e-15
1713.268,402.29,-0.637391791792861,2.26872618851167,-0.837531275440763,0.446653801146646,-0.426031074559735,-0.205840058386064,0.873565698281207,-0.626742739644468,0.422205456831852,-0.278720654234605,0.023925254713688,-0.128022734687347,8.57647286522933e-15
1712.868,402.79,-1.37310857625988,2.30458774733719,-1.07030617891573,0.441867718016148,-1.2036244333393,-0.326083994912681,-0.37513450975532,0.500732240452395,1.00122199465019,0.271095694544053,0.326705000302436,0.254401562611032,3.5527136788005e-15
1712.497,403.29,-1.15754862107792,1.21666263949437,-0.334659932939695,-0.0523148026917382,-1.60646154802664,0.747958224275164,-0.429292809743418,-0.771185221871068,0.264946057708517,-0.0445175009179077,-0.195326771487432,0.314471299456405,1.67088565206086e-14
1712.147,403.79,-1.24492878226462,1.32305677585522,-0.0561695487544743,0.562115999754961,-1.10872736719654,1.27062411944685,-1.06351431983035,0.0437576921635573,0.657343299768071,-0.243890934764848,-0.277568599164561,0.248072523621438,-9.46465128492946e-15
1711.797,404.29,-1.53098815294167,2.68280298867291,-1.12842697013372,-0.633901231700106,-0.821863557405105,0.7026692987386,-0.418679147121106,-0.132945403885465,0.411756667788065,-0.0309439440213534,-0.122654617150923,0.22137234137131,2.66453525910038e-15
1711.447,404.79,-1.9738615520019,2.70965609673827,-0.90687524654093,0.233593932076538,-1.54360844419575,0.745068721550186,-0.129070526027814,-0.555438870796379,0.507035719026595,-0.0263651608643602,-0.182190519180277,0.121549549744384,4.49640324973188e-15
1711.097,405.29,-0.447797992653608,1.78605241248834,0.0952696419141214,0.705613066020208,-1.06785299353405,1.18702555149048,0.0414272366287147,-0.033707016774666,0.45612273855858,-0.0506986964934523,0.199738383438917,0.261772312955612,8.57647286522933e-15
1710.747,405.79,-1.99044612538859,2.6154385999746,-0.586576468226291,-0.4102628145529,-1.48966978005792,0.100800950924833,0.868691989684027,0.340892058310683,-0.0334349622937797,0.512760753341517,0.20146524450288,0.405686058875647,-5.21804821573824e-15
1710.397,406.29,-1.30935096256308,2.13698870202845,-0.00128926923547676,0.124059187858208,-0.543609835165165,0.420743716129379,-0.664021640363333,0.734552492517279,1.00585375498716,0.0460985111680612,0.152485391738503,-0.143469677417351,-1.18516307878735e-14
1710.047,406.79,-1.80017486041207,2.06522746143783,-0.0962775853302155,0.753732187728877,-1.40028561643794,1.22441491509346,-0.41816880065375,-0.306894009423845,0.100858611272783,0.499569077222306,0.261168690981914,0.197737880558479,-5.8564264548977e-15
1709.668,407.29,-2.43948143381369,2.86318289191492,-0.211704743037828,0.413803861739207,-0.652973540245697,0.784290129437603,-0.102494071950799,-0.22514727430828,0.0611034858260795,0.210247329121664,0.269671265652467,-0.139426394245809,-1.10189635194047e-14
1709.268,407.79,-2.53849457106904,2.75463663646022,0.375655582176089,0.291076004966189,-0.929959947092763,0.756348971604824,0.0300820206505859,-0.760979488464731,0.468395447952334,-0.00590745564208635,0.461904952431168,0.0991281378746904,-9.10382880192628e-15
1708.868,408.29,-3.60488988699469,3.43172914897225,0.0478349898116388,-0.270224498221572,-0.961291156381495,0.29303278802401,-0.615861420877072,-0.0846636133168966,1.19191935961013,0.399625329857867,0.30737938937166,0.0465240865107932,3.44169137633799e-15
1708.468,408.79,-3.71486813604299,2.48593948398964,-0.823359161510664,0.133103323823307,-0.955987947847684,1.42845731816843,-1.0055562785801,-0.483405338783125,-0.14119394209749,0.394700702933776,-0.0925504588218944,-0.176793241336158,1.4210854715202e-14
1708.097,409.29,-4.04153417824552,3.49560220043737,-0.644491434971779,1.0290390811508,-0.740536275184144,0.268000874510435,-0.268723321866317,0.154521585510745,0.197742904523892,0.648111013200473,0.10050894381784,-0.197732188354897,2.17603712826531e-14
1707.747,409.79,-3.95048616271893,2.9828866728183,-0.324564556827941,-1.16840012656123,-1.3518128176356,-0.595025325770881,0.181754457931783,0.0953859780750515,-0.1057868599471,-0.0174597482943151,0.444148435950525,0.412643160899707,-9.43689570931383e-15
1707.397,410.29,-1.78534702864406,2.33718371091226,-1.09115743042015,1.03369304303882,0.216966754610777,0.0180113981149846,0.32563191671746,0.764622365518143,0.614370905405174,0.474341591414213,0.535500886164692,0.124812648266376,-1.62786450985664e-14
1707.047,410.79,-2.18866191420517,1.73824923807077,-0.905696940144677,-0.199896107098341,0.310971603963385,0.346514495057707,-0.152480645093436,-0.174578174818451,0.126512666821161,-0.167265911976455,0.0825413596919221,0.107747837892296,8.11156697366755e-15
1706.639,411.29,-2.22157013587302,1.82152650610698,-1.20122961994548,-0.126719639724873,-0.493638603107665,-0.171515967996812,-0.00211246234656854,0.568785632728105,0.658891101581764,0.400168825813687,0.251734905881447,0.0823976975067146,2.22044604925031e-15
1706.189,411.79,-1.77582282726773,1.52081663948027,-1.21415614662226,0.0212842544154615,-0.32934785181201,-0.129596951289819,-0.113004807513341,0.222620120677431,0.521800687745354,0.483721271226298,-0.00874627386271378,0.165325945555747,1.11022302462516e-15
1705.826,412.29,-1.79366009892555,1.71487067436856,-0.792438327932292,1.58036967728779,-0.401258231146931,-0.0576254909589314,1.5734730453574,-0.0146356174838141,0.165909521761841,0.255760478309051,0.0889642330979475,-0.0703874046289768,-2.54102294761083e-14
1705.526,412.79,-2.18628835396992,1.32106845127147,-1.58196042325823,0.956212808390829,0.992337573936909,0.179230047114054,0.580406149928241,0.801304517517731,-0.240204600568376,0.0978367112963664,-0.0867716241446273,-0.304763685509155,8.40993941153556e-15
1705.197,413.29,-2.72909074330939,1.43871083928811,-1.46202449282916,-0.576769193886694,0.680941161881303,-0.527768743194426,0.349503941123473,-0.26768511681019,0.338119948611151,0.261906931734182,-0.167508468787317,0.0659243712531913,5.24580379135386e-15
1704.847,413.79,-1.58423746727663,1.55027260011206,-0.622225772504772,1.02314809592113,0.472392215060026,0.329693245572764,1.13267558751499,0.505382923261744,0.663248025611804,0.0811874983781962,0.169247963966785,0.0548087696031953,-1.09565134742695e-14
1704.497,414.29,-2.52864964540871,1.03955541225094,-0.687707963288715,0.310607287011498,-0.405016488786778,-0.261378659932873,0.59579623807053,0.382130638846538,0.267723788333061,0.116673738957146,-0.18130133513838,0.312077904171969,8.65973959207622e-15
1704.147,414.79,-4.02017967491113,2.27747054684433,-1.76433886144234,1.02537829300648,-0.415914198606596,-0.289755495517365,-0.870289879930858,0.254640846863097,0.679603853378045,0.142264655264967,-0.546881393220935,-0.517452650766059,5.55111512312578e-17
1703.768,415.29,-1.64786836816463,2.19008150544587,-1.97868595782774,2.99310086615654,0.97412105312311,1.14001713215107,0.288946226444108,0.135910696790362,0.209591383213368,0.440253472994568,-0.24749345090188,0.139812970642269,-5.38458166943201e-15
1703.368,415.79,-4.23308387145663,2.77804422721617,-2.64007984761159,1.95947142517322,-0.21265622159389,-0.422879238539306,0.937989072094991,0.197815283121891,0.0916921640169208,0.591695334667713,-0.75918311205184,-0.275782991975417,1.59594559789866e-14
1702.997,416.29,-2.93405827717585,2.12753175232135,-1.39979949401388,1.5876309142607,0.734255527431634,-0.323064499869714,1.36662904773027,0.151492437406302,0.143313859918828,-0.149584589202992,-0.272340274821796,0.318764434495238,1.29896093881143e-14
1702.647,416.79,-2.19881551216415,1.53048570594119,-1.80512234590286,1.48936006637631,0.713584166864889,-0.0926847717036234,0.247217213764733,1.30251908419649,0.376356429562275,0.0461712967496635,0.0547333625681923,0.135004152816822,-1.29063426612674e-14
1702.297,417.29,-2.20966918939043,1.01016426727252,-2.0810147042166,-0.0607965221281174,0.965032839186905,-0.0314475538417723,0.866532306289482,0.156540721379182,-0.100224600005942,0.33798375501213,0.0601076184225694,0.00544460489303486,1.85268467234323e-14
1701.947,417.79,-3.39872506245037,-0.573230184999403,-0.594133569196012,-0.0666208132769728,-0.346639288670906,0.464091338995015,-0.126859363072532,0.3548027842405,0.553543132060501,-0.149561558735839,-0.166932854210311,-0.338374154782078,1.28091981466127e-14
1701.597,418.29,-3.01507602682904,0.234730573784052,-1.53381849590934,-0.575791637187081,0.622527271307583,0.0396924285511673,1.0294388244341,0.869935326130909,-0.315061668423872,-0.459536268750118,-0.0148508046490051,0.149843260499417,-1.58692503582358e-14
1701.247,418.79,-4.44230206708111,0.992950217392762,-1.71043272677673,-0.194994325618242,0.477146657453273,-0.13062934736164,0.498493238816869,0.173494884026365,0.126488516733203,-0.274820677237537,-0.393840748850475,-0.20970117181019,8.70137295549966e-15
1700.868,419.29,-3.0019700323695,0.293697633051494,-1.2637899139422,0.840557529325753,1.52219107380358,-0.253706150099369,0.852638888528279,0.434241992571114,0.494285103335682,-0.265072221849138,-0.166685003817191,0.183775649561048,-6.7168492989822e-15
1700.468,419.79,-4.1823051222835,0.581811716929337,-1.4904537119032,-0.204734869008355,1.08866710900179,0.17991748302029,-0.0330791902000309,0.277716650597058,0.253270822538772,-0.402832241999998,-0.477011516558183,-0.0883231303520392,1.88876692064355e-14
1700.097,420.29,-1.58962790627801,-0.0891878283160193,-0.887776628460653,0.79238166074568,1.7007609619295,0.263447172955263,0.67053933484768,-0.285321630413382,0.804918536176847,-0.0506371295254697,-0.477561228829051,0.171279198003197,-4.05231403988182e-15
1699.747,420.79,-2.19325462126588,0.136452378458726,-0.830443629067664,1.25725092177283,0.117400070610159,-0.304002777701137,0.897803544338345,0.841901310128679,0.767977499921919,0.00723256986918997,-0.230526184077064,-0.203848100223377,1.11195774810113e-14
1699.368,421.29,-2.75818000699446,0.748134206592842,-1.12963753269852,0.441613216602675,0.407807576732175,-0.488052587547307,0.893775591618041,-0.460874828767035,0.651717670442325,0.227679336881359,-0.321666535983795,-0.187783511822674,1.31977762052315e-14
1698.968,421.79,-3.00988955078862,0.221467505821825,0.476555377694556,-0.36881026352414,-0.0556520136806711,-0.514973600650664,0.45849939861395,-1.13394835121628,1.05740410963817,-0.881435270762862,-0.427438486345138,0.429459472951168,-1.50157664080552e-14
1698.597,422.29,-1.19665234885974,0.578215175138469,-0.637828653533652,0.821808618801507,0.89001113951064,-0.844203921637981,0.912737114420142,0.272250808183705,1.26578798318706,-0.281852783064862,0.100579237831513,0.0878162176178051,-1.85372550642882e-14
1698.247,422.79,-2.57090366113215,1.64411923015556,-1.51594381511721,0.607641157744252,0.835958888681043,-0.309023786638556,1.00864219808031,-0.223773365392669,0.38841081815056,-0.485517741684716,-0.123553664439599,0.16668230761553,1.57616975027253e-14
1697.897,423.29,-2.063308779666,0.0246986876480386,-1.03165738421426,1.51197159782159,0.345233128113745,0.476254225091409,0.151070511056749,-0.407316928879638,1.03960434498324,0.205054866451897,-0.0531267354787872,-0.00417823546197466,-1.3988810110277e-14
1697.547,423.79,-2.35924877112598,1.25757429957842,-1.60045137362571,0.978162280894485,1.24522961938146,0.377245224267231,0.385233022423977,-0.456536925196238,0.55051419884546,-0.288225520927375,-0.44851958239088,-0.0249374065534995,1.62092561595273e-14
1697.226,424.29,-2.5218342977516,1.06768544472249,-0.729049475845141,1.15866042877205,0.74687855339578,0.50187616417425,0.321304192158716,0.250316007146203,0.675212998912395,-1.28091035348395,-0.0194672304036058,0.0769173511872622,-6.73072708679001e-15
1696.926,424.79,-2.40255409502376,0.60180998378118,-1.07920486599274,1.81641401541805,0.848723245619932,0.494214286921182,0.0463108015466968,-0.0705871238543001,0.85510878372617,-0.433606011634257,-0.318737211451094,0.125126965289093,1.81521464526213e-14
1696.597,425.29,-2.83990585427756,1.20607372980251,-1.10251802068862,1.20849367287451,-0.052971273398214,0.140303746545151,-0.030409033427635,-0.342433697185171,0.470415777017877,-0.45892852178302,-0.197353487661306,0.0308980705580775,-7.53563877964325e-15
1696.247,425.79,-1.18892977262353,1.22147373535586,-0.487524289808378,0.466540367653788,0.872149119732687,0.227162799933794,0.537864048991614,-0.625319355904656,0.663239251230893,-0.893360589635119,0.292334023647766,0.535047134172226,-1.54737334057131e-14
1695.868,426.29,-0.895870355325329,2.12852765112012,-1.21460749601943,1.08092613145454,0.818057316443165,-0.175732684600795,-0.36449220465146,-0.0185942821900474,1.03928847580118,-0.739185044524153,-0.0152734433202982,-0.176326402264979,1.86378690258948e-14
1695.468,426.79,-0.72902732350485,2.4335648026852,-1.63384825153102,0.676405935148423,0.686719388335175,-0.51658606325279,0.0211382730368267,-0.872564108378833,0.944705049364082,-0.34370341038206,-0.0908716572741985,0.134067783831823,1.77956607783081e-14
1695.097,427.29,-0.482861514654147,2.42742207912664,-0.763109813587931,0.969730505570744,-0.0149967723733047,-0.342673503959272,0.358967029429312,0.172598580295211,0.725882542145666,-0.90952287871831,-0.0309536712009338,0.128071609299052,-1.5709655798446e-14
1694.747,427.79,-1.3569328394691,2.68938303775616,-1.99897609041182,1.30414288019507,1.34506348923449,0.662276266912788,-0.200025463997603,-0.334487181490922,0.567168093242025,-0.284175632253292,-0.335827699177975,-0.0299863240507707,8.32667268468867e-16
1694.397,428.29,-1.77471940152288,2.13240509851497,-1.22787539689943,0.242658455907523,-0.380802591803087,-0.558001539837338,-0.0607060633422264,0.00401920703428591,0.768177574034016,-0.361563646489699,0.00728093313102148,0.253844046956787,2.09832151654155e-14
1694.047,428.79,-1.16344655084283,1.36802131281049,-1.03136569823495,0.238901577366615,-0.142458943010375,-1.30232281408748,0.543988027067478,0.61655775397316,1.14929931844317,-0.190326106402742,0.35512754109783,0.373780722787003,-1.14352971536391e-14
1693.668,429.29,-2.77572276945721,0.946614265070842,-1.28863806404067,0.045392258909163,-0.319645347587973,-0.964813375317737,0.0266107690572341,0.0396273219783026,1.07847769215456,-0.202112628042772,-0.487833540034362,0.0407755352730259,7.7715611723761e-16
1693.268,429.79,-1.8726157315285,0.988640474030985,-0.842009646912183,0.613374271029392,0.205650509781277,-0.91329724177189,0.544121486733708,-0.499738441560531,1.1756035840975,-0.292503426951216,-0.193681953687861,0.307823408181154,9.57567358739198e-15
1692.897,430.29,-2.50294895391597,1.33158809482011,-1.72068394801263,0.524372007034968,1.63211250867242,0.385353877295736,0.454761495910492,-0.505711856017178,0.482996417546169,-0.273279254583662,-0.298823809803811,-0.0656084837036886,-2.40918396343659e-14
1692.547,430.79,-3.5519038435345,0.590743931593253,-0.85789254338977,-0.421740332319225,0.134801041117058,-0.121737258788282,0.32120300210443,0.199360716082974,0.417376213210647,-0.371618382189838,-0.211928257863746,0.196467364518275,-1.36002320516582e-14
1692.168,431.29,-4.13585089465591,0.708501850228377,-1.25993883760061,-1.20188754457135,0.202156089979471,-0.561723096920173,-0.123845821862833,0.042822425248303,0.243012074140965,-0.162705657243302,-0.337676111749739,0.59386239205897,1.83741910575463e-14
1691.768,431.79,-2.15895482905111,0.835984672368344,-0.779843125167925,0.282574056176455,-0.286548326352431,-0.806549120734762,0.831004237555793,0.843513350376111,0.561845956140058,-0.126554073588813,0.144643688001963,-0.175033273957563,-2.13717932240343e-14
1691.397,432.29,-1.99829798895435,1.78282810070662,-1.58987693821553,1.235105900348,0.624732288309857,0.282418266926541,0.480289975833535,-1.8600907571518,0.633440598364554,0.0990682775478451,-0.392094193040053,-0.274381426512339,-1.77496906061947e-14
1691.047,432.79,-2.75571194634205,3.64038870407258,-1.47754620136091,1.45509420982229,0.240025260694124,-1.14969685890505,0.58675265283384,-0.868532491110442,1.16548792606077,-0.321886863089245,0.200358729548765,-0.027203580885611,-2.02615701994091e-15
1690.639,433.29,-2.73397578629411,3.39338855363822,-1.57747607358327,1.75050493627901,0.849465722929841,-0.402737978404662,0.365510709353309,-0.373718427487607,0.844224550286971,-0.193806234918825,0.0710970019469279,0.186472926229124,6.82526951623075e-15
1690.189,433.79,-2.84383267236393,2.79550102461347,-1.08094041376833,1.42392222998035,1.0807250649183,-0.382708894546771,-0.546873872732477,-1.03147330575666,1.03397787258375,0.00274046427908942,-0.0824263242539408,0.381706405632366,6.93889390390723e-15
1689.768,434.29,-1.42738392069779,2.57723186465219,-0.384036712008838,2.36032330401109,0.731249417462334,0.334938083245777,1.04852356923665,-0.632982445392412,0.541867908441809,0.51724120112615,0.299186669015411,0.531321731658884,1.45161660469739e-14
1689.368,434.79,-2.30597406322199,2.4248045760506,0.468890095487068,0.571310229043804,-0.932387294235087,-0.95595900448302,0.627727118196205,0.0123058034500138,0.466152748161638,-0.349810919438301,0.280504422935265,0.521497968654186,1.01030295240889e-14
1688.997,435.29,-1.88429774892132,2.98790807665627,-0.083247954756595,0.560552790894012,0.754027133725746,0.233059840344191,0.782222872779376,-0.607856935029654,-0.0912567968285991,-0.557460289467315,0.253465008016701,0.892478118025336,1.40165656858926e-14
1688.647,435.79,-2.49579531197835,2.73862024332022,-0.239950896933731,-0.526053152591109,-0.951368669863097,-1.74137739730253,-0.156504740211679,-1.22423543164888,1.46350437126357,0.381660417083639,-0.295914928653086,0.347279011754978,7.105427357601e-15
1688.268,436.29,-1.31561260283076,1.52532614109639,-0.232990521180545,1.57625965149849,-0.922196209580917,-0.630220106114313,-0.0423988913771067,-0.541881461052909,1.01640046101915,0.373028282283957,0.0967834939627468,0.490975699220956,1.88737914186277e-14
1687.868,436.79,-1.60481377612496,1.01943583604253,-1.01280876215159,0.561356422929491,0.412640964141336,0.634915874262735,-0.0914137914097896,-1.31789321856656,0.354233929596842,0.367831810878685,-0.102610914210019,-0.00606843995417937,-1.86933801771261e-14
1687.526,437.29,-0.777074014840858,1.70786000573751,-0.522808955722487,2.03083935139822,0.85490268360292,-0.28945687027047,0.664706167177212,0.135328414907281,1.04591720127544,-0.114965673612329,0.697140046372263,0.168297712506527,1.70696790036118e-14
1687.226,437.79,-2.8373578353902,1.73645413588683,-0.902167789750988,0.329822754374069,-0.101104870951744,0.0586255473713219,-0.193795568563631,0.519330711575182,0.125983281440972,-0.44992561199954,0.459404386418964,0.313323227195477,-1.94289029309402e-14
1686.926,438.29,-2.64585479955968,0.136396789650008,-0.747516153085762,0.298810744085908,0.616011112841684,1.1214063023787,-0.0715765919974412,-0.367919469946375,-0.223793056492424,0.0710853643279206,0.332850302762564,-0.0210929228352663,-1.83464354819307e-14
1686.626,438.79,-2.56424749893115,1.87952997647779,-1.33923386734318,1.11045724662987,0.835128656785285,0.117996478271076,0.761314844933193,0.455953720498597,-0.309758942096974,-0.320003202361701,0.473544666752231,0.0458353934656972,1.46826995006677e-14
1686.297,439.29,-3.09997811432364,0.676895696821067,-0.904004060442324,0.540665867880785,-0.0973946942357373,0.1418615393745,-1.2148926148774,-0.0209145545520135,0.70864625693302,0.697237632148611,0.0755882529468747,-0.14101556789278,2.17326157070374e-14
1685.947,439.79,-3.43797963825384,1.62463671695516,-1.56883943427733,0.640103733522354,-0.324713688738411,-0.942514534139247,0.51914541080136,-0.629884575040669,0.0403089120225752,0.470025457720135,0.0564658476694362,-0.191799434578971,-6.27276008913213e-15
1685.539,440.29,-2.74564947851733,2.42256855961589,-0.911665642573869,3.00093887100099,-0.830897521536515,-0.413768776774087,-0.543507178664593,-0.680828168819154,1.38551619465625,0.430804917928568,-0.108627349496393,-0.377090791523497,8.88178419700125e-16
1685.089,440.79,-2.39726767512467,1.2800902447429,-0.23833271359309,1.30523987741425,-1.41316339324833,-0.659787570539591,0.134121371758292,0.409824024330504,0.602750184727536,0.0863914638067885,0.265201356107485,-0.094796118412761,1.92623694772465e-14
1684.639,441.29,-1.57093217164031,1.65458219848332,-1.50615484038093,0.115306065487309,1.23635685220047,0.666578698618806,-0.532095020580241,0.681870292409361,0.183317886571514,0.352153538357078,-0.0194421451528448,-0.0295661430030005,-7.68829444552921e-15
1684.189,441.79,-2.88061150013864,2.72350485060934,-0.431092304927861,0.980160726094994,-1.6179667679664,-0.182879762176576,0.420565698503398,0.341768160589148,0.180981939483706,-0.0682711341635658,-0.502643781699666,-0.556078442572319,1.96509475358653e-14
1683.768,442.29,-0.403798328148279,0.916832598202567,-1.17179854028116,1.59601921162048,0.702504585041055,0.81873566336563,1.09105786191465,0.522235802871711,-0.109379910710291,0.487944290374432,0.0386001618941584,0.208514416203637,5.55111512312578e-17
1683.368,442.79,-2.18133595222508,0.62325321472666,-0.850954242326002,-1.13906430174272,-0.828420693964024,-0.304372228134785,0.547556140050526,-0.129308440155538,0.207722686573007,-0.164363620903823,-0.335817008361404,-0.592732246450369,1.60982338570648e-14
1682.997,443.29,-1.66143815035137,-1.1881507915927,-0.787647709617545,-0.683728729758482,-0.976963927569492,-0.402009032810172,0.287141435480807,-0.337790579973255,0.375543537376196,0.497171808820954,-0.198993075096958,-0.232822904787779,8.79851747015437e-15
1682.647,443.79,-2.2576971062232,-0.340562344081581,-1.78308022560457,-0.171909070818442,0.886666926244393,0.309807358226157,0.269876086509217,-0.285853300449103,-0.134763654255973,0.187694158546131,-0.0874549382278799,-0.489665158871275,-1.5182299861749e-14
1682.268,444.29,-2.02670156917574,0.442255042621936,-1.60211908792739,1.5079813036166,-0.894165469300666,-0.454066533572102,-0.643905912910099,0.782369710279255,1.15960718890171,0.083127285967566,0.355685417485976,-0.558548594431123,2.06779038336435e-14
1681.868,444.79,-1.57651839029676,-1.15141724617007,-1.57606995032282,-0.697049669934431,0.171774864452251,0.053266683965116,-0.953272666880023,0.114369025472565,0.0892372134176126,-0.156657752695392,0.685068570220263,-0.601631260624178,-1.46410661372443e-15
1681.439,445.29,-1.28580052299376,-0.934235036849002,-1.31763927882076,0.0608176901425424,0.308523414352614,0.354146933520234,0.362234205007413,0.137935949146043,-0.210800640566637,-0.37630346793874,0.594885933038678,-0.262366239934189,-1.26565424807268e-14
1680.989,445.79,-1.46445287186745,-0.54833819486339,-0.90421282461279,-0.979010020369166,-0.315353592338004,0.16479499273673,-0.742313385952353,0.380581890395087,0.32880520572807,-0.414573909947077,0.264873249232221,0.0700918035454908,2.15105711021124e-14
1680.568,446.29,-1.58265410809316,-0.552647361918922,-0.822901081272896,-0.350479675420261,0.0888675050741374,0.621402521099459,-0.0400295510548542,-0.680257195091384,0.0628339162052878,-0.440300246347333,0.0856096067143647,-0.0417423971641139,1.48631107421693e-14
1680.168,446.79,-1.08497342355816,-0.496679428238521,-1.02652446380439,-0.376254331694342,-0.560834703135885,1.28327922423762,-0.814038063835028,0.0538079565421829,0.17100607491093,-0.255913036953141,-0.164049198369207,-0.255347259564413,1.74166236988071e-14
1679.739,447.29,-0.855938342010262,-0.858938153644286,-0.768633735553035,-1.01633788381079,-0.800103534189252,-0.202376178235243,-0.520943246570325,-0.338832254632397,0.954619169302863,0.246647857708857,-0.142563529577059,-0.219338823578419,3.60822483003176e-16
1679.289,447.79,-0.719167482587747,0.846772151364281,-1.16419564475193,-0.519673096915714,0.375060821958678,-0.557614119096952,-0.22918303786811,0.176582818617298,0.857662854770041,-0.517246981332499,0.248939511162438,-0.277465835096773,-1.60010893424101e-14
1678.926,448.29,-0.81288341360798,-0.195498943313326,-0.791337202093348,1.1217792253444,-0.176467887064856,0.752097072317034,-0.421062225062898,0.174919684417083,0.995873355511139,-0.0360828027293437,0.183663553125364,-0.297243607558664,-2.74363864960492e-14
1678.626,448.79,-1.2351788340247,0.169363222305215,-1.06030663768237,0.75243567575529,0.0571429197802289,-0.158712635038418,0.221308247053502,-0.409143101350447,0.743890025190317,-0.53955550102138,0.212455362085061,-0.079945264664331,3.51281503885303e-15
1678.268,449.29,-2.44329556721001,1.37415807104798,-2.17630457137795,0.448290870224635,0.670562799471368,0.160163493247118,-0.700705268325174,0.261352525454402,0.373825694458948,-0.288843288770641,0.0351913452929558,-0.412822972875016,-1.0325074129014e-14
1677.868,449.79,-2.04039201221437,0.65389602658634,-0.973961854406362,0.980464988422666,-0.023202877480082,0.492535591753844,-1.06216978015487,0.706195696902614,0.346390625751181,-0.845915470250361,0.369144844410344,0.0982370971456486,1.63480340376054e-14
1677.468,450.29,-1.47435644565436,1.09721562107887,-1.26528318277803,0.47341105575555,0.49235368762014,-0.17168086751864,0.340894914952324,-0.307724512773213,0.637079992385394,-0.106423273364847,0.244819235303185,-0.0652982070493021,4.28476698566271e-15
1677.068,450.79,-1.57706937910526,0.792442234694601,-0.818065189998499,-0.536648145207783,-0.184069005504093,-0.514224793515811,0.681697766794291,-0.0448484819099325,0.0691880747520807,-0.467073311312672,0.286833634687417,-0.194222158245715,-7.9658502016855e-15
1676.697,451.29,-0.575270394639635,1.18332373244828,-1.0626602647333,0.13392411156285,-0.303030405662442,-0.251247551562184,0.427734791657537,0.154019561950334,0.167099318935323,0.205403622689576,-0.179634568581495,0.188922533432034,5.78703751585863e-15
1676.347,451.79,-1.48662012992129,0.6617461827461,-0.755636378195144,0.457095077803081,-0.545171777853017,0.602192284842226,0.0895624706773921,0.64050754376024,0.023377581945932,-0.231868514178722,-0.0778297409595017,-0.261813364684671,-2.44110287539456e-14
1675.968,452.29,-0.829748203118913,1.07729428840627,-0.986172958329071,-0.348594706547426,0.23178622486581,0.473258187106355,-0.0941536681139797,-0.917915438752301,-0.0560465948940317,-0.413693263812903,-0.2808490425071,0.189174312056022,1.91305304930722e-14
1675.568,452.79,0.11368696521654,0.907964174039802,-0.85925530872517,0.368833391873143,1.38523419149837,0.961481289707219,-0.0543190444613195,-0.288041062746759,-0.00541859549332144,-0.262150098077956,0.181850010358291,0.281385611304545,9.32587340685131e-15
1675.168,453.29,-1.56374989775216,1.99442557455773,-0.916409448835779,-0.238305834756068,-1.39113679020852,0.413713746209853,-0.617949834408137,-0.538234038783967,0.131011899192253,-0.180743910525364,-0.154539350343049,-0.0157924300334909,-1.50990331349021e-14
1674.768,453.79,-1.05500812713171,1.4173719251101,-0.420738770568008,-0.360432611530634,-0.929112450014007,-0.270759915321328,-0.617038891535937,0.23385034507935,0.107354055020489,-0.54737029699889,-0.0510270298170564,0.0777175010304128,8.38218383591993e-15
1674.339,454.29,-1.60524336262195,1.149084032726,-0.596549917436557,-0.0106646012353406,-1.08121880107906,0.261204945387195,-0.40042990567973,0.198307303778941,-0.292043113365628,-0.792004920988163,0.0659249733449611,-0.379430095164828,7.93809462606987e-15
1673.889,454.79,-0.0615322901701181,1.19738906689852,-0.952533443340226,0.720969171572585,-0.841678140277194,0.369441464775054,-0.0203753554027125,-0.329089721812258,-0.160254659850262,-0.192929152514907,0.239979141541831,0.012239592023751,7.105427357601e-15
1673.526,455.29,-0.193395655033693,0.775230567206094,-0.800840042382977,-0.430324778753328,-0.865231910822956,-0.0552071154809151,-0.573022264151404,-0.738696813046332,0.332328816094559,0.0413149792625144,-0.13938922880493,-0.0876026494814109,-1.19348975147204e-15
1673.226,455.79,-0.113924759306509,1.17860854119998,-1.38645412489052,-0.0588360121669959,-0.338388011411042,0.845849017683535,-0.45951318378186,0.210692682653923,-0.28371143715863,0.0857992058688422,0.240834864222992,-0.260402151733842,6.18949336228525e-15
1672.868,456.29,0.135843833193868,0.348209850788883,-0.641868733152298,0.615797681363382,-1.19157556331292,0.526150561246847,-0.30764294880835,0.225496642246031,0.303526571339925,-0.189709992425456,0.217016244230361,-0.134530513412184,7.68829444552921e-15
1672.468,456.79,-0.217550788033826,0.47058499346482,-2.35196996209475,-0.702547546258382,0.735779235994326,0.696354101876477,0.219199123361934,-0.164872574625391,-0.176162841093273,0.111002796722306,0.245780100565196,-0.372547637854982,5.96744875736022e-15
1672.039,457.29,-0.999552500752604,0.701985049044023,-1.97058455426329,-0.311213016622511,-0.0185587893129205,0.0311256376889662,0.723794450175019,0.376389601095788,-0.00516643559453679,-0.558076102612721,0.364521280491654,0.255345389568757,-7.44543315889246e-15
1671.589,457.79,-0.230196968203353,0.968230771730321,-2.27377344524995,0.440548424799456,-0.140251897609939,0.236313124134208,-0.149045535113193,0.0927336940524676,0.0582091538379893,-0.916954977618981,0.0176571269991661,-0.523959316830042,1.16850973341798e-14
1671.168,458.29,0.285141791423246,-0.856614283434935,-1.45843796892015,0.0763121339981461,-0.607182981169721,-0.0676698231765323,-0.263448621460776,-0.371935335069136,0.340218585008041,-0.781225743020303,0.0562016804286738,-0.33597480101703,1.94289029309402e-16
1670.768,458.79,0.0497186662391707,-0.513286736505354,-2.78137358219058,0.137276252645943,1.2503970710287,0.659378004769002,0.120749177583874,-1.13943733049452,-0.369580661371668,-0.404007654129519,0.367490877330025,-0.223313922831849,-2.58681964737661e-14
1670.397,459.29,-0.460055820207623,-0.152758622917789,-2.37086558607036,0.680481182735112,-1.44527052065851,-1.1077281784149,0.326632644462659,-0.99176172437728,0.551051722782269,-0.143480882683831,0.457322983998405,-0.824434863624228,5.10702591327572e-15
1670.047,459.79,0.291292811661515,-0.00669112699051161,-2.11832031532135,1.3025933690811,-0.142929822333743,0.605375640395856,-1.42075595450092,-0.782225990231102,0.802212284928521,-0.405628741645213,0.217210125405465,-0.521656847673188,1.33781874467331e-14
1669.726,460.29,0.1992606062085,-1.08938730433412,-1.16652832227033,1.34367405077663,-0.649029643068702,-0.208883657742256,-0.266669609296225,-1.02675280299646,0.703654978220369,-0.310410136807248,0.496635699514754,0.112160729328813,-1.14890735813944e-14
1669.426,460.79,0.752841312168871,-1.09496652141649,-1.2787561742502,1.07247216256092,0.14342364976583,0.101747333330799,0.0545850923484886,-0.857641858258366,0.104098254369355,-0.712705596101822,0.456822790399401,-0.203562744355415,1.59594559789866e-14
1669.068,461.29,0.70971039608373,-1.3670665987655,-1.85055014462277,-0.077757351082869,0.276110257640698,0.284645865338391,-0.318395466775008,-0.608202090092333,-0.22328319640809,0.0439078453728294,0.741806081612485,-0.204237998304476,-1.01030295240889e-14
1668.668,461.79,1.26440642858312,-1.56116759040371,-1.31638180584389,-0.065355096710545,0.639655219473342,1.06885031155986,-0.492291887814988,-0.613557994605352,0.0490134169327183,0.253502913678986,0.609566802722264,-0.464517126729574,1.23789867245705e-14
1668.239,462.29,0.138783913273784,-0.812664458840845,0.0110965805573853,-0.717124827472504,0.662202523910183,1.39910690953405,-0.663760910511092,-0.102530488883455,0.806616903416946,-0.467462661886178,-0.144279477700047,0.0375088225431682,-4.413136522885e-15
1667.789,462.79,0.346027513534041,0.124129090228144,0.08076269745019,-0.748967208773272,-0.495215301128625,0.457401125145515,0.322682014645873,0.623673704783055,1.03174576018711,-0.294695129143625,0.00773773258609976,-0.248598398995882,-1.11022302462516e-16
1667.368,463.29,0.949379140592176,-0.164286102417215,0.570487939476652,-0.451532640481988,-0.0343083523137788,1.10873267953757,0.382218128820949,-0.0649856310892079,1.02255236273005,-0.644205849563476,-0.301841686219653,0.142916207001909,-1.8623991238087e-14
1666.968,463.79,0.525175126556769,0.0204765121144712,0.851213066779034,-1.15704690094858,-2.14663174914234,-0.161715807486969,0.425761891006353,0.0910305216982109,0.841761181318446,-0.764687381529622,-0.530680022373127,0.572796649851359,-5.55111512312578e-16
1666.597,464.29,1.73990436827937,-0.0504672332440198,0.368271915207387,-0.195169724843191,-0.86811780321984,1.19079615064698,0.757825250218971,-0.684465370254794,0.426637130440978,-0.508869758913606,-0.174308460456534,0.380534869556087,-1.50738796445005e-14
1666.247,464.79,1.66071710441267,-0.346538713327057,0.958027239445585,-1.43686717968924,-1.03396625950091,0.379698241275211,0.238276453988519,-0.720356957422981,0.910191629592617,-0.584833416355888,-0.067365155432815,0.0194743751177574,-1.0547118733939e-15
1665.897,465.29,0.796014857844723,0.0368740435390281,-0.367729942480415,-1.30105642324459,-0.709582569625403,0.658898582514399,0.487224350372047,-0.784074098356272,0.457694934656931,0.0519839623403592,-0.229135043200538,-0.0108677092577381,-2.80331313717852e-15
1665.547,465.79,1.88740586488406,0.817903562639236,-0.902883296602824,0.0111020071451117,0.267985590073193,1.24920251790127,0.149473319770678,0.256495114312561,0.342793359779589,-0.450495913514937,-0.173944042840015,0.0967030072379335,-1.97064586870965e-15
1665.226,466.29,0.425346535819974,1.15426307546402,-0.845590484573932,-0.26306655624098,-0.915011416018612,-0.15015059338017,0.218232508421773,0.0401641653162046,0.823307919993781,-0.728947443713228,0.0341821528036202,-0.028079695870354,-4.35762537165374e-15
1664.926,466.79,1.16196163015219,0.707236152882524,-0.764339981546428,-0.0381108236568172,0.0735290160144411,1.53618499619097,-0.433828223499412,0.0458342456207044,0.27687338208027,-1.17078532280484,0.0825179091244982,0.133742303164908,-1.50157664080552e-14
1664.597,467.29,1.36932360191394,0.0210178855726038,-0.709519324570703,0.931083049882339,0.59508348466884,0.913306914158442,0.172001350438489,-0.701089553519376,0.715215683266201,-0.661914975676088,0.0354870931827866,-0.0588705639416918,-9.2148511043888e-15
1664.247,467.79,0.676642409741794,-0.346961466966583,-0.150179322207975,-0.362210079600337,-0.53036318373319,0.198375697024916,1.40362653147624,-1.14931043606539,-0.014793675636619,-0.963390846211624,0.216000766780376,0.112957925327288,-9.27730114952396e-15
1663.868,468.29,2.23213162720599,0.159824327970709,-0.916894750551248,0.852477257295635,0.454492309392416,0.759222995244773,0.342984300038607,-0.383063176406714,0.604650540653208,-0.414794466743736,0.404935498473614,-0.0715035378586711,-1.26565424807268e-14
1663.468,468.79,0.76797611548221,1.17191647051292,-1.65766345417048,0.588378767455469,0.428389460484035,0.523217722380219,-0.220602205401509,-0.705512382878754,0.71092748704886,-0.30366829273046,0.170983933332025,-0.137602337817598,-5.91193760612896e-15
1663.126,469.29,0.741906329343763,-0.00979609663001491,0.0513079419529763,0.103363908260119,-1.02529752673916,-0.305317715729049,0.510294425646321,-0.649848552178021,0.721608230109319,-0.81994186162322,0.177291292659479,0.0140185300044087,8.3544282603043e-15
1662.826,469.79,0.881336052752534,0.36944813192843,-0.550348318185273,-0.298813309759148,0.215702765975463,0.417126989166665,0.385856546309258,-0.758233093245173,0.0743344750606241,-1.12473373263349,0.0959450775790086,0.140277392006627,-8.52096171399808e-15
1662.439,470.29,0.143582792342419,0.495228966580728,-0.167974116301903,0.809235150567869,-0.230657373636798,0.564867505435575,0.42029223631841,-0.725100733712395,0.242891923043427,-1.10581908316945,0.185286312895858,-0.228009070183058,7.59808882477842e-15
1661.989,470.79,1.19751918755041,-0.236793114686689,-0.227141770800542,-0.0082127976699948,-0.571973772939673,0.120496911043761,-0.264262422235529,-1.35743086309725,0.863417867818558,-0.1851020293299,0.242509080488145,0.359623396772271,-1.75554015768853e-15
1661.568,471.29,-0.265960559326381,0.160193649771558,-0.533754720113637,-1.32806853700062,-0.270113386844162,-0.0457774045778992,-0.853926040113499,-0.398536892542308,0.852854728590306,-0.148532549229773,0.217150113663221,-0.0868520047816644,6.88338275267597e-15
1661.168,471.79,0.469985982814565,-0.106511421080857,-0.270141244331704,0.283802515484183,0.214136725924805,0.995898794339656,-0.0938752052864394,-0.675428733341748,0.478223520914881,0.0176330709714803,0.374683829124458,-0.239192762734032,3.05311331771918e-16
1660.768,472.29,1.33348655090354,0.113899760991801,1.03759615762488,-0.478623141916363,-1.00323121132445,0.0877545596213412,0.320999674382301,-0.260858767928379,0.685664749848766,-0.768590904863679,0.618409432695322,0.0850276694405232,-1.0547118733939e-14
1660.368,472.79,0.803806406124746,-0.557034796304857,0.315850818416169,-0.97825717076502,-0.493433011900878,0.631459911565377,-0.0931670029415641,-0.0101065233302527,0.227513372896891,-0.135862250090575,0.483097132261282,-0.0701484481785566,-9.45771239102555e-15
1659.968,473.29,1.29076047160381,-0.514830879865344,1.05056448285826,0.785394820839675,-1.4176863506248,0.273015228068534,0.77609086636313,-0.467527019783444,0.3303426786874,-0.334597500773183,0.318027169644472,-0.300676644716459,8.85402862138562e-15
1659.568,473.79,-0.187301474149736,0.297895927390928,-0.026673979424551,-0.401591495435842,-0.679631765949282,0.937301203520499,-0.289547969633084,-0.348001719725235,-0.097934395913078,-0.513554922572481,0.263745501099051,-0.152058347950281,1.63480340376054e-14
1659.139,474.29,0.173704420287052,1.54745782227494,-0.960825361516029,-0.993908568442579,0.662449530418064,0.565090945757182,-0.146842245783992,-0.179956952278433,-0.190403836301123,-0.717164524262545,0.325389718278414,-0.244250492353318,-2.14134265874577e-14
1658.689,474.79,0.428662797044296,0.188012427730955,0.197269684797634,-0.828482431567606,-0.487936425998761,0.0572989901877026,0.302982756613007,-0.498336895064122,-0.201029746165178,-0.74760665295176,0.513918277347738,0.21917644792788,7.66053886991358e-15
1658.239,475.29,2.15001645065748,0.688004938069469,0.247705338830053,0.0709305459149814,0.797846597497334,1.31218713472358,-1.06121061978053,0.143580336430587,0.575703614476939,-0.692927187225133,0.356710132271729,0.0880939244025449,-1.43773881688958e-14
1657.789,475.79,0.834255922545239,0.186505747557259,0.377344278264379,-0.361995106879269,-1.35229303669849,0.0566241716317183,0.478280489842112,-0.832372797888187,0.341919963405308,-0.0310977604746427,0.322850443322795,-0.288190016890385,-2.66453525910038e-15
1657.397,476.29,0.609758175108086,-0.102794692187696,1.13480564974852,-1.16543527304321,-1.81913400812322,-0.0508923820604251,-0.0833238718258273,-0.851005752254428,0.565132947312893,-0.496773895497521,0.405719826101796,0.0436986215161893,1.01585406753202e-14
1657.047,476.79,2.10575769504152,0.334638717746576,0.391422628937994,0.227995504612482,0.415036165049208,0.371275255956055,0.101420093572671,-0.197405888179673,0.692604004778407,-0.564087887414227,0.452483297848542,-0.268927418523853,2.01505478969466e-14
1656.668,477.29,1.26930822011818,0.769032059123446,-0.0732794546388434,-1.21560039543199,-0.55286485692265,-0.318003632915026,-0.0465759793402917,-0.753376722087808,0.599378182995997,-0.690398102579021,0.0183778890952533,-0.11821963181235,-2.61179966543068e-14
1656.268,477.79,0.879780127881272,0.0526685115711154,0.383244819205148,-0.242978053709353,-0.377872502777959,0.198150407317521,0.749246599776969,-0.690595148449204,0.136453612407987,-0.839594173725365,0.362509393812635,0.254978297426136,-1.29271593429792e-14
1655.868,478.29,0.54188267825441,-0.084663485025009,-0.239839291628298,-0.476734210665953,-0.327294198985451,0.292392954290869,0.221671126753788,-0.615487613753984,0.104151542112798,-0.611457424520962,0.318601115044692,0.0619928492330745,-6.12357387019813e-15
1655.468,478.79,1.79726545099645,-0.347202880896572,-0.0640685862538107,-0.672067130455747,1.15681761617739,0.589588391100132,0.317826549509049,-1.06092442023563,0.546360902708986,-0.635210076784463,0.55072601201749,0.0918713821263626,-3.66373598126302e-15
1655.068,479.29,0.20254588750297,0.523149607386095,-0.987389003655441,-0.590499533095139,0.390865258045181,-0.0929527549893412,-0.410090164330601,-0.918589149549799,0.359844895030608,-1.16570524278864,0.324536095490706,-0.0535113177263097,-1.69274316785817e-14
1654.668,479.79,-0.690107576220133,-0.382545022158262,-0.846026027773403,-0.731592122122849,-0.580480987969464,-0.549878691366047,-0.438608336654294,-0.945281043681608,0.642540243708943,-0.470981083189023,0.141261978304797,0.0819911422020069,6.27276008913213e-15
1654.297,480.29,-0.145447957062219,0.691281476876636,-0.931915027722047,0.60323132590155,0.224009876712336,-0.894199194507609,0.42439625972686,-0.856650611709666,0.964900160276664,-0.799612124511989,0.148012958258143,-0.354190407276863,4.66987559732956e-15
1653.947,480.79,-0.188209036334002,-0.625355675038481,-0.83708628085162,0.437962188620334,-0.449775616837844,-0.373774622041109,0.136877721125434,-1.08850102778969,0.61802008206232,-0.855442567519697,0.193734628928593,-0.00322158105127524,7.50788320402762e-15
1653.539,481.29,-0.0923191485973863,-1.13038379821558,-1.8235256435951,0.141126292948574,-0.161843903296538,-1.26359952271772,-0.159237140420355,-0.108729137707685,0.848834705024763,-0.61798592062523,0.329982046518486,-0.579641962143956,1.27675647831893e-14
1653.089,481.79,-0.252011477095417,-0.7243346649965,-1.74581275284199,0.532946146218887,0.142974353205471,-0.201425556270345,0.419669059186092,-0.857961741125126,-0.163654723257445,-1.12273514643006,0.198996750230878,-0.186878276274939,4.92661467177413e-15
1652.61,482.29,0.849698433656531,-1.4536187194895,-1.95142437010067,1.09944486499892,0.871458527091769,-0.261019234887322,0.296820145062691,-1.15131759251658,0.256486203557212,-0.822938388329049,0.165563696096809,-0.0867156277969946,1.02140518265514e-14
1652.11,482.79,-0.00742746036509973,-1.28691723134782,-1.66460127220723,-0.617160623161919,0.627376239787965,-0.815399445648654,-0.404854495679256,-1.44405109673952,0.539769857106943,-1.07430418440531,0.150963396232806,-0.401936789328921,-1.77913239696181e-14
1651.581,483.29,0.0699278638496726,-1.55050339388411,-1.02307628578786,0.201945195428706,0.725340284952698,-0.237288335523677,-0.210655344389022,-1.59120778559079,0.380756662679026,-1.47344055707403,0.0236148160601179,-0.49103249142074,1.0991207943789e-14
1651.031,483.79,-0.906084873399092,-1.68586523158556,-0.326381225108621,-0.2946492128316,-0.0737133319185248,-0.243359933174956,-0.394333567160206,-1.29583842925069,1.00117181939258,-1.15620222153091,-0.155941274774028,0.178600300045222,-1.27675647831893e-15
1650.51,484.29,0.0842050870299857,-1.07296661582539,-0.837169837051062,-0.545129973240406,0.938735419698883,0.530285694313396,0.75036426453603,-1.39168494499051,0.133667355211852,-0.918691365601712,0.0190706119437522,-0.266171819392878,-1.73194791841524e-14
1650.01,484.79,-1.14537305677951,-0.375908615953793,-0.569412006523549,1.22954804317368,0.131492391167359,-0.321735148589167,1.03294261740625,-1.19747546428736,0.784376143560302,-0.548869352967447,0.0155133845913654,-0.376783488685521,-2.31238639347708e-14
1649.539,485.29,-1.71059334394956,-0.232913437219365,-0.661025799354323,0.0106848413097015,0.0904800743716107,-0.119807348702924,0.43019540600729,-0.451553809070127,0.257885912902151,-1.29159479689119,-0.100215253149768,-0.0201391463320074,-2.23571161583891e-14
1649.089,485.79,-0.0952759379793968,-0.872449315554875,-0.502342223496133,0.589059820845059,0.235177483342235,0.511213473889666,-0.16361796504074,0.592148093990258,1.33529123942024,-0.314196622038784,0.00849820054938345,-0.349660094403851,3.33066907387547e-16
1648.552,486.29,-0.158634017923152,-1.45377124639267,0.121214766198918,-1.40479737612619,1.42215658787254,-0.0250229838727344,0.792961515890674,-0.902262087924978,0.832817376416613,-0.846674705797958,0.0584181477602816,-0.160924371107981,-2.18991491607312e-14
1647.952,486.79,-0.440813088178329,-1.60876933683693,-0.124296899272306,-0.0433109104052904,1.20861799536127,0.936271401524507,0.0330196095738576,-0.389339276885792,0.766100262743495,-0.179286487399392,0.00232731827240472,0.0891416890767293,-2.35367281220533e-14
1647.381,487.29,-0.406163212228379,-0.635440232427342,-0.295914840377451,0.0529153895070043,0.891457282860204,0.740713583210572,0.0199881553221651,-0.26915631095423,0.860545933034255,-0.434184258048033,0.107102030496898,-0.42351897323956,-2.85882428840978e-15
1646.831,487.79,-0.103985874505686,-1.27231013055232,0.0539564913058298,-0.807249234336598,0.594947107875458,0.608155440438833,0.283312462159245,-0.375186964063691,0.594966628017256,-0.454356765591554,0.370341988136861,0.00164062474592404,-1.55431223447522e-14
1646.31,488.29,-0.280964960027065,-1.74345567824961,0.523136486390566,-0.307497540843045,0.14648271826497,0.336016367186191,0.155101646384878,-0.794102531789801,0.959850055091253,-0.489134666461879,0.248842382640063,-0.269415016154404,1.71668235182665e-14
1645.81,488.79,0.241513867383901,-1.5443916631052,0.190151204921012,-0.411934674452743,-0.329278979995196,-0.611792471780069,0.936886392861411,-1.42322163748378,0.896860809137552,-0.320323938408589,0.183755789373086,-0.226543573675833,6.43929354282591e-15
1645.281,489.29,-0.705828914406309,-0.630553587587603,0.21429727868093,-0.344342735533208,-0.33183601024839,0.19709502471289,-0.564112471405421,-0.390970047862275,0.849495446270006,-0.894103090469385,0.112857864474301,-0.124958583584152,-8.97892871165595e-15
1644.731,489.79,-0.708081347244613,-0.76582991290207,0.0870709214030494,-0.546786674470169,0.133709425326421,0.207793266770696,-0.902148932773661,0.00285776481511282,0.831692747883022,-0.299758589338237,0.225062322488081,-0.256858572191336,-2.95770352654046e-15
1644.123,490.29,-1.72696383864243,-2.01860763214217,0.534594937028462,-0.741285538535971,-1.00959836453664,1.22029935147552,-0.707624641135787,-1.27356850439598,0.478662526548056,-0.482372772606224,0.164113177550667,-0.393033716683845,2.90045765183322e-15
1643.473,490.79,0.0643661827320477,-1.90861680366224,-0.331562262950947,-0.610156153250914,0.414849338361365,0.706212492750036,-0.0201110677381888,-0.722627668707839,0.656052929452447,0.251264979643044,0.472749908392697,-0.170142527368326,4.16333634234434e-16
1642.939,491.29,-0.668785985445467,-1.05248207160407,0.0883281222539773,-1.64525351905397,-0.456239765025266,1.00296600133987,-0.197342811959326,-1.28358305302129,0.578736823174342,0.0194295670992222,0.36287447129406,-0.342304920487796,1.83048021185073e-14
1642.489,491.79,-1.18936023837911,-0.818787635317194,-0.521081764447676,-1.31485667188594,1.24763869696639,1.49639672491639,0.277032777983613,-1.42151352625313,0.147440533985931,-0.4613992360122,0.557239630820572,-0.255594954222508,-6.43929354282591e-15
1641.952,492.29,-0.479873688681947,-1.82034020310376,-0.566461715000421,-0.13230015596829,0.86669889591327,1.11434912009713,0.067628865276803,-0.495109218119963,0.456936742065864,0.475381904005675,0.767143699918492,0.0896224334858876,-1.2490009027033e-14
1641.352,492.79,-1.5848826225235,-1.11720308395098,-0.361767139236781,-0.295213506260581,0.893793176222405,1.12275649842864,-0.209830891418146,-1.37739561010544,0.52061005978888,0.347697318519943,0.0365339636181687,-0.226541790720335,-1.41553435639707e-14
1640.752,493.29,-2.73937813959114,-1.20898020402878,0.0549434169402479,0.0980545906130338,0.410548393715553,1.15378973310094,-0.527248198065818,0.228549019999186,0.489201568542854,-0.0795387838924912,0.11613794099646,-0.489893076703072,1.40720768371239e-14
1640.152,493.79,-2.11413167446192,-0.756621319018354,0.0273227350865343,-0.0988139246305797,-0.554345782998113,-0.0985545608114936,0.8006211547327,-0.53198623792306,0.184574602332687,-0.307170999059039,-0.0217145744618497,-0.433659845738388,1.28785870856518e-14
1639.523,494.29,-1.60796383887364,-0.878210116486844,0.311343592312039,-0.608142065732062,0.371724213464436,0.787850709050861,-1.25880404926272,-0.0594295873723983,1.09635992704735,-0.346281587704058,-0.0998381883412471,-0.321477087967072,7.89646126264643e-15
1638.873,494.79,-0.994216707313458,-0.982380923280056,0.0700596695217977,0.0709023574181676,0.200984901042287,1.03805962333074,-0.559673294166274,0.201505318701887,0.528473416901659,-0.263987867489731,0.314919915152382,-0.359763819502616,1.46271883494364e-14
1638.281,495.29,-0.128252731656927,-0.935133232218301,0.646040331039707,-0.744886361959757,-1.46623676939132,-0.457405624259513,0.914579818483462,-0.603119297693464,0.494489031587745,-0.216066290118952,0.677469972656632,0.080294070197258,-1.99840144432528e-15
1637.731,495.79,1.88186931927347,-1.54177877723738,0.215714541913105,0.513709449390358,1.31084875648173,1.71092361781133,0.345878704335647,-1.78250751392985,0.309406389888196,0.140549686862158,0.397384558175481,0.103546100647123,5.55111512312578e-16
1637.21,496.29,0.343162334498751,-0.987715674891616,0.623813656763319,-1.01096608949894,0.38030787599058,0.758661794116011,-0.410615390761515,-1.17011110821026,0.857044236987618,-0.201511924767996,0.369577398488822,-0.081472852835425,-1.82354131794682e-14
1636.71,496.79,0.715842681203512,-1.09833474190914,0.480069643243241,-1.30761064575531,0.402649253394122,0.402205348485359,-0.177815911992548,-1.07717761350536,0.235552218673006,-0.536553393490965,0.448611215212684,0.277653258212919,1.83186799063151e-15
1636.152,497.29,0.558690919001053,-0.592989035835509,0.37113686900659,1.12116935315723,-0.396213786296364,0.441267592095772,0.800906600352308,-0.874807890807269,0.455703731561194,-0.32882521108647,0.365935954936438,-0.0361843205309374,5.62744295606876e-15
1635.552,497.79,0.548593100496638,-0.128598079472816,0.0306568043405638,0.297019016912968,0.250126499393968,0.51847868389657,0.297804520449547,-0.62254886602642,0.587758461618441,0.0428757825497316,0.52461805201343,-0.313800862488157,-3.83026943495679e-15
1634.923,498.29,0.542362621067077,-0.607848656296224,0.3141660741438,-1.63344319797492,0.177459246898657,-0.000561085108084766,-0.446021656972722,-0.786816784709173,0.601909751933041,-0.0189395144595931,0.640956954303362,-0.00621273917319799,-9.42995681540992e-15
1634.273,498.79,0.744047741480937,-0.397115746456946,1.16556138141961,-0.178693184905666,-0.587235928230663,0.44592847168655,0.148469098822749,-0.285531458994567,0.504439401384407,-0.361051455864659,0.679891688517928,0.051792936376105,-7.0082828429463e-15
1633.594,499.29,1.77595871546383,-0.281376387425446,1.02736973214847,-0.757607747530935,0.151544496453956,0.432372475749366,-0.498026884317711,-0.657036483251398,0.668820827319509,-0.180934541696539,0.359791454249731,-0.157496862786172,7.61196661258623e-15
1632.894,499.79,0.828863391027149,-0.0909716427370503,0.890875701991144,-1.57369771937077,-0.245488255176452,0.0127908717414956,-0.587146670731668,-0.515378009348836,0.253753831508782,-0.433581365258391,0.477215132606193,-0.217502487040563,1.06581410364015e-14
1632.252,500.29,1.08252298825233,-0.123816232443355,1.29446211160465,-0.940191632001581,-0.592810314919043,0.540903721382996,-0.137107241576351,-0.728812200646993,0.507654249976022,-0.366619463526409,0.621812947143445,-0.104821133725416,-1.06997743998249e-14
1631.652,500.79,1.52052744006744,-0.00246883644279577,1.3972241898935,0.0459673599802974,-0.399553492878408,0.237260082893747,0.445182289031192,-1.0688695115177,0.986917938452287,0.09083161253851,0.782986127377142,-0.093328171924093,-1.71737624121704e-14
1630.965,501.29,0.134823180456429,-0.145043209994276,1.37422320146393,-0.651782594414927,-1.17537511407839,0.525260295328176,-0.359873595232529,-0.872333792736318,0.708641008101994,-0.258502062793203,0.275179097327429,-0.307333862142829,-9.18709552877317e-15
1630.215,501.79,1.34485135707866,0.00782992073379798,0.400522530914077,-1.36131638157051,0.627473037092556,0.274843409044951,0.300750160593331,-0.530488777616883,0.303470739591663,-0.339532542302074,0.58197248425637,-0.124285009086871,-1.67366120962242e-14
1629.581,502.29,0.109991324145495,0.503437078758925,-0.128830271109971,-0.506338281600163,0.364511598566036,1.41237933963602,-0.538039268777361,0.111988092151814,-0.0330427795758325,-0.473400676684739,0.273893622205218,-0.200366449481672,-1.9151347174784e-15
1629.031,502.79,0.636041854584364,-0.29868834047551,0.993984322721075,-0.614331404158028,-0.975174915152321,0.0477272969153064,0.160221989901313,-1.10936748799104,0.89778256340075,-0.00290734930251493,0.539176311572714,-0.0608046794401836,-2.75057754350883e-14
1628.423,503.29,-0.225100831865104,-0.265546390600322,0.51277059610446,-0.905265848822021,0.330391383945339,0.865523070080354,-0.342262738343167,-0.0739016333967578,0.217178833469403,-0.391031317387739,0.396686635476159,-0.372260969481123,-1.74721348500384e-14
1627.773,503.79,0.0210030818033291,0.524848292415689,0.363036182808127,-1.1088280773709,-0.0291348491693903,0.903949487504112,0.18790194595085,-0.681167141159452,-0.108245140311652,-0.433826313559506,0.492042772690524,0.00269902085947623,1.21287528631608e-14
1627.094,504.29,0.892061908025186,0.0636607615328388,-0.0220682523447927,-1.13288074436667,0.191794283348921,0.671335128104013,-0.610467016615269,-1.41625082082672,0.400448772042705,0.453622876846025,0.248912166372522,-0.00940685026510937,-2.48273623881801e-14
1626.394,504.79,-0.10933029274549,0.480544550067543,0.804500881249275,-1.42504155648183,-0.867349287003825,0.352996081173861,-0.378293878228538,-0.957977731116292,0.545677990795135,-0.224599787983048,0.436162157845961,0.0229831299735827,-1.27675647831893e-15
1625.752,505.29,0.583522206960783,-0.294336760435077,0.452997497357489,0.257553279458737,0.419491377121132,1.65723200118982,-0.259307519108469,-1.28595578307262,0.628328622146872,0.41056595029326,0.660198955997646,0.300846827184854,7.66053886991358e-15
1625.152,505.79,-0.166772341920223,-0.61175208801,0.893955671704593,-1.55655397102666,-0.0319688600324733,0.709929974753343,0.295497112144592,-1.65197478297071,0.158679177241643,-0.187677425914343,0.406727082541194,0.37327941680585,3.66720542821497e-15
1624.523,506.29,-0.216156151731588,-0.506849472661936,0.444350828091535,-0.0279098779194739,0.346408288397161,0.679849141198828,0.338576993421236,-0.926100325686523,0.733887217304594,0.0851094166076561,0.300943224398368,-0.246773094909843,9.64506252643105e-15
1623.873,506.79,-0.0408920834728289,-0.286957875190232,-0.45956183612589,-0.954118786669747,1.42712668204671,1.59648623335448,-0.25059873862,-0.879949276167213,0.26739182145271,-0.0610219243657449,0.319367567356872,0.261647554906619,-1.16573417585641e-15
1623.194,507.29,-0.302542696837599,-0.687447921924803,0.80777877379584,-1.55588621200664,-1.16395376681188,-0.666177902927132,1.02244780797511,-1.24005818843532,0.692817306184959,-0.529182518495322,0.181711270394244,0.374709261000468,-1.79856129989275e-14
1622.494,507.79,-0.103730336964136,-0.29294530157824,0.34825738677234,-0.508989324983846,1.09665675884369,1.06979024931649,0.746762009556438,-1.10020689396637,0.36127854438106,-0.704740256242502,0.227787701763765,-0.103938180550406,-1.83186799063151e-14
1621.823,508.29,0.855101145269779,-0.932731924513347,1.38965349071517,-0.289412563786238,0.230593403122431,0.849205228137129,0.374242373696847,-0.581029622695732,1.28270541149673,-0.482220409722559,0.225549519799183,0.22801670652426,-4.63518112781003e-15
1621.173,508.79,-0.165595627321155,0.174027555148332,0.485169355746736,-1.5076040007409,0.235744859963844,0.618988253953625,1.10924086583341,-0.933587302044928,0.567589196580672,-0.711423799117745,0.0612054702992212,-0.11160991628254,-1.65700786425305e-14
1620.552,509.29,0.195733689810352,0.179013421790782,0.753926386144718,-0.944976995329193,-1.11982062565844,-0.784969600350468,1.84098775227659,-0.251669426198827,0.927953800832762,-0.315015848686674,0.341033689940767,-0.0273955101592647,-1.59872115546023e-14
1619.952,509.79,-0.152476195170081,-0.33078092352693,0.606393566602164,-2.2255622467415,0.239468634091702,0.00382054918067037,0.254120878790773,-0.173913150244156,0.726854394886551,-0.835308807773305,-0.00552925323604604,0.321413849314893,2.06779038336435e-15
1619.323,510.29,-0.287917437317009,0.0624259830234703,-0.00735810168226951,-1.3543370667076,-0.120953554326004,0.126992450220675,0.25232557457562,-0.288601272091872,0.930437817053436,-0.292803640221024,-0.148993061642643,0.300303776912538,-1.26287869051112e-14
1618.673,510.79,-0.304274077692223,0.287097827278222,-0.612382264731941,-0.218806088141852,-0.0291225531573743,0.229469236456108,1.00540738339627,-1.35687066709059,0.485943824494082,-0.0357280525698046,-0.0600340454491033,0.227004753366345,-2.06503650984624e-14
1618.052,511.29,0.00680319793181372,0.87189542088789,-0.419303178516012,0.28826779303131,0.860863403850278,0.510232106044375,0.411803003454062,-0.37939151401594,0.825041211259477,-0.20317475315246,0.573377066106126,-0.012783345605991,9.79771819231701e-15
1617.452,511.79,0.265744708059923,-0.234757026537096,0.149531631662145,-0.431745460212763,-0.4941724821614,0.183655980490633,0.629039896103202,-1.13180142498905,0.561979855844362,-0.360906175436525,0.556284193759965,0.11285245790116,-2.43416398149066e-14
1616.852,512.29,-0.404194907673626,0.19036519738825,0.157445266997096,-0.257926532757933,-0.221543952325507,0.630272363930635,0.939921620944799,-0.69851625540766,-0.120925406379116,-0.752427705978697,0.714992566862476,-0.188264166755328,1.93248195223816e-15
1616.252,512.79,-0.732933392165079,0.565981500002767,-0.942464670071498,-0.709671995559895,0.20590011641885,-0.080114340722599,0.209745593127236,-1.07451172965105,0.34124553174282,0.386195628726297,0.527167314535612,-0.161544472933436,1.46410661372443e-14
1615.652,513.29,-0.730383333264948,0.135068963030041,-0.439919320381565,-0.616271501803804,-0.268584768786664,-0.59200365189057,0.636456939529705,-1.21278120878082,0.461449590737022,0.213639731610972,0.611624382477689,-0.181423817796554,1.35169653248113e-14
1615.052,513.79,0.127330093475263,-0.319095853825543,0.742462576517347,0.139536816846374,-1.28085421553168,-1.31757639271575,1.39933967804232,-0.896224916174324,0.684482138066294,-0.0188159494543118,0.855759151388934,-0.119945760473669,-8.27116153345742e-15
1614.423,514.29,-1.13265226754928,0.797086878810517,1.23818466251753,-1.61246188075087,-0.405619846109622,0.731790361478849,-0.198346501309393,-0.703480115421572,1.45333983675607,-0.173788375756777,1.12449203452579,0.212697604741537,1.07414077632484e-14
1613.773,514.79,1.19896260769079,0.370299343820754,1.07436386654399,-0.561916821675422,-0.376890228391516,-0.630477211630183,1.09826063445936,-1.08023482434928,0.869880552392816,-0.205531044448169,0.963171243611654,0.123638268500932,4.57966997657877e-15
1613.094,515.29,0.774544063666926,0.535959795378534,0.448144767093562,-1.22012923605002,0.816885965764915,0.203057504851461,0.378323782447838,-1.22317945983344,0.32635214599608,-0.244166478033349,0.666588273714197,-0.0567104149923434,2.38697950294409e-15
1612.394,515.79,-0.262580801613563,0.52245434137883,0.685436617986201,-0.582964660923848,-1.27753029858721,-0.922615684968868,0.638291809268264,-1.08127919604126,0.482821026897754,-0.348503722101602,0.368862088661038,-0.107852515874078,-7.54951656745106e-15
1611.665,516.29,1.4016365280196,0.361729678981462,0.867713844608561,0.228489823074513,-0.828966586216121,0.042803414613135,1.3945974260757,-1.41296077814765,0.138486143508369,-0.287158851687604,0.561924969921981,0.0586585731776504,-2.228772721935e-14
1610.915,516.79,0.44099137256218,0.145673161160934,-0.085995541215509,0.449220181488467,0.40084274963709,0.975143529898593,-0.218699379778261,-1.17828411681206,0.480867786757364,-0.114344137740765,0.213351295776385,-0.168516045568903,-1.65700786425305e-14
1610.223,517.29,1.7747568417312,0.0766862846857027,-0.502721122104365,0.7927479485452,1.14136332570926,1.20697470567303,-0.254297038954349,-0.985306062599723,0.900626055264864,0.310176310416934,0.373480441752045,0.122942882378636,-1.97064586870965e-14
1609.573,517.79,0.359696479576658,0.355758191002662,-0.289603387469962,-0.483129713600794,0.777616670057878,0.514834562258057,-0.0922610662177425,-0.38292584123352,0.919338240821152,-0.126525097491819,0.557733471197672,-0.0951708837254285,1.37112543541207e-14
1608.894,518.29,-0.651296818721492,0.202347462744026,-0.243554866022326,-0.544496619109815,-0.85126660410505,-0.408660792513402,0.515077852388157,-1.05108868825883,0.372879809316207,-0.469857760808682,0.210944262596582,-0.22263592256786,5.77315972805081e-15
1608.194,518.79,-1.33691660786736,0.745012085340352,-0.49994895530986,-0.928612857425853,-0.503647016578171,0.0394229151324325,0.292693073388,-1.08598672433951,0.513488211858521,-0.480282194891495,0.08272520362964,-0.0639339388042037,-1.79578574233119e-14
1607.552,519.29,-0.211839862273339,1.06765605825678,-0.854157872825127,-0.754316947963425,0.32773011476411,-0.645804047583564,0.469681137050397,0.476786870218901,0.628523601709274,-0.30318538162713,0.463749574343286,-0.21439269708726,-2.10387263166467e-14
1606.952,519.79,-1.2217240746194,0.270864403470616,-0.745239301119473,-0.843655582761842,-0.199609367634088,-0.149637556594097,0.335372090688981,-0.876637251257095,0.170549064087738,-0.0101525235704981,-0.110605418616026,-0.0235769019578475,1.38500322321988e-14
1606.352,520.29,-1.45385320159634,0.377869439157413,-0.0393380291378003,-0.670577897379722,-0.186102313351412,0.360731676913911,0.305519051985406,-0.0884580440702308,0.453670513718156,-0.430955683322575,0.124127695896143,-0.270566880755638,6.86950496486816e-15
1605.752,520.79,-0.977283105846463,-0.502459992072901,0.120798752634943,-1.0830065209246,-1.0389016901804,-0.0804949786670732,0.574556487815721,-0.955910347539454,0.506309679000459,0.0170249007862414,0.311837703116202,0.0536053570167664,-1.50990331349021e-14
1605.065,521.29,-0.105703797201108,0.00414990875959542,-1.05510600210897,-0.594271406031579,1.19177973016767,0.939546205285713,-0.0567485632106762,-0.999305801291823,0.177630318505475,0.103726559250041,0.187595496419324,-0.0755890145277949,-6.55031584528842e-15
1604.315,521.79,0.447703966083131,0.0843669926498856,-0.882920952311687,0.347718383849341,-0.276778990978603,-0.459992253702003,0.293260900953289,-0.714173316839795,0.781583559786682,0.437773638368148,0.259383490739034,0.246109229441462,1.04222186436687e-14
1603.652,522.29,-0.398559092169979,-0.00341154574555496,-0.546604647678996,-0.263038621343934,-0.130069700347483,0.265059285593184,-0.230976820896126,-0.723885311501289,0.708353460525849,-0.159306158790742,0.309742602750663,0.0654360766341023,-2.36893837879393e-14
1603.052,522.79,-0.143684685705765,0.194864873292047,-0.240844197105191,0.353533038072909,-1.08645237741797,0.0972301386685676,0.372275012405241,-0.792830937627255,1.010690678482,-0.00829086938982868,-0.176925021918473,-0.400055200743498,1.21569421196455e-14
1602.452,523.29,0.31628102265618,-0.227640661678011,-0.800461622978196,-1.25363718262724,0.233322562707954,0.541127512243638,0.184683514529338,-1.0989092417998,0.289274777883897,0.099250990483706,0.15578890603838,0.352211698841462,3.03923552991137e-15
1601.852,523.79,-0.508676019563431,0.021897076341417,-0.846823153115608,-0.895392742457929,0.109519553010367,1.0168550602194,0.804943949869196,-1.39468928431479,-0.0587210105604895,0.0663404268081426,-0.160259875412272,-0.0323049311486398,-4.30211422042248e-15
1601.223,524.29,-0.337991940062061,0.785565255480885,-1.02777746067737,-0.339226901429645,-0.0699858248478477,1.00398237813273,0.70478244925286,-0.393876868890188,-0.080123514226812,-0.257012406054053,-0.0591791364271824,-0.483168148576982,-1.12132525487141e-14
1600.573,524.79,0.139100818438364,0.107874848101801,-0.73889646545826,-0.627804748942016,0.323373590409817,0.952519825649049,0.637402318397351,-0.554180266975851,0.0984319163343021,-0.230555040669079,0.203431391795328,-0.0134758855858724,-1.09634523681734e-14
1599.894,525.29,-0.570629640670635,-0.0349837907636807,-0.257549444876159,0.0334715177772801,-0.300494241804325,0.306072986910946,1.06548361616301,-0.135327062813612,0.169799318016726,-0.761974929150093,0.034977766622912,-0.19492419912192,-5.10702591327572e-15
1599.194,525.79,-0.44445385059107,-0.0552657819249974,-0.275937241477886,-1.29823681398287,0.173767986747257,0.0303456207644965,1.22723235511031,0.355407479599489,0.444967990607628,-0.508964606290164,0.408476025430193,0.00877489576650862,-2.41473507855972e-14
1598.523,526.29,-1.47454197741769,-0.350894963302991,-0.700639329029504,-1.26133495287005,0.0029854055921889,0.673007344591048,0.74754762523165,-0.316987153046866,-0.159169028256538,-0.00431221770462008,-0.0923219950716595,0.0673535725130162,5.91540705308091e-15
1597.873,526.79,-1.17116214266868,0.422769401806327,-0.970554951877196,0.114955969522191,0.518795098638915,0.638951579297414,0.137999620656618,-0.985362908360859,0.785248862563027,0.229248686445102,-0.189384474539031,-0.0545356201869931,5.12090370108353e-15
1597.194,527.29,-1.29982612782018,-0.0106542086580142,-0.0628981405476464,0.0213172058369133,-0.541706134437,0.422446034113238,0.44396212051656,-0.498851697070077,0.86728009006016,0.157611500228066,-0.00696413511395563,-0.183447825549225,-2.27595720048157e-14
1596.494,527.79,-0.674096326518212,0.307239211011374,-0.0277833884564455,-0.351701411087229,0.896226796925396,0.445872445934823,-0.208918201893875,-0.672892325503786,1.20319070936573,0.108410956662635,0.434190482141247,-0.036951180652001,-2.3037127760972e-15
1595.823,528.29,-2.05503510809393,0.952229088416434,-0.00525435706894764,-0.0220049194038056,-0.216860918996309,-0.283670579403866,0.567422355252593,-0.447717692313648,0.474710151067326,-0.75682958391821,0.242539301086673,0.344218009168471,1.42941214420489e-14
1595.173,528.79,-0.408567064228618,1.97112663855771,-1.23674129470194,0.224779593290979,1.70660321566122,-0.430785664154117,-0.202006559176281,-0.695336167483434,0.99183705681518,-0.0954233856798596,0.290175135868697,-0.0639352181129907,-1.46549439250521e-14
1594.494,529.29,-0.207898446686164,1.25948035745131,0.105960695012277,1.14053665585029,1.69626200550531,0.988159866646355,-0.31646743378564,-0.879893525625807,0.796081576180547,-0.553486647580544,0.292010417603798,-0.0149560596496194,9.65894031423886e-15
1593.794,529.79,-0.935975845015972,1.65150662313979,0.390207860267021,-0.182857720512344,0.99564206890708,-0.725273903805812,0.345230522124952,0.0418214168143825,0.459956191596734,-1.18795676821965,0.451400075609344,-0.00016056162652114,1.40512601554121e-14
1593.152,530.29,-2.1102175192866,2.1113322495143,0.801183032100307,-0.575344496905459,-0.0277995858701359,-1.3519515837475,0.237573247439527,-1.39075851527217,1.05502748895657,-1.02551729839996,0.0337915261677502,-0.683957156726673,2.22044604925031e-14
1592.552,530.79,1.23399892407165,1.84270812816071,0.373013309333812,0.159137405316181,0.999944368062345,-0.0367565252286041,-0.391311681981786,-1.03466231123154,0.927130279456213,-0.26672579776384,0.299637362011567,-0.148470709391833,1.16018306073329e-14
1591.865,531.29,-1.28306778643217,1.49966202243159,0.147025142492777,-0.30265065517545,0.406565318416688,-0.756802833365459,0.590370341670099,-0.98164920788341,0.102605038154402,-0.611737831708088,0.18585843726591,0.0816722856944799,-1.51545442861334e-14
1591.115,531.79,0.967343783444631,0.565317037272914,0.590699147593718,-0.511315559486821,1.12386582009732,-0.427410751280268,-0.0542632085723084,-1.46954426176149,0.655426516199433,0.0151936717227708,0.757323124680526,0.886923084737015,4.10782519111308e-15
1590.452,532.29,0.648389152128394,2.40752494729539,0.392822686831528,0.328830469750217,-0.35907312431119,0.02663778097201,0.469426642516537,-1.07659765064755,-0.013636276099777,-1.00410142105554,0.399099448127361,0.22345057095147,1.4432899320127e-14
1589.852,532.79,-1.20557401580712,2.81947415706191,-0.449386761529816,-1.30487324945608,-0.712712830338848,-0.965054654517593,-0.0866015725885064,-1.15504929844757,-0.144820081877322,-0.898702769928345,0.115902943184756,-0.261855339252737,6.82787160144471e-15
1589.281,533.29,-0.390480145241551,2.54231867420916,-0.422870455602253,0.617986748655239,0.0771160829319395,0.346406847936099,-0.778408939657671,-1.26994056986881,0.260785896415978,-0.436924522024615,0.0603912936653599,-0.206541892002357,-5.23192600354605e-15
1588.731,533.79,-0.375515871506966,2.23600464628004,-0.178346643817292,-0.898035065361203,0.884666332115728,0.125417461370142,-0.264203108983992,-1.42093772550259,-0.0874862436524576,-0.59903245697251,0.575150224419671,0.14503116304204,-2.5129204273e-14
1588.181,534.29,0.327195362495512,1.88703786701126,0.0957453512003157,0.0621922432989428,0.00494258983525611,0.318401176442305,-0.430776509016083,-0.879168092896951,0.148568545870304,-0.268757697061259,0.278535054542885,-0.0973442985904124,5.55111512312578e-17
1587.631,534.79,-0.0822472850786376,2.64203198869007,-1.25705477356784,0.125765278305085,0.972544625439377,1.09287561408459,-1.09568227656946,-0.66544609033882,-0.284325945104846,0.120328299615093,0.147898039212446,-0.166725324394191,-1.06581410364015e-14
1586.965,535.29,0.44398846912108,3.27424303369792,-0.581203829658135,0.879098050176242,-0.0467226175540253,0.283893260073639,0.237650264360194,-1.13306105097461,0.246196452702896,-0.261932981366917,0.700700528802875,0.497774387008862,1.07448772102003e-14
1586.215,535.79,-0.211917077033412,2.88932780904016,0.298135240112641,-0.621256897985674,-0.561769967835622,-0.165578910248895,-0.473016234664327,-1.99202392337557,1.03327933029851,-0.415946745857475,0.334794980920207,0.301347634789942,-1.83186799063151e-15
1585.494,536.29,-0.256709689186059,2.68763020293834,-0.224428560668065,0.645997639740325,-0.728404713865682,-0.486842846862201,1.07278274581496,-1.73307328496576,0.420101264902927,-0.504303605405472,0.0707318543716029,-0.134276161491016,-5.93969318174459e-15
1584.794,536.79,0.0818556615524964,2.60548027849326,0.0883374071681345,0.0564971315380369,-0.701506108873243,-0.0186651530751417,-0.336583172424615,-0.751434488370658,1.12352290237335,-0.750713992290815,0.110161191274405,0.0939691153911776,1.63202784619898e-14
1584.152,537.29,-1.32125643603736,1.65896943275695,0.166600271198286,-0.363191687788454,-0.635714799620531,-0.0826707368491679,1.20847004307445,-1.25882902771185,0.346203538629691,-1.02618313278344,0.602952616843636,0.185128272331638,-1.62647673107585e-14
1583.552,537.79,-0.276886335324668,0.747543610260978,-0.243715893068293,-0.386528280712982,0.244485444503691,0.483447313175114,0.430579252815206,-1.11496725382253,0.791672167883342,-0.484894957374155,0.114255998539343,0.411294550012187,-4.24313362223927e-15
1582.981,538.29,-0.433599760376657,0.800657225185831,-0.301781941610761,-0.237064244799397,0.183989262639582,-0.39991614356297,0.858387464537136,-1.0998897608508,1.22557007049106,-0.7521588538196,-0.141151962876938,0.0101486594279658,8.88178419700125e-16
1582.431,538.79,0.286351062487186,0.346841595140329,0.0567462546621807,0.726570937390234,1.64086320925437,0.315935879145543,0.274519468954402,0.451256130206869,1.39519848008292,-1.41595499225324,0.14783506408664,-0.0977079270726456,-6.82787160144471e-15
1581.794,539.29,-0.213536129136247,0.17923399433907,-0.394939672289552,-0.205643444908822,1.62455507887324,0.0738501376303928,1.49084838153855,-0.384782151683249,0.55503563132455,-0.77686567110699,0.194326960761026,0.214312886823437,-3.88578058618805e-16
1581.094,539.79,-1.267010676508,0.449266822152077,0.588934598253415,-0.964299448724288,0.544799857119114,-0.15657781307657,-0.658653897350249,0.36374614355929,1.67702790321644,-0.850185702259675,-0.318566547804883,0.0707002172573325,-9.65894031423886e-15
1580.394,540.29,-0.632891729518149,-0.664830686523862,-0.588117732561699,-1.11802989822474,2.00767438212293,0.254504411764246,0.788979655872002,-1.02980771196439,0.589068281726408,-0.144658960290628,0.0595042270297022,0.519859343802258,3.05311331771918e-15
1579.694,540.79,-1.01712310533915,-0.696764904284091,-0.225892255696575,0.313738688958911,1.77892785351818,0.259554482527964,1.0318932459331,-0.23569788395827,0.508675604248144,-1.0178353458012,-0.0124545882224885,-0.187976973387677,2.02615701994091e-14
1578.994,541.29,-2.02008311194793,-0.809948702586184,0.149920791303145,-2.02103890764134,0.732807691993246,-0.94465606537144,0.375068002209175,-0.384919754692324,0.723006641218691,-0.747251917745854,-0.0605225954172956,0.283664872411136,-1.26010313294955e-14
1578.294,541.79,-2.14959886552443,-0.677582845986525,0.0869594653264277,-0.440782491721811,0.651770188074299,0.0257862763629911,1.21039672915144,-0.399319260516788,0.294631138258806,-0.496641709993134,-0.0570235491308405,0.190229751397249,8.0629947163402e-15
1577.594,542.29,-1.0374709492376,-0.799485040982026,0.282995527240788,0.113616252667115,0.779076243990356,-0.271727703069688,0.658412908476462,0.074863459105928,0.852890664708791,-0.439321983006729,-0.0724010365471427,0.133011173011008,-1.9220736113823e-14
1576.894,542.79,-1.62510108802931,-0.606306651547078,-0.218805521173071,-2.11043266650173,1.33095642886019,-0.370921142117718,0.357561197245726,-0.344889672935333,0.718723938190189,-0.226763785435277,-0.23053417417801,0.0441992265095629,-2.48412401759879e-15
1576.31,543.29,-1.66365854979233,-0.537102352726835,0.0735694291354828,-0.871279866685,0.764959625880137,-0.325265178539382,0.485897142668286,0.955947950372871,0.472443318520282,-0.637604918010915,-0.107552140846895,-0.208923396828487,4.45823933326039e-16
1575.81,543.79,-1.62519298294293,-1.40437946087007,-0.302270295298246,-1.27955797228355,0.414123426298824,-0.130286667991891,0.246580011114616,-0.235374513543253,0.275281004992413,-0.311951601683822,-0.431732492933484,0.145259930713786,3.82333054105288e-15
1575.194,544.29,-2.23454260017935,-1.21163500070199,0.45084036491053,-0.788409095458723,0.0754566458947239,-0.874152153082488,0.912407150645478,0.107382337513071,0.992155888029047,-0.196352217927815,-0.273832526239273,-0.0392372992112076,-8.99280649946377e-15
1574.494,544.79,-2.59792381269735,-0.432194744672871,-0.20440186197468,-0.509370803173926,0.849719108279456,0.349130705255253,1.00158700420897,-0.185705850652896,0.33532201890588,-0.159903823673621,0.255374177088127,-0.280301882333616,-9.0205620750794e-15
1573.852,545.29,-1.17126891257951,-0.966465894733065,0.00132917964072739,-0.652931666158851,0.995988869557712,-0.335399007583778,1.13428329524661,0.136396315677583,0.534778266034808,-0.290568222825965,0.264353237299689,0.221837396628839,4.57966997657877e-16
1573.252,545.79,-2.06042700614612,-0.350429904942916,-0.0417348375555006,-1.10202760577524,0.476646644273102,-0.571096384151653,0.979860712236252,0.538065106259017,0.417281963302209,-0.604952253688103,0.196823850327608,-0.053279777984051,-1.12548859121375e-14
1572.681,546.29,-1.37707096912191,-0.874683668326157,-0.655533363695972,-0.875767050480038,1.76595320808964,1.11198285060506,0.618070174693433,0.171166517859804,0.189576090235165,0.268083739402454,0.285887836865296,0.10690961269985,1.48214773787458e-14
1572.131,546.79,-1.39696232835621,-0.33355358758238,0.0110813923853906,-1.18946780246554,0.106469116835454,-0.0959431066398929,0.482180697863952,-0.0607699718211673,0.813434531859926,-0.0264668177315109,0.0111777837764847,0.257020125419998,1.05193631583234e-14
1571.552,547.29,-2.42719470048229,-0.415187851842174,0.998294221053167,-0.822825404535803,0.283993382985058,0.43444421052602,1.04034650730979,-0.289496243643324,0.529651558400405,-1.00351865775139,-0.270164561635679,0.0831041648402404,1.62370117351429e-15
1570.952,547.79,-2.08229493601155,-0.648027777064345,-0.123402004301534,-1.04300954385137,0.867623211296733,0.198603460051442,0.87712551702554,-0.532259043989556,0.398039152084255,0.0207755470482275,-0.418796083318921,0.0523686398231632,9.79771819231701e-15
1570.323,548.29,-2.23469895373135,-1.32587213609659,-0.42782582098481,-0.849552940316868,0.76374404936173,0.511267233038865,0.889777232594002,-0.446338122722497,0.132462811251137,0.422128493642131,-0.0363563283872134,0.322304899520657,1.43773881688958e-14
1569.673,548.79,-0.550489512429799,-1.39055122337983,0.167206228882569,-0.709572545068656,1.04740476279896,1.11818109215762,0.641727385590203,-0.784455915259386,0.492699859582973,0.257175982515063,0.416736770629217,-0.13561318952725,-1.9595436384634e-14
1569.023,549.29,-0.563643677962892,-0.755734911911561,0.411898082257295,-0.365408905349215,-0.135177469948121,0.613813086914537,0.768591347219221,0.0526940620109853,0.729693017022104,0.510952410618413,0.136592985914568,-0.230806552552081,6.84695355968046e-15
1568.373,549.79,-1.93108498447137,-0.148729754443742,-0.692278583422035,-0.705410563430396,0.90850101793611,0.726249046626279,2.02176323374258,-0.620960822318131,-0.425361540904453,0.128068497869832,-0.0895989936904894,-0.0587736465378981,-9.04831765069503e-15
1567.694,550.29,-3.13206290578439,1.387101906149,-0.478080250426788,0.36024669721653,-0.607171618053928,-0.402544886275331,-0.0985823376520598,0.558246243386878,0.946547521225178,0.25831269325333,-0.294331425648457,-0.45264429185893,1.18238752122579e-14
1566.994,550.79,-3.09586826365469,1.53888358924061,-0.190366445375883,-1.02256833277055,0.29112240636111,-0.422940273660774,1.1654969154036,-0.535838187836617,0.513054719683087,-0.177893578721074,-0.155408434179213,-0.0870357009060452,8.1601392309949e-15
1566.294,551.29,-2.77825837869843,2.8624431623286,-2.25253346037807,0.739499124060823,1.87536392924335,0.0725528226005555,1.59197905769379,-0.586697392024092,0.0784082064869612,0.625067556535856,0.0848920333756931,-0.227307418462131,-1.40443212615082e-14
1565.594,551.79,-2.54292274146737,4.06226934082588,-1.89791891441955,1.33075308011765,0.805041506928096,-0.171138188567038,1.48323997388512,0.381859146233676,-0.172341079190618,-0.0286982250355692,0.153109467838014,-0.285141422744813,-8.50708392619026e-15
1565.01,552.29,-2.23289252210284,2.3153984288436,-1.1423534227134,-0.372716416622444,1.556327640839,0.250203523536651,0.739842998669608,-0.00372635956804887,-0.00132950210982949,-0.340015880735314,-0.0205573570315264,-0.0621637529139947,2.81163980986321e-14
1564.51,552.79,-1.03225013462853,0.861077763384816,-0.395072447508938,0.709880881488652,1.20588246063964,1.10919251122542,0.617698748893277,0.419117666922825,0.245377124160007,-0.0680021976565471,0.400379636757816,0.0622701916956095,-2.33146835171283e-14
1563.952,553.29,-1.48177345672976,0.728836503818224,0.0509644211483853,-0.778766898555297,0.239117757985729,0.663915712429045,1.29613155649574,-0.00754197372552443,-0.630792408219755,-0.603973159799917,0.283972283912409,-0.257509774605506,4.31642568909929e-15
1563.352,553.79,-0.0226866607257525,0.368351742622605,-0.0548444001662544,-0.0389509817362361,0.148462808996706,0.852255315999718,-0.101965821690678,0.206635792924812,-0.0625181080154945,0.283290253220451,0.188976461370364,0.0996354298660732,-6.21724893790088e-15
1562.752,554.29,-0.671502552279044,0.779911263519723,0.625535030683813,-0.79492012364942,-1.25084252750407,0.0417536990546685,0.23652246319907,0.450832006356606,-0.126878316216245,0.0124044949592358,0.408123643366429,0.11954967673599,-9.15933995315754e-15
1562.152,554.79,-0.96614211744126,0.785426269601403,-0.0591605671520097,-0.7098089118468,-0.248488352254289,0.345045008296359,0.392330639467984,0.0153196620004555,-0.314797990893943,0.129029224010582,0.346825146263655,-0.315875800888292,7.71605002114484e-15
1561.552,555.29,0.0243854362468649,0.547570729151022,0.121947715132996,-0.792296955717563,0.662347405327358,-0.31271790144139,0.117514092990987,-0.0299685790560139,0.346867118996408,0.0317415452678272,0.306716279792553,-0.437784744485459,7.8309754514283e-15
1560.952,555.79,-0.435850043848785,-0.576823318152795,0.293084729145573,-1.44866765667185,0.108939752096187,0.320949651111917,0.0669505921406248,-0.813815561393386,-0.19696130604026,0.273430166015215,0.111569629282062,0.00440363972704685,9.4837332431652e-15
1560.41,556.29,-1.03355558834306,-0.163479589795685,0.737265959482564,-1.54470739560067,0.706314192270155,0.77848814074859,0.177938911556459,0.0699263930174621,0.0859592614343674,-0.519750631848233,0.382709930076337,-0.135513274254684,-9.06913433240675e-15
1559.91,556.79,0.398322506367067,0.0785677078353291,0.755067472793477,-0.545199666735756,0.0957929299092733,0.0942279569216849,0.0467382193981586,-0.22180847732322,1.05921178557982,-0.0743446450344439,0.110878727272461,-0.41820584293912,-1.51753609678451e-14
1559.294,557.29,-0.562269756289126,0.533358705661361,0.500888314391434,0.442482932128921,-1.04724634608992,0.934126931723429,-0.313069508107794,0.423955445685422,0.738063840956534,-0.0466807307950337,0.428606723540447,-0.183608744717572,1.77635683940025e-14
1558.594,557.79,-0.852909906893699,0.670666089215825,0.25848917027404,-0.529585323570895,0.183588974937575,0.569815722466663,-0.282653902243408,-0.330987749517495,0.738057920227097,-0.130871677867692,0.203150572627418,-0.352886374072529,-2.12503625807159e-14
1558.01,558.29,-1.03673043497708,0.584330398483304,0.572837146875393,-0.247576227510602,-0.20568028827145,0.756774805466713,0.175987033115233,-0.690926196955767,0.640762610173345,-0.573501011318852,-0.00684343465145861,-0.124057337055393,-1.90542026601292e-14
1557.51,558.79,0.15684153077802,0.277522603702985,0.371710521644167,-0.583747788489503,-0.519773212499366,0.483434811202819,0.694183187725843,-0.473779254747255,0.508956214438758,0.0168494524563972,0.128109949116537,0.0578869035822649,1.6153745008296e-14
1556.952,559.29,-0.31636243365355,0.0364601715617452,0.726870407497246,-0.267754809800028,0.369704056911688,0.279818954886916,0.0471509779761921,0.537210152997517,1.11181334102775,-0.371887126993257,0.531011498332982,0.0175861044800017,1.38881961486703e-14
1556.352,559.79,-0.307060967115432,-0.0548242070119573,0.152528695119947,-0.540885869041798,-0.346655749588264,-0.274260059755273,0.949032945018691,-0.236972430704352,0.766899164817537,0.0318805468097955,0.077605419133525,-0.43289789020825,7.91033905045424e-15
1555.694,560.29,-0.604588436217869,0.496770177971109,-0.0709687137192865,-0.673615519533042,0.342412656658688,0.597983962399906,0.110777580330188,-0.137787879498296,0.713296716026194,0.0477820120553844,-0.0717058692201632,-0.252745972038847,9.99894611553032e-15
1554.994,560.79,-1.3282811004524,0.347214881225098,0.481274013770257,-0.571753944147736,0.315986035543173,-0.537699333359024,-0.0116306100809351,-0.432897381071989,1.09811204977845,-0.446930808783623,-0.0448249269081591,-0.326617865985447,-6.68909372336657e-15
1554.323,561.29,-0.167563428839398,-0.493424045312404,1.44712497561185,0.643973734796109,0.249295793393361,-0.277707420621701,0.639409788525137,0.234094015195829,1.36985340514001,-0.626296192752636,0.404410409975181,0.283067656589003,-8.42381719934338e-15
1553.673,561.79,-0.794825633598794,-0.213164591611409,0.479294867120479,-0.0520949863721738,0.640932230283052,-0.14182170813999,-0.263999972158973,-0.171456552394991,1.37488742684547,-0.0197109848258452,-0.101674921345493,0.39513342941142,1.40408518145563e-14
1553.081,562.29,-1.99412592122379,0.131225895903357,0.254612196137879,0.0354676817824525,0.819069609872204,0.911184312872779,-0.12107064234434,-0.160145752985854,0.536733265104018,-0.782477669536613,-0.241593303000483,-0.188454029199413,-5.6621374255883e-15
1552.531,562.79,-0.452003404927431,-0.589297460969768,0.0031733253196999,-0.672366538143698,0.396106460982652,-0.239101177413774,-0.275765014505939,0.0938336139635857,0.848030079020436,-0.48451501909065,-0.117573811164457,0.0662961915929685,-5.75581249329105e-15
1552.01,563.29,-0.789167768558118,-0.792943962101236,0.271338321787817,-0.968688535717329,0.0454598890521875,-0.458334448297551,0.511590752113707,0.02635270992107,0.62819169543619,-0.258895368323228,-0.170194825485248,0.121970390411636,1.45439216225896e-14
1551.51,563.79,0.186990694020678,-1.37955526429428,-0.400270172755149,-1.40585940265667,-0.408663137735329,-0.323833608571787,-0.410332263627725,-0.4400545240882,0.720327646309841,-0.276890904044938,-0.484821043860361,-0.0928069552017293,-1.12410081243297e-14
1550.981,564.29,1.81276788731001,-0.980034261113587,-0.685628460432926,0.0210162441705353,0.4774938132621,0.477180057013681,0.756579273732669,0.474773313723402,0.0503398138369403,-0.789160850043689,-0.604594846410798,-0.274946739761663,-1.57374113740616e-14
1550.431,564.79,0.0472653688134675,-1.41532664414541,-0.624619443449994,-0.870267149128431,-1.32252999700138,-0.70450460611932,1.05408409346087,0.621879771725796,-0.0684966418250564,-0.458766068807835,0.156201407955905,-0.0799294195604553,-1.31561428418081e-14
1549.823,565.29,-0.455531605376087,-1.30207800826784,-0.952424919438573,-1.84316575573168,-0.0145941095140384,-0.294377660562598,0.383999828958575,0.0356941344595367,-0.0113367526709434,-0.275570496175735,-0.00719655020402971,-0.441816579864026,-1.83464354819307e-14
1549.173,565.79,-0.253268565719016,-0.934851515166203,-0.779643104225226,-1.04555688561599,0.110817259649753,-0.0784984427246143,0.6809179093369,0.626246950939203,-0.103991139599443,-0.410851104367117,0.168366617899322,-0.215775179492633,-1.99831470815148e-14
1548.61,566.29,-0.360312222364053,-1.60676991169318,-0.259562006030104,-0.231040622849799,-0.0514400705109783,0.221879525758196,-0.443303781086161,0.0463062830995409,0.696240976386805,0.184092576353481,0.114792674071527,-0.45844864583034,-3.67761376907083e-16
1548.11,566.79,-2.00234676282922,-0.501987670755331,0.412984392365855,-0.937679724065096,0.0357712723194999,0.114991973044769,0.75368567005871,0.727661679897578,0.255866177623353,-0.747191763165156,0.489164509080834,-0.398335961020822,-7.41073868937292e-15
1547.552,567.29,-1.81836709052001,-0.0643825951166841,0.694412840415694,-0.523458601277617,0.269484460806646,0.18483125793791,0.870525325406063,0.221209352602274,0.897652462009916,-0.380232847674103,0.0576052684015922,-0.766127123218053,7.92421683826205e-15
1546.952,567.79,-2.15321143287892,-0.380267662467429,0.69726863600888,-2.0605301805463,-0.3612151453846,-0.208836808685627,0.579255024222833,0.346873507708896,0.934215821160743,-0.49305523162486,-0.0556784817979867,-0.129281271881481,1.58761892521397e-14
1546.352,568.29,-0.517895379931338,-0.699376427703358,0.968320358327055,-1.21415211722351,0.256898155076585,0.48465074324475,0.639041679457236,0.609187770538134,0.501286452959319,-0.864931574912232,0.144065841354091,0.197082501129028,5.89805981832114e-17
1545.752,568.79,-1.37544038901088,-0.512510462907898,0.142811121369563,-0.918533584980683,-0.398285169702262,0.0413027388157061,0.535240063592444,-0.10746625107509,0.527547544465358,-0.10421318548652,-0.180175386609558,-0.40268850407994,-1.5931700403371e-14
1545.152,569.29,-1.59998296419086,-0.527295335668783,0.328820391062777,-1.21426705185638,-0.659851645214493,-0.128106674375707,-0.423583346715653,0.575117559144114,0.819065816504514,-0.126578313783576,-0.0212709133086408,-0.399459096532692,2.15938378289593e-14
1544.552,569.79,-2.64696795137868,-0.713468066089499,1.05001947007922,-1.32099321780742,-0.401492081306308,-0.0667016729523966,0.758136838079114,0.202664887426939,0.482502114801222,-0.0775402143798903,0.108035629452393,-0.198980931805825,-1.62647673107585e-14
1543.923,570.29,-1.32046530516053,-0.925461505843045,0.184771896618841,-0.54386190957099,1.20697265254267,0.664235432590115,0.232541602036847,-0.654036647812903,0.551666416548991,0.652737739359311,-0.202977764337009,0.134367103312449,1.11022302462516e-16
1543.273,570.79,-0.573892337676997,-1.19281160037823,1.09996206542481,-0.769971883719885,0.60585335916639,0.761821952639728,-0.712171250947534,0.264749320116759,0.899695548490754,0.162564746343915,-0.304912147447122,0.156470195663134,1.33365540833097e-14
1542.623,571.29,0.329666558259149,-0.906325603197437,0.975895116558214,-0.466869391354794,0.72772762571261,0.29891136391104,0.555581521711393,-0.0994665033036784,0.877956154550269,0.26447077138186,0.232018908888236,0.128217764026497,2.05113703799498e-14
1541.973,571.79,0.553347174457539,-0.00560331566133362,1.04216068128351,-1.35881085692438,-0.550153129470949,-0.017011459317348,0.313130998041355,-0.234649001062057,0.565201718898876,-0.263425481079225,-0.00322132207558303,0.661042336935524,4.6074255521944e-15
1541.381,572.29,0.301111283123914,-0.304550843513287,0.512684258878464,-1.53195648891668,-0.253181944522483,0.33999129574898,0.320680071886864,-1.56628777641472,0.397120412983363,0.126086584868934,-0.473856419209103,0.551500306900434,-5.17641485231479e-15
1540.831,572.79,-0.173260028033689,0.328646954219789,0.579639310503809,-0.655257041848262,-0.255604390600101,0.631981067832024,-0.330639394990732,-0.0698228517880743,0.714086077090188,-0.136316748870812,-0.0985112544895173,0.0171724990244423,-1.56819002228303e-15
1540.252,573.29,-0.106074529002371,0.22993854355722,0.285499160449819,-0.603791682740509,0.369245718776891,0.533753145325001,0.264319054016756,-0.0537337169226168,0.419936274087066,0.123912244787655,0.131620013841992,-0.0418881937826693,-1.16850973341798e-14
1539.652,573.79,-0.777525524999095,0.156319918892597,0.328633671746137,-0.404834757290044,-0.452160820493132,0.0590581802154965,0.0741427443431065,0.909249492194982,0.224720153180221,0.05143305802234,0.0237661595468045,-0.0951673862986797,1.28230759344206e-14
1539.023,574.29,-1.01718787687197,0.351373313528269,1.04514916182126,-0.631346999220534,-0.500398491033065,0.229392078221316,0.382642451251653,-0.0889626195932917,0.420250836893527,-0.33220178581802,-0.195737952813066,0.196577916515803,-4.9960036108132e-15
1538.373,574.79,0.327647749507673,1.20870929027827,-0.0695194226107485,-0.127270394595047,0.453466135202901,0.131272584188336,0.900438994375387,0.815638144161279,0.332357629915887,-0.0319313439667319,-0.0185805561022326,-0.275702821681024,3.60822483003176e-15
1537.839,575.29,0.451594264141792,0.747138317398785,0.763884590146192,-0.374526561699127,-0.899656248388381,0.140382116573135,0.665259868794129,0.703168228205971,0.511685031195652,-0.136320822312234,-0.33119084028735,0.0597669414435218,-1.72362124573056e-14
1537.389,575.79,-0.473803559811632,-0.154626271370012,0.622908277280809,-2.04924866765762,-0.933855447549563,0.785006908992227,-0.410172095185118,-1.01153728309641,0.0285311994226027,0.0338998695629573,-0.941155439374224,0.256811750669644,5.35682609381638e-15
1536.823,576.29,0.553825216379145,0.0792941443720689,0.889902978330454,-0.625799986309877,-0.585896459363024,0.791312098383789,0.304583132242811,0.409137478620224,0.288467808830094,0.0386453599592502,-0.145218172444132,-0.00230690806179329,4.30211422042248e-16
1536.173,576.79,1.01120011091998,0.345562046636701,0.649316762770504,-1.6355325726371,-0.977013239329468,1.11989359953814,-0.390029494681256,0.125416216840641,0.0269182183755255,0.147839097640072,-0.383734701215619,0.0792287441935502,-1.19071419391048e-14
1535.61,577.29,-0.109774349536542,0.744605423018694,0.721570982972024,-1.61141638043316,-0.988925399489014,1.28508286192016,-0.498097228870627,0.910558369026106,-0.0774805134094644,-0.379858679270329,-0.501890847954219,-0.193748898514535,-1.02973185533983e-14
1535.11,577.79,0.350282948299889,-0.352547646095595,1.02264205500178,-1.26154254029477,-0.801626862382789,0.747881711751861,-0.162725417431088,0.992025342513578,0.170337631068769,-0.0410541896772611,-0.272973282695006,0.00675317550494514,-9.96425164601078e-15
1534.523,578.29,1.48454278230424,-0.238312802188206,0.916777062494742,-1.2547649584385,-1.41774893626599,0.0268100314465081,-0.405521034525157,1.06662587532247,0.717285475941589,0.395331656915566,-0.32636209950472,0.10232589008763,-2.73669975570101e-14
1533.873,578.79,1.57051632975372,0.408137866151283,0.796061371537377,-0.778083350576301,-1.59110134366172,0.708794508149915,-0.0579709971334067,-0.199444761295424,0.637756929477188,0.404514787949415,-0.656785738021758,-0.316655311468593,-1.0547118733939e-15
1533.223,579.29,1.2434037521053,-0.505899488643045,1.05415867641596,-0.71919128813597,-0.933580904164063,1.03232625855418,0.845598939833753,0.54676162548113,-0.0712579984509416,0.150161751520987,-0.0359336912829361,0.175780349296544,-1.4960255256824e-14
1532.573,579.79,2.29414212111459,-0.372397073165104,1.19876094050958,0.463387273085958,-0.708709299249994,1.88610242640905,0.365899653105532,-0.249003658293704,0.340540466172863,0.24472614278912,-0.219465123476076,0.32238529986933,-1.25177646026486e-14
1531.923,580.29,1.11100226816748,-0.000137841346792789,1.11517440018058,-1.24659938163157,-2.03707092836472,0.342892151953397,-0.0006545848275686,0.460383390891071,0.225398294359027,0.0135765270862104,-0.121062982859908,0.143297076780699,-1.16573417585641e-15
1531.273,580.79,0.486294463157173,0.392527823108433,1.38523183231042,-1.09700533595202,-2.55437616950535,0.802285711347828,-0.361165373344916,0.880549167237866,0.244086154694275,-0.343676687873905,-0.383357712960517,-0.0542292579630806,-1.08801856413265e-14
1530.652,581.29,0.593168319826443,0.237073570910053,0.737411958827343,-1.07888732129997,-2.07945510941328,0.561001103725508,0.344119775029949,0.927019710026965,0.102401738921192,0.0642154060479262,-0.209700482286558,-0.421654728949426,3.60822483003176e-15
1530.052,581.79,2.62263046458287,0.248229200614588,0.33535625905176,-0.966095553501498,-0.687279061669945,0.618726506495571,1.48274244155401,0.465823103526088,-0.121004198967637,0.391391958605741,0.241410757403563,0.0374864369366179,-1.95676808090184e-15
1529.51,582.29,1.56989450657093,0.410621258625127,0.359144756311458,-0.128778051149238,-0.700895076988574,1.04333519645705,1.60536623086151,0.346512716817586,-0.350366738863895,-0.0993571589108457,-0.135951707668241,-0.0239065425509437,-1.48145384848419e-14
1529.01,582.79,1.41113898226382,0.265741071808689,0.337455160458075,-0.509742478635686,-0.213714098516519,1.89593110103714,-0.335556636499348,0.462769463765264,0.0234698843709553,0.172113701347403,-0.396221536424841,-0.391113323254499,7.57727214306669e-15
1528.539,583.29,2.10358649898328,-0.175234401190369,1.15250444466052,-0.950617737806675,-1.323855611331,0.680343148298417,0.754366548040135,0.867320227206374,0.0560283513775065,-0.124545305598216,0.148261166941522,0.106465736710029,-2.4980018054066e-14
1528.089,583.79,1.86917946698698,0.604409961727456,-0.0185014439583293,-0.9097995837828,-1.20812395106541,0.489391337465967,1.39942331280228,0.189845303878739,-0.307260315800106,0.0212333997446292,-0.255019543027703,0.130558716972458,6.52256026967279e-15
1527.61,584.29,1.25080610667871,-0.0533494261780052,0.690027498136668,-0.687616102891213,-0.315224970422864,0.860426603709275,0.76228863490065,0.98366228617297,-0.0827094420548224,-0.214564925004812,0.122213322779069,0.0189538512143122,5.20417042793042e-17
1527.11,584.79,0.152612864117202,0.403210276153377,0.780954234483821,-0.880028824623497,-1.30300777297763,0.858881700730421,0.34172701081292,-0.0302846354467988,0.0664872659244671,-0.356136320198038,-0.372986249356162,-0.374248257791941,-5.24580379135386e-15
1526.61,585.29,1.60361545677139,0.283059829245969,0.670621981362409,-0.351875825807405,-0.843796223255737,0.708243586878296,1.25652354828712,0.635594942124718,-0.12155136932639,-0.34918281686305,-0.277600629144916,-0.12323660049944,-2.39808173319034e-14
1526.11,585.79,2.34603769805836,0.0461272591924893,0.863868380248876,0.0645764072072032,-0.615864428451979,0.647419385757057,1.44181631949695,0.370435670600989,0.554658918088047,0.345105274344218,0.0159730390346855,0.122045205958859,1.42403450142936e-14
1525.552,586.29,0.156059577748858,0.264333531974133,0.524264477036724,-1.5457596572367,-1.41105471819941,0.474106814455672,0.448117161065571,0.818325859797866,-0.156336695546081,-0.247041227144424,-0.0329159168189717,-0.0330021580241657,9.10382880192628e-15
1524.952,586.79,1.87799503903424,-0.200104631747733,0.116142957636059,-0.635275835358409,-0.0525061352017736,1.42187273605055,0.0166486432517794,0.611619087368424,0.388139981250529,0.404209755503774,-0.0421835328183741,-0.0569561442690374,-2.74780198594726e-15
1524.352,587.29,2.18291557646651,0.0114440189141926,0.663065926920731,-0.895290806905583,-1.59581827352331,0.853619034860135,0.49756285708822,-0.208920808098154,0.409282245867232,0.194096597803709,-0.191186470185624,0.076119249235281,1.24067423001861e-14
1523.752,587.79,2.40043906075602,0.156286533557709,0.210753362825486,-1.4977308920831,-1.31799113408338,0.399469091366812,0.269098660210281,-0.344351688056727,0.446378841762837,0.492798079112754,-0.116288476017381,0.0995115561876574,-5.80091530366644e-15
1523.21,588.29,1.73974101609893,-0.0146262233243927,-0.231927538059759,-0.310124518731681,0.343603127502575,1.83108853269234,-0.735906048231942,0.312621448235493,0.3987779320284,0.482999621220331,-0.362757710777993,-0.271068470367888,1.23789867245705e-14
1522.71,588.79,1.52804940756708,-0.0642364580269709,0.42383877269869,-1.21707857521388,-0.368054316654587,0.643554526835469,0.285432977789325,0.00452737067112747,0.361628732406526,0.426308124140288,-0.0292622032320963,-0.102666701010326,1.42733047603372e-14
1522.152,589.29,0.895632945939812,0.4609282961041,0.486635011533619,-0.624440617705962,-1.32574588321326,0.588146685710469,1.27147226477577,0.0967525187535384,-0.248613217156163,-0.159742632972314,-0.158565405346153,-0.216717952438932,-8.88178419700125e-16
1521.552,589.79,0.833434007486739,0.655099225060937,-0.132137658964423,-0.708299539394802,-1.03178877133102,0.422445676483305,-0.0045827613006604,-0.585555114806693,0.586975586805042,0.462281265812368,-0.230675457746638,-0.24957126748022,-1.19904086659517e-14
1520.952,590.29,2.03833252781281,1.04488317202096,0.356718083959857,-0.705772939304562,0.966243790648957,1.46192597417091,0.615676346630112,-1.04434192222071,0.613950820161586,0.0837344679651998,0.13917026450622,-0.348454360181035,2.16493489801906e-15
1520.352,590.79,1.74045283164463,0.34306046507667,0.116359992076998,-1.20396360112314,-0.634139311991085,0.271212872489025,0.562618586461449,-1.40674473014945,0.663500215463479,0.885415565954545,-0.00571993780476687,0.0853580748967834,1.16850973341798e-14
1519.752,591.29,1.53078308806633,0.157006269378797,1.00274517077993,0.204541866860536,-0.122576334646101,1.29026041994235,1.08870254470872,-0.224595018113901,0.375895319756183,-0.0924952432996808,0.31321802070071,0.102904941952782,-2.05113703799498e-14
1519.152,591.79,1.79347654004837,0.509538525886459,0.295474294311201,-0.405109085296861,-0.187891528486378,0.763193358236223,0.29194485968314,-0.318153594490726,0.658152324704706,0.306973833546005,-0.104683064982453,-0.0359401201866997,-9.08301212021456e-15
1518.523,592.29,2.46400186019682,0.665752587652758,-0.309151588375364,0.0632876504631751,0.630096298949427,0.979377755212418,0.460588971956029,-0.00289159450370587,0.544993886839925,0.540056093350836,0.116239503198993,-0.1734384462646,-2.66453525910038e-15
1517.873,592.79,1.53638539949539,0.789485073942089,0.0111699018333924,0.229923774308607,0.00644287696160661,1.38618878041096,0.588811483307285,0.16756679094775,0.0796824186219423,-0.0794513337134014,0.131223708814759,-0.289166840459874,-1.08801856413265e-14
1517.252,593.29,2.33112367697685,0.370327290511403,0.183197153741354,1.51897074623478,-0.00327704050432887,1.58448230802832,0.0830204147031948,-0.525197362704307,0.781196762131629,0.294757406835754,-0.145411007031525,-0.27754128314958,-1.21014309684142e-14
1516.652,593.79,2.24770385681825,1.05961440261775,-0.450140001574317,0.524432903094571,-1.04621234366491,0.363923392460894,0.98449407358721,-0.0838956572730738,0.294265348893347,0.228593946041725,0.184554766650295,-0.139179251531126,1.06165076729781e-14
1516.052,594.29,1.11099070590798,0.725193548247527,0.0562024345611658,-1.07351547231949,-0.635339291539127,1.00663128115069,-0.624726028051801,-0.141739107956651,0.472511672305353,-0.169446088393322,0.131489997952799,-0.168707865566997,2.1094237467878e-15
1515.452,594.79,1.98354100717028,-0.392225769954059,0.0803046211147167,-0.79161114010656,-0.405977457218744,1.02650076931064,0.00416978285694159,0.139227589807151,0.420038203894968,0.347181937424606,0.19293940950723,-0.0278882046428189,1.34059430223488e-14
1514.794,595.29,2.30648669675975,0.527859224455333,0.162217108191077,-0.163474592471703,-0.879301946803727,0.815812983683732,0.437696543892539,0.460854231542167,0.552221921935192,-0.34846465968237,-0.0786276754267834,-0.552068340062569,4.36456426555765e-15
1514.094,595.79,2.18517136107702,0.143703399551456,-0.2638625635001,-1.34628341801624,-0.393661743742987,0.541886248284667,0.834630373752697,0.153721381676942,0.131637865442274,-0.0620874170534053,0.134545917928369,-0.061101805188701,-2.67841304690819e-15
1513.394,596.29,2.20682080948288,0.377945324886862,-1.07945148457901,-0.750440469092789,0.000549873705821324,0.688505601910602,-0.00423561087839341,0.699190710873614,0.60139551083848,0.272897237236445,0.190542384697135,-0.242897009552164,1.02001740387436e-14
1512.694,596.79,1.07534767658801,0.423431647649148,0.0324149830463731,-1.06914545132323,-1.00765158807755,0.58932786012872,0.200960130687208,0.63342545405677,0.503093330627329,-0.686674099569986,0.00136575545356528,-0.404622250746091,8.99280649946377e-15
1511.936,597.29,0.879843222266707,0.317172314816136,-0.874927608870826,-1.37759387312572,-0.536079325626173,0.466435233786104,-0.0501459722456833,-0.401388737386598,0.443728305216794,-0.0103625302135231,-0.344467991204848,-0.681828325262311,-1.0325074129014e-14
1511.136,597.79,1.47993887721203,-0.771360039829536,0.248274873222369,-0.700822370380182,-1.17503771350704,0.0334985212754886,1.12696710635544,-0.423085160119903,0.352474291277487,-0.241365784945244,-0.0355192987369478,-0.0958453817312496,1.16573417585641e-15
1510.336,598.29,1.27086439854402,-0.761331346586872,0.170957880544708,-0.699308491313325,-0.81898466410453,0.723025118244804,0.128031316610358,-0.560242102256037,0.673683480906655,-0.0444093540202153,-0.34450625041605,-0.455422173552065,2.00950367457153e-14
1509.536,598.79,1.33033336194068,-0.514347088729416,-0.199117546030795,-1.21218367109326,-0.39177041771786,0.648665151886907,1.08508511629346,-0.358847497753454,0.0913963228328825,0.151514193721996,0.310948441173838,-0.221756138825808,-1.1334900032467e-14
1508.765,599.29,1.66941452659547,-0.54617455842736,0.0490996952612587,0.466155657134706,-0.298929211553567,0.944757127627548,0.76970836058035,0.785815731770976,0.433859182658705,-0.1886192893521,0.236021988345065,-0.231196591350003,8.18789480661053e-15
1508.015,599.79,0.608473633236908,-0.637228547882529,-0.621057158483326,-0.883307655435456,-0.708735647626768,0.350690400661707,0.394441763647928,0.236422210016306,0.391213922127893,0.351171726224044,-0.176370349993969,-0.267404720945057,-1.89154247820511e-14
1507.236,600.29,-0.303864896307839,-0.703869527008219,-0.20521023334339,-1.91624300414351,-0.399810030447378,0.25279585630595,-0.654613219875344,0.458631104319388,0.663741156218644,-0.310252605009682,0.0312709203627773,-0.801047351410989,-2.25652829755063e-14
1506.436,600.79,-0.576420989911727,-1.04271370521743,-0.271339512363549,-1.72121422968089,-0.844603597711819,-0.449059456634138,-0.229733002741634,0.357207262519783,0.792885117069063,-0.224177633819953,-0.0929546517418912,-0.0877040818526467,-1.25455201782643e-14
1505.607,601.29,0.381027184880515,-2.1572880959496,-0.174917642432654,-0.674257806471174,0.82381706928582,-0.0729406836685168,0.433718032339395,-0.213316002438751,1.1506301460309,0.261538122124869,-0.224396291687608,-0.328480951605345,1.24067423001861e-14
1504.757,601.79,-0.653746767551191,-1.35704084434018,-0.815266646513002,-0.0384952050544812,0.450359169008658,0.62765256364728,0.773656965541063,-0.365471867282245,0.316938106046344,-0.0162566264862186,0.0673801010469552,-0.378293626673418,-6.07847105982273e-15
1503.878,602.29,-0.267716683530312,-0.858493750714331,-0.837974342288988,-0.745157994148787,0.812463809261316,0.419630630312929,-0.140439221247276,-1.04046004512789,0.569655794890063,0.0526934395277115,-0.119299441830422,-0.773096609192717,-2.60069743518443e-14
1502.978,602.79,0.799759234518244,-0.899366877770999,-0.608660649614351,-1.15119307798086,1.31743246995266,0.756410324306032,0.922721904688517,0.0746521756967809,-0.0942401698592123,-0.349471667634066,0.276081071757695,-0.206186154919628,-5.77315972805081e-15
1502.136,603.29,-0.112351325281873,-0.219593445723708,-0.957125575299965,-0.417845389216987,-0.00846546532321139,0.0809397132376895,-0.613946210237631,0.441117339410616,0.939962322916498,0.150458620416041,-0.0544661767660925,-0.251413025836167,-1.32654304207946e-14
1501.336,603.79,0.138784740488625,0.244276366639137,-1.44070013057497,-1.60859823641132,0.307136289379864,0.319279164577298,0.224190864972734,0.658479634730251,-0.167495253982718,-0.443347162924117,0.182708778411953,-0.350403474247418,2.21905827046953e-14
1500.449,604.29,0.808902041170059,-1.1698748962462,-0.464338225407705,-1.98499941561265,-0.787142793125261,0.146852384356723,1.20672503435599,0.177828153871823,-0.353553065699862,-0.0550476533986472,0.34668494114751,-0.215578940205568,-1.96509475358653e-14
1499.499,604.79,-0.455798251994266,-1.32836485746142,-1.42388697220907,-3.15820440206829,-1.0673052805421,0.531298224581055,0.10641925555374,-1.13903669287059,-0.804659576805487,0.139815627343881,0.133009684998532,-0.453083344465685,-4.94049245958195e-15
1498.52,605.29,1.25604527720853,-1.53472890338721,-0.0994841447098617,-1.53180343752056,-1.47270569687044,0.0897593326335371,0.372801143807213,-0.146233619748071,0.0340640391403446,-0.390402102211482,0.444544689699899,-0.216234593481858,9.90874049477952e-15
1497.52,605.79,0.718919262356031,-1.47783088591796,-0.929018480390473,-1.41499106331166,-1.2914217932888,0.186837818424425,-1.05419318268437,0.322000649679814,0.376027694465602,0.291520652850987,0.0334075871142747,-0.522006083754303,1.66255897937617e-14
1496.491,606.29,0.364269193638915,-1.98854966181663,-0.18580100428856,-0.769855261382004,-1.1107225930421,0.179067465590263,0.113481342614167,0.055940700778334,0.0280364654900224,-0.0466763128676188,0.0792638557117954,-0.463270862969573,-1.52655665885959e-15
1495.441,606.79,0.159881109914405,-1.10840601788372,-0.426340329164714,-0.402400892537189,-0.811892475618378,0.898007334551815,-0.295641393827984,1.0354694744429,-0.0775129231960261,-0.481608910291394,0.533812994343146,-0.0890076792267159,2.76514922070703e-15
1494.478,607.29,-0.469656148808528,-1.206679098197,-0.664536571239301,-1.454651839526,-0.428957664957253,0.43822050634856,0.0449785239646781,0.381866210294762,-0.37924031083081,-0.432988816122533,0.107665878056133,-0.106828350323582,-4.00374178255447e-15
1493.578,607.79,-0.0186910067193797,-0.850243530952916,-0.623096183067612,-2.07433744291806,-0.472717160652141,0.456870125310958,0.451162742027817,-0.0624029594565107,-0.269417709526482,-0.214151061927282,-0.0255257119925846,-0.103641936968317,1.09079412169422e-14
1492.62,608.29,0.774394266950549,-0.0947707342999144,-0.554495241053596,-1.002689607437,-0.697686564114631,0.49917816354474,0.389054539611134,0.375102675568792,0.221039369522793,-0.0217945202444126,0.369398253074561,-0.42320865207438,-6.28663787693995e-15
1491.62,608.79,0.860152076937387,0.170055069908622,-0.933299879421082,-2.036911065941,-0.779478253645102,0.179999074592369,0.930235583659581,-0.577900997004552,-0.588605748369814,-0.275251312555192,0.176786438111449,-0.281874430024993,9.24260668000443e-15
1490.62,609.29,0.258628329734909,-1.23704452930355,-0.880903396799624,-1.44602229874257,-0.81181434908416,0.53162629135063,0.383728945758995,-0.39008378318857,-0.411160089197494,0.208512088382501,-0.134427843102458,-0.41975631901376,-1.4432899320127e-15
1489.62,609.79,0.342805929000189,-0.702100451611547,-0.910056176466671,-1.11707672821702,-0.305804018318645,0.415623927633141,0.485630235269907,0.106198533369186,-0.171212675686794,-0.0660888665659968,0.0795005425060212,-0.248111533979585,7.79411257756379e-15
1488.649,610.29,-0.461591086555112,-0.833420600843599,-0.111209400449503,-1.27794016948969,-1.09779769754554,0.491741959052957,0.0134799801854274,0.179410976872066,0.367221421365206,0.143708326908858,-0.101200572468967,-0.350777286263603,-2.48689957516035e-14
1487.699,610.79,0.42941067650726,-1.08653811831083,0.493489371669298,-0.51401274239583,-0.152336620149005,1.39662120227691,0.749671147360189,0.083447485693499,0.316261769163893,-0.0484487847620978,0.12826698842043,-0.428828464507478,1.00752739484733e-14
1486.72,611.29,1.16282923692109,-0.71312077636033,0.0888808055071856,-1.43793632482734,-1.24969675869951,0.704097444688515,0.384995563044588,0.123444002518547,0.488769499010314,0.407027596369577,0.368961092833233,0.0428714659457368,4.16333634234434e-16
1485.72,611.79,0.397775391071322,-0.788756209805837,-0.265329568808155,-1.51748014998101,-2.14922405095978,0.227500066026465,0.0839965987206234,-0.1083898949299,0.441858732415731,0.583482503545738,-0.000109674965841545,-0.210864791136628,-1.85407245112401e-14
1484.807,612.29,0.413924065607761,-1.5339932963321,-0.433670711287938,-0.706511091694856,0.790426820825616,1.64175920596291,0.275329767360897,-0.281053171701201,0.336102304946381,0.744758644007667,0.221412594036801,-0.70315799405474,-2.00395255944841e-14
1483.957,612.79,1.83916453855985,-0.823090538286312,0.283194758532454,-1.32702620963638,-1.27836511270889,1.14565590185939,0.658392372681704,-0.949646576294629,-0.187660616818642,-0.0106014951446339,0.4201252524657,-0.190853640203246,8.27116153345742e-15
1483.02,613.29,1.91241358836136,-0.228064162066743,-0.0323964971407242,-2.62797837823635,-1.13534421182108,0.533478459779283,-0.48331625797599,-0.649982120229454,0.228498167939002,-0.297772201131023,0.220832444465746,-0.198398916922382,-5.93969318174459e-15
1482.02,613.79,2.50709099441074,-0.809078203680828,-0.126998317909452,-1.30727973923615,-1.61126649692964,0.49798084374301,-0.319636722641363,0.321877794207643,-0.266380383618679,0.117046729152791,0.589667879369108,0.123666185826135,-1.54876111935209e-14
1481.078,614.29,2.54819024583438,-0.101562628384632,0.455629675701912,-1.05327687066574,-1.2891722098525,0.441296392018012,0.866813773281206,0.689428102612225,-0.340644863960608,-0.555174256606535,0.719435146254026,0.112492781353285,2.24820162486594e-14
1480.178,614.79,1.20351830051803,-0.103853778293869,-0.342610612555989,-1.43340653711684,-0.867926174830735,1.45625901683512,0.00301598052315517,-0.389926022048544,-0.632489191913187,0.217576911771375,0.0288518263447355,-0.215309951760172,-1.34952812813616e-14
1479.249,615.29,2.35223614346664,-0.00726323229127634,0.0796269490502842,-0.327916846866935,-1.64265313196395,1.62750944020183,-0.00986196165933333,0.0590779254268253,-0.0269288538952973,0.555058341684273,0.00594352200702867,0.14045640802813,-2.18575157973078e-15
1478.299,615.79,2.01656890216471,0.183984037293391,0.153898295101784,-1.75798902381441,-0.508012455367363,2.02813255140008,-0.2081514808258,-0.310801587449082,-0.29838085214205,-0.143216111230941,-0.208131300956665,0.00211594878850183,-6.70297151117438e-15
1477.349,616.29,1.58779456928606,-0.0886036367907135,-0.0351215446493386,-1.35197174512337,-0.896972241796872,0.522565968032267,-0.318419765313898,-0.307238724374538,0.578145030082316,0.53254639299325,0.0790086598950578,-0.0652510909383422,-2.00672811700997e-14
1476.399,616.79,0.386433132282336,0.424493572622598,-0.371830793331907,-1.33785340115324,-1.02527990648663,0.316463364437494,-0.636157736063726,1.04163593320633,0.489994723697537,-0.218412230067844,0.319682463678812,-0.464351988605318,-1.64313007644523e-14
1475.391,617.29,2.17861149945358,-0.661046797946575,-0.429372042714946,0.100091894354883,0.272927290448135,1.55250241538509,-0.447778060303408,0.350029470751987,0.421410696382564,0.184316430019279,0.634827516686782,0.0315594939391034,-2.02060590481778e-14
1474.341,617.79,0.760868256712874,-1.46876256923258,0.851198516764729,-1.1872162175639,-0.421760147530581,1.68012108535418,-0.664019226408097,-0.00766065666857614,0.336951920144634,-0.272818924337862,-0.164324953166496,-0.195246071219569,-8.86790640919344e-15
1473.291,618.29,0.861986576322513,-1.0436439623899,1.0964601494748,-1.38982336179241,-1.75678622995514,0.662054435975518,1.09736096671708,-0.699987497291016,0.261818327570093,0.182162693656049,-0.122163423610315,0.0440031670895328,-2.80886425230165e-14
1472.241,618.79,1.27155405129802,-0.477599814240586,0.61094711550296,-0.0701626182404867,-0.549654554411385,1.33308711126335,0.734648002662308,0.174745547179308,0.818958241627486,0.0760246372831873,0.281907137230129,-0.490019553502964,1.68476343986868e-14
1471.249,619.29,0.924727246587774,-1.31677404194059,1.33378042828298,-1.85870299875515,-0.414055598700654,0.785900177589695,0.481618958608906,0.438831674455257,0.783742011059177,-0.336201829738352,0.21427858529131,-0.247315020379045,1.0769163338864e-14
1470.299,619.79,0.561334945835391,-0.971791433191202,0.698204090371145,-1.60167540241118,-0.429563650524723,0.937493457279086,0.461833126214313,-0.0757587394112711,0.47576333484536,-0.415564722407701,0.140146298499239,-0.243783034986529,-8.46545056276682e-16
1469.32,620.29,1.6398608579778,-1.56557336652657,0.00724589866161462,-0.664783290965003,-0.546824228175313,1.55802812605019,-0.190961488066904,0.486300600221254,0.140208953261571,-0.149277554428137,0.136043551353163,-0.105131550417537,-9.0205620750794e-15
1468.32,620.79,2.21786172857983,-2.26260462642866,-0.0200798397129147,-2.3349784589905,-0.491365132078088,1.33373620525112,0.642631472353505,-0.807077538340272,-0.418384085076246,0.24883889285565,0.465608114582212,0.0802077340358456,-3.42781358853017e-15
1467.349,621.29,0.872666741598689,-1.36260843187062,-0.0785189116124948,-1.59305370974401,-0.213731772792781,0.875781808168734,-0.24131903718673,-0.058461683408494,0.426609039219249,-0.0483513872220265,0.0871845199057631,-0.0716072611304829,1.66672231571852e-14
1466.399,621.79,0.341741479927278,-1.57881572041528,0.352918105501287,-1.50615431219325,-1.21769108034937,1.18898685993316,0.472905658400198,-0.1429065262555,0.221601709553497,0.0857827618525812,-0.0211519094055435,-0.176090418680646,-1.50573997714787e-14
1465.478,622.29,-0.873614435986511,-0.740010247330528,-0.546685143055922,-1.91454975007931,-1.0667856524538,0.956130810403134,-0.309226480174217,0.411458069979689,0.117009987055953,0.00205543954797928,-0.23064500093078,-0.327257652652713,-4.46864767411626e-15
1464.578,622.79,1.14963548070714,-1.63920649118199,-0.206475930208363,-0.995157806387624,-0.549645350747572,0.496905811140976,0.597663178985821,0.161830601695341,0.166269197351668,0.038416754718808,-0.152864247990547,-0.209961402355368,-1.69304674446646e-14
1463.707,623.29,1.93633799143451,-0.934478600348651,0.292076682695176,-1.21989437441069,0.36068593774227,1.66556122854832,0.174023658215934,-1.12569805363993,0.224767258292749,-0.404916737865985,-0.485238562022554,-0.15596107645318,-8.82627304576999e-15
1462.857,623.79,2.84908669079725,-0.610226791447001,0.166300943791657,-0.777831857378874,1.10971560940977,1.12128483214086,-0.414021069014889,0.757815750546077,1.22296617167885,-0.105851515843083,0.15736510806521,-0.115084733993355,-3.5527136788005e-15
1461.978,624.29,3.30314165865536,-0.53173691187059,1.03089599404688,-1.34828099180384,0.620569400803851,1.11459243461013,-0.439872806613614,0.556793617756837,1.4608419819184,-0.264593139269738,-0.0348494350527238,-0.00706554108040555,1.9151347174784e-15
1461.078,624.79,1.20545953005822,-0.53991005834647,1.00383809784579,-2.13142673519754,-1.16607895244626,0.123424711218644,0.171082728766336,0.24898114297888,0.949826724790127,-0.31892989146495,-0.065606723465758,0.206935277882816,7.43849426498855e-15
1460.178,625.29,0.520776748365966,-0.123005977065279,1.43957254257346,-2.22614333095776,-0.429240241402189,0.980409060484394,0.867122338762494,-0.1987640354581,0.304057704690354,-1.22227004779631,-0.0477186733341182,0.012892540470087,-4.55191440096314e-15
1459.278,625.79,2.51248312238036,-0.778327566128439,1.13650233171993,-0.682832340039932,-0.498122359484475,1.10831561668374,0.863757682359374,-0.170209893101533,0.971627564989385,0.0321934172634714,0.0461613629987155,0.328852404249954,1.2344292255051e-14
1458.349,626.29,0.88172167252581,-1.0137313289086,0.174598062569346,-1.19580510118223,-0.1426508013252,0.977070813035008,0.594215747497298,0.216184736010443,0.262022881619847,-0.0624362149432604,-0.281326737193524,0.195463200675947,1.25871535416877e-14
1457.399,626.79,1.99312321544646,-0.774484949117719,0.713586987971917,-0.675207045250552,0.384385425244312,1.28624022259776,1.46079786135227,0.243367450627438,0.531570577745093,0.145232606507834,0.169929102623041,0.322584412531113,-2.2815083156047e-14
1456.42,627.29,0.763934307585965,-0.958665246571478,0.436774042882199,-2.43376732938527,0.0453232550542837,0.960977701829807,0.0751045332814727,-0.427363267382132,0.456608664694629,0.0612247234574331,-0.578225509040237,0.220799927371156,7.91380849740619e-15
1455.42,627.79,0.242043834172091,-0.482944361052008,0.231625878843238,-1.28422984810352,-0.612746958129787,0.219640841646295,0.229238750615945,1.02253251268571,0.866938458502304,0.139436378350021,-0.318879030273886,-0.199376088282478,5.52335954751015e-15
1454.391,628.29,0.358928307422235,-0.930993275802175,0.960239899170066,-2.1673645292998,-0.909754906545036,0.355852775148686,1.50850046309857,0.224903928767036,0.132239676488088,-0.449261714538267,0.201265157272611,0.0559964444161872,-1.8401946633162e-14
1453.341,628.79,1.4680466848762,-0.451989757416752,-0.00644955690923077,-1.07381698671522,1.9251676834654,2.48293260361291,0.942399631030849,0.196581262999554,-0.29828597423188,-0.338811159447485,0.259153554695725,-0.0782021661838321,1.25455201782643e-14
1452.407,629.29,-0.171181720088402,-0.855804850833707,0.598798561509504,-2.19468985195131,0.30348822420396,0.634725063355238,0.614857376045342,0.0561084332111771,0.34254931455385,-0.271721607979747,0.084324142893697,-0.220796323595212,6.67521593555875e-15
1451.557,629.79,1.23529149145823,-0.982432605712303,1.52700625215985,-0.886947617928425,0.26444751441482,1.48931248380476,0.933059388649612,-0.0510722038880588,0.353761289952546,-0.760995892013148,0.0512507003760089,-0.12545299381903,-2.10387263166467e-14
1450.62,630.29,0.274890611820121,-0.378189319447851,1.3139187022178,-2.06945244912024,-0.499310830595626,0.648488531839281,0.685044266665618,0.357086312628548,0.464112187038637,-0.87351941824471,-0.0105996142240779,0.204836939666442,-1.62925228863742e-14
1449.62,630.79,-0.110825958676354,-0.431455795225922,1.34550436145465,-2.03828699932726,-0.531864820320591,1.30186150534791,1.23005262225035,0.323121664092591,-0.0340748049293882,-0.866630367548693,0.212944147984298,0.09725984124143,6.06459327201492e-15
1448.707,631.29,0.996643196838691,0.0293150369193835,0.651875528435186,-1.63337590496574,0.305725305786263,1.36250093344465,1.24786244012737,-0.315510425988927,0.668684404116209,0.280649752273103,0.0991793294284199,-0.145880664860608,-1.97064586870965e-15
1447.857,631.79,0.978410650044178,-0.22801387554569,1.09648934993552,-1.29351648496634,-0.0132181373468631,1.42648061779846,0.999093357077137,-0.937280056086446,0.340293627748217,-0.152935135589179,-0.289503466849893,-0.149828927849106,5.06539254985228e-15
1446.978,632.29,-0.732709681962894,0.849050556340518,0.912351724825044,-0.612238262162725,-1.26753089012979,0.69991032527087,1.8095114431175,-0.843793456750272,0.257374807244058,0.20277301538079,-0.0458739731870593,-0.256727182555963,-1.2712053631958e-14
1446.078,632.79,-0.594970162901393,1.78910748148488,-0.24389077540973,-0.99477274020133,-0.296236778482266,0.177058945256001,1.26263672160521,-0.239608330510059,0.391371688384729,-0.190792506215288,-0.173555593788238,0.261413766641138,-1.42663658664333e-14
1445.207,633.29,0.00491860505698466,-0.0443041158704977,0.473759260743131,-2.44623572086864,0.0763653899351777,1.17856510927414,0.0356889994140272,-0.31934001466356,0.161837534652373,-0.0726935821424525,-0.19989961512153,-0.220592666448402,6.1929628092372e-15
1444.357,633.79,-0.335732089171189,-1.14853593951669,1.43292408593551,-1.77954236805223,-1.11802255213216,0.973523374598455,0.361421063928477,-1.00127287317747,-0.364811143030535,0.382359828649529,-0.0522567999544018,-0.0941937696379215,1.4432899320127e-15
1443.478,634.29,-1.15601421939636,-1.47684198987624,3.38139636729616,-1.37641356168972,-0.754814878163633,2.03534775474508,-0.598237619119316,-0.914711709852367,-0.82971120259028,0.254927143224559,0.342350363333376,-0.10583845454228,2.35228503342455e-14
1442.578,634.79,-3.19042653107029,-0.451416645442477,4.98061968419715,-0.340486819836745,-2.52922113967326,1.17768923654234,-0.240568862458656,0.858195201568678,-1.11165452767953,0.757081962762984,0.912129100250029,-0.700673307581159,-3.33066907387547e-15
1441.678,635.29,-2.91005386434953,0.584148226578189,2.35373926439003,-0.48064548808233,-0.294777046941231,1.96603325803841,0.373714129708718,-0.39308173418675,-1.70519846418902,2.40132432789526,0.625659003396701,-0.822082508449869,-2.53035439823357e-14
1440.778,635.79,-0.871691672686007,0.0475603550511604,1.65518028233578,-0.985698539941947,0.135655217720898,1.09570190824814,0.407264006148851,-0.0132621666524645,-0.942271267327855,0.776073534723953,0.344908359401409,-0.163425935907904,-1.29757316003065e-14
1439.849,636.29,0.351524848415575,-0.782475564835501,1.0188618268057,-1.50128659301135,-0.673503056115793,-0.221499186075275,0.683443674701517,0.432853787773167,-0.0391356234783364,-0.111582005357928,0.256046790614118,-0.349714816089744,-3.19189119579733e-15
1438.899,636.79,2.64784072634475,-1.58177853167543,0.00785726613672233,-0.759975062980026,1.20522983409298,0.968696984326513,1.47805033491892,0.188044551931212,-0.315658849809462,-0.0978219202936288,0.43043715123541,-0.113068087218019,-4.9960036108132e-15
1438.036,637.29,1.02891794077037,-2.01068161226468,0.544299706868728,-1.64877669420561,0.0581333084582172,1.29553650219023,-0.574414864789792,-0.0826759192022658,0.347589984105697,0.000454383711272193,-0.0107653187168221,0.0303206556820596,1.21569421196455e-14
1437.236,637.79,0.107381184089634,-1.96080569553827,1.38684689196258,-1.68012756608375,-0.639926724218147,1.09291602070811,0.576431296377196,0.0517836623022559,0.158132156961717,-0.216195952267849,0.114662762328927,0.0299946375838572,-8.32667268468867e-16
1436.378,638.29,0.717800339489393,-1.24586747923064,1.19300954447082,-1.94305269381419,-0.130997299432114,0.927258112056988,0.666279859763692,-0.876130783882916,0.585908901329677,0.372423808711565,-0.0243489352607742,-0.289167964497385,-9.16627884706145e-15
1435.478,638.79,-0.207701947267691,-1.90893796889532,2.42824894847579,-1.91251087631716,-1.3690291884684,0.275930564155928,0.493107167013909,-0.344524058829525,0.974108636810587,0.171590272640366,0.0782417052485222,0.10098689239002,1.10467190950203e-14
1434.636,639.29,1.07881515740302,-1.76705469616321,1.78355737996509,-1.85835291872696,0.146687684474608,0.515161345365945,0.65448219974346,-0.597742806111814,0.621574587097561,0.373990672506507,0.397522556396048,0.232418224296704,-5.73152636462737e-15
1433.836,639.79,0.0425119395847953,-1.27452108886046,1.31804170749381,-1.57948151386505,-0.169275997306808,0.833425495763436,-0.0720798555638555,-0.839605872221939,0.344108203337006,0.390653819865953,-0.0852344491518155,-0.0766109710161479,3.54924423184855e-15
1432.891,640.29,0.274071420348311,-0.627549044482038,1.32062239467051,-1.83592680691374,0.0929969159517491,0.341778050156046,0.938586391725934,-1.06629723115747,0.106179404895099,0.136840418500801,0.15555148411664,-0.107211650214139,-1.17822418488345e-14
1431.841,640.79,1.33311589637695,-0.806971085764308,1.18936901851088,-1.89478614355279,0.323010110934696,0.175407678984334,0.521394937185777,-0.268045873244834,0.29290090455748,0.031617384745874,0.195605967327814,0.191381512226198,-4.03236471990809e-15
1430.907,641.29,0.707893232209298,-0.335739351991285,0.544667160245594,-1.57525646094608,-0.140302864623355,0.60983230318634,0.244949495076917,0.456406668465705,0.0574366016291095,0.0030200738271856,0.257632404730977,-0.29828362209457,9.26342336171615e-15
1430.057,641.79,-0.528496479994015,-0.756587899530573,0.531686402882533,-2.47104998028381,-0.555453563738838,0.738500444413072,-0.766034051129381,0.0548608372123433,0.218055287315695,-0.12539851487886,-0.046003361747782,-0.115920767695171,-3.69149155687865e-15
1429.236,642.29,-0.518688847233317,-1.0085415208226,0.550750777360768,-1.83301095951452,0.285750665176675,0.298797503270582,0.587305601129591,-0.151059357365107,0.403708503788697,-0.0135812965322967,-0.0100204526795437,-0.479896284053074,-2.79290479632266e-15
1428.436,642.79,-0.337902529973311,-1.44326929024666,-0.0532891000617689,-0.660730198676608,0.555364166913107,1.24950371522044,1.1115830755027,0.103622535777089,-0.36775799572557,0.67243428354291,0.0387923820169185,-0.693641395214556,8.10462807976364e-15
1427.636,643.29,-0.0655543224042932,-1.18350597722265,-0.03378907394357,-0.777933353620924,0.100374200237003,-0.0981931088139954,1.17443066127969,0.436000893904395,0.233560274940929,1.01780505403756,0.0728190021973566,-0.649070521983116,1.32012456521835e-15
1426.836,643.79,-0.186485082061047,-1.78490087948685,0.448235849543523,-1.33451076958531,0.13278441741734,0.0908308248482627,0.849858825972846,0.0669616515842915,-0.350873294151488,0.071192509853803,0.0779312021266372,-0.246251095040742,-2.19060880546351e-14
1425.949,644.29,0.344553781515892,-2.38361373409933,0.875827843782834,-1.33779850212875,-0.414698434923168,-0.483829982033979,0.944996785878387,-0.105796726318133,0.151347468456192,0.820820221483149,0.492224769210839,-0.172964608857771,3.88578058618805e-16
1424.999,644.79,-0.194289743341373,-1.03933307336218,0.964376500707689,-0.785461731945078,0.497011867772603,0.789343875233276,1.15754946110054,0.114814496588774,-0.104241561289903,0.206023461609958,0.311671887390527,-0.143638190889243,8.46545056276682e-15
1424.107,645.29,0.207534237866836,-1.09124386259165,1.61398773569186,-0.963889266176227,0.919331826965215,1.94018101446681,0.450791972185002,-0.468232556639703,0.141328963980362,0.265207036887404,0.0153607050787362,-0.0728990276692613,-1.82076576038526e-14
1423.257,645.79,-0.122462810919572,-1.2201352088792,1.41873317894644,-2.27539199323411,0.655707759853151,1.4398415946417,-0.515794897345349,-0.616993423616677,0.41658083841688,0.45562843349893,-0.189406894696838,0.102026427397901,-4.49640324973188e-15
1422.349,646.29,-0.175548731629765,-0.278708752117118,0.827242716726831,-1.84512125355488,0.0245337458422864,0.251715659934907,0.680600752110909,-0.111916236827978,0.199372534036603,0.216175656706706,-0.040321242326027,-0.242659299464474,-2.04281036531029e-14
1421.399,646.79,0.0454691165921785,-0.771689932515466,0.706646200535054,-2.07679129404055,0.0902936397477477,0.416982737791703,-0.0668996958746099,-0.491884092256441,0.695998134323611,0.675551970004544,-0.100477120777324,-0.0921454069313376,4.12170297892089e-15
1420.449,647.29,1.00611136575214,-1.0548143893389,0.279457383813518,-1.26854572996861,1.27816823069293,1.08402123878351,0.62692032050459,-0.149731311773476,0.0914342371210394,0.728951386315192,0.204260465540712,0.177723636817483,1.11577413974828e-14
1419.499,647.79,0.688692888157217,-0.948658304277567,1.33670146134061,-2.24842799706237,0.249242869905516,0.295796342970288,0.04964099237391,-0.326503077381638,0.900631673625407,0.24643658506188,0.0400601133824941,0.0596299862991667,-9.79771819231701e-15
1418.607,648.29,-0.0271165472530604,-0.936201496423008,1.40779983125424,-1.15626878212387,-0.00962465788191674,1.20828836170881,0.65676277751939,-0.470047126361531,0.427475673014584,0.11019340861792,-0.0976174515666797,0.0997858112321403,-4.43395320459672e-15
1417.757,648.79,-1.47768162147538,0.294618163877327,0.802162553686355,-1.82263313266442,-0.960441261705912,-0.0440401026448741,-0.120660849337189,-0.915453044731248,1.12718192981048,0.402880413822868,-0.402455897251218,-0.597871817026625,-8.77076189453874e-15
1416.936,649.29,-0.217633284823087,-0.802312189287944,0.54555876524685,-2.02396168267305,0.0160787491834881,-0.12484645422269,0.497720602760966,0.211250244384949,0.455669213504712,0.441155727013735,0.527006174565311,-0.0581511507678166,-1.77635683940025e-15
1416.136,649.79,-0.439540737315501,-0.423907519614765,0.604042672587386,-1.25508040951274,-0.251911489545313,0.2620194338898,1.06787886437011,-0.858970281990091,0.290528704165208,-0.0842426349553181,0.19375150184849,-0.339308370726403,1.35169653248113e-14
1415.365,650.29,0.231628677149038,-0.896252769848551,0.711054697404566,-1.13825093876843,0.810563603798611,0.453893470070425,0.141178674184597,-0.489796847473606,0.953021034519715,0.0692715533374442,0.380707572922793,-0.541270130782067,1.31422650540003e-14
1414.615,650.79,-1.25965504621892,-0.692065476228984,0.496385709195106,-2.23027733456841,-0.459401048130914,-0.232018694081437,0.697218451610091,-0.615208590773673,0.50652132519154,0.158253348651531,0.30979528464279,-0.361879770034251,-7.82707232360735e-15
1413.836,651.29,0.012347827119331,-0.870077738976174,-0.0353311967002127,-1.14716216191388,0.978394687257939,1.30914852481141,0.651383307860232,0.0451020367105221,-0.0624361751296957,0.113018536169049,0.250727067138092,-0.463520004659453,-2.13717932240343e-14
1413.036,651.79,-0.393327479508291,-1.50539491328585,-0.0333522124364062,-0.870607202663136,0.922285970819453,1.1703448150207,-0.550481371551119,0.865985238538691,0.243710029879837,-0.039258558235492,0.170639876731952,-0.17414428075346,7.82707232360735e-15
1412.207,652.29,-0.263680034362399,-1.65411618868551,0.539668941290868,-1.23082113498164,-0.763422686065863,0.0425835416267969,0.506070475160758,0.258460026246852,-0.0330326148135175,-0.330919193095317,0.405743956873473,-0.0181073946967566,3.41393580072236e-15
1411.357,652.79,-0.1560717549508,-1.44853174136528,0.321930772965641,-2.13319588679091,-0.0694872265529225,0.213355825900303,0.538098864316339,-1.14024937603433,0.0734334577843193,0.250085735827386,-0.134963459090383,-0.377786248263619,1.44745326835505e-14
1410.536,653.29,0.464107415622331,-1.74478399639886,0.574496806446742,-1.70560936625175,-0.464961448727106,0.221118444055717,0.158502398146778,-0.595857215545466,0.274929627249514,0.393085608699172,0.546053267770403,-0.146150828522991,1.38777878078145e-16
1409.736,653.79,0.00268644585849998,-1.59197090984186,-0.0844319077608831,-0.424989554807471,-0.302234262866564,1.20244902744013,-0.550790417217468,0.352157623744457,-0.166696136496295,0.262201672597476,0.276798750260877,-0.354614557934009,7.63278329429795e-15
1408.907,654.29,-0.859979339550367,0.89448738754901,0.122337044297038,-0.325423280842954,-0.646129481135428,-0.341875250914633,0.696396707116481,0.734335394171672,0.268334311294029,-0.493767637638522,0.318268471510844,-0.289583833576987,-1.55431223447522e-14
1408.057,654.79,0.187657930513271,0.781588824215784,-0.743013913990114,-0.857559820170335,0.701716360625729,0.280849034072551,1.26422982881264,0.0235491573085669,0.285807061988825,0.961944156575252,-0.0672936966968842,0.0792030663330122,2.20101714631937e-14
1407.236,655.29,-1.18144817511079,-0.457138325410889,1.28979445891795,-1.84522148952684,-0.905796587059949,0.22879618761271,0.686872197191688,0.366775562726347,-0.016320658792964,-0.252130963713582,-0.0149441314525463,-0.00809923304529262,-1.39332989590457e-14
1406.436,655.79,-0.0630620340744528,-1.39869932383896,1.45968313750116,-1.59039745186595,-0.393061624027671,0.195551452394617,0.546131074133523,0.418300734078169,0.700697921230275,0.564354669109094,0.0308012617843394,0.0420902807237012,-1.7430501486615e-14
1405.636,656.29,-0.0662313155865571,-0.609225725052047,1.68875489253067,-2.32921391260625,0.151067814819448,0.188635144981667,1.34102335234077,-0.491224630894126,0.285914426239569,-0.00259507905815755,0.186995717109796,0.110938004114949,6.73072708679001e-15
1404.836,656.79,-0.355367856156556,-0.0405555733263035,0.0174358932872566,-1.66498028873754,0.776068299150357,1.03270748509262,0.363084390534887,0.320098751729868,0.0717974558636937,0.687367240582277,0.119751183956128,0.159525355721797,1.40165656858926e-14
1403.949,657.29,-0.0752855957064071,-0.974025205792614,0.345098513702687,-1.46713273094869,1.49008521486295,0.589704918155035,1.12045338207183,-0.240044956053269,-0.00662168533047763,0.541678056498561,0.204197932281761,0.299128626918802,-1.15463194561016e-14
1402.999,657.79,-1.25842138163814,-0.752900085477198,0.710126617010854,-1.07745868765613,-0.124972914326621,0.442922716524871,0.49719998638048,0.231044768229458,0.266037048686064,0.211642818345467,0.0807717659350283,-0.178041717996779,-1.13797860024079e-14
1402.165,658.29,-1.11649434994515,-0.0905791493753149,0.346079014477274,-1.9847630022973,0.183205569895313,-0.486085757670564,0.837472486851166,0.612418262758499,0.249456233982865,0.146689470969068,0.0211797506180528,-0.293166779773364,1.40998324127395e-14
1401.415,658.79,-0.951925398112095,-0.601184833807183,0.908304721040504,-1.72348517730243,-0.346355190746654,0.287451207749041,0.229284851477259,-0.193341952144524,0.450221288330522,0.446397990638064,-0.171706250055464,-0.0382287055191126,-1.50435219836709e-14
1400.607,659.29,-0.170981880976423,-0.167737707026653,0.819942161679178,-1.96215272518659,1.10028330264275,1.12945234985081,0.3439366679375,0.293695887701415,-0.207605049567348,-0.2453570143065,0.000296634882051904,-0.112371446299003,-1.72917236085368e-14
1399.757,659.79,2.22389567625115,-0.745759729314392,1.364237493265,-1.02627247194844,0.319369205749293,0.105419984476114,1.40999266444187,0.416877199612978,0.447546060226696,0.451864601637434,0.443339057512379,0.124787120720148,-3.62210261783957e-15
1398.878,660.29,0.842000394485651,-0.319913188428728,0.834841280201093,-1.65811972326472,-0.21475165363768,0.0941608329644866,0.963394717796829,0.264219059285249,0.0130017253907006,0.426830013609816,0.25130533881515,0.230904114301056,-8.56259507742152e-15
1397.978,660.79,1.12063760661316,-0.447423409284712,0.978849385206654,-0.849133810990945,0.913503655254207,1.11372797663644,0.485626551262408,0.572369988241415,0.144155617482882,0.384697179861896,0.371673190339628,0.264743972619642,3.71924713249427e-15
1397.107,661.29,0.152288220087846,0.580289905877709,0.687192945970728,-1.65228580352254,0.0507977524005022,0.774477869446197,-0.177108791699449,0.281488729970348,-0.0402622633630883,-0.246233424824115,-0.0664102425839767,-0.158262044260255,1.35308431126191e-15
1396.257,661.79,0.872455728599617,0.353750033974443,0.793693513487132,-1.06409009243359,0.934607958561871,0.296251177785002,1.17074426927298,0.0296776476371203,-0.42613913932,-0.12079785226794,0.459146441740036,-0.0847097131205133,9.63118473862323e-15
1395.349,662.29,0.891048374573824,1.72220243639382,-0.31738438973504,-0.339888444329037,0.720530429428707,0.141070442757168,-0.485453844555413,1.17081806632087,0.466841777956487,0.197951287273272,0.058003904772321,-0.589867251726699,-2.81719092498633e-15
1394.399,662.79,0.0324798375188599,-0.172633504928441,0.602970496648983,-0.669331692533669,-0.521648128719153,1.27301062593136,-0.0926542147795199,-0.647980126269562,-0.470933931996384,0.22138016173576,-0.0234725186144349,0.0923997415370097,1.92398180720588e-14
1393.536,663.29,0.989566056416257,-0.696813413146911,0.215471379431121,-1.08763781849768,0.286502486643307,0.159849300869262,-0.428163519448144,0.357860686026011,0.174116507583348,0.348261917281583,0.130751687601445,-0.254922837591582,9.30505672513959e-15
1392.736,663.79,0.839067642664945,-0.409647686804808,-0.115586161067587,-0.440158743919683,0.0488910106713415,1.1285568072456,0.773098183638424,-0.312417298378947,-0.501226738622626,0.477593562639298,0.495645312746933,-0.336906450254402,-1.26565424807268e-14
1391.965,664.29,0.00549409410920612,0.649848762412877,-0.914978258151576,-2.09561120465998,0.18110703518926,0.347489216610293,0.117288015363254,0.361765021549526,-0.378470981312958,0.0611151215726305,0.277547485852327,0.0826599857568731,1.89015469942433e-14
1391.215,664.79,0.538779873593838,0.832341968299475,-0.224464444294888,-0.743689359534679,-1.12368621803233,0.129443833710139,0.222670357719382,0.724026243977162,-0.106615472199847,0.0497615372731496,0.395003997431619,-0.0510335714541755,-2.07056594092592e-14
1390.32,665.29,1.16598707478872,0.582390240882186,-0.123133074207731,-0.668113595809601,-0.388036734822142,0.295619373678598,-0.483587812139198,-0.103491515795591,0.532059918050034,0.194504700045232,0.25942045970434,0.0670425807271373,2.96984659087229e-15
1389.32,665.79,1.36210496288238,1.05755089554786,-0.264246428727744,-0.555821432503812,-0.249626164519651,0.229302067500373,0.403328752827436,1.21282523837157,0.125266655742442,-0.0848278437722831,0.597637758118894,0.0371013352852921,1.72917236085368e-14
1388.436,666.29,1.44935309809034,0.133136393581714,-0.744153364824912,-0.898141061932402,-0.531389637959222,-0.15781209883135,0.963401248138216,-0.246619403085566,-0.439323506757295,0.48913239704988,0.444890086095779,0.0526924616044271,8.2572837456496e-15
1387.636,666.79,1.94874442290417,0.101953304469063,0.376305068275438,0.266287703882764,-0.0426974097819854,0.505240566774346,0.548744236793324,0.0871761816990882,0.667806343998548,0.543628917451107,0.521558665837643,0.100010424604911,1.06581410364015e-14
1386.778,667.29,-0.345941562061464,0.859165955702405,0.0882288283251883,-1.22387928922734,-0.218993454209815,1.17179713340101,-0.487628411115656,-0.0644439005888105,-0.11219606130895,-0.170558974111091,-0.150605411162764,-0.240298221025906,-1.0019762797242e-14
1385.878,667.79,0.653402773234547,0.176303480733864,0.558167773517604,-0.710934432311255,-0.908699064345571,-0.752063181161945,0.118223055045734,-0.144786485210911,0.840088854529087,0.51171066041084,0.176975382706721,-0.0313323622876883,1.40998324127395e-14
1384.978,668.29,0.581816019218595,0.26404177601549,0.218972573911635,-0.0495160905903102,-0.516791855347246,0.0299741062180364,-0.21681114991926,0.340614447285369,0.574952889383474,0.628407463810093,0.19807898712742,0.190604182076001,-1.14908083048704e-14
1384.078,668.79,-0.285116143667484,-0.0665461706435832,0.0292600122870164,0.027881633250198,0.67902434688571,0.46132209998666,0.714553138270402,-0.182651601329091,-0.0804678404488975,0.854796537074815,0.117904408389771,-0.000525543400072735,-7.88258347483861e-15
1383.207,669.29,-0.00955378454819311,0.527215392322755,0.456393657068412,-0.9108849868513,-0.769975674408948,-0.199930945056492,-0.22312784524133,0.367696306628544,0.446973892523691,0.493372401051152,0.123951561991398,0.172694044371933,-1.97064586870965e-14
1382.357,669.79,1.25185048266804,0.882207472950445,0.302235431537899,-0.0692048188852941,0.0955766518774167,1.03246275295386,0.111952119004345,0.000402476524136011,0.235806658507971,0.785314990333981,0.217465600370322,0.0472708624875498,-6.99440505513849e-15
1381.507,670.29,0.00647906719063976,0.845126770548067,0.256363381504833,-0.499839942531705,-1.32132860574762,-0.0457365196888747,0.383952838740106,-0.536781410826162,-0.00804046558499677,0.541249244384028,0.0248149859861803,-0.156566135193224,1.60982338570648e-14
1380.657,670.79,0.813008791389128,1.09182662930836,0.189140798173088,-0.182945183810605,-0.242362967894164,0.552730981338078,-0.226531205659305,-0.099240433947363,0.403679681544127,0.100383984494445,-0.0171264045360001,-0.362972191541439,-1.96925808992887e-14
1379.749,671.29,1.75993534746368,0.533717854798879,0.717793933950637,-0.511792187007041,-0.884205464746151,0.0478714341954351,-0.660324119027413,-0.174883425202175,1.13453354588006,0.537037720048887,0.306526783967629,-0.209425929479847,1.36557432028894e-14
1378.799,671.79,0.60465484316943,0.413008035345009,0.384398581483093,0.0230740740456219,-1.47301354411103,0.635144796128301,0.0471242675341315,-0.593565261233369,0.336642479579173,0.599547864653728,0.122488943612955,-0.0855955747907095,-7.07767178198537e-15
1377.907,672.29,0.51168221137295,0.44473703343084,0.261948080302315,-1.78196238485348,-0.963226394088527,0.300267838688775,-0.85596155280941,0.139978127925633,0.174872227495193,-0.0411232336307515,0.239853841605846,0.101590619158082,-8.71525074330748e-15
1377.057,672.79,0.0295980224837995,0.334687708222875,0.547264525500157,-0.962954477711865,-0.944131337360737,0.603573609055619,-0.463513838092778,-0.250762676635433,0.210148313392141,-0.241689531131683,0.0159193314840951,0.142274156842296,-1.60982338570648e-14
1376.207,673.29,0.333759947696933,0.903919171154329,0.104782465864548,-0.675103097381917,-0.36433632443827,0.58911592951236,-0.0468183435689591,-0.751554671049979,0.317682832115304,-0.00125740755193978,-0.0635932970431805,0.178791912725988,-1.765254609154e-14
1375.357,673.79,0.780515067722393,0.50505901355059,-0.355520358071891,-0.574660477450402,-0.105750734384288,0.477628848121205,-0.179122235598048,-0.351336903237234,0.0934694046556076,0.195925936462211,0.317101946956023,0.0912874071740869,1.99111560572618e-14
1374.391,674.29,0.736194796479059,0.347237116836091,-0.310216478925742,-0.580998647047851,-0.742741805681817,0.0900649109166469,-0.830868064834304,-0.0496565603794148,0.37945819708931,-0.0965085593888811,-0.0396841815016552,-0.175972104900857,9.13158437754191e-15
1373.341,674.79,0.791454059881044,0.389626806849397,-0.463754576393527,0.241515259007062,-0.0721819644936169,0.263981450670818,0.584255794596847,-0.251791600094017,-0.142540628069933,-0.103515928795679,0.351869893710072,-0.288062684580213,2.47718512369488e-15
1372.465,675.29,-0.209465507553335,0.0603281369165133,-0.0536307991258019,-0.408675923378803,-0.557539048859821,-0.793953222553392,-0.131356662362433,-0.344029743636754,0.570095983741346,-0.0789284460818528,0.538768831183943,-0.252633089372633,-2.28983498828939e-14
1371.715,675.79,0.374470136740787,0.885350527894514,-0.643623239541377,1.07548529790793,0.273796906078251,-0.196696365735877,0.26041207116846,0.0847131298526768,0.720566658362116,0.0835072883252017,0.638753196909244,-0.806099782766282,-1.86101134502792e-14
1370.849,676.29,-0.476092425623811,0.480909569458832,-0.655481669129641,-0.75891071559519,-0.513428690902391,-0.440391656477373,-0.50016148286077,-0.269233445715805,0.599517366128283,-0.387514680256039,0.300832520386618,-0.727094375459469,-1.14352971536391e-14
1369.899,676.79,0.148603895151672,0.148791360721637,-1.51482525446457,0.0568154228052175,0.0363825161384052,0.333042680395934,-0.919303237947775,-0.638350740431446,0.428177466783741,0.373646579682534,0.357282779721623,-0.400634710769412,-1.27953203588049e-14
1369.036,677.29,-0.362583381747611,0.474198653840325,-1.30100371678006,-0.526977914018468,0.0716197822320538,-0.69169433963555,-0.620088736596375,-0.245549050284058,0.00587657215759784,-0.139855049556955,0.533848020204893,-0.616392965422036,4.87110352054287e-15
1368.236,677.79,0.0795071112470764,0.905135906205884,-0.90447270562857,1.1643369529979,1.21614977465998,0.935181144857881,-0.869153772108905,-0.622824123619004,-0.519335082229107,0.00779025384209277,0.7922198358742,-0.277931004061675,-1.77635683940025e-14
1367.407,678.29,-1.79337904934113,2.41375212697478,0.644726483490728,0.561333029114296,0.237268920783351,-0.405836812731758,-1.4897676642006,-0.0933839428381502,0.295177430953544,-0.141953333530295,0.218475191279574,-0.611880589721735,1.77913239696181e-14
1366.557,678.79,-0.154422254734952,2.28396455548438,1.25586437080094,1.03187384143399,-0.100160954251938,-0.798446434947695,-0.831284766084743,-0.39577802001685,0.71452140860018,0.424080009307906,0.457700385237558,-0.115905038964018,-2.6256774532385e-14
1365.707,679.29,1.43339821268625,2.12182592947453,1.23074904113365,0.604285595498443,-0.223666856490065,-0.362949747801076,-0.0991314907040374,-0.106633939056273,0.526318729180081,0.673540673241344,0.0667306628527759,0.503460587603101,-2.31481500634345e-14
1364.857,679.79,-0.610493236286808,1.1622462103058,1.75796243639173,-0.222131900560119,-1.05817303441895,0.748987341428389,0.204211724358245,-0.484288018622309,-0.39099050774638,0.43637589605971,-0.0907633964946421,0.079033256395866,-2.55351295663786e-15
1364.036,680.29,-0.0702247610772712,1.63422285406198,2.20088536352526,-0.737379482204846,-0.914490076573751,0.483553835633411,0.202366441231959,-0.286010428450823,0.035054793107939,-0.175649649877119,-3.39339835521016e-05,-0.188299567761771,1.9595436384634e-14
1363.236,680.79,-0.266261725276378,0.996031669485461,1.24971888333303,-1.46996307736347,-0.899444196041303,-0.790205951197983,0.749321346954069,0.156855435881084,0.0887613907018172,0.788659614694684,0.23306510016029,0.0672432387953253,-1.45994327738208e-14
1362.436,681.29,0.299626807788439,1.02864440794663,1.71569684342126,0.327613282073286,-1.55044316998946,-0.352323588815015,0.866937351998104,0.0574105685386532,0.232535788923546,0.419309951804903,-0.0386147033632112,-0.409667216682299,-5.44009282066327e-15
1361.636,681.79,0.587935471189161,0.761284593531487,0.671470077285467,0.696260113361278,0.140107453615071,0.723710337775959,0.19647224454423,0.857103843455827,0.41855504311432,0.934124953931119,0.0802854986999832,-0.210902428494206,8.11850586757146e-15
1360.778,682.29,-0.817707275463559,-0.0325312409391273,0.786927690645903,-0.427516095753657,0.46347992483339,0.956065866331494,0.534823467605534,-0.233384905337888,-0.172443614244019,0.460568767370025,-0.00721661964833301,-0.0708790508697925,3.33066907387547e-16
1359.878,682.79,-0.247391958642415,-0.177085099682806,0.75368622555186,-0.27408657144775,0.930062315753625,0.22197090744305,1.35167127140276,0.218722309417286,-0.248745817215888,-0.108313382022026,0.167874535581252,0.260111382295436,1.37112543541207e-14
1359.036,683.29,-0.768547623283594,-0.438864508746855,2.43072096735191,0.0198286854351004,-1.19355674178499,-0.850427386038846,0.760833057462973,-0.220030161655302,1.08017877426095,-0.198894681251081,0.0860981260155751,-0.230464344094081,2.03725925018716e-14
1358.236,683.79,-0.185040280170689,0.618254640975553,0.933183225892719,0.855073304516359,0.809293790648098,0.688832264006532,0.778215755568224,0.597952519456467,0.324774942709044,0.237410141077262,0.469738627285114,-0.10516187467926,1.0769163338864e-14
1357.349,684.29,0.0309644486518099,0.547065575829318,0.678352861462966,0.206057990199643,1.46300159074498,0.825331522055609,0.758319345747515,0.296029868080371,0.104035303323686,0.320809277073401,0.386418932792004,-0.0334736705016823,-1.88737914186277e-15
1356.399,684.79,-0.343708086151809,0.566137787102716,0.22607973796722,-0.95599833632092,0.232129074209086,-0.320557364034532,-0.20418311364656,0.446891625020536,0.494409171675302,0.552952054561441,-0.134131225769469,-0.223182906143182,-7.27196081129478e-15
1355.623,685.29,0.68666831355369,0.87502497291869,1.02695851613285,-0.0946338250938948,0.211028398773461,-0.11040399264649,1.17911790597059,0.329951922179117,0.331531065821056,0.281331862356394,0.313948073230915,-0.248191248674311,9.72832925327793e-15
1354.973,685.79,-0.123931075524878,1.5211967516019,1.24896593107773,-0.478394359796878,0.677041702762278,0.413055554117035,-0.0622755555403516,0.6563164212843,0.757873196278449,-0.00221372136521656,0.171062720314596,-0.375512839455167,7.77351273628657e-15
1354.236,686.29,0.999932337916138,0.852157837758389,1.5220814068219,-0.723691555806552,1.61984196690029,0.658151678424838,0.345677684764542,0.999306567406194,0.459572035806833,-0.244694619076242,0.210087039938892,0.109782206573664,-1.84297022087776e-14
1353.436,686.79,-0.160338221287823,1.04466011516327,0.510511724158451,0.475913954329138,1.02720561628325,1.37775470775462,0.57582973534478,0.493045742356527,0.0447480024809667,0.200443266107206,-0.0687492775464496,0.255866490735086,1.06581410364015e-14
1352.52,687.29,-0.133837264626838,-0.150643465217759,1.41289207894046,-0.989214604982094,-0.190454875438598,-0.172080543051584,0.0508616610937031,0.0682795051645919,0.846738456997621,0.630455952459528,-0.0669874007257986,-0.0400310669615902,-1.50435219836709e-14
1351.52,687.79,0.167192750442414,-0.934692192329976,1.30014883687682,-0.257257288325909,0.632988433444457,1.71579821728205,0.882578204258607,-0.0607794093951544,0.000994597480683646,0.271399496933165,0.0587251044979298,-0.170000864787174,1.32671651442706e-14
1350.665,688.29,0.0171220566131578,-0.997247587316928,0.70827187524859,-0.772122296772526,0.342094212592833,0.424817597527614,0.532353414709952,0.0613214551793382,0.963331790667597,0.96855655533584,-0.0410167292752804,-0.131533798854049,-4.12170297892089e-15
1349.915,688.79,-0.583645293943249,-0.736482054254978,0.982054697430637,-0.327037682480816,0.401711474377962,0.802613534352693,0.182924774408483,0.62285965647229,0.561872955655894,-0.0949319641129855,0.00887111967034382,-0.202374429358408,7.66053886991358e-15
1349.049,689.29,-0.530553586955176,-0.375824597827251,0.173129984968731,-0.582943920539296,-0.262887506343668,0.360341793274784,0.280522128420404,0.546430095902414,0.0430535756672158,-0.284084320119851,-0.0880599456164877,-0.111570795355202,1.08385522779031e-14
1348.099,689.79,0.967617657329766,-1.37243297596219,1.51085170269466,0.272641384450352,-0.338844563776123,0.291793386907052,1.3864020781148,0.26391633909197,0.232003438624007,-0.460447835454871,0.701741948429825,-0.0381035660692689,6.94930224476309e-15
1347.178,690.29,0.277633410593647,-1.11180821901606,0.380676372371569,-0.351941870213766,0.964776537762103,0.566568808796401,0.286576439288236,0.384678312279393,0.409579000289811,0.304461095638509,0.312056027196531,-0.325130017601735,-2.33146835171283e-14
1346.278,690.79,0.0521045538990871,-0.728350361782577,0.860870618978006,0.099179371652611,0.181797871250084,0.545980533396198,0.677713593098837,-0.358285507816263,0.368830251764061,0.214692669535336,0.174509092003943,0.0285950492720239,1.10605968828281e-14
1345.436,691.29,0.243466433075166,-0.225435546192009,0.502203676243978,0.0275292394401372,2.07426242983488,1.2247184204387,0.343044920462656,-0.669310153375888,0.402877313713384,0.322939067783397,-0.247852721783706,-0.245870103901334,2.30926389122033e-14
1344.636,691.79,-1.07896094793443,-1.07049422854481,1.86991593675555,-0.3044471407564,0.299355731951135,1.00099666412155,0.402943884492398,0.157858244869885,0.216679587663202,-0.34086405991342,-0.151088128169334,-0.0556014039105435,1.54182222544819e-14
1343.807,692.29,0.390466702715228,-0.836597214692733,0.808137058106013,0.191611181844989,-0.123627209225922,0.520166048379806,-0.0887407368368104,0.36462835898889,0.979093586240276,0.920284634001691,0.235105763915329,-0.575883504377133,-6.12010442324618e-15
1342.957,692.79,0.216968843816375,-0.682803456455897,0.596073343627395,-0.698348546011172,-0.404379022754339,0.932091405363034,0.563554522287553,0.692885756927386,-0.322076403109718,0.40109681868528,0.446258590215227,0.238287735460441,1.77306086479589e-14
1342.165,693.29,1.29250894336849,-0.335011900960878,0.707050354653485,-1.26520226394448,-0.25177934514311,-0.174426690485611,0.375635934576432,0.528436838719402,0.58156105462501,0.792284887620089,0.468345326185043,0.174741960537279,-2.76584311009742e-14
1341.415,693.79,0.828616274319308,-0.54289123729148,1.04239255725161,-0.425226053557636,-0.390835650557232,0.339611358571099,0.380359452302033,0.114076134332853,0.413725059787642,0.468597815694946,-0.0335035491013729,0.255360325115393,1.88737914186277e-15
1340.636,694.29,0.466491657087735,0.453284560156067,0.944461038153203,-0.877263281499661,-0.502954084735824,0.0202235658173411,0.268769251218456,-0.0678021190113003,0.68347687039324,0.311988178604163,0.0604388718243127,-0.10037959593968,-2.18158824338843e-14
1339.836,694.79,0.88948641962936,-0.143267634269919,0.995972815375561,0.370395246462944,-0.939168388573734,0.0991985764787214,0.34541240505365,0.530491541936077,0.857422923268277,0.578157137115748,0.165399353898003,-0.0928493799235059,9.6034291630076e-15
1339.007,695.29,-0.514888290511082,0.0939230293164024,0.135523420573732,-1.57588666867329,0.476479799051812,0.256824807164898,-0.0377154235035818,0.392729282000762,-0.0119750720428681,0.021431069243048,0.0702705615908678,0.0944958469339254,-1.76178516220205e-14
1338.157,695.79,-0.214251832315757,0.00563812418619396,0.871234366107988,-1.80211082458714,0.268085540869408,0.6654365347055,-0.126284448516168,-0.405694487745827,-0.144302070004215,-0.295211305711503,0.00786689589150002,0.0297041779988042,-2.42982717280071e-14
1337.307,696.29,-0.205552958790958,0.0978914300618808,0.361711892262143,-0.0937786765591552,0.118379062930464,0.287415415864792,-0.165094090372335,0.231231731140484,0.476107801720665,0.338953102606141,-0.0642959662595229,-0.260207533362117,4.88324658487471e-15
1336.457,696.79,0.468164592157151,-0.383433534229339,0.36665435688587,-0.629465917475267,0.249926316470669,0.255702666777454,0.564634543955752,0.00832373207803428,-0.0460661113325581,0.654030447961641,0.41025321658976,0.328144629183613,-1.11161080340594e-14
1335.549,697.29,-0.408552367619601,0.0117943820102346,-0.0455410462496071,-1.46722782345966,0.289121059808775,-0.140692487329111,0.370846948696171,0.111183969821654,0.114994352986535,0.705608195517727,-0.0133069636579978,-0.118470622799465,-2.9767854847762e-15
1334.599,697.79,0.305924628122687,-0.294569806906513,0.45387026629494,-1.34572548588142,-0.509279351001559,1.05314994830498,0.15419613916936,0.387062377745937,0.132531644825306,0.413577284791504,0.122996209406028,-0.0440713764048627,2.15175099960163e-14
1333.707,698.29,-0.0485199732879007,-0.198322611064734,1.53180513929712,-1.09274730974141,-0.605799513504632,0.478969411437953,1.05160282717876,0.431543019235445,0.344839837087659,-0.723282526277077,-0.0757955317698469,-0.284377060450484,3.71924713249427e-15
1332.857,698.79,-0.0563677452176191,-0.00209925133297701,-0.415362743663858,-2.69862474890185,0.459369008961663,-0.0282581385664603,0.943388997404759,-0.136379706164169,0.0571594691396017,0.744402650745521,0.162221225992196,0.0112442615112222,1.55778168142717e-14
1331.92,699.29,-0.320413403533715,-0.646293711789592,0.613759797446632,-1.00187087146695,-0.0196494829769017,0.974744291224813,0.208390141696714,0.41458518611719,0.520164754683869,0.570392260626784,0.0407262635444962,-0.000257607978615237,4.82600071016748e-15
1330.92,699.79,-1.17247226385898,-0.390990638461494,0.188410837467401,-0.572865096037372,-0.46507009244359,0.291691976052127,0.714905754022736,0.563284311255875,0.0983519804628682,0.16778580592758,-0.188103146824262,-0.593156369630987,-1.42663658664333e-14
1329.978,700.29,0.0386469119813752,-0.762347570355618,0.0896096029729241,-0.196769424006148,0.068472347304718,0.584709811030363,-0.424329317872493,1.06646936442104,0.272239232233915,0.609862924492484,0.150944384108772,-0.136791755195356,1.74721348500384e-14
1329.078,700.79,-0.00448907095618368,-0.586792900640763,0.0756604758562102,-0.300734510696751,-0.37335925696663,0.242688671256306,0.819840213209955,-0.364047808943957,-0.472668523681206,0.529907515057457,0.178668190044676,-0.144751949848832,-4.92314522482218e-15
1328.265,701.29,0.438827410467365,-0.881788982330245,1.06872779007893,-0.0842915170977362,-0.690392716186555,-0.245921844135666,0.0937278877202869,-0.222065213624284,0.541719650160275,0.293222140851885,-0.130825969600874,-0.100948122668619,-1.99840144432528e-15
1327.515,701.79,-0.120715502853685,-0.637742873526629,1.05532014467585,-0.499041961954075,-1.07832229288411,-0.175871039140495,0.895456562213863,0.737088911748595,-0.405305829190617,-0.169797482837864,0.179676958100517,0.0443724018667301,-7.7715611723761e-16
1326.678,702.29,0.82083092718746,0.285309785930821,-0.424360255597012,-1.18738213902558,0.835090377690184,0.51801446615933,0.403755027459082,0.495056009058872,-0.426704511822095,0.505599247574435,0.28112370122013,-0.0631765321820888,6.82787160144471e-15
1325.778,702.79,0.209011777212323,0.293341875984811,0.654749315215623,-1.2645192380256,0.0857666191050704,0.154265656503123,0.843595989129173,-0.0258691129069932,-0.398368989030141,0.00386503487873063,0.128851775162216,0.0141852812688547,-2.35159114403416e-14
1324.878,703.29,0.40451198458846,0.584499983704554,0.124869483126279,-1.17994710019741,-1.02220440206124,-0.624715820553243,0.134688334218053,0.0334804277052835,0.127991541287278,0.53172656949741,0.00335431757145368,0.0172474579487844,-2.01505478969466e-14
1323.978,703.79,0.756672316297988,0.6684499630914,0.107551061964869,-0.943186845406482,-0.905482106816755,-0.144226272829321,-0.425065337736104,0.322222443244944,0.337784200757287,0.615250695967074,0.0211917808932897,-0.0406055525727591,-3.33066907387547e-15
1323.107,704.29,0.268313963222536,0.815697337372615,0.522935390563568,-1.77588787995691,-0.881765344669034,-0.0786588307020815,0.415241921906066,-0.156893165189002,-0.500084116025155,-0.201057291072471,0.213677257660361,-0.101439291807456,1.5709655798446e-14
1322.257,704.79,0.718179190746458,0.679695280534739,0.141361036146035,-1.16436581357938,-1.18603910810948,-0.0575842342983529,0.146141414307586,0.535109507611155,-0.756851215444794,0.0733687001369862,0.125986782997401,0.139881934730444,-1.83741910575463e-14
1321.378,705.29,0.723947107376353,0.322621839988968,0.541333095414524,-0.116170038659603,-1.15682604269991,0.58032525456731,-0.709531802218379,0.153837963238558,0.0399451087858603,0.438978249123561,-0.189952367950015,-0.0172273623529671,-3.10862446895044e-15
1320.478,705.79,2.09626426633298,-0.32791021687826,1.0163197807326,0.658576376521825,-1.18308963138715,0.942279777054216,0.612539431681912,0.613203266781444,-0.259279127532836,0.449594397745472,0.104256612378163,0.153542070884705,-7.14706072102445e-15
1319.607,706.29,1.63178972388179,-0.0408796838354893,0.655006945677785,0.0139097508096777,-1.03971860042963,0.415788190134795,0.253308798575815,0.704915534326641,-0.121442778175808,0.315085863961397,0.0205319263865389,-0.156980638320225,-3.81639164714898e-15
1318.757,706.79,0.858210868846108,0.0590567865344456,0.876028296259924,-1.16001505079074,-2.03184870274043,-0.283492241511747,0.596159788840934,-0.0682076711014763,-0.149526180333323,0.732920066400296,0.239044231392975,0.111331161864349,-1.21014309684142e-14
1317.965,707.29,1.07146556740399,0.182414440113709,0.218779398009714,-0.193607404444183,-0.0303403161240339,0.841495858821542,-0.304077946727393,1.08936177414511,-0.379366790837523,0.710458830051929,0.159759202578915,0.272669834567559,-1.13520304267922e-14
1317.215,707.79,0.961961372187224,1.5000655904896,0.0888214803292383,0.489663599513812,0.199539841867245,0.815108081791197,-0.596524249551196,1.14805182382083,0.390401843745866,0.106864910473456,-0.179949936844667,-0.252140230222349,-5.34294830600857e-15
1316.465,708.29,1.05292901333273,0.0446885504052777,1.09836395464869,-0.83121655729666,-0.655701804126164,-0.032192109770652,0.438708456619496,-0.812196752562827,-0.0604195886848004,0.115896617770169,-0.0529244424078091,0.161386092676376,-2.48134846003722e-14
1315.715,708.79,1.15297479829957,0.614989247368606,0.372804757844036,-0.154712028622845,-0.16709388501974,0.654318187582255,0.454431067879884,-0.858918435581799,-0.315245298769006,0.254610410500343,-0.222111667609441,0.122412884525246,-1.75623404707892e-14
1314.878,709.29,1.81655055765229,0.837938185027075,-0.529481893516818,-1.16405529710611,1.46773624220185,0.216857797615203,0.234688651329577,-0.195036610095381,-0.398206811536691,0.298291843232394,-0.011465387641127,0.432933985547513,1.17683640610267e-14
1313.978,709.79,0.480281075420706,1.02495825649701,0.0343880312059441,-1.13919280150462,-0.314858737381004,-0.287380730052565,0.241665974967661,0.119952638955033,-0.22230475340468,0.0198335840343961,-0.212442720528351,0.132573016660595,-1.06858966120171e-14
1313.107,710.29,1.07080859287775,1.13161107101641,0.169274228908649,-0.69773176244049,-0.174817426079334,0.0590819857430098,-0.0137007401208071,-0.121340644777851,0.113956780046407,-0.0737751335589079,-0.103904007851191,-0.0455092623366612,-1.84574577843932e-14
1312.257,710.79,0.6298734583627,1.02027186976741,0.640021325945723,-0.694098022730057,-0.694971430410628,0.687764387876407,-0.00975377921052623,0.265938225508744,0.0426434088961968,-0.250875811158216,0.0150784933268032,-0.117822113016353,1.83186799063151e-14
1311.436,711.29,0.559447025000778,0.958354105231892,0.838936878815044,-1.01924509639069,-0.941023076719733,-0.394195597951711,0.145199477555031,0.354209562399028,0.257775861748672,-0.244198964928098,0.159740218582946,0.0186073911017092,-6.66133814775094e-15
1310.636,711.79,1.27076387174627,1.09393159571754,0.557865759014162,-0.0497802325587575,-0.730470490370383,-0.0360201765857278,0.115069405216729,0.648315489181662,0.31419037009253,0.0775913290527079,0.278812225342099,0.305796359336407,1.66255897937617e-14
1309.894,712.29,2.20595138060914,1.04596457275689,0.331875944195947,-0.150844059604111,0.906062225481721,0.513414943347338,0.0544495860807637,0.511229857277578,0.506600682790536,0.23283186528328,-0.0837849541128371,-0.0373421636171828,-1.81799020282369e-14
1309.194,712.79,1.09947375025465,1.74189047721643,-0.0299291283305813,-0.351449258268229,0.307921024894377,-0.377126639133389,0.502249646307105,-0.104095631777228,0.260069206949611,0.0169387497439264,-0.232074694262026,-0.184900470054365,-5.19723153402651e-15
1308.523,713.29,1.40686127390997,2.2838949797003,-0.31454359392008,0.402653187750201,1.02494458501735,-0.105039205216973,0.399467831887498,0.676635984245663,0.0615879479986924,-0.253814122168195,0.254787337219012,0.352992412479297,-1.46271883494364e-14
1307.873,713.79,0.455733260311506,1.77302953604423,0.524102921905752,-0.700191133445894,0.274367067944954,-0.00280397240921446,0.141055088682868,-0.99666631774083,0.311800232971665,-0.339041469214192,-0.354047477959178,0.145360169968027,-1.65006897034914e-14
1307.049,714.29,0.999455599737617,1.3711075354961,0.52866523604606,-0.916179266882941,-0.630705821261987,-0.995554357019594,1.25466814571975,-0.613967102431496,-0.0738568096582191,-0.0275535359892414,0.191258953526879,0.407080275912103,1.21569421196455e-14
1306.099,714.79,0.642718103813651,1.42890452391928,0.730110994076753,-0.330322013382637,0.342778374342964,-0.221217269243323,0.623177804217209,0.226513758142095,0.0472198924506041,-0.222385836537388,0.171836289880408,0.0165208760437313,-1.06373243546898e-14
1305.178,715.29,1.0137729479315,1.72695420851497,0.140691017993289,-0.61740625201049,-0.310193094442517,-0.341615526632054,0.371526023617584,0.604348100306203,0.169669879402935,0.053356992227443,0.255879378207747,-0.0335425028924854,-6.10622663543836e-16
1304.278,715.79,0.681643273679407,1.2756595344597,0.699741231488476,-0.884567859677794,-0.0916271713860333,-0.376004567522347,-0.214079356346088,-0.20320128504235,0.519004399817104,-0.184911443985117,-0.095652287386886,-0.111260195390309,-5.52335954751015e-15
1303.378,716.29,1.35220201924943,0.640903700637781,1.24254793040808,0.0178040562545108,-0.0475087692346109,-0.190185738584683,1.18766650879816,-0.863593394711036,0.0287936282337931,-0.228039920340927,-0.00845056939942769,0.0823460237332361,-6.58501031480796e-15
1302.478,716.79,1.10902150192911,1.64456192647372,0.129012008182511,-0.846775350055418,0.845369507736477,-0.957183804369795,-0.539117169096589,0.133368973375916,0.667731072725458,-0.0754650934876292,-0.16333425045936,-0.179928904365813,-2.44942954807925e-15
1301.636,717.29,1.34655963671645,1.57232331395282,0.217880360417627,0.353861590471679,-0.303028200483877,-0.669843749672917,-0.0404727441666426,-0.972169036434543,1.0783404903798,0.596921274712707,-0.23849766125777,-0.233042318173972,4.6074255521944e-15
1300.836,717.79,0.153784294909497,1.68221427527238,0.577247699402936,-0.71749614335305,0.318956718571587,0.321288995643147,-0.37408928509608,-0.142716873626012,0.236305780122331,-0.649474967148123,-0.192719885243019,-0.0953623425204471,9.19403442267708e-15
1300.094,718.29,1.29169962054848,1.39565699762418,0.628906206938377,-0.741636972190622,0.710182660165733,0.503859283415895,0.127779253137737,-0.311020551228003,-0.147360103511878,-0.610079247462402,0.00511929835841876,0.608091716872672,-9.71445146547012e-16
1299.394,718.79,1.46423251855159,2.06120834264993,0.232454527149719,-0.356254043879818,0.378404637392226,-0.000201862998901093,0.174117233999041,-0.258426997348997,-0.0237151309925992,-0.163093297349583,-0.175184303733216,0.067029839548142,-3.66286861952503e-15
1298.578,719.29,1.68746359702786,1.74984854705279,0.187010647881888,0.342613372491835,1.21685640791918,0.495778430435945,0.485384025003964,-0.182413597866789,0.163496453955164,0.0582561820083645,-0.297618501028924,0.0967570161871847,9.99200722162641e-16
1297.678,719.79,1.97064200490291,1.2218714073423,0.605954680724228,0.208615890400404,1.78350768504158,0.8943709619295,0.264332957699876,0.344436986063737,0.198484234247982,0.0406590036255677,0.0191125302205142,0.0208818824951495,1.48769885299771e-14
1296.778,720.29,2.70422068931891,0.561464156215221,1.20139082275126,-0.509719629423445,1.09232876303014,0.711294658644317,0.111659636460202,-0.0099321196445639,0.431121645264679,0.271080488474544,-0.143603501124463,0.432105432745692,5.77315972805081e-15
1295.878,720.79,1.39326467105402,0.193558808927633,1.23827526486422,-1.00857436040424,0.461319800403256,1.39882022083004,-0.678915343977238,-0.488320024188027,0.133262701740403,0.22102085409899,-0.487041453211055,0.0588910430365492,5.19029264012261e-15
1295.007,721.29,1.96280518885307,0.590373536579583,1.44549675635379,-0.801643463170045,0.361604038780882,0.283358497120598,0.270681079538348,0.263294687212883,-0.0175605422215497,0.191498239743376,-0.0993598935479219,0.200725030491782,-5.91887650003287e-15
1294.157,721.79,1.28990889631142,1.12084211855431,1.32454768275239,-1.14541356278145,0.0912746515299688,0.0465765957594861,0.0143390129287482,0.45428985911635,0.104387420877039,0.0926099136806337,-0.316645511512615,-0.0139280261403368,-1.87211357527417e-14
1293.365,722.29,-0.0541083184187127,1.32587504907231,0.622558512530639,-1.88568891716563,0.487761472981821,-0.0944383272628348,0.162904308912552,-0.0223412530348415,-0.245677184612905,0.189869564476004,-0.272682981498979,-0.127269484958235,-1.89015469942433e-14
1292.615,722.79,0.538057446940806,0.93929707031539,1.43342744880273,-0.607527597942549,-0.806701205865733,-0.736411303245603,1.15419282579261,0.127946643085739,-0.0305820816326012,0.228808093124633,-0.333991009426449,0.197184028797467,1.84297022087776e-14
1291.923,723.29,1.73280373792074,1.29005725272507,1.80105161716165,0.266850115221185,0.428429773189357,0.435331931274357,1.73430679895094,0.286844176140045,-0.705291115474623,-0.701744834167533,-0.0261969425468812,0.382786682680174,-1.95538030212106e-14
1291.273,723.79,0.466271274740838,2.37804855332009,-0.0765995464329436,-0.888486664597537,1.02643050708321,0.149634127513445,1.00470391780433,-1.17899261172513,-0.563960472529427,0.368041790487222,-0.494030595756279,-0.180810347208342,1.83464354819307e-14
1290.507,724.29,1.57371153996133,1.63056577275801,1.19260710609256,-0.768742519542964,0.139633302120704,0.161561065626296,0.0563340435387522,-0.00869836642963951,0.11808055975055,0.0912709859350929,-0.249050649801191,0.0408474990500221,-8.22258927613007e-15
1289.657,724.79,1.03451237435855,0.554239819690176,1.1432399751764,-2.01965521741144,0.805357296480894,0.210079384965886,-0.302736995905312,0.13925907450054,-0.0412936516287137,0.387598017680125,0.139722978162952,0.623509650287766,-2.85882428840978e-15
1288.807,725.29,1.03671825198121,1.06162366896067,0.83313155279889,-1.92733120774398,0.186376640158354,0.331837003587384,0.138836173903093,-0.0842121440813616,-0.537220858712166,0.0643943646710917,0.0762550656814229,0.322644536333044,-3.0739299994309e-15
1287.957,725.79,2.13413043912796,0.403579866691071,0.839207190073242,-0.421133594829555,-0.194770514342283,0.892493659421767,-0.747448642887152,-0.479074183213145,0.148880148485422,0.864294689886502,-0.339515715361912,-0.0194650394595762,1.02556851899749e-14
1287.107,726.29,0.776703487608114,2.01059125651425,0.731777240575572,-1.03724698774731,-1.29546672765229,-0.194633744009253,-0.787861532735961,0.0662740521459822,0.358759468631882,0.114043647841779,-0.541363061091539,-0.177937667457267,1.94844140821715e-14
1286.257,726.79,1.87386697672859,1.21202214814938,1.67366529188226,-1.23794030848361,0.447595548514655,-0.0908218135259567,0.53537086924802,-0.606223679162214,0.106088435094729,-0.285143827507469,-0.231092207292445,0.194255545347501,-1.11299858218672e-14
1285.32,727.29,1.43566834910369,1.65864781100844,1.30274491479713,-1.76279907505749,0.228707531943002,-0.647081990737505,0.838686341314926,0.0160203249182895,0.0496590638911679,-0.0283522603472793,-0.356012384350495,-0.0148793920345238,7.21644966006352e-16
1284.32,727.79,0.435109038423713,1.09749855027396,1.52251840233243,-1.10370393999104,-0.387959262079509,0.388577394474455,1.19055847944882,0.264580910684499,-0.821994219157761,-0.210834247478009,-0.0835466443444283,0.242483814471922,-1.33226762955019e-15
1283.494,728.29,0.753725222761879,1.69309677888744,1.53087045085673,-0.399616580350417,-0.471836598281573,-0.996617622421275,1.49246205096234,-0.0508239496260076,0.0975591294429693,0.00291160526151582,-0.050261405275298,0.0064209137309648,-1.16573417585641e-14
1282.794,728.79,0.309630378291738,0.979836943377774,1.0467725059125,-0.663352887463382,0.449739066074446,-0.197824354245391,0.573285678392993,0.0715446416746021,-0.137884464523995,0.45484929419146,-0.331835234839288,0.0722876550531437,-1.41553435639707e-14
1281.978,729.29,0.483170562808911,0.902492776187989,0.938919601120358,-0.347603034718426,1.61960564553757,-0.287026086287548,0.180186942667428,0.486689416725254,0.473255725960733,0.473915313572931,-0.548715481546568,0.251000926025305,-6.93889390390723e-15
1281.078,729.79,-0.566026484625467,1.22805557856834,1.40256938173836,-2.44832274477746,1.10303500243034,-1.24927223211973,0.977825668546806,-0.172986420270543,-0.199895285000937,-0.280765276411966,-0.615611444658038,0.20085041576865,-1.95676808090184e-14
1280.207,730.29,0.32002400185155,1.91649753037301,0.958448468465687,-1.22851255194662,1.09979847112631,-0.145406642930522,0.0476337334685717,0.443445018386968,-0.389725153468254,-0.531460836635432,-0.498392218662188,0.281621816090255,3.58740814832004e-15
1279.357,730.79,2.81801875648073,1.68236951209794,1.43654342979729,1.3205103547075,-0.20284834354184,-0.352813257668128,1.28690531959723,0.0377488083222591,-0.036253284580522,0.15092617302149,0.174500432882137,0.642321734729736,5.75581249329105e-15
1278.478,731.29,0.385977336213321,2.17880860201393,0.162200348767041,-1.58619545660965,0.702927642131959,-0.0959306037095945,-0.173672070899451,0.400393601667426,-0.682992261479821,0.15468552244362,-0.240417283720142,0.264622400909731,1.00128239033381e-14
1277.578,731.79,0.206415948038568,1.72986908115747,0.455830305041972,-0.888321508867811,-0.851419384199919,-0.855360683126887,0.542283574293904,0.182617419889061,-0.429333250012123,0.420629740961088,-0.48012796667771,0.219194969963698,-1.97619698383278e-14
1276.649,732.29,0.568938871690131,1.1358372541295,0.956256001952238,-0.931879109016126,0.320907482050597,0.41160373819674,0.265688639843456,-0.212517675150947,-0.433669019105339,0.348120186281576,-0.490101380239599,0.31325784181009,-1.39957490041809e-14
1275.699,732.79,1.15686644178669,1.33349479921968,1.51790941601664,-0.622640710129731,0.0273840472402322,-0.0804818409466919,0.538996168627883,0.155150257930707,0.260649112302138,0.29353853918238,-0.121869846362351,0.160312457201758,-9.97812943381859e-15
1274.807,733.29,1.2971446381595,1.36100494035409,1.17580768984993,-0.723155092802644,0.902231238613029,0.476219705588233,-0.127263631325341,0.581413518339888,-0.0260166865908031,0.148428144126222,-0.098136743104777,0.193938633886686,-1.94011473553246e-14
1273.957,733.79,0.944611848943211,1.81799895127224,0.882050075219487,-0.619552511778546,1.33739475382804,0.787800336279645,1.24815318472053,-0.428834278271061,-0.764770586373355,-0.238063291267677,-0.607539087958191,-0.183983257951079,3.46944695195361e-15
1273.136,734.29,0.213631035990015,1.72742157384625,0.495812708605084,-1.95569994545896,0.141246726509648,0.120612280156157,0.681804411816828,-0.994629043156311,-0.798037466846555,0.132212737157411,-0.519202431049272,0.0216766673011778,1.0394463068053e-14
1272.336,734.79,1.80346582582117,1.93670933588791,1.22881359069801,-1.07395504895239,0.0480257969807053,0.164864039312916,1.22702224872791,0.388664258194284,-0.842015501683011,-0.465069489501179,-0.139978045934041,0.201009841161981,-3.59434704222394e-15
1271.507,735.29,0.736699596134571,2.51292436279776,0.694919301882197,-1.03911938533406,-0.0259333017987924,-0.767282571437058,1.00198015747698,0.139114917839853,-0.380179555051512,-0.207522085936093,-0.141645935732826,-0.0723250307017992,-3.41393580072236e-15
1270.657,735.79,1.27996826039377,1.2201178362826,0.761907776431424,-1.15601249164039,-0.383765592004592,-0.490287141821787,-0.130893291299257,-0.0305030801422599,0.0763803412135626,0.594862011912044,-0.432151147720304,0.442258672831568,2.34257058195908e-14
1269.894,736.29,1.69381954379032,1.74603152007591,1.03787697742772,-0.998550648356646,-0.299564974498679,0.223578066682016,0.743843862859604,1.09504501256078,-0.803435751555499,-0.00423998554526175,0.0880952634075925,0.519209085559207,-7.17481629664007e-15
1269.194,736.79,2.97923424220045,1.5178781867512,0.621072060543587,-0.107906845532006,0.369930505106841,0.718771589715941,0.149325565514277,-0.00993932596766531,-0.0487518401400926,0.804498297292148,-0.221432679386574,0.239487964926085,7.27196081129478e-15
1268.378,737.29,2.96080354078654,1.91278088792809,0.870441369635474,-0.0508739846342802,-0.0717051058268185,0.894380474646101,0.670557499829869,-0.245858101712167,-0.438885371041823,0.207998605845909,-0.435628520936526,0.147709742238033,-1.75276460012697e-14
1267.478,737.79,0.642876107732764,2.21696835696114,0.697019071892131,-2.24198310725876,-1.04869678955345,0.154951668641018,0.124777024047832,0.452240026938886,-0.797591484160431,0.14454069425627,-0.0377379567157225,0.226089863926544,3.33066907387547e-16
1266.549,738.29,3.28716973382274,2.22989841854893,1.15683573824717,0.0167073637505646,0.307144216669864,0.341798327978001,0.317179204016183,0.729759344556412,-0.0617069778836266,-0.255045252714855,-0.097889991846632,0.151469893767708,2.4980018054066e-15
1265.599,738.79,1.65373482114215,2.52041014660532,0.451197608614273,-0.69254103078612,-0.17260340468674,-0.477545885742927,-0.112552930407616,1.07920249758789,0.296720711036507,0.163799455251633,-0.109676409310034,-0.260128820499544,-1.85684800868557e-14
1264.678,739.29,4.70204500689612,1.54752594643198,1.57477269898745,0.161765830651687,0.457921353936247,0.913839340212127,1.37541137928028,-0.544483407188694,-0.206343948520081,0.41024400872983,0.262287299972577,0.59769849277069,-1.13797860024079e-14
1263.778,739.79,1.93436544908043,2.1839474446986,0.882866877138868,-0.176292294004544,0.55647739081629,0.949201636050466,0.484038404000972,0.519403924659771,-0.486084672294516,-0.0250615443454285,-0.0316641931055184,0.144757104690707,8.38218383591993e-15
1262.907,740.29,2.79737179965741,2.11453794992948,0.829649415037837,-1.70664803673528,-0.609366839601306,-0.0911710670547717,0.276944306858781,-0.486624830776684,-0.403949596317139,0.284974284049929,-0.0792746455256003,0.609994774058068,-7.88258347483861e-15
1262.057,740.79,3.04411486025822,2.67020415983359,0.375273047211194,-0.918343470505255,1.42704458293509,1.52472435927336,-0.0249527184230151,0.443000351951298,-0.774958260321608,0.038114907263061,-0.228644536153051,0.416504687398661,1.28785870856518e-14
1261.236,741.29,1.38988825716411,2.74840149305911,0.278662380109419,-1.32609161351493,0.0781309041402274,0.434006169116204,-0.291139564923591,0.796563239438068,-0.164995757080082,0.420408271680724,-0.370733455685151,-0.0876985297314285,1.18377530000657e-14
1260.436,741.79,1.19991561123387,2.72588342468089,1.39266818511153,-1.7237247782955,-1.27058759695397,0.093044636969934,0.708591227493296,-0.0541310786808964,-0.580990864733068,-0.326287875569546,-0.341423720581533,-0.337483864684639,-1.56541446472147e-14
1259.636,742.29,2.94916486660132,2.21337787607122,0.808560552936646,-1.37347539079189,0.682481620811668,1.08934444696403,0.120109546254014,-0.0240504475640949,-0.259400246632728,0.378113437166063,-0.452533588969899,0.17218319131489,9.99200722162641e-16
1258.836,742.79,1.46336613834016,0.671893956719792,1.91464992305465,-2.53707858854574,-0.935384420172884,0.297259280666306,0.170439192112838,0.179780080596734,-0.463670065966085,0.309699402482502,-0.253279652709723,0.309447400335846,-7.82707232360735e-15
1257.978,743.29,2.60495050451572,2.26136763288209,0.589665663140378,-0.352137402797462,-0.926102953517992,0.0313003534295694,0.540445716585653,0.621476576201162,0.153792501724252,1.03921150094365,-0.288555631751509,0.247108530287657,-1.34892097491957e-14
1257.078,743.79,1.72197778377515,1.85520500174007,0.532495983331516,-1.36107944498499,-0.210821985887677,0.775100008561663,-0.407862738283869,1.17139408721332,-0.116342234735514,0.699104155798807,-0.216343367860503,-0.0890230345546673,1.76386683037322e-14
1256.149,744.29,3.47581032954192,1.33936433383302,1.67373136369922,1.1739953027358,-1.5268649678463,0.328904997653985,2.073021140574,0.416360871404577,-0.48028143614302,0.445824874100961,0.0583566287585422,-0.141173481024891,1.39332989590457e-14
1255.199,744.79,1.53417159261986,1.91878435323004,-9.06807303158765e-05,-1.4330348577111,-0.0959807620318358,0.575348714009527,0.0912125502860634,0.4163934220694,-0.842543402454915,0.376761154339117,-0.416939649815091,-0.202711266054291,1.70766178975157e-14
1254.307,745.29,1.33438208612348,2.27635786299693,0.554673857312162,-0.788718995451247,-0.277213347327552,0.116127687203658,0.583404099685791,0.784437426004979,-0.269541343871016,0.242898464707555,-0.139039907542937,-0.184947890255097,1.69309011255336e-15
1253.457,745.79,1.76717617310222,1.99959136370335,0.555608450053982,-0.63426998508523,0.361292041584479,1.16232646717797,0.762074936147609,0.190962013702451,-0.775485176380471,0.395989217561893,-0.195908387913099,0.138537709006823,2.66453525910038e-15
1252.578,746.29,3.17814261555316,2.16415389847034,0.606428475387091,-0.870436293450163,0.78884937220862,0.903639596879768,-0.0391846570976443,1.15548812604412,-0.0753540962144322,0.586160647207093,0.0905621357651885,0.129913356827061,4.6074255521944e-15
1251.678,746.79,1.67948079550427,1.74008655744937,0.851058203699292,-0.732873417305764,-0.121333124558724,0.73180585204309,-0.190459609315249,0.726874753228395,-0.314370438761199,0.065632964678046,-0.395381834641123,0.0114114429806943,-1.40026878980848e-14
1250.836,747.29,1.81962019526796,1.36037103359558,0.452506530922822,-1.34551455949685,-0.265918226267959,0.29302628876862,0.0910283061732808,0.153454488132072,-0.311239160593009,0.666053374972461,-0.523901031781618,0.0932815512829891,-1.62092561595273e-14
1250.036,747.79,2.72483111630002,1.20732811677393,1.06659682669958,-0.608322841214787,-0.0718889375002791,1.05046298322618,0.330567155230947,-0.0206325707904249,-0.364957266867506,0.721559665826141,-0.409995001430483,0.00267195476072769,8.86790640919344e-15
1249.178,748.29,1.22243645885521,2.89539715733043,-0.211597736381149,-0.94937522015035,-0.219587101203259,0.223850625485483,0.964786512667184,-0.307898317442266,-0.613102621779105,0.747943801277403,-0.445808866548026,-0.247134595525801,1.2267964422108e-14
1248.278,748.79,1.47161424317898,2.33991851906238,0.356819368967881,-0.815520451395816,0.488564337814606,0.483161415857471,0.548233872189994,0.481059561282899,-0.686279930154456,0.0810680854731581,-0.292715154357458,0.00506804071432233,-3.7470027081099e-15
1247.436,749.29,1.47928683778797,2.10767383130861,1.21025490300355,-1.68069510302543,-0.269905401960965,0.444971653472776,0.0693149990374071,0.664273891631441,-0.187518116348442,-0.17571613198076,-0.340146000842459,-0.161351034297105,-1.96231919602496e-14
1246.636,749.79,2.91034681285456,0.597018685570508,1.1212268530281,-1.18468490456094,0.2136282260937,0.495707779942897,1.28690987826037,-0.268737473566648,-0.342398742487034,0.803908962310156,0.00397964245855063,0.244812272286052,-3.1641356201817e-15
1245.72,750.29,2.98759637966515,1.2839545776488,0.135075724922814,-0.893135581562809,0.336207375020363,1.29176368656972,-0.165392998871418,0.291614185694306,-0.239558540806394,1.24938159019959,-0.207969158753413,-0.205609075968463,6.27276008913213e-15
1244.72,750.79,1.57577103392514,1.33452916941913,0.568455183801591,-2.35278898949634,-0.634360087457896,-0.156738222065553,0.516177271273882,0.471988566648262,-0.796957964218868,0.363596640800913,-0.135375955474717,-0.00731136945391046,-8.04911692853238e-15
1243.836,751.29,1.52314293235156,1.59428871046277,0.626454950261695,-1.03906620216945,-0.96641325409663,0.217861309912594,1.04239057652622,0.0283642323946698,-0.574140896037862,0.545664274646268,-0.42935689331034,0.12134664034821,1.22402088464924e-14
1243.036,751.79,1.37017755539284,1.64595308000742,0.253468864434085,-1.15400948992667,-0.642925011025907,0.322699503228476,0.151729119998568,1.01242590495455,-0.616127991852012,0.524704379183922,-0.222876634277745,0.238887266903644,-3.85802501057242e-15
1242.12,752.29,1.80729433144088,1.73294240072257,1.13097208052406,-1.65951874245985,-1.00452702238501,-0.0126063208509992,0.424647553002482,0.871608783615506,-0.133999823409466,0.390581162149489,-0.177308652429747,-0.376996588412188,-1.84297022087776e-14
1241.12,752.79,1.89660614354213,1.0782709315076,1.40256697960264,-0.986225223526081,-0.630624831602073,0.305461992189982,1.78748511515455,0.194946307097219,-1.05351990088508,0.0513478542867744,-0.166498140637309,0.21597226143062,-1.36279876272738e-14
1240.236,753.29,2.08500558732672,1.95783889048748,0.997474563431168,-1.03773999022775,-0.790786604292822,0.99053497374985,-0.0378124059360762,0.717715432341856,-0.189878559443501,0.440323162355599,-0.59048936795018,0.316736183263003,-1.07414077632484e-14
1239.436,753.79,1.51809261780846,1.39804850703959,1.06573490598191,-1.15419453671362,-1.28751984097918,-0.434556040356728,0.579416323332029,0.758459355432755,0.0199457722459147,0.927744241866812,-0.410826509996585,-0.0121522047040404,-6.0507154842071e-15
1238.752,754.29,2.65790901434262,1.16729361144269,0.634068811630539,0.782542278111742,-0.28961521755277,0.703945786318459,0.5617591067835,1.12974722562705,-0.0384075628874473,1.08338752201317,-0.464170339488716,0.0745350440499694,1.85823578746636e-14
1238.152,754.79,2.10022914760379,0.789027127535536,1.53111038193175,-0.540523354041488,-0.426449320645553,1.28070381715594,0.625950595609862,-0.620343174704495,-0.537835364880818,0.424986049043389,-0.846718837364323,0.0905260900616896,-1.196959198424e-14
1237.349,755.29,1.50542597292409,1.27115421999193,0.729553910102462,-0.560204309284888,-0.492307204988969,0.787082374963967,-0.100364037727366,1.17710477388462,-0.250702703690593,0.608753070130812,-0.591989215725183,-0.380712985425023,4.09394740330526e-15
1236.399,755.79,2.30670157862298,0.657440863647799,1.51552066815022,-1.06624342899484,-0.379442106601021,0.665226374622383,0.597661415919465,0.270388297875828,-0.48881515694892,0.481556734922939,-0.369562136253351,0.207407596304887,1.16365250768524e-14
1235.449,756.29,1.71686170146619,0.898900596436084,1.17860937219497,-0.181053110514555,-1.37976173445603,0.512957668749151,0.702292325225208,0.164629256519514,-0.536641632917136,0.639213255115859,-0.793840236527975,-0.185218347373605,-5.82867087928207e-15
1234.499,756.79,2.62248970633262,1.79292231580121,0.637149291080162,-1.17039062944813,0.250249950859061,1.32365347601385,0.747337569242533,0.377046808095952,-1.00119263805329,0.373400770144423,-0.164519120880877,-0.173221445393137,1.13242748511766e-14
1233.607,757.29,1.23648585965926,1.89787798099026,0.833016489317936,-0.49065098211918,0.130389110467801,1.36403463844025,0.331117214340417,0.449264655376404,-0.644728757283588,0.381504925661313,-0.446107045498722,-0.0475766532322087,1.90680804479371e-14
1232.757,757.79,2.49181707928254,2.20100862451403,0.213422696997002,-0.596125627893508,0.703527737739624,1.25129979141837,0.531786421439147,0.825836993702084,-0.972878186262916,0.256124439358842,-0.337312433940568,0.328787500868576,8.27116153345742e-15
1231.82,758.29,1.62133074067793,1.95561834208354,0.0199256238087779,-0.353363044328647,-1.20484403175942,0.245268472110539,0.148193723827782,-0.532867095989871,-0.583102416685168,0.812400608903164,-0.645373814944669,-0.149956599462619,-2.13440376484186e-14
1230.82,758.79,2.06636085985403,1.89166501504127,-0.165539968555385,-0.170761770561076,-0.317646968981729,-0.896500347261339,0.339862694266624,0.470757579246904,-0.0869206853461076,0.715315549831397,-0.460445408048825,-0.0330987005995458,8.68749516769185e-15
1229.907,759.29,0.825359760264029,1.82666624171233,0.469786883613835,-1.0616468913954,-1.4067167287335,-0.309434307464603,0.33102609081629,0.18686418096969,-0.702872374513944,0.275395586219478,-0.254709365949214,0.0466214191323866,-9.10382880192628e-15
1229.057,759.79,1.24609997215988,2.1168412377964,-0.379936731533532,-0.586184299023677,-0.0831360412231052,0.144886812065755,-0.515279813004757,-0.345581057813784,-0.185670422617244,0.885438339350348,-0.548057287317562,-0.40984922248498,-2.01505478969466e-14
1228.207,760.29,2.32300523433601,2.09166611967713,0.66242859288085,-0.743724453072806,-0.822103337392568,-0.185764720656615,-0.769948199271023,0.256605590699139,0.0367607548698086,0.180425671412507,-0.204983292594548,-0.382540429736285,-1.55153667691366e-14
1227.357,760.79,1.81320953570109,1.72377314187695,-0.0406605705529356,-0.802966503180988,-0.909329977815097,-0.0671730240457091,-0.103389855592709,0.269173509311262,-0.726594594053741,0.555585542018839,-0.0770907814721848,-0.0575761347376498,2.20101714631937e-14
1226.565,761.29,1.45639197816388,2.08131963927332,-0.26326075350938,-0.871764150265306,0.25271727991908,0.336111131470627,-0.807551125081934,0.344017712546145,-0.178489047349141,0.557412555338956,-0.236212852320977,-0.244341988921163,-8.02830024682066e-15
1225.815,761.79,2.74600873853779,1.63484171596428,0.580782878584394,0.531676363403254,-0.48816578010647,0.24997477503404,0.328235658879343,0.548892832613851,0.0451219267854394,0.738036818962248,0.27525808710806,0.0636891646593779,4.37497260641351e-15
1224.978,762.29,2.06997704658506,1.24419337193412,-0.00116565837681058,-0.866126751717928,-0.585553952505994,0.0058935820588483,-0.0478507780505573,-0.164463942801281,-0.335444920471376,1.10922964862705,0.0464780224719594,0.313600212697622,-2.39391839684799e-14
1224.078,762.79,1.20884661229292,2.00153230146572,0.569310957670609,-0.515435705116633,-1.02339565840232,-0.104255674485352,0.637139752168082,0.348040344009249,-0.614396700419134,-0.0237426066554143,-0.428971159699699,-0.0649665875212631,-1.77635683940025e-14
1223.265,763.29,2.13544771246579,1.60683918688618,0.36198455767448,-0.404621583565021,-1.40948706276218,-0.261503152670304,0.381100839271264,0.107477043776765,-0.297137466731028,0.755626592194695,-0.261713028678739,-0.0835100221441999,-1.72639680329212e-14
1222.515,763.79,0.754922174107451,2.15438388624399,0.486478488331093,-1.30413631457636,-1.30851959452937,-0.773628055012967,0.650241492489143,0.394953922046462,-0.317757468250714,0.00929665418431609,-0.525180866950094,-0.181754455931395,1.10467190950203e-14
1221.649,764.29,2.2382502027213,1.47263918440772,-0.0209019252268515,0.675735482549565,0.434830872556156,1.21460030039038,0.924935151487565,0.472965240865625,-0.827600695271477,0.4461776162234,-0.329090676112385,-0.3276575867455,5.71764857681956e-15
1220.699,764.79,1.51696791357086,1.63506812051395,-0.147081299848543,-0.6173828895071,0.477401271181311,0.983508017938721,0.197944728107308,0.394047785884953,-0.53742311956881,0.394424409872187,-0.289307293495444,-0.239669830017761,-4.6074255521944e-15
1219.749,765.29,0.424006996986945,0.190056267065488,-0.0212410871366222,-0.879230193501464,1.02851548069862,-0.706831920638691,0.386159224077569,0.870212795406662,0.214052983123629,0.886225850676988,-0.453417842279985,0.0769052051752344,9.00668428727158e-15
1218.799,765.79,1.33121695834767,0.595541644050669,0.128245095491667,0.592045701188866,1.27090500503382,0.176137136358496,1.04349658144341,0.249798662190756,-0.407982729657866,0.520561618584648,-0.416960071964037,-0.0143339912813042,4.44089209850063e-15
1217.878,766.29,1.03433090963876,1.88393365773035,0.111114869186325,-0.351153028163603,-0.0386302500195963,0.917333384513812,0.543008081570725,0.570421305699508,-0.957906550891169,-0.116615337063601,-0.175726552783537,0.410452091033787,3.34454686168328e-15
1216.978,766.79,-0.267849085590061,1.85181833286103,0.545137494238457,-1.27790560284197,-0.710900368454821,0.00163757962092381,0.292484658130565,0.897600291792284,-0.774601616852721,-0.477590252580382,-0.169714854998774,0.198448856827063,-1.4432899320127e-14
1216.107,767.29,1.74532107597553,1.63652477211806,0.121627927593124,-0.64258796585209,-0.576678129430376,0.365925558350491,0.0165566236622836,0.606803774646024,-0.101474606506168,0.669773564301954,-0.208335306045172,0.216060188774608,-7.03603841856193e-15
1215.257,767.79,1.0976177756853,1.61175312705371,0.211570301578402,-0.989344475775122,-1.12676863427109,0.121595561347735,0.358691579607895,0.396643632023924,-0.307848342264258,0.314852175666555,-0.239213875280241,-0.285758016181612,1.36002320516582e-14
1214.378,768.29,1.1955667111312,1.25661471702867,-0.417708053704168,-0.719974741016229,-0.272340254682451,0.504455830766104,0.345399613280079,0.930360417364769,-0.793328729245813,0.456755515897586,-0.250557176309601,0.0384238668909891,1.98261546069389e-14
1213.478,768.79,0.991106688135721,1.01760895662451,-0.626253289303525,-1.86316501905404,-0.676512491798628,-0.749091070434751,0.796220858891113,0.0788626695868032,-0.362284732204775,0.850532690828708,-0.25136162571513,-0.121707292406992,2.94209101525666e-15
1212.607,769.29,1.68580245806672,1.90515982109613,-0.596242647357707,-0.505368142736906,0.0652602878497884,0.528575996795464,0.791673530073152,1.23832130648468,-0.577555948268788,-0.152797030067455,-0.265900983602322,-0.226743014762753,-5.07233144375618e-15
1211.757,769.79,0.357350241737027,0.826785256258518,-0.952660918058724,-1.31984128875485,-1.09366983608848,-0.39356648762349,0.612975243794614,-0.0903441932334056,-0.851862460063932,0.352593126478434,-0.467334855580202,-0.375001600888695,6.32827124036339e-15
1210.994,770.29,0.70168438163779,1.06824121232817,-1.25095730440819,-1.5275385331863,-1.21729820893506,-0.0756389494983479,0.261716729611045,0.262794156721914,-0.949689763631031,0.562636111342623,-0.576052474096358,-0.31824461422617,-1.79301018476963e-14
1210.294,770.79,1.42648131284484,0.536847111396378,-0.495019480808006,-0.622316603053183,-1.59391874898603,0.0938885528323809,1.24297312877907,0.291034839705156,-1.11490963795906,0.200743898162656,0.225502093679987,-0.269687977674169,1.14630527292547e-14
1209.536,771.29,-0.775434488585908,0.874908841161637,-0.788022535271937,-2.23604969816048,-1.39914412137222,-0.866246299051192,0.569653681766522,-0.246593226824328,-0.836045826850144,-0.0555438945103729,-0.266418358338598,-0.650265399351134,-2.04281036531029e-14
1208.736,771.79,-0.485273945746814,-0.0615926210533081,-0.907804543551454,-1.96962299818243,-0.7454645495253,-0.562630826457394,0.26323379258237,0.155664472729181,-0.608313703932513,0.480210340479454,-0.333270841996052,-0.166553955515563,-2.16493489801906e-14
1207.849,772.29,-0.209223512474156,-0.28100365526677,-0.643728108112508,-2.13515857126807,-0.604260478908602,-0.399046745350693,-0.110110936394562,0.305934838479336,-0.370193931283131,0.0340909216633343,-0.265413628885646,-0.330192583450307,-5.27355936696949e-16
1206.899,772.79,0.23954050727771,0.660181897059304,-1.56230673258458,-1.04891849240709,0.906428892312019,0.324420989402264,0.417889529575547,-0.162773206549998,-0.68553214960502,0.4281851714531,-0.267492051450512,-0.43797281581704,9.4091401336982e-15
1206.123,773.29,1.18299202752172,0.1172955950169,-0.850171659039773,0.0689505875530764,0.0988537970558982,0.841194095715067,-0.696724080661061,1.39419287027634,0.300774592300973,0.443654379409296,-0.157930956197306,-0.157875793361084,-1.10189635194047e-14
1205.473,773.79,1.27941053149113,-0.260072677479635,-0.0378615299560257,2.06793710206941,-0.376102780061347,1.16748366689298,-0.16053008154498,0.627714415480636,0.0173955719525359,0.130949330467283,-0.235146653859465,0.195317815987575,-1.16573417585641e-14
1204.707,774.29,-0.782102373139864,0.350506811560138,0.0585678904018984,-0.608817508732015,-1.01261295901113,0.0418521284406492,0.0938795261157255,0.77926141595761,-0.245524674126045,-0.5865138094749,-0.434217376034396,0.154562039139972,-1.27675647831893e-15
1203.857,774.79,0.0837330349038259,0.233958057855158,-0.721401210798201,-1.55514203529585,-0.646770229865313,-0.486379096431549,0.915440134504386,-0.250050266562849,-0.757743299145361,0.0732569651906956,-0.235806091916609,0.36455388284704,1.22124532708767e-15
1203.036,775.29,0.988810398184149,0.413114044949819,-1.17782422775469,-1.26529816669512,0.398940917898179,0.0154936654006539,0.0650132409033758,0.563657334282931,-0.397205806750849,0.403680145376481,0.0650275016173534,0.146029429829409,-1.39194211712379e-14
1202.236,775.79,0.342594203351408,0.500084605014414,-0.863459643854019,-1.58465427496925,-0.187773083332792,0.109575485405745,0.517527345480973,-0.0811108648950947,-0.746438840745776,-0.0849942500623026,-0.332505272856489,0.426746712530559,-7.99360577730113e-15
1201.407,776.29,1.12416462699107,0.432206264854257,-1.02994905505689,-0.0283017040724454,-0.0898844548742296,0.0836247296763769,0.684700805871022,0.593127266255804,-0.619655427203069,0.176327928976727,-0.259678410141814,0.225966479657857,-5.98132654516803e-15
1200.557,776.79,1.49758750000109,0.433700952333256,-0.784782777486446,-0.684304983036902,0.227165590399121,-0.0674437986675091,0.399029811393619,0.526432578372314,-0.0399588863749827,0.507549154371584,-0.139559916510561,-0.367187747746293,-7.63278329429795e-17
1199.707,777.29,0.167599252908083,0.317609850603729,-0.834195992212102,-0.424690644444623,-0.711167351088005,0.589847753838669,0.627341613714144,0.663124952923439,-0.784212228541031,0.164163221671777,-0.284106860600178,-0.161792586201199,1.93040028406699e-14
1198.857,777.79,-0.234925740325006,0.132434050450491,-1.50784170268694,-1.67758726806221,0.207715110207251,0.639048030437847,0.547764956171556,-0.513032838666052,-1.3461692833952,0.33223136031764,-0.500989787195366,0.0965761165151949,1.7277845820729e-14
1197.92,778.29,2.27471500142198,0.331505190221041,-1.30187340288219,0.139599139996423,0.369176487244633,0.509052003146576,1.20108310054604,0.278932201613633,-0.484168328481773,0.67321093555812,0.0799313989516816,-0.203594450965709,9.93649607039515e-15
1196.92,778.79,0.552241337883651,0.143311859389055,-0.800901681282478,-0.317723519985847,-1.23239503327879,-0.183700912069371,0.420621938448462,0.673281965913161,-0.230665807200039,-0.0168474063694695,-0.162792170902188,-0.0783075423493197,-8.93729534823251e-15
1196.007,779.29,1.35631160667433,-0.924142930356401,-1.058481834199,-0.732749988835516,-0.511958625831235,-0.117482261742682,-0.1125017869202,0.283795147734077,-0.0606166228833927,0.646050837549323,-0.0857418768916854,-0.112709556555968,-2.11462791721573e-14
1195.157,779.79,0.358118409723755,-1.1345296324601,-1.19660547160897,-1.26658092681973,-0.49586840901639,-0.100378480362387,0.0722231906848892,-0.183173652119387,-0.406202787903598,0.505548926759278,-0.190566615441171,-0.219163541562469,-1.80896964074861e-14
1194.336,780.29,0.465860462985709,-0.637252646131849,-1.38257376600382,0.44814381185119,-0.852898472149377,-0.476805727600209,1.04858106116794,1.00732234562195,-0.745674984821484,0.690699612684729,0.238573133533067,-0.520822171233156,1.81243908770057e-14
1193.536,780.79,-0.46188445565026,-0.163446642400389,-1.80014060757917,-0.867274975376126,-0.491698067125994,-0.700178624145591,-0.207821707988344,-0.295108317548266,-0.392227818886867,0.696443312659487,-0.167088957940247,-0.339665021813422,-6.57807142090405e-15
1192.649,781.29,-1.45625771947975,0.0855184845204302,-1.68409101319802,-0.601616561615786,-0.462695853561771,-0.591697645037942,-0.277795007755708,-0.490860743840757,-0.466722225668655,0.585578490381467,-0.323471109044731,-0.763563355278525,-2.55351295663786e-15
1191.699,781.79,-0.942378671659618,-0.180557722158169,-1.67249388033054,-0.376444791921106,0.501102611699175,0.40408797112903,-0.00321241315346307,-0.417104708635021,-1.18074303466563,0.288895852236654,-0.44056237861316,-0.057306138763248,-5.60662627435704e-15
1190.865,782.29,-0.00689834487625157,-0.0108878356434675,-1.34476850288087,-0.83290538930754,0.604391313915143,-0.00659114518415918,0.327922688192421,-0.156370599755007,-0.538320593141313,0.520572740640084,-0.0670462908298241,0.0952580224582877,-2.18713935851156e-14
1190.115,782.79,-1.16243025388475,0.527022971430905,-1.65642123027645,-0.441823409091066,0.811814243005607,0.267901623578899,-0.126503201137094,0.664896762289162,-0.693454237577596,-0.0973669466067623,-0.300385302748952,0.0418288054721765,1.47104550762833e-14
1189.307,783.29,-0.647354917448837,-0.773277683827451,-1.48583257779305,-0.244610019817385,-0.0329647914540352,-0.205567400192736,0.228601583142162,-0.127871940708022,-0.763464542702097,0.513996660248094,-0.53722411402334,-0.0198306292080905,4.8988590961585e-15
1188.457,783.79,0.503720572038269,-0.967535222673169,-1.46309398623142,-0.0393499685487511,1.01156438695552,0.839405166714781,0.438716395195669,-0.0911785692174009,-0.756748607420736,0.0709583784068708,-0.0282537720931799,-0.0343967107657124,1.9595436384634e-14
1187.607,784.29,1.36413251659435,-1.54551726705148,-1.5759998406984,0.44643299212705,1.64338562960139,0.786401652729023,0.154583741206802,-0.000662482795123584,-0.461248625744003,-0.0588071617775489,-0.100727197840276,-0.247728373652379,-5.77315972805081e-15
1186.757,784.79,1.19669493030508,-2.00788089462724,-1.59209360929856,-0.136170541728946,-0.0795027479633053,-0.161905048101493,-0.415664349160505,-0.0704302018944795,-0.400712318889822,0.340345914814114,-0.148468222638715,-0.0769023556527605,1.58761892521397e-14
1185.849,785.29,2.0391229387594,-1.23560039300225,-1.59410335527046,-0.04438115075194,0.665069204325786,0.0283430081131124,-0.579705953805773,0.0651366332534417,-0.151061947690259,0.357741638419478,-0.217470956843226,0.00861507070032557,6.38378239159465e-15
1184.899,785.79,1.11392581717875,0.496002540359921,-1.20059317730428,-1.46849565690697,-0.526652418757637,-1.73851938529357,-0.00614100060366264,1.8715294291097,-0.00122007684457512,0.0715230519055923,0.0689671281042629,0.128531795253706,1.14352971536391e-14
1184.036,786.29,0.338327786540114,0.869499047147461,-1.5060827845772,0.0574928735284278,-0.520020253343898,-0.0463707112277254,0.409758703002761,0.500543069502668,-0.706616169034122,0.0507500441690629,-0.188726572482315,0.0623937604997922,-7.63278329429795e-17
1183.236,786.79,1.0517009928467,0.132954780647487,-1.20637088430138,-0.353301101717881,1.51350211183682,0.542020729993719,0.588849753104573,0.517175142194305,-1.01123261711748,-0.516380430127834,-0.188702667773507,0.221963101813829,-1.28785870856518e-14
1182.378,787.29,0.502110516014382,1.0755605882482,-1.6189705466787,-0.940741094666581,-0.313398159813187,-0.263254497043181,0.461140484949654,1.35864861728349,-1.01090027720747,-0.167127618540256,0.0269094446452589,-0.142205000558816,1.14491749414469e-14
1181.478,787.79,1.44111363122522,0.654453789806239,-1.28116176287862,-0.623981737791075,0.521818646918136,-0.0911222919004947,0.455845643501885,0.924334882644458,-0.53004758553101,-0.127814890906995,0.0843582233678013,-0.113428043390432,-2.33285613049361e-14
1180.578,788.29,1.29432139523928,0.617639364072619,-1.4954232604489,0.332281301596001,1.1534661942093,0.222097920333764,0.827849968982372,0.00120860352607269,-0.56464379924927,-0.170932260524536,-0.137771665341355,-0.313659005555376,-1.56541446472147e-14
1179.678,788.79,0.65211083256352,1.12263991809416,-1.81818107206772,-0.614417917350833,-0.0576628617104324,-0.835082817621053,0.115489017997849,1.08615264083546,-0.701893316939152,-0.416414186633069,-0.15585741142137,-0.190774651645739,1.35308431126191e-14
1178.836,789.29,0.802324120217589,1.16494510923867,-1.58667407104093,-0.080694150678312,-0.552712910469044,-0.353580631402213,0.520096139101474,0.493045138591032,-0.609069839218571,-0.109888095909948,-0.106916309573196,-0.343211474396857,-1.14352971536391e-14
1178.036,789.79,0.810366637076285,0.508665013977704,-2.06253663393706,-0.288260532597384,-0.112524929117519,0.582834162458944,-0.591277268169202,-0.382111753566075,-0.388523237262289,0.324240350267725,-0.21822935323091,0.000266142677817974,-1.73333569719603e-14
1177.178,790.29,1.05657358263881,0.299374043197354,-1.447178066526,0.0206776817367451,-0.971990635682062,-0.963911746343034,0.351846820735524,0.254436813992596,-0.16250468420131,-0.405188978516079,0.153583958814353,-0.170139709331165,-1.49047441055927e-14
1176.278,790.79,2.71741769762535,-0.0723149923367343,-2.83911121406011,0.187872522600624,1.61024709757903,0.161944912895286,-0.480193530780903,0.910393735126284,-0.466504023769322,0.31459083055021,0.330935661002739,-0.180378475216178,1.08801856413265e-14
1175.436,791.29,0.990325692305884,-0.261443089528929,-2.32784159500959,-0.976908169821909,-0.319857961829591,-0.554073865727509,-0.289887231727966,0.396398835178418,-0.662400873747523,0.0644965462441532,-0.0564613702326822,-0.33228329050698,1.75554015768853e-15
1174.636,791.79,1.46847936351576,0.47699763099821,-2.11597654749814,-1.29317783365298,-0.937176833371276,-2.14912415978668,0.282078243948047,0.32940545774047,-0.0949639297018158,0.179025794636524,-0.0761989311822492,-0.840675452903094,-2.19824158875781e-14
1173.72,792.29,1.58657008776145,-0.482409595770734,-2.22394198827552,-0.550221498721989,-0.354082705681348,-0.500336639317457,-0.00334180956912221,-0.629947114061412,-0.604660209107003,0.674911360492328,-0.18514809026763,-0.254295724138518,-1.83533743758346e-15
1172.72,792.79,1.08066404501814,0.435888650996267,-1.54742368955124,-0.291169085939834,-0.330132663825972,-0.83514067850961,0.121660894437076,-0.211322488813745,-0.228235842532015,-0.268070983652123,-0.162431874726601,-0.483352582415456,2.52575738102223e-15
1171.72,793.29,3.41473481047978,-0.245037985495321,-2.15080649137486,1.45535386797725,1.31806772025734,0.539955385786352,-0.584919286619262,0.485440298094116,-0.403353306861269,0.220061655592022,0.254551538170635,-0.0146135071180528,6.99440505513849e-15
1170.72,793.79,2.6495232850973,-0.0995098722040859,-2.77103531325825,1.31743635570396,0.113764337572972,-0.511351718253988,-0.723417252473225,0.455330137793878,-0.427642449685889,0.404528088018728,0.0526107442449826,-0.483899775744367,1.60982338570648e-15
1169.807,794.29,1.22487937923234,0.528981639930089,-2.49921219858397,-0.560341717158795,-0.1917005161144,-0.943538987930371,-0.337149461368915,0.470952126023566,-1.16115401146071,-0.885865726053584,0.157041993469503,-0.372649747462334,8.86096751528953e-15
1168.957,794.79,1.59837635400041,-0.187286673283348,-2.16114983707362,0.249002257630939,0.648800486070481,0.739965284456993,-0.116882202743764,0.495688282540265,-1.47810614753311,-0.456691523902543,0.425738117349118,0.273062884337004,-1.18238752122579e-14
1168.107,795.29,1.80685409165882,0.965373446279553,-2.27026615867482,-0.769485214099293,0.380206508220315,-0.390671778344089,0.736306176240328,0.164510633108692,-1.18774587092718,-0.51505394095669,0.228328483673585,0.063651735500954,-1.8471335572201e-14
1167.257,795.79,1.48998003507489,0.501955756990852,-1.84569942923276,-0.920623279460354,0.997093285935152,0.453537883802841,-0.579764805110848,0.275274784864076,-1.08494026938886,-0.513798362945694,0.0842211115264868,0.019906100752419,2.77555756156289e-15
1166.378,796.29,1.09690236279057,1.84710978687362,-2.77123133642138,-0.654389968625387,0.0887682403770742,-0.837764196852196,-0.165961775508536,1.2208525102614,-0.5661656678659,0.49615325259651,-0.018943507130427,-0.307940193411112,1.05818132034585e-14
1165.478,796.79,1.51143479484379,1.56846316884946,-1.91857139714514,-0.438579430508882,1.2874164592082,-0.867100677547634,-0.329519978268954,0.330875128431995,0.297395764383742,0.121176210534521,-0.0667062797713988,-0.51666743399405,8.79851747015437e-15
1164.578,797.29,1.5457522280828,1.06639724525855,-1.1118843197838,0.319548480284041,0.427928621339001,-0.170746679395864,0.636024989653945,-0.519907655970333,-0.277173742326778,-0.0535937968897114,0.204203232959575,-0.285001426788768,1.8401946633162e-14
1163.678,797.79,0.336726317136984,2.042285903621,-2.67875226657724,-1.06193542870192,-0.0142989685775998,-0.18938574023925,-0.213276113508479,0.170103590226482,-0.657615291420077,0.478910753651294,-0.127058719975341,-0.272463101787419,3.46944695195361e-16
1162.778,798.29,1.76885152439979,0.971783699980927,-1.12583598587741,-0.234427671855176,1.08468129298823,0.752095487208352,0.458961460962154,-0.170899146231739,-0.47507864248249,-0.228007804746161,-0.0506806559349442,0.0178683557546797,-2.05391259555654e-14
1161.878,798.79,1.74308027529527,1.45050891548267,-1.51840166594902,-1.25974903558803,0.48964903886833,0.291400327753582,-0.125090235581437,1.48199599826475,-0.200187885586252,-0.185672474061599,0.0937788454296934,-0.222732401848481,-3.42781358853017e-15
1161.065,799.29,1.41543108258637,0.837729934565174,-2.05438598324066,-2.04304203529248,-0.195797013609819,-0.904045632290619,1.05361110560784,0.293576148146133,-0.397368026894041,0.514366877222375,-0.318458043620179,-0.226611043124516,1.13797860024079e-14
1160.315,799.79,1.24086373366229,0.79904095408556,-1.88530986705259,-1.93719204379589,-0.367472195291175,-1.04561156804191,1.01640778154442,0.147550475526008,-0.576666039771774,0.313281477778733,-0.26600952659103,-0.103119512427749,-1.49047441055927e-14
1159.536,800.29,1.48556435546296,0.759247470805707,-2.1133187638548,-1.75954077640039,-0.0933634937436489,-0.283820902203571,0.416984333153075,0.0644123901951654,-0.211163191216592,0.780630040103403,0.079437127521257,0.128322510486134,1.05401798400351e-14
1158.736,800.79,2.48378916706217,0.304165172366953,-1.22322221242488,-0.093833558087491,-0.0512271201348689,0.191544625978838,0.2782274508164,0.265488136076342,0.372237709434625,0.702529100430701,0.143277205199303,0.0734064976365219,5.8564264548977e-15
1158.023,801.29,2.70742931345799,0.792512943846359,-1.86550758487231,-0.915905976892593,-0.173657547913843,-0.354356411031376,-0.0956081273807372,0.549976449443321,0.343840840023124,0.661513970407048,0.0248358912300011,-0.0318966556470508,1.5336690251111e-14
1157.373,801.79,1.55698280736433,0.936627649153384,-2.04613184668694,-1.05094257025636,0.615918322462431,0.175186318407371,-0.238719735929162,-0.0508331468724142,-0.127001684099933,0.0953739399964993,-0.399413526243594,-0.316714635656503,-6.10622663543836e-15
1156.578,802.29,1.85368730622466,0.711613662129642,-2.54599202288157,-0.707054822898626,0.820463557699641,-0.172610368592308,0.656628763971906,0.715638551251424,-0.498577031431799,0.29543555701901,-0.013157828403667,0.168001745257611,-1.65145674912992e-14
1155.678,802.79,1.91146354217153,0.773599326166004,-2.14739789680495,-0.808476463317907,0.385739519228563,0.740654914686935,0.628865200527052,-0.311417515455196,-0.875254637458098,-0.13243608342851,-0.0824286689178668,0.0328935443283447,-1.78190795452338e-14
1154.865,803.29,1.08415599860365,0.778697812056643,-1.83619529110676,-0.470153944082357,0.152301830583395,-0.462786617910561,0.373796378825885,0.504961058700978,-0.0439150775391894,-0.100509257407278,0.191586418827291,-0.158118356000928,-1.54633250648573e-14
1154.115,803.79,0.172135007509526,0.244881727798208,-1.22348160654435,-0.519960493160178,-0.186019414651932,-0.0108025415338256,-0.187994542002099,0.379056631047041,-0.504636047422841,-0.295829878155435,0.124760343610244,-0.110972129650585,-2.44422537765132e-14
1153.365,804.29,0.695781539783633,0.199377633545633,-1.6893648445057,-0.669090063693115,-0.21214986928629,-0.435717034073092,-0.200398416494781,-0.060415263202624,-0.549225559701651,0.58603989236232,0.0595411892474729,-0.195803454692496,-6.02989880249538e-15
1152.615,804.79,-1.50087468910741,0.846529179228343,-1.78988618795172,-1.39439578570703,0.0353108992179648,-0.47482948176866,-0.135551913470968,0.069596663115045,-1.14674941995398,-0.625940224784705,-0.131827376426109,-0.321154289994302,1.2490009027033e-16
1151.807,805.29,0.179347158811891,0.921241730580239,-1.45442029087663,-1.08354786913645,-0.80630136106266,-0.660115020002189,1.15715923219606,-1.00720089893005,-1.52341976083203,0.387806233118084,0.391301273577664,0.263066233741634,1.01030295240889e-14
1150.957,805.79,0.333239812897768,0.71872585627285,-0.623459852332576,-0.331460275825021,-0.592343026094876,-0.494722782298075,0.266494145154791,-1.32868422320155,-0.337932207217421,0.213730412675614,-0.0372422583055692,-0.23382605658698,-2.1094237467878e-14
1150.049,806.29,-0.574251076172892,0.754822526432721,-0.993851631058277,-1.23129391929795,0.168279032221106,0.0691524061192023,-0.481147364928005,-0.370062695699172,-0.907234262305954,-0.00125075895397134,0.216834176837438,0.294950433244436,-6.02989880249538e-15
1149.099,806.79,0.584465395156401,1.04563471271096,-0.381035446442109,-0.590066003501469,0.457939891634362,-0.0775475280843526,-0.593451909001072,0.826864486154241,-0.334397499626194,-0.204317207432755,0.307852226132562,0.376503816726271,7.6813555516253e-15
1148.149,807.29,0.246406513661893,1.26551902581631,-0.733020599196881,-0.783603990319836,-0.342653210401327,-0.249274946573343,-0.429814010053022,-1.05978003601371,-0.331889220348893,0.519002682441923,-0.0745126015984813,-0.120760576088168,1.16018306073329e-14
1147.199,807.79,-0.281476086776562,1.92429830181212,-1.24655796672576,-0.923754140281477,1.10320377360568,-0.120033267922724,0.304049979157746,-0.711479196587835,-0.679154318603366,-0.00637653073258309,-0.0271836206329299,-0.137226688539276,1.39610545346613e-14
1146.307,808.29,1.17677057641409,1.92092290505081,-0.930200443724212,1.06328019581401,0.587677143211291,0.0742075156493781,-0.419912320772498,-0.112110186122612,0.159628085220863,0.400040604121986,-0.0781031460827036,-0.080065702502609,-1.19348975147204e-15
1145.457,808.79,-0.109271332946455,2.9937627524448,-0.827862115252959,-0.588891419304632,0.908145448757835,-0.523190017049239,-0.830736980032712,-0.552069116832616,0.294851024532981,-0.482235043219041,-0.0114414107305122,-0.281477176965474,-6.41847686111419e-15
1144.578,809.29,0.523200204859875,2.16453175882745,-0.326996321161209,-0.140956455861688,0.4068410722801,-0.520411439341588,0.470629611878392,-0.860663974531105,-0.0666684859354847,-0.235784278402606,0.298654434450536,-0.0158227457707285,1.85892967685675e-14
1143.678,809.79,0.941630851208039,2.11801325783004,-0.830201486366443,0.050487651050564,1.07911855111087,-0.305787192570226,0.300923829501472,-0.972580666154717,0.551623801121024,0.298703510169609,0.070609231882924,-0.144266689729733,5.41233724504764e-15
1142.778,810.29,-0.181637786602084,2.06272485259221,-1.60483806891739,-0.347378844322412,2.53780763243638,0.7699063436094,-0.830110708498126,-0.437065894864743,-0.072898724096837,-0.101108697057078,0.0950741728382879,0.0917933898744299,6.66133814775094e-15
1141.878,810.79,-1.12414819411965,2.27504419304943,-1.61072899774978,-0.311249934622543,0.936614915654638,-0.504759819092997,0.409357541652682,-0.811728221300456,-0.524105275298153,-0.273024992849563,0.0285552988934018,0.0784941591741208,-1.88390969491081e-14
1141.036,811.29,-1.04507551125736,1.65665223699539,-1.39574434837932,-0.717610555643233,0.618060094421723,-0.577353443069283,-0.315239726448952,-0.289399319639022,-0.352023421327964,0.013576269107906,0.105177367533435,0.107372830405753,3.98292510084275e-15
1140.236,811.79,-0.464565601506829,1.69070495516248,-0.440413108319361,-1.32693653891663,1.15773991105902,-0.916734362388284,-0.287524428122201,-1.37356576274607,0.529601942669545,-0.241992353873679,-0.00563731630058296,-0.263201180347816,-8.74300631892311e-16
1139.436,812.29,-1.54242938405767,0.21544817960077,0.246624126056438,-2.31256126882048,0.0402176539941114,-0.74792324100263,-0.687831800965417,-0.358809512585782,-0.162624073650729,-0.242406658787385,0.173742989143733,0.517479371587606,1.32116539930394e-14
1138.636,812.79,-1.56944539443512,2.65763939639612,-0.574130181964858,-0.8058430348172,0.376171754711633,-0.792284056937169,-0.984619432840805,-0.667611369760385,0.892485901275972,-0.0589609259897791,-0.161181369364527,-0.278704041767641,-9.15933995315754e-16
1137.749,813.29,-1.70381264283179,2.14636299780526,-0.620861717275343,-1.35173760468065,1.91791237205429,-0.291847625884986,-1.06376279422423,0.210164660797303,0.289715343800932,-0.488488704444085,0.0466012631841592,-0.177887714307259,-1.4363510381088e-14
1136.799,813.79,-1.11725685924425,2.05655093917821,-0.863453317899733,-2.08023393602043,1.42814380491623,-1.4946948318164,-0.484749556367654,-0.00058581849447999,0.15883690593681,-0.0720635518208289,0.000489597121706574,0.0329499980409368,1.49880108324396e-15
1135.965,814.29,-1.31361377573867,2.19309640986626,-0.925487186388065,-2.03209470421907,2.28519535871497,0.219283805770026,-1.64961446598468,0.00648275430320945,-0.0987875261702708,-0.251165725774645,-0.112095446090189,0.119661124621213,1.47104550762833e-15
1135.215,814.79,-0.979841059460924,1.8265639497349,-0.0852725464427342,-3.0946246963102,1.27349145163045,-0.673047273574071,-2.14699532664331,0.794227799728481,0.748496494152995,-0.0192486072880962,0.0979112176414589,0.528003912903184,-6.38378239159465e-16
1134.349,815.29,-1.82790042946437,1.46107192204085,-0.452013379059167,-3.23624214855849,1.07944429978799,-0.392303922028778,-2.172270641988,0.103570529121494,0.39320680617286,0.466108843835748,-0.257410007880583,0.0293167856997797,-2.05391259555654e-14
1133.399,815.79,-1.52500519789954,2.01611718451536,-0.232165631286349,-3.15261992265782,1.753666321749,-0.183582498071929,-1.64157069650211,1.4031253929596,-0.0360370996322471,-0.459375990430381,0.313719220450278,0.356350832006219,-2.18679241381636e-14
1132.507,816.29,-1.30678214650292,2.1945531856876,-1.15440312163649,-3.05315428539684,1.58997162633939,-0.177842791341784,-1.9638148052227,0.196563621122584,-0.0550726663644364,0.182192541907914,-0.336712178551612,0.305154399859609,-4.96868171606657e-15
1131.657,816.79,-1.1300781850898,2.37948979237026,-0.853179387467578,-2.82332144408039,1.85474856560248,0.599485593825253,-1.64300559005238,0.0629621739031078,0.075954063121634,0.0605621760070495,-0.391034023641114,0.279232952774035,5.99520433297585e-15
1130.836,817.29,-1.56874880914309,2.74623895865841,-0.931026876940972,-3.56123378757692,1.0991954784783,0.170158730741419,-1.02356339450651,0.428558758491623,-0.718018723781837,-0.110219882030803,-0.168109204713633,0.0110348933663784,-2.44249065417534e-15
1130.036,817.79,-0.450541175662523,1.96219800359103,-0.865386137553898,-2.36490617074377,0.71570665452432,0.615403970869629,-1.12331670179367,0.869051197644945,-0.668889544059091,0.186010373654826,0.139544414476472,0.406247527489575,1.41778949691584e-14
1129.265,818.29,-1.80031051540382,1.83740128715994,-0.192521621530852,-3.51876704710142,0.562128983265122,0.769979247432316,-2.12076723947957,-0.730825548006124,-0.475810142490546,-0.28902522870556,-0.223142157217047,0.210034327658258,3.85802501057242e-15
1128.515,818.79,-0.532987943455066,2.37752717920144,-1.8785609150594,-2.71493209778517,0.665025605705499,0.156694451041045,-2.3998471892588,0.861502502314742,-0.159455986612513,0.843760300233888,-0.210186413020714,0.171610166748276,-4.7045700668491e-15
1127.678,819.29,-1.98910525909574,2.31490648102784,-1.09534166532532,-4.36115015544591,0.457198926570789,0.120476012343815,-2.00064139073759,0.353819396014731,-0.578565588670151,-0.0247589096610442,-0.167264093735472,0.340454258725818,-2.73669975570101e-14
1126.778,819.79,-1.68555832638259,1.52274101218985,-0.337661386051828,-5.53852438678812,1.08629037387579,0.817224936086892,-2.75481936149672,-0.56765107159989,0.153067502138249,0.465116719673179,0.0793706605525599,0.600070099910514,-7.13318293321663e-15
1125.936,820.29,-0.805683530637672,2.37875414257859,-0.833288096270249,-5.02317334999833,1.08008510020607,-0.600666501606895,-2.42581026686836,0.359691124716261,0.160610049017435,0.39706758346219,0.0314536858223933,0.168669863264023,1.31561428418081e-14
1125.136,820.79,-1.7108710386157,2.64768110039342,-0.971448579020536,-4.69137015079212,1.41233683123505,0.430561200008771,-2.33303588826111,0.417048478224768,-0.639238120547295,-0.273218690924499,-0.0338156077293676,0.476731050090232,-2.17326157070374e-14
1124.336,821.29,-1.71606704791243,4.04211292938515,-1.81347738945313,-4.8747013702719,3.20795991784256,1.24102291266344,-1.6543747630433,0.193484740849828,-0.496646668182749,-0.183582119330299,0.469539177191255,-0.133969647995193,-1.74860126378462e-14
1123.536,821.79,-2.21404730704555,3.45865202802419,-0.824662834793872,-5.41059762713239,1.55998319405984,1.15760894667659,-3.19247766995949,0.986579469744641,0.151412922418822,-0.410627996694598,0.62421208406586,-0.102988803829017,1.59594559789866e-14
1122.678,822.29,-1.45892153755211,4.20563131430987,-1.88342091562848,-5.47918861622473,3.41005575514363,1.75968219075451,-3.03944319178179,0.778399705245477,0.170410159457242,-0.353692721820316,0.441950187685394,-0.350018832964193,-1.89293025698589e-14
1121.778,822.79,-1.77135040052699,3.25740069032258,-1.44347231494146,-5.99816691137127,3.32626745337361,2.10838082436562,-4.20493383305001,0.964064711713089,0.61793943939358,0.125982134687631,0.212138215134899,0.207369437382339,-1.99840144432528e-14
1120.936,823.29,-3.48948736412516,3.67000946324164,-1.5298857228411,-6.51845140680471,2.34520668158865,2.12550983948073,-3.25126975553653,0.658236450019249,-0.503411073680354,-0.430993185818125,0.166067768210575,0.0470425451069382,-1.31006316905768e-14
1120.136,823.79,-3.53737312973322,4.55205716036267,-1.82242837263617,-6.79631833042817,2.99752567857217,1.39519334129179,-2.98388298599518,-0.285388132949085,0.539042216797892,-0.540164527693,0.256437919025457,-0.23410149707016,4.24313362223927e-15
1119.307,824.29,-2.37766266367167,3.03747281304995,-1.30745502391237,-6.24502929523136,2.6386020805186,1.29829909552856,-3.06522243224198,0.432125248730026,0.89270191061948,0.0470074192310242,0.926898038617866,0.066148205846059,1.35169653248113e-14
1118.457,824.79,-1.75638388520579,2.92448793107466,-1.34596582527243,-5.37553331406992,1.99845549361597,0.751191514289188,-2.46791764666706,0.264100459672056,0.689284190980829,0.490982519516551,0.849367850466063,0.237322817992752,9.75261538194161e-15
1117.665,825.29,-3.04013988421149,3.26320630930818,-1.15933258571129,-4.15104369230914,0.912999876196959,0.621045892721145,-1.81234562510465,0.673160111177001,0.458504395684762,0.280691581785316,0.613220822826501,-0.0539644776536936,1.82354131794682e-14
1116.915,825.79,-2.01717248332117,2.73229644122093,-1.94829898453672,-2.30882994671457,1.35017477878232,1.61941085799928,-2.25239754335035,0.412727833490715,-0.00999633152838425,0.558443478763291,0.114183923027561,-0.0981017373511595,-7.71605002114484e-15
1116.165,826.29,-1.69860969216238,1.41642037341836,-0.846937092399193,-2.93627985314896,0.250967130628231,-0.518335015753302,-0.28483248667409,0.274656726989157,-0.54709151076593,-0.462040150801998,0.319185116827842,0.407555530499001,-1.87627691161651e-14
1115.415,826.79,-2.15663663328727,1.38920950670058,-1.18239086950875,-3.52888082281762,0.854678631085808,-0.843041550479364,-0.25131019844629,-0.440222227910066,-0.208720639598275,-0.48513482840212,-0.00989264632443934,-0.214494384085297,4.16333634234434e-16
1114.694,827.29,-0.852659280097419,0.753713363048408,-1.04015550135789,-2.28703728902773,0.948711591557752,-0.520138619534206,-0.0825826622782097,0.315386278921156,-0.20767291722448,-0.0948410177184692,0.379300915034327,0.381857714179909,1.28022592527088e-14
1113.994,827.79,-0.492113287922051,0.984671017221061,-1.10561455358246,-1.53413823849237,1.44102045336541,0.119105206791988,-0.928622397131496,0.168543996609515,0.458899689202121,-0.0429125092683393,0.362126577805762,0.0962427998330366,-2.35922392732846e-15
1113.265,828.29,0.710071669475089,1.26236360359674,-1.03628532330331,-0.812517307500073,0.612967516624769,-1.12488724638277,-0.408869346305135,0.268583611115507,0.961144891648569,0.417770308128339,0.485701764544329,-0.131263558377623,-4.94049245958195e-15
1112.515,828.79,-0.251286425669912,1.82376163121816,-1.00951883894522,0.000347700077081223,0.716754079415136,0.28431302374295,-0.974962823585744,-0.101334047367558,0.411034843417733,-0.121817719876093,0.0326100839658819,-0.432461289047253,-1.50018886202474e-14
1111.678,829.29,-0.00791833545712889,1.49819621403807,-1.43238700099679,-1.1859593266322,0.450491682978495,-0.91538637623797,-1.42663341291768,-1.3314317656301,0.444662667176987,0.2037359458148,-0.166833491049569,-0.113510701932648,-1.06026298851702e-14
1110.778,829.79,-0.176372967409171,1.75911473148328,-1.21990794627573,0.613068790118801,1.24908018326709,0.129721755566953,-1.80921223698815,0.416048624060783,0.0458238810606801,-0.327512895080494,0.354055233120333,0.133491561045733,-5.49560397189452e-15
1109.936,830.29,-1.60742537805684,1.82403941808213,-0.995827874786704,0.122062439275834,-0.107609534084007,-0.917933642859119,-1.66774679631189,-0.167726671507518,0.1099216101531,0.0686033251088012,0.07719630092633,-0.331877402357838,1.26287869051112e-14
1109.136,830.79,-0.561056818949087,1.77055676654933,-0.742142877357627,-0.661200752573865,0.199464571473318,-1.25945937278351,-1.0951368705426,0.34733681613191,-0.245997082458119,-0.319713848008686,0.4261800264033,-0.0409158258029436,7.9658502016855e-15
1108.336,831.29,-0.401573579288928,2.17905983320742,-1.07203187555226,-0.292155205742152,0.323513150794827,-1.80969356284123,-0.301776096960055,-0.600509051234435,-0.372612065876887,0.289177571359261,0.31949325554211,-0.304660206875686,-3.91353616180368e-15
1107.536,831.79,-0.657848896488052,1.07559211394272,-0.468288573581434,-1.21617467262216,0.479504113055483,-1.06617432896691,-1.23892576591758,-0.387898589872733,-0.752514418657639,0.339222402883788,0.369064984499733,0.25886753081228,-2.19269047363468e-15
1106.707,832.29,-0.00370964082881098,1.06335066350799,0.221942238325784,0.780090004903353,-0.66476489303136,-1.38490095119661,-0.193703070773184,-0.0918487064356439,-0.49146685955935,0.290132349598817,0.529393721608877,0.130406868291654,7.27196081129478e-15
1105.857,832.79,0.632152130106192,2.17472253689425,-0.493394486281674,0.256990371238652,0.508111725407518,-0.517780012151803,-0.428963227915485,-0.826881437393345,-0.129099639132075,0.671188485898281,0.345652610974564,0.120251555027572,5.99520433297585e-15
1105.123,833.29,-0.619131157760537,2.22150754943232,-0.389977272867273,-0.650500234544819,0.252643941770117,-1.24458026133234,-0.53619494186808,-0.798713964315366,-0.70723319692824,-0.0270810547540383,0.110825988720866,-0.124440713324426,-2.69784194983913e-14
1104.473,833.79,0.749826639436316,2.04871571396293,-0.230853998780311,0.388277346669204,-0.46751099844691,-1.47931078963543,-0.00996593799996725,-1.04184551641706,-0.701027546764676,-0.0337128577135806,0.0795948649636203,-0.199044891222961,-2.35644836976689e-14
1103.736,834.29,-0.0957575473913995,1.66936832492351,0.514676930817486,0.109862814847675,0.97840346574392,-0.277981206771826,-1.00759308715282,0.31054726368022,-0.562988584150502,-0.712960324276458,0.0610762794195822,0.14365760033572,-2.16771045558062e-14
1102.936,834.79,0.0304033032417933,1.85216627060675,-0.244303792828953,0.563765347144835,-0.164555465228377,-1.39325185483032,-0.861078890964814,-0.297760357563106,0.0690228916839495,0.153333139022525,-0.162666607922742,0.0851282900492491,-7.79931674799172e-15
1102.136,835.29,0.452117980315144,2.22570779592159,-0.342569125170608,0.595500427385025,-0.0133353177042413,-1.49632719484343,-0.559900787423314,-1.18397305971439,0.0214354149208967,-0.0361832174604625,-0.367656719590325,0.22129758406569,-7.02216063075412e-15
1101.336,835.79,1.02353990866043,2.36531406216605,0.0198198064750864,0.40642881991729,-0.0692966139515748,-1.51733658756119,0.199332384037175,-0.620486186782172,-0.450400630652526,-0.364161886575701,0.0925337822238778,0.27251652024048,-2.16493489801906e-14
1100.478,836.29,0.0952017869112604,2.47911512403571,-0.885777855918128,-0.486291216576353,0.523248923602674,-0.626022476138695,-0.801958480920301,-0.436716404256916,-0.442588259114039,0.254495284517818,-0.0261357537902814,-0.069775076585272,-1.06303854607859e-14
1099.578,836.79,2.03208372029663,1.34651472938343,-0.187172258210135,2.12870392346277,1.5756177306264,-0.157015210269971,-0.216437917368627,0.0353849692297547,0.0157402615458017,0.251006687340842,0.167618957712426,0.240347041601451,7.99360577730113e-15
1098.707,837.29,0.748021182758089,0.573018160168489,0.982872952584564,0.538660783358559,-1.072367321518,-0.443962038488428,-1.46730972552085,-0.00194217760699366,0.0503002143543239,0.0493886918366725,0.0257658059273909,0.252974977740261,1.27675647831893e-15
1097.857,837.79,0.141930954365093,1.6765403350408,0.265284547678952,0.971362230227639,0.389718520786241,0.199716067100732,-1.67934104578463,0.734538870650873,-0.203901516977087,-0.443250143952868,-0.179011687215094,-0.211796453075754,-1.45300438347817e-14
1096.92,838.29,-0.486813690034385,1.15025004188457,0.0424573076894714,0.458818915509953,-0.151844937405931,-0.497524870297085,0.427682900297298,-0.366113180177101,-1.19646854389033,0.0807113071564049,0.155030966563206,0.0509895320384189,-2.39114283928643e-14
1095.92,838.79,0.182941474972283,1.70038526999475,-0.579964556741854,-0.734850484212059,-0.750964443455046,-0.828445396027124,-0.825460306474244,-1.21071002426496,-0.583543898664072,0.611854090233658,-0.391192418084864,0.237165742857587,7.54951656745106e-15
1095.065,839.29,0.968837888975482,1.93954273095084,-0.500784693002018,0.627651317837399,0.0217038504465339,0.0515981807947191,-0.394910486360416,-0.228502961940087,-0.549548799070943,0.561396778698059,0.191765240074406,-0.0936534594718377,-9.31893451294741e-15
1094.315,839.79,2.29107102297253,2.00009434201631,-0.962592362543078,-0.0448925632939267,0.822941177146773,-0.773230649475688,0.239856867831973,-0.62897240227178,-0.786507164934804,0.852830928082389,0.0501712134755862,0.0749127702282368,8.88178419700125e-15
1093.507,840.29,1.01370350587549,2.48240543632118,-0.711545038647423,-1.2304240819472,0.719287210512834,-1.11634705576009,0.825910533952391,-0.323832591866998,-1.35706453286455,0.274968362774469,0.329506352624566,-0.154695110355616,1.23026588916275e-14
1092.657,840.79,1.23752092519056,1.50432286772103,-0.578024965422977,-0.765479738454602,0.196800218773893,-0.526468952205534,0.0263640208763224,-0.313591278714679,-1.03579025081979,0.873759943215297,0.321452411809097,-0.0908242018538018,1.36973765663129e-14
1091.778,841.29,0.164650233175944,0.637928888450396,-0.622455158650491,-1.8215464355249,-0.349635078061515,-0.163840844872954,-0.791913501015332,-0.310802725797469,-1.26562807828551,0.897484023847915,-0.0308601961641084,0.0960042402952334,7.21644966006352e-15
1090.878,841.79,-0.200646366931793,1.33830191569983,-0.571450531625912,-1.07313954618315,0.0366845967152157,-0.722370789300651,1.32644130391981,0.564925165167581,-1.73074825658368,0.340954555882878,0.468647085046687,0.0478889933010235,-2.63677968348475e-16
1090.036,842.29,0.126773493019494,1.2641649957326,-1.096285131715,-2.3746152915904,1.78863683432403,-0.651669924466856,0.578508277025979,-0.703272218609587,-1.6868561825777,0.323752580810278,0.175196633026982,0.416250814155292,-2.12330153459561e-14
1089.236,842.79,-0.6434429043,2.54621680291481,-1.07035971036311,-1.44709631979715,0.84045968538152,-0.972368289010464,0.245941765587342,-0.809725241384417,-1.07816809389548,0.000472495659772223,0.0400663788011214,-0.349667909219915,-1.06165076729781e-14
1088.378,843.29,-1.20315190575412,2.60518657915992,-0.807661821575451,-2.05934279835219,0.201103794596564,-0.972877569359827,-0.443893321790016,-0.508443196729007,-1.35835176482336,-0.128849968146085,0.0740132916443103,0.175537646585411,9.99200722162641e-16
1087.478,843.79,0.00302697251906694,1.91917185519893,-0.435821919562194,-0.700360338557228,0.199854620089388,-0.337734573502594,-0.367105166410254,-0.375280349553504,-0.536217835854928,0.256622941847893,0.18797978247722,0.176431902481675,-1.52655665885959e-16
1086.636,844.29,-0.923296873638217,1.80225340090664,-0.44515684881794,-0.373509114881143,-0.761177422478971,-0.848542280574427,-0.754899427650967,0.381873818973938,-0.114115048474209,0.366639435191643,0.117416149071376,0.047572458276892,-1.42663658664333e-14
1085.836,844.79,-1.48911649798735,1.71983274694876,-0.84712407010843,-1.81160297729793,-0.471652408014528,-0.619539322562776,-0.770358031970957,-0.448441090535704,-0.594810961187927,0.531343601789067,-0.131624281790618,0.165364121950769,-2.41473507855972e-14
1085.065,845.29,-2.02630495287149,3.51904861860751,-1.98710606320226,-2.2811828457559,0.204768697711619,-2.62500142483621,0.800854829105176,-0.143883405694617,-1.0971752093639,0.422846327795643,-0.13757347915941,0.145782716432426,2.4980018054066e-15
1084.315,845.79,-1.82883790414716,3.61198074327726,-1.80097723309397,-1.81206451790916,0.274100429577137,-2.26109512605574,0.216516614087439,-0.571593477137316,-0.734174640331431,0.592968972275619,0.0733379071214892,0.554551301611249,-4.32986979603811e-15
1083.507,846.29,-1.00786621157485,2.12096223942071,-0.324579422939897,-1.49664453018809,0.625102292143942,-2.02065020025446,0.539968165675777,-0.567842794952848,-0.524822209194817,0.197982562117835,0.17084329753667,0.302863969752436,-3.5527136788005e-15
1082.657,846.79,-0.221101323342888,2.64451998570876,-1.25458110431295,-1.06657293488269,2.01193222482956,-0.58686050386093,0.36794020515903,0.0416707632782817,-0.518609760580789,0.478282630595531,0.311576611262565,0.0217877053578935,-1.4432899320127e-14
1081.807,847.29,-2.3369787396087,1.91545352245557,-1.48866552958356,-1.06568561604611,0.135515804164623,-1.36865361306488,0.518592263488266,-0.148118772809881,-0.501949280961472,0.915572149120436,-0.103788432610207,0.126105466131156,-1.0769163338864e-14
1080.957,847.79,-0.777825588415711,1.36673362949626,-0.940073883762864,-0.361225605607402,1.71696354448185,-0.712158547541,0.167628297067904,0.110038473531043,-0.0666993113036114,0.0167602056235518,-0.352902483735179,-0.0695801405715777,-3.10862446895044e-15
1080.165,848.29,-1.25354071635938,0.469902217660745,-0.345493530727967,-1.06031966774169,0.311587570559323,-1.21504004062534,0.200872302865121,0.653495896821732,-0.170071180681249,-0.368505090146815,0.162257700267854,0.192643363373804,1.95676808090184e-14
1079.415,848.79,-0.896179631911417,-0.109436977851745,-0.654590128607992,-0.565672795392816,0.564525931587112,-0.681557012109404,0.699183663443404,-0.292438518826374,-0.500579054199078,-0.0207226362911558,0.129893854355225,-0.00749465806701511,-2.6924643070636e-14
1078.52,849.29,0.657060003646485,-0.00504275925396208,-1.33543076265833,-0.306166244079472,2.11458490288985,-0.456350351671897,0.584309817321469,0.166769539321389,0.169157081776745,0.911870054529009,0.464302268893928,-0.057897295325914,-5.38458166943201e-15
1077.52,849.79,-1.01323187237844,0.53834697554608,-0.977871758405788,0.578908059142025,1.0328360108848,-0.518199758311447,1.11712708885567,-0.00134281641136254,-0.317412660713488,-0.248344715200927,-0.19197168845406,-0.477529730821741,2.66453525910038e-15
1076.636,850.29,-2.93323823949533,-0.129294984341236,-1.18044862182205,-1.92875200216282,0.899021116783685,-0.441980272069318,0.458717230279526,-0.588475624515549,-0.862440294998835,0.253732961634434,-0.0983222335400077,0.162099286456523,2.64545330086463e-15
1075.836,850.79,-1.30133981170877,0.205656016598774,-1.54249298059719,-0.790466378729579,1.61821941307364,-0.19787746242728,0.3566753748343,0.415041710812786,-0.643045118652328,0.427717397756695,0.376019632677167,0.254215293797622,-2.17603712826531e-14
1075.007,851.29,-1.51906328549608,0.309262232649929,-1.37244772964936,-1.03420022853936,0.454965407006517,-0.752505123900273,1.1985943208057,-0.324397711797234,-1.00575471259299,0.177049223119545,0.282160076060649,0.0343446179853694,-3.17801340798951e-15
1074.157,851.79,-1.28668012527454,1.0196517958469,-1.88311796852468,-2.03992718230314,-0.123908942286288,-1.87428471644403,0.337004857381925,-0.0527508813789127,-0.398126482177401,0.250611044501444,0.0549227859757389,-0.00947800417779153,1.11577413974828e-14
1073.307,852.29,-1.00723423427119,0.850993499695551,-1.06777143372841,-1.11643825626901,-0.394844198684655,-1.45313197466527,-0.390718088798194,-0.187587957457287,0.451311741711847,0.126531190978873,-0.114758351234471,-0.00110121333219102,-1.43773881688958e-14
1072.457,852.79,-0.930303116439198,0.178091282619772,-0.858551613693992,-1.34299445290517,0.736001695378172,-0.842979082650901,-0.051872794057968,-0.187249340614719,-0.0452484409505435,-0.153506725535839,0.101542845833533,0.102734062626766,-2.6853519408121e-15
1071.607,853.29,-2.12004576212529,0.138853642820301,-1.26474006943628,-1.50369288298049,1.15856334927648,-0.499525626759982,0.209213033851423,-0.213360869167556,-0.665099200934213,-0.0639953842526176,0.0779539858025876,-0.0436690346834695,2.17881268582687e-14
1070.757,853.79,0.117387187952133,0.374477101406396,-1.54696453149526,-0.496006138132067,1.05414794010162,0.189405234500315,0.351615024846229,-0.86908996609461,-0.507811470080273,0.508341191499127,0.10090863674246,-0.260053230779639,-2.22044604925031e-15
1070.023,854.29,-0.750543591820058,-0.255367244862787,-1.1957267057955,-2.31946511660479,0.285566971163236,-0.729033987370711,0.49959752267328,-1.25481479143688,-0.933163389200142,0.383341560878672,0.0611908243422429,-0.0266388964474902,9.20097331658098e-15
1069.373,854.79,-0.220351815088383,0.196793641969564,-1.12836141375225,-1.28176212165695,0.711865840444371,-0.436496077826957,0.821797598930455,-0.488482797831705,-0.545767640314719,0.102101837636924,0.39217351638166,-0.284350011169438,-1.5334955527635e-15
1068.694,855.29,-2.11597414187569,-0.0427259113202555,-0.915134127020149,-1.84843892707544,-0.745663911527025,-0.61315939683864,0.106516779481692,-0.3143602285806,-0.50266103106846,-0.211112716942946,0.246577008904554,-0.0624796727739421,1.47659662275146e-14
1067.994,855.79,-1.38960344716373,0.350212518163643,-1.70057183353408,-1.59473609917418,1.26161868390845,0.184760907603647,0.556611988409093,-0.102871986192516,-0.83718515003074,-0.173262301061732,0.447319009702421,-0.03761424063683,-1.1740608485411e-14
1067.207,856.29,-0.88738926740761,0.397044721889649,-2.14900533107964,-0.748040960943079,2.04236898706463,-0.485569031806232,0.482337122970857,0.0114966851691595,-0.32019395026482,-0.112674960047947,-0.0360488260145473,-0.255095069420271,-2.94209101525666e-15
1066.357,856.79,-2.77916475036625,-0.319434886049368,-1.79443033990295,-1.63047166542506,0.523621418905748,-1.37222034046998,0.71278943340475,-0.99284834758598,-0.210397329667914,0.588931052368741,-0.31564784019568,-0.494574391933463,-5.02375918642883e-15
1065.507,857.29,-2.26020326340883,0.365868369551572,-2.02535696602065,-1.16874603974176,1.82574384625544,-0.350909506760621,1.36734300943622,-0.364226705181422,-0.722917393657459,0.323426331834023,0.022258746188911,-0.452034191695368,-1.48769885299771e-14
1064.657,857.79,-2.2436682412947,1.22167971307236,-1.73017876823855,-2.3501269038744,1.42396011943078,-0.851374432883254,1.48021116642989,0.32670894843157,-0.625007348225953,-0.177701713923972,0.272979352488839,-0.33364085104526,1.82562298611799e-14
1063.836,858.29,-2.07394446391515,0.721526580395636,-0.990232693392326,-1.13657953918952,-0.28724451180927,-0.275368647144066,0.475088460164426,0.337239238312478,-0.0841276523270831,0.316724799605878,0.0824274005179751,-0.141018961134441,-1.40165656858926e-14
1063.036,858.79,-3.00204170595142,0.684872178356118,-1.06014772508739,-2.97122281209805,-0.075108948234996,0.0963780975902099,0.445249565859708,-0.0416104786254283,-1.02881776733152,-0.1823566268305,0.146320796120142,-0.00920656026530435,-2.13717932240343e-14
1062.265,859.29,-1.73950193847142,0.486678642310701,-0.206957333917496,-2.05172235585653,0.0676171031388469,0.0186674392382354,0.126348962443329,0.658480286440772,-0.556464599058701,-0.528524836125637,0.3179953768671,-0.284121594803934,-7.79931674799172e-15
1061.515,859.79,-1.72201412503569,0.499911536942277,-0.405601046794383,-1.03188137188757,0.71925216953179,-0.223536015311342,-0.504500065807115,1.09902476202099,-0.614238925189601,0.337026177248722,0.542937356011573,-0.0798363239706162,-6.77322781195144e-15
1060.62,860.29,-1.88470923462914,0.787943470301436,1.2602420116962,-0.512186525057451,-0.605102514389385,-0.484945908005578,0.337818598199539,-0.487658536246268,-1.05470338319988,-0.455405650921926,0.244075292273099,0.0598601556333639,0
1059.62,860.79,-1.24725923256567,0.626740750629477,-0.341418238370657,-0.314244626112066,0.785161200673879,-0.256552526387545,-0.846392283959658,0.153518054691925,-0.570592904665749,0.668408491877031,0.237993681696013,-0.0477457979380668,1.25732757538799e-14
1058.707,861.29,-1.19779243280847,0.313653103471371,-0.0426571191978453,-0.960908669745641,0.164944899079956,-1.32065256265808,0.0127093869997569,-0.741537111281376,-0.206825928898281,0.594388090073636,-0.0971318063459464,-0.0119665940601066,-1.22124532708767e-14
1057.857,861.79,-0.763613253378569,-0.404365901598187,0.327955603774027,-0.256789511846567,0.493707250389054,0.268404631956002,-0.172627823827207,-0.48713918772168,-0.365404427040806,0.382766382854502,0.227748249278507,0.218481076464807,3.95516952522712e-15
1057.065,862.29,-1.83089234054922,-0.181998527596831,-0.331744365447396,-1.47005024511968,0.356394903573001,-1.32859604426038,-0.0200200130479558,1.05799596702046,-0.0386017471504391,0.33453462669934,0.576036884497216,-0.0509262387077109,1.14908083048704e-14
1056.315,862.79,-2.4070179262787,-0.408481246562856,-0.509082265357507,-1.79754099972963,1.47780833018539,0.34800903340766,-0.578223915048469,0.0557099795386225,-0.379861908358644,-0.117826121601193,0.445603139949084,0.0946851956212335,5.21804821573824e-15
1055.507,863.29,-1.43206017172205,-0.89201130253469,-0.35898815181308,0.144143476611002,0.527018983388497,-0.331593664573578,-0.2656709004425,0.0380836849891992,0.567438956005372,0.408667634408347,0.0426913484475951,-0.211145041348575,-1.13797860024079e-14
1054.657,863.79,-0.383396759311654,-1.24384229477126,-0.394644270758888,-1.62815679349903,0.115521011779484,-0.676323765907781,0.131583169306269,-0.0205367063448794,-0.349318730481947,-0.281282815522135,0.510776242519114,0.294412610561151,8.29891710907305e-15
1053.749,864.29,-1.12475479369842,-0.354722002862256,-1.12010931971526,-1.13520897122864,0.208664897269602,-0.729091953908442,0.632573286676032,0.13296925115147,-0.58684270327459,0.165812219069822,0.156285350387505,-0.00282436808034122,-2.09693373776076e-14
1052.799,864.79,-1.55006167388438,-0.043990588128412,-1.12292975683537,-1.66673770281175,0.767486687384633,-0.445737758817563,0.30405176394634,0.625489416349118,-0.703455708173207,0.161695085699749,0.181517625553773,0.111298738481737,1.50790838149284e-15
1051.965,865.29,-0.289415988336052,-1.03666684828599,-0.56163514952165,0.765043189949955,-0.193976181829434,-0.902182998797429,1.65905357999693,-0.408826146956856,-0.270942892174371,1.00733915368655,0.561056958737427,0.649472952145951,-1.28091981466127e-14
1051.215,865.79,-1.67926169676668,-0.508346094931052,-0.666265499196593,-0.0634533164493708,0.629837901351507,-0.751825173485259,0.376367000853907,0.0512861611527925,-0.306131628075663,0.0850002124991049,-0.0110788830893887,0.4541048284984,-6.93889390390723e-18
1050.349,866.29,-1.51622652922894,-0.650436754774146,-0.419582564665794,0.788251503939949,1.22682560444684,-0.171894153375321,0.0707742061647093,-0.116609472910145,-0.368496978338908,0.218847677932795,0.073960437678895,0.449192106203092,-5.21804821573824e-15
1049.399,866.79,-1.57392230902765,1.05240695191729,-0.323397836135423,-0.3446504798831,0.632583313593178,-1.11493109103928,0.335764546410225,0.310990582654535,-0.135973533583774,0.0453189073141447,-0.0101275163220807,0.267548371792778,1.34892097491957e-14
1048.565,867.29,-1.74073436529544,1.47009364715225,-0.943787699601128,-0.533375950464926,0.630389228434114,-0.709293025241366,0.572460249921717,-0.828098820434788,-0.33129290441214,0.572725443207755,-0.179069516629097,-0.293117215947065,-1.24206200879939e-15
1047.815,867.79,0.33564234567786,0.55464658110343,0.48569147176057,-0.991758551851668,0.453533339767519,-0.734050214192949,0.222492399909317,-0.90106969864469,-0.294019846810591,0.0217069362169296,-0.032045863117382,0.199897612576624,1.13728471085039e-14
1046.949,868.29,0.183888182616568,0.539494228353917,0.0509465641074245,-0.718620709696713,0.791859675119511,-0.630843802888107,0.000471394114196817,-0.498147382399265,-0.132695155272449,0.316171525344901,0.125807971125148,0.433093570458717,-1.82839854367955e-14
1045.999,868.79,-0.603430088954009,1.0684570187017,-0.0102478575122237,0.290182317561747,0.367241827830912,-1.33845658835538,-0.60525550438908,0.923034691062113,0.222577682603104,0.104410233969327,0.0862050485296956,0.1612426998672,-3.21964677141295e-15
1045.049,869.29,-1.03053338122809,1.99277955398167,-0.434153152607305,-0.505810368493027,0.12814422670528,-1.61476541965919,-0.366419929721531,0.758327283184427,-0.326974949994207,-0.0571618463944899,0.0928584097640573,0.0908634426016178,2.16493489801906e-15
1044.099,869.79,0.233344834447836,1.54824502797233,-0.441174625651604,0.158227050686834,1.31500422792563,-0.873214537236596,0.036253952499381,-0.759853535754937,-0.514025295039171,0.103277096845232,-0.0938826741202451,0.355209458472765,-1.56541446472147e-14
1043.294,870.29,0.547681160819241,0.617230567893278,-0.166258306569911,-0.260519091087157,1.31540456026515,-0.192215359250262,-1.52908044978277,0.0280557174899282,0.190951995071933,0.599312943561249,-0.133872455011918,-0.00739832573671059,-1.07414077632484e-14
1042.594,870.79,0.72751129399849,-0.0727847924144853,0.439515607372538,-0.106349098569231,0.329130544677303,-0.142753472281505,-0.0441207280956833,-0.794005491747423,-0.756369417581729,0.193304613635891,-0.0799030244654799,0.0860297511281765,-5.06539254985228e-15
1041.894,871.29,1.36823404753499,0.00998979235901806,0.997192452561447,1.2544097608471,-0.855656922731259,-1.00673054513401,-0.264854531856167,0.753810725475737,0.158963495777703,0.277118721618681,0.325605814475273,0.421415426482262,-1.01862962509358e-14
1041.194,871.79,1.77357279543086,0.599664970221925,0.26713079246302,0.231114165164791,0.408186567669424,-0.886892306557266,-0.151581690256757,0.422018471014494,-0.364870102489382,0.168892132721128,0.387510378913532,0.581194135979995,-1.84574577843932e-15
1040.436,872.29,1.25520312100307,0.362515645144089,0.135802893157965,-1.4668402864637,0.771817246777376,-0.408955517133813,-1.23550922890341,-0.314296412181459,-0.300309412430861,0.237285015218612,0.0709411472309777,0.518117346790705,1.95468641273067e-14
1039.636,872.79,1.3556389659421,1.94430015409995,-0.63076012775519,0.639697511958835,1.20254392962507,-0.420212003583561,-1.29749668379999,0.662774042251202,-0.0078509000026525,0.205229398309427,0.0834356445456007,0.147786629785016,-2.49245069028348e-14
1038.836,873.29,0.277487264617636,2.9900328665559,-0.962937083215605,0.686228061058677,0.45542496534739,-1.75431905290886,-0.598008164062006,0.542757503077858,-0.199960879315784,0.456488479762774,0.343553081808798,0.306248065803702,2.44249065417534e-15
1038.036,873.79,2.44158068116213,2.64853536755431,-0.888140257240922,2.53438406714911,1.53156338372152,-0.485712205498186,-0.111477066386037,0.0703500073426381,-0.116641660534728,0.581085220286808,0.45343227986687,0.602112322865815,-1.34892097491957e-14
1037.207,874.29,0.615239213779668,3.44540058980393,-0.572863383257203,0.139735960048116,-0.225032951317755,-1.75119842032797,0.274317589288709,-0.0607046259417796,-0.47747451321465,-0.244805526680491,0.192039422418588,0.43719390765865,2.55351295663786e-15
1036.357,874.79,0.278095561007063,2.289196476765,-0.592973336702246,-0.412516048476557,0.682772669166247,-1.36745128025594,-0.962319042858779,-0.0889644049802094,-0.321370222824268,0.0365398604903709,-0.00387947447988868,0.482399571794834,1.46133105616286e-14
1035.478,875.29,0.505694839798741,1.86282410009044,0.033083366244005,-0.0925669714031662,-0.101442705240834,-0.842728280475272,-0.862451043176046,-0.56092317284785,-0.345142375325506,0.226260869023144,-0.0466138239724889,0.553211796129941,1.57929225252929e-14
1034.578,875.79,1.85792740203483,2.14654583116937,-0.0612102742528709,-0.563386968470691,0.245506706284087,-1.50195320978418,-0.571044223959671,0.00294934775725834,-0.252707302088632,0.133353348128841,0.0657769647929756,0.272894566713734,-8.82627304576999e-15
1033.707,876.29,-0.981479448142421,2.11163859794926,0.418802253021079,-0.345905234846252,0.155701141006199,-0.451496786665578,-0.832427581316011,0.124332269838232,-0.814299642558389,-0.844428071979375,-0.150065421826121,-0.104661178612421,-1.28508315100362e-14
1032.857,876.79,0.694607811321992,1.79208059093123,0.25952451820512,-0.319547994895991,0.382604575886186,-0.504067776535576,-0.668145975403063,-0.892464024293261,-0.363106944397096,-0.180666468283109,-0.336792415221653,0.0444005225653206,9.83241266183654e-15
1032.036,877.29,0.119039714185878,1.60460120732456,0.0566630546896156,-1.8965341182856,-0.498001799375116,-1.30665162414744,-0.846329906048232,-0.438728395049497,-0.640578350374015,0.0459135534397677,-0.005817923277074,0.480442597154706,7.7715611723761e-16
1031.236,877.79,0.553663433620593,1.59362948616282,0.431958562847784,-1.42640707216059,-0.0404870289521664,-1.33450604727874,-0.308870822588951,-1.15183769598098,-0.470151797651688,-0.160522771766767,-0.0195414668261323,0.307255207573725,2.12052597703405e-14
1030.407,878.29,0.269770104216187,1.33685965802929,0.0254256671655549,-1.9054317500455,0.880001350533489,-0.817129510985013,-0.443573545757394,-0.775587743685849,-0.562660289007801,0.0581553348848252,-0.143134706024286,0.384645759470494,-3.53883589099269e-15
1029.557,878.79,0.126241314293606,1.32128613556584,0.175821360053574,-1.15052600985614,0.285658767193137,-0.196914396606946,-0.846714571986684,-0.996558883134958,-0.497293733964942,0.032539033682978,-0.139936551689073,0.186561417077095,-9.47852907273727e-15
1028.794,879.29,1.50517956913091,0.697659446082025,0.174674893668663,-1.43565228778371,-0.0491668460424599,-0.978131237068301,-0.330695493967727,-0.725168982466164,-0.293874093745093,0.357694295231934,0.148346883185597,0.707848774433084,-2.52575738102223e-14
1028.094,879.79,0.672235737127923,0.62078643402192,0.436669071364452,-0.690598649072884,-0.541332953284931,-1.11768565145632,-0.866064408028571,-0.343190375057076,0.282984896879491,0.425841767905622,0.0210353427936732,0.121416821220228,-1.75415237890775e-14
1027.365,880.29,0.592309989349185,0.780980468346257,0.561134116678079,-0.427078862260383,-0.552329552079489,-0.625471996689648,0.160806593719918,-0.0149328412071633,-0.377646407948195,-0.0104658346072667,0.137229179491883,0.487051008074608,-2.17048601314218e-14
1026.615,880.79,1.09301345847768,0.994517629458755,0.402306575968133,-0.645368870230985,0.547517154745331,-0.284708672975348,-0.0718618935045511,0.194795089681666,-0.343702026386412,-0.372520954586218,0.139704052293245,0.292294597756627,6.91460777524355e-15
1025.894,881.29,0.540393913795821,0.793406915340666,0.157160044444665,-0.871622168970052,0.909006671172763,-0.984083185915395,-0.528050041185251,-0.69261555688483,0.363653627971595,-0.0775036606469373,-0.220490637903825,-0.379358935645233,2.12121986642444e-14
1025.194,881.79,0.873128278922892,0.949786695271068,0.205109405071857,0.334014490636179,0.469483982191243,-0.334965450497805,0.196879805680398,-0.422833806369314,0.021433996014462,-0.162832314946732,-0.214863146753115,-0.237882597331011,1.45924938799169e-14
1024.436,882.29,0.654066670720069,0.983030834492387,-0.496614495236574,-1.55092712417927,0.509644024241592,-0.316578964185863,-0.0635691221128947,-0.17281776658756,-0.598784858697744,-0.0768233511104097,-0.00629583897705397,0.290778475427716,-2.57432963834958e-15
1023.636,882.79,0.428095799460675,0.912642906335917,0.128919138826087,-0.660678326922865,-0.118302274439047,-1.19268087681189,0.374879986394764,0.00729170033390191,0.11812878765132,-0.434593567458774,-0.19122642428284,-0.202545943929455,-1.16850973341798e-14
1022.836,883.29,0.354311788936827,0.422559719769648,-0.0960949453184023,-1.47790268727073,0.242581656299144,-0.582807079134578,-0.399971935183688,-0.994043704162033,-0.0845643372303475,-0.307695539784157,-0.550221014617136,-0.213528086799848,1.39194211712379e-14
1022.036,883.79,1.40737653907657,0.171107308423787,0.266893392792746,-0.910691139688952,0.378264428354883,-0.724809558416795,0.0916184192861613,-0.396491590981855,-0.0958993822293621,-0.462177281354149,-0.100321294196559,0.0921482183565566,-1.82596993081319e-14
1021.207,884.29,-0.271885643148665,0.46982207318821,-0.658124106424017,-0.80316880739152,-0.0667476383783061,-0.263711720747328,-0.273380559979641,-0.187822091829623,-0.548929963391522,-0.104987314470589,-0.282158344714569,-0.257568986488022,1.45022882591661e-14
1020.357,884.79,1.54771340268949,0.274859556107153,-0.189841914272554,-0.0516507294209439,1.07553751369857,0.0201993931797305,-0.237038897029574,-0.213639605753467,0.456334091093434,0.192890761348897,-0.0707264545104847,0.0142113914745363,-2.55351295663786e-15
1019.507,885.29,0.1142672192118,0.464003967154503,-0.136387752225848,-1.32912501008463,0.0303375339935126,-0.472096227341576,0.345025766954612,-0.517465233331909,-0.546812301992087,-0.268132031489682,-0.0422632460205059,-0.161824322263277,1.14769305170626e-14
1018.657,885.79,0.431265442929052,0.684593963711839,-0.118910945460407,-0.713633544026074,1.04550368630492,-0.163858394140282,0.385063678438385,0.562753411637803,-0.588578092416509,-0.809460344583697,0.263112555583489,0.165816329066373,-1.42941214420489e-14
1017.662,886.29,0.270595402196714,0.173992951868883,0.0386465243326167,-0.962215284886328,0.365052394639508,-0.536496317604017,0.12118641301188,-0.701655202651773,-0.324358954671652,-0.188704163038258,-0.173646980132599,-0.355740210757188,-1.07275299754406e-14
1016.562,886.79,0.25274679074249,0.0843611447851643,-0.21114340556747,-0.77725775876922,1.4565470930978,0.0693905063565826,-0.0853143156584695,-0.812391384782094,-0.066487473564901,-0.190702849961393,0.0767157463283909,0.0697863270813867,-7.32747196252603e-15
1015.549,887.29,1.05051505300029,0.315991270124485,-0.772512388556432,0.213942001295299,2.76103711736526,-0.376357652785336,0.807298345627767,-0.30117293396893,-0.0502148851084669,0.019416119438339,0.228287497860225,-0.13868538656446,-4.55191440096314e-15
1014.599,887.79,-1.21248544874325,-0.0318234954932521,0.361539468031782,-0.906392015850355,0.448057247270157,-0.371440168581168,-1.47353054915888,-0.922905612521702,0.791201382999131,-0.202622927973119,-0.272404191583063,-0.130898242983439,3.5527136788005e-15
1013.794,888.29,0.751562694247482,-0.483354526325425,-0.0671104402052051,0.73847628812869,1.57834983537823,0.526199978145269,0.310374330496419,-0.609922597776565,-0.0544814748384995,0.183274478543224,0.181302779064899,-0.229643174612205,6.10622663543836e-16
1013.094,888.79,-0.324563870956432,-0.182630582883592,0.102786539890393,-0.231691821866223,0.390588828225001,-0.634607647672775,0.0742959915915748,-0.261381576954846,0.417842134646846,-0.282298974448698,-0.0430749234304155,-0.0907203545232881,1.21500032257416e-14
1012.336,889.29,-1.28360929598117,0.736570436714217,-0.237929041587495,-1.41487636845737,0.468754946253714,-1.01727439220463,-0.160346758029612,-1.27864586384766,0.229522962621214,-0.410634061920571,0.0203214059479758,0.13472396904139,1.65978342181461e-14
1011.536,889.79,0.516310260822086,0.522664051812865,-1.16476775295518,-0.473971665683343,2.88150621528449,-0.699568952116997,-0.098924369987819,0.0341417312847676,0.53839742760927,0.453356127401035,0.342454214098327,0.112961967537039,9.49240686054509e-15
1010.707,890.29,-0.326838461418808,0.30302181789732,-0.00317329955599545,-0.700643650207982,0.0639519186670134,-1.03130679602359,0.00677393665568559,-1.08594458653523,0.346341242456868,0.128680958425765,0.101109525166531,0.394074818695394,-1.28508315100362e-14
1009.857,890.79,-0.201860938580686,1.46464169988497,-0.832050789119227,0.0605362911528218,0.00650368905447918,-2.01997887157632,0.0667420225648092,-0.349008337757847,0.484390851315246,0.428821617784971,0.210338781220413,0.128792102768132,-1.45439216225896e-14
1009.065,891.29,2.05889842732755,1.20176273505217,0.28035642572587,1.2335140281434,0.513455902120938,-1.14796901022831,0.380793745435648,0.175194949603905,0.361995151051115,0.0994506333525982,0.492541473782483,0.158205145514441,1.70141678523805e-14
1008.315,891.79,1.62448741882449,1.53397751009007,-0.389341304818523,1.46297830309533,1.78935238584081,0.637043516712417,0.217657086546712,-0.14308423915106,-0.509410395096408,0.184322329671702,0.351710556316748,-0.187784022347629,1.4210854715202e-14
1007.449,892.29,-0.0233430193757147,2.13719740259085,-0.0732614395752174,-0.0281595984544161,-0.192349622057871,-0.87659493695369,-0.576022002329749,-0.304757296325124,-0.319573930447098,-0.26759216928777,-0.0451000477246713,-0.395358073838371,-5.52335954751015e-15
1006.499,892.79,1.23041735616062,2.63574988761866,-0.573317929285004,0.858038996255403,1.04353410515384,-0.0934621667127137,-1.11660406284184,-0.231063368191612,0.20612922820081,0.426961424332581,0.221342804343409,-0.0172742863037831,1.85684800868557e-14
1005.636,893.29,1.36226096052914,1.39344329030595,0.203990825457686,1.11635597731096,-0.138296736492958,0.130874899453431,-0.535122908722378,0.0218606382928118,-0.298850421553477,0.358968195495446,0.173645056829907,-0.0908408211143249,-1.51406664983256e-14
1004.836,893.79,0.436785512758709,1.26585951079483,0.30859136390675,0.451847405644948,0.324623695745074,0.0959840509786599,-0.301265800821472,-0.190546140103854,-0.132168771704404,0.265940015979346,0.150367015649989,-0.299956866120765,1.71598846243626e-14
1004.036,894.29,-0.251055184239122,0.99321075513634,0.59536035052264,-1.48268436136085,-0.0841312950177465,-0.942688089309549,-0.506824830659919,-0.403324664991954,0.0837347939027746,-0.411645978199138,0.0522098753260181,0.139013151573021,1.38777878078145e-14
1003.236,894.79,0.732963166256006,0.951166081482747,-0.0439506060810155,0.109776111471225,0.328496120032278,0.0835728416847409,-0.520803668796321,-0.215194021686651,0.217231698581084,-0.347887549158739,-0.358869448423272,-0.0648109085931688,1.23234755733392e-14
1002.349,895.29,1.42826409647456,0.143692892671845,0.0901552328460204,-0.462194418040407,-0.0186679200384467,-0.334100105627445,-0.0932917722182593,-0.766349267723981,0.344063438767959,-0.161086565084568,-0.261459092032501,-0.0450798225501406,-1.97966643078473e-14
1001.399,895.79,0.458077935039019,-0.847794131191668,0.297246124477712,-0.859431619789714,0.926623650536407,0.495254730541111,-0.336064235168267,-0.442761415587132,-0.0986270743310344,-0.417149539782045,-0.448967399601861,0.28940019423868,-1.84574577843932e-14
1000.478,896.29,0.456179678183612,-0.524102191713089,0.555375162665101,0.03080964047114,0.385102920113979,-0.771658315284216,0.573546055698799,0.812937674155453,0.161192113734512,-0.812588479552852,-0.122619115152365,0.0133030318650438,1.9075019341841e-14
999.578,896.79,0.299322432565596,-0.824116440750623,-0.386349599291543,-0.183299189690815,0.62397932171641,-0.604340038558202,-0.23794006548736,0.486427083694541,0.23883451894742,-0.356754577650332,-0.530096268351438,-0.215593811879328,-3.23352455922077e-15
998.707,897.29,1.22551209873227,-1.68351477401775,-0.310485023154296,-0.209726449034271,0.878958901158358,-1.53609316885507,0.164949097832997,0.0247931881129523,0.605104588176574,0.517451660398693,-0.136430121390586,-0.143483576604566,-9.15933995315754e-15
997.857,897.79,-0.0940876643457089,-1.66617837895112,-0.584133649212312,-1.19172219300905,1.00158229732201,-1.18469261731942,-0.13971840078187,0.66954074933166,0.128757007770918,0.684314804000256,-0.318103383583084,-0.0353502383668728,-1.05054853705155e-14
996.978,898.29,-0.179238737978676,-0.946509170619461,-0.881238566629805,0.681430232784734,2.66061156319567,0.138498314917103,-0.144607703811509,0.779336521772385,0.0782911693107696,-0.170750895239151,-0.631581438150024,-0.527034341137934,1.33226762955019e-15
996.078,898.79,-2.86096675523019,1.25523049870932,-0.869861881694227,1.06268675582031,1.67874949705329,-0.949403352858319,-0.671693320474875,1.11124890841658,0.468575195784603,-0.477465520206761,-0.630709343103266,-0.223714938383053,-1.1518563880486e-15
995.207,899.29,-1.23147700571897,-1.75561033608922,-0.0417985344133211,-0.182094823531612,1.87431631153999,-0.200053210353988,0.427922935049101,0.0382800259516627,-0.419679653369014,-0.302185763802733,-0.456800363710004,-0.00520865228492334,1.29896093881143e-14
994.357,899.79,0.787881477057975,-2.77186118805709,0.210728080043255,0.24512838190787,1.08753425684375,-0.984782618782361,0.88867976542838,0.28751433985128,0.312313764233648,0.273658398665153,-0.0846118495295566,0.156977908691384,-2.33146835171283e-14
993.565,900.29,-0.685041856822183,-2.82449571910665,-0.211624862228322,-0.441971093871355,1.57803735799209,-0.175109812082795,-1.34292022022852,0.516165481484861,0.626529276723202,0.502273611386836,-0.715441530810136,0.138374001359555,1.88737914186277e-15
992.815,900.79,-1.01197733704738,-2.16691401496074,0.762394028995942,-0.271690777171496,0.841508352165448,-0.616397658966293,0.0600396481118323,-0.0785677426954971,0.486580114218335,-0.0406132951586483,-0.679377441329129,0.0755796553944851,2.92821322744885e-15
992.007,901.29,0.67838892547666,-2.21662098123341,0.172359384148165,1.02872327193549,2.67414655983666,0.548819968751582,0.109140700712987,0.43959167501216,0.419636407558456,0.202082760930475,-0.375808064066607,-0.109906952273211,-1.4210854715202e-14
991.157,901.79,-0.255503533470715,-3.08001203814383,0.836765928242539,-0.547811691413827,0.801855616734487,-0.989253222155776,-0.538768906538064,-0.801570804974672,1.04904183325783,0.684831714037479,-0.634307073188397,0.454059506200453,1.88599136308198e-14
990.278,902.29,-0.1957540578921,-2.00799291888139,0.896868782901124,-0.124029141145186,1.6841084552426,0.409639823438862,-0.598618869035265,0.100899400037637,0.745078779202534,0.05564434550547,-0.347971605505714,0.224096594115468,-1.01030295240889e-14
989.378,902.79,0.645033628616251,-1.66364482633557,0.832180783266214,-0.375324770399048,1.26166932046447,-1.29693843207903,0.440270886644299,1.09429384362535,0.55036152623824,-0.168246726830086,-0.455930634190192,-0.13305174120732,-1.83464354819307e-14
988.536,903.29,0.0280486511985053,-2.17472094930894,0.676732450084779,0.786386382336236,2.79444020117363,1.21488768970098,-1.17311782502764,0.481660966199781,0.223795938121527,-0.0808849436425727,-0.654540540035541,-0.131308749053601,-1.57651669496772e-14
987.736,903.79,-0.217482347877451,-2.28290814799813,1.01484521346417,0.208792301367292,1.20943044200308,-0.217778038302071,0.0998439555634856,-0.283939705478369,0.533977983009313,0.36877777640611,-0.131836356390323,-0.098250421944542,-1.52100554373646e-14
986.907,904.29,-1.12066787324984,-1.37639319509729,0.0153179808250206,-0.355748155491044,1.97100072513479,0.045450792512107,-0.882154587162838,0.129797133292015,0.171803270300144,0.257068929601925,-0.235210014912673,-0.153858287516766,1.18238752122579e-14
986.057,904.79,0.430414964836866,-2.45112527514669,1.30250599076313,0.768546216356993,1.15093276578055,0.401093183986435,-0.364847498989372,-0.549884668286707,0.182347273776362,0.344106085829148,-0.0658736086147799,0.0710997493093052,-1.27675647831893e-15
985.207,905.29,-0.601369745564931,-1.46963949823544,0.644082600672127,-0.0804057986310352,0.201822562328306,-0.592618822247318,-0.226424501331023,-1.41081767054048,0.0853746823798489,0.481746574935966,-0.237270994528104,-0.469883057193716,2.39050316000466e-15
984.357,905.79,0.922871115526207,-1.65288416453919,0.534977092927232,1.34250756223479,1.30117086284899,-0.073480706642185,-0.610159598753958,-1.05810816567933,0.281005710479802,0.740821959264476,-0.0542780129571216,-0.359486574791702,1.48214773787458e-14
983.507,906.29,2.66238105602626,-1.10197112664032,0.798658850283589,1.51244158250284,1.01323493452842,-0.044363952814698,-0.243432065884127,-0.449193550722744,0.135706175536546,0.780880024660407,0.0541410248690347,-0.140456315551816,-4.66293670342566e-15
982.657,906.79,2.45220111268502,-0.477746445119303,2.01564561228843,0.462995091419927,0.818435783706248,0.0979630310778182,-0.355629163613195,0.602941630168363,-0.239007784326377,-0.721711787733539,-0.0951192742820886,0.174030950281993,-1.17961196366423e-14
981.836,907.29,2.70059054669692,-0.271960963306401,0.677937553419134,0.507962622664746,0.645813108161557,0.0848190031727223,-0.76319627614342,-0.123784289929481,-0.165689889142764,0.625990745631788,-0.512818717999593,-0.251101139183394,-1.90958360235527e-14
981.036,907.79,2.31550247387467,-0.219394731201769,1.43587462693283,0.516702621014587,-0.293237235520357,0.424516904215992,-0.761488284061712,-0.125477262666801,-0.384512928658816,0.130569583688845,-0.264875650450988,-0.226705365571999,2.16771045558062e-14
980.265,908.29,2.68820356890862,-0.253929298339919,1.07054169991217,1.13480010932449,1.08510702250468,0.824770230563091,-0.48312502295739,-0.209707149220511,-0.592201138406499,0.22052613610322,-0.235223810249,-0.191672649372856,-1.96509475358653e-14
979.515,908.79,1.78643471956073,-0.142612251653732,1.12136557134838,-0.0806830023641776,0.167842112209979,-0.138606334934119,-0.428324828498775,0.0697086587954674,-0.251017027985535,0.141969074490671,-0.259143174962773,-0.304084494464551,5.64825963778048e-15
978.649,909.29,2.26159337614408,-0.387516173794362,1.63459075173564,-0.237065174569698,0.612088765602459,-0.208835366815542,-0.0452578116761377,-0.378069317602786,-0.293462561199835,0.0495638457845437,0.0558999433947516,0.0337730607327385,-5.13478148889135e-15
977.699,909.79,1.63626247101481,0.388252166774108,0.559374996604012,0.109152846549689,0.0693273444082862,-0.301712729737459,-0.767833641856198,-0.496026208189792,-0.0887733495030992,0.525549217196081,-0.424938927768955,-0.550508151327073,-5.70030134205979e-15
976.749,910.29,2.58499595359877,0.160309103300749,1.12610713868215,0.185746720578151,0.142978049482262,0.207475677264928,-0.177972821207102,0.825460031229977,-0.767265596511723,0.00587818183727961,0.036053597196419,-0.0597599881845632,-3.3584246494911e-15
975.799,910.79,2.78917884901873,0.367098674676895,1.70774613449574,0.746421190546829,0.351520761921015,0.993258410900405,-0.187997604026913,0.523177806048325,-0.717857087445605,-0.624533720666715,-0.00535467332017393,-0.130518397483474,-5.71764857681956e-15
974.994,911.29,2.83805116800095,-0.224829884524922,1.20662012651036,-0.948900185987871,0.00228050860456666,0.104356665146742,-0.64678772187129,-0.510145811704761,-0.413097549037338,0.0709721967926897,-0.0592121080149897,-0.132313192207747,1.37737043992558e-14
974.294,911.79,2.45277746229306,-0.0939095740234161,0.585533878759683,0.121959562193021,1.05730573945065,1.28163290099355,-0.771092072449874,0.0993763813232205,-0.611183966705847,-0.213716031767316,-0.116433873151189,0.0844344920601235,7.99360577730113e-15
973.536,912.29,4.62121814671003,-1.02414199745628,1.02513146400096,1.43446721779475,1.9925490351461,1.13380304255248,-0.0947075185700061,0.177166169585294,-0.336328046599101,-0.0691136836302482,0.134568448871212,0.352560269148568,1.47659662275146e-14
972.736,912.79,2.03318237529936,-0.511757997087167,0.829638930893944,-0.598837009490599,-0.179844616487345,-0.279015894911008,-0.936537096094917,0.27359184490059,-0.333243975705826,-0.391910073505322,-0.127746482615061,-0.182098615056847,-8.52096171399808e-15
971.936,913.29,3.61778977268038,-0.878989748752399,0.299138624299938,0.603674896145854,1.21747982070722,0.516152773839139,-0.796795325128812,-0.316062818743249,-0.225215852742296,0.393990635844763,-0.0599403983007312,-0.124706747096899,1.16573417585641e-14
971.136,913.79,2.21212981165825,-0.58965920173883,0.704316766874167,-0.346035919893752,0.165152613592988,-0.753275588068143,-0.897692770835305,0.0879547959610245,0.104400233058637,-0.200903277200376,-0.116126430186782,-0.110570689452836,5.99260224776188e-15
970.336,914.29,3.4048301932442,-0.444785022908056,0.526827980247488,1.47972055716156,1.62252450385016,0.745447266186482,0.302398779538779,0.164710070570517,-0.827745238360819,-0.77203606526115,0.0489618162433732,-0.089361253535205,7.66053886991358e-15
969.536,914.79,4.17532873195361,-0.413129577947819,0.395828547970383,1.02642659346105,0.412787388007429,0.382511700854402,-0.811484992000635,-0.166801979880582,0.0370118844612434,-0.151922786670658,-0.238670362994769,-0.0846240902165925,1.43218770176645e-14
968.649,915.29,3.38874596369264,0.0712007515001882,0.167598387754808,0.83007866622461,-0.195367479417008,0.381655007974416,-0.639780776150307,-0.882082971976534,-0.0587200784308264,0.0311233496692172,-0.162875621169208,-0.05363745646185,8.46545056276682e-15
967.699,915.79,2.08461505171611,0.257959506809273,-0.159435168218238,0.0533727847482275,-0.332049662664147,-1.01985904047589,-0.261203917193492,0.0866912382386886,0.165874713594728,0.147539496825687,-0.171315601582951,-0.618035694699786,1.18238752122579e-14
966.807,916.29,2.31641784522098,-0.503586043423256,-0.476620218379916,0.897074609815936,0.20009846744698,0.305774453336416,-1.13951311162632,0.204620700498569,-0.00131832789194142,0.123205922869526,-0.444807620165123,-0.115067723396623,-1.11854969730985e-14
965.957,916.79,0.874235264287357,-0.243463425418483,-0.49109674284293,-0.519783791531149,0.521060014373385,-0.45242324471396,-0.806575841382029,0.0415307344595695,-0.237683016870845,-0.820329915278081,-0.250962880972112,-0.0220221539928116,-1.79301018476963e-14
965.078,917.29,1.12717612656825,-0.440716958352452,-0.294647936235646,0.853430256793817,0.416320559194116,-0.290964073659812,-0.796841600112631,0.129698342854297,0.160903904239741,-0.848591695854777,-0.0698979676204902,-0.11816409270616,-9.57567358739198e-15
964.178,917.79,1.59960302688519,-0.509535462734435,-0.618970208296543,0.558656352310492,-0.176261348418363,-1.14563172650536,-0.0502133341875001,-0.344402336144866,0.136512029758973,-0.0101317444563915,-0.0824993397343947,0.110092898301006,5.34294830600857e-16
963.336,918.29,1.22317808269836,0.0322140737390744,-0.660925498596007,0.172528240073052,1.10013614328325,-0.336406519846464,-0.480458342316193,-0.405135944421307,0.0566984372253139,-0.385655614590449,-0.296793558537428,-0.14166182918083,-3.80251385934116e-15
962.536,918.79,0.977950719234521,-0.0962938582736464,-0.619382220147799,1.28244541364938,1.40615171752645,0.421160343768296,-0.166837835838901,-0.304134609118509,-0.164170100117675,-0.270341224543553,-0.525767456133115,-0.0788466140963078,-6.88338275267597e-15
961.736,919.29,1.09847724272988,-0.140231999803812,-0.554402992739924,0.215389666388742,0.554997148880442,-0.675298664093577,-1.623660487336,-0.311389334326428,0.640352194907637,-0.300922652673168,-0.601627132587191,-0.163783162237131,1.50018886202474e-14
960.936,919.79,1.95942573459124,-0.521041828630831,-0.464803544318607,2.21896048500773,1.83001912800045,0.0843908953031929,-0.433376037982305,-0.192210898424652,0.240605611502831,-0.256585747556084,-0.599579472025151,0.0169329858495385,2.44249065417534e-14
960.049,920.29,1.24719720423632,-0.96122136120829,0.0730935423677108,1.30104206732716,0.000409828202404039,-0.759458107882559,-1.36304479661761,-0.631317821283525,0.760136970377963,-0.145393609131162,-0.79773848490538,-0.112663151454071,-9.83241266183654e-15
959.099,920.79,2.67582458329676,-0.877311851468984,-0.532068859051588,1.18740668496369,0.710091940039977,-0.718367801062053,0.0398345094078287,0.706049679306458,-0.0563704778481955,-0.487319492502832,0.103704957883192,-0.129219514922166,2.19824158875781e-14
958.236,921.29,3.42712013339319,-0.470848776208689,-1.09511874191411,0.446838538435629,0.805759111321278,-0.36080314701836,0.215854298996833,-0.577085317911284,-0.456451052316718,-0.400950727931667,-0.235524095076217,-0.105924672337005,7.21644966006352e-16
957.436,921.79,1.22874872048359,0.321401349882948,-0.613549880170914,-0.391538519775188,-0.14197207597511,-1.41733440981449,-0.231564536090485,-0.884065170533999,-0.153151284630349,-0.771941308066843,-0.478050618131714,-0.00432344806795663,-4.77395900588817e-15
956.607,922.29,1.56521280231247,0.250986136122337,-1.09741201107431,1.1993438989104,1.1452734137515,-0.497044792520382,-1.79021349270641,-0.0344893728717287,0.431031375254545,-0.0556361710492116,-0.211699844056363,0.113775838327841,-1.21014309684142e-14
955.757,922.79,0.411557170738147,0.16124725720369,-0.87042211374855,1.90316267092934,2.32428634724268,-0.603417094541295,-0.9018908887802,-0.36310025172987,0.13851524931664,-0.273625028201007,-0.2408590071354,0.0827343630969678,-1.43773881688958e-14
954.965,923.29,1.44940938906675,0.67124849011463,-0.271076201292721,0.965576257318062,0.891898140522469,-1.85499291087138,-0.225132305356221,-0.502925284851074,0.0895767197583852,-0.303904224324397,0.198913178758779,0.114872501727366,-9.45771239102555e-15
954.215,923.79,1.02033990063591,1.65861050564937,-0.32950868464342,0.787740234675952,-0.903940352228937,-1.02257507402408,-1.14116341829146,-0.940498483133471,-0.131627985547392,-0.657428065891638,-0.20541005545485,0.0185102273710639,6.0507154842071e-15
953.349,924.29,1.85433405912614,1.1287956376152,-0.0829474639187297,1.51514968209241,-0.0479072065790599,-0.788712515624344,-0.21201467384482,-0.193194555301262,-0.407228235875001,-0.668283096157864,0.0413877388714348,0.110204557912148,-7.62237495344209e-15
952.399,924.79,1.44760431411913,1.61436123730361,-0.648061859228376,0.448637250214756,0.38295455323362,-0.409714897654151,-0.0162148603308399,-1.03244965365536,-0.500340322432599,-0.758540740690482,-0.163100417108688,-0.229667169129818,-1.74166236988071e-14
951.536,925.29,1.2230406696835,1.30068170110577,-1.31921212102953,0.0987390809630124,-0.0823382496693734,-0.998000086113422,-0.269821987932897,0.123008004945576,0.156590847455167,0.00192712722498869,-0.0124242604968912,-0.169422945967517,-9.71445146547012e-16
950.736,925.79,2.32713275787493,0.469209628668938,-1.42362476870844,1.75854104306144,1.18352906625234,-0.132623328719223,0.219605382484105,-0.545892183963241,-0.0266652094650142,-0.184418085940644,-0.0579927597724549,-0.245081606110646,1.36002320516582e-14
949.936,926.29,-0.296729234810431,-0.53342407527284,-1.39601561835166,1.13273271687313,-1.01787955845277,-1.00361943645582,-0.181055071599535,-0.252825319376121,-0.181336828970261,-0.0618695812987093,-0.153605324073134,-0.269367375604058,-3.85802501057242e-15
949.136,926.79,0.906604915898067,-1.14086744258111,-1.41682280249929,1.12798067461443,0.489355575608711,-1.08010448420304,-0.224617444568475,1.37275965693283,-0.0695942445852331,-0.38018968057711,0.107978060265773,-0.521851812062365,-1.80688797257744e-14
948.336,927.29,1.08001972310522,-1.2084463903341,-0.932050122749309,1.86566992691442,0.769195927916462,0.00162718015598928,-0.347170590457201,0.230347569160367,-0.121820478710904,-0.981661523047988,-0.322126092123271,-0.701372892627474,-4.49640324973188e-15
947.536,927.79,0.930892636594607,-1.06059239098595,-0.582386380435139,2.06795653949388,-0.301866523236588,-1.31711770919079,0.81504122570049,0.607905020144462,0.272411181010968,-0.209325249278778,0.0388315576192508,-0.276243440002218,1.00771170921665e-14
946.678,928.29,1.89372460255453,-1.04663024651226,-0.351073986054946,2.46329142944961,1.53696243543623,0.00901972770933113,0.91817976683585,0.264039699189207,0.348452141813627,-0.495354338669667,0.254092806881473,-0.382902962924963,1.17683640610267e-14
945.778,928.79,0.761297116864085,-0.65437277580878,-0.978416340171003,0.733992798770017,-0.418024082213962,-0.772074965808032,-0.403261593743962,0.223127228100185,0.572881370498633,0.0900062517784107,0.0469527891612027,-0.539142175075478,1.77219350305791e-14
944.936,929.29,-0.569668328750531,-1.10318898974589,-0.862962712351063,-0.086024332909938,-0.345615964847806,-1.15359823834689,0.450719465838372,-0.558241596914442,-0.219051233685972,-0.240756808476992,-0.144715682603018,-0.376875088945268,-1.1296519275561e-14
944.136,929.79,-0.0280951533604638,-1.4493384447092,-1.50082102619719,0.576076408568564,2.69986436065717,-1.14085489479101,-0.145689300892307,0.678683871713172,0.516774133178328,0.141042588880283,-0.0587915182949199,-0.212705988807705,9.93649607039515e-15
943.307,930.29,-1.86103225636622,-1.5147519577712,-0.645501583000098,-0.296945758031496,1.29691144895206,-0.718206710651535,-0.282507976796674,-0.626365118967626,-0.23766607457628,-0.724133958733662,-0.608720039396939,-0.33564393632318,-1.40998324127395e-14
942.457,930.79,-0.44006637310863,-1.41770132683261,-1.477237469954,0.364444405705088,1.36648133657459,-1.16774603111515,-0.220528117261365,-0.690889070792632,-0.275884952509246,-0.606555683414888,-0.266536791271463,-0.445626291212348,-4.6074255521944e-15
941.607,931.29,1.4229450605778,-1.92988447321701,-0.651465469687377,1.25460107202957,0.916701340715184,-1.12670086161917,-0.159899216760605,-0.550147247275686,0.595955406359705,0.00234451519024121,0.0189307897972301,-0.348027420533174,-1.77635683940025e-15
940.757,931.79,0.559454554323554,-1.14508171981049,0.300022285685232,0.15044779979317,0.223372953412282,-0.805130369514301,-1.13212290514371,0.225700916550024,0.65790818264521,-0.869353095466866,-0.217890623144504,-0.140386194008718,-1.41692213517786e-14
939.994,932.29,1.68813698391663,-0.946312080438291,-0.795762330684688,0.656425047919654,1.08843395519505,-0.252212161315262,0.263253902986725,-0.233111487154469,-0.0373331336332056,-0.0773073665498567,-0.254002024498587,-0.209970603711149,-6.21724893790088e-15
939.294,932.79,1.82158104224651,-1.49056222807038,-0.284870081013317,0.424795514876617,1.01403334375126,-0.391838976416203,0.577964664312969,-0.069788905833298,-0.303624828551934,-0.235058931473417,-0.0191255970551313,0.0958845091223648,-1.99840144432528e-15
938.536,933.29,2.49752990258297,-1.11591158986777,-0.29847975314973,1.4690874511245,1.43156976363533,0.400410239440708,0.0765693843672077,-0.190198198928827,0.237837089172871,0.0714803000894967,0.13711671698058,-0.0701499228105107,4.44089209850063e-15
937.736,933.79,0.732520149369116,-0.704228988609972,-0.3540217298976,0.0651840305437482,0.579194723696842,-0.622278565823861,-0.288473869682822,-0.588900111523709,0.085544912942819,-0.106629999125365,-0.246500271570813,0.141249479094171,7.88258347483861e-15
936.907,934.29,1.80931895565602,-0.0761027137830852,-0.609873098363712,0.0136705017362073,1.09466579624214,-1.06816863943941,-0.633681869180633,0.219626251753969,0.50280849335253,0.0106626951431753,0.0737835551018078,-0.0515796971540632,-8.13238365537927e-15
936.057,934.79,1.19795287260186,-0.952545307025914,0.374751386012409,-0.36238827181302,0.959504997994068,-0.541042161313003,-0.830017531995085,-0.84002376961977,-0.107276861067555,-0.20601138002543,0.0748513327464071,0.0748883095439396,2.19269047363468e-14
935.236,935.29,1.48194821067204,0.377751702540867,-0.792013440669918,0.3629877422574,-0.157341148795642,-1.06546905585594,-1.56148063924247,-0.811984637860141,-0.0526023266552855,1.12250500010298,-0.13750384626686,-0.141684105897771,-1.61259894326804e-14
934.436,935.79,2.93489315712929,0.677944171958449,0.103852716635667,2.76268674842141,0.557560387490599,-0.398926408067825,0.197865783757078,0.408007823646283,-0.441146733920654,0.186340912192027,0.27270073945425,-0.0471861394132865,-3.27515792264421e-15
933.636,936.29,0.0364288295607315,1.80045929779179,-1.02130890968486,1.20220081083975,0.497419191301729,0.548019905906768,-1.06417640830327,0.370002495825303,-1.35022144020684,0.299344424447167,-0.00852475442006598,-0.107468107215438,-1.2490009027033e-14
932.836,936.79,0.689734261909136,3.80311539893747,-2.24487967955654,1.03200913750151,0.994847187555506,-1.71651809556237,0.778443862066725,0.712043583635171,-1.22405584813239,0.385435795108251,0.189172390187623,0.0192285970274098,-6.12010442324618e-15
932.036,937.29,0.885895531985499,3.60152932311044,-0.758795560342959,1.87195016514497,1.23670834388213,-0.817753209154373,0.336949140756283,-0.333588433563807,-0.409908266479771,-0.684398350865815,0.251360752614896,-0.119566620354754,5.88418203051333e-15
931.236,937.79,0.0598771637960256,2.09060519225677,-0.366696169592275,0.567528314485811,0.609698088825767,-1.68007708649096,0.566497208836853,-1.04012840931524,-0.554591917227081,-0.478687485206167,-0.175775257596708,-0.268805269961928,5.60662627435704e-15
930.465,938.29,1.77854002141021,1.89140892351724,-0.0807806904445819,0.055164192484783,0.399294512499217,-0.0209439886558268,-0.760266331620152,-1.1856946970536,-0.0540400532623005,0.166034882227426,-0.133606133135395,-0.388710082891864,1.13520304267922e-14
929.715,938.79,2.31030042096423,1.84827492749792,0.927536467834163,0.979176211932234,0.00945301271647342,0.260036267465607,-0.336549231126274,0.129721232742145,-0.198696265647874,-0.303642332356133,0.384311986368449,-0.0102270174013065,-2.02823868811208e-14
928.965,939.29,1.02401208844318,1.21497824123124,0.330774846556394,-0.620562831610374,-1.3940836030885,-1.13271087468077,-1.06197926652351,-0.36052379862826,0.00162263644417132,0.0599150366192689,-0.171536608977805,-0.335166039312312,-2.33146835171283e-15
928.215,939.79,1.94812657372135,0.22465961804951,0.753380369133218,-0.11865134835031,-0.527063460420584,0.519190426697222,-0.652126657398718,-0.39218566109607,-0.506916665478309,-0.207122010951755,-0.334196207035968,-0.135278514195932,-5.06712727332825e-15
927.436,940.29,2.07433516496499,0.0395371717472325,0.618507140192639,-0.315227274095181,-0.624632821579359,0.503530044222135,-1.37185661616951,0.133315377779808,-0.0201183684062795,0.24927182625015,-0.121694417534936,0.0493274316200253,7.04297731246584e-16
926.636,940.79,3.22443228354994,0.349241241809837,1.30718632879762,-0.184413810257928,-1.62104113744157,-0.945979768084191,-0.232853577816512,0.0255167586324648,0.500872161684455,0.148717674253806,0.352864512282182,-0.0203724383599454,9.27036225562006e-15
925.749,941.29,3.15436427147339,1.12666957631637,1.00172371498258,0.31065850134698,-0.356923414687026,0.797676690357785,-0.826549496068915,0.351125644454433,-0.127889599906954,-0.50959828112044,0.034471866638923,-0.372616921379941,-1.1220191442618e-14
924.799,941.79,2.98288318888821,0.797399703313319,0.841239280851986,1.04504301941297,-0.450989504356345,0.682916344051245,0.467170806767805,-0.447769583041223,-0.446801616653521,-0.109444734822508,0.0537686070062657,-0.17653736857281,-2.45914399954472e-14
923.936,942.29,2.34816115764165,0.719851186345285,0.270315816499662,-0.500712107405729,0.00582822394626908,0.81429876486349,-1.28957683328715,-0.366660530428924,0.0042106328962162,0.521928557488027,-0.201076043625324,-0.141666266387439,4.64905891561784e-15
923.136,942.79,3.0142216663672,0.815932521431208,0.959390463631947,0.439704119613242,-0.120433667237845,-0.0846426106094243,-0.426547391509386,0.254328865312441,0.611563405021987,0.126996782866811,0.116237014463502,-0.34862368212739,-5.78009862195472e-15
922.307,943.29,2.32964631159186,0.979421514528241,0.59073523834685,0.916190891179004,-0.371610095217636,0.369283859816472,0.168452455227583,0.00280259744418212,-0.320645746903206,-0.37917302993217,-0.148697222830455,-0.426735902420142,1.4363510381088e-14
921.457,943.79,2.96441945587949,0.353990648904817,1.00804603788445,1.13169770543403,-2.21031678223005,-0.0896315336721623,0.0176095457784871,-0.779039107958638,-0.00144656704179358,0.647313513826203,-0.103743847511895,-0.207972750742837,4.77395900588817e-15
920.665,944.29,2.74721715842234,0.32511152349114,0.972537327198853,0.864938438556337,-1.43685347506853,0.115762052637755,-0.196103097372969,-0.115637340154482,-0.15484380532973,0.0894740986300793,0.280984006231158,-0.0108806286783687,6.02295990859147e-15
919.915,944.79,2.03941391852474,0.785946887967895,0.234437679273966,0.107342224574339,-1.48501251360087,-0.630796793119146,-0.330258775155711,-0.587143942327662,-0.0674181534631849,0.254288933058489,-0.00172391204840603,-0.346119316352667,-2.05946371067967e-14
919.194,945.29,2.39125896610056,0.460173923496965,-0.236855979861726,0.134471285639006,-0.187469104357536,0.299663035677919,-0.871898384773166,-0.0688374535175745,-0.343556867529229,0.344014888166546,0.224107203336267,-0.149898413760502,-5.98132654516803e-15
918.494,945.79,2.54419562944591,0.479631444395798,-0.528697092625108,-0.299179916064885,-0.0586648865694596,-0.141248216106114,-0.686569305482934,-0.0464224165950589,-0.418492110791993,0.14414704025747,0.159351558793324,-0.155446066922921,-7.8687056870308e-15
917.765,946.29,1.97945410506674,-0.40803755736521,-0.16418941285496,0.21985253767985,-1.27840956115531,-0.189246766311205,-0.541217343210454,-0.23399153038391,-0.522327837932616,0.17677342265454,0.00783252901729682,-0.0232718531102153,9.07607322631065e-15
917.015,946.79,1.91238683192556,-0.434589203176298,0.0415989450867632,0.477663323103549,-1.15986607131978,0.63108836934922,-1.37273315612692,-0.258260622282077,-0.237057271688298,0.454537005839875,-0.133093594682278,0.138815701309501,-1.25940924355916e-15
916.294,947.29,1.41161392086882,0.281479891628241,0.393763838682565,0.671107259682267,-1.37630490176123,-0.23812856196416,-0.218684196711129,0.0582807271331878,-0.212796881676862,0.244614362935774,0.154657974986034,-0.134759412178477,1.25177646026486e-14
915.594,947.79,0.863967278237636,0.584495116020803,-0.242338689206012,-0.0310872556039926,-1.10354380995712,-0.840466076670056,-0.696601363079298,0.343363006567648,-0.142649945430371,0.406326532239398,0.119458049638969,0.211718659991048,1.54876111935209e-14
914.807,948.29,0.665085877733038,0.824277017114734,0.140031709338373,1.2890050642143,-0.614017321003053,-0.0767665512597622,-0.336745033334126,0.285653076686607,-0.446352787084501,0.00911561691181971,0.147743367056709,-0.0486521320494155,1.14214193658313e-14
913.957,948.79,0.427611511623121,0.162793510906508,0.572121676804944,-0.27246188701803,-0.755373437378576,-0.341695857570425,-0.700487835846992,-0.00225441576591955,-0.266292473513511,0.144299857282725,0.161464146967118,-0.165970026577947,-2.77555756156289e-16
913.107,949.29,0.490217729063536,0.0247494025018181,0.0247498114489093,0.355533883609321,1.05112687316304,0.587509098002141,0.385993137364994,0.583120028387779,-1.00085058496071,0.0674731471578912,0.2917204748024,0.125003075883329,-4.9960036108132e-16
912.257,949.79,-2.51449842576001,0.072563455001224,0.695541204457965,-0.590763359613699,0.164949271452043,-0.13925185325105,-0.919591085720415,0.262246216802711,-0.702411515494904,0.0327023800415834,-0.197642698158431,-0.182783661002569,-1.14769305170626e-14
911.436,950.29,-1.25298768973121,0.0161998354092497,0.467074704013945,1.54239300980515,-0.116553236043653,0.427628228494153,-0.170742008465502,-0.152296699771159,-0.786656173749935,1.25269294259142,0.0931778288110498,-0.107660389410281,2.66453525910038e-15
910.636,950.79,-2.55136915747865,-0.122761063833543,0.931512116570145,1.17788001045419,-0.412580077697557,-0.414108013713248,0.332941193433805,0.0663371263158362,-1.1315245056833,0.492057790356946,-0.0523577250683942,-0.0635816746962144,-1.73472347597681e-14
909.807,951.29,-1.69550933785371,0.663513430460564,0.537248824436103,-0.449327902491073,0.984320581416514,-0.229882183754378,-0.232670082524101,-0.134776340165723,-1.15224243394099,0.646613394595636,0.228237382928287,0.250775798177791,5.17641485231479e-15
908.957,951.79,-2.62868109393028,0.980384230523984,0.909137040659093,1.12325835056887,-0.384017134310402,-0.177894532784559,-1.17870638855298,0.776356962844418,-0.631507673418793,0.454141093799583,0.121664181169601,0.201385883548591,-1.20181642415673e-14
908.194,952.29,-3.39371163426974,1.75021609717591,-0.442119959567432,0.865605126820945,-0.115095430687411,-1.17658626178534,-0.227853680332129,0.385446330334279,-0.529796281807719,0.0926186498493817,-0.524210337520883,-0.729660075084199,7.105427357601e-15
907.494,952.79,-2.38074261510554,1.10454610142675,0.193300864625401,1.84670386619012,0.61640202978325,-0.214850835436937,-0.557263243245414,1.65102082882246,-0.0203520462529002,0.158822369089941,0.124649476135215,0.140374440550472,-1.1296519275561e-14
906.765,953.29,-2.69330724679741,0.244798793171811,0.538995878596505,0.788700137304067,0.321988368514689,-0.462025112561284,-0.437330899172654,0.333113209767239,0.453488771391986,0.0460610328753236,-0.415021510659318,-0.409902725011128,8.93729534823251e-15
906.015,953.79,-1.14820479019629,-0.805741292206011,0.968928854633076,0.451015927382072,0.905917041175538,-0.279908851984616,0.531981179755689,0.733125245375127,-0.236472436950928,-0.130627177068827,0.0353372234027603,0.17838931585079,-1.78052017574259e-14
905.12,954.29,-1.45676213594498,-1.71538059836042,0.839915752090738,1.29211260072393,-0.78805215237826,-0.496058706107852,0.113960509682152,-0.17324491095824,0.510688274632081,0.52105006559364,-0.399070583057194,-0.13203492714395,-1.41830991395864e-14
904.12,954.79,-2.4237177693483,-0.0601514635564885,-0.587815570928927,1.75865269117396,1.26725595440748,0.366342798592982,0.251901253189409,0.631418837618216,-0.503271810193742,-0.185631308705395,-0.423366463747878,-0.0745847129991594,2.22599716437344e-14
903.294,955.29,-2.76727286477684,0.591470590233057,-1.27674062019312,0.41482912182561,1.44446890775464,-0.474615760850762,0.333692531080841,-0.153650369383776,-0.439149432326453,0.0327272149053131,-0.618056088958852,-0.400137169211889,-7.7715611723761e-15
902.594,955.79,-2.08857044407568,-0.607985104299251,-0.831735753474041,1.43245960050171,0.979676076204011,0.409775116276843,0.510880882290341,-0.378970970282249,-0.510768978849547,0.577909581516629,-0.559400757484194,-0.309817312420845,-1.38777878078145e-15
901.807,956.29,-1.9125086312783,-0.610052679930511,-0.282744565634719,1.29621356838879,1.36527924943576,0.485814319582976,-0.0142187876976864,0.180857971059293,-0.079929761765283,0.140177253016265,-0.336639421208402,-0.485124567657592,-1.9595436384634e-14
900.957,956.79,-0.964957450597736,-0.451862158728601,-0.678956992810655,0.964474842903226,0.485762100288116,-1.93120357199926,1.22931140665942,0.952028191927028,0.425744149425624,-0.112451313049711,-0.0285490158075543,-0.268775674203351,1.91652249625918e-14
900.165,957.29,-1.53038602310958,-1.35257996533413,-0.493498001074024,0.805081973297559,1.3335509550262,-0.360573231511936,1.18690958149566,-0.0481853818784828,-0.579908635511156,-0.416503096823499,-0.398673096514616,-0.00127477319958792,-1.66533453693773e-15
899.415,957.79,-2.20825616977205,0.74649507504894,-1.05356562739548,0.560609117999409,0.918634945674208,-1.0569009002516,1.37780468156227,0.407868323717736,-0.300585987496708,-0.327626275553584,-0.720570896608939,-0.73474096384477,-5.58580959264532e-15
898.578,958.29,-2.04970715295899,1.25490390915096,-2.26273477059257,1.0392274517137,1.30825490273158,-0.176864005386815,1.21937196880386,0.145373439537556,-0.987131151479109,0.427265105853039,-0.615503572835622,-0.0611872250047642,-1.11022302462516e-15
897.678,958.79,-2.97168663177433,2.05934686573958,-1.86740269377749,0.199650583240009,0.946246422042126,-1.32745255216201,0.773694698336559,0.995082268181608,-0.219803789087648,0.247462900838937,-0.411225046758599,-0.434653047510151,1.14075415780235e-14
896.749,959.29,-1.21442713249652,-0.271385285169709,-0.29435687159712,1.35280148786111,-0.384021799886884,-0.442891831772499,0.00786589288123477,1.07249650248112,0.445424998280039,0.48291181418761,-0.232134087048595,0.0112152132237718,2.11219930434936e-14
895.799,959.79,-0.404147776462757,-0.892577248634486,-0.326743836222877,0.409511211946765,0.513319307635653,-0.128148868386489,0.607354242603884,0.694469269876032,-0.128831965590883,0.32106756416462,-0.134331766576816,-0.0124649899977299,-8.77076189453874e-15
894.965,960.29,-1.77204329757802,-0.552170468781455,-0.232272712307162,0.443460114831825,-0.951397373884925,-1.52286244608374,1.3243212699457,0.171194614553872,-0.917356951542996,0.23804661408952,-0.344575212571834,-0.299720002343618,-8.60422844084496e-15
894.215,960.79,-1.32494619977407,-1.5846690116616,0.710126834867347,1.09358699172019,0.494166224132032,-0.184312155774377,-0.0995586051900315,-0.222089574295621,-0.951056418598767,1.04555971856638,-0.0438458253700335,0.261294586035842,-1.00752739484733e-14
893.465,961.29,-2.36688629574691,-1.10595943537472,1.80584278791232,0.363645815251046,0.724697620660861,-0.000844389925765077,-0.956042537403752,0.747532397690327,-0.971711151735752,0.215852609199508,0.16254720546314,-0.0827021802809696,7.60502771868232e-15
892.715,961.79,-0.88378336579757,-2.33501756835152,2.82398953994184,2.41944196959866,0.676333232320628,0.0819798484789316,1.18543387813237,0.562111764283002,-0.995200904793613,0.391084114837256,0.657181997097046,0.0225318140610526,5.6621374255883e-15
891.907,962.29,-2.45338469837834,-1.55004688701008,1.64387372343946,0.824614847670092,0.163233787104081,-0.693138229887405,0.0874321105257098,0.564942547558875,-1.03271605048417,0.148455477046067,-0.156227869970772,0.00326878563774168,-1.95676808090184e-15
891.057,962.79,-1.00542137824205,-0.938475103185515,0.659310386707725,2.02346366971418,0.567174271848491,-1.03531762103201,0.458991459157243,0.147311077403488,-0.589660179821889,0.172242894117099,-0.200876535865632,-0.114182966065305,7.36910532594948e-15
890.236,963.29,-1.11022586527734,-1.24896331017311,0.0624195993078801,2.09197921572706,1.11395491619941,-0.378774632582269,-0.525911898531483,-0.852039262167751,-0.610704377955,0.150087590715546,-0.526059166789048,-0.0678824577099902,-1.16573417585641e-15
889.436,963.79,-1.58035602637427,-1.16771003301037,0.650586715047495,1.97789297155196,0.358536240396807,-0.0694557862188836,-0.731992793984615,-0.279737006711867,-0.363685832544472,0.113097363226248,-0.405004858415488,-0.282608911757692,3.08086889333481e-15
888.665,964.29,-1.7942987399696,-0.906173762998155,0.42456618084112,1.43787371918048,-0.763771057775748,-1.05453734708909,1.86588856446311,-0.155735091274133,-1.52050902477507,0.363842208084692,-0.00165490192988587,0.150532879340535,2.35922392732846e-14
887.915,964.79,-0.879983426433814,-0.802645513549508,0.674760818571906,0.993723688169266,0.880579606163397,-0.621427815007508,-0.53920438761271,1.09774801998718,-0.289663439130509,-0.664044541356078,0.00370554421857981,0.40966133092359,-5.74540415243519e-15
887.165,965.29,-0.579346845881403,-0.34638229404816,0.202108162839118,0.215751371753956,0.358114307756841,-0.820919413489972,0.39355935153229,0.506101972879901,-0.635880332263123,-0.658358145273069,-0.391400701900258,0.109738248724797,2.27682456221956e-14
886.415,965.79,-0.468993732393574,-0.254696291900981,0.12773823196878,0.124502650590442,1.3512179415662,0.012478224726778,-0.0608484613325218,0.805228199778982,-0.416268852179376,-0.190107139041125,-0.41919254205666,-0.151278959818712,-7.7715611723761e-15
885.665,966.29,-0.34073904015664,-0.172677252787914,0.719944462186703,1.83190717577022,1.94657946944441,0.315060140807135,-0.293049049570289,0.279928180882563,-0.105610144447621,-0.0241894148934881,-0.309899141760529,-0.0603998214591633,-1.31561428418081e-14
884.915,966.79,-2.65275612758947,1.84462519117914,-0.34278890097149,0.956861646279039,1.77211243695567,-0.0814699676054732,-0.28291862002371,0.406467783666188,-1.0215338211295,0.0226171912455238,-0.486599188505345,-0.32893945137713,1.69586567011493e-14
884.078,967.29,-3.00999622848821,2.34374187571732,0.399837049970633,0.882421057049163,1.20237349750227,-1.47583687279755,0.546605017338071,-0.457456468054942,-0.537840261030522,0.0252918930062338,-0.741798804373397,-0.583143279012887,6.09234884763055e-15
883.178,967.79,-0.2831544139407,1.17094593892472,0.428965903872965,3.29041724174244,2.60034225218084,0.266212667066007,0.0317018178861238,0.0195839713037316,0.204123924852101,0.672288395760146,-0.13960226947096,-0.155658661792062,1.65423230669148e-14
882.278,968.29,-1.59837354038904,-0.11714101022567,0.180937779510157,1.87982584855899,0.301377036855795,-0.585996917586524,-1.17133951308819,0.134893357611867,0.723815461374012,0.688258433700953,-0.158592975687913,-0.0858596516557908,-2.23120133480137e-14
881.378,968.79,-0.139725745004955,0.385070745626258,-0.0497965325181127,1.97992848081005,1.94762961683143,0.677388681709516,-0.373455034497094,0.840796712371362,-0.128518821691505,-0.219658254911606,-0.0955805874085901,-0.126715164501785,-1.33226762955019e-14
880.594,969.29,-1.63528480091988,2.48822850886359,-1.55865736002639,1.56836785228049,2.05940709356091,-0.226247626284035,0.499867310741958,-0.205865906200145,-0.231779980588944,-0.0475544495044173,-0.450742379760187,-0.128327917698984,7.93809462606987e-15
879.894,969.79,-1.81411457873956,2.07144868702436,-0.400892252041919,-0.644752936075772,1.8113199048817,-0.901287147636466,0.695274761439113,-0.556194511197654,-0.248713830786422,-0.812680842869053,-0.17085472933758,-0.058571189370542,-2.11775041947249e-14
879.223,970.29,-0.706106342017291,1.83683539497432,-1.29706419428878,0.927221760156913,1.91458145009257,-1.51940018335006,-0.0317346000679883,0.486230009029343,-0.0288148815853639,-0.944877968840435,-0.0551255923887602,0.442548105937155,-1.32949207198862e-14
878.573,970.79,0.802721530097998,0.39417129505735,0.419910408539568,1.76394357089839,1.85666358613035,0.148726114708005,0.744201572664548,-0.329764079351651,0.358211433157848,-1.04105668771518,-0.229435003872947,-0.373610793351193,-8.65973959207622e-15
877.836,971.29,0.685816930234502,-0.55194400977496,-0.0646775558524576,-0.415864113861496,2.05691038967064,-1.16149175889025,0.33375273684396,-0.227785400006669,0.322694508759517,-0.725856337918942,-0.160891973304948,-0.0631721349270026,-1.38222766565832e-14
877.036,971.79,-0.059599560465068,-0.676420661794496,-0.390966797617664,0.717640250097351,2.64140559974655,0.103596472076823,0.333869508219467,-0.488612241797957,-0.0641980835791345,-0.132069338384276,-0.379328664049619,-0.0842961510315366,-3.77475828372553e-15
876.323,972.29,0.00216846386491833,-0.655224626976426,1.00643065271128,-0.519252227284365,1.34578800292316,-0.625865692468487,-0.286966167569307,0.0790588109325557,0.636081390823349,-0.45415869272608,-0.0322333042105255,0.218728170640092,-1.82631687550838e-14
875.673,972.79,-0.267627753478194,-0.49386784440935,1.59505099752146,-0.0843653769462333,1.66751491219476,-0.938222729050452,0.830104105204551,-0.556136434680862,0.461100441224458,0.10828741845122,0.111381688234753,-0.130606266933972,-2.52575738102223e-15
874.994,973.29,-0.341196868649803,-0.5425556653774,1.36588310220724,-0.00984438424638817,2.10483340451573,-0.43749297893571,-0.027135109397005,0.176743064553177,0.363454668056979,0.464579050168708,0.214717174737508,-0.0911069823154188,1.75970349403087e-14
874.294,973.79,-0.748942420926614,-0.811245114410283,2.3777081417091,-0.40016255337975,0.890524405437827,-0.532782233071027,-0.255980192565355,0.839836992683082,0.187342385515421,-0.510728339373821,0.164070901026747,0.110649473673633,1.2717257802386e-14
873.507,974.29,0.403627750352692,-1.0337885844293,1.65560142727313,0.43243976853298,0.426230294982911,-1.11135124993496,-0.13482952802878,0.121982885472657,0.775561828101792,-0.139098037377724,0.231940669627874,-0.0649485666670174,-6.3352101342673e-15
872.657,974.79,1.57027431636887,-1.07034789166515,0.584718578522619,0.945729000772555,1.52290950723668,-0.722704407076176,-0.0747314721189063,-0.658242257717992,0.905587725488861,0.11168732108693,-0.18522450430311,-0.394136140315742,2.27040608535845e-14
871.894,975.29,0.983267298209098,-1.25676591181209,0.333956611980648,1.05890107499164,2.60904926850246,0.824727961150424,-0.704597913205576,-0.3414172240808,0.0285464593323299,-0.597114704082933,-0.0390974171403654,-0.0433752938818363,-1.88737914186277e-15
871.194,975.79,0.843849513547734,-0.848539548843388,-0.820958865572498,0.407811427849286,2.33062719942516,-0.508809959235806,-0.413893647925764,-0.366377210562876,-0.0050922818745025,-0.428797220196801,0.104635792379749,-0.268248867758192,-1.11022302462516e-16
870.465,976.29,1.45216220589872,-1.72967041110168,0.509394398882758,0.695797983047693,0.925852896858267,-0.456289835054955,-0.410328894234979,0.194531976477381,0.340819295196025,-0.437908401814435,0.0874576876244607,-0.150942658815537,3.02535774210355e-15
869.715,976.79,3.62657236080907,-1.36274685716824,0.938532491512037,2.06700181833613,1.57237471464375,0.198050698371855,0.766928893716246,-0.00466513143242925,1.0239281594853,0.588495645450389,0.587904434738754,-0.0368965584169089,1.7430501486615e-14
868.936,977.29,0.626744470910165,-0.266156188193792,0.816818430548522,-0.576619136133539,1.16566592500918,-0.688171397734989,-0.516678363551024,-0.334101852407809,1.02396358596628,0.0191354548078041,-0.0242496607278676,-0.884568386581112,-1.19765308781439e-14
868.136,977.79,-0.0283828379488802,-0.483240935486695,0.23236266776096,-0.0837433606050129,2.43839910847178,0.0606910391893751,0.516421799155459,-0.2621348485403,0.199694802140056,0.0887756201349344,-0.0818864322111073,-0.580974265633708,1.50435219836709e-14
867.278,978.29,-0.821769999351231,-1.04624103938652,1.03447206509007,0.196601511643887,1.03438335566348,-0.647041722190866,0.667843850144084,-0.215943836430558,0.581090930101123,0.0563140601049143,-0.289763022818548,-0.301361822813471,-1.25871535416877e-14
866.378,978.79,-0.846445282218379,-1.56148915131028,0.919203718567962,-0.106305416660147,3.12298443548068,1.73836250440794,0.275665754770215,-0.100466342920598,-0.217545710823566,0.00229607457595424,-0.423664091731626,-0.0916692022004607,-1.32116539930394e-14
865.449,979.29,0.406830292492288,-2.34881343493121,1.58336633011285,-0.0111033386569546,2.10798640516322,0.472869459869856,-0.0451694786321791,-0.144527850551055,0.930018811578507,0.23376788169634,-0.569395734619867,-0.38669601594483,-2.38697950294409e-15
864.499,979.79,0.0334174168657588,-1.77036572536199,2.06335935296713,-0.574109969952804,2.64176697253286,0.412214954045887,0.384536862874896,0.734311376708496,0.667737621130905,-0.405705411634344,-0.53428695029603,-0.0751955067665407,-1.08801856413265e-14
863.636,980.29,-0.228386184637408,-1.74244177924405,2.59805165758542,0.209861976262477,1.94824334125162,0.16822749229159,1.03412443065684,0.319412341659252,0.726318141724723,-0.336309290134522,-0.713196584334456,-0.317693234450702,2.27595720048157e-14
862.836,980.79,-0.0166136923996195,-2.47675206138568,2.91601459428622,-0.309540006495281,2.58464417547079,0.242355717296341,1.25123193940396,-0.407513301014206,0.626524753034136,-0.188543006603084,-0.621267249629412,0.0996164408456872,-1.33226762955019e-14
862.123,981.29,-0.6561381056359,-2.06314584034509,2.67187538588833,-0.489128165087114,1.72495353262509,-0.944312362131287,0.787281252164295,0.438046821235923,1.40778785725154,0.20426700759962,-0.539010266188932,-0.397870782454977,-6.30051566474776e-15
861.473,981.79,0.272046583474295,-1.69726766240032,2.66426995877027,-0.0348052025207017,3.38375548601968,1.10400418540662,1.20511453175666,-0.923907398430049,0.461155886322432,0.0341464176792486,-0.652351660974231,-0.299654186331784,-2.88657986402541e-14
860.736,982.29,-1.17639311005671,-0.232902440985049,2.86547979111325,-1.43257087797281,2.50204545909328,0.309568576370722,0.000242657650749209,0.694363188105202,0.530300755404759,-0.442655792440093,-0.499034379558903,-0.700655140416294,-1.16018306073329e-14
859.936,982.79,0.528317278425274,-0.816894829373353,3.43587100858402,0.408718919563338,1.13372497115132,-0.737666077237226,0.725724467711843,0.0697864809577738,0.816702573439165,0.201753111658161,-0.502925208958046,-0.0950102740863829,5.50948175970234e-15
859.194,983.29,0.428954509518366,-0.177939431752309,3.48133605038474,-0.0775600020019035,0.920770958141609,-0.571474870790385,-0.0238693010432837,0.0839746362309208,0.584592708235041,0.164631801630547,-0.147519876404933,0.299360590047084,9.66154239945283e-15
858.494,983.79,0.682692515828555,0.679476625113796,2.45052937161296,0.426009860375125,2.14351506677934,0.0990957155903552,-1.28297233822731,0.361702834973715,0.733913618802116,0.409087831202699,-0.493957043446631,-0.285707329406691,1.79301018476963e-14
857.794,984.29,1.21117190442761,0.230342097535307,2.97420495376008,-0.512061679777477,0.685163616081654,-0.789996159673697,-0.126855059026676,-1.19913933008972,0.250705671838855,-0.0314699055227845,-0.723241898768838,-0.10132930652356,-2.34604002891103e-14
857.094,984.79,2.90352700234262,-0.486105136774713,2.74598345343377,0.223822140203465,2.48858308824504,0.972040080736859,0.174133900324002,-1.32179275572943,-0.11685381576462,0.00462855867963174,-0.436545988358861,0.266479597141995,-1.60982338570648e-14
856.365,985.29,2.62251173306953,-0.387967063456147,3.09337867806573,0.145830541898924,0.752594611172699,-0.150076541947491,-0.0517646355293901,-0.0678470367533569,0.406446347910554,-0.502128168155237,-0.288784463232383,0.118565221859566,-1.6153745008296e-14
855.615,985.79,3.29992893471122,-0.234054738266276,2.20245429816685,0.72723746002586,2.1542404588001,-0.3511860428188,1.72589740153973,-0.374449037064325,0.455618711613388,-0.131416353306467,-0.170285135007716,-0.0703220130815986,-2.93653990013354e-14
854.894,986.29,-1.75303162730708,-0.47856092443142,2.23404345794879,-0.379129234840636,1.40267468594018,-0.231456866009371,0.646345458751302,-0.222772987390859,-0.173268867963504,-0.771594406874346,-0.94318847511402,0.031416478280589,1.91929805382074e-14
854.194,986.79,-0.00845438470775495,-0.364752228532446,2.7960327407336,1.33054899260068,1.80687384227063,0.117159127006996,0.461509119626418,0.119012005586836,0.438919003257581,-0.884272750985385,-0.732081637936632,0.189398733864486,-5.77315972805081e-15
853.465,987.29,1.7977043693061,1.34148278606692,1.84620582041181,-0.27185197460887,-0.3544521297445,1.01589244502662,-0.651002902692057,-0.0737845498355044,-0.345510214041655,-0.719455192043649,-0.361694175836299,0.214809855746886,-7.30318583386236e-15
852.715,987.79,2.80104463106613,1.96979798181915,1.09863829371814,0.546529842515704,0.38568115247361,1.00199889118397,-0.774274063060373,0.199929970121887,0.119208242375114,-0.276310481102927,-0.291860582757448,-0.255730315916793,-1.60982338570648e-14
851.936,988.29,3.01489973135027,1.63023326929185,0.651835705601126,-0.109043345451929,0.229918626562907,0.0877502405509692,-0.550564248470578,0.0126747120450714,0.296892085429908,0.29438163566251,-0.354547513740601,-0.613455430091427,4.98212582300539e-15
851.136,988.79,3.62039791962297,2.02830933516838,1.08458026035077,0.172824236161191,0.335289491423632,0.67701022957624,0.214071228531883,-0.082824604949195,-0.0921167713328707,-0.317924087136075,-0.435694111381174,0.225965632628757,1.21569421196455e-14
850.336,989.29,1.94720468739905,3.64348836835244,-0.0806802517673896,0.238174923306163,-0.0954744944774726,-0.00998613108982147,0.269270516719518,0.881204611910648,-0.382296046467866,-0.522025413988087,-0.347559362012115,0.0693087419275269,7.93809462606987e-15
849.536,989.79,2.57136127758248,2.59385621069293,0.680659291929594,1.49745977613959,0.109643834345807,0.538504376688278,0.0777594343149336,-0.282035896964687,-0.0752318969828464,-0.375836528030429,-0.425077782107323,-0.0729946563624008,-9.75608482889356e-15
848.765,990.29,2.95993050348531,2.62295629878581,0.535959117589324,2.29065986832288,0.580149401438092,0.539153579023041,-0.186118174308418,0.0258557322113283,0.439108898935968,-0.331362654124962,-0.174900868926151,-0.071342744011502,2.22044604925031e-16
848.015,990.79,1.4415092022043,4.42376906108689,0.334973203150744,2.50989398518925,-1.16257263368903,-1.46322284334707,1.94700465113391,-0.703144367141058,-0.0402595554998275,0.0431500324730556,-0.175253670675379,-0.441214174202157,1.49324996812084e-14
847.12,991.29,2.27509489720439,5.21251097543825,0.181056252848524,2.50231497908187,0.133380106403982,0.41976873664178,0.0774343187627987,0.813305620962318,0.14800168800031,-0.584239897391807,-0.123420484282444,-0.221234819650049,1.7430501486615e-14
846.12,991.79,1.78787368146895,3.80011437054411,-0.337949032657583,1.17696433498156,-0.0903929876134915,-0.149064992615453,0.2160785069733,0.294559725425056,-0.219017370126657,-0.053944416773782,-0.506242559342216,-0.105285334451377,1.18585696817775e-14
845.323,992.29,2.4430701114748,2.45796290636942,-0.235986660287108,-0.00259433225032213,1.06316946864872,0.631099598101981,0.544937808114938,-0.53111439389783,-0.554132265422516,0.0710355115529727,-0.561435846532428,-0.116014624418813,-1.49880108324396e-15
844.673,992.79,1.02831566127939,2.31598985427763,0.679435757260972,0.747614844437322,0.613865649291464,0.851593935732962,0.859101658271596,0.35736081687162,-0.137920520977131,-0.696604440918855,-0.486591212666133,-0.666967201591246,-1.59872115546023e-14
843.994,993.29,1.97979771349097,-0.681051167439524,1.68379432576772,0.265752753712187,1.95170212923708,0.848585115439874,1.12603741309265,0.171017207954688,0.452075547956841,-0.0996346158075026,0.0542701680603135,0.111664018298032,7.27196081129478e-15
843.294,993.79,0.213926898353997,-0.651396617996725,1.42566884367712,-0.257800414232045,0.460361148780765,0.856243808221539,0.982228004660336,-0.511279214186241,0.0352417845143343,-0.2201328423712,0.0184389675437534,0.145108120241996,1.91791027503996e-14
842.594,994.29,-0.970825570436298,-0.218932450068437,1.38960020699424,-0.095688162097818,0.18852729247446,0.300261269783714,0.307773878820019,-0.00182040051673094,0.363051311801222,-0.305282491975148,-0.149124335307972,-0.120390297412113,5.62397350911681e-15
841.894,994.79,1.18833447112499,-0.466481280187281,2.14596442765369,1.81241726813918,1.02556819835821,0.198479476737117,-0.218811960657007,0.935876724305538,1.45976092820552,-0.160470056063626,0.205446406020046,-0.160229827794663,8.68749516769185e-15
841.194,995.29,0.00779674922231829,2.23240737527019,0.261552769978888,1.26838720036712,0.84581388319427,-0.0493880347319102,-0.202260888592742,-0.159844400169322,0.508598814380464,-0.276769780485346,-0.413109866577531,-0.354112238678372,1.13797860024079e-15
840.494,995.79,1.2783896952312,1.17710795646014,1.00733528351828,0.716483661401299,0.618108107286743,0.452664920161377,-0.141427041881396,-0.328257038333074,0.464459640760971,0.262818848601849,-0.597666519995288,-0.108350039620104,-1.95121696577871e-14
839.823,996.29,0.331027781953232,0.918226981975096,2.7459998591384,-0.661769152203695,-3.06958147763185,-1.00872251723019,-0.73615409935588,0.943865972881573,0.502423988722897,-0.235746108990628,-0.194891577873808,-0.175243288728912,-1.17683640610267e-14
839.173,996.79,1.38522971853984,0.159074379035897,2.08418691261676,0.105188135142565,-0.752183479868515,-1.25716691255748,0.829348400779522,0.732076569607169,0.189417553216616,-0.2813065125737,-0.138605516465213,0.0945181620360742,3.88578058618805e-16
838.494,997.29,-1.69456291699065,1.3159049886313,0.374770499191932,0.512004957679607,0.654188437808113,-0.789591078200956,-0.877470763940591,1.07639931669644,0.0900397772153923,-0.0801309568428852,-0.745141136599508,-0.207008002194019,9.68669588985449e-15
837.794,997.79,1.23334937502312,1.85819736688382,0.497107204104618,0.863502792908132,1.05050076999256,0.0887526941576085,0.164739175313873,-0.131791805979125,-0.279926302626033,-0.0629625917352871,-0.159332513757649,-0.423366239325638,1.48492329543615e-14
837.036,998.29,2.75339918153239,1.86300822621318,0.845564172346308,0.592282044763898,-0.244606628351695,0.540568198017536,-0.856670340259215,0.147614978391401,-0.0415880086106508,-0.158794461594222,-0.11217042081225,-0.0489265761295306,-3.79557496543725e-15
836.236,998.79,2.57811562919851,1.71272694138734,0.733176990787044,0.810012169501646,-0.167945358861087,0.916409979852805,-0.148765086332398,0.446735570000606,-1.24746385541682,-0.576617609424497,0.0901935630347123,-0.150238372588263,6.32827124036339e-15
835.465,999.29,1.28694587666854,1.71887273937386,0.391559972508027,0.0995706178226977,-0.411815208936406,0.524350205865998,-0.98364368468081,-0.125921883566158,-0.884375726604109,0.000765241080784997,-0.0717652640591114,0.112245766196353,-1.62578284168546e-14
834.715,999.79,1.93291803070027,2.31426370910159,0.394749979745159,1.55296707440005,-0.326164484162418,0.711583887540578,-0.223383312375446,0.542482864825263,-0.307537614596529,0.258889436311247,0.228104541936595,-0.14364879440619,1.16573417585641e-14
833.936,1000.29,3.15854670964723,1.70796283668709,0.878738544401929,1.72352651753895,0.132523648836399,1.30737402874127,-0.272116759605023,-0.234555463719361,-0.205972356609532,0.397870018441341,-0.068869885997758,0.0905082395294475,4.9960036108132e-16
833.136,1000.79,3.49405804794527,1.81925918740598,1.25935899814852,0.920121122879744,-0.72439533653548,0.363165751154644,0.037415853306391,0.235694256818581,-0.0405276819647744,0.279625722971932,-0.0911694077512247,-0.187780353926401,1.80896964074861e-14
832.423,1001.29,1.95042996614296,2.75155531940832,0.445397499144013,0.494629572205029,0.120492572111845,0.424846664949605,-0.788240833884485,0.183581417041055,-0.247830883243094,-0.286505943870083,-0.619403902869542,-0.0134562427227084,1.54321000422897e-14
831.773,1001.79,1.80865303561806,3.09989228644297,0.658970812701389,2.33589459850035,-0.634488588541536,0.732175109037224,0.490282815564043,0.414255716559766,-0.161983725706701,-0.25361371014606,-0.331864518518393,-0.244689892666337,5.70203606553576e-15
831.094,1002.29,2.51046497745701,2.89587697078941,-0.69919558109105,2.18215823373357,1.3175810979626,1.89518220686136,-0.968838212743114,0.683089548641163,0.0343133582017801,0.479199622899558,-0.557751693105435,0.224379368241272,1.0547118733939e-14
830.394,1002.79,0.779724263089292,2.25770070875881,0.708204990944148,0.702448764176184,-1.34232996101046,-0.0524900540119877,-0.198876282065742,0.87737591921224,-0.00254807021636611,-0.46526006552437,-0.458828542240516,-0.0522914288293185,-1.66533453693773e-14
829.694,1003.29,0.925938028965237,3.34515998213541,0.741283484262112,0.847653381955344,-0.817799067690091,0.435253580420188,-0.203963113797857,1.2906319270049,0.4457269312132,-0.655176792258484,-0.41074870207788,-0.198293292454379,-1.21291865440298e-14
828.994,1003.79,2.10753290398686,3.37414397853256,0.663662227231091,1.36569628138091,-0.177555390517488,0.127640943943236,0.653009806997008,1.69523218640385,0.71059926967824,-0.200226962116283,-0.00757230272152204,-0.212006685436041,-4.35762537165374e-15
828.294,1004.29,1.47140770206563,2.11496022407555,0.621201490169151,0.10430185213649,-0.648697730894253,-0.708639079560047,1.40516505659623,0.62452113373335,0.687810656171941,0.173459696497318,-0.0902891302004832,-0.313707736193523,1.79856129989275e-14
827.594,1004.79,1.04200805251702,0.828061853137087,-0.0752043621759941,-0.164781346305078,0.10678155761679,0.898961702130889,0.813087602074401,-0.341618218749384,-0.190048040537245,0.721178320383577,-0.390978406267847,-0.236101608745918,-1.11022302462516e-16
826.836,1005.29,1.3429408517655,0.672711857913035,0.478801777406907,0.57837691653188,-0.859786504280057,0.734818190248321,0.279602644272099,-0.111837048241419,0.162662253319155,0.332240087477769,-0.524224956867718,-0.127558361593443,-1.70419234279962e-14
826.036,1005.79,2.46681028597007,1.74305959787351,0.463577094259296,1.92510782197985,-0.451220993452921,0.547290781704337,0.860677872076991,0.217801599413848,0.422270329206929,0.0498513951258031,-0.332249786788349,-0.280967091278003,-2.07472927726826e-14
825.323,1006.29,0.558507562401362,3.20039843611743,-0.795007915421119,0.700105055255061,-0.115441148459953,-0.0866785201369305,-0.544832225389159,1.16251969747179,0.347257846154489,0.381904709664668,-0.238814284293603,-0.258752356913137,-1.19071419391048e-14
824.673,1006.79,1.46675850710455,2.83235016119177,-0.0152088070470858,1.96225185041086,-0.724631178027213,0.234930902337297,0.592966455634315,0.580982999861946,0.149883254689723,0.325270598120557,-0.25775363339501,-0.0798426841484555,1.1296519275561e-14
823.965,1007.29,1.19966035692973,3.70260045689484,-0.620189163543814,1.51771726226716,0.141583804427325,0.0811422943213771,0.320315427569849,0.808092835790546,-0.20936930464868,-0.35257877931004,-0.0827046905894085,0.0234506646337957,7.67441665772139e-15
823.215,1007.79,1.61350885753937,3.89670773672794,-1.17115633191657,1.66494159033796,1.59784177849392,0.612430468654619,0.159931111515655,1.01395219126392,-0.287082358717887,-0.00375131605311212,0.0223137340535693,0.46186514621871,5.82867087928207e-15
822.465,1008.29,0.322169252800907,4.07490326605429,-0.470340638990029,1.78579518110521,-1.26181825276147,-1.11627984075227,0.690648637085206,-0.253647439581835,-0.100665623745733,0.047109209692456,-0.380941590165418,-0.0996530140999799,4.21884749357559e-15
821.715,1008.79,0.627555854756087,2.62631540284047,0.202681228959945,2.09748032581388,-0.571883730150656,0.188460166261341,-0.707782663957123,0.815631396285279,-0.20734658134669,-0.370811924518794,-0.0614195342167816,-0.142802654870852,1.67227343084164e-14
821.052,1009.29,0.316398386652707,2.61601078477551,-0.824664166055746,0.487718435563777,-0.034933445327916,-0.0137889235525592,-0.434876600547602,0.446036362689458,-0.615769841442641,0.156686123319062,-0.108832391980296,-0.170808690050271,-2.28914109889899e-14
820.452,1009.79,0.303057382370842,3.19005017119165,-0.47632426398078,0.382318009427607,0.022886004523391,-0.161093485120893,-0.794212597721794,0.942575519119697,-0.42812388410748,-0.325129975295974,-0.0549650223968465,-0.0501701208758077,-1.80411241501588e-15
819.823,1010.29,0.34543521346346,2.90260997039691,-1.09073564382632,2.57042034606115,-0.452789930764375,-0.516298208988619,-0.878117409649699,0.679482081520829,-0.729391153270214,0.525822216116742,-0.277779403631043,0.00359507610338981,1.00544572667616e-14
819.173,1010.79,-0.617863777382789,3.56255924439723,-1.39461528641426,0.739837799936688,0.0154675114500111,-0.278060899621359,-0.243798416557411,1.0234138434301,-1.77180022946587,-0.370650861076874,0.0353244811986114,-0.413149655703246,-4.30211422042248e-15
818.523,1011.29,1.0297361729394,1.63349034102343,-0.15393310356008,0.00293890456200635,-0.466423951838961,-0.846456014986442,-0.426281681752486,-0.0476345235427502,-0.668849403644452,-0.171727574275459,0.210122555935446,-0.30225833903437,-9.18709552877317e-15
817.873,1011.79,2.89156750965889,0.406674680997397,0.787524840987083,-0.108559464515747,-0.253581836527266,-1.51564830067468,-0.206325459266572,0.556212035094097,0.0524755635656961,0.0438557839737682,0.423439382540966,0.00782987741629604,-1.49047441055927e-14
817.281,1012.29,3.55906811254708,0.467604837679052,0.734196597230646,1.64889952103408,-0.471694519840896,-0.460652312773143,-0.0946647155944891,-0.456043085195231,0.0586765514070759,0.559130310687238,-0.00864236075097592,-0.077525689801613,-1.90264470845136e-14
816.731,1012.79,2.0429901153867,1.33839355919271,0.437402723120864,0.614581725696241,0.898025609675095,0.648419710846954,-0.637448269191333,-0.592964854489396,-0.564668303062419,0.220141122363313,-0.153542344443695,0.349088857372944,-4.38538094726937e-15
816.152,1013.29,2.09608327870614,0.987596762405259,1.70783744889411,0.736550273508045,-0.61598856140009,-0.180384898544432,-0.462261727683413,-1.05822747727595,-0.0316393434175085,-0.113047909695455,-0.243240876222904,0.276015645071169,-1.34198208101566e-14
815.552,1013.79,2.04041130999673,1.30947362803701,1.28115942649232,0.444839371527279,0.181869873832932,-0.246857461442183,-0.0744646249150691,-0.0383611017996043,-0.235430944192358,-0.16575043635975,0.115634963108865,-0.0710942437755569,1.62387464586189e-14
814.952,1014.29,3.30937312926056,1.23035098249402,0.83031704091745,1.163134654556,1.30248799710613,0.89267309090583,-0.742976116435854,-0.267585723795979,0.0421109511732743,0.00140409670107346,0.0405980180776566,0.0329054519301025,2.88657986402541e-15
814.352,1014.79,1.53440526221292,1.36735833325356,0.97339137167227,-0.440324945392996,-0.457947684469188,-0.85712681146186,-0.4051477887025,-0.490045922998755,-0.269964205947772,-0.0390844338235768,-7.32081751893786e-06,-0.0738881733301518,-8.46545056276682e-15
813.694,1015.29,2.9371744255841,1.08229478201098,1.30429106045545,0.830978519534348,0.172805586610406,-0.915908962554275,-0.549070370741856,-0.0211243153938897,0.301777449830786,0.0258252050705957,0.0828793808644306,-0.128375939550557,-1.01932351448397e-14
812.994,1015.79,1.87668812529161,1.77889585115389,1.27391345396546,0.875252063894567,0.00909538710097896,-1.03229337905576,0.0283708484893009,-0.484906836959034,-0.119248470068692,-0.332244610167904,-0.129279904844752,-0.202429579000628,-2.49245069028348e-14
812.323,1016.29,2.95010971765706,1.87879043320428,0.677859202367218,1.48705885982094,0.920424848928288,0.13819892427747,-0.639330988900758,-0.558327202941158,-0.180194882049241,0.0315257495730482,0.038028324343416,0.196275685721461,2.06501482580279e-14
811.673,1016.79,3.09033455368464,1.39195057740366,1.16474317487727,0.960533104942606,-0.715929168567158,-1.59576941698718,0.226053074410859,0.165561916788361,-0.278964578050916,0.499163782938343,0.432898317631431,0.0985957455754862,-2.77555756156289e-16
810.965,1017.29,2.13119258121414,0.814660093380983,0.889270758189956,0.617419506645407,1.45349862192866,0.696472167719327,-1.26904655239441,0.0595516319981738,-0.676318546725756,0.338720264804461,-0.147312795650118,0.319071857716422,-2.94209101525666e-15
810.215,1017.79,2.09507852693719,0.679450030227074,1.8630851637139,0.279139173056402,-0.375687103163652,-0.322281926393232,-0.667741025111807,-0.158839694667212,-0.187865208786911,0.324162488719608,0.154677064690263,0.313892790726534,-2.02476924116013e-14
809.552,1018.29,2.24586123074503,0.770535550551515,1.83871816474795,0.172576236376833,0.624541062453146,0.737411027834999,-1.49282708426055,-0.887363998973191,0.00608762066552131,0.0406193398613315,-0.275992827323533,0.0722519482724431,-8.88178419700125e-16
808.952,1018.79,3.49899057233443,1.17240098742934,2.12886574262693,0.607315315049353,-0.617767803505131,0.0956000413250576,-0.257868935089758,-0.432307708659777,-0.278124301813677,0.278474450351415,0.112510655419941,0.314666930026591,-2.28983498828939e-15
808.352,1019.29,2.44200829896494,2.53245947494585,1.25087210307285,1.48266076403288,-0.229068214707828,-0.397833669700989,0.0368834499049748,-0.112559121429385,-0.0840105882513999,0.605270942167704,0.0827737989884567,-0.0860334721955768,-1.59594559789866e-14
807.752,1019.79,0.834760283414443,3.5377456866537,1.26877652848622,0.560371658677182,-0.0271259449673118,-0.884428701493279,-0.00626669547764165,0.211630683944464,-0.384545931456621,-0.468990432558196,0.187777113122217,0.28387179381411,1.21014309684142e-14
807.123,1020.29,2.53317665547971,3.21408833968148,0.732616735925183,1.63743158873784,-0.0954672369209285,-0.422493740389961,-0.197870943107105,-0.0884200001746886,0.019782467112736,0.581757546180523,-0.24221505053254,0.193239739190761,7.23032744787133e-15
806.473,1020.79,3.35805931011713,2.14284140695306,1.87808016630369,0.51231007418197,0.55784495909946,0.190280594309181,-0.716706392152252,-0.191696355963176,0.106331763670044,0.271811930389493,0.119792038538252,0.227255955665583,6.39766017940246e-15
805.823,1021.29,2.06726180853501,1.76043953249405,2.28728890890646,0.31990288349102,-0.218789670737379,-0.0759447461653316,-0.0907899090212367,-0.0374830911657189,-0.202882783405661,-0.37396549463626,-0.177801246939486,-0.268605367986516,-2.00534033822919e-14
805.173,1021.79,2.18842767594665,1.03313097416422,2.24871182685705,-0.23615182934485,-0.905373298122145,0.188024016703455,0.224830891147011,-0.317667594048341,-1.10635847305908,-0.140450156638973,-0.00609863384090766,0.286476953239153,-5.02375918642883e-15
804.552,1022.29,2.14627186695467,0.8521926337116,1.63200433834886,-0.119376827211475,-0.296821114770881,0.364170170109895,0.226537951386379,-0.644779774367485,-0.81711970809131,0.913004331931488,-0.0206070592520089,0.139267912869582,2.19650686528183e-14
803.952,1022.79,1.68870252854484,0.777710890088313,2.50250910482837,-0.0131500845809491,-0.202522887546926,-0.0478864257535353,-0.363220115056771,0.490597139697689,-0.363735871382281,-0.144109646042259,-0.0746624834081851,0.202814071389098,-2.13440376484186e-14
803.323,1023.29,3.54094668324386,1.21164442055034,1.20683859631258,0.870822575255584,1.50024944505046,0.0507720946612396,0.150998960345609,0.533489916877895,-0.0163918891127983,0.748451109882034,0.207786395403338,0.130122555851333,-2.27040608535845e-14
802.673,1023.79,3.51920020924939,0.942731320514428,2.42030896124243,0.271092840751348,0.297676683954796,-0.180216930334779,-0.379423169494416,-0.221449990189862,0.645739240258915,0.457025101016024,-0.0514752557957979,0.0299878512532614,-1.79439796355041e-14
802.052,1024.29,2.81647882944765,1.48602380770581,2.60213890005161,-0.293453710978571,0.246568377253383,0.0491339011107182,-0.0105343357033546,0.144089498225456,-0.0122826279076549,-0.499779899997419,-0.0943688001385865,0.266192699459988,4.70803951380105e-15
801.452,1024.79,3.43971218847552,1.32250616284382,2.05237503359265,0.350553860726513,0.630626678663903,-0.303770024740948,0.117265811308979,-0.645377083552139,0.29558414484891,0.23903288837602,-0.0262873272381402,0.253415838400007,9.61730695081542e-15
800.881,1025.29,2.57579109190092,1.8578006836452,2.54671415001276,-0.451313409271412,-0.337924829591359,-0.514956668446696,-0.0883525540626767,0.305596959153311,0.249869235617313,-0.58810389669493,0.121179072945599,0.0320733007410467,-1.16573417585641e-14
800.331,1025.79,2.79631531398423,1.13152311141616,2.01760630654916,-0.596369352115479,0.762064736785923,0.16462302229843,-0.694338503417644,-0.276807570728999,0.457149775994454,0.33225127729654,0.100177220619508,0.395919638134375,4.32986979603811e-15
799.752,1026.29,2.30889421583865,1.26430848232059,2.22213722403097,-0.796624678225433,-0.523978736885672,-0.291930166082423,-0.709017487803861,-0.690133508870917,0.60357874671498,0.203014310380964,-0.304357844925923,0.125271642091868,-1.40165656858926e-14
799.152,1026.79,2.99724808122331,1.20001856721703,1.73634287748026,0.163128485428246,0.608691344716124,-0.337204213360129,-0.553789065095731,0.173790742243859,0.813551908241197,0.382798169896025,-0.211393380246052,0.0197983144824313,-1.93040028406699e-14
798.552,1027.29,2.58387801933048,1.3070665374634,1.84394016188869,0.548331087855404,0.783176919761697,0.427281093047072,-0.486180803235344,-0.19343927374158,0.57245094882831,0.209977804989319,-0.101133166172865,0.019442268703515,-5.32907051820075e-15
797.952,1027.79,3.62915244448855,0.742053322915644,2.7463051057926,0.478935001316986,0.0551619089292868,-0.121869149465229,1.11269733808223,-0.976692864657612,0.209514283604674,0.0353280791382674,0.126427769144082,0.532985345302279,1.51267887105178e-14
797.352,1028.29,2.92390255774417,1.50884208968923,2.03053795862788,0.241489941119047,-0.0698132682787134,-1.34436284524262,0.136858194170784,0.0372180113798897,0.881008341800903,0.13492702375266,0.0693484326107404,-0.191284786188688,1.0019762797242e-14
796.752,1028.79,2.71901109354709,2.14561192337591,1.52314482473096,0.321128274760893,2.16537162335162,1.04627246700899,-0.520904126504365,0.420804557346877,-0.124541042448259,-0.800304792276551,-0.220173194490311,-0.10724954681799,-6.93889390390723e-15
796.152,1029.29,3.08914366137465,1.16693829006971,1.5813063057477,1.28313714020884,2.97631084657863,1.7504605389012,0.578646592565299,-0.387939843040129,-0.138558839241823,-0.0827321030488724,0.10970669181647,0.291463755482901,-1.7874590696465e-14
795.552,1029.79,1.68732254534806,0.930523241978581,2.76209227152327,1.22190313152234,-0.439401256166917,-0.48974456182961,0.792834418018012,-0.00407726283786064,0.352594656609264,-0.455459943048595,0.0720090198123605,-0.082520474718966,-2.07056594092592e-14
794.894,1030.29,1.07296668232745,1.15919876877997,2.06735182246616,-0.576548678766936,0.428532867542667,-0.347864510908949,-0.916232793459437,0.240811864155303,0.661359299321148,-0.572767185211713,-0.258219351055201,0.578322057966596,-1.22818422099158e-14
794.194,1030.79,2.71158663283398,0.608103697333067,1.8468976716061,1.47159549630147,0.219571961681646,-0.495542219923874,0.885617558691452,-0.212923017619803,0.480134185661718,0.471212968309875,0.186150108417996,0.309168597206953,1.25871535416877e-14
793.494,1031.29,2.72283569637048,0.980186699697999,1.68652199498403,0.324472277108143,0.328735238942135,-1.07385881872099,-0.0246590623596959,-0.131388283979067,0.338371582246174,0.351028089300366,0.0743149926033398,0.440565137573714,-1.71529457304587e-14
792.794,1031.79,3.23208524906778,1.22294870580146,1.40171924110658,1.73106677857749,2.17285781011439,1.03044270398849,-0.446700260939764,0.114453613805748,-0.0587596551286931,-0.00991636677467674,0.198478290055842,0.372656072693525,4.77395900588817e-15
792.239,1032.29,2.95382444430916,1.7560168877955,1.57666732205158,1.51311655731426,1.52707767531215,0.410154288276767,0.000543571742607498,-0.14170666071353,0.205977830194102,-0.198990479532966,0.0323708165725748,-0.135588061104944,-1.6153745008296e-14
791.789,1032.79,1.86643357483677,0.862627052124857,2.18252107679362,0.171460863550524,0.800394583178174,-0.799928456774684,-0.460177954220837,-0.232775493945892,0.546614307889323,-0.370340482552811,-0.0694615733995935,0.11077396665497,1.48648454656453e-14
791.281,1033.29,2.52835037164767,0.779705557252093,2.26860954508609,1.20240442654142,0.368743489956479,-0.204094836788255,0.118897669116329,-0.306325103735541,0.229440252676401,-0.363367442467559,-0.00229280596290702,0.10450114598152,1.57651669496772e-14
790.731,1033.79,2.59175230216908,1.59558964404404,0.617567786856369,0.459449664938752,0.894742625300251,0.543131735991763,-1.39057050548502,0.152511673322896,0.145261286332187,0.222393901826269,-0.194875930271234,-0.219091344079349,2.17326157070374e-14
790.21,1034.29,2.59536247981343,1.39421985483408,1.52354402596927,0.111259135238686,0.0555963431819838,-0.782033946187339,-0.204869824337723,0.792914917789784,0.594019969742443,0.109229202331644,0.361780246744858,0.279355567494301,-9.58955137519979e-15
789.71,1034.79,2.85716037397832,0.989458066447857,1.49825297637666,0.184611666155182,1.00740424310344,-0.558473217448043,-0.410308235807882,0.683361326364355,0.313592971118377,-0.448591199012931,0.104826110507857,0.3259307374174,1.77913239696181e-14
789.181,1035.29,2.79514930599861,0.943951056069367,1.8880091620022,0.010639270771026,0.554199926741374,-0.418724901634889,-0.161123000937203,-0.393953865150491,0.158753288120856,-0.510025429083643,0.071704189140892,0.163080729943023,-1.4363510381088e-15
788.631,1035.79,3.03456162112471,1.53302494021912,1.7880047227219,1.24527788517085,0.980035233525217,-0.113114645702166,0.257051047882734,-0.176667920722977,0.474094087340537,-0.381540489139697,0.205867314788293,-0.211932349703171,2.60902410786912e-15
788.081,1036.29,1.55382857647986,0.79554903866253,1.0645193882067,-0.818845836495927,1.32505815577683,-0.0208438449435992,-0.00657924679493362,-2.19388061079257,-0.306413342845308,-0.150997299741845,-0.188738821898517,0.288145559883249,1.72362124573056e-14
787.531,1036.79,2.64586129016806,1.79225783590418,1.29420008160748,0.363419924153863,0.0463471730475836,-1.22572889814315,-0.214131545839358,-1.09347079453051,0.616481846695935,-0.160984496004077,-0.122612965207585,-0.141872340547065,-1.38777878078145e-14
786.981,1037.29,2.09830233796739,1.82500619071912,0.713176959643971,0.546477627824075,0.825025279147578,0.246307567186868,0.0606064984367294,-0.892995997861383,-0.663188630628812,-0.603665350781545,-0.0577504102319868,0.392838152971447,-2.1094237467878e-15
786.431,1037.79,2.42368282002268,2.59201066053586,0.468904910721157,0.121686473584158,0.270077073804927,-0.982353948199556,-0.573794926352731,-0.0581137991642098,0.0802240255286723,-0.388022388421754,0.054172055478416,-0.158009005178905,1.63202784619898e-14
785.881,1038.29,2.35112078482156,2.18191478421408,1.13094824828709,1.10113762339959,-0.539520373965422,-0.195683812195082,-0.631756849445535,-0.420132589666139,0.217803212614224,-0.256727283922036,-0.0444023144913209,-0.106443632443955,1.13381526389844e-14
785.331,1038.79,1.33252668625504,2.8530957087997,1.22188974926556,0.129866755791053,-2.44018461333667,-1.98189344271336,-0.0961363114265916,-0.183022537543239,0.204479276947848,-0.778829469343323,-0.0821498007965487,0.113060914196143,-1.31006316905768e-14
784.723,1039.29,2.24982829546152,1.92025778914315,1.60267923470391,0.229431353183669,-0.737395660542765,-1.45876783773929,0.446759400096899,-0.325020948570462,0.386643941182209,-0.516552752593365,0.281318422664258,0.233944170410089,1.09356967925578e-14
784.073,1039.79,2.34851075852592,1.65420295260841,0.307724006752056,0.244422148725647,0.669661209639041,-0.0849437803131602,0.00330069620145739,-0.426833239813737,-0.418708150227132,0.0604495001120098,0.129867870050039,-0.0232338167217515,1.73472347597681e-14
783.394,1040.29,2.41073298899085,1.26347713694227,0.920957660187274,0.886488112088597,-0.615471340211885,-0.543952466667721,0.500773269908127,0.083131085852365,-0.161451025232233,0.0291628641291287,0.218403611344428,0.225869906356261,-1.41414657761629e-14
782.694,1040.79,3.09085303576249,0.29091861753354,1.7825946080485,0.154074725191867,0.152742856001661,-0.182227261367624,-0.155516729943912,0.644275405488515,-0.185829073909331,-0.450919405592777,0.431620798251786,0.564657368537117,2.77555756156289e-16
781.994,1041.29,1.85145769890046,0.789759116963457,1.04994869367429,-1.06277781355681,-0.348352835480706,-0.704980716496049,-1.12829203261075,0.600800315594701,0.0523140927207942,-0.316869780342188,-0.147553021847051,-0.00932239998213123,8.60422844084496e-15
781.294,1041.79,1.83482156115627,0.899771245587406,0.269030289884853,-1.17106097230152,-0.254676992752003,-0.0268959749873782,-0.867513721519046,0.347018784836923,-0.774202919707156,0.0511409629882289,-0.0176396892171968,-0.198177692658783,-8.85402862138562e-15
780.623,1042.29,3.40531637557545,-0.0532287860227616,0.9231693098895,0.95661874890695,-0.0785845735697691,1.2928427064677,-1.23060964498169,0.542018277273668,-0.346532461559369,0.211265988963598,-0.131600896873879,-0.230310378429949,1.38777878078145e-15
779.973,1042.79,3.68358073734125,-0.6568597978668,1.34856849572234,0.00990445567567295,-0.488303451092667,0.33235661690128,0.691050539990781,-0.0173806728851455,-0.855927090200547,0.218447596160206,0.178334870925931,0.239555414871281,-1.86517468137026e-14
779.294,1043.29,2.45613229162607,-0.506934092118212,0.715846695514286,-1.1122735741342,-0.46703399252108,-0.398542101229567,-0.0414041347828739,0.69020300777161,-0.457274641457106,0.761533235617863,0.170990933037878,0.253948774376629,7.61890550649014e-15
778.594,1043.79,2.2747007222766,0.116899185791751,-0.171142661238041,-0.432234263270429,-0.847152067040087,0.339075714974879,-0.0256515070233855,0.370670100445634,-1.13517801753389,0.905918532429199,0.0382031409732698,-0.0112819353369226,8.99627594641572e-15
777.836,1044.29,2.06085901844885,0.344411315106516,0.503766964774883,-1.30495058077383,-1.13130122846653,-0.677288550522638,0.0586120812112869,0.769364122061784,-0.838766357137058,0.0362891642210913,-0.0434478802232612,0.0676730409845237,1.34336985979644e-14
777.036,1044.79,1.44671838693171,0.56309589578604,0.213658585151326,-1.09386668347346,-1.48972722906415,-0.421003858055949,-0.607997884190166,1.2109362301113,-0.779887539847119,-0.0381562259548472,-0.18194618576068,-0.242259760657053,-2.25930385511219e-14
776.207,1045.29,2.22240693626083,0.601092263023626,0.704147301885788,0.514673665687517,-0.781277049109967,-0.203174791084285,0.97080769482253,0.539421882621677,-0.95400733783561,-0.560264561168877,0.221415413798508,-0.241128239412106,1.49880108324396e-15
775.357,1045.79,0.645357419434896,0.8373391189261,-0.176246527110358,-2.337890639981,-0.549651413816397,-0.729184573982813,-1.13261332610078,-0.0835812845577525,-0.402818252388855,0.10200446657864,-0.0526083460364428,-0.00648025359855122,-4.82947015711943e-15
774.536,1046.29,1.56458263172173,0.442270607046709,0.0453111668590352,-0.731733495145504,-1.02256808896986,-0.907830369195068,-0.542959575092348,-0.357535369833761,0.172923722410646,0.826515020066207,0.0585487439992015,0.100336233738022,4.71844785465692e-15
773.736,1046.79,0.864321402536948,0.977866004777245,-0.440872038667061,0.0395076573585556,-1.04296860827052,-0.404136507691381,-0.145998753981645,0.0480588055991901,-0.586065155031004,-0.0633905485269566,-0.206621022008348,-0.173271152996491,-3.94129173741931e-15
772.878,1047.29,1.67836704383606,1.20517710590882,-0.782223740369273,0.285070855068682,0.618281716111735,0.171716950938862,-0.402609525076967,0.343918034002489,-0.286206507852783,0.135693955378054,0.0784231610624012,-0.1566564619818,-1.23789867245705e-14
771.978,1047.79,1.7599306666328,2.09403448773397,-0.898064146424524,0.967262229242512,0.637923550022563,0.158695700295009,-0.762837505585066,0.631547406402718,-0.206070321236453,-0.100008202511515,0.102631147865279,-0.0865125582017466,8.46545056276682e-15
771.078,1048.29,0.99174556728083,2.09687177731721,-0.880558601078804,-0.459957860130945,0.131996507874764,-0.18490074800684,-0.975344914683283,0.166744676479368,-0.180282366495297,-0.293775261272389,0.112979265662237,-0.159197430228484,1.24622534514174e-14
770.178,1048.79,1.92780040699076,1.10450433947079,-1.1873681629634,0.229880638418314,0.76317203881761,0.535553947682929,-0.580873217898259,0.242884404781383,-0.479602644164387,0.104688808979377,0.142377793462138,-0.0558374073077256,-8.1601392309949e-15
769.278,1049.29,1.78137597441459,1.65095095156424,-0.640401416395024,-0.058609847456719,-0.777246376079326,-0.127669198802008,1.02086210198467,-0.409887986313074,-1.09128125309741,-0.367719191164397,0.212011311415167,0.00732999403205608,-1.15740750317173e-14
768.378,1049.79,1.72557400148855,1.03064115515192,-0.527654014023011,0.318123757668237,-0.782740942473133,0.0729067760039486,0.0790143780260801,-0.419352461878597,-0.673040022762357,0.153742578936093,0.0608057127320436,0.0437447020915071,-1.89778748271863e-14
767.42,1050.29,1.33710081650047,1.34638791427029,-1.00868086910027,-0.454440338239646,-1.06441246815387,-0.382025612278101,-0.209823617232666,0.330278328859555,-0.677992551304756,0.374792067165105,0.306674725321478,-0.0491364171021097,1.83464354819307e-14
766.42,1050.79,2.18332301460827,0.754191816373406,0.0769859544542947,-0.0953966339407917,-1.01780519320565,-0.132479390137008,0.337791177425247,0.853700538745497,-0.62820098635265,-0.0683515561379132,0.719105780075452,0.37466258896088,1.38777878078145e-14
765.42,1051.29,0.155269393836578,0.900293570160473,-1.10236368847273,-0.782282404132289,-0.478269615384072,0.159296486618668,-0.589741852837428,0.713859260260884,-1.11306359521022,-0.0436607455048389,0.0107661161427805,-0.173297828672987,1.7277845820729e-14
764.42,1051.79,-0.825334197946951,0.907702426446525,-1.06684978531593,-0.887767975499453,-0.434445490557578,-0.716967670986574,0.369734907214605,0.493965248664612,-1.18292773214641,0.0698598878921743,-0.0723619163307624,-0.114162166044638,-1.99285032920216e-14
763.391,1052.29,0.942516464123838,1.01848770576357,-0.892601760767959,-0.48187645493679,-0.36723769472845,0.767146722586121,-1.00608063562504,-0.0221036779969706,-0.816947473820294,0.0669958542575771,-0.206649944256271,0.0313355793810589,1.50573997714787e-15
762.341,1052.79,1.23300176292756,0.665413472370556,-1.01728793718329,-0.384102643629877,-0.576399026986602,0.52484726755492,-1.01805140771878,0.290710547901296,-0.568748827784514,0.466064367332722,-0.304672874927011,0.0608910835376385,1.7782108251152e-14
761.262,1053.29,0.554697234416915,0.302260802629122,-0.0732198670775527,-0.484490996967065,-0.744796236472908,-0.247083472270668,0.0156283780044399,0.518724956012396,-0.772744479207582,-0.18621029722679,0.195794564375817,0.156680045398207,-1.96509475358653e-14
760.162,1053.79,2.13124972201751,0.508188417401972,-0.289197322055843,0.429637442473618,0.0281281968320398,-0.121879650953655,-0.165018077108483,0.0912544478602404,-0.167862095899815,0.275722547067593,0.266171471861471,-0.0286873830702748,1.8401946633162e-14
759.062,1054.29,1.44173649825034,-0.410083974045012,0.273081943996524,0.0294075919304609,-0.717318145256931,-0.169729395147664,0.342572442511388,0.674177623499082,-0.652433966090492,0.0665655749876212,0.336588587835102,0.0420447705801392,1.96787031114809e-14
757.962,1054.79,1.61672547787514,0.563928514101958,-1.1687811344617,-0.859697412831397,0.640116631408871,-0.561751497875689,-0.246879078090657,0.661923229802664,-0.5566850589819,0.702492606307732,0.230317189306592,-0.199999608550985,2.33146835171283e-15
756.862,1055.29,1.53759927244603,1.00851501940573,-0.410390642255885,-0.546558046750797,-0.605237903066707,-1.03448049310133,0.0874867611305387,-0.300262087286812,-0.72547505441885,0.367984195165228,0.316527112028429,-0.0152443028017946,-1.19626530903361e-14
755.762,1055.79,0.919734509756634,2.47981551399233,-0.79068891270604,0.660320115447076,-1.04297090048654,-1.57456501417551,-0.250423348710892,0.734015735121363,-0.382046387752913,0.292719829118877,0.231599440862426,-0.230390141896309,-4.44089209850063e-16
754.604,1056.29,2.12994554320316,2.85243425279139,-0.922780228943836,1.52052603858545,0.100519604883588,-0.735753854907469,-0.0406332655026544,0.899870203487597,-0.822420272089302,0.376254954903643,0.504996789163531,-0.187812973887619,1.06373243546898e-14
753.404,1056.79,0.254618116404591,3.43216450072689,-1.48168582566703,2.12618760270136,-0.648367534368786,-0.820905075802905,-0.514339262843864,0.263449013266629,-0.531450046902133,0.759417406393326,-0.016913873416253,-0.193437486786827,-1.09079412169422e-14
752.291,1057.29,0.318516415846013,3.42168673617561,-1.07679526788444,0.889125830322213,-0.246270977514142,-1.06780252477001,-0.726524652872014,1.82825203682771,-0.501662823248376,0.31211702048321,0.443193713387446,-0.0780332880801839,1.23789867245705e-14
751.241,1057.79,-0.791248029763396,3.69586664336559,-0.966980663693311,0.936719457136826,0.0271849153264188,-0.302406090767666,-0.45520903627995,0.445690922236813,-0.954928411991206,-0.182142683281295,0.0149626310101839,-0.262788559827582,1.22263310586845e-14
750.133,1058.29,-1.04861895799018,2.80203062807197,-0.481890436946685,1.669139446213,-1.57103981931555,-1.34411226449891,-0.518264534682615,1.25422902673556,-0.35293005516201,0.0763543798086777,-0.0428361204654136,-0.203749226615506,-2.60902410786912e-15
748.983,1058.79,1.06812730316339,2.29933394881531,0.326074398359168,2.57766011422833,-0.281735967924637,-0.809896073617405,0.81135911071234,-0.464772990785339,0.076778744100516,0.340713197599349,0.250145876481391,0.248263825346821,-6.41153796721028e-15
747.891,1059.29,0.60328155735891,2.05841109041352,-0.145934001400727,0.911807539311791,-0.310850050869745,-0.454657361007011,-0.175470242035987,0.561262006007526,-0.655488653482111,0.0444232404315362,0.257335625114789,-0.205872279033336,1.79717352111197e-14
746.841,1059.79,0.491142338709233,1.71050755504312,0.257040348269218,1.74664949444464,0.0481488633808378,-0.942316183488742,0.152036258714342,0.328200055256393,-0.143487360400984,0.0674752220360424,0.000994049938137571,-0.544752530004901,4.57966997657877e-15
745.733,1060.29,0.782174845051765,-0.0747723831105532,0.286212976264855,1.45165920230997,-0.108398545027274,-0.144299961182796,0.328570147998468,0.0604763831104655,-0.610902421540844,0.453340032885229,-0.0302580793933127,0.0516298340912992,7.68829444552921e-15
744.583,1060.79,0.562033931851261,-0.203492641359342,0.390553866388326,-0.356632765959964,0.573927201528355,-0.519255841094632,-0.529280579123664,0.721570733597065,-0.0683195879741745,0.0513322955670563,0.285049630570858,0.294872989006731,-1.52239332251725e-14
743.375,1061.29,0.469391719123644,-0.345692405682176,0.00621592892614672,0.541811725277061,0.437446099902294,-0.602310595622416,0.173270275962504,0.272425674262714,0.284954693936779,0.499090379263235,0.320134103850488,-0.401463674129507,1.17683640610267e-14
742.125,1061.79,1.6972372071403,-0.324377509104737,-0.15182436876557,0.602694714904106,1.12270971340278,-0.0990559622210048,-0.00605881016704,-0.04525370422235,0.258877228364917,0.391917448423512,0.152746652436633,-0.35018624264532,-8.93729534823251e-15
740.933,1062.29,1.73053383559408,-1.2241434671755,0.686026026061879,0.432770799266019,-0.677513855764484,-0.942976667407289,0.0776711947978249,-0.317124400146002,0.366493821595216,0.225395605042385,0.135132595007265,0.169687837369703,-9.63118473862323e-15
739.783,1062.79,1.38573546672605,-1.40278567737011,-0.269926201816124,0.886469960735627,0.725194989438557,0.0937573565275135,-0.010774737049999,0.251248158034512,-0.0274101402786228,0.328508042058906,0.0997146860417681,-0.267447649045558,2.23154827949656e-14
738.72,1063.29,0.825493269467282,-2.06914150333118,-0.309584924876622,-0.807473934362125,0.590528822325337,-0.487351817439237,-0.700500662954698,-0.549225182548217,-0.214840601741937,0.184080125890785,-0.039390985020091,0.0576965986986021,-3.94129173741931e-15
737.72,1063.79,0.0546873085402688,-1.22768533410583,-0.620481530937616,0.20945714485957,0.0467733446854474,-0.197881738346181,-0.517825972864766,0.239884958797872,-0.457632710221345,0.0440862224052799,0.178926729415574,-0.143946781001518,3.99680288865056e-15
736.749,1064.29,0.449282017771035,-1.17156680727616,-0.413891522841566,0.958531417998362,-0.208277694833889,-0.515716887499581,-0.841970388762521,-0.220302972984887,0.180297156539547,-0.0246173822139192,-0.18780478275523,-0.233223277569142,-1.63688507193172e-14
735.799,1064.79,-0.517197997200696,0.0161690515671859,-0.612688455141001,0.977241549739876,-0.00478091032369608,-0.252862493843898,-1.05932273834781,-0.16717446020715,0.138473855695778,-0.35489411441511,-0.211313560262403,-0.256020745529857,3.60822483003176e-16
734.82,1065.29,0.958025417656741,0.1348030345133,-1.21287130692408,1.25839400331995,0.992265726526608,-0.497720045265308,-0.801451311348179,0.719478621516303,0.328885012689724,-0.124414128436309,0.256868416948281,0.18896816461562,9.82547376793264e-15
733.82,1065.79,0.709427148225144,0.219579194056113,-2.14929818053806,0.256858556178574,0.944705932170706,-1.3168829330751,-0.444487061582329,0.21773210132709,0.145787895120965,0.235604520072236,-0.0412749639601133,-0.101257583242189,-6.52256026967279e-15
732.791,1066.29,0.907814501330991,-0.243783943697287,-0.531244254360355,1.48282123019629,0.380670446677554,0.0866720566625028,-0.340037148496623,-0.915747789404102,0.098263688767346,-0.404680217804996,-0.211360104827405,-0.213722874132938,-1.00752739484733e-14
731.741,1066.79,0.529252225076088,0.152558706950842,-0.840224453566158,1.07342457195123,0.769579089558925,-0.430952072475827,-0.653275573765664,-0.389910367479761,-0.0625410901323579,-0.33161365995733,-0.05555710878033,-0.0245438918445107,-1.21569421196455e-14
730.662,1067.29,1.48301867091675,1.74587288409777,-1.1153278669574,3.26697262788813,0.927571351204528,-1.29916499065896,-0.501931483122289,0.0916039131696189,0.42542708494676,-0.0761468489324963,0.248428948921891,0.310491010534118,1.33504318711175e-14
729.562,1067.79,2.26290444873222,1.18260008145042,-0.58715150070902,3.16795213732605,0.412340456489119,-1.1069625107917,-0.854615783135048,-0.799561589749922,0.341716419011685,0.358272841846093,0.0897801823106678,0.460607314687806,1.86517468137026e-14
728.578,1068.29,1.02944978371477,1.70282432185517,0.180514143047313,0.827491617651348,-0.924039174033434,-2.09525982597135,-1.66500946063582,-1.40845976775874,0.208585883543307,-0.430739793099921,-0.120050094342711,0.242302234967163,1.94289029309402e-15
727.678,1068.79,3.11716202003618,1.48704262567469,0.806297784387733,2.77293814580846,-0.0413154105063434,-1.44581836202489,-0.0343440068883541,-1.11128978545792,-0.189479158074432,-0.70463560487131,0.271849323613832,0.595695593093314,-5.52682899446211e-15
726.633,1069.29,3.26135795680118,0.967083811059816,0.478701555303533,2.24024108662827,0.254737256356215,-0.71116649349502,-1.31404303299782,-0.937090795586669,-0.141603741290467,-0.254209662741494,0.200728790561095,0.712475670941188,1.77080572427712e-14
725.483,1069.79,2.49418883677015,0.987907468711215,0.945109622063764,2.70509682910432,-0.00901381748365184,-1.51311313142992,-0.684386695570314,-0.623031977618843,0.0902064675087941,-0.62712615881396,0.419811141971342,0.394299415367829,-1.28126675935647e-14
724.42,1070.29,2.79581906827652,1.08461490083107,0.509029353773337,1.80497025694919,-0.511616824361248,-2.34518594987765,-0.116857693165422,-0.973420657075037,0.0149387706515419,-0.345971182149951,0.296199189993061,0.296708715066449,-1.80411241501588e-15
723.42,1070.79,3.47188426237633,0.661476388128311,-0.0131712430111052,1.37337513592469,1.61508000278539,-0.0941169285406075,-1.56345277358781,-0.932469732738415,-0.479384426523527,-0.278137025951181,0.11650375318836,0.39230589815249,6.66133814775094e-16
722.42,1071.29,4.95456007381619,0.710542148117551,-0.316383234730144,3.13099887558645,1.35237980197653,0.587578264359286,-0.652896145321636,-1.43590892853474,-0.549600202972694,0.311365175625477,0.0880010831768749,-0.0620329522924478,-1.08801856413265e-14
721.42,1071.79,3.67385826500145,0.370177270876272,1.06464904324353,1.19262031490172,0.0822770262045061,-0.780545483825003,-0.816108960978112,0.205929995901865,-0.353374718733262,-0.537391505404312,0.293688430787813,0.0855210336218362,-4.9960036108132e-15
720.42,1072.29,2.71877250115094,-0.488981192245829,1.39951750093786,1.27680074298091,0.00466905098282433,0.0694492602285401,-0.993335455226746,-0.358702537743862,-0.616008981251206,-0.658968612906225,0.0510446714956017,-0.039928022411062,1.37945210809676e-14
719.42,1072.79,2.72424781383599,-1.10852421837028,1.35255984006778,-0.194723720924275,-0.64303863654298,-0.421681586781448,-2.12617216757341,-0.387651354502201,-0.0810088783990713,-0.14292355561265,-0.231799280921294,-0.058961614266842,-1.15324416682938e-14
718.449,1073.29,3.38369924586883,-1.12341215316848,1.83418410225611,1.31124032352592,-1.64392406251604,-1.76601707659158,1.12787643089289,0.225810474763019,-0.265344101318537,-0.555937788740153,0.553009510194574,-0.0641503169016702,1.31561428418081e-14
717.499,1073.79,2.85583886585936,-1.33988395900885,0.773236757816118,0.93652595609572,-0.779390397506784,-1.00982618909281,-0.990661765824643,-0.0867603902870547,0.0471636900742921,-0.370751878955103,-0.272992570417417,0.197519100654182,1.16018306073329e-14
716.433,1074.29,2.19579043573545,-1.44612694483363,0.496550603855254,0.705852877538313,-0.887593960503404,-0.472996085491618,-1.2394574297831,-0.333637427937877,-0.349087984365277,-0.394936291811158,0.0958353579174481,0.13166996413993,-1.06997743998249e-14
715.283,1074.79,2.76949038670298,-0.65442217686565,-0.403301967105927,-0.00968192380814101,0.675849217811212,-0.841498437100018,-1.65868061143302,0.508195040680186,-0.346272927105747,-0.967727611432328,-0.037857088144557,-0.0935550251921708,2.14828155264968e-14
714.22,1075.29,2.27734750307244,-1.04024423219822,-0.538803392735822,0.104728611023354,0.645915741147578,-0.949699015367638,-0.231883857436226,0.205367895489319,-1.07483312810383,-0.947766850443868,0.188524154788938,0.158349393617447,-9.04831765069503e-15
713.22,1075.79,2.92727102821688,-1.2096236614189,-0.40502628874463,1.56169640025445,-0.659595035397485,-1.06212596724106,-2.43191945754806,-0.404032374391629,0.550559499439634,0.154131316047561,0.0412423145377089,0.194080412347246,-1.69551872541973e-14
712.22,1076.29,1.83890175661752,-0.906655902168008,0.0118201138056721,1.74180114647609,-1.24567546966784,-0.759343814323202,-1.6515400008734,-0.191690311368204,-0.5404994974034,-0.0161053361668937,0.0772159761331214,0.0954418562785239,-2.05391259555654e-15
711.22,1076.79,1.87908302863906,-0.423747318208527,-0.923784240158257,2.1310554987726,1.52073330676343,0.433178730336711,-2.50615537771399,-0.344163056719926,-0.637532009055735,-0.125541592831512,-0.0467362511272486,0.202831356113502,1.58761892521397e-14
710.249,1077.29,0.388832226323602,-1.07534037653812,-0.33013049666667,0.565936628352722,-0.290899254278044,-1.92904218683453,-1.65439825379971,0.0855146470795087,-0.0204259212988091,-0.191496496745311,-0.050751392270525,-0.142088377723035,1.346145417358e-14
709.299,1077.79,0.370700653792871,-1.54825281101381,0.286537522463844,0.935318396787819,0.180136472634284,-1.10588586427564,-0.599963647336884,-0.0969134556556897,0.00443026784589044,-0.707460266912638,-0.113572118062684,-0.0724431093709297,-4.2257863874795e-15
708.378,1078.29,1.27343016999026,-2.61166868583865,-0.453326922709058,1.54442407477162,1.3592265407295,0.122506502733343,-1.50328106017349,-0.302677437096361,-0.0572975185759227,-0.587588799585785,-0.249713135648308,-0.0753976943322506,-9.99200722162641e-15
707.478,1078.79,-0.516427915074062,-2.60884127730614,-0.951361026398464,0.508473878936594,0.534801067523065,-1.71462992536748,-0.568543898554292,-0.408138634352352,-0.293428225166927,-0.147670832863048,-0.137776806381031,0.0524224204972144,-5.31519273039294e-15
706.433,1079.29,0.1727793426894,-1.99344276136242,-0.772238614442831,0.870281784988312,0.809214867319793,-1.76936810950768,-0.539990800282597,0.238111752830169,0.234442970833169,-0.251153856121009,0.102515467001162,0.260655453598592,-3.77475828372553e-15
705.283,1079.79,0.347218419234266,-1.42378531722877,-0.774818284292106,0.765386723677517,1.15825893814851,-1.23420464915376,-0.0860195110633883,-0.371648235231703,-0.147807920992479,-0.48731126143952,-0.0722397483988479,0.119821098080137,-1.49047441055927e-14
704.133,1080.29,1.71182007431295,-1.51540975560999,-1.13455978239444,2.11579871948138,2.05247464982273,-1.51023445216865,-0.439297476303321,0.245646721843623,0.546673344667163,-0.462260603359234,-0.0758698151731218,-0.212438591861102,-1.06581410364015e-14
702.983,1080.79,0.867856162991518,-1.20268277970852,-0.145050616821421,1.806628989717,0.774292143805355,-1.02962892062141,-1.07158458388974,-0.0948553166664707,0.671913419947153,-0.96187618787983,-0.33610449515297,-0.203943313217922,5.82867087928207e-16
701.92,1081.29,3.39659748819689,-0.620307477560995,-0.258014477294543,2.24857174018221,0.71831107925998,-0.714935964008377,-0.76586678303913,-0.235614934656773,1.15999977568355,0.0312805837602281,-0.0974542826484095,0.133027163388157,-6.55031584528842e-15
700.92,1081.79,2.70726352728265,0.229216539126337,-0.936446302592972,1.97304639597199,1.42319578279415,-0.0879165403011168,-0.507097928095247,0.236235984966975,0.525062724114507,0.100527889433534,0.101926724070179,-0.0640600334819502,-1.65423230669148e-14
699.978,1082.29,1.39482395724191,-1.31267572789528,0.126950139524615,2.17275217076042,0.304660407438132,-0.606495500441907,-0.96742126483394,-0.48684339895316,0.848156307864599,-0.391244465896791,-0.209312360977363,-0.0943382318733872,1.8846035843012e-14
699.078,1082.79,1.87756437549907,-0.52910401455788,-0.207916385611824,1.96895390726675,1.18900815474677,-0.90136309455295,-0.709771478800543,-0.0314191258969341,0.865494643436001,-0.530593161166441,-0.113278810320839,-0.0582979089151728,-4.82947015711943e-15
698.149,1083.29,1.2213904841658,0.0925082795970944,-0.0337486491395664,1.19216170188802,0.942955190872196,-0.61261921522505,-1.23550647278065,-0.329577331386798,0.79880122293055,-0.113998053559437,-0.0615583226470859,-0.173321140622126,-2.83106871279415e-15
697.199,1083.79,1.8085450970473,1.14843156741452,1.21019713880894,1.0219231687869,0.0699236971118258,-1.73287952236791,-1.08725137270603,-0.573250465018943,1.28289441141543,-0.443787848695823,-0.0963904902793186,-0.396084769493424,1.66255897937617e-14
696.278,1084.29,3.53616004984891,0.877650755030675,1.39590992875891,3.08609001020602,1.50619351361235,-0.280247368896339,-0.273716742282529,-1.49194609756868,0.447708605039167,-0.319501033874278,0.208130872652619,0.369186742390545,2.1094237467878e-14
695.378,1084.79,2.99225073528738,2.73943700235415,-0.0321381413462404,1.65952039020205,0.702309039161458,-1.21708395999338,-1.48424109220474,0.196821264425113,0.450990993621776,-0.10584123506887,0.464726122624591,0.330435411211364,-4.92661467177413e-15
694.478,1085.29,2.46383452269218,1.84101088734935,-0.129825789936409,1.96273857621627,-1.10982548593791,-1.20711800383511,-0.876297701138905,0.326116926908819,-0.207263683068851,0.121283763098704,0.275766659419895,0.191041247447343,1.14630527292547e-14
693.578,1085.79,3.63111278643645,0.59170572866535,0.423392330087852,0.0495529714987774,-0.19143420903443,-0.827352853690746,-0.474752213931966,0.794366067884932,-0.40585969464879,-0.14136208748124,0.630826940838724,0.430838628331237,-7.47665818146004e-15
692.649,1086.29,2.97614883291005,-0.173727271442042,1.12315154309521,-0.350483316688805,-0.862960303249035,-0.933894776706193,-0.922496810002299,-0.0846973618878288,-0.0258976054776693,-0.0282243850414375,-0.0307022564142688,0.0955608627431767,-2.80331313717852e-15
691.699,1086.79,2.17432666790257,0.0568891998033902,0.971720028801447,-0.409905367427996,-0.732823100151848,0.0773843012530674,-0.953642844089047,-0.225932164718018,-0.572867700459174,-0.0676613338061879,0.0617798333982511,-0.187387777814959,-1.20459198171829e-14
690.749,1087.29,3.21143054620443,0.0742947450714934,0.79273901624276,0.825771732230859,-0.449581925118835,0.78328752521151,-1.46454830328674,0.731111316816331,-0.311632084889485,-0.275280552344027,0.109229668385284,0.0999690085205484,2.17603712826531e-14
689.799,1087.79,3.89161986556189,-0.180558480022252,0.961932932594971,0.447433145904677,-0.989089852318339,0.171409174582731,-0.973830248222847,-0.578210564716679,-0.180289126734134,0.0717468755400535,0.0517237709961993,-0.0356823323611847,1.66151814529059e-14
688.791,1088.29,3.46783605623291,-0.465858880275314,0.534548702996898,0.582174941024947,-1.67335451620631,0.262604573996552,-1.26337119463537,-0.65516694000955,-0.221090763892157,0.699656744709466,-0.103392300326602,0.105172060892514,1.80411241501588e-15
687.741,1088.79,2.77588580049558,-1.02258595788927,1.28222316157037,0.302340619919817,-1.97596326801621,0.450656947165181,-1.34417154229815,-0.543406169851766,-0.21872845669904,0.0991832533162199,-0.112958177756835,0.15253587293354,-7.63278329429795e-15
686.749,1089.29,3.04149941106956,-0.927438332209733,0.895761114229039,0.646597449555691,-1.96365851636928,-0.432995190443368,0.00514209716947756,0.626736107620546,-0.216605684433236,-0.3397416133192,-0.00664355103679371,0.125868161943039,1.35447209004269e-14
685.799,1089.79,2.69346521747122,-2.1259449018516,1.31801489109425,0.650148496975234,-1.41495251887655,0.360982979563776,-0.601241114166422,0.160241439371152,0.0886458935113243,-0.0156292661835421,0.344366054412926,0.159694300672188,1.16642806524681e-14
684.849,1090.29,2.6665739527636,-2.14370011030556,0.766905292137202,0.121888826279407,-0.932878447544523,1.11544972761848,-0.256659221085908,0.433362252476394,-0.250640196292801,0.258473554778733,0.390628420326665,-0.0858169456320103,1.15463194561016e-14
683.899,1090.79,2.45447131140293,-2.04526109721532,0.41090401230123,0.177538080415631,-0.674154672740743,0.578205458709114,0.226334134550969,0.832803812857882,-0.187006652905997,0.0429542410639747,0.46439023889856,0.182848829395528,7.49400541621981e-16
682.92,1091.29,2.92672972702487,-1.01327718822927,-0.11945586696278,1.1314707038152,-0.289613196804543,1.16840225123953,0.0335319139257885,0.212683946061791,-0.230591119231119,0.150686574512985,0.191788772828433,-0.26668658273126,-1.66533453693773e-16
681.92,1091.79,2.32686318909482,-0.938339491080588,-0.156033498838239,0.357124797570932,-0.32539918845928,1.21887677627186,-1.08550764163425,1.08938075565221,0.0801618504354375,0.337535378249961,0.390810726110918,-0.186911218482338,-9.18709552877317e-15
681.007,1092.29,1.90450357288732,-1.17738612266303,0.0366480475017014,-0.447482512264432,-1.47560477202814,-0.00993275368633451,-0.661452089511037,0.166013927015384,-0.0592997749168589,0.460699854999982,0.227918245655268,-0.0977121209448489,1.13797860024079e-14
680.157,1092.79,2.45354311367729,-1.12170246748443,0.062839135808628,1.23836263001664,-0.175211919293035,1.3559214641716,-0.446982026271009,-0.164637479711824,-0.334592878329857,0.21086176492691,0.157411424226079,-0.0336853330723966,-1.77635683940025e-15
679.249,1093.29,2.82731319125175,-1.14422059965534,-0.249418518640812,0.310600270947935,-0.396368925402801,0.77054611738758,-1.19748269326993,0.874049293245441,-0.125566960093431,0.114327965002946,0.00539376198698859,0.0253220249110301,-2.68396416203132e-14
678.299,1093.79,1.80927587101057,-1.7345941104993,0.326934308005499,-0.120051164011973,-2.12217534687691,-0.326380413559848,0.39763198938058,0.140959105566817,-0.359938098946005,-0.165050676661243,0.00325177789843355,-0.051996213184553,-1.11577413974828e-14
677.349,1094.29,1.79031302342187,-1.35534433992549,-0.296633762592715,1.11640187183087,-1.0618013899253,0.610857840128636,-0.707350533420193,0.485343682065606,-0.0563314588780341,0.25202025874822,-0.0148907325604703,-0.120467627136994,-4.81559236931162e-15
676.399,1094.79,0.511897255514307,-1.46855607972187,-0.181969366478137,0.23243021177206,-1.86028013872527,-0.0548047981767458,-1.41811257418551,0.377687761655816,-0.033488397164296,0.226838434626907,-0.275945348909636,0.0641468516657809,-1.33504318711175e-14
675.478,1095.29,1.93422520528264,-1.20149611944522,0.336547525974872,0.496695187218163,-0.95545896069184,-0.00812262738582492,-0.0182687561007763,0.712902664269587,-0.40130057458192,-0.0121421868419583,0.308913948527385,0.0760879977123338,-1.86795023893183e-14
674.578,1095.79,1.11444089601292,-0.569145375105955,-0.856509724021788,0.606954323837998,0.222057328964294,0.464964689809703,-0.21417557547266,1.05625409263645,-0.828613030351193,0.199567802394726,0.317548259639373,0.185998631364306,2.19269047363468e-15
673.62,1096.29,1.76875295956317,-0.257854353416453,0.0363960565669176,0.766483622359982,-0.194398895406353,-0.381373691422819,0.289917978780756,0.11859049700023,-0.155979624542568,0.160077643364902,0.0389073726744697,0.0647103534543604,1.76456071976361e-14
672.62,1096.79,1.74783536375258,-0.259865862592568,0.49121107818751,0.935200865748338,0.0131190352150432,-0.35154030861141,0.977531064141705,0.0552488397992212,-0.5729119338905,-0.364562101059704,0.141904781375278,0.55218082880283,-7.60502771868232e-15
671.765,1097.29,1.14208387286129,0.195290559736233,0.147566354747727,0.450662520267334,0.170262193424196,-0.617199146194423,-0.275833016198521,0.240124356312386,-0.650178154598942,-0.24317796930585,0.0875028792417301,0.088548570317517,1.05887520973624e-14
671.015,1097.79,2.81419570783174,0.189866687354551,0.718015958257472,1.93673908132282,-0.176957408493533,-0.229761315299785,-0.584269665678186,-0.496160086482144,-0.0945651686819521,0.259071735845926,-0.0311219331885431,-0.0109839873252268,-1.72362124573056e-14
670.207,1098.29,3.41635029193604,0.442281871038504,0.477279278041617,1.04060849308288,0.785605107261139,0.610704886129374,-0.619306045657523,-0.369546779662437,-0.501537032616137,0.0680064764582106,0.032178135936493,0.265001054938989,-1.39332989590457e-14
669.357,1098.79,2.78489721883223,0.543012434413281,0.534039900225319,0.84904747255904,-0.376146781307972,-0.141808145167436,-0.231929535761941,0.111495111186147,-0.0718793886171855,-0.190083138305826,0.0112768603749132,0.104180572374095,1.41310574353071e-14
668.449,1099.29,3.40145170998156,0.125073888927224,0.522562995192525,1.31298217068693,0.237982737015434,0.00711498268570099,-0.0847635913805871,-0.145118928131576,0.0448370808242997,-0.0659396115442365,0.0688321303186868,0.20469964723051,3.88578058618805e-16
667.499,1099.79,3.73256021544245,0.625740831034916,0.457152891707915,1.52316948709181,-0.367774567515404,0.650709769721494,-0.774933004400103,0.415053017085994,-0.0518775570630224,-0.0835469575676611,0.134480139477126,-0.192191172316054,-2.11497486191092e-14
666.607,1100.29,3.30876526641947,0.241343617025198,0.67833762800897,0.732813623020439,0.0266478777320396,0.523482814704318,-0.895692952834183,0.0792786813437179,-0.215979304392378,0.0175579363739169,0.139554390065572,0.259627653470434,-7.49400541621981e-16
665.757,1100.79,2.76659477053482,-0.16599060078367,1.59099702386915,-0.139275744736327,-0.0558656359048957,-0.778428380844394,-0.642008876431091,-0.690379299010888,0.479321621250814,0.165548494697713,0.160360246243609,0.058033596173048,7.67441665772139e-15
664.878,1101.29,2.87268159338734,-0.00136085611668094,2.05636503161942,-0.139596064394544,-0.0975602725873737,-1.08552709980863,-0.605412974062989,-0.630440789692641,0.486932756351322,0.153423320335846,0.225058844134728,-0.242901174620232,-1.73749903353837e-14
663.978,1101.79,3.403135828184,0.21155597051949,1.43399013615811,0.169316198939023,0.599428664124664,-0.591070307134877,-1.3321613897987,-0.774904430481081,0.365514681599252,0.250058557830199,0.24781433897553,0.0748191164907195,1.75276460012697e-14
663.049,1102.29,3.55076790330312,0.752616209455517,1.61522242305966,1.29427219334807,0.20380161458344,-0.0429743416005462,-1.10340261909247,0.246800361582989,-0.0302362574049126,-0.173688080037853,0.0666616878905484,-0.0864721523625457,2.4980018054066e-16
662.099,1102.79,3.26879231730899,0.885388419233686,1.77474167299371,0.61667226914198,0.0137801352459009,0.530085309309883,-1.05121963924524,-0.849998054717273,-0.381742010025708,-0.0625837822839745,0.18708821444832,-0.216564351200448,1.83464354819307e-14
661.149,1103.29,3.41352919537757,0.612270283671075,1.61487229287659,0.218040376492416,-0.485085344943229,-0.617197995759793,-1.10911791525074,0.684703224788778,0.274324654829647,0.321700126008704,0.288596411636039,-0.376149795563065,9.75608482889356e-15
660.199,1103.79,3.86452255364938,0.648062702088462,2.53941804706496,0.896792778427416,-1.02739477187552,-0.356908057389179,0.393194673804845,0.79449425773544,0.0559592727168245,-0.0799837559076693,0.189014487375286,-0.058216680686907,-4.9960036108132e-16
659.336,1104.29,5.35774086087278,-0.464105164442295,2.87379312862788,1.62479500891911,0.951402854268288,1.08294514819693,-0.0230609850157297,-0.552789540027093,-0.210612244473864,-0.205066450402147,-0.130706711847712,0.419467933541969,1.60982338570648e-14
658.536,1104.79,4.67015226413605,-0.134734308826029,2.43472724564165,1.42074739255232,0.566080285363504,0.368850052429868,-1.00196337765295,0.150655968375758,0.207647908622742,0.392699622353308,-0.112715666104515,0.0173171356795274,1.36557432028894e-14
657.62,1105.29,4.63687945495701,0.451342709319989,2.26805486615496,2.10598887788684,-0.94462048917852,-0.865451584607861,0.367029978157993,-0.0517896232837759,-0.214715723716127,0.60414357387459,0.142599428247328,-0.323862940292363,-1.10744746706359e-14
656.62,1105.79,-0.041820418072781,1.05014838924239,3.26591603942792,-1.96368087281914,-4.15962835428835,-3.25535029382311,-1.29301648251731,0.10928985184838,-1.09432802388284,-1.02037046427254,-0.294669690516019,-0.0546096253759969,-1.22124532708767e-14
655.504,1106.29,1.3053782573646,0.622849188917691,1.33276515996933,-0.676150786279692,-2.68373783444317,-2.46969974485791,-1.32528521974301,0.220488665757484,-0.47719413000115,0.341801752442176,-0.0599942325589914,0.00612969513601944,-1.28785870856518e-14
654.304,1106.79,4.11759697213892,-0.747187836064264,0.794325578679336,-0.309739889580961,0.365960777584898,0.0464912495932604,-1.20790537383447,-0.0837251330743738,-1.04978200866597,-0.137000854495683,0.310470698380756,0.317211173859656,1.06581410364015e-14
653.249,1107.29,4.09915378992803,-1.1745413067376,0.652074317176389,1.16285729999405,0.194021059009298,-0.314129219297147,-1.63319111123016,0.505172915109474,-0.660127599689272,0.205993354938524,0.252975495789709,-0.0779657856082713,-1.97064586870965e-14
652.299,1107.79,2.95987349938996,-1.35514432555672,1.57777771319855,0.762849411347571,-2.01437559368082,-1.26584739179104,-0.777551929980545,-0.442403912819376,-0.77045808811522,0.015859451550088,0.301264433190551,-0.0515828137984506,-2.00395255944841e-14
651.32,1108.29,3.55906990523645,-0.567143122728302,-0.243893337725577,0.528990897467921,-0.188047937453828,-1.2239338936822,-0.69893115902174,0.0335181936498247,-1.08411600623784,0.243698370982476,0.47873845285433,-0.12716331226216,9.54791801177635e-15
650.32,1108.79,2.89520148120032,-0.12853662932775,0.0443851987141547,0.936791041020381,0.389951713930649,-0.794703423828332,-1.29408611357465,0.249401903328947,-0.483157520889433,-0.496012920179918,0.197762705546278,-0.32443638568746,1.43773881688958e-14
649.32,1109.29,1.47997812788959,-0.7767216929863,-0.419115950096047,1.72786941496203,-0.17862521321954,-1.00254325699795,-0.872381801184051,0.368566326950391,-0.391661631226917,-0.394555766196881,-0.196790103815349,-0.0665567960110026,-1.89709359332824e-14
648.32,1109.79,1.92397429828285,-1.62691987692958,0.296554017147492,1.53544434604463,1.45346743683198,-0.461219766012417,-0.168458613325003,-0.215903825580753,-0.180278673060838,-0.275401350922241,-0.00800990881865193,0.0633412521318802,-1.69309011255336e-14
647.436,1110.29,0.743026344159048,-1.78496494799707,1.80466208979537,1.13707515318806,-0.54847109409922,-1.29669090639332,-0.564560602582699,0.208205099127587,0.166260799495058,-0.539981967161717,-0.00341909050185182,0.201238892288672,2.17326157070374e-14
646.636,1110.79,1.16703200635118,-0.611483359177348,0.672013122513482,1.08722721966079,0.873277568621636,-1.13069438767137,0.0391785831389476,0.850390846568194,-0.183406514474244,-0.951373373221368,0.292186844159642,0.150652848762846,-1.62647673107585e-14
645.72,1111.29,2.08240587830645,-1.67972657133583,-0.636743582496708,0.868349451961004,1.32049848959037,-0.680853296450833,-0.549889469353868,0.0498058891271806,-0.185259694843925,0.0602089245803007,0.0709035605184792,-0.0602981803711068,3.77475828372553e-15
644.72,1111.79,2.80559176055835,-2.63404671062558,-0.301949859313391,-0.290719469429532,1.77837751040232,-0.79038188221252,-0.790366225140866,0.053036982444327,-0.168119255712684,-0.0244833484607889,0.0330601651227331,-0.175246092388441,5.27355936696949e-15
643.749,1112.29,2.68278965040015,-3.42728363396102,0.474619804105981,1.02699617005856,0.370220712100311,-0.63006388192243,-0.338618797237647,-0.223683062071549,0.0622960862582163,0.725078363863948,0.193728621230053,-0.234739168577183,9.71445146547012e-15
642.799,1112.79,2.07885530806971,-2.0332921570544,0.363693237889301,0.0858688779452915,1.16185985912011,-0.601102330968593,0.0178719990512094,0.694375504951595,-0.622745132585154,-0.436251457670009,0.370930097808494,-0.46238991029283,-3.83026943495679e-15
641.907,1113.29,3.41999054931056,-2.86026687312726,1.14451852294151,1.00594385474049,1.451446897944,-0.32361613279911,0.653818828376132,-0.458535514675163,-0.857986241523122,-0.308187568183159,0.669481439000387,-0.0511271195884834,-1.85407245112401e-14
641.057,1113.79,2.15222318659955,-2.51633699127727,0.586005114821808,0.375367060339382,-0.328200709463767,-0.96728051961284,-0.703273226436668,-0.0108900611580321,-1.02936281017192,-0.361313072233244,0.262544459077675,-0.119096716332938,5.20417042793042e-15
640.149,1114.29,2.19212026498485,-2.24157810046562,0.0359974812071256,1.15847582627071,0.24896265321625,-0.709914005732873,-1.02756112600672,-0.332048332211251,-1.26914320413654,-0.753234557278918,-0.00363320001235255,-0.142076602225028,-1.41830991395864e-14
639.199,1114.79,2.56686092583817,-2.51528578099827,-0.155054321575108,0.775664938732852,0.606744653590215,-1.5799305550189,-1.50989304751811,-0.657633696352949,-0.50667301432969,-0.910702980766404,0.202367358211933,-0.115030892398175,-5.44009282066327e-15
638.191,1115.29,2.57263962134412,-3.5965592828194,-1.67232507480601,0.761093197523802,0.8562688147643,-0.731595025999069,-2.04993742776694,0.00558052466375348,-1.08293899257205,-0.916408973384839,0.351931473186565,-0.368436035218804,-1.69309011255336e-14
637.141,1115.79,4.10013478399838,-3.95500217272507,-3.2696638819016,1.89667300371224,0.819449736601877,-1.55233024708938,-0.7872665968876,0.316611409233493,-1.20162733090168,-0.914132746571177,0.588213165669636,-0.797692075535743,2.12052597703405e-14
636.149,1116.29,4.39386345138283,-5.37430849096071,-4.87914703801015,2.29326464662183,-0.740064232395869,-1.76511613241038,-1.26878120127844,-0.335579803937157,-2.41909587894954,-1.57593351144117,0.698053911272045,-0.943347944417189,2.44249065417534e-15
635.199,1116.79,3.14395915343524,-4.22865581911081,-4.18982124112515,1.91117566086885,-0.134865201524548,-1.20461789202672,-1.37980335391929,-0.688272145275464,-1.73055350436967,-0.392955033679968,0.761193151365375,-1.17495269015669,-1.48769885299771e-14
634.307,1117.29,0.289046671117519,-0.906419464068149,0.746002437854716,0.606715757073626,0.405295536630927,-1.34219057172271,0.538909146602325,0.41730202406072,-0.615225596343597,-0.794852065945277,0.663047128266249,-0.174661815085621,-1.61615512639379e-14
633.457,1117.79,2.33825469968945,-2.01442757121131,1.12130498008591,-0.129318156102038,0.773371677693685,-1.39791236852106,-1.24835134494785,-0.869183848873441,-0.172591776679593,-0.271749465409246,0.299103143520866,0.189997786359982,-1.17683640610267e-14
632.549,1118.29,3.29292836420649,-1.32546562035758,0.661316250252447,2.68449697906701,1.32809249197988,-0.817875040573187,0.317936988368059,-0.510856251989299,-1.26258088867889,-0.307245749788711,0.45519415572436,-0.173344172696101,-8.10462807976364e-15
631.599,1118.79,3.51722718155282,-1.1098697530438,0.65123592471899,1.90127897229411,-0.59589475777867,-1.77499813201328,-1.46270716695188,0.0224034224608284,-0.137700199099248,-0.0685594450419448,0.251439086241715,-0.21111507338088,7.56339435525888e-16
630.707,1119.29,3.07644484977047,-1.64092663421361,0.15808044210259,1.06916523416788,0.624892436276263,-2.28815699083281,-1.09055667944386,-0.247937130689159,-0.292645367205038,-0.118679255702283,0.203847664126819,-0.432927821655151,1.55708779203678e-14
629.857,1119.79,3.92126513035511,-1.96423092675696,0.221385266792432,1.83193792826896,1.21704854071074,-0.883996555535912,-0.309023652567501,-0.788128131831513,-0.992151459120562,0.0157013666421928,0.204796039100435,-0.340848890460819,-8.54871728961371e-15
628.891,1120.29,1.81145633721457,-0.947538023715862,0.522969464585315,-0.289239203768272,-0.191648886770442,-0.935140375797841,-1.93204352216973,-0.225986940102612,-0.666527008475511,-0.962070421571526,-0.238974135576529,-0.105897288646052,4.16333634234434e-16
627.841,1120.79,2.87736546281424,0.057505877821858,0.08576785360349,0.155944595715673,0.288938946123781,-0.396447566887082,-0.760018294981499,-0.785069352952634,-1.056536724273,-0.442832816686901,-0.233316057369523,-0.269057543081237,-2.57571741713036e-14
626.82,1121.29,4.02583073900122,0.824131890174581,0.374845588966972,0.146509974131939,-0.00710532517406086,-1.00030047271657,-2.0157254280588,-0.0375190364918884,-0.107341930926969,-0.369767887304994,0.264348725247878,-0.109135146467785,-7.90773696524028e-15
625.82,1121.79,4.0125662383288,0.641801105922298,0.835443914613816,0.122036508481463,-0.227320298555206,-1.41445376306929,-0.300242096084817,-0.0514121303884305,-0.697993549242148,-0.846623490253235,0.472347692936809,0.161381944128007,-2.20101714631937e-14
624.762,1122.29,3.94262675475162,0.719069982332034,0.23224446119678,0.766509911991756,0.470424768251716,-0.38753603795779,-0.248507580241891,-0.0342734977331163,-0.7515718419747,-0.370280078588665,0.565709530288732,-0.0515785809650289,-6.46704911844154e-15
623.662,1122.79,4.39900587259496,0.425947955149811,0.716003077746457,1.46640876257195,0.691243691116538,0.360865778702024,-0.673388100604007,-0.418833547760826,-0.507314363278529,-0.301757714674026,0.179299507936984,-0.12664218615421,-1.63202784619898e-14
622.591,1123.29,3.39042230962312,0.151565378856301,0.116934770201522,-0.0600795533942554,0.713474609579547,-0.430179673696134,-1.39344883059936,-0.0986447968790913,-0.480295697449569,0.144908659537001,0.202450523361196,-0.192079912503557,-2.02615701994091e-15
621.541,1123.79,2.49554508895587,0.83438038668367,0.589730662161579,0.788916792361819,-0.756276929815703,-1.39247192713472,-1.01275832963892,-0.565917740067517,-0.143523678797465,-0.502237663760804,0.0262608264182056,-0.45206247606131,-9.13158437754191e-15
620.578,1124.29,3.47949008257698,0.0267366372304077,-0.131089754791621,0.461728325225933,-0.542897341329117,-1.18811933540079,-1.5122688583401,-0.30325526331031,-0.181723404127941,-0.133665318083527,0.416966311479291,0.217750226583827,-1.73611125475759e-14
619.678,1124.79,4.26293169932021,-0.823210958819166,-0.191074776726878,0.758202564327374,0.0843275097576618,-0.982351254565835,-0.450949053397418,-0.564984206549379,-0.927329029886431,-0.970810593895134,0.345036725085507,0.0410825721191716,-1.50435219836709e-14
618.807,1125.29,2.64636928168194,-0.889005027541772,-0.636924660462481,1.191172011619,0.0955874991361033,-0.500746068614853,-1.15094703639644,0.240446656033612,-0.954323277194858,-0.746141785856927,0.658309767288239,0.0720897132985719,9.54791801177635e-15
617.957,1125.79,2.05066198236055,-1.90415271541832,1.12367016815744,0.965355442272619,-1.41122686019419,-0.987017060104742,-1.55990618564909,-0.861146159568134,-0.911028263102309,-0.63585620221874,0.609467009605512,-0.451717409572447,4.6074255521944e-15
617.078,1126.29,2.68572349580073,-2.0096982070549,0.547884709238391,0.668961708272933,-1.39535633979717,-2.14331367118756,-1.22584976985971,0.296433297253437,-1.06122767755125,-0.89402591509009,0.936829125969618,-0.345146066718974,2.08166817117217e-14
616.178,1126.79,4.23939629671488,-2.8239504271962,-2.86894171349901,1.58351958772671,0.363744626570384,-1.27670205445998,-1.14802023133643,0.0631158382266135,-1.4187177770727,-0.951214670032237,0.349149440230302,-1.14791365570305,9.6034291630076e-15
615.307,1127.29,3.41078412505838,-3.18604580958447,-2.51112120907935,0.701076634567398,-0.298908252013293,-0.813244404256221,-1.46547612254027,-0.845333493925334,-1.15766190120604,0.178688704216858,0.509111239604784,-0.636025675239531,1.17128529097954e-14
614.457,1127.79,3.57139291163054,-2.28301867939607,-1.02713810949722,1.73303970772739,1.06301262892937,0.175519225423423,-0.50662143388218,-1.01672557140714,-0.86258956994432,0.452104091365567,0.469027000518852,-0.10818471801051,1.45439216225896e-14
613.549,1128.29,1.50834393100133,-1.11306212895609,-0.357408102116673,1.78812679525535,0.742011009063946,-1.26922590920478,-0.882394004922518,-0.190735835296723,0.236489191674416,-0.0395534721681382,0.212858581327265,-0.0997312235531727,1.97897254139434e-14
612.599,1128.79,1.5662555798842,-0.040733297829682,-0.810304074373191,1.27629478727599,1.71161709189767,-1.53744288075467,-0.465746045890102,-0.920700633244109,0.32386781912782,-0.0468760766167483,0.16105070641591,0.264557585215401,7.99360577730113e-15
611.62,1129.29,0.490102037162875,0.0223548419016111,-0.292523083662365,1.03427675521444,-0.170202174348192,-1.66645004807052,-0.879822141746424,-0.722206727429806,0.302232918299957,-0.275459449711561,-0.054033148919414,0.0362761189716724,-6.24500451351651e-15
610.62,1129.79,0.979356685398295,-0.0275987350130362,-0.351607136593688,0.68735197074504,0.179541415675297,-1.52555409160042,-0.555107347619023,0.100484902125595,-0.23452265199161,-0.492715411157789,0.244943274149712,0.0220031845117003,-2.11428097252053e-14
609.707,1130.29,1.82064130530941,-0.00648652840383236,0.321505443910902,2.15643441010189,0.0157733066418975,-1.12704055222677,-0.827490823596728,-0.572985522763605,0.270444468303254,-0.240244078162276,0.194767966568905,-0.0897304786407558,-1.88390969491081e-14
608.857,1130.79,1.64391927199811,0.157403963627961,0.68931641160095,0.321236356480938,0.203164438281019,-1.05588995981283,-1.81155556968212,-0.906315911077155,0.309810565926014,-0.00615604244052137,-0.13917216681599,-0.00461036272385194,2.27734497926235e-14
608.007,1131.29,2.84833790260831,0.78476942881566,0.954810073439061,0.878490954182202,0.833973324848843,-1.19420782710111,-0.979076466349076,-0.820760149833643,0.210710338859312,0.288226866496397,0.336886928717792,0.244009596218555,1.89848137210902e-14
607.157,1131.79,1.69780562468304,0.985617852384354,1.54880165942043,1.37180292547681,0.588921322876614,-0.993003197932933,-0.110254908579022,-1.84358836373695,0.21740412680877,0.526114845730184,-0.0240423157825783,0.242524311285642,-1.78884684842728e-14
606.249,1132.29,1.4952397602385,1.21698390338504,2.13111317120106,1.1690240246865,-0.367359949057285,-1.89312637971868,-0.362052430177601,-0.282559248045568,0.87839871897463,0.469748983782753,0.111116192378511,0.220170343572689,1.85407245112401e-14
605.299,1132.79,0.934990749910812,0.285085948666913,3.08579287079005,1.4128229212967,0.279986530963415,-1.02905243086069,-0.392578430677273,-0.281079312417158,0.45978920527941,-0.353205529001734,-0.0644229353323787,0.0299513198322507,-7.03603841856193e-15
604.349,1133.29,1.30480867538591,0.153281505796921,2.46034937146217,0.732745102466764,1.28417958349096,-0.55171888510958,0.808332403867365,0.138453068609631,0.19526066452559,-0.227364993157605,0.129646383714226,0.442686705663788,-1.10467190950203e-14
603.399,1133.79,0.242227328090303,0.79531786112251,1.20883552779505,0.390942510508953,2.12087358113659,-0.735174825678818,0.220873658878153,0.550637996726247,0.298312674679429,0.0524850389530468,0.0288461182416302,0.186196621401475,4.82947015711943e-15
602.507,1134.29,-0.544790438907655,1.35264118628697,1.04396796905707,1.8730755593689,1.15913103778848,-1.23996202207292,0.6229489084719,0.557477767201458,0.00323605359045819,0.598927745136906,-0.0812197327204092,0.0984458460030481,1.22818422099158e-14
601.657,1134.79,-2.33494713841303,2.32828621032477,2.83028105222339,1.74571696160865,1.23169762097543,-1.31678194692856,-0.900361758238976,0.724299190358663,-0.0108228564463598,0.36653116379968,0.0211455904441314,-0.00710020501220144,7.2997163869104e-15
600.778,1135.29,-2.04887012807361,2.10619997334802,4.78369099427298,2.16407052151705,0.703277781382964,-0.663528560102406,-1.05080486185967,-1.04483506461945,-0.0796854854345655,1.36297458594099,0.0526232814227998,0.0322059657347328,-1.10050857315969e-14
599.878,1135.79,-2.98072435789638,2.44116996554267,4.97831121333619,0.358962749284197,-0.417217310827071,-1.40241034566747,-0.964935835845492,-0.182921763120358,-0.783878724763849,0.351001592772004,0.147611241248564,-0.354712508055039,-4.44089209850063e-16
598.978,1136.29,-0.155213592584486,0.919448584406954,3.41035174747605,-0.0227698484208343,0.204854050589923,-1.94573529013406,-0.750186373880336,0.327142681235893,0.0187764756031209,-0.337354223540677,0.23985006930192,-0.0848677584402014,-1.9373391779709e-14
598.078,1136.79,1.74007725262937,0.0600446895819278,0.943513950741179,0.483549837756528,2.05721953030982,-0.4013024337305,-0.285155176489656,-0.236735224153875,-0.600214540296847,0.335259052719855,0.0126104633243622,0.447387196892277,1.49880108324396e-15
597.178,1137.29,0.173217011458196,0.669137431981409,0.922105899733811,-0.0823404021709376,1.21737429799126,-1.47835755376416,0.0615733880404927,-0.0488851634475083,-0.416293014436421,0.38085942024859,0.259136066187973,0.159574548440985,-1.79266324007443e-14
596.278,1137.79,-0.336879381115372,0.530521356636461,1.7346494679517,1.46333576460501,0.959188527709517,-0.810438749900475,-0.275738481722671,-0.54939238899592,-0.559770198806239,0.397581920700518,0.0356187511079028,0.268175917526881,-1.16295861829485e-14
595.349,1138.29,-3.10753828182078,0.869329300404198,5.32784515037556,2.02617939369991,-1.55369285836582,-0.762183415049779,-1.94299106673917,-0.416747663005307,0.451932022460078,0.773041878491714,0.137706057488173,-0.059139434033691,4.44089209850063e-16
594.399,1138.79,-2.68306945185992,1.68467106721477,4.15271062291074,2.66854208961644,-0.243306805168464,0.176698962781117,-1.70763693717528,0.746907900789316,-0.217107716821272,0.607622983935056,0.138633698099966,-0.206463347700446,4.08006961549745e-15
593.391,1139.29,-5.50093347829037,2.31454337375599,4.31011436636084,-1.02859880771548,-5.01909855439563,-5.46346694780036,0.140377632453404,0.527469795548413,0.158646563201124,-0.425771014495426,-0.36633741325807,-0.0676912667681933,1.24344978758018e-14
592.341,1139.79,-5.44362133753808,1.58064384292462,2.99048594163804,-2.35950487378263,-4.65682074963413,-5.96475266605123,-0.78223068544697,0.204117833054854,1.40667235477257,0.37880693080305,-0.632044459044166,-0.533511295653331,-6.66133814775094e-15
591.436,1140.29,-2.00693340910799,-0.0401705422951978,1.85048955266396,-0.100494939116642,0.388278458203952,-2.15932310178001,0.419547563531383,-0.120495298536831,-0.120307234936669,0.113969508929386,-0.27455447253548,-0.334707673338827,-1.87627691161651e-14
590.636,1140.79,-0.196509484838203,-0.83862823964631,2.55368123378472,0.995820618745593,1.07421078247416,-2.22345945874379,0.500980616299607,0.94003642853702,0.0505980638671751,0.0238394623104039,0.0974946049314549,0.0413379859102209,3.10168557504653e-15
589.778,1141.29,-0.80492766135082,-1.07281577374855,1.67565787264534,0.541375898628523,2.4751505066132,-0.588763381958958,0.626080111454679,0.332360841473292,0.194645053328701,0.216493805708554,-0.277921196971813,0.21726122341017,1.11022302462516e-14
588.878,1141.79,-0.590054932692721,-0.963604521950394,1.30410062215883,0.235832249276012,2.54612617362698,-1.17405878839507,0.0238304877552367,1.29317362923703,0.33520003753174,-0.204459545841754,-0.297545942923366,-0.136619951210326,-8.49320613838245e-15
587.978,1142.29,-1.60333298060984,-1.0896615193387,1.31550803561128,-0.399013940273315,1.56572467110016,-1.02135511253903,0.905922511823925,0.0291472165160254,-1.03494297323226,-0.349016573182669,-0.125170408779841,-0.293461585374346,-1.55431223447522e-15
587.078,1142.79,-2.67350461556865,0.317835734992144,1.76351730285363,-0.341477661449359,-1.44215813060052,-3.55751558487643,0.672981693484879,0.234551401011421,0.157977529588805,0.531416966619378,-0.242923406748008,-0.4549060512283,1.38777878078145e-14
586.207,1143.29,-1.31836934526993,0.680656638567023,2.15807096199317,0.799586819018744,1.21471971111545,-1.39597307003597,0.365030920090957,-0.603233816571589,0.0708656331349631,-0.158544469922685,-0.599378015272363,-0.525774763368384,1.86795023893183e-14
585.357,1143.79,0.383927405521358,-0.539110055555981,2.40047842658513,1.06478713640079,1.67231848747355,-1.37314044078873,1.06465979613589,0.563285342839485,-0.113526354796577,-0.258243082214525,-0.0152539968120472,-0.00687211202736986,-1.23512311489549e-14
584.478,1144.29,-0.52201138536595,-1.16927235836407,2.40456572808729,0.241156158169108,2.3922030167246,-0.289389526822958,-0.408927283892772,0.373577290523272,0.821845333535941,0.223496777227581,-0.338877103686852,-0.197182395161542,-1.67643676718399e-14
583.578,1144.79,0.0869936614747994,-1.41747165329474,2.66178375619592,-0.280586386565641,2.44387318233999,-1.06974791514726,1.0340640700256,-0.279769361484928,0.608688374376423,0.105660621755299,-0.347363818705318,0.0869858810494327,2.77555756156289e-15
582.649,1145.29,-0.374388901968206,-1.4420922619297,2.04393702546421,-0.300775052937227,2.23185627413063,-0.772390917381687,0.12412024875946,0.892244414109896,0.386894155875734,-0.101638293754705,-0.677612573449376,-0.0639980678886204,1.10467190950203e-14
581.699,1145.79,-0.474616809080474,-1.61879021002899,1.57338644201357,0.163215205717139,2.29685274809516,-0.272468538859571,0.0442697231267865,0.818690297794898,-0.0634519442988749,-0.563848009697659,-0.341495772265025,-0.0428528948443331,1.2490009027033e-14
580.778,1146.29,-0.328994222312012,-2.10518982336543,1.66057693980493,-1.14142673856939,2.52517955141342,-1.56772149644117,-0.320009307941762,0.60648808674992,0.487239757458438,-0.0550254147813014,-0.104140027746025,0.00779649580619269,-9.74220704108575e-15
579.878,1146.79,-0.400679027991123,-1.58176655325341,2.09892038247589,-0.0124006149006431,0.917841894024148,-1.03382616733896,0.367164097714497,0.53206686723119,0.265936282556614,-0.0588686984848331,-0.194812374038742,-0.235146473905392,8.52790060790198e-15
578.92,1147.29,0.132430667036919,-0.951766315851015,2.67112150315422,0.277594231416271,0.520522265189282,-0.775647965477101,0.100165855233912,0.743727346449012,0.379835059517235,-0.792552867609513,0.11791486213802,-0.201675838691346,1.64937508095875e-14
577.92,1147.79,-0.0280897528232763,-0.553822836528221,1.92722599595044,-0.203756751802259,-0.202780504862949,-1.19741027575971,0.0255309276521967,0.319969853521669,0.0734277468138921,-0.225877636957828,-0.207986711097435,-0.217133084009615,1.47104550762833e-14
576.978,1148.29,0.527190913588948,-0.389645988199902,1.38513566658414,-1.6704001080605,0.638999001114752,-1.04502379535773,0.499729795971432,0.116968085941224,-0.377214163743824,-0.359206081183733,-0.0670415343068295,-0.30085611923904,1.95676808090184e-15
576.078,1148.79,1.22677410642424,-1.21727660106899,1.36852363295644,0.470936130498202,1.29417392526359,-0.889455770358524,0.162105119364945,1.17028897998421,0.654828897874684,-0.0415199593748466,0.0577997700039356,-0.0985696580932759,8.74300631892311e-15
575.294,1149.29,0.361694934894812,-1.44888116689347,1.31801790994864,1.03425503236267,2.05905079241911,-0.308264210012343,0.088418443542768,0.873737766760873,0.414052781547992,-0.501339361947141,-0.146509524446739,-0.320901236884872,-1.40998324127395e-14
574.594,1149.79,-0.496850410448241,-1.24056227563377,0.831053231950655,-0.724032886822361,1.96722316876623,-1.71812089992129,2.53404018701023,0.394654468104719,-0.66140988790649,-0.707871227741651,-0.162637766186269,-0.335204949266657,-1.19626530903361e-14
573.72,1150.29,-0.388959348168286,-1.65740928538316,1.23132782856401,0.327099715927541,1.83695556426935,-0.888977401444025,0.991958917223108,-0.0381070489485874,0.286843962491531,-0.468362363291272,-0.240508441605889,0.158027516133529,-2.09832151654155e-14
572.72,1150.79,0.00480493351143857,-1.5171789242275,0.268143590783204,0.302607242065417,2.12682493402945,-2.17814880465639,0.179768824174655,0.197721051821633,0.746689808215906,-0.186414750688742,-0.21648511890993,-0.512284290446227,-8.29891710907305e-15
571.807,1151.29,-0.254239130983042,-2.1529449401204,0.584551685088427,0.267121476734321,1.68258787780058,-1.08278407311115,-0.0722427723255597,0.867034375246806,0.100198314053572,-0.0630932718429376,0.0324177180989844,0.0144324289864763,1.58206781009085e-14
570.957,1151.79,0.634043080400333,-1.30593206744632,0.779345404294945,1.37192406154304,1.97385218520336,-0.756211407822046,1.09125467722193,-0.0845073148342432,0.071086216677537,0.232013113200055,-0.0618013940825961,-0.318644709039848,4.66293670342566e-15
569.962,1152.29,0.972293173867466,-0.801686226735123,0.936536262545879,0.465315400691261,2.15458260978703,-0.526807504752107,0.278362921914171,-0.0144866189473558,0.323740158949986,0.448208869464788,0.0251116024989243,-0.39799619720716,-9.43689570931383e-15
568.862,1152.79,2.66107505771146,-1.3577147566194,1.58429677697809,0.565773710859047,1.88557565317687,0.140076453518722,-0.0710076105749723,0.518790737843031,0.418245461962504,0.409216431835133,-0.0640886556539647,-0.197020727983863,-1.90958360235527e-14
567.849,1153.29,1.64612545470117,-1.43968607702561,2.4385631018601,-1.57501004481004,0.187745530578335,-0.956010642520783,0.760399415876852,0.404446213128202,-0.00778935901503162,-0.025679489721202,0.0486141306804247,-0.101624657035775,-2.18575157973078e-14
566.899,1153.79,2.55364804071035,-1.37987452249313,1.6326873296283,-0.841354606265353,1.73552522539407,-0.482800364665769,0.690266333870354,0.643328046914599,-0.00485925399125631,0.592962811098592,0.130356078870055,-0.400018513589336,3.1641356201817e-15
565.949,1154.29,1.90430719393918,-2.17133516497111,2.15965182547502,-0.449035348890275,0.737632738592953,-0.154320874458462,0.85217381906657,0.498610844607234,-0.700740199532967,0.0882170548021761,-0.364908296578825,0.0716996855756431,-1.05748743095546e-14
564.999,1154.79,3.61891598454425,-1.18669310628246,2.50106617528006,-0.261997339967992,0.577171548014362,-1.02465328458115,1.23056094499709,0.195097179918759,0.140690787411499,0.140891196123822,-0.133562285560921,-0.0548332172987724,-3.10862446895044e-15
564.02,1155.29,3.1890247514876,-1.71652475149468,2.50743213220227,-0.14439435936649,0.789803675130255,-1.49264052872127,0.687865554054185,0.180920285014959,0.446706494364603,0.614448569519249,-0.160929623131755,-0.0354897951478644,3.37230243729891e-15
563.02,1155.79,1.27772431923321,-1.17178971873634,2.44656603449133,-0.418501947399389,0.430560248322715,-0.346410674237259,-0.561867939951802,0.483584337586544,-0.638823001742092,-0.0701830176027203,-0.0611908686457354,-0.25067083367517,5.41233724504764e-15
562.107,1156.29,2.96424164187443,-1.29973748742029,2.50244175155964,-0.356931532986503,1.36085403193828,-1.1628211723558,-0.126178079786666,-0.297736200785097,0.336320775008831,0.749598521469918,0.0421194921549669,-0.0868220668629292,1.01030295240889e-14
561.257,1156.79,2.77442453853175,-1.21613883584129,2.31589204513947,-0.739922596508136,0.869870515628518,-1.81742047245676,-0.357862290308608,0.423811113649654,0.644585885757637,1.08299676459638,0.0100482927161073,0.086978089588184,-1.29687927064026e-14
560.465,1157.29,2.61375160326973,-1.26522571554294,2.43968190869635,-0.860354666914322,0.503929032679638,-0.819065273104088,-0.0550286493865946,-0.206121282230809,-0.400098180114439,0.650574709606224,-0.285550514385154,0.195755581443577,-8.84708972748172e-15
559.715,1157.79,2.48622314674461,-1.00374635003419,3.47041449078815,-0.417301813488173,-0.438103295979036,-0.925177802357629,-0.515047539471192,0.241009653850975,0.306773256123352,0.444939159926211,0.0329083800604592,0.211800477514924,-1.20181642415673e-14
558.907,1158.29,3.22699200048235,-0.512825272130493,2.61025525775127,-0.146113040662204,-0.357350606536166,-0.696263524395218,-0.0272903221566798,-0.127123924104933,-0.45192984268443,0.588446966249358,-0.0932028389709783,0.0569413370410612,3.19189119579733e-15
558.057,1158.79,3.32654008427938,0.22018509990416,2.2172375622824,0.404681030938176,0.652264428611067,-0.0440221196207936,0.119586144957919,0.439586760949585,-0.85238762351527,-0.0449771733562613,-0.111450616455163,-0.08954910918822,-1.02973185533983e-14
557.149,1159.29,4.39077212898606,-0.378297480987384,2.85257546145859,1.19395126943962,0.00814321369773613,-0.403629324576961,-0.342803337991297,-0.000592826005941155,0.286643046623412,0.675211923889433,0.00955331321233908,-0.0692561063009312,2.02060590481778e-14
556.199,1159.79,2.89825371847338,1.09209542155651,1.63168734796737,-0.202250036134387,0.763096701600174,0.401332909881276,-1.12414959269821,0.297479992983063,-0.383261861446615,0.217577054269766,-0.110609746534456,-0.105652037853563,-1.41553435639707e-14
555.307,1160.29,2.92718784195409,0.981431336823487,2.17449223299609,-0.0814039535976956,-0.141732938132276,-0.197356603365298,0.260437527148131,-0.790949930947791,-0.705999337965633,-0.262582874167714,-0.489237309511933,-0.0953479219838552,-2.13301598606108e-14
554.457,1160.79,4.71018089529829,0.992568883540821,1.93320611121021,2.1709509617846,0.855766689600344,0.824727650228158,0.521821681171388,-0.408117900010739,-0.581326084666942,0.193491800609958,-0.102165184707222,0.167442276296577,1.11577413974828e-14
553.578,1161.29,4.05109867851351,1.72960477982708,1.49976662616432,0.472887363707313,1.34343825541281,0.00558708806222774,-0.444500114866484,-0.0477039859659276,-0.0340892251296067,0.00354541693916036,-0.311754781858104,0.00414879285905167,6.43929354282591e-15
552.678,1161.79,3.92062610648954,1.31571419181198,2.03869551773211,0.0429292383827586,1.05159917786977,0.300746354639889,-0.353682853624653,0.338108018686734,-0.22941432394272,0.183492838245667,0.228073556988585,0.0541066130659774,-3.27515792264421e-15
551.807,1162.29,3.96700768954732,1.54675894021131,2.07216806072274,0.377720140532209,-0.313061404697781,-0.812075173573681,1.14935778478319,0.231246376083496,-0.611141459756635,0.112717658365302,0.162405350880603,-0.091063315446758,-1.51684220739412e-14
550.957,1162.79,3.23306679181554,1.33329948458736,2.48551897359424,-0.396991251595229,-0.343753772862919,-0.336226457483478,-0.0131079092563992,0.0178908998872489,-0.803911315692576,-0.498739957437023,0.0288459147200665,0.11233066022944,-1.21014309684142e-14
550.078,1163.29,3.07327563565825,0.989475556718809,1.61501992646355,0.250526530728236,0.398432574029178,0.381995920054547,0.296173499892215,-0.228705430523797,-0.804600582598319,0.302578350781677,0.0839657176022921,0.288992422426013,-1.66255897937617e-14
549.178,1163.79,4.32495307094881,1.11374776739746,1.32734833240623,0.183398331941403,1.42530309189915,0.156005585548171,-0.417246474017246,0.155707966972196,-0.51461779576721,0.416757588401486,0.29091284630429,0.159795591428901,-1.87072579649339e-14
548.249,1164.29,2.97354193508237,1.1835526326469,1.62236044499265,0.198236443949177,-0.101418328676458,0.029240863419757,-0.600174399163055,0.528350424716314,-0.652517005315569,0.202650706517002,0.130997681951454,0.20338444662635,1.58519031234761e-14
547.299,1164.79,2.64628810505103,0.427078568924239,2.324370230935,-0.0642955539306048,-0.766867126182109,-0.35529916353217,-0.185885783924427,-0.461705399875959,-0.618165675427329,0.199589369868273,-0.252595039168839,0.45793325522199,-1.7125190154843e-14
546.262,1165.29,2.28585728126747,0.873117990841059,2.04815715089819,-0.0765233873580286,0.400536456505059,0.660528588787995,-0.601205293744405,-0.376013606701125,-0.494098502316874,0.13555810813242,-0.32194375255365,-0.00712370333986719,6.41153796721028e-15
545.162,1165.79,2.78770864428817,1.61621376265635,1.80963746547382,-0.299670172771655,-0.616193599259065,-0.492722383489657,-0.465155128580768,-0.193770495832637,-0.163770134079654,0.444943739744586,0.0980640109465642,-0.00764100909244088,1.09634523681734e-14
544.091,1166.29,3.53929602571334,1.05248506889634,1.89457056890358,0.0055753874235791,0.529729305235371,0.00609548796878737,-0.761754558621262,0.263039636015783,-0.21891962118485,0.202232847329033,0.0178548833184531,0.108385002287473,-4.85722573273506e-16
543.041,1166.79,2.37344785214289,0.779811954502684,1.80223386238646,-2.16742986775831,-0.559516782111328,-0.689774204858706,-0.696243088617051,-0.423602827067867,-0.753215856091963,0.176432881357919,-0.0164626214727884,0.125873074794176,1.16018306073329e-14
542.049,1167.29,2.42849438410554,1.14443203984048,2.80350559204726,-0.205947831408124,-1.71263339882712,-0.60650727407698,-0.360465538439058,-0.129935093558374,-0.0443263872505488,-0.171734087177422,-0.129541978209429,0.16511822474155,-2.16493489801906e-14
541.099,1167.79,3.53703900341859,0.439084469731161,2.31272934446722,-0.0992100309012431,0.375449159943333,0.463623103316096,-0.27224575038477,0.25990520731639,-0.724885139229622,-0.258336796984191,-0.0692620363130149,0.410783014685191,-1.68753899743024e-14
540.265,1168.29,4.93161891497175,0.157536086480278,2.43173035441724,0.938393909605767,0.0984824928384385,-0.00945758443599315,0.656058713796236,0.144773630019704,-0.5100040174739,0.344895640446103,0.0870260957276124,0.362098808324106,8.40993941153556e-15
539.515,1168.79,2.83214873401514,0.85592514004318,2.18146215963452,-0.281261890352221,-0.968717573239153,0.147885674200068,0.244373840105878,-0.158973069622081,-0.794038946112524,0.0857422398299416,-0.0381434710747678,0.0298426365387686,1.44051437445114e-14
538.678,1169.29,3.73598415661308,1.21286639341583,1.83480695788882,-0.803374498592426,-0.770719062756073,-0.371872411966691,0.0173201760677401,-0.136398310740052,-0.417766726003235,0.572718556093999,0.107190455936199,-0.291910819685378,4.46864767411626e-15
537.778,1169.79,3.49095090830336,0.846386036403063,1.60532225561072,-0.415441202333705,-0.417431192483985,-0.312909843855117,0.0537058109680997,-0.0829899076391465,-0.376553520769409,0.609203007139768,0.0398026232507507,-0.00679515020753273,-4.16333634234434e-15
536.791,1170.29,4.44395587540611,0.305417219137675,1.78596455266209,1.31335835480967,-0.00157774829811463,1.01879253593625,0.0820526893271637,-0.749384742444424,-0.610662523070831,0.498656175973935,-0.39804668521718,0.364309788144722,-2.72004641033163e-15
535.741,1170.79,3.64640818075662,0.455780865303301,1.82014404501794,0.254036312511522,0.740211846687741,0.290779398986958,-0.00498833580346979,0.0203135624483843,-0.572545736957647,0.0804581163430334,0.16252277301703,0.0201694167386614,1.47104550762833e-14
534.749,1171.29,4.7528480618924,0.841120984379836,1.7287316018893,0.228660529800554,0.829981194268361,-0.118752280724681,0.449688437348879,0.16752954361197,-0.333978510960608,0.360136256309874,0.647587779546727,0.417513658647029,8.52096171399808e-15
533.799,1171.79,2.75802211681726,1.5903846041512,1.45049423613043,0.486104002284118,-0.180717738113279,0.727264169150571,-0.221221391951644,0.0825255717081835,-0.805198407014771,0.123677030716075,0.0315244494634537,0.115081011667657,-2.14828155264968e-14
532.878,1172.29,2.943060720593,0.703721782159567,1.7886033683022,0.367306720486052,-0.147818254873707,0.0977508227962564,-0.0287855677276204,0.94294015679273,-0.443509252527019,0.0328508417657314,0.184451358582286,-0.115699279723219,3.90312782094782e-15
531.978,1172.79,3.63477810214541,-0.0355636753127932,2.06617219315186,0.650154193617962,0.0786657970125946,0.984979339058857,-0.338282709722923,-0.572888619034104,-0.0626351486012236,0.626767241265596,0.0295084385029356,-0.0574126800361804,-7.93809462606987e-15
531.049,1173.29,3.64152408396842,0.331815378433275,1.73259387801869,0.522020772987686,-0.53585013615773,0.231975469242067,-0.00936824546765307,0.714969135331043,-0.53528982837473,0.120779372416253,0.320448266922893,0.120688551386125,-1.22749033160119e-14
530.099,1173.79,3.34514669607968,1.08395349819017,1.44987302292642,1.14212386472503,-0.0268296128952978,0.819516327797148,-0.610869542133911,0.117399660098091,0.0871220595423007,0.391119594360589,-0.134259530768072,-0.147168120219802,1.27953203588049e-14
529.265,1174.29,-0.410179738611784,1.54371323533683,2.82711414983571,-2.22333155165597,-4.68624899170911,-3.54481968979305,-0.0960018630894542,0.0401351964592528,-0.286724540257497,-0.387487602560701,-0.553795267106016,0.433855974022487,1.37667655053519e-14
528.515,1174.79,-2.02954680538337,2.33515392942935,3.16916512337283,-2.33479754330265,-6.21019408163307,-4.8112599494766,0.427476880379651,0.0981022542068857,-0.290094930102228,-0.561017621710966,-0.283078250614085,-0.307054356342101,4.44089209850063e-15
527.649,1175.29,1.19710373054246,0.866980708434739,1.78994023440315,-0.408803168740231,-1.97239725556962,-0.7462281848221,0.118247021126016,0.213187742887384,-0.515204545833352,-0.233811811599464,-0.0708497022037922,-0.222131628729829,2.22044604925031e-15
526.699,1175.79,2.56849260155424,-0.103137045696006,0.957153649692487,-1.1882852175103,-0.226550704620996,-0.0754460935585772,-1.11906355031007,0.372929143069197,-0.388313024572056,0.619906501328566,-0.284690253622567,0.21654333463126,-1.346145417358e-14
525.778,1176.29,2.71884503508127,0.241650451295714,1.40995879421533,-0.792333619116563,-1.02939872657746,-0.583987758399788,0.617336090931997,-0.510685474253671,-0.747777938897112,0.099492514346638,-0.0950687688005932,0.219961798022651,7.2997163869104e-15
524.878,1176.79,2.88896849889472,-0.00571570319571028,1.0732124074975,-1.10123494537085,0.0945492200889665,-0.0608319031735458,-0.759157575749559,0.801902144676464,-0.299244171690747,0.38187884924749,0.230545952564984,0.321360125707689,1.75554015768853e-14
523.978,1177.29,3.41372085566005,-0.414208263434039,2.06167322144886,0.083360165734624,-0.0544446454286013,-0.366310756456067,0.805573868054074,-0.295572098273659,-0.14752743971296,0.0490262194867912,0.121968005834327,0.26290229902204,1.27675647831893e-14
523.078,1177.79,3.14000193184864,-0.36436693338855,1.54375807613113,0.500353370493501,-0.1527490212365,0.338802209053213,0.218077583176403,0.613935930731611,-0.267435084287441,0.423001000046407,0.124292367321019,0.127988003122633,-7.82707232360735e-15
522.149,1178.29,3.72446128307961,-1.24351986405759,2.15522013148259,0.914913327407233,-0.294348790035611,0.25834154576354,0.799236242540421,-0.381460002492993,-0.321280980012503,0.401341964764724,-0.0635279985310643,0.0630051447067211,-1.85962356624714e-14
521.199,1178.79,1.47137028980436,-0.934430165469224,1.38994718595258,-1.4433127892742,-0.870298283532172,-0.0329662088131852,-0.889818206304782,0.903109589930061,-0.306104523677585,0.482484020531318,-0.13606295077777,0.0119789240969525,8.52096171399808e-15
520.365,1179.29,1.77561250466729,-0.994200718665381,1.68651826319059,0.0493270368576493,-0.640375550607604,0.744811483580352,-0.178995547418811,0.0641204154990448,-0.401620442845624,0.278331077761045,-0.254969393266258,0.0467076128510872,-1.23651089367627e-14
519.615,1179.79,2.06225026195978,-0.921575791188292,1.49804507311071,-1.19430028626204,-0.604024555649924,-0.202003416786176,0.628780116198042,0.437334991119966,-0.961656930704545,0.0637303427395313,0.172610782406093,0.248629352782818,-2.33424390927439e-14
518.662,1180.29,2.08764917382544,-1.51098520901043,1.9655731033805,-0.0878616049242745,-1.15634820040213,0.113681970390816,0.813689693342405,0.764455631859918,-0.350575790927149,0.442256357741283,0.276037516895165,0.177389768084304,7.43849426498855e-15
517.562,1180.79,2.15694295086357,-1.48671548311551,1.49762870097537,-1.24591633809403,-0.490508441945364,0.198775614421239,-0.0324049467886103,-0.0710572997593971,-0.301949401693794,0.436824185346352,-0.168172574045597,0.14017437006893,8.66667848598013e-15
516.665,1181.29,2.71385467311264,-1.28734826612024,1.96237652569317,0.218413117219333,-0.503921726308539,0.293759320212311,0.648289243929358,0.904650990489091,-0.0251590710401759,0.0887349764568101,-0.00220085857738841,-0.18367151315635,3.35148575558719e-15
515.915,1181.79,2.75697530205612,-1.6433091281318,1.4339679785874,-0.479749825491683,0.733528130286806,-0.325529847413174,1.05102160870615,0.439485940575776,0.171993745919557,0.402254022160643,0.189707989330382,0.145563748238651,-3.49720252756924e-15
515.078,1182.29,0.991342173517486,-1.64851964432235,1.27786322227827,-0.715079574377573,0.746952097564673,0.530955241314935,-0.0402826898083336,0.412536326341265,0.107146881725867,0.246421342344828,-0.0758320178537538,0.234769427052476,2.09554595897998e-14
514.178,1182.79,0.367322893004359,-1.15212250881473,1.28997536313884,-0.451866859580635,0.466837331242497,-0.255747630540987,0.710320579260569,-0.325598648209078,0.0872161795988317,0.166152902174403,-0.141047700975251,0.0907793056005003,-1.04222186436687e-14
513.307,1183.29,-0.0635986128622605,-0.366587565007772,1.24779343536362,0.538099815835809,0.148649115406397,-0.735989066774457,1.09158243384051,0.305666859018448,0.348564295799091,-0.170094864153644,0.0177489507783208,-0.271215805293424,-5.17641485231479e-15
512.457,1183.79,-0.546235312548022,-1.23591180156374,0.0868807059579343,-1.13020181870203,0.768811739964632,-0.236286067686403,0.864817942984217,-0.533643602038186,-0.611420228052313,0.91020270571766,-0.106032422127513,-0.21766553607437,-2.83245649157493e-14
511.549,1184.29,0.491469723168108,-1.9505763984677,1.40940860039692,-0.0848318978514169,-0.564342028941829,0.231207732377395,1.02558081561041,0.00176293563262451,-0.144585896035623,0.329961511160204,-0.074030788045222,0.117891100263038,8.29544766212109e-15
510.599,1184.79,0.377431491432653,-1.87438212375158,0.785507304362963,-0.375535505459855,0.0202375497325537,0.316992331487837,0.721130093308546,0.109332349424759,-0.245672391759432,0.324740575358236,-0.349864688786588,-0.0883569094311365,-1.37112543541207e-14
509.62,1185.29,1.86451863366926,-1.73180636561753,1.1406882450829,-1.0914273922306,1.68292911340684,0.912792932390797,1.07353709609695,-0.187807744331499,-0.214525015949296,0.185363485749657,0.220311483106414,0.313090747003802,1.5709655798446e-14
508.62,1185.79,1.4344790028531,-1.43079386988607,0.839292349302161,0.509918869955315,1.33898835695785,1.19174756093581,0.629658226258388,0.840846876149969,-0.00180144168477936,0.655487353166727,-0.0749913378366718,-0.253561103780254,4.49640324973188e-15
507.591,1186.29,-0.215240143820328,-1.20970583948279,1.45293085958157,-1.16015435052201,0.355698986893794,0.0155963306174362,0.246576702608285,0.255912464972841,0.175188969026029,0.22561628553929,-0.143957001662039,-0.18190884320303,3.24913707050456e-15
506.541,1186.79,0.504703962800809,-1.89766846637801,1.74058418521015,-0.907298480275614,0.421412529303435,-0.14466049925773,0.481973665527951,-0.14861265550164,0.258946669974889,0.710028462567563,-0.243376605957956,-0.237784717698566,1.01030295240889e-14
505.636,1187.29,-0.825119158129897,-1.43156396773783,1.34241650913026,-1.01723865627713,0.994083607507251,0.160393214251617,-0.0215000725049697,0.158579028242823,0.309218195015802,0.698603042656881,0.081130093433084,-0.287536844075504,4.88498130835069e-15
504.836,1187.79,-0.100760206887155,-0.880134861691378,1.58527000747219,-0.283434676038928,0.253928799520451,-0.611184313597849,0.0345962054875052,0.741716243257137,0.389301237595459,0.311996683351002,-0.17623276452591,-0.439049376274156,9.97812943381859e-15
503.92,1188.29,0.565290225914193,-1.40524998765948,1.93424030340571,-0.624217067780564,1.20648950453322,0.00555441328839978,0.0602862593630418,0.887573435869961,0.0362905530296452,0.451149313475413,0.0202265851441587,-0.138392090645011,5.82867087928207e-16
502.92,1188.79,0.198462279707243,-1.3917136510623,2.29972010510517,-1.07236931557624,0.242678995140805,-0.30555419397572,1.18267755015701,0.0454361510699403,-0.554139814382454,0.504340572554626,-0.0772181066607432,-0.398774624248291,1.7055801215804e-14
501.949,1189.29,-0.0465389511075867,-2.31430601527068,2.71900950319926,-0.809551597329081,0.706849444941017,0.60678833992331,-0.834680500789257,-0.00797415362951159,-0.470962288315461,0.429350741579717,-0.236767693751867,-0.215862037454636,1.45161660469739e-14
500.999,1189.79,0.0582462244856416,-2.15755606178962,3.17678007687953,0.0668131137597829,0.482662130342658,0.656376684166356,0.25734351139421,0.359754511886952,-0.543489987456552,0.234043322093216,-0.100169471446597,-0.34856011209193,7.41073868937292e-15
500.02,1190.29,0.547993449681071,-2.40526020997657,3.97987629320672,-0.81458892708244,-0.438375942067287,-1.09997452432584,-0.211101732078138,0.738688596983148,0.625677151737242,0.251580238161896,-0.17870071979848,-0.191165029841803,8.43769498715119e-15
499.02,1190.79,1.29769071739662,-2.01984390418066,2.70298055424871,-0.595937355314701,0.887058149905524,1.06194443585344,-0.445307997597718,0.324120855808608,-0.24253220838227,0.0845228431970976,-0.687474863576624,-0.335528898417529,2.01505478969466e-14
498.02,1191.29,1.79845800340238,-1.70519196532059,2.48425571885329,-0.579245986721168,1.4452890087784,0.739417752663944,0.364324948332192,0.946510461840428,-0.155963912206439,-0.15601894294695,-0.119773218591233,-0.13039684066684,-1.32116539930394e-14
497.02,1191.79,0.221248964310802,-2.69685570672008,2.61459629620715,-0.779921085029131,0.561889385550941,0.542028012922956,0.602463013534667,-0.28529881519827,-0.403708792346788,0.122311676685694,-0.508760066072661,-0.0803500823359757,-1.47937218031302e-14
496.107,1192.29,1.09286546297237,-1.89100438130891,2.89680263434449,-1.39274532801233,0.0479194603852696,-0.13329869247052,0.647913792237373,0.458293852735037,0.013450952953015,-0.108468902862294,-0.0972879742460517,-0.0255494053371607,2.019218126037e-14
495.257,1192.79,1.7157620331745,-1.51854978711747,3.12336108233548,-0.418597870793955,-0.113578367869691,0.17752183321805,1.52844990408512,0.0823571639235055,-0.00525712085281701,0.137539396840371,0.215784232215167,-0.0802027928335948,5.60662627435704e-15
494.378,1193.29,0.96225766627505,-1.73380016161428,3.52145070723519,-0.428522913549412,0.689891386039571,1.32455078768951,-1.03182553278784,0.681922705490614,0.579240471192076,-0.212484419564344,-0.436519878885611,-0.0884059431142285,-1.87627691161651e-14
493.478,1193.79,0.149593328570856,-1.31296475752072,2.39847981791391,-1.43803679025837,0.808392206978673,0.141774979168867,0.408219637529093,0.0988302799367815,-0.20901927452953,-0.162711853404498,-0.170234287514508,0.0342739911306275,-8.11850586757146e-15
492.549,1194.29,0.283492744827398,-0.344887066210908,2.74888199454232,-0.769578570993854,-0.0551244521661752,-0.786406912819017,0.734312120272489,0.156274936707115,0.156385708955374,-0.359395859646848,-0.307491374848937,-0.138717390526743,-1.15740750317173e-14
491.599,1194.79,3.70931289404107,-0.5027482665297,2.08827644159392,1.85295946556488,1.43331305031151,0.0647435349766559,1.37275520926859,0.474063084950196,0.489969726577999,0.52870182008354,-0.0890639108120062,0.149140245920281,-2.40363284831346e-14
490.562,1195.29,1.65258198768056,-0.870541309058462,2.05139847673732,-0.762390388273429,0.258291340818984,-0.709967862453847,0.367992936159685,0.796407750828745,0.0676543503623346,0.67719828504721,-0.324538016248504,-0.196840380073055,-1.08107967022875e-14
489.462,1195.79,1.5316973689545,-1.56618646397207,3.22932006166997,0.371165689664184,0.602733665437581,-0.147350084971929,1.14907209445321,0.14112711641546,-0.249236021113293,0.0528029139781892,-0.30000951926744,0.224925363551232,3.49720252756924e-15
488.478,1196.29,2.41774266886498,-1.31248932288681,2.26913431564791,1.04883341036227,1.1497908059729,-0.747381533986885,0.203598535063226,0.925631569777413,0.788037842615266,0.925171780889326,-0.205339164170092,-0.1807240111582,-1.69309011255336e-15
487.578,1196.79,1.24053931288455,-1.33985273017421,2.70816536774075,-0.653692983662239,0.137827939316509,-0.750265287318863,-0.251836442224352,0.839547758096004,-0.0492870935089194,0.368861195557718,-0.261054329193374,0.239011852129527,6.21724893790088e-15
486.678,1197.29,2.16401700310925,-2.19883053391958,2.72938749156725,-0.396228819417077,0.395478838528394,0.0867736629690157,-0.529587124894224,0.493554470122792,-0.249431994105693,0.752312180219588,-0.0668963854299785,0.498131518115593,-5.96744875736022e-15
485.778,1197.79,1.68164044929921,-2.6378716000066,2.82489236404836,0.675790138777633,0.24895761888414,-0.261626739531956,0.478647045678998,0.608297310582619,-0.650894337507151,0.362733589161771,-0.156668932531937,0.320792041814093,1.17128529097954e-14
484.791,1198.29,1.44469960474227,-1.08896683726907,1.72709931184853,-0.363623946519647,0.0869794270103985,-0.961798916804193,-0.0754823740419905,0.143715690711872,-0.394208159346324,-0.164104285332889,-0.0167813922138034,0.274743884152904,-1.37459488236402e-14
483.741,1198.79,1.49129834326364,-1.18089270263141,0.314025325562304,1.10764576853247,-1.05406881873913,-0.307290722041718,-0.24667710142105,-0.412449986788379,-0.698938245367244,0.0449346546255325,-0.418433991444686,0.352900407065111,5.81479309147426e-15
482.865,1199.29,1.48313466135555,-2.10523621732271,0.39272730747155,0.0408546721799024,-0.0263766864178733,0.67683062016776,-1.27173431634181,-0.425713775890487,-0.751338951037066,-0.154034331284165,-0.224290964528228,0.202718731520574,-7.7715611723761e-15
482.115,1199.79,1.32992471922561,-0.437678678244099,-0.558344319896009,1.21265675730004,0.318083667122451,-1.43786178313591,-0.236661457468357,-0.0326050683585636,-0.162613497330323,-0.266211994545673,-0.343595956306638,-0.293380631862801,-6.10622663543836e-16
481.307,1200.29,2.56485149016148,-1.05596458849754,-0.996777257392031,1.15065575150904,0.31350898923287,-0.399299162856329,-0.677195033369578,0.108276451551384,-0.702084141138308,0.24038583327398,-0.00947124005916393,0.0770162752665085,1.27675647831893e-14
480.457,1200.79,2.50337566954479,-0.666716754275423,-0.52709061413756,1.17673258373591,0.124281921982761,-0.0656827998001761,-0.505819685384465,0.0897473252457775,-0.705629300817866,-0.285220886530201,0.0588938330674121,-0.234261026852066,-2.22044604925031e-15
479.549,1201.29,2.29114265050483,-1.03188785038109,-0.13535128142959,1.23182248022853,0.341365867202461,-0.982953075421762,0.211399350231519,0.520333951247773,-0.487910878637238,-0.213505691904974,0.35233112290862,-0.153746131788735,3.96904731303493e-15
478.599,1201.79,1.07162613481776,-0.790854505772026,-0.952818760501337,0.632856045783334,-0.412461423488065,-1.3588895310454,-0.639092321552919,-0.105951926767907,-0.843809832464571,0.0642111229751897,-0.141481141043869,-0.0464638189086417,-1.57929225252929e-14
477.649,1202.29,2.27719395871807,-0.885279041395786,-0.698640738057156,0.00879946390133998,0.78458528230205,-1.44198072895504,-0.15505719031386,-0.0833253198844697,-1.0848553034366,-0.510095125017838,0.276187809207883,0.240981501576942,-5.55111512312578e-17
476.699,1202.79,3.25265570733315,-1.63424454031915,-0.953017499219331,1.05694655375084,0.758327768489704,-0.698595156619554,0.00666197891509705,-0.776499588846538,-0.834311586568826,0.495531501103808,0.145472210114447,-0.160276187478386,-3.21964677141295e-15
475.778,1203.29,1.35550282410383,-0.961670754920478,-1.30605967469787,0.0960958480529615,1.15342527290247,-0.852147714974435,-0.471262388198379,0.380922374024482,-1.18204527269617,-0.366707364628863,0.131208453915672,0.0527470207156521,1.75415237890775e-14
474.878,1203.79,1.26974262394648,-1.77171706855036,-0.658858041572015,0.875761833239637,-0.331206764755416,-1.76932498919471,-0.341780307861273,-0.45465172074199,-0.682877077041072,-0.471672795568128,-0.0551902808989198,0.0517789889149943,8.82627304576999e-15
473.891,1204.29,0.727456589790178,-1.66250829412815,-0.744115535143781,0.637132586248892,0.0281099834558632,-1.32829373389416,-0.673207293613584,-0.193766118007416,-0.458735340221585,-0.201604532864445,-0.0742833780527112,-0.0774636163531591,-1.44814715774544e-14
472.841,1204.79,2.58660317752338,-1.38982056599375,-0.802223997720146,2.05896993583237,1.78132706766926,-0.469449091987488,-0.0393819183542224,0.445559341280782,-0.509123715952115,-0.596160651666719,0.118976148181329,-0.222637394347359,-8.99280649946377e-15
471.878,1205.29,1.52252562282038,-1.13945142246321,-0.676286344520071,0.514370414452903,-0.0188249938843262,-1.09518256972383,-0.36579452482357,0.118942229726515,-0.228989625137458,-0.198212896385085,-0.333088340355336,-0.122898180288931,-2.59167687310935e-14
470.978,1205.79,2.72720435259989,-0.800670990600307,-0.182912711576713,0.646415056661082,-0.30968809552622,-1.78463677766079,0.170086623824156,-0.467834272925343,0.113144859956182,0.285695305298732,-0.0432873658719725,-0.276380914306804,5.28743715477731e-15
469.991,1206.29,2.59518641036907,-0.290247590470669,-0.581578032662559,0.496037790215423,0.546189007864611,-1.02340459555107,-0.586665950999859,0.204456904494145,0.0999318919448371,0.539507775692973,0.20640256940205,-0.304954715484749,8.1601392309949e-15
468.941,1206.79,2.27495912444009,-1.00604774843324,0.680417131822706,0.737404776590941,-0.182383934811154,-0.17490343711647,-0.763294911641917,-0.268243456987127,-0.490602195919673,-0.061669684084065,-0.0534308107319817,-0.107341765860828,-1.86933801771261e-14
467.949,1207.29,1.87116673351767,-0.0947184065177452,0.849946701065656,0.108001488384132,-0.548201856754893,-0.829455125357306,-0.813538338035615,0.254761213546095,-0.233703518372777,-0.0320189213256403,0.165522673160872,-0.0861654369719279,-1.24067423001861e-14
466.999,1207.79,2.85057631547187,-0.510944923041491,0.54247292548496,-0.744482602094561,0.630177961399317,-0.301336894514765,-1.44610500016391,0.135732030576002,-0.631495483310618,-0.0132923876153369,-0.0414769561844885,-0.0799755448783375,1.301736496373e-14
466.078,1208.29,3.24277669883229,-0.701676823635003,1.37661975144685,0.502072920479215,-0.749413321970124,-1.10401964577442,-0.796259560059581,-0.403541942690472,0.105829454926947,0.166696714439194,-0.117003041923838,-0.143258210041299,-1.90958360235527e-14
465.178,1208.79,4.50534395474742,0.500990760359997,0.413261663885071,2.24120198734547,1.29169275427909,0.0228599703293872,-0.365667408375587,-0.0295727163569759,0.214809905101905,0.563014948703749,0.31505385921574,-0.413076847338379,1.33226762955019e-14
464.278,1209.29,2.5994069520612,-0.0805974467500794,0.986675437379959,0.670080134985775,0.684202411844351,0.4598366824783,-1.09048843175377,-0.573562786089968,-0.323872511332932,-0.172539593302682,-0.112486819576304,-0.021714710441867,-1.58206781009085e-14
463.378,1209.79,3.7835613951881,-0.272902248836639,0.821336444243399,0.782632219159216,0.0968690202484711,-0.11967227168971,0.109717313819543,0.23714371384092,-0.834577054879608,0.349387738139459,0.320736545024839,-0.149381708578986,8.52096171399808e-15
462.507,1210.29,2.97405797842802,-0.45894081448446,1.41385713182934,0.200664774839109,0.746060678075125,0.164605272563999,-0.135354399605944,0.184424172736505,-0.832015435110806,-0.438315173684267,0.133545973747581,-0.131283134233059,-2.55906407176099e-14
461.657,1210.79,2.71317241607048,-0.585579347616904,1.0096199014374,0.414828633156237,-0.205478843192339,0.455562898088981,-0.358522099880453,-0.878222054316227,-1.16458050380709,0.0332420308542972,-0.137767714562256,-0.371478220024488,1.94289029309402e-14
460.749,1211.29,1.79873121046777,0.669353432773438,0.652681202268928,0.219106640454916,-1.34414851091826,-0.206049616884648,-1.01597631250055,0.0663232858023387,-0.587240246155639,-0.161739300847316,-0.269478537738035,-0.759984133077152,-2.20101714631937e-14
459.799,1211.79,2.36644283001845,0.914645264985323,0.0996644586331931,-0.383513090318256,0.116740790243406,-0.113794670777391,-0.00824191897934671,-0.293255644521884,-1.09973245703667,-0.175150473792697,-0.207810273146412,-0.418828247937709,-3.85802501057242e-15
458.82,1212.29,3.34327208445905,0.475671388325812,1.245899034062,-0.498178914544607,-1.67927146307804,-0.908296434905809,-0.361177054680685,-1.02240238095591,-0.158931751529949,-0.0552519401996939,-0.296118274232234,-0.480613719926708,-2.21489493412719e-14
457.82,1212.79,-0.791116704856969,1.28087479192954,1.20642956461075,-2.49063414493959,-5.72004057564405,-4.16392195620052,-0.523818469266939,-0.303463779293041,-0.707044031204896,-0.711554671088211,-0.561139469558664,-0.522076353789452,-9.54791801177635e-15
456.849,1213.29,3.07846846393851,0.559096283353899,0.658062696101614,-0.0708261949438158,-1.99240390715446,-1.82880203058455,0.186653530708101,-0.232729445422651,-0.405162100812454,0.057011761971913,0.0647048641614416,-0.0638879221869095,-3.5527136788005e-15
455.899,1213.79,3.30682226324532,0.324165476785427,-0.0839150385823182,1.00543699399839,1.13564534498742,-1.24814131502362,0.44410118380758,-0.635607059123166,-0.457580515365181,0.144934472248428,-0.120410725384196,-0.176826956668203,-5.60662627435704e-15
454.978,1214.29,2.8640464013569,-0.144704562103711,0.200808874168174,0.706038785729731,1.16212148706998,-0.22176602343119,-0.000558515499241696,0.0863006998778368,-1.02791699686496,-0.444881049951852,0.354867222581448,0.148206555347274,9.82547376793264e-15
454.078,1214.79,2.88646670890676,-0.343949591834107,0.863510428034313,0.421229735015651,0.387085693920323,-1.44560419770058,0.022312240344609,-0.490467533402081,-0.191698036857487,-0.605517187653888,-0.084575446454173,-0.174433620396223,8.05605582243629e-15
453.062,1215.29,2.67829461223073,-0.473393703349945,0.520502386749004,1.41496000729612,0.410139411508235,-1.07730901614622,1.15100066159856,-0.367406912167919,-0.991342364340915,-0.40447466996414,0.0183654092113715,-0.538134258588398,8.43769498715119e-15
451.962,1215.79,2.40061243920181,-0.841893541710949,1.5150034953317,0.505208686724548,-0.0876301051275415,-0.702035346842817,0.559568546591715,-0.245638506388664,-0.373216244285858,0.404696934613217,0.0817821934057903,-0.350067536804957,-1.0842021724855e-14
450.949,1216.29,1.81046652501667,-0.938049646143079,1.66152238904379,0.217798338146507,0.669027935289805,-0.584068506975193,1.09718567277268,-0.487451249290609,-1.00623204786528,-0.550318243266432,-0.510565508361615,-0.326109938800373,-1.94011473553246e-14
449.999,1216.79,1.92730387142356,-1.26079843582155,0.59129910382894,-1.21033648826019,0.79522007447443,-1.67457193610868,0.603613715929893,0.112631591159085,-0.55287542279246,-0.0118010672231737,-0.155671407829769,-0.137162096314606,-1.92432875190107e-14
448.991,1217.29,3.10037993975047,-1.41947737545736,1.20119611761276,-0.700731288143989,1.85589858542785,-0.655103414697494,0.822747460144285,0.347521940861933,-0.465080154343257,0.0468328335557997,-0.117116568684457,-0.224094341542267,1.47104550762833e-14
447.941,1217.79,2.06607373766381,-1.60405191105971,1.20190841679166,0.285305077188439,1.14701537418637,-0.477381584049708,0.30132253927724,0.638095846445303,-0.866603878255828,-0.570110565559774,-0.118034456568059,-0.494892359636932,5.55111512312578e-15
446.978,1218.29,2.55679888593388,-2.1496912753719,1.59434395115902,-0.0413364330183969,0.268674407514528,-0.422707806807829,0.311208421962224,-0.536007022428823,0.028172682190425,0.48028598977308,-0.317604836000543,-0.186194949205061,-8.24340595784179e-15
446.078,1218.79,1.59596290708358,-1.86275014359588,1.30163777598832,-1.80233044719498,1.09734810011669,-0.531091573284447,-0.151620959006997,0.544286001589521,-0.251344976893621,0.328147733674177,-0.160831911630678,-0.217662919885729,1.75970349403087e-14
445.149,1219.29,2.07897816292636,-1.60403814148376,1.17755114281171,-0.824698756408055,2.5809418075117,0.453119304110405,0.403447720120239,-0.233990026678628,-0.31834002620692,0.331834954461524,-0.245915603794914,-0.196640590349111,9.2148511043888e-15
444.199,1219.79,1.14673804226627,-2.10082893352905,1.11066690263073,0.311889218125098,0.665279949913608,-0.262459264373555,-0.0860864377543497,-0.226939358673602,-0.298993861097101,0.244543172212313,-0.348470559965695,-0.0396716982494404,-8.24340595784179e-15
443.278,1220.29,1.80002834373387,-1.36167678951064,0.058302641821035,-0.932825035196444,1.00548506217659,-0.722984253343971,0.00373940002440813,0.415643280445429,-0.872679340232821,0.00280485289418969,0.102661882661578,-0.359712326695624,1.39610545346613e-14
442.378,1220.79,1.77671011825023,-0.800948588756424,-0.272724927829125,0.901760491528447,0.561635247821678,-0.273559228499986,0.518815083450542,-0.358704142862639,-0.806794543519516,0.320525595301831,-0.263101508598499,-0.373512385392765,-1.01030295240889e-14
441.391,1221.29,3.01816853882439,-1.81234277922648,1.84925938198081,1.89347887552799,-0.638813473875257,-0.985371120059874,0.381778326979587,0.229253762812682,0.517622464397503,0.872656595152867,-0.0282806734789832,-0.317175000827369,-1.07145195493707e-14
440.341,1221.79,2.11842050612644,-1.5152414468775,2.34704054467394,1.1694758800842,-0.0394964902399162,0.063386872995651,0.471210705239981,0.6287870971985,-0.229242089132159,0.240642020257527,0.170924626153325,0.332347762183554,3.83026943495679e-15
439.262,1222.29,2.04485449501131,0.56848019876126,1.03371172035244,-0.0466399532993657,1.28801927989658,-1.03085948055167,1.26533899241566,0.0719706340548881,-0.265345883763043,0.473566584234205,-0.41109425030776,-0.458077586174458,1.32671651442706e-14
438.162,1222.79,0.651892133214954,1.37057084197979,1.77841808950146,0.352478410576033,-1.04671201810014,-2.62845816241095,0.827921587177393,-0.138556943209838,0.41662765520852,0.414948989283506,-0.377622622292258,-0.386767276056542,2.09832151654155e-14
437.178,1223.29,0.214026168428161,1.03431349608696,1.93194133094302,-0.513403526354154,-0.422739348747678,-1.68533273710579,-0.0800143924756837,-0.67594118266997,0.0236271658462008,-0.0447017827472655,-0.61383907080662,0.0520498148524954,-8.38218383591993e-15
436.278,1223.79,0.189273210270956,2.05564137062762,1.17908892902558,0.732643849381949,1.838567277292,-0.829675560795373,-0.215003232777033,0.0802475341479075,-0.131836739748024,-0.322351334196317,-0.158562123052099,-0.603805958287631,1.18238752122579e-14
435.262,1224.29,1.44260464941273,1.09909747229531,1.77554165855295,1.1141524707897,0.414850107458165,-1.1447423587656,0.0483516997956728,-0.485219305917621,-0.0202788773276188,0.37355981112021,-0.260741684751291,-0.2692626601807,3.22311621836491e-15
434.162,1224.79,1.0175053155092,1.76714045868642,1.63299897541223,1.51583808186304,1.67333884939515,-0.710919516346864,0.433176248337332,-0.343585355187327,-0.361465675472888,-0.465234060993447,-0.0893081546346807,-0.1717228135929,1.71807013060743e-14
433.091,1225.29,0.392563008365558,2.09108394393349,0.706804189160534,0.905698497368899,1.67147069375909,-0.701074457406375,-0.00838741437764699,-0.804817602304185,-0.256153550128028,-0.37235346663804,-0.317881527018864,-0.412286393764635,-5.27355936696949e-15
432.041,1225.79,1.01279473227411,0.344686875976803,-0.445081043799157,2.42590019531039,1.54178895459867,-0.470359284465867,-0.46981515013883,-0.558684359093047,-0.514888547675625,0.0264349851847604,-0.286553177392779,-0.137608050257982,6.10622663543836e-16
431.049,1226.29,1.29639452381687,-0.886430943735689,0.1837554075798,1.96856912886534,1.6331855793222,-1.19701541098455,0.0635940685941514,-0.0655545293355856,-0.411870127654652,-0.803550409316417,0.224899483277599,-0.118219440674181,-1.0547118733939e-14
430.099,1226.79,0.823456492444875,-1.60105356933058,0.700621388556267,1.2649367098494,0.878065835920998,-0.862851963243551,-0.133132057149528,-0.273736097606572,-0.209316867604871,-0.0926172107579065,-0.0722833304044239,-0.139721014398197,1.43496325932801e-14
429.091,1227.29,0.529923147416151,-0.875198279246659,0.467692161148686,1.51506769741538,1.85707918358515,-0.63569784260556,-0.32416729965424,-0.578710405002006,0.11206827297765,-0.167989489956933,-0.508276786617356,-0.283804709237174,-5.10702591327572e-15
428.041,1227.79,-0.744733741072219,-1.63678300021899,0.368580701231289,0.619871862506,1.44716962388903,-1.12253742426737,-0.0906169223712341,0.63163546940781,-0.619424782343533,-0.277618675759016,-0.248623032756494,0.00306928099568724,6.27276008913213e-15
427.049,1228.29,-1.55433369750438,-2.05632788957976,0.996747506996398,-0.149534245657076,1.19718880152538,-1.14043905811154,-0.0111883619165549,-0.224192589333027,-0.321537892692739,-0.305954165232972,-0.441437892864571,-0.12358670760234,2.61735078055381e-14
426.099,1228.79,-0.834949404741813,-2.1917164972018,0.884294813680403,-1.25218971682241,2.41909637906708,-0.344315778709905,-0.41044449209927,-0.368060923359343,-0.412635655660735,-0.00967226098513914,-0.577923547748832,-0.329076843137743,1.47104550762833e-14
425.236,1229.29,-0.796757191171367,-2.14322853660458,1.14488955221025,-0.316515999490816,1.53260055158103,-1.26429344062608,0.315725091823988,-0.404589690668696,-0.151097500923209,0.487226867962509,-0.759690614449273,-0.575204215983744,-8.04911692853238e-16
424.436,1229.79,-0.862887978857991,-2.04553626418958,1.34846056481684,-0.354529916596154,0.0802043710125394,-1.85617234285902,0.103487721484694,-0.128051315628462,0.075795824116087,0.548673446893405,-0.363904599222628,-0.269822248367749,-1.02695629777827e-15
423.578,1230.29,-0.309713947127725,-1.73230610575667,1.29954434402968,-0.572745635451641,-0.407666886231133,-1.91236559359083,0.174256749134669,-0.410336430452427,-0.0932208766007121,0.519285920546442,-0.413216769359035,-0.294008706844467,-1.4432899320127e-14
422.678,1230.79,0.287213468554465,-1.46755615165579,1.2845152326873,-0.570140598100078,0.338602759306696,-1.28805681691229,0.461968467058785,-0.981220505205961,-0.144506401536019,0.368493808391573,-0.437218985091079,-0.257768023380729,1.40859546249317e-14
421.807,1231.29,1.33300256952309,-1.47490032355495,1.83876599386237,-0.545737946211106,1.07586120364546,-1.08775834319663,0.805885615651235,-0.696994576814886,-0.591800049921001,-0.433689776740036,-0.366211827114204,0.358791968235106,6.66133814775094e-15
