"","depth","PC1","PC2","PC3","PC4","PC5","PC6","PC7","PC8","PC9","PC10","PC11","PC12","PC13"
"1",25.11,-0.707332120934094,1.05188073301769,-1.99900292232447,-0.0422587076300082,0.8527765307986,0.329206564323973,1.18707738490139,0.940200541683702,-0.634630135562529,-1.8701775612243,-0.917742740334588,0.126538541291762,-5.93969318174459e-15
"2",25.31,-1.07607084110806,4.82752386887363,-0.650818959595663,-0.626607085354043,1.16472903110706,-0.591583926549567,0.443629870995158,-0.156846527572695,0.309641049614612,-1.34453262057793,-0.200447476661295,0.234286736162122,2.03170813506404e-14
"3",25.51,-2.29349420401836,2.27459336043577,-0.989040531078255,-0.75294394470492,0.528132808931211,0.0816646791991823,-0.401210416227807,0.489088090160267,1.43096561960727,-0.779207523324091,0.13954403568981,0.31410136566696,-4.96824803519758e-15
"4",25.71,-1.7417503814777,-1.95687215941304,-1.47007796561557,-0.459970444550689,0.602064543051935,-0.228129125305086,0.301908184242464,1.16088976532485,1.18547007014918,-0.7677962674413,0.0226775086198544,-0.244063884161582,-2.40363284831346e-14
"5",25.91,-1.0182550694798,-2.98766127970823,-1.07019111470987,-0.596945046881595,0.342118895502404,-0.579611502355326,1.44966808715906,1.09170563500394,0.309479243899523,-0.706656562058038,-0.420399127925892,-0.557098230314873,-1.10744746706359e-14
"6",26.11,-2.75351799872803,-1.89216396634749,-2.74208624275898,-0.583024515452872,0.670246189382937,-0.90789332928719,-1.12145090837167,0.696640370535276,0.0613179038021556,-0.800111286165096,-0.0443442216563201,-0.653840901639819,4.10782519111308e-15
"7",26.31,-1.93790616319211,-2.67366778972187,-1.32080854060988,-0.54382774365342,1.14833999446495,-0.694173642698834,0.0413083874794328,0.923336984923184,-0.0562520102343738,-0.229828015021785,-0.415650976543093,-0.160496579867968,-1.26010313294955e-14
"8",26.51,-1.50416386089695,-3.19834120279701,-1.04149081754689,-1.49433612666042,0.573044378249389,-1.3694911788126,0.37128667875218,0.49438854142539,-0.479526134585745,-0.565718543463517,-0.173653809130829,-0.654574939448329,4.81906181626357e-15
"9",26.71,-1.99504134270263,-3.65391007574182,-0.299108310208017,-2.5593637359918,-0.21390337587479,-0.185329499186748,0.145341242017206,0.763972266163009,-0.145122042521042,-0.63051563466724,-0.0205332816918644,-0.698747391024737,-8.99280649946377e-15
"10",26.91,-1.81701167592063,-2.32368079393046,0.389016320221036,-2.71782752207641,0.483919173621037,-0.0386243984152888,0.554112315999534,0.713984513752795,0.494159500612345,-0.658738097498491,-0.219223754297485,-0.608888673660782,7.60502771868232e-15
"11",27.11,-1.96049318022469,-1.32614208974538,-0.935374969525615,-1.51893802106085,1.32697962876653,0.247029864046111,-0.738942577300322,0.191941477566277,0.54859337513837,-0.675541569115167,-0.303591895520817,-0.4698802622905,-1.02418074021671e-14
"12",27.31,-1.40585480851012,-1.70726192153758,-0.529605423148449,-1.14287592032457,1.27154237561419,-0.541153874059779,-0.293029907226556,0.198086825600471,0.723264104025375,-0.341071812312192,-0.508845669658485,-0.117399987948831,1.76907100080115e-14
"13",27.51,-2.29500206682233,-1.22019157358059,-1.78743586563662,-0.0425166834969701,0.993662066552097,0.461784516386699,0.415819279189757,0.554200227398141,-0.0739668967569388,-0.922633893962848,-0.89976994435786,-0.121760011335009,-4.32986979603811e-15
"14",27.71,-2.60085397181746,1.77648853810088,-0.141795782662734,-0.788967052088513,0.386521665853529,-0.117823549725763,1.10057081277322,0.481430611021545,-0.643856937102533,-0.97021316451904,-0.852157892538456,0.0792389327811776,2.44526621173691e-14
"15",27.91,-2.48336426833803,3.57341450564935,0.272202677204778,-0.741433280225363,1.01883063996612,0.656893231214551,0.584280681411644,-0.0741228212995738,-0.118563007128943,-0.878316260968773,-0.446865779928873,-0.0334628474565734,-1.21291865440298e-14
"16",28.11,-2.78206994840555,2.87768767736908,0.198644595500707,-0.818208136961604,0.179897425066008,-0.247096874171891,0.353619766116951,-0.0853077755498049,0.460689120326121,-0.62449617615038,-0.0948396319164347,0.378530871540553,-2.27040608535845e-14
"17",28.31,-2.87496111152378,0.369296772032435,-0.84090508516493,0.492213584765567,0.533635197204426,0.909367993077862,0.739345497003186,0.756074021686958,0.291536610720876,-0.377015401233644,0.264768550869833,-0.241020854761692,2.53130849614536e-14
"18",28.51,-3.4226741399297,0.637798113051425,-1.20579219516963,-1.35927500550257,-0.0986086478492667,-0.4451494398581,-0.597016277686446,-0.0115479323704733,0.263211435085594,-1.07395660001072,-0.0457708349975053,-0.197952245268247,-3.49720252756924e-15
"19",28.71,-2.31285408705658,-1.52973312778273,-0.87159041089871,-0.631013609935922,1.35287976665693,0.400938487050627,0.195847864564087,0.467135590266816,0.379589343878778,-0.687423715122691,-0.477945225662084,-0.301549871601831,8.49320613838245e-15
"20",28.91,-2.79908550112531,-1.42578874049314,-0.704013110253516,-1.24676729648652,0.491035498977783,-0.217819389924371,0.0151561256517671,0.623967907415482,-0.0268992432787452,-0.496608460293931,-0.397803043820584,-0.0454014705941993,1.90958360235527e-14
"21",29.11,-2.21877509149164,-0.593790252601994,-0.957152545847917,-0.702765077799589,1.71863476853265,0.319717786723664,-0.315588816059231,0.423215972255782,0.752138129641614,-0.282121419370947,-0.315230877258548,-0.193894609184249,-1.28785870856518e-14
"22",29.31,-3.39319352986413,2.07929131749658,-1.2958890641737,-0.646576022466018,0.566871501395708,-0.764444377355658,0.130818019548313,0.474117174383906,0.275515179464741,-0.62093932255057,0.0470062158894118,-0.52099700313359,1.82909243306995e-14
"23",29.51,-3.86634446415911,2.16600125028577,-0.944194253737455,0.146909693425972,1.02177792529056,0.386614300091394,0.413235959923931,0.794943632976542,-0.28253313068649,-0.373812317826479,-0.315537723809187,-0.201461427293334,-1.28785870856518e-14
"24",29.71,-3.44207502273402,2.82127343192198,-1.18984016188454,0.207080359642572,0.80815232925456,-0.407819227624814,0.804416901496483,0.57923958167066,-0.0128325628240225,-0.694450797517994,-0.105201545639235,-0.550147431027717,-8.77076189453874e-15
"25",29.91,-4.11935315543608,3.09661861810804,-1.92913421919262,-0.71392468576753,0.883147054549686,-0.70244323971332,-0.524061866501884,-0.269295786690002,-0.0999558423505558,-1.32950226532048,-0.37297156049633,-0.199678521115635,-3.4555691641458e-15
"26",30.11,-3.45275058821221,3.27491981098696,-0.0231195186537397,-1.61414455337319,0.0343568150770124,-1.30326798107679,0.492860685976286,-0.0502484872234696,0.21450387805599,-0.758500788254852,-0.138010098408718,-0.0228626344871778,3.33066907387547e-15
"27",30.31,-3.68831407656164,0.937242258352872,-0.845673497201566,-0.995687732232938,0.165941756714738,0.293576424182538,0.367754529758301,0.769606343786203,0.204983720639149,-0.707842433798285,-0.167485676987728,-0.119511924275983,-1.97619698383278e-14
"28",30.51,-3.11822209492534,0.530093541015726,-0.578956105328317,-1.27928997872609,0.560637921350286,0.506304031811394,0.394591729718468,0.595819127150023,0.078826935958154,-0.417582003079339,-0.192210308747785,-0.214983222397659,-1.66533453693773e-14
"29",30.71,-3.69310231454179,0.505735630254567,-0.748130307123183,-2.40247418342732,-0.00947393429373761,0.560005374512728,0.446160374430178,0.546622564517886,0.0115353642040068,-0.846526994081612,-0.391406153106738,-0.249883167756455,-2.08721928629529e-14
"30",30.91,-3.15578460672426,-0.221845709921434,-1.49892098495951,-1.29410500686277,0.941516353697866,0.388946249617487,0.348600752240405,0.458923564980205,-0.0371172281731287,-0.567056924188154,-0.457389721745299,-0.119649024687326,1.63202784619898e-14
"31",31.11,-4.84169292368816,0.534214897338992,-2.88242105164682,-1.00339184492777,0.0593831609951868,0.583831310941531,-0.580522163785193,0.927911649381001,-0.36207416937184,-0.566228050442648,0.108849877199752,-0.110431442822152,2.20934381900406e-14
"32",31.31,-4.0262287972405,0.605742512293061,-3.23782507888354,0.000456191989616848,1.19707117231173,0.0914211985182973,-0.00125958471736204,0.745217015088564,-0.338902404963443,-0.251120825920256,-0.206680145678929,0.0397544914893567,7.71605002114484e-15
"33",31.51,-3.78719538500443,2.11372385628807,-2.23213562624728,-0.91833168854807,0.761284619322194,-0.476635892687284,0.373200470741491,0.343445785002572,-0.249761476385984,0.272755670059365,0.0177173559883029,-0.172594801720731,-2.43138842392909e-14
"34",31.71,-4.12506380959512,2.09014009378767,-2.58716446721571,-0.287041324319698,1.03433959836675,-0.501247866171562,0.160386340253376,0.312457237308122,-0.85657092738413,0.486529259774815,0.106899516105761,-0.131198043111775,-1.89015469942433e-14
"35",31.91,-3.53445541146084,1.82639810821573,-2.88485016398114,-0.0995871874807651,1.22911537711239,-0.11942612802112,0.13072565515853,0.358265045729189,-0.503751473558012,0.603766215715923,-0.0904864655429164,-0.0155961753642582,-2.35644836976689e-14
"36",32.11,-3.42633580505389,1.19067288253722,-1.48708298247124,-1.15765175264776,0.898549678607762,0.583121710500884,0.430342285771293,0.418317330788617,-0.0334226988464089,0.143861099916441,-0.209528949522701,-0.0328670222412587,-8.32667268468867e-15
"37",32.31,-2.86581561155377,1.5465603170787,-1.5130569438417,-0.41118881990518,0.831875741546006,0.808562198285827,-0.030786480146561,0.127897251960529,-0.28804563158007,0.201783856395324,0.0530968518885104,0.0819694277567481,1.49880108324396e-14
"38",32.51,-1.97231443584217,1.74908099235521,0.512877915560003,-1.0229960877753,0.483735239143538,1.03725495858447,1.28766309188969,-0.218708669770837,-0.234483110881012,-0.194874692451152,0.0277350037451272,-0.0276085722319056,-1.62092561595273e-14
"39",32.71,-0.316009846571759,0.033633802085497,0.171401664484629,-1.25998108243195,0.922679261996856,0.445108120429962,0.362388889888981,-0.687027375292465,0.951221517455018,-0.433786940050003,0.0855031390063116,0.281397332896935,-1.13589693206961e-14
"40",32.91,-0.0398589017234973,-0.419754479940363,0.620324527628673,-1.12477050644795,0.558592402674505,0.275526133813525,0.616715238939367,-1.21270666446096,0.529790701431556,-1.02742339334166,-0.156279679812998,0.368914392020905,1.78242837156617e-14
"41",33.11,-0.437397487764315,-1.97496704140217,0.410690304737539,-1.42227668262537,-0.495601352389963,1.1172035484393,0.930550678442099,-0.531961842020078,0.289562844515354,-0.78966338224762,-0.0365954518279242,0.354475512640798,-1.24344978758018e-14
"42",33.31,-0.316883387778448,-2.11797277066232,-0.714922158657961,-0.938899962132387,-0.123896007688723,0.0445115330500459,0.776366605533436,-0.298262187201379,-0.00669778137325686,-0.162486313799856,0.00544650633443391,0.314904127377197,-1.53488333154428e-14
"43",33.51,-1.76246948466116,-0.89289645468338,-1.12063045129881,-1.0545753578186,0.0442264566921652,-0.193116151525024,0.0798249925543554,-0.508092330178136,-0.990584152298414,0.0389351549919428,0.135072926417051,0.112484177358422,-8.1601392309949e-15
"44",33.71,-1.97550453481761,-1.04185465882541,-0.414937269638411,-1.29303809948418,0.449077750047986,0.0366662541468137,0.866847265731655,-0.143599941039951,-0.793265175312951,0.304172714345943,-0.0751768199710478,0.223748020437078,1.21846976952611e-14
"45",33.91,-3.07915955248546,-0.282388118749519,-2.09184260161149,-0.171349710642821,1.05325058862738,-0.543691203430275,-1.14330489494293,-0.132036351562862,-0.731719841111232,-0.0751304347243031,0.138495740008535,-0.0563140300312701,-2.33146835171283e-15
"46",34.11,-2.166460013754,0.39939293720793,-0.0198625422001567,-0.044321629705269,0.769556447555181,-0.183515901574049,1.06920534496399,-0.217935628936216,-1.02419369658616,-0.305058915221181,-0.149329025793675,-0.373865015991466,-5.02375918642883e-15
"47",34.31,-3.51257767995308,-0.581394133175062,0.767824686245761,-0.729331376472012,0.0828758400876199,1.60753651145944,-0.227407324721048,0.345891498093979,-0.657329250085354,-0.4549006371577,-0.230735299600241,-0.0669842186268618,9.43689570931383e-15
"48",34.51,-1.8936568966703,-0.204411302688345,-0.62184770750869,0.0664299596685844,1.13962547565683,-0.217646648897598,-0.882442244929448,-1.33146351506047,-1.14181247611897,-0.287754247808445,-0.324588068152758,0.244789012102339,5.31519273039294e-15
"49",34.71,-2.0807783796285,-1.23199332709371,0.356358473528757,-1.15001073975422,-0.576109298687223,0.429996888472046,-0.142250440908584,-0.499017772991418,-0.688112215781476,-0.204830355021101,0.48486441735905,0.31517938389022,9.71445146547012e-15
"50",34.91,-1.05651785639373,-2.54022222294154,1.2442078390168,-1.83046661962076,0.178705454243377,0.101575346652933,0.67449999623418,-0.37527571253889,0.162792279315483,-0.658163656021989,0.266440380046082,0.315641045089012,-8.77076189453874e-15
"51",35.11,0.0360598067684343,-2.90188648794975,-0.384703440429355,-0.265717809216339,-0.10854602720004,-0.617346917083254,0.55415100000115,-0.917493752253593,-0.586141168583568,0.0891102359527319,0.224728114756974,0.748814383213545,-1.91929805382074e-14
"52",35.31,-1.56247635933695,-2.28312289663619,0.00973211163438548,-1.25422945202303,1.04063166868328,0.987459456960918,-0.938297869265499,-1.32889478734397,-0.612453417445936,-0.503591092553253,-0.139532386579763,0.224829502659791,-1.69309011255336e-14
"53",35.51,-2.05005947854625,-2.06444270631009,-0.324937039847749,-0.725164768154284,0.152378627036613,0.547944281616654,-0.35207932447915,-0.776540832594159,-1.68995433201335,0.0913031569359567,-0.130975305318461,0.626002281790627,-2.68673971959288e-14
"54",35.71,-1.85416237719779,-0.67039386327022,0.994576199216059,-1.86632331429791,0.246708843640294,-0.745223678727552,0.25199475068608,-0.963085420862507,-1.3789790021469,0.219391119201481,0.1131014377459,0.296018033941806,-2.26693663840649e-14
"55",35.91,-3.26230018962056,-1.71256798291803,0.602347738881243,-1.79318659791195,-0.238789148550887,0.824730119117018,-0.343386185574728,0.0462397149439775,-0.972752703924273,-0.0967597483391065,0.326791521957724,0.134754963258565,7.54951656745106e-15
"56",36.11,-2.09604868490985,-1.81377235817055,1.51857415147009,-1.6620503060037,1.24150306122135,0.756730393759766,-0.378974963672931,-0.657821233597128,-0.883643104175697,0.321264976024816,-0.24346372327455,0.520885895478118,7.21644966006352e-16
"57",36.31,-2.02643485204239,-1.23519202061083,-0.0660510038225783,-0.874002577166405,1.00957675259475,0.470144580981096,-0.654341414579932,-0.812452423552106,-0.498169050853595,-0.0712099257923796,0.231210341933776,-0.0613606472407681,5.35682609381638e-15
"58",36.51,-2.92151130824434,-0.514427750075039,0.684203009233597,-2.02277732182258,-0.717864064846261,0.218485827799688,0.0974396442146503,-0.581555840894124,-0.946836304528272,-0.389515679014284,0.221916370782498,0.123071818084991,-1.03805852802452e-14
"59",36.71,-2.17702165466463,-1.35534933690077,0.43056938694901,-1.64183775023001,0.39632343052567,-0.156481998503821,-0.19582820514411,-0.381388058023672,0.0137011969814135,-0.390101654458736,0.0592308333980319,-0.083047149627167,1.94289029309402e-16
"60",36.91,-1.93698207069473,-1.48444176865633,-0.689169622466283,-0.399624254548401,0.858693729308383,-0.305975082767319,0.495904879733302,-0.366226339550155,-0.443537465219681,-0.595112597754143,-0.228205472749942,0.18595638914074,-1.66533453693773e-16
"61",37.11,-2.85060591581861,0.080441103632027,-2.03449599918223,-0.0859903440958032,0.751227947128501,-0.669920543711411,-0.157513905823829,-0.540257426663096,-0.627909870735451,-0.866849047319847,0.0672375810638306,0.472928735123663,-1.08801856413265e-14
"62",37.31,-4.29625892310251,1.25286992684813,-2.76768580350563,-0.037716191008671,0.934441196836636,-0.890504533081757,-0.635319593580393,0.123028150038182,-0.526376925475128,-0.99080513165461,0.232964369016589,0.593000102205717,6.49480469405717e-15
"63",37.51,-5.25407640142216,2.99200907921878,-2.55937354581439,-0.078748704454957,1.18374535416064,0.262863402948399,0.119518635459762,0.760236267278266,-0.676858990075911,-0.988214553177532,0.403816885537139,0.305229406029002,1.31561428418081e-14
"64",37.71,-4.48252832197912,3.56739292758037,-1.89402695860117,-0.332563962069502,1.55029904938891,-0.178416724409816,0.250526922099806,0.572816535540116,-0.299913532064517,-0.771978822935673,0.315795195652274,0.312493817248292,-1.64590563400679e-14
"65",37.91,-4.01160748499183,2.85370592254667,0.181666804279629,-1.56586739012774,0.460625403913206,-0.932699813091818,1.5041574279281,0.765811400822605,-0.232799589745214,-0.841806513994294,0.481270403628265,-0.140571275663676,7.23032744787133e-15
"66",38.11,-3.20855606902025,0.1155383601299,-0.703135698475863,-0.72101665029305,0.298128377877524,0.267459178951551,1.47972582305145,0.4327808716501,-1.02288626398242,-0.576674358057894,-0.0753241196273442,-0.114373912564043,-9.27036225562006e-15
"67",38.31,-2.17209227380472,-0.293049869287674,-1.13423925837972,-0.51299077748026,0.593457232074242,-1.04632745599893,1.10990763087712,-0.166347590644191,-1.48337614269405,-0.419916081203288,0.0711674837682285,-0.219688846415858,3.08433834028676e-15
"68",38.51,-3.02731648321588,-0.265894557529073,-0.303285213470948,-1.01594832794363,0.639615191057095,0.00278399796687312,0.720292301058213,0.13422811155693,-1.1299729283156,-0.37125191039288,0.0651927620642049,-0.0370639659380355,2.46469511466785e-14
"69",38.71,-3.30125566071365,0.851115254658105,-1.63379050447695,0.17881881284981,0.920441858090169,-0.319416018213432,-0.205816788409386,-0.197588189942373,-1.17789729278077,-0.227656235122464,0.195092238412863,0.0833267493641558,1.35447209004269e-14
"70",38.91,-3.21566891490057,1.80579745860094,-1.78843870662393,0.108741464297912,0.797434093695624,-0.916554373089083,-0.722055767125463,-0.594959244213636,-0.841302751548484,-0.290307278964433,0.0441003421952316,0.112182913552997,1.97619698383278e-14
"71",39.11,-2.77085001102626,2.41880032464329,-1.49528369642315,1.01855798948139,1.13044739368962,-0.718529923254871,-0.00860451520920466,-0.465466330373486,-1.25066976819169,-0.287270203371156,0.00400848211080441,-0.125770235639306,-1.56541446472147e-14
"72",39.31,-2.91838359218887,3.16759272488179,-1.23112848786217,0.766631827099998,0.811154867732974,-0.602245374399194,-0.045477076258978,-0.68044353054978,-1.44430881405489,-0.230622023858296,0.273487559395981,-0.335986268718918,5.759281940243e-15
"73",39.51,-2.94317263478048,1.31430061185683,-0.398809581939076,0.788935154835616,0.637475161307991,1.02574606642341,0.592619994584946,0.116294701317399,-1.10878656360529,-0.166567612025154,0.23664671740441,-0.0626942155156851,5.05151476204446e-15
"74",39.71,-2.4363955574418,0.162106025412464,-0.284518351723934,0.644171838477356,0.718446149012983,1.42007511185633,0.29117780753744,-0.0453464955586684,-0.599954395004494,-0.462276883473258,0.0533535473002176,-0.0128303662694922,1.53210777398272e-14
"75",39.91,-1.60152122844772,0.66832137383091,0.0561925663127555,0.268687973167075,1.08711318378645,-0.173845395284592,-0.771546129514528,-1.16739921195289,-0.0992161854938092,-0.373135052293585,0.0547052018901587,0.138944371826435,3.46944695195361e-16
"76",40.11,-2.58600693007157,-0.588717347500964,0.371862704687154,0.14520687252553,0.304330519334881,0.358328026644424,0.631325604754973,0.0791254270972353,-0.561578640108684,-0.857905827617192,-0.112803037063393,0.232086800836854,1.02695629777827e-14
"77",40.31,-2.99205417040703,0.50091825315178,0.734570573813749,-0.655759162971439,0.133525406445922,-0.367525382482946,0.415993666672667,-0.0415729184445745,-0.270162324069789,-0.982526913771928,0.348975006313611,-0.0297332773656734,8.04911692853238e-15
"78",40.51,-2.7436110543256,0.786948171665149,-0.816886235741612,0.0931933879112545,-0.427150547004705,-1.4272380168807,0.850100474993788,-0.288784678223951,-0.72249640607379,-1.05791459155637,0.474973556524018,-0.105068164684549,-9.08301212021456e-15
"79",40.71,-3.37901254163667,-0.191416270841016,-1.01886189627626,0.372262069057348,0.42081708303513,0.212247407532562,-0.835368709079449,0.209488693970068,-0.0187926904472902,-0.483120231584611,0.294801634600454,0.287606639489007,-8.21565038222616e-15
"80",40.91,-3.34118457094365,-0.654157243649572,-1.22932867241288,1.10301908531473,0.753623124078028,0.568236221197249,0.069180620507918,0.461891905216571,-0.169979663559756,-0.860652314188438,-0.00737486950565445,-0.0851469895529716,-9.15933995315754e-15
"81",41.11,-3.00517030157005,0.848198303755968,-1.64106505024495,1.84190387339474,0.168281186519533,-0.954611467868478,0.755151678370995,0.44708298980455,-0.744060065187275,-0.382671139078566,0.241376347775178,-0.0810558237759188,-1.14491749414469e-14
"82",41.31,-3.52449719139844,1.59098059752399,-0.928073479464634,0.67371311423907,-0.43525249441914,-1.12906646638307,0.738050600306318,0.236497779460118,-0.711061119620873,-0.452806167510773,0.156460198761324,-0.0749256135282212,2.02338146237935e-14
"83",41.51,-3.01495194732795,1.63156129202359,-1.21928090780594,0.435245178328443,-0.359021024900952,-1.72157497054329,-0.372523217709807,-0.0631754834320079,-0.05270420363494,-0.0259588382334111,0.291455645045484,-0.156846586707405,1.11022302462516e-16
"84",41.71,-3.0545117772562,1.51174751211314,-1.60625523084715,1.29316452771738,0.42506909670301,-0.488809451471054,-0.176909319699465,-0.443032510874934,-0.921003190944934,-0.225864928764696,-0.0721806851041711,-0.109046977027223,8.53483950180589e-15
"85",41.91,-2.8094644421203,1.29283744922449,-0.408714904070163,0.499127879591329,0.511735931377017,-0.372580158875603,0.000857562636458829,-0.523246626507405,-0.170371086180886,-0.431932501784359,0.033788308584659,-0.354639534472547,1.35585986882347e-14
"86",42.11,-3.34148945163614,1.22719840066339,-0.370653560165136,0.888054281874992,0.0114468365907965,0.493637567729119,0.184962043851368,-0.227173676634898,-0.843894048283597,-0.377280375281316,-0.141031632730357,-0.0146341133241477,-4.82947015711943e-15
"87",42.31,-3.72589651981166,2.05474639077971,-0.00367751961036242,0.635133912335703,-0.557932300881066,0.157832950665275,0.0938186753076637,0.176488809434246,-0.459568893579964,-0.377201468846503,-0.0535885889419126,0.109810847876376,8.21565038222616e-15
"88",42.51,-3.85219944465915,2.53096824414184,0.427651320925178,0.881376983178314,0.722009937881642,1.24055114274841,0.358467417122767,0.116194211642614,-0.546891106513421,-0.763645328446451,-0.52041583304592,-0.184066356828325,2.40918396343659e-14
"89",42.71,-2.01429087332353,0.280436644121072,0.746812187452527,-0.459776558507537,0.895208767679449,-0.158448059182502,0.184147252857946,-0.195964562132692,1.23870930511937,-0.759915153052704,-0.151392743557262,-0.551959035426803,3.95516952522712e-15
"90",42.91,-1.88572406309476,-2.83065589767329,0.68153299276524,-0.806526068074447,0.876453513603387,0.695919489296014,0.336935453392402,0.0260315714164147,0.267162827849508,-0.412369723223911,-0.476827212865412,-0.438468127783658,5.55111512312578e-15
"91",43.11,-1.03974276058577,-3.5662238159285,0.199733155747553,-1.10755577553463,1.07059054196689,-0.601358597101482,-0.286280959900582,-0.880288136688697,-0.120393570870218,-0.0976773219721804,-0.272026588753903,-0.500099607581833,-1.18238752122579e-14
"92",43.31,-2.52315288382502,-2.59483701296589,0.261002673093461,-0.856841696039897,0.791445225773115,1.09784009254804,0.582474656964606,-0.017506975435626,-0.419748526550912,-0.376275310002662,-0.174177023200479,-0.897467050478615,-2.43138842392909e-14
"93",43.51,-3.66772866025641,0.0491582128868631,-0.461582298042745,0.0795236827372583,1.06211261060895,0.755190807052313,-0.219337279025948,-0.310354781787567,-0.891918137737549,-0.0627834077030198,0.0463026820164976,-0.701507974320396,1.77080572427712e-14
"94",43.71,-3.82047604673647,1.2190888167942,0.167151018613193,-0.0783152503506876,1.27942481872852,-0.260672317429047,0.0723223608285178,-0.375849740801721,-0.606206123814869,-0.120590115001896,-0.302286642312126,-0.338175952917224,1.57929225252929e-14
"95",43.91,-3.88957112069959,1.8965130070122,-0.146184509297999,-0.0101791290529903,0.11481602180365,-0.873697721098928,0.512193828113714,-0.0986351253234153,-0.498989009648317,-0.29770655278621,0.0709037296684468,-0.422140806743459,-4.71844785465692e-16
"96",44.11,-4.24617858525018,1.33274026181248,-0.860874411596783,0.820062081714493,0.304320039522654,0.6675172650095,0.721391416686898,0.291341657294691,-0.669124239639,-0.455558131822917,-0.138856209556396,-0.45465536226705,2.58681964737661e-14
"97",44.31,-3.86928684849244,1.21758328164455,-0.818939810359123,0.45500855459621,0.8228424220162,-0.0972234299810186,0.658392131527068,0.139024213791578,-0.292152210136733,-0.572067891381645,-0.0972709606436486,-0.409298990801126,7.32747196252603e-15
"98",44.51,-4.3001721286552,1.54318089129609,-1.09644103199024,-0.481475347483754,0.374916173117737,-0.433891498253911,0.70045569958813,0.075852693800204,-0.588758895955489,-0.522273949935264,0.0891841493155308,-0.507273413489895,-1.43218770176645e-14
"99",44.71,-4.6293155286464,0.652187780698913,-1.11133433703387,-0.796436137511755,1.41897610740624,0.649655605416431,0.176365190771863,0.464459617940172,-0.136725672310967,-0.367725723463487,0.0363763010085977,-0.635300620198998,1.54321000422897e-14
"100",44.91,-4.9302317031883,1.05040705459818,-0.361810549961545,-1.62383007358071,0.447774058208751,0.780153123479771,0.768881920875826,0.36228572414633,-0.442877804566476,-0.246981204968166,-0.2900084858789,-0.10325979865329,2.04281036531029e-14
"101",45.11,-4.3545816315234,1.77622992714665,0.273251470867246,-0.298048595597682,0.935259830789911,0.936012426499577,1.41719058258053,0.336256860743802,-0.722824284596301,-0.11144061835882,-0.333769926013398,-0.0502596540840698,-7.105427357601e-15
"102",45.31,-4.81665956974193,2.4766055675669,-0.0190874549907988,-1.82446806864341,-0.185393074305889,0.278432251366385,-0.0866424554902398,-0.585855992222579,-0.24561450800029,-0.920495848571377,-0.0380926420690406,-0.041376919587453,2.71449529520851e-14
"103",45.51,-2.57732772851845,0.960111650442451,0.737556526507212,-0.871126845398353,-0.0499160350996444,-0.9822920792668,0.663809633092743,-0.246962794162051,0.25877100868551,-0.0709874147917714,0.445490003845797,0.0155466189429201,-2.67078026361389e-14
"104",45.71,-2.43831459869044,-0.488130535526497,-0.675800716135479,-0.6504719392476,-0.430288687130816,-0.968084454317825,0.346628923988225,-0.381634376404499,0.218517167744521,-0.310222104994746,0.338630673872393,-0.201076456235155,1.01169073118967e-14
"105",45.91,-2.16450092469866,-0.610681371135737,-0.534252096704842,0.0372816883704161,-0.142720696833615,-0.90880090096374,0.572829576804214,-0.119312356452679,0.406743588286918,-0.0353537553703008,0.283871031382722,-0.522289379528337,9.36750677027476e-16
"106",46.11,-3.86985656943515,-0.601305343361796,-1.28295752805533,0.0970022962438449,-0.278668611770709,0.436132452454872,-0.514126872032717,0.298221329265772,0.0409910357148258,-0.374524048758403,0.0277112400118436,-0.35300766624041,2.06501482580279e-14
"107",46.31,-4.31426995633476,-0.265436147362237,-1.75017306937872,0.387111977520489,-0.84736132494517,-0.136464745210919,-0.731834809489987,0.283234828416149,-0.269996004800053,-0.471525700637586,0.05595110928809,-0.270041084295204,-1.26565424807268e-14
"108",46.51,-3.88279273856662,-0.165041832258671,-1.16294539546261,0.633600170560133,-0.148585513807406,-0.246962700049972,-0.449989676626627,0.213241729194905,-0.335142171254357,-0.348535159923032,-0.0514226710769429,-0.253028848008727,-1.4432899320127e-14
"109",46.71,-2.06687705503049,0.97830853902564,-0.869812804667323,0.875928413974676,0.21368637434842,-2.1985852602037,0.624961549900733,-1.01109325604848,-1.16514228252843,-0.0396830264753059,-0.133994095467634,-0.212530903491199,6.99440505513849e-15
"110",46.91,-3.31726431656895,0.128927655423706,-0.423615064000128,1.37293213293724,0.57245202819567,0.75797002647836,-0.255523424381544,-0.160378920477452,-1.12858291351805,-0.303950230519075,-0.166067255527674,-0.41093808994464,-1.11577413974828e-14
"111",47.11,-1.57637574090613,-0.887020219664876,-0.0123970618302168,1.54689073593418,1.61659630458491,0.523086115647438,-0.780099289836972,-0.699520344203238,-0.277794881342391,-0.162550859375114,-0.270355537905881,-0.192585792697951,1.58484336765241e-14
"112",47.31,-1.56690808646088,-0.0895950548490408,1.56301031818973,-0.082322600974492,0.782314066547686,0.206791551846934,0.110764954041516,-1.31645391508089,-0.704541654778135,-0.59419184297552,-0.193563441632009,-0.154909383263361,-1.99562588676372e-14
"113",47.51,-0.9608870306437,-0.860735349097204,0.783656072863416,-0.046591665325913,0.655951191708183,0.647376460334922,0.701666329938218,-1.35607433512317,-1.38718792401256,-0.213337609088211,-0.200723187535625,0.0895673477436138,4.63518112781003e-15
"114",47.71,-0.741565970764605,-2.86182567364583,0.729530294919595,-1.2243022081074,0.746888332265724,0.911613287773426,-0.107236102692045,-1.00067688624142,-0.134818351104324,-0.224545356654265,0.279381832810503,-0.288872604131568,-1.73749903353837e-14
"115",47.91,-0.563271039584271,-1.64322989940547,1.02306330785595,-0.757904301465128,1.49074148835215,0.207242539793139,0.638243341908386,-1.17299109116529,-0.981312606507559,0.0750722129663649,0.131025794155746,-0.0973376290434517,6.90593415786367e-15
"116",48.11,-1.11121593189968,-0.759420488523853,0.160034200792026,-1.0574240401678,1.50943514788717,-0.763859489538199,-0.464015531396207,-1.5152480107798,-1.11511541431041,0.15832696287048,0.406164811980685,-0.0993901232082882,9.65894031423886e-15
"117",48.31,-1.09610394819575,-1.15952752685091,1.0411753170992,-1.08752681408665,1.73613275341893,0.436332106816125,0.373606200750018,-0.676668825783303,-0.393374140264976,0.480870084605217,0.216855593185044,-0.302235057429153,-2.43208231331948e-14
"118",48.51,-1.57738663376502,-1.448352205158,-0.0638387665672542,-1.12522076502515,1.06146698063023,0.0793030269775381,-0.317722387300216,-0.621661344463682,-0.793289990217756,0.463915186547316,0.326550742870902,-0.334737718020871,8.90953977261688e-15
"119",48.71,-2.45958999360228,-0.911015512637701,0.996355293403139,-1.08855235899134,0.947322028903027,1.84171764166026,0.51484938352252,-0.241082419057132,-1.6339844068168,0.110546478957783,0.219767786781484,-0.511295434952509,1.765254609154e-14
"120",48.91,-2.67688162644878,-0.701521803927323,1.42023988304026,-1.9814437949355,-0.596675366006889,-0.202092281060908,0.135577046736844,-0.561749845091518,-2.01918557577049,-0.290087857942793,0.433673167581794,-0.207415311908396,-1.90403248723214e-14
"121",49.11,-1.5800530333568,-1.4472584620358,1.67346511394607,-1.50251456094921,-0.466690257927936,0.287712109196806,1.26028032910783,-0.428352334845392,-2.21790157539636,-0.0687608698807072,0.14885056760422,0.00911935439645645,-9.38138455808257e-15
"122",49.31,-0.67538345774896,-2.16467274467186,-0.559995299991842,-0.789574122407684,0.781662244174471,-0.0277339230257725,-0.0224899514750979,-0.737825262163577,-1.36783462555648,0.0758288053188197,0.465852848949701,-0.125516683812544,-1.65839564303383e-14
"123",49.51,-1.53264336092712,-2.30307337022968,-0.346993141516902,-2.1894406344468,0.334525608481313,0.00762052397333468,-0.403097407080515,-0.536769355380657,-0.933757183291047,-0.2287329359263,0.479017619621663,-0.212158638306235,2.29816166097407e-14
"124",49.71,-1.55577462442978,-1.95865375376801,0.622539389514195,-2.46455665105491,-0.334292720947243,-0.507588761765055,1.24835837637529,0.102400882090589,-1.66873176605507,-0.412624914280318,0.390681714017914,-0.338811550734166,4.8017145815038e-15
"125",49.91,-1.77620583783548,-2.93149454223904,0.424406314401063,-1.54627882136312,0.320580322463375,0.831003440595388,0.19794222125642,0.666727061213963,-1.76034044626709,-0.0687526758097693,0.507459523525153,-0.501102975720597,2.66453525910038e-15
"126",50.11,0.170697315379363,-2.34055372704051,0.965154916015325,-1.15860451058175,0.51166368364583,-1.22933923203031,0.165401238059224,-0.0576729227602616,-1.56165312822141,0.826748246031646,0.672561427980913,-0.369475868988103,1.01585406753202e-14
"127",50.31,-1.22169970685635,-2.63477538503933,0.0820031280766435,-2.13518581931612,-0.87594127615403,-0.139842752208339,-1.58942941207752,0.199342136693192,-1.29498640724182,0.360781046334434,0.499487117332208,-0.0837122089014579,-1.31838984174237e-14
"128",50.51,0.879556296507428,-3.48581366472806,1.28242129650421,-1.26063235205096,1.19361033102721,0.052974239325683,-0.0181102419118537,0.202416487694128,-0.896916891638119,0.373514424913902,0.175969770248787,-0.755185688563665,-1.69517178072454e-14
"129",50.71,0.131253038636048,-2.38771632061453,1.25673433064097,-1.89361959079861,-0.597643716012135,-0.410506390305387,-0.755784778183735,0.315365434936204,-0.79903709142553,0.432130539468284,0.804231329753586,-1.0347313984,9.75012171694489e-15
"130",50.91,0.255119247833648,-3.79181461163488,0.681248815714515,-1.26334824691828,-0.599145587069093,-0.532247933242284,-0.772113054549869,0.781458043821972,-0.549515873502942,0.338569705463031,0.260970414873119,-0.496798922234098,5.82173198537816e-15
"131",51.11,0.688784906282258,-2.25141203771915,1.1573763410514,-0.845790102798178,-0.30119579304145,-1.13399860725488,-0.983836787858901,0.114097851604765,-0.58681871483753,0.695366921439592,0.437961741531639,-0.682695707572771,4.05231403988182e-15
"132",51.31,-0.288548188568145,-2.57550806846309,0.21536317507107,-0.319200272926487,-0.589897293335987,-0.436610877817576,-0.911422140558191,0.611170398627279,-0.672563053800459,0.215628352702706,0.179900747216949,-0.783545300436615,1.11022302462516e-16
"133",51.51,-0.126979240974438,-2.08194309564243,-0.0430436252109947,0.255994377090977,-0.550544330971301,-0.701169912882736,-0.909319848040897,0.505617308657999,-0.553067064253798,0.680102584068864,-0.201004681012238,-0.265993865499265,-3.00454106039183e-15
"134",51.71,-1.18376741123377,-0.709910974718372,-0.916257775966557,1.06231294554446,-0.45402660867826,-0.627306559635511,-1.06809850581761,0.642996251305211,-0.956698802646382,0.267730687427642,-0.0948236758335199,-0.489908248775855,2.8796409701215e-14
"135",51.91,-1.3884506879315,-0.461915135485325,-1.89080644139198,1.09216788365777,-0.568635445642142,-1.32239562217921,-1.46383920236572,-0.0883706770477223,-0.994092804166228,-0.286978292660535,-0.352104820462479,-0.126803504868321,1.1740608485411e-14
"136",52.11,-2.03562367423911,-0.538725925444464,-1.21761420054226,1.91691472512608,-0.258344040627219,0.778621454671106,-0.433268169617553,0.671357102644295,-1.34605350345097,-0.189476333889539,-0.43329909573027,-0.275650996050632,7.21644966006352e-15
"137",52.31,-1.29727160458136,0.0754967236104745,-0.694164482488417,1.39464967523008,0.30482089663689,0.617849541695156,-0.213315142258528,0.451289082625926,-0.858416960907437,0.0286271516012166,-0.276902433723018,-0.319422394813629,-1.41553435639707e-14
"138",52.51,-0.884380316714134,0.0377908419674442,-0.512108565187865,0.851111341516061,0.512192895395617,0.707882531410146,0.0091984566029395,-0.00298982074865803,-0.753923536742802,-0.342655796504285,0.0851827023836881,-0.338915563731852,-1.48769885299771e-14
"139",52.71,-0.400408520378963,-0.0434551858535694,0.247193823925976,0.173041095893418,0.214714012867978,0.868800861534377,0.0383632365469252,-0.563156061741244,-1.34721458213579,0.0719460761948636,0.513015488770498,-0.00368254279038751,1.70974345792274e-14
"140",52.91,1.38225230252421,-2.21860336742829,0.959296269370547,-0.352712551732753,0.936577182307193,0.821191654518364,0.0312844456545837,-0.691124805515896,-0.190179122069906,0.246058743337824,0.451567678308282,0.231769198011681,1.00934885449711e-14
"141",53.11,0.327178672433614,-2.83709036624996,1.13426526495231,-1.7520952461997,-0.901650338062029,0.525863662857592,0.228884925291596,-0.598579025793688,-0.540559923230166,-0.784019097478407,0.649416341858579,0.313469027115542,-4.57966997657877e-15
"142",53.31,1.85955697416468,-3.50172866767187,1.34650620845678,-0.853839336838283,0.0573808696096659,0.229906889583701,0.334876116596904,-0.941277117180761,-0.221119602905585,-0.269519703913078,0.345445266868236,0.708470101756741,-1.31838984174237e-15
"143",53.51,0.415356308364708,-4.71188753435866,1.29233360548051,-2.01326054874608,-0.576682225906535,0.154082762489723,-0.178677792556806,-0.480809504043014,0.182577035977367,-0.861020137331118,0.195434285221739,0.603055888771698,-5.74540415243519e-15
"144",53.71,0.321508672346019,-4.15432533906332,0.684107908611328,-0.292612729205246,-0.524413690782441,0.575857973176529,0.572832284309465,-0.0547774576996354,-0.586127152725174,-0.247049618543318,0.519136017823558,0.350025124130434,2.44249065417534e-14
"145",53.91,-1.29585527558395,-4.74735944628637,1.02198749911615,-0.490832891295414,-0.714173980373087,1.4979361692234,0.847315364422488,0.895177815646568,-0.398686036571523,-0.483604868178912,0.325623420645084,0.56735432473347,2.1094237467878e-14
"146",54.11,-0.661707392894671,-3.3997428198293,0.802944970534448,-0.598342331119062,-0.305546224019905,0.329911722409273,0.618955947634777,-0.336943579391277,-0.731560861758721,-0.559053495322526,-0.126038833085145,0.937644528653766,2.39808173319034e-14
"147",54.31,-0.131549334854954,-3.94034526625865,0.313495987063118,-0.448132638611176,-0.058085737541143,0.570230263279441,-0.312625886045049,-0.368009055067553,-0.0534234840937824,-0.227458220289876,0.130239855423301,0.4293050963493,-4.9960036108132e-16
"148",54.51,-0.363722435250598,-2.16850585448075,0.804525716181529,-0.801056073896933,-0.368973370549073,0.51701113977149,0.490233891768364,-0.64209550846612,-0.131573317584356,-0.339282742477747,0.164529739489829,0.0794861912337841,-1.16573417585641e-15
"149",54.71,-1.06239648387433,-2.73270918787335,-0.0206311195708325,-0.988802577525555,-0.48475915916019,0.395684449493446,-0.202848641761219,-0.478257665763581,0.0363058317411023,-0.260177052530901,0.0944650139284952,0.112126788615767,1.72084568816899e-14
"150",54.91,-1.00506995292846,-3.4306855055113,0.105645901563275,-0.170370965234107,0.333822252648931,0.681602965953796,-0.0313424536627818,-0.0688844890614603,-0.190409606700753,0.33313211730069,0.235801325847703,-0.159065872343539,-6.66133814775094e-15
"151",55.11,-1.13096103097617,-2.89313887879767,1.69666264571158,-1.06016854375482,0.353096418644747,0.0393313872971745,0.48921514801188,-0.335812500960516,-0.406459532716986,0.32513336776562,-0.126789453547694,0.0521287828700966,1.65700786425305e-14
"152",55.31,-1.62072599423411,-2.40165539296666,0.65384547063784,-1.03245262789146,0.607866282703957,0.18987062726878,-0.233963931705614,-0.574749533650673,-0.412907112940955,-0.189139074833373,-0.0347785361990394,-0.509201032976927,1.02695629777827e-15
"153",55.51,-1.76916811931002,-2.56372423390733,-0.056373059693041,-1.0851332932546,-0.228711504924558,-0.109042471325647,-0.173867072223135,-0.362703916905364,-0.489609325990918,-0.283400967776953,-0.120622750368153,-0.340360185356173,1.8846035843012e-14
"154",55.71,-1.79349157194043,-2.1521129907202,-1.44577868124996,0.342483362001096,0.131257494652183,0.282949229437986,-0.486081483134129,-0.394631350925228,-1.35753179804316,-0.184810941638617,-0.0919934433542552,-0.272697999506261,-4.10782519111308e-15
"155",55.91,-1.18832068153361,-1.8911106320067,0.574708318768173,-1.01696503386472,1.12738474801114,1.17425028131106,-0.290512909460698,-0.906151044321474,-0.682661849720631,0.00199384308212953,-0.453374418509695,0.0354944968993059,-2.93653990013354e-14
"156",56.11,-1.19773921786214,-1.96314300690232,-0.0771179306427422,-0.541592399253997,0.214203867536653,-0.160301793918745,0.746453574855517,-0.777661036103127,-1.5034555015594,-0.193242828834067,-0.47159458308888,0.398410211786457,-9.71445146547012e-15
"157",56.31,-0.746641362365249,-1.68337048870944,0.512032301716894,-0.470068331633425,1.81150332574495,0.397491396764988,0.149804092595191,-0.464602956431273,0.127960703905031,-0.0101374158153484,0.151242864027962,-0.407597751246735,6.59194920871187e-15
"158",56.51,-1.39971974819547,-0.0593301627136105,0.545647890783605,-0.671325434037186,0.409388784778404,0.237475558663276,1.11541226374108,-0.52324628119034,-0.942397413116692,0.0131266529014242,0.124230471165416,-0.13737001072505,-9.38138455808257e-15
"159",56.71,-1.36501920558825,-1.13899366665188,-0.0667224741626135,-1.08134894552283,-0.0083773589560785,-0.0648587552188602,0.466376509202355,-0.824206445717614,-0.273071085726852,-0.429804591255431,0.479167675800938,-0.306068885077048,5.19029264012261e-15
"160",56.91,-1.08081759707726,-2.64198051121231,0.373196639646546,-0.808453231526032,-0.921943190499328,0.912464224971608,0.909431396641482,-0.0131215608756938,0.109277933088152,0.0245208002459373,0.638342184634285,0.102895931737469,4.49640324973188e-15
"161",57.11,-1.14080005267959,-2.22329008168909,0.189724125224756,-0.383174257864311,-0.353075015681984,0.475341539604404,1.36125120821827,-0.409469814335476,-0.254748592120099,-0.114213445589321,0.31524782455032,0.252126095222397,-4.77395900588817e-15
"162",57.31,-2.13252124563877,-1.83478100759033,-0.17174718888739,0.0983058454283326,-0.351054283492821,-0.0686841164429327,1.33549274930062,0.484952546222878,-0.24257295054943,-0.304662557402786,0.363630748844643,0.309756599441051,-1.5931700403371e-14
"163",57.51,-3.28777486429124,-1.54043453758891,-1.08029830691561,-0.245964408456452,0.105233545699286,0.617409011900735,-0.609332357456706,0.0835993843241997,-0.223414740580634,-0.579760438035557,0.37857645451576,0.0984092845652579,-5.77315972805081e-15
"164",57.71,-2.5971984332953,-1.79143393835855,0.110820052684407,-0.175675859452606,-0.153449627528624,0.818385966046913,0.791855106691937,0.560954663684399,-0.416262281989196,-0.358256705249627,0.350929991611243,-0.194967640069393,1.25455201782643e-14
"165",57.91,-3.23219171335589,-1.92018016817103,0.303975173410221,-1.1238246265702,-0.211988394620397,0.570903038000575,-0.821479406795459,0.251940474505836,-0.0292837712112581,-0.320277721553164,0.260796538399385,-0.0995306625139496,-1.84297022087776e-14
"166",58.11,-2.24064344178774,-2.21967517194625,-0.185157534138238,-0.294174501303559,0.49493722473349,0.324154915001345,-0.488295252125016,0.240931535721502,0.0870887242576588,0.251419179097482,0.183880014423859,-0.524413784894753,-6.16173778666962e-15
"167",58.31,-2.3807734317701,-1.31301188513326,-0.94004038334171,-0.446256597992565,-0.015556579346318,-0.599680510068348,-0.361865384898438,-0.626814017173442,-0.995030033955446,-0.15083505208788,-0.0425500007438263,-0.561546406646186,-9.20097331658098e-15
"168",58.51,-1.55107508528695,-1.53703759182309,-0.354364214446214,-0.145128874703495,0.429017839013456,-0.6818049085527,-0.612693963579023,-0.808065845839916,-0.87279624473976,0.208707215978136,-0.100621161401541,0.0259280293869931,1.03111963412061e-14
"169",58.71,-1.01460743348114,-1.70284557220046,0.545548211094272,-0.345702619765892,1.3179271986713,0.531832422152504,-1.57004597712514,-1.03871690509847,-0.0170992406728618,0.594016483148919,0.0607432436504668,0.0571102229049469,-1.63133395680859e-14
"170",58.91,-0.025190261832733,-2.03068242527731,0.58285144361655,0.391217957887771,1.20434478694608,0.606583212332948,0.805435726610721,-1.39385479178635,-1.34671450386943,0.0396023216372943,-0.0153278551079247,-0.185118471853125,5.23192600354605e-15
"171",59.11,0.841293022559477,-2.76295467265707,0.933040481242701,-1.0326843904407,0.73998359468601,0.251337138197747,-0.342845128714084,-2.18286901202457,-0.259517114217028,0.0911515612486036,0.420365563774718,0.530770154940583,-1.04083408558608e-14
"172",59.31,1.74403640680379,-2.85608776595048,0.447470631050419,-0.447255343694865,-1.19058897795463,-0.0481143857487531,1.73320799098745,-1.59252177683488,-0.399110288152138,-0.0823246888791552,1.03596490251707,0.272777035547892,1.91721638564957e-14
"173",59.51,2.06435804185249,-4.53436260934302,-0.885780575878342,-0.295714773034048,-2.17179312383804,0.500296434054395,0.77784554937806,-1.4551619987853,0.207296031090516,0.00315356385848543,0.851702731727695,0.615907710686639,-6.21724893790088e-15
"174",59.71,1.98263453643266,-4.89276982374602,0.201684238990762,-0.684756386060213,-1.45584510595814,2.08604331149481,0.454510486345825,-1.76777944700655,0.326517353902607,0.169761333110806,0.0664538720269425,0.329656946234882,-1.19348975147204e-14
"175",59.91,1.51482447732921,-5.66091850766012,-0.553372484954506,-0.508833410505599,-1.13478350615034,1.89731921349621,-0.232305422845941,-1.57071315495915,1.14117020291565,-0.445830997625014,-0.0818121877046674,-0.269403610677025,1.86517468137026e-14
"176",60.11,0.748555345595324,-5.65733289041915,-0.0356278519502482,-0.422333015468094,-1.2208058091754,2.12298758817086,0.350113835189682,-0.705607664532398,0.352826722248066,0.349142764212736,-0.628023951654108,0.361514323286867,2.22044604925031e-16
"177",60.31,0.324659402521731,-3.12777652734502,-0.681702547573127,-0.772869118480656,-0.895018180363874,0.636723638314707,1.00765275987983,-1.46002734120744,-0.564547115754992,0.0927187069749254,-0.393743612637974,-0.472823853564289,3.77475828372553e-15
"178",60.51,-0.493328288202741,-2.97052717520969,-1.71481130682959,-1.62174655077063,-0.475142184566802,1.17200095879617,-0.819330702267517,-1.65432381412644,0.126928348873492,0.404117357132862,-0.132789320996447,0.00856450462073281,-1.08801856413265e-14
"179",60.71,-0.97592382810827,-2.14786953309924,-1.63442197548336,-0.829868090867634,0.129660733455444,1.27731881531088,0.274576964339846,-1.01532370705117,-0.514658779770118,0.556164757534188,0.0439865944112522,-0.326715568653237,1.33226762955019e-14
"180",60.91,-2.08666057024413,-1.87731036164737,-2.08632755390357,-0.378774127207577,-0.121318746599857,1.94927430605044,-0.876416587909852,-0.925982591604887,-0.848767537409213,0.485339127092293,0.293977418737564,-0.321394395947738,-2.52020626589911e-14
"181",61.11,-0.576127332404554,-1.98098551578716,-0.957552427072982,0.316860312761742,0.0946055065052017,0.481250220284602,0.42783556457676,-1.10811380227476,-1.17977683656992,0.871544718192591,-0.0854790951209652,0.109292315515742,3.08364445089637e-14
"182",61.31,-1.62982768134626,-1.28722982645698,-0.0725136650902471,-1.08666077359051,-0.475121442930408,0.930600384766205,-0.326163458056175,-1.13622698220308,-0.679036869117479,0.0967506829279933,0.396989960303718,-0.435352583861104,2.38142838782096e-14
"183",61.51,-0.840843587699331,-2.29336112762304,-0.123331163654958,-1.10613694343294,-0.410924865435017,0.935392154195424,0.878020982833907,-1.33059422646781,-1.01703655891773,0.112572419482654,-0.10715242771155,0.0357680199911551,1.87627691161651e-14
"184",61.71,0.948588736845587,-3.1057409968508,-0.37453703502713,0.250689266469177,1.05242498682346,-0.224102838676299,0.728608303449789,-1.44171870746334,-0.825364596511875,1.3272742016465,0.275562420796927,0.117210721600022,9.35362898246694e-15
"185",61.91,-0.116641712038236,-3.41340004538998,-0.114932444742818,-0.397385644759972,0.52451201408637,0.0913216845557023,0.125870236520956,-1.13638645864281,-0.693206779484946,1.07151406020836,0.797342872405957,-0.115059442220763,1.09842690498851e-14
"186",62.11,-1.81902656336444,-3.06722212785126,0.629844195394048,-1.34271983363588,-0.886260748579518,0.832227079296928,0.182011068278551,-0.794858669694959,-1.0452440697547,0.378129918727535,0.572047338948539,0.236307457467745,-3.49720252756924e-15
"187",62.31,-1.34192656877536,-3.90451521672001,0.916331040627634,-2.27192040378847,-0.0649025153088144,0.480056225166675,-1.084451871917,-1.3857858889968,0.144882678318217,0.422969542598605,0.449647162214272,0.112968677439205,-4.30211422042248e-15
"188",62.51,-1.03447687405978,-3.96133827694417,-0.0727198713583151,-1.34463259746052,0.267753132139509,0.0381179661491259,-0.66062656033833,-1.00729304062804,-0.0435086991963612,0.714399802507489,0.767867747164938,-0.258685095083771,1.27953203588049e-14
"189",62.71,-1.41622975518354,-3.9413625354749,-0.913138448776497,-0.323757472530728,0.681523120736939,0.333588119667836,0.570604351507596,-0.824765358038794,-0.961789445773774,0.389815119602001,0.152219870446634,-0.294314186373119,1.58206781009085e-14
"190",62.91,-1.52725891507808,-3.20456239599453,-1.04729661534483,-0.290786638726617,0.644322110035767,0.541014116587945,-0.306709656323943,-0.685745104705303,-0.305677684288709,0.81680566916966,0.256418986535815,-0.171038288027628,2.27595720048157e-15
"191",63.11,-1.14061216991258,-2.82592700433289,-1.15889397463373,0.310267430301313,0.433895301673104,-1.06219976425776,-0.333779892190176,-0.94525548928807,-0.222491785932827,0.408161813153209,0.109792801540035,-0.068625745224721,1.07969189144796e-14
"192",63.31,-1.08947696045277,-2.88712760388477,0.0892432023449164,1.1197856324202,1.00528170725157,0.255888336030873,0.824711613530631,-0.409882559693524,-0.709329522795658,0.336727524353277,-0.37549786225415,0.0576345349693801,1.0325074129014e-14
"193",63.51,-1.48411056974863,-2.13225077878176,0.538989603200382,0.607939389343514,0.775940954213493,0.801265231619862,0.45032509968351,-0.877454342140456,-0.909721103917747,0.162465506913982,-0.450009968728026,0.590502410788882,-1.24344978758018e-14
"194",63.71,-2.40098108233879,-1.22451675040295,0.45603310396759,0.056054119484917,0.278604201636807,1.68080723690837,0.767002447265204,-0.60091974715831,-1.11302883629831,-0.30585455735292,0.0800435470729898,0.150821143700491,-4.66293670342566e-15
"195",63.91,-1.35724386598778,-2.37054002510293,1.23599866161527,-1.04339747230864,0.801593222695508,1.50061072908025,0.940286867573234,-0.884989598077344,0.191385777861434,-0.572850086734414,0.189415574975807,0.273929316234106,-6.93889390390723e-15
"196",64.11,-0.140156639211557,-2.53285316077644,0.764854198452216,-0.0602863062645467,0.605423701283163,0.0327474971563624,0.690237536454645,-1.32155909807046,0.361044153757362,0.234281455751091,0.604257345618166,0.607948572766673,-1.35585986882347e-14
"197",64.31,-1.67569304551754,-3.74120784709121,0.44530301030596,-0.519048317943456,-0.189285884345218,0.869794039726296,0.244460461909632,-0.869891714710734,-0.0662110106323536,-0.232346342123444,0.0970564286925177,0.773759959163789,-1.66533453693773e-14
"198",64.51,-0.614430024130297,-3.04618211312775,0.91946521821084,-0.281024563945567,1.07209099468893,0.377292138447274,0.43147209616603,-1.09115632288397,0.310786575134226,0.63570213821362,-0.00550627814174198,0.304666267995378,5.82867087928207e-15
"199",64.71,-1.33305420451799,-2.91420955347716,-0.498945747176552,-0.107501238243057,0.334831429914634,-0.642561598649239,0.898292223772635,-0.431202157362346,0.315047856967735,0.197367530519256,0.56995544759534,0.000480637409697269,9.06913433240675e-15
"200",64.91,-3.0665744842939,-1.45311289300727,-0.0262245738823656,-0.804329956831325,0.626206649646075,0.489377297456709,0.497472490536368,-0.321914055605281,0.0230247227867024,-0.104808068799716,0.564882750370444,0.14375483576107,1.04916075827077e-14
"201",65.11,-2.60337496823686,-2.59028872326871,-0.71132469583149,-1.13151472908429,1.48067618833614,-0.643697046514199,0.704304244634402,-0.0394748402958321,0.622824025044903,0.119055897730144,0.611845023071189,0.21188898302528,-2.13995487996499e-14
"202",65.31,-3.75555808599017,-1.62323397131528,-1.51396896862253,-0.975335392698591,0.69197674589848,-0.799554724083709,0.967184167875552,0.118479203865767,-0.734177696504297,0.0989937792298106,0.31702176540996,0.509210552166473,-4.44089209850063e-15
"203",65.51,-4.00798082425046,-1.31828170485947,-2.09902715722479,-0.355201087107952,1.01339612008249,-0.766812282647003,0.514409338816846,0.26128871723639,-0.336435826884613,-0.0657716100185256,0.144996042283119,0.485745910014452,-1.63480340376054e-14
"204",65.71,-3.29617203476624,0.503122502646725,-2.39677173120054,-0.305093827515866,0.444664555269552,-2.36688296720405,0.943280855423612,-0.493004167896868,-0.3289199985637,-0.0922248456385617,0.37676430558212,0.140055112109353,2.10387263166467e-14
"205",65.91,-4.02135597676862,-0.288853132145686,-2.11344774641883,1.19541914876591,0.263399744538445,-0.0407938419388729,1.02505182025961,0.767333015706535,-0.684602474711134,0.265854444329513,0.269344594525757,0.332848674322196,2.22044604925031e-14
"206",66.11,-2.94735950300429,0.021419991552407,-1.18199871255864,0.359192273540217,0.597690758672136,-1.16017933170743,0.696023978410048,-0.2152159720019,0.10854469988477,-0.175705515843807,0.0881097493778592,0.139330074906663,2.17187379192296e-14
"207",66.31,-4.05446863277613,0.51530980163398,-0.560505328340183,0.397046682707436,0.436950310584303,0.543741855786036,-0.396455155669132,-0.269708105127495,-0.219369698097734,-0.380606037174439,0.338386310247987,0.153388247277193,-2.44804176929847e-14
"208",66.51,-3.52753210614931,0.487210107404865,-0.596315727261252,0.533466944953494,0.279268802210484,0.384599509986082,0.181648410424148,-0.539712204525005,-0.474142088860173,-0.537806577349781,0.386718387933227,0.0390683269731778,-6.43929354282591e-15
"209",66.71,-2.63358874363552,-1.38257824036923,0.143083094334262,0.893306058772067,1.61202330399345,1.47892838252416,0.293149991886662,-0.0868847774532348,0.289622267462601,-0.0899051176888565,0.145991451949716,0.157826375750673,-5.10702591327572e-15
"210",66.91,-3.51626134376229,0.647736071037868,0.0442377165809042,-0.214994088922876,0.928571457820989,0.596261571376407,0.33279038849107,-0.918815629120764,-0.755992909000763,-0.54041554313247,0.175067535956114,-0.0287266124263183,1.01030295240889e-14
"211",67.11,-3.85738159561209,-0.244406129452716,0.162592244733594,-0.786738730816204,0.690010308871546,0.928490790378293,-0.00411905114927649,-0.26027076021826,0.0791137723633855,-0.608600134536566,0.263437341108756,0.238275174778463,-3.99680288865056e-15
"212",67.31,-3.16206500632324,-0.769920830492807,-1.45852958061221,0.339185810323206,0.679170469093945,-0.0579941983032973,0.0716254031772014,0.117495861321144,0.397368686146502,-0.318174872918985,0.342153909139077,0.221052523514039,-2.23154827949656e-14
"213",67.51,-2.26808723477525,0.250497452385461,-1.53278228126181,1.29812908544468,1.37685354352491,-0.556327371744582,0.770670118397372,-0.522352344465242,0.0378470397885748,-0.285154358415044,0.286741084755715,-0.00822052143584798,1.66221203468098e-14
"214",67.71,-2.8801258341392,0.127454266801163,-0.767960839302756,-0.205154580946284,-0.122938942123886,-0.668358450778066,0.282241307312888,-0.292428664204263,0.730573775486985,-0.47797372376502,0.294096763235289,0.33095366437681,-4.16333634234434e-17
"215",67.91,-4.05081800970336,0.246369654400442,-1.22832028361941,0.147550770842923,-0.716193507234539,0.382700386356644,0.735323757068362,-0.012551413829236,-0.252437289534708,-1.31788527757598,-0.142730200313571,0.152851291149723,1.19904086659517e-14
"216",68.11,-3.06162232100656,-0.63282886315032,-1.67979418057357,1.26107546087455,0.493571111120618,0.101403861675415,-0.0812813611435448,-0.126803159218644,0.0337957181999209,-0.828682681139943,0.00190943143477984,-0.0675784788901683,1.64313007644523e-14
"217",68.31,-1.53872354203474,-0.661610537505064,-0.320563976773598,0.510690772974132,0.695585855735158,-1.41769437915903,0.399359847163209,-0.5114653361635,0.80088732424602,-0.56586257336671,0.066002136338335,-0.050647512179471,9.99200722162641e-16
"218",68.51,-1.96595813645019,-1.50808318920353,-0.769171173398833,1.52290900104461,0.645890904030295,0.227217952788995,0.539346312332842,-0.342778674444132,-0.17879408018093,-0.633409240652055,0.00684207533197893,0.415748417497497,-1.0547118733939e-15
"219",68.71,-2.68861198968784,-0.502323103902841,-1.3470243624693,0.895444073843184,-0.32020732830754,0.305232784433642,-1.43935330831208,-1.03940672822253,0.158393527386575,-0.584940154848703,0.549918324668042,0.391677819321546,-2.00395255944841e-14
"220",68.91,-2.27941347745597,-1.15861525679932,0.144686972276863,0.669132910325796,-0.14073590708531,0.555781445951456,0.697538761714221,-0.0618295150747799,0.400163822631519,-0.603913584685912,0.398114569777925,0.0636490908584124,1.80411241501588e-14
"221",69.11,-1.21080780687895,-1.21593555331185,-0.943454367966965,1.80501949382078,1.45778883629855,0.0657421725319874,0.705362843976969,-0.359910192102972,0.766594224553618,-0.631397230452226,0.351826932791413,-0.265358422302372,-1.66255897937617e-14
"222",69.31,-2.39439746321811,-0.221694229563653,0.544778317214095,-0.115968974954603,-0.787515559361443,0.0453011001328439,1.59498470848782,-0.191453788204565,0.583038083829501,-0.85059521864023,0.35402449792844,0.226708595215916,5.55111512312578e-16
"223",69.51,-3.40687947392138,-1.15432709167552,-0.215680804778816,0.437166719645945,-0.492587683133387,0.698214589305289,0.89388001592446,0.580445630306151,0.437938043948056,-0.829792302424657,0.188629171867444,0.294247690529437,7.7715611723761e-16
"224",69.71,-2.7564908506519,-1.47332281084281,-0.788368400309998,0.522958573926596,0.865235708415918,-0.447150580946098,-0.292291421322129,0.00120036177934386,0.520741880212762,-0.252061258483209,-0.146865097138964,0.665418951212353,1.73194791841524e-14
"225",69.91,-3.97212783931688,-1.40362274559155,-1.56726606954497,0.171116487584133,0.345146032685041,0.303846219073945,-0.5828034828181,0.573590460919228,0.7752168389753,-1.01274506012182,0.16292291112778,-0.0698678736501788,2.22044604925031e-14
"226",70.11,-2.53824066064504,-1.36841626554718,-0.666078202954117,0.72973706818311,0.703685374151207,-0.196418398564785,1.44083437858661,0.410160205320341,0.29244369554181,-0.644935333882058,-0.0547991994136533,0.320735950312642,-1.60982338570648e-15
"227",70.31,-3.00809141522214,-0.457621556250589,-0.997591068138695,0.0630381835390677,0.253387459328515,-0.421404895939697,0.324518980551236,-0.230492992965354,0.30118974135916,-0.722488899070394,0.199485857333515,0.145132607298051,1.27398092075737e-14
"228",70.51,-2.66680861134088,-1.28121757407835,-0.839964624014503,0.208577920099414,-0.0706794363682048,-0.727993011068179,0.739547234487179,-0.341078090436185,0.0449770570770461,-0.688386695117401,-0.141425773516164,0.554332978073872,-1.34336985979644e-14
"229",70.71,-2.2453963752532,-1.92607157506879,-0.374499885339766,-0.252610282611678,0.0390366999140025,-0.746534813128108,0.794750369427431,-0.269081538453661,0.398320327246471,-0.614739732793304,-0.0762422798591373,0.310014925844796,-1.49880108324396e-15
"230",70.91,-2.33730752061786,-2.91331384318989,-1.15713790332106,-0.230570022712353,-0.0807637913616933,0.0263216397208238,0.154714918109029,-0.120090070188162,0.150455612528177,-0.625529864358197,0.0352789314244269,0.0683838826051802,-5.38458166943201e-15
"231",71.11,-2.25881385867371,-2.74620228121647,0.0230418925472327,-0.548399340980871,-0.321248048015378,-0.348766659801866,0.694783283863628,0.176212920564642,0.152190958392393,-0.852165864680794,0.416401267794825,-0.311170271841873,-4.77395900588817e-15
"232",71.31,-2.09923695629557,-3.67206819123532,0.513690855052928,-1.09394740990579,-0.0060455992049287,0.52315404367052,0.331248180382619,-0.121018716024335,0.0409663883540168,-0.572544436303261,0.327278762630034,-0.164891360007363,-1.89848137210902e-14
"233",71.51,-0.973482764750105,-4.37907042060336,0.244271435088477,-0.65158965269585,0.63503720075348,-0.244900089511042,0.0604571617990329,-0.616043128492227,-0.286987460277128,0.0190920892373858,0.0102225124118608,0.370460076346026,-1.37112543541207e-14
"234",71.71,-2.34981107839005,-4.48805111051186,0.53522304001865,-1.57423905317658,0.0156361394001585,0.611767526187519,-0.954022445011353,-0.371770772374863,0.0344704805498544,-0.684122006178305,0.327646959321058,0.0859438516719574,1.87072579649339e-14
"235",71.91,-0.82875624851371,-5.38026445109344,0.297912715967116,-0.654863474846293,0.684012750537332,-0.600752881179233,-0.292618842383198,-0.402902838786117,0.132846383652273,-0.100183991646728,0.497542325575891,-0.0170232719795906,-7.49400541621981e-15
"236",72.11,-2.14738765305316,-4.4625922942198,-0.348452702167689,-0.883172011778431,-0.268005587157544,-0.195202231453103,-0.46348593268279,-0.036435095632894,0.159674565232685,-0.539882265299198,0.786432216469645,-0.207468433894204,2.24820162486594e-14
"237",72.31,-2.32876140465136,-4.48295310363893,0.444777043453948,-0.483622725110232,0.353857431512143,-0.0361241045758289,0.326568973696797,0.663000564540939,0.347098579537019,-0.394004445761447,0.326250057436646,0.0844291861552764,1.51545442861334e-14
"238",72.51,-1.98592348610278,-3.41488471783428,-1.01749481679756,0.507020706646673,-0.0359857761546987,-1.15019005377913,0.198343881865914,0.295038807687993,0.455526799643599,-0.473450125734565,0.460923225061486,-0.266748228021122,-1.74860126378462e-15
"239",72.71,-2.04177848255041,-2.74244141194832,-0.10888555329456,0.203458000633539,-0.109482118929841,-0.296751228004586,1.43777760256841,0.365316005331225,-0.065206519178374,-0.355270472987386,0.0937958881341399,-0.20679088622132,-4.66293670342566e-15
"240",72.91,-3.71525097455956,-2.87735782222578,-0.897118143128245,0.676888268373185,0.736945590447083,1.65588131021201,0.00842597818575314,0.875569510824548,-0.0215258492529792,-0.800386513792466,0.0766141399587607,-0.179439922425268,7.88258347483861e-15
"241",73.11,-2.15267399596995,-2.81126567065174,-1.80102406779919,0.85674521082174,0.251785170581228,-0.393846012389731,-0.444139930117984,0.0540666358439212,0.672550285622406,-0.498886132958584,0.297910037196534,0.226036628222765,3.83026943495679e-15
"242",73.31,-1.3138929370564,-2.39917340311985,-0.624756635868143,0.855767604335901,0.57275567009247,-0.429835909764097,0.740627250423519,-0.330329800481357,0.25263854803681,-0.536732159443359,0.388039777811424,0.162899090624322,7.79931674799172e-15
"243",73.51,-0.942579710056583,-1.71857189974943,-0.874814806378135,1.24673329278825,1.04684502635318,-0.410786283405879,1.10862679497187,-0.854465555685434,-0.207421972564036,-0.818334246311097,0.274346892560854,-0.0480641674020128,1.92554305833426e-14
"244",73.71,-1.27753277748651,-3.41083081229526,-0.886138316221988,0.55764469841323,0.901678588746922,0.722975980429701,0.268325930224879,-0.30943867490941,0.789473181121908,-0.587788298033846,0.11082363912601,0.325748589126286,1.11022302462516e-14
"245",73.91,-1.53271780851965,-3.21201463594872,-0.916353570715541,0.836715426917005,0.729754312299146,1.10723611436195,1.37964245351747,0.200177567293129,0.242128592367691,-0.625929693972269,0.355216909922199,0.26760404619605,4.9960036108132e-15
"246",74.11,-1.26004911752934,-2.89039169186837,-1.58889067892217,0.526318109723289,0.548679597723214,-0.911661602966739,0.770715906472647,-0.229500746300335,0.787891195099159,-0.672841556259911,0.437879094910503,0.554143011706982,1.53956708492942e-14
"247",74.31,-2.54052356487521,-2.09293693467782,-1.0529410349818,0.248055680034572,0.558732933818168,0.637385096213998,0.658634614684665,0.125880731411718,0.323591842054166,-0.663613728344103,0.407558224228559,0.225585293310499,-4.66293670342566e-15
"248",74.51,-1.92420701819005,-2.42324885842481,-0.707066215999067,0.383785374664905,0.653842423753011,-0.0663898090327356,1.05994493835887,0.0815421558124134,0.3439641046899,-0.461042160565488,0.219596505996071,0.175827841720508,-1.14908083048704e-14
"249",74.71,-1.97685472626003,-3.05536792457846,-2.34123666881473,1.0651000176428,0.121512588218109,-0.51212767458904,0.114787498661771,-0.114334294322429,0.251769110886487,-0.5789444477281,0.207588134256894,0.519321673128369,-2.44249065417534e-15
"250",74.91,-2.47329408132265,-2.36669833030888,-1.632452692477,0.786935275707603,-0.413913978695958,-0.376105525074546,-0.370270529591149,0.121576968708851,0.490922422963683,-0.310341135318463,0.345760125489217,0.674525426289462,3.00870439673417e-14
"251",75.11,-0.949050317043279,-2.45992809517878,-1.71358710752878,1.82477291028147,1.06160089763684,-1.69195540668697,1.21672945842467,-0.0403802199469781,0.330383998133806,-0.35916858232231,0.339199238043543,-0.0100018829284288,-1.52655665885959e-14
"252",75.31,-2.7390187907785,-2.32382408261222,-1.84472636974148,1.61296999903229,0.466304439703137,0.31951213466546,0.638537262133462,0.492191660539763,-0.0303846189143128,-0.510974267309591,0.262935722274585,-0.240439169011901,-1.83741910575463e-14
"253",75.51,-1.9669275250703,-2.37848116257338,-1.68390853849122,0.88208386145586,0.46925830407981,-1.05181690611068,0.793940465431834,-0.113157351483768,0.17288528460619,-0.753714922088864,0.0491018815015618,0.0353482946234888,1.17267306976032e-14
"254",75.71,-2.81808516383765,-2.46165306031368,-1.3202457585728,1.16078549533267,-0.159839695042393,0.275863442757854,0.869271728229515,0.624310390642005,-0.144618788230488,-1.0198084019968,0.339262260516589,0.101627462481751,-1.33226762955019e-14
"255",75.91,-0.702074580790807,-2.97176489997123,-2.08293496517047,1.88303926199928,1.43502578937513,-1.00172833476815,-0.188130050325221,-0.327656504242256,0.643657923399018,-0.470896567403247,0.32726744641083,0.602342429546405,-1.45161660469739e-14
"256",76.11,-0.216263062245152,-1.79182551113961,-0.709153544724538,1.81656402661214,0.762497307760384,-0.371663734891569,1.59814502374888,-0.386294525899712,0.0142774217120519,-0.246382094729781,0.497752670769131,0.528462922976349,1.69170233377258e-14
"257",76.31,0.292203947644654,-2.69808299987824,-0.614048848191921,1.67182961502501,1.55909454729155,0.440402150866075,0.95547133615418,-0.696911871237526,0.582552696668152,-0.560071380794648,0.418183808803045,0.61034407965117,-2.51049181443364e-14
"258",76.51,-0.737019188614237,-2.78023325031535,-0.323448786194856,0.343376779037383,0.336282555778503,0.335594077424941,0.899148870349471,-0.764840297110499,0.0692086222338381,-0.968156248346468,0.713313224283988,0.299681268401774,7.21644966006352e-15
"259",76.71,-0.0715773226304016,-4.08879655200095,0.413549873696994,-0.081124199467374,-0.011726807945822,-0.418716928847276,0.857602809814063,-0.524564386476575,1.30335233068533,-0.578655427475644,0.802534258554117,0.586124741432345,-1.83802625897123e-14
"260",76.91,-0.776915189561121,-4.40681625091167,-0.626579064414373,0.467065792574475,0.205124037085986,0.044945884545626,0.440502162051687,-0.266929527791932,0.900389010142068,-0.578242282477724,0.395419957689844,0.540864726449312,-9.82547376793264e-15
"261",77.11,-0.470240944889366,-4.62360737623037,-1.83591862655838,0.9993713072802,0.761910117300368,-0.94817168448651,0.3319935774398,-0.396369746903186,0.623388058425869,-0.503110730955873,0.14758552046082,0.240058545713612,-1.09634523681734e-15
"262",77.31,-0.846044058848411,-4.01951205765497,-1.62601998790468,0.698757860831296,-0.00636494509944524,-1.06661629192571,0.36105265029928,-0.0181531734864026,0.850535784821598,-0.131719988944396,0.112564493904841,0.309829542410362,-1.38049294218234e-14
"263",77.51,-2.0981538527558,-3.43614047664242,-1.29775240376672,1.62177222532461,0.371050312623906,0.624182214920382,0.951938279918703,0.675151151185179,-0.269467585992714,-0.224679400381335,0.154754261115778,-0.0969047192992654,7.43849426498855e-15
"264",77.71,-2.33591867613386,-4.07229494218059,-1.89985876468604,1.08738779919144,0.126012512690275,0.392094959394875,-0.347834768996564,0.300947628096285,0.139710530443537,-0.4613787409678,-0.166161813846755,0.336015858877894,1.0325074129014e-14
"265",77.91,-0.620615047191298,-2.57922966494407,-0.956335421119228,0.451852567349967,-0.422060920631105,-2.10156288084177,0.993335280466276,-0.569722315696998,0.0247230373747421,-0.0995763810756454,0.177638217860666,0.213657350809017,-9.43689570931383e-16
"266",78.11,-2.88083474645859,-3.28413762349734,-1.20157744196759,-0.474409762176861,-0.191092565313335,0.36275951005396,-0.80511650431174,-0.170954696437241,0.183788768298655,-0.778390954222452,-0.166811399600974,0.20353739950624,-9.6034291630076e-15
"267",78.31,-1.71396173209822,-3.26595088414766,-1.11382273964186,-0.0218091877501529,0.747358334388438,-0.679086975487074,0.0246131587305994,-0.204100651891624,0.122948868267548,-0.212131954294938,-0.20343485299125,0.0308831396337065,6.78623823802127e-15
"268",78.51,-2.39070128716559,-3.12542019138985,-1.87320286220331,0.814506405279807,1.29643358844079,0.750115839689575,-0.189672904825497,0.0273528009968462,-0.373724910774148,0.0177781995045289,-0.274619074432558,-0.175027454093025,9.82547376793264e-15
"269",78.71,-2.44553312089516,-2.23230797139866,-1.6153789584271,0.00181886664927999,0.650511964837293,-0.621718124868956,0.202762796066847,-0.088234261878007,-0.253058069251014,0.025178253074416,0.0672833250957263,-0.216748825372996,-6.9111383282916e-15
"270",78.91,-1.97877572320961,-3.21180473576943,-1.08305050174883,-0.723159534211693,0.589593732498305,-0.450440240024653,-0.321989215245109,-0.179632533413969,0.548036984606368,0.0557065448704021,0.059341113268692,0.209423147829497,-1.79301018476963e-14
"271",79.11,-1.23446866354716,-2.42685709286959,-1.99792631434465,-0.285042804251002,0.714284327794966,-0.405363114142179,-0.709006729979661,-0.916762410693954,1.22973149995839,-0.249047133063436,0.31097740760429,-0.156430484838288,-1.37095196306447e-14
"272",79.31,-2.33847564272886,-3.19174239581379,-1.41748273494415,-0.721923192725373,-0.0814559502835857,0.821114833691245,0.0229011774874202,-0.209247392950177,0.431216860655894,-0.417459247518728,-0.0984506202244252,0.154220236254169,4.44089209850063e-16
"273",79.51,-2.03059008115675,-3.37933469940441,-2.18762406748133,0.295898207546453,0.0567314862115382,-0.152419172396201,-0.0299311745780092,0.211347293896078,-0.16419102173338,0.318466648627193,0.250385992164944,-0.0169767057616977,-2.4980018054066e-15
"274",79.71,-1.55342294067144,-3.32794571407055,-1.23984285031497,0.296772396426113,0.232142890094445,-0.194746234071732,1.42325800619743,0.57467171561616,-0.0225874347531831,0.16429665718264,0.225611638728643,-0.386400955429184,4.88498130835069e-15
"275",79.91,-2.09954436097061,-3.08675504545103,-1.33720642007191,-0.380193426806929,-0.567895215281786,-0.583127930492687,0.371165142536093,0.594237453750377,0.387693595092174,0.412542251601717,0.218715082739781,0.252247236717419,1.38777878078145e-14
"276",80.11,-3.01046224691642,-1.89805270780667,-0.946721130075777,-0.856343324773412,-0.185774025495028,-0.320400222850621,0.352835587835594,0.403067625257046,-0.0996318062392715,-0.144949455658303,-0.109526373655393,0.131883480842857,1.39332989590457e-14
"277",80.31,-1.13389003085451,-3.1818267172041,-1.38149137133527,0.808920014230451,0.798517511221488,-1.11697585893205,1.34906340222393,0.489036407869396,-0.381871149251568,0.350780073899221,-0.0914110721843276,0.00958282410234215,2.18228213277882e-14
"278",80.51,-2.61477222726378,-2.82281536498297,0.0731875271402581,-0.290879094347178,-0.126568398660265,0.796487669840282,0.528747174804767,0.594910523684364,-0.38487548718383,0.207701336063062,-0.0147007416392427,0.0503313485080761,-2.17603712826531e-14
"279",80.71,-1.08684599541682,-2.8833746544004,-0.153948376736599,-0.246875355100212,0.158322568746309,-0.951907512834645,-0.196042595753106,-0.0513021437267874,0.729502719592169,0.423187744239118,0.193476707320429,-0.0646327004374658,1.58900670399476e-14
"280",80.91,-0.561903003071618,-4.87347308590018,-0.869017588806622,0.466044133813356,-1.03352397662273,-2.00332276682632,0.643229975970511,0.616676264485865,0.443528944372596,0.606284043309802,0.29845716492436,0.166196041466963,2.21767049168875e-14
"281",81.11,-0.829254429777849,-5.71070647728288,-1.00175054791708,0.590788322238451,-0.519315829237093,-0.538588162010805,0.187479571606557,0.70048121042185,0.419061491025796,0.36635266070508,-0.0950505295816781,-0.285980151932504,1.67088565206086e-14
"282",81.31,-1.44229831729491,-5.07051127677229,-1.49791659508598,0.582843165339844,-1.24795890674679,-1.10130773696023,0.200649469203129,0.747412964931069,-0.514058987360139,0.208423451294476,0.145073620389631,-0.332552319759302,-4.94049245958195e-15
"283",81.51,-0.793244080407441,-4.46136360616547,-1.82108250611141,1.07808028847244,-0.371943735439429,-1.25301198245738,0.40434839811106,0.489916500204661,-0.339265716828815,0.441864411444872,-0.00494832169261692,-0.251424818130392,1.37286015888805e-14
"284",81.71,-2.32823536942648,-4.19405925910151,-1.81845372793919,-0.0138204196437625,-0.670453112715319,-0.475480680446673,-0.826449941340952,0.701555699038809,0.106834848826578,0.0853162784047727,-0.115117382221345,0.168621035311001,-2.24265050974282e-14
"285",81.91,-1.88693013698449,-3.91268057190397,-2.50651710302708,0.388338679177494,-0.223093111565458,-1.39485614139334,-1.17330400933481,0.376993972783382,0.0893958972517929,0.252752828565267,-0.334335016491594,0.187249323197756,2.20830298491848e-14
"286",82.11,-1.87485667801672,-3.66196305202435,-2.02654135744758,0.877906040570825,-0.220006023835589,-1.8121735855943,-0.638625288703146,0.5580907475664,-0.198207661552153,0.352903598338387,-0.311864728256937,-0.113349571961628,4.78783679369599e-15
"287",82.31,-1.32616805128869,-3.67299696287137,-1.98053842617778,1.75258508136578,-0.268753256476655,-1.15314556532408,0.141092645688906,0.739620899660833,-0.529288547756678,0.431132194363164,-0.315183039431292,-0.388485193048736,1.90403248723214e-14
"288",82.51,-1.39728151299261,-2.46955644708032,-1.85052018102591,0.997528521302775,0.400319693787025,-1.41107813170598,-1.51923724875139,-0.219610492029611,-0.78867460430953,0.184502251929473,-0.280275866340244,-0.275467717667391,-7.16093850883226e-15
"289",82.71,0.995091435773558,-3.38481742765294,-0.231703155742248,1.62471177394774,1.36681456987397,-0.88365243287331,-0.0505625018210708,0.221062544004773,-0.611790194894398,1.05903920621408,-0.445886425601972,0.0286583682803137,-2.54241072639161e-14
"290",82.91,0.552030146330603,-2.42589939002144,1.21503780159923,-0.0698821971426579,1.25811572983847,0.953305914569896,-0.865920456370781,-0.233625698961622,-0.495321591097756,0.317388198702663,-0.104826980305226,-0.186027141533045,-2.1316282072803e-14
"291",83.11,3.1117390355626,-3.76481608277195,0.765722723176534,1.89219600462495,-0.422633370741821,-0.804455948787984,1.12379713116574,1.06247437460354,-0.343044030483382,0.646728163769116,0.561083446812194,-0.0448269800170262,-1.60982338570648e-14
"292",83.31,4.47650418851055,-4.54023830154208,1.19452866419935,2.15277863724686,0.898009116757634,-0.492016244567963,0.0808699152651515,0.881508500246148,0.595277961982943,-0.125302944314465,0.412337343034868,-0.407961375960599,7.43849426498855e-15
"293",83.51,3.54627967178395,-4.58684970743206,1.00679646937896,1.82748941120383,-0.834663658119824,0.317825197185458,-0.432800503475355,0.839109882271109,-0.740364184441617,-0.24227187051404,0.231991641442649,-0.0400642231893371,9.44036515626578e-15
"294",83.71,4.68422048295453,-5.43496220734712,1.51738489942326,1.69149822608713,-0.364574162489567,0.184958660515865,0.18406377637838,0.623510897464005,-0.335961914473743,0.0572661564218724,-0.158777999897505,-0.556794025097628,1.87627691161651e-14
"295",83.91,3.40832447923153,-4.4826247777768,2.96629178908585,0.526037077447186,-1.64366129861203,-0.374392524459228,-0.286992975695329,0.840645466908198,-0.41503525071183,0.247542559169162,0.0650059582935872,-0.745909831874648,-8.49320613838245e-15
"296",84.11,3.52922827003242,-5.5987844842203,1.99985551709748,0.702564498040501,-0.83895705890669,-0.46569515730551,-0.8167303007076,0.497964525335397,-0.0941882933610506,-0.0654772637951733,-0.533453817420231,-0.920538570541169,1.65423230669148e-14
"297",84.31,3.22438004201301,-5.71171341050418,3.22127901843712,0.397028936217864,-0.716250680902486,-0.400720496944213,-0.424857946804901,0.704978378403848,-0.385047752914141,0.563804904343844,-0.318885038809695,-0.963920791923037,-2.51743070833754e-14
"298",84.51,2.94401637419868,-5.81634258666942,2.23673913822961,0.342714206867056,-0.717391161872584,-1.00029313813785,-0.365694658637806,0.314772940637497,-0.481063313753286,0.629690779097832,-0.578385798437839,-0.565355799391816,-3.99680288865056e-15
"299",84.71,1.16082474833815,-5.09106540847467,1.24645943445562,0.346145950760131,-1.30705108727181,-1.24916560994188,-0.227359365102026,0.945892721985564,-0.188189299067819,0.515148306134167,-0.155961115128217,-0.844961160185601,1.02695629777827e-15
"300",84.91,0.330365122461506,-4.51908024423794,1.92947373712137,-0.175390298021136,-0.511305455544128,-0.18146745697031,-0.921217908406941,0.411760180751669,0.511100376196736,0.814060225702048,0.111598071942842,-0.451394073064673,-1.99840144432528e-15
"301",85.11,0.331337362984126,-4.55765326629048,1.17532884989412,-0.141920770835786,-0.607650361640754,-0.735273057704475,-0.975916011052761,0.237005133880688,0.309241316272564,1.39074951990333,0.266521123007709,-0.0817323083877336,1.65839564303383e-14
"302",85.31,-0.0529482463633084,-4.08645680259508,0.564124137395395,0.194556933069784,-0.688319825729928,-1.24725838206053,0.165771519661226,-0.107822777465424,-1.20308590540569,1.11174335483026,-0.214880096224553,0.20893650230913,2.58126853225349e-15
"303",85.51,-1.11038942716352,-4.20260727957319,0.712538068779944,-1.323474460968,-0.852681838153926,-0.0748464828236486,-1.12370012954378,-0.128572127309069,-0.0659112052828543,0.642383654256454,-0.0791182973345669,0.24475382089451,-2.37032615757471e-14
"304",85.71,0.0853869239605403,-3.44065887206071,1.46656401806586,-0.689362646858295,-0.649993746422709,-1.64957637042463,0.296810580591099,0.0282299165464235,0.316936382376444,0.979662848907296,0.315995918660431,-0.0244668910132052,1.62647673107585e-14
"305",85.91,-0.565469689848804,-3.56869920258717,0.957401805375464,-0.816884880685543,-0.125707838944003,-1.31802705118575,-0.126030991173702,-0.183923202388778,0.14053402881001,0.285665867963843,-0.144400926475576,0.11626644979433,6.96664947952286e-15
"306",86.11,0.149869144248804,-4.73876602188249,1.36296134523474,-0.0325289914113731,0.0821975740291471,-0.279352144186372,0.349076799023926,0.37789652432799,0.564680243062629,0.841794047935317,0.1932344238426,0.156000821578869,1.46063716677247e-14
"307",86.31,-0.525859210891558,-4.06912486965968,1.06056417973787,-0.837263830338771,-0.614771188467387,-0.310847323998436,-0.52033950200848,-0.0337352391628644,0.469927312162579,0.477454344093946,0.32673050698005,0.153088265069385,-1.09634523681734e-14
"308",86.51,-0.178611179191926,-4.7798248617088,0.815236130214777,-1.04175443737923,-0.313112547545686,-0.607141374337361,-0.40810205067875,0.0320644755528828,0.58070245858704,0.461389509972234,0.274558050143166,-0.115165079393855,1.02166539117654e-14
"309",86.71,-0.637759241339801,-3.18591930464978,1.35851488772892,-0.832773458219479,-0.512389526060397,-0.0953367245221344,0.264035078270139,-0.392119487393546,-0.442559411811857,0.23883858538151,0.299984180337359,0.0448835758460702,-8.24340595784179e-15
"310",86.91,-1.29203860817471,-3.30223030615005,0.410816423938182,-0.707727216062001,-1.7139118943188,-0.586321878599606,0.419410970631742,-0.0192186665170547,-0.350755596909671,0.192410991815036,0.465545994020118,0.150508743576254,2.22044604925031e-16
"311",87.11,-2.50639117725101,-2.31778207956906,0.506527686314143,-0.660653415925514,-1.19943713615801,1.66528706307833,0.057750657143835,-0.069116202331057,-0.480425950370714,0.203874445133852,0.246123059950497,-0.0267036951385368,9.10382880192628e-15
"312",87.31,-1.99521665430753,-1.8032192588441,0.567276676059148,-0.85874544133559,-0.207850510954949,0.870958449031156,-0.291016675828141,-0.341129702532206,-0.272317973304694,0.5270118347793,-0.0186182752845737,0.0881476628332453,-1.12687636999453e-14
"313",87.51,-1.56904002252465,-2.01440391914885,1.32005659540217,-0.694182106702827,0.0984732711386763,0.499410971272497,0.779887918078794,0.0597852821414504,-0.120427591741274,0.665941306155681,-0.170515171023191,0.183443623575451,-9.71445146547012e-15
"314",87.71,-1.79045314325666,-1.85468642094858,-0.0991562364085983,0.349188187529525,0.621727850898342,0.21847115142862,-0.38895359399841,-0.22007013420082,-0.353187078983411,0.818559230484233,-0.131044966424144,0.454027749549,1.49880108324396e-14
"315",87.91,-2.43393140057487,-2.06979167865379,0.0846514730860498,-0.193510489896612,1.02110855192619,0.196558113373268,-0.443020591921291,-0.0835105368563505,0.0680722400450694,0.235701203513751,-0.0168595887223612,-0.00560747722133634,-6.52256026967279e-15
"316",88.11,-1.65539638986479,-1.25896274312707,0.191314184071276,-0.626221500962995,0.186832791378422,-0.502757471770282,-0.179747645130162,-0.192140229748418,0.480520981578099,0.551670912065414,0.476058590415191,-0.254458590713265,1.59525170850827e-14
"317",88.31,-2.10257555247614,-1.60839873481985,-0.228005486459423,-0.55669946155603,0.423479835738497,0.299593486113128,-0.363872180848005,-0.42911691695463,-0.390657808629427,0.178805301310672,-0.16932037243223,0.106095947269258,-8.10462807976364e-15
"318",88.51,-2.12449526472588,-1.92365793782414,-0.844763435024161,-0.345090676524543,0.948981181762717,0.12803821417778,-1.13484504352398,-0.620958594163083,-0.172605878877761,0.130905563560663,-0.130123697430863,0.240337182353579,-2.72559752545476e-14
"319",88.71,-1.95305002244694,-1.78673186483578,-0.512284235775807,0.4441979775755,0.668848121501487,0.188942844933573,-0.0490953010016406,0.151241438661777,-0.0778611678968703,0.299653343616196,0.369712711222369,-0.149738751640165,1.80411241501588e-15
"320",88.91,-2.84388387671129,-1.02639669374298,0.641476780779878,-0.283677348261927,-0.0582623973279779,1.22864217911243,0.305791012143828,0.335008205234921,-0.0579401798986097,0.0282889841705767,0.179975918212564,0.0992221392610865,1.67643676718399e-14
"321",89.11,-1.50651311176394,-1.23853034335472,0.385898189798004,-0.473455060949922,0.192555909373025,-0.734246665582,0.164543178643106,-0.691141621526586,0.362013329022024,0.00159208689062918,0.149281625531829,0.374084475200005,2.43138842392909e-14
"322",89.31,-1.21210781094139,-1.81412724236337,-1.10158794531203,0.798669779505421,0.198516029136181,-0.598495744841128,0.529394797983587,-0.239501518645528,0.13207510612657,0.144463763397793,0.17847796884189,0.349871485305923,6.63011312518336e-15
"323",89.51,-1.71627747776693,-1.34781152629333,-0.111270447380787,0.690930240491979,0.814322809452216,-0.0122765880594622,0.446964962454185,0.0382243363618991,0.304539401138333,0.126744545819024,0.234861878001831,0.112062316925738,-1.37667655053519e-14
"324",89.71,-1.38538309259079,-0.718906565988288,-0.6199662685935,0.843531103094358,-0.205684886601166,-0.803550599798964,1.26346797346812,-0.250609567865013,-0.0143796666260329,0.082012395799541,-0.0223921060579166,0.314765680364931,-9.59085241780677e-15
"325",89.91,-2.02378274682308,-0.888955213010598,-1.01447922352159,1.32027237606383,0.578128742837615,-0.48688037548023,-0.271660695422637,-0.0492205920233401,0.319682889648321,0.148398009911644,0.100844257334951,0.278019572683585,9.24260668000443e-15
"326",90.11,-2.12565857514928,-1.09931150574122,-1.28440298344511,1.56182535930922,-0.27663990687946,-0.89010883209175,0.759125749062997,0.42633192530996,-0.146971075376409,-0.0562457708193878,-0.0477315172631379,0.438379903260578,-5.68989300120393e-16
"327",90.31,-1.91459635164999,-0.29036698273348,-0.60020277281131,1.32331139984547,1.14244525464704,0.0726994645629822,0.43391665128011,0.166272125069964,0.431379401697451,-0.209225597730989,-0.048229847831855,-0.0218387171346789,-1.6153745008296e-14
"328",90.51,-2.51745599557811,-0.00107944341181594,-1.59744762942824,1.71774891669649,0.888578471634401,0.41165210274884,-0.41953234991025,-0.123086628429674,-0.239842340305181,0.033880424528205,-0.0446588355271792,0.268143495060311,-1.38777878078145e-14
"329",90.71,-0.988154274589075,0.327661819964305,-0.219391718932603,1.6360660340452,1.09162411553024,-0.155245188145914,1.70926097979477,-0.0662743469555618,-0.0880807350459168,0.239400274382313,-0.0793032892498106,-0.11665077183607,1.68840635916823e-14
"330",90.91,-1.40413731079368,0.395532276470125,-0.729121215844927,1.69923528374398,1.21232550226025,0.363046672444779,0.592937417377325,-0.290188147029067,-0.134915697974125,-0.148166079402197,0.0463718967425447,0.0564398581537981,1.34892097491957e-14
"331",91.11,-0.339017112317738,-0.446590644117251,0.580699118879139,0.266943834954045,1.73988316728208,-0.0452329029416054,0.05373613653178,-0.62547372534988,1.18317370025675,0.116730209204771,0.0772841830032519,0.135957649410265,7.41073868937292e-15
"332",91.31,-1.4653673732941,1.12282795589283,0.620910689827564,-0.0766238545433703,0.367065346004515,0.180486170317619,0.222250017066283,-0.804999187024574,-0.229107758437469,0.154146941124376,0.471653515136013,-0.0448375657403297,-1.40096267919887e-14
"333",91.51,-1.33377126056098,-0.572195006409257,0.315015385861939,0.296240847444405,0.332634949161327,0.615018326621337,-0.074334784495261,-0.279525768295565,0.379612369901024,0.411357288679903,0.229171692819011,0.412167955782742,2.09554595897998e-14
"334",91.71,-2.2099295451615,-0.26995897819527,0.252276181807741,-0.434251475033794,-0.262436856067226,0.412965791216761,0.139999401050959,-0.301219599499601,0.370765893881606,-0.565569010626511,0.506140608765582,-0.214167397950761,1.28230759344206e-14
"335",91.91,-2.02406313112095,-0.907643596142543,-0.346917951500799,-0.188873864476619,0.168498100208818,0.50087526492877,-0.714669859636481,-0.594252941068982,0.353988897891314,-0.299402735921825,0.0400565924753322,0.068161590576705,-3.83026943495679e-15
"336",92.11,-1.00753292834717,-0.0513729612829653,-0.0987358712474109,0.420583818494796,0.452794921812273,-0.915529398713251,0.453941814359273,-0.868795426593625,-0.367299794532855,0.202258666826292,-0.134678496773857,-0.0755732932027618,-1.97064586870965e-15
"337",92.31,-0.930868677131262,-0.270091007401067,-0.529339769932602,-0.00548892532815587,1.17171783171205,-1.40286345182058,-0.676721726113701,-1.00561761893387,0.737005596206945,0.270416084012802,-0.241371322007497,0.238559898441718,-7.21644966006352e-16
"338",92.51,-2.28633187366403,-0.379657546776129,-0.00650044582684147,-0.132525585754405,0.0533808797688306,-0.475073011700236,0.82183611845635,-0.0811746733845238,-0.0539699204981047,-0.0237253422585717,-0.246613975135149,0.0771805013197842,2.74641420716648e-14
"339",92.71,-3.39194847992151,-0.109533236185017,-1.03523173244851,0.0896063135628023,0.0830284556742742,-0.820385211402242,-0.561389730772197,0.0613289261406468,-0.143528406647703,-0.0991998581535818,0.281301436560727,-0.238878729534191,-1.63757896132211e-15
"340",92.91,-3.41756246398324,0.255326774280894,0.513864601331915,-0.738774689866623,-0.0773147376987132,-0.880232221946848,0.640412921847647,0.35251684610092,-0.267359213963778,-0.145176391469646,0.0116524341353798,-0.0609965059894784,-1.74860126378462e-15
"341",93.11,-4.97922358747355,1.07618411899276,-0.757332862226802,-0.954003057915228,0.044785613633571,-0.217460266333826,-1.44682114051048,0.227399830983535,0.181327042150702,-0.855461159587724,0.229651943311314,-0.295907026119569,-2.00950367457153e-14
"342",93.31,-3.37576088102177,1.06611891760695,0.0585640334030026,0.246645140280763,0.985467931234865,-0.596753919540675,-0.38008695106164,0.350783460782952,0.358357687002534,0.233612197145334,0.0619118868060988,0.0914877940541082,-1.31145094783847e-15
"343",93.51,-3.51571310683553,1.54455507425092,-0.418335376510274,0.515726764638725,0.671973132390244,-0.154481211515198,-0.22411704517802,0.178013806085971,0.229732552669061,-0.0684282676029326,-0.0333470089534403,0.0751712335468759,-9.63118473862323e-15
"344",93.71,-3.87495963788146,1.32739622304284,0.18429137942351,0.106316758775403,0.107787547167135,-0.250131658819176,0.551795684125673,0.640836305531392,0.181175920103318,-0.410132840766685,-0.0968137001469309,0.184868018632554,-1.13797860024079e-14
"345",93.91,-2.81281935708654,0.745805835986936,0.0060709860327237,0.430359651386554,0.65684318903161,-0.516565755297357,0.574228794424073,0.835527601592409,1.15561321034166,-0.179962518291814,0.269351443330209,-0.0140814993846801,-2.18436380095e-14
"346",94.11,-3.10641045842646,1.32935120032113,-0.0273161900294236,0.488825075629107,1.40879940797398,0.876882134290722,-0.289900067396338,-0.0882588353390484,0.368834618396978,-0.376522881468237,-0.133509184528871,0.103880991022295,-6.77236045021345e-15
"347",94.31,-3.38326249308881,1.41558505615117,-0.285691523781672,0.296328183624178,-0.0470723909986382,0.157079213322822,-0.359893379737512,0.246046744205169,0.442381516898726,-0.533927442411351,0.520511480046257,-0.098431906995318,-1.10467190950203e-14
"348",94.51,-3.31895464571586,2.36938648551467,-0.363958730259597,-0.177359431431357,0.141713394880016,-0.170648622794876,-0.641556157054862,-0.716430394680165,-0.129123192617607,-0.615867951303194,0.385211945121952,0.1915980379786,5.77315972805081e-15
"349",94.71,-2.19401262532287,1.15457640866072,-0.0195437472266957,0.201391658654489,1.80728789478447,0.452658365911735,-0.191309863629967,-0.830057509884708,0.404643365234857,-0.377600381941784,0.127130228761243,0.0606654889177197,2.41195952099815e-14
"350",94.91,-2.42191425499135,1.54006267303045,-0.357125582330969,0.44581259745135,0.69824487888637,-0.0712460534421919,0.86351192135819,-0.394728221286186,-0.146570433454556,-0.35671672907174,0.438381196271107,0.00085412181427948,-2.65759636519647e-14
"351",95.11,-2.70925030613259,1.26906580395444,-0.354095182299609,-0.00809903457138802,1.26299019649958,-0.118842935370086,-0.325940147531116,-0.385045881344923,0.546907018682258,-0.269426363576463,0.364068052942592,-0.00451348962834413,-1.71321290487469e-14
"352",95.31,-1.37999523222631,0.220257606394943,0.0905848947723951,0.38249257969358,2.26038299880228,-0.345860337025584,0.435212946768694,-0.342023184069683,0.880391734241491,0.271386646987988,0.0500002646488515,0.161988012166164,-7.46624984060418e-15
"353",95.51,-2.60802861265947,1.8534488069174,0.0972073420901124,0.0713040503205349,0.956342060455299,-0.00458255989716144,1.35189301144756,-0.220960583824753,-0.325073730027023,0.0277940921827493,0.087471929834915,0.0778624181488394,-4.8017145815038e-15
"354",95.71,-2.71333527001787,1.56610018795511,-0.0613541970986966,-0.0374782726757551,1.2429419295009,0.124797392738202,0.708733237872067,-0.0718849863489585,0.383023363846943,-0.109202897906466,0.24971679838057,-0.0243002101160108,6.35602681597902e-15
"355",95.91,-2.43946159581896,1.57076205693842,-0.568598861751598,0.433348012760114,0.962047298434304,0.129383615984978,0.569639277306324,-0.354596173669426,0.30150662254212,-0.0290365935612469,0.171391810190318,0.284309051007207,2.29261054585095e-14
"356",96.11,-2.41450090868437,1.87733084567004,1.23563284528166,-0.434964279000827,0.776907432398441,0.328984651154727,1.11730155746589,-0.389360803750579,0.572966861243381,0.0029185255570723,0.341356560762762,0.00592653767327933,6.7168492989822e-15
"357",96.31,-2.37434119344556,1.21431018754,-0.0952779282939491,-0.0467361661820585,0.290356774598924,-0.873876470909302,1.16299251649662,-0.24012418937307,0.0334838782616579,-0.366936841752924,0.330030595778801,0.288021674666678,1.43912659567036e-14
"358",96.51,-2.36288490067168,0.43150068322159,-0.0377099408754664,-0.113753336205274,0.980937400916927,-0.147409931968973,0.341508157007494,-0.14568546414841,0.398072950215759,-0.0734863241481635,0.448750146480623,0.346252232652226,-1.24483756636096e-14
"359",96.71,-2.72138518923144,-0.570649840868605,-0.572764329639247,0.376940697703985,0.664830053154418,0.237417791457674,0.258839431994523,0.227846471940847,-0.0229741240384442,-0.0306336122066076,0.250277492685394,0.445476678321111,9.15933995315754e-15
"360",96.91,-3.04963054539025,-0.159070796867326,0.370913412038659,-0.538126458578312,0.678634514861089,0.806694549102894,0.369410030662466,0.102307491298148,0.212334325568456,-0.551263552038832,0.319473968516776,-0.0375649951403472,2.1094237467878e-15
"361",97.11,-2.58034932164558,0.900137143521587,0.894139240215325,-1.37162002809046,0.133233501809691,-0.231083219807047,0.217073850088609,-0.66797869436458,-0.160147006102229,-0.0310905314212731,0.181387181990437,0.497137478243699,-1.4807599590938e-14
"362",97.31,-2.74791625868716,1.05446272816717,0.762266934902245,-0.594200867722678,0.186488824600489,-0.271846549497235,0.903001860103851,0.091391472634538,-0.573527295944375,0.184205764056871,0.429041002068527,0.129072179281334,3.7470027081099e-15
"363",97.51,-2.01040450072898,0.21626683144701,0.518665262546109,-0.27124478573305,1.193944659846,0.167806096347674,0.0865371272859125,-0.400977660903006,0.251376823823641,0.242643471970842,0.169678770775862,0.0381366664628292,-1.09634523681734e-15
"364",97.71,-2.47595648468777,0.890344813624123,0.217065765333054,-0.415845373318686,-0.0118556151447241,-0.518666227117386,-0.320412930320315,-0.21314728597373,0.51853747261538,-0.179888806759235,0.580816804476436,-0.171222901464532,1.51476053922295e-14
"365",97.91,-3.15507561366602,0.370685518414228,-0.466471240447751,0.660075213907155,0.102790305868604,1.08252215236634,-0.673085514825561,0.379369452956986,0.404640074680186,-0.466331210435741,0.645382684188496,-0.350361789955343,-2.99760216648792e-15
"366",98.11,-2.33887881907687,0.801645239684425,-0.140325044746027,0.590129923149618,0.456001094795657,0.699858594429163,-0.572702335301036,-0.446195787459995,0.105101575201724,-0.171271305351487,0.333607985221116,-0.162734597224364,-7.32747196252603e-15
"367",98.31,-1.88782477059511,1.03991063006031,-0.0679773060328843,0.837647015752121,0.18108790803402,0.67762279477003,0.263196010924368,-0.747098950793922,-0.723888237287014,-0.222200320323317,0.0394848852111,0.0372005041255369,2.07056594092592e-14
"368",98.51,-1.4286168042849,-0.109271973176386,0.879668782225225,0.169407649091341,-0.909242245488467,0.114993597251661,0.454539267416772,-0.296500743034169,-0.0597035703679062,-0.0322595319504921,0.380821466960514,0.231918208776917,-7.38298311375729e-15
"369",98.71,-0.819257228906396,-0.411196723802119,-0.129996140383681,1.18813470783388,-0.26859470663798,0.154661703482362,-0.890593924860453,-0.763552264313379,0.393411789833354,0.15933731472116,0.526610612179543,0.360422111919023,-1.2490009027033e-16
"370",98.91,-0.971661028450505,-0.161165308906867,0.997963809827134,1.31852970429589,-0.561448278953038,0.574813367015805,0.186757392832244,-0.639265787473394,-0.10008016675134,-0.0457643385483167,0.280001183467343,0.283256306893091,2.03170813506404e-14
"371",99.11,-0.454515388837642,-1.08583048664784,0.79593178789804,1.8780065904698,-0.815314771221956,-0.00711962817601974,-0.250031635422633,-0.457850166612272,0.221328118256214,0.0435271727869192,0.403261795378586,0.550394127870727,-8.70831184940357e-15
"372",99.31,-1.22300142908131,-1.15230198736198,1.32883467277076,1.01671947088263,-1.81617473100493,0.666529103088048,-0.660792081349869,-0.514679959932715,0.674851022457821,-0.407839823610942,0.726111124691372,0.31678021893591,-1.77635683940025e-14
"373",99.51,-1.2589200967211,-0.968527601602555,1.37149557673995,2.10258587274012,-1.39358902701433,0.137913823589007,0.25686922450416,-0.601090903288391,-0.26886682292519,-0.496743837485321,0.155616567554753,0.435705149544364,-1.28785870856518e-14
"374",99.71,-1.68375646808997,-0.884171984862932,0.671485641083436,2.94578495403316,-1.11353119146864,1.03637219999307,-0.671053880207326,-1.0943512122989,-0.651916424641297,-0.717083142429406,0.483092108631089,0.324026368646059,-1.77080572427712e-14
"375",99.91,0.36894025813099,-1.32003904117461,0.238362329341778,3.25087086016106,-0.489952853955859,-0.915397339575454,0.193264076852643,-2.04293376035721,-0.71918022424254,-0.124661281485692,0.235176426935361,0.50966868029705,8.65973959207622e-15
"376",100.11,-1.62581532066634,-0.670756840018228,0.170489213741243,2.33172373674474,-0.605058818586605,0.939804284470756,-0.107057539405378,-1.11264714236458,-0.778549140693011,-0.540525625312309,0.268285494258439,-0.0485779363985935,-3.94129173741931e-15
"377",100.31,-0.701342123518477,-1.02311606534971,0.650829481803093,1.71631778270953,-0.0261018868168825,0.403189277999973,0.337855850882352,-0.638758550436514,-0.174534522873954,0.116567850008501,-0.0183940578995894,0.069797795941187,-2.228772721935e-14
"378",100.51,-1.49598433888402,-0.263204907109679,0.602870608516907,0.532463395367068,-0.304490099459402,0.933412328779786,-0.248911550586913,-0.546990856951068,0.0381788385465072,-0.214412107833978,0.292191261367225,-0.367593509738044,-5.38458166943201e-15
"379",100.71,-0.771156969811078,-0.706057381060115,0.591039888994313,1.21633877806006,0.751251840914221,1.07026637340391,-0.269706832062224,-0.56161441595307,0.0773655203266237,0.36123775523929,0.175041819692198,0.0891571823461512,-1.49880108324396e-14
"380",100.91,-0.606425611079796,-0.402381739926499,0.631769010953741,0.14747719028027,0.416236666913306,0.78102473258836,0.742786673052614,-0.915009064916908,0.245667992460405,-0.173811621505125,-0.0384526695708257,0.136485898547763,2.4535928844216e-14
"381",101.11,0.0551390245875092,-0.889873301427841,0.750917224739822,0.570019852280097,0.114971173586114,1.6637835518431,1.79337610116088,-0.545365864341497,0.100398728317319,0.201256516419818,0.171950046229808,0.113244819214175,-2.89768209427166e-14
"382",101.31,0.217076377542393,-0.829209358563915,0.320746451769612,0.105272335082647,0.591159886535647,1.41929947792558,0.196089590552252,-1.30675988162324,0.652976027823227,0.00498082814567682,0.358315938109126,-0.0444197549673658,8.32667268468867e-16
"383",101.51,1.07995364040674,-0.96221487251288,0.30039512022677,0.867125088692081,0.206024994184576,0.587800000110005,1.62902117582618,-1.11552526588533,0.0452892226091266,0.346010379597982,0.513115623969211,-0.184684326968148,-1.97342142627122e-14
"384",101.71,0.446372490806515,-0.674142494477351,-0.34553519992855,0.64789191439315,-0.451625490641473,0.875383594919285,1.9391083419907,-1.09143014538713,-0.502593351667222,0.0217998890816006,0.214143677470906,-0.0620847161225971,-1.27398092075737e-14
"385",101.91,0.623151545647427,-0.452177365391968,-0.816123922906186,0.650465565004092,0.253626004587766,0.923920176584319,0.790412800882898,-1.16212222051363,0.352928700517616,0.354940548663248,0.726715686380897,-0.429909155147113,1.39471767468535e-14
"386",102.11,-0.764433774912154,0.619694901743301,-0.328468656421685,0.59174350224435,-0.0671824348167118,0.881058749874817,1.27454423425224,-0.850376236973258,-0.193713631764303,0.128547958585889,0.389750275614267,-0.361747442498795,-6.77236045021345e-15
"387",102.31,-1.24571028919314,0.82587012119219,-0.102386842924154,0.282729063870297,0.954950287733351,-0.436904411371468,-0.481140207608438,-1.29129890824143,0.477728361255524,0.311684617225925,0.259224162271423,-0.0307540345588112,6.30051566474776e-15
"388",102.51,-2.61491723677955,0.42538086862549,-0.028470758999907,-0.180332282409195,-0.163871913364616,-0.0635413735460848,-0.0302023001315431,-0.236911082514871,0.381987517076588,-0.0501486672403323,0.621479568247756,-0.269962428464949,1.01585406753202e-14
"389",102.71,-2.57379777305161,-0.095037349299207,-0.289468806255959,0.0631737221462075,0.568874200677672,-0.429017916168916,-0.817716160720984,-0.769355356939432,0.297759305773558,-0.210342678879551,0.254344628907409,0.182332672630069,7.40379979546901e-15
"390",102.91,-2.20240946579896,0.060981768579705,-0.0151233060596461,1.43275611171664,1.02241142287908,0.0270531745061751,0.35761822342303,-0.128628926681777,-0.376637091025041,-0.0320201422161103,0.343911839189989,-0.214855559442521,1.99562588676372e-14
"391",103.11,-1.96921256212573,-0.182479640512227,0.185224410944993,1.14739794918805,1.64761232243794,0.484695913076169,-0.20941887205168,-0.558875324014952,-0.224272514986463,0.0347750004570851,0.0124229515995487,-0.105044214440794,-1.62647673107585e-14
"392",103.31,-2.86806900128671,-0.164153091672891,-0.361185149892936,0.928491309983302,1.17893509235238,1.48400925498574,-0.931211897130376,-0.385304517311237,0.0230425894858497,-0.27009887712275,0.0261354850487583,-0.153341349092869,-7.21644966006352e-15
"393",103.51,-2.02081523205175,-0.117413910938997,0.314206352220232,1.00105367893999,1.00252905126386,0.04198441464387,0.615350249018446,-0.0423161278172258,-0.110334960777393,-0.0775813768772518,0.595710090256807,-0.347959466994686,-1.14352971536391e-14
"394",103.71,-1.79760027756527,0.162371464190152,-0.514969538983586,0.0950221215149775,0.285723059753902,-0.89622039396892,0.357731146848669,-0.611332850880774,-0.0396198139379825,-0.329774191851712,0.399566546822998,0.277914231823558,-1.64868119156836e-14
"395",103.91,-1.78357408225502,0.75727575618978,0.0128538838233323,0.0263521611600122,0.25462471889389,-0.578414833141015,0.916047553630329,-0.816083591057388,-0.323267951956564,-0.25942005424327,0.593489830979056,0.303828568063934,1.90819582357449e-15
"396",104.11,-2.51540279537591,0.831685361219005,-0.92449415853814,1.39584761892419,1.57309834099744,0.268032865452961,0.843706165481049,-0.324741807637487,-0.864243932792659,-0.342663332367577,0.551795520562607,-0.0326488406960902,1.49880108324396e-14
"397",104.31,-2.2201173662597,0.315443586785664,-1.12749300995003,0.184490315168862,1.54398495768474,-0.874796241482556,-0.423382143814594,-0.569325491842689,0.446058947281003,-0.0090182225494891,0.386121802129829,0.526460974620635,-1.17128529097954e-14
"398",104.51,-2.88117782358131,0.588446907001595,-0.899903914013029,1.06281077771327,1.20760360837415,0.711621376862478,0.571218347494936,0.0818896208508857,-0.30341359996924,-0.100895736330124,0.615513652330199,-0.144572539086989,8.54871728961371e-15
"399",104.71,-3.32498282830654,0.774347180043903,-0.191697633419028,-0.31544741114878,0.869567787378435,-0.404265666627845,-0.476188451621332,-0.376499232393866,0.0991534004915282,-0.596902868493861,0.430057518650081,0.088998113488059,-2.51049181443364e-14
"400",104.91,-3.14353571713306,1.74332648351884,0.397803673833527,0.524209977559341,0.049586453786536,0.148232048934168,0.207263214351345,-0.181280406534908,-0.629646840690705,-0.38725487382482,0.375429825688432,0.235801403781341,5.71764857681956e-15
"401",105.11,-2.26094333002547,1.31042724056469,-0.516756179322284,1.06907540303233,0.273151207709966,0.913058948780065,-0.411298588759384,-0.70798752877735,-0.206972903277311,-0.409683611068398,0.20833011325576,0.219751233878011,-1.82631687550838e-14
"402",105.31,-1.33831048373315,0.84227135080914,0.99779922897719,0.84150737418563,0.315314662162897,1.17452044134256,1.11092314408848,-0.253630384682313,0.0994460258129306,-0.453594400103615,0.394017614474024,0.0150232066762141,-6.32827124036339e-15
"403",105.51,-1.21311129974561,1.35179449957358,1.19284785683468,-0.372391022241988,0.773826253747998,0.66745287377318,-0.334452421480179,-1.2215785706199,0.624839083050153,-0.637624674053167,0.430396675739506,0.217505435150486,-6.27969898303604e-15
"404",105.71,-0.232213162560897,0.58655576471267,0.557393923377513,0.338418842805421,1.22089240780034,0.984207721353393,0.197154547124126,-1.13543705104356,0.843237753306236,-0.352471375639615,0.497589380432304,0.345757105403127,1.08107967022875e-14
"405",105.91,-0.955340368561736,1.066212450914,0.150098073039092,0.449679368912802,1.127359403656,0.827005371304333,-0.217939288098378,-1.14744548785398,0.77813520033275,-0.778530110173621,0.556731320305526,0.350121598571428,-1.09773301559812e-14
"406",106.11,-1.09297265028882,0.933222670328556,-0.0223576650636512,0.95628436323156,0.526971926086813,0.701622234765466,0.151404669608881,-0.97422321588626,0.385251948443164,-0.602062279154642,0.41920798202015,0.43893795193362,1.03528297046296e-14
"407",106.31,-2.80680083321826,0.352296906562015,0.164129802842043,-0.0368829566778415,-0.354952001954231,0.530386421836638,-0.730190003687693,-0.67413579734836,0.494999059295461,-1.08110453555455,0.195971505194316,0.280720812858062,2.41473507855972e-14
"408",106.51,-1.85177192701722,0.298273077468318,0.904851200463362,0.0903957750646749,-0.261108681661373,-0.223811416311338,-0.790757255611179,-0.721148375121249,0.940062796807373,-0.114165060196305,0.226985073205875,0.30270277062508,1.81616874317392e-14
"409",106.71,-2.62020906709014,1.09146361258755,0.324767775917472,0.339826922362203,-1.0084905987224,-0.917898646721573,0.129775036513162,-0.483071723744215,-0.223062288468542,-0.3941729953664,0.301031769267492,0.131590564310945,1.36661515437453e-14
"410",106.91,-1.88444414600024,0.282929186218482,0.354174037204177,0.161713115754665,0.0183646974185618,-0.968884680366431,0.492785102634338,-0.519674719569314,-0.110227956455562,-0.373890331369377,0.242645082456243,0.150798086342656,1.81243908770057e-14
"411",107.11,-1.77855125412777,0.290431788422479,-0.443088954261252,1.15111842275383,0.703543136711862,0.376052218595739,0.840258476505675,-0.0910564852965475,-0.113745218369259,-0.13071341960304,0.228523591899239,-0.133734758878524,2.17326157070374e-14
"412",107.31,-1.57776377375538,1.77979442444641,0.234742104928449,0.795827373551282,0.640657845929463,-0.0353096377692994,0.216145890418988,-0.940682399567431,-0.090981206663212,0.230515749330251,0.221360158706713,0.146171815833116,7.06379399417756e-15
"413",107.51,-1.62006096576056,0.967310075683099,-0.447451868130766,1.50538875965198,0.570786091034279,-0.358966808972884,0.573637161453768,-0.329537522358507,0.0612547107979457,-0.262048726800646,0.12272115683807,-0.130000190698862,-1.15289722213419e-14
"414",107.71,-1.61494018416894,1.09373163501558,-0.162061566662625,0.943036260433742,0.772033877470083,-0.29858270318376,-0.629664326856071,-1.15279611911966,0.0798084266892413,-0.561577522086425,-0.137273166443033,0.124538308859913,-1.0325074129014e-14
"415",107.91,-0.774990582847942,0.786619016482959,1.47105493802533,1.304402148577,-0.10243677400135,1.11045119266199,0.488643144970351,-0.252312134767747,0.373547922689259,0.351033852786464,0.348311901046202,0.331004414167799,-9.04831765069503e-15
"416",108.11,-0.724926120783227,0.216488024850433,0.232080585617638,1.68675799543666,0.0149524549434271,1.49397954985348,0.22315950664688,-0.442011671292422,0.118809112574957,-0.241398580695842,0.126048058973765,0.31820055911536,9.27036225562006e-15
"417",108.31,-1.1749641931692,0.454663661578292,1.39600840978777,1.0869801023432,0.0119137903806622,2.28476031886719,0.259046303878339,-0.352896247956695,-0.0604805357492442,-0.283019838021013,0.265929689012715,0.150872973940148,9.10382880192628e-15
"418",108.51,-0.449778798534049,-0.288279590597216,1.29079272314035,0.563892676822393,-1.39794224040323,1.21201839446215,1.11073554424686,0.0748403614220981,0.336611696378928,-0.123299610174859,0.595833136886976,0.0363272186704555,1.55431223447522e-15
"419",108.71,0.0143989567123003,-0.437954033529841,1.97727460966411,-0.433091786970286,-0.925517319662483,0.770207320743045,0.728058684749628,-0.669994529533628,0.882720217060127,-0.282258258828063,0.225764049415309,0.273556640988284,-1.41553435639707e-15
"420",108.91,-0.592800330906809,-0.316166289235892,0.441292008521635,1.35460931192446,-1.13510503066784,0.739842383345937,-1.08786214283623,-0.576802767039741,0.918598009442607,-0.381310601509795,0.598675867614758,0.456727658645678,-1.14075415780235e-14
"421",109.11,-0.543344096975547,-1.19442864443295,0.252003352011481,2.21925246008241,-2.36299553193333,-0.244656702461215,-0.568798291493635,-0.325022375607181,0.387713355132708,-0.497278023989277,-0.145404871878802,0.873331299296856,-2.39530617562878e-14
"422",109.31,-0.872725778319502,-1.48314914190388,1.37977839056393,2.25457982243116,-2.55412283622205,-0.176107931029808,-0.250179376587573,0.361480016222733,0.346443830175023,-0.162481038689671,-0.590740109395668,0.541704081005353,1.2267964422108e-14
"423",109.51,-0.108400875292043,-2.28194653459365,1.37641405962375,2.40743577626436,-2.88417479950913,-2.1710883697321,-0.297275194242736,0.798370252783388,1.25233599580633,-0.135659968561146,-0.790889395240245,0.492295512895416,-1.16573417585641e-14
"424",109.71,-1.18759851117776,-1.44145521796715,0.624134700544886,2.87907073603908,-3.00296140420249,-0.813490060386843,-0.83875785086642,0.344640606551086,0.311639809816261,-0.390250859239772,-0.838678431583244,0.388166034645426,9.4091401336982e-15
"425",109.91,-2.03374817858133,-1.62052053135162,1.74592528707422,1.93661118067347,-3.90083140865971,-0.169605671052017,-0.308903090379296,0.926630652131902,0.393372015533087,-0.494221631339955,-0.838262907616309,0.621608064436886,-2.88657986402541e-15
"426",110.11,-1.27983728880507,-1.56032254491058,0.937127590314176,2.57135307136385,-2.37972679441282,-0.0136648781647065,-1.3473262825816,0.240244338726414,1.16317042781135,-0.452901715416077,-0.964255558378644,0.350117832113358,2.34812169708221e-14
"427",110.31,-1.11885976746243,-0.688784424168714,1.29333265503134,2.19583284404301,-2.45358017222811,-1.24428699920643,-0.75757613087441,-0.295135840295902,0.873874047460004,-0.364698822232264,-1.14578300514739,0.503957865770354,-8.22952817003397e-15
"428",110.51,-1.92748267817902,0.493568227514784,0.934269203550661,2.3929074618357,-2.12346875782621,-1.08764141468901,-0.736206536317475,-0.608531410864021,0.166563535706194,-0.636295044885411,-0.718060430074261,0.21929502934324,-2.10612777218344e-14
"429",110.71,-2.4271090094095,0.798560808156318,0.240956586963209,2.63809564008663,-0.871985138322045,-0.823608100799388,-0.931052845685186,-0.322841154452325,-0.125383738199966,-0.55661016705784,-0.46968430676429,0.229747316081239,1.50851553470943e-14
"430",110.91,-2.03067974440191,0.993316051727951,0.204220224074682,2.57609285491207,-0.0753575888392614,-0.964166082823995,-0.313128322185357,0.135522155070362,-0.138279319044242,-0.129522913597219,-0.272278126529266,0.0822734149919203,-1.46549439250521e-14
"431",111.11,-1.44692614079981,0.520755068160392,0.115191789574228,2.12671437820389,0.429458734894071,-1.06813129021447,-0.560368315292701,0.0145367601361348,0.191105004865186,0.0061529096143654,-0.306779892437663,0.297227275066219,-1.36834987785051e-14
"432",111.31,-2.09631191629873,1.3933013671994,0.402064598426944,1.95024343130494,0.0622162928737554,-0.944728555104191,-0.0281232799711667,-0.123924171468894,-1.12826890034191,-0.131830245266559,0.00126033086029563,0.331919199066929,-1.7055801215804e-14
"433",111.51,-2.45014273138265,0.548690217504474,0.912471146379961,1.0850204701778,0.425218850119529,0.55385263684855,-0.21165380046661,0.0163230690195739,-0.57416311090715,-0.473875360350683,-0.105903130735643,0.324696458233307,9.43689570931383e-15
"434",111.71,-1.27707482115714,0.251948555934978,0.566483676528356,1.17483230507392,0.360435538629835,0.273222619147882,-0.464490573219214,-0.316994411960547,0.104044669552513,-0.103215620848732,0.181077500024619,0.790961555512728,-1.11022302462516e-14
"435",111.91,-0.946812077903116,0.402229372326849,0.17518497342624,0.884693669135112,-0.0380974222603198,-1.15772719392996,0.0652270786584537,-0.489894470383984,-0.188660078521051,-0.524761777035058,0.165821414604223,0.618024168619096,2.98649993624167e-14
"436",112.11,-1.03229537862054,-0.292891079560435,0.187828987021141,1.49548975690877,0.591916075980249,0.26342891609803,0.0110653204730884,0.369498194821075,-0.366709987386102,-0.336955104207125,0.211692179670061,0.283620274004958,8.79851747015437e-15
"437",112.31,-0.869428290160458,-1.06627249666108,0.565404452569365,0.888853294704332,0.816020606544118,0.6356549261505,-0.367425559210679,0.29300173490546,-0.533265271672787,-0.251379217765419,-0.0773469264975851,0.599248241530898,-3.19189119579733e-15
"438",112.51,-0.416839556356393,-0.551985942646193,1.25128290770603,-0.0892418086729458,0.345391665587003,-0.671135056051848,-0.934613300465782,-0.213317002738759,-0.218373201051101,-0.0589973471787371,0.16260545211666,0.528998700744247,8.1601392309949e-15
"439",112.71,-1.16048086686544,0.350433420284366,1.72680559386809,-0.295553036288399,-0.697283654844297,-0.115351082326698,-0.392907119157638,0.0153893788917437,-0.550944473323187,-0.00707031916055207,0.248414294136449,0.0550630250854718,5.78703751585863e-15
"440",112.91,-0.727123709891243,-0.79796577876014,1.2543069612209,0.516101844729024,-0.0406913191067713,0.0484227350732336,-0.518633420292265,0.235274089706026,0.00475010533464436,-0.25780013844398,-0.166484337908079,-0.00835743425652682,1.70696790036118e-15
"441",113.11,-1.25267950768802,-0.517319106284343,1.64638556574266,0.579098699454572,-0.0171979165804312,0.885460598691299,-1.00893366003471,0.234330074830569,-0.358191278883602,-0.224954028869663,-0.18179566723242,0.0621667363253506,1.34336985979644e-14
"442",113.31,-0.146204956499389,-1.19852704357411,1.69218299579694,0.520185643477201,-0.0481186855788487,-0.902625184271319,0.121135551841143,-0.0401641181347106,-0.496156648113677,-0.240091798059142,-0.183502894698608,0.0964212899626304,1.88182802673964e-14
"443",113.51,-0.457549799865821,-1.48932736345113,0.660417773290114,0.994335956140315,0.411572713785523,-0.241885838765855,-0.185826864334632,0.129785739108911,-0.645799649235386,-0.159079501733373,-0.159779323122227,-0.171589840916359,-1.14942777518223e-14
"444",113.71,0.132735413251136,-1.37928981329516,2.59318083659575,-0.583515898896699,-0.00328324551171827,-1.80105778067876,0.683281802160516,0.128117940646493,-0.564480056091414,0.347850442709527,-0.116016814003304,0.0601701266395209,1.60982338570648e-14
"445",113.91,-1.02072740655873,-2.70070167846168,2.31419409855959,-0.831642496832079,0.042070001516408,0.586001148756859,-0.491134157196566,0.338671559132517,-0.166426271702046,0.395870008827001,-0.371488417092932,0.251082712532815,2.3259172365897e-14
"446",114.11,-1.86283577111361,-1.38427881104162,0.780425554383544,-0.320786849294486,-0.109407231213178,0.233281620307667,-1.40265754618428,-0.0359516350059692,-0.548242452551144,0.290446188327607,-0.0015610837225065,-0.0146517551108622,-1.19626530903361e-14
"447",114.31,-1.74700549054411,-0.305414154208538,0.694658600137393,0.35659439157484,-0.465722519272812,-0.39795689300072,-0.293843051087342,0.260137530431005,-0.58843198605174,0.429693398457668,-0.057294546367516,-0.101283838638516,2.08444372873373e-14
"448",114.51,-1.97505870184106,0.182550463411526,1.93566706686998,0.0176470137190992,0.82119295349825,-0.0350698424567942,-0.353362043523062,-0.216585810266153,-0.174263362515664,0.0823755043044876,-0.326658274265834,-0.269447633827829,7.56339435525888e-15
"449",114.71,-2.37186868148952,-0.0922371003299897,1.5149400638966,0.893697284681795,0.334780612041856,0.00844194025748435,-0.468571317127733,-0.0081572304819918,-0.609202317019555,0.234239324028514,-0.34186257419261,0.128281152454906,-9.38138455808257e-15
"450",114.91,-1.82239488966121,0.624008533184348,1.21570252572303,1.09030394925938,0.364126444133113,-1.29337072096096,-0.87141608240685,-0.138163005216186,0.345493715316846,0.30546756202599,0.105371773065,-0.145707071691004,1.92623694772465e-14
"451",115.11,-2.84868492029044,0.666872934304368,0.502909235621296,1.02629868297112,0.248849683704302,-1.42612208598103,-1.4948249420022,-0.180103479976017,-0.171302699692506,-0.0963374807722323,-0.0826132346894048,0.0916566629048447,2.17048601314218e-14
"452",115.31,-3.28414095019315,0.777052209135581,1.66344705026907,0.437601117203466,-0.324092922899627,-0.152067271523216,-0.57435640629854,-0.0033396885202665,-0.833166989011654,-0.0259236695457614,-0.347101062957334,0.328767176674497,2.17881268582687e-14
"453",115.51,-3.19701774371546,0.784737696821864,1.2904021484894,0.150267502224971,-0.350512711339163,-0.129474247179672,-0.695138631538929,0.00755067645425669,-0.346206220849502,0.0217347433976235,-0.18897452020446,0.0787120836000912,2.21767049168875e-14
"454",115.71,-3.58687967389698,0.436306971457456,0.874832064398563,0.683316794910057,0.156860878383551,0.752436631633991,-1.39724696476486,0.388214400011779,0.13240171145321,-0.18984629478822,-0.0249671953974072,-0.150062718643741,1.04360964314765e-14
"455",115.91,-2.90960310583921,0.252576951859516,0.131870782488429,0.887876283476603,-0.229713934082775,0.674224934404865,-1.31305551980806,0.0633481533085419,0.0384464041620022,0.222986126575476,-0.0336611168441076,-0.0325628643196541,-3.1641356201817e-15
"456",116.11,-2.18595740541031,0.729180094040059,1.05176343130614,0.618229928784992,-0.106243313131595,-0.422310841861844,-0.438853044253441,-0.0171626210753298,0.325972440345614,0.116620853861894,0.0423667196944031,-0.307174459898896,9.16627884706145e-15
"457",116.31,-3.24365817374453,0.702180098407112,0.85255693798836,1.06291108823455,0.704755629411712,0.491750232212878,-0.986343482000322,0.0765099326877569,-0.536161672742368,0.16378070419679,-0.242841168618567,-0.00606178686142736,-2.30926389122033e-14
"458",116.51,-3.53132930969492,0.581813674317424,0.87536133348944,0.946965367535693,1.06573201412891,0.926373591647935,-1.14189817255531,0.381558348204608,0.0987361300185209,-0.0844032589311075,-0.257717626879596,-0.145396753985176,8.27116153345742e-15
"459",116.71,-3.27472700697205,1.38313449758857,0.572292834850705,-0.0772421810342326,0.0368191257062476,-0.474958527889213,-1.38772702675789,-0.374243254435791,0.513841497392588,-0.369825710660901,0.0672321921955766,-0.233660814275768,1.92276750077269e-14
"460",116.91,-2.5499912275717,1.25441480604131,0.485810714268202,1.06118808113136,0.401386809154054,0.361367434974849,-0.751328030640387,-0.315927421601747,0.206861653656804,0.1208672995785,-0.0925252431611233,-0.176502623938561,-7.32747196252603e-15
"461",117.11,-1.97922073472287,1.10575258723946,1.27812177197179,0.396377664596153,0.241053754034949,-0.65535857729722,0.0307418319109791,-0.385094717070527,0.637187074514684,-0.0561728779321156,-0.0586752308043615,-0.277061091670849,2.25375273998907e-14
"462",117.31,-1.44412493613581,0.833880998450387,0.133536262993697,0.926113967698455,0.077690226570989,-0.740270244522231,-0.289696088742986,-0.44567165364667,0.337409083691706,0.109109460417307,0.259488322653501,-0.417716230675863,-3.85802501057242e-15
"463",117.51,-1.42864311081221,-1.6631017282853,0.0937094032632975,0.811170342191922,0.0903139153053867,0.857522643728951,0.0593905082464225,0.302079676530502,0.410611627070899,0.1676375974384,-0.144899102446809,-0.224151119120749,7.82707232360735e-15
"464",117.71,-1.70855061498778,0.00911253647914765,1.21303406938426,-0.459240772215952,-0.391357424866089,-0.508775164345472,-0.0634393484636637,-0.47272451710863,0.170676501521686,0.107121266381985,-0.057680833223354,-0.328634244470142,8.90346824045096e-15
"465",117.91,-2.12008149935867,0.8188987281026,0.830512161475624,0.193265119848142,-0.885025540837523,-0.15833060135622,-0.326657075204238,-0.0916729685908803,0.181931276580903,0.541540961572717,0.431749067101373,-0.338751621434705,-7.43849426498855e-15
"466",118.11,-2.75707571383529,0.359663781933818,1.50114598347723,-0.230096096822459,0.328484235895652,1.04437307751607,-0.902913048438044,0.00153954284060803,0.44217333792645,0.3326769751559,-0.184492774763075,-0.148292068902637,-1.78190795452338e-14
"467",118.31,-2.47707682150524,1.37170735426772,1.4805942317063,-0.0196806170300842,0.0838380643445088,-0.0928780322654838,0.0720841144922937,-0.407991787457307,0.000963212663223901,-0.0673170572682716,-0.099008693218617,-0.431512690050942,-7.11930514540882e-15
"468",118.51,-2.63741364448477,1.86910548881001,2.10571176415389,0.0722740634405142,0.334860500753796,0.460250839143881,-0.143564375236512,-0.316779767877457,-0.00465834487177319,0.211439513941339,-0.250721824234732,-0.10743339980309,1.24344978758018e-14
"469",118.71,-3.39604814699866,1.28412763633575,2.1033713035743,-0.561955942073374,-1.02795313835061,0.923642332653223,-0.0762298812180813,0.106304746996185,0.339374236665399,-0.20451992954237,-0.441593104704824,0.271137653160029,4.21884749357559e-15
"470",118.91,-1.85708155789772,0.602051151855199,1.72272740501536,0.870580557777958,-0.128893623623594,-0.0937772268899653,0.817059443588759,0.136862853631318,-0.14647454811309,0.371311816771935,-0.224892532831143,-0.0569522312387591,1.95676808090184e-14
"471",119.11,-1.78870976773124,0.154921358569006,0.898245449922453,0.743801929733382,0.0527251764074355,-0.204914787985041,0.564501755977807,-0.229629900191758,-0.225765279259528,-0.118992707912076,-0.423155674472672,-0.310912207351318,1.9151347174784e-15
"472",119.31,-1.85171179082656,0.039721852313518,0.780513655684708,0.110908043506501,0.0601706537785938,-0.00686548419916233,-0.172568794503587,-0.0609823593299298,0.432092347673723,0.0226496794747608,-0.110665491481325,-0.282071503248893,-1.8776646903973e-14
"473",119.51,-2.85056956075486,0.328459307562845,0.799098232463806,-0.130025177907321,-0.339556700251085,0.728727103809428,-0.69042072840809,0.368006220867059,0.486213707795652,0.054862858439428,0.226866311583565,-0.0730405795585589,-1.47659662275146e-14
"474",119.71,-1.95948059729,0.12441195388103,0.160021670095683,0.87461438081336,-0.289431380870944,-0.0154008643736229,0.253959969171881,0.343773470021616,0.048102774680689,0.287176664952324,0.0731754781271012,-0.129983760651318,-1.54876111935209e-14
"475",119.91,-2.06810676920129,-0.745188463055091,0.462011038897985,0.193885620866776,-0.179092361294751,0.244479036143765,0.509485201696186,0.832019189820032,0.595843737879968,0.199720642544723,0.0696832089171907,-0.387144620467759,2.19824158875781e-14
"476",120.11,-1.39081300596815,0.829796505498781,0.918937423833171,0.861683583321473,0.0869752934026142,-1.09374864313283,1.05673376365668,0.140902212262099,-0.144642326164793,0.460041709009942,-0.0875066965740823,-0.139115502930368,-1.89015469942433e-14
"477",120.31,-2.47088931453988,1.14884409838768,0.357365944617518,0.809588400258675,-0.415119100119119,-0.789936160591423,-0.425992446909224,0.129852214545972,0.0807357280705548,0.145423229254811,-0.110454570774384,0.181686012132722,-1.75739956441434e-14
"478",120.51,-2.55268404120992,1.18869681487479,-0.0618769082978382,0.814979742643779,-0.0835532245710981,-0.343287305381803,-0.553503155316845,-0.0818406544523931,0.0656488641590615,-0.255155872387433,-0.326565598112057,-0.00888256574424249,-1.69309011255336e-14
"479",120.71,-1.92105358060937,1.97183523636264,-0.238153409921566,0.880107994784084,-0.0291386142861242,-1.13769346624978,-0.549695766481809,-0.420325221881798,0.114706787893423,0.0127405958480772,-0.18947229979775,-0.187181021988799,-2.22044604925031e-14
"480",120.91,-2.70786267323013,0.494202953824479,-0.393482444594031,0.939352994977801,0.299718093899973,0.389920707154282,-0.529087563934445,0.361811876445337,0.00329569284859249,-0.209191883511471,-0.278292533961851,-0.50810513840847,-9.27036225562006e-15
"481",121.11,-2.36193977555959,2.07137602341747,-0.812971683874277,0.473986080687584,0.143204283524499,-0.738023165584617,-1.11200015113849,-0.582137591396638,-0.173313468630528,-0.247092788420787,-0.0278553798031031,-0.477788394154935,-4.01068067645838e-15
"482",121.31,-0.645242672638797,1.30315420634913,-0.849852496300106,1.22680413194323,0.0414752761056425,-1.29008466881432,0.727444692717441,-0.14798167284104,-0.327505607606603,0.298824689967481,0.0259048688609203,-0.374690152169713,2.10387263166467e-14
"483",121.51,-1.00805829040566,1.06315871896222,-0.80319435663242,1.21848524391257,0.0529085809973159,0.17082759847859,-0.106629921153302,0.204784123790242,-0.388845514036422,0.679546337211649,0.269566921541698,-0.156324453700864,5.52335954751015e-15
"484",121.71,-0.473400734457568,0.877997293658754,0.761539419574897,0.373405659818225,0.691383504326986,0.565980642411473,0.154248790251283,0.190003931749188,-0.457502221925902,0.726485715327167,0.0893358576936779,0.13870381935899,1.72084568816899e-15
"485",121.91,0.645787117769225,1.60679950141262,1.98557621154911,0.000592351856795355,1.49324752067151,-0.404526324796774,-0.844830221694755,-0.297004257470786,-0.456574360946907,0.660673492309894,0.395616478533906,0.115116416112976,-1.19348975147204e-14
"486",122.11,1.44963411643093,-0.0263263804710437,2.12902914411782,0.593762246518504,1.1542752803482,0.452782082028262,-0.420969219520502,0.713345776995051,-0.957824041547711,0.109411740820499,0.235791596261491,0.320622970595413,1.19487753025282e-14
"487",122.31,1.83248320411369,1.40618121720562,3.20038474438212,-1.21426518212629,-0.699210848465821,-0.377433924372481,-0.489851385615875,0.212560877633663,-0.628012511727093,-0.86095820267062,0.327800741827309,0.350865899826954,1.44884104713583e-14
"488",122.51,3.00477044439422,0.411711841503356,1.81707830809554,1.12618361421569,0.620298543189922,0.0645978499830873,0.288350877031842,0.499618940138295,-0.13567113026336,-1.07881951221923,0.144493245928897,-0.150490956102447,1.11022302462516e-14
"489",122.71,2.56872519894779,-0.698702520606724,1.83107880940206,1.33308567460849,0.0402237251978071,0.153832149643915,0.363557365766735,0.998111194713535,0.33507463098688,-0.768084495594362,-0.026779669983794,0.22905242309308,-1.73194791841524e-14
"490",122.91,2.25867764481524,-1.31393812931641,0.908939318814857,1.21828601202758,-0.181881728648338,-0.127879443060067,-0.897157008739341,0.237974542313172,0.270274252059537,-0.638095373754274,-0.370862045990133,0.461555096308712,1.14075415780235e-14
"491",123.11,2.21973220800842,-0.595401882417131,1.01997089156425,1.42870850004331,-1.13309099442298,-1.42336260517452,0.0828377186502829,0.0769997465862901,-0.647572965540027,-0.124396368819372,-0.023492556585607,0.219220129237772,-6.38378239159465e-15
"492",123.31,2.10312068147065,-0.492323300707643,1.27129652447708,0.705246941724707,-1.42213487617466,-0.143399175425541,0.608686802340991,0.0181443872362121,-0.67233290620741,0.103850485335422,0.111489962330852,-0.167394278146447,-1.05887520973624e-14
"493",123.51,2.68335567147151,-0.297626266335765,0.374917666371602,1.06096228657628,-0.64893921645002,-0.230326467952684,0.0259868842383117,-0.636725136636152,-0.144341595122401,-0.0964745127866426,-0.282775450869842,0.0705895619057679,2.44804176929847e-14
"494",123.71,1.86959299668043,0.0686892211356511,0.110974597925494,1.34343045857478,0.0848672876018918,1.45240257635628,-0.558540402022926,-0.655805750945843,0.42889416129059,-0.0363529997151607,-0.396441909801228,-0.261669026198688,1.10883524584438e-14
"495",123.91,1.57376126634512,0.22485807195538,0.0128796256453695,1.15925160118863,-0.861384729845194,0.393709586699787,1.07567943857822,-0.290605923665031,-0.208343023487271,0.142665214025156,-0.528568944465421,-0.120347750444212,-6.55378529224038e-15
"496",124.11,0.792257143050926,0.781852150037852,0.222163183030885,0.385912569659131,-0.95207584428251,0.58764360014393,-0.175698831344231,-0.661417135730572,-0.145410221987758,0.388551660302744,-0.227749642808481,-0.157692349432403,1.92623694772465e-14
"497",124.31,0.496279865605642,-0.13066404370003,-0.439153527188941,0.715568682791173,-1.12121602671328,0.794702454691105,0.481152302957685,-0.223347096389999,-0.383324086620091,0.135874313285416,-0.23733049976837,-0.366356613622043,-8.32667268468867e-16
"498",124.51,1.13301112917887,-0.534499836430215,0.59098562574412,0.477059378933912,-0.110527749586708,0.775709126322373,0.211730375477054,-0.620876147660449,0.386354237715702,0.620157734754227,-0.431852636920982,-0.412530086477713,2.01089145335231e-14
"499",124.71,1.14879041779133,-0.0509170988356761,-0.161709475636649,1.01581962832454,-0.201536684584918,1.21676452516167,0.261831114543894,-0.963639966557452,-0.46501004980726,0.806237594964085,-0.720713041751372,-0.265037862625121,-9.13158437754191e-15
"500",124.91,0.22044637723191,1.02380622833768,0.663781005480318,0.0251772942431775,-1.33051337327314,1.12694033789645,0.041037906341486,-0.710970760957284,-0.197099352134966,0.593133121584309,-0.00155814617352228,-0.507738143152557,-1.14352971536391e-14
"501",125.11,1.05482684853989,-0.585327865754348,-0.603702472671992,2.02347012948418,0.153875803899977,0.151305326391642,-0.511605210178332,-0.596829993139657,-0.387694786326138,1.02356075204434,-0.34005205050016,-0.0348276320805971,1.4432899320127e-14
"502",125.31,-0.747632756908083,-0.0344038424106973,0.74951876583159,0.183487486457399,-0.470313955374131,0.671093446510761,-0.597088449293552,-0.401961711462146,-0.0280441137655562,-0.072590223046199,-0.437308208991792,-0.329227082387006,-1.78468351208494e-14
"503",125.51,-0.692148803743238,0.433210162303995,1.19639077133962,0.145879266892257,-0.796241360876497,-0.300487809084674,-0.387268480673352,-0.467722799063278,-0.209963136737454,0.169489627066341,-0.0125138922964847,-0.257547167496952,-2.53963516883005e-15
"504",125.71,-1.22516414437036,0.327486427553369,0.429171590125585,0.244594082139997,-1.49658128941327,-0.285784634318069,-0.618739152962476,-0.26415159352535,-0.157417497308479,0.179595626222919,-0.0537693795876419,-0.0734714846424567,-1.14630527292547e-14
"505",125.91,-0.526738155956373,0.0310196420178871,1.10276361069722,-0.273878138078043,-1.01148300745537,-0.718405257469592,-0.194614117175286,-0.331242464779002,0.548217568755145,0.195025662997633,-0.178167515309229,-0.0997827533580427,3.44169137633799e-15
"506",126.11,-0.754045227374233,0.682284231722434,1.02876146390773,-0.0713937225523092,-0.689983377428469,0.0682663688348059,-0.689733933546821,-0.526239223425123,0.114496387649762,0.512298856740548,-0.00733334037463945,-0.280668330771392,-1.62612978638066e-14
"507",126.31,0.197816603786897,-0.688843151974725,1.02587671495581,0.148069803603225,-0.0396521027892563,0.322272929246006,-0.188569109119154,-0.371833232346654,0.348524856973135,0.839206791338197,-0.219375036889265,-0.106867131552109,2.4198308287704e-14
"508",126.51,-0.880234659052351,0.0882323569670323,1.47353973806752,-0.98209879821752,-0.151286866692548,0.173751145469516,-1.0712759605765,-0.76626468088709,0.677224436577332,0.236879602950119,-0.179427328727888,-0.325643092345271,1.5897656455155e-14
"509",126.71,-0.673731187997819,-0.706898808021835,-0.838944032938591,1.37571901751362,0.120883364069197,0.777604180914493,-0.601192560798105,-0.597234752555975,-0.674848308334956,0.284017283055363,-0.393566960144348,-0.169473727359465,-1.77635683940025e-15
"510",126.91,-0.278295694131246,0.839248355178084,0.0422273907163514,0.638169856210016,-1.16867119292682,-0.633570669470911,0.0173224382675642,-0.411138935064211,-0.120632165310192,0.787244736154356,0.240151670019957,-0.396721659544337,4.77395900588817e-15
"511",127.11,-0.266160617286576,0.277517511940431,0.215469696429357,0.308202934443618,-0.374777906528544,-0.776506337495413,-0.36101430548921,-0.824523157838912,0.311019888874143,0.285648648516627,-0.256898229856649,-0.238606746425024,-1.06581410364015e-14
"512",127.31,-0.975193503888305,0.848268877945591,0.530867080808075,0.504345730480239,-0.952032727952243,-0.238979942376707,-0.245164929871981,-0.328863207420651,0.0129235668657914,0.395998189656607,0.0639467391779761,-0.325007850602698,1.43218770176645e-14
"513",127.51,-0.492181775977402,0.390204438638045,0.192611819963368,1.29335520794036,-0.272638514210743,0.403253736610358,0.227820711448383,-0.534466308544502,-0.284785948536028,0.375412759854369,-0.208912803429326,-0.402476802124379,-2.33979502439752e-14
"514",127.71,-0.405696368676752,0.0869203059576037,0.994336591389497,1.09154675916237,-0.388367513574945,-0.0473041479983678,0.419189954739898,0.179035186247574,0.260535798886514,0.6613121788816,0.0599839377031088,-0.400831658337517,-1.56819002228303e-15
"515",127.91,-1.06093078693697,0.479207543359445,1.26603308204404,-0.438046978728371,-0.723650328106644,-0.757368994909431,-0.0484173787629675,-0.46321085856351,0.0821701122967975,-0.00180971959947517,-0.272669035241056,-0.148451884808548,-1.2490009027033e-14
"516",128.11,-0.188693330356505,0.346363300702433,1.26019050783335,0.109982625233537,-0.301312866075136,0.326963550947541,0.0628277009342669,-0.793544282736826,-0.00406822478061357,0.486401356418723,-0.271329735651746,-0.261122245752388,-1.53696499971545e-14
"517",128.31,-0.828851846943076,-0.257255196512969,0.898590442385931,0.498536278991832,-1.06636436552363,0.645337556294549,0.835679742983515,-0.0168691126379066,-0.510192896536892,0.275753896921509,-0.296671120482943,-0.437627878588399,-1.28785870856518e-14
"518",128.51,-0.294495227619838,-0.633299995617734,-0.314629944376245,1.41186975849385,0.859762459623387,0.264379823723293,-0.960720599356999,-0.841644451562882,-0.0216959552661369,0.211388846183309,-0.515908716377707,-0.539472415968059,-2.00048311249645e-14
"519",128.71,-0.555733287734774,-0.39890372172706,0.0697772325333083,0.612546911281224,0.716169928896154,0.377042224506505,-0.800302370348196,-0.792410637924108,0.284113588586407,-0.155611465356492,-0.68408118937393,-0.274367613915752,1.32810429320784e-14
"520",128.91,0.588303881340255,0.128467411678512,0.326622522648764,1.30022086398933,0.199195854702001,0.216343975694893,0.504576242214158,-0.776512093954729,0.41667329999584,0.521205076566326,-0.50812278770541,-0.255368543045379,1.20459198171829e-14
"521",129.11,0.0674463842987578,0.141766668992936,0.0119362507449376,0.032031825960875,-1.35031458358844,-1.26463084755421,-0.222930701868267,-0.558823472019885,1.1242193334978,0.0715672080663619,0.0731781210199521,-0.408751825223647,1.83186799063151e-15
"522",129.31,0.474587532985179,-0.873624530070987,0.635378427474246,0.826593218923422,-0.217659207649629,0.525313296870919,0.873442546605586,-0.418507281303527,0.266157145695189,-0.0442418426010385,-0.55033246376258,-0.190668818842955,2.04419814409107e-14
"523",129.51,0.0764616037759758,-1.4144187981696,0.845753108220055,-0.0972688642725229,-1.83407888023497,-0.198176648482695,1.43718394419637,-0.118362106617703,-0.523194012385686,0.216867691636044,-0.2869032363235,0.350115317607633,-8.85402862138562e-15
"524",129.71,-0.0957548810931761,-2.08116144551655,0.966931251686311,-0.414343856530677,-0.449435445463288,1.13505456468333,-0.0176584707321975,-0.371982731606828,0.375706829326491,0.118764549987595,-0.193105668513618,-0.0318058008753504,-1.75970349403087e-14
"525",129.91,0.354659219212207,-1.21636696812267,1.71336046973857,-0.939084905489297,-0.441336901498775,0.0990450161279414,-0.0376624908788015,-1.19892784842341,-0.243694498740909,0.533564898712939,-0.139729891169178,-0.0491651492511573,1.66672231571852e-14
"526",130.11,-0.342928824046788,-0.600546414499208,0.980521063045629,-0.605742727100646,-1.06995096143381,-0.28718849646615,-0.281098476922997,-0.990149478366297,-0.695486367342298,0.414043590870654,-0.0586592829452688,-0.126697144273534,-3.94476118437126e-15
"527",130.31,0.924195163696481,-1.12550712664107,0.818313170374019,-0.627627067317151,-0.767272050019138,-0.469431593502915,-0.151263067742114,-1.11779289479294,0.357371762065609,0.497816125179448,-0.148382349354993,-0.0716684564512466,-1.14352971536391e-14
"528",130.51,0.60457091593456,0.0298751445220743,0.190796638779113,-0.61232720525651,-1.16385958639153,-0.113565073153767,-0.0203120711095722,-1.12836540922883,0.240591707651438,0.232955914304366,0.155548369987764,-0.262939527497124,-8.34055047249649e-15
"529",130.71,0.398227449702708,0.818289208645806,0.794508800059819,-0.341860738400445,-1.73787181622156,0.741121809055489,1.89025992001225,-0.541610856208142,-0.439696148857782,0.367599071002337,0.107642243782486,-0.384969594750746,1.20459198171829e-14
"530",130.91,0.223558719117851,0.0657037010267197,-0.8205371790323,0.796642582336678,-0.557363165374707,0.263023763570577,0.224040207250347,-0.703572359295382,-0.185625467182283,0.31054906485895,-0.160497117181644,-0.555062729774551,-8.74300631892311e-15
"531",131.11,-0.767908243658423,-0.273047308522196,0.51807089747285,0.0677241443037946,-1.06989438384545,1.27478659254863,0.25729003956416,0.100976854456263,-0.419328139579646,0.468096225442006,-0.256890134091675,-0.509161237567984,-3.03090885722668e-14
"532",131.31,0.0239321119675995,0.588028307296895,1.41572559679144,-0.294085861860314,-0.847725547149926,-0.246610715057809,0.43419522544768,-0.484009730027213,-0.0665539097597197,0.566348286461999,-0.172497131037239,-0.429389340077598,2.81719092498633e-15
"533",131.51,-0.932820872266322,0.832245316158893,1.35105345275147,-0.687365960616214,-1.28118870252739,0.555666393195138,-0.615885658929375,-0.755512238916301,-0.175496293245172,0.419070687180418,-0.132759764003602,-0.133982642692567,2.692290834716e-15
"534",131.71,0.575839444108679,0.26913150007153,1.08610365270129,-0.0841248453872984,-0.174364436916109,0.244138104062111,0.051192099359328,-0.612120552314662,0.878556912863248,0.641300355825712,0.09361510913062,-0.525198348748308,-1.81382686648135e-14
"535",131.91,0.790328608858539,0.426111476288395,-0.524494591511312,0.916607662482211,-0.964700175275054,0.0762672021754466,0.41321720835455,-0.607539341712397,0.242775954853069,0.635542090724595,0.0825345547115039,-0.239223123420591,2.74988365411843e-14
"536",132.11,0.40377240531836,0.719621725030037,-0.24841405896441,0.743732787378374,-0.499717540958164,-0.171397927673291,-0.268248328544002,-0.892016601211921,0.0945385340875828,0.668161160387869,-0.346649553899615,0.0923623485745755,-6.55031584528842e-15
"537",132.31,-1.09743517748862,1.37871355574001,0.833032361598763,-0.929067200078809,-0.347587421485959,-0.16557013998818,-0.8297328737548,-1.34431273550464,-0.117519928121547,-0.221029841059019,-0.369599360030054,-0.211742869439266,5.50948175970234e-15
"538",132.51,-0.458979333939259,-0.110419314168341,0.155088789948108,0.43897768862854,0.0362998165165449,0.720166744316635,-0.217649948667256,-0.650196073267087,-0.184103294507676,0.619084888105748,-0.43805708100943,-0.162386541750174,-1.39332989590457e-14
"539",132.71,-0.267484520488679,0.808235052082739,0.947476313341217,-0.139283873209465,-1.43891801371079,-0.173840162755611,1.50894350676188,-0.314376710389965,-0.74073588914883,0.802998804732358,-0.0156511480869706,-0.0645439297675092,6.18949336228525e-15
"540",132.91,-0.330918842050313,-0.589225935395512,0.444923142512476,-0.0787449594114433,-0.0190761934197622,0.455694093363324,-0.510821391543148,-0.287015085188241,0.196537551022756,0.753840316833082,-0.0116018897026326,0.170531410422013,-1.23651089367627e-14
"541",133.11,-0.48727961863066,0.0304638695840291,1.31377050996917,-0.898929575804233,-1.40235818908125,-0.552755543921865,0.551160698562428,-0.30970001136473,-0.0647293169374493,0.294858552159617,0.230283754575791,0.156708384596219,2.03309591384482e-14
"542",133.31,-0.183949742131937,-0.754870771009426,1.34470373712305,0.0418627050917555,-1.26987182014752,0.128120988673943,0.929625884516672,0.372183290774776,0.414453139065145,0.304785979661132,0.188638336183941,-0.100713312615721,-1.765254609154e-14
"543",133.51,-1.41178740324666,-0.0857900549518176,1.0413197230443,0.559305143072709,-1.99018128097879,0.0709874399515811,0.584158790861224,0.56445909985777,-0.507045238972802,0.190705402222211,0.209653275916864,-0.044612796172204,6.93889390390723e-15
"544",133.71,-1.38777386019136,-0.823776205449113,1.79636157464278,-0.0499399846355452,-0.444632169195292,0.492228160398938,-1.07313882982453,-0.0384002531205308,0.15262179350954,0.332348646125476,-0.673747322260283,0.473225543002777,-2.91433543964104e-15
"545",133.91,-1.25219638574382,-0.965482072248703,1.65471070083758,0.123300666071892,-0.951305579066665,0.396757744974784,-0.740046555117364,0.308526614242554,0.210500905415106,0.353314459171356,-0.167542363345571,0.0997924340267315,-1.64868119156836e-14
"546",134.11,-1.43870301911153,-0.501198684772013,1.48578054850564,0.245731628739637,-1.32437572915255,0.139758602838743,-0.163802449784597,0.134340882877833,-0.661320438664412,0.175846937408596,-0.52024625564721,0.406873621341552,1.02695629777827e-14
"547",134.31,-1.08832990175442,-0.379941988828958,1.6655074378059,0.566163104130125,-0.598735597851152,0.293161421463096,-0.145129421956776,0.200918528278129,-0.222679740726459,0.34985680648706,-0.310010587755022,0.0815652657539939,5.88418203051333e-15
"548",134.51,-0.634564958495251,-0.629839286224983,1.07543108921488,0.622249996642563,0.304594352721283,-0.253117083485273,-1.21713853090872,-0.493425070082063,0.145948153220466,0.152633355892748,-0.573046877190513,0.257136808117861,1.59039448277554e-14
"549",134.71,-1.12356172477345,-1.00400792101416,0.519282823332455,-0.500780078261904,-0.948109819857205,-0.602937293561453,-1.74887782754481,-0.672220922355212,0.458628247204932,-0.464581031493828,-0.261183720396309,-0.190645178199397,1.28716481917479e-14
"550",134.91,-0.703057254019547,0.153037344525747,-0.315044485014801,0.91231060793648,-1.43894057248164,-1.64190076053281,-0.382138668284514,-0.183053123084681,-0.00920291385517549,-0.35532599294282,0.19454539798438,-0.590292098240009,2.24820162486594e-15
"551",135.11,-1.16198103748506,-0.0965088578915445,1.29399232733984,0.775962477502349,-0.907087553514166,0.428289090514236,-0.343513747272127,0.158439335492484,0.570169267019117,0.0976896401622857,-0.209427213166197,0.024168387052747,-4.71844785465692e-16
"552",135.31,-0.185305663827496,0.465847046133022,-0.130437000037123,2.20859709366938,0.228205899132584,-1.32503146337727,-0.356557846655977,-0.383830729556544,0.272821668221095,0.182352183182775,-0.240855691627033,-0.210600833667976,1.02695629777827e-14
"553",135.51,-2.12751413960161,0.804360358160621,1.32990811233047,0.504351632599841,-0.806411468703633,-0.0580784607228155,-0.710230248742569,0.0566829306429871,0.132174644391135,-0.170112907371306,-0.392057402859912,0.114311072447686,-1.38777878078145e-14
"554",135.71,-2.20853203890945,1.95506109019139,1.8818178817712,0.00372689381677341,-0.856087472488892,-0.309243577973512,-0.270248225306751,-0.0281524148339085,0.2880288673596,-0.267274402494035,-0.128401294702005,-0.216925672306705,-1.63341562497976e-14
"555",135.91,-1.8779563336253,2.0236837284523,1.94717315384289,-0.139871499659218,0.342513180477075,0.101210244201994,-0.661346248529712,-0.573873906108863,0.54025279845566,-0.173824488858415,-0.175400696514909,-0.413959611218561,-1.6678498859779e-14
"556",136.11,-1.5170481332488,1.11651415951487,1.55175470937795,0.147448780187345,-0.460461027543947,-0.138046325504394,-0.0774305858584918,-0.290154942371958,0.167823005034073,-0.033150692688833,-0.190976808661327,-0.000459796935071461,-4.17721413015215e-15
"557",136.31,-0.714678345556966,-0.644251545595582,1.7958734961511,0.52075906814734,-0.287088446978679,0.193085279017946,-0.039850651910228,0.258587196968481,0.73165955762314,0.331697110734634,-0.13522495552518,0.0133874662386901,1.3392065234541e-14
"558",136.51,-0.121846410794677,-0.574412205527648,1.39022448623094,0.841139063114444,-0.889269996030811,-1.07821853337967,0.643312325140178,0.0555983132226322,-0.0668677200994652,0.32118940696405,-0.0989428812160068,-0.152627692126086,6.38378239159465e-15
"559",136.71,-1.0381008703667,-0.868110929696277,1.42275003539244,0.0049172688958649,-1.95276440799919,-0.175727483293887,0.0142955460773701,0.125957169593769,-0.117392775159392,0.12063631649067,-0.396819817510941,0.149475465273937,1.32116539930394e-14
"560",136.91,-0.499591378351998,-0.85193625905436,1.72384587464082,-0.146568354813264,-1.41573525107851,-0.941857477102755,-0.476886680427355,-0.0920607511537233,0.394838390312013,0.536749264669028,0.0413161621726431,-0.0359442744906371,2.34534613952064e-14
"561",137.11,-1.95250220283404,-1.26725272674822,1.00536337030906,-0.130424018221447,-1.0687961140474,-0.53564888045629,-1.11206649713311,0.269498078593518,0.447730841032489,-0.137002675794504,0.153915320204545,-0.156852646733863,-1.40165656858926e-14
"562",137.31,-1.13956222887352,-0.382731392223098,0.568239723101906,1.3177551245751,0.00964225976133468,-1.42327370380956,-0.2436413328297,0.0753104689799209,-0.192296152163089,0.332142909630257,-0.116041647739884,-0.115855785738536,-5.44009282066327e-15
"563",137.51,-2.15727916012556,0.743191449907417,1.68272156313617,0.0131093766742818,-0.476928473414242,-0.340398089189648,-0.381075972871077,0.0276123317258027,0.0602400439927152,0.175623574433344,0.0677051832973312,-0.282205442967883,6.55031584528842e-15
"564",137.71,-2.05019933104534,0.559992158196799,0.744293170167138,0.136692889849643,-1.13056478496857,-0.614212691650291,-0.45699719438234,-0.0591079413445241,0.264160822165195,-0.0508747849200506,0.142591992749216,-0.167904107877074,-1.04569131131882e-14
"565",137.91,-2.61136371949157,-0.350148725012259,2.60798627503769,-0.50079517290505,-1.28962181818893,0.702332803427696,0.0384465178027001,0.732528356719636,0.81176773922049,-0.173615635143464,0.0461457521068755,0.01795082702987,-1.26010313294955e-14
"566",138.11,-1.86280385070526,0.277394870827289,0.944609148499103,0.597866189791482,-0.767516950852918,-0.43712828124563,-0.660152136347094,-0.184915079949906,0.346498667159109,-0.0764190908512431,0.285171746985448,-0.182235124125316,-6.6266436782314e-15
"567",138.31,-2.86965707438216,-0.426693800944433,1.85198616078121,0.266839934806791,-1.40019767602474,2.22205853271275,-0.586848171674407,0.566259451037997,0.465905983732487,0.0495151537987697,0.158861961520968,0.0257487927140838,1.27675647831893e-14
"568",138.51,-1.31643204228504,0.754997957674542,2.45526430448418,0.0908433044092613,-1.00880804507501,-0.174696474900573,0.605251394924147,-0.329589302426206,0.398257638213092,-0.0870218577422544,-0.0333665780900614,-0.0676330148288494,-1.1518563880486e-14
"569",138.71,-1.61665540730735,0.121888655445463,2.02413228971934,0.553516943575054,-1.36241933710433,-0.845692529838089,0.135009099915028,0.272356795663896,0.493218417189943,0.0383336485677405,-0.14580422967368,0.196433667370014,-1.02723819034312e-14
"570",138.91,-1.59288494419799,-0.045220009350566,1.76150907082268,0.917063426713661,-1.05574923671507,-0.292176622130385,-0.675199755991515,0.374233310668962,0.858271772475286,0.0900451011016388,-0.0635608798763686,0.0247388697775021,-1.07136521876328e-14
"571",139.11,-1.86842676479389,0.381423275002514,1.58696329164583,0.81187877948616,-1.25595015573611,-0.395596354020532,-0.638912568263704,-0.292690182766933,-0.138725864290848,-0.148155088511307,-0.405985820378718,0.415625240339635,1.12271303365219e-14
"572",139.31,-2.24746819684802,0.885836360466234,1.8653672650001,-0.591064243332752,-1.55373518920737,-0.554709000271035,-0.754446115947329,-0.282316915797029,0.465242237726934,-0.371194471753408,-0.412697358831362,0.162570755704551,1.70696790036118e-14
"573",139.51,-1.79289373148657,0.0677467383740084,1.34217723516753,-1.04124572483239,-1.49302506684753,-1.0236082642289,-0.668961005343496,-0.376174631684079,0.477488259049282,-0.178404142533705,-0.103997901483879,-0.192348768438739,-9.12464548363801e-15
"574",139.71,-2.02944521020109,0.566937125982393,0.22111526303528,-0.0387566495109023,-1.73793432362803,-0.924768759760106,-0.812539899735858,-0.310863228999544,-0.558546064660237,-0.10859959594558,0.0510674102547829,0.0425336315749466,9.34669008856304e-15
"575",139.91,-1.50178421689288,0.252224645212549,0.283149666268386,0.653424655118811,-0.714903239016257,0.0148234369112414,-0.761015078840777,-0.263969823317624,-0.431264354806555,-0.0901971999010097,-0.156530205310289,0.138969426387911,1.2490009027033e-15
"576",140.11,-0.885408133695114,0.818344228444569,0.94546859972624,0.509866786617907,-0.706356910635917,-0.418512042239704,0.20266448270566,-0.00795285805114259,-0.279604486541134,0.170244739444405,0.0870019658364783,-0.218483532948539,2.74780198594726e-15
"577",140.31,-1.53508640723672,0.482979717190986,1.28403001075366,-0.472214124414805,-0.352698703893723,-0.0527131076328805,-0.0631898839653816,-0.29362116417641,-0.355134333091433,-0.239345408238482,-0.152373462142773,-0.123349038977065,8.50708392619026e-15
"578",140.51,-1.45519861754453,0.650481719490766,1.6409656355693,0.226616673270331,-1.17035418462187,-1.07332314523788,0.988975925339838,0.578704361456254,-0.924658612149467,0.170744280223869,0.186795461395855,-0.0386620880937885,-6.91460777524355e-15
"579",140.71,-1.35568800028228,-0.602951223091357,0.733670834217589,-0.225045355275421,0.08193215586852,-0.613202543446433,-1.42303071918915,-0.00411835268532594,0.215623687734958,-0.119459201181658,0.114857246906545,0.0981464031538173,7.38298311375729e-15
"580",140.91,-1.13976588667052,-0.109153436329834,0.993935295322585,-0.0809924582399898,-0.360316299368424,-0.76246289927489,-0.598136577162699,0.188514441068546,-0.340116310228781,-0.179355579504721,0.244549856708723,-0.219765919577051,1.72500902451134e-14
"581",141.11,-0.615685717209161,-0.670773950610508,1.18880133335602,0.879157715266625,-0.178834651232421,0.312175284457925,-0.17223613479164,0.696936882339266,-0.523579538253245,0.208939205975323,0.0317380880604638,-0.113252350899117,1.13797860024079e-14
"582",141.31,-0.408283421406447,-0.474352776713509,1.45448934350856,0.187611256092786,-0.872491296515174,-0.0650634079502447,0.0571569131172596,0.254009386336406,-0.713784711932257,-0.113829668805858,0.115567914310859,-0.0849142848676927,-1.47520884397068e-14
"583",141.51,1.38042806836636,-1.45224262629629,1.33113597372882,0.606351570693436,0.266664765921313,-1.69786555170729,-0.284195119912093,-0.359976142203604,-0.263692662354751,0.103105984441931,0.020491269884972,-0.0517027233151169,-7.99360577730113e-15
"584",141.71,0.349907294925327,-2.53574838279011,1.50913509069794,-0.906571501149254,-0.275616032476141,0.0302882701150797,-1.30102372551237,-0.578116560672786,-0.251834977492744,-0.196514770086743,-0.43111100480478,0.425690239075761,1.59637927876766e-14
"585",141.91,1.05782717862673,-1.51781472253758,2.06649068119481,-0.0552724545444866,-0.208243682813401,-0.552281928677706,0.146635051822561,-0.5143360068675,-1.21959906071519,0.359295734451355,-0.245741243633722,0.238563999255942,-2.16493489801906e-15
"586",142.11,-0.0280586875578857,-0.862196733043413,2.69053276474981,-1.1144475628903,-0.448420004475863,-0.409599234730852,-0.716378802655118,-0.0299968868072126,0.0595260188593542,0.0287321566410229,0.173349266112369,-0.66535634647786,-1.04777297948999e-14
"587",142.31,0.199753271248367,-0.914877029142736,1.04684887202819,0.461539790416917,-0.215413344318658,-0.331460902129079,-0.622324286991172,-0.479587375423446,-0.682693145272157,0.0454708422274366,-0.47683718421748,-0.357037952131607,-2.4980018054066e-14
"588",142.51,0.138711269967067,-0.796150695124712,0.973985853211908,0.526978554468838,-1.0400071190355,-0.938439554870897,-0.426489633158011,0.167316501732257,-0.563269403560729,-0.0492720848413778,-0.125680642693458,-0.21509368124816,-1.13520304267922e-14
"589",142.71,0.548284726444095,-1.25524651046568,2.10883076841711,0.244029450464124,-0.772749528190384,-0.273459801737985,0.567101239780157,0.0914703367814687,-1.05840322192668,-0.171221206809959,-0.167773326045996,-0.168665911202599,2.12295458990042e-14
"590",142.91,0.224678099424274,-1.04105264591842,2.90050209444595,-1.03746581112142,-1.82578567454456,0.12647772663235,-0.212713649545444,-0.146179043343662,-1.54626155684531,-0.0289400774170018,0.0801909580738061,0.136270503118809,1.40443212615082e-14
"591",143.11,0.953948554689198,-2.26004560174954,1.41081814595966,1.17653476506305,0.274153081281291,0.284851351661809,-0.548567691752366,0.300895955569728,-1.6285879823827,-0.245031624489734,0.0453030458484776,-0.310105836552794,1.83325576941229e-14
"592",143.31,1.11300171924582,-1.84265302116546,2.56979663313733,0.640797918311713,-0.366296214702839,-0.241739690678351,-0.211224134494248,0.235002947313157,-1.07887292611553,0.406134067793989,-0.311140104846838,0.450021234098332,-5.96744875736022e-16
"593",143.51,0.490709727955626,-1.54946246070769,2.0326151368465,0.368595724133909,0.144367471216734,-0.522171412185287,-0.730766033929323,0.183593589824741,-0.0602958642823173,0.125049245370219,-0.148819674454477,-0.258682242953946,6.02295990859147e-15
"594",143.71,-0.472647099521115,-0.358451469864955,1.61571901147464,0.138436924774338,-1.06696200468987,-1.43150640225385,-0.668860662249452,0.144924875676457,-0.5539949062179,0.045427731737177,0.0854024864719999,0.0110332407812763,-1.4432899320127e-15
"595",143.91,-0.857108738279604,0.717546136917895,1.44530589034171,0.326773313575084,-0.902417458679971,-1.28132636629109,0.193853467797212,-0.230955476908197,-1.13798384066123,-0.330184908635577,-0.267879336284016,-0.0744665290682869,-2.33424390927439e-14
"596",144.11,-1.44803390847302,-0.846281121761742,1.22707695651045,0.208467696130456,-0.819289302147109,-0.225771030159919,-0.700939484789473,0.414604207780616,-0.280874270146079,-0.0368148911554522,-0.124749294230438,-0.136697716619493,-7.74380559676047e-15
"597",144.31,-1.84147006728222,-1.64287487792582,0.875606056255074,0.258567048904004,-0.466297759678798,1.11243175760948,-1.31792547349757,0.802189080563878,-0.0834801653364601,0.194934195236425,-0.173113923898498,-0.131579880043595,2.1316282072803e-14
"598",144.51,-1.33828207659176,-0.309329508248975,1.55173555845432,0.103039286913515,-0.469582712425611,0.0597893493286203,-0.489305853524996,0.183478700690373,-0.763052544563574,-0.0198301367372409,0.124490211760853,-0.421580289938713,6.77236045021345e-15
"599",144.71,-0.795188255528706,-0.56548719851089,1.49451249678094,-0.148307867980409,-0.630192654955166,-0.744327265555457,-1.25519829162936,-0.169338873367187,-0.419618741487334,-0.0188168061296611,-0.0646986509327654,0.12838103154742,-3.19189119579733e-16
"600",144.91,-0.746453533560011,-1.81631818903584,1.26517100572679,0.635668945438057,-0.506525746199337,1.82549799726991,-0.829785934115045,0.48743425992827,-0.577185051596062,0.161809848154056,-0.208020654839054,0.001839438371539,1.21014309684142e-14
"601",145.11,0.234096975076152,-0.0638086444860176,1.38813248891736,-0.161353079283175,-1.56150973671861,-1.70444775337854,0.227084000185401,-0.286641543634584,-0.728023647870783,0.060325484649219,0.0733051101324876,-0.34259969833077,6.10622663543836e-15
"602",145.31,-0.244507273339473,-0.848774872590475,1.64102627516454,0.295735817747736,-0.864841624537252,-0.972145175481436,0.054599888106401,0.108440625241845,-0.482434876409355,0.0246465657740632,-0.17700560390403,-0.0821072036299809,5.16253706450698e-15
"603",145.51,-0.730117229116858,-0.18928112960472,1.87516217163992,-0.491807720173408,-0.956341109066126,-0.362446409802366,-0.564939651896135,-0.397972884416823,-0.457816383415829,0.243331871655621,-0.0536550331230196,0.0422198196828373,-2.15105711021124e-16
"604",145.71,-1.2493186883563,0.55435291846266,1.22660745658159,-0.237619901774725,-0.984874917337627,-0.743487123582744,-0.495558767931329,-0.406159201241987,-0.984192896301202,0.141131779451954,0.127142354169274,-0.173654822735862,2.13717932240343e-14
"605",145.91,-0.414950103566742,-0.0878976141858499,1.5003489025695,-0.232740408232116,0.0212185422059688,-1.13063118349642,-1.15016775266983,-0.531205028829264,-0.0342885657264391,0.317533365198875,0.199122157212074,-0.0891208147475741,-1.72084568816899e-15
"606",146.11,-0.691277817041501,-0.811731321216825,1.10787429949734,-0.178498306252474,-0.861764470367168,-0.542437320023325,-0.731429146104481,-0.131229314801504,-0.323860946266721,0.150586845764868,-0.167356030166149,0.465741606014961,-2.50702236748168e-14
"607",146.31,0.276774154533277,-1.98044756462876,0.502821026168609,0.851725912773799,0.120731752788506,-0.910044839618327,0.380130259997112,0.367665475012504,0.388283396608769,-0.152085694740202,-0.200362568314376,-0.394350151523663,1.31283872661925e-14
"608",146.51,0.204261808718874,0.460704009256079,-1.42625045366048,1.77760513822783,-0.262676305763747,-2.46629703242252,-0.976181557197135,-0.346445694676807,0.412152947953854,-0.0892097961340004,-0.0930069984363725,-0.187708263294005,-1.55431223447522e-14
"609",146.71,-0.813290085212902,0.554782765666575,0.745945132912963,1.10762716644317,-0.811900234076141,-0.368625681859678,0.128448484041772,0.819370517995,0.237963941084217,-0.279208975068412,0.0244410595691136,-0.200527742833297,6.46704911844154e-15
"610",146.91,-0.843805514162525,0.330978487699741,1.48791828400778,1.07713398203522,0.107740051083022,0.571939203222674,-0.715700180058053,0.377423616199706,0.0276605316124885,0.182042466479468,-0.0318454970685334,0.0270408534455789,8.57647286522933e-15
"611",147.11,-0.455293963748948,0.6224317866436,1.05072058226769,1.60674340352238,-0.175513328039721,-0.156169201327777,-0.090493604989288,0.373140150164129,-0.367052148589847,0.173853478515122,0.0887043869448502,-0.0707828262302161,-1.40408518145563e-14
"612",147.31,-0.462257457768684,-0.083041673320294,0.467903271777847,1.82232142321423,0.217168433908823,0.0857086545437848,-1.32649441336102,0.224983493875158,-0.452620573177977,0.412089058528271,-0.0752706564156109,0.120090382668807,1.38734509991245e-14
"613",147.51,0.00674065847786604,-0.637924350991968,1.23459472209293,1.19973262952917,0.264042839028367,-0.63209050942334,-0.468448228554638,0.239508554250732,-0.771853018623884,0.363336330078466,-0.483991448989929,0.114090104456178,-8.90953977261688e-15
"614",147.71,0.382337365810778,0.403652888421399,2.01244798870029,0.547434986657253,-0.43442998335166,-1.13386466919474,0.418338813363816,0.164884091036797,-0.921753636925462,-0.000928681734112299,-0.164951802701711,-0.291213621313882,1.04916075827077e-14
"615",147.91,-0.685086339444053,-0.846770001509955,1.52672670767764,0.906719345515035,-0.289196879304295,1.37948568962736,-1.09617330384749,1.09539041202468,-0.685945955367526,-0.187577904099813,-0.144265301064317,0.23307319274886,1.25455201782643e-14
"616",148.11,1.02811439166118,-0.16337458003587,2.99245850741541,0.902087005992234,-0.652883229865403,-0.334678675585561,0.310023529486079,1.12807552358012,-0.344030109894886,0.190629431530847,0.142640842128123,0.00739464438738249,3.70536934468646e-15
"617",148.31,1.20574252051522,-0.342195218998715,1.02102541232065,1.25084569491136,-0.511664214546331,-1.07118405543218,-0.349956599112519,0.268102229448371,-0.592339601913908,0.101490468084929,-0.0909135958267516,-0.246217211992198,-1.0547118733939e-15
"618",148.51,1.03932140747641,-0.105124070165354,1.57048416642111,1.53148763065028,0.449889946929333,-0.276654373785135,0.0362774807551678,0.277636043842342,-0.615998657302306,0.313857854311591,-0.059925897391044,-0.597644103925341,1.18516307878735e-14
"619",148.71,0.518610917910012,-0.874932081260762,1.59500822150435,1.08865295836184,0.747169748727499,0.617323582630757,-0.268275842652996,0.546605151413615,0.143481855793219,0.132898988151321,-0.259886016145885,-0.308242684542262,2.12052597703405e-14
"620",148.91,-1.04654676837021,0.39894094464012,1.94933197289512,0.0378837508915868,-0.156795735538638,0.334969975220682,-0.206326990752731,0.105502729159867,-0.734344009401346,-0.140834165744284,-0.394961088566277,-0.0401476741735895,2.66731081666194e-14
"621",149.11,-0.567199818676338,0.175466223634691,1.14059775510888,1.10261522962118,-0.665220024408876,-0.485837333891677,-0.377325119478189,0.164101957677312,-0.413497497101376,0.63653462711829,0.00140729752197189,-0.110487641991861,1.27675647831893e-15
"622",149.31,-0.684260846189556,0.327001898278759,1.18142061629756,0.914852311719261,0.0567950909670419,-0.877949253176591,-0.679324491514455,0.0233079847114402,0.131919967028875,0.197333309648888,0.0841876274936867,-0.832549653694898,-1.52655665885959e-14
"623",149.51,-1.61170715388015,-0.237736724569201,1.51879097430745,-0.00462988369559671,-0.506864375160513,-0.0965994325215089,-1.55831652840404,-0.266528826217653,0.0964593785148569,0.124809502425106,-0.315243175839769,0.0674086023416809,5.23192600354605e-15
"624",149.71,-0.150420299760372,-0.63839299743995,1.81095479465799,0.438420312701028,-0.236853480732295,-0.435193443059124,0.000682960639673262,0.0489981220446949,0.796984836069375,0.21339585068772,0.0626591923869686,-0.45992387837526,-7.27196081129478e-15
"625",149.91,-1.05595429117939,0.601271981997133,1.10012837228285,0.288926524163764,-1.11048407199908,-0.952803598761768,-1.02636766462926,-0.304972926664262,0.147118955382018,0.0266140202948663,0.129692731551258,-0.174564201957791,-1.8623991238087e-14
"626",150.11,0.462231253572768,-0.584085354499897,1.0133468681249,1.05196993342931,-0.0570657451172741,-0.991033437176395,-0.743245382884884,-0.201516262694841,1.11067647021721,0.394290168567428,0.0284552030320315,-0.343846840007651,6.66133814775094e-15
"627",150.31,-0.0742676014441433,-0.469298651495052,1.80077631921433,0.955705796682749,-0.471882047946007,-0.420156233973151,-0.068699910567076,0.246108260754284,0.594845224936493,0.508930061719053,-0.246301108401146,0.011410237245796,2.41751063612128e-14
"628",150.51,-0.506230338437079,-0.803045143557394,1.00711576497415,0.579733849157598,-1.31379012225517,0.186308397426506,-0.0394377731366827,0.197286960332532,0.605703475910557,-0.137556856046618,-0.372244389341554,-0.0458984900042161,1.5709655798446e-14
"629",150.71,-0.738460487673532,-0.38302578677949,0.193812661956788,1.10824811778193,-1.32089331548558,-0.779634463485099,-0.651971112334607,-0.383066449147936,-0.187425223015825,-0.26615395001336,-0.305469136912482,0.122777195204529,8.05605582243629e-15
"630",150.91,-0.398354332196958,-0.603716837933356,-0.118238661017962,0.9330518171035,-0.942124284741891,-1.1524805450744,-1.15599272716793,-0.583716021963378,0.358989221268169,0.0640889366256218,-0.289001057934909,0.0415119196860518,-1.44884104713583e-14
"631",151.11,-0.305315550445825,-0.158185471742604,0.931540844536946,1.33771021005823,-0.568174300619718,-0.542208056169237,0.263170550750063,-0.130728350311771,0.325887828896315,0.0912414843435178,-0.25886015416683,-0.446478093644097,-1.29479760246909e-14
"632",151.31,-0.942627013135786,0.204174903019599,0.566559154325838,1.02325364146313,-1.44681347997596,-0.630252253926591,0.155456609166233,-0.103398523397927,-0.28430225128728,0.24151027827904,-0.121886455901932,-0.0117663813412123,5.96744875736022e-15
"633",151.51,-1.47719742741734,-0.0356743886760085,-0.107214391906024,0.394261847844727,-0.72169047581438,-0.659999216903597,-1.24224778879812,-0.170979890009032,0.287095753178984,0.234396520006285,-0.311444775431063,0.00899536555316698,2.12815876032835e-14
"634",151.71,-0.800277263976556,0.304556842343638,0.620049005086139,1.00693165103174,-0.474049174054212,-0.815703773541516,0.108949054259295,0.0120857121955838,-0.0193207085819086,0.369099476988939,-0.450361743811389,0.0480342285280024,7.11930514540882e-15
"635",151.91,-1.05369206044988,-0.0458349203705396,0.4836373296531,1.00351718038536,-0.135698887334846,-0.443856875791744,-0.786307435776566,-0.0678334115270934,0.319660726046552,0.375567375822718,-0.34167149306398,-0.0244272471451731,2.16077156167671e-14
"636",152.11,-1.39236084704884,-0.224882926422734,0.641881031940205,1.33559432469923,0.0627026959963021,-0.0911903130615721,-0.51932558970099,0.0921992621165754,0.280652730142423,0.105486012068317,-0.439719131860662,0.0858453805010133,-1.91791027503996e-14
"637",152.31,-1.74308937985237,0.529994405211823,1.29990796257716,1.14399571413731,-0.436572285536659,-0.207971163728667,-0.209863190318309,0.00228204857928468,-0.24335042154882,0.449134891564352,-0.275467170379077,0.37936915251743,-1.19626530903361e-14
"638",152.51,-1.59974146348431,0.411220705484995,0.410652189463706,1.48985211524119,-0.70092842563413,-0.777841693771243,0.0296893810161483,-0.112944237491028,-0.686083419472935,0.47263396267395,-0.131291017491576,0.182112538011875,-1.81868409221408e-14
"639",152.71,-0.643770897337925,0.572130385753078,1.13326372138607,1.02436979710256,-0.0233697450728739,-0.937535530856826,0.143754465769434,-0.49539797074922,0.214909078841641,0.422825396817764,-0.229808725225344,-0.0343235842555402,2.40918396343659e-14
"640",152.91,-0.655321661009324,0.088707647054676,0.864233369684869,1.48851605756706,0.136862199713939,0.853503274292136,0.997345419211157,-0.258523025296161,-0.173934575828482,0.247566631603871,-0.423900315221831,-0.163470169955065,-3.38618022510673e-15
"641",153.11,-0.87069579458636,0.292148019474438,0.799161286637519,0.562681093894989,-0.237029523140063,0.414214962260263,-0.199298572174116,-0.520397961868028,0.558149793816818,0.0762496109144152,-0.0668468670399745,-0.0334607033729099,-1.24067423001861e-14
"642",153.31,-0.251301015924208,0.704664098542069,0.0531980182130602,0.381279910874658,-0.39810136570955,-0.0837703558110094,-0.57073686411715,-1.25615760741975,0.694773380588566,0.260998323451049,0.201146451072966,-0.199212029082023,2.4980018054066e-15
"643",153.51,-1.91832768562832,0.187219732878448,0.749584770353951,-0.0374959244107862,-0.883153361110761,1.28359908548318,0.40745001119924,-0.460508412902894,-0.37890315291525,0.0158180192268804,-0.238186130889927,-0.00615978968536786,-1.16573417585641e-14
"644",153.71,-1.59004443271959,0.23794523063738,0.0413862395273468,0.444687277341931,0.822557394160908,0.448503155475458,-0.591280510993395,-0.415370754588894,0.762777223694943,0.0588832825479272,-0.0766492208299452,-0.385555625064135,-9.47852907273727e-15
"645",153.91,-1.96892641731364,-0.0398030037859345,-0.241059786809597,1.36162862929511,0.807974942582358,0.0502817477020045,-0.09482112065709,0.353847164144571,0.0868069172100721,0.200516517210156,-0.152813871253042,-0.106272279384421,-2.13717932240343e-14
"646",154.11,-1.80138013870076,0.849121280267295,0.207842959779777,0.493113130876479,-0.376454448900979,-0.661880740250093,-0.0221800834237814,-0.229478612615186,-0.0265487051882146,0.0963666285358885,-0.00897347713786761,-0.141691000830032,-2.32903973884646e-14
"647",154.31,-1.8954864473695,-0.131196452902454,1.42616613157602,-0.294585238912852,-0.272135448345397,0.222264705567834,-0.267313777174904,-0.0903225301167765,0.377977033458051,-0.175354869828253,-0.132303704548691,-0.143794834396064,7.43849426498855e-15
"648",154.51,-0.713669622910447,0.239828975191518,1.41973758967037,0.75907842925402,0.0381283498605446,0.237325156503222,0.37496443386427,-0.329796135692385,0.228121163599842,0.242539959282738,0.0677629045726152,-0.403784015903703,-1.00128239033381e-14
"649",154.71,-1.23148850986564,-0.0611195712092961,1.12899752026608,0.0815112778213253,-0.358600936536001,0.846183709662853,0.380231569138902,-0.226922582473782,0.36737936720278,0.0618436755835568,-0.269823803936312,-0.128855046958883,-2.60902410786912e-15
"650",154.91,-1.04883153162982,0.640564532662361,0.173488698516826,0.815065571868865,-0.308621981428422,-0.258297377557827,0.242602948723423,-0.472274091280831,0.3687291005103,0.178087549606796,-0.148072249785387,-0.261823661286655,-3.0739299994309e-14
"651",155.11,-1.01563917654387,0.102567977578284,0.10843838330255,1.64840144697306,-0.227377969001387,0.238002954101513,0.177590326362573,-0.0650219442996168,0.52533777776675,0.486620491470054,0.0441579348617957,-0.042123737097093,1.38777878078145e-16
"652",155.31,-2.33055022230154,0.602514888242432,0.372926713966958,0.763369292868515,-1.10819018519708,0.760745628626941,-0.14088173012893,-0.1633280066256,-0.078443799914475,-0.0281219434065626,0.00131849645323018,0.16158133060779,-2.14828155264968e-14
"653",155.51,-1.52580021170828,0.291494731779305,0.0295221104215307,1.14608890683747,-0.582628881849821,0.282608116246635,-0.563064452272262,-0.199416254198109,0.255504221621951,0.355004105452406,0.289803788468016,0.165220282503337,1.7430501486615e-14
"654",155.71,-2.19768590204058,0.194122805379999,1.05795780550407,0.1658101679008,-1.30948090882141,0.64758020991288,0.365181056909067,0.337698690129552,0.210439642918793,-0.217448207559791,0.26742952949306,0.154584120145289,-1.77635683940025e-15
"655",155.91,-0.904463097864175,0.00849910732361792,0.190047124808553,1.62937724728299,-0.288063942429534,-0.408292155268246,0.740723390402197,-0.012139352303351,0.15096434252107,0.156846091463494,0.0462296968019334,-0.0710425151124903,1.06416611633797e-14
"656",156.11,-2.03071864354684,0.133421280528702,0.402694902571594,0.294209304757805,-1.00344253044353,0.249603700000764,0.0727081094380079,-0.114033688073971,0.105017353284785,0.210436186908421,-0.191683221322604,-0.0262389961893941,-1.48214773787458e-14
"657",156.31,-2.03376624900964,0.0817614148734215,-0.488366504687794,1.39939843993829,-0.369215677016323,-0.349331145747164,-0.804826725742947,0.0213412555961417,0.346042402727334,0.153900677365624,0.0221900424814144,-0.130365710660292,7.06379399417756e-15
"658",156.51,-2.75972071542623,0.859764981441974,0.694699590189008,1.35870378502744,-0.832321886359821,0.153096275983539,-0.080002981918746,0.506668746445937,-0.347947521953386,0.246709345986731,-0.209174986903796,0.308769852842574,1.4432899320127e-15
"659",156.71,-2.28634866153049,2.40986123746558,0.905967295514607,0.622297401688966,-1.05585550528401,-1.37485268534883,0.454608381267367,-0.444558316549906,-0.504561322242449,-0.0355097422173457,-0.165933551821705,0.0976897637528188,3.66373598126302e-15
"660",156.91,-2.74161537376936,1.44799571023253,0.179626003117151,1.43909568347623,-1.01036136112169,0.377177059877015,-0.422493100329708,0.412638968628947,-0.157592566757062,0.277006787548671,0.247580542851261,-0.0430153992711651,1.68198788230711e-14
"661",157.11,-2.58372424230527,2.19273797402623,0.422997842907721,0.878408598237016,-0.321168803164577,0.418734773148274,-0.386002503487631,-0.411569683148553,-0.153498526831776,-0.423169532661222,-0.0587332792641375,-0.191064933778929,8.27116153345742e-15
"662",157.31,-2.04727996342358,1.20738991597435,0.0316325962485221,1.17502432270841,-0.173777874007704,-0.606881731384303,-0.696550152080789,-0.254993836000494,0.566542852749447,-0.213689874173939,-0.0192034286969227,-0.0177733656018834,-1.90819582357449e-15
"663",157.51,-2.12966660715045,0.405153086634998,0.418161550057168,0.590457425320847,-0.652316527346107,-0.565811591228703,-0.969649603808108,0.407175494130277,1.09119903781017,-0.0887324950549534,-0.0244154047551468,0.0261232956927125,-2.12330153459561e-14
"664",157.71,-1.77518578542482,0.566737297596403,0.0810988286272248,2.00464512896933,-0.421914606909883,-0.432117244623678,0.292746015094211,0.95719116005,-0.0441781049742962,0.040488576077221,-0.0152805185146455,-0.297158872725528,-2.17881268582687e-14
"665",157.91,-2.09818205328462,0.0465205824210632,-0.256207672052541,1.59846596067749,-0.632617729024248,0.102348038431402,-0.82682437849586,0.655178053754113,-0.136795499103312,0.0888199790032563,-0.179246873853034,0.251428758636525,-2.692290834716e-14
"666",158.11,-1.49528785379411,-0.40681521210475,0.316793837037519,0.289854107938236,-0.562232016199778,-0.189530647003995,0.0576106068014581,0.324628519522326,-0.242071761691625,0.0260461154884253,-0.299537740893161,0.291715662966871,-1.25455201782643e-14
"667",158.31,-0.701496931227839,-0.180800068466732,-0.511963579753803,1.25007165002963,0.361764477398896,-0.256595090259064,0.21126345155086,0.199535542691063,-0.442676187069574,0.505340551275505,0.00133420622906773,0.128767851704956,1.48246080125189e-14
"668",158.51,-1.78112092662486,-0.104171668191215,0.170717895935737,0.840981467469548,-0.0114298209577968,0.347091565919137,0.30609458040862,0.778253902893378,-0.234514947184853,0.014554216594891,0.169914995627145,-0.18492236848044,-5.88418203051333e-15
"669",158.71,-1.65078439883638,-0.280752656587348,0.975527804837776,0.679074059752674,0.606565701977652,0.162836660576896,-0.894641363978531,0.681435671913948,0.0863286625567573,0.630191671654618,-0.0598852566228801,0.375790227911553,1.30451205393456e-14
"670",158.91,-0.882613851525652,1.12790670859306,0.852666272998121,0.954597604113603,0.85123710672696,-1.10361201835305,-0.761261091695128,0.227025254978977,0.259931738267631,0.666590345436479,0.23587340671372,0.0667263225170972,-2.50355292052973e-14
"671",159.11,-1.21527755014272,1.26183292860922,1.12120220668289,0.366535678533554,0.908462370693726,-0.355309509489975,-0.0577285100311911,0.0105519463776201,-0.477134137496803,0.34952959309925,-0.355104454170213,0.250015758881185,1.38083988687754e-14
"672",159.31,-1.91495925640797,0.949758313667622,0.024768199149096,1.29682342127473,0.276648016267134,-0.402648626893726,-0.81746454380317,1.06143710224219,-0.232320585587213,0.518297119590897,0.32225673961638,0.0908705173658292,1.1296519275561e-14
"673",159.51,-1.69176691247469,2.01423767312768,1.08196182909661,0.469077276151198,0.0475281413338852,-0.676825180434184,-0.531194790168137,0.605538938914197,-0.0812960495640687,0.158636387371568,0.369680717470799,0.157255992251155,2.67841304690819e-15
"674",159.71,-1.87741927259706,0.939626436667171,1.14497237271319,0.697898570854798,-0.227720446931557,-0.191845098003006,-0.938115933999051,0.838235712974868,-0.518429176133535,-0.206815585225797,0.399750146818734,0.139542224204868,6.00908212078366e-15
"675",159.91,-0.48379484061573,0.297872647304044,2.32226071786129,1.0222301590551,1.37080791460953,0.206110154707393,-0.874013652784131,0.506874022466015,-0.324235561133754,-0.186430829656569,-0.0335376871519191,0.0508151477272165,-1.20736753927986e-15
"676",160.11,0.424856192581223,0.265439660351513,2.90153953695309,1.06435810300835,0.144221609497381,-0.249789322007952,0.666012999590565,0.861919017476523,-0.278413698521418,-0.174263590440668,0.293823993415567,-0.281391216785671,6.88338275267597e-15
"677",160.31,0.529278509448434,-0.129720970172972,2.91130994636538,0.395405924672883,-0.0169145735849069,-0.536645585577746,-0.514794895893744,0.694034544924526,0.943331611913353,-0.236240898289061,-0.0340110662085847,0.451604520920543,1.62647673107585e-14
"678",160.51,0.49798383317273,1.11120699652176,2.08724684290857,0.775131760513231,0.0563726213317456,-0.640579643129531,-0.747150958457352,-0.0129671392068454,1.22414587872517,-0.866811818655777,-0.00288165200220164,-0.325254695055513,-1.44884104713583e-14
"679",160.71,-0.946577966274772,0.68190540872238,2.4454672401366,0.748465036419303,-1.08435473288169,0.251187805011056,-0.0877990158999385,0.767781841080179,0.290480809388739,-0.283562533476823,-0.461437509625437,0.234015774597874,2.32314167902814e-14
"680",160.91,-1.85304564871231,1.06390152509242,0.779873851423706,0.82723527100379,-0.879135831353995,-0.815392813101575,-1.01404505516145,0.29831509561907,0.262559258294313,-0.539255948483001,-0.441357108712174,0.0438541440551094,-1.02209907204553e-14
"681",161.11,-2.32925580319952,0.918318711191998,0.598455687720957,1.56437609765822,-0.345048723755574,-0.873073773820423,-0.729354503222288,0.962845434250717,0.578848239438249,-0.285633728903506,-0.0444942523373966,-0.345776154497864,-7.23379689482329e-15
"682",161.31,-3.53251916699573,1.75218190465957,1.80487144040335,0.185535210090753,-1.59611552094171,-0.819221876369199,0.487403124135504,0.976767759542037,-0.227362737645332,-0.244123273273504,-0.112496595354149,0.100117163997648,-1.88182802673964e-14
"683",161.51,-3.98777164647485,1.9718977147985,1.34507906740236,0.386648521847588,-0.696258238318144,-0.274271372699191,-0.544825179535612,1.14092819931128,0.413817277165991,-0.212022960745547,0.222965469572499,-0.24077431218025,-1.2267964422108e-14
"684",161.71,-2.8589403193737,0.991208147003129,0.285226005649754,1.5384463275437,0.570205801583863,-1.24944681547795,-0.982713002993661,0.746095797688053,0.395561805351261,0.360457036671171,0.0937191915714378,-0.0195297340681829,2.63955524104631e-14
"685",161.91,-3.12226915816992,1.50710474373813,1.27365427838288,0.777003370032781,-0.345590114442038,-0.170638190852877,-0.528858572305129,0.412228808771062,0.358496036308474,-0.000677997169643466,-0.1691568823935,0.0309375689278203,-1.79578574233119e-14
"686",162.11,-3.09603458722127,1.06799434746718,1.13975753350447,0.67190450275746,-0.859736245975857,0.631411385339512,-0.570722450043917,0.285263809269133,0.501772014675544,-0.168287412365927,-0.366307200795005,0.0555607070133978,1.4210854715202e-14
"687",162.31,-3.07331964464496,1.32528980238816,1.59007471034001,1.26989474335445,-0.544714923627609,0.0656116664010107,-0.797028531257647,0.492934334076403,0.625935871005388,-0.0969418217518281,-0.215158818941588,0.00518532446137334,-1.55708779203678e-14
"688",162.51,-2.88479844390511,1.27245023520744,2.09181201725915,0.514784491597333,-0.513492756337274,0.00543999805220396,-0.268691963445305,0.212903398474808,0.199418692001162,0.152403862029933,-0.574277695598241,0.499460611230095,-1.22124532708767e-15
"689",162.71,-2.88143706844375,1.47033590664631,1.66973291652501,0.606952848586003,0.195401966531015,-0.0917642117423849,-0.753712564264905,-0.0538768812509876,0.531366031423855,-0.0730946471278131,-0.178047591072234,-0.213016668517058,1.50018886202474e-14
"690",162.91,-2.99184118033599,1.09888388167911,1.65890656695503,0.695673094775357,-0.726206314966694,0.855232037658004,-0.0872087259223891,0.434985642519941,0.126948818340593,0.263464472861986,0.0410309683616362,-0.012890325621435,-1.97064586870965e-14
"691",163.11,-1.57239794479928,0.337070253888083,-0.0187204993692849,1.27897011291702,0.00570222165511064,-1.08591895738293,-0.441664747010809,-0.353715811152874,0.47771362970083,-0.055129450762197,-0.164602511938386,-0.0226293070354469,-1.05748743095546e-14
"692",163.31,-2.40347462379054,0.429568689406291,0.0865461222457577,1.40809667206248,-0.338803575614409,0.233302995982009,-0.542992114601527,0.235295099811763,0.201994680411184,0.210330912225875,-0.150728888580349,0.19330229064235,-2.02615701994091e-14
"693",163.51,-2.17550301571828,1.23383254502088,1.45484730191828,0.134185257127073,-1.80488825382254,-0.546464003248492,1.04504265370142,0.261136278010524,0.464491980447991,0.09365497355431,0.076902685013285,-0.101523879883757,-3.49720252756924e-15
"694",163.71,-3.35747672690024,1.71387128082291,0.755316847408245,0.351073002181981,-0.80127354254619,0.484568800499138,-0.808433056625115,-0.394198943911188,0.61252320467606,-0.414172971664651,-0.339590448591419,-0.0609326205944166,-1.16018306073329e-14
"695",163.91,-3.2737481383045,1.36215710985217,0.929698798310713,1.09374852262611,-0.738649110719528,-0.286541552670286,-0.717591579615852,0.272417999061334,0.641414891280348,0.0385175088833134,-0.215846955996598,0.0977824983760937,-4.46864767411626e-15
"696",164.11,-3.57160433885129,0.632091751949777,0.227860337799375,1.31419890599545,-1.10741710275472,0.943199653872835,-0.760371784324435,0.577879994643231,0.838421811240314,-0.244654349904827,-0.489914995156555,-0.0424703777263556,-1.0769163338864e-14
"697",164.31,-2.59262067796951,0.681711257414674,1.03538127464766,1.51845274866982,-0.335686014033725,-0.143341917726372,-0.548176701517866,0.228050217192066,0.905491958189322,0.0591695809199799,-0.359623784757977,-0.188337953000002,2.1094237467878e-14
"698",164.51,-2.31148178663398,0.800403275771776,1.00220354374215,1.73220417913266,-0.346583420145756,-0.389893597754599,-0.445635276916439,0.217442166138724,0.585933263725098,0.6012972190422,-0.146702230563096,0.032836223613298,1.94705362943637e-14
"699",164.71,-1.96755382942807,0.836981137199709,1.36082731369716,0.0370623511438816,-0.245070816430933,0.426720703534452,0.0427676248168357,-0.370221453275615,0.646637306631491,0.390529351739091,-0.395963879357141,0.191592710045171,9.99200722162641e-16
"700",164.91,-1.45128390235052,0.451257830890799,0.777957536443509,0.506639128417132,0.217274677019198,0.121852768708274,-0.236990494397706,-0.633557651842298,0.489225829504529,0.471784851846597,-0.041448186772106,0.0457689283386651,2.63677968348475e-15
"701",165.11,-2.46720854758315,0.562533760663498,0.646889606236534,-0.0591931703135835,-0.70102566857502,0.0987790099553747,-0.44434543660847,-0.496173062633922,0.0467829220266781,-0.312997906456819,0.152359361729547,-0.369482789786605,1.65145674912992e-14
"702",165.31,-2.16038287430954,1.30349859106106,1.7062684913647,-0.663195931629853,-0.27804722371354,-1.41595534692071,-0.10133304269965,-0.755739259246735,0.0881765541559343,-0.336027245872685,0.196522665613316,-0.650076625249675,-7.32747196252603e-15
"703",165.51,-3.15627107057251,0.0208513664465169,1.59891006914298,0.69978133037146,0.15348927256999,1.1047241769654,0.460654421569978,0.97043029133676,0.0719538869652614,0.115543150175638,-0.016296837486431,-0.54105602271172,2.55351295663786e-14
"704",165.71,-3.01144335196319,1.25065609998967,1.62573171636465,0.663717990072966,0.0583088463049626,-0.485592767951714,0.606777837826547,0.264395417555103,-0.165810770131227,0.193361141497135,0.00658027129077448,-0.421440141046075,-2.53963516883005e-15
"705",165.91,-3.63437762006881,1.9469006226956,2.05065421188996,-0.221467288993604,-0.660384527225368,-0.929825254344291,0.0587464324190784,0.101686449730494,0.103981478307602,-0.347081405504665,0.132501062838613,-0.291265213860176,2.56877852322646e-14
"706",166.11,-2.69398416847618,1.01025172187563,1.26990551941152,0.895927870414398,0.584261977175514,0.239113532683715,-0.773263914376695,-0.355309846509261,0.226865888845252,-0.0264108114488558,-0.299125016775527,0.117017741755909,2.58404408981505e-14
"707",166.31,-3.36343501691623,0.690462094479057,0.725796225542886,0.851637944640765,-0.26328891169396,0.39597601363762,-0.680981696201844,0.0319873080827028,-0.253901463373404,-0.39845517395327,-0.0830581742473429,-0.220789165283829,1.35447209004269e-14
"708",166.51,-2.88198049685816,0.973691656197214,0.73071920167051,0.737349643819572,0.295433725121005,-0.589124425445473,-1.43482100644999,-0.743328259029262,-0.2414957568334,-0.301316269935026,-0.0779327179394354,0.0417929211458446,-1.73749903353837e-14
"709",166.71,-3.54388686590097,-0.0580888594462518,2.13081320230131,0.0801932087871578,0.13730713254962,1.1218079027101,-0.527280555554677,0.376354067104078,0.15944016816623,-0.431731692009135,0.0524039901642914,-0.444117957201449,2.76445533131664e-14
"710",166.91,-2.92530994215424,-0.149133854082883,1.68058236285183,-0.334834867787541,-0.0198757770869955,-0.520720829892543,-0.7953359767053,-0.142956322307725,0.36224840563618,-0.335265071120505,-0.0912282589977762,-0.0904230337087359,1.38777878078145e-14
"711",167.11,-2.77386379073811,0.485085949421255,0.84506369351675,1.33372193740149,-0.211256132506847,-0.550258573098618,0.0660325317255098,0.0623793272531195,-0.704307480561705,-0.104382521432409,0.00959313061740251,-0.172614871334699,2.22322160681188e-14
"712",167.31,-2.98112814192788,0.690762611558661,1.29833629592857,0.891365632319095,0.433555035920827,-0.51594957876682,-0.827964745808757,-0.0173327041846501,0.309822824048544,-0.246907200060434,0.05711689726828,-0.102150477852249,1.18065279774981e-14
"713",167.51,-2.62454649784523,0.749521200784029,2.04494923505476,0.154379109342647,0.263816458396413,-0.654273351261231,0.135319770814728,0.060741139249599,0.677556113296364,-0.235190394770723,0.362380197520192,-0.508655509731297,1.92658389241984e-14
"714",167.71,-3.50592872713596,-1.01266168526328,1.36617459013003,0.229545652065451,0.830352257704344,0.564649954020447,-0.967763111807305,0.606364343343344,0.881384123003966,-0.119327926076388,0.100882402436071,-0.0720849982311455,4.44089209850063e-16
"715",167.91,-1.79068349400399,-0.720581972785449,0.78205576727301,1.23218303995168,1.15429659762448,-0.602585060177799,0.0513640813778251,-0.0540303912062467,0.263013615751688,0.652910881749408,-0.0602328594195642,0.177764113914665,-4.34374758384592e-15
"716",168.11,-3.85497419300803,0.520912575646101,1.26838207703567,-0.101685755392293,0.0195542027889747,0.116538936723564,0.00956331042152909,0.473186222735241,0.257885779208565,-0.326397487864131,0.31386034168394,-0.257281330024059,-1.77080572427712e-14
"717",168.31,-2.29947356417838,0.535137432745264,1.48163380703399,0.55936445378124,0.944796653093116,-0.0573119282595747,-0.0269689263046342,-0.0166741000618067,0.723501637274382,0.332173438829469,0.0521095513702262,0.104994222590293,-2.61318744421146e-14
"718",168.51,-2.82073316950745,1.35518499878304,1.26737349100433,-0.246815184746565,-0.142806635521656,-0.201916509476009,-0.174219431045058,-0.203588950913923,0.576839686529937,0.0887317578647512,0.236409150105632,-0.0674799348828122,2.98233659989933e-14
"719",168.71,-3.28270480982576,1.85085092072421,0.715744376110921,-0.117414371879295,-0.187132284080009,-0.563644388006861,-0.644158026043971,-0.366854443156428,0.228296469086337,-0.138384951859185,0.269932536653918,-0.0378413262269585,-2.41473507855972e-15
"720",168.91,-3.32469124815483,1.11490063637123,1.25340758846757,0.0413961701744736,0.0262982150735797,1.55021854506696,0.157399596690663,-0.00516769871579681,0.328966516134242,-0.306846619719521,0.0713593308170118,-0.202558198112504,-2.67563748934663e-14
"721",169.11,-3.06460033816538,0.230460621569226,0.161171449133011,1.18674541294466,0.17441347882788,2.03693321157802,0.050611672700464,0.418500775901913,0.310521489833912,-0.0377477887565389,0.0405463741861024,-0.0152696958869125,-1.66533453693773e-14
"722",169.31,-2.44332323470774,2.033261849469,1.36886993339383,-0.356537704878975,-0.530302525660914,0.316139062960654,0.240348432348652,-0.616933732308897,0.174257783738376,-0.258550740113019,-0.0206754969789414,0.28682702868679,-2.15938378289593e-14
"723",169.51,-2.39017868391403,1.04114102350283,0.659376288640008,0.0978530242132957,0.61591873325001,0.422234220684809,-1.10083380440222,-0.760180346349026,0.596608527760218,-0.475119900752097,-0.0234368723392627,-0.0412690471699155,9.24260668000443e-15
"724",169.71,-1.85533718807933,0.630184336100249,1.38147902123351,0.705888894901172,0.152291859256186,0.0777104537477142,-0.359156543417382,-0.215300862081865,0.33885039701152,0.250553347075135,0.0706171491528809,-0.0911065477473063,1.05887520973624e-14
"725",169.91,-1.45095197521615,1.14267159400639,1.70007106422739,0.716737584294953,-0.251805677612419,-1.20262159387137,1.45729820970043,-0.560107647630218,-0.834395036613694,0.171009560041711,-0.345075051610602,-0.0999838398693425,-1.28785870856518e-14
"726",170.11,-3.23887872607674,1.02462746952215,2.56786697313756,-0.853547661738136,-1.63925887421428,-0.0260735746166862,0.54489331653987,0.364633218239696,-0.203071743097198,0.0283776514449922,0.275008765490847,0.131530800960451,4.21884749357559e-15
"727",170.31,-2.33536890603859,1.45625463614006,1.89292292528246,0.715640109823771,-0.59461995615617,-0.487174269199832,0.577746963717599,0.0262801713933409,-0.40740673950429,0.131770927383461,0.274877483792647,0.0547959934702164,7.41767758327683e-15
"728",170.51,-2.26363052145311,-0.156825058291016,0.902102169855991,1.05491786852676,0.929149018691643,0.0222257872880132,-1.0279740769141,-0.226725392949787,0.358200005882361,-0.159297135641538,-0.0277099596270735,0.0059939927192815,1.61259894326804e-14
"729",170.71,-2.15103583056728,0.906575557502757,0.949848786548103,1.33900633620264,-0.0274136602453591,-0.928820986490226,-0.273689644111029,0.00914039673874342,0.158148097253206,-0.0047959971557089,0.257985642875691,-0.275001051934237,2.0497492592142e-14
"730",170.91,-2.3383026077533,0.748879404760961,2.03978199821603,0.846479641662207,0.242679669641386,0.612291870186816,-0.115252653850646,-0.0999733744743168,0.0358263322056781,-0.177073674869676,-0.349274172361811,-0.0356221124184606,9.2148511043888e-15
"731",171.11,-2.43318714897472,0.500521884636085,1.17639194596535,1.65457682264466,-0.328709029183981,0.742566084248179,-0.799387515079673,0.252603096588858,0.0222578271362327,0.187037078665409,-0.0312426508174224,0.105222423424656,-1.73749903353837e-14
"732",171.31,-3.17869661218354,0.774816917031678,0.993431989283145,0.958330532546968,-0.454123057000782,1.00245434754661,-0.258405159276897,0.160513627691358,-0.625330809205537,-0.791576386078136,-0.210129254211687,-0.282846400533425,1.12132525487141e-14
"733",171.51,-1.33953819869505,0.272498936095735,2.0431296467973,0.941664757875438,0.491056407078482,0.200998033530563,0.151310386504989,-0.146741480253799,-0.00605779916609783,-0.318338419576713,-0.225136677405932,-0.261574931097803,2.69645417105835e-14
"734",171.71,-1.39842547189836,1.02968361337183,2.51386955147703,-0.0195374675716272,0.10233419223452,-1.12824099647478,-0.444700547041823,-0.319847666672812,0.31936707247683,-0.395564913908962,0.211910334848637,-0.258042633984132,1.07136521876328e-14
"735",171.91,-1.50793288649703,-0.107022937427234,2.23058723378415,0.608165911753853,0.122422233893486,-0.424658586368635,-0.921653960346213,-0.00433014383354118,0.466014806978947,-0.221919867895576,0.078038039775919,0.302671579886733,4.7045700668491e-15
"736",172.11,-1.37836367476326,0.739740929819611,2.54684657103475,0.66385822514701,-0.244337182729051,-0.256659857660332,-0.0982801354198139,0.177430624211491,0.123300653037981,-0.261545809859355,0.212293690336131,0.0628004483075179,2.48872103481013e-14
"737",172.31,-0.962924535136398,-0.484224827982383,2.05058635425927,0.665210518008041,-0.6175179636604,0.472510072000539,0.732528085774919,1.04297466214512,0.295041383552366,-0.147398878388124,-0.0418506395442849,0.172829625929275,-7.88258347483861e-15
"738",172.51,-1.22957108505309,0.640004777397151,2.95320054739607,-0.562194066009175,-1.07399340363955,-0.334813511494926,0.60734769197775,0.630639299532744,0.217080703941066,-0.00902943022064251,0.141380156625572,0.126721199753623,1.23512311489549e-14
"739",172.71,-0.36319098123132,-0.384149863783944,0.834703667573612,1.18020827877594,0.423678776721794,-1.5669096071947,0.0507982902106262,0.36039363951484,0.327300424948213,-0.109417965247024,0.239950152533052,0.00389887041321301,-9.65894031423886e-15
"740",172.91,-1.39697827650206,-0.122111862865853,0.885579849331543,0.863440026764879,0.139309901708293,-0.473884505569233,-0.348137392453785,0.475687309266899,0.0590315165450003,-0.12764545592575,0.103177979046806,0.214986186465294,2.35386796859638e-14
"741",173.11,-0.957892233396538,-1.18066371698982,1.47646896187157,0.89869171091861,0.466867521398269,-0.683376104881608,-0.240098682078195,0.727855958725994,0.754186474774725,-0.0238443294671694,-0.0259960781598619,0.0744731432711013,-2.09277040141842e-14
"742",173.31,-1.66775324879913,-0.515152342758204,0.996225919633765,0.955359335596684,-0.214984242421243,-0.509846361936463,0.147691378843054,0.511966615742868,-0.326565055103274,-0.296963065582366,-0.243331456979483,-0.0960491666971503,-3.49720252756924e-15
"743",173.51,-2.56051093925894,-0.023771305591558,1.73712834952735,0.473159802273204,-0.651520184302756,0.237083921826537,-0.682969493674222,0.997232764672953,0.382234663812955,-0.141209548416476,0.00308760403632142,-0.201236527267082,1.11022302462516e-16
"744",173.71,-1.92974636022993,0.457744109107716,1.55180819782064,0.879212860525003,-0.0855701435118716,-0.567579836343919,-0.921771996375682,0.250577199424719,0.509950053578111,-0.0409358934268747,0.0172838067555799,-0.325747774971845,2.5653090762745e-14
"745",173.91,-2.06655377670541,0.156532523678719,1.7477266700772,1.31562908771261,0.363758838814612,-0.121645747728829,-1.1377509594477,0.501488323301455,0.409208270099086,0.191031019985501,-0.050818807615335,-0.0362156840875319,-2.58543186859583e-14
"746",174.11,-1.99032518874893,1.19822909256245,1.66765027015643,1.27077406924137,0.240823181344081,0.286515365760566,-0.833730926819597,0.0784884927833913,0.330845167789012,0.0328062214211933,-0.119489816134132,0.189645857066776,3.2612801348364e-15
"747",174.31,-2.23384992695586,1.1407718636151,1.37345323643954,1.43610662503829,0.283578205171708,-0.179081521467348,-0.37695484184277,0.222499378616351,0.333639882248215,-0.524626659834402,0.100890100361717,-0.164201142268995,1.92623694772465e-14
"748",174.51,-1.36565426033784,-0.149801870009005,1.45659700289496,1.87344290704116,0.451146254125252,1.60289856376775,0.44298280254323,0.403001662781216,-0.134214152912314,0.0607337751357976,-0.193526963783638,0.0152547815692311,1.9151347174784e-14
"749",174.71,0.0781451852688653,-0.29875403669202,1.82255568679338,0.339987781805928,-0.130860574150859,0.458775252439432,1.00423573022061,-0.235815499833857,0.745906683200555,0.0525065980091294,-0.0243237009118648,-0.260862001752369,8.82627304576999e-15
"750",174.91,-1.23006643775907,-0.826695934321872,1.22717890442874,0.000627663168105742,-0.349055221480721,0.733053269422081,-0.41394192917937,-0.286731026574101,0.394507723948067,-0.356862618004107,-0.405089465882675,0.0321101794003136,-2.60902410786912e-15
"751",175.11,-0.434436991610168,-0.180313200036632,1.30958271403942,1.38621224763216,-0.220745800101832,0.415947173347867,0.144200919978193,-0.136630999944614,-0.0466703762471235,0.279110538870086,-0.00375331421346171,-0.38786586133671,9.39526234589039e-15
"752",175.31,-0.43158616915568,-1.38135546244883,0.953382687712078,1.4809269342877,-0.325713224673716,0.53508270971342,0.0391345569037971,0.352293357817842,0.135083350080801,0.460530405233922,-0.180270216335806,-0.00137103748970746,-1.58761892521397e-14
"753",175.51,-0.116401874018549,-1.21040910342141,0.479112323646534,1.81187607347312,0.763469101103133,-0.0405027006295544,0.625939233970217,-0.0256706620679622,0.0439969422623097,-0.3090010489503,-0.601401438683905,-0.301607316535471,-1.66807756843412e-14
"754",175.71,-1.60791117211158,-0.582332698476268,0.528544476048142,0.773487598654689,-0.121991534851405,0.0310725569480124,-0.475745737584257,0.0465201917917355,0.0996474663866121,-0.154740589691743,-0.449705715846178,-0.015998899044119,1.13797860024079e-14
"755",175.91,-2.42581322711298,0.0429527901195568,1.28117294861823,-0.373016434819859,-0.974326792342243,-0.0460924035634346,-0.345002202485452,0.185519894096988,0.210227021483541,-0.0855491233782007,-0.120727477671185,-0.0505417249472029,1.94844140821715e-14
"756",176.11,-2.38859456136876,0.392071131763697,0.792244317394058,0.346361177856318,-0.406819154107393,0.0813602566829329,-0.825129265170646,0.164843981142209,-0.0483984326176166,0.519873389758594,0.157943820921448,0.161412349431032,-1.86795023893183e-14
"757",176.31,-1.68003954953224,0.28340272987107,0.72883708461673,-0.127549638004297,-0.940775336202586,-1.14144682967439,0.682456924817358,0.123816845570855,0.0909476320214841,0.204129416214989,0.229230175037061,-0.155044346171531,-2.45914399954472e-14
"758",176.51,-3.15543729808931,0.967269262780194,1.60892469545516,-0.138216408895504,-1.03986795106182,0.221848293746141,0.776611300659955,0.473166968735725,-0.405304140363028,0.14569370755581,0.0213798717839741,0.10420806513528,8.71525074330748e-15
"759",176.71,-2.48770469894878,0.34673553772001,1.42439809003989,-0.116617274408101,0.553673365655093,0.371322347736797,0.0970837380697998,0.165166093031893,0.863778317351029,0.0164520853441982,0.103942847303405,-0.381666753941725,1.14352971536391e-14
"760",176.91,-1.94098190262751,0.923387138171469,0.327856011510287,0.627606609687165,0.228660632670098,-0.842423409682373,-0.19764975874432,-0.363669681611533,0.349306724575725,0.41626104213022,0.361985422550268,-0.453491100757804,8.1601392309949e-15
"761",177.11,-2.75118148463429,0.273124501341097,0.766594551081383,-0.42272163436428,-0.60912606422823,-0.540057863627706,-0.439535801889846,-0.119065037673721,0.447819059418214,0.339998194784554,0.141258867989308,-0.0557271135924774,-2.10526041044545e-14
"762",177.31,-2.78783576426354,-0.126034349192369,1.05937512752633,-0.0474405800748662,-0.735699846777041,0.199743843542125,-0.0876274137327613,0.324473268396879,0.149401306978434,0.434071266255508,0.312478837869177,0.0461897408070653,9.99200722162641e-15
"763",177.51,-2.43804277085321,0.206050689328565,2.10680764910262,-0.681031204982544,-0.374927544337509,0.141633532421508,0.970784536740369,0.122894318197192,0.326069795055657,0.124699556419151,-0.0521849240971749,-0.233460041343122,-1.58761892521397e-14
"764",177.71,-3.02259855692568,0.518643447775402,1.46933038536903,-0.433738931279942,0.0272176622045966,0.174501495004165,-0.315108671939014,0.248869759389671,0.984556350900718,0.0845944699763556,0.136617064583804,-0.430162101918696,1.31838984174237e-14
"765",177.91,-2.80916206717233,0.394015567746585,0.025327163209964,1.58086441158996,0.735778316121706,-0.469790359555248,-0.332548121918883,0.302282353588747,0.0424841508382071,0.265209542446096,-0.210330126713452,0.0402026514332868,-1.70974345792274e-14
"766",178.11,-3.19656989783309,1.57294654747756,1.0490833647139,0.388546216959091,-1.1239949331143,-0.690197011243097,0.766651454626495,0.00479935520029186,-0.493533111260153,0.0887903765056981,-0.077564015255735,0.17366143005084,-2.5729418595688e-14
"767",178.31,-2.62232735976673,1.5967639368337,0.85143256360479,1.24008988229107,0.046326453754395,-0.779646680286193,0.0635471760246225,0.00723649071558836,0.117894210236969,0.407239020459589,0.0959837699948065,0.0505466215998578,-6.73766598069392e-15
"768",178.51,-2.96921559109998,0.772603905687843,-0.0868434240458947,1.87809555463747,-0.120128291950019,-0.258906702373919,0.0904867791278688,0.460619872634852,0.0675149723042887,0.270191237350361,0.0171384751951275,0.122385348942976,-2.15105711021124e-14
"769",178.71,-3.01435158875439,0.558642812829188,0.674948291993254,1.05092971841439,-0.168385826782554,0.361474203839545,0.538615554211319,0.423839577835156,0.290271819740937,-0.0244624629346048,-0.135410365275467,-0.0631338528179172,-1.45994327738208e-14
"770",178.91,-3.12305496386851,0.0731854070510659,0.720388101095532,0.674740774589017,-0.252011249683725,0.486859370982554,0.0328799013474942,0.556563819807675,0.720870334393773,0.141200877810394,-0.120804263744902,0.131740431005951,-2.41473507855972e-14
"771",179.11,-2.30013810622264,-0.12276385195944,0.288344393840049,1.43182654622441,0.0620178912658671,-0.290995533473216,0.994236697033524,0.733746787313376,0.549418212114523,0.0935817817642268,0.25530392278337,-0.243267044518106,-1.36557432028894e-14
"772",179.31,-3.11534153586744,0.868228835982756,0.229712654157986,1.08445613497734,0.239128411232445,1.10576413284942,-0.461112131748566,-0.137940595837348,0.05312985669273,-0.0429819058714122,0.0453606662907013,-0.168173488435982,-1.69864122767649e-14
"773",179.51,-2.45570653704881,-0.118043638570127,0.013554005942763,1.10922568756556,-0.653278734238033,0.529907148075317,0.839086778478932,0.279959141136778,0.0161686577676309,0.0755526285965092,-0.367437890343127,0.287095976135501,3.88578058618805e-15
"774",179.71,-2.75017007688853,0.935908737798003,0.319108946962124,0.777360125415781,0.296412050843892,0.0787859824778492,-0.299608295821883,-0.0477918172657975,0.239033101235052,0.173002277684327,-0.27023579141212,0.298234122970008,1.36557432028894e-14
"775",179.91,-2.04182948115824,1.12753163367973,0.607371801095136,0.637869285524193,0.516029403317808,-0.368441284043886,0.204060974252393,0.0305943606533405,0.74005606659568,0.406268462244076,0.152992069555217,-0.121479891563203,-4.64905891561784e-15
"776",180.11,-2.76459656147642,1.57860357111095,-0.0701653331944049,0.677727099861492,0.0630847237594052,-0.236723223724495,0.203020539792877,-0.0222993217713939,-0.13663306029142,0.2750425145875,-0.0856330634655618,0.236489012780831,1.26287869051112e-14
"777",180.31,-1.59023603798153,0.229806571878748,0.52948851095303,1.10724924515447,0.945071827198331,0.561165972512415,0.993017906714113,0.160019747262801,-0.0233994933809499,0.433565957364125,-0.45080648397245,0.242943376290911,-9.24260668000443e-15
"778",180.51,-0.31579187487449,-0.404668346769592,0.459855843082381,0.749488093816255,0.52679587940528,0.376007124989129,1.02994469482246,0.24377666478674,0.926239265854738,0.587160864844634,-0.266676852971878,0.412101236282172,2.31342722756267e-14
"779",180.71,-0.102911977079618,0.412500903301314,1.06869176436478,0.412662748766655,-0.143621218327128,0.451946064981458,1.91020575514386,-0.0512424436671748,0.762159379698962,-0.0844023893492444,-0.377563115598635,0.15527139927722,2.91433543964104e-15
"780",180.91,-0.785963288411934,0.0259574064601234,-0.0499174443116561,1.18927973249849,0.0273280429910023,0.11230254497986,0.975498096238886,0.16932762565854,0.289887647939256,-0.0596942250345827,-0.113485668020219,0.0758240434536021,-2.28705943072782e-14
"781",181.11,-0.616274326031065,-0.512902741699426,0.0429862514796141,1.39656171612384,0.506114558457859,0.494706813283616,0.449042497155655,0.424449956390847,0.782240871641094,0.224727810398592,-0.0475585908841016,0.207303603091045,3.83026943495679e-15
"782",181.31,-0.727840182574057,0.337933433045326,0.777811250406678,0.0459473881989885,0.29757550733642,-0.472576447674395,0.356698475602689,-0.282024290874394,0.719760750130376,0.0789321831437968,-0.150757960079517,0.140319950695376,7.99360577730113e-15
"783",181.51,-2.12657346163032,-0.167106999131309,0.723179133940343,-0.46538242872082,-1.03556839605672,0.301926219623872,0.399779365374273,0.61271430183786,0.368352102792338,-0.220211634818159,-0.172646214685495,0.334391849492523,2.44249065417534e-15
"784",181.71,-0.864173676620102,-1.34960214616152,0.0874900699323549,0.598784010554543,1.02149092468579,-0.0881657099947938,0.622135508115792,0.266726216550072,0.0284217726764264,0.137392827347329,-0.552257767524486,0.434843521767574,-8.52096171399808e-15
"785",181.91,-0.810120766328776,-0.507028025655697,-0.459546846961384,-0.243676557782917,0.260388170566059,-1.71386621134852,0.21693705921047,-0.0795662052494523,0.594052591751085,0.0211534273883603,-0.0718731914532586,0.315043011606539,3.33066907387547e-16
"786",182.11,-0.428294291098121,-0.700374037286176,-0.416015289061523,0.491844670386832,0.742311420645213,-1.02765982842106,0.346662004595412,0.714094778170313,1.15625570948449,0.658497998858421,0.191037826776606,0.0998580271819956,-2.99760216648792e-15
"787",182.31,-0.642360122377791,0.215789070511152,-0.131255639255478,0.845107956280749,0.435412092048107,-0.985022270594498,1.03349559407573,0.451251426756287,0.0850671522729296,0.597976691536204,0.188550395033335,0.0195283243829547,-4.38538094726937e-15
"788",182.51,-0.528235210679564,0.209584418567753,0.832740496331039,0.122274075422971,1.28210540607954,-0.329382616540887,0.407927545406581,0.0830031087291756,0.39251322933232,0.588083911745021,-0.214417566264197,0.178610484981517,-8.46545056276682e-15
"789",182.71,-0.662485066887419,1.30521858390713,1.8634251590201,-0.0227561957595203,1.24324720546192,0.261484380581974,0.809718881602548,0.0475983293063052,-0.101691595352175,0.736978004250653,-0.234564703062194,0.0586422385421576,-1.7728873924483e-14
"790",182.91,-0.580684462266531,0.945653391674685,1.94650114351675,-0.135150682093936,1.28923242525631,0.511459005147879,0.645501212847586,0.313511824117933,0.0717521295577598,0.253871425858555,-0.417346551691459,0.138671410897297,1.22055143769728e-14
"791",183.11,0.582840273374755,1.00618410387648,3.83314927104651,0.314379145244466,2.22409237930039,0.414135135174287,1.11872828137029,0.489220138563096,-0.0113388652245851,0.445047285988826,-0.280071617262966,0.0613437878647947,2.80053757961696e-14
"792",183.31,0.889945168606089,0.406258853160303,3.63726809616462,0.677643970754529,1.79301659283418,1.54095499371401,0.81502334883249,0.690933844811262,0.0539453813085328,0.371811595198222,-0.264520986655362,0.0299199450131805,1.29896093881143e-14
"793",183.51,0.83927736896201,1.24635269406969,4.75837351169876,-0.118830092963915,0.638547118140923,0.80760573353329,1.3662313573451,0.805087776401821,-0.212747369469869,0.0781405060196722,-0.0239806398229183,-0.187904777862162,-4.47558656802016e-16
"794",183.71,1.61180341116684,-0.290434811342417,3.85638308057198,1.19647322337694,1.5622204390281,0.670646162697208,1.4315747259939,1.32463693597772,-0.200672908450414,0.046882633484966,-0.181728351580651,-0.222897440958629,7.2997163869104e-15
"795",183.91,1.39866873653223,-0.11125462647855,5.39973356420587,-0.658171070952245,0.0683116787855318,0.374626495113291,1.75994293990096,1.20035227298078,-0.479843202208918,0.138386815776623,-0.30728479518199,0.481579059101025,1.43773881688958e-14
"796",184.11,2.83622166989265,-2.40971418971866,3.85262733193293,0.302204151119204,1.22238719406237,0.0530890243690207,0.459582565330551,1.18400220084281,1.02230482509531,0.299543621832119,-0.298241337841377,0.271391540654357,2.84772205816353e-14
"797",184.31,2.11165115980852,-1.47742044634869,3.36728814405191,0.992679587570193,-0.143134396841316,-0.384715068966553,0.6293749032548,1.51972568945176,0.486297769436755,0.623993108303049,0.0494933212748795,0.724503856270221,2.14550599508812e-14
"798",184.51,0.481468672056014,-0.783368035368596,2.74642731071636,0.153478361260846,-0.483191061239169,0.207423697880691,0.180993579327892,1.35664208586927,0.0399475878299371,0.373943854597493,0.138174551063167,0.814889345217421,-2.1094237467878e-15
"799",184.71,-0.540103831339788,-0.982163495280229,1.79853455263167,0.0606182530616979,0.215248143628565,0.0482804478644289,-0.27979661524146,1.0054821258581,-0.033453177763689,-0.0470263927787744,0.201069693763937,0.380332297344901,1.36279876272738e-14
"800",184.91,-1.35294574440029,-0.321307075191464,0.336930148238608,-0.317934829685379,-0.694209389486554,-0.0848783226490202,-0.770423143986299,1.09989937748894,-0.231049495512408,0.416215905304263,0.674925480485354,0.00752225993443141,-1.13520304267922e-14
"801",185.11,-1.25709305582637,-0.351388387124699,1.7657628588265,-1.30098181873606,0.796236815322786,0.344510038721606,-0.0210400825051171,0.396739022208152,-0.330567151026719,0.555748105426956,-0.298632731689356,0.147524922865758,1.21846976952611e-14
"802",185.31,-1.03403193874899,0.0627145919112705,1.32400768110567,-0.564823948129061,1.44303172614448,-1.03191158491394,0.348890617142122,0.862248176020066,-0.118016084593774,0.808153917283281,0.134957581813378,-0.321196897182324,2.17603712826531e-14
"803",185.51,-2.3111523346925,0.248404213572395,1.61590380043525,-1.88739307954167,0.426772793964946,-0.826364835966664,-0.46444918111328,0.787109968317611,-0.0710684107057058,0.340633793886201,0.222576567917521,0.0573156303452806,8.03523914072457e-15
"804",185.71,-2.37361767461025,0.393871201648701,1.41268116330621,-0.929098360090221,0.91400216850938,0.814339519874559,0.247025598103519,1.15587239569908,-0.362359377921223,-0.0565668884972813,0.0202804263806134,-0.380590695691173,1.30451205393456e-14
"805",185.91,-1.80045046485003,1.27217259886174,1.69321530200193,-1.27552441040325,0.611634701044843,-0.0869456483271616,-0.0235048475278633,0.681429487212242,-0.0163523470028627,-0.0157017311058791,0.051093784369749,0.0449984072795263,7.26502191739087e-15
"806",186.11,-1.82525386244041,0.903676873455698,1.71815075259423,-1.32789533582484,0.312278604671596,0.493877142526357,-0.828995640732509,0.314070649613061,-0.0142550968178367,-0.121249422484909,-0.0361586251052447,0.280406213329705,1.40998324127395e-14
"807",186.31,-0.767947619182374,0.241609537166878,1.26369711820242,-0.441280510605704,1.29354587586104,0.401299872552073,-0.691472183835037,0.226364980064384,0.150555307159472,0.0736464728337102,-0.0168804647428439,-0.122449313417818,-2.83557899383169e-14
"808",186.51,-0.101401014558073,-0.0155488314915828,1.93590366633288,-1.26935598056085,1.06897325180008,0.00271273945801098,-0.677646133425905,-0.425824383438874,0.301253107193757,0.584037793923467,-0.159171684965981,0.149748894969021,-3.5527136788005e-15
"809",186.71,-2.6900082654156,-0.553367008346383,1.19126260882872,-2.07460056259587,-1.06309177066628,1.72815147217139,-1.53774488050139,0.527181128296482,0.474538689913088,-0.138223817504347,0.179027093600351,-0.207893155198958,1.37667655053519e-14
"810",186.91,-1.98846777990636,-1.5002119465073,2.04145167852644,-1.48707058490813,-0.328325757620911,1.47939794383471,-0.180305195221389,0.582426017390635,-0.317802400308372,0.276673137387883,-0.476929549319234,0.187745178599612,1.47659662275146e-14
"811",187.11,-1.6620199186441,-0.541515540500283,1.54017716895272,-1.06509082367632,-0.182058985637175,-0.91027125735165,-0.522238272889428,0.474218853648481,-0.173823881568813,0.335629155209497,-0.111831776503014,0.0601135739717007,7.21644966006352e-16
"812",187.31,-1.72142104302319,-0.729201114933823,1.75189584373228,-1.29203103538128,0.578974580281995,-0.508299407776647,-1.40532295962937,0.100704923607004,0.424268508086278,0.566070691962935,-0.0761897968251195,0.0784626896028584,-1.12548859121375e-14
"813",187.51,-2.13040395293623,-1.01538319142126,-0.127919440086253,0.094317172686531,0.358025677764024,-0.0193816977790536,-1.63534463457715,0.0770335655228841,-0.632461067616221,0.773621780588032,-0.557752392737291,0.580423461242213,-1.26287869051112e-14
"814",187.71,-3.39374142993285,-0.612821308618762,1.07693652215586,-1.55113297810793,-0.140547414275447,0.420773184408039,-1.6073977809574,0.682863770011779,0.0519247667242297,0.139124073961415,-0.0480829189976111,-0.149091479211697,8.54871728961371e-15
"815",187.91,-2.12521856129052,-0.465796659536497,1.33079570591417,-1.11818078823157,-0.25797178259751,-0.627066189270379,-0.103612849080672,0.753376425962079,-0.387609008555575,0.7338396695101,0.0739695090466155,0.0335748338000521,-2.24958940364672e-14
"816",188.11,-2.87449731870687,0.226959894184769,1.7735169682128,-2.64733138347478,-1.49047608903822,-0.741910503223339,0.135540671919795,0.828464568302337,-0.308233030280057,0.322846711640197,0.0961364537836403,0.0827393018110017,1.73194791841524e-14
"817",188.31,-1.89825667015699,-0.94211809691795,0.129664933193587,-0.173766230075241,0.510996886839553,-0.19271507312633,-0.346414692646604,1.20752361990071,-0.163869251556213,0.546117597455434,-0.165473663932294,0.016014091793562,2.40640840587503e-14
"818",188.51,-1.99230286386515,-0.246445819604,0.0492663469618227,-0.523029655168356,0.107591119979952,-0.200250453947952,-0.495747274277755,0.906521543795461,0.152665196949521,0.40672031908552,-0.192204163227653,-0.14712360040259,2.30093721853564e-14
"819",188.71,-2.43693635333299,0.587818300489898,0.0594948948866045,-1.31100579653244,0.148542222918951,-0.749943080482282,-1.16756781069656,0.107341222546909,0.0505509288655566,0.262517233189066,-0.406112185197775,0.289027412652694,-1.92554305833426e-15
"820",188.91,-2.14454599830238,0.435028754788049,-0.300425381991824,0.0187710213897173,0.961496432244247,-0.449696084222454,-0.672676986297534,0.634836797469686,0.199491777570138,0.411450314545585,-0.398634129751681,0.322561805482848,-2.06501482580279e-14
"821",189.11,-2.11606603695048,1.45292734101653,-0.238913573878263,0.236656138191316,1.35383255923021,-1.28712242277536,-0.615651165869464,0.45582254471012,0.0970825837191263,0.172895002033616,-0.437610723053791,0.129831331836137,-1.56541446472147e-14
"822",189.31,-3.25805494751968,1.41849090766306,-0.386817462075845,0.504859550796191,0.103616261712453,0.569113155220519,-0.505046335292609,1.47853224069022,-0.166707959621229,0.0789246989771404,-0.147755394473788,0.120420123561343,-2.09832151654155e-14
"823",189.51,-1.62322521454741,1.31553185918724,0.109586715221928,0.268643662081296,0.526585465148982,-0.212440585604538,0.133333996245613,1.02481185290524,-0.0080390721083969,0.561287608345545,-0.0565687388775744,0.142111113168493,1.44953493652622e-14
"824",189.71,-1.73547530173566,2.09810630575853,0.872432663762311,-0.879459851293249,0.951859447356951,1.2969731061651,-0.961713643625328,0.0838749932646922,-0.181690545165687,0.613450573306724,-0.1547915967507,0.373103857852152,6.38378239159465e-15
"825",189.91,0.290564360082915,0.72123615467205,0.890505323412041,-0.897663837071108,1.37149001552048,0.166658950912644,-0.129714651931889,-0.200136559266037,0.515005407847029,0.322010055079999,-0.28144241910233,-0.0947558595683524,-1.58484336765241e-14
"826",190.11,0.727777107512989,1.52049299232921,1.39990913450134,-1.42976258986885,-0.0603035006308127,-0.518881172859984,0.855355497682839,-0.127465654425887,-0.268056311426371,0.0893081664485131,-0.116172220029751,0.0615811286380384,1.1518563880486e-14
"827",190.31,1.29460364446793,1.07592389437351,1.3462057311967,-0.792941234820742,-0.667112721333646,-0.0638632707291596,0.296705033489887,0.655117983778928,0.262450641303734,-0.0412246085824592,0.369529322586567,0.0825162026287546,3.81639164714898e-15
"828",190.51,1.64726557668374,-0.63193973505704,0.840861755702352,-0.524433789573985,-0.457158175774808,-0.463601246782763,0.299095216358437,0.44670010848765,0.236370087885494,-0.425165771856238,-0.0215058958604544,0.404171881432022,2.20934381900406e-14
"829",190.71,0.0452977446043267,-0.851410626478718,0.0923342007323381,-0.570854275334551,-0.413701802126366,1.15113544242284,0.183452080836376,1.24877214963724,0.223033330192334,-0.210375936404733,0.108655710006911,0.0157321888482344,6.16173778666962e-15
"830",190.91,-0.362014275444415,-0.348828390086852,-0.0323912047479825,-0.629399050690738,-0.209978096462681,-0.25569038585086,0.299836615127064,1.29039885788007,-0.314056263559368,0.536699559007663,0.495849064219389,-0.132475126923495,-1.83048021185073e-14
"831",191.11,-0.109370501197111,-0.496684321215746,0.262398942805466,-1.2626807413493,1.71026313311157,-0.158893833569555,-0.526410762792472,0.800831797687852,0.745620093854048,1.00773530945325,0.398718385051918,-0.120019947509888,7.57727214306669e-15
"832",191.31,-1.17819743890369,-0.149707926509386,-0.795096781711063,-0.274359465914731,1.58580081103442,-0.0726779815879671,0.0877682147872384,1.10316217426882,0.00343065314705915,0.874895331350451,0.329971358163036,-0.175770888715334,-8.88178419700125e-15
"833",191.51,-1.91285722181996,1.17077259737909,-1.75103547983997,0.532261916065681,1.61131078017698,-0.373212171220794,0.0623924153390622,1.12654693983512,-0.783558120848477,0.870672751643019,0.522642779117497,-0.178226656349156,-1.84921522539128e-14
"834",191.71,-1.03773763810707,1.71320086064815,-1.22580458578812,0.769758864721434,1.54320538458522,-1.23527924402428,-0.221903209265815,0.620661706526743,-0.735738244075996,1.11802870466114,0.517323764133055,0.0615607942696413,-1.15463194561016e-14
"835",191.91,-0.539645010478866,1.53337395760523,-0.671144768254691,0.914649306023658,1.43079028038847,-1.42305694086864,0.178319994630444,0.513366494591566,-0.993539346790853,0.720253975993388,0.012751613237424,0.239335584592211,5.10702591327572e-15
"836",192.11,-0.232939860263455,1.60220389157649,0.493071468402273,-0.0262269963235559,0.646877897116767,-1.3790808401136,0.557931393125847,0.792371281362202,-1.02219588721394,0.344518791571289,0.196591409416437,0.0790284418042722,7.88258347483861e-15
"837",192.31,2.16391942967634,0.904741081300357,0.194578842767439,0.0370867410727036,0.990720747125744,-1.79786627585308,0.0480393946902306,0.132753972377327,-0.768955109084445,-0.270257724319045,0.0678890709016188,0.240454785089532,3.77475828372553e-15
"838",192.51,5.71039445825243,0.0828594237814578,1.38036084523736,0.817219782122856,2.14696278390444,-2.44232340358666,0.174626820824537,-0.0246810597239633,-0.115038685144308,-0.824768761937017,0.033757855713374,0.0723814347627563,-1.26565424807268e-14
"839",192.71,7.85886326495197,-0.641131660487559,3.57657103094827,0.0417023577564399,1.77716123483338,-3.27524791711578,0.431382840282992,0.0760211720330073,0.857650483439893,-1.62230516815562,0.0171296575862527,-0.143910691794206,2.1316282072803e-14
"840",192.91,8.20005769274166,-0.390108685931288,3.62902606637411,-0.394079445607547,0.329087032267225,-3.81007137929652,0.530448855768936,-0.251328354384194,0.838990446413629,-2.14765860987363,-0.230970655739949,-0.0350583342536742,2.88657986402541e-15
"841",193.11,7.54691615840823,-1.6543423330017,1.55067626416505,1.45663149994554,2.30684532484441,-2.66943041051351,-0.542385793978649,-0.33024852721708,1.21441370370466,-1.32910076943127,-0.472641087538851,-0.123295187052565,-7.105427357601e-15
"842",193.31,5.53660192037409,-1.15311525041221,0.0618417480824928,1.59197375641243,1.90755697980714,-3.16474921143827,-0.0772856726261218,-0.355418807453725,0.40163498638053,-0.868539585306285,-0.467866195138632,0.0284311620573142,6.43929354282591e-15
"843",193.51,3.9084712196946,-1.01808957679934,1.39592760206474,0.321439107901044,1.34885355820074,-2.58403279585563,0.248022146237435,0.353343319699211,0.129523160744625,0.159062677548649,-0.555854854662313,0.563752233644661,-1.79856129989275e-14
"844",193.71,1.69049110245515,0.382440432919953,1.10578587625709,-0.729701185426093,0.552732274111461,-2.3901361657789,-0.990837374054102,0.170488618664954,-0.0389421020763906,0.242320860406123,0.0667365528573872,0.32372550790078,1.25455201782643e-14
"845",193.91,1.41125834916637,0.988868452167458,1.27526027391584,-0.654937041363752,1.73006745801677,-1.71023689449133,-0.843761131508557,-0.0685213218415684,0.212320274241996,0.627040205044695,0.19794237355684,-0.272295960707162,-2.34257058195908e-14
"846",194.11,0.723827468468297,-0.00745518855085014,0.834508903596424,-0.723447359252928,2.07471362686151,-0.00512946198744135,-0.811172902611645,-0.100126497817066,0.0344520051689408,0.310765945010293,-0.531929691118833,0.0578701414932825,-7.16093850883226e-15
"847",194.31,1.5096756558289,0.394164201299017,0.904449715260295,-0.699038117571906,1.4996184252814,-1.05630705487496,-0.381494940705542,-0.190707649100448,-0.228585054327909,0.943910163691145,-0.202858496521371,0.217848811606707,-1.55431223447522e-14
"848",194.51,1.3957306082821,0.178417673072883,1.19549837061345,-1.13395646501127,0.389627037105851,-0.835459202903904,0.509640624426438,0.312095013354175,0.193480547874842,0.828652389893077,0.0184169570298362,-0.0583047561705923,-1.02695629777827e-14
"849",194.71,0.614231059992824,-0.360391291052871,0.952159358618643,-1.989870229483,0.115982946433347,0.441170942200119,-0.184025369329838,-0.351255473275925,0.016120186860409,-0.120663986231616,-0.675432911028895,0.406562998456949,-1.71945790938821e-14
"850",194.91,1.18745356230204,-0.415454163940526,0.177238661464812,-1.99903734755716,0.0428655495001292,-0.762622781504183,-0.298709689124807,-0.0548925086478995,0.679255557579991,0.0293830441272753,-0.184964840582858,0.15824415396612,6.66133814775094e-16
"851",195.11,0.666040413929441,-0.0600790669475262,-0.606634558712684,-0.986194292822493,0.530010991068969,-0.447852962316124,0.71998531709857,0.199879205320302,-0.134292830356244,-0.0457687160446588,-0.333085874099769,0.0608415115160511,-1.2490009027033e-15
"852",195.31,0.336209446391614,0.0226895061939855,-0.448510680327423,-1.60873992678401,1.19174405873334,-0.568548025636414,0.608861780981788,0.155751508463942,0.655827209761409,-0.200686003624979,-0.349036260343084,0.202072185965616,2.25375273998907e-14
"853",195.51,-1.07391343945869,0.74358583835928,-1.06985538050613,-1.19273638335672,1.48444230478415,-0.339703586618265,-0.335989162731779,0.411581311114983,0.257866893923232,0.281010235078687,-0.222851667944667,0.0632252936269491,-1.44467771079348e-14
"854",195.71,-1.11355682305597,1.08391666748599,-0.294697109468006,-0.84954159904266,2.20051719105473,-0.619804442066374,0.318018527284801,0.698864614857198,0.150656744205768,0.803543501711011,-0.0795650541252081,-0.178167374795953,-1.9151347174784e-15
"855",195.91,-2.35305622234289,1.41782217747474,-0.612733883210049,-1.2894585021811,1.08626951316579,-0.251554553855964,-0.419031564711786,0.895349613217571,0.233672983404137,0.693059769108526,0.373841607464163,-0.0470914560497092,1.83048021185073e-14
"856",196.11,-2.04829024021665,1.26279217443178,-0.252343186970765,-1.61064386442544,0.747264426214379,-0.24384140317019,0.986732681169984,0.582415807231931,-0.441647852084474,0.27614667548896,-0.350274555310669,0.284919921742813,-6.67521593555875e-15
"857",196.31,-1.47206533803198,1.13690923747203,-0.515244782318958,-1.54989848433437,1.20151156847368,0.0281657414958115,-0.106646162482238,-0.0512759171450458,-0.258057482396732,0.516190968531559,-0.348674295624244,0.251802582408529,1.88564441838679e-15
"858",196.51,-1.51753682350092,1.19384204259546,-0.219717446775267,-1.91107294433471,0.793378049159822,-0.0896018634236993,-0.0420076350010853,-0.153879689044384,0.0475673148990951,0.150738748716285,-0.433303173343324,-0.00311479075213072,2.01488131734706e-14
"859",196.71,-1.72577447467993,0.42614362648552,-0.860143866784676,-0.821197621844759,1.22267862566169,0.330078949864437,0.351256818602408,0.381640540587462,-0.272656176209696,0.0827510351525016,-0.231526644768766,-0.325339638924664,1.8623991238087e-14
"860",196.91,-1.59495598145944,0.206602400416646,-0.0975290259971575,-1.5058777874193,0.633199982876493,-0.734933250116994,0.811512605883299,0.635859034754142,0.156182228273259,0.230487364453106,-0.0956682188454098,0.0403459722470457,-1.37077849071687e-14
"861",197.11,-1.87066072955704,0.557152014043842,-1.83504458369311,-1.59221400769061,0.539659690517641,-0.71100245944302,-0.77437810130562,0.175401725225405,0.423918425424443,0.237992747890402,0.0652482905028967,-0.20154142326509,-1.95607419151145e-14
"862",197.31,-1.35863413457159,0.488589711802191,-0.188418446186374,-1.22833753848703,1.11443922032544,-0.370159059796409,0.214572214431123,0.708104240876056,0.338496967518009,1.19668443888658,0.0126530442775599,0.0322247802702615,-2.21003770839445e-14
"863",197.51,-2.30016907268364,0.333385606457068,-0.216503207881046,-2.22858570699566,0.866380867277256,0.186618532486936,-0.916504830860256,0.171532645578349,0.15328639390857,0.267155667673071,-0.283575347232042,-0.00998313590052527,1.73194791841524e-14
"864",197.71,-0.333887737311223,-0.104007098751072,1.15561038886763,-1.79131528689485,0.880270242515687,-0.0599226756954742,0.304539411649491,0.0971529743311699,0.365854418717945,0.726646721128739,-0.334086295845232,0.208558981897916,-2.12052597703405e-14
"865",197.91,-1.26691075679406,0.228825283973648,0.62374527006028,-2.20583859534419,0.285202170585366,0.750599013602173,-0.722430829476337,-0.165859617473495,0.304173201823851,0.208333889166482,-0.417349421717948,0.303627761997955,1.31838984174237e-14
"866",198.11,0.32110262016313,1.09496272362423,0.401498164888051,-1.3352577748755,0.709055797271603,-1.19535487473631,0.603625539546037,-0.202318112436609,0.587042417108729,0.0201847888858858,-0.0536927582048925,-0.225033402170836,1.38222766565832e-14
"867",198.31,-0.460149203615832,0.12878596699657,0.227979737849048,-2.1154406394661,-0.516687024583685,-0.727711269886927,-0.2921577101192,0.185327236676203,0.991891821307737,-0.0455293912231954,-0.0602124736086318,0.184224742107754,5.27355936696949e-16
"868",198.51,-0.190330380368871,0.0531735538975588,-0.0636565572543701,-1.29026524534702,0.230483819821103,-1.06640724929985,-0.181995223205918,-0.141087086798445,0.715123667990795,-0.216215149163458,-0.211494705375546,-0.173524062272621,-2.77555756156289e-16
"869",198.71,-0.458137483088956,-0.0474868608401692,0.0689500972499758,-0.433436787281016,-0.123857411305102,-0.678267551849403,0.711879922438619,0.602395605817431,0.16304502254991,0.200493033788553,-0.288931022757239,-0.0850766104471637,1.6979473382861e-14
"870",198.91,-0.793676314949347,-0.0312308240864245,-0.694188456508162,-0.156938333888625,0.595911738471798,-0.210486848160004,-0.0713748271917106,0.613252696314825,0.526462933011486,-0.061543351302184,-0.251836959328432,-0.337089465675147,2.56739074444567e-16
"871",199.11,-0.723197504227321,-0.360068036215265,-0.393600786336836,-0.0462446447338068,0.133611416906062,0.0679236242433063,0.536454762644622,1.12149651747117,0.240305051636038,0.268053235023697,-0.258540007642596,-0.0303520768902157,1.77635683940025e-14
"872",199.31,-0.0302620677072054,0.746386089155741,0.398632246381918,-0.752588768797563,0.435276426802185,-0.559341423077509,0.495990825075384,0.131528658249646,0.395764729271467,0.13603106143219,-0.114528661312674,-0.148478724128659,-7.24420523567915e-15
"873",199.51,-0.323984873464479,0.41536061058425,-0.218624356004817,-2.2642988604414,-1.27351663677193,0.231381501330061,0.237980484000479,0.294614018169838,0.751616355422361,-0.259569798843193,-0.0684634103103703,-0.123948062228755,3.83026943495679e-15
"874",199.71,1.49971358772021,0.037781612893973,-0.612981691116444,-1.31862524030738,-0.528893129276098,1.41088641837578,0.957458708927485,0.164677643404906,0.9831471298621,0.256303159945275,-0.300126696597175,-0.110719200312798,2.08166817117217e-14
"875",199.91,2.05015842750791,-0.0661948917275791,-1.45394869239408,-1.2497819286108,-0.868715785415408,1.75221501548404,1.09496980415184,0.00676579377087749,0.776737065485121,0.19251983794125,-0.0200568009370387,-0.0373702623597681,-4.49640324973188e-15
"876",200.11,2.76374142244831,0.0514900554192653,-1.42527466371908,-2.27963725386643,-1.9777472509179,0.47154253582275,1.68617366133083,-0.365874097597902,0.520587723114756,0.297611069273895,0.251932891427879,0.228187005369324,7.04297731246584e-15
"877",200.31,2.75712959990316,-0.435378845630842,-3.05371794443974,-0.891564616778468,-0.992687620197827,0.271577452126282,1.04271556993595,-0.456316391481251,0.263603374905874,0.365645888906018,-0.00961989014691336,0.107475117329761,-1.07483466571523e-14
"878",200.51,1.27507383483452,-0.428983650482466,-3.08907376194605,-0.23390428496545,-0.686627254794365,0.860104271855391,0.610576848401776,-0.00170474514168034,-0.0616220942047718,0.259207520978362,0.383057373672789,-0.294941053730046,-3.83026943495679e-15
"879",200.71,0.525274581204436,-0.580268660759292,-2.95776339890977,0.458369036937335,0.396479198756489,-0.0294450563199528,-0.284207319843412,0.0757900113466055,-0.300925626039605,0.627993150146466,-0.255506711992459,0.193652081852624,8.69269933811978e-15
"880",200.91,-0.0763435149347357,0.503951556828436,-1.31325167066827,0.152581547509728,0.786621623012182,-0.395155626334111,-0.279445513960937,0.231613673393729,-0.288641552538125,0.726550935044249,0.000627108012218106,-0.351699160807232,-1.56819002228303e-14
"881",201.11,-0.438695188132239,0.816258472754576,-0.611581789842637,-0.192128267553489,1.18061154577276,-0.311114107311732,-0.943091786851636,-0.129875524032298,-0.340777417930854,0.0658533344970967,-0.24467274310477,-0.486800465322455,-2.26485497023532e-14
"882",201.31,2.19596798864233,0.960610960506624,1.82964755866729,-0.24049077024191,1.69892260193713,-0.536981245668856,0.0261192588945821,0.0419678839388522,0.0773703040408279,0.859177591764702,-0.0629092232442799,-0.197216596369007,1.57651669496772e-14
"883",201.51,4.92208298250447,0.889996433507173,1.71304072632358,0.491177968892825,2.74331898593918,-0.0881411157184937,-0.622573011302916,-0.432764291545603,0.336020896021621,0.0670295053519377,-0.167165806591741,-0.161082967201816,9.99200722162641e-15
"884",201.71,6.98970880836408,1.13709551157988,1.71394241360147,0.16315439008689,1.92216973279097,-1.03349185087921,-0.546347931138529,-0.679001147150844,1.26242732034249,-0.680424514389069,0.408685252842587,-0.30826686326095,-1.08801856413265e-14
"885",201.91,8.21226684488447,1.24279930486521,2.4559994891373,-0.403687470349753,1.59564380957972,-1.36598107571055,0.941525472149252,-1.36149017167444,0.351625144377112,-0.851948701667003,-0.473440227509241,0.281540462231456,1.37667655053519e-14
"886",202.11,8.81042002341743,1.91516139243887,2.2670882026671,0.674343643644692,1.36725442318395,-1.77428621610484,1.00291023777682,-1.08426820876142,0.142448411846819,-0.641198459013181,0.19874804820051,0.0741352607206851,-1.02140518265514e-14
"887",202.31,8.22417620378912,0.26129947933167,2.39368493186982,0.397510782661466,1.65891209759043,-0.873386227327414,0.385731764766798,-0.482889905191461,1.36883748913832,-0.342654282843334,0.431443015911215,0.157720952407377,-1.79856129989275e-14
"888",202.51,7.38463553173002,-0.0248972652427998,0.91185645000555,0.606940121049215,1.10079551661053,-1.61046653634492,1.43245156610625,-0.362096666626252,1.02122966135695,-0.387669143408329,0.186355763360054,-0.0473929931489868,1.48769885299771e-14
"889",202.71,5.69512616878463,-0.162980358581127,0.00971293353608282,-0.000931223380326709,0.548270745496906,-1.34300232562267,0.496353544537607,-0.402701820458991,1.55615484099288,-0.23411777568061,0.260293543475403,0.0133054504325332,-4.88498130835069e-15
"890",202.91,3.83643177614869,0.701457944003568,-1.10553749021981,0.695079283835187,-0.267468957762907,-1.16101980768824,0.744592694413229,0.0528127426152264,0.71717316359514,0.282856855682598,0.428448303569953,-0.070852687099037,-1.02140518265514e-14
"891",203.11,3.2644952001812,0.299411986040313,-0.954855314230559,-0.327707700474079,-0.253256958838371,-0.767590553659555,0.962209882203686,-0.251978443596486,0.951408545713057,0.339678819044499,-0.193940474431599,0.261189052966733,1.12132525487141e-14
"892",203.31,2.28175117186061,2.02993372919203,-1.34194332025907,-0.647882327708841,-0.734093351837798,-0.68656484683525,0.393817533787728,-0.863948380520658,0.367048733870619,0.0944736164332864,0.118369650551345,-0.281076522890817,1.98729921407903e-14
"893",203.51,1.57771240335033,1.67419364760755,-1.57862362649827,0.038644354440957,-0.858321495102336,-0.277256666836014,0.858134192198325,-0.774863097952778,-0.582594308340306,0.169444959297797,-0.276262187055327,-0.0847857494216246,1.06303854607859e-14
"894",203.71,1.23004433428526,1.53585149746672,-0.795711643950556,-0.0885434978693579,0.204663455827044,-0.738943674006481,0.497535116777747,-0.68692497692725,0.22385393379636,0.36721783768018,-0.160833161785285,-0.537426958603842,-8.21565038222616e-15
"895",203.91,-0.568168812616812,2.40005151075415,-0.828947296286145,0.119508182762619,-0.433691211864988,-0.972651802939412,-0.258841619170969,-0.403517822835331,-0.112362154114303,0.230021861420352,0.142886598089309,-0.387313495417682,1.02140518265514e-14
"896",204.11,-0.745022743047898,1.85110900774753,0.558759304859134,0.479229894839755,0.0613016426451355,-0.553121821975367,0.968063096375295,0.147562908432397,-0.605298168658341,0.330803708697633,-0.437697482528389,-0.0866082960319556,-2.55351295663786e-15
"897",204.31,-1.50758442905883,2.10057440708666,0.878999491289928,-0.39446888042929,0.0535694357843613,0.304059055239315,-0.428449075194315,0.154837136920125,0.0944226840537823,0.273989745810811,-0.125568834298151,-0.197334797723126,-9.22872889219661e-15
"898",204.51,-0.103303266911333,0.531481750637065,-0.0903362334720147,0.556371137889971,0.676264502705161,0.228443128581651,0.389488707942406,0.317938277683649,0.0446206378255339,0.340817243743607,-0.210556972868892,0.0624796919040855,1.80341852562549e-14
"899",204.71,0.484127421966296,1.7119191306866,-0.048410167503955,-0.16496669538817,-0.00537536927318324,0.43106880861719,1.70702198498731,-0.0314935776721935,-0.5293854312581,0.228753902986523,-0.105976497758427,-0.269549814790869,7.83401121751126e-15
"900",204.91,1.69302020264012,0.252381400074271,-0.782288703525798,0.319262505352503,0.661763143585002,0.268267378928795,0.795541139057154,-0.343580767927235,-0.0536769346602154,0.898421457231573,-0.280749959667332,0.278733595854317,-1.34059430223488e-14
"901",205.11,1.49145042720999,-0.0811238738661762,-0.399831285196121,-0.277794559008954,0.102345870385233,0.10947033329409,0.706369585171075,-0.350365383927234,0.292443835244256,0.535122376714879,-0.0363024004282652,0.239068369556913,-2.27595720048157e-14
"902",205.31,1.00074081807603,0.349542531707971,-0.649346992449405,-0.782000838781754,0.474946268865526,-0.344775850416642,-0.121015010136185,-1.20740474694673,0.0107591337555535,-0.049998515445051,-0.0479583965438312,0.177403534147173,-2.03725925018716e-14
"903",205.51,0.551650713620534,0.719905311002491,0.578030388343462,-1.44976165400989,-0.300910121118943,0.136344338688666,0.355132706302621,-0.560642192413849,0.175113516874156,0.310128654333529,0.169120481780841,0.143227878539357,2.019218126037e-14
"904",205.71,0.644017797863322,-0.411561770423229,-0.408651445806084,-0.789702256793691,0.292332050563299,0.226713723104296,0.902262623913547,-0.0672416838777418,0.0501579719753343,0.251607671317082,0.286285932345812,-0.285343682717951,1.74218278692351e-14
"905",205.91,-0.16163834351792,0.462786387055794,0.649028248843409,-1.83538574710238,-0.378991032291783,0.876286399427215,0.637522196413792,-0.47665799838713,-0.514933571904803,0.50783959639636,-0.155717230648162,0.431965184540793,1.50990331349021e-14
"906",206.11,0.162328425588788,-0.465437190595258,-0.609956388053645,-0.893520504719237,-0.592712192216685,-0.369264412118731,0.185673378711437,-0.159558819673321,-0.0168064975882706,0.379238213018033,0.207413841001891,0.252663454421496,-2.68396416203132e-14
"907",206.31,0.0328400560312799,0.114863281441938,0.0229895297245511,-0.289782358120902,0.831049786932679,0.21869923316096,0.44013096577675,-0.324786435502198,-0.752771056372258,0.344520627735103,-0.300936414962709,0.28639197615257,-1.12340692304258e-14
"908",206.51,0.215643179724436,-0.402030656877081,-0.611451240918363,0.121608979876211,0.586543955422427,0.505892601539091,0.457787166460484,0.395518122551526,-0.217100590902136,0.443982391628704,0.118944662794099,-0.185995683365368,-2.33285613049361e-14
"909",206.71,0.814344191121252,-0.0587640041743792,-0.356555996565093,0.608572583599748,0.833301461260263,-0.152778996708023,0.490426373183755,0.0293073274238414,-0.602099707220126,0.610178277163151,-0.0960355646537913,0.152637339876922,3.63598040564739e-15
"910",206.91,0.233081216508638,0.518377377482485,0.894617571184172,-1.07722139675824,-0.187174436050604,0.366929659528548,0.841966486120293,0.0846534058493547,0.0364234020756479,-0.0991678980343581,0.00236349248463211,-0.306160047091878,-1.88182802673964e-14
"911",207.11,0.205091376150546,-0.29349694403009,0.615861768717867,-0.126375811239662,0.483729639308178,0.995576868186653,-0.318926467842025,0.373154342808136,0.0473764692852414,0.538794238875909,-0.309326704646298,0.366029445292381,-5.16253706450698e-15
"912",207.31,0.0214345783182173,-0.529749861328805,0.421553352108682,-0.330962214345548,1.25831980967168,0.740798328810805,-0.687600066635079,0.00140825329085882,0.240599604239536,-0.106441054839899,-0.527670682587788,0.224892103800926,-5.19029264012261e-15
"913",207.51,0.0499898868388836,1.09415080698589,0.975860780492415,-0.966841344119037,0.126796896960259,-0.778265575550884,0.309181975145302,-0.535728887981965,-0.316875631109023,-0.00761021858379776,-0.222723773998285,0.14244440182054,9.93649607039515e-15
"914",207.71,-0.310210886527753,0.664446959103519,0.84858633338463,-0.595453160460298,-0.194271587438007,1.0912628796746,0.864078688278766,0.297016036822444,-0.0493486335091141,0.157040377495029,-0.0507242095898976,0.067092923621541,1.49324996812084e-14
"915",207.91,0.163560720822416,1.49571496380692,2.22174057454568,-1.80333480217781,-0.572778675936702,-0.27703322448799,1.2256885063931,0.0041906286309123,0.178021824328032,0.32564829203584,0.0344598025091378,0.318611368753593,-1.01307850997046e-14
"916",208.11,0.248146181702122,-0.840969637351235,0.550445169634107,0.0747494731699181,0.566900438872867,0.804273540186839,-0.167112069920332,0.736034653414841,0.944550245097483,0.0982333993508689,0.0570042526669935,0.048820378984589,1.11577413974828e-14
"917",208.31,0.0280282469546063,0.574453722686041,0.941578844182579,-0.0465797637492677,-0.613711662150022,-1.27249253838707,0.230529271592915,0.636670831171791,0.349877276805251,-0.00655192887776634,0.286405573275832,0.0764402913230642,-7.49400541621981e-15
"918",208.51,0.260205744446005,0.473804834683005,1.27520076431239,-0.146561206667343,0.0994911329874094,-0.33405012996904,0.0966378343178193,0.307526053964949,0.478692374127172,0.060263500040703,-0.0255802150578045,0.270204641661371,6.07847105982273e-15
"919",208.71,-0.255365304561323,0.0180327052879979,0.451382510214501,0.73874025557135,-0.0724397218983797,0.181976251417379,0.704376470711993,0.831207515493806,-0.357889188916779,-0.175925935867469,-0.176963287414752,0.103016997606673,1.82354131794682e-14
"920",208.91,-0.347010378025076,1.50163866844503,0.708820805464718,0.935636001735395,0.132458731940421,-0.128899316528793,0.862582568372748,0.574782059308464,-0.997988405436305,-0.146080187065469,0.0358629549112491,-0.00914251661034512,1.98140115426071e-14
"921",209.11,0.444120215707456,0.885480242933515,1.0959789373447,1.0106558039414,0.433378380177416,-0.0445775981642039,1.26365750122017,0.905719462015212,0.143008649250107,0.273085440563181,0.119686395066642,0.0428545615400979,3.12389003553903e-14
"922",209.31,-1.34138343029989,1.6777176161462,0.945742740426169,-0.37890969041462,-0.20735918701823,0.454247831659269,0.0828099825227776,0.391735251431654,-0.0623339396322908,-0.359961747012038,-0.0317027295199748,0.0602007276864838,-2.33424390927439e-14
"923",209.51,-0.260073204939999,1.25381819272799,0.646844008124236,0.778734625861742,0.297026893613248,-0.360269674588194,0.674965771631518,0.729782486459163,-0.252610999463538,0.368564461716295,0.0834659536885278,0.202482617768896,1.11577413974828e-14
"924",209.71,-0.731742831316668,1.47054572202077,0.289367185849098,0.582643170436245,0.793392829567929,0.529777537925683,0.0319291203768961,0.491552774534311,-0.102826866355079,-0.032859211230067,-0.165377218423299,0.153948916206098,-9.83935155574045e-15
"925",209.91,-0.525718987722447,1.98324835786304,1.1031690975781,-0.81429515658084,0.0889557571734738,-0.467177139108589,0.930784622448115,0.500716737885061,0.284031059643197,-0.134874316008412,-0.0614297971440618,0.21318901498782,3.21964677141295e-15
"926",210.11,-1.44058733534561,1.50244264002351,-1.04724329660408,0.788121524541099,0.147559578898159,-0.373776544205555,1.06032477414101,0.933540137885592,-0.766058317058956,-0.543027295809266,-0.235404525598609,0.110356133768759,2.14828155264968e-14
"927",210.31,-1.46829720900122,0.895128853687701,-1.14112777103568,0.579370683112996,-0.0851402897390768,-0.276541946102336,-0.244804225987537,0.775142828372086,-0.342395068261885,0.0528732378558153,0.0628394993167573,0.252648233014834,-1.61953783717195e-14
"928",210.51,-1.58451886780962,0.322900694468795,-0.624446521341404,-0.0462065377596746,0.188980364379092,-0.178557419984613,-0.044105139697827,0.524595102911438,-0.49848501452833,-0.608917196502293,-0.568693817371396,0.277309242814722,7.13318293321663e-15
"929",210.71,-0.359379639099345,0.493759394078164,-0.073357184961714,0.12416540017456,0.526604449728956,-1.17128127933826,0.280619445785025,0.0927562318161663,0.136363513456397,-0.422835146392208,-0.102010240626614,-0.224376341637654,-1.80411241501588e-14
"930",210.91,-0.0277454297872197,0.0298606172740091,0.439635083776936,0.599239242383036,0.954249817232859,-0.441737178479588,-0.0506392196742003,0.0951638223898308,-0.0835019459450627,0.0416477816004299,-0.345548952382486,0.507093767922041,1.8623991238087e-14
"931",211.11,-0.992443792728932,1.4545160746077,1.67735582938966,-1.10191301344923,0.87876133992323,-0.0787679298400648,-0.188613165115575,-0.0498612126470286,-0.42916053235041,-0.170635221926839,-0.37691745864703,0.368943539965028,-9.14546216534973e-15
"932",211.31,-0.858434535740038,1.56671519624809,1.85429868173951,-0.572018222994304,0.606544173200709,0.274463985014521,0.622431398530891,0.682748804602825,-0.260943280963586,0.100780292674127,0.217724059862892,0.239533931466553,-2.38281616660174e-14
"933",211.51,-0.773674239229212,1.9950197029711,1.39875082275167,-0.761520691285114,1.14750074175386,-0.340819097609864,0.630888498036202,0.0779493552015449,-0.588626011583297,-0.352691371244095,-0.132671759974108,0.278195774850958,1.22402088464924e-14
"934",211.71,0.242613765870221,0.888731827633657,1.29354140629909,-0.293574081672644,1.850077736034,-0.36502035172557,0.372290533535002,0.33986774792188,0.137930731677012,-0.190287021607795,-0.0505730640012614,0.293529077872219,1.54321000422897e-14
"935",211.91,-0.384385314210329,0.403903347776654,1.56465607530194,-0.678447766122777,0.438464096176657,-0.205628508643034,0.702982346762373,1.27873136476748,-0.108648888178862,-0.315319465193297,0.430637044351563,0.176805998837371,-1.79335712946482e-14
"936",212.11,0.477712862127104,0.837367414567177,1.29817456689379,-0.170456458521276,1.52289180793173,-1.09877006101528,0.40491030245051,0.317758171243171,-0.0521883161629592,-0.335137997992114,0.0215523921989392,0.249795014782086,-2.77555756156289e-15
"937",212.31,-0.209635745187867,1.61383479528659,1.95210521856436,-0.916602758913689,0.416481577513719,-0.869401684237704,1.40051136545006,0.676963383632912,-0.240419248025376,-0.125178868284838,-0.0490504438121579,0.057751571405084,-1.31283872661925e-14
"938",212.51,-1.10874588241378,1.3093294898546,0.547158237101995,-1.20341937721952,0.103233455084366,-1.41626658117985,0.860527314596526,0.564005781376968,-0.25931260884764,-0.608574113797047,-0.159078160213028,0.208659896430916,9.24260668000443e-15
"939",212.71,-0.737077702673669,0.4754235333064,0.0456879091325705,-0.320418183558181,1.03680473868545,-0.9308077231446,-0.00745370300520345,0.928895862397375,0.542428543007612,-0.0232107467156172,0.0731593649564728,0.425310475016391,6.30051566474776e-15
"940",212.91,-0.370795830794953,0.607463166098406,-0.64683877808897,0.242214484686408,1.04337070967473,-1.08786776129556,0.651444410171018,0.863789368639957,0.202157239244641,-0.0738750423966402,0.098809462032619,-0.0936994338587305,3.46944695195361e-15
"941",213.11,-1.76334191334362,0.668844658433473,0.0820185952160972,-1.71509500764306,0.735213775959833,-0.367000105612261,-1.12672529666449,0.419517242783926,0.594293070452743,-0.331032063756603,-0.0678856626353693,0.0979976516728433,1.57200641393018e-14
"942",213.31,-1.4659674481529,0.666922113782057,0.814410978259752,-1.09691531594702,0.309008609514573,0.226443670758866,0.703551131167212,1.06013761714184,-0.417598084920961,0.107710644804062,-0.00798268625838864,0.167159366721553,6.49480469405717e-15
"943",213.51,-0.990099244919093,0.356450174525033,0.609521420191642,-1.43358619880128,0.601653615200796,0.247571887551804,0.260350028564742,0.676690636132007,0.192309535752427,-0.155088173435372,-0.0588323462439075,0.0951779335610336,-1.89570581454745e-14
"944",213.71,-0.496416387996042,1.43529554727661,-0.116025405962166,-1.68598450533856,-0.180151227922406,-1.16777711126431,-0.570726695773811,-0.191824959567759,0.114193472753435,-0.0979905363494645,0.243137812652399,0.350976303172288,3.88578058618805e-16
"945",213.91,-0.626539589490775,2.34288574681549,1.28839342364423,-2.01644738758205,-0.0975196196763261,-0.463059142763761,0.512298778468866,-0.179252229987796,-0.348374844201376,-0.189758113269779,0.178188618243834,0.0311947255483559,-2.36199948489002e-14
"946",214.11,0.329665442200051,0.89306605759359,1.37648307642868,-2.05669861050094,0.271092653179624,-1.1986392272318,0.330209223268632,-0.0588715034688578,0.19316346918524,0.0459118575744622,0.19808111130162,0.249751602018031,1.01585406753202e-14
"947",214.31,0.51594689553147,1.14848380660146,1.11783307520796,-1.42033307891168,0.560050408511818,0.267566352290364,-0.390384570202997,-0.0102994891830638,0.377637006938872,-0.0255038912000328,0.185239998482792,0.023616469431188,-2.27456942170079e-14
"948",214.51,0.893689031105852,0.186766223916007,0.329806768357502,0.131659593365671,1.36569841749994,0.587872455296419,0.219076998083572,0.412568993572949,0.365068327444766,-0.168462744292174,-0.15219320285689,-0.0375368213776531,-6.56766308004819e-15
"949",214.71,0.30876318744964,0.569726380645162,0.198549640897769,-0.202228026652541,0.285919877019427,-0.621026104874461,1.09795988159926,0.773350939770591,0.315825256406654,-0.105845875239799,0.0840705524384921,0.186983334267228,1.06581410364015e-14
"950",214.91,-0.341698521658772,0.517730704886791,-0.828217982829109,-0.828317331864259,-0.174817973104941,-0.819660777026171,0.821372254628192,0.579681841475531,0.0988298449085469,-0.113093992066936,0.303835703880154,0.33258223077046,-2.13717932240343e-15
"951",215.11,0.2884465108897,-0.019997114971434,-1.16566649138485,-0.288141944765476,1.55380897012477,-0.464700431917964,0.132770723234153,0.1134487504817,0.437028269016396,0.380528632160805,-0.00856004750835783,0.464612587074943,8.90953977261688e-15
"952",215.31,-0.697713145422821,0.906931389198533,-0.457051163131384,-0.910533119266322,0.609820107323815,0.498853893167808,-0.158117297716818,0.184037187872313,0.00348399520010954,0.678156047805813,0.201066155445543,0.42164937985003,-1.25871535416877e-14
"953",215.51,-1.28724589343347,0.562670873802011,-0.271509936041143,-1.59920758509162,0.997741228714648,1.29643911047196,-0.0238926739840965,0.453258355187311,0.222717773249112,0.130136113814302,0.0177805270520674,0.0372625143752092,5.32907051820075e-15
"954",215.71,-0.452261938412537,0.11354463966204,-0.638531468927686,-1.21719622478704,0.932806903873188,0.055554776377693,0.175107666016909,0.473409415637,0.351617972445642,0.332713813835128,0.238308359520046,-0.0881083977122188,-1.52343415660283e-14
"955",215.91,-1.45922247854868,0.628422831993353,0.14270964558058,-1.00151233573257,0.238456360120628,1.50805964253409,0.610672059725067,0.836959012697104,-0.454597247360134,0.107540831996653,0.0791491120767569,-0.0835450688562911,-1.94289029309402e-14
"956",216.11,-0.263233948305779,0.0994501306809561,-0.216686902100042,-1.01368017834656,0.897654075359726,0.487898586319006,-0.0409189836638366,0.510749641439919,0.351891462481044,0.31889026199024,0.304236976797699,-0.161494516334161,1.67782454596477e-14
"957",216.31,0.150049449012157,-0.17293582024589,0.0500934331514249,-0.823235114439641,0.733248713466862,0.206434617941255,-0.0691992227726339,0.641598461321681,0.657943753983428,0.45002968501383,0.394772288057524,-0.272050776574131,1.11724865470286e-14
"958",216.51,-0.219157439996921,-0.190583242538254,-0.646694701352898,-0.663863896525676,0.659180819595284,-0.252757295454107,-0.109355972960162,0.343308018620067,0.0824754992500066,0.227091793621862,0.0225697344627648,-0.171914618833143,1.88252191613003e-14
"959",216.71,0.0715639713103204,0.533404915539491,0.571804402168812,-0.44366145051893,0.896985217611907,-0.747097484075677,0.329488760593282,0.357051103524878,-0.433325329294461,0.472812125844934,-0.0996513886275086,0.015027766906244,-6.93889390390723e-15
"960",216.91,1.02504861248678,0.284784921305764,-0.125301565319525,-0.0392713143641625,1.06877163437841,-1.16007434088409,-0.550870077739069,0.172392502173933,-0.0392808011310131,0.666060110850551,0.0908496664443507,0.0798293647543247,-4.82947015711943e-15
"961",217.11,0.622747008747293,0.908037755223293,-0.150575357932592,0.714850875443981,1.08096423974581,-0.917634917771328,0.517840935745567,0.443287568926915,-0.996794622436708,0.0465840035041063,-0.0172684169132425,-0.241100654131613,1.46549439250521e-14
"962",217.31,1.21478180943794,1.45881186374763,1.12307639706557,-1.05751138402588,1.51014266369833,-0.872919958566556,-0.427837554873952,-0.317738830455937,-0.140575157275052,0.103043888579244,-0.138475360552202,-0.0683414245443968,1.98729921407903e-14
"963",217.51,2.49854315355173,0.837929058200295,1.96167054808429,0.405897985377852,1.53605058775661,0.0850267238117166,0.713042314120408,0.429948216283109,-0.28588717092584,0.443651030769011,0.0704997069797544,-0.00765867796477165,1.50435219836709e-14
"964",217.71,3.10030341098258,0.868724642642586,1.8939834117911,0.0028847260720388,0.564772945146728,-0.455741526430837,0.811541667877651,0.053646749371586,-0.410109721569806,0.0415964867788161,0.144608747782756,0.178350031566956,1.15463194561016e-14
"965",217.91,3.28222493014708,0.147172935727385,2.75981933972681,-0.210146825208145,0.938112483225871,-0.414325591106758,0.874268996632495,0.288509472409746,-0.1199320686567,-0.0309743313551061,-0.0854844542577932,0.583396044013545,1.44884104713583e-14
"966",218.11,2.81750657804702,-0.216354683686618,1.82925053007392,-0.873412432379339,0.980951183130146,-1.05218417981492,0.0803206810464626,0.595320236965277,1.1883414314178,-0.477724035883095,0.45727672530975,0.216504385957025,-1.26565424807268e-14
"967",218.31,2.20635278559082,-0.81583352813887,0.426679505850903,-0.118999085770353,0.322391083987,-0.704922308763317,0.545167293111848,1.0652664777992,0.689180050478221,-0.11762824078906,0.273935257622102,0.615020484774338,6.77236045021345e-15
"968",218.51,1.02056822575401,-0.283758433038547,0.847028061714412,-1.23227029044268,0.749608565051731,-0.594031477469727,0.772080426158779,0.519187901178611,0.190457587759293,-0.541795991490648,-0.117363308882824,0.354008470878033,-1.69864122767649e-14
"969",218.71,-0.450147054473071,-0.764352524709383,0.274923072463801,-1.85615338135569,1.09829782895986,-0.365798049278272,-0.00587351054461147,0.544168716726779,0.0775709551531249,-0.811040306762638,-0.157098499087919,0.268102935110178,-1.93942084614207e-14
"970",218.91,-0.299836697446508,-0.0669571161410797,0.7961898519215,-2.27405283182395,1.48348726396092,0.134186321811623,0.101948574840518,0.387280808346117,-0.214720545616093,-0.0127201417005169,-0.0802802763692816,0.185744181344427,3.21270787750905e-15
"971",219.11,0.0363056010867878,-0.580723729213738,-0.362212077934385,-2.46380077121179,1.72297606660378,-1.32562200748463,-0.374787464208132,0.139243672504565,-0.154971226340688,0.258976253501367,-0.262764820799632,0.174034689603091,1.79856129989275e-14
"972",219.31,-0.562833070327314,0.21815142855253,0.833651596594146,-2.43672009981565,2.12560976449638,-0.0878243572289847,0.0670761581731066,0.231846844364558,-0.747926821480621,0.501668032483672,-0.291375586957577,0.121434879774861,-1.2490009027033e-14
"973",219.51,-1.02289416224457,-0.0471958286137575,0.00357563641089852,-2.25657803476944,0.261346707998547,-1.07173081308152,-0.644220986688506,0.780934650345013,-0.12014324919941,0.71025137726452,0.341730119712448,0.301334722660471,-1.03805852802452e-14
"974",219.71,-0.099936474537005,0.185792195148558,1.49421147278587,-2.69497187582874,0.860550998173042,-0.968498745681647,-0.0978132567107091,0.25094503155354,0.564828706583915,0.395667140874623,-0.140100483311503,0.174741492821429,-1.07136521876328e-14
"975",219.91,0.0773505493785485,-0.152106937159424,0.0249802028625909,-1.51056242586433,8.13684250182689e-05,-1.51452617067543,-0.0693717067922758,0.460166063270418,0.441627859344876,0.0275520030104897,0.172774380649298,0.0356667220030637,-6.88338275267597e-15
"976",220.11,-0.419057489311579,-0.262070263236048,0.510703824900408,-1.95835689269405,0.298252468736064,0.0949643581925966,0.187343433689115,1.07711715876061,0.783721954535175,-0.201033065306176,0.163086605543271,-0.274009517013229,2.26069163389298e-14
"977",220.31,0.970386288631357,-0.988992326434869,-0.340866505087199,-1.03935531262939,0.53341728040593,-1.12599937293092,1.23079953776756,1.02023345640793,0.2138752690722,0.281265683108083,-0.15455505683621,0.0465839094579611,-6.43929354282591e-15
"978",220.51,0.0393596742840944,0.794627503675537,0.972891770417678,-2.83214898555476,-0.972571541661757,-1.60167182929585,1.78395876805981,0.688564048647434,0.0525197382949028,-0.239039008324872,0.259635497553068,-0.181038537995502,1.80411241501588e-14
"979",220.71,0.524999038716534,-1.39870267157893,-0.117706178722438,-0.670528365415483,1.41803242788619,0.017954340878603,0.496606935532578,0.995534446529024,0.59684938771811,-0.0897279206771429,-0.330373335666601,0.0842641492341726,-4.28823643261467e-15
"980",220.91,0.274188350214932,-0.256828231725296,-0.478583197874405,-0.42899406045091,0.464855495595959,-0.741974792393907,0.694908499742007,0.836121454638413,0.0601409224103006,-0.165762585201389,0.062690369982993,-0.183411610060791,2.48412401759879e-14
"981",221.11,-0.49777560598925,-0.578969666524988,-0.532874827286296,-1.34823823710119,0.119762300954072,0.304728194868281,-0.206516856419734,0.825714745530814,0.512626422416303,-0.231004734818235,-0.241842199785772,0.294548952894698,3.96904731303493e-15
"982",221.31,0.0378411300095099,0.300783992349723,-0.693233893013001,-1.8336902198336,-0.0395031001335225,-0.657859072052733,0.147542595999528,0.257290665319626,0.483194067711702,-0.171242313967118,-0.0803954656532276,-0.338561635153587,1.41553435639707e-14
"983",221.51,0.787451926020713,-0.262925882828635,-0.767116101859802,-0.682984691404923,0.813666930268176,-0.627875615475394,0.243421758350593,0.26802825370371,-0.00778848168530642,0.381688937557559,-0.250910189559999,-0.230042951406786,-2.91433543964104e-15
"984",221.71,0.979876957752448,-0.923902079353412,0.383768703752752,-1.3396366887152,0.686194746657443,0.719318755525118,0.385059866561859,0.656902036919735,0.368534050386872,0.492156720130297,-0.47988603419598,0.036501371578334,-1.60982338570648e-15
"985",221.91,1.79075118645061,0.112797698454327,0.237102591306165,-2.43993025802873,-0.281279723910312,-1.00042462142223,0.143595638888863,0.143104466831166,0.891363113746787,0.0847417945660534,-0.107208051279366,0.122020414076042,2.27595720048157e-14
"986",222.11,2.25221548662178,-1.05954453313212,-2.01711619725497,-0.776527367600197,0.490328510768156,-0.565928405550693,-0.388584639087975,-0.0771510475054334,0.40643101968616,-0.0827247850201409,-0.254418056602426,0.180150596515532,6.49480469405717e-15
"987",222.31,2.43437091309019,-1.0286437013368,-1.20783569397905,-0.599097877699353,0.398348189262557,-0.0891401663605507,0.643141381443869,0.38392618269451,0.00487720356081116,0.604930874722363,-0.273109128939965,0.244055596321698,-2.11497486191092e-14
"988",222.51,2.69695587068518,-1.31469231233061,-1.17824284536057,-0.5915027469177,1.05281255411395,-0.971588661920914,0.29711638547911,0.0562815076173938,0.256088631421689,0.306440224309882,-0.208331316334746,-0.0693598722253737,-4.05231403988182e-15
"989",222.71,3.2202127997825,-1.28887569449736,-1.73672243668536,-0.0415581045790682,1.48940949636199,-0.70116098367084,0.329082104559795,-0.26674167682893,-0.377607736917402,0.670360051476843,-0.726161785274094,0.40361899389839,1.3988810110277e-14
"990",222.91,3.29038236497364,0.803412470955716,-0.0102608160619546,-1.39293074137633,1.40019138276809,-1.2673415456465,-0.463625063466073,-0.763092352215681,0.324244102554925,0.725742410128559,0.0695412166951813,0.0442388000532682,3.66373598126302e-15
"991",223.11,3.31503885464979,0.749634575032048,0.831081289035414,-1.00279738972166,3.13341467354696,0.0309263241069686,-1.32943754192442,-0.642259308531872,0.473734889008505,0.631922317657851,-0.00421155247317358,-0.0467987149206999,1.765254609154e-14
"992",223.31,4.17522000667106,0.299355307269154,0.591610634621627,0.545426883850901,3.20416721426654,-0.0919000681394275,0.210681516873034,-0.308823716705801,-0.498573297077751,0.690140852683793,-0.326531953623278,0.211596871377643,-2.09832151654155e-14
"993",223.51,3.68610084273233,2.6796894791714,1.38085991653644,-0.108040052284907,2.24009957796148,-1.12979978262897,-1.06448092526413,-0.773884984897932,-0.36447328664066,0.573472793099347,0.251656455992308,0.26447864147627,2.04281036531029e-14
"994",223.71,4.76440002151941,1.68606278438487,1.1445320635577,0.162449900880479,2.83818933180604,-0.754252485275511,-0.173480825368355,-0.653467010206495,0.0149989387959178,-0.0396143395579879,0.0770173526843606,-0.277152730274149,5.44009282066327e-15
"995",223.91,4.82794405250965,1.24647283948637,2.26055756015506,-1.46930346370867,2.3964715576722,-0.959669108892913,-0.242871894027937,-0.768871564639144,0.739810635116607,-0.717404417127768,-0.220192987374106,-0.0827263679280681,-2.56461518688411e-14
"996",224.11,5.56799006325503,-1.20824550496042,1.22227432349018,-0.432606675912801,2.1659091119031,-0.747539258361078,0.427572892545486,0.304856151561895,1.1492846475184,-0.281769648806001,-0.099556900770722,-0.0605614054975825,-2.52020626589911e-14
"997",224.31,4.58371588511628,-0.508028632968621,0.305009054948252,-1.07184673606495,2.56216295041959,-0.979123526948869,0.041205456279173,-0.579229874970697,0.200288070057835,-0.648763765813232,-0.338726666198738,-0.441522611278762,-3.5527136788005e-15
"998",224.51,4.18478683592886,-0.247032391455854,0.942226629911811,-2.47614348648142,1.1843948056002,-1.32147703109925,0.32914395726501,-0.672279624742411,0.304367089148181,-0.415993196887946,-0.262745247886449,-0.110425931148115,-2.14273043752655e-14
"999",224.71,4.36848097423304,-0.135630312003425,0.135345763655107,-1.33061629357445,2.15343848696466,-0.891276416260523,-0.624065557859186,-0.852371810673047,0.646752513747656,-0.0231858202681208,-0.277145115683471,-0.142660457324578,-1.98729921407903e-14
"1000",224.91,3.62939887651671,0.641224586070566,0.457720893197857,-1.91618569245552,0.778436694471228,-1.28949257285485,-0.00366779726136046,-0.658031596124736,0.749288279985088,0.0488163269859154,0.0647705907721851,-0.0588211656244695,9.43689570931383e-15
"1001",225.11,3.21893492417765,0.595975785003744,0.972387601460321,-2.42448065613129,0.191129259147265,-2.02355902822517,0.92561888197664,-0.420259004589333,0.51951349606045,0.188779926021149,0.186676573642828,0.217598879732908,9.88098491916389e-15
"1002",225.31,2.95877868704009,-0.425211606047938,0.35693419219543,-1.34042994486219,1.15732069089875,-0.0194929033029895,0.733793082879946,0.20596903726675,0.953304046238287,0.527311133830712,-0.00327007625561,-0.111344321404827,-1.27675647831893e-15
"1003",225.51,2.64428073352438,-0.495377159761398,-0.00112332262419806,-1.61559377034567,0.788626335093123,-1.36585258801122,0.676896015275148,-0.0691033988517943,0.696465633674393,0.34024792294467,-0.258976182017008,0.0231742035954022,1.93178806284777e-14
"1004",225.71,1.32532300086878,0.395709203606704,0.200080915304171,-3.08214882134569,-0.398922890018105,-1.32405998781911,0.464664201756121,-0.367445970923308,0.316215525018675,0.027255010972881,-0.196760088432807,0.0672009238686682,1.68753899743024e-14
"1005",225.91,1.68924559439426,0.0956609755806871,-0.687900878070873,-2.09771085378316,0.0887736017238033,-2.23204707426488,-0.644391078942887,-0.57939433396809,0.519599962385157,0.519972521260285,-0.238470184334317,0.368643117262502,1.0547118733939e-14
"1006",226.11,1.72723454158311,-0.712069622033159,-1.4088159235173,-0.976652010644519,0.401367986854583,-1.37074247615651,-0.505694523959132,-0.395116620256627,-0.104128193236139,0.688887320312051,-0.101038219777677,0.16478365010001,6.10622663543836e-15
"1007",226.31,2.06808361443593,0.0357424389352659,-0.790706851390251,-1.87341742656287,0.0419305810132856,-2.21492414144497,0.823511436899563,-0.768345953894675,-0.105484558878713,0.368786420412423,-0.339725698465219,-0.255572662769592,-2.23154827949656e-14
"1008",226.51,2.13016281492351,-0.850463016590317,-0.889001925007013,-1.53335120801281,0.626013991748186,-1.50344534158886,0.541695817542391,-0.457197888614056,0.155369118229921,0.559650780264672,-0.580209966924413,-0.0126944874882898,-7.7715611723761e-16
"1009",226.71,2.12064750778344,-0.876840214561629,-1.5827147920127,-0.208032136188424,0.786274612474072,-1.07918099427349,0.709113339657444,-0.0251548176535036,-0.0218088520841197,0.632923299700112,-0.6114220883181,0.329173846686055,2.11497486191092e-14
"1010",226.91,1.88385732090654,0.609422660613551,-1.12695727528396,-1.11622916410497,-0.239778570929591,-2.20466413855267,1.05945342810883,-0.202316953641122,0.258062145486834,0.307740573825565,0.13839137407373,-0.0461827906707695,3.33066907387547e-15
"1011",227.11,1.09512940538826,0.394258944955807,-0.7728385935004,-0.957867622262544,-0.119407899071867,-1.66232917989015,1.35491954782549,0.091483935514804,-0.128760727272175,-0.00735379841549189,-0.0118410125697519,0.059964190808632,5.82867087928207e-15
"1012",227.31,1.24602794619498,-0.384474772502074,-0.617758551383071,-0.773512778643205,0.593691335053669,-1.4962179315899,0.461262443674784,0.0541067885411359,0.303291362492385,0.577576472215809,-0.0299360120274561,0.232396278335537,1.75415237890775e-14
"1013",227.51,-0.146532176576681,-0.450341911745244,-0.868898519840129,-0.772664248108701,1.37796798358793,-0.35279736288596,-0.607200478402353,0.302381947159351,0.109787296064543,0.393969448874498,-0.253866280648598,0.0876306179405143,1.34892097491957e-14
"1014",227.71,0.215539808727579,-0.556806925828966,-0.479613835857617,-0.701424129882875,0.704310469389603,-0.404901456028971,-0.0552416495127689,0.538831944879222,0.231306150428595,0.712117112544828,-0.186760128658539,0.0557615767162555,1.69586567011493e-14
"1015",227.91,0.0401864904747602,-1.08256642367204,-0.248002954275948,-0.756725586666423,0.758076334766931,1.00353832962627,-0.119085971437407,0.825533530409819,0.767136994475213,0.427215898750674,-0.0957658445191387,-0.165087474387819,-8.24340595784179e-15
"1016",228.11,-0.145481367500595,-0.603903278286394,-1.18400906948373,-0.912662774307528,0.0157495026545824,0.145419190077001,-0.391526706841883,0.362407954860448,0.527752639149653,-0.11748261244248,-0.257916459276755,0.0232284834898527,-1.11716191852906e-14
"1017",228.31,0.865141576921399,-0.238977762807021,-1.86581559767832,0.367363034382876,0.0951996448857341,-0.219051356213742,0.301921991650788,0.254715247230037,0.128667455801281,0.342188114835355,-0.208840490104952,-0.1030020519268,-1.28508315100362e-14
"1018",228.51,0.985814754523481,-0.400842739254803,-1.35578717371985,0.625378548436986,-0.0389305893831411,-0.166024990617139,1.05972549618806,1.00643701135348,0.147696783108429,0.350062073677748,-0.367414841858299,-0.0701438150489768,1.44866757478823e-14
"1019",228.71,0.969072546284042,0.699142121410706,-0.360332243430382,-0.251479140547102,-0.181598630286231,-0.602713098759404,0.362358203858642,0.230455914273932,0.163783681452967,0.0891039040941281,-0.233128432117212,-0.0501044432592424,8.18789480661053e-15
"1020",228.91,0.369320431117143,0.31817924333703,-0.394632948503017,-0.580086407286237,-0.75049032023982,0.474149439615782,-0.811401941634751,0.454931642471931,0.184987291124625,0.251644233260926,0.0277111533831673,-0.0147965114296225,2.21211937656562e-14
"1021",229.11,0.90200409228672,0.0840714074099351,0.610502915575501,-0.97917456688073,-0.55452060602104,0.595403193106353,-0.608557458898055,0.475532719929824,0.455237220586508,0.30396661711298,-0.316878674425995,0.157371418000285,-1.43496325932801e-14
"1022",229.31,0.348404814653064,1.12915881569097,-0.0672909162488681,-1.45520863769169,-0.564763240768601,0.900662718209492,-1.82395812322128,0.249077365766125,0.777806600588132,-0.149743104798985,-0.0783465492329305,-0.228365294661471,-1.18793863634892e-14
"1023",229.51,2.0028585049911,1.3031095321113,0.593681787197033,-0.208966186771055,0.0265304233973957,0.229377154360007,-0.688722228889177,0.0961063175112498,0.483222429677949,0.0652586731281222,-0.32458271256164,-0.0157284860995904,-1.11022302462516e-16
"1024",229.71,3.37526062006517,-0.0554909825203169,0.410728939599683,0.33391970366373,-0.568616308375357,-0.237892261277532,0.161346514877368,0.67669953376887,0.467063974303063,-0.258045834822574,-0.272614967317637,-0.046651402229928,4.44089209850063e-15
"1025",229.91,5.04352497623791,-0.760434320268968,0.672266995548257,-0.50314543630783,0.174374730457573,0.0251376683748681,0.459709020307944,0.141579972856882,0.798496126311756,-0.534256654396692,-0.381046727306227,-0.10099843447992,-9.49240686054509e-15
"1026",230.11,4.90540521293737,-0.986148062640157,0.0571896324633293,-0.216209159163128,0.030973561585517,-0.086740978279329,1.02319573207586,0.349516169633467,0.342384834539604,-0.436545228669989,-0.29716160291768,0.0402486014196923,-1.74860126378462e-14
"1027",230.31,3.33182769132448,-0.30086998073527,-0.223951025366374,-0.835461804773671,0.60001344744751,0.134334812056792,-0.14283776691729,0.294052439605418,0.679746821099871,-0.31902907960036,-0.161601621843211,0.0519524205804381,8.71525074330748e-15
"1028",230.51,2.66642315856583,-0.709171725066296,-1.28795774260756,0.0398695043116034,0.0655860854732017,-0.939912035707863,0.387595621227655,0.733337504396532,0.196555750501621,-0.0737964037979881,-0.108418966793858,0.338241182475238,-9.99200722162641e-16
"1029",230.71,1.71852242807172,-0.798217420372736,-1.29028686201258,0.392906546927212,0.450033960656708,0.181047998467685,-0.0253734220367544,1.33060110022862,0.0397247464359877,0.334876482058725,-0.362192183358717,0.561118806889513,-2.35332586751014e-14
"1030",230.91,1.56530207445952,0.608790816348418,0.467820767462753,-1.46757927438707,0.280752158180971,-0.820717856594531,-0.934969210646891,0.313593831811057,0.349714201578307,0.506733888906867,-0.0780609284138322,0.738755353392091,2.30926389122033e-14
"1031",231.11,1.32140138955435,1.10126713816861,-1.28566393130006,0.722510229728483,0.134483862775514,-0.313096817972035,0.0335909051272791,0.744689820736088,-0.510547383385312,0.18792322228523,0.309053309225326,-0.169631175051721,-1.67366120962242e-14
"1032",231.31,1.16429981192925,0.830855439016133,-0.541873598861747,-0.0309953290680268,-0.216556330039075,-0.140098874250062,-0.60414982662111,0.713980600125657,-0.00240407313126362,0.524899691105824,0.0899075764779985,0.172094984456421,1.65978342181461e-14
"1033",231.51,0.226586887717348,1.91177150027446,-0.634983287309208,-0.872880000755593,-1.04859629998765,-0.191042902744851,-1.17871319029879,0.244597855107223,-0.713350366062036,0.240424094682989,0.0380376215910068,0.362545243422906,1.74166236988071e-15
"1034",231.71,1.64891386529259,1.65331796795507,-0.787283983106294,-0.0641603510762247,0.0466902792020714,-0.475069155084057,-0.998651126527885,0.0168604575662075,-0.229340443631826,0.226938629957444,0.243996077748835,-0.0730785242849161,2.03170813506404e-14
"1035",231.91,3.07045029830172,1.03701682404723,0.883960695258651,-0.36591439337172,0.731637393642158,0.797333597912272,0.0878884085593561,-0.25999745010984,-0.0293883041534508,0.00796463679127329,-0.305346990718254,0.111977667469111,-3.46944695195361e-15
"1036",232.11,3.59037563302878,0.303758646204838,-0.0813992149102223,0.271779393566453,-0.0227095683891176,0.494785422364632,0.479730086857899,0.190466724478835,-0.451897197068352,-0.0997868227563457,-0.33483938808824,0.346941945485612,1.02140518265514e-14
"1037",232.31,3.702508946461,-0.572538459900921,-0.294883391552238,-0.706349209639574,-0.597810848365981,0.626464467284649,-0.889243577644077,0.430367290051835,0.730849667592016,-0.239605039652592,0.098655731348079,0.352206040487068,-2.1690982343614e-14
"1038",232.51,4.90078064532968,-0.879838499390948,-1.10433486826592,-0.472652848158892,-0.933164022587593,-0.43411463913725,0.57950929012456,-0.0419201086801627,-0.11504968873271,-0.558676869455872,-0.127146486489642,-0.234359412618738,-2.54241072639161e-14
"1039",232.71,6.65697451601314,-1.79841514000511,-0.452301143356524,-0.130053681774932,1.09802172174945,0.479730851529106,0.396198199040135,-0.764998674262999,-0.0696497945446995,-0.0855714480120412,-0.698444771459919,-0.433655931515079,6.43929354282591e-15
"1040",232.91,6.76461210153894,-1.95609711066317,-0.537406542533961,-0.281488954338005,-0.255456924345289,0.0693378384676668,-0.614756088279508,-0.00143425590592622,1.12069237387568,0.332910928255132,0.342749588392341,-0.215384516785847,-1.12132525487141e-14
"1041",233.11,5.7051783783672,-1.14719815032833,-0.502973730795198,-0.154559254265571,-0.677945185340609,0.821831572783161,1.03976995265405,-0.0103262112058991,0.245040409754735,-0.455220116498451,-0.00666552470944207,-0.325208362541217,-4.85722573273506e-15
"1042",233.31,5.17264494512748,-0.490043281680618,-1.81713565085424,0.119053185306789,-0.874104659576743,-0.631607003013122,0.29335563352187,-0.0160693399016659,0.189012813012867,0.052640353189551,-0.00875919225494012,-0.166527442672735,7.21644966006352e-16
"1043",233.51,3.53136620579118,-0.495733483614335,-1.10514070823977,-0.422909406154354,-0.152922023400277,1.60675579094698,0.279640347193483,0.615032692884128,0.237677396811034,-0.345306142360844,-0.473956646819738,-0.256203652038924,1.20181642415673e-14
"1044",233.71,3.722708898137,0.0184822932984657,-1.40034510447766,0.403027702934748,0.439892621988423,0.989471715654748,-0.0664432134152594,0.299112667669507,-0.398343216920842,0.0655197022197552,-0.412054709091379,-0.0888376036860791,-9.75608482889356e-15
"1045",233.91,3.08943573944514,0.106631644445286,-0.818745903335876,-0.409618459109908,0.114485289362878,1.76556904524692,-0.0767670761274473,0.535374177661581,-0.377516428272348,-0.225291007631241,-0.243301647606124,-0.157321954789595,-2.54518628395317e-14
"1046",234.11,4.7942195757048,0.896404068077048,-0.135876619317393,-1.36181634561206,-0.387519542880382,-1.06453554908696,0.96300162084622,-0.261808399917907,-0.0722419227419465,-0.0608743906647135,-0.0514345568486795,-0.132223889630866,1.16573417585641e-14
"1047",234.31,4.47669697623188,-0.400255173356061,-0.325547461872241,-0.888800202505842,0.59877401562933,1.03811206633885,-0.1319365291016,0.278216074805775,0.628808426278717,-0.0134276993510929,-0.0485425409269967,-0.236922823685194,1.85129689356245e-14
"1048",234.51,4.10331379560251,-0.391235958064295,-1.37849676880739,-0.488561729132404,0.0344736560957525,0.710948809658961,-0.59118725500626,0.243413855658201,0.217207032593571,-0.404343050151907,0.308386635793766,-0.457818627172205,-2.692290834716e-15
"1049",234.71,4.92136209983287,-0.0106914620987865,-1.11060571913731,0.812865060132016,0.766032960024282,0.402641204871183,0.575924178946872,0.388565251334598,-0.404939263930806,0.169042214651864,0.148762121947707,-0.440593015851721,-1.4432899320127e-14
"1050",234.91,3.62355608878688,-0.753963209658652,-1.29409251255992,-0.462761562331053,-0.835365091302493,0.29516506903894,-0.131238144397998,0.436245632604257,-0.220267116587671,-0.25999374772632,0.190261170627163,-0.360682364033271,-2.16771045558062e-14
"1051",235.11,4.81188483342587,-1.03897598085598,-0.980017885292436,0.46823657070043,0.704131157049462,-0.692563402898291,0.274217314854801,-0.1064847888677,-0.175223668464435,0.239551639085166,-0.237311137272642,-0.00458028836786801,-3.15303338993544e-14
"1052",235.31,3.48446163142565,-0.00391549182269292,-0.179952525360189,0.3659582301982,1.26340302732978,0.893214361185438,0.658674068873561,-0.0289181165381434,-0.939724351159052,0.00990004202749494,-0.471121900232952,-0.356632369472513,-2.68396416203132e-14
"1053",235.51,2.66462348256801,0.839849034892237,-0.676899672562586,-0.400453555998376,0.119829906021421,-0.040552839338889,-0.489391061524483,0.0061415028762847,-0.660522699605405,0.195680599592855,-0.0476765705011835,-0.33615796972355,-1.32671651442706e-14
"1054",235.71,2.81766803243225,2.25777310120121,1.64844071351822,-2.56360236237435,-0.959576457713092,-0.915785036338206,0.114387684538966,-0.278526920487187,-0.300706679447785,0.375901868378421,0.0155711401189009,0.116712435703892,2.69784194983913e-14
"1055",235.91,3.4804224416115,0.919332956542405,1.45279680880601,-0.894420331955728,0.359305485642111,0.458844127443994,0.667966204507075,0.66424758239667,-0.39182961299874,0.414931608198519,-0.100729179836979,-0.192907766726307,-2.53685961126848e-14
"1056",236.11,3.47181091612716,0.163812940305913,1.17971364069947,-1.06029635348283,0.586131041145393,1.27606616458405,0.310210665580676,0.765457944309025,-0.619918053015178,-0.400869530858401,-0.201390994413463,-0.299577658139413,5.08794395503998e-15
"1057",236.31,5.08373380901422,-0.692613053634485,1.25282584118491,-0.685878528913987,0.565076126124873,0.295609395314558,0.817565131835145,1.0637551994791,0.271085604119388,-0.183747186350149,-0.0881669676947027,-0.425192658395289,8.32667268468867e-15
"1058",236.51,4.15755930271038,-0.871517830942816,-0.225008371903379,-0.806458056814683,0.514416656619671,-0.00835252188352786,-0.0805194404983072,0.630269624858773,0.11652638487504,0.154570831210575,-0.395565321347029,-0.101900896374269,-1.18238752122579e-14
"1059",236.71,2.24825946586245,0.574971380946831,-1.74017439777086,-0.18432480228258,-0.345123676074961,-0.809344361502803,0.0178616872023876,0.351505789730213,-0.822846383216134,0.111307009630549,-0.0583397137248927,-0.576295628768915,2.07056594092592e-14
"1060",236.91,1.21421132214637,0.469507126361515,-0.617333548749029,-1.17205292086503,0.355411509590385,0.250006969422739,-0.53254901865048,0.423242916343712,0.440833981619884,0.186689848678487,-0.106401973245075,-0.618335467206517,-1.12132525487141e-14
"1061",237.11,0.200254072090241,1.69172264582667,0.166637518126488,-1.35150645051457,-0.355378620305353,0.370119374725898,-0.41811894766113,0.439645680222428,-0.182592909546665,0.439126379502635,-0.210802818652522,-0.352517056923009,1.10259024133086e-14
"1062",237.31,-0.233832566600652,1.72881616131314,-0.399842186156854,-1.57554811727176,-1.3408721816201,-0.280843644873262,-0.0486602339805604,0.401939581785558,-0.634130599983141,0.158555229079626,-0.286611865675762,-0.278853980618671,-1.62925228863742e-14
"1063",237.51,1.51217581764455,1.00033054490524,-0.0561458826172539,-1.25585435030103,-0.0737359433265078,-0.746246621877407,-0.272533572215771,0.048837091445827,0.372462551111005,0.61889712847916,-0.206580325092521,-0.295666070374885,-4.38538094726937e-15
"1064",237.71,0.508607778864943,-0.0525491973168617,-1.06328601603638,-1.26134995741676,-0.15204676674421,0.843577294391125,-1.57399077022717,0.670102094872384,0.758623056339128,0.384696582702854,0.0687974827203925,-0.389100109071409,-7.7715611723761e-15
"1065",237.91,0.531875404448424,-1.00303579699487,-1.48101658893623,-0.948939906388675,-0.251308080279786,0.863485275448934,-0.119284387932283,0.808553478725165,0.0386201792589669,-0.107437779599797,-0.598036830038888,-0.0893563682177557,-1.9373391779709e-14
"1066",238.11,1.25988599476944,0.372978439769974,-2.09039134209101,-0.419786832346739,-0.299732239247626,-0.713901045581984,0.0512038829489996,0.376997870680747,-0.352983625901209,0.494314773986434,0.0499542157738482,-0.153232114697911,4.55191440096314e-15
"1067",238.31,0.65537726381656,1.40343096046411,-2.26608006974508,-0.976105931839245,0.702400219833872,-0.944966161241471,-0.331182069626469,-0.178026183883082,-0.778432493927768,0.115968690728703,-0.424998838888284,-0.139638957864857,-3.33066907387547e-16
"1068",238.51,0.626952959718066,1.19305308142809,-1.01916433659821,-1.67905558867179,0.319245389749576,-0.353753832356994,0.265433659723042,0.343877641737082,-0.790250875386867,0.382388830460607,-0.391374407176569,0.00249494132029776,-2.57016630200724e-14
"1069",238.71,0.458776618847729,3.38132082650174,0.788026831204639,-3.40266665883479,-1.03417933274291,-0.717481523433921,0.706609638122541,-0.159620957603621,-0.952429313928394,-0.0878953995476037,-0.0694718553250338,0.0359309905386623,-8.46545056276682e-15
"1070",238.91,1.16196603538358,3.04621658103007,0.00359074553243097,-2.07213955732023,-0.424561470447338,0.127008703377137,-0.641454547409871,0.263201181221723,-0.804410188732695,0.414190494882206,0.328800254813583,0.512889134877044,-1.45161660469739e-14
"1071",239.11,3.14581281133221,1.33661043876479,-0.296783201673333,-1.12168776601322,0.219810999797536,-0.460742000956434,0.189017289273943,1.02069103870506,0.147887481243023,0.0551924656306052,0.4772925080847,0.415166743727348,3.71924713249427e-15
"1072",239.31,3.08760733204416,-0.471221844955327,-1.30039464694701,-0.504535894333871,-0.30403683968377,0.37279448153919,0.161244672992736,1.69190738625697,0.501613281235214,-0.56525800719538,0.310067954543493,0.373051851118229,1.67650181931434e-14
"1073",239.51,2.51414337699861,-1.46286659708841,-2.32201951507608,0.408495942922061,0.000538622544074548,-0.0291347540396396,0.634553425848466,1.64325469468902,-0.345822016919689,-0.654028372964629,-0.364079516636608,0.428565206797257,-1.58623114643319e-14
"1074",239.71,1.45600135608175,-0.638266327687818,-2.54178583114335,-0.378185282500161,0.268541868363762,-0.136461359415525,-0.0824774114031516,1.35306303203397,0.0500199907647612,-0.63000665425288,-0.120202111634271,-0.248667907179526,3.57439772225021e-15
"1075",239.91,0.468244352189577,-0.243460867085765,-2.05688393472136,-1.43903579835689,-0.285607251975663,-0.41672401359176,-0.503763950108396,1.41846109690457,0.212740915887426,-0.158152655654109,-0.0573539509782688,0.22824615622352,1.47624967805626e-14
"1076",240.11,0.356657405389293,0.591493404152701,-2.10083032042596,-0.608386807893521,0.752403916801621,-0.113092457308675,-1.05735439111387,1.21050543423145,-0.134099750806735,0.64762651298181,0.123456671323642,0.108465034438269,2.99760216648792e-15
"1077",240.31,-0.570001376970338,0.712488549718571,-0.261719521058046,-2.20876911671369,-0.150695865104424,0.852270662104489,-0.612247915932308,1.08049808421189,-0.274063529234486,0.285673101446953,-0.307521931064782,0.36058581172164,-1.19348975147204e-14
"1078",240.51,1.10306696368475,1.33047540567962,0.404088280807264,-2.03526153621666,0.106137017764121,-0.437117447595725,-0.252900061617555,0.592841953195132,0.186759555584509,0.814771148749383,-0.0383193901703208,0.419407892579372,-4.55191440096314e-15
"1079",240.71,1.27407486755264,1.29622275836542,0.191824663052238,-2.26856404351141,-0.681211197256208,0.471725509046664,0.501066324547291,0.518230491486895,0.192590259161249,0.150484872070476,0.139309125059453,-0.186263396212439,8.52790060790198e-15
"1080",240.91,2.61881132856849,-0.369188595341019,-1.35484806784283,-0.772339562737159,0.499934956655536,0.469028146535712,0.0593404284415537,0.614091910286859,0.803721722073347,0.294745013105807,-0.177991950740731,-0.174126150759673,-2.33146835171283e-14
"1081",241.11,0.30353021115196,0.89567655624621,-1.50735217785881,-2.29001355144682,-0.684021337001977,0.632082865050367,-0.657339283193668,0.167334289483283,-0.515274500641759,-0.184349555287148,-0.502847368497479,0.00917426045102376,2.44249065417534e-15
"1082",241.31,1.48078749875666,1.22894168214071,-1.47066006432267,-0.504623566632043,-0.354852394853506,-0.918179648803807,0.27947989429367,0.0700149121050416,-0.717600096160175,0.735169220119791,-0.220123420861403,-0.160039915734027,-1.53765888910584e-14
"1083",241.51,-0.271433655659344,1.198389134619,-0.679692694825753,-1.25156376069138,0.202730603597606,0.827035720425719,-1.40671270047487,-0.033754249576988,0.0107652612585377,-0.0204873413192394,-0.351865659313944,-0.233966614188722,1.62925228863742e-14
"1084",241.71,-0.0267139618816558,0.290646708824542,0.551768128244062,-1.52998287420771,-0.195124730666569,0.591006046729274,-0.159848997403346,0.377209138662464,0.281879986731351,-0.18118403912234,-0.474075899189999,-0.0274486198553229,-2.12885264971874e-14
"1085",241.91,0.363727074099688,0.628280854573885,0.021027546232946,-0.558942594707198,-0.200035788688558,0.0426257255482699,0.587484827921297,0.322073999936985,-0.652831649529613,0.11116882842261,-0.387826876407173,-0.0895727596639328,-3.36189409644305e-15
"1086",242.11,0.334484962601934,-0.124303414402091,-0.553535832908675,-1.43641172897747,0.127117393958895,0.696842624090942,-0.34962084194349,0.290128444512125,0.0565416556859981,0.125899984639384,-0.201982993865634,-0.0306609089816285,-1.97064586870965e-15
"1087",242.31,0.328899761420919,0.672775631676166,-0.945423246820075,-1.55009463934709,-0.257363461076135,-0.626622261034139,0.310352306737755,0.0197279542512245,-0.397491874986793,0.257443944858853,-0.194868261089099,0.102602877965443,-2.24820162486594e-14
"1088",242.51,0.0956611039853118,0.71679045840646,-1.37396145311249,-1.79244987089274,0.260794599082914,-0.29639148160705,0.00373156938350593,-0.0762023023164045,0.0722306823547645,0.275379303017123,-0.185868467815544,0.112192574767562,6.99440505513849e-15
"1089",242.71,-1.00942251505471,0.560379382657829,-2.05346855618741,-2.19370882113564,-0.823247418459288,-0.32265349396624,-0.488284682398585,0.176866141186935,-0.211728807346333,0.0832812832902653,-0.30928763263798,0.451438113424383,-1.79717352111197e-14
"1090",242.91,0.0473191038906686,0.224809054239351,-1.53229356340869,-1.25128653915923,-0.0200435268619917,-0.679525009235909,0.0568782513988274,0.669176283231567,0.503286390117446,0.495801893923352,-0.0361883596397019,0.218449572748115,1.38500322321988e-14
"1091",243.11,-0.226245097968882,0.642290718567463,0.0460253192370492,-2.20554514577805,-0.503993099378577,-0.146055029274326,0.865674379762231,0.832134564992563,0.78279283661622,0.115631005792255,-0.0805443339531244,0.170166499949566,-2.45081732686003e-14
"1092",243.31,-0.455571157754151,0.267898467664779,-0.537112700559808,-1.28691720470918,0.450013957512178,0.686405433589101,1.2866204686662,0.985640527365265,0.201180953745655,0.102868152014514,-0.16181692344627,-0.122111579746206,2.02615701994091e-14
"1093",243.51,-0.74828438807589,1.09707995443773,-0.956969288569266,-1.89647224581018,-0.732483401111917,-0.905241966668662,1.08819333891333,1.0988189618147,0.185515273831038,0.573531579626203,0.443223533388338,-0.0356737420775757,1.55778168142717e-14
"1094",243.71,-0.322413462092112,0.853654389240347,-1.5757594943746,-1.42965771389492,0.966408399538036,-0.716969951865082,-0.0888690715594728,0.322037223591204,0.450164759311944,0.645017179365837,-0.0691642900818181,0.218953655341572,-4.71844785465692e-15
"1095",243.91,-0.0553827077724972,0.397345231874234,-1.54181492935513,-1.17833268856167,0.303824802103879,-0.362878425643472,0.148211631918344,0.672697560156716,0.686287974537477,0.594983306508867,-0.131403585470444,0.146771338661449,1.92623694772465e-14
"1096",244.11,-0.0307430747722484,-0.19062191886868,-1.47817414856119,-1.01383331278055,-0.314170435163334,-0.00787369258301729,0.084467409664166,0.912932573282958,0.5557870494576,0.543098138975012,-0.123106657442007,0.188111113024523,-1.77358128183869e-14
"1097",244.31,0.945838031868823,0.157427052046662,-1.24120548173631,-0.716790322179636,-0.11564998111355,-0.12187860778312,1.02326782073094,0.855057422169958,0.707058130440897,0.326073106021951,-0.213748137253541,-0.0667103839850718,-1.74200931457591e-14
"1098",244.51,0.606303309473061,0.408432463120494,-2.0544472006611,-0.413320158803251,-0.99859126103386,0.534807260729825,0.12790022677349,0.557540839458308,0.0493400841853168,0.494356377889535,-0.381626490991044,0.412775895108335,9.52016243616072e-15
"1099",244.71,1.4738971824287,1.02651129880685,-2.36649309730705,-0.112623174356105,-1.09879852269472,-1.14632764216387,0.68226218114276,0.380441009441478,-0.163815127565993,0.247930342046553,0.0134748077978669,-0.0961299088530612,-2.1094237467878e-14
"1100",244.91,1.18830804157187,0.545209906867117,-2.871648521139,0.298406161342121,-0.708800348156994,0.291707021090721,0.206150144338804,0.657771195138418,-0.652527530593836,0.104799039357455,-0.367120035053464,0.314365878172948,-3.60822483003176e-15
"1101",245.11,1.43182864425737,1.48667103773316,-1.19479978022714,0.548766056501518,0.556558573643758,1.54282367011749,-0.251583360972599,0.570647753960022,-0.836431179927183,0.646263901670741,-0.256522389700639,0.356230520981912,-5.57887069874141e-15
"1102",245.31,2.74792867385415,3.32408579793965,0.657006273469764,-0.91480129995424,0.135012028335516,0.189134776808847,-0.410875972668337,-0.260277118682086,-0.114126150201472,0.808219337036285,0.522968679758065,-0.177983786069176,-8.27116153345742e-15
"1103",245.51,3.26956100763661,2.3382601361369,0.0361309132813551,-0.358052627039798,-0.471279248867616,0.16379753764156,-0.196209219080826,0.432355860488578,-0.462197493922559,0.576444395275603,0.234433878424799,0.224813462494868,-1.09356967925578e-14
"1104",245.71,4.25374720284151,1.35136010069575,0.128638586698041,0.005708759289839,0.37839387543837,0.797355676972242,-0.524954344272181,0.629394767603157,0.431882213642644,0.168801281854733,0.15901117417189,-0.141492096364546,1.43773881688958e-14
"1105",245.91,4.0637073055314,-0.0668782295310065,-0.191747073978428,-0.279008335116105,0.809450812236653,0.881678118641244,0.0713534630030672,0.600446560279392,0.377432452390272,-0.397449987644029,-0.383832986027768,-0.0979877614936826,4.19109191795997e-15
"1106",246.11,3.86518539664182,-0.700261537659998,-0.581523189666043,0.393339395651496,1.290447736402,1.13857514192035,-0.0388604874784537,0.76937400537043,-0.00013560019013974,0.116187042719043,-0.668231383936253,0.0553922976651758,-1.31006316905768e-14
"1107",246.31,3.70702116712033,1.24320139669675,-1.58091154553113,0.354215616476358,0.584063779939411,-0.0834681168408407,-1.74406780829439,0.039937126080744,-0.107149735173291,0.673711062716809,0.516612696684122,-0.312228639544935,1.80411241501588e-14
"1108",246.51,3.00433841934506,-0.273597974700719,-0.771536976341135,-0.329454761490186,0.419748939510203,0.815385412396266,-0.939128094067239,0.559482099161216,-0.52393605810047,0.198402896751944,-0.334963719675797,0.184554234006188,-1.12271303365219e-14
"1109",246.71,2.34655291235291,0.892647905515068,-0.0410964367365748,-1.62815537425141,-0.0354071905120338,1.17579075524611,-1.94161463550507,0.168141868165029,-0.371031594213457,0.0668246541451008,0.0423306747131781,-0.0250097204159189,9.42301792150602e-15
"1110",246.91,3.69305857929651,0.52381731085217,0.383612217399088,-1.90460584906348,-0.639598128466578,0.941364475136689,-0.759066334136587,0.442126619202087,-0.152308229343717,-0.0600945635168774,-0.0145271646359963,0.0366027089294093,6.34214902817121e-15
"1111",247.11,5.25996411279419,-0.139638730200112,0.586000687200659,-2.10777393076336,-0.23611987106074,-0.177922877594795,0.423250801286634,0.259264146123209,0.268347652544969,-0.660051113164612,-0.410671118539912,0.0630481805258304,1.19904086659517e-14
"1112",247.31,4.28929863137709,-0.149839328320778,-0.936167252644324,-0.355495100964806,-0.432705535615019,1.13849189976105,-0.306580807726481,1.0656434290702,0.221850785052345,0.0697184603604354,0.100460794016687,-0.00767095897091865,-1.92406854337968e-14
"1113",247.51,3.37746758163292,0.22948835390285,-1.64969238015783,-0.360830225330903,-0.405289284681498,-0.172180400180128,-0.0476615714385575,1.13490084446443,0.277031499787286,-0.241123830695553,0.0243196752750056,-0.0459903422760704,5.60662627435704e-15
"1114",247.71,1.98032356371681,1.35422596470049,-1.70269710247365,-0.421267199179517,-0.909891329730476,-0.199879870560312,-0.274741943666868,0.873592993362811,-0.740793656900542,-0.0331175556973851,-0.152395836353823,0.518150260643653,-1.20181642415673e-14
"1115",247.91,1.81528871989572,1.30040900188773,-1.80746711592498,-0.539619609170523,-1.38307962729341,-1.33012185745394,-0.232179742639305,1.1098972766039,-0.0186397233112615,-0.0423996982800406,0.0250194829715375,0.318211700124834,8.38218383591993e-15
"1116",248.11,0.496711951199624,1.8116983977023,-1.4871657052755,-0.520240357955087,-1.50275450542704,0.299594608762695,0.252916918350172,1.25809578346333,-0.892353621656387,-0.179042862686462,-0.0340348715229492,0.06449798916368,-1.27398092075737e-14
"1117",248.31,-0.255041812536306,2.2839745234657,-2.32800242641713,-1.86496703156659,-1.26638453022368,-0.387276910751703,-1.9063587448779,0.333738100847165,-0.178599864282286,-0.724903955384723,0.127623369148881,-0.0640241028026341,1.06121708642881e-14
"1118",248.51,0.574454171659744,1.27906403350625,-1.0763684304931,-1.13723132883118,-0.718757239327218,0.6599958337696,-0.925120133058858,0.824743314512911,-0.080818549291738,-0.128340051410266,0.0217832832364375,0.118091672404501,-4.88498130835069e-15
"1119",248.71,0.764607706252502,0.680920365121069,-1.2049262083134,-1.01842436681938,0.0242991268329983,0.151734416349632,-1.3162779403691,0.795051521737717,0.0253408559169211,0.0160369958336861,-0.213942462901011,0.381878308628474,2.48915471567912e-14
"1120",248.91,1.28232814124725,0.484267110251302,-0.991393283579673,-0.894554446705994,-0.0166614894957382,0.000692182183837098,-1.06277969864388,0.821836591340015,0.269815997000173,0.279463130769113,0.242970333782486,0.123256875232983,-6.07847105982273e-15
"1121",249.11,1.02352753334849,0.65200882550856,-0.643091708826808,-1.62531530804819,-0.743826802715322,-0.328199097681146,-0.71338385045302,0.70087012911056,0.0936069173651467,-0.049976324505364,-0.0094215234722199,0.213737565092588,1.29063426612674e-14
"1122",249.31,0.186920727756212,0.823989198317074,-1.13062095046623,-1.86525975129571,-1.69997018929793,-0.417868902209151,0.151404412095319,0.761376205342846,-0.682025701034739,-0.440467142283637,-0.232516452915755,0.2562205574097,-1.8846035843012e-14
"1123",249.51,1.21521029368256,1.00801603682793,-1.15207325636633,-0.757103965869108,-0.161466240253425,-0.378072614775902,0.313680619690097,0.287262092473911,-0.676765901509561,0.0839113970862575,-0.334420535222885,0.292711706496889,-3.13638004456607e-15
"1124",249.71,0.208024811688112,1.21493645529882,-0.879151928160342,-1.19524110984755,-0.633772271803697,0.678630370212576,-1.25112855425775,0.36232350337782,-0.139872881572262,0.0642459401162437,-0.0309139750388356,0.388028845480482,-1.55153667691366e-14
"1125",249.91,0.710031534195764,1.68172100435825,-0.149713300665594,-1.30764750402743,-0.286801208751802,0.226306048908811,-0.975294434707348,0.0610859790438215,-8.7307531366116e-05,0.0153385405299277,0.218395493350694,0.00224624036904269,-1.41553435639707e-15
"1126",250.11,-0.0864520898358684,0.566100771754946,-1.29403201417724,-0.765407206101199,-0.840217260421752,0.26754111817769,-0.877146076948551,0.882891125459416,-0.315155288458431,0.013115172154704,0.128149812044262,0.40837730909542,1.79578574233119e-14
"1127",250.31,0.580137497105392,0.0750338592114118,-1.00870071668127,0.134808971793916,0.518402618344337,0.566797490699975,-0.688650066819923,0.923519720945556,0.188436074152388,0.232386418628972,0.0182820819984094,0.133273543242719,6.60582699651968e-15
"1128",250.51,0.326461506612227,0.87712040984621,-1.46081030309439,-1.33082331313967,-0.896993491557526,-0.689563893193413,-0.670371667485063,0.145921578012816,0.0710154265935794,-0.407282508442252,-0.0495174331156682,-0.0771245568441686,-1.96648253236731e-14
"1129",250.71,1.57646006741556,-0.0449159583747401,-1.80613486052021,-0.282666585389867,-0.259852023230287,0.234316558041944,-0.164143091353422,0.259343905722522,-0.139248128920727,0.419861666985562,-0.312866733758153,0.204411961032164,-2.54067600291563e-14
"1130",250.91,2.23168085581813,-0.37138465515736,-1.62760608258594,-0.356178195589635,0.633761165898497,0.267955297901968,-0.85747406375575,-0.0250789506967043,0.306267968773052,0.462429666541681,-0.475305703218793,0.260872645526366,-1.16018306073329e-14
"1131",251.11,1.44865874321432,0.655424910348787,0.197708973041451,-2.06355418258706,-0.191574406596104,0.822429196927189,-0.895762613767786,-0.187863000940227,0.863456153133461,0.0557856998346966,-0.136232094846874,0.0534598569790236,-3.41623430932803e-14
"1132",251.31,1.83986936435419,0.0556454401219596,-0.882984926980113,-0.815370250673715,-0.00492184239565145,0.607032923742297,-0.17743893201283,-0.291045242843718,0.377552227658907,-0.137767305035614,-0.32340876224526,-0.0249549342384352,1.45508605164935e-14
"1133",251.51,2.08166728803019,-0.0995338729064556,-0.062735740616901,-0.252806288947266,-0.00867273499032089,0.397307741925181,0.878684804221591,0.0246949436995634,-0.169379428024486,0.212468478447102,-0.567066433464217,0.147896990517031,6.3352101342673e-15
"1134",251.71,1.98456988112096,0.143719916007165,-0.409590056284945,-0.0958075694830136,0.107992151508429,-0.0731613099455503,0.436939773909652,-0.0451211070285226,-0.0292141881029453,0.0517672133717667,-0.302086100911955,-0.15340784613665,-2.02615701994091e-14
"1135",251.91,1.18109073526654,0.207667437959483,0.333941812533641,-0.728459462793863,-0.215179162588377,0.611125167915085,-0.159758206011741,0.20834387110409,0.228570224079512,0.0320593685530121,-0.12327632353242,-0.0276448345579631,1.53835277849623e-14
"1136",252.11,1.75766314978091,0.841949490949616,-0.392444404830441,-0.66345659927707,-0.232073700261121,-0.844418211910783,-0.586374614784178,-0.214308094257604,0.420586574470109,0.491547654301293,0.0197994584985622,0.135797543512606,-2.54241072639161e-14
"1137",252.31,0.887993666965099,0.644135304415119,0.0810776293705304,-0.555155675079759,0.397323363399046,0.906626501035935,-0.813805522466675,0.131317063050713,0.272837956183094,0.669626227515157,-0.235186687399419,0.112820995428678,-1.58206781009085e-14
"1138",252.51,1.0518904512519,0.435974338689802,-0.561529602533635,-0.389341371942457,-0.281599091369032,0.0479204550366299,-0.294097905873256,-0.0851361930396361,0.00101785143146972,0.119148205248951,-0.401110026874982,0.189068463337132,-1.6306400674182e-14
"1139",252.71,0.638746615853234,1.27377881203963,0.274802159483085,-1.43283073501005,-1.47326731305055,0.268633132971857,0.297063961000699,0.322365474246275,-0.143234784648262,0.08497651803329,-0.138177654679045,0.0382778551803952,-7.59114993087451e-15
"1140",252.91,1.12549423454652,-0.0214528573528555,-0.279915926792817,-0.494739229186082,-0.420946568399365,0.629165262747014,0.741453144750787,0.591797139391113,-0.191584656631564,-0.0568300863978106,-0.413025688043406,-0.0572242503813799,-1.73194791841524e-14
"1141",253.11,0.168703207034882,-0.413087846726833,-0.819072253719205,-0.664939628789898,-0.294027296465087,1.16782916025976,0.348812045600045,0.590083685406268,-0.397070083743133,-0.157558222116034,-0.606652378244688,0.0837748195149441,-7.82707232360735e-15
"1142",253.31,-0.515076785990147,0.736227037548532,-0.923665801232968,-1.69442821164035,-1.22501392704121,0.0749164410677152,-0.492150864150887,0.202891553393514,0.157139752942075,-0.0812228529001074,-0.123689277355322,0.231306760265814,8.18789480661053e-15
"1143",253.51,-0.429628513409311,1.31165812251789,-1.63573152875066,-1.047936363869,0.0933172678415175,-0.0672731972246124,-0.82131820015709,-0.02188781527267,0.388212149907581,-0.0659349843948029,-0.111300293704637,-0.22169664947698,6.95277169171504e-15
"1144",253.71,-0.368762810687872,1.61009736761473,-1.84657501234903,-0.192743304381201,-0.048979851595992,0.19174378877434,-0.332091147888385,0.117983971436854,-0.361907412641904,0.485800560369106,0.116075510407247,0.0481728280863759,7.02216063075412e-15
"1145",253.91,-1.17579979028689,1.01956397466302,-1.35232160257965,-0.853549178249772,0.321713336084229,1.19463932076343,-0.385338311623362,0.10645724647158,-0.310992907143564,-0.0542041653335308,-0.340898128169888,0.0912996257729947,1.9373391779709e-14
"1146",254.11,-0.383119760834153,1.04749149099218,-0.88142630996589,0.106626370765592,0.518625498767323,1.49293911562448,0.303002706741203,0.474463222169289,-0.433228272589741,0.571728098857729,-0.196660429609236,0.124669806160334,-1.34892097491957e-14
"1147",254.31,0.157261310190801,1.73719879696306,-0.030162644173217,-1.71300139968368,-0.835443632784041,-0.444089085290429,0.958173577703597,-0.0718512243425371,-0.152196619574871,0.227244732889156,-0.0611824167175478,0.138863917354875,1.01030295240889e-14
"1148",254.51,-0.0566454199796241,1.70330746518743,-1.06117947516941,-1.02430192362451,0.138538873318336,0.682701893312186,-1.00491825934591,-0.430138009747506,0.139393175387352,0.152059467751698,0.0739922709834038,0.05471339695632,-1.96093141724418e-14
"1149",254.71,1.12901437459039,0.626853671894672,-0.565224887642856,-0.931488375901708,0.430040031659957,0.599464996855782,0.420245117743439,0.0473724110253301,0.281994088781379,0.192332416298461,-0.174280002317426,0.0666981690492533,-4.93355356567804e-15
"1150",254.91,0.439502003777977,1.05452944859488,-1.32775886938692,-1.04739404667827,-0.199547209202621,0.244580978375169,0.103851543651463,-0.22462991078041,-0.626904372719454,0.110290664360069,-0.18087998834977,0.160996712870028,1.66602842632813e-14
"1151",255.11,0.345690011449544,-0.228807707967145,0.100399417138588,-1.24092466024201,0.0847792111852254,1.28324654119103,0.896080781474674,0.327197016138909,-0.0912013457903821,0.161968902116596,-0.412464691881245,0.144909410536222,-1.36557432028894e-14
"1152",255.31,0.397089440702068,1.1987907267511,-0.127781323161937,-1.42933223130119,0.171853959544145,0.0653389416768748,-0.0607630634802177,-0.156741519886022,0.532346140460771,0.327239003648523,0.121943304974532,-0.243871469309448,-2.90045765183322e-15
"1153",255.51,0.657713711345455,0.289935360191845,-0.929445696339285,-0.436667291294135,0.272908108012926,0.387494736206846,1.02779994086169,-0.100753054844594,-0.480564344861781,0.144653539050281,-0.298408127175245,-0.0479981940004729,-9.65894031423886e-15
"1154",255.71,-0.513306378358057,0.873565152854997,-1.09820350300107,-1.37272438294694,0.0125154151808944,0.265787746334198,-1.09669001529266,0.0790661313594034,0.285172533542527,0.242138863561586,0.104254698484879,0.0101200597643191,-4.96824803519758e-15
"1155",255.91,-0.766736189951308,1.50266871021015,-0.623070941040437,-1.90807166353798,-0.922011228921028,-0.783971857451083,-0.952177999299736,-0.371251647988802,-0.239141985309881,0.194178174516461,0.0109248019040252,0.475943709405617,-1.04360964314765e-14
"1156",256.11,0.136801724208556,0.11654243497235,-0.716344247681007,-0.191262382845443,0.0811172362522015,-0.231988236953722,0.410420635012337,0.638432578034315,-0.0866122477918368,0.359811600374336,-0.0368254952157385,0.277127057467826,1.346145417358e-14
"1157",256.31,-0.718008921223994,0.86367956916129,-0.891484157657744,-1.39510502137156,-0.0649853835861967,-0.0144346178832904,-1.16340914324809,0.25626810419715,0.405307172065606,0.231884622683393,0.256345622996918,0.17544896500854,-7.58074159001865e-15
"1158",256.51,0.482194219860704,1.395027225422,-0.919749619952881,-0.550561430982564,0.503060725130674,-0.451228108140179,-0.309191865607248,0.216402424900348,0.324748974144215,0.748690382280897,0.195464852133216,0.269079360088646,-9.76996261670138e-15
"1159",256.71,-0.12938793842318,1.18109797657217,-1.36794873945162,0.0645757203010725,1.30199794108591,0.246178249087242,-0.306743744456943,0.624455314443165,-0.138943053558861,0.357498682032618,-0.108174037150745,0.241652797688435,2.00030964014886e-14
"1160",256.91,-0.188684921690259,1.04857892018988,-0.769767384638201,-0.773846824956871,0.608090547246009,0.454516429870074,-0.643454666943575,0.861583634056992,0.395791532694347,0.201686725353104,0.425680580707207,0.145070113371323,-1.05193631583234e-14
"1161",257.11,0.237954258068613,1.35179188476361,-1.22873241085092,-0.178658954372994,0.494339291859689,0.701357753153178,-1.11986817529332,0.612120662391282,-0.198114187632404,0.24002936613912,0.151596404999448,0.532308801206187,-2.34395836073986e-14
"1162",257.31,1.47675416240307,0.762398548926983,-0.67635396487073,-1.38133100506994,-0.234291533671784,-0.0656769460215745,-0.82566407854162,0.108436457426358,0.602506271638478,-0.413981987677881,0.142034840352404,0.213651531265043,-1.03528297046296e-14
"1163",257.51,1.98067247973491,1.31935606183147,-0.346672987709171,-0.590025257029465,-0.244556248581079,1.19871467547687,0.212940557003578,-0.139167027018172,-0.635288871051358,-0.611642832702484,-0.0723809897484832,0.0859964772900666,-6.60582699651968e-15
"1164",257.71,2.13064774624217,0.763218911292766,-1.5875798845174,-0.28189947051043,-0.944544982671249,-0.950924214593622,-0.972249095189117,-0.0867266482291595,-0.493983885948254,-0.619630988894066,0.13395792976438,0.320404747734973,-9.76996261670138e-15
"1165",257.91,2.17410452231393,0.311128175693323,-1.09118011302044,0.014665073422424,0.609489089821559,0.207772303797874,-0.290850121894344,0.128468387470207,-0.367464691943061,-0.634697814570854,-0.361927814929687,0.209702364363738,1.85684800868557e-14
"1166",258.11,2.04149599256831,0.346467777822408,-0.877042029896384,0.0971225890694707,-0.00960056693837373,1.20087529944246,0.0793728872036989,0.391551204220617,-0.318447058995957,0.524021832667992,-0.278728825341397,0.415017875481998,-1.60704782814491e-14
"1167",258.31,1.5944257040455,2.29344311413551,-0.309195944120985,-2.10727625800794,-1.50115394985427,-0.0840017046770928,0.209883347484283,-0.361436474929109,0.602098326856001,0.385680466318799,0.417781874959348,-0.04108280649951,1.30451205393456e-15
"1168",258.51,2.23622483607383,0.8828741056876,-1.53438173109988,0.426213665528767,-0.947579880191291,1.09690638118433,0.748150190659757,0.157534245081887,-0.0160947143054927,0.741901775910578,0.101891445217681,0.388237253155874,1.74582570622306e-14
"1169",258.71,2.32058700588794,-0.547012858916243,-2.1503173948544,0.0817217009673384,-0.265951093383897,0.358426275899048,-0.189789246628281,0.020623249261507,0.986693440977877,0.419600487758969,-0.0460623647125518,0.458151242009573,3.20576898360514e-15
"1170",258.91,1.44633355402287,1.10465138048451,-1.47743299365466,-0.554164013043594,-0.442366047099055,-0.0540634770781717,0.497972604142521,0.015136146490713,0.178553044296971,0.122576917629939,-0.0502978886627063,-0.103963782738612,-2.06779038336435e-14
"1171",259.11,1.37281969599382,-1.21764399606398,-3.22278804624205,0.518717815786426,-0.503769659270122,0.366894630983081,-0.283505288758822,0.683318368884789,0.284434797161035,0.272284548734867,0.121835706466321,0.0309198680486668,3.83026943495679e-15
"1172",259.31,1.96665375310046,-0.477084987227342,-2.30789204067855,-0.359591983486617,-0.774250563965639,-0.297078088799048,-0.405450592218847,0.0454545742764784,0.271320883841824,0.392229853200415,0.197741609165302,0.087852604767644,-2.96984659087229e-15
"1173",259.51,2.52474215925198,-0.577696235031668,-1.64689170888913,0.0254585385239236,-0.796075381522853,0.698086887183388,0.163199445912803,0.346819947155888,0.0481244282024787,0.369534677028629,0.342340507268725,-0.0520367457114108,1.90542026601292e-14
"1174",259.71,2.59712186094036,0.25717428861136,-1.50181373967517,-0.856624472398025,-1.3703940254522,0.28658147430129,-0.47160521544678,0.256602924128171,0.434660612835697,-0.116423792908997,0.718881211589686,0.156685419547904,1.57859836313889e-14
"1175",259.91,3.23824700553951,-0.0607759194228863,-1.65049614536291,0.666018445782569,-0.94883540118606,1.12177684099076,0.849957195808162,0.79744415999951,-0.214631211606857,-0.15260803224462,0.468940062003756,0.171582907808305,-1.4432899320127e-14
"1176",260.11,3.93749989209888,-0.331497590724585,-1.74356053736308,0.402948136171682,-0.644672534792084,0.259169866224865,-0.284857340312872,0.569879366771838,0.503665813309091,0.135009321321429,0.445874228997555,0.30526492660907,1.33226762955019e-14
"1177",260.31,3.73758958934395,-0.106819351285012,-2.44288932707665,1.42881512924223,-0.548839707804485,0.851097245276441,0.0913301218950582,0.79196295777806,-0.496705512170194,-0.141770930495734,0.252212996438194,0.0695299644361327,8.36136715420821e-15
"1178",260.51,4.18276523624972,-0.216445956022224,-0.806248943493789,0.136145379768326,-0.408949682066849,-0.16382904263487,0.264926726458142,0.474360969710701,-0.661684927271137,-0.257114316530745,-0.0937621757988868,0.518101843610858,4.77395900588817e-15
"1179",260.71,4.3735826268447,0.602537735974462,-0.699623425146014,0.371648779179201,1.06409999377101,0.241204782068144,-0.841105777464618,0.190258713368897,-1.12202650209238,-0.676974942879677,0.0548680323460387,0.191952234145858,-9.49240686054509e-15
"1180",260.91,6.55457615203569,0.858404738243377,0.375072789106907,1.47912387881397,1.4286433488986,0.884780283245058,-0.311304340069763,0.715171965236164,-1.37306381592672,-0.209837988995115,0.0979531834912692,0.284211060499665,-1.69864122767649e-14
"1181",261.11,8.34687176960225,1.09957059211114,2.22281557007707,1.55894204377451,1.50336391875219,1.61082084175614,0.0310885135397137,1.2435838968237,-0.919695111233937,-0.723586901748039,0.475513674570677,0.58460368664931,4.55191440096314e-15
"1182",261.31,8.40147835667153,1.45463023926005,3.0487273875821,0.374751762879645,-0.140081242735293,1.5065183381265,0.0833161609897504,1.40702691321474,-0.297942242529683,-1.98281605572705,0.798376814407029,0.644202728703334,-1.98729921407903e-14
"1183",261.51,9.39973335389476,-1.40832874885977,1.44322013392687,1.99048422933346,1.3564601946083,1.40615314517457,-0.444297528541648,1.79995138147683,0.134837652726966,-1.57161262901932,0.697492731226125,0.23363715925657,4.9960036108132e-16
"1184",261.71,9.21272998179351,-1.17791713612816,2.2361356372035,0.526272157498827,0.439472326541946,0.939691903759367,0.994296032835092,1.32853387282318,-0.309208427563927,-1.62708147346304,0.373215763850133,0.150894518412652,-1.85962356624714e-14
"1185",261.91,8.01351249029077,-0.751114775875793,1.55985698276827,0.289161598223737,0.277500864531428,1.38585839504336,0.110088694332937,0.927631486804328,-0.473621163406006,-1.62880234276307,0.191101440342616,0.445284253978042,-2.3037127760972e-14
"1186",262.11,8.64732482172477,-1.3285970684479,0.307308512379727,2.11138463769233,1.21019719600968,1.65131342275202,-0.544247895301835,1.26372495742426,0.0275474364458531,-0.399675853725459,0.734136451266542,0.323772528576172,1.83186799063151e-14
"1187",262.31,7.52881603195195,-0.534513302016598,0.1035673514808,1.81663992706327,0.772625959331818,0.697064936602318,-0.0352361101576064,1.26101635584032,-0.450243536480759,0.363493860974151,0.998145242934986,-0.322460183840433,-1.70419234279962e-14
"1188",262.51,5.05656492172813,-1.14456171914468,-0.883147707684222,0.316785318780264,-0.0600462885984873,0.744448185299359,-0.568236775683074,0.51063623140612,-0.833836742927493,-0.163005519380483,0.377961747888406,-0.210510289917953,-1.46271883494364e-14
"1189",262.71,4.25599182015009,-0.62738853986818,-2.32779930537456,-0.305193939781608,0.288263193849987,-0.163032510466955,-1.97886011937678,-0.545723440414362,-0.860790493168622,0.156086096604063,-0.00393090724951219,0.325045764693258,-2.33146835171283e-14
"1190",262.91,4.06297568705242,-0.43269958897154,-2.11791954041329,-0.662632834972853,0.392556481227888,0.579640912606651,-1.34295785931313,-0.348384849758855,-0.695325591191658,-0.0175700899749712,-0.33090308990331,0.489638236357504,-3.24740234702858e-15
"1191",263.11,3.80759249040524,0.0532713925567602,-1.05403889103467,-0.676580485247843,0.0868531786415561,2.35726759738377,-0.87677186586497,0.265460862171782,-1.23193148947128,-0.181206305357669,-0.134427730264143,0.496799985686939,4.82947015711943e-15
"1192",263.31,6.15752129002165,1.17890770295715,-0.15938712292234,-0.601280150576935,1.22052493377666,1.28357345276237,-0.905370502326216,-0.890584325978518,-1.19632071539747,-0.0754720064774118,0.108272882489248,0.190242791476041,-4.9960036108132e-15
"1193",263.51,5.32812767018755,3.08953295947295,2.08292800114601,-3.51315291983348,-1.10152298494153,0.264368625065826,0.135200673497981,-0.943986451164838,-1.23133976934181,-1.14033753408114,0.423483302862432,-0.0573162069456154,1.87072579649339e-14
"1194",263.71,5.64306183030905,0.0982380271121897,0.939417152813599,-1.76844287444623,0.889323954493854,0.615303422915043,-0.809894907945345,-0.45597263500627,-0.238935987612118,-1.04325063814447,-0.0987800212163615,0.0691887337063868,2.03170813506404e-14
"1195",263.91,5.03313052474642,-0.188536150408463,0.720348531919287,-0.857059615473109,0.980685998223102,0.397799348537138,-0.931693158947123,0.0115507361223056,-0.345191738636191,-0.508999931923057,0.0753764232865286,0.00864395811878495,3.83026943495679e-15
"1196",264.11,3.80609310913799,-0.897547384644092,-0.366104641509076,0.116793483252829,-0.060189072845133,-0.112531145822808,-0.329990925844506,0.860918281904893,-0.864134853230102,-0.0423529090023614,0.0960565343598243,0.673137226421103,3.60822483003176e-15
"1197",264.31,2.30445583312716,0.571702145483016,-0.646362167918646,-0.997166916526855,-0.1400180984659,-0.647976748186754,-1.52387895213139,-0.0414155226631538,-0.358888681752997,-0.60344437873468,0.361473891108562,0.0160205130026548,-1.43773881688958e-14
"1198",264.51,1.99755248009833,1.53450716192851,0.179856756513554,-0.990043079302578,-1.07942878506224,-0.0399180413498098,0.254213253197694,0.112978299195882,-0.949790042235739,-0.231620974865077,0.0794778803530855,0.0704325849154823,9.97812943381859e-15
"1199",264.71,1.00502526548555,1.28802841945805,0.528081076045784,-1.39777640568279,-0.311641651017792,1.01682184132946,-1.67499801420036,0.23322715244544,0.277938366776317,0.238870955170433,0.334973652368068,0.29271368552385,5.89805981832114e-15
"1200",264.91,1.32915954549913,1.06318439895433,0.0665782817401862,-0.787914598296691,-0.370599639749181,-0.720200317514168,0.138665520639524,0.465147725237307,-0.435725683815654,0.233496015244548,0.0196748788098664,0.4420332428729,1.63202784619898e-14
"1201",265.11,0.0518167950244953,0.608580026434369,-0.961916995105856,-1.26105862731526,-0.328020394855942,-0.773727661097494,-2.35477913337159,0.0640274065989281,0.293461351478848,0.0529817317114264,0.107263118306429,0.776930523617182,-9.99200722162641e-16
"1202",265.31,-0.166436722950313,2.14414885576187,-0.720444677166371,-0.430630857308591,-1.04706472685119,-1.234861973832,-0.75014188812283,0.140316451486799,-1.0419037951944,0.362366733642032,0.263446521314058,0.395728133878667,-1.94844140821715e-14
"1203",265.51,-0.375718110809586,1.28532949440081,-0.524023256336329,-1.00244356749876,-0.697123321514808,-0.303933316683798,-0.466772013580652,0.612138295989813,0.013858772261171,-0.213952677041085,0.106805178616026,-0.0827711550790788,-1.47416800988509e-14
"1204",265.71,0.103845806685483,1.62460314396616,-1.67132693338426,0.486829628332703,0.14523236513599,-0.559157263736517,-1.15107315839845,0.0937018142618391,-0.479016696436004,0.191577498993331,0.11897640594734,-0.125138409037572,-1.54876111935209e-14
"1205",265.91,0.38162124780285,1.33836811038369,-0.68977611789295,-0.417348511502796,-0.714605670291782,-0.0392794718831643,0.136876024610507,0.25660557650708,-0.314846092057795,0.110072472892153,-0.00958709948883274,0.0369421767013408,2.28220220499509e-14
"1206",266.11,1.60625342149469,0.918886089568945,0.0585430317231062,-0.41917299594054,0.329391821396766,-0.612278249977059,0.667129076554799,-0.168531675983615,-0.167863635386144,0.415580474968263,-0.322672899452193,0.0262509749486243,-3.1641356201817e-15
"1207",266.31,0.270143646925548,0.582502267818953,-1.0013053923214,-0.435735916411084,0.00501794435005082,1.4199608397814,-0.754724504113428,0.0576768494958868,-0.139428885129515,0.045578713754164,-0.0286497038115309,-0.513469420632367,-5.44009282066327e-15
"1208",266.51,0.820857952261452,-0.388077931248755,-0.582996950948235,-0.521715965420762,-0.36102272579831,0.967869042170395,0.119142150351972,0.12317255694289,-0.443776287645942,0.159078863228084,-0.572095497018021,0.0743632553540323,-1.83186799063151e-15
"1209",266.71,0.650509408247624,2.00364836746407,0.272953846254981,-1.28170974380862,-1.24241637432564,-0.0796088258898841,0.343776038523355,-0.11798490761884,-0.538769237652627,0.399595562255774,-0.199251119361131,0.0251789096986591,-1.55431223447522e-14
"1210",266.91,1.03513933226658,1.69963680992567,-0.371176683361067,-0.668000237414373,0.0363745637338775,0.200312745844838,-0.426767881679161,-0.434517888781446,-0.0862616558843435,0.262906358498029,-0.112973984879417,0.128173469450722,1.84297022087776e-14
"1211",267.11,1.31608985594411,1.14478310078882,-0.323725374838526,0.0234209202536675,0.590960485163324,0.974967041944923,-0.512541346368708,-0.204442181080319,0.0901286102328137,0.392218407570984,-0.0607630375107521,0.233218572491713,7.96888596776846e-15
"1212",267.31,1.74878978791539,1.31709922292125,0.011712443099058,-0.200606635998081,-0.140580702300805,0.756428236233578,0.54681746817241,0.10036424349662,-0.244713351513851,0.297157238467568,-0.0554997001464783,0.155960072544698,-1.60253754710737e-14
"1213",267.51,1.98391278202135,1.22825235480669,-0.497794137011322,-1.17382442456877,-0.418081671556408,-0.506970343015495,-0.718825443612077,-0.145667487564016,0.467143651749104,0.165177514543402,0.237519626359604,0.00839390769765948,8.32667268468867e-16
"1214",267.71,1.93011731647119,0.00805365732040543,-1.04556765347254,-0.115571178283161,0.418491306472572,-0.0259412711745342,-1.04918543390153,0.348092951096684,0.547201210484983,0.143216560608115,-0.055193334082143,0.0390819997626502,1.33226762955019e-14
"1215",267.91,1.78626328995347,0.28458883553947,-1.05986248369087,-0.022511736664823,-0.487772743092061,-0.432503671951912,0.312998631320635,0.551729887022701,-0.379957952111144,-0.0112414249722844,-0.150425463652871,0.0862096033683577,5.93969318174459e-15
"1216",268.11,2.08239987290453,-0.773432251646091,-0.856684219892018,-0.204657510328601,-0.188049120594382,-0.332349653256078,0.146168349024815,0.72428629262827,0.058949552080661,0.218781264520395,-0.363399912992936,0.533068530693404,-2.11219930434936e-14
"1217",268.31,1.26025085763809,-1.00253233469516,-0.690166025449714,-0.417290209849933,-0.124319870830276,1.04740654528921,-0.666060294492882,0.828623385484565,0.361519973061647,0.26511265724305,-0.251934153231276,0.34282269949566,3.88578058618805e-16
"1218",268.51,2.59529918982503,0.297431317437909,-0.23596185990466,0.288013839926281,0.104290906156843,-0.659716735076077,0.485302664065151,0.18424725915235,-0.726138872390611,0.453772956896563,-0.271939531972679,0.0759650690509978,-3.21964677141295e-15
"1219",268.71,2.13779556815545,0.255453413927053,0.54035441742734,-0.944534992557057,-0.338039546818319,-0.315953616224738,-0.731213339080165,-0.194898278243931,-0.192920538594177,0.253059619358189,-0.440567232476881,0.65377049739715,1.55986334959834e-14
"1220",268.91,1.52244038478219,0.196717572492001,-0.322877881993846,-0.605066724102387,-0.785415993653396,-0.0931834882067593,-0.323894698806156,0.497309886758389,-0.205807995511547,-0.328188952949879,-0.140444056992029,0.122935224270847,1.39402378529496e-14
"1221",269.11,1.44903133438966,0.647621175790446,-0.00297672230267569,-1.20744198898412,-0.438997899317353,0.0729576992822294,-0.0537514512396937,-0.0771826584303023,-0.611789718115928,-0.671207310089236,-0.47608057735646,0.138084737459778,1.72500902451134e-14
"1222",269.31,1.80926863689274,1.50044959553579,0.86704661565114,-1.91825860142486,-0.43221174064059,0.392699718415719,-0.232579007417439,-0.0569559158677171,-0.112374657239554,-0.318891612355386,-0.326054831044886,0.0630038227534081,-1.93178806284777e-14
"1223",269.51,1.16714900167616,1.08950455572478,-1.29940261886791,-1.44478176025238,-0.655751968688292,-0.442314164413127,-1.27404473123219,0.0662961434155126,-0.207062063424446,-0.439844326373072,0.306768192460125,-0.267182741046613,-1.67921232474555e-14
"1224",269.71,-0.253693370824516,1.31835555652005,0.223091607042417,-2.81579510586066,-0.800708098290911,1.10890852719027,-0.805992620043611,0.595022924088533,0.133816731460279,-0.338279007071683,0.165107387654979,-0.0614174049478076,5.38458166943201e-15
"1225",269.91,1.15827361860278,1.80837916000693,-0.265442134338629,-1.29669493230688,0.826703191169845,-0.742520818046074,0.428748275649322,0.302566360099693,-0.283323738037032,0.181628472785791,-0.0281840113630321,0.0746311554295722,-1.92068583260152e-14
"1226",270.11,-0.181810389307326,1.60671271622284,-1.24768796946719,-1.38875930970472,0.565487473216442,0.0731699429345706,-0.0741139178382344,0.668825799687897,-0.166145511925023,-0.224294816126243,0.182662029017715,-0.0609165509512903,9.3570984294189e-15
"1227",270.31,-1.61448069625588,1.60929451999911,-0.949178328234216,-2.54802018019332,-0.264831977029712,0.373524252244467,-0.120533720489691,0.879412252566679,-0.0883165583782115,-0.489923623906669,-0.180944610165637,0.306095698826697,-2.02615701994091e-14
"1228",270.51,-1.58532239302861,1.48762626479604,-1.56946460626569,-1.87329348187736,0.825487820861254,0.630166811942209,-1.56651863108696,0.905196702475715,0.548704412649801,0.104955074656992,-0.065343067082335,0.283814349735019,2.08166817117217e-15
"1229",270.71,-1.25855015429594,1.83139825172087,-1.67032722553801,-1.51252498794283,-0.16253347090361,-0.3382476509965,0.25374248807291,1.36866976582068,-0.233669033108125,0.278531230636081,0.221887629010275,0.0679643393545386,2.39391839684799e-14
"1230",270.91,-1.45718388029528,2.34334596715355,-1.33478612817307,-2.03906636837893,0.00402393210564067,-0.408980457013278,-0.48268965535308,0.878346360806641,0.0148178492403446,0.114471844144901,0.0587687231332056,0.363161297866233,1.16122389481887e-14
"1231",271.11,-0.890147303089721,1.95254585473389,-1.56668693145091,-1.77368198018004,0.477253471742305,0.0760223970025536,-0.35589196520222,0.760432461688986,0.0970362370652013,0.0184603015901003,0.129260005600178,0.0937092326688154,-7.36910532594948e-15
"1232",271.31,-0.483175803965715,2.57174310561613,-0.794044667197352,-2.04200589070284,-0.0600884642774441,-0.65087202398056,0.0831900967433945,0.688930509154931,0.0339386814167537,0.186500722621141,0.521637130910041,0.113738066484422,7.46624984060418e-15
"1233",271.51,-0.116912103111627,0.335528702821542,-1.80570077166136,-0.861078443634641,1.05581261790967,0.223703701033916,-0.180669898644869,0.9121975618332,0.48094525397059,-0.0932171166992146,0.130231364970857,-0.0564680385121572,-1.46896383945716e-14
"1234",271.71,0.692598214640782,0.24122617787971,-0.973630970359812,-1.06002367807198,0.559011058212422,0.349138903447359,0.13813233038882,0.659021283886378,0.425126439779633,0.196673375269362,0.0956678715093018,0.232716555799523,-1.870031907103e-14
"1235",271.91,0.466032715100934,0.557800026772598,-0.948127430886642,-1.75986788193562,-1.00435095588859,-0.645799680319243,-0.164547329715275,0.746861960950994,0.477207352317182,-0.200019109165467,0.589329698120364,-0.096394933224313,1.47798440153224e-14
"1236",272.11,0.592346729420423,0.697572034777786,-1.96731950078949,-1.69262141283526,-0.753322549051948,0.867618805572285,-0.953221457918948,0.0272147708659318,-0.161139639238842,0.020966841285263,0.295272054252311,0.159095652104021,3.33066907387547e-15
"1237",272.31,1.68866942789332,0.87009076171693,-2.71046532616287,-0.527718135306879,-0.290022184524049,0.508993115357558,-0.200921357561819,-0.0480181689291125,-0.581886219539925,0.155325265641387,-0.108029730199969,0.335918580129337,-1.30798150088651e-14
"1238",272.51,2.09852806575135,-0.389049855159942,-3.49589032751141,-0.438136849023255,0.22202923498961,0.26995108774253,-0.520937078824777,0.316005678524076,0.267375588636481,0.130733955716793,0.179858038018468,0.184466803115211,-4.32986979603811e-15
"1239",272.71,1.41293059681176,0.344337010261061,-2.71755470623249,-0.677835141900261,-0.375980244741526,-0.230642045200107,0.540656608685579,0.613075053599634,-0.513798884161696,0.256478983017925,0.306368664571242,0.0299925796877003,-2.90045765183322e-15
"1240",272.91,1.5089420034128,-0.142526573712366,-3.10692062842591,-0.0904469907204333,0.467274576528177,-0.646770191669802,0.752662176420639,0.766394989279774,-0.722256335359709,0.416552881190639,0.466440386032816,-0.429070155297597,2.66453525910038e-15
"1241",273.11,0.743538114462793,0.613623624644339,-2.63775506338209,-1.02315602143275,0.701236912542447,-0.18068681532109,-0.68130534239023,0.425908870964079,-0.160965480608419,0.16471890328983,0.249862865961808,-0.170962131317217,2.22460938559266e-14
"1242",273.31,0.41726438417325,0.826537153287395,-1.59468545755755,-0.408849046932733,0.474030871636751,0.810589048553821,-0.869319925239939,0.770448599050084,-1.08517234136114,0.688170005087396,0.350658385124303,0.217891202266622,-1.57374113740616e-14
"1243",273.51,1.00830752888631,1.52011111984561,-0.465349655957906,-0.945700805678841,0.659293765198162,0.313728900227441,-0.91257019173069,0.854733849665124,-0.84827088020634,0.476915497129594,0.52197872801941,-0.035780704571468,-1.96093141724418e-14
"1244",273.71,2.94939159193798,2.63514645872733,-0.0658228600603988,0.288974509923746,1.07807662108945,0.112443701101774,-0.179304763304368,0.398896361936872,-1.73470785103199,0.63459451715536,0.363660825841724,0.349663140047979,-2.53130849614536e-14
"1245",273.91,4.3927751859808,1.9322519698002,0.680890398267706,0.0404585417971335,2.08637039849601,0.448731560770351,-1.12123654633959,0.555695548402189,-0.397098768522498,0.205507519319098,0.376826056422043,0.155588702951031,1.3988810110277e-14
"1246",274.11,5.77218171894285,2.65929918923192,2.23068717905909,-0.782961026574366,0.541630904126793,-1.00134533895246,0.958712177843515,0.150098451290951,-1.21071121772943,-0.595804766476081,0.197400147765413,0.132156321309899,-1.28785870856518e-14
"1247",274.31,6.01590780360374,0.160681173714129,1.02809964156789,0.268527042159814,1.13600225394137,0.0124477602501354,-0.417067461424481,0.715058203029884,-0.539078713558993,-1.06694220819133,0.0319934152093707,0.113434572316915,-8.77076189453874e-15
"1248",274.51,7.00684193845439,0.197844425070223,1.48727544368292,-0.449220595562638,-0.266999518815023,-1.49238982152586,0.779032402228216,0.260460799244912,-0.713540583932441,-1.19045376775537,0.144294014595442,-0.0512675185380844,9.99200722162641e-16
"1249",274.71,6.49906362047058,-0.727632444284984,0.686964329093081,0.21646636538538,-0.113454509164767,-0.183729082540752,-0.198424203665266,0.715921001727331,-0.434388358703147,-0.580777470878028,0.523131459869038,-0.0710693496190723,7.21644966006352e-15
"1250",274.91,5.45740346640933,-1.65696263732787,-0.151769234744004,0.329911132074361,0.56403908574376,0.31496168358185,0.186330269245658,1.00003468025408,-0.219693633061615,-1.02198119797797,-0.151907958035984,-0.330548575973205,2.37587727269783e-14
"1251",275.11,5.08057757358889,0.283719746701212,0.915904415443238,0.321714543191647,1.06570732241869,0.695713066267228,0.277288954808821,0.114741106860916,-0.53492154183673,-0.178851573117747,-0.193692493044556,0.132145256749803,-1.23234755733392e-14
"1252",275.31,3.60855499258071,0.550257008665224,-0.428072518362873,0.414947657466192,-0.294374123757915,0.106003186780787,0.0621319276160811,0.497969527221566,-0.904774701389967,-0.128388114260416,-0.202405814898378,0.383061082657133,-1.64590563400679e-14
"1253",275.51,2.17269806499598,2.67116097052518,-0.112972473381586,-1.0522505513805,-1.38256511735201,-0.865589631771119,-0.0181342673687606,-0.163213440691684,-1.0535199316814,-0.342307067841887,0.13599765934657,-0.0720593688914771,1.11022302462516e-14
"1254",275.71,1.92184579200227,1.68098771046006,-0.808955134594737,-0.733361231042321,-0.934478700669177,-0.493199659093586,-0.816373562761054,0.234682233799902,-0.239943025874089,-0.236873354355739,0.276055956746885,0.0254986132270865,4.88498130835069e-15
"1255",275.91,1.47310674609703,2.21623474289319,0.453207593025972,-0.512312582779928,-0.470889324725379,0.762488046884184,0.0631332356236874,0.451463554594499,-0.774935149678736,-0.0267041078930768,0.217731945834851,0.0609089316527838,2.26901830657766e-14
"1256",276.11,1.4419016199487,2.06586149104547,0.243825746270392,-0.993584468047641,-0.765007518455491,-0.0655238806341688,0.139412244284157,0.141158182720317,-0.446453831503608,0.182527704485115,0.281240977377891,0.226027822484455,-5.10702591327572e-15
"1257",276.31,1.90302607210672,1.09630156364777,-1.16752546522537,0.144026290211936,-0.331399231599403,-1.09648884198604,0.455044194536632,0.196743541443162,-0.110889347690713,0.0250771930091329,0.203313640825416,-0.0789147173130978,3.27515792264421e-15
"1258",276.51,1.14287683438657,1.60617352854041,-2.070518192005,-0.105071751705126,-0.00606397282645146,-0.320516141915732,-1.32055706601379,-0.210267157741688,0.0662004735950059,0.0655256809203776,0.0940321233466022,0.0467717294243343,8.24340595784179e-15
"1259",276.71,-0.10240887649945,0.583919847731326,-1.64444970076529,-0.316364364941512,-0.650519066435334,0.889037593997357,-0.583129043284574,1.130389024706,-0.23153722778227,-0.00390174490929109,-0.00494900126921236,0.178055369582091,-2.83106871279415e-15
"1260",276.91,1.13488606612946,0.98109438744384,-1.49113269495483,0.520104758602263,0.647167611761464,0.523788059131098,-0.3406753628123,0.752134618355381,-0.0209785757138077,0.523913275558219,0.0070520846958714,0.148270875894341,-1.25264382200285e-14
"1261",277.11,0.471327054630939,1.91361596141811,-1.99282341334568,-0.442658209805437,-0.255966693000977,-0.937289822557239,-0.801856782528912,0.497000663474979,-0.164267908369913,0.0911133867359649,0.297586025085463,-0.0759018131057767,-1.0547118733939e-14
"1262",277.31,0.271464774302618,1.84072760858354,-1.48617159399524,-0.303386670419305,0.3962876420665,1.33033247061715,-0.858353054018579,0.37647097982763,-0.569974763403901,0.0282499681236159,0.0325632626300418,-0.0186223219542083,2.07056594092592e-14
"1263",277.51,1.72207747677151,1.45272116310414,-1.19473000621959,-0.255497556758882,0.70214318901676,0.676500343154868,0.227067997956381,0.323760634379163,-0.407670390732215,0.0732682435951769,0.0137551048965284,-0.154286018403071,-7.07420233503342e-15
"1264",277.71,1.58871567610672,1.74833107064706,-1.61534169786522,0.284455498674223,1.17228716644379,1.0394679649955,-0.666059332074091,0.39643941417315,-0.934669366240722,0.0691806166304827,-0.0511755481793121,0.148271467667088,-8.32667268468867e-16
"1265",277.91,2.09803327769894,2.96471639701519,-1.19871078156416,-0.374092677223226,-0.280070035010977,-0.682617930737679,-0.0882593215217487,0.36550614210542,-0.753843132730889,-0.371631560326262,0.512090080080069,-0.0866462439089475,2.3037127760972e-14
"1266",278.11,1.7922685146672,2.60377062554986,-1.29729897324218,-0.904146059455242,-1.15537535549868,0.142426962701904,0.0147982745756994,0.255355926635095,-1.1228447499329,-1.0052966286026,-0.00885169560260858,0.244294818333811,-1.79647963172158e-14
"1267",278.31,3.49156906590166,1.56984640309931,-1.15604553650356,0.500421140542078,-0.489318716221375,-1.01477140215413,1.01184108153106,0.547980778513134,-0.533613300156165,-0.565670153910574,0.19474159400217,-0.00388307005781486,1.85962356624714e-14
"1268",278.51,3.07509088903844,2.56312633203583,-0.597350647891471,-1.00028348451336,0.0267812117058187,-1.13949574317488,0.381429178596453,-0.278783429136366,-0.577636605873466,-0.911062359561942,-0.182628904312143,-0.13391059772891,8.77076189453874e-15
"1269",278.71,3.2947799914937,1.19854352756022,-1.16403094946639,0.301947758011181,0.636161465151855,0.0992199247465256,0.237633059854977,0.228458066351977,-0.514438756185328,-0.486665464095889,0.0481080156316836,-0.0673861925996549,-4.27435864480685e-15
"1270",278.91,2.73379186768471,0.921367126033214,-0.672916495392808,-0.309803130602487,0.604503159118723,0.170753729884407,-0.665404167054407,0.391312028143711,0.770740566695373,-0.125309385799148,0.353525921442982,-0.055543665001918,-4.82947015711943e-15
"1271",279.11,2.09651406646865,1.59199650382549,-1.09440697102005,0.287305897376782,0.817113368483769,-0.507048317226925,-0.184184504524269,0.0261540340760422,0.172326136701253,-0.00587983930056854,0.147262454047645,-0.215664450689629,1.75415237890775e-14
"1272",279.31,0.101335215121575,1.34645748536162,-0.469871351791049,-0.00660906353675828,-0.416775173799443,1.05008127174889,0.261740821470889,0.848739260762865,-0.237605960017437,-0.0857691922143946,0.0805929537131316,-0.0544754676505188,-2.13717932240343e-14
"1273",279.51,0.28192654822091,1.61252896884362,-1.29297819525574,0.659483091253468,0.342991242777224,0.767259395955356,-0.689507102906447,0.195407744950185,-0.185079697149407,0.0859147181579731,-0.0328984262312201,-0.0785514205393441,-3.33066907387547e-16
"1274",279.71,-0.591927115294341,2.86834058501093,-1.13424082680747,0.85401387975318,-0.422649371397779,0.277843599997332,-0.789433801973324,-0.218136048246532,-0.795669403599257,0.0512547336785066,0.141639210280753,-0.011970550366423,-8.09075029195583e-15
"1275",279.91,-0.0968101230141529,2.5348597019266,-0.201934874237725,0.748246281973581,-0.623223919575215,-0.0759949790441539,1.38657716268231,0.52023609239659,-0.5116502523076,-0.10821688318133,0.145239795117086,-0.25997099514381,-2.30787611243954e-14
"1276",280.11,0.342262287856363,2.13059609743411,-0.493568829697244,0.674743517988783,0.788135293240131,0.383659157288415,0.255843822398693,0.440364329548051,0.66123921126367,-0.229075809488288,0.213018838289255,-0.402119942562608,9.29117893733178e-15
"1277",280.31,0.34033192396638,2.27847525351691,-0.809740654308377,0.721143471849442,0.297983388962542,-0.315570894041849,-0.203622618774451,-0.102489633912375,0.123473492789374,0.0592076938255513,0.209594323324906,0.156386739373181,-2.5951463200613e-14
"1278",280.51,-0.367483008189191,2.05281711527359,-0.98209148725693,1.40210405725047,0.519671160137496,1.00850879873841,-0.614544721392182,0.331849067020071,-0.0341928349205476,-0.0261655504458575,0.189623772012321,0.0707030248586979,-2.13717932240343e-14
"1279",280.71,-0.28682505039441,2.69623857250309,-0.133719512765599,0.38467074526218,-0.651970634581394,0.678681164208414,0.378610036436447,0.524095834250901,0.215869797840676,-0.258236754729717,0.327387588336534,-0.162526045984439,9.18709552877317e-15
"1280",280.91,0.450992982679462,1.93419144575762,-0.40457123846722,0.767872749810953,-0.661140323935791,0.643806434540082,0.915917382196151,0.653506413859422,-0.0568071085017483,0.084407631117702,0.0904391103924694,0.24431610054227,-2.32314167902814e-14
"1281",281.11,0.248242365098523,3.32224572025202,-0.609514075853426,-0.489651232131137,-1.18941594210835,0.0546548384810985,0.698375810264445,-0.00511215065802603,-0.353289669655094,-0.544127391167621,0.0992253068958374,0.0805931366351932,-3.60475538307981e-15
"1282",281.31,1.9716790540756,2.65902226317703,-1.1051649271079,0.399264445729748,-0.23356582878638,0.747708264321833,0.0204278476512952,-0.429765448183607,0.0456203064391448,0.264263040766918,-0.116877429675916,-0.0982103194811732,1.85962356624714e-14
"1283",281.51,2.10863820793649,2.21593318870392,-1.32206543759116,0.218960964189571,0.0492220117012939,1.43564028345196,-0.818115678333934,-0.741945559583223,0.472498110827198,0.108868162230976,-0.200508065794864,-0.22968388442121,1.59663948728905e-14
"1284",281.71,2.1174349313559,3.41356730352271,-1.7227590759697,0.120642223439788,-1.12245325916537,0.287648422743267,0.37557667484473,-0.977334167985673,-0.149852516894853,-0.199560028438873,-0.218686904627222,-0.158894181239652,1.32949207198862e-14
"1285",281.91,2.73772246253628,2.31614833278977,-1.5120251165778,0.204400561809056,-0.290518692771814,0.791577841154365,0.602876610535849,-0.881916716582224,0.326404546995421,-0.127730961020171,-0.253529175979277,0.132464912580695,-9.95037385820297e-15
"1286",282.11,3.12835199383613,2.4126100989891,-1.44893916269675,-0.539982723951715,-1.24236178542057,0.635571610229879,0.793792637119935,-0.737847140727701,0.789994087616893,-0.353274362713738,0.367379442874662,0.107539204840569,1.02418074021671e-14
"1287",282.31,2.64942109076986,2.98263693371429,-2.63085677701005,-0.797434577471804,-0.633394288421524,0.534031602444788,-1.06578549859655,-1.81073219900998,0.299970080617429,-0.491215010054313,0.220328224317077,0.336372890060957,-1.31006316905768e-14
"1288",282.51,2.99490114358431,1.62746711872194,-1.56535724068707,-0.338465204862053,-0.165731581935061,0.862068075609917,0.723356139672579,-0.623352847048212,0.772868716536262,-0.160068018133109,0.195097752517426,-0.00841417497183642,7.99360577730113e-15
"1289",282.71,2.08607935892539,1.17514305238737,-2.56296036543898,0.234625673698233,-0.351847491624266,0.708759764322446,0.355060682737932,-0.266079104499225,0.229618448880248,0.079744097945535,0.0623488032264697,0.0311776530654811,1.66550800928533e-14
"1290",282.91,1.21918845423535,3.54697786165575,-1.74408111769986,-1.05025414298283,-1.63577722476854,-0.581912529853801,0.308698294187744,-0.790861953248352,-0.0445951191642373,-0.0896148152957769,0.541969547288693,-0.313178566560828,-1.64035451888367e-14
"1291",283.11,1.02317831991716,2.41394261473233,-1.43005989111896,0.178058990770126,-1.31285298842008,0.84598204840383,1.22195441047024,0.242331011885007,-0.381351103945724,0.282544284691491,0.125524358501584,0.0103337528192622,1.25177646026486e-14
"1292",283.31,0.80907813489266,2.3433302296446,-0.511693383064667,-0.766281771899025,-1.58144776101095,0.137755339741249,0.947234027650051,0.272180813745082,0.223850443325273,0.380241266377772,0.320723870513294,-0.14933166666286,1.98521754590786e-14
"1293",283.51,1.51415416521869,1.53142681375327,-1.27792498538532,0.620178396073479,0.160294586238364,0.614745818645467,0.0210100076613016,-0.234497943557329,0.230750888808024,0.682846591078855,0.0303147972690394,-0.109864182992918,-1.52794443764037e-14
"1294",283.71,0.642619761993899,2.39871136162028,-1.10700330590381,0.0125028309352375,-0.838186281043262,0.243979582115187,-0.60041414019483,-0.307673857972636,0.478197996510526,0.308862968228043,0.366039697164342,-0.177851361161095,2.89837598366205e-14
"1295",283.91,0.675214063703287,3.06152767318038,-1.42986229659188,0.0997794247890467,-0.516429034281252,-0.559274546158865,-1.01094380409084,-1.13038166570006,-0.236002714015643,-0.0841402544901194,-0.0275672371834669,0.160012806440036,-2.63677968348475e-14
"1296",284.11,0.853877276798083,1.80862910270076,-1.54779011352801,0.921168900609338,-0.167732607317947,0.352576690711534,-0.84022184763534,-0.14960746114432,0.350924019020056,-0.134416699274157,-0.0215060138341295,-0.148324735971626,-8.95811202994423e-15
"1297",284.31,1.04937770763209,1.86238842937878,-0.586458739785136,0.637676488802924,-0.203442959713264,0.514944405262386,0.12752118110849,-0.194331790010618,0.0401245194452917,-0.149310734034306,-0.203556469418984,-0.31372947366169,-5.81305836799828e-15
"1298",284.51,1.39749284407935,2.17230423361673,-0.817705216708649,0.536974770797686,-0.701226697393841,-0.0461197772541573,0.263763163246673,-0.254656174620609,0.0779904785241173,0.0290566744080873,0.0382850760966416,-0.292541492937356,-6.93889390390723e-16
"1299",284.71,0.903197026022108,1.18272388649574,-1.91611000151937,1.00411947266961,-0.647298754012932,1.37912336328749,-0.734918669118949,0.0436934861694301,-0.0148904840862801,0.21651267481101,0.119024907104214,-0.119309792052551,7.71605002114484e-15
"1300",284.91,1.90198406049359,0.05267178018317,-0.89346201797048,0.550613409602393,0.121305322069084,0.970546229484927,0.661147913342604,0.602959364859914,0.769578285801998,-0.0226370344164817,-0.162472809969786,-0.387755507302119,2.58126853225349e-15
"1301",285.11,1.57333437576907,1.94980394893418,-0.511833062650294,-0.0746609620540071,-0.97443161227748,-0.156935529013708,0.530186922063323,0.138307702227185,0.213039718220623,-0.00593221463702889,0.201102425301684,-0.142559381012834,-7.24420523567915e-15
"1302",285.31,2.64244016058865,2.06487383262624,-0.892608535140925,0.444497921617145,0.477393650747645,-0.0599402351734324,0.101436181759479,-0.663981881603781,0.198710005393335,0.0010790999160824,-0.158348846739346,0.0120435671282798,1.68753899743024e-14
"1303",285.51,2.40198681477531,1.73774870898418,-1.06359455790211,-0.151066544312826,-0.733881854012452,1.01244500654633,0.705311940903422,0.0676338408103409,-0.0113695690372462,-0.454077404936929,-0.0704385293979075,0.0520980953187033,-1.45716771982052e-15
"1304",285.71,4.27835302453758,1.11136289990155,-1.55483007135915,1.03087110785336,-0.995477441440749,0.822522490092958,0.794504262641444,0.399055305908712,0.177812929920224,0.351002324269191,0.632615453280914,-0.0982850942144696,-6.93889390390723e-17
"1305",285.91,4.56645047428972,1.64038721012414,-1.48519894242431,0.344837518390335,-0.910792546335138,0.817371692400087,0.60901691079943,-0.507501503437646,0.125873062434306,-0.0119592426095597,0.20422942647033,0.0212189113455309,2.4980018054066e-15
"1306",286.11,4.48478360064915,1.43838361058076,-0.385842541159652,0.134822062109459,0.144057179927111,0.770798847756612,1.39981124419871,-1.01757262926477,-0.357109320290769,-0.0031825143631419,-0.267239585388621,-0.0921770030938706,-1.27675647831893e-15
"1307",286.31,3.9621352216566,1.50079881889032,0.788569293808961,-0.4702855830516,0.144017450950658,0.920732806373717,0.478864608779606,-0.890111431867558,0.330693248473955,0.447111770031709,0.131059727892847,0.000719239465052524,3.01980662698043e-14
"1308",286.51,3.06979960067466,2.17069792115085,-1.23510169487165,-0.540770725883479,-1.0329557935865,-0.575672923194456,-1.28597354841383,-0.957649873244618,0.746978362448478,-0.209659048238544,0.644642701806345,-0.255125344735053,-2.72559752545476e-14
"1309",286.71,3.03566501804415,1.87077377767467,-1.48624416946652,0.176603583147937,-0.329660180546463,-0.286132023833262,-0.732717356870877,-1.22972449268476,0.413922691603623,0.0688255534819734,0.125985573404493,-0.0936419655584134,-1.38777878078145e-15
"1310",286.91,2.75403460689998,1.92601285798917,-1.10551132578668,0.951045493368931,-0.300296335504862,-0.201340603716497,1.20685844287032,-0.547866456678706,0.0225779017410961,0.141692538007137,-0.11782564982803,-0.20349715048574,9.27036225562006e-15
"1311",287.11,1.1305697592672,2.43385612810955,-1.67081419291113,-0.52334786902164,-0.711809085616085,0.550420616845112,-0.875261338446619,-1.08322122542058,-0.00386648545809083,-0.327425924107424,-0.0835478311928982,0.0452641067447061,5.20417042793042e-15
"1312",287.31,2.50857532602632,0.897356240917847,-1.24306181930656,-0.192212251281727,-0.69559790934438,0.00695603397932532,0.511655568270867,-0.668672517354325,0.420539421396021,0.0757562020098392,-0.338982935626189,0.318363292719821,1.7874590696465e-14
"1313",287.51,1.78029320492904,0.815284029444057,-1.39035175533779,0.350686303595042,-1.00320560511443,1.02256307978398,0.901540939399647,0.142388279842886,0.361332592555247,-0.049627165652214,-0.161716734617126,-0.156766940173084,2.1094237467878e-15
"1314",287.71,2.13922159817804,1.459300734584,-2.23598928918306,0.962809330595932,-0.699353174983588,0.215608342035715,0.209148382674847,-0.460521991251254,0.175556582841558,0.0957920329850748,-0.0318225203065982,0.0112779823806002,-2.34534613952064e-14
"1315",287.91,1.74666080591664,1.05405565293354,-1.29357052513185,0.726847687447989,0.0134022435940306,1.72948556587556,0.904935309470118,-0.290602033457471,-0.0172369101657221,-0.303983057231132,-0.428382679228598,-0.132120143830784,1.79301018476963e-14
"1316",288.11,2.46263986023051,2.14959297970354,-0.497530159169888,0.488679911560688,-0.115677800860005,0.630277791033728,1.01858264894261,-0.568385911330576,-0.0503820565684438,0.23056173614262,-0.076671596665844,-0.0234060346441245,-1.66533453693773e-15
"1317",288.31,1.96046010885629,2.47047430190174,-1.46968321486574,0.146498567553089,-0.139984709293808,-0.0969286773314777,-0.621728573875137,-0.935099670221082,-0.30773226318825,0.260579580616765,-0.0850479387183704,0.107942217236001,6.38378239159465e-15
"1318",288.51,2.94779066064903,0.0814829537824925,-1.22373490826784,0.298273877879939,-0.189732313338808,0.795373643487696,0.203387077379903,0.346827996408171,0.883956855400132,0.415242281577706,-0.0824855388743939,0.0391007547765362,5.06539254985228e-16
"1319",288.71,2.45304276474212,1.344377669308,-1.33664591924765,0.123011588648593,0.694060962128648,1.13947651700037,0.250453655310169,-0.445695537136546,-0.0238511627905628,-0.127205248536656,-0.252826312055367,-0.337701239054666,1.94844140821715e-14
"1320",288.91,2.6408303442255,1.38621592156211,-0.887889913874095,0.0732862142074052,0.43215392179532,0.530062338389088,0.711688165295446,-0.530458822446846,-0.340047616151162,0.215175017181133,-0.288169541213346,0.00675058700921868,2.07889261361061e-14
"1321",289.11,2.35588194517687,0.671872164830332,-0.120297014840779,-0.307778421271357,0.0580899984258906,0.861005407425685,1.22915334005619,-0.149758980021722,0.0668806941818496,0.136942638618047,-0.218976484892923,-0.211100152671168,7.07853914372336e-15
"1322",289.31,2.40214235285669,1.26070580678263,-1.04454969278439,0.193351411074321,-0.483884592135921,-0.363939220286798,1.34982651073899,-0.756097116728572,-0.783954700931082,0.143642606233011,-0.350481101949362,-0.0831823920789239,-1.02695629777827e-14
"1323",289.51,2.84238410304888,-0.42474947951015,-1.69788714354452,0.619216729247872,-0.0497076533888571,-0.478343971582317,0.119809184336376,-0.402715852099324,0.746902269656991,0.345804412276015,0.138565432804525,-0.174776871291008,-2.22044604925031e-14
"1324",289.71,2.36663879607584,0.363617189227334,-0.336113020374894,0.25720067373382,-0.0673672439405987,0.877359879816665,0.883768360575832,-0.214446540055618,0.223928288675211,0.47643078130079,0.0979190569415848,-0.259692117055495,3.06872582900297e-15
"1325",289.91,1.16548361463552,-0.060285750362704,-0.604795129342845,-0.912905672219744,0.736901728859525,1.22165845562136,-0.895587814330241,-0.828435071484289,0.419692843718467,-0.100066622140125,-0.178603410989376,-0.0893841731905801,1.53627111032506e-14
"1326",290.11,1.8840605806717,-0.632922954402952,-0.123833362557339,-0.717626502660922,0.275696180950676,0.541247131501093,1.19688269322215,0.0717349354011046,0.333667286640793,0.293827527507467,-0.285128358884934,-0.292114291628729,-1.04647193688301e-14
"1327",290.31,1.47223630778547,-0.453895666929619,-0.633318394469596,-0.506492690495296,0.988849232929733,1.30410204526814,0.597589495704124,-0.234685016581844,0.0676702724720078,0.0427835199019914,-0.444347892657541,-0.326195593282743,1.96787031114809e-14
"1328",290.51,-0.330956501584496,0.400898993643419,0.587215824015931,-2.62919866810137,-0.210286860952937,2.0815042014217,-0.0687695996918089,-0.332506785423351,0.0822112131331363,-0.262107031868144,-0.430491021292679,-0.0933305537038537,-3.21964677141295e-15
"1329",290.71,0.625546885164924,-0.247816869105059,-0.865311643007029,-0.620204692208727,0.0818513967477026,0.15402763083697,0.492374032594648,-0.233392546688808,-0.699577419176776,0.400883783502317,-0.496239558994021,0.0410831831646839,-1.241368119409e-14
"1330",290.91,1.35864287058201,0.400753228337582,-0.720633237228562,0.520976217523477,0.637345369380892,-0.122138783174213,0.603076947695259,-0.536309831251209,-0.393438087518268,0.531304210024164,-0.120690874446816,-0.338279002008913,5.27355936696949e-15
"1331",291.11,0.355339941524927,1.3009908254769,-0.326765220653638,-0.529184164440259,-0.720187176906853,0.0892772307803159,0.416661709407863,-1.02828142500066,-0.713518521670561,0.111589381053032,0.0124848161476497,-0.14335759293688,-1.96509475358653e-14
"1332",291.31,1.4487409731165,0.726526790319854,0.375386071293547,-0.54906640415069,-0.201348536757335,-0.207045036886013,1.39347807331655,-0.851718506504359,-0.586894660774848,0.219182607398621,-0.178925778779721,-0.0541014236432538,1.11022302462516e-14
"1333",291.51,0.349316507877713,0.961748263914188,-0.954696734221455,-0.447623972680608,-1.1161779733559,-0.588381634347157,0.265682103354968,-0.279900203890994,-0.477383315568558,0.0512202803358049,0.273769317564327,-0.0681415283662884,3.31679128606766e-15
"1334",291.71,0.0453881022314906,0.875492094272271,0.234105960174636,-0.506428590775353,-0.558988270655616,0.230064672521231,0.0451552861344707,0.241561143620044,0.263798285026415,0.368628403830167,0.445900934055934,-0.145338656625983,8.56953397132543e-15
"1335",291.91,-0.995680963293401,1.34426967373497,0.385648372495165,-1.45605249167298,-1.60036431099332,0.759395716821983,0.407117473567055,0.00672008755658832,-0.434500549912913,-0.240816336906979,0.117060465631898,-0.266238535846763,1.39332989590457e-14
"1336",292.11,0.615699266969716,0.274404522377428,-0.271205693539555,-0.912621356711552,-0.577229117120903,-0.420278891676397,0.0133018932210424,-0.678835904099521,-0.0331024596093635,-0.054896061855581,-0.314087964385961,-0.0501236719629442,1.68198788230711e-14
"1337",292.31,-0.20999548565082,0.374583303594166,0.276709505229055,-1.56384847341769,-0.807893721160816,0.318874109573257,-0.25234700734407,-0.14312506928199,0.142548115859352,-0.324493033117853,-0.0844280921960086,-0.438102486098763,1.50990331349021e-14
"1338",292.51,-0.726663141627986,1.40897219415909,-0.0649439251336993,-2.01207724302709,-2.21087964224954,-1.31393259933526,-0.0658737662399906,-0.488474143558805,-0.512036332451304,-0.622791148465861,0.158303557664081,-0.34928861761404,-1.18238752122579e-14
"1339",292.71,0.629616314627981,0.0419936402868176,-0.579226050738227,0.771886410185034,-0.18297098765108,0.308579485820007,0.0946043930165134,0.384708336334202,0.493398578375168,0.185740819203153,0.0150060805522235,-0.210423212528392,-2.03309591384482e-15
"1340",292.91,-0.30561739254949,1.41228110096068,-0.0997698576489355,-0.515148884466881,-1.32686270697344,-1.24059943431253,0.422860070675074,-0.234108256181938,-0.15015890363915,-0.377869170158166,-0.0404767455653476,-0.11874456308458,-2.26485497023532e-14
"1341",293.11,0.428245473272401,0.764328332786799,-0.54601848343335,0.214172229979829,-0.359320895899242,-0.322360351254614,-0.666856802087063,-0.184149383896517,0.976572906118743,0.237256029275303,0.219904127968887,-0.183705398300906,1.08246744900953e-15
"1342",293.31,0.413393102278152,0.298278335627389,-0.824727874758684,0.744994069268821,0.135696649623688,1.09624376324575,0.154672661757798,0.246935267785837,1.02229618401971,-0.208237461757107,-0.100737438219713,-0.556826073299394,-3.05311331771918e-16
"1343",293.51,-0.102375159844978,1.46634110061626,-0.868085373333492,0.219750517671902,-0.789075253849581,0.0298842182540772,0.282147893141101,0.293103412667258,0.526676931474742,0.230846388168225,-0.13605765954249,-0.102579274918814,8.3474893664004e-15
"1344",293.71,0.588769910465793,1.70230699235996,-1.27390669094568,0.42705691222021,0.385136967203702,-0.274522783279243,-0.63261213911124,-0.417886262452458,0.863432712190283,0.474702471530569,0.00171170275002897,-0.0752942669642136,-2.86992651865603e-14
"1345",293.91,-0.27974452235008,0.801336432255653,-2.03029631374901,0.356937214179118,-0.996651538024416,0.266717052311464,-1.61011172795351,0.277582174495533,0.516419316199086,0.762344876975816,0.273782784501787,0.333079144792879,1.47104550762833e-14
"1346",294.11,0.486646170402704,0.474082260933751,-2.00563734653837,0.168387246246017,-0.629075682053808,-1.02994123654095,-1.46221547793889,-0.0861430665278779,0.182954124183241,0.69361197501968,-0.068849236179794,0.339602110997938,7.7715611723761e-15
"1347",294.31,1.02163212290879,0.587663916656493,-0.908139197901108,0.866790917974704,-0.648960245144973,-0.502632267493327,0.723094094954328,0.728681311590378,0.0034158138190433,0.588966160210988,0.218373719101887,-0.553117484849435,-1.13797860024079e-14
"1348",294.51,0.243650814822983,1.2724285909164,-1.44876555600577,1.81677858288874,-0.773697051773028,-0.215817319875588,-0.83017118662618,0.537034384886126,0.149567571564674,0.450139695489069,0.122547736514221,-0.160006982519725,1.52725054824998e-14
"1349",294.71,0.946242075224381,2.30487003816245,-0.160039502492841,2.25601434480523,0.508043340135533,0.131514592022373,-1.15237961877514,0.0759218623667143,0.619042124396237,0.509832603416366,0.0269930732678699,-0.433297036368262,2.80331313717852e-15
"1350",294.91,0.974302901585222,4.40192457972239,0.737208045375989,1.5607470216413,-0.37804981430868,-0.195347058736199,-1.03701630341814,-0.650063272658863,-0.65163122132268,-0.0553175045656669,0.0957816604464677,-0.597200112609403,1.23789867245705e-14
"1351",295.11,2.9328905922954,2.34552104883174,1.42956637187211,2.15705916018948,0.338101590341955,0.53425465018935,-0.664775334088193,-0.0145788428782488,-0.876399581698009,-0.0514469028942169,-0.0749739289767226,-0.42957699022104,4.94049245958195e-15
"1352",295.31,5.25004123475292,0.493736551499994,1.72358777819077,1.91986144024336,-0.803555653145918,-0.314120932331903,-0.17101398466829,0.706225650813682,-1.0354245385295,-0.139868898608747,0.112816923091819,-0.144265377661503,-2.00395255944841e-14
"1353",295.51,6.45161873501021,-0.0336577378461002,0.79129752820772,0.94457637210494,0.173984749585415,-0.815288314731357,-1.8520732175607,-0.343842730519729,-0.54994146843744,-1.94497301500438,-0.251532753286481,-0.462681483792127,-1.88737914186277e-14
"1354",295.71,7.37063703241529,-1.75921902777889,1.80859399203125,1.166480106492,0.720014432617832,-0.541171487621396,-1.1351695408683,0.595009116572753,0.643080058326109,-2.45395249237212,-0.525198857271636,-0.0185865702736745,-1.72084568816899e-14
"1355",295.91,5.81245665363701,1.99684208548243,1.18905351320794,2.35167012880635,-0.712094722427477,-0.352932688644452,-1.1181570207151,0.76908468987642,-0.0904885650600895,-1.57063266703266,0.879665535924669,-0.558823899323499,-6.43929354282591e-15
"1356",296.11,5.70641234846512,0.912217581420116,1.4115445572504,2.85640285357433,0.699378017912027,0.163935814986021,-0.681730893667728,0.223058616307178,-0.318053200354605,-0.522114329552358,0.340636202663292,-0.0154203340924294,-1.70974345792274e-14
"1357",296.31,4.7030313195562,-0.282014201992894,0.489797577369347,2.19000721579712,0.305451101358304,-0.708429009796361,0.154807450192221,0.266777775563575,-0.409270282896065,-0.379051973939,-0.163741113104761,0.197352864434946,-4.9960036108132e-15
"1358",296.51,3.41905378037511,-0.30367450660494,-0.70353655773485,1.74031941823408,0.365655063795514,-0.741842348340563,-0.919530324859878,0.140383786755852,-0.20347076924265,-0.061922786793104,0.00979653191341495,-0.0411023482324046,-2.99760216648792e-15
"1359",296.71,3.32679540360576,-0.982608370465096,-0.472416290359983,0.56312582483862,0.0581186457224577,-1.33357676875876,-0.374440824057013,0.00614886591516683,-0.34735713697678,-0.303145352779832,-0.552316836141343,0.0480788960434087,2.38697950294409e-14
"1360",296.91,2.80763532956277,0.713835015615485,0.909129009042736,-1.090455757491,-1.05299185930577,-1.06692624113678,-0.0525023790907514,-0.121700460320812,-0.17349261131762,-0.425887797637706,-0.217791540969261,-0.32640687521649,-1.29340982368831e-14
"1361",297.11,2.35738116271783,1.20199611910288,-0.0119638990934782,0.0842542007844551,-1.17260411891938,-1.56389438556731,-0.949483987798755,0.33959805862641,0.529532088965852,-0.201451541319489,0.530246451952166,-0.361200473293142,1.4432899320127e-14
"1362",297.31,2.20050736292236,0.0365097054737362,0.261013368051667,0.098730516710929,0.0779615227791672,0.00923836283985424,0.284260767328482,0.55012592764048,0.289290001907512,-0.240584498005565,-0.189062517656657,-0.579380108945293,4.9960036108132e-15
"1363",297.51,1.28888423395159,1.01298157434827,-0.711342923893077,0.48969594988988,-0.705988835008825,0.228404807668048,-0.697194229664729,0.537924166289091,-0.053049639245679,0.0947148270312035,0.140297409465625,-0.2933140025049,2.01852423664661e-14
"1364",297.71,2.02435710021222,0.621572155513719,-1.88611080844291,1.66330578595503,0.286500022894795,-0.710720183808684,-0.507681192668811,-0.103036318626923,0.0927335236231576,-0.403696308230681,-0.381777007122411,-0.431444724798694,-1.50990331349021e-14
"1365",297.91,1.83097571224046,0.875405323827211,-2.90170600387868,2.16589418758555,-0.515948950488576,-0.900845837767863,-1.12201885902956,0.0651286589226178,0.32449570845349,-0.309318983182349,-0.216693092129298,-0.178870586269839,-1.17683640610267e-14
"1366",298.11,2.70371625244859,1.50041267485985,-1.79361873060005,1.93340645999698,-0.776854348951739,-1.08307128176018,0.623895537591033,-0.0489616921068484,0.0580349022916232,-0.176688460110282,-0.493201268339686,-0.0891718870276022,-3.10862446895044e-15
"1367",298.31,1.88489065517992,0.981617878078923,-1.09377915320152,0.676127282853458,-0.948547254776711,-0.501259989417699,0.0755460427436375,0.0541605150600219,0.273250717788155,-0.376581052592321,-0.298222805752417,-0.129972880120396,-6.82787160144471e-15
"1368",298.51,2.41638145372047,0.0440309469053219,-2.09247877968996,1.24295984578232,-0.824409306093991,-0.750670868810662,-0.202244556595728,-0.0689169417909113,0.0957489134449016,-0.145315049467748,-0.282712505016647,0.212723832382536,1.55986334959834e-14
"1369",298.71,2.5283723787409,0.863772718741304,-2.50194755463587,1.37268921543014,-0.203230036760392,-0.700961244124265,-0.568545034562409,-0.32719028894333,0.532294964612582,-0.35319943970947,-0.0232401354017094,-0.153694772106343,-6.21724893790088e-15
"1370",298.91,1.3762889317489,0.122262437490587,-3.25415827575878,1.63449100710631,-1.25065260610587,0.670660139582502,-0.534382537820104,0.87233387295597,0.589865427382124,-0.432614530321678,0.2588393846255,-0.0341863341456322,-2.68951527715444e-14
"1371",299.11,2.6487936484553,0.30106976996351,-2.61740181611164,1.04546754023805,0.209827026383988,-0.629964816797384,-0.240239161765133,-0.370755846268915,0.558301763919447,-0.510302443554378,-0.291374761512621,0.1025751364666,-1.60982338570648e-15
"1372",299.31,1.22636435775673,0.898419795643153,-2.49157715164263,0.536145281132734,-0.843852091090041,0.429748183717866,-0.497263155764053,-0.199202779260575,-0.0412707756366637,-0.576234483217714,0.0572903616074829,-0.0514272340857672,-1.64035451888367e-14
"1373",299.51,2.10986894018109,-0.129256199023535,-2.3615511244504,1.00325863382439,-0.312810183374157,-0.481625936523462,-0.0843484465161899,-0.0170604168691012,0.178148233516664,-0.347923924601603,-0.178389397459806,0.238102022310827,-3.33066907387547e-16
"1374",299.71,2.65556965810685,-0.214251255248808,-2.19126536958099,2.09398748380896,0.154996614247728,-0.446364813247643,0.323090888660098,0.125763114879037,-0.189067125070342,-0.11541312367233,-0.0984067383700407,0.0809943238374823,3.33066907387547e-15
"1375",299.91,3.09960440041082,-0.463839829126606,-2.57433680620896,1.3095308308541,-0.478911994248335,-0.655915081130861,0.220497124345109,-0.395198569136033,-0.166065167189328,-0.212217202262974,-0.250851810509616,0.0619933831206668,-1.45439216225896e-14
"1376",300.11,3.1038418386171,-0.793799175612495,-2.78470848910624,1.19709411037303,-0.304756694919926,0.0110886837496109,-0.446979511687607,-0.554292819826162,-0.0962262262187518,-0.0262857517407793,-0.587970585409763,0.0830935351020791,-2.47024622979097e-15
"1377",300.31,3.2227162997966,-0.85851835495933,-2.74308704280419,1.59108396238951,-1.17740169638557,-0.561155463236628,0.409432148475281,-0.0728584928588784,-0.596028181103217,0.124950106299503,-0.305606158733107,0.0741366987569924,6.0507154842071e-15
"1378",300.51,2.00865797523955,-0.208874072324677,-2.81572492443161,0.759544106387478,-0.583601691526926,-0.344582877783802,-1.31221461669858,-0.33028165892433,0.186981972346844,-0.547994752157815,0.0475766175197535,-0.463881984987794,1.64590563400679e-14
"1379",300.71,2.03350486173387,-0.632559682532615,-1.61614920272256,1.06282866493769,-0.540836102541798,-0.185396340269287,0.068783464840394,0.207165837318178,-0.294196693439931,-0.176908901874313,-0.180605864830722,-0.0997451568076881,7.38298311375729e-15
"1380",300.91,1.10796966248315,-0.160952115746341,-1.52263505821429,-0.328073141238847,-1.30542212054193,-0.825433618563943,-1.05435115979738,-0.247184034582022,-0.121476029647355,-0.196609138016733,-0.271892115015492,0.181070184812158,-1.91235915991683e-14
"1381",301.11,1.27482434978413,0.853205908014501,-0.974740527062216,0.305195211822604,-0.746963380383546,-0.88838998619222,-0.657885859018266,-0.545371474758489,-0.828013954796649,0.113738124454315,-0.0783806164677129,-0.0947129046832322,-1.54876111935209e-14
"1382",301.31,0.929840509052893,-0.533288221588083,-1.69959501714097,0.0480239540552952,-1.31639573523505,-1.43051521460367,-0.931269039217262,0.351998553487366,0.171941866949212,-0.0973944492008109,0.316586068691878,-0.149646927920449,-2.52020626589911e-14
"1383",301.51,1.55343824855975,-0.317970719959452,-1.82644474004096,0.694686681326182,0.0149339266471423,-1.18335110330845,-0.656186599567459,-0.450700832465403,-0.377481636561511,-0.111730408161288,-0.0599660875791879,0.114131878534208,-1.2712053631958e-14
"1384",301.71,2.34550266179938,-1.00697469640771,-1.00146103763125,0.839844303390304,-0.0287570653275085,-0.195949848207331,0.360999195617616,0.1765787018458,0.238654906273213,0.079873832695336,-0.0237400526969697,0.000617013333574857,1.01030295240889e-14
"1385",301.91,2.50009048612107,-0.684946702194682,-1.83754601637558,1.63462647704882,-0.229283518996937,-0.414548555645996,-0.188871683306998,0.231544768035407,-0.0510882107612726,-0.237003279844112,0.279499321793102,-0.569727417048673,-5.91193760612896e-15
"1386",302.11,3.44821990659169,-1.18976241151588,-0.190825909670093,0.662665718412951,-0.993084169662203,-0.14124844949108,0.587332163845439,0.222850138901075,-0.0659076743271434,0.0940667822952056,-0.000419631192808367,-0.008537206047985,1.87072579649339e-14
"1387",302.31,2.55906288860022,-0.549530518307549,-2.34810575190318,0.293268332817301,-1.11013135937384,-0.988829936550351,-1.41365445384763,-0.953965027818514,-0.324873031551219,-0.901132807714256,-0.171657597189301,0.0247935830681926,2.09277040141842e-14
"1388",302.51,2.28446306981443,-2.24971572216952,-0.522032073480989,0.173425676339668,-1.77177992352291,0.62970414246666,0.137577108656994,0.817553643105786,0.114784826920345,-0.389704655330294,-0.202583812020653,0.339001307071498,1.58484336765241e-14
"1389",302.71,2.87178500742068,-1.69222728462028,-0.525722578981236,0.433547880627201,-0.510112363655999,0.199345318383009,-0.129423102061029,-0.0483762746617762,0.289727655170024,-0.39525309952394,-0.204878658104154,-0.045612456880724,-7.41073868937292e-15
"1390",302.91,2.56524584703434,-1.50853365058273,-1.41043649772971,0.484024585803042,-1.13324898945741,-0.12851909807854,-0.419443112898931,-0.273617392160741,0.332369794670425,-0.298444124944504,0.00744942212171668,0.236565588239078,-1.56680224350225e-14
"1391",303.11,2.31900114090588,-1.5773708204337,-1.11582202225391,1.008392718907,-1.2337432994568,-0.897870742252109,0.236286685731177,0.0158819037481401,-0.133473545589062,-0.193863178218009,-0.0955618882896432,0.488185506721635,-3.21964677141295e-15
"1392",303.31,1.0154111617327,-1.13085768027335,-0.915903124723332,-0.0758162290009775,-2.29013820901092,-0.342655991465492,0.672501066409255,0.415591782279663,-0.479956045686603,-0.679167077467329,-0.0727182036169743,0.377422605877311,-5.6621374255883e-15
"1393",303.51,2.1077868906871,-1.44687598156113,-0.610581354820876,-0.543654836716509,-0.915019620248776,-0.214718812347647,0.307089660472579,0.0840938030372697,0.640792071601209,-0.550476371236493,-0.0836916740331,0.000707736050726308,8.74300631892311e-15
"1394",303.71,2.62429146894405,-1.4891118128791,-0.910653137124597,0.53801436462147,-0.0520065249552363,0.158301012165651,0.815103808748699,-0.121639405279547,-0.333468248078997,-0.195651185519295,-0.363026102847004,-0.222317152888779,-5.68989300120393e-16
"1395",303.91,1.99605419669411,-1.27342164532909,-1.13699823371367,-0.160075005160339,-1.02923687752461,-1.09624877772263,-0.248148243662388,-0.152524067707571,-0.422467832821017,-0.155446602817176,-0.170805232207592,0.130166173615087,-1.9595436384634e-14
"1396",304.11,2.43591376074035,-1.222910653299,-0.0793905779743052,0.29415476840004,0.194431927533536,-0.544879956242931,0.761460721536097,0.056789511485534,0.0489528867472478,-0.255107809805211,-0.0718665649883353,-0.668229230491784,-1.33226762955019e-14
"1397",304.31,0.875082560290646,-2.47738067358416,-1.17614488567308,0.119445479760068,0.0578702525808589,0.679737723638455,-1.04890247231407,0.528288104317462,0.275611672602273,-0.263342269287112,0.0707615049250971,-0.377028255578,-2.04281036531029e-14
"1398",304.51,1.67444802237815,-1.58973600586694,-0.215717491958688,-0.421170288536771,-0.411107595015373,0.432970246774743,0.650447211729562,0.0676777921178793,-0.276907024682216,-0.31216694970795,0.0444609746793988,-0.496065248986563,-5.59274848654923e-15
"1399",304.71,2.77403902625251,-0.878542907058399,-0.682959455007949,0.0731876515797652,0.571281084767481,-0.742031862407342,0.139347990651837,-0.895511903588872,-0.537573411396855,0.126604393171083,-0.149432180195999,-0.11308189497158,4.94049245958195e-15
"1400",304.91,1.5414930826193,-1.81335431207147,-0.578030968322348,-0.432681238422665,-0.393011737181109,0.483827204442676,-0.170082251171824,0.204368262931734,0.277496485622883,-0.207806910194543,0.135646869821425,-0.112895708470631,4.24660306919122e-15
"1401",305.11,0.909907235078938,-1.47753312298461,-0.466802230990005,-0.838993867653624,-0.630403818094932,1.28197187887972,-0.873823669905985,-0.514025765254584,-0.144575506206876,-0.218889947919596,0.0136474711244476,0.256858297338485,-8.10462807976364e-15
"1402",305.31,1.83728418926691,-0.335268506420892,-1.48803917268053,0.351998892487932,-0.182699697619189,-0.108184357160456,-0.909091632328488,-1.01212848344431,0.228104190713206,-0.256038473484714,0.17588793695818,-0.309322972062693,-8.29891710907305e-15
"1403",305.51,1.53995225527624,-1.60633310690499,-1.16380265975913,0.986519479147526,0.168765211791798,1.64543248319041,-0.338321456444057,0.0870362019864309,0.20451315723735,-0.00817308258368665,0.152686418529992,-0.442724345042355,-1.15463194561016e-14
"1404",305.71,1.20363582252155,-1.12004811255406,-0.970629037339532,-0.931363454119305,-0.807682776788271,-0.418254768807659,-0.723928716267417,-0.151553189651277,0.683423131494788,-0.215961162527516,0.282229337110478,-0.0422715721631724,1.16573417585641e-14
"1405",305.91,1.71594730033032,-1.54237836057987,-1.24002978124784,0.212494505087599,0.0862359868212243,0.24282429280721,-0.195236699767632,-0.276050502824686,-0.090739556786192,0.208977538081223,-0.273576072637211,0.328869044990616,1.65839564303383e-14
"1406",306.11,0.137786523832321,-1.00683965563569,-2.09746308016124,0.360405779285867,-1.05322551624716,0.730079730742624,-0.861980840701595,0.0327777140798716,-0.630329127759416,0.0897805701646554,0.0197626158230589,0.173518960666195,3.66373598126302e-15
"1407",306.31,1.76049104109376,-1.28446168983724,-0.636211069065368,-0.605624115733949,-1.54176085234498,-1.62647812254435,0.699398726171522,-0.00330684969817319,0.153419015034278,0.321931216149689,0.209815225565653,-0.0417544120586706,-1.90958360235527e-14
"1408",306.51,2.30764405592553,-0.791010214678926,-2.52637730424858,-0.0236968282180226,-0.489206033940249,-1.42494278240218,-1.0099380400177,-1.02089218828628,0.08996724506123,0.189575734826125,-0.124957165966217,-0.0948107854741034,-6.99440505513849e-15
"1409",306.71,2.64895414631908,-1.17364481485562,0.18783731136815,-1.41777944844518,-1.87687294390884,0.181216334681339,0.601253119478111,0.138098437398512,1.51565017364205,0.457241619452882,0.0838068244036086,-0.0483724629547229,2.53824739004926e-14
"1410",306.91,2.5101427444768,-1.62972344123173,-1.48841204993623,-0.213890209902669,-1.81375185567584,0.554153154417129,1.05018894234584,0.167599597521632,0.508995928843534,-0.0751471562933795,-0.244507897222899,-0.442922923997809,-1.7430501486615e-14
"1411",307.11,2.67883059495514,-1.96574689921841,-2.56321425821998,0.611273851812382,-1.05517334174754,-0.202257239401134,0.300522215012784,-0.258585196047011,0.0838880851438038,-0.133188023564551,-0.425176592982496,-0.238501061724695,-1.99146255042137e-14
"1412",307.31,2.78861030873548,-0.841156284049021,-1.4510611170314,-0.297968017831168,-1.49354012957775,-0.815670286607519,0.665982912426647,-0.160792095346568,0.347785826282276,0.337835026151138,-0.0522816600903979,-0.153805306429108,1.99840144432528e-15
"1413",307.51,2.50236535931328,-0.311456286654956,-2.63697899140738,-0.282656943068158,-1.98486480160998,-0.260229426314883,0.325820211221793,-0.744964238597844,-0.476427909425979,0.124044148115133,-0.0893350613063268,0.108149139442608,8.90953977261688e-15
"1414",307.71,3.7096994313125,-0.948971877586134,-1.84902796455903,-0.48070497659062,-1.36230359936555,-0.132631843712611,0.529666834193472,-0.74525435193029,0.454096584972428,0.680469676995925,0.0895061900022233,0.0669792485684215,1.11022302462516e-16
"1415",307.91,3.62704296082983,-2.07595248068323,-3.06636701589154,1.51353167799416,-0.423434218032981,0.487269919845853,0.0617531665062807,-0.488299034086233,0.100734971710835,0.820806346205431,-0.0936179060932774,0.205325137583357,1.55292445569444e-14
"1416",308.11,2.55897490508683,-0.00636701730432321,-1.87808775293311,-0.466445231068865,-1.50330875388909,-0.8860678602693,0.19740458372303,-1.21214489589689,-0.131812877600572,-0.275834526599065,0.181796897606977,-0.182973020648143,1.65978342181461e-14
"1417",308.31,2.42680940679213,-1.56030750365776,-3.04478553433896,1.78618317844784,-1.1348931821968,-0.11141883735315,0.482626823458958,0.134734349412535,-0.830894653785151,0.502818835564377,-0.136540412039256,0.543773902664009,-2.12191375581483e-14
"1418",308.51,2.10778756369875,-1.62593695474224,-2.73475605533523,0.860753139623241,-0.0400433468441691,0.235503309043404,-0.817583137253544,-0.207310035323427,0.02132753391879,0.333037323228926,-0.281969249084862,0.514026584928289,-1.56749613289264e-14
"1419",308.71,2.8629043860263,-1.76893302133004,-1.99697502629419,0.835167281497603,-0.441048376954985,0.00548440266698041,0.338507735283865,-0.14896069689865,-0.209139011093035,0.719644392375071,-0.408165406835216,0.789932932725856,1.57929225252929e-14
"1420",308.91,1.85637694112995,-0.491792554743561,-2.15501920329695,1.24966316819116,-0.0721661880685814,0.744144534150831,-0.615234986471664,-0.00610051539035956,-0.130127169246436,0.264850666232972,0.221139521250587,-0.263013959875354,1.3392065234541e-15
"1421",309.11,0.864487581252521,-0.961688530889351,-1.71920843982225,-0.326635540968187,-1.35026634004127,1.00911289611426,-0.822829285544758,-0.0643245724755332,-0.908765515784981,-0.0562521051207328,-0.126712119447071,0.222705249781826,4.44089209850063e-15
"1422",309.31,2.88640798186209,-1.25114751523973,-0.692252741884276,0.202060625292326,0.345477648932762,0.297969023199715,-0.391353829769059,-0.436641442391745,-1.05798953140502,0.178887896025606,-0.43792983393069,0.3151571772157,1.4432899320127e-15
"1423",309.51,4.51961601791659,0.00217558979235469,1.25356798441995,-1.22721608091677,0.0254168937626738,-0.315700442331032,0.177050874962284,-0.836781343083571,-0.667436766995364,-0.0535685661201701,0.292177207210303,-0.0729034719614192,-1.23234755733392e-14
"1424",309.71,5.46085181363709,-1.74190752808028,-0.54642426782986,-0.456348903563948,0.572554680538794,0.048542066280004,-1.02285145294801,-0.659878599484061,-0.238872423119294,-0.665082687123195,0.0808870073247934,-0.204936207186755,-2.23709939461969e-14
"1425",309.91,5.78307338843127,-1.47138981173174,0.361927440090237,-0.666753357493697,0.793638327466527,0.214943908308774,-1.10895656667565,-0.576916873980192,-0.357580066207862,-0.328568999378995,-0.192905943246085,-0.131225560379319,1.23234755733392e-14
"1426",310.11,5.09509014658973,-0.614415814694034,1.63015619951025,-1.64984643199956,-0.161792035299524,0.0967749206021995,-0.451980405134421,-0.449242495446214,-1.17832099948929,-0.212830391668005,0.0586962180445293,-0.164839074845384,2.04281036531029e-14
"1427",310.31,4.77186999301131,-2.27784632393039,0.142716390265406,-0.511949847519562,0.168142363970088,0.884387570752234,-1.69253538475178,0.162810022634257,-0.278416176433736,0.263735852873494,0.421571185896218,-0.113098181957972,-2.60902410786912e-14
"1428",310.51,3.45030346758107,-2.06033342700337,-0.552608003262616,-1.29891986800601,-0.359678523952686,-0.271518614766942,-1.40576000920922,-0.10322825951017,-0.900028528414272,-0.254822041063673,0.317046417353719,-0.0459962516760912,-3.1641356201817e-14
"1429",310.71,3.18208236100778,-2.76889680989868,0.295459147149252,-1.49743163424771,-0.250740351921019,-0.510390353409754,-0.601721432425189,0.409986279766149,-0.936234387376167,0.135967171555668,0.348190695752345,-0.268969078718108,-1.45439216225896e-14
"1430",310.91,2.97756440550809,-3.04994134193995,-0.927303290761041,-1.01025623799839,0.175031502191099,0.227940212452858,-1.46074743396424,-0.127229884079982,-0.885505970027022,-0.32227445388446,0.051584707004541,-0.190019840636737,-2.27595720048157e-15
"1431",311.11,2.68306793239826,-1.36466500693353,0.40970962731363,-2.01368715305242,-0.403550199814599,1.23730449756662,-0.71413809738904,-0.144306044366174,-0.156919902202643,-0.73017019374309,0.212493038726276,-0.6084707559447,-2.6256774532385e-14
"1432",311.31,2.4023162901738,-2.04103521708889,-1.22216444320952,-0.963450435165723,-0.924439632045514,0.689098854506619,-1.34792075979826,-0.26507599248953,0.223411520825861,-0.719983000275146,-0.281208706572165,0.255343367814552,-2.27318164292001e-14
"1433",311.51,2.43858554686347,-0.0764986499993394,-0.43246371919807,-0.856002983789063,-0.72828424086591,0.283326943738294,-0.549289614240582,-0.510997655533847,-0.163979493163564,-0.568744964787185,-0.113863652559993,-0.199742907999258,9.70057367766231e-15
"1434",311.71,2.43610683907945,-0.021398240244391,-0.0708952800505173,-0.936624457712629,-1.22188689068495,0.133049249016196,-0.12618522353005,0.19739764698911,-0.384553205187856,-0.0557641762201081,-0.065699918732331,-0.026557484549053,1.41553435639707e-14
"1435",311.91,2.70363422066958,-0.878574365192925,-1.23455310874248,0.401175045381719,0.729035264058278,0.916808015369068,-1.28525242718254,0.336549369001071,0.166306959106109,0.285791694790755,0.0582356740084381,-0.294521011645404,1.39471767468535e-15
"1436",312.11,2.3866535858237,-0.281507036126407,-0.210887707431897,-0.24613082559282,0.111724411326377,0.481634247482076,-0.302614027284724,0.188352028060344,0.202164697803735,0.110924669620649,-0.0836904201585274,-0.451194647051335,4.16333634234434e-16
"1437",312.31,2.05960302831646,-0.10148120168206,0.855731369109845,-1.11468694000765,-0.411426979161403,-0.19270358644244,0.168433295392729,-0.0993620348903964,0.388221544215282,-0.0798272407369173,-0.468018155991819,-0.0824905592862511,-2.91155988207947e-14
"1438",312.51,2.33782518314192,-0.036291532797483,0.449297536544731,-0.529001939291782,-0.0385587331042913,0.0615593544524917,0.574882795203581,-0.299054345795542,0.000973903054413451,-0.486059164121126,-0.4984597080816,-0.505415120487755,-1.81799020282369e-14
"1439",312.71,2.95801713472855,-0.714642984184808,0.63490911249669,-0.460246450859217,0.476787854172618,0.780281271824783,-0.163815760219506,-0.0610643202536425,0.960325042215753,0.195170374023317,-0.300854700004914,-0.179886610572359,-1.1518563880486e-14
"1440",312.91,2.02827397205893,0.724914864299406,1.24299336636152,-1.78467693622647,-1.38862724623004,0.551366964912601,0.730514658101423,-0.0861804419025939,0.691327151695803,0.122472132639437,0.0244359952837452,-0.281165583575947,-1.76915773697495e-14
"1441",313.11,1.78465116382694,-0.595694998606535,-0.254817259649753,-0.446845590707604,-0.430482273818059,2.46650007270595,0.317183198533999,0.233864659634629,0.756915460692078,-0.260267401712537,-0.434852579815324,-0.299288234944192,-2.05391259555654e-14
"1442",313.31,1.82210489608629,1.04929450234954,0.624303334852384,-1.4043628365241,-2.31003402795153,0.510858981756134,1.05467238937586,-0.0097217771071825,0.345086891902545,-0.151935247563414,0.289983506056215,-0.399540514875479,-2.44665399051769e-14
"1443",313.51,1.56514907106392,-0.620291712392495,0.082223777414598,-0.607520957508626,-0.535925747494815,1.96735732929664,0.163166960573139,0.286332648637463,1.02623243829266,-0.46547928591621,-0.135153160607933,-0.522503005271922,4.94049245958195e-15
"1444",313.71,1.83018085832728,-0.131682672222486,-0.579834220576746,0.364671029813891,-0.284742871732748,0.892834810527737,0.524820153855548,-0.0370363486077138,0.122482608069865,-0.172841334966173,-0.369812305353494,-0.445473199309862,-1.25316423904565e-14
"1445",313.91,1.50117300955229,1.21629062572818,-0.010543451726146,-1.77900931390363,-1.04057161768387,-0.633014434175232,-0.10596006847938,-0.683720319342573,0.837490656390856,-0.44199456147079,-0.155118252307331,-0.528209347334811,-1.0769163338864e-14
"1446",314.11,1.93121930871148,-0.419891483227849,0.801373413142466,-0.984899820960852,0.249604135938822,1.83856089169221,0.61662622041249,-0.108808650700722,0.503226249290435,0.0312565358322434,-0.490099087478942,-0.125207800233818,5.6621374255883e-15
"1447",314.31,1.73090235397847,-0.524686667340935,0.366988864179623,-1.43150054541703,-0.473319105940586,1.17111298042598,0.376540078946093,0.0662730103000658,0.759924067053039,-0.303177108860824,-0.232067028039422,-0.196678672336261,2.47024622979097e-15
"1448",314.51,1.65401480203956,-1.18535767938567,0.22116966554744,-1.67445553469111,0.0983229692097016,1.26861656852766,-0.2634757129832,0.106949653100824,1.19373011421505,-0.435644883895021,-0.119458480698607,-0.258556974370504,-4.32986979603811e-15
"1449",314.71,1.5782193693765,-0.400250118161399,-0.24139283752102,-1.21168040945073,-0.0666936171635439,0.822930364152063,0.236418834533282,0.114497056046346,0.38091045714086,-0.510632015809784,-0.00597105757271282,-0.401223839170286,-1.35447209004269e-14
"1450",314.91,1.17101438958862,-1.71815033749181,-2.18318528750983,-0.307117022811256,0.0664092729082045,0.98339909424612,-0.759316571954213,0.273605443917405,-0.13239902808966,-0.462242465700944,0.00236809129665116,-0.458171378618521,1.50990331349021e-14
"1451",315.11,1.85522766339187,-1.88257527899889,-1.16630954730595,-0.936736307395628,-0.158761068948847,0.738564732669861,0.276418221084881,0.477904153846125,0.158836914226473,-0.182695542248956,-0.241313500123884,-0.479353253885764,1.91791027503996e-14
"1452",315.31,2.29444103335638,-1.02439175524707,-0.241544185192837,-0.87248792279697,0.787678380545591,1.30487734531012,-0.211671855991559,0.0202961155768465,0.170252019967186,0.2497826103063,-0.322518216076294,-0.135949090213971,1.24622534514174e-14
"1453",315.51,2.52466735780198,0.901339222067471,0.0115844471020814,-1.29612529123539,0.169417793388915,-0.190106354508558,-0.574250036632358,-0.660975467440326,-0.0247363025771555,0.0883256138896071,0.0750297876002451,-0.193872803403749,-1.11577413974828e-14
"1454",315.71,1.7696001360738,0.210297373195524,-0.61259151762153,-0.65683419864924,-0.683070085688758,0.83135645482097,-0.684294363728846,0.371914130829117,0.0696806445714088,-0.438793791507456,0.328313587621783,-0.229371388798023,-1.36973765663129e-14
"1455",315.91,2.14147315550899,1.13087431007504,-0.857906212693626,-0.745707831292756,-1.06313172821057,0.186037961171,-0.390594126724305,-0.0982871812960705,-0.283156391222161,-0.539539375315137,0.113349290778825,-0.0476339024995538,-5.39845945723982e-15
"1456",316.11,3.57299733784246,0.154867236787676,-0.81083066293657,1.00997114938554,-0.0510208463775094,0.67211029678269,0.866591578606074,0.382616667615453,-0.171450325057482,-0.102758942047093,-0.0730880511445795,0.0190133328917888,-5.05151476204446e-15
"1457",316.31,4.2301154417643,0.0542416602178047,-0.206070853174341,0.24247965031293,-0.736180237342754,-0.263426648292105,1.76247299508196,0.358947439895254,0.314905500953755,-0.118776247701185,-0.128108667859782,0.104255761102843,2.64233079860787e-14
"1458",316.51,3.0634327428643,0.988887372659152,-0.765507373241187,-0.108300601271731,-1.34536034744997,0.181472574855041,0.722697509634317,-0.0302676054103441,-0.341932549774147,-0.326727849915702,0.0968386133705972,0.150823841057108,-1.27398092075737e-14
"1459",316.71,3.0109101965447,0.894435638650419,-0.482318077420771,-0.591489369523536,-0.599670769495457,1.15935277324916,-0.574640053766822,-0.57704741819177,0.155936181751717,-0.275080260133804,-0.259319096765928,0.11193381645381,2.53460447074971e-14
"1460",316.91,3.68683096725198,1.16721399112671,0.636810402409374,-0.863879303071602,-1.09159434329678,1.54987590196131,0.0270657442741256,-0.599113666973178,-0.187532687602638,0.26015276319243,-0.400716382167667,0.363642240241159,-2.01366701091388e-14
"1461",317.11,4.59567723724829,0.2089935460511,0.06072371187335,-0.366986386500078,-0.128579416308312,1.50192305506313,-0.118416333197353,-0.790243369541911,0.550161599070323,-0.203233528334039,-0.240659843941608,-0.129347770377409,1.86378690258948e-14
"1462",317.31,4.31681225235082,1.09084721314023,0.0211786837398957,-0.915034109492725,-0.500900384746023,0.990999551206788,0.318276915218704,-1.33903381414687,0.089074625516327,-0.299034475115649,-0.347592924775717,-0.396110500302007,-1.45161660469739e-14
"1463",317.51,3.44838130291103,-0.398201914171631,-0.510729387806563,-1.66083430560135,-0.819611627301579,0.663301874295779,-0.513873230016398,-0.627961086441064,0.983019710930142,-0.334919795603803,-0.122212142503328,-0.477851709785207,-2.17187379192296e-14
"1464",317.71,3.4229208251464,-0.328079316779889,-0.712428224549904,-1.14451794987163,-0.718888417031757,0.164073272387585,1.389319913228,-0.504094485726811,-0.072180318703105,-0.406241910757124,-0.585877060631038,-0.331349185191632,2.51187959321442e-14
"1465",317.91,2.8088140232552,-0.222674202902033,-0.360673717679466,-1.01545350882723,0.134656482874094,1.55846517907366,-0.0484330201131069,-0.491362301957465,0.726215245613136,0.132346643098863,-0.590921354021941,-0.073583597822762,-2.22183382803109e-14
"1466",318.11,2.52933159219875,0.27731514783854,-0.366250990242501,-0.837033971594351,-0.0611003124669888,0.870307107907308,0.247262075821195,-0.408429468215438,0.755999609500215,0.417869983349711,-0.3131505060915,-0.0598600186299569,-2.7151891845989e-14
"1467",318.31,1.66903532738486,0.15265905998432,-1.33567149140115,0.0423580694076076,0.539537624575957,1.21134461070368,-0.6311963704238,-0.267072250964946,0.752265603483959,0.2606888866142,-0.209966429842686,-0.341728203333766,2.35922392732846e-15
"1468",318.51,2.26596399427776,-0.79670056559885,-0.995176355068676,-0.311556982306462,-0.301690415559577,-0.316886907882801,0.420033849724443,-0.273208935958407,0.883442831882044,0.139691883665283,-0.515439033221707,-0.274900676732909,-2.1538326677728e-14
"1469",318.71,1.44718505265497,0.571488453333103,-0.63194653489359,0.282851703230514,-0.737556723568425,0.916370379625238,0.826275891240891,-0.193165583738871,0.121498359535756,0.224138992944547,-0.253982593269746,-0.607464341808302,-1.10189635194047e-14
"1470",318.91,2.82564368705149,1.16085882981538,0.189289416102313,0.21014636525025,0.00133866465413834,0.581470701269289,0.487104142132968,-0.519029268292363,1.42895784912811,0.582295360753414,-0.10181507872597,-0.448177314275653,-5.71764857681956e-15
"1471",319.11,2.15773724321472,1.84675397120581,-1.07856783012231,0.690936918681169,-1.37044562777486,-0.138567014400106,0.771474732564689,-0.503741165716519,0.377456845666812,0.315504476965845,0.239104907604344,-0.123582664421447,-1.23234755733392e-14
"1472",319.31,1.90434324962384,1.24500071784155,-1.26436655607065,0.598815278315917,-0.775688822155852,0.972901564087914,0.87297128865631,-0.244691636108709,0.640569091354556,0.144183687084939,-0.221702699335743,-0.0978653246399826,1.74443792744228e-14
"1473",319.51,2.03505482637652,1.23867931831611,-1.06406997417931,0.243541140641139,-0.41711151601531,0.384415691772409,1.09203266588404,-0.621090280600926,0.312030254487524,0.0895113996216206,-0.308541575724137,-0.399872734947198,-2.5576762929802e-14
"1474",319.71,0.874949976832587,1.12231129039275,-0.904960364872554,-0.0388176947579474,-1.4577073075205,1.165389783569,0.741979825498838,-0.433021698742254,-0.607510479819478,0.0981852210941961,-0.340470005457063,-0.0451183095807435,-1.89848137210902e-14
"1475",319.91,1.27304255491969,1.18913687634975,0.0480119518606407,-0.21861179247379,-0.37982552756269,1.68183589864211,0.521589376399031,-0.604536868035717,0.12428123155212,0.178847986579127,-0.28927168005918,-0.348366521228432,-1.32116539930394e-14
"1476",320.11,1.88769700415656,1.06398836668888,0.321719034620477,-0.516636033715432,-0.625339381782125,0.738339663342445,0.914548869369384,-0.581332572396635,0.666120476000781,0.338772335430144,0.179578246968546,-0.518980519086357,1.21742893544052e-14
"1477",320.31,0.991203902945928,-0.173501590029631,-0.363685646471041,0.104488511326404,-1.50195358381783,0.763786835396201,0.421606188325547,0.475856959321053,0.715737182864238,0.546943088319564,0.41986445847548,-0.229912569896282,-1.06303854607859e-14
"1478",320.51,1.2429246121817,0.00935247444181891,0.230589394232841,0.16159322757726,-0.142220445369438,0.0862735359881097,0.95504107803765,-0.26858282225064,0.0902710680841117,0.138723510365086,-0.337845575468744,-0.33999923543554,8.29891710907305e-15
"1479",320.71,0.225016709601207,0.976016289727632,0.13942501811858,-0.318005802734548,-1.21767540752344,-0.577011374183478,-0.179716625348083,-0.14642445794421,0.0505150077828884,0.285638976423184,0.175938265644651,-0.437379139771883,1.55708779203678e-14
"1480",320.91,0.544703099228509,1.08024006520013,-0.0244234975115217,0.0987148367836803,-1.63683895321211,-0.448749814136577,0.297224917878508,0.0742191461273227,0.0922883448351257,0.451099339964298,0.363968234578254,-0.375495633637378,6.16173778666962e-15
"1481",321.11,0.315488466106169,0.842420950176876,-0.865540516978317,1.23346053400438,-1.20721775015859,0.388355545959539,0.107230071890847,0.284504703887608,-0.326623315401688,0.447967964649419,0.189477415837445,-0.195430337929177,1.90125692967058e-14
"1482",321.31,-0.244711443118329,0.611483961749774,-0.0272460001578723,-0.451384310330465,-1.60945785323364,1.10780549639772,0.57927377115385,0.293242063695412,-0.405595016828365,0.146296647328547,0.008100471349328,-0.235822840045668,-1.04916075827077e-14
"1483",321.51,0.22178094789674,-1.3260103484838,-0.0356927653436764,-0.956919571120899,-1.03056175151728,1.53466632586317,0.101971684393594,0.573632888331148,0.52470689197125,0.141529260318732,-0.0789865000600559,-0.075966769830813,-7.66053886991358e-15
"1484",321.71,1.33759304137134,-0.842878515032818,-0.988828218351386,0.141189691645427,-0.840631491382192,-0.37802324596725,0.171747822353837,-0.0350664394216389,-0.227759918778171,0.35416269928069,0.0450767609481914,0.0332409214079589,-1.50990331349021e-14
"1485",321.91,1.73803878191777,-1.44262559424588,-0.45716563162929,0.379611434347634,-0.903539012296761,0.242406440054464,0.318385764711765,0.457627190846566,0.184179580272763,0.523358319982175,0.280315534587113,-0.10358821837272,8.36830604811212e-15
"1486",322.11,0.98260221282724,-1.0327538429952,-0.892218991307742,0.144916798340596,-0.813130701916496,0.751901824066745,-0.48156672647947,0.127346220068669,0.367344294014826,-0.143315645217414,-0.000125959536647548,-0.193363201522782,1.23234755733392e-14
"1487",322.31,2.31352435617822,-2.65885347531303,-2.06629478027194,2.40353622917786,-0.151309656429846,0.579577785694748,0.909200886469622,0.787091381268013,0.0183609634131831,0.0855584511980431,-0.0725139094728894,-0.627137024645211,-1.11577413974828e-14
"1488",322.51,2.84596941445889,-1.75295325270102,-3.12140014816014,2.75088527989832,0.0368101965389407,-0.667058988126117,0.144355646441104,0.310186922576646,-0.407054907227246,-0.211260202595654,0.011361152894432,-0.419067431218122,-1.68753899743024e-14
"1489",322.71,4.77288392901049,-1.32912455797234,-2.01061430171785,2.89103912661795,1.7036883228388,-0.642829944905728,0.444953081862837,0.349385262865653,-0.0338091988153386,0.475918399459705,0.129150078176636,-0.469190783314399,8.88178419700125e-15
"1490",322.91,3.39179553915024,-0.414259606652545,-0.94346365848562,1.38383800638366,0.564194152090274,0.95148040461864,-0.635223044905528,0.358752691007183,-1.21833382793314,0.637300856464156,0.228485110786978,0.316827680086165,1.26010313294955e-14
"1491",323.11,5.87463522351316,1.21837347284904,0.484906650339224,1.70385861687084,0.565891101478292,-0.0654254325382051,0.0514323814327932,0.719430267364487,-0.975431928582489,1.36054706289563,1.03562528901083,0.115709587028358,7.32747196252603e-15
"1492",323.31,6.32236449183811,2.22777623261474,1.63251023873446,1.16172284729445,0.660706279135978,1.46442403554257,-0.782464809248885,0.601486037645531,-0.694939970994522,0.676492722077451,0.98663445554419,0.275004712158322,1.11022302462516e-16
"1493",323.51,7.9696183094097,3.44221870689868,1.7996046948385,1.92348694506191,2.31247292814761,1.23420198799062,-1.02616823696688,-0.535349769246793,-0.737055610931388,-0.133839399960609,0.493624928192892,0.177576668717728,6.66133814775094e-15
"1494",323.71,7.80374372505148,2.27313645497287,3.0901443838559,1.76766197933625,0.424905600595602,2.04695873858713,-1.24392870165093,1.10195637436775,-0.0697538069808339,1.07576888045384,1.75559945329488,0.566992698187346,-8.99280649946377e-15
"1495",323.91,7.33035111467364,0.233839562881984,1.32375645988935,2.07804342083275,0.100179904673546,1.20592570496233,-1.93318982643946,0.793099417024838,-0.117549279102824,0.6418681136056,1.44861685122739,0.62077559993936,-1.69309011255336e-14
"1496",324.11,5.46389508802715,-1.27152689502305,0.369009631525663,1.24710246224933,-1.16140838394741,0.207867535276946,-0.639805062066879,0.943411925732606,-0.548571408103463,-0.470232836915427,0.963559631683171,-0.169730945818364,-2.38697950294409e-14
"1497",324.31,4.66652378611298,-2.80138646614829,-0.788431786056869,0.823447011335154,-0.996929321696661,-0.400502000533215,-0.808421120388514,0.598307601521681,-0.2777053962751,-0.381457342471008,-0.0232596515245892,-0.334153118879814,6.21724893790088e-15
"1498",324.51,3.1794061449137,-1.49205306107127,-0.28068263969876,-0.13901693809152,-0.811576159937344,-0.595226885591896,-1.5687568275586,-0.093144374653514,-0.51774486177557,-0.243987439119821,-0.332351823423495,-0.262824732891982,-3.88578058618805e-16
"1499",324.71,2.70394628043106,-0.631668011095326,-0.746981046223771,1.11807681111512,-0.0292304729059042,-0.19805230483211,-1.49431648949383,-0.0546201699041774,-0.98242673532971,-0.0886281102911445,-0.0135284016488889,-0.471563023207443,1.63757896132211e-14
"1500",324.91,2.47738088105697,-0.348785077791738,0.341183372839441,0.613387397988453,-0.198835963707736,0.297091174269935,-1.74827378338379,0.300083410537753,-0.665121107516684,-0.109430472476356,0.0056546931070139,-0.321229913425494,6.74460487459783e-15
"1501",325.11,4.6880472785074,0.538140058441331,0.949289222528187,2.59994732248821,1.29183855449763,1.409334947957,-0.328215799411165,0.064021243156383,-2.04549623558217,0.239358171480629,-0.351623982608828,-0.333023317965013,5.99520433297585e-15
"1502",325.31,6.29650332193654,1.66239401527582,2.16739842532974,1.51004272910219,0.269861949212535,-0.234609381636743,-1.19426255918861,-0.328566485798216,-1.63360865567862,-0.233396921215861,0.237578768241051,-0.0619487468932339,1.4432899320127e-15
"1503",325.51,7.24645725647891,2.03573472986947,3.15151987454505,1.45674901695375,0.244155120208007,0.373745072607686,-1.59589754737076,-0.125865065345071,-1.35122871775867,-1.18032007532904,0.67788576811978,-0.444348643599364,1.06581410364015e-14
"1504",325.71,8.18805317782565,2.0448890597546,4.44510294868022,1.16103290945944,1.30362694638917,1.23221186123483,-1.85520325105569,-0.608662376573212,-0.481772985794732,-1.11511121084804,0.417309157386983,-0.137658524940198,-1.31006316905768e-14
"1505",325.91,6.93436341423289,1.35946258110612,2.54446933047314,2.46319347416315,0.0846006034633316,0.830680885207151,-1.70848774075206,0.265148635551519,-0.998612589576716,-0.0592698471933209,0.614320054039446,0.383594330885838,4.66293670342566e-15
"1506",326.11,6.11623842568088,1.81183169099802,3.4531156458096,0.747730066775827,-0.760122930898275,-0.61933552501131,-0.334489694706691,-0.453536080861913,-1.06161179029851,0.018506052862357,0.228850081094396,0.486602059208845,-2.05391259555654e-14
"1507",326.31,4.70279457715002,0.789297993288628,3.02407487490646,-0.227168750853528,-1.01475642219205,-0.473890494707105,-0.12452240879806,-0.547884272287972,-1.00026809303801,-0.667709006323127,0.00610043618420973,0.0067966876897896,-7.54951656745106e-15
"1508",326.51,4.3870596493431,0.220411170800592,1.7963406656429,0.118430859794216,0.0498085398092348,-0.936522687543938,-1.36422094991801,-0.807565352116204,-0.561062751208808,-0.0688187616158358,-0.0545358092355812,0.0301043679699435,1.93178806284777e-14
"1509",326.71,3.14159953551147,-1.03430159607753,0.638984659481082,0.618082428205775,-0.00138548560183566,-0.554432251022779,-0.965724733020869,-0.303007168113483,-0.521811393201287,-0.357613137739615,-0.428413384993796,0.24228175635416,1.12687636999453e-14
"1510",326.91,2.53374445152536,-0.664173345214824,1.21293453370965,0.682216777783405,0.266451479119011,-0.217490666720582,-0.731379395803545,-0.454385069706312,-0.50948434275266,0.000183093581331992,-0.46274870301465,0.215912712863428,9.10382880192628e-15
"1511",327.11,2.13814502099261,-0.275846935249078,0.318501943534123,2.00408743316022,-0.439067797005355,-0.352241418763969,0.378527253466845,0.189094896842574,-0.838384331909532,0.415804371342878,-0.0159911811879731,0.13957153307961,1.2267964422108e-14
"1512",327.31,-0.436810764222191,0.275903812569014,0.0984186609542685,0.852083030853587,-1.07452771448726,0.541087307030854,-1.46121841748051,0.361075322736459,0.023396161252502,-0.2015118713058,0.204165396054054,0.255327972436251,-4.19109191795997e-15
"1513",327.51,-0.564009148449407,2.27524624881383,0.664313724409754,0.267097717035921,-1.39727679988423,-0.507630336807171,-0.41740455281575,-0.180170426020858,-0.647812565535165,-0.119965039287058,0.134078680632001,0.278937993162163,2.32869279415127e-14
"1514",327.71,-0.512637861289372,0.602892341855898,-0.149424638789902,0.387051834271295,-0.29171926719062,-0.231434584500459,-1.86392401985179,-0.171382778532351,0.528899436464512,-0.17213497070614,-0.100346394555711,0.214081419333244,1.47243328640911e-14
"1515",327.91,0.260158828835543,0.873476102938179,0.945491927341555,1.38923495123311,0.411870598073045,0.245168514408331,-0.0464453641735083,0.16157888649518,-0.0591299537677824,0.309891957509331,-0.294761030434898,-0.0341799852369974,2.12677098154757e-14
"1516",328.11,0.0790792583495066,2.47077401378721,0.915529422674789,0.686203562316969,-1.13680385775163,-0.943951377007242,0.239798663934042,-0.349683610418833,-0.745850922743847,0.12904912466982,-0.0875062651332192,0.0220646953863336,1.0547118733939e-14
"1517",328.31,0.369702243322436,0.923935136753848,0.788687713401657,0.673865546681454,-0.548991987553848,0.549315012295259,-0.239159289164006,0.396736134122413,0.428404023022058,0.0430753180652586,-0.102522039785566,-0.162575101905007,-1.70696790036118e-14
"1518",328.51,0.903929761038664,1.57490383577394,0.958948350145434,-0.548279874665826,-1.50952094417248,0.705223684897801,-0.0342715283789196,-0.535905911238416,0.138096702310741,0.121774505659125,-0.228080777132035,0.217149346882427,8.17401701880272e-15
"1519",328.71,1.35670545924562,1.05092021207387,0.20957663992937,-0.00669727013413132,-0.986825728595772,1.63942753185681,-0.0555035694869273,-0.264435051145161,0.589707831583404,0.164916721770071,-0.131150571046456,0.0143166670312117,7.38298311375729e-15
"1520",328.91,1.90883112350869,0.943099354721553,-0.22834256686184,0.211509432699389,-0.408825683175136,0.392981528835618,-0.0452493741253814,-0.487145511275745,0.553883591913828,0.363089751280741,-0.070567689194007,0.231740241170904,-1.12687636999453e-14
"1521",329.11,1.17788838407413,1.18213851845061,0.031467448036503,0.752195928504919,-1.11766308686371,-0.149242733843172,1.22605405138523,-0.261108311659953,-0.666078211531499,0.212304813009108,-0.0216028624223856,0.124116479269021,1.86101134502792e-14
"1522",329.31,0.90787125177543,0.845717798614625,0.858155960411881,0.156630989898845,-0.0988549912188609,0.275339822441255,-0.24155941670082,-0.718690443781455,0.647911623218634,0.0690564715157899,0.0956959018959657,-0.15537924897064,-2.71727085277007e-14
"1523",329.51,0.273002890474921,0.610449700813491,0.308675257377733,0.686503556644772,-0.454813910816025,0.757859621235502,-0.0322427213562989,-0.387158312871394,0.0419355612211572,-0.034492318084659,-0.05421436991123,-0.0348362576483722,-9.76996261670138e-15
"1524",329.71,0.781616880425257,0.298117188852911,0.554741768084501,0.869380690317119,-0.143470662429357,0.635161246153112,0.61930449701418,-0.324676995640506,0.134708324360812,-0.00540376456566175,-0.338936447309985,0.254441097196328,-6.67521593555875e-15
"1525",329.91,0.191830394700661,1.18846055167428,0.745716686733887,0.0429014165315912,-1.24290192616512,-0.197337432473736,0.224646248890291,-0.458032351300299,0.15331383717548,0.149149033248888,0.0538314768882575,0.186765418058238,-1.01030295240889e-14
"1526",330.11,-0.364191662758491,1.97327612688117,0.766093351215355,0.190180581858176,-0.356544568084798,0.51147103073539,0.493196613365071,-0.655687268334634,-0.51220483169262,0.0612616165592742,-0.223971794863701,0.0799760938056218,5.19029264012261e-15
"1527",330.31,-0.0822008239903505,0.975892852413137,-0.311321767982229,0.390745205894145,-0.399160262595881,0.460023917753551,0.168740668625993,-0.451082572525305,0.387981697052823,-0.103601895517746,-0.0209521151502227,-0.331513735732507,1.87627691161651e-14
"1528",330.51,0.74888018550261,0.527962400456393,-0.0948012030250046,-0.0871516785196386,-0.148328626874894,0.0785047262761348,0.692664305567562,-0.630522676527676,0.714131419300291,-0.172065534129167,-0.247496143240453,-0.231285612713608,2.45081732686003e-14
"1529",330.71,0.565038573534351,0.483640620261256,-1.00257010790464,0.929288520046619,-0.413677638395718,-0.21674774587674,0.605134234362144,-0.202893934560484,0.440058626506333,0.120345939301981,-0.104384545059949,0.126266649952922,1.56819002228303e-14
"1530",330.91,0.614104578909027,1.62136303007458,-0.512621660371997,0.732232328780351,-0.901288898184188,-0.669979728852811,1.22092943427691,-0.387170043192463,0.186336184774764,0.264034162167357,-0.0763545087865111,0.322941015144048,2.05113703799498e-14
"1531",331.11,-0.0527931786405451,1.55152932651191,-0.701897247723319,0.946004196808781,-0.340156738737253,0.56041300495102,0.65563721908582,-0.000321186795584044,0.374795460089635,0.146311083152822,-0.133566028021992,0.113542950840479,5.38458166943201e-15
"1532",331.31,0.0859254804228626,1.96544061372193,-0.947609047406111,0.87177381927472,0.176994366633713,-0.0271715917262453,0.101867959134232,-0.260921014373573,0.429693025925812,0.00807270263039719,-0.00765706457372508,-0.0609994185107764,-9.82547376793264e-15
"1533",331.51,0.105469284347438,1.92653300925272,-0.928888821111182,0.628321488212987,0.200369931663116,0.41199124121391,-0.59019168332077,-0.115117983389942,0.951063303735796,0.187806012233216,0.406607871635864,-0.109091402458926,1.63584423784613e-14
"1534",331.71,0.50272553126952,1.41031111585246,-0.815586408461813,0.678063782612659,-0.0953665003873665,0.479183957649145,0.346981016509587,0.123064150367382,0.41249172405456,0.517911475754885,0.0586160425622114,0.459977102992718,1.08038578083836e-14
"1535",331.91,0.192295392329175,2.33132608206197,-1.11311947966441,0.609384202066746,-0.498778478809883,0.158045111340849,0.064817564423872,-0.128104889862448,-0.029831385384627,0.455749256216677,0.376440784735235,-0.100581845068455,-6.98052726733067e-15
"1536",332.11,0.582678634451307,1.82173740250611,-1.10798205217035,0.485904789932071,-0.643994266059967,-0.364065350301278,0.970296135074812,-0.210203071762737,-0.101166010140559,0.00190249555653289,-0.0409514361777779,-0.0370871517810511,9.28424004342787e-15
"1537",332.31,0.347793719180796,2.4607702980064,-0.698224291046882,1.03688119974997,0.0844055533433633,0.50346402738689,0.832432985679426,-0.331445521323465,-0.764013369110987,0.385786855782939,-0.0629878788024566,0.0943006098784101,1.20251031354712e-14
"1538",332.51,0.678114204617089,2.75876626526885,-0.196963220070729,0.375917561375959,-0.939519403078166,-0.209670023216065,1.15945139037322,-0.381823710655473,-0.122068811084835,0.441804311201002,0.330445875407945,-0.073448896076686,1.36002320516582e-15
"1539",332.71,1.23025165634402,1.59051090958822,0.0496937881952652,1.76327953033153,-0.258943050474237,0.217474643828622,0.990823984445445,-0.251426618874139,-0.124485113140508,0.716294479608931,0.0158752643543753,0.218127927144319,-7.24420523567915e-15
"1540",332.91,0.364344191628197,2.6697527464652,0.378276362722523,0.704523865237456,-0.591005680930445,0.70980787219988,0.187156666437234,-1.02478171980088,-0.182151027097608,-0.0811329003680803,-0.0062966014977537,-0.152807014848804,2.46330733588707e-16
"1541",333.11,1.22308032402297,2.11532093049749,0.560281120358519,1.36654653945311,0.211614832285407,0.947611444901332,0.930896637777083,-0.931112213312656,-0.0296643690355268,0.367752705256176,-0.410572666759163,0.0918372531169372,9.9399655173471e-15
"1542",333.31,1.71187874982928,1.05766658813584,-0.105223351968906,0.9319982855166,-0.489378150360691,-0.189343345540671,1.10151275669181,-0.644311410825648,0.566785472590428,0.461938584127606,-0.321195178250434,0.284670506561381,-4.8017145815038e-15
"1543",333.51,-0.234152269180448,2.8659337098778,0.432962250182436,-0.274589645809564,-0.635776250653987,1.57484249835281,-0.78750206891897,-1.24934505080736,0.450135258879739,0.0869843462718624,-0.163588090106882,0.378765046351857,1.69309011255336e-15
"1544",333.71,1.70791273488869,1.29168121852004,-0.101514796218943,1.57503902007129,0.241741346228817,0.401469655085933,0.969565673736507,-0.696576340357094,0.642961654774732,0.34240104123488,-0.147624880448685,0.200153684155715,2.30926389122033e-14
"1545",333.91,1.42774752542748,0.977699941794127,-0.297099341602599,1.20934393262349,0.104919368246472,0.519830209435241,0.965930898654321,-0.857231159743706,0.543375304353276,-0.0168081163827942,-0.148306736491058,0.0605542200993283,1.02834407655905e-14
"1546",334.11,0.0110788353303615,0.0747881362683871,-1.70503823799379,0.40683649735129,-0.818921786208543,0.588010059428028,0.160651043566649,-0.442927888432742,0.669729221328662,-0.574697761039398,-0.0760437677551605,0.176153530926539,-1.19904086659517e-14
"1547",334.31,0.219975772796668,1.21100571601374,-0.551647094056713,0.716630019662504,0.0801724928768568,0.530263241381984,1.39994138096473,-0.34711422223086,-0.0715687750561103,-0.140149186227433,-0.236610021229778,0.283783254614539,9.61730695081542e-15
"1548",334.51,0.731480336440622,1.58225623899018,-0.0442921702217274,0.0476371199689329,-0.508596314721215,-0.229406521554311,1.22279985477114,-0.438450116661663,0.748555024881243,0.115750065985161,0.121261731984781,0.0993630019615182,-1.78190795452338e-14
"1549",334.71,0.279845094102716,1.42971358669706,1.34931046766877,-0.412245992577706,-0.243981101007737,2.06709033514925,0.75987365831307,-0.486381760958677,1.08978968685791,0.0635880584118152,-0.177932287670407,0.0158984542636423,-3.49720252756924e-15
"1550",334.91,0.931907967999629,-0.107560415396504,0.15239745853777,0.19555349793311,-0.0451573056252749,0.663894528693064,0.489824332671457,-0.292477265378368,1.44844142959132,-0.00900507715052474,-0.0546446575589667,0.0613593468570958,-1.80480630440627e-14
"1551",335.11,1.19894582377898,1.11247217336846,0.221300112008071,-0.480159024613078,-0.159528716167794,0.117102416747861,0.643833137359161,-0.879179585608453,1.28836772945323,-0.335515035139188,-0.0512837817567786,0.0779144945715585,2.02615701994091e-14
"1552",335.31,0.818832631922602,0.223200772949058,-1.0538682058387,0.90372754873945,-0.337744287547231,0.957274916046455,0.601299008709031,0.0276491381703997,0.718769020907544,-0.156534891539969,0.217017826656436,0.0368717657211491,4.9960036108132e-15
"1553",335.51,0.540712652421896,1.31155881099294,-0.622675754052116,0.268509699779622,0.0847257128294742,0.486692081308686,0.784948217960589,-0.421256556786742,0.469310027779132,-0.313327847171819,-0.0893993182735775,0.0895295230863289,-1.67713065657438e-14
"1554",335.71,0.0794331733875916,1.79290038287077,-0.192117936280546,0.332476647311767,-0.0266893980762842,0.305490221522437,1.0307072961576,-0.11178396377314,-0.00561134526406973,0.174517665728681,0.00819626477542406,0.586127342700716,2.18783324790195e-14
"1555",335.91,0.456366910704877,1.4900496414476,0.0508189121369915,0.00796759117684318,0.59162834756923,0.348636245911704,-0.0472572665134607,-0.777180981612567,0.564244420064105,0.18059517987547,0.0413521025735871,0.678768583259667,1.23789867245705e-14
"1556",336.11,-1.22809948592056,1.61533101411568,0.124651407534614,-0.438274296452513,-1.0130061420709,0.928224604456463,-0.488009611149094,-0.225571131660266,-0.0120491037849296,-0.239882463158258,0.263808723937237,0.363669492658576,-7.04991620636974e-15
"1557",336.31,-0.213032246533561,1.39994024762988,0.712169689150484,-0.455404813964124,-0.0890576758141849,0.0962467534672437,-0.397681930626724,-0.38575200849788,0.469087278102843,0.087662281621479,0.173930639979654,0.209805887997276,-1.11022302462516e-15
"1558",336.51,0.617992493339589,0.782834528922049,0.668358652948318,-0.571772950009964,-0.161796417359562,-0.196614416640853,0.276566747386881,-0.0723905066870798,1.07068587840285,0.360419919436694,0.400234276290294,0.00920525455640111,-1.58206781009085e-14
"1559",336.71,0.482494626443636,0.630434611071105,-0.129502876472527,0.116059551798809,-0.074274321226452,-0.221725831784315,0.406263116315281,0.111167405052652,0.995613636493346,0.130935928380838,0.1689112701432,-0.0832573506041313,2.74918976472804e-14
"1560",336.91,-0.198292220491925,1.17017101791764,-0.0478397942544634,0.523034737270257,-1.69982327310771,0.262353104679321,1.27090040802672,0.500777185740919,-0.205672683145244,0.225188318986914,0.220200672614245,0.227684140330105,-4.30211422042248e-15
"1561",337.11,0.0247934661493736,0.890905755604393,0.0538109906577641,0.461852717533497,-0.630205641327247,-0.534072329776574,0.28922390408123,0.118152677332097,0.647853367287423,0.00569228451975464,-0.00460164134176357,0.316199661736324,-2.12052597703405e-14
"1562",337.31,-0.355046359305635,1.47907714696021,-0.892329864402653,1.55726859371582,-1.00326249172555,-0.51487864583651,0.212725015388628,0.0756011030807901,0.0202167820804138,-0.0829124625376554,0.190577820082866,0.0587792600415693,6.66133814775094e-15
"1563",337.51,-0.421817976924781,0.922422402890497,0.435729063794502,0.0351280294882805,-0.971006383045739,0.062706545282958,-0.13980163174276,-0.0965100603205322,0.918562560449128,-0.114216930479115,-0.12641959270694,0.149253084812291,7.8756445809347e-15
"1564",337.71,-0.208394870797298,1.50635905745325,-0.0334616796013967,0.798313648993229,-1.59896896140393,-0.767509623376448,1.09774506941592,-0.14904318979483,-0.284536577130168,0.116429446647944,-0.253915180401071,0.129190405939553,2.04697370165263e-14
"1565",337.91,-0.292137031207203,1.44901511743607,-0.282140469345673,0.599231955288642,-0.698884817002142,-0.300057669905733,-0.136784912355057,-0.529960007588362,0.337439005295662,0.062626633993451,-0.333089643760416,0.0875686895127482,-1.4432899320127e-14
"1566",338.11,-0.793945088445097,1.1938948087968,0.910142175051326,0.0714750865404956,-1.26019603271231,1.04997268758463,0.930034083290441,0.393718662247897,0.444368062443733,0.0909731936167112,-0.281140214504025,0.217418174787949,1.09356967925578e-14
"1567",338.31,-0.540376461527489,0.633951237397471,-1.46636885760622,1.34072001927622,0.614544694075447,0.375363767631968,-0.508407099192229,-0.166423666606501,0.608096444538807,-0.191308533471318,-0.321005463802693,0.110414064215715,-8.04911692853238e-15
"1568",338.51,-0.828070215991414,0.603197806724024,-0.389772474531106,0.425449034415818,0.102180296995675,0.832278159707651,0.212888986096286,-0.0963769983185585,0.947011953832783,-0.320747280102728,-0.259292686823756,0.155125493184624,-1.61259894326804e-14
"1569",338.71,-1.10284613322864,0.935583763017642,-1.38639192194882,1.15992023822565,0.211026377186983,0.27990416711231,0.748708172968151,0.0204215099137576,0.265757695808218,-0.497229637537336,-0.448724567947624,0.105282389930179,2.77555756156289e-14
"1570",338.91,-1.50329165532375,0.922682602454112,-1.76010729963356,1.04719424549858,-0.475146348339572,0.280427835103507,0.147301920517349,0.481629182215416,0.718397171399757,0.0330733190191447,0.089413752298504,0.143162530632732,1.18238752122579e-14
"1571",339.11,-1.42887747925749,1.7146358253752,-0.436425124280139,0.18540763162471,-0.17582247873782,0.600233023871581,0.835871650341313,0.059893069351909,0.37041440047979,0.0707708660330471,-0.226033016851828,-0.00990862329296026,1.32116539930394e-14
"1572",339.31,-1.23285952704568,1.70007898159063,0.132095079065448,0.666534231660522,-0.557425727913209,0.461377156926611,1.38769434048665,0.598315918962921,0.229221842523097,0.412631703361443,0.150510594798487,0.00785782038688679,-2.88657986402541e-15
"1573",339.51,-0.92056744126793,1.50442826260426,0.130896313809648,0.438261472574213,0.0197851789307296,0.820086495878167,0.364274294244338,-0.0471615191759745,0.742187064653692,0.265644468802125,-0.101538978141952,0.0919222920895982,7.46624984060418e-15
"1574",339.71,-0.671667089854576,0.495082708368792,-0.794579234185416,0.790455480157868,-0.477382528137239,0.799376557887523,0.815016668687708,0.224793501514675,0.47542654998893,0.27869614361336,0.0526759444904037,-0.0299985347047352,1.13797860024079e-14
"1575",339.91,0.097736367629576,0.07523033786504,-0.567425343389797,1.12652299233883,0.666303734588894,0.564786584215039,0.80572985399457,0.0909895003722595,0.796695333456145,0.244463067727285,-0.129559245714467,0.17215682589151,-8.46545056276682e-15
"1576",340.11,0.262283588897141,0.786500173131097,-1.42411875477259,1.454948701932,-0.0607382057686933,-1.22717565656809,0.700351917091595,0.090842751407353,0.899187212363595,0.295200577384916,0.466280437799362,-0.0403233793397533,2.11497486191092e-14
"1577",340.31,-1.00311990546799,1.36576694623623,-0.210232571286223,-0.017758100215194,-0.118845279898061,0.647772647731663,0.194820912550869,0.115334880839814,1.23795053203644,0.102938152969977,0.338511380500565,-0.230943403419121,-1.38777878078145e-16
"1578",340.51,-0.401467450146728,1.44514896083305,-0.494651149103782,0.990441862668584,0.200495485904248,0.339800921865115,0.43080717745787,-0.0439154401682364,0.718247803059942,0.790796670790948,0.50261399169117,-0.191917663546511,2.38975506050565e-14
"1579",340.71,-0.269809538161752,1.04501368795362,-0.50595045461888,1.0132039709572,-0.280976890374472,0.352062375465443,0.75982641534146,-0.126441333020469,0.588320820839457,0.618019456311371,0.264898491161673,-0.0702004553049605,-2.22322160681188e-14
"1580",340.91,0.0330321150581383,0.300867804199209,-0.301425192890468,0.773188932583666,0.136991197472234,0.847475599416261,0.64742557087262,-0.118302906309365,0.986744938974109,0.142069195221842,-0.105059493593383,-0.0381831616840421,2.50355292052973e-14
"1581",341.11,-0.148646452802086,0.5215146701639,-1.23024278529939,0.780891875836163,-0.763529661762412,0.201983405646642,0.356770970460715,-0.419136273007892,0.580452631840876,-0.258850290230282,0.182719603686317,-0.246636422457346,1.58484336765241e-14
"1582",341.31,-0.250588649445635,2.07848319032966,-0.675990246322447,1.02179718484343,-0.317907067892485,0.284553795236078,0.539054808436502,-1.15157433234649,-0.67755029694471,0.0907452457081639,-0.0754708093341652,-0.316485037453537,-7.89472653917045e-15
"1583",341.51,-0.0762561349296595,0.641834686977452,0.0127821482803632,0.403860336670407,-0.319944072528759,0.263094729131969,0.220118909327219,-0.552586154488347,0.645581775754968,0.313681979974442,-0.0425964760850474,-0.123184457631467,1.24240895349459e-14
"1584",341.71,-0.54691710423478,1.22811864009537,0.539497449955642,0.190915831371085,-0.289281210686664,-0.306975538087595,0.627038510189746,-0.793971241037466,-0.388255842363381,0.160609208732665,-0.296807310486353,0.12228765611274,-2.77555756156289e-17
"1585",341.91,-0.207154431808685,0.423316178534544,0.672243032346305,-0.0280439384427002,-0.54816170029719,-0.967716841467816,0.306900373703799,-0.444926909245747,0.531581487434627,0.331279496906749,0.107464424866289,0.0542565952336145,5.44009282066327e-15
"1586",342.11,-0.1914645193217,0.34939308996103,0.431415695373883,0.442170723279272,0.316246389536195,-0.674711561210099,-0.120117887020184,-0.197579585770831,1.0926173116688,0.219988851619366,0.351642092777997,-0.210288450918752,-7.35522753814166e-15
"1587",342.31,-0.488122084287015,0.0665175226535333,0.227595964432237,0.862652376268355,0.886492682675134,0.315561235592488,-0.456530011630221,-0.204425685083448,0.636912458109348,0.365420658357651,0.116379904266491,0.0764685184845395,3.48332473976143e-15
"1588",342.51,-0.173383937319349,0.199824725742389,0.857516584858822,1.12860337224832,0.749916099029614,0.602449000731034,0.493242832241043,0.291738773263629,0.822428342063588,0.555008229310653,0.351501488154288,-0.262350690746067,3.63598040564739e-15
"1589",342.71,-1.1999379754815,0.445864769250735,0.407439161739093,0.318433555520276,0.10423258936971,0.327991818103863,0.518794347252208,0.240085784385486,0.468601917427273,-0.171377894722541,0.207027099683378,-0.37655865097123,1.40720768371239e-14
"1590",342.91,-0.894914625015364,0.561238131174201,0.21621745650743,0.996644918518753,0.112795066080441,0.632379497760571,0.130671835963854,0.129337577305596,0.3485095310222,0.251199432337503,0.166026438333505,0.017226317993791,1.4960255256824e-14
"1591",343.11,-0.118320684527362,0.11077163636005,0.487291900167175,0.648246337312778,0.439884876946147,-0.286697787903705,0.142660716008359,-0.295628323861787,0.86134096457225,0.149032677536532,0.0995206051390792,0.0230770940912788,5.32907051820075e-15
"1592",343.31,-1.10771629180214,-0.258265903568318,0.301693651877936,-0.0716447933275649,-0.458813122199225,0.761121183276383,-0.461818673900915,-0.207010038714166,0.561994511363625,0.189899425066879,0.000767249914085753,0.217254369704525,-1.72639680329212e-14
"1593",343.51,-0.265284100773477,-0.359746669757453,-0.231252433699365,0.260298078645651,-0.54204627511852,-0.108424812923067,0.0236592779783946,-0.140723148126003,0.849737837249544,0.242264793731721,0.336083971047499,-0.19456646192359,-2.57086019139763e-15
"1594",343.71,-0.464031070138447,-1.21206816451218,-0.655489276228904,0.727320753536092,0.867664393109468,0.704658824861218,-0.454427099578625,-0.226898912455295,0.388252468778161,0.180273907898688,-0.187967110532058,-0.0601030188378228,2.13995487996499e-14
"1595",343.91,0.353656743826183,-0.281081051621004,0.896506586314154,0.450761616966842,0.775776157059138,0.10096738752362,-0.0972891261136317,-0.250236736487482,1.02844795626187,0.759126392940927,0.428256817333254,-0.0908031404552866,-1.90680804479371e-14
"1596",344.11,-0.0477625941465225,0.888316371269837,0.784905992631242,-0.238058833914552,-0.237084676230405,-0.42912404499804,0.163276863601867,-0.694280735147121,0.658460022891579,0.312366192390321,0.29686053566341,0.0630465143210609,1.43773881688958e-14
"1597",344.31,0.091295586449729,0.925760268509849,0.921783630782404,0.0617448083632128,0.447128749188455,-0.0287090149108558,0.572839780422775,-0.918484009502602,0.439338496533832,0.242837125335737,-0.0763216948086635,-0.120116770348196,-7.82707232360735e-15
"1598",344.51,-0.4732848222854,0.986263683585485,0.387475724184309,0.432017672239972,-0.220570199809787,0.789742003980044,0.439299774212668,-0.542958471822812,0.331158237082527,0.348262322856119,0.124669627223233,-0.199991535929534,-1.74027459109993e-14
"1599",344.71,-0.483709414222503,0.452907237699758,0.342587572238025,0.479725580903507,0.0460506588130073,0.449026166999396,0.208062376095486,-0.19756324662149,0.767950622744357,0.347308582660542,0.349164647014716,-0.172844546749013,-6.02295990859147e-15
"1600",344.91,-0.865897055040914,0.720208791150269,0.692305665744174,0.0066881654688765,-0.505206185885415,0.76890755591398,0.780273748773578,0.0594378692767207,0.630009049745758,0.0618798896583378,0.3384136488944,-0.397066546249577,6.66133814775094e-16
"1601",345.11,-0.547913161141676,0.393493840284386,-0.683233591808236,0.429305625393513,-0.28946300776413,-0.0841012851056359,0.1106551537587,-0.261770540353322,0.365160681875901,0.122866114863967,0.237493983978666,-0.0983909856247451,-7.95197241387768e-15
"1602",345.31,-0.559436175699336,-0.641539694766409,-0.762740610345274,0.742288510808337,0.449926371355627,0.869601826500221,-0.566573466301165,-0.227312656361273,0.710166415556564,0.255592422991034,0.0176059106437029,0.225837490035076,2.63122856836162e-14
"1603",345.51,-0.556733861737291,1.37583853773699,0.264976633293366,-0.339551693705441,0.219589151541998,0.187479880742769,0.116877930646844,-1.2910737789203,-0.165809343374523,0.0129761200548736,-0.339971684401724,0.191327495140475,-1.47451495458029e-14
"1604",345.71,-0.162344044472359,0.704217743600766,0.0523871652500357,0.914969008470875,0.860045604116512,0.482213168168271,0.321576668769708,-0.872136444529223,-0.176760055149789,0.409065639228884,-0.2324965375894,-0.0893959266863222,-1.26287869051112e-14
"1605",345.91,-0.681514886376925,1.25250853881765,0.465422918666441,0.375232713618794,-0.27972937194994,0.210228782770534,0.225953945556087,-0.257275577682549,0.421247696066054,0.437346857918096,0.234690895600262,0.0172652215538974,2.61873855933459e-14
"1606",346.11,-0.669336335902573,0.715495953925193,0.455607327803287,0.563407014731458,0.516943357794774,1.40925784367908,0.0178074977500742,-0.457046899434274,0.614635196989749,0.36585568204197,0.225927907148274,-0.0261717340822056,9.82547376793264e-15
"1607",346.31,-0.481486820446784,0.540204466100212,0.517619574203324,1.02221938342261,0.670593594800266,1.31140880674737,0.185151230715254,-0.209764650424792,0.778297271062506,0.690003875839168,0.204547875193676,0.00746526187539576,5.6621374255883e-15
"1608",346.51,-0.468819591999779,0.207441722270494,-0.595826266691745,1.29046355665132,0.79471221722646,0.839029258969166,-0.356043588518652,-0.192648435243294,0.98754687658528,0.463306662389882,0.264449518664812,-0.182186859328229,-8.00748356510894e-15
"1609",346.71,-0.437024751053143,1.02969729424992,-0.696697572627105,0.983418147783572,-0.267649969333137,0.0686712974527571,0.696102449525376,-0.318326056843608,0.424796262501697,0.196839063821583,0.279333907653317,-0.0336425513814354,2.13717932240343e-15
"1610",346.91,-0.746982699768235,1.70458856917246,0.192100404415215,0.0745530486852327,-0.568562754799645,0.343206887937332,0.654727557010824,-0.569406021324184,0.57444454112049,0.184705207311713,0.4126727125844,-0.108750520662728,2.0344836926256e-14
"1611",347.11,0.0369611423070066,1.06600008461289,-0.276933433004734,0.831440262854763,0.513345659806112,0.244614872358721,-0.18294667565618,-0.746311729348501,0.804369611287484,0.858717723365101,0.233231808730893,0.173555770611963,-1.90958360235527e-14
"1612",347.31,-0.245350157994769,0.496666294726712,-0.578218144671115,0.337669507517845,0.308533209804386,0.0617204866403564,-0.165826290954396,-0.587432235729846,1.19124208623961,0.317873699672142,0.110867966004212,-0.0317972438159297,1.59872115546023e-14
"1613",347.51,-0.132881584821946,0.287218864161153,-0.442377557027043,0.49794249958198,0.19857569285699,0.0285487196477812,0.259482967736253,-0.424337464333642,1.06177658229703,0.282759829290368,0.126606854186895,0.180991977546609,2.23362994766774e-14
"1614",347.71,-0.492646621965265,-0.348237093680373,-0.541538223741535,0.338140687303646,0.17679855898087,0.288711160808571,0.170855870566138,-0.211739566205771,1.33335296245715,0.00176751105023193,-0.0122828332528826,0.212684735674488,-1.81243908770057e-14
"1615",347.91,0.101192776320182,0.276211990201712,-1.21449035490619,1.2446685009624,0.506891232178144,0.101202347190987,0.978453289633076,-0.314194239913298,0.764175535936464,-0.0931789579308548,-0.0873136799148627,-0.273401604334174,-2.15799600411515e-15
"1616",348.11,0.165490858500896,0.392052608652604,-1.09845056338442,1.01835796354253,0.328048957369795,0.309821622255601,0.644876838867304,-0.678985652208415,0.716614030613655,0.0271300784025547,-0.0478393837131608,-0.0692154891878028,-2.14879654868161e-14
"1617",348.31,-0.463068600170086,0.596056970909114,0.136915171869826,-0.230868464267778,0.126806902038835,0.542109016398382,0.374927036806307,-0.688942167894847,1.08706042695039,0.0688297607696525,-0.152003334260315,0.305595785345026,-9.53404022396853e-15
"1618",348.51,0.110153176706823,1.2679391878329,0.186424607343245,0.207198152020868,-0.845242020042446,-0.51299498502277,1.30251703453441,-0.300439316995596,0.528038778630506,0.925231340744182,0.560972725683046,0.381536061328818,2.50910403565285e-14
"1619",348.71,0.0296788698765052,1.6142647159916,0.412245703352983,0.0601264084256151,0.53283131365007,0.693415665267147,0.646157807982461,-1.12095239178999,0.442859026082925,0.67540719287262,0.203475254012803,0.255729362259547,-1.60496615997374e-14
"1620",348.91,-0.815973545578764,1.54786623984476,0.413365708831686,-0.521420092163705,-0.794736326451406,1.04635387205687,0.490182756437874,-0.574556472596026,0.986957811169743,0.389780394086923,0.451728906612729,0.201336729869079,1.6153745008296e-14
"1621",349.11,0.107390026084996,0.925973875374524,-0.483591806678494,0.776171188246019,-0.013226744388197,1.05174012611021,1.6619183787646,-0.570999813321173,0.378565287236129,0.226823823409441,-0.0571441425049619,0.364631693384322,-3.24740234702858e-15
"1622",349.31,0.758424321264366,1.16294621384694,-1.16274441688491,1.29018351252041,-0.26593132293051,-0.219442004731912,1.45670096161773,-0.682369127156845,0.776367909240491,0.242648958813692,0.483351443866869,-0.0571751482069482,2.19546603119625e-14
"1623",349.51,-0.436831009412788,0.670476302068127,-0.674095959997498,0.350355091799053,0.0841779573635013,1.30355307876002,0.142141299857414,-0.558955986817969,1.26132747469843,-0.0153452031595285,0.0547248591912992,0.107648466870088,-5.60662627435704e-15
"1624",349.71,-0.280270005503395,1.11229601836658,-1.92991890480177,1.39957213833158,-0.36542521800554,1.44857620088631,-0.483196129656348,-0.843756216497954,0.936186249780432,0.229501466688063,0.346231927894478,0.0914851707968724,1.39332989590457e-14
"1625",349.91,0.657316803525723,1.02200925260047,-1.22731272476444,1.38377051867346,0.0557627003778507,0.564296749462215,0.628741692966598,-1.22806429501769,0.616593443923953,0.564157152363145,0.0507027333812704,0.141039161544559,-2.30579444426837e-14
