%Data filename =  
%Sum of power =    1544.0160897
%Multiplication factor for 0.01% FDR = 5.69023 Chi2 CL=  99.999971%
%Multiplication factor for  0.1% FDR = 5.33077 Chi2 CL=  99.999898%
%Multiplication factor for   1% FDR = 4.02522 Chi2 CL=  99.991430%
%Multiplication factor for   5% FDR = 3.28925 Chi2 CL=  99.907210%
%     Frequency Period/Wavelength       Rel.Power   SWA_background           5% FDR           1% FDR         0.1% FDR       0.01% FDR
      0.0006250     1600.0060000       64.5158558        7.4448479       24.4879788       29.9671732       39.6867691       42.3628717
      0.0012500      800.0030000       66.2228496        7.4432508       24.4827256       29.9607446       39.6782554       42.3537840
      0.0018750      533.3353333       70.0100782        7.4384641       24.4669810       29.9414772       39.6527388       42.3265468
      0.0025000      400.0015000       71.2171603        7.4305015       24.4407901       29.9094260       39.6102921       42.2812379
      0.0031250      320.0012000       65.1298175        7.4193857       24.4042273       29.8646824       39.5510362       42.2179863
      0.0037500      266.6676667       53.9520579        7.4051482       24.3573965       29.8073732       39.4751393       42.1369716
      0.0043750      228.5722857       42.9970716        7.3878291       24.3004297       29.7376600       39.3828153       42.0384221
      0.0050000      200.0007500       32.8585561        7.3674770       24.2334865       29.6557382       39.2743228       41.9226139
      0.0056250      177.7784444       23.6923427        7.3441483       24.1567526       29.5618351       39.1499631       41.7898686
      0.0062500      160.0006000       19.0090892        7.3179073       24.0704392       29.4562090       39.0100781       41.6405510
      0.0068750      145.4550909       20.9801334        7.2888252       23.9747808       29.3391470       38.8550480       41.4750672
      0.0075000      133.3338333       25.4941806        7.2569800       23.8700342       29.2109633       38.6852890       41.2938612
      0.0081250      123.0773846       24.9133498        7.2224562       23.7564765       29.0719970       38.5012502       41.0974126
      0.0087500      114.2861429       18.1825930        7.1853435       23.6344035       28.9226102       38.3034110       40.8862330
      0.0093750      106.6670667       11.4802671        7.1457370       23.5041279       28.7631854       38.0922781       40.6608633
      0.0100000      100.0003750        8.3352113        7.1037364       23.3659772       28.5941233       37.8683823       40.4218700
      0.0106250       94.1180000        8.7328100        7.0594450       23.2202916       28.4158406       37.6322751       40.1698420
      0.0112500       88.8892222       14.2690839        7.0129697       23.0674227       28.2287672       37.3845260       39.9053870
      0.0118750       84.2108421       24.0032845        6.9644200       22.9077307       28.0333440       37.1257190       39.6291285
      0.0125000       80.0003000       30.6457163        6.9139077       22.7415829       27.8300206       36.8564493       39.3417018
      0.0131250       76.1907619       29.0586453        6.8615459       22.5693517       27.6192527       36.5773206       39.0437513
      0.0137499       72.7275455       21.7675263        6.8074488       22.3914128       27.4014999       36.2889416       38.7359267
      0.0143749       69.5654783       13.5020813        6.7517311       22.2081431       27.1772235       35.9919231       38.4188801
      0.0149999       66.6669167        8.2316206        6.6945072       22.0199193       26.9468845       35.6868756       38.0932630
      0.0156249       64.0002400        8.0893664        6.6358910       21.8271159       26.7109413       35.3744062       37.7597237
      0.0162499       61.5386923        9.9577051        6.5759953       21.6301041       26.4698480       35.0551164       37.4189040
      0.0168749       59.2594815        9.3027547        6.5149316       21.4292499       26.2240526       34.7295994       37.0714372
      0.0174999       57.1430714        6.8602088        6.4528090       21.2249131       25.9739954       34.3984383       36.7179456
      0.0181249       55.1726207        5.7235918        6.3897347       21.0174459       25.7201073       34.0622037       36.3590386
      0.0187499       53.3335333        5.9405618        6.3258131       20.8071918       25.4628088       33.7214527       35.9953104
      0.0193749       51.6130968        6.0068691        6.2611458       20.5944848       25.2025085       33.3767262       35.6273389
      0.0199999       50.0001875        5.9515647        6.1958311       20.3796483       24.9396023       33.0285486       35.2556835
      0.0206249       48.4850303        6.6014821        6.1299640       20.1629947       24.6744723       32.6774260       34.8808844
      0.0212499       47.0590000        7.4393428        6.0636357       19.9448243       24.4074862       32.3238452       34.5034615
      0.0218749       45.7144571        6.9207213        5.9969339       19.7254253       24.1389966       31.9682733       34.1239132
      0.0224999       44.4446111        4.9208902        5.9299423       19.5050731       23.8693406       31.6111566       33.7427159
      0.0231249       43.2434054        3.1278594        5.8627408       19.2840302       23.5988392       31.2529205       33.3603237
      0.0237499       42.1054211        2.6933673        5.7954049       19.0625458       23.3277975       30.8939688       32.9771677
      0.0243749       41.0257949        3.2633290        5.7280066       18.8408558       23.0565043       30.5346840       32.5936561
      0.0249999       40.0001500        4.0795492        5.6606135       18.6191829       22.7852321       30.1754269       32.2101741
      0.0256249       39.0245366        4.4150424        5.5932893       18.3977367       22.5142372       29.8165371       31.8270841
      0.0262499       38.0953810        3.7335918        5.5260937       18.1767134       22.2437598       29.4583328       31.4447258
      0.0268749       37.2094419        2.5289711        5.4590825       17.9562966       21.9740247       29.1011113       31.0634167
      0.0274999       36.3637727        2.0470551        5.3923076       17.7366571       21.7052408       28.7451496       30.6834523
      0.0281249       35.5556889        2.7570392        5.3258172       17.5179535       21.4376022       28.3907048       30.3051070
      0.0287499       34.7827391        3.9051315        5.2596560       17.3003325       21.1712884       28.0380143       29.9286345
      0.0293749       34.0426809        4.5842942        5.1938649       17.0839291       20.9064646       27.6872973       29.5542684
      0.0299999       33.3334583        4.4783910        5.1284817       16.8688672       20.6432826       27.3387544       29.1822230
      0.0306249       32.6531837        3.7056328        5.0635407       16.6552601       20.3818808       26.9925693       28.8126944
      0.0312499       32.0001200        2.6949855        4.9990734       16.4432108       20.1223854       26.6489088       28.4458607
      0.0318749       31.3726667        1.9953374        4.9351080       16.2328126       19.8649105       26.3079241       28.0818832
      0.0324999       30.7693462        1.8200628        4.8716701       16.0241494       19.6095589       25.9697513       27.7209072
      0.0331249       30.1887925        1.9880502        4.8087826       15.8172965       19.3564226       25.6345124       27.3630629
      0.0337499       29.6297407        2.3014148        4.7464658       15.6123208       19.1055834       25.3023157       27.0084661
      0.0343749       29.0910182        2.6734270        4.6847376       15.4092814       18.8571140       24.9732573       26.6572190
      0.0349999       28.5715357        2.7881904        4.6236140       15.2082303       18.6110775       24.6474210       26.3094114
      0.0356249       28.0702807        2.2506072        4.5631084       15.0092123       18.3675292       24.3248799       25.9651212
      0.0362499       27.5863103        1.3771113        4.5032328       14.8122662       18.1265163       24.0056965       25.6244151
      0.0368749       27.1187458        1.0026211        4.4439969       14.6174246       17.8880788       23.6899239       25.2873497
      0.0374999       26.6667667        1.3688825        4.3854092       14.4247148       17.6522501       23.3776062       24.9539722
      0.0381249       26.2296066        2.0521973        4.3274763       14.2341589       17.4190573       23.0687793       24.6243209
      0.0387499       25.8065484        2.8200165        4.2702036       14.0457745       17.1885218       22.7634716       24.2984262
      0.0393749       25.3969206        3.6695360        4.2135950       13.8595748       16.9606599       22.4617046       23.9763108
      0.0399999       25.0000938        4.2684823        4.1576535       13.6755691       16.7354829       22.1634934       23.6579910
      0.0406248       24.6154769        4.2908242        4.1023808       13.4937633       16.5129979       21.8688473       23.3434768
      0.0412498       24.2425152        4.1416354        4.0477777       13.3141598       16.2932081       21.5777705       23.0327726
      0.0418748       23.8806866        4.4236022        3.9938440       13.1367584       16.0761130       21.2902625       22.7258777
      0.0424998       23.5295000        4.8600329        3.9405789       12.9615560       15.8617090       21.0063185       22.4227871
      0.0431248       23.1884928        4.6495485        3.8879807       12.7885474       15.6499897       20.7259298       22.1234917
      0.0437498       22.8572286        3.6104293        3.8360473       12.6177252       15.4409460       20.4490845       21.8279785
      0.0443748       22.5352958        2.3365147        3.7847757       12.4490802       15.2345665       20.1757676       21.5362318
      0.0449998       22.2223056        1.4647667        3.7341628       12.2826014       15.0308381       19.9059617       21.2482326
      0.0456248       21.9178904        1.1460569        3.6842047       12.1182769       14.8297459       19.6396469       20.9639600
      0.0462498       21.6217027        1.2231009        3.6348975       11.9560930       14.6312732       19.3768014       20.6833907
      0.0468748       21.3334133        1.4838540        3.5862367       11.7960353       14.4354026       19.1174017       20.4064996
      0.0474998       21.0527105        1.6931932        3.5382176       11.6380885       14.2421152       18.8614232       20.1332603
      0.0481248       20.7792987        1.8997075        3.4908355       11.4822366       14.0513913       18.6088397       19.8636449
      0.0487498       20.5128974        2.4040656        3.4440851       11.3284630       13.8632108       18.3596244       19.5976249
      0.0493748       20.2532405        3.0269488        3.3979614       11.1767506       13.6775527       18.1137498       19.3351708
      0.0499998       20.0000750        3.0725919        3.3524592       11.0270822       13.4943959       17.8711876       19.0762525
      0.0506248       19.7531605        2.3721163        3.3075730       10.8794401       13.3137189       17.6319095       18.8208398
      0.0512498       19.5122683        1.5943425        3.2632974       10.7338067       13.1355000       17.3958868       18.5689019
      0.0518748       19.2771807        1.1951292        3.2196272       10.5901643       12.9597176       17.1630909       18.3204085
      0.0524998       19.0476905        0.9565170        3.1765569       10.4484954       12.7863501       16.9334933       18.0753289
      0.0531248       18.8236000        0.7454218        3.1340813       10.3087823       12.6153762       16.7070654       17.8336329
      0.0537498       18.6047209        0.8395397        3.0921950       10.1710078       12.4467747       16.4837794       17.5952905
      0.0543748       18.3908736        1.4427058        3.0508930       10.0351550       12.2805246       16.2636076       17.3602724
      0.0549998       18.1818864        2.4885981        3.0101700        9.9012069       12.1166057       16.0465229       17.1285496
      0.0556248       17.9775955        3.9536669        2.9700212        9.7691473       11.9549977       15.8324987       16.9000936
      0.0562498       17.7778444        5.5736394        2.9304416        9.6389601       11.7956811       15.6215092       16.6748769
      0.0568748       17.5824835        6.3490669        2.8914266        9.5106298       11.6386368       15.4135290       16.4528725
      0.0574998       17.3913696        5.7059640        2.8529715        9.3841413       11.4838465       15.2085337       16.2340543
      0.0581248       17.2043656        4.5289763        2.8150718        9.2594800       11.3312921       15.0064996       16.0183969
      0.0587498       17.0213404        3.7673529        2.7777234        9.1366316       11.1809563       14.8074037       15.8058758
      0.0593748       16.8421684        3.2408520        2.7409220        9.0155825       11.0328225       14.6112239       15.5964675
      0.0599998       16.6667292        2.4944013        2.7046637        8.8963196       10.8868745       14.4179390       15.3901492
      0.0606248       16.4949072        1.6746187        2.6689445        8.7788304       10.7430969       14.2275284       15.1868992
      0.0612498       16.3265918        1.1444869        2.6337609        8.6631026       10.6014750       14.0399726       14.9866964
      0.0618748       16.1616768        0.8895080        2.5991093        8.5491247       10.4619945       13.8552528       14.7895208
      0.0624998       16.0000600        0.6983326        2.5649863        8.4368856       10.3246420       13.6733511       14.5953534
      0.0631248       15.8416436        0.5430284        2.5313887        8.3263748       10.1894043       13.4942503       14.4041757
      0.0637498       15.6863333        0.5158368        2.4983135        8.2175821       10.0562692       13.3179340       14.2159703
      0.0643748       15.5340388        0.6301069        2.4657578        8.1104980        9.9252250       13.1443866       14.0307205
      0.0649998       15.3846731        0.7728649        2.4337186        8.0051131        9.7962602       12.9735932       13.8484104
      0.0656248       15.2381524        0.7910297        2.4021934        7.9014187        9.6693641       12.8055395       13.6690247
      0.0662498       15.0943962        0.6638105        2.3711795        7.7994064        9.5445265       12.6402119       13.4925490
      0.0668747       14.9533271        0.5277201        2.3406746        7.6990681        9.4217375       12.4775973       13.3189692
      0.0674997       14.8148704        0.5013446        2.3106763        7.6003961        9.3009876       12.3176832       13.1482720
      0.0681247       14.6789541        0.6577016        2.2811823        7.5033829        9.1822676       12.1604574       12.9804444
      0.0687497       14.5455091        1.0313183        2.2521904        7.4080212        9.0655688       12.0059083       12.8154739
      0.0693747       14.4144685        1.4328470        2.2236985        7.3143042        8.9508825       11.8540245       12.6533485
      0.0699997       14.2857679        1.5288059        2.1957045        7.2222248        8.8382003       11.7047949       12.4940562
      0.0706247       14.1593451        1.2428005        2.1682063        7.1317764        8.7275141       11.5582085       12.3375854
      0.0712497       14.0351404        0.8752859        2.1412020        7.0429523        8.6188155       11.4142545       12.1839245
      0.0718747       13.9130957        0.7389646        2.1146894        6.9557458        8.5120965       11.2729221       12.0330620
      0.0724997       13.7931552        0.7842510        2.0886666        6.8701502        8.4073489       11.1342004       11.8849863
      0.0731247       13.6752650        0.7907948        2.0631315        6.7861588        8.3045644       10.9980787       11.7396857
      0.0737497       13.5593729        0.7452191        2.0380820        6.7037647        8.2037346       10.8645456       11.5971484
      0.0743747       13.4454286        0.7712820        2.0135160        6.6229609        8.1048509       10.7335898       11.4573622
      0.0749997       13.3333833        0.9464613        1.9894312        6.5437401        8.0079044       10.6051996       11.3203145
      0.0756247       13.2231901        1.2439378        1.9658254        6.4660948        7.9128859       10.4793626       11.1859923
      0.0762497       13.1148033        1.5786741        1.9426963        6.3900171        7.8197858       10.3560663       11.0543821
      0.0768747       13.0081789        2.0460209        1.9200412        6.3154989        7.7285941       10.2352974       10.9254696
      0.0774997       12.9032742        2.8637509        1.8978576        6.2425315        7.6393003       10.1170419       10.7992401
      0.0781247       12.8000480        3.9446412        1.8761428        6.1711061        7.5518934       10.0012853       10.6756780
      0.0787497       12.6984603        4.8060075        1.8548939        6.1012130        7.4663617        9.8880122       10.5547668
      0.0793747       12.5984724        5.0215728        1.8341078        6.0328423        7.3826931        9.7772063       10.4364892
      0.0799997       12.5000469        4.7062607        1.8137814        5.9659835        7.3008745        9.6688506       10.3208270
      0.0806247       12.4031473        4.2694967        1.7939111        5.9006253        7.2208925        9.5629271       10.2077610
      0.0812497       12.3077385        3.7563783        1.7744936        5.8367561        7.1427325        9.4594166       10.0972707
      0.0818747       12.2137863        2.9513506        1.7555250        5.7743635        7.0663795        9.3582992        9.9893349
      0.0824997       12.1212576        1.9379244        1.7370013        5.7134345        6.9918176        9.2595538        9.8839310
      0.0831247       12.0301203        1.0735510        1.7189184        5.6539554        6.9190300        9.1631581        9.7810353
      0.0837497       11.9403433        0.5893566        1.7012719        5.5959117        6.8479991        9.0690889        9.6806230
      0.0843747       11.8518963        0.5027647        1.6840573        5.5392884        6.7787063        8.9773216        9.5826678
      0.0849997       11.7647500        0.7540248        1.6672697        5.4840698        6.7111325        8.8878308        9.4871425
      0.0856247       11.6788759        1.1241126        1.6509041        5.4302392        6.6452573        8.8005896        9.3940186
      0.0862497       11.5942464        1.2383558        1.6349553        5.3777795        6.5810597        8.7155700        9.3032661
      0.0868747       11.5108345        0.9925615        1.6194178        5.3266727        6.5185177        8.6327431        9.2148541
      0.0874997       11.4286143        0.6955662        1.6042859        5.2769001        6.4576085        8.5520785        9.1287503
      0.0881247       11.3475603        0.6284945        1.5895538        5.2284425        6.3983084        8.4735450        9.0449212
      0.0887497       11.2676479        0.7638984        1.5752153        5.1812796        6.3405929        8.3971099        8.9633320
      0.0893747       11.1888531        0.9382902        1.5612642        5.1353909        6.2844365        8.3227397        8.8839470
      0.0899997       11.1111528        1.1173501        1.5476939        5.0907549        6.2298132        8.2503998        8.8067292
      0.0906247       11.0345241        1.4240839        1.5344978        5.0473496        6.1766960        8.1800544        8.7316404
      0.0912497       10.9589452        1.9431183        1.5216690        5.0051524        6.1250572        8.1116670        8.6586416
      0.0918747       10.8843946        2.5728986        1.5092004        4.9641401        6.0748683        8.0451998        8.5876925
      0.0924997       10.8108514        3.0106194        1.4970849        4.9242889        6.0261004        7.9806145        8.5187521
      0.0931247       10.7382953        2.9550564        1.4853149        4.8855746        5.9787238        7.9178716        8.4517784
      0.0937496       10.6667067        2.5284107        1.4738830        4.8479723        5.9327080        7.8569310        8.3867286
      0.0943746       10.5960662        2.3010456        1.4627816        4.8114569        5.8880222        7.7977518        8.3235589
      0.0949996       10.5263553        2.6469945        1.4520028        4.7760028        5.8446352        7.7402925        8.2622251
      0.0956246       10.4575556        3.3472742        1.4415388        4.7415838        5.8025150        7.6845110        8.2026822
      0.0962496       10.3896494        4.0714102        1.4313814        4.7081738        5.7616295        7.6303646        8.1448847
      0.0968746       10.3226194        4.7074246        1.4215227        4.6757461        5.7219460        7.5778102        8.0887865
      0.0974996       10.2564487        4.8684953        1.4119545        4.6442737        5.6834317        7.5268041        8.0343410
      0.0981246       10.1911210        4.1426646        1.4026685        4.6137298        5.6460535        7.4773026        7.9815016
      0.0987496       10.1266203        3.1209562        1.3936565        4.5840869        5.6097781        7.4292616        7.9302212
      0.0993746       10.0629308        2.7126807        1.3849101        4.5553179        5.5745720        7.3826367        7.8804523
      0.0999996       10.0000375        2.6884588        1.3764211        4.5273953        5.5404017        7.3373836        7.8321478
      0.1006246        9.9379255        2.2939271        1.3681810        4.5002917        5.5072337        7.2934578        7.7852600
      0.1012496        9.8765802        1.5256247        1.3601816        4.4739797        5.4750344        7.2508149        7.7397417
      0.1018746        9.8159877        0.8931457        1.3524146        4.4484320        5.4437704        7.2094107        7.6955455
      0.1024996        9.7561341        0.6967245        1.3448716        4.4236214        5.4134083        7.1692010        7.6526245
      0.1031246        9.6970061        0.8521977        1.3375446        4.3995208        5.3839152        7.1301419        7.6109317
      0.1037496        9.6385904        1.0257888        1.3304252        4.3761033        5.3552580        7.0921901        7.5704207
      0.1043746        9.5808743        0.9850269        1.3235053        4.3533422        5.3274042        7.0553021        7.5310454
      0.1049996        9.5238452        0.8224561        1.3167771        4.3312114        5.3003215        7.0194354        7.4927601
      0.1056246        9.4674911        0.7426314        1.3102325        4.3096845        5.2739781        6.9845477        7.4555199
      0.1062496        9.4118000        0.8236431        1.3038637        4.2887360        5.2483423        6.9505972        7.4192801
      0.1068746        9.3567602        1.0267826        1.2976631        4.2683405        5.2233833        6.9175429        7.3839970
      0.1074996        9.3023605        1.3020033        1.2916229        4.2484730        5.1990704        6.8853444        7.3496273
      0.1081246        9.2485896        1.6601429        1.2857359        4.2291090        5.1753737        6.8539618        7.3161286
      0.1087496        9.1954368        2.1038790        1.2799946        4.2102243        5.1522636        6.8233562        7.2834592
      0.1093746        9.1428914        2.4162148        1.2743918        4.1917955        5.1297113        6.7934892        7.2515783
      0.1099996        9.0909432        2.2256822        1.2689206        4.1737993        5.1076885        6.7643234        7.2204458
      0.1106246        9.0395819        1.5548054        1.2635741        4.1562131        5.0861674        6.7358222        7.1900228
      0.1112496        8.9887978        0.9599283        1.2583454        4.1390149        5.0651211        6.7079497        7.1602708
      0.1118746        8.9385810        0.8217418        1.2532282        4.1221831        5.0445232        6.6806710        7.1311527
      0.1124996        8.8889222        0.9219855        1.2482160        4.1056967        5.0243478        6.6539520        7.1026320
      0.1131246        8.8398122        0.8946007        1.2433026        4.0895351        5.0045701        6.6277595        7.0746733
      0.1137496        8.7912418        0.7392005        1.2384818        4.0736784        4.9851655        6.6020612        7.0472422
      0.1143746        8.7432022        0.7440403        1.2337479        4.0581073        4.9661103        6.5768257        7.0203050
      0.1149996        8.6956848        1.0617119        1.2290950        4.0428029        4.9473816        6.5520224        6.9938292
      0.1156246        8.6486811        1.5448851        1.2245177        4.0277469        4.9289568        6.5276217        6.9677831
      0.1162496        8.6021828        1.9599745        1.2200105        4.0129215        4.9108142        6.5035947        6.9421360
      0.1168746        8.5561818        2.1885768        1.2155681        3.9983095        4.8929328        6.4799136        6.9168581
      0.1174996        8.5106702        2.2292771        1.2111856        3.9838942        4.8752921        6.4565513        6.8919204
      0.1181246        8.4656402        2.1013719        1.2068579        3.9696593        4.8578721        6.4334813        6.8672948
      0.1187496        8.4210842        1.8167621        1.2025802        3.9555892        4.8406537        6.4106783        6.8429542
      0.1193746        8.3769948        1.4979774        1.1983481        3.9416684        4.8236182        6.3881175        6.8188721
      0.1199996        8.3333646        1.3282131        1.1941568        3.9278824        4.8067475        6.3657749        6.7950229
      0.1206245        8.2901865        1.2708122        1.1900021        3.9142166        4.7900240        6.3436273        6.7713818
      0.1212495        8.2474536        1.1291816        1.1858798        3.9006572        4.7734307        6.3216520        6.7479248
      0.1218745        8.2051590        0.8631532        1.1817857        3.8871906        4.7569510        6.2998272        6.7246284
      0.1224995        8.1632959        0.5863362        1.1777158        3.8738038        4.7405688        6.2781317        6.7014699
      0.1231245        8.1218579        0.4140257        1.1736663        3.8604839        4.7242686        6.2565447        6.6784272
      0.1237495        8.0808384        0.4349553        1.1696334        3.8472186        4.7080352        6.2350461        6.6554790
      0.1243745        8.0402312        0.6709495        1.1656134        3.8339958        4.6918538        6.2136164        6.6326043
      0.1249995        8.0000300        1.0250730        1.1616028        3.8208039        4.6757102        6.1922367        6.6097829
      0.1256245        7.9602289        1.3580758        1.1575980        3.8076313        4.6595902        6.1708884        6.5869951
      0.1262495        7.9208218        1.6342669        1.1535958        3.7944670        4.6434804        6.1495535        6.5642216
      0.1268745        7.8818030        1.8662509        1.1495928        3.7813001        4.6273674        6.1282144        6.5414436
      0.1274995        7.8431667        1.9010884        1.1455858        3.7681201        4.6112384        6.1068541        6.5186429
      0.1281245        7.8049073        1.5590526        1.1415717        3.7549167        4.5950808        6.0854558        6.4958018
      0.1287495        7.7670194        0.9865690        1.1375474        3.7416799        4.5788822        6.0640034        6.4729028
      0.1293745        7.7294976        0.5051177        1.1335100        3.7283998        4.5626307        6.0424809        6.4499290
      0.1299995        7.6923365        0.2327112        1.1294566        3.7150670        4.5463147        6.0208729        6.4268639
      0.1306245        7.6555311        0.1233593        1.1253843        3.7016722        4.5299227        5.9991643        6.4036916
      0.1312495        7.6190762        0.1672184        1.1212904        3.6882062        4.5134438        5.9773406        6.3803962
      0.1318745        7.5829668        0.3569935        1.1171721        3.6746604        4.4968671        5.9553874        6.3569627
      0.1324995        7.5471981        0.5574522        1.1130271        3.6610262        4.4801822        5.9332909        6.3333763
      0.1331245        7.5117653        0.6059833        1.1088526        3.6472953        4.4633790        5.9110377        6.3096225
      0.1337495        7.4766636        0.5378260        1.1046463        3.6334596        4.4464476        5.8886148        6.2856876
      0.1343745        7.4418884        0.5394886        1.1004058        3.6195115        4.4293786        5.8660096        6.2615582
      0.1349995        7.4074352        0.7934779        1.0961288        3.6054435        4.4121628        5.8432100        6.2372212
      0.1356245        7.3732995        1.4505582        1.0918132        3.5912483        4.3947915        5.8202044        6.2126643
      0.1362495        7.3394771        2.4770033        1.0874568        3.5769192        4.3772562        5.7969817        6.1878757
      0.1368745        7.3059635        3.5234341        1.0830577        3.5624495        4.3595489        5.7735313        6.1628439
      0.1374995        7.2727545        4.2028136        1.0786140        3.5478331        4.3416621        5.7498430        6.1375583
      0.1381245        7.2398462        4.3740946        1.0741240        3.5330641        4.3235885        5.7259074        6.1120088
      0.1387495        7.2072342        4.0131868        1.0695858        3.5181370        4.3053215        5.7017156        6.0861857
      0.1393745        7.1749148        3.1799160        1.0649981        3.5030467        4.2868548        5.6772594        6.0600804
      0.1399995        7.1428839        2.2345865        1.0603593        3.4877886        4.2681826        5.6525310        6.0336845
      0.1406245        7.1111378        1.5932999        1.0556681        3.4723582        4.2492996        5.6275236        6.0069909
      0.1412495        7.0796726        1.2389698        1.0509234        3.4567518        4.2302013        5.6022308        5.9799926
      0.1418745        7.0484846        0.9016852        1.0461242        3.4409659        4.2108833        5.5766473        5.9526839
      0.1424995        7.0175702        0.5505107        1.0412695        3.4249976        4.1913422        5.5507681        5.9250597
      0.1431245        6.9869258        0.3895670        1.0363587        3.4088445        4.1715747        5.5245893        5.8971156
      0.1437495        6.9565478        0.6174013        1.0313910        3.3925045        4.1515787        5.4981076        5.8688483
      0.1443745        6.9264329        1.2677868        1.0263660        3.3759762        4.1313521        5.4713208        5.8402552
      0.1449995        6.8965776        2.1062664        1.0212835        3.3592585        4.1108939        5.4442271        5.8113346
      0.1456245        6.8669785        2.8466821        1.0161433        3.3423511        4.0902034        5.4168259        5.7820857
      0.1462495        6.8376325        3.3252676        1.0109454        3.3252540        4.0692808        5.3891171        5.7525085
      0.1468744        6.8085362        3.3118466        1.0056900        3.3079677        4.0481267        5.3611019        5.7226042
      0.1474994        6.7796864        2.7363366        1.0003775        3.2904933        4.0267425        5.3327819        5.6923746
      0.1481244        6.7510802        1.9989894        0.9950082        3.2728326        4.0051301        5.3041598        5.6618224
      0.1487494        6.7227143        1.4743543        0.9895830        3.2549876        3.9832923        5.2752390        5.6309516
      0.1493744        6.6945858        1.1276013        0.9841025        3.2369610        3.9612322        5.2460240        5.5997665
      0.1499994        6.6666917        0.8761377        0.9785678        3.2187559        3.9389538        5.2165197        5.5682728
      0.1506244        6.6390290        0.8173104        0.9729800        3.2003761        3.9164614        5.1867322        5.5364766
      0.1512494        6.6115950        0.9743636        0.9673402        3.1818256        3.8937603        5.1566680        5.5043853
      0.1518744        6.5843868        1.1872408        0.9616500        3.1631090        3.8708559        5.1263348        5.4720066
      0.1524994        6.5574016        1.4521641        0.9559109        3.1442315        3.8477544        5.0957406        5.4393495
      0.1531244        6.5306367        2.0370547        0.9501244        3.1251984        3.8244627        5.0648943        5.4064232
      0.1537494        6.5040894        2.9032485        0.9442924        3.1060156        3.8009877        5.0338055        5.3732381
      0.1543744        6.4777571        3.4729861        0.9384169        3.0866894        3.7773373        5.0024843        5.3398048
      0.1549994        6.4516371        3.4396009        0.9324998        3.0672264        3.7535195        4.9709414        5.3061350
      0.1556244        6.4257269        3.2000698        0.9265431        3.0476336        3.7295428        4.9391881        5.2722405
      0.1562494        6.4000240        3.0927006        0.9205493        3.0279182        3.7054161        4.9072360        5.2381339
      0.1568744        6.3745259        2.9209460        0.9145204        3.0080878        3.6811486        4.8750975        5.2038283
      0.1574994        6.3492302        2.4932296        0.9084589        2.9881500        3.6567497        4.8427851        5.1693371
      0.1581244        6.3241344        2.0027942        0.9023672        2.9681129        3.6322293        4.8103118        5.1346740
      0.1587494        6.2992362        1.6897621        0.8962478        2.9479847        3.6075974        4.7776907        5.0998532
      0.1593744        6.2745333        1.4846589        0.8901032        2.9277736        3.5828641        4.7449353        5.0648892
      0.1599994        6.2500234        1.1647235        0.8839360        2.9074881        3.5580397        4.7120594        5.0297964
      0.1606244        6.2257043        0.7406305        0.8777488        2.8871368        3.5331348        4.6790767        4.9945897
      0.1612494        6.2015736        0.4264200        0.8715442        2.8667282        3.5081597        4.6460013        4.9592839
      0.1618744        6.1776293        0.2920442        0.8653248        2.8462709        3.4831251        4.6128469        4.9238940
      0.1624994        6.1538692        0.2437837        0.8590932        2.8257737        3.4580416        4.5796278        4.8884348
      0.1631244        6.1302912        0.2209300        0.8528520        2.8052450        3.4329196        4.5463577        4.8529213
      0.1637494        6.1068931        0.2132440        0.8466039        2.7846935        3.4077697        4.5130506        4.8173683
      0.1643744        6.0836730        0.2315812        0.8403515        2.7641276        3.3826022        4.4797202        4.7817905
      0.1649994        6.0606288        0.2990487        0.8340972        2.7435558        3.3574274        4.4463802        4.7462023
      0.1656244        6.0377585        0.3900090        0.8278437        2.7229862        3.3322554        4.4130439        4.7106181
      0.1662494        6.0150602        0.4484048        0.8215933        2.7024271        3.3070962        4.3797245        4.6750519
      0.1668744        5.9925318        0.5029465        0.8153485        2.6818864        3.2819595        4.3464349        4.6395176
      0.1674994        5.9701716        0.7023375        0.8091116        2.6613719        3.2568548        4.3131878        4.6040286
      0.1681244        5.9479777        1.1451100        0.8028851        2.6408912        3.2317916        4.2799955        4.5685982
      0.1687494        5.9259481        1.6727926        0.7966711        2.6204517        3.2067788        4.2468700        4.5332390
      0.1693744        5.9040812        1.9891901        0.7904718        2.6000607        3.1818252        4.2138230        4.4979636
      0.1699994        5.8823750        2.0112526        0.7842893        2.5797250        3.1569394        4.1808657        4.4627840
      0.1706244        5.8608278        1.9348233        0.7781257        2.5594515        3.1321297        4.1480091        4.4277119
      0.1712494        5.8394380        1.8796684        0.7719830        2.5392466        3.1074039        4.1152638        4.3927585
      0.1718744        5.8182036        1.7298720        0.7658631        2.5191166        3.0827698        4.0826398        4.3579347
      0.1724994        5.7971232        1.4667112        0.7597678        2.4990675        3.0582348        4.0501470        4.3232508
      0.1731244        5.7761949        1.2345160        0.7536988        2.4791051        3.0338058        4.0177947        4.2887170
      0.1737493        5.7554173        1.0597775        0.7476579        2.4592349        3.0094896        3.9855918        4.2543427
      0.1743743        5.7347885        0.9077240        0.7416466        2.4394623        2.9852929        3.9535470        4.2201371
      0.1749993        5.7143071        0.7954293        0.7356665        2.4197922        2.9612216        3.9216684        4.1861089
      0.1756243        5.6939715        0.7104482        0.7297190        2.4002295        2.9372817        3.8899639        4.1522665
      0.1762493        5.6737801        0.6785013        0.7238056        2.3807787        2.9134789        3.8584408        4.1186177
      0.1768743        5.6537314        0.7790898        0.7179275        2.3614443        2.8898183        3.8271062        4.0851702
      0.1774993        5.6338239        0.9559797        0.7120861        2.3422303        2.8663052        3.7959668        4.0519311
      0.1781243        5.6140561        1.0172900        0.7062824        2.3231407        2.8429443        3.7650290        4.0189072
      0.1787493        5.5944266        0.8702242        0.7005178        2.3041793        2.8197402        3.7342988        3.9861048
      0.1793743        5.5749338        0.6384387        0.6947931        2.2853494        2.7966972        3.7037820        3.9535303
      0.1799993        5.5555764        0.5272999        0.6891095        2.2666546        2.7738194        3.6734840        3.9211892
      0.1806243        5.5363529        0.5799461        0.6834679        2.2480979        2.7511107        3.6434099        3.8890872
      0.1812493        5.5172621        0.6186369        0.6778692        2.2296824        2.7285747        3.6135646        3.8572294
      0.1818743        5.4983024        0.5019700        0.6723143        2.2114110        2.7062150        3.5839526        3.8256207
      0.1824993        5.4794726        0.3162491        0.6668040        2.1932862        2.6840348        3.5545784        3.7942658
      0.1831243        5.4607713        0.2067522        0.6613391        2.1753106        2.6620372        3.5254462        3.7631691
      0.1837493        5.4421973        0.1825201        0.6559202        2.1574868        2.6402252        3.4965597        3.7323348
      0.1843743        5.4237492        0.1778246        0.6505482        2.1398169        2.6186017        3.4679227        3.7017668
      0.1849993        5.4054257        0.1845368        0.6452237        2.1223031        2.5971693        3.4395389        3.6714690
      0.1856243        5.3872256        0.2428400        0.6399473        2.1049476        2.5759304        3.4114114        3.6414449
      0.1862493        5.3691477        0.3407616        0.6347195        2.0877523        2.5548876        3.3835435        3.6116979
      0.1868743        5.3511906        0.4119762        0.6295411        2.0707190        2.5340432        3.3559383        3.5822313
      0.1874993        5.3333533        0.4252724        0.6244124        2.0538496        2.5133992        3.3285987        3.5530481
      0.1881243        5.3156346        0.4075244        0.6193341        2.0371457        2.4929578        3.3015273        3.5241512
      0.1887493        5.2980331        0.4204854        0.6143066        2.0206089        2.4727209        3.2747267        3.4955435
      0.1893743        5.2805479        0.4902761        0.6093303        2.0042408        2.4526905        3.2481996        3.4672277
      0.1899993        5.2631776        0.5222845        0.6044058        1.9880429        2.4328683        3.2219482        3.4392061
      0.1906243        5.2459213        0.4416768        0.5995335        1.9720165        2.4132560        3.1959749        3.4114814
      0.1912493        5.2287778        0.3462076        0.5947137        1.9561630        2.3938552        3.1702816        3.3840556
      0.1918743        5.2117459        0.3165275        0.5899468        1.9404836        2.3746675        3.1448706        3.3569311
      0.1924993        5.1948247        0.2761469        0.5852332        1.9249794        2.3556943        3.1197436        3.3301098
      0.1931243        5.1780129        0.1775479        0.5805733        1.9096517        2.3369370        3.0949025        3.3035936
      0.1937493        5.1613097        0.1085687        0.5759673        1.8945014        2.3183968        3.0703490        3.2773844
      0.1943743        5.1447138        0.1632158        0.5714155        1.8795295        2.3000750        3.0460846        3.2514839
      0.1949993        5.1282244        0.3326612        0.5669183        1.8647370        2.2819726        3.0221108        3.2258936
      0.1956243        5.1118403        0.5290479        0.5624758        1.8501245        2.2640906        2.9984290        3.2006148
      0.1962493        5.0955605        0.6718531        0.5580883        1.8356930        2.2464300        2.9750403        3.1756490
      0.1968743        5.0793841        0.7387624        0.5537560        1.8214430        2.2289915        2.9519458        3.1509973
      0.1974993        5.0633101        0.7383380        0.5494791        1.8073751        2.2117759        2.9291465        3.1266606
      0.1981243        5.0473375        0.6652449        0.5452577        1.7934898        2.1947838        2.9066431        3.1026398
      0.1987493        5.0314654        0.5212897        0.5410919        1.7797875        2.1780156        2.8844363        3.0789356
      0.1993743        5.0156928        0.3539640        0.5369819        1.7662685        2.1614718        2.8625266        3.0555485
      0.1999993        5.0000188        0.2243432        0.5329276        1.7529331        2.1451525        2.8409143        3.0324789
      0.2006242        4.9844424        0.1824255        0.5289292        1.7397812        2.1290580        2.8195997        3.0097270
      0.2012492        4.9689627        0.2901876        0.5249866        1.7268130        2.1131881        2.7985826        2.9872927
      0.2018742        4.9535789        0.5382470        0.5210998        1.7140283        2.0975428        2.7778629        2.9651758
      0.2024992        4.9382901        0.7450948        0.5172687        1.7014269        2.0821218        2.7574402        2.9433761
      0.2031242        4.9230954        0.7453059        0.5134932        1.6890084        2.0669247        2.7373140        2.9218927
      0.2037492        4.9079939        0.6251696        0.5097732        1.6767724        2.0519508        2.7174835        2.9007251
      0.2043742        4.8929847        0.5791822        0.5061085        1.6647182        2.0371995        2.6979478        2.8798720
      0.2049992        4.8780671        0.6298992        0.5024988        1.6528452        2.0226699        2.6787056        2.8593323
      0.2056242        4.8632401        0.6296410        0.4989440        1.6411525        2.0083610        2.6597557        2.8391046
      0.2062492        4.8485030        0.5022322        0.4954437        1.6296392        1.9942715        2.6410964        2.8191871
      0.2068742        4.8338550        0.3391618        0.4919976        1.6183040        1.9804002        2.6227260        2.7995780
      0.2074992        4.8192952        0.2315068        0.4886053        1.6071459        1.9667454        2.6046424        2.7802750
      0.2081242        4.8048228        0.1852428        0.4852664        1.5961634        1.9533056        2.5868435        2.7612759
      0.2087492        4.7904371        0.1914704        0.4819805        1.5853551        1.9400789        2.5693268        2.7425781
      0.2093742        4.7761373        0.2302482        0.4787470        1.5747193        1.9270633        2.5520897        2.7241787
      0.2099992        4.7619226        0.2599024        0.4755654        1.5642542        1.9142567        2.5351294        2.7060747
      0.2106242        4.7477923        0.2740239        0.4724351        1.5539580        1.9016567        2.5184428        2.6882629
      0.2112492        4.7337456        0.3195511        0.4693556        1.5438287        1.8892610        2.5020266        2.6707397
      0.2118742        4.7197817        0.4339405        0.4663262        1.5338642        1.8770669        2.4858774        2.6535017
      0.2124992        4.7059000        0.5911431        0.4633462        1.5240622        1.8650717        2.4699917        2.6365447
      0.2131242        4.6920997        0.7646986        0.4604149        1.5144203        1.8532725        2.4543655        2.6198649
      0.2137492        4.6783801        1.0167869        0.4575315        1.5049362        1.8416663        2.4389949        2.6034578
      0.2143742        4.6647405        1.3634478        0.4546953        1.4956072        1.8302499        2.4238758        2.5873192
      0.2149992        4.6511802        1.6511915        0.4519054        1.4864308        1.8190202        2.4090038        2.5714444
      0.2156242        4.6376986        1.8343083        0.4491611        1.4774040        1.8079737        2.3943745        2.5558286
      0.2162492        4.6242948        2.1236152        0.4464615        1.4685242        1.7971071        2.3799833        2.5404670
      0.2168742        4.6109683        2.5253646        0.4438056        1.4597884        1.7864166        2.3658255        2.5253545
      0.2174992        4.5977184        2.6504281        0.4411926        1.4511936        1.7758987        2.3518962        2.5104860
      0.2181242        4.5845444        2.3382811        0.4386216        1.4427368        1.7655497        2.3381906        2.4958562
      0.2187492        4.5714457        1.8875150        0.4360915        1.4344149        1.7553657        2.3247035        2.4814597
      0.2193742        4.5584217        1.4616216        0.4336016        1.4262247        1.7453430        2.3114300        2.4672911
      0.2199992        4.5454716        1.0130784        0.4311506        1.4181630        1.7354775        2.2983648        2.4533449
      0.2206242        4.5325949        0.7216630        0.4287378        1.4102267        1.7257655        2.2855027        2.4396155
      0.2212492        4.5197910        0.7834859        0.4263622        1.4024125        1.7162028        2.2728385        2.4260973
      0.2218742        4.5070592        0.9965681        0.4240226        1.3947171        1.7067856        2.2603669        2.4127847
      0.2224992        4.4943989        1.0531800        0.4217182        1.3871373        1.6975098        2.2480825        2.3996721
      0.2231242        4.4818095        1.0093663        0.4194479        1.3796698        1.6883714        2.2359802        2.3867537
      0.2237492        4.4692905        1.0598734        0.4172108        1.3723114        1.6793665        2.2240547        2.3740240
      0.2243742        4.4568412        1.0865419        0.4150059        1.3650587        1.6704911        2.2123006        2.3614774
      0.2249992        4.4444611        0.8960139        0.4128321        1.3579087        1.6617413        2.2007129        2.3491083
      0.2256242        4.4321496        0.6151592        0.4106886        1.3508581        1.6531131        2.1892862        2.3369111
      0.2262492        4.4199061        0.4835272        0.4085743        1.3439038        1.6446028        2.1780156        2.3248805
      0.2268741        4.4077300        0.5194869        0.4064884        1.3370427        1.6362065        2.1668961        2.3130112
      0.2274991        4.3956209        0.5445247        0.4044299        1.3302717        1.6279205        2.1559226        2.3012977
      0.2281241        4.3835781        0.4410677        0.4023979        1.3235879        1.6197412        2.1450903        2.2897350
      0.2287491        4.3716011        0.3024320        0.4003914        1.3169883        1.6116649        2.1343946        2.2783181
      0.2293741        4.3596894        0.2592331        0.3984098        1.3104700        1.6036882        2.1238307        2.2670418
      0.2299991        4.3478424        0.3101393        0.3964520        1.3040303        1.5958076        2.1133941        2.2559016
      0.2306241        4.3360596        0.4395457        0.3945173        1.2976666        1.5880199        2.1030806        2.2448926
      0.2312491        4.3243405        0.6484155        0.3926048        1.2913760        1.5803219        2.0928858        2.2340103
      0.2318741        4.3126846        0.7796943        0.3907139        1.2851563        1.5727105        2.0828056        2.2232505
      0.2324991        4.3010914        0.6603062        0.3888437        1.2790048        1.5651826        2.0728361        2.2126087
      0.2331241        4.2895603        0.3995738        0.3869936        1.2729192        1.5577354        2.0629735        2.2020810
      0.2337491        4.2780909        0.2266588        0.3851628        1.2668974        1.5503661        2.0532141        2.1916636
      0.2343741        4.2666827        0.2095392        0.3833507        1.2609371        1.5430722        2.0435544        2.1813525
      0.2349991        4.2553351        0.2813607        0.3815568        1.2550362        1.5358510        2.0339912        2.1711444
      0.2356241        4.2440477        0.3347527        0.3797803        1.2491929        1.5287003        2.0245212        2.1610358
      0.2362491        4.2328201        0.3066362        0.3780207        1.2434053        1.5216177        2.0151414        2.1510236
      0.2368741        4.2216517        0.2338397        0.3762776        1.2376716        1.5146011        2.0058490        2.1411046
      0.2374991        4.2105421        0.1657431        0.3745503        1.2319902        1.5076485        1.9966414        2.1312761
      0.2381241        4.1994908        0.1110623        0.3728385        1.2263596        1.5007580        1.9875160        2.1215354
      0.2387491        4.1884974        0.1019224        0.3711416        1.2207783        1.4939279        1.9784706        2.1118801
      0.2393741        4.1775614        0.1805083        0.3694594        1.2152450        1.4871565        1.9695030        2.1023077
      0.2399991        4.1666823        0.3061574        0.3677914        1.2097584        1.4804423        1.9606110        2.0928162
      0.2406241        4.1558597        0.3738820        0.3661372        1.2043174        1.4737839        1.9517931        2.0834037
      0.2412491        4.1450933        0.3480740        0.3644966        1.1989210        1.4671801        1.9430473        2.0740682
      0.2418741        4.1343824        0.3058536        0.3628692        1.1935683        1.4606296        1.9343723        2.0648082
      0.2424991        4.1237268        0.3237820        0.3612549        1.1882583        1.4541316        1.9257667        2.0556223
      0.2431241        4.1131260        0.3811974        0.3596533        1.1829904        1.4476849        1.9172292        2.0465091
      0.2437491        4.1025795        0.3985828        0.3580644        1.1777639        1.4412890        1.9087587        2.0374674
      0.2443741        4.0920870        0.3349466        0.3564878        1.1725781        1.4349429        1.9003543        2.0284964
      0.2449991        4.0816480        0.2281177        0.3549235        1.1674327        1.4286461        1.8920153        2.0195950
      0.2456241        4.0712621        0.1559120        0.3533713        1.1623271        1.4223982        1.8837409        2.0107627
      0.2462491        4.0609289        0.1547717        0.3518311        1.1572611        1.4161987        1.8755306        2.0019987
      0.2468741        4.0506481        0.1917682        0.3503029        1.1522343        1.4100472        1.8673839        1.9933028
      0.2474991        4.0404192        0.2507349        0.3487865        1.1472467        1.4039436        1.8593007        1.9846744
      0.2481241        4.0302418        0.3471329        0.3472820        1.1422980        1.3978877        1.8512805        1.9761135
      0.2487491        4.0201156        0.4266505        0.3457894        1.1373883        1.3918793        1.8433235        1.9676199
      0.2493741        4.0100401        0.4110169        0.3443085        1.1325174        1.3859186        1.8354294        1.9591935
      0.2499991        4.0000150        0.3156217        0.3428395        1.1276855        1.3800056        1.8275985        1.9508346
      0.2506241        3.9900399        0.2182151        0.3413824        1.1228927        1.3741403        1.8198310        1.9425433
      0.2512491        3.9801144        0.1809732        0.3399372        1.1181390        1.3683231        1.8121269        1.9343197
      0.2518741        3.9702382        0.2118160        0.3385040        1.1134248        1.3625540        1.8044867        1.9261644
      0.2524991        3.9604109        0.2863400        0.3370828        1.1087502        1.3568335        1.7969108        1.9180776
      0.2531241        3.9506321        0.3856770        0.3356738        1.1041155        1.3511618        1.7893995        1.9100598
      0.2537490        3.9409015        0.4665623        0.3342770        1.0995210        1.3455393        1.7819534        1.9021116
      0.2543740        3.9312187        0.4884769        0.3328925        1.0949671        1.3399664        1.7745730        1.8942336
      0.2549990        3.9215833        0.4794496        0.3315204        1.0904540        1.3344435        1.7672589        1.8864262
      0.2556240        3.9119951        0.4765976        0.3301609        1.0859822        1.3289712        1.7600116        1.8786902
      0.2562490        3.9024537        0.4555939        0.3288140        1.0815521        1.3235497        1.7528318        1.8710263
      0.2568740        3.8929586        0.3822693        0.3274799        1.0771639        1.3181797        1.7457200        1.8634350
      0.2574990        3.8835097        0.3089374        0.3261587        1.0728182        1.3128616        1.7386771        1.8559171
      0.2581240        3.8741065        0.3427580        0.3248506        1.0685153        1.3075960        1.7317035        1.8484733
      0.2587490        3.8647488        0.4739966        0.3235555        1.0642556        1.3023831        1.7248000        1.8411043
      0.2593740        3.8554361        0.5577909        0.3222737        1.0600395        1.2972237        1.7179671        1.8338107
      0.2599990        3.8461683        0.5023145        0.3210053        1.0558674        1.2921181        1.7112055        1.8265932
      0.2606240        3.8369448        0.3525456        0.3197504        1.0517396        1.2870668        1.7045159        1.8194524
      0.2612490        3.8277656        0.2245962        0.3185091        1.0476566        1.2820702        1.6978986        1.8123890
      0.2618740        3.8186301        0.2186005        0.3172815        1.0436186        1.2771287        1.6913544        1.8054034
      0.2624990        3.8095381        0.3644656        0.3160676        1.0396260        1.2722426        1.6848837        1.7984964
      0.2631240        3.8004893        0.6500812        0.3148676        1.0356789        1.2674125        1.6784868        1.7916682
      0.2637490        3.7914834        0.9775234        0.3136816        1.0317778        1.2626384        1.6721644        1.7849194
      0.2643740        3.7825201        1.1173933        0.3125096        1.0279227        1.2579208        1.6659166        1.7782504
      0.2649990        3.7735991        0.9937480        0.3113516        1.0241139        1.2532598        1.6597438        1.7716613
      0.2656240        3.7647200        0.8582039        0.3102078        1.0203515        1.2486555        1.6536463        1.7651526
      0.2662490        3.7558826        0.8845970        0.3090781        1.0166356        1.2441082        1.6476241        1.7587244
      0.2668740        3.7470867        0.9017959        0.3079625        1.0129663        1.2396179        1.6416774        1.7523767
      0.2674990        3.7383318        0.7512553        0.3068612        1.0093436        1.2351847        1.6358062        1.7461096
      0.2681240        3.7296177        0.5547966        0.3057740        1.0057675        1.2308084        1.6300105        1.7399231
      0.2687490        3.7209442        0.4988253        0.3047009        1.0022379        1.2264890        1.6242902        1.7338171
      0.2693740        3.7123109        0.6183480        0.3036419        0.9987547        1.2222264        1.6186451        1.7277913
      0.2699990        3.7037176        0.7897140        0.3025970        0.9953177        1.2180204        1.6130748        1.7218454
      0.2706240        3.6951640        0.8289128        0.3015660        0.9919266        1.2138706        1.6075791        1.7159792
      0.2712490        3.6866498        0.6916587        0.3005490        0.9885814        1.2097768        1.6021576        1.7101920
      0.2718740        3.6781747        0.5208648        0.2995458        0.9852815        1.2057386        1.5968096        1.7044835
      0.2724990        3.6697385        0.4224395        0.2985563        0.9820268        1.2017556        1.5915347        1.6988529
      0.2731240        3.6613410        0.3581050        0.2975803        0.9788167        1.1978272        1.5863322        1.6932996
      0.2737490        3.6529817        0.2858045        0.2966178        0.9756508        1.1939530        1.5812014        1.6878228
      0.2743740        3.6446606        0.2276950        0.2956686        0.9725286        1.1901322        1.5761414        1.6824216
      0.2749990        3.6363773        0.2050083        0.2947326        0.9694496        1.1863643        1.5711514        1.6770951
      0.2756240        3.6281315        0.2303246        0.2938094        0.9664132        1.1826486        1.5662305        1.6718423
      0.2762490        3.6199231        0.3103187        0.2928991        0.9634188        1.1789841        1.5613775        1.6666622
      0.2768740        3.6117517        0.3925488        0.2920013        0.9604657        1.1753703        1.5565916        1.6615535
      0.2774990        3.6036171        0.3994577        0.2911158        0.9575533        1.1718062        1.5518714        1.6565151
      0.2781240        3.5955191        0.3369821        0.2902425        0.9546807        1.1682908        1.5472159        1.6515456
      0.2787490        3.5874574        0.2975345        0.2893811        0.9518472        1.1648234        1.5426238        1.6466439
      0.2793740        3.5794318        0.3439518        0.2885313        0.9490521        1.1614028        1.5380939        1.6418085
      0.2799990        3.5714420        0.4174836        0.2876929        0.9462944        1.1580282        1.5336247        1.6370379
      0.2806239        3.5634878        0.4229188        0.2868657        0.9435735        1.1546984        1.5292149        1.6323308
      0.2812489        3.5555689        0.4006411        0.2860493        0.9408883        1.1514124        1.5248632        1.6276856
      0.2818739        3.5476851        0.4551174        0.2852436        0.9382381        1.1481692        1.5205680        1.6231008
      0.2824989        3.5398363        0.5331042        0.2844482        0.9356218        1.1449676        1.5163280        1.6185749
      0.2831239        3.5320221        0.4930126        0.2836629        0.9330387        1.1418065        1.5121417        1.6141063
      0.2837489        3.5242423        0.3351220        0.2828874        0.9304878        1.1386848        1.5080075        1.6096933
      0.2843739        3.5164967        0.1752856        0.2821214        0.9279682        1.1356014        1.5039240        1.6053345
      0.2849989        3.5087851        0.0810908        0.2813646        0.9254789        1.1325551        1.4998897        1.6010281
      0.2856239        3.5011072        0.0440630        0.2806167        0.9230190        1.1295448        1.4959030        1.5967726
      0.2862489        3.4934629        0.0392802        0.2798775        0.9205876        1.1265694        1.4919625        1.5925664
      0.2868739        3.4858519        0.0554363        0.2791467        0.9181837        1.1236277        1.4880667        1.5884079
      0.2874989        3.4782739        0.0856027        0.2784240        0.9158065        1.1207186        1.4842140        1.5842955
      0.2881239        3.4707289        0.1120496        0.2777091        0.9134551        1.1178410        1.4804031        1.5802276
      0.2887489        3.4632165        0.1126979        0.2770018        0.9111285        1.1149938        1.4766325        1.5762027
      0.2893739        3.4557365        0.0860361        0.2763017        0.9088259        1.1121760        1.4729008        1.5722194
      0.2899989        3.4482888        0.0595104        0.2756087        0.9065464        1.1093865        1.4692066        1.5682760
      0.2906239        3.4408731        0.0722427        0.2749225        0.9042893        1.1066243        1.4655485        1.5643713
      0.2912489        3.4334893        0.1587029        0.2742428        0.9020536        1.1038884        1.4619252        1.5605037
      0.2918739        3.4261370        0.3084952        0.2735694        0.8998386        1.1011778        1.4583354        1.5566719
      0.2924989        3.4188162        0.4331704        0.2729021        0.8976436        1.0984917        1.4547780        1.5528746
      0.2931239        3.4115267        0.4604289        0.2722406        0.8954677        1.0958290        1.4512517        1.5491105
      0.2937489        3.4042681        0.4292182        0.2715847        0.8933104        1.0931889        1.4477554        1.5453784
      0.2943739        3.3970403        0.3961287        0.2709342        0.8911708        1.0905706        1.4442879        1.5416771
      0.2949989        3.3898432        0.3556654        0.2702890        0.8890485        1.0879734        1.4408482        1.5380055
      0.2956239        3.3826765        0.3021047        0.2696488        0.8869427        1.0853964        1.4374354        1.5343626
      0.2962489        3.3755401        0.2432485        0.2690134        0.8848528        1.0828390        1.4340485        1.5307473
      0.2968739        3.3684337        0.1880030        0.2683828        0.8827784        1.0803005        1.4306867        1.5271587
      0.2974989        3.3613571        0.1672913        0.2677566        0.8807190        1.0777802        1.4273490        1.5235960
      0.2981239        3.3543103        0.1845732        0.2671349        0.8786740        1.0752776        1.4240347        1.5200582
      0.2987489        3.3472929        0.1996253        0.2665174        0.8766430        1.0727922        1.4207431        1.5165447
      0.2993739        3.3403048        0.1983146        0.2659041        0.8746256        1.0703234        1.4174736        1.5130547
      0.2999989        3.3333458        0.1868134        0.2652948        0.8726214        1.0678708        1.4142255        1.5095876
      0.3006239        3.3264158        0.1604907        0.2646894        0.8706301        1.0654340        1.4109983        1.5061428
      0.3012489        3.3195145        0.1369380        0.2640879        0.8686515        1.0630126        1.4077916        1.5027198
      0.3018739        3.3126418        0.1379269        0.2634901        0.8666852        1.0606063        1.4046048        1.4993182
      0.3024989        3.3057975        0.1396728        0.2628959        0.8647309        1.0582148        1.4014377        1.4959375
      0.3031239        3.2989814        0.1146094        0.2623054        0.8627887        1.0558379        1.3982899        1.4925775
      0.3037489        3.2921934        0.0799972        0.2617185        0.8608581        1.0534754        1.3951612        1.4892377
      0.3043739        3.2854333        0.0630967        0.2611351        0.8589392        1.0511272        1.3920513        1.4859181
      0.3049989        3.2787008        0.0702802        0.2605553        0.8570318        1.0487930        1.3889601        1.4826185
      0.3056239        3.2719959        0.1004708        0.2599789        0.8551359        1.0464729        1.3858874        1.4793387
      0.3062489        3.2653184        0.1436709        0.2594059        0.8532514        1.0441668        1.3828333        1.4760786
      0.3068738        3.2586680        0.1729451        0.2588365        0.8513784        1.0418746        1.3797977        1.4728383
      0.3074988        3.2520447        0.1738411        0.2582705        0.8495168        1.0395965        1.3767807        1.4696178
      0.3081238        3.2454483        0.1607960        0.2577081        0.8476667        1.0373324        1.3737823        1.4664173
      0.3087488        3.2388785        0.1431366        0.2571491        0.8458281        1.0350825        1.3708026        1.4632367
      0.3093738        3.2323354        0.1141262        0.2565937        0.8440013        1.0328469        1.3678419        1.4600763
      0.3099988        3.2258185        0.0806384        0.2560419        0.8421862        1.0306257        1.3649003        1.4569363
      0.3106238        3.2193280        0.0686295        0.2554937        0.8403830        1.0284191        1.3619780        1.4538170
      0.3112488        3.2128635        0.0982002        0.2549492        0.8385920        1.0262273        1.3590753        1.4507186
      0.3118738        3.2064248        0.1554004        0.2544084        0.8368132        1.0240505        1.3561925        1.4476414
      0.3124988        3.2000120        0.1952912        0.2538714        0.8350469        1.0218890        1.3533300        1.4445858
      0.3131238        3.1936248        0.1941255        0.2533383        0.8332933        1.0197430        1.3504880        1.4415522
      0.3137488        3.1872629        0.1686468        0.2528091        0.8315527        1.0176129        1.3476669        1.4385409
      0.3143738        3.1809264        0.1330509        0.2522839        0.8298251        1.0154988        1.3448672        1.4355524
      0.3149988        3.1746151        0.0923390        0.2517627        0.8281110        1.0134012        1.3420892        1.4325870
      0.3156238        3.1683287        0.0739558        0.2512458        0.8264106        1.0113202        1.3393333        1.4296453
      0.3162488        3.1620672        0.1102324        0.2507330        0.8247240        1.0092564        1.3366000        1.4267277
      0.3168738        3.1558304        0.1862142        0.2502246        0.8230517        1.0072098        1.3338897        1.4238347
      0.3174988        3.1496181        0.2497086        0.2497206        0.8213939        1.0051811        1.3312029        1.4209667
      0.3181238        3.1434303        0.2827711        0.2492210        0.8197508        1.0031703        1.3285400        1.4181242
      0.3187488        3.1372667        0.3028953        0.2487261        0.8181227        1.0011779        1.3259014        1.4153077
      0.3193738        3.1311272        0.2951265        0.2482358        0.8165099        0.9992043        1.3232876        1.4125177
      0.3199988        3.1250117        0.2322900        0.2477502        0.8149127        0.9972497        1.3206991        1.4097546
      0.3206238        3.1189201        0.1467107        0.2472694        0.8133313        0.9953144        1.3181361        1.4070188
      0.3212488        3.1128521        0.1040498        0.2467935        0.8117659        0.9933989        1.3155993        1.4043109
      0.3218738        3.1068078        0.1344294        0.2463226        0.8102169        0.9915033        1.3130889        1.4016312
      0.3224988        3.1007868        0.2149205        0.2458567        0.8086845        0.9896280        1.3106053        1.3989802
      0.3231238        3.0947892        0.2869952        0.2453959        0.8071688        0.9877732        1.3081489        1.3963582
      0.3237488        3.0888147        0.2999225        0.2449403        0.8056702        0.9859392        1.3057201        1.3937656
      0.3243738        3.0828632        0.2535336        0.2444899        0.8041887        0.9841263        1.3033192        1.3912028
      0.3249988        3.0769346        0.1895677        0.2440448        0.8027247        0.9823346        1.3009464        1.3886700
      0.3256238        3.0710288        0.1412392        0.2436050        0.8012781        0.9805644        1.2986021        1.3861676
      0.3262488        3.0651456        0.1133850        0.2431706        0.7998493        0.9788159        1.2962864        1.3836958
      0.3268738        3.0592849        0.1264714        0.2427416        0.7984383        0.9770891        1.2939996        1.3812548
      0.3274988        3.0534466        0.2185111        0.2423181        0.7970451        0.9753843        1.2917418        1.3788448
      0.3281238        3.0476305        0.3485354        0.2419000        0.7956700        0.9737015        1.2895132        1.3764659
      0.3287488        3.0418365        0.3885749        0.2414874        0.7943130        0.9720408        1.2873139        1.3741183
      0.3293738        3.0360645        0.3007736        0.2410804        0.7929740        0.9704023        1.2851439        1.3718020
      0.3299988        3.0303144        0.2162156        0.2406788        0.7916532        0.9687859        1.2830033        1.3695170
      0.3306238        3.0245860        0.2387331        0.2402828        0.7903505        0.9671917        1.2808921        1.3672634
      0.3312488        3.0188792        0.2934805        0.2398922        0.7890659        0.9656197        1.2788101        1.3650411
      0.3318738        3.0131940        0.2647890        0.2395071        0.7877993        0.9640697        1.2767574        1.3628499
      0.3324988        3.0075301        0.1627430        0.2391275        0.7865506        0.9625416        1.2747338        1.3606898
      0.3331238        3.0018874        0.0744753        0.2387533        0.7853198        0.9610354        1.2727391        1.3585606
      0.3337487        2.9962659        0.0462582        0.2383845        0.7841068        0.9595510        1.2707731        1.3564621
      0.3343737        2.9906654        0.0617842        0.2380211        0.7829113        0.9580880        1.2688356        1.3543939
      0.3349987        2.9850858        0.0860476        0.2376629        0.7817332        0.9566463        1.2669263        1.3523559
      0.3356237        2.9795270        0.1129893        0.2373100        0.7805723        0.9552257        1.2650449        1.3503477
      0.3362487        2.9739888        0.1627070        0.2369622        0.7794285        0.9538259        1.2631911        1.3483688
      0.3368737        2.9684712        0.2495959        0.2366196        0.7783014        0.9524466        1.2613645        1.3464190
      0.3374987        2.9629741        0.3891165        0.2362819        0.7771908        0.9510875        1.2595645        1.3444977
      0.3381237        2.9574972        0.5533334        0.2359492        0.7760964        0.9497482        1.2577910        1.3426046
      0.3387487        2.9520406        0.6162880        0.2356214        0.7750180        0.9484285        1.2560432        1.3407389
      0.3393737        2.9466041        0.5008634        0.2352982        0.7739552        0.9471279        1.2543208        1.3389004
      0.3399987        2.9411875        0.3079724        0.2349798        0.7729077        0.9458461        1.2526231        1.3370883
      0.3406237        2.9357908        0.1790369        0.2346659        0.7718752        0.9445825        1.2509498        1.3353021
      0.3412487        2.9304139        0.1690021        0.2343564        0.7708573        0.9433369        1.2493001        1.3335412
      0.3418737        2.9250567        0.2675808        0.2340513        0.7698536        0.9421086        1.2476735        1.3318049
      0.3424987        2.9197190        0.4183548        0.2337504        0.7688638        0.9408974        1.2460694        1.3300926
      0.3431237        2.9144007        0.5573169        0.2334536        0.7678875        0.9397026        1.2444871        1.3284036
      0.3437487        2.9091018        0.6867284        0.2331607        0.7669243        0.9385239        1.2429261        1.3267373
      0.3443737        2.9038221        0.8370661        0.2328717        0.7659738        0.9373607        1.2413856        1.3250930
      0.3449987        2.8985616        0.9555093        0.2325865        0.7650355        0.9362125        1.2398650        1.3234699
      0.3456237        2.8933201        0.9754644        0.2323049        0.7641091        0.9350788        1.2383637        1.3218673
      0.3462487        2.8880975        0.9204412        0.2320267        0.7631942        0.9339592        1.2368809        1.3202845
      0.3468737        2.8828937        0.8092416        0.2317519        0.7622903        0.9328530        1.2354159        1.3187208
      0.3474987        2.8777086        0.6680074        0.2314803        0.7613970        0.9317599        1.2339682        1.3171754
      0.3481237        2.8725422        0.6013400        0.2312118        0.7605139        0.9306792        1.2325370        1.3156477
      0.3487487        2.8673943        0.6165236        0.2309463        0.7596406        0.9296105        1.2311217        1.3141369
      0.3493737        2.8622648        0.5869503        0.2306837        0.7587767        0.9285532        1.2297215        1.3126424
      0.3499987        2.8571536        0.4838637        0.2304237        0.7579216        0.9275069        1.2283358        1.3111632
      0.3506237        2.8520606        0.3989116        0.2301664        0.7570752        0.9264710        1.2269640        1.3096989
      0.3512487        2.8469858        0.3674528        0.2299115        0.7562369        0.9254451        1.2256053        1.3082487
      0.3518737        2.8419290        0.3425485        0.2296590        0.7554063        0.9244287        1.2242593        1.3068118
      0.3524987        2.8368901        0.3043299        0.2294087        0.7545830        0.9234213        1.2229251        1.3053876
      0.3531237        2.8318690        0.2827754        0.2291606        0.7537668        0.9224224        1.2216022        1.3039755
      0.3537487        2.8268657        0.2859795        0.2289144        0.7529571        0.9214315        1.2202900        1.3025748
      0.3543737        2.8218801        0.2942745        0.2286701        0.7521536        0.9204483        1.2189878        1.3011849
      0.3549987        2.8169120        0.3011095        0.2284276        0.7513560        0.9194722        1.2176952        1.2998051
      0.3556237        2.8119613        0.3107201        0.2281868        0.7505640        0.9185029        1.2164115        1.2984348
      0.3562487        2.8070281        0.3193951        0.2279476        0.7497770        0.9175399        1.2151361        1.2970735
      0.3568737        2.8021121        0.2956137        0.2277098        0.7489949        0.9165828        1.2138686        1.2957205
      0.3574987        2.7972133        0.2146088        0.2274734        0.7482173        0.9156312        1.2126084        1.2943753
      0.3581237        2.7923316        0.1223687        0.2272383        0.7474439        0.9146848        1.2113550        1.2930374
      0.3587487        2.7874669        0.0840184        0.2270043        0.7466744        0.9137431        1.2101079        1.2917062
      0.3593737        2.7826191        0.1160662        0.2267715        0.7459085        0.9128058        1.2088665        1.2903811
      0.3599987        2.7777882        0.2299964        0.2265396        0.7451459        0.9118725        1.2076306        1.2890618
      0.3606236        2.7729740        0.4256063        0.2263087        0.7443863        0.9109430        1.2063995        1.2877478
      0.3612486        2.7681765        0.6251942        0.2260786        0.7436294        0.9100168        1.2051729        1.2864385
      0.3618736        2.7633955        0.7587433        0.2258493        0.7428751        0.9090936        1.2039504        1.2851335
      0.3624986        2.7586310        0.8369152        0.2256206        0.7421230        0.9081732        1.2027315        1.2838324
      0.3631236        2.7538830        0.8338098        0.2253926        0.7413728        0.9072553        1.2015158        1.2825347
      0.3637486        2.7491512        0.7106050        0.2251650        0.7406245        0.9063395        1.2003029        1.2812401
      0.3643736        2.7444357        0.5506906        0.2249380        0.7398777        0.9054256        1.1990926        1.2799481
      0.3649986        2.7397363        0.4499005        0.2247113        0.7391322        0.9045133        1.1978844        1.2786585
      0.3656236        2.7350530        0.4027457        0.2244850        0.7383878        0.9036023        1.1966780        1.2773707
      0.3662486        2.7303857        0.3888232        0.2242590        0.7376443        0.9026925        1.1954730        1.2760845
      0.3668736        2.7257342        0.4376362        0.2240332        0.7369015        0.9017835        1.1942692        1.2747995
      0.3674986        2.7210986        0.5483488        0.2238075        0.7361592        0.9008751        1.1930662        1.2735154
      0.3681236        2.7164788        0.5874410        0.2235819        0.7354172        0.8999671        1.1918637        1.2722318
      0.3687486        2.7118746        0.4468976        0.2233564        0.7346754        0.8990593        1.1906614        1.2709485
      0.3693736        2.7072860        0.2438559        0.2231308        0.7339335        0.8981514        1.1894591        1.2696651
      0.3699986        2.7027128        0.1291210        0.2229052        0.7331915        0.8972433        1.1882565        1.2683813
      0.3706236        2.6981551        0.0931845        0.2226795        0.7324490        0.8963348        1.1870533        1.2670970
      0.3712486        2.6936128        0.0951317        0.2224537        0.7317061        0.8954256        1.1858492        1.2658117
      0.3718736        2.6890857        0.1508002        0.2222276        0.7309625        0.8945156        1.1846440        1.2645253
      0.3724986        2.6845738        0.2545889        0.2220013        0.7302180        0.8936046        1.1834375        1.2632374
      0.3731236        2.6800771        0.3362800        0.2217746        0.7294726        0.8926924        1.1822295        1.2619479
      0.3737486        2.6755953        0.3302637        0.2215477        0.7287261        0.8917788        1.1810196        1.2606565
      0.3743736        2.6711285        0.2606367        0.2213203        0.7279783        0.8908638        1.1798078        1.2593629
      0.3749986        2.6666767        0.1989224        0.2210926        0.7272292        0.8899470        1.1785937        1.2580670
      0.3756236        2.6622396        0.1613825        0.2208644        0.7264786        0.8890285        1.1773773        1.2567685
      0.3762486        2.6578173        0.1206254        0.2206357        0.7257264        0.8881080        1.1761582        1.2554673
      0.3768736        2.6534096        0.0808598        0.2204065        0.7249725        0.8871854        1.1749364        1.2541631
      0.3774986        2.6490166        0.0715027        0.2201768        0.7242168        0.8862606        1.1737116        1.2528557
      0.3781236        2.6446380        0.0897113        0.2199464        0.7234591        0.8853334        1.1724837        1.2515450
      0.3787486        2.6402739        0.1084785        0.2197155        0.7226994        0.8844037        1.1712525        1.2502307
      0.3793736        2.6359242        0.1421853        0.2194839        0.7219376        0.8834715        1.1700179        1.2489129
      0.3799986        2.6315888        0.2315275        0.2192516        0.7211736        0.8825365        1.1687796        1.2475912
      0.3806236        2.6272677        0.3422171        0.2190186        0.7204073        0.8815987        1.1675377        1.2462655
      0.3812486        2.6229607        0.3782255        0.2187849        0.7196387        0.8806581        1.1662920        1.2449358
      0.3818736        2.6186678        0.3150027        0.2185505        0.7188676        0.8797145        1.1650423        1.2436018
      0.3824986        2.6143889        0.2227958        0.2183153        0.7180940        0.8787678        1.1637886        1.2422635
      0.3831236        2.6101240        0.1669932        0.2180793        0.7173178        0.8778179        1.1625307        1.2409208
      0.3837486        2.6058730        0.1529288        0.2178426        0.7165391        0.8768649        1.1612686        1.2395736
      0.3843736        2.6016358        0.1475917        0.2176050        0.7157576        0.8759087        1.1600021        1.2382218
      0.3849986        2.5974123        0.1227700        0.2173666        0.7149735        0.8749491        1.1587314        1.2368653
      0.3856236        2.5932026        0.0828627        0.2171274        0.7141867        0.8739862        1.1574561        1.2355041
      0.3862486        2.5890065        0.0528559        0.2168873        0.7133971        0.8730199        1.1561764        1.2341381
      0.3868735        2.5848239        0.0465561        0.2166464        0.7126047        0.8720502        1.1548923        1.2327673
      0.3874985        2.5806548        0.0574093        0.2164047        0.7118095        0.8710771        1.1536035        1.2313917
      0.3881235        2.5764992        0.0701194        0.2161621        0.7110115        0.8701006        1.1523103        1.2300112
      0.3887485        2.5723569        0.0844798        0.2159186        0.7102107        0.8691206        1.1510124        1.2286259
      0.3893735        2.5682279        0.1327561        0.2156743        0.7094071        0.8681372        1.1497101        1.2272357
      0.3899985        2.5641122        0.2204685        0.2154292        0.7086007        0.8671504        1.1484032        1.2258407
      0.3906235        2.5600096        0.2701203        0.2151832        0.7077916        0.8661602        1.1470918        1.2244409
      0.3912485        2.5559201        0.2416784        0.2149363        0.7069797        0.8651666        1.1457760        1.2230364
      0.3918735        2.5518437        0.2264804        0.2146886        0.7061650        0.8641697        1.1444557        1.2216271
      0.3924985        2.5477803        0.2748182        0.2144402        0.7053477        0.8631695        1.1431311        1.2202131
      0.3931235        2.5437297        0.2922226        0.2141909        0.7045277        0.8621660        1.1418022        1.2187946
      0.3937485        2.5396921        0.2298044        0.2139408        0.7037051        0.8611594        1.1404690        1.2173716
      0.3943735        2.5356672        0.1884951        0.2136899        0.7028799        0.8601496        1.1391318        1.2159441
      0.3949985        2.5316551        0.2807813        0.2134383        0.7020523        0.8591367        1.1377904        1.2145123
      0.3956235        2.5276556        0.5118742        0.2131859        0.7012222        0.8581209        1.1364451        1.2130762
      0.3962485        2.5236688        0.7504066        0.2129328        0.7003897        0.8571021        1.1350959        1.2116361
      0.3968735        2.5196945        0.8200509        0.2126790        0.6995549        0.8560805        1.1337429        1.2101919
      0.3974985        2.5157327        0.7133016        0.2124245        0.6987178        0.8550561        1.1323863        1.2087438
      0.3981235        2.5117834        0.5854684        0.2121694        0.6978785        0.8540291        1.1310261        1.2072919
      0.3987485        2.5078464        0.5156786        0.2119136        0.6970371        0.8529995        1.1296625        1.2058364
      0.3993735        2.5039218        0.4593060        0.2116572        0.6961937        0.8519674        1.1282957        1.2043773
      0.3999985        2.5000094        0.3742293        0.2114002        0.6953484        0.8509329        1.1269256        1.2029149
      0.4006235        2.4961092        0.2702967        0.2111426        0.6945011        0.8498960        1.1255525        1.2014492
      0.4012485        2.4922212        0.1860306        0.2108845        0.6936521        0.8488570        1.1241765        1.1999804
      0.4018735        2.4883453        0.1421542        0.2106258        0.6928013        0.8478159        1.1227977        1.1985087
      0.4024985        2.4844814        0.1343039        0.2103667        0.6919489        0.8467728        1.1214163        1.1970341
      0.4031235        2.4806295        0.1554657        0.2101071        0.6910950        0.8457277        1.1200323        1.1955567
      0.4037485        2.4767895        0.1829623        0.2098470        0.6902395        0.8446809        1.1186459        1.1940769
      0.4043735        2.4729614        0.2111727        0.2095865        0.6893827        0.8436323        1.1172572        1.1925945
      0.4049985        2.4691451        0.2666311        0.2093256        0.6885245        0.8425821        1.1158663        1.1911099
      0.4056235        2.4653405        0.3198919        0.2090643        0.6876650        0.8415303        1.1144734        1.1896230
      0.4062485        2.4615477        0.3058520        0.2088026        0.6868043        0.8404770        1.1130785        1.1881341
      0.4068735        2.4577665        0.2325570        0.2085406        0.6859425        0.8394224        1.1116818        1.1866432
      0.4074985        2.4539969        0.1621045        0.2082783        0.6850796        0.8383664        1.1102834        1.1851505
      0.4081235        2.4502389        0.1435095        0.2080156        0.6842157        0.8373092        1.1088833        1.1836559
      0.4087485        2.4464924        0.1787408        0.2077527        0.6833508        0.8362508        1.1074816        1.1821597
      0.4093735        2.4427573        0.2158495        0.2074894        0.6824850        0.8351913        1.1060784        1.1806619
      0.4099985        2.4390335        0.2177083        0.2072259        0.6816183        0.8341306        1.1046738        1.1791626
      0.4106235        2.4353212        0.2102925        0.2069622        0.6807507        0.8330690        1.1032678        1.1776618
      0.4112485        2.4316201        0.2200717        0.2066982        0.6798824        0.8320063        1.1018604        1.1761595
      0.4118735        2.4279302        0.2264126        0.2064339        0.6790132        0.8309426        1.1004518        1.1746559
      0.4124985        2.4242515        0.2053995        0.2061694        0.6781432        0.8298780        1.0990418        1.1731509
      0.4131235        2.4205840        0.1710127        0.2059047        0.6772724        0.8288124        1.0976306        1.1716445
      0.4137484        2.4169275        0.1507158        0.2056397        0.6764009        0.8277458        1.0962181        1.1701367
      0.4143734        2.4132821        0.1436420        0.2053745        0.6755285        0.8266783        1.0948043        1.1686276
      0.4149984        2.4096476        0.1321247        0.2051091        0.6746553        0.8256097        1.0933891        1.1671170
      0.4156234        2.4060241        0.1206338        0.2048433        0.6737813        0.8245401        1.0919726        1.1656050
      0.4162484        2.4024114        0.1219285        0.2045773        0.6729064        0.8234694        1.0905547        1.1640914
      0.4168734        2.3988096        0.1319920        0.2043111        0.6720305        0.8223976        1.0891352        1.1625762
      0.4174984        2.3952186        0.1565070        0.2040445        0.6711537        0.8213245        1.0877141        1.1610593
      0.4181234        2.3916383        0.2070851        0.2037776        0.6702757        0.8202502        1.0862913        1.1595406
      0.4187484        2.3880687        0.2700837        0.2035103        0.6693967        0.8191745        1.0848667        1.1580199
      0.4193734        2.3845097        0.3491582        0.2032427        0.6685164        0.8180972        1.0834400        1.1564971
      0.4199984        2.3809613        0.4574188        0.2029747        0.6676348        0.8170184        1.0820113        1.1549720
      0.4206234        2.3774235        0.5307440        0.2027062        0.6667518        0.8159378        1.0805802        1.1534444
      0.4212484        2.3738961        0.5051804        0.2024373        0.6658672        0.8148553        1.0791466        1.1519141
      0.4218734        2.3703793        0.4223395        0.2021679        0.6649810        0.8137708        1.0777103        1.1503810
      0.4224984        2.3668728        0.3294683        0.2018979        0.6640930        0.8126840        1.0762711        1.1488447
      0.4231234        2.3633767        0.2314383        0.2016273        0.6632029        0.8115949        1.0748287        1.1473050
      0.4237484        2.3598909        0.1564954        0.2013561        0.6623108        0.8105031        1.0733828        1.1457617
      0.4243734        2.3564153        0.1223180        0.2010842        0.6614164        0.8094086        1.0719333        1.1442144
      0.4249984        2.3529500        0.1137237        0.2008115        0.6605195        0.8083110        1.0704797        1.1426628
      0.4256234        2.3494949        0.1279650        0.2005380        0.6596200        0.8072102        1.0690219        1.1411067
      0.4262484        2.3460499        0.1596589        0.2002637        0.6587176        0.8061059        1.0675594        1.1395456
      0.4268734        2.3426149        0.1862772        0.1999884        0.6578121        0.8049978        1.0660920        1.1379792
      0.4274984        2.3391901        0.1936456        0.1997121        0.6569034        0.8038858        1.0646193        1.1364072
      0.4281234        2.3357752        0.1884276        0.1994348        0.6559912        0.8027695        1.0631409        1.1348291
      0.4287484        2.3323703        0.2029402        0.1991563        0.6550753        0.8016486        1.0616565        1.1332446
      0.4293734        2.3289753        0.2624474        0.1988766        0.6541554        0.8005229        1.0601656        1.1316532
      0.4299984        2.3255901        0.3273248        0.1985957        0.6532313        0.7993920        1.0586679        1.1300546
      0.4306234        2.3222148        0.3205014        0.1983134        0.6523027        0.7982557        1.0571631        1.1284482
      0.4312484        2.3188493        0.2435174        0.1980297        0.6513694        0.7971136        1.0556506        1.1268337
      0.4318734        2.3154935        0.1933101        0.1977444        0.6504312        0.7959655        1.0541300        1.1252107
      0.4324984        2.3121474        0.2135535        0.1974576        0.6494878        0.7948109        1.0526010        1.1235786
      0.4331234        2.3088110        0.2418570        0.1971691        0.6485389        0.7936497        1.0510632        1.1219370
      0.4337484        2.3054841        0.2372316        0.1968789        0.6475842        0.7924814        1.0495159        1.1202854
      0.4343734        2.3021669        0.2184297        0.1965868        0.6466235        0.7913058        1.0479590        1.1186235
      0.4349984        2.2988592        0.1939889        0.1962928        0.6456565        0.7901224        1.0463919        1.1169507
      0.4356234        2.2955610        0.1701542        0.1959969        0.6446830        0.7889311        1.0448142        1.1152666
      0.4362484        2.2922722        0.1658718        0.1956988        0.6437027        0.7877315        1.0432254        1.1135707
      0.4368734        2.2889928        0.1736405        0.1953987        0.6427154        0.7865232        1.0416253        1.1118627
      0.4374984        2.2857229        0.1763029        0.1950963        0.6417207        0.7853060        1.0400133        1.1101420
      0.4381234        2.2824622        0.1760677        0.1947916        0.6407185        0.7840795        1.0383890        1.1084082
      0.4387484        2.2792108        0.1693605        0.1944845        0.6397085        0.7828436        1.0367522        1.1066610
      0.4393734        2.2759687        0.1542285        0.1941750        0.6386905        0.7815978        1.0351023        1.1048999
      0.4399984        2.2727358        0.1441944        0.1938630        0.6376643        0.7803419        1.0334391        1.1031245
      0.4406233        2.2695121        0.1328772        0.1935485        0.6366296        0.7790757        1.0317622        1.1013346
      0.4412483        2.2662975        0.1039962        0.1932313        0.6355862        0.7777989        1.0300713        1.0995296
      0.4418733        2.2630919        0.0823506        0.1929114        0.6345341        0.7765113        1.0283661        1.0977094
      0.4424983        2.2598955        0.1109089        0.1925887        0.6334729        0.7752127        1.0266462        1.0958736
      0.4431233        2.2567080        0.1725199        0.1922633        0.6324025        0.7739028        1.0249116        1.0940220
      0.4437483        2.2535296        0.1917383        0.1919351        0.6313228        0.7725816        1.0231618        1.0921542
      0.4443733        2.2503601        0.1431887        0.1916040        0.6302337        0.7712488        1.0213967        1.0902701
      0.4449983        2.2471994        0.0999040        0.1912700        0.6291351        0.7699043        1.0196161        1.0883695
      0.4456233        2.2440477        0.1439504        0.1909330        0.6280268        0.7685480        1.0178199        1.0864521
      0.4462483        2.2409048        0.2610929        0.1905931        0.6269087        0.7671798        1.0160080        1.0845180
      0.4468733        2.2377706        0.3543744        0.1902502        0.6257809        0.7657996        1.0141802        1.0825670
      0.4474983        2.2346453        0.3918658        0.1899044        0.6246433        0.7644074        1.0123365        1.0805989
      0.4481233        2.2315286        0.4334147        0.1895555        0.6234958        0.7630032        1.0104768        1.0786138
      0.4487483        2.2284206        0.4571506        0.1892037        0.6223385        0.7615869        1.0086011        1.0766117
      0.4493733        2.2253213        0.3764334        0.1888488        0.6211713        0.7601587        1.0067096        1.0745926
      0.4499983        2.2222306        0.2266131        0.1884910        0.6199944        0.7587184        1.0048022        1.0725566
      0.4506233        2.2191484        0.1229442        0.1881303        0.6188078        0.7572662        1.0028790        1.0705038
      0.4512483        2.2160748        0.1049276        0.1877666        0.6176115        0.7558022        1.0009402        1.0684342
      0.4518733        2.2130097        0.1314564        0.1873999        0.6164056        0.7543266        0.9989860        1.0663482
      0.4524983        2.2099530        0.1599781        0.1870305        0.6151903        0.7528394        0.9970164        1.0642458
      0.4531233        2.2069048        0.1888962        0.1866582        0.6139657        0.7513408        0.9950318        1.0621273
      0.4537483        2.2038650        0.2287522        0.1862831        0.6127320        0.7498310        0.9930323        1.0599931
      0.4543733        2.2008336        0.2596375        0.1859053        0.6114893        0.7483103        0.9910183        1.0578433
      0.4549983        2.1978104        0.2580992        0.1855248        0.6102378        0.7467788        0.9889901        1.0556783
      0.4556233        2.1947956        0.2311291        0.1851417        0.6089778        0.7452368        0.9869480        1.0534985
      0.4562483        2.1917890        0.1925515        0.1847561        0.6077094        0.7436846        0.9848923        1.0513042
      0.4568733        2.1887907        0.1582651        0.1843680        0.6064329        0.7421225        0.9828235        1.0490959
      0.4574983        2.1858005        0.1534168        0.1839776        0.6051485        0.7405507        0.9807420        1.0468740
      0.4581233        2.1828186        0.1863297        0.1835848        0.6038565        0.7389697        0.9786481        1.0446390
      0.4587483        2.1798447        0.2360513        0.1831898        0.6025572        0.7373797        0.9765424        1.0423913
      0.4593733        2.1768789        0.2587266        0.1827926        0.6012509        0.7357811        0.9744253        1.0401314
      0.4599983        2.1739212        0.2336103        0.1823934        0.5999379        0.7341742        0.9722973        1.0378599
      0.4606233        2.1709715        0.1962791        0.1819923        0.5986184        0.7325596        0.9701590        1.0355774
      0.4612483        2.1680298        0.1684835        0.1815893        0.5972929        0.7309374        0.9680107        1.0332843
      0.4618733        2.1650961        0.1447270        0.1811846        0.5959616        0.7293082        0.9658531        1.0309812
      0.4624983        2.1621703        0.1522649        0.1807782        0.5946249        0.7276724        0.9636868        1.0286687
      0.4631233        2.1592524        0.2001117        0.1803702        0.5932831        0.7260304        0.9615122        1.0263475
      0.4637483        2.1563423        0.2641812        0.1799609        0.5919366        0.7243826        0.9593299        1.0240181
      0.4643733        2.1534401        0.3708605        0.1795502        0.5905857        0.7227295        0.9571406        1.0216811
      0.4649983        2.1505457        0.5136931        0.1791382        0.5892308        0.7210714        0.9549447        1.0193372
      0.4656233        2.1476591        0.5572540        0.1787252        0.5878723        0.7194089        0.9527430        1.0169870
      0.4662483        2.1447802        0.4376903        0.1783112        0.5865104        0.7177424        0.9505359        1.0146312
      0.4668732        2.1419090        0.2909494        0.1778963        0.5851457        0.7160723        0.9483242        1.0122703
      0.4674982        2.1390455        0.2285901        0.1774806        0.5837785        0.7143991        0.9461083        1.0099050
      0.4681232        2.1361896        0.2133262        0.1770643        0.5824091        0.7127233        0.9438890        1.0075360
      0.4687482        2.1333413        0.1989729        0.1766474        0.5810379        0.7110453        0.9416668        1.0051639
      0.4693732        2.1305007        0.1850343        0.1762301        0.5796653        0.7093656        0.9394423        1.0027895
      0.4699982        2.1276676        0.1605911        0.1758125        0.5782917        0.7076847        0.9372162        1.0004132
      0.4706232        2.1248420        0.1210965        0.1753948        0.5769175        0.7060030        0.9349890        0.9980359
      0.4712482        2.1220239        0.0956676        0.1749769        0.5755430        0.7043210        0.9327615        0.9956582
      0.4718732        2.1192132        0.1006453        0.1745591        0.5741687        0.7026392        0.9305342        0.9932807
      0.4724982        2.1164101        0.1142402        0.1741414        0.5727949        0.7009580        0.9283077        0.9909041
      0.4731232        2.1136143        0.1214862        0.1737240        0.5714221        0.6992780        0.9260828        0.9885291
      0.4737482        2.1108259        0.1406291        0.1733071        0.5700505        0.6975995        0.9238600        0.9861564
      0.4743732        2.1080448        0.1843332        0.1728906        0.5686807        0.6959232        0.9216399        0.9837867
      0.4749982        2.1052711        0.2246144        0.1724748        0.5673130        0.6942494        0.9194233        0.9814206
      0.4756232        2.1025046        0.2312712        0.1720597        0.5659477        0.6925788        0.9172107        0.9790588
      0.4762482        2.0997454        0.2166163        0.1716456        0.5645854        0.6909116        0.9150029        0.9767021
      0.4768732        2.0969934        0.2074988        0.1712324        0.5632265        0.6892486        0.9128005        0.9743512
      0.4774982        2.0942487        0.2105753        0.1708204        0.5618713        0.6875902        0.9106041        0.9720067
      0.4781232        2.0915111        0.2136110        0.1704096        0.5605202        0.6859368        0.9084146        0.9696695
      0.4787482        2.0887807        0.1949741        0.1700003        0.5591738        0.6842891        0.9062324        0.9673402
      0.4793732        2.0860574        0.1480836        0.1695925        0.5578324        0.6826476        0.9040585        0.9650197
      0.4799982        2.0833411        0.1067742        0.1691863        0.5564965        0.6810127        0.9018934        0.9627086
      0.4806232        2.0806320        0.1320462        0.1687820        0.5551665        0.6793852        0.8997379        0.9604078
      0.4812482        2.0779299        0.2356482        0.1683796        0.5538429        0.6777655        0.8975929        0.9581181
      0.4818732        2.0752348        0.3210160        0.1679793        0.5525262        0.6761541        0.8954589        0.9558403
      0.4824982        2.0725466        0.2912794        0.1675812        0.5512168        0.6745518        0.8933369        0.9535751
      0.4831232        2.0698655        0.1852982        0.1671855        0.5499153        0.6729591        0.8912276        0.9513236
      0.4837482        2.0671912        0.1049176        0.1667924        0.5486221        0.6713765        0.8891318        0.9490865
      0.4843732        2.0645239        0.0834238        0.1664019        0.5473378        0.6698048        0.8870503        0.9468646
      0.4849982        2.0618634        0.0916878        0.1660143        0.5460629        0.6682446        0.8849841        0.9446591
      0.4856232        2.0592098        0.1094451        0.1656297        0.5447978        0.6666966        0.8829339        0.9424706
      0.4862482        2.0565630        0.1548993        0.1652483        0.5435433        0.6651613        0.8809006        0.9403003
      0.4868732        2.0539230        0.2317221        0.1648702        0.5422997        0.6636395        0.8788852        0.9381490
      0.4874982        2.0512897        0.2731955        0.1644957        0.5410677        0.6621318        0.8768886        0.9360177
      0.4881232        2.0486633        0.2209771        0.1641248        0.5398479        0.6606391        0.8749117        0.9339075
      0.4887482        2.0460435        0.1248632        0.1637579        0.5386408        0.6591619        0.8729554        0.9318193
      0.4893732        2.0434304        0.0705474        0.1633949        0.5374471        0.6577011        0.8710208        0.9297542
      0.4899982        2.0408240        0.0675222        0.1630363        0.5362673        0.6562573        0.8691088        0.9277133
      0.4906232        2.0382242        0.0772456        0.1626820        0.5351021        0.6548314        0.8672203        0.9256975
      0.4912482        2.0356310        0.0813681        0.1623324        0.5339520        0.6534240        0.8653565        0.9237080
      0.4918732        2.0330445        0.0822009        0.1619875        0.5328178        0.6520360        0.8635183        0.9217458
      0.4924982        2.0304645        0.0916410        0.1616477        0.5317000        0.6506681        0.8617067        0.9198121
      0.4931232        2.0278910        0.1305851        0.1613131        0.5305993        0.6493211        0.8599228        0.9179079
      0.4937481        2.0253241        0.2032254        0.1609838        0.5295163        0.6479958        0.8581676        0.9160344
      0.4943731        2.0227636        0.2756641        0.1606601        0.5284516        0.6466929        0.8564422        0.9141926
      0.4949981        2.0202096        0.2962054        0.1603422        0.5274060        0.6454133        0.8547475        0.9123837
      0.4956231        2.0176620        0.2441321        0.1600303        0.5263799        0.6441576        0.8530846        0.9106086
      0.4962481        2.0151209        0.1561857        0.1597245        0.5253741        0.6429268        0.8514546        0.9088687
      0.4968731        2.0125862        0.0888001        0.1594251        0.5243892        0.6417215        0.8498583        0.9071648
      0.4974981        2.0100578        0.0656082        0.1591322        0.5234258        0.6405425        0.8482969        0.9054981
      0.4981231        2.0075358        0.0771598        0.1588460        0.5224844        0.6393905        0.8467713        0.9038696
      0.4987481        2.0050201        0.1103449        0.1585667        0.5215658        0.6382663        0.8452825        0.9022804
      0.4993731        2.0025106        0.1519133        0.1582945        0.5206704        0.6371705        0.8438314        0.9007314
      0.4999981        2.0000075        0.1765727        0.1580295        0.5197988        0.6361040        0.8424188        0.8992237
      0.5006231        1.9975106        0.1671105        0.1577719        0.5189516        0.6350672        0.8410458        0.8977581
      0.5012481        1.9950200        0.1342101        0.1575219        0.5181293        0.6340609        0.8397132        0.8963355
      0.5018731        1.9925355        0.1065023        0.1572797        0.5173324        0.6330858        0.8384217        0.8949570
      0.5024981        1.9900572        0.1204276        0.1570453        0.5165614        0.6321422        0.8371721        0.8936232
      0.5031231        1.9875851        0.1813555        0.1568189        0.5158167        0.6312309        0.8359653        0.8923349
      0.5037481        1.9851191        0.2402534        0.1566006        0.5150988        0.6303524        0.8348018        0.8910929
      0.5043731        1.9826592        0.2611286        0.1563906        0.5144080        0.6295070        0.8336822        0.8898979
      0.5049981        1.9802054        0.2487460        0.1561890        0.5137448        0.6286954        0.8326073        0.8887505
      0.5056231        1.9777577        0.2025943        0.1559958        0.5131094        0.6279178        0.8315775        0.8876513
      0.5062481        1.9753160        0.1316066        0.1558111        0.5125021        0.6271746        0.8305933        0.8866007
      0.5068731        1.9728804        0.0725172        0.1556352        0.5119232        0.6264662        0.8296552        0.8855993
      0.5074981        1.9704507        0.0483484        0.1554679        0.5113729        0.6257928        0.8287634        0.8846474
      0.5081231        1.9680271        0.0545406        0.1553093        0.5108515        0.6251547        0.8279183        0.8837453
      0.5087481        1.9656093        0.0773638        0.1551596        0.5103590        0.6245520        0.8271201        0.8828933
      0.5093731        1.9631975        0.1037819        0.1550187        0.5098956        0.6239849        0.8263690        0.8820916
      0.5099981        1.9607917        0.1308878        0.1548867        0.5094613        0.6234534        0.8256652        0.8813403
      0.5106231        1.9583917        0.1657024        0.1547635        0.5090561        0.6229576        0.8250085        0.8806394
      0.5112481        1.9559976        0.2009919        0.1546492        0.5086801        0.6224974        0.8243991        0.8799889
      0.5118731        1.9536093        0.2068720        0.1545437        0.5083331        0.6220729        0.8238369        0.8793887
      0.5124981        1.9512268        0.1858512        0.1544470        0.5080152        0.6216838        0.8233216        0.8788387
      0.5131231        1.9488502        0.2072101        0.1543591        0.5077261        0.6213300        0.8228531        0.8783385
      0.5137481        1.9464793        0.3303211        0.1542800        0.5074657        0.6210113        0.8224310        0.8778880
      0.5143731        1.9441142        0.5277738        0.1542094        0.5072337        0.6207274        0.8220550        0.8774867
      0.5149981        1.9417549        0.6993151        0.1541475        0.5070299        0.6204780        0.8217248        0.8771342
      0.5156231        1.9394012        0.7379731        0.1540940        0.5068540        0.6202628        0.8214397        0.8768299
      0.5162481        1.9370533        0.6200818        0.1540489        0.5067057        0.6200813        0.8211994        0.8765733
      0.5168731        1.9347110        0.4240857        0.1540121        0.5065846        0.6199331        0.8210031        0.8763638
      0.5174981        1.9323744        0.2402681        0.1539834        0.5064903        0.6198177        0.8208503        0.8762007
      0.5181231        1.9300434        0.1141928        0.1539628        0.5064224        0.6197346        0.8207402        0.8760832
      0.5187481        1.9277181        0.0577571        0.1539500        0.5063804        0.6196832        0.8206721        0.8760105
      0.5193731        1.9253983        0.0529085        0.1539450        0.5063638        0.6196629        0.8206452        0.8759818
      0.5199981        1.9230841        0.0627655        0.1539475        0.5063721        0.6196730        0.8206587        0.8759962
      0.5206230        1.9207755        0.0608700        0.1539574        0.5064047        0.6197130        0.8207115        0.8760526
      0.5212480        1.9184724        0.0468219        0.1539746        0.5064611        0.6197820        0.8208030        0.8761502
      0.5218730        1.9161749        0.0389480        0.1539988        0.5065407        0.6198794        0.8209319        0.8762879
      0.5224980        1.9138828        0.0528281        0.1540298        0.5066429        0.6200044        0.8210975        0.8764646
      0.5231230        1.9115962        0.0844724        0.1540675        0.5067669        0.6201562        0.8212986        0.8766792
      0.5237480        1.9093150        0.1243332        0.1541117        0.5069123        0.6203341        0.8215341        0.8769307
      0.5243730        1.9070393        0.1900063        0.1541622        0.5070783        0.6205372        0.8218031        0.8772178
      0.5249980        1.9047690        0.2935987        0.1542187        0.5072642        0.6207647        0.8221045        0.8775394
      0.5256230        1.9025042        0.3798467        0.1542811        0.5074694        0.6210158        0.8224370        0.8778944
      0.5262480        1.9002447        0.3840555        0.1543491        0.5076931        0.6212896        0.8227996        0.8782814
      0.5268730        1.8979905        0.3163650        0.1544226        0.5079347        0.6215853        0.8231911        0.8786994
      0.5274980        1.8957417        0.2340358        0.1545012        0.5081934        0.6219019        0.8236105        0.8791470
      0.5281230        1.8934982        0.1829669        0.1545849        0.5084687        0.6222387        0.8240565        0.8796231
      0.5287480        1.8912600        0.1628392        0.1546734        0.5087596        0.6225947        0.8245280        0.8801264
      0.5293730        1.8890272        0.1512930        0.1547664        0.5090656        0.6229692        0.8250239        0.8806557
      0.5299980        1.8867995        0.1662234        0.1548637        0.5093859        0.6233611        0.8255430        0.8812098
      0.5306230        1.8845771        0.2289363        0.1549653        0.5097197        0.6237697        0.8260841        0.8817874
      0.5312480        1.8823600        0.2952847        0.1550707        0.5100666        0.6241941        0.8266462        0.8823874
      0.5318730        1.8801481        0.3095044        0.1551798        0.5104256        0.6246335        0.8272280        0.8830085
      0.5324980        1.8779413        0.2746199        0.1552925        0.5107961        0.6250869        0.8278285        0.8836495
      0.5331230        1.8757397        0.2167370        0.1554084        0.5111775        0.6255536        0.8284466        0.8843092
      0.5337480        1.8735433        0.1537201        0.1555275        0.5115690        0.6260327        0.8290811        0.8849865
      0.5343730        1.8713520        0.1131391        0.1556494        0.5119700        0.6265234        0.8297309        0.8856802
      0.5349980        1.8691659        0.1042136        0.1557740        0.5123798        0.6270249        0.8303951        0.8863891
      0.5356230        1.8669848        0.1018648        0.1559010        0.5127977        0.6275364        0.8310725        0.8871122
      0.5362480        1.8648089        0.0905800        0.1560304        0.5132232        0.6280571        0.8317620        0.8878483
      0.5368730        1.8626380        0.0803420        0.1561618        0.5136556        0.6285862        0.8324627        0.8885962
      0.5374980        1.8604721        0.1031853        0.1562952        0.5140942        0.6291229        0.8331736        0.8893550
      0.5381230        1.8583113        0.1813088        0.1564302        0.5145384        0.6296666        0.8338935        0.8901235
      0.5387480        1.8561555        0.2562485        0.1565668        0.5149876        0.6302163        0.8346216        0.8909006
      0.5393730        1.8540046        0.2436012        0.1567047        0.5154413        0.6307715        0.8353568        0.8916854
      0.5399980        1.8518588        0.1682393        0.1568438        0.5158988        0.6313313        0.8360982        0.8924768
      0.5406230        1.8497179        0.1232263        0.1569839        0.5163594        0.6318950        0.8368448        0.8932737
      0.5412480        1.8475820        0.1305885        0.1571247        0.5168227        0.6324620        0.8375957        0.8940752
      0.5418730        1.8454510        0.1396489        0.1572662        0.5172881        0.6330315        0.8383499        0.8948803
      0.5424980        1.8433249        0.1266832        0.1574081        0.5177550        0.6336028        0.8391065        0.8956879
      0.5431230        1.8412037        0.1189714        0.1575503        0.5182227        0.6341752        0.8398646        0.8964971
      0.5437480        1.8390874        0.1244984        0.1576927        0.5186908        0.6347481        0.8406232        0.8973069
      0.5443730        1.8369759        0.1214488        0.1578349        0.5191587        0.6353207        0.8413815        0.8981164
      0.5449980        1.8348693        0.1132014        0.1579769        0.5196259        0.6358924        0.8421386        0.8989245
      0.5456230        1.8327675        0.1209905        0.1581186        0.5200917        0.6364624        0.8428936        0.8997304
      0.5462480        1.8306705        0.1595423        0.1582596        0.5205557        0.6370302        0.8436455        0.9005330
      0.5468729        1.8285783        0.2286298        0.1583999        0.5210172        0.6375950        0.8443935        0.9013315
      0.5474979        1.8264909        0.2839737        0.1585393        0.5214758        0.6381562        0.8451367        0.9021248
      0.5481229        1.8244082        0.2897535        0.1586777        0.5219309        0.6387131        0.8458742        0.9029120
      0.5487479        1.8223303        0.2997841        0.1588148        0.5223819        0.6392650        0.8466051        0.9036922
      0.5493729        1.8202571        0.3814999        0.1589505        0.5228283        0.6398113        0.8473286        0.9044645
      0.5499979        1.8181886        0.4942309        0.1590847        0.5232695        0.6403512        0.8480437        0.9052278
      0.5506229        1.8161249        0.5258219        0.1592171        0.5237050        0.6408842        0.8487496        0.9059812
      0.5512479        1.8140658        0.4440133        0.1593476        0.5241343        0.6414096        0.8494453        0.9067239
      0.5518729        1.8120113        0.3301316        0.1594760        0.5245568        0.6419266        0.8501300        0.9074548
      0.5524979        1.8099615        0.2424188        0.1596023        0.5249720        0.6424347        0.8508029        0.9081731
      0.5531229        1.8079164        0.1799998        0.1597261        0.5253793        0.6429331        0.8514630        0.9088777
      0.5537479        1.8058758        0.1637910        0.1598474        0.5257782        0.6434213        0.8521095        0.9095677
      0.5543729        1.8038399        0.1988116        0.1599659        0.5261682        0.6438985        0.8527415        0.9102423
      0.5549979        1.8018086        0.2409595        0.1600816        0.5265486        0.6443641        0.8533581        0.9109005
      0.5556229        1.7997818        0.2744433        0.1601942        0.5269191        0.6448174        0.8539585        0.9115414
      0.5562479        1.7977596        0.2971979        0.1603036        0.5272790        0.6452579        0.8545418        0.9121641
      0.5568729        1.7957419        0.2743010        0.1604097        0.5276279        0.6456849        0.8551072        0.9127676
      0.5574979        1.7937287        0.2103314        0.1605123        0.5279652        0.6460976        0.8556539        0.9133511
      0.5581229        1.7917200        0.1592153        0.1606111        0.5282905        0.6464957        0.8561810        0.9139138
      0.5587479        1.7897159        0.1412685        0.1607062        0.5286032        0.6468784        0.8566878        0.9144548
      0.5593729        1.7877162        0.1474441        0.1607973        0.5289029        0.6472451        0.8571735        0.9149732
      0.5599979        1.7857210        0.1680436        0.1608843        0.5291890        0.6475953        0.8576373        0.9154683
      0.5606229        1.7837302        0.1759624        0.1609671        0.5294613        0.6479284        0.8580784        0.9159392
      0.5612479        1.7817439        0.1517179        0.1610455        0.5297191        0.6482439        0.8584963        0.9163852
      0.5618729        1.7797620        0.1146579        0.1611193        0.5299621        0.6485413        0.8588901        0.9168056
      0.5624979        1.7777844        0.0890883        0.1611886        0.5301899        0.6488201        0.8592593        0.9171997
      0.5631229        1.7758113        0.0751097        0.1612531        0.5304021        0.6490797        0.8596032        0.9175667
      0.5637479        1.7738426        0.0746115        0.1613128        0.5305983        0.6493198        0.8599211        0.9179061
      0.5643729        1.7718782        0.1097506        0.1613674        0.5307781        0.6495400        0.8602127        0.9182173
      0.5649979        1.7699181        0.1843135        0.1614171        0.5309414        0.6497397        0.8604773        0.9184998
      0.5656229        1.7679624        0.2435979        0.1614616        0.5310877        0.6499188        0.8607144        0.9187529
      0.5662479        1.7660110        0.2277848        0.1615008        0.5312169        0.6500769        0.8609237        0.9189763
      0.5668729        1.7640639        0.1584517        0.1615348        0.5313286        0.6502135        0.8611047        0.9191695
      0.5674979        1.7621211        0.1061464        0.1615634        0.5314226        0.6503286        0.8612572        0.9193323
      0.5681229        1.7601826        0.1025674        0.1615866        0.5314988        0.6504219        0.8613807        0.9194641
      0.5687479        1.7582484        0.1338901        0.1616043        0.5315571        0.6504932        0.8614751        0.9195648
      0.5693729        1.7563183        0.1772164        0.1616164        0.5315972        0.6505423        0.8615401        0.9196342
      0.5699979        1.7543925        0.2229448        0.1616231        0.5316191        0.6505691        0.8615756        0.9196721
      0.5706229        1.7524710        0.2604612        0.1616242        0.5316227        0.6505735        0.8615814        0.9196784
      0.5712479        1.7505536        0.2510188        0.1616198        0.5316080        0.6505555        0.8615577        0.9196530
      0.5718729        1.7486404        0.1797205        0.1616097        0.5315751        0.6505152        0.8615042        0.9195960
      0.5724979        1.7467314        0.1068984        0.1615941        0.5315238        0.6504525        0.8614211        0.9195073
      0.5731229        1.7448266        0.0866110        0.1615730        0.5314543        0.6503675        0.8613086        0.9193871
      0.5737478        1.7429259        0.1016965        0.1615464        0.5313668        0.6502603        0.8611666        0.9192356
      0.5743728        1.7410294        0.1280151        0.1615143        0.5312612        0.6501311        0.8609955        0.9190529
      0.5749978        1.7391370        0.1666816        0.1614768        0.5311377        0.6499800        0.8607954        0.9188394
      0.5756228        1.7372486        0.2081205        0.1614339        0.5309966        0.6498073        0.8605668        0.9185953
      0.5762478        1.7353644        0.2326478        0.1613857        0.5308381        0.6496133        0.8603098        0.9183210
      0.5768728        1.7334843        0.2214012        0.1613322        0.5306623        0.6493982        0.8600250        0.9180169
      0.5774978        1.7316082        0.1748482        0.1612736        0.5304696        0.6491624        0.8597126        0.9176835
      0.5781228        1.7297362        0.1344599        0.1612100        0.5302602        0.6489061        0.8593732        0.9173213
      0.5787478        1.7278683        0.1296798        0.1611413        0.5300344        0.6486298        0.8590074        0.9169307
      0.5793728        1.7260043        0.1377402        0.1610678        0.5297926        0.6483339        0.8586155        0.9165125
      0.5799978        1.7241444        0.1335605        0.1609896        0.5295352        0.6480189        0.8581982        0.9160671
      0.5806228        1.7222885        0.1188263        0.1609066        0.5292624        0.6476851        0.8577562        0.9155952
      0.5812478        1.7204366        0.1040068        0.1608192        0.5289747        0.6473330        0.8572899        0.9150975
      0.5818728        1.7185886        0.1034204        0.1607273        0.5286725        0.6469632        0.8568002        0.9145748
      0.5824978        1.7167446        0.1256411        0.1606311        0.5283563        0.6465762        0.8562876        0.9140276
      0.5831228        1.7149046        0.1512730        0.1605308        0.5280263        0.6461724        0.8557529        0.9134568
      0.5837478        1.7130685        0.1463844        0.1604265        0.5276832        0.6457525        0.8551968        0.9128632
      0.5843728        1.7112364        0.1175505        0.1603183        0.5273273        0.6453169        0.8546199        0.9122475
      0.5849978        1.7094081        0.1318010        0.1602064        0.5269590        0.6448663        0.8540232        0.9116105
      0.5856228        1.7075838        0.2301100        0.1600908        0.5265790        0.6444012        0.8534072        0.9109530
      0.5862478        1.7057633        0.3402020        0.1599718        0.5261875        0.6439222        0.8527728        0.9102758
      0.5868728        1.7039468        0.3577239        0.1598495        0.5257852        0.6434298        0.8521208        0.9095798
      0.5874978        1.7021340        0.2762403        0.1597240        0.5253724        0.6429247        0.8514518        0.9088658
      0.5881228        1.7003252        0.1688882        0.1595955        0.5249497        0.6424074        0.8507668        0.9081345
      0.5887478        1.6985202        0.1054769        0.1594641        0.5245176        0.6418785        0.8500664        0.9073868
      0.5893728        1.6967190        0.1094982        0.1593300        0.5240764        0.6413386        0.8493513        0.9066236
      0.5899978        1.6949216        0.1431396        0.1591932        0.5236266        0.6407883        0.8486225        0.9058456
      0.5906228        1.6931280        0.1511630        0.1590541        0.5231688        0.6402280        0.8478805        0.9050536
      0.5912478        1.6913383        0.1305128        0.1589125        0.5227034        0.6396585        0.8471262        0.9042484
      0.5918728        1.6895523        0.1302557        0.1587689        0.5222308        0.6390801        0.8463603        0.9034308
      0.5924978        1.6877700        0.2028246        0.1586231        0.5217514        0.6384935        0.8455834        0.9026016
      0.5931228        1.6859916        0.3351843        0.1584755        0.5212658        0.6378992        0.8447964        0.9017615
      0.5937478        1.6842168        0.4173529        0.1583261        0.5207743        0.6372977        0.8439998        0.9009112
      0.5943728        1.6824458        0.3814669        0.1581750        0.5202773        0.6366896        0.8431944        0.9000515
      0.5949978        1.6806786        0.3111159        0.1580224        0.5197753        0.6360752        0.8423808        0.8991830
      0.5956228        1.6789150        0.2814943        0.1578683        0.5192687        0.6354552        0.8415597        0.8983065
      0.5962478        1.6771551        0.2542561        0.1577130        0.5187577        0.6348300        0.8407316        0.8974227
      0.5968728        1.6753990        0.2026980        0.1575565        0.5182429        0.6342000        0.8398973        0.8965321
      0.5974978        1.6736464        0.1509037        0.1573989        0.5177246        0.6335656        0.8390572        0.8956354
      0.5981228        1.6718976        0.1090734        0.1572403        0.5172031        0.6329275        0.8382121        0.8947332
      0.5987478        1.6701524        0.0825923        0.1570809        0.5166788        0.6322858        0.8373623        0.8938262
      0.5993728        1.6684108        0.0783475        0.1569208        0.5161519        0.6316411        0.8365085        0.8929148
      0.5999978        1.6666729        0.0866840        0.1567600        0.5156230        0.6309938        0.8356512        0.8919997
      0.6006227        1.6649386        0.0945398        0.1565986        0.5150922        0.6303442        0.8347910        0.8910814
      0.6012477        1.6632079        0.0884326        0.1564367        0.5145598        0.6296928        0.8339282        0.8901605
      0.6018727        1.6614808        0.0620753        0.1562745        0.5140262        0.6290398        0.8330634        0.8892374
      0.6024977        1.6597573        0.0371197        0.1561120        0.5134917        0.6283856        0.8321971        0.8883127
      0.6031227        1.6580373        0.0416394        0.1559493        0.5129565        0.6277307        0.8313297        0.8873868
      0.6037477        1.6563209        0.0749640        0.1557864        0.5124208        0.6270752        0.8304617        0.8864602
      0.6043727        1.6546081        0.1105270        0.1556236        0.5118851        0.6264196        0.8295934        0.8855334
      0.6049977        1.6528988        0.1322255        0.1554607        0.5113494        0.6257641        0.8287253        0.8846067
      0.6056227        1.6511930        0.1705763        0.1552980        0.5108142        0.6251090        0.8278578        0.8836808
      0.6062477        1.6494907        0.2732241        0.1551354        0.5102795        0.6244548        0.8269913        0.8827558
      0.6068727        1.6477920        0.4082258        0.1549732        0.5097457        0.6238015        0.8261262        0.8818324
      0.6074977        1.6460967        0.4571149        0.1548112        0.5092130        0.6231496        0.8252628        0.8809108
      0.6081227        1.6444049        0.3723140        0.1546496        0.5086816        0.6224993        0.8244016        0.8799914
      0.6087477        1.6427166        0.2575142        0.1544885        0.5081517        0.6218508        0.8235428        0.8790748
      0.6093727        1.6410318        0.2266346        0.1543280        0.5076235        0.6212045        0.8226868        0.8781611
      0.6099977        1.6393504        0.2693649        0.1541680        0.5070973        0.6205606        0.8218341        0.8772508
      0.6106227        1.6376725        0.2930546        0.1540087        0.5065733        0.6199193        0.8209848        0.8763443
      0.6112477        1.6359980        0.2529371        0.1538501        0.5060517        0.6192809        0.8201394        0.8754418
      0.6118727        1.6343269        0.1966740        0.1536923        0.5055326        0.6186457        0.8192981        0.8745438
      0.6124977        1.6326592        0.1807450        0.1535353        0.5050162        0.6180138        0.8184613        0.8736506
      0.6131227        1.6309949        0.2036773        0.1533792        0.5045029        0.6173856        0.8176293        0.8727625
      0.6137477        1.6293340        0.2245939        0.1532241        0.5039926        0.6167612        0.8168024        0.8718799
      0.6143727        1.6276765        0.2125216        0.1530700        0.5034858        0.6161409        0.8159809        0.8710030
      0.6149977        1.6260224        0.1700939        0.1529170        0.5029824        0.6155249        0.8151651        0.8701322
      0.6156227        1.6243716        0.1195977        0.1527650        0.5024827        0.6149134        0.8143553        0.8692677
      0.6162477        1.6227241        0.1048408        0.1526143        0.5019869        0.6143066        0.8135517        0.8684100
      0.6168727        1.6210800        0.1732604        0.1524648        0.5014951        0.6137048        0.8127547        0.8675592
      0.6174977        1.6194393        0.2882321        0.1523166        0.5010075        0.6131081        0.8119645        0.8667157
      0.6181227        1.6178018        0.3313575        0.1521697        0.5005243        0.6125168        0.8111814        0.8658798
      0.6187477        1.6161677        0.2631907        0.1520241        0.5000456        0.6119310        0.8104056        0.8650517
      0.6193727        1.6145368        0.1752873        0.1518800        0.4995716        0.6113509        0.8096373        0.8642317
      0.6199977        1.6129093        0.1413501        0.1517374        0.4991024        0.6107767        0.8088769        0.8634200
      0.6206227        1.6112850        0.1439813        0.1515962        0.4986381        0.6102086        0.8081246        0.8626169
      0.6212477        1.6096640        0.1489074        0.1514566        0.4981790        0.6096468        0.8073805        0.8618226
      0.6218727        1.6080462        0.1493325        0.1513186        0.4977251        0.6090913        0.8066448        0.8610374
      0.6224977        1.6064317        0.1446831        0.1511823        0.4972766        0.6085424        0.8059179        0.8602614
      0.6231227        1.6048205        0.1297026        0.1510476        0.4968335        0.6080002        0.8051998        0.8594950
      0.6237477        1.6032124        0.1176246        0.1509146        0.4963960        0.6074648        0.8044908        0.8587381
      0.6243727        1.6016076        0.1312652        0.1507833        0.4959642        0.6069364        0.8037910        0.8579912
      0.6249977        1.6000060        0.1567904        0.1506538        0.4955382        0.6064151        0.8031006        0.8572542
      0.6256227        1.5984076        0.1596372        0.1505261        0.4951181        0.6059010        0.8024197        0.8565274
      0.6262477        1.5968124        0.1316534        0.1504001        0.4947039        0.6053941        0.8017485        0.8558109
      0.6268726        1.5952203        0.0919000        0.1502760        0.4942958        0.6048946        0.8010870        0.8551048
      0.6274976        1.5936315        0.0749117        0.1501538        0.4938937        0.6044026        0.8004354        0.8544092
      0.6281226        1.5920458        0.1027760        0.1500334        0.4934978        0.6039181        0.7997937        0.8537243
      0.6287476        1.5904632        0.1448823        0.1499150        0.4931080        0.6034411        0.7991621        0.8530500
      0.6293726        1.5888838        0.1466728        0.1497984        0.4927245        0.6029718        0.7985405        0.8523866
      0.6299976        1.5873075        0.1072978        0.1496837        0.4923472        0.6025101        0.7979291        0.8517339
      0.6306226        1.5857344        0.0787569        0.1495709        0.4919762        0.6020561        0.7973278        0.8510921
      0.6312476        1.5841644        0.0847064        0.1494600        0.4916115        0.6016097        0.7967367        0.8504611
      0.6318726        1.5825974        0.1017944        0.1493510        0.4912530        0.6011710        0.7961557        0.8498410
      0.6324976        1.5810336        0.1143414        0.1492439        0.4909008        0.6007400        0.7955849        0.8492317
      0.6331226        1.5794729        0.1223912        0.1491387        0.4905548        0.6003166        0.7950242        0.8486331
      0.6337476        1.5779152        0.1186598        0.1490354        0.4902150        0.5999008        0.7944735        0.8480453
      0.6343726        1.5763606        0.1017062        0.1489340        0.4898814        0.5994926        0.7939329        0.8474682
      0.6349976        1.5748091        0.0858437        0.1488344        0.4895539        0.5990918        0.7934021        0.8469017
      0.6356226        1.5732606        0.0832239        0.1487367        0.4892325        0.5986985        0.7928812        0.8463457
      0.6362476        1.5717151        0.0963139        0.1486408        0.4889171        0.5983125        0.7923700        0.8458000
      0.6368726        1.5701727        0.1343029        0.1485467        0.4886076        0.5979338        0.7918685        0.8452646
      0.6374976        1.5686333        0.2002601        0.1484544        0.4883040        0.5975622        0.7913764        0.8447393
      0.6381226        1.5670970        0.2537067        0.1483639        0.4880061        0.5971976        0.7908936        0.8442240
      0.6387476        1.5655636        0.2500200        0.1482750        0.4877139        0.5968400        0.7904200        0.8437185
      0.6393726        1.5640332        0.2052255        0.1481879        0.4874272        0.5964893        0.7899555        0.8432226
      0.6399976        1.5625059        0.1686215        0.1481024        0.4871461        0.5961452        0.7894997        0.8427362
      0.6406226        1.5609815        0.1611115        0.1480185        0.4868702        0.5958076        0.7890527        0.8422590
      0.6412476        1.5594600        0.1630440        0.1479363        0.4865996        0.5954765        0.7886142        0.8417909
      0.6418726        1.5579416        0.1539777        0.1478556        0.4863342        0.5951516        0.7881840        0.8413317
      0.6424976        1.5564261        0.1361244        0.1477764        0.4860737        0.5948329        0.7877618        0.8408811
      0.6431226        1.5549135        0.1101913        0.1476987        0.4858181        0.5945201        0.7873476        0.8404389
      0.6437476        1.5534039        0.0806588        0.1476224        0.4855673        0.5942132        0.7869411        0.8400050
      0.6443726        1.5518972        0.0689572        0.1475476        0.4853211        0.5939119        0.7865421        0.8395791
      0.6449976        1.5503934        0.0795154        0.1474741        0.4850794        0.5936161        0.7861504        0.8391610
      0.6456226        1.5488925        0.0964951        0.1474019        0.4848421        0.5933257        0.7857658        0.8387504
      0.6462476        1.5473946        0.1149552        0.1473311        0.4846090        0.5930404        0.7853880        0.8383472
      0.6468726        1.5458995        0.1298312        0.1472615        0.4843801        0.5927603        0.7850170        0.8379512
      0.6474976        1.5444073        0.1262433        0.1471931        0.4841551        0.5924850        0.7846525        0.8375621
      0.6481226        1.5429180        0.1154475        0.1471259        0.4839341        0.5922146        0.7842943        0.8371797
      0.6487476        1.5414316        0.1283763        0.1470599        0.4837169        0.5919488        0.7839423        0.8368040
      0.6493726        1.5399480        0.1607996        0.1469949        0.4835034        0.5916874        0.7835962        0.8364346
      0.6499976        1.5384673        0.1964750        0.1469311        0.4832934        0.5914305        0.7832560        0.8360714
      0.6506226        1.5369894        0.2424779        0.1468684        0.4830870        0.5911779        0.7829214        0.8357143
      0.6512476        1.5355144        0.2705759        0.1468066        0.4828840        0.5909295        0.7825924        0.8353631
      0.6518726        1.5340422        0.2329405        0.1467460        0.4826844        0.5906852        0.7822689        0.8350177
      0.6524976        1.5325728        0.1565260        0.1466863        0.4824880        0.5904449        0.7819507        0.8346781
      0.6531226        1.5311062        0.1061935        0.1466276        0.4822949        0.5902086        0.7816377        0.8343440
      0.6537475        1.5296424        0.1040241        0.1465698        0.4821051        0.5899763        0.7813300        0.8340156
      0.6543725        1.5281815        0.1329691        0.1465131        0.4819184        0.5897478        0.7810275        0.8336926
      0.6549975        1.5267233        0.1531678        0.1464573        0.4817349        0.5895233        0.7807301        0.8333752
      0.6556225        1.5252679        0.1329028        0.1464025        0.4815547        0.5893027        0.7804380        0.8330634
      0.6562475        1.5238152        0.0882526        0.1463487        0.4813776        0.5890861        0.7801511        0.8327571
      0.6568725        1.5223654        0.0605372        0.1462959        0.4812039        0.5888734        0.7798695        0.8324566
      0.6574975        1.5209183        0.0675030        0.1462440        0.4810335        0.5886649        0.7795933        0.8321618
      0.6581225        1.5194739        0.0942641        0.1461933        0.4808665        0.5884606        0.7793228        0.8318730
      0.6587475        1.5180323        0.1166862        0.1461436        0.4807031        0.5882606        0.7790579        0.8315903
      0.6593725        1.5165934        0.1194626        0.1460951        0.4805434        0.5880652        0.7787991        0.8313140
      0.6599975        1.5151572        0.0984982        0.1460477        0.4803875        0.5878744        0.7785464        0.8310443
      0.6606225        1.5137237        0.0648175        0.1460015        0.4802357        0.5876886        0.7783004        0.8307816
      0.6612475        1.5122930        0.0419767        0.1459566        0.4800881        0.5875080        0.7780611        0.8305263
      0.6618725        1.5108650        0.0467793        0.1459131        0.4799449        0.5873328        0.7778292        0.8302787
      0.6624975        1.5094396        0.0905964        0.1458710        0.4798066        0.5871635        0.7776049        0.8300393
      0.6631225        1.5080170        0.2015817        0.1458305        0.4796733        0.5870003        0.7773888        0.8298086
      0.6637475        1.5065970        0.3642684        0.1457916        0.4795453        0.5868438        0.7771815        0.8295873
      0.6643725        1.5051797        0.4593444        0.1457545        0.4794231        0.5866942        0.7769835        0.8293760
      0.6649975        1.5037650        0.4238475        0.1457192        0.4793071        0.5865523        0.7767955        0.8291752
      0.6656225        1.5023531        0.3525607        0.1456859        0.4791977        0.5864183        0.7766181        0.8289859
      0.6662475        1.5009437        0.2967391        0.1456548        0.4790953        0.5862930        0.7764521        0.8288088
      0.6668725        1.4995370        0.2099184        0.1456260        0.4790005        0.5861770        0.7762985        0.8286447
      0.6674975        1.4981330        0.1171653        0.1455996        0.4789137        0.5860709        0.7761579        0.8284947
      0.6681225        1.4967315        0.0863090        0.1455759        0.4788357        0.5859754        0.7760315        0.8283597
      0.6687475        1.4953327        0.1027092        0.1455550        0.4787670        0.5858913        0.7759201        0.8282409
      0.6693725        1.4939365        0.1058810        0.1455371        0.4787082        0.5858194        0.7758249        0.8281392
      0.6699975        1.4925429        0.0827259        0.1455225        0.4786601        0.5857605        0.7757469        0.8280560
      0.6706225        1.4911519        0.0775281        0.1455113        0.4786234        0.5857156        0.7756874        0.8279924
      0.6712475        1.4897635        0.1212762        0.1455039        0.4785988        0.5856855        0.7756476        0.8279499
      0.6718725        1.4883777        0.1816926        0.1455003        0.4785872        0.5856713        0.7756287        0.8279298
      0.6724975        1.4869944        0.2128326        0.1455010        0.4785894        0.5856739        0.7756322        0.8279336
      0.6731225        1.4856137        0.2143471        0.1455061        0.4786062        0.5856945        0.7756595        0.8279627
      0.6737475        1.4842356        0.2012185        0.1455160        0.4786386        0.5857342        0.7757120        0.8280187
      0.6743725        1.4828601        0.1695899        0.1455308        0.4786875        0.5857940        0.7757912        0.8281033
      0.6749975        1.4814870        0.1210220        0.1455510        0.4787538        0.5858752        0.7758988        0.8282181
      0.6756225        1.4801166        0.0752392        0.1455768        0.4788386        0.5859789        0.7760361        0.8283647
      0.6762475        1.4787486        0.0512229        0.1456084        0.4789428        0.5861064        0.7762050        0.8285450
      0.6768725        1.4773832        0.0480010        0.1456463        0.4790675        0.5862590        0.7764071        0.8287607
      0.6774975        1.4760203        0.0475546        0.1456908        0.4792137        0.5864379        0.7766440        0.8290136
      0.6781225        1.4746599        0.0404978        0.1457421        0.4793824        0.5866444        0.7769175        0.8293055
      0.6787475        1.4733020        0.0358601        0.1458006        0.4795748        0.5868798        0.7772293        0.8296383
      0.6793725        1.4719466        0.0480355        0.1458666        0.4797918        0.5871454        0.7775810        0.8300138
      0.6799975        1.4705938        0.0826387        0.1459404        0.4800346        0.5874425        0.7779745        0.8304338
      0.6806224        1.4692433        0.1286671        0.1460223        0.4803042        0.5877724        0.7784113        0.8309001
      0.6812474        1.4678954        0.1777536        0.1461127        0.4806015        0.5881363        0.7788933        0.8314145
      0.6818724        1.4665500        0.2310351        0.1462119        0.4809278        0.5885355        0.7794220        0.8319789
      0.6824974        1.4652070        0.2586335        0.1463202        0.4812838        0.5889713        0.7799991        0.8325949
      0.6831224        1.4638664        0.2363475        0.1464378        0.4816707        0.5894447        0.7806261        0.8332641
      0.6837474        1.4625283        0.2238894        0.1465650        0.4820893        0.5899570        0.7813045        0.8339883
      0.6843724        1.4611927        0.2682466        0.1467022        0.4825405        0.5905092        0.7820358        0.8347689
      0.6849974        1.4598595        0.2945831        0.1468496        0.4830252        0.5911023        0.7828213        0.8356074
      0.6856224        1.4585287        0.2311171        0.1470073        0.4835442        0.5917373        0.7836623        0.8365051
      0.6862474        1.4572004        0.1351397        0.1471757        0.4840980        0.5924152        0.7845599        0.8374633
      0.6868724        1.4558744        0.0983217        0.1473550        0.4846875        0.5931366        0.7855153        0.8384831
      0.6874974        1.4545509        0.1229131        0.1475452        0.4853132        0.5939022        0.7865294        0.8395655
      0.6881224        1.4532298        0.1493254        0.1477466        0.4859756        0.5947128        0.7876028        0.8407114
      0.6887474        1.4519111        0.1441899        0.1479592        0.4866751        0.5955688        0.7887364        0.8419214
      0.6893724        1.4505947        0.1263303        0.1481832        0.4874119        0.5964705        0.7899307        0.8431962
      0.6899974        1.4492808        0.1279164        0.1484187        0.4881864        0.5974183        0.7911858        0.8445360
      0.6906224        1.4479692        0.1514944        0.1486656        0.4889987        0.5984123        0.7925022        0.8459411
      0.6912474        1.4466600        0.1740510        0.1489240        0.4898486        0.5994524        0.7938797        0.8474115
      0.6918724        1.4453532        0.1739090        0.1491939        0.4907362        0.6005386        0.7953182        0.8489470
      0.6924974        1.4440487        0.1485474        0.1494751        0.4916612        0.6016706        0.7968173        0.8505472
      0.6931224        1.4427466        0.1173923        0.1497676        0.4926233        0.6028479        0.7983765        0.8522115
      0.6937474        1.4414468        0.0983012        0.1500712        0.4936219        0.6040700        0.7999950        0.8539391
      0.6943724        1.4401494        0.1051064        0.1503857        0.4946566        0.6053362        0.8016718        0.8557290
      0.6949974        1.4388543        0.1487202        0.1507110        0.4957265        0.6066455        0.8034057        0.8575799
      0.6956224        1.4375615        0.1947053        0.1510468        0.4968308        0.6079969        0.8051955        0.8594903
      0.6962474        1.4362711        0.1910395        0.1513927        0.4979686        0.6093892        0.8070394        0.8614586
      0.6968724        1.4349830        0.1499376        0.1517484        0.4991387        0.6108211        0.8089357        0.8634828
      0.6974974        1.4336971        0.1206004        0.1521136        0.5003399        0.6122911        0.8108825        0.8655608
      0.6981224        1.4324136        0.1141273        0.1524878        0.5015708        0.6137975        0.8128774        0.8676902
      0.6987474        1.4311324        0.1092005        0.1528706        0.5028300        0.6153385        0.8149182        0.8698686
      0.6993724        1.4298534        0.0976265        0.1532616        0.5041159        0.6169121        0.8170022        0.8720932
      0.6999974        1.4285768        0.0872384        0.1536601        0.5054268        0.6185163        0.8191267        0.8743609
      0.7006224        1.4273024        0.0779490        0.1540657        0.5067609        0.6201488        0.8212888        0.8766688
      0.7012474        1.4260303        0.0712648        0.1544777        0.5081162        0.6218074        0.8234853        0.8790134
      0.7018724        1.4247605        0.0816257        0.1548956        0.5094908        0.6234895        0.8257130        0.8813913
      0.7024974        1.4234929        0.1092130        0.1553188        0.5108825        0.6251926        0.8279685        0.8837989
      0.7031224        1.4222276        0.1415597        0.1557464        0.5122892        0.6269141        0.8302484        0.8862325
      0.7037474        1.4209645        0.1883757        0.1561780        0.5137087        0.6286513        0.8325489        0.8886882
      0.7043724        1.4197036        0.2536029        0.1566127        0.5151387        0.6304012        0.8348664        0.8911620
      0.7049974        1.4184450        0.3098614        0.1570500        0.5165769        0.6321611        0.8371972        0.8936499
      0.7056224        1.4171887        0.3448773        0.1574889        0.5180208        0.6339281        0.8395373        0.8961478
      0.7062474        1.4159345        0.3475921        0.1579289        0.5194681        0.6356992        0.8418828        0.8986515
      0.7068723        1.4146826        0.2916690        0.1583692        0.5209163        0.6374715        0.8442300        0.9011569
      0.7074973        1.4134329        0.2163701        0.1588091        0.5223631        0.6392420        0.8465747        0.9036598
      0.7081223        1.4121853        0.1915312        0.1592478        0.5238060        0.6410078        0.8489132        0.9061559
      0.7087473        1.4109400        0.1953579        0.1596845        0.5252427        0.6427659        0.8512415        0.9086412
      0.7093723        1.4096969        0.1799586        0.1601187        0.5266707        0.6445135        0.8535559        0.9111117
      0.7099973        1.4084560        0.1841030        0.1605495        0.5280878        0.6462476        0.8558525        0.9135632
      0.7106223        1.4072172        0.2448208        0.1609763        0.5294917        0.6479657        0.8581278        0.9159918
      0.7112473        1.4059807        0.2995712        0.1613985        0.5308802        0.6496649        0.8603781        0.9183939
      0.7118723        1.4047463        0.2860905        0.1618153        0.5322512        0.6513426        0.8626000        0.9207656
      0.7124973        1.4035140        0.2299517        0.1622261        0.5336026        0.6529964        0.8647902        0.9231035
      0.7131223        1.4022840        0.1748436        0.1626305        0.5349326        0.6546239        0.8669456        0.9254043
      0.7137473        1.4010560        0.1438829        0.1630277        0.5362392        0.6562229        0.8690632        0.9276646
      0.7143723        1.3998303        0.1670400        0.1634173        0.5375207        0.6577911        0.8711401        0.9298816
      0.7149973        1.3986066        0.2354092        0.1637988        0.5387755        0.6593267        0.8731737        0.9320523
      0.7156223        1.3973852        0.2713926        0.1641717        0.5400021        0.6608278        0.8751617        0.9341743
      0.7162473        1.3961658        0.2353712        0.1645357        0.5411992        0.6622927        0.8771017        0.9362452
      0.7168723        1.3949486        0.1839529        0.1648902        0.5423654        0.6637199        0.8789918        0.9382627
      0.7174973        1.3937334        0.1640756        0.1652351        0.5434998        0.6651081        0.8808302        0.9402251
      0.7181223        1.3925205        0.1556528        0.1655699        0.5446012        0.6664560        0.8826153        0.9421305
      0.7187473        1.3913096        0.1331765        0.1658946        0.5456690        0.6677626        0.8843457        0.9439777
      0.7193723        1.3901008        0.1038182        0.1662087        0.5467023        0.6690272        0.8860204        0.9457653
      0.7199973        1.3888941        0.0936101        0.1665122        0.5477007        0.6702489        0.8876384        0.9474924
      0.7206223        1.3876895        0.1112879        0.1668050        0.5486636        0.6714273        0.8891990        0.9491582
      0.7212473        1.3864870        0.1325511        0.1670869        0.5495909        0.6725620        0.8907018        0.9507623
      0.7218723        1.3852866        0.1371167        0.1673579        0.5504823        0.6736529        0.8921464        0.9523044
      0.7224973        1.3840882        0.1307634        0.1676180        0.5513378        0.6746998        0.8935329        0.9537844
      0.7231223        1.3828920        0.1244855        0.1678672        0.5521574        0.6757029        0.8948613        0.9552024
      0.7237473        1.3816978        0.1256355        0.1681056        0.5529415        0.6766624        0.8961320        0.9565587
      0.7243723        1.3805056        0.1411708        0.1683332        0.5536902        0.6775786        0.8973454        0.9578540
      0.7249973        1.3793155        0.1661192        0.1685502        0.5544040        0.6784521        0.8985022        0.9590888
      0.7256223        1.3781275        0.1826022        0.1687567        0.5550834        0.6792835        0.8996033        0.9602641
      0.7262473        1.3769415        0.1841304        0.1689530        0.5557289        0.6800735        0.9006495        0.9613808
      0.7268723        1.3757575        0.1762321        0.1691392        0.5563413        0.6808229        0.9016420        0.9624402
      0.7274973        1.3745756        0.1563353        0.1693155        0.5569213        0.6815326        0.9025819        0.9634435
      0.7281223        1.3733957        0.1344597        0.1694822        0.5574696        0.6822037        0.9034706        0.9643922
      0.7287473        1.3722178        0.1362375        0.1696396        0.5579872        0.6828371        0.9043095        0.9652876
      0.7293723        1.3710420        0.1480926        0.1697879        0.5584750        0.6834340        0.9051000        0.9661314
      0.7299973        1.3698682        0.1298192        0.1699274        0.5589340        0.6839957        0.9058438        0.9669254
      0.7306223        1.3686963        0.0898082        0.1700584        0.5593650        0.6845232        0.9065424        0.9676711
      0.7312473        1.3675265        0.0774057        0.1701813        0.5597693        0.6850178        0.9071975        0.9683704
      0.7318723        1.3663587        0.1171784        0.1702964        0.5601477        0.6854810        0.9078108        0.9690251
      0.7324973        1.3651928        0.1964009        0.1704039        0.5605014        0.6859138        0.9083841        0.9696370
      0.7331223        1.3640290        0.2835610        0.1705043        0.5608315        0.6863177        0.9089190        0.9702079
      0.7337472        1.3628671        0.3314804        0.1705977        0.5611389        0.6866940        0.9094173        0.9707399
      0.7343722        1.3617072        0.3185747        0.1706847        0.5614249        0.6870440        0.9098808        0.9712346
      0.7349972        1.3605493        0.2906667        0.1707654        0.5616905        0.6873689        0.9103111        0.9716939
      0.7356222        1.3593934        0.3017320        0.1708403        0.5619366        0.6876701        0.9107100        0.9721198
      0.7362472        1.3582394        0.3452207        0.1709095        0.5621644        0.6879489        0.9110792        0.9725138
      0.7368722        1.3570874        0.3778237        0.1709735        0.5623749        0.6882065        0.9114203        0.9728779
      0.7374972        1.3559373        0.3727728        0.1710325        0.5625690        0.6884440        0.9117349        0.9732138
      0.7381222        1.3547892        0.3391487        0.1710869        0.5627477        0.6886627        0.9120246        0.9735230
      0.7387472        1.3536430        0.3071361        0.1711368        0.5629120        0.6888638        0.9122909        0.9738072
      0.7393722        1.3524987        0.2882472        0.1711826        0.5630628        0.6890483        0.9125352        0.9740680
      0.7399972        1.3513564        0.2535868        0.1712246        0.5632009        0.6892173        0.9127590        0.9743069
      0.7406222        1.3502160        0.1896010        0.1712630        0.5633271        0.6893718        0.9129636        0.9745253
      0.7412472        1.3490776        0.1358335        0.1712980        0.5634423        0.6895127        0.9131503        0.9747246
      0.7418722        1.3479410        0.1179549        0.1713299        0.5635472        0.6896411        0.9133203        0.9749061
      0.7424972        1.3468064        0.1207495        0.1713589        0.5636426        0.6897578        0.9134748        0.9750710
      0.7431222        1.3456737        0.1369881        0.1713852        0.5637290        0.6898636        0.9136149        0.9752205
      0.7437472        1.3445429        0.1629396        0.1714090        0.5638072        0.6899593        0.9137417        0.9753558
      0.7443722        1.3434139        0.1725880        0.1714304        0.5638777        0.6900456        0.9138560        0.9754778
      0.7449972        1.3422869        0.1505357        0.1714497        0.5639412        0.6901232        0.9139588        0.9755876
      0.7456222        1.3411618        0.1468657        0.1714670        0.5639981        0.6901928        0.9140510        0.9756860
      0.7462472        1.3400385        0.2517457        0.1714824        0.5640488        0.6902550        0.9141333        0.9757738
      0.7468722        1.3389172        0.4421760        0.1714961        0.5640940        0.6903102        0.9142064        0.9758519
      0.7474972        1.3377977        0.5357255        0.1715083        0.5641338        0.6903590        0.9142710        0.9759209
      0.7481222        1.3366800        0.4266318        0.1715189        0.5641688        0.6904018        0.9143277        0.9759814
      0.7487472        1.3355643        0.2304630        0.1715282        0.5641993        0.6904391        0.9143771        0.9760341
      0.7493722        1.3344504        0.0950296        0.1715361        0.5642254        0.6904711        0.9144195        0.9760793
      0.7499972        1.3333383        0.0435577        0.1715429        0.5642476        0.6904982        0.9144554        0.9761177
      0.7506222        1.3322281        0.0403889        0.1715484        0.5642660        0.6905208        0.9144852        0.9761495
      0.7512472        1.3311198        0.0662478        0.1715529        0.5642808        0.6905389        0.9145092        0.9761751
      0.7518722        1.3300133        0.1075849        0.1715564        0.5642922        0.6905527        0.9145276        0.9761948
      0.7524972        1.3289086        0.1348205        0.1715588        0.5643002        0.6905626        0.9145406        0.9762086
      0.7531222        1.3278058        0.1303896        0.1715603        0.5643050        0.6905684        0.9145484        0.9762169
      0.7537472        1.3267048        0.1207240        0.1715608        0.5643066        0.6905704        0.9145509        0.9762197
