2021.813,25.29,0.440398695437593,0.00544517428933403,0.00601706514162439,0.00103184577263777,0.18853674296966,0.00374680092194504,0.0263639647707094,0.24830442503091,0.0691306139685867,0.00583491485237177,0.0031158893055393,0.00154471586081276,0.00052915167827578,0.848387531813474,-1.00329523952884,-5.20794370003614,4.39295067768943,3.91839052239424
2021.663,25.79,0.43917404188759,0.00659647088807488,0.00617369707206644,0.000971480258061937,0.188076379137162,0.00370701674604087,0.0259681070627214,0.247413633705967,0.070788128351332,0.00598779652885706,0.00312332901897485,0.00155117012398367,0.000468749219167745,0.848047632948325,-0.977156844343468,-5.26578248379022,4.19836099318447,3.92662071076107
2021.484,26.29,0.443419814989765,0.00696647294748153,0.00624015478303692,0.00103229900818937,0.187911387123461,0.00333076117113395,0.0248936536276244,0.245119502518418,0.0704611038593766,0.00568794693035278,0.00313089489609529,0.00134858223724539,0.000457425907820438,0.858546478305261,-0.980909667365001,-5.20418214491253,4.15340792159477,4.03276964883191
2021.284,26.79,0.45308964279195,0.00752090851451526,0.00638245704613969,0.00114061171784118,0.186230785931159,0.00313560209933043,0.0222224862527125,0.239598668854279,0.0691333835231293,0.00618695446950214,0.00339915253413464,0.00152729637218506,0.000432049893121658,0.889103303711638,-0.990948956039771,-5.09542197606377,4.09840304909907,4.08416547630535
2021.084,27.29,0.452974082376328,0.00788013293828787,0.00602251402953046,0.00104957137864484,0.188311803949416,0.0028760259198497,0.0212674548283622,0.239729671371744,0.0676077563658786,0.00619057901168886,0.00394897057415895,0.00167953680845712,0.00046190044765388,0.877735789917999,-1.0243764050239,-5.18971725061672,4.05149013648041,4.18168966834769
2020.884,27.79,0.443472546648333,0.00812307760272573,0.00616602885873797,0.00121708110376666,0.188078789987244,0.00317965199432323,0.0231234365422527,0.244910513614852,0.0683122663441733,0.00712246464445659,0.00401239169690042,0.00177702676584442,0.000504724196389621,0.857774927540826,-1.01277162517617,-5.04040551655388,3.99992680077203,4.08008921565457
2020.713,28.29,0.456328712216033,0.00653393768362094,0.00506824179121499,0.00150589035884311,0.181148982191982,0.00372312929812049,0.0257496969056804,0.242725035263634,0.0663545208025059,0.00647785238161561,0.00283417726133601,0.00104786039246625,0.000501963452947703,0.923893611209527,-1.00430790459371,-4.78993547489845,4.2462036340571,3.88475527489378
2020.563,28.79,0.44224769732271,0.00680699305298465,0.00703293812393458,0.00199425696425294,0.183396325687621,0.00389516573017915,0.0269436845170345,0.249426385929032,0.0677888251598853,0.00622887068834749,0.0024620587308676,0.0012602006774109,0.000516597415739991,0.880220601091167,-0.995252164491755,-4.52137799323357,4.17391965239822,3.85191329731719
2020.384,29.29,0.449069913154232,0.00880141541653613,0.00700389804481468,0.00174615973252942,0.188257846163328,0.00325350644281584,0.0216395412735667,0.237236342719798,0.0700903380873388,0.00706295932988552,0.00388135358193855,0.00139050808112453,0.000566217972092259,0.869366038907062,-0.988027591179973,-4.68039360722568,3.93226603286642,4.05807922507469
2020.184,29.79,0.438793675088949,0.00773145034212797,0.00699110395984304,0.00182056285338765,0.1934538168837,0.00329293711928014,0.0221343366234976,0.245307772567493,0.068073839747688,0.00654071667431176,0.00383601624721627,0.00158883324737551,0.00043493864513047,0.81899050264076,-1.04444581686856,-4.66589309816662,4.03873284407462,4.07325890360418
2020.013,30.29,0.424045062683376,0.00768013533822963,0.00606349721671012,0.00192141416082237,0.196995747490843,0.00359547385496415,0.0246095609126938,0.255330543970017,0.0678844457106637,0.00671501121377058,0.00341216652697765,0.00131075782120468,0.000436183099726916,0.76665758733417,-1.06537521026762,-4.63012068514344,4.01120256032864,4.00350635022959
2019.863,30.79,0.423230933654874,0.00768737496917048,0.00640267463210107,0.00188101175632348,0.195967224795155,0.00360856101504481,0.0252697925515881,0.257767668740237,0.0661116439670056,0.00638403990024938,0.00346825244580856,0.00169027979501795,0.00053054177742457,0.769970547705689,-1.08660253663268,-4.64613762447631,4.008338603693,3.99463834272726
2019.684,31.29,0.421084381061508,0.00661614755882675,0.00634972550947802,0.0016006983290139,0.196405035160129,0.0038154669912828,0.0256967315646231,0.261658942954274,0.0650524667324419,0.00622084655064672,0.00351547143165029,0.00153030225906404,0.000453783897061451,0.762654210810527,-1.10498490806351,-4.8097390432029,4.15331998287181,3.94111596636981
2019.484,31.79,0.419728539099071,0.00711844585053081,0.00623117898524464,0.00152545761055826,0.196637579279432,0.00379814358115873,0.0259787462170896,0.264219520512434,0.0643215027521308,0.00579930451105716,0.0027120434183506,0.00151583664454913,0.000413701538392465,0.758245831510099,-1.11746834704268,-4.85906789778024,4.07691874465656,3.94684991923605
2019.284,32.29,0.426020988429045,0.00840245844206464,0.00639528703351268,0.00132820795941765,0.193338842767382,0.00360970803428651,0.0245078372270858,0.2612809091252,0.0648387233201084,0.00580090825649273,0.00294103191013907,0.00107331090696486,0.000461786588300111,0.790044302129509,-1.0925413045614,-4.98061367679759,3.92596427896486,3.98081741939386
2019.084,32.79,0.434670936400983,0.00799983917544304,0.00658789416798125,0.00157158703091852,0.192205448641387,0.00352631491813321,0.0234898455847746,0.254974327197561,0.0633199391704764,0.00636203026812765,0.00358425905998046,0.00124520778296253,0.000462370601270987,0.81602443183372,-1.11036457060098,-4.80647888842842,3.99516783837049,3.99831145181698
2018.884,33.29,0.440876998189672,0.00814352083414627,0.00654248595547137,0.00234715970027303,0.186615159222564,0.00347639774246987,0.0242851213723967,0.249306198511771,0.0668603516837471,0.00675414418537004,0.00318551548238566,0.00116944128139548,0.000437505838338045,0.859717396624579,-1.02644238326806,-4.37584256526619,3.99154329946736,3.98305189805476
2018.684,33.79,0.453265903357451,0.00833666823672738,0.00670049970428556,0.00296422740617707,0.18153797481056,0.00332073743272644,0.023071629002917,0.240415251546156,0.0686718584914904,0.00670286069783886,0.0029913788320401,0.00161491959046206,0.000406090891168822,0.915014076978601,-0.97212537306363,-4.11484843220365,3.9958152918515,4.00127798287137
2018.484,34.29,0.451243483563364,0.00894471617885673,0.00617541419099842,0.00304775959121954,0.18122302809132,0.00321459916791698,0.0233916136089398,0.241446240646116,0.0706730097037188,0.00588520732167258,0.00280219993255921,0.00147923258494426,0.000473495418373737,0.91227859655526,-0.941664730196747,-4.08532171168889,3.92094408181433,4.03202579782284
2018.284,34.79,0.447602670102201,0.00665391445384324,0.00685159996091218,0.00201616752948154,0.183183702627083,0.00355047663548253,0.0246230777611667,0.244468456244672,0.0699784230761887,0.00607882934236996,0.00325170194866242,0.00127372366486466,0.000467256653072044,0.893416452972013,-0.962302536059382,-4.509291042126,4.2087006206327,3.94340763083276
2018.084,35.29,0.448737654716601,0.00744513895546165,0.0063130728324596,0.00171156333915344,0.183914966862023,0.00349421741486076,0.0247718902919136,0.243931705499084,0.0693253165961324,0.00601686143015174,0.00282208681471492,0.00111052347556148,0.000405001771882752,0.891964914871733,-0.97566335584082,-4.67706632789071,4.09887709881527,3.96336407919212
2017.884,35.79,0.447572119529215,0.00914028257969673,0.00628408606248696,0.00150523144493144,0.183941097469124,0.00351523153567637,0.0241733137324295,0.243485648690097,0.0688674579624134,0.00634193595223187,0.00314658027749798,0.00160505086253051,0.000421963901668799,0.889222101780575,-0.98243182569933,-4.80566891352355,3.89114638388504,3.95751019006801
2017.684,36.29,0.443847448861698,0.00938039854314983,0.00651511316996952,0.00146785356675213,0.184934144650697,0.00340995367568579,0.0251669765957681,0.244817948746163,0.0694105478592885,0.00666035805063765,0.00294671053355487,0.00104972436482873,0.000392821381806978,0.87548113290588,-0.979960944434068,-4.83619861179504,3.85685866902478,3.99330108048286
2017.484,36.79,0.441677431675577,0.00843676705106071,0.00682887532089239,0.00168910946943963,0.185368514516573,0.00336065834660439,0.0243181276896517,0.247013876160508,0.0704366331515446,0.00640632356927818,0.00289749772535453,0.00107997642490487,0.000486208898610628,0.86823400896429,-0.967632329004609,-4.69814436520325,3.95798063865729,4.0102089228245
2017.284,37.29,0.457851673481109,0.0084715641204897,0.00744998622988327,0.00165594480654751,0.181093512038848,0.00312593419061137,0.0214295970416611,0.237856993218512,0.0697838915526807,0.00649078579112263,0.003238919763766,0.00103099335503598,0.000520204409732766,0.927531735681655,-0.953610335864412,-4.69464181292326,3.98983011708033,4.05928035944132
2017.084,37.79,0.466555652272641,0.00988406564987574,0.00727522739027867,0.00127035789526801,0.185102625238113,0.00281572872118987,0.0179363937983323,0.230204745865345,0.0668798647642836,0.00678323178039334,0.0035625528264517,0.00123503513353265,0.000494518664294996,0.924466908359427,-1.01801245557952,-4.98161173422085,3.85445338050872,4.18568930343821
2016.884,38.29,0.458946517030464,0.00941514226723138,0.00694474951096043,0.000998751883157658,0.184301377579894,0.00283991803257507,0.0186765310104061,0.238412281676456,0.0666863919086885,0.00727292930180396,0.00350273784636534,0.00163443872211441,0.000368233229883483,0.912361343332547,-1.01657142656134,-5.21782123569702,3.88661440994671,4.17279714932088
2016.684,38.79,0.46152649746246,0.00862489233588329,0.00642521150525871,0.00121812390620446,0.184195495816947,0.00281397078332425,0.0190639005320797,0.23732765572577,0.0660636169131015,0.00686044247174593,0.00348968973129389,0.00191344785266452,0.000477054963266768,0.918541797402492,-1.02537950044253,-5.01868577749997,3.97988698820463,4.18140109482119
2016.484,39.29,0.462120900822071,0.00801767417351726,0.0061733915704441,0.00111793014930713,0.182100548450488,0.00293924986282695,0.0198592737442321,0.239889681444293,0.0658430643613537,0.00625436597044797,0.00328127605985821,0.00195426275830229,0.000448380632857236,0.931267548399515,-1.01728490070477,-5.09308010401573,4.05417817042068,4.1264045984421
2016.284,39.79,0.457693637014812,0.00833754927644398,0.00618366150902379,0.00126227841253463,0.186590545935413,0.00290900074634716,0.0208288460671512,0.237556289101829,0.0667792866123353,0.00658062803360065,0.00346625659315064,0.00138374766453448,0.000428273032824248,0.897283423215462,-1.02752367045658,-4.99599827032178,4.00543072403358,4.16110698618268
2016.084,40.29,0.45531491769259,0.00916842037280523,0.00680685754950691,0.00121490099836348,0.186715782624113,0.003180432904442,0.0209274922225621,0.238315564746181,0.0671729363438182,0.00613543282523582,0.00328644733459007,0.00134284944854218,0.000417964937250424,0.891401724687182,-1.02231714821988,-5.03492499100719,3.90522429523529,4.07257026065229
2015.884,40.79,0.45407702568249,0.00713173865784842,0.00676256345577039,0.00164010622562536,0.181956168615024,0.00303570953053018,0.0220742562632691,0.243094002900144,0.0688711469607803,0.00605810454557559,0.0033746244701428,0.00148396327130383,0.000440589421496406,0.91450101745771,-0.971528502871551,-4.70900481482529,4.15371178801428,4.09332064638628
2015.684,41.29,0.457310487126581,0.00795669985945396,0.0065488472234682,0.00177267426213331,0.18186417870279,0.00312311234711881,0.0215735175383511,0.238362489160013,0.0697718369665979,0.00641009539188421,0.00348314942734966,0.00137316467808977,0.000449747316168775,0.92210242549305,-0.958029691120564,-4.63077084870205,4.05134823973832,4.06443008585896
2015.484,41.79,0.448846715231096,0.00797944775284833,0.00642090975486932,0.00140957644895677,0.188396339992507,0.00330161045220947,0.0228878308419329,0.24206474046785,0.0680598647562533,0.00601070966838269,0.00297256106033943,0.00121837207259986,0.000431321500153964,0.86813350282523,-1.01816025321669,-4.89525866670928,4.02981223282413,4.04413756990971
2015.168,42.29,0.443436570380997,0.008416619245094,0.00662993340534597,0.00116878558747662,0.189614732377632,0.00318491232972248,0.0229872523997587,0.243339114789738,0.0706110056667359,0.0058916334715658,0.00291685266145768,0.00141867171890991,0.000383915965565691,0.84956048174385,-0.987808269235116,-5.08902903888087,3.96434653816864,4.08656952656044
2014.768,42.79,0.438011482499846,0.00727200902798603,0.00702390802438134,0.00128506684876799,0.193734365722558,0.00331202796074223,0.0229649996928847,0.243979636447724,0.0714615196547783,0.00589540977012117,0.00319640807556723,0.00143922669566799,0.000423939578975006,0.815757153853158,-0.997328853753646,-5.01567723255113,4.09821252743926,4.06892729319227
2014.339,43.29,0.442430559096749,0.00937279625486145,0.00650598423688698,0.00130343557259751,0.191170965226379,0.00315660256035541,0.0227504231812534,0.240363220729601,0.070920327500625,0.00674975653863231,0.00346007420130368,0.00142532172347017,0.000390533177285894,0.839115389962973,-0.991611034492056,-4.98816460687474,3.8544720454625,4.10367182348139
2013.889,43.79,0.438005744181335,0.00923001751856133,0.00655933071945275,0.00128111928114312,0.19255997425844,0.00339883924634434,0.0243055141757338,0.241319969968181,0.0715758363027493,0.00680959588135048,0.00331780100344413,0.00117267104432077,0.000463586418943881,0.821824365065622,-0.989650124592464,-5.01267352556802,3.85977107834444,4.0369736845956
2013.468,44.29,0.43531568353951,0.00919639924982464,0.0066103768155079,0.00127127032058668,0.193149557916032,0.00365475913947243,0.0248017859574405,0.245031346940083,0.0696063410185496,0.00651540342522104,0.00319820031146695,0.00121977872344321,0.000429096642862292,0.812606676877226,-1.02060913051926,-5.0234481473162,3.85725945562034,3.96743460818087
2013.068,44.79,0.439615045917725,0.0101387083397399,0.00718119679624271,0.000948174240412258,0.195016377555062,0.00316834635616872,0.0225849512866748,0.243229989330128,0.0658678240449532,0.00708335080583162,0.00334074167260732,0.00131742637089222,0.00050786728356234,0.812815905827356,-1.08543347447488,-5.32630053821151,3.76953884094568,4.119873744924
2012.639,45.29,0.430366120686492,0.00919521951338854,0.00719886481791826,0.0010556704057542,0.197537584557609,0.00335294621340934,0.0230632790615176,0.25154558465547,0.0652313789771129,0.00666797147365717,0.00314376934274425,0.00119756816597145,0.000444042128955706,0.778707422078559,-1.10798824198047,-5.23175284699091,3.84595255897543,4.07608944177155
2012.189,45.79,0.430987590083127,0.00823222154353525,0.00683588595042569,0.00114245639436237,0.193799063411986,0.00352037443411332,0.023950108966963,0.252112098977696,0.0671937802109962,0.00678435601404631,0.00363223210088807,0.00136491490019531,0.000444917011665875,0.799257429689105,-1.05924117982798,-5.13364119049171,3.958023385729,4.00825450940908
2011.768,46.29,0.431058973146987,0.0081744956220148,0.00680845302324569,0.0012850471526474,0.195964250786079,0.00346587976165579,0.0235890170175059,0.247988713828582,0.0688969024681851,0.00678064861636809,0.00389745251188638,0.00166947329991163,0.000420692764930664,0.788312660744724,-1.04532102855751,-5.02713683630495,3.96522589212379,4.03496574876353
2011.368,46.79,0.440067248589893,0.00671557051000718,0.00650657972650073,0.00130851451673203,0.192320285342083,0.00357025921823514,0.0246051815781591,0.244689892509074,0.0686917873588441,0.00609904769866316,0.00335081889555337,0.00162200069199171,0.000452813364263969,0.827765417908498,-1.0295324864866,-4.990269597925,4.18249876603468,3.98652393172416
2010.939,47.29,0.445122713616812,0.00935411610321896,0.00635098326308495,0.00126669105007987,0.189184515052473,0.00330461465832645,0.0233286163503639,0.241492779043041,0.0699951973245241,0.00623880398189707,0.00240016920374912,0.00149104961245564,0.000469750739974269,0.855627196151028,-0.994296178890856,-5.0063147809948,3.86253353371461,4.04740293597793
2010.489,47.79,0.444289309630315,0.0109397570156861,0.00668251328562408,0.00151309378767648,0.188222006812098,0.00332855224493063,0.022640507464469,0.239777723854667,0.0717544392342297,0.00644240016566535,0.00246338274920629,0.00151817554682905,0.000428138208603672,0.858853795071357,-0.964372429843214,-4.82346573265504,3.70407236238553,4.0350847052552
2010.068,48.29,0.452430381019403,0.0103737307730974,0.00678219563687544,0.00162234844676787,0.182989846184779,0.00334522971750276,0.022216497436413,0.238646074193224,0.0701857343922791,0.0065597667638484,0.00293681512013672,0.0014539559666231,0.000457424349049965,0.905203231229479,-0.95828558937713,-4.72555590797049,3.77535717369239,4.00189529986208
2009.668,48.79,0.456268853695324,0.00939031862745098,0.00635840874811463,0.00165794683257919,0.182563866892911,0.00330293174962293,0.0230957767722474,0.237565987933635,0.0692637631975867,0.00610624057315234,0.00252521681749623,0.00144702111613876,0.000453667043740573,0.915982159830787,-0.96917819552445,-4.70152007838297,3.8834030019304,4.01228958433257
2009.239,49.29,0.477127310644631,0.00960728832145375,0.00676059371817968,0.00152370368919872,0.176005522049033,0.00317101707527219,0.0211017662724211,0.22629019150936,0.0673220020365004,0.00584637150466045,0.00308045155478969,0.00173787890655596,0.000425902717944701,0.997267984078747,-0.961028261839862,-4.74937136112363,3.90526134332473,4.01646298946033
2008.789,49.79,0.480075088249097,0.0101577981475191,0.00687748828846562,0.00197442726606038,0.17395004278926,0.00311827479466557,0.0214522422652262,0.225786860276564,0.066052693802939,0.00571803738328974,0.00318068830094833,0.00131548467088278,0.000340873765082764,1.01517437793583,-0.968315333148365,-4.47848978315474,3.85570082461994,4.02148824912367
2008.368,50.29,0.482091988377314,0.00969467879620148,0.00589212190039938,0.00166072306789483,0.173764139310669,0.00326680145687466,0.0209764291365428,0.225461569347661,0.0667294684498255,0.0057258120080494,0.0028890404156797,0.00137680832309736,0.000470419409789951,1.02043608463588,-0.957052197262967,-4.65044576786268,3.90655778582307,3.97388749999582
2007.968,50.79,0.486447463411433,0.00889890349757778,0.00621537728579797,0.00157268248099777,0.173403435594156,0.0030481357514238,0.0213491039112881,0.222184545903126,0.0671148933274024,0.00503525774248357,0.00315022642252412,0.00111935128670707,0.000460623385083581,1.03150802965278,-0.94921490072716,-4.70283812925589,4.00120084028934,4.04109070256393
2007.539,51.29,0.486030830268616,0.00979739520242898,0.00660839156599479,0.00146839673145316,0.174009256598388,0.00299014561499875,0.0209310193049912,0.218346107536113,0.0693056581169843,0.00544919480689552,0.00306896129422621,0.00156782574217087,0.00042681721673948,1.02716356201434,-0.920581947068155,-4.7749373499268,3.90415550397908,4.0637864097556
2007.089,51.79,0.484594698610872,0.00912651251279842,0.00649663428838376,0.00122114455979493,0.176944935941346,0.00303168198442647,0.0208998467820602,0.218375502557263,0.0686854481685252,0.00565066793823841,0.00320595831407015,0.00130586222003839,0.00046110612218223,1.00747428080416,-0.94630122805687,-4.97605000508581,3.97212922804094,4.06672101192046
2006.668,52.29,0.486453781430016,0.0103809501579256,0.0064976148384933,0.00129362609660303,0.176202193881751,0.00287718168874103,0.0212692769330373,0.214999920146537,0.069810354168535,0.00553691625583084,0.00300740425876945,0.00124079995970471,0.000429980184056089,1.01550973040089,-0.925849825222436,-4.9141829618092,3.84716948399285,4.11482092978552
2006.268,52.79,0.484568817103327,0.00908504710927474,0.00625786458822425,0.00112937051992362,0.177476445362632,0.00290606316712054,0.0207080477040098,0.21675399881053,0.0711365699439697,0.00514477102701349,0.00317776317025073,0.00119573042852224,0.00045951106520174,1.00442156068204,-0.914236348144849,-5.05717748243433,3.97662957138402,4.11203859622252
2005.868,53.29,0.486419474522252,0.00962290420428351,0.0064088593281659,0.001275618129931,0.172519980410608,0.00268841328488976,0.0208227031822506,0.216965336519601,0.0723615217162769,0.00539477496557754,0.0036948054778504,0.00132177114769735,0.000503837110615963,1.03655830969963,-0.868838368125843,-4.90708218931303,3.92292525647629,4.1615618955697
2005.468,53.79,0.500987195725522,0.00857077474907667,0.00627042244526519,0.00128654752908369,0.163769384692346,0.00280326333379456,0.0205980649899418,0.211527306206295,0.0720932274647962,0.00592184390067374,0.00396873968899343,0.0016417783359765,0.000561450938235075,1.11812129601457,-0.820499139957744,-4.84649695076448,4.06822241234119,4.06767503241358
2005.068,54.29,0.493666723948728,0.00754228836871966,0.00652880182617014,0.00127328549604686,0.169026281641009,0.0027035328598317,0.0207500882910506,0.214408558210526,0.0716517395028368,0.0064097273058172,0.00381309089039326,0.00176446789250277,0.000461413766367672,1.07180642613264,-0.858236783742844,-4.88845365080585,4.18133500848198,4.13549483118273
2004.668,54.79,0.483729992322729,0.0099959355625375,0.00633923214389399,0.00130965207125023,0.171917962878138,0.00261543324967904,0.0205828274291465,0.218215131320039,0.0737495403314775,0.00617407405017967,0.00334574169532203,0.00153158325967884,0.000492893685928659,1.03450948092806,-0.84634264061404,-4.87725589554989,3.87934831732194,4.18558764057377
2004.268,55.29,0.47400498566173,0.00905737105184113,0.00620512070076531,0.00157887845716618,0.174179817568938,0.00267510789002791,0.0213264119409422,0.224804052197979,0.0735821543090545,0.00685977762202933,0.00367249696418898,0.00160326763658582,0.000450557998752301,1.0011296400203,-0.861685672185568,-4.70337344214461,3.95763893284474,4.17609848763781
2003.868,55.79,0.467316625580663,0.00889932845634966,0.00660667943416322,0.00184762009530619,0.180934260726947,0.00313520378824624,0.0223514528444349,0.225703420722347,0.0716546575527409,0.00635916334561747,0.00320895858230785,0.00153759994399636,0.000445028926880247,0.948873262144425,-0.926275608502205,-4.58423538893617,3.96103120748487,4.0554395886915
2003.468,56.29,0.462989753705343,0.00986524985742574,0.0068486451952156,0.00175534637607344,0.18003858713669,0.00296325839028895,0.0221628356845914,0.230086281244086,0.0718764805178145,0.00637106904658781,0.00312710765404689,0.00154577173638305,0.000369613455453958,0.944533722718101,-0.918222103483124,-4.63050499816934,3.84868645679541,4.10688173047553
2003.068,56.79,0.458240549323537,0.00964278525465334,0.00663614025271009,0.00168118928950763,0.181063326906498,0.00315222991782681,0.0216149291634438,0.23641597788122,0.0698845574914833,0.00606139632391758,0.00338389982745023,0.0017166360516358,0.000506382316116757,0.928547420613364,-0.952002140522245,-4.67934538910035,3.86118426937731,4.05073672967798
2002.668,57.29,0.461790899206958,0.00964254498166624,0.00666464142576959,0.001498944742901,0.178774143003326,0.00319375159887439,0.0216674128080498,0.233735450243029,0.0703637972200904,0.0068898162360365,0.00382397458855632,0.00150027713822802,0.00045434680651488,0.948988951302274,-0.932444351344051,-4.78136188240651,3.86892711348118,4.02492696261065
2002.268,57.79,0.460049566934724,0.00984884666520375,0.00682836158046237,0.00131920331478876,0.181782860683352,0.00314956564391837,0.0223606252662287,0.232343715712976,0.0691691084405778,0.00656890965651663,0.00424545959133095,0.00190910147022757,0.000424675039692272,0.928521336253975,-0.966258548495163,-4.92578489664345,3.84397987938258,4.05554834911986
2001.868,58.29,0.457140765410836,0.00793156420075097,0.00601567948142063,0.00123093111501016,0.185777534018121,0.00317783728381152,0.0225662432032004,0.234586682615828,0.0698975299481073,0.0061906404564372,0.00326469734233038,0.00172851516452536,0.000491379759620992,0.900441459854085,-0.977519592525702,-5.01677901712959,4.05414109682244,4.06834903821494
2001.468,58.79,0.454694197986243,0.00790300069783671,0.00619828531552188,0.00127604426278537,0.187141112551092,0.00323746386202771,0.0233962217126907,0.234289951151431,0.0704192004785166,0.00611604027514704,0.00344432259994019,0.00143056524773203,0.000453593859036985,0.887762155807363,-0.977396984801697,-4.98809807182613,4.05238257813466,4.05707268019504
2001.068,59.29,0.455809749423926,0.00958701111286397,0.00635685819137298,0.00161766265203572,0.181346319461865,0.0032004117216534,0.0228218450405903,0.234892117030328,0.0728387845935412,0.00569737941236562,0.00348618585922326,0.00176248936428832,0.000583186135945731,0.921666935976872,-0.91216000155838,-4.71942627029291,3.86166633302602,4.03712910575704
2000.668,59.79,0.454975089693193,0.0107363690479383,0.00663112903485298,0.0027028621379425,0.175368291780403,0.00315333916093292,0.0226994835602701,0.234290954528635,0.077437804675308,0.00580391378727831,0.00429696088894133,0.00138360799918485,0.000520193705119886,0.953354382551719,-0.817413193124586,-4.17257702433077,3.74660571507869,4.01842634450351
2000.268,60.29,0.455650398717387,0.00905543732960375,0.0067030178668423,0.00221859526577223,0.18097885840088,0.00304515648247034,0.0223591369126495,0.228776400758862,0.0794955090173893,0.00629236126235578,0.0036919734345849,0.00130937792740431,0.00042377662379919,0.923345625964999,-0.822679690311287,-4.4015059875892,3.91836045879484,4.08482793021335
1999.868,60.79,0.447939215111383,0.00810465181562416,0.00674597481020318,0.00174419692706936,0.18656169878293,0.00307542591217881,0.0230875279938616,0.236633126017604,0.0747896171624985,0.00638540763429256,0.00311160739349856,0.00147470727310156,0.000346843165754852,0.875895533707759,-0.914082941589114,-4.67246777293711,4.01221934759711,4.10531860925408
1999.468,61.29,0.439551146489528,0.00918677736247846,0.00650115763538083,0.00176682404531939,0.187375346317564,0.00336616543747766,0.0237353585367206,0.243373525238574,0.0737725703515602,0.00615321832071513,0.00309371126226486,0.00166892925509141,0.00045526974732529,0.852640279939178,-0.93212681761536,-4.6639301945016,3.86798887759799,4.01933956054198
1999.068,61.79,0.434481577441795,0.00994829075246247,0.00637832414422228,0.00124262532842114,0.189295687737851,0.00326265066680271,0.0237690053045404,0.246389645031867,0.0742028309507238,0.00616210976645203,0.00298813128828543,0.00138352908022647,0.000495592506349779,0.830843266450296,-0.936507975492517,-5.02608393606636,3.77675279162117,4.06077032493481
1998.755,62.29,0.436260916954645,0.00949729217797908,0.00642594046711352,0.00157677051603514,0.185567049416013,0.00310169853715653,0.0232014131505443,0.248178874309768,0.0752044933534128,0.00601372940999447,0.00323193699998862,0.00128341786188906,0.000456466845460052,0.854824228624652,-0.90320528790597,-4.76803749104305,3.82723377366172,4.09146639246459
1998.505,62.79,0.427721088435374,0.0090870885926625,0.00673390743580669,0.0016662734457945,0.19429043293618,0.00338169950060949,0.0233511757304078,0.248433260587472,0.0735396759860013,0.00634928827022138,0.00351318272973929,0.00142419684636861,0.000508729503362038,0.789117204071932,-0.971529046643876,-4.75876445314514,3.85161675057251,4.05097572259224
1998.255,63.29,0.435079227762021,0.00842832999339312,0.00631364289529622,0.00123377026321649,0.189717121056711,0.00372442877288528,0.0249297030799237,0.246942646717064,0.0715185229798837,0.00667014653151164,0.00305765746692607,0.00187742358593989,0.000507378895228083,0.829994021092343,-0.975577647393691,-5.03545939048144,3.94392949770231,3.93062063568716
1998.005,63.79,0.43991571050144,0.00952989425204901,0.00648486139184778,0.00132013694552692,0.184094342465941,0.00353074362317812,0.0248434828201612,0.244385993097926,0.0747085424069086,0.00621087070504031,0.00290181045573369,0.00160533634224924,0.000468274991998227,0.871134784518192,-0.901853915216508,-4.93771287917235,3.83214952023651,3.95393985011661
1997.726,64.29,0.431856882557562,0.0124485671691237,0.00686036110650986,0.00147225443100878,0.18195262547623,0.00353818121583568,0.0237680967367898,0.249391419579261,0.0764657942686765,0.00655159847606427,0.00335928441278781,0.00175981447738943,0.000575120092761305,0.864347889367491,-0.866902846516226,-4.81695150108879,3.54648871350897,3.94013353933412
1997.426,64.79,0.42899726902664,0.0107590044829185,0.00745607255114134,0.00135775751017674,0.187583088576287,0.00324625135260473,0.0229620755397537,0.250515277992477,0.0745929303859432,0.00663420415314062,0.00361596331220694,0.00176482712423352,0.000515277992476941,0.827228666675613,-0.92217615055229,-4.92838743706946,3.68570752272396,4.0567209856653
1997.155,65.29,0.412795412873976,0.00941791894449689,0.00687730477338133,0.000974184120798831,0.193504875150932,0.00343140039571697,0.0235339193747817,0.269465854604833,0.0669334593568209,0.00734989285183336,0.00357523155002846,0.00176102514144404,0.000379520860956368,0.757649395150798,-1.0616037247622,-5.29145766420777,3.78033795654283,4.03233425024143
1996.905,65.79,0.418218781542212,0.00785936696566303,0.00672622788474357,0.000890323563579577,0.191169609019406,0.00377435296806262,0.0239244700908416,0.271709373631187,0.0633724694814222,0.00696190176922051,0.00355177207716772,0.00146998609762136,0.000371364908872765,0.782843657076659,-1.10413150751342,-5.36933136708247,3.97429863193903,3.9249320705186
1996.655,66.29,0.424636115533318,0.0099586180300798,0.00704902552135349,0.00103454924800506,0.186436404267732,0.00383166388150023,0.0262642018767737,0.259233073933809,0.0695916682322928,0.00650888451612265,0.0033718642157202,0.001630311180548,0.00045361956274535,0.823142418383704,-0.985445334179574,-5.19412436236626,3.75279429346225,3.8847910423825
1996.405,66.79,0.436410851624184,0.0110161088599412,0.00695854740663858,0.00117157824819728,0.185809036837202,0.00326514356948114,0.0242676272062564,0.245405408354349,0.0731684031211172,0.00683852542079299,0.00351473474459185,0.00168030780183825,0.000493726805410264,0.853864657241438,-0.931955786213407,-5.06636769273758,3.67922547652097,4.04141572860391
1996.126,67.29,0.432764941979828,0.0111614957804784,0.00690276194504119,0.00110634650772622,0.187696586570914,0.00341006803330803,0.0236562091246979,0.250126739694872,0.069905694463506,0.00729768563514093,0.00365514479134865,0.00184997941355232,0.000466346059585862,0.835367963562209,-0.98767964608985,-5.1337636057124,3.65772474295142,4.00809451565678
1995.826,67.79,0.433109950674514,0.00879725154500795,0.00623866349639602,0.00130361994675742,0.188028153200917,0.00363142360288119,0.0245317571798896,0.253506051541016,0.0694548747901109,0.00685242523209425,0.00293158552620089,0.00110402263433523,0.000510220629879219,0.834399920736001,-0.995914444587742,-4.97144673353612,3.89655227515327,3.94696695418941
1995.555,68.29,0.44157532863168,0.0104956574844603,0.00715526091544793,0.00111983956535405,0.183579590475747,0.0034300315395583,0.0244894690860938,0.245181522766685,0.0723354212305806,0.00588124920075485,0.00284322126571749,0.00148196484635968,0.000431442991561166,0.877700316246224,-0.93133437962653,-5.09946287919437,3.73938702655735,3.98007885267912
1995.305,68.79,0.439016160193737,0.010216760506075,0.00684122177204211,0.00146058135767067,0.183223170496987,0.0036557169761215,0.0242902354228133,0.246079331860164,0.0743617417828594,0.00617123032356932,0.00314652347528219,0.00111584030327467,0.000421485529402879,0.873831303018414,-0.901763334522276,-4.83187037410553,3.76050666516704,3.91441268369267
1995.055,69.29,0.423729185192404,0.00869745288879685,0.00668631917459467,0.001310708586603,0.188686002460624,0.00352161572850304,0.0259778543846613,0.254553981460051,0.0756020610770711,0.00615643233893267,0.00323779128549328,0.00143130352161573,0.000409291900649264,0.80901026617421,-0.914600725086014,-4.96951637404403,3.88606432560634,3.98116437274942
1994.805,69.79,0.417718105515448,0.00760755478427439,0.00662072300247928,0.00116583307083685,0.192107902906911,0.00362303258404634,0.0264805673178517,0.263071452897671,0.0705741640697919,0.00622668769738089,0.00307905464072465,0.00136343189640242,0.000361489616181717,0.77674960782842,-1.00139307897102,-5.1046212947434,4.00566501218975,3.97074580293799
1994.526,70.29,0.42276796559796,0.00884344937664467,0.00685565992112415,0.00116020606712848,0.190062642045777,0.0034704011225164,0.0250204909192873,0.261502727960058,0.0691412431687475,0.00621425441434569,0.00297316995088991,0.00157456537681722,0.000413224078703294,0.799469771054113,-1.0112022980127,-5.09875607938311,3.86714648233608,4.00308352825592
1994.226,70.79,0.433287359508933,0.00936527438485111,0.00688531721938837,0.00130152932683804,0.189566730567892,0.00342174330829871,0.0233725505194166,0.251097156953202,0.0702168498448682,0.00630327426055446,0.00333330146239787,0.00137562925178198,0.000473283391577468,0.826660052976655,-0.993152794225391,-4.98120112443057,3.83439252127576,4.01459094226542
1993.955,71.29,0.432496353242178,0.00934713606330212,0.00718280506543482,0.00122754917192136,0.187916001085207,0.00335294897702208,0.0240241957363044,0.248456439036794,0.0739206022655521,0.00657450517845694,0.00362425072661421,0.00147816872535625,0.00039904472585749,0.833578834280789,-0.933003485413546,-5.03097542176965,3.83450390153641,4.02615480998971
1993.705,71.79,0.433845059441904,0.00879263535951963,0.00702380909610224,0.00126105217019534,0.18563334638696,0.00322388645979663,0.0242893258460606,0.248179378383913,0.075179307726669,0.00645136566081888,0.00392566857920258,0.00172571336870986,0.000469451520148692,0.848913992217478,-0.903897442364657,-4.99182704403799,3.89877298433266,4.05318586540735
1993.368,72.29,0.428349084645163,0.00922376224646941,0.00650063426530545,0.0011281028680026,0.189733093669985,0.00353292796524881,0.0250675223397134,0.252821427401197,0.0718744295122944,0.00606413803110943,0.00356452420740241,0.00170736730748527,0.000432985540623406,0.81432016708784,-0.97069775252213,-5.12508097043227,3.83815547437571,3.98349133533598
1992.968,72.79,0.429983414606487,0.0087711215695169,0.00654910410523928,0.00112223104256445,0.187802411733575,0.0035935019278748,0.0254900015120587,0.252196028955923,0.0727772737582218,0.00629748809253799,0.00342221403190444,0.00152623421788765,0.000468974446208513,0.82835622853763,-0.947986675908018,-5.12007170253252,3.89228195199383,3.95626321430787
1992.568,73.29,0.443100958926086,0.00890228061913609,0.00730062048158479,0.00121741695430999,0.178290130772057,0.00340385122931944,0.023134803376165,0.247275366518834,0.0749752894114481,0.00685686488612429,0.00361343842017833,0.00146452283982881,0.000464455564928042,0.910385470807395,-0.866253586792261,-4.98668080789002,3.90749014908032,3.95850466643511
1992.168,73.79,0.440224596636114,0.0109620107101789,0.00686874501166554,0.00114057143161701,0.1786046920657,0.00313790388020802,0.0215189586689425,0.250414056743429,0.0747127585439593,0.0072151802595866,0.00327647797937644,0.00143504139234991,0.000489006676873182,0.902110104117048,-0.87152406479932,-5.05364554683774,3.6928493199276,4.04161991652896
1991.797,74.29,0.433582414300097,0.0114159248740219,0.00714798859823721,0.00111751694943622,0.1841431039677,0.00320964257482085,0.0223902503083471,0.251746442098975,0.0725343172975659,0.00690079590896099,0.00346842242140689,0.0019002937988109,0.000442886901619885,0.856368697595329,-0.931653402376639,-5.10460397961036,3.63707259248603,4.04955361074715
1991.447,74.79,0.425360568569906,0.00874826101640771,0.00663404713453301,0.00102296738575137,0.188624700212031,0.00353466323157714,0.0245816990037346,0.2551492813014,0.073592688282695,0.00660844246814353,0.00382363018082991,0.00184963232918335,0.000469418883807243,0.813177878120907,-0.941213650938813,-5.21705172227826,3.88408226623855,3.97714129982381
1991.068,75.29,0.435808993348201,0.00930914920273486,0.00654709394478056,0.00113129932134076,0.184264589248083,0.00344203836067507,0.0250943852651874,0.247699189917475,0.0749509870586579,0.00649895354812776,0.0032025398873274,0.00159585414904026,0.000454926748368943,0.86083134896674,-0.899538315718809,-5.09300589568566,3.84620635690929,3.98030886713581
1990.668,75.79,0.45056316849661,0.0121577385174287,0.00677531488664351,0.00132398974853652,0.170463680124077,0.00332213346086867,0.0226929140879264,0.244463898987688,0.0764766200973538,0.00663345884215745,0.0029654668347323,0.00171713364325502,0.000444482272722974,0.971976031625607,-0.801537179752639,-4.85787253954385,3.61253240380012,3.93791506899227
1990.268,76.29,0.441617318802985,0.0105033552777593,0.00714595705640288,0.00198051154026121,0.17169663821949,0.00314393837654599,0.0221503464128144,0.248752814913351,0.0814073647887384,0.00607441690828154,0.0031976567480877,0.00174726071646171,0.000582420238820571,0.94471452417159,-0.746263442890271,-4.46237402331998,3.73874895611677,4.00025291428651
1989.868,76.79,0.441026246475686,0.0107296559594989,0.00736627284303556,0.0020590707336476,0.178163730558296,0.00313990718018345,0.0222632630859919,0.243161495798934,0.0798863224293943,0.00643582586305282,0.00379768540772412,0.00147016244873406,0.000500361215821534,0.906401427393076,-0.802098307594101,-4.46044818124652,3.71609289678559,4.03850972306854
1989.497,77.29,0.439179740922292,0.00987548084064518,0.00686366406974302,0.00117424999103626,0.188495935584,0.00318596944132848,0.0221391582279454,0.242613877918978,0.0746461883614795,0.00629126521915065,0.00332042554717232,0.00182988357381768,0.00038416030241099,0.845832317138304,-0.926316982212962,-5.07844680647563,3.79485375958002,4.08031982487303
1989.147,77.79,0.443325226157058,0.0095436811851867,0.0067034061618791,0.00119248188001464,0.189654358808232,0.00324967254575113,0.0225079360625651,0.239741148532227,0.071500448296664,0.00698143937026754,0.00362846090763813,0.00159550249400889,0.000376237598507293,0.849100394212047,-0.975499531740938,-5.06916650259602,3.83842436601639,4.06664901519265
1988.768,78.29,0.435081134890559,0.0104476231505212,0.00681377309490604,0.00114394475963773,0.190713845869264,0.00362533131804342,0.0234849425228606,0.247034870843769,0.0705716559695662,0.00632212024076386,0.00299981258777342,0.00141411043691388,0.000346834315422079,0.82475841521345,-0.994145525104659,-5.1162915107111,3.72915802785702,3.96282843326186
1988.368,78.79,0.429838326143269,0.0105786895654336,0.00660987038570453,0.00118774880561235,0.191145477501575,0.00358255940554621,0.0244164459755353,0.250284263052563,0.0714411593587122,0.00585787088784223,0.00325182447390212,0.00140019168141294,0.000405572762892024,0.810374351832922,-0.98416063557902,-5.08097504494504,3.70456759311486,3.97695733771002
1987.997,79.29,0.43394552931898,0.00910083818271836,0.00659300743143894,0.00128377050363113,0.192610358236657,0.00355773608564441,0.0238281240281534,0.246482692733511,0.0706384767913699,0.00627455273286378,0.0037716978362496,0.00146538919891228,0.000447826919871324,0.8122497387407,-1.0030942859141,-5.01086782519834,3.86455250046979,3.99154486742595
1987.647,79.79,0.439647089788577,0.00930913483872454,0.00671106750002123,0.00119714867567702,0.191792436009553,0.00340465687196089,0.0236749189468488,0.243457831135326,0.0693230348628616,0.00608277670569428,0.00335128854194084,0.0016350115651597,0.000413604557655384,0.829558611612774,-1.01763648043914,-5.07647109903044,3.8549761776213,4.03126956210204
1987.268,80.29,0.442653034473719,0.0100694481347254,0.00672871062175034,0.00135684248936313,0.189386397801655,0.00328051212832967,0.024024024024024,0.239190429123579,0.0719350888442512,0.00583123430154496,0.00351787099722609,0.00157766889972946,0.00044873816010269,0.84899688441359,-0.968025192312731,-4.93862905943556,3.78328034295585,4.05578981397002
1986.868,80.79,0.448410249554474,0.00946915214503213,0.00678942863997766,0.00132255396151463,0.189188479456846,0.00319179539087557,0.0231924399568857,0.231766838988604,0.0749797379481077,0.00580109409112015,0.00402734392251839,0.00136910595113473,0.000491779992909774,0.862964785053785,-0.925525847599363,-4.96317907736832,3.85766917642733,4.08216018701366
1986.497,81.29,0.445218368404783,0.00934193869911035,0.00682074361738014,0.00131995434815059,0.189925327961053,0.00314767385961469,0.0223875070963708,0.238623768346249,0.0714185806788303,0.00611081269459924,0.00382469407736602,0.00151036628439316,0.000350263932100514,0.851933893140895,-0.978072915092513,-4.96903383291441,3.86405107712204,4.09996726140174
1986.147,81.79,0.453032314449783,0.00934960167973085,0.00662939457924424,0.00132872110002001,0.190491472855365,0.0031086389372126,0.0214288844071855,0.234165185375541,0.0684966385250959,0.00595674432540167,0.00357049386502704,0.00197650224236489,0.000465407658028401,0.866356025614277,-1.02282276021307,-4.96539053096308,3.88062971597026,4.11542244202
1985.826,82.29,0.476081651580438,0.0100572304852769,0.00635664716131743,0.00173895277164968,0.17865530168248,0.00303140215836752,0.0230104199427466,0.22119594037745,0.0703638830413653,0.00523407566912377,0.00265491601374634,0.0012293190880771,0.000390260027960983,0.980131116060965,-0.931778153852323,-4.63217518372833,3.85729754935892,4.07643298937467
1985.526,82.79,0.529839023457336,0.014918522524186,0.00660129124158352,0.00175418928098024,0.155232561973661,0.0026391975573244,0.0191430851309377,0.188246931817432,0.0723952597321234,0.00491964362259871,0.00265898164695951,0.00124903552563029,0.000402276489247347,1.22764883881117,-0.762783568339138,-4.48291759024663,3.56996966774221,4.07444947687869
1985.255,83.29,0.554910230212416,0.0160690450753832,0.00662450146397086,0.00157320253950324,0.147982277826769,0.00213401394435579,0.0179486291424781,0.165202251771018,0.0785615520488932,0.00459572291387482,0.00293993057128166,0.00103370463222228,0.000424937857833643,1.32171383111844,-0.633210102106218,-4.54397914637841,3.54191159812883,4.23908783494746
1985.005,83.79,0.536192275443382,0.0153273225145671,0.00608555599189123,0.00130016238762882,0.159780670565385,0.00227263078572262,0.0192026024474894,0.170720608369862,0.0783201901951836,0.00463945700973264,0.0039455948375593,0.00168755771128965,0.000525371740307157,1.21069075373793,-0.712996639193074,-4.81131289562228,3.5548557985418,4.25286396896277
1984.726,84.29,0.507841376076053,0.0126450303507224,0.00633907493223747,0.000968414582124471,0.173673430996155,0.00251045914244305,0.0196014530193074,0.187667087946882,0.0779898309844974,0.00514014853439528,0.00365374475718097,0.00152747197426746,0.000442476703734026,1.07299244459838,-0.800598256203753,-5.18927169847628,3.6929048666646,4.23671104070953
1984.426,84.79,0.474430167673247,0.0102021389362802,0.00615985152485497,0.00112388118549198,0.185706933548529,0.00273907655043401,0.022240564618255,0.209339145580076,0.0771915990188456,0.00550394709528916,0.00380522831984062,0.00109194576382773,0.00046552018502892,0.937944631852651,-0.877879174915935,-5.10738176599935,3.83951703893683,4.21654896682071
1984.155,85.29,0.477351569678595,0.00986177787168387,0.00693321802538413,0.00130089969682526,0.179452909642136,0.00274183958764305,0.0208856436689548,0.213771356129584,0.0763550731402908,0.00581903858721556,0.00331059932289338,0.00176032980694108,0.000455744841852855,0.978340431072476,-0.854518356381614,-4.9268567321088,3.87958679886645,4.18128375420901
1983.905,85.79,0.483602428647972,0.0107506438287502,0.00643458378909578,0.00210370889804666,0.174025121049682,0.00273087094042208,0.0199864691023928,0.213816577324882,0.0759989530838348,0.00562840895903447,0.00325309445208507,0.00126173151044817,0.000407408413354107,1.02206347810379,-0.828480097663621,-4.41549773378074,3.80629749691936,4.15457907852778
1983.655,86.29,0.477301248705762,0.00979379514239737,0.00669011888277634,0.00223918765515263,0.1741164876564,0.00283547272432419,0.0201539363546773,0.219499020745232,0.0756895325773736,0.00587802352706361,0.00350910020832554,0.00172897720893679,0.000565098611578908,1.00842329568523,-0.833084668694781,-4.3536113983672,3.88639880377656,4.11751587543704
1983.405,86.79,0.450422566851108,0.00888587348068241,0.00641366736290829,0.00142160360971592,0.182930772555903,0.00321534288103345,0.0231563684551491,0.240024098053209,0.0727105431251907,0.00571250931757354,0.00339573791211472,0.00121057546014915,0.000500340935263144,0.90107839036474,-0.922621392847183,-4.85732225217921,3.92572341322967,4.04117378682465
1983.126,87.29,0.442879670168031,0.00791484243861076,0.0065282849083704,0.000913916624846419,0.188492870368768,0.00330091543080624,0.0236720629207261,0.245710540432969,0.0695723086507346,0.00563599944624223,0.0029710401993528,0.0020171059234776,0.000390442487064565,0.854237925050145,-0.996693559237576,-5.3290761149647,4.02455832179286,4.04486034991752
1982.826,87.79,0.445808878063967,0.00823390988252314,0.00646214278519956,0.00110449305485611,0.187826769706903,0.00309372510598555,0.0222569657458361,0.243386776299525,0.0708306245593473,0.00598486443921511,0.00332263558367594,0.00122696016042046,0.000461254612546125,0.864370235340935,-0.975228642865964,-5.1361336445011,3.99162935692545,4.10614419956364
1982.555,88.29,0.448371661734504,0.00981965307031683,0.00655730183510275,0.00130880412249151,0.185172843038889,0.00293635758846804,0.0217196285604241,0.237289568082566,0.0746754853985031,0.00658507166427001,0.00370304635025965,0.00143799419731309,0.000422584356893015,0.884332814970466,-0.908137811372464,-4.95217583891405,3.82123669771734,4.14411977782759
1982.305,88.79,0.449573207631302,0.00926157640174903,0.00663621183097566,0.00141278284094477,0.181247980926294,0.0031338298927559,0.023903557664745,0.241055787859623,0.0728049540674951,0.005949158017827,0.00334881858594315,0.00121599424876808,0.000456140031577175,0.908432551280706,-0.912082150690741,-4.85430474858608,3.88242443329729,4.05761028949249
1982.055,89.29,0.436375522983963,0.00796980003345348,0.00691809253932697,0.00141466683721383,0.184316657975321,0.00353557384200117,0.0258444544294705,0.248013836185079,0.0749095608082624,0.00558541952961781,0.00323165005471721,0.00139280181654592,0.000491962965027993,0.86184791819935,-0.900373715681578,-4.86976119305879,4.00284376131628,3.95377962798258
1981.805,89.79,0.445153671770026,0.0101467833287572,0.00665639677421706,0.00133273722601134,0.186421630920476,0.0031502166153577,0.0229031560481,0.240563321419286,0.071253453332329,0.00659443724958025,0.00333731008190806,0.00195354736501935,0.000533337868932522,0.87040861114449,-0.961767655433019,-4.94077604923941,3.78126281053671,4.08053972397598
1981.526,90.29,0.450220373390769,0.00954210171430907,0.0068005052902835,0.00147837071527902,0.181213393798295,0.00331371387156444,0.0235072963003472,0.240039327064881,0.072758675812533,0.00587141540173823,0.00312981897771266,0.0016045730934126,0.000520434568874647,0.910061873451208,-0.912527153989906,-4.80873469476528,3.85402341485784,4.00160573210795
1981.226,90.79,0.452323683320204,0.00923101998078723,0.00667754896416497,0.00156443316153791,0.183460965725702,0.00306465912149731,0.0220860425891307,0.23820871785627,0.0728615914989665,0.00585149862077992,0.00290043685592151,0.00135082074090172,0.000418581564136821,0.902396113060074,-0.923440289436755,-4.76447836274295,3.89182848754871,4.09206557729954
1980.955,91.29,0.455720805841029,0.0104239517349187,0.00725734052370878,0.00114761405513319,0.186306478243673,0.00295943799556775,0.0209357951370796,0.233913627603006,0.0703899251037436,0.00613232718300928,0.00306993037724359,0.00131209703240064,0.000430669169486524,0.894487303925123,-0.973342906583198,-5.08970799771941,3.7777741444857,4.14239366623743
1980.705,91.79,0.448206395972854,0.0101303774506219,0.00703665524163586,0.00121366380215275,0.189356321784852,0.00302767247825666,0.0217244641125865,0.237951231709532,0.0696871837574276,0.00623816117549649,0.00334258815869863,0.00166185840353083,0.000423425952354555,0.861623291059202,-0.999614116926095,-5.04998682025254,3.78971525337956,4.13583637521544
1980.455,92.29,0.437070744625194,0.00636160639744957,0.00655640624339072,0.00112093397064422,0.19147823028236,0.00346966354170609,0.0252182314845529,0.24698839438175,0.0703617043539435,0.0061812773972069,0.00344072185030912,0.00134467550798234,0.000407409963511206,0.825320946836512,-1.00112497925866,-5.14061188200645,4.22981414533261,4.01071649495767
1980.205,92.79,0.434834137472216,0.00762811282653451,0.00654900327231499,0.00133604040046226,0.188026366571438,0.0035434590326499,0.0251835962227886,0.250895704662912,0.0709697663459951,0.00603951487082938,0.0031433029061612,0.00142459954320976,0.000426395872487954,0.838382464494068,-0.974328240477689,-4.94687188619238,4.04312418647875,3.97147882278237
1979.926,93.29,0.435127152615908,0.0080785220105864,0.00624021041731748,0.00118075747612816,0.184997717129394,0.00361873220944737,0.0250951924274233,0.254289939858921,0.0702042786893483,0.00599663140050289,0.00316980406634961,0.00146147410088759,0.000539587597786599,0.855294808079021,-0.968934225995968,-5.05418732370957,3.98642935692078,3.93421973904888
1979.626,93.79,0.435115111573081,0.00873896985646991,0.0063626512152509,0.00128491496561028,0.185290930402282,0.00352411703562819,0.0253897870270031,0.253844792887631,0.0704370037817635,0.00550788420284406,0.00296569874162373,0.00109140367560873,0.000446734635203574,0.853683433775813,-0.967208439638726,-4.97123464507677,3.90781830305947,3.96229726807129
1979.355,94.29,0.428677095464417,0.00901878172817079,0.00646366632643426,0.00131521558294401,0.187255223766508,0.00366349366223465,0.0253038485231366,0.257702442029344,0.0702347603609761,0.00591284954383377,0.00263155528177089,0.00133320143706974,0.000487866293160429,0.828231424995991,-0.980629168975764,-4.95847192569753,3.86139468273167,3.93405527465177
1979.105,94.79,0.431672891806084,0.00816601548069214,0.00663647281064218,0.00139831298170393,0.185791463894743,0.00356525699514891,0.0249446684906491,0.257708641419839,0.0692032593484611,0.0061314039260835,0.00306680473353205,0.00118106719511429,0.000533740917306549,0.843043223649079,-0.98757692095914,-4.88935838594429,3.96768701788864,3.95338874321603
1978.826,95.29,0.427264599957786,0.00825158550452693,0.00668017066758609,0.00156920468949086,0.187340938450709,0.00360917078582898,0.0253304999243024,0.257035728138603,0.0715623642831331,0.00593535097694043,0.00329090955303083,0.00167639684081524,0.000453080227247361,0.824473336229951,-0.962360859847,-4.7823612333051,3.94699812909465,3.94945211036999
1978.526,95.79,0.42745139309111,0.00856485744604348,0.00693366483376744,0.00146018048356968,0.183041077990301,0.00370197409385496,0.0264959176335429,0.257726240276426,0.0733192577196629,0.00594815263051733,0.0032229208871583,0.00166407956010419,0.000470283353942487,0.848129983996588,-0.914887298469215,-4.83115055058077,3.91017309368095,3.90084438129554
1978.255,96.29,0.439526708788053,0.00828948879954049,0.00651809304997128,0.00127627800114877,0.183592188397473,0.0035807007466973,0.0246685812751292,0.248245835726594,0.0727823090178059,0.00611143021252154,0.00324755887421022,0.00172774267662263,0.000433084434233199,0.872981555701047,-0.925244012752283,-4.96876889999514,3.97071018359335,3.93715840986743
1978.005,96.79,0.442563289914419,0.00903249064736904,0.00644151053145503,0.0013192655903907,0.184400817878316,0.00340819492840247,0.0247984332477046,0.245082611681417,0.072241125920749,0.00598258746354879,0.0029603302476747,0.00129272546116239,0.00047661648739178,0.875471735814191,-0.937102251638774,-4.94003653561102,3.89175533367863,3.99092894182888
1977.726,97.29,0.445633000570878,0.00731664033217804,0.00616205652756783,0.00158327649502567,0.183483678675051,0.00351613530866943,0.0260326576167252,0.241313360458926,0.0748319973658384,0.00519883429798098,0.00284262808931347,0.00162069356276767,0.000465040699079113,0.887370025613941,-0.896880153206168,-4.75262928813312,4.10934449300278,3.95476325621186
1977.426,97.79,0.452474633109005,0.00924382531950079,0.00629534492514428,0.00181133446646623,0.179300222941892,0.00342566578854339,0.0256158810801464,0.234325390093587,0.0772186658290385,0.00529938458406617,0.00323960726328704,0.001304598600621,0.000445445998701968,0.925670078129149,-0.842420410856227,-4.59499777609653,3.89077590654296,3.9577657803735
1977.155,98.29,0.458924426247559,0.00790096380073212,0.00671896523441099,0.00218984335148278,0.175427912693901,0.00317634025379262,0.0244646737481714,0.228299877081138,0.0822376626090708,0.0049976517328863,0.00375048594522807,0.00149210465406318,0.000419092647564431,0.961657343163803,-0.757614824921885,-4.38339819237574,4.06190079568209,4.01149853418971
1976.905,98.79,0.453252951740308,0.00958739302822869,0.00611643622089424,0.00245667341391983,0.177984781358262,0.00326897829609172,0.0255469885443057,0.22570769318586,0.0854917957206901,0.00547866711745929,0.00310432190105687,0.00148410297391404,0.000519216499009866,0.934752313353112,-0.73327763379419,-4.28288988461287,3.85600135279235,3.99722056024079
1976.626,99.29,0.448011918948519,0.00901595222773173,0.00564264422618375,0.00199197290829141,0.179358687775513,0.00331849311689493,0.02567419567379,0.229337803304461,0.0868410291604223,0.00542119209218548,0.00355529341859606,0.00142957219175124,0.00040124495566024,0.91543219370881,-0.72530844698271,-4.50026208433347,3.9058243587435,3.98987684370792
1976.326,99.79,0.442650158089342,0.00900857464591952,0.00641571657704164,0.00181928636403084,0.183630065582166,0.0036203584358423,0.0258514378040849,0.237544370551561,0.0793714569183775,0.00552964483201601,0.00267857238520442,0.00142285765102059,0.000457500163392916,0.87985652652597,-0.838784401706213,-4.61447890415498,3.89460288499546,3.92635018431198
1976.055,100.29,0.444595066856317,0.00857100882142786,0.0066244181931098,0.0026922828644376,0.182626706466599,0.00338566534668011,0.0253190338499756,0.239786798798879,0.0763933871567311,0.00526992945974041,0.00277686884943027,0.00147580284342466,0.00048303049324759,0.889719691649696,-0.871548077242888,-4.21705473192401,3.94877846464448,3.9878937697148
1975.805,100.79,0.446489914767704,0.00987775118771146,0.00648378464404022,0.00432173718273663,0.180415433765193,0.00348945500842892,0.0243861034812029,0.238626852299386,0.0756469048769849,0.00544991571079963,0.0029471748382001,0.00146061984981197,0.000404352387801054,0.906154655763877,-0.869185631315112,-3.73160470993255,3.81113193948279,3.9455165910141
1975.526,101.29,0.44638380462032,0.00909552434608369,0.00592365959511551,0.00453653035735145,0.180840094886379,0.00356160875542497,0.0245538722807774,0.241110017881051,0.0736470154819348,0.00545304651768786,0.00306740886504749,0.00147923012642532,0.000348186286402315,0.903565943312339,-0.898329568024652,-3.6854507057189,3.89339666800255,3.92740084674397
1975.226,101.79,0.430701075417605,0.00847858894140336,0.00641164235770284,0.00213829515824249,0.189657483600638,0.0035587804150325,0.0258281839841909,0.248630323576596,0.0741225206370347,0.00555545946319927,0.00303231441803346,0.00143345772488854,0.000451874305432437,0.820194561545644,-0.939500319063522,-4.48521087090911,3.92787025142475,3.97580182129481
1974.723,102.29,0.431718647896589,0.00884986389818113,0.00626522760811331,0.0014064575877305,0.187752350947952,0.00356266525876656,0.0260475945247688,0.250244507242175,0.0741170692020409,0.00549708538712204,0.00285078134128451,0.00124958347217594,0.000438165633100655,0.832650285793962,-0.929477952880823,-4.89404961824151,3.88737201788831,3.96461487931478
1974.073,102.79,0.433311302931379,0.00741467669828808,0.00646892711942481,0.00136744262637996,0.184606979854421,0.00365949454691919,0.025962494909642,0.250576907243107,0.0759970982177627,0.00598158792466938,0.00298745602264458,0.00128510678069069,0.000380525124672047,0.853227282050408,-0.887533973837441,-4.90528683273096,4.06799504050073,3.92090409610794
1973.452,103.29,0.428055884987747,0.00860288637966756,0.00678796415334819,0.00129004538966568,0.184208515628374,0.00377490535053246,0.0252959629884317,0.257049018402802,0.0739600185589362,0.0060017562334661,0.00299977078163463,0.00151704908484291,0.000456222060551298,0.843185406368004,-0.91254369564027,-4.96139094954931,3.90715598696669,3.88769304341121
1972.852,103.79,0.424118342418073,0.0078643199579694,0.00622249950745386,0.00128718723320418,0.186236071889845,0.00368096145005582,0.025373787789234,0.262055340294652,0.0723232853921762,0.00577482979794663,0.00300672051837744,0.00148530023423305,0.000571353516779405,0.822997453100862,-0.945868929069544,-4.974555674286,3.98767645733231,3.92384109100431
1972.223,104.29,0.434209430919957,0.00720879997195787,0.00592170986907829,0.0014754981860245,0.186035455772298,0.00359837530890162,0.0253102160996898,0.252178742310321,0.0742251169882749,0.00539811066126856,0.00259937430990063,0.0014032020610968,0.000435967541230699,0.847589699450546,-0.918834681199836,-4.83694159197581,4.0982244793806,3.94545483746747
1971.573,104.79,0.440277481323372,0.0088176150087064,0.00645172161995169,0.00175700724596978,0.179744986799978,0.00354322305229456,0.0255765882154693,0.248063809470314,0.0757917204965455,0.0056170308374993,0.00256585968656968,0.00131438521597484,0.00047857102735494,0.895866061149071,-0.863550047960373,-4.62792717311071,3.91065374123822,3.92650232669298
1970.923,105.29,0.443735854035639,0.00974697119890114,0.00649459760898666,0.0018054958798381,0.175436459739472,0.00360986402958262,0.0249002804664743,0.247114984488073,0.0769641956972586,0.0053826557367066,0.0027144463352719,0.00164535820654828,0.000448836577248948,0.927952537469506,-0.823936601815275,-4.57644164485572,3.8182728715693,3.88360681788257
1970.273,105.79,0.438152059435939,0.00824741814695839,0.00594425352180806,0.0016061687433626,0.181956601562414,0.00350146984778226,0.0260680857238973,0.245963690252392,0.0780602406724581,0.00566281669887799,0.00314417700617182,0.00125767080246873,0.000435347585469945,0.878797812101058,-0.846287360768222,-4.72991652509664,3.97266581830656,3.95058536884107
1969.623,106.29,0.432399444033209,0.00849819736821084,0.00632651865737215,0.00147938289816329,0.185576815545769,0.00353496892656872,0.0265085392025817,0.249717490054904,0.0752312534281956,0.00557777410920168,0.00309402974741854,0.00164233868176227,0.000413247346643164,0.845880903685643,-0.902902147594269,-4.83184385618569,3.9294957333174,3.96076438722006
1968.973,106.79,0.434052497839956,0.00760186746840703,0.00602474299991604,0.00137732702908647,0.18635893609989,0.00358360088123424,0.0262797397957177,0.25131967271479,0.0734616925606274,0.0053158871909649,0.00299058507704423,0.00128061656639598,0.000352833775969682,0.845490911461263,-0.930910497387686,-4.90752989264935,4.04477155291445,3.95130645043982
1968.352,107.29,0.444424926988977,0.00986852916077838,0.00613666575627181,0.00163531093006468,0.179300567429094,0.00350294253972967,0.0260391817325683,0.243884583086375,0.0756311472901776,0.00536717433457124,0.0026620550067373,0.00120920080552946,0.000337714939126316,0.907717602229679,-0.863195345767941,-4.69723058773474,3.80743032638385,3.93546020437649
1967.752,107.79,0.4552863079497,0.00881501070394157,0.00648113167946942,0.00165866119776207,0.178671272060014,0.00315661335684003,0.0246880265769574,0.234347359394583,0.0769460485365283,0.00485845011723365,0.00312183304249795,0.00155671889710424,0.00041256648736815,0.9353788207726,-0.842443140611673,-4.67953687893163,3.9444704391621,4.03604791815118
1967.123,108.29,0.45983429635469,0.0106136816648589,0.00647655649313657,0.00158755801510306,0.176633138056814,0.00310709518181608,0.0261734507340786,0.221432154669692,0.0827704405686057,0.00536150044274284,0.00395371181267058,0.00157662609304037,0.000479789912751115,0.956791283987909,-0.758003915594044,-4.71187791921885,3.7687223073196,4.04038665070428
1966.473,108.79,0.449316948412451,0.00898499541753238,0.00646583782383171,0.00124638320945476,0.187921958896945,0.0031369510035844,0.0286572170266263,0.215837823831711,0.0862511576128942,0.00495914166302788,0.00481159100396827,0.0018809710032965,0.00052902309467714,0.871701772785112,-0.77876328697654,-5.01578083958645,3.91217252695952,4.09277545418666
1965.823,109.29,0.453177807963876,0.00918988961469455,0.00654152314104377,0.00109527628778993,0.18203376000816,0.00330089615621769,0.02975790337461,0.217983161720731,0.0852797184966087,0.00514490099629576,0.00443905627749781,0.00149977514962981,0.000556330812845678,0.912092396106726,-0.758255504943998,-5.11318551536703,3.8981806356951,4.00999817032891
1965.173,109.79,0.44799820677816,0.00865448223452936,0.00629595814357802,0.00099829971953573,0.187373094018402,0.00323217302403901,0.0278485164916271,0.226375669041228,0.0802729196166442,0.00542012235458775,0.00374171044934422,0.00132304782107145,0.000465800307253254,0.871687445325158,-0.847669460421441,-5.23480351193616,3.94671186554118,4.05994711046304
1964.523,110.29,0.451215666606756,0.00795556421330641,0.00638748290124101,0.001098840782168,0.182476449183726,0.00342136615721065,0.0265379196931425,0.233338463409463,0.0771071967075674,0.00539411361432518,0.00316199237807011,0.00134422344459141,0.000560720908432446,0.905324302543667,-0.861424500403081,-5.11236532938912,4.03807383677593,3.97658118664298
1963.873,110.79,0.454857094672752,0.00792417012425704,0.00590150678148966,0.00119673346897033,0.176932773200089,0.00341831185987732,0.0261497614100482,0.237036468479532,0.0764060807465368,0.00519125033242596,0.00305291356492522,0.00143348561865823,0.000499449740437483,0.944213443977991,-0.839707564069402,-4.99617411207186,4.05006569387779,3.94662302701108
1963.252,111.29,0.464358808342667,0.00927760899453189,0.00614685030386776,0.00131925051744967,0.173581631955745,0.00326627432766291,0.024230659196705,0.232679190473598,0.074723553891789,0.0053383894951058,0.00278444095166725,0.00187289559852161,0.000420445950688524,0.984009557308786,-0.842852634340667,-4.87958420438805,3.91305368508161,3.97299800390307
1962.652,111.79,0.475564347886989,0.00877421606707993,0.00607145440496188,0.0011619349201629,0.173558861992672,0.00330439594884272,0.0240125562453428,0.222687353394699,0.0744935766354636,0.005358448885771,0.00299439354919451,0.00149030783238285,0.000528152236437682,1.00798539556001,-0.845803902045931,-5.00643015393932,3.99268477133989,3.96126311633942
1961.965,112.29,0.477948045394933,0.00889283368298554,0.00638124742874937,0.00113760083280109,0.175204165823789,0.0030764090453472,0.0232395598700794,0.220596825627726,0.073713351865279,0.00512545430163128,0.00298776482460945,0.00121601687422294,0.000480724427847014,1.00355007918904,-0.865768007900926,-5.03703044361761,3.98425628671352,4.04218893331853
1961.215,112.79,0.460936442780459,0.00874870314402995,0.0069285939825883,0.00105778339122198,0.181678244395327,0.00328724795886147,0.024250078939059,0.23018967928188,0.0727773016374216,0.00526636293923948,0.00303915377328702,0.00122581081690649,0.000614596959718526,0.931022930755872,-0.914833118689845,-5.14606165630043,3.96435468806261,4.01218650652206
1960.494,113.29,0.448697036778127,0.00779965565005761,0.00609193021519714,0.00106476626924023,0.187892949456505,0.00341221449808191,0.0251714198178139,0.237744939393547,0.0721020449553596,0.00513504300059118,0.00316409267242309,0.00125463340539654,0.000469273887659068,0.87047552607884,-0.957789976211797,-5.17311707329235,4.05226832365186,4.00851088942018
1959.794,113.79,0.449033053310782,0.00703852136003963,0.00648696724027576,0.000923934102774717,0.18715170328763,0.00349065757987551,0.0258766310513096,0.235455323576618,0.0741446323854014,0.00536011303081687,0.00305567458522806,0.00145390097714666,0.000528887512102349,0.87517696492567,-0.925901858133608,-5.31103406272564,4.15569838639985,3.98182939873033
1959.065,114.29,0.446714601674341,0.00781553733574088,0.0058813619359465,0.000847754153455381,0.186756460210632,0.00350765030627144,0.026427250814276,0.234286849767165,0.0775754447199496,0.00505196678963602,0.00317502829446984,0.00150543858588128,0.000454655412235306,0.872114499457508,-0.878554473150528,-5.39497001484395,4.04580619721774,3.97485903134479
1958.315,114.79,0.440805775626639,0.00864180839845334,0.00644944974718114,0.00110753589487062,0.189176648730498,0.00358759430008382,0.0263245274856015,0.236278290025147,0.077165184003461,0.0053851769732039,0.00309547629992159,0.00151637238731309,0.000466160127626207,0.84592313243953,-0.896732857019056,-5.14054359478428,3.93199249406294,3.96519936143668
1957.565,115.29,0.438645284501663,0.00781972899774799,0.00592791018983678,0.000930593171284071,0.194974585616684,0.0036642766301753,0.0260397081254199,0.237393156073467,0.074315417214178,0.0053342741373264,0.00300937564697879,0.00147880867173405,0.000466881023504608,0.810821858592722,-0.964550790182643,-5.34480229746882,4.02704117955462,3.97423827643525
1956.815,115.79,0.436769194297177,0.00792212251649645,0.00604152204257237,0.000958904255217364,0.191596937034434,0.00368040635428217,0.0270204761140352,0.241257971821822,0.0744362716696947,0.0053324431753551,0.00308082542308195,0.00143623020931115,0.000466695086519316,0.824011016908567,-0.945450533677913,-5.29735792638814,4.00974573163785,3.95237071071461
1956.094,116.29,0.438289170265859,0.0081667353101179,0.00628362886725091,0.00120034270334797,0.189556137495402,0.00357459854593348,0.0269625603199739,0.238919955862628,0.076517993027,0.00547532469820741,0.00329158196358447,0.00130385849611375,0.000458112444580508,0.838193677889388,-0.907159304589402,-5.06207811858803,3.98280966445491,3.97083234573668
1955.394,116.79,0.439464056432155,0.00793998799220168,0.00638729422029138,0.00117941764426785,0.191428815567863,0.0035438745612319,0.0266465187503795,0.237885952899748,0.0753197020087203,0.00531356319047651,0.00301993879170967,0.00134581784574701,0.000525060095207899,0.8310399116755,-0.932774271798907,-5.08949522439464,4.01364416797811,3.98929538181317
1954.694,117.29,0.438621305250998,0.00862641371562589,0.0061607864628969,0.00118796415104866,0.19123050551922,0.00364593417628469,0.0270529847325823,0.238280886794455,0.0749741021627292,0.00518284912308337,0.00298413094296569,0.00160254832530965,0.000449588642800182,0.830156874802117,-0.936336786177546,-5.0812384909854,3.92880755184383,3.95986691317154
1953.994,117.79,0.441320250749523,0.00905968928863451,0.00665467429817389,0.00123521395475606,0.188248569092396,0.00361733442354865,0.0264671572635596,0.236544017443445,0.0766879258653584,0.00548487326246934,0.002962115017716,0.00122976287816844,0.000488416462251295,0.852007538524378,-0.898018989836085,-5.02651906775569,3.88593597945858,3.9520258580333
1953.265,118.29,0.443589743589744,0.0102813374576521,0.00633830744303568,0.00126335588111991,0.188218498249431,0.00334930940322014,0.0255367846176507,0.233354861370769,0.0771825464269123,0.0055519675493162,0.00328359223630987,0.00157494589664276,0.00047474987819663,0.857296621655581,-0.891430163783374,-5.00383193458152,3.76456977990741,4.02884933640764
1952.515,118.79,0.443359308691824,0.00971869207317763,0.0067684556695011,0.00127877527278653,0.187640467239588,0.00352964608479751,0.0258753952320921,0.235606988223951,0.0756989695108289,0.00563340115746137,0.0032048597987004,0.00118258421244418,0.000502456832847097,0.859852798323128,-0.907763175994405,-4.98862492178903,3.82032947281988,3.97333011688761
1951.794,119.29,0.437337304262796,0.00805943892016914,0.00661610726867624,0.00113412603087145,0.191384883975335,0.00343140100285318,0.0260603408629181,0.241561030715169,0.0735049852429664,0.00560588673920906,0.00330079790677841,0.00148463348529431,0.000519063586963802,0.826418260859251,-0.95693326945105,-5.12842416233989,3.99386081945069,4.02131786637977
1951.094,119.79,0.445766826355024,0.00804313733914799,0.00629981310017401,0.00125351779844895,0.189542202840018,0.00354465187222067,0.0256503899117059,0.235304732647318,0.0745203978603192,0.00490665750069819,0.00315366602934542,0.00157790715160369,0.00043609959397624,0.85518429843674,-0.933538821314074,-5.01865786848954,4.01497678105541,3.97917175332152
1950.394,120.29,0.451171018866571,0.00827689655056441,0.00625896159309238,0.00131165772235681,0.185774455409803,0.00345851630211177,0.0257152178080518,0.232670142746477,0.0744259255314736,0.00561546455665408,0.00321300088228601,0.00163901161545783,0.000469730415100431,0.887313134296654,-0.914728990003849,-4.95324155845266,3.99837838148195,3.98369364990497
1949.694,120.79,0.469282263267412,0.00849776318746625,0.00612733450885724,0.00149269919148256,0.178278599166101,0.00334208081149166,0.0245451180909551,0.226487751480679,0.0719391560155777,0.00520599807905827,0.00309385667627883,0.00117067869174699,0.000536700832892605,0.967856937514065,-0.907526784137912,-4.78276147154496,4.01140145361895,3.97675388009537
1948.965,121.29,0.523704746585387,0.0105417052267785,0.00631014391141,0.00210789015976004,0.152464709748034,0.00293188358584805,0.0225848594871402,0.19947404195265,0.0713695537247095,0.00444573197331208,0.00235136838142216,0.00118019304666779,0.00053317221688048,1.23399490702309,-0.759061797797479,-4.28124563483356,3.90558874855338,3.95128807923354
1948.215,121.79,0.550998140649586,0.0119256208788334,0.00579116827695516,0.00176874377079327,0.141607974405537,0.00266715330516445,0.0213372264413156,0.180838098689777,0.0738967365018434,0.00445503932455938,0.0027539314988253,0.0014305640454973,0.000529602211312558,1.35866893854837,-0.650393830121638,-4.38279293550698,3.83304233391553,3.97205077029797
1947.378,122.29,0.500917053451115,0.0116758995857663,0.00635075111044568,0.00190148225782303,0.166544392873185,0.00301691870040425,0.0225595148974397,0.202909617208165,0.0737423266956131,0.0052028746818386,0.00295203872835255,0.00166691620502071,0.000560213604831063,1.1011786276585,-0.814684952743997,-4.4726281800246,3.75891367250353,4.01102588509645
1946.478,122.79,0.496558967751391,0.0120066683357861,0.00677825340897294,0.00229483570368652,0.168574551627697,0.00306914429130613,0.0222668677752062,0.204821719722275,0.0734078737657167,0.00520765270916408,0.00307036559822666,0.00147411745308655,0.000468981857485695,1.08032414846612,-0.831346892958035,-4.29671684269547,3.72224005320813,4.00597930456535
1945.578,123.29,0.494656574866896,0.00979066572677559,0.00670033273106524,0.00251533137175178,0.171249437629165,0.00301575119511321,0.0221772592872386,0.205934786635904,0.0741391215226235,0.00469143584401337,0.00304101277273482,0.0016083204419092,0.000479969974810598,1.06074254041898,-0.837177844466332,-4.2207166401955,3.92243427871606,4.03927224146584
1944.678,123.79,0.482214244624224,0.0101811464924864,0.00671016318476068,0.00275615492721858,0.175052853609459,0.00307412612533891,0.0234825370703445,0.211379242548915,0.0752997060586863,0.00523196120265931,0.00308019427797479,0.00105585855864384,0.000481811319289201,1.01330055726546,-0.843611717754818,-4.15125138285798,3.8578508793827,4.04206727496186
1943.778,124.29,0.481868121495856,0.00875563966548997,0.00644078115266268,0.00205765201140203,0.177491363524815,0.00309709663413437,0.022958629868046,0.211292781228173,0.0753933607686935,0.00536712098616276,0.00341447529873709,0.0013426651312933,0.000520312234534574,0.998748518224855,-0.856202733862119,-4.45735641908864,4.00797244381228,4.04845684853184
1942.878,124.79,0.47114607227728,0.008962454041914,0.00598835115155881,0.00147311208029966,0.181120301179493,0.00322947205491887,0.0241273678799118,0.218614962402745,0.074739529027891,0.0052523526860041,0.00316033280512433,0.0016849904264442,0.000500701986415253,0.956006720272804,-0.885152335321823,-4.8117842334838,3.96212410006621,4.02684278450052
1941.949,125.29,0.469814885700043,0.00963515702891326,0.00644495086170061,0.00149551345962114,0.18005692743199,0.00324695556188577,0.0237056687081612,0.220877545933628,0.0746399195271329,0.00526322817262498,0.00294874305654465,0.00135530907278166,0.000515195484973651,0.959065692507621,-0.880597586008661,-4.79080346527214,3.88692015741505,4.0155552572725
1940.999,125.79,0.471272232177809,0.00836881565760638,0.00685232656519238,0.00159684809049801,0.179275184796996,0.0031764763956923,0.0233546208145877,0.220053932367571,0.0753560764604387,0.0057261526063293,0.00315122071058018,0.00139709858097489,0.000419014775723776,0.966513944114633,-0.866697405611031,-4.72089022765352,4.03092353868889,4.03314943979004
1940.078,126.29,0.465668216679751,0.00885455894132701,0.00654492170363947,0.00151203187686796,0.181269491481005,0.00318358482589984,0.0244921817583096,0.221485893209758,0.0760060937049567,0.00542713476226233,0.00350832415137638,0.00158609523180121,0.00046147167304561,0.94348857201421,-0.869171309757966,-4.78653046703866,3.96254093817584,4.04197696155397
1939.178,126.79,0.458556291540189,0.00887168665861723,0.00633724144935059,0.0016317042620657,0.184616165833512,0.00335932474977149,0.0254832485132985,0.224133650797233,0.076898859161128,0.00513772441575734,0.0031720060032273,0.00132590076620138,0.000476195849648495,0.909804166957807,-0.875787849418127,-4.72865386231224,3.94521812600695,4.00653890401518
1938.278,127.29,0.459648289027423,0.00937092466536067,0.00648301534116556,0.00176799173193834,0.184695444948376,0.0032972193071519,0.0250918389274259,0.222795382528603,0.0764875291206998,0.00547224707769727,0.00318465906183878,0.00132912047243468,0.000376337789885268,0.911753382956865,-0.881580515494615,-4.6488639373091,3.89284983298054,4.02562874594787
1937.378,127.79,0.466177345070833,0.00873666414038361,0.00679064886608757,0.00182941759458987,0.183816242056783,0.00330437824287297,0.024267475077246,0.21932140150411,0.0756928817116539,0.00546609922462543,0.00294292543578383,0.00117763656503236,0.000476884509998251,0.930629556431857,-0.887252450966488,-4.60993891224017,3.97703769104075,4.01868824472258
1936.478,128.29,0.465634468478375,0.00969455200570887,0.00686936278237269,0.00153952340286145,0.182302499970754,0.003141048888057,0.0234344474210643,0.221404756612581,0.0760414595056211,0.00529357401059885,0.0032533545466244,0.000906634222809747,0.000484318152571917,0.937733528825223,-0.874388683733668,-4.77419450522322,3.87183684508466,4.06111061016552
1935.578,128.79,0.471654427300163,0.0104490934867567,0.0067922858235881,0.00165775280730311,0.179837425207344,0.00287918907633414,0.0216645538444613,0.217963239394008,0.0757878076406652,0.00600591590217508,0.00338926686319664,0.0014702242091919,0.000448818444812834,0.964193322412756,-0.864115818829868,-4.68659029476567,3.80973134491637,4.13454456569079
1934.707,129.29,0.465897944139178,0.00931332312989786,0.00680308683792667,0.00166910999518503,0.182174335372826,0.00321157313318351,0.0229218863690943,0.220953364087014,0.0769080961990411,0.00523075415813891,0.00321635225986979,0.00121031383330167,0.000489860485344211,0.939002490887588,-0.862352962117996,-4.6926735679077,3.91252063656037,4.03820322552162
1933.857,129.79,0.469688686582186,0.00809506381810696,0.00630861430074569,0.0026716684203303,0.179907589551215,0.00325380849993138,0.0237568049773549,0.220250240175671,0.0754826387300425,0.00551260350427741,0.00329269408481632,0.00125691934672217,0.000522668008600576,0.959626778589195,-0.868540648460767,-4.20974017389128,4.06081563552318,4.01261717127896
1932.978,130.29,0.475008455763945,0.00927767574425152,0.0064991059400443,0.00288015440859868,0.177655311893595,0.003007135164088,0.0235549301432689,0.217172877372376,0.0747166309004205,0.00525123142473562,0.00314219651310845,0.00133676104415121,0.000497533687417246,0.98348738257175,-0.866142519671199,-4.12200131610532,3.93572154864997,4.07885737010347
1932.078,130.79,0.47057892284798,0.00671693436401713,0.00648172858157344,0.00238485093833538,0.180106566312199,0.00316283929564915,0.0245213336167865,0.221441720982617,0.0746371272327587,0.0050184772234862,0.00314248494909152,0.00135921803123714,0.000447795624267809,0.960414976687547,-0.880910643283061,-4.32441208803698,4.24933183284661,4.0420785753138
1931.178,131.29,0.471910866501107,0.00917818395273941,0.00622382801257279,0.0023707654136724,0.178438775893275,0.00323079355797966,0.0238623681944301,0.218947694134858,0.0754651944562313,0.00550144987548931,0.00327857289933007,0.00119448353376009,0.000397023574554543,0.972544575404082,-0.860574000808053,-4.32103268782754,3.93996076703078,4.01151775954555
1930.278,131.79,0.470152524205504,0.00870415691105643,0.00629216162245043,0.00201018005517232,0.177953369562938,0.00313724970719371,0.0242159911424027,0.222742521434745,0.0744484147616319,0.00522139025862992,0.00302906868280772,0.00161829981377409,0.000474671841693629,0.971535614420454,-0.871415080979142,-4.48329724947805,3.98925644422897,4.03817502054861
1929.436,132.29,0.470597347466118,0.00813645871785407,0.00595018369104748,0.00211376540280195,0.179731582555503,0.00325414403487493,0.0245950447362407,0.222291435954227,0.0730644324913428,0.0053327532563413,0.00307177134419659,0.00131176501608395,0.000549315333368489,0.962538309875823,-0.900122841186733,-4.44299362174848,4.05764780137639,4.01153525814639
1928.636,132.79,0.474008289564932,0.00946042566002032,0.00638973857228103,0.00179123413451459,0.178151459275228,0.00314487385561535,0.0261890042307961,0.214747039249101,0.0764994597267992,0.00494040867232565,0.00296962105614003,0.00129235499981185,0.000416091002435261,0.978590726784792,-0.845350404878205,-4.59972924038442,3.91410743225044,4.03686030344525
1927.807,133.29,0.470780898518155,0.009851111878286,0.00671216942153304,0.00134683170210941,0.178374390627371,0.00286187993517617,0.026245077192697,0.215885577576407,0.078042575274149,0.00518172882615646,0.00311915227664033,0.00123798571148996,0.000360621059830112,0.970508142625124,-0.826630144923663,-4.88612971267905,3.86680847231402,4.13240593066331
1926.957,133.79,0.466515284038664,0.00935768911614972,0.00657112740810514,0.00144318105362309,0.181692794186907,0.00332144699365314,0.0256487025948104,0.217577205140281,0.0779844804772478,0.00501468972168023,0.00302877391284846,0.0014689721680235,0.00037565318800601,0.942973466097079,-0.845807478213816,-4.83546757465892,3.90909241225619,4.0019167874273
1926.165,134.29,0.461622713131832,0.00848745611781831,0.00705920407949691,0.00149722674125448,0.185348108190389,0.00335716528241573,0.0246394287943222,0.221509880031586,0.076227749712209,0.00507201910361427,0.00319780993425997,0.00149009142715796,0.000491147453644243,0.912512196351585,-0.888510157006145,-4.81862116512484,3.99615859654971,4.0111387709157
1925.415,134.79,0.463639127540965,0.00926526985259851,0.00643274785154439,0.00173378988626479,0.182654823210951,0.00313420378898239,0.0250031987660393,0.220984844305199,0.0761822815360181,0.00557583071073647,0.00351453413640947,0.00142623880285154,0.0004531096114409,0.931508347517611,-0.874469249861281,-4.65728846158288,3.91283352192347,4.06522299271997
1924.636,135.29,0.473468930149798,0.00965018239507762,0.00665446681084678,0.00183600596973182,0.177761061242794,0.00323561393483927,0.0242827762628418,0.216147208378842,0.0769181621134201,0.00525365332638954,0.00300656525837896,0.00128628914622709,0.000499085010813509,0.979645997088122,-0.837698269007377,-4.57284775228029,3.89310947683276,4.00622160708388
1923.836,135.79,0.47064464383296,0.00953774377596409,0.00657276995305164,0.00139141062478333,0.180031377249731,0.00300610504915182,0.0245612179543678,0.21587312779472,0.0774113181382832,0.00531532960801941,0.00405788926298718,0.00114462326734709,0.000452443488633092,0.960972183814539,-0.843998154670623,-4.86281308323636,3.89884638154914,4.09248591654152
1923.036,136.29,0.462881211960806,0.00830994852514531,0.00671175099335951,0.00123060078880606,0.18169458705313,0.00322693386991147,0.0250078891916378,0.222371146030917,0.0772846703109642,0.00570283931724278,0.0036194140847237,0.00148056657403229,0.000478441299324414,0.93514327514222,-0.854831562678005,-4.99482468806961,4.02001704500744,4.030794764272
1922.236,136.79,0.456402853147969,0.00755056050309002,0.00612686714337312,0.00108134219383945,0.183809338098921,0.00330163907545242,0.026228087863485,0.227306771019143,0.0776162165875234,0.00543662514873995,0.00344013064740932,0.00120099891201021,0.000498569659044829,0.909476854995836,-0.862122632392345,-5.13569597278458,4.10175407006288,4.01947997969823
1921.436,137.29,0.454890103448962,0.0080080600388846,0.00651283877489178,0.00108270829692971,0.186924776656853,0.00334876478355787,0.0256919269111073,0.226197559427304,0.0766499965716081,0.00535271517583227,0.00319282824641069,0.00173963243214549,0.000408089235512832,0.889349586838589,-0.891456711467736,-5.15124068756796,4.03960731954824,4.02211471554113
1920.636,137.79,0.457581556248958,0.00996316536509961,0.00677044724487275,0.00130558955528356,0.183739893461134,0.00319846455312865,0.0253911884197884,0.223476476976917,0.0781388453117727,0.00512926600812546,0.00321110670551255,0.00163888266358658,0.000455117485820677,0.912433998845056,-0.855033822662595,-4.94686642974854,3.82706030500605,4.05085026750374
1919.807,138.29,0.458372962279584,0.00864307317722699,0.00678962736109262,0.00133272146240323,0.183835907629682,0.00311126857012421,0.0247688839854673,0.221694232561679,0.0807051416180023,0.00535347434897567,0.00344652945540317,0.00155741758764338,0.000388759962717087,0.913639627497608,-0.823241267367787,-4.92682048942678,3.97092496946899,4.0790130099688
1918.957,138.79,0.460175127580362,0.00873577846624313,0.00659103212198273,0.00144547205592363,0.183954916836717,0.00306604880270737,0.0246107926291225,0.224024134690986,0.0769567949203617,0.00550263629840128,0.00318965211390274,0.00119139858291093,0.000556214900379165,0.916916418766276,-0.871446550950578,-4.84625475988017,3.96418006919847,4.09430101268605
1918.136,139.29,0.468659328666117,0.00742784003691183,0.0061900515523376,0.00142190397600731,0.1827490439304,0.00320649328754847,0.0238218826807216,0.221529755725326,0.0742173982484627,0.00550017302419677,0.00344162873443891,0.00145074134213538,0.000383758795396669,0.941762259350049,-0.901115266615393,-4.85611706536525,4.14464101828587,4.04293596082952
1917.336,139.79,0.47530971520708,0.00916604190222224,0.00621479124746541,0.00146842715504974,0.178495847761977,0.00325689612594365,0.0235911792488873,0.219690434293422,0.0720215900873415,0.00544403310273342,0.00345844495114656,0.00145846045490234,0.000424138461828092,0.979401284457559,-0.90759940272095,-4.80037347369059,3.94846106600856,4.0037907058824
1916.536,140.29,0.481821725528434,0.00894115452060819,0.00641239923015671,0.00142707533958285,0.177293843141654,0.00301407196235631,0.0228754068830565,0.216871029037929,0.0716347397891927,0.00489425760431254,0.00298963954409108,0.00138043163198559,0.000444225786640576,0.99976569476131,-0.906228337938595,-4.82218135393941,3.98690945973006,4.07451651087392
1915.736,140.79,0.487832002461604,0.0113088563568957,0.00644442318839912,0.00166411786195428,0.169425406838787,0.0031115777197206,0.0228355231541718,0.213340140389777,0.0742745126059233,0.00522053595197568,0.00267480440276723,0.00140136241006676,0.000466736657958091,1.05755833702156,-0.824644893004057,-4.62311758191862,3.76438492218646,3.99728284937897
1914.965,141.29,0.488175904435904,0.0107978929573782,0.00639070883865153,0.00154222257505639,0.17135715586605,0.00294551669709861,0.0228029457501903,0.210002615123821,0.0759028014513937,0.00535750143598317,0.00305058863635302,0.00119198277754169,0.000482163454578568,1.04692579167137,-0.814296415652886,-4.71052540261598,3.81132478225541,4.06346575849725
1914.215,141.79,0.48632630708047,0.010267903312242,0.00662706956366406,0.00127511446649681,0.175728401793857,0.00278292263287045,0.0230025948873198,0.207903594295009,0.0757653037240394,0.00498646145746171,0.00333057548207553,0.00141849139268355,0.000585259911811438,1.01794018085232,-0.841299178152076,-4.92590367927145,3.85785696580024,4.14543794924212
1913.697,142.29,0.487253822346382,0.0105263767981546,0.00646582202181548,0.00131333387427697,0.17349917119707,0.00302542048708111,0.0230650639279463,0.210136897379128,0.0750026081211096,0.00489167603658325,0.002987168044141,0.00141534038878392,0.000417299377528429,1.032612360677,-0.838649934533566,-4.8836039758857,3.83490099990088,4.04912273659697
1913.347,142.79,0.488691212888869,0.00972052220104536,0.00620076804967888,0.00141722099669164,0.17490689187638,0.00299582561930966,0.0232119660276102,0.20793598297971,0.0750592971174839,0.00481195966318555,0.0031128855733267,0.00146381767741686,0.000471649329291924,1.0274770376151,-0.845975356528341,-4.81555587640003,3.91749148211438,4.06703392645767
1913.026,143.29,0.487215251359621,0.0105455734013673,0.00639294177463433,0.00138345393631799,0.172895424955285,0.00303928600611943,0.0234267892973552,0.210169237613604,0.0751025957636121,0.00518199398952252,0.0030608492750202,0.00115420234063609,0.000432400286904967,1.03601908831122,-0.833831809430015,-4.82810370704405,3.83299983094624,4.0410643102742
1912.726,143.79,0.482335988545871,0.0105333789104536,0.00665471993665241,0.00132933267499715,0.175436234040815,0.00289460751308904,0.0227356170232846,0.213199640447162,0.0743424982476978,0.0053403494476076,0.003308944970231,0.0013995398552351,0.000489148386903714,1.01136530479731,-0.858592868079701,-4.8825985698901,3.82409178402373,4.10442611031215
1912.426,144.29,0.474334864190153,0.00878370441500323,0.00623937248175574,0.00115755128294317,0.178754429201769,0.00297998177569507,0.0236083439489719,0.21869508046407,0.0748747506702963,0.00511489409261094,0.00345554717962345,0.00145292643790108,0.000548553859207551,0.97590057678438,-0.870196233534172,-5.03970614910296,3.98901530298837,4.09409577505823
1912.126,144.79,0.468312502858775,0.0107322591405491,0.00604665743677506,0.00115355051469103,0.179399417423522,0.00302667557674737,0.0236879478514843,0.221635654305231,0.0759179037956721,0.00495669723092095,0.00307799407159823,0.00164330745468075,0.000409432339353588,0.95952111197005,-0.859962159038195,-5.04677011204943,3.77588173542811,4.08214985445888
1911.797,145.29,0.469691706866726,0.00990166886424453,0.00662586865263721,0.00116429731971673,0.180125593288894,0.00294559223771318,0.0237041336553908,0.218946168102138,0.0763123196138966,0.00520106123586904,0.00326094656572281,0.00163732881173118,0.000483314785319113,0.958422188566388,-0.858819959990072,-5.0415366020737,3.85937322156296,4.11334445179729
1911.447,145.79,0.469400838111348,0.0102492065384382,0.00635331589329938,0.00121690348673215,0.178028931261823,0.00303101191935596,0.0243695607675714,0.221235753119299,0.0757246873952642,0.00526350121802817,0.00336054308535644,0.00129225702981076,0.000473490173673047,0.969510996646862,-0.854841843516296,-4.9856365656492,3.82425677720636,4.07304954171253
1911.097,146.29,0.474389310717067,0.00891722501332289,0.00637562799764971,0.00114326317371679,0.179535589190469,0.00303238031036635,0.0236555270625424,0.217544534883191,0.0749281475037236,0.00498071028071438,0.00360628931390545,0.00141655317540208,0.000474841377928189,0.971654858468054,-0.873843835700895,-5.05648685021554,3.97404351418433,4.08102556465328
1910.747,146.79,0.480644202381247,0.0100663659518121,0.00634608931816698,0.00127349663215877,0.176340436839747,0.00303342168615008,0.0235309749061486,0.214387696964101,0.0743740049048199,0.00508948256176628,0.00307846135483827,0.00138046584529324,0.000454900653750791,1.00271086548647,-0.863309942568919,-4.93065005603568,3.86592752947071,4.06272517518149
1910.426,147.29,0.490064214985295,0.00961988146309437,0.00613594869996133,0.00135017852485408,0.1732275674752,0.00302750272059286,0.0234960292834723,0.209764455116963,0.0740316038457042,0.00441815287483474,0.00309270701238432,0.0013276942863053,0.000444063711338352,1.0399302844846,-0.850114067996146,-4.85436932468407,3.9307044908306,4.04686805395246
1910.126,147.79,0.486696806248741,0.00944249233454936,0.00631700275284797,0.00169647053557441,0.173505516886372,0.00292629976947696,0.023723730444708,0.211798079720687,0.0749770596002775,0.00456122289116179,0.00273718135225264,0.00120185313668002,0.000416284326671292,1.03143195826739,-0.839027201745728,-4.62765945917827,3.94242139096369,4.08247064888156
1909.826,148.29,0.477833782566515,0.00940209780910654,0.00644074342598985,0.00137602956497808,0.179684021984096,0.00285497226548814,0.0230721999243762,0.213739019226255,0.076118717817964,0.00486466922677545,0.00308508141122817,0.00111816856246538,0.000410496214762369,0.978063061911305,-0.858905676823787,-4.87199764943349,3.92833010124253,4.14213774619388
1909.526,148.79,0.474108167547815,0.00989911212911343,0.00687271609740169,0.00143816836413751,0.17897032907405,0.00300478749201684,0.0228102145968087,0.216642417083231,0.0760644606748587,0.0053169012393698,0.00297357515690201,0.00142976504314505,0.000469385501150055,0.974215464500421,-0.855638885167698,-4.82384969813899,3.86899042804796,4.08701318538261
1909.226,149.29,0.469902158814502,0.00996609223639595,0.00674879745722102,0.00164261581108705,0.179404218150055,0.00298194214449924,0.0239477371572071,0.219516071309422,0.0754329457293809,0.00508434480374138,0.0032949368854597,0.00159045002092697,0.000487689480101177,0.962883038407655,-0.866397336296587,-4.6933514839662,3.85333594537471,4.09706664731244
1908.926,149.79,0.472580922813912,0.00832348943091361,0.00636460231623561,0.00175943679027442,0.178142381413129,0.00306773594201694,0.0247282786131079,0.216870173272469,0.07787466684079,0.0052842463923829,0.0031342193834848,0.00133085603366911,0.000538990757614432,0.975625871358721,-0.827482427154924,-4.61758937381402,4.03912742782181,4.06164331476756
1908.626,150.29,0.473729176588275,0.00996747706762329,0.00692817433631919,0.00160700140478008,0.180659026130824,0.00280836358676013,0.0235557927434852,0.212539397260799,0.0775345271969731,0.00516202833970311,0.0033683610978823,0.00167640280573112,0.000464271440844878,0.964024379911071,-0.845888071721253,-4.72224146017038,3.8613083014438,4.16400946084259
1908.326,150.79,0.461534942291834,0.00873485811145436,0.0066841051202487,0.00136335614362362,0.182602797853858,0.00338094023536194,0.0252438200049639,0.222510702688854,0.0772183417151523,0.0053287552627034,0.00356279730485535,0.00132332471323199,0.000511258553858858,0.927244475331458,-0.860676274558515,-4.89736387784286,3.96723606591123,3.98915944340006
1908.055,151.29,0.452461097561247,0.00878209076012886,0.0063386685461082,0.00100827295182745,0.186139192803577,0.00329050489240271,0.0259171726559043,0.230237516647064,0.0752491779296054,0.0052258998308058,0.00361288543929352,0.00129730378697093,0.000440216195064687,0.888207044957338,-0.905689763200683,-5.21825582370998,3.94198728032734,4.03545372650701
1907.805,151.79,0.451000382311711,0.00943824989201668,0.00642825001607062,0.00124166723994627,0.185636582832512,0.00353553750883884,0.0257411941433004,0.232576341107757,0.0738572093951693,0.00537266369764219,0.00320171961326746,0.00146834763524982,0.000501854606517794,0.887677280492195,-0.921657280353509,-5.00733588184293,3.86669761702493,3.96092556549859
1907.584,152.29,0.449643562713453,0.00898100869846011,0.0065748607999713,0.00127371109631095,0.186374430698231,0.00348925082017576,0.0261054713515914,0.232235878737322,0.0754023514321401,0.00507241989411155,0.0031966112109001,0.00114140659863076,0.000509035948701734,0.880697467565481,-0.904919257846227,-4.98582295602922,3.91334298281339,3.97807067001203
1907.384,152.79,0.445010596168723,0.00895250242714723,0.00652645097381749,0.00118782284345503,0.187019638524908,0.0034812852155504,0.0262559254169981,0.237618261790018,0.0736285796312489,0.00521590104690585,0.0031941915024644,0.00140149946197323,0.000507344996789372,0.866884463307588,-0.932180369621149,-5.05909154204041,3.90616499949354,3.98381208977048
1907.213,153.29,0.441513158752014,0.0098359445243173,0.00684433189851755,0.00123899455754538,0.188083934551551,0.00335321226441729,0.0253879866392734,0.241204333114709,0.071830193678413,0.00575627532826297,0.00347048782288785,0.00107394006784608,0.000407206800244976,0.85331950067093,-0.962583411149357,-5.02258811355814,3.80416433997499,4.02696955227555
1907.063,153.79,0.447080838489406,0.00915225961314482,0.00657773597211839,0.00123235491821645,0.19048812790757,0.00327444799151661,0.0249554644014704,0.233333259384643,0.0736573321235328,0.00533872567180536,0.00303596346638921,0.00139208408853433,0.000481405971652509,0.853149553065651,-0.950166180363941,-5.04066296533828,3.88873862393922,4.06344056925754
1906.913,154.29,0.45463308913998,0.00920070887561942,0.00674109108148683,0.00138388775383504,0.183543475070831,0.00326218238873023,0.0249901231502071,0.228049124628913,0.0785903759975618,0.00478942556241605,0.00301046381686627,0.00141662245600569,0.000389430077547381,0.907039135342925,-0.848202311640797,-4.88755480961399,3.90021016335861,4.03005514500367
1906.763,154.79,0.450582167169949,0.00813747806621613,0.00672262362865912,0.00139597397800662,0.183808353895334,0.00340202280523508,0.0256845051608556,0.231973586237089,0.0775585677755397,0.0055768157396951,0.00336662194357811,0.00130865185258609,0.000482631747256728,0.896646791574371,-0.862860295712458,-4.88030129612702,4.01406013933625,3.989523462467
1906.613,155.29,0.444426150358107,0.00974975914846467,0.0062766021355132,0.0012048139157676,0.186471374822838,0.0034453450573705,0.0267117146181864,0.234399161636411,0.0773227989062114,0.00529428386439335,0.00298255411650317,0.00121593869799999,0.000499502722234212,0.868506159125348,-0.880288888420133,-5.04195261283034,3.81954131824132,3.99125367985812
1906.463,155.79,0.444765901869475,0.00823733109139917,0.00646703235071017,0.00105285019207852,0.187521726141226,0.00349173101676675,0.0263601258533584,0.234790035239385,0.0765659758355332,0.00554190132750194,0.00356503071368361,0.001186122368291,0.00045423600059084,0.863653369080835,-0.895741913074196,-5.18239375615182,3.98887168575111,3.98349710485774
1906.313,156.29,0.447230933364338,0.00743147444199348,0.00619881643299992,0.0011002414717829,0.18858483324667,0.00346328455452601,0.0265963459495073,0.234965071101221,0.0741532608379706,0.0052288383840015,0.00317046099256422,0.00136184487456494,0.00051459434785932,0.863527141259275,-0.933413905543691,-5.14401827388165,4.0973508072011,3.99733051740628
1906.163,156.79,0.453226397578912,0.00826158805959668,0.00654101825252434,0.00119276746191813,0.187397265084064,0.00335116083596869,0.0248769375613118,0.230145963135036,0.0743806277885191,0.00529119107761657,0.00332482558381962,0.0015395149485475,0.00047074263216456,0.883160998846498,-0.924035246948107,-5.05695457034039,4.00477494645797,4.02392397168302
1906.013,157.29,0.460869390699547,0.00931673209712325,0.00631967897636364,0.0010112824332325,0.183825947923972,0.00323900272165427,0.0241771204875563,0.227183985389366,0.0736385317561639,0.00538421485124559,0.00322896794558029,0.00139594884940143,0.000409195868794188,0.919125310765997,-0.91482095669726,-5.20277011344009,3.90130275164476,4.03872389426921
1905.863,157.79,0.470209616334961,0.00809966914347384,0.00638112101193787,0.0010681369431339,0.182946152158545,0.00298945380972536,0.0233294847901288,0.221893261651446,0.0724804045624073,0.00535065694854106,0.00348030927218212,0.00137395208452908,0.00039778128898866,0.943986728439691,-0.925875615611431,-5.14327590281533,4.06135537312174,4.11410116065818
1905.713,158.29,0.479579698214313,0.00742877447291234,0.00627671853861043,0.00114543492318524,0.17939960671194,0.00295297095803824,0.0222929444298537,0.220255659309252,0.0705159753963227,0.00523611629143925,0.00310415071186905,0.00128116565107713,0.000530784391186993,0.983294334213838,-0.933776471866863,-5.05383134692139,4.16754918955037,4.10680398939911
1905.563,158.79,0.490189417110897,0.00946320894870226,0.00671261906842611,0.00121253167875557,0.175225028401643,0.00291444551254042,0.0219610242069387,0.213775889189898,0.0685331643799703,0.00542471379882898,0.00288604386961461,0.00121362404963733,0.000488289784147514,1.02872085746683,-0.938753244836026,-4.97336055417616,3.94738034405923,4.09639144144703
1905.413,159.29,0.496961906861928,0.0090352212284674,0.00625151259283959,0.0011401588693066,0.171693942637101,0.00291278322460592,0.0215995568439112,0.213023626027891,0.0678028815901989,0.00509306815676109,0.00285254841641614,0.0011950155696223,0.000437777980950742,1.06279988848385,-0.929108793148684,-5.01454587678453,4.00738296754309,4.07660442985848
1905.263,159.79,0.510781753419163,0.0102051715794201,0.00623558545400643,0.0010517986301549,0.166350945419826,0.00257772410395476,0.0210370625498651,0.203629304744756,0.0693282440085626,0.00486661231465455,0.00259952303929476,0.000913375390745916,0.000422899345595961,1.12184271617912,-0.875247301149224,-5.06359800597506,3.91304779255427,4.16719280638801
1905.113,160.29,0.498355795778151,0.0084241123244652,0.00610831605666968,0.000872457604013305,0.169620670123112,0.00304136049970454,0.0240949643394083,0.206979438266391,0.0728902717638667,0.00476068065047056,0.00291449804197812,0.00146336957816007,0.00047406497360927,1.07774967962347,-0.844609407859438,-5.27000580913237,4.08021616267476,4.02125964355471
1904.963,160.79,0.474837126603478,0.0078540672327013,0.00654299812768556,0.000782375998455453,0.17747251020344,0.00323726309834365,0.0246465276873549,0.221000453486232,0.0726655561492284,0.00567194536613401,0.00338992182974959,0.00148617764986373,0.000413076567333725,0.984156129044603,-0.89294823317412,-5.42423556238107,4.1019403374403,4.00408747473675
1904.784,161.29,0.458757168693272,0.00776385505916655,0.00617463800284152,0.000725742455721764,0.187167390113587,0.00311062751824686,0.0245671767347099,0.230333703797487,0.0711227606607329,0.0052338215054971,0.00313393603507296,0.00141546265816683,0.00049371676549831,0.896517675067969,-0.967595943366326,-5.5525634220369,4.07904202901313,4.09717887056472
1904.584,161.79,0.447897262960734,0.00802504759577173,0.00613970052144839,0.000771184996087597,0.194063415846363,0.0033671312945023,0.0258423989501205,0.231177849020256,0.0728590117741773,0.00507996295026011,0.00334248623470723,0.00110902769077843,0.0003255201647933,0.836378890914116,-0.979658763317307,-5.52801198260946,4.02199628243213,4.05412385752895
1904.326,162.29,0.44925928893875,0.00919624969949515,0.00663087320030985,0.000968026284157384,0.190393461014504,0.00335069583567059,0.0256580388385822,0.229182893928466,0.0750124208670567,0.00525896840024575,0.00321286427865481,0.00141998557576729,0.000456233138339076,0.858507423640635,-0.931439066971315,-5.28158881737535,3.88880444240949,4.03992474194803
1904.026,162.79,0.448122490793809,0.00861976354625246,0.00658083451006451,0.000990115458094526,0.191590663676385,0.00334911537503115,0.0254018883074452,0.229859622892267,0.0748921560483983,0.00553423595536728,0.00342442617050143,0.00121272530941108,0.000421961956973171,0.849705475846929,-0.939311976763424,-5.26529485446261,3.95100895852366,4.0466648923367
1903.697,163.29,0.443191425444714,0.00859386734759565,0.00670664978649443,0.00106001759543377,0.190340750595455,0.00333240349333734,0.0263706199171727,0.236854923502779,0.0733686672531811,0.00523678733128769,0.00343110958521984,0.00110722485676888,0.000405553290560694,0.845185898243022,-0.953318922259092,-5.1905303826301,3.94295293855858,4.04512207666933
1903.347,163.79,0.446294962665353,0.00748858843086186,0.00625077836918795,0.00104504524017089,0.189997888250551,0.00333656412949897,0.0264921675754409,0.234953243701301,0.0738397561200123,0.00534110168344334,0.00319686378133105,0.0013211970912005,0.000441842961647381,0.85396712706336,-0.945115670255527,-5.20295278111867,4.08759976542216,4.04207138386099
1902.997,164.29,0.443387247037773,0.00821205832859669,0.00635103214081914,0.00109643591063038,0.192159922688936,0.00351464885462807,0.0261642344399713,0.234498268460875,0.0734802647141587,0.00583756828901064,0.00338460124150627,0.00139128524038068,0.000522432652713455,0.836115579008375,-0.961311093131177,-5.16626311787498,3.9888399330329,4.00138833484277
1902.647,164.79,0.442338005414374,0.0079687363549035,0.00670683783075714,0.0010654091345734,0.19266112129945,0.00341018251681076,0.0255239717055279,0.236246834337612,0.0740961488079644,0.00544930573749018,0.00278032486245743,0.00127390620906471,0.00047921578901406,0.831141510554572,-0.955569239357828,-5.19757390809926,4.01654837793044,4.03416698355277
1902.326,165.29,0.442689452016217,0.00931782522987247,0.00691517180648247,0.000901833168686386,0.190599702294478,0.00337824246460836,0.0247652104724399,0.237339692728565,0.073663118934697,0.00555851075718226,0.00308545400092083,0.00135107348319931,0.000434712642650563,0.842693083691633,-0.95067317684771,-5.35350116241678,3.86093925593762,4.03281983590727
1902.026,165.79,0.442631151334848,0.008474250175081,0.00638537169393752,0.000830054343822801,0.192475859710921,0.00334990143791798,0.0258119415685718,0.23673259826799,0.072864479061192,0.00573671995505613,0.00283207945653978,0.00141603972826989,0.000459553265851564,0.832766065966396,-0.971369477174365,-5.44623484761453,3.95570463329569,4.05103981787784
1901.697,166.29,0.445134304662336,0.00788577833897071,0.00642900291573165,0.000909394238758513,0.191034942982944,0.0034423952179384,0.0257977917203689,0.235899482495797,0.0736587525379078,0.00529934772226184,0.00294408206792324,0.00118308483099879,0.000381640268064124,0.845919685992819,-0.953013383402105,-5.34743293169141,4.03331511797096,4.01628884549216
1901.347,166.79,0.442781045723489,0.0092486930609503,0.00633445582244576,0.000844019946430571,0.190200540861762,0.00328241940901379,0.025176339881665,0.237988864104176,0.0737785395009947,0.00503612922117629,0.00366459680822661,0.00127464236807882,0.000389713291591667,0.844996400661007,-0.947011097106192,-5.41765814520865,3.86859314358201,4.0594982185708
1901.026,167.29,0.437803095620221,0.00855237296859424,0.00622425112442639,0.00106633192675972,0.193256916498175,0.00329889653105502,0.0252727181908408,0.24041007086438,0.0740470880017027,0.00521004132850625,0.00280590804353067,0.00156909331381649,0.00048321558799193,0.817748778674008,-0.959319262061523,-5.19979582402111,3.93556047129056,4.07043244921985
1900.726,167.79,0.436886738634369,0.00775627523257855,0.0065714411093558,0.0010520888186765,0.190919562927857,0.00345686326136563,0.0254914867474109,0.244424697209057,0.0728256099701597,0.00548205195717044,0.00317052834825347,0.00147994558539582,0.000482710198350009,0.827821779336057,-0.96378452419529,-5.20107466368903,4.0311717590179,4.01149059681519
1900.368,168.29,0.435297839999478,0.00749900513416011,0.00676291314114482,0.000983992989185863,0.191326292075214,0.00351954177457971,0.0265167083096849,0.244336875708094,0.0733308543233716,0.00551036073944083,0.003173785122026,0.00133192421188142,0.000409906471738199,0.822050180475975,-0.958998853542095,-5.27011681274004,4.06126012348465,3.99564950251372
1899.968,168.79,0.439242045575239,0.00852286890345011,0.00683867024170527,0.00107402887631219,0.190600567468738,0.00353204854480467,0.0256759012196893,0.242055329285765,0.0724844856474628,0.00535497142064433,0.0028178355988009,0.00136665026541844,0.000434596951968908,0.834870649306032,-0.966807420599522,-5.17876308606944,3.94229760787846,3.98830194156187
1899.655,169.29,0.447144756365625,0.00982981641161543,0.00671231940454484,0.00109906100284631,0.188374866889051,0.00347245953757863,0.0249620234187081,0.23331951698639,0.0747615026600142,0.00563971523627056,0.00294662995045958,0.00126772332324299,0.00046960881365349,0.86444843161398,-0.924130868147407,-5.14397776884349,3.81746212428442,3.99357080698565
1899.405,169.79,0.448547974612145,0.00797450262038147,0.00668649066027042,0.00100543790763771,0.18911761323498,0.00338650763661853,0.0248555641350003,0.23309730733214,0.0747397416309342,0.005479527071799,0.0031236480529224,0.0015574430333996,0.000428242071771619,0.863646528818857,-0.928357146618134,-5.2369459381632,4.02976636320784,4.02256991907638
1899.097,170.29,0.447173160837532,0.00860410972770523,0.00652301449691809,0.000729254081918091,0.19002184496929,0.00349388895963742,0.0258678395684557,0.233370013725215,0.0738636425479485,0.00550205878223276,0.00298014578551005,0.00138884807242908,0.000482178445208529,0.855806864949489,-0.944918313942525,-5.5628721119047,3.95070593959562,3.99612360816565
1898.747,170.79,0.457897455056921,0.00897542965144389,0.00624917586040174,0.000786778603138324,0.185384158938069,0.0031943650828535,0.0248901147202321,0.227302096611138,0.0752736143466221,0.00541294888136785,0.00320645246362797,0.00110654476726298,0.000320865016922333,0.904215054929484,-0.901300540544768,-5.4622385944885,3.93215445653413,4.06104186089027
1898.426,171.29,0.46245366064528,0.0098879122510556,0.00653990751778252,0.000914779252195252,0.182420955649581,0.00325630848364969,0.0243126056144304,0.225552033255173,0.0750359143644358,0.00495705558975971,0.00281638480986128,0.00139618456271805,0.0004562980040783,0.930229399262632,-0.888350102357987,-5.29538945671535,3.8452333323439,4.02572277268268
1898.126,171.79,0.473073750334462,0.00934383330317164,0.00683467654637888,0.0009314966898005,0.178673055764344,0.00309314633824099,0.0242333471373963,0.220459397735764,0.0736159946530536,0.00481291793836134,0.00324080910313189,0.00116686891654389,0.000520705539352127,0.973693665068076,-0.886695310858209,-5.25652027420784,3.92453471076563,4.0563688263353
1897.739,172.29,0.46583475607521,0.0106602892285203,0.00680694512789126,0.000980831029361616,0.17962759523114,0.00321574839184811,0.0248184685039939,0.223300679694798,0.0745476014071537,0.00508743614323465,0.00326129094247532,0.00142959177212729,0.000428766452246414,0.952945178197279,-0.879447925936206,-5.21024086985838,3.77730542004199,4.02282568045524
1897.289,172.79,0.462226567759108,0.00858120918242353,0.00636196899905757,0.000947949934118031,0.180503351483062,0.00304359245436267,0.0252812398611292,0.226995936726825,0.0755656248413646,0.00536877349183262,0.00362074939911672,0.00106161564216711,0.000441420225433309,0.940305831903062,-0.870747863460233,-5.24920293560726,3.9864803433543,4.08271079923826
1896.897,173.29,0.45756253832607,0.0094459441470499,0.00602414897029716,0.00102348337876087,0.183422842665072,0.00320356844354147,0.0256438234196566,0.228561951296158,0.0747022841792165,0.00525599086939348,0.00318065463655429,0.00146211911251552,0.000510650555714376,0.914119468038078,-0.898283433423868,-5.18858221675116,3.88032811257969,4.04752877602298
1896.547,173.79,0.450393540252703,0.00900930868900394,0.00592966172170507,0.000970035142312954,0.1851200472141,0.00342946052525686,0.0269807119671647,0.233584247659415,0.0740145397966575,0.00524720336936985,0.00337580813906699,0.00149368243152614,0.000451753091718754,0.889117215986049,-0.916742960848867,-5.25142749744361,3.91186339288131,3.98860155094962
1896.168,174.29,0.459377681434313,0.00998165603232667,0.00662898949039038,0.00111504656959202,0.182392371662118,0.00304729216800752,0.0245234976978643,0.227878099711185,0.0749016673010712,0.00531179368735255,0.00283976662516156,0.00151289346520345,0.000489244155414051,0.92371245234818,-0.889984104100959,-5.09726408424767,3.82912369542545,4.09190687222657
1895.768,174.79,0.466152110697114,0.010906810597747,0.00661268858244467,0.0012011282826223,0.179922887328509,0.00326273119361976,0.0239518417103878,0.222082607921789,0.0751217925218861,0.00560958733758541,0.00342303879561842,0.00126242236573944,0.000490352664937073,0.951983643299299,-0.873417658640864,-5.00926700480061,3.75512457907361,4.00996372128578
1895.339,175.29,0.455151205106442,0.00959434477787208,0.0064946691625295,0.00100454603587997,0.181020590868398,0.0031903637991373,0.0253857154483833,0.231070004301875,0.0760548314711251,0.00532967480147426,0.0037577462823658,0.00146496296899162,0.000481344975525817,0.922018896161201,-0.867156239619653,-5.19407505263004,3.85945584340416,4.03847583258832
1894.889,175.79,0.447740247629307,0.00889476386095917,0.00621312750003732,0.000962403113684155,0.188728628736346,0.00329376149170186,0.0252039364354564,0.234711514498637,0.0741188211825155,0.0051175039076093,0.00338334077913308,0.00123343788078375,0.000398512983828642,0.863903103383774,-0.934640659365538,-5.27863203547501,3.9187504864899,4.04827993423758
1894.439,176.29,0.442172456364596,0.00854712972616903,0.00650550323039406,0.000903027103900466,0.18944701586623,0.00336672061562891,0.0255748618194033,0.239242198849186,0.0739827857731788,0.00492738702345689,0.00339616715162567,0.00146578312517177,0.000468963351059421,0.847590592973967,-0.940276944320632,-5.34611209639866,3.94610445670502,4.03017022628176
1893.989,176.79,0.432775894538606,0.00782997040624159,0.00664514393327953,0.00110734463276836,0.191041162227603,0.0035243475921442,0.0261490449287059,0.245634651600753,0.0743309120258273,0.00557223567393059,0.0035620123755717,0.00136131288673662,0.000465967177831585,0.817731115570813,-0.943962005255036,-5.15052398721624,4.01226129898309,3.99279357498094
1893.597,177.29,0.431857328863063,0.00927087824518277,0.00670755119682705,0.000968487165131888,0.192284921845338,0.00328084411753981,0.0263293371171902,0.244893187556173,0.0734720318496067,0.00570903342192363,0.00325188602954583,0.00143717918192329,0.000537333410554901,0.80911703645582,-0.962073425229846,-5.29099828851889,3.84121716076492,4.07087749778497
1893.247,177.79,0.43340550856211,0.00975513251131541,0.00659742071017365,0.000873316624822522,0.19265867529126,0.00330964047554768,0.0259710592270437,0.242554675195075,0.0739280557611025,0.0054880134833966,0.00352059180044223,0.00155644915362612,0.00038146120408393,0.810753697715471,-0.957827700569276,-5.39637720437775,3.79388024121166,4.06408053558668
1892.897,178.29,0.429669783291495,0.00883282565532356,0.0065397306274812,0.00111898627560577,0.193855828264822,0.00348594542213344,0.0265161161584926,0.24597082257067,0.0726789854377441,0.00558721423130053,0.00355539974268828,0.00170218207835991,0.000486180243883886,0.795902238318491,-0.981062445387961,-5.15469156513356,3.88454199814223,4.01837543884003
1892.547,178.79,0.433670593796589,0.00937125013635868,0.00666566670302898,0.00119882004290753,0.192128240791244,0.00323851859932366,0.025411575942693,0.244094532926075,0.0725780426166321,0.00597591905748882,0.00366463946765572,0.00151244500199993,0.000489754918002982,0.814122175589334,-0.973500637067221,-5.076825294393,3.83463873905915,4.08304706704047
1892.168,179.29,0.430333913378641,0.00953277067049081,0.00657737369844068,0.00119372190700759,0.190529579476599,0.00357889844294678,0.0260408223417582,0.24881903153217,0.0722740232282639,0.0056976698049574,0.00336350702572794,0.00157235734569756,0.000486331147299388,0.814753994719105,-0.969342682200764,-5.07273137621711,3.80982604323729,3.97475239979309
1891.768,179.79,0.428968756318626,0.00888014171303989,0.00615049538026039,0.00119559388488892,0.192211497041784,0.00352963929987429,0.0265118548408366,0.252052729206776,0.0700905926101749,0.00553401728336454,0.00333953108104544,0.00112636372427495,0.000408787615053934,0.802787774319154,-1.00880772739715,-5.07995327612774,3.87756657162933,3.99740062847698
1891.368,180.29,0.442088808182806,0.0111051423762961,0.00632429564351933,0.00111941241284457,0.186561778053145,0.00341206570588345,0.0251247117705281,0.243025643222721,0.0704768433229082,0.0054630401659235,0.00340877008543347,0.00143029927529306,0.000459189782697773,0.862748351538239,-0.973478241490126,-5.11595851759652,3.68410250720343,4.00144454711061
1890.968,180.79,0.449810123507286,0.0118185546788935,0.00649003614489141,0.000998814754889277,0.182638475383849,0.00334331771461241,0.0253138526793432,0.239343810342704,0.0697012255818604,0.00549122139000214,0.00325066747716793,0.00136263641900053,0.00043726392550017,0.901316891428495,-0.963290753246509,-5.20869460259849,3.63915481904572,4.00054501283593
1890.568,181.29,0.462536498580024,0.0119421869343933,0.0068355260077719,0.00127666523165536,0.1786897395169,0.00293929902171815,0.0237153698846319,0.22937837365639,0.0713836287667619,0.00573014859789499,0.0034086276533911,0.00170145902966591,0.000462477118801807,0.951074466535405,-0.917582449078208,-4.94139961265802,3.65664821816039,4.10747987821699
1890.168,181.79,0.476307740958027,0.012906316519802,0.00657587328257966,0.00105605716632133,0.177251230690083,0.00268321116895499,0.0206479825178291,0.220011516332898,0.0709517021989588,0.00583250343366073,0.00396109933781086,0.0013675645315826,0.000447201861492498,0.988496051315973,-0.915568713785683,-5.12302579003978,3.60834731572389,4.19055383400416
1889.797,182.29,0.471913816028312,0.0135948667351161,0.00604463766695695,0.000797339824897047,0.178413694645574,0.00276062210323992,0.0213410899501774,0.227077036835764,0.0678974950611702,0.00535420374037012,0.00320160893376957,0.00110023987010933,0.000503348604543946,0.972691394844941,-0.966105838612027,-5.41057929192768,3.54710410020903,4.16864892685313
1889.447,182.79,0.472927937629907,0.0136837760728613,0.00596390674618542,0.00101219836966036,0.175885912299483,0.00300370396699003,0.0232763184838669,0.22753349326209,0.0673886449167801,0.00481165577191797,0.00269070761578478,0.00133898778041025,0.000482757084062332,0.989107465873415,-0.959359028597723,-5.15771099017069,3.542732122328,4.06998937650707
1889.039,183.29,0.524194955055291,0.0222345488682297,0.0059196791412565,0.000906802972406971,0.155396994441092,0.00272582590032968,0.0211489854532336,0.190414540049381,0.0684836672542288,0.00449826277351702,0.0026727394658638,0.00101730942782574,0.000385689197343945,1.21588056980363,-0.819387814362217,-5.14381317940174,3.16021633226574,4.04321163207088
1888.589,183.79,0.514332064256887,0.0185866210619796,0.00650877948844203,0.000894654931373152,0.159978370013453,0.00249162497472105,0.0198505684465977,0.2018095330209,0.0666155225927847,0.00445349113258478,0.00280706227853444,0.0011650297632132,0.000506678038529513,1.16783047759256,-0.876100996326237,-5.18635580526903,3.32042707211444,4.16210352076404
1888.197,184.29,0.516356653064267,0.0167304861460488,0.00642037937652561,0.000991065272886504,0.159294818044608,0.00268903609294352,0.0204862857994671,0.197642405947789,0.069783339855032,0.00473754821398625,0.00321426574990217,0.00117739951925764,0.000476316917286228,1.17604102798114,-0.825361389595549,-5.07973156799258,3.42956514191234,4.08157388721145
1887.847,184.79,0.490713404323386,0.0124480142589461,0.00655705863534573,0.00116653717837393,0.17163520862849,0.00290663132397971,0.0218294410675929,0.213142680864677,0.0691067592888808,0.00539623417576893,0.00327338787075545,0.00144074768063617,0.000383894703167131,1.05048891496552,-0.909718799563843,-4.99133166079313,3.67429914654459,4.07837655449778
1887.439,185.29,0.463591025824164,0.00885030493304402,0.00611534383038445,0.0011646784413537,0.182900393404813,0.00306966278544788,0.0240192771486336,0.232654163490824,0.0677025388321727,0.00530100733736991,0.0028944918112783,0.00133255062493288,0.000404561535582125,0.930061047371512,-0.9938180258941,-5.05649667341013,3.95855083955702,4.08737399263056
1886.989,185.79,0.461160558078178,0.0079824564931487,0.00641793926133873,0.00115327844787021,0.182322564038626,0.00338744123005643,0.0254053064885235,0.234545867703779,0.0685532036406195,0.00466539842904774,0.00274594894606236,0.00119450287364412,0.00046553436910541,0.92796881628973,-0.978167308956177,-5.0631687375187,4.05650006921269,3.98570261124152
1886.539,186.29,0.475284989694569,0.00932683907412277,0.00637091917658335,0.00133376873425559,0.177901212054386,0.00322733865427188,0.02344803603084,0.223999991518164,0.0695542371012477,0.00489720014588758,0.00300469045538978,0.00122138440529606,0.000429392954986896,0.982686194653497,-0.939121569599627,-4.89321983793308,3.93101843659428,4.00957055621188
1886.089,186.79,0.482716572720876,0.00800292141334048,0.00621868102885857,0.00145963890220633,0.175520777164286,0.00314137355544332,0.0233478158270985,0.220402270929054,0.0695800361546256,0.00490852965138441,0.00305808764880682,0.00128559271269672,0.000357702291323424,1.0116722511546,-0.925279734963068,-4.78956834642518,4.09962302376703,4.02309728198775
1885.726,187.29,0.471102168274301,0.00770967779395324,0.00636051057217147,0.00110952640852319,0.180141271954318,0.00331485530234331,0.0240422021196072,0.226080521424628,0.0698632147128903,0.00539350182792101,0.00323990156779988,0.00114330837338783,0.000499339668155536,0.96133360102127,-0.947202132428895,-5.08980812196044,4.11259859223855,3.99532741393509
1885.426,187.79,0.452696541047229,0.00696415821646454,0.00639761344276433,0.00106744710481482,0.190322688148913,0.00348813841062478,0.0252299252787027,0.234964598525772,0.0689891972737179,0.00517161459201202,0.00302561166132943,0.00120984071103894,0.000472625586616213,0.866501023436586,-1.01477105916893,-5.18345107589051,4.1744452728538,3.99935280305412
1885.068,188.29,0.457333138552426,0.00803782065029885,0.00615942817298617,0.0017758216801511,0.185996081588335,0.00320870463443871,0.0243921644199518,0.233837587949278,0.0691524025914149,0.00530777973594754,0.0032646523419814,0.00111584594487908,0.000418571737911928,0.899686486949944,-0.989412804621103,-4.65146237255321,4.04125411066097,4.05985829173773
1884.668,188.79,0.463197728606441,0.00743359280610308,0.006339751113259,0.00238509268528427,0.183060987607442,0.00311647795919776,0.0231486675411647,0.231916013669785,0.0687113811315544,0.00534946839725224,0.00336782422589665,0.00144335323966999,0.000529661016949153,0.928334659612159,-0.979904513212942,-4.34058137759559,4.13214472670799,4.0731158579868
1884.297,189.29,0.461968999484765,0.00786128897322779,0.00625025682739408,0.00188392771533726,0.179822375540128,0.00351603287812105,0.0245606012553196,0.235135884081548,0.0684514809589487,0.00562122727143416,0.00310510904759446,0.00141926769158797,0.000403548274594055,0.943528227022883,-0.965844373993667,-4.55861075336245,4.07354720364727,3.93463623034453
1883.947,189.79,0.473328422193184,0.00857074294792061,0.00592690085749345,0.00168082549070359,0.176757033741209,0.00319293969462209,0.023723321872842,0.231112457075552,0.0669249381479273,0.00479202928241117,0.00269099741903168,0.000869753838705722,0.000429637438396803,0.98501338738195,-0.971204433637043,-4.65549106259353,4.01143506566696,4.01383407203428
1883.597,190.29,0.486611421099299,0.00926195444815634,0.00620449069886165,0.00211705014643583,0.173177164966459,0.00285930516869229,0.0213328347648518,0.22060871629065,0.0681967793073182,0.00466400365417857,0.00330712117005365,0.00119342964362803,0.000465728641415815,1.0331507558601,-0.931917805939926,-4.40429146606998,3.96155081139835,4.10373649813595
1883.247,190.79,0.489968466585979,0.00789258014968874,0.00642608643737551,0.00198101482233282,0.173635677805578,0.00283637903055105,0.0207469239995875,0.219369440268333,0.0664057878197439,0.00549690907413337,0.00323692394531314,0.00149580187680802,0.000508008184576307,1.03738173670401,-0.961175079780043,-4.47335004848751,4.12841793855805,4.11443104898349
1882.839,191.29,0.492480823789009,0.00870967741935484,0.00589051171587685,0.00206052327414101,0.172063675528003,0.00281496269832931,0.0205316801513082,0.219040664074813,0.0659976883471682,0.00529788798991279,0.00310497005358832,0.00146895029946412,0.000537984659031207,1.05159090852302,-0.958244898491939,-4.42490464774402,4.03502076887185,4.11291560439576
1882.389,191.79,0.526148661090912,0.0087351345332768,0.00607573090775167,0.00218191005991152,0.158432579193271,0.00250202345928029,0.0196200607251907,0.200653288281922,0.0662656148960863,0.00482632509817525,0.00268295711979307,0.00132970181276257,0.000546012821665789,1.20025466349776,-0.871658001318003,-4.28512846750124,4.09823045335287,4.14822934674506
1881.939,192.29,0.559040747263182,0.0118934973308086,0.00531630056144109,0.00188471963829282,0.143116136048713,0.00241690175057,0.0193153399837695,0.181986408378004,0.0674568430117974,0.00410288118095848,0.00213645723497165,0.000792752607085088,0.000541015010406258,1.36256592278151,-0.752168410242546,-4.32987736401633,3.85023055566079,4.0811699892879
1881.489,192.79,0.559884235085498,0.0131338106217623,0.00571626398787965,0.00204062512139777,0.137384572142839,0.00256734862697693,0.020144603312074,0.181412258832616,0.0693629730514087,0.00423435425526324,0.00247251554462753,0.00112999901739216,0.000516440400264162,1.40494595007234,-0.683430893608453,-4.20952789625195,3.75254017056345,3.97991038550306
1881.039,193.29,0.525831389670566,0.0105169622669277,0.00580534533275655,0.00213394103454888,0.155463290416665,0.00281403718453573,0.021559047954583,0.19850334250534,0.0682281376960572,0.00474952393269501,0.00265460480839127,0.0011818064245673,0.000558570772366244,1.21857098013443,-0.823552573306633,-4.288439108181,3.91199120167848,4.0117894565328
1880.589,193.79,0.483678357624001,0.00751048501182004,0.00593760311953174,0.00157392284655189,0.17334074492769,0.00320926199465574,0.0240460434889872,0.22596618772361,0.0660433432536275,0.00465827032957653,0.00236088426982784,0.00127100515584647,0.000403890254273898,1.0261608542501,-0.964948038744516,-4.70168814983605,4.16512008961766,3.98921827868938
1880.197,194.29,0.474175430409493,0.00838319361343978,0.00612281461975634,0.00130101998300028,0.173308569857169,0.00327182046965884,0.0245172997116715,0.233000283328611,0.0668593023449609,0.00478846185896902,0.00284995250079165,0.00101560807319878,0.000406243229279512,1.00650371307938,-0.952483200120209,-4.89192508735646,4.0353484182219,3.96972709794339
1879.847,194.79,0.475944284981026,0.00771623469850787,0.00629966110628765,0.00179489332127528,0.172936749404625,0.00318171142918779,0.0242740990198756,0.231271313694005,0.0669742816972953,0.00511050442984773,0.00284271144725362,0.00116684006320915,0.000486714707604545,1.01237488175342,-0.948617226832691,-4.56798032813838,4.12197428731936,3.99550667996661
1879.468,195.29,0.46497684787491,0.0073099445466758,0.00615492569999731,0.00140547992275035,0.179379808697416,0.00320735072209377,0.0242988642314674,0.238198832975581,0.064670705782753,0.00536731876243249,0.00305831603219977,0.00155761950201714,0.000413985249705553,0.952482220607721,-1.0201970652211,-4.8491265677352,4.15275192705264,4.0240601180661
1879.068,195.79,0.446158588379878,0.00756856185276145,0.00633357497575209,0.00117474361471622,0.188415823093652,0.00345796325562622,0.0245250320795372,0.250195288575267,0.0628337225717447,0.00523212733015918,0.00255531837560068,0.00119582875651882,0.00035342713878642,0.862023122831553,-1.0981594323357,-5.07760142176677,4.07667139856304,3.99797158401095
1878.639,196.29,0.449955246348509,0.00725517718377477,0.00661642052158347,0.00151653850848285,0.18515501037471,0.00344603116481549,0.0253051385328939,0.24463057894951,0.0659689165547825,0.00576915252858131,0.00289373042027747,0.00117783473697058,0.000310224175108833,0.887954757101232,-1.03200969836038,-4.80476292733552,4.12743281692345,3.98397018632831
1878.189,196.79,0.445246820104374,0.00733503091586523,0.00613607485745119,0.00170782126851804,0.188634388025593,0.00359584430157994,0.0252855839612239,0.246315334658226,0.0651982270603666,0.00553710876507526,0.00305011963963743,0.00155321634552869,0.000404430096561525,0.858818093629414,-1.06237841045702,-4.70459224052821,4.10596715389571,3.96003186869189
1877.739,197.29,0.437595222650361,0.00736371888729126,0.00637325385698442,0.00138505673252163,0.191827368123168,0.00355232176362562,0.0261307393911131,0.250767012532272,0.0657333975043071,0.00514164945310188,0.00269039796964633,0.00100341879830884,0.000436442337298183,0.824698490672689,-1.07098871348272,-4.93085474230466,4.08472924515984,3.98899443558101
1877.289,197.79,0.446218109759295,0.00829976646302023,0.00647959713585559,0.00179754575360666,0.183575902603459,0.00369175586696105,0.0262412886387499,0.244578312014043,0.0690049843845925,0.00533710667117767,0.00304698402055866,0.00135947110198398,0.000369175586696105,0.888179647680067,-0.97844948068981,-4.62620595582364,3.98458049039481,3.90652603055679
1876.868,198.29,0.453453357020402,0.00641519010944047,0.00671663049727305,0.00162736374324737,0.182968100148648,0.00359449534631979,0.0261662687170138,0.240035634190177,0.0688516778627773,0.00528711937971648,0.0032464404655234,0.00119643865273757,0.000441283866723985,0.907580591633983,-0.977357226811535,-4.72235045143024,4.25822378038178,3.92990821674496
1876.468,198.79,0.455525533527066,0.00657697527831669,0.00628970748644845,0.00178085214451652,0.183262279657277,0.00342119286909748,0.0257666719401817,0.236917866391334,0.0704503443050201,0.00497098178971998,0.00328796722649192,0.00124378627276285,0.000505841111767988,0.910533422241064,-0.95601022337171,-4.63382636630731,4.23787681566711,3.98092906653528
1876.068,199.29,0.460215340826678,0.0075444965535798,0.00579133129147739,0.00230812405010605,0.180166109255409,0.00359882365553876,0.0260042336628751,0.235428653110817,0.0694865159729331,0.00485168516178941,0.00310062201630822,0.0010468540773705,0.000457210365116636,0.937815257633493,-0.952746535572345,-4.35744415946079,4.11087614801615,3.91327222482858
1875.668,199.79,0.478073356706223,0.00865735774815518,0.00610758800041084,0.00465375333942539,0.171601198222362,0.00330580612643597,0.0242312835994108,0.224537510099015,0.0687866039671791,0.0050667143866099,0.00335345547803418,0.0012420597649934,0.000383312561745618,1.02459101695209,-0.914164153475763,-3.60749910589544,4.01135462052332,3.94949281493934
1875.239,200.29,0.502698898516154,0.00814712175956783,0.00617392219454871,0.00609937909987021,0.166504060406216,0.00273288139755148,0.020341495071386,0.207226514540288,0.0687627161749746,0.00548549479075315,0.0035002367839478,0.00193044690777704,0.000396832356964956,1.1049716836133,-0.884358013958962,-3.30683271685516,4.12232667301812,4.10966318637494
1874.789,200.79,0.527186776580443,0.0127381365956816,0.00571863328560591,0.00490586008396131,0.159482119530691,0.00266667532470344,0.0198961684940536,0.188889141414961,0.0689071501314398,0.0050411419084694,0.00244805989629836,0.0015270612350473,0.000593075518643459,1.19562308782993,-0.8391718645571,-3.48150138662732,3.72295452514378,4.09109931291476
1874.368,201.29,0.537873455158267,0.0142337658003769,0.00528095758027024,0.00300338819731009,0.150986998874772,0.00276979133751931,0.0210331029692872,0.187955787622912,0.0695910073551726,0.00395550396958235,0.00168210595911846,0.00100947214409589,0.000624663031315536,1.27042958609327,-0.77455837861535,-3.91745268246092,3.63200630382799,3.99842174499459
1873.968,201.79,0.539387684898521,0.0188202995983749,0.00541104352837203,0.002681187553715,0.14423992646644,0.00287696733795905,0.0213046012673699,0.189866571099586,0.0684211632416265,0.00369437558968982,0.0017564875558166,0.00100655143311908,0.000533140429410327,1.31895651023874,-0.74579588820461,-3.98521825566165,3.35549852615458,3.9147413374022
1873.51,202.29,0.519662885734078,0.0131028274583074,0.00632319769847591,0.00285154777725654,0.158441860813579,0.00247925596963574,0.0191978091261055,0.197902487208953,0.0711780442347213,0.00430383160884233,0.00269364072572698,0.00133817581624691,0.000524435828072646,1.18779258739567,-0.800203313906383,-4.01752579067415,3.68035226124532,4.15742921435885
1873.01,202.79,0.518313005445889,0.0112521516074662,0.00622035594134645,0.00292775299434371,0.16140469470117,0.00252708954939912,0.0189341457027167,0.199497939605022,0.0691972629538521,0.00482474891384393,0.0030900328812626,0.00136986607992228,0.000440953623765833,1.16666447460624,-0.846953533629266,-4.00967961009538,3.83001995302619,4.15684657796286
1872.539,203.29,0.495003226445891,0.00963399872629195,0.00612075764541149,0.00256323201309136,0.171483490297466,0.00282893932172937,0.0210689025444638,0.212102967908462,0.069878913383635,0.00490715005714816,0.00293754191216476,0.00103541498842275,0.000435464755823418,1.06007728513496,-0.89772306008768,-4.20321802816915,3.93926590462161,4.10458515205965
1872.089,203.79,0.477877523233284,0.00660441583448476,0.00585011460544708,0.00161837393199405,0.179489451867726,0.00309877821328295,0.023558569627341,0.223091889801525,0.069020073073561,0.00521666270549421,0.00306453757004226,0.00108462272853615,0.000424986807281575,0.979238029880572,-0.955719065834031,-4.708694542762,4.28161598097549,4.05910853317747
1871.639,204.29,0.474259774991705,0.00759377859103385,0.00577199561646039,0.0019927008033138,0.178333651709681,0.00316399062968139,0.0244392387118828,0.225918180629983,0.0694077194534651,0.00484401234629963,0.00270653408805284,0.00112604687170103,0.000442375556739692,0.978098976562816,-0.943658150869279,-4.4941653373296,4.1344259144689,4.03182215515512
1871.189,204.79,0.469538815497911,0.00835431340933307,0.00582832273590668,0.00196861736846461,0.176261973834885,0.00319337186752536,0.0245747147390665,0.230724260511254,0.0696507092365767,0.00492206726825267,0.00317241798388018,0.00132428544637534,0.000486130100568165,0.979779593311338,-0.928478492997229,-4.49463992311309,4.0289729878966,4.01089400572002
1870.71,205.29,0.469347268336055,0.00746063824488485,0.00594413635164192,0.00212267875063982,0.175692731918285,0.00329476197490725,0.0245851344663471,0.232045984661182,0.0693426054371521,0.00512177054510348,0.00312626176454692,0.00140310866991869,0.000512918879335834,0.982606310758402,-0.929677113549179,-4.41605777522332,4.14170197249546,3.97640270083039
1870.21,205.79,0.467914667133833,0.00885529743246428,0.00619307718457435,0.00166636426013635,0.175208086976289,0.0032972739615464,0.0238796880833057,0.23488957990519,0.0685367903613654,0.00492714088181744,0.00284157860379948,0.00140149785082807,0.000388957364850351,0.982311608130966,-0.938603649320756,-4.65533017259262,3.96727008422666,3.97287828114942
1869.71,206.29,0.474868722759043,0.00814970811931938,0.00594811812932854,0.00165331757935606,0.178078028939433,0.00294218276172039,0.0230370041375441,0.226554447913058,0.0695434675892377,0.00499926684503229,0.00246828839128799,0.00137280611344989,0.00038464072218952,0.980816573631121,-0.940269829058819,-4.67943789565853,4.06505627966668,4.1030700772259
1869.21,206.79,0.474343326576336,0.00866744905579857,0.00623279632988371,0.00193534620719087,0.174872506134642,0.00320281660087485,0.0245492371705964,0.225278992851808,0.071334684732743,0.00498026245599061,0.00286141043422597,0.00130587858743199,0.000435292862477328,0.997874205136774,-0.896674501012624,-4.50377094311581,4.00235685622739,4.00002656159749
1868.768,207.29,0.483534250645476,0.0110064444629994,0.00637289400089136,0.00197899124581023,0.16887030504659,0.00323578623424533,0.0252345782363013,0.218852575453785,0.0717403303234593,0.00484500432124938,0.00268492182171295,0.00118414161119166,0.00045977659628687,1.05199115682023,-0.85607791799481,-4.44654375147279,3.78264118983968,3.95485905616573
1868.368,207.79,0.47420953883085,0.011512979725543,0.00593956227278439,0.00167365013887505,0.171029711893857,0.00332346836638747,0.0263093468756364,0.222943197722536,0.0732018822876902,0.00515744227261107,0.00300715390648358,0.00123492631606314,0.000457139390683023,1.01981199388263,-0.848616160225102,-4.6268303420379,3.71817421837268,3.9408283688826
1868.055,208.29,0.479297021548174,0.0105832711654643,0.00600692542874269,0.00146399941353779,0.171527259712202,0.00325788382011134,0.0249731564172334,0.220611128120432,0.0723720240277017,0.00509489044799676,0.0029527941043299,0.00135511580472533,0.000504529989348811,1.0275782892418,-0.862922386474649,-4.76357018778408,3.813045929452,3.96366435307003
1867.805,208.79,0.477125483431059,0.0106118226049997,0.00637010492443634,0.00136264105001871,0.172136948114242,0.00335013959811231,0.0256611013839357,0.222494439736205,0.0715004753649125,0.00492572692114105,0.0029403793455021,0.00108193914468731,0.000438798380747936,1.01948915430869,-0.8785862718348,-4.83886560482633,3.80581080459899,3.93928835392592
1867.381,209.29,0.474798889214305,0.00915607223099896,0.00599430925419591,0.00156057266603531,0.172310737808828,0.00324513603704329,0.0253218948345045,0.226256314440428,0.0715789788724114,0.00496283485506983,0.00337767782511752,0.00099406341055674,0.000442518550505903,1.01359186123681,-0.878498022321889,-4.70424661450328,3.94847403226715,3.97214219069014
1866.831,209.79,0.474303224183552,0.00845396911992749,0.00617728817049315,0.00164303128658478,0.173580736201138,0.00335505290497059,0.0248131688745342,0.227677647450913,0.0699880381378554,0.00520293240751846,0.00321070390304842,0.0012004317733381,0.000393775586125938,1.00520400114735,-0.908318485783548,-4.6600999482596,4.02721078121248,3.94617529019365
1866.368,210.29,0.465228410898482,0.00828449397317294,0.00595593539233107,0.00150787104546071,0.176205650014541,0.0034152192519014,0.0253481712535821,0.234631772095175,0.0688704835019037,0.00554093450747881,0.00314096679682447,0.0013629829559861,0.000507108313161117,0.970876712313581,-0.93942408887182,-4.76095302659574,4.02814291967371,3.94341008533637
1865.968,210.79,0.469632274526549,0.0085088213271286,0.00575815145083139,0.00158315645298696,0.175545750643061,0.00345922263408355,0.0243795780037171,0.234010119824832,0.0676477079813775,0.00515686141038097,0.00239175232213469,0.00143360747208591,0.000492995950832421,0.984050297491622,-0.953586222856218,-4.7084790871227,4.01084656530689,3.92685580476084
1865.539,211.29,0.46837197683015,0.00879938419543265,0.00567669447806907,0.00149889106433452,0.174199372821734,0.0034486680585908,0.0249571455264804,0.237163968121146,0.0672642597752882,0.00477695363592789,0.00228794144169761,0.0010337880104963,0.00052095604065285,0.989062338422892,-0.951571426804839,-4.75547491982287,3.97458106125648,3.92221237755205
1865.089,211.79,0.481993474680291,0.0104950640467473,0.00595986194018107,0.00200270664386651,0.165659193671909,0.00328573976353584,0.024509814206733,0.22932512248088,0.0675653843329382,0.00483104457569686,0.00242234135185321,0.00148026143242308,0.000469990872945101,1.06799794816044,-0.896836841973312,-4.41543304021239,3.82702552010107,3.92034080682745
1864.697,212.29,0.486002642255235,0.00942340544576888,0.00590571701488981,0.00171150912769411,0.164453795635811,0.00323367790440652,0.0248567714704512,0.226576577534874,0.0683646312224366,0.00492604025503507,0.00293052060086841,0.00112115016817253,0.000493561364356785,1.08358440746681,-0.877774049656637,-4.56525414102959,3.94301752507674,3.9290094936217
1864.347,212.79,0.468557858637006,0.00784298224719124,0.00590720108511924,0.0012503003529342,0.172071285843417,0.0034742122951749,0.0249238325762532,0.238515075896976,0.0676243981239254,0.00513642524358493,0.00300404943367219,0.00123989851971511,0.000452479745030264,1.00175074814791,-0.933940006603408,-4.92452503873132,4.09004044097238,3.90254106785573
1863.939,213.29,0.462282087342404,0.00807725459951912,0.00611825744109605,0.00118158460186991,0.177460397325866,0.00338906508407191,0.0246761468381786,0.240845296963348,0.0661450235285869,0.00508308210053986,0.00277455860700867,0.00149296204494558,0.000474283522565585,0.957427813052818,-0.986897812738289,-5.01189104980753,4.04712324590925,3.95819337341799
1863.489,213.79,0.471638863859933,0.00942271288159972,0.00649742500268659,0.00153652528291905,0.174577998032586,0.00308958345388564,0.0238931231452166,0.232353208620248,0.0677796744674343,0.00483483644840499,0.00259359681245918,0.00131643121078606,0.000466020781840276,0.993841951885796,-0.946109258520709,-4.73284806457568,3.91309053498797,4.03433534465111
1863.039,214.29,0.495605253260461,0.0130972801050478,0.00633504427356782,0.00210552174981141,0.165831849576396,0.00284142171089675,0.0219389496522682,0.21419362973688,0.0694365636841522,0.00470889014981054,0.00249684226087599,0.000965257260625982,0.000443496579206532,1.09480542888547,-0.870560737600197,-4.36641102204771,3.6333751664169,4.06666979127054
1862.589,214.79,0.489311239955939,0.0107133098224731,0.00608621028272806,0.00172275401548984,0.164446156999035,0.00316692141509192,0.0232689204074836,0.222181898914686,0.0688909477495325,0.0051458470313981,0.00328540078046948,0.0012829927674218,0.000497399858251714,1.09041556598222,-0.870058416607954,-4.55865902143812,3.82151189243644,3.94982324997719
1862.139,215.29,0.468431502585614,0.00855937961535175,0.00615075086560096,0.00131925316234239,0.172028781486108,0.00324676645658976,0.0240822188678631,0.241269737939565,0.0653289690499343,0.00529837295500502,0.00280938876976845,0.00113209619867932,0.000342782047578555,1.00172808815939,-0.968226228961137,-4.87059600665953,4.00236217251045,3.97000223240627
1861.689,215.79,0.463849981281968,0.00752959315777737,0.00575566863735756,0.00173255312944301,0.179438822307858,0.00333090150279055,0.0240125607579239,0.238177115970063,0.0664303452089407,0.00525820288731947,0.00293030535113716,0.00112106378963959,0.000432886017781626,0.949726856708055,-0.99368036879197,-4.6402382090807,4.12072017290513,3.98659133812499
1861.297,216.29,0.459975918703476,0.0077499088897435,0.00604448596700701,0.00139031231186487,0.180862416465486,0.00354373594334855,0.0246782952213929,0.238176304890154,0.0678937523532621,0.00520385542362746,0.0027957257712156,0.00127957056363523,0.00040571749578678,0.933437525272606,-0.979792594334697,-4.86820820549595,4.08349305033416,3.9325550903131
1860.947,216.79,0.472234057226931,0.0102305527032343,0.00602410254052425,0.00144063510551886,0.174487476180989,0.00333593873724757,0.024685946655632,0.228830071469805,0.069674631028828,0.00485831200478168,0.00233566797958589,0.00141100502178833,0.00045160334513428,0.995621777300643,-0.91801669157994,-4.79676890747532,3.83209614044037,3.957098849137
1860.539,217.29,0.490708711435604,0.0107633169706755,0.00566415356330638,0.00155245042847632,0.165553313692715,0.00343473294798629,0.0246121927929652,0.220585390881568,0.0694052231558416,0.00419925115899332,0.00224061861841074,0.000843922232922536,0.000436722120535305,1.08655741595854,-0.869331153765901,-4.66945867587045,3.81970692013798,3.87535410180605
1860.089,217.79,0.513390082393347,0.0152448893269228,0.00526088813554414,0.0019163408128884,0.151053780610519,0.00322458211256667,0.0241223148735143,0.208347510256508,0.0694371046189708,0.00430530318621393,0.00193805865264591,0.00126894235154564,0.000490202668812251,1.22340001435874,-0.777214563060106,-4.36721839536674,3.51679162996357,3.84683257203438
1859.668,218.29,0.510001745505324,0.0145092563120553,0.00554762662614356,0.00190260080293245,0.152874436561149,0.00312445452958632,0.0236084728881953,0.213063567196821,0.0666772766009878,0.00453112646699455,0.00253406302300987,0.00118489008450299,0.000440483402297906,1.20479723988942,-0.829752694150668,-4.38639511457389,3.55962733616593,3.89035719096228
1859.268,218.79,0.496405435987984,0.00928677066835766,0.00559919506432188,0.00162076553165118,0.162228660520022,0.00321172624376026,0.0244481740437021,0.221579305999916,0.065749431909862,0.00519939938149861,0.00278932000818091,0.00139671550888646,0.000485099131857549,1.11838617937664,-0.903155793849375,-4.60610823668626,3.97880212543805,3.92219826147879
1858.897,219.29,0.484902879856397,0.00873181694800326,0.00578862471803074,0.00147991609302151,0.170171630746895,0.00323231146669773,0.0237857772055482,0.226406362287204,0.0661282254214849,0.00519270629125539,0.00258855316621964,0.00106599718576743,0.00052519861347566,1.04714110278329,-0.945211853753699,-4.74482212811869,4.01697514805131,3.96361001472101
1858.547,219.79,0.468464678128035,0.00788028216134454,0.00591147887338223,0.00133314949725564,0.17657995956958,0.00324619368077,0.0242349343968791,0.236973152498109,0.0662671611316462,0.00470404081160925,0.00307688876362803,0.000944863369918064,0.000383217117842305,0.975686902789841,-0.980079335237966,-4.88622961662206,4.08509699479355,3.99629066767727
1858.168,220.29,0.45839265285045,0.00827972890087696,0.00625393549914631,0.00142673006328436,0.179382219759293,0.00354845524323298,0.02508105724984,0.24090612667281,0.0671573475067433,0.00488945903662043,0.0029177548289914,0.00127977074346108,0.000484761645250407,0.938207302225874,-0.98248049893852,-4.83413367841319,4.01391591103775,3.92300646919908
1857.768,220.79,0.460724854544239,0.00713694576339196,0.00615052163445462,0.00194881461913997,0.177830117702133,0.00322782217615194,0.0251297816491674,0.238799279408814,0.068677690095633,0.00518708620343744,0.0033448555473818,0.00139395104661272,0.000448279609442921,0.951972320372038,-0.95140429702508,-4.51360739951889,4.167516099404,4.00902103867822
1857.339,221.29,0.460632389824436,0.00712006199328406,0.0059941423012507,0.001770641513836,0.180290885154108,0.00349649621291027,0.0251254030813329,0.23699515885779,0.0686998491830052,0.00525463908076625,0.00314965878696475,0.00107071733895495,0.000399956671360603,0.938028730698088,-0.964824571227378,-4.62322965703822,4.16968387354514,3.9428101901025
1856.889,221.79,0.464290760688876,0.00640626038965357,0.00567171188243899,0.00191273522175677,0.180058930115034,0.00325715639337722,0.0250910133652503,0.236128773522176,0.067140019283197,0.00518028126870138,0.00314390916949265,0.00130078462663741,0.000417664073409136,0.94722680854752,-0.9865039080773,-4.54474991591399,4.28323529724849,4.01242964408005
1856.497,222.29,0.480707882983898,0.00734772345859944,0.00546631038788484,0.00260576236710612,0.171227540434062,0.00348382532232491,0.0241204104365257,0.227543592561943,0.0678214142077745,0.00495463341398036,0.00297741251481863,0.00127919243476119,0.000464299476320727,1.03226645594209,-0.926115328940629,-4.18526803008216,4.18086924200989,3.89486239716334
1856.147,222.79,0.501275675905911,0.00809276868524454,0.00565109518586747,0.00259607500718766,0.16159235872262,0.00326692293767503,0.0244540043232422,0.216166370286761,0.0676140175272332,0.00450639435209933,0.00270894783358712,0.00153762605019646,0.000537743182374802,1.13207934122461,-0.871261538413572,-4.13107616804261,4.12618529303402,3.90122831559668
1855.768,223.29,0.529485968253427,0.00887074243816925,0.00557580384772052,0.00295158253021427,0.153054695980601,0.00303262309101495,0.021596243130213,0.19989294115389,0.0675345115493462,0.00442844011848983,0.00204200886754347,0.00106738949159844,0.000467049547772344,1.24111131711943,-0.818156598146571,-3.94845387014391,4.08914816971701,3.92136739595834
1855.368,223.79,0.549352304415204,0.0109775024289301,0.00544401531114968,0.00333569248310646,0.140656562470248,0.00294683424659577,0.020729929351685,0.189137663845246,0.06944044561548,0.0043875597482401,0.00187431964147041,0.00110004439178098,0.000617126050863575,1.36241876393369,-0.705851704402597,-3.74164089308318,3.91289201122328,3.86558973462671
1854.997,224.29,0.537486531447661,0.0105291394102239,0.00603098105160653,0.00271625197801752,0.146327086329476,0.00289432990852655,0.0208925987205439,0.196660024434997,0.0683019029542903,0.00445082118721626,0.00223273658442021,0.000947870503532255,0.000529725489488894,1.30105926865164,-0.76190680537318,-3.9865914524599,3.93275710653419,3.92309081413475
1854.647,224.79,0.509418069348085,0.00876788288055177,0.00598215593244227,0.00289253149908445,0.159205946701226,0.00266350730730312,0.0217826230096642,0.211002850690541,0.0695627950200451,0.00451552024276564,0.00241906802569035,0.00123100503082467,0.000556044311776798,1.16307040737852,-0.827968756257982,-4.00806655642033,4.06217366122695,4.09055483549584
1854.297,225.29,0.494366987196908,0.0084408229286014,0.00617870412442632,0.00232842790895869,0.166802183634913,0.00301760778490631,0.021821130646329,0.21886135309707,0.0689636430439575,0.00471012050864519,0.00280346198749041,0.00109790484969574,0.000607652288098929,1.08646954926963,-0.883229127851643,-4.27161525850695,4.07019832320148,4.01234418788795
1853.947,225.79,0.472173645635795,0.00871918405002306,0.00630926144226334,0.00197324586130901,0.174849059504895,0.00314386756188817,0.0238767874532315,0.231178309671467,0.0682230536620368,0.00508123622571882,0.00262826098098509,0.00138383475987904,0.000460253190507919,0.99342372659887,-0.941140546661504,-4.48424325242074,3.99182114992791,4.01846933502837
1853.597,226.29,0.461597825169831,0.00670579495105192,0.0059186331990871,0.00180275475744099,0.179750701242789,0.00342543983305997,0.0255019828244393,0.237747544364025,0.0680004856736561,0.00514073217361598,0.00285744860811281,0.00113906935872556,0.00041158784416461,0.943123105873789,-0.972056050394921,-4.60225498200294,4.23172193304068,3.96034101592425
1853.247,226.79,0.453865022177246,0.00686042340916632,0.00622988878816414,0.00164455833117125,0.181444089668225,0.00347724338533004,0.0257216778836364,0.241118506397859,0.0698497983839708,0.00508769082716839,0.00322296221030294,0.00104813459950198,0.000430003938257223,0.916852285513012,-0.954600361059281,-4.70347570386614,4.19203068457102,3.95470771111109
1852.868,227.29,0.450536229926815,0.00705145188775821,0.00638032686159876,0.00164946242988496,0.181332621315384,0.00356386976257019,0.0265573760351665,0.243693641219241,0.0693918535112416,0.00521436310647383,0.00308964931397827,0.00103916133082752,0.000499993299058879,0.910105463795352,-0.960563555552143,-4.69988359685216,4.15720495825879,3.92948606515841
1852.468,227.79,0.455260556978073,0.00726248363178395,0.00606145274694112,0.0015711402286963,0.18000033361969,0.00358015630082487,0.0265008715814407,0.237933392828845,0.0715541256244944,0.00532957455149003,0.00330804774097767,0.00118643502339508,0.00045142914334804,0.927911203415808,-0.922504539271374,-4.74115708825429,4.13814803937065,3.91755224542336
1852.01,228.29,0.465167359869109,0.0071059337155164,0.00595291510235258,0.00171544126700572,0.178279633621814,0.00345488201645738,0.0265956003731398,0.229742871631986,0.0721393138652314,0.00468407289999311,0.00339227467094623,0.0013084935211832,0.000461207445265528,0.959043961526441,-0.904754128730013,-4.64368294693661,4.18146708493561,3.94356498500549
1851.51,228.79,0.482022470712503,0.00827010047974897,0.00569282209851002,0.0024195293322632,0.17311039555574,0.00343530530303273,0.0262812047337505,0.21713730242731,0.072518730034886,0.00434875756635852,0.00305372314402382,0.00129610029428725,0.000413558317585075,1.02406121711691,-0.870084641778507,-4.27035648513003,4.06534407382844,3.91982371379004
1851.068,229.29,0.509899278158316,0.00872602633625801,0.0057871696104324,0.00222541489260737,0.16131748925201,0.0031264897461827,0.0233668563723774,0.204977074953937,0.0717379944866437,0.00449664715065077,0.00251122798175596,0.00136906651481483,0.000459264544013579,1.15083880629643,-0.810353889698737,-4.28343103928757,4.06790311957344,3.94346351773771
1850.668,229.79,0.524219003296793,0.00932327174640879,0.00608330111560612,0.00229962152062473,0.150928260498987,0.00276868191800022,0.0224770177117652,0.201160061011276,0.0727110465394818,0.00435858497513757,0.00223945700409676,0.00103505251582382,0.000396640145999227,1.24510491434131,-0.730311307993169,-4.18406007474372,4.02939592938178,3.99843326281445
1850.268,230.29,0.505354390510867,0.0101324636450957,0.00620658074027744,0.00208747514910537,0.157182746219313,0.00298210735586481,0.0231699689503429,0.21386512386356,0.0700035740612505,0.00464069515491322,0.00285478142381665,0.000996269573569817,0.000523823352022695,1.16785082944565,-0.808862818332976,-4.32145384404495,3.90951545497863,3.96477890010622
1849.868,230.79,0.485463027530908,0.00660559520302164,0.00574293605088629,0.00168610652462818,0.170678279005589,0.00308925236913333,0.0238651369126976,0.225336320493772,0.0683365939164514,0.00441291487652529,0.00298857347545661,0.00121662494674616,0.000578638694184151,1.04532275634009,-0.915334969922644,-4.61735833565407,4.29718608352309,4.01185126520726
1849.468,231.29,0.496061281034389,0.00760887726264926,0.00591038479003578,0.00179997150386799,0.169676015379711,0.00297364312797326,0.0227764047926804,0.215406157009587,0.0686613275712378,0.00453273006270174,0.00288343954463591,0.00127720073679927,0.000432567183731374,1.07280864273151,-0.904704703552686,-4.54611999324189,4.17738384305092,4.04410298331555
1849.068,231.79,0.523011831155549,0.00818576835023128,0.00538242302480961,0.00237142249009744,0.156905314415944,0.00297050776890052,0.0222284518785009,0.200962481895061,0.0692094047044288,0.0044978118332321,0.00260191977240989,0.00122931883899972,0.000443343871835205,1.20396155499883,-0.818505770999974,-4.1921525486354,4.15720700613752,3.9669096263612
1848.726,232.29,0.543797644173643,0.00842281169123591,0.00535188189399324,0.00289296778779115,0.149348105626963,0.00271175037572772,0.0204753972947604,0.188503003108909,0.0698403225018854,0.00436658003678605,0.00261517343157415,0.0012272867846931,0.000447075292036743,1.29229733956954,-0.76006833121831,-3.94399696906626,4.16763349744561,4.00868553896996
1848.426,232.79,0.555532469930974,0.00859593231294873,0.00545513308862571,0.00384375649283191,0.141865780178683,0.00259136135928158,0.0196158552069626,0.18372578895122,0.0704527090980446,0.00407922986356396,0.00258905279682342,0.00118198397857654,0.00047094674146409,1.36504565849306,-0.69993970879887,-3.60843125883601,4.16863795459291,4.00269804163414
1848.068,233.29,0.538366220069741,0.00936730147959108,0.00546038215866654,0.00364138951520385,0.153212967386358,0.00238863350872674,0.0185632568024992,0.190404161328648,0.0694133493407712,0.00425415060532853,0.00294352271811742,0.00152055529771678,0.000464109788631466,1.25671013779705,-0.791749694609927,-3.739463553486,4.05131397603868,4.16110744847938
1847.668,233.79,0.537418806317714,0.0112404949186726,0.0058194259334926,0.00358065988397569,0.154231290596841,0.00240493780509874,0.0176836340169518,0.189037444414979,0.0699685525643375,0.00468012506131852,0.00235372048317283,0.00107897824857246,0.000501929754873897,1.24832432787604,-0.790407470675951,-3.76290625414212,3.86725481517131,4.16092932014429
1847.268,234.29,0.534871184033195,0.0103041589075109,0.00562126372182238,0.00346044368390737,0.152992098243495,0.00255115450646177,0.0195234340485737,0.191298561130963,0.0702657965227798,0.00466723706947171,0.00260148416572998,0.00134659799464269,0.000496585971446307,1.25163966580499,-0.778101130120888,-3.78898946139967,3.94947834922874,4.09384027024829
1846.868,234.79,0.523526951601637,0.0102159237467949,0.00550921962210607,0.00278088589828089,0.159143311969415,0.00255097013503719,0.0197256776493412,0.198016593349084,0.0696918471870354,0.00447459868750944,0.00291007666048449,0.000952508162009595,0.000501435331264821,1.19078338306068,-0.825721788536339,-4.0470355840195,3.93664085785875,4.13333139747234
1846.439,235.29,0.518403695640906,0.0100813766651117,0.00583221030079994,0.00222662796523782,0.161308505675634,0.00264776516525856,0.0198474403496951,0.201140525924774,0.0696766098239431,0.0045202059468892,0.00255165949653588,0.00123857530365072,0.000524801741564298,1.1674355581837,-0.839454037907798,-4.28283039791771,3.94006444671192,4.10960276543851
1845.989,235.79,0.533854566498565,0.0144903106247604,0.00570228510137097,0.00180055208341162,0.153413050083693,0.00267559677511137,0.0196332113281246,0.191937563682317,0.0688075019782452,0.00398762697542681,0.00206145497921903,0.00114668433219059,0.00048959555756452,1.24698949691769,-0.801821178191957,-4.4450406266865,3.6066432612016,4.04896150860236
1845.539,236.29,0.531099011413482,0.0161960151015865,0.00582131244135041,0.00167601422866246,0.151524343670209,0.00280754206402898,0.0204766165462759,0.192639067717085,0.06977936843943,0.00394998145036335,0.00265914497086616,0.000940575693429064,0.000431006263230256,1.25420216969942,-0.775407911354263,-4.50432780465364,3.4901832354359,3.98843690607951
1845.089,236.79,0.50853889943074,0.00980124597188911,0.00584136279914509,0.00188362010379175,0.167818778622196,0.00298382548259738,0.0206855735034585,0.203691039212476,0.0697742117424449,0.00438155721870649,0.00301486240476213,0.00103492081839013,0.000550102689402818,1.10865701243992,-0.87762021628757,-4.48968918611295,3.94903219336802,4.02967850226473
1844.668,237.29,0.501103894299716,0.0100558038338153,0.00606019803842364,0.00187971933514145,0.170258330501465,0.00293445667669041,0.0213074041065295,0.206081998080741,0.0707112156943207,0.00453953822380949,0.00342923214694083,0.00125350243326943,0.000384706629136398,1.07949657861262,-0.878712676677797,-4.50619439894634,3.90866348971709,4.06079455735599
1844.268,237.79,0.48772303952637,0.00840762214379985,0.00627083131389202,0.00204092284651216,0.173171664406668,0.002953799088402,0.0220975701727008,0.218717478118133,0.06873308329543,0.00506609032255316,0.00320412104504623,0.00129528297565699,0.00031849474483671,1.03546432046516,-0.924052737209644,-4.44088130101461,4.06060901030217,4.07119121392963
1843.868,238.29,0.489178476896396,0.00754612714125282,0.00587467567875896,0.00243234389407373,0.171725153512926,0.00300379818244044,0.0219371463079971,0.221424930687619,0.0670338905884828,0.00509599071439112,0.00273377033189353,0.00153643753722041,0.000477258526548029,1.046832152267,-0.940696932864727,-4.25703989612528,4.17169293608509,4.04601770534341
1843.468,238.79,0.514478444635803,0.00738854085407087,0.00562372559875435,0.00279316552180466,0.161379318941277,0.00292820141538391,0.0212203713071578,0.21073389930685,0.0650343250854102,0.00452162495961907,0.00230392009199061,0.00113014655549404,0.00046431572638404,1.15939604645104,-0.908842403445341,-4.05658206389881,4.2432233918852,4.00936922905356
1843.039,239.29,0.525634081563928,0.00932445642756491,0.00585775517743822,0.00264389098799351,0.151976869768207,0.00288800952934163,0.021722190920316,0.20307284213922,0.0675663452075934,0.00478864674412345,0.00290653638292609,0.00121623344707368,0.000402141704274363,1.24087697153706,-0.810618329568464,-4.05147664550688,4.03196463634564,3.96316081603061
1842.589,239.79,0.495300662141686,0.0081076032131515,0.00569566390601324,0.00171451107374888,0.165744027232912,0.00318512983373809,0.022629055358366,0.221909832492683,0.0658260165639205,0.00514457106087967,0.00275753990493389,0.00153496481723644,0.000450422400730639,1.09472038282025,-0.923429444927545,-4.57131664184334,4.11236268674794,3.95195154130453
1842.168,240.29,0.493428095167837,0.00823515500821946,0.00581797482156292,0.00237741704938686,0.168965080640689,0.00301048805065405,0.0219837829183841,0.221321622043009,0.0656531252256296,0.00487935550232876,0.0026641301970682,0.00118243013459822,0.000481343240632904,1.07168507429816,-0.945306866179087,-4.26367744516469,4.09296495789244,4.02758986145418
1841.768,240.79,0.498835786471355,0.00725157575970985,0.00588158914046269,0.00281039825345963,0.164877064333251,0.00289732913130744,0.0216094756857636,0.218650964822705,0.0676157171027149,0.00495175886474876,0.00292043733934293,0.00130176238599951,0.000396140709179901,1.10707682480834,-0.89135967401093,-4.07187393104187,4.23105816494614,4.04141080813805
1841.339,241.29,0.484020386063149,0.00760216414854722,0.00576683648124245,0.00223128454230087,0.171696670013074,0.00326326663382615,0.0242926297979892,0.223433995755675,0.0683955744284607,0.00477954243597658,0.00298162801670294,0.00114318257872891,0.000392839104326842,1.03639765229566,-0.920421252302144,-4.3431519259299,4.15369406265012,3.96300064490639
1840.889,241.79,0.478719127944969,0.00821468253395643,0.00614297464270769,0.00207479999257896,0.174729492668628,0.00305190401292911,0.0230444005137011,0.225862541666065,0.0686260969229469,0.00505146287313933,0.00318074156835502,0.00089567868532097,0.000406095974702488,1.00787503187477,-0.934566137823424,-4.43337426191225,4.06519094764255,4.04747335945045
1840.468,242.29,0.46458912756647,0.00624063298602212,0.00613410874542921,0.00190688937615819,0.18064190874564,0.00319783660869006,0.0225377871012856,0.239020356676908,0.0655693615190146,0.00546543182923215,0.00292150640041935,0.00138692451861063,0.000388127926120693,0.944636751436562,-1.01340813008474,-4.55104335133822,4.31007180105021,4.03404214552808
1840.068,242.79,0.45976355517046,0.00766696104242343,0.00636101576298864,0.00189643249908355,0.179468540673843,0.00333568000799813,0.0233914170026994,0.2419602092845,0.0660679174859199,0.00537270470223614,0.00300242443429866,0.00122054853867431,0.000492593394874529,0.940712415137063,-0.999316665966893,-4.55002544254801,4.09379202347372,3.98532337266646
1839.668,243.29,0.452314737868415,0.00702715692325282,0.00619613580473015,0.00221993794336565,0.181506657167266,0.00349875770282473,0.0249867407140006,0.246168569193359,0.0662572608485308,0.00520102771376033,0.0030763660769769,0.00116131231467435,0.000385339728843631,0.913085928589994,-1.00774727506517,-4.4038130895852,4.1645960567972,3.94888436820134
1839.268,243.79,0.454573393870458,0.00764529385113064,0.00635893276387036,0.00221786394355219,0.178151505454361,0.00358026608030569,0.0259637938991844,0.242251997925769,0.0689702880160362,0.005202475136161,0.00352534754456058,0.001126886108462,0.000431955406148975,0.936725040740172,-0.948958539108145,-4.38608979740825,4.0852691075668,3.90719722074527
1838.868,244.29,0.466243950927306,0.00692667869941667,0.00600486541630699,0.00215543174030187,0.177510267074734,0.00347484893667111,0.0255941824269534,0.232624447409035,0.0695294148421356,0.00502550419838343,0.00326453739307855,0.0012095529571791,0.000436317978497999,0.965680547074207,-0.937278551746545,-4.41103740290003,4.20932856282681,3.93347744330691
1838.468,244.79,0.49454384778778,0.00758612245332538,0.00568666386290679,0.00219225629914343,0.168255404779523,0.00307064942531795,0.0231991610014746,0.217378342552025,0.0684603631756307,0.00507125631511422,0.00275229846201349,0.00132131620555464,0.000482317680190372,1.07815272657507,-0.899228153492978,-4.34055180447043,4.17731523293643,4.00359401309338
1838.068,245.29,0.538782376669931,0.00790493859326008,0.00556231863225134,0.00278958196699219,0.14990746314248,0.00288616169692832,0.0217248241350499,0.1935682391943,0.0690073400594751,0.00420458731256794,0.00220785754714438,0.00107922233103039,0.000375088718589127,1.27929354417529,-0.775805314730937,-3.98412643935609,4.22182403297661,3.95009070452019
1837.668,245.79,0.543064267093067,0.0100796752511901,0.00530901077150751,0.00309950013974095,0.145816247520171,0.00283490866439721,0.0211203559041698,0.192598540279757,0.0676162942532106,0.00429302532289323,0.00250044671288045,0.00120039768900537,0.000467330398009722,1.31488041813052,-0.768498257151817,-3.85110639715929,3.98670662355424,3.94033753088723
1837.268,246.29,0.536269974040958,0.00915950389385636,0.00578598211710412,0.00382463224689934,0.150902797807903,0.0026928179982694,0.0206368618402077,0.19423247764638,0.06775194692818,0.00445918661667147,0.00276319584655322,0.00104874531295068,0.000471877704066917,1.26800181076761,-0.800782710115547,-3.67517358835493,4.0698457000174,4.0260476781284
1836.868,246.79,0.537396474977889,0.00801700454744177,0.00608599103929227,0.00333874136383,0.151247443671318,0.00275731286108667,0.0202594289253971,0.196095707604078,0.0668027805700012,0.00431710663286927,0.00234472225048611,0.000882205939739408,0.000455079616570265,1.26781894133739,-0.817172490445756,-3.81332329663047,4.20517128247333,4.00466059100532
1836.439,247.29,0.536999072901297,0.007513634444546,0.00554518191591694,0.00302830480219718,0.147672024687811,0.0029260192645017,0.0218434030180762,0.198760386334652,0.066563945871364,0.0045081806667276,0.00268662758053354,0.00140697021532194,0.000546248297054612,1.29100260278026,-0.796830687607402,-3.88699077354953,4.26927707201228,3.92135087880655
1835.989,247.79,0.517184860122987,0.00782836061764777,0.00551538810101802,0.00239287520356787,0.158643630862203,0.00303419940136066,0.0226408468843735,0.207254953703752,0.0660595464260895,0.00477208284226474,0.00302789129449712,0.00121010516665493,0.000435259373583961,1.18174000231697,-0.87610381753257,-4.19416471443458,4.19064725756511,3.95671277034699
1835.597,248.29,0.498226749149157,0.00720239391420717,0.00544601169353891,0.00217758680443737,0.165325866153042,0.00323775465241932,0.0237581876752676,0.21800608701964,0.0673048120579013,0.00482953993622635,0.00300363851241173,0.000980425232608187,0.000500947199142869,1.10313682033481,-0.898686736942102,-4.32970117942484,4.23664183413034,3.93303839158967
1835.247,248.79,0.486598557080785,0.00792791509366764,0.00576251869791296,0.00197205743184802,0.172042168245602,0.00336816826595301,0.0243139010715049,0.220992541186287,0.06769407670469,0.00477038454102348,0.00294689283933532,0.00118038525332492,0.000430433588065898,1.03969985405209,-0.932740928177514,-4.46866223157269,4.11704937774464,3.9333705556523
1834.868,249.29,0.485800636323558,0.00717377794538665,0.0058958192798602,0.00208956333756487,0.169663619608114,0.00337389586177225,0.0243343301340104,0.223999702553262,0.0677976724792717,0.00482607333124412,0.003002087438718,0.001501043719359,0.000541777987879045,1.05198055778057,-0.917289903490603,-4.39686265388028,4.21536590047506,3.91774964990231
1834.468,249.79,0.482764625480799,0.00763911401610402,0.00615071889812762,0.00168662875767745,0.169316718214714,0.00344773203192766,0.0250891503771915,0.225914065169583,0.0686775516283634,0.00486493827376832,0.00287931623632078,0.00115216457991992,0.000417276335503316,1.04775818371254,-0.902348646898622,-4.60903931462359,4.14624758705424,3.89405440049397
1834.039,250.29,0.475213907966472,0.00771865996394473,0.00623178854836689,0.00194763816194372,0.17442690093515,0.00334627764736639,0.0245469943956385,0.22781157581138,0.0688209055210313,0.00507714847473136,0.00305326049660416,0.00143785367660274,0.000367088400769034,1.00225928716519,-0.929998189960446,-4.49488830858306,4.1201242660563,3.95365717004896
1833.589,250.79,0.483142429404327,0.00742835066029784,0.00627919534981736,0.00270441135150323,0.170831211365552,0.00337173363304299,0.0241081149901658,0.221301849185164,0.0706933566310761,0.00513552788704692,0.00297660859792076,0.00154757305422872,0.000479637889856701,1.03963549408516,-0.882324398119209,-4.1457917273467,4.17500764479921,3.92524895773255
1833.197,251.29,0.48362300248862,0.00819715142847254,0.00612497585625175,0.00268511974740894,0.172430463213859,0.00316073763198117,0.0241716600962177,0.218300793701301,0.0716653436450863,0.00496607594032224,0.0029888006502344,0.00118122939407845,0.000504646206165839,1.0313116393261,-0.877986764873382,-4.16226871776741,4.0775189755766,3.99918861519537
1832.847,251.79,0.481298142684227,0.00717845845556248,0.00579467205006733,0.00202515704539798,0.170933252780868,0.00330151652779166,0.0247996647429093,0.223026801421864,0.0724674368787054,0.00485442056470398,0.00277608187420626,0.00100832399109101,0.000536070982605347,1.03521377165763,-0.858135831223956,-4.43562589485311,4.20540225711865,3.94689122890131
1832.439,252.29,0.478979003996759,0.00683552054717488,0.00595869112902722,0.00222227313340512,0.171587811029723,0.00352397951426566,0.0254915763976682,0.224610998065144,0.0713345510362624,0.00468301887578389,0.00301162788275895,0.00130170638086054,0.000459242011167599,1.02656161022237,-0.877714356425847,-4.34656454724805,4.24952413712214,3.88550425838364
1831.989,252.79,0.477960498567574,0.00914339530369249,0.00574145002311743,0.00267051636745707,0.172523258905547,0.003345352970509,0.0250148688286353,0.223721147264936,0.0700164331255079,0.00497798772694317,0.00306986587622514,0.00127492864563924,0.000540296394215625,1.01899602847954,-0.901802088183535,-4.16826021185226,3.95649629618323,3.94295985177769
1831.597,253.29,0.462406966103336,0.00647242115608248,0.00599352237342237,0.00185313007203262,0.17796399305805,0.00350533087221002,0.0261478735332423,0.237805519204362,0.0677860405169192,0.00516794251548873,0.00332730545517768,0.00109730286287774,0.000472652276799332,0.954864138708317,-0.965224961971915,-4.56470510342262,4.26889513114773,3.92729632754767
1831.247,253.79,0.453890792284645,0.00712655938270607,0.00582039882936896,0.00206058087293699,0.180923709373135,0.00360320152644719,0.0262429765720246,0.243329726719684,0.0669939574719856,0.00548669323345368,0.00289996304671162,0.00117718231687905,0.000444258370022182,0.919781176241356,-0.99347301889713,-4.47508752702843,4.1540280605382,3.91625268407608
1830.868,254.29,0.464143917693268,0.00837761913571977,0.00597778585874052,0.00235836517870624,0.177323967922831,0.00360134484232553,0.0255081968607586,0.236124667989393,0.0670177632320448,0.00510482922586503,0.0026730974117527,0.00126105550132804,0.00052738914726704,0.962216284762997,-0.973020679695218,-4.32000972870531,4.01463091013293,3.89667104379785
1830.468,254.79,0.466163306351902,0.00760096056095001,0.00596558905795787,0.0023728273353226,0.174091231309451,0.00351582892343538,0.0255241046945493,0.236249635943004,0.0685888876066756,0.00514680426647324,0.00316853228704726,0.0011276150282728,0.000484676634959363,0.984956535871793,-0.931448946308905,-4.29549726706225,4.11626138664567,3.90230415762754
1830.01,255.29,0.463444503141249,0.00739361446677349,0.00619954682185908,0.00219821959493384,0.17717278835533,0.0034905194958284,0.0248462119459155,0.235746499657279,0.0694043632585167,0.00521940720107924,0.00306157197804837,0.0013588795410589,0.00046387454212854,0.961561181721538,-0.937175725095925,-4.38947770409818,4.13806992572051,3.92707488398279
1829.51,255.79,0.457544580792107,0.00876004211305888,0.00608908379994763,0.00180437585795498,0.17812596887972,0.00369639595916216,0.0257575475387853,0.238596114511586,0.069638829029088,0.00495409084983145,0.00299414646010379,0.00151514985522267,0.000523674353431984,0.943383333989647,-0.939168690205378,-4.59227624341196,3.95567361195896,3.87513271048369
1829.068,256.29,0.45802550657932,0.0071383117364262,0.00645074118144453,0.00202784279369396,0.17715347969542,0.0036862934825721,0.025224359393456,0.240850190253279,0.0693912330940457,0.00526737886336197,0.00301833666766915,0.00130649301968784,0.000459833239623242,0.949908400016296,-0.93725593852853,-4.47004390894653,4.1614485768732,3.87239499680807
1828.668,256.79,0.465162239076855,0.00765388996937578,0.00581080554268116,0.00193513035869758,0.175935511537145,0.00352156906910159,0.024739780735761,0.238949073693056,0.0664495826529154,0.00513941168571837,0.00307974859548737,0.00115436427664892,0.000468892806556269,0.972268729803811,-0.973674011650958,-4.50994282312368,4.10717223464733,3.91121086761541
1828.297,257.29,0.490557347882146,0.00816737890534826,0.00593888823201527,0.0026991875411719,0.165797904385476,0.00335005545890129,0.0245302884425902,0.220608189900287,0.0687172384282328,0.00474412895742896,0.00314285875152723,0.00131862687138602,0.000427906243489913,1.08477258615283,-0.880769512192961,-4.11781878615872,4.09539415138252,3.90179270261338
1827.947,257.79,0.503383262011904,0.00849567326472646,0.00561228655986476,0.00284366151489805,0.162733137208599,0.00319677431457495,0.0234952429085019,0.213219439742404,0.0672878509334316,0.00489392270802206,0.0029407675348092,0.0014477624786753,0.00045021881958805,1.12924016817229,-0.883131964792881,-4.04701917650634,4.08179482605294,3.92996938938935
1827.597,258.29,0.485931017943083,0.00845614771393454,0.00622277464031971,0.0031580840726025,0.166491794054639,0.0031938272658302,0.0232907259096643,0.223490657190493,0.0697038388189527,0.00480342396730997,0.00345440667452248,0.00132941618682391,0.000473885561825347,1.07112065218874,-0.870690630686906,-3.96498048566635,4.0511729584869,3.95372605574805
1827.247,258.79,0.471264961147474,0.00843812158878955,0.00626550028792394,0.00256952044030568,0.172327641386715,0.00337593689991947,0.0246238061480365,0.230614459517435,0.0695101163396264,0.00530995987418527,0.00367074348615097,0.00153827094216514,0.000490961941272693,1.00602292946024,-0.907925255769448,-4.20567827419858,4.02266076278369,3.93272467081419
1826.839,259.29,0.475645969675352,0.00761160373251175,0.00603552158325034,0.00286382857005007,0.171324265117235,0.00336353391620803,0.0243971083717302,0.228068966230257,0.0699702359413357,0.00507057332860049,0.00366680336766941,0.00144971987781917,0.000531870287979617,1.02111576826257,-0.895488097267256,-4.09139865757423,4.13499992650051,3.93056586601658
1826.389,259.79,0.492392942657349,0.0102360266334097,0.0061392935690116,0.00298778179554887,0.160232426896307,0.00323744098172959,0.0233448757161735,0.219842912117644,0.071039069920829,0.00497112081878923,0.00324905303690079,0.00189276499290503,0.00043429086340275,1.12265163243353,-0.813395422966616,-3.98209419155492,3.87336354143822,3.90184223195625
1825.968,260.29,0.514291915834045,0.0115793187980537,0.00530680087657393,0.0025779537941537,0.154337137391821,0.00293081194517699,0.0221546168703339,0.207198538424396,0.070394040411544,0.00425403001151432,0.00284724027782937,0.00163080823088066,0.000496787133677525,1.20365162044089,-0.785030807105899,-4.09214343222178,3.79357038919722,3.96385991440674
1825.568,260.79,0.55494422749068,0.0192522356711842,0.00517316895684772,0.00220147078941409,0.135542774634918,0.0026624576231243,0.0198028907668131,0.182312820377227,0.069982629648236,0.00416037743440709,0.00215318787915017,0.00136456701150628,0.000447191716491948,1.40958034722328,-0.661040207092578,-4.12016159283252,3.36124042493607,3.93003765575438
1825.11,261.29,0.589453972920094,0.0371302307924425,0.00489740395004526,0.00223394624901444,0.110687413002638,0.0024042907342334,0.0177535455987852,0.157926372246503,0.0700480858146847,0.0038035490056749,0.00174481422717141,0.00134085444793786,0.000575521010775505,1.67248650919142,-0.457528183146252,-3.90294048963567,2.76476515479741,3.82945518250829
1824.61,261.79,0.601087738109455,0.0281793027397991,0.00523796335585374,0.00238458821705978,0.111340069975023,0.00223340761086366,0.0172396708074061,0.152941415609461,0.0717383737032134,0.00386590407272931,0.00233758248236015,0.000870241304574293,0.000543742012201164,1.68615169951543,-0.439563408705313,-3.84356275712289,3.06015314767404,3.90906071546428
1824.139,262.29,0.588496415515359,0.0215818709285677,0.00505625979205241,0.00271491290539409,0.120586860970972,0.00232510488584372,0.0174176717966402,0.163570691434469,0.0705814886168562,0.00356574387114346,0.00209022056637106,0.00151300484511378,0.000499753871218425,1.58520050461358,-0.535602421961062,-3.79361045735838,3.30571718238817,3.94860518097256
1823.689,262.79,0.536858743903043,0.0130850308943933,0.0056496309410708,0.00271342591828604,0.147401971300393,0.00264623856931023,0.0191472157326839,0.19214874571828,0.0710830364909816,0.0046618590385844,0.00278061326726184,0.00129541923727035,0.000528068988441418,1.29257165968928,-0.729314631763084,-3.9949513404986,3.71426611613707,4.02002412960407
1823.239,263.29,0.556504316814748,0.0105523362817424,0.0056437090442614,0.00340650354536458,0.14255627729005,0.00252594827757218,0.0181610391213403,0.185222982161868,0.0680352927432989,0.00405121547484962,0.00174347738879546,0.00108994888591574,0.00050695297019337,1.36193807766877,-0.739710268628874,-3.73405043810062,3.96532764385266,4.03312030239811
1822.789,263.79,0.563342562644096,0.0104256586778803,0.00577876637665378,0.00331801482659522,0.136648721447939,0.00251686766983185,0.0186412974046892,0.181917714665052,0.0688246299619485,0.0044475009820321,0.00235210119049751,0.0013814117144191,0.0004047524383648,1.41647434657639,-0.685851881422461,-3.71804689563821,3.98961795428727,3.99439841571946
1822.368,264.29,0.52523576403828,0.00974336314057467,0.00573973510703862,0.00278265520890264,0.152287870507111,0.00281870297801086,0.020544902729165,0.20139772317639,0.0699722083328488,0.00477807365373211,0.00300359314859821,0.00126399758131098,0.000431410398037141,1.23807462152398,-0.777674475224468,-4.00236703163236,3.98726088645143,3.98949577235153
1821.968,264.79,0.512818936160222,0.0098003483673912,0.0059891017800724,0.00258704153800402,0.15976714390167,0.00283411853882463,0.0213760735551585,0.20524049200745,0.0697897497702519,0.00476601472623645,0.00316392720507838,0.00138743238922342,0.000479620060416476,1.16620542734625,-0.828230257012392,-4.12320244505537,3.95750489917649,4.03198643678371
1821.568,265.29,0.493612496933017,0.0081895259125978,0.00626591423352689,0.00245794825659061,0.166017284152559,0.00302063738720318,0.0226177039884409,0.216973364957335,0.0711856274365475,0.00521796025190153,0.00296938469507374,0.00114609743463919,0.000326054360568142,1.08965888586905,-0.846800968142399,-4.21276494443588,4.09889478014648,4.00662403985422
1821.168,265.79,0.480688788389855,0.00682235661879236,0.00563642027693332,0.00211835730629169,0.173458229044698,0.00325810228700949,0.0241516365706674,0.223074196216605,0.07048157179534,0.00544628374386353,0.00318827813644713,0.00127294797563674,0.000402831637859729,1.019283235505,-0.900585532940002,-4.4052958828098,4.25501509367441,3.9747919102838
1820.739,266.29,0.479225564660769,0.00829348897603259,0.00635772633114895,0.00193576264488364,0.17383756530349,0.00341119811005294,0.0241769480307985,0.222000382158413,0.0708046171684667,0.00518410915833952,0.00294109983454278,0.0014222372769476,0.000409300346113927,1.01405006353966,-0.898197117645706,-4.49761994990785,4.05670064776929,3.93105774895543
1820.289,266.79,0.478893557130828,0.00796919033509243,0.0061423915036289,0.0018377771898257,0.172192257402981,0.00340658459977846,0.0243027919063151,0.225317631353313,0.0703855489673207,0.00488976081450636,0.0030882122072758,0.00111320553792309,0.000461091051210748,1.0228667256169,-0.894623656423576,-4.54005483583246,4.09589545521394,3.9229014224335
1819.868,267.29,0.488683339369913,0.00859579611846082,0.00606043258608181,0.00204766659584236,0.167902055482958,0.00333351314634981,0.0239114615385462,0.220622864949783,0.0699762536728643,0.00471954123461085,0.00262123342188207,0.00104805301034512,0.000477788872363216,1.06833390564838,-0.875224855061299,-4.40667990738738,4.04044145165008,3.91935405953729
1819.468,267.79,0.496697900607525,0.00836847748588632,0.00594190553119556,0.00213674978208238,0.164837187160106,0.00316931014609021,0.0236089362203883,0.2160541647887,0.0693203945548695,0.0048939173709272,0.00317592205877329,0.00126507929336285,0.000530055000093669,1.10302375315978,-0.866219085642533,-4.34567236118511,4.08351002879579,3.95144429758683
1819.068,268.29,0.49500999536145,0.00923213911700878,0.00568798023517336,0.00212079309327652,0.171029790892433,0.00315706479604089,0.0228835109981873,0.212214189136583,0.0688961677685506,0.004812906352839,0.00297722505079925,0.00152205833167932,0.000456178865978816,1.06274019794014,-0.909237200796529,-4.39004763774621,3.98188717636192,3.99219502314728
1818.668,268.79,0.505299089798238,0.00964497963069808,0.00610091853814884,0.00221682063387249,0.164496646798279,0.00293089793849941,0.0214958109658581,0.209096313781582,0.0696691551511189,0.00469799246653928,0.00266325606088195,0.00128117095515244,0.000406947281131467,1.12226032519392,-0.859132503261393,-4.30681616331533,3.95871297653387,4.02758134606242
1818.297,269.29,0.511225995268775,0.00990648011540426,0.00601300813363796,0.00230217936000507,0.160151845407289,0.00298791164443414,0.0216273619211878,0.208273409226872,0.0680274861623162,0.00500026794961672,0.00285667101583528,0.00119647706405964,0.000430906730566271,1.16068935425365,-0.85621056720622,-4.24226617685819,3.94362265311216,3.98154770228399
1817.947,269.79,0.490191495022767,0.00890419001063203,0.0057878312275739,0.00210593896331788,0.168929698263651,0.00313036246925922,0.0233409132773258,0.220418020805169,0.0675128483820895,0.00525353673867075,0.00287183287785446,0.00112783534250323,0.000425496619186989,1.06531347915772,-0.917164715604793,-4.38472121075944,4.00827416726495,3.98833383904868
1817.539,270.29,0.4789233816933,0.00753797810422019,0.00586369448713298,0.00198735244251855,0.174645867332855,0.00315289921827983,0.0238989972278602,0.226406932359153,0.0676842108603152,0.00512332902158588,0.00319732114621266,0.00116343144585972,0.000414604660706372,1.00878032149861,-0.947907377841118,-4.47595698637466,4.15158663978486,4.01443789211005
1817.089,270.79,0.475690573882833,0.00770200703661383,0.00641851835528558,0.00251645477637306,0.175234903152502,0.00320979665196495,0.0230920467774652,0.228276094109604,0.0673552071049806,0.0054091415782611,0.00329256769757825,0.00141463241593633,0.000388056460602595,0.998640210418332,-0.956147163594891,-4.24327630133823,4.1232866389852,3.99991979073
1816.639,271.29,0.470316702649399,0.00801557686490477,0.00644194658393368,0.00235989940123422,0.176352519391908,0.00335693232734568,0.0236241109425729,0.231593385292618,0.0677895026520202,0.00551262016540045,0.00313087995527002,0.00101559761367322,0.000490326159719651,0.980921360306728,-0.956077588078534,-4.31386595136316,4.07201954656822,3.96145738377151
1816.189,271.79,0.47221558368399,0.00831654731523289,0.00625421428632395,0.00256484666399228,0.17511159856949,0.00324340010754432,0.0234506363038895,0.22946628997704,0.0690609503162315,0.00536441307260949,0.00305028977219382,0.00147766748320687,0.000423562448254965,0.99201214961572,-0.930434024186426,-4.22352478007088,4.03918844384982,3.98880128132571
1815.768,272.29,0.472069510883793,0.00704888133084957,0.00627432653758862,0.00253352978466079,0.172243244822058,0.00339895413467301,0.0237245267751476,0.234949729663069,0.0666171211226285,0.00550301708564023,0.00333188374754706,0.00181414579371312,0.000491128318631937,1.0082185517279,-0.949946073414415,-4.21929418964204,4.20425731580567,3.92543991498414
1815.368,272.79,0.466662351383744,0.00844612230068613,0.0060104234962979,0.00215590142780184,0.178207960444168,0.00342856188324515,0.0233161000421784,0.235916169365111,0.0653316434128598,0.00531197407489382,0.00309760752362617,0.00165581581815676,0.000459368827231384,0.962654794414821,-1.00347468134465,-4.41474225338476,4.01189854314218,3.95081028820757
1814.939,273.29,0.491247439272702,0.0067226211904974,0.00534516221909676,0.00213557924738956,0.167221447761163,0.00325101030919293,0.023114382950165,0.226661391585693,0.0654676214287046,0.00454147187187353,0.00240589262448397,0.00142406472607209,0.000461914812965928,1.07762898198601,-0.937763277420012,-4.3605810483721,4.29146981390155,3.94035315610705
1814.489,273.79,0.536645400126024,0.0104965255898621,0.00585048659245257,0.00283663271021494,0.146587070293356,0.00299853847230974,0.0212107487922705,0.200785024154589,0.0654974445144577,0.00370523524469649,0.00196146642862144,0.000912360848561227,0.000513066232584191,1.29771795304829,-0.805608461548915,-3.94500190508407,3.93429323522922,3.88949459431994
1814.068,274.29,0.535099494097808,0.00962675660483418,0.00556492411467116,0.00260258572231591,0.147589657110736,0.00283192804946599,0.0212287802136031,0.200321528948848,0.0673783024170883,0.00364362001124227,0.00227093872962338,0.00142551995503092,0.000415964024732996,1.28801686394636,-0.784112792440662,-4.03793037652115,4.01790633196165,3.95347806668887
1813.668,274.79,0.527836590841924,0.0102411923760625,0.00548064241509967,0.0029244796146568,0.152356345415007,0.00282964354872148,0.0209058388139757,0.199994927373217,0.0689259705258329,0.00432937668444291,0.00231796989065181,0.00133321864785825,0.000523803852549767,1.24256459395289,-0.793189117102731,-3.95310559947356,3.94236869295619,3.98607140560373
1813.239,275.29,0.539039502945321,0.0112799271167547,0.00625618913428512,0.00285647998823004,0.151353828916767,0.00255317704177772,0.0185761737427923,0.188793635165034,0.0699068022476106,0.00467290248470753,0.00283384543998732,0.00142823999411502,0.000449295782617799,1.27016852397321,-0.772457375082763,-3.9700302401116,3.86676407277846,4.08228185115476
1812.789,275.79,0.527197402106031,0.00901225626553861,0.00600891710761536,0.00267087858024781,0.158690038160206,0.00244588000747756,0.0191125653307423,0.195033464339965,0.0704010459635144,0.00481899928246724,0.00281416125345474,0.00131529016420418,0.000479101438535651,1.20062220141133,-0.812744733554946,-4.08454537948725,4.06898959725646,4.17254787461542
1812.31,276.29,0.510688908608469,0.00833091683691157,0.00610047247047332,0.00226314882928924,0.161751912666002,0.00262289792065025,0.0213614649855119,0.20682411321849,0.0699842800548563,0.0051923785519772,0.00300335983848356,0.00137031699345693,0.00050582902542881,1.14969685726072,-0.837793111954865,-4.26930662728334,4.115787100823,4.1217839750345
1811.81,276.79,0.498177274763239,0.00789954758695182,0.00574999624953655,0.00237243602245135,0.166246257573257,0.00304537632150259,0.0223034703574085,0.213385296897402,0.0706244414488362,0.00519921390286085,0.00316431959092088,0.00148089728230703,0.000351472003326125,1.09748581865626,-0.856093887698755,-4.24955288360749,4.14415049674263,3.99984568821903
1811.368,277.29,0.510605227339807,0.0077046886379996,0.00599855185403028,0.002660596627646,0.162309134573529,0.00308739624628674,0.0218347287486702,0.208332360116956,0.0681456724429713,0.0050377218667918,0.00279012288006931,0.00104258016294827,0.000451218502294313,1.14609398742945,-0.867855099310817,-4.11095236121663,4.19376768482395,3.96217465801923
1810.968,277.79,0.545542269817933,0.00873579198443614,0.00567654361566513,0.00366887717256604,0.144143343830645,0.00278163962387346,0.0205841332166636,0.191863176643555,0.0678386937731248,0.00493255217933969,0.00258065089256764,0.00120260108289619,0.000449726166734033,1.33097204276066,-0.75367551094451,-3.67092257999398,4.13435168306626,3.94776770111588
1810.539,278.29,0.519665056598528,0.0101099827120382,0.00586074937667776,0.00335334335282211,0.155905489579442,0.00299607328705835,0.0218510281559218,0.204029441659644,0.0672645058162264,0.00477047841610995,0.00230868133681988,0.00142256469954565,0.000462605009165226,1.2039344944864,-0.840617292535904,-3.83929212370938,3.93966115906933,3.95194746063676
1810.089,278.79,0.501742167895146,0.00935021727915781,0.0063369444517308,0.00293239426767743,0.165503764131889,0.00319688901712877,0.0219169967386267,0.211301795066845,0.0680297982845002,0.00490845421399155,0.00303185303709921,0.00126454721121982,0.000484178404987365,1.10909243942062,-0.88904811930151,-4.03317469301529,3.98268679653524,3.94681578377495
1809.668,279.29,0.485351246958219,0.00849844851933974,0.00600040045045379,0.00259869037870112,0.169865149898775,0.00309872374957227,0.0222345347200078,0.218001836987002,0.0744784874414288,0.00492723561000363,0.00307435771666965,0.00142170505023111,0.000449182519596117,1.04986796296611,-0.824494561871538,-4.17999726875449,4.04498922964909,4.00401455334702
1809.268,279.79,0.47929200841153,0.00887107191942551,0.00621017388486878,0.00274137087603159,0.16957215978518,0.00310243980949114,0.0233593599444314,0.221237841718392,0.0757874161652997,0.00501049323498705,0.00287055096366228,0.00148345330139832,0.000461659985303118,1.03903147489515,-0.805346292457195,-4.12482044267197,3.98951439581168,4.0010897204124
1808.868,280.29,0.48148696004742,0.0104651645384803,0.00629782832405189,0.00301695560978153,0.169121911611182,0.0032244710750046,0.0235546015756277,0.218636165795279,0.0743724785540748,0.00508040426140989,0.0030627154303179,0.00118656278832678,0.000493780389043609,1.04625932359382,-0.821533863843653,-4.02637157863589,3.82882707041968,3.95985089629433
1808.468,280.79,0.489397122106373,0.00825353358393006,0.00637193203272498,0.0033549912404538,0.166864039936727,0.00317958770601942,0.0233159134590853,0.217178278026296,0.0726074957903152,0.00489322708485704,0.00284897861990373,0.00119274403415373,0.000542156379160784,1.07599492182261,-0.832111184414269,-3.90673018918864,4.08253284868811,3.96042781252445
1808.068,281.29,0.502625246459705,0.00915100835585908,0.00597877024574397,0.00425368292038163,0.16202864418167,0.00314507138058185,0.0229851429335679,0.212229625736506,0.0692479935802928,0.00457027980686545,0.00210646641304087,0.00128937477861728,0.000388693207168255,1.13207172002389,-0.850078964460597,-3.63998795835522,4.00598077952074,3.94193654911527
1807.668,281.79,0.50571962881389,0.0078770891013942,0.00620323447475707,0.00485106875778755,0.159380770294817,0.00312252701650693,0.0226168749423641,0.210243003802363,0.0710396342182638,0.00481889986682079,0.00271076521213239,0.000952199172616124,0.000464304326286917,1.15468630143921,-0.808058171312641,-3.4920970779251,4.16202399022071,3.93265350584453
1807.297,282.29,0.486369844645541,0.00836643944543884,0.00582397319080554,0.00388542062952545,0.168707084188271,0.00312559118057331,0.0230568219379705,0.221482488581769,0.0700477517987481,0.00481052077941247,0.00268071155793102,0.00113298782401893,0.000510364239993847,1.05880535021447,-0.878986803455809,-3.77093273338056,4.06274093251681,3.98854053840754
1806.947,282.79,0.478154696957457,0.00675529886010723,0.00595460267369125,0.00327641198119642,0.172760172574059,0.00325289216984576,0.0240229307934664,0.224852464313799,0.0709592708449441,0.0049688157979505,0.00314551911802753,0.00142959548992278,0.000467328425532698,1.01802996691984,-0.889798284645755,-3.96515543154572,4.25960710070307,3.97235984798482
1806.597,283.29,0.479052132507631,0.00751350898247666,0.00602818537002243,0.00329776598332921,0.174701861919083,0.00323336447776512,0.0239563378237198,0.220594579233275,0.0721245750011756,0.00478513408802357,0.00299006990118969,0.0012215841134775,0.000500900598831777,1.00872855273017,-0.884686042611821,-3.96983561041853,4.15510682962697,3.98955764579803
1806.247,283.79,0.482177870425791,0.00703494251924625,0.00629398774019112,0.00328992177664032,0.173375162535345,0.0031918845844255,0.0236579224371014,0.219724051103176,0.0716951146519164,0.00473468039875338,0.0032290355204227,0.00107634517347423,0.000519081133516336,1.02285525564387,-0.883035206785435,-3.96459402771566,4.22742355190685,3.99484629494069
1805.81,284.29,0.489913496368272,0.00722679287104485,0.00583883801466937,0.00314672934985052,0.1699579528242,0.00315929950704034,0.0232788836024394,0.216790168461057,0.0710905239870025,0.00471066640688342,0.00304302555303454,0.00137643221228481,0.000467190842221482,1.05867776736671,-0.87159701945971,-3.98918745833512,4.21643348603975,3.9852007420913
1805.31,284.79,0.50398799128821,0.00810967002359004,0.00557908244094331,0.00341166154549005,0.162297613521169,0.00297375620672922,0.022603705142335,0.211680914380032,0.069814321820423,0.004934856317574,0.00279585716285763,0.00130108413151055,0.0005094860191352,1.13312067068691,-0.843592597896769,-3.86223234092513,4.12949526127563,3.99960590048614
1804.868,285.29,0.538499373800145,0.00776899509007311,0.00557296203365445,0.00466074701959204,0.150037701998206,0.00283415020996113,0.0208921072816859,0.192786134331786,0.0682774520382914,0.00429347755431038,0.00271714400863246,0.00117439557629888,0.000485359057363374,1.27789972456756,-0.787307028308204,-3.47171086924506,4.23864550975772,3.96914446649564
1804.468,285.79,0.54214342982009,0.00993201984382755,0.00581548114993588,0.00456906599712089,0.146012482117873,0.00274660492232925,0.0200773900291279,0.188533205173409,0.0717160329412927,0.00440849179274923,0.00246475789227829,0.00112626522366976,0.000454773096297361,1.31183848508353,-0.710977777949138,-3.4643833049913,3.99976673148263,3.97332653674587
1804.068,286.29,0.511270319580824,0.00853358387145969,0.00602337885839661,0.00353321095851984,0.160493937103502,0.00286975987746192,0.0208586348269517,0.201911763232565,0.0754475233571515,0.0046218941083095,0.00268274682105633,0.00124007467164181,0.000513172732160568,1.15864228466806,-0.754818807080321,-3.81604908933156,4.09288902914547,4.02402780691878
1803.668,286.79,0.506072906026842,0.00907486653626275,0.0063110155705839,0.00377526019587292,0.162376244233632,0.00298193260387251,0.0211928620544626,0.207556973827978,0.0712960057680368,0.00463646013445401,0.00290515896593698,0.00131739112051681,0.000502922961548647,1.13676460428734,-0.823075831910723,-3.76144683129341,4.02117206867064,3.99734452257274
1803.326,287.29,0.494020053785927,0.00847529249619143,0.00593552189902028,0.00338166554341773,0.168287973579451,0.00289299807783573,0.0221883200891087,0.214014679527325,0.0706270762949688,0.00504703559796212,0.0033285730693301,0.00128938865641368,0.000511421383048115,1.07689947066145,-0.868263052509605,-3.90730828795966,4.06542094557643,4.06338327883614
1803.026,287.79,0.497080075970752,0.00871726720506185,0.00604322585157725,0.0033853255927817,0.167650018024222,0.00314320917244608,0.0222069180731837,0.212443707932272,0.0700501988044829,0.00482833945798204,0.0025470647419308,0.00141073167582225,0.000493917497484679,1.08687255134859,-0.87266646960739,-3.90242849174769,4.04344533688401,3.97663427297817
1802.668,288.29,0.508344202610895,0.00958726990211979,0.00652950583538432,0.00370311560752645,0.16141160725425,0.00302714105864873,0.0222005466774036,0.206713243883905,0.0690809695017523,0.00490421803581758,0.00273452120359764,0.0012442014767095,0.000519456951989928,1.14720111300674,-0.848678381665264,-3.77478314791536,3.9707226157037,3.97633904022136
1802.268,288.79,0.500074289772229,0.00913120743693266,0.0066053551811559,0.00408886226676229,0.164731427849422,0.00287448772229898,0.0217780174809099,0.210996992141663,0.0698288761419859,0.00566474137214964,0.00298679981889674,0.000806073276623524,0.000432869538970543,1.11044022919191,-0.858268815209859,-3.6960496807666,4.00305873167689,4.04844196291333
1801.839,289.29,0.486857443816239,0.008729921804146,0.0064586211241179,0.00309991112301687,0.170223826977059,0.00316915117373237,0.0223622662155091,0.216938159554049,0.0709551608242063,0.0054427220193577,0.00352783733809463,0.00170716452911658,0.000527813501355856,1.05085715673006,-0.875066060480645,-4.00574075924525,4.02121494439196,3.98365041683669
1801.389,289.79,0.480345130952895,0.00927502494936246,0.00647205785069483,0.00295186762175175,0.173564587591017,0.0030143831085428,0.0226897117695065,0.220394370423582,0.0710357793180583,0.00530926979638138,0.00304961911018866,0.00145035929355227,0.000447838214466766,1.01795507546065,-0.893366108720401,-4.07411173073406,3.94717956989931,4.05315459109105
1801.026,290.29,0.487321393203746,0.0081611634552811,0.00627903686727216,0.00276943100472512,0.170612568259627,0.00310556545850663,0.0223738788444671,0.216743343802167,0.072526950174009,0.00526044761338879,0.00309424780013015,0.00126644597232833,0.000485527544351074,1.04952854712359,-0.855437083942475,-4.12075341762559,4.08953711127509,4.00619949222248
1800.726,290.79,0.492938148071629,0.0092266973404285,0.00620138590309846,0.00249484892986169,0.169284545672822,0.00300297617385769,0.021592615961896,0.214265532779791,0.0710495898687245,0.00535599618066995,0.00277739001278694,0.00127534354427128,0.000534929560162824,1.06880270457936,-0.868202919196867,-4.21735282307489,3.97828253932669,4.03197714643518
1800.368,291.29,0.476951310506045,0.0092147314939812,0.00646842665953584,0.00223737044816417,0.177841298731546,0.00307948433732861,0.0223046964292646,0.221197764139103,0.0709737036190411,0.00502357056289006,0.00314202288479537,0.00114078936585913,0.000424830822446594,0.986522838829349,-0.918582135564211,-4.37559030320947,3.94661095849965,4.0561294124148
1799.968,291.79,0.48503075355647,0.00782396351620154,0.00657333685521301,0.00250772208056839,0.175246217123882,0.00299503522778116,0.0221695138188855,0.216404771787588,0.0712350477340478,0.00504994420695715,0.00307912908946832,0.00146409569450209,0.0004204693084358,1.01802035823864,-0.900206999321747,-4.24681713662339,4.12702102866251,4.06923594638772
1799.568,292.29,0.478988823673492,0.00884603521631453,0.00665748913664692,0.00281789482278447,0.174060852920632,0.00312406448159807,0.0228130414667114,0.219359220922954,0.0723399526457594,0.00548383877786144,0.00358218500811917,0.00143219362622808,0.000494407300899005,1.01227229701315,-0.878028395585216,-4.12341487807782,3.99170790403338,4.02027009502153
1799.168,292.79,0.467063524531256,0.00871148713344641,0.00610766022657164,0.00232851781990584,0.183522806427859,0.00330260338464328,0.0235527476731407,0.22209261441912,0.0727678403605333,0.00535249514062877,0.0032440034585013,0.00135774923211984,0.000595950192274097,0.934126329769411,-0.925064841170667,-4.36710700911614,3.98182276033378,4.01762788359395
1798.739,293.29,0.459071008723078,0.00838121284972265,0.00656712138422347,0.00198392130482251,0.183674279601672,0.00350687590291027,0.0249572668423781,0.228195061701166,0.0732529030977404,0.00517319335237486,0.0034307833125641,0.00128806008006264,0.00051831184728548,0.916040931832984,-0.919246089517181,-4.52808862619466,4.00321226570376,3.95843838437097
1798.289,293.79,0.463790628002939,0.00765134814312362,0.00614549771070036,0.00214911536939687,0.184302752812164,0.00340399072974959,0.0237815838561981,0.225158555197558,0.0729975693855633,0.00523090837148833,0.00326719801028772,0.00165733989033972,0.000463512520490645,0.922853416491055,-0.92615365664089,-4.45152349977297,4.1045513574664,3.99163131377967
1797.839,294.29,0.496309316177252,0.00852035588009745,0.00571869365853879,0.0018097131830819,0.170384496187161,0.00296679854951488,0.02209659796543,0.211066848542842,0.0717381616481058,0.00469733678083695,0.00276999224085473,0.00142175591945871,0.000499933266826374,1.06914172824035,-0.865034778863551,-4.54488925510316,4.06474124374569,4.05057418346416
1797.389,294.79,0.548155398866307,0.00810396792478916,0.0055346329323932,0.00157721553988663,0.152021014793308,0.00260362228674132,0.0195725148624361,0.186042859117932,0.0687382828701783,0.0036820129959906,0.00218996267109083,0.0013095534356422,0.0004689617033043,1.28254005481286,-0.793712475466592,-4.56835779070424,4.21420501233138,4.06711510385826
1796.939,295.29,0.614184180875136,0.0127713266721918,0.00569308774641723,0.00140261106817272,0.120403393271192,0.00215687826499921,0.0168348247958357,0.151082745905074,0.0681703898909572,0.00379810781364944,0.00174831686671819,0.00131414763150788,0.000439989198148786,1.62944713622437,-0.568837411042719,-4.45251216752098,3.87309229761262,4.02218578716038
1796.489,295.79,0.591746169395618,0.0118015679710484,0.00570457565103015,0.00149215227220152,0.132732515960095,0.00216798097990318,0.0161472192313236,0.161610264844917,0.0694395829725078,0.00343001236596972,0.00196208334494031,0.00134439044005169,0.000421484570394585,1.49474183009126,-0.647878880178872,-4.4881163892425,3.91484537347755,4.11453963450116
1796.097,296.29,0.555698628934315,0.0111938660540525,0.00578884395334257,0.00170975188900007,0.150294957526341,0.00245375847137601,0.0175364940293753,0.17671563303029,0.0695831874772774,0.00484335903776649,0.00252692099460511,0.00119986538095726,0.000454733221300875,1.30762636620223,-0.770076767878139,-4.47625148096847,3.9048601584784,4.11497882778111
1795.747,296.79,0.549736291986295,0.0106672521762201,0.00613069671062563,0.00229286455974713,0.149029334943485,0.00241522690782341,0.0186985677887408,0.180654855841144,0.0716414394386427,0.00459487770626632,0.00236719682727011,0.00122705420080233,0.000544340912937474,1.30529552874592,-0.732469495725341,-4.17434123008654,3.94226018998285,4.12234992500106
1795.31,297.29,0.519980415827138,0.00842531959980546,0.00589153581602168,0.00198989960397415,0.162784209337873,0.00275416000833739,0.0201910216772042,0.198287579031474,0.0705725005210866,0.00458339123184882,0.00280952546376711,0.00120501285347044,0.000525429027999722,1.16136569437028,-0.83578489703778,-4.40434126742558,4.12254973878143,4.07931295566601
1794.81,297.79,0.512304001796425,0.00804073048870541,0.00619464440711488,0.00193245268189886,0.167758484438898,0.00285009781017485,0.0209514576522967,0.198595679078987,0.0718786031066066,0.00466703516416132,0.00296561313808724,0.00140561642001805,0.000455583816626434,1.11639284989632,-0.847546724410045,-4.46373533670426,4.15439826647848,4.0751720393987
1794.339,298.29,0.518524722362473,0.010546756289169,0.00644171705738919,0.00226608694403698,0.16337481843786,0.00219908542932417,0.0175484145766581,0.196883950983606,0.0725698191676976,0.00507057891701623,0.00277936640496194,0.00134720902797553,0.000447474401832013,1.15494064645536,-0.811497939168133,-4.27799252980422,3.89516935517364,4.30800550063461
1793.889,298.79,0.534495993122294,0.00912524179434432,0.0060597500690841,0.00282354386072646,0.156427277472443,0.00243912923332003,0.0177874666093525,0.187724523319721,0.0727255979612515,0.00562989345696828,0.00303233135803985,0.00125640946912708,0.000472842273327397,1.22873301264447,-0.7658977947238,-4.01459843711621,4.07027983681207,4.16095011727428
1793.439,299.29,0.523653043214689,0.00867045234662571,0.00619190198541279,0.00264967771015948,0.163230884348111,0.00243940358204214,0.018244636052394,0.193080862705535,0.072201201023185,0.00498618118695271,0.00299976176388676,0.00121355015429423,0.000438443926712755,1.1656636667906,-0.81570898652447,-4.12072765316083,4.1009083705396,4.20341209111798
1792.989,299.79,0.523402390659234,0.010417949357961,0.00646975621931941,0.00328147100424328,0.158900629558754,0.00282774495936989,0.0203455639681615,0.195006794797127,0.0707956846104779,0.00454613528579749,0.00243170535540949,0.00113265108023407,0.00044152314391103,1.19207152212677,-0.808480988503027,-3.87998723675187,3.91682033934477,4.0287994756465
1792.597,300.29,0.514494720140067,0.00871806095092192,0.00622202768506867,0.00337582754281337,0.162819937626525,0.00268424796191935,0.0209870328828582,0.200814137987635,0.0701942331892543,0.00500191497510532,0.00290966788860316,0.00126826065546862,0.000509930513760464,1.15054038003965,-0.84137875370718,-3.87600442092433,4.0777884479231,4.10524431300533
1792.247,300.79,0.496371758244867,0.0087697921403689,0.00613482916257787,0.00305816718850973,0.170228182136648,0.00299180354621194,0.0225919245238681,0.209617723661793,0.0708905130453514,0.00493919567265535,0.00278074540513372,0.00116517149017927,0.00046019378183551,1.07018537366759,-0.876003167859332,-4.01932400638957,4.03601205368009,4.04126338663549
1791.868,301.29,0.486720469709329,0.00807687085666147,0.00595047825124788,0.00287581503698469,0.171120616386587,0.0030008969549502,0.0234662230713063,0.217458656149807,0.0718216096653043,0.00498510242284744,0.00259250983817393,0.00140690430805645,0.000523847348744423,1.04532130728104,-0.868183265799239,-4.08603254164141,4.0986854468115,4.04345743787541
1791.468,301.79,0.510253730802069,0.00911809014580373,0.00638749795342939,0.00325912935315183,0.163278424805425,0.00288332954237033,0.0215799195436779,0.201548471033197,0.0725480435883827,0.00465793975994963,0.00278773134489083,0.00125156720608224,0.000446124921571019,1.1394512421207,-0.811207858680245,-3.91399678113267,4.02464774505843,4.03651115376657
1791.097,302.29,0.52293142170948,0.00897592684039642,0.00607601201503758,0.00385108688807654,0.157607332752246,0.00275409053699794,0.0213919812107614,0.19469751955095,0.0725464787300914,0.00445979281903758,0.00282589795172111,0.00135550304408202,0.00052695595112235,1.19934362667167,-0.775879261572052,-3.71175128690774,4.06490413246144,4.04701942946415
1790.747,302.79,0.496026300712896,0.00777520670995556,0.00597782126271908,0.0025786263128301,0.163672618623719,0.00311220850946683,0.0245054532738244,0.211379331236561,0.0749374741579339,0.0048808953126611,0.00328652619920473,0.001352025008211,0.000515512680017559,1.10876074614841,-0.781214116862123,-4.15061138455043,4.15568890674861,3.96253559897322
1790.368,303.29,0.489545512804633,0.00861002118577892,0.00644189851290265,0.0026657245977987,0.166306748968445,0.00315901828094691,0.0236780967911138,0.215796599289356,0.0739897442304565,0.00510742062333796,0.0029866886099781,0.00117399588347498,0.000538530221777516,1.0796434673299,-0.809907476349723,-4.13335805369925,4.04055065676068,3.96357265972459
1789.968,303.79,0.490711734735227,0.00808934369985358,0.00613454504195415,0.00295867259553822,0.167492422318635,0.00310887547748848,0.0234673092612504,0.216683325859209,0.0720768520069374,0.00509717261985163,0.00266691160182189,0.00100927691900391,0.00050355786322893,1.07491874673288,-0.843205171606307,-4.03619739005299,4.10530925416989,3.98667703234984
1789.597,304.29,0.4900083223185,0.00983447833205507,0.00629014974733876,0.00285896117883194,0.16686629352219,0.00309394428942086,0.0238464341856911,0.21512486197462,0.0725466838552461,0.00490418454877259,0.00302649543360367,0.00115642151183347,0.000442769101896727,1.07722952114028,-0.832962584262692,-4.06673451947838,3.90852796683695,3.98774610815975
1789.247,304.79,0.489811968572569,0.00819201571592753,0.0063569422521517,0.00303854539179759,0.167598951829045,0.00319008551508709,0.023505311094175,0.21550222277283,0.0733509503335542,0.00498201981967831,0.00302195340749582,0.000971184147796972,0.000477849147890993,1.07244764582644,-0.826318473370713,-4.0101950226599,4.09086159310806,3.96152621035034
1788.868,305.29,0.489423109610307,0.00850094618635905,0.0065485161304944,0.00275810490770434,0.168127684166393,0.00301419846117236,0.0227821278428084,0.215988849732008,0.073282416797924,0.00513433579983909,0.0028317601332593,0.00112295890038414,0.000484991331346531,1.06850365465388,-0.830403015387572,-4.11017989928164,4.05304989684117,4.02138977105337
1788.468,305.79,0.484205673882529,0.00958579262604511,0.0062325088708904,0.00251632505383563,0.170811501207487,0.00325629244731955,0.0236113896129938,0.217984150094594,0.0716754867002031,0.00520047776392534,0.00311461975048169,0.0013240948204462,0.000481687169248742,1.04194914612313,-0.868411814245361,-4.21776109118626,3.92222769498924,3.95997135428805
1788.097,306.29,0.487928251323558,0.00863783625136871,0.0061893957352659,0.00302866109022769,0.172428234391051,0.00297334823393952,0.0228588844864371,0.214476164674275,0.0716865905832684,0.00509329811371872,0.00292932371566934,0.00130718954248366,0.000462821858737738,1.04018725167722,-0.877677408429148,-4.04186047994194,4.03401625148465,4.06029244806434
1787.747,306.79,0.497846885516423,0.00839691471905217,0.00648831431299656,0.00379286528780813,0.165726079338445,0.00285652701938498,0.0225880018912179,0.208103497826026,0.07341448264993,0.00518578434553663,0.0036329461281022,0.00157022073479377,0.00039748023028359,1.09995627001275,-0.814215073470291,-3.77721455485936,4.08242822791826,4.06072974288375
1787.397,307.29,0.49270898213919,0.0087290269075034,0.00626824456251057,0.00418639320102516,0.168652650758372,0.00296904905340998,0.0229752435539188,0.211225660207822,0.0723587999913776,0.00513485518369644,0.00283063713727853,0.0014612667866993,0.000499190517195412,1.07207742093061,-0.84620420237349,-3.69600172688385,4.03326480153678,4.03959956138827
1787.047,307.79,0.484377504917684,0.00989621668934867,0.00620429713691931,0.00393648728189298,0.170103291834831,0.00305534134750968,0.0226465036761221,0.214810038744677,0.0742608262176606,0.00527985452315729,0.00335256720054203,0.00153410666663546,0.000542963763019721,1.04645871997207,-0.82882227686596,-3.76611707874392,3.89071204002661,4.01951453113763
1786.668,308.29,0.478554386013049,0.0104104145302223,0.00633816584181337,0.00306962036170074,0.173437551803416,0.00326054274546388,0.0228901075910511,0.216868392742206,0.0743053912136833,0.00546358126948523,0.00328226445379621,0.00171487171044734,0.000404709723665573,1.01495226118661,-0.847634093459223,-4.03426370935838,3.82796316159323,3.97392393476716
1786.268,308.79,0.498786690233836,0.00956820921009271,0.0059317366345806,0.00266974238195867,0.166065580948387,0.00312487757439444,0.0219041012865923,0.208285995432517,0.0738655611298414,0.00512286345713779,0.0027711395893874,0.00135964437233976,0.000543857748935905,1.09979575358429,-0.810136076853426,-4.1304007946934,3.9537324673044,3.97298767006549
1785.868,309.29,0.548731052540261,0.0104927643847816,0.00614181005038905,0.00329658196501522,0.144755983775527,0.00272025644665592,0.0193657507337534,0.183918212735702,0.0711719549082914,0.00488117381128312,0.00248972623931219,0.00158095189562563,0.000453780513402905,1.33255898110311,-0.709950605204992,-3.78216329077303,3.95692252198344,3.97432329656727
1785.468,309.79,0.5768065393974,0.0130651624818021,0.00616412282461637,0.00368072595953516,0.132718335725419,0.00242166561209109,0.0171844375511212,0.16800674928366,0.0713343210333812,0.00486648044405348,0.00203584528090292,0.00115231672248201,0.000563297683534732,1.46927781721921,-0.620851533541161,-3.58511910172323,3.78755758796729,4.00377353318247
1785.039,310.29,0.531459599135727,0.0117308224055282,0.00614681390961345,0.00251182503113782,0.152689108736453,0.00275162907697465,0.0198107505621937,0.192226189048785,0.0714102190781247,0.00458197016152515,0.00257422302265659,0.00158931354868389,0.000517536282596833,1.24722329687829,-0.759962901651971,-4.10739429212909,3.81340741047204,4.01621075718871
1784.589,310.79,0.515207922774792,0.00949499592665244,0.00610433231234156,0.00233591691281216,0.15767951174444,0.00281948471015515,0.0209276764624228,0.206020362186591,0.0705280787908302,0.00452391896996646,0.00245311099075646,0.00141884480773344,0.000485843410506961,1.18400598638534,-0.804553655096714,-4.21216007015528,3.99380563746362,4.02401042498513
1784.139,311.29,0.525282584890013,0.0107661750353947,0.00615340911694226,0.00294039486284266,0.15529454348852,0.00278575781318012,0.020559854847356,0.19621952504662,0.0707103682423609,0.00490714904262484,0.00255437496849986,0.00143296999353961,0.000392892652105584,1.21861278047537,-0.786731380855369,-3.96677971481977,3.88752709654598,4.02080365260485
1783.689,311.79,0.508232911345685,0.00930095224034842,0.00609336938067469,0.0025109341551635,0.166502500553628,0.00282465675057208,0.0209375230678379,0.203135380527054,0.0711112238872075,0.0046735439580719,0.00283157710194139,0.00137599653059718,0.000469430501217982,1.1159295017586,-0.850765142717737,-4.19435547037156,4.00082304305355,4.07662347465394
1783.297,312.29,0.501554444052851,0.010296441350079,0.0065141942214826,0.00263858708971196,0.167884625708077,0.00302253010276602,0.0216093397347176,0.204681303959164,0.0714204024282937,0.00524683217839229,0.00303886810332152,0.00162563105527146,0.000466800015871201,1.09443517218433,-0.85469341492093,-4.15303341114338,3.88591382838358,4.01718272872776
1782.947,312.79,0.496481650578562,0.00892627874815619,0.00598769988266411,0.00252059135445226,0.17244460513998,0.00284070300202545,0.0220186148377506,0.206434013820072,0.0724845615218891,0.00503657678591785,0.00321147980245196,0.00111348188202619,0.00049974264405312,1.05747046998163,-0.866702460615893,-4.22558251681583,4.01854693074973,4.10602449780934
1782.539,313.29,0.494325109894426,0.0104867916064681,0.00677981153148599,0.00257871924749215,0.170090727654231,0.00272558670132283,0.0213117199089649,0.208020101486549,0.0729134290362649,0.00541246415124843,0.00344512337435375,0.00143110379430359,0.00047931161288927,1.06686143114796,-0.847059152975543,-4.18903912679326,3.85307689487012,4.13364827859247
1782.089,313.79,0.491499325766614,0.00977551448703188,0.006788712764983,0.00279316977811171,0.172122565542094,0.00289288443187576,0.0215801062308904,0.21063097345851,0.0715858456208455,0.00554459853836869,0.00304129693980365,0.00124179528117793,0.000503211159693018,1.04925375439662,-0.877309445838227,-4.12102974127951,3.91757983036833,4.08595273570876
1781.668,314.29,0.484809834336429,0.0096989807582181,0.00636941233456844,0.00255998768670821,0.172353264719929,0.00297533493738103,0.0221390270236012,0.218485102954058,0.0702174518276411,0.00544478371386083,0.00305455648383088,0.00130828725280048,0.000583975970973225,1.03421048472904,-0.897949353498868,-4.20954378656744,3.91173591638072,4.05918961851363
1781.268,314.79,0.48793420283023,0.00885319819465905,0.00632589546831487,0.00264188251316031,0.172993653371046,0.0029594322080507,0.0218836480458145,0.217472435377,0.0682742756375001,0.00557403381958812,0.00311875267352836,0.00151900060236231,0.000449589258745166,1.03692565838846,-0.929721850288563,-4.18176317189921,4.00940179483067,4.06825747977699
1780.839,315.29,0.508857033353064,0.00901918362441008,0.0059156501091963,0.00239596869479237,0.163127708646578,0.00283139319966708,0.0209389294453554,0.209019637191603,0.0676461450190385,0.00511623793227788,0.00307178381173333,0.00154666412669039,0.000513664845594389,1.13763371692908,-0.880243013873455,-4.22074576811377,4.03281327689127,4.05376449545005
1780.389,315.79,0.510455767052395,0.00914532572240855,0.00552939608644471,0.00217666525997823,0.162794571663372,0.00287741820847123,0.0212880083512871,0.20900983941541,0.0674866179508251,0.00450214334895498,0.0028696444039713,0.00139151100548608,0.000473091530995269,1.14281487810682,-0.880559783777974,-4.31469510105951,4.02206108877916,4.03559567272197
1779.968,316.29,0.526714844479232,0.00957820797430517,0.00638772118046887,0.00340640976331694,0.159686281918925,0.00248086495142858,0.0188032919256055,0.196205378731138,0.0683643610142082,0.00452201177230023,0.00253597029259812,0.000865941075521308,0.00044871492095195,1.19344815756449,-0.848359501426798,-3.84755227114233,4.00716879459297,4.16460388235612
1779.568,316.79,0.53861410884477,0.00895517596788931,0.00610731306887036,0.0037111643333834,0.157535887773107,0.0025795859592563,0.0185237201527573,0.185801270990664,0.068771761673773,0.00489892035728985,0.00269996663735493,0.00129437891022238,0.000506745330662793,1.22934608425207,-0.828860071289424,-3.74830762731221,4.09676768988022,4.11202438603999
1779.139,317.29,0.522397616986817,0.00856324277231146,0.00645115061821631,0.0035565493623347,0.162827860508654,0.00261935822879975,0.0188564220908689,0.195511263922805,0.0687163552363848,0.00563679521577575,0.00282294707940989,0.00153885874232135,0.000501579235302079,1.16573544401565,-0.862706333890195,-3.82390277770732,4.1109500693307,4.12976423534448
1778.689,317.79,0.506432522835456,0.00777531197735752,0.00640150888607083,0.00327139732774623,0.166605787432688,0.00264192902170517,0.0197903457021558,0.207818731506497,0.0696194243810994,0.00515176159232508,0.00312781422874051,0.000961432430942273,0.000402032677216004,1.11176062475554,-0.872586853282426,-3.93041325663221,4.17643750941101,4.14412112724684
1778.21,318.29,0.493501277879356,0.00866347540793412,0.00618357509479511,0.00323848430456255,0.172728459282446,0.0028881969908758,0.0205698973792039,0.212515074067918,0.069787496081579,0.00520968711757048,0.00292724175514024,0.00130409512643252,0.000483039512185871,1.04980468642885,-0.906265907373934,-3.976615348748,4.04240948890987,4.0910883330211
1777.71,318.79,0.494067948134719,0.00884036420670971,0.00660537709607842,0.00340623352050643,0.170062715435783,0.00285625694543463,0.0211989941992183,0.21093412276473,0.0723309727342889,0.00494752589755951,0.00309163786645301,0.0011882209955255,0.000469630202993412,1.0665057712144,-0.854914854016252,-3.91056014194498,4.02334497890574,4.0866552760268
1777.268,319.29,0.502091651445992,0.00801454008895826,0.00642688077642819,0.00362717364126748,0.17083595420455,0.00266291727913764,0.0198670447448589,0.205261027560914,0.0706956885407101,0.00558371707372861,0.00295892155774494,0.00151253701455018,0.000461946071159877,1.07807891171702,-0.88231917531998,-3.85225003013141,4.13752527250411,4.16128152059767
1776.868,319.79,0.476252369654797,0.00939121156050992,0.00652378736108431,0.00362457857037449,0.175430510937305,0.00289693846276095,0.0227532267035973,0.220615712939734,0.0729569886370086,0.00488801607392188,0.00294915600558501,0.00117943536943912,0.000538067723882715,0.998704886659447,-0.877372944671735,-3.87950499032228,3.92617359050633,4.10358853857239
1776.497,320.29,0.484233818919417,0.00932839365441246,0.00611313205818092,0.00285204991087344,0.173656535854581,0.0030867405383356,0.0222833162903235,0.21579579680262,0.0720913728842919,0.00526154035281824,0.0033337244843791,0.0015187836320051,0.00044479461776161,1.02548847043057,-0.879145034305744,-4.10904141386807,3.94950505691259,4.02996372436351
1776.147,320.79,0.482197415199484,0.00901622697681892,0.00636492062818999,0.00224401391712659,0.175406901877116,0.00306975747688476,0.0221645193614547,0.216561291373658,0.0724467228023505,0.00517875116329414,0.00310992878519732,0.00178427561088285,0.000455274827542342,1.01124517677994,-0.884256994698739,-4.35884223895105,3.9793276539885,4.04550986779913
1775.768,321.29,0.476366432644583,0.00768200515536559,0.00635931988233427,0.00199068572132397,0.180968201181318,0.00303929107620198,0.0221017158290585,0.218630332768529,0.0716669052382553,0.00544387076299633,0.00376721183048767,0.00152796780282225,0.000456060106724723,0.967866042804458,-0.926292263390551,-4.50984216878945,4.12730677353463,4.08669704214512
1775.368,321.79,0.481418251642799,0.00902036624198352,0.00654944083576361,0.0020655928789716,0.178981790951467,0.00280984751939928,0.0218043709502529,0.215023180669531,0.0707385410548035,0.0055807647960685,0.00379111863762471,0.00166827540169713,0.000548458419638246,0.989452364166407,-0.928293514622065,-4.46186678047207,3.97725150173019,4.15415385582378
1775.026,322.29,0.493558328816642,0.0085813355950807,0.00568649550863236,0.00244354891746814,0.172325192705865,0.00292658921391428,0.0218218556457886,0.212935728427035,0.0698435448354375,0.00483267075928038,0.00262950809262581,0.00190041205831861,0.000514789423912082,1.05225769900547,-0.903125680276582,-4.25593189008704,4.05205148089864,4.07554569290627
1774.726,322.79,0.555001708439692,0.0120193757160372,0.00532184547218816,0.00320583683395976,0.146534993981379,0.00247556261263977,0.0179966813838138,0.185707394528973,0.0651485002579409,0.00347047749214453,0.00174640501856951,0.00092121748102292,0.000450000781639075,1.33170692531132,-0.810594983226263,-3.82229110776927,3.83245120135486,4.08079657827402
1774.339,323.29,0.597429702309045,0.0149127847019653,0.0052152391054539,0.0041876602139132,0.124900556881464,0.0024173271654046,0.0166376931160808,0.164194093324298,0.0648626948348508,0.00268864727894163,0.00137747134564955,0.000659271045110345,0.000516858677823939,1.56511874810455,-0.655245227237388,-3.39537571928194,3.69041774510486,3.94485542306146
1773.889,323.79,0.586332498388266,0.0141404497807134,0.00525613269529867,0.00355035419225875,0.132634331678577,0.00228950498696993,0.0162029500239328,0.160651905737253,0.0708669894890318,0.00354646268236588,0.00257617954907778,0.0014035379013606,0.000548702894894209,1.48629107621444,-0.626791223265199,-3.62054858486544,3.7248475629922,4.05926032453873
1773.526,324.29,0.559972105151451,0.0107856038325096,0.0061198872077863,0.00262575422212789,0.151484794275492,0.0020290470270762,0.0153821897456111,0.168670446620782,0.0718389375701161,0.005464964676632,0.00348928170764986,0.00155362178223826,0.000583366180528183,1.30740171816527,-0.7460586170438,-4.05511707460399,3.94967470380621,4.31291901405376
1773.226,324.79,0.556105913630489,0.0121193252955919,0.00538549578141763,0.00309422433854375,0.15424198782916,0.00209753245967877,0.0168004174907106,0.171268620780018,0.0703126924791199,0.00452542908145324,0.00243461589286794,0.00117139292729525,0.000442352013653559,1.28243604957471,-0.785570388799906,-3.9089854615439,3.82615745783935,4.29776108402323
1772.839,325.29,0.57939361688376,0.0387030821135724,0.00497132466681891,0.00307328044949824,0.125168583382526,0.00218242768688518,0.0168701875638247,0.154914663414928,0.069011465824432,0.00281690444284539,0.00137667452311908,0.00104597101873915,0.000471818029050202,1.53232057277712,-0.595388833567055,-3.70691595429723,2.70606283046295,4.0492236207021
1772.389,325.79,0.591145668297865,0.0663072422220404,0.00528996887779146,0.0025637509808508,0.107596883861504,0.00188277263043155,0.0140735525753311,0.128305078300988,0.0767039726041603,0.00300160508095116,0.00170763099039141,0.000925254848369973,0.000496618729324357,1.70367077778345,-0.33843818582459,-3.73692027392459,2.18776333935237,4.04564619310498
1771.968,326.29,0.563770578939465,0.0421589682106483,0.00575864690866014,0.00233229966892547,0.131499035855681,0.00197953487485192,0.0147541491575357,0.150393404251769,0.0781660044381625,0.00470750316415719,0.00280424175829414,0.00118104699637463,0.000494585775474743,1.45564787411769,-0.520164692519093,-4.03214475649278,2.593199963061,4.19613761427556
1771.568,326.79,0.53091918012982,0.0287213929329538,0.00628280470408365,0.00202942668696093,0.149644054030073,0.00218527391572419,0.0171045177495205,0.17526784109498,0.0781488534421761,0.00498369860738557,0.0029360707842187,0.0012638413952991,0.000513044526804586,1.26635030551187,-0.649644115486135,-4.30050616805134,2.91696756305756,4.22651831842274
1771.139,327.29,0.51011323268206,0.0130461811722913,0.00589920071047957,0.00184280639431616,0.165609458259325,0.00255883658969805,0.0193217140319716,0.197183614564831,0.074181838365897,0.00545182060390764,0.00301842806394316,0.00132659857904085,0.000446269982238011,1.12500037052859,-0.8031130011577,-4.49834273144753,3.666137265473,4.17007965736737
1770.689,327.79,0.501694568615421,0.00921674521464161,0.00623664178752267,0.0021227056462397,0.168235378727096,0.00270703965155714,0.0210506325415608,0.206077747886846,0.0729338736175444,0.00481738438614589,0.00323181653710184,0.00118889495697279,0.000486570431350868,1.09262744278986,-0.835810872909776,-4.37267253948317,3.99696954382253,4.1295084043698
1770.268,328.29,0.507089615229049,0.0102024746524304,0.00624158055083166,0.00264550564280122,0.167526786452745,0.00249368647529143,0.020083183308049,0.203170301451686,0.07100491826124,0.00480043143835065,0.0030839684624004,0.00124740972707672,0.00041013834804884,1.10754448624725,-0.858394111673047,-4.14828104125952,3.90605743999971,4.20738112983605
1769.868,328.79,0.497462773853975,0.00898263529623465,0.00602141346889199,0.00255971928561789,0.170356291331144,0.00263956993117099,0.0206914391110711,0.208049170003149,0.0730577173961942,0.00513405911197085,0.00311979846146925,0.00150366638175357,0.000421746367357956,1.07162865215561,-0.846642297206375,-4.19799447679571,4.01422742528016,4.16727607619091
1769.468,329.29,0.485580385247721,0.00914884076940845,0.00616414469661629,0.00223059607868003,0.174727006743873,0.00273785853718189,0.0210321432291785,0.2161232466609,0.0721399682055138,0.00531946212062882,0.00308999832422224,0.0013270348244736,0.000379314561602949,1.02212005165858,-0.884616559710998,-4.36095594484289,3.97171766671836,4.15604873540018
1769.068,329.79,0.474570358056181,0.0091737429159057,0.00603719336407122,0.00225273368235569,0.176772034205225,0.00288292319329983,0.0227665651792053,0.22325321767676,0.0723411041939167,0.00533612137737941,0.00299146198428846,0.0011872814687735,0.000435262702638046,0.987548925243914,-0.893468469765562,-4.36271651144639,3.94606451270055,4.11605618306033
1768.668,330.29,0.471372775411522,0.00945719313908775,0.00636483754504557,0.00223983209090899,0.17735845256915,0.00292453600681124,0.0223994397063381,0.225443239499808,0.0727352467003872,0.00514758613899713,0.00288985329211684,0.0011031340867314,0.000563873813095969,0.977476395738869,-0.891346749478558,-4.37177193682646,3.90887360551157,4.10503700251746
1768.268,330.79,0.47167137590021,0.00854876641053031,0.0060947245098377,0.00205131628820509,0.181044545329244,0.00291814548085869,0.022940284621481,0.223954205575273,0.0706201974432308,0.00519774473657007,0.00290307019055167,0.00158936632094001,0.000466257193067089,0.957539397822192,-0.941426921427289,-4.48026142887299,4.01049551253087,4.12779480256004
1767.926,331.29,0.476868427364204,0.00853267762727172,0.00614940504614214,0.00223202228132988,0.175196463335847,0.00297530946891698,0.0220371686808165,0.226010081912841,0.0698722367110406,0.005211653187384,0.00308766683448248,0.00138069916531442,0.000446188384409119,1.00133262736192,-0.919239607340751,-4.3629999647154,4.02333739991031,4.07555993510638
1767.626,331.79,0.486185728955085,0.00799810294526332,0.00592615006260924,0.00252690266113431,0.170541787244453,0.00310846582136139,0.0219545457959529,0.222794486094524,0.0684667226769932,0.00554845590688981,0.00294429762299471,0.00151506860192002,0.000489285610818362,1.04761035606787,-0.912632526279417,-4.21198604504365,4.10738632752284,4.00485105372482
1767.268,332.29,0.481678243293494,0.00848988150605895,0.00579097715680602,0.00247195345055933,0.1728449520473,0.00310272777932275,0.0237467355830241,0.219917551828446,0.072166123795855,0.00501422971479837,0.00299830905598016,0.0013606398949846,0.00041767489337037,1.02488138440672,-0.873424225415386,-4.24738625296398,4.03840130276662,4.02011330830776
1766.868,332.79,0.473151734388902,0.00913997112459577,0.0064974987080654,0.00224823258019318,0.173496427867429,0.00329350090302233,0.0255062518979452,0.222873369099055,0.0743056850449913,0.00496102885942153,0.00282787169091597,0.00119017810050985,0.000508249734953624,1.0032591180546,-0.847969546980569,-4.34601262289486,3.94675890234274,3.96420590723285
1766.468,333.29,0.472732675594202,0.00857689717666307,0.00645724770973909,0.00289022565905732,0.172426026945309,0.00328229301781138,0.024806452050275,0.222461505086707,0.0762339387968165,0.00523246091755061,0.00316704555212575,0.00123834531756326,0.000494886176179479,1.00856174565214,-0.816161560625488,-4.08863373340044,4.0094578471746,3.96142604625322
1766.068,333.79,0.461490332780282,0.00838961604853442,0.00634053416905484,0.00249487450211444,0.176113783259873,0.00325797315188791,0.0245889825537549,0.234018781388437,0.0730105526599518,0.00560425011312407,0.00293284620154519,0.00128039685598887,0.000477076315451351,0.963330824390669,-0.880526294257822,-4.25689185375983,4.00746634989077,3.99002501247143
1765.726,334.29,0.466579416774332,0.00873430284281161,0.00681085624108688,0.00257279144518904,0.173693598644535,0.0033070764058707,0.0245164001484217,0.23158364142753,0.0720884539557507,0.0053389334203597,0.00294384564145435,0.00135457134299266,0.000476111709665738,0.988135425771083,-0.879398927471938,-4.21230134472976,3.97817011692709,3.96122828161138
1765.426,334.79,0.467069870054198,0.00948517621522565,0.00647505053942075,0.00199377736856971,0.172257694334915,0.003192490142311,0.024451294231723,0.232485783355462,0.0723508781293854,0.0050428222902753,0.00301123765425921,0.00169465516436154,0.000489270519894406,0.997487282680105,-0.867463988229893,-4.45896056383562,3.89674867963513,3.98819035731969
1765.097,335.29,0.466452689913408,0.00827849229911477,0.00615137969448111,0.00190257802576616,0.175970027345491,0.00328015732606434,0.0252107859035673,0.231910594018703,0.0709247245112576,0.00565892221232727,0.00269007611396811,0.00114111293221551,0.00042845970363605,0.974842918805677,-0.908694584901073,-4.52710385922028,4.03149573782996,3.98242229485298
1764.747,335.79,0.472926926166527,0.0091396863649064,0.00626811784017882,0.00192747625034926,0.172907498602962,0.00322191953059514,0.0249338589689857,0.227847120354848,0.0708702238753842,0.00549756391450126,0.0029043116093881,0.00109580189997206,0.000459494621402626,1.00618412507918,-0.891906389568123,-4.49654525644328,3.94631481610727,3.98277945188682
1764.368,336.29,0.472015639600758,0.0082291042643728,0.00675075599861874,0.00205644863236237,0.173861478767499,0.00338916856148991,0.0245769882956741,0.226853644624935,0.0720639617306383,0.00503521006335936,0.00318948122111567,0.00148496773560072,0.000493150503576169,0.998753236661935,-0.880704801091886,-4.43727835293075,4.04933494888306,3.93767425390872
1763.968,336.79,0.469999858492466,0.00783951739399725,0.00648431062427682,0.00195280397178993,0.176345600585188,0.00331998445594163,0.0251698362540126,0.224372169168992,0.0744035729563863,0.00525646063532529,0.00298580897135996,0.00139112791301423,0.000478948577250596,0.980286684317749,-0.862941745013157,-4.50317943531702,4.09355511804469,3.9724856083343
1763.51,337.29,0.461817496085448,0.00792762900009959,0.00648681977383533,0.0019609837336876,0.181692399943215,0.00337001040349015,0.0266009403399038,0.226640350709916,0.0731528507893728,0.00535642018234712,0.00322698889941245,0.00129672830363783,0.000470381835633331,0.932854635891571,-0.909764048490275,-4.52886889475422,4.06481578313893,3.98739931557857
1763.01,337.79,0.455112669024872,0.0088454038462359,0.00632896539070401,0.002078008525382,0.182907419813193,0.00356077641566998,0.0264348712872132,0.232174783131862,0.0725073498350821,0.00514168433898421,0.00342103354255651,0.00104753817860633,0.000439496669639314,0.911564890358275,-0.925292188411405,-4.47757012681449,3.94064702781957,3.93900150679519
1762.568,338.29,0.448302657959927,0.00734040863289585,0.00665992624171937,0.00204037385745504,0.182396113737158,0.00342280496129622,0.0258518909682599,0.244505695015091,0.0686589559639881,0.0056649622407405,0.00329400703236692,0.00139531089673411,0.000466892492368723,0.899287808972119,-0.977029189117971,-4.49304771662389,4.11207406698634,3.97572039210226
1762.168,338.79,0.442161017848877,0.00789461391133741,0.00646135291344802,0.00210423947986428,0.183551896788221,0.00366490145534383,0.0273030911723863,0.248972298780773,0.0671870288818016,0.00546550193861821,0.00325084827817579,0.00147360464079294,0.000509603910360672,0.879176665720348,-1.00501723748862,-4.46854333416764,4.02549336593658,3.91369599685425
1761.71,339.29,0.447542768851685,0.00895299508655125,0.0066657582285908,0.00231088627894379,0.186945294384614,0.00347646488455141,0.0255684025717056,0.235962660942756,0.0721769066782586,0.00527382087928547,0.00339200266675376,0.00131986292345133,0.000412175622852548,0.872956075343411,-0.951695888024127,-4.39318490916821,3.91178398315391,3.98480009095671
1761.21,339.79,0.455668815529182,0.00869070171044749,0.00655029783609582,0.00253979882410183,0.180868540586581,0.00340258017963946,0.0245164507690559,0.23541684365453,0.071352680083542,0.00553967415109265,0.00338492736418089,0.00153469164392947,0.000533997667621757,0.923995791625788,-0.930135566578281,-4.2656855974998,3.95951257870409,3.97323645209841
1760.797,340.29,0.464915536671853,0.00897602669792556,0.00636760868314378,0.00210636523944533,0.182110900637551,0.00313077854282849,0.0219233472591867,0.229276784515564,0.0706630819722438,0.00545375981118303,0.00331918935964015,0.00137302972490893,0.000383590884526733,0.937239901858231,-0.946692587755005,-4.45965201895279,3.94729842437888,4.06333413631398
1760.447,340.79,0.476071445072188,0.00984579151942207,0.00666732218401004,0.00238237116418696,0.181303065807228,0.00283254572529637,0.0204817578605809,0.218685324427775,0.0708314131808742,0.00555373248021305,0.00349122218839332,0.0013682937317931,0.000485714658039111,0.965397909906343,-0.939867436457251,-4.33207374855955,3.87852383068552,4.15899417087388
1760.068,341.29,0.469307715209355,0.00926922238397648,0.00656862951944919,0.00144055062087849,0.182354485633174,0.00302878991403582,0.0217969726166447,0.224170306137519,0.0715938420856454,0.00526639051229215,0.00318468351255236,0.00150970642773921,0.000508705426738214,0.945306146506704,-0.93494345010485,-4.84092709987138,3.92455917165361,4.09778934453493
1759.668,341.79,0.465012546252943,0.00995290609402416,0.00662087587391925,0.00155919013028102,0.180377387651942,0.00314451828752739,0.023441264444101,0.226786022746902,0.0725625721636831,0.00523783331666561,0.00297178002236506,0.0018103424763394,0.000522760539307047,0.947013132250471,-0.910602000200594,-4.75088471495993,3.84419980813489,4.04939054345884
1759.268,342.29,0.461655649600927,0.00848663631053466,0.00662377115175134,0.00155952936718967,0.180640410642237,0.00334571484631362,0.0244732218771637,0.230793431708852,0.0721950460416371,0.00517587837700692,0.00309763352976863,0.00135880902925781,0.000594267517360054,0.938310892326467,-0.91713694449887,-4.75212428561619,3.99632653845404,3.98882799699013
1758.868,342.79,0.461382497066281,0.00953763700856047,0.00633106547794664,0.00164931576133613,0.181150772083861,0.00338514573207659,0.0238745943259989,0.230948572848292,0.0714152615502015,0.00555243759330779,0.00284276818850337,0.00148294228171245,0.000446990081922301,0.9348977311602,-0.930818085749985,-4.69896916765109,3.87898164886055,3.9799327217069
1758.468,343.29,0.462368004975408,0.00891390705272793,0.00646343119177656,0.00158218839100748,0.182758635792277,0.00305597771577984,0.0233616411837616,0.229487392860115,0.0718631062135659,0.00558309938113988,0.0030756866369135,0.0011321680251223,0.000354760580405829,0.928194769381188,-0.933403345534108,-4.74935740585968,3.94874847421343,4.09106677286989
1758.068,343.79,0.460270308273665,0.00957826196230919,0.0065966113479873,0.00197411178809355,0.181643749771643,0.00332487812655352,0.0241034288428472,0.229965754751763,0.0724486847189576,0.00537760008680334,0.00294400630652874,0.00142494776852294,0.000347656254324943,0.929766593588272,-0.919168835717607,-4.52192878034405,3.87231779161509,4.00061433022386
1757.61,344.29,0.458896951374294,0.00868324342124822,0.00639065676604639,0.00195641684142161,0.183847154791335,0.00305754449676294,0.0233249252765397,0.228896196707365,0.0740419732024634,0.00558682214329982,0.00330566983550548,0.00150933385778873,0.000503111285929578,0.914720946124409,-0.909472594078232,-4.54299007390154,3.96743055312639,4.09649259013184
1757.11,344.79,0.456671966095344,0.00850793873407569,0.00632425272029426,0.00208945771614711,0.1852462590818,0.00324978059050464,0.0241279225837837,0.231994451487218,0.0716781511969733,0.00522090509566911,0.00313911712467828,0.00120305431165681,0.000546743261854961,0.902279264593193,-0.949500094200774,-4.48478150373059,3.98296563834142,4.04309858663313
1756.726,345.29,0.450687796766803,0.00876751922518201,0.00611303431425628,0.00216454161355374,0.184638937519901,0.00351858621876343,0.0251146863987667,0.236468934700314,0.0720002229938859,0.00532826736966919,0.00322376257154834,0.00147197406409573,0.000501736243260599,0.892372624182657,-0.941733012821321,-4.44619361577374,3.93972095734465,3.96034296243654
1756.426,345.79,0.451767426494879,0.00914287964609902,0.00666517895234282,0.00195590677281946,0.182766798591922,0.00339220743988431,0.0238734392673445,0.238097738455446,0.0717756526799642,0.00555814447018774,0.00288463431763138,0.00162335886513651,0.000496634046342301,0.904956488691529,-0.934665696182814,-4.53735710724602,3.90019210866315,3.98673014387903
1756.068,346.29,0.459884357821857,0.00954437244983557,0.00674159028281125,0.00164592176553346,0.182587660959854,0.00304292664847124,0.0223663332788713,0.235142019691847,0.0692471415679132,0.00539283360619156,0.00271176850510609,0.00128077056771691,0.000412302853991059,0.923744670112733,-0.969548524507798,-4.70892982065297,3.87502335330344,4.0944106261059
1755.668,346.79,0.457546449420223,0.00906535856832527,0.00645653209574587,0.00189535973084296,0.180411348908031,0.00317526891769603,0.0236025283620126,0.23484225090779,0.0725718766454754,0.00535441973271211,0.00323795369532463,0.00130726254436373,0.000533390471457911,0.930638893009706,-0.910662042586758,-4.55583086324149,3.92141800967649,4.03984718809467
1755.268,347.29,0.454173820162513,0.00832023800869045,0.00600725881767394,0.00182868519212379,0.183201820855959,0.00310485020999122,0.0230716318918224,0.238026585839154,0.0716061671988681,0.00556882175632071,0.00316748407589882,0.00141709121615954,0.00050554477482566,0.90789159720107,-0.93940718704104,-4.606991156983,3.99978912732408,4.07762291868766
1754.868,347.79,0.449203496402801,0.00784610707866906,0.0065949537883919,0.0020724559616441,0.181376695270043,0.00328947719285147,0.0247041443786099,0.244268213986678,0.070809089793981,0.0052531372162106,0.00294175684107793,0.00118822230636723,0.00045224978267478,0.906899948526891,-0.940588678549241,-4.47184169903224,4.04745851121236,4.00984741372646
1754.468,348.29,0.444159944911205,0.00882989700269451,0.00631625282880307,0.00226849032078109,0.181625228401673,0.00356835052860619,0.0253325648214027,0.24671194204345,0.071340860827792,0.00541190750399601,0.00269560281153334,0.00116802191348575,0.00057093608457699,0.89423935441421,-0.934476133025444,-4.38283082611478,3.91804138377538,3.92984192722034
1754.068,348.79,0.448650216923399,0.0100814840304345,0.00693052828550673,0.0022175891252668,0.181616276114586,0.00322629979735824,0.024824178468694,0.239580592271724,0.0727339995097014,0.00534942772256296,0.00291367820667661,0.00143041245808284,0.000445317086006923,0.904347468913807,-0.915087144481934,-4.40547546216113,3.79554308019829,4.03056018134235
1753.697,349.29,0.454597138867991,0.00820825917549806,0.00668533598493973,0.00263600423313283,0.17910786839843,0.00330385285867752,0.025177322372244,0.23655654965426,0.073538695834337,0.00519437819868097,0.00296593287036773,0.00159027886390387,0.000438382687537031,0.931423376572263,-0.890176499474634,-4.21872401855966,4.01427075377132,3.99289892072272
1753.347,349.79,0.458917249417249,0.0103997668997669,0.00689160839160839,0.00228438228438228,0.176045454545455,0.00317715617715618,0.0231188811188811,0.236351981351981,0.0720897435897436,0.00544172494172494,0.00314452214452214,0.00164801864801865,0.00048951048951049,0.958127683156896,-0.892830444553826,-4.34464657341984,3.78708651690114,4.01475571338792
1752.968,350.29,0.451625906088363,0.00971891737944087,0.00682954054774132,0.00229105992815604,0.181083309599713,0.00330280117963747,0.0239912445910314,0.240617564103742,0.0705841686036363,0.00534236129613127,0.0026987422712615,0.00138267476365908,0.000531709647486839,0.913896996346778,-0.942151320792005,-4.36994263819684,3.83877996419747,4.00418624867986
1752.568,350.79,0.455918306309606,0.00930287015279892,0.00661807921524349,0.00198461229926377,0.179005769518349,0.00320992491627417,0.0226978439366732,0.241140827485953,0.0697129847201082,0.00562809153792383,0.00308356817525796,0.00131805150949936,0.000379070223048629,0.93489560336739,-0.943031442445426,-4.50199445743711,3.89199066950797,4.02117049096783
1752.168,351.29,0.45730540835989,0.00895140072630253,0.0068623545542133,0.00182849440450604,0.17574274623879,0.00316483547024383,0.022709692062551,0.242124388571852,0.0710692581338472,0.00536389238864596,0.00303166456681242,0.00135023716000889,0.000495627362336026,0.956330200655887,-0.905366388403237,-4.56552835821269,3.93354143154275,4.01692018654027
1751.768,351.79,0.469846575724053,0.00863989076840001,0.00637260442246417,0.00132657942294937,0.171900490560394,0.00310638778816285,0.0212321205748815,0.23693028151568,0.0699251201855841,0.00567392403791597,0.00294541730740909,0.00161198807676808,0.000488619615337633,1.00549044064384,-0.899490808274196,-4.86431199926931,3.9960162665933,4.01345519789792
1751.368,352.29,0.478708547727806,0.00929649920207314,0.00654198091997739,0.00112355350980221,0.173705676550238,0.0028304034485844,0.0214041474075022,0.224257656190361,0.0725009145861484,0.00509676491341729,0.00269335710313474,0.00134441332271696,0.000496085118239283,1.01372959945547,-0.873763176147764,-5.04086591362877,3.94145405295856,4.11694309007869
1750.968,352.79,0.48333552199606,0.00818750178423592,0.00655228524936481,0.00129721088241172,0.174457735019555,0.00294498843815125,0.0213651545862,0.217740729110166,0.0739524394073482,0.00511918695937652,0.00310828170944075,0.00134631305489737,0.000592651802791972,1.0190285688898,-0.858260330248574,-4.90146602154344,4.07810225612068,4.0815776149432
1750.597,353.29,0.488003070107707,0.00931173809123198,0.00632345382507301,0.00105794252076126,0.174071880164384,0.00277277745637428,0.0203394635609101,0.215691200637992,0.0721786470782117,0.00516755366350052,0.00286266799735399,0.00171944470694531,0.000500160189553797,1.03085337873426,-0.880324062985529,-5.10314231454611,3.95904593238572,4.13961880863197
1750.247,353.79,0.486928982990103,0.00974094597450813,0.00648324281605234,0.00116018342385061,0.172310212371001,0.00276835846681186,0.0205065291906744,0.21677625230888,0.0731214218105294,0.00502899309863167,0.00327952839118169,0.00144735753866512,0.000447991619110633,1.03882187431867,-0.857175040798812,-5.00071829602088,3.9117800513889,4.13104187937148
1749.897,354.29,0.486059025311741,0.0090449406156644,0.00652841824825437,0.00113411274691279,0.17325641349706,0.00284311104798057,0.0213177405879267,0.215947817392189,0.0743168200999675,0.00505876918568692,0.00286324322691985,0.00112292820305763,0.000506659836638552,1.03155741165773,-0.846435349135606,-5.02892203167822,3.98412451439126,4.10987376407995
1749.547,354.79,0.482559578618034,0.009338741420602,0.00627056497790451,0.00110449951540634,0.176011458632423,0.00300217049556165,0.0216191478852245,0.216848238026246,0.0735086231269437,0.00480853324884572,0.00315948466956873,0.00132341924007353,0.000445540143166899,1.00855529337235,-0.873146377992711,-5.07115679365178,3.94493290053784,4.07121357319512
1749.139,355.29,0.484660434282312,0.00954092936185804,0.00622742287281242,0.00100870740043165,0.178183983192027,0.00280056560891693,0.021229798659255,0.213343332627276,0.0736699889511618,0.00488438793443974,0.00305016630505098,0.00102244688829224,0.000377835916166225,1.00063188030791,-0.883221119202602,-5.17414692026493,3.92785761212681,4.15299522995399
1748.689,355.79,0.492357408153272,0.0102535318438391,0.00617654346067268,0.00101337585676056,0.174330003557971,0.00259743614733992,0.0202616458961801,0.209294406235726,0.0731932142567775,0.00523831946350966,0.0033900534165327,0.00139735488939173,0.00049670682202748,1.03825481693436,-0.867847359904444,-5.14766288538652,3.87158267573448,4.20642521382772
1748.326,356.29,0.493395617059638,0.00962718055000511,0.00635112779858549,0.000986300987927397,0.174368488554726,0.00268473684699672,0.019739960408554,0.209191070548983,0.0737367447652859,0.00511970371471854,0.00321680498889395,0.0011570739505014,0.000425189825184249,1.04014051066088,-0.860669563186698,-5.17496451962946,3.93672091575265,4.17358809566643
1748.026,356.79,0.49563922793041,0.00954644470190987,0.00586064430917786,0.000963745211901437,0.172889590501626,0.00258554405517383,0.0197474427499175,0.210078954768147,0.0725900827584115,0.00516642106331666,0.00311525389319229,0.00131610726274191,0.000500540794074717,1.05319511345932,-0.867824874189083,-5.18958150787784,3.94967949636879,4.20271723353164
1747.697,357.29,0.490896286489737,0.0108083018367482,0.00685951036814992,0.000930606906612339,0.171911905594845,0.00267177928839439,0.0209775259575305,0.210731018019934,0.0737923260371008,0.00492970145124374,0.00333143553546481,0.00156625486739423,0.000593347646844968,1.04925070750539,-0.845727425869293,-5.2189004867544,3.81591834890915,4.16423751821808
1747.347,357.79,0.488145606135633,0.00914471941683844,0.00654214217441874,0.000880960880730564,0.174368068910718,0.00289853403503115,0.0211948823658118,0.212122712668563,0.0747526975828276,0.0051556364222624,0.0030436334742103,0.00122528415306839,0.000525121779886454,1.02944533097408,-0.846983103919166,-5.28791046089222,3.97743713479762,4.09696329958344
1746.997,358.29,0.495980455813041,0.00955605173790984,0.00630024430233699,0.00119815582098197,0.171834930095899,0.00275365636050243,0.0202612119824924,0.208564361754306,0.0729263496185987,0.00528192863382209,0.00321843805324203,0.00151813115718964,0.000606084669678016,1.06000221509246,-0.857084284730864,-4.96575074842054,3.94936187871634,4.13360469305394
1746.647,358.79,0.492692975049409,0.00931703673461813,0.0065357278724727,0.00103922132630622,0.173437456505804,0.00271983706494205,0.020635966336652,0.210209189685728,0.0730412533751496,0.00507896226327559,0.00321509097825986,0.00153911462054503,0.000538168186837148,1.04406915821591,-0.864792656904103,-5.11734534514998,3.96804158016701,4.15524507724453
1746.268,359.29,0.495206665569785,0.0096624247323983,0.00621908361436,0.000967071053089478,0.174503651077923,0.00274851772983325,0.0201344903464529,0.20845648594551,0.0720248952734254,0.00514903192281424,0.00318648136464734,0.00125233925846838,0.000488862111292478,1.04302951713256,-0.884933837567603,-5.19542897287564,3.93673055741685,4.15088390547781
1745.868,359.79,0.492902074124447,0.0096032150817938,0.00628093241150025,0.000971655521553515,0.174722080547055,0.00275794325437304,0.0205724149004496,0.208849267067135,0.0728529128414371,0.00520538176735049,0.00322547130605614,0.00153717556386717,0.000519475612981223,1.03711392132642,-0.874754084440116,-5.19195053940932,3.93821257494564,4.14871139613827
1745.468,360.29,0.492086680984065,0.00984401066134878,0.00629542098905102,0.000808949013441737,0.173016816551936,0.00266174186496903,0.0207174838449886,0.210174541236026,0.0741129125040747,0.00506462004563671,0.00314950815899983,0.00153760234703074,0.000529711798431478,1.04526608656006,-0.847799020340464,-5.36540818336175,3.91179166627783,4.17440805033985
1745.068,360.79,0.492366856590045,0.0102587430969233,0.00623062307431017,0.000918209719099842,0.173180354392943,0.00258419022904831,0.0199473559761049,0.209034943581114,0.0753112010783263,0.0052163914238012,0.00308350427237581,0.00142832622971087,0.000439300336196787,1.04489051971153,-0.83270468595902,-5.23966302467689,3.87109375504894,4.20492136113907
1744.668,361.29,0.493671142531281,0.00941611954813114,0.00686097965303012,0.000953410408619784,0.174015276018272,0.00245026475015284,0.0199143599100457,0.207011618497592,0.0751025214130019,0.0054046452538634,0.00316532255661768,0.00155882601809335,0.000475513441299117,1.04272650356168,-0.840288956288306,-5.20685290747121,3.95944652597808,4.26294700856408
1744.268,361.79,0.495483660240599,0.0103644053345886,0.00633680534707729,0.000762530110933121,0.173057109302387,0.00279434262699429,0.0204033844328577,0.207528273655846,0.0729951462256561,0.00529327988817826,0.00315339223828405,0.00128129075333172,0.000546379843267039,1.05191272532333,-0.863228702719109,-5.42473493312935,3.86715700512571,4.12602476871975
1743.868,362.29,0.497346075406642,0.00975188383150278,0.00642280082159439,0.000840763311175843,0.174331605299842,0.0024774006946913,0.0193994305132781,0.20574315348116,0.0730626957079822,0.00518288725157749,0.00351227963326705,0.00139399284926558,0.000535031198020991,1.04832684944854,-0.869641345243079,-5.33440435909503,3.93182563272433,4.25374935956032
1743.468,362.79,0.489259538292687,0.0105521141432744,0.00609106720985174,0.000960340048737839,0.175375997544506,0.00275429246423722,0.020881001543985,0.209770355488588,0.0743554327808471,0.00517374481462879,0.00307750618524099,0.00129052960544673,0.000458079877969381,1.02596087535796,-0.858075485881033,-5.20740006627725,3.83656686925645,4.15377163563944
1743.126,363.29,0.492664654713297,0.00969051423161134,0.00629623054618616,0.00077874430439671,0.173424462985975,0.00273152257530031,0.0206710456240014,0.209269187525889,0.073914432806675,0.00519439020060359,0.00330433753476537,0.00152671755725191,0.000533759394046985,1.04408659628287,-0.852834022011629,-5.40581465542984,3.92868123625684,4.15088295912716
1742.826,363.79,0.496501444618235,0.0101892319742169,0.00638069299082117,0.000754845564276638,0.173603831491968,0.00271768066009943,0.0199525322820709,0.205832660913434,0.0732283017394576,0.00531113125084299,0.00350802052990632,0.00155820001277795,0.000461425971893243,1.05081052029573,-0.863193890761108,-5.43801797407237,3.88625491922864,4.15699705472807
1742.497,364.29,0.488242111234465,0.00976430859252196,0.00651843293113709,0.00090253440477392,0.176609045993292,0.00269252230524456,0.020900979911069,0.210121146102687,0.0738106093035288,0.00521451433092387,0.00338972433258277,0.00134220090787073,0.000491869649902496,1.0168729024773,-0.872436031148382,-5.27648697779164,3.91207765523576,4.18346009569559
1742.147,364.79,0.488724104381299,0.00978471739378517,0.00687177279032093,0.000756471478201739,0.177744914994018,0.00259647364291017,0.0205176711972602,0.208134362511015,0.0741518519433552,0.0051788296221525,0.002934121098966,0.00212588485398218,0.000478824092734227,1.01144866588729,-0.874234416738227,-5.45943990942101,3.91097640767723,4.2261952274019
1741.768,365.29,0.490805778750184,0.00949203381062443,0.00668120529845327,0.000819874420392685,0.177077450249878,0.0025842062049425,0.0190991585312027,0.208808132774569,0.0739132807791061,0.0053036738916864,0.00321661295757535,0.0016789034802542,0.000519688851131688,1.01946127801176,-0.873694684249461,-5.37519130521475,3.94559558633221,4.22716882548952
1741.368,365.79,0.493754977332615,0.0100854041623933,0.00655963187737524,0.000711601856373433,0.174377079734033,0.00249299442299955,0.0189350567789032,0.208345322710248,0.0735803483267208,0.00537283280818867,0.00355203946763585,0.00172050046146664,0.00051221006104732,1.04081931754351,-0.862842095642816,-5.50145679375688,3.89095015063825,4.2477355118197
1740.997,366.29,0.491214001689091,0.0096335051247215,0.00609896937012062,0.000782951787463532,0.176115587847546,0.00246848944791831,0.0198154318494364,0.208837286983219,0.074845926696287,0.00500212617013388,0.00330119006302703,0.00143560902633253,0.000448923944702994,1.02573935288744,-0.855708838777044,-5.41582468761435,3.9316327421867,4.26753412459277
1740.647,366.79,0.495585919028369,0.0101602674640337,0.00622202311748246,0.000756123952181678,0.174081540501815,0.00253147454837001,0.0194447111025781,0.207264478647794,0.0738097862349886,0.00506057880221907,0.00351751706908342,0.0011175938666259,0.000447985664458737,1.04621692436433,-0.858032485393114,-5.43907377134841,3.88725597037877,4.23072185461311
1740.268,367.29,0.495476382052253,0.00979387542597501,0.00645470465732677,0.000762021961378266,0.173510270730784,0.002532184778493,0.0194220939038243,0.207882904202953,0.0738912817114729,0.00509513441878076,0.00317233055660735,0.00150747822794396,0.000499337372207497,1.04928289282422,-0.853641948070078,-5.42801669793482,3.923762453978,4.22715431602328
1739.868,367.79,0.490665416021656,0.0103695397414785,0.00641308193487948,0.000843950298615005,0.176422050376075,0.00258004304381607,0.0201513703613588,0.208872997234241,0.0736869696659814,0.00497084375047751,0.00307136786947216,0.00140462480061968,0.000547744901329516,1.02288332385604,-0.873053156689784,-5.34254081190957,3.85688982414895,4.22507305544853
1739.497,368.29,0.492940202291498,0.0112842876496841,0.00665407584388962,0.00078178569818564,0.17167966479307,0.00254110009941372,0.0196609019363135,0.208443760068902,0.0755223965587193,0.00522574506905576,0.00323628434696575,0.00153154072284926,0.000498254921453671,1.05475754678926,-0.821201070943464,-5.39180494560481,3.77697658852596,4.21303322909962
1739.147,368.79,0.489984561898572,0.0106882880619264,0.00661615661337824,0.000947063499158032,0.173944398675077,0.00244980201057715,0.0206022550741585,0.208537584166645,0.0755705936783511,0.00515569772245724,0.00356960795919896,0.00136623573666803,0.000567754903831983,1.03563818397504,-0.83366846529638,-5.21312483538268,3.82522531594601,4.26272849102201
1738.768,369.29,0.493913120770943,0.0118799389151639,0.00702574377701319,0.000854298839165898,0.172583179942248,0.00258758723539266,0.0189328424818616,0.20641069799425,0.0746992979194366,0.00557269502889431,0.00343694793097957,0.00161724202212041,0.000486407142530873,1.05148031002357,-0.837408629387127,-5.30835354045155,3.72750846073638,4.20015345062828
1738.368,369.79,0.487856023514512,0.0106808539455597,0.00674355138987731,0.00088036849540153,0.173155770571931,0.00265179822096655,0.0206928179276767,0.210081347949906,0.0770946176337453,0.00482598762256547,0.00323277014303315,0.0016443049900617,0.000459787594764362,1.03582873123642,-0.809158129369377,-5.2816063116885,3.82156754075535,4.17895361348339
1737.968,370.29,0.488714145400436,0.00952789851023661,0.00631899639469025,0.000825751204220506,0.176796626418157,0.00269133725820017,0.0203285360560382,0.209002099666524,0.0751833532321337,0.0052779852611644,0.00337828697795056,0.00147035470836985,0.000484628911878702,1.01677768013788,-0.8550702288196,-5.36646182505307,3.93755356855623,4.18496187657919
1737.568,370.79,0.485204294242648,0.0101796021171915,0.00664327533849508,0.000849547253475892,0.176153277663814,0.0028583005831716,0.0208415352631179,0.212208385422782,0.0747797278225574,0.0052734091709662,0.00333142242758703,0.0012674139919742,0.000409808702218723,1.01321551564406,-0.856807682012255,-5.33440622621752,3.86418410188632,4.12112726530983
1737.168,371.29,0.484478887757833,0.0111156431260307,0.00635430046012288,0.000936140273783047,0.175438063393409,0.0027885526757133,0.0211245136686998,0.213774234754997,0.0735881052918222,0.00509208885502214,0.00350380591860371,0.00137674562111914,0.000428918202844417,1.01578778958271,-0.868802665688238,-5.23327601405983,3.77472044822851,4.14176335847032
1736.768,371.79,0.490927108227862,0.0099485485146946,0.00685270874154941,0.00102288059731497,0.172629134240958,0.00257671308849632,0.0202211077619491,0.210348004082062,0.0747223145245497,0.00530478885497682,0.00352745990958445,0.00143558039900621,0.000483651056996326,1.04515010032375,-0.837366791290592,-5.12852279871218,3.898868998417,4.20463097069944
1736.397,372.29,0.487515835265435,0.00960752444008892,0.00673207925998518,0.000975213327915482,0.17354136290843,0.00251213041088032,0.0203910414226641,0.212570212969381,0.0753304491239812,0.00573415875899324,0.00311805339771016,0.0014807467074599,0.000491192007075077,1.03290679860223,-0.834531549997487,-5.1815150079589,3.92677618519728,4.23528481148611
1736.047,372.79,0.485521468369491,0.00904849675743658,0.00672752864908414,0.00095789702958239,0.173300903795755,0.00273785239017558,0.0209835658595194,0.214337072020273,0.0758108750588439,0.00521456659257993,0.00308915936924003,0.00173779852310546,0.00053281558491441,1.03019409392925,-0.826787659126439,-5.19804440348364,3.98262486608205,4.14785559805438
1735.697,373.29,0.481426289845774,0.00978271742917361,0.00690700324365842,0.00105094072993238,0.174077868499029,0.00274348422496571,0.0210326125075745,0.219123441842389,0.0735336559744371,0.00523055730903981,0.00331149814245651,0.00135219507483641,0.000427735176733966,1.01725041587048,-0.861759513389965,-5.10981702288692,3.89613583389142,4.15027399168321
1735.347,373.79,0.479840248247328,0.0101884840822894,0.00633835191357315,0.00105390185036203,0.173935179864383,0.00276405010918285,0.0209585105160326,0.219787380760832,0.0748063440983795,0.00522008964486841,0.0031191817032525,0.00155154579933341,0.000436731410182738,1.01477053206182,-0.84378000475976,-5.10618337560865,3.85219516141862,4.14198566532525
1734.968,374.29,0.479474970304923,0.00916025433502037,0.00642980498600789,0.00114171953792041,0.175034476243363,0.00267284493236665,0.0208919698291107,0.218373735151021,0.0770182571438117,0.00492287344655289,0.00301731934390874,0.00138135391116708,0.000480420834826248,1.00770873176332,-0.820940462112748,-5.03244746906409,3.95781774925592,4.18183953873373
1734.568,374.79,0.481717526141871,0.00956387254981643,0.00636972256990324,0.00114367056714449,0.176669817082374,0.00270997675504086,0.0205419489075334,0.214967106408967,0.0757005417631336,0.0052899117806196,0.00334741344677926,0.00143045902408326,0.000548033002733199,1.00307534664929,-0.847497233130543,-5.04003966455609,3.91936517343622,4.17734249288168
1734.168,375.29,0.482497775490985,0.00998491818291247,0.0066345833854549,0.00118365121586824,0.174809825131169,0.00269301303550482,0.0202955469695933,0.216778108471072,0.0749098985340663,0.00510515968080361,0.00321462204588743,0.00138545017689862,0.000507447679783993,1.01527764090098,-0.847412631031699,-4.99509475761416,3.87790053755258,4.17303801515408
1733.768,375.79,0.485319124951731,0.0107210441865318,0.00706821414266424,0.00120641727647103,0.172815077577668,0.00274741747554187,0.0203831753958032,0.21570045354574,0.0734451487874667,0.00535332676159708,0.00337461055267343,0.0014618515507139,0.000404137795398346,1.03258455708455,-0.855683254447362,-4.96456706821266,3.81259810778934,4.14156073641885
1733.368,376.29,0.488043126147303,0.00875243403339357,0.0064266787859083,0.00142393178417466,0.173414718945531,0.00288108864331339,0.0199291119293445,0.212326028167744,0.0761388191096392,0.00553672142079913,0.00328572259198303,0.00130289758251981,0.000538720858346079,1.03471783011154,-0.823127703716518,-4.80226403761899,4.02107193827019,4.09751772121569
1732.968,376.79,0.481263211913203,0.0105601144993244,0.00664420935674167,0.00144183462568796,0.170278903781962,0.00277538452846711,0.0206764970362942,0.213483331214719,0.0824458694086242,0.00542129819258673,0.00297429885641917,0.00143712659425714,0.000597919991713865,1.03897663535013,-0.725295753587266,-4.77152135490405,3.81933021759291,4.11664839678556
1732.568,377.29,0.489101411863935,0.00948575192662245,0.00686061109875512,0.00147664171567537,0.17289590708946,0.0026774005758295,0.0196010515147427,0.21391008649596,0.0737555191762891,0.00519194519289316,0.00291560779909894,0.00158116121159972,0.000546904339139027,1.03988013391482,-0.851933891574819,-4.76291932187097,3.94277897861091,4.16784333084328
1732.168,377.79,0.495288745582431,0.0101978874312481,0.00650408701935129,0.00136766462356659,0.169619904742712,0.00275007495736032,0.0190121357195169,0.210808359834651,0.0736081278354772,0.00569430176604456,0.00291104896067319,0.00175228189865765,0.000485379628309798,1.07158083756901,-0.834804627156233,-4.82045544840847,3.88296033265457,4.12193191081214
1731.768,378.29,0.492575432036647,0.0113926042861469,0.00608559416813123,0.0012900887323507,0.172684696113757,0.00273279424634733,0.0202145696564453,0.209564302934773,0.073599442948747,0.00500773814775689,0.0029462192769303,0.00140812827440497,0.000498389177562472,1.04818024459238,-0.852829908712437,-4.89675636501147,3.7666832123359,4.14614274658326
1731.368,378.79,0.488394599945831,0.0107041457697085,0.00646521532038889,0.00143476880259262,0.172720947391032,0.00273528340477992,0.021182977968302,0.212194017165859,0.0741830340048378,0.00495806599236035,0.00328397448469736,0.00119311124186303,0.000549858507747051,1.03944641423555,-0.845141799515388,-4.79067354826232,3.820492564014,4.14544221932056
1730.968,379.29,0.48029410972429,0.00971503728489596,0.00622020048463923,0.00166075019529626,0.173939573522161,0.00290572724578986,0.0220722836252139,0.21764143021277,0.0752924173519116,0.00507711713442121,0.00321726430640255,0.00142768299581533,0.000536405916393291,1.01569068456161,-0.837328529733533,-4.65143853513265,3.90072372416179,4.09202425853292
1730.568,379.79,0.480500103374607,0.0100066619190921,0.00634260641841446,0.00155406491925295,0.17451586225908,0.00294847350164251,0.0219257540603248,0.21885208242402,0.0732156394293722,0.0051365693413889,0.00308056327674531,0.00146102777331097,0.000460591302749765,1.0128118048406,-0.868606587156032,-4.72114161205546,3.87157638045405,4.0807280593551
1730.226,380.29,0.480566165157966,0.0101725464238434,0.00663485276754088,0.00160336684675659,0.172138314429854,0.00282657697949837,0.0217270743139289,0.219882643386168,0.0748953450928477,0.00501583240903073,0.00288919102651258,0.00122432824072418,0.000423762925328277,1.02666661225434,-0.832206567018275,-4.67619260974298,3.85527235502693,4.1092318756358
1729.926,380.79,0.488699807759998,0.0116792570330057,0.00709934205182357,0.00164622424390112,0.171790810386375,0.0027698805945902,0.0198129044485961,0.210823653643083,0.0741667343568083,0.00573606259984296,0.00371483497143476,0.00161373297592939,0.000446754934611323,1.04547089297044,-0.83996179232159,-4.64779318929689,3.73393404571686,4.12747330531143
1729.539,381.29,0.478614344579922,0.0109268652020779,0.00714517742088126,0.00152060425155322,0.174107268462745,0.00278926650347987,0.0205697214314398,0.217868442793819,0.0756836324664994,0.00543529694625834,0.00316654005622015,0.00174185280960091,0.000430987075503308,1.01122355230131,-0.833109673384315,-4.74056380490443,3.77967069269655,4.13389293539358
1729.089,381.79,0.473368847969851,0.00953852686638824,0.00670966060842942,0.00144881380631495,0.175341454411222,0.00279629508995674,0.0220748075285239,0.221954414840872,0.0759969793257527,0.00549970203412976,0.00315819695664657,0.00163459009788239,0.000477710464030573,0.993139649103056,-0.836041647149014,-4.79599008390704,3.90453583301915,4.13843988208732
1728.639,382.29,0.477069760946316,0.00917552572454802,0.0065968232345382,0.00155334667806768,0.173410085973083,0.00289476198759773,0.0223556967886885,0.220484575561496,0.0756509233102455,0.00560331837971731,0.00331862472467298,0.00132303975734471,0.000563516933683857,1.01200350096869,-0.829529583403345,-4.71524747812637,3.95112303758096,4.09275633593664
1728.189,382.79,0.468156209622254,0.0103509538648628,0.00644737592156267,0.00157473208178156,0.17234646955993,0.00333235159990879,0.0247907482708824,0.22531138367409,0.0770074865090826,0.0056576347191609,0.00325040852777989,0.00127664931215323,0.000497596336550885,0.999295212847675,-0.805604164103447,-4.6954216576191,3.81172334514808,3.9458285677025
1727.855,383.29,0.472297329597592,0.00949792517090086,0.00662266326672193,0.0014854353876415,0.174265822976677,0.00320872699120049,0.0232282918309215,0.221092016542667,0.0780145068972473,0.00529230080416388,0.00325419950306706,0.00122775782039757,0.000513023210802403,0.99702687115061,-0.803687056438414,-4.76487393208317,3.90653535115753,3.99470756916204
1727.605,383.79,0.472863664867463,0.0102935574426687,0.00633296411554759,0.00129519255000557,0.174193434956133,0.00297249620526165,0.0233204986198288,0.219976440388909,0.0786515932040485,0.00515029508119861,0.00315769115811312,0.00133504462846728,0.000457126782354906,0.99864073510249,-0.795138490704586,-4.90150700552762,3.8272889034603,4.07076430392236
1727.297,384.29,0.474536197344027,0.00953659317585922,0.00623760071556943,0.00131865171406999,0.175608724369889,0.00289370792809803,0.023192200576851,0.217012733969106,0.0789418647105879,0.00509146078488135,0.0034017905777845,0.00164831464258749,0.000580159490688499,0.994079537208784,-0.799546671338807,-4.89164857731707,3.90720158814274,4.10571966330616
1726.947,384.79,0.476303123460673,0.0116700989323379,0.00706235645315402,0.00121781138166992,0.174709642193722,0.00285936415052908,0.022785891904403,0.213527676722117,0.0788930498103846,0.00535433444708871,0.00327360993240316,0.00180416500988136,0.000538875601635618,1.00292905706132,-0.795032273099604,-4.96607011024321,3.70902454178938,4.11252613335906
1726.568,385.29,0.466743298708489,0.0104741156221037,0.00633237442977335,0.00117596080933065,0.180866864866817,0.00304642457360889,0.0235469000132401,0.217403497791312,0.079550077635079,0.00516845006680228,0.00351103140308855,0.00173324827577906,0.000447755804576257,0.948018217580376,-0.821374476680417,-5.03567568386979,3.79687239021233,4.08379257536745
1726.168,385.79,0.462731221666691,0.00949423980486762,0.00668216647474114,0.00137749078028658,0.182824852168758,0.00307202308936927,0.0244316332133191,0.219180162189214,0.0797924289025261,0.00536055274550676,0.00351903949778678,0.00106409340699386,0.00047009605993907,0.928617768201086,-0.829099978515884,-4.88826503361681,3.88646109238298,4.08619227123454
1725.797,386.29,0.466644727970477,0.00998994201503626,0.00662614605975656,0.00139797330984408,0.177569827529682,0.00289739247049101,0.0234018257778855,0.222013007337504,0.0783533111554559,0.00572179341418485,0.00355060477809957,0.001317558915915,0.000515889265668126,0.96620428824878,-0.818135697102564,-4.84434037413108,3.84398942599539,4.1155527416798
1725.447,386.79,0.462663486098252,0.00973780168444359,0.00654440839689919,0.00156380705103224,0.178417973355707,0.00305935268317021,0.0227298113750828,0.226933225438921,0.0766104109833864,0.00600452262928092,0.00327530699021752,0.00185795171063116,0.000601941602976694,0.952871015366816,-0.845395981448426,-4.73700569697345,3.8609845855163,4.06592561044219
1725.068,387.29,0.459068587705041,0.0110233998120885,0.00663137033052869,0.0015213653418368,0.179845437203758,0.00300064246429,0.0223698886023864,0.230232463138766,0.0755793010137071,0.00580569849732678,0.00291275235910659,0.00142604790382099,0.000583045627343478,0.937101827638377,-0.866915350228618,-4.77248961692971,3.72917935841036,4.09327137930654
1724.668,387.79,0.454639929225853,0.0103544913473251,0.00678292804912329,0.00160142327101655,0.180756392611549,0.00302883170331322,0.0227046773485006,0.232777094292922,0.0763973817459651,0.00544800302761482,0.00334157165821539,0.00161602591482521,0.000551249803776974,0.922355513759139,-0.861201802314508,-4.72625744933802,3.78208536913287,4.0889732588557
1724.326,388.29,0.460241647091606,0.0105167571478506,0.00666570522770215,0.00159981814137553,0.178153010566866,0.003098196324207,0.0224341190245143,0.231022783659123,0.0753283354802754,0.00575641210533134,0.00303464357909506,0.00168048124094068,0.000468090411112931,0.949108880350098,-0.860786425744095,-4.71275282981981,3.77878176743417,4.05182267970443
1724.026,388.79,0.459939522985701,0.00998831862071005,0.00702731076904878,0.00160310911985489,0.17868567232006,0.00308915800420924,0.0230497764765608,0.231450265418681,0.0743578938029544,0.00557699606184724,0.00330725970614184,0.00148604888435434,0.000438667829875744,0.945466767398766,-0.876738403547097,-4.71368329808659,3.82967873680961,4.0577296784408
1723.697,389.29,0.461677111086095,0.0101617321475477,0.00677949141306115,0.00184872478016686,0.177896606501807,0.00317710483195117,0.0227675835240847,0.231018049457766,0.07411660224899,0.00560746494552641,0.00299948716024366,0.00142094137366005,0.000529100529100529,0.953663233811808,-0.875562960027461,-4.56670642578648,3.81623683840616,4.02523216728205
1723.347,389.79,0.472449031665433,0.0106580592482968,0.00667627771682274,0.00207190426373402,0.171286775024878,0.00290117629047485,0.0217588221785614,0.226836518588451,0.0745911051006609,0.00613150978540992,0.00270342680717512,0.001482483223189,0.000452910106912301,1.0145906728655,-0.831317933233703,-4.41487108019063,3.79161352872063,4.07822292660177
1722.91,390.29,0.476587997490061,0.0105574009754422,0.0066270985075456,0.00169181024959251,0.173217381203988,0.00289122796385586,0.0207802275358531,0.221165051240387,0.0745949440124436,0.00587335916500326,0.00345811065196559,0.0020023963103386,0.000552994693523523,1.01210503626954,-0.84247461418424,-4.62874823520069,3.80982525249867,4.09286603159736
1722.41,390.79,0.480540858174093,0.00952611599020466,0.00680682723419321,0.00164239140055664,0.17239946499346,0.0028385342394351,0.020419252367699,0.221109400969699,0.0743858242936242,0.00513124379185885,0.00325159075933557,0.00146290850798084,0.000485587277859187,1.02509800247708,-0.840548864941232,-4.65366090413043,3.92087517894015,4.10652644887253
1721.939,391.29,0.489622664639827,0.00984896778306282,0.00646177609964203,0.00199578286666994,0.169706516942088,0.00273010346687589,0.021086892561173,0.214446133477174,0.0733756681214142,0.00562938263129505,0.00314691315647526,0.00140121610356495,0.000547982150737998,1.05956444805739,-0.838478190546043,-4.44303418648745,3.9062683661881,4.12973106579256
1721.489,391.79,0.483116921599155,0.0100857704089003,0.00646457263569615,0.00165935554285249,0.170569156481919,0.00295202314208355,0.0218617623491733,0.216812580483065,0.0756364875492776,0.00541142510738277,0.00307795637524646,0.0018717135438723,0.000480274781376203,1.04111787371096,-0.813202018057562,-4.63271152455929,3.86913313801147,4.05665007818406
1721.068,392.29,0.47828608872925,0.00956217842927871,0.00665105329579652,0.00133482186195515,0.171038006018833,0.00307009028249685,0.0220682458013785,0.22112173575381,0.0761989127269197,0.00512086205222794,0.00333705465488788,0.00170129113678284,0.000509659256382875,1.02832327621325,-0.808538595312008,-4.85308794301619,3.91239349516398,4.02017882008109
1720.668,392.79,0.482413770057537,0.0108379053278166,0.00705757978965788,0.00114345430132026,0.172485403034225,0.00275352544823773,0.0213975417555244,0.215399571052743,0.0753440387875253,0.00563950203233509,0.00344737497645651,0.0015237956364034,0.000556537800217511,1.02848957710149,-0.828247804492653,-5.01625884298246,3.79575244800312,4.13743054097989
1720.297,393.29,0.488885288478171,0.0100877823446145,0.00659037585851523,0.00112682027155759,0.176633036664904,0.00258985934846643,0.0207676021508258,0.207951331109741,0.074823302399579,0.00549522837296898,0.00318555136229525,0.00140578442527293,0.000458037213087195,1.01805353680951,-0.858944975385679,-5.05467459402108,3.88080285530932,4.22247077263161
1719.947,393.79,0.497425913854169,0.00956881692907677,0.0070710140121574,0.00122809694148383,0.173802195696113,0.00272223952429526,0.0192233736856904,0.204017919623955,0.0738926007789716,0.00537639153848773,0.00349011533267684,0.00167066575715203,0.000510656325770997,1.0515287824175,-0.855305148051665,-4.95245207703033,3.95093705368645,4.15646295015806
1719.597,394.29,0.489918360361993,0.0109976947623793,0.00631046215484352,0.00119162665217085,0.174393994302338,0.00271041584876031,0.0204615005184268,0.206711362103504,0.0759507846867796,0.00552778868319592,0.00355348855937749,0.00173899475533275,0.000533526610898036,1.03292169117516,-0.831231513930553,-4.98599776622593,3.79655308193759,4.16421500169568
1719.247,394.79,0.502808303763662,0.010711589094366,0.00703803826908858,0.00117626654043318,0.171262843409191,0.00266029239743204,0.0190119621873341,0.198242642139814,0.0754831886473326,0.00586307579355609,0.00352488742659745,0.00174353477223854,0.000473375558954818,1.0770095192828,-0.819289507801726,-4.98085399851658,3.84888274334551,4.16476343174094
1718.897,395.29,0.49707988655619,0.0102848537634381,0.00687794785227676,0.0011506003773764,0.173684217277477,0.002774524655814,0.0198052060498234,0.202750666052671,0.074554286659834,0.00538357835434643,0.00337868605798154,0.00174834817654853,0.000527198166222632,1.05151194355889,-0.845711267133535,-5.01695493372918,3.87807844614441,4.13675936983492
1718.547,395.79,0.486666666666667,0.0101695533272562,0.00675174718930416,0.00123974475843209,0.171924642965664,0.00284412032816773,0.0212397447584321,0.211923427529626,0.0759440899422668,0.00558492859313279,0.00348100881191127,0.00168094804010939,0.00054937708903069,1.04052316751708,-0.817058847614854,-4.93215074006232,3.86818113756212,4.10180243798889
1718.139,396.29,0.485261526304592,0.0107054068018114,0.00640306355043613,0.00117800808436921,0.172034161018752,0.00278272497948515,0.0206680241923229,0.214080175060025,0.076028325684588,0.00547913564112695,0.00330182658116281,0.00151718688265508,0.000560435218673069,1.03699490743238,-0.816587090442403,-4.98386811966908,3.81393905267653,4.12426241160728
1717.689,396.79,0.47993420698997,0.0102989711779314,0.00698901419184372,0.00128289202564351,0.171715217082293,0.00274973691157482,0.0214448422126423,0.219031715145412,0.075544900623648,0.00544572136397462,0.00314392161219154,0.00192314353937248,0.000495717123502845,1.02781163577099,-0.821110200233356,-4.89672046559458,3.8416050211273,4.13433215138156
1717.239,397.29,0.46992354163881,0.00999914911203763,0.00661869279297896,0.00138816293288925,0.172766722987346,0.00312397437611679,0.0229739749838939,0.226661966523636,0.075784944145283,0.00585046251838526,0.00278726585386607,0.00155955607959449,0.000561586055161851,1.00062774158623,-0.824042615652356,-4.8239610205171,3.85007000352892,4.01283623284379
1716.789,397.79,0.478019258179503,0.0108156244480872,0.00736547009907689,0.00110942237898963,0.171668188183905,0.00274868100624112,0.0204161080169448,0.221423045638055,0.0757989209250493,0.00555084313613309,0.00321632990142061,0.00144399033857283,0.00042411774802182,1.02408754559477,-0.81747941843386,-5.04172397457224,3.78865922394597,4.13444231264045
1716.397,398.29,0.475095668854311,0.00947803267833843,0.00670290560673041,0.00137660908683713,0.170846803248359,0.00303316520282771,0.0214244678572124,0.225735895538375,0.0760311787960817,0.00552712808428596,0.00290536329821418,0.00132792264698436,0.000514859101443066,1.02274892434992,-0.809623764044396,-4.82114397563108,3.91453942052014,4.03116057183986
1716.047,398.79,0.475161325604287,0.0112265606961002,0.00654538383948862,0.00125050129425061,0.171957903435537,0.00292391264719822,0.0211831759573201,0.225065927789323,0.0741259251157534,0.00589157461081337,0.00263711157290945,0.00158591272011375,0.000444784716905465,1.0164046798335,-0.841484361667745,-4.9237051930686,3.7453719177456,4.07432703236802
1715.668,399.29,0.4774829015692,0.00998181878757014,0.00678344843341726,0.00109349045962295,0.172767923010656,0.00287829534475291,0.0213105703284517,0.222308157272247,0.0752854497946285,0.00549005982665975,0.00281285249896481,0.00132908470446011,0.000475947969367989,1.01657914263454,-0.830662322097522,-5.06257437194109,3.86776303408502,4.09475098368675
1715.268,399.79,0.483538799351311,0.0103845252275913,0.00656701923582906,0.00113377057650081,0.173039940297651,0.00267416773107153,0.019995263996326,0.218667030238666,0.0736400732884609,0.00536268698842789,0.00306883470390409,0.00142917282586336,0.000498715538397509,1.02760912189814,-0.854333085033602,-5.02797356527816,3.84081481937067,4.16988423325819
1714.839,400.29,0.495703018696129,0.0105078296874483,0.00701581706228397,0.000986817843090876,0.171579137449991,0.00240600432877312,0.0171739368182246,0.209888270856064,0.0736425532131349,0.00571235277211884,0.00328218666625973,0.00155144042341607,0.000550634183064883,1.06093239174114,-0.845821575714621,-5.15831441575124,3.85385633097442,4.26707718632263
1714.389,400.79,0.489204619209762,0.00909163529611471,0.00687739023635256,0.000944861054250252,0.174173964272519,0.00257995746253008,0.0178862072753053,0.213531109269374,0.0746877090676705,0.0056005172396577,0.00333759373720631,0.00156894365283034,0.000515492226427152,1.03272625172089,-0.846739053068048,-5.21677198926052,3.98542605357136,4.2122816830162
1713.997,401.29,0.483071214381874,0.010430892451849,0.00630227596362735,0.00104612677938754,0.172420161451018,0.00276658615176007,0.0201109064488066,0.218572456125856,0.0738679717533619,0.00557934282340019,0.00348344422358196,0.00178728512483051,0.000561336320646971,1.03022978740498,-0.847654962973414,-5.10483973486204,3.83539225336317,4.13232017322603
1713.647,401.79,0.486508397627316,0.00912542577745458,0.0067608484963131,0.000933547394113001,0.172637480208181,0.00260042083333845,0.019525880758974,0.216344695178351,0.0747439807689237,0.00540474807118053,0.00347623569123657,0.00146910879389362,0.000469230400725219,1.03606025702685,-0.837125221562196,-5.21995745270872,3.97618960386413,4.19552061485423
1713.268,402.29,0.483144513876058,0.00962471444600383,0.00629167069429846,0.00105840045713111,0.175892696547412,0.00254627901883219,0.0205464282961221,0.214500453337999,0.0754547757108719,0.00551224746748631,0.00355695968656663,0.00138020313947271,0.000490657321745174,1.01044167907193,-0.846340650823141,-5.11311536467441,3.91598159768647,4.23524104521266
1712.868,402.79,0.485783670397825,0.00925942756597388,0.00683823449218565,0.00109426293575113,0.17368243108143,0.00274595771031237,0.0198579033534372,0.213464887247293,0.0763051478830314,0.00555614126292242,0.00320402126481284,0.00164805934952552,0.00055985545550058,1.02853487921887,-0.822488117954297,-5.0671475043596,3.96012117334789,4.14709861618863
1712.497,403.29,0.480375774468953,0.0106410967475859,0.00610568331034221,0.000967049219961034,0.176542182781783,0.00288811145716304,0.0214386279278126,0.215407843527644,0.075280515380349,0.00534010267787306,0.00294262648671966,0.00154182724898199,0.000528558764831643,1.00100881735199,-0.85233850231655,-5.20706572892388,3.80984510471917,4.11295703026278
1712.147,403.79,0.48065062682572,0.0108789798034688,0.00646640199900809,0.00103699731140056,0.176977710490284,0.00284640337534319,0.0214542166873512,0.213713992819328,0.076025903575861,0.00506277749170046,0.00276334867076878,0.00163380468855672,0.000488836261209419,0.999116863421268,-0.844949676471383,-5.13969445863722,3.78830818966412,4.12996757145306
1711.797,404.29,0.481928887495629,0.0104691399703396,0.00643726111961803,0.000907896164651129,0.176713005944128,0.00273333413713693,0.0206886989233051,0.211063552731526,0.0776691303246965,0.00552454213337513,0.00334944959548584,0.00198700249581017,0.000528098964299063,1.00326958556897,-0.822069095967622,-5.27115224431205,3.82936468762027,4.16900482160441
1711.447,404.79,0.481942423198441,0.0119611446702655,0.00646853211155398,0.000935460576405551,0.175807738943972,0.00267642259278285,0.0202515567510706,0.211086740367392,0.0778075158065865,0.00562992787267928,0.00316928648756009,0.00170540715829636,0.000557843462994136,1.00843364739133,-0.815152974862705,-5.23610728147137,3.69616120081134,4.18490995620588
1711.097,405.29,0.485309333697753,0.0107129609745622,0.00642411611971185,0.000907795326318255,0.17329739570115,0.00283197977471058,0.0213026862932667,0.211594400952697,0.077517667844523,0.00512099057064209,0.0030967534115534,0.00140805887980009,0.000475860453311989,1.02977732014961,-0.804503286352661,-5.25174550625126,3.8133321746048,4.11403313480992
1710.747,405.79,0.496033998889297,0.010786681954293,0.00654176824403801,0.000994437827227559,0.170314793994288,0.00286704836257896,0.0208225880862885,0.202343360581425,0.07787041881417,0.00557577826510179,0.00366111438879798,0.00159679009322236,0.000591220499272106,1.06899601643241,-0.782602306140286,-5.14322615334729,3.82833224973168,4.08436539862655
1710.397,406.29,0.491642696670038,0.0093098457644259,0.00667203594591158,0.00110453744466716,0.170428189927151,0.00267898774956551,0.0212623458098427,0.208866577447816,0.0777136559341638,0.00503824097567474,0.0030701780945518,0.00170403967614768,0.000508668560044085,1.05943819182452,-0.785283040577872,-5.03888738933711,3.96667970188683,4.15287501676921
1710.047,406.79,0.501944791703572,0.0118420986035965,0.00633670582399951,0.000943926226977563,0.164908720056281,0.00278749259789755,0.0202969445133339,0.204744684404719,0.0760050410215661,0.00528143173110503,0.00288618729723301,0.00151964530643439,0.000502330713284307,1.11309802791537,-0.774592441724594,-5.163099374321,3.74682927628288,4.08024962772242
1709.668,407.29,0.508487695107493,0.0116542195574417,0.00632675612475804,0.00103579078788062,0.162392613792253,0.0025473153762702,0.0197278500607882,0.201115834887649,0.076184111497907,0.00523055469554295,0.00315645600972611,0.00163863864619753,0.000502163456092791,1.14142407166536,-0.756864014693358,-5.05485176387442,3.77577270857662,4.15497693414413
1709.268,407.79,0.505315264873066,0.011689712382245,0.00610868426552586,0.00107466399011258,0.16303671919146,0.00253765194303894,0.0192084899745332,0.202377419929147,0.0784607921808841,0.00508562478874402,0.0030575674148461,0.00152362325608998,0.000523785810306969,1.13120707481644,-0.731376409198847,-5.02196740116715,3.76647334992838,4.16273622494494
1708.868,408.29,0.507223052860539,0.0109976804844335,0.00646760226149486,0.00120898349560316,0.163278406189575,0.0024862266456812,0.0189026735468898,0.197662894445633,0.0810110830050525,0.00524549190926192,0.00301261359653556,0.00190864495397068,0.000594646605329241,1.13349409606999,-0.700870784708288,-4.90567683698357,3.83126646780189,4.18469059949285
1708.468,408.79,0.50231672676726,0.0134559016096215,0.00634707588791072,0.00111807248332964,0.163501732508713,0.00266045851044542,0.0200233183585487,0.203905950965974,0.0757620016519269,0.00550348516287596,0.00287450391829005,0.00200950865247084,0.000521263522633413,1.12240726388972,-0.769226717175972,-4.98521738100152,3.61981305935851,4.11832510637763
1708.097,409.29,0.521075297386047,0.0125351620387985,0.00667707931627327,0.00127686083119771,0.158648023638692,0.00241958678719889,0.0184448350979378,0.192874342706868,0.0752316083674367,0.00548663229890409,0.00306575575328985,0.00171924796766318,0.000545567809693566,1.18920649545957,-0.746116593904947,-4.82228347052399,3.72735689760873,4.18309128408646
1707.747,409.79,0.510021482429383,0.0108816816863256,0.00624627085902655,0.00122296493608752,0.163443013571174,0.00266242946043921,0.018915362836557,0.199164156946737,0.0761421319796954,0.0052475376393555,0.00353100518954668,0.00186215419667699,0.000659808268995584,1.13798845850807,-0.763862637387379,-4.89518620285057,3.84737205100035,4.11722535178091
1707.397,410.29,0.497071583374764,0.00964148575231209,0.00693596023673991,0.0013823102824101,0.167784976239936,0.00266955461602992,0.0196169870003738,0.207495564659619,0.0763854898529946,0.00554465722944424,0.00344421363117238,0.00155702608018684,0.000470191044016819,1.0860507903666,-0.786890501549089,-4.7989270392091,3.94265882622986,4.14077160827165
1707.047,410.79,0.490442426248958,0.00999019073301194,0.00629171553864199,0.001360005021557,0.171498479379001,0.0026818560560839,0.0203557674674491,0.211487550107877,0.0749701229666079,0.00533786586288934,0.00333785847824669,0.00177600655756267,0.000470155582112919,1.05073349446622,-0.827484726247457,-4.83708600790947,3.89370420956636,4.1580652869167
1706.639,411.29,0.484778582171476,0.00947983615515932,0.00678374705606415,0.00139156885787379,0.172304273603474,0.0028206169812507,0.0208251725255222,0.21316150903613,0.0770779230200067,0.00566057809953526,0.00340456811796055,0.00176877953003419,0.000542844845512886,1.0344303085934,-0.804445049084016,-4.8188301610991,3.93452522218347,4.11230629779956
1706.189,411.79,0.486657998289973,0.00919598155910907,0.00659302216062755,0.00135407709310106,0.173997071670677,0.00281090258351059,0.0209386555372212,0.211925908619979,0.0753683958161831,0.00566584019443911,0.0032879487138714,0.00169412536038389,0.000510072400924246,1.02852314454867,-0.836650436081094,-4.85591835942715,3.96879501256033,4.12553283372708
1705.826,412.29,0.489483854811038,0.0110574952374901,0.00670551429500525,0.00147890105317191,0.171779278689995,0.00268120898603703,0.0206871719350181,0.20965758519255,0.0755173973334928,0.00571625781967374,0.00356207086016723,0.00118611103843274,0.000487152747927732,1.04714108910965,-0.821847331326938,-4.75491110897332,3.79024297834903,4.15994258230132
1705.526,412.79,0.488935407063149,0.0102166590062044,0.00687734766754163,0.00172634715427033,0.171684980657841,0.00271753376191283,0.0213891486401968,0.212483343066388,0.0727004287826936,0.00563501168576093,0.00361484414718329,0.00159101909344829,0.000427929273410231,1.04656909910548,-0.859314007253227,-4.59965358505827,3.86821076494129,4.14593652592607
1705.197,413.29,0.487279371079926,0.00903373228810402,0.00632905908318386,0.00178991187840482,0.174387673126936,0.00267991647077901,0.0206557811306648,0.210989266717913,0.0752579961156684,0.00575841636123046,0.00355135351254733,0.00179238755181894,0.000495134682822911,1.02755678848726,-0.84035866870816,-4.57911443866582,3.9878720128754,4.17549520094794
1704.847,413.79,0.482062864992753,0.010067126365047,0.00682477788084491,0.0016175174580963,0.174674820482379,0.00274015014755123,0.0212008147314763,0.211555925026176,0.0783746326455735,0.00547664351109773,0.00357999154063967,0.00137251292977878,0.00045222228858608,1.01514845412775,-0.801425764910095,-4.68203353612079,3.86879923077003,4.15491335943941
1704.497,414.29,0.485975357342879,0.0100652592105584,0.00661114763678866,0.00169722648355127,0.175716512041298,0.00286239559743833,0.0211995032507853,0.20984610514525,0.0751284486327221,0.00549833199405849,0.0033932354445175,0.00147807241824336,0.000528404801909075,1.01728594817453,-0.849672672321997,-4.63987653089962,3.87706810514194,4.11721307368002
1704.147,414.79,0.491157131736962,0.0113858499090183,0.00697317604891736,0.00171576173062916,0.171924080984955,0.0024766538766704,0.0196755696053623,0.210213975886727,0.0732033309054867,0.00584184956861921,0.00298224668423727,0.00190097889775762,0.000549394164658062,1.04971111075197,-0.853812065644726,-4.60719584993974,3.76439275212407,4.24014458389949
1703.768,415.29,0.492027387662157,0.0120580931675099,0.00708776828677706,0.0014515563981824,0.17413267251239,0.00256694933591617,0.0191149498717169,0.207308528505631,0.0733428815777272,0.00593115990561663,0.0031890449351372,0.00142064481561241,0.000368363025625702,1.03871688654963,-0.864672041832203,-4.7871811355424,3.70879831427179,4.21709932936938
1703.368,415.79,0.491233131739819,0.0131339716825528,0.00727941296549321,0.00187394871069063,0.175046134249305,0.00248771114244188,0.0192620697538962,0.204045388480319,0.0733793133481761,0.00658535788745965,0.00354376357490079,0.0015963266794772,0.000533469785468936,1.03186926170614,-0.869407502058327,-4.53700174891586,3.62171669344352,4.25368649563042
1702.997,416.29,0.491727121879609,0.011228591935114,0.00681096320858778,0.00192253682600974,0.176303546449548,0.00254257869579552,0.019101902592372,0.204815975100638,0.0742679910507742,0.00573640486970302,0.00370397003176188,0.00137711706309096,0.000461300296995985,1.02571672710762,-0.864527153148263,-4.51856162770855,3.77946055564141,4.23902840460086
1702.647,416.79,0.48385022279499,0.00993236081350038,0.00729008594065748,0.00180472838837755,0.175532712608443,0.00275665906647247,0.0201786426917397,0.21394038295828,0.0734854897295703,0.00567218506854155,0.00350524006700372,0.00160264964629865,0.000448640226124841,1.01394997962425,-0.870737454081666,-4.5774153190567,3.88597720642068,4.15380595882513
1702.297,417.29,0.477618483082322,0.00954960867917263,0.00662393602270787,0.0018019043513326,0.175281214541659,0.00286149192352079,0.0214799592633989,0.217893588344779,0.0748916496022611,0.00601119166667676,0.00382178100322962,0.00171471543110683,0.000450476087833149,1.00242063683607,-0.850349227392842,-4.57754754580891,3.91231208360045,4.11504848401504
1701.947,417.79,0.463558717668907,0.0106685428751938,0.00664929259280531,0.00229620163498172,0.17603454712538,0.00306918040319338,0.0236440564394157,0.226683801428216,0.0767151513411062,0.00545871383990964,0.0030524285413436,0.00164168246127927,0.000527683648268336,0.96825279393377,-0.830581037094863,-4.33942397154546,3.77163356698117,4.04926970994829
1701.597,418.29,0.465237077812563,0.0102724651443437,0.00675351524053989,0.00216132270971507,0.179627184197121,0.00308495432536562,0.0226951249066477,0.222979756764643,0.0753594373636809,0.00562463215474477,0.00396283711935744,0.00174587395086824,0.000495818310409464,0.951663616332335,-0.868614339827186,-4.42016310420095,3.81308009175276,4.06434665223081
1701.247,418.79,0.473264722784775,0.0113769539827495,0.00671550211929803,0.00240538444743915,0.177051101558167,0.00276299246388159,0.0213272401946391,0.217572481498491,0.0756824039289201,0.00585724287983618,0.00357984445933432,0.00187461886514037,0.000529510817328806,0.983216499284034,-0.849892711645851,-4.29872865608589,3.72806517076951,4.16012408184891
1700.868,419.29,0.475075887107101,0.00963621892645792,0.00676016661268576,0.00276557976745529,0.178912799499861,0.00277813346590039,0.020944590485803,0.217101150169852,0.0749857515522648,0.00557509747946843,0.0035413983313624,0.00148886863558873,0.000434357966200422,0.976576020093927,-0.869600417325989,-4.16964823970081,3.89794574946949,4.1651192464521
1700.468,419.79,0.473246086408978,0.0107579687982437,0.00664562886101677,0.00255030717951585,0.178213958373346,0.00278005363181733,0.0214600204705305,0.217667137505075,0.0752474332823596,0.00560508408233918,0.00339149524825988,0.00195466822910462,0.000480157929413138,0.976630678663427,-0.862203047943119,-4.24677102731531,3.783968756933,4.16051462224877
1700.097,420.29,0.470474013156677,0.00889908811813111,0.00641539200304166,0.00234296979445316,0.182883729198119,0.00277625872904381,0.0219928081443506,0.217599924945962,0.0760057919990915,0.00552412530567855,0.00329966188649805,0.00139738767509008,0.000388849043863407,0.944890133760059,-0.878041043445055,-4.35743132372468,3.96779191225004,4.18774635093524
1699.747,420.79,0.470004338542835,0.00970688024646823,0.00703428911269487,0.00224970507658259,0.179133071395841,0.00288098743285008,0.0226079517203054,0.220046992756096,0.0755796098236309,0.00559867016349969,0.00336602677222163,0.00130278154218136,0.000488695414793944,0.964612980340237,-0.862942409784251,-4.37732981471289,3.87990698777177,4.1299958512497
1699.368,421.29,0.478453856339407,0.00968364628368138,0.00645617324780734,0.00215614833613334,0.176629904562518,0.00268628839373698,0.021394587417273,0.215397623450844,0.0759671067729074,0.00584503957029203,0.00339682333205298,0.00143947751752101,0.000493324775825613,0.996503163417624,-0.843756167863594,-4.40573315661679,3.90012125970048,4.18589614728103
1698.968,421.79,0.474311844452457,0.00953084534556826,0.00587356459978462,0.00223277932128222,0.181739989018732,0.00268169168086455,0.0208090319752851,0.215542736220983,0.0772412037920723,0.00504289999740786,0.00308700887691789,0.00137148027966887,0.000534924438977375,0.959287971218434,-0.855643991318991,-4.39932989198618,3.90733158770319,4.21612921425649
1698.597,422.29,0.472634627889106,0.00796122243896672,0.00664420405509251,0.0021043920316841,0.18003192055329,0.00268960217532659,0.0210852988118461,0.219934976650706,0.0763184961872672,0.00537802210793876,0.00347579358042206,0.00128628007329905,0.00045516344505527,0.965188461524177,-0.85821884867447,-4.4491075672103,4.08374007229959,4.20374087911138
1698.247,422.79,0.477031266469048,0.0102595137063929,0.00657281554547855,0.00189131286957284,0.179272063639066,0.00259951894095954,0.019840428618631,0.215683093178839,0.0754357895135761,0.0056988087215933,0.00371156827378915,0.00153720983387949,0.000466610689174514,0.978677476346421,-0.865622736165561,-4.55163333264038,3.83937659531167,4.23357815534612
1697.897,423.29,0.468880671228064,0.0101303511561296,0.00663963175351781,0.00210562671573444,0.177588414289202,0.00283330653661325,0.0212801686406917,0.223679963794654,0.0763861347815472,0.0057261613400742,0.00295478500098255,0.00135770048412741,0.00043708427866207,0.970879710151246,-0.84366739578637,-4.43485544355993,3.83481232109519,4.13802417645456
1697.547,423.79,0.474256176885218,0.0104728810624985,0.00655528899661168,0.00192540746420003,0.180522098286053,0.00258946899809561,0.020439987139218,0.216831548487621,0.07528751267529,0.00574036059654243,0.00336111592016422,0.00160141468602379,0.000416738802463334,0.965894434807438,-0.874538911728482,-4.54071558340162,3.81295847312146,4.24440036380514
1697.226,424.29,0.467199333859878,0.01113458112154,0.00674099516925959,0.00196168469775729,0.180547239008382,0.00265476431007353,0.0203184982458718,0.222991630390194,0.0760048735986873,0.00515034072332531,0.00334417035554004,0.00150738693067367,0.000444501588817663,0.950763550209254,-0.865194990961284,-4.5221888117683,3.73670032387995,4.21963657683707
1696.926,424.79,0.472148079038777,0.010729229873487,0.00675881855711324,0.00214888574779003,0.180430408487046,0.00268084603900029,0.0203325745592037,0.21956281048067,0.0748333678230665,0.00548912871919161,0.0030421113796244,0.00142518592304464,0.000418553371985217,0.961947508278904,-0.88008127548037,-4.43039570392554,3.78432088230106,4.20921272398327
1696.597,425.29,0.47983072580918,0.0112102731278972,0.00656421696685572,0.00176648142335932,0.176175602721361,0.00263572096127392,0.019860664985748,0.217578240309146,0.0737780183905417,0.00551646246343652,0.0030954261665603,0.00150629294422516,0.0004818737304144,1.00195214678177,-0.870420406906231,-4.60249156866865,3.756602785688,4.20232448619804
1696.247,425.79,0.476211310839718,0.00936932527235807,0.00617040950970353,0.00155385803555864,0.17881142558971,0.0026505631869559,0.0196414120482874,0.218910429204219,0.0762972001694698,0.00512219027026278,0.00341825679293399,0.00141994456444066,0.000423674516381889,0.9795299238528,-0.85169551961572,-4.74559086864321,3.92842060175497,4.21155962140842
1695.868,426.29,0.479909613993707,0.00886699620857884,0.00661655971142816,0.00134749780023863,0.1779871837987,0.00241628238025697,0.0195087737078993,0.218887773012268,0.0739039199517204,0.00528173069392682,0.00325011862587472,0.0015951149173765,0.000428435198024591,0.991886235421721,-0.878945676019978,-4.88346215524527,3.99126168918074,4.29948139408082
1695.468,426.79,0.482493229425745,0.00856800051585328,0.0063042336815343,0.0012378175721734,0.179444398386116,0.0023950330698797,0.0188159785552424,0.215662364818807,0.0740548831039629,0.00562947917242396,0.00337492400375836,0.00157980065955526,0.000439857034949059,0.989101486753632,-0.885058919773982,-4.97651559513179,4.03093249504993,4.31646836299819
1695.097,427.29,0.48124933383303,0.00923866140838872,0.00660035368451937,0.00112202574355695,0.180050175982689,0.00248931554137456,0.0196898899635428,0.214839850595224,0.0741706006333314,0.00516888263885785,0.00348985535151267,0.00142115620225803,0.00046989842171435,0.98314993385347,-0.886867713725852,-5.07809981632057,3.95298849542095,4.28122777779725
1694.747,427.79,0.483492779190556,0.0103303555509679,0.00666247525031201,0.00128792215226102,0.178621196055064,0.00240928242326424,0.0191522704026575,0.212387512081601,0.0744437771542785,0.00569946606360318,0.0033535240740567,0.00177118620210759,0.000388253399269943,0.995769040005552,-0.875223168910969,-4.93223715525593,3.8459496785255,4.30593838683691
1694.397,428.29,0.481634817031504,0.00932279271424869,0.0065729635476802,0.00131129385706544,0.177974268950729,0.00261434058295436,0.0195527698579137,0.215098140861,0.0748674568203775,0.00549612384834704,0.00337189848959683,0.00165531704328566,0.000527816395296779,0.995547202495904,-0.865919675659941,-4.91062465645612,3.94472395461838,4.22062708479907
1694.047,428.79,0.476247374474601,0.00777837625513639,0.0067599193702032,0.00160295234891909,0.179084941185879,0.00275312652151108,0.0201962587586116,0.218881202767004,0.0756645254767107,0.00546744348505126,0.00358106375822351,0.00145006621145799,0.000532749386691379,0.978077188460641,-0.861550794302559,-4.71601307805423,4.11458980466966,4.17512304225985
1693.668,429.29,0.470188696087252,0.00911298979824341,0.00665709836015513,0.00197082058015884,0.182804766613971,0.00271663170554672,0.0209989875760786,0.219115785121831,0.075254104310201,0.00571162126419097,0.00326277686035832,0.00164195898156261,0.000563762740450681,0.944715360920009,-0.887548289778995,-4.5299687400752,3.94343324912841,4.20902596487091
1693.268,429.79,0.475503421263009,0.00869308831760635,0.00639786370321008,0.00191288693711564,0.181527696709139,0.00262362750961537,0.0200277824055153,0.217092292000513,0.0755338644511057,0.00553251008880062,0.00328882315504092,0.00136754636293794,0.000498597096391044,0.962965836033456,-0.876827149542184,-4.55279465469622,4.00184581337602,4.23685033518311
1692.897,430.29,0.474679720111715,0.010197303222319,0.00647707138352503,0.00198564521457101,0.178995165019971,0.00258386137721854,0.0204474608847113,0.217264182107571,0.0759902699780774,0.00575993273071263,0.00349800294303132,0.00171176311600949,0.000409621910567885,0.975281508746709,-0.856753488928351,-4.50141488796697,3.84051700779673,4.23807385652026
1692.547,430.79,0.473558038586753,0.0102997243803359,0.00652315877421275,0.00216918437707075,0.178257257824429,0.00287744048247846,0.0214889704117009,0.21715732408839,0.076531273708573,0.00546557635240903,0.00341403451488058,0.00172502376859472,0.00053299273017123,0.97704670311439,-0.845528311631252,-4.40887654177599,3.8281573430006,4.12632659793384
1692.168,431.29,0.480421804399487,0.00967443595190754,0.00634168222791751,0.00222771591078048,0.178582678752781,0.00290182677744765,0.0206025921137849,0.212620867448383,0.0750833503436075,0.00557054979726273,0.00341339502392779,0.00199839221408249,0.000560709038629703,0.989612796912618,-0.866452845899886,-4.38407487496336,3.90517753951283,4.11971121834027
1691.768,431.79,0.477397609437504,0.00910524832222815,0.00683223481009242,0.00183880195994938,0.175026838352155,0.00283317040404464,0.021940877659096,0.218642309237791,0.0753548959751468,0.00547442409994063,0.00358164556582443,0.00142977947570754,0.000542164700519974,1.00341038225283,-0.842730424770239,-4.55582507334269,3.95949872045056,4.12354295545719
1691.397,432.29,0.481807928127187,0.0107885066132971,0.006126413552488,0.00154872994358023,0.176054873483688,0.00240750436727164,0.0195940027696087,0.215485097450101,0.0751537720015071,0.00601142096583986,0.00315740283126428,0.00143863065849159,0.000425717235676083,1.00674981766811,-0.851259419694974,-4.73336052379372,3.79906418027777,4.29220504888565
1691.047,432.79,0.497664265782171,0.0101260303097154,0.00654728039518481,0.00151329259183286,0.171346520781649,0.00216866568360703,0.0168500550229574,0.207253999646511,0.0753679055540289,0.00574354528460351,0.00343683841828026,0.0014694290384464,0.000512171491012487,1.06623774120939,-0.821306414753085,-4.72940014204134,3.89481631777739,4.3695758572862
1690.639,433.29,0.499915923157503,0.0106385231373243,0.00671244598841359,0.00156569764472739,0.171768366430546,0.00226197845889016,0.0171242730467081,0.204047646035247,0.0748881777994786,0.00567238430715077,0.00340044118544611,0.00155075065050564,0.000453392158059482,1.06829306820804,-0.830150824117918,-4.69781535834921,3.84995825920135,4.32990700777822
1690.189,433.79,0.509012602647696,0.00972101421022008,0.0062479380484791,0.00166875611087451,0.169642075207995,0.0022386045311947,0.0168051298354638,0.200674220657305,0.0735752289890889,0.00543455440852733,0.0029488156150464,0.00159797493866631,0.000433084799443348,1.09878199832358,-0.835382371105956,-4.62161227243563,3.95818282022193,4.32783808295178
1689.768,434.29,0.512373982986738,0.0105255157360201,0.00640105267033154,0.00139659330989052,0.166649446766162,0.00243216249885695,0.017928885373654,0.196475502019479,0.0756036762706208,0.00542842518665778,0.00323496613617497,0.00115195196479065,0.000397839080623574,1.12316230890905,-0.790387575091784,-4.78185656387809,3.88525241450732,4.22711170617726
1689.368,434.79,0.509950234270454,0.00972720274206491,0.00626701124940748,0.00132421330432565,0.1679235240612,0.00252147915907214,0.0186111949016041,0.199248098408731,0.0743376313003495,0.0049323160455753,0.00330995093306375,0.00127995639529805,0.000567187228853641,1.11080447925477,-0.81489136053596,-4.84269011131574,3.95938677419863,4.19866296462969
1688.997,435.29,0.511929522190262,0.0105041282854514,0.0060043553702647,0.00120646085407181,0.169306285008909,0.00243854153323008,0.0176893246847015,0.195793690535804,0.0747539914522947,0.00495277800421563,0.00355183938698746,0.00143703927985001,0.000432043413958147,1.10647755164031,-0.817506803751827,-4.94401825225401,3.88641861365708,4.24030928364295
1688.647,435.79,0.505712410025008,0.00811778927450111,0.00593416598111505,0.00134925919468067,0.172557729687096,0.00235447484795967,0.0184074996811161,0.198791634827036,0.0760839419432375,0.00546139866571957,0.00305426409203516,0.00155287680081634,0.000622554979679197,1.07523630273918,-0.818894615307436,-4.85117614818247,4.1319102878054,4.2944141372319
1688.268,436.29,0.499602444585225,0.00913265001422768,0.00635268961753881,0.00135133710942669,0.171698270077719,0.00260665199790625,0.0189070095050289,0.20686348099287,0.0735565342535853,0.00536553434609453,0.00285607557182989,0.00120144876453361,0.00050587316401415,1.0680739787325,-0.847684408517258,-4.84464413888773,4.00195676535778,4.18767205412029
1687.868,436.79,0.487541826316113,0.00996514522050497,0.00602670612461542,0.00142856976937309,0.172110136922024,0.00266085637531199,0.0205644360459512,0.214388833462447,0.0747095531828651,0.00565272281913726,0.00301277234288927,0.00151567768213974,0.000422763736627484,1.04124148149794,-0.83452663154837,-4.79146082033185,3.89028255771425,4.16948658624482
1687.526,437.29,0.493008508990805,0.0087837895603342,0.00667577777207825,0.00158894747191251,0.169964862399103,0.00251959925792123,0.0189061543929329,0.213210858581232,0.0751959315128221,0.00524071760336403,0.00330124905194429,0.00119323726368834,0.00041036614186211,1.06493470959339,-0.815494596647486,-4.6725198942322,4.02761850618664,4.21149185967345
1687.226,437.79,0.491024236251563,0.0105240166241088,0.00663226641051509,0.00151325729235552,0.169695996987966,0.00274534317393046,0.019416515019139,0.213510467299644,0.0741459870926635,0.00522640935661223,0.00334268157880764,0.00171719707099035,0.000505625841704116,1.06248490437232,-0.827972634862963,-4.7197441084246,3.8428335447628,4.12410249823241
1686.926,438.29,0.485157242030219,0.010910383281494,0.0062289568233144,0.00179819497941137,0.167505157453859,0.00292795098741852,0.0215183214650111,0.218813732655009,0.074623914816397,0.00537340201308399,0.0031138899970697,0.00160637182388516,0.000422481673827672,1.06345890720384,-0.808553111777198,-4.53423076900368,3.794758118327,4.04671128487107
1686.626,438.79,0.494850191243929,0.0108956236639933,0.00671629743013315,0.00165327979393482,0.167847956524325,0.00263650786521764,0.0193987256878651,0.211860158263304,0.0730599150053956,0.00544295638473107,0.00367800130368759,0.00152218271776378,0.000438204115719875,1.08119652387487,-0.831778690923246,-4.62029748009256,3.81589386291441,4.15360328574819
1686.297,439.29,0.495397159389795,0.00962581408015344,0.00650565840987277,0.00182367920004841,0.16620618863849,0.00276868718373655,0.0205364666011834,0.212875850158044,0.0737932527361007,0.00551642591463273,0.00271631605163561,0.00174454060042921,0.000489961035877717,1.09213066524576,-0.811961816733415,-4.5123731188026,3.94091132671248,4.09485585085567
1685.947,439.79,0.49878771001578,0.0103344781707355,0.00638633621089761,0.00179213465763173,0.166908629598688,0.00257557473931743,0.0194028280577988,0.210267644419691,0.0722126303412853,0.00596676877378632,0.00333178625576286,0.00149509576410161,0.000538382994523345,1.09473403986409,-0.837831568461743,-4.53403907903867,3.87669487400351,4.17137382559069
1685.539,440.29,0.502548061544172,0.0111311342109311,0.00678465644511839,0.00154934839461134,0.167107419046852,0.0022928891135383,0.0179145697353288,0.207417337562603,0.0731697787935838,0.00571024621087254,0.00260544481804618,0.00126609478740107,0.000503019336942375,1.10105444676371,-0.825854355753081,-4.68080238149092,3.80994521438412,4.2888241894371
1685.089,440.79,0.49449883511059,0.0101648977605255,0.00672689337772598,0.00151859111009845,0.168078093518014,0.00271747882859723,0.0202737281352107,0.212382064639731,0.0734399249889953,0.00532043703930801,0.00302883175847602,0.0012788135663987,0.000571410166329268,1.07911608160192,-0.827960988846606,-4.70664570999807,3.88460440632945,4.12472416454835
1684.639,441.29,0.491371743303335,0.00914551803300827,0.00668340230151151,0.00139383241214997,0.171722323504162,0.00273822959168909,0.0211209016986428,0.210161231202554,0.0744506660493291,0.00548248787028195,0.00336039008015742,0.00196052898110368,0.000408744972075122,1.05132218196175,-0.835742068683131,-4.81382168976489,3.98393702917633,4.13856719689165
1684.189,441.79,0.497529649743362,0.0122169377506208,0.00677761184290715,0.00118315803470187,0.170336590608852,0.00251036340557451,0.0209114872210314,0.203415768627968,0.0743468930713231,0.00545656234110163,0.00325645473651034,0.00145894096890917,0.000599581647138198,1.07187872799588,-0.829034540145275,-4.96958926014412,3.70683182319605,4.21734889853996
1683.768,442.29,0.484434992769221,0.00998106783347103,0.00679483237067033,0.00139305178373612,0.175166382004932,0.00291330599098715,0.0218689370446802,0.212198341922584,0.0743837783565694,0.00565001055903613,0.0035431432336338,0.00128560895999052,0.000386547170487062,1.01724697192097,-0.856498391332179,-4.83423940819586,3.88229316653642,4.09644776084619
1683.368,442.79,0.467470077639569,0.00959864688678248,0.00631922665820971,0.00149406251101166,0.17756557078591,0.00288006389701305,0.0240271562305461,0.223175587582367,0.0760762065846812,0.00561917850053443,0.00352843064707471,0.00166789997298472,0.000577892103315832,0.967995388053584,-0.847604397457985,-4.77784102636913,3.88571320238527,4.12152747321309
1682.997,443.29,0.463267271958831,0.0085376203931612,0.00621938271194866,0.00183718045487397,0.177841129705627,0.00321048429863574,0.0247675749103458,0.229017600967612,0.0744447511502422,0.00574977922909434,0.00313259884294283,0.00142713643813776,0.00054748893854723,0.957413526778636,-0.870833367037657,-4.57265858713386,3.99382182229976,4.01446882439554
1682.647,443.79,0.468613222624577,0.00953525321342492,0.00636817858592875,0.00203002560413797,0.174467206285804,0.00294529726380711,0.023220911375888,0.227990650147969,0.0734364695859921,0.00587299314954366,0.00339941281802757,0.00168503859395498,0.000435340750945194,0.988040948583636,-0.865316121316686,-4.45368838853726,3.89478194806505,4.08152704390325
1682.268,444.29,0.466671221202212,0.00942904651184334,0.00722781632407296,0.00177279506442738,0.173560226399014,0.00284272494001908,0.0213337532769497,0.232885753721596,0.0735426258209743,0.00575955757704885,0.00293883335957981,0.00150415466276366,0.000531491139498476,0.989100321234991,-0.858659484112385,-4.58396723185965,3.90183000728519,4.11176158728871
1681.868,444.79,0.46129125495962,0.00817987499414499,0.00632455139212104,0.00179248936673373,0.169964321578762,0.00313142979873623,0.0234326000006855,0.243496371037302,0.0715533422672192,0.00547457555474061,0.00309144437627882,0.00180391377315013,0.000463830900505987,0.998441091044225,-0.865145324716139,-4.55198318057086,4.03235276439342,3.9940988370011
1681.439,445.29,0.459970608121323,0.00923664932583077,0.00642151083196898,0.00181156788350534,0.173825582110069,0.00315487731963947,0.0232911081185286,0.238664289984969,0.0728002190421377,0.00548499393722655,0.00342309218209554,0.00147629930543526,0.000439201837271808,0.973110197245601,-0.870333430789027,-4.56385969051326,3.90798339923941,4.00910278399544
1680.989,445.79,0.461799715393845,0.00849019224866765,0.0063595524428695,0.0015737046234549,0.177631072295544,0.00317531181115545,0.0231814503752895,0.233070119143949,0.0740188063283016,0.0052378693601942,0.00316191858031753,0.00179804123998995,0.000502246156421775,0.955422508748771,-0.875389571386177,-4.72627629930174,3.99621963642542,4.02430293611352
1680.568,446.29,0.463610945249516,0.00964616764237351,0.00606465884779194,0.00166020724498137,0.177154138179479,0.00302296528216913,0.0228330825212236,0.231224895837694,0.0742345089554245,0.00537501735120379,0.00316397823993795,0.00155665085411989,0.000452783794085828,0.962025529652199,-0.869791068468511,-4.67007774983721,3.87248501947316,4.07078195961793
1680.168,446.79,0.455382729474996,0.0100034699739157,0.00641891124974191,0.00132096826325103,0.179824642003548,0.0031867548609362,0.0244779094542196,0.233978935853046,0.074759020580945,0.00541467269281867,0.00299325787311138,0.00177282156442855,0.000465906155041894,0.929156064105602,-0.877712283288642,-4.91361716448621,3.81820619885641,4.03297905090852
1679.739,447.29,0.457007735783801,0.00774563411975361,0.00619585060787413,0.0015530669515233,0.180651565762918,0.00313240142019709,0.0245043100617724,0.232884523616687,0.0756384101147453,0.00555886331697451,0.00298902455575062,0.00160997990534938,0.000528633782653807,0.928130193127711,-0.870605900477744,-4.75633847061245,4.07757097282442,4.05477018765609
1679.289,447.79,0.467604697310232,0.00766724038218457,0.00642976948641495,0.00143717468771752,0.178013420556562,0.00273698087114719,0.0218219681097286,0.228702398638782,0.074641889544179,0.00533428452364874,0.00342959517848094,0.00170152248168324,0.000479058229239175,0.965764331285994,-0.869157072179959,-4.81917977995289,4.110666518201,4.1750035027863
1678.926,448.29,0.462010088303186,0.00939324729888624,0.0067173931629151,0.00157775465859543,0.176982769053802,0.00296231486919959,0.0227869520466953,0.231623488447749,0.0757499886192926,0.00543054048922608,0.00290124765862763,0.00142342116278631,0.00044079422903757,0.959534349140922,-0.84861408370739,-4.72004964369575,3.8955956683335,4.09008136475734
1678.626,448.79,0.463807078036288,0.0091327217327399,0.00642428346118593,0.00171872585437898,0.178819446492419,0.00279809040946255,0.0212558141180884,0.231341443706125,0.0741812459523829,0.00547703784617816,0.0032062435636253,0.00137545253686059,0.000462416290265311,0.953092067702905,-0.87986524970984,-4.64479338399589,3.92760492675641,4.15743943007348
1678.268,449.29,0.474488710307937,0.00991404692038577,0.00679286643871204,0.00163543424366733,0.174445906960863,0.00266221973704395,0.0205567404137822,0.225055297965728,0.0730242420343713,0.00572649403474741,0.00327829103306992,0.0019645004379302,0.000455249471762162,1.00062312012602,-0.870823236139304,-4.66970634328021,3.86828519262177,4.18245444241016
1677.868,449.79,0.476218695218477,0.0102052259728608,0.00676649569420917,0.001555869037852,0.173610430697131,0.00283904782703647,0.0202994870826275,0.226264438712571,0.0720575128524462,0.00506660842978816,0.00297716366727068,0.00168099962814966,0.000458025179580104,1.00906330737363,-0.879349295311401,-4.71477962877296,3.84297725309165,4.11334516129555
1677.468,450.29,0.477065675248282,0.00904731472713448,0.00644670737452944,0.00160351350216678,0.174947404757129,0.00269040410872638,0.0206264315002356,0.221460958236345,0.0751587186819236,0.00559888605374744,0.00338662051657625,0.0015125505544075,0.000454814738796397,1.00316878086337,-0.844883257978341,-4.6922882239559,3.96518616692004,4.17479397588282
1677.068,450.79,0.475992074579049,0.00897779764565639,0.0062758437639696,0.00148427022798391,0.174018169795858,0.00281371069885263,0.0219450808374311,0.223242391223365,0.0742158396662196,0.00536781962449709,0.00363675309193861,0.00151453769929966,0.000515711145879899,1.00624148617196,-0.85218211789497,-4.76423649538003,3.97064660285413,4.12465557226907
1676.697,451.29,0.482849646747045,0.00873203083897721,0.00644915448384315,0.00120302863898895,0.177938872330456,0.00284121979045428,0.021776545201067,0.21375343784141,0.0734802985352982,0.00555350254017483,0.00346518296971937,0.0014747174033922,0.00048236267917356,0.99826523737468,-0.884422754289261,-4.99659783442067,4.01270734441163,4.1372066137943
1676.347,451.79,0.474283946132838,0.0104599695954582,0.00671209410160857,0.00134981815572686,0.175385550219065,0.00294515971353361,0.022963725318732,0.221023754108873,0.074222060782177,0.00534994372020646,0.00328261425246532,0.00153480154085554,0.000486562358459683,0.994819490145931,-0.859925273561537,-4.8670168107532,3.81425063292651,4.08682364693643
1675.968,452.29,0.478829988627889,0.00942389178159698,0.00594701788604717,0.00116083269498783,0.17880647951614,0.00273785540658953,0.0212875569308573,0.217836104371457,0.0732393193830939,0.00535872767337408,0.00329352532066316,0.00164001363303514,0.000438686774268659,0.985041503625403,-0.892571674191296,-5.03716651288662,3.92809746104655,4.17912918538066
1675.568,452.79,0.484129995867392,0.00871901529065073,0.00613697963761417,0.00120600095263941,0.175102104702503,0.00276783411912947,0.0211292267743472,0.216977700805915,0.073435436159084,0.00515393684428625,0.00333649003050473,0.00154832055077422,0.00035695826516031,1.01698419793417,-0.868962658644531,-4.97805937100117,4.01684715099636,4.14730415132293
1675.168,453.29,0.484176086326444,0.010639199161706,0.00623704100060197,0.000927474193476468,0.174216886272936,0.00272445544333712,0.0208336120214924,0.215283258644907,0.0741288208146612,0.00543999286558313,0.00309566807125499,0.00175462064967784,0.000542884533921923,1.02214765943098,-0.85449659429536,-5.23559130447786,3.8179034409523,4.15803242500758
1674.768,453.79,0.487828338057087,0.00897364368765203,0.00626771407529737,0.00104889642705706,0.174450445223058,0.00275391104465621,0.0211821285902386,0.215259211319155,0.0718616795733,0.00502019683545716,0.00318239639358165,0.00164252717088085,0.000528911602579839,1.02832285791008,-0.886897565515945,-5.11390213017409,3.995671775891,4.14861862041286
1674.339,454.29,0.480857403704513,0.0105388738594929,0.00637171710382606,0.00110340037750856,0.171973630411283,0.00278930653806731,0.0219022174426876,0.222321173525112,0.0716896588420457,0.00510028621197609,0.00321162323077871,0.00161645354796431,0.000524255204745182,1.0282296146609,-0.87499464443844,-5.04894448950949,3.82050007520408,4.12154814122283
1673.889,454.79,0.482612108756826,0.00970191050385179,0.00628692889090349,0.000940653617937855,0.173277939286944,0.00281287241306054,0.0211465295220957,0.221118355355761,0.0716657635028668,0.00537240454013058,0.00321276380619355,0.00139166749030661,0.000460102313121777,1.0243163527515,-0.882883753699033,-5.21607719791555,3.90689041826969,4.12069071849632
1673.526,455.29,0.478832789552982,0.00839057488251931,0.00600705860990665,0.00101017878670517,0.176285966789367,0.00281333068242806,0.0221182035596448,0.221388898146626,0.0726478291499213,0.0054014110324395,0.00304317796040421,0.00156640919940745,0.00049417164764872,0.999243966351044,-0.886483979130816,-5.16198015603622,4.04424241601636,4.13773841008918
1673.226,455.79,0.479336326080841,0.0093967002285244,0.00643727435249482,0.000915957419603814,0.1721221152572,0.0029199048706152,0.0224804777857078,0.222710164570116,0.0727267866400404,0.005465522572306,0.0033127901597346,0.00173311232567168,0.000442867737143468,1.02419829582781,-0.861494426180065,-5.23598959786499,3.93204390502716,4.07665316013478
1672.868,456.29,0.469106718327496,0.00929736130519209,0.00651734025370669,0.00102988947970165,0.176309592944123,0.00301254015207883,0.0228719398217883,0.22836664972869,0.0732730069143241,0.00528442190080395,0.00305904397219752,0.00139171188501534,0.000479783314883037,0.978588786431214,-0.878049214389503,-5.14279000531525,3.92109965769473,4.06945787332022
1672.468,456.79,0.458927127686649,0.00872772642312368,0.00640049054249691,0.00122280501764367,0.177853616152864,0.00301025475301824,0.0234511037798051,0.2339534955296,0.0745058766849081,0.00595540372097318,0.00372049968098165,0.00185729048662431,0.000414309541311988,0.947930603458919,-0.870082826836362,-4.97981341635635,3.96238653094526,4.07893612005387
1672.039,457.29,0.456216508045365,0.009357988032573,0.00666829604607982,0.0013910522751122,0.182370114749653,0.00305447842227435,0.0218750265990109,0.23246380406591,0.0748335053909355,0.00573079490612221,0.00388983936021323,0.00166464210194808,0.000483950004803021,0.916929275536444,-0.890772501919696,-4.87597772644908,3.88673718157973,4.08942937080074
1671.589,457.79,0.45314127799886,0.00954245442581756,0.00668567440574593,0.00112046014162526,0.182515876931445,0.00279047395351608,0.0221540930510118,0.239199697014991,0.0715172738541694,0.00568434041759336,0.00351197386417146,0.00168462362316577,0.000451780317887017,0.909366782700079,-0.936898153235937,-5.09309772445127,3.86045321911382,4.18062570890494
1671.168,458.29,0.445172363248134,0.00827741764696874,0.00628545550409441,0.00131812980898604,0.184098432027163,0.00304427822274534,0.0236344503344002,0.24654934399797,0.0710761846213084,0.00548254489845478,0.00316679319254321,0.00142970594219481,0.000464900555036569,0.882990969073955,-0.951718246640913,-4.93925665064224,3.98493049894643,4.1022067350411
1670.768,458.79,0.450423305308954,0.00876232944549718,0.00609745067091178,0.0014381526522158,0.179877621349783,0.00296675515677221,0.0221636056929137,0.246064300800029,0.0707363070229788,0.00598664960179452,0.00350040928558184,0.0016224442263598,0.000360668786208207,0.917911080792032,-0.933317760795205,-4.82891732868927,3.93972603103398,4.10480792252536
1670.397,459.29,0.448922378441375,0.00858013652511353,0.00643051408553295,0.00137534541358437,0.177349586650776,0.00285507484104379,0.0221225284790561,0.25013392124857,0.0708813337294573,0.00624927590759606,0.00325655181748627,0.00130193248074918,0.00054142037965957,0.928727145755547,-0.917115727674646,-4.85941794106913,3.95740017088366,4.12902479372905
1670.047,459.79,0.453323773244665,0.00881249879649358,0.0064507944275104,0.00118594938816565,0.179029651000128,0.00278986947760459,0.0214433695008252,0.245826806080851,0.0707265327574626,0.00568961201218345,0.00274456100050179,0.00157220415546698,0.000404378158142443,0.929055161240697,-0.928730651140836,-5.01700781489967,3.94043556983846,4.16155662764967
1669.726,460.29,0.457466096404426,0.00828606975086447,0.0061752582340466,0.00150424376054299,0.178700616751011,0.00299409814000646,0.0213195283825007,0.242865080735497,0.0707337698850178,0.00552994983640381,0.00282917369532589,0.00115668486369935,0.000439429560658989,0.939990902269605,-0.92678876419168,-4.77742158625608,4.01112701421245,4.08906880912664
1669.426,460.79,0.455914011428971,0.00824793692187869,0.00609297197014116,0.00140783750907929,0.17850001312669,0.00295241137296427,0.0222945891783567,0.245073115663642,0.0694555048962554,0.00538084903431317,0.00309789885447751,0.00119124712306709,0.000391612920163471,0.937715545546294,-0.943902344534512,-4.8425338291659,4.01234112130632,4.10196642374402
1669.068,461.29,0.457889675218541,0.0075912437090034,0.00605919466618366,0.00133043527011933,0.17404874956335,0.0032053355413815,0.0233160398311188,0.245936458238995,0.0699319472655997,0.00564087304154322,0.00319563220472747,0.00145981309217307,0.000394602357263918,0.967292841416129,-0.911812842624573,-4.8738292704199,4.09963283178223,3.99451865188714
1668.668,461.79,0.456644474291539,0.00755598384826718,0.00602313423796472,0.00126701275480945,0.173540014342327,0.00321576841322195,0.0248364513781176,0.244382320562802,0.072186497417202,0.00548931668136987,0.00303890115049475,0.00146103078240717,0.000359094139476451,0.967496929520335,-0.877155190984204,-4.91974623478545,4.10156532049795,3.98834186510125
1668.239,462.29,0.455826036713708,0.00821833600145969,0.00610483238591316,0.00140755430922317,0.182995093109283,0.00311052125124627,0.024830952293032,0.230078653613483,0.0774567578897981,0.00493838691669581,0.00299105290709924,0.00164323276994958,0.000398589839108723,0.91265189941904,-0.859739520943557,-4.86760567299042,4.01574348262716,4.07466902182211
1667.789,462.79,0.455808361656316,0.00805981636030393,0.00649945726640212,0.00121447764115522,0.182538658647259,0.00307178319127356,0.0253761321778743,0.227573313522074,0.0793881345979323,0.00510592202430735,0.00338429987365874,0.00148695659910671,0.00049268644233678,0.915110482860702,-0.8326130600214,-5.01264791942113,4.0351816894774,4.08470374175674
1667.368,463.29,0.453271686171641,0.00836021777498052,0.00616618326019885,0.00117624016865678,0.187850726430084,0.00304237985625443,0.0251147631895144,0.225469505781072,0.0796300290043881,0.00489091445245965,0.00323493554335914,0.0013610936282773,0.000431324739114552,0.880844055341175,-0.858256368578994,-5.07332458541412,3.99300721803277,4.12300758248273
1666.968,463.79,0.456123393092338,0.00823999390436382,0.006104344229283,0.000992717891780688,0.191377940328076,0.00317190782527294,0.0247395748293766,0.221880068358206,0.0773438265356105,0.00487215491623943,0.00325354580979438,0.00130185372650187,0.000598678553157213,0.868513153713524,-0.905989456328391,-5.26155897028002,4.01376376763638,4.0999169735992
1666.597,464.29,0.455828441049042,0.00887020278411567,0.00594871860606216,0.000881252082959469,0.1871309423095,0.00312123465019099,0.0245992172345135,0.22611860264397,0.0775330923509456,0.00504717102058605,0.00327932593295221,0.00120491193888276,0.0004368873962793,0.890307914889493,-0.881103754766296,-5.35822015928108,3.93941885509958,4.09357995330512
1666.247,464.79,0.456834681293065,0.00730966061986686,0.0057003888365793,0.000926711257790266,0.184251003937196,0.00305613025335415,0.0255254282987683,0.228587715396676,0.0780422508149858,0.00479809265201833,0.00317395951980859,0.00130461413038286,0.000489362989508949,0.908022597898348,-0.859048622681082,-5.29241222203752,4.135124731877,4.09914948726495
1665.897,465.29,0.457125509603201,0.00823008497064836,0.00591661831245041,0.000991485710656265,0.183984652963853,0.00310364093791749,0.0251886890965638,0.226712196781385,0.0779635034217561,0.00543648516700775,0.00338246265242343,0.00148669030012628,0.000477980082010186,0.910105644944257,-0.858611533986538,-5.22340308929577,4.01716165213217,4.08227642791267
1665.547,465.79,0.457680389219138,0.00841965354154302,0.00643025862133963,0.000846596863714061,0.186776932497364,0.0029803225469425,0.0239664463288824,0.226463583948265,0.075783344445366,0.00523899127875979,0.00349301988425534,0.00153162944045979,0.000388831383970453,0.896256069909506,-0.902036492236154,-5.39644568593663,3.99560242005502,4.13788349857891
1665.226,466.29,0.457423911070388,0.00842467174358398,0.00645491714712976,0.000997303067760422,0.184949475740576,0.0028438804705801,0.0224841598450993,0.22972762713183,0.0758847147907716,0.00532903437724204,0.00346949095403978,0.00149649485248991,0.000514318808509167,0.905527872609913,-0.890867405708784,-5.22278325918686,3.99444604299002,4.1749132012445
1664.926,466.79,0.453308132175873,0.00926473381899991,0.00632661468483256,0.000873004522974534,0.185382190280834,0.00296053123072293,0.0229670627560048,0.233423052869069,0.0751616339058735,0.00499042683304269,0.00330631786329475,0.00163821753394365,0.000398081524534842,0.894152510263325,-0.902778674120909,-5.35823412966494,3.8903569681392,4.13705086539291
1664.597,467.29,0.456483392917688,0.00844946202409411,0.00618876151809204,0.00116629399621464,0.184049132414604,0.00282614386939224,0.0226928408647099,0.23353669266061,0.0745698553237512,0.00523061934824874,0.00316304940279739,0.00127573464719338,0.000368021012604988,0.908349574265709,-0.903466404543138,-5.06137154897481,3.9894495466679,4.17628955379279
1664.247,467.79,0.455307197414682,0.00884674269380346,0.00577943365579131,0.00117369896476995,0.182977230028033,0.00299945290996764,0.0234814010594038,0.234225570733652,0.0748209234370825,0.0051878130394032,0.00359425428235783,0.00114825291675325,0.000458028864300467,0.911610631263159,-0.894264148064185,-5.04920144892269,3.94092301621388,4.11093181032976
1663.868,468.29,0.457554642020661,0.00780823973919983,0.00627704295449711,0.000994522030120736,0.181670343482641,0.0029004192973988,0.0228912839484576,0.235370213795241,0.0742965187409632,0.00529331920917681,0.00332587171853623,0.00125152120837126,0.000366061854734994,0.923702568550077,-0.8941296486103,-5.20768677412127,4.07071676075171,4.1373384332934
1663.468,468.79,0.463726008100018,0.00846632275287555,0.0063239267911452,0.00103369789934326,0.180674305813708,0.00270109282846267,0.0212478722779832,0.230703762399483,0.0743088571931678,0.0056021860917089,0.00326631144850315,0.00154674249291846,0.000398913910682415,0.942597883048811,-0.888465841838622,-5.16355342856163,4.00319761323588,4.20303955257629
1663.126,469.29,0.460796681447205,0.00812048314986257,0.00603235891132648,0.00113632807399406,0.182022922963863,0.00288452511090799,0.0227675685708705,0.232004092076027,0.074284345327188,0.00506761313910361,0.00322229404458334,0.00116762295922276,0.000493164225845475,0.928824278138662,-0.896232395434108,-5.07633055336165,4.03856725401721,4.14477234935671
1662.826,469.79,0.461865319235479,0.0084384835743759,0.00589899921477186,0.00105168367269255,0.183119117586283,0.00283856710002849,0.0223942280293819,0.230758104054692,0.0733133364800463,0.00504525393756022,0.0034715349361268,0.00138991906277257,0.000415453115789611,0.925136474916462,-0.915394320723565,-5.15974447911776,4.00247071059356,4.16683747425431
1662.439,470.29,0.467332192805938,0.00969666778097504,0.00609264490924941,0.00115472936508457,0.177906979284789,0.00272787060039372,0.0219737241715336,0.229741982988225,0.0734842674951877,0.00501329522835675,0.00321947723642783,0.00122792413089409,0.00042824400294527,0.96577951301507,-0.884189489784736,-5.03739482483414,3.87525803966696,4.17773952042461
1661.989,470.79,0.466686905045862,0.00751566667389466,0.00575492768393434,0.00106468330550556,0.180280590671553,0.00292408439404124,0.0219745430101698,0.229891363271679,0.0740898150356701,0.00519981785458725,0.00291757920072858,0.00126092330377084,0.000439100548604636,0.95114411972123,-0.889236400285326,-5.13183708501211,4.12866886225231,4.12153307022684
1661.568,471.29,0.46835181411797,0.00738437831737028,0.0060025126797264,0.00121413723213503,0.176798724831271,0.00293037756205139,0.0229117001925089,0.228439595590583,0.0754561401040782,0.00519200573955782,0.00307646359265588,0.00175195024850857,0.00049019979158393,0.974207815386577,-0.851460376006295,-4.98097821013871,4.14985302243641,4.09988066218919
1661.168,471.79,0.471840957063286,0.00855749982028924,0.00604590575314058,0.00119371513338895,0.1732161256102,0.0029200276209998,0.0231423897392778,0.227700072537799,0.0753902991040602,0.00520398805413542,0.00303112154764731,0.00136035602336022,0.000397541992415117,1.00210187764953,-0.831861488140141,-4.97746969102545,4.00983390300712,4.08294702029746
1660.768,472.29,0.471133868970989,0.00761259718409064,0.00589251528156409,0.000954527347906428,0.175738255501954,0.00295377360415139,0.0232855282272741,0.226959545864019,0.0759649154829919,0.00463198085362017,0.00320502152249796,0.0011853747942505,0.000482095364690648,0.986146573067656,-0.838724108116593,-5.21553468810817,4.12533787716356,4.0859121626975
1660.368,472.79,0.469863861517749,0.0077172079807224,0.0059657622670322,0.00106979622827708,0.173820618780347,0.00317961304428276,0.0248020451611394,0.228264314107486,0.075351512070832,0.00490766361182773,0.00318493012295213,0.00141966000472157,0.000453015102630252,0.994419155505873,-0.835859848726317,-5.09055565141941,4.10899035830683,4.00126433569436
1659.968,473.29,0.474104207360055,0.0085664627288919,0.00598145726723382,0.00103206504485017,0.173616155746041,0.00297781436819647,0.0243121808427634,0.226375234743679,0.073747988872208,0.00484500191023509,0.00302409048595305,0.000951350885972417,0.000465989743920879,1.00458028333411,-0.856193135630659,-5.1252851679206,4.01357224729972,4.06565726301711
1659.568,473.79,0.47486376302912,0.00946002593335085,0.00600550377814605,0.00101322514014652,0.173063849473622,0.00296691434392315,0.0231684299462871,0.225398611240826,0.0740132186242292,0.00497273088609959,0.0031178664280393,0.00149648900656153,0.000459372169648423,1.00936734971062,-0.849416891200416,-5.14052214705179,3.91595282379087,4.06613812720846
1659.139,474.29,0.478151210062481,0.00846470764781316,0.00604621974843797,0.000933125972006221,0.173985975826035,0.00271752476057952,0.0220359608196229,0.222927614526207,0.0737802515620311,0.00509126626831464,0.0036320973506862,0.00181495729993725,0.000419088155848408,1.01095232424433,-0.857883595478988,-5.2281897662868,4.03402154310535,4.15925324576481
1658.689,474.79,0.478292196095614,0.00812899945366719,0.00575759051003684,0.0010255910942343,0.173906928690045,0.00295452455522559,0.022453737511427,0.224615268108769,0.0728364409392597,0.00482828381178023,0.00338834526069812,0.00134689969654188,0.00046519427270121,1.01170157111095,-0.870303871206945,-5.13325113984484,4.0747839870769,4.07518252062616
1658.239,475.29,0.478115497155153,0.0074260952744938,0.00605862450998044,0.000824017116580749,0.176063517801973,0.00280894842823706,0.0225455943251068,0.222774021590132,0.0739549839228296,0.00454976743055778,0.00300114545006688,0.00152653036878632,0.000351256626102786,0.999007502619475,-0.867388243800704,-5.36440880327172,4.16485214362592,4.13803463805336
1657.789,475.79,0.475827724533449,0.00820601817998642,0.00584008501759825,0.000941390072397121,0.172965530390433,0.00292491737108427,0.0237492457504742,0.224686735933043,0.0748865511215975,0.00511860539939747,0.00316107736623107,0.00119379960849439,0.000498319255814357,1.01196353712481,-0.837118011735866,-5.21349002399171,4.06018805600434,4.07982609726468
1657.397,476.29,0.474144559476336,0.00785047208703212,0.00562611819232748,0.000926101188852993,0.174161562950819,0.00300287775785127,0.0235952616984439,0.22564145340139,0.0755243005315992,0.00472675202624738,0.00299325314965303,0.00126189307488052,0.000545394464567005,1.00152886188714,-0.835528925295425,-5.23675516619668,4.10093858453548,4.06041230961342
1657.047,476.79,0.474835448913415,0.00711281876065043,0.00600399263361247,0.000970222861158208,0.175216016950427,0.00276346976622249,0.0231864998270145,0.226068373313392,0.0742784571844842,0.0047415210257931,0.00321151288150818,0.00122594051448673,0.000385725367835877,0.996948725402457,-0.858198629272896,-5.19624907537629,4.20106970526468,4.14953254343577
1656.668,477.29,0.46897064208327,0.00715854998169169,0.00576819523122321,0.00087987593426239,0.180756887156181,0.0027656320675469,0.0230652422081978,0.226063497533763,0.0743048226247658,0.00498201477588472,0.00333857453636892,0.00146358799836302,0.000482477868481702,0.95338720612129,-0.888977106444469,-5.32512732877012,4.18223272570983,4.17988375882027
1656.268,477.79,0.471053016949153,0.00826359322033898,0.0058055593220339,0.00107498305084746,0.178207457627119,0.00292447457627119,0.0226646779661017,0.225921084745763,0.0742172203389831,0.00485640677966102,0.00338115254237288,0.00118562711864407,0.000444745762711864,0.972022286286076,-0.875952160633265,-5.11064346911859,4.04311114269611,4.10983353141638
1655.868,478.29,0.467500564412957,0.00824795467495189,0.00589677155788727,0.001103024178376,0.177673973574723,0.00297364997796102,0.0229850457443263,0.229830031069589,0.0736188008643581,0.00506251545416429,0.00330047195673909,0.00135996645774428,0.000447230076222626,0.967450294314185,-0.881049822073744,-5.08189460112468,4.03743530460631,4.0901601146307
1655.468,478.79,0.463678076174106,0.00695109163903618,0.00564225090859256,0.00114948512202921,0.178595142203633,0.00288752362446895,0.0230853158056329,0.232498770305888,0.0755334960177033,0.00491983881711394,0.00335921622537557,0.00133752473995821,0.000362268416462072,0.954069041321083,-0.86054525503229,-5.04580734662068,4.20029179247845,4.12472221131602
1655.068,479.29,0.464293999236715,0.00787337601597552,0.0058646762829113,0.00115668606236056,0.179424244011584,0.00271211879871418,0.0212329931336464,0.234823306048228,0.072189183381778,0.0050928395573805,0.00330756624486467,0.00159712474784351,0.000431886477997843,0.950764890706949,-0.910462859893528,-5.04419400615066,4.0770310273673,4.1920229059578
1654.668,479.79,0.462563718484666,0.00782144740447823,0.00591521524811042,0.00143458708675103,0.179853986547198,0.00292922157819864,0.0220308468976781,0.234124830911967,0.0728833562787204,0.00535622849893498,0.00306569295250905,0.00151428636934831,0.000506581741440242,0.944638981307647,-0.90328503183775,-4.83126827247119,4.07991468964279,4.11740862109012
1654.297,480.29,0.466486665928959,0.0078908929954631,0.00617129578399912,0.00146619453358415,0.179755449817417,0.00255283833130464,0.0209582826159124,0.231262587141751,0.0730297665154365,0.00537125152152263,0.00331968573641695,0.00127807900852053,0.0004570100697134,0.953632121646701,-0.900730196492415,-4.80892702350211,4.07952012754083,4.25439150374868
1653.947,480.79,0.45535421797517,0.0084012583628609,0.0060168562194767,0.00150475108237895,0.182040511207227,0.00287631934233463,0.021820501777024,0.239741969022105,0.0720970172418052,0.00534879399732131,0.00309005629122357,0.00124268165761059,0.000465065823461873,0.916846365762298,-0.926216577662253,-4.79560176060459,3.99269411738843,4.14771778069048
1653.539,481.29,0.444871978195779,0.00699364332419047,0.00644875444685654,0.0017863255640629,0.181841226097469,0.00294434983815825,0.023066240288412,0.250939202100693,0.070348078914642,0.00563954571650179,0.00324333458993591,0.00139309561879011,0.00048422530450947,0.894652629079496,-0.949678446599816,-4.62297316969705,4.15278491138636,4.12324589754556
1653.089,481.79,0.450313733575267,0.00891601352729801,0.00613002915514835,0.0015446507696808,0.182474960142397,0.00290903831187265,0.0220665937698006,0.245475339019001,0.0694876962251585,0.00553634786701107,0.00339909522971688,0.00131905188018864,0.000427450527458839,0.90333156665619,-0.965463254742857,-4.77181511315244,3.92209559285006,4.1387904093658
1652.61,482.29,0.445407632139412,0.00769347497816645,0.0060698864655327,0.00169680917104664,0.185416991649661,0.00291715347792822,0.0221253728682442,0.249505229971232,0.0687435865600829,0.00563692952883037,0.00322277013912986,0.00119593742074394,0.000368225629989484,0.876382592620789,-0.99222385173164,-4.69385776836709,4.05861732597311,4.1519989930358
1652.11,482.79,0.44533861808594,0.00699484177463598,0.00575179226018876,0.00171725784997597,0.183276682821292,0.00282266866386156,0.022475969680775,0.251335794341974,0.0697451856025618,0.00544963230036205,0.00316999132231005,0.00149144435686704,0.000430120939255095,0.887837993303261,-0.966148544314206,-4.67026819366465,4.15366194423632,4.17331416685394
1651.581,483.29,0.446196778417687,0.00784842205186231,0.00570303130469422,0.00176398794767154,0.183129494726047,0.00277258646189574,0.0226860504044989,0.250658979281352,0.0693485640184599,0.00517436464650317,0.00303003335155591,0.00129147225718415,0.000396235130588081,0.890566537882111,-0.97104808379749,-4.64261639887371,4.04044756284435,4.1904128987581
1651.031,483.79,0.44595508982355,0.00804410672480502,0.00579785199227237,0.00199903884166568,0.187082756585053,0.00297511537629562,0.0226564839293687,0.242477231096775,0.0732313141549212,0.00510948360649624,0.00285790094528111,0.00134690037093039,0.000466726552585058,0.868667183945025,-0.937927949048723,-4.53888458166441,4.01527851203598,4.14126824734832
1650.51,484.29,0.447947033430507,0.00843842700296641,0.00573655169029874,0.00160853848065647,0.183441653679958,0.00294187608067012,0.024020343531766,0.241047171350948,0.0742818377018806,0.0053418837606947,0.00344001100803523,0.00136213769217395,0.00039253458944402,0.892778343139105,-0.904030176960415,-4.73657066260807,3.97187907929368,4.13284915282272
1650.01,484.79,0.462614940637476,0.00933022920638391,0.00615545250607681,0.00199009193019953,0.178876245062419,0.00270179521016999,0.0218843180979005,0.231953915539338,0.0742636715634381,0.00551179609143268,0.0031736611779247,0.00109544297951566,0.000448439997724334,0.950200848004613,-0.879072308835364,-4.4985133646195,3.90363546521554,4.19277775364641
1649.539,485.29,0.458407529890613,0.00961700443766076,0.00618559032194239,0.00183385624240369,0.182759263970152,0.00284349472851126,0.0220707199185958,0.232540207467707,0.0733067638994884,0.00518273552107182,0.00335792419231748,0.00141665960032788,0.000478249809208853,0.919588802344336,-0.913516907811787,-4.60174880335301,3.86422576455912,4.16313595549453
1649.089,485.79,0.448743123861365,0.00815052371686045,0.00674870012721688,0.00175200244681936,0.183384013227009,0.00305741603464554,0.0245956320728372,0.236513681354971,0.0769185590361659,0.00526043998421979,0.00304411810336039,0.00139849910682228,0.000433290927708013,0.89486822967272,-0.868835199874826,-4.65082299804115,4.0083684318878,4.09401226103333
1648.552,486.29,0.450637556487178,0.00703544400283116,0.00569064082321555,0.00205477214569609,0.183449665160342,0.00296401154244025,0.0248478249033593,0.235722763652202,0.0773397941961126,0.00500136113682147,0.00346273207382806,0.00138182610115969,0.000411607774813524,0.898723046691999,-0.86373170041516,-4.491775361769,4.15970257027138,4.12539672392614
1647.952,486.79,0.458234738111535,0.00810382104016601,0.00608302641156851,0.00204035070564845,0.180745955694621,0.00312571298197582,0.0243190682615734,0.230925762958617,0.0764957682822159,0.00513672957204785,0.00302358680182089,0.00138630857316689,0.000379170605043295,0.930289095789001,-0.859857062924922,-4.48397077804099,4.03504589764303,4.05743007425765
1647.381,487.29,0.459108203325886,0.00838940137892183,0.0062309683394256,0.00172418575967667,0.17835613398289,0.00290742957618746,0.0239785586404539,0.232528215403722,0.076652646987903,0.00515441918626114,0.00312615363604743,0.0014414449018089,0.000402238880815659,0.945503615207433,-0.844498166006927,-4.63902738849554,4.0023167507925,4.11651292047924
1646.831,487.79,0.456747233583683,0.00783379177004309,0.0059603792738868,0.00167964751622782,0.17871449572664,0.00314868092383773,0.0245154822431245,0.234372433140551,0.0769320685254064,0.00502735877270947,0.00324345727271578,0.00140479610448145,0.000420175146692727,0.938340601959083,-0.842866731020304,-4.66720557690754,4.06568348389423,4.03880592574176
1646.31,488.29,0.456028690425926,0.00785546363915951,0.00586527384657086,0.00186508619116873,0.177873343028862,0.00305982558472902,0.0246746003200567,0.236833627848062,0.0763684509567819,0.00496661297637106,0.00294097716338009,0.0012301854139626,0.000437862604969741,0.94148398413755,-0.845502075703217,-4.55776447386655,4.06134643045222,4.06271382511307
1645.81,488.79,0.455676209484389,0.00728977261516958,0.00568436115319634,0.00172794610137353,0.180139419497338,0.0029844453698002,0.0242473205931923,0.237060913215361,0.0752165384379741,0.00526483577762247,0.00315474774998364,0.00107996631335846,0.000473523691241785,0.928051386535258,-0.873359971029513,-4.64679762528137,4.13531013617793,4.10031718002355
1645.281,489.29,0.462025784821897,0.00836435512741726,0.00603812275514286,0.00152400931350941,0.178832465152095,0.00292682717562786,0.0230842902631785,0.232803415668446,0.0747000511578074,0.00486910787004415,0.00291610226842512,0.00143928254660777,0.000476185879801675,0.949171282131008,-0.872968641714136,-4.76510485022371,4.01164146112132,4.11253045761248
1644.731,489.79,0.470647774379737,0.00767657703593456,0.00611212520833084,0.00159924158332527,0.174048799155479,0.00297343693432673,0.0235602748825574,0.229113372203637,0.0744674721219903,0.00491622735540236,0.00287450356649355,0.00155575438867333,0.000454441184112823,0.994774274348702,-0.848973300582079,-4.68980620836537,4.11593623979916,4.06961721411072
1644.123,490.29,0.454437229321471,0.00994524659355516,0.00571493359317759,0.00172207431873777,0.174047163444106,0.00322701752772165,0.0250909437074228,0.24008283070512,0.0761787919595174,0.0050186165860358,0.0026130605966934,0.00143114002389512,0.00049095162254698,0.959733478013445,-0.826243213549473,-4.61579675330388,3.8219650870453,3.98776797212333
1643.473,490.79,0.455797167011283,0.00757346726660061,0.00592394314603419,0.00172675936366987,0.175655010029548,0.00326815414389146,0.025084903599383,0.238523394555136,0.0763073168255874,0.00533585193783225,0.00301217448103433,0.00138140749093589,0.000410450149064019,0.953526000268131,-0.833753071924714,-4.62227544941817,4.09739691149275,3.98429655756468
1642.939,491.29,0.457706373296144,0.00855436148302944,0.00566153009192296,0.00137625374017193,0.174013522907339,0.00316808213914087,0.0251654742732301,0.235218495123204,0.0788318142370481,0.00524919367722046,0.00300185227562207,0.0015770248740323,0.000476021881894761,0.967094858124419,-0.791816364695027,-4.83976788734742,3.97978660431888,4.00600661267775
1642.489,491.79,0.456970536539874,0.00928393820969274,0.00566452648293455,0.00169879205811883,0.173668383567101,0.00303428481533417,0.0237819570401406,0.236578014846605,0.0786548645323682,0.00527859171156978,0.00332515061076158,0.00167049772004224,0.000390461865457027,0.967471278130158,-0.792078161247922,-4.62723019476806,3.89633308452893,4.04717188816556
1641.952,492.29,0.461702900591072,0.0081842403684454,0.0060829708836705,0.00192018267683845,0.172231221353226,0.003335751504732,0.0240293360628857,0.235525477478432,0.0767421599901948,0.00541604142029475,0.00304424591146843,0.0014023185736543,0.000383153185085072,0.986083727677687,-0.80838665294591,-4.49641755853021,4.03271121315693,3.94413989149782
1641.352,492.79,0.470278182586425,0.00910280510834979,0.00580014141954177,0.0019660765562617,0.172773288952892,0.00298360740555503,0.0234969862115947,0.22668302189416,0.0767147119439151,0.00543473574378918,0.00286288340648633,0.00150473841696345,0.000398820354066243,1.0013441308543,-0.811886765098611,-4.47594030552307,3.94474177776974,4.05884715941978
1640.752,493.29,0.470005761846672,0.0101192432174512,0.00640217689769571,0.00230361330806523,0.170325589351387,0.00308573897934288,0.024257149416388,0.227137172463775,0.0764142407641649,0.0051012599538152,0.00283028210541479,0.00157325422798007,0.000444517467848445,1.0150331170656,-0.801542760572259,-4.30323294310497,3.83830607369838,4.010920668644
1640.152,493.79,0.469823271421091,0.00974906681229837,0.00609964136315781,0.00195026376979681,0.173999110445509,0.00296030222332322,0.0238310522078405,0.226524488083911,0.0747800041662679,0.00529904232139942,0.00320464820371924,0.00126339258066514,0.000515716401020173,0.993306418919188,-0.844499661556698,-4.4910855568289,3.87518503686855,4.0737588212214
1639.523,494.29,0.467390725366803,0.00842150347806898,0.00614627348199329,0.00185344822900576,0.175654712922067,0.00296116890076932,0.0239795979376176,0.227270800200455,0.0765881768483118,0.00487549284873362,0.00270570829442541,0.00170234599801936,0.000450045493729257,0.978645369199877,-0.830077494081192,-4.55147239793524,4.01637720622083,4.08293612038345
1638.873,494.79,0.467117704045587,0.00899289706025442,0.00630867117069477,0.00167737677732136,0.172583667892089,0.00308611944276401,0.0241961071321299,0.230783142469149,0.0754660907602557,0.00497819198666559,0.00289680642691248,0.00148594853224244,0.000427276303933057,0.995699118695321,-0.827198723777161,-4.63365101911686,3.95014621862118,4.02396769222892
1638.281,495.29,0.466607293570619,0.00795841121737284,0.00586240284990861,0.00137421101957759,0.174042220484754,0.00317922217792253,0.0238835182701717,0.231004147486913,0.0760983591278368,0.005066043939543,0.00325171258588819,0.00112463690072439,0.000547820368769061,0.986190074533365,-0.827271213661641,-4.84141815375826,4.07125860665114,4.00266134750923
1637.731,495.79,0.467683289422608,0.00787089420956566,0.00549847620148828,0.0012966740722999,0.175212051635709,0.00304759702343098,0.0239564664392669,0.230824503010431,0.0751988371228702,0.00508139314001602,0.00291235474359716,0.00111084498550533,0.000306617993211044,0.981794370816648,-0.845861196966956,-4.90619438378036,4.08461965629111,4.05164354508814
1637.21,496.29,0.468198035999819,0.00742665828123266,0.00557795781797854,0.00137701980031158,0.174327623839296,0.0029893661187361,0.0239693931658713,0.229542007324923,0.0770165119060831,0.00486170199647318,0.00288865870050436,0.00141195910867769,0.000413105940093473,0.987954935842379,-0.816916585213312,-4.84101482546232,4.14381536296667,4.06587505991207
1636.71,496.79,0.470775816923679,0.00712720468978,0.00544734420361699,0.00127819892924147,0.175577960474469,0.00306177961491334,0.0234977095122608,0.229548054483611,0.074040969478806,0.00475384247748916,0.00309736987945069,0.00138293599345139,0.000410813339231149,0.986298844646818,-0.863464581890827,-4.92263116297195,4.19046289970869,4.04908684308046
1636.152,497.29,0.470873884669571,0.00887811118488171,0.00599464803329393,0.00134001586967435,0.175269824947776,0.00292394701471993,0.0228065842954998,0.228098230045504,0.074266634819361,0.005075664340194,0.0030453986041164,0.00100703609541237,0.000420020079996114,0.988263654048522,-0.85866485276586,-4.87364518639385,3.97100146740155,4.09339222242457
1635.552,497.79,0.475674074013316,0.00804849190742081,0.00601432529030962,0.0012734047068811,0.171299590500934,0.00286977437565234,0.0231007097026877,0.226297960296841,0.0755163850890666,0.00513463025125649,0.00311789348923143,0.00124572199586195,0.0004070383805409,1.02131888645549,-0.819064361033205,-4.90171982988585,4.07924816805831,4.08918060286382
1634.923,498.29,0.476394599630036,0.00659963412626427,0.00558218201042403,0.00123014562347318,0.171183506436535,0.00300531836025576,0.0234913843790935,0.22735299862056,0.0752301026757457,0.00489092811061699,0.0030871235554992,0.00150726072236033,0.000444815749136188,1.02351038346925,-0.822184665762789,-4.93560356271442,4.27923228954644,4.04235261227018
1634.273,498.79,0.479527038470721,0.00789391524728554,0.00586151519912827,0.00113251207502739,0.170684873923858,0.00300982938858632,0.0233817830841467,0.223726229999939,0.075498764439529,0.0046361575395716,0.00302615388696509,0.00117230303982565,0.000448923705416265,1.03298126779069,-0.815702722747045,-5.01538077323471,4.10670804078233,4.03793561820722
1633.594,499.29,0.482618146473345,0.00666911023737009,0.00559604917498859,0.000979129932277697,0.171852107477633,0.00286489946816603,0.0239115985546858,0.221840825532115,0.0744373576356309,0.00459343646018494,0.00292717989138703,0.0013068678970964,0.000403291265119594,1.03259148726967,-0.836676332114384,-5.16772519256576,4.28173930062851,4.09410100678679
1632.894,499.79,0.485574941965795,0.00686134372177287,0.00553675602409948,0.00098855963162281,0.16923894267279,0.00288141497616461,0.0236771335470074,0.222363232980487,0.0733250234037896,0.0045625829151822,0.00306741216257182,0.00146537009843464,0.000457285900282901,1.05402205787121,-0.836409644288199,-5.14281789115698,4.25943033583603,4.07303009366821
1632.252,500.29,0.480968893505134,0.0075312721072023,0.00559197209534364,0.000958915873022364,0.169847718434493,0.00293604092464843,0.0237326567081175,0.223112530515606,0.0760099285617898,0.00457682981185621,0.0030045349155786,0.00127787296511509,0.000450833582092604,1.04090033585673,-0.804038290965587,-5.17685419328412,4.15673863146426,4.05784021212223
1631.652,500.79,0.48590454865345,0.0072143096976331,0.00563526986611946,0.00104160494481677,0.168188012811117,0.00281607564422018,0.0228487791288149,0.220128963582289,0.0770538172950081,0.00473192186507578,0.00296264879513751,0.00104576304838889,0.000428284667928651,1.06092972513682,-0.780578373898736,-5.08431973773783,4.20994569101861,4.08973817729754
1630.965,501.29,0.480670067173955,0.00832473915507614,0.00567267381661004,0.00105607740025333,0.170225637182183,0.00289156676257047,0.023875814382267,0.221730831369318,0.0763101089215313,0.00468060110728115,0.00279143039128545,0.00127699681731513,0.000493455520352976,1.03805626917785,-0.802319415881853,-5.08256335624579,4.05594940106412,4.07532634693731
1630.215,501.79,0.476720427815494,0.00682628989844269,0.00565651440175602,0.00106059645032925,0.172743087146715,0.00290520243354895,0.0238654997332912,0.224549064543533,0.0756194871080342,0.00479555963619462,0.00343758025959658,0.00141204899955601,0.000408641573509212,1.01512476852268,-0.826091429381417,-5.0929740064665,4.2461488945306,4.08530237292791
1629.581,502.29,0.476600286587134,0.00903148676530531,0.00612464439243107,0.00102637694192198,0.172737033192841,0.00293625747458745,0.0234501393015174,0.222993785009224,0.0749570329407118,0.00487135095157854,0.00319258907523122,0.00167561025830661,0.000403407109209868,1.01490776726211,-0.834855343472275,-5.12573532965322,3.96596116478367,4.0746345961068
1629.031,502.79,0.476886598198077,0.00754198043434411,0.00564991931688294,0.00111884791232435,0.171675393330196,0.00293526860754387,0.0233172107174074,0.224536492301486,0.0768191521549116,0.00490086902440664,0.00294787534458415,0.00118398272036576,0.000486409937470584,1.02167327736037,-0.804151459555329,-5.03330593946336,4.14679391839077,4.06880647778998
1628.423,503.29,0.477741606066614,0.00822817598638977,0.00592142992672564,0.00127382695993468,0.170027651105724,0.002959116017388,0.0242176357345238,0.224312932914623,0.0754915692908568,0.00474567165324618,0.00311794465088614,0.00153605409980408,0.000426385593283574,1.03310893586006,-0.811940092388478,-4.89393535368876,4.06150565296458,4.05107049642768
1627.773,503.79,0.481291829109378,0.00876310169616338,0.0057139990843087,0.00101494455158341,0.170711325649922,0.00291676494161668,0.0229733926576072,0.220447877634614,0.0760343949873906,0.00485700594559001,0.00333725721640518,0.00149947118293869,0.00043863534248242,1.03649982358394,-0.808788172337854,-5.12513999385114,4.00592388227168,4.06949887046846
1627.094,504.29,0.484267774215362,0.00727202138302797,0.00549081344673335,0.000981264252329969,0.171131419014768,0.00288832999490169,0.023035178323446,0.22001437765448,0.0749035267917139,0.00513137208473857,0.00294592594014715,0.00152949232374041,0.000408504574611281,1.04020621265689,-0.826230817496699,-5.16134527890659,4.19860370890872,4.08175331491751
1626.394,504.79,0.483013574824987,0.00805814943524583,0.00560213915397443,0.000992446085820413,0.170494545819708,0.00288332829454176,0.0227375914861159,0.219594453839506,0.0768007982300488,0.00480732764929156,0.00301793346872192,0.00149561304644626,0.000502098665592674,1.04134145160067,-0.797488273164637,-5.14628589637246,4.09336082693334,4.0797580221683
1625.752,505.29,0.481657448700756,0.00859459267631443,0.00571789905655203,0.00116895923913336,0.169395851323871,0.00299391216352094,0.0222876543063835,0.221037609946155,0.0776567475402925,0.00502641718832503,0.00279711405794467,0.00129908257670018,0.000366711224051955,1.04499488254574,-0.779939848836104,-4.97612447777144,4.02609992711,4.03565734343834
1625.152,505.79,0.478855307165577,0.00813815981279939,0.00528494478652208,0.0012557203521695,0.172406036629909,0.00303556746002715,0.0231958847314233,0.221082125202963,0.0769822091724366,0.0048547240745614,0.00310872681967528,0.0013583618418251,0.000442231950111868,1.02154610618328,-0.806278027422291,-4.92214297916192,4.0748343918208,4.03945399383453
1624.523,506.29,0.474887534878424,0.00835220528005677,0.00586526963156996,0.00151559618560359,0.172165813231242,0.00289759212941264,0.023535544234821,0.223758503326865,0.0772395561843771,0.00509104527953113,0.00301695627986841,0.00125825145755674,0.000416131900671505,1.01461996447475,-0.80154633123482,-4.73264915944629,4.04055239793442,4.084577950949
1623.873,506.79,0.469212128402353,0.00838271124849779,0.0057891348813502,0.00135116430817092,0.17595564665845,0.0030362749168979,0.0231082051924256,0.225239090172092,0.0775062999409003,0.00515309899969901,0.00320324806717593,0.00170268672980888,0.000360310482178912,0.98082300989866,-0.819872733040963,-4.86926528440587,4.02488356538136,4.05960054788477
1623.194,507.29,0.463513679356926,0.00767902381724625,0.00555326665322545,0.00140913593450038,0.180966583973982,0.00306152861663613,0.0235926172672844,0.226742682574051,0.0773698905125485,0.00501744435775836,0.00333546639550479,0.00119875172032925,0.000559928820007539,0.9405235024527,-0.849714701848069,-4.85533569116065,4.10034346579469,4.07939805614131
1622.494,507.79,0.466661822441533,0.00877465325256689,0.00571508469687261,0.00148299346690183,0.176853851929653,0.00285589090805,0.0234834822932562,0.226405871200861,0.077755318188524,0.00493780675505176,0.00334691918291134,0.00134207055393714,0.000384235129880282,0.970281150211936,-0.821756746328333,-4.78126103836671,3.97373759320475,4.12593984990069
1621.823,508.29,0.462612083542549,0.00764162272687819,0.00583971600192057,0.00143273559106386,0.18037196189187,0.00303137844765736,0.0243674922842134,0.225719581562099,0.0797475572627279,0.00465858811818311,0.00299292312121009,0.00117014064760967,0.000414218802017696,0.941867696723038,-0.816155062402469,-4.83543555610377,4.10327889095587,4.08600372437309
1621.173,508.79,0.460361295431254,0.00855716974673009,0.00573977848042427,0.00130807451649913,0.180699119893342,0.0029037941816933,0.0244279634832843,0.225110218402509,0.0803962722063695,0.0050124628002638,0.00360048604374175,0.00142182012662949,0.000461544687259726,0.935178279003131,-0.809865517528292,-4.92827710583303,3.98524210763209,4.13081510666757
1620.552,509.29,0.46421257195774,0.00770665728748815,0.00606159092831607,0.0013144948377417,0.179560440049686,0.00297959583457622,0.0242630592446496,0.223623286481962,0.0797545534279265,0.00512218902903242,0.00372087742808678,0.00111526149654291,0.000565421996251297,0.94983071191454,-0.811558028311869,-4.91705942660668,4.09825803842248,4.09872419928369
1619.952,509.79,0.461624015672162,0.00719408615945037,0.0057812570545101,0.00140512076220093,0.183554360884786,0.00304920014932161,0.0244013095373122,0.224343607085949,0.0783299765336023,0.00474833912743763,0.00347866495908522,0.00160223409796423,0.000487827976218661,0.922239872633353,-0.851580496431273,-4.87238761739009,4.16149141908743,4.09763155812386
1619.323,510.29,0.461765890173884,0.00779969783741769,0.00603876519365212,0.00136275997590775,0.184240662290132,0.00301826098367716,0.0237479152015595,0.222775925246727,0.0786923785264919,0.00515269080602486,0.00335250170204795,0.00156016389011332,0.000492388172365022,0.918815181204619,-0.85069654158927,-4.90673081286069,4.08097303727215,4.11156201790843
1618.673,510.79,0.466807714609161,0.00888164858123717,0.00589041978444745,0.00135525673946857,0.181215543345206,0.00287503106276058,0.0223306734406494,0.222997257273288,0.0769033418928496,0.00558669501431188,0.00339734562958463,0.00130693688967428,0.000452135737360908,0.946230256878516,-0.857137836769107,-4.8956962579748,3.96193023604602,4.14362369135138
1618.052,511.29,0.475397989405935,0.00833713048926354,0.00622733572554157,0.00133612424294204,0.173935847050559,0.00274581838203186,0.0214788498414687,0.222674716637239,0.0774904596457253,0.00520566345806991,0.00336048299823432,0.00140732091663344,0.000402261206356439,1.00546578953098,-0.808531708681817,-4.86891346911337,4.04343323451822,4.14860737005939
1617.452,511.79,0.466686862053177,0.00823463030880442,0.00577996586825516,0.00124062880108778,0.175903358138201,0.00296687185796014,0.0226932166625813,0.229948756133771,0.0764726830418877,0.00513826131596838,0.00323742837189727,0.00123253523015803,0.000464802216250965,0.975723759087878,-0.833001150096328,-4.95431639400141,4.03731003188227,4.08242659145653
1616.852,512.29,0.472062345205544,0.00958481418810125,0.00590663442453057,0.00123542809632826,0.171110889918087,0.00291233144603638,0.0227283639067632,0.228505014901254,0.0757534062099291,0.00500260552371027,0.00347207991053393,0.00127524284066491,0.000450843428517896,1.01479923877856,-0.814828415537887,-4.93089427866575,3.89693107354924,4.07335788077251
1616.252,512.79,0.481417349975652,0.00808866649779132,0.00588519021031921,0.00132324245294913,0.169638757123706,0.00281420357344863,0.0217178324270742,0.222953629836804,0.0752628845528794,0.00558213992826268,0.00331967293703147,0.00153954170006582,0.000456888784016527,1.04306334733605,-0.812684105761446,-4.85358608970805,4.08627068127998,4.09899191886427
1615.652,513.29,0.47959170090605,0.00788134389947376,0.00579703071339196,0.00143982890661744,0.169709017011723,0.0028286315191637,0.0219246674416747,0.22513133724387,0.0751018307346899,0.00546868760371649,0.00331227204557757,0.00132224657680123,0.000491405397250792,1.03884981296275,-0.815240370075888,-4.76956101416179,4.10843668385738,4.09429227327336
1615.052,513.79,0.481757653292764,0.00743286755902857,0.00582938224755911,0.00140899248393273,0.16899589836237,0.00286768869045818,0.0222651066901211,0.225098434981048,0.0744842698523151,0.00510651723854761,0.00328044569111946,0.000934646087884826,0.000538096822851611,1.04756674902549,-0.819286484413641,-4.78699954600846,4.17152946599454,4.07636807360291
1614.423,514.29,0.478371415011187,0.00831412299138925,0.00580018136822835,0.00126809444708116,0.167301596718422,0.00290591735032884,0.0218362261848261,0.220056232625941,0.0842281680113906,0.00473760932944606,0.00306482642891043,0.00160180351210252,0.000513806020747169,1.05058929763005,-0.686268749734746,-4.88228281366946,4.05243181561229,4.05304902828983
1613.773,514.79,0.484204812814798,0.00684247978989612,0.00559237027175458,0.00110586611220214,0.169924074544992,0.00278015809077291,0.0219720103684297,0.220862297765403,0.0770067463175193,0.00481559281902902,0.00336461100224592,0.00105992191623625,0.000469058186721486,1.04715626721734,-0.79145868443313,-5.03472287706494,4.25935777586514,4.11284392369196
1613.094,515.29,0.487088022939363,0.00713743013882092,0.00545582541358677,0.00109030657360428,0.169073711592449,0.00272791270679338,0.0222665069839716,0.219250349842464,0.0758943518685451,0.00484199139773869,0.00337716022355577,0.0013918578995716,0.000404572419536233,1.05811006890505,-0.800992516902021,-5.04387586621822,4.22309206497727,4.12679804260725
1612.394,515.79,0.486126182323039,0.00793377474837393,0.00567471740123934,0.00115118790028958,0.171099227415383,0.0027344773736888,0.0219462114763579,0.219327827557901,0.0741124590369875,0.00497295845543722,0.00320773147757079,0.00116526639765907,0.000547978436073875,1.04422455912102,-0.836660009170456,-5.00144929947387,4.11533929359808,4.13630333610636
1611.665,516.29,0.483616953288084,0.00828403796338288,0.00557832885127055,0.000939970373363699,0.171796057175675,0.00280563586909375,0.0223978688148357,0.220178177094371,0.0747221542012613,0.00494472732623451,0.00332723157861216,0.000961932297975001,0.000446925165839983,1.03498511534974,-0.832531435381746,-5.20821498111639,4.06696264829457,4.11467785462032
1610.915,516.79,0.478293078339241,0.00864122221306295,0.00583628719808754,0.00116615832715083,0.173023383617729,0.00276976341604155,0.0222581265628005,0.223726540818289,0.0745407083779848,0.00510977385760998,0.00292583738631055,0.00132552963481988,0.00038359025087242,1.016796928418,-0.842081353451329,-4.99971188549526,4.01367964654544,4.13466484360378
1610.223,517.29,0.473538849402767,0.00756335395627164,0.00598403291942565,0.00110786528625612,0.176138320436102,0.00283876547695607,0.0221595348303261,0.225052690474253,0.0757539112437181,0.00525623007040629,0.00295802260535587,0.00131628662280531,0.000332136675356462,0.988964358633436,-0.843779521303181,-5.06883459980816,4.136919219754,4.12790033148528
1609.573,517.79,0.471229831885366,0.00754936251833465,0.00607469254202866,0.00128060476136748,0.174338260182782,0.00284779420060927,0.0225578246643349,0.226321787205235,0.0775019745007334,0.00511564932866975,0.00324607920568656,0.00152769942457407,0.000408439580277558,0.994348504701987,-0.810694022620607,-4.91366499991303,4.1338828157477,4.11445270616743
1608.894,518.29,0.47021619870144,0.00861745174126118,0.00586493495427234,0.00128936631569742,0.175741750017659,0.00282539401352826,0.0224910332981654,0.22811917332559,0.0744267084944574,0.0052841595181582,0.00328283875857569,0.00132188077061501,0.000519110090580787,0.984176998163975,-0.859200725451086,-4.91486471847097,3.99940316686745,4.13036775932279
1608.194,518.79,0.468445011148614,0.00922928853194466,0.00591652551787742,0.00131527968674459,0.177595137261382,0.00279692327274636,0.0220035796151746,0.225085889550002,0.0768344411233694,0.00537165583440428,0.00332727798514337,0.00156203419503878,0.00051695627755751,0.969912272743512,-0.837853458141983,-4.90545711734408,3.92703675922745,4.15098646803665
1607.552,519.29,0.473228741986015,0.0074043899988672,0.006430640054649,0.0013044358829715,0.175677763144194,0.00279538321236788,0.0223333154068753,0.224072334402437,0.0756630024223603,0.00528296532603459,0.00373823862251571,0.00158591941561272,0.000482870125099978,0.990927444193061,-0.842362124177509,-4.90288075194957,4.1575058024739,4.14068222208037
1606.952,519.79,0.474929729374538,0.00870324780011307,0.00592867687294867,0.00142297308473601,0.176767018746764,0.0028788014397406,0.0225613742113319,0.221396938115399,0.0745508741201302,0.00550269129981114,0.00333537640243854,0.00152946947802039,0.000492829054028793,0.988334267680064,-0.863350820822984,-4.8220841827741,3.99947058857646,4.11745854648208
1606.352,520.29,0.471154957715337,0.00930318692233876,0.00621110344169655,0.00147701700926503,0.174968153223679,0.00289230458425226,0.0232944437897383,0.22292070012402,0.0772773952423441,0.00513252187186092,0.00333226709765035,0.00153986879689333,0.00049608018092336,0.990583061397278,-0.817202491903871,-4.77457945621088,3.9248300159019,4.10255035744378
1605.752,520.79,0.467554601691706,0.008544195357729,0.00583101881075622,0.00144169206629755,0.175299159557776,0.00309417101015384,0.0235607877793208,0.227026484751204,0.0772347917831443,0.00531814164878172,0.0032125272783018,0.0013447526466716,0.000537675618157881,0.981022139363686,-0.819643971332236,-4.80067652780591,4.00226399011202,4.03697397544112
1605.065,521.29,0.47125761238197,0.00828643366622378,0.00587837111605581,0.0013458165344481,0.17534148522346,0.00290202409892037,0.0228022713083807,0.226166926987452,0.0752719647091916,0.00545644562649646,0.00327592554901768,0.00163739105975334,0.000377331738630309,0.988669475568714,-0.845627665798147,-4.86973449899979,4.0407852127195,4.10132695798574
1604.315,521.79,0.474244772607417,0.00746926296608212,0.00613764078831114,0.00129830289981123,0.177533155553922,0.0029114155293112,0.0217345096953354,0.224277804650222,0.0739102010990766,0.00560108551909712,0.00316418246555763,0.00126383468123217,0.000453831544624279,0.982566202988382,-0.876306525667781,-4.91809943339874,4.15092725788904,4.11051798422404
1603.652,522.29,0.468344117105631,0.00831111808060216,0.00604641226509217,0.00134996011481479,0.176565237845245,0.00292377725203574,0.0221652542083984,0.228545520245993,0.0754364075606857,0.00530211607384327,0.00307604548047444,0.00147836541193101,0.00045566835525314,0.975512891082279,-0.850400410230586,-4.87361538016844,4.03160917246398,4.10081406780928
1603.052,522.79,0.463167296477096,0.00892941192291658,0.0062174168358862,0.00125289690384296,0.179911736887168,0.00284423286400129,0.0235159111182833,0.227268550270527,0.0766149818677353,0.00548226444865812,0.00304146887033077,0.00125065558558922,0.000503175947965555,0.945621940303563,-0.853673736639361,-4.96700798692833,3.9487377816825,4.14717299236904
1602.452,523.29,0.464306593562862,0.0078359362832178,0.00576042327373522,0.00120084058841189,0.180233306171463,0.00308674718919785,0.0232256564557596,0.227339212636816,0.0762071043715563,0.00546021312663225,0.00334407017242897,0.00156876731004937,0.000431128857869682,0.946292938992182,-0.860797465446737,-5.01123035510757,4.08182472724806,4.06713431015308
1601.852,523.79,0.463085333540009,0.00958346952598219,0.00580152603161017,0.00126139665701805,0.179764187342676,0.00300915551571804,0.0238822936077629,0.225386759041788,0.0771720902229965,0.00566449095400002,0.00344497199205197,0.00150850909205275,0.00043581647633393,0.946265421126584,-0.845608055623666,-4.9594263566511,3.87787165292488,4.08998644184493
1601.223,524.29,0.463196486529528,0.0100274321653915,0.00627149095949774,0.00110917463500416,0.178162157069895,0.0029013496266489,0.0240048269844581,0.226759482938449,0.0764220202006608,0.00555933131012702,0.00358434998328948,0.00155665762728592,0.000445239969764056,0.955457210654549,-0.846423253196797,-5.07907796369379,3.83282678723573,4.11751811313047
1600.573,524.79,0.46175131332898,0.00891414383431884,0.00606349001156755,0.00120578867717627,0.179129826219329,0.00303341661670407,0.0237391038828178,0.228461293291937,0.0768606701153857,0.00539373123616742,0.00352487022727222,0.00150222101370944,0.000420131544635355,0.946915634228446,-0.846116525341372,-5.00097697236028,3.94738725314633,4.0784212485553
1599.894,525.29,0.460493712945614,0.00955012533982195,0.0062798093095888,0.0014356397569667,0.180472624200116,0.00295822043089256,0.0237359849569921,0.228970051083362,0.0756029296859761,0.00521756964469031,0.00352779489968913,0.00128293583871791,0.000472601907572888,0.936720103143428,-0.870084064894427,-4.83396852625715,3.87574492393729,4.11099121802929
1599.194,525.79,0.457173777573754,0.00810219836026674,0.00629259281435798,0.00151576641008412,0.180293040780437,0.00311469483974124,0.024415260119709,0.229082534423532,0.0789407154594868,0.00520926890605353,0.00389087368908936,0.00148028394839963,0.000488992675089316,0.93048004442427,-0.825886397937071,-4.77866233917325,4.03292814853025,4.05845234879296
1598.523,526.29,0.463819983820117,0.00949264192631606,0.00609353481615636,0.00155806280857467,0.178958605911095,0.00318825815458336,0.024482892936449,0.224200133389708,0.0770364402481803,0.00551425505399398,0.00355890842385967,0.00161687856986702,0.000479403941099899,0.952341983838504,-0.842875967321989,-4.74371126697767,3.88897954661508,4.02767979258414
1597.873,526.79,0.469728553166496,0.00925245592012069,0.00616369729704829,0.00157086754730453,0.1786493303083,0.00280314634174431,0.0221384067902017,0.221645495272426,0.0772730937107715,0.00567539242897122,0.0031336734576361,0.00153631767456323,0.000429570084416856,0.966730145567376,-0.838079017024124,-4.73379679119202,3.92726596024358,4.15468235604796
1597.194,527.29,0.46854269826243,0.00941804077021776,0.00625520651614318,0.00157971240142424,0.176410688856891,0.00294803882683056,0.0233854259597889,0.222680351446232,0.078410559297744,0.00541989096574979,0.00309691819703673,0.001356961587986,0.000495506911525877,0.976812499595476,-0.810856132956374,-4.71557193010836,3.90700015497953,4.0916745913567
1596.494,527.79,0.477755500994495,0.00783200146473325,0.00601359427116443,0.00157390591363305,0.172392735014062,0.00277821686922366,0.0219209612653112,0.221010961617848,0.078583848586612,0.00514135017018426,0.00305456017631385,0.00152386844239038,0.000418495214029597,1.01932388038094,-0.785609027452488,-4.69621484417183,4.11088100518569,4.12796590909171
1595.823,528.29,0.481550109926696,0.00963681137956569,0.00612834157066019,0.00161187552738983,0.175131883334194,0.00272893741353677,0.0203757598718766,0.21683399633769,0.0756904142772678,0.00506753459964295,0.00334659342047105,0.00138685586687102,0.00051088647413709,1.01147098713585,-0.838887784499551,-4.68814088430411,3.91142001213218,4.16162700152967
1595.173,528.79,0.490683609966892,0.00739768138234788,0.00613663422819179,0.00137421805260599,0.17277385336516,0.00239853016408625,0.0193210438976057,0.214794900842661,0.0743717571629672,0.00536868884585315,0.00335239916530688,0.00163520400209251,0.000391478924229774,1.04381600783005,-0.842907271631947,-4.83409865303721,4.19463291680374,4.27712741526668
1594.494,529.29,0.492065053043061,0.00884516656068857,0.00597649409558591,0.00135108103245388,0.170722331056201,0.0024585428216696,0.0199264895696321,0.214070911080094,0.0750704875402167,0.0048220964888656,0.00297036673636263,0.00137901901906376,0.000341960956104953,1.05857248765834,-0.82161093568716,-4.83913340493577,4.01873977089379,4.24046961620415
1593.794,529.79,0.496258203545891,0.00789717134119132,0.00602518474983947,0.00142358050086525,0.170394314384911,0.00245317312610877,0.0199562477552486,0.212147233922138,0.0734656784318847,0.00458963224170394,0.0035252119589469,0.00141813867937876,0.000446229361892012,1.06898111538679,-0.84129691050426,-4.78494007005281,4.14059172566178,4.24073290747024
1593.152,530.29,0.499334396002068,0.00835020678959159,0.00563609339996553,0.00146475960709978,0.167912071342409,0.00219175426503533,0.019831337239359,0.210364251249354,0.0750280027571946,0.00477123901430295,0.00318800620368775,0.00138398242288471,0.000543899707048079,1.08983554605885,-0.805579043576009,-4.74174931923518,4.09098969980517,4.33873820008858
1592.552,530.79,0.500995574861924,0.00698688916149751,0.00569085532819323,0.000936565802680202,0.169338676269805,0.00237227245511251,0.0202558069786604,0.210023527832245,0.073854439267768,0.00474671038028903,0.00305656099533666,0.00136208067025629,0.000380039996232082,1.0846965572479,-0.829804592062766,-5.19743620627913,4.27256185252307,4.26805237361555
1591.865,531.29,0.501041161107171,0.00844551149258919,0.00570567048084963,0.00136023528626819,0.169435383981292,0.00247941621800784,0.019892364926161,0.208827324371994,0.0726531367735951,0.00492977677721089,0.00341457797731722,0.00134732166013273,0.000468118947410334,1.08421661691881,-0.846775073093632,-4.82481394929647,4.08305313967689,4.22444850218749
1591.115,531.79,0.503510559960147,0.00629018381085288,0.00532430395194965,0.00118559577275283,0.168877784654475,0.00266160812470292,0.0194840156672674,0.209798242055149,0.0734188340046271,0.00471954133759133,0.00308798752187642,0.00125955954573191,0.000381783592877289,1.09242939946106,-0.832994788811829,-4.95892987552471,4.38261439205073,4.15024478730522
1590.452,532.29,0.499044954138352,0.00900595283110597,0.0057043463229654,0.000764900984215814,0.170877583431467,0.00244703492831754,0.0194595996153888,0.210338047341753,0.0725824051166258,0.00472121087715128,0.00337291083717765,0.00123918280917449,0.000441870766305463,1.07174876637945,-0.856224875075117,-5.40895629969829,4.01481039577831,4.24607035547487
1589.852,532.79,0.500050337590143,0.0087456091395555,0.00564218727772124,0.000861210509613385,0.169161660265038,0.00236805532757734,0.0196097742468512,0.211137738966766,0.0716369565455282,0.00503266471882079,0.00350612258297495,0.00169506363327971,0.000552619196130571,1.08385394121755,-0.859243733641492,-5.28027113743131,4.04615700673787,4.26878574588234
1589.281,533.29,0.50354949305645,0.00936613181864611,0.00583218236644713,0.000864890550820924,0.167933100327304,0.00233376115253605,0.0190964280797431,0.209440074964583,0.0716493540522176,0.00502835597518353,0.0029532848076812,0.00153104501871894,0.000421897829668744,1.0981163175962,-0.851781548846108,-5.26871799865702,3.9845818205253,4.27608449309087
1588.731,533.79,0.505267141095907,0.00823389590890781,0.00545745284097151,0.000936577917401374,0.165603399200802,0.00243132964102655,0.0191598984856068,0.209690252376677,0.0729676314676864,0.00484046549254122,0.00335126221629401,0.00164899856073275,0.000411694795445391,1.11549151336201,-0.819579830052098,-5.17511832823221,4.11682800002875,4.2211574832327
1588.181,534.29,0.502244458632182,0.00846136179574273,0.00577020919343442,0.000846136179574273,0.167343758756685,0.0025153320974617,0.0204149583690011,0.210121986464019,0.0724732120977694,0.004866931349785,0.00307575995666025,0.00144282701789743,0.000423068089787136,1.09903683813778,-0.836833127133276,-5.28712509597573,4.08357684111947,4.19764529087089
1587.631,534.79,0.506415061960331,0.00915518082300661,0.00598942338957332,0.000786923299252141,0.165837593482423,0.00247254236063442,0.0197634036634271,0.207462110264099,0.0714824415621952,0.00522508038585209,0.00313753206401965,0.00190351891325554,0.000369187831930344,1.11634765665343,-0.841557109956446,-5.35063345191026,4.01303668437966,4.20576203986024
1586.965,535.29,0.504685779181082,0.00927539284757537,0.00594852397383382,0.00073154480740566,0.168130519499848,0.00241215165759582,0.0178341236459552,0.206750132227583,0.0739363979603752,0.00515401365092376,0.00335319990749793,0.00136921375533203,0.000419006884992914,1.09919543661701,-0.821535342944624,-5.43733738581093,3.99657105304284,4.24422142638428
1586.215,535.79,0.499832034285365,0.00836096001737342,0.00547783135337385,0.000794019741909651,0.170318365721874,0.00234586459361911,0.0185508800385473,0.20782279108119,0.0765222387737259,0.00494509161200712,0.00301546528765118,0.00152243671312021,0.00049202078024316,1.07660268535506,-0.800088023689157,-5.3683163793783,4.09069885543765,4.28501539461464
1585.494,536.29,0.493354342804538,0.00962256372025776,0.00580584311798625,0.000910410418890451,0.17289439352095,0.00233815082767151,0.0193885792062712,0.210853763914539,0.0744232278906378,0.0053212698305123,0.00341347430010787,0.00118262991138747,0.000491350536249809,1.04854669792249,-0.842912870081686,-5.24654073740257,3.93711693578886,4.30332059364979
1584.794,536.79,0.485361560857065,0.00872515367715907,0.00605948213385699,0.00084077305612473,0.176561204068932,0.00245405613269424,0.0198349627340711,0.213666714830031,0.0764477736579772,0.00493655519692179,0.00312986018592575,0.0014869964605616,0.000494907008679645,1.01122651797658,-0.837059771120004,-5.34710108698255,4.01868401814247,4.2759253615416
1584.152,537.29,0.478425842018255,0.0100965432542879,0.00583131795805346,0.00119834156859016,0.173420417403219,0.0026338310384214,0.0201598628895613,0.220074397993752,0.0776688017615392,0.00507633985700096,0.00358929649559558,0.00130374063580842,0.00052126712591637,1.01478241393604,-0.803265149826511,-4.97478023009805,3.8583081055593,4.18727934995974
1583.552,537.79,0.468460064772157,0.00874310085298545,0.00589905578616065,0.00127035533458012,0.181098617889887,0.00279729051680883,0.0214432331341513,0.221858322309903,0.0780276422022533,0.00521712356885463,0.00330702914747069,0.00143684714683209,0.000441317337955572,0.950409124321687,-0.841978581991556,-4.95974508076494,3.98118594201497,4.17039045699368
1582.981,538.29,0.461585129874565,0.00826484849864548,0.00600883283629658,0.00147972773009766,0.184807749220297,0.00263733011587406,0.0217326473467344,0.22499829262185,0.0779429508047442,0.00530766954265031,0.00342613882122613,0.0013317549570879,0.000476927629931477,0.915350409026443,-0.863338932191698,-4.82745798663674,4.02265509973256,4.24954900565399
1582.431,538.79,0.458686719545834,0.00782314093099383,0.00651604115876341,0.00170884409802104,0.184384621547689,0.00265769323215328,0.0221577447378361,0.229214023280569,0.0770307546154815,0.00472593253900125,0.00336389337179091,0.00135288260138035,0.0003777083404869,0.911343538411595,-0.872819157696766,-4.68120673452101,4.07128132131375,4.23956536980237
1581.794,539.29,0.463842124675556,0.00806642237495846,0.0061057701640576,0.00178479872197906,0.182486819552624,0.00280337867079884,0.0223585150200576,0.224406180450802,0.0774200694507091,0.00517169124238206,0.00384479673506302,0.00131547544959685,0.000393957491415723,0.932866296999544,-0.857431906571699,-4.6273723007074,4.05183418584463,4.17585259090026
1581.094,539.79,0.468903469367805,0.00754691071254009,0.00626795082463237,0.0017374768995871,0.18303789631464,0.00273364583866718,0.0226663346103536,0.218420513632153,0.0787287674038627,0.00470503623913641,0.00306298673791912,0.00169907319048705,0.000489938228215787,0.940703709929375,-0.843684594005861,-4.65725921192235,4.12925862264037,4.20405702480263
1580.394,540.29,0.465487488212861,0.00740789773175955,0.00574840786521551,0.00203691058496727,0.182035238320861,0.00296013972695643,0.0226301462766575,0.223343645628655,0.0775837641735996,0.00533150313317261,0.00353962569155089,0.00151432805176586,0.000380904601977917,0.938884932705034,-0.852842104751358,-4.4927660446523,4.1405385260475,4.11896381320831
1579.694,540.79,0.461029304025078,0.00861618407344293,0.00618869996919495,0.00229480317649679,0.181131387577142,0.00280360569074268,0.0231187863502477,0.229108811051975,0.0754827566712547,0.00504649024333682,0.00350508398702727,0.00129104311437904,0.000383044069681716,0.93423894104592,-0.875318424435241,-4.36857558818569,3.97981930342397,4.16831633070507
1578.994,541.29,0.467026263773792,0.00720152424405843,0.00578835590684817,0.00230430378174886,0.181021229720919,0.00294937085837616,0.0230706342699646,0.223918765242728,0.0761915055819574,0.00496506174131315,0.00345530582043678,0.00159484498267748,0.000512834075179636,0.947771179768293,-0.865364334487168,-4.36383573180392,4.17209279125156,4.11702243640381
1578.294,541.79,0.469092338043531,0.00923861613229185,0.00605367654303449,0.00230048873929093,0.178735831028644,0.00297872047916156,0.0230942490072841,0.221223841678715,0.0768349490982497,0.00517953664857285,0.00348052031372801,0.00132209362805863,0.000465138659438305,0.964890720429724,-0.844249308433922,-4.35278731575465,3.92740752668485,4.0944150725567
1577.594,542.29,0.470052038813706,0.00791523349084021,0.00622505476270255,0.00217911107767984,0.180026258744367,0.00292105737034175,0.023138239068544,0.221943375023649,0.0756602866123712,0.0049987349302844,0.00324929167492951,0.00125025358379434,0.0004410648467898,0.959740687291598,-0.866849314803467,-4.41418569105256,4.08405421676706,4.12115705829984
1576.894,542.79,0.467079644031467,0.00714967062810715,0.00585911636310586,0.00216027561750216,0.180705652627681,0.00294919705080295,0.0240884759115241,0.221437789673321,0.0776745334365777,0.00517905037650518,0.00351479648520351,0.00173719826280174,0.000464599535400465,0.949630308148077,-0.844342030293256,-4.42663366469321,4.17943349744668,4.11533653181059
1576.31,543.29,0.468867456918108,0.00799068235315037,0.00643033214121392,0.0021338122556396,0.178642317497927,0.002984003076246,0.0244377071298225,0.222432145881631,0.0756103036459294,0.00493221812006695,0.00352745838510421,0.00153256619819115,0.000478996396969097,0.964934540200128,-0.85979301494306,-4.42747540912113,4.07204396362799,4.09211986719999
1575.81,543.79,0.461803965689417,0.00806743503534409,0.00598189405931527,0.00212260756943445,0.183034838237026,0.00315284082732636,0.0246569159722131,0.226083325701976,0.0745670839929007,0.00523184063981301,0.003279303322475,0.00154044401418124,0.000477504938578474,0.92546397674164,-0.897977331104217,-4.45703118914909,4.04730489207066,4.06137261124263
1575.194,544.29,0.465983881572258,0.00790218685537021,0.00620652102693409,0.00265025451932788,0.180393539072614,0.00302983061416768,0.0244193954346937,0.221840763309452,0.0772798854041695,0.00515703831233238,0.00329982670543765,0.001300274062978,0.000536603110264596,0.94901025209289,-0.847707085495952,-4.22048511211832,4.07701150632505,4.08663407749012
1574.494,544.79,0.470862084723301,0.00955764748891834,0.00622058218708587,0.00234085820042956,0.172461499794361,0.00295777544212402,0.0234405703057168,0.223161815107618,0.0782616643056254,0.00532605218662889,0.00348215509756432,0.00146689210802906,0.000460403052597907,1.00439121542415,-0.790116139043133,-4.29965640751026,3.89722361917116,4.06573657599762
1573.852,545.29,0.467453556110964,0.00768423542970113,0.00616167696931225,0.00226626970834807,0.178324389278378,0.00306971209590713,0.023572718563267,0.224267005221204,0.0767170360237332,0.00512867961387917,0.00358503957480798,0.00132228346290696,0.000447397947591195,0.963695695185517,-0.843480507246486,-4.36546912388381,4.10812911518833,4.06202052602428
1573.252,545.79,0.468393353025658,0.00825285317579473,0.00631271691235519,0.00217639760805756,0.177127341373202,0.00299691114478514,0.0236016936330477,0.223582373739843,0.0767721346619833,0.00508136468276968,0.00370336748066265,0.00148739900700404,0.000512093554837073,0.972439524129759,-0.836027172292549,-4.39919788009258,4.03874946076697,4.07928677684337
1572.681,546.29,0.466822412561131,0.00855829103293399,0.00624878202689285,0.00210999341134548,0.175359128070452,0.00320732918217166,0.0243826616308312,0.223733539963438,0.0786207440539713,0.00537880123606871,0.0035356019339093,0.00165760340011693,0.000385111496738152,0.979112880937147,-0.802200447644989,-4.42015120662329,3.99904838792194,4.00139747118498
1572.131,546.79,0.4678696903398,0.00804108830444927,0.006138053434768,0.00181111726416893,0.179520757491852,0.00306845932475738,0.0235967245558451,0.220770201447078,0.0785679917932331,0.00522568609116411,0.00336463827585268,0.0015228818098463,0.000502709867184734,0.957898975835711,-0.826326454464456,-4.59634691400099,4.06362538242104,4.06911525484789
1571.552,547.29,0.466602675981035,0.00993261598406769,0.00599855678964354,0.00214429595616106,0.180329476032562,0.00292859984655915,0.0238198107410874,0.218876644273727,0.0793150108696767,0.00481184116478248,0.00338003057417201,0.00136569194868737,0.000494749837838331,0.950692494523566,-0.821358197206878,-4.43197432717545,3.84965420876876,4.1202611593666
1570.952,547.79,0.470048936063274,0.00876828248582408,0.00597764750499184,0.00221034739578812,0.179728087289874,0.00299053720008956,0.0241253421183695,0.217661532416144,0.0777619632910988,0.00535852177449202,0.00341318760651933,0.00149641089844053,0.000459203955093965,0.961391725990876,-0.83779267465818,-4.39829538673626,3.98169586106343,4.09599204573029
1570.323,548.29,0.468559037139874,0.00904345032527508,0.00604655965671145,0.00238420321947749,0.176988652661289,0.00325848755693748,0.0241116605665638,0.221255894535149,0.0775302041144142,0.00553942884679372,0.00336519155087945,0.00146976146494257,0.000447468361692119,0.973576485584389,-0.825418030317827,-4.30722063262095,3.94762133210957,3.99482247312487
1569.673,548.79,0.46494317924571,0.00828654864852628,0.00585072667179789,0.00186987820890116,0.173301036808983,0.0031613618870829,0.0249615158237877,0.228438674333318,0.0789978267759315,0.00522252908950967,0.00320776927604473,0.00136732014307058,0.000391633087336442,0.986885023505927,-0.785609836521261,-4.52915687962882,4.02728164756903,4.00402726776457
1569.023,549.29,0.469374172997913,0.00845572870858267,0.00625300409733668,0.0016380383426458,0.174501501908617,0.00315843371266656,0.0254736250057421,0.221603507329157,0.0793104105067499,0.00526144189949705,0.00321221335729515,0.00129407269887545,0.000463849434921588,0.989466912063341,-0.788563948472606,-4.66843395516604,4.01655609525423,4.01185710436165
1568.373,549.79,0.469660881695409,0.0102801518021942,0.00606721450283563,0.00192615785722553,0.176586399936648,0.00304457209690487,0.0241945407252636,0.218545208667101,0.0782305176016228,0.00569075480778017,0.00393394289752134,0.0014035002223427,0.000436157187151638,0.978200631316501,-0.814150452569716,-4.51828300345955,3.82179587930124,4.06044990983407
1567.694,550.29,0.487731416506999,0.00995838469142432,0.00680245542524499,0.00178787176138929,0.171835833099425,0.00267143432469704,0.0216985391928339,0.210293992018648,0.076467214215106,0.00547345040944094,0.00310467287438523,0.00160725399982915,0.000567481480577489,1.04322531602702,-0.809677485685854,-4.56551360994229,3.89134999946232,4.16392403387059
1566.994,550.79,0.485775345992919,0.00971869971033151,0.00610363694882523,0.00184229159961378,0.173792082394593,0.00262890247827486,0.0214689411007403,0.208324428709366,0.0791348567750241,0.00539555841647892,0.00368200836820084,0.00159253299002253,0.000540714515609913,1.02788661003496,-0.786706211049138,-4.54684942466791,3.9116944311197,4.19129320549975
1566.294,551.29,0.495953101306267,0.0106381889781051,0.00656862472709938,0.00176791346728921,0.169215201423689,0.00241863430512519,0.0192584122119098,0.204672906762671,0.0771360094288718,0.00627177904152476,0.0040373937826183,0.0016509299458805,0.000410904618948113,1.07531008237033,-0.785601066165854,-4.56137126688937,3.8420311078348,4.24796824192053
1565.594,551.79,0.503938984127916,0.0116333867787374,0.0069501275614077,0.00128162167863069,0.167792313206978,0.00231492915702669,0.0185020779626487,0.200615178405743,0.0749388225901841,0.00584739890875254,0.00413723498132971,0.00158734184988739,0.000460582790757906,1.09972821377573,-0.806054901853155,-4.87460077125361,3.76857606281384,4.28334789837501
1565.01,552.29,0.491237423597859,0.00980496695113327,0.00634994172172768,0.00152589798177012,0.17275003584941,0.00253213271513017,0.0204360023678995,0.207555217284196,0.0762948990885058,0.00539395744399219,0.00387541318743543,0.00181514450682855,0.000428967304112081,1.04508189186749,-0.817239587475699,-4.72926259290385,3.91403847300817,4.22278375212307
1564.51,552.79,0.483376001734533,0.00975555711748245,0.00654142925046967,0.00154869022502469,0.171566285728581,0.00284363351317995,0.0218246191711172,0.214911742526676,0.0771664687122879,0.00517381665175556,0.00345119660145887,0.00145457751135011,0.000385981256083076,1.03582512466295,-0.799004678066556,-4.70756014004724,3.90295773888963,4.09988705715804
1563.952,553.29,0.481622603211511,0.0102848204084864,0.00607401053647655,0.00135988837336793,0.170559066532923,0.00289345493169249,0.0233957511463351,0.216999668002925,0.0760261486094521,0.00504021181649659,0.00382564600605156,0.00145558859773179,0.000463141826551023,1.03807915846373,-0.808004326246526,-4.83167905003484,3.84649176501817,4.07663040180456
1563.352,553.79,0.489606944500633,0.00863785839367967,0.00617699923134272,0.00113622571938808,0.170680059412006,0.00298678256246063,0.0230030804084864,0.213639332135076,0.0740384559813673,0.00505002051679198,0.00316825503239341,0.00145987088869496,0.000416115217680273,1.05381210871683,-0.835206172766225,-5.01207880920394,4.03744823413764,4.04559406444861
1562.752,554.29,0.494085362266515,0.00877938718470165,0.00612400033682579,0.00103470113055806,0.167996474864376,0.00301066884142311,0.0229122280448993,0.211310886740022,0.0746276748523792,0.00485975012602129,0.00331058221259936,0.00141074635749443,0.000537537042185123,1.07876530413743,-0.811431581244602,-5.08983037396146,4.0303016918903,4.02178073570352
1562.152,554.79,0.491837502180517,0.00907774875455643,0.0060748648079219,0.0011712493401811,0.166528095258592,0.0028884775797503,0.0230998914838619,0.21426386865696,0.0745227215575577,0.00512789725628612,0.00342426185238634,0.00150653928669329,0.000476881984735246,1.08298434633961,-0.804059969241208,-4.95709304425288,3.99232215446478,4.05443446116878
1561.552,555.29,0.491392926359356,0.00711155676511534,0.00595694236178603,0.00128138215681057,0.168536015175585,0.00272607772576366,0.0230614526670907,0.2157826995136,0.0739501403010677,0.00494622648943545,0.0033553482858373,0.00146296839828372,0.000436263800268839,1.07009459824262,-0.823758380470441,-4.87921016150345,4.23552289095626,4.12428562124726
1560.952,555.79,0.486674469753304,0.00782480348128495,0.00556812386688623,0.00131649004881797,0.170245078326665,0.00304073256156164,0.0240663816518131,0.217169186943833,0.0739671955841419,0.00503905662030495,0.00317103362441393,0.00147038009718662,0.000447067439786306,1.05035642354074,-0.833617344105272,-4.86226989499558,4.13029683774734,4.02514057551824
1560.41,556.29,0.479451109116782,0.0084099578889703,0.0058712707465299,0.00148869504800123,0.170596435594175,0.00299186506655146,0.0241899027059287,0.219507361079254,0.0773742848807819,0.00468320970223872,0.00338602964919352,0.00160894864948525,0.000440929872108068,1.03334118542018,-0.790646252777021,-4.74140081198345,4.04322546019213,4.0434037804699
1559.91,556.79,0.477483233993831,0.00730367911143266,0.00599079743193582,0.00128696212702609,0.173991194113782,0.00280269247803318,0.0241367380355909,0.220112220392828,0.0771478575236009,0.00486386036799003,0.00309006142933936,0.00133992816903154,0.000450774825578316,1.00952435785715,-0.813280881239713,-4.90672018854155,4.18015083818693,4.1284241349541
1559.294,557.29,0.478717107277391,0.00960899530776226,0.00649066428388378,0.00114414400112487,0.170571573067599,0.00297318688894886,0.0230268902188728,0.220370752549661,0.0773459487777276,0.00494737391170247,0.00293123116244577,0.00138453897460204,0.00048759357827918,1.03195484068186,-0.790866791586546,-5.0044982318817,3.90841016173067,4.04952058791167
1558.594,557.79,0.481942908648262,0.0085952962821859,0.0060561992993672,0.00131136344629566,0.170898882146873,0.00275978702249645,0.0227833427804157,0.21829497198398,0.0772728751033759,0.00498759489671706,0.00307920681676687,0.00156341470213814,0.000454156871126309,1.03675361112516,-0.793729059335556,-4.87000465446563,4.02661055054819,4.12591853813276
1558.01,558.29,0.475870203061906,0.00964820033117392,0.00597042674955698,0.00132469569764402,0.175325799610725,0.00277140284112367,0.022624408099236,0.218795572727537,0.0777724196031723,0.00492577637044999,0.00309560468291549,0.00140836068907417,0.000467129535484995,0.99849917925691,-0.812859090629036,-4.88546318424045,3.89837373062387,4.14729232230655
1557.51,558.79,0.473625190887012,0.0085201818991215,0.00598892150951477,0.00114842134328106,0.176584150883856,0.00298319067288024,0.0237787457525879,0.21919182242859,0.0779483942950846,0.00513126827866404,0.00331115005550515,0.0013152185550628,0.000473343438840083,0.986618734074823,-0.817750542171359,-5.03540928397331,4.01797858209728,4.08080411496894
1556.952,559.29,0.475199460000614,0.00772726394629097,0.00631590191374783,0.00153408916580777,0.173747529832352,0.00292726940083023,0.0230533828938831,0.221430430192693,0.0783033201098635,0.00473635825413835,0.00318181456611981,0.0013943165973675,0.000448863126291902,1.00613136413382,-0.797013263029005,-4.72966643995439,4.11897978435649,4.08353322416262
1556.352,559.79,0.469212512698102,0.00796962477393962,0.00615089216976963,0.00146683005270566,0.176300900597209,0.00290974439803026,0.0244839901421732,0.223574282187126,0.0774777811689998,0.00527398289913038,0.00340286350736376,0.00127778208007434,0.000498813325376615,0.978863586865245,-0.82220099705201,-4.78908855208933,4.07541837269124,4.10412695611582
1555.694,560.29,0.474463512996379,0.00845970431793634,0.00617721450196208,0.00135636051564343,0.176006457996979,0.00286103758182884,0.0237363090237601,0.218355928020053,0.0781073449525953,0.00518994708156052,0.00325956754969737,0.00157713706034332,0.000449478401260804,0.991664031876435,-0.812436589618213,-4.86571566635411,4.02687049699726,4.11933633764131
1554.994,560.79,0.481034922194847,0.00777821914945891,0.00598262730447681,0.00171867071095793,0.174326251231312,0.00264287239587519,0.0223668288516249,0.218062230345502,0.0761450342241643,0.00491606411778348,0.00310554727664743,0.00143279963077856,0.000487932566571223,1.01501132012649,-0.828288683895492,-4.61937740109713,4.12461245989534,4.18906219623493
1554.323,561.29,0.477089131150573,0.00756967529216488,0.00620638951408841,0.00184590473011678,0.176309273049565,0.0028596300522762,0.0223910386230475,0.219358207002936,0.077232563698936,0.00456909344314794,0.0030682387114525,0.00105319182524683,0.000447662906448601,0.995463645044301,-0.825418508480526,-4.55927016021825,4.14355315869494,4.12154742203227
1553.673,561.79,0.479977161217092,0.00740086412068397,0.00611017538720662,0.00184106220936619,0.178437717403244,0.00283654022188862,0.0220321024495624,0.214963750869613,0.0767193163926623,0.00493390941378932,0.00292578997473545,0.00137993848632419,0.000441671853831789,0.989498903750676,-0.844086098104944,-4.57389692546807,4.17214175551413,4.14165454042526
1553.081,562.29,0.474625523508131,0.00994464210557788,0.00619010273523655,0.00183414710434745,0.176471399954463,0.00276559485012891,0.0226801776420343,0.219105258195015,0.0764523110253515,0.00488607589114251,0.00307377756107882,0.00154321342572682,0.000427776001766301,0.989367298219117,-0.836491662167838,-4.56657924313989,3.86549219725891,4.15590307581898
1552.531,562.79,0.467599720554809,0.00732366189823126,0.00612716101851717,0.00167084002884161,0.18096879566075,0.00294807948713061,0.0234635280291825,0.22530100351325,0.0745631986830641,0.00495420889088742,0.00313310539636475,0.0014891782270481,0.000457518611924415,0.949288015242912,-0.886677546489639,-4.68499810549563,4.15650216977539,4.11717067970525
1552.01,563.29,0.468853484561038,0.00753191942682161,0.00605636133267149,0.00178834921088241,0.180634603310599,0.00304631348469703,0.02424697805249,0.222002361799592,0.0756115859642919,0.00504772331132463,0.00331943906126399,0.00136789448512996,0.000492985999197623,0.953814095411827,-0.870866699631585,-4.61518325878992,4.13114040669303,4.0825440585527
1551.51,563.79,0.452464284114828,0.00697747324107663,0.00591383402749787,0.00146446325406422,0.186607102870706,0.00314165435084419,0.0255318196067894,0.233962559899682,0.0736172690223476,0.00523758341170675,0.00306663979578127,0.00152380312597967,0.000491513278695866,0.885703477515456,-0.930125720707886,-4.84751655651908,4.17202197850109,4.08425582787382
1550.981,564.29,0.446244328355614,0.00771647862594093,0.00636701841002729,0.00123646193696434,0.191407132799054,0.00311071223684439,0.0266458633937729,0.234513803174382,0.0723449750534569,0.00516423865236514,0.00357465709368427,0.00128318237922222,0.000391147888670619,0.846463878668615,-0.972956747415698,-5.04214872015535,4.05750850000721,4.11955102974351
1550.431,564.79,0.44846685736976,0.00786622136782037,0.00639039090384492,0.00146120714382935,0.183474298389972,0.00341848230184558,0.0259912642535189,0.23922176939924,0.0728567555802027,0.00536900823517898,0.00366257926120737,0.00126772936958867,0.000553436423990794,0.893760187741956,-0.923579333331859,-4.83281168947247,4.04325696618116,3.98287791322628
1549.823,565.29,0.451748119702064,0.00743815378175349,0.00606973368702196,0.00159933387630301,0.180686052807593,0.00323961797987979,0.0262820833655627,0.23798793333303,0.0738150596735812,0.00542704262008654,0.00358996992433308,0.00162322150887937,0.000493677739911457,0.916363756832356,-0.895198238971482,-4.72717379513116,4.10650209677285,4.02130559496991
1549.173,565.79,0.45667602990898,0.00787084446529403,0.00634450248001968,0.00155609077959004,0.180052289226932,0.00323918602722015,0.0254684004874226,0.233996006796455,0.0738513818887052,0.00528155517543207,0.0036968597859231,0.00149659319095865,0.000470259787067284,0.93072692898451,-0.891192583505732,-4.75107053871644,4.06080887490504,4.01792523233464
1548.61,566.29,0.462435892866792,0.00763020027982383,0.00623338043049643,0.00173826470138521,0.175408382988459,0.0031626760539092,0.0252818644498427,0.234074816660209,0.0740406491820844,0.00523663737751959,0.00290285606547464,0.0014060170170596,0.000448361926944597,0.969391064982673,-0.862502616686529,-4.61422955480543,4.10439384338166,4.01569835062034
1548.11,566.79,0.467340335033923,0.00907238670526796,0.00636040600900748,0.00194126823343432,0.172271040450235,0.00306778329188098,0.02451329218231,0.227630215637234,0.0773969157593894,0.00488388318548789,0.00354411836289083,0.00146725109464349,0.000511104054295244,0.997988707966643,-0.800122121356649,-4.48572756502629,3.94182238873613,4.02811380705835
1547.552,567.29,0.47004684367419,0.00899192795930964,0.00631719722670137,0.00196298440617628,0.173230682367352,0.00282784590871465,0.0248357600493796,0.221772978042327,0.0797742029637356,0.0049977750450972,0.00336733766202696,0.00138042900958405,0.000494035685405731,0.99820822676342,-0.775423949304859,-4.48015815897686,3.9565050756529,4.11510887154096
1546.952,567.79,0.461864859064162,0.00830614163251205,0.00616332466029981,0.00192589548975476,0.179395213725047,0.00308510552828415,0.0251904375501416,0.222586691121025,0.0808554740537805,0.00496279624415947,0.00346500505576259,0.0016194508558069,0.000579605019264694,0.945681065522145,-0.796927979897189,-4.53420022086557,4.01827713854874,4.06300540624968
1546.352,568.29,0.463318359824925,0.0081571066574522,0.00613913844736236,0.00161944252476388,0.18039391845197,0.00316056208246948,0.0250645012669892,0.223739921677033,0.0784174153420871,0.00463372494816862,0.00347270214236351,0.00141557244874453,0.000467634185671504,0.943271524413107,-0.833096858443145,-4.71306092609158,4.03952489020345,4.04439300961641
1545.752,568.79,0.466488906636516,0.00868756681962387,0.00615233887546854,0.00168899114411448,0.177238435634347,0.00302161096091407,0.0250876127880426,0.224051930383384,0.0771178265760145,0.0052329705001155,0.0032816343398018,0.00143361103984974,0.000516564301808207,0.967738319982506,-0.83216145249591,-4.65336452549567,3.98334133768979,4.0717058001067
1545.152,569.29,0.469738747657893,0.00808852493124169,0.00631769902505222,0.00166796605157253,0.174913182776117,0.00306826270874414,0.0249528656404838,0.224363057883214,0.0766492934813736,0.0050027292927333,0.00306709384675986,0.00162121157220119,0.000549365132613236,0.987886931708032,-0.82504936459259,-4.65268480144862,4.06173030202177,4.04317824389973
1544.552,569.79,0.477765820563809,0.00897063984091707,0.00608258275821734,0.00211720669084103,0.171194291730027,0.00309041993215581,0.0248122587437127,0.216899052520763,0.0788817405544508,0.00493508012633056,0.00328576441689086,0.00140952158147152,0.000555620540414084,1.02632157685203,-0.774849344549817,-4.39270149922564,3.97516369257268,4.01449213840324
1543.923,570.29,0.482230355983234,0.00812985054971005,0.00587401853710373,0.00204693765411635,0.173936341714841,0.0030108034712793,0.0238468804352269,0.213633081600494,0.0771671654397907,0.00524620016620725,0.00303918585694369,0.00143728401004509,0.00040189458100787,1.0197325368016,-0.812715331640832,-4.44234453104308,4.08287937604105,4.05648240294064
1543.273,570.79,0.479269277530772,0.007488929119743,0.00600245822351198,0.00173939280991809,0.176420799943204,0.00310605858913944,0.0250237391620741,0.214860493597082,0.0767085540853545,0.00468238332312771,0.00278768758375265,0.00148758020287,0.00042264582945076,0.999390555358137,-0.83285882144051,-4.61933595762306,4.15883679284968,4.03951746237012
1542.623,571.29,0.478491450289198,0.00708184710519118,0.00593900641519004,0.00164781680883885,0.174442671367965,0.00304425296202823,0.0244636566693946,0.217470844827262,0.0777762889349323,0.00485485812496609,0.00315277853142757,0.00122257376139657,0.000411954202209713,1.00904218617741,-0.80775954156298,-4.66214489119837,4.21310357875588,4.04834061842616
1541.973,571.79,0.478842722826643,0.00730910741826584,0.00575582590495412,0.00111576839066624,0.179897041509882,0.00305819474170786,0.0235179792609986,0.214020866517824,0.0766736251040193,0.00472030489607964,0.00325826355658595,0.00134002134800212,0.00049027852437157,0.978987503035558,-0.852826917266052,-5.08284138845344,4.18225103656243,4.07455990744594
1541.381,572.29,0.475823138576641,0.007722779375074,0.00539508370689065,0.0011622185557425,0.182076200262205,0.00300113071917432,0.0237668263721511,0.214502097967421,0.0764794118956871,0.00510941690300254,0.00312278350257915,0.0013794556689654,0.000459456494466428,0.960620945361693,-0.867403703147857,-5.05409455563228,4.12087190565264,4.10543615816481
1540.831,572.79,0.478665171220199,0.00829269739508897,0.00605392175709834,0.00117870768378997,0.176231628692799,0.00291546150305552,0.023610404704285,0.216252764140922,0.0769334705746008,0.00486972149323479,0.00303190420061539,0.00150057287610167,0.000463573758210034,0.999202134850894,-0.828858172029633,-5.00738054679514,4.05562604113711,4.10177107453369
1540.252,573.29,0.482158526048228,0.00806032444734074,0.00605055279898148,0.00129327352455599,0.173283003345521,0.00292858827513975,0.0236533803397833,0.21570505762724,0.076705539391189,0.00501436908483852,0.00327286506473633,0.00144193850188179,0.000432581550564536,1.02334683676476,-0.814952188135642,-4.89774949543111,4.09131914247279,4.08040562586964
1539.652,573.79,0.48524042216934,0.00837095133426584,0.0064101981870697,0.00135333975185744,0.172620074842413,0.00302230739886283,0.0239809079184,0.214287498410507,0.0745801467783248,0.00494559392541191,0.00324710712274519,0.00144530327526386,0.000496148885538339,1.03355140356519,-0.839218737544632,-4.84851765267278,4.05987694587362,4.04507250134302
1539.023,574.29,0.485288679044082,0.0088984887089931,0.00597732496273389,0.0013533779997232,0.175560239501394,0.00289393736571155,0.0232116238494018,0.210392990114555,0.0766218414562483,0.00477596092106845,0.00317641106389351,0.0013477058371091,0.000501419175086047,1.01676169935844,-0.829100056425608,-4.86537853991055,3.99886247405067,4.10536424386666
1538.373,574.79,0.48337807144332,0.00808122292739266,0.00649402218677461,0.00116515736998909,0.17546226228861,0.00279320101744219,0.0237070383673729,0.21208700446776,0.0762060570030836,0.00508834547653462,0.0036985521189527,0.00140000408429068,0.0004390612484769,1.01337511398063,-0.833983042326166,-5.01456783065852,4.09125589058935,4.14023573384268
1537.839,575.29,0.479056692629768,0.00830685007511513,0.00635262612127375,0.00103807660513154,0.179946328754834,0.00295874204803118,0.0245312714984211,0.210993544461112,0.0767360097364426,0.00488835642718195,0.003389409605117,0.00129647713938304,0.000505614898189071,0.979160313784808,-0.852287546555999,-5.15528905011805,4.05473846195203,4.10789443861185
1537.389,575.79,0.477117492405805,0.00866670811646208,0.00551134244044553,0.00103476453555504,0.18186319791093,0.00307098573534898,0.0252284919972288,0.211695947986428,0.0756754836302915,0.00499840122217683,0.00298549553230419,0.00164540884301778,0.000506279644005471,0.964508031265007,-0.876800498835577,-5.16908084565318,4.00827374386322,4.08125614811407
1536.823,576.29,0.479069576760028,0.00834336087861241,0.00613508488510982,0.001048183186078,0.176379535386709,0.00308360867532249,0.0253004385527538,0.214027704833388,0.0767589200832342,0.00482540991053878,0.00321767861772781,0.00134734752037088,0.000463150710127488,0.999207716763135,-0.831968521998871,-5.12557975779593,4.050379722817,4.04653756532191
1536.173,576.79,0.478422765995691,0.0081506844755313,0.00589831727088544,0.000773349724944911,0.178096782998289,0.00315220454600932,0.0259055514749122,0.213278093010561,0.0762287606210764,0.00485091104370036,0.00315109500551442,0.00161549096057359,0.000475992872311861,0.988167662050939,-0.848588299783161,-5.43935103440192,4.07239288083377,4.03422506330826
1535.61,577.29,0.476756479137694,0.00924582648261725,0.00622539717478136,0.000852657077331661,0.177912957830716,0.00309491173831988,0.0261477798121486,0.212845217727708,0.0766768829881017,0.00469795151082608,0.00324609995542171,0.00179202504388349,0.000505813520450986,0.985711404867735,-0.841694161997306,-5.34069226160392,3.94283357597022,4.05153504151686
1535.11,577.79,0.476736407133055,0.0080189925836482,0.00619890684279258,0.001067061202871,0.17739422548496,0.00324651988769872,0.0265372039458043,0.21491828965017,0.0760411034186872,0.00468180013777806,0.00317575106180883,0.0014938856840194,0.000489852966706585,0.988589214026417,-0.847100489983605,-5.11346618808686,4.08515093157752,4.00079089969144
1534.523,578.29,0.476158398215355,0.00673637477540839,0.00625724599856042,0.000903311593048237,0.180044726011967,0.00325060303191811,0.0265410968312664,0.214700242311686,0.0755946526591098,0.00479568344533152,0.00307257811941955,0.00142200146156255,0.000523085545366132,0.972545270367001,-0.867819749207464,-5.29489301867134,4.25822865516427,4.01436477045678
1533.873,578.79,0.474374640077615,0.00800879519427733,0.00600158393696332,0.000756324330586135,0.180368315468559,0.00300413360764478,0.0264290241411152,0.214357241276372,0.0768231704804052,0.00504141961742687,0.00299745032931854,0.00133888342469004,0.000499018115025903,0.966996432091979,-0.853494663712708,-5.47428594341667,4.08145705235226,4.09501174783564
1533.223,579.29,0.473616591217347,0.00837795705553892,0.00611007380528791,0.000969905409452009,0.177707368198552,0.00334567825121981,0.026703774814606,0.21636376847334,0.0769296824082718,0.00483411424847193,0.00335999013580878,0.00122091384685843,0.000460182135245108,0.980259916528952,-0.837246409417051,-5.21069492682702,4.03479401843642,3.9724687598464
1532.573,579.79,0.473801193752189,0.00875263611989664,0.00598422691675882,0.00082411542918628,0.17994770291633,0.00319703760330442,0.0256326411573851,0.215469729223951,0.0771486931805001,0.00481212709053007,0.00293743019598702,0.00110360765919181,0.000388858754790309,0.968121541927382,-0.846931629340426,-5.38611094424133,3.99143288540723,4.03044163725366
1531.923,580.29,0.476551632441685,0.00791165228506082,0.00603345888141907,0.000801109262588421,0.177770279405012,0.00324242549516262,0.0258690136076844,0.216420170076502,0.0756171166993851,0.00475861136591923,0.00313739861833792,0.00133853402591482,0.00054859783532903,0.986083923263711,-0.854809482729482,-5.40225008514591,4.09823942935747,4.0041704923014
1531.273,580.79,0.474357097383137,0.00912252915327402,0.00625101207390302,0.00075198477397201,0.17876718861952,0.00320869019336434,0.0263105941123363,0.215214049471282,0.0763552917323821,0.00461616611986948,0.00302457592717061,0.00143520397864275,0.000585616461146344,0.975876071000727,-0.850686998925276,-5.47112353967516,3.95121332298271,4.02022152263942
1530.652,581.29,0.47080755231519,0.0087709658827144,0.00637694745269711,0.000839868760694591,0.176916279998116,0.00323052323038867,0.027220045615302,0.218901868792092,0.0766893248083103,0.00496296279684147,0.00332022883900759,0.00139828617434734,0.000565145334299164,0.978772790392799,-0.835914108746371,-5.35018626293522,3.98300248152978,4.00303251136791
1530.052,581.79,0.47159024205654,0.00740177601592054,0.00612635449423667,0.000757958276961374,0.178067764889321,0.00325637112372729,0.0265946473328417,0.218402543092493,0.0771886472667341,0.00511650331620993,0.00383994200764341,0.0012127332431382,0.000444516884232986,0.973946297836252,-0.835911789382477,-5.4592911179103,4.15439050373962,4.00155075633539
1529.51,582.29,0.470584978173637,0.0091780337401787,0.00624449820835108,0.000858816257391752,0.18017965080079,0.00313693938226251,0.0259294708448831,0.216972017280287,0.0764753276779529,0.00509187638922005,0.00374150082661065,0.001167312097218,0.000439578321217621,0.960022142036922,-0.856986238363887,-5.3461546959622,3.93716356303325,4.05070680761588
1529.01,582.79,0.473971778096303,0.00879263021384062,0.00622130618337412,0.00081123147175292,0.177241208768461,0.0030916311123494,0.0266923127705737,0.216932247066419,0.0762490447050083,0.00492557370849152,0.00311848567141433,0.00155085078599938,0.000401699446012825,0.983636213780305,-0.843506679310853,-5.38671341661917,3.98723388513575,4.04881274655043
1528.539,583.29,0.47107185568672,0.00768276146581137,0.00615996059428685,0.000793524658440611,0.178490071360861,0.00331837584438801,0.0268107635307789,0.219303614482276,0.0765165169227024,0.00469126367674691,0.00346039872359755,0.00121846613036122,0.000482426923029235,0.970477665180296,-0.84702635203034,-5.41580364100345,4.11603159383264,3.98505751731273
1528.089,583.79,0.467917184094553,0.00836117724277831,0.00613366448718037,0.000745553550641611,0.18337186884661,0.00317546351247201,0.0258862596310196,0.217735941398576,0.0758497823944161,0.00524631854347195,0.00382153369055869,0.00127041410239698,0.000484838505325219,0.936775162016388,-0.882761324282819,-5.50514447669016,4.02469208749921,4.05606255131001
1527.61,584.29,0.473358822557393,0.00811286673998142,0.00628607570413507,0.000989179425523792,0.177314970455672,0.00321141431005305,0.0260320571627189,0.218379591906507,0.0762203773240873,0.0047703975521228,0.00356127385341227,0.00132194485438663,0.000441028154006576,0.981926065700821,-0.844298799356054,-5.1888071879076,4.06640242316489,4.01121621010932
1527.11,584.79,0.472757003022238,0.00940840813748929,0.0060365826153638,0.00092584239253011,0.177670395597456,0.00299742884207677,0.0257454102575669,0.217916911001849,0.0765032252244125,0.00489647706256484,0.0032387568225901,0.00139383824259101,0.000509720781271144,0.97865139717128,-0.84259722389086,-5.25698138490422,3.91697774862585,4.08217525508345
1526.61,585.29,0.469541972496224,0.00859746997771612,0.00626409675766107,0.000876002718317714,0.181643001799418,0.00310326220703015,0.0263636178912267,0.217556855511479,0.0758724467794483,0.00489139146710136,0.00363834634167267,0.00119095730389844,0.000460578748806221,0.949714460754981,-0.872989633725324,-5.33442931713371,4.00028972160071,4.06958934915169
1526.11,585.79,0.471283711285247,0.00764977083441572,0.00624812228790607,0.000923890822759791,0.180478345038209,0.00314439125985728,0.0259288039341033,0.215972468505262,0.0783737262617661,0.00501702082481539,0.00349000323022953,0.00105603657613741,0.00043370913929066,0.959849473599239,-0.834122051510699,-5.27477216999616,4.12078458098325,4.0499904851446
1525.552,586.29,0.472036444375353,0.00865148376326026,0.00622726591709671,0.000934991083789846,0.177464687189158,0.0032398004300959,0.0259657162425975,0.218625698286263,0.0763718741164053,0.00489912798000246,0.00352930971748625,0.00150950367744385,0.00054409722104879,0.978284551554446,-0.843157155155269,-5.24598992950257,3.99932535570594,4.00325991145228
1524.952,586.79,0.466772003274157,0.0076956107510433,0.00630230488126708,0.000912469975712196,0.179454665002751,0.00325179251148415,0.0265354320142775,0.221395855418238,0.0774816723248751,0.00506219556378568,0.00325962007255031,0.00147269970344726,0.000403678506411891,0.955918309395541,-0.839881191108841,-5.28152271076616,4.10519078876838,4.01071622707686
1524.352,587.29,0.46489095066397,0.00793355905373318,0.00596803271480081,0.000731026294960865,0.182273986456776,0.003218714273151,0.0263565209744086,0.221110720253276,0.0774898865535133,0.00505232609269194,0.00323410430041333,0.00125538650954182,0.000484785858763521,0.936291888223242,-0.855363543399854,-5.51881682382071,4.07070111962754,4.03652898939537
1523.752,587.79,0.468049739615684,0.00698975502876485,0.00585741031664975,0.000707990286021479,0.181326866142563,0.003188155014693,0.0259922582801333,0.220739058306958,0.0767751702090001,0.00519779203774776,0.0033090850324917,0.00138080093050152,0.00048591879879114,0.94827327860344,-0.859420009587727,-5.54562619858804,4.20412906182508,4.04085890871783
1523.21,588.29,0.470073404856014,0.00798720995889853,0.00626917740163443,0.000886373484957914,0.179125138427464,0.00310121290909966,0.026132697770716,0.220255056706017,0.076050845009389,0.00512564617721342,0.00300163267807353,0.00162064090274404,0.000370963717778682,0.964804204107741,-0.85668252906802,-5.30870153556194,4.07504735588453,4.0562913629778
1522.71,588.79,0.47456642583841,0.00726261016365585,0.00595203056538182,0.000929622986233361,0.176841614234227,0.00312317782232761,0.0259772425627384,0.218208171130597,0.0769376863827448,0.00504351013200202,0.00330532617327417,0.00140720707712983,0.000445374931277871,0.987147102346387,-0.832258670672066,-5.24823066331023,4.17966230858481,4.03640348086915
1522.152,589.29,0.472339578791607,0.00914666657871795,0.00611353519762626,0.000867394222428902,0.178173107261156,0.00307930445757079,0.0257953587263267,0.217979795980964,0.0760965281144565,0.00508013777166534,0.00360149996537019,0.00122688460358765,0.000500208328523638,0.974942583089204,-0.850752949258892,-5.32501729880629,3.94430866892611,4.05805184439206
1521.552,589.79,0.47471383724003,0.00808350173961958,0.00600999362925324,0.000881597313979129,0.177482864226338,0.00292659605847052,0.024378797365296,0.218688766542285,0.0764105831152184,0.00536524335485059,0.00312725813366726,0.00144410903297327,0.000486852248018325,0.983838109888952,-0.842752855655671,-5.30489395203031,4.07288701230852,4.10503407180476
1520.952,590.29,0.475880044972674,0.00778542616674026,0.00571848912077542,0.000840209358588801,0.175342773483741,0.00273646167246811,0.0243022022735206,0.217416009346916,0.0797824485440592,0.00502914304151383,0.00340708749079128,0.0013996148031014,0.000360089725109486,0.998423052330312,-0.7874392265744,-5.34084694556601,4.11291227029017,4.16007703831974
1520.352,590.79,0.477462327703045,0.00706059752255438,0.00558722677770588,0.000856403705811406,0.176898036730698,0.0029701283269168,0.0243000375303054,0.216633386826083,0.0778135757249084,0.00542797355282808,0.00322849719525002,0.00130632190756408,0.000455486496328823,0.992911759028655,-0.821257591776429,-5.33058689799613,4.21395557909915,4.08696834331976
1519.752,591.29,0.474951876088779,0.00865954935965172,0.00602168688770794,0.000988372028961394,0.175745107999202,0.0030235148801227,0.0244492608145199,0.217928870269835,0.0785408675856947,0.00484379424672719,0.0033298330786191,0.00111618825567212,0.000401078504506073,0.994178790098829,-0.805415599798776,-5.18073079988467,4.00455080117612,4.06261467309769
1519.152,591.79,0.475432350509782,0.00756682281620281,0.00600606227610912,0.000882887847891981,0.178648663543676,0.00293524386883439,0.0245345825296225,0.216768255717829,0.0771617525489115,0.00509231193166161,0.00322182419399284,0.00132929181592725,0.000419950399559107,0.978803498065197,-0.839517202618756,-5.30997820260242,4.14045132953391,4.10863056385685
1518.523,592.29,0.4756857255348,0.00726847193665515,0.00620980795310381,0.000867273284045671,0.177124983595083,0.00291679426046634,0.0244837919419047,0.218392099391924,0.0766940811059101,0.00525394811671552,0.00339691150094055,0.00133973489653966,0.000366376481910845,0.987901790310485,-0.837031069412073,-5.3192567507501,4.18121131378089,4.10637044820293
1517.873,592.79,0.47400878272404,0.00892223616132397,0.00628458510947887,0.000855601684172895,0.175847399897328,0.00293847406436959,0.024533424597513,0.219986637354589,0.0764123149965721,0.00506603392106448,0.00342022685978923,0.00132972491043431,0.00039455771932559,0.991609277578676,-0.83347269866121,-5.32556690626272,3.97267924457145,4.09172615201293
1517.252,593.29,0.4738289636754,0.00861967393391402,0.00622283509923371,0.000868404056625181,0.177993375691669,0.00283322278273316,0.0239945713836862,0.22027570737838,0.0758533488104174,0.00514169386793276,0.00288231597688911,0.00113023442545689,0.000355652917663077,0.979100086065972,-0.852944479130318,-5.32284450399454,4.00679916318216,4.14033147817618
1516.652,593.79,0.471896454723426,0.00822359650946035,0.00634208289759625,0.000738894009517477,0.178513092788329,0.00293163543687788,0.0237371060818921,0.221966372160998,0.0751212537039919,0.00541710512426804,0.00349968061061592,0.00116438378524845,0.00044834216777791,0.972097638449235,-0.865558423373009,-5.48726274000246,4.04975194098967,4.10910151059084
1516.052,594.29,0.471487377740147,0.00806988871495473,0.0060209661769162,0.000793096017126498,0.176438156560436,0.00297000784344613,0.0241987268894555,0.223312865986464,0.0765157158812828,0.00496204625335972,0.00312972097241229,0.00164635793900052,0.00045507302499948,0.982921904067061,-0.835474271123676,-5.40478141102493,4.06775263906237,4.08440583351157
1515.452,594.79,0.465590318778597,0.0073771379856397,0.00610438743271002,0.000895193424158622,0.178227757781234,0.00324699130743109,0.0259343444568594,0.225824032113149,0.0766572295623949,0.00509647405416467,0.00321416025275535,0.00140954661407861,0.000422426236827907,0.960243832722099,-0.84371835046351,-5.29377773815637,4.14492034662778,4.0053334544683
1514.794,595.29,0.459463541814886,0.00802957897248534,0.00638885666063208,0.000766181199664632,0.181878282265532,0.00298701213412111,0.0261771279588276,0.227599598083234,0.0765491636584933,0.00501520322409049,0.00339308816994337,0.00130360258400082,0.000448763274089284,0.926721910897463,-0.865404487967612,-5.46967426871254,4.04692750071711,4.10906408304761
1514.094,595.79,0.459578271456539,0.00729948780951287,0.00608419545436467,0.000828608423964681,0.182207677996138,0.00318185634802438,0.0260702306403928,0.227192276927564,0.0767523410950005,0.00519482241264258,0.00374310045385645,0.00142078724429144,0.000446343737708975,0.925162143360746,-0.864563235553154,-5.39315470730887,4.14250508517009,4.04768234070924
1513.394,596.29,0.456918151910232,0.00704719917586982,0.00652990241146693,0.00085846893450159,0.181962183058808,0.00314144244935033,0.0255070505222814,0.230469554814626,0.0765632442371811,0.00542441596419908,0.00353578430829558,0.00162167550981978,0.000420926703368521,0.920705396094168,-0.865681758754558,-5.3564036651819,4.17187401832032,4.05911680688323
1512.694,596.79,0.454614089216405,0.00824049427444737,0.00638241968760844,0.000890235019827962,0.182664474522981,0.00307203143205888,0.0259043978496889,0.230494374224647,0.0772409144476385,0.00497777738359595,0.00348777007768215,0.0015288095795053,0.00050221228391291,0.911797906073869,-0.860721700888619,-5.32392078131443,4.01038857660977,4.08531195039822
1511.936,597.29,0.45623456270038,0.00788216878262065,0.00609177460766533,0.000935661104434856,0.18217676456372,0.00296440496831612,0.0259291203455294,0.230685914974569,0.0760701346731173,0.00549867189336124,0.00337680536031821,0.00167731664811604,0.000476699377851882,0.918029619546086,-0.873321710209217,-5.27147938557938,4.05840397692414,4.11830112251345
1511.136,597.79,0.455259448658411,0.00773730913582276,0.00596014941470355,0.00106185293336873,0.18361281021156,0.00318666952493188,0.0260265041157908,0.231148500577022,0.0757481009382293,0.00519263856014519,0.00343436116106287,0.00113960367116769,0.000492051097784882,0.908038225124254,-0.885415874193694,-5.15281381573654,4.07481350298625,4.05385291280658
1510.336,598.29,0.454685600258848,0.00792224844321303,0.00597095028330817,0.00105239793230862,0.182939447916241,0.00310087449519685,0.0266721587188353,0.231139935795996,0.0764650472474769,0.00519683595954286,0.00306884979421369,0.00132626434071632,0.000459388814103237,0.910450979283246,-0.872321474686396,-5.15808390694005,4.04993113178527,4.07747104544855
1509.536,598.79,0.45841750242496,0.00781104001850978,0.00596228631432818,0.00103895063760868,0.178343552276792,0.00323921226629172,0.0262618689542862,0.230684862022016,0.0774874747492725,0.00534603507960097,0.00362297882943412,0.00133484021962571,0.000449396207273989,0.944068587154096,-0.833595451913272,-5.14550055760442,4.07224222625898,4.00838158651669
1508.765,599.29,0.457118165880216,0.00824420978623869,0.00657441083814443,0.00110869241897757,0.180553489902336,0.0032111518232582,0.0259539937714922,0.230843507614373,0.0763172482794987,0.00507700004056192,0.00339030029339787,0.00119206969438848,0.000415759657116588,0.928914849315503,-0.861128105369249,-5.0928457568066,4.01543081629032,4.02939738059615
1508.015,599.79,0.45637322643717,0.0078644078383084,0.00633301768627359,0.00118785907641447,0.182042470702265,0.00326466057902832,0.0264307009706984,0.229526719021695,0.0761467859210258,0.0055154583407226,0.00337173520000089,0.0014588917107513,0.000484066515646837,0.919070938411382,-0.871577144119277,-5.03208742400308,4.06096371083895,4.02108421545472
1507.236,600.29,0.455067218947268,0.00745667674145559,0.00621149059112463,0.00132071929771945,0.177434027905055,0.00312685014556793,0.0267676144965882,0.235624542496837,0.0763917815492515,0.00506960712766324,0.00320571563769415,0.00181390631890317,0.000509848744872355,0.941846275936089,-0.842723747011928,-4.90042235535666,4.11133530404478,4.03857271147365
1506.436,600.79,0.453529745470209,0.00725610290876916,0.00622030976099045,0.00152982096209974,0.183043411167693,0.00325503270020061,0.0255750983337385,0.233103416119073,0.0758626891321652,0.00520894046021189,0.00323949025210961,0.00162085530091845,0.000555087431821386,0.907337514092802,-0.880798359954401,-4.7845726338832,4.13521796300977,4.02952102245026
1505.607,601.29,0.449994694890578,0.00657833568325981,0.00609814124279572,0.00209251016994945,0.183848840478094,0.00318962867515557,0.0267432206717691,0.234626941423935,0.0766079677274333,0.00534886290175266,0.00315243821735197,0.00129947834913745,0.00041893956878758,0.895121892726407,-0.875412812169883,-4.47574951727584,4.22545401589402,4.05420939358754
1504.757,601.79,0.452613512421174,0.00883960159230203,0.00625737048704732,0.00188352277445894,0.179355438796583,0.00316135068846578,0.0251745386697966,0.236130196712417,0.0759133867422586,0.00557748631096396,0.0033274461712223,0.00134315880389106,0.000422989829419939,0.92566905929805,-0.859776486296757,-4.5562256889223,3.93579678097041,4.03837015922805
1503.878,602.29,0.460437963574742,0.00777499489642486,0.00588502578128601,0.00160131529557932,0.176848207602461,0.00288544065255519,0.0248780080910873,0.234208001966797,0.0749149952915404,0.00549100782987205,0.00311263206186631,0.00155192585877255,0.000410481097016219,0.956886350784867,-0.858937705826856,-4.7044664291945,4.08126532959943,4.11561415298741
1502.978,602.79,0.4563911974652,0.00754806728049284,0.00605642802265187,0.001434647897512,0.179770478256152,0.00317288438754563,0.0258269501183119,0.23304972824985,0.0758960521427108,0.00519278971612823,0.00379321342497252,0.00148725530704643,0.000380307731426022,0.93166941448308,-0.862316247313997,-4.8307614649162,4.10205878976449,4.03703984081901
1502.136,603.29,0.461989969320082,0.00752186173828376,0.00652292726838499,0.00140654566163908,0.180207778369739,0.00303010122535962,0.0240685797218599,0.229464433340069,0.0751347987434093,0.00541606194771554,0.00311506806532802,0.00165800157992394,0.000463873018205868,0.941432669971122,-0.874826692572153,-4.85297369629833,4.1177295005164,4.08551448277383
1501.336,603.79,0.456300485602417,0.00793895283895166,0.00639748850662559,0.00114639795882374,0.180308998342132,0.003115850862444,0.0250114639795882,0.233441898199861,0.0747251584380769,0.00540159202342179,0.00387776458276993,0.00187421368857952,0.000459734976307776,0.928479515576029,-0.880855208124388,-5.05804721955361,4.05137016985169,4.05816977157119
1500.449,604.29,0.451159714435094,0.00761653910331874,0.00603174935868997,0.00115511493510047,0.179615714686611,0.00348514012172955,0.0274887079364081,0.236516769544091,0.0757694847046248,0.0053703529039147,0.00386823771613283,0.00141944063093496,0.000503033923350206,0.921001760519036,-0.863124015158891,-5.04661980036305,4.08149933020574,3.94231139979522
1499.499,604.79,0.448035096607896,0.00836673060108078,0.00557898779720455,0.00109968748796122,0.177260984325367,0.00348701329781335,0.0272190164217663,0.242950384482032,0.0742335750233187,0.0057891191643309,0.00354888531146722,0.00190052147600942,0.000529998003752012,0.927248435690994,-0.870406592893434,-5.08259709671183,3.98060837098527,3.92857755307209
1498.52,605.29,0.447648235370024,0.00742628556681076,0.00592296277179173,0.00105383142998473,0.179823429468568,0.00344538357313375,0.0267737703507753,0.243422156268146,0.0741413424522012,0.00513258919930318,0.0033647332085941,0.00133019334580726,0.000515086994859883,0.912032313036928,-0.886002117501442,-5.13954291832199,4.0989819250736,3.95494018179836
1497.52,605.79,0.450848018897603,0.00713075441394802,0.00624658501989657,0.00110824728043403,0.179143095255178,0.00341746372532246,0.0270306368558451,0.24170829032988,0.072771225308659,0.00541981488738155,0.00297924244013091,0.00168665522360876,0.000509970362112072,0.922945394474245,-0.900864280993394,-5.08540516060053,4.1467132585498,3.95928622614259
1496.491,606.29,0.453612756464499,0.00786729232831852,0.00610569579216897,0.00137147378485005,0.178063013066365,0.00340450784091783,0.0271261689945822,0.239554051232458,0.0727441564007605,0.00523863424068925,0.00311548732375793,0.00130443860786619,0.000492323922766685,0.935106381097693,-0.895188915200309,-4.86625157664269,4.05452992127357,3.95703710459525
1495.441,606.79,0.455001861095041,0.00874154098669429,0.00654746689268881,0.00122428661760551,0.17694977734128,0.00344863153457376,0.0253804033418989,0.238748222990578,0.0737184230470835,0.00502944117818528,0.00323337234906071,0.00150905658177383,0.00046751604353617,0.944435560785003,-0.875613207017423,-4.97350762708811,3.95221502086837,3.93788845276743
1494.478,607.29,0.456111529107505,0.00841668334817412,0.00616410461721117,0.00137823765050746,0.17931930245989,0.00338116899402457,0.0258206726443986,0.235364565717086,0.0732858888252307,0.00520117897992007,0.00344099233110837,0.00163133638432352,0.000484338940620736,0.933569331623753,-0.894799951618143,-4.86836241118438,3.99252151197277,3.97094652344085
1493.578,607.79,0.454171200683663,0.00812989602620709,0.00597521720552628,0.0012123629112662,0.181431704885344,0.0033522290272041,0.0264338413331434,0.232687081612306,0.0755060532687651,0.00533599202392822,0.0036165788349238,0.00165446517590087,0.000493377011821678,0.917594919706386,-0.876666472483453,-5.00830802670559,4.02292608640262,3.99125379544579
1492.62,608.29,0.458529666944469,0.00804792041234904,0.00633549989112107,0.00102722429402557,0.177075910849244,0.00319226195701619,0.0256999889410925,0.232829906022088,0.0764227512509677,0.00532423690688058,0.00352288908827858,0.00151062396180231,0.000481119480664583,0.951446478465489,-0.840298072403287,-5.14971821108807,4.04261126976643,4.01584877253311
1491.62,608.79,0.459617940542513,0.00811566457548567,0.00581674276178212,0.000873429605705642,0.179061103344742,0.00314365793696157,0.025445380234552,0.232038453857437,0.0744492572979003,0.00546897775451693,0.00390690457006834,0.00156551640234231,0.000496971115992829,0.942668473277013,-0.877609323829343,-5.32305484848848,4.03659948802294,4.04234003708709
1490.62,609.29,0.454967256173853,0.00834679172619417,0.00596975854755841,0.00117354227857986,0.179317925691924,0.00336422847914245,0.027062461732317,0.235155466621707,0.0736669535818551,0.00558375409297827,0.00339861393342976,0.00151185078043889,0.000481396360022362,0.931065100321686,-0.889606043968256,-5.02913358816369,3.99834821128654,3.97596169289335
1489.62,609.79,0.456541030102992,0.00814496406370864,0.0061938338480909,0.00121554965950099,0.179932603408227,0.00326267369579558,0.0258044784465967,0.23351166603973,0.0743974434389898,0.00544709121980241,0.0035595848155635,0.00152585526587498,0.000463225995126639,0.931096220474139,-0.883160776396151,-4.9973859861217,4.02627874576318,4.01003534394342
1488.649,610.29,0.45878079216369,0.00847888970351909,0.00622334262469275,0.00129591016242913,0.178514198394352,0.00329181769414919,0.026490096524147,0.229597993340875,0.0767675219521234,0.00530030687793167,0.00318773311799645,0.00154525563057524,0.000526141813519328,0.943904378117074,-0.843886481420323,-4.92545486446776,3.99099300895612,3.99322823804845
1487.699,610.79,0.457060565041608,0.0088739006663237,0.00617557423131733,0.00132796048703788,0.177283840952739,0.003268568291205,0.027175204857434,0.229989365156772,0.0787647958790819,0.00506745258120925,0.003283075422576,0.00130117809066064,0.000428518342035752,0.947063840208323,-0.8112859251117,-4.89410777247319,3.94170145045067,3.99340001175103
1486.72,611.29,0.45691134675748,0.00766198855484275,0.00612827151739037,0.000989494862872504,0.178770937436439,0.00345113819395199,0.0265316555898214,0.230278542803899,0.0787560950134956,0.00526411267048172,0.00333129937167076,0.00142377316379988,0.000501344063855402,0.938384075259847,-0.819749635518666,-5.19666601281889,4.08821782996453,3.94740121930125
1485.72,611.79,0.45594129019972,0.00802299847329558,0.00614447422301074,0.00100919573125268,0.179464695901783,0.00343105030593263,0.0268050132712466,0.231489919339655,0.0769431052457736,0.00553551389903524,0.00316530260271364,0.00146968162994794,0.000577759176633999,0.932385543292095,-0.846912252545596,-5.18082480042837,4.0400518251829,3.95711208242454
1484.807,612.29,0.457040260761769,0.00817156583038417,0.00611676478403416,0.00149478571738599,0.173704263209322,0.00330292594776507,0.0275953111155103,0.23361743436758,0.0784201427668568,0.00549005575804797,0.00318012485483535,0.00148843393671721,0.00037793094979235,0.967417268495503,-0.795273399061353,-4.75537135274795,4.02411093834679,3.96254548999761
1483.957,612.79,0.458107272208488,0.00827774225595291,0.00564831727214601,0.000807051232653605,0.176346421795174,0.0033333819299667,0.0265774987868198,0.234260418250396,0.076441810044091,0.00514742482968616,0.0033198442963867,0.00127462026937808,0.000458196828861402,0.954653009367957,-0.835920567746335,-5.38681849352396,4.01353311867215,3.96846298290744
1483.02,613.29,0.456771567634936,0.00693025441641979,0.00560424158483894,0.000716316065147497,0.179718732079159,0.00320168437789192,0.0261734851260903,0.234537613839392,0.0758518674939496,0.0050038610678078,0.00329795228838139,0.00169762766884667,0.000494796357139456,0.932790384726229,-0.862610702823879,-5.52502680685157,4.1882868890702,4.02771598978417
1482.02,613.79,0.464736148911961,0.00702088551934547,0.00598306985041283,0.000702296948655216,0.175943099359388,0.00349064507120916,0.025961021477366,0.233645025361881,0.0723855589408445,0.00500985716488765,0.00324161099000946,0.00140459389731043,0.00047618650672913,0.971309179176686,-0.888153826317929,-5.52355960428619,4.19258047040869,3.92007409037939
1481.078,614.29,0.465038942854643,0.00751856429039481,0.00609916180547996,0.000713970122111302,0.177053918084468,0.00333079334993928,0.0256965210765261,0.22992612703759,0.0744257823255576,0.00476086803398882,0.0037224630581827,0.00123904231953845,0.000473845641580595,0.965666842023049,-0.8666518896892,-5.51336847143273,4.12474594925123,3.97324378929018
1480.178,614.79,0.469116630485539,0.00879239150244964,0.0058461369231914,0.000754896854129124,0.175333421764108,0.00326870337837911,0.0262110971994405,0.225445631789354,0.0746247893028959,0.00524329786396543,0.00333125197486409,0.00158851866590314,0.000443232295781529,0.984161988176906,-0.854216680130502,-5.44786358454109,3.97696467109849,3.98229604252669
1479.249,615.29,0.467771831889083,0.0086633409513158,0.0061641964899705,0.000640169617960158,0.178821073131552,0.00337357513680522,0.0261012158904565,0.22241737979547,0.0759567189201969,0.0052066409231397,0.00310045049372947,0.00133755507024053,0.000445851690080178,0.961594923861263,-0.856222024297846,-5.63240782415162,3.98888019901239,3.97041266097884
1478.299,615.79,0.463742640100936,0.00852521641607963,0.0057805873900396,0.000650562506571338,0.180977946588161,0.0032407650790313,0.0267124908001262,0.223067369361792,0.0769459923597238,0.00494602740686223,0.00331962114043388,0.00167678652788,0.000413994322363579,0.940954561605293,-0.855271403954707,-5.62829307739356,3.99630133449566,4.022565744356
1477.349,616.29,0.469293943921871,0.00710137200306304,0.00592859791511705,0.00085133086271851,0.177498096573393,0.00315957845957385,0.0253819469585766,0.224022889390618,0.0764398572046068,0.00521878983756695,0.0031211808046832,0.00151177052683777,0.000470645541374022,0.972269432897242,-0.842455634029068,-5.3399143184432,4.19094131297815,4.02852126549643
1476.399,616.79,0.46419506098416,0.00777717789135137,0.00651410413954757,0.000943993057510707,0.175855417802495,0.00312124955974593,0.0251963339946805,0.229840779837633,0.0758738560294658,0.0050578154344521,0.00332108902572188,0.00177978574117808,0.000523336502058567,0.970642686267203,-0.840589995447613,-5.22729863486754,4.0891113204554,4.03142874611071
1475.391,617.29,0.461764201376408,0.00757909319651561,0.00631827821182784,0.000961453367872817,0.176291215484644,0.00327877449657537,0.0247912936027297,0.233565429633085,0.0754719042567255,0.00509024004649938,0.00309303918687267,0.00143125444535613,0.000363822694888236,0.962917113083119,-0.848376803128088,-5.21144647555756,4.10966081272763,3.98466753758944
1474.341,617.79,0.458365098716625,0.00828634201104631,0.00590594873147555,0.00112800618473353,0.179384078600157,0.00334327308364938,0.0274431466654657,0.22992561807126,0.0766797588297043,0.00472754683316553,0.00287470017231045,0.00150865465961984,0.000427827440787717,0.938136827683631,-0.849891424618207,-5.06907756165755,4.01305740674648,3.98257890533748
1473.291,618.29,0.460764294834841,0.00841230759284302,0.00572709297501738,0.00103227752964565,0.18043844856661,0.00337268128161889,0.0272874698963951,0.224197102511193,0.0787375612173979,0.00508811533923463,0.00325199747857054,0.00116373667225188,0.000526914104380714,0.937496906765787,-0.82926940201138,-5.1636221594653,4.00319079808166,3.97968165390196
1472.241,618.79,0.456879231356441,0.00854846982390152,0.00633022357787765,0.00109768886401181,0.177387827196766,0.00317327911679606,0.0267115180013351,0.229656547528948,0.0802478076169589,0.00507572201900701,0.00323099490032049,0.00122509917858461,0.000435590819052307,0.946080642289954,-0.793219007467986,-5.08513151286797,3.97866679301278,4.02357297474413
1471.249,619.29,0.454059907398257,0.00725915204687684,0.00598712672113953,0.0012677746145402,0.179565981133218,0.00335274845672617,0.0282087821818688,0.230055928732576,0.0803968889044748,0.00466940625003321,0.00332193080054707,0.00137723042786596,0.000477142331876402,0.927686420656663,-0.803567243082884,-4.95327963187064,4.13596611989337,3.98076227899324
1470.299,619.79,0.453748815298287,0.00802910766440221,0.00593479143877053,0.00121317753655114,0.179951086057162,0.00326451138710572,0.027016571854711,0.231638466646752,0.0790757499887171,0.00489031972439701,0.00333865598411371,0.00142916397131356,0.000469582447717313,0.924858704828577,-0.822278816163704,-4.99944208903953,4.03447037810909,4.00957497003347
1469.32,620.29,0.448744905724372,0.0080971746828052,0.00624246659003116,0.00104219997574282,0.181694846852417,0.00352480403742475,0.0275705363304901,0.237496015275582,0.0756158478795899,0.00500921450750953,0.00312445327434331,0.00142108420997271,0.000416450659720098,0.904125973338048,-0.876662725000253,-5.16099477403575,4.01493939135183,3.94250377175476
1468.32,620.79,0.446476855658306,0.00718890122651025,0.00550636988565568,0.000967349568136162,0.179482017681412,0.00374755248904447,0.0287397119777584,0.240972816735465,0.0764502826822177,0.00521499953380744,0.0034445273231223,0.00138904193190198,0.000419573306661468,0.911312541079147,-0.853434392884774,-5.22327037415998,4.12884922356513,3.86897206554947
1467.349,621.29,0.452470430351603,0.00738549166114877,0.00596929318519536,0.00120803169449975,0.18122579230713,0.00337385203770919,0.0267084624225741,0.234743478732663,0.0766164482760912,0.00510008614561488,0.00318229430796725,0.00157121629192955,0.000445122585874334,0.914978688585381,-0.860931941981733,-5.010751388793,4.11520492430178,3.98368859564036
1466.399,621.79,0.44826851613338,0.0086767117838289,0.00601054943812775,0.0012042836848907,0.181074051490736,0.00354328954218743,0.0281984981234695,0.234029926666949,0.0786653754310912,0.00520624445002386,0.0032204806483133,0.0014042730332841,0.000497799573718356,0.906486347380329,-0.833702969644289,-5.01302113404264,3.9447497890844,3.93385052698911
1465.478,622.29,0.451580128459982,0.0090315142198309,0.00630151872564871,0.00123578679530335,0.180908584908161,0.00341249436772774,0.0271376129767553,0.231991085548694,0.0773509767022715,0.00537385035383922,0.00327886594750281,0.00186306731338405,0.00053451368089975,0.91476098085678,-0.849638643937431,-4.98628399947905,3.91203278772317,3.97054833789919
1464.578,622.79,0.449432551590029,0.00756982046166999,0.00613757899854157,0.00126355757464,0.183871724808476,0.00342396861851039,0.0277553098754463,0.234957797596097,0.0751596734447555,0.00528263456992943,0.00336529596164485,0.001323277957521,0.00045680854273884,0.893747423864263,-0.89462353697364,-4.98030715231839,4.08381644048915,3.98343807362563
1463.707,623.29,0.452661231243824,0.00797385391949076,0.00557932794599334,0.000973677730187204,0.186050752822893,0.00311370804299019,0.026960054484739,0.229947648078867,0.0767855652534086,0.00498584818664114,0.00317655919806048,0.00141569650928806,0.00037607658361728,0.889124510685309,-0.885002831072844,-5.25269440371935,4.03897608262794,4.0902051883804
1462.857,623.79,0.454676318898355,0.00615355791599228,0.00629303301084055,0.00104710407027879,0.183731375130758,0.00313923049300283,0.0264274078969966,0.230420142701757,0.0781986895586238,0.0048056456187646,0.00322874435984574,0.00152069487741284,0.000358055467371675,0.906111005635461,-0.854221883274581,-5.16744644762731,4.30255534129442,4.06949706915915
1461.978,624.29,0.455063903245599,0.00590468069175653,0.0060461101694034,0.000905772610517778,0.185930886742026,0.0031301671155666,0.0271710984702738,0.226510747600379,0.0797880637680557,0.00454654173729475,0.00314888572290222,0.00147253044373499,0.000380611682490823,0.895062827777142,-0.846001111579094,-5.32434201421453,4.34469248181126,4.08428863332411
1461.078,624.79,0.456883124058369,0.00687430539765785,0.00594143984292159,0.00101998967260456,0.184814691251251,0.00327565433399987,0.0265558561219568,0.225384780479098,0.0791798858036562,0.00477588914412242,0.00330859150051106,0.00145029781573462,0.000535494578117397,0.905073957982045,-0.847631354720891,-5.19956115181317,4.19663700676215,4.0328360083889
1460.178,625.29,0.456969750055279,0.00845468810586145,0.00570624685552898,0.00104682177432018,0.183207696917323,0.00310521520198853,0.0264044769790005,0.224626589059431,0.0804204805339218,0.00451735641183678,0.00360405782301662,0.00144845951630425,0.000488160766188084,0.913996731165847,-0.823351588343372,-5.16486177279998,3.98989610331533,4.07753744390572
1459.278,625.79,0.456148287845398,0.00729890659433802,0.00595651805390744,0.000971562976775725,0.185019706729954,0.00329081200203424,0.0265998474317681,0.224523224275301,0.0805019918630276,0.00486629089676216,0.00325266994405832,0.00114638074249873,0.000423800644176979,0.902355607024349,-0.832180414511291,-5.24931153026809,4.1350933939557,4.02932799881592
1458.349,626.29,0.455166905371005,0.00796406070281152,0.00610353489380375,0.00122386397956789,0.185508524428346,0.00336957219482062,0.0268976468768317,0.225783436058632,0.0776074985083171,0.00510171330433803,0.0034127178725182,0.00141959802961056,0.000440927779397202,0.897563341895063,-0.871436782000681,-5.0210877846723,4.04572516835431,4.0083150436343
1457.399,626.79,0.458157981829634,0.00760977484546648,0.00612048810171989,0.00115513136683428,0.183158782521432,0.00334689171444128,0.026772998537403,0.222649969573712,0.0808314383627454,0.00499845199585775,0.00361378898034569,0.00119142939499728,0.000392872775411289,0.916860622439127,-0.817987462190574,-5.06613936566511,4.09778047836002,4.00232137200452
1456.42,627.29,0.457664475712733,0.00730010823638486,0.00568825794708113,0.00116529545981325,0.186412187119232,0.00330025283509155,0.0273259658874639,0.221902663805881,0.0788296861144839,0.00502693150912141,0.00328749412567754,0.00164587351440777,0.000450807732628486,0.89817604820688,-0.860670628394085,-5.07498561321837,4.13824715491557,4.03396119942322
1455.42,627.79,0.459006122249052,0.00747868193479003,0.00649257675956797,0.00130798885141354,0.183278842768975,0.00324790318083511,0.0270382288000844,0.223124596972571,0.078509474037767,0.00511676626400705,0.00335663311827772,0.00152867832840101,0.00051350673425865,0.918054824085544,-0.847789418233973,-4.94251799450474,4.11700698367205,4.03299911112032
1454.391,628.29,0.454674791724648,0.00799252970334799,0.00592616312368434,0.0012400348585189,0.181305131315823,0.0034127822449359,0.0274903048401118,0.227557142074254,0.0798629729244728,0.00489674077146501,0.00379317422059941,0.00131740271797588,0.000530829480163203,0.919400999677174,-0.81986909261576,-4.98504192932997,4.04107510159017,3.97265355403099
1453.341,628.79,0.458759349259095,0.0085942827454079,0.00603331637568056,0.00113760594022969,0.179026269929752,0.00323422126489658,0.0267743297217141,0.226235292844231,0.0795956141015511,0.00492926493987249,0.003797071016485,0.00156407286739476,0.000319308993689588,0.940993224560712,-0.810573562351166,-5.05860655268264,3.97742859387912,4.01374437730689
1452.407,629.29,0.461088982704496,0.00766025789719017,0.00587857138123231,0.00144478980959261,0.17812225926245,0.00321211679380375,0.0268490106282626,0.225933977082187,0.0793286808450474,0.00490985527801158,0.00353686312715255,0.00156850269848739,0.000466132492085689,0.951120881113681,-0.808870425834406,-4.81450631381332,4.09754539419521,4.01554000717706
1451.557,629.79,0.459424530361525,0.00832255438568775,0.00584970471717468,0.00120460911092607,0.180353461715262,0.00316950430005957,0.027074083460322,0.225764372753015,0.0793242779202171,0.00453867749717773,0.0033560102644106,0.00121558005000554,0.000402633464216637,0.935056083755677,-0.821374366968645,-5.00876347655023,4.01100546012654,4.04134339815347
1450.62,630.29,0.459756507745982,0.00800319204363339,0.00592352725218244,0.00117942934525733,0.182929161692838,0.00321842415928562,0.0262717062264636,0.222680217463468,0.0799582748015415,0.00457592205433949,0.00353938722435098,0.00145972243290003,0.000504527557756864,0.921598035024718,-0.827594049695499,-5.04406826753783,4.05085655079854,4.04020713508733
1449.62,630.79,0.458520965446338,0.00923970055180628,0.00593304574389276,0.00117450089215836,0.179545632166574,0.00333197207175573,0.0269265612220973,0.223760582341098,0.0812893311949418,0.00462865628071782,0.00372383928600913,0.00143097578238601,0.000494237020224091,0.937576622996875,-0.792414613490372,-5.02958610909506,3.90449653950015,3.98686505137509
1448.707,631.29,0.461514641144914,0.00802455933985635,0.00593042114455791,0.00110276426241779,0.179113422089148,0.00314566290612914,0.026813880126183,0.220105063358819,0.0836274038033114,0.00513063857848117,0.00363355254950186,0.00142913792796165,0.000428852768718031,0.94649453043413,-0.761647985062567,-5.09019925471007,4.05200702197699,4.04199459922557
1447.857,631.79,0.465887788380913,0.00858708843997691,0.0056305665066706,0.00104617109195922,0.18020827401867,0.00303802725850698,0.0265171434728191,0.218794904689013,0.080301726014825,0.00491041671551404,0.00335176693496433,0.00130296869190652,0.000423157784260987,0.949831547790401,-0.808322144570683,-5.14897633976742,3.99368507673918,4.08290488322259
1446.978,632.29,0.477878065631999,0.0103648386094585,0.0059307140505525,0.00111751531366939,0.17357192207997,0.00292014634349917,0.0245806999077238,0.21202070881075,0.0811207148388413,0.0052699425476567,0.00351136295135331,0.00118127396745758,0.000532094947068725,1.01276355715528,-0.760653698054437,-5.0454842990554,3.83093643208591,4.08495831731333
1446.078,632.79,0.475652235027786,0.00917980959755567,0.00617741384603813,0.0010912198111265,0.180918079601094,0.0028100451407427,0.0225284487786353,0.21093340599912,0.0794975210198528,0.00534882659962344,0.00383838109834665,0.00151537756821973,0.000509235911859032,0.966642658609966,-0.822318490889156,-5.11074816662294,3.94768052512273,4.16484378238518
1445.207,633.29,0.468630497612971,0.00813924468453383,0.00573668962645962,0.00107649187858184,0.177424493180493,0.00311101552517507,0.0264626085836426,0.219615844212304,0.0792291122047267,0.00494772228809729,0.00338588898562492,0.00178035195303919,0.000460039264351212,0.971269478477818,-0.806201318256296,-5.10483763436568,4.05311722124531,4.04359591956269
1444.357,633.79,0.483703118502181,0.00875335421275598,0.00539491523322556,0.00114277084739727,0.169593279515664,0.00326715255089218,0.026521525001775,0.21576505352653,0.0761948660963331,0.0048517046331807,0.00301019815916972,0.00130956580342764,0.000492495917468053,1.04806822991524,-0.800109010716429,-4.99994721582921,4.01203436147593,3.94948427105868
1443.478,634.29,0.516006554270412,0.00967684490056034,0.0050489834272831,0.00117712546186214,0.154053354807566,0.00317857474858683,0.0256637990800277,0.202535019762492,0.0744769855732131,0.00402417867218904,0.00249089155773683,0.00123424572690017,0.000433442011170932,1.20882046527565,-0.726808843019677,-4.8742235849871,3.9763835593416,3.88086609814407
1442.578,634.79,0.555874006713928,0.0112250254238153,0.00548950339381008,0.00122782572810746,0.134958794712753,0.00302138094682029,0.0247605853202834,0.183093417924442,0.0727444229162392,0.00364833166486593,0.00238082551156571,0.00100108044129168,0.000574799302078007,1.41557215444377,-0.618017265330187,-4.69972460306593,3.90239596338818,3.79925551346697
1441.678,635.29,0.561271697274546,0.0112868916032058,0.00537811200261252,0.00117132399297886,0.134066138418066,0.00287331558393846,0.0239718882241685,0.177289467835647,0.0735734339636334,0.00466715348993319,0.00275085383055829,0.00127564326437678,0.000424080516335037,1.43187184868105,-0.60004923947418,-4.74019852152587,3.90656307990806,3.84286662976443
1440.778,635.79,0.520239500758981,0.00891470115666971,0.00558583590025832,0.00116621246149613,0.155935144827831,0.00299819797427453,0.0243728417856921,0.197379517270153,0.0739396454536578,0.00457718972756567,0.00313911993679595,0.00132932685906028,0.000422765887564247,1.20484910140118,-0.746191024080963,-4.89567889721784,4.06658755457674,3.95142874957465
1439.849,636.29,0.478465684873852,0.00727574006798046,0.00591105614620762,0.00123560710782989,0.171700846280547,0.00316072711065413,0.0263691795458482,0.221244278421997,0.074663765931885,0.00474936482072113,0.0034332226067559,0.00128525203626948,0.000505275049451865,1.02483079764538,-0.832758783418079,-4.93419126214499,4.18603895892809,3.99495159728529
1438.899,636.79,0.457292093846453,0.00687013015043923,0.00594526343053247,0.00120221881677495,0.1793507586713,0.00335628412941659,0.0274945500852561,0.232983315706546,0.0751375968573957,0.00501715913751052,0.00382573223111955,0.00118063499600699,0.00034426194124884,0.935978907661367,-0.870022376652219,-5.00517457063434,4.1981392909409,3.97850898594829
1438.036,637.29,0.456720455639654,0.00723045196056276,0.00579484206653588,0.00126311836303354,0.179993820873004,0.00346620639812574,0.0275211329418431,0.232022943557059,0.0762368898248556,0.00483522146056658,0.00296729102050575,0.00153386456358005,0.000413761330673907,0.9311489874724,-0.859077057836159,-4.95933896705767,4.14576996323877,3.94986178292455
1437.236,637.79,0.458900013883469,0.00822513519983996,0.00581247260201343,0.00141895607248701,0.177866908916794,0.00352006051880445,0.0280161835328945,0.227978577917414,0.0785607543861375,0.00471928610549031,0.00319757050233013,0.00130854423633817,0.000475536125987557,0.94779678374623,-0.817163301233385,-4.83111412687839,4.02163761746774,3.92255738560397
1436.378,638.29,0.465371318939859,0.00741977429940895,0.00554669542329959,0.00126459891751199,0.176158196127599,0.00321779793051852,0.0276923343434967,0.22304904759894,0.0803366778076965,0.00496744848762415,0.00319289572580724,0.00133389200888251,0.000449322389355715,0.97145318932617,-0.785156156539104,-4.9366274223064,4.13868698343492,4.00268517985693
1435.478,638.79,0.469299729272602,0.00739663995417628,0.00560584036269906,0.00152169331611341,0.175276806605532,0.00339138751844026,0.0274769395375479,0.220163517186597,0.0806432612654479,0.00458345266593536,0.00291693910524865,0.00117261168180615,0.00055118152785358,0.984875169622322,-0.776331230517817,-4.74654273774996,4.15021580907818,3.94512734117497
1434.636,639.29,0.474756384543819,0.00650821601911795,0.00544586913388683,0.00139607403806636,0.173321357786627,0.00331795613043903,0.0266327144894457,0.220109689998594,0.0790836775229934,0.00465393781944181,0.00314197139389569,0.00119970082594788,0.000432450297725397,1.00765436699684,-0.784640929775399,-4.82148339203004,4.28973641616123,3.95579846083524
1433.836,639.79,0.480187207822996,0.00762368781819001,0.00549008502230146,0.0013290768547541,0.172277966930766,0.00316125059803095,0.0261095485429499,0.217291729687865,0.0770070776828795,0.00480355621920006,0.00290594769937762,0.00136662139867371,0.000446243722015906,1.02506678500608,-0.805211923568214,-4.86462465208824,4.14291582589657,3.99814155097969
1432.891,640.29,0.483531959714546,0.00745373423693364,0.00536759239435074,0.00126524126192753,0.171131411873687,0.00301247919506556,0.0254134896666584,0.215467574427064,0.0774863443242202,0.00481243551411723,0.00333847247938872,0.00126846891820796,0.000450795993833025,1.03868566160833,-0.792330033288705,-4.90716892696854,4.17240226679317,4.03966835926382
1431.841,640.79,0.479173632517996,0.00643267158644523,0.00555254750620725,0.00116810585649232,0.175290300730632,0.00313112770212114,0.0256562640889961,0.217385254901622,0.0764208718837028,0.00466379475851596,0.00337057322395059,0.00132342187065196,0.000431433372665676,1.00561956047587,-0.830187609793371,-5.01105994999289,4.31067308158513,4.02505023296925
1430.907,641.29,0.474292422944417,0.00749571928471711,0.00600545635511579,0.00108087383992887,0.173161837572171,0.00316680872540281,0.0262604689346245,0.221921377800064,0.0763857225013457,0.0048466036409636,0.00342457222630769,0.00150217636871877,0.000455959806222498,1.00759742301014,-0.818430834053453,-5.07645680947988,4.14749196195962,4.00150226492168
1430.057,641.79,0.469042092579334,0.00780649539888231,0.00580991841554457,0.00119728833926678,0.175657110653783,0.00325965039619061,0.0262000019735522,0.22407382839525,0.0766988172940187,0.00482972081911188,0.00308970562275988,0.00182992146358632,0.000505448648719768,0.982158654216846,-0.828647571479414,-4.98847457733591,4.09573638345158,3.98691391064266
1429.236,642.29,0.466404983189415,0.00759564672062822,0.00586283764458161,0.00161261422684107,0.175448866551443,0.00311504984191039,0.0267210956428254,0.224808884625187,0.0780621028979201,0.00501924786960194,0.00339439157478624,0.00148351605547215,0.000470763159388386,0.977706677576094,-0.809842940874843,-4.68949103624157,4.11747903608519,4.0311024890468
1428.436,642.79,0.468728292235197,0.00886986387167451,0.00613909823240433,0.00162843822525286,0.171380027375982,0.00330812101004166,0.0279442276989371,0.224689173277215,0.0767210770012139,0.00539320519915913,0.00344932824076288,0.00134374622783103,0.000405401404328685,1.00613979333459,-0.803707004426498,-4.65626206149082,3.96736381715941,3.94750311545876
1427.636,643.29,0.473831141631712,0.00732494410128434,0.00626655575417544,0.00167784640979806,0.171791649705315,0.00322354176622243,0.0273210503648903,0.221525282738359,0.0763408317256922,0.00547836911441095,0.00348666395285039,0.00126959404848292,0.000462528686807903,1.01456861331592,-0.811074461350881,-4.62877133147669,4.16956549329274,3.97580172114919
1426.836,643.79,0.471972828637186,0.00755591803901414,0.00584094921010882,0.00165352043438429,0.173783880410252,0.00330145465108484,0.026832838022032,0.225178200344111,0.0737112595803633,0.00500189931401247,0.00342435144012692,0.00129041628494179,0.000452483632382187,0.999108956879173,-0.857656897223521,-4.65490584897855,4.13459031504094,3.96344928589651
1425.949,644.29,0.476003276003276,0.00648384809458635,0.00574619769250642,0.00171495473508896,0.16947820303525,0.00343430679001149,0.0270885895046969,0.225457183846446,0.0746895767029995,0.00507230842801313,0.00323422873758444,0.00111691923772461,0.000480407191816588,1.03270041367843,-0.819383775921415,-4.59333763615368,4.29611056070047,3.89890922543768
1424.999,644.79,0.480004518752824,0.00824893897911627,0.00592975554433251,0.0015760258011926,0.170350336248372,0.00319303048829111,0.0259329895537067,0.217634432896521,0.0771643496983068,0.00488091757263231,0.00343225857898514,0.00123268918954839,0.000419756696171465,1.03593839995323,-0.79191955907328,-4.682950755356,4.06371093444218,3.97688665580745
1424.107,645.29,0.481596978653094,0.00851305271953359,0.00563510454033172,0.00139409272600537,0.171033457117242,0.00315388545167829,0.0264855454304677,0.213434709805968,0.0793557917460402,0.00464771454122935,0.00305968999721846,0.00131984454425469,0.000370132726936243,1.0352484273931,-0.767917758844007,-4.80961536495701,4.03550702070465,3.9932240235676
1423.257,645.79,0.481129210213298,0.00741843531427019,0.00544703334375176,0.00136948932405762,0.172974232616597,0.00321167335028997,0.0265382733611134,0.21326041170825,0.0790283694131186,0.00467172567803527,0.00290464267925124,0.00163455177387522,0.000411951224091526,1.02299322334199,-0.783335744492836,-4.83870472480486,4.17216770147907,3.98635054475053
1422.349,646.29,0.480358381952116,0.00757842380775273,0.00578984473446096,0.0013067396457259,0.173201290086209,0.00305201978428249,0.0259305107608955,0.2147904720139,0.0776893912058753,0.00493496833071504,0.00344059996780336,0.00144995919908073,0.000477398511182783,1.02007800974473,-0.801735731900403,-4.88691922973982,4.14922721727817,4.03865084883485
1421.399,646.79,0.476798660903335,0.00694000629090897,0.00567849009292984,0.00134376483115134,0.17447936059468,0.00313656274070229,0.0260539217593205,0.216798505297812,0.0785985722081868,0.00504606479191652,0.00310433016824291,0.00155716669019274,0.000464593630621388,1.00528784998631,-0.797452923272848,-4.86633120728397,4.22979162624975,4.018678925486
1420.449,647.29,0.476987438400382,0.00704916302300645,0.00580911479890885,0.00136783097120444,0.174208997016551,0.00326457139999889,0.0259743434466896,0.217559571761124,0.0775007916974549,0.00508908679781992,0.00340568799897774,0.00141672176140183,0.000366680926480474,1.00723444523989,-0.809967558953137,-4.84702945820607,4.21458126631573,3.9771272276567
1419.499,647.79,0.474350627079629,0.00638830695809311,0.00559215815923201,0.00132129214500254,0.176164789307317,0.00313849053336347,0.0262245566924291,0.217854648868018,0.0791886928878499,0.00471167156388138,0.00314973557289541,0.00145960613124535,0.000455424101043427,0.990526907952169,-0.799586337801794,-4.89280970434297,4.30747748631627,4.02767789738491
1418.607,648.29,0.473100151851732,0.00844389351857534,0.00573376966067107,0.00138574468156324,0.176236152315878,0.00318765906217888,0.0261115803402773,0.216374771413493,0.0797528420596941,0.00480212971775215,0.00313856665800111,0.00129425429195922,0.000438484428224116,0.987482233423625,-0.792892492043051,-4.84558719882299,4.02586358400833,4.01253805908564
1417.757,648.79,0.47844289859789,0.00817897467885264,0.00576754445438849,0.00136617579258536,0.173555175873946,0.00281936195409469,0.0249369457326499,0.214734810475596,0.0798947287536499,0.00517655194858026,0.00297304260570065,0.00158200670770844,0.000571782424357479,1.01404130420354,-0.775785687844664,-4.844480121029,4.06897007172364,4.11998496345817
1416.936,649.29,0.476258130018977,0.00682995413005532,0.00591119242549683,0.00148432824209882,0.17105889273883,0.00323213326473852,0.0255299914937884,0.221226234564747,0.0780356897470055,0.00501400856072402,0.0034422332837043,0.00148546391787701,0.000491747611957757,1.02395209800982,-0.784841616291784,-4.74704559150638,4.24464203959195,3.96886552648081
1416.136,649.79,0.471179517300299,0.0083664833404528,0.00572560693435854,0.00140498184536523,0.173628168161754,0.00299351238786843,0.02500600704827,0.223355403673644,0.0780415687740282,0.00510821586216717,0.00341178093407376,0.00129596504342873,0.000482788694290189,0.99832311410573,-0.799674430328367,-4.81689166680597,4.03100551643579,4.06046863842956
1415.365,650.29,0.47044315405817,0.00701195254790363,0.005802262042911,0.00156442860867687,0.171846551710632,0.00295428578462585,0.0253587386990176,0.226771648256468,0.0784015971047999,0.00490366678342064,0.00312773816970805,0.00139769050946882,0.000416285724197279,1.00707319404451,-0.78475763901781,-4.69908128635354,4.20605893167967,4.06334501300694
1414.615,650.79,0.469998685409506,0.00771788213853537,0.00573588416322944,0.00161121604115005,0.172064165499078,0.0030999616858668,0.0254109218874823,0.224771379230144,0.078970934067107,0.00517746409875833,0.00340332872290342,0.00149323997119137,0.000544937085047264,1.00486243522629,-0.778787600907354,-4.67087826351365,4.10918990568563,4.01647771045593
1413.836,651.29,0.465821518749074,0.00833675825405895,0.00604122602137819,0.00145684432816421,0.173446895908027,0.00318879610973557,0.0265517675375433,0.226832221208668,0.0777663056855912,0.00514239316753376,0.00350065880995421,0.00152144445892378,0.000393169761347069,0.9879310767053,-0.802163228578081,-4.77959879966108,4.0231281115298,3.99622802658011
1413.036,651.79,0.464841996451061,0.00787316496107417,0.00631702299013181,0.00169983725673446,0.175343894008575,0.00332281424432431,0.0260812513297384,0.228912159851537,0.0755113157252769,0.00491794330831105,0.00311451177577297,0.00166530583146659,0.000398782265996683,0.974948401022616,-0.842466632063291,-4.63621663909683,4.07823741852426,3.96593706642649
1412.207,652.29,0.463941563392333,0.007865015165152,0.00598726637730987,0.00151374074859141,0.17525322419011,0.00338705041400366,0.0258823033274552,0.231660043126074,0.0744962428377534,0.00489857160138012,0.00331047555208811,0.00130066287195684,0.000503840395792156,0.97352667992365,-0.855483231000792,-4.75164801912297,4.07733413863977,3.94627246512203
1411.357,652.79,0.466755146433651,0.00743273700444327,0.00547250269313929,0.0014581698440435,0.175747666764533,0.00316737192171724,0.0267731334389124,0.226718124636413,0.0760911443468087,0.00521383034805073,0.00327215059314551,0.00142760939821025,0.000470412576933194,0.976755553739038,-0.837117365264775,-4.79186713680976,4.13991064550183,4.01614705746221
1410.536,653.29,0.469013587553508,0.00695244245317143,0.00562985844356716,0.00135698007025673,0.171294601149938,0.00334085608466313,0.0261354583441515,0.230494659734196,0.0758299991345507,0.00503181080835181,0.00311006961318856,0.00134033681510231,0.000469339795354535,1.00724685145238,-0.814890906603855,-4.83812319377875,4.21153870940616,3.93715780098419
1409.736,653.79,0.4685250385667,0.00849785471083147,0.0061854343881049,0.00133704923356922,0.171393262241962,0.00338058347225781,0.0261947768614562,0.231286319392381,0.0732814752250471,0.00507931085023889,0.00294087564071336,0.00147307395843548,0.00042494545830315,1.00562884911211,-0.84965284374136,-4.85349557389779,4.00977579968256,3.92591237572546
1408.907,654.29,0.479975426551402,0.00876329126272222,0.00646388539203709,0.00128325428641771,0.172804996446373,0.00285683759691183,0.0230230916092589,0.219017247866662,0.0753334138512494,0.00499598184630678,0.00356640173175456,0.00138777273508522,0.000528398823819058,1.02157113733472,-0.830239991146649,-4.9027645078368,4.00316335859912,4.10244849286225
1408.057,654.79,0.480343990367524,0.00777102121266162,0.00624409189083971,0.00126117368413078,0.176714677520686,0.0029885853291232,0.0240986746020368,0.210677781779654,0.0784934919008638,0.00568110955309926,0.0038045017606311,0.00148963028495299,0.00043127011379703,0.999966053323215,-0.811520724879161,-4.94249365777646,4.12410090788805,4.07973629914233
1407.236,655.29,0.478611436233424,0.00863592130694685,0.00592619499266793,0.00138905705560264,0.173753211984233,0.00319965200701367,0.0258259227868139,0.215041503544954,0.0775091594803424,0.00472996910216913,0.00340369428636773,0.00142381150977833,0.000550465709685954,1.01325309985514,-0.807239854295306,-4.82901083083788,4.0149586699692,3.99459391443024
1406.436,655.79,0.475694849795061,0.00706122261004979,0.00595271883310431,0.00156689954171134,0.174524548271323,0.00334157660296608,0.0271096112097043,0.215955814075535,0.0790079373154502,0.00481958163889338,0.00317021370024987,0.00129914500621726,0.00049588139973503,1.00271116727696,-0.792517089753434,-4.71296655687385,4.21015836605764,3.95562267709045
1405.636,656.29,0.480278674843064,0.00730024674335063,0.00548822526216481,0.00140947603323778,0.173364418157408,0.00310810443049458,0.0259295965020501,0.213023649261584,0.0800589190464095,0.00468993795130447,0.00357301607460358,0.00129608294930876,0.000479652745019776,1.01897066567241,-0.772632990672435,-4.81217781465811,4.18645835998248,4.02138280986603
1404.836,656.79,0.481212627440213,0.00793281793859796,0.00606152202579896,0.00132790480618474,0.172996807721461,0.00320266180883478,0.0251448177678509,0.212472844865877,0.0788413194135991,0.00517548302393113,0.00350031553602475,0.00170631729656579,0.000424560355061671,1.023036083469,-0.785835924373632,-4.86967077545527,4.10530090114341,3.98929086255046
1403.949,657.29,0.480708379883163,0.00726520037559715,0.00575504394532366,0.00171006367331273,0.173634861995463,0.00319280425311227,0.0251060650715211,0.214460490332486,0.077688523953457,0.00509477887974266,0.00359833037470614,0.00139706604706845,0.000388391215047646,1.01830620740401,-0.804247050412598,-4.62042399433451,4.19216492982398,3.99605499316494
1402.999,657.79,0.477838314411047,0.00850449202575724,0.0060782171777981,0.00167105408542538,0.171959097334629,0.00315643549469238,0.0254018446523422,0.217712034209336,0.0775314419021084,0.00499493671751212,0.00324756318851244,0.00141817473507471,0.000486394065764578,1.02201577856129,-0.796573086291858,-4.63380202614884,4.02867792337858,3.99781325942884
1402.165,658.29,0.479925559451163,0.00738250602339528,0.00611012322081829,0.00161705642016162,0.173322709627025,0.0030382755576047,0.0254633230341574,0.215043884337382,0.0772538912868076,0.00505595910469909,0.00370188417847379,0.00156446012137435,0.000520367636937821,1.01847577698265,-0.808057943261746,-4.6745477585546,4.17451785686091,4.04386512673309
1401.415,658.79,0.480973695505549,0.00788187225123886,0.00582277493185581,0.00148161360988634,0.173543888204505,0.00312822256534317,0.0255408335609452,0.213432627829587,0.0780662099565772,0.00498999437009125,0.00314828956683148,0.00148495811013439,0.000505019537455616,1.01938205616223,-0.798873213128426,-4.76329875454349,4.11124711052835,4.01596555259433
1400.607,659.29,0.48159049277084,0.00796886479969237,0.00580903758586948,0.00129323671551119,0.173061003760028,0.0030607710439091,0.0258248401184858,0.213712076969194,0.0774191117558209,0.00465875505741993,0.00353506865679581,0.00165893347311076,0.000407807293323153,1.02344999764415,-0.804410483205956,-4.89649599755637,4.10155210438458,4.03497729587369
1399.757,659.79,0.480429695570547,0.00622625153831643,0.00588939392578353,0.00115205303486252,0.173976851144867,0.00319790160164566,0.0263871796484105,0.215127377091886,0.0777837913099719,0.00473509517350413,0.00358753357347538,0.0010914186646066,0.00041545772212391,1.01575865158881,-0.804989179405798,-5.01737665254562,4.34590643008068,3.99642740574447
1398.878,660.29,0.483683044294209,0.00703416465055283,0.00585275962647252,0.00112487846790422,0.173406516381396,0.00321862210866665,0.0255658308273227,0.213059895538924,0.0767788907228616,0.0049042440138377,0.00357926153707012,0.00132272141452054,0.00046917041626156,1.02579118134223,-0.814708901701333,-5.03796364240322,4.23065088344646,3.98668529228377
1397.978,660.79,0.486106478802936,0.00727858512291688,0.00599666473811388,0.00120364383033273,0.171645736196667,0.00319118764818659,0.025250428252164,0.212132865942892,0.077396226843186,0.00469999659667155,0.00336475739940328,0.00135452472518123,0.000378903901348853,1.04099501259621,-0.796494648882829,-4.96007919835431,4.20149120001815,3.98503952847843
1397.107,661.29,0.485648965013905,0.00803046200177905,0.00589492813518076,0.000988485660210585,0.172987239650982,0.00294746406759038,0.0247908604998206,0.21270659518982,0.0758547477112452,0.00469052751847366,0.00334218359743556,0.00166434445632726,0.000453196497229654,1.03226823617573,-0.824397535274443,-5.16479897562674,4.10224400793853,4.07227266998851
1396.257,661.79,0.494787039219597,0.00739787129879785,0.00573425685844318,0.00111738681075592,0.168142916719552,0.00288639371906221,0.0240589472539029,0.211086381026636,0.0746552646370873,0.00469959746876757,0.00374993200485939,0.00128624140994724,0.000397771572591612,1.0793131336703,-0.811933266753865,-5.01382155806533,4.20293514969432,4.06480643768851
1395.349,662.29,0.494572363598637,0.00711242526145803,0.00652376409347308,0.000937121514550757,0.170276445208276,0.0026647631033495,0.0233141398216875,0.210259168792388,0.0738938921329156,0.0049427239449771,0.00339551489808944,0.00169155508041653,0.000416122549782466,1.06627021267303,-0.83479309048248,-5.20236558505282,4.24185018591765,4.15730810272136
1394.399,662.79,0.489408332149334,0.00921505868348953,0.00568879123534591,0.000997915787989882,0.170249803381503,0.0030832465377804,0.0241681331479209,0.2135349600554,0.073901705294883,0.00491797960090081,0.00300829097971389,0.00139394963210246,0.000431833513636877,1.05593038594935,-0.83453088675116,-5.1393531771505,3.97235821673862,4.01128367759696
1393.536,663.29,0.48269302030121,0.0066159798134865,0.00596199147719753,0.0011734293251458,0.171939378700052,0.00308576621405821,0.0253599692967365,0.220378629469839,0.0728551829402786,0.00489553832173138,0.00313649718112279,0.00148222651597364,0.000422390443168083,1.03223891758833,-0.858668289788738,-4.98721145647091,4.28989297630774,4.02034197114707
1392.736,663.79,0.478922633694085,0.00855614728910639,0.00594132470636079,0.00105895174058767,0.168679474613717,0.00315972008032954,0.0252583408156784,0.223234337909558,0.0748200238978106,0.00524792264968688,0.00341332017354471,0.00130684011999168,0.000400962309542903,1.04353875388819,-0.812914765857298,-5.07072081933915,4.02488906228193,3.9775168726803
1391.965,664.29,0.475968591701344,0.00775057898670407,0.00608051375266426,0.00101611013203665,0.174971627344781,0.0031209920741103,0.0240590889378939,0.220495898651953,0.0751021876931878,0.00527431513485085,0.00378878749573257,0.00190419730759649,0.000467110787145111,1.00072803691297,-0.845774142572942,-5.14864209036516,4.11758431969712,4.02647290757061
1391.215,664.79,0.480824960240366,0.00821737739427183,0.00635342721089066,0.000874016441709827,0.172705185212662,0.00307760431397824,0.0237815932601045,0.219353784236175,0.0742114146083618,0.0051096345823036,0.00349838411283854,0.0014837414395074,0.000508876946831053,1.02391728675612,-0.844668035060811,-5.28624210057343,4.06925218948249,4.02743453490535
1390.32,665.29,0.480728500940667,0.0072852413837899,0.00603604460456021,0.000900071216975158,0.174532624101959,0.00294146985341366,0.0230840429899995,0.219725246301705,0.0746281986744828,0.00505710116754083,0.00312589166204646,0.00150785126555117,0.000447715837309808,1.01319098186429,-0.849593247668622,-5.26739307058847,4.1894520901816,4.08320227521458
1389.32,665.79,0.47884862402277,0.00751635647882899,0.00652988522741974,0.000870959395272331,0.174137588482082,0.00304027205352357,0.0236337257656126,0.219549919603748,0.0752340270205334,0.00498895706655331,0.00371255105624041,0.00148317223279797,0.000453961594618072,1.01153879731144,-0.839242109558785,-5.29800564688098,4.15430301270538,4.04789872244372
1388.436,666.29,0.478476681997895,0.00734352002457182,0.00595350860181666,0.000911354263467697,0.173647176987688,0.00313425156292212,0.0240774639914178,0.222668620155838,0.072845566368001,0.00546588362689851,0.0037037078554702,0.00131602694380206,0.000456237620210766,1.01358195610017,-0.868683851098561,-5.24984910628154,4.17678918319764,4.01463511247565
1387.636,666.79,0.481026192805374,0.00718698861919743,0.00616717526301189,0.00100184307678139,0.173112194070032,0.00302686893713659,0.02380275821326,0.218383820458938,0.0764354603030912,0.00505414108241732,0.00323240400782156,0.00116582187634426,0.000404331286593385,1.0219818185848,-0.817493176349574,-5.15209852453574,4.20364946856109,4.04641117377265
1386.778,667.29,0.482690446626445,0.00914538991963823,0.00598166431277099,0.000947545923419428,0.173113496691448,0.00291448959383511,0.0240793423761847,0.215172635232991,0.0755847503485936,0.00494430360988052,0.00320301957288582,0.00176822847083602,0.000454687321072119,1.02542812130592,-0.828692881757886,-5.20782730484173,3.96612563253525,4.08425272161371
1385.878,667.79,0.487504704596546,0.00673053992379966,0.00596198120873942,0.00111780083705086,0.172522217563149,0.00291487195020644,0.0234919013125401,0.214953440034902,0.0748711816477221,0.00504649215109412,0.003105881395567,0.00126586141304041,0.000513125965643165,1.03877391520053,-0.834756966867643,-5.03916280895431,4.28264457398815,4.08070013469568
1384.978,668.29,0.490199998172281,0.0073942664449034,0.00622681081278672,0.00109891616252079,0.171988375705957,0.00300088644380677,0.0230498236250982,0.212839041909601,0.0742990696909327,0.0050639244786431,0.00303744082759125,0.00134108895509294,0.000460356770785736,1.04738657594079,-0.839328460762792,-5.0531025041535,4.19410857221448,4.04851916513367
1384.078,668.79,0.495705231399655,0.00819889900820678,0.00602505938375981,0.00144322237107251,0.168329036688469,0.00296074480181022,0.0234360400319715,0.209155793716016,0.0745128280178771,0.0052640466514314,0.00328046021006653,0.00128674194238368,0.000401895777279942,1.08006084287223,-0.814949316936276,-4.75904224443214,4.10198158056707,4.04047975674095
1383.207,669.29,0.493251673421065,0.00741541824142799,0.0060971722599153,0.00107918582942489,0.171169345658212,0.00298711351942079,0.0232525841264059,0.209803742998953,0.07486908610719,0.00496562087336642,0.00313624151905651,0.00146509721779518,0.000507718227767406,1.05836614559927,-0.826912322167631,-5.06644649674458,4.19745815876269,4.04834584893562
1382.357,669.79,0.494991802905415,0.0079523202331618,0.0060704039346054,0.000880049182567512,0.169472653581675,0.00292476888747211,0.0234505214262945,0.208187986702491,0.0760724532082517,0.00505601347966665,0.00317295869575117,0.00136959788697117,0.000398469875677399,1.07184962464138,-0.801005360161353,-5.26046906179353,4.13107746333126,4.05947611327106
1381.507,670.29,0.494315367100012,0.00853172352048456,0.00589862807189788,0.000932367415668491,0.169360609386356,0.00287573564350763,0.023195728633902,0.210630785873398,0.0740277261356067,0.00522575086468653,0.0031857758925733,0.00130419104770014,0.000515610414207033,1.07114348344803,-0.827590524453541,-5.2020585441535,4.0593823133623,4.07572170747053
1380.657,670.79,0.487845928656141,0.00809904019539982,0.00608640445821962,0.000894994643258662,0.172186167703479,0.00275221874903557,0.0233426065947438,0.21408117557326,0.0747232350308839,0.00498419430642324,0.00312697020064634,0.00144058866839787,0.000436475220111367,1.04142337419414,-0.834785173477463,-5.25951380775309,4.09825407577389,4.13616885763499
1379.749,671.29,0.486587133234925,0.0066235549472826,0.00596388740180585,0.000836624204535018,0.171202207702319,0.00286602588943121,0.0236864328001487,0.216859265697064,0.0758057687870853,0.0048887077011986,0.00286938582599561,0.00134397462575907,0.000467031182451275,1.04457062873727,-0.814670963958987,-5.32122564744606,4.29678376090372,4.08991899641908
1378.799,671.79,0.485333579034417,0.00876788868830884,0.00598668891626484,0.0008872539150079,0.171204742940928,0.00299050069558432,0.0236111916843833,0.215928027782423,0.0754040702204598,0.00520636047306559,0.0029427254847762,0.00125239302618423,0.000484577138196622,1.04197627892253,-0.819998912157435,-5.26248424236389,4.0137404114358,4.04741933731765
1377.907,672.29,0.482288212156016,0.00744475475086306,0.00589408908975257,0.000849969755335705,0.173047381079428,0.0030712537555184,0.0238626502346607,0.218932380060133,0.0744252678295916,0.0048324623835469,0.0031302949049716,0.00171664926995062,0.000504634730232076,1.02497644980898,-0.843769930525348,-5.31611994816041,4.17103216174278,4.03147956842107
1377.057,672.79,0.481198062340904,0.00851429674557674,0.00588458447627984,0.00096860507400906,0.174751844053461,0.00299672716987739,0.0234564049150815,0.217456889778803,0.0749148121377552,0.00482955693332675,0.00303152063140031,0.00150734254275106,0.000489353200773986,1.01291202378782,-0.847015303761619,-5.19526524411046,4.03453223673286,4.06584618379959
1376.207,673.29,0.48337364419841,0.00843468773991699,0.00583131779007949,0.000947834469541726,0.175851579050665,0.00284119443305991,0.0225898624427807,0.214291404261214,0.0756685927371174,0.00507859175580274,0.00316445101219716,0.00147428089842239,0.000452559210792152,1.01114960664713,-0.843277155246574,-5.22321574057276,4.04843724931709,4.12541579963414
1375.357,673.79,0.483144820326222,0.00781170439787401,0.00595346389074827,0.000956581935934184,0.172760299561185,0.00294984238138556,0.0227954848417234,0.219452025013016,0.0738742140523717,0.00515364239168369,0.00322674767862966,0.00149208474217485,0.000429088787051817,1.02841136169091,-0.84954124527937,-5.19629391359299,4.12469327095032,4.07015334317855
1374.391,674.29,0.477090873113579,0.00758671941842646,0.00608354160834404,0.000936534865967582,0.176237198535273,0.00291528800414639,0.0234234902731916,0.223288800144809,0.0723391672822163,0.00506156058413692,0.00301647424416689,0.00154814947231376,0.000472202453429033,0.995876175785219,-0.890465091339322,-5.23739933434404,4.14130770863025,4.10186219097222
1373.341,674.79,0.479492308909459,0.00835000395574091,0.00611218481221533,0.00105109687044383,0.17244543903073,0.00287299811254648,0.0230721414120865,0.223690367205778,0.0725889759151889,0.00522044778987104,0.00341097887634354,0.00127148814973044,0.000421568959866183,1.022646963416,-0.865267827562806,-5.10024663353318,4.05046584177734,4.09472476793108
1372.465,675.29,0.482919292369858,0.00729742138502976,0.00598712369418369,0.00130451526502592,0.169798621238387,0.00282991919638159,0.0222345837636422,0.224843845590727,0.0727498557284758,0.00507928284042008,0.00311557103189702,0.00134036630511085,0.000499601590860992,1.04523638921864,-0.847586230993111,-4.8687816265815,4.19232849232289,4.09436499519684
1371.715,675.79,0.482617933351686,0.00792692826235803,0.00649283423567141,0.0012493911864981,0.167896058182571,0.00263760361594044,0.0220537544087509,0.225251584091556,0.0736246697113224,0.00530932431701125,0.00324935824586419,0.00126821440588037,0.000422345984889661,1.05588022573284,-0.824364930766817,-4.90068870476949,4.10895970833772,4.15347430293927
1370.849,676.29,0.471297129770605,0.00782129730265516,0.00613970685694725,0.00120903932662618,0.172651737893183,0.00276039007366035,0.0229579164414365,0.231184685655538,0.0734551900519922,0.00522687640252596,0.00317992326230852,0.00160782636858296,0.000508280593939129,1.00421225410945,-0.854600928630883,-4.96145039044498,4.09863830760656,4.13590448899627
1369.899,676.79,0.473134495723992,0.00793641712417014,0.0061697175798047,0.0011533893398448,0.17207584907992,0.00287660793687482,0.0222816970384898,0.231499429026507,0.0722390170559737,0.0056181960899186,0.00296585830245805,0.00162710281870962,0.000422222883336041,1.01144433158094,-0.867955060260531,-5.00523050285024,4.08791776460212,4.09132356233136
1369.036,677.29,0.482972832300413,0.00742735925733152,0.00608510604812101,0.00121522254535725,0.167994118367847,0.00274183884193001,0.021863888329929,0.229265616621457,0.0697432069509381,0.00533641204700359,0.00325558232317725,0.00163566031775653,0.000463156048739305,1.05603143517016,-0.879108944500983,-4.92900174415225,4.17479002493174,4.11530016357554
1368.236,677.79,0.505035821009454,0.00881998343095896,0.00595632328938122,0.00107317095074415,0.160208931566268,0.00261669611525587,0.0199636738368556,0.217973817322955,0.0685516008881724,0.00504255639199028,0.00295571036957044,0.00146719082910314,0.00033452399929054,1.14815057377317,-0.848892026359094,-5.00586101436214,4.04760936801089,4.11456628837778
1367.407,678.29,0.53264787433302,0.00851422569156838,0.00594545411281066,0.00112971559948013,0.155014656841805,0.00223790201501831,0.0190204674552391,0.196984101264216,0.0692605178561918,0.00452452797264207,0.00270361225713098,0.00156369862315203,0.000453245977725226,1.23434088459211,-0.805644656784048,-4.92155375354736,4.13612218196739,4.23798084617397
1366.557,678.79,0.538345459747225,0.00730389709470944,0.00579038600703463,0.000980584648352696,0.155305983922451,0.00228092516029866,0.0187029131442099,0.19228771296021,0.0701802413315307,0.00450350889987154,0.00268033950219061,0.00119712107527726,0.000440926506639141,1.24310321179441,-0.794330451886818,-5.06500356603563,4.30009241828297,4.22081612806282
1365.707,679.29,0.527426065922804,0.00696797840239963,0.00583350022320355,0.000777576266805996,0.165161674328683,0.00252292731172305,0.0201901313824187,0.189874055021073,0.0720986615618878,0.00460951686221684,0.00296485914681423,0.00114902277123706,0.000424030798733054,1.16108385755627,-0.828889358099454,-5.35849838596716,4.32668355613434,4.18150497959518
1364.857,679.79,0.519484267055053,0.00962028940393514,0.00563493569243249,0.000905452368320301,0.161888521431501,0.00276748051346079,0.0225317902395188,0.194066730817077,0.0738653727521321,0.00460224284073468,0.00293221149640489,0.00122355357676407,0.000477151812665654,1.16592856625322,-0.784663809886051,-5.18622856471442,3.98896217750309,4.06897061467484
1364.036,680.29,0.514175102552993,0.00881871331866549,0.00561692166583199,0.00082605099233033,0.163642502236753,0.00262783251647319,0.0228559531379246,0.196771198505455,0.0755060125033059,0.00433620500469859,0.00306674244427813,0.00126608633020657,0.000490678791084501,1.14487968983573,-0.773471895161716,-5.28878295736185,4.06568789674766,4.13152481587336
1363.236,680.79,0.512180814781269,0.00717510054692583,0.00578503016688711,0.00105182366670675,0.164045160993074,0.00286891647553667,0.0233041871796629,0.19822830641781,0.0752728167635521,0.00483659087767718,0.00340494199799299,0.0013012946645795,0.000545015468325611,1.13853595473972,-0.779022691351352,-5.04961627875803,4.2680609415087,4.04620733799414
1362.436,681.29,0.509037180667551,0.00839178939696501,0.00598618851328416,0.000950206672789464,0.165091881693025,0.0027177954296989,0.0236064486905425,0.200823966550909,0.0740309765104824,0.00472946355894971,0.00309469939070977,0.00101605134067691,0.000523351584415702,1.126018882723,-0.80201857054988,-5.15757794540138,4.10526728529234,4.10668112977294
1361.636,681.79,0.50252413600435,0.0080740028421783,0.00644742720525676,0.00109900639201512,0.166814624635059,0.00287681084968663,0.0237971825262601,0.203167262539005,0.0754897331792569,0.00495130085646307,0.003088069431345,0.00126177939755517,0.000408664141568647,1.10276050687978,-0.792886501121844,-5.02247667213454,4.13099429618237,4.06020082701856
1360.778,682.29,0.49653286293813,0.00898133547943347,0.00587214171747278,0.00140135971663992,0.167520973605776,0.00295478684827415,0.0240336700651784,0.206943866068379,0.0758711123380482,0.00493868173927691,0.00318639721880395,0.00134638149737274,0.000416430767215201,1.0865411115123,-0.792072548635511,-4.78366556752558,4.01250108215253,4.03768204329053
1359.878,682.79,0.491530129876741,0.00814477334622923,0.0059685917177836,0.00156416669944629,0.172056023083028,0.00296520654636158,0.0235168761092048,0.209512725051425,0.0747282954516531,0.00480703597352023,0.00360614467616427,0.00119279280113101,0.000407238667311461,1.04970310021523,-0.833961331121806,-4.70046691761162,4.10014682527767,4.06087344785046
1359.036,683.29,0.493569987527374,0.00777326259763997,0.00584431633339273,0.00162776395123605,0.16921158057489,0.00278881027238607,0.0236784476465821,0.210424126772464,0.0761910783361402,0.00448784637402935,0.00289226984555785,0.000959874928871543,0.00055063483943649,1.07051477957203,-0.79790551430895,-4.64394262397442,4.15097469453228,4.10553480872409
1358.236,683.79,0.500507529306094,0.00861310456707636,0.00632635852878367,0.00141145847654138,0.165423620849258,0.00279771233743023,0.0226257252055322,0.206500270376786,0.076192407453234,0.00476367235832715,0.00326743472004546,0.00117888861392945,0.000391817206961973,1.10711305936259,-0.77524776484126,-4.76388603253519,4.06233781186712,4.07970752195801
1357.349,684.29,0.500733944732451,0.00813802751900101,0.00609627180238704,0.00139298481731119,0.166188042077082,0.00280529986625896,0.0228809535603266,0.205811392513643,0.0760970812558368,0.00481081139855434,0.00339003937326556,0.00129029296174185,0.000364858122140485,1.10295498075228,-0.781110020768687,-4.78167113537402,4.1195270804732,4.08160949338524
1356.399,684.79,0.49585570666782,0.00709850034293765,0.00612715262887968,0.00128895122870543,0.170539493440931,0.00283000797098315,0.0236781452943394,0.207805384430013,0.0745206596760939,0.00501739404462515,0.00321187367536472,0.00155712228971125,0.000469608309595457,1.06731806743967,-0.827890504955002,-4.88513801627993,4.24640142799231,4.09868737473241
1355.623,685.29,0.498865004037234,0.00752132585341501,0.00608221894347521,0.00114261338533494,0.167794240525391,0.00276336652576388,0.0235612739611886,0.206314960500734,0.0760464873720712,0.00481303915238009,0.0035063582040227,0.00115081676348606,0.000438294775502838,1.08959705616351,-0.791393640758683,-4.98942038795233,4.19459309344389,4.10628877785286
1354.973,685.79,0.503173686573026,0.0077278975816859,0.00615917294779958,0.00114205958815718,0.16637598892775,0.00261726859558232,0.0229510726242355,0.202686937737296,0.0774940617577197,0.00453667682869808,0.00322044438625694,0.00148339162474049,0.0004313408270522,1.10668519116892,-0.764048909723441,-4.98141693202189,4.17609856790002,4.15211896746592
1354.236,686.29,0.499792113679841,0.00692532101448524,0.00604655501846791,0.00117015236166922,0.170480603227363,0.0027745049599027,0.0237024956723942,0.202495096531811,0.0770699661277747,0.0043028437236183,0.00346438809439075,0.0014051042138154,0.000370855374466032,1.0755707131349,-0.793907865899244,-4.98148756220936,4.27900783244312,4.11814918773291
1353.436,686.79,0.496791365643921,0.00934452601714002,0.00629910205036708,0.00122261546111322,0.171813156278335,0.00284301968469391,0.0227277779402732,0.202249846441838,0.0767486618503027,0.00487057240632952,0.00334025563777823,0.00137471116440961,0.000374389423498786,1.0617625648706,-0.805871634513738,-4.94541520102838,3.9733794313805,4.1015408290927
1352.52,687.29,0.495824112988535,0.00697258198244561,0.00586899962832719,0.00136889956256969,0.169988278011265,0.00292763816222089,0.0244366297852875,0.206257826571747,0.0768047574120136,0.00475969923092318,0.00299625468164794,0.00131286273837093,0.000481459244646482,1.07049177112741,-0.794462898093976,-4.82172230372748,4.26423565450505,4.06153347181185
1351.52,687.79,0.48064870259481,0.00899201596806387,0.00592149035262808,0.00141827456198714,0.171167664670659,0.00315812818806831,0.0263218008427589,0.214466622310934,0.0783377689066312,0.00478820137502772,0.00318695941450432,0.00121202040363717,0.00038035041029053,1.03249308395465,-0.781613723068392,-4.79320253568946,3.97879958627839,3.99266406473643
1350.665,688.29,0.47639521283615,0.00720375447908407,0.00608828349430027,0.00165572437377414,0.174358604183749,0.00316031314394764,0.0260923212962472,0.215617496089084,0.0793811560971373,0.0051758304845024,0.00312083742658926,0.00131059381629806,0.000439872279136181,1.00513366683946,-0.786853110633761,-4.65687552081592,4.19164544326825,4.01044300309343
1349.915,688.79,0.476680235782982,0.00833772057648375,0.00625064633492841,0.00165226710789798,0.173887598830486,0.00307067848715321,0.0253034248700279,0.217901832300764,0.0772675779597439,0.0047452735289417,0.00310945858285779,0.00136082881290602,0.000432456824826782,1.00843679411396,-0.811134670446751,-4.65626075712597,4.0460560340164,4.03651056397597
1349.049,689.29,0.472933188279895,0.00860389110033231,0.00626827199574429,0.00139041254613304,0.17688376356594,0.00310046016034265,0.0248059643903703,0.221247969461152,0.0745594458441163,0.00498059929292157,0.00332078004655256,0.00143150848345717,0.000473744833042047,0.983461313688527,-0.863896075831176,-4.84589231494605,4.00673957306095,4.04394227453731
1348.099,689.79,0.47227978470673,0.00790971750516338,0.00603285486553365,0.00144011566898717,0.172471378706746,0.00319055155395721,0.0252221375546077,0.226592373708292,0.0755595245894291,0.00460423253787918,0.00332272497928325,0.00094015532101477,0.000434448302376018,1.00734027201494,-0.825310551379587,-4.78550786611697,4.08947950667055,3.99003749938634
1347.178,690.29,0.476730855462825,0.00730665708860945,0.0061444140612205,0.0016354984486484,0.171446094626236,0.00310157371546167,0.0254383260086044,0.222680794301056,0.0756316378590783,0.00495506332473793,0.00320548660032055,0.00133166620922408,0.000391932293978587,1.02268318718003,-0.818394214307513,-4.65232128070282,4.17816622478453,4.01235926732057
1346.278,690.79,0.482779161702589,0.00820138679251805,0.00592578424753025,0.00149210394721985,0.172218752808497,0.0030187740090471,0.024076451027881,0.216814801671156,0.075877230378545,0.0049337367582976,0.0030971238688239,0.00114644280114575,0.000418249986749656,1.03079383955557,-0.819648843009741,-4.74857831831809,4.07525606593716,4.04391469569659
1345.436,691.29,0.488683360424683,0.00791593222818918,0.00579663427135701,0.00156032454750588,0.172515883303727,0.00275828800962029,0.0240450013602829,0.210665532716519,0.0763233038186228,0.00494617166084831,0.00311607671538537,0.00134427961015891,0.000329211333100142,1.04122544569068,-0.815510994124467,-4.70559546645919,4.12283728871339,4.13587910845322
1344.636,691.79,0.485174029900139,0.00904696101712349,0.00590646256221742,0.00176198845316196,0.171891141312368,0.00304658536476291,0.0252324348981043,0.21224358372352,0.076587243024717,0.00447205191157859,0.0029873306769345,0.00121975215888306,0.000430434996489439,1.0376462740103,-0.808430854371523,-4.58041840286545,3.98207874900594,4.03283996618593
1343.807,692.29,0.482718764475986,0.00740945622012044,0.00628061038628115,0.00143579295798085,0.168356562372105,0.00305597906013465,0.0256789940229637,0.218656538535918,0.0768615837122388,0.00503145926935341,0.00284797459872004,0.00123341023876663,0.000432874149430405,1.05335009052632,-0.784077935296903,-4.76436684482458,4.17667716388689,4.00898410614603
1342.957,692.79,0.48227007856414,0.00842279854199411,0.00616420982405015,0.00119415639394884,0.170575569482876,0.00338672482629136,0.0253344159115838,0.216873163448853,0.0757275840860997,0.00492488165574243,0.00334850255568,0.00133082996765006,0.000447084741090447,1.03932586479335,-0.812035940361668,-4.96173843170325,4.04756214465624,3.91931509485054
1342.165,693.29,0.485518949934511,0.00628673574501606,0.00602687623229343,0.00111751243363677,0.171539906497187,0.00319405795682836,0.0250537198364866,0.214569378994029,0.0766282587315127,0.0049408266096141,0.00333272738290008,0.00132609921739171,0.000464950428593403,1.04040238827727,-0.805850008824425,-5.03371075674277,4.34677634221124,3.98352373532342
1341.415,693.79,0.485561548923032,0.00743057597588767,0.00596146070719694,0.00119114349775785,0.174678839226641,0.00312890538851724,0.0248313791075498,0.212030434462986,0.0755956866132471,0.00485416819819157,0.00308985150334485,0.00119918400352863,0.000446822392119385,1.02235697054344,-0.837549857276106,-4.98803531523498,4.17970267796396,4.02226585619511
1340.636,694.29,0.488130831721824,0.00740494379145923,0.00593629851101084,0.00108234014053278,0.172319522353124,0.00289271689090651,0.0241017834039655,0.211322626509219,0.0769375831470382,0.00487795957739589,0.00318073137392052,0.00132920969740193,0.000483452882202076,1.04123302616751,-0.806355956891512,-5.07022494773735,4.18843561064098,4.0871542803783
1339.836,694.79,0.484958984212984,0.00757022227727104,0.00632935125854093,0.00115337370330683,0.172461754014365,0.0030408157931518,0.0245572010858758,0.214245699279681,0.0761453909936854,0.00493280319808369,0.00300786225877161,0.00112155649769837,0.000474985426583503,1.03388882269826,-0.817530943882609,-5.00748419337394,4.15984188879446,4.03804966360171
1339.007,695.29,0.485280386118886,0.00762187461653977,0.00599629540899503,0.00131472078252181,0.173087373421605,0.00303262260501697,0.0240342645451943,0.214110167758372,0.075060623236083,0.00491296548419706,0.00341827403455671,0.00167699939815004,0.000453432589883077,1.0309303239186,-0.83550041883911,-4.8801722052825,4.15370448749036,4.04436872432103
1338.157,695.79,0.487605519655572,0.00794440843725915,0.00557663646981772,0.0011441582661462,0.171839404674477,0.00295687726518933,0.0242270972545877,0.213637503873452,0.0751500856416083,0.00465495342208884,0.00323837652114593,0.00158229823711091,0.000442680281544659,1.04294637069451,-0.827073091089655,-5.01189111897461,4.11703837761089,4.06242661341846
1337.307,696.29,0.489100301636113,0.00792232728817946,0.00617738102099699,0.00132792219167059,0.171233023786194,0.00287961339946951,0.0237839340627299,0.213206666508446,0.0745116919310927,0.00498620656140482,0.00303783391592388,0.00139347069134455,0.000439627006433924,1.04954224320876,-0.832069289308694,-4.85940988232475,4.12288257208314,4.08536929221096
1336.457,696.79,0.491633003046601,0.00736767079782494,0.00590786521738633,0.00126417332788766,0.169679517760777,0.00313240413733613,0.0237252728269089,0.212648826378092,0.0745770739592879,0.00503495639460055,0.00331888400380282,0.00128819834135883,0.000422153808136242,1.06382104118061,-0.82207832780455,-4.89949305538424,4.20063089141831,3.9921106634877
1335.549,697.29,0.488434702210379,0.00726456214502708,0.00597933763272901,0.00136447428115291,0.171405764559274,0.00301723395335749,0.0245593885133777,0.211915030465219,0.0753780156547007,0.00523393038654362,0.00343185955562702,0.00154824186110617,0.00046745878150609,1.04717215475996,-0.821517974866323,-4.83326442536109,4.20819776644792,4.03969313559814
1334.599,697.79,0.474384414384963,0.00821961964113033,0.00610499075278502,0.00107560312645024,0.174078536173871,0.0032828184688258,0.0261173813350281,0.218529178449531,0.0779040712892835,0.00502710154105009,0.0032805323835411,0.00152939105546272,0.000466361398078317,1.00251143911922,-0.804028340173182,-5.08662500259275,4.05549405819486,3.97080421201001
1333.707,698.29,0.46973799352629,0.00861318642026422,0.00605616507960405,0.00126322029432798,0.177702397530957,0.00304278482441944,0.026280627799315,0.218911137039407,0.0785595995332907,0.00459887462832624,0.00347326771801724,0.0012585155632504,0.000502230042530769,0.972064851598843,-0.816252660641257,-4.94644597744628,3.99888074505287,4.06733707032906
1332.857,698.79,0.475116898255467,0.00692177360212807,0.00583919279692398,0.00128007051827803,0.174987927839186,0.00318030690383094,0.0256086355989658,0.216921978317075,0.0786117436535356,0.00545505122088381,0.00388476716083249,0.00171358452258668,0.000478069610307036,0.998843887579128,-0.800195889143069,-4.91780181894923,4.22888883767139,4.00773928499405
1331.92,699.29,0.475006067932287,0.00814768633311282,0.00618453176978979,0.00141942023881478,0.174268635690864,0.00325407741253849,0.0258910342136198,0.216608525563842,0.0790746760200075,0.00504590212306243,0.00316960227678338,0.00147653018974781,0.000453310235530956,1.00272958661454,-0.790205319872369,-4.81034948621444,4.06559357710531,3.98068919345627
1330.92,699.79,0.473901235798286,0.00904923260912896,0.00638080526210883,0.00155346820809249,0.173784133944588,0.00308326689256528,0.026024018337652,0.219625772373929,0.0761174506677297,0.00521352401833765,0.00336979270480367,0.00139401036475982,0.000503288818018736,1.00318501718206,-0.825536368605691,-4.71732393456352,3.95831897714449,4.03182420524077
1329.978,700.29,0.482261867772696,0.00765212113329431,0.00645745569983068,0.0013909663060993,0.171317672618316,0.00322150205092261,0.0251662535918242,0.218512978739291,0.0740560095765923,0.00502554319943928,0.0030396527762724,0.00146683719552289,0.000431139339899176,1.03496769299609,-0.838697874577457,-4.81352087779984,4.14350437892237,3.97367184142563
1329.078,700.79,0.487033494789941,0.00840694803483207,0.00589683382221717,0.00126714821523141,0.169380717583132,0.00310378766078152,0.0244627315749637,0.217479148882661,0.0727582479499525,0.0052499594947851,0.00330087273624213,0.00121273822507357,0.000447371030186663,1.05618395050766,-0.845006674504818,-4.8953800722751,4.05927438756474,3.99952575628495
1328.265,701.29,0.486294642645321,0.00731055196268689,0.00588118069625208,0.00133566144896729,0.173232680290572,0.00299159695763367,0.0245389239740554,0.215939446851113,0.0731553400361554,0.00484681410344615,0.00288009413684955,0.00112333160938901,0.000469735287558658,1.03217903717593,-0.862050537630475,-4.86520902706994,4.19749592198326,4.05882831924471
1327.515,701.79,0.486359675424459,0.00830295903451895,0.0061080450507852,0.00126845882837975,0.171606199167947,0.00319750009369964,0.0250318578763914,0.215608719688168,0.0727401990180278,0.00473066039503767,0.00338372812113489,0.00115016303736741,0.000511834264083055,1.04174611098274,-0.858308136514504,-4.90739966949181,4.07033646162052,3.98283302831379
1326.678,702.29,0.487962051158881,0.00729914735198751,0.00607301549177375,0.00106641047195869,0.170731355830431,0.00306953284496217,0.0245754773627957,0.214426564188783,0.0740074456587006,0.00514350906689084,0.00366158280293023,0.00158400384292062,0.000399903926984508,1.05014633618713,-0.835925597471463,-5.07579299287315,4.20248009857572,4.0185659203679
1325.778,702.79,0.492324022183162,0.00784395830188771,0.00577585073594928,0.00111134915108993,0.170705907557174,0.00296278623631202,0.0242086658454287,0.210467375268404,0.0743764028805001,0.00483856831936742,0.0035750629318194,0.00135845087909787,0.000451599709807626,1.05919484436063,-0.830803511088304,-5.03436750834152,4.13939348900025,4.05381211538902
1324.878,703.29,0.492291753881757,0.00716378876465801,0.00595140100754009,0.000971321326265187,0.172122607562666,0.00295747352972996,0.0236327417602318,0.211280027469814,0.0732453891635348,0.00513765481168596,0.0033043740033961,0.0014170002398905,0.00052446647883084,1.05086447890031,-0.854391758191102,-5.17730499993477,4.23003253834101,4.06387169092191
1323.978,703.79,0.491307569871524,0.00715435938188199,0.00609751834615447,0.000894877525290777,0.171908536059603,0.00297243823830309,0.0238121316495343,0.211917018752811,0.0737260229918272,0.00507213784842546,0.00313440174873983,0.00150661020859502,0.000496377377309728,1.0501077786155,-0.846606737895504,-5.25803098160156,4.22934847222354,4.05757999660742
1323.107,704.29,0.491698828604178,0.00795224742675758,0.00570579788622204,0.000859951001187606,0.169882860417766,0.00293280080752618,0.0238981302963727,0.213193119932124,0.0735154635975153,0.00483090121255391,0.0035409747107725,0.00147617257423113,0.00051275153279368,1.06275724890086,-0.837613370003778,-5.28598900989672,4.12441180817148,4.05915126972939
1322.257,704.79,0.494264358319082,0.00792331228362067,0.00599504256095921,0.000790070654244058,0.171018083462657,0.00308116252284593,0.0238953987144115,0.211651903233864,0.071049844529015,0.00490544583607899,0.00347111155820244,0.00145015829670261,0.000504108028315951,1.06130121019522,-0.878387635805487,-5.37740220392323,4.13326117632363,4.01646233390057
1321.378,705.29,0.494441708640929,0.00821105019550379,0.00604582246442879,0.000858229448625796,0.17123752100533,0.00299179222548941,0.0238895701100303,0.210592691510189,0.0721644306477449,0.00488623000330844,0.00284111071924214,0.0013746957707632,0.000465147258415508,1.06037766027768,-0.864104330246809,-5.29593539704976,4.09794843281277,4.04717899009685
1320.478,705.79,0.487678355343914,0.00831925933019352,0.00620598246698413,0.000825940854364537,0.172837101393762,0.00323955984643376,0.0254235259295371,0.212995890971454,0.0730876041403686,0.00481200323847165,0.00311550548886122,0.00103378631310449,0.000425484682551428,1.03730654018073,-0.86069076209023,-5.34358165337396,4.07108285258715,3.97691206975381
1319.607,706.29,0.486619428770376,0.0077923059568079,0.00621872741702924,0.000863521265642734,0.172759225304609,0.00311394472318646,0.0254097431310548,0.214925174851604,0.0726067920414032,0.00486160182049523,0.00318151468959617,0.00119449957568352,0.000453520452512629,1.03558349329927,-0.866840392109388,-5.29863561828785,4.13434552607932,4.01600854166333
1318.757,706.79,0.492520893677015,0.00759308309650116,0.00582520422903385,0.000844914777584238,0.169467356804289,0.00319011078046835,0.0248370256026522,0.211578057984445,0.0741084414667324,0.00502984457036951,0.00324709916722623,0.00120295051178049,0.000555017331902842,1.0668765603738,-0.827130877305587,-5.30117983468922,4.17229916942075,3.97260467943484
1317.965,707.29,0.498756484308892,0.0076904210048686,0.00628257483781563,0.000934476288583937,0.16923708963369,0.00317255926321082,0.0241627116981225,0.207616840194744,0.0722477711146266,0.00487227597709184,0.00317991734422329,0.00144095753160909,0.000405920802521369,1.08081734021725,-0.851199152130762,-5.19906965480325,4.17214244016412,3.97676202830387
1317.215,707.79,0.493827425425404,0.00815101735712472,0.00659282228826966,0.000882222150690696,0.172994226213681,0.00275396374066961,0.0232072113315474,0.207951682838752,0.0737406576846914,0.00483314675527038,0.00313188863495197,0.00152719807437133,0.000406537504575037,1.04892789545649,-0.852703907719343,-5.2785696026117,4.10404336635261,4.14021698529408
1316.465,708.29,0.494566094551874,0.00744008821560906,0.00550444633305907,0.000951455455970637,0.17216716271017,0.00290515580506337,0.0237209244580485,0.210188135361751,0.0730081229239818,0.00476969247560132,0.00314443048675468,0.00117605763359597,0.000458233588522039,1.05521492041838,-0.857895173180169,-5.19822828894549,4.19679809577641,4.08197885879127
1315.715,708.79,0.494716353165104,0.00833491848720093,0.00567185998963967,0.000872133712813187,0.173171779236518,0.00283652816609063,0.0232030635939805,0.208569162356843,0.0727615533790097,0.00501387159176964,0.0032014126412731,0.00123941087307882,0.00040795280667942,1.04970052899977,-0.86709634264289,-5.29109657186559,4.0835308378439,4.11170321780884
1314.878,709.29,0.495434444813026,0.00651723338080546,0.00572284423737395,0.000910367464215076,0.175104816966257,0.0028520690283012,0.0227305037948605,0.208235957270095,0.0718853585476022,0.00503695094241739,0.00365144648660513,0.00155884839762856,0.000359158670813619,1.04005029521878,-0.890312141058456,-5.25929170286452,4.33098508614518,4.11734004298418
1313.978,709.79,0.493416512272769,0.00753829751972078,0.00592674679483215,0.000931310587752214,0.174831609646053,0.00285329817522491,0.0231813470733596,0.208425578018597,0.0724542322067732,0.00498059460408787,0.00349272390413314,0.00149034430045341,0.000477404896244827,1.0375303897475,-0.880868197475489,-5.23498573081969,4.1813573064517,4.11534770044583
1313.107,710.29,0.490813601418293,0.00750699799853075,0.00591391896252216,0.000858452903559186,0.174418341602342,0.00276348015140204,0.0230174917220613,0.211435402311989,0.0731589995273151,0.00490901708928505,0.00331712869530637,0.00144186749821106,0.000445300119183267,1.03460774952084,-0.868821527386351,-5.3140801348201,4.18022877322687,4.14496586583061
1312.257,710.79,0.486685148680857,0.00853463864013982,0.00606157281863136,0.000840656084335736,0.173180975091197,0.00289222952006921,0.0238830160691061,0.212871119970472,0.0750978339715877,0.00476100100948591,0.00326947684877389,0.0014542651652844,0.00046806613005951,1.03328025554389,-0.835545430079556,-5.3279097857379,4.04348438529392,4.09230948157736
1311.436,711.29,0.491615269366899,0.00744804542690244,0.00598826114410739,0.000915714641881013,0.172390854037882,0.00285665687263644,0.0232540257658334,0.211459015362103,0.0741449252399382,0.00469740640720642,0.00333897985194782,0.00137357196282152,0.000517273919841183,1.04793213176257,-0.843742678866866,-5.23781479517118,4.18974479859623,4.10011229054429
1310.636,711.79,0.494230381531754,0.007496916150034,0.00623148408642297,0.000851974062629206,0.172686486073983,0.00290217902617542,0.0225328915521304,0.209499055197213,0.0737572625663327,0.00478495058436536,0.00327349392512879,0.00128707311600401,0.000465852127828001,1.05152403663578,-0.85069826536919,-5.31167692675611,4.18851001186308,4.08601588803853
1309.894,712.29,0.491102688393063,0.00675486427025782,0.00615177155661166,0.000880921941280906,0.17543221644478,0.00277151595372223,0.0237464932530414,0.208528905533545,0.0747213802013923,0.00480893028971038,0.00334185644134641,0.00138688736396532,0.000371568357283869,1.02940051004198,-0.853486471819577,-5.29403899659232,4.28639036927338,4.1478582910051
1309.194,712.79,0.495759919404658,0.00728246306333359,0.00600568247589991,0.000906582984434509,0.174638140438988,0.00258106811750507,0.0224307655984422,0.206758226581563,0.0732750568190284,0.00503033213487112,0.00352318090284662,0.00137420100927557,0.000434380469153829,1.04337571186689,-0.868495802199281,-5.26078877341706,4.22062263822214,4.21451275192514
1308.523,713.29,0.50258700794053,0.0073609468566387,0.00630737174072197,0.00087289519626063,0.173015102025492,0.00258466144806743,0.0205118638658933,0.204279767603386,0.0721675489478328,0.00484668018246325,0.00368281992078241,0.00139968275421899,0.000383651517711325,1.06638988944205,-0.874388401328063,-5.28931866608434,4.22358020160885,4.20378435411508
1307.873,713.79,0.498616069303632,0.00785853681755438,0.00559879099433576,0.00091627397781903,0.175060688276453,0.00251558855728497,0.0214074920272264,0.203991146651435,0.0740991955828454,0.00481222333285735,0.00326883716502451,0.00141962968251702,0.000435527631015279,1.04670369546129,-0.859728027545797,-5.25257256056457,4.15023596583357,4.24262590898211
1307.049,714.29,0.499568955336687,0.00716006518812442,0.00564491367297291,0.000885708212286544,0.172863081319823,0.00273506695954085,0.0217435461394931,0.205925978412339,0.0731677649448499,0.00494697560169111,0.00368572710739507,0.00117503956163348,0.000497177543163514,1.06124579359471,-0.859744889317923,-5.27386755781176,4.2452265518651,4.14634392564923
1306.099,714.79,0.503012761447907,0.00754010958480161,0.00595753061411098,0.00100112773405171,0.169668877588103,0.00265521582860318,0.0221373490981644,0.204660284770432,0.0734551098544262,0.00467740006893011,0.00350746391133806,0.0012930256330902,0.000433743866041138,1.08676678168105,-0.837174289413699,-5.13272166013131,4.20037882474213,4.15732281600275
1305.178,715.29,0.49630626819275,0.00731733674234238,0.00620220451295163,0.000839223224180665,0.171262467638173,0.00275679081039073,0.0225463642090838,0.208405567843725,0.073972353917678,0.00491347953444954,0.00357991934260081,0.00142552986025209,0.000472494171422265,1.06399593414117,-0.839505850525977,-5.3184758263113,4.21694678360341,4.12913002486628
1304.278,715.79,0.497057768776036,0.00705616740833298,0.00580552178649483,0.000943904765986048,0.172432342214534,0.00262985174943783,0.0224811726522483,0.2081123934583,0.0736753193149755,0.00470937431631749,0.00319709678801726,0.00143446459060245,0.000464622178717147,1.05870131381649,-0.850337077770714,-5.2077349419023,4.2548042102099,4.18307746492139
1303.378,716.29,0.498211017326136,0.00760643060320579,0.005567861925174,0.000990420651459088,0.172339984809777,0.00267809744154537,0.0226947817848625,0.207299004032993,0.073132660903739,0.0046940279332581,0.00334705584727374,0.00101645456572601,0.00042220217485056,1.06155453517659,-0.857194117110418,-5.15909470730502,4.18202969532202,4.1643625491243
1302.478,716.79,0.503130142990883,0.00600735669438589,0.00589977591151824,0.000977382857116698,0.172478317894347,0.00248351381726374,0.0217427629033993,0.205665844932602,0.0716007333804858,0.00474728816313825,0.00328579178311714,0.00155305449309995,0.000428034178643612,1.07057733500903,-0.879166218546876,-5.17314836877595,4.42786403632125,4.24059711603002
1301.636,717.29,0.499968646354825,0.00686131769679543,0.00585116025589135,0.000904125113585705,0.172598966355829,0.00247978830018778,0.021535963771148,0.206466603807359,0.0735271482662574,0.00517164125501231,0.00297460582767353,0.00121310103512634,0.000446931960309706,1.0635745992027,-0.853316087775555,-5.25175831814513,4.28864588179268,4.24279759625719
1300.836,717.79,0.496089738977084,0.00813005344270871,0.00586510598880433,0.000933162919737709,0.173155975269469,0.00257333666850558,0.0219938619124472,0.207548225791161,0.0738512216210536,0.00461441639625501,0.00323351802420741,0.00157506935901873,0.000436313629546885,1.05256405625533,-0.852140228697488,-5.22336825361472,4.11118933865991,4.20898940804248
1300.094,718.29,0.497477754594028,0.00761823423148184,0.00566362423346075,0.00084016983929148,0.175509859265766,0.00271492898481792,0.0215701455021403,0.205591642740342,0.073218602702662,0.00454802681599933,0.00342780036361069,0.00142921453378096,0.000389996192618772,1.04185562173457,-0.874245695517864,-5.34184643743013,4.17900622652162,4.16892942304151
1299.394,718.79,0.503881230979933,0.00742845102729312,0.00582064929809817,0.000756612578444682,0.172893157205418,0.00254638442144278,0.0216556407143764,0.202804494661811,0.0721762907307776,0.00479706740795545,0.00343109438263047,0.00139949383576239,0.000409432756057091,1.06966677217977,-0.87356220656454,-5.43157775726499,4.21702322595291,4.21799933621161
1298.578,719.29,0.500906031581672,0.00755321827382367,0.00596219608343765,0.00088534592912268,0.174844591647488,0.00255911072970708,0.0220130804246351,0.201828138870469,0.0734801660053168,0.0048794499271274,0.00342317998763589,0.00130969731571152,0.00035579322385304,1.05252099013285,-0.866882012112031,-5.28567436163031,4.1944447879088,4.22423770471094
1297.678,719.79,0.501224821686234,0.00712343993248961,0.00601193275837132,0.000949791990998614,0.17166977759607,0.00265577328897934,0.0228644769823491,0.203606248583569,0.0742227136946567,0.00462254879072347,0.00338463045233559,0.00133699735903162,0.000326846884192569,1.07148201255897,-0.838502515937179,-5.19708500895594,4.25366400097265,4.16883686384431
1296.778,720.29,0.497930633180717,0.00635190673801827,0.00570894275177481,0.000858395788197224,0.175455877012871,0.00282948572875359,0.0237707894465068,0.202840146271531,0.0749003072679361,0.00452628878744099,0.00320704661877566,0.00127038134760365,0.000349799059873384,1.04307317825672,-0.851229605373887,-5.32007759251558,4.36170573498588,4.12729262441094
1295.878,720.79,0.49500104416832,0.00755716821551634,0.0055525825763113,0.000870140266610978,0.173683260241551,0.00288451498381539,0.0248381539104104,0.205556498207511,0.0747526626292158,0.00456279802304131,0.00288451498381539,0.00147923845323866,0.000377423340642512,1.04732657506078,-0.843048464842499,-5.29633415127603,4.18206332664374,4.0978765276382
1295.007,721.29,0.50492750923804,0.00668309724083874,0.00570635393141954,0.000857006331647038,0.17103207731461,0.00284707924924915,0.0241502832112127,0.201088276086863,0.0733233774253667,0.00445687639485264,0.00327724542865284,0.00125169488800712,0.000399123259240535,1.08256374736272,-0.846971639459291,-5.29616109780438,4.32483333400813,4.09555748158195
1294.157,721.79,0.50554126000768,0.00687141457152518,0.00580660320589601,0.000849327472477091,0.171427752720771,0.00275315059229416,0.0241135645964548,0.199358133084228,0.0736622519213025,0.00448619126487899,0.00329186032517436,0.00139949911456751,0.000438991122751317,1.08146774638722,-0.844671428530123,-5.30747236243305,4.29825966665474,4.13141598508921
1293.365,722.29,0.506725110043578,0.00729078430534161,0.00566945439879631,0.000993830163669961,0.16897655138622,0.00270992062070472,0.0235318181660598,0.199841911666988,0.0739005176006166,0.00476576231973828,0.0035038291351713,0.0016351973041779,0.000455312888937168,1.09820871118773,-0.827040124105036,-5.13594890452563,4.2413575405901,4.13284061289281
1292.615,722.79,0.506981327608861,0.00747404556137461,0.00581661639247183,0.00100278512870811,0.171930806669504,0.00278744193793142,0.0234804393286082,0.197395997187113,0.0733698669430205,0.00470973592168329,0.00343630290356608,0.00110803708570054,0.000506597331458075,1.08138206466993,-0.851578789851545,-5.1443108516457,4.21703774671173,4.12196780194154
1291.923,723.29,0.508191458562917,0.00831403276116476,0.00577266105082276,0.000851015147836157,0.171811669997572,0.00270830609462261,0.022845495806795,0.197427342684772,0.0726678215880013,0.00429009693868021,0.00374143147985581,0.000993434692467174,0.000385233194493734,1.08445932845723,-0.860500267644541,-5.30772428557678,4.11291348220495,4.15007555292508
1291.273,723.79,0.513013400444892,0.00812614428587616,0.00550092139240582,0.000849231576624662,0.169375182638462,0.00243915530083909,0.0218987243635236,0.194978560480913,0.0731114437533173,0.00515979747258187,0.00370346073794884,0.00144798754778419,0.000395990004830601,1.10818569661289,-0.840131366145491,-5.29553963581913,4.14521541307032,4.2404644787542
1290.507,724.29,0.509247275424571,0.0070790176834379,0.00571658302799045,0.000757038755917304,0.170561772128983,0.00263435380747,0.0229803581357568,0.197958581516264,0.0734903600988853,0.0045375304314298,0.00326326022737024,0.00135303044729941,0.000420838314624837,1.09383617393438,-0.841943288485555,-5.4174383611204,4.27579855211746,4.17045961342383
1289.657,724.79,0.508786052608827,0.00627057770632619,0.00552282854812817,0.000956885250881526,0.16892588170141,0.00294075723622564,0.0231977492750338,0.199444562578426,0.0741907367899596,0.00448182151694937,0.00329360137025033,0.00157845173863363,0.000410093678949226,1.10256755041571,-0.822820747634691,-5.1735318486624,4.39615911075435,4.05079293738016
1288.807,725.29,0.504695355380287,0.00717794382177944,0.00553595313869287,0.000792168257921683,0.169427148194271,0.00288732069553987,0.023429500484295,0.202512568608459,0.0734514090678474,0.00460772104607721,0.00350306720169734,0.00154628476546285,0.000433559337668927,1.09153196030551,-0.835798943787266,-5.36540449312517,4.25294202432012,4.07209405312753
1287.957,725.79,0.502555487388839,0.00705468181114507,0.00564993778990763,0.000733907080483232,0.170400610060261,0.00287370491201715,0.0243290197180191,0.204458485513936,0.0726063448560567,0.00480135772809889,0.00279802074434232,0.00134855426038794,0.000389888136506717,1.0815538619468,-0.853099881831075,-5.44752504628299,4.26601457339802,4.08255008718069
1287.107,726.29,0.503486123343459,0.00756898086081492,0.00590525379023931,0.000671469667737492,0.172696479613307,0.00263758804416063,0.0229564441541897,0.201308675985991,0.0729084984604488,0.00474512897046683,0.00302966194261694,0.00156254670968365,0.000523148456884519,1.07002055084831,-0.862330391359225,-5.54982203548394,4.19749772169261,4.18167072062286
1286.257,726.79,0.506179181809451,0.00663216367976322,0.00536520289306735,0.000811086311848224,0.172676920371225,0.00261260041676646,0.0230887694050375,0.199424255993187,0.0738053832527454,0.00437824622544034,0.00337624801422699,0.00123803474133752,0.00041190688590295,1.07546838463421,-0.849990663467231,-5.3608031403005,4.33495962302125,4.19107628262549
1285.32,727.29,0.507050371898736,0.00644044150255794,0.00558759765062105,0.000823435443249417,0.172710878876175,0.00262087738222815,0.0237702285739157,0.196676379283776,0.0742644662903175,0.00455595067386428,0.00368899078575739,0.00134925779058155,0.000461123848219674,1.07699137543124,-0.843986385183933,-5.34588910165934,4.36601325744928,4.18810983565557
1284.32,727.79,0.506623986624506,0.0085733987309339,0.00571717348232777,0.000870210007533161,0.169323739376235,0.00288928614441472,0.0239301848340225,0.198236673507123,0.0739631276552032,0.00450336630764108,0.00365795197196436,0.00124804881677415,0.000462852541320216,1.09595658462043,-0.828245805984056,-5.27083320857208,4.0791048460016,4.07080303731874
1283.494,728.29,0.512683605148987,0.00731977889334666,0.00576836230224503,0.000948485104851692,0.168706425986585,0.00257377867648198,0.0223859166643828,0.196068314758833,0.0737613988010481,0.00463161005346549,0.00360209858287269,0.00105691744724052,0.000493307579659046,1.11149882077092,-0.827324536742288,-5.18104927366275,4.24907877911413,4.18278495882892
1282.794,728.79,0.513663356872304,0.00731858861765303,0.00576286578007193,0.00109211265249549,0.168431492036181,0.00270877394223991,0.0231398836195051,0.195216928940985,0.0728823887873248,0.00472093773524035,0.00334325076770501,0.00128926646831798,0.000430153779976342,1.11503901149869,-0.837682062256696,-5.03841505803745,4.25115060557736,4.13003297898407
1281.978,729.29,0.512840072980127,0.00648360700881082,0.00593871684812095,0.00133820336238242,0.172300127844122,0.00262836264608036,0.0226732897186843,0.192832526544353,0.0733211231065067,0.00464504214403146,0.00325762289616737,0.00135929588473171,0.000382009015881498,1.09072616247111,-0.854389144791242,-4.85790994554003,4.37068705532898,4.18287680123578
1281.078,729.79,0.514683827211017,0.00646334642340782,0.00536931481726858,0.00131213437006411,0.171956440422181,0.00255860339184976,0.02293596807726,0.19133827152387,0.073180512869822,0.00447345185146967,0.00379217386308071,0.0014610539991956,0.000474901179513818,1.09631159300734,-0.854312023480314,-4.87558608989488,4.37740557852065,4.20777963181379
1280.207,730.29,0.515597247021546,0.00727442496121165,0.00572406094744207,0.000944259440839279,0.171876279781615,0.00254493715467835,0.0219625151233622,0.192788057633758,0.0713974805707212,0.00436676113161362,0.00354419063977965,0.00156674521844336,0.000413040374989177,1.09855101728693,-0.878512331796623,-5.20412923359356,4.26096116488111,4.21266895834073
1279.357,730.79,0.518737164504671,0.00713234060353119,0.00586326608262455,0.000721978149230875,0.16966722833652,0.00261731849516594,0.0209503642976488,0.194262932389287,0.0708991995613776,0.00452447517742229,0.00336529258430365,0.000867319085982753,0.000391120732234729,1.11755828980698,-0.872579894518313,-5.45959944307874,4.28675787216957,4.17168871977109
1278.478,731.29,0.518807169132257,0.00723010475644808,0.00576510403877566,0.000798336423476548,0.168000588372758,0.00264767741040067,0.0218706220499808,0.193397888263743,0.07099974733186,0.00470460959213668,0.00359903820033855,0.00175088344881335,0.000428230979011937,1.12756478941296,-0.861291163287137,-5.34919266868558,4.27327874582789,4.15028467482911
1277.578,731.79,0.513916319302677,0.00760798351643135,0.00587274609037477,0.000852189105272653,0.170840177749081,0.00271798475079997,0.0224168462831262,0.194576848941766,0.0709097296732721,0.00494222205341968,0.0034787831024431,0.00135068412507003,0.000517485306265845,1.1013319628737,-0.879320831357044,-5.30067530865027,4.21286229065748,4.14083778115021
1276.649,732.29,0.512114078704023,0.00779161737648495,0.00562205597777836,0.000904479793207357,0.170614641623684,0.00276342378924669,0.0231058884014748,0.194547652993947,0.0727404071587195,0.00469615429473188,0.00328945019529623,0.00139361294453397,0.000416536746871809,1.09913995452608,-0.852510418667755,-5.23980277035048,4.18549894971584,4.12293704137302
1275.699,732.79,0.510805915117563,0.00708127748818298,0.00578435330644211,0.000896771266162426,0.169367103381173,0.00269984124885819,0.0230647664166902,0.196048728144922,0.074724984190387,0.00454935755211218,0.00330721621000406,0.00123023202914447,0.00043945364835848,1.10392113575285,-0.818254071843965,-5.24102301658848,4.27853537658318,4.13887559388084
1274.807,733.29,0.512992911243872,0.0069897939347957,0.00585055059501018,0.000871809794665231,0.168564423798522,0.0027132134555595,0.0229674756040523,0.196150135071612,0.0733557254930143,0.00442620188994226,0.00329049291418918,0.00144202052523006,0.000385245679534501,1.11294401303379,-0.831997455096273,-5.26450201805331,4.29581095102667,4.12918430443084
1273.957,733.79,0.509088192063286,0.00847118268497731,0.00559569716222385,0.000875604604979738,0.171597488065509,0.00252991357198812,0.0234591985766172,0.194846541536931,0.0734433793200872,0.00466288638971877,0.00374758770931328,0.00131807679869617,0.000364251515671571,1.08746971825825,-0.848636788673177,-5.27799220275344,4.09595113574707,4.21696640774743
1273.136,734.29,0.508874420881968,0.00805799725626233,0.00534312887714614,0.00080487590822798,0.170543620348002,0.00265135593298629,0.02309889927157,0.197039858101648,0.0730635632560868,0.0049089346999672,0.00362482851639545,0.00153584642459571,0.000452670525144,1.09321016696572,-0.847661310002076,-5.35605826653654,4.14553622251607,4.16391991985761
1272.336,734.79,0.508376872971667,0.00771054388105048,0.00571846157387161,0.000667479918061086,0.171774806085576,0.00271480194259673,0.0234285451239441,0.196931894031809,0.0726298708771607,0.00443874145510622,0.00391281331277188,0.00126706101687113,0.000428107809515041,1.08503869642272,-0.860808070230691,-5.55043032649237,4.1886343210765,4.14746535062516
1271.507,735.29,0.514018647893316,0.0074245592544583,0.00579283936793063,0.00078196318344342,0.169050154347143,0.00250719137292397,0.0219849708780079,0.195752619109123,0.0723216592113276,0.00469879222338199,0.00383968469000244,0.00135119497766905,0.000475723491272753,1.1120641025651,-0.849071783724803,-5.3761430617208,4.23746622148716,4.21103229048691
1270.657,735.79,0.510429320301258,0.00656665233885888,0.00569296753817115,0.000804771159991777,0.172803874114635,0.00278341026743165,0.0227940626810443,0.196302257564148,0.0719797136930236,0.0047784017641892,0.00320390027845783,0.00139579323104524,0.000464875067745613,1.08309490034842,-0.875772950711212,-5.36935459104255,4.35324801093815,4.12848038495746
1269.894,736.29,0.511438716983717,0.0075234672898631,0.00597885965917075,0.000663661688416742,0.169949351512783,0.00291680492951842,0.0232624049824224,0.195775474512203,0.0724442234863022,0.00448503041389108,0.00377177123274568,0.00134739855246175,0.000442834756505833,1.10172730743845,-0.852683525831797,-5.54548322512603,4.21920066034169,4.0650116453977
1269.194,736.79,0.509172927758077,0.00685133377621004,0.00581860456412512,0.000626888853541922,0.171452931874959,0.00275901269683842,0.0233141835942251,0.197363558108854,0.0729401555058619,0.00480809715841575,0.00325257071212702,0.0012759995134594,0.000363735883305108,1.08847891981549,-0.854669461881236,-5.61129480037024,4.30834435386886,4.12943588203337
1268.378,737.29,0.505996074788548,0.00780735267070363,0.00573299715270842,0.000548272418055973,0.173962996850053,0.00268897937517897,0.0234942297529166,0.19734664087109,0.0727165210427187,0.00470862405740214,0.00342117332625585,0.001197818085307,0.000378319609061977,1.06768629710499,-0.87227400653933,-5.75982561713065,4.17146297215232,4.16968090763123
1267.478,737.79,0.51031328694244,0.00791557981295629,0.00575473456628155,0.000594826081639583,0.168094763749565,0.00287083725629643,0.0233549378282081,0.197014471726765,0.0735245404345199,0.00468618471902482,0.00366156414326641,0.00169305786909789,0.000521214869939674,1.11049693492959,-0.826908656358532,-5.64401410624332,4.16619187963971,4.06992417615344
1266.549,738.29,0.509433289601278,0.00682481508946057,0.0059739413990455,0.000563287890023387,0.172707156845968,0.00260253265643717,0.0227573061053752,0.197604719259217,0.0720747057593216,0.00435894510676326,0.0034902458502082,0.00123115243473466,0.000377902002167589,1.08170148581249,-0.87389426411611,-5.72556185679323,4.3127336634365,4.19511235567776
1265.599,738.79,0.508580414939129,0.00670070461139096,0.00625037576523485,0.00068138762585925,0.170185401093285,0.00258054933046003,0.0227710785140091,0.199169131490129,0.0729072970956147,0.00469780223018877,0.00350124783529753,0.00151131303867052,0.000463296430731289,1.09473490700847,-0.847699706111568,-5.5205123712483,4.32941065771216,4.18888614239782
1264.678,739.29,0.509601877897118,0.00660685544172362,0.00548146717113234,0.000507413946202484,0.171368586188798,0.00275586290047588,0.0230582397158482,0.197020921514933,0.0742802810328434,0.00450038928891056,0.0035332769281439,0.000955474426220732,0.000329353547649777,1.08981307770466,-0.835971191685133,-5.8222448581648,4.34552197604777,4.13008610550994
1263.778,739.79,0.511775206858587,0.00800931228495405,0.00595561253142137,0.000654988949250616,0.169066541506568,0.00267132747929663,0.0226922731152138,0.196019161637496,0.0733447518572614,0.00453238342422618,0.0035516513077012,0.00135200927492373,0.00037477977310062,1.10759310537054,-0.835121421446737,-5.55342928901668,4.15728057918999,4.14771684203969
1262.907,740.29,0.511242053577401,0.00654725370930851,0.00540421282153893,0.000494065927875763,0.172251802284439,0.00275315597813905,0.0224442063435249,0.196434041025075,0.0724058898291658,0.00466018004654312,0.00352887469150218,0.00138831352179817,0.000445950243688337,1.08788579108252,-0.866669725714393,-5.85404368648926,4.35779748340863,4.13620949095822
1262.057,740.79,0.512889526744856,0.0073441010740292,0.00577834766548637,0.000497606079499335,0.172132883174327,0.00266801557518793,0.022706365358147,0.192991165433435,0.0728187090474902,0.00451609867422683,0.0036867552083946,0.00164692319456045,0.000323502770360088,1.09179371937956,-0.860293840528373,-5.84621327511314,4.24616305847724,4.16693178931178
1261.236,741.29,0.511008361396421,0.00736974832778003,0.00607206529694285,0.000602580420169363,0.170334538889568,0.00265467515814771,0.0232384901801929,0.19422068440325,0.0739880978505197,0.00477912699382355,0.0035277050582356,0.00176503871104727,0.000438887313902883,1.09862157374073,-0.833860138729893,-5.64429852420523,4.23900239546075,4.16144208291184
1260.436,741.79,0.509490777761599,0.00831517211582759,0.00562619798392583,0.000528724163529729,0.169167862164117,0.00259468697858607,0.0238689718881062,0.196132794504133,0.0741347661797949,0.00452936388396235,0.00367123143796263,0.00141788782454474,0.000521563113910816,1.10252026273005,-0.82500688771647,-5.76817990231911,4.11532994006418,4.17742560468309
1259.636,742.29,0.507367230966053,0.00694653536044747,0.00563267977745381,0.000528398440986582,0.17362054089435,0.00269554610097885,0.0240326083722591,0.19433399779834,0.0747874207848621,0.00462705661836899,0.00351908601350748,0.0015411621195442,0.00036773675284877,1.07236294447831,-0.842222418838082,-5.79477677513082,4.29099203683757,4.16527129964591
1258.836,742.79,0.506210944504987,0.00692135792421337,0.00543270844541312,0.000681675012300038,0.170294603157086,0.00305316835188685,0.0257013320826379,0.197484584718525,0.074543978958888,0.00439237811466854,0.00335319732020103,0.00143692034633229,0.000493151062861242,1.08942357183236,-0.82614062414554,-5.52073215322096,4.2923414865866,4.02135004162236
1257.978,743.29,0.50890705710268,0.00700151454124475,0.00614649358969829,0.000560592249223297,0.172698921919864,0.00280178353130719,0.0235036544490532,0.193776483861774,0.0744339313769135,0.00498291135811716,0.00345070439122744,0.00127782056808252,0.000458131060814837,1.08071565823397,-0.841637837864763,-5.7303112088372,4.28613891217771,4.12129355276566
1257.078,743.79,0.504836432859862,0.00720339727632157,0.00617601405769512,0.000623224483819007,0.169998535656758,0.0029005710938644,0.0248399472836433,0.198301361839215,0.0748267681944648,0.00475032947722946,0.00339727632156978,0.00170800995753405,0.000438131498023137,1.08844465825355,-0.820614138704483,-5.608638321169,4.24968172281072,4.07088217670615
1256.149,744.29,0.50558369352044,0.00817204249890516,0.00607518231497172,0.000560511433957234,0.169426778880024,0.00285253908109446,0.0248445800567414,0.20006807060302,0.0729295588263295,0.00470543993602315,0.00355704602143986,0.000792570307888574,0.000431986519164493,1.09329274009265,-0.842926822778028,-5.71132648759137,4.12499471307977,4.08421134717341
1255.199,744.79,0.504544060104062,0.00773369322046846,0.00589909337058311,0.000609916539651244,0.171053094265451,0.00280222092074359,0.0244378885489685,0.200270885397531,0.0720089535262998,0.00492419695332744,0.00362797273685193,0.00165756642088121,0.000430457995181296,1.08168116909041,-0.865183535273553,-5.63640715250955,4.1780686441297,4.11156171233491
1254.307,745.29,0.507065919443662,0.00769116832914073,0.0061286531531969,0.000684738585262095,0.169704688273973,0.00270253207587486,0.0235494225856894,0.198183257413145,0.0739299138492021,0.00479074194582309,0.00367622063151352,0.0014362513233423,0.00045649239017473,1.09458121507205,-0.830942264427955,-5.51277793960677,4.18856831342164,4.13987065926934
1253.457,745.79,0.508859153207107,0.00833909494120738,0.005859282767606,0.000639326576006606,0.169809013293876,0.00278615615793788,0.0236066494807288,0.195762281911538,0.0740940754526444,0.00480342524056479,0.00365312174206805,0.00140458111395391,0.000383838114761542,1.09749691120891,-0.829338778593414,-5.58201423588885,4.11121657525932,4.11001142955975
1252.578,746.29,0.508944322721534,0.0064777757546452,0.00610637684689562,0.00055830420223394,0.169796827915692,0.00279755021421758,0.0239190543315603,0.196703955277783,0.0746089760363296,0.00459545856309621,0.00358255245105192,0.00154468182086755,0.000364163864092117,1.09773603254634,-0.822341770230907,-5.71745389226093,4.36396142125038,4.10585848168681
1251.678,746.79,0.505679811263663,0.00771653866044939,0.00600108255768116,0.000654597796066868,0.172096533283827,0.00277390336786347,0.0239392321073589,0.198534810015949,0.0727965792141692,0.00456289623961896,0.00333085397888169,0.00149364027500341,0.000419521239468269,1.0778481255318,-0.860386594117149,-5.57178984315964,4.18253778148337,4.12780007305821
1250.836,747.29,0.503392734093867,0.00705822678202282,0.00579133489013092,0.000674718627976418,0.173602471097159,0.00286157262077942,0.024523150983845,0.198862548809433,0.073000009570477,0.00490247683944568,0.00340110826123574,0.00149179810121736,0.000437849322410229,1.06460261237811,-0.866308464304776,-5.55022755901258,4.26717679299494,4.10539669544012
1250.036,747.79,0.506487036403297,0.00737168518609053,0.00571529674146605,0.000604121997723193,0.171134143019772,0.00285182831295149,0.0250483646801645,0.197497840758563,0.0736318790172949,0.0047212308723801,0.00327320049633453,0.0012792487003811,0.000384123813581221,1.08505101781883,-0.843369640297782,-5.64642682953473,4.22985239400302,4.09448740916185
1249.178,748.29,0.510785695366886,0.00823201051458499,0.00585823300999985,0.00060468858537853,0.169753826779209,0.00258866683657916,0.02300190401943,0.194346161726711,0.0738057400438774,0.00528352898257397,0.00380554014682439,0.00148673433181911,0.000447269656127095,1.10160080959144,-0.832912802848847,-5.63739099818732,4.12791984358158,4.18320630152458
1248.278,748.79,0.510780231650528,0.00783687317701474,0.00593504795644409,0.000671801030900431,0.170521467426108,0.00265458069224505,0.0230345590882838,0.19564634267169,0.0725363872087151,0.00474127202383685,0.00374202840413423,0.00149584474146535,0.000403563928634432,1.09707822519175,-0.854772868966569,-5.53665426472566,4.17709949730073,4.16257448659163
1247.436,749.29,0.50398639623896,0.00745970944908298,0.00586279736162351,0.000629585826669726,0.171835742823016,0.00271604502421258,0.0244467588097886,0.198180673480315,0.0748395144539961,0.0044588798079469,0.00354215577247827,0.00158161374026937,0.000460127211640865,1.07601023917874,-0.831193023341477,-5.60923213071407,4.21303281050465,4.14736224998209
1246.636,749.79,0.500733864566834,0.00661001054022426,0.0055490155291088,0.000718176250678374,0.171616233572299,0.00298659055702819,0.0253279148600893,0.201278772081305,0.075190031992544,0.0048110836210493,0.0036280683731681,0.00115977329802106,0.000390464757650378,1.07081396767761,-0.825242114937431,-5.47630104939205,4.32748950304428,4.05112832896048
1245.72,750.29,0.501576424129986,0.00690657305150587,0.00593277898381725,0.000578665142263948,0.169956874834145,0.00293424142844952,0.0255536188782781,0.201961148773055,0.0743520411682256,0.00503614026843049,0.00331300406702228,0.0015325858616324,0.000365903413189123,1.08221125945587,-0.826733601386435,-5.68257603419241,4.28528241256569,4.05909576463527
1244.72,750.79,0.502939202632157,0.00687734218637716,0.00571092594682235,0.0006485369315651,0.170517701138503,0.0029623646654274,0.0251741606732431,0.201818516560854,0.0727299722649499,0.00478919580232689,0.00379144667684212,0.00155126233081322,0.00048937219011872,1.08163018294695,-0.852085537505167,-5.57187543796236,4.29223702608718,4.05285128746729
1243.836,751.29,0.501982640562297,0.00801764573958935,0.00583459385691586,0.000657301413854148,0.173467927031193,0.00288687735304363,0.0244501810859431,0.198392892078504,0.0739052531624429,0.004997160839628,0.00363484103087766,0.00129551603529148,0.000477169810420434,1.062572814852,-0.853208813518735,-5.57560531640072,4.13692070843567,4.0958173064029
1243.036,751.79,0.504588508590868,0.00763073293873118,0.00613719017378317,0.000659268475699364,0.17179217939774,0.00297749617024949,0.0240788820724524,0.199065516902445,0.0726082339036605,0.00487379204035203,0.00357323513829055,0.00154988025287141,0.000465083942857006,1.07745777567958,-0.861207156913428,-5.56290991577479,4.19155936183884,4.05520275094793
1242.12,752.29,0.502483716932253,0.00704273845225968,0.00598609023538323,0.00061855474268835,0.169799806716483,0.00284701395962891,0.0256480577855978,0.200472286135588,0.0749044861246655,0.00466943532244392,0.00358429322106743,0.00144012841243948,0.000503391959500692,1.08494309971773,-0.818406351990664,-5.61498971784902,4.26756615606229,4.08834942401493
1241.12,752.79,0.504288041909497,0.00803575475501504,0.00567762989963954,0.000694197605376095,0.171624255407465,0.00294974343315306,0.0250066199256183,0.19844747834509,0.0732235340144899,0.00462679125644995,0.00387534024032119,0.00110332093637953,0.000447292271505216,1.07784009095248,-0.85179065336699,-5.51030615062649,4.13924668834975,4.06358933083651
1240.236,753.29,0.502906739409191,0.00784855659557302,0.00601398500645942,0.000547489950677879,0.175517353990673,0.00290553877333436,0.0245830191669508,0.194715521340102,0.0750097251504397,0.00466567093932947,0.00334136958933451,0.00149839354922367,0.000446636538710901,1.05266682302513,-0.850120147352462,-5.77014909354123,4.16007510246801,4.10111908390488
1239.436,753.79,0.507317865848154,0.00692245192741717,0.00602930998164365,0.000712587644067287,0.171250940386988,0.00290692425747043,0.0250452890373446,0.195569197436129,0.0741355962805814,0.00486654027865547,0.00342571695103969,0.00129637988625079,0.000521200084258674,1.08600779303489,-0.837234169828154,-5.48198233362524,4.29436772983038,4.07603440242257
1238.752,754.29,0.504633899368677,0.00748507264014604,0.006427321822469,0.000708336502624173,0.173420029284247,0.00293199018787556,0.0248678405719936,0.196676285464364,0.0730893930174184,0.00494171674146193,0.00327783905073401,0.00114807560660227,0.000392199741385867,1.06811664781343,-0.86403331294568,-5.50055257882094,4.21092249203875,4.08003512935693
1238.152,754.79,0.502889068552901,0.00836506144390506,0.00550626667284014,0.000663648786140069,0.174575246968763,0.00286235639245744,0.0254881498920235,0.196492277811217,0.0737564302106224,0.00466809843846646,0.00316153258942935,0.00117414785240166,0.000397714388831705,1.05801374270419,-0.861587682701102,-5.57235806939486,4.09630592635297,4.11071066436879
1237.349,755.29,0.501743036116369,0.00785015317947725,0.00627705423355976,0.000709251662788008,0.171656604183287,0.00290191320931067,0.0259201389708416,0.199618349438027,0.0733656528655655,0.00477712268047564,0.00327365076967377,0.00146806833362443,0.000439004357000231,1.07259211452046,-0.85004011238018,-5.48904085473405,4.1575550634769,4.08012574705307
1236.399,755.79,0.504680860102881,0.00721630140655922,0.00567391286389808,0.000687997337698124,0.172112623866073,0.00299036921737058,0.0256069540835533,0.197939076242614,0.0735213072657475,0.00455753982536905,0.00336446039412925,0.00122966248007109,0.000418934914035736,1.07577721686094,-0.850573793471602,-5.5221193631322,4.24758371822235,4.05275218860161
1235.449,756.29,0.503370497627562,0.00839118341397284,0.00590304560222518,0.000675501951709791,0.173039525044995,0.00291003435944183,0.0257859430147489,0.198024916438772,0.0722307926045392,0.00485239464273193,0.00321506205735923,0.00113596521983031,0.000465138022111586,1.06780643789023,-0.873653591525816,-5.54581926917536,4.0941449136957,4.08535514838899
1234.499,756.79,0.50453461839335,0.00787029621840449,0.00580087605066888,0.000538536712186947,0.16955317701841,0.00286445820189091,0.0253785425618099,0.199273671822227,0.0738642562506238,0.00473192710255642,0.00376743570637679,0.00144267485613874,0.000379529105355887,1.09046985031313,-0.830937572653678,-5.7520662161435,4.16054075599904,4.08078738334448
1233.607,757.29,0.509767220336965,0.00879919033160683,0.00596892302196821,0.000673929868428886,0.169464785378341,0.00277787700184557,0.0241459784485325,0.194264451985474,0.0741632434363279,0.00470917425730785,0.00341489551705662,0.00145383104125737,0.000396499374888373,1.10130904145406,-0.826376493397982,-5.5272743756161,4.0592944813311,4.11095818179785
1232.757,757.79,0.507971946804926,0.00792338489688688,0.00603726436982831,0.000565956064063349,0.173270086943801,0.0028249840824857,0.0236946139448217,0.194780014556582,0.0725406990756451,0.00473628485815726,0.00379262506489909,0.00150242150057495,0.0003597178373284,1.07557464992387,-0.87070380239084,-5.72409040242655,4.16060772273517,4.11634884324063
1231.82,758.29,0.508948966349492,0.0082354434138002,0.00578480339809312,0.000567466227379168,0.171099447857755,0.00270803503445502,0.0233092140233595,0.198368953611432,0.0707369398964673,0.00520416812324313,0.00323000818875315,0.00134563721429153,0.00046091666147886,1.09010279507116,-0.883277029497428,-5.70881899650165,4.12390054174186,4.14602166152066
1230.82,758.79,0.509615269936002,0.0065214954118155,0.00610644778867874,0.000713214019068337,0.173136877458382,0.00265010292703988,0.0227536740063307,0.198371295878863,0.0697971752908315,0.00510103070159746,0.00348258350448084,0.00130239081742914,0.000448442259481095,1.07957358751552,-0.908488940509382,-5.49205621745878,4.35855236108109,4.17948400120984
1229.907,759.29,0.50941016262131,0.0080241788326556,0.00585219401174691,0.000651949766798041,0.169454972357094,0.0028014942877626,0.0231099657372052,0.199430488808786,0.0709987468864084,0.00488371790889474,0.00346643580715987,0.00139484180179074,0.000520851172387565,1.10066627080692,-0.869925014320332,-5.56037500653055,4.15079417489404,4.10243429269003
1229.057,759.79,0.511299047036665,0.00743953955830944,0.00585942865196116,0.000670024352578519,0.168788808562935,0.00257380121177666,0.0227999374166202,0.199162051540519,0.071002277605063,0.00520731938902378,0.00317455388440945,0.00159802599598941,0.000425184794149648,1.10830635829823,-0.865936324509957,-5.52908950010685,4.23014567867363,4.1832644030917
1228.207,760.29,0.510318306518275,0.00672433002288165,0.00584979574233585,0.000540294466474189,0.168531141806333,0.00259125705317887,0.023103278904556,0.202215087513328,0.0704718891138452,0.00461945778874606,0.00311957159800175,0.00145915445712985,0.000456435014915002,1.10791411090053,-0.87190665622937,-5.74276153032226,4.32930236578326,4.17497744387187
1227.357,760.79,0.509406954422777,0.0073602083095754,0.00590265898810203,0.000583257307940852,0.168117088607595,0.00281650321207283,0.0231746778423994,0.202658750522675,0.0697034059375831,0.00497134793020869,0.00339619682974113,0.00144923404417075,0.000459716045159083,1.10858652199685,-0.880411510391705,-5.66378753111034,4.23715897936495,4.08916457283946
1226.565,761.29,0.508955710328116,0.00711709732958289,0.0059964526695905,0.000661286627603521,0.168668239584145,0.00265577433121485,0.0228132077833436,0.201361778105272,0.0714130514362909,0.00494429841031418,0.00326156011685879,0.00173942000439283,0.000412123273274337,1.10442729348326,-0.859453060307315,-5.54150161205635,4.26986103578576,4.15119744382623
1225.815,761.79,0.508750132864077,0.00710734236415386,0.00616016912120747,0.000630661485951838,0.167685094422071,0.00279073612603782,0.0228065617138875,0.201913242710191,0.0724705632255855,0.00483979544837197,0.00327849491573465,0.00115975576630095,0.000407449836429558,1.10986921543249,-0.838907327546483,-5.58307381521844,4.27082861242113,4.09578237699173
1224.978,762.29,0.508725283971392,0.00678045555622333,0.00576476951739888,0.000647875473285654,0.168694032093275,0.00291724262275377,0.0229641204399303,0.201770539094898,0.0715103071098023,0.00511449005348879,0.00327904321173147,0.00139551655748543,0.000436324298335236,1.10382154063099,-0.858245018378838,-5.56214338502378,4.31786386282379,4.05744775020618
1224.078,762.79,0.505810236591392,0.00826651861679116,0.00597847508628231,0.000656130130072391,0.172396389121218,0.0027146482854094,0.0233130485776637,0.199380641998096,0.0713283150193715,0.00480921754679434,0.00355343735279132,0.00130745344600506,0.000485488228112172,1.07636515921048,-0.882503039554408,-5.57119255393552,4.1139481173649,4.15113401321242
1223.265,763.29,0.505775827249655,0.00732814487494047,0.00594522579439478,0.000593196327487777,0.170829691164148,0.00281406550478958,0.0237495554041753,0.201566182986599,0.0712920708218542,0.00504578583442347,0.00333612650032252,0.00124064841663602,0.000483479120574388,1.08542643986774,-0.873881989535973,-5.66289696185854,4.23437114474185,4.10603686550435
1222.515,763.79,0.502636442902977,0.00770166784462596,0.00597601820615016,0.000695846054079261,0.173910509097003,0.00269109049884754,0.0236271916721921,0.199862045180203,0.0723594888871078,0.00490006776301888,0.00367110405145132,0.00141597992854523,0.000552547913797668,1.0613262798668,-0.876894254345121,-5.52116768115529,4.17843022263853,4.16859435000285
1221.649,764.29,0.500403154201683,0.00867021506356878,0.00621769366999909,0.000695920943380832,0.171560110771416,0.00279088295569623,0.024478419251573,0.203102127598305,0.0718658360410257,0.00504062738472909,0.00358519272210677,0.00123465974265323,0.000355159653863321,1.07048037661351,-0.870132712890812,-5.50745291751578,4.05552048596217,4.11857568797763
1220.699,764.79,0.498676768767617,0.00805344859176891,0.00607436547391821,0.000719556277673491,0.171776163393879,0.00279692617206981,0.0241943214511497,0.203972969923033,0.073229715611459,0.00500898535284346,0.00354317762361989,0.00156530792276358,0.000388293438204919,1.06576587421311,-0.852590964104165,-5.47531279163212,4.12585773169702,4.11767123519909
1219.749,765.29,0.499098056567169,0.00623216169827926,0.0061774616248596,0.00140883077985287,0.174444611921212,0.00290639723436429,0.0243366704429977,0.202218878089339,0.0727170620469011,0.00510290907146018,0.00348378689823841,0.00144772860984018,0.000425445015486199,1.05119530152977,-0.875031232905694,-4.81884715482523,4.38307932791104,4.09469303070665
1218.799,765.79,0.504245709123758,0.00746197171143971,0.00605421266740632,0.00113978768423031,0.172670558920354,0.00274761584304881,0.0235160024978326,0.201114324342349,0.0710136228879067,0.00501749089079258,0.00350666593914261,0.00115797578557441,0.00035406170616516,1.07167817202864,-0.888513765050119,-5.02054349218909,4.21324398359979,4.14065192586519
1217.878,766.29,0.502418151550651,0.00902645045933781,0.00609038781675812,0.000701646217399346,0.173167272951477,0.00286207534373266,0.0226475121770763,0.200519144213577,0.0722042049448178,0.00482027251988409,0.0036710031444602,0.00145878290893397,0.000413095751895925,1.06517472115164,-0.87475973859271,-5.50858398883589,4.01927353715851,4.10271101668779
1216.978,766.79,0.503700013530635,0.00872971942384098,0.00607402487176649,0.000817988363654255,0.171406078945103,0.00282913268632299,0.0228064996248324,0.20104677909394,0.0721871655780656,0.00463608743250058,0.00366926208839195,0.00158431430434087,0.000512934056607255,1.07794540765516,-0.864773203938353,-5.34494263980105,4.05524764958708,4.10406527853966
1216.107,767.29,0.500189075630252,0.00745056846267919,0.00615299060800791,0.000667325753830944,0.1734206623826,0.00290657439446367,0.0235813148788927,0.201780771131982,0.0735392980721701,0.00500370736529906,0.00338606030647553,0.00147429560059318,0.000447355412753337,1.05926596073149,-0.85790028648649,-5.5601971832053,4.20669584500571,4.08874501374511
1215.257,767.79,0.495028890831468,0.00805848050790795,0.00608768932592896,0.000686754227830715,0.172311230245237,0.00285704267669715,0.0244366015821947,0.206484507525883,0.0735528286898833,0.00503216742294267,0.00350631559983992,0.00145693458545072,0.000500556778735768,1.05531380633159,-0.851298414128325,-5.52508111758781,4.11789111002775,4.09951525912205
1214.378,768.29,0.495273632776501,0.00808478998729855,0.00627925376184726,0.000752306760604704,0.173670015685596,0.00301173473162083,0.0244048313140166,0.205869998884078,0.0718879263541835,0.00512697057352106,0.00365746470113987,0.00154348270384065,0.000437591765751736,1.04795336624512,-0.882048709202291,-5.441768148953,4.1151258862278,4.05464080152922
1213.478,768.79,0.490347525591706,0.00684879702679794,0.00594249201277955,0.000841103214448719,0.174709525982917,0.00297450609636826,0.0247805959444481,0.209108691399883,0.0730964334615635,0.00549259959574884,0.00381560931081698,0.00152833018191302,0.000513790180608985,1.03198963229966,-0.871345167607548,-5.33616564161854,4.27104135529129,4.07304673612993
1212.607,769.29,0.484534759690967,0.00822868725933779,0.00652436787895833,0.000706352899092628,0.178183675082851,0.00286558946769505,0.0245421990774642,0.21007972067307,0.0732624042697413,0.00508962905456285,0.00401260289099225,0.00154360789508132,0.000426403860186192,1.00037427143036,-0.88876732562829,-5.53045521005935,4.0755626769825,4.13004082386515
1211.757,769.79,0.484341475153108,0.00820943379348663,0.00600336894198339,0.000846645105773943,0.175812407634421,0.0029632578702088,0.0248261038828505,0.215006280544423,0.0707099849947274,0.00554602939823943,0.0036889536751579,0.00152572503436346,0.000520333971256903,1.01337262423936,-0.910830767478327,-5.33589123446906,4.07750622950964,4.0831282659737
1210.994,770.29,0.48353282160716,0.00819441347899481,0.00613434404560945,0.000722362009109151,0.177023282479218,0.00304742491320827,0.0253170685097302,0.213749084307418,0.0707507086664331,0.00562219320317228,0.0036946205051438,0.00169442940408319,0.000517246870720132,1.00483793260087,-0.917118710394016,-5.5015101314429,4.07766655691272,4.06198432010013
1210.294,770.79,0.48066218308289,0.00864763138038367,0.00613962932964166,0.000718011636827195,0.17264526824033,0.00316680921926942,0.0252399985387833,0.220570655494238,0.0712872185110958,0.00535107619867004,0.00382183737918195,0.00124959218198698,0.00050008880670245,1.02392568448762,-0.884521968969835,-5.4825085195865,4.01787924670064,3.9985144912649
1209.536,771.29,0.482202244889653,0.00832150580128958,0.00586365492403902,0.000946640215009434,0.173038216167459,0.00290819428050748,0.0247754519517726,0.219033639207973,0.0714010931659404,0.00544876129305014,0.00378787381456618,0.00167401702376842,0.000598707264971292,1.02485114844745,-0.885199293128768,-5.20834865158127,4.0595203970628,4.08598010638698
1208.736,771.79,0.480170927073376,0.00762188037365804,0.00600279602928671,0.00114554299617273,0.175825776978354,0.00315149931732169,0.025222043161347,0.217867958584601,0.0716680336980565,0.00551166959123459,0.00359615087504663,0.00168063215885868,0.000535089162685947,1.00464853735561,-0.89744878709376,-5.0336148441692,4.14311903113072,4.02161528787711
1207.849,772.29,0.472909953938271,0.00737169772787287,0.00600064260079011,0.00113951071283159,0.177109363109772,0.00313885770555095,0.0257625681137325,0.223483286525806,0.072053239605542,0.00525657852802793,0.00350698730798399,0.00174308716346385,0.000524226960355174,0.982137585698305,-0.899362127715392,-5.04616844144351,4.16125696190858,4.03290846675487
1206.899,772.79,0.481740286140807,0.00798925923068698,0.00606333751541211,0.00108815253624807,0.174743221716493,0.00288685243758349,0.0242641774500688,0.21774013455737,0.0719669439831526,0.00564783648478008,0.00374356954634596,0.00172155475884022,0.000404673642211657,1.01408755149707,-0.88711068965386,-5.07883625453669,4.09930709997204,4.10315080524431
1206.123,773.29,0.472721754986222,0.00764451592415411,0.00678146672266669,0.00101926878988721,0.17861277005501,0.00315000153658612,0.0250809268687448,0.221159559102224,0.0733630235917188,0.00523591718825229,0.00318329423575329,0.00163774470133888,0.000409756297442096,0.973286792804248,-0.889800123846789,-5.16613466919374,4.12451844145572,4.03781722611171
1205.473,773.79,0.481617123219853,0.0092131732680321,0.00659049799435376,0.0010577640606548,0.177662099927309,0.00305737283285154,0.0233855211902985,0.21722682277139,0.0708086099096554,0.00502558678133022,0.0028617589312236,0.00111572373521123,0.000377945377836703,0.99726601702754,-0.919902828994162,-5.1237261276789,3.95651511136433,4.06232743535123
1204.707,774.29,0.477748839744706,0.00916216823260122,0.00634323367377583,0.00116593354178812,0.180090044391279,0.00304354080388846,0.0238637826215334,0.215750702209974,0.0725187950001136,0.00493124272868827,0.00335899901324672,0.00149527191235814,0.000527446126047006,0.975628182108122,-0.909611202782536,-5.03993488287406,3.95400229724362,4.08043539666867
1203.857,774.79,0.480012601920626,0.00792546715916148,0.00585496641432574,0.00105145654606248,0.17926621038725,0.0031102888458741,0.0238114068125568,0.216067189499437,0.0717401929960807,0.00540119355227658,0.00378576216338157,0.00146633459136457,0.000506929111603491,0.984940447650403,-0.915820747591901,-5.13869552026725,4.10373109200434,4.05415631154297
1203.036,775.29,0.480995828854452,0.00701534220366094,0.00618985655579614,0.000988782652972006,0.176430198888037,0.00309878568746753,0.0239815152933431,0.218083793222274,0.0720474101352151,0.00536179930155171,0.00368125453245624,0.00169726021056313,0.000428172462210244,1.00293327381707,-0.895600948013512,-5.18420606037879,4.22775910417821,4.04191500339974
1202.236,775.79,0.477620558430318,0.00809981274030737,0.00591696306884287,0.000965230762790847,0.181267628696409,0.00309637164339155,0.0237995865759054,0.215786940083054,0.0722728845256519,0.00531492500378582,0.00375996779281026,0.00163252039727125,0.000466610279461391,0.968842055663125,-0.919525533098232,-5.23536262458346,4.076975663511,4.06974356240003
1201.407,776.29,0.48016126867269,0.00803441107790984,0.00636319552859145,0.000977092737951709,0.180039011153127,0.0030679260843855,0.023800914936096,0.21605600386,0.0706384841518702,0.00538731206383028,0.00367256267965265,0.00137494361763749,0.000426873436258605,0.980948467839505,-0.935598458749708,-5.21634726634264,4.09038832197005,4.07217176526445
1200.557,776.79,0.47964275180562,0.00695434701533466,0.00627426891604326,0.000975022364575487,0.176458328762916,0.00296772432217664,0.0251031695539516,0.217968687156762,0.0727939509612502,0.0053638417831209,0.00359783252528355,0.00147350254846471,0.000426572284501776,0.999956808888694,-0.885451890278621,-5.1983796210586,4.23367462584178,4.08528931320984
1199.707,777.29,0.475536231735268,0.00929374231617204,0.00642297435686841,0.000989433212616493,0.177458889114181,0.00316721292962063,0.0251888392960266,0.218576191490618,0.0723774886619424,0.00541942471709397,0.0036176552871153,0.00148222485158502,0.000469692030891876,0.985704104747235,-0.896843650506036,-5.18936198377522,3.93510177176019,4.02588697231327
1198.857,777.79,0.478083925641701,0.00889991517559184,0.00581805031496712,0.00103969729120299,0.178317392194559,0.00315100074188119,0.024690816361804,0.217065394566452,0.0712950480095514,0.00567977855245419,0.00376657599229933,0.00175764682732782,0.000434758330208923,0.986221229066765,-0.916738192542371,-5.14463546003485,3.98374454787566,4.03584496645099
1197.92,778.29,0.474204552580423,0.00762776697811501,0.00635229196714115,0.000891703768733931,0.177398883802596,0.00308271148178341,0.0250128550824606,0.221556405593529,0.0727070922430551,0.00566877782655045,0.00382893334169436,0.0012880165548379,0.000380008779080705,0.983237996259575,-0.891961843168422,-5.29302207726557,4.12984363509107,4.05259121694283
1196.92,778.79,0.469406231126349,0.00831386233444567,0.00647270908192461,0.00100293437612479,0.180298806117656,0.00314667610222122,0.0246036152001903,0.224113129045443,0.0718537814408336,0.00538680689852915,0.00349806916830874,0.00139215100140923,0.000511228106564828,0.956853049447098,-0.919982267746893,-5.19168542929684,4.03354427557921,4.04826881847167
1196.007,779.29,0.467675509430592,0.00687287712106837,0.00620900595552787,0.00108392055755522,0.178971216960339,0.00328676578866687,0.0256676733367613,0.228358403522621,0.0711778522922868,0.00552461513577976,0.00327348836535606,0.00144723914087829,0.00045143239256754,0.960549705710785,-0.922043287089818,-5.10664037986324,4.22019188603825,3.99732095549168
1195.157,779.79,0.465672603097638,0.00744697011125491,0.00600812993310122,0.00122738900332367,0.178373648808764,0.00329450652278265,0.025883325130486,0.229954367864282,0.0711484593837535,0.00563626752219326,0.00335162264471949,0.0015311981625622,0.000471511815138203,0.959602317983878,-0.919111829537897,-4.97899134915783,4.13567556555659,3.99162410949447
1194.336,780.29,0.474952635616546,0.00813956623293228,0.0066996399571576,0.00124385120843515,0.172233564620215,0.00326219893286145,0.0253953976279819,0.227534086424988,0.069438759629124,0.00576093057226959,0.00364699625251528,0.00121566541750509,0.000476707507469235,1.01436359507776,-0.908406281784832,-4.93063910969736,4.06647819431432,3.96645000221819
1193.536,780.79,0.47908385201591,0.00761333331700009,0.00611149153958382,0.00124336819255915,0.174038472139365,0.00302205845422996,0.0236239956586238,0.224557195549354,0.0693872951045593,0.00587506783400361,0.00332095681776142,0.00162924107990509,0.000493672297144173,1.01259925946717,-0.919572595927629,-4.94145239751838,4.14197454451663,4.05333817246491
1192.649,781.29,0.484256157535153,0.00851338417521102,0.00610789813975747,0.0013720179609624,0.170548959913657,0.00285476464419171,0.0234604889373097,0.222466730473563,0.0691850875138729,0.00586607679227801,0.00321495117754269,0.00165074888253083,0.000502733853970452,1.04359160739705,-0.902237069375219,-4.82273979012283,4.04097448387041,4.09003300707156
1191.699,781.79,0.484960099016195,0.00917638297679113,0.00600168919138071,0.00132981656315721,0.174523828366739,0.0030060341237417,0.0231945956254873,0.218324742502105,0.0684096561548451,0.00565139604791491,0.00337449061538721,0.00163599871818657,0.000411270098069106,1.02200533291842,-0.936547298045837,-4.8770202742817,3.96743350173664,4.06143964142183
1190.865,782.29,0.482685745106785,0.00769378377537367,0.00603678079847317,0.00126544202304764,0.175121098652615,0.00304172846933378,0.0234041946291321,0.218239479716624,0.0713665217977575,0.0055855781099275,0.00355775913037165,0.00158180252880955,0.000420085261749422,1.01388808374342,-0.897648849906427,-4.93005624042913,4.13895310973487,4.0530517976288
1190.115,782.79,0.481532618186513,0.00891696293995145,0.00645473059266163,0.00138963995924405,0.176986692950933,0.00295953680372582,0.0226995833636958,0.217299035945268,0.0704727716221969,0.00545117275640903,0.00358084776986437,0.00183069404014487,0.00042571306939123,1.00089942312312,-0.920848131587489,-4.84702985721543,3.98901856077019,4.0910417778163
1189.307,783.29,0.478763722480795,0.00837850099392022,0.00614676151348838,0.00147097664508645,0.177844109332487,0.00312645723362875,0.0240891381517507,0.220517596747676,0.0686961257963051,0.00573225950353274,0.00332738961040602,0.00145960311432547,0.000447358876598455,0.990299826932533,-0.951214571725533,-4.79498081169923,4.04553818374324,4.04100688703818
1188.457,783.79,0.466836978029101,0.00840142934361235,0.0061537106924392,0.00137333408338816,0.178425814278272,0.00318814065484678,0.0245084491230473,0.229569362543077,0.0707077501045593,0.00552390922053813,0.00349753827113993,0.00145037775859159,0.000363205897387608,0.961807204728348,-0.925617722068953,-4.86693148769767,4.01757826194807,4.02473502850261
1187.607,784.29,0.460140393391546,0.00752725648108946,0.00620565924311074,0.00147948717348946,0.180826080142592,0.0031402553840468,0.0250471915473915,0.235796338356962,0.0693288859052239,0.00544778755265922,0.00335896218360611,0.00137890543679374,0.00032279720148861,0.933995959811737,-0.958674042753475,-4.80584016280104,4.11300101566213,4.0532315570197
1186.757,784.79,0.460963058154478,0.00693597250731219,0.00611142446779436,0.00133509329952958,0.180648124996366,0.0033400591953388,0.0252388456327447,0.23768033354073,0.0672745140225501,0.00558924947520832,0.00309699778453594,0.00137696033679706,0.000409366586615341,0.936766827297195,-0.987769605491593,-4.90754990163511,4.19659662992719,3.99056254834651
1185.849,785.29,0.466567120134565,0.00643668663499277,0.00614040782600997,0.00115442500073775,0.181857349426034,0.00316345501224658,0.0245946823265559,0.231660518783014,0.0679824121344468,0.00547112462006079,0.00315637265027887,0.00144834302239797,0.000367102428659958,0.94217930479627,-0.983973558746908,-5.0596202002332,4.28338798013822,4.05155779676311
1184.899,785.79,0.478094724836757,0.00580907142588577,0.00663625311759766,0.00103021719785935,0.179990976199727,0.00311070448307411,0.0240058153379539,0.220359949366454,0.0696737645540112,0.00522377771371994,0.00387522089511085,0.00165311007783028,0.000536414794019226,0.976902164563297,-0.949082875752483,-5.16313706569047,4.41038814730999,4.05805749498209
1184.036,786.29,0.479998762291669,0.00877354707868602,0.00646702603184263,0.000960513236388109,0.178263520996561,0.00299112846767841,0.0228924470138353,0.218621837558517,0.0698931316212561,0.00555421613739594,0.00363576822364358,0.00148653927725569,0.000461562065271065,0.990520614803804,-0.936295526191723,-5.22355042667744,4.00204234477524,4.08761218039665
1183.236,786.79,0.476962964182624,0.00791987162031226,0.00616946980050232,0.00113864778292991,0.180760018897247,0.00299797475216362,0.0236114259948603,0.219919876686598,0.0696323016264045,0.00512834802345184,0.00387697537658337,0.00152875180644761,0.000353373449874799,0.970268555564567,-0.95394172558122,-5.06732888604362,4.09806384851252,4.09923331100126
1182.378,787.29,0.478590030888499,0.00809308945551451,0.00660039771465488,0.000892082046312559,0.176882078614257,0.00306613772636424,0.0239827488744877,0.220332909373549,0.0698991076655967,0.00540170189570589,0.00406799507399108,0.00171224234348818,0.000479478327579593,0.995361057490972,-0.928430404743681,-5.28968045849168,4.07983380162613,4.05506458805366
1181.478,787.79,0.476533201820629,0.00723063013079349,0.0064022542099477,0.000952953384910972,0.178061009565494,0.00299114344131759,0.024007490059489,0.221880169322607,0.0707998130053735,0.00527206690708833,0.00389657758735834,0.00155914475644464,0.000413545808546271,0.984411157264554,-0.922269882405397,-5.23031553250815,4.18821121180635,4.08647050579119
1180.578,788.29,0.476552297281254,0.00796731516706327,0.00624454779614823,0.00107753614585323,0.178452890377796,0.00279385120451765,0.0232928472247315,0.222351842006101,0.0702669708716816,0.00546510847627356,0.00378621682866272,0.00138466620898265,0.000363910410934863,0.982252823088355,-0.932022789651595,-5.10964755846611,4.09122990134322,4.15690364288038
1179.678,788.79,0.478567719975418,0.00747369519537123,0.00653706764718387,0.000948222662263959,0.179288807236382,0.00287687663700465,0.0229776510617904,0.221935636810107,0.0679615402949539,0.00538013293154116,0.00390368840578777,0.00167871484908959,0.000470246293106447,0.981799772549244,-0.970055992603968,-5.24216388237969,4.15940817819174,4.13229274926841
1178.836,789.29,0.477510599006424,0.0083153431997295,0.00646864514786589,0.000876531328842302,0.177553515228756,0.00287408640466096,0.0232514890628658,0.22213956875699,0.0697388612895675,0.00555439956303483,0.00376752412411892,0.00147995942466252,0.000469477462480818,0.989314298824802,-0.934514344546048,-5.31105488986406,4.05048396998138,4.12353720626457
1178.036,789.79,0.4715561812033,0.00832624748554552,0.00619210625804013,0.000890300753917001,0.179554307700843,0.0030037973262591,0.0229310507226274,0.226008652691095,0.0703466624689201,0.00577147140908804,0.00327346813432961,0.00173028016087348,0.000415473685161267,0.965560537136196,-0.937042371406171,-5.30667365962533,4.036625376417,4.09060044836531
1177.178,790.29,0.466832414742277,0.00753223525233242,0.0063791867773627,0.000993219973488764,0.180126721169031,0.00295429031705662,0.022889724676379,0.232426158598076,0.0689951734329513,0.00547222345546683,0.00356823471957075,0.00133444113934889,0.00049597574665914,0.95230972863496,-0.959624057784959,-5.20046372500045,4.12677849430251,4.11040215110691
1176.278,790.79,0.467183348432825,0.00625677256612689,0.00659682834542562,0.0009656061494266,0.178824929641444,0.00306557747308103,0.023542518392196,0.234818666524554,0.0673805300302244,0.00568958997901298,0.0036606750868538,0.00168885911286045,0.000326098265969299,0.960314509136835,-0.976051176313562,-5.22140652126114,4.31305730203554,4.06617132006812
1175.436,791.29,0.463419817812858,0.00710312201929417,0.00631829617253366,0.00100247738664516,0.179996543181425,0.00314314429656943,0.0244845179338467,0.235282594918477,0.0677229167866951,0.00574600065295462,0.00360661404620614,0.00171304564920973,0.00046090914328513,0.945695731030239,-0.977513018546477,-5.19046332317642,4.17809896876275,4.04771397893861
1174.636,791.79,0.468033333586936,0.00593050768797693,0.00629062404106341,0.000931991265910422,0.178938519008818,0.00286317861010304,0.0245107362857802,0.232954703956461,0.0677957075145124,0.0058328705077387,0.00383828239715762,0.00153303053127306,0.000546514606268561,0.961497241377126,-0.970543395670477,-5.25747411329842,4.36842969616249,4.13510986780164
1173.72,792.29,0.469510791117537,0.00694855371542745,0.00598667482056069,0.000956927137364229,0.17893423323273,0.00309237256033098,0.0242598979442779,0.231414197183936,0.0675976796064343,0.00599162657806322,0.00340680916174173,0.00146819609950062,0.000432040842095881,0.964672956439352,-0.973444669109551,-5.23104635315396,4.21315774323853,4.05807971105586
1172.72,792.79,0.471591741194221,0.00729543432324632,0.00614352364062848,0.000987000392584944,0.179177491468354,0.0028010135829468,0.0232548122422508,0.229294220878873,0.0685349935943428,0.00551218797803986,0.00351111236913322,0.00143619633185365,0.00046027200352465,0.967736769192628,-0.961032416788581,-5.2014617287994,4.16886493888262,4.15839554141969
1171.72,793.29,0.473928737098458,0.00663801267926862,0.00646647531794812,0.000877014959990723,0.178195910162743,0.00298740770806757,0.0227866848351309,0.231710734856392,0.0660612122617805,0.00543241911167807,0.00326162588426302,0.00135417874676253,0.000299586377517492,0.978173402771216,-0.992301793232629,-5.3141147925602,4.2682443433185,4.08847753986358
1170.72,793.79,0.472317458568697,0.00667259839747466,0.00660433958400445,0.000877784390766139,0.177389088409534,0.0029291413640027,0.0229158009572999,0.235539609870943,0.0639381503298577,0.0058295421749653,0.00322852212483699,0.00138673168418443,0.00037123214343452,0.979305781635148,-1.02042934458494,-5.30869984368945,4.25964199231155,4.10363622932898
1169.807,794.29,0.469404621512435,0.00730192334105322,0.00627891997366714,0.000857238932855932,0.178367267681145,0.00289140535087595,0.0225321227793486,0.236904609672118,0.0641058429595109,0.00543115329421293,0.00379837361409092,0.00167777288378019,0.000448748004906627,0.967620402754158,-1.02330921260141,-5.33788332396506,4.16332734411344,4.12210206168013
1168.957,794.79,0.471672718961883,0.00827973333623553,0.00629777292465527,0.000908146594933969,0.176919291041031,0.0031936287046879,0.0226782706276853,0.233020016711832,0.0661193602101192,0.00535213958612217,0.00365677137560629,0.00154904898549989,0.000353100939708015,0.980591707285193,-0.984232049050002,-5.27204311101005,4.04247459093831,4.01453585047705
1168.107,795.29,0.471436106283451,0.00743480188890165,0.00615387655931351,0.00079918870611719,0.180212729952036,0.00294600473584158,0.0226218577493512,0.228782898596911,0.0678519858048275,0.00554861772469617,0.00422322439909532,0.00157737863633949,0.000411328963117503,0.961645595154908,-0.976809332716543,-5.41829616937477,4.1496116474828,4.11368806055323
1167.257,795.79,0.476977786682027,0.0074215521775062,0.00604668052390373,0.000843955823796048,0.177434825073251,0.00296261050311788,0.0229646139590794,0.226774936765921,0.0675177180636598,0.00518895094037214,0.0036563071297989,0.001841927324635,0.000368135032931807,0.988866562201704,-0.966213305535441,-5.34825848603141,4.16308169735759,4.09253255240539
1166.378,796.29,0.483834481599089,0.00697366057952075,0.00675840055432641,0.000803722342589514,0.176261022523332,0.00285824554163371,0.0226405144841975,0.219188202222146,0.0684654252913971,0.00587698080619337,0.00397148377843757,0.001909318211635,0.000458542065502734,1.00977688918455,-0.945637101304003,-5.39046739336278,4.23960259040384,4.1217579892614
1165.478,796.79,0.484079646170506,0.00616438863029209,0.00633212709642248,0.000976829890994664,0.176610104269191,0.00257281206138241,0.0221501111267338,0.219866894593641,0.0699790080243122,0.00548480116824908,0.00365447849370857,0.00173288635965594,0.000395912114910716,1.0083049492815,-0.92574919039266,-5.1973872578179,4.36346048751892,4.2289450140716
1164.578,797.29,0.48478653433949,0.00763915396736843,0.00602788462479569,0.000911462156580634,0.17384825439704,0.00268911922169696,0.0220953108024782,0.220913957972419,0.0704236035665698,0.00538435563907567,0.00358834698691409,0.00129806892366719,0.00039394740190465,1.02552584112035,-0.903654332641492,-5.25088802101123,4.15042179887581,4.16896910442722
1163.678,797.79,0.483160301158486,0.00801732007270811,0.00637925849436725,0.000782437212075082,0.175605257765157,0.00281171739645348,0.0222675243314021,0.218258731227495,0.0703967276027348,0.00598803988832971,0.00383234552853101,0.00203859491309358,0.000461744409166758,1.01210986257915,-0.914091843299856,-5.41358022241467,4.09874427453359,4.13444315269724
1162.778,798.29,0.477975767343284,0.00788675776443389,0.00605354818373772,0.000870444836877319,0.179018850406142,0.00283158343147819,0.0230575561865548,0.21945760735816,0.0720174405492771,0.00525432156078672,0.00371257911486311,0.00150613333896045,0.000357409925445081,0.982068925444208,-0.910582790293401,-5.32624200107834,4.10437491459834,4.14665503822003
1161.878,798.79,0.470766467676389,0.00708077733000971,0.00664549971308277,0.000769905454564468,0.179984026749313,0.00298681487891309,0.0244409035474472,0.222575876208614,0.0731619324234768,0.00524424564297563,0.0039802412718995,0.00193848860631427,0.000424820497000767,0.961494042041787,-0.900192869835613,-5.45435566462413,4.19697845465961,4.09866054494742
1161.065,799.29,0.465810750416447,0.00661845366269857,0.00622706157992389,0.000885710803234063,0.183873021032246,0.0030620674711196,0.0254120451252048,0.222935034331451,0.0727041265455924,0.00597109928357643,0.00429447852760736,0.0017091239047116,0.000497027316187922,0.929534020359833,-0.92784727207663,-5.33561020513713,4.25391767968401,4.09515508431636
1160.315,799.79,0.469881058786789,0.00675741161520983,0.0061180150978344,0.000885732438806388,0.182747601253486,0.00303814303098179,0.0247143580189746,0.222236730166593,0.0714064569625569,0.00583937282605184,0.00422809360226575,0.00164223947620637,0.000504786724243762,0.944373623558482,-0.939717673801908,-5.32944633449556,4.24183967669358,4.09685948900334
1159.536,800.29,0.468412019471001,0.00674762970337266,0.00619299498911817,0.000848565553605956,0.180766188240977,0.003150171821745,0.024159837034519,0.223986801227353,0.0735798348108683,0.00596296215832137,0.00394122916765176,0.00178914423953063,0.000462621581935777,0.952143873564791,-0.898833413881169,-5.36141235759238,4.24015700393329,4.04974742059202
1158.736,800.79,0.469072662847033,0.00678688174557582,0.00637890626985862,0.000866789016944327,0.18047259065698,0.00309730914119256,0.0241925644245385,0.224499626340218,0.0737736587647367,0.00559345815773018,0.00346715606777731,0.00139042109169662,0.000407975475717198,0.955178773962904,-0.894577173340684,-5.33853859413371,4.23576609398583,4.06504519835196
1158.023,801.29,0.466370875798716,0.00613527244339973,0.0064378981226091,0.000752240974034717,0.182809379172683,0.00306084258400333,0.0242989892302314,0.226040383852882,0.0726252221828328,0.00572518376789969,0.00365621228759074,0.00164900114997758,0.000438498433140106,0.936537222312802,-0.92313169160479,-5.49314252825677,4.33092670317212,4.08975373377758
1157.373,801.79,0.466900841638761,0.0071606367439411,0.00620174488508203,0.000857040651052794,0.183248954161988,0.00286673887337659,0.0240468217454813,0.225504784522591,0.0716336933732126,0.00567261543964943,0.00365298051412502,0.00184698470741377,0.00040616274332502,0.935271271000257,-0.939280092467598,-5.36511556096071,4.17751799684911,4.15767053092402
1156.578,802.29,0.465611591511903,0.00691950904376729,0.00652978243574165,0.000940804996444055,0.184227739349852,0.00309174834583396,0.0237038177072408,0.22584036351315,0.0710196067236528,0.00587568714138015,0.00415542892888482,0.00168550552133381,0.000398414780816018,0.927179085835706,-0.953216716174525,-5.27719209713625,4.20900697228601,4.08743596751645
1155.678,802.79,0.46225446244633,0.00819247708972121,0.00610776778675207,0.000763778452592235,0.183604468534419,0.00304650439141862,0.0239181957609681,0.228860494205246,0.0715098338013167,0.00573510293790272,0.00397140197008104,0.00164685885349598,0.000388653769757079,0.92333170765851,-0.942948840387426,-5.48226133169996,4.03289921887877,4.09878898414408
1154.865,803.29,0.467207641750587,0.00727251889758679,0.0064852232581084,0.00101650829401008,0.180139969205778,0.00293865571761001,0.0230956663859642,0.228714366152267,0.0716775376581443,0.00560076138464375,0.00382187187012612,0.00158331132559658,0.00044596809957795,0.953039632457423,-0.921556739200301,-5.17736064197625,4.16267107798372,4.11578191753268
1154.115,803.79,0.475255924224463,0.00814892523818721,0.00626918090361545,0.001071795124279,0.175850145620221,0.00301213564962273,0.0231704684464273,0.226388631144675,0.0700289978021257,0.00528070554164789,0.00346408223913024,0.00160579905545688,0.0004532090101486,0.994221259768533,-0.920722776427219,-5.10029725804068,4.06596740083981,4.06698284169416
1153.365,804.29,0.483219341080073,0.00725237911167559,0.00610851221045047,0.000996610472561657,0.173191967161816,0.00300429410264299,0.0233059594150764,0.222985676682733,0.0688279177152113,0.00565885418721025,0.00341713801871734,0.00158300660813224,0.000448343233698582,1.02607005680978,-0.922791172702543,-5.15779590097965,4.19914110451861,4.05435798329372
1152.615,804.79,0.481740768691426,0.0088887640028474,0.00608819452249822,0.00119221567462548,0.173952429122711,0.00283937335752554,0.022389837130761,0.22304468600973,0.068278767053635,0.00541782409265831,0.00374524317988407,0.00192681321151592,0.000495083950181174,1.01862427909101,-0.935183025436348,-4.98296837862372,3.99261813752029,4.1151984869206
1151.807,805.29,0.495540906816505,0.00838877219479801,0.00564796465995371,0.000856832413349687,0.169009863474515,0.00296920816274799,0.0216914584766338,0.215813508906964,0.0685941215223364,0.00570473475821879,0.00390789513638686,0.00138624658554264,0.000488486892048358,1.07569283003072,-0.901750238008661,-5.28447000683175,4.0787557387371,4.04166177157652
1150.957,805.79,0.492621980623383,0.00801618266876256,0.00564264108168365,0.000964446977335496,0.170913782197812,0.00270921923633335,0.0220069264828372,0.216731276263958,0.0699812746982972,0.00540090307307878,0.00323653375251289,0.00131014485492588,0.00046468808907983,1.05858287465941,-0.892931529724998,-5.17735965407654,4.11827977423592,4.14449874297121
1150.049,806.29,0.496681051077828,0.00821303475960978,0.00577633808257179,0.0010245914488626,0.169287087514156,0.00291074265949829,0.0214700190997892,0.214325218117586,0.0695330145436806,0.00517813719994332,0.00338478864195859,0.00177202902967302,0.000443947824843772,1.07635205537469,-0.88979434719351,-5.10730206972082,4.10222557473746,4.06318775830639
1149.099,806.79,0.498921692755815,0.00723846385369846,0.00616140033182511,0.000961397346891565,0.171014305294028,0.00286677992831185,0.0215810695514391,0.210960178499026,0.0700638527034792,0.00478211228822518,0.0033891432991973,0.00163922600673103,0.000420378141331629,1.07070194539806,-0.892340201950922,-5.1811146928501,4.2330401461101,4.08855778600678
1148.149,807.29,0.502155829449937,0.00774107648372706,0.00565306389094552,0.000857354395963342,0.168500625283866,0.00268654302015218,0.0216167787615024,0.210120266041175,0.0701537389486521,0.00534446608223883,0.00315566146322646,0.00155916554157049,0.000455430637042936,1.09197102808421,-0.876250356201598,-5.28084337565465,4.1723697302375,4.1386842161535
1147.199,807.79,0.500657503580434,0.0081343476131062,0.00578852441239123,0.00100464054185774,0.169943797466461,0.00256145944605168,0.021032635860183,0.208692259655954,0.0709680073091962,0.00535600546943263,0.00373437104640916,0.00171761124898258,0.000408836349540121,1.08045446246785,-0.873238605039407,-5.13083797151189,4.1198266993331,4.19489058708818
1146.307,808.29,0.503695330731472,0.00773265872696548,0.00624270741128189,0.000865051903114187,0.170928220809528,0.00253228856522089,0.0205889896998471,0.207183702824495,0.070042799951718,0.00525192121992436,0.00314461454896596,0.00141325339985515,0.000378460207612457,1.08072787573872,-0.892137223945236,-5.2862094772806,4.1765188301521,4.21212024193543
1145.457,808.79,0.506135838816598,0.00752224485656587,0.00588702900933383,0.000875558562269851,0.169487980911564,0.00227519246540914,0.0194021257806014,0.206723785839635,0.0710928356633269,0.00498375492422954,0.0033434998910276,0.00184182247199787,0.000428330807441366,1.09402307418883,-0.868795447726753,-5.26567525463779,4.20894047784442,4.31071736622566
1144.578,809.29,0.504340133379709,0.00775653918470015,0.00575407927170445,0.000899783749451812,0.168690550002268,0.00245739259304066,0.0200624051698499,0.208070581356077,0.0716096803625347,0.00504710632570659,0.00352100251536185,0.00136353783880513,0.000427208250790146,1.0951849368685,-0.856835705976987,-5.23366679431505,4.17471465490458,4.22896510509684
1143.678,809.79,0.497331521450316,0.00720957362546151,0.00589494621288613,0.000971736143270348,0.172184559011461,0.00243313620248552,0.020514007930784,0.209135838084465,0.0736874603017949,0.00536858913528136,0.00343650438166961,0.00144115555623037,0.000390971963893929,1.0606899298424,-0.84873427949,-5.1772378879639,4.23384703589612,4.25938587552279
1142.778,810.29,0.498302131300983,0.00792554492976144,0.00599917922321374,0.00111465112455482,0.171139727538356,0.00249598997461288,0.0198345759341514,0.210033413641724,0.0721403243492366,0.00522371345827955,0.00341645100778184,0.00204417436198845,0.000330123155355957,1.06872623947335,-0.863867171375755,-5.03393887977414,4.14111550416986,4.22779490903138
1141.878,810.79,0.499597190225149,0.00879500130415286,0.00593999868942274,0.00114868242014794,0.171342557912739,0.00247724799333918,0.0193926887777325,0.209479071237583,0.0704949227980054,0.00549286056614368,0.00373771494430689,0.00167034356397352,0.000431719567303924,1.07013733889131,-0.888124125120054,-5.00504925137144,4.03961862771372,4.23651655137446
1141.036,811.29,0.500065885501135,0.0079987532435939,0.00600951792085631,0.00116566655854687,0.169933911774246,0.00263415301654233,0.0201761676938047,0.21079305870905,0.070133848929614,0.00536333319818359,0.00348559641582874,0.00178904476159585,0.000451062277002919,1.07933025354684,-0.885004063370173,-4.98211653053708,4.13545417575938,4.16684791272215
1140.236,811.79,0.498863054515395,0.00683524469312342,0.00550520971493081,0.00120788890876676,0.170507276327722,0.00237382866237716,0.0204169005743333,0.210970937872067,0.0727891869883591,0.00508078296864301,0.00333249023756794,0.00167920000493519,0.00043799853177957,1.07355364601522,-0.851210558430655,-4.94990383987954,4.29023934868394,4.2742738511844
1139.436,812.29,0.498918705168507,0.00716834522581637,0.00553496225735404,0.00137288654676791,0.169761528433419,0.0029065298943112,0.0215942146326238,0.210657119824834,0.0718054866178764,0.00475816662149049,0.0032210030520324,0.00178592591810321,0.000515125806864198,1.0780484886646,-0.860433789895341,-4.81747918658211,4.24276833038874,4.06743478488455
1138.636,812.79,0.50476550358068,0.00779277769312814,0.00595581289044644,0.00115191223525827,0.169177510284931,0.0023196708822185,0.0195337498095383,0.204917263446595,0.0737418863324699,0.0051488648483925,0.00310589669358525,0.00189303672101173,0.000496114581746153,1.09314545168664,-0.830377547063162,-4.98952514570013,4.17089660411379,4.28952320589773
1137.749,813.29,0.505325439223409,0.00747849514887578,0.0060118463065129,0.00137152875968554,0.167884375112473,0.00242170588870436,0.0201346077710537,0.205749880457193,0.0728079962568962,0.00482027446000072,0.00338961700027251,0.00218390568201099,0.000420327932912063,1.1019271567457,-0.835449711212482,-4.80734949838938,4.21317106738169,4.23880329455483
1136.799,813.79,0.5082902289584,0.00628829409867785,0.00581489841986456,0.00128603676233473,0.169412447597549,0.00247017091260884,0.0202773298935827,0.203616897774911,0.0713266688165108,0.00504095453079652,0.00366849403418252,0.00203805224121251,0.000469525959367946,1.09871634126298,-0.865065965840238,-4.88077104804213,4.392362775835,4.22804891638922
1135.965,814.29,0.50950894265946,0.00723320764507265,0.00578631665209381,0.00115501815474,0.168324562596122,0.00248965036378083,0.020172903473661,0.202353941967198,0.0718605895581868,0.00482588038951303,0.00334032248206666,0.00256074759360823,0.000387916464496912,1.10755336848238,-0.851166049947847,-4.98177797362061,4.25476480887272,4.21375175139538
1135.215,814.79,0.507738888598641,0.0057651348458358,0.00585625921115459,0.00113237211302823,0.16992385648034,0.00268148632344776,0.0207654203688471,0.201219608505427,0.0740330793596023,0.00456350821516528,0.00320514767614644,0.00263896161963232,0.000476276682732905,1.09461688295933,-0.830838421960674,-5.01103578613468,4.47813877273557,4.14897919456353
1134.349,815.29,0.508319251978993,0.00641233855103776,0.00570066751093966,0.00122139781924529,0.167370430250764,0.00268245238190823,0.0218002479291589,0.201811658996434,0.0734833803522832,0.00490018965729086,0.00307052599180788,0.00274206243483952,0.000485396145297679,1.11090019778614,-0.823150238184325,-4.92021354482833,4.37288566601093,4.13347805719906
1133.399,815.79,0.508278334266144,0.00657661883411367,0.00602060673901356,0.00117080960994649,0.167117150768681,0.00272494914448844,0.0211443806649856,0.201981803463196,0.0736826248669674,0.00446891659696104,0.00359570817448002,0.00278373456423471,0.000454362306788859,1.11233413154526,-0.818928051545605,-4.96099958426931,4.34750844136306,4.11624530272037
1132.507,816.29,0.508033207465133,0.00664791613398108,0.00577215014754619,0.00103510845787368,0.170836128002648,0.00262606274634778,0.0208689229066537,0.200351541607531,0.0721302606175818,0.00498655470696425,0.00336224966865412,0.00290645608756178,0.00044344145152345,1.08984203321733,-0.862231121576619,-5.1061985698072,4.33624337221977,4.17521911138739
1131.657,816.79,0.502948635985354,0.00729090281805265,0.00579587203327897,0.00100163352826029,0.172583930088453,0.00261537643490186,0.0212878039370381,0.199888954702669,0.0750025659130508,0.00493768231894237,0.00339937107307102,0.00283301532499298,0.00041425584193481,1.0696043801672,-0.833361344256051,-5.14925147387695,4.23386066784146,4.18947563006306
1130.836,817.29,0.506656725691208,0.00772041006523765,0.00580055917986952,0.000881018949984467,0.168365330848089,0.00266915191053122,0.0219099099099099,0.199996272134203,0.0738179558869214,0.00495557626592109,0.00385088536812675,0.00289655172413793,0.000479652065858962,1.10169749784383,-0.824534200076135,-5.2528123504364,4.18396622474866,4.14437542133977
1130.036,817.79,0.503129180589,0.00769446155569245,0.00605675956518763,0.000828806630453044,0.169127575242824,0.00292073447698693,0.0220131538830088,0.20390136454425,0.0729163166638667,0.00494421733151643,0.0035890064898297,0.00243664171535594,0.000441781312028274,1.09019364414775,-0.84134087671608,-5.31842172068069,4.18034616581026,4.05881819537006
1129.265,818.29,0.505687667579086,0.00812778450108994,0.00533835227525791,0.000879332877760004,0.167577177048776,0.00270544384676957,0.0214832093232191,0.203802891999852,0.0733014941023615,0.0047033492274978,0.00309993471812355,0.00281997345458201,0.000473389045624778,1.10447521730796,-0.826863011575516,-5.25003575611125,4.13063084362529,4.12617802097703
1128.515,818.79,0.504565407918785,0.00677169409040002,0.00618445034365808,0.000774958810495301,0.169941744912985,0.0028169943013258,0.0216671380682344,0.203486934143721,0.0716285169622122,0.00532324407143827,0.00329008699578529,0.0030871517917276,0.000461677589231243,1.08824177904591,-0.863962425071967,-5.39040110012983,4.31094618984715,4.099785235407
1127.678,819.29,0.501885829739445,0.00744204054213438,0.00571005143405109,0.000860225530365577,0.170002871691785,0.0028434876696734,0.021812037516602,0.203433722891999,0.0735588978857169,0.00497033439825237,0.00354859056341567,0.00340115995836047,0.000530750178198731,1.0825573338153,-0.837728912109848,-5.28637600871576,4.21122758537075,4.09078397777713
1126.778,819.79,0.499863601259735,0.00644083816705708,0.00521388987434666,0.000911886413788952,0.167999702868472,0.00295722714808805,0.0223655511853883,0.203886019321234,0.0781455918872847,0.00479636884780846,0.00315061878921464,0.00378202328640277,0.000486680951179497,1.09037305296401,-0.76538856127793,-5.21620205371003,4.35167658191405,4.03971015576751
1125.936,820.29,0.507861591730305,0.00546024194542021,0.00554070602198178,0.000819727779970983,0.16751489214042,0.0027181770863455,0.0219742364084859,0.201617830839366,0.0741539328074671,0.0048391598544606,0.00347881406009158,0.00351150259119472,0.000509186734491178,1.10913669761743,-0.814929149900273,-5.31985522509912,4.53271585210839,4.12111078882662
1125.136,820.79,0.507672464696404,0.00703444790280127,0.0055782683974019,0.000823166765079715,0.168447692631031,0.00275222930573765,0.0211771534943304,0.200431099190344,0.0735370650226684,0.00471131616609454,0.00360291836387474,0.00376054604229426,0.00047163202193777,1.10321121299047,-0.828835706977754,-5.32122174022513,4.27901727624872,4.11421403220404
1124.336,821.29,0.504426618314053,0.00738938463118193,0.00569387085544555,0.000811442338757141,0.163836218879058,0.00250194721116785,0.0207443731232265,0.201843777314176,0.0786498000195347,0.00500514664816712,0.00423502776184668,0.00447044621815277,0.000391946685233002,1.12455511147673,-0.733862176616291,-5.30780921314211,4.22337791391395,4.18179795028588
1123.536,821.79,0.500345075916702,0.0071653263718018,0.00584253535777871,0.000762667786913121,0.162629528496269,0.00269184220528516,0.0214434675628638,0.20628038168397,0.0793099481886015,0.00455975314569205,0.00353327732101062,0.00494608813939067,0.000490107823721219,1.12382322951621,-0.718111211876108,-5.36240752899115,4.24604440112298,4.10124898879414
1122.678,822.29,0.494517915953585,0.00685779295763988,0.00588612987571013,0.000731188675974776,0.165806492564824,0.00251216409875808,0.0213985600832017,0.206667610660951,0.0806712287631803,0.0048204742594731,0.00391350733752109,0.00582997849157851,0.000386956277602678,1.09276197989816,-0.720439410145462,-5.42390514681784,4.27819771716727,4.1896768285393
1121.778,822.79,0.494946940200413,0.00631706688610162,0.00581122656777845,0.000824068499803482,0.167663504570968,0.00273937468162339,0.021844939756318,0.203246877385969,0.0816243411311112,0.0046724921422575,0.0033568323471822,0.00656286253373753,0.000389473296737092,1.08249154347285,-0.719831506172713,-5.31546064353447,4.36119556517844,4.11422934586752
1120.936,823.29,0.495143977432003,0.00839557865975906,0.00569759120936312,0.000812589819562479,0.165528212952942,0.00276422475737629,0.0218985268113242,0.203191218825589,0.0809301610394526,0.00477618295690435,0.00378262335219914,0.00661308541655578,0.000466026766968874,1.09570693247176,-0.715555077936686,-5.31667047503765,4.07714336652532,4.09238143272114
1120.136,823.79,0.489232360561322,0.007489887787459,0.00554582495534827,0.000896120391182472,0.167359740495384,0.00242791847032496,0.020546584065597,0.205613959728893,0.0846944858972128,0.00498667545506499,0.00392268678123677,0.00681100870322986,0.000472746707745023,1.07269192128896,-0.681095132326989,-5.22982614017245,4.17928373581779,4.23311133660819
1119.307,824.29,0.486696924539519,0.0063549389910143,0.0057303138315843,0.000983424517257725,0.164682357809386,0.00277087387285932,0.0215148666025891,0.211899829504831,0.0847853358440558,0.00486605260470001,0.00365084894023241,0.00560591259438125,0.000458320347590152,1.08362308349253,-0.663895912843274,-5.12073290752123,4.33840929337268,4.08485576630717
1118.457,824.79,0.494515635606161,0.00625984351724791,0.00574508007505411,0.000921506576569728,0.164561604248265,0.00279119141065187,0.0211786482525381,0.208269821393089,0.0821341078789479,0.00505961787482713,0.00364201803272349,0.00445150354933394,0.000469421584591237,1.10029377557394,-0.694931620719389,-5.18503035909898,4.36942358202963,4.07681646042065
1117.665,825.29,0.496995284246915,0.00804925640330559,0.00614497250262359,0.00102125443863214,0.163687896054818,0.00273363376017564,0.0210544821126144,0.205714998886148,0.0814708747896431,0.00515458383546128,0.00364752899369533,0.0037844119802137,0.000540821995753943,1.11061899577094,-0.697715950011247,-5.07692982838743,4.12300082271111,4.09232977002231
1116.915,825.79,0.495992647408715,0.00897728555055382,0.00629891927240888,0.000932669678582451,0.166783363674555,0.00275042384806457,0.0211563744437631,0.207827627416138,0.0767603460394848,0.00542199224225483,0.00326842260541139,0.00340709943808691,0.000422828381981257,1.08986535605397,-0.776007567588577,-5.18639992985905,4.01186354344434,4.10494072041719
1116.165,826.29,0.490384940393391,0.00776120955265792,0.00587225855098088,0.00115183109943968,0.172015444416999,0.0029146786963248,0.0215909829565398,0.213165455467298,0.073464983554556,0.00504153612147528,0.00387020449552138,0.00223476033852914,0.00053171435628762,1.04760640942348,-0.850775387430631,-5.00623132944944,4.14605248309135,4.07782467642241
1115.415,826.79,0.483314897821012,0.00737292022369278,0.00568096414517677,0.00135664815407206,0.173491660339496,0.00271329630814413,0.0222883416903373,0.217161342208073,0.074473046253223,0.00526600452986874,0.00391706460394481,0.00243194598073714,0.000531867742221434,1.02453887255565,-0.845692266361066,-4.85111246597797,4.18285454469146,4.15796528541802
1114.694,827.29,0.485554853969972,0.00698077655501433,0.00597725860444605,0.00132298995730351,0.173554733698158,0.00296169342714535,0.0220611081043158,0.216528103513942,0.0735888107122096,0.00518045783470644,0.00381863010403512,0.00200327740693968,0.000467306111812697,1.02879924820102,-0.858000031827627,-4.87659872338572,4.24213210095324,4.07073180912594
1113.994,827.79,0.483251346919653,0.00701268980437318,0.00610390996088935,0.00128529187040628,0.173082701418604,0.00280237778996025,0.0216426962185683,0.219034338632709,0.0747149485086077,0.00514975244640836,0.00339964605416622,0.0021057692189767,0.000414531156676834,1.02676738214164,-0.840089337131415,-4.90278369409525,4.23281556823562,4.12330125564794
1113.265,828.29,0.48785849880382,0.00596669470309179,0.00625199929353149,0.00113874819214461,0.172069545155318,0.00269124979466715,0.0214682441169823,0.218171555749876,0.0735307739905961,0.00531951026417229,0.00342118491566223,0.00165748381112589,0.000454511209012167,1.04212667494707,-0.850194715050909,-5.01796914537959,4.40383227932885,4.15789303399156
1112.515,828.79,0.491552591178381,0.00820014958568701,0.00624667860727852,0.00103455232546696,0.170868433483575,0.00253409963194048,0.0210428681087252,0.215461206133013,0.0725232251461413,0.0051850630818588,0.00313810104906804,0.0017997027968587,0.000413328872005826,1.05667506970955,-0.856987008129792,-5.10692506816762,4.09341653898243,4.21105546635694
1111.678,829.29,0.495559645863153,0.00660347637557954,0.00562362169175012,0.000992257907675363,0.172661558192205,0.00249304799303435,0.0202011306778858,0.215440277236859,0.0696490631845029,0.00540532495206154,0.00302266565125607,0.00189893357081373,0.000448996703223102,1.05435435423349,-0.9078641175891,-5.15910558530648,4.3180914876929,4.23782731192129
1110.778,829.79,0.505646177768996,0.00773074095574491,0.00630094047734472,0.00105179314162143,0.167346793503674,0.00253559466813288,0.0190255510868325,0.212329666580347,0.0679419095997909,0.00489323133680822,0.00297496683231079,0.00185076319435836,0.000371870854038849,1.10576890422127,-0.901415197565807,-5.06957180551261,4.18063245870973,4.18964007443081
1109.936,830.29,0.513399308273569,0.00800196731769137,0.00610647620044727,0.00115165998517207,0.163198498215901,0.0024445383194773,0.0192434348685148,0.208803503188978,0.067418370315903,0.00512525215388417,0.00284628017476988,0.00177740335977931,0.000483307625912593,1.14608668071287,-0.88404970298199,-4.95376287343172,4.1613664949329,4.20111096167198
1109.136,830.79,0.512241741415521,0.00698345696638629,0.00601223915494998,0.0010268268206131,0.164347900307272,0.00254249562887323,0.0196454990326619,0.209749423218184,0.0671252470074594,0.00484832966055226,0.00326282628262826,0.00173939807773881,0.000474616427159957,1.13681114052391,-0.895425291654043,-5.07551223403425,4.29525260325294,4.16883939457428
1108.336,831.29,0.522833990526658,0.00682958897918253,0.00576900606946176,0.00101692695459909,0.160924838569266,0.00235870557525067,0.0191020483630943,0.204349673928535,0.0662402079050663,0.00523229462120113,0.00337178053380961,0.0015061304516979,0.000464807522177867,1.17832658115069,-0.887649766059989,-5.06415212469492,4.33799950291772,4.22282443129422
1107.536,831.79,0.526526126238008,0.00665279890713776,0.00551026110714397,0.00105684746499426,0.159544226768916,0.00263777205129001,0.019747275606197,0.202507373715421,0.0657282126113819,0.00484212487193021,0.00308236828215716,0.00172125803346891,0.000443354341954112,1.19397978522072,-0.886792918590114,-5.01703078050356,4.3712632984167,4.10238652671511
1106.707,832.29,0.526880851835926,0.00733227118964236,0.0058496610999401,0.00103148899786494,0.159027020040713,0.00260357765123741,0.0195995337172627,0.202726113573152,0.0655219210053414,0.00480698728161638,0.00301990152386965,0.00113215238199393,0.000468519701439859,1.19790031023636,-0.886689366657135,-5.03807073782449,4.27468911895768,4.1121876062589
1105.857,832.79,0.524397756338568,0.00718231560954093,0.00571036575080064,0.000845933832230204,0.161620844209477,0.00244658558863625,0.0192165678077818,0.199572909625028,0.0689704722859831,0.00510434225208328,0.00312133340164114,0.00141072274237504,0.000399850555854749,1.17699734913608,-0.851574649092331,-5.25256725914226,4.2906286339917,4.19055970896408
1105.123,833.29,0.52867339835045,0.00738910407113138,0.00551808093268691,0.000924887857347297,0.160450545371374,0.00235971388469148,0.0192014218276034,0.199169600685917,0.0661557286179051,0.00489440655320542,0.00325335553064191,0.00155231178219641,0.000457444534850149,1.19238508020784,-0.885974279328245,-5.15606855068098,4.27036435445899,4.21944539017375
1104.473,833.79,0.5255557740536,0.00731118734265106,0.00553406991451871,0.000774454179746202,0.162515203822259,0.00234764009973222,0.019411123492667,0.202125257645611,0.0646365770581909,0.00494291131649927,0.00320342410713202,0.00118960046418696,0.000452776503205852,1.1736847605202,-0.921991100492047,-5.34636834132814,4.27505063214941,4.23736094865969
1103.736,834.29,0.525132978403489,0.00759979695382624,0.00578946228850359,0.000997187666147824,0.163577269413885,0.00244906403893483,0.0197500896145731,0.198985250283278,0.0664495066988397,0.00430751391130924,0.00307095309007888,0.00150119446001506,0.000389733177119294,1.16636604821303,-0.900843113015208,-5.10010177039581,4.23552999238211,4.2015795478607
1102.936,834.79,0.522526243001066,0.00705775861241032,0.00588846844597255,0.000978410149534685,0.166179662514526,0.00240340750842753,0.0192200570479145,0.199915004369832,0.0661741401995717,0.0049088577931869,0.00293523044860405,0.00135536817033701,0.000457391738616828,1.14560570102518,-0.920779752191647,-5.13489582845031,4.3045476843141,4.236181981816
1102.136,835.29,0.522682502206005,0.0070699482483127,0.00559371348167227,0.000885979347022489,0.169063461400873,0.00227397390951802,0.018489900073931,0.198517803057404,0.0657413369583363,0.00497364718227564,0.00298585771863299,0.00128186783048341,0.000440008585533376,1.12870005368716,-0.944546250594679,-5.25133579469125,4.3031210493888,4.30874523380859
1101.336,835.79,0.524229842760825,0.00703884376550906,0.00563712732862867,0.000789222035272899,0.166609371406437,0.00234466730417731,0.0188287557648312,0.198931160955298,0.0658552528052486,0.00474743684408023,0.00336387735586409,0.00118383305290935,0.000440608620919226,1.14627824028372,-0.928192784829758,-5.35235956328822,4.31048630054582,4.26350846180787
1100.478,836.29,0.520686205766005,0.00735528151571209,0.00578299586228022,0.000817253501745787,0.164580257165626,0.00242304295905596,0.0197038263737158,0.200352747192262,0.0678176818718097,0.00507941598083582,0.00326542431371047,0.00171108712664199,0.000424780370599933,1.15174923137348,-0.886575381218494,-5.30520428532889,4.25972893936615,4.21837416535904
1099.578,836.79,0.519233657188098,0.00687795917435657,0.00608384021990247,0.000988744174759031,0.166960807045914,0.00245924583928522,0.01959587634811,0.201678582455618,0.0668717840284778,0.00479474848294446,0.00303591315870726,0.00110648041914103,0.000312361464686936,1.13459489185615,-0.914981981759259,-5.12907874796352,4.3240320120743,4.2179043629793
1098.707,837.29,0.516914646500233,0.00726439798135444,0.00579858131124174,0.000864011717292594,0.165398178875838,0.00271332021914479,0.0209245618432558,0.2045559291649,0.0668350026393941,0.00446444557130465,0.00256662304254565,0.00124288316551715,0.000457417967978432,1.13952199496417,-0.906128837190146,-5.25452472069358,4.26489233908872,4.11018271400914
1097.857,837.79,0.519023209945862,0.00814150322793235,0.00619177736723961,0.00090646193157283,0.164974881963668,0.00247552136430848,0.0204655788330433,0.202149337818853,0.0665404916069001,0.00443833263346224,0.00277172742856259,0.00152861362476521,0.000392562253830753,1.1461553708891,-0.907982573085106,-5.20399947641367,4.15497376797733,4.19934220570668
1096.92,838.29,0.522390975794528,0.00873529778794025,0.00575042258421117,0.00103865589859492,0.161479479613227,0.00263571539315773,0.0205311010634878,0.201085798775546,0.0665117926520137,0.00490714491896845,0.00329243835816738,0.00120504252312711,0.00043613463703136,1.1740382299289,-0.886998808318201,-5.04645060129112,4.09104426894555,4.11522343177196
1095.92,838.79,0.519258295056132,0.00744971597568213,0.00546852791118692,0.000758063148655186,0.167392312641202,0.00257965897132826,0.0202931509991971,0.199794524988654,0.066786859573789,0.0052116841470044,0.00299858860611139,0.0015310880699812,0.000477529911077198,1.13206120279526,-0.918833886680519,-5.39732882214368,4.2442255301054,4.17268302636431
1095.065,839.29,0.518624453226492,0.00797090829605379,0.00596017278167064,0.000746418804289238,0.162952788079158,0.00257831187638013,0.0205606710565862,0.202382578758982,0.0682283917344985,0.0050796221456622,0.00313719450854345,0.001379819120741,0.00039866961094317,1.15771950921143,-0.870599735853268,-5.38592895161857,4.17538157369541,4.146325641868
1094.315,839.79,0.522394822743779,0.00633360799219311,0.00564632798824409,0.000688545712980226,0.165588915426588,0.00251876097211516,0.0206323229178137,0.199212475840779,0.06650541533609,0.00525142677050544,0.00352753106999244,0.00133152590083676,0.000368321328083172,1.14891536351094,-0.912224925909391,-5.48268187186555,4.41255361064563,4.18574120100295
1093.507,840.29,0.525645912397872,0.00680109072412813,0.00556580358042051,0.000727914302432458,0.161359861199108,0.00249097118555696,0.0207946376554785,0.198377681714053,0.0672167030198882,0.0050597055452792,0.0040589827302013,0.00147877511527434,0.000421960830306731,1.18099078225891,-0.875715259964116,-5.40120898760517,4.34754481578423,4.17096436465845
1092.657,840.79,0.52174991081436,0.00683630070614786,0.00564968892554707,0.000741316101739942,0.160898485235665,0.00269960505309392,0.0216474422064401,0.201794845196499,0.067519222351819,0.00513734588594864,0.00346495700113601,0.00144721095629777,0.000413669565305394,1.17641473538922,-0.86836130671237,-5.38010179623824,4.33494162212439,4.08766815395356
1091.778,841.29,0.514065293421992,0.00724824057753941,0.00554996608494146,0.000809422586672517,0.163771909253894,0.00296788281779923,0.0228794262933741,0.204608665612652,0.0674997919708305,0.00515408027152219,0.00322760408392779,0.00176005285201687,0.000457664172838199,1.14387562485572,-0.886350146575576,-5.30990880401382,4.26159152693621,4.01062581988356
1090.878,841.79,0.5152080561385,0.00802070928258421,0.00594279862369128,0.000960726583420937,0.162179181326475,0.00289123101013353,0.0222816157274692,0.202851664074127,0.0684857112932569,0.00513982256944579,0.00416099346628341,0.00141070350270827,0.000466786401904385,1.15586903001047,-0.862076652321857,-5.12876720463469,4.16254395438981,4.02701941507746
1090.036,842.29,0.517268770388419,0.0066651623312677,0.00529691276463368,0.00100042651821572,0.165469502643239,0.00273780347031916,0.0212659112816025,0.20109746919482,0.0677759618507499,0.0051521313519584,0.00410344436285092,0.00177911573773956,0.000387388104185226,1.13977570100244,-0.892579316671357,-5.10836047649491,4.35166829566685,4.10163095804153
1089.236,842.79,0.519150233335209,0.00765093523786847,0.00555373120464289,0.000910576423658764,0.163072986101935,0.0023941880104821,0.0202590171269482,0.201605021776644,0.06817940972145,0.0052096484468523,0.00382023442109711,0.00174788807759786,0.000446130115614423,1.15799544012026,-0.87205525906267,-5.18787531549828,4.21736541452335,4.22115372999724
1088.378,843.29,0.526264129230633,0.00780549274451071,0.00547660239762451,0.00082793418704283,0.162087643863328,0.00250723466076178,0.0195970459933062,0.197323012795228,0.06703663348421,0.0049636997723181,0.00365931289273175,0.0019604856693184,0.00049077230898608,1.17766603309003,-0.882897962051828,-5.27695881244416,4.21097554965182,4.16895678342621
1087.478,843.79,0.515736165295843,0.0076747721317043,0.00575106618425719,0.000862221297617988,0.164888544111768,0.00261047523682888,0.0203624587844434,0.202133245774426,0.0696043181245684,0.00500915483514404,0.00332857524196712,0.00160037296084037,0.000438630020590546,1.14032557173053,-0.862443147987045,-5.25351307091449,4.20765672380079,4.14573746758686
1086.636,844.29,0.51300649845874,0.00790366900399974,0.00617526037907463,0.000986202112669759,0.165174801769543,0.00267373189354638,0.0204994628264399,0.203580475753097,0.0696358333727218,0.00508047383690108,0.00314000620847444,0.00162237912317434,0.000521205261618215,1.13328419486005,-0.863725035630187,-5.12089828075322,4.17296143010706,4.12352910833199
1085.836,844.79,0.511580323965769,0.00800685647895768,0.00573328697483621,0.000970094476900162,0.166291076990876,0.00273286202194588,0.0209414495042932,0.20249362928369,0.0701930602474456,0.00529402590638731,0.00328372687977267,0.00195306631411316,0.000526540955013657,1.12376488050283,-0.862490279390071,-5.1441015420227,4.15720637468056,4.10839030892242
1085.065,845.29,0.52546659703033,0.00718163460450642,0.00583953370517484,0.00102594780064377,0.165707617274977,0.00240524318217392,0.0189893329324595,0.192834792958465,0.0678597830011918,0.00569850462683861,0.00442769315172094,0.00198060617707363,0.000582713554444198,1.1540617304765,-0.89278133204495,-5.08460802476459,4.29275960618577,4.23257387995843
1084.315,845.79,0.530945019491867,0.0071514988573733,0.00572358889336978,0.000976833803826679,0.164048333856104,0.00237935206344939,0.0176950306940897,0.190726053382324,0.0682738121910054,0.00559961763080462,0.00398500395811862,0.00195068034831444,0.00054517482935281,1.1744973713966,-0.876634833251651,-5.12359985312024,4.30733650929618,4.23333289466739
1083.507,846.29,0.526660431616458,0.00663068231859988,0.00551927762889149,0.00117291639580546,0.163485532866124,0.00244788630399924,0.0193622074873726,0.19518642939924,0.0687491175167165,0.00502299000015378,0.00375081607860078,0.00151822074594128,0.000493491642096934,1.16983149615677,-0.866260602079317,-4.93723120911502,4.37484828586142,4.20149958329638
1082.657,846.79,0.518307851131496,0.0070009491219615,0.00593771773086016,0.00105383414395777,0.164108154259839,0.00247281846263722,0.0200443281572401,0.198289969512645,0.0713331606029811,0.0052651433281559,0.00397637800560881,0.00182172348197541,0.000387972060641778,1.15004368527374,-0.833164382761539,-5.04809060859566,4.30452364421694,4.19516710956281
1081.807,847.29,0.512624097000604,0.00814640846297314,0.00609089890053197,0.00139104786420132,0.166474666047223,0.00266459945249437,0.020339010519293,0.199499222768888,0.0709974623505468,0.00578567868955188,0.00372206593566876,0.00173408296857717,0.000530759039447686,1.12469968021919,-0.852199007110107,-4.78478581969992,4.14196567145499,4.13478939490099
1080.957,847.79,0.501741550440832,0.00735633043898828,0.00610444492839402,0.00147367099059282,0.173027411883694,0.00253583639179073,0.0211591364261274,0.205124847856497,0.0706587162361668,0.00520394243731554,0.00358196910768754,0.00162865361517013,0.000403489246744363,1.0646351152163,-0.895588558557995,-4.76569347184126,4.22252392060852,4.22292651192489
1080.165,848.29,0.493350016889472,0.00730913253832333,0.00614198459837887,0.00154831111852992,0.172279184941689,0.00284558028150872,0.0218130486613943,0.213327830563767,0.0707688587054384,0.00495775003318748,0.00359870614816207,0.0015575116090475,0.000502083911102232,1.05210256637219,-0.889697274020673,-4.7119515932292,4.21209429662535,4.10334931700414
1079.415,848.79,0.489506797658033,0.00784757368264364,0.0059131355231385,0.00158248155866495,0.171369785981278,0.00287651748205484,0.0223955542324104,0.217387449968575,0.0704693857298799,0.00527141014190731,0.00355264463630049,0.00138004035592604,0.00044722304918792,1.04957463601325,-0.888645342262401,-4.68482949112673,4.13319394981184,4.08724335795615
1078.52,849.29,0.489119105869304,0.00621258006483049,0.00618116200381661,0.00159139309048538,0.170426588968436,0.00287953359205424,0.0226674480201841,0.217214911831359,0.0726686091224389,0.00555143478088634,0.00366225311209554,0.00146708684908266,0.000357892695027614,1.05430138933169,-0.852395135963177,-4.67369485060148,4.36602975106255,4.08067630694003
1077.52,849.79,0.486170115633946,0.00872088339393419,0.00630401039792471,0.00169583921886665,0.173754370512001,0.00265453217395041,0.0223278783614675,0.21677202442653,0.0707915527603375,0.00541245280384122,0.0036736469539344,0.00130376871062511,0.000418924652641642,1.02891595666769,-0.897902955867603,-4.62946490547511,4.02083805538859,4.18137420465499
1076.636,850.29,0.490593798405258,0.00861945651241014,0.00575584064563503,0.00196856561726452,0.170616740028091,0.00297805151511436,0.022396691174968,0.213555992409102,0.0719868344511244,0.00555421593189444,0.00365921608856229,0.00183369503172183,0.00048090218885424,1.05619673623162,-0.86293650722507,-4.4621145901925,4.04159445782377,4.04815052200255
1075.836,850.79,0.492408360155546,0.00775634172010172,0.00621958947359606,0.00171122457240322,0.169531269628137,0.00298696621936615,0.0218411436451596,0.214783807851534,0.0713829095284222,0.00548959726204068,0.00375185289610103,0.00173355703011811,0.000403380017475148,1.06627098116087,-0.864978913041025,-4.59582815295541,4.15079757733252,4.03877916143567
1075.007,851.29,0.489542375635589,0.00843471050734652,0.00595832505788186,0.00154860896026533,0.169926152880343,0.00294027369406431,0.0221374692535149,0.217185809464154,0.0707651794928063,0.00563193662231025,0.00394999451389651,0.00150555346450908,0.000473610453318815,1.05810707959658,-0.875996883206374,-4.6980068648558,4.06111563244902,4.05686127761515
1074.157,851.79,0.487549470632296,0.0069390000040343,0.00603397151513603,0.0013192168612321,0.173840776845256,0.00283611453653262,0.0217704401289363,0.217455619312474,0.0701739994594035,0.00575291511962379,0.00392806569995818,0.00183964186153468,0.000560768023581842,1.03125195883415,-0.907161940321591,-4.88110153108672,4.25223409101062,4.11570481017331
1073.307,852.29,0.486236572466816,0.00706861474401488,0.00608763183605982,0.00132775509181552,0.175515510473707,0.00274912548801922,0.0214853716197953,0.217129491062375,0.0714271587227708,0.00544155438323996,0.00331081731434833,0.00167716432650381,0.000543232470534253,1.01896786231893,-0.899049246478221,-4.88423780253492,4.23103075374488,4.15644456102058
1072.457,852.79,0.485192496892284,0.00712149709579282,0.00590692796969929,0.00152955343520851,0.174078735707425,0.00284522863583277,0.02203853178425,0.218998349897014,0.0714482926683837,0.0052147402286812,0.0034920482664845,0.00167084269320658,0.00046275472573681,1.02503801207093,-0.89053369231471,-4.73453188054254,4.22142774341796,4.11386427249298
1071.607,853.29,0.488524446743115,0.0081066720187942,0.0059156448091439,0.00178318479892855,0.170709710123112,0.00287419541183721,0.0221611530747072,0.217476497598619,0.0711176811907454,0.0053945843159505,0.00366672198913878,0.00181663559602244,0.000452872329886615,1.05142500241563,-0.875628525830476,-4.56156353387445,4.09870208609787,4.08419173399515
1070.757,853.79,0.485596333099065,0.00790399778385394,0.00586996557791651,0.00121451986067008,0.171355029676863,0.00282789471254226,0.0226385476035356,0.220107678022705,0.0713475912236512,0.00568528673954641,0.0035127454048314,0.0015543802229484,0.000386030071870848,1.04164008731299,-0.876174017777014,-4.94938877883858,4.11800900837541,4.10420508414371
1070.023,854.29,0.486420936408624,0.00730783182454849,0.00541997526987346,0.00130667210341112,0.17123229638024,0.00299197462381877,0.0233096005316712,0.220143138184216,0.0704702695689703,0.00559208000487189,0.003672450268351,0.00165750098629252,0.000475273845111034,1.044053280332,-0.887830180364121,-4.87553756709744,4.19812774759179,4.04708751426459
1069.373,854.79,0.481854149432946,0.007518706267689,0.00585086201002047,0.00131523731251835,0.170786447558767,0.00289995749946707,0.0231607793820128,0.223227010496425,0.0721262198792556,0.00547144084850906,0.00381834440983921,0.00153243246504432,0.000438412437506117,1.03722754236147,-0.86199629327159,-4.86639681621956,4.16024738943196,4.07571784983186
1068.694,855.29,0.477266552795449,0.00867348997350477,0.00592578645111831,0.00146060011028472,0.171979610775624,0.00306241846327653,0.0228840799967722,0.225220233211841,0.0723077750729628,0.00540395142092451,0.00351028203300472,0.00173900178876441,0.000566217906473175,1.02069921791899,-0.866444265356672,-4.76852854207429,4.00780390147679,4.02817097650443
1067.994,855.79,0.476799623959173,0.00852672575879667,0.00604082728982004,0.00149744829438625,0.171995702390545,0.00299892559763631,0.0226161697555735,0.224622616169756,0.0730660757453666,0.00553317217297878,0.00398200376040827,0.00189363416599517,0.000427074939564867,1.01962683667478,-0.856105311453318,-4.74370696794421,4.02389088934276,4.04921539999827
1067.207,856.29,0.476023373028938,0.00752021584986871,0.0062380719124823,0.0017438763574264,0.176901066133466,0.00277039452023994,0.0222956532911484,0.223597604880177,0.0711429282668573,0.0056866697181157,0.00390799613483122,0.00178001193812518,0.000392137968323818,0.989876328122435,-0.910899700201661,-4.61948020090299,4.14787211503808,4.15660089176843
1066.357,856.79,0.479055457854761,0.00788605368842653,0.00587736740440154,0.00221144734903425,0.173343137957277,0.00284676535272991,0.0231309822962555,0.221670561932016,0.0720328959551871,0.0061031080567785,0.00362401610193204,0.00169373076304396,0.000524475288157267,1.01654328266578,-0.878150183504873,-4.36162587621018,4.10672052561099,4.10908970067895
1065.507,857.29,0.480789387165574,0.00865622655400412,0.0061216002427846,0.00204568509375588,0.171661922438187,0.00282686703889893,0.0229366821123385,0.219267655976463,0.0733945727524861,0.00597828988594182,0.00415178533794549,0.00174360934158726,0.000425716060032989,1.02990233436313,-0.849676983146433,-4.42979423276803,4.01715041487322,4.10635793030503
1064.657,857.79,0.479610604262383,0.00809517915262012,0.00619771226363577,0.00173436919783604,0.172605412804625,0.00282217254861986,0.0228657138072389,0.218004820119265,0.0752710406943302,0.00567346968494477,0.00464537173895632,0.00198047196394376,0.000493661761600687,1.02196639499256,-0.829912663454074,-4.60036436599996,4.08170581539435,4.11350114290455
1063.836,858.29,0.481531366066691,0.00898505600354504,0.00637729072282764,0.00149993877800906,0.172329700828538,0.00298384322505787,0.0230048919286093,0.216498451958229,0.0753161678532072,0.00558577783997155,0.00362375879701703,0.00172733474435446,0.000536421253942988,1.02756186426499,-0.827714682969378,-4.74398521463918,3.98140861829822,4.05619736481195
1063.036,858.79,0.480692894857166,0.00963098223204639,0.00591197276415306,0.00142702790858867,0.170933188883161,0.00310160147478966,0.0234556791342309,0.217499439381893,0.0752000023298415,0.00543289910912686,0.0039738358801413,0.00218277023976981,0.000557705805091286,1.03395582209446,-0.821121509932957,-4.78567887604189,3.91024337625922,4.00935418900303
1062.265,859.29,0.483287925536944,0.00862031920105197,0.00609639058153493,0.00134790966570121,0.169521484906563,0.00299806049980089,0.0238684577678845,0.21909046894651,0.0741479234169582,0.00492753374071432,0.00371427179932332,0.00186501422395641,0.000514239713057105,1.04763292176945,-0.82691761037279,-4.83442467672897,4.02649048089381,4.03501409386835
1061.515,859.79,0.508434596831105,0.00781382707660948,0.00623808004684429,0.00147493236440773,0.161049356374318,0.0029360545006843,0.0221529869451913,0.208643545582729,0.0706807475752692,0.00493439451126293,0.0033890299833863,0.00179809170267684,0.000454356505515115,1.1496257080799,-0.823537655040069,-4.69309874523371,4.17544172097224,4.00464420585195
1060.62,860.29,0.522670000712588,0.00930768881950158,0.00550117576943259,0.00123601546962758,0.159219263184489,0.00266896422162768,0.0209163875698822,0.200263009581063,0.0687970874604028,0.0044931883109732,0.00317814040565665,0.00124638037922613,0.000502698115529874,1.18866802514333,-0.839120855374118,-4.85838939115586,4.02810947776545,4.08859180082052
1059.62,860.79,0.520712294225621,0.00766312566085932,0.00591346706536143,0.00134287876318718,0.159481696802483,0.00273628918256203,0.0210578044248045,0.20275448057879,0.0682947966290332,0.00497863142588964,0.00303063607985518,0.00161701299800526,0.000416886163548232,1.18326850879696,-0.848095582431313,-4.77711352171394,4.21877772060433,4.06532647249495
1058.707,861.29,0.512254901960784,0.00702439487517739,0.00558778557294477,0.00147158761567828,0.165403699706182,0.0026933301353161,0.0215591333373309,0.20441950990386,0.0693919769742759,0.00514181207651256,0.00316553736683256,0.00140163098878695,0.000484699486318483,1.13043320596768,-0.868617895303172,-4.72204732191091,4.28943328379792,4.11761075409355
1057.857,861.79,0.503368441507477,0.0080908211073018,0.0057097575655865,0.00144857495807587,0.165436597716349,0.00293374283756655,0.0222207360729234,0.210001728700081,0.0711164500323658,0.0049148078934717,0.00299557225650881,0.00135267626747154,0.00041009308482113,1.11273436399986,-0.844269351268463,-4.73800774040157,4.13059216755149,4.03230899925962
1057.065,862.29,0.496833638582836,0.00679650938215223,0.00624469535924407,0.0018630292487709,0.165222315359086,0.00301395563940793,0.0227229131576112,0.214766017715858,0.0718028289665574,0.00506092289581488,0.00350533288837853,0.00164755901125438,0.000520281793027698,1.10096330600955,-0.833368056903994,-4.48508814151086,4.29184608460897,4.00403855091362
1056.315,862.79,0.48901409314822,0.00813046579222512,0.00586937571417981,0.00192748662390748,0.166856688557529,0.00301649100293213,0.0224715797976906,0.218585674735354,0.0733914817361695,0.00499127007052965,0.00333220001891698,0.00198628263498158,0.000426910167364124,1.07525601776047,-0.821327415398014,-4.46091840481886,4.09677309446842,4.0130410553671
1055.507,863.29,0.482864812467378,0.00774240051698854,0.00623990256754406,0.00206919692789501,0.171421469937613,0.00294161509208858,0.0230122039122114,0.220885839982104,0.072736310988492,0.005279248378197,0.0029602565058534,0.00140183431511446,0.000444908408520369,1.03561146260498,-0.857284537259114,-4.41696468603516,4.13302493927319,4.06516647893572
1054.657,863.79,0.474486622599937,0.00692351274787535,0.00580295876613157,0.00155744412968209,0.173930122757318,0.00323072080579163,0.0235731822474032,0.229023607176582,0.0710129052565313,0.00503619767075858,0.00345860875039345,0.00148945546112685,0.000474661630468996,1.00357979982304,-0.895792000504872,-4.71560752596272,4.22731016167043,3.98594835317962
1053.749,864.29,0.481014120700119,0.00779165047902717,0.00609290054568215,0.00159464119303538,0.173153149035471,0.0030788255518398,0.0233495590613962,0.221683057445171,0.0710453279298358,0.00548602276680404,0.00368951218707071,0.00153750834774351,0.000483724756804522,1.02172016920839,-0.890858362547411,-4.68752770384585,4.12284391769329,4.02962824750241
1052.799,864.79,0.48635351636436,0.00774556163662845,0.00615949235517173,0.00162456610867654,0.17164067061473,0.00309642813604779,0.0232687655992352,0.216939887204296,0.0717657853031946,0.00534079316296349,0.00378680457085662,0.0018080676517577,0.000469661292081844,1.04153259218386,-0.871995332548135,-4.66016239713323,4.13981577213347,4.01515393421232
1051.965,865.29,0.490347317558576,0.0077382041416964,0.00607578675252094,0.00178614441576493,0.170490577660427,0.00319584277190659,0.0219575984847388,0.216574946330112,0.0713036221745156,0.00566643456880473,0.00343803184523065,0.000975337518114821,0.000450155777591456,1.05643391915277,-0.871732904191326,-4.55862069313172,4.1489443137171,3.9768292007872
1051.215,865.79,0.491343246083164,0.00803846108549976,0.00610179782544121,0.00199293117910079,0.173352298675349,0.00296649703415724,0.0215715498932872,0.214244681700233,0.0699632688258717,0.00526432182109157,0.0033355098985738,0.00137529262589293,0.000450143352337932,1.0418170267242,-0.907355559085772,-4.46571942303139,4.11290530148682,4.06794412541902
1050.349,866.29,0.500807397284715,0.00832608248768865,0.00604287415333179,0.00205437035294057,0.169067310688285,0.00289085721156395,0.0209690577434506,0.210982154516059,0.0689952978319864,0.0051145935281516,0.00307444474467758,0.00128899134164993,0.00038656811549983,1.08592466688895,-0.89625856881118,-4.41032752032075,4.09682853464801,4.06874385258248
1049.399,866.79,0.507486624220011,0.00772173294190908,0.00611028505343958,0.00158603072934538,0.16928844663032,0.00267388513985792,0.0206336497769644,0.203374127873728,0.070643181211636,0.00506055638161323,0.00348087994204888,0.0014678409394182,0.000472759159708719,1.09786630953595,-0.873962455394429,-4.67036954641558,4.18543154116524,4.14807152148735
1048.565,867.29,0.507117942037129,0.00845923778600428,0.00586490578609378,0.00141588124000865,0.166568048072835,0.00255330997978733,0.0210517548722972,0.204231234911977,0.0716642260636513,0.00557277927915609,0.00349805953413902,0.00154019039189703,0.000462430045024775,1.1133396807691,-0.843412239106844,-4.76765180135687,4.09348453048758,4.17801337431555
1047.815,867.79,0.508147692171864,0.00687179877058076,0.00540645267299974,0.00111709648108477,0.168876539379797,0.00267073121383385,0.021745981334311,0.205268624303654,0.0700754254715165,0.00479333715099932,0.00328016804270227,0.00131451967916891,0.000431633327488299,1.10160422620848,-0.879595743045652,-5.0184350201925,4.30334623620404,4.14681561395955
1046.949,868.29,0.508019573774843,0.00675511960871932,0.00563007805888935,0.0012187950123158,0.168837810162632,0.00274441953822158,0.0212004582961465,0.205119182567213,0.070477034663212,0.00492388314665842,0.00326432510291573,0.00139412616293865,0.000415193905294392,1.10158142695559,-0.873651643641075,-4.93107587510333,4.32021929993942,4.11936895981883
1045.999,868.79,0.514999354853491,0.00683131770269961,0.00628264170009973,0.00136264589656674,0.166795093027715,0.00262038011791108,0.0203854237889032,0.202658003615232,0.0682926770444813,0.00477770180725434,0.00311840910488635,0.00141570467484013,0.00046064666591902,1.12739957675844,-0.892963527868244,-4.80733774932127,4.32264806432398,4.15344668077122
1045.049,869.29,0.520217716249273,0.00715256799406931,0.00614922835816931,0.0011458114494213,0.165098269329682,0.00253430793712888,0.0198724032097209,0.199815511075372,0.067592009021605,0.00487905591897942,0.00344588606601516,0.00159616726673863,0.000501066123824909,1.14770654073289,-0.893051101991163,-4.97042779285786,4.28677595681299,4.17662027164715
1044.099,869.79,0.521720856331678,0.00706821717541255,0.00560603154532302,0.00110936674930679,0.167122489717342,0.00244368513401198,0.0193908309713412,0.198592039553601,0.0669396869146818,0.00495722367059503,0.0033209965120657,0.00134970981239034,0.000378865912249919,1.13840567194388,-0.914934996250832,-5.01493765851002,4.30152440630567,4.22521981414699
1043.294,870.29,0.514398995018174,0.00630721332961454,0.00583215987192831,0.00113491291442462,0.166244900828339,0.0026349027104124,0.0214828470554622,0.203783194218633,0.0685437514030517,0.00481062487103262,0.00282424382600572,0.00163264195481663,0.000369611998104321,1.12953721186799,-0.885989759360524,-4.98690608674586,4.40130526785378,4.14461574808928
1042.594,870.79,0.510492935301062,0.00739619506853696,0.00546718743579692,0.00106389712847724,0.166643160240898,0.00277190734100124,0.0223285132204211,0.206926880949023,0.0674852825712994,0.00478309491894725,0.00304398959202099,0.00120493568308748,0.000392020549428461,1.11952203747294,-0.903945223128165,-5.05391605876932,4.23441111067868,4.09631910725086
1041.894,871.29,0.512365144493379,0.00667982339144651,0.00614632299796229,0.00105482546678517,0.167007760106346,0.00286452078493182,0.0214606620939116,0.206208970554542,0.0673605123374733,0.00456353137413984,0.0028501317701698,0.00098952147671138,0.000448273152201464,1.1209972646514,-0.907981303174574,-5.06466496012442,4.33994599489839,4.06563920815783
1041.194,871.79,0.515253427264118,0.00617748316237576,0.00586108628120824,0.000943659229496155,0.167386119248436,0.00278230124523192,0.0209021072474799,0.204383534971812,0.0668537759644574,0.00463311237178182,0.00323366462815622,0.00119478542538786,0.000394942960058766,1.12435563644679,-0.917795448866209,-5.17829339866537,4.42374793816163,4.09702486362321
1040.436,872.29,0.510956880881095,0.00589446107784431,0.00543778514399772,0.000917807242657542,0.168673813088109,0.00281022775876818,0.0216787407328201,0.205880649415455,0.0680614217992586,0.00463247611919019,0.00303411035072712,0.00162621186199031,0.000395414528086684,1.10831845499659,-0.907556190574877,-5.21373463553751,4.46227209520873,4.09470121680592
1039.636,872.79,0.519727747863979,0.00648794983896815,0.00617797400272156,0.000860512070506936,0.166659286289613,0.00248938123317723,0.0198061394364663,0.201298786785694,0.0667249915923542,0.00477051615165598,0.00306864109705116,0.00156663463184086,0.000361439005970925,1.13735358615782,-0.915371957225125,-5.26617916262243,4.38335852724096,4.20391734764812
1038.836,873.29,0.535855106743559,0.00658505955937039,0.00619124836928029,0.000880283836671991,0.161229715066021,0.00234579792487107,0.0178239188480718,0.193480778843926,0.0653689998658847,0.00501103402870067,0.00332605859617893,0.00146551408819908,0.000436484229263951,1.20103365156479,-0.902782011803598,-5.21034103156502,4.39906042142975,4.23020453923219
1038.036,873.79,0.531718819523593,0.00675754453673939,0.00619243297776911,0.000780448805651591,0.16419762486586,0.00234729495968078,0.0176100658860592,0.194978954055835,0.0657742266299602,0.00500034501547811,0.00320626452931561,0.00112665399230497,0.000309324221752155,1.17504408285927,-0.914842662982663,-5.34895686494048,4.36545522502864,4.24780714786196
1037.207,874.29,0.527281616119288,0.00720409267892375,0.00591552738637752,0.000713541575727946,0.166570635377927,0.00232104714845273,0.0180317659862995,0.194876003235963,0.0666631746198034,0.00492262206158807,0.00366432117519017,0.0013584062298116,0.00047724640464675,1.15231532578961,-0.915766760156639,-5.45293402960833,4.29308548959479,4.27340101502276
1036.357,874.79,0.527336139285208,0.00645799079865932,0.00574824551195564,0.000892942527914536,0.166172571801221,0.00242073838857863,0.0186676836609952,0.196418551543523,0.0658000707440919,0.00481151999557561,0.00323072367519014,0.00161536183759507,0.000427460229491991,1.15481134314466,-0.926405924053059,-5.22625989613703,4.40251993312877,4.22895422464537
1035.478,875.29,0.52696550516547,0.00705746713451144,0.00559639974803694,0.000812967456287365,0.165521311117529,0.00251508253609462,0.0192042242471239,0.196080928351984,0.0666428651019791,0.00476751404785024,0.0029869447659677,0.0014133126547765,0.000435477672388896,1.15803513669613,-0.909751963947405,-5.31616415401131,4.3130488669878,4.1867943340631
1034.578,875.79,0.525129477822479,0.0057743209582047,0.00566651834250038,0.000704157511089907,0.166586005844278,0.00246111077980284,0.0199870636861155,0.197722612401429,0.0661254363712263,0.00468712011046328,0.00331550385107642,0.00141175553119165,0.000428916790142712,1.14813312893767,-0.923958238327446,-5.46626493817686,4.51022419010901,4.21489894313336
1033.707,876.29,0.524085071881892,0.00852688499584306,0.00576589658260406,0.000937888639752278,0.163475478620949,0.00241514913460019,0.0199876780442445,0.198522052407248,0.0666588032128698,0.00442262017914933,0.00316179552424425,0.00158719615958078,0.00045348461702308,1.16499102082722,-0.897075882119868,-5.16078705920618,4.11842990945381,4.21490196258048
1032.857,876.79,0.520052471610424,0.00724356338290262,0.00546081514784634,0.000820156082364806,0.1675519145016,0.00240992641568818,0.0203465331749689,0.199131369706605,0.0674228030959169,0.0046762680830632,0.00305088873215816,0.00142321202528011,0.000410078041182403,1.13263647286038,-0.910309955002911,-5.31955385305716,4.27381644815211,4.2416970264405
1032.036,877.29,0.521120839816987,0.00653552267923915,0.00540794760433843,0.000793134681933251,0.166258680353949,0.00265345936781476,0.0204287340037625,0.199505306918736,0.0671540051559561,0.00472629305339434,0.00324685881505911,0.00166291195392155,0.000506305594909074,1.14243706225997,-0.906556324723989,-5.34530712409301,4.37872962768949,4.1376806803355
1031.236,877.79,0.521587641050826,0.00648552251646633,0.0051990995038912,0.000831298625454689,0.166200512479348,0.00248692968676528,0.020171763014874,0.199719494765489,0.0675255978441965,0.00465921980998557,0.00324972744783195,0.0014176195833522,0.000465573671518618,1.14368235010082,-0.900688212615103,-5.29796115786186,4.3873049284182,4.20214607381481
1030.407,878.29,0.517391752589536,0.00641681192875265,0.00530053550458183,0.000948005455771398,0.168015006926365,0.00259634994199392,0.0209426255248099,0.199354882287348,0.0688062359798881,0.0047578023811527,0.00337608442936589,0.00166730459533795,0.000426602455097129,1.12474702716313,-0.892758922282124,-5.17744832406705,4.38987891946301,4.16994671213951
1029.557,878.79,0.51605582514215,0.0073622987324629,0.00536516125671681,0.000872489816019481,0.166321182797863,0.00258668961737119,0.0208746444041676,0.201876622600209,0.0688568489266718,0.00475311616189717,0.00305075475696364,0.0015981835164536,0.000426182271054292,1.13229419278588,-0.881891058817344,-5.25032505226138,4.24984273613271,4.16354183692103
1028.794,879.29,0.51018312956035,0.00595528861564082,0.00536744781286555,0.000833858684017235,0.1701603965619,0.00281028118187936,0.0212675361664027,0.204698704976066,0.0688223194991644,0.00481982147144714,0.0032384469175024,0.00140040947783887,0.000442359074925455,1.09802823742187,-0.905213397758506,-5.31843283601789,4.45049007109937,4.10345695834763
1028.094,879.79,0.51040053384004,0.0062861084457233,0.00566495148468345,0.000973737483687235,0.167504144004297,0.00270706119401749,0.0215996980585591,0.206248957343673,0.0690714709115153,0.00480006436369272,0.00289399986038758,0.00137009478263647,0.000479178227087886,1.11418768667163,-0.885866312455519,-5.14762162688603,4.39685358778378,4.12514447506341
1027.365,880.29,0.507512339550428,0.00736418230778221,0.00577400058790683,0.000945609174179793,0.169593411665819,0.00283092484354949,0.0215943608166002,0.204903237383319,0.0697614019098708,0.00472922640669694,0.00326772308880108,0.00125490955324984,0.000468672711796976,1.0961171487122,-0.88832300070936,-5.18932980670381,4.23289300531662,4.09280041818471
1026.615,880.79,0.504394651555067,0.00694970907643614,0.00578411955347497,0.000929865625533044,0.170726882474461,0.00272918522449444,0.0218240054583704,0.206901616663192,0.069972092185812,0.00458062468017361,0.00339726702424047,0.00140012887819116,0.000409851600553418,1.08329389931478,-0.891968621647076,-5.21278029308986,4.28465920126119,4.13606198905649
1025.894,881.29,0.50313093183521,0.00622595848882272,0.0055772715413137,0.00115854052617847,0.170129521958412,0.0024858354058602,0.0219895300490465,0.209564182905782,0.0699253411590671,0.00481009749453643,0.0031189634413441,0.00146373456974821,0.000420090624678349,1.08429039725688,-0.889131922824972,-4.98939899495545,4.39212303348031,4.22595125835592
1025.194,881.79,0.500385855388318,0.00747736454209641,0.00584806481893423,0.00104842932405531,0.171747990510462,0.00256203206833994,0.0220396780999932,0.208973791652403,0.0701958618649637,0.00487120063645266,0.00321208210430142,0.00123330593978748,0.000404343049891638,1.06935128063381,-0.89473886944763,-5.09873506858029,4.20349911562531,4.20522751063671
1024.436,882.29,0.496991305569747,0.00701175254515423,0.00570538492592288,0.000925294111342534,0.173135984890435,0.00282470737722586,0.0222701739719649,0.210101306010363,0.070380704342928,0.00498134526093413,0.00358804524771564,0.00165290634046774,0.000431089405799224,1.05449520656079,-0.900158186001771,-5.23172095935894,4.26098485587866,4.11567254960897
1023.636,882.79,0.49246162055178,0.00696835855137122,0.00592586672558841,0.00110713337078625,0.174956455104684,0.00264325154023172,0.0225457955963829,0.212547276475414,0.0706767147051288,0.00488219959898736,0.00347183861709405,0.00132808992461621,0.000485399237934949,1.03487941477451,-0.90642094986797,-5.06276298903632,4.25803683467983,4.19252731165337
1022.836,883.29,0.489776476357334,0.00696002462399833,0.00547837149233836,0.00106032996625904,0.176313211641159,0.00266603936328707,0.0230990425431066,0.214371567240251,0.0701163671175995,0.00495405821983941,0.00320088571492104,0.00155304400135292,0.000450581718553785,1.02168709132474,-0.922105775795951,-5.11368187639586,4.25376610405698,4.19166803843171
1022.036,883.79,0.490269944208557,0.00644171707143042,0.00561317776510324,0.00103274021185257,0.175974237825988,0.00276023292986051,0.0228974934925631,0.215476550929349,0.0697111378684711,0.00473182787976087,0.00335405855167574,0.00131322306484435,0.000423658200544066,1.02461853762401,-0.925977506083082,-5.13812193883669,4.33216101538307,4.15502253729043
1021.207,884.29,0.490507762535644,0.00800544492296138,0.00591313939706866,0.00109719891570931,0.17288099792295,0.00281399251323093,0.0230423507046716,0.215904103641292,0.0693406245232759,0.0051550746916695,0.00330215802011336,0.00157832357393478,0.000458828637478437,1.04283762011428,-0.91357253762912,-5.05984299268015,4.11531917910453,4.11799918638138
1020.357,884.79,0.488399828713594,0.00657777547089016,0.00593722093704989,0.00111713654428497,0.175519020222885,0.00275922109512412,0.0227968993857518,0.214943205344325,0.0720523579602762,0.00499349418369405,0.00316030496530035,0.00137312242613274,0.000370412750692165,1.02338697715533,-0.890354365740481,-5.05697865978176,4.30743777768281,4.15279898638366
1019.507,885.29,0.491097550781577,0.0075455659645409,0.00565240477387438,0.00107020119547007,0.172134032986685,0.00280206693643429,0.0231570817532462,0.215384760287883,0.0707192246515959,0.0050001589407716,0.00351435706103208,0.00145990042066324,0.000462694246226334,1.04836935092628,-0.889555980264959,-5.08042677094991,4.17568268454945,4.11791609846187
1018.657,885.79,0.491445183894496,0.00748047397861179,0.00600574861098717,0.00115066151295551,0.173198040587824,0.00281090169593417,0.0222911314525106,0.214787409414759,0.07052028686696,0.00468718444869224,0.00374082406150638,0.00147824780082754,0.000403905673935403,1.04291472211623,-0.898535257658733,-5.01409867740948,4.18505424907384,4.12093036295618
1017.662,886.29,0.493659642030313,0.00719949454325875,0.00559196491645276,0.00116455554545264,0.171322557405944,0.00271263338765594,0.0232549735497845,0.215077905152255,0.0699456074456949,0.00494265817089007,0.0033059855124161,0.00138604258612932,0.00043597975375304,1.05829821569397,-0.895830176781321,-4.9912085721148,4.2278354747527,4.14562818746106
1016.562,886.79,0.490593820609815,0.00715012728519037,0.00560724152336024,0.00132824346437284,0.172492781787255,0.00274188225138998,0.0221647021895822,0.216128637667646,0.0717066832225887,0.00494254279575054,0.00327964198587977,0.00148864819204254,0.000375047025126997,1.04526114528351,-0.877771436707861,-4.86649802502722,4.22848637749585,4.14171075326657
1015.549,887.29,0.494130972232882,0.0064446506608616,0.00590158825403692,0.00153383150878319,0.171764708618528,0.00260483895350595,0.0218399466008015,0.214670127381276,0.0706864913517021,0.00512013656798513,0.00367817214729434,0.00130590810035142,0.000318627621991353,1.05667504088984,-0.887871082479638,-4.71835670804406,4.33955017622828,4.18875471591228
1014.599,887.79,0.493542164902323,0.00722015755832497,0.00561139429654285,0.00153515971385745,0.171496266664486,0.00263804462244301,0.0217165515686318,0.21480552891159,0.0718814585652916,0.00478656723567272,0.00267075731040953,0.00164147594974864,0.000454472700677737,1.05704679810641,-0.869543144268645,-4.71592707390672,4.22473152060595,4.17452352824167
1013.794,888.29,0.491260711227863,0.00761013346895639,0.00584991099736608,0.00145110454251713,0.169530770648494,0.00277972839615621,0.0228607289584009,0.217699509377355,0.0712837609270272,0.00502404120950263,0.00312267432501476,0.00119331185449761,0.000333614066848794,1.0639405188782,-0.866365903598253,-4.76070942818809,4.16749425662451,4.11068122438847
1013.094,888.79,0.484677373459144,0.00732326394026657,0.00594488771526458,0.00154683178346631,0.174669064502544,0.00277496386172986,0.0225730448342192,0.218647347394061,0.071954425942156,0.00495691862913598,0.00316650921383612,0.00131805092366004,0.000447317800516749,1.02059033659827,-0.886860178048259,-4.72668429520323,4.19242733815367,4.14225539931315
1012.336,889.29,0.493536246514523,0.00735931902715365,0.00549468051219978,0.00143829541166612,0.172294068930369,0.00259726258324717,0.0206335360504947,0.214276613365611,0.0719882780149073,0.00504506005557162,0.00326863045853936,0.00158531027486879,0.000482698800848766,1.05239358400907,-0.872699419605096,-4.78574404950487,4.20562889905182,4.19474468222685
1011.536,889.79,0.495693518290458,0.00572306208323071,0.00602868752571058,0.00164934574232809,0.171410738672193,0.00264359559950945,0.0211010511194015,0.213046724585052,0.0719870425128859,0.00523045061054163,0.00352307472090723,0.00162355456574751,0.000339153972034627,1.0618951721718,-0.867576519176069,-4.64368396742109,4.46145383767919,4.17192269686748
1010.707,890.29,0.496651998037508,0.00696134090294674,0.00558459243238913,0.00134545873259039,0.172137364452855,0.00272971674026013,0.020892783835471,0.212140668649184,0.071537102119692,0.00508645980395102,0.00312772220720315,0.00133544601644088,0.000469346069508276,1.05959678706496,-0.878076562740377,-4.85155776859035,4.26751746142316,4.14409494295048
1009.857,890.79,0.507070510874068,0.00649702685724612,0.0060274215101377,0.00125392003678165,0.169177170295864,0.00252505074073482,0.0195943445747674,0.208051150102834,0.06931227403316,0.00535251749034051,0.00331059476377745,0.00133628537253104,0.000491733347757512,1.0977035578843,-0.892324505750646,-4.90467183708345,4.35730540294173,4.20468535287326
1009.065,891.29,0.511241267954385,0.00624448043275814,0.00605558189172865,0.000987807020287944,0.167668510733528,0.00254110648824377,0.0203156169763239,0.20672478806065,0.0687807260923028,0.00475976196377479,0.00325819903890347,0.00103232451084903,0.00038982883626467,1.11485274763348,-0.891065318097442,-5.13425680368946,4.40514368461543,4.18938926831573
1008.315,891.79,0.513947052140356,0.0078449967605938,0.00601754913099408,0.000928395038544239,0.16401254448315,0.00250467131764021,0.0207063783438653,0.205307931380926,0.0689641411817729,0.00491192570961775,0.00331452286832987,0.0012335564924273,0.000306335151782612,1.14217733309919,-0.866356239157592,-5.17424086433879,4.18224427549035,4.18178540024474
1007.449,892.29,0.517694199007423,0.00773520081793774,0.00581976224312663,0.000859207686935963,0.164313852130007,0.00238759476641093,0.0202828973369225,0.203608905448682,0.0674343965202672,0.00480200334123369,0.00315120539726989,0.00144911147199647,0.000461663831786487,1.14760638705702,-0.890623109600441,-5.25352294011861,4.20360327259866,4.23149184614855
1006.499,892.79,0.52366432780049,0.00705642563459804,0.00598929353746676,0.00077077159156134,0.163285267485856,0.00234511356581429,0.019029155782544,0.199344024177395,0.0687263526572878,0.00492099005493798,0.0029905469198421,0.00151811547517249,0.000359615317035458,1.16535210482264,-0.865366062398791,-5.35586197733423,4.30691224400246,4.24316494878438
1005.636,893.29,0.517341563605717,0.00779716083272709,0.00600092002577917,0.000780523123429875,0.163613556891143,0.00261250428019512,0.0210383839827893,0.203450211963333,0.0680242619329534,0.00479266561905168,0.00293416742855101,0.00122324229536056,0.000390838018970055,1.15119603416195,-0.877642852145982,-5.34529819985211,4.1949436493514,4.13719803117644
1004.836,893.79,0.513423946805465,0.00788344334361574,0.0059057526449386,0.000970434414906443,0.163362002919618,0.00257871862271957,0.0214992202078416,0.20452885230986,0.0702644404085565,0.00482128921677509,0.00304077368685495,0.00131964826800619,0.000401477150842568,1.14513329580009,-0.843702770605607,-5.12598007243337,4.17633712994753,4.14867599741508
1004.036,894.29,0.504436218759272,0.00688037750243709,0.00556528823648531,0.00107020245546121,0.169480510306438,0.00264312927668913,0.021398162407049,0.207797054765168,0.0708923769561511,0.00461752918626938,0.00319294725985787,0.00153407458687124,0.00049212830185125,1.09070347037531,-0.871575027257905,-5.06489009547942,4.29476788716162,4.16077438948055
1003.236,894.79,0.491599514908906,0.00771767420364791,0.00597445047912591,0.000999602707151155,0.176033164107429,0.00263973878284761,0.0220839226124495,0.212293375865676,0.070881445728986,0.00486133552944774,0.00307409685374179,0.00143164420166724,0.000410034018924112,1.02699198121608,-0.909663706773112,-5.17106978150612,4.15415134124309,4.19999244334387
1002.349,895.29,0.482599426144003,0.00687189132801782,0.00570432035499636,0.00100892740972725,0.178168134785397,0.00276656113255526,0.0231802213705434,0.218430501564751,0.0714523761153556,0.00497159253028494,0.00312265315951781,0.00129539888013623,0.000427995224714613,0.996459282192225,-0.913696522444383,-5.17383988590979,4.25174759327521,4.16512260135823
1001.399,895.79,0.479700694888288,0.00741010194414603,0.00565588297954318,0.0013451278494726,0.179906033697322,0.0029792258772228,0.0240219209377592,0.217721464478199,0.0715784797675547,0.0047549759531483,0.00309028108299224,0.00145051697331502,0.000385293571036802,0.980727677528653,-0.92164021268446,-4.89594561566133,4.17031816023837,4.10077118554111
1000.478,896.29,0.480036269127701,0.00707764196804905,0.00620457942624754,0.00152617616561705,0.178892534754173,0.00289300158452996,0.0237746825329138,0.219179096773035,0.0707461205948496,0.00463800447977592,0.00341481917056814,0.00117605339821078,0.000441020024329044,0.987076400682082,-0.927687558609644,-4.76401989211148,4.21692086486001,4.12449068734245
999.578,896.79,0.474110787562638,0.00688681857565228,0.00620684572990451,0.00157097174707243,0.181364054558609,0.00290970317901262,0.0243550865095174,0.22295181906693,0.0696318991005154,0.005002099095156,0.00319107125311515,0.00139344189079346,0.00042540173108358,0.960934661059923,-0.95728357960652,-4.74881198728857,4.23183179021972,4.13245528671817
998.707,897.29,0.479752310684105,0.00533671239826092,0.00595415567135553,0.0017967042991852,0.177210669419759,0.00296817775246199,0.0244329534481147,0.223492214652207,0.0691458590137818,0.00518763600439664,0.00314840443758149,0.00116257337006101,0.000411628848729736,0.995930703779172,-0.941121075323343,-4.59138520575423,4.49866014368809,4.08939103437547
997.857,897.79,0.482275134651926,0.00576004779638023,0.00608460498358122,0.00196868079295273,0.176380547232617,0.00315348298152382,0.0252705391916841,0.218905400002695,0.069761826684216,0.00523895944045892,0.00328038596475466,0.00148352956502599,0.000436860712184034,1.00587090894276,-0.927556896507952,-4.49528019084469,4.42756899731941,4.02413631062022
996.978,898.29,0.478947938821681,0.00722620353938343,0.00643821883847894,0.00215623320734609,0.178495468523511,0.00278391156508663,0.0243394701310899,0.219982072783595,0.0694916708436629,0.00509367760813905,0.00325467033339204,0.00146420652875805,0.000326257275875927,0.987028689809613,-0.943356313061734,-4.4162004006048,4.19387810431309,4.16070623792119
996.078,898.79,0.502642157915733,0.0084794549973916,0.00676588823764078,0.00228802896860711,0.173242090404149,0.00242182465400313,0.0199748365912787,0.204713536072667,0.0692018289501949,0.00502777181084482,0.00314849479853929,0.00166323994230828,0.000430846656642219,1.06518851845412,-0.917662690604449,-4.32699924825301,4.0822323226861,4.27016873747593
995.207,899.29,0.483754633146856,0.00763174252365495,0.00589819738932247,0.00247945300089785,0.176064184911481,0.00297096945000806,0.024119989870387,0.217701498722287,0.0694937495683404,0.00492897759974216,0.0032679512857702,0.00131339641319612,0.000375256118056035,1.01072920630963,-0.929611801295129,-4.26281064385811,4.14926162470416,4.08196030185583
994.357,899.79,0.472457491229729,0.00597585090920555,0.00602585802978468,0.00234489911063423,0.179200516595298,0.0032276334999875,0.025421011035267,0.225635389386967,0.0700664985992571,0.00504093517663928,0.00321132683023344,0.00100231663421639,0.00039027296278057,0.969442393912344,-0.939060612229609,-4.33626300553391,4.37022127797475,4.01675617715931
993.565,900.29,0.474788364657532,0.00618622146738981,0.00609915367905491,0.00260431878272619,0.180178522029804,0.00323032515961509,0.0254237941937909,0.222025064501801,0.069869144829,0.00500805101511122,0.00266493559738973,0.00154076921635684,0.000381334870428803,0.968921008212333,-0.947324015416398,-4.23677701119154,4.34054468164858,4.02136534766755
992.815,900.79,0.479878855075954,0.00698537263651524,0.00586298718117664,0.00249355877982614,0.179189746758942,0.00302407903047708,0.0248299381551982,0.217003230834246,0.0713600857920542,0.00483602720989517,0.00290138912240363,0.00120417872738757,0.000430550695924423,0.985088404632077,-0.920706591642968,-4.27473436320988,4.22971534739776,4.0818386897641
992.007,901.29,0.47806589869292,0.00672257228614531,0.00618458717488327,0.00237946331501942,0.177807441679052,0.00300711261149181,0.0251720991954881,0.220067292971,0.0712684568121244,0.00487549007081229,0.0029835757628741,0.00116675521004956,0.000299254218139513,0.989047409946655,-0.914247347836724,-4.31382621205292,4.26427772439387,4.07972082333055
991.157,901.79,0.480633502175883,0.00567545902368618,0.00553950034642271,0.00259735457044128,0.179727582317541,0.00314118927949515,0.0246378876589765,0.217887376182433,0.0710737581262501,0.00494019449704535,0.00257125050440669,0.00115510492203042,0.000419840395389587,0.983662757009602,-0.92772408826469,-4.23694881878333,4.43895358460875,4.04684079328311
990.278,902.29,0.481316560708611,0.00676725579199731,0.00589416724399055,0.00220402953858527,0.177066509896825,0.00304761446857428,0.024537175651429,0.216877817868702,0.0732006617552249,0.00464190256812604,0.00276241282773602,0.00132329190442576,0.000360599775772503,0.9999997598824,-0.883320962823548,-4.3862381306591,4.26442952755765,4.06216628098582
989.378,902.79,0.482529509662569,0.00563453796360867,0.00613510056174247,0.00207926002301732,0.179272002293176,0.00296166203895832,0.0256623897799664,0.215797028283926,0.0704445594835221,0.00462378656353081,0.0032878833903062,0.00115728361363413,0.000414996342042552,0.990137860478823,-0.934078208205933,-4.45689214610092,4.45012692873696,4.10315360795034
988.536,903.29,0.488412837461177,0.00718345964025665,0.00601473497069579,0.00224812691962489,0.174823346082405,0.00294118280102193,0.0249338691243605,0.214917274525461,0.0697489717160021,0.00449410149179202,0.00262155920354535,0.00137212150431869,0.000288414559339143,1.02738501349208,-0.91887333495718,-4.35367862378151,4.2193799155617,4.08496419941
987.736,903.79,0.487314954482403,0.0066920125740534,0.00577592153236259,0.00231946455236608,0.171682608022402,0.00300923995846188,0.0247052211775127,0.217571622401566,0.0718622528259676,0.0047851138454275,0.00280674702135055,0.00109367843038737,0.000381163175738964,1.04326316787944,-0.870896338548359,-4.30431110730391,4.28799597573931,4.0439599285691
986.907,904.29,0.49364207955436,0.00694216759454645,0.00591771951191982,0.0022144418155413,0.170036882280918,0.00289489893653044,0.0235322066912692,0.214811605825057,0.0703590513159267,0.00486102227663968,0.0028733995014281,0.00154795932736867,0.000366565368494943,1.06579535115765,-0.882403931621196,-4.34101499838636,4.26419666000941,4.07306516735838
986.057,904.79,0.495062347866934,0.00697676901396421,0.00560703762224025,0.00194410043985139,0.168991544604347,0.00302664730751164,0.024197164453175,0.215925396079771,0.0697335269248836,0.00458961438271341,0.0025750523124226,0.00102809924413887,0.000342699748046291,1.07483502817923,-0.885167462056232,-4.4650493104507,4.26209779229921,4.02239317401645
985.207,905.29,0.498345430916986,0.00721311821822139,0.00541485731190635,0.00175282893277124,0.166550445338996,0.00278508563398734,0.0235580631187465,0.215956131731592,0.0691675383266242,0.0049996302048665,0.00269105201432692,0.00113791245364354,0.000427905797331136,1.09599523440779,-0.878766585305953,-4.55406722277736,4.23539212995732,4.09101961734541
984.357,905.79,0.504147382752925,0.00656699719778567,0.00558543059638087,0.00168027314993166,0.165207158048055,0.00273783200434845,0.0228958325637359,0.214931422268896,0.0674969523940198,0.00488039136010301,0.00251829882898049,0.00102378451974479,0.000328244315093434,1.11566846168338,-0.895117742595906,-4.58824382029288,4.34081197092301,4.10003382182082
983.507,906.29,0.507888865721435,0.00607485404503753,0.00569745621351126,0.00117597998331943,0.166516889074229,0.00278461217681401,0.0232610508757298,0.210683903252711,0.0672518765638032,0.00471955796497081,0.00269286905754796,0.000934111759799833,0.000317973311092577,1.11516591522284,-0.906651817770378,-4.95299491181278,4.42610469195055,4.09098813076082
982.657,906.79,0.508226662761486,0.00639198392825467,0.00568038842801335,0.000998296295990727,0.170566347514366,0.00277419115311473,0.0235507171645085,0.206053305722053,0.067474722890274,0.00396018365351693,0.0029309484227331,0.00104470469818038,0.000347547367509168,1.09180317859342,-0.927371303966503,-5.14082951297526,4.37588284049756,4.11876512765595
981.836,907.29,0.509966782560689,0.0061658514798974,0.00568201202775253,0.000881869770682844,0.169641555605869,0.00274072305050436,0.0241340772881833,0.205082795475481,0.0667791490008405,0.00465126857948665,0.00277070455501761,0.00115997407116782,0.000343236534427555,1.10065787675721,-0.932296823495448,-5.25939860077006,4.41531934913433,4.12546594197271
981.036,907.79,0.510628383867124,0.00706462799625584,0.00561520920700504,0.000787593140104985,0.16693469574576,0.00279162594686427,0.0240525172054051,0.206347340945359,0.0672412797769998,0.00437196663244141,0.00269163048274099,0.00109685746213574,0.000376271591804083,1.1180394000039,-0.909315351170036,-5.35637633462765,4.28054173221224,4.090978489762
980.265,908.29,0.514446102782295,0.00698835592244071,0.00561784046224134,0.000876196416505164,0.166200458040693,0.0027123901174379,0.0235310715585158,0.204498515451713,0.0665516791466314,0.00442023059028695,0.00278770482152006,0.00106501356195059,0.000304441127768744,1.12989615491136,-0.915215862501244,-5.24535963180288,4.29884546893769,4.11536443003268
979.515,908.79,0.507904844857348,0.00658886275765392,0.00567573232113123,0.000942620231473826,0.16801389390625,0.00276466827666904,0.0241847914808195,0.206775069748631,0.0681582885808141,0.00448771486738545,0.00292791535586283,0.00118275141893308,0.000392846197027639,1.10624743895366,-0.902213904450297,-5.18313847905198,4.34491335405535,4.10712602230111
978.649,909.29,0.512863986730823,0.00612310192259928,0.00536744926181786,0.000965088426095486,0.16624884757707,0.00276055282622515,0.0235031131205719,0.205028142273188,0.068422348795797,0.00430343137873985,0.00298261788391996,0.00106507032410974,0.000366249479041689,1.12652492929377,-0.887786239602367,-5.14902129622634,4.42794185872143,4.09805478861593
977.699,909.79,0.512236828267957,0.00662214743926806,0.00562730045220318,0.000878115469555158,0.166542223157009,0.00260384898517194,0.0233673362078031,0.205388579240719,0.0675265537911452,0.00476706278262698,0.00279840151435482,0.00124513618677043,0.000396466505415922,1.12353820349874,-0.902727959786366,-5.24522604950048,4.34836736936133,4.15825814054685
976.749,910.29,0.511431785675452,0.00674155423772761,0.00586122100755288,0.000766370852396765,0.166840921066939,0.00287728865729317,0.0241412046136989,0.205067457363433,0.0672639410490394,0.00434416219878384,0.00314180683690625,0.00115007904179596,0.000372207398981239,1.1201734251863,-0.90841649113131,-5.38312987486375,4.32892371775024,4.06019237769717
975.799,910.79,0.508846613090083,0.0076008687304063,0.00577795560031298,0.000714540161022252,0.167772776228795,0.00275787430569992,0.0238712824846776,0.205950531674291,0.068171727818699,0.00408875758807178,0.00302634919076237,0.00108016743639914,0.000340555690779611,1.10953608013575,-0.90058061068388,-5.45872661609483,4.20388407421512,4.10815033757702
974.994,911.29,0.504423899715972,0.00609857675732445,0.00531840592681501,0.000720157689701021,0.16849310107558,0.00284131180448133,0.0244998473803747,0.210317086672427,0.0683146137171415,0.0044078617214459,0.0029406438996125,0.00124061647981541,0.000383877159309021,1.0965221796519,-0.902771098445052,-5.45517988326094,4.41536155994962,4.08262895726744
974.294,911.79,0.49827356587677,0.0072687669405711,0.00572996653185592,0.000815798758762189,0.17170626349892,0.00288792760601815,0.0238478372155157,0.211588625317907,0.0687799933512401,0.0044532414743931,0.00298276421172425,0.00134606795195761,0.000319181264365706,1.0653640087123,-0.914872338219127,-5.34937282015371,4.22756258738329,4.08524609300803
973.536,912.29,0.498064075849346,0.00599609980134502,0.00571563380253169,0.000873798400635048,0.173418100890809,0.00292109894070929,0.0239803491548557,0.213033670095034,0.0675143422414195,0.00429710360636749,0.00297273708489513,0.000959861974278129,0.000253128157773768,1.05502328814666,-0.94336539400637,-5.29061103978767,4.41961951035622,4.0837455519289
972.736,912.79,0.495722577902796,0.00632248723538089,0.00568539214666716,0.00088042300690708,0.171717824426286,0.00289166455479573,0.0243640912610949,0.216438668743873,0.0669232547784656,0.00440312469394699,0.00293709922831731,0.00130044132212881,0.000412950699340591,1.06016387753622,-0.942306062174448,-5.27320537130428,4.36190377086313,4.08402026713273
971.936,913.29,0.497808178414581,0.00588466898989971,0.00562859378273689,0.000869441118390755,0.171055201919856,0.00286338640736606,0.0241672241953621,0.216066745547277,0.066724292022903,0.0046609736323509,0.00281986374369807,0.00115082019977915,0.00030061002579983,1.06822849626298,-0.941417237790912,-5.28189098906321,4.43786432619163,4.0899813397459
971.136,913.79,0.4962047485382,0.0057295730015362,0.00568031013487972,0.000990284156257792,0.172685449558846,0.00281200485792187,0.0236773422985048,0.216230807589296,0.0669683430786678,0.0044879476888678,0.00289343939259891,0.00123659848954019,0.000403151214882614,1.05551691211488,-0.947251712535382,-5.16123507941867,4.46134763287064,4.1175740273888
970.336,914.29,0.494537750727023,0.00705443897244776,0.00582928983700979,0.000919618116476895,0.173236087750929,0.00276288776222225,0.0234593371489418,0.217288013907207,0.0660057919807687,0.00439641994280621,0.00322975529284594,0.000997261312714527,0.000283347248607464,1.04896815609252,-0.964912837803373,-5.23845211916279,4.24996642919115,4.13837890985501
969.536,914.79,0.489025053209736,0.00612940046018147,0.0057873736958349,0.000720161926102159,0.176988318933438,0.00280341585439489,0.0238987440295768,0.219206056581859,0.0666470745177021,0.0045787453936718,0.00280642488751231,0.00108525794434894,0.000323972565642057,1.01632998605048,-0.976672583216131,-5.50436293056329,4.37931678076708,4.14524511402232
968.649,915.29,0.491426020252856,0.00684193437100473,0.00564665056720174,0.00068287436329322,0.174824969052499,0.00276092294579621,0.0229671043285914,0.21811494206222,0.0676390608194492,0.0048186780851107,0.00280759786512978,0.00111309535888954,0.000356149927958277,1.03352611338269,-0.949599657623496,-5.54522968122813,4.27424091552096,4.14822027208961
967.699,915.79,0.491280179259569,0.0062071909024127,0.00599891656304249,0.000907994041096734,0.17292002675761,0.00271064435771477,0.0238520287767422,0.218365898000977,0.0679651494445334,0.00499448021701571,0.00313334892825924,0.00122604845097243,0.000438094300054582,1.04418538036453,-0.933834148908961,-5.24934667761041,4.37130615195799,4.15564283753607
966.807,916.29,0.484466872165459,0.00688719281850405,0.006130621470808,0.000934526919162381,0.177927473218207,0.0029086890189965,0.0237763212941012,0.220672193349249,0.0668863186507846,0.00495882045635718,0.00278797061963922,0.00130084482066033,0.000362155198071836,1.00167304025971,-0.978381571682205,-5.24909085997907,4.25338548005942,4.11367354269207
965.957,916.79,0.480842135756029,0.00686840867871297,0.00588285920601867,0.00114298549069658,0.178659442802445,0.00281810472224088,0.0228219251696111,0.223859323570901,0.067236724994962,0.00478500537381608,0.00316551353529925,0.00150718747900853,0.000410383220259287,0.990057576635481,-0.977261838357428,-5.05183774883106,4.24860657011692,4.14941686482105
965.078,917.29,0.479121022788376,0.0071926668958086,0.00611619182975457,0.0012304078374976,0.177640526913985,0.00277078988598432,0.0222685894908199,0.227095119909412,0.0672106327480374,0.00475293790183307,0.00293948333414166,0.00127258119953694,0.000389049264812866,0.992191226067237,-0.971930536179462,-4.97241630698275,4.19889120235795,4.1606295596648
964.178,917.79,0.482875500967147,0.00645295609121877,0.00596327497878226,0.00116949870887767,0.17802298420805,0.00285310947506397,0.0223288213981086,0.223392311050541,0.0671086189186864,0.00517617366790273,0.00309635670879057,0.00113444561406118,0.000425948212770161,0.99784619173294,-0.975600182129049,-5.02533746367419,4.31522052392106,4.13350322331368
963.336,918.29,0.484817569555153,0.00679438689114108,0.00587994857110749,0.00118766808312795,0.177689688110429,0.00267610925224285,0.0223354314000491,0.220563624525015,0.0681719276249613,0.00499305357396649,0.00313553187809105,0.00138487827503881,0.000370182259676245,1.00373397122006,-0.958005842000972,-5.00804691311296,4.26767586081047,4.19567473557973
962.536,918.79,0.48673724029155,0.00794118034717127,0.00606627096229971,0.00130156275399695,0.178220736256156,0.00269648654941984,0.022389076099134,0.216706354262316,0.0682425278215903,0.00505028315854682,0.00306004542838439,0.0012554314158806,0.000332804653553651,1.00470155647777,-0.959954927736762,-4.91945721237982,4.11566250727402,4.19107322572043
961.736,919.29,0.484868605162157,0.00631410266641555,0.00593210690348276,0.00118642138069655,0.179536944523362,0.00264204868903098,0.022153626140002,0.220766949598904,0.0670833506242279,0.00491487027572858,0.00272078876272743,0.00148116462953327,0.000399020643732024,0.993496931219214,-0.984445120439153,-5.01943947265226,4.34109228691493,4.21882637103831
960.936,919.79,0.488649310119464,0.00695769823707041,0.00611964739323451,0.00138424318484337,0.180058976264607,0.00262568417365998,0.0219248276731894,0.216887349914371,0.066244583679481,0.00491156166188401,0.00284770510616874,0.0010892576266275,0.000299154965399132,0.998360631834214,-0.999930737397767,-4.86813088978846,4.2517963683906,4.22794294347223
960.049,920.29,0.486633044907268,0.0065629506657276,0.00587961565549854,0.00132789180668746,0.179882701143643,0.00267569675017607,0.0223959905423081,0.219829501626589,0.0659512610255894,0.00486614179830298,0.00246084448468994,0.0011360968574974,0.000398262736023074,0.995205359686511,-1.00338897823984,-4.90871240128681,4.30607003940811,4.20809516436646
959.099,920.79,0.477207098484958,0.00617795064677523,0.0062866262738336,0.00117473177820236,0.178579930406198,0.00289905172752847,0.0234325352057281,0.228741494838425,0.0659443704990178,0.00486349306235497,0.00325198876397517,0.00108054623475177,0.000360182078250592,0.982914275013526,-0.996224774998669,-5.02399644271507,4.34696395947545,4.12065259737046
958.236,921.29,0.473175197770396,0.00626647245447268,0.00579608325283218,0.000885260364460784,0.182477699413225,0.00282738230428125,0.0235749781208456,0.229104776671118,0.0658534788107834,0.00515005516474221,0.00338760978692177,0.00115982230189902,0.000341183584022514,0.952837746329386,-1.0191957144453,-5.32850145067097,4.32425212750948,4.16727666778304
957.436,921.79,0.484584839019212,0.00660766419632102,0.00562769237051101,0.00101059594536657,0.180803781057961,0.00262040383005655,0.0217563953369674,0.220970376268349,0.0660256017639493,0.00499989791960148,0.00323901104509912,0.00130254588513914,0.000451195361466691,0.985880161665693,-1.00736978834569,-5.1868721589081,4.29506230515692,4.23408392116559
956.607,922.29,0.495266806462505,0.00626964225038133,0.00611827320736183,0.00111886068861271,0.175431428235725,0.00260608799939876,0.0204506986792786,0.218046577207209,0.0652072432733397,0.00497506644889284,0.00271617457614022,0.001445944844508,0.000347196126646138,1.03784837606282,-0.989677688338909,-5.05493731899569,4.36937732465178,4.20939799812153
955.757,922.79,0.505587555819485,0.00684840063357318,0.00600890548416761,0.00164267625926943,0.171996107989409,0.00243517676926807,0.0194814141541446,0.21197466134488,0.0646827808437033,0.00491734817794307,0.00284958404403825,0.00126351496405444,0.000311873516064156,1.07824938124206,-0.977976820931225,-4.65114507139017,4.30170608896838,4.25745249950728
954.965,923.29,0.511282300329397,0.00587508762559669,0.00573402522109647,0.00117372535042163,0.169140283869245,0.00243036524394643,0.0194859944414952,0.211056277438522,0.0644353681136511,0.00478750725502252,0.00310983377249326,0.00110265574204747,0.000386575597065471,1.10619343182767,-0.96506577599237,-4.97054570204796,4.46620090957552,4.24268690045361
954.215,923.79,0.507055678553943,0.00758317555360106,0.00570931557535083,0.000741961898902546,0.171456021697782,0.00241002222636229,0.0193375850819083,0.211732096513537,0.06459509460285,0.00481462867244061,0.00282378784005684,0.00128570623941215,0.000454925543852656,1.08429401672219,-0.976188327507333,-5.4427841867934,4.20268876680062,4.26469083045528
953.349,924.29,0.50689998067658,0.00734724185322451,0.00592512500515653,0.000836986328137722,0.171212012653583,0.00251313015517357,0.020070302509222,0.211386270818814,0.0645651904876667,0.00468538650096291,0.0030895759920622,0.00107798628254314,0.000390810736873644,1.08541107874244,-0.975227209996862,-5.32085017160469,4.2339887226244,4.22137357864769
952.399,924.79,0.497552038100574,0.00778260260540692,0.00568258859784283,0.000796750245132371,0.173521221459588,0.00242723070458047,0.0206000840453845,0.214779661016949,0.0668810757809217,0.00496316010645749,0.00332707662137554,0.0012965401316711,0.000389970584115422,1.05340024453037,-0.953383851907162,-5.38351392381468,4.15780934295985,4.26954892605699
951.536,925.29,0.487555842049822,0.00685153033607424,0.0062608230820544,0.000917505373639183,0.175936428220084,0.00266492074864845,0.0215136480328101,0.218784041470794,0.0688645618322257,0.00535117883156758,0.00338926709625833,0.00146216890633809,0.000448084019684252,1.01928210517876,-0.937981022850874,-5.25621956873667,4.26493279762358,4.18994840716091
950.736,925.79,0.481587813868457,0.00724563551384393,0.00615994517648793,0.00103619077790208,0.177910216599072,0.00260477681748632,0.0214949086953126,0.224487102064792,0.0673568005244753,0.00536685223501511,0.00327137088479913,0.00114948976954105,0.000328897072816052,0.995809568334954,-0.971275151256325,-5.14572774647208,4.1966893007427,4.22393202504455
949.936,926.29,0.476469444768427,0.00831208935246125,0.00632043143331612,0.00138071990713742,0.176167863549772,0.00289473538053107,0.0221115128491372,0.229802667022122,0.0662512288185014,0.00558508422613593,0.00300803661184886,0.00121076806016073,0.000485418020449761,0.994966286075156,-0.977983297759433,-4.84883227567317,4.04869259317868,4.10854360949909
949.136,926.79,0.469620766307762,0.00668770798159293,0.00677234841566472,0.00159146289853394,0.177279389163352,0.00298357530103039,0.0237783935245613,0.235576601820215,0.0655395382196107,0.0052109551450247,0.0032898400295796,0.00126069699170078,0.000408724201372957,0.974198530855668,-0.995073360482811,-4.71307330274355,4.251654277015,4.08460461112881
948.336,927.29,0.465111319532838,0.0079620821330475,0.00639556954958576,0.00149170407092294,0.180185793081887,0.00279359549809071,0.0236819186708649,0.237247939974543,0.0656171144011969,0.00501998615484246,0.0029856412317724,0.00115227440209017,0.000355061298318483,0.948288271438248,-1.01015195015682,-4.79406936411968,4.06758623362622,4.16665902718941
947.536,927.79,0.473987841218453,0.00727273563387536,0.00661743065263778,0.00164860937385034,0.17807050621735,0.00290633507468177,0.0230264973143992,0.229375137958943,0.067286025678758,0.00525738540210433,0.00319949782944596,0.000916277315870797,0.000435720329629902,0.979002095719288,-0.973227001336433,-4.68224744538224,4.1770491583955,4.11528671127506
946.678,928.29,0.471333777649121,0.00734579661557035,0.00645155499305476,0.00165272008778603,0.177283121161325,0.00279043778569169,0.0231291051524923,0.231048697459097,0.0694725881843417,0.00501313873199455,0.00324148563042351,0.0009189258329238,0.000318650716178705,0.977818491233727,-0.936815749077655,-4.67532554061538,4.16143823987065,4.15154951327461
945.778,928.79,0.46992906136276,0.00704355263378557,0.00643422942975174,0.00134386512155718,0.176502484808846,0.00291133508863137,0.0235467082571679,0.232769290110517,0.0694080620727051,0.00538775875273217,0.00300189505106576,0.00126895749830899,0.00045279981217193,0.979246795530467,-0.933331925550986,-4.87778507343062,4.20046907167662,4.10472318519731
944.936,929.29,0.472350514757133,0.00768536398642549,0.00596455545779677,0.0016773883931122,0.176531416753316,0.00293200178251083,0.0234971491253128,0.230634048242056,0.0683250111406927,0.00542637430442086,0.00326336597461065,0.00122833278105968,0.000484477301552841,0.984222466857757,-0.94922296426731,-4.65626080316225,4.11840358689426,4.09781346716113
944.136,929.79,0.476349760951903,0.00582746767064986,0.00643595373699629,0.00260441067729354,0.177517625210966,0.00284261208731041,0.0228368546124711,0.226928048498259,0.0682701045941262,0.0053420335175349,0.00329869440791145,0.00140211446085764,0.000344319573721079,0.987082475370728,-0.955597937454315,-4.22186347886349,4.40356983212942,4.13434652243296
943.307,930.29,0.476948695425714,0.00784377772579001,0.00579675919999647,0.00242662735214015,0.177574167177962,0.00278857995400554,0.0230799959390684,0.225966567938945,0.067556025407307,0.00508719967865671,0.00306887251764519,0.00144560337940137,0.000417128303369249,0.98802056344478,-0.966431105251273,-4.29288599253131,4.10768835725631,4.15385587569787
942.457,930.79,0.473832839702063,0.00699368246033495,0.00588667499454636,0.00205339031889412,0.177272051425923,0.00274147142998232,0.0223767450290481,0.233664314094918,0.064982423543227,0.00532340354871864,0.00315714188037156,0.0013284089589463,0.000387452613026005,0.983169034356907,-1.00356873998122,-4.45819332508261,4.21584736475447,4.169190771784
941.607,931.29,0.472932602308702,0.00600387291175478,0.00598130600086399,0.00181717363411085,0.176948222909498,0.00283805769821807,0.0231128152113875,0.234124178188328,0.0667701162518295,0.00520221026772953,0.00286922152754345,0.00103163021215045,0.000368592877882923,0.983095724660949,-0.9746015448977,-4.57857481812081,4.36654814222119,4.13273725472226
940.757,931.79,0.476096697745989,0.00649541004624852,0.00601542190098929,0.00152049935947891,0.178897058112927,0.00282731272140393,0.0231103017053002,0.227826856356836,0.0681046266776767,0.00458941685198647,0.00278006556616588,0.00130573956294234,0.00043059339205582,0.978810434055758,-0.965765395755083,-4.76777173919108,4.29452519939359,4.14748385394843
939.994,932.29,0.474479302515511,0.00677622942758553,0.00603436111669353,0.00136294250199898,0.179749133061671,0.00288088630814687,0.0238883734056245,0.226389559967332,0.0684453689886218,0.0052144576664714,0.00324113071847915,0.00118228580957716,0.000355968512286793,0.970655823964898,-0.965526279510122,-4.88191620662927,4.24879718190253,4.1334641808787
939.294,932.79,0.476548034178934,0.00653978225570314,0.00590518274017089,0.00142997843852317,0.178689807543855,0.00302499534165624,0.0240881624830303,0.226073947879788,0.0679543216120531,0.00497777304549205,0.00332312934224186,0.0010860595735619,0.00035882556499055,0.980917140414613,-0.966815645392918,-4.82799201764841,4.2886646535855,4.07874183231746
938.536,933.29,0.478491031724079,0.00669907870380221,0.00606289495521181,0.00129683610289581,0.176286729504883,0.00290218940828528,0.0234558182088981,0.225999489350837,0.0694099874465414,0.00500010638524224,0.00302027702717079,0.00106491627481436,0.000310644907338454,0.998525653903716,-0.932081045843271,-4.91218428329592,4.26866745819217,4.10664639381384
937.736,933.79,0.485152264850636,0.00676263774522474,0.00577936498726071,0.00138417795970903,0.177275005143192,0.00283376676812382,0.0224886717905165,0.220217227318524,0.0683659420480981,0.00504191041878768,0.0030289443005523,0.00126918146762954,0.000400905201744993,1.00676056160915,-0.952827450852438,-4.85259579566846,4.27304977686693,4.13609538808931
936.907,934.29,0.48856255352979,0.00557222065133205,0.00603529175528536,0.00121300041389541,0.175366666256869,0.00273027542485749,0.0222468783680227,0.220197481384951,0.0682179548649103,0.00495547550845617,0.00315339127869094,0.00136564995922516,0.000383160603713584,1.0245884978146,-0.944171219717388,-4.97378204655366,4.47367386038925,4.16247652539767
936.057,934.79,0.498212447618752,0.00610283512723344,0.00539723553295321,0.00127088108742519,0.17004348858863,0.00277328704172359,0.0223115803526595,0.217929045145345,0.0668475433808444,0.00461746779950147,0.00285447108595185,0.00126887654312326,0.000370840695857509,1.07497236813776,-0.933639664919347,-4.89634379001262,4.40227314953898,4.11602094522287
935.236,935.29,0.516435680100079,0.00600149429097718,0.00566391023710971,0.000886031420661158,0.164937688877264,0.00263579141157781,0.0210366567621736,0.208521513633631,0.0642474156572092,0.0052300184201269,0.00263984647528793,0.00135641881103504,0.000407533902867031,1.14138299109786,-0.942826259675091,-5.22657062491304,4.45494226378838,4.136384276559
934.436,935.79,0.51701690643361,0.00694035285838202,0.00618852391941212,0.000866393348717697,0.165605922979984,0.00258383659841901,0.020854814160161,0.206758072699301,0.0642133516636389,0.00472475900558092,0.00303288816876974,0.000886851279029803,0.000327326884993699,1.138464566907,-0.947399849187087,-5.25302726834234,4.31072295763243,4.16033566008396
933.636,936.29,0.525544728120825,0.00912548353015867,0.00616677890308676,0.000819185320199062,0.160712112980112,0.00259368528586556,0.0200917246621764,0.200705222185948,0.0643024335827431,0.00499462108462546,0.00303098568473653,0.00154801931831735,0.000365019341206347,1.18482065579631,-0.916017168408536,-5.27905959079329,4.05336441438219,4.12653489159908
932.836,936.79,0.532261518653549,0.00735227715465971,0.00643243619812832,0.000775349810484381,0.16350463274737,0.00229250684397794,0.0180975160423875,0.193921309089783,0.063843154860966,0.00551001504256038,0.00416831154355247,0.0014371708633604,0.000403801149220651,1.1802936201918,-0.940411954613458,-5.35128230788009,4.2821248627721,4.26719541426065
932.036,937.29,0.52597579309836,0.0081326674641293,0.00606079664823794,0.000806735454874218,0.164517186367985,0.00209485128612016,0.0174760428597865,0.198793162463458,0.0661583547918514,0.00485855520574173,0.00353415442150295,0.00123005990645739,0.000361640031495339,1.1622401498039,-0.910963857855311,-5.317774518647,4.16936621983802,4.36353247544024
931.236,937.79,0.520658805607619,0.00745955532724952,0.00560518382633783,0.00105505435245901,0.166467206408708,0.00222524580109402,0.0191703265133055,0.201949359605257,0.0653956564530468,0.00495753766034778,0.00344857744796412,0.00118126232326732,0.00042622867334388,1.14029661203743,-0.934342490348821,-5.0612060469959,4.24559913872103,4.31493094959698
930.465,938.29,0.512707181132433,0.00710135640745551,0.0055251885810619,0.000687019946156559,0.166617926597456,0.00239113045422877,0.0210019524698313,0.205528629056536,0.0687923070968408,0.00489085091559654,0.00297816158193062,0.00139876830978041,0.000379527450693686,1.12400155862156,-0.884611403335191,-5.49109528004426,4.27941907608692,4.24393707905132
929.715,938.79,0.517071761782273,0.00749444129572307,0.00588459693944282,0.00064742555696037,0.164443911583904,0.00252648559096656,0.0208560404586476,0.203152112307625,0.0689377425120984,0.00439137637877665,0.00305946723634303,0.00115860836203514,0.000376029995204255,1.14561212004851,-0.86936573418645,-5.53732101101191,4.23402008392032,4.17574030647486
928.965,939.29,0.508872859324418,0.00675883785896903,0.00569267318714313,0.000728007392075058,0.167678625659891,0.00260187257285997,0.0219856078538644,0.208745350337403,0.0673676071172415,0.00477620234297764,0.00288833702003743,0.00138816794139756,0.000515851391721824,1.11014899524037,-0.911884909070589,-5.43949328177913,4.32134723920953,4.16581779876738
928.215,939.79,0.49818056395703,0.0076299945380226,0.00562447385222468,0.000727564744351152,0.171968419077293,0.00281800292912953,0.0238303662879626,0.211667874032753,0.0684015696108577,0.00458449658076021,0.00289872697137022,0.00126432720704249,0.000403620211203449,1.06365173959669,-0.921915078046957,-5.46536313816401,4.1788754600954,4.11128239702778
927.436,940.29,0.497261555252273,0.00690031516466804,0.00582043888434431,0.000735279484759709,0.171319072542339,0.00295892385248743,0.0238557343944261,0.212544999209208,0.0694336357894671,0.00461696861655384,0.00273792104439014,0.00140247753574537,0.00041267822933807,1.06558841664514,-0.903156323479589,-5.45103233980699,4.27754906918041,4.05870210025226
926.636,940.79,0.497740015235378,0.00585464773990973,0.00575547007050055,0.000656260748643693,0.170425218982184,0.0028497753731296,0.0234776755286486,0.214080274827652,0.0701407689856657,0.00453896099785396,0.00296055894002283,0.00103820028402796,0.000482172286382906,1.07178128077855,-0.887792393931944,-5.55949368849103,4.44284205168286,4.09105642743759
925.749,941.29,0.49840274172212,0.00727728001878008,0.0059078993700849,0.00056149893780474,0.170436605078023,0.00269540638882162,0.0236432292850776,0.212473947400979,0.0696438447132919,0.00433654829366712,0.00297139739214938,0.00126998159002541,0.000379619809174956,1.07304505864769,-0.89496908807742,-5.71550880637361,4.22665129990582,4.14681442323944
924.799,941.79,0.499522067793495,0.00798067569580064,0.00577743462890809,0.000644284300481523,0.170307577100235,0.00273134295253315,0.0232259209304733,0.210861577102347,0.0697833831685479,0.00467264548414797,0.00312319455167847,0.00099811256386072,0.000371783727490977,1.0760456975392,-0.892210161401399,-5.57722126925797,4.13662869534314,4.13281266709353
923.936,942.29,0.500802053943887,0.00686862495700412,0.00569313641132027,0.000661145335174968,0.170181166680418,0.00279888430385254,0.0236072818140028,0.209273393775804,0.0706161081578048,0.00478553495444312,0.0028213868193123,0.00151195472922509,0.000379328117750306,1.07934736513807,-0.879605276615182,-5.55064514759209,4.28924698672083,4.10764268110116
923.136,942.79,0.499250851401554,0.00626656974711202,0.00597411569736516,0.000735373588856229,0.170314218564898,0.00266917301200121,0.023417516302194,0.211073412324183,0.071221038042338,0.00456058779025535,0.0029679847584817,0.00115498157327563,0.000394177197484895,1.07546360219268,-0.871856822567345,-5.44502170020674,4.37787956249381,4.15587638436093
922.307,943.29,0.496633638608446,0.00800279227747737,0.00598151679013117,0.000714739682638911,0.171845924629346,0.00265995686556434,0.023331145354713,0.212232884276769,0.069277654486919,0.00466872961793726,0.00315173110784651,0.00110649204513487,0.000392794257077069,1.06125432029633,-0.908475880195054,-5.48243517112452,4.12806209314806,4.16828838160892
921.457,943.79,0.501648278458894,0.00752764524306732,0.00574039325836804,0.000598897231962023,0.169393519533385,0.00282876678564199,0.0235730565470166,0.210798190512251,0.0689025496659915,0.00490235667634062,0.00272597881938581,0.00090306570353643,0.000457301564160144,1.08567470753308,-0.899531343428387,-5.6448897876677,4.19931695742672,4.09238367418398
920.665,944.29,0.499751902433256,0.00740492056654927,0.00586038124678001,0.000655611016798845,0.168748574758659,0.00288004324287802,0.0230445688803304,0.213827374768794,0.0688813861369414,0.00463256222498121,0.00287476457124518,0.00100928201619919,0.000428628136586684,1.0857018963008,-0.896023899986033,-5.5505975119489,4.21196705948306,4.07060457491903
919.915,944.79,0.499238188703718,0.0070705107625307,0.0057573392116461,0.000681818425847683,0.169460332662968,0.00272297878417279,0.0228070947770561,0.214306805406874,0.0683858512476204,0.00496492661593651,0.00296456799018181,0.00116499683786573,0.000474588573582167,1.08046444009135,-0.90745292371855,-5.51561076819127,4.25715059299793,4.13089245152684
919.194,945.29,0.498523878313254,0.00691494309901082,0.00588203216138218,0.000707854079410107,0.16845216264391,0.00285494016922203,0.022915439238426,0.216016321275934,0.0681111737225747,0.00490044599084067,0.00297897502301595,0.0013568985298662,0.000384935753153533,1.08499968032045,-0.905510530407412,-5.47216911732031,4.27796675213117,4.07760092186302
918.494,945.79,0.493997878837124,0.00649178477039267,0.00584816579282739,0.000713112720990104,0.171195164090765,0.00284175953881814,0.023052678395785,0.218455186157702,0.0674859088071025,0.00495116193539006,0.00317105296920037,0.00140163534815296,0.000394510635750148,1.05972700715142,-0.930885398503186,-5.48091999328341,4.33199372727499,4.09838079992584
917.765,946.29,0.489158754361912,0.00728551354168001,0.00585788176603496,0.000786959325841737,0.172592886827347,0.00303144847498601,0.0235842206646763,0.221434551038103,0.0667025443238557,0.00500258404554754,0.0029268053081848,0.0011927185440505,0.000443131777780625,1.04175152192643,-0.950692467928564,-5.39051428034696,4.2067991576473,4.04189501606333
917.015,946.79,0.492127470764662,0.00761441352270352,0.00588439829174328,0.000757281636240299,0.172221842988852,0.00306752392370014,0.0234426663139796,0.217884859060288,0.0677692402865298,0.00492339722941581,0.00260142240956351,0.00129164515702395,0.000413838415297516,1.0499543392807,-0.932675021662926,-5.42680348272024,4.16869480253384,4.02791273391467
916.294,947.29,0.498885315342751,0.00774177939960888,0.00602810427209129,0.000826596237979073,0.168433573601551,0.00288831188675101,0.0229027640571763,0.21421469643545,0.0686732758995733,0.00488636158651301,0.00293712244765863,0.0011194596034248,0.000462639229472241,1.08583479024709,-0.897181323662958,-5.31698037823092,4.16574468259459,4.06586924089026
915.594,947.79,0.502483708466285,0.00700644861034519,0.0060841560119558,0.000885103380712397,0.169693337711036,0.00289650878249939,0.0218534468560767,0.211338886214807,0.0678915732420391,0.00501098144470548,0.00301870192629522,0.00134943732713655,0.000487710026106831,1.08557030619158,-0.916080990809686,-5.25604373868565,4.27273226341239,4.07048676859601
914.807,948.29,0.508494274482994,0.00841095539224064,0.00616347632883268,0.000921850965646898,0.166167108186635,0.00273137070586225,0.02133716458725,0.209043325927192,0.0673528029396684,0.00481648436164758,0.00296423688258417,0.00117180823790805,0.000425141001538199,1.11845999798343,-0.903049438315454,-5.19436566877783,4.101918886341,4.10819038457007
913.957,948.79,0.505356931551344,0.00739624575120258,0.005809087188417,0.000975961387102763,0.16528812573075,0.00284103553954163,0.0227315411396493,0.211498106157242,0.0687026878562829,0.00471370894638509,0.00290400079032246,0.00131792783530896,0.000464640126451593,1.11757480717744,-0.877901844578473,-5.1320224233334,4.2242924342088,4.06352155527488
913.107,949.29,0.503553561194935,0.00816146355387097,0.00606384461688583,0.00119373989082646,0.166590329268643,0.00295392540176705,0.0228647102165991,0.20948088356666,0.069275635536497,0.00480040536264689,0.00341084345080442,0.00129109773178357,0.000359560208080258,1.10615240380582,-0.877444415623386,-4.93844653608141,4.12226657426107,4.03240274994525
912.257,949.79,0.518766660762895,0.00875412746957207,0.00581878730516144,0.00158724965846494,0.160802943011307,0.00276725189212117,0.0221278621540794,0.201458870830367,0.0683950051836618,0.00461171045046529,0.00286652550260086,0.00157371234794498,0.000469293431358503,1.17127452927595,-0.85487986055503,-4.61817691499219,4.08192888820526,4.06232492784809
911.436,950.29,0.529091260921317,0.0094289526561048,0.00597620767321664,0.0013804229696982,0.155484903100383,0.0028148478159616,0.0215534989840897,0.197076473407451,0.0679332356799399,0.00503342491151568,0.00269896878916542,0.00112503909510855,0.000402763996048863,1.2246122921635,-0.828023246104086,-4.724158688746,4.02737590752151,4.01164044243005
910.636,950.79,0.53115240983765,0.00989925379006747,0.00590627747138479,0.00173006490834815,0.156148756354251,0.00276315759890823,0.0212632733862283,0.195551293782783,0.0663967210829599,0.00478212873301692,0.00287220002652991,0.00107018959892621,0.000464273428945931,1.22423988496741,-0.855161445284972,-4.50265019218509,3.98258962467568,4.03443503589799
909.807,951.29,0.538586992367145,0.0080309871146847,0.00555585535349175,0.00139705838265009,0.154681344773623,0.00269218546699525,0.0205433537795526,0.19138380731387,0.0674989057375329,0.0046840429550483,0.00310230904370454,0.00143663171022731,0.000406526001475006,1.24758186865476,-0.829255774157601,-4.70699828976126,4.20564158050577,4.05101385558471
908.957,951.79,0.541655082066096,0.00947541787028703,0.00613434052599584,0.00141371396796524,0.153641255943489,0.00265424797485474,0.019562267031719,0.189997266819662,0.0665069955279515,0.00451917231759556,0.002616548935709,0.00135834350421994,0.000465347514455225,1.26000904088121,-0.837313239992766,-4.68840011675792,4.04592856651115,4.05845901210177
908.194,952.29,0.524388898152962,0.00986174188548952,0.00635133942146409,0.0016589502388496,0.160907138022698,0.00237991309209687,0.0202249698372684,0.197198053890747,0.0668079982736128,0.00514728241144909,0.00309106692693262,0.00146522212522193,0.000517425721208079,1.18140616498144,-0.879004608103851,-4.574642400021,3.97357076626916,4.21376344502278
907.494,952.79,0.522491706683369,0.00929547405293804,0.00682487763008328,0.00179785185700698,0.161571206532582,0.00265038160855545,0.0198100076553692,0.196969169740413,0.0691303036629782,0.00473009024056418,0.00293571809682882,0.00136288769805368,0.0004303245412578,1.17366315852255,-0.848952770229855,-4.49835341337,4.02908149060975,4.11024231995499
906.765,953.29,0.505953763714553,0.00896093401787074,0.00629332776100026,0.002081844382966,0.166740952090903,0.00260536211087683,0.0217398794908873,0.204777682806055,0.0713406833295727,0.00487171592660971,0.00280543258014212,0.00135603318057583,0.00047238860798748,1.11000386605505,-0.84897466462295,-4.38318719961235,4.03357082443438,4.15886975135954
906.015,953.79,0.502563889987441,0.00797231424541418,0.00611143538627521,0.00201548529054246,0.168272295535795,0.00292295782269331,0.0228817518477149,0.207247680623445,0.0706551391513899,0.0046068235212399,0.00318175554482522,0.00115506688968831,0.00041340415353539,1.09413930203046,-0.867772626592881,-4.42472346869376,4.14374795588903,4.05298741750756
905.12,954.29,0.48962840104659,0.00851926235738837,0.00615197504460811,0.00216725096331791,0.171672338173451,0.00300511750135167,0.0237311694353603,0.215033360347766,0.070922601935666,0.00507863714663579,0.00261190319155138,0.000994466423041444,0.000483516433271875,1.04805908883578,-0.883998480500314,-4.37212812209838,4.05131697886743,4.04527098018346
904.12,954.79,0.496832630457029,0.0104292443755142,0.00658732603663927,0.00221308660073439,0.171178412550031,0.00276075176486279,0.0215430702061889,0.209274190216859,0.0691946607367749,0.00514616404224104,0.00313727156520107,0.00131722914475711,0.000385962303168078,1.0655468488976,-0.905782658175114,-4.3483181678044,3.86363939056651,4.12720333962474
903.294,955.29,0.497644231790596,0.00934635693901204,0.00624821488005174,0.00213624271494024,0.171429347017876,0.00258001468224275,0.0214072764439702,0.208831298198239,0.0694987029111913,0.00551528298724628,0.00338494149527548,0.00155556237474654,0.00042252756461249,1.06571421674739,-0.902863121733226,-4.385122665749,3.97489879254585,4.19637612127239
902.594,955.79,0.493738151658768,0.0101208530805687,0.00625355450236967,0.00215047393364929,0.170478672985782,0.00282938388625592,0.0226954976303318,0.211577014218009,0.0698874407582938,0.00558530805687204,0.00304620853080569,0.00125,0.000387440758293839,1.06339511551454,-0.89172424509241,-4.3729219516694,3.88740736248148,4.09855122385586
901.807,956.29,0.492654951859047,0.0094085674219985,0.00635498169023017,0.00221972193578544,0.169214453325942,0.0027717162796051,0.0228795783232996,0.213896633774068,0.0707915129107954,0.00515116423828304,0.00295845479166324,0.00132126305701514,0.000377000392268321,1.06864216912071,-0.871427745699145,-4.3337849311835,3.95818833214278,4.11170014121753
900.957,956.79,0.481054385170083,0.00715209347982029,0.00669196209461245,0.00230891569449164,0.176408473968362,0.00280090232944463,0.022549977347378,0.220530354513535,0.0699848038660475,0.00534814248499264,0.00358548533242723,0.00110431532449881,0.000480188394306641,1.00317814980757,-0.924524049933747,-4.33602416277949,4.20857522236539,4.14286055500595
900.165,957.29,0.480096540963253,0.00881712976111676,0.00614045968243958,0.00249351119066029,0.177336058304807,0.00292590527439636,0.0231533700655778,0.219721111612158,0.0691239324908797,0.00521539137460745,0.00343596800051934,0.00114648190030824,0.000394139379276847,0.995940643749429,-0.942145550382623,-4.26435473300925,3.99729081753821,4.10444263861588
899.415,957.79,0.487009502771491,0.00921338370288556,0.00653654666317794,0.00207876894434952,0.176033385704484,0.00256831661917893,0.0227507032726141,0.212185155129941,0.0705033056525876,0.00551766049265859,0.00379580315360342,0.00134083008475445,0.000466637808273356,1.01760996721828,-0.915014071143578,-4.43889780373116,3.96762645852551,4.22742299625133
898.578,958.29,0.495304683463905,0.0102447954712645,0.00659109326345435,0.00173280305694802,0.174714216328545,0.00268874347944277,0.0211079890595066,0.206488284576507,0.0693507721602321,0.00604097660522624,0.00384437496054491,0.0014867321395673,0.000404535434856268,1.04202150586849,-0.923974308544664,-4.61341122806373,3.87840327763175,4.17407761302247
897.678,958.79,0.501006815657776,0.00900285631275304,0.00685213204692352,0.00188660023318379,0.171074393678128,0.00252427111199991,0.0207576334989768,0.20405342348767,0.0709462306356208,0.00577551218051997,0.00390777794966802,0.00171303301173088,0.000499320195049309,1.07452119245486,-0.880176237502611,-4.50732212181119,4.01907781003037,4.21614616010515
896.749,959.29,0.488827586846923,0.00855534700487452,0.0068141163805604,0.00179227269458049,0.173871332221235,0.00297436064006756,0.0226928404216075,0.213105283550301,0.071392775690982,0.00527821408436326,0.00298364101647963,0.00123545010985646,0.000476779338169956,1.03369428848886,-0.890118872250986,-4.57483107938827,4.04545337600096,4.06828645067956
895.799,959.79,0.482540030435898,0.00794225539717491,0.00640238425829164,0.00176130528651432,0.174977037504844,0.00309216970441931,0.0241995889911076,0.217377157711953,0.0714882069369896,0.00522629779051652,0.00332151221446575,0.0012506510276917,0.0004214027401346,1.01440913091552,-0.895122252904134,-4.59859957682021,4.10686659198879,4.03578173683731
894.965,960.29,0.498453599761043,0.00881506934693695,0.00615855365126852,0.00179100194975787,0.16948781812922,0.00291758098315776,0.0232889051956696,0.211549904628852,0.0671372897660055,0.00536712600045628,0.00342795186050176,0.00106425263593622,0.000540946091194103,1.078729450559,-0.926041430961413,-4.55000584307364,4.03504782260954,4.062026212277
894.215,960.79,0.525151086223421,0.00811339675552874,0.00571176919527173,0.00194570657768627,0.15890454722942,0.00299066415817685,0.0221814987043413,0.200385591565795,0.0656359820382663,0.00486204785062653,0.00268227964928473,0.0010482854708743,0.000387144581307018,1.19538231441421,-0.884179637802324,-4.40267849994181,4.17016938857882,3.97280820084174
893.465,961.29,0.536236218001704,0.00828788911012858,0.00574076628489658,0.00198589237221478,0.152380912267992,0.00284827087319245,0.02219229461124,0.196100027482392,0.065792424757739,0.00416763627212412,0.00260924777218887,0.00125197562596149,0.000406444568226354,1.25819138139277,-0.839878681381535,-4.34031501691392,4.16977946335764,3.97967128882674
892.715,961.79,0.532503114645461,0.00855772034459907,0.00579350563286945,0.00235599734923791,0.151351093439364,0.00299536116633532,0.0230308813783963,0.198858051689861,0.0666581842279655,0.00413200795228628,0.00273134526176276,0.000677534791252485,0.000355202120609675,1.25798648664971,-0.820024426812068,-4.16263811933876,4.13075490686367,3.92253744595779
891.907,962.29,0.527040543243784,0.00856928142385234,0.00582170488151684,0.00230208203802923,0.15820028870639,0.00290652725139623,0.0226423663111001,0.198619183296119,0.065253050610122,0.00440196147337576,0.00277244638116813,0.00102615117618118,0.000444413206965717,1.20341559745617,-0.885589082521983,-4.23004793289374,4.11909359649791,3.99690289614418
891.057,962.79,0.518628025053605,0.00802220611738712,0.00601076692675856,0.00204141273897214,0.163543173149695,0.00269333741544516,0.0215295715816506,0.204022450187709,0.0645598116804777,0.00476365321889147,0.0028753196732455,0.000912052256740569,0.000398219999421939,1.15410990002805,-0.929484904453726,-4.3834349241627,4.16897345043753,4.10629591194278
890.236,963.29,0.514380363766282,0.00834208025605493,0.00572910225390493,0.00204429589650408,0.16591987501678,0.0026341186008729,0.0209196794662422,0.207931529828856,0.0632463291992893,0.00490250484383968,0.0025611835352789,0.00103800339729421,0.000350933938800081,1.1314580079052,-0.964467901658367,-4.3964515658867,4.12165038266263,4.14295636199259
889.436,963.79,0.512480258598779,0.00899360671870214,0.00594468714631121,0.00197685558309636,0.163823760066214,0.00271220241263276,0.0217758245768769,0.208263908047975,0.0653524559715159,0.00474228103065864,0.00247432803202941,0.00106880543613562,0.000391026379074006,1.14047097421465,-0.918996195071141,-4.41728372323812,4.0427482301443,4.10103021302919
888.665,964.29,0.514579741608667,0.00975411910218117,0.00593713565426738,0.00187538282168255,0.162989213592623,0.0029644292143494,0.0220611710618734,0.204380071278737,0.065670325200368,0.00514133953888759,0.00332271483538963,0.0008442770079958,0.000480079082978004,1.14966650747526,-0.909036872109648,-4.46487121419254,3.96566086400186,4.00699951822904
887.915,964.79,0.505504948479612,0.00755713486017475,0.00620855523866209,0.00189509178970566,0.169752874720383,0.00285093493407559,0.0213582265569512,0.209730129193706,0.0662065196467806,0.00438869184457813,0.00293612002911781,0.00120918582962538,0.000401586876627644,1.09121412637003,-0.941564759135692,-4.49507642611904,4.20306569608134,4.0866967137908
887.165,965.29,0.495511266152161,0.00790646044237348,0.00605145477605924,0.00157221754425951,0.174897067233931,0.0028278812205473,0.0226642017672147,0.211647916125887,0.0671896136565559,0.00473564586485682,0.00333647776842185,0.00121873239169109,0.000441065056040586,1.04139247680945,-0.956678936737387,-4.71171054227291,4.13790988765756,4.12466986770751
886.415,965.79,0.498109729259648,0.00774500694233292,0.00617261637710157,0.00161279005237049,0.172224076818562,0.00281945894455277,0.0235433327025343,0.208746276336745,0.069242594667693,0.00475012917204441,0.00324684299270896,0.00140335060588599,0.000383795127821851,1.0620239914892,-0.911180198000234,-4.67083077019215,4.16377202240058,4.11225139823493
885.665,966.29,0.51545836452206,0.0080175106630643,0.00606319558892348,0.00176905671368802,0.166344873965418,0.00258397932816537,0.0214749778064768,0.201494703003006,0.0679630468468063,0.0045532864083544,0.00281528456433766,0.0011383216020886,0.000323398987611249,1.1309933457875,-0.895099058492407,-4.54361671282593,4.16342855046366,4.16473260128182
884.915,966.79,0.53452835667035,0.00967730318465316,0.00613567356235947,0.00160819470297353,0.159499377654534,0.00235208322548263,0.0197518721006917,0.190043823024306,0.0664232804470984,0.00485271907573258,0.0031916306351525,0.00155530096536698,0.000380384751298147,1.20934476139714,-0.875992416188423,-4.59692777299937,4.01160151591548,4.21673860597038
884.078,967.29,0.544290946504868,0.00897997090899158,0.0057920243290061,0.00174477761767859,0.158244387233645,0.00209305025369271,0.0190992258331797,0.183360990277958,0.0666304736280221,0.00483825809050991,0.00321981466432664,0.00126106562321453,0.000445015034906934,1.23534333934289,-0.864978557798317,-4.50751348486989,4.10448728924467,4.32551813913738
883.178,967.79,0.536166601963285,0.00823027009039987,0.00621374299816982,0.00171593366979092,0.1592590538517,0.0022805168875825,0.0192191226221507,0.189976152182353,0.068090510786978,0.00476734512783539,0.00277411125284233,0.00101935555432311,0.000287283012589429,1.21391279142513,-0.8496942847968,-4.53057479955741,4.17662610539418,4.24613002355542
882.278,968.29,0.513689927967415,0.0079484231744015,0.0063108193953835,0.0019189638913862,0.164314305623026,0.00263005761287926,0.0204095987760835,0.205157682559849,0.0685232770539838,0.00498644855396289,0.00246190098322171,0.00122435611397722,0.000424238294430169,1.13983873905629,-0.874607592834339,-4.44999569090824,4.16864626429207,4.13477533939942
881.378,968.79,0.505214400147568,0.00852044028916892,0.00646861169086845,0.00156221356097017,0.168568764154714,0.00262798024687984,0.0213631565823049,0.20751137785642,0.0688432901675053,0.00471282939420956,0.00300373132204031,0.00128210821403237,0.000321096373318941,1.09763913150754,-0.895510997801733,-4.68123999757363,4.08251487728664,4.16112817823147
880.594,969.29,0.510327680810507,0.00951662514905162,0.00640131201233712,0.00154333328956776,0.170707223826297,0.00228575657348976,0.0188756942314188,0.199763188457347,0.0697125914750232,0.00548462216980963,0.00352830100847819,0.00148842738754137,0.000365243609132045,1.09510308304266,-0.895568993856639,-4.70600539667458,3.9820127459866,4.31325287383169
879.894,969.79,0.507207964395163,0.00822784343505091,0.00578259127917407,0.00155808026816675,0.170361577838889,0.00232729024282951,0.0196861230096999,0.202735979120741,0.0713853889425452,0.00493474002914642,0.00378584014686258,0.0015814268967907,0.0004251543949414,1.09099799886744,-0.869829895058574,-4.69446864067837,4.12139716237366,4.29321850192951
879.223,970.29,0.504482397146513,0.0072460315299371,0.00633843403127581,0.00156106769769743,0.175337626269502,0.00237223296212596,0.0181916573637923,0.207559606465725,0.066489458255053,0.00495775133643732,0.0035974895853187,0.0014748459353246,0.000391401421297683,1.05681953930642,-0.969669995581292,-4.72134339944397,4.24307900368209,4.30288171850863
878.573,970.79,0.487330104240543,0.00811407623669695,0.00606488504705295,0.00152125678072382,0.176424442303024,0.00244461194170671,0.0217820648596044,0.216075708762545,0.0709541725370217,0.00466978126765744,0.00324181410136129,0.00104632783454663,0.000330754087516259,1.01604902979185,-0.91085848436334,-4.75335587313581,4.09534136513573,4.27900630050052
877.836,971.29,0.483769510645191,0.0059310700015783,0.00575766511882907,0.0017786979889187,0.17838378342457,0.00264572240266483,0.0225696319247734,0.21981612852313,0.0694865554106477,0.00476396168894279,0.00344006213501906,0.00128548050804516,0.000371730227689956,0.997671259686002,-0.942804029399166,-4.60805568617581,4.40140394016651,4.21099316780787
877.036,971.79,0.490715552063344,0.00737642736321679,0.00587588944437314,0.00199932590577498,0.175062061538751,0.00267342013079098,0.0224391984748357,0.214270136477993,0.0697593608835434,0.00502648898127249,0.00321707816675589,0.00126888324708893,0.000316177322259823,1.03072408780296,-0.920088930506533,-4.47233047178454,4.19757521194736,4.18178194785867
876.323,972.29,0.493087557603687,0.0063249695984112,0.00576987719094459,0.00176396031706056,0.173906339463678,0.00276929434391675,0.0225891771371829,0.212691879512053,0.0718680195844825,0.00446849388010621,0.00304684054765006,0.00131166279986554,0.000401928020961934,1.04216988455755,-0.883685499769445,-4.59095541401188,4.35618153187686,4.13992433708948
875.673,972.79,0.511299997786484,0.00639811450622261,0.00551797849095146,0.00198900198900199,0.165038678552192,0.00258981340062421,0.0224176440392657,0.203335662795122,0.0723081804162885,0.00452611263422074,0.00314424638748963,0.0010466767223524,0.000387892279784172,1.13077663585936,-0.825242593679637,-4.41854686202506,4.38095315919943,4.15459403487243
874.994,973.29,0.518235776010148,0.00627044739832457,0.00572289315821463,0.00196506434819376,0.161486218651727,0.00267329087497688,0.0224645226077535,0.200690256599984,0.0714737982611453,0.00446394122776882,0.00298300784862979,0.001212441531672,0.000358341481461906,1.16601049914983,-0.815088880943985,-4.40889481363832,4.41458259725178,4.1011095546898
874.294,973.79,0.513284482945116,0.006779510857416,0.00576273875343946,0.00183472250980974,0.16423187348759,0.00280513722302747,0.0230509550137578,0.202829037033374,0.0708845711271748,0.00399806741188748,0.00292669660323945,0.0011867492034255,0.000425457830741955,1.13955094712673,-0.840226496701363,-4.49438604273123,4.3269252846915,4.06982683334713
873.507,974.29,0.501920736654227,0.00616177186435178,0.00580480285575207,0.00172501216939802,0.167685177673211,0.00275231218562388,0.0226938990751257,0.212386418951809,0.0702356806749959,0.00438503975336687,0.00280606036021418,0.00101715885120883,0.000425928930715561,1.09635393315872,-0.870231825326126,-4.57685417377323,4.40007783561215,4.10964692577428
872.657,974.79,0.490776596529264,0.00587683202686552,0.0057505463120025,0.00165787886472173,0.173447872792905,0.0026206811548374,0.0231577692487212,0.21800854499661,0.0697066837472306,0.00479279545048135,0.00282880001293166,0.00102847086184444,0.000346528001584128,1.04011191812002,-0.911580903003965,-4.65033811628719,4.42497118158654,4.1924428425009
871.894,975.29,0.489790757175737,0.00711582644236211,0.00576771486930354,0.00169176785151601,0.172748974894736,0.00273599345727394,0.0225497664259033,0.220241864676927,0.0684987523339564,0.00451240068894416,0.00282267234056439,0.00124001790683754,0.000283490935938187,1.04213874514005,-0.925023997591544,-4.626065480416,4.23165689399977,4.14534492018082
871.194,975.79,0.485658474170968,0.00628671043451076,0.00584157862373526,0.001696676832235,0.173257723036917,0.0026759668159411,0.0220599043898278,0.225785347088941,0.0669705985263031,0.00494199828986569,0.0031562950954756,0.00134367695438745,0.000325049740891878,1.030725434338,-0.950526519377959,-4.62610868111965,4.34706769830391,4.17046947292095
870.465,976.29,0.481300943593789,0.00623979603247378,0.00594396992536236,0.00158892166809327,0.174727504508553,0.00291658110413282,0.0238236591757939,0.226560101495803,0.0679657939627076,0.00459394562899137,0.00287693430627253,0.00109587815624091,0.000365970441787318,1.01326509355505,-0.944223094608856,-4.70017205327743,4.34554524207428,4.09281556771754
869.715,976.79,0.486095887256482,0.00576920124656504,0.00607111970811137,0.00136528551763664,0.171934887957547,0.00289432342119672,0.0238740744152249,0.220563205862335,0.0726098548232754,0.00476007716831187,0.00295675401833003,0.000809550857908984,0.000295777747074205,1.03929005656549,-0.862015192769631,-4.83575226956217,4.43387226452166,4.08436446902128
868.936,977.29,0.492493890017228,0.00595228922742491,0.00574168872835309,0.00148858596661006,0.168680726561449,0.00257035340818383,0.0239930471015721,0.21705103826046,0.0726695000138688,0.004679440357425,0.00293505183340576,0.00133962463799829,0.000404763886020955,1.07147431827364,-0.842085971827762,-4.73018108254624,4.41570616481127,4.18396433384006
868.136,977.79,0.492907276213045,0.00696415788304411,0.00584203467371002,0.00189249010556803,0.169558885241046,0.00266491405626455,0.0238638888203204,0.213649790591856,0.0727888721581793,0.00490298931154501,0.00331494326643792,0.00130931516542832,0.000340442513555989,1.06712080360847,-0.845637183491997,-4.4953067939588,4.25954438268466,4.15302846399972
867.278,978.29,0.492053611194548,0.00721203144582431,0.00588210923177313,0.002213429728526,0.171942162884398,0.00276031362963116,0.0238453810061421,0.211764218463546,0.0729333899551514,0.0048100924938113,0.00306172123421753,0.00110205392192404,0.0004194848105068,1.05142951843394,-0.857611599734845,-4.35261493204785,4.22283701085839,4.13181385076705
866.378,978.79,0.489941399847438,0.00835554297500622,0.0057705175982575,0.00232277642548435,0.171843828668181,0.00295030070172408,0.0252466649114025,0.209498407253889,0.074667063508995,0.00462994279434583,0.00309183188177151,0.00138721369855316,0.000294509734951645,1.04769970030788,-0.833547013471581,-4.30382288621289,4.07136064383729,4.06467899355224
865.449,979.29,0.482311623936898,0.00640792274704594,0.00574563703863676,0.00232828391900369,0.17536893633213,0.00292783759602629,0.0266158640051831,0.215133845473524,0.0743621386480733,0.00455475683624883,0.00276020938100968,0.00114665926223018,0.000336284823990374,1.01169846545108,-0.857945039212202,-4.32176048161663,4.32105527384656,4.09262783366166
864.499,979.79,0.486821540826733,0.00645983885111235,0.00584937999634541,0.00240814789029299,0.176657400894863,0.00291039831929856,0.0263181266467332,0.208330823782579,0.0753467518586839,0.00420583692581904,0.0031247735024107,0.00122704271476565,0.000339937790363529,1.01368534124617,-0.85211145197744,-4.2953543269424,4.32229323814875,4.1059223174374
863.636,980.29,0.491104410566932,0.00708870496672124,0.00580835712346461,0.00250310574336276,0.175133073904351,0.00279928259385104,0.0263741371792446,0.205238216686275,0.0753348443837465,0.00423800278077154,0.00303169915013698,0.000983142600926375,0.000363022320216538,1.03111064674092,-0.843603338665196,-4.24801384905314,4.23815408645588,4.1361829393892
862.836,980.79,0.493022261798753,0.00652334308612136,0.00538252130772166,0.00280982063350719,0.175045414069457,0.0028820760717466,0.0262592545477675,0.203925200356189,0.0756870627146673,0.00417453250222618,0.0030174278081669,0.000938303014883603,0.000332782088792774,1.03550887957639,-0.838438205439178,-4.13192479940898,4.32516734100081,4.10653455652552
862.123,981.29,0.493554014251007,0.00581948385215575,0.00579705416667091,0.00303208566508605,0.172547492310186,0.00281186693487133,0.0264466382489348,0.205048106577709,0.0762364619006304,0.00432485117393915,0.00294950364125553,0.00101749209608469,0.00041494918146941,1.05095978793534,-0.816832665438983,-4.0414217952813,4.44042073164002,4.11682386394815
861.473,981.79,0.500002551173999,0.00703919929873329,0.00528603252644802,0.00240626731609352,0.170903146209823,0.00268077363841292,0.0260219747923599,0.200480437087539,0.0766148166063059,0.00426250151794853,0.00301854907591375,0.000999039738106682,0.000284711018316409,1.07351620115135,-0.802306513283358,-4.26302028427915,4.26311877303103,4.15499157569093
860.736,982.29,0.512412863861701,0.00683462565145545,0.00562755815431549,0.00205313334180755,0.164736748442863,0.00256260327952205,0.0255782382102453,0.195204271005466,0.0761520274564637,0.00392627431041058,0.00310156349307233,0.00143282064319308,0.000377272149485191,1.13478193901407,-0.771617032312792,-4.38498165014646,4.3171289755034,4.16332508795383
859.936,982.79,0.522508506559335,0.00613977857852633,0.00550843629866806,0.00182677734394604,0.165913539230545,0.00258960744361581,0.0241596322355941,0.190705517469813,0.0726033584598862,0.00400586174708167,0.00279737827339429,0.000852161519236367,0.000389444840357727,1.14717445954344,-0.826455624120492,-4.50891340445153,4.44385258482324,4.1599605066067
859.194,983.29,0.53463309338271,0.00611230481320488,0.00536472824849247,0.00146544810036339,0.161231966571941,0.00258433752834355,0.0224748249878704,0.186520847979563,0.071684176131019,0.003841850425277,0.00271206915330765,0.000978285623756102,0.000396067054152268,1.1987365906526,-0.810574086483101,-4.7006830479537,4.47127678297057,4.13337491439512
858.494,983.79,0.539382617601377,0.00604708802819972,0.0056091319652697,0.0013128992594473,0.159827801877204,0.00235449830292026,0.022138097623507,0.185081976267045,0.0701485465575394,0.00396485887059658,0.00254247059541677,0.0012625149336235,0.000327498117854752,1.21632818734718,-0.823481910137977,-4.80185913050703,4.49084834623397,4.21776932748624
857.794,984.29,0.532047004318445,0.00602319534252249,0.00495796611209548,0.00109878730699312,0.164851654125534,0.00238549984275644,0.0227188178352548,0.188738293025289,0.0690673155839872,0.00400587553980563,0.00270957498216628,0.00100194828604521,0.000394067699104862,1.17168583582813,-0.869964386398436,-5.01083888011932,4.48111393312355,4.23563732353494
857.094,984.79,0.523435250291574,0.00615411878123408,0.00492618428263104,0.0010574682976205,0.167232158593278,0.00254928832768804,0.0233712050804706,0.192990853573386,0.0702985277306133,0.00396791383078003,0.00279680139917117,0.000953455022444716,0.000266774789108269,1.14103031825324,-0.866632162308798,-5.06350536536111,4.44329175831224,4.18356878520349
856.365,985.29,0.514212176563095,0.00591148402473212,0.00535960225441261,0.00102464420719498,0.169920001562851,0.00263145042343495,0.0238530138605351,0.198981216484171,0.0701915469294861,0.00382410111646171,0.0028004336911611,0.000930873145335378,0.000359455737128457,1.10730822789749,-0.884099857579623,-5.11098230985084,4.46573907123638,4.16779256127682
855.615,985.79,0.505520020237063,0.00566155921750024,0.00549191320548649,0.00124975908258649,0.172920481192381,0.0025497092929877,0.0241007757540715,0.201299548681379,0.0724288089043076,0.00427126497703254,0.00339793935305644,0.000801050399922906,0.000307169702226077,1.07275579995614,-0.870227709253032,-4.92988104373339,4.49188830809624,4.21685249261962
854.894,986.29,0.510046849009863,0.00822019543311172,0.00550692052963289,0.00212422872083382,0.172044214070981,0.0026044183550453,0.0233939844040104,0.195708813819695,0.0714841623895538,0.00420674605395012,0.00308969474385647,0.00115774534689123,0.000412027122575526,1.0867510799713,-0.878275582208885,-4.3943427207412,4.12790859819989,4.19054213227012
854.194,986.79,0.513300837652515,0.0076701546595225,0.00570933348898547,0.00188167601733675,0.172548305749599,0.00250098684112897,0.0224544692773355,0.194743574650203,0.071139620954075,0.00394142862937413,0.00283735374223017,0.00092896623568833,0.000343292102006231,1.0901848708611,-0.886032792263043,-4.51851435232401,4.20352532207149,4.2339918401626
853.465,987.29,0.509319947565304,0.00817393771781181,0.0055801787255811,0.000629456149886498,0.171294001982287,0.00267069252166128,0.0227843143523995,0.199850329315471,0.0709427055024459,0.00411544425616268,0.0029344646225661,0.00130387345333632,0.000400653835086485,1.08969500973547,-0.881508803503659,-5.60628047658277,4.13212563419012,4.16104357982943
852.715,987.79,0.509482437003362,0.00745842165040186,0.00589894288215239,0.000582866815966004,0.170327325189044,0.00250198681108811,0.0226150257691207,0.201071482827648,0.0710787479938117,0.00434566482471107,0.00296290631449385,0.00132075140213573,0.000353440516064492,1.09567335297445,-0.873933638962584,-5.67751859280759,4.22405156420783,4.22063688736759
851.936,988.29,0.506713052140025,0.00635228411918328,0.00583082001826189,0.000620435858851374,0.170134580306536,0.00251686244628388,0.0237308734417269,0.203914811921734,0.070749907945623,0.0046548652600616,0.00307025292073107,0.00132813713867327,0.000383116482309596,1.09135509853455,-0.877438537322992,-5.61392282250663,4.37913041922302,4.21357670793109
851.136,988.79,0.505137616820694,0.00707901307670187,0.00572815358837306,0.000531642265241738,0.176516904844524,0.00256801253869263,0.022746011887139,0.19880980046967,0.0715860024215721,0.00442822988593567,0.0033203765427972,0.00119168515741811,0.000356550501239968,1.05141425076462,-0.902517091993687,-5.80520109952446,4.26769639866443,4.2302843814586
850.336,989.29,0.510183669660034,0.00811262511774042,0.00631617335274005,0.000531922354441552,0.174468374356811,0.00243519017033384,0.0209639986750494,0.196050611387023,0.0705924622394471,0.00471285363935233,0.00374827233129807,0.00145766146217147,0.000426185253558647,1.07302730803335,-0.904820117787169,-5.79300124002981,4.14134929272783,4.27171863725497
849.536,989.79,0.512504961437196,0.00827102338802772,0.00593767685985692,0.000586278724180467,0.172306033214615,0.00236544207876462,0.0209626739445111,0.198118344853853,0.0697521902538651,0.00458645417985705,0.00312396692446526,0.00112227441909728,0.000362679721710179,1.09003823314275,-0.904323336978451,-5.68323212262807,4.12655214339837,4.28830722871864
848.765,990.29,0.511318682016472,0.00781671672497984,0.00618796949512011,0.00063181422756742,0.171946601643775,0.00231665216774721,0.0202487464255401,0.200476665206192,0.0700520056133043,0.00457298036401813,0.00301090699736903,0.00108583148657315,0.000334427631342219,1.08980906663383,-0.897946069511753,-5.60634384482034,4.18072842943427,4.30706086069008
848.015,990.79,0.531514490010562,0.00896362129417387,0.00610855009397345,0.000600370596408592,0.164682537492813,0.00203949423191742,0.0185441675210544,0.188464497018564,0.0690713127699047,0.0051042536918929,0.00359560184393234,0.000836545794260501,0.000474557640543556,1.17171085448427,-0.868880116121479,-5.61422775916956,4.08255615226353,4.39131775382388
847.12,991.29,0.52688993639112,0.00919989613942938,0.0066205394572942,0.000452960197838373,0.167555238839278,0.00207149221789216,0.018485580195116,0.188708251310553,0.0704238723750327,0.00457649937260437,0.00340292067820495,0.00123877751075494,0.000374035314881687,1.1456785963632,-0.866780779093263,-5.91326410186416,4.04779948257777,4.39304385523523
846.12,991.79,0.518158510291966,0.00835429340704791,0.00628628429158813,0.000558420388600346,0.171781465309002,0.00229508462617694,0.0200892314073236,0.192957415231901,0.0693588244903255,0.00495395348891095,0.00347332847515319,0.00132306241448464,0.000410126177519756,1.10405808142358,-0.906929734070087,-5.72886633411484,4.12750561267227,4.31545340146689
845.323,992.29,0.506595145482952,0.00772263975082655,0.00575718060732131,0.000621374618739901,0.174325647070352,0.00247102200534739,0.0222737188602787,0.198856581615552,0.0710616486026309,0.00497656482284699,0.00361132238095609,0.00138083248608867,0.000346321696107723,1.06678707001491,-0.897377294488871,-5.63674621310462,4.18355591275191,4.25629325255334
844.673,992.79,0.497780995856783,0.00935693528899772,0.00623472921694168,0.000827352332670949,0.173384645674798,0.0024390217661444,0.0231744723611603,0.203095093875979,0.0738387749590896,0.00466394325374326,0.00355363427153725,0.00126415993613572,0.000386241206019338,1.05464770110524,-0.853628512258764,-5.34503714943701,3.97404240245813,4.26391546843513
843.994,993.29,0.488688265904223,0.00680198753413806,0.00583469814378661,0.00141570169051437,0.174618155573445,0.00288585344604853,0.0249616180424027,0.209527053141128,0.0761500174026678,0.00443180823327689,0.00332999515287656,0.00103455123537589,0.000320294500116374,1.02912317134058,-0.829896313938245,-4.81497631927414,4.27450993924403,4.1027809437435
843.294,993.79,0.485030065162939,0.00847817756770274,0.0056935347631383,0.001404328673468,0.173418407459961,0.00298615613837806,0.0244238337024264,0.213083122684032,0.076082246675291,0.00465777710954703,0.00321794867779062,0.0011234629387744,0.00040093844655146,1.02850366427543,-0.823892266533983,-4.81614783864876,4.04671536180441,4.0617202268708
842.594,994.29,0.491692277334139,0.00859426824865019,0.00594083515966782,0.00159751786449018,0.171259792931456,0.00282766959719878,0.0236216422735555,0.210112435028676,0.0750277099025115,0.004606771292541,0.00303444424851584,0.00123644943782486,0.000448186680773526,1.05467140773383,-0.825324149840928,-4.67473057052205,4.04675756989633,4.10372875197338
841.894,994.79,0.498345854114216,0.00678662102577237,0.00633283349398333,0.00160366600812567,0.169496550895938,0.00269509409980563,0.0230592081141887,0.209231122385541,0.0742266748426356,0.00420949042954656,0.00268340402287429,0.0009692136510342,0.00036026691633837,1.07846174423691,-0.825708993121071,-4.66054031451487,4.29634114424491,4.14139945772561
841.194,995.29,0.510433567815238,0.00841106743135472,0.00615179437179001,0.00108453697250967,0.170039290304776,0.00229470842599324,0.0203441955259092,0.200287133847969,0.071401189554513,0.00479773385462695,0.00304958911081928,0.00131218235683844,0.000393010427661921,1.09923096774493,-0.867715000152031,-5.05487638732619,4.10571210753918,4.30542374184235
840.494,995.79,0.508164610314967,0.00761233300125169,0.0058620073057961,0.00096048228472169,0.172104120366822,0.00253301657853731,0.022517178838736,0.198538840779626,0.072530717551792,0.00468490561217973,0.00291312233376759,0.0012046900145605,0.000373975017242701,1.08270578651086,-0.864089482133609,-5.18841938538473,4.20103573578604,4.21868872861359
839.823,996.29,0.512628538371631,0.00744666616818899,0.00595221697946141,0.000760506400846887,0.166476130134156,0.00280098541165729,0.0238305123432255,0.199942347121488,0.0715151491300909,0.0041163761722424,0.00271735922268965,0.00115600908278796,0.000657203461533921,1.12469954955916,-0.844942633382733,-5.38862268727399,4.23178504811141,4.08488064858338
839.173,996.79,0.507360264622301,0.00653839632631471,0.00590181643553842,0.00108431790007828,0.17136893104327,0.00277272676508781,0.0236407699469314,0.20205370622498,0.0703334480598527,0.00429259932727618,0.00322858700585105,0.000939133012708246,0.000485303329810315,1.08540260841587,-0.890571247951794,-5.06286759816283,4.35152940700045,4.12398749620927
838.494,997.29,0.520411514103522,0.00795972136611336,0.0063472668459495,0.00151426716778582,0.167927646831003,0.00247759419167262,0.0211451918199026,0.194503690207994,0.0681496593444358,0.00464098885573551,0.00295434833599712,0.00151644910894978,0.000451661820938998,1.131086658869,-0.901827053496004,-4.70860160871266,4.18022587689424,4.21624520767385
837.794,997.79,0.518871785414191,0.00771158685870172,0.00587149841841498,0.000884817301804551,0.165228752210748,0.0023861056745385,0.0214086415775028,0.198897397455995,0.0692747709991287,0.00465616973572559,0.00323051562883676,0.00121947302602337,0.000358485698389197,1.14432592025286,-0.869250105736903,-5.2297049847266,4.20893282640812,4.23766827869449
837.036,998.29,0.511668153581813,0.0073282199973566,0.0058867383690193,0.000558625759978853,0.169243986254296,0.00256596120803595,0.0219092816547713,0.202495126222575,0.0693150277557494,0.00443596352101507,0.00293149451493524,0.00128039915411049,0.000381022006344171,1.10633489794331,-0.892679646009292,-5.71361689071272,4.24594362897753,4.18900823102847
836.236,998.79,0.514798305917142,0.00848598872203481,0.00589232668512756,0.00053576045277988,0.165681843431276,0.00264972999126794,0.0223119309491993,0.203736410010414,0.0667395550073356,0.00435564941746434,0.00324882646656637,0.00120130783695024,0.000362365112442206,1.13370584147561,-0.909271537736361,-5.73413747774541,4.10535876718645,4.13561159876229
835.465,999.29,0.520899123566521,0.00818396392255145,0.00571135312471467,0.000613954718478148,0.164444360484825,0.00264367852281445,0.0212123978972313,0.199839637126524,0.06708898355336,0.00457684876458667,0.0029553786106572,0.00142731353355604,0.000403006174180528,1.15298412335626,-0.896552427890493,-5.59040638081802,4.1533797818636,4.13040095169727
834.715,999.79,0.518143641080253,0.00853644221139539,0.00627648470324971,0.000613371714892137,0.163704680554953,0.0025751036651075,0.0211433460273077,0.199815353963069,0.0698175642163172,0.00471027175539582,0.00307954902373431,0.00120136253123701,0.000382828553087851,1.15218842696134,-0.852178461790366,-5.5868482166172,4.10590818508556,4.15217428464097
833.936,1000.29,0.516867673325635,0.00806858454183802,0.00589123090751386,0.000566363662107439,0.167072036213712,0.00259478462972927,0.0217315834793817,0.198334261540446,0.0700025486364795,0.00459803387903521,0.00286747824481803,0.00107818860119712,0.00032723233810652,1.12936181674989,-0.869893423504114,-5.6869439685277,4.15980882137698,4.16492155513359
833.136,1000.79,0.514100328152317,0.00718165924544132,0.00593165658359579,0.000515333295002758,0.168062538463668,0.00260860862139826,0.0229855685382635,0.199337093988701,0.0702695278311921,0.00450916633127413,0.003054733932568,0.00105196135426183,0.000391823662316146,1.11808227447139,-0.871997917063973,-5.78727757577736,4.27088798832352,4.16551917895522
832.423,1001.29,0.517594803958721,0.00787646182725102,0.00594204686660028,0.00056952877827815,0.171575777070793,0.0024070026702858,0.021130949758088,0.194749098888703,0.0687312176679504,0.00452648694380062,0.00308008213552361,0.00143098236553833,0.000385561068466833,1.10416768658783,-0.9148215161645,-5.7079709826664,4.18531390807461,4.26664274964514
831.773,1001.79,0.514184959234367,0.00988394492387754,0.00642346508455673,0.000588894763695853,0.169669952830571,0.00239028797995212,0.0209179122350118,0.195853209013676,0.0707414173505289,0.0047019023961885,0.00318859325883255,0.00105862221764579,0.000396838711095633,1.10872794754775,-0.874823876416328,-5.66336287678853,3.95167132773518,4.26244124365946
831.094,1002.29,0.510937454608837,0.00874415361822038,0.00659559015774337,0.000598437091479534,0.174059204601575,0.00250297766028527,0.0206838451035645,0.195300816314673,0.0708224152456207,0.00496993289370479,0.00299334747116753,0.00149783574935363,0.000293989483775383,1.07685168701534,-0.89921994756432,-5.67282936748983,4.06786186555182,4.24191441043723
830.394,1002.79,0.504367994165438,0.0088775489403339,0.00639061215337469,0.000701008138036317,0.173752624533699,0.00260584769890398,0.0219407619811237,0.201097604341494,0.0707078256969878,0.00462167077758677,0.00315170540897426,0.00128990027338185,0.00049489589066538,1.06567355923652,-0.899076334000347,-5.51286837239405,4.03978065012645,4.19987455504329
829.694,1003.29,0.502900340857681,0.00920810737074518,0.00667556127552835,0.000637741153068237,0.174488972488491,0.00246117434162435,0.0215865019897754,0.198357068278594,0.0739664621827554,0.0045459202409142,0.00328425182256982,0.00141707465600542,0.000470823342247128,1.05853047622466,-0.85824976801201,-5.61168433889366,4.00030768901678,4.26122293405595
828.994,1003.79,0.504253933277615,0.00801491388696134,0.00690015521507277,0.00065608808366719,0.173031115125135,0.00246830976341818,0.0217679386894552,0.197791051904251,0.075232615734529,0.00465172362023494,0.00358661485738064,0.001217604912031,0.000427934930247789,1.06960854251673,-0.832886577739672,-5.57493165970931,4.14177593503804,4.24993782445322
828.294,1004.29,0.493731950914763,0.00739044655934049,0.00638684944979473,0.00084992499618775,0.174800846851554,0.00262070057934387,0.0233049670373317,0.204243241677769,0.0763064789345085,0.00500498252275234,0.00372004723644346,0.00114426619792732,0.000495297042284655,1.03834545253961,-0.828889459261179,-5.32625448106847,4.20180459978777,4.20020562917321
827.594,1004.79,0.489372184044054,0.00852864879624994,0.00600737268465844,0.000917034542392937,0.174158057616165,0.00287739498475402,0.0246598097665317,0.207901743048287,0.075110362717881,0.00533154325763437,0.0034064533745961,0.00132435261457243,0.000405042552223183,1.03316004854599,-0.841004729152212,-5.24657340251656,4.04969236965093,4.10307789835323
826.836,1005.29,0.487411136281008,0.0086875297144615,0.00613138686131387,0.000844589870514864,0.176845932265011,0.00286936823559023,0.0242749671393014,0.20956008613698,0.0736538300192969,0.00505187795396706,0.00304835416841458,0.00118578180496127,0.000435159549179182,1.01382907492934,-0.875902769806854,-5.3441830441288,4.02721935801554,4.12118703577295
826.036,1005.79,0.492043658482302,0.00857488563994744,0.00643172911043752,0.00073208509811409,0.176601972788578,0.00260296923773899,0.0229036438180045,0.207178953005334,0.0733293942334741,0.00497094819707098,0.0032333758500039,0.00100209796609135,0.000394286572904039,1.02466899025737,-0.878936917807244,-5.48575697657432,4.04972979279429,4.21724565111081
825.323,1006.29,0.508143278661663,0.00816223215956155,0.0067780154098052,0.000744689046467863,0.170623056502211,0.00249085646577182,0.0208953143284776,0.199570550421807,0.0720037271136513,0.00516513387894951,0.0033297015985747,0.0016446744950727,0.00044876991798638,1.09130667700983,-0.862738892267474,-5.43424531043548,4.13124577188676,4.22683016191857
824.673,1006.79,0.507943052353466,0.00913426979933215,0.00662321708044745,0.000685160387632494,0.171788941751751,0.00251946696925914,0.021064474794512,0.198243344928972,0.0720464178132084,0.00509903572690709,0.00329357800370708,0.0011311156574775,0.000427924733328365,1.08410269913602,-0.868956037350539,-5.52436896609,4.01833608738483,4.22221928147767
823.965,1007.29,0.511222630914683,0.00900764587138556,0.0066179357948548,0.000652066618872465,0.171534349980846,0.00237409890517654,0.0195788105968631,0.19832312002469,0.070347540700125,0.00496315163130736,0.00360738144216001,0.00136537706382687,0.000405890455209748,1.09202163427697,-0.891335713099531,-5.5723920840742,4.03873141431547,4.28016558083752
823.215,1007.79,0.516708604922629,0.00847037979553764,0.00668320447066954,0.000679245372640899,0.171505894116096,0.00238685873952484,0.0187813720519029,0.193635993354795,0.070548894385657,0.00503140322356554,0.00372397463042283,0.00151405218551949,0.000330122751038759,1.10286145472969,-0.888311627221799,-5.53139047719179,4.11090374102324,4.27463946751846
822.465,1008.29,0.523056543128031,0.00934826598760505,0.00631354984006711,0.000656963393138143,0.168672060387979,0.00220782779661179,0.0185182304349959,0.192276073010292,0.0686544695648844,0.0052509205265759,0.00339490919186323,0.00114759179238521,0.000502594945570164,1.13173321258373,-0.898870122044964,-5.54808333894954,4.02449870104622,4.33594722398444
821.715,1008.79,0.519056672888067,0.00932396053190067,0.00650630570915244,0.00072796199712769,0.165741596748591,0.00242925337380151,0.0197654473884654,0.199666253844767,0.0675388256089123,0.00462825678685017,0.0029432457104316,0.00125358311965439,0.000418636292277905,1.14158314408913,-0.897727302707583,-5.42793636332708,4.01942558531386,4.22284597287062
821.052,1009.29,0.514866255380333,0.00860164177664671,0.00628413668916032,0.000745322498403701,0.16656981685049,0.00252766536053397,0.0205543637541286,0.201017726961611,0.0684134851693455,0.0050863379744684,0.0033361507825312,0.00156988575549747,0.000427211046850811,1.12849262669206,-0.88984458515832,-5.40935281245999,4.09195407934487,4.18811844763762
820.452,1009.79,0.518718337610582,0.00837176926874614,0.0063758434037708,0.000698296068637611,0.166790462254206,0.00243736462174147,0.0198324978984402,0.198216009215729,0.0683562911138489,0.00475686398348997,0.00334359279998933,0.00166568074971201,0.000436991011106021,1.13462272619114,-0.892004705994,-5.47585040661019,4.12649578941941,4.22582092501049
819.823,1010.29,0.534623736077269,0.0089142070460655,0.00655873417345199,0.000735227697616742,0.162621389751864,0.00238062840814628,0.0184927489168827,0.192825183892682,0.06307064474781,0.00514087671615065,0.00293405018986712,0.00129207977963751,0.000410492602557403,1.19013846566335,-0.947169293394498,-5.39899977182074,4.09391690109426,4.22406024688345
819.173,1010.79,0.529022745506191,0.00990071578115551,0.00644106670906905,0.000689038742769309,0.160187052335624,0.00238874794914605,0.0193497016173137,0.197131334157289,0.0640649431061192,0.00501239546969073,0.00370057170941839,0.00167561694264355,0.000436069973570787,1.19468921861712,-0.916444904596793,-5.44879998860793,3.97842437245635,4.20557285146793
818.523,1011.29,0.514602225781114,0.00729572921589895,0.00583136970883954,0.000746914021015599,0.164132939361689,0.00255016168025053,0.0210019981933521,0.207946983838775,0.0660718556223131,0.00479090374329732,0.00323247160536645,0.0013476187723635,0.000448828455724093,1.14271751977814,-0.909933833975533,-5.39248190484042,4.25610508706845,4.16451994414446
817.873,1011.79,0.509618457944168,0.00530038094861306,0.00581573914338098,0.000809997324301898,0.167397711809615,0.00273296012376926,0.0224310955682319,0.209951722910118,0.0667435712969431,0.00447789009231679,0.0031900151692301,0.00110047194317109,0.000429985726139696,1.11328983509436,-0.919514506479156,-5.33109682361534,4.56588362898575,4.11498717276801
817.281,1012.29,0.51211417394404,0.00635439379367567,0.00576435019544559,0.000698709114599466,0.168210157077527,0.00264047049121891,0.0221799521262389,0.206700092314911,0.0665195450672457,0.00474167566288504,0.0028090543764275,0.000896744401440884,0.000370681434344193,1.11333346354279,-0.92771831735712,-5.48373490104712,4.38940108652489,4.15425701497089
816.731,1012.79,0.521825877452641,0.00737865326762469,0.00556238484988898,0.00072369300540659,0.166721781249717,0.0025731306858901,0.0208453739432323,0.197583267413612,0.0676371523886392,0.0045974608426802,0.00294201309281262,0.00127852430955164,0.000330687498303845,1.14100752155071,-0.902169018960613,-5.43971444478956,4.25874282623959,4.17120311932606
816.152,1013.29,0.521304061057194,0.00719078389462774,0.00534895138534171,0.00071114373137215,0.167458975338091,0.00251727027925037,0.0210119664562329,0.198262309878153,0.0677659474229718,0.00433331514974188,0.00268786542819878,0.00100472608072523,0.000402683898099153,1.13559508408165,-0.904678579534091,-5.46161911369242,4.28353329052497,4.19756330601771
815.552,1013.79,0.520304473136061,0.0069006921462468,0.00567227597229833,0.000762567528272364,0.164659198582079,0.00253002300560403,0.0216594893665843,0.200093367541724,0.0684797509143887,0.00435187694474501,0.00308488731605902,0.00111368487267793,0.000387712673259101,1.15053629073316,-0.877339780272362,-5.37494208750419,4.32279244786144,4.17564947892873
814.952,1014.29,0.514457254483268,0.00674321230156975,0.00571486996778319,0.00068523384956905,0.167782998138956,0.00251580117797303,0.0215312862832306,0.202852814325222,0.0689697209220475,0.00439847380627249,0.00286972396971601,0.00117974263914327,0.000298868135249629,1.12044100343326,-0.88900388565648,-5.50066657947094,4.3345760561654,4.20008015407167
814.352,1014.79,0.520494219656072,0.00661168441294148,0.00547353374261378,0.000731739788926605,0.164818631636585,0.00252955738251372,0.0214667028365678,0.200990201093305,0.0676553996090047,0.00450155106812988,0.00304808161050822,0.00123324681252747,0.000445450350304157,1.14993311549333,-0.890418498863923,-5.4171759749594,4.36594033324608,4.17680132732098
813.694,1015.29,0.522179016491007,0.00577245547508656,0.00567695159662379,0.000752972683880152,0.165272980243766,0.00245495232848509,0.0213687414800487,0.201139210474463,0.066784354253039,0.00431677530651719,0.00286511635388309,0.00103546310333319,0.00038101020986726,1.1504119399946,-0.906129697225272,-5.39132486079356,4.50491292362437,4.20949118964013
812.994,1015.79,0.527506243595513,0.00676892560268282,0.00556360984088435,0.000771282354197203,0.164590457052145,0.00230686261695205,0.0204993479521106,0.196742853664888,0.0664310580337588,0.00436727408062245,0.00303025162962083,0.00101673572953034,0.00040509784709452,1.16470039151487,-0.907295621367613,-5.36316106427103,4.35581832690158,4.26757188306618
812.323,1016.29,0.528411884177438,0.00677634486560034,0.00561235890891214,0.000649527999721915,0.164787438486024,0.00236571207238165,0.0197579664013269,0.196565645530522,0.0663332952621203,0.00444042765559125,0.00287321789479434,0.00110737571818033,0.000318805027386444,1.16521967147724,-0.909964429672952,-5.53616572593544,4.35643821205445,4.24357732747739
811.673,1016.79,0.534391708497115,0.00575455348613662,0.00569771592787812,0.000654130495045161,0.160277925688383,0.00253276136801023,0.0207556802658003,0.196035729883992,0.0650102008459822,0.00446822979923379,0.00309515404972588,0.00090341803126664,0.000422791661431628,1.2042197626805,-0.902365150210248,-5.50135775760568,4.5311376545193,4.14759918653719
810.965,1017.29,0.532786219627168,0.00669846224539109,0.00556752731277184,0.000788287396116397,0.162538721152246,0.0026055077125405,0.0212679147223565,0.193394825031888,0.065680383131442,0.00428903607108055,0.00276494775120224,0.00131315211966123,0.00030501572613549,1.18720399743009,-0.906115958966794,-5.32880879713167,4.37624227038766,4.13328870193576
810.215,1017.79,0.530444367017565,0.00643468844313741,0.00546470765937363,0.000747029976749416,0.16149745729913,0.00266286266905896,0.021553841654739,0.195330966129815,0.0674382759243048,0.00421483192308101,0.00274007506975658,0.00106939174966195,0.000401504483627593,1.18922568533556,-0.87327664948034,-5.37613936339813,4.41201165970536,4.10508766277057
809.552,1018.29,0.525813585857818,0.00673364848226907,0.0052411877365517,0.000716305157397133,0.164143131830549,0.00250896806457006,0.0217817568286492,0.196538365076229,0.0682997917585007,0.00412682971317394,0.00251466810561036,0.00124355895362447,0.000338202435057532,1.16420794815424,-0.876832084611029,-5.43438780759508,4.35782963147236,4.1808672633059
808.952,1018.79,0.530096165033467,0.00654241463562385,0.00537701097037163,0.000540393448739066,0.162993048924838,0.00261542736756274,0.0218407416275074,0.193732974481314,0.0679568800643857,0.00416545270451536,0.00280677664923369,0.00095482329999625,0.000377890792445646,1.17935087828211,-0.874834167925692,-5.70916535121884,4.39475212587889,4.13228004182249
808.352,1019.29,0.54016186160953,0.00703872858630408,0.00578235121476615,0.000606076444029896,0.159219196642156,0.00234289252244393,0.0202236552741717,0.187870631324604,0.0679026739730874,0.00450285649959193,0.00296505059682951,0.000998066183949729,0.000385959128536451,1.22158699030154,-0.852206433227775,-5.57103100366857,4.34044128304178,4.21889556136
807.752,1019.79,0.54446263411121,0.00757027796886757,0.00574275416994931,0.000657742050635731,0.159681453027122,0.00222196088308115,0.018409492300151,0.184486237892395,0.0676152583666974,0.00422016458121501,0.00328766952208587,0.00121037026090088,0.000433984865688449,1.22661840365592,-0.859347239077805,-5.49212335696781,4.27556952922366,4.27479082545195
807.123,1020.29,0.540113144884406,0.00709961596196754,0.00588907269658478,0.000553870748805978,0.163632091355106,0.00227212886726089,0.019327781338542,0.184516585177034,0.0675197814728137,0.00462188355916504,0.00298964324639591,0.00108361455211473,0.00038078613980411,1.19415808281461,-0.885199948557966,-5.68844448721875,4.33173795245357,4.27690334336408
806.473,1020.79,0.537635505543877,0.00614463542310704,0.00546247063187832,0.000550265858785706,0.161322698981905,0.00239788137339763,0.02072049791847,0.188386711182556,0.0689573801574544,0.00410226289105973,0.00284716211203166,0.00113041506945303,0.000342112856024072,1.20377413109196,-0.849918065596994,-5.68076043841013,4.47160141933918,4.20882111406803
805.823,1021.29,0.528754003373836,0.00719996088306481,0.0055344351270078,0.000661116951486851,0.163054462182888,0.00241424834364228,0.0221693192838341,0.19263664441891,0.0690770440635976,0.00405125133445795,0.002978591627346,0.00106451034561442,0.000404412064314761,1.17643903290319,-0.858861806504627,-5.50790879245714,4.29644770862484,4.21269627503205
805.173,1021.79,0.529536860332724,0.00757604075847291,0.00528474052641309,0.000588989433549768,0.162361049512493,0.00271763563679052,0.0226129510997332,0.193027900722447,0.0676751889969096,0.00411181302666819,0.00306314916384716,0.00102542757298973,0.0004182532169633,1.18218022003194,-0.875102927846986,-5.61916959119262,4.24701204027366,4.09006030494723
804.552,1022.29,0.531692246761066,0.00717896198090544,0.00531971284152076,0.000666089255960299,0.160059447966027,0.00273936707518808,0.0229360734338401,0.19129763388294,0.0691532665377161,0.00451460495706425,0.00298940057967768,0.00106714299716162,0.000386051730931945,1.20051954240969,-0.839220000584829,-5.48187689547691,4.30491003671944,4.06781839675422
803.952,1022.79,0.529963468203533,0.00686856934385738,0.00556308760236052,0.00078683869313784,0.162760245911742,0.00266913827358914,0.0226388676622115,0.191846655196044,0.0685555396697841,0.00395588576048748,0.00289099128857161,0.00109250284711369,0.000408209547567751,1.18052984223471,-0.864634019169956,-5.33201024983744,4.34585223859601,4.11052255767295
803.323,1023.29,0.528755336218499,0.00573637366361889,0.00581767814006704,0.000757209160173737,0.163278980147994,0.00258117223422742,0.02217163277021,0.192667119881981,0.069295903233959,0.00439827830424331,0.00317087458147786,0.00105891733783675,0.00031052432571161,1.17506554999788,-0.85707448439536,-5.37357603474117,4.52369857768533,4.14721662235313
802.673,1023.79,0.525453065145321,0.0055761864039455,0.00544537250721429,0.000691165961833581,0.164988539140689,0.00252744163162026,0.0227528320232419,0.193490349058335,0.0708171768408639,0.00412259019325313,0.002769544962884,0.00100160491079273,0.000364131220005545,1.15838485993185,-0.845774429713631,-5.47525131947204,4.5457557690782,4.17866843341423
802.052,1024.29,0.523572042050463,0.00642931611813917,0.00544244540699623,0.000651725509239943,0.167429944393255,0.00253459665812356,0.0224342094335069,0.192271727522065,0.070766446786661,0.00389374236030161,0.00309838319310324,0.00109142038054125,0.000384000187603145,1.14010961563557,-0.861180048425418,-5.54869682514735,4.39980646237917,4.19053050618658
801.452,1024.79,0.527342813714166,0.00580185892270073,0.00532642607660387,0.000685530763562906,0.165977354798173,0.00245311512083589,0.0216026032414262,0.192335272875767,0.06996556564179,0.00420787660051706,0.00297293485090446,0.000977497822576747,0.000351149570976107,1.15599947529163,-0.863848160558122,-5.4894132656057,4.50967246734818,4.21449266736709
800.881,1025.29,0.522718972221625,0.00626932308888181,0.0055457143024548,0.000629861899116631,0.165733754933918,0.00247745680319208,0.0221203592849456,0.194873412406229,0.0710396334496706,0.00391783866551306,0.00312782583390786,0.00111226775673464,0.000433579353810518,1.14866136682448,-0.847144675917453,-5.57263730619174,4.42337559312799,4.20315006338823
800.331,1025.79,0.523635517989487,0.00574121082538614,0.00537030368267618,0.000717283389738039,0.165498178335687,0.00259929370645153,0.0220464065672151,0.193769544991135,0.07199621635465,0.00414768384189151,0.00287894591722491,0.00123831961402107,0.000361094784437207,1.15183567821822,-0.832346620716052,-5.44124446048498,4.51312573266474,4.15372043096269
799.752,1026.29,0.519495225261715,0.00612810007477567,0.00530245201894317,0.000667918120638086,0.167983354623629,0.0025450990777667,0.0225398024675972,0.194804259097707,0.0719131667497507,0.00422560443668993,0.00276222114905284,0.00119660549601196,0.000436191425722831,1.12899272459722,-0.848405521045991,-5.52745458172666,4.43997285642541,4.18969531526838
799.152,1026.79,0.518904037371681,0.00559403693235901,0.00570337936454474,0.000769302112163857,0.168687060982813,0.00251585221198764,0.022551876638306,0.195374424609857,0.0712170691346816,0.00428583283299408,0.00287707274688691,0.00114809553795012,0.000371959523774657,1.12367367875117,-0.862312763503858,-5.3903168111827,4.53001777008297,4.20543369038822
798.552,1027.29,0.520031382450014,0.00650163351944542,0.00563547003379119,0.000768830698957556,0.166513785370391,0.00249329239457335,0.0220827446666057,0.19546979783292,0.0719466262391496,0.00425216467134454,0.00282068449528034,0.00113554917812785,0.000348038449400224,1.1388110596093,-0.839153559128885,-5.37796259212763,4.38183570460758,4.20147401711583
797.952,1027.79,0.519409437546919,0.00626828166830154,0.00521159755093286,0.00071035934147131,0.168366970455151,0.00260235520525154,0.0222405442021592,0.194801783179045,0.0720001338072998,0.00414802629313441,0.00308150340372319,0.000793005026628637,0.000366002319982448,1.12654652402671,-0.849477967681997,-5.46813026736237,4.41719020816542,4.1697290619628
797.352,1028.29,0.52195129714471,0.00542391695727509,0.00565368494134451,0.000767882613426805,0.166056604486742,0.00240311450005073,0.0219652224770779,0.196434717047193,0.0706432111020707,0.00425518370497393,0.00303771178938532,0.000982730598530679,0.00042472263721923,1.14524556192446,-0.854686708576468,-5.37644712573364,4.56675604275682,4.23556311670371
796.752,1028.79,0.520379334169857,0.00693010530662812,0.0057160215378262,0.000695889388332089,0.168272208897854,0.0023507361933957,0.0218386171953176,0.194503565812672,0.0704813847106847,0.00397977255038994,0.00319851014152067,0.00135802665226576,0.000295827443256723,1.12897507520947,-0.870234330911764,-5.4881475152944,4.31868302556805,4.27085440632509
796.152,1029.29,0.518892337739337,0.00724325024537768,0.00557318731908067,0.000882861427624794,0.166950491004479,0.00249313689832645,0.02176861258227,0.194644040436249,0.0728231138303332,0.00421999790743905,0.00320560407750447,0.0010592344216311,0.000244132110347714,1.13399911249903,-0.829663904932134,-5.24228433171327,4.27162638533274,4.20415559129149
795.552,1029.79,0.519620453556022,0.00734258123243757,0.00571199588395931,0.000939961214232002,0.165283769343412,0.00249534966557169,0.0220524795187399,0.197170222028733,0.0710848141845094,0.00407943166976689,0.0029722563026873,0.000823208137095817,0.000423477262832944,1.14543483714726,-0.843790080821965,-5.16958047694073,4.25940820071245,4.19323494501045
794.894,1030.29,0.515730093938882,0.00638610491076943,0.00561637324970036,0.000954506783816071,0.171728220496996,0.00256214916194107,0.0212698892633796,0.195461448696248,0.071644330615064,0.00401959999644283,0.00287241327179432,0.00133393805191687,0.000420931563049323,1.09967044114078,-0.87419908868277,-5.19247364237634,4.39145903246675,4.20506669105019
794.194,1030.79,0.518554550397944,0.00640071184932523,0.00574620594196451,0.000944189035543032,0.166983044144545,0.0026140689109694,0.0217539176429878,0.197340451826586,0.0709960947155074,0.00446784319541253,0.00301151811755401,0.000815660685154976,0.000371743536506995,1.13315295503849,-0.855267403671831,-5.1753211585614,4.39463601959443,4.15698429807056
793.494,1031.29,0.527448277782419,0.00552028513351711,0.00552028513351711,0.000827396366616148,0.166068992127801,0.00254285157384314,0.0211324192194629,0.193748980671544,0.0685118003428921,0.00430504672004964,0.00298439482718156,0.00100043358751904,0.000388836513638117,1.15564749170536,-0.885397319028937,-5.30187473353151,4.55962129536792,4.17911719906153
792.794,1031.79,0.527886356186113,0.0066608411292243,0.00572623096030697,0.000793123341639872,0.164360863149357,0.00247701586346322,0.0206670406435857,0.194400907907021,0.0686609666738739,0.00413699511870446,0.0028945016425425,0.00107011867954927,0.000265038704618349,1.16681663046459,-0.872883528507198,-5.33384092701407,4.372635253787,4.19500984078779
792.239,1032.29,0.525091522739975,0.00676782053586601,0.00571188336952988,0.000766168362550869,0.164848981339871,0.00232502630020245,0.0210431087575991,0.195232468250671,0.0696800657726071,0.00420312105558355,0.00300180835378905,0.00102254008386597,0.000305485077888872,1.15854278624327,-0.861115513715784,-5.37138312912331,4.35139347104252,4.26129843929297
791.789,1032.79,0.524084887857816,0.00585902880942145,0.00544185577368461,0.000981237985465535,0.166182739416682,0.00241392378659934,0.0212474257192073,0.196308312417557,0.069144961754242,0.00403169339936288,0.00284578601373537,0.00107622808984693,0.000381918976378801,1.14856564819297,-0.876882826943712,-5.13202827680823,4.49366981325597,4.23183447197625
791.281,1033.29,0.521278487346784,0.00668295787443463,0.00554516437763862,0.000857960424996478,0.1664520955902,0.00247671701394793,0.0215646360955513,0.197953720662466,0.0689885686246885,0.00408575717679523,0.00285565763200979,0.000896826129413079,0.000361451051074394,1.14157686975402,-0.880766735083707,-5.26790485912054,4.35672373848631,4.20777365534839
790.731,1033.79,0.518024080217982,0.00655642740533993,0.00583183636530311,0.000668028078634219,0.16659645057665,0.00249462164254939,0.0219298502251791,0.200130484900615,0.0687454530205597,0.00445579604566386,0.00281156927109847,0.00141699970548251,0.000338402544943174,1.13444730364264,-0.885163827966953,-5.51899949688899,4.36957587632482,4.20143735301242
790.21,1034.29,0.517273154108884,0.00575527770483898,0.0059397667628808,0.000775049270292088,0.167044592664754,0.00262774891136814,0.0216808807839516,0.198901655618473,0.0710341441415939,0.00428229363825112,0.00312850492605308,0.00114109898862903,0.000415832480030768,1.13031028077085,-0.855100133870312,-5.37308947579651,4.49845378394532,4.15213324627902
789.71,1034.79,0.514970699681694,0.00563568529136648,0.00578721354118606,0.000840204718550846,0.170258501366183,0.0025720949071938,0.0217054504517193,0.200617574751508,0.0688676468731271,0.0040980620896717,0.00312381315012661,0.00116171658195007,0.000361336595723601,1.10679212683721,-0.905131377075048,-5.31142758266339,4.51499125175113,4.19259717253837
789.181,1035.29,0.516420103640272,0.00603171571617611,0.0053924902703261,0.000770773365346575,0.16829266391358,0.00250233375753477,0.0217385373040667,0.201144564342524,0.069142560916431,0.00410137180119309,0.00302462771938782,0.00106699979147219,0.000371257461690323,1.12121607767555,-0.88953403751811,-5.38606540850086,4.44988908826542,4.20848071145866
788.631,1035.79,0.517994846093764,0.00644822622648749,0.00570124094998607,0.000786915389065382,0.166064468627592,0.00235490273608923,0.0213704014631951,0.20024172326679,0.0704854138220519,0.00419071400884695,0.00306001008965771,0.000962218322273017,0.000338919004201427,1.1375892143953,-0.856970285917592,-5.3520106252506,4.38616020324215,4.25587665259696
788.081,1036.29,0.51678926699155,0.00665470613318931,0.00487131094116836,0.000904325121879908,0.16805294235923,0.00245168271495692,0.0209820912542727,0.200505683843663,0.0696408051699034,0.00452648235011855,0.00304809047525151,0.00122487000933466,0.000347742635481211,1.12335612119762,-0.880928386128428,-5.2248453980005,4.35231089047228,4.22750445161646
787.531,1036.79,0.519915664431357,0.00588959048895249,0.00538158027393399,0.000719436431673605,0.168033922161872,0.00227283182904233,0.0205240042167784,0.199849652468156,0.0685823578525752,0.00444092937483421,0.00293647523132084,0.00104636400742732,0.000407191232076489,1.12950073798558,-0.896130549154646,-5.45345298390556,4.48048014588363,4.30313932086056
786.981,1037.29,0.518631418145122,0.00761824166612038,0.00542911459543859,0.000696269544713218,0.169008754521779,0.00243744003241974,0.0200885186046003,0.199243340742992,0.067687133614225,0.00443288299294593,0.00321217647304215,0.00117005067570923,0.000344658390892278,1.12124293840099,-0.91505440364043,-5.49196893221867,4.22064786329294,4.2390021939824
786.431,1037.79,0.521128737891338,0.00620242259091786,0.00573479164162703,0.00062115126093706,0.166920008847618,0.00230381467674379,0.0201848909753287,0.200139986284172,0.0673772367757907,0.00446218905824379,0.00321281652201754,0.00130694265309359,0.000405010822171969,1.13848240018138,-0.907207481151838,-5.59369535904888,4.43105715270738,4.28294840457101
785.881,1038.29,0.520074893925438,0.00729913781388256,0.00573884770058536,0.000601969992097886,0.166473895339766,0.00236962769464619,0.0204387938454105,0.199834911239625,0.0684051318445146,0.00441310442367413,0.00283268153472149,0.00111233585496348,0.000404668790674498,1.13913431560197,-0.889390663601624,-5.62238619431153,4.26621659449254,4.25210566044194
785.331,1038.79,0.518513222147588,0.00721153119911218,0.00576942637057864,0.000571001004035275,0.169711166141151,0.00235852619303459,0.0196738546998821,0.199314597383869,0.0676167908535105,0.00443507658160732,0.00312993142952669,0.00109567741162324,0.000599198584481462,1.11686755873609,-0.920241631761823,-5.69446228032231,4.27528422777922,4.2760610398924
784.723,1039.29,0.51718993057447,0.00631508012888413,0.00560488581407032,0.000716247107269605,0.168285788648593,0.00242616097603296,0.0203515058338831,0.200433178180087,0.0696686499649947,0.00432270261218346,0.00322916477516902,0.000989631566523215,0.000467073817839193,1.12274652055382,-0.881913225752262,-5.45939370671823,4.40546973321327,4.23935349421373
784.073,1039.79,0.516208908094069,0.00684369398162244,0.00564191389527979,0.000702718724983919,0.166382016853151,0.00251748731174296,0.0212600139938822,0.202416263552793,0.0684802926213526,0.00468008654429749,0.00327162448001839,0.00123303443422573,0.000361945512581387,1.13222509344406,-0.887740445834425,-5.46708502469499,4.32318390254546,4.19102514517574
783.394,1040.29,0.512214210183587,0.00705152331622727,0.00589153677804529,0.000725862820888122,0.168512688161765,0.0026664754929196,0.0215319389598157,0.203210723254096,0.0689539808945736,0.00461107095134827,0.00321610001573201,0.000993705206099239,0.000420183964903686,1.11173186918737,-0.893571709086193,-5.4474052815765,4.28549925010068,4.14625348733404
782.694,1040.79,0.511212156894714,0.0060808627941172,0.00570546361798253,0.00076186910545295,0.168855153284642,0.00283612567921587,0.0223800307766939,0.20501122675016,0.0685581551696895,0.00405793425784187,0.00310987521248298,0.00105474084876445,0.000376405608242276,1.10774341761045,-0.901358900595635,-5.40102178193481,4.43163809103609,4.08660234291363
781.994,1041.29,0.507172661957181,0.00599595985558291,0.00574997690772326,0.000760037108284706,0.170645901020478,0.00272288063100148,0.0230902687137803,0.206231099473496,0.0684143838779764,0.00430419958152778,0.0030160521443689,0.00144376930213132,0.000452809426468167,1.08926084648325,-0.914007562126191,-5.41397867546376,4.43776561672538,4.13790027984092
781.294,1041.79,0.507833578844528,0.00672852536358436,0.00571712048272057,0.000662120912997919,0.167129847580576,0.00281856975808289,0.0236146334796276,0.207963674467342,0.0677519780102963,0.00460751112393506,0.00319822624489362,0.00154899846618779,0.000425215265228022,1.11138275248672,-0.902917385661626,-5.53107813240932,4.3237977874387,4.08254146241221
780.623,1042.29,0.502205117679927,0.00714416883610442,0.00596574923427276,0.000636346584989095,0.169068842291123,0.00291364246552877,0.024661376217332,0.211021562132665,0.0677493069419717,0.00441809149053385,0.00268188661050188,0.00119805992852885,0.000335849586522022,1.08870265437983,-0.914491752744599,-5.58231790193248,4.25271216062489,4.06090197799393
779.973,1042.79,0.499604252870033,0.00661625802514753,0.00556027194118177,0.000691443045598589,0.170515006196241,0.00311743734168877,0.0252782860137318,0.210938668605613,0.0686341424273613,0.00449735161463838,0.00322640401076591,0.000945038202723572,0.000375439705274878,1.07499298503345,-0.910033191790314,-5.50779780056076,4.32428633363095,4.00181200625872
779.294,1043.29,0.501423711303103,0.00586420863880497,0.00579434622541849,0.000829880789318249,0.169495741568348,0.00319991023738401,0.0252393846179902,0.208978590345861,0.0695279206193621,0.00471147881792797,0.00325071926530146,0.00125011379105211,0.000433993780128166,1.08462367178538,-0.891099395587307,-5.31930101884863,4.44858393124309,3.96970504441958
778.594,1043.79,0.501878577943917,0.00728039888303796,0.00591497434232984,0.000668162664592415,0.167997582527043,0.00315838365071993,0.0249033290617183,0.21004482397775,0.0680865589622773,0.00507669321037051,0.00326918449459706,0.00130163011544553,0.000419700166201266,1.09440862424938,-0.903169767971117,-5.52717321480006,4.23317256149544,3.97388919577991
777.836,1044.29,0.499195147479012,0.00654039277686264,0.00584594526561237,0.000698863711639779,0.17185975030803,0.00305049041905326,0.0247693639346579,0.209974871819784,0.0681243072085639,0.00466792381171088,0.00346230110537496,0.00132265201665791,0.000487990143040731,1.0663183574091,-0.925344655487821,-5.50497827095748,4.33499987512307,4.03137636817824
777.036,1044.79,0.496611127103679,0.00713972682784311,0.00613219504440444,0.000686367600871332,0.17142003978569,0.00303655901042763,0.0250024704937121,0.212203594460938,0.0677699390325117,0.00470897584071975,0.00328683076473596,0.00148981512114012,0.000512358913326488,1.06369036182958,-0.927998198041444,-5.5204588510157,4.24213276318123,4.03339194769964
776.207,1045.29,0.49750275345971,0.00786607704363277,0.00600936342673468,0.000744238253846248,0.169989119258912,0.00284274611715042,0.0237535118395995,0.213712839385399,0.0679929857485584,0.00459741812547347,0.00354261845422491,0.00101708864199256,0.000429240244766763,1.07386666053316,-0.916329881543345,-5.43112849239114,4.14704162270189,4.09096390299875
775.357,1045.79,0.500646594543974,0.00639274605739993,0.00559220043152779,0.000786602886379454,0.169909709142835,0.00285361401617125,0.0230322437469718,0.21123017952439,0.0691536640938439,0.00484277818379552,0.00322542040264308,0.00183347024328919,0.000500776726779239,1.08063327879587,-0.898936128939611,-5.37529892281921,4.36073653304284,4.08668090646445
774.536,1046.29,0.501793611850002,0.00623805119424943,0.00574345957086431,0.000820494224409187,0.169740173003789,0.00287689373509627,0.0227328539657986,0.210401112659021,0.0697649599621769,0.00508362155822755,0.00299623834955579,0.00132541374712253,0.000483116179687088,1.08392002961181,-0.889136996320724,-5.33211728135723,4.38752107839202,4.07755772589295
773.736,1046.79,0.49544011695034,0.00808208791539137,0.00605460725773499,0.000801639798743875,0.172590821892338,0.00279237863229116,0.0226006753815304,0.213542368333447,0.0679456532751996,0.00508818594480487,0.00324330101908459,0.00134274666289599,0.000475416936199493,1.05452289104261,-0.932215432549539,-5.37201950239309,4.11579624816096,4.12402981265038
772.878,1047.29,0.497124312529224,0.00726436730422391,0.00617888713232838,0.000829418182627864,0.171233105475273,0.00272205027721494,0.0221872147135446,0.213014628932778,0.0692335953329919,0.00505110106655385,0.00331321947852419,0.00147179978179065,0.000376299792923783,1.06581430251701,-0.905539591610555,-5.33005662689862,4.22585891560429,4.1416404433692
771.978,1047.79,0.504664541398873,0.00752158012407646,0.00637010866655961,0.000732340402753053,0.170297047745633,0.0025580661657595,0.0206729559103743,0.209072365026703,0.0680620997326901,0.00493731826739422,0.00324712673133586,0.00149657121184683,0.000367878616001923,1.08634968218118,-0.917123732111337,-5.44905409393934,4.20611769531811,4.19829268287857
771.078,1048.29,0.499292326213213,0.00739164689285889,0.00607390949677305,0.000728590253391373,0.170688825726324,0.00258202159973785,0.0209757299265832,0.212596128594437,0.06923466648694,0.00496068866304269,0.00330480172351685,0.00174187685778894,0.000428787565393009,1.07334958211483,-0.902340468204737,-5.45648593785399,4.21284118392294,4.19126950828734
770.178,1048.79,0.492289120411893,0.00740908628137317,0.00616676443638585,0.000776905661109145,0.172448816339987,0.00279249710326906,0.022164233735886,0.216685170192033,0.0688815952139702,0.00513897036365487,0.00332942254456602,0.0015598714287792,0.000357546287093912,1.0489657114387,-0.917711456401183,-5.40253682583235,4.196359064163,4.12316426093724
769.278,1049.29,0.492614804746043,0.00848681295153878,0.00588151821590213,0.000639809600629354,0.172813319989444,0.002764624752914,0.0220273748885935,0.215051956522822,0.0690807653815705,0.00515830930935417,0.00380275939673672,0.00123480763389945,0.000443136610552626,1.04751560285904,-0.916935603813772,-5.59879658257811,4.06121399819446,4.13530702413884
768.378,1049.79,0.496130773554552,0.00806916635977749,0.00590923187254085,0.00070019188649623,0.171610005233268,0.00282136142499952,0.0221493225825209,0.213953443296571,0.0685473320024034,0.00516179520477584,0.00326110131219351,0.00125986083383405,0.000426414436066908,1.06161505742435,-0.917700006119359,-5.50162534884702,4.11878937253057,4.10800494763506
767.42,1050.29,0.49636980903304,0.00754774173992119,0.00615337981206426,0.000680206123067596,0.169431949075477,0.00290997271900576,0.0223558654137617,0.215096695968475,0.0687505304637769,0.00528523795089421,0.00344468020612307,0.00149621097302213,0.000477720521370112,1.07486986581909,-0.901966913471347,-5.51781077041101,4.18607282041989,4.06430765959767
766.42,1050.79,0.494150628459445,0.00733314125171567,0.00617578871994622,0.000694168377773482,0.170076115380267,0.00308181582776844,0.0227045334908889,0.215898522551962,0.0698885318764307,0.00479474620304486,0.00352190155938665,0.00122786350534364,0.000452242796027558,1.06659431224362,-0.889344503311895,-5.50128680300918,4.21043641522102,4.01072709663991
765.42,1051.29,0.492923020274322,0.00840554614280347,0.00622236818207829,0.000835951902910158,0.170357543595141,0.00297559070202544,0.023144174335779,0.216301310901957,0.068040513811866,0.00514632890229066,0.00343710581509042,0.00175027429671814,0.000460271137018986,1.06245359031766,-0.917796106930989,-5.31708362600147,4.0714612732901,4.0474568514541
764.42,1051.79,0.498062919318294,0.00840931708266469,0.00615214376382427,0.00108329630540877,0.169863308815339,0.00290470297484182,0.0226574176419394,0.211547571396571,0.0681950325050095,0.00532100456453325,0.00371748121980388,0.00158271426315654,0.000503090148613564,1.07573236523271,-0.912622322797141,-5.05498552035713,4.08138614538137,4.06866290892929
763.391,1052.29,0.493212830138722,0.00842663426350578,0.00598339495607607,0.000710395173568099,0.172798602377282,0.00290422785600136,0.0227042770281132,0.214156367315675,0.0687345746139516,0.00510515266995111,0.0031359041522066,0.00171038571739274,0.000417253737553309,1.04881401677779,-0.921874426122294,-5.4940606495339,4.06954334972927,4.08595921154793
762.341,1052.79,0.490100192515774,0.0078645738187916,0.00615019977610088,0.000741255989769965,0.174716261727771,0.00301420682096033,0.0234192393987512,0.214653916595234,0.0689028474534988,0.00525319805704275,0.00309149417534393,0.00166402016028929,0.000428593510672681,1.03144654818581,-0.930465792036424,-5.46257254460762,4.13224149674017,4.05982657859573
761.262,1053.29,0.493881011947738,0.00788080566276244,0.00604582884583556,0.000935478377256842,0.171003048700045,0.00302111542603844,0.0230187647367828,0.215206800687936,0.0689207697787714,0.00487168354925294,0.0033737188143891,0.00136963629080425,0.000471337182387101,1.06061323667341,-0.908723804237777,-5.20837863210239,4.13786448156157,4.03605527543342
760.162,1053.79,0.496046349444772,0.0068844661409438,0.00602971943565259,0.000841633436451311,0.170528524340015,0.0028312739540678,0.0225214431748416,0.215479617807819,0.0690246708271492,0.00499019485125381,0.00318533221274491,0.00124456842444075,0.000392205949847707,1.06776678790762,-0.904438592001017,-5.31131328907688,4.27740177908775,4.09817581010138
759.062,1054.29,0.491277779557174,0.00741016970867212,0.00609697507675554,0.00096430581420355,0.170281764896981,0.0031319920750763,0.0241774231186313,0.217895365383823,0.0690147837346889,0.00483296804864768,0.00331272792162928,0.00116105622943844,0.000442688434278498,1.05955520471959,-0.903133766909974,-5.17380130561083,4.19415636860101,3.99578525776429
757.962,1054.79,0.497798756679911,0.00616442985248765,0.00611463064998631,0.000912985379191285,0.169067106796761,0.00291918182281681,0.0234483102063466,0.214339324651672,0.0684252899321427,0.00525855864508227,0.00355590019765541,0.00159120308944767,0.000404322096498997,1.07990017455596,-0.904553225601576,-5.22133113028932,4.39140024130929,4.05899233839265
756.862,1055.29,0.508397304618606,0.00668633677579984,0.00571507084911147,0.000759245681716156,0.16626059064813,0.00276337000849265,0.0218238715844308,0.210321714071156,0.0670516985901246,0.00506953434905639,0.00339824627276701,0.00129581088267937,0.000457205667928918,1.11770685695327,-0.908092438060797,-5.38898624329126,4.33119708058144,4.0971054281905
755.762,1055.79,0.518912707658798,0.00717748189091551,0.00635915830273808,0.000717870692622715,0.164402188893095,0.00251622253011443,0.0200991543581244,0.203700096655286,0.0658162471533242,0.00510839724955072,0.003361496895148,0.0013291633131325,0.000499814407150286,1.14941987871583,-0.915449071892324,-5.43378161696131,4.28078706570936,4.17955701604982
754.604,1056.29,0.527987324534225,0.00724312330007384,0.00639215526208702,0.000611014841228907,0.160719166941871,0.00245519121424976,0.019625450376071,0.200024490068535,0.0648257061612312,0.00499201599028313,0.00348426884158265,0.00125295148616373,0.000387140982398072,1.1894137396494,-0.907956312492155,-5.5722925672466,4.28901976844277,4.18145389131323
753.404,1056.79,0.531923262364555,0.00876240261882407,0.00651026467378892,0.000695307940213668,0.161165528966935,0.002326997741518,0.0182645215317076,0.195134113228614,0.0648717232978912,0.00544827061182023,0.00311492881975284,0.00134240109625194,0.000440277108127998,1.1940672682119,-0.910020134771799,-5.4458324191539,4.10602909636388,4.23785305328551
752.291,1057.29,0.530095949551795,0.00757030808230402,0.00679968559628357,0.000715486434608002,0.160385644623786,0.00247086444352978,0.0190501468798765,0.196281778560795,0.0661312058510891,0.00496737356213512,0.00346459560270756,0.001604074425976,0.000462886385113779,1.1954768329818,-0.885940457994522,-5.41237383355266,4.24882426263547,4.17301312751961
751.241,1057.79,0.530106408758881,0.00963179415245469,0.0063147745208785,0.000747515440745618,0.160709408821708,0.00229511601875584,0.0185853110010424,0.194722002469494,0.0664416854614017,0.00499924992018381,0.00339523308249468,0.00161170996400899,0.000439790387951538,1.19347993762408,-0.883273167417272,-5.37059813742817,4.00800824051464,4.24881442494387
750.133,1058.29,0.526034018101352,0.00912842880414949,0.00676073082609835,0.00088914081908806,0.16264003340862,0.00245548339037295,0.0191560310459381,0.19732154166233,0.0656434231796127,0.00500753073429989,0.00309506282300329,0.00132054341678382,0.000548031788351879,1.17382650910837,-0.907301959055751,-5.2090390290732,4.05397229559544,4.19321573251487
748.983,1058.79,0.526537763672301,0.00823050399366501,0.00608184363289458,0.000894132024766335,0.163924204540495,0.00236190523696993,0.0185660217360128,0.195687714725743,0.0683530886213282,0.00495950217921299,0.00310015650428049,0.000896626116885627,0.000406537015444665,1.16691890131927,-0.874717403091936,-5.21130598955841,4.15847580346278,4.239935556412
747.891,1059.29,0.52069539819669,0.00813751378618838,0.0062036382644815,0.000795819078326647,0.162280285369704,0.00254568341402868,0.0204920482554685,0.2020606908741,0.066981243751531,0.00482531243810133,0.00325594315109194,0.00129393853088751,0.000432484889399901,1.16584022556629,-0.884912360646371,-5.31770840434477,4.15868052071648,4.15492585084964
746.841,1059.79,0.522279866883911,0.0077981841931568,0.00621500740815959,0.00102583393721758,0.16258602465694,0.00238168869113283,0.0205709129345082,0.200948059800695,0.0667888282183953,0.00480376454514823,0.00310288802832179,0.00108006812737419,0.000418872575039349,1.1669963434643,-0.889671419884086,-5.0657013651156,4.20431267681957,4.22339747402805
745.733,1060.29,0.509886464962812,0.00804702850924113,0.00602891055169215,0.00114147989919819,0.166743960391688,0.00283346074269054,0.0222501841749483,0.206567383744262,0.0671449239996438,0.00493253472145924,0.00300925096019624,0.00102004586736859,0.000394371474798969,1.1177286186157,-0.909606136451267,-4.98413388687942,4.14888518921672,4.07496062277413
744.583,1060.79,0.502600552176002,0.00648256941269079,0.0059940615033773,0.00126757384051722,0.168764433845958,0.00292525944747672,0.0224192717527826,0.210763380428428,0.0692512053527502,0.00461998830822302,0.00312205173321912,0.00137523079683512,0.000414421401739875,1.09129186375117,-0.890763309264941,-4.89139914839214,4.35067877767067,4.05512068325455
743.375,1061.29,0.4948828494073,0.00688487290207034,0.00617596918480609,0.00145070056700955,0.167219611566133,0.00283221213121411,0.0231578995126145,0.216876899153059,0.0707315772937572,0.00506781089397863,0.00312144484785792,0.00118301852337057,0.000415134016829941,1.08501307886638,-0.860415876820115,-4.74726139841299,4.27499439480467,4.07824990971205
742.125,1061.79,0.491131391978003,0.00651691186114139,0.00602056829642226,0.00123690173075792,0.170709398191907,0.00278698607524523,0.0234072911625972,0.2181740888308,0.070329282687446,0.00501883618174993,0.00311147492051719,0.00120185241297594,0.000355015670436918,1.05674900770343,-0.886774434034411,-4.92735303639371,4.32231106995965,4.11500193289885
740.933,1062.29,0.487771801439999,0.00629808458738156,0.00579908586053805,0.00121528573955542,0.17386338572274,0.00300054376666514,0.0234463887560409,0.220402387332202,0.0690441717603845,0.00484585634514552,0.0028880779704619,0.000982710840610853,0.000442219878274884,1.03157782517823,-0.923523381090657,-4.96329062557493,4.34960212306392,4.05947632350823
739.783,1062.79,0.481223899826613,0.0069621828585225,0.00616735946635728,0.00142833182167325,0.172963825920857,0.00304468638127806,0.0244824834385086,0.22502582641869,0.0690940829458035,0.00507554561314108,0.00302545678308052,0.00114416109275397,0.000362157432720443,1.02325017609453,-0.917613377109836,-4.7965752688676,4.23583959573169,4.03968457270684
738.72,1063.29,0.480297651384028,0.00615790515415293,0.00558833314382693,0.00150868149870083,0.174471171865459,0.00313211965012907,0.0243263047515571,0.227375041586126,0.0674663836704442,0.00500718018689542,0.00292260979790195,0.00134970668620688,0.000396910624570979,1.01264649497971,-0.950130069656996,-4.75052343407028,4.35666937143513,4.02004954391872
737.72,1063.79,0.483386018371732,0.00756259710343038,0.0061091439920598,0.00143446751194774,0.171013841556735,0.00309254319487558,0.0234978435523322,0.226588910089475,0.0674431776830607,0.00509657868950845,0.00301343653061375,0.00134164902588054,0.000419792698349413,1.03907104633074,-0.930459066750138,-4.78095078946905,4.15760088093623,4.01275070519261
736.749,1064.29,0.482112641094043,0.00729412708409438,0.00607356130958253,0.00142869066679096,0.174595104945893,0.00289640475088426,0.0229121658755391,0.226412783204321,0.0668481978227101,0.00508280010362885,0.00271863140539585,0.00120430601730255,0.000420585719814032,1.01570817477112,-0.960045262531707,-4.80571119998361,4.19110826662887,4.09899938038953
735.799,1064.79,0.488350838792823,0.00829942723077475,0.00618234445515197,0.0013651134837349,0.173046644076738,0.00270014819579429,0.0214334385704717,0.221295307595931,0.0676783931457421,0.0050486061381518,0.00278112950415145,0.00139056475207572,0.00042804405845925,1.03747290240007,-0.938794204018117,-4.84232361364935,4.0748475754169,4.16025451826256
734.82,1065.29,0.486483596442495,0.00681412579092531,0.00652528748629554,0.0013237398046224,0.175167526216685,0.00279374241031263,0.0208750202801363,0.22239934906908,0.0676778875226769,0.00510321974818216,0.00308135161577377,0.00138273656471699,0.000372417048097109,1.02146037489257,-0.950983306593441,-4.8852818926646,4.26820540384382,4.13836074596844
733.82,1065.79,0.481669765107718,0.00627953356104008,0.00635783494305947,0.00135603757042675,0.177498555576779,0.00275953052389557,0.0215032204409317,0.224646665013638,0.0669927642404707,0.00563176758251601,0.00336814581140993,0.00152806333395421,0.000408116294161683,0.998296273320573,-0.974377854138699,-4.87439557534798,4.33996304060537,4.16390190606418
732.791,1066.29,0.481928852838159,0.00812479579285897,0.00594361262365335,0.00122775187591789,0.176254319712833,0.00267518324280382,0.0217549603517548,0.224622837076992,0.0679813238978948,0.00510392401096836,0.00285806363122393,0.00115303854650236,0.00037133639843838,1.00586854453483,-0.952694931508107,-4.96674319653348,4.08287590022248,4.18791007041647
731.741,1066.79,0.492510554811856,0.00745855305588224,0.00601692021700368,0.00127037119335765,0.173390492810805,0.00264371616092091,0.020788779110415,0.219688585628113,0.066527561743617,0.00505005067393625,0.00297323223837887,0.00130397316178264,0.000377209193932135,1.04396965670995,-0.957929910656556,-4.91623709876271,4.19015445640713,4.18336067068375
730.662,1067.29,0.514588185662396,0.00693876153653314,0.00645504714006624,0.00109995328511651,0.169700925352267,0.00232138735473383,0.017505381046568,0.207948598166965,0.0640435652180635,0.00506353997214777,0.00293652187261525,0.00104804785901161,0.000350085533515996,1.10932931619439,-0.974474066780348,-5.03876991427003,4.30624363564607,4.29187262041773
729.562,1067.79,0.521345412971029,0.00660407064347951,0.00596585325649365,0.000928796495298958,0.168084692715235,0.0023658422673201,0.0177940079417912,0.205086508042173,0.0629256983936787,0.00499584736037938,0.00261309867221197,0.000948872870055136,0.000341298370855021,1.13194482714849,-0.982513335894139,-5.19833359765094,4.36872657975416,4.26333387873736
728.578,1068.29,0.5266994256056,0.00633364599182431,0.00537615076645849,0.000778735387153743,0.166186035569098,0.0022427168207871,0.0177434549756363,0.203753340189218,0.0620820589845825,0.00459947009008879,0.00255503285996221,0.00118248605621894,0.00046744670337065,1.15352217889076,-0.984650815086678,-5.36319183059084,4.42075397952553,4.30541985968327
727.678,1068.79,0.528764010707111,0.00655220322121404,0.0054917835129455,0.000726453082733925,0.166798672608784,0.00226310314523916,0.0176063976301486,0.20175216447705,0.0617404403314644,0.00436073642163337,0.0028200505086685,0.000769838475174979,0.000354145877832789,1.15375469588859,-0.993848380834587,-5.43636890982619,4.39074086506208,4.30005058731608
726.633,1069.29,0.527251301677363,0.00621079652593842,0.00548363029274916,0.000689313744338314,0.166567884952341,0.00241558645956707,0.0181861286566251,0.203332612807888,0.0616477586844069,0.00437893528917807,0.00254607793429007,0.000961253993188544,0.000328718982126652,1.15227434440289,-0.993966070292404,-5.4874616934877,4.44138813539412,4.23346084573379
725.483,1069.79,0.528786805425876,0.00632241656811048,0.00563771041375815,0.000864527972667084,0.163867078083178,0.00231100677493521,0.0179140076256307,0.204468275775531,0.0617361895361486,0.00426731007308472,0.00263310519675175,0.000826982757854113,0.000364583796473319,1.1715297366093,-0.976185300441128,-5.24462721703441,4.42648383286187,4.26137233680785
724.42,1070.29,0.524080106777186,0.00573897516594357,0.00550109534203436,0.000797245769670621,0.166437247003859,0.00233400915090837,0.0185118278028763,0.206095496307886,0.0618149135719895,0.00455952917710501,0.00288541259210378,0.000832081727146865,0.000412059611290433,1.14702620465969,-0.990473688220278,-5.34121062276372,4.51436389629343,4.2670308889517
723.42,1070.79,0.521971382260907,0.00588274557349547,0.00537167893857537,0.000720275198922476,0.166825897629268,0.00243877411751345,0.0193517921702201,0.207029806242983,0.0618540062941891,0.00440533461913581,0.00269082062557346,0.00117654911469909,0.00028093721451748,1.14066202368565,-0.992173868338073,-5.44507265871328,4.48558917592623,4.22545523723983
722.42,1071.29,0.517926604653824,0.006564324759461,0.00552551592692231,0.000590927341586586,0.166403758258432,0.0024071163830906,0.0200895565677283,0.209805842387149,0.0620976835450905,0.00479055621159342,0.00266854500666396,0.000883924704610318,0.00024564425384818,1.1354164285433,-0.985708427587474,-5.64047932443157,4.36818389451189,4.23598760425977
721.42,1071.79,0.516797041783255,0.00578688507051733,0.00566044892611947,0.000688590694105255,0.166560168529655,0.00259096837442994,0.0212821208593378,0.209293640164678,0.0629895145532865,0.00415877656496338,0.00285162134903476,0.000985229340577152,0.000354993790040139,1.13229361165676,-0.972388339814181,-5.48846485908482,4.49205606589562,4.16332492111826
720.42,1072.29,0.511981496202507,0.00686134602675963,0.0054850542567354,0.000808343948434552,0.166326344925343,0.00268170978153643,0.022165289097892,0.212236258631753,0.0633812529331201,0.00413174857055291,0.00261562479049142,0.000979781823754202,0.000345749011119518,1.12433669243308,-0.964783669068303,-5.32671942400479,4.31238484785322,4.12749722243745
719.42,1072.79,0.506163869611256,0.00567441665587458,0.0053449405419406,0.000786552803784595,0.168831750070466,0.00283863669259307,0.023602297572161,0.214756530483206,0.0638202850634956,0.00420129657421021,0.00238251224584632,0.00119792182465015,0.00039898986051543,1.09795781253595,-0.972831569789355,-5.36899807836749,4.49089270367744,4.0855787582104
718.449,1073.29,0.497611151598264,0.00602455213282169,0.00575449590941433,0.000909763873180831,0.16933099795351,0.00290837145563177,0.0236538607027016,0.220231807834886,0.0650193875469606,0.00431706898978862,0.00311522303100763,0.000662691158148563,0.000460627813684189,1.07796358473993,-0.9571698718269,-5.22642556036521,4.41397581012969,4.06426207991405
717.499,1073.79,0.491971768306339,0.00590354972313294,0.00572092607490838,0.000957332387535071,0.17671048673047,0.00289987129838686,0.0231345715216683,0.220617056472038,0.063605894322423,0.0044762017356936,0.00261920758637858,0.000974633575261608,0.000408500265765467,1.02390860813605,-1.02180658114144,-5.21811735065214,4.42286751537203,4.10984636907768
716.433,1074.29,0.491201518645951,0.00658137787410788,0.0056495867226513,0.000945295371042902,0.172031217897335,0.00298925546414485,0.0228665021081051,0.225445229296826,0.063683005807779,0.00453838236811924,0.0025908809863482,0.00106972710865977,0.000408020348929742,1.04917850878654,-0.993758217570057,-5.20393379812308,4.31261034175882,4.05265161199995
715.283,1074.79,0.4871440762685,0.00553873162168093,0.0058459512837393,0.000915807183088289,0.176218272255139,0.00278935947138712,0.0227059712773998,0.227282081291298,0.0624016775168849,0.00445127154804574,0.00294638285421696,0.00139565503620803,0.000364762392412162,1.01683651390913,-1.0381312516165,-5.25967284519185,4.47679439843181,4.14591142058622
714.22,1075.29,0.486365936066155,0.00616619853182057,0.00575427863618653,0.00106420716566158,0.175423599036204,0.00293093121034665,0.0226749787255489,0.227678303161413,0.0623937488975085,0.00464839486931962,0.00334382032926453,0.00118632929942603,0.000369274071144866,1.01975768044692,-1.03373852256121,-5.10497353845777,4.36787876866507,4.09188342322782
713.22,1075.79,0.492603795019599,0.00549276635948358,0.00584945191869099,0.000926617444697004,0.173541390346922,0.00282766541173276,0.0211400741485208,0.227180969630089,0.0618557785451245,0.00479660794901978,0.00227303371108852,0.00112647610923949,0.000385373405792459,1.04328905770293,-1.03161060916165,-5.23263061162289,4.49627317048853,4.11696470366118
712.22,1076.29,0.505969711847699,0.00693738748510902,0.0058393563291886,0.000894410127006238,0.167236615247599,0.00286116090628485,0.0212726885207218,0.219665224192462,0.0607504291265609,0.0046918471662423,0.00243013134507865,0.00103903814754342,0.000411999558503937,1.10706714209646,-1.01263552138353,-5.23100052135495,4.28955154890903,4.06818221363047
711.22,1076.79,0.511441215924879,0.00690684935882081,0.00582191507369968,0.00100808061450997,0.167253549242243,0.00263897539085581,0.0198072869256935,0.216200354524984,0.0602153499736502,0.00467609671186062,0.00240641817978569,0.00134244398664942,0.000281464092368131,1.11772173394676,-1.02158361719935,-5.11146277879886,4.30471907396921,4.14912018766258
710.249,1077.29,0.501166681430539,0.00593306328869275,0.00588172527923851,0.00141229857380996,0.169157734524107,0.00274809344725674,0.0213505721671485,0.221550689741256,0.0617143271298228,0.00476638185815409,0.0026202517374393,0.00124721164144729,0.000450969181088285,1.08610712320838,-1.00831550973744,-4.78561304875377,4.43639808876698,4.11992424067723
709.299,1077.79,0.487649407118142,0.00681238114921478,0.00587888023400811,0.00166527070043224,0.174100887320308,0.00281929142929472,0.0223704001099632,0.224941087587899,0.0648456806299549,0.00464574925809421,0.00277874742768087,0.0010778771160755,0.000414339918931774,1.02996177624939,-0.987624640381834,-4.64964725031464,4.2708550057731,4.12314935620424
708.378,1078.29,0.474862229505458,0.00674185458674818,0.00589265933349111,0.00173915983366115,0.177558374715858,0.00295527903124124,0.0231152141185174,0.234871099320047,0.063515628573531,0.00474813505187648,0.00251477142328704,0.00117137237510167,0.000314222131181774,0.983725292329907,-1.02801343160321,-4.62589728409061,4.25468967050468,4.09570635327157
707.478,1078.79,0.480905409573063,0.00638311338012676,0.00583662082759466,0.0023165658568732,0.175029308676875,0.00301073194841673,0.0224272908736748,0.231566173316497,0.0629018955455834,0.00518967008525887,0.00284497593524063,0.00116732416551893,0.000420919815277481,1.01071715901845,-1.02337713894204,-4.32486758311116,4.32201462812915,4.06277021662351
706.433,1079.29,0.481464876591782,0.00594624488891329,0.00611500478830799,0.00216134666333213,0.17643237506176,0.0029522816135073,0.0217171624751181,0.229221691543502,0.0644754312018755,0.00502721507534215,0.00292788259190806,0.00115082051876386,0.000407666985887199,1.00389562393716,-1.00665341919124,-4.40220617615393,4.39407337354996,4.09035935911114
705.283,1079.79,0.482686349831083,0.0065647780617607,0.00588951473444889,0.0018765212464244,0.176942346727918,0.00281681273678642,0.0217434791394404,0.226728039471934,0.0650801532492351,0.00504365856655304,0.00309402610273548,0.00115454797466696,0.000379772157014463,1.00354310866986,-1.00020431768257,-4.54640429291569,4.29764836258122,4.14021794424254
704.133,1080.29,0.478595556056574,0.00558109854539159,0.00629169468119799,0.00199087699238676,0.179038017899776,0.00265919970368342,0.0215936678436125,0.231317159386915,0.0635701718716659,0.00502651147622824,0.00296115273589577,0.00105280957231373,0.000322083234359839,0.983257716342949,-1.03545380918597,-4.49902293244198,4.45147026118311,4.20957295954236
702.983,1080.79,0.479802084684233,0.00660905686303433,0.00610714077112923,0.00170473276185517,0.179252352917301,0.00262837716766868,0.0215764521165119,0.228695542846508,0.0648164739355072,0.00469345994422495,0.00264223678361873,0.00109688960518904,0.000375199603218995,0.984579089448756,-1.01723480740221,-4.65538624531398,4.28493273496868,4.22242799662561
701.92,1081.29,0.482440975560093,0.00565820155336232,0.0061476653555563,0.0011287035278593,0.1804613881585,0.00268128270841858,0.0216019954460288,0.223945352345413,0.0670320677104645,0.0049210690672582,0.00267051450477031,0.000975990821574781,0.000334793240700677,0.983341743980409,-0.990345711438273,-5.07444718530049,4.44575248788354,4.20922153630647
700.92,1081.79,0.487498600403084,0.00640715473943504,0.00637216481653284,0.00108368789788541,0.176037301257238,0.00266523241306504,0.0215048066156947,0.22095136600659,0.0678974455356857,0.00508353594164881,0.00300913336958956,0.00117366198534822,0.000315909018202758,1.01859150792191,-0.952697498663524,-5.09032596706235,4.33187212547962,4.19040464832329
699.978,1082.29,0.482092245299521,0.00676957109352067,0.00603721110101458,0.00151581486821027,0.177311267022861,0.00270702694904438,0.0217604090796609,0.226854268376375,0.0662951100193059,0.00480291902062129,0.0024936306721582,0.000990839989861172,0.000369686507845068,1.00022871717983,-0.983790619742527,-4.76195359768108,4.26569774509709,4.18205579294929
699.078,1082.79,0.485699032271412,0.0061470798090984,0.00616019950003885,0.00144720283143115,0.178069528306742,0.00258256070127776,0.0211721535568996,0.223329434430308,0.0664290320594786,0.00476951226035118,0.0027844021003616,0.00106370417317185,0.000346157999428789,1.00341507441942,-0.986039891752592,-4.81254147090309,4.36961201564559,4.23339265590286
698.149,1083.29,0.498182840311649,0.00636203838601381,0.00595921486032812,0.00126488566542092,0.171728518717932,0.00253274054601888,0.0209537515044024,0.216306335909292,0.0676535678089567,0.00476954931272566,0.00267427313612466,0.0012460806359663,0.00036620320516881,1.06505230854878,-0.931514757856438,-4.91093311528505,4.36061833191391,4.21661291406274
697.199,1083.79,0.513794213787384,0.00565351026979558,0.0056866858564668,0.000994291847587452,0.168463677611358,0.00223837634775821,0.0201570961604137,0.20720495682295,0.067327901644143,0.00436356539981461,0.00262379860467385,0.00106747328877397,0.000424452358881788,1.11510265958943,-0.917145426590138,-5.13244466959541,4.50954618407828,4.32096940512882
696.278,1084.29,0.527698833489138,0.00630194240790665,0.00537402482278255,0.000880534559500741,0.165569124430787,0.00222601505793068,0.0184823414322112,0.200529900169888,0.0650717013763782,0.00424769081786064,0.0025764520182701,0.000765038434543805,0.000276400982802923,1.15913695195848,-0.933899017865712,-5.23661487985108,4.42766782525993,4.30917576049431
695.378,1084.79,0.532723423665307,0.00564529088319458,0.00595670013983473,0.000628807152831079,0.163640573831442,0.00223176633925443,0.0176525131824928,0.198431575301653,0.0642032065172368,0.00444556675985655,0.00285458485253474,0.00123166353427548,0.000354327840087354,1.18032998482012,-0.935619244524803,-5.56160306228917,4.54718065891846,4.29487904739976
694.478,1085.29,0.523248392165757,0.00679745338495683,0.00614081981996576,0.00062099391425964,0.165113101891601,0.00250773542419284,0.0192302915431429,0.204121239611852,0.0631372612548397,0.00473899355786313,0.00285333203734603,0.00106378957486217,0.00042659581936097,1.15342558345159,-0.96131959865151,-5.5830647020864,4.343508248711,4.18725058062592
693.578,1085.79,0.50784051789551,0.00555715301240425,0.00587664438214363,0.000641977971070056,0.168697433685573,0.00286244299075871,0.0218851588271472,0.211630084904832,0.0657742873345634,0.00442395706035991,0.0032498262765677,0.00116714191007915,0.000393373748991605,1.1020606799984,-0.941877785170324,-5.57130806599554,4.51508152814572,4.07643132434979
692.649,1086.29,0.50511239786044,0.00562974729697237,0.00553317540215296,0.000722318356149265,0.170638596435906,0.00282029349972605,0.0232472201090277,0.211402775752177,0.0661162725613626,0.00439599206927949,0.00281536636223526,0.00113127076788452,0.000434573526687347,1.0852331256953,-0.948132951317033,-5.46483714961411,4.4967164184716,4.10270689138437
691.699,1086.79,0.506348997913781,0.00685500233502528,0.00552902391993973,0.000694089967092434,0.166293292997787,0.00284053603886904,0.0236118941152426,0.21188799382329,0.0669831374643699,0.00444494030135155,0.00283954871316905,0.00125489096468632,0.000416651445395459,1.11347309609302,-0.909312146566609,-5.47890674594209,4.3022474970925,4.06976027420121
690.749,1087.29,0.499644669393028,0.00697404840669357,0.00600922364498436,0.000630923630332575,0.170649392848137,0.00292935947795804,0.0233043055304991,0.214600748935254,0.0666287248664645,0.00431679343281261,0.0027150647219999,0.00123294238660568,0.000363802725231264,1.07428606710038,-0.940475328605842,-5.60018157081796,4.27170129531661,4.06482732654322
689.799,1087.79,0.499440153569334,0.00634926999433638,0.00551827144281998,0.000575383798034272,0.170457951373052,0.00285486595261604,0.0235726923250417,0.216058620983465,0.0665530601095635,0.00449881966128539,0.00267743924137551,0.00105954821345336,0.000383923335622171,1.0749991314414,-0.940489120898964,-5.69120663279992,4.3651479334623,4.08946375658762
688.791,1088.29,0.499065346730195,0.00668526427531044,0.00561285703705532,0.000577677932209248,0.170673710716666,0.00301775001851532,0.0237489816574913,0.215514355543486,0.0662779272718296,0.00480707038289678,0.00251907077789024,0.00109018194386155,0.000409805712592885,1.07298343329862,-0.945896689482662,-5.68849238557011,4.31283130019426,4.03524208251556
687.741,1088.79,0.493419712589341,0.00717057268311764,0.00554614814792296,0.000656660697945199,0.171759333854203,0.00310799129721902,0.0243511675488011,0.218541341756426,0.0669976317653532,0.0044932616276065,0.00244423704235158,0.00107619392163241,0.000435747068080919,1.05526588063888,-0.941437003230189,-5.56668211059375,4.23137463230522,4.01211764283177
686.749,1089.29,0.480104843829776,0.00691655397245811,0.00607784409779581,0.000759220967950684,0.177997062986806,0.00318159444555978,0.025028814728683,0.223608409111059,0.067325065807643,0.00460118479234542,0.0029787958245904,0.000951828703444214,0.000468780731889013,0.992237454614279,-0.972234433922443,-5.45722946366875,4.24008683995884,4.02438458097294
685.799,1089.79,0.478007873361658,0.00686335888225009,0.00586551260933255,0.000953272429254219,0.173368951886588,0.00335316869376351,0.0254658473183768,0.228654700615727,0.06896384048237,0.00450803646140412,0.00261364810571295,0.000962389806367171,0.000419399347195799,1.01420521037347,-0.92183967719583,-5.20327654472502,4.24343024893596,3.94551621593929
684.849,1090.29,0.469556672746148,0.00728385452404573,0.0060078966914141,0.000935492893711036,0.173380460664776,0.00353245468935455,0.0273241446211254,0.23174662704004,0.0711299350392897,0.00474241470305696,0.0028651434090702,0.00109891606439292,0.000395986913575332,0.996300625685068,-0.890980098925424,-5.22217010394676,4.16612881040931,3.89349536570151
683.899,1090.79,0.465147329055691,0.00705014825430024,0.00621204883569809,0.00107801748066669,0.176988522664188,0.00355358456950308,0.0265426838977325,0.232814120522785,0.0711717469047342,0.0048209544220234,0.00312861759858158,0.00108554854091087,0.000406677253185639,0.966269305317889,-0.910988960235223,-5.10096119857909,4.18930554650229,3.90812805483311
682.92,1091.29,0.470657435219082,0.00780930755717698,0.00622006344338331,0.000866764682340749,0.175723637926168,0.00319007317473892,0.0255911482578346,0.230040189234846,0.0704038301941637,0.00502786706378461,0.00301945849850659,0.0010931977403034,0.000357027007671341,0.985217993770671,-0.914664854013734,-5.31190027689174,4.09881421676745,4.00886866654157
681.92,1091.79,0.473139915232015,0.00727851308136953,0.00645527950764782,0.000883826907828136,0.173104708415474,0.00332218624928307,0.0256612769940692,0.229254879591643,0.0713507403356244,0.00488925523479395,0.00287609394474097,0.00140200438570373,0.000381320119807648,1.00549448625999,-0.886288942382309,-5.27739070350499,4.17446455434108,3.95327358733699
681.007,1092.29,0.47671563584489,0.00684998718001475,0.00598688035419034,0.000885264825020391,0.173282939712305,0.00330576245147662,0.0254426587910807,0.228036410868393,0.0698272414662687,0.00503514153158201,0.00289320160930383,0.00126933681108406,0.00046953855439103,1.01199441364346,-0.908901535691784,-5.27679418963307,4.24267338110926,3.95925860514809
680.157,1092.79,0.479596622141118,0.0080564975716721,0.00602004128210609,0.000903910102418332,0.173280630057244,0.00315730481656474,0.0245129785539353,0.225924354422088,0.0693692515305325,0.00492684177000486,0.00279148708099779,0.00111446798509931,0.000345612686218774,1.01803296074283,-0.9154687114982,-5.25593778707287,4.08646646243415,4.00519366179348
679.249,1093.29,0.473403898153882,0.00680743392675001,0.00626919153861649,0.000836673811257046,0.177776664581199,0.00328914061342579,0.0254700561370823,0.228314960260659,0.0684132720980475,0.00483778653413469,0.00285215174385205,0.00134933636312283,0.000379434237971348,0.979420862281285,-0.954961226814279,-5.35884906535112,4.24193369185322,3.98990175021042
678.299,1093.79,0.464399259816492,0.00753142210776589,0.00600822548142128,0.000977393653530423,0.179355030008182,0.00340550305572791,0.0263841376697398,0.233117171927936,0.0691764085725111,0.0050033769499827,0.00309910661827287,0.00103340160446306,0.000509562533975411,0.951377406622103,-0.952707361435147,-5.21223303673472,4.12166077306014,3.96397458036046
677.349,1094.29,0.471457476322062,0.00788477816239218,0.00637742639172043,0.00100892664038407,0.176546792129274,0.00327379678087628,0.0250387267543412,0.23021422399928,0.0687530259565316,0.0050995258374146,0.00276000171265023,0.00117140884144701,0.000413890471626546,0.9822429574785,-0.943065202960318,-5.1646989189918,4.09089482403996,3.9876355460228
676.399,1094.79,0.476209953621898,0.00778131176293504,0.00621065169304067,0.00109182689580852,0.176641448846656,0.00330493056373608,0.0245382913836206,0.227183981012465,0.0675656514094493,0.00505338062765322,0.00258722617068712,0.00133178885093127,0.000499557161119183,0.991736870710284,-0.961022226642185,-5.0862696208768,4.11413390498347,3.97870650168861
675.478,1095.29,0.481516507033773,0.00724919856324942,0.00616934503065584,0.000999137207935069,0.173268498490932,0.00326137582066142,0.0247700948198663,0.225006571835893,0.0683863606863505,0.00479389522802907,0.00306176653130321,0.00108639809945778,0.000430850651893398,1.02209810740479,-0.929669006192235,-5.15570557025081,4.19604959341519,3.9726932685402
674.578,1095.79,0.486216271523372,0.00784006738928246,0.00643792855913182,0.00109680821231089,0.171997501052958,0.00321896427956591,0.0235375258908454,0.2216581184921,0.0678960013599123,0.00509100909603731,0.00327418364662204,0.00135341585921877,0.000382204638643379,1.03917358010444,-0.929502805249317,-5.05507561118905,4.12740609815336,3.97842029243964
673.62,1096.29,0.491270659015002,0.00707321715478458,0.0060566814362076,0.00104311876561089,0.173695755963375,0.00291881856432406,0.0231336308507957,0.216517854769371,0.0686725170636579,0.00497315643910515,0.0031559393438666,0.00108139835333973,0.000407252280559605,1.03968997646641,-0.927956163359029,-5.11509020103751,4.24067979675647,4.08612630665924
672.62,1096.79,0.494637927317281,0.00747861113010007,0.005910532210823,0.00107904022211822,0.174934926302394,0.00293318048683014,0.0222686137067556,0.213126219310193,0.0681856664335407,0.00472632237641256,0.00336542759335118,0.000960198560228008,0.000393334349972919,1.03941197988657,-0.942179681905151,-5.08834209227045,4.19177893800422,4.08832673037367
671.765,1097.29,0.507165221517845,0.00704503602985552,0.00587928837811489,0.00101925546895552,0.168510370511743,0.00275962386584617,0.0218046392629999,0.210769238704885,0.0656470673193478,0.00466299060696251,0.00313204413334915,0.00120288651498192,0.000402337685114021,1.10183953724712,-0.942704365660669,-5.10792486559302,4.27651357162691,4.11190290401078
671.015,1097.79,0.514204221334855,0.00679345611604596,0.00574321571184093,0.000802705565968544,0.167078885176432,0.00261897970825524,0.0214672805802298,0.207625702876701,0.065107774427512,0.00461963165186211,0.00264750224105615,0.000935131611115639,0.000355512998125662,1.12415443710461,-0.942422102279015,-5.33823336702326,4.32666069135344,4.15568124961525
670.207,1098.29,0.510649480450104,0.00669792869328462,0.00562953421447158,0.000689286760524547,0.169341601902431,0.00270652754562217,0.0219074718684841,0.207153288759456,0.0663675449328807,0.0045266753976323,0.00289823542589306,0.00112116799641571,0.000311256052799366,1.10376541874434,-0.936709831992052,-5.50401588425676,4.33388507825092,4.13625152306688
669.357,1098.79,0.498430752960268,0.00688392067702413,0.0059376625712102,0.00074180641100571,0.173276557846985,0.0027595626660501,0.0224768412962452,0.212315056850416,0.0680406676899956,0.00462531818464022,0.00302824002414885,0.00109076584821763,0.000392846973793789,1.05657575057292,-0.934783337690508,-5.45355588983313,4.28227631346109,4.1398167055239
668.449,1099.29,0.497268717531659,0.00652789995186802,0.00586608521020398,0.000796667275231946,0.17400748535294,0.00275929030223565,0.0223772219548223,0.213563882757133,0.067868168163184,0.0046410018090986,0.00297920366466947,0.000996871421221225,0.000347504605732685,1.05003224156148,-0.941531197583532,-5.38641647639451,4.33304526757672,4.14412480776643
667.499,1099.79,0.497076185489749,0.00707957333661852,0.00612892297268164,0.000600572854106994,0.171222807395772,0.00277187471126305,0.0230404385721765,0.215506072458858,0.0677025265124683,0.0045725666533206,0.00284579137023007,0.00109951030213434,0.000353157370620181,1.06577762946841,-0.927842177143535,-5.65283699801566,4.25152966237239,4.1234417932551
666.607,1100.29,0.503426036273322,0.00663976044785835,0.00579251499704566,0.000671987822098485,0.170537690404895,0.00284217800166244,0.0225972179103282,0.211141377825403,0.0675292680239953,0.00447557910127888,0.00283316475218571,0.00116371065466235,0.000349513785264339,1.08248047182158,-0.926395226130558,-5.5364713908875,4.32836091650086,4.0943856701392
665.757,1100.79,0.509979991024377,0.00549021990275755,0.00535695738146985,0.000866206388370101,0.167477673628327,0.00267896862647495,0.0225860376153064,0.208356931904811,0.0686595946075713,0.00435454885737187,0.00274168040119858,0.00105336184106093,0.00039782782090301,1.11352144105339,-0.891689166944157,-5.26448212567109,4.53140318179684,4.13541817102484
664.878,1101.29,0.518674238182218,0.00524612574482628,0.0052799156603708,0.000840886183979332,0.163227496881674,0.00256610272906666,0.0227019961151251,0.205200364544917,0.067951520160029,0.00419477665831251,0.00271670920977938,0.000996319795484123,0.000403548134217406,1.15613109986894,-0.876350402041172,-5.26844387645073,4.59378616318588,4.15275661403005
663.978,1101.79,0.522021607122398,0.00513075284097747,0.0052539910401978,0.000751945574930269,0.16365840296773,0.00254275065735063,0.021472330617279,0.204524382388876,0.0663570306911256,0.00423149910604166,0.00260148136166657,0.00110721819612011,0.000346607435307166,1.15992763316126,-0.902731627960602,-5.38287267823384,4.62245657893801,4.16453491577639
663.049,1102.29,0.52339385847538,0.00612075983586117,0.00568993907379358,0.000650112411228121,0.164462914968208,0.00253252745269462,0.0218360144810114,0.201821091005064,0.0653780209607885,0.00407921280119854,0.00266740152009866,0.00102659541952142,0.000341551595152684,1.15764915225755,-0.922498972824346,-5.53329509456101,4.44864801112064,4.17346730662928
662.099,1102.79,0.526356471687148,0.00670252085367234,0.00525825180150028,0.00056677490692808,0.160347430140917,0.00251068816639207,0.0218941981813334,0.201696105076807,0.0664958350195926,0.00412757901762852,0.00262960540574754,0.00107313218418362,0.000341407558149571,1.18863578657856,-0.880203585033505,-5.64513594307,4.36349498357752,4.15678601400625
661.149,1103.29,0.519558365721136,0.005462420480693,0.00579016570953458,0.000644855656747298,0.162358605487557,0.00266546783456117,0.0233192180520912,0.204418276388808,0.0672941199218826,0.00420364676992092,0.00276021424289885,0.00112052129860587,0.000404122435562774,1.16317165110957,-0.880734641231287,-5.52853627813833,4.55508715102304,4.10942791303016
660.199,1103.79,0.515817991255685,0.00627039288214301,0.00584484387611073,0.000615850696370306,0.166603870296488,0.00273881427702571,0.0239340236471367,0.200648747068971,0.0692019187000578,0.00405562547097278,0.00301518205847139,0.0008396225332502,0.000413117237316727,1.13013501259876,-0.878590371415574,-5.60036968138292,4.40991495982242,4.10809387940674
659.336,1104.29,0.517818680978197,0.00605504656066971,0.0052363148811994,0.00063376592160832,0.169652095370974,0.00269937336981321,0.0235836035836411,0.199451299548759,0.0673463141112912,0.00383076290394362,0.00266745034561368,0.000756763456024156,0.000268528968266636,1.11587530196631,-0.923901668310656,-5.58982544383335,4.44873307766181,4.14073018147443
658.536,1104.79,0.526170014758899,0.00547567184414159,0.00551541089718768,0.000659853113369973,0.164649062574222,0.0026431091095772,0.0234423446410963,0.197462430422001,0.0663411144863635,0.00395080120400089,0.00249524286568477,0.000891818283476225,0.000303125799979484,1.16180806712703,-0.909006482369455,-5.51955433959167,4.56530940305494,4.13186039811735
657.62,1105.29,0.53357892665849,0.00582326474249475,0.00558698766026849,0.000583797459975398,0.160008311069351,0.00255124086839642,0.0228462470557301,0.196626661984029,0.0643813677593026,0.00422264839947559,0.00274706584315982,0.000673895335688136,0.000369585163637968,1.20438124298439,-0.910401487326889,-5.61342692948702,4.51774594426551,4.13864590219918
656.62,1105.79,0.548771900795232,0.00629764488045446,0.00500088578897719,0.00059172502232458,0.156677634862496,0.00253326654694277,0.021453179532789,0.190421248863537,0.0600483991500023,0.003645673617787,0.0026717553819549,0.00109082439525793,0.000795861162245066,1.25349246057994,-0.959039523793173,-5.57890365466934,4.46750713891908,4.12468081811828
655.504,1106.29,0.533555310144783,0.00573670745467512,0.0054996000542487,0.000667960147504791,0.16053647163891,0.00269859589979491,0.0216551941743542,0.198836236284444,0.0620151176726202,0.00437310925300098,0.00268291175268499,0.00114217494835764,0.00060061057462102,1.2010415851102,-0.951142965629211,-5.48204792103027,4.53267730790749,4.08578955375003
654.304,1106.79,0.509995423050605,0.00549143294769136,0.00531379293155875,0.000628084342754598,0.167012430269496,0.00295734373796285,0.0233206900770831,0.21368100022205,0.06299151225127,0.00422257568960126,0.00287577434279991,0.00118003725002379,0.000329902887103425,1.11633350886927,-0.97506825125342,-5.58314906018077,4.53121251929496,4.03377676277735
653.249,1107.29,0.513026913707592,0.00536341227912505,0.00570122234857483,0.000738846622486409,0.164533375002597,0.00290028912567709,0.0232998624372364,0.215339467506555,0.0608627163361879,0.00429217500006774,0.00257693082390431,0.0010405272727437,0.000324261537252593,1.13721486998193,-0.994492661170717,-5.40577836413487,4.56072791539585,4.03830300664811
652.299,1107.79,0.514306250237042,0.00605255538462819,0.00535507307376014,0.000740034282088118,0.162682661274284,0.00292961071421634,0.0231242212295485,0.215445255501461,0.0612424620570548,0.00430052422178457,0.00254016767326746,0.000830688481643912,0.000450495869221142,1.15101746575109,-0.976960666462002,-5.39286020656793,4.44233834511721,4.01693188769722
651.32,1108.29,0.511366821999862,0.00543587526653156,0.00561710257182312,0.000724909221166217,0.163929536558361,0.00284961059726668,0.0224504763352063,0.217969253654987,0.0605204810452285,0.00469680766213944,0.00300818448939679,0.00105999095751258,0.00037094964051865,1.13765050357942,-0.996454842942289,-5.42114552451573,4.54406663373616,4.05225432795657
650.32,1108.79,0.505960099798818,0.0058885940619317,0.00580162762517852,0.000824248561671765,0.16737463788142,0.00264088079607144,0.0219194072367671,0.218859734733042,0.0619259007307113,0.00444301862434558,0.00283993730686204,0.00116631654623426,0.000355596096946319,1.10622317153332,-0.994296119712751,-5.31351778253882,4.45344054201816,4.14912214410243
649.32,1109.29,0.494952810996276,0.00687416497796984,0.00615192998896751,0.0011689064904652,0.173629867500719,0.00279045336659991,0.0218610384067854,0.221431676669522,0.0620714216787885,0.00480395697230338,0.00279144818063435,0.00107738359929687,0.000394941171672073,1.0475365914608,-1.02864015063648,-5.00085714700017,4.27669224827751,4.13072175562164
648.32,1109.79,0.494513511608018,0.00629114610847093,0.00578229589537713,0.0015265506392814,0.172767930583839,0.00280685047262784,0.0225631132641311,0.220141067992811,0.0648232256403287,0.00463176308424536,0.00286611415206447,0.000967632834939413,0.000318797723865995,1.05162522221957,-0.980285292731063,-4.7289385461484,4.36443120914952,4.11988622574588
647.436,1110.29,0.503341100801026,0.00645745242724001,0.00575051411373738,0.00155996359063368,0.169639655561674,0.00287065991465661,0.0225219104905764,0.214790743194442,0.0649617058053733,0.00420996067911028,0.00256929170297558,0.000887759240511243,0.000439282478043538,1.08759155887997,-0.959878559369017,-4.68901403254515,4.35603319417145,4.07913457543599
646.636,1110.79,0.499101882742131,0.00644702009299569,0.00607455674859525,0.00145681227446944,0.171394214402717,0.00274541529662901,0.0216899823380285,0.216708585480338,0.0654494190773322,0.0043434031935728,0.00317294714624994,0.00103328540704637,0.000382475799895069,1.06884399809214,-0.962688634157943,-4.76771557561689,4.34919222577645,4.13403389510023
645.72,1111.29,0.486260767529133,0.00580620892174539,0.00592694294469284,0.00143284344588871,0.173959766634105,0.00293154181338511,0.0231899126224926,0.226542925934167,0.0645627682216078,0.00494311032794753,0.00296247367050388,0.00114647431707947,0.000334263617251196,1.02792099246942,-0.991186144916706,-4.79916315256431,4.42781718998523,4.08329554543865
644.72,1111.79,0.479105593906622,0.00483710587473386,0.0056423349925065,0.00147959656397369,0.175483591188138,0.00306235415371184,0.0251951701536049,0.23151817687722,0.0644259709792751,0.00473203445960338,0.00298020741097347,0.0012159628314645,0.000321900608172455,1.00437547865402,-1.0020287131392,-4.77577608232485,4.59560443757172,4.04836158957221
643.749,1112.29,0.482986140123418,0.0054311038425177,0.00572683378381296,0.00157347105273287,0.170651197330732,0.0032398858013014,0.0258467968692057,0.230535102205207,0.065292476911941,0.00486311459018871,0.00262213881281797,0.000882495697833473,0.000349242978291545,1.04036626622116,-0.960744870064283,-4.68633765100787,4.48784555864328,3.96408360895189
642.799,1112.79,0.485952903941992,0.00583764377996646,0.00586598644275963,0.00141902265051135,0.169593046600061,0.00303549918514844,0.0253723517324453,0.228359668390845,0.0653695174661659,0.00451687569380477,0.00322539502586268,0.00109969531637497,0.00035239377406174,1.05270999003877,-0.953345667678768,-4.78343336334104,4.4217844606429,4.02302583654926
641.907,1113.29,0.493948336568411,0.0056331723318136,0.00535950736544336,0.00136644397297582,0.166771994763689,0.00304605094870522,0.0245583743360568,0.226802427060293,0.0640460659955762,0.00435042657879294,0.00304228923095442,0.000780556433289697,0.000294354413999609,1.08580335114537,-0.957024973105852,-4.80441585356631,4.47375817717247,4.00278159796526
641.057,1113.79,0.494928308024614,0.00598940894923272,0.00553148310151032,0.00117512539334058,0.167691326268902,0.00311035173554829,0.024251417145266,0.227590078957235,0.0611251732377316,0.00445428482428145,0.00277646690156739,0.0009857996355246,0.000390775825245797,1.0822879740264,-1.00920116383344,-4.96075008614072,4.41442018546319,3.98738912773652
640.149,1114.29,0.495328750878221,0.00642769104163304,0.00552637741901473,0.00115789876363284,0.169787519512134,0.00292227149693637,0.022992827745531,0.228551115025719,0.0587775910667317,0.00448137611742829,0.00269927568347284,0.00100114856839487,0.000346156681150509,1.07067391524202,-1.06078709211092,-4.98794081820078,4.34460630305421,4.06218654629469
639.199,1114.79,0.488219434782974,0.00518873074873571,0.00539870636356764,0.00130091558700316,0.171796448705757,0.00282020581343153,0.0221444949526528,0.236073250693153,0.0585981281373856,0.00446268173389464,0.00261209664850922,0.00103494647488272,0.000349959358053218,1.04445462798546,-1.07560758521604,-4.88324202397979,4.5442758560411,4.10950047246758
638.191,1115.29,0.463482993822199,0.00557058539834187,0.0057690099441931,0.00137611097076453,0.174407826745975,0.00319592127322417,0.0238752497531176,0.256153227843741,0.0571058493902579,0.00481546976551914,0.00266770778311095,0.00125852605470454,0.000321521254851526,0.977373304951566,-1.11648983602287,-4.84213500498121,4.42126954668773,3.99952099390643
637.141,1115.79,0.438781398521971,0.00515051445701488,0.00622414797486564,0.00137542147431647,0.179705582985744,0.00324833582232188,0.0245417624233756,0.276157928381145,0.0549135194602934,0.0054587039761935,0.00311390300535079,0.00102059199822951,0.000308189519178625,0.892681474127383,-1.18556028736821,-4.87255965075056,4.44490473154985,4.01317705114829
636.149,1116.29,0.411488047730812,0.0057488471818636,0.00605189706496643,0.00115759594987027,0.181510498903833,0.00354559262633221,0.0244669552769357,0.307587440811992,0.0483314510265018,0.00585350404840062,0.00295860411401592,0.000971033709521682,0.000328531554955321,0.818466476851537,-1.32323098851727,-5.054968099633,4.2707806294859,3.93560817877064
635.199,1116.79,0.437446276897973,0.00602518247643468,0.00602791415958857,0.00127023266655983,0.172592294468159,0.00332445839828669,0.024187233205612,0.285543750637393,0.053292406649281,0.00602427191538338,0.00282729206427833,0.00110906336048019,0.000329623100569647,0.930021768812425,-1.17513827712689,-4.91173204807679,4.28500613713262,3.94962536067662
634.307,1117.29,0.501912625489948,0.00687031976661351,0.00587003579601675,0.00158099892798643,0.16455064355205,0.00279548909267955,0.0220701161724694,0.219634061143095,0.0655598691573541,0.0044541132010954,0.00328383991133043,0.000997336178934884,0.000420551610427715,1.11520766537044,-0.920254628259292,-4.64516150619681,4.29121540122427,4.07521130662876
633.457,1117.79,0.508159243420685,0.0048895910794505,0.00511104163642657,0.00126077943152339,0.166223765552715,0.00279325450437877,0.0221711087043095,0.218745696601571,0.0624155603443463,0.00423640498282362,0.00259599602505555,0.00103839841002222,0.000359159306692273,1.11746000385981,-0.979520257115413,-4.88160473973876,4.64368619360132,4.08612746085915
632.549,1118.29,0.520672948282678,0.00615415667129285,0.00548013439707874,0.00111935841967701,0.161124654308974,0.0026146138768965,0.021345581774734,0.214183539598346,0.0590371295539324,0.00437744136330263,0.00289051859903359,0.000717537448510901,0.000282385705543,1.17294379044858,-1.00401175532974,-4.96942263417594,4.43799437119773,4.1210618861776
631.599,1118.79,0.513745721795943,0.00515539060587529,0.00569265877145291,0.000878332598333368,0.164829472367822,0.00267167138992008,0.0215604064534525,0.21837200411111,0.0590197331445866,0.00437149251446086,0.00245804769951123,0.000866413679984377,0.000378654867548728,1.13681699970199,-1.02703959060514,-5.23464138215653,4.60168555153718,4.12220717337224
630.707,1119.29,0.509416383484035,0.00459554698677524,0.00550478313865088,0.00117940405090286,0.165407379084158,0.00263166870414551,0.0220891428407302,0.222070832458205,0.0586174584111973,0.00450040480306466,0.00269180574479276,0.000937958320542993,0.000357231972800106,1.12485432918218,-1.03737881784465,-4.94340212586914,4.70817793606232,4.14079326190715
629.857,1119.79,0.508293717539016,0.00538608592984109,0.00536649692497144,0.00105691585364876,0.165214557479928,0.0027299949513792,0.0228621495015043,0.22153383688948,0.059122287924536,0.00456423813462811,0.00277006337043075,0.000812943702090414,0.000286711798546674,1.1238144870833,-1.02763700198115,-5.05188988248164,4.54724051606769,4.10294521765955
628.891,1120.29,0.501163534532506,0.00601673950872986,0.00541819694644878,0.000918838881110122,0.170958607516227,0.00275025386614656,0.0225433138143444,0.220525804878703,0.061105916982415,0.00424616293062185,0.00264199728911216,0.00130534170159656,0.000405291152037863,1.07551099816274,-1.02881276344766,-5.22606595768236,4.42238696130362,4.12972824351238
627.841,1120.79,0.506774795807894,0.00642680385037451,0.00536257447764382,0.000708872506057638,0.169533764426016,0.00262835195427864,0.0225688434883156,0.21445878965083,0.0624489059427452,0.00456900551631696,0.00297910575273054,0.00118482976012491,0.00035535686667305,1.09501460804541,-0.998703389649368,-5.47713169795985,4.36758936888258,4.16669509071747
626.82,1121.29,0.514940131368032,0.00506423016991359,0.00553207035123428,0.000550783958487106,0.166495187397019,0.0025265233696422,0.0210994057870526,0.212829072446264,0.0623168713234472,0.0042636829273748,0.0027296890260723,0.00128329866469838,0.000369053210762934,1.12908423965505,-0.982734207588756,-5.71137904105696,4.62184850813181,4.18812220896439
625.82,1121.79,0.512611798088826,0.00539598199175627,0.00544141988788895,0.000596256473741069,0.168023776074629,0.00260572424760872,0.0213001729421965,0.212550132372646,0.0626486584229341,0.00419512330824976,0.00322330871341206,0.00101817979497309,0.000389467681137246,1.11541333619187,-0.986563226370434,-5.64118987305455,4.55386422882737,4.16639483496438
624.762,1122.29,0.509886721442811,0.00602817058856408,0.00566299629236301,0.000619492109626814,0.166182251783951,0.00264099267788273,0.0216170141411883,0.214003316378812,0.0642632235947311,0.00446500102472379,0.00322042740297729,0.00107316527863171,0.000337227283736702,1.12110349781368,-0.950097571113153,-5.59194040308946,4.43774500650172,4.14193022758346
623.662,1122.79,0.510779542430194,0.0062935639402724,0.0055669485167998,0.000602214339298302,0.167588993896807,0.00258414979398427,0.0220406678453355,0.211639229316435,0.0644096037636983,0.00434272875663001,0.00285085817899431,0.00100180570058544,0.000299693520965352,1.11442355627978,-0.956251768260706,-5.62865636871463,4.39641055886834,4.1721179629699
622.591,1123.29,0.512531218466784,0.00541741817917302,0.00553865494338243,0.000698510279945014,0.165443418802143,0.00268306285100375,0.0224483857791141,0.212361113960693,0.0638386170802084,0.00450720985710848,0.00288263721670232,0.00130842446296776,0.000341328120774199,1.13073236722578,-0.952270965383636,-5.46743463923401,4.54974227198448,4.12167025919968
621.541,1123.79,0.513707491059928,0.00618573959626679,0.005567258641295,0.000704045237464135,0.166123984505425,0.0024274214924457,0.0210171919104551,0.21250912608176,0.0630264644745469,0.00446329338783406,0.00276967862241505,0.00107234367080072,0.000425961319364034,1.12891961574411,-0.969179694969607,-5.46364707130754,4.41940744220468,4.22590482442825
620.578,1124.29,0.504199179478184,0.00540607619077832,0.00561787793315089,0.000668994930753893,0.169156814464473,0.00274035998831825,0.0209674394475613,0.219808221453184,0.0625067062776357,0.00460458854012617,0.00275902093478279,0.00117004134332689,0.0003946790177251,1.09214520644584,-0.995552329504714,-5.53280497716402,4.53544784588019,4.12273688656502
619.678,1124.79,0.489697125072811,0.00565710871036395,0.00546765871856403,0.000716328327203699,0.173906609636878,0.00278331256609543,0.0221618788915008,0.230015853476926,0.0606616988668817,0.00451852368501912,0.00308398195606645,0.00098400891263245,0.000345911179057576,1.03526865899772,-1.05320592065448,-5.49213508848042,4.4608741547582,4.13487664001687
618.807,1125.29,0.492333700986885,0.00649446352282743,0.00590204360788545,0.00088718494579117,0.168889766548022,0.00291393535398294,0.021460050187118,0.231079408350713,0.0610067285416356,0.00461027920798755,0.00291682520722656,0.00115112487537508,0.000354488664550652,1.06991050746385,-1.01826207110501,-5.24894804447102,4.32820669239618,4.05974171026139
617.957,1125.79,0.506971421803257,0.00648093401864713,0.0052688035441205,0.000907426281166511,0.159390859065236,0.00283690111059425,0.0223207761455779,0.228456506103158,0.0594201832619014,0.00423720314026804,0.00237172574330152,0.000919843693435105,0.000417416089336595,1.15709521592811,-0.986725464613962,-5.16850236783949,4.35958999609322,4.02864712063733
617.078,1126.29,0.501119011065092,0.00541084233167242,0.00556995689700079,0.000928168297748813,0.161513596244896,0.00294835501111434,0.0224171586116496,0.234354918297512,0.0574147860998273,0.0042364253018678,0.00271820715769295,0.000923432745209278,0.000445141938716267,1.13225429351709,-1.03428745868313,-5.15913153370011,4.52843884015736,4.00334193492312
616.178,1126.79,0.452400892969843,0.00549675823937894,0.00605140933896092,0.000978470876671209,0.176207679061552,0.00301925523808997,0.0245621987770035,0.266620415030123,0.054904009427226,0.00529314047690781,0.00304505296365193,0.00110008872574899,0.000320628874841413,0.942905424030705,-1.16607691674941,-5.1934275498869,4.41041021064479,4.06665310298997
615.307,1127.29,0.460491077540961,0.00564191501985304,0.00570398430012323,0.000998585185523253,0.172168317283556,0.00327963123545251,0.0244899822007211,0.259288941627493,0.0580840673634248,0.00556980512071562,0.00275112956962256,0.00118205467573365,0.000350508876819862,0.983820892752582,-1.08658118873888,-5.14988840343717,4.40206992951241,3.96074159930558
614.457,1127.79,0.485793505761977,0.00616073304171787,0.00561139791382782,0.00107171472496993,0.169308618519751,0.00304783398367424,0.0231696729829362,0.234490810022996,0.0621585245471936,0.005157801395367,0.00277827867557253,0.000968540107041342,0.000282568322975593,1.05406045371317,-1.00203522522767,-5.06246328216765,4.36758787760342,4.01729202559206
613.549,1128.29,0.497485714949588,0.00599575175864413,0.00596670726441527,0.00147061955778789,0.169776686565372,0.00269436091463049,0.0210640353645762,0.223155626208977,0.0634428568939043,0.00485623943506522,0.00269532906443811,0.00103495214435501,0.00036111987824548,1.07508287744584,-0.984344355752697,-4.74880018519047,4.41851566429402,4.14332292626035
612.599,1128.79,0.503374565110908,0.0056571883270637,0.00570268590601168,0.0014162331489552,0.17189662950063,0.00248397420384077,0.0193713202622984,0.216077682759902,0.0645784891318868,0.00500860581865633,0.00296992706834898,0.00112388700337457,0.000338811758123254,1.0744412503543,-0.979011935108358,-4.79889266993578,4.48840754843961,4.23703352578032
611.62,1129.29,0.501482432835935,0.00657763775428173,0.00579766179476775,0.0012824144610414,0.171373638152404,0.00254951651060767,0.0199836540007503,0.217103197997137,0.0645982788849502,0.00491624110923109,0.00274953488550144,0.0011465168091997,0.000439274804192538,1.07372238629142,-0.975658423470815,-4.89510159246192,4.3338929005767,4.2079424537466
610.62,1129.79,0.500825668251127,0.00638831872337799,0.00593690196925736,0.00119509691956294,0.170002777949256,0.0026689533304525,0.0207487730724119,0.218751929131428,0.0640452342737206,0.00476399006111488,0.00306442527316501,0.00118738039385147,0.00042055065127477,1.08044329517275,-0.976225158563434,-4.95758749146326,4.36178694978018,4.15412839330548
609.707,1130.29,0.509155733056371,0.00653673530477827,0.00582137641553553,0.00108355831752945,0.167239049414276,0.00250184338804681,0.020037699796008,0.2152436476035,0.0637979627573451,0.00464505096932086,0.00261086867330573,0.000948711254182889,0.000377763049800646,1.11332970609734,-0.963702964372832,-5.0391738586797,4.355316076647,4.20239640713062
608.857,1130.79,0.517718141337231,0.00576819213584569,0.00538484199553576,0.000949877441260561,0.166294647072376,0.00248988748767803,0.0206055421477428,0.207784273957495,0.064429261512779,0.00445856985848148,0.00248894327550978,0.00123597372824063,0.000391848049824188,1.1356697681745,-0.94819329606928,-5.16518350921001,4.49707225539442,4.2015236735164
608.007,1131.29,0.532312784209713,0.00526223585214879,0.00533758556902222,0.000831672499990581,0.161501757532146,0.00239988848241903,0.0195739727007976,0.199847228449039,0.0644795783429844,0.00436651609281578,0.00270034547845186,0.00104076796431437,0.000345666826156901,1.19271523166083,-0.918167466324269,-5.26883257062798,4.61667525343362,4.20909375453989
607.157,1131.79,0.540187896820748,0.00632195487664878,0.00511491694585666,0.000969941194386524,0.160046857062531,0.00228100180399691,0.0191561043038212,0.191236792165499,0.0663346062835321,0.00448515802544338,0.00262680692547384,0.000879975634327484,0.00035798795773493,1.21645040711025,-0.880754902924254,-5.10598646266674,4.44788855985486,4.25085189481873
606.249,1132.29,0.54043196601319,0.00567735923092015,0.00557831907155038,0.000996061031375922,0.160261126454475,0.00234583691764386,0.0196184407117309,0.189441187123647,0.0674189945820317,0.00425495389444771,0.00263918443730098,0.000894191153167021,0.000442379378518284,1.21556423159696,-0.865877728304372,-5.08075127203672,4.55588255635211,4.22416229249952
605.299,1132.79,0.538431482423889,0.00646608000213471,0.00541778405484684,0.00122555326201109,0.159789845252458,0.0023586658813977,0.0205952033789437,0.191316869368983,0.0668088537169715,0.00383581017075788,0.00251876926243803,0.000841495746777443,0.000393587478390809,1.21480076595477,-0.872023872274523,-4.87046710021264,4.42209019869601,4.21576333000742
604.349,1133.29,0.523711511232682,0.00642267138376305,0.0055883703255028,0.00134549130204978,0.165656503304411,0.00258970906523559,0.0216464955497514,0.194031419874305,0.0705741534496661,0.00406637371286155,0.00310572185849482,0.000900852240942288,0.000360726700334492,1.15102459434595,-0.85325240826138,-4.81315716059393,4.40110684708473,4.15837084790644
603.399,1133.79,0.52443909662722,0.00631463935328293,0.00588194034878701,0.00155692609836888,0.164917594549178,0.00249048901902789,0.0209967685880281,0.193805686534269,0.0704430027730276,0.00437342121667452,0.00322252089649702,0.00120029518370444,0.000357618811934985,1.15688338191156,-0.850642010646239,-4.66273249456292,4.41945865944619,4.19296683779282
602.507,1134.29,0.542220617462257,0.00727594053335638,0.00609911655906545,0.00156361227353339,0.159050228986903,0.00237627917885667,0.0196356783402667,0.185156381801199,0.0675552510626391,0.00461059882235307,0.00308093339423192,0.000985487209240126,0.000389874376098129,1.22645290399772,-0.856274260587246,-4.62222135346942,4.31109987427148,4.2036841637939
601.657,1134.79,0.585679006827502,0.00742481976349069,0.00567248509499686,0.00156338727815189,0.142480554164411,0.00204286667729919,0.0173892549885667,0.165338109164863,0.0646504828824839,0.00377691611446961,0.00250710838367698,0.00107374941715825,0.000401259242930472,1.41356634118454,-0.790209954022859,-4.5123507289175,4.36794345946053,4.24485147298373
600.778,1135.29,0.618669331941865,0.00757090348225111,0.00479212388158198,0.00128627664635737,0.129134118080388,0.00190687395448058,0.0167206372105158,0.149512154882672,0.063815052410258,0.00346460197363373,0.0019644254822818,0.000797088660046962,0.000366411393667797,1.56671939344879,-0.704862445597032,-4.60909981505129,4.40325852207335,4.21538631111645
599.878,1135.79,0.613304244443801,0.00783569509339794,0.0048256301010235,0.00113566212557472,0.129217990158218,0.00196592826836742,0.0178203692582987,0.153870076890677,0.0630376533634184,0.00326876434170355,0.00227039031848038,0.000961950649129902,0.000485644987910242,1.55736030890712,-0.717768604074088,-4.73428497297647,4.36017154494845,4.1855362893861
598.978,1136.29,0.560229414687243,0.00581216743593342,0.00525655077729443,0.00120699659803316,0.150211816999215,0.0022812520148215,0.0199860811389952,0.182355094037645,0.0649483636804958,0.00359633786043971,0.00265671992748539,0.00100598852357673,0.000453216318821562,1.31629995759214,-0.838453862056559,-4.82391128774947,4.56839281496876,4.18732198977225
598.078,1136.79,0.532380307263884,0.00591101954032721,0.0054095754188893,0.0011571787417798,0.162838568861543,0.00259471460961681,0.0209825670552153,0.194681681766438,0.0652592362620304,0.00436058818548729,0.00299361199702709,0.0011223692999539,0.000308580997807946,1.18459876224781,-0.914391746884972,-4.94677441142189,4.50053976963322,4.1392828014351
597.178,1137.29,0.537094193122796,0.00604149947313062,0.00551990358146532,0.0013241248646871,0.158302435488464,0.00250922141266193,0.0203786747820851,0.19335291235559,0.0662580192971304,0.00448629995790798,0.00316696917310751,0.00116975549233762,0.000395990998635605,1.22166613327468,-0.870950848504746,-4.78375559029594,4.48752124703785,4.14453484117508
596.278,1137.79,0.552742273697102,0.00723056580191572,0.00538960154617816,0.00136768383322371,0.153678982582315,0.00239634434338137,0.0192422297496347,0.185423542513621,0.0642869354319939,0.0042566261673848,0.00265713151497063,0.000963946656466991,0.000364136161811679,1.28002594363265,-0.871509468936005,-4.72174722164905,4.33657455107099,4.16092151221092
595.349,1138.29,0.595869882897742,0.00854564402324023,0.00512444808362096,0.00144076130179787,0.133825275125663,0.00217828221291533,0.0180501631752773,0.163178215610761,0.065365116925958,0.00338495653230009,0.00172088212594076,0.000814896942961132,0.000501475041822235,1.49348729380618,-0.716546296310586,-4.53136337644982,4.24460064378681,4.11799844168078
594.399,1138.79,0.592877303430003,0.0094937034604719,0.00564907780451803,0.00131036371085121,0.135192890067381,0.00218016523140838,0.0182143643861054,0.16341563336991,0.0648120508169958,0.00350082245137861,0.00199282336544222,0.000951120242597423,0.000409681662936985,1.47828489540976,-0.735211018500891,-4.6363978334182,4.13435868414964,4.12730190581425
593.391,1139.29,0.577487913707516,0.00771437479248828,0.00542263558107331,0.00153761124652797,0.146615635653955,0.00217735470130459,0.0181891616121535,0.16814927887146,0.0641120117907148,0.00379392162737778,0.00265716229238705,0.000899892296355082,0.00124304582668621,1.3708730745555,-0.827182701174593,-4.55758436543009,4.31560206891525,4.20970373875813
592.341,1139.79,0.551672845347583,0.00606797816088045,0.00556281347719356,0.00189661829756501,0.154283296354612,0.00227274091353781,0.0199054891894758,0.181172062092242,0.0676680597874907,0.0043834289978533,0.00256583646268684,0.00121739687138007,0.00133143404749948,1.27416469994168,-0.824176221010261,-4.3987180421821,4.50992973669022,4.21780394515603
591.436,1140.29,0.535116048016024,0.00680738040294754,0.00552813445123833,0.00205674874414882,0.158404496574408,0.002454957600712,0.0214744081123108,0.192205459841632,0.0670255192145729,0.00440518547573017,0.00297959776923399,0.00104828481490257,0.000493778982138342,1.21733176911134,-0.860078435769368,-4.34402540997521,4.36447625856689,4.16704237593051
590.636,1140.79,0.539091195399945,0.00566119031839848,0.00573171367902017,0.00211763296551697,0.158228337252371,0.0025591285244774,0.0216023680391994,0.191620665470024,0.0652167192532639,0.00400051008677272,0.00292527035565027,0.000832755299395818,0.000412513355965214,1.2258455880357,-0.886323295928809,-4.31374022304837,4.55625057658092,4.12437238184421
589.778,1141.29,0.517690677864034,0.00659720984368843,0.00576665706360088,0.00256488573154646,0.166520051297715,0.00269399718459951,0.0226185922419433,0.196153056810003,0.0705517009470421,0.00439171644041651,0.00305146247626132,0.00105312550885811,0.000346866590291782,1.13426218653148,-0.858769942566675,-4.17320180185841,4.36273110822388,4.12408969745977
588.878,1141.79,0.512107915468543,0.00588575184638682,0.00607092374601783,0.00252745100700551,0.168317378819049,0.00265736218266287,0.0231532738585752,0.201574639787333,0.0687220424363581,0.00428319085115088,0.00313434948433019,0.00120216311802333,0.000363557394563508,1.11268401840699,-0.895781358453866,-4.1986400690721,4.46600088628216,4.14851738670281
587.978,1142.29,0.518076586424823,0.00736867676148392,0.00551301182612853,0.00225378941239526,0.161903632668957,0.00271168076008036,0.0232232851728034,0.202757180700313,0.0669080477055306,0.00442467639131491,0.00334019688363969,0.00111532692478243,0.000403908367747483,1.16312178340691,-0.883682043713371,-4.27438831530796,4.25288493538672,4.08943264885012
587.078,1142.79,0.53744039753012,0.00658428581364616,0.00574579401695531,0.00198803700183154,0.157191129761436,0.00248649525885053,0.0213960308812278,0.191045719055016,0.0667760183618111,0.00465517507863276,0.00302069567771003,0.000991120487793569,0.000679101074969668,1.2293554135881,-0.856118442424498,-4.37031473129661,4.40213199276955,4.14658825953453
586.207,1143.29,0.53978278685356,0.00726556520260084,0.00543709361929134,0.00181397524411835,0.159241319592092,0.0022073092475047,0.0208785941256968,0.187441531431929,0.067429238536295,0.00425129307345585,0.00285191313020419,0.000988650332835948,0.000410729610415716,1.22074602715727,-0.859342054882671,-4.47490008043419,4.30802072005384,4.2786465462448
585.357,1143.79,0.529742985145013,0.00621079933977835,0.0056845083706673,0.00191087007781184,0.16224663994341,0.00253336477245933,0.0221353454373968,0.193874086300401,0.0672539495402028,0.00405941994812544,0.00314831407686866,0.000833765621315727,0.000365951426550342,1.18327430900091,-0.880641900258433,-4.44155896978431,4.44610234941646,4.15956927750975
584.478,1144.29,0.518859943651827,0.00612157999977491,0.00568546314671909,0.00237660237772784,0.164126246919045,0.00261763900404041,0.0235278008080823,0.196630551814434,0.0717707657274054,0.00411825613283463,0.00268047734630867,0.00113859324647261,0.000346079825328166,1.15099805869035,-0.827158699398293,-4.23496403462048,4.4398137555567,4.13836316196524
583.578,1144.79,0.515839610312012,0.00559474649605172,0.00534436285900177,0.00247443526160348,0.167794973738171,0.00262902818902447,0.0237826518282748,0.195830353704824,0.072173083379648,0.00417211219463155,0.00307099324533234,0.000937041793202084,0.000356606998222656,1.12305304473448,-0.843675669686779,-4.21673064684553,4.52396785271367,4.15612857167247
582.649,1145.29,0.509085492716187,0.00594944636171035,0.00579716489988446,0.00241937172475887,0.171156749019212,0.0027515356633666,0.0247666762477086,0.198924321824027,0.0704263690579298,0.00418012612712076,0.00301422118501627,0.0011582908690132,0.000370234304064202,1.09003616700412,-0.888012044040977,-4.25907190896286,4.44931779778456,4.13042061869591
581.699,1145.79,0.502489705793448,0.00669423303722995,0.00586225195304441,0.00237407289766441,0.170577233658097,0.00281261425345771,0.0241005823867589,0.20724485673516,0.0690841778693032,0.00419828978467332,0.00304388004502486,0.00116976348514669,0.00034833810099118,1.08038697625066,-0.903862447329591,-4.27458117509094,4.31832873870522,4.10507378733248
580.778,1146.29,0.507437219624791,0.00487827500949278,0.00555750403141265,0.00272657795143368,0.167833336714986,0.00281160235247059,0.0240677026116984,0.206933933141835,0.0689209727177953,0.00420001217394833,0.00300773818668073,0.00124831279704192,0.000376812686413584,1.10640155445162,-0.890010918356158,-4.11992411837116,4.64458132237663,4.08921689061838
579.878,1146.79,0.507202765368086,0.00637041580827604,0.00576568443631706,0.00216044381688695,0.166897178306058,0.00282207973580858,0.0245248952570542,0.20560384404682,0.0699819834417413,0.00428423724759458,0.00294939160358942,0.00101560149070623,0.000421479441062321,1.11153293130198,-0.869140094512411,-4.34706425265947,4.37724611185411,4.07990381592849
578.92,1147.29,0.50759662088359,0.00665830021613331,0.00579841502242674,0.00171105533477422,0.166109871636958,0.00272587479761711,0.0236071409204645,0.207334007297404,0.0702026540240303,0.00394210881033721,0.00290114418957757,0.000987705965744033,0.000425100900942775,1.11703763202893,-0.861263329816187,-4.57553911175185,4.33382284959774,4.10986004349776
577.92,1147.79,0.511445553119596,0.0066651291733613,0.00570339840247428,0.00145360103579839,0.166623444603829,0.00273112400011101,0.0235590545755896,0.204291711603258,0.0687556160770763,0.0042957307766287,0.00293399656073593,0.00106890872744359,0.0004727313440977,1.12150469046737,-0.885178022140399,-4.74169249307046,4.3403517999197,4.11102319762945
576.978,1148.29,0.503391095265733,0.00614913405873086,0.00547803567161049,0.00130708116096119,0.168336446592566,0.0027838877861069,0.0246833498344201,0.208283382999166,0.0700312626501558,0.00439530426215756,0.00345205987212064,0.00126318664436175,0.000445773201909899,1.09540275831713,-0.877022883408476,-4.858168105192,4.40505612491637,4.10211620010017
576.078,1148.79,0.49658931100092,0.00569729587690571,0.0061498484192291,0.00177517384343628,0.171579700342091,0.0028661661013815,0.0242967187507603,0.211760526712765,0.0703899251098535,0.00438635335107858,0.00307443759397765,0.00105400946954029,0.000380533428061177,1.06271546479705,-0.890997739993674,-4.57114952558585,4.46777169376535,4.09207260013444
575.294,1149.29,0.495111698306271,0.00657164167547949,0.00611491012875713,0.00218074611900699,0.171401744400873,0.00275215060771759,0.0240117299638437,0.213536699751934,0.0696084360080879,0.00432424803463319,0.00298149649169405,0.00106342001758318,0.000341078494118846,1.06077320677695,-0.901124416471724,-4.36434310881002,4.32201971447154,4.13162753826466
574.594,1149.79,0.491273188561514,0.0065358247369083,0.00576836046855922,0.00250440920600623,0.173510302341311,0.00279059910736478,0.0249381324772063,0.21250243855582,0.0698857914141049,0.00468796883401877,0.00418787921399776,0.00100215979299261,0.00041294529019557,1.04076338813525,-0.909374618719743,-4.23818411629773,4.31970182308843,4.12998067050907
573.72,1150.29,0.491670610459631,0.00666608044942444,0.00576699445431902,0.00255597304322825,0.175068839359021,0.00280593870999932,0.0233624037805084,0.212226779128163,0.0707373196764476,0.00454483030492847,0.0032120094176788,0.0010048027000244,0.000377418516626669,1.03262973700693,-0.906205971068316,-4.22674627434868,4.30077695291422,4.13344112537945
572.72,1150.79,0.493128823032586,0.00523914705121183,0.00591924310725656,0.00265418018332501,0.172706280757294,0.00259800705775199,0.0230430185832737,0.217999875616651,0.0673285064569002,0.00476368166689738,0.00312463010999902,0.00110841613853898,0.000386190238314485,1.04917809172167,-0.942008632632872,-4.17545652767699,4.54461173563726,4.19684771765831
571.807,1151.29,0.494289375508187,0.00601254723147809,0.00604542990609505,0.00249310460277729,0.170702931938842,0.0029833553879757,0.0237711844140108,0.216938961784353,0.0675938252315737,0.00459759577826316,0.00303815984567065,0.00115388294564992,0.000379645425123161,1.06319632043915,-0.926408169478642,-4.22639604337119,4.4092726351182,4.04687616941848
570.957,1151.79,0.502643300087359,0.00654745881945605,0.00588100496438074,0.00212344606677147,0.16840368290806,0.00269783722715169,0.0233358917422765,0.210426300310511,0.068767830892838,0.00477625262803969,0.00315815070062713,0.000902614680597487,0.000336228971929884,1.09351680201253,-0.895627910209065,-4.37332369939182,4.34080376570854,4.13391354653355
569.962,1152.29,0.508514591758662,0.0059360685221435,0.00575621776845954,0.00175379326106181,0.16560876002345,0.00265404068005445,0.0234809566867715,0.207151303172726,0.0700295114220133,0.00463438627172369,0.00305547551148163,0.00109102832897783,0.000333866592474091,1.12186577152308,-0.860711394296827,-4.54784711936682,4.45044686148124,4.13354487562426
568.862,1152.79,0.502271249966739,0.0055393791029798,0.00580546696519191,0.00137605437315402,0.169468508501507,0.00285664326360564,0.025284999106705,0.208520703536308,0.070296611941263,0.00434198372302534,0.00290130801190553,0.00102728921089744,0.000309802296718376,1.08647319333284,-0.879943515644619,-4.81344686490372,4.50725789313668,4.08301986753647
567.849,1153.29,0.499935710673266,0.00550983340968683,0.00544506786571817,0.0013048352240745,0.169155219198031,0.00303064648394529,0.0266376872605223,0.208410758318801,0.0716211672846379,0.00418880679962017,0.00327923188064853,0.00103624870349858,0.000444786897549481,1.08366276130898,-0.859426087449855,-4.86473998246726,4.50794512297064,4.0220407923917
566.899,1153.79,0.50372677748818,0.005065007879743,0.00563325857679719,0.00135243665898897,0.166536284701176,0.00294827403321615,0.0268309037459086,0.207756243180992,0.0709962950054552,0.00439920747969451,0.00333847284519336,0.00107115256394715,0.000345685840707965,1.10682080110801,-0.85258551915326,-4.81330531370992,4.59967831949562,4.03399328616784
565.949,1154.29,0.501236526920837,0.00617091174752155,0.0055247478882446,0.00139924017132252,0.171398480530211,0.00315673084227318,0.0272317271144048,0.206538915663894,0.068622789420919,0.00424273628355433,0.00316704695613682,0.000939704190124103,0.000370442270557905,1.0730869582255,-0.915366454207867,-4.80806178655535,4.3972315012252,3.9944541925683
564.999,1154.79,0.504350770209572,0.00503861512031007,0.00544602021957089,0.00108083270625813,0.171777058256139,0.00286299747836707,0.0261864743367343,0.204714551338158,0.0699034598738532,0.00418938942253583,0.00326296138860028,0.000810159455379375,0.000376710194521983,1.07707453550746,-0.899082317630482,-5.06846569476264,4.60614073202406,4.09432831777567
564.02,1155.29,0.511945625787476,0.00454103745524547,0.00541488233577074,0.00132647066430685,0.168795239485226,0.0028533898900027,0.0257368563014746,0.202390233628803,0.0686106790125738,0.00421680959788356,0.00298086409033302,0.000811955232538806,0.000375956518365522,1.10953204010366,-0.900238186308793,-4.84616460042111,4.72506291944702,4.0801786571107
563.02,1155.79,0.52319746245988,0.00615434433234563,0.00541471909419827,0.00116647363429212,0.160734179241369,0.00284074967089437,0.0248068832983606,0.201374930200168,0.0661090652848063,0.00395110746000366,0.00278463382571154,0.00107816017302079,0.000387291324950301,1.18020701022362,-0.888446057410392,-4.92576673005234,4.44280072215086,4.03568395390485
562.107,1156.29,0.52633723817858,0.00446731518996323,0.00515865291025891,0.00122530514373457,0.16186035341912,0.00269712676404826,0.0242732312215392,0.198234723710519,0.0676028228410706,0.004104362886808,0.00277626673992421,0.000918751444077146,0.000343849550357585,1.17920819696704,-0.873084207370561,-4.88354403764826,4.76915454498642,4.0945469026268
561.257,1156.79,0.526376450222663,0.0040612961526215,0.00538875160886704,0.0012557011072593,0.163235762367535,0.00279662575173892,0.0244054479489468,0.19628222779315,0.0678320768847849,0.00418327854589812,0.00280469811599987,0.000987519227923205,0.00039016427261271,1.17082109091333,-0.878160357218103,-4.86750148287919,4.86451446951285,4.06678194886482
560.465,1157.29,0.52544030613881,0.00510498580117367,0.00511923807352035,0.00103418051215541,0.164554954980635,0.00287806824700613,0.0249984856960632,0.195784355993259,0.0667416098654229,0.00413226821351329,0.00285847137252946,0.000976280655747051,0.000376794450165148,1.16099200221095,-0.902415992766068,-5.06963524984399,4.63401891920109,4.04612526571738
559.715,1157.79,0.529368443886227,0.00515517753895841,0.00526586879693778,0.000980153235978587,0.161494974706155,0.00283780249287425,0.0243110138694361,0.194532744527255,0.0683223936448935,0.00382331175746474,0.00258339113380877,0.000902490821105966,0.000422233588905165,1.1872106548911,-0.860236441155541,-5.10452038210555,4.63168312367613,4.04144404326422
558.907,1158.29,0.530460183734812,0.00549547058288378,0.00522254358950339,0.000768339027569229,0.161797967369461,0.00279142162536582,0.0243355398685086,0.194739264646406,0.0662230777337512,0.00408399666002214,0.00280403211350881,0.00088723791577455,0.000390925132432644,1.18739645908055,-0.893319433490053,-5.34987264302794,4.56982067844832,4.05979743273187
558.057,1158.79,0.529549523094727,0.00611372588001083,0.00546441609084501,0.000733209368664784,0.162860027230885,0.00266198774518968,0.0238630467037953,0.194719068641711,0.065704314171095,0.00398249417034715,0.00305595098805434,0.000954813692776155,0.000337422221897973,1.17913558546013,-0.907726515203854,-5.40321508856624,4.46149030104341,4.11381798689109
557.149,1159.29,0.5303533064231,0.00520169148260335,0.00541345331304649,0.000728572641304378,0.161918506211525,0.00265775090278639,0.0237891561151126,0.195535463576499,0.0667282983770835,0.00399269001892796,0.00256073226681244,0.000778947702290853,0.000341430968908326,1.18645023976488,-0.886464034112498,-5.40376110537524,4.62455954253945,4.10961292071702
556.199,1159.79,0.530105821745143,0.00611026454966843,0.00550656139886376,0.000634686360721552,0.162090071007884,0.00258193415974004,0.0228768755404458,0.194044088168827,0.0674607757256878,0.00409917256051819,0.002851394197502,0.001296600390764,0.000341754194234682,1.18492447568523,-0.87660584598683,-5.54277649683259,4.46310658022186,4.13961338221494
555.307,1160.29,0.525862818476473,0.00670772009502058,0.00515676432670851,0.000623560878519683,0.166645943628975,0.00249985275736377,0.0230913848567259,0.193933042462907,0.0669491232285309,0.0041358820488322,0.0030336657433229,0.000977878079357704,0.000382363417263194,1.1491689135503,-0.911938487660264,-5.58818034245839,4.3617812612965,4.19963963071213
554.457,1160.79,0.52945971795793,0.0068135995199768,0.00549789610682602,0.000572539525607399,0.1652411633169,0.00251481351231197,0.0221603129629963,0.192841549686288,0.0667179171694556,0.00418124478055337,0.00293473902529885,0.000784872064905507,0.000279634370950634,1.16445108385615,-0.906932462589957,-5.66507950824364,4.35293654213116,4.18520735204072
553.578,1161.29,0.528380144783561,0.0056630050907155,0.00549188860316661,0.00059320382350285,0.167482163482791,0.00237566723547055,0.0219247752907792,0.191967982203885,0.0675073556323467,0.00414482158729555,0.00303446571253381,0.00112271428775139,0.000311812266200216,1.14893913690722,-0.908640294652615,-5.64309408210987,4.53586130975784,4.25559851964435
552.678,1161.79,0.531510039043371,0.00568882300148056,0.00547826700025343,0.00059070009394037,0.16169652877948,0.0025543015352486,0.0226390574713082,0.192530120941081,0.0688194191703141,0.0039977057970545,0.00305830209927191,0.0011147082417907,0.000322026825406202,1.1900007864262,-0.854235338816489,-5.61216814494838,4.53721871286673,4.14794248475156
551.807,1162.29,0.530514803922585,0.0060137254661768,0.00552750134512584,0.000555011642052356,0.162958579547114,0.00254136909781868,0.0229213212103965,0.192466541467096,0.0676153062599471,0.00419603878108513,0.00344314522930273,0.000854661391072134,0.000391994640227131,1.18035180796141,-0.879661673924046,-5.68226224409144,4.47980342886624,4.1607931046033
550.957,1162.79,0.532065196316274,0.00631041928536771,0.00525679112531082,0.000540055367497747,0.162888643609802,0.00255462267532647,0.022522484179026,0.192857460377812,0.0665857056518544,0.00386740174728246,0.00312683545524965,0.00102809139136611,0.000396292817831096,1.18369923199664,-0.894576874645092,-5.70915041157979,4.43456390919385,4.15516226744318
550.078,1163.29,0.527733308221113,0.0067565189516409,0.00541815175961517,0.000637317710488442,0.163430139039895,0.00268244170683195,0.0224801932119005,0.193805462098145,0.068235799943117,0.0042966628332482,0.00314378363158851,0.00103492786419616,0.000345293028219857,1.17220544316943,-0.873416261889565,-5.54687260203704,4.35808324859368,4.1096581504899
549.178,1163.79,0.532266409951875,0.00538018758028271,0.00543810031054515,0.000585773025769266,0.161675253890359,0.002580439358251,0.022191018969742,0.194509873171121,0.066669894589337,0.00417351413497843,0.00310355270865435,0.00112692476756583,0.000299057541519155,1.19155441687783,-0.885836222158476,-5.6204126101811,4.5944208947947,4.1376300393754
548.249,1164.29,0.531683439876211,0.00639725313146196,0.00562310499863799,0.000588801905134559,0.161789471023738,0.00267815938090616,0.0222349946783166,0.19383190220459,0.0665449122928545,0.00414407954535881,0.0029692840112668,0.00114016012790762,0.000374436823614982,1.18975234592164,-0.888418835962967,-5.61596140443822,4.42017957438506,4.10116616808855
547.299,1164.79,0.530766490013831,0.00645825559766919,0.00521448497141665,0.000658356782617885,0.16481644096438,0.00271572172829877,0.0225599417952754,0.191996102228594,0.0664977757079439,0.00412314638432138,0.00281578447792962,0.000967896690354418,0.000409602657367377,1.16948979373569,-0.907663876531169,-5.5228406474157,4.40896291935949,4.10577462762906
546.262,1165.29,0.528476161275487,0.00697344854791488,0.00532449905213447,0.000687062289908504,0.16333573883033,0.0025921411291378,0.0229862064065988,0.192541027433883,0.0686239684717865,0.0041289171898311,0.00280807499168047,0.00116847328215732,0.000354281099150099,1.17418986804714,-0.867165961520542,-5.47113815128607,4.32788782534824,4.14332360488313
545.162,1165.79,0.532858553768977,0.00611877257765951,0.00541768311902665,0.000563546022606792,0.160812155783224,0.00254550872923237,0.0220241426936736,0.192539796855986,0.0683791461227078,0.004263846516808,0.00292852899205496,0.00112804720796376,0.000420271610079641,1.19801906184839,-0.855169052658665,-5.65374322562023,4.46689449419927,4.14590642592005
544.091,1166.29,0.530443668087757,0.00571039302822076,0.00547234237141736,0.000608769861469572,0.163163495637463,0.00258750713916742,0.0225461258431745,0.19363962517842,0.0673956223142852,0.00404968390071876,0.00289518526080661,0.00114038496460761,0.00034719641249192,1.1789610271467,-0.884172673835945,-5.59106771729169,4.53142591310344,4.14405782113198
543.041,1166.79,0.527392266010452,0.00566387950005101,0.00504235975322671,0.00059063096422611,0.162556430529724,0.00273225322436769,0.0233846804742645,0.196226139585473,0.0673759230363861,0.00417185769818664,0.00307109380923275,0.00134413005487907,0.000448355359531389,1.1769194031545,-0.880737477166845,-5.61758908891014,4.53383552798353,4.08589858059723
542.049,1167.29,0.526805490269813,0.00665131145999812,0.00538497696719,0.000582871110275454,0.164737237943029,0.00262103976685156,0.0225514712794961,0.193742596596785,0.0686800789696343,0.00398984676130488,0.00278085926483031,0.000989940772774279,0.000482278838018238,1.16247968452536,-0.874892521365364,-5.64414090443241,4.37201734448547,4.14078061059113
541.099,1167.79,0.523738501501806,0.00629198573002071,0.00537473732486758,0.000622150045298538,0.166634713341077,0.00276020344870363,0.0233832557055482,0.195465071255916,0.0674196373861428,0.00390676395514505,0.00300267280170518,0.00105727915552999,0.00034302834823862,1.14518844540226,-0.904867740060057,-5.59037805637075,4.42171579958475,4.10049968110914
540.265,1168.29,0.525458861162376,0.00572144206367992,0.00543947219767691,0.000594117108969565,0.165980288514585,0.00277348955155475,0.0237411082830298,0.194967545174119,0.0670975115923565,0.00406828763189636,0.00304885811634699,0.000778953542871208,0.000330065060538647,1.15240286470124,-0.905722079189669,-5.63254786332209,4.52005101946661,4.09176274415367
539.515,1168.79,0.522836420475568,0.00706028044793138,0.0053848796731883,0.000567276544011598,0.163919324025342,0.00275520837266199,0.0237916348891121,0.19631543973843,0.0686725540092576,0.00419652498282124,0.00306763522136056,0.00101467934245003,0.000418142277865454,1.15989426347064,-0.870024765668752,-5.66628274232792,4.30478386936525,4.08588130600902
538.678,1169.29,0.524842529916222,0.00581999148990449,0.00536497743492014,0.000495946281687969,0.161953590470216,0.00267201768272194,0.0241566771408744,0.196803097903223,0.068932725505632,0.0043235854346003,0.00312893556220413,0.00108803570051698,0.000417889477276427,1.17578845897236,-0.854178779299912,-5.7885974767815,4.50179947505645,4.10447594217299
537.778,1169.79,0.522265953338331,0.00589991443088969,0.00545029797738855,0.000584028109074112,0.164405332545795,0.00273272147633219,0.0237179778429012,0.197284127308662,0.0686985544121099,0.00439677563476378,0.00309904056581628,0.00106677419599112,0.000398502161945221,1.15584202878502,-0.872606761535302,-5.64014108384197,4.48323909972353,4.09703692808442
536.791,1170.29,0.519550340754757,0.00693054159404334,0.005369667992893,0.000550013187176245,0.169417201897076,0.00275100452493784,0.0234262442640476,0.196281497875504,0.0674141589913547,0.00435317604457923,0.00277634642946644,0.000868194877368647,0.000311611566796098,1.12059938507352,-0.921509253178606,-5.73017734744908,4.31702574591692,4.1203981963152
535.741,1170.79,0.522654636291043,0.00609990876691179,0.00543605053668196,0.000671445181432454,0.163767186815396,0.0026819872501285,0.0233308233169771,0.19913281147754,0.0676784498341303,0.00413583677433183,0.00306228317916016,0.00102044493675328,0.000328135639513601,1.16047506801807,-0.883678015965354,-5.4967687290006,4.45064707985359,4.11188779567786
534.749,1171.29,0.524911639652394,0.00530592528469011,0.00546375432236342,0.000589228407313702,0.163375054403191,0.00271370290835872,0.0224365933797893,0.197804741566908,0.0686594575463802,0.00417529545117583,0.00329049630058301,0.000951756924151191,0.000322353852702464,1.16718143806252,-0.866889617518851,-5.62498988713266,4.59440576867346,4.09773441585732
533.799,1171.79,0.526802696567169,0.00755245881522839,0.00562935239439212,0.000546445991962451,0.163044145166733,0.00264594901371292,0.0222365171641562,0.194490673988404,0.0682261787894591,0.00429008037549468,0.0030351719483388,0.00113507377979569,0.000365256005153849,1.17280509524147,-0.871192648968411,-5.6983407949523,4.24495290749152,4.1209911970697
532.878,1172.29,0.518674385368713,0.00658686409382871,0.00586711676747833,0.000683054325399178,0.164146610178262,0.00276985114872614,0.0238156393096823,0.20019324980501,0.0685368806997638,0.00417171195429746,0.00311043746524749,0.00106033364287173,0.000383865240720199,1.15051630479826,-0.873387988220856,-5.48194087616809,4.36619892081395,4.08196641114412
531.978,1172.79,0.515991431130863,0.00659678846003811,0.00541241207650319,0.000664566748539034,0.164403661790984,0.00278328450130704,0.0241706780366799,0.201492502239505,0.0702034401434035,0.00430041424973986,0.00267706661929161,0.000971000638247273,0.000332753364897904,1.14376540296633,-0.850927441318957,-5.51094471264666,4.3595072253664,4.07869305044164
531.049,1173.29,0.514434289466047,0.00650849005885235,0.00579388829946667,0.000611836126877495,0.165478359746321,0.00290027451745351,0.023886348822715,0.203708126573004,0.0680451217249402,0.00421529400010467,0.00305061683167846,0.00098864344607421,0.000378710386465386,1.13422740040251,-0.88866938954838,-5.6001312283136,4.36996034233714,4.04403503574468
530.099,1173.79,0.516178647534751,0.0069983310265438,0.00583466960293062,0.00060829943732302,0.166655758343424,0.00263724756054601,0.0230730286574485,0.19970894026923,0.0697311354986997,0.00438514594374,0.0027614099456958,0.0010799240010703,0.000347462178597485,1.13052256404252,-0.871283432351789,-5.61301838032773,4.30078122586705,4.14619457509247
529.265,1174.29,0.533196312430506,0.00650579562243919,0.00528250803466711,0.000660670494874568,0.166453741641661,0.00266362542458075,0.0217183525505308,0.188466254398123,0.0659223493214324,0.00413823435334257,0.00299015277291213,0.00107192359831234,0.000930079356617367,1.16417222951771,-0.926239918896944,-5.52921750115624,4.40619625850552,4.13502930643762
528.515,1174.79,0.542327571887793,0.00713162085845213,0.00535921912708726,0.000690787223856097,0.158150214466472,0.00246612015984836,0.0212033572063666,0.187605889767165,0.0655436896049713,0.00417012711657401,0.0030933979501109,0.000990747164059523,0.00126725746724379,1.23232488920862,-0.880828368691923,-5.43346873343413,4.33133165708769,4.1608991756696
527.649,1175.29,0.513703889035807,0.00756886844482807,0.0056891858280582,0.000705864078891616,0.165593943332288,0.00275758877617129,0.0235176608568875,0.202803204504946,0.0686015338288801,0.0043629871617284,0.00307709549711805,0.00108435665601317,0.000533821998381821,1.13210834087882,-0.881223773698469,-5.45787125004212,4.21760343069112,4.09518200113355
526.699,1175.79,0.510753297951809,0.00579610386054934,0.0055790432908729,0.000715713229743947,0.169455862395332,0.00299191596040502,0.0246217084035684,0.202996609161912,0.0678979150452307,0.00448102968841053,0.00290391843215782,0.00139916069913058,0.000407721880878724,1.10329419669012,-0.914587166225841,-5.46706820343053,4.47870074710603,4.03667852244541
525.778,1176.29,0.508691813139814,0.00652674358559958,0.00534122757571338,0.000668146180135364,0.170045173777135,0.00287756171975702,0.0239763961101673,0.204262536117341,0.0683460327095988,0.0045213195788511,0.00326977732402528,0.00102587046242023,0.000447401719441674,1.09577822815746,-0.911480612117539,-5.53931242669947,4.35593422431234,4.07912081937753
524.878,1176.79,0.508268285716235,0.00562592429032538,0.00571171208057813,0.000730171078401267,0.168157716952935,0.0030318184964325,0.0242564976939657,0.205861450769019,0.0691420343599597,0.00436250410660303,0.00310298336789216,0.00135408228023946,0.000394818807413235,1.10610709925932,-0.888739472562875,-5.43937874872271,4.50362417678828,4.01573972706665
523.978,1177.29,0.506891628535895,0.00597145325703304,0.00541741087860273,0.000831063567645475,0.170106507867014,0.00285641778669756,0.0241124667283991,0.20542574088639,0.0697095733098802,0.00428995401060817,0.0031382820036962,0.000868839184356633,0.000380661983781669,1.09187247258571,-0.892087099187007,-5.32147374942602,4.44130690590125,4.08685644009871
523.078,1177.79,0.505626250438497,0.00652637341032886,0.00586525525328728,0.000800858875366699,0.168668010747507,0.00301261714127112,0.0248256614072758,0.206059735784032,0.0697971157515738,0.00441869788634936,0.00303671036856855,0.000990713506470477,0.000371999429472378,1.09786541141848,-0.882339662142466,-5.35000288244229,4.3499463454632,4.02512316631632
522.149,1178.29,0.503899109413911,0.00646410012170741,0.00547730903879697,0.000849763198687577,0.169726163095536,0.00299177547219904,0.0255490393298575,0.207722853491499,0.0689231225990383,0.00437823121742614,0.00289566563673718,0.000767927101165593,0.000354940283438372,1.0881897353103,-0.901194614765692,-5.29698389107856,4.35611225807406,4.03831931840597
521.199,1178.79,0.500330004957156,0.00630739088355404,0.00578240445671931,0.000910228265231452,0.168947430540802,0.00323395415810967,0.0263730141869084,0.209059792743668,0.0698722942190119,0.00443689068290725,0.00290253287066544,0.00137761726034511,0.000466444774921512,1.0856802859812,-0.882918397081663,-5.22364747465742,4.37354578871848,3.95588201857164
520.365,1179.29,0.499169851200461,0.00754119144172184,0.0056851174800731,0.000928512166170415,0.170204738358197,0.00310676179243714,0.0256400509018543,0.20875462474138,0.0702304934039522,0.00445818891658691,0.00280074242958466,0.00107581962344412,0.000403907544137591,1.07594436530742,-0.885219460003942,-5.21117385093177,4.19256623532146,4.00342109625034
519.615,1179.79,0.500006688094046,0.00656961923725154,0.00556449424632824,0.000890471950133571,0.16932056608028,0.00322366133020458,0.0258045777137419,0.209971757134285,0.069309674041405,0.00442369649047042,0.00337366572523781,0.00110162463358799,0.000439503323027299,1.08282771561666,-0.893209265893927,-5.24779743466047,4.33216559845998,3.96127598624015
518.662,1180.29,0.493852364071671,0.00696791958099816,0.00589185872020621,0.00101932654475723,0.16931221934243,0.00337380066019832,0.0266708019679243,0.21229697388614,0.071664896871197,0.00447728310707373,0.00310242151516556,0.000922878207498196,0.000447255524740417,1.070492152153,-0.859743417879283,-5.11260230321641,4.26091991607136,3.91570456098546
517.562,1180.79,0.491307530554294,0.00633027671400571,0.00548877827563262,0.000962392444790944,0.172734689059664,0.00325461896017828,0.0267823060674512,0.212937181760807,0.0710761565605941,0.00454828002098035,0.00299188867851428,0.00116229591997007,0.000423604983117676,1.04531343877404,-0.888004898294269,-5.19008979283158,4.35172631697619,3.97168162221275
516.665,1181.29,0.488089555872901,0.0067180431585721,0.00599242106564996,0.000998092705710482,0.172792746484453,0.00317882381586397,0.0272789461377774,0.214285576256022,0.0718491479012999,0.00437692154585526,0.00309476373319523,0.000938187819210917,0.000406773503488977,1.03840602602331,-0.877524126082366,-5.15400199461715,4.28570198966109,3.99558161997738
515.915,1181.79,0.486902519685194,0.00557391740013275,0.00575922441660155,0.00128048128840341,0.174109178187893,0.00317865263170279,0.0264626263200674,0.214884565494265,0.0725668159254223,0.00457776962906241,0.00335023320250723,0.000977519023383,0.000376496795365168,1.02838137483621,-0.875174826872862,-4.9124465494693,4.46996582795726,4.00322515701006
515.078,1182.29,0.486556733869018,0.00669721049884203,0.00580911716615338,0.00145449952487007,0.173873872984892,0.00322377879765978,0.0259204840700725,0.214037400570551,0.073225268820918,0.00455197171521412,0.00301754379040208,0.00124727774724272,0.000384840444165079,1.02902334273936,-0.864789604597685,-4.78366829617681,4.2856624149617,3.98777595732503
514.178,1182.79,0.492963062551662,0.00698913487297461,0.00563871211894874,0.00157150966508321,0.172340234830151,0.00297272265543306,0.0245784908328603,0.210948781532272,0.0726539392309761,0.0046985948034617,0.00313405634728571,0.00109248802445898,0.000418272534432793,1.0509636149967,-0.863763021825597,-4.69743390494425,4.25607746520361,4.05999238052337
513.307,1183.29,0.494251972933443,0.0075220598871691,0.00607651445746339,0.00165047334329846,0.170700933828375,0.00277958596525065,0.0236420512078692,0.211330906343925,0.0726459408200331,0.00469526013790443,0.00325473745117894,0.000999525853062668,0.000450037771027211,1.06313235344743,-0.854315585001962,-4.63885097886945,4.18520543219673,4.11761111711979
512.457,1183.79,0.495326628168042,0.00726980707660859,0.00562243557052803,0.00170556382003974,0.167751512471142,0.00307467026118827,0.0252321873326971,0.211911014429578,0.0717585294061633,0.0052658753922691,0.00336668987305611,0.00129398545403759,0.00042110074465001,1.08273360781255,-0.849177067717155,-4.5885880497214,4.22148764556946,3.99928612865775
511.549,1184.29,0.481911510405279,0.0078322831985053,0.00584166484466618,0.00152153604579515,0.173758223847668,0.00331835980203136,0.0263640158215897,0.216840253622468,0.0732980859056667,0.00480411838365367,0.00308282482956014,0.000981892627854744,0.00044523066526207,1.02009569400323,-0.863130319426496,-4.73794443378823,4.11950644509549,3.95819418950225
510.599,1184.79,0.478242094106628,0.00768036282073402,0.00590471026102388,0.00156959404500752,0.175966084148776,0.00327031623573488,0.0268635232062311,0.218305686327672,0.0725473860639373,0.00494146064923221,0.00315101920090705,0.00113381479381824,0.000423948140297257,0.999825804535428,-0.886051323529781,-4.71947425690196,4.13145028897693,3.98540458435924
509.62,1185.29,0.480115488405723,0.00653696774779829,0.00554624870110115,0.00141446627604218,0.17477745862291,0.00325663080454684,0.0264303691440899,0.217068222316169,0.0752462475157942,0.00464541543032568,0.00346109625087416,0.00116653957542306,0.000334849209202723,1.01051317614797,-0.842747464173639,-4.81676122979455,4.29655326498155,3.98282033424341
508.62,1185.79,0.485064397166466,0.00736880066111869,0.00622894084422342,0.00147985248641749,0.172120797626733,0.00318374638512129,0.0269635804962124,0.213987062591078,0.0741518116401305,0.00481394245083618,0.00316802418075032,0.00113494662802935,0.000334096842883099,1.03608511769485,-0.842082041706931,-4.7562541306223,4.1870266993756,3.99013793019577
507.591,1186.29,0.490761514453518,0.00705475285929383,0.00577343025516767,0.00161137535273764,0.170539551487232,0.00306620000598283,0.0259654790750546,0.211488029355749,0.0742977654132639,0.00461276137485417,0.0031010998434493,0.00128331688055281,0.000444723643144176,1.05699105249932,-0.830886367274179,-4.66187917266816,4.24225674173708,4.01852823150859
506.541,1186.79,0.493605709526351,0.00643369059434334,0.00558683736727396,0.00167375702593924,0.169714773050317,0.00310113861361449,0.0268708823133357,0.21026597575147,0.073594438099418,0.00466317884163645,0.00296847491608772,0.00110021096520321,0.00042093293500975,1.06761781726425,-0.835549768793818,-4.6190484066341,4.34018870113569,4.0023498836025
505.636,1187.29,0.498001999010591,0.00693192258377167,0.00576482347121122,0.00194752092398712,0.16492645054468,0.00304192874233965,0.0254762794172581,0.209744671829095,0.0747569384849923,0.00469262688164444,0.00296116063766419,0.00133772173368737,0.000415955739078638,1.10510447084614,-0.791257589743191,-4.4389423775187,4.27446688725294,3.99300785129413
504.836,1187.79,0.502147292875392,0.00667575220917088,0.00599080063565122,0.00163863046054406,0.167232240003799,0.00287922121612243,0.0251704549472597,0.207281701993532,0.0718774845911152,0.00452088243584135,0.00296610297913524,0.00116987304149816,0.000449562610938414,1.09950998370533,-0.844420438307605,-4.62552269712761,4.32041160030749,4.06186365854028
503.92,1188.29,0.507207370739772,0.00622764714251372,0.00579788356154303,0.00163859630187457,0.165155789298102,0.00302404419304038,0.0258191755015135,0.204265256361826,0.0719716630771269,0.00430646656822006,0.00302208180225969,0.00118234044536459,0.000381685006843838,1.1220307292235,-0.83061673283511,-4.61304924416767,4.3999213394955,4.00029413369841
502.92,1188.79,0.509743427962316,0.00690318687003276,0.00545416424999608,0.00151564434969354,0.162836243788503,0.00301365353565438,0.0267917326352421,0.202580024454094,0.0720416033107081,0.00443426394745505,0.00323409308231311,0.0010159813772671,0.000435980436725033,1.14116246021903,-0.815501280584062,-4.67690439461376,4.30192434650468,3.98959191456129
501.949,1189.29,0.516957086871964,0.00684205897012402,0.00528620153826608,0.00160569959833078,0.160202496017513,0.00306578188677033,0.0263039590316938,0.202348445608514,0.0692600881522238,0.00405969332408158,0.00252435913724187,0.00116689307389345,0.000377236789382641,1.17152125180073,-0.838569803400574,-4.60287906672517,4.32487116158597,3.95613597657176
500.999,1189.79,0.516052361436226,0.00756880555577158,0.00550016720197221,0.00166813130409761,0.159679827665316,0.00304851967928329,0.026685240343114,0.201333532938789,0.0704241097467085,0.00401090312395499,0.002705366794466,0.000942941354880353,0.000380092855420843,1.17303750267256,-0.81863506078406,-4.56146671299097,4.22217296754104,3.95851461156858
500.02,1190.29,0.514912953250356,0.00549973005378569,0.0054551428873292,0.00174277663671249,0.163268510701405,0.00302223445676838,0.0268841228008107,0.200637402623082,0.0708305910610486,0.00380347915598432,0.00255988492633909,0.000905313336312273,0.000477858110066328,1.14860171315811,-0.835105165890139,-4.53991654083802,4.53929885365889,3.98939970625186
499.02,1190.79,0.501851835603404,0.00684189642784373,0.00547995152763032,0.00133757222841288,0.169373495596833,0.00305340832316993,0.0281221636303192,0.204717769335084,0.0709956431411889,0.00404976314637544,0.00268781824616204,0.00113576650590452,0.00035291628767162,1.08619861841714,-0.869487798559553,-4.84125010862778,4.29523997918758,4.01584785980291
498.02,1191.29,0.497027660227162,0.00636466830081646,0.00570855683541376,0.00139834965708983,0.170079962375201,0.00309088498598263,0.0274637808084493,0.207715406329443,0.0725593476045641,0.00404021440716265,0.00311507788662433,0.0010935191090045,0.000342571473086366,1.07237698555322,-0.85186387872572,-4.80097596846909,4.35788356126749,4.00781124024066
497.02,1191.79,0.495522830009825,0.00728345283349004,0.00534241649890498,0.0017997127381591,0.170201679347335,0.00319564377224405,0.0277965247854669,0.208317710826926,0.0720010075314902,0.00428008606318607,0.00286588871391682,0.00100176318010779,0.000391283698948053,1.06862934440431,-0.860303970585141,-4.54935702074152,4.22000838731745,3.97519552180372
496.107,1192.29,0.495060780389954,0.00629337413299907,0.00549176860962871,0.00142400596579495,0.170311306202712,0.00316884683457348,0.027560007206742,0.208559065898333,0.0734634850378209,0.00409763015732472,0.00309562325311176,0.0010347648222353,0.000439341488770297,1.06705256831632,-0.84083949481586,-4.78415397293727,4.36518318867139,3.98426022825636
495.257,1192.79,0.499060569268128,0.00681903759259828,0.00550306611748071,0.00127754895029662,0.167030399901638,0.00309973718993022,0.0269956659392002,0.206740079304091,0.0748662896136231,0.00418517351612209,0.00317273998709003,0.000834729351735161,0.000414963268066271,1.09455163849477,-0.80247211389332,-4.87323247157022,4.29300912324141,3.98685850073406
494.378,1193.29,0.501686446690906,0.00691956806226171,0.00561476814598397,0.00138448968305556,0.169068080984005,0.00302053019618084,0.0270071499963035,0.203375965758363,0.0741575687516262,0.00376078092130972,0.00246942265244028,0.00116750308917861,0.000367725068384381,1.08767383649574,-0.824109342965201,-4.804969868008,4.28362196742419,4.02486910223467
493.478,1193.79,0.502079089675453,0.00682665922785525,0.00541832175377728,0.00153812923578804,0.168497795961539,0.00300361382882791,0.0258624614135873,0.204723257811963,0.07314540648552,0.00418239423182165,0.00312081385246164,0.00119040354583344,0.000411652975572997,1.09183498707653,-0.834473339688902,-4.69635577333589,4.29792223460349,4.02710649604252
492.549,1194.29,0.509732659180689,0.00679286788365634,0.00552809117450463,0.0013644975894205,0.16844535147661,0.00273590652697845,0.024623158742806,0.199725125811219,0.072310473555701,0.00412903684439692,0.00312195468722694,0.00102189218889307,0.000468984337897785,1.10727501698661,-0.845642392476202,-4.81582507908193,4.31801316946877,4.12014853854656
491.599,1194.79,0.508435514618594,0.00594140188469852,0.00593656833288865,0.00114845191002633,0.171639424768666,0.00276092479380068,0.0243591677010468,0.19951645147694,0.0717115413616695,0.00437243096721305,0.00312924144171317,0.000743400268358797,0.000305480474384109,1.0859424838026,-0.872744206695949,-5.00698103844864,4.44939327948341,4.12983021491176
490.562,1195.29,0.510848326821795,0.00569983266805466,0.00572714063887469,0.00121661718274023,0.167751923093221,0.00294831919439603,0.0263512501871538,0.19967870759849,0.0708123932988123,0.00437304194786814,0.00309710055265683,0.00107160244114426,0.000423744374793425,1.11358648992017,-0.862452207854924,-4.92641203345031,4.49563591182134,4.04125099646645
489.462,1195.79,0.515648773645203,0.00659888045279632,0.00542805052102875,0.00145363909403028,0.167478643194763,0.00291859055455106,0.0253915492851527,0.196652293676576,0.0702875037943563,0.00401400470971525,0.00296949620375835,0.000786209471090305,0.000372365396979221,1.12457002266846,-0.868261812219345,-4.74678570745554,4.35852585620983,4.0497550268692
488.478,1196.29,0.515663255520078,0.00519663924962297,0.0059337778730542,0.00150154385410673,0.166583926617098,0.00281034100183156,0.0251633175751148,0.198953150327387,0.0699087602907937,0.00429402052705412,0.00277649279973523,0.000864069381292475,0.00035070498283144,1.12995470067122,-0.868308278753725,-4.70900543131036,4.59744182836333,4.08219341724144
487.578,1196.79,0.519993083271799,0.00567639058951087,0.00555674988550011,0.00131043958611794,0.165727611765915,0.00298821352126894,0.0251759559572658,0.196586501163693,0.068677502874181,0.00402852683036257,0.00281436062325329,0.00104124800209371,0.000423415929038107,1.1434699624459,-0.880923871122457,-4.83998290479388,4.51749993893674,4.01566982332857
486.678,1197.29,0.518281957949981,0.00558805456895103,0.00539700996830313,0.00121882781278731,0.164732799326935,0.00321193734839279,0.0257570371921587,0.199455155494691,0.0683397764961869,0.00403398022137293,0.00262594477525164,0.000992880833174895,0.000364638011813537,1.14619465129793,-0.879832787026357,-4.9064351755583,4.52988820780925,3.93745047282713
485.778,1197.79,0.516320754457999,0.00628745501280642,0.00553892667625051,0.00151718824206565,0.165347896388305,0.00318261803733674,0.0258745565335634,0.201516090156486,0.0664488186886845,0.00405651114419602,0.00275710987535814,0.000783301046567064,0.000368773740381457,1.13867647235279,-0.911619709616719,-4.69119293612794,4.40817180914489,3.95034757690895
484.791,1198.29,0.51089275257573,0.00599292957290799,0.00547641188596122,0.00120142392385054,0.168135967132069,0.00290517548830314,0.0235583149414566,0.206582478698375,0.0665948334987262,0.00423809384161449,0.00297044970148873,0.00103492738007282,0.00041624135944428,1.11138671039284,-0.926145980797853,-4.94126552369532,4.44557932078555,4.05827918270713
483.741,1198.79,0.494667762798367,0.007683059538009,0.00576894747596668,0.00102833627166325,0.175222988352809,0.00303653825135314,0.023118558048252,0.215789048503828,0.0646502278591693,0.00486511402462495,0.0027628221272875,0.000986518530486559,0.000420078218184065,1.03782696900227,-0.997067752238718,-5.13811715589792,4.16486850578311,4.05534124849271
482.865,1199.29,0.486276891296759,0.00726250304835771,0.00555542272951145,0.00111031946788824,0.173643062416021,0.00320376418382912,0.024562829641035,0.224003366343262,0.0655308445983101,0.0046191585098193,0.00261561046052915,0.00124994620545214,0.000366281099225837,1.02977636998412,-0.974480885161621,-5.05235404403389,4.20405365492416,3.99267540091267
482.115,1199.79,0.493710055901716,0.00648215630055581,0.00602865563582195,0.00128541910268937,0.174929121750412,0.00265392993865227,0.0221094087873012,0.219556390254841,0.0637353638416812,0.00499151062773302,0.00302834329099326,0.00108920247953741,0.000400442088065224,1.03756754019096,-1.00964130242997,-4.9132960581876,4.33289519606073,4.18833933614848
481.307,1200.29,0.490518320068722,0.00642016325473937,0.00601124190492628,0.00099925864618595,0.173786670536874,0.00299483405834337,0.0228868474419371,0.223799614809817,0.0630376286091967,0.00508749151757871,0.00295462836207877,0.00115223641733905,0.0003510643722616,1.03763411246537,-1.01409668802371,-5.15857014437857,4.33601908162558,4.06093969182272
480.457,1200.79,0.487930103912755,0.00703305996075749,0.0060023109043118,0.000914814143669661,0.172880388294276,0.00289155311864915,0.0231850340692765,0.225627850878475,0.0641724098289424,0.00487218906548666,0.00300164257363815,0.00113109608178965,0.000357547167973127,1.03757220767818,-0.991026593347459,-5.24163431424075,4.23955028298804,4.09080618916174
479.549,1201.29,0.492035398230089,0.00627303061076454,0.00608443348324387,0.00118477682673243,0.170863194545191,0.0029063300933314,0.0230601092896175,0.223841578412883,0.0644160742782533,0.00478843270951207,0.00318874220223415,0.000983606557377049,0.000374292760771797,1.05768745711945,-0.975500001847624,-4.97130877942782,4.36229107265884,4.07397205543734
478.599,1201.79,0.497371468440663,0.00666702198276071,0.00589372495627189,0.00112893613516224,0.171459719267984,0.00287902940563693,0.0221223030297157,0.220931348085412,0.0618288765389628,0.00512430410535445,0.00297593379492124,0.00118901685651852,0.000428317400636662,1.06498880238012,-1.01997785270134,-5.02307264999387,4.3121638874464,4.08689514053107
477.649,1202.29,0.496349143108304,0.00569238043309079,0.00562091976729275,0.00108169911927177,0.172217267833597,0.00286527902453254,0.0219129726560167,0.222951403810518,0.0616490184926498,0.00477024417032699,0.00335571455281775,0.00116392783060102,0.000370029200981654,1.05852273190277,-1.02729955590012,-5.07022380129916,4.46815108220103,4.09609112855913
476.699,1202.79,0.490834869170179,0.00582835409158674,0.00563074960576927,0.00105747747113214,0.171297654963003,0.00294645896674375,0.0234161315693709,0.226881253399384,0.0625310591209144,0.00521793231361593,0.00304330472959489,0.000989978909144979,0.000324775689561396,1.0527050403055,-1.0077393363464,-5.08751638776925,4.43337311244073,4.06279861648867
475.778,1203.29,0.490944478911224,0.00634101757675273,0.0059310042488732,0.00124765392135181,0.172664538642044,0.00294739891067581,0.0224792987304265,0.225059153474154,0.0623376826712124,0.00497398029978922,0.00334958382179392,0.00136410162067798,0.000360107171025464,1.04498041477839,-1.01878452782222,-4.93008570416698,4.34929178719157,4.07042757283972
474.878,1203.79,0.486528509070201,0.00632795582662164,0.00573792066913705,0.00137968419909332,0.174943956445033,0.00291201430957569,0.0221424636462999,0.229709591153582,0.0609663856090132,0.00497762661048775,0.00293549829594324,0.00101568241039636,0.000422711754615826,1.02282982651161,-1.05414301705093,-4.84261104200313,4.34231825044036,4.09562062942236
473.891,1204.29,0.486442536999627,0.00648688068079901,0.0058772040740512,0.00149086514286722,0.173654913238706,0.00293664166208429,0.0225688165118461,0.228208227105516,0.062833937618909,0.00503816359916998,0.0028856719136102,0.00116054196525627,0.00041559948755799,1.03004870683431,-1.01657473725615,-4.75771348845476,4.31733699906681,4.07980343607695
472.841,1204.79,0.48344322776949,0.00634099448091457,0.00618609995924338,0.00140276351188477,0.175364800800805,0.00280843129605087,0.0227143135123204,0.229565298205837,0.0628910481615472,0.00482593244081819,0.00314823115296705,0.00101068675390455,0.000298171954217052,1.014065508487,-1.02546454521253,-4.82842415218634,4.33389827436472,4.13424231038562
471.878,1205.29,0.480594869957392,0.00641157959511143,0.0060337978361284,0.00125602698218584,0.178703429635226,0.00292780863211846,0.0235480717551663,0.226019621283523,0.0648051502948256,0.00506013350885256,0.00304951667302794,0.00117521284302194,0.000414781003419509,0.989297034879297,-1.01434253406185,-4.95777406367285,4.31691898173048,4.11147337804004
470.978,1205.79,0.491175678366066,0.00550714963285669,0.00576967368942916,0.00106180733662025,0.173957808773183,0.00277358129657606,0.0232026373420464,0.221902118539859,0.065139147509242,0.00507091077305039,0.00305757572208754,0.000962262898812103,0.000419648120171607,1.0379890693831,-0.982287078789346,-5.09884030074674,4.49075467957659,4.13867341950558
469.991,1206.29,0.496927886986376,0.00551853916790274,0.00600602590400392,0.00100810363873352,0.169853630924265,0.00278672029336289,0.0229052505634495,0.219247869493648,0.0660804835868422,0.00503483873654797,0.00304513559230585,0.00120972436648022,0.000375790746081885,1.0735078473438,-0.944063624229643,-5.12686609105056,4.50033173719335,4.11007168934532
468.941,1206.79,0.500857057411905,0.00665495962712532,0.00563925541769696,0.000943674916300138,0.169215956585483,0.0028775246723123,0.0234396084524096,0.216893878057142,0.064768922733539,0.00455061015193622,0.00272434845401431,0.00105946884322779,0.000374734676907591,1.08514499704147,-0.960349847912359,-5.18914928925751,4.32095836054682,4.07424531299122
467.949,1207.29,0.509132682782757,0.0062494167784791,0.00575113043052846,0.000878795922749309,0.166358786101978,0.00279312147405785,0.0226946782112064,0.211343171619784,0.0658779850749649,0.00446555165281582,0.00286378753794904,0.00116055420313594,0.000430338209593734,1.11856183799081,-0.926342497967987,-5.24334939608237,4.40022051207383,4.08698703969365
466.999,1207.79,0.508512549661812,0.00548765278124221,0.00547228879947654,0.000790793179115107,0.167765643244728,0.00283962533574819,0.0237554271006178,0.212085308056872,0.0643199540165063,0.00436246705781557,0.00287577588107917,0.00137462448621037,0.000357890398776666,1.1089218701259,-0.958698114872795,-5.35728683784565,4.5289892752537,4.0788959053877
466.078,1208.29,0.508750093124758,0.0054929979267249,0.00547301017376626,0.000809503994824989,0.168732067805726,0.00274195629223548,0.0233811282904838,0.211465883631302,0.0647675878598023,0.00439912271935196,0.00263020658251217,0.000947601197084695,0.000408840401426762,1.10364486055182,-0.957506768377097,-5.33964563019884,4.52848274288207,4.11964041834186
465.178,1208.79,0.513992293292716,0.00570118235063848,0.00592195706581127,0.000741172258080076,0.164986428848391,0.00252035672741373,0.0221015897634742,0.209134878508973,0.0661990200571046,0.00463163089436023,0.00284966355046557,0.000935045852496517,0.000284780830075824,1.1363450506346,-0.913197561043591,-5.40538543477191,4.50153468848236,4.18146277111184
464.278,1209.29,0.510545234114022,0.00668010040078749,0.0054705081955665,0.00081473681868908,0.167820954400691,0.0026629566326436,0.0224112873027113,0.208939674253575,0.0661401310252522,0.00434711681416585,0.00268149444421787,0.00115675944223433,0.000329046155443258,1.11258157767495,-0.931121974894918,-5.32778780322117,4.33634622365685,4.14346064192705
463.378,1209.79,0.511586177658443,0.006127788231969,0.00570383565515549,0.000707517348585709,0.164858979984976,0.00287190681968628,0.0239086940029305,0.210013648297868,0.0652970643143497,0.0045175122165282,0.00309782891654084,0.000963190503462279,0.000345856049505761,1.13242560976414,-0.926143363336429,-5.45108357050317,4.42468217707628,4.05011423544627
462.507,1210.29,0.50907877070933,0.00637139116094134,0.00552556589957579,0.000838438141178947,0.166717145321275,0.00280064194074422,0.0240210680667722,0.209987201814277,0.0660168463275855,0.00416818256528829,0.00308042911781164,0.00105728157670693,0.000337037358513564,1.11630412456579,-0.926388678981276,-5.29251310945701,4.38078492203875,4.08644998036973
461.657,1210.79,0.509719022296199,0.00723806275706244,0.00530945730284388,0.000725659812903955,0.165051000075995,0.00280625531733484,0.0242016351905158,0.211534932688797,0.0647134709522918,0.00449946154744406,0.00281552300332339,0.00103149345052631,0.000354025604762849,1.12760511971153,-0.936285131304073,-5.4269284687526,4.2545060416212,4.07440355018607
460.749,1211.29,0.506963150458588,0.00750710947305811,0.00581204767076275,0.000650850523863411,0.166153112348202,0.00267656339521639,0.0237679209553916,0.211793411492405,0.0655886301639288,0.00457685689554752,0.00281243438049007,0.00124469224271689,0.000453219999828974,1.11552859262444,-0.929507366527601,-5.5423849999629,4.21258781812683,4.12837607034875
459.799,1211.79,0.506821194968861,0.00704770384575871,0.00558493593663622,0.0006663176897073,0.168715357106166,0.00266233543861022,0.0234708204709232,0.209116126160063,0.066163096175767,0.00472097335218461,0.00336094165072625,0.00128371337576502,0.000386483828831694,1.09994525128753,-0.936090169530748,-5.53420172805787,4.27545640060554,4.14900929542414
458.82,1212.29,0.503304260528271,0.00615148132631367,0.00529697328368397,0.000552744631003896,0.170435779570129,0.00264751006122184,0.0240580635773515,0.211769554317902,0.0668352244817042,0.00455281885113103,0.00288188941005741,0.0010449412635586,0.000468758697671148,1.08283631257594,-0.936128312194334,-5.73121773889349,4.40450196005068,4.16473896759801
457.82,1212.79,0.512803785766972,0.00688277725091243,0.00540947016505254,0.000612121734632296,0.167943596670211,0.00266498069756971,0.0226427565594735,0.20849594313686,0.062549453496949,0.00463737295360711,0.00305102930329243,0.00122328553227769,0.00108342673218956,1.11626509919405,-0.987670689110477,-5.61445229237853,4.31087104743699,4.14343137427268
456.849,1213.29,0.506433530285544,0.00595022262447894,0.00562359942552186,0.000612536839783274,0.170059918789165,0.00275688914597974,0.0227698972699034,0.211422723317962,0.0650018035280986,0.00472325547709235,0.00316303799337854,0.00097324245950109,0.000509342843591037,1.09124224326682,-0.961735822318444,-5.62629703020234,4.44396444694571,4.12204791538666
455.899,1213.79,0.511546421091736,0.00562208187974456,0.00557242190730584,0.000901519499656678,0.17009304559836,0.00250591860921517,0.0218074128968858,0.208631094209743,0.0639190695249164,0.00483516231648491,0.00326418818837556,0.000967414463084973,0.000334249814491353,1.10109272172565,-0.978727869887819,-5.24001922070851,4.51073629955139,4.21769023679003
454.978,1214.29,0.507168012421485,0.00637240204781557,0.00567124984609427,0.000888188781000843,0.168084792422293,0.00276231410302802,0.0220543383557511,0.213697280826495,0.0641394484582641,0.00447853919732171,0.00327267019623803,0.00108838371259151,0.000322379631622528,1.10437376526593,-0.963408973677149,-5.24303953624305,4.37686584806828,4.10839979731788
454.078,1214.79,0.503107044570212,0.00558275117228408,0.00546285316053032,0.000967614422981451,0.171999318080058,0.0025824907687898,0.022505231487466,0.214636175103553,0.0643252833058879,0.0044174923705523,0.00307051314475624,0.000961994203680494,0.000381238209248258,1.07331244757048,-0.983537749707691,-5.18041210657842,4.50112126320914,4.19873616467426
453.062,1215.29,0.50486768056777,0.00665038955492682,0.00565297160308947,0.00102364114681524,0.1681300146007,0.00262700221117726,0.0232187660675603,0.215283065341646,0.0633692872067334,0.00466491907802993,0.00333877464629124,0.000813855586992171,0.000359632388268117,1.09955879973222,-0.975758261378857,-5.10137155389784,4.3296209436245,4.15889422411758
451.962,1215.79,0.51105076413804,0.00620428551606573,0.00554355223426959,0.00102602439616057,0.164618865445443,0.0028118920663867,0.0244556265686516,0.208297110990921,0.067199406472732,0.00452413517092698,0.0029978412899779,0.000879719169477143,0.000390776540948001,1.1328360324453,-0.895968480321041,-5.07794137115996,4.4112286624629,4.06977530556789
450.949,1216.29,0.507184167932679,0.006850990488276,0.00534114839845211,0.00118088208142651,0.170465014493922,0.00270571949926851,0.02480133533396,0.206828684937849,0.0657957505114813,0.00433271258923392,0.00325867221993648,0.000885661561069879,0.000369259952446066,1.09034410590761,-0.951974827731062,-4.97226839623312,4.30448094934242,4.14316221651571
449.999,1216.79,0.497600184565694,0.00517799054100819,0.00549728919137155,0.00130026531318491,0.172542161725689,0.00290967816357135,0.0250806321375014,0.214002999192525,0.0662240166109124,0.00464459568577691,0.00348552312838851,0.00112308224708732,0.000411581497289191,1.05915528992883,-0.957598436572298,-4.88807329169796,4.5653798577745,4.08259914405158
448.991,1217.29,0.498766635593173,0.00509006062111157,0.00551168406596971,0.0012389242764293,0.171853716124178,0.00290688515718678,0.0263009631547441,0.21110546887307,0.0679786723402047,0.00440156343533223,0.00347769843637934,0.00103784232580465,0.000329885596416479,1.06549469492709,-0.927449613369174,-4.93240014319758,4.58484858188399,4.07956151210884
447.941,1217.79,0.499315541393427,0.00619460321166917,0.00571562009007825,0.0013128366557233,0.169203315923844,0.00287665678974664,0.0256131857342094,0.216084823222131,0.0648686565764566,0.00426763848450108,0.00319567241967379,0.00100393391320017,0.00034751558533852,1.08213719874717,-0.958736487101686,-4.8589108624468,4.389559780127,4.07447226167745
446.978,1218.29,0.493836743226416,0.00575061578033684,0.00541795806331403,0.00126337220399371,0.172373958172382,0.0030220953800569,0.0264099324686656,0.214486062005217,0.0687365369059197,0.00457358915863047,0.00284122410768657,0.000912536469647256,0.000375376057733383,1.05253869113373,-0.919385401588008,-4.91588179384948,4.45289804196106,4.04371586688427
446.078,1218.79,0.495971825588716,0.00527175351039661,0.00552813335401403,0.00138956050473071,0.170166874994298,0.00311852777752434,0.0271999854018594,0.212432141455982,0.0696221818745837,0.00442597374159466,0.00317874510734195,0.00130288404514475,0.000391412643814494,1.06973954867074,-0.893696351532975,-4.80779205969322,4.54415608023294,3.99941854891285
445.149,1219.29,0.498009743075924,0.00575801603479722,0.00539706034779035,0.00146291612189937,0.170668395374676,0.0029231046189599,0.0263015771126818,0.209437036417428,0.0708291433985114,0.0044960349426926,0.0032285986009103,0.00118924442973547,0.000299129523993097,1.07089717577417,-0.879451919542792,-4.75929067802063,4.46002666427075,4.06707618834129
444.199,1219.79,0.497707125723879,0.00649441641381092,0.00559137106280012,0.00155514300813016,0.171139000293993,0.0030086247242094,0.0249866970246213,0.213587626996477,0.0671431619958951,0.00459673896219391,0.00279980693513185,0.00102119225798888,0.000369094600869525,1.06753570954802,-0.935649007518488,-4.70090858547565,4.33906900859097,4.04099302142824
443.278,1220.29,0.493543577597906,0.00576021445807322,0.00568957119539555,0.00122138483103247,0.169429499882881,0.00301628141301398,0.0254064776153809,0.220278706261596,0.0659120231115011,0.00470800165082151,0.00337879289254416,0.00127808534449745,0.000377383745357064,1.06917424770847,-0.944116040748157,-4.93245158800164,4.45063645179256,4.02841215790801
442.378,1220.79,0.495751601319503,0.00713000484432791,0.00582280525032872,0.00115052787795369,0.171277749156087,0.00284796499780852,0.0240832301670909,0.21638574691078,0.0658665195426339,0.005100961945113,0.00318341548185684,0.001039992618167,0.000359479888349776,1.06278849460638,-0.95565623990442,-5.00306564151983,4.24176308363465,4.09668179950424
441.391,1221.29,0.504238185006616,0.00574998896657819,0.00591391409062537,0.00121772949292195,0.167749443149956,0.0029335391704488,0.0251679106662115,0.21138234814634,0.0673435032960659,0.00457819453588924,0.00262730542222879,0.000703436933411273,0.000394501122706962,1.10057728941214,-0.912665019944592,-4.92548340289821,4.47385080978361,4.04626185422488
440.341,1221.79,0.509818018380039,0.00674658457131811,0.00580863315244043,0.00121219508246831,0.166725863938958,0.00307857557079343,0.0245010050839824,0.205085696383697,0.0687999268683564,0.00420030833367455,0.00283385119043651,0.000817017581113753,0.000372323862722002,1.11770290500971,-0.885148248346258,-4.9239180964982,4.32501744794054,3.99188391733017
439.262,1222.29,0.517215332736368,0.00592034234724968,0.00566953850132946,0.00110020593347036,0.167874966445189,0.00254330775003478,0.0241153776067435,0.196729165156292,0.0692101050437045,0.00467905925044919,0.0035475028362388,0.00102280943414342,0.000372286958787834,1.1252398371566,-0.886072576357741,-5.02772208043556,4.47006501596905,4.18975395735002
438.162,1222.79,0.531938622689443,0.00610644566045497,0.00567965107128339,0.00106891767016503,0.163545369133868,0.00235412943076996,0.021582094711706,0.190710555055054,0.0678999292216213,0.00457597185086909,0.00310150276112925,0.000897041116154755,0.000539769627481709,1.17943767289922,-0.879055446729522,-5.03044382557348,4.46718323285197,4.2409194482409
437.178,1223.29,0.531421136886667,0.00646905759431385,0.00529364401053018,0.00104787883056342,0.165695245237909,0.00240983578472895,0.0213097248104586,0.190056286606757,0.0674754019724106,0.00432095357925333,0.00291236078249233,0.0010992734326074,0.000489200471307536,1.16540457936739,-0.898387112777669,-5.06338226949426,4.40852436823769,4.23059162295287
436.278,1223.79,0.539798053131007,0.00688538612515531,0.00569984852536693,0.00115271326884961,0.158301128481189,0.00214420114749999,0.0201406232954277,0.189955368564138,0.0669664622225741,0.00425750880705762,0.0031086572242008,0.00123091241020373,0.00035913679733003,1.22669599831669,-0.860307165387079,-4.92238056794936,4.36179388123556,4.30173203800748
435.262,1224.29,0.54030189830425,0.00638357739921802,0.00547502134017229,0.000982453215047356,0.159663332136452,0.00231828641969227,0.0209640547180018,0.189339672067159,0.0660934268479737,0.004340984215378,0.002820408120729,0.000930346246071845,0.000386538969854697,1.21906063006831,-0.881998124830977,-5.0907699788468,4.43839939317813,4.23223912363365
434.162,1224.79,0.541867018164455,0.00709688638160632,0.0055299415205802,0.00107793509139871,0.159617976729284,0.00217124180620418,0.0196093878347051,0.188436888437561,0.0660355334289576,0.00415514195213853,0.00310122502231287,0.000965530095236814,0.000335293535559849,1.2222373025742,-0.882590332384826,-4.9977360562077,4.33536446733581,4.29748405002402
433.091,1225.29,0.533397323588311,0.00732033097610195,0.00552397803515224,0.00107260773780957,0.162217223786643,0.00213172355438883,0.0195989430043425,0.192922909089507,0.0666741835942093,0.00448895493505567,0.00311085155224554,0.0011882527769265,0.00035271736930665,1.19033026947328,-0.889118499180513,-5.01884350300845,4.2886110518251,4.33200549164177
432.041,1225.79,0.519054386613717,0.00737411151492152,0.00586579252578567,0.00126822713463925,0.166492083745588,0.00241640834203021,0.0199014848906711,0.205884573904726,0.0626794638206746,0.00487734985062027,0.00281527061643584,0.00105717864963822,0.000313668390551998,1.13706090562026,-0.976913900000434,-4.87732779498077,4.25403324642344,4.23266548168665
431.049,1226.29,0.504812813378617,0.00644372219488069,0.00583852687076985,0.00162067604508267,0.168393406197161,0.00256111644406329,0.0207988383368336,0.218165605219688,0.0625680357464807,0.00451411391510698,0.00302402752128173,0.000930694902618128,0.00032842322741603,1.09788474854171,-0.990048408821581,-4.64345957146945,4.36108134026317,4.18585967105787
430.099,1226.79,0.503212837506561,0.00655738020115324,0.00571715878262107,0.0016910177061763,0.168333650579407,0.00276869300385887,0.0226552150447701,0.21545719004578,0.0648816287605677,0.00461544969150223,0.00278792003860789,0.000958467682238642,0.000363390956756476,1.0950651915632,-0.953383511542456,-4.60061748454235,4.34042205318839,4.10757265614992
429.091,1227.29,0.506295267741867,0.00670343730882129,0.00571630381710916,0.0018034726256207,0.170603299708395,0.00251366837332366,0.0218867662355959,0.21002977804453,0.065649684368167,0.00466451935379906,0.00275876310147115,0.00104599482406251,0.000329044497237377,1.08777905553014,-0.955008183713933,-4.54962693388333,4.32449960617615,4.21759778715142
428.041,1227.79,0.505605807764454,0.00679099735165481,0.00594463875440552,0.0022496077324395,0.168906529613445,0.00284675541770145,0.022743371229367,0.211374944526609,0.064371178566328,0.00459794132616628,0.00304037312624546,0.00114541169163409,0.000382442899549791,1.09641184693461,-0.964679487562521,-4.31858962282882,4.31015951348967,4.0831655868831
427.049,1228.29,0.502023833538513,0.00694437898380368,0.00558133133746458,0.00259318400766172,0.169231885888592,0.00282601441474731,0.0234404604574788,0.21172861966446,0.0666008080252022,0.00456423008545913,0.00290425297259388,0.00114529937088658,0.000415701253136612,1.08737771543739,-0.932553170312401,-4.17838341302449,4.28071504270364,4.09240249528652
426.099,1228.79,0.500673340383823,0.00625964079808555,0.00535687972947011,0.00237720864039334,0.169050403537928,0.00285749991140258,0.0251831168758498,0.21087677870976,0.0681136956687986,0.00453245743127172,0.00296474941852115,0.00140077182340949,0.000353457071286416,1.08575695698536,-0.909018612165448,-4.26426995704596,4.38183107026039,4.08024983056159
425.236,1229.29,0.507658604486048,0.00617602271984156,0.00548190913931784,0.00251394299487122,0.167570976149772,0.00276244126192278,0.0252421923899741,0.20617508851583,0.0673075306185365,0.00472146707397962,0.00291284810776977,0.00108180824528461,0.000395168296852667,1.10840218352512,-0.912134873066726,-4.19955456488117,4.40913469179962,4.1052921957556
424.436,1229.79,0.508401918044645,0.00607138767793159,0.00559103869881281,0.00222394130061002,0.16617468132662,0.00288954114570679,0.0243656088749128,0.208019035224661,0.0672442025322583,0.00469457345289927,0.00281320661801737,0.00103237794155568,0.000478487161370261,1.11823277978766,-0.904708725161227,-4.3137585497989,4.42768512056311,4.0519418158216
423.578,1230.29,0.508294531454718,0.00606353796170571,0.00547257664630828,0.00178845967078416,0.166919543136511,0.00287051442037231,0.0244712957720154,0.208245605355117,0.0667685502298794,0.00473043918046034,0.002858603572155,0.00102066807031432,0.000495674529658928,1.11354914719657,-0.916279753961715,-4.53615718842039,4.42876761410844,4.06302066444124
422.678,1230.79,0.505732525538919,0.00621667780231941,0.00529177067727974,0.00164458070424942,0.168574494804517,0.00278557072555935,0.024348654725751,0.208169199236567,0.0681058932767479,0.00472308389169817,0.00295554388245814,0.00101893482885602,0.000433069905077225,1.09863016611464,-0.90631400977415,-4.62989229706399,4.39877227519401,4.10292497698544
421.807,1231.29,0.508347334093246,0.00593704249928421,0.00514201542514591,0.00149011303250157,0.172130114329035,0.00280015198252561,0.0236878451795068,0.205051258087577,0.0666571227402954,0.004259652421006,0.00317830755572843,0.000940887080945101,0.000378155573202816,1.08291427298776,-0.948688760748728,-4.74939869166548,4.44995382883272,4.11857697430336
