"y","mean_gray","position..mm.","facies_class","facies_prob"
532,0.137449039021549,25.1409163173869,2,8.58018568577201e-29
533,0.154610755193166,25.1878884231826,2,2.22759922901344e-37
534,0.160473694428266,25.2348605289782,2,1.41770634370857e-40
535,0.169559308872064,25.2818326347738,2,8.47631956839101e-46
536,0.17732479130266,25.3288047405695,2,1.58641785635122e-50
537,0.179732090856144,25.3757768463651,2,4.84511786575542e-52
538,0.179421471558921,25.4227489521607,2,7.62286858270132e-52
539,0.176742380120365,25.4697210579564,2,3.6598066810174e-50
540,0.174529217627645,25.516693163752,2,8.52121915961819e-49
541,0.175422248107164,25.5636652695476,2,2.40586688808243e-49
542,0.174451562803339,25.6106373753433,2,9.50842225545956e-49
543,0.175655212580082,25.6576094811389,2,1.72768167544337e-49
544,0.178800232964473,25.7045815869345,2,1.88181769949185e-51
545,0.176315278586682,25.7515536927302,2,6.74242483341064e-50
546,0.180780430984275,25.7985257985258,2,1.04275284113476e-52
547,0.179770918268297,25.8454979043214,2,4.57799372157996e-52
548,0.176897689768977,25.8924700101171,2,2.92941865884092e-50
549,0.178217821782178,25.9394421159127,2,4.37614623176923e-51
550,0.177247136478354,25.9864142217084,2,1.77379016622831e-50
551,0.177014172005436,26.033386327504,2,2.4786197543455e-50
552,0.181091050281499,26.0803584332996,2,6.60182157210027e-53
553,0.180159192389827,26.1273305390953,2,2.59447160015605e-52
554,0.182061735585323,26.1743026448909,2,1.5732196629056e-53
555,0.183304212774219,26.2212747506865,2,2.47726983800524e-54
556,0.182605319355465,26.2682468564822,2,7.0197522313494e-54
557,0.181867598524558,26.3152189622778,2,2.09733589354624e-53
558,0.182061735585323,26.3621910680734,2,1.5732196629056e-53
559,0.181168705105805,26.4091631738691,2,5.88807845799277e-53
560,0.179421471558921,26.4561352796647,2,7.62286858270132e-52
561,0.170957095709571,26.5031073854603,2,1.24504080228062e-46
562,0.170957095709571,26.550079491256,2,1.24504080228062e-46
563,0.169753445932829,26.5970515970516,2,6.50100880474877e-46
564,0.168122694622403,26.6440237028472,2,5.97261885345398e-45
565,0.164317608231411,26.6909958086429,2,9.5945483585612e-43
566,0.158454668996311,26.7379679144385,2,1.85189248277995e-39
567,0.15530964861192,26.7849400202342,2,9.41765247850093e-38
568,0.156396816152203,26.8319121260298,2,2.44630966558055e-38
569,0.153795379537954,26.8788842318254,2,6.04816850292389e-37
570,0.149640846437585,26.9258563376211,2,8.94331745968915e-35
571,0.148476024072996,26.9728284434167,2,3.53026603945869e-34
572,0.148359541836537,27.0198005492123,2,4.0471437361522e-34
573,0.147350029120559,27.066772655008,2,1.3159388989006e-33
574,0.147544166181324,27.1137447608036,2,1.04969731605643e-33
575,0.152941176470588,27.1607168665992,2,1.71108893623551e-36
576,0.158648806057076,27.2076889723949,2,1.44879559927961e-39
577,0.160163075131043,27.2546610781905,2,2.11025776469436e-40
578,0.161327897495632,27.3016331839861,2,4.72660136746617e-41
579,0.160046592894584,27.3486052897818,2,2.44916306620397e-40
580,0.156163851679286,27.3955773955774,2,3.26853130990618e-38
581,0.153329450592118,27.442549501373,2,1.0674115930501e-36
582,0.153989516598719,27.4895216071687,2,4.77065272838651e-37
583,0.156202679091439,27.5364937129643,2,3.11454032414413e-38
584,0.157716948165405,27.58346581876,2,4.69212112337329e-39
585,0.161056105610561,27.6304379245556,2,6.70885289166168e-41
586,0.160823141137643,27.6774100303512,2,9.05284876033006e-41
587,0.159697146185207,27.7243821361469,2,3.82596701365603e-40
588,0.157755775577558,27.7713542419425,2,4.46861215457132e-39
589,0.156590953212968,27.8183263477381,2,1.92079232577494e-38
590,0.156707435449427,27.8652984535338,2,1.66107980965133e-38
591,0.156707435449427,27.9122705593294,2,1.66107980965133e-38
592,0.156202679091439,27.959242665125,2,3.11454032414413e-38
593,0.155464958260532,28.0062147709207,2,7.77310157671001e-38
594,0.155426130848379,28.0531868767163,2,8.15530699057096e-38
595,0.159619491360901,28.1001589825119,2,4.22401164334195e-40
596,0.165676567656766,28.1471310883076,2,1.58812763885021e-43
597,0.16598718695399,28.1941031941032,2,1.05026815898874e-43
598,0.161832653853621,28.2410752998988,2,2.46206172245644e-41
599,0.161599689380703,28.2880474056945,2,3.32778879773446e-41
600,0.164550572704329,28.3350195114901,2,7.05732569101731e-43
601,0.16559891283246,28.3819916172857,2,1.76084549273136e-43
602,0.167190836730732,28.4289637230814,2,2.09773220192678e-44
603,0.167967384973791,28.475935828877,2,7.36780632918675e-45
604,0.167229664142885,28.5229079346727,2,1.99107229703757e-44
605,0.166919044845661,28.5698800404683,2,3.02149258858309e-44
606,0.166530770724131,28.6168521462639,2,5.08270182234154e-44
607,0.167268491555038,28.6638242520596,2,1.88980918648099e-44
608,0.168899242865463,28.7107963578552,2,2.08373058805882e-45
609,0.171500679479713,28.7577684636508,2,5.87625809234258e-47
610,0.17328674043875,28.8047405694465,2,4.8897133010034e-48
611,0.175189283634246,28.8517126752421,2,3.34857450595298e-49
612,0.175927004465152,28.8986847810377,2,1.17330375467653e-49
613,0.176664725296059,28.9456568868334,2,4.09034479589597e-50
614,0.177130654241895,28.992628992629,2,2.09692793741036e-50
615,0.176625897883906,29.0396010984246,2,4.32415905420261e-50
616,0.176276451174529,29.0865732042203,2,7.12693806382072e-50
617,0.180042710153368,29.1335453100159,2,3.07681015793854e-52
618,0.179770918268297,29.1805174158115,2,4.57799372157996e-52
619,0.179770918268297,29.2274895216072,2,4.57799372157996e-52
620,0.181751116288099,29.2744616274028,2,2.4918522347532e-53
621,0.18423607066589,29.3214337331985,2,6.13461811717257e-55
622,0.183886623956513,29.3684058389941,2,1.03637281371432e-54
623,0.181246359930111,29.4153779447897,2,5.25120630175344e-53
624,0.178877887788779,29.4623500505854,2,1.68114595738695e-51
625,0.173170258202291,29.509322156381,2,5.75571391254434e-48
626,0.170529994175888,29.5562942621766,2,2.24158277324583e-46
627,0.166103669190448,29.6032663679723,2,8.99199320503161e-44
628,0.16260920209668,29.6502384737679,2,8.98561671350441e-42
629,0.161405552319938,29.6972105795635,2,4.27600353334534e-41
630,0.162958648806057,29.7441826853592,2,5.69869519605642e-42
631,0.164744709765094,29.7911547911548,2,5.46160882051142e-43
632,0.165793049893225,29.8381268969504,2,1.36014841017125e-43
633,0.16742380120365,29.8850990027461,2,1.5334904131396e-44
634,0.169986410405746,29.9320711085417,2,4.72615879218332e-46
635,0.170141720054358,29.9790432143373,2,3.82007392761446e-46
636,0.167579110852262,30.026015320133,2,1.24407684797214e-44
637,0.165327120947389,30.0729874259286,2,2.52613376118757e-43
638,0.16299747621821,30.1199595317243,2,5.41714714225042e-42
639,0.160357212191807,30.1669316375199,2,1.64593296651569e-40
640,0.159308872063677,30.2139037433155,2,6.27222376597045e-40
641,0.159813628421666,30.2608758491112,2,3.29777139335797e-40
642,0.162764511745292,30.3078479549068,2,7.34022152054714e-42
643,0.166375461075519,30.3548200607024,2,6.25567787529394e-44
644,0.166880217433508,30.4017921664981,2,3.18299598027948e-44
645,0.164123471170646,30.4487642722937,2,1.23883172452074e-42
646,0.162919821393904,30.4957363780893,2,5.9947932310785e-42
647,0.160357212191807,30.542708483885,2,1.64593296651569e-40
648,0.157716948165405,30.5896805896806,2,4.69212112337329e-39
649,0.15752281110464,30.6366526954762,2,5.98773607193282e-39
650,0.161444379732091,30.6836248012719,2,4.06699460263676e-41
651,0.164900019413706,30.7305969070675,2,4.44791313025456e-43
652,0.167307318967191,30.7775690128631,2,1.79367114915388e-44
653,0.169326344399146,30.8245411186588,2,1.16487328649422e-45
654,0.169831100757135,30.8715132244544,2,5.84584889803749e-46
655,0.17146185206756,30.91848533025,2,6.20057616502942e-47
656,0.173713841972433,30.9654574360457,2,2.68631042905376e-48
657,0.176198796350223,31.0124295418413,2,7.96266484031578e-50
658,0.174762182100563,31.059401647637,2,6.13105546748796e-49
659,0.174684527276257,31.1063737534326,2,6.84250507552567e-49
660,0.177052999417589,31.1533458592282,2,2.3442676921198e-50
661,0.180469811687051,31.2003179650239,2,1.64554514646947e-52
662,0.182760629004077,31.2472900708195,2,5.57146904001353e-54
663,0.184663172199573,31.2942621766151,2,3.22691119786469e-55
664,0.18540089303048,31.3412342824108,2,1.0596287964961e-55
665,0.187381091050282,31.3882063882064,2,5.20245781528445e-57
666,0.185633857503397,31.435178494002,2,7.44687991967861e-56
667,0.18384779654436,31.4821505997977,2,1.09847177659753e-54
668,0.183964278780819,31.5291227055933,2,9.22469600983652e-55
669,0.184818481848185,31.5760948113889,2,2.55358794606561e-55
670,0.183459522422831,31.6230669171846,2,1.96419528747255e-54
671,0.178567268491555,31.6700390229802,2,2.63844317232602e-51
672,0.174568045039798,31.7170111287758,2,8.06657596870537e-49
673,0.17185012618909,31.7639832345715,2,3.62114783082836e-47
674,0.172083090662007,31.8109553403671,2,2.62061080017034e-47
675,0.172976121141526,31.8579274461628,2,7.55098605104737e-48
676,0.174529217627645,31.9048995519584,2,8.52121915961819e-49
677,0.176742380120365,31.951871657754,2,3.6598066810174e-50
678,0.179576781207533,31.9988437635497,2,6.07799153234651e-52
679,0.181984080761017,32.0458158693453,2,1.76505821160597e-53
680,0.182954766064842,32.0927879751409,2,4.17246938281521e-54
681,0.184003106192972,32.1397600809366,2,8.70284014518541e-55
682,0.184740827023879,32.1867321867322,2,2.8706550610593e-55
683,0.185789167152009,32.2337042925278,2,5.88483115882143e-56
684,0.187070471753058,32.2806763983235,2,8.36699615268281e-57
685,0.188312948941953,32.3276485041191,2,1.24398997105981e-57
686,0.188157639293341,32.3746206099147,2,1.5798739970806e-57
687,0.18644923315861,32.4215927157104,2,2.15841849522783e-56
688,0.184896136672491,32.468564821506,2,2.27141476450481e-55
689,0.183770141720054,32.5155369273016,2,1.23400385418756e-54
690,0.181401669578723,32.5625090330973,2,4.17596771862718e-53
691,0.178800232964473,32.6094811388929,2,1.88181769949185e-51
692,0.17693651718113,32.6564532446885,2,2.77074799283505e-50
693,0.175810522228693,32.7034253504842,2,1.38506409690692e-49
694,0.174995146573481,32.7503974562798,2,4.40909314777013e-49
695,0.17367501456028,32.7973695620755,2,2.83683840824138e-48
696,0.172626674432149,32.8443416678711,2,1.22983787245355e-47
697,0.177014172005436,32.8913137736667,2,2.4786197543455e-50
698,0.177363618714813,32.9382858794624,2,1.50025858182236e-50
699,0.177868375072801,32.985257985258,2,7.25007280938879e-51
700,0.178101339545719,33.0322300910536,2,5.17881243240131e-51
701,0.17693651718113,33.0792021968493,2,2.77074799283505e-50
702,0.174801009512716,33.1261743026449,2,5.80344881790873e-49
703,0.173713841972433,33.1731464084405,2,2.68631042905376e-48
704,0.173247913026597,33.2201185142362,2,5.16291241236793e-48
705,0.171617161716172,33.2670906200318,2,5.00116041573089e-47
706,0.17549990293147,33.3140627258274,2,2.15456711816061e-49
707,0.180353329450592,33.3610348316231,2,1.95212489123652e-52
708,0.185284410794021,33.4080069374187,2,1.26375220088476e-55
709,0.188817705299942,33.4549790432144,2,5.71196720897447e-58
710,0.192467482042322,33.50195114901,3,1.91642140416554e-60
711,0.196777324791303,33.5489232548056,3,1.96430388425132e-63
712,0.200660066006601,33.5958953606013,3,3.45371882272085e-66
713,0.201164822364589,33.6428674663969,3,1.49926267752196e-66
714,0.205707629586488,33.6898395721925,3,7.4198337071251e-70
715,0.209590370801786,33.7368116779882,3,9.62190624263951e-73
716,0.21094933022714,33.7837837837838,3,9.10762927509502e-74
717,0.212152980003883,33.8307558895794,3,1.11380869411303e-74
718,0.21250242671326,33.8777279953751,3,6.03746156511437e-75
719,0.213395457192778,33.9247001011707,3,1.25640349581178e-75
720,0.214870898854591,33.9716722069663,3,9.25399161168686e-77
721,0.21133760434867,34.018644312762,3,4.63030210255501e-74
722,0.21316249271986,34.0656164185576,3,1.89345793777101e-75
723,0.214016695787226,34.1125885243532,3,4.19896457172202e-76
724,0.214948553678897,34.1595606301489,3,8.06278614879629e-77
725,0.217278198408076,34.2065327359445,3,1.26133995898781e-78
726,0.218404193360513,34.2535048417401,3,1.66321548187838e-79
727,0.217355853232382,34.3004769475358,3,1.09723558991846e-78
728,0.216773442050087,34.3474490533314,3,3.11710844954406e-78
729,0.215647447097651,34.3944211591271,3,2.32749192544995e-77
730,0.217278198408076,34.4413932649227,3,1.26133995898781e-78
731,0.22085032032615,34.4883653707183,3,1.96554928417865e-81
732,0.225781401669579,34.535337476514,3,2.19650798101789e-85
733,0.231061929722384,34.5823095823096,3,1.02907252684322e-89
734,0.235410599883518,34.6292816881052,3,2.3547476825781e-93
735,0.239642787808193,34.6762537939009,3,5.80848248623435e-97
736,0.242671325956125,34.7232258996965,3,1.39033076077237e-99
737,0.246476412347117,34.7701980054921,3,6.36734188342577e-103
738,0.247796544360318,34.8171701112878,3,4.30010266027722e-104
739,0.247175305765871,34.8641422170834,3,1.53130508875356e-103
740,0.242011259949524,34.911114322879,3,5.21349316280276e-99
741,0.234828188701223,34.9580864286747,3,7.3019249934103e-93
742,0.227295670743545,35.0050585344703,3,1.28980525186237e-86
743,0.221393904096292,35.0520306402659,3,7.28101514918254e-82
744,0.218443020772666,35.0990027460616,3,1.55068929316331e-79
745,0.214754416618132,35.1459748518572,3,1.1377668918021e-76
746,0.208347893612891,35.1929469576529,3,8.19050802801838e-72
747,0.203145020384391,35.2399190634485,3,5.55513223090265e-68
748,0.199378761405552,35.2868911692441,3,2.84347213447414e-65
749,0.1941370607649,35.3338632750398,3,1.35866304219847e-61
750,0.187109299165211,35.3808353808354,2,7.88488757674483e-57
751,0.177014172005436,35.427807486631,2,2.4786197543455e-50
752,0.16703552708212,35.4747795924267,2,2.5842916517282e-44
753,0.157872257814017,35.5217516982223,2,3.85964416605265e-39
754,0.148786643370219,35.5687238040179,2,2.45079444273845e-34
755,0.142263638128519,35.6156959098136,2,4.35993177224373e-31
756,0.134420500873617,35.6626680156092,2,2.14360785732811e-27
757,0.120753251795768,35.7096401214048,2,1.6057030219242e-21
758,0.109415647447098,35.7566122272005,2,3.49979910867766e-17
759,0.102504368083867,35.8035843329961,2,8.94441595663224e-15
760,0.0966802562609202,35.8505564387917,2,6.93533205124751e-13
761,0.0915162104445739,35.8975285445874,2,2.56998413623098e-11
762,0.0936905455251408,35.944500650383,2,5.77505686134195e-12
763,0.0920209668025626,35.9914727561787,2,1.82388087343565e-11
764,0.0874781595806639,36.0384448619743,2,3.68960764643475e-10
765,0.0881770529994176,36.0854169677699,2,2.35017690133859e-10
766,0.0958648806057076,36.1323890735656,2,1.24576792407068e-12
767,0.104717530576587,36.1793611793612,2,1.58539927939935e-15
768,0.109376820034945,36.2263332851568,2,3.6146792560352e-17
769,0.124325373713842,36.2733053909525,2,5.47599092622535e-23
770,0.124325373713842,36.3202774967481,2,5.47599092622535e-23
771,0.129023490584353,36.3672496025437,2,5.43738802363947e-25
772,0.13694428266356,36.4142217083394,2,1.47525083895147e-28
773,0.140399922345176,36.461193814135,2,3.45155309952184e-30
774,0.141215298000388,36.5081659199306,2,1.40134369413897e-30
775,0.146029897107358,36.5551380257263,2,6.06646299695379e-33
776,0.152747039409823,36.6021101315219,2,2.16531806178578e-36
777,0.156241506503592,36.6490822373175,2,2.96776377392351e-38
778,0.160745486313337,36.6960543431132,2,1.0002678662675e-40
779,0.164667054940788,36.7430264489088,2,6.05154856654039e-43
780,0.16664725296059,36.7899985547044,2,4.34906873687402e-44
781,0.166919044845661,36.8369706605001,2,3.02149258858309e-44
782,0.168316831683168,36.8839427662957,2,4.59263109274611e-45
783,0.172820811492914,36.9309148720914,2,9.38031814385193e-48
784,0.178722578140167,36.977886977887,2,2.10632466443085e-51
785,0.185517375266938,37.0248590836826,2,8.88364557564958e-56
786,0.187109299165211,37.0718311894783,2,7.88488757674483e-57
787,0.188973014948554,37.1188032952739,2,4.4933704595001e-58
788,0.191030867792662,37.1657754010695,3,1.83107384042226e-59
789,0.191846243447874,37.2127475068652,3,5.09761647565351e-60
790,0.19336051252184,37.2597196126608,3,4.66733672845051e-61
791,0.195923121723937,37.3066917184564,3,7.78840289481249e-63
792,0.198330421277422,37.3536638242521,3,1.5784678616286e-64
793,0.202368472141332,37.4006359300477,3,2.03109253663889e-67
794,0.202912055911474,37.4476080358433,3,8.20061951696672e-68
795,0.202834401087168,37.494580141639,3,9.33651371249999e-68
796,0.200116482236459,37.5415522474346,3,8.46211769432694e-66
797,0.196427878081926,37.5885243532302,3,3.45371495929913e-63
798,0.192622791690934,37.6354964590259,3,1.49980349282147e-60
799,0.189283634245778,37.6824685648215,2,2.77880229923687e-58
800,0.187070471753058,37.7294406706172,2,8.36699615268281e-57
801,0.189516598718695,37.7764127764128,2,1.93673498047574e-58
802,0.185439720442633,37.8233848822084,2,9.99168993075796e-56
803,0.181013395457193,37.8703569880041,2,7.40166902077759e-53
804,0.177208309066201,37.9173290937997,2,1.87557927945529e-50
805,0.172859638905067,37.9643011995953,2,8.88532325168149e-48
806,0.168316831683168,38.011273305391,2,4.59263109274611e-45
807,0.166880217433508,38.0582454111866,2,3.18299598027948e-44
808,0.168161522034556,38.1052175169822,2,5.66704010791415e-45
809,0.167268491555038,38.1521896227779,2,1.88980918648099e-44
810,0.169054552514075,38.1991617285735,2,1.68688526341937e-45
811,0.172587847019996,38.2461338343691,2,1.29824197192431e-47
812,0.176121141525917,38.2931059401648,2,8.89589195666503e-50
813,0.176781207532518,38.3400780459604,2,3.46176923948587e-50
814,0.176587070471753,38.387050151756,2,4.5712745443647e-50
815,0.176315278586682,38.4340222575517,2,6.74242483341064e-50
816,0.176237623762376,38.4809943633473,2,7.53327391209765e-50
817,0.183148903125607,38.527966469143,2,3.12366883541198e-54
818,0.184857309260338,38.5749385749386,2,2.40838911029476e-55
819,0.187381091050282,38.6219106807342,2,5.20245781528445e-57
820,0.189555426130848,38.6688827865299,2,1.82355138058521e-58
821,0.188507086002718,38.7158548923255,2,9.2241183794585e-58
822,0.185711512327703,38.7628269981211,2,6.62012593128602e-56
823,0.185556202679091,38.8097991039168,2,8.37641727105567e-56
824,0.186604542807222,38.8567712097124,2,1.70368265694691e-56
825,0.189128324597166,38.903743315508,2,3.53397002630928e-58
826,0.18501261890895,38.9507154213037,2,1.90532709599453e-55
827,0.18423607066589,38.9976875270993,2,6.13461811717257e-55
828,0.183731314307901,39.0446596328949,2,1.30789005551797e-54
829,0.180896913220734,39.0916317386906,2,8.78583175059718e-53
830,0.180819258396428,39.1386038444862,2,9.84890532176733e-53
831,0.183304212774219,39.1855759502818,2,2.47726983800524e-54
832,0.185167928557562,39.2325480560775,2,1.50700859699752e-55
833,0.189633080955154,39.2795201618731,2,1.61657429350097e-58
834,0.194214715589206,39.3264922676687,3,1.20056569824273e-61
835,0.1941370607649,39.3734643734644,3,1.35866304219847e-61
836,0.191690933799262,39.42043647926,3,6.50651405796403e-60
837,0.19374878664337,39.4674085850557,3,2.51991708256619e-61
838,0.198136284216657,39.5143806908513,3,2.16580224411725e-64
839,0.201591923898272,39.5613527966469,3,7.38686729841814e-67
840,0.204853426519123,39.6083249024426,3,3.14724847260334e-69
841,0.208891477383032,39.6552970082382,3,3.21459427149065e-72
842,0.207959619491361,39.7022691140338,3,1.59501053249881e-71
843,0.206406523005242,39.7492412198295,3,2.26412904880356e-70
844,0.205746456998641,39.7962133256251,3,6.94710912639856e-70
845,0.203106192972238,39.8431854314207,3,5.92789931869836e-68
846,0.201320132013201,39.8901575372164,3,1.1592323431092e-66
847,0.202135507668414,39.937129643012,3,2.99358182234562e-67
848,0.204154533100369,39.9841017488076,3,1.02167307515877e-68
849,0.214754416618132,40.0310738546033,3,1.1377668918021e-76
850,0.219452533488643,40.0780459603989,3,2.4978735927903e-80
851,0.222908173170258,40.1250180661945,3,4.51921923346356e-83
852,0.224616579304989,40.1719901719902,3,1.91944242884418e-84
853,0.226557949912638,40.2189622777858,3,5.14491644218462e-86
854,0.226752086973403,40.2659343835815,3,3.57642642611122e-86
855,0.225975538730344,40.3129064893771,3,1.52879234268687e-85
856,0.225548437196661,40.3598785951727,3,3.39167343456585e-85
857,0.223374102116094,40.4068507009684,3,1.91408982643677e-83
858,0.224655406717142,40.453822806764,3,1.78596448889738e-84
859,0.226363812851873,40.5007949125596,3,7.39896936880284e-86
860,0.227839254513687,40.5477670183553,3,4.64015925377911e-87
861,0.229237041351194,40.5947391241509,3,3.31094041504754e-88
862,0.230518345952242,40.6417112299465,3,2.90229568032621e-89
863,0.229780625121336,40.6886833357422,3,1.18075313832088e-88
864,0.228460493108134,40.7356554415378,3,1.43816899791487e-87
865,0.228965249466123,40.7826275473334,3,5.5392224683947e-88
866,0.230246554067171,40.8295996531291,3,4.86957936117178e-89
867,0.231256066783149,40.8765717589247,3,7.10180866564082e-90
868,0.232615026208503,40.9235438647204,3,5.24860190195152e-91
869,0.233702193748787,40.970515970516,3,6.45977657430517e-92
870,0.2351776354106,41.0174880763116,3,3.70413722445764e-93
871,0.236808386721025,41.0644601821073,3,1.53963232592949e-94
872,0.238283828382838,41.1114322879029,3,8.50194367429375e-96
873,0.238361483207144,41.1584043936985,3,7.29622149069381e-96
874,0.237856726849156,41.2053764994942,3,1.96990452945901e-95
875,0.236924868957484,41.2523486052898,3,1.22572076966975e-94
876,0.236924868957484,41.2993207110854,3,1.22572076966975e-94
877,0.238982721801592,41.3462928168811,3,2.14270667701685e-96
878,0.2410405746457,41.3932649226767,3,3.61783781396538e-98
879,0.239448650747428,41.4402370284723,3,8.53019665967275e-97
880,0.236536594835954,41.487209134268,3,2.61992072408392e-94
881,0.234905843525529,41.5341812400636,3,6.28022245761461e-93
882,0.232498543972044,41.5811533458592,3,6.56559152198345e-91
883,0.22970297029703,41.6281254516549,3,1.36834150958867e-88
884,0.2293146961755,41.6750975574505,3,2.85789405104719e-88
885,0.230518345952242,41.7220696632461,3,2.90229568032621e-89
886,0.229159386526888,41.7690417690418,3,3.83561409645732e-88
887,0.226247330615414,41.8160138748374,3,9.19986838468904e-86
888,0.224733061541448,41.862985980633,3,1.54615095990646e-84
889,0.223296447291788,41.9099580864287,3,2.2090247024046e-83
890,0.226363812851873,41.9569301922243,3,7.39896936880284e-86
891,0.228382838283828,42.00390229802,3,1.66523812090167e-87
892,0.226092020966803,42.0508744038156,3,1.22985107893352e-85
893,0.224461269656377,42.0978465096112,3,2.56052817316896e-84
894,0.225626092020967,42.1448186154069,3,2.93455390607796e-85
895,0.223179965055329,42.1917907212025,3,2.73852625311592e-83
896,0.217511162880994,42.2387628269981,3,8.30173611388878e-79
897,0.212347117064648,42.2857349327938,3,7.92707842235603e-75
898,0.206755969714619,42.3327070385894,3,1.24871356796014e-70
899,0.199495243642011,42.379679144385,3,2.34896954190028e-65
900,0.193981751116288,42.4266512501807,3,1.73977268166398e-61
901,0.189283634245778,42.4736233559763,2,2.77880229923687e-58
902,0.185556202679091,42.5205954617719,2,8.37641727105567e-56
903,0.184585517375267,42.5675675675676,2,3.62717764953547e-55
904,0.184352552902349,42.6145396733632,2,5.14954770909004e-55
905,0.180159192389827,42.6615117791589,2,2.59447160015605e-52
906,0.176587070471753,42.7084838849545,2,4.5712745443647e-50
907,0.173519704911668,42.7554559907501,2,3.52766430534644e-48
908,0.170413511939429,42.8024280965458,2,2.63071457142399e-46
909,0.166996699669967,42.8494002023414,2,2.72253988517087e-44
910,0.163890506697729,42.896372308137,2,1.68266900582307e-42
911,0.16222092797515,42.9433444139327,2,1.48841434407501e-41
912,0.161444379732091,42.9903165197283,2,4.06699460263676e-41
913,0.167967384973791,43.0372886255239,2,7.36780632918675e-45
914,0.172704329256455,43.0842607313196,2,1.10360592013033e-47
915,0.178178994370025,43.1312328371152,2,4.62889544288002e-51
916,0.182721801591924,43.1782049429108,2,5.90291917967736e-54
917,0.185983304212774,43.2251770487065,2,4.38326565506736e-56
918,0.188118811881188,43.2721491545021,2,1.67709951943773e-57
919,0.190914385556203,43.3191212602977,2,2.19697687877726e-59
920,0.194370025237818,43.3660933660934,3,9.37267111504859e-62
921,0.193244030285381,43.413065471889,3,5.61382069214278e-61
922,0.197864492331586,43.4600375776847,3,3.37062052905595e-64
923,0.202523781789944,43.5070096834803,3,1.56785844673345e-67
924,0.202290817317026,43.5539817892759,3,2.31156746089523e-67
925,0.199767035527082,43.6009538950716,3,1.50339662390609e-65
926,0.199106969520481,43.6479260008672,3,4.43859766965297e-65
927,0.200698893418754,43.6948981066628,3,3.23924709223137e-66
928,0.201164822364589,43.7418702124585,3,1.49926267752196e-66
929,0.201902543195496,43.7888423182541,3,4.41006491415429e-67
930,0.206600660066007,43.8358144240497,3,1.62697623988458e-70
931,0.214055523199379,43.8827865298454,3,3.92053733715584e-76
932,0.218753640069889,43.929758635641,3,8.8498548594872e-80
933,0.220423218792467,43.9767307414366,3,4.28154418610758e-81
934,0.222830518345952,44.0237028472323,3,5.21399088219219e-83
935,0.226363812851873,44.0706749530279,3,7.39896936880284e-86
936,0.229081731702582,44.1176470588235,3,4.44320903085443e-88
937,0.227800427101534,44.1646191646192,3,4.9920840074622e-87
938,0.227179188507086,44.2115912704148,3,1.60519001810406e-86
939,0.22787808192584,44.2585633762104,3,4.31299000813658e-87
940,0.229586488060571,44.3055354820061,3,1.70689548020618e-88
941,0.230207726655018,44.3525075878017,3,5.24296419091056e-89
942,0.231256066783149,44.3994796935973,3,7.10180866564082e-90
943,0.232498543972044,44.446451799393,3,6.56559152198345e-91
944,0.233973985633858,44.4934239051886,3,3.8203195830664e-92
945,0.235099980586294,44.5403960109843,3,4.30749575737182e-93
946,0.230828965249466,44.5873681167799,3,1.60531323298126e-89
947,0.228305183459522,44.6343402225755,3,1.92806220587974e-87
948,0.227179188507086,44.6813123283712,3,1.60519001810406e-86
949,0.228421665695981,44.7282844341668,3,1.54755413076716e-87
950,0.230712483013007,44.7752565399624,3,2.00467327011062e-89
951,0.232304406911279,44.8222286457581,3,9.53270517322874e-91
952,0.231993787614056,44.8692007515537,3,1.72998677621217e-90
953,0.232382061735585,44.9161728573493,3,8.21212314788394e-91
954,0.228188701223063,44.963144963145,3,2.40185811931076e-87
955,0.22566491943312,45.0101170689406,3,2.72959329944852e-85
956,0.22748980780431,45.0570891747362,3,8.95525953910573e-87
957,0.229198213939041,45.1040612805319,3,3.56365660121026e-88
958,0.229120559114735,45.1510333863275,3,4.12827422890906e-88
959,0.230790137837313,45.1980054921232,3,1.72872722451043e-89
960,0.232886818093574,45.2449775979188,3,3.11160180841917e-91
961,0.233702193748787,45.2919497037144,3,6.45977657430517e-92
962,0.234983498349835,45.3389218095101,3,5.40121080874478e-93
963,0.236458940011648,45.3858939153057,3,3.04931927935559e-94
964,0.238672102504368,45.4328660211013,3,3.95550787023866e-96
965,0.241584158415842,45.479838126897,3,1.22383373968534e-98
966,0.245777518928363,45.5268102326926,3,2.6370812956018e-102
967,0.250397980974568,45.5737823384882,3,2.0365026877245e-106
968,0.2534265191225,45.6207544442839,3,3.7367013115314e-109
969,0.254397204426325,45.6677265500795,3,4.8817952093114e-110
970,0.255484371966608,45.7146986558751,3,4.95052822799912e-111
971,0.255833818675985,45.7616707616708,3,2.36749215846819e-111
972,0.255134925257232,45.8086428674664,3,1.03414986576976e-110
973,0.252611143467288,45.855614973262,3,2.05305021334199e-108
974,0.249893224616579,45.9025870790577,3,5.77827423131472e-106
975,0.247058823529412,45.9495591848533,3,1.9423671277212e-103
976,0.245816346340516,45.996531290649,3,2.43714843386564e-102
977,0.247214133178024,46.0435033964446,3,1.41458108290205e-103
978,0.24546689963114,46.0904755022402,3,4.95294369484257e-102
979,0.243525529023491,46.1374476080359,3,2.50024992186157e-100
980,0.242166569598136,46.1844197138315,3,3.82126141919161e-99
981,0.240535818287711,46.2313918196271,3,9.87669150122581e-98
982,0.239332168510969,46.2783639254228,3,1.07406964742085e-96
983,0.239138031450204,46.3253360312184,3,1.57657294773216e-96
984,0.23921568627451,46.372308137014,3,1.35225167097469e-96
985,0.241545331003689,46.4192802428097,3,1.32245406806214e-98
986,0.244146767617938,46.4662523486053,3,7.15220690272811e-101
987,0.247563579887401,46.5132244544009,3,6.92600193762344e-104
988,0.252611143467288,46.5601965601966,3,2.05305021334199e-108
989,0.257581052222869,46.6071686659922,3,5.83457928159009e-113
990,0.262628615802757,46.6541407717878,3,1.14655829089432e-117
991,0.266666666666667,46.7011128775835,3,1.69619228591759e-121
992,0.26891865657154,46.7480849833791,3,1.17118048345758e-123
993,0.270510580469812,46.7950570891747,3,3.39124435529991e-125
994,0.27256843331392,46.8420291949704,3,3.37799853355784e-127
995,0.272141331780237,46.889001300766,3,8.81721633810829e-127
996,0.27140361094933,46.9359734065617,3,4.60814888240232e-126
997,0.272762570374685,46.9829455123573,3,2.1829861537704e-127
998,0.271558920597942,47.0299176181529,3,3.25451770309217e-126
999,0.26853038245001,47.0768897239486,3,2.76985929472799e-123
1000,0.267637351970491,47.1238618297442,3,1.9964677607983e-122
1001,0.26996699669967,47.1708339355398,3,1.13925959142812e-124
1002,0.267831489031256,47.2178060413355,3,1.30023481567437e-122
1003,0.265424189477771,47.2647781471311,3,2.59434456663594e-120
1004,0.264841778295477,47.3117502529267,3,9.27717435702519e-120
1005,0.267054940788196,47.3587223587224,3,7.21419608334377e-122
1006,0.267676179382644,47.405694464518,3,1.83241910408968e-122
1007,0.262434478741992,47.4526665703136,3,1.74614423896934e-117
1008,0.255794991263832,47.4996386761093,3,2.56983785500116e-111
1009,0.253193554649583,47.5466107819049,3,6.08318838975163e-109
1010,0.252339351582217,47.5935828877005,3,3.61838348975241e-108
1011,0.250514463211027,47.6405549934962,3,1.60043699413065e-106
1012,0.248534265191225,47.6875270992918,3,9.47761177482949e-105
1013,0.247136478353718,47.7344992050875,3,1.65764017804273e-103
1014,0.244845661036692,47.7814713108831,3,1.74307730880295e-101
1015,0.239565132983887,47.8284434166787,3,6.77387738157801e-97
1016,0.23478936128907,47.8754155224744,3,7.87336621127374e-93
1017,0.236420112599495,47.92238762827,3,3.28966899459768e-94
1018,0.234828188701223,47.9693597340656,3,7.3019249934103e-93
1019,0.232149097262667,48.0163318398613,3,1.28431844039912e-90
1020,0.229935934769948,48.0633039456569,3,8.79069618340371e-89
1021,0.227334498155698,48.1102760514525,3,1.19907355669368e-86
1022,0.224733061541448,48.1572481572482,3,1.54615095990646e-84
1023,0.223102310231023,48.2042202630438,3,3.1600971102746e-83
1024,0.222830518345952,48.2511923688394,3,5.21399088219219e-83
1025,0.224267132595613,48.2981644746351,3,3.66986197801544e-84
1026,0.225160163075131,48.3451365804307,3,6.98950576202773e-85
1027,0.226635604736944,48.3921086862263,3,4.44859681596098e-86
1028,0.227334498155698,48.439080792022,3,1.19907355669368e-86
1029,0.227179188507086,48.4860528978176,3,1.60519001810406e-86
1030,0.226557949912638,48.5330250036133,3,5.14491644218462e-86
1031,0.226169675791109,48.5799971094089,3,1.06372157223876e-85
1032,0.225742574257426,48.6269692152045,3,2.361529037431e-85
1033,0.228576975344593,48.6739413210002,3,1.15416941615614e-87
1034,0.229120559114735,48.7209134267958,3,4.12827422890906e-88
1035,0.22970297029703,48.7678855325914,3,1.36834150958867e-88
1036,0.229353523587653,48.8148576383871,3,2.65512741753879e-88
1037,0.228654630168899,48.8618297441827,3,9.96664155556244e-88
1038,0.228227528635216,48.9088018499783,3,2.23225606881668e-87
1039,0.229431178411959,48.955773955774,3,2.29164626398404e-88
1040,0.230324208891477,49.0027460615696,3,4.20053209654284e-89
1041,0.228693457581052,49.0497181673652,3,9.26147874442706e-88
1042,0.229586488060571,49.0966902731609,3,1.70689548020618e-88
1043,0.230246554067171,49.1436623789565,3,4.86957936117178e-89
1044,0.230867792661619,49.1906344847521,3,1.49069119366358e-89
1045,0.231450203843914,49.2376065905478,3,4.8995553440463e-90
1046,0.231489031256067,49.2845786963434,3,4.54881187884361e-90
1047,0.229935934769948,49.331550802139,3,8.79069618340371e-89
1048,0.228693457581052,49.3785229079347,3,9.26147874442706e-88
1049,0.225470782372355,49.4254950137303,3,3.91980221984368e-85
1050,0.22019025431955,49.472467119526,3,6.54255022189568e-81
1051,0.213201320132013,49.5194392253216,3,1.76840558537536e-75
1052,0.20807610172782,49.5664113311172,3,1.30613243874974e-71
1053,0.205552319937876,49.6133834369129,3,9.65377850607018e-70
1054,0.203416812269462,49.6603555427085,3,3.52442739589935e-68
1055,0.199805862939235,49.7073276485041,3,1.41047070973122e-65
1056,0.197476218210056,49.7542997542998,3,6.33328391180099e-64
1057,0.193244030285381,49.8012718600954,3,5.61382069214278e-61
1058,0.187691710347505,49.848243965891,2,3.23193491353789e-57
1059,0.179654436031838,49.8952160716867,2,5.42680720732468e-52
1060,0.171539506891866,49.9421881774823,2,5.56882526032276e-47
1061,0.166142496602601,49.9891602832779,2,8.53812410618008e-44
1062,0.164045816346341,50.0361323890736,2,1.37203510535848e-42
1063,0.160667831489031,50.0831044948692,2,1.1051555331359e-40
1064,0.155542613084838,50.1300766006649,2,7.06129922791121e-38
1065,0.156047369442827,50.1770487064605,2,3.77740111683694e-38
1066,0.155231993787614,50.2240208122561,2,1.03652852412783e-37
1067,0.151970491166764,50.2709929180518,2,5.53407054438822e-36
1068,0.149330227140361,50.3179650238474,2,1.29130735202254e-34
1069,0.149369054552514,50.364937129643,2,1.23341367079858e-34
1070,0.150378567268492,50.4119092354387,2,3.72485036796673e-35
1071,0.150650359153562,50.4588813412343,2,2.69420899203946e-35
1072,0.148825470782372,50.5058534470299,2,2.34135889530478e-34
1073,0.155581440496991,50.5528255528256,2,6.73008978073735e-38
1074,0.155154338963308,50.5997976586212,2,1.1407649073505e-37
1075,0.155270821199767,50.6467697644168,2,9.88018148956387e-38
1076,0.157445156280334,50.6937418702125,2,6.60052296567266e-39
1077,0.160551349252572,50.7407139760081,2,1.28333222460494e-40
1078,0.163890506697729,50.7876860818037,2,1.68266900582307e-42
1079,0.167113181906426,50.8346581875994,2,2.32840166106997e-44
1080,0.169209862162687,50.881630293395,2,1.36531340569836e-45
1081,0.169792273344982,50.9286023991906,2,6.16477469321281e-46
1082,0.169132207338381,50.9755745049863,2,1.51764814825106e-45
1083,0.170064065230052,51.0225466107819,2,4.24915132139464e-46
1084,0.170219374878664,51.0695187165776,2,3.43413226304201e-46
1085,0.169986410405746,51.1164908223732,2,4.72615879218332e-46
1086,0.169171034750534,51.1634629281688,2,1.43947710668155e-45
1087,0.16703552708212,51.2104350339645,2,2.58429165172805e-44
1088,0.163618714812658,51.2574071397601,2,2.40367226799696e-42
1089,0.154222481071637,51.3043792455557,2,3.58696756422543e-37
1090,0.152514074936905,51.3513513513514,2,2.87095291223861e-36
1091,0.148087749951466,51.398323457147,2,5.5642518534417e-34
1092,0.141215298000388,51.4452955629426,2,1.40134369413893e-30
1093,0.135158221704523,51.4922676687383,2,9.86077685561069e-28
1094,0.132750922151039,51.5392397745339,2,1.22100346637415e-26
1095,0.133255678509027,51.5862118803295,2,7.23445202125374e-27
1096,0.133993399339934,51.6331839861252,2,3.35304824199633e-27
1097,0.129800038827412,51.6801560919208,2,2.49035167224852e-25
1098,0.129994175888177,51.7271281977164,2,2.04701622505174e-25
1099,0.133760434867016,51.7741003035121,2,4.27687156861215e-27
1100,0.136439526305572,51.8210724093077,2,2.53083160818043e-28
1101,0.135468841001747,51.8680445151033,2,7.10064854701226e-28
1102,0.134653465346535,51.915016620899,2,1.67831729077489e-27
1103,0.132440302853815,51.9619887266946,2,1.68313795812286e-26
1104,0.128868180935741,52.0089608324903,2,6.3524633316458e-25
1105,0.118345952242283,52.0559329382859,2,1.4699167783458e-20
1106,0.116288099398175,52.1029050440815,2,9.37609986688794e-20
1107,0.115317414094351,52.1498771498772,2,2.21859339900804e-19
1108,0.116559891283246,52.1968492556728,2,7.35615905503337e-20
1109,0.121723937099592,52.2438213614684,2,6.48234550284614e-22
1110,0.127043292564551,52.2907934672641,2,3.88899136577096e-24
1111,0.131896719083673,52.3377655730597,2,2.94573111642869e-26
1112,0.13445932828577,52.3847376788553,2,2.05801151707838e-27
1113,0.134575810522229,52.431709784651,2,1.82104538446836e-27
1114,0.135857115123277,52.4786818904466,2,4.70451550519594e-28
1115,0.135197049116676,52.5256539962422,2,9.46465051162748e-28
1116,0.133643952630557,52.5726261020379,2,4.82938728136914e-27
1117,0.133643952630557,52.6195982078335,2,4.82938728136914e-27
1118,0.135779460298971,52.6665703136292,2,5.10878313490522e-28
1119,0.139312754804892,52.7135424194248,2,1.13766253595874e-29
1120,0.142651912250049,52.7605145252204,2,2.82232557856362e-31
1121,0.15270821199767,52.8074866310161,2,2.26962356182747e-36
1122,0.156396816152203,52.8544587368117,2,2.44630966558055e-38
1123,0.161133760434867,52.9014308426073,2,6.07045594888855e-41
1124,0.163735197049117,52.948402948403,2,2.06317343561581e-42
1125,0.166297806251213,52.9953750541986,2,6.93949617540804e-44
1126,0.170258202290817,53.0423471599942,2,3.25597095493597e-46
1127,0.172393709959231,53.0893192657899,2,1.70138729960304e-47
1128,0.170452339351582,53.1362913715855,2,2.49405960816485e-46
1129,0.166103669190448,53.1832634773811,2,8.99199320503161e-44
1130,0.167617938264415,53.2302355831768,2,1.18065657563207e-44
1131,0.169792273344982,53.2772076889724,2,6.16477469321281e-46
1132,0.171267715006795,53.324179794768,2,8.10954830564697e-47
1133,0.172626674432149,53.3711519005637,2,1.22983787245355e-47
1134,0.174373907979033,53.4181240063593,2,1.06093994038236e-48
1135,0.177014172005436,53.4650961121549,2,2.4786197543455e-50
1136,0.178722578140167,53.5120682179506,2,2.10632466443085e-51
1137,0.183692486895748,53.5590403237462,2,1.38618087274875e-54
1138,0.188701223063483,53.6060124295419,2,6.83727219293091e-58
1139,0.195612502426713,53.6529845353375,3,1.28317290032524e-62
1140,0.205008736167734,53.6999566411331,3,2.42124690602977e-69
1141,0.214715589205979,53.7469287469288,3,1.21884988318629e-76
1142,0.220345563968162,53.7939008527244,3,4.93179087059462e-81
1143,0.222830518345952,53.84087295852,3,5.21399088219219e-83
1144,0.223801203649777,53.8878450643157,3,8.69482195468928e-84
1145,0.229935934769948,53.9348171701113,3,8.79069618340371e-89
1146,0.229547660648418,53.9817892759069,3,1.83738525146567e-88
1147,0.230013589594254,54.0287613817026,3,7.58442795182237e-89
1148,0.232653853620656,54.0757334874982,3,4.87105184480372e-91
1149,0.235255290234906,54.1227055932938,3,3.18513410607305e-93
1150,0.237351970491167,54.1696776990895,3,5.30742597185722e-95
1151,0.239021549213745,54.2166498048851,3,1.98453432279099e-96
1152,0.239293341098816,54.2636219106807,3,1.15979039289547e-96
1153,0.238710929916521,54.3105940164764,3,3.66387889377281e-96
1154,0.235682391768589,54.357566122272,3,1.38728639037305e-93
1155,0.232110269850514,54.4045382280677,3,1.38364074897448e-90
1156,0.230324208891477,54.4515103338633,3,4.20053209654284e-89
1157,0.23075131042516,54.4984824396589,3,1.86160588348756e-89
1158,0.22892642205397,54.5454545454546,3,5.96149671091616e-88
1159,0.223568239176859,54.5924266512502,3,1.33742953363644e-83
1160,0.218520675596971,54.6393987570458,3,1.34790957418467e-79
1161,0.211570568821588,54.6863708628415,3,3.08362920031616e-74
1162,0.208658512910115,54.7333429686371,3,4.80110344047148e-72
1163,0.203145020384391,54.7803150744327,3,5.55513223090265e-68
1164,0.19518540089303,54.8272871802284,3,2.54577989617863e-62
1165,0.187186953989517,54.874259286024,2,7.00211634709171e-57
1166,0.178334304018637,54.9212313918196,2,3.69741868772776e-51
1167,0.169908755581441,54.9682034976153,2,5.25642055131456e-46
1168,0.164395263055717,55.0151756034109,2,8.6613822770416e-43
1169,0.163618714812658,55.0621477092065,2,2.40367226799696e-42
1170,0.158299359347699,55.1091198150022,2,2.25317707600116e-39
1171,0.152358765288294,55.1560919207978,2,3.46399914150535e-36
1172,0.144282663560474,55.2030640265935,2,4.47726227149032e-32
1173,0.135352358765288,55.2500361323891,2,8.03194983994006e-28
1174,0.127509221510386,55.2970082381847,2,2.45541916326304e-24
1175,0.116948165404776,55.3439803439804,2,5.19563360540597e-20
1176,0.106658901184236,55.390952449776,2,3.35626350160909e-16
1177,0.0960978450786255,55.4379245555716,2,1.05442257281287e-12
1178,0.0906231799650553,55.4848966613673,2,4.68906884342325e-11
1179,0.0823917685886236,55.5318687671629,2,8.65639583972359e-09
1180,0.0839060376625898,55.5788408729585,2,3.46351454402127e-09
1181,0.0914385556202679,55.6258129787542,2,2.70868492783335e-11
1182,0.0957872257814017,55.6727850845498,2,1.31683902610936e-12
1183,0.101572510192196,55.7197571903454,2,1.82992475273782e-14
1184,0.108755581440497,55.7667292961411,2,6.04958464860386e-17
1185,0.104523393515822,55.8137014019367,2,1.84836705170646e-15
1186,0.101960784313725,55.8606735077323,2,1.35923852551106e-14
1187,0.100524170064065,55.907645613528,2,4.05767203386027e-14
1188,0.101378373131431,55.9546177193236,2,2.12221664109066e-14
1189,0.102193748786643,56.0015898251192,2,1.1364266213762e-14
1190,0.101417200543584,56.0485619309149,2,2.06029657737177e-14
1191,0.100213550766841,56.0955340367105,2,5.12810186109384e-14
1192,0.0996699669966997,56.1425061425062,2,7.70946787430821e-14
1193,0.105804698116871,56.1894782483018,2,6.67244143018256e-16
1194,0.104018637157833,56.2364503540974,2,2.75051833202001e-15
1195,0.100834789361289,56.2834224598931,2,3.20800441689701e-14
1196,0.0994370025237818,56.3303945656887,2,9.17425832595078e-14
1197,0.0999029314696176,56.3773666714843,2,6.47551136932049e-14
1198,0.0980780430984275,56.42433877728,2,2.50725287396412e-13
1199,0.0978450786255096,56.4713108830756,2,2.97407796296859e-13
1200,0.100562997476218,56.5182829888712,2,3.94041085007722e-14
1201,0.0942341292952825,56.5652550946669,2,3.95084630911651e-12
1202,0.0927586876334692,56.6122272004625,2,1.1005345266371e-11
1203,0.0907396622015143,56.6591993062581,2,4.33703071761382e-11
1204,0.0911667637351971,56.7061714120538,2,3.25445623105137e-11
1205,0.0941176470588235,56.7531435178494,2,4.28659010993737e-12
1206,0.0965249466123083,56.800115623645,2,7.75730875062977e-13
1207,0.0996699669966997,56.8470877294407,2,7.70946787430821e-14
1208,0.10370801786061,56.8940598352363,2,3.50889586292364e-15
1209,0.114463211026985,56.941031941032,2,4.70233155057767e-19
1210,0.121685109687439,56.9880040468276,2,6.72291654611059e-22
1211,0.129761211415259,57.0349761526232,2,2.58983097318434e-25
1212,0.136167734420501,57.0819482584189,2,3.38123138451371e-28
1213,0.140788196466705,57.1289203642145,2,2.24863051949441e-30
1214,0.143350805668802,57.1758924700101,2,1.28580892762394e-31
1215,0.146884100174723,57.2228645758058,2,2.2607492391774e-33
1216,0.150417394680645,57.2698366816014,2,3.55655598298326e-35
1217,0.157445156280334,57.316808787397,2,6.60052296567266e-39
1218,0.160706658901184,57.3637808931927,2,1.05141182105675e-40
1219,0.169015725101922,57.4107529989883,2,1.77841723552147e-45
1220,0.177713065424189,57.4577251047839,2,9.07044535532914e-51
1221,0.181673461463793,57.5046972105796,2,2.79508344910528e-53
1222,0.181789943700252,57.5516693163752,2,2.35275620372922e-53
1223,0.180392156862745,57.5986414221709,2,1.8440856284574e-52
1224,0.178023684721413,57.6456135279665,2,5.79373489131909e-51
1225,0.179887400504756,57.6925856337621,2,3.86145708173304e-52
1226,0.179033197437391,57.7395577395578,2,1.34149196683009e-51
1227,0.179848573092603,57.7865298453534,2,4.08694342063919e-52
1228,0.181984080761017,57.833501951149,2,1.76505821160597e-53
1229,0.186371578334304,57.8804740569447,2,2.4292542395734e-56
1230,0.192545136866628,57.9274461627403,3,1.69540929470526e-60
1231,0.199378761405552,57.9744182685359,3,2.84347213447414e-65
1232,0.20442632498544,58.0213903743316,3,6.46639158200645e-69
1233,0.210988157639293,58.0683624801272,3,8.51238048569467e-74
1234,0.214676761793826,58.1153345859228,3,1.30569451457536e-76
1235,0.216734614637934,58.1623066917185,3,3.34147120950991e-78
1236,0.21615220345564,58.2092787975141,3,9.46366696797012e-78
1237,0.215259172976121,58.2562509033097,3,4.64394126852332e-77
1238,0.211687051058047,58.3032230091054,3,2.51601249247643e-74
1239,0.208658512910115,58.350195114901,3,4.80110344047148e-72
1240,0.208309066200738,58.3971672206966,3,8.75551296536977e-72
1241,0.198757522811105,58.4441393264923,3,7.8610346619179e-65
1242,0.196893807027762,58.4911114322879,3,1.62708604122179e-63
1243,0.190720248495438,58.5380835380836,2,2.97558432526589e-59
1244,0.18384779654436,58.5850556438792,2,1.09847177659753e-54
1245,0.180625121335663,58.6320277496748,2,1.31006923209967e-52
1246,0.179654436031838,58.6789998554705,2,5.42680720732468e-52
1247,0.180159192389827,58.7259719612661,2,2.59447160015605e-52
1248,0.180858085808581,58.7729440670617,2,9.30225975709086e-53
1249,0.182566491943312,58.8199161728574,2,7.43694605464519e-54
1250,0.18540089303048,58.866888278653,2,1.0596287964961e-55
1251,0.189089497185013,58.9138603844486,2,3.75274616564379e-58
1252,0.192778101339546,58.9608324902443,3,1.17349905763058e-60
1253,0.195651329838866,59.0078045960399,3,1.20559424846548e-62
1254,0.200194137060765,59.0547767018355,3,7.44645849537392e-66
1255,0.204892253931275,59.1017488076312,3,2.94758691080595e-69
1256,0.207843137254902,59.1487209134268,3,1.9475512375063e-71
1257,0.214754416618132,59.1956930192224,3,1.1377668918021e-76
1258,0.215841584158416,59.2426651250181,3,1.64695037086321e-77
1259,0.215065035915356,59.2896372308137,3,6.55658144394575e-77
1260,0.214366142496603,59.3366093366093,3,2.26345532625216e-76
1261,0.214288487672297,59.383581442405,3,2.59686153183428e-76
1262,0.213007183071248,59.4305535482006,3,2.48825507752971e-75
1263,0.210172781984081,59.4775256539963,3,3.51002752497802e-73
1264,0.209007959619491,59.5244977597919,3,2.62991919629763e-72
1265,0.211259949524364,59.5714698655875,3,5.30167950975813e-74
1266,0.214793244030285,59.6184419713832,3,1.06206426339851e-76
1267,0.216889924286546,59.6654140771788,3,2.53023713146683e-78
1268,0.217549990293147,59.7123861829744,3,7.74234194374452e-79
1269,0.219297223840031,59.7593582887701,3,3.30983345732206e-80
1270,0.221743350805669,59.8063303945657,3,3.84029286341887e-82
1271,0.222131624927199,59.8533025003613,3,1.88428099744792e-82
1272,0.219763152785867,59.900274606157,3,1.42178701424372e-80
1273,0.224810716365754,59.9472467119526,3,1.33847149999434e-84
1274,0.222752863521646,59.9942188177482,3,6.01527122877691e-83
1275,0.222131624927199,60.0411909235439,3,1.88428099744792e-82
1276,0.22306348281887,60.0881630293395,3,3.39456380727061e-83
1277,0.225897883906038,60.1351351351352,3,1.76733372600871e-85
1278,0.227800427101534,60.1821072409308,3,4.9920840074622e-87
1279,0.228149873810911,60.2290793467264,3,2.58431384457635e-87
1280,0.227450980392157,60.2760514525221,3,9.63337012171981e-87
1281,0.228654630168899,60.3230235583177,3,9.96664155556244e-88
1282,0.230712483013007,60.3699956641133,3,2.00467327011062e-89
1283,0.233508056688022,60.416967769909,3,9.39716587527296e-92
1284,0.236031838477965,60.4639398757046,3,7.02019500673358e-94
1285,0.238167346146379,60.5109119815002,3,1.06932136735834e-95
1286,0.237934381673461,60.5578840872959,3,1.69099838464598e-95
1287,0.235255290234906,60.6048561930915,3,3.18513410607305e-93
1288,0.232925645505727,60.6518282988871,3,2.88752212067803e-91
1289,0.232615026208503,60.6988004046828,3,5.24860190195152e-91
1290,0.232032615026209,60.7457725104784,3,1.60586257386334e-90
1291,0.229120559114735,60.792744616274,3,4.12827422890906e-88
1292,0.22710153368278,60.8397167220697,3,1.8570950095255e-86
1293,0.225509609784508,60.8866888278653,3,3.64621118526297e-85
1294,0.221898660454281,60.9336609336609,3,2.88896785754506e-82
1295,0.214832071442438,60.9806330394566,3,9.91385887050812e-77
1296,0.207454863133372,61.0276051452522,3,3.78621071603989e-71
1297,0.19518540089303,61.0745772510479,3,2.54577989617863e-62
1298,0.183886623956513,61.1215493568435,2,1.03637281371432e-54
1299,0.170258202290817,61.1685214626391,2,3.25597095493597e-46
1300,0.157056882158804,61.2154935684348,2,1.07349435340217e-38
1301,0.14280722189866,61.2624656742304,2,2.37080534223207e-31
1302,0.130615414482625,61.309437780026,2,1.0907250110377e-25
1303,0.117802368472141,61.3564098858217,2,2.40664854435337e-20
1304,0.106814210832848,61.4033819916173,2,2.96006844072688e-16
1305,0.0967190836730732,61.4503540974129,2,6.74360550496625e-13
1306,0.0930304795185401,61.4973262032086,2,9.12556681406661e-12
1307,0.0867404387497573,61.5442983090042,2,5.912259042634e-10
1308,0.0823917685886236,61.5912704147998,2,8.65639583972359e-09
1309,0.0823917685886236,61.6382425205955,2,8.65639583972359e-09
1310,0.0864686468646865,61.6852146263911,2,7.02556770034208e-10
1311,0.0978062512133566,61.7321867321867,2,3.05978967925958e-13
1312,0.111201708406135,61.7791588379824,2,7.81071992295384e-18
1313,0.124131236653077,61.826130943778,2,6.59841272795215e-23
1314,0.131430790137837,61.8731030495737,2,4.74951282876576e-26
1315,0.141021160939623,61.9200751553693,2,1.73773247343563e-30
1316,0.149485536788973,61.9670472611649,2,1.07475880026034e-34
1317,0.158066394874782,62.0140193669606,2,3.02263554324462e-39
1318,0.168394486507474,62.0609914727562,2,4.13406970771225e-45
1319,0.17837313143079,62.1079635785518,2,3.49533427011096e-51
1320,0.185206755969715,62.1549356843475,2,1.42114100248853e-55
1321,0.189943700252378,62.2019077901431,2,9.97854112161267e-59
1322,0.196078431372549,62.2488798959387,3,6.06581183907911e-63
1323,0.204309842748981,62.2958520017344,3,7.86741501857741e-69
1324,0.210250436808387,62.34282410753,3,3.06775952198809e-73
1325,0.214055523199379,62.3897962133256,3,3.92053733715584e-76
1326,0.217006406523005,62.4367683191213,3,2.05362274491886e-78
1327,0.220151426907397,62.4837404249169,3,7.0213223066733e-81
1328,0.223024655406717,62.5307125307125,3,3.64638103308435e-83
1329,0.223723548825471,62.5776846365082,3,1.00373555894977e-83
1330,0.22710153368278,62.6246567423038,3,1.8570950095255e-86
1331,0.229431178411959,62.6716288480995,3,2.29164626398404e-88
1332,0.231061929722384,62.7186009538951,3,1.02907252684322e-89
1333,0.234129295282469,62.7655730596907,3,2.82896757549241e-92
1334,0.238128518734226,62.8125451654864,3,1.15423482025492e-95
1335,0.241467676179383,62.859517271282,3,1.54411935864675e-98
1336,0.24430207726655,62.9064893770776,3,5.22805563701857e-101
1337,0.243758493496408,62.9534614828733,3,1.56428257061892e-100
1338,0.245932828576975,63.0004335886689,3,1.92364664073573e-102
1339,0.245932828576975,63.0474056944645,3,1.92364664073573e-102
1340,0.244379732090856,63.0943778002602,3,4.46949203314849e-101
1341,0.244146767617938,63.1413499060558,3,7.15220690272811e-101
1342,0.245505727043293,63.1883220118514,3,4.57788223600639e-102
1343,0.245816346340516,63.2352941176471,3,2.43714843386564e-102
1344,0.245350417394681,63.2822662234427,3,6.27231178511199e-102
1345,0.249699087555814,63.3292383292383,3,8.62492880508913e-106
1346,0.249194331197826,63.376210435034,3,2.4401726916846e-105
1347,0.250009706853038,63.4231825408296,3,4.54317769537442e-106
1348,0.251252184041934,63.4701546466252,3,3.47027353539321e-107
1349,0.252533488642982,63.5171267524209,3,2.41404180644796e-108
1350,0.253038245000971,63.5640988582165,3,8.4162765961416e-109
1351,0.251407493690546,63.6110709640122,3,2.51394261772964e-107
1352,0.250009706853038,63.6580430698078,3,4.54317769537442e-106
1353,0.251446321102698,63.7050151756034,3,2.31920932351091e-107
1354,0.248922539312755,63.7519872813991,3,4.2682648084294e-105
1355,0.246010483401281,63.7989593871947,3,1.64283565869383e-102
1356,0.243952630557173,63.8459314929903,3,1.05789977334767e-100
1357,0.24065230052417,63.892903598786,3,7.83500123563315e-98
1358,0.235954183653659,63.9398757045816,3,8.1681549773104e-94
1359,0.233042127742186,63.9868478103772,3,2.30736780602534e-91
1360,0.232653853620656,64.0338199161729,3,4.87105184480372e-91
1361,0.227140361094933,64.0807920219685,3,1.72656529433433e-86
1362,0.229586488060571,64.1277641277642,3,1.70689548020618e-88
1363,0.23113958454669,64.1747362335598,3,8.87220184148081e-90
1364,0.230052417006407,64.2217083393554,3,7.04473207078878e-89
1365,0.227062706270627,64.268680445151,3,1.99746785124478e-86
1366,0.22488837119006,64.3156525509467,3,1.15862934410399e-84
1367,0.225703746845273,64.3626246567423,3,2.53891605997241e-85
1368,0.227761599689381,64.409596762538,3,5.3706326611753e-87
1369,0.225548437196661,64.4565688683336,3,3.39167343456585e-85
1370,0.225897883906038,64.5035409741292,3,1.76733372600871e-85
1371,0.228460493108134,64.5505130799249,3,1.43816899791487e-87
1372,0.231838477965444,64.5974851857205,3,2.32984131156008e-90
1373,0.235332945059212,64.6444572915161,3,2.73871490611353e-93
1374,0.238788584740827,64.6914293973118,3,3.14342215982668e-96
1375,0.242748980780431,64.7384015031074,3,1.18983214528575e-99
1376,0.245544554455446,64.785373608903,3,4.23117020799577e-102
1377,0.245971655989128,64.8323457146987,3,1.77771600262663e-102
1378,0.249039021549214,64.8793178204943,3,3.35902340679839e-105
1379,0.254474859250631,64.9262899262899,3,4.14689553614343e-110
1380,0.259328285769753,64.9732620320856,3,1.40268925242289e-114
1381,0.264531158998253,65.0202341378812,3,1.82838498855192e-119
1382,0.269501067753834,65.0672062436768,3,3.21276061924417e-124
1383,0.272995534847602,65.1141783494725,3,1.2922479098102e-127
1384,0.274238012036498,65.1611504552681,3,7.82879410187741e-129
1385,0.272063676955931,65.2081225610637,3,1.0495934629458e-126
1386,0.275092215103863,65.2550946668594,3,1.1308649849932e-129
1387,0.274820423218792,65.302066772655,3,2.09436415306109e-129
1388,0.272141331780237,65.3490388784507,3,8.81721633810829e-127
1389,0.2710153368278,65.3960109842463,3,1.09838589497489e-125
1390,0.268180935740633,65.4429830900419,3,6.00419262915892e-123
1391,0.263016889924287,65.4899551958376,3,4.93889587506838e-118
1392,0.258901184236071,65.5369273016332,3,3.49721997377782e-114
1393,0.250514463211027,65.5838994074288,3,1.60043699413065e-106
1394,0.246398757522811,65.6308715132245,3,7.45791785144604e-103
1395,0.241506503591536,65.6778436190201,3,1.4290038938751e-98
1396,0.236303630363036,65.7248157248157,3,4.13016892131106e-94
1397,0.231489031256067,65.7717878306114,3,4.54881187884361e-90
1398,0.226014366142497,65.818759936407,3,1.42185493842168e-85
1399,0.219957289846632,65.8657320422026,3,9.99299239416515e-81
1400,0.216346340516405,65.9127041479983,3,6.69099775762673e-78
1401,0.209279751504562,65.9596762537939,3,1.6455682258709e-72
1402,0.207998446903514,66.0066483595895,3,1.49225751548926e-71
1403,0.207416035721219,66.0536204653852,3,4.04617969664562e-71
1404,0.206678314890313,66.1005925711808,3,1.42538897780145e-70
1405,0.207998446903514,66.1475646769765,3,1.49225751548926e-71
1406,0.209202096680256,66.1945367827721,3,1.8815819418583e-72
1407,0.209862162686857,66.2415088885677,3,6.01231895195166e-73
1408,0.210017472335469,66.2884809943634,3,4.59432110914866e-73
1409,0.212735391186177,66.335453100159,3,4.01142124293951e-75
1410,0.214249660260144,66.3824252059546,3,2.78149872373402e-76
1411,0.217511162880994,66.4293973117503,3,8.30173611388878e-79
1412,0.222597553873034,66.4763694175459,3,8.00496368819545e-83
1413,0.226286158027567,66.5233415233415,3,8.55559595511018e-86
1414,0.229392350999806,66.5703136291372,3,2.46671620115366e-88
1415,0.234090467870316,66.6172857349328,3,3.04967804158909e-92
1416,0.237546107551932,66.6642578407284,3,3.62608601746651e-95
1417,0.237701417200544,66.7112299465241,3,2.67291191855323e-95
1418,0.238943894389439,66.7582020523197,3,2.31345715760324e-96
1419,0.241739468064454,66.8051741581153,3,8.97503456173175e-99
1420,0.245350417394681,66.852146263911,3,6.27231178511199e-102
1421,0.248806057076296,66.8991183697066,3,5.42302562780744e-105
1422,0.252727625703747,66.9460904755023,3,1.61005900942626e-108
1423,0.256959813628422,66.9930625812979,3,2.18311276826971e-112
1424,0.261580275674626,67.0400346870935,3,1.10741934547242e-116
1425,0.263288681809357,67.0870067928892,3,2.7370170599953e-118
1426,0.268452727625704,67.1339788986848,3,3.28973430957927e-123
1427,0.273849737914968,67.1809510044804,3,1.88275575297932e-128
1428,0.276334692292759,67.2279231102761,3,6.70809651548456e-131
1429,0.279363230440691,67.2748952160717,3,6.50890949453309e-134
1430,0.282896524946612,67.3218673218673,3,1.80919261223355e-137
1431,0.285769753445933,67.368839427663,3,2.15488122889747e-140
1432,0.286235682391769,67.4158115334586,3,7.18649329809747e-141
1433,0.288720636769559,67.4627836392542,3,1.9958588240835e-143
1434,0.289147738303242,67.5097557450499,3,7.22046107937922e-144
1435,0.291283245971656,67.5567278508455,3,4.37645339832723e-146
1436,0.29485536788973,67.6036999566412,3,7.8724190087805e-150
1437,0.296796738497379,67.6506720624368,3,6.94955288737252e-152
1438,0.297806251213357,67.6976441682324,3,5.86894525014912e-153
1439,0.297922733449816,67.744616274028,3,4.41037919617891e-153
1440,0.298582799456416,67.7915883798237,3,8.71828564702825e-154
1441,0.294117647058824,67.8385604856193,3,4.71206013753366e-149
1442,0.292098621626869,67.885532591415,3,6.16926415544849e-147
1443,0.288565327120947,67.9325046972106,3,2.88761903014411e-143
1444,0.284177829547661,67.9794768030062,3,9.05933032855255e-139
1445,0.280955154338963,68.0264489088019,3,1.64731047638791e-135
1446,0.277499514657348,68.0734210145975,3,4.69390297579434e-132
1447,0.274470976509416,68.1203931203931,3,4.62147848344257e-129
1448,0.27256843331392,68.1673652261888,3,3.37799853355784e-127
1449,0.267404387497573,68.2143373319844,3,3.33868788875687e-122
1450,0.264725296059018,68.26130943778,3,1.19660277777851e-119
1451,0.261153174140944,68.3082815435757,3,2.78268443305131e-116
1452,0.258862356823918,68.3552536493713,3,3.79979599739288e-114
1453,0.25901766647253,68.402225755167,3,2.72633401493344e-114
1454,0.260531935546496,68.4491978609626,3,1.06012098250462e-115
1455,0.260376625897884,68.4961699667582,3,1.48035461175934e-115
1456,0.259367113181906,68.5431420725538,3,1.29080414298395e-114
1457,0.261619103086779,68.5901141783495,3,1.01836341839544e-116
1458,0.263521646282275,68.6370862841451,3,1.64945247661265e-118
1459,0.265812463599301,68.6840583899408,3,1.10774241906991e-120
1460,0.266511357018055,68.7310304957364,3,2.38693918902323e-121
1461,0.264802950883324,68.778002601532,3,1.00987074207043e-119
1462,0.265424189477771,68.8249747073277,3,2.59434456663594e-120
1463,0.268996311395845,68.8719468131233,3,9.8581039222274e-124
1464,0.271364783537177,68.9189189189189,3,5.02658707894573e-126
1465,0.269423412929528,68.9658910247146,3,3.81809491809467e-124
1466,0.272529605901767,69.0128631305102,3,3.68608414547743e-127
1467,0.272296641428849,69.0598352363058,3,6.22140716983569e-127
1468,0.269772859638905,69.1068073421015,3,1.755181558404e-124
1469,0.268219763152786,69.1537794478971,3,5.50988897948968e-123
1470,0.269384585517375,69.2007515536927,3,4.16219996013668e-124
1471,0.271869539895166,69.2477236594884,3,1.62237921004961e-126
1472,0.274587458745875,69.294695765284,3,3.55019656810317e-129
1473,0.278509027373326,69.3416678710797,3,4.64108106953766e-133
1474,0.283168316831683,69.3886399768753,3,9.59681166185657e-138
1475,0.286468646864686,69.4356120826709,3,4.14741727283635e-141
1476,0.286585129101145,69.4825841884666,3,3.15018856977188e-141
1477,0.287051058046981,69.5295562942622,3,1.04735746354197e-141
1478,0.287749951465735,69.5765284000578,3,2.00125210978878e-142
1479,0.284876722966414,69.6235005058535,3,1.75938548155171e-139
1480,0.280799844690351,69.6704726116491,3,2.36018699915431e-135
1481,0.284682585905649,69.7174447174447,3,2.7748365535382e-139
1482,0.280877499514657,69.7644168232404,3,1.9718393786031e-135
1483,0.27804309842749,69.811388929036,3,1.35167177915332e-132
1484,0.276528829353524,69.8583610348316,3,4.3094287608537e-131
1485,0.274626286158028,69.9053331406273,3,3.25136419489538e-129
1486,0.27140361094933,69.9523052464229,3,4.60814888240232e-126
1487,0.267559697146185,69.9992773522185,3,2.36985276734989e-122
1488,0.264337021937488,70.0462494580142,3,2.79288187118073e-119
1489,0.264686468646865,70.0932215638098,3,1.30251925488759e-119
1490,0.260104834012813,70.1401936696055,3,2.65417316536477e-115
1491,0.255794991263832,70.1871657754011,3,2.56983785500116e-111
1492,0.255484371966608,70.2341378811967,3,4.95052822799912e-111
1493,0.256183265385362,70.2811099869923,3,1.13108320845192e-111
1494,0.256338575033974,70.328082092788,3,8.14293772392647e-112
1495,0.255794991263832,70.3750541985836,3,2.56983785500116e-111
1496,0.254940788196467,70.4220263043793,3,1.55645715098089e-110
1497,0.254397204426325,70.4689984101749,3,4.8817952093114e-110
1498,0.253465346534653,70.5159705159705,3,3.44505318268856e-109
1499,0.252649970879441,70.5629426217662,3,1.89329798486359e-108
1500,0.251834595224228,70.6099147275618,3,1.03488644053256e-107
1501,0.250242671325956,70.6568868333574,3,2.8076235433465e-106
1502,0.247680062123859,70.7038589391531,3,5.45763822337426e-104
1503,0.243525529023491,70.7508310449487,3,2.50024992186157e-100
1504,0.240962919821394,70.7978031507443,3,4.22289211270827e-98
1505,0.239720442632499,70.84477525654,3,4.98042688092171e-97
1506,0.237468452727626,70.8917473623356,3,4.22311171944901e-95
1507,0.2351776354106,70.9387194681313,3,3.70413722445764e-93
1508,0.233663366336634,70.9856915739269,3,6.9628040029613e-92
1509,0.233197437390798,71.0326636797225,3,1.71065817255144e-91
1510,0.233275092215104,71.0796357855181,3,1.47283481944861e-91
1511,0.234750533876917,71.1266078913138,3,8.48942246488595e-93
1512,0.236381285187342,71.1735799971094,3,3.54891928039533e-94
1513,0.234944670937682,71.2205521029051,3,5.82419319611563e-93
1514,0.239293341098816,71.2675242087007,3,1.15979039289547e-96
1515,0.246088138225587,71.3144963144963,3,1.40294797402791e-102
1516,0.251640458163463,71.361468420292,3,1.54946917461283e-107
1517,0.255057270432926,71.4084405260876,3,1.21792605941169e-110
1518,0.258784701999612,71.4554126318832,3,4.48558400439821e-114
1519,0.263521646282275,71.5023847376789,3,1.64945247661265e-118
1520,0.268103280916327,71.5493568434745,3,7.12955196033732e-123
1521,0.270510580469812,71.5963289492701,3,3.39124435529991e-125
1522,0.268646864686469,71.6433010550658,3,2.13975103757326e-123
1523,0.270005824111823,71.6902731608614,3,1.0448811893771e-124
1524,0.273577946029897,71.737245266657,3,3.47734609761656e-128
1525,0.276567656765677,71.7842173724527,3,3.94428134173284e-131
1526,0.279440885264997,71.8311894782483,3,5.44283920994478e-134
1527,0.281382255872646,71.878161584044,3,6.1216452611853e-136
1528,0.281421083284799,71.9251336898396,3,5.594404735007e-136
1529,0.280528052805281,71.9721057956352,3,4.42630731260698e-135
1530,0.280023296447292,72.0190779014309,3,1.42078827935088e-134
1531,0.279169093379926,72.0660500072265,3,1.01770594472851e-133
1532,0.278741991846243,72.1130221130221,3,2.71773383917152e-133
1533,0.278780819258396,72.1599942188178,3,2.4857245459727e-133
1534,0.278858474082702,72.2069663246134,3,2.07935796308625e-133
1535,0.277693651718113,72.253938430409,3,3.00995136584856e-132
1536,0.276257037468453,72.3009105362047,3,8.00634016610508e-131
1537,0.279790331974374,72.3478826420003,3,2.43215307655488e-134
1538,0.279246748204232,72.3948547477959,3,8.51123493575938e-134
1539,0.279052611143467,72.4418268535916,3,1.33053763703209e-133
1540,0.278780819258396,72.4887989593872,3,2.4857245459727e-133
1541,0.278625509609784,72.5357710651828,3,3.55170500219053e-133
1542,0.278664337021937,72.5827431709785,3,3.24861963534741e-133
1543,0.278081925839643,72.6297152767741,3,1.23655295943839e-132
1544,0.277615996893807,72.6766873825698,3,3.59554915535067e-132
1545,0.274936905455251,72.7236594883654,3,1.6083498710091e-129
1546,0.275169869928169,72.770631594161,3,9.48187150167187e-130
1547,0.275907590759076,72.8176036999566,3,1.77389525108657e-130
1548,0.275402834401087,72.8645758057523,3,5.58749011323637e-130
1549,0.273344981556979,72.9115479115479,3,5.88071641477274e-128
1550,0.270238788584741,72.9585200173436,3,6.21757212365209e-125
1551,0.267287905261114,73.0054921231392,3,4.31679028686279e-122
1552,0.266627839254514,73.0524642289348,3,1.84745816038488e-121
1553,0.268569209862163,73.0994363347305,3,2.54154727445426e-123
1554,0.268879829159387,73.1464084405261,3,1.27653017969788e-123
1555,0.268452727625704,73.1933805463217,3,3.28973430957927e-123
1556,0.266938458551738,73.2403526521174,3,9.32459124310681e-122
1557,0.266472529605902,73.287324757913,3,2.59967857849204e-121
1558,0.268646864686469,73.3342968637086,3,2.13975103757326e-123
1559,0.26853038245001,73.3812689695043,3,2.76985929472799e-123
1560,0.26554067171423,73.4282410752999,3,2.01004937870206e-120
1561,0.265812463599301,73.4752131810956,3,1.10774241906991e-120
1562,0.262628615802757,73.5221852868912,3,1.14655829089432e-117
1563,0.262434478741992,73.5691573926868,3,1.74614423896934e-117
1564,0.262706270627063,73.6161294984825,3,9.689143132004e-118
1565,0.262395651329839,73.6631016042781,3,1.89933240229931e-117
1566,0.264375849349641,73.7100737100737,3,2.56605641923369e-119
1567,0.268996311395845,73.7570458158694,3,9.8581039222274e-124
1568,0.271054164239953,73.804017921665,3,1.00706143922871e-125
1569,0.272296641428849,73.8509900274606,3,6.22140716983569e-127
1570,0.274509803921569,73.8979621332563,3,4.23262758630036e-129
1571,0.275907590759076,73.9449342390519,3,1.77389525108657e-130
1572,0.276645311589983,73.9919063448475,3,3.30406317654902e-131
1573,0.277615996893807,74.0388784506432,3,3.59554915535067e-132
1574,0.277227722772277,74.0858505564388,3,8.73928671760758e-132
1575,0.277460687245195,74.1328226622344,3,5.12995002443893e-132
1576,0.278936128907008,74.1797947680301,3,1.7393393420659e-133
1577,0.277771306542419,74.2267668738257,3,2.51960537672848e-132
1578,0.278159580663949,74.2737389796213,3,1.03485564019722e-132
1579,0.27909143855562,74.320711085417,3,1.21683262714903e-133
1580,0.282741215298,74.3676831912126,3,2.59845717525369e-137
1581,0.28755581440497,74.4146552970083,3,3.17058043775614e-142
1582,0.28899242865463,74.4616274028039,3,1.04522110162663e-143
1583,0.290584352552902,74.5085995085995,3,2.33665990653984e-145
1584,0.292913997282081,74.5555716143952,3,8.64982204893396e-148
1585,0.292486895748398,74.6025437201908,3,2.42229303203945e-147
1586,0.292098621626869,74.6495158259864,3,6.16926415544849e-147
1587,0.289652494661231,74.6964879317821,3,2.16714938752067e-144
1588,0.28456610366919,74.7434600375777,3,3.6466968610678e-139
1589,0.280333915744516,74.7904321433733,3,6.93346854924279e-135
1590,0.277693651718113,74.837404249169,3,3.00995136584856e-132
1591,0.275868763346923,74.8843763549646,3,1.93771402574955e-130
1592,0.27361677344205,74.9313484607602,3,3.18565671868965e-128
1593,0.267520869734032,74.9783205665559,3,2.58192093140613e-122
1594,0.266006600660066,75.0252926723515,3,7.23511299141373e-121
1595,0.261774412735391,75.0722647781471,3,7.28135835939393e-117
1596,0.256066783148903,75.1192368839428,3,1.44701746348987e-111
1597,0.251446321102698,75.1662089897384,3,2.31920932351091e-107
1598,0.248262473306154,75.2131810955341,3,1.6553683829229e-104
1599,0.246476412347117,75.2601532013297,3,6.36734188342577e-103
1600,0.244612696563774,75.3071253071253,3,2.79179602713725e-101
1601,0.240574645699864,75.354097412921,3,9.1430840533283e-98
1602,0.239681615220346,75.4010695187166,3,5.37857600302103e-97
1603,0.23882741215298,75.4480416245122,3,2.9115580550148e-96
1604,0.237662589788391,75.4950137303079,3,2.88473600742976e-95
1605,0.236497767423801,75.5419858361035,3,2.82649496238634e-94
1606,0.237196660842555,75.5889579418991,3,7.19687277660091e-95
1607,0.239681615220346,75.6359300476948,3,5.37857600302103e-97
1608,0.241545331003689,75.6829021534904,3,1.32245406806214e-98
1609,0.240691127936323,75.729874259286,3,7.25277497257788e-98
1610,0.240768782760629,75.7768463650817,3,6.21467442923718e-98
1611,0.241467676179383,75.8238184708773,3,1.54411935864675e-98
1612,0.242438361483207,75.8707905766729,3,2.21761882021356e-99
1613,0.241700640652301,75.9177626824686,3,9.69874947543352e-99
1614,0.2410405746457,75.9647347882642,3,3.61783781396538e-98
1615,0.244651523975927,76.0117068940599,3,2.58108644444982e-101
1616,0.249194331197826,76.0586789998555,3,2.4401726916846e-105
1617,0.245428072218987,76.1056511056511,3,5.35866761279288e-102
1618,0.248806057076296,76.1526232114468,3,5.42302562780744e-105
1619,0.253970102892642,76.1995953172424,3,1.19649099863939e-109
1620,0.258435255290235,76.246567423038,3,9.45845165959153e-114
1621,0.262046204620462,76.2935395288337,3,4.04622214368223e-117
1622,0.26371578334304,76.3405116346293,3,1.08121576621393e-118
1623,0.265812463599301,76.3874837404249,3,1.10774241906991e-120
1624,0.266938458551738,76.4344558462206,3,9.32459124310681e-122
1625,0.269734032226752,76.4814279520162,3,1.91357727838937e-124
1626,0.271209473888565,76.5284000578118,3,7.11552606485518e-126
1627,0.272956707435449,76.5753721636075,3,1.41029494992368e-127
1628,0.273810910502815,76.6223442694031,3,2.05529769914458e-128
1629,0.275247524752475,76.6693163751987,3,7.94979939591049e-130
1630,0.277615996893807,76.7162884809944,3,3.59554915535108e-132
1631,0.281576392933411,76.76326058679,3,3.90160937227689e-136
1632,0.285536788973015,76.8102326925856,3,3.72898261844902e-140
1633,0.288177052999418,76.8572047983813,3,7.26430639523651e-143
1634,0.290079596194914,76.9041769041769,3,7.81492782065004e-145
1635,0.291749174917492,76.9511490099726,3,1.429506858174e-146
1636,0.291050281498738,76.9981211157682,3,7.65251445782532e-146
1637,0.288254707823724,77.0450932215638,3,6.04095630174261e-143
1638,0.283983692486896,77.0920653273595,3,1.4272353913596e-138
1639,0.280100951271598,77.1390374331551,3,1.18758979687185e-134
1640,0.278159580663949,77.1860095389507,3,1.03485564019722e-132
1641,0.276490001941371,77.2329816447464,3,4.70832275467596e-131
1642,0.274199184624345,77.279953750542,3,8.54729393081798e-129
1643,0.271558920597942,77.3269258563376,3,3.25451770309217e-126
1644,0.270005824111823,77.3738979621333,3,1.0448811893771e-124
1645,0.267210250436808,77.4208700679289,3,5.12300177354329e-122
1646,0.263482818870122,77.4678421737245,3,1.79477232934342e-118
1647,0.260260143661425,77.5148142795202,3,1.90137471231058e-115
1648,0.258668219763153,77.5617863853158,3,5.75263995433313e-114
1649,0.253775965831877,77.6087584911114,3,1.79748215493156e-109
1650,0.247874199184624,77.6557305969071,3,3.66804663495192e-104
1651,0.236381285187342,77.7027027027027,3,3.54891928039533e-94
1652,0.225897883906038,77.7496748084984,3,1.76733372600871e-85
1653,0.216113376043487,77.796646914294,3,1.01427684904461e-77
1654,0.207144243836148,77.8436190200896,3,6.43826597748435e-71
1655,0.199961172587847,77.8905911258853,3,1.09261713302223e-65
1656,0.191380314502038,77.9375632316809,3,1.05931502116313e-59
1657,0.178023684721413,77.9845353374765,2,5.79373489131909e-51
1658,0.170724131236653,78.0315074432722,2,1.71620125525073e-46
1659,0.165171811298777,78.0784795490678,2,3.10374715161711e-43
1660,0.163812851873423,78.1254516548634,2,1.86328491681732e-42
1661,0.16194913609008,78.1724237606591,2,2.11733450260339e-41
1662,0.159619491360901,78.2193958664547,2,4.22401164334195e-40
1663,0.162026790914386,78.2663679722503,2,1.91463711186276e-41
1664,0.167501456027956,78.313340078046,2,1.38126261925735e-44
1665,0.173442050087362,78.3603121838416,2,3.93348057170752e-48
1666,0.182217045233935,78.4072842896372,2,1.24961770931927e-53
1667,0.193438167346146,78.4542563954329,3,4.12648164994794e-61
1668,0.202989710735779,78.5012285012285,3,7.20253830723287e-68
1669,0.209668025626092,78.5482006070242,3,8.4128084743177e-73
1670,0.213084837895554,78.5951727128198,3,2.17063330006448e-75
1671,0.217355853232382,78.6421448186154,3,1.09723558991846e-78
1672,0.22267520869734,78.6891169244111,3,6.93934130536045e-83
1673,0.22632498543972,78.7360890302067,3,7.95634252373246e-86
1674,0.233430401863716,78.7830611360023,3,1.0916184548337e-91
1675,0.242632498543972,78.830033241798,3,1.50288695685065e-99
1676,0.249310813434285,78.8770053475936,3,1.91986278514276e-105
1677,0.254513686662784,78.9239774533892,3,3.8219665264554e-110
1678,0.261696757911085,78.9709495591849,3,8.61129014176979e-117
1679,0.270665890118424,79.0179216649805,3,2.39776777652384e-125
1680,0.277538342069501,79.0648937707761,3,4.29486762240359e-132
1681,0.277887788778878,79.1118658765718,3,1.92953361444203e-132
1682,0.281770529994176,79.1588379823674,3,2.4859187835514e-136
1683,0.28611920015531,79.205810088163,3,9.45834469529849e-141
1684,0.286585129101145,79.2527821939587,3,3.15018856977188e-141
1685,0.284371966608426,79.2997542997543,3,5.74862678925712e-139
1686,0.284022519899049,79.3467264055499,3,1.30324570363603e-138
1687,0.283051834595224,79.3936985113456,3,1.25941617084556e-137
1688,0.280450397980975,79.4406706171412,3,5.29689123832356e-135
1689,0.281498738109105,79.4876427229369,3,4.67207098347923e-136
1690,0.283284799068142,79.5346148287325,3,7.31201356642718e-138
1691,0.28639099204038,79.5815869345281,3,4.98171285948286e-141
1692,0.290390215492137,79.6285590403238,3,3.71849047696148e-145
1693,0.292448068336245,79.6755311461194,3,2.65981357595273e-147
1694,0.292719860221316,79.722503251915,3,1.38155528417867e-147
1695,0.291166763735197,79.7694753577107,3,5.78744773217546e-146
1696,0.289031256066783,79.8164474635063,3,9.52917512270143e-144
1697,0.288215880411571,79.8634195693019,3,6.62449190043039e-143
1698,0.285381479324403,79.9103916750976,3,5.3735636447574e-140
1699,0.283595418365366,79.9573637808932,3,3.53913571353555e-138
1700,0.281576392933411,80.0043358866888,3,3.90160937227689e-136
1701,0.278780819258396,80.0513079924845,3,2.4857245459727e-133
1702,0.277887788778878,80.0982800982801,3,1.92953361444203e-132
1703,0.278470199961173,80.1452522040757,3,5.0738307687842e-133
1704,0.278897301494855,80.1922243098714,3,1.90177633958543e-133
1705,0.279518540089303,80.239196415667,3,4.55115449870544e-134
1706,0.27986798679868,80.2861685214627,3,2.03325378619324e-134
1707,0.281848184818482,80.3331406272583,3,2.07561644374372e-136
1708,0.282508250825083,80.3801127330539,3,4.47098006412564e-137
1709,0.281421083284799,80.4270848388496,3,5.594404735007e-136
1710,0.282896524946612,80.4740569446452,3,1.80919261223355e-137
1711,0.284022519899049,80.5210290504408,3,1.30324570363603e-138
1712,0.284177829547661,80.5680011562365,3,9.05933032855255e-139
1713,0.280062123859445,80.6149732620321,3,1.29897430809652e-134
1714,0.281615220345564,80.6619453678277,3,3.56535693069083e-136
1715,0.282042321879247,80.7089174736234,3,1.32191882400372e-136
1716,0.281848184818482,80.755889579419,3,2.07561644374372e-136
1717,0.28091632692681,80.8028616852146,3,1.80229611900485e-135
1718,0.280023296447292,80.8498337910103,3,1.42078827935088e-134
1719,0.280372743156669,80.8968058968059,3,6.33839574057571e-135
1720,0.281110463987575,80.9437780026015,3,1.14952844021924e-135
1721,0.28130460104834,80.9907501083972,3,7.32960912702445e-136
1722,0.283168316831683,81.0377222141928,3,9.59681166185547e-138
1723,0.286934575810522,81.0846943199885,3,1.37951641135041e-141
1724,0.290662007377208,81.1316664257841,3,1.94021538447774e-145
1725,0.292098621626869,81.1786385315797,3,6.16926415544849e-147
1726,0.290856144437973,81.2256106373754,3,1.21869013461227e-145
1727,0.288138225587265,81.272582743171,3,7.96581901383351e-143
1728,0.287051058046981,81.3195548489666,3,1.04735746354197e-141
1729,0.286041545331004,81.3665269547623,3,1.13584930843526e-140
1730,0.282352941176471,81.4134990605579,3,6.41832249038858e-137
1731,0.280955154338963,81.4604711663535,3,1.64731047638791e-135
1732,0.282236458940012,81.5074432721492,3,8.41647032401117e-137
1733,0.285303824500097,81.5544153779448,3,6.45010260582706e-140
1734,0.287633469229276,81.6013874837404,3,2.637666498805e-142
1735,0.288021743350806,81.6483595895361,3,1.05028577753784e-142
1736,0.286662783925451,81.6953316953317,3,2.62230137908689e-141
1737,0.282197631527859,81.7423038011273,3,9.21203443081586e-137
1738,0.282430596000777,81.789275906923,3,5.35701338931203e-137
1739,0.281226946224034,81.8362480127186,3,8.77550816597115e-136
1740,0.278314890312561,81.8832201185142,3,7.24686669680702e-133
1741,0.2762182100563,81.9301922243099,3,8.74668437147449e-131
1742,0.273500291205591,81.9771643301055,3,4.14314276043106e-128
1743,0.27074354494273,82.0241364359012,3,2.01604079595739e-125
1744,0.270238788584741,82.0711085416968,3,6.21757212365209e-125
1745,0.265463016889924,82.1180806474924,3,2.38282777701005e-120
1746,0.260493108134343,82.1650527532881,3,1.15243379023981e-115
1747,0.253892448068336,82.2120248590837,3,1.40808045589331e-109
1748,0.246359930110658,82.2589969648793,3,8.07122201836763e-103
1749,0.236497767423801,82.305969070675,3,2.82649496238634e-94
1750,0.227218015919239,82.3529411764706,3,1.4923285708909e-86
1751,0.223529411764706,82.3999132822662,3,1.43687878685349e-83
1752,0.223762376237624,82.4468853880619,3,9.34206180420069e-84
1753,0.223762376237624,82.4938574938575,3,9.34206180420069e-84
1754,0.223607066589012,82.5408295996532,3,1.24484768091751e-83
1755,0.224733061541448,82.5878017054488,3,1.54615095990646e-84
1756,0.226946224034168,82.6347738112444,3,2.48533065226992e-86
1757,0.227062706270627,82.68174591704,3,1.99746785124478e-86
1758,0.225975538730344,82.7287180228357,3,1.52879234268687e-85
1759,0.225626092020967,82.7756901286313,3,2.93455390607796e-85
1760,0.225198990487284,82.822662234427,3,6.50231152855308e-85
1761,0.224383614832071,82.8696343402226,3,2.95715451823915e-84
1762,0.221588041157057,82.9166064460182,3,5.10385316323643e-82
1763,0.217549990293147,82.9635785518139,3,7.74234194374452e-79
1764,0.213084837895554,83.0105506576095,3,2.17063330006448e-75
1765,0.208192583964279,83.0575227634051,3,1.06944853558185e-71
1766,0.203533294505921,83.1044948692008,3,2.89944043356897e-68
1767,0.200815375655213,83.1514669749964,3,2.67227181291153e-66
1768,0.199961172587847,83.198439080792,3,1.09261713302223e-65
1769,0.20442632498544,83.2454111865877,3,6.46639158200645e-69
1770,0.205164045816346,83.2923832923833,3,1.86232585711854e-69
1771,0.212191807416036,83.3393553981789,3,1.04059639869964e-74
1772,0.22201514269074,83.3863275039746,3,2.33329082578205e-82
1773,0.22710153368278,83.4332996097702,3,1.8570950095255e-86
1774,0.22787808192584,83.4802717155658,3,4.31299000813658e-87
1775,0.227994564162299,83.5272438213615,3,3.46323962497226e-87
1776,0.228732284993205,83.5742159271571,3,8.60610024431495e-88
1777,0.226596777324791,83.6211880329528,3,4.78413480669826e-86
1778,0.221005629974762,83.6681601387484,3,1.48036069376538e-81
1779,0.212541254125413,83.715132244544,3,5.63995563011367e-75
1780,0.202873228499321,83.7621043503397,3,8.7502120429588e-68
1781,0.192234517569404,83.8090764561353,3,2.76692790663081e-60
1782,0.182993593476995,83.8560485619309,2,3.9378543725617e-54
1783,0.176509415647447,83.9030206677266,2,5.10846362736688e-50
1784,0.173869151621044,83.9499927735222,2,2.15964141409343e-48
1785,0.168045039798097,83.9969648793178,2,6.63381921638145e-45
1786,0.167617938264415,84.0439369851135,2,1.18065657563207e-44
1787,0.16377402446127,84.0909090909091,2,1.96069714163432e-42
1788,0.157056882158804,84.1378811967047,2,1.07349435340217e-38
1789,0.150145602795574,84.1848533025004,2,4.91428893417169e-35
1790,0.142302465540672,84.231825408296,2,4.17463484299413e-31
1791,0.133915744515628,84.2787975140917,2,3.63656649510709e-27
1792,0.127975150456222,84.3257696198873,2,1.54736579988989e-24
1793,0.117880023296447,84.3727417256829,2,2.24332527581645e-20
1794,0.109066200737721,84.4197138314785,2,4.67820211323112e-17
1795,0.101300718307125,84.4666859372742,2,2.25160747477875e-14
1796,0.101766647252961,84.5136580430698,2,1.57737596516588e-14
1797,0.106542418947777,84.5606301488655,2,3.68733248007641e-16
1798,0.112133566297806,84.6076022546611,2,3.53259671739069e-18
1799,0.117336439526306,84.6545743604567,2,3.66486766665435e-20
1800,0.121452145214521,84.7015464662524,2,8.36356795968132e-22
1801,0.131663754610755,84.748518572048,2,3.74131314658747e-26
1802,0.133643952630557,84.7954906778436,2,4.82938728136914e-27
1803,0.138070277615997,84.8424627836393,2,4.39012250460277e-29
1804,0.142768394486507,84.8894348894349,2,2.47646612241446e-31
1805,0.146651135701805,84.9364069952305,2,2.96105006864823e-33
1806,0.152630557173364,84.9833791010262,2,2.49344854497311e-36
1807,0.161017278198408,85.0303512068218,2,7.0526568599936e-41
1808,0.16808386721025,85.0773233126175,2,6.2945871280456e-45
1809,0.173247913026597,85.1242954184131,2,5.16291241236793e-48
1810,0.177674238012036,85.1712675242087,2,9.59256909341477e-51
1811,0.183071248301301,85.2182396300043,2,3.50731235243901e-54
1812,0.187381091050282,85.2652117358,2,5.20245781528445e-57
1813,0.191613278974956,85.3121838415956,3,7.35026976352796e-60
1814,0.196893807027762,85.3591559473913,3,1.62708604122179e-63
1815,0.202873228499321,85.4061280531869,3,8.7502120429588e-68
1816,0.206057076295865,85.4531001589825,3,4.1008930924419e-70
1817,0.209745680450398,85.5000722647782,3,7.35526496420316e-73
1818,0.217161716171617,85.5470443705738,3,1.55449393177898e-78
1819,0.226363812851873,85.5940164763694,3,7.39896936880284e-86
1820,0.233275092215104,85.6409885821651,3,1.47283481944861e-91
1821,0.239176858862357,85.6879606879607,3,1.46011977605597e-96
1822,0.24469035138808,85.7349327937563,3,2.38625068713193e-101
1823,0.248689574839837,85.781904899552,3,6.88944013217941e-105
1824,0.250475635798874,85.8288770053476,3,1.73430728793716e-106
1825,0.252145214521452,85.8758491111432,3,5.4218962309949e-108
1826,0.250592118035333,85.9228212169389,3,1.36284871903124e-106
1827,0.247563579887401,85.9697933227345,3,6.92600193762344e-104
1828,0.24430207726655,86.0167654285301,3,5.22805563701857e-101
1829,0.242399534071054,86.0637375343258,3,2.39697192442524e-99
1830,0.240924092409241,86.1107096401214,3,4.56228476910412e-98
1831,0.238633275092215,86.1576817459171,3,4.27029644053016e-96
1832,0.237119006018249,86.2046538517127,3,8.37995133745944e-95
1833,0.240613473112017,86.2516259575083,3,8.463861974198e-98
1834,0.239836924868957,86.298598063304,3,3.953958833525e-97
1835,0.241312366530771,86.3455701690996,3,2.10483031317101e-98
1836,0.241739468064454,86.3925422748952,3,8.97503456173175e-99
1837,0.241390021355077,86.4395143806909,3,1.80285043531757e-98
1838,0.241234711706465,86.4864864864865,3,2.45727090454973e-98
1839,0.240458163463405,86.5334585922821,3,1.152478815044e-97
1840,0.237041351193943,86.5804306980778,3,9.75703029222609e-95
1841,0.234051640458163,86.6274028038734,3,3.28756706762678e-92
1842,0.22853814793244,86.674374909669,3,1.24200052340906e-87
1843,0.220617355853232,86.7213470154647,3,3.00603204502216e-81
1844,0.213434284604931,86.7683191212603,3,1.17333446359311e-75
1845,0.207610172781984,86.815291227056,3,2.90259532211547e-71
1846,0.201786060959037,86.8622633328516,3,5.35172784595781e-67
1847,0.194952436420113,86.9092354386472,3,3.69668681273598e-62
1848,0.189011842360707,86.9562075444428,2,4.2315928293931e-58
1849,0.182838283828383,87.0031796502385,2,4.96314875914309e-54
1850,0.178295476606484,87.0501517560341,2,3.91113184274009e-51
1851,0.173092603377985,87.0971238618298,2,6.41622029585397e-48
1852,0.169171034750534,87.1440959676254,2,1.43947710668155e-45
1853,0.165521258008154,87.191068073421,2,1.95223870941642e-43
1854,0.1589594253543,87.2380401792167,2,9.77513970758537e-40
1855,0.150067947971268,87.2850122850123,2,5.38928356842936e-35
1856,0.144010871675403,87.3319843908079,2,6.0952144230445e-32
1857,0.135274703940982,87.3789564966036,2,8.71915232420404e-28
1858,0.12560667831489,87.4259286023992,2,1.58652119505383e-23
1859,0.114773830324209,87.4729007081948,2,3.58096296772053e-19
1860,0.104639875752281,87.5198728139905,2,1.68583656670897e-15
1861,0.0955542613084838,87.5668449197861,2,1.55483213012237e-12
1862,0.0885653271209474,87.6138170255818,2,1.82593995873207e-10
1863,0.0831683168316832,87.6607891313774,2,5.42502345430479e-09
1864,0.0781207532517958,87.707761237173,2,1.03047210586052e-07
1865,0.0708211997670355,87.7547333429686,2,4.93230608376941e-06
1866,0.0625509609784508,87.8017054487643,2,0.000226366798725564
1867,0.0587070471753058,87.8486775545599,2,0.00109519953991176
1868,0.0619297223840031,87.8956496603556,2,0.000294615285370761
1869,0.0662395651329839,87.9426217661512,2,4.41967818516139e-05
1870,0.0722578140166958,87.9895938719468,2,2.38897142202399e-06
1871,0.0837507280139779,88.0365659777425,2,3.80815890726631e-09
1872,0.0960201902543196,88.0835380835381,2,1.11475171059818e-12
1873,0.105921180353329,88.1305101893337,2,6.07786940106089e-16
1874,0.114346728790526,88.1774822951294,2,5.20699526249792e-19
1875,0.12859638905067,88.224454400925,2,8.33562384239328e-25
1876,0.1465734808775,88.2714265067206,2,3.23939241564699e-33
1877,0.163308095515434,88.3183986125163,2,3.61006983411192e-42
1878,0.177130654241895,88.3653707183119,2,2.09692793741036e-50
1879,0.187769365171811,88.4123428241075,2,2.86890387509932e-57
1880,0.196194913609008,88.4593149299032,3,5.02814319616376e-63
1881,0.20260143661425,88.5062870356988,3,1.3774024874136e-67
1882,0.209668025626092,88.5532591414945,3,8.4128084743177e-73
1883,0.215220345563968,88.6002312472901,3,4.97572067344257e-77
1884,0.219879635022326,88.6472033530857,3,1.15071473332841e-80
1885,0.225354300135896,88.6941754588814,3,4.86965771258363e-85
1886,0.22970297029703,88.741147564677,3,1.36834150958867e-88
1887,0.233275092215104,88.7881196704726,3,1.47283481944861e-91
1888,0.237662589788391,88.8350917762683,3,2.88473600742976e-95
1889,0.245816346340516,88.8820638820639,3,2.43714843386564e-102
1890,0.250786255096098,88.9290359878595,3,9.11752611034888e-107
1891,0.25746456998641,88.9760080936552,3,7.47417474041561e-113
1892,0.262589788390604,89.0229801994508,3,1.24722140732746e-117
1893,0.266938458551738,89.0699523052464,3,9.32459124310681e-122
1894,0.270665890118424,89.1169244110421,3,2.39776777652384e-125
1895,0.27256843331392,89.1638965168377,3,3.37799853355784e-127
1896,0.272607260726073,89.2108686226333,3,3.09562514796646e-127
1897,0.275169869928169,89.257840728429,3,9.48187150167187e-130
1898,0.273810910502815,89.3048128342246,3,2.05529769914458e-128
1899,0.27284022519899,89.3517849400203,3,1.833033809303e-127
1900,0.272102504368084,89.3987570458159,3,9.62008608302822e-127
1901,0.270044651523976,89.4457291516115,3,9.58309567486499e-125
1902,0.267054940788196,89.4927012574071,3,7.21419608334377e-122
1903,0.265579499126383,89.5396733632028,3,1.84610245936058e-120
1904,0.265501844302077,89.5866454689984,3,2.18852919334153e-120
1905,0.265307707241312,89.6336175747941,3,3.34811845685719e-120
1906,0.261424966026014,89.6805896805897,3,1.54844664573412e-116
1907,0.257697534459328,89.7275617863853,3,4.55415682365961e-113
1908,0.253853620656183,89.774533892181,3,1.52749044048453e-109
1909,0.247369442826636,89.8215059979766,3,1.03000402258992e-103
1910,0.241118229470006,89.8684781037722,3,3.09932240054007e-98
1911,0.236886041545331,89.9154502095679,3,1.3225296488248e-94
1912,0.234711706464764,89.9624223153635,3,9.15356878868177e-93
1913,0.233158609978645,90.0093944211591,3,1.84357043300421e-91
1914,0.229547660648418,90.0563665269548,3,1.83738525146567e-88
1915,0.227023878858474,90.1033386327504,3,2.14842418353287e-86
1916,0.227606290040769,90.1503107385461,3,7.19358438941457e-87
1917,0.226674432149097,90.1972828443417,3,4.13654011390061e-86
1918,0.223878858474083,90.2442549501373,3,7.53147783516635e-84
1919,0.222752863521646,90.2912270559329,3,6.01527122877691e-83
1920,0.223878858474083,90.3381991617286,3,7.53147783516635e-84
1921,0.22046204620462,90.3851712675242,3,3.98923909835109e-81
1922,0.220733838089691,90.4321433733199,3,2.43087996457507e-81
1923,0.221316249271986,90.4791154791155,3,8.39210679314006e-82
1924,0.223335274703941,90.5260875849111,3,2.05628913162816e-83
1925,0.225781401669579,90.5730596907068,3,2.19650798101789e-85
1926,0.227218015919239,90.6200317965024,3,1.4923285708909e-86
1927,0.227916909337993,90.667003902298,3,4.00883870729104e-87
1928,0.228033391574452,90.7139760080937,3,3.21889173787645e-87
1929,0.223529411764706,90.7609481138893,3,1.43687878685349e-83
1930,0.223179965055329,90.8079202196849,3,2.73852625311592e-83
1931,0.2234517569404,90.8548923254806,3,1.65844917869351e-83
1932,0.224461269656377,90.9018644312762,3,2.56052817316896e-84
1933,0.226169675791109,90.9488365370718,3,1.06372157223876e-85
1934,0.227450980392157,90.9958086428675,3,9.63337012171981e-87
1935,0.228227528635216,91.0427807486631,3,2.23225606881668e-87
1936,0.228848767229664,91.0897528544588,3,6.90481470892909e-88
1937,0.229042904290429,91.1367249602544,3,4.7821096039219e-88
1938,0.229974762182101,91.18369706605,3,8.1653679584785e-89
1939,0.23218792467482,91.2306691718457,3,1.19211097711279e-90
1940,0.233857503397399,91.2776412776413,3,4.78516416332989e-92
1941,0.23478936128907,91.3246133834369,3,7.87336621127374e-93
1942,0.238206173558532,91.3715854892326,3,9.90642474374337e-96
1943,0.243370219374879,91.4185575950282,3,3.41708032386342e-100
1944,0.246981168705106,91.4655297008238,3,2.27588864861255e-103
1945,0.247408270238789,91.5125018066195,3,9.514332801505e-104
1946,0.249660260143661,91.5594739124151,3,9.34396043721157e-106
1947,0.252649970879441,91.6064460182107,3,1.89329798486359e-108
1948,0.255290234905844,91.6534181240064,3,7.45494986134061e-111
1949,0.258978839060377,91.700390229802,3,2.9623225231975e-114
1950,0.262356823917686,91.7473623355976,3,2.06593440358329e-117
1951,0.264686468646865,91.7943344413933,3,1.30251925488759e-119
1952,0.265463016889924,91.8413065471889,3,2.38282777701005e-120
1953,0.263676955930887,91.8882786529846,3,1.17654482239153e-118
1954,0.261968549796156,91.9352507587802,3,4.78607946845794e-117
1955,0.258940011648224,91.9822228645758,3,3.21869854234061e-114
1956,0.255329062317997,92.0291949703715,3,6.86905088368377e-111
1957,0.252921762764512,92.0761670761671,3,1.07350883463439e-108
1958,0.249349640846438,92.1231391819627,3,1.77232241139389e-105
1959,0.243214909726267,92.1701112877584,3,4.66918741904598e-100
1960,0.237584934964085,92.217083393554,3,3.35994990969009e-95
1961,0.231411376431761,92.2640554993496,3,5.27727770844445e-90
1962,0.222908173170258,92.3110276051453,3,4.51921923346356e-83
1963,0.21133760434867,92.3579997109409,3,4.63030210255501e-74
1964,0.200854203067366,92.4049718167365,3,2.50619332215235e-66
1965,0.192894583576005,92.4519439225322,3,9.76127928905e-61
1966,0.183964278780819,92.4989160283278,2,9.22469600983652e-55
1967,0.173791496796738,92.5458881341234,2,2.40869112754428e-48
1968,0.166724907784896,92.5928602399191,2,3.91952792658758e-44
1969,0.165132983886624,92.6398323457147,2,3.26759882347243e-43
1970,0.157561638516793,92.6868044515104,2,5.70290150355023e-39
1971,0.151193942923704,92.733776557306,2,1.40673672598756e-35
1972,0.146340516404582,92.7807486631016,2,4.24010983931119e-33
1973,0.140904678703164,92.8277207688973,2,1.97686272466192e-30
1974,0.140555231993788,92.8746928746929,2,2.90834075052871e-30
1975,0.14540865851291,92.9216649804885,2,1.23860973680022e-32
1976,0.149912638322656,92.9686370862842,2,6.48039304975313e-35
1977,0.159658318773054,93.0156091920798,2,4.02009349441881e-40
1978,0.171190060182489,93.0625812978754,2,9.02775798432326e-47
1979,0.182760629004077,93.1095534036711,2,5.57146904001353e-54
1980,0.192816928751699,93.1565255094667,3,1.10364654528285e-60
1981,0.203805086390992,93.2034976152623,3,1.83783448740137e-68
1982,0.212191807416036,93.250469721058,3,1.04059639869964e-74
1983,0.220578528441079,93.2974418268536,3,3.22645766815933e-81
1984,0.22787808192584,93.3444139326492,3,4.31299000813658e-87
1985,0.233624538924481,93.3913860384449,3,7.5049092774315e-92
1986,0.23987575228111,93.4383581442405,3,3.66108603817893e-97
1987,0.247990681421083,93.4853302500361,3,2.88954088725095e-104
1988,0.254707823723549,93.5323023558318,3,2.54112452597336e-110
1989,0.26084255484372,93.5792744616274,3,5.43350057865131e-116
1990,0.269539895165987,93.6262465674231,3,2.94704138550362e-124
1991,0.277848961366725,93.6732186732187,3,2.10903785354808e-132
1992,0.283051834595224,93.7201907790143,3,1.25941617084556e-137
1993,0.287012230634828,93.76716288481,3,1.14809425542337e-141
1994,0.290662007377208,93.8141349906056,3,1.94021538447774e-145
1995,0.297379149679674,93.8611070964012,3,1.67157899945315e-152
1996,0.304484566103669,93.9080792021969,3,3.77846004866522e-160
1997,0.307901378373131,93.9550513079925,3,6.87643363284e-164
1998,0.310891089108911,94.0020234137881,3,3.39754413311321e-167
1999,0.312754804892254,94.0489955195838,3,2.84585922435049e-169
2000,0.313609007959619,94.0959676253794,3,3.1490709289512e-170
2001,0.314463211026985,94.142939731175,3,3.46399020890565e-171
2002,0.314967967384974,94.1899118369707,3,9.37383309695525e-172
2003,0.315395068918657,94.2368839427663,3,3.09661677060996e-172
2004,0.31465734808775,94.2838560485619,3,2.09581303995696e-171
2005,0.312910114540866,94.3308281543576,3,1.90801192087364e-169
2006,0.310813434284605,94.3778002601532,3,4.14418313906067e-167
2007,0.310696952048146,94.4247723659489,3,5.58225694825619e-167
2008,0.311434672879053,94.4717444717445,3,8.44603572199567e-168
2009,0.308600271791885,94.5187165775401,3,1.16763474442143e-164
2010,0.306814210832848,94.5656886833358,3,1.07598949125289e-162
2011,0.305105804698117,94.6126607891314,3,7.95026651671662e-161
2012,0.304212774218598,94.659632894927,3,7.46527493809278e-160
2013,0.303203261502621,94.7066050007227,3,9.31533212750244e-159
2014,0.301456027955737,94.7535771065183,3,7.20955815540787e-157
2015,0.300174723354688,94.8005492123139,3,1.72240455167108e-155
2016,0.299048728402252,94.8475213181096,3,2.77035588942539e-154
2017,0.296524946612308,94.8944934239052,3,1.35000671364694e-151
2018,0.295709570957096,94.9414655297008,3,9.86085187806146e-151
2019,0.294894195301883,94.9884376354965,3,7.16399138580559e-150
2020,0.293457581052223,95.0354097412921,3,2.32750798305197e-148
2021,0.288448844884488,95.0823818470877,3,3.80883196015291e-143
2022,0.282197631527859,95.1293539528834,3,9.21203443081586e-137
2023,0.27909143855562,95.176326058679,3,1.21683262714903e-133
2024,0.279557367501456,95.2232981644747,3,4.16161276180718e-134
2025,0.270510580469812,95.2702702702703,3,3.39124435529991e-125
2026,0.267559697146185,95.3172423760659,3,2.36985276734989e-122
2027,0.263793438167346,95.3642144818616,3,9.13070321665401e-119
2028,0.259134148708989,95.4111865876572,3,2.12513895260895e-114
2029,0.254901960784314,95.4581586934528,3,1.68900890494297e-110
2030,0.253970102892642,95.5051307992485,3,1.19649099863939e-109
2031,0.254086585129101,95.5521029050441,3,9.37114050994588e-110
2032,0.253737138419724,95.5990750108397,3,1.94984299875281e-109
2033,0.253038245000971,95.6460471166354,3,8.4162765961416e-109
2034,0.254280722189866,95.693019222431,3,6.234825764947e-110
2035,0.258435255290235,95.7399913282266,3,9.45845165959153e-114
2036,0.264647641234712,95.7869634340223,3,1.41779352592118e-119
2037,0.269112793632304,95.8339355398179,3,7.61216081890497e-124
2038,0.2703552708212,95.8809076456135,3,4.79541492513691e-125
2039,0.2710153368278,95.9278797514092,3,1.09838589497489e-125
2040,0.271947194719472,95.9748518572048,3,1.36306252661382e-126
2041,0.272141331780237,96.0218239630004,3,8.81721633810829e-127
2042,0.274470976509416,96.0687960687961,3,4.62147848344257e-129
2043,0.275791108522617,96.1157681745917,3,2.31204990693186e-130
2044,0.278819646670549,96.1627402803874,3,2.27349383158884e-133
2045,0.283168316831683,96.209712386183,3,9.59681166185547e-138
2046,0.286196854979616,96.2566844919786,3,7.87568542809288e-141
2047,0.286934575810522,96.3036565977743,3,1.37951641135041e-141
2048,0.287633469229276,96.3506287035699,3,2.637666498805e-142
2049,0.285536788973015,96.3976008093655,3,3.72898261844902e-140
2050,0.280761017278198,96.4445729151612,3,2.58211692375501e-135
2051,0.278120753251796,96.4915450209568,3,1.1312247436476e-132
2052,0.277771306542419,96.5385171267524,3,2.51960537672848e-132
2053,0.276101727819841,96.5854892325481,3,1.14035455831546e-130
2054,0.274160357212192,96.6324613383437,3,9.33162129428516e-129
2055,0.272762570374685,96.6794334441393,3,2.1829861537704e-127
2056,0.271869539895166,96.726405549935,3,1.62237921004961e-126
2057,0.273267326732673,96.7733776557306,3,7.00565256491725e-128
2058,0.271170646476412,96.8203497615262,3,7.76117018970767e-126
2059,0.272141331780237,96.8673218673219,3,8.81721633810829e-127
2060,0.273383808969132,96.9142939731175,3,5.3878203337032e-128
2061,0.272607260726073,96.9612660789132,3,3.09562514796646e-127
2062,0.27179188507086,97.0082381847088,3,1.93093544934408e-126
2063,0.269928169287517,97.0552102905044,3,1.24214750795616e-124
2064,0.266006600660066,97.1021823963001,3,7.23511299141373e-121
2065,0.267016113376043,97.1491545020957,3,7.85851588938746e-122
2066,0.268297417977092,97.1961266078913,3,4.63984416602577e-123
2067,0.268413900213551,97.243098713687,3,3.58512600806629e-123
2068,0.266783148903126,97.2900708194826,3,1.31263705514122e-121
2069,0.266589011842361,97.3370429252782,3,2.01218928867251e-121
2070,0.264725296059018,97.3840150310739,3,1.19660277777851e-119
2071,0.261580275674626,97.4309871368695,3,1.10741934547242e-116
2072,0.257697534459328,97.4779592426651,3,4.55415682365961e-113
2073,0.250475635798874,97.5249313484608,3,1.73430728793716e-106
2074,0.249699087555814,97.5719034542564,3,8.62492880508913e-106
2075,0.248456610366919,97.618875560052,3,1.11153818090865e-104
2076,0.248806057076296,97.6658476658477,3,5.42302562780744e-105
2077,0.249854397204426,97.7128197716433,3,6.26037416711591e-106
2078,0.253737138419724,97.759791877439,3,1.94984299875281e-109
2079,0.259949524364201,97.8067639832346,3,3.70429671598503e-115
2080,0.26488060570763,97.8537360890302,3,8.52236909804456e-120
2081,0.267132595612502,97.9007081948259,3,6.07948563806562e-122
2082,0.26775383420695,97.9476803006215,3,1.54359695180207e-122
2083,0.270510580469812,97.9946524064171,3,3.39124435529991e-125
2084,0.273539118617744,98.0416245122128,3,3.7956971941624e-128
2085,0.274820423218792,98.0885966180084,3,2.09436415306109e-129
2086,0.276373519704912,98.135568723804,3,6.14007935580022e-131
2087,0.279440885264997,98.1825408295997,3,5.44283920994478e-134
2088,0.282857697534459,98.2295129353953,3,1.98061673161638e-137
2089,0.284993205202873,98.2764850411909,3,1.33835577266054e-139
2090,0.284216656959814,98.3234571469866,3,8.2718051740859e-139
2091,0.286313337216075,98.3704292527822,3,5.98354354499222e-141
2092,0.287749951465735,98.4174013585778,3,2.00125210978878e-142
2093,0.286313337216075,98.4643734643735,3,5.98354354499222e-141
2094,0.285614443797321,98.5113455701691,3,3.10615087754042e-140
2095,0.285614443797321,98.5583176759647,3,3.10615087754042e-140
2096,0.284449621432732,98.6052897817604,3,4.79197154296359e-139
2097,0.287478159580664,98.652261887556,3,3.81097826929656e-142
2098,0.283207144243836,98.6992339933517,3,8.76534355724733e-138
2099,0.280372743156669,98.7462060991473,3,6.33839574057571e-135
2100,0.280566880217434,98.7931782049429,3,4.04616759909226e-135
2101,0.279246748204232,98.8401503107386,3,8.51123493575938e-134
2102,0.278509027373326,98.8871224165342,3,4.64108106953766e-133
2103,0.279402057852844,98.9340945223298,3,5.95209039849974e-134
2104,0.280489225393128,98.9810666281255,3,4.84210228179221e-135
2105,0.277693651718113,99.0280387339211,3,3.00995136584856e-132
2106,0.277150067947971,99.0750108397167,3,1.0436491844492e-131
2107,0.275325179576781,99.1219829455124,3,6.66495268333871e-130
2108,0.273112017084061,99.168955051308,3,9.94080807320688e-128
2109,0.272063676955931,99.2159271571036,3,1.0495934629458e-126
2110,0.271753057658707,99.2628992628993,3,2.10652924661316e-126
2111,0.270821199767036,99.3098713686949,3,1.69500232786078e-125
2112,0.270199961172588,99.3568434744905,3,6.77966817051058e-125
2113,0.267909143855562,99.4038155802862,3,1.09518741980354e-122
2114,0.260920209668026,99.4507876860818,3,4.59682167211234e-116
2115,0.248883711900602,99.4977597918775,3,4.62295989245815e-105
2116,0.234206950106775,99.5447318976731,3,2.43421952528859e-92
2117,0.221005629974762,99.5917040034687,3,1.48036069376538e-81
2118,0.20912444185595,99.6386761092644,3,2.15133374866966e-72
2119,0.195030091244419,99.68564821506,3,3.26466755113784e-62
2120,0.181751116288099,99.7326203208556,2,2.4918522347532e-53
2121,0.170491166763735,99.7795924266513,2,2.36447020441422e-46
2122,0.160745486313337,99.8265645324469,2,1.0002678662675e-40
2123,0.151426907396622,99.8735366382425,2,1.06392112759454e-35
2124,0.14684527276257,99.9205087440382,2,2.36482603310527e-33
2125,0.143506115317414,99.9674808498338,2,1.07906565794077e-31
2126,0.138807998446904,100.014452955629,2,1.97231273168606e-29
2127,0.134692292758688,100.061425061425,2,1.61117277234656e-27
2128,0.133061541448262,100.108397167221,2,8.8500882159207e-27
2129,0.133488642981945,100.155369273016,2,5.6776188737827e-27
2130,0.133488642981945,100.202341378812,2,5.6776188737827e-27
2131,0.133527470394098,100.249313484608,2,5.45263316858883e-27
2132,0.133876917103475,100.296285590403,2,3.78711767635768e-27
2133,0.135197049116676,100.343257696199,2,9.46465051162748e-28
2134,0.141331780236847,100.390229801995,2,1.23143740605943e-30
2135,0.147505338769171,100.43720190779,2,1.09827245220747e-33
2136,0.150611531741409,100.484174013586,2,2.82192642979494e-35
2137,0.158144049699088,100.531146119381,2,2.74081344405093e-39
2138,0.16222092797515,100.578118225177,2,1.48841434407501e-41
2139,0.170025237817899,100.625090330973,2,4.48134410547973e-46
2140,0.177285963890507,100.672062436768,2,1.6775016806694e-50
2141,0.183808969132207,100.719034542564,2,1.1642754440525e-54
2142,0.189400116482236,100.76600664836,2,2.32001537092394e-58
2143,0.198097456804504,100.812978754155,3,2.30716098653819e-64
2144,0.204503979809746,100.859950859951,3,5.67352966925683e-69
2145,0.209279751504562,100.906922965747,3,1.6455682258709e-72
2146,0.215530964861192,100.953895071542,3,2.86382258822504e-77
2147,0.223296447291788,101.000867177338,3,2.20902470240479e-83
2148,0.227916909337993,101.047839283133,3,4.00883870729104e-87
2149,0.233430401863716,101.094811388929,3,1.0916184548337e-91
2150,0.239642787808193,101.141783494725,3,5.80848248623435e-97
2151,0.246554067171423,101.18875560052,3,5.43597400848097e-103
2152,0.250980392156863,101.235727706316,3,6.09779886742831e-107
2153,0.258318773053776,101.282699812112,3,1.21261992991555e-113
2154,0.261735585323238,101.329671917907,3,7.91850089348787e-117
2155,0.266394874781596,101.376644023703,3,3.08361632659346e-121
2156,0.270199961172588,101.423616129498,3,6.77966817051058e-125
2157,0.271636575422248,101.470588235294,3,2.73485867425911e-126
2158,0.272374296253155,101.51756034109,3,5.22559051585909e-127
2159,0.271986022131625,101.564532446885,3,1.24936555201227e-126
2160,0.271869539895166,101.611504552681,3,1.62237921004961e-126
2161,0.27218015919239,101.658476658477,3,8.08125354336433e-127
2162,0.269772859638905,101.705448764272,3,1.755181558404e-124
2163,0.266394874781596,101.752420870068,3,3.08361632659346e-121
2164,0.264531158998253,101.799392975864,3,1.82838498855192e-119
2165,0.264181712288876,101.846365081659,3,3.91872638402641e-119
2166,0.261696757911085,101.893337187455,3,8.61129014176979e-117
2167,0.257736361871481,101.94030929325,3,4.19305112630363e-113
2168,0.255717336439526,101.987281399046,3,3.02777852845989e-111
2169,0.254436031838478,102.034253504842,3,4.49939361686186e-110
2170,0.25381479324403,102.081225610637,3,1.65700647939475e-109
2171,0.252028732284993,102.128197716433,3,6.90985966212052e-108
2172,0.248378955542613,102.175169822229,3,1.30355243765354e-104
2173,0.244884488448845,102.222141928024,3,1.61140024333776e-101
2174,0.242748980780431,102.26911403382,3,1.18983214528568e-99
2175,0.237740244612697,102.316086139616,3,2.47661126333403e-95
2176,0.230790137837313,102.363058245411,3,1.72872722451043e-89
2177,0.234672879052611,102.410030351207,3,9.86955023821341e-93
2178,0.234323432343234,102.457002457002,3,1.9427501324751e-92
2179,0.234284604931081,102.503974562798,3,2.09444971859059e-92
2180,0.234595224228305,102.550946668594,3,1.14734760467045e-92
2181,0.236148320714424,102.597918774389,3,5.59302302149368e-94
2182,0.241079402057853,102.644890880185,3,3.34857943051469e-98
2183,0.247252960590177,102.691862985981,3,1.30673831570666e-103
2184,0.251679285575616,102.738835091776,3,1.4293400095852e-107
2185,0.254513686662784,102.785807197572,3,3.82196652645583e-110
2186,0.26227916909338,102.832779303368,3,2.44417160979331e-117
2187,0.26814210832848,102.879751409163,3,6.54276136442209e-123
2188,0.269928169287517,102.926723514959,3,1.24214750795616e-124
2189,0.271481265773636,102.973695620754,3,3.87272961018348e-126
2190,0.276528829353524,103.02066772655,3,4.3094287608537e-131
2191,0.280605707629586,103.067639832346,3,3.69862987843765e-135
2192,0.282158804115706,103.114611938141,3,1.00826759520142e-136
2193,0.281770529994176,103.161584043937,3,2.4859187835514e-136
2194,0.284449621432732,103.208556149733,3,4.79197154296359e-139
2195,0.286507474276839,103.255528255528,3,3.78415837280753e-141
2196,0.286818093574063,103.302500361324,3,1.81681673302936e-141
2197,0.285420306736556,103.34947246712,3,4.90458579240651e-140
2198,0.284682585905649,103.396444572915,3,2.7748365535382e-139
2199,0.285187342263638,103.443416678711,3,8.48170614018085e-140
2200,0.285303824500097,103.490388784506,3,6.45010260582706e-140
2201,0.286196854979616,103.537360890302,3,7.87568542809288e-141
2202,0.28573092603378,103.584332996098,3,2.36119083344408e-140
2203,0.286041545331004,103.631305101893,3,1.13584930843526e-140
2204,0.288565327120947,103.678277207689,3,2.88761903014411e-143
2205,0.289807804309843,103.725249313485,3,1.49584042454731e-144
2206,0.288138225587265,103.77222141928,3,7.96581901383351e-143
2207,0.284604931081343,103.819193525076,3,3.32928425262355e-139
2208,0.282275286352165,103.866165630872,3,7.68951841721306e-137
2209,0.281343428460493,103.913137736667,3,6.69849344700166e-136
2210,0.281343428460493,103.960109842463,3,6.69849344700166e-136
2211,0.279052611143467,104.007081948258,3,1.33053763703209e-133
2212,0.27505338769171,104.054054054054,3,1.23498348960442e-129
2213,0.272102504368084,104.10102615985,3,9.62008608302822e-127
2214,0.268219763152786,104.147998265645,3,5.50988897948968e-123
2215,0.264453504173947,104.194970371441,3,2.16609520865468e-119
2216,0.262395651329839,104.241942477237,3,1.89933240229931e-117
2217,0.259949524364201,104.288914583032,3,3.70429671598503e-115
2218,0.259522422830518,104.335886688828,3,9.25556048795024e-115
2219,0.259988351776354,104.382858794624,3,3.40815713534294e-115
2220,0.261036691904485,104.429830900419,3,3.57671812650018e-116
2221,0.259444768006212,104.476803006215,3,1.09305538302933e-114
2222,0.257581052222869,104.52377511201,3,5.83457928159009e-113
2223,0.257115123277034,104.570747217806,3,1.57013560082178e-112
2224,0.258474082702388,104.617719323602,3,8.70645174690093e-114
2225,0.255717336439526,104.664691429397,3,3.02777852845989e-111
2226,0.25680450397981,104.711663535193,3,3.03479998752406e-112
2227,0.260531935546496,104.758635640989,3,1.06012098250462e-115
2228,0.263793438167346,104.805607746784,3,9.13070321665401e-119
2229,0.264686468646865,104.85257985258,3,1.30251925488759e-119
2230,0.263948747815958,104.899551958376,3,6.51064814472541e-119
2231,0.263754610755193,104.946524064171,3,9.93598559421161e-119
2232,0.264647641234712,104.993496169967,3,1.41779352592118e-119
2233,0.264764123471171,105.040468275762,3,1.09928563449482e-119
2234,0.268025626092021,105.087440381558,3,8.46542250189604e-123
2235,0.268841001747234,105.134412487354,3,1.39133926707286e-123
2236,0.268180935740633,105.181384593149,3,6.00419262915892e-123
2237,0.269695204814599,105.228356698945,3,2.08624188237494e-124
2238,0.27140361094933,105.275328804741,3,4.60814888240232e-126
2239,0.26996699669967,105.322300910536,3,1.13925959142812e-124
2240,0.268763346922928,105.369273016332,3,1.65280279387053e-123
2241,0.270083478936129,105.416245122127,3,8.78899937010156e-125
2242,0.274043874975733,105.463217227923,3,1.21425722429361e-128
2243,0.275946418171229,105.510189333719,3,1.62390627003231e-130
2244,0.277344205008736,105.557161439514,3,6.69604573867595e-132
2245,0.27947971267715,105.60413354531,3,4.97709799262565e-134
2246,0.280139778683751,105.651105651106,3,1.08574304156721e-134
2247,0.276567656765677,105.698077756901,3,3.94428134173284e-131
2248,0.27322849932052,105.745049862697,3,7.64627338340812e-128
2249,0.273694428266356,105.792021968493,3,2.67353075575508e-128
2250,0.269772859638905,105.838994074288,3,1.755181558404e-124
2251,0.266589011842361,105.885966180084,3,2.01218928867251e-121
2252,0.265773636187148,105.932938285879,3,1.20620620415997e-120
2253,0.264764123471171,105.979910391675,3,1.09928563449482e-119
2254,0.261192001553096,106.026882497471,3,2.55925217116852e-116
2255,0.258163463405164,106.073854603266,3,1.68858581347854e-113
2256,0.25719277810134,106.120826709062,3,1.33148335992979e-112
2257,0.253115899825277,106.167798814858,3,7.15543903132455e-109
2258,0.250902737332557,106.214770920653,3,7.16259931788741e-107
2259,0.248184818481848,106.261743026449,3,1.94108878522648e-104
2260,0.244457386915162,106.308715132245,3,3.82080379460568e-101
2261,0.240108716754028,106.35568723804,3,2.3065559855813e-97
2262,0.235488254707824,106.402659343836,3,2.02451212395081e-93
2263,0.227645117452922,106.449631449631,3,6.68687991138933e-87
2264,0.218947777130654,106.496603555427,3,6.23037011625077e-80
2265,0.21537565521258,106.543575661223,3,3.77524839316054e-77
2266,0.20951271597748,106.590547767018,3,1.10042050430961e-72
2267,0.202368472141332,106.637519872814,3,2.03109253663889e-67
2268,0.197864492331586,106.68449197861,3,3.37062052905595e-64
2269,0.192467482042322,106.731464084405,3,1.91642140416554e-60
2270,0.184430207726655,106.778436190201,2,4.58205044313626e-55
2271,0.173869151621044,106.825408295997,2,2.15964141409343e-48
2272,0.165909532129684,106.872380401792,2,1.16475016165095e-43
2273,0.157445156280334,106.919352507588,2,6.60052296567266e-39
2274,0.15204814599107,106.966324613383,2,5.03962729292773e-36
2275,0.150339739856339,107.013296719179,2,3.90105563619692e-35
2276,0.153174140943506,107.060268824975,2,1.28937424927655e-36
2277,0.155775577557756,107.10724093077,2,5.29191808144194e-38
2278,0.162259755387303,107.154213036566,2,1.41525043564258e-41
2279,0.17577169481654,107.201185142362,2,1.46378563657052e-49
2280,0.187148126577364,107.248157248157,2,7.43045525291331e-57
2281,0.197282081149291,107.295129353953,3,8.67699158782163e-64
2282,0.205979421471559,107.342101459749,3,4.67890327814137e-70
2283,0.216851096874393,107.389073565544,3,2.71246199898196e-78
2284,0.222597553873034,107.43604567134,3,8.00496368819545e-83
2285,0.225198990487284,107.483017777135,3,6.50231152855308e-85
2286,0.228499320520287,107.529989882931,3,1.33649877749541e-87
2287,0.231294894195302,107.576961988727,3,6.59382367051627e-90
2288,0.232304406911279,107.623934094522,3,9.53270517322874e-91
2289,0.237546107551932,107.670906200318,3,3.62608601746651e-95
2290,0.238012036497767,107.717878306114,3,1.45150891470064e-95
2291,0.240807610172782,107.764850411909,3,5.75264305601763e-98
2292,0.244340904678703,107.811822517705,3,4.83394671560036e-101
2293,0.246243447874199,107.858794623501,3,1.02299221651161e-102
2294,0.250009706853038,107.905766729296,3,4.54317769537442e-106
2295,0.254047757716948,107.952738835092,3,1.01664681114847e-109
2296,0.25680450397981,107.999710940887,3,3.03479998752406e-112
2297,0.260687245195108,108.046683046683,3,7.59031992664384e-116
2298,0.265967773247913,108.093655152479,3,7.87870113254118e-121
2299,0.270316443409047,108.140627258274,3,5.22913324195857e-125
2300,0.271325956125024,108.18759936407,3,5.48295417237812e-126
2301,0.271869539895166,108.234571469866,3,1.62237921004961e-126
2302,0.273577946029897,108.281543575661,3,3.47734609761656e-128
2303,0.27256843331392,108.328515681457,3,3.37799853355784e-127
2304,0.269889341875364,108.375487787253,3,1.35431081687212e-124
2305,0.270316443409047,108.422459893048,3,5.22913324195857e-125
2306,0.269501067753834,108.469431998844,3,3.21276061924417e-124
2307,0.268491555037857,108.516404104639,3,3.01864414332441e-123
2308,0.268025626092021,108.563376210435,3,8.46542250189604e-123
2309,0.266394874781596,108.610348316231,3,3.08361632659346e-121
2310,0.262240341681227,108.657320422026,3,2.65846723358373e-117
2311,0.256726849155504,108.704292527822,3,3.57787455770966e-112
2312,0.2527664531159,108.751264633618,3,1.48472223715797e-108
2313,0.243176082314114,108.798236739413,3,5.04805936020806e-100
2314,0.236536594835954,108.845208845209,3,2.61992072408392e-94
2315,0.229004076878276,108.892180951004,3,5.14679511472648e-88
2316,0.226946224034168,108.9391530568,3,2.48533065226992e-86
2317,0.22787808192584,108.986125162596,3,4.31299000813658e-87
2318,0.228693457581052,109.033097268391,3,9.26147874442706e-88
2319,0.226519122500485,109.080069374187,3,5.53283600732219e-86
2320,0.22450009706853,109.127041479983,3,2.3825890133442e-84
2321,0.219724325373714,109.174013585778,3,1.52561804436444e-80
2322,0.21720054358377,109.220985691574,3,1.44991410975588e-78
2323,0.211881188118812,109.26795779737,3,1.79205638440848e-74
2324,0.205746456998641,109.314929903165,3,6.94710912639856e-70
2325,0.200232964472918,109.361902008961,3,6.98516111403615e-66
2326,0.192933410988158,109.408874114756,3,9.17986317363059e-61
2327,0.184080761017278,109.455846220552,2,7.74570101746002e-55
2328,0.17693651718113,109.502818326348,2,2.77074799283505e-50
2329,0.166375461075519,109.549790432143,2,6.25567787529394e-44
2330,0.159075907590759,109.596762537939,2,8.43223916212963e-40
2331,0.15387303436226,109.643734643735,2,5.50076611231416e-37
2332,0.153562415065036,109.69070674953,2,8.03681925963043e-37
2333,0.154338963308096,109.737678855326,2,3.10972829779965e-37
2334,0.156513298388662,109.784650961122,2,2.11597553714784e-38
2335,0.164511745292176,109.831623066917,2,7.42824076160979e-43
2336,0.173209085614444,109.878595172713,2,5.45129927267227e-48
2337,0.178178994370025,109.925567278508,2,4.62889544288002e-51
2338,0.187691710347505,109.972539384304,2,3.23193491353789e-57
2339,0.196583187730538,110.0195114901,3,2.68795303138042e-63
2340,0.199689380702776,110.066483595895,3,1.7079499583462e-65
2341,0.199883517763541,110.113455701691,3,1.24144548060512e-65
2342,0.203222675208697,110.160427807487,3,4.87825301865518e-68
2343,0.210366919044846,110.207399913282,3,2.50637047025671e-73
2344,0.217860609590371,110.254372019078,3,4.42894792422718e-79
2345,0.227334498155698,110.301344124874,3,1.19907355669368e-86
2346,0.23152785866822,110.348316230669,3,4.22312440802897e-90
2347,0.237196660842555,110.395288336465,3,7.19687277660091e-95
2348,0.241312366530771,110.44226044226,3,2.10483031317101e-98
2349,0.24546689963114,110.489232548056,3,4.95294369484214e-102
2350,0.249815569792273,110.536204653852,3,6.7826139458358e-106
2351,0.253853620656183,110.583176759647,3,1.52749044048453e-109
2352,0.256222092797515,110.630148865443,3,1.04189553069217e-111
2353,0.256959813628422,110.677120971239,3,2.18311276826971e-112
2354,0.258163463405164,110.724093077034,3,1.68858581347854e-113
2355,0.2592894583576,110.77106518283,3,1.52425375216859e-114
2356,0.26150262085032,110.818037288626,3,1.30952803513473e-116
2357,0.265501844302077,110.865009394421,3,2.18852919334153e-120
2358,0.267249077848961,110.911981500217,3,4.70267950166593e-122
2359,0.268297417977092,110.958953606012,3,4.63984416602577e-123
2360,0.268957483983693,111.005925711808,3,1.07451197964531e-123
2361,0.272374296253155,111.052897817604,3,5.22559051585909e-127
2362,0.273073189671908,111.099869923399,3,1.0849299729658e-127
2363,0.273189671908367,111.146842029195,3,8.34537287732744e-128
2364,0.274432149097263,111.193814134991,3,5.04599146233692e-129
2365,0.276994758299359,111.240786240786,3,1.48815454926502e-131
2366,0.277383032420889,111.287758346582,3,6.12710447765198e-132
2367,0.277615996893807,111.334730452378,3,3.59554915535108e-132
2368,0.278198408076102,111.381702558173,3,9.46684673651176e-133
2369,0.275868763346923,111.428674663969,3,1.93771402574955e-130
2370,0.274703940982334,111.475646769764,3,2.72694358392799e-129
2371,0.27505338769171,111.52261887556,3,1.23498348960442e-129
2372,0.273849737914968,111.569590981356,3,1.88275575297932e-128
2373,0.271714230246554,111.616563087151,3,2.29806298634462e-126
2374,0.2710153368278,111.663535192947,3,1.09838589497489e-125
2375,0.270394098233353,111.710507298743,3,4.39761666204142e-125
2376,0.269035138807998,111.757479404538,3,9.04420125144449e-124
2377,0.264142884876723,111.804451510334,3,4.26485982462349e-119
2378,0.262356823917686,111.85142361613,3,2.06593440358329e-117
2379,0.260493108134343,111.898395721925,3,1.15243379023981e-115
2380,0.259833042127742,111.945367827721,3,4.75589600480769e-115
2381,0.260726072607261,111.992339933516,3,6.98188933033397e-116
2382,0.262512133566298,112.039312039312,3,1.47578284671801e-117
2383,0.262822752863522,112.086284145108,3,7.52626297228986e-118
2384,0.26150262085032,112.133256250903,3,1.30952803513473e-116
2385,0.262861580275675,112.180228356699,3,6.91831140296545e-118
2386,0.259328285769753,112.227200462495,3,1.40268925242289e-114
2387,0.254707823723549,112.27417256829,3,2.54112452597336e-110
2388,0.249737914967967,112.321144674086,3,7.9611299443819e-106
2389,0.245039798097457,112.368116779882,3,1.1767848003838e-101
2390,0.23882741215298,112.415088885677,3,2.9115580550148e-96
2391,0.232071442438361,112.462060991473,3,1.49062555789272e-90
2392,0.22671325956125,112.509033097268,3,3.84632510575065e-86
2393,0.221859833042128,112.556005203064,3,3.10210397008461e-82
2394,0.216191030867793,112.60297730886,3,8.82992133596611e-78
2395,0.20951271597748,112.649949414655,3,1.10042050430961e-72
2396,0.203300330033003,112.696921520451,3,4.28362314006434e-68
2397,0.199339933993399,112.743893626247,3,3.03036222451155e-65
2398,0.1941370607649,112.790865732042,3,1.35866304219847e-61
2399,0.189943700252378,112.837837837838,2,9.97854112161267e-59
2400,0.187808192583964,112.884809943633,2,2.70292302394821e-57
2401,0.183032420889148,112.931782049429,2,3.71637970632641e-54
2402,0.178916715200932,112.978754155225,2,1.58894995939042e-51
2403,0.174218598330421,113.02572626102,2,1.32063354340943e-48
2404,0.173519704911668,113.072698366816,2,3.52766430534634e-48
2405,0.174568045039798,113.119670472612,2,8.06657596870537e-49
2406,0.175965831877305,113.166642578407,2,1.11014181803532e-49
2407,0.178450786255096,113.213614684203,2,3.1235654016237e-51
2408,0.182954766064842,113.260586789999,2,4.17246938281521e-54
2409,0.180780430984275,113.307558895794,2,1.04275284113476e-52
2410,0.180120364977674,113.35453100159,2,2.74624280792269e-52
2411,0.179887400504756,113.401503107385,2,3.86145708173304e-52
2412,0.181518151815182,113.448475213181,2,3.51614571563936e-53
2413,0.183731314307901,113.495447318977,2,1.30789005551797e-54
2414,0.187652882935352,113.542419424772,2,3.43025885943246e-57
2415,0.19308872063677,113.589391530568,3,7.17950977749213e-61
2416,0.196583187730538,113.636363636364,3,2.68795303138042e-63
2417,0.203766258978839,113.683335742159,3,1.96159994057628e-68
2418,0.204076878276063,113.730307847955,3,1.16417297113979e-68
2419,0.205668802174335,113.777279953751,3,7.9246213315182e-70
2420,0.209202096680256,113.824252059546,3,1.8815819418583e-72
2421,0.211376431760823,113.871224165342,3,4.32711893631762e-74
2422,0.211648223645894,113.918196271137,3,2.69257735828301e-74
2423,0.211920015530965,113.965168376933,3,1.6744131304596e-74
2424,0.212580081537566,114.012140482729,3,5.2685535392663e-75
2425,0.219180741603572,114.059112588524,3,4.08719176193476e-80
2426,0.221044457386915,114.10608469432,3,1.37903315411756e-81
2427,0.223878858474083,114.153056800116,3,7.53147783516635e-84
2428,0.226596777324791,114.200028905911,3,4.78413480669826e-86
2429,0.230673655600854,114.247001011707,3,2.15870869863816e-89
2430,0.235061153174141,114.293973117503,3,4.64499949089611e-93
2431,0.23987575228111,114.340945223298,3,3.66108603817893e-97
2432,0.243370219374879,114.387917329094,3,3.41708032386342e-100
2433,0.251523975927004,114.434889434889,3,1.97375450529585e-107
2434,0.253348864298195,114.481861540685,3,4.39599626824823e-109
2435,0.256571539506892,114.528833646481,3,4.97223159039716e-112
2436,0.258707047175306,114.575805752276,3,5.29488391705939e-114
2437,0.260570762958649,114.622777858072,3,9.75190728207219e-116
2438,0.263521646282275,114.669749963868,3,1.64945247661265e-118
2439,0.26853038245001,114.716722069663,3,2.76985929472799e-123
2440,0.271520093185789,114.763694175459,3,3.55021421545566e-126
2441,0.278586682197632,114.810666281255,3,3.88301983712924e-133
2442,0.280062123859445,114.85763838705,3,1.29897430809652e-134
2443,0.282275286352165,114.904610492846,3,7.68951841721306e-137
2444,0.284371966608426,114.951582598641,3,5.74862678925712e-139
2445,0.285536788973015,114.998554704437,3,3.72898261844902e-140
2446,0.28639099204038,115.045526810233,3,4.98171285948286e-141
2447,0.287516986992817,115.092498916028,3,3.47608408670376e-142
2448,0.288953601242477,115.139471021824,3,1.14645161527091e-143
2449,0.291322073383809,115.18644312762,3,3.98709684442019e-146
2450,0.291399728208115,115.233415233415,3,3.30909959183988e-146
2451,0.289108910891089,115.280387339211,3,7.92015515530773e-144
2452,0.287361677344205,115.327359445007,3,5.02161341033612e-142
2453,0.287866433702194,115.374331550802,3,1.51822462634097e-142
2454,0.287827606290041,115.421303656598,3,1.66467677696586e-142
2455,0.288681809357406,115.468275762393,3,2.18897240277402e-143
2456,0.289574839836925,115.515247868189,3,2.60830783395363e-144
2457,0.286856920986216,115.562219973985,3,1.65750559633292e-141
2458,0.286740438749757,115.60919207978,3,2.18276740526764e-141
2459,0.287516986992817,115.656164185576,3,3.47608408670376e-142
2460,0.288138225587265,115.703136291372,3,7.96581901383351e-143
2461,0.288293535235877,115.750108397167,3,5.50875573883052e-143
2462,0.287206367695593,115.797080502963,3,7.25289674639624e-142
2463,0.286313337216075,115.844052608759,3,5.98354354499222e-141
2464,0.286041545331004,115.891024714554,3,1.13584930843526e-140
2465,0.285264997087944,115.93799682035,3,7.06660454200098e-140
2466,0.286818093574063,115.984968926145,3,1.81681673302936e-141
2467,0.285886235682392,116.031941031941,3,1.63782800849358e-140
2468,0.282702387885847,116.078913137737,3,2.84452664315553e-137
2469,0.279402057852844,116.125885243532,3,5.95209039849974e-134
2470,0.277188895360124,116.172857349328,3,9.55031976761007e-132
2471,0.274859250630945,116.219829455124,3,1.91793377816609e-129
2472,0.273073189671908,116.266801560919,3,1.0849299729658e-127
2473,0.268219763152786,116.313773666715,3,5.50988897948968e-123
2474,0.267676179382644,116.36074577251,3,1.83241910408968e-122
2475,0.266666666666667,116.407717878306,3,1.69619228591759e-121
2476,0.266627839254514,116.454689984102,3,1.84745816038488e-121
2477,0.267715006794797,116.501662089897,3,1.68182968805581e-122
2478,0.268957483983693,116.548634195693,3,1.07451197964531e-123
2479,0.271364783537177,116.595606301489,3,5.02658707894573e-126
2480,0.275480489225393,116.642578407284,3,4.6839824734316e-130
2481,0.276994758299359,116.68955051308,3,1.48815454926502e-131
2482,0.280372743156669,116.736522618876,3,6.33839574057571e-135
2483,0.284527276257037,116.783494724671,3,3.99432272392196e-139
2484,0.287594641817123,116.830466830467,3,2.89189139513852e-142
2485,0.29081731702582,116.877438936262,3,1.33750441480488e-145
2486,0.29264220539701,116.924411042058,3,1.66600233480131e-147
2487,0.295282469423413,116.971383147854,3,2.78825208991633e-150
2488,0.299398175111629,117.018355253649,3,1.17115064413438e-154
2489,0.301417200543584,117.065327359445,3,7.93885671691868e-157
2490,0.304251601630751,117.112299465241,3,6.77352047297807e-160
2491,0.305455251407494,117.159271571036,3,3.30376856030353e-161
2492,0.306697728596389,117.206243676832,3,1.44390065711754e-162
2493,0.308755581440497,117.253215782628,3,7.86954576302861e-165
2494,0.308328479906814,117.300187888423,3,2.32797245708586e-164
2495,0.304989322461658,117.347159994219,3,1.06514850048334e-160
2496,0.302349058435255,117.394132100014,3,7.83267624873985e-158
2497,0.305066977285964,117.44110420581,3,8.76455398123401e-161
2498,0.301300718307125,117.488076311606,3,1.05992241609311e-156
2499,0.298000388274122,117.535048417401,3,3.64524452891586e-153
2500,0.297650941564745,117.582020523197,3,8.58877699768558e-153
2501,0.298466317219957,117.628992628993,3,1.16087553580053e-153
2502,0.297689768976898,117.675964734788,3,7.80901870618248e-153
2503,0.295127159774801,117.722936840584,3,4.0674746630382e-150
2504,0.293146961754999,117.76990894638,3,4.92945552992471e-148
2505,0.288138225587265,117.816881052175,3,7.96581901383351e-143
2506,0.286546301688992,117.863853157971,3,3.45267402158783e-141
2507,0.283284799068142,117.910825263766,3,7.31201356642718e-138
2508,0.279751504562221,117.957797369562,3,2.66000598718654e-134
2509,0.27726655018443,118.004769475358,3,7.99703068717089e-132
2510,0.274742768394487,118.051741581153,3,2.49731582135798e-129
2511,0.271364783537177,118.098713686949,3,5.02658707894573e-126
2512,0.269345758105222,118.145685792745,3,4.53726198245801e-124
2513,0.26814210832848,118.19265789854,3,6.54276136442209e-123
2514,0.26814210832848,118.239630004336,3,6.54276136442209e-123
2515,0.267482042321879,118.286602110132,3,2.81293181736377e-122
2516,0.264802950883324,118.333574215927,3,1.00987074207043e-119
2517,0.262085032032615,118.380546321723,3,3.72028887508202e-117
2518,0.263016889924287,118.427518427518,3,4.93889587506838e-118
2519,0.264919433119783,118.474490533314,3,7.82888026862597e-120
2520,0.263909920403805,118.52146263911,3,7.08520124048496e-119
2521,0.271131819064259,118.568434744905,3,8.46529499452873e-126
2522,0.277421859833042,118.615406850701,3,5.60643588710702e-132
2523,0.284760240729955,118.662378956497,3,2.31261182554134e-139
2524,0.288293535235877,118.709351062292,3,5.50875573883052e-143
2525,0.291632692681033,118.756323168088,3,1.89121892800062e-146
2526,0.294971850126189,118.803295273884,3,5.93243323685004e-150
2527,0.297883906037663,118.850267379679,3,4.85112660636583e-153
2528,0.29784507862551,118.897239485475,3,5.33585457737288e-153
2529,0.303203261502621,118.94421159127,3,9.31533212750244e-159
2530,0.302465540671714,118.991183697066,3,5.86090024383956e-158
2531,0.301921956901573,119.038155802862,3,2.26622527273212e-157
2532,0.299825276645312,119.085127908657,3,4.08331250854469e-155
2533,0.298815763929334,119.132100014453,3,4.91562545522331e-154
2534,0.298699281692875,119.179072120249,3,6.54679591753377e-154
2535,0.299165210638711,119.226044226044,3,2.07942068465183e-154
2536,0.299242865463017,119.27301633184,3,1.71732980454664e-154
2537,0.298660454280722,119.319988437636,3,7.20280299246157e-154
2538,0.29850514463211,119.366960543431,3,1.05521131696766e-153
2539,0.297107357794603,119.413932649227,3,3.2513421748207e-152
2540,0.292448068336245,119.460904755022,3,2.65981357595273e-147
2541,0.288021743350806,119.507876860818,3,1.05028577753784e-142
2542,0.284604931081343,119.554848966614,3,3.32928425262355e-139
2543,0.282042321879247,119.601821072409,3,1.32191882400372e-136
2544,0.280838672102504,119.648793178205,3,2.15730536834401e-135
2545,0.278858474082702,119.695765284001,3,2.07935796308625e-133
2546,0.277421859833042,119.742737389796,3,5.60643588710702e-132
2547,0.274859250630945,119.789709495592,3,1.91793377816609e-129
2548,0.271947194719472,119.836681601387,3,1.36306252661382e-126
2549,0.268258590564939,119.883653707183,3,5.05621780971907e-123
2550,0.264686468646865,119.930625812979,3,1.30251925488759e-119
2551,0.261852067559697,119.977597918774,3,6.15652066189722e-117
2552,0.259833042127742,120.02457002457,3,4.75589600480769e-115
2553,0.258163463405164,120.071542130366,3,1.68858581347854e-113
2554,0.254164239953407,120.118514236161,3,7.96198162093054e-110
2555,0.24950495049505,120.165486341957,3,1.28700293295107e-105
2556,0.245428072218987,120.212458447753,3,5.35866761279288e-102
2557,0.242050087361677,120.259430553548,3,4.8239892351123e-99
2558,0.238594447680062,120.306402659344,3,4.61007960091292e-96
2559,0.236187148126577,120.353374765139,3,5.18483551693764e-94
2560,0.23478936128907,120.400346870935,3,7.87336621127374e-93
2561,0.233119782566492,120.447318976731,3,1.98678481699715e-91
2562,0.232382061735585,120.494291082526,3,8.21212314788394e-91
2563,0.232226752086973,120.541263188322,3,1.10650976342312e-90
2564,0.231217239370996,120.588235294118,3,7.64883327430098e-90
2565,0.230207726655018,120.635207399913,3,5.24296419091056e-89
2566,0.230634828188701,120.682179505709,3,2.32455094335483e-89
2567,0.233275092215104,120.729151611505,3,1.47283481944861e-91
2568,0.23622597553873,120.7761237173,3,4.80637859323966e-94
2569,0.240069889341875,120.823095823096,3,2.4912562643727e-97
2570,0.241312366530771,120.870067928891,3,2.10483031317101e-98
2571,0.242011259949524,120.917040034687,3,5.21349316280276e-99
2572,0.243564356435644,120.964012140483,3,2.31234217196767e-100
2573,0.247913026596777,121.010984246278,3,3.38769928528463e-104
2574,0.2534265191225,121.057956352074,3,3.7367013115314e-109
2575,0.259483595418365,121.10492845787,3,1.00583120005985e-114
2576,0.264802950883324,121.151900563665,3,1.00987074207043e-119
2577,0.271131819064259,121.198872669461,3,8.46529499452873e-126
2578,0.274975732867404,121.245844775257,3,1.4728076703069e-129
2579,0.27870316443409,121.292816881052,3,2.97136185153117e-133
2580,0.280411570568822,121.339788986848,3,5.79432502828103e-135
2581,0.281421083284799,121.386761092643,3,5.594404735007e-136
2582,0.282663560473694,121.433733198439,3,3.11386047741694e-137
2583,0.282974179770918,121.480705304235,3,1.50951569623862e-137
2584,0.282585905649388,121.52767741003,3,3.7313117795015e-137
2585,0.28351776354106,121.574649515826,3,4.24339981086317e-138
2586,0.283478936128907,121.621621621622,3,4.64637622496544e-138
2587,0.283556590953213,121.668593727417,3,3.87532592865107e-138
2588,0.282741215298,121.715565833213,3,2.59845717525369e-137
2589,0.281265773636187,121.762537939009,3,8.02008912510896e-136
2590,0.278819646670549,121.809510044804,3,2.27349383158884e-133
2591,0.273733255678509,121.8564821506,3,2.44917792660924e-128
2592,0.268724519510775,121.903454256395,3,1.8013872271382e-123
2593,0.259833042127742,121.950426362191,3,4.75589600480769e-115
2594,0.257814016695787,121.997398467987,3,3.55433662777435e-113
2595,0.254513686662784,122.044370573782,3,3.8219665264554e-110
2596,0.249077848961367,122.091342679578,3,3.10115102429597e-105
2597,0.243370219374879,122.138314785374,3,3.41708032386342e-100
2598,0.238477965443603,122.185286891169,3,5.79999197015811e-96
2599,0.233585711512328,122.232258996965,3,8.08912089267597e-92
2600,0.228499320520287,122.279231102761,3,1.33649877749541e-87
2601,0.232925645505727,122.326203208556,3,2.88752212067803e-91
2602,0.227450980392157,122.373175314352,3,9.63337012171981e-87
2603,0.220384391380315,122.420147420147,3,4.5952092485432e-81
2604,0.216385167928558,122.467119525943,3,6.2425283863898e-78
2605,0.212269462240342,122.514091631739,3,9.08257390241992e-75
2606,0.206717142302466,122.561063737534,3,1.33413862264286e-70
2607,0.201591923898272,122.60803584333,3,7.38686729841814e-67
2608,0.198835177635411,122.655007949126,3,6.9240051899651e-65
2609,0.198291593865269,122.701980054921,3,1.68160514230378e-64
2610,0.197748010095127,122.748952160717,3,4.07330539880789e-64
2611,0.196893807027762,122.795924266513,3,1.62708604122179e-63
2612,0.195651329838866,122.842896372308,3,1.20559424846548e-62
2613,0.194059405940594,122.889868478104,3,1.53749586333462e-61
2614,0.188312948941953,122.936840583899,2,1.24398997105981e-57
2615,0.178683750728014,122.983812689695,2,2.2283841381507e-51
2616,0.171306542418948,123.030784795491,2,7.68592096851348e-47
2617,0.1648223645894,123.077756901286,2,4.92890578534108e-43
2618,0.153950689186566,123.124729007082,2,5.00263525430545e-37
2619,0.148437196660843,123.171701112878,2,3.69482336080683e-34
2620,0.149213744903902,123.218673218673,2,1.48168907094876e-34
2621,0.146418171228888,123.265645324469,2,3.87640581173765e-33
2622,0.142613084837896,123.312617430265,2,2.94795216666116e-31
2623,0.143117841195884,123.35958953606,2,1.67184236112451e-31
2624,0.145175694039992,123.406561641856,2,1.61733520727817e-32
2625,0.135857115123277,123.453533747651,2,4.70451550519594e-28
2626,0.13003300330033,123.500505853447,2,1.96823190106329e-25
2627,0.117336439526306,123.547477959243,2,3.66486766665435e-20
2628,0.101067753834207,123.594450065038,2,2.68822562160277e-14
2629,0.0849543777907203,123.641422170834,2,1.81577795367511e-09
2630,0.0674043874975733,123.68839427663,2,2.57478012968351e-05
2631,0.0519899048728402,123.735366382425,2,0.0125466640345527
2632,0.0430207726655018,123.782338488221,2,0.154211933753889
2633,0.0432537371384197,123.829310594016,2,0.146497792441277
2634,0.0397592700446515,123.876282699812,2,0.287897831585747
2635,0.0333527470394098,123.923254805608,1,0.596536160209397
2636,0.0285381479324403,123.970226911403,1,0.75623705477249
2637,0.02710153368278,124.017199017199,1,0.788265804349496
2638,0.029042904290429,124.064171122995,1,0.743427273091806
2639,0.0354494272956707,124.11114322879,1,0.501430252772958
2640,0.042632498543972,124.158115334586,2,0.167657398715697
2641,0.0540477577169482,124.205087440382,2,0.00621317044454146
2642,0.0628615802756746,124.252059546177,2,0.000198173637200643
2643,0.0766453115899825,124.299031651973,2,2.33740969452098e-07
2644,0.0891477383032421,124.346003757768,2,1.24739677139428e-10
2645,0.101067753834207,124.392975863564,2,2.68822562160277e-14
2646,0.116986992816929,124.43994796936,2,5.01771556799738e-20
2647,0.132712094738886,124.486920075155,2,1.27104898703909e-26
2648,0.143273150844496,124.533892180951,2,1.4034790200191e-31
2649,0.157289846631722,124.580864286747,2,8.01933426019193e-39
2650,0.167695593088721,124.627836392542,2,1.06330576447324e-44
2651,0.179421471558921,124.674808498338,2,7.62286858270132e-52
2652,0.189555426130848,124.721780604134,2,1.82355138058521e-58
2653,0.19961172587847,124.768752709929,3,1.94023115509043e-65
2654,0.211687051058047,124.815724815725,3,2.5160124924765e-74
2655,0.223878858474083,124.86269692152,3,7.53147783516635e-84
2656,0.232537371384197,124.909669027316,3,6.09353328196727e-91
2657,0.24286546301689,124.956641133112,3,9.41882839925687e-100
2658,0.2469035138808,125.003613238907,3,2.66654756135848e-103
2659,0.251213356629781,125.050585344703,3,3.76142554458424e-107
2660,0.253853620656183,125.097557450499,3,1.52749044048453e-109
2661,0.255329062317997,125.144529556294,3,6.86905088368377e-111
2662,0.25602795573675,125.19150166209,3,1.5708071539027e-111
2663,0.253581828771112,125.238473767886,3,2.69952041643526e-109
2664,0.249854397204426,125.285445873681,3,6.26037416711591e-106
2665,0.24430207726655,125.332417979477,3,5.22805563701857e-101
2666,0.23335274703941,125.379390085272,3,1.26801167749806e-91
2667,0.218792467482042,125.426362191068,3,8.25016672908037e-80
2668,0.207144243836148,125.473334296864,3,6.43826597748435e-71
2669,0.19817511162881,125.520306402659,3,2.03307716009791e-64
2670,0.188079984469035,125.567278508455,2,1.78028368915076e-57
2671,0.177674238012036,125.614250614251,2,9.59256909341477e-51
2672,0.171267715006795,125.661222720046,2,8.10954830564697e-47
2673,0.160201902543195,125.708194825842,2,2.00799582764993e-40
2674,0.155969714618521,125.755166931638,2,4.15965261406616e-38
2675,0.150106775383421,125.802139037433,2,5.14634378346802e-35
2676,0.146689963113958,125.849111143229,2,2.83092329043837e-33
2677,0.147466511357018,125.896083249024,2,1.14907997327218e-33
2678,0.149213744903902,125.94305535482,2,1.48168907094876e-34
2679,0.151892836342458,125.990027460616,2,6.07669465231521e-36
2680,0.155581440496991,126.036999566411,2,6.73008978073735e-38
2681,0.159037080178606,126.083971672207,2,8.85813387721072e-40
2682,0.163851679285576,126.130943778003,2,1.77068780008949e-42
2683,0.16078431372549,126.177915883798,2,9.51598584251259e-41
2684,0.148708988545913,126.224887989594,2,2.68514118811603e-34
2685,0.136866627839255,126.27186009539,2,1.60320938090851e-28
2686,0.127586876334692,126.318832201185,2,2.27384352373557e-24
2687,0.116676373519705,126.365804306981,2,6.62837284781104e-20
2688,0.10696952048146,126.412776412776,2,2.61009807222471e-16
2689,0.103552708211998,126.459748518572,2,3.96198249105457e-15
2690,0.108328479906814,126.506720624368,2,8.6029523294141e-17
2691,0.114618520675597,126.553692730163,2,4.10394866076721e-19
2692,0.121918074160357,126.600664835959,2,5.40155937417049e-22
2693,0.129023490584353,126.647636941755,2,5.43738802363947e-25
2694,0.133216851096874,126.69460904755,2,7.53226323900137e-27
2695,0.136167734420501,126.741581153346,2,3.38123138451371e-28
2696,0.139623374102116,126.788553259142,2,8.09982004117791e-30
2697,0.142030673655601,126.835525364937,2,5.65620732964199e-31
2698,0.151155115511551,126.882497470733,2,1.4737013501945e-35
2699,0.162298582799456,126.929469576528,2,1.34566432402129e-41
2700,0.1706853038245,126.976441682324,2,1.8104131445151e-46
2701,0.176237623762376,127.02341378812,2,7.53327391209798e-50
2702,0.186099786449233,127.070385893915,2,3.6725157557306e-56
2703,0.198485730926034,127.117357999711,3,1.22524876827374e-64
2704,0.207105416423995,127.164330105507,3,6.87961091769298e-71
2705,0.214870898854591,127.211302211302,3,9.25399161168686e-77
2706,0.220889147738303,127.258274317098,3,1.83110430760821e-81
2707,0.226829741797709,127.305246422894,3,3.09200064639753e-86
2708,0.231372549019608,127.352218528689,3,5.68404908486505e-90
2709,0.233313919627257,127.399190634485,3,1.36659978276791e-91
2710,0.231993787614056,127.44616274028,3,1.72998677621217e-90
2711,0.232498543972044,127.493134846076,3,6.56559152198345e-91
2712,0.236342457775189,127.540106951872,3,3.82855296126846e-94
2713,0.233935158221705,127.587079057667,3,4.11816875222233e-92
2714,0.236148320714424,127.634051163463,3,5.59302302149368e-94
2715,0.238128518734226,127.681023269259,3,1.15423482025492e-95
2716,0.239720442632499,127.727995375054,3,4.98042688092171e-97
2717,0.241273539118618,127.77496748085,3,2.27424759630178e-98
2718,0.243447874199185,127.821939586645,3,2.92300804243871e-100
2719,0.245000970685304,127.868911692441,3,1.27300956034444e-101
2720,0.246010483401281,127.915883798237,3,1.64283565869383e-102
2721,0.246787031644341,127.962855904032,3,3.38147949874042e-103
2722,0.244224422442244,128.009828009828,3,6.11506158285776e-101
2723,0.239526305571734,128.056800115624,3,7.31503827739951e-97
2724,0.235099980586294,128.103772221419,3,4.30749575737182e-93
2725,0.233275092215104,128.150744327215,3,1.47283481944861e-91
2726,0.23036303630363,128.197716433011,3,3.90123948356976e-89
2727,0.228266356047369,128.244688538806,3,2.07460415305623e-87
2728,0.228771112405358,128.291660644602,3,7.99699893265804e-88
2729,0.230945447485925,128.338632750397,3,1.28536729319359e-89
2730,0.233585711512328,128.385604856193,3,8.08912089267597e-92
2731,0.235721219180742,128.432576961989,3,1.286231426007e-93
2732,0.234517569403999,128.479549067784,3,1.33373976065709e-92
2733,0.233003300330033,128.52652117358,3,2.4865186815247e-91
2734,0.232110269850514,128.573493279376,3,1.38364074897448e-90
2735,0.231683168316832,128.620465385171,3,3.13706398976291e-90
2736,0.230828965249466,128.667437490967,3,1.60531323298126e-89
2737,0.234129295282469,128.714409596763,3,2.82896757549241e-92
2738,0.235332945059212,128.761381702558,3,2.73871490611353e-93
2739,0.238594447680062,128.808353808354,3,4.61007960091292e-96
2740,0.242671325956125,128.855325914149,3,1.39033076077237e-99
2741,0.245816346340516,128.902298019945,3,2.43714843386564e-102
2742,0.248417782954766,128.949270125741,3,1.2037300829812e-104
2743,0.253271209473889,128.996242231536,3,5.17136203253252e-109
2744,0.256959813628422,129.043214337332,3,2.18311276826971e-112
2745,0.254707823723549,129.090186443128,3,2.54112452597336e-110
2746,0.253698311007571,129.137158548923,3,2.11509254417386e-109
2747,0.252844107940206,129.184130654719,3,1.26251361912531e-108
2748,0.252300524170064,129.231102760515,3,3.92330950955311e-108
2749,0.2527664531159,129.27807486631,3,1.48472223715797e-108
2750,0.252106387109299,129.325046972106,3,5.87844607208149e-108
2751,0.249427295670744,129.372019077901,3,1.51032983828885e-105
2752,0.246282275286352,129.418991183697,3,9.45293476728399e-103
2753,0.247097650941565,129.465963289493,3,1.79437604445055e-103
2754,0.246243447874199,129.512935395288,3,1.02299221651161e-102
2755,0.247408270238789,129.559907501084,3,9.514332801505e-104
2756,0.248806057076296,129.60687960688,3,5.42302562780744e-105
2757,0.248223645894001,129.653851712675,3,1.79255585615699e-104
2758,0.247641234711706,129.700823818471,3,5.90884645803463e-104
2759,0.247058823529412,129.747795924267,3,1.9423671277212e-103
2760,0.245855173752669,129.794768030062,3,2.25234595502086e-102
2761,0.242321879246748,129.841740135858,3,2.80026398601188e-99
2762,0.243214909726267,129.888712241653,3,4.66918741904598e-100
2763,0.243331391962726,129.935684347449,3,3.69453467622413e-100
2764,0.243214909726267,129.982656453245,3,4.66918741904598e-100
2765,0.243680838672102,130.02962855904,3,1.82905185973163e-100
2766,0.243952630557173,130.076600664836,3,1.05789977334767e-100
2767,0.240069889341875,130.123572770632,3,2.4912562643727e-97
2768,0.235332945059212,130.170544876427,3,2.73871490611353e-93
2769,0.227839254513687,130.217516982223,3,4.64015925377911e-87
2770,0.222403416812269,130.264489088019,3,1.14384257751943e-82
2771,0.215841584158416,130.311461193814,3,1.64695037086321e-77
2772,0.210988157639293,130.35843329961,3,8.51238048569467e-74
2773,0.207416035721219,130.405405405405,3,4.04617969664562e-71
2774,0.207959619491361,130.452377511201,3,1.59501053249881e-71
2775,0.210133954571928,130.499349616997,3,3.75445305469636e-73
2776,0.210561056105611,130.546321722792,3,1.78911916586036e-73
2777,0.209202096680256,130.593293828588,3,1.8815819418583e-72
2778,0.209629198213939,130.640265934384,3,8.99712763937002e-73
2779,0.20846437584935,130.687238040179,3,6.70447248419474e-72
2780,0.206328868180936,130.734210145975,3,2.58386204026328e-70
2781,0.20403805086391,130.781182251771,3,1.24268683195788e-68
2782,0.201242477188895,130.828154357566,3,1.31836502631823e-66
2783,0.196272568433314,130.875126463362,3,4.43667285693595e-63
2784,0.191186177441274,130.922098569157,3,1.4359177540541e-59
2785,0.189244806833625,130.969070674953,2,2.95099134889646e-58
2786,0.192933410988158,131.016042780749,3,9.17986317363059e-61
2787,0.193476994758299,131.063014886544,3,3.87995266791821e-61
2788,0.194370025237818,131.10998699234,3,9.37267111504859e-62
2789,0.200077654824306,131.156959098136,3,9.02059121870895e-66
2790,0.206794797126772,131.203931203931,3,1.1687429864566e-70
2791,0.214754416618132,131.250903309727,3,1.1377668918021e-76
2792,0.222714036109493,131.297875415522,3,6.46084721092582e-83
2793,0.225897883906038,131.344847521318,3,1.76733372600871e-85
2794,0.229004076878276,131.391819627114,3,5.14679511472648e-88
2795,0.23191613278975,131.438791732909,3,2.00768408762813e-90
2796,0.231954960201903,131.485763838705,3,1.86368188393933e-90
2797,0.230052417006407,131.532735944501,3,7.04473207078878e-89
2798,0.226907396622015,131.579708050296,3,2.67305617197293e-86
2799,0.22488837119006,131.626680156092,3,1.15862934410399e-84
2800,0.223257619879635,131.673652261888,3,2.37307514960379e-83
2801,0.226790914385556,131.720624367683,3,3.32542499863431e-86
2802,0.22787808192584,131.767596473479,3,4.31299000813658e-87
2803,0.227722772277228,131.814568579274,3,5.77781426094235e-87
2804,0.225703746845273,131.86154068507,3,2.53891605997241e-85
2805,0.222248107163658,131.908512790866,3,1.5215040228431e-82
2806,0.219258396427878,131.955484896661,3,3.55100496925928e-80
2807,0.218015919238983,132.002457002457,3,3.34874406796061e-79
2808,0.216734614637934,132.049429108253,3,3.34147120950991e-78
2809,0.214715589205979,132.096401214048,3,1.21884988318629e-76
2810,0.216734614637934,132.143373319844,3,3.34147120950991e-78
2811,0.219336051252184,132.19034542564,3,3.08500228298593e-80
2812,0.221199767035527,132.237317531435,3,1.03836109792839e-81
2813,0.222519899048728,132.284289637231,3,9.23375963050107e-83
2814,0.22450009706853,132.331261743026,3,2.3825890133442e-84
2815,0.226286158027567,132.378233848822,3,8.55559595511018e-86
2816,0.227645117452922,132.425205954618,3,6.68687991138933e-87
2817,0.231954960201903,132.472178060413,3,1.86368188393933e-90
2818,0.234478741991846,132.519150166209,3,1.4379740638133e-92
2819,0.23777907202485,132.566122272005,3,2.29469867142687e-95
2820,0.241506503591536,132.6130943778,3,1.4290038938751e-98
2821,0.244496214327315,132.660066483596,3,3.53260433087044e-101
2822,0.244612696563774,132.707038589392,3,2.79179602713725e-101
2823,0.242787808192584,132.754010695187,3,1.10068094594672e-99
2824,0.240031061929722,132.800982800983,3,2.69071340040178e-97
2825,0.235954183653659,132.847954906778,3,8.1681549773104e-94
2826,0.229664142884877,132.894927012574,3,1.4730044742765e-88
2827,0.221122112211221,132.94189911837,3,1.19666488377391e-81
2828,0.211648223645894,132.988871224165,3,2.69257735828301e-74
2829,0.202484954377791,133.035843329961,3,1.67271212665699e-67
2830,0.196505532906232,133.082815435757,3,3.04695344444034e-63
2831,0.193942923704135,133.129787541552,3,1.85064413436322e-61
2832,0.192894583576005,133.176759647348,3,9.76127928905e-61
2833,0.19961172587847,133.223731753144,3,1.94023115509043e-65
2834,0.202562609202097,133.270703858939,3,1.46955801472038e-67
2835,0.207610172781984,133.317675964735,3,2.90259532211564e-71
2836,0.212463599301107,133.36464807053,3,6.46290053504329e-75
2837,0.21393904096292,133.411620176326,3,4.81635742555926e-76
2838,0.212929528246942,133.458592282122,3,2.85220653488121e-75
2839,0.212696563774024,133.505564387917,3,4.29442424678985e-75
2840,0.213706076490002,133.552536493713,3,7.26631625256059e-76
2841,0.216229858279946,133.599508599509,3,8.23850994884126e-78
2842,0.216773442050087,133.646480705304,3,3.11710844954406e-78
2843,0.21797709182683,133.6934528111,3,3.59124392669182e-79
2844,0.217744127353912,133.740424916896,3,5.46143130123355e-79
2845,0.216734614637934,133.787397022691,3,3.34147120950991e-78
2846,0.215647447097651,133.834369128487,3,2.32749192544995e-77
2847,0.214366142496603,133.881341234282,3,2.26345532625216e-76
2848,0.213783731314308,133.928313340078,3,6.33584808587401e-76
2849,0.213861386138614,133.975285445874,3,5.52424449959206e-76
2850,0.215880411570569,134.022257551669,3,1.53681755862813e-77
2851,0.220151426907397,134.069229657465,3,7.0213223066733e-81
2852,0.223995340710542,134.116201763261,3,6.07111497557475e-84
2853,0.226169675791109,134.163173869056,3,1.06372157223876e-85
2854,0.225742574257426,134.210145974852,3,2.361529037431e-85
2855,0.225237817899437,134.257118080648,3,6.04900052562059e-85
2856,0.225548437196661,134.304090186443,3,3.39167343456585e-85
2857,0.225470782372355,134.351062292239,3,3.91980221984368e-85
2858,0.226519122500485,134.398034398034,3,5.53283600732219e-86
2859,0.227645117452922,134.44500650383,3,6.68687991138933e-87
2860,0.227062706270627,134.491978609626,3,1.99746785124478e-86
2861,0.227528635216463,134.538950715421,3,8.3247781686031e-87
2862,0.228615802756746,134.585922821217,3,1.07253609144459e-87
2863,0.229897107357795,134.632894927013,3,9.46379579773988e-89
2864,0.229819452533489,134.679867032808,3,1.09681474465037e-88
2865,0.224111822947001,134.726839138604,3,4.89336387648046e-84
2866,0.224461269656377,134.773811244399,3,2.56052817316896e-84
2867,0.225587264608814,134.820783350195,3,3.15486505215448e-85
2868,0.227412152980004,134.867755455991,3,1.03626988667589e-86
2869,0.229935934769948,134.914727561786,3,8.79069618340371e-89
2870,0.230052417006407,134.961699667582,3,7.04473207078878e-89
2871,0.228499320520287,135.008671773378,3,1.33649877749541e-87
2872,0.226596777324791,135.055643879173,3,4.78413480669826e-86
2873,0.222714036109493,135.102615984969,3,6.46084721092582e-83
2874,0.218287711124054,135.149588090765,3,2.05204352338787e-79
2875,0.207726655018443,135.19656019656,3,2.37773368141227e-71
2876,0.197320908561444,135.243532302356,3,8.14765885480867e-64
2877,0.191729761211415,135.290504408151,3,6.12155834533768e-60
2878,0.188041157056882,135.337476513947,2,1.88979017066188e-57
2879,0.180702776159969,135.384448619743,2,1.16882630562728e-52
2880,0.175033973985634,135.431420725538,2,4.17314626296312e-49
2881,0.176897689768977,135.478392831334,2,2.92941865884092e-50
2882,0.177829547660648,135.52536493713,2,7.66784049654903e-51
2883,0.178955542613085,135.572337042925,2,1.50178903574e-51
2884,0.180663948747816,135.619309148721,2,1.23744285672306e-52
2885,0.185051446321103,135.666281254517,2,1.79686378194534e-55
2886,0.190953212968356,135.713253360312,3,2.06756056074515e-59
2887,0.197942147155892,135.760225466108,3,2.97068022308767e-64
2888,0.202950883323626,135.807197571903,3,7.68544458308843e-68
2889,0.208774995146573,135.854169677699,3,3.92879219085176e-72
2890,0.213046010483401,135.901141783495,3,2.32403934190041e-75
2891,0.214482624733062,135.94811388929,3,1.84168279658578e-76
2892,0.212308289652495,135.995085995086,3,8.48523448116334e-75
2893,0.214249660260144,136.042058100882,3,2.78149872373402e-76
2894,0.220151426907397,136.089030206677,3,7.0213223066733e-81
2895,0.225198990487284,136.136002312473,3,6.50231152855308e-85
2896,0.228033391574452,136.182974418269,3,3.21889173787645e-87
2897,0.229198213939041,136.229946524064,3,3.56365660121026e-88
2898,0.228460493108134,136.27691862986,3,1.43816899791487e-87
2899,0.229275868763347,136.323890735655,3,3.07610713524004e-88
2900,0.231411376431761,136.370862841451,3,5.27727770844445e-90
2901,0.233119782566492,136.417834947247,3,1.98678481699715e-91
2902,0.235022325761988,136.464807053042,3,5.00888538393334e-93
2903,0.237856726849156,136.511779158838,3,1.96990452945901e-95
2904,0.240419336051252,136.558751264634,3,1.24490335175847e-97
2905,0.244806833624539,136.605723370429,3,1.88549126958028e-101
2906,0.245661036691904,136.652695476225,3,3.34053526888105e-102
2907,0.247136478353718,136.699667582021,3,1.65764017804282e-103
2908,0.248611920015531,136.746639687816,3,8.0807579198873e-105
2909,0.252649970879441,136.793611793612,3,1.89329798486359e-108
2910,0.258823529411765,136.840583899407,3,4.12850006447753e-114
2911,0.258318773053776,136.887556005203,3,1.21261992991555e-113
2912,0.25315472723743,136.934528110999,3,6.59760695007406e-109
2913,0.26045428072219,136.981500216794,3,1.25276964916033e-115
2914,0.260648417782955,137.02847232259,3,8.25167071461046e-116
2915,0.259988351776354,137.075444428386,3,3.40815713534294e-115
2916,0.260260143661425,137.122416534181,3,1.90137471231058e-115
2917,0.261386138613861,137.169388639977,3,1.68375539209091e-116
2918,0.263560473694428,137.216360745773,3,1.515880406476e-118
2919,0.26670549407882,137.263332851568,3,1.55729270490417e-121
2920,0.268452727625704,137.310304957364,3,3.28973430957927e-123
2921,0.26775383420695,137.357277063159,3,1.54359695180207e-122
2922,0.26670549407882,137.404249168955,3,1.55729270490417e-121
2923,0.262395651329839,137.451221274751,3,1.89933240229931e-117
2924,0.257153950689187,137.498193380546,3,1.44590284212113e-112
2925,0.253232382061736,137.545165486342,3,5.60881050413567e-109
2926,0.249388468258591,137.592137592138,3,1.63610033397069e-105
2927,0.242826635604737,137.639109697933,3,1.01819707222954e-99
2928,0.236148320714424,137.686081803729,3,5.59302302149368e-94
2929,0.226868569209862,137.733053909525,3,2.87492521486701e-86
2930,0.219297223840031,137.78002601532,3,3.30983345732206e-80
2931,0.208192583964279,137.826998121116,3,1.06944853558185e-71
2932,0.199378761405552,137.873970226911,3,2.84347213447414e-65
2933,0.194641817122889,137.920942332707,3,6.0739551896858e-62
2934,0.189089497185013,137.967914438503,2,3.75274616564379e-58
2935,0.183343040186372,138.014886544298,2,2.33768098045152e-54
2936,0.181129877693652,138.061858650094,2,6.23478848588185e-53
2937,0.179227334498156,138.10883075589,2,1.01141495338379e-51
2938,0.178528441079402,138.155802861685,2,2.79118179009176e-51
2939,0.183692486895748,138.202774967481,2,1.38618087274875e-54
2940,0.193476994758299,138.249747073276,3,3.87995266791821e-61
2941,0.200970685303825,138.296719179072,3,2.06719597731059e-66
2942,0.20768782760629,138.343691284868,3,2.54122610707249e-71
2943,0.21576392933411,138.390663390663,3,1.89138633269449e-77
2944,0.222519899048728,138.437635496459,3,9.23375963050107e-83
2945,0.229042904290429,138.484607602255,3,4.7821096039219e-88
2946,0.23036303630363,138.53157970805,3,3.90123948356976e-89
2947,0.232731508444962,138.578551813846,3,4.19531699385859e-91
2948,0.235371772471365,138.625523919642,3,2.539500458438e-93
2949,0.238516792855756,138.672496025437,3,5.37270639854829e-96
2950,0.242554843719666,138.719468131233,3,1.75600850988131e-99
2951,0.245816346340516,138.766440237028,3,2.43714843386564e-102
2952,0.247718889536012,138.813412342824,3,5.04082294078213e-104
2953,0.247252960590177,138.86038444862,3,1.30673831570666e-103
2954,0.249349640846438,138.907356554415,3,1.77232241139389e-105
2955,0.251679285575616,138.954328660211,3,1.4293400095852e-107
2956,0.255717336439526,139.001300766007,3,3.02777852845989e-111
2957,0.257386915162104,139.048272871802,3,8.81534114650163e-113
2958,0.259833042127742,139.095244977598,3,4.75589600480769e-115
2959,0.262162686856921,139.142217083394,3,3.1449562679289e-117
2960,0.262822752863522,139.189189189189,3,7.52626297228986e-118
2961,0.264608813822559,139.236161294985,3,1.54325082213635e-119
2962,0.265113570180547,139.28313340078,3,5.12054969878717e-120
2963,0.265657153950689,139.330105506576,3,1.55717716567333e-120
2964,0.266666666666667,139.377077612372,3,1.69619228591759e-121
2965,0.266239565132984,139.424049718167,3,4.33788480069549e-121
2966,0.26592894583576,139.471021823963,3,8.57943380169522e-121
2967,0.266977285963891,139.517993929759,3,8.5602770860265e-122
2968,0.268064453504174,139.564966035554,3,7.76887423688311e-123
2969,0.268879829159387,139.61193814135,3,1.27653017969788e-123
2970,0.265890118423607,139.658910247146,3,9.34237555125356e-121
2971,0.259483595418365,139.705882352941,3,1.00583120005985e-114
2972,0.255445544554455,139.752854458737,3,5.37304925674313e-111
2973,0.253038245000971,139.799826564532,3,8.4162765961416e-109
2974,0.251019219569016,139.846798670328,3,5.62621491795492e-107
2975,0.249660260143661,139.893770776124,3,9.34396043721157e-106
2976,0.250980392156863,139.940742881919,3,6.09779886742831e-107
2977,0.25160163075131,139.987714987715,3,1.67967400687229e-107
2978,0.2527664531159,140.034687093511,3,1.48472223715797e-108
2979,0.252611143467288,140.081659199306,3,2.05305021334199e-108
2980,0.249621432731508,140.128631305102,3,1.01228110123095e-105
2981,0.24729178800233,140.175603410898,3,1.20710226383854e-103
2982,0.246437584934964,140.222575516693,3,6.89113175913186e-103
2983,0.245894001164822,140.269547622489,3,2.08153093922692e-102
2984,0.245389244806834,140.316519728284,3,5.79755532787801e-102
2985,0.242438361483207,140.36349183408,3,2.21761882021343e-99
2986,0.240885264997088,140.410463939876,3,4.9288934634165e-98
2987,0.237584934964085,140.457436045671,3,3.35994990969009e-95
2988,0.23440108716754,140.504408151467,3,1.67145537181937e-92
2989,0.231683168316832,140.551380257263,3,3.13706398976291e-90
2990,0.231372549019608,140.598352363058,3,5.68404908486505e-90
2991,0.23218792467482,140.645324468854,3,1.19211097711279e-90
2992,0.232809163269268,140.69229657465,3,3.61314342774275e-91
2993,0.229897107357795,140.739268680445,3,9.46379579773988e-89
2994,0.231721995728985,140.786240786241,3,2.91227398603698e-90
2995,0.235876528829354,140.833212892036,3,9.50336094962959e-94
2996,0.238866239565133,140.880184997832,3,2.6967632863307e-96
2997,0.240031061929722,140.927157103628,3,2.69071340040178e-97
2998,0.24142884876723,140.974129209423,3,1.66848752341335e-98
2999,0.24546689963114,141.021101315219,3,4.95294369484214e-102
3000,0.247214133178024,141.068073421015,3,1.41458108290205e-103
3001,0.252067559697146,141.11504552681,3,6.37336141795342e-108
3002,0.256765676567657,141.162017632606,3,3.29518841010507e-112
3003,0.259405940594059,141.208989738402,3,1.18782897967859e-114
3004,0.258357600465929,141.255961844197,3,1.11625084543998e-113
3005,0.257736361871481,141.302933949993,3,4.19305112630363e-113
3006,0.258590564938847,141.349906055788,3,6.79004643576621e-114
3007,0.256183265385362,141.396878161584,3,1.13108320845192e-111
3008,0.251562803339157,141.44385026738,3,1.82079785354197e-107
3009,0.260415453310037,141.490822373175,3,1.36182451842413e-115
3010,0.256260920209668,141.537794478971,3,9.59728683405444e-112
3011,0.251795767812075,141.584766584767,3,1.12191874405136e-107
3012,0.248844884488449,141.631738690562,3,5.00706880524244e-105
3013,0.246321102698505,141.678710796358,3,8.73485397440837e-103
3014,0.241933605125218,141.725682902154,3,6.08916428459664e-99
3015,0.234828188701223,141.772655007949,3,7.3019249934103e-93
3016,0.229508833236265,141.819627113745,3,1.97782608719541e-88
3017,0.230596000776548,141.86659921954,3,2.50310276388857e-89
3018,0.227295670743545,141.913571325336,3,1.28980525186237e-86
3019,0.224267132595613,141.960543431132,3,3.66986197801544e-84
3020,0.224189477771307,142.007515536927,3,4.23779116729982e-84
3021,0.226868569209862,142.054487642723,3,2.87492521486701e-86
3022,0.230557173364395,142.101459748519,3,2.69533577406681e-89
3023,0.234711706464764,142.148431854314,3,9.15356878868177e-93
3024,0.238245000970685,142.19540396011,3,9.17741288517427e-96
3025,0.233896330809552,142.242376065905,3,4.43918442411401e-92
3026,0.23661424966026,142.289348171701,3,2.25087757787835e-94
3027,0.23661424966026,142.336320277497,3,2.25087757787835e-94
3028,0.233702193748787,142.383292383292,3,6.45977657430517e-92
3029,0.229586488060571,142.430264489088,3,1.70689548020618e-88
3030,0.22488837119006,142.477236594884,3,1.15862934410399e-84
3031,0.221704523393516,142.524208700679,3,4.1234053951405e-82
3032,0.220539701028926,142.571180806475,3,3.46300275477813e-81
3033,0.222286934575811,142.618152912271,3,1.41678717557424e-82
3034,0.220500873616773,142.665125018066,3,3.7168428758233e-81
3035,0.218947777130654,142.712097123862,3,6.23037011625077e-80
3036,0.216346340516405,142.759069229657,3,6.69099775762673e-78
3037,0.211920015530965,142.806041335453,3,1.6744131304596e-74
3038,0.207571345369831,142.853013441249,3,3.10205557217959e-71
3039,0.20403805086391,142.899985547044,3,1.24268683195788e-68
3040,0.201009512715977,142.94695765284,3,1.93861887860357e-66
3041,0.19491360900796,142.993929758636,3,3.93360424355167e-62
3042,0.191729761211415,143.040901864431,3,6.12155834533768e-60
3043,0.19009900990099,143.087873970227,2,7.83716960228685e-59
3044,0.191380314502038,143.134846076023,3,1.05931502116313e-59
3045,0.191225004853427,143.181818181818,3,1.35120297717464e-59
3046,0.190215492137449,143.228790287614,2,6.53755930828751e-59
3047,0.192661619103087,143.275762393409,3,1.41060480215093e-60
3048,0.197010289264221,143.322734499205,3,1.34759570824332e-63
3049,0.200582411182295,143.369706605001,3,3.92604614294687e-66
3050,0.202562609202097,143.416678710796,3,1.46955801472038e-67
3051,0.203688604154533,143.463650816592,3,2.23460781303139e-68
3052,0.203028538147932,143.510622922388,3,6.74988552379628e-68
3053,0.201553096486119,143.557595028183,3,7.87836737646572e-67
3054,0.199883517763541,143.604567133979,3,1.24144548060512e-65
3055,0.202446126965638,143.651539239775,3,1.78455443943759e-67
3056,0.206988934187536,143.69851134557,3,8.39295081598394e-71
3057,0.211026985051446,143.745483451366,3,7.95593250588609e-74
3058,0.21576392933411,143.792455557161,3,1.89138633269449e-77
3059,0.218443020772666,143.839427662957,3,1.55068929316331e-79
3060,0.218287711124054,143.886399768753,3,2.05204352338787e-79
3061,0.217705299941759,143.933371874548,3,5.85639975515122e-79
3062,0.215220345563968,143.980343980344,3,4.97572067344257e-77
3063,0.214094350611532,144.02731608614,3,3.66052519845124e-76
3064,0.217045233935158,144.074288191935,3,1.91556134967842e-78
3065,0.217278198408076,144.121260297731,3,1.26133995898781e-78
3066,0.218481848184818,144.168232403527,3,1.44575776833591e-79
3067,0.21980198019802,144.215204509322,3,1.32500574530972e-80
3068,0.219064259367113,144.262176615118,3,5.04654619679932e-80
3069,0.217472335468841,144.309148720913,3,8.90143380814121e-79
3070,0.217317025820229,144.356120826709,3,1.17643730664119e-78
3071,0.217860609590371,144.403092932505,3,4.42894792422756e-79
3072,0.216423995340711,144.4500650383,3,5.82404363325512e-78
3073,0.217122888759464,144.497037144096,3,1.66659566516468e-78
3074,0.215647447097651,144.544009249892,3,2.32749192544995e-77
3075,0.214870898854591,144.590981355687,3,9.25399161168686e-77
3076,0.216191030867793,144.637953461483,3,8.82992133596611e-78
3077,0.217860609590371,144.684925567279,3,4.42894792422718e-79
3078,0.218870122306348,144.731897673074,3,7.16967257397451e-80
3079,0.219957289846632,144.77886977887,3,9.99299239416515e-81
3080,0.221355076684139,144.825841884665,3,7.81689384532944e-82
3081,0.220695010677538,144.872813990461,3,2.6092300821672e-81
3082,0.221588041157057,144.919786096257,3,5.10385316323643e-82
3083,0.222286934575811,144.966758202052,3,1.41678717557424e-82
3084,0.222869345758105,145.013730307848,3,4.85422136405004e-83
3085,0.223956513298389,145.060702413644,3,6.52345753789654e-84
3086,0.225587264608814,145.107674519439,3,3.15486505215448e-85
3087,0.227645117452922,145.154646625235,3,6.68687991138933e-87
3088,0.229198213939041,145.201618731031,3,3.56365660121026e-88
3089,0.226286158027567,145.248590836826,3,8.55559595511018e-86
3090,0.226907396622015,145.295562942622,3,2.67305617197293e-86
3091,0.227645117452922,145.342535048417,3,6.68687991138933e-87
3092,0.227062706270627,145.389507154213,3,1.99746785124473e-86
3093,0.226519122500485,145.436479260009,3,5.53283600732219e-86
3094,0.227839254513687,145.483451365804,3,4.64015925377911e-87
3095,0.227761599689381,145.5304234716,3,5.3706326611753e-87
3096,0.22527664531159,145.577395577396,3,5.62722156913591e-85
3097,0.222830518345952,145.624367683191,3,5.21399088219219e-83
3098,0.219530188312949,145.671339788987,3,2.16979918250445e-80
3099,0.216851096874393,145.718311894783,3,2.71246199898196e-78
3100,0.21681226946224,145.765284000578,3,2.90777339468948e-78
3101,0.217860609590371,145.812256106374,3,4.42894792422718e-79
3102,0.219374878664337,145.859228212169,3,2.87540699338619e-80
3103,0.222908173170258,145.906200317965,3,4.51921923346356e-83
3104,0.226907396622015,145.953172423761,3,2.67305617197293e-86
3105,0.225043680838672,146.000144529556,3,8.68060129327412e-85
3106,0.228227528635216,146.047116635352,3,2.23225606881668e-87
3107,0.231023102310231,146.094088741148,3,1.10826891074593e-89
3108,0.232110269850514,146.141060846943,3,1.38364074897448e-90
3109,0.232343234323432,146.188032952739,3,8.84786544972853e-91
3110,0.233935158221705,146.235005058534,3,4.11816875222233e-92
3111,0.234556396816152,146.28197716433,3,1.23704572187822e-92
3112,0.234711706464764,146.328949270126,3,9.15356878868177e-93
3113,0.237662589788391,146.375921375921,3,2.88473600742976e-95
3114,0.239176858862357,146.422893481717,3,1.46011977605597e-96
3115,0.240613473112017,146.469865587513,3,8.463861974198e-98
3116,0.240380508639099,146.516837693308,3,1.34472338537326e-97
3117,0.241817122888759,146.563809799104,3,7.68530008418905e-99
3118,0.246748204232188,146.6107819049,3,3.66000672260103e-103
3119,0.250980392156863,146.657754010695,3,6.09779886742831e-107
3120,0.253387691710348,146.704726116491,3,4.05298981726096e-109
3121,0.251912250048534,146.751698222286,3,8.8052014269868e-108
3122,0.250630945447486,146.798670328082,3,1.25760480143235e-106
3123,0.24872840225199,146.845642433878,3,6.36124089858333e-105
3124,0.247252960590177,146.892614539673,3,1.30673831570666e-103
3125,0.246981168705106,146.939586645469,3,2.27588864861255e-103
3126,0.247602407299553,146.986558751265,3,6.39727951456996e-104
3127,0.250320326150262,147.03353085706,3,2.39123686049355e-106
3128,0.252417006406523,147.080502962856,3,3.07767427028724e-108
3129,0.251834595224228,147.127475068652,3,1.03488644053256e-107
3130,0.252688798291594,147.174447174447,3,1.74595500221074e-108
3131,0.252494661230829,147.221419280243,3,2.61763689614163e-108
3132,0.251174529217628,147.268391386038,3,4.07695483679976e-107
3133,0.249543777907202,147.315363491834,3,1.18802451323937e-105
3134,0.245428072218987,147.36233559763,3,5.35866761279288e-102
3135,0.240613473112017,147.409307703425,3,8.463861974198e-98
3136,0.238866239565133,147.456279809221,3,2.69676328633085e-96
3137,0.236458940011648,147.503251915017,3,3.04931927935559e-94
3138,0.235371772471365,147.550224020812,3,2.539500458438e-93
3139,0.233818675985246,147.597196126608,3,5.15804467730778e-92
3140,0.232498543972044,147.644168232404,3,6.56559152198345e-91
3141,0.231100757134537,147.691140338199,3,9.55523571212618e-90
3142,0.228848767229664,147.738112443995,3,6.90481470892909e-88
3143,0.226790914385556,147.78508454979,3,3.32542499863431e-86
3144,0.224966026014366,147.832056655586,3,1.00290104289934e-84
3145,0.221355076684139,147.879028761382,3,7.81689384532944e-82
3146,0.218248883711901,147.926000867177,3,2.20083863648067e-79
3147,0.217161716171617,147.972972972973,3,1.55449393177898e-78
3148,0.219452533488643,148.019945078769,3,2.4978735927903e-80
3149,0.222053970102893,148.066917184564,3,2.1728677293763e-82
3150,0.222364589400116,148.11388929036,3,1.22843220458839e-82
3151,0.223102310231023,148.160861396156,3,3.1600971102746e-83
3152,0.224771888953601,148.207833501951,3,1.43857742657925e-84
3153,0.224810716365754,148.254805607747,3,1.33847149999434e-84
3154,0.219180741603572,148.301777713542,3,4.08719176193476e-80
3155,0.213977868375073,148.348749819338,3,4.49710728800789e-76
3156,0.210522228693458,148.395721925134,3,1.9139550024987e-73
3157,0.212580081537566,148.442694030929,3,5.2685535392663e-75
3158,0.217821782178218,148.489666136725,3,4.74942905399774e-79
3159,0.221199767035527,148.536638242521,3,1.03836109792836e-81
3160,0.221160939623374,148.583610348316,3,1.11471340775601e-81
3161,0.220345563968162,148.630582454112,3,4.93179087059462e-81
3162,0.21941370607649,148.677554559908,3,2.68001760459243e-80
3163,0.217006406523005,148.724526665703,3,2.05362274491886e-78
3164,0.216307513104252,148.771498771499,3,7.17159399510976e-78
3165,0.216191030867793,148.818470877294,3,8.82992133596611e-78
3166,0.215802756746263,148.86544298309,3,1.76495304852145e-77
3167,0.215065035915356,148.912415088886,3,6.55658144394575e-77
3168,0.214404969908756,148.959387194681,3,2.11312473863639e-76
3169,0.216307513104252,149.006359300477,3,7.17159399510976e-78
3170,0.214366142496603,149.053331406273,3,2.26345532625216e-76
3171,0.213007183071248,149.100303512068,3,2.48825507752971e-75
3172,0.212347117064648,149.147275617864,3,7.92707842235603e-75
3173,0.211648223645894,149.19424772366,3,2.69257735828301e-74
3174,0.2117258784702,149.241219829455,3,2.35099543902966e-74
3175,0.213706076490002,149.288191935251,3,7.26631625256059e-76
3176,0.214521452145215,149.335164041046,3,1.71929864981979e-76
3177,0.217006406523005,149.382136146842,3,2.05362274491886e-78
3178,0.219607843137255,149.429108252638,3,1.88471888224748e-80
3179,0.222947000582411,149.476080358433,3,4.20728339199536e-83
3180,0.224267132595613,149.523052464229,3,3.66986197801544e-84
3181,0.223529411764706,149.570024570025,3,1.43687878685349e-83
3182,0.222830518345952,149.61699667582,3,5.21399088219219e-83
3183,0.22267520869734,149.663968781616,3,6.93934130536045e-83
3184,0.222947000582411,149.710940887411,3,4.20728339199536e-83
3185,0.226946224034168,149.757912993207,3,2.48533065226992e-86
3186,0.224616579304989,149.804885099003,3,1.91944242884418e-84
3187,0.221510386332751,149.851857204798,3,5.88345110056506e-82
3188,0.217433508056688,149.898829310594,3,9.54433061244172e-79
3189,0.21250242671326,149.94580141639,3,6.03746156511437e-75
3190,0.209163269268103,149.992773522185,3,2.01195511272449e-72
3191,0.20326150262085,150.039745627981,3,4.57130987719733e-68
3192,0.197010289264221,150.086717733777,3,1.34759570824332e-63
3193,0.196893807027762,150.133689839572,3,1.62708604122179e-63
3194,0.196427878081926,150.180661945368,3,3.45371495929913e-63
3195,0.19817511162881,150.227634051163,3,2.03307716009791e-64
3196,0.205125218404193,150.274606156959,3,1.98865797409625e-69
3197,0.214443797320909,150.321578262755,3,1.97275325625808e-76
3198,0.224966026014366,150.36855036855,3,1.0029010428994e-84
3199,0.234672879052611,150.415522474346,3,9.86955023821341e-93
3200,0.241157056882159,150.462494580142,3,2.86858381643216e-98
3201,0.244224422442244,150.509466685937,3,6.11506158285776e-101
3202,0.247058823529412,150.556438791733,3,1.9423671277212e-103
3203,0.24872840225199,150.603410897529,3,6.36124089858333e-105
3204,0.250592118035333,150.650383003324,3,1.36284871903124e-106
3205,0.251485148514851,150.69735510912,3,2.13953406811392e-107
3206,0.249699087555814,150.744327214915,3,8.62492880508913e-106
3207,0.245622209279752,150.791299320711,3,3.61440004047961e-102
3208,0.242981945253349,150.838271426507,3,7.45520996311474e-100
3209,0.239293341098816,150.885243532302,3,1.15979039289547e-96
3210,0.23739079790332,150.932215638098,3,4.91819258852845e-95
3211,0.23440108716754,150.979187743894,3,1.67145537181937e-92
3212,0.232847990681421,151.026159849689,3,3.35302899697293e-91
3213,0.231721995728985,151.073131955485,3,2.91227398603698e-90
3214,0.231954960201903,151.120104061281,3,1.86368188393933e-90
3215,0.232343234323432,151.167076167076,3,8.84786544972853e-91
3216,0.233003300330033,151.214048272872,3,2.4865186815247e-91
3217,0.232692681032809,151.261020378667,3,4.52060402977406e-91
3218,0.235798874005048,151.307992484463,3,1.10562777650631e-93
3219,0.239254513686663,151.354964590259,3,1.25233696949202e-96
3220,0.242710153368278,151.401936696054,3,1.28618841170036e-99
3221,0.245894001164822,151.44890880185,3,2.08153093922692e-102
3222,0.248223645894001,151.495880907646,3,1.79255585615699e-104
3223,0.252261696757911,151.542853013441,3,4.25387986554104e-108
3224,0.256610366919045,151.589825119237,3,4.57960233610756e-112
3225,0.259794214715589,151.636797225033,3,5.16888950033326e-115
3226,0.265307707241312,151.683769330828,3,3.34811845685719e-120
3227,0.270976509415647,151.730741436624,3,1.19797739753599e-125
3228,0.273539118617744,151.777713542419,3,3.7956971941624e-128
3229,0.27218015919239,151.824685648215,3,8.08125354336525e-127
3230,0.268569209862163,151.871657754011,3,2.54154727445426e-123
3231,0.264919433119783,151.918629859806,3,7.82888026862597e-120
3232,0.262201514269074,151.965601965602,3,2.89151611498572e-117
3233,0.25459134148709,152.012574071398,3,3.24637343942255e-110
3234,0.247641234711706,152.059546177193,3,5.90884645803463e-104
3235,0.238633275092215,152.106518282989,3,4.27029644053016e-96
3236,0.229935934769948,152.153490388785,3,8.79069618340371e-89
3237,0.223490584352553,152.20046249458,3,1.54370349029306e-83
3238,0.217433508056688,152.247434600376,3,9.54433061244145e-79
3239,0.21067753834207,152.294406706171,3,1.4612621827291e-73
3240,0.204620462046205,152.341378811967,3,4.66226970770674e-69
3241,0.199262279169093,152.388350917763,3,3.44166209143015e-65
3242,0.188429431178412,152.435323023558,2,1.03967996423038e-57
3243,0.17367501456028,152.482295129354,2,2.83683840824138e-48
3244,0.160201902543195,152.52926723515,2,2.00799582764993e-40
3245,0.148786643370219,152.576239340945,2,2.45079444273845e-34
3246,0.138846825859056,152.623211446741,2,1.89072621782432e-29
3247,0.130964861192002,152.670183552537,2,7.64330825351661e-26
3248,0.125684333139196,152.717155658332,2,1.47109068538495e-23
3249,0.117685886235682,152.764127764128,2,2.67393424904782e-20
3250,0.115395068918657,152.811099869923,2,2.07149449284397e-19
3251,0.108173170258202,152.858071975719,2,9.77429702744284e-17
3252,0.0976897689768977,152.905044081515,2,3.33177217557399e-13
3253,0.0898466317219957,152.95201618731,2,7.86585712535174e-11
3254,0.0844496214327315,152.998988293106,2,2.48091034473019e-09
3255,0.0792855756163852,153.045960398902,2,5.32662106672433e-08
3256,0.0768006212385944,153.092932504697,2,2.14623627720289e-07
3257,0.077615996893807,153.139904610493,2,1.36660121122987e-07
3258,0.081459910696952,153.186876716289,2,1.50616610123213e-08
3259,0.0863521646282275,153.233848822084,2,7.56325165317018e-10
3260,0.0945059211803533,153.28082092788,2,3.26468412003846e-12
3261,0.109765094156474,153.327793033675,2,2.61546108839876e-17
3262,0.127936323044069,153.374765139471,2,1.60818283808374e-24
3263,0.152358765288294,153.421737245267,2,3.46399914150535e-36
3264,0.173092603377985,153.468709351062,2,6.41622029585397e-48
3265,0.190370801786061,153.515681456858,2,5.13263682762233e-59
3266,0.203106192972238,153.562653562654,3,5.92789931869836e-68
3267,0.21941370607649,153.609625668449,3,2.68001760459243e-80
3268,0.228344010871675,153.656597774245,3,1.79184899987348e-87
3269,0.231877305377597,153.70356988004,3,2.16278606639038e-90
3270,0.237546107551932,153.750541985836,3,3.62608601746651e-95
3271,0.245156280333916,153.797514091632,3,9.2952510139044e-102
3272,0.250242671325956,153.844486197427,3,2.8076235433465e-106
3273,0.256222092797515,153.891458303223,3,1.04189553069217e-111
3274,0.261153174140944,153.938430409019,3,2.78268443305131e-116
3275,0.270665890118424,153.985402514814,3,2.39776777652384e-125
3276,0.276684139002136,154.03237462061,3,3.02399188298433e-131
3277,0.278353717724714,154.079346726406,3,6.62910119427847e-133
3278,0.281265773636187,154.126318832201,3,8.02008912510896e-136
3279,0.285459134148709,154.173290937997,3,4.47648337197525e-140
3280,0.287633469229276,154.220263043792,3,2.637666498805e-142
3281,0.287633469229276,154.267235149588,3,2.637666498805e-142
3282,0.285808580858086,154.314207255384,3,1.96657398037097e-140
3283,0.284799068142108,154.361179361179,3,2.1111906871476e-139
3284,0.286662783925451,154.408151466975,3,2.62230137908689e-141
3285,0.28833236264803,154.455123572771,3,5.02338007537549e-143
3286,0.288837119006018,154.502095678566,3,1.51274811513534e-143
3287,0.288448844884488,154.549067784362,3,3.80883196015291e-143
3288,0.288021743350806,154.596039890158,3,1.05028577753784e-142
3289,0.289147738303242,154.643011995953,3,7.22046107937922e-144
3290,0.288448844884488,154.689984101749,3,3.80883196015291e-143
3291,0.287982915938653,154.736956207544,3,1.151655456903e-142
3292,0.286002717918851,154.78392831334,3,1.24470249503774e-140
3293,0.283750728013978,154.830900419136,3,2.46150180453768e-138
3294,0.281615220345564,154.877872524931,3,3.56535693069083e-136
3295,0.279712677150068,154.924844630727,3,2.90916948499427e-134
3296,0.277538342069501,154.971816736523,3,4.29486762240359e-132
3297,0.271714230246554,155.018788842318,3,2.29806298634462e-126
3298,0.265967773247913,155.065760948114,3,7.87870113254118e-121
3299,0.257891671520093,155.11273305391,3,3.01276797028708e-113
3300,0.250980392156863,155.159705159705,3,6.09779886742831e-107
3301,0.244496214327315,155.206677265501,3,3.53260433087044e-101
3302,0.237817899437003,155.253649371296,3,2.12612164655575e-95
3303,0.230867792661619,155.300621477092,3,1.49069119366358e-89
3304,0.226014366142497,155.347593582888,3,1.42185493842168e-85
3305,0.221044457386915,155.394565688683,3,1.37903315411756e-81
3306,0.222714036109493,155.441537794479,3,6.46084721092582e-83
3307,0.22605319355465,155.488509900275,3,1.3223810990428e-85
3308,0.229392350999806,155.53548200607,3,2.46671620115366e-88
3309,0.231605513492526,155.582454111866,3,3.63989993595067e-90
3310,0.235216462822753,155.629426217662,3,3.4348682924409e-93
3311,0.242593671131819,155.676398323457,3,1.62453526605305e-99
3312,0.250397980974568,155.723370429253,3,2.0365026877245e-106
3313,0.253853620656183,155.770342535048,3,1.52749044048453e-109
3314,0.260337798485731,155.817314640844,3,1.60918160405773e-115
3315,0.267249077848961,155.86428674664,3,4.70267950166593e-122
3316,0.272102504368084,155.911258852435,3,9.62008608302822e-127
3317,0.273694428266356,155.958230958231,3,2.67353075575508e-128
3318,0.275014560279557,156.005203064027,3,1.34867170129845e-129
3319,0.280217433508057,156.052175169822,3,9.0747015472357e-135
3320,0.285925063094545,156.099147275618,3,1.49464945458609e-140
3321,0.286934575810522,156.146119381414,3,1.37951641135041e-141
3322,0.291399728208115,156.193091487209,3,3.30909959183988e-146
3323,0.295398951659872,156.240063593005,3,2.1003020665837e-150
3324,0.297417977091827,156.2870356988,3,1.51994950026452e-152
3325,0.298349834983498,156.334007804596,3,1.5455835899158e-153
3326,0.299009900990099,156.380979910392,3,3.04828820090096e-154
3327,0.2996699669967,156.427952016187,3,5.99082897814505e-155
3328,0.300640652300524,156.474924121983,3,5.44039268275073e-156
3329,0.294001164822365,156.521896227779,3,6.24793230615901e-149
3330,0.29341875364007,156.568868333574,3,2.556514157166e-148
3331,0.29524364201126,156.61584043937,3,3.06434876900105e-150
3332,0.296059017666473,156.662812545166,3,4.20819293612295e-151
3333,0.292448068336245,156.709784650961,3,2.65981357595273e-147
3334,0.290623179965055,156.756756756757,3,2.12924372038411e-145
3335,0.290545525140749,156.803728862552,3,2.56424985159737e-145
3336,0.28899242865463,156.850700968348,3,1.04522110162663e-143
3337,0.28938070277616,156.897673074144,3,4.14420375548918e-144
3338,0.289963113958455,156.944645179939,3,1.03227852673506e-144
3339,0.291632692681033,156.991617285735,3,1.89121892800062e-146
3340,0.292681032809163,157.038589391531,3,1.51713625578786e-147
3341,0.292603377984857,157.085561497326,3,1.82945328517468e-147
3342,0.29303047951854,157.132533603122,3,6.5302064851271e-148
3343,0.291555037856727,157.179505708918,3,2.27904210476106e-146
3344,0.288138225587265,157.226477814713,3,7.96581901383351e-143
3345,0.288565327120947,157.273449920509,3,2.88761903014411e-143
3346,0.28573092603378,157.320422026304,3,2.36119083344408e-140
3347,0.281731702582023,157.3673941321,3,2.72050108811011e-136
3348,0.276373519704912,157.414366237896,3,6.14007935580022e-131
3349,0.269734032226752,157.461338343691,3,1.91357727838937e-124
3350,0.262085032032615,157.508310449487,3,3.72028887508202e-117
3351,0.25381479324403,157.555282555283,3,1.65700647939475e-109
3352,0.248883711900602,157.602254661078,3,4.62295989245815e-105
3353,0.242671325956125,157.649226766874,3,1.39033076077237e-99
3354,0.237041351193943,157.696198872669,3,9.75703029222609e-95
3355,0.230984274898078,157.743170978465,3,1.19354529262811e-89
3356,0.227722772277228,157.790143084261,3,5.77781426094235e-87
3357,0.225548437196661,157.837115190056,3,3.39167343456585e-85
3358,0.222092797515046,157.884087295852,3,2.02344880809093e-82
3359,0.219064259367113,157.931059401648,3,5.04654619679932e-80
3360,0.216656959813628,157.978031507443,3,3.83965952657756e-78
3361,0.213007183071248,158.025003613239,3,2.48825507752971e-75
3362,0.215841584158416,158.071975719035,3,1.64695037086321e-77
3363,0.21941370607649,158.11894782483,3,2.68001760459243e-80
3364,0.223179965055329,158.165919930626,3,2.73852625311592e-83
3365,0.227645117452922,158.212892036421,3,6.68687991138933e-87
3366,0.231100757134537,158.259864142217,3,9.55523571212618e-90
3367,0.233158609978645,158.306836248013,3,1.84357043300421e-91
3368,0.233236264802951,158.353808353808,3,1.58730849048581e-91
3369,0.241157056882159,158.400780459604,3,2.86858381643216e-98
3370,0.242904290429043,158.4477525654,3,8.71277643862401e-100
3371,0.246010483401281,158.494724671195,3,1.64283565869383e-102
3372,0.251718112987769,158.541696776991,3,1.31850818727775e-107
3373,0.25680450397981,158.588668882787,3,3.03479998752406e-112
3374,0.260143661424966,158.635640988582,3,2.44186606872828e-115
3375,0.265734808774995,158.682613094378,3,1.31340607813866e-120
3376,0.269889341875364,158.729585200173,3,1.35431081687212e-124
3377,0.272257814016696,158.776557305969,3,6.78824169490067e-127
3378,0.274820423218792,158.823529411765,3,2.09436415306109e-129
3379,0.27660648417783,158.87050151756,3,3.61002961092161e-131
3380,0.276800621238594,158.917473623356,3,2.31817198959173e-131
3381,0.27765482430596,158.964445729152,3,3.28976597428292e-132
3382,0.281421083284799,159.011417834947,3,5.594404735007e-136
3383,0.284022519899049,159.058389940743,3,1.30324570363603e-138
3384,0.283284799068142,159.105362046539,3,7.31201356642718e-138
3385,0.28169287516987,159.152334152334,3,2.9771832914566e-136
3386,0.280993981751116,159.19930625813,3,1.50563421077558e-135
3387,0.279557367501456,159.246278363925,3,4.16161276180718e-134
3388,0.277926616191031,159.293250469721,3,1.7652857810703e-132
3389,0.275907590759076,159.340222575517,3,1.77389525108657e-130
3390,0.275480489225393,159.387194681312,3,4.6839824734316e-130
3391,0.27582993593477,159.434166787108,3,2.11663558836137e-130
3392,0.274781595806639,159.481138892904,3,2.28699640973389e-129
3393,0.273383808969132,159.528110998699,3,5.3878203337032e-128
3394,0.278159580663949,159.575083104495,3,1.03485564019722e-132
3395,0.280644535041739,159.622055210291,3,3.38090198271138e-135
3396,0.276917103475053,159.669027316086,3,1.77689998686957e-131
3397,0.271636575422248,159.715999421882,3,2.73485867425911e-126
3398,0.267249077848961,159.762971527677,3,4.70267950166593e-122
3399,0.263599301106581,159.809943633473,3,1.39310792183193e-118
3400,0.260726072607261,159.856915739269,3,6.98188933033397e-116
3401,0.253892448068336,159.903887845064,3,1.40808045589331e-109
3402,0.255096097845079,159.95085995086,3,1.12228940411265e-110
3403,0.256493884682586,159.997832056656,3,5.86114613485578e-112
3404,0.25719277810134,160.044804162451,3,1.33148335992979e-112
3405,0.256688021743351,160.091776268247,3,3.88476407513139e-112
3406,0.256688021743351,160.138748374043,3,3.88476407513139e-112
3407,0.25719277810134,160.185720479838,3,1.33148335992979e-112
3408,0.258823529411765,160.232692585634,3,4.12850006447753e-114
3409,0.258008153756552,160.279664691429,3,2.35091267238351e-113
3410,0.257309260337798,160.326636797225,3,1.03966572598479e-112
3411,0.258046981168705,160.373608903021,3,2.16429338818925e-113
3412,0.257736361871481,160.420581008816,3,4.19305112630363e-113
3413,0.254746651135702,160.467553114612,3,2.34184308603561e-110
3414,0.251174529217628,160.514525220408,3,4.07695483679976e-107
3415,0.253271209473889,160.561497326203,3,5.17136203253252e-109
3416,0.25824111822947,160.608469431999,3,1.43098325896661e-113
3417,0.256998641040575,160.655441537795,3,2.01047832759974e-112
3418,0.257542224810716,160.70241364359,3,6.33674305460878e-113
3419,0.258357600465929,160.749385749386,3,1.11625084543998e-113
3420,0.260104834012813,160.796357855181,3,2.65417316536477e-115
3421,0.261580275674626,160.843329960977,3,1.10741934547242e-116
3422,0.260570762958649,160.890302066773,3,9.75190728207219e-116
3423,0.257115123277034,160.937274172568,3,1.57013560082178e-112
3424,0.252844107940206,160.984246278364,3,1.26251361912531e-108
3425,0.245389244806834,161.03121838416,3,5.79755532787801e-102
3426,0.242904290429043,161.078190489955,3,8.71277643862401e-100
3427,0.236691904484566,161.125162595751,3,1.93372216502779e-94
3428,0.228576975344593,161.172134701546,3,1.15416941615614e-87
3429,0.22450009706853,161.219106807342,3,2.3825890133442e-84
3430,0.222636381285187,161.266078913138,3,7.45317892080035e-83
3431,0.218986604542807,161.313051018933,3,5.80781578078153e-80
3432,0.215298000388274,161.360023124729,3,4.33422930036744e-77
3433,0.211298776936517,161.406995230525,3,4.95466398604616e-74
3434,0.206406523005242,161.45396733632,3,2.26412904880356e-70
3435,0.199339933993399,161.500939442116,3,3.03036222451155e-65
3436,0.192545136866628,161.547911547912,3,1.69540929470526e-60
3437,0.186255096097845,161.594883653707,2,2.90023862235665e-56
3438,0.178567268491555,161.641855759503,2,2.63844317232602e-51
3439,0.170918268297418,161.688827865298,2,1.31349845541658e-46
3440,0.166336633663366,161.735799971094,2,6.58876752775042e-44
3441,0.160473694428266,161.78277207689,2,1.41770634370857e-40
3442,0.160201902543195,161.829744182685,2,2.00799582764993e-40
3443,0.157716948165405,161.876716288481,2,4.69212112337329e-39
3444,0.156474470976509,161.923688394277,2,2.22083782613586e-38
3445,0.157251019219569,161.970660500072,2,8.41905663360813e-39
3446,0.157833430401864,162.017632605868,2,4.0528608157167e-39
3447,0.154144826247331,162.064604711664,2,3.94488684332971e-37
3448,0.149174917491749,162.111576817459,2,1.55115256553275e-34
3449,0.142651912250049,162.158548923255,2,2.82232557856362e-31
3450,0.135701805474665,162.20552102905,2,5.54749677712178e-28
3451,0.122811104639876,162.252493134846,2,2.32438462491777e-22
3452,0.110269850514463,162.299465240642,2,1.71404850526106e-17
3453,0.10110658124636,162.346437346437,2,2.61006323561773e-14
3454,0.0888759464181712,162.393409452233,2,1.49069194003994e-10
3455,0.0768006212385944,162.440381558029,2,2.14623627720289e-07
3456,0.0701611337604349,162.487353663824,2,6.84083657182896e-06
3457,0.0655406717142303,162.53432576962,2,6.077640979173e-05
3458,0.0669772859638905,162.581297875416,2,3.14318697534044e-05
3459,0.0691516210444574,162.628269981211,2,1.11998885528097e-05
3460,0.0735779460298971,162.675242087007,2,1.2080130257164e-06
3461,0.0860415453310037,162.722214192802,2,9.20164146346289e-10
3462,0.110502814987381,162.769186298598,2,1.40927632382579e-17
3463,0.138691516210445,162.816158404394,2,2.23863143138982e-29
3464,0.157406328868181,162.863130510189,2,6.9299047643385e-39
3465,0.174956319161328,162.910102615985,2,4.65831491386128e-49
3466,0.185323238206174,162.957074721781,2,1.19169533970575e-55
3467,0.198213939040963,163.004046827576,3,1.90846010710608e-64
3468,0.209396233741021,163.051018933372,3,1.34574471588478e-72
3469,0.218326538536207,163.097991039168,3,1.91328386539724e-79
3470,0.226092020966803,163.144963144963,3,1.22985107893352e-85
3471,0.235643564356436,163.191935250759,3,1.4962623546117e-93
3472,0.243370219374879,163.238907356554,3,3.41708032386313e-100
3473,0.251446321102698,163.28587946235,3,2.31920932351091e-107
3474,0.257309260337798,163.332851568146,3,1.03966572598479e-112
3475,0.267404387497573,163.379823673941,3,3.33868788875687e-122
3476,0.2762182100563,163.426795779737,3,8.74668437147449e-131
3477,0.283323626480295,163.473767885533,3,6.67825599991426e-138
3478,0.287672296641429,163.520739991328,3,2.40576104742922e-142
3479,0.289885459134149,163.567712097124,3,1.24265816608784e-144
3480,0.290972626674432,163.61468420292,3,9.21840346557399e-146
3481,0.297534459328286,163.661656308715,3,1.14262600298265e-152
3482,0.29889341875364,163.708628414511,3,4.06055680281236e-154
3483,0.300601824888371,163.755600520306,3,5.9891910125498e-156
3484,0.303280916326927,163.802572626102,3,7.67372588492548e-159
3485,0.306348281887012,163.849544731898,3,3.48689145702766e-162
3486,0.307784896136672,163.896516837693,3,9.2371637825521e-164
3487,0.310075713453698,163.943488943489,3,2.72885204265611e-166
3488,0.313337216074549,163.990461049285,3,6.34824054289562e-170
3489,0.31322073383809,164.03743315508,3,8.57158476401648e-170
3490,0.315278586682198,164.084405260876,3,4.18929812929042e-172
3491,0.316404581634634,164.131377366672,3,2.24567780659114e-173
3492,0.317608231411376,164.178349472467,3,9.7265827786847e-175
3493,0.319161327897496,164.225321578263,3,1.66412324943242e-176
3494,0.322228693457581,164.272293684058,3,5.0902675498544e-180
3495,0.323587652882935,164.319265789854,3,1.37739960444879e-181
3496,0.324131236653077,164.36623789565,3,3.23709458418019e-182
3497,0.327082119976704,164.413210001445,3,1.19623202765292e-185
3498,0.325296059017666,164.460182107241,3,1.4420323791246e-183
3499,0.321685109687439,164.507154213037,3,2.14773834175826e-179
3500,0.318501261890895,164.554126318832,3,9.39954158515608e-176
3501,0.317375266938459,164.601098424628,3,1.78747989687736e-174
3502,0.315899825276645,164.648070530423,3,8.34770972703296e-173
3503,0.313958454668996,164.695042636219,3,1.27742903425936e-170
3504,0.310929916521064,164.742014742015,3,3.07624001619162e-167
3505,0.309998058629392,164.78898684781,3,3.32682990609654e-166
3506,0.31543389633081,164.835958953606,3,2.79979057116225e-172
3507,0.317025820229082,164.882931059402,3,4.44941496751121e-174
3508,0.315822170452339,164.929903165197,3,1.02144176370059e-172
3509,0.316637546107552,164.976875270993,3,1.22423704219798e-173
3510,0.316171617161716,165.023847376789,3,4.11753856133143e-173
3511,0.311162880993982,165.070819482584,3,1.69449093792205e-167
3512,0.307202484954378,165.11779158838,3,4.03365341664605e-163
3513,0.302349058435255,165.164763694175,3,7.83267624873985e-158
3514,0.299592312172394,165.211735799971,3,7.25591607957894e-155
3515,0.297883906037663,165.258707905767,3,4.85112660636583e-153
3516,0.298039215686275,165.305680011562,3,3.31393572532548e-153
3517,0.29668025626092,165.352652117358,3,9.23803711278882e-152
3518,0.294738885653271,165.399624223154,3,1.04456587772602e-149
3519,0.292836342457775,165.446596328949,3,1.04319983917624e-147
3520,0.292681032809163,165.493568434745,3,1.51713625578803e-147
3521,0.292098621626869,165.540540540541,3,6.16926415544849e-147
3522,0.293069306930693,165.587512646336,3,5.94597246658679e-148
3523,0.295593088720637,165.634484752132,3,1.30945910979019e-150
3524,0.298854591341487,165.681456857927,3,4.46770859781253e-154
3525,0.301028926422054,165.728428963723,3,2.07950198355232e-156
3526,0.303086779266162,165.775401069519,3,1.24579515772693e-158
3527,0.30735779460299,165.822373175314,3,2.72336658251562e-163
3528,0.312405358182877,165.86934528111,3,6.9915751875925e-169
3529,0.314074936905455,165.916317386906,3,9.4542220192174e-171
3530,0.315666860803727,165.963289492701,3,1.5291224625889e-172
3531,0.318384779654436,166.010261598497,3,1.27537749225133e-175
3532,0.321335662978063,166.057233704293,3,5.41214494335708e-179
3533,0.324247718889536,166.104205810088,3,2.37276022599076e-182
3534,0.324480683362454,166.151177915884,3,1.27440207808921e-182
3535,0.326344399145797,166.198150021679,3,8.68555171858268e-185
3536,0.328285769753446,166.245122127475,3,4.665577845357e-187
3537,0.327858668219763,166.292094233271,3,1.4771699394394e-186
3538,0.328246942341293,166.339066339066,3,5.1812494834291e-187
3539,0.32925645505727,166.386038444862,3,3.38015725470087e-188
3540,0.332129683556591,166.433010550658,3,1.36451451767863e-191
3541,0.336594835954184,166.479982656453,3,6.34079883825193e-197
3542,0.338769171034751,166.526954762249,3,1.51168355114846e-199
3543,0.339002135507668,166.573926868045,3,7.89684212485224e-200
3544,0.340477577169482,166.62089897384,3,1.27902599163752e-201
3545,0.337953795379538,166.667871079636,3,1.4620198382037e-198
3546,0.335546495826053,166.714843185431,3,1.14974433634073e-195
3547,0.333799262279169,166.761815291227,3,1.4102540985639e-193
3548,0.332440302853815,166.808787397023,3,5.83851044936507e-192
3549,0.331974373907979,166.855759502818,3,2.08538964562827e-191
3550,0.330304795185401,166.902731608614,3,1.96791549343569e-189
3551,0.324635993011066,166.94970371441,3,8.41849854031757e-183
3552,0.32013201320132,166.996675820205,3,1.29604503111741e-177
3553,0.317452921762765,167.043647926001,3,1.45938154206998e-174
3554,0.311589982527665,167.090620031797,3,5.67209849116203e-168
3555,0.306464764123471,167.137592137592,3,2.59927669063503e-162
3556,0.300795961949136,167.184564243388,3,3.70361247541847e-156
3557,0.294661230828965,167.231536349183,3,1.26123036885782e-149
3558,0.290778489613667,167.278508454979,3,1.46788439447695e-145
3559,0.287827606290041,167.325480560775,3,1.66467677696586e-142
3560,0.283284799068142,167.37245266657,3,7.31201356642718e-138
3561,0.279984469035139,167.419424772366,3,1.55400664237825e-134
3562,0.280372743156669,167.466396878162,3,6.33839574057571e-135
3563,0.280295088332363,167.513368983957,3,7.58431652201846e-135
3564,0.279440885264997,167.560341089753,3,5.44283920994478e-134
3565,0.280955154338963,167.607313195548,3,1.64731047638791e-135
3566,0.284333139196273,167.654285301344,3,6.29623759561041e-139
3567,0.28899242865463,167.70125740714,3,1.04522110162663e-143
3568,0.29159386526888,167.748229512935,3,2.0761069731391e-146
3569,0.294350611531741,167.795201618731,3,2.67927150613155e-149
3570,0.299592312172394,167.842173724527,3,7.25591607957894e-155
3571,0.304096291982139,167.889145830322,3,9.99327963109397e-160
3572,0.306853038245001,167.936117936118,3,9.75485866363437e-163
3573,0.308367307318967,167.983090041914,3,2.10952004208273e-164
3574,0.308716754028344,168.030062147709,3,8.68554290602322e-165
3575,0.311628809939818,168.077034253505,3,5.13455942418137e-168
3576,0.315200931857892,168.1240063593,3,5.12409521132205e-172
3577,0.319238982721802,168.170978465096,3,1.35713449803567e-176
3578,0.316754028344011,168.217950570892,3,9.03759044409957e-174
3579,0.314890312560668,168.264922676687,3,1.14632556839341e-171
3580,0.31504562220928,168.311894782483,3,7.66487655133219e-172
3581,0.316249271986022,168.358866888279,3,3.36430658017914e-173
3582,0.316404581634634,168.405838994074,3,2.24567780659114e-173
3583,0.316598718695399,168.45281109987,3,1.35454202779535e-173
3584,0.316792855756164,168.499783205666,3,8.16778665372304e-174
3585,0.318423607066589,168.546755311461,3,1.152037774433e-175
3586,0.318773053775966,168.593727417257,3,4.6097633130653e-176
3587,0.320636769559309,168.640699523052,3,3.42648492031543e-178
3588,0.324597165598913,168.687671628848,3,9.33814508279611e-183
3589,0.327586876334692,168.734643734644,3,3.07332778669394e-186
3590,0.32743156668608,168.781615840439,3,4.66989686155599e-186
3591,0.32560667831489,168.828587946235,3,6.27837822486059e-184
3592,0.323820617355853,168.875560052031,3,7.40726140620135e-182
3593,0.317336439526306,168.922532157826,3,1.97819606668069e-174
3594,0.311551155115512,168.969504263622,3,6.26583603072578e-168
3595,0.305261114346729,169.016476369418,3,5.38190557968947e-161
3596,0.301339545719278,169.063448475213,3,9.62588519186303e-157
3597,0.29850514463211,169.110420581009,3,1.05521131696766e-153
3598,0.295748398369249,169.157392686804,3,8.97107864381711e-151
3599,0.293185789167152,169.2043647926,3,4.48827059454234e-148
3600,0.292020966802563,169.251336898396,3,7.43654318845647e-147
3601,0.290972626674432,169.298309004191,3,9.21840346557399e-146
3602,0.287633469229276,169.345281109987,3,2.637666498805e-142
3603,0.284604931081343,169.392253215783,3,3.32928425262355e-139
3604,0.283323626480295,169.439225321578,3,6.67825599991426e-138
3605,0.283401281304601,169.486197427374,3,5.57056588860636e-138
3606,0.283595418365366,169.53316953317,3,3.53913571353555e-138
3607,0.284177829547661,169.580141638965,3,9.05933032855255e-139
3608,0.285925063094545,169.627113744761,3,1.49464945458609e-140
3609,0.287051058046981,169.674085850556,3,1.04735746354197e-141
3610,0.287322849932052,169.721057956352,3,5.50513886852898e-142
3611,0.288293535235877,169.768030062148,3,5.50875573883052e-143
3612,0.289303047951854,169.815002167943,3,4.98697173963351e-144
3613,0.288642981945253,169.861974273739,3,2.40074180474435e-143
3614,0.286585129101145,169.908946379535,3,3.15018856977188e-141
3615,0.286313337216075,169.95591848533,3,5.98354354499222e-141
3616,0.286895748398369,170.002890591126,3,1.51214551902248e-141
3617,0.280489225393128,170.049862696922,3,4.84210228179221e-135
3618,0.281964667054941,170.096834802717,3,1.58342541088773e-136
3619,0.283323626480295,170.143806908513,3,6.67825599991426e-138
3620,0.284488448844885,170.190779014308,3,4.37503306983018e-139
3621,0.286002717918851,170.237751120104,3,1.24470249503774e-140
3622,0.287284022519899,170.2847232259,3,6.03514880813333e-142
3623,0.288798291593865,170.331695331695,3,1.65917801930206e-143
3624,0.290623179965055,170.378667437491,3,2.12924372038411e-145
3625,0.291438555620268,170.425639543287,3,3.01459111816416e-146
3626,0.293535235876529,170.472611649082,3,1.92912883477059e-148
3627,0.295709570957096,170.519583754878,3,9.86085187806146e-151
3628,0.298776936517181,170.566555860674,3,5.4083828509264e-154
3629,0.303436225975539,170.613527966469,3,5.20665112234881e-159
3630,0.304406911279363,170.660500072265,3,4.59024573819992e-160
3631,0.303669190448457,170.70747217806,3,2.90889182736894e-159
3632,0.304406911279363,170.754444283856,3,4.59024573819992e-160
3633,0.302776159968938,170.801416389652,3,2.7031819534223e-158
3634,0.304135119394292,170.848388495447,3,9.06760520318381e-160
3635,0.305416423995341,170.895360601243,3,3.64255002481864e-161
3636,0.305843525529023,170.942332707039,3,1.24382288280137e-161
3637,0.306270627062706,170.989304812834,3,4.24100864387326e-162
3638,0.305688215880412,171.03627691863,3,1.83874997043009e-161
3639,0.304251601630751,171.083249024426,3,6.77352047297807e-160
3640,0.302698505144632,171.130221130221,3,3.28041944749244e-158
3641,0.303902154921375,171.177193236017,3,1.62444725921922e-159
3642,0.303280916326927,171.224165341812,3,7.67372588492548e-159
3643,0.302698505144632,171.271137447608,3,3.28041944749244e-158
3644,0.304445738691516,171.318109553404,3,4.16464549564568e-160
3645,0.305765870704718,171.365081659199,3,1.51234623189459e-161
3646,0.305571733643953,171.412053764995,3,2.46484739996584e-161
3647,0.303785672684916,171.459025870791,3,2.17390456847603e-159
3648,0.302077266550184,171.505997976586,3,1.54027447604236e-157
3649,0.29928169287517,171.552970082382,3,1.56063529985606e-154
3650,0.297922733449816,171.599942188177,3,4.41037919617891e-153
3651,0.295515433896331,171.646914293973,3,1.58191728838196e-150
3652,0.292913997282081,171.693886399769,3,8.64982204893396e-148
3653,0.289264220539701,171.740858505564,3,5.47049797945691e-144
3654,0.285808580858086,171.78783061136,3,1.96657398037097e-140
3655,0.281925839642788,171.834802717156,3,1.73295016356236e-136
3656,0.277926616191031,171.881774822951,3,1.7652857810703e-132
3657,0.269928169287517,171.928746928747,3,1.24214750795616e-124
3658,0.266744321490973,171.975719034543,3,1.429750008851e-121
3659,0.265773636187148,172.022691140338,3,1.20620620415997e-120
3660,0.266589011842361,172.069663246134,3,2.01218928867251e-121
3661,0.266394874781596,172.116635351929,3,3.08361632659346e-121
3662,0.266356047369443,172.163607457725,3,3.3583249537191e-121
3663,0.269889341875364,172.210579563521,3,1.35431081687212e-124
3664,0.273577946029897,172.257551669316,3,3.47734609761656e-128
3665,0.278780819258396,172.304523775112,3,2.4857245459727e-133
3666,0.278664337021937,172.351495880908,3,3.24861963534741e-133
3667,0.280023296447292,172.398467986703,3,1.42078827935088e-134
3668,0.281032809163269,172.445440092499,3,1.37612596335418e-135
3669,0.281498738109105,172.492412198295,3,4.67207098347923e-136
3670,0.282624733061541,172.53938430409,3,3.40865457963636e-137
3671,0.288099398175112,172.586356409886,3,8.73496998646042e-143
3672,0.293845855173753,172.633328515681,3,9.09974932840896e-149
3673,0.296369636963696,172.680300621477,3,1.97245600870507e-151
3674,0.300990099009901,172.727272727273,3,2.28955088615744e-156
3675,0.305649388468259,172.774244833068,3,2.02745134331023e-161
3676,0.309376820034945,172.821216938864,3,1.62057914240356e-165
3677,0.312483013007183,172.86818904466,3,5.72618312174564e-169
3678,0.313298388662396,172.915161150455,3,7.01661978352582e-170
3679,0.315317414094351,172.962133256251,3,3.7878722367701e-172
3680,0.319238982721802,173.009105362047,3,1.35713449803567e-176
3681,0.320481459910697,173.056077467842,3,5.16084259514862e-178
3682,0.32129683556591,173.103049573638,3,5.99710161064458e-179
3683,0.320442632498544,173.150021679433,3,5.7170925733464e-178
3684,0.32013201320132,173.196993785229,3,1.29604503111741e-177
3685,0.319821393904096,173.243965891025,3,2.93578075846142e-177
3686,0.3179188507086,173.29093799682,3,4.31804768332097e-175
3687,0.317258784702,173.337910102616,3,2.42275606127497e-174
3688,0.317297612114153,173.384882208412,3,2.18923395208449e-174
3689,0.313104251601631,173.431854314207,3,1.15723351063629e-169
3690,0.31061929722384,173.478826420003,3,6.80817173692446e-167
3691,0.308677926616191,173.525798525799,3,9.58603393954098e-165
3692,0.308095515433896,173.572770631594,3,4.2036967434075e-164
3693,0.308639099204038,173.61974273739,3,1.05797557654676e-164
3694,0.30696952048146,173.666714843185,3,7.26821849611324e-163
3695,0.304717530576587,173.713686948981,3,2.10680404790063e-160
3696,0.302737332556785,173.760659054777,3,2.97786483775652e-158
3697,0.303630363036304,173.807631160572,3,3.20537852543925e-159
3698,0.303203261502621,173.854603266368,3,9.31533212750244e-159
3699,0.299514657348088,173.901575372164,3,8.78772314160724e-155
3700,0.294350611531741,173.948547477959,3,2.67927150613155e-149
3701,0.289924286546302,173.995519583755,3,1.1326009860162e-144
3702,0.286196854979616,174.042491689551,3,7.87568542809288e-141
3703,0.279712677150068,174.089463795346,3,2.90916948499427e-134
3704,0.272801397786837,174.136435901142,3,2.00038403270693e-127
3705,0.267520869734032,174.183408006937,3,2.58192093140613e-122
3706,0.260881382255873,174.230380112733,3,4.99771335558889e-116
3707,0.253892448068336,174.277352218529,3,1.40808045589331e-109
3708,0.248145991069695,174.324324324324,3,2.10190346268459e-104
3709,0.239836924868957,174.37129643012,3,3.953958833525e-97
3710,0.229237041351194,174.418268535916,3,3.31094041504754e-88
3711,0.220306736556009,174.465240641711,3,5.29295875790088e-81
3712,0.216191030867793,174.512212747507,3,8.82992133596611e-78
3713,0.215453310036886,174.559184853303,3,3.28819026249848e-77
3714,0.215103863327509,174.606156959098,3,6.11970430179535e-77
3715,0.21393904096292,174.653129064894,3,4.81635742555926e-76
3716,0.213589594253543,174.700101170689,3,8.92353106775295e-76
3717,0.215569792273345,174.747073276485,3,2.67259011988579e-77
3718,0.220656183265385,174.794045382281,3,2.80063002821261e-81
3719,0.225198990487284,174.841017488076,3,6.50231152855308e-85
3720,0.227839254513687,174.887989593872,3,4.64015925377911e-87
3721,0.231838477965444,174.934961699668,3,2.32984131156008e-90
3722,0.236031838477965,174.981933805463,3,7.02019500673358e-94
3723,0.240807610172782,175.028905911259,3,5.75264305601763e-98
3724,0.243991457969326,175.075878017055,3,9.78260086421559e-101
3725,0.248223645894001,175.12285012285,3,1.79255585615699e-104
3726,0.253271209473889,175.169822228646,3,5.17136203253252e-109
3727,0.257386915162104,175.216794334441,3,8.81534114650163e-113
3728,0.259328285769753,175.263766440237,3,1.40268925242313e-114
3729,0.258357600465929,175.310738546033,3,1.11625084543998e-113
3730,0.259638905066977,175.357710651828,3,7.21113613807399e-115
3731,0.261386138613861,175.404682757624,3,1.68375539209091e-116
3732,0.261308483789555,175.45165486342,3,1.99080429833264e-116
3733,0.257736361871481,175.498626969215,3,4.19305112630363e-113
3734,0.253620656183265,175.545599075011,3,2.48870179423571e-109
3735,0.252688798291594,175.592571180806,3,1.74595500221074e-108
3736,0.2534265191225,175.639543286602,3,3.7367013115314e-109
3737,0.25536788973015,175.686515392398,3,6.32912128499589e-111
3738,0.256222092797515,175.733487498193,3,1.04189553069217e-111
3739,0.258279945641623,175.780459603989,3,1.31729270221046e-113
3740,0.262046204620462,175.827431709785,3,4.04622214368223e-117
3741,0.265851291011454,175.87440381558,3,1.01730389595086e-120
3742,0.2710153368278,175.921375921376,3,1.09838589497489e-125
3743,0.276140555231994,175.968348027172,3,1.0438699303367e-130
3744,0.278392545136867,176.015320132967,3,6.0639236537342e-133
3745,0.282547078237236,176.062292238763,3,4.0844613021806e-137
3746,0.283245971655989,176.109264344558,3,8.00581619858003e-138
3747,0.28456610366919,176.156236450354,3,3.6466968610678e-139
3748,0.284449621432732,176.20320855615,3,4.79197154296359e-139
3749,0.284721413317802,176.250180661945,3,2.53321892519019e-139
3750,0.286623956513298,176.297152767741,3,2.87416850953862e-141
3751,0.290040768782761,176.344124873537,3,8.5747390292877e-145
3752,0.292952824694234,176.391096979332,3,7.87624203448198e-148
3753,0.288953601242477,176.438069085128,3,1.14645161527091e-143
3754,0.288720636769559,176.485041190924,3,1.9958588240835e-143
3755,0.288642981945253,176.532013296719,3,2.40074180474435e-143
3756,0.287051058046981,176.578985402515,3,1.04735746354197e-141
3757,0.281848184818482,176.62595750831,3,2.07561644374372e-136
3758,0.277732479130266,176.672929614106,3,2.75390308411267e-132
3759,0.275364006988934,176.719901719902,3,6.10252503243545e-130
3760,0.274548631333722,176.766873825697,3,3.87644725956927e-129
3761,0.271597748010095,176.813845931493,3,2.98341325523227e-126
3762,0.269073966220151,176.860818037289,3,8.29739449002934e-124
3763,0.268452727625704,176.907790143084,3,3.28973430957927e-123
3764,0.269423412929528,176.95476224888,3,3.81809491809467e-124
3765,0.270083478936129,177.001734354676,3,8.78899937010056e-125
3766,0.271287128712871,177.048706460471,3,5.98068210046316e-126
3767,0.271364783537177,177.095678566267,3,5.02658707894573e-126
3768,0.26919044845661,177.142650672062,3,6.40655374059755e-124
3769,0.268219763152786,177.189622777858,3,5.50988897948968e-123
3770,0.260531935546496,177.236594883654,3,1.06012098250462e-115
3771,0.250203843913803,177.283566989449,3,3.04220878363944e-106
3772,0.237468452727626,177.330539095245,3,4.22311171944901e-95
3773,0.219297223840031,177.377511201041,3,3.30983345732206e-80
3774,0.19557367501456,177.424483306836,3,1.36572515076558e-62
3775,0.166608425548437,177.471455412632,2,4.58108600482737e-44
3776,0.143467287905261,177.518427518428,2,1.12742772890371e-31
3777,0.1296447291788,177.565399624223,2,2.91252303571552e-25
3778,0.121374490390216,177.612371730019,2,8.9940934507952e-22
3779,0.115783343040186,177.659343835814,2,1.46883726182048e-19
3780,0.117841195884294,177.70631594161,2,2.32356753583866e-20
3781,0.125024267132596,177.753288047406,2,2.79105132465782e-23
3782,0.138652688798292,177.800260153201,2,2.33510642573283e-29
3783,0.158415841584158,177.847232258997,2,1.94499998948237e-39
3784,0.173636187148127,177.894204364793,2,2.99575921213834e-48
3785,0.191263832265579,177.941176470588,3,1.27146867058583e-59
3786,0.201125994952436,177.988148576384,3,1.59878506792953e-66
3787,0.213628421665696,178.03512068218,3,8.33300242264233e-76
3788,0.224305960007765,178.082092787975,3,3.41504651879812e-84
3789,0.23440108716754,178.129064893771,3,1.67145537181937e-92
3790,0.244573869151621,178.176036999566,3,3.01966990816649e-101
3791,0.25641622985828,178.223009105362,3,6.90863854838607e-112
3792,0.266084255484372,178.269981211158,3,6.10113702620229e-121
3793,0.269229275868763,178.316953316953,3,5.87725827312547e-124
3794,0.271054164239953,178.363925422749,3,1.00706143922871e-125
3795,0.27361677344205,178.410897528545,3,3.18565671868965e-128
3796,0.274587458745875,178.45786963434,3,3.55019656810317e-129
3797,0.274354494272957,178.504841740136,3,6.01536188067672e-129
3798,0.274742768394487,178.551813845932,3,2.49731582135798e-129
3799,0.276917103475053,178.598785951727,3,1.77689998686957e-131
3800,0.278897301494855,178.645758057523,3,1.90177633958543e-133
3801,0.28246942341293,178.692730163318,3,4.89401596872593e-137
3802,0.288371190060182,178.739702269114,3,4.58071489896076e-143
3803,0.292176276451175,178.78667437491,3,5.11769534009871e-147
3804,0.292370413511939,178.833646480705,3,3.20689200821906e-147
3805,0.294661230828965,178.880618586501,3,1.26123036885782e-149
3806,0.298155697922733,178.927590692297,3,2.48980025734043e-153
3807,0.300407687827606,178.974562798092,3,9.682292125356e-156
3808,0.301456027955737,179.021534903888,3,7.20955815540787e-157
3809,0.305377596583188,179.068507009684,3,4.01602238685589e-161
3810,0.308872063676956,179.115479115479,3,5.85296430157942e-165
3811,0.311473500291206,179.162451221275,3,7.64598780386495e-168
3812,0.313725490196078,179.20942332707,3,2.33139093738264e-170
3813,0.314812657736362,179.256395432866,3,1.40177223438945e-171
3814,0.313259561250243,179.303367538662,3,7.75527484218938e-170
3815,0.313376043486702,179.350339644457,3,5.74345847797131e-170
3816,0.314890312560668,179.397311750253,3,1.14632556839341e-171
3817,0.313298388662396,179.444283856049,3,7.01661978352582e-170
3818,0.311357018054747,179.491255961844,3,1.03056547940003e-167
3819,0.306115317414094,179.53822806764,3,6.27287886960886e-162
3820,0.30331974373908,179.585200173435,3,6.96469801915081e-159
3821,0.303125606678315,179.632172279231,3,1.1307567267918e-158
3822,0.299592312172394,179.679144385027,3,7.25591607957894e-155
3823,0.294661230828965,179.726116490822,3,1.26123036885782e-149
3824,0.293923509998059,179.773088596618,3,7.5403841747689e-149
3825,0.290196078431373,179.820060702414,3,5.91568928294499e-145
3826,0.291477383032421,179.867032808209,3,2.74626026215386e-146
3827,0.291438555620268,179.914004914005,3,3.01459111816416e-146
3828,0.291865657153951,179.960977019801,3,1.08039603754722e-146
3829,0.294505921180353,180.007949125596,3,1.83843372658813e-149
3830,0.295282469423413,180.054921231392,3,2.78825208991633e-150
3831,0.295476606484178,180.101893337187,3,1.73868831742073e-150
3832,0.297107357794603,180.148865442983,3,3.2513421748207e-152
3833,0.29784507862551,180.195837548779,3,5.33585457737288e-153
3834,0.296913220733838,180.242809654574,3,5.22740692699347e-152
3835,0.296835565909532,180.28978176037,3,6.32031389489189e-152
3836,0.296913220733838,180.336753866166,3,5.22740692699347e-152
3837,0.295942535430014,180.383725971961,3,5.59005764750723e-151
3838,0.294816540477577,180.430698077757,3,8.65079552164867e-150
3839,0.295515433896331,180.477670183553,3,1.58191728838196e-150
3840,0.297340322267521,180.524642289348,3,1.83831254762467e-152
3841,0.299475829935935,180.571614395144,3,9.67075693873364e-155
3842,0.299475829935935,180.618586500939,3,9.67075693873364e-155
3843,0.302504368083867,180.665558606735,3,5.32073671080025e-158
3844,0.305727043292565,180.712530712531,3,1.66759125185881e-161
3845,0.30735779460299,180.759502818326,3,2.72336658251562e-163
3846,0.308561444379732,180.806474924122,3,1.28864432196255e-164
3847,0.309376820034945,180.853447029918,3,1.62057914240356e-165
3848,0.309493302271404,180.900419135713,3,1.20459603295708e-165
3849,0.309959231217239,180.947391241509,3,3.67322836562144e-166
3850,0.312327703358571,180.994363347305,3,8.53617993211319e-169
3851,0.315006794797127,181.0413354531,3,8.47644701713579e-172
3852,0.315395068918657,181.088307558896,3,3.09661677060996e-172
3853,0.315084449621433,181.135279664691,3,6.93092429237306e-172
3854,0.318850708600272,181.182251770487,3,3.76030129024025e-176
3855,0.324403028538148,181.229223876283,3,1.56787094686469e-182
3856,0.327237429625315,181.276195982078,3,7.87607424488764e-186
3857,0.327897495631916,181.323168087874,3,1.33031648932286e-186
3858,0.326965637740245,181.37014019367,3,1.6363960604806e-185
3859,0.326422053970103,181.417112299465,3,7.05112998410134e-185
3860,0.325917297612114,181.464084405261,3,2.73135151675216e-184
3861,0.324131236653077,181.511056511057,3,3.23709458418019e-182
3862,0.322034556396816,181.558028616852,3,8.51453610339765e-180
3863,0.318268297417977,181.605000722648,3,1.7303057833794e-175
3864,0.315511551155116,181.651972828443,3,2.28868354558249e-172
3865,0.314036109493302,181.698944934239,3,1.04520492182183e-170
3866,0.307590759075908,181.745917040035,3,1.51028206481408e-163
3867,0.300795961949136,181.79288914583,3,3.70361247541847e-156
3868,0.296874393321685,181.839861251626,3,5.74797842554457e-152
3869,0.294933022714036,181.886833357422,3,6.51923456851996e-150
3870,0.291555037856727,181.933805463217,3,2.27904210476106e-146
3871,0.286546301688992,181.980777569013,3,3.45267402158783e-141
3872,0.282430596000777,182.027749674809,3,5.35701338931264e-137
3873,0.280411570568822,182.074721780604,3,5.79432502828103e-135
3874,0.273733255678509,182.1216938864,3,2.44917792660924e-128
3875,0.270704717530577,182.168665992195,3,2.19864883244016e-125
3876,0.27256843331392,182.215638097991,3,3.37799853355784e-127
3877,0.273810910502815,182.262610203787,3,2.05529769914458e-128
3878,0.272024849543778,182.309582309582,3,1.14513838782353e-126
3879,0.270432925645506,182.356554415378,3,4.03276805816199e-125
3880,0.269889341875364,182.403526521174,3,1.35431081687212e-124
3881,0.275907590759076,182.450498626969,3,1.77389525108657e-130
3882,0.279829159386527,182.497470732765,3,2.2237906363859e-134
3883,0.286662783925451,182.544442838561,3,2.62230137908689e-141
3884,0.291826829741798,182.591414944356,3,1.18610381475343e-146
3885,0.29341875364007,182.638387050152,3,2.556514157166e-148
3886,0.296175499902931,182.685359155947,3,3.16757776646662e-151
3887,0.298660454280722,182.732331261743,3,7.20280299246157e-154
3888,0.298272180159192,182.779303367539,3,1.87041169804353e-153
3889,0.29629198213939,182.826275473334,3,2.38402724802522e-151
3890,0.296641428848767,182.87324757913,3,1.01572633283051e-151
3891,0.299165210638711,182.920219684926,3,2.07942068465183e-154
3892,0.299825276645312,182.967191790721,3,4.08331250854469e-155
3893,0.29706853038245,183.014163896517,3,3.57534543475867e-152
3894,0.293729372937294,183.061136002313,3,1.20626744917405e-148
3895,0.29081731702582,183.108108108108,3,1.33750441480488e-145
3896,0.287749951465735,183.155080213904,3,2.00125210978878e-142
3897,0.281615220345564,183.202052319699,3,3.56535693069083e-136
3898,0.278198408076102,183.249024425495,3,9.46684673651176e-133
3899,0.272607260726073,183.295996531291,3,3.09562514796646e-127
3900,0.268025626092021,183.342968637086,3,8.46542250189604e-123
3901,0.264802950883324,183.389940742882,3,1.00987074207043e-119
3902,0.261075519316638,183.436912848678,3,3.28965062285634e-116
3903,0.254241894777713,183.483884954473,3,6.76438932056669e-110
3904,0.248534265191225,183.530857060269,3,9.47761177482949e-105
3905,0.244457386915162,183.577829166064,3,3.82080379460568e-101
3906,0.237623762376238,183.62480127186,3,3.1133082846437e-95
3907,0.228149873810911,183.671773377656,3,2.58431384457635e-87
3908,0.223607066589012,183.718745483451,3,1.24484768091751e-83
3909,0.22306348281887,183.765717589247,3,3.39456380727061e-83
3910,0.222325761987963,183.812689695043,3,1.31926076428683e-82
3911,0.215802756746263,183.859661800838,3,1.76495304852145e-77
3912,0.210095127159775,183.906633906634,3,4.01584739913818e-73
3913,0.203222675208697,183.95360601243,3,4.87825301865518e-68
3914,0.201320132013201,184.000578118225,3,1.1592323431092e-66
3915,0.201281304601048,184.047550224021,3,1.23624905370258e-66
3916,0.203843913803145,184.094522329816,3,1.72185516460401e-68
3917,0.206134731120171,184.141494435612,3,3.59409899742228e-70
3918,0.208114929139973,184.188466541408,3,1.22194156565435e-71
3919,0.214055523199379,184.235438647203,3,3.92053733715584e-76
3920,0.218947777130654,184.282410752999,3,6.23037011625077e-80
3921,0.223684721413318,184.329382858795,3,1.07842616089972e-83
3922,0.226402640264026,184.37635496459,3,6.88055610828298e-86
3923,0.230673655600854,184.423327070386,3,2.15870869863816e-89
3924,0.236109493302271,184.470299176182,3,6.03327119162198e-94
3925,0.242593671131819,184.517271281977,3,1.62453526605305e-99
3926,0.248184818481848,184.564243387773,3,1.94108878522659e-104
3927,0.258085808580858,184.611215493568,3,1.99246385238801e-113
3928,0.269268103280916,184.658187599364,3,5.39162618576128e-124
3929,0.278353717724714,184.70515970516,3,6.62910119427847e-133
3930,0.28677926616191,184.752131810955,3,1.9914157607452e-141
3931,0.29563191613279,184.799103916751,3,1.19134644698081e-150
3932,0.29928169287517,184.846076022547,3,1.56063529985606e-154
3933,0.299708794408853,184.893048128342,3,5.44347586514754e-155
3934,0.302271403610949,184.940020234138,3,9.50271151346915e-158
3935,0.304950495049505,184.986992339934,3,1.17420078941543e-160
3936,0.306464764123471,185.033964445729,3,2.59927669063503e-162
3937,0.309881576392933,185.080936551525,3,4.47782020808457e-166
3938,0.308872063676956,185.12790865732,3,5.85296430157942e-165
3939,0.306891865657154,185.174880763116,3,8.84359046389729e-163
3940,0.306387109299165,185.221852868912,3,3.16165952461358e-162
3941,0.306425936711318,185.268824974707,3,2.86672781782952e-162
3942,0.303669190448457,185.315797080503,3,2.90889182736894e-159
3943,0.294738885653271,185.362769186299,3,1.04456587772602e-149
3944,0.285653271209474,185.409741292094,3,2.83485397565546e-140
3945,0.275208697340322,185.45671339789,3,8.68215966268478e-130
3946,0.264841778295477,185.503685503686,3,9.27717435702519e-120
3947,0.25094156474471,185.550657609481,3,6.60882940814473e-107
3948,0.239992234517569,185.597629715277,3,2.90610374337182e-97
3949,0.231217239370996,185.644601821072,3,7.64883327430098e-90
3950,0.221859833042128,185.691573926868,3,3.10210397008461e-82
3951,0.214676761793826,185.738546032664,3,1.30569451457536e-76
3952,0.210832847990681,185.785518138459,3,1.11541008641692e-73
3953,0.210366919044846,185.832490244255,3,2.50637047025671e-73
3954,0.21498738109105,185.879462350051,3,7.52583707768972e-77
3955,0.220772665501844,185.926434455846,3,2.26469203740813e-81
3956,0.224733061541448,185.973406561642,3,1.54615095990646e-84
3957,0.22632498543972,186.020378667438,3,7.95634252373246e-86
3958,0.225160163075131,186.067350773233,3,6.98950576202773e-85
3959,0.223412929528247,186.114322879029,3,1.78170163007838e-83
3960,0.221937487866434,186.161294984824,3,2.69044168875722e-82
3961,0.215220345563968,186.20826709062,3,4.97572067344257e-77
3962,0.213783731314308,186.255239196416,3,6.33584808587401e-76
3963,0.212269462240342,186.302211302211,3,9.08257390241992e-75
3964,0.211182294700058,186.349183408007,3,6.07009025777203e-74
3965,0.208813822558726,186.396155513803,3,3.67468751623541e-72
3966,0.206872451951077,186.443127619598,3,1.02379813717172e-70
3967,0.204853426519123,186.490099725394,3,3.14724847260334e-69
3968,0.204581634634052,186.53707183119,3,4.97762027086894e-69
3969,0.203960396039604,186.584043936985,3,1.41590093023657e-68
3970,0.202135507668414,186.631016042781,3,2.99358182234562e-67
3971,0.201397786837507,186.677988148576,3,1.01925343517094e-66
3972,0.200698893418754,186.724960254372,3,3.23924709223137e-66
3973,0.198330421277422,186.771932360168,3,1.5784678616286e-64
3974,0.194175888177053,186.818904465963,3,1.27717909330461e-61
3975,0.191225004853427,186.865876571759,3,1.35120297717464e-59
3976,0.190914385556203,186.912848677555,2,2.19697687877726e-59
3977,0.187730537759658,186.95982078335,2,3.04503512576846e-57
3978,0.181984080761017,187.006792889146,2,1.76505821160597e-53
3979,0.18058629392351,187.053764994941,2,1.38693867662175e-52
3980,0.183692486895748,187.100737100737,2,1.38618087274875e-54
3981,0.187031644340905,187.147709206533,2,8.87845941879799e-57
3982,0.192545136866628,187.194681312328,3,1.69540929470526e-60
3983,0.203688604154533,187.241653418124,3,2.23460781303139e-68
3984,0.214793244030285,187.28862552392,3,1.06206426339851e-76
3985,0.225315472723743,187.335597629715,3,5.23478625446749e-85
3986,0.2351776354106,187.382569735511,3,3.70413722445764e-93
3987,0.250436808386721,187.429541841307,3,1.879352233722e-106
3988,0.263948747815958,187.476513947102,3,6.51064814472541e-119
3989,0.273422636381285,187.523486052898,3,4.93617639814126e-128
3990,0.282974179770918,187.570458158693,3,1.50951569623862e-137
3991,0.295670743544943,187.617430264489,3,1.08387426626659e-150
3992,0.3055329062318,187.664402370285,3,2.71770223862059e-161
3993,0.311279363230441,187.71137447608,3,1.25741026961599e-167
3994,0.318074160357212,187.758346581876,3,2.87622681931213e-175
3995,0.322655794991264,187.805318687672,3,1.63963027824408e-180
3996,0.326926810328092,187.852290793467,3,1.81649992426441e-185
3997,0.331974373907979,187.899262899263,3,2.08538964562827e-191
3998,0.333954571927781,187.946235005059,3,9.20613078950583e-194
3999,0.336206561832654,187.993207110854,3,1.85651236060561e-196
4000,0.341642399534071,188.04017921665,3,4.87234733771134e-203
4001,0.340166957872258,188.087151322445,3,3.05135346327246e-201
4002,0.339506891865657,188.134123428241,3,1.93094032854394e-200
4003,0.338730343622598,188.181095534037,3,1.68439206420952e-199
4004,0.338846825859057,188.228067639832,3,1.21753108006678e-199
4005,0.338885653271209,188.275039745628,3,1.09265114154732e-199
4006,0.334265191225005,188.322011851424,3,3.92083225621089e-194
4007,0.33003300330033,188.368983957219,3,4.11669922071172e-189
4008,0.328324597165599,188.415956063015,3,4.2011773649284e-187
4009,0.325101921956902,188.462928168811,3,2.42385092650179e-183
4010,0.323937099592312,188.509900274606,3,5.43105742530771e-182
4011,0.320248495437779,188.556872380402,3,9.53604451121054e-178
4012,0.315317414094351,188.603844486197,3,3.7878722367701e-172
4013,0.311667637351971,188.650816591993,3,4.64790549370428e-168
4014,0.305377596583188,188.697788697789,3,4.01602238685589e-161
4015,0.296214327315084,188.744760803584,3,2.88133594515193e-151
4016,0.287982915938653,188.79173290938,3,1.151655456903e-142
4017,0.27505338769171,188.838705015176,3,1.23498348960442e-129
4018,0.266627839254514,188.885677120971,3,1.84745816038488e-121
4019,0.25680450397981,188.932649226767,3,3.03479998752406e-112
4020,0.249932052028732,188.979621332563,3,5.33323442949185e-106
4021,0.242787808192584,189.026593438358,3,1.10068094594672e-99
4022,0.22853814793244,189.073565544154,3,1.24200052340906e-87
4023,0.20990099009901,189.120537649949,3,5.62141048847283e-73
4024,0.196660842554844,189.167509755745,3,2.37112292112377e-63
4025,0.171811298776937,189.214481861541,2,3.82148563226872e-47
4026,0.157173364395263,189.261453967336,2,9.27888540459488e-39
4027,0.137953795379538,189.308426073132,2,4.97914922593343e-29
4028,0.122151038633275,189.355398178928,2,4.33786339681617e-22
4029,0.111240535818288,189.402370284723,2,7.55784614162559e-18
4030,0.103086779266162,189.449342390519,2,5.69633084970219e-15
4031,0.0992816928751699,189.496314496315,2,1.02996421190904e-13
4032,0.0982721801591924,189.54328660211,2,2.17393883004464e-13
4033,0.0928363424577752,189.590258707906,2,1.04325595209274e-11
4034,0.0973791496796738,189.637230813701,2,4.17878025444547e-13
4035,0.105610561056106,189.684202919497,2,7.79340374751791e-16
4036,0.112871287128713,189.731175025293,2,1.87487442779334e-18
4037,0.120015530964861,189.778147131088,2,3.18184070749065e-21
4038,0.130382450009707,189.825119236884,2,1.38170068096578e-25
4039,0.145719277810134,189.87209134268,2,8.67204021231333e-33
4040,0.158493496408464,189.919063448475,2,1.76321783339532e-39
4041,0.173131430790138,189.966035554271,2,6.07704258506511e-48
4042,0.191380314502038,190.013007660067,3,1.05931502116313e-59
4043,0.210561056105611,190.059979765862,3,1.78911916586036e-73
4044,0.222481071636575,190.106951871658,3,9.91699156366232e-83
4045,0.230634828188701,190.153923977453,3,2.32455094335483e-89
4046,0.235915356241507,190.200896083249,3,8.81055545813425e-94
4047,0.239138031450204,190.247868189045,3,1.57657294773216e-96
4048,0.240535818287711,190.29484029484,3,9.87669150122581e-98
4049,0.245699864104057,190.341812400636,3,3.08738335821883e-102
4050,0.251912250048534,190.388784506432,3,8.8052014269868e-108
4051,0.257736361871481,190.435756612227,3,4.19305112630363e-113
4052,0.263599301106581,190.482728718023,3,1.39310792183193e-118
4053,0.271558920597942,190.529700823819,3,3.25451770309217e-126
4054,0.278237235488255,190.576672929614,3,8.66015413010601e-133
4055,0.28390603766259,190.62364503541,3,1.71166322145523e-138
4056,0.289419530188313,190.670617141205,3,3.77776768687388e-144
4057,0.292448068336245,190.717589247001,3,2.65981357595273e-147
4058,0.294544748592506,190.764561352797,3,1.67317951991732e-149
4059,0.295670743544943,190.811533458592,3,1.08387426626659e-150
4060,0.295709570957096,190.858505564388,3,9.86085187806146e-151
4061,0.296214327315084,190.905477670184,3,2.88133594515193e-151
4062,0.295981362842167,190.952449775979,3,5.08527808325155e-151
4063,0.295010677538342,190.999421881775,3,5.39838445274133e-150
4064,0.294816540477577,191.04639398757,3,8.65079552164867e-150
4065,0.290739662201514,191.093366093366,3,1.61095416145879e-145
4066,0.285226169675791,191.140338199162,3,7.74193738179365e-140
4067,0.277538342069501,191.187310304957,3,4.29486762240359e-132
4068,0.266821976315279,191.234282410753,3,1.20510227289961e-121
4069,0.253115899825277,191.281254516549,3,7.15543903132455e-109
4070,0.239487478159581,191.328226622344,3,7.89933455024562e-97
4071,0.223645894001165,191.37519872814,3,1.15866009432195e-83
4072,0.209202096680256,191.422170833936,3,1.8815819418583e-72
4073,0.201591923898272,191.469142939731,3,7.38686729841814e-67
4074,0.198718695398952,191.516115045527,3,8.37591255647442e-65
4075,0.196194913609008,191.563087151322,3,5.02814319616376e-63
4076,0.197515045622209,191.610059257118,3,5.94652653011613e-64
4077,0.202562609202097,191.657031362914,3,1.46955801472038e-67
4078,0.210599883517764,191.704003468709,3,1.67240395645242e-73
4079,0.218714812657736,191.750975574505,3,9.4930124706704e-80
4080,0.224344787419918,191.797947680301,3,3.17788409065343e-84
4081,0.229431178411959,191.844919786096,3,2.29164626398404e-88
4082,0.232032615026209,191.891891891892,3,1.60586257386334e-90
4083,0.23882741215298,191.938863997688,3,2.9115580550148e-96
4084,0.24795185400893,191.985836103483,3,3.12874031064114e-104
4085,0.256144437973209,192.032808209279,3,1.22789043045013e-111
4086,0.260570762958649,192.079780315074,3,9.75190728207219e-116
4087,0.266472529605902,192.12675242087,3,2.59967857849204e-121
4088,0.273034362259755,192.173724526666,3,1.18406739930561e-127
4089,0.274859250630945,192.220696632461,3,1.91793377816609e-129
4090,0.2768782760629,192.267668738257,3,1.94161226928535e-131
4091,0.278198408076102,192.314640844053,3,9.46684673651176e-133
4092,0.278974956319161,192.361612949848,3,1.59075721310324e-133
4093,0.280062123859445,192.408585055644,3,1.29897430809652e-134
4094,0.280139778683751,192.45555716144,3,1.08574304156721e-134
4095,0.275169869928169,192.502529267235,3,9.48187150167187e-130
4096,0.268646864686469,192.549501373031,3,2.13975103757326e-123
4097,0.267326732673267,192.596473478826,3,3.96251768810022e-122
4098,0.256260920209668,192.643445584622,3,9.59728683405444e-112
4099,0.242826635604737,192.690417690418,3,1.01819707222954e-99
4100,0.226557949912638,192.737389796213,3,5.14491644218462e-86
4101,0.215298000388274,192.784361902009,3,4.33422930036744e-77
4102,0.204581634634052,192.831334007805,3,4.97762027086894e-69
4103,0.187148126577364,192.8783061136,2,7.43045525291331e-57
4104,0.172626674432149,192.925278219396,2,1.22983787245355e-47
4105,0.159153562415065,192.972250325192,2,7.64058042707193e-40
4106,0.138186759852456,193.019222430987,2,3.87031502621677e-29
4107,0.111939429237041,193.066194536783,2,4.17017594411482e-18
4108,0.0884488448844885,193.113166642578,2,1.96983620178182e-10
4109,0.0676373519704912,193.160138748374,2,2.3078029652215e-05
4110,0.0542030673655601,193.20711085417,2,0.00588258557648113
4111,0.0510580469811687,193.254082959965,2,0.0170137765390252
4112,0.0532323820617356,193.301055065761,2,0.00824817652745547
4113,0.0568045039798097,193.348027171557,2,0.00227792000469478
4114,0.0715977480100951,193.394999277352,2,3.34063032204818e-06
4115,0.0943894389438944,193.441971383148,2,3.54308702377743e-12
4116,0.113259561250243,193.488943488944,2,1.34075377807212e-18
4117,0.125412541254125,193.535915594739,2,1.91585335891558e-23
4118,0.138963308095515,193.582887700535,2,1.66553080942216e-29
4119,0.158221704523394,193.62985980633,2,2.48513120975818e-39
4120,0.175072801397787,193.676831912126,2,3.94977031863119e-49
4121,0.186759852455834,193.723804017922,2,1.34445215054481e-56
4122,0.198485730926034,193.770776123717,3,1.22524876827374e-64
4123,0.215103863327509,193.817748229513,3,6.11970430179535e-77
4124,0.229664142884877,193.864720335309,3,1.4730044742765e-88
4125,0.24142884876723,193.911692441104,3,1.66848752341335e-98
4126,0.255989128324597,193.9586645469,3,1.70516593471037e-111
4127,0.271986022131625,194.005636652696,3,1.24936555201227e-126
4128,0.282896524946612,194.052608758491,3,1.80919261223355e-137
4129,0.287400504756358,194.099580864287,3,4.58050090550186e-142
4130,0.293146961754999,194.146552970082,3,4.92945552992471e-148
4131,0.298155697922733,194.193525075878,3,2.48980025734043e-153
4132,0.299514657348088,194.240497181674,3,8.78772314160724e-155
4133,0.299242865463017,194.287469287469,3,1.71732980454664e-154
4134,0.297922733449816,194.334441393265,3,4.41037919617891e-153
4135,0.292797515045622,194.381413499061,3,1.14561774103111e-147
4136,0.28755581440497,194.428385604856,3,3.17058043775614e-142
4137,0.282275286352165,194.475357710652,3,7.68951841721306e-137
4138,0.276567656765677,194.522329816447,3,3.94428134173284e-131
4139,0.261580275674626,194.569301922243,3,1.10741934547242e-116
4140,0.249039021549214,194.616274028039,3,3.35902340679839e-105
4141,0.238866239565133,194.663246133834,3,2.69676328633085e-96
4142,0.222092797515046,194.71021823963,3,2.02344880809093e-82
4143,0.205319355464958,194.757190345426,3,1.43212477225253e-69
4144,0.197748010095127,194.804162451221,3,4.07330539880789e-64
4145,0.187458745874587,194.851134557017,2,4.6191084253582e-57
4146,0.177751892836342,194.898106662813,2,8.57662046534279e-51
4147,0.167540283440109,194.945078768608,2,1.31088551337406e-44
4148,0.159930110658125,194.992050874404,2,2.84214377637159e-40
4149,0.145952242283052,195.039022980199,2,6.6338694399968e-33
4150,0.126072607260726,195.085995085995,2,1.00754725837993e-23
4151,0.109959231217239,195.132967191791,2,2.22369390961574e-17
4152,0.0974568045039798,195.179939297586,2,3.94902544256526e-13
4153,0.0877887788778878,195.226911403382,2,3.02098708017838e-10
4154,0.0767617938264415,195.273883509178,2,2.19255422868841e-07
4155,0.0570762958648806,195.320855614973,2,0.00205569234662567
4156,0.0366919044845661,195.367827720769,2,0.440152147822179
4157,0.0239176858862357,195.414799826565,1,0.839575964886219
4158,0.0166181324014754,195.46177193236,1,0.891422836666986
4159,0.0139390409629198,195.508744038156,1,0.896148588199709
4160,0.0140166957872258,195.555716143951,1,0.896095480390941
4161,0.0130460104834013,195.602688249747,1,0.896410425581007
4162,0.0124247718889536,195.649660355543,1,0.896214882340206
4163,0.0125024267132596,195.696632461338,1,0.896256297820034
4164,0.0120753251795768,195.743604567134,1,0.895968257178002
4165,0.009706853038245,195.79057667293,1,0.89162524435318
4166,0.0073772083090662,195.837548778725,1,0.882380268219831
4167,0.00636769559308872,195.884520884521,1,0.87659957712586
4168,0.00745486313337216,195.931492990317,1,0.882777342406577
4169,0.0085420306736556,195.978465096112,1,0.887671011174734
4170,0.0112987769365172,196.025437201908,1,0.895064132028472
4171,0.0138225587264609,196.072409307703,1,0.896219120149449
4172,0.0159968938070278,196.119381413499,1,0.893063716283883
4173,0.0227140361094933,196.166353519295,1,0.85333715777599
4174,0.0356435643564356,196.21332562509,2,0.492030957340074
4175,0.0508250825082508,196.260297730886,2,0.0183344625223858
4176,0.0598718695398952,196.307269836682,2,0.000688542642510666
4177,0.0812657736361871,196.354241942477,2,1.68878501421908e-08
4178,0.0969520481459911,196.401214048273,2,5.69800329003613e-13
4179,0.119549602019025,196.448186154069,2,4.8888735309418e-21
4180,0.139662201514269,196.495158259864,2,7.76259900883236e-30
4181,0.155037856726849,196.54213036566,2,1.31696447776114e-37
4182,0.168316831683168,196.589102471455,2,4.59263109274611e-45
4183,0.181285187342264,196.636074577251,2,4.95898403069886e-53
4184,0.190176664725296,196.683046683047,2,6.94495577512976e-59
4185,0.200582411182295,196.730018788842,3,3.92604614294687e-66
4186,0.209629198213939,196.776990894638,3,8.99712763937002e-73
4187,0.221005629974762,196.823963000434,3,1.48036069376538e-81
4188,0.228965249466123,196.870935106229,3,5.5392224683947e-88
4189,0.23478936128907,196.917907212025,3,7.87336621127374e-93
4190,0.240108716754028,196.964879317821,3,2.3065559855813e-97
4191,0.242554843719666,197.011851423616,3,1.75600850988131e-99
4192,0.242826635604737,197.058823529412,3,1.01819707222954e-99
4193,0.245428072218987,197.105795635207,3,5.35866761279288e-102
4194,0.238245000970685,197.152767741003,3,9.17741288517427e-96
4195,0.233546884100175,197.199739846799,3,8.71870148211969e-92
4196,0.229198213939041,197.246711952594,3,3.56365660121026e-88
4197,0.220384391380315,197.29368405839,3,4.5952092485432e-81
4198,0.207454863133372,197.340656164186,3,3.78621071603989e-71
4199,0.188118811881188,197.387628269981,2,1.67709951943773e-57
4200,0.168666278392545,197.434600375777,2,2.85952206035e-45
4201,0.148553678897302,197.481572481572,2,3.22268158242824e-34
4202,0.132479130265968,197.528544587368,2,1.61701631049112e-26
4203,0.114851485148515,197.575516693164,2,3.34475836342402e-19
4204,0.101145408658513,197.622488798959,2,2.53414045357405e-14
4205,0.0891865657153951,197.669460904755,2,1.21598223439952e-10
4206,0.079635022325762,197.716433010551,2,4.35997226884243e-08
4207,0.0728402251989905,197.763405116346,2,1.77160675168151e-06
4208,0.0677926616191031,197.810377222142,2,2.14482199525189e-05
4209,0.0615414482624733,197.857349327938,2,0.000346770726570299
4210,0.054436031838478,197.904321433733,2,0.00541711034317841
4211,0.0540865851291011,197.951293539529,2,0.00612895157783986
4212,0.0636381285187342,197.998265645324,2,0.000141592083230896
4213,0.0719471947194719,198.04523775112,2,2.79859765827349e-06
4214,0.0761017278198408,198.092209856916,2,3.14573906609502e-07
4215,0.0863521646282275,198.139181962711,2,7.56325165317018e-10
4216,0.101223063482819,198.186154068507,2,2.38876267088969e-14
4217,0.116521063871093,198.233126174303,2,7.61589860676109e-20
4218,0.131120170840613,198.280098280098,2,6.52372185207323e-26
4219,0.151038633275092,198.327070385894,2,1.69419807121988e-35
4220,0.166375461075519,198.37404249169,2,6.25567787529394e-44
4221,0.175461075519317,198.421014597485,2,2.2767684251595e-49
4222,0.184585517375267,198.467986703281,2,3.62717764953547e-55
4223,0.196039603960396,198.514958809076,3,6.45710156444018e-63
4224,0.205824111822947,198.561930914872,3,6.08985440053438e-70
4225,0.214249660260144,198.608903020668,3,2.78149872373402e-76
4226,0.222248107163658,198.655875126463,3,1.5215040228431e-82
4227,0.230168899242865,198.702847232259,3,5.64490863044858e-89
4228,0.235371772471365,198.749819338055,3,2.539500458438e-93
4229,0.239565132983887,198.79679144385,3,6.77387738157801e-97
4230,0.246554067171423,198.843763549646,3,5.43597400848097e-103
4231,0.254358377014172,198.890735655442,3,5.29663202625737e-110
4232,0.2592894583576,198.937707761237,3,1.52425375216859e-114
4233,0.262473306154145,198.984679867033,3,1.60529163399853e-117
4234,0.267326732673267,199.031651972828,3,3.96251768810022e-122
4235,0.26996699669967,199.078624078624,3,1.13925959142812e-124
4236,0.267715006794797,199.12559618442,3,1.68182968805581e-122
4237,0.266744321490973,199.172568290215,3,1.42975000885116e-121
4238,0.266200737720831,199.219540396011,3,4.72410091501036e-121
4239,0.262589788390604,199.266512501807,3,1.24722140732746e-117
4240,0.258590564938847,199.313484607602,3,6.79004643576698e-114
4241,0.254319549602019,199.360456713398,3,5.74664968915869e-110
4242,0.248767229664143,199.407428819194,3,5.87346544300458e-105
4243,0.242283051834595,199.454400924989,3,3.02662736220715e-99
4244,0.238128518734226,199.501373030785,3,1.15423482025492e-95
4245,0.235216462822753,199.54834513658,3,3.4348682924409e-93
4246,0.232886818093574,199.595317242376,3,3.11160180841917e-91
4247,0.232498543972044,199.642289348172,3,6.56559152198308e-91
4248,0.233080955154339,199.689261453967,3,2.14109792542926e-91
4249,0.238089691322073,199.736233559763,3,1.2458757262787e-95
4250,0.242593671131819,199.783205665559,3,1.62453526605305e-99
4251,0.248456610366919,199.830177771354,3,1.11153818090865e-104
4252,0.254436031838478,199.87714987715,3,4.49939361686186e-110
4253,0.258085808580858,199.924121982946,3,1.99246385238801e-113
4254,0.261153174140944,199.971094088741,3,2.78268443305131e-116
4255,0.266394874781596,200.018066194537,3,3.08361632659346e-121
4256,0.273189671908367,200.065038300332,3,8.34537287732744e-128
4257,0.278625509609784,200.112010406128,3,3.55170500219053e-133
4258,0.283013007183071,200.158982511924,3,1.37881531533399e-137
4259,0.286235682391769,200.205954617719,3,7.18649329809747e-141
4260,0.287827606290041,200.252926723515,3,1.66467677696586e-142
4261,0.289108910891089,200.299898829311,3,7.92015515530773e-144
4262,0.289574839836925,200.346870935106,3,2.60830783395363e-144
4263,0.287206367695593,200.393843040902,3,7.25289674639624e-142
4264,0.282702387885847,200.440815146698,3,2.84452664315553e-137
4265,0.276412347117065,200.487787252493,3,5.62009122632065e-131
4266,0.272141331780237,200.534759358289,3,8.81721633810829e-127
4267,0.266860803727432,200.581731464084,3,1.10636351272148e-121
4268,0.262706270627063,200.62870356988,3,9.689143132004e-118
4269,0.259444768006212,200.675675675676,3,1.09305538302933e-114
4270,0.25785284410794,200.722647781471,3,3.27238791474219e-113
4271,0.258745874587459,200.769619887267,3,4.87349334027081e-114
4272,0.261075519316638,200.816591993063,3,3.28965062285634e-116
4273,0.258745874587459,200.863564098858,3,4.87349334027081e-114
4274,0.260803727431567,200.910536204654,3,5.90721501052222e-116
4275,0.263676955930887,200.957508310449,3,1.17654482239153e-118
4276,0.265890118423607,201.004480416245,3,9.34237555125356e-121
4277,0.267909143855562,201.051452522041,3,1.09518741980354e-122
4278,0.269151621044457,201.098424627836,3,6.98343132242968e-124
4279,0.268452727625704,201.145396733632,3,3.28973430957927e-123
4280,0.267909143855562,201.192368839428,3,1.09518741980354e-122
4281,0.267559697146185,201.239340945223,3,2.36985276734989e-122
4282,0.270238788584741,201.286313051019,3,6.21757212365209e-125
4283,0.273073189671908,201.333285156815,3,1.0849299729658e-127
4284,0.273927392739274,201.38025726261,3,1.57985261386434e-128
4285,0.275208697340322,201.427229368406,3,8.68215966268478e-130
4286,0.276645311589983,201.474201474201,3,3.30406317654902e-131
4287,0.277421859833042,201.521173579997,3,5.60643588710702e-132
4288,0.275985245583382,201.568145685793,3,1.48658123222085e-130
4289,0.276800621238594,201.615117791588,3,2.31817198959173e-131
4290,0.276140555231994,201.662089897384,3,1.0438699303367e-130
4291,0.276024072995535,201.70906200318,3,1.36085242637807e-130
4292,0.2762182100563,201.756034108975,3,8.74668437147449e-131
4293,0.276140555231994,201.803006214771,3,1.0438699303367e-130
4294,0.277732479130266,201.849978320567,3,2.75390308411235e-132
4295,0.278120753251796,201.896950426362,3,1.1312247436476e-132
4296,0.27660648417783,201.943922532158,3,3.61002961092161e-131
4297,0.280023296447292,201.990894637953,3,1.42078827935088e-134
4298,0.276373519704912,202.037866743749,3,6.14007935580022e-131
4299,0.274315666860804,202.084838849545,3,6.56767163797383e-129
4300,0.275402834401087,202.13181095534,3,5.58749011323637e-130
4301,0.276955930887206,202.178783061136,3,1.62614085213192e-131
4302,0.274354494272957,202.225755166932,3,6.01536188067672e-129
4303,0.268763346922928,202.272727272727,3,1.65280279387053e-123
4304,0.263871092991652,202.319699378523,3,7.71036335906836e-119
4305,0.26006600660066,202.366671484319,3,2.88490391876225e-115
4306,0.250281498738109,202.413643590114,3,2.59109539465835e-106
4307,0.24065230052417,202.46061569591,3,7.83500123563315e-98
4308,0.229508833236265,202.507587801705,3,1.97782608719541e-88
4309,0.21797709182683,202.554559907501,3,3.59124392669182e-79
4310,0.209745680450398,202.601532013297,3,7.35526496420316e-73
4311,0.192040380508639,202.648504119092,3,3.75627008872908e-60
4312,0.167540283440109,202.695476224888,2,1.31088551337406e-44
4313,0.139118617744127,202.742448330684,2,1.4061684161396e-29
4314,0.115822170452339,202.789420436479,2,1.41909497815293e-19
4315,0.087322849932052,202.836392542275,2,4.07624301360216e-10
4316,0.0700446515239759,202.883364648071,2,7.24450581928118e-06
4317,0.0642981945253349,202.930336753866,2,0.000105961670206592
4318,0.064142884876723,202.977308859662,2,0.000113479509970161
4319,0.0677926616191031,203.024280965457,2,2.14482199525189e-05
4320,0.0743933216851097,203.071253071253,2,7.86856087233147e-07
4321,0.0894195301883129,203.118225177049,2,1.043143618377e-10
4322,0.10370801786061,203.165197282844,2,3.50889586292364e-15
4323,0.121762764511745,203.21216938864,2,6.25030115532749e-22
4324,0.139312754804892,203.259141494436,2,1.13766253595874e-29
4325,0.15791108522617,203.306113600231,2,3.67558853252301e-39
4326,0.178101339545719,203.353085706027,2,5.17881243240131e-51
4327,0.200038827412153,203.400057811823,3,9.61579378085002e-66
4328,0.218054746651136,203.447029917618,3,3.12257934078411e-79
4329,0.233546884100175,203.494002023414,3,8.7187014821192e-92
4330,0.242399534071054,203.540974129209,3,2.39697192442524e-99
4331,0.251718112987769,203.587946235005,3,1.31850818727775e-107
4332,0.25785284410794,203.634918340801,3,3.27238791474219e-113
4333,0.26631721995729,203.681890446596,3,3.65746172096466e-121
4334,0.275325179576781,203.728862552392,3,6.66495268333871e-130
4335,0.28025626092021,203.775834658188,3,8.29615867105322e-135
4336,0.279751504562221,203.822806763983,3,2.66000598718654e-134
4337,0.283944865074743,203.869778869779,3,1.56300228223656e-138
4338,0.281110463987575,203.916750975575,3,1.14952844021924e-135
4339,0.278897301494855,203.96372308137,3,1.90177633958543e-133
4340,0.277693651718113,204.010695187166,3,3.00995136584856e-132
4341,0.275674626286158,204.057667292961,3,3.01313597974295e-130
4342,0.271442438361483,204.104639398757,3,4.22449198575482e-126
4343,0.261968549796156,204.151611504553,3,4.78607946845794e-117
4344,0.251096874393322,204.198583610348,3,4.78946242728452e-107
4345,0.237856726849156,204.245555716144,3,1.96990452945901e-95
4346,0.215996893807028,204.29252782194,3,1.24857431969318e-77
4347,0.191613278974956,204.339499927735,3,7.35026976352796e-60
4348,0.174024461269656,204.386472033531,2,1.73583951699244e-48
4349,0.160357212191807,204.433444139327,2,1.64593296651569e-40
4350,0.146107551931664,204.480416245122,2,5.54729026428768e-33
4351,0.131314307901378,204.527388350918,2,5.35037654724367e-26
4352,0.120364977674238,204.574360456713,2,2.30273360919589e-21
4353,0.0955154338963308,204.621332562509,2,1.5984123873719e-12
4354,0.0713259561250243,204.668304668305,2,3.83101076814548e-06
4355,0.0462822752863522,204.7152767741,2,0.0697742526011272
4356,0.0328091632692681,204.762248879896,1,0.618869960521434
4357,0.0256649194331198,204.809220985692,1,0.814424368381839
4358,0.0189477771306542,204.856193091487,1,0.882016122907787
4359,0.0143273150844496,204.903165197283,1,0.89583420624341
4360,0.0122306348281887,204.950137303078,1,0.896090059682256
4361,0.0089303047951854,204.997109408874,1,0.889131346799185
4362,0.00850320326150262,205.04408151467,1,0.887516906440677
4363,0.00838672102504368,205.091053620465,1,0.887045654775172
4364,0.00947388856532712,205.138025726261,1,0.890935457454404
4365,0.00993981751116288,205.184997832057,1,0.892266134319986
4366,0.0104445738691516,205.231969937852,1,0.893490334278157
4367,0.0108328479906814,205.278942043648,1,0.894282158402639
4368,0.0109493302271404,205.325914149444,1,0.894494726285036
4369,0.0067947971267715,205.372886255239,1,0.879188654856155
4370,0.00531935546495826,205.419858361035,1,0.869284654249363
4371,0.00403805086390992,205.46683046683,1,0.858286254271297
4372,0.00403805086390992,205.513802572626,1,0.858286254271297
4373,0.0034944670937682,205.560774678422,1,0.85285468103615
4374,0.00376625897883906,205.607746784217,1,0.855631112832279
4375,0.00376625897883906,205.654718890013,1,0.855631112832279
4376,0.00520287322849932,205.701690995809,1,0.868382563910154
4377,0.0128518734226364,205.748663101604,1,0.89638262375109
4378,0.0187924674820423,205.7956352074,1,0.882815579269535
4379,0.0316055134925257,205.842607313196,1,0.664441926583637
4380,0.0514074936905455,205.889579418991,2,0.0151930713992051
4381,0.0747039409823335,205.936551524787,2,6.67290336290416e-07
4382,0.101572510192196,205.983523630582,2,1.82992475273782e-14
4383,0.131935546495826,206.030495736378,2,2.83053100705327e-26
4384,0.156435643564356,206.077467842174,2,2.33086493592509e-38
4385,0.185595030091244,206.124439947969,2,7.89804030917763e-56
4386,0.201203649776742,206.171412053765,3,1.40591671067151e-66
4387,0.221044457386915,206.218384159561,3,1.37903315411756e-81
4388,0.236769559308872,206.265356265356,3,1.66117257586287e-94
4389,0.25055329062318,206.312328371152,3,1.47688194730955e-106
4390,0.261774412735391,206.359300476948,3,7.28135835939393e-117
4391,0.272607260726073,206.406272582743,3,3.09562514796646e-127
4392,0.280178606095904,206.453244688539,3,9.92618470757583e-135
4393,0.284527276257037,206.500216794334,3,3.99432272392196e-139
4394,0.287866433702194,206.54718890013,3,1.51822462634115e-142
4395,0.29303047951854,206.594161005926,3,6.5302064851271e-148
4396,0.29850514463211,206.641133111721,3,1.05521131696766e-153
4397,0.30254319549602,206.688105217517,3,4.83029775250051e-158
4398,0.305261114346729,206.735077323313,3,5.38190557968947e-161
4399,0.307318967190837,206.782049429108,3,3.00443068641794e-163
4400,0.308677926616191,206.829021534904,3,9.58603393954098e-165
4401,0.315317414094351,206.8759936407,3,3.7878722367701e-172
4402,0.314812657736362,206.922965746495,3,1.40177223438945e-171
4403,0.314463211026985,206.969937852291,3,3.46399020890565e-171
4404,0.314152591729761,207.016909958086,3,7.73496826639178e-171
4405,0.312948941953019,207.063882063882,3,1.72647265810355e-169
4406,0.309998058629392,207.110854169678,3,3.32682990609654e-166
4407,0.305494078819647,207.157826275473,3,2.99645940508742e-161
4408,0.302659677732479,207.204798381269,3,3.61366981481163e-158
4409,0.298776936517181,207.251770487065,3,5.4083828509264e-154
4410,0.294933022714036,207.29874259286,3,6.51923456851996e-150
4411,0.288448844884488,207.345714698656,3,3.80883196015291e-143
4412,0.280139778683751,207.392686804452,3,1.08574304156721e-134
4413,0.271908367307319,207.439658910247,3,1.48708819724123e-126
4414,0.26227916909338,207.486631016043,3,2.44417160979331e-117
4415,0.249310813434285,207.533603121838,3,1.91986278514276e-105
4416,0.240069889341875,207.580575227634,3,2.4912562643727e-97
4417,0.229780625121336,207.62754733343,3,1.18075313832098e-88
4418,0.224383614832071,207.674519439225,3,2.95715451823915e-84
4419,0.220151426907397,207.721491545021,3,7.0213223066733e-81
4420,0.221316249271986,207.768463650817,3,8.39210679314006e-82
4421,0.225354300135896,207.815435756612,3,4.86965771258363e-85
4422,0.225742574257426,207.862407862408,3,2.361529037431e-85
4423,0.22046204620462,207.909379968204,3,3.98923909835109e-81
4424,0.214210832847991,207.956352073999,3,2.97922540187167e-76
4425,0.206367695593089,208.003324179795,3,2.41873392314741e-70
4426,0.198835177635411,208.05029628559,3,6.9240051899651e-65
4427,0.194602989710736,208.097268391386,3,6.46252749900535e-62
4428,0.193709959231217,208.144240497182,3,2.68028621208991e-61
4429,0.192661619103087,208.191212602977,3,1.41060480215093e-60
4430,0.194331197825665,208.238184708773,3,9.97132509555175e-62
4431,0.196272568433314,208.285156814569,3,4.43667285693595e-63
4432,0.193981751116288,208.332128920364,3,1.73977268166398e-61
4433,0.193399339933993,208.37910102616,3,4.38861504252179e-61
4434,0.194952436420113,208.426073131956,3,3.69668681273598e-62
4435,0.196272568433314,208.473045237751,3,4.43667285693595e-63
4436,0.199145796932634,208.520017343547,3,4.16519292028585e-65
4437,0.203766258978839,208.566989449342,3,1.96159994057628e-68
4438,0.20912444185595,208.613961555138,3,2.15133374866966e-72
4439,0.212813046010483,208.660933660934,3,3.5000007088992e-75
4440,0.213007183071248,208.707905766729,3,2.48825507752971e-75
4441,0.217161716171617,208.754877872525,3,1.55449393177898e-78
4442,0.219724325373714,208.801849978321,3,1.52561804436444e-80
4443,0.223102310231023,208.848822084116,3,3.1600971102746e-83
4444,0.22632498543972,208.895794189912,3,7.95634252373201e-86
4445,0.228732284993205,208.942766295707,3,8.60610024431495e-88
4446,0.23009124441856,208.989738401503,3,6.54335844306052e-89
4447,0.230168899242865,209.036710507299,3,5.64490863044858e-89
4448,0.229159386526888,209.083682613094,3,3.83561409645732e-88
4449,0.22450009706853,209.13065471889,3,2.3825890133442e-84
4450,0.221976315278587,209.177626824686,3,2.50552633298554e-82
4451,0.219258396427878,209.224598930481,3,3.55100496925928e-80
4452,0.214055523199379,209.271571036277,3,3.92053733715584e-76
4453,0.209629198213939,209.318543142073,3,8.99712763937002e-73
4454,0.207221898660454,209.365515247868,3,5.63847876254115e-71
4455,0.206678314890313,209.412487353664,3,1.42538897780145e-70
4456,0.205552319937876,209.459459459459,3,9.65377850607018e-70
4457,0.207416035721219,209.506431565255,3,4.04617969664562e-71
4458,0.213007183071248,209.553403671051,3,2.48825507752971e-75
4459,0.219103086779266,209.600375776846,3,4.70410155678694e-80
4460,0.223645894001165,209.647347882642,3,1.15866009432195e-83
4461,0.22892642205397,209.694319988438,3,5.96149671091616e-88
4462,0.234284604931081,209.741292094233,3,2.09444971859059e-92
4463,0.236381285187342,209.788264200029,3,3.54891928039533e-94
4464,0.235488254707824,209.835236305825,3,2.02451212395081e-93
4465,0.234478741991846,209.88220841162,3,1.4379740638133e-92
4466,0.231993787614056,209.929180517416,3,1.72998677621217e-90
4467,0.227140361094933,209.976152623211,3,1.72656529433433e-86
4468,0.224461269656377,210.023124729007,3,2.56052817316896e-84
4469,0.224810716365754,210.070096834803,3,1.33847149999434e-84
4470,0.222908173170258,210.117068940598,3,4.51921923346356e-83
4471,0.216773442050087,210.164041046394,3,3.11710844954406e-78
4472,0.211298776936517,210.21101315219,3,4.95466398604616e-74
4473,0.19922345175694,210.257985257985,3,3.66772144483454e-65
4474,0.194486507474277,210.304957363781,3,7.78322267498165e-62
4475,0.188118811881188,210.351929469577,2,1.67709951943773e-57
4476,0.18136284216657,210.398901575372,2,4.42223416596054e-53
4477,0.174762182100563,210.445873681168,2,6.13105546748796e-49
4478,0.171190060182489,210.492845786963,2,9.02775798432326e-47
4479,0.172316055134925,210.539817892759,2,1.89556885644565e-47
4480,0.175228111046399,210.586789998555,2,3.16915743239175e-49
4481,0.185517375266938,210.63376210435,2,8.88364557564958e-56
4482,0.188817705299942,210.680734210146,2,5.71196720897447e-58
4483,0.19518540089303,210.727706315942,3,2.54577989617863e-62
4484,0.201320132013201,210.774678421737,3,1.1592323431092e-66
4485,0.202174335080567,210.821650527533,3,2.80626474361655e-67
4486,0.201553096486119,210.868622633329,3,7.87836737646572e-67
4487,0.204542807221899,210.915594739124,3,5.31423075238152e-69
4488,0.209279751504562,210.96256684492,3,1.6455682258709e-72
4489,0.217860609590371,211.009538950715,3,4.42894792422718e-79
4490,0.224694234129295,211.056511056511,3,1.66174770330639e-84
4491,0.232304406911279,211.103483162307,3,9.53270517322874e-91
4492,0.238089691322073,211.150455268102,3,1.2458757262787e-95
4493,0.24391380314502,211.197427373898,3,1.14400879390408e-100
4494,0.246748204232188,211.244399479694,3,3.66000672260103e-103
4495,0.246748204232188,211.291371585489,3,3.66000672260103e-103
4496,0.246049310813434,211.338343691285,3,1.51817038596053e-102
4497,0.23987575228111,211.385315797081,3,3.66108603817893e-97
4498,0.231566686080373,211.432287902876,3,3.92070678913165e-90
4499,0.222519899048728,211.479260008672,3,9.23375963050107e-83
4500,0.219180741603572,211.526232114467,3,4.08719176193476e-80
4501,0.22046204620462,211.573204220263,3,3.98923909835109e-81
4502,0.223374102116094,211.620176326059,3,1.91408982643677e-83
4503,0.23075131042516,211.667148431854,3,1.86160588348756e-89
4504,0.239409823335275,211.71412053765,3,9.21132725752227e-97
4505,0.24546689963114,211.761092643446,3,4.95294369484214e-102
4506,0.24950495049505,211.808064749241,3,1.28700293295107e-105
4507,0.252688798291594,211.855036855037,3,1.74595500221074e-108
4508,0.254863133372161,211.902008960833,3,1.83282663194505e-110
4509,0.256649194331198,211.948981066628,3,4.21792514745049e-112
4510,0.257542224810716,211.995953172424,3,6.33674305460878e-113
4511,0.259561250242671,212.042925278219,3,8.51677215237349e-115
4512,0.264375849349641,212.089897384015,3,2.56605641923369e-119
4513,0.267132595612502,212.136869489811,3,6.07948563806562e-122
4514,0.270627062706271,212.183841595606,3,2.61488784238009e-125
4515,0.275674626286158,212.230813701402,3,3.01313597974295e-130
4516,0.276761793826441,212.277785807198,3,2.53296551216132e-131
4517,0.274276839448651,212.324757912993,3,7.1706050391232e-129
4518,0.272607260726073,212.371730018789,3,3.09562514796646e-127
4519,0.268802174335081,212.418702124585,3,1.5164555771771e-123
4520,0.262085032032615,212.46567423038,3,3.72028887508202e-117
4521,0.254047757716948,212.512646336176,3,1.01664681114847e-109
4522,0.24950495049505,212.559618441971,3,1.28700293295107e-105
4523,0.24286546301689,212.606590547767,3,9.41882839925687e-100
4524,0.237196660842555,212.653562653563,3,7.19687277660091e-95
4525,0.233508056688022,212.700534759358,3,9.39716587527296e-92
4526,0.230790137837313,212.747506865154,3,1.72872722451043e-89
4527,0.229120559114735,212.79447897095,3,4.12827422890906e-88
4528,0.227528635216463,212.841451076745,3,8.3247781686031e-87
4529,0.22566491943312,212.888423182541,3,2.72959329944852e-85
4530,0.222481071636575,212.935395288336,3,9.91699156366232e-83
4531,0.214443797320909,212.982367394132,3,1.97275325625808e-76
4532,0.204309842748981,213.029339499928,3,7.86741501857741e-69
4533,0.195107746068725,213.076311605723,3,2.88298041594564e-62
4534,0.190526111434673,213.123283711519,2,4.02874595679554e-59
4535,0.187730537759658,213.170255817315,2,3.04503512576846e-57
4536,0.186371578334304,213.21722792311,2,2.4292542395734e-56
4537,0.183576004659289,213.264200028906,2,1.65017326849195e-54
4538,0.1824111822947,213.311172134702,2,9.36753535480711e-54
4539,0.181789943700252,213.358144240497,2,2.35275620372922e-53
4540,0.182760629004077,213.405116346293,2,5.57146904001353e-54
4541,0.184352552902349,213.452088452088,2,5.14954770909004e-55
4542,0.187419918462434,213.499060557884,2,4.90214744038262e-57
4543,0.192972238400311,213.54603266368,3,8.63296036863186e-61
4544,0.197903319743739,213.593004769475,3,3.16435940490063e-64
4545,0.197709182682974,213.639976875271,3,4.33858044185725e-64
4546,0.19895165987187,213.686948981067,3,5.72308513924011e-65
4547,0.200427101533683,213.733921086862,3,5.07250767911847e-66
4548,0.202834401087168,213.780893192658,3,9.33651371249999e-68
4549,0.207765482430596,213.827865298454,3,2.22473066197292e-71
4550,0.215336827800427,213.874837404249,3,4.04512072819372e-77
4551,0.222947000582411,213.921809510045,3,4.20728339199536e-83
4552,0.227916909337993,213.96878161584,3,4.00883870729104e-87
4553,0.233935158221705,214.015753721636,3,4.11816875222233e-92
4554,0.235488254707824,214.062725827432,3,2.02451212395081e-93
4555,0.238245000970685,214.109697933227,3,9.17741288517401e-96
4556,0.240691127936323,214.156670039023,3,7.25277497257788e-98
4557,0.239565132983887,214.203642144819,3,6.77387738157801e-97
4558,0.237351970491167,214.250614250614,3,5.30742597185722e-95
4559,0.234828188701223,214.29758635641,3,7.3019249934103e-93
4560,0.233624538924481,214.344558462206,3,7.5049092774315e-92
4561,0.23113958454669,214.391530568001,3,8.8722018414803e-90
4562,0.229586488060571,214.438502673797,3,1.70689548020618e-88
4563,0.228382838283828,214.485474779592,3,1.66523812090167e-87
4564,0.229858279945642,214.532446885388,3,1.01883071849376e-88
4565,0.232692681032809,214.579418991184,3,4.52060402977406e-91
4566,0.236420112599495,214.626391096979,3,3.28966899459768e-94
4567,0.240341681226946,214.673363202775,3,1.45252934355699e-97
4568,0.244729178800233,214.720335308571,3,2.20609512292314e-101
4569,0.247485925063095,214.767307414366,3,8.11785245389823e-104
4570,0.247680062123859,214.814279520162,3,5.45763822337426e-104
4571,0.243719666084255,214.861251625958,3,1.69150501102905e-100
4572,0.235099980586294,214.908223731753,3,4.30749575737182e-93
4573,0.223335274703941,214.955195837549,3,2.05628913162816e-83
4574,0.205824111822947,215.002167943344,3,6.08985440053438e-70
4575,0.185595030091244,215.04914004914,2,7.89804030917763e-56
4576,0.171655989128325,215.096112154936,2,4.73931145812677e-47
4577,0.144942729567074,215.143084260731,2,2.1108444629482e-32
4578,0.131624927198602,215.190056366527,2,3.89322223791174e-26
4579,0.119510774606872,215.237028472323,2,5.06659360402616e-21
4580,0.114036109493302,215.284000578118,2,6.82969700529478e-19
4581,0.110813434284605,215.330972683914,2,1.08469964951804e-17
4582,0.104173946806445,215.37794478971,2,2.43444898373962e-15
4583,0.0946612308289653,215.424916895505,2,2.92667439969498e-12
4584,0.0868180935740633,215.471889001301,2,5.62722846225899e-10
4585,0.0802562609202097,215.518861107096,2,3.04608821172377e-08
4586,0.0806057076295865,215.565833212892,2,2.48600295854183e-08
4587,0.0783925451368666,215.612805318688,2,8.84345352448624e-08
4588,0.0828965249466123,215.659777424483,2,6.39273099356844e-09
4589,0.097185012618909,215.706749530279,2,4.81226459768194e-13
4590,0.116559891283246,215.753721636075,2,7.35615905503337e-20
4591,0.142962531547272,215.80069374187,2,1.99109497095118e-31
4592,0.169287516986993,215.847665847666,2,1.22820063209853e-45
4593,0.193593476994758,215.894637953462,3,3.22500531116633e-61
4594,0.203805086390992,215.941610059257,3,1.83783448740137e-68
4595,0.212541254125413,215.988582165053,3,5.63995563011367e-75
4596,0.217782954766065,216.035554270848,3,5.09303552183896e-79
4597,0.223257619879635,216.082526376644,3,2.37307514960379e-83
4598,0.226907396622015,216.12949848244,3,2.67305617197293e-86
4599,0.230440691127936,216.176470588235,3,3.36498371313627e-89
4600,0.233508056688022,216.223442694031,3,9.39716587527296e-92
4601,0.239448650747428,216.270414799827,3,8.53019665967275e-97
4602,0.23987575228111,216.317386905622,3,3.66108603817893e-97
4603,0.243176082314114,216.364359011418,3,5.04805936020806e-100
4604,0.249466123082897,216.411331117214,3,1.39421046059378e-105
4605,0.256299747621821,216.458303223009,3,8.84030917830299e-112
4606,0.25967773247913,216.505275328805,3,6.63529223688353e-115
4607,0.262162686856921,216.5522474346,3,3.1449562679289e-117
4608,0.264841778295477,216.599219540396,3,9.27717435702519e-120
4609,0.267559697146185,216.646191646192,3,2.36985276734989e-122
4610,0.269384585517375,216.693163751987,3,4.16219996013668e-124
4611,0.271209473888565,216.740135857783,3,7.11552606485518e-126
4612,0.270627062706271,216.787107963579,3,2.61488784238009e-125
4613,0.270588235294118,216.834080069374,3,2.85163350498894e-125
4614,0.27400504756358,216.88105217517,3,1.32561666917688e-128
4615,0.279751504562221,216.928024280965,3,2.66000598718654e-134
4616,0.28534265191225,216.974996386761,3,5.88731345816873e-140
4617,0.289264220539701,217.021968492557,3,5.47049797945691e-144
4618,0.293341098815764,217.068940598352,3,3.08422708478336e-148
4619,0.296408464375849,217.115912704148,3,1.79410323427924e-151
4620,0.298738109105028,217.162884809944,3,5.95046310154655e-154
4621,0.303047951854009,217.209856915739,3,1.3725203444189e-158
4622,0.306425936711318,217.256829021535,3,2.86672781782952e-162
4623,0.303475053387692,217.303801127331,3,4.72534215660962e-159
4624,0.297495631916133,217.350773233126,3,1.25665990111804e-152
4625,0.292059794214716,217.397745338922,3,6.77337133225091e-147
4626,0.277615996893807,217.444717444717,3,3.59554915535108e-132
4627,0.262473306154145,217.491689550513,3,1.60529163399853e-117
4628,0.245428072218987,217.538661656309,3,5.35866761279288e-102
4629,0.22450009706853,217.585633762104,3,2.3825890133442e-84
4630,0.208619685497962,217.6326058679,3,5.13283244082238e-72
4631,0.192894583576005,217.679577973696,3,9.76127928905e-61
4632,0.176975344593283,217.726550079491,2,2.62063486754317e-50
4633,0.172781984080761,217.773522185287,2,9.90274991917804e-48
4634,0.160434867016113,217.820494291083,2,1.49005016900363e-40
4635,0.148864298194525,217.867466396878,2,2.23677984207295e-34
4636,0.140632886818094,217.914438502674,2,2.66947586835853e-30
4637,0.135430013589594,217.961410608469,2,7.39851823159218e-28
4638,0.133333333333333,218.008382714265,2,6.67342458091198e-27
4639,0.136517181129878,218.055354820061,2,2.32951411448957e-28
4640,0.144243836148321,218.102326925856,2,4.6791767192944e-32
4641,0.156319161327897,218.149299031652,2,2.6945252508618e-38
4642,0.165016501650165,218.196271137448,2,3.8125863310047e-43
4643,0.175189283634246,218.243243243243,2,3.34857450595298e-49
4644,0.184003106192972,218.290215349039,2,8.70284014518541e-55
4645,0.193787614055523,218.337187454835,3,2.3691110203656e-61
4646,0.203999223451757,218.38415956063,3,1.32647829577801e-68
4647,0.21537565521258,218.431131666426,3,3.77524839316054e-77
4648,0.224189477771307,218.478103772221,3,4.23779116729982e-84
4649,0.230867792661619,218.525075878017,3,1.49069119366358e-89
4650,0.234090467870316,218.572047983813,3,3.04967804158909e-92
4651,0.236342457775189,218.619020089608,3,3.82855296126846e-94
4652,0.235371772471365,218.665992195404,3,2.539500458438e-93
4653,0.234206950106775,218.7129643012,3,2.43421952528859e-92
4654,0.234556396816152,218.759936406995,3,1.23704572187822e-92
4655,0.23960396039604,218.806908512791,3,6.27267362547573e-97
4656,0.245777518928363,218.853880618587,3,2.6370812956018e-102
4657,0.250514463211027,218.900852724382,3,1.60043699413065e-106
4658,0.254358377014172,218.947824830178,3,5.29663202625737e-110
4659,0.258474082702388,218.994796935973,3,8.70645174690093e-114
4660,0.260531935546496,219.041769041769,3,1.06012098250462e-115
4661,0.261735585323238,219.088741147565,3,7.91850089348787e-117
4662,0.264181712288876,219.13571325336,3,3.91872638402641e-119
4663,0.265734808774995,219.182685359156,3,1.31340607813866e-120
4664,0.266472529605902,219.229657464952,3,2.59967857849204e-121
4665,0.265385362065618,219.276629570747,3,2.82460257307857e-120
4666,0.267287905261114,219.323601676543,3,4.31679028686279e-122
4667,0.26919044845661,219.370573782339,3,6.40655374059755e-124
4668,0.27074354494273,219.417545888134,3,2.01604079595739e-125
4669,0.272141331780237,219.46451799393,3,8.81721633810829e-127
4670,0.271209473888565,219.511490099725,3,7.11552606485518e-126
4671,0.265424189477771,219.558462205521,3,2.59434456663594e-120
4672,0.259638905066977,219.605434311317,3,7.21113613807399e-115
4673,0.257930498932246,219.652406417112,3,2.77371141295124e-113
4674,0.251523975927004,219.699378522908,3,1.97375450529585e-107
4675,0.243991457969326,219.746350628704,3,9.78260086421559e-101
4676,0.238905066977286,219.793322734499,3,2.497783712895e-96
4677,0.235527082119977,219.840294840295,3,1.87715573015192e-93
4678,0.232226752086973,219.887266946091,3,1.10650976342312e-90
4679,0.23036303630363,219.934239051886,3,3.90123948356976e-89
4680,0.230168899242865,219.981211157682,3,5.64490863044858e-89
4681,0.233391574451563,220.028183263477,3,1.1765212083767e-91
4682,0.235993011065812,220.075155369273,3,7.57249969915356e-94
4683,0.238245000970685,220.122127475069,3,9.17741288517427e-96
4684,0.241118229470006,220.169099580864,3,3.09932240054007e-98
4685,0.244573869151621,220.21607168666,3,3.01966990816649e-101
4686,0.249466123082897,220.263043792456,3,1.39421046059378e-105
4687,0.254668996311396,220.310015898251,3,2.75733021952476e-110
4688,0.257619879635022,220.356988004047,3,5.37214437232055e-113
4689,0.257386915162104,220.403960109843,3,8.81534114650163e-113
4690,0.255872646088138,220.450932215638,3,2.18105217679381e-111
4691,0.251058046981169,220.497904321434,3,5.19103801928554e-107
4692,0.23843913803145,220.544876427229,3,6.26118165172059e-96
4693,0.223374102116094,220.591848533025,3,1.91408982643677e-83
4694,0.210755193166375,220.638820638821,3,1.27671101044011e-73
4695,0.192079207920792,220.685792744616,3,3.53359608880225e-60
4696,0.171267715006795,220.732764850412,2,8.10954830564697e-47
4697,0.155930887206368,220.779736956208,2,4.36495871106936e-38
4698,0.1465734808775,220.826709062003,2,3.23939241564699e-33
4699,0.137021937487866,220.873681167799,2,1.35743328439032e-28
4700,0.132052028732285,220.920653273594,2,2.51106541156217e-26
4701,0.128169287516987,220.96762537939,2,1.27583721224437e-24
4702,0.124868957483984,221.014597485186,2,3.24317642273069e-23
4703,0.123082896524947,221.061569590981,2,1.79578835023877e-22
4704,0.123315860997864,221.108541696777,2,1.43875869872822e-22
4705,0.128518734226364,221.155513802573,2,9.00740858541751e-25
4706,0.128557561638517,221.202485908368,2,8.66506529117436e-25
4707,0.127586876334692,221.249458014164,2,2.27384352373557e-24
4708,0.126033779848573,221.29643011996,2,1.04647406335772e-23
4709,0.122849932052029,221.343402225755,2,2.2403584639031e-22
4710,0.118229470005824,221.390374331551,2,1.63406482489262e-20
4711,0.112483013007183,221.437346437346,2,2.61835370911908e-18
4712,0.107784896136672,221.484318543142,2,1.34364332277298e-16
4713,0.103047951854009,221.531290648938,2,5.87081809097532e-15
4714,0.10254319549602,221.578262754733,2,8.6801620737828e-15
4715,0.104406911279363,221.625234860529,2,2.02632919714472e-15
4716,0.103513880799845,221.672206966325,2,4.08398289617335e-15
4717,0.10215492137449,221.71917907212,2,1.17088595982094e-14
4718,0.100562997476218,221.766151177916,2,3.94041085007722e-14
4719,0.0948941953018831,221.813123283712,2,2.4831588959689e-12
4720,0.0935740632886818,221.860095389507,2,6.26239459901283e-12
4721,0.0966414288487672,221.907067495303,2,7.13241660679178e-13
4722,0.0995923121723937,221.954039601098,2,8.17013497455762e-14
4723,0.103475053387692,222.001011706894,2,4.20968514681215e-15
4724,0.110386332750922,222.04798381269,2,1.5543010319515e-17
4725,0.120986216268686,222.094955918485,2,1.29254396030806e-21
4726,0.13368278004271,222.141928024281,2,4.63776946462999e-27
4727,0.146961754999029,222.188900130077,2,2.06605219044925e-33
4728,0.155969714618521,222.235872235872,2,4.15965261406616e-38
4729,0.166336633663366,222.282844341668,2,6.58876752775042e-44
4730,0.170646476412347,222.329816447464,2,1.90977010126253e-46
4731,0.175422248107164,222.376788553259,2,2.40586688808243e-49
4732,0.17953795379538,222.423760659055,2,6.43218916462957e-52
4733,0.184663172199573,222.47073276485,2,3.22691119786469e-55
4734,0.19336051252184,222.517704870646,3,4.66733672845051e-61
4735,0.203339157445156,222.564676976442,3,4.01398832121221e-68
4736,0.209978644923316,222.611649082237,3,4.91399789534647e-73
4737,0.20951271597748,222.658621188033,3,1.10042050430961e-72
4738,0.213783731314308,222.705593293829,3,6.33584808587401e-76
4739,0.218015919238983,222.752565399624,3,3.34874406796061e-79
4740,0.221704523393516,222.79953750542,3,4.1234053951405e-82
4741,0.227412152980004,222.846509611216,3,1.03626988667589e-86
4742,0.231333721607455,222.893481717011,3,6.12209803565983e-90
4743,0.233119782566492,222.940453822807,3,1.98678481699715e-91
4744,0.233003300330033,222.987425928602,3,2.4865186815247e-91
4745,0.23440108716754,223.034398034398,3,1.67145537181937e-92
4746,0.232149097262667,223.081370140194,3,1.28431844039912e-90
4747,0.229470005824112,223.128342245989,3,2.12897495607712e-88
4748,0.22748980780431,223.175314351785,3,8.95525953910573e-87
4749,0.22384003106193,223.222286457581,3,8.09232249484393e-84
4750,0.218675985245583,223.269258563376,3,1.01827817272956e-79
4751,0.214637934381673,223.316230669172,3,1.39870900226497e-76
4752,0.21316249271986,223.363202774968,3,1.89345793777101e-75
4753,0.216773442050087,223.410174880763,3,3.11710844954406e-78
4754,0.21863715783343,223.457146986559,3,1.09225312834323e-79
4755,0.221549213744904,223.504119092354,3,5.47984033582777e-82
4756,0.224344787419918,223.55109119815,3,3.17788409065343e-84
4757,0.22671325956125,223.598063303946,3,3.84632510575065e-86
4758,0.228615802756746,223.645035409741,3,1.07253609144459e-87
4759,0.229586488060571,223.692007515537,3,1.70689548020618e-88
4760,0.230790137837313,223.738979621333,3,1.72872722451043e-89
4761,0.230518345952242,223.785951727128,3,2.90229568032621e-89
4762,0.231023102310231,223.832923832924,3,1.10826891074593e-89
4763,0.23257619879635,223.879895938719,3,5.65534510670068e-91
4764,0.234672879052611,223.926868044515,3,9.86955023821341e-93
4765,0.236536594835954,223.973840150311,3,2.61992072408392e-94
4766,0.236420112599495,224.020812256106,3,3.28966899459768e-94
4767,0.235993011065812,224.067784361902,3,7.57249969915356e-94
4768,0.235954183653659,224.114756467698,3,8.1681549773104e-94
4769,0.237041351193943,224.161728573493,3,9.75703029222609e-95
4770,0.239720442632499,224.208700679289,3,4.98042688092171e-97
4771,0.241933605125218,224.255672785085,3,6.08916428459664e-99
4772,0.243952630557173,224.30264489088,3,1.05789977334767e-100
4773,0.246437584934964,224.349616996676,3,6.89113175913186e-103
4774,0.247602407299553,224.396589102471,3,6.39727951456996e-104
4775,0.249233158609979,224.443561208267,3,2.25272981514667e-105
4776,0.251135701805475,224.490533314063,3,4.41889824290135e-107
4777,0.254630168899243,224.537505419858,3,2.99189460164425e-110
4778,0.254707823723549,224.584477525654,3,2.54112452597336e-110
4779,0.256455057270433,224.63144963145,3,6.36341387497708e-112
4780,0.258745874587459,224.678421737245,3,4.87349334027081e-114
4781,0.257891671520093,224.725393843041,3,3.01276797028708e-113
4782,0.258124635993011,224.772365948837,3,1.83425390471782e-113
4783,0.25967773247913,224.819338054632,3,6.63529223688353e-115
4784,0.260609590370802,224.866310160428,3,8.97053578509427e-116
4785,0.258745874587459,224.913282266223,3,4.87349334027081e-114
4786,0.258163463405164,224.960254372019,3,1.68858581347854e-113
4787,0.255756163851679,225.007226477815,3,2.7894435313023e-111
4788,0.251562803339157,225.05419858361,3,1.82079785354197e-107
4789,0.249310813434285,225.101170689406,3,1.91986278514276e-105
4790,0.249543777907203,225.148142795202,3,1.1880245132393e-105
4791,0.246437584934964,225.195114900997,3,6.89113175913186e-103
4792,0.240885264997088,225.242087006793,3,4.9288934634165e-98
4793,0.23440108716754,225.289059112589,3,1.67145537181937e-92
4794,0.224072995534848,225.336031218384,3,5.25815389965984e-84
4795,0.214094350611532,225.38300332418,3,3.66052519845124e-76
4796,0.205280528052805,225.429975429975,3,1.52935437043098e-69
4797,0.195728984663172,225.476947535771,3,1.06418099037287e-62
4798,0.189322461657931,225.523919641567,2,2.61662432582309e-58
4799,0.178411958842943,225.570891747362,2,3.30424853103132e-51
4800,0.163929334109882,225.617863853158,2,1.59900333156062e-42
4801,0.15088332362648,225.664835958954,2,2.03995936204926e-35
4802,0.136323044069113,225.711808064749,2,2.86560946265617e-28
4803,0.119937876140555,225.758780170545,2,3.41840603412733e-21
4804,0.109881576392933,225.805752276341,2,2.37291023791453e-17
4805,0.103125606678315,225.852724382136,2,5.52695750751395e-15
4806,0.105183459522423,225.899696487932,2,1.09547403471365e-15
4807,0.115899825276645,225.946668593727,2,1.32455502231755e-19
4808,0.120442632498544,225.993640699523,2,2.14275970569985e-21
4809,0.135585323238206,226.040612805319,2,6.27658444896176e-28
4810,0.155736750145603,226.087584911114,2,5.55272958720534e-38
4811,0.179343816734615,226.13455701691,2,8.53613105286524e-52
4812,0.196466705494079,226.181529122706,3,3.24398688059775e-63
4813,0.210522228693458,226.228501228501,3,1.9139550024987e-73
4814,0.223412929528247,226.275473334297,3,1.78170163007838e-83
4815,0.23296447291788,226.322445440093,3,2.67954604079788e-91
4816,0.238322655794991,226.369417545888,3,7.87609240711505e-96
4817,0.236497767423801,226.416389651684,3,2.82649496238634e-94
4818,0.234090467870316,226.463361757479,3,3.04967804158909e-92
4819,0.229858279945642,226.510333863275,3,1.01883071849376e-88
4820,0.22267520869734,226.557305969071,3,6.93934130536045e-83
4821,0.211143467287905,226.604278074866,3,6.49497616689453e-74
4822,0.193011065812464,226.651250180662,3,8.11852919918106e-61
4823,0.168743933216851,226.698222286458,2,2.57335937287045e-45
4824,0.149136090079596,226.745194392253,2,1.62385070246972e-34
4825,0.122384003106193,226.792166498049,2,3.48199265998709e-22
4826,0.0997476218210056,226.839138603845,2,7.27439590365378e-14
4827,0.0725296059017666,226.88611070964,2,2.0786226262091e-06
4828,0.048456610366919,226.933082815436,2,0.0379293339708004
4829,0.0295476606484178,226.980054921231,1,0.729750654353804
4830,0.0192972238400311,227.027027027027,1,0.880119697526009
4831,0.0180159192389827,227.073999132823,1,0.886428392451305
4832,0.0187148126577364,227.120971238618,1,0.883205482511688
4833,0.0212385944476801,227.167943344414,1,0.866898335177924
4834,0.0224034168122695,227.21491545021,1,0.856476305158411
4835,0.0258202290817317,227.261887556005,1,0.811852611430645
4836,0.0302077266550184,227.308859661801,1,0.71050609863824
4837,0.0326150262085032,227.355831767596,1,0.626586570818408
4838,0.0300524170064065,227.402803873392,1,0.71517573830779
4839,0.0246165793049893,227.449775979188,1,0.830308926471182
4840,0.0196854979615609,227.496748084983,1,0.877849124868021
4841,0.0183653659483595,227.543720190779,1,0.884880485193662
4842,0.021277421859833,227.590692296575,1,0.866583338186077
4843,0.0258590564938847,227.63766440237,1,0.811200423511697
4844,0.0356047369442827,227.684636508166,2,0.493917089340479
4845,0.0516404581634634,227.731608613962,2,0.0140791403186832
4846,0.0715977480100951,227.778580719757,2,3.34063032204818e-06
4847,0.0883711900601825,227.825552825553,2,2.07187829976168e-10
4848,0.097185012618909,227.872524931348,2,4.81226459768194e-13
4849,0.100912444185595,227.919497037144,2,3.02459934523364e-14
4850,0.101223063482819,227.96646914294,2,2.38876267088969e-14
4851,0.0982721801591924,228.013441248735,2,2.17393883004464e-13
4852,0.100019413706076,228.060413354531,2,5.93365769124287e-14
4853,0.110114540865851,228.107385460327,2,1.95251507085219e-17
4854,0.126227916909338,228.154357566122,2,8.65677770910346e-24
4855,0.144282663560474,228.201329671918,2,4.47726227149032e-32
4856,0.159697146185207,228.248301777714,2,3.82596701365603e-40
4857,0.168122694622403,228.295273883509,2,5.97261885345398e-45
4858,0.178528441079402,228.342245989305,2,2.79118179009176e-51
4859,0.190759075907591,228.3892180951,2,2.80049522871106e-59
4860,0.196699669966997,228.436190200896,3,2.22695513677649e-63
4861,0.198019801980198,228.483162306692,3,2.61805389317894e-64
4862,0.200232964472918,228.530134412487,3,6.98516111403615e-66
4863,0.207105416423995,228.577106518283,3,6.87961091769298e-71
4864,0.213356629780625,228.624078624079,3,1.3453362950577e-75
4865,0.215259172976121,228.671050729874,3,4.64394126852332e-77
4866,0.223024655406717,228.71802283567,3,3.64638103308435e-83
4867,0.231489031256067,228.764994941466,3,4.54881187884361e-90
4868,0.236187148126577,228.811967047261,3,5.18483551693764e-94
4869,0.239720442632499,228.858939153057,3,4.98042688092171e-97
4870,0.244379732090856,228.905911258852,3,4.46949203314849e-101
4871,0.249233158609979,228.952883364648,3,2.25272981514667e-105
4872,0.251873422636381,228.999855470444,3,9.54593912384539e-108
4873,0.252688798291594,229.046827576239,3,1.74595500221074e-108
4874,0.25420306736556,229.093799682035,3,7.33884212271635e-110
4875,0.256493884682586,229.140771787831,3,5.86114613485578e-112
4876,0.258590564938847,229.187743893626,3,6.79004643576698e-114
4877,0.259483595418365,229.234715999422,3,1.00583120005985e-114
4878,0.26189089497185,229.281688105218,3,5.66094377185375e-117
4879,0.265967773247913,229.328660211013,3,7.87870113254118e-121
4880,0.26957872257814,229.375632316809,3,2.70326609477898e-124
4881,0.272063676955931,229.422604422604,3,1.0495934629458e-126
4882,0.27284022519899,229.4695765284,3,1.833033809303e-127
4883,0.274238012036498,229.516548634196,3,7.82879410187741e-129
4884,0.274199184624345,229.563520739991,3,8.54729393081798e-129
4885,0.271520093185789,229.610492845787,3,3.55021421545566e-126
4886,0.269617549990293,229.657464951583,3,2.47962528228526e-124
4887,0.270549407881965,229.704437057378,3,3.10977557462852e-125
4888,0.273112017084061,229.751409163174,3,9.94080807320688e-128
4889,0.271325956125024,229.79838126897,3,5.48295417237812e-126
4890,0.271986022131625,229.845353374765,3,1.24936555201227e-126
4891,0.271054164239953,229.892325480561,3,1.00706143922871e-125
4892,0.270005824111823,229.939297586356,3,1.0448811893771e-124
4893,0.270665890118424,229.986269692152,3,2.39776777652384e-125
4894,0.271364783537177,230.033241797948,3,5.02658707894573e-126
4895,0.270627062706271,230.080213903743,3,2.61488784238009e-125
4896,0.271947194719472,230.127186009539,3,1.36306252661382e-126
4897,0.270665890118424,230.174158115335,3,2.39776777652384e-125
4898,0.267792661619103,230.22113022113,3,1.41670851549865e-122
4899,0.264375849349641,230.268102326926,3,2.56605641923369e-119
4900,0.261424966026014,230.315074432722,3,1.54844664573412e-116
4901,0.258435255290235,230.362046538517,3,9.45845165959153e-114
4902,0.255989128324597,230.409018644313,3,1.70516593471037e-111
4903,0.254086585129101,230.455990750108,3,9.37114050994588e-110
4904,0.253310036886042,230.502962855904,3,4.76797304758184e-109
4905,0.258590564938847,230.5499349617,3,6.79004643576621e-114
4906,0.261813240147544,230.596907067495,3,6.69540002464341e-117
4907,0.266472529605902,230.643879173291,3,2.59967857849204e-121
4908,0.2710153368278,230.690851279087,3,1.09838589497489e-125
4909,0.274432149097263,230.737823384882,3,5.04599146233692e-129
4910,0.27660648417783,230.784795490678,3,3.61002961092161e-131
4911,0.281110463987575,230.831767596473,3,1.14952844021924e-135
4912,0.284371966608426,230.878739702269,3,5.74862678925712e-139
4913,0.291360900795962,230.925711808065,3,3.63233554939179e-146
4914,0.291671520093186,230.97268391386,3,1.72277509452805e-146
4915,0.291516210444574,231.019656019656,3,2.50178319313301e-146
4916,0.2938070277616,231.066628125452,3,9.99630402086456e-149
4917,0.29629198213939,231.113600231247,3,2.38402724802522e-151
4918,0.298388662395651,231.160572337043,3,1.40495426761318e-153
4919,0.299553484760241,231.207544442839,3,7.98522136958879e-155
4920,0.299359347699476,231.254516548634,3,1.28878642566155e-154
4921,0.300640652300524,231.30148865443,3,5.44039268275073e-156
4922,0.295127159774801,231.348460760225,3,4.0674746630382e-150
4923,0.289497185012619,231.395432866021,3,3.13911802814441e-144
4924,0.282585905649388,231.442404971817,3,3.7313117795015e-137
4925,0.275325179576781,231.489377077612,3,6.66495268333871e-130
4926,0.265385362065618,231.536349183408,3,2.82460257307889e-120
4927,0.247641234711706,231.583321289204,3,5.90884645803463e-104
4928,0.229275868763347,231.630293394999,3,3.07610713524004e-88
4929,0.209590370801786,231.677265500795,3,9.62190624263951e-73
4930,0.188079984469035,231.724237606591,2,1.78028368915076e-57
4931,0.164395263055717,231.771209712386,2,8.6613822770416e-43
4932,0.148320714424384,231.818181818182,2,4.23562332970975e-34
4933,0.135740632886818,231.865153923977,2,5.32365783459772e-28
4934,0.124208891477383,231.912126029773,2,6.12443250003084e-23
4935,0.117414094350612,231.959098135569,2,3.41722938740022e-20
4936,0.114890312560668,232.006070241364,2,3.2325012257085e-19
4937,0.124480683362454,232.05304234716,2,4.7160547613002e-23
4938,0.13224616579305,232.100014452956,2,2.05617662006455e-26
4939,0.143234323432343,232.146986558751,2,1.46626332366644e-31
4940,0.151465734808775,232.193958664547,2,1.01548057579173e-35
4941,0.157600465928946,232.240930770343,2,5.43154195645508e-39
4942,0.166181324014754,232.287902876138,2,8.10705103985958e-44
4943,0.180353329450592,232.334874981934,2,1.95212489123652e-52
4944,0.192583964278781,232.381847087729,3,1.59462081276425e-60
4945,0.200582411182295,232.428819193525,3,3.92604614294687e-66
4946,0.210871675402834,232.475791299321,3,1.04255053373402e-73
4947,0.220384391380315,232.522763405116,3,4.5952092485432e-81
4948,0.224538924480683,232.569735510912,3,2.21698752130303e-84
4949,0.22787808192584,232.616707616708,3,4.31299000813658e-87
4950,0.225431954960202,232.663679722503,3,4.21386905663429e-85
4951,0.21067753834207,232.710651828299,3,1.4612621827291e-73
4952,0.192350999805863,232.757623934095,3,2.30287919946196e-60
4953,0.168200349446709,232.80459603989,2,5.37702066366867e-45
4954,0.135624150650359,232.851568145686,2,6.0235660847587e-28
4955,0.102193748786643,232.898540251481,2,1.1364266213762e-14
4956,0.0739273927392739,232.945512357277,2,1.00597509233428e-06
4957,0.050514463211027,232.992484463073,2,0.0202384269833404
4958,0.0321490972626674,233.039456568868,1,0.644535203696636
4959,0.0179770918268297,233.086428674664,1,0.886592710151374
4960,0.0109881576392933,233.13340078046,1,0.894563041640884
4961,0.00609590370801786,233.180372886255,1,0.874837453508072
4962,0.00555231993787614,233.227344992051,1,0.871033581062406
4963,0.00842554843719666,233.274317097847,1,0.887204233126242
4964,0.019336051252184,233.321289203642,1,0.879900484687834
4965,0.036808386721025,233.368261309438,2,0.434303099112703
4966,0.0612308289652495,233.415233415233,2,0.000394695529776797
4967,0.0987769365171811,233.462205521029,2,1.49800407327012e-13
4968,0.133372160745486,233.509177626825,2,6.40931654093275e-27
4969,0.162143273150845,233.55614973262,2,1.64621638554317e-41
4970,0.1765482430596,233.603121838416,2,4.83244426376165e-50
4971,0.196078431372549,233.650093944212,3,6.06581183907911e-63
4972,0.211298776936517,233.697066050007,3,4.95466398604616e-74
4973,0.220151426907397,233.744038155803,3,7.0213223066733e-81
4974,0.230828965249466,233.791010261599,3,1.60531323298126e-89
4975,0.245389244806834,233.837982367394,3,5.79755532787801e-102
4976,0.256299747621821,233.88495447319,3,8.84030917830299e-112
4977,0.264686468646865,233.931926578985,3,1.30251925488759e-119
4978,0.267947971267715,233.978898684781,3,1.00511051401471e-122
4979,0.270044651523976,234.025870790577,3,9.58309567486499e-125
4980,0.271558920597942,234.072842896372,3,3.25451770309217e-126
4981,0.273966220151427,234.119815002168,3,1.44717121492649e-128
4982,0.277615996893807,234.166787107964,3,3.59554915535108e-132
4983,0.28025626092021,234.213759213759,3,8.29615867105322e-135
4984,0.282624733061541,234.260731319555,3,3.40865457963636e-137
4985,0.280605707629586,234.30770342535,3,3.69862987843765e-135
4986,0.282547078237236,234.354675531146,3,4.0844613021806e-137
4987,0.283711900601825,234.401647636942,3,2.69545677195837e-138
4988,0.283750728013978,234.448619742737,3,2.46150180453768e-138
4989,0.282896524946612,234.495591848533,3,1.80919261223355e-137
4990,0.281459910696952,234.542563954329,3,5.11251160900303e-136
4991,0.276024072995535,234.589536060124,3,1.36085242637807e-130
4992,0.268646864686469,234.63650816592,3,2.13975103757326e-123
4993,0.263094544748593,234.683480271716,3,4.1726589460643e-118
4994,0.249039021549214,234.730452377511,3,3.35902340679839e-105
4995,0.228227528635216,234.777424483307,3,2.23225606881668e-87
4996,0.206095903708018,234.824396589102,3,3.83916776302007e-70
4997,0.181945253348864,234.871368694898,2,1.86953998452211e-53
4998,0.153601242477189,234.918340800694,2,7.66517807375051e-37
4999,0.124480683362454,234.965312906489,2,4.7160547613002e-23
5000,0.104911667637352,235.012285012285,2,1.35940080436058e-15
5001,0.0824694234129295,235.059257118081,2,8.26314517395462e-09
5002,0.0610755193166375,235.106229223876,2,0.000420954687268874
5003,0.0393709959231217,235.153201329672,2,0.306414385628128
5004,0.0289652494661231,235.200173435468,1,0.745453593695917
5005,0.0255484371966608,235.247145541263,1,0.816314810012167
5006,0.0269073966220151,235.294117647059,1,0.792124192901042
5007,0.0344787419918462,235.341089752854,1,0.547069357625019
5008,0.0462046204620462,235.38806185865,2,0.0712300597024345
5009,0.0508250825082508,235.435033964446,2,0.0183344625223858
5010,0.0561444379732091,235.482006070241,2,0.00291479992507907
5011,0.060143661424966,235.528978176037,2,0.000616818026524176
5012,0.054436031838478,235.575950281833,2,0.00541711034317841
5013,0.0447680062123859,235.622922387628,2,0.10281365703816
5014,0.0401087167540283,235.669894493424,2,0.271595884428742
5015,0.0365754222481072,235.71686659922,2,0.445988899974361
5016,0.0306348281887012,235.763838705015,1,0.697207240478062
5017,0.0244612696563774,235.810810810811,1,0.832455278173707
5018,0.0225198990487284,235.857782916606,1,0.855317818897552
5019,0.0225587264608814,235.904755022402,1,0.854926703396445
5020,0.0231023102310231,235.951727128198,1,0.849183450763428
5021,0.0259367113181906,235.998699233993,1,0.809884831434095
5022,0.030984274898078,236.045671339789,1,0.685821137242542
5023,0.0342846049310813,236.092643445585,1,0.555886236897192
5024,0.0328479906814211,236.13961555138,1,0.617310038462268
5025,0.0295088332362648,236.186587657176,1,0.730834216978764
5026,0.0289264220539701,236.233559762972,1,0.746459096025715
5027,0.0323432343234323,236.280531868767,1,0.63715528562504
5028,0.0386721025043681,236.327503974563,2,0.340605894327327
5029,0.0445350417394681,236.374476080358,2,0.108815177948844
5030,0.0559891283245972,236.421448186154,2,0.00308712618410906
5031,0.0779266161910309,236.46842029195,2,1.14896118566323e-07
5032,0.0959813628421666,236.515392397745,2,1.14617619749956e-12
5033,0.106464764123471,236.562364503541,2,3.92573949688579e-16
5034,0.127392739273927,236.609336609337,2,2.75505620801737e-24
5035,0.142768394486507,236.656308715132,2,2.47646612241446e-31
5036,0.14905843525529,236.703280820928,2,1.77955614852876e-34
5037,0.156823917685886,236.750252926724,2,1.4363064006031e-38
5038,0.161754999029315,236.797225032519,2,2.72233701669724e-41
5039,0.159541836536595,236.844197138315,2,4.66321111882798e-40
5040,0.155775577557756,236.89116924411,2,5.29191808144194e-38
5041,0.146146379343817,236.938141349906,2,5.30450451920473e-33
5042,0.136983110075713,236.985113455702,2,1.41512582760003e-28
5043,0.12417006406523,237.032085561497,2,6.35704829835825e-23
5044,0.104601048340128,237.079057667293,2,1.73838266280257e-15
5045,0.0840613473112017,237.126029773089,2,3.14940459741141e-09
5046,0.0683362453892448,237.173001878884,2,1.65711271041982e-05
5047,0.060104834012813,237.21997398468,2,0.00062661249256957
5048,0.0587070471753058,237.266946090476,2,0.00109519953991176
5049,0.0514851485148515,237.313918196271,2,0.0148132001842032
5050,0.0513686662783925,237.360890302067,2,0.0153862918118124
5051,0.0613473112017084,237.407862407862,2,0.000376030016429546
5052,0.0837507280139779,237.454834513658,2,3.80815890726631e-09
5053,0.102310231023102,237.501806619454,2,1.03893369351818e-14
5054,0.113065424189478,237.548778725249,2,1.58573820224041e-18
5055,0.118850708600272,237.595750831045,2,9.27834419941062e-21
5056,0.116715200931858,237.642722936841,2,6.40197810227666e-20
5057,0.119782566491943,237.689695042636,2,3.94498983366269e-21
5058,0.120364977674238,237.736667148432,2,2.30273360919589e-21
5059,0.115006794797127,237.783639254228,2,2.91760510139802e-19
5060,0.105338769171035,237.830611360023,2,9.68074274097158e-16
5061,0.100446515239759,237.877583465819,2,4.30259859205113e-14
5062,0.102116093962337,237.924555571614,2,1.20637446651848e-14
5063,0.107862550960978,237.97152767741,2,1.26092607837581e-16
5064,0.112715977480101,238.018499783206,2,2.14319988685364e-18
5065,0.12339351582217,238.065471889001,2,1.33614434920174e-22
5066,0.129295282469423,238.112443994797,2,4.13956579523964e-25
5067,0.137798485730926,238.159416100593,2,5.88815476570782e-29
5068,0.144942729567074,238.206388206388,2,2.1108444629482e-32
5069,0.152358765288294,238.253360312184,2,3.46399914150535e-36
5070,0.159580663948748,238.300332417979,2,4.43821238774677e-40
5071,0.165249466123083,238.347304523775,2,2.80016369079792e-43
5072,0.168006212385944,238.394276629571,2,6.99123578499997e-45
5073,0.172083090662007,238.441248735366,2,2.62061080017034e-47
5074,0.174762182100563,238.488220841162,2,6.13105546748796e-49
5075,0.179227334498156,238.535192946958,2,1.01141495338379e-51
5076,0.182100562997476,238.582165052753,2,1.48523585253929e-53
5077,0.179266161910309,238.629137158549,2,9.55827145959004e-52
5078,0.175616385167929,238.676109264345,2,1.82577370425398e-49
5079,0.175189283634246,238.72308137014,2,3.34857450595298e-49
5080,0.178644923315861,238.770053475936,2,2.35748377348522e-51
5081,0.180430984274898,238.817025581731,2,1.74200133748589e-52
5082,0.183032420889148,238.863997687527,2,3.71637970632641e-54
5083,0.182566491943312,238.910969793323,2,7.43694605464519e-54
5084,0.176392933410988,238.957941899118,2,6.03426085982465e-50
5085,0.170335857115123,239.004914004914,2,2.92677467543129e-46
5086,0.162104445738692,239.05188611071,2,1.73124863847017e-41
5087,0.152591729761211,239.098858216505,2,2.61345398370828e-36
5088,0.145991069695205,239.145830322301,2,6.34386815022185e-33
5089,0.132983886623957,239.192802428097,2,9.59233388380512e-27
5090,0.127004465152398,239.239774533892,2,4.04056897705574e-24
5091,0.121918074160357,239.286746639688,2,5.40155937417049e-22
5092,0.121995728984663,239.333718745483,2,5.02104531230184e-22
5093,0.12234517569404,239.380690851279,2,3.61201939366618e-22
5094,0.121452145214521,239.427662957075,2,8.36356795968132e-22
5095,0.122811104639876,239.47463506287,2,2.32438462491777e-22
5096,0.126577363618715,239.521607168666,2,6.14790642549008e-24
5097,0.135391186177441,239.568579274462,2,7.7087815402463e-28
5098,0.140050475635799,239.615551380257,2,5.06999614197482e-30
5099,0.149796156086197,239.662523486053,2,7.44033531474619e-35
5100,0.160706658901184,239.709495591849,2,1.05141182105675e-40
5101,0.173907979033197,239.756467697644,2,2.04490327854829e-48
5102,0.18722578140167,239.80343980344,2,6.59837820456494e-57
5103,0.199689380702776,239.850411909235,3,1.7079499583462e-65
5104,0.207454863133372,239.897384015031,3,3.78621071603989e-71
5105,0.215686274509804,239.944356120827,3,2.17198969338707e-77
5106,0.221898660454281,239.991328226622,3,2.88896785754506e-82
5107,0.229275868763347,240.038300332418,3,3.07610713524004e-88
5108,0.23440108716754,240.085272438214,3,1.67145537181937e-92
5109,0.237856726849156,240.132244544009,3,1.96990452945901e-95
5110,0.24142884876723,240.179216649805,3,1.66848752341335e-98
5111,0.245544554455446,240.226188755601,3,4.23117020799577e-102
5112,0.248767229664143,240.273160861396,3,5.87346544300458e-105
5113,0.254552514074937,240.320132967192,3,3.52245407419319e-110
5114,0.255911473500291,240.367105072987,3,2.00926972407001e-111
5115,0.260531935546496,240.414077178783,3,1.06012098250462e-115
5116,0.26592894583576,240.461049284579,3,8.57943380169522e-121
5117,0.269345758105222,240.508021390374,3,4.53726198245801e-124
5118,0.269151621044457,240.55499349617,3,6.98343132242968e-124
5119,0.265268879829159,240.601965601966,3,3.64514312426918e-120
5120,0.25967773247913,240.648937707761,3,6.63529223688353e-115
5121,0.253077072413124,240.695909813557,3,7.76034101346058e-109
5122,0.247796544360318,240.742881919353,3,4.30010266027722e-104
5123,0.240458163463405,240.789854025148,3,1.152478815044e-97
5124,0.234556396816152,240.836826130944,3,1.23704572187822e-92
5125,0.231100757134537,240.883798236739,3,9.55523571212618e-90
5126,0.228227528635216,240.930770342535,3,2.23225606881668e-87
5127,0.224150650359154,240.977742448331,3,4.55382423725412e-84
5128,0.221277421859833,241.024714554126,3,9.00953334660934e-82
5129,0.217511162880994,241.071686659922,3,8.30173611388878e-79
5130,0.213900213550767,241.118658765718,3,5.15820490407443e-76
5131,0.211298776936517,241.165630871513,3,4.95466398604616e-74
5132,0.211026985051446,241.212602977309,3,7.95593250588609e-74
5133,0.212580081537566,241.259575083105,3,5.2685535392663e-75
5134,0.217045233935158,241.3065471889,3,1.91556134967842e-78
5135,0.227140361094933,241.353519294696,3,1.72656529433433e-86
5136,0.236109493302271,241.400491400491,3,6.03327119162198e-94
5137,0.24286546301689,241.447463506287,3,9.41882839925687e-100
5138,0.250203843913803,241.494435612083,3,3.04220878363944e-106
5139,0.260920209668026,241.541407717878,3,4.59682167211234e-116
5140,0.266472529605902,241.588379823674,3,2.59967857849204e-121
5141,0.266821976315279,241.63535192947,3,1.20510227289961e-121
5142,0.264997087944089,241.682324035265,3,6.6063617331123e-120
5143,0.260415453310037,241.729296141061,3,1.36182451842413e-115
5144,0.254940788196467,241.776268246857,3,1.55645715098089e-110
5145,0.248378955542613,241.823240352652,3,1.30355243765354e-104
5146,0.24208891477383,241.870212458448,3,4.46353036911931e-99
5147,0.23113958454669,241.917184564243,3,8.87220184148081e-90
5148,0.216967579110852,241.964156670039,3,2.20160663750852e-78
5149,0.205047563579887,242.011128775835,3,2.26752351441812e-69
5150,0.18462434478742,242.05810088163,2,3.42121954530012e-55
5151,0.150999805862939,242.105072987426,2,1.77475059273137e-35
5152,0.12455833818676,242.152045093222,2,4.37625619260902e-23
5153,0.0900795961949136,242.199017199017,2,6.73885088186209e-11
5154,0.0658512910114541,242.245989304813,2,5.27807026526709e-05
5155,0.0430984274898078,242.292961410608,2,0.151611011405827
5156,0.0281498738109105,242.339933516404,1,0.765522561350903
5157,0.0159968938070278,242.3869056222,1,0.893063716283883
5158,0.007765482430596,242.433877727995,1,0.884300741717793
5159,0.00807610172781984,242.480849833791,1,0.885722563731842
5160,0.0123082896524947,242.527821939587,1,0.896143641103374
5161,0.0167346146379344,242.574794045382,1,0.891076699795818
5162,0.0262473306154145,242.621766151178,1,0.804470423387935
5163,0.0459716559891283,242.668738256974,2,0.0757453560335714
5164,0.0689186565715395,242.715710362769,2,1.25336995231981e-05
5165,0.0926810328091633,242.762682468565,2,1.1608974037683e-11
5166,0.119433119782566,242.80965457436,2,5.44143646805656e-21
5167,0.148126577363619,242.856626680156,2,5.31707946916696e-34
5168,0.169054552514075,242.903598785952,2,1.68688526341937e-45
5169,0.189943700252378,242.950570891747,2,9.97854112161267e-59
5170,0.201242477188895,242.997542997543,3,1.31836502631823e-66
5171,0.211492913997282,243.044515103339,3,3.53129225745405e-74
5172,0.218015919238983,243.091487209134,3,3.34874406796061e-79
5173,0.22488837119006,243.13845931493,3,1.15862934410399e-84
5174,0.231799650553291,243.185431420726,3,2.50976878050285e-90
5175,0.236730731896719,243.232403526521,3,1.79228514110275e-94
5176,0.240147544166181,243.279375632317,3,2.13552289460654e-97
5177,0.242632498543972,243.326347738112,3,1.50288695685065e-99
5178,0.239254513686663,243.373319843908,3,1.25233696949202e-96
5179,0.23374102116094,243.420291949704,3,5.99301586756464e-92
5180,0.228460493108134,243.467264055499,3,1.43816899791487e-87
5181,0.224538924480683,243.514236161295,3,2.21698752130303e-84
5182,0.215336827800427,243.561208267091,3,4.04512072819372e-77
5183,0.193011065812464,243.608180372886,3,8.11852919918106e-61
5184,0.171034750533877,243.655152478682,2,1.11859626801302e-46
5185,0.136012424771889,243.702124584478,2,3.9887870717475e-28
5186,0.103397398563386,243.749096690273,2,4.47264088671178e-15
5187,0.0707047175305766,243.796068796069,2,5.22682658340804e-06
5188,0.0539312754804892,243.843040901864,2,0.00647228631283515
5189,0.0542030673655601,243.89001300766,2,0.00588258557648113
5190,0.0637157833430402,243.936985113456,2,0.000136871628941271
5191,0.0840613473112017,243.983957219251,2,3.14940459741141e-09
5192,0.110269850514463,244.030929325047,2,1.71404850526106e-17
5193,0.132945059211804,244.077901430843,2,9.98628691121454e-27
5194,0.161327897495632,244.124873536638,2,4.72660136746617e-41
5195,0.188351776354106,244.171845642434,2,1.17179186637381e-57
5196,0.204698116870511,244.21881774823,3,4.09007704386832e-69
5197,0.218443020772666,244.265789854025,3,1.55068929316331e-79
5198,0.229974762182101,244.312761959821,3,8.1653679584785e-89
5199,0.237235488254708,244.359734065616,3,6.66940241387769e-95
5200,0.241855950300912,244.406706171412,3,7.111564315377e-99
5201,0.247447097650942,244.453678277208,3,8.78845262692052e-104
5202,0.249427295670744,244.500650383003,3,1.51032983828885e-105
5203,0.250630945447486,244.547622488799,3,1.25760480143235e-106
5204,0.24977674238012,244.594594594595,3,7.34832866498092e-106
5205,0.247796544360318,244.64156670039,3,4.30010266027722e-104
5206,0.246670549407882,244.688538806186,3,4.28761819759453e-103
5207,0.24507862550961,244.735510911982,3,1.08782012236423e-101
5208,0.244146767617938,244.782483017777,3,7.15220690272811e-101
5209,0.245428072218987,244.829455123573,3,5.35866761279288e-102
5210,0.245272762570375,244.876427229368,3,7.34136930443517e-102
5211,0.24364201125995,244.923399335164,3,1.97775913060514e-100
5212,0.241972432537371,244.97037144096,3,5.63437734098159e-99
5213,0.241273539118618,245.017343546755,3,2.27424759630178e-98
5214,0.239798097456804,245.064315652551,3,4.2702075596535e-97
5215,0.237546107551932,245.111287758347,3,3.62608601746651e-95
5216,0.236381285187342,245.158259864142,3,3.54891928039533e-94
5217,0.236148320714424,245.205231969938,3,5.59302302149368e-94
5218,0.23036303630363,245.252204075734,3,3.90123948356976e-89
5219,0.223995340710542,245.299176181529,3,6.07111497557475e-84
5220,0.221277421859833,245.346148287325,3,9.00953334660934e-82
5221,0.22123859444768,245.39312039312,3,9.67226305779597e-82
5222,0.223412929528247,245.440092498916,3,1.78170163007838e-83
5223,0.224305960007765,245.487064604712,3,3.41504651879812e-84
5224,0.223529411764706,245.534036710507,3,1.43687878685349e-83
5225,0.226907396622015,245.581008816303,3,2.67305617197293e-86
5226,0.228266356047369,245.627980922099,3,2.07460415305623e-87
5227,0.229974762182101,245.674953027894,3,8.1653679584785e-89
5228,0.229081731702582,245.72192513369,3,4.44320903085443e-88
5229,0.229081731702582,245.768897239486,3,4.44320903085443e-88
5230,0.22970297029703,245.815869345281,3,1.36834150958867e-88
5231,0.230867792661619,245.862841451077,3,1.49069119366358e-89
5232,0.231450203843914,245.909813556872,3,4.8995553440463e-90
5233,0.236730731896719,245.956785662668,3,1.79228514110275e-94
5234,0.23987575228111,246.003757768464,3,3.66108603817893e-97
5235,0.243836148320714,246.050729874259,3,1.33777472735507e-100
5236,0.247097650941565,246.097701980055,3,1.79437604445055e-103
5237,0.24950495049505,246.144674085851,3,1.28700293295107e-105
5238,0.250630945447486,246.191646191646,3,1.25760480143235e-106
5239,0.249815569792273,246.238618297442,3,6.7826139458358e-106
5240,0.249039021549214,246.285590403237,3,3.35902340679839e-105
5241,0.254474859250631,246.332562509033,3,4.14689553614343e-110
5242,0.256105610561056,246.379534614829,3,1.33296686512415e-111
5243,0.259444768006212,246.426506720624,3,1.09305538302933e-114
5244,0.261463793438167,246.47347882642,3,1.42399406510418e-116
5245,0.262939235099981,246.520450932216,3,5.84555309350353e-118
5246,0.265657153950689,246.567423038011,3,1.55717716567333e-120
5247,0.268685692098622,246.614395143807,3,1.96330519076727e-123
5248,0.269345758105222,246.661367249603,3,4.53726198245801e-124
5249,0.268219763152786,246.708339355398,3,5.50988897948968e-123
5250,0.264647641234712,246.755311461194,3,1.41779352592102e-119
5251,0.261075519316638,246.802283566989,3,3.28965062285634e-116
5252,0.2592894583576,246.849255672785,3,1.52425375216859e-114
5253,0.259716559891283,246.896227778581,3,6.10535752360045e-115
5254,0.261230828965249,246.943199884376,3,2.35373133740985e-116
5255,0.264453504173947,246.990171990172,3,2.16609520865468e-119
5256,0.266938458551738,247.037144095968,3,9.32459124310681e-122
5257,0.265618326538536,247.084116201763,3,1.69550692374053e-120
5258,0.263793438167346,247.131088307559,3,9.13070321665401e-119
5259,0.263676955930887,247.178060413355,3,1.17654482239153e-118
5260,0.264375849349641,247.22503251915,3,2.56605641923369e-119
5261,0.264919433119783,247.272004624946,3,7.82888026862597e-120
5262,0.266977285963891,247.318976730741,3,8.5602770860265e-122
5263,0.267715006794797,247.365948836537,3,1.68182968805581e-122
5264,0.266938458551738,247.412920942333,3,9.32459124310681e-122
5265,0.270432925645506,247.459893048128,3,4.03276805816199e-125
5266,0.267093768200349,247.506865153924,3,6.62262314770151e-122
5267,0.264686468646865,247.55383725972,3,1.30251925488759e-119
5268,0.261192001553096,247.600809365515,3,2.55925217116852e-116
5269,0.25967773247913,247.647781471311,3,6.63529223688353e-115
5270,0.260182488837119,247.694753577107,3,2.24651391026593e-115
5271,0.260298971073578,247.741725682902,3,1.74919828699241e-115
5272,0.258629392351,247.788697788698,3,6.2498936455051e-114
5273,0.260298971073578,247.835669894493,3,1.74919828699241e-115
5274,0.258046981168705,247.882642000289,3,2.16429338818925e-113
5275,0.254086585129101,247.929614106085,3,9.37114050994588e-110
5276,0.249970879440885,247.97658621188,3,4.92241091977672e-106
5277,0.245000970685304,248.023558317676,3,1.27300956034444e-101
5278,0.239293341098816,248.070530423472,3,1.15979039289541e-96
5279,0.233158609978645,248.117502529267,3,1.84357043300421e-91
5280,0.229120559114735,248.164474635063,3,4.12827422890906e-88
5281,0.222092797515046,248.211446740859,3,2.02344880809093e-82
5282,0.214094350611532,248.258418846654,3,3.66052519845124e-76
5283,0.202640264026403,248.30539095245,3,1.29100888894596e-67
5284,0.189749563191613,248.352363058245,2,1.34917191868363e-58
5285,0.173985633857503,248.399335164041,2,1.83331348648514e-48
5286,0.154222481071637,248.446307269837,2,3.58696756422543e-37
5287,0.132712094738886,248.493279375632,2,1.27104898703909e-26
5288,0.117996505532906,248.540251481428,2,2.01868720647268e-20
5289,0.110852261696758,248.587223587224,2,1.04971925286179e-17
5290,0.0943894389438944,248.634195693019,2,3.54308702377743e-12
5291,0.0748980780430984,248.681167798815,2,6.01718273239449e-07
5292,0.0595612502426713,248.728139904611,2,0.000780163957694808
5293,0.0491943311978257,248.775112010406,2,0.0304462979588172
5294,0.0452727625703747,248.822084116202,2,0.0906753495624575
5295,0.0444573869151621,248.869056221997,2,0.11087276388158
5296,0.0438361483207144,248.916028327793,2,0.128377527724386
5297,0.0547854785478548,248.963000433589,2,0.00478252323803883
5298,0.0696952048145991,249.009972539384,2,8.59808853335578e-06
5299,0.0898854591341487,249.05694464518,2,7.66596496462546e-11
5300,0.10658124635993,249.103916750976,2,3.5735446555972e-16
5301,0.117957678120753,249.150888856771,2,2.09097632236709e-20
5302,0.123742962531547,249.197860962567,2,9.57119284661141e-23
5303,0.124325373713842,249.244833068363,2,5.47599092622535e-23
5304,0.122694622403417,249.291805174158,2,2.59564507071319e-22
5305,0.113958454668996,249.338777279954,2,7.30799567324578e-19
5306,0.108056688021743,249.385749385749,2,1.07548549535634e-16
5307,0.106930693069307,249.432721491545,2,2.6935593805484e-16
5308,0.112250048534265,249.479693597341,2,3.19734748961678e-18
5309,0.119161327897496,249.526665703136,2,6.98273950452218e-21
5310,0.123082896524947,249.573637808932,2,1.79578835023877e-22
5311,0.127781013395457,249.620609914728,2,1.87606590625029e-24
5312,0.131780236847214,249.667582020523,2,3.31997128736683e-26
5313,0.13694428266356,249.714554126319,2,1.47525083895147e-28
5314,0.139817511162881,249.761526232115,2,6.547516302901e-30
5315,0.138613861386139,249.80849833791,2,2.43570674557753e-29
5316,0.129062317996506,249.855470443706,2,5.22983627643731e-25
5317,0.108289652494661,249.902442549501,2,8.8820971418986e-17
5318,0.0877887788778878,249.949414655297,2,3.02098708017838e-10
5319,0.0590564938846826,249.996386761093,2,0.000954041745827389
5320,0.0406523005241701,250.043358866888,2,0.247029002725076
5321,0.0273344981556979,250.090330972684,1,0.783494045529438
5322,0.0192972238400311,250.13730307848,1,0.880119697526009
5323,0.0125024267132596,250.184275184275,1,0.896256297820034
5324,0.0091244418559503,250.231247290071,1,0.889807386900559
5325,0.0062123859444768,250.278219395866,1,0.875603786680306
5326,0.00520287322849932,250.325191501662,1,0.868382563910154
5327,0.00780430984274898,250.372163607458,1,0.884483964166482
5328,0.0112211221122112,250.419135713253,1,0.894946403872733
5329,0.0173170258202291,250.466107819049,1,0.889158291973884
5330,0.0191807416035721,250.513079924845,1,0.880767057154368
5331,0.0171228887594642,250.56005203064,1,0.889832947462736
5332,0.015492137449039,250.607024136436,1,0.894148687614512
5333,0.0190642593671132,250.653996242232,1,0.881399139631238
5334,0.0248883711900602,250.700968348027,1,0.826428347910695
5335,0.0360318384779654,250.747940453823,2,0.473012391504034
5336,0.0512133566297806,250.794912559618,2,0.0161815786963837
5337,0.0734226363812852,250.841884665414,2,1.30993860110792e-06
5338,0.0887206367695593,250.88885677121,2,1.64999435484116e-10
5339,0.109803921568627,250.935828877005,2,2.5320072549466e-17
5340,0.128169287516987,250.982800982801,2,1.27583721224437e-24
5341,0.14358377014172,251.029773088597,2,9.88436531047334e-32
5342,0.164783537177247,251.076745194392,2,5.18846118413513e-43
5343,0.18722578140167,251.123717300188,2,6.59837820456494e-57
5344,0.20077654824306,251.170689405984,3,2.84931788098199e-66
5345,0.212463599301107,251.217661511779,3,6.46290053504329e-75
5346,0.219336051252184,251.264633617575,3,3.08500228298593e-80
5347,0.22566491943312,251.31160572337,3,2.72959329944852e-85
5348,0.2293146961755,251.358577829166,3,2.85789405104719e-88
5349,0.23257619879635,251.405549934962,3,5.65534510670068e-91
5350,0.23622597553873,251.452522040757,3,4.80637859323966e-94
5351,0.238866239565133,251.499494146553,3,2.69676328633085e-96
5352,0.240458163463405,251.546466252349,3,1.152478815044e-97
5353,0.242438361483207,251.593438358144,3,2.21761882021343e-99
5354,0.242554843719666,251.64041046394,3,1.75600850988131e-99
5355,0.241312366530771,251.687382569736,3,2.10483031317101e-98
5356,0.239720442632499,251.734354675531,3,4.98042688092171e-97
5357,0.238982721801592,251.781326781327,3,2.14270667701697e-96
5358,0.238788584740827,251.828298887122,3,3.14342215982668e-96
5359,0.238672102504368,251.875270992918,3,3.95550787023866e-96
5360,0.239293341098816,251.922243098714,3,1.15979039289541e-96
5361,0.238555620267909,251.969215204509,3,4.97683740394839e-96
5362,0.231721995728985,252.016187310305,3,2.91227398603698e-90
5363,0.221898660454281,252.063159416101,3,2.88896785754506e-82
5364,0.208231411376432,252.110131521896,3,1.00047472376617e-71
5365,0.188468258590565,252.157103627692,2,9.79298910505187e-58
5366,0.16194913609008,252.204075733488,2,2.11733450260339e-41
5367,0.134381673461464,252.251047839283,2,2.23273481588384e-27
5368,0.116754028344011,252.298019945079,2,6.18323515032328e-20
5369,0.104562220927975,252.344992050874,2,1.79254320285401e-15
5370,0.107163657542225,252.39196415667,2,2.22958080707292e-16
5371,0.120248495437779,252.438936262466,2,2.56511252367497e-21
5372,0.135934769947583,252.485908368261,2,4.33200916599021e-28
5373,0.145253348864298,252.532880474057,2,1.47979466161497e-32
5374,0.152669384585517,252.579852579853,2,2.37892126555891e-36
5375,0.163929334109882,252.626824685648,2,1.59900333156062e-42
5376,0.173480877499515,252.673796791444,2,3.72507633892397e-48
5377,0.174684527276257,252.72076889724,2,6.84250507552567e-49
5378,0.173752669384586,252.767741003035,2,2.54373404789758e-48
5379,0.174140943506115,252.814713108831,2,1.47330109014321e-48
5380,0.175344593282858,252.861685214626,2,2.68632636122303e-49
5381,0.176043486701611,252.908657320422,2,9.93793553261112e-50
5382,0.178955542613085,252.955629426218,2,1.50178903574e-51
5383,0.185633857503397,253.002601532013,2,7.44687991967861e-56
5384,0.192739273927393,253.049573637809,3,1.24775566293955e-60
5385,0.200893030479519,253.096545743605,3,2.35040508103601e-66
5386,0.210988157639293,253.1435178494,3,8.51238048569467e-74
5387,0.22306348281887,253.190489955196,3,3.39456380727061e-83
5388,0.233702193748787,253.237462060992,3,6.45977657430517e-92
5389,0.242710153368278,253.284434166787,3,1.28618841170036e-99
5390,0.248961366724908,253.331406272583,3,3.94073516952321e-105
5391,0.250980392156863,253.378378378378,3,6.09779886742831e-107
5392,0.249000194137061,253.425350484174,3,3.63829414822596e-105
5393,0.250825082508251,253.47232258997,3,8.41292261452001e-107
5394,0.246437584934964,253.519294695765,3,6.89113175913186e-103
5395,0.241622985827995,253.566266801561,3,1.13255392030807e-98
5396,0.234168122694622,253.613238907357,3,2.62419771303084e-92
5397,0.223335274703941,253.660211013152,3,2.05628913162816e-83
5398,0.20038827412153,253.707183118948,3,5.40785516861358e-66
5399,0.166996699669967,253.754155224743,2,2.72253988517087e-44
5400,0.145214521452145,253.801127330539,2,1.5470475287614e-32
5401,0.139079790331974,253.848099436335,2,1.46698211466449e-29
5402,0.143661424966026,253.89507154213,2,9.05370836188976e-32
5403,0.155814404969909,253.942043647926,2,5.04328799394185e-38
5404,0.169947582993593,253.989015753722,2,4.9842778745021e-46
5405,0.18058629392351,254.035987859517,2,1.38693867662175e-52
5406,0.188118811881188,254.082959965313,2,1.67709951943773e-57
5407,0.192079207920792,254.129932071109,3,3.53359608880225e-60
5408,0.19374878664337,254.176904176904,3,2.51991708256619e-61
5409,0.193515822170452,254.2238762827,3,3.64810236723378e-61
5410,0.190681421083285,254.270848388495,2,3.16157669241503e-59
5411,0.191263832265579,254.317820494291,3,1.27146867058583e-59
5412,0.196932634439915,254.364792600087,3,1.52803304182616e-63
5413,0.204503979809746,254.411764705882,3,5.67352966925683e-69
5414,0.211958842943118,254.458736811678,3,1.56447261391083e-74
5415,0.216579304989322,254.505708917474,3,4.41189869824195e-78
5416,0.216501650165017,254.552681023269,3,5.06916196938128e-78
5417,0.209823335274704,254.599653129065,3,6.43032741499804e-73
5418,0.200310619297224,254.646625234861,3,6.14627994339747e-66
5419,0.185595030091244,254.693597340656,2,7.89804030917763e-56
5420,0.167346146379344,254.740569446452,2,1.7024000762724e-44
5421,0.148204232187925,254.787541552247,2,4.85499023609257e-34
5422,0.13511939429237,254.834513658043,2,1.02733466058991e-27
5423,0.129838866239565,254.881485763839,2,2.39466202213813e-25
5424,0.128635216462823,254.928457869634,2,8.0186022089236e-25
5425,0.140361094933023,254.97542997543,2,3.60240419176356e-30
5426,0.147699475829936,255.022402081226,2,8.75833757214199e-34
5427,0.161094933022714,255.069374187021,2,6.38172063072327e-41
5428,0.17693651718113,255.116346292817,2,2.77074799283505e-50
5429,0.18971073577946,255.163318398613,2,1.43301059168064e-58
5430,0.198485730926034,255.210290504408,3,1.22524876827374e-64
5431,0.205785284410794,255.257262610204,3,6.5044168542259e-70
5432,0.211182294700058,255.304234715999,3,6.07009025777203e-74
5433,0.21537565521258,255.351206821795,3,3.77524839316054e-77
5434,0.217705299941759,255.398178927591,3,5.85639975515122e-79
5435,0.220423218792467,255.445151033386,3,4.28154418610758e-81
5436,0.223141137643176,255.492123139182,3,2.94178823005197e-83
5437,0.224849543777907,255.539095244978,3,1.24531596411827e-84
5438,0.221859833042128,255.586067350773,3,3.10210397008461e-82
5439,0.217239370995923,255.633039456569,3,1.35235273535047e-78
5440,0.215181518151815,255.680011562365,3,5.33113528293807e-77
5441,0.205202873228499,255.72698366816,3,1.74399621177093e-69
5442,0.198213939040963,255.773955773956,3,1.90846010710608e-64
5443,0.190603766258979,255.820927879751,2,3.56901799817629e-59
5444,0.179227334498156,255.867899985547,2,1.01141495338379e-51
5445,0.161599689380703,255.914872091343,2,3.32778879773456e-41
5446,0.14214715589206,255.961844197138,2,4.96624974218298e-31
5447,0.123005241700641,256.008816302934,2,1.93329752316189e-22
5448,0.107940205785284,256.05578840873,2,1.1832393245427e-16
5449,0.108250825082508,256.102760514525,2,9.17017989366099e-17
5450,0.113259561250243,256.149732620321,2,1.34075377807212e-18
5451,0.125645505727043,256.196704726117,2,1.52772614335249e-23
5452,0.143933216851097,256.243676831912,2,6.65603698634358e-32
5453,0.16222092797515,256.290648937708,2,1.48841434407501e-41
5454,0.176237623762376,256.337621043503,2,7.53327391209798e-50
5455,0.191263832265579,256.384593149299,3,1.27146867058583e-59
5456,0.204620462046205,256.431565255095,3,4.66226970770674e-69
5457,0.211376431760823,256.47853736089,3,4.32711893631762e-74
5458,0.223956513298389,256.525509466686,3,6.52345753789654e-84
5459,0.235721219180742,256.572481572482,3,1.286231426007e-93
5460,0.242438361483207,256.619453678277,3,2.21761882021343e-99
5461,0.247680062123859,256.666425784073,3,5.45763822337426e-104
5462,0.25237817899437,256.713397889869,3,3.33711587809167e-108
5463,0.258512910114541,256.760369995664,3,8.0141419319138e-114
5464,0.265385362065618,256.80734210146,3,2.82460257307857e-120
5465,0.272607260726073,256.854314207255,3,3.09562514796646e-127
5466,0.280178606095904,256.901286313051,3,9.92618470757583e-135
5467,0.285808580858086,256.948258418847,3,1.96657398037097e-140
5468,0.285264997087944,256.995230524642,3,7.06660454200098e-140
5469,0.284837895554261,257.042202630438,3,1.92728917475281e-139
5470,0.285692098621627,257.089174736234,3,2.58722107493215e-140
5471,0.283207144243836,257.136146842029,3,8.76534355724733e-138
5472,0.279052611143467,257.183118947825,3,1.33053763703209e-133
5473,0.269112793632304,257.23009105362,3,7.61216081890497e-124
5474,0.260920209668026,257.277063159416,3,4.59682167211234e-116
5475,0.249660260143661,257.324035265212,3,9.34396043721157e-106
5476,0.237041351193943,257.371007371007,3,9.75703029222609e-95
5477,0.221005629974762,257.417979476803,3,1.48036069376538e-81
5478,0.198524558338187,257.464951582599,3,1.15002379491344e-64
5479,0.173170258202291,257.511923688394,2,5.75571391254434e-48
5480,0.15492137449039,257.55889579419,2,1.52019275851736e-37
5481,0.13810910502815,257.605867899986,2,4.20958183122645e-29
5482,0.130382450009707,257.652840005781,2,1.38170068096578e-25
5483,0.130188312948942,257.699812111577,2,1.68205059857851e-25
5484,0.142224810716366,257.746784217372,2,4.55339265955486e-31
5485,0.157600465928946,257.793756323168,2,5.43154195645508e-39
5486,0.172859638905067,257.840728428964,2,8.88532325168149e-48
5487,0.188312948941953,257.887700534759,2,1.24398997105981e-57
5488,0.199456416229858,257.934672640555,3,2.5034585022368e-65
5489,0.205668802174335,257.981644746351,3,7.9246213315182e-70
5490,0.212541254125413,258.028616852146,3,5.63995563011367e-75
5491,0.218675985245583,258.075588957942,3,1.01827817272956e-79
5492,0.222481071636575,258.122561063738,3,9.91699156366232e-83
5493,0.226014366142497,258.169533169533,3,1.42185493842168e-85
5494,0.226907396622015,258.216505275329,3,2.67305617197293e-86
5495,0.223179965055329,258.263477381124,3,2.73852625311592e-83
5496,0.219724325373714,258.31044948692,3,1.52561804436444e-80
5497,0.217549990293147,258.357421592716,3,7.74234194374452e-79
5498,0.212968355659095,258.404393698511,3,2.66403993503748e-75
5499,0.210871675402834,258.451365804307,3,1.04255053373402e-73
5500,0.214676761793826,258.498337910103,3,1.30569451457536e-76
5501,0.219064259367113,258.545310015898,3,5.04654619679932e-80
5502,0.223529411764706,258.592282121694,3,1.43687878685349e-83
5503,0.232615026208503,258.63925422749,3,5.24860190195152e-91
5504,0.241195884294312,258.686226333285,3,2.65499050119897e-98
5505,0.243370219374879,258.733198439081,3,3.41708032386342e-100
5506,0.248844884488449,258.780170544876,3,5.00706880524244e-105
5507,0.255018443020773,258.827142650672,3,1.3216962594176e-110
5508,0.257425742574257,258.874114756468,3,8.11715510355268e-113
5509,0.258202290817317,258.921086862263,3,1.55446698701423e-113
5510,0.258435255290235,258.968058968059,3,9.45845165959153e-114
5511,0.256959813628422,259.015031073855,3,2.18311276826971e-112
5512,0.254280722189866,259.06200317965,3,6.234825764947e-110
5513,0.252417006406523,259.108975285446,3,3.07767427028724e-108
5514,0.249000194137061,259.155947391242,3,3.63829414822596e-105
5515,0.243758493496408,259.202919497037,3,1.56428257061892e-100
5516,0.240924092409241,259.249891602833,3,4.56228476910412e-98
5517,0.239836924868957,259.296863708628,3,3.953958833525e-97
5518,0.23661424966026,259.343835814424,3,2.25087757787835e-94
5519,0.227567462628616,259.39080792022,3,7.73858798616676e-87
5520,0.218870122306348,259.437780026015,3,7.16967257397451e-80
5521,0.209473888565327,259.484752131811,3,1.17679004857652e-72
5522,0.205280528052805,259.531724237607,3,1.52935437043098e-69
5523,0.203377984857309,259.578696343402,3,3.76127604895684e-68
5524,0.208813822558726,259.625668449198,3,3.67468751623541e-72
5525,0.21836536594836,259.672640554994,3,1.78388447560266e-79
5526,0.226790914385556,259.719612660789,3,3.32542499863431e-86
5527,0.230324208891477,259.766584766585,3,4.20053209654284e-89
5528,0.230479518540089,259.81355687238,3,3.12510791765141e-89
5529,0.23113958454669,259.860528978176,3,8.8722018414803e-90
5530,0.233818675985246,259.907501083972,3,5.15804467730778e-92
5531,0.236031838477965,259.954473189767,3,7.02019500673358e-94
5532,0.236264802950883,260.001445295563,3,4.45549116655044e-94
5533,0.234944670937682,260.048417401359,3,5.82419319611563e-93
5534,0.232847990681421,260.095389507154,3,3.35302899697293e-91
5535,0.229508833236265,260.14236161295,3,1.97782608719541e-88
5536,0.226130848378956,260.189333718746,3,1.14378124479542e-85
5537,0.214404969908756,260.236305824541,3,2.11312473863656e-76
5538,0.206134731120171,260.283277930337,3,3.59409899742228e-70
5539,0.188701223063483,260.330250036132,2,6.83727219293091e-58
5540,0.164239953407105,260.377222141928,2,1.06276621561723e-42
5541,0.139895165987187,260.424194247724,2,6.01279899819983e-30
5542,0.124364201125995,260.471166353519,2,5.27533798490291e-23
5543,0.120170840613473,260.518138459315,2,2.75625771062896e-21
5544,0.122228693457581,260.565110565111,2,4.03164806774512e-22
5545,0.129916521063871,260.612082670906,2,2.21408445037762e-25
5546,0.135585323238206,260.659054776702,2,6.27658444896176e-28
5547,0.144632110269851,260.706026882497,2,3.00842340461917e-32
5548,0.152086973403223,260.752998988293,2,4.80912927548743e-36
5549,0.158260531935547,260.799971094089,2,2.36632997393447e-39
5550,0.163502232576199,260.846943199884,2,2.8000162552625e-42
5551,0.168200349446709,260.89391530568,2,5.37702066366867e-45
5552,0.169520481459911,260.940887411476,2,8.93787764805944e-46
5553,0.172937293729373,260.987859517271,2,7.97198150115621e-48
5554,0.170219374878664,261.034831623067,2,3.43413226304201e-46
5555,0.167695593088721,261.081803728863,2,1.06330576447324e-44
5556,0.167773247913027,261.128775834658,2,9.57565511491598e-45
5557,0.169986410405746,261.175747940454,2,4.72615879218332e-46
5558,0.17212191807416,261.222720046249,2,2.48298402277734e-47
5559,0.172743156668608,261.269692152045,2,1.04541315971923e-47
5560,0.173014948553679,261.316664257841,2,7.15212276964157e-48
5561,0.176470588235294,261.363636363636,2,5.40017284523898e-50
5562,0.180896913220734,261.410608469432,2,8.78583175059718e-53
5563,0.185478547854785,261.457580575228,2,9.42145775647354e-56
5564,0.18683750728014,261.504552681023,2,1.19422878106832e-56
5565,0.186876334692293,261.551524786819,2,1.12551060594414e-56
5566,0.189089497185013,261.598496892615,2,3.75274616564379e-58
5567,0.196272568433314,261.64546899841,3,4.43667285693595e-63
5568,0.204931081343428,261.692441104206,3,2.76055554111281e-69
5569,0.212152980003883,261.739413210001,3,1.11380869411303e-74
5570,0.218093574063289,261.786385315797,3,2.9116520825529e-79
5571,0.226247330615414,261.833357421593,3,9.19986838468904e-86
5572,0.231877305377597,261.880329527388,3,2.16278606639038e-90
5573,0.236070665890118,261.927301633184,3,6.50809229770066e-94
5574,0.239254513686663,261.97427373898,3,1.25233696949202e-96
5575,0.241195884294312,262.021245844775,3,2.65499050119897e-98
5576,0.241467676179383,262.068217950571,3,1.54411935864675e-98
5577,0.240419336051252,262.115190056367,3,1.24490335175847e-97
5578,0.241118229470006,262.162162162162,3,3.09932240054007e-98
5579,0.241817122888759,262.209134267958,3,7.68530008418905e-99
5580,0.241234711706465,262.256106373753,3,2.45727090454973e-98
5581,0.239409823335275,262.303078479549,3,9.21132725752227e-97
5582,0.237119006018249,262.350050585345,3,8.37995133745944e-95
5583,0.233158609978645,262.39702269114,3,1.84357043300421e-91
5584,0.228305183459522,262.443994796936,3,1.92806220587974e-87
5585,0.222985827994564,262.490966902732,3,3.9168293049825e-83
5586,0.211415259172976,262.537939008527,3,4.04373533475281e-74
5587,0.197748010095127,262.584911114323,3,4.07330539880789e-64
5588,0.187769365171811,262.631883220119,2,2.86890387509932e-57
5589,0.18019801980198,262.678855325914,2,2.45105369329226e-52
5590,0.174373907979033,262.72582743171,2,1.06093994038236e-48
5591,0.173869151621044,262.772799537505,2,2.15964141409343e-48
5592,0.176470588235294,262.819771643301,2,5.40017284523898e-50
5593,0.185711512327703,262.866743749097,2,6.62012593128602e-56
5594,0.188778877887789,262.913715854892,2,6.06490621290531e-58
5595,0.191108522616968,262.960687960688,3,1.62154733879699e-59
5596,0.190681421083285,263.007660066484,2,3.16157669241503e-59
5597,0.188973014948554,263.054632172279,2,4.4933704595001e-58
5598,0.183692486895748,263.101604278075,2,1.38618087274875e-54
5599,0.175072801397787,263.148576383871,2,3.94977031863119e-49
5600,0.167967384973791,263.195548489666,2,7.36780632918675e-45
5601,0.153407105416424,263.242520595462,2,9.71120139517512e-37
5602,0.150922151038633,263.289492701257,2,1.94744856412221e-35
5603,0.14867016113376,263.336464807053,2,2.81053157975376e-34
5604,0.148631333721607,263.383436912849,2,2.94173780682625e-34
5605,0.147738303242089,263.430409018644,2,8.37040513049199e-34
5606,0.145136866627839,263.47738112444,2,1.69079365521642e-32
5607,0.143894389438944,263.524353230236,2,6.95537242911578e-32
5608,0.144127353911862,263.571325336031,2,5.34078806006267e-32
5609,0.151970491166764,263.618297441827,2,5.53407054438822e-36
5610,0.161250242671326,263.665269547623,2,5.2243937714952e-41
5611,0.167734420500874,263.712241653418,2,1.00905854275466e-44
5612,0.166841390021355,263.759213759214,2,3.35308521920936e-44
5613,0.163424577751893,263.806185865009,2,3.09970695731599e-42
5614,0.157173364395263,263.853157970805,2,9.27888540459488e-39
5615,0.146884100174723,263.900130076601,2,2.2607492391774e-33
5616,0.136750145602796,263.947102182396,2,1.81607460309656e-28
5617,0.116715200931858,263.994074288192,2,6.40197810227666e-20
5618,0.108872063676956,264.041046393988,2,5.49415094402403e-17
5619,0.0880217433508057,264.088018499783,2,2.5988892249665e-10
5620,0.073772083090662,264.134990605579,2,1.09136542084935e-06
5621,0.0696952048145991,264.181962711375,2,8.59808853335578e-06
5622,0.0622791690933799,264.22893481717,2,0.000254132625839026
5623,0.0538147932440303,264.275906922966,2,0.0067413502082097
5624,0.0507474276839449,264.322879028761,2,0.0187947420922561
5625,0.0508639099204038,264.369851134557,2,0.0181081415293048
5626,0.0533488642981945,264.416823240353,2,0.00792405694952342
5627,0.0555620267909144,264.463795346148,2,0.00361132223718866
5628,0.0569598136284217,264.510767451944,2,0.00214832043699977
5629,0.0554067171423025,264.55773955774,2,0.00382169358834934
5630,0.0531935546495826,264.604711663535,2,0.00835889565797831
5631,0.0483789555426131,264.651683769331,2,0.0388027559589237
5632,0.0443797320908561,264.698655875127,2,0.112959104946839
5633,0.0315666860803727,264.745627980922,1,0.665820979302015
5634,0.0309454474859251,264.792600086718,1,0.687108898461727
5635,0.0284216656959814,264.839572192513,1,0.759073667054933
5636,0.0251213356629781,264.886544298309,1,0.822972634721043
5637,0.0224422442244224,264.933516404105,1,0.856092608022309
5638,0.021316249271986,264.9804885099,1,0.866266201937665
5639,0.0214715589205979,265.027460615696,1,0.864976067276258
5640,0.0220539701028926,265.074432721492,1,0.85982073464344
5641,0.0234905843525529,265.121404827287,1,0.844762766120229
5642,0.0241118229470006,265.168376933083,1,0.837101344319651
5643,0.0226363812851873,265.215349038878,1,0.854136971246263
5644,0.0206173558532324,265.262321144674,1,0.871655113357003
5645,0.0211609396233741,265.30929325047,1,0.867521950316055
5646,0.023374102116094,265.356265356265,1,0.846117772750313
5647,0.0320326150262085,265.403237462061,1,0.648895048879059
5648,0.042632498543972,265.450209567857,2,0.167657398715697
5649,0.0528829353523588,265.497181673652,2,0.0092950270515499
5650,0.0631333721607455,265.544153779448,2,0.00017627946733043
5651,0.0802562609202097,265.591125885244,2,3.04608821172377e-08
5652,0.100990099009901,265.638097991039,2,2.85153106150902e-14
5653,0.123238206173559,265.685070096835,2,1.54917251985849e-22
5654,0.144166181324015,265.73204220263,2,5.11052893499416e-32
5655,0.159192389827218,265.779014308426,2,7.27292501992036e-40
5656,0.166414288487672,265.825986414222,2,5.93934453557157e-44
5657,0.170335857115123,265.872958520017,2,2.92677467543129e-46
5658,0.166453115899825,265.919930625813,2,5.63892877330341e-44
5659,0.157678120753252,265.966902731609,2,4.92674189690261e-39
5660,0.146379343816735,266.013874837404,2,4.05420854896838e-33
5661,0.132129683556591,266.0608469432,2,2.31822802589846e-26
5662,0.117452921762765,266.107819048996,2,3.29969299278586e-20
5663,0.103397398563386,266.154791154791,2,4.47264088671178e-15
5664,0.0950106775383421,266.201763260587,2,2.28687890654307e-12
5665,0.0817317025820229,266.248735366382,2,1.28248763457233e-08
5666,0.0650747427683945,266.295707472178,2,7.4979949060403e-05
5667,0.0495826053193555,266.342679577974,2,0.027053804367798
5668,0.0371190060182489,266.389651683769,2,0.418659541086026
5669,0.0229858279945642,266.436623789565,1,0.850457015214238
5670,0.0112987769365172,266.483595895361,1,0.895064132028472
5671,0.00745486313337216,266.530568001156,1,0.882777342406577
5672,0.00807610172781984,266.577540106952,1,0.885722563731842
5673,0.00376625897883906,266.624512212748,1,0.855631112832279
5674,0.00364977674238012,266.671484318543,1,0.854456301730464
5675,0.00341681226946224,266.718456424339,1,0.852038565023359
5676,0.00380508639099204,266.765428530134,1,0.856017750670687
5677,0.00415453310036886,266.81240063593,1,0.859388028862105
5678,0.0036886041545331,266.859372741726,1,0.854850400196314
5679,0.0034944670937682,266.906344847521,1,0.85285468103615
5680,0.00380508639099204,266.953316953317,1,0.856017750670687
5681,0.00613473112017084,267.000289059113,1,0.875094769922606
5682,0.00535818287711124,267.047261164908,1,0.869581227560112
5683,0.0071830712483013,267.094233270704,1,0.881358649984606
5684,0.00908561444379732,267.141205376499,1,0.889675025145952
5685,0.0131236653077072,267.188177482295,1,0.896413079344854
5686,0.0195690157251019,267.235149588091,1,0.878548748828079
5687,0.0316055134925257,267.282121693886,1,0.664441926583637
5688,0.0453892448068336,267.329093799682,2,0.0880385783511171
5689,0.0575810522228693,267.376065905478,2,0.00169592891850172
5690,0.0783925451368666,267.423038011273,2,8.84345352448624e-08
5691,0.104989322461658,267.470010117069,2,1.27817826471866e-15
5692,0.127315084449621,267.516982222865,2,2.97466796425318e-24
5693,0.146651135701805,267.56395432866,2,2.96105006864823e-33
5694,0.165171811298777,267.610926434456,2,3.10374715161711e-43
5695,0.17980974568045,267.657898540251,2,4.32553621370139e-52
5696,0.187730537759658,267.704870646047,2,3.04503512576846e-57
5697,0.198524558338187,267.751842751843,3,1.15002379491344e-64
5698,0.203960396039604,267.798814857638,3,1.41590093023657e-68
5699,0.210017472335469,267.845786963434,3,4.59432110914866e-73
5700,0.214016695787226,267.89275906923,3,4.19896457172202e-76
5701,0.215880411570569,267.939731175025,3,1.53681755862813e-77
5702,0.218248883711901,267.986703280821,3,2.20083863648067e-79
5703,0.220927975150456,268.033675386617,3,1.70583387339918e-81
5704,0.223024655406717,268.080647492412,3,3.64638103308435e-83
5705,0.225820229081732,268.127619598208,3,2.04299277037295e-85
5706,0.227528635216463,268.174591704003,3,8.3247781686031e-87
5707,0.232847990681421,268.221563809799,3,3.35302899697293e-91
5708,0.239409823335275,268.268535915595,3,9.21132725752227e-97
5709,0.243991457969326,268.31550802139,3,9.78260086421559e-101
5710,0.244573869151621,268.362480127186,3,3.01966990816649e-101
5711,0.245156280333916,268.409452232982,3,9.2952510139044e-102
5712,0.24651523975927,268.456424338777,3,5.88329251314279e-103
5713,0.245661036691904,268.503396444573,3,3.34053526888105e-102
5714,0.247252960590177,268.550368550369,3,1.30673831570666e-103
5715,0.247990681421083,268.597340656164,3,2.88954088725095e-104
5716,0.246398757522811,268.64431276196,3,7.45791785144604e-103
5717,0.246049310813434,268.691284867755,3,1.51817038596053e-102
5718,0.248844884488449,268.738256973551,3,5.00706880524244e-105
5719,0.251135701805475,268.785229079347,3,4.41889824290135e-107
5720,0.250359153562415,268.832201185142,3,2.20676688545239e-106
5721,0.249699087555814,268.879173290938,3,8.62492880508913e-106
5722,0.24834012813046,268.926145396734,3,1.41163546380904e-104
5723,0.246631721995729,268.973117502529,3,4.64061140776143e-103
5724,0.245699864104057,269.020089608325,3,3.08738335821883e-102
5725,0.247058823529412,269.067061714121,3,1.9423671277212e-103
5726,0.247796544360318,269.114033819916,3,4.30010266027722e-104
5727,0.247563579887401,269.161005925712,3,6.92600193762344e-104
5728,0.246282275286352,269.207978031507,3,9.45293476728399e-103
5729,0.249427295670744,269.254950137303,3,1.51032983828885e-105
5730,0.244496214327315,269.301922243099,3,3.53260433087044e-101
5731,0.24208891477383,269.348894348894,3,4.46353036911931e-99
5732,0.242399534071054,269.39586645469,3,2.39697192442524e-99
5733,0.240458163463405,269.442838560486,3,1.152478815044e-97
5734,0.239992234517569,269.489810666281,3,2.90610374337182e-97
5735,0.241545331003689,269.536782772077,3,1.32245406806214e-98
5736,0.242127742185983,269.583754877873,3,4.12995481790034e-99
5737,0.241584158415842,269.630726983668,3,1.22383373968534e-98
5738,0.239798097456804,269.677699089464,3,4.2702075596535e-97
5739,0.238167346146379,269.724671195259,3,1.06932136735834e-95
5740,0.237351970491167,269.771643301055,3,5.30742597185722e-95
5741,0.236924868957484,269.818615406851,3,1.22572076966975e-94
5742,0.23622597553873,269.865587512646,3,4.80637859323966e-94
5743,0.234711706464764,269.912559618442,3,9.15356878868177e-93
5744,0.233663366336634,269.959531724238,3,6.9628040029613e-92
5745,0.229159386526888,270.006503830033,3,3.83561409645732e-88
5746,0.227140361094933,270.053475935829,3,1.72656529433433e-86
5747,0.225160163075131,270.100448041625,3,6.98950576202773e-85
5748,0.221432731508445,270.14742014742,3,6.78178728221304e-82
5749,0.214521452145215,270.194392253216,3,1.71929864981979e-76
5750,0.205707629586488,270.241364359011,3,7.4198337071251e-70
5751,0.198213939040963,270.288336464807,3,1.90846010710608e-64
5752,0.193942923704135,270.335308570603,3,1.85064413436322e-61
5753,0.189749563191613,270.382280676398,2,1.34917191868363e-58
5754,0.179460298971074,270.429252782194,2,7.20340742660273e-52
5755,0.16742380120365,270.47622488799,2,1.5334904131396e-44
5756,0.153717724713648,270.523196993785,2,6.64968313157306e-37
5757,0.138846825859056,270.570169099581,2,1.89072621782432e-29
5758,0.122151038633275,270.617141205377,2,4.33786339681617e-22
5759,0.101688992428655,270.664113311172,2,1.6739844049774e-14
5760,0.0841390021355077,270.711085416968,2,3.00296476060744e-09
5761,0.0745874587458746,270.758057522763,2,7.09904513522818e-07
5762,0.0649970879440885,270.805029628559,2,7.76367793132229e-05
5763,0.0593671131819064,270.852001734355,2,0.000843157997069727
5764,0.0566103669190448,270.89897384015,2,0.00245022500737403
5765,0.0527276257037468,270.945945945946,2,0.00979828810387834
5766,0.0573092603377985,270.992918051742,2,0.0018815625797685
5767,0.0715200931857892,271.039890157537,2,3.47418071006538e-06
5768,0.0838283828382838,271.086862263333,2,3.63184539789082e-09
5769,0.0983886623956513,271.133834369129,2,1.99530325830743e-13
5770,0.111240535818288,271.180806474924,2,7.55784614162559e-18
5771,0.12677150067948,271.22777858072,2,5.08108044003668e-24
5772,0.136090079596195,271.274750686515,2,3.67256391208866e-28
5773,0.140827023878858,271.321722792311,2,2.15415367811083e-30
5774,0.147155892059794,271.368694898107,2,1.6491548719383e-33
5775,0.157483983692487,271.415667003902,2,6.28671068114507e-39
5776,0.16598718695399,271.462639109698,2,1.05026815898874e-43
5777,0.175965831877305,271.509611215494,2,1.11014181803532e-49
5778,0.184080761017278,271.556583321289,2,7.74570101746035e-55
5779,0.193515822170452,271.603555427085,3,3.64810236723378e-61
5780,0.198485730926034,271.650527532881,3,1.22524876827374e-64
5781,0.201591923898272,271.697499638676,3,7.38686729841814e-67
5782,0.205397010289264,271.744471744472,3,1.25576733840294e-69
5783,0.209551543389633,271.791443850267,3,1.02899370614698e-72
5784,0.212230634828189,271.838415956063,3,9.72183913462193e-75
5785,0.217394680644535,271.885388061859,3,1.02335295500258e-78
5786,0.210250436808387,271.932360167654,3,3.06775952198809e-73
5787,0.201242477188895,271.97933227345,3,1.31836502631823e-66
5788,0.184896136672491,272.026304379246,2,2.27141476450481e-55
5789,0.168316831683168,272.073276485041,2,4.59263109274611e-45
5790,0.142380120364978,272.120248590837,2,3.82717855382035e-31
5791,0.102814987381091,272.167220696633,2,7.03396549399713e-15
5792,0.0766064841778295,272.214192802428,2,2.38772896024667e-07
5793,0.0600660066006601,272.261164908224,2,0.000636554100870546
5794,0.0531158998252766,272.308137014019,2,0.00858444127232364
5795,0.0497767423801204,272.355109119815,2,0.0254861296170567
5796,0.0553290623179965,272.402081225611,2,0.00393110719664948
5797,0.0646864686468647,272.449053331406,2,8.91929105413117e-05
5798,0.0747039409823335,272.496025437202,2,6.67290336290416e-07
5799,0.0868569209862163,272.542997542998,2,5.48980108116089e-10
5800,0.0975344593282858,272.589969648793,2,3.73170832729815e-13
5801,0.112133566297806,272.636941754589,2,3.53259671739069e-18
5802,0.125063094544749,272.683913860384,2,2.68814627644589e-23
5803,0.141875364006989,272.73088596618,2,6.72625478662222e-31
5804,0.158726460881382,272.777858071976,2,1.31317284290599e-39
5805,0.175888177052999,272.824830177771,2,1.24004190427455e-49
5806,0.190953212968356,272.871802283567,3,2.06756056074515e-59
5807,0.206057076295865,272.918774389363,3,4.1008930924419e-70
5808,0.218015919238983,272.965746495158,3,3.34874406796061e-79
5809,0.225975538730344,273.012718600954,3,1.52879234268687e-85
5810,0.234090467870316,273.05969070675,3,3.04967804158909e-92
5811,0.244496214327315,273.106662812545,3,3.53260433087044e-101
5812,0.251096874393322,273.153634918341,3,4.78946242728452e-107
5813,0.254746651135702,273.200607024136,3,2.34184308603561e-110
5814,0.256882158804116,273.247579129932,3,2.57403092332243e-112
5815,0.258279945641623,273.294551235728,3,1.31729270221046e-113
5816,0.258318773053776,273.341523341523,3,1.21261992991555e-113
5817,0.259405940594059,273.388495447319,3,1.18782897967859e-114
5818,0.262046204620462,273.435467553115,3,4.04622214368223e-117
5819,0.26371578334304,273.48243965891,3,1.08121576621393e-118
5820,0.263405164045816,273.529411764706,3,2.12487091069233e-118
5821,0.263754610755193,273.576383870502,3,9.93598559421161e-119
5822,0.266278392545137,273.623355976297,3,3.98319488440464e-121
5823,0.265967773247913,273.670328082093,3,7.87870113254118e-121
5824,0.2644923315861,273.717300187888,3,1.99010159954743e-119
5825,0.263443991457969,273.764272293684,3,1.95287125608985e-118
5826,0.258202290817317,273.81124439948,3,1.55446698701423e-113
5827,0.252222869345758,273.858216505275,3,4.61224684559269e-108
5828,0.246243447874199,273.905188611071,3,1.02299221651161e-102
5829,0.23777907202485,273.952160716867,3,2.29469867142687e-95
5830,0.22710153368278,273.999132822662,3,1.8570950095255e-86
5831,0.217355853232382,274.046104928458,3,1.09723558991846e-78
5832,0.211881188118812,274.093077034254,3,1.79205638440848e-74
5833,0.207843137254902,274.140049140049,3,1.9475512375063e-71
5834,0.208503203261503,274.187021245845,3,6.27149699029816e-72
5835,0.209939817511163,274.23399335164,3,5.25584986432319e-73
5836,0.214676761793826,274.280965457436,3,1.30569451457536e-76
5837,0.22123859444768,274.327937563232,3,9.67226305779597e-82
5838,0.228732284993205,274.374909669027,3,8.60610024431495e-88
5839,0.239138031450204,274.421881774823,3,1.57657294773216e-96
5840,0.249893224616579,274.468853880619,3,5.77827423131472e-106
5841,0.253271209473889,274.515825986414,3,5.17136203253252e-109
5842,0.259716559891283,274.56279809221,3,6.10535752360045e-115
5843,0.267792661619103,274.609770198005,3,1.41670851549865e-122
5844,0.273267326732673,274.656742303801,3,7.00565256491725e-128
5845,0.276334692292759,274.703714409597,3,6.70809651548456e-131
5846,0.276800621238594,274.750686515392,3,2.31817198959173e-131
5847,0.274509803921569,274.797658621188,3,4.23262758630036e-129
5848,0.270665890118424,274.844630726984,3,2.39776777652384e-125
5849,0.267093768200349,274.891602832779,3,6.62262314770151e-122
5850,0.261735585323238,274.938574938575,3,7.91850089348787e-117
5851,0.252261696757911,274.985547044371,3,4.25387986554104e-108
5852,0.239526305571734,275.032519150166,3,7.31503827739951e-97
5853,0.223179965055329,275.079491255962,3,2.73852625311592e-83
5854,0.202756746262862,275.126463361757,3,1.06291809892762e-67
5855,0.17798485730926,275.173435467553,2,6.12792860812867e-51
5856,0.157639293341099,275.220407573349,2,5.17302351007831e-39
5857,0.134187536400699,275.267379679144,2,2.73659258809367e-27
5858,0.118112987769365,275.31435178494,2,1.81632980099346e-20
5859,0.100291205591147,275.361323890736,2,4.83693978976152e-14
5860,0.0948165404775772,275.408295996531,2,2.62311367536933e-12
5861,0.100951271597748,275.455268102327,2,2.93680973206914e-14
5862,0.112366530770724,275.502240208123,2,2.89357397517626e-18
5863,0.132090856144438,275.549212313918,2,2.41273681163486e-26
5864,0.153135313531353,275.596184419714,2,1.35168659793901e-36
5865,0.174451562803339,275.643156525509,2,9.50842225545956e-49
5866,0.19192389827218,275.690128631305,3,4.511706703135e-60
5867,0.208580858085809,275.737100737101,3,5.48741056110909e-72
5868,0.220112599495244,275.784072842896,3,7.53503457158663e-81
5869,0.231178411958843,275.831044948692,3,8.23789040402659e-90
5870,0.243020772665502,275.878017054488,3,6.89609922761048e-100
5871,0.253970102892642,275.924989160283,3,1.19649099863939e-109
5872,0.261619103086779,275.971961266079,3,1.01836341839544e-116
5873,0.268608037274316,276.018933371875,3,2.33202591066596e-123
5874,0.268763346922928,276.06590547767,3,1.65280279387053e-123
5875,0.269501067753834,276.112877583466,3,3.21276061924417e-124
5876,0.269811687051058,276.159849689261,3,1.60987732932842e-124
5877,0.269384585517375,276.206821795057,3,4.16219996013668e-124
5878,0.267016113376043,276.253793900853,3,7.85851588938746e-122
5879,0.259483595418365,276.300766006648,3,1.00583120005985e-114
5880,0.251873422636381,276.347738112444,3,9.54593912384539e-108
5881,0.242166569598136,276.39471021824,3,3.82126141919161e-99
5882,0.235682391768589,276.441682324035,3,1.38728639037305e-93
5883,0.22267520869734,276.488654429831,3,6.93934130536045e-83
5884,0.195845466899631,276.535626535627,3,8.82455639316474e-63
5885,0.16559891283246,276.582598641422,2,1.76084549273136e-43
5886,0.130188312948942,276.629570747218,2,1.68205059857851e-25
5887,0.0842943117841196,276.676542853013,2,2.7297690730874e-09
5888,0.0542030673655601,276.723514958809,2,0.00588258557648113
5889,0.034867016113376,276.770487064605,1,0.529108833448495
5890,0.0218986604542807,276.8174591704,1,0.861245628963761
5891,0.0106387109299165,276.864431276196,1,0.893902338102071
5892,0.00706658901184236,276.911403381992,1,0.880725583232769
5893,0.00823141137643176,276.958375487787,1,0.886396280553862
5894,0.00896913220733838,277.005347593583,1,0.889269409524735
5895,0.0105998835177635,277.052319699379,1,0.893822521902828
5896,0.0131236653077072,277.099291805174,1,0.896413079344854
5897,0.0196854979615609,277.14626391097,1,0.877849124868021
5898,0.0340128130460105,277.193236016765,1,0.568035563741405
5899,0.0577751892836342,277.240208122561,2,0.00157402324735185
5900,0.077732479130266,277.287180228357,2,1.28065768353472e-07
5901,0.0950495049504951,277.334152334152,2,2.22490465071243e-12
5902,0.108910891089109,277.381124439948,2,5.32044058733904e-17
5903,0.121413317802368,277.428096545744,2,8.67315954872751e-22
5904,0.13733255678509,277.475068651539,2,9.72520883092064e-29
5905,0.168705105804698,277.522040757335,2,2.71268884186021e-45
5906,0.185245583381868,277.569012863131,2,1.34014739970432e-55
5907,0.201747233546884,277.615984968926,3,5.70819528473316e-67
5908,0.211764705882353,277.662957074722,3,2.19677294092875e-74
5909,0.219141914191419,277.709929180517,3,4.38483857148333e-80
5910,0.224344787419918,277.756901286313,3,3.17788409065343e-84
5911,0.226208503203261,277.803873392109,3,9.89253315518481e-86
5912,0.225742574257426,277.850845497904,3,2.361529037431e-85
5913,0.227761599689381,277.8978176037,3,5.3706326611753e-87
5914,0.222131624927199,277.944789709496,3,1.88428099744792e-82
5915,0.21797709182683,277.991761815291,3,3.59124392669182e-79
5916,0.21211415259173,278.038733921087,3,1.19215653857253e-74
5917,0.200931857891672,278.085706026883,3,2.20427146178287e-66
5918,0.186915162104446,278.132678132678,2,1.0607318967398e-56
5919,0.170452339351582,278.179650238474,2,2.49405960816485e-46
5920,0.154338963308096,278.226622344269,2,3.10972829779965e-37
5921,0.145292176276451,278.273594450065,2,1.41544643814866e-32
5922,0.139429237041351,278.320566555861,2,1.00168214154282e-29
5923,0.13694428266356,278.367538661656,2,1.47525083895147e-28
5924,0.143389633080955,278.414510767452,2,1.23070224999163e-31
5925,0.154416618132401,278.461482873248,2,2.82719785390045e-37
5926,0.163929334109882,278.508454979043,2,1.59900333156062e-42
5927,0.171151232770336,278.555427084839,2,9.52494333558932e-47
5928,0.175732867404388,278.602399190635,2,1.54695967751369e-49
5929,0.178877887788779,278.64937129643,2,1.68114595738695e-51
5930,0.174956319161328,278.696343402226,2,4.65831491386128e-49
5931,0.167695593088721,278.743315508021,2,1.06330576447324e-44
5932,0.158532323820617,278.790287613817,2,1.67876615723893e-39
5933,0.151892836342458,278.837259719613,2,6.07669465231521e-36
5934,0.151388079984469,278.884231825408,2,1.1146573012354e-35
5935,0.155775577557756,278.931203931204,2,5.29191808144194e-38
5936,0.160590176664725,278.978176037,2,1.22097430366009e-40
5937,0.173985633857503,279.025148142795,2,1.83331348648514e-48
5938,0.177713065424189,279.072120248591,2,9.07044535532914e-51
5939,0.185595030091244,279.119092354387,2,7.89804030917763e-56
5940,0.190914385556203,279.166064460182,2,2.19697687877726e-59
5941,0.192622791690934,279.213036565978,3,1.49980349282147e-60
5942,0.194331197825665,279.260008671773,3,9.97132509555175e-62
5943,0.193127548048923,279.306980777569,3,6.75141208982856e-61
5944,0.188157639293341,279.353952883365,2,1.5798739970806e-57
5945,0.191574451562803,279.40092498916,3,7.81217213343018e-60
5946,0.194370025237818,279.447897094956,3,9.37267111504859e-62
5947,0.197864492331586,279.494869200752,3,3.37062052905595e-64
5948,0.20221316249272,279.541841306547,3,2.63063371484773e-67
5949,0.205785284410794,279.588813412343,3,6.5044168542259e-70
5950,0.205125218404193,279.635785518139,3,1.98865797409625e-69
5951,0.197476218210056,279.682757623934,3,6.33328391180099e-64
5952,0.188817705299942,279.72972972973,2,5.71196720897447e-58
5953,0.182488837119006,279.776701835525,2,8.34684065958133e-54
5954,0.17394680644535,279.823673941321,2,1.93623381265533e-48
5955,0.165482430596001,279.870646047117,2,2.05555778299433e-43
5956,0.164511745292176,279.917618152912,2,7.42824076160979e-43
5957,0.171306542418948,279.964590258708,2,7.68592096851348e-47
5958,0.181945253348864,280.011562364504,2,1.86953998452211e-53
5959,0.193476994758299,280.058534470299,3,3.87995266791821e-61
5960,0.200698893418754,280.105506576095,3,3.23924709223137e-66
5961,0.204775771694817,280.15247868189,3,3.5879195761581e-69
5962,0.204620462046205,280.199450787686,3,4.66226970770674e-69
5963,0.199417588817705,280.246422893482,3,2.66807230068488e-65
5964,0.189671908367307,280.293394999277,2,1.52203810588117e-58
5965,0.180003882741215,280.340367105073,2,3.25666027763605e-52
5966,0.169908755581441,280.387339210869,2,5.25642055131456e-46
5967,0.157755775577558,280.434311316664,2,4.46861215457132e-39
5968,0.146456998641041,280.48128342246,2,3.70635111811925e-33
5969,0.130149485536789,280.528255528256,2,1.74947173161056e-25
5970,0.11648223645894,280.575227634051,2,7.88470629399002e-20
5971,0.0995923121723937,280.622199739847,2,8.17013497455762e-14
5972,0.0848378955542613,280.669171845642,2,1.95176703662617e-09
5973,0.0742380120364978,280.716143951438,2,8.54180765076356e-07
5974,0.0689574839836925,280.763116057234,2,1.23012476306702e-05
5975,0.0668219763152786,280.810088163029,2,3.37833137572111e-05
5976,0.0667054940788196,280.857060268825,2,3.56567561354937e-05
5977,0.0602989710735779,280.904032374621,2,0.000579071121434603
5978,0.0500097068530382,280.951004480416,2,0.0237114980752019
5979,0.0406134731120171,280.997976586212,2,0.248749111732366
5980,0.0375849349640846,281.044948692008,2,0.395133146261763
5981,0.0364589400116482,281.091920797803,2,0.451811552747796
5982,0.0336245389244807,281.138892903599,1,0.584978548629735
5983,0.0304406911279363,281.185865009394,1,0.70333580993597
5984,0.0297806251213357,281.23283711519,1,0.723137147796735
5985,0.031061929722384,281.279809220986,1,0.683228572411686
5986,0.0319549602019025,281.326781326781,1,0.651773143822202
5987,0.0374684527276257,281.373753432577,2,0.401016136912415
5988,0.0455833818675985,281.420725538373,2,0.0837776390140566
5989,0.0566103669190448,281.467697644168,2,0.00245022500737403
5990,0.0696563774024461,281.514669749964,2,8.76273201300355e-06
5991,0.081537565521258,281.56164185576,2,1.43864179190334e-08
5992,0.0931081343428461,281.608613961555,2,8.64903853976544e-12
5993,0.100601824888371,281.655586067351,2,3.82648847888458e-14
5994,0.109959231217239,281.702558173146,2,2.22369390961574e-17
5995,0.119937876140555,281.749530278942,2,3.41840603412733e-21
5996,0.124635993011066,281.796502384738,2,4.06072764593575e-23
5997,0.127004465152398,281.843474490533,2,4.04056897705574e-24
5998,0.132440302853815,281.890446596329,2,1.68313795812286e-26
5999,0.140594059405941,281.937418702125,2,2.78636837295079e-30
6000,0.147854785478548,281.98439080792,2,7.30610361512635e-34
6001,0.152514074936905,282.031362913716,2,2.87095291223861e-36
6002,0.158377014172005,282.078335019512,2,2.04276060450753e-39
6003,0.164550572704329,282.125307125307,2,7.05732569101731e-43
6004,0.167967384973791,282.172279231103,2,7.36780632918675e-45
6005,0.169831100757135,282.219251336898,2,5.84584889803749e-46
6006,0.169675791108523,282.266223442694,2,7.22918955388857e-46
6007,0.168045039798097,282.31319554849,2,6.63381921638145e-45
6008,0.165365948359542,282.360167654285,2,2.3992955184845e-43
6009,0.154338963308096,282.407139760081,2,3.10972829779965e-37
6010,0.154804892253931,282.454111865877,2,1.75456701559165e-37
6011,0.155231993787614,282.501083971672,2,1.03652852412783e-37
6012,0.15752281110464,282.548056077468,2,5.98773607193282e-39
6013,0.16299747621821,282.595028183263,2,5.41714714225042e-42
6014,0.17107357794603,282.642000289059,2,1.06025207122179e-46
6015,0.179848573092603,282.688972394855,2,4.08694342063919e-52
6016,0.187614055523199,282.73594450065,2,3.64070233110914e-57
6017,0.194874781595807,282.782916606446,3,4.1856486832253e-62
6018,0.201980198019802,282.829888712242,3,3.87599705777958e-67
6019,0.207843137254902,282.876860818037,3,1.9475512375063e-71
6020,0.211764705882353,282.923832923833,3,2.19677294092875e-74
6021,0.216307513104252,282.970805029629,3,7.17159399510976e-78
6022,0.220423218792467,283.017777135424,3,4.28154418610758e-81
6023,0.224616579304989,283.06474924122,3,1.91944242884418e-84
6024,0.230207726655018,283.111721347015,3,5.24296419091056e-89
6025,0.231954960201903,283.158693452811,3,1.86368188393933e-90
6026,0.235216462822753,283.205665558607,3,3.434868292441e-93
6027,0.239099204038051,283.252637664402,3,1.70229290082125e-96
6028,0.239992234517569,283.299609770198,3,2.90610374337182e-97
6029,0.23882741215298,283.346581875994,3,2.9115580550148e-96
6030,0.23739079790332,283.393553981789,3,4.91819258852845e-95
6031,0.234129295282469,283.440526087585,3,2.82896757549241e-92
6032,0.229120559114735,283.487498193381,3,4.12827422890906e-88
6033,0.219685497961561,283.534470299176,3,1.63701093775297e-80
6034,0.218326538536207,283.581442404972,3,1.91328386539724e-79
6035,0.215453310036886,283.628414510767,3,3.28819026249848e-77
6036,0.212541254125413,283.675386616563,3,5.63995563011367e-75
6037,0.210250436808387,283.722358722359,3,3.06775952198809e-73
6038,0.20912444185595,283.769330828154,3,2.15133374866966e-72
6039,0.207881964667055,283.81630293395,3,1.8221583458816e-71
6040,0.20768782760629,283.863275039746,3,2.54122610707249e-71
6041,0.202407299553485,283.910247145541,3,1.9038495963013e-67
6042,0.197748010095127,283.957219251337,3,4.07330539880789e-64
6043,0.191225004853427,284.004191357133,3,1.35120297717464e-59
6044,0.182333527470394,284.051163462928,2,1.05124582133112e-53
6045,0.171384197243254,284.098135568724,2,6.90360848676711e-47
6046,0.158765288293535,284.145107674519,2,1.25017361388437e-39
6047,0.143467287905261,284.192079780315,2,1.12742772890371e-31
6048,0.131120170840613,284.239051886111,2,6.52372185207323e-26
6049,0.1120559114735,284.286023991906,2,3.77515854984384e-18
6050,0.0877887788778878,284.332996097702,2,3.02098708017838e-10
6051,0.054319549602019,284.379968203498,2,0.00564540848445663
6052,0.0323432343234323,284.426940309293,1,0.63715528562504
6053,0.01941370607649,284.473912415089,1,0.879456878513606
6054,0.0109493302271404,284.520884520885,1,0.894494726285036
6055,0.0102892642205397,284.56785662668,1,0.89313734473494
6056,0.0130848378955543,284.614828732476,1,0.896412357149066
6057,0.0205008736167734,284.661800838271,1,0.872489415084492
6058,0.0308677926616191,284.708772944067,1,0.689667405156752
6059,0.0425936711318191,284.755745049863,2,0.169042116176651
6060,0.0483401281304601,284.802717155658,2,0.0392459373904008
6061,0.0528829353523588,284.849689261454,2,0.0092950270515499
6062,0.0581246359930111,284.89666136725,2,0.00137509329280293
6063,0.0635993011065812,284.943633473045,2,0.000144010192139991
6064,0.0665113570180547,284.990605578841,2,3.90026918402864e-05
6065,0.0793244030285381,285.037577684637,2,5.20968313870253e-08
6066,0.0946224034168123,285.084549790432,2,3.00780437174603e-12
6067,0.0984274898078043,285.131521896228,2,1.93903116555167e-13
6068,0.0974956319161328,285.178494002023,2,3.83885440859054e-13
6069,0.10918268297418,285.225466107819,2,4.24734973400261e-17
6070,0.125140749369055,285.272438213615,2,2.49348040864715e-23
6071,0.14579693263444,285.31941031941,2,7.93158133405054e-33
6072,0.168510968743933,285.366382425206,2,3.5302595291008e-45
6073,0.193244030285381,285.413354531002,3,5.61382069214278e-61
6074,0.208619685497962,285.460326636797,3,5.13283244082238e-72
6075,0.223878858474083,285.507298742593,3,7.53147783516635e-84
6076,0.231721995728985,285.554270848389,3,2.91227398603698e-90
6077,0.237274315666861,285.601242954184,3,6.18051466423776e-95
6078,0.241894777713065,285.64821505998,3,6.58057882797921e-99
6079,0.241622985827995,285.695187165775,3,1.13255392030807e-98
6080,0.236342457775189,285.742159271571,3,3.82855296126846e-94
6081,0.227645117452922,285.789131377367,3,6.68687991138933e-87
6082,0.218210056299748,285.836103483162,3,2.3603929571223e-79
6083,0.205358182877111,285.883075588958,3,1.3410589689664e-69
6084,0.197631527858668,285.930047694754,3,4.92188518938784e-64
6085,0.196699669966997,285.977019800549,3,2.22695513677649e-63
6086,0.197126771500679,286.023991906345,3,1.11597892734871e-63
6087,0.194020578528441,286.070964012141,3,1.63552123510272e-61
6088,0.189322461657931,286.117936117936,2,2.61662432582309e-58
6089,0.189089497185013,286.164908223732,2,3.75274616564379e-58
6090,0.188895360124248,286.211880329527,2,5.06630059070845e-58
6091,0.190564938846826,286.258852435323,2,3.79194731534713e-59
6092,0.193826441467676,286.305824541119,3,2.22729970664943e-61
6093,0.194602989710736,286.352796646914,3,6.46252749900535e-62
6094,0.194370025237818,286.39976875271,3,9.37267111504859e-62
6095,0.196893807027762,286.446740858506,3,1.62708604122179e-63
6096,0.201242477188895,286.493712964301,3,1.31836502631823e-66
6097,0.200970685303825,286.540685070097,3,2.06719597731059e-66
6098,0.206678314890313,286.587657175893,3,1.42538897780145e-70
6099,0.213861386138614,286.634629281688,3,5.52424449959206e-76
6100,0.217239370995923,286.681601387484,3,1.35235273535047e-78
6101,0.217355853232382,286.728573493279,3,1.09723558991846e-78
6102,0.215725101921957,286.775545599075,3,2.02685080178566e-77
6103,0.21459910696952,286.822517704871,3,1.49833039955283e-76
6104,0.214094350611532,286.869489810666,3,3.66052519845124e-76
6105,0.213123665307707,286.916461916462,3,2.02732724370612e-75
6106,0.215065035915356,286.963434022258,3,6.55658144394575e-77
6107,0.218404193360513,287.010406128053,3,1.66321548187838e-79
6108,0.220617355853232,287.057378233849,3,3.00603204502216e-81
6109,0.222364589400116,287.104350339644,3,1.22843220458839e-82
6110,0.222714036109493,287.15132244544,3,6.46084721092582e-83
6111,0.221160939623374,287.198294551236,3,1.11471340775601e-81
6112,0.219724325373714,287.245266657031,3,1.52561804436444e-80
6113,0.218870122306348,287.292238762827,3,7.16967257397451e-80
6114,0.213589594253543,287.339210868623,3,8.92353106775295e-76
6115,0.208231411376432,287.386182974418,3,1.00047472376617e-71
6116,0.205047563579887,287.433155080214,3,2.26752351441812e-69
6117,0.200621238594448,287.48012718601,3,3.68234169155593e-66
6118,0.193205202873229,287.527099291805,3,5.97002966664538e-61
6119,0.185983304212774,287.574071397601,2,4.38326565506736e-56
6120,0.181556979227334,287.621043503396,2,3.32015192226842e-53
6121,0.171927781013395,287.668015609192,2,3.25129245302403e-47
6122,0.170762958648806,287.714987714988,2,1.62686925963074e-46
6123,0.168627450980392,287.761959820783,2,3.01426097961977e-45
6124,0.166220151426907,287.808931926579,2,7.69763477830091e-44
6125,0.162492719860221,287.855904032375,2,1.04559571234823e-41
6126,0.154804892253931,287.90287613817,2,1.75456701559165e-37
6127,0.146379343816735,287.949848243966,2,4.05420854896838e-33
6128,0.143739079790332,287.996820349762,2,8.29241459500584e-32
6129,0.133527470394098,288.043792455557,2,5.45263316858883e-27
6130,0.118384779654436,288.090764561353,2,1.418913361327e-20
6131,0.105455251407494,288.137736667148,2,8.8222458893056e-16
6132,0.0945835760046593,288.184708772944,2,3.09114306092144e-12
6133,0.0837895554261309,288.23168087874,2,3.71898165584000e-09
6134,0.0682974179770918,288.278652984535,2,1.68807458638987e-05
6135,0.0453892448068336,288.325625090331,2,0.0880385783511171
6136,0.0265191225004853,288.372597196127,1,0.799528167480192
6137,0.0128130460104834,288.419569301922,1,0.896373433381461
6138,0.00823141137643176,288.466541407718,1,0.886396280553862
6139,0.00811492913997282,288.513513513514,1,0.88589329327688
6140,0.00722189866045428,288.560485619309,1,0.881566305645481
6141,0.0060182488837119,288.607457725105,1,0.874317164463761
6142,0.00986216268685692,288.6544298309,1,0.892057891832124
6143,0.0207338380896913,288.701401936696,1,0.870802974419486
6144,0.0328091632692681,288.748374042492,1,0.618869960521434
6145,0.0458163463405164,288.795346148287,2,0.0788811206420027
6146,0.0561444379732091,288.842318254083,2,0.00291479992507907
6147,0.0674432149097263,288.889290359879,2,2.52831236060589e-05
6148,0.0781207532517958,288.936262465674,2,1.03047210586052e-07
6149,0.0916326926810328,288.98323457147,2,2.37490332016102e-11
6150,0.103630363036304,289.030206677266,2,3.72866048387586e-15
6151,0.112793632304407,289.077178783061,2,2.00460482791784e-18
6152,0.121374490390216,289.124150888857,2,8.9940934507952e-22
6153,0.125024267132596,289.171122994652,2,2.79105132465782e-23
6154,0.126189089497185,289.218095100448,2,8.99170611474597e-24
6155,0.129101145408659,289.265067206244,2,5.03014090346288e-25
6156,0.129450592118035,289.312039312039,2,3.54121026205564e-25
6157,0.127975150456222,289.359011417835,2,1.54736579988989e-24
6158,0.131275480489225,289.405983523631,2,5.56695874895897e-26
6159,0.132207338380897,289.452955629426,2,2.14008678469972e-26
6160,0.128091632692681,289.499927735222,2,1.37826101960548e-24
6161,0.122966414288488,289.546899841018,2,2.00591226012701e-22
6162,0.115977480100951,289.593871946813,2,1.23624869479167e-19
6163,0.107590759075908,289.640844052609,2,1.5746019616692e-16
6164,0.105998835177635,289.687816158404,2,5.71085028103868e-16
6165,0.10984274898078,289.7347882642,2,2.4511842723744e-17
6166,0.112948941953019,289.781760369996,2,1.75344810927113e-18
6167,0.116676373519705,289.828732475791,2,6.62837284781104e-20
6168,0.12090856144438,289.875704581587,2,1.38955164627675e-21
6169,0.127509221510386,289.922676687383,2,2.45541916326304e-24
6170,0.133799262279169,289.969648793178,2,4.10701356953215e-27
6171,0.142263638128519,290.016620898974,2,4.35993177224373e-31
6172,0.14944670937682,290.06359300477,2,1.12525111312168e-34
6173,0.157794602989711,290.110565110565,2,4.2556916597187e-39
6174,0.1706853038245,290.157537216361,2,1.8104131445151e-46
6175,0.186371578334304,290.204509322156,2,2.4292542395734e-56
6176,0.19739856338575,290.251481427952,3,7.1836075731486e-64
6177,0.200970685303825,290.298453533748,3,2.06719597731059e-66
6178,0.215103863327509,290.345425639543,3,6.11970430179535e-77
6179,0.227761599689381,290.392397745339,3,5.3706326611753e-87
6180,0.231294894195302,290.439369851135,3,6.59382367051627e-90
6181,0.232537371384197,290.48634195693,3,6.09353328196727e-91
6182,0.234905843525529,290.533314062726,3,6.28022245761408e-93
6183,0.233080955154339,290.580286168521,3,2.14109792542926e-91
6184,0.228576975344593,290.627258274317,3,1.15416941615614e-87
6185,0.222752863521646,290.674230380113,3,6.01527122877691e-83
6186,0.217511162880994,290.721202485908,3,8.30173611388878e-79
6187,0.207649000194137,290.768174591704,3,2.71592476793576e-71
6188,0.198757522811105,290.8151466975,3,7.8610346619179e-65
6189,0.194020578528441,290.862118803295,3,1.63552123510272e-61
6190,0.191690933799262,290.909090909091,3,6.50651405796403e-60
6191,0.191380314502038,290.956063014887,3,1.05931502116313e-59
6192,0.193049893224617,291.003035120682,3,7.63464834638677e-61
6193,0.193244030285381,291.050007226478,3,5.61382069214278e-61
6194,0.190254319549602,291.096979332273,2,6.15397637874323e-59
6195,0.183731314307901,291.143951438069,2,1.30789005551797e-54
6196,0.168161522034556,291.190923543865,2,5.66704010791415e-45
6197,0.144903902154921,291.23789564966,2,2.20654057071121e-32
6198,0.114113764317608,291.284867755456,2,6.38236893551759e-19
6199,0.0838283828382838,291.331839861252,2,3.63184539789082e-09
6200,0.0700446515239759,291.378811967047,2,7.24450581928118e-06
6201,0.0624733061541448,291.425784072843,2,0.000233990178685967
6202,0.0623568239176859,291.472756178639,2,0.000245885182087507
6203,0.068025626092021,291.519728284434,2,1.92092437713787e-05
6204,0.0769559308872064,291.56670039023,2,1.97028801862369e-07
6205,0.0829353523587653,291.613672496025,2,6.24481901316027e-09
6206,0.0867404387497573,291.660644601821,2,5.912259042634e-10
6207,0.0943117841195884,291.707616707617,2,3.74151331186412e-12
6208,0.103280916326927,291.754588813412,2,4.89771134600569e-15
6209,0.122694622403417,291.801560919208,2,2.59564507071319e-22
6210,0.135197049116676,291.848533025004,2,9.46465051162748e-28
6211,0.147466511357018,291.895505130799,2,1.14907997327218e-33
6212,0.156862745098039,291.942477236595,2,1.36831915135763e-38
6213,0.166686080372743,291.989449342391,2,4.12874484515086e-44
6214,0.172859638905067,292.036421448186,2,8.88532325168149e-48
6215,0.177674238012036,292.083393553982,2,9.59256909341477e-51
6216,0.18318773053776,292.130365659777,2,2.94782135304189e-54
6217,0.190797903319744,292.177337765573,2,2.63567250617493e-59
6218,0.1941370607649,292.224309871369,3,1.35866304219847e-61
6219,0.197864492331586,292.271281977164,3,3.37062052905595e-64
6220,0.199961172587847,292.31825408296,3,1.09261713302223e-65
6221,0.200893030479519,292.365226188756,3,2.35040508103601e-66
6222,0.200194137060765,292.412198294551,3,7.44645849537392e-66
6223,0.197515045622209,292.459170400347,3,5.94652653011613e-64
6224,0.194874781595807,292.506142506143,3,4.1856486832253e-62
6225,0.195884294311784,292.553114611938,3,8.29036373573391e-63
6226,0.196622015142691,292.600086717734,3,2.52458969349217e-63
6227,0.197825664919433,292.647058823529,3,3.59027798311541e-64
6228,0.198602213162493,292.694030929325,3,1.01310495082345e-64
6229,0.200504756357989,292.741003035121,3,4.46273035259671e-66
6230,0.20143661424966,292.787975140916,3,9.55717111658007e-67
6231,0.202174335080567,292.834947246712,3,2.80626474361655e-67
6232,0.202873228499321,292.881919352508,3,8.7502120429588e-68
6233,0.198019801980198,292.928891458303,3,2.61805389317894e-64
6234,0.199534071054164,292.975863564099,3,2.20398462607654e-65
6235,0.198602213162493,293.022835669895,3,1.01310495082345e-64
6236,0.195068918656572,293.06980777569,3,3.06791465458685e-62
6237,0.192855756163852,293.116779881486,3,1.03793782550218e-60
6238,0.192389827218016,293.163751987281,3,2.16612599657247e-60
6239,0.19048728402252,293.210724093077,2,4.28027331285546e-59
6240,0.187847019996117,293.257696198873,2,2.54650978335234e-57
6241,0.182993593476995,293.304668304668,2,3.9378543725617e-54
6242,0.187808192583964,293.351640410464,2,2.70292302394821e-57
6243,0.192972238400311,293.39861251626,3,8.63296036863186e-61
6244,0.197243253737138,293.445584622055,3,9.24058918019987e-64
6245,0.199650553290623,293.492556727851,3,1.82040161983682e-65
6246,0.199378761405552,293.539528833647,3,2.84347213447414e-65
6247,0.196389050669773,293.586500939442,3,3.67695254942891e-63
6248,0.193011065812464,293.633473045238,3,8.11852919918106e-61
6249,0.192972238400311,293.680445151033,3,8.63296036863186e-61
6250,0.18567268491555,293.727417256829,2,7.02139360062146e-56
6251,0.178411958842943,293.774389362625,2,3.30424853103132e-51
6252,0.17289846631722,293.82136146842,2,8.416330930639e-48
6253,0.168899242865463,293.868333574216,2,2.08373058805882e-45
6254,0.16521063871093,293.915305680012,2,2.94807071775914e-43
6255,0.164744709765094,293.962277785807,2,5.46160882051142e-43
6256,0.16598718695399,294.009249891603,2,1.05026815898874e-43
6257,0.173092603377985,294.056221997398,2,6.41622029585397e-48
6258,0.172587847019996,294.103194103194,2,1.29824197192431e-47
6259,0.174140943506115,294.15016620899,2,1.47330109014321e-48
6260,0.18058629392351,294.197138314785,2,1.38693867662175e-52
6261,0.190642593671132,294.244110420581,2,3.35914857716477e-59
6262,0.203300330033003,294.291082526377,3,4.28362314006434e-68
6263,0.220927975150456,294.338054632172,3,1.70583387339918e-81
6264,0.236886041545331,294.385026737968,3,1.3225296488248e-94
6265,0.254785478547855,294.431998843764,3,2.15816335067569e-110
6266,0.269229275868763,294.478970949559,3,5.87725827312547e-124
6267,0.284255484371967,294.525943055355,3,7.55264721989429e-139
6268,0.290584352552902,294.57291516115,3,2.33665990653984e-145
6269,0.292098621626869,294.619887266946,3,6.16926415544849e-147
6270,0.293651718112988,294.666859372742,3,1.45554809253336e-148
6271,0.295903708017861,294.713831478537,3,6.14486809551116e-151
6272,0.297029702970297,294.760803584333,3,3.93158831966532e-152
6273,0.291788002329645,294.807775690129,3,1.30213832940881e-146
6274,0.287594641817123,294.854747795924,3,2.89189139513852e-142
6275,0.281498738109105,294.90171990172,3,4.67207098347923e-136
6276,0.274043874975733,294.948692007516,3,1.21425722429361e-128
6277,0.267054940788196,294.995664113311,3,7.21419608334377e-122
6278,0.262007377208309,295.042636219107,3,4.40065649443648e-117
6279,0.259134148708989,295.089608324902,3,2.12513895260895e-114
6280,0.258318773053776,295.136580430698,3,1.21261992991555e-113
6281,0.251562803339157,295.183552536494,3,1.82079785354197e-107
6282,0.251912250048534,295.230524642289,3,8.8052014269868e-108
6283,0.252611143467288,295.277496748085,3,2.05305021334199e-108
6284,0.254824305960008,295.324468853881,3,1.98886594471107e-110
6285,0.258124635993011,295.371440959676,3,1.83425390471782e-113
6286,0.261929722384003,295.418413065472,3,5.20519530292139e-117
6287,0.263832265579499,295.465385171268,3,8.39058402223311e-119
6288,0.264375849349641,295.512357277063,3,2.56605641923369e-119
6289,0.265773636187148,295.559329382859,3,1.20620620415997e-120
6290,0.264647641234712,295.606301488654,3,1.41779352592118e-119
6291,0.261619103086779,295.65327359445,3,1.01836341839544e-116
6292,0.25785284410794,295.700245700246,3,3.27238791474219e-113
6293,0.256843331391963,295.747217806041,3,2.79495343292664e-112
6294,0.256144437973209,295.794189911837,3,1.22789043045013e-111
6295,0.250475635798874,295.841162017633,3,1.73430728793716e-106
6296,0.244379732090856,295.888134123428,3,4.46949203314849e-101
6297,0.243331391962726,295.935106229224,3,3.69453467622413e-100
6298,0.244457386915162,295.98207833502,3,3.82080379460568e-101
6299,0.244224422442244,296.029050440815,3,6.11506158285776e-101
6300,0.245117452921763,296.076022546611,3,1.00556877389405e-101
6301,0.247369442826636,296.122994652406,3,1.03000402258992e-103
6302,0.250786255096098,296.169966758202,3,9.11752611034888e-107
6303,0.256493884682586,296.216938863998,3,5.86114613485678e-112
6304,0.261696757911085,296.263910969793,3,8.61129014176979e-117
6305,0.267054940788196,296.310883075589,3,7.21419608334377e-122
6306,0.269035138807998,296.357855181385,3,9.04420125144449e-124
6307,0.271054164239953,296.40482728718,3,1.00706143922871e-125
6308,0.27074354494273,296.451799392976,3,2.01604079595739e-125
6309,0.269384585517375,296.498771498772,3,4.16219996013668e-124
6310,0.26670549407882,296.545743604567,3,1.55729270490417e-121
6311,0.262240341681227,296.592715710363,3,2.65846723358373e-117
6312,0.258085808580858,296.639687816158,3,1.99246385238801e-113
6313,0.254901960784314,296.686659921954,3,1.68900890494297e-110
6314,0.24911667637352,296.73363202775,3,2.86304034157222e-105
6315,0.243370219374879,296.780604133545,3,3.41708032386342e-100
6316,0.234672879052611,296.827576239341,3,9.86955023821341e-93
6317,0.223956513298389,296.874548345137,3,6.52345753789654e-84
6318,0.215414482624733,296.921520450932,3,3.52333562381427e-77
6319,0.206988934187536,296.968492556728,3,8.39295081598394e-71
6320,0.199301106581246,297.015464662524,3,3.22949260470013e-65
6321,0.192506309454475,297.062436768319,3,1.80254350284156e-60
6322,0.193205202873229,297.109408874115,3,5.97002966664538e-61
6323,0.198835177635411,297.15638097991,3,6.9240051899651e-65
6324,0.208813822558726,297.203353085706,3,3.67468751623541e-72
6325,0.218792467482042,297.250325191502,3,8.25016672908037e-80
6326,0.230285381479324,297.297297297297,3,4.52272921732065e-89
6327,0.241312366530771,297.344269403093,3,2.10483031317101e-98
6328,0.247796544360318,297.391241508889,3,4.30010266027722e-104
6329,0.25536788973015,297.438213614684,3,6.32912128499589e-111
6330,0.251446321102698,297.48518572048,3,2.31920932351091e-107
6331,0.248844884488449,297.532157826276,3,5.00706880524244e-105
6332,0.245039798097457,297.579129932071,3,1.1767848003838e-101
6333,0.234867016113376,297.626102037867,3,6.77187436962231e-93
6334,0.229237041351194,297.673074143662,3,3.31094041504754e-88
6335,0.230557173364395,297.720046249458,3,2.69533577406681e-89
6336,0.227606290040769,297.767018355254,3,7.19358438941457e-87
6337,0.224034168122695,297.813990461049,3,5.65006714122363e-84
6338,0.223296447291788,297.860962566845,3,2.2090247024046e-83
6339,0.215530964861192,297.907934672641,3,2.86382258822504e-77
6340,0.200970685303825,297.954906778436,3,2.06719597731059e-66
6341,0.179266161910309,298.001878884232,2,9.55827145959004e-52
6342,0.155387303436226,298.048850990028,2,8.55618875348133e-38
6343,0.13445932828577,298.095823095823,2,2.05801151707838e-27
6344,0.11753057658707,298.142795201619,2,3.07648857733157e-20
6345,0.101805474665114,298.189767307414,2,1.53115315270198e-14
6346,0.0887594641817123,298.23673941321,2,1.6086712710866e-10
6347,0.0724519510774607,298.283711519006,2,2.16307293798191e-06
6348,0.0573092603377985,298.330683624801,2,0.0018815625797685
6349,0.042787808192584,298.377655730597,2,0.162191336667736
6350,0.0324208891477383,298.424627836393,1,0.634163748141076
6351,0.0270238788584741,298.471599942188,1,0.78982190015057
6352,0.0256649194331198,298.518572047984,1,0.814424368381839
6353,0.0380508639099204,298.565544153779,2,0.371644570800609
6354,0.0484177829547661,298.612516259575,2,0.0383638987960687
6355,0.0682974179770918,298.659488365371,2,1.68807458638987e-05
6356,0.0929139972820811,298.706460471166,2,9.88906968504023e-12
6357,0.112715977480101,298.753432576962,2,2.14319988685364e-18
6358,0.134109881576393,298.800404682758,2,2.96837803044948e-27
6359,0.163929334109882,298.847376788553,2,1.59900333156062e-42
6360,0.185284410794021,298.894348894349,2,1.26375220088476e-55
6361,0.203339157445156,298.941321000145,3,4.01398832121221e-68
6362,0.219180741603572,298.98829310594,3,4.08719176193476e-80
6363,0.234595224228305,299.035265211736,3,1.14734760467055e-92
6364,0.241778295476606,299.082237317531,3,8.30522034388036e-99
6365,0.247913026596777,299.129209423327,3,3.38769928528463e-104
6366,0.253892448068336,299.176181529123,3,1.40808045589331e-109
6367,0.255057270432926,299.223153634918,3,1.21792605941169e-110
6368,0.253504173946806,299.270125740714,3,3.17612913279308e-109
6369,0.241273539118618,299.31709784651,3,2.27424759630178e-98
6370,0.22748980780431,299.364069952305,3,8.95525953910573e-87
6371,0.201242477188895,299.411042058101,3,1.31836502631823e-66
6372,0.168549796156086,299.458014163897,2,3.34917192925605e-45
6373,0.129062317996506,299.504986269692,2,5.22983627643731e-25
6374,0.0882547078237235,299.551958375488,2,2.23471941044573e-10
6375,0.060182488837119,299.598930481283,2,0.000607168660016455
6376,0.0433702193748787,299.645902587079,2,0.142740547085021
6377,0.0282663560473694,299.692874692875,1,0.762787635656187
6378,0.029042904290429,299.73984679867,1,0.743427273091806
6379,0.0324597165598913,299.786818904466,1,0.632659532055703
6380,0.0410405746456999,299.833791010262,2,0.230144005939799
6381,0.0521452145214521,299.880763116057,2,0.0119155855584088
6382,0.0630945447485925,299.927735221853,2,0.000179259513120688
6383,0.0787808192583964,299.974707327649,2,7.1000834262848e-08
6384,0.0938070277615997,300.021679433444,2,5.32501914831597e-12
6385,0.114890312560668,300.06865153924,2,3.23250122570847e-19
6386,0.141991846243448,300.115623645035,2,5.90671476642205e-31
6387,0.177169481654048,300.162595750831,2,1.9831817347316e-50
6388,0.196583187730538,300.209567856627,3,2.68795303138042e-63
6389,0.20481459910697,300.256539962422,3,3.36039032101146e-69
6390,0.207843137254902,300.303512068218,3,1.9475512375063e-71
6391,0.202523781789944,300.350484174014,3,1.56785844673345e-67
6392,0.197359735973597,300.397456279809,3,7.65051452736764e-64
6393,0.194564162298583,300.444428385605,3,6.87586471771312e-62
6394,0.188041157056882,300.4914004914,2,1.88979017066188e-57
6395,0.178489613667249,300.538372597196,2,2.95272097737287e-51
6396,0.170335857115123,300.585344702992,2,2.92677467543129e-46
6397,0.16012424771889,300.632316808787,2,2.21769707072217e-40
6398,0.141409435061153,300.679288914583,2,1.12969676260022e-30
6399,0.120986216268686,300.726261020379,2,1.29254396030806e-21
6400,0.109260337798486,300.773233126174,2,3.98213262103935e-17
6401,0.113647835371772,300.82020523197,2,9.57544126617242e-19
6402,0.11908367307319,300.867177337766,2,7.49757952933118e-21
6403,0.133838089691322,300.914149443561,2,3.94384951161558e-27
6404,0.151931663754611,300.961121549357,2,5.79907860881732e-36
6405,0.165754222481072,301.008093655152,2,1.43227159457139e-43
6406,0.178839060376626,301.055065760948,2,1.77866651940757e-51
6407,0.190060182488837,301.102037866744,2,8.32520932842456e-59
6408,0.194758299359348,301.149009972539,3,5.0424746289492e-62
6409,0.205125218404193,301.195982078335,3,1.98865797409625e-69
6410,0.207959619491361,301.242954184131,3,1.59501053249881e-71
6411,0.209396233741021,301.289926289926,3,1.34574471588478e-72
6412,0.206755969714619,301.336898395722,3,1.24871356796014e-70
6413,0.202096680256261,301.383870501518,3,3.19335984604151e-67
6414,0.196583187730538,301.430842607313,3,2.68795303138042e-63
6415,0.191807416035721,301.477814713109,3,5.4184040247241e-60
6416,0.187769365171811,301.524786818904,2,2.86890387509932e-57
6417,0.182450009706853,301.5717589247,2,8.84253456830599e-54
6418,0.179304989322462,301.618731030496,2,9.03281804017515e-52
6419,0.167307318967191,301.665703136291,2,1.79367114915388e-44
6420,0.148941953018831,301.712675242087,2,2.04134393614487e-34
6421,0.130887206367696,301.759647347883,2,8.27256213484132e-26
6422,0.114385556202679,301.806619453678,2,5.03309208533423e-19
6423,0.103358571151233,301.853591559474,2,4.6101254521471e-15
6424,0.10071830712483,301.90056366527,2,3.50383105238864e-14
6425,0.103669190448457,301.947535771065,2,3.6171331088548e-15
6426,0.118384779654436,301.994507876861,2,1.418913361327e-20
6427,0.138536206561833,302.041479982656,2,2.64999072822847e-29
6428,0.157639293341099,302.088452088452,2,5.17302351007831e-39
6429,0.17615996893807,302.135424194248,2,8.41641257039208e-50
6430,0.193632304406911,302.182396300043,3,3.03216803226134e-61
6431,0.207532517957678,302.229368405839,3,3.31517900483026e-71
6432,0.214909726266744,302.276340511635,3,8.63793445514054e-77
6433,0.21720054358377,302.32331261743,3,1.44991410975588e-78
6434,0.218171228887595,302.370284723226,3,2.53148228658995e-79
6435,0.217278198408076,302.417256829022,3,1.26133995898781e-78
6436,0.215958066394875,302.464228934817,3,1.33810211238117e-77
6437,0.218404193360513,302.511201040613,3,1.66321548187838e-79
6438,0.22306348281887,302.558173146408,3,3.39456380727061e-83
6439,0.22384003106193,302.605145252204,3,8.09232249484393e-84
6440,0.221743350805669,302.652117358,3,3.84029286341887e-82
6441,0.217899437002524,302.699089463795,3,4.13003957585298e-79
6442,0.207610172781984,302.746061569591,3,2.90259532211564e-71
6443,0.197243253737138,302.793033675387,3,9.24058918019987e-64
6444,0.178955542613085,302.840005781182,2,1.50178903574e-51
6445,0.151116288099398,302.886977886978,2,1.54383278415526e-35
6446,0.121413317802368,302.933949992774,2,8.67315954872751e-22
6447,0.0925257231605514,302.980922098569,2,1.29153528890543e-11
6448,0.0740438749757329,303.027894204365,2,9.46216707665058e-07
6449,0.0567268491555038,303.07486631016,2,0.00234543311067417
6450,0.0573092603377985,303.121838415956,2,0.0018815625797685
6451,0.0663560473694428,303.168810521752,2,4.18942939898035e-05
6452,0.0875169869928169,303.215782627547,2,3.59870354580673e-10
6453,0.114346728790526,303.262754733343,2,5.20699526249792e-19
6454,0.141836536594836,303.309726839139,2,7.02377912274557e-31
6455,0.169714618520676,303.356698944934,2,6.85548558497581e-46
6456,0.188856532712095,303.40367105073,2,5.37949275302554e-58
6457,0.203572121918074,303.450643156526,3,2.71671813417144e-68
6458,0.218015919238983,303.497615262321,3,3.34874406796061e-79
6459,0.228615802756746,303.544587368117,3,1.07253609144459e-87
6460,0.231333721607455,303.591559473912,3,6.12209803565983e-90
6461,0.234905843525529,303.638531579708,3,6.28022245761408e-93
6462,0.237507280139779,303.685503685504,3,3.91325388196838e-95
6463,0.239293341098816,303.732475791299,3,1.15979039289547e-96
6464,0.242671325956125,303.779447897095,3,1.39033076077237e-99
6465,0.246049310813434,303.826420002891,3,1.51817038596053e-102
6466,0.249932052028732,303.873392108686,3,5.33323442949185e-106
6467,0.253310036886042,303.920364214482,3,4.76797304758184e-109
6468,0.252882935352359,303.967336320278,3,1.16418905143291e-108
6469,0.254436031838478,304.014308426073,3,4.49939361686186e-110
6470,0.256222092797515,304.061280531869,3,1.04189553069217e-111
6471,0.255406717142302,304.108252637664,3,5.83156043714244e-111
6472,0.251795767812075,304.15522474346,3,1.12191874405136e-107
6473,0.252572316055135,304.202196849256,3,2.22625466698985e-108
6474,0.246709376820035,304.249168955051,3,3.96142707391517e-103
6475,0.241157056882159,304.296141060847,3,2.86858381643216e-98
6476,0.239254513686663,304.343113166643,3,1.25233696949202e-96
6477,0.237740244612697,304.390085272438,3,2.47661126333403e-95
6478,0.239176858862357,304.437057378234,3,1.46011977605597e-96
6479,0.244806833624539,304.48402948403,3,1.88549126958028e-101
6480,0.251523975927004,304.531001589825,3,1.97375450529585e-107
6481,0.252339351582217,304.577973695621,3,3.61838348975241e-108
6482,0.254397204426325,304.624945801416,3,4.8817952093114e-110
6483,0.253504173946806,304.671917907212,3,3.17612913279308e-109
6484,0.249310813434285,304.718890013008,3,1.91986278514276e-105
6485,0.248107163657542,304.765862118803,3,2.27601328521885e-104
6486,0.245156280333916,304.812834224599,3,9.29525101390492e-102
6487,0.233158609978645,304.859806330395,3,1.84357043300421e-91
6488,0.218947777130654,304.90677843619,3,6.23037011625077e-80
6489,0.200660066006601,304.953750541986,3,3.45371882272085e-66
6490,0.16703552708212,305.000722647782,2,2.5842916517282e-44
6491,0.128790526111435,305.047694753577,2,6.8656843716066e-25
6492,0.102387885847408,305.094666859373,2,9.78566802462387e-15
6493,0.081459910696952,305.141638965168,2,1.50616610123213e-08
6494,0.0609978644923316,305.188611070964,2,0.000434698074545344
6495,0.0471753057658707,305.23558317676,2,0.0547127810427877
6496,0.0404193360512522,305.282555282555,2,0.25743183010673
6497,0.0355659095321297,305.329527388351,2,0.49580013878021
6498,0.0418559503009124,305.376499494147,2,0.196709276611385
6499,0.0538147932440303,305.423471599942,2,0.00674135020820966
6500,0.0731896719083673,305.470443705738,2,1.4785983760222e-06
6501,0.09524364201126,305.517415811534,2,1.93895485457944e-12
6502,0.119238982721802,305.564387917329,2,6.5029120258903e-21
6503,0.146146379343817,305.611360023125,2,5.30450451920473e-33
6504,0.168588623568239,305.65833212892,2,3.17732896477603e-45
6505,0.190564938846826,305.705304234716,2,3.79194731534702e-59
6506,0.202873228499321,305.752276340512,3,8.7502120429588e-68
6507,0.214832071442438,305.799248446307,3,9.91385887050812e-77
6508,0.22162686856921,305.846220552103,3,4.75360343479831e-82
6509,0.222908173170258,305.893192657899,3,4.51921923346356e-83
6510,0.222830518345952,305.940164763694,3,5.21399088219219e-83
6511,0.224538924480683,305.98713686949,3,2.21698752130303e-84
6512,0.227528635216463,306.034108975285,3,8.3247781686031e-87
6513,0.22748980780431,306.081081081081,3,8.95525953910573e-87
6514,0.229353523587653,306.128053186877,3,2.65512741753879e-88
6515,0.230712483013007,306.175025292672,3,2.00467327011062e-89
6516,0.230285381479324,306.221997398468,3,4.52272921732065e-89
6517,0.229431178411959,306.268969504264,3,2.29164626398404e-88
6518,0.229664142884877,306.315941610059,3,1.4730044742765e-88
6519,0.230207726655018,306.362913715855,3,5.24296419091056e-89
6520,0.230246554067171,306.409885821651,3,4.86957936117178e-89
6521,0.226790914385556,306.456857927446,3,3.32542499863431e-86
6522,0.225548437196661,306.503830033242,3,3.39167343456585e-85
6523,0.225509609784508,306.550802139037,3,3.64621118526297e-85
6524,0.22450009706853,306.597774244833,3,2.3825890133442e-84
6525,0.223917685886236,306.644746350629,3,7.0094146969697e-84
6526,0.225431954960202,306.691718456424,3,4.21386905663429e-85
6527,0.227722772277228,306.73869056222,3,5.77781426094235e-87
6528,0.227606290040769,306.785662668016,3,7.19358438941457e-87
6529,0.22632498543972,306.832634773811,3,7.95634252373246e-86
6530,0.226868569209862,306.879606879607,3,2.87492521486701e-86
6531,0.225393127548049,306.926578985403,3,4.5299401410522e-85
6532,0.223374102116094,306.973551091198,3,1.91408982643677e-83
6533,0.220500873616773,307.020523196994,3,3.7168428758233e-81
6534,0.219219569015725,307.067495302789,3,3.80970110957733e-80
6535,0.220073772083091,307.114467408585,3,8.08622989524424e-81
6536,0.221316249271986,307.161439514381,3,8.39210679314006e-82
6537,0.221510386332751,307.208411620176,3,5.88345110056506e-82
6538,0.222869345758105,307.255383725972,3,4.85422136404977e-83
6539,0.22450009706853,307.302355831768,3,2.3825890133442e-84
6540,0.225043680838672,307.349327937563,3,8.68060129327412e-85
6541,0.223374102116094,307.396300043359,3,1.91408982643677e-83
6542,0.222364589400116,307.443272149155,3,1.22843220458839e-82
6543,0.223490584352553,307.49024425495,3,1.54370349029306e-83
6544,0.225315472723743,307.537216360746,3,5.23478625446749e-85
6545,0.22710153368278,307.584188466541,3,1.8570950095255e-86
6546,0.225082508250825,307.631160572337,3,8.07583590332427e-85
6547,0.2234517569404,307.678132678133,3,1.65844917869351e-83
6548,0.22201514269074,307.725104783928,3,2.33329082578205e-82
6549,0.220733838089691,307.772076889724,3,2.43087996457507e-81
6550,0.222714036109493,307.81904899552,3,6.46084721092582e-83
6551,0.226130848378956,307.866021101315,3,1.14378124479542e-85
6552,0.228111046398758,307.912993207111,3,2.78059492657673e-87
6553,0.229819452533489,307.959965312907,3,1.09681474465037e-88
6554,0.233313919627257,308.006937418702,3,1.36659978276791e-91
6555,0.237157833430402,308.053909524498,3,7.76596359427142e-95
6556,0.237895554261308,308.100881630293,3,1.82514289972124e-95
6557,0.235798874005048,308.147853736089,3,1.10562777650631e-93
6558,0.231294894195302,308.194825841885,3,6.59382367051627e-90
6559,0.224655406717142,308.24179794768,3,1.78596448889738e-84
6560,0.21941370607649,308.288770053476,3,2.68001760459243e-80
6561,0.21355076684139,308.335742159272,3,9.55578540911484e-76
6562,0.209240924092409,308.382714265067,3,1.75963397228507e-72
6563,0.203688604154533,308.429686370863,3,2.23460781303139e-68
6564,0.198330421277422,308.476658476658,3,1.5784678616286e-64
6565,0.193321685109687,308.523630582454,3,4.96369238282909e-61
6566,0.189982527664531,308.57060268825,2,9.39396776979944e-59
6567,0.190797903319744,308.617574794045,2,2.63567250617493e-59
6568,0.193826441467676,308.664546899841,3,2.22729970664943e-61
6569,0.19817511162881,308.711519005637,3,2.03307716009791e-64
6570,0.202251989904873,308.758491111432,3,2.46596188160764e-67
6571,0.20846437584935,308.805463217228,3,6.70447248419474e-72
6572,0.215298000388274,308.852435323024,3,4.33422930036744e-77
6573,0.221432731508445,308.899407428819,3,6.78178728221304e-82
6574,0.229625315472724,308.946379534615,3,1.58565319994908e-88
6575,0.240302853814793,308.99335164041,3,1.56895868438297e-97
6576,0.249155503785673,309.040323746206,3,2.64317965459538e-105
6577,0.253931275480489,309.087295852002,3,1.2979893091486e-109
6578,0.255678509027373,309.134267957797,3,3.28643702247925e-111
6579,0.257697534459328,309.181240063593,3,4.55415682365961e-113
6580,0.258629392351,309.228212169389,3,6.2498936455051e-114
6581,0.258629392351,309.275184275184,3,6.2498936455051e-114
6582,0.259561250242671,309.32215638098,3,8.51677215237349e-115
6583,0.255523199378761,309.369128486776,3,4.56117713808019e-111
6584,0.249155503785673,309.416100592571,3,2.64317965459538e-105
6585,0.245971655989128,309.463072698367,3,1.77771600262663e-102
6586,0.233430401863716,309.510044804162,3,1.0916184548337e-91
6587,0.218947777130654,309.557016909958,3,6.23037011625077e-80
6588,0.207493690545525,309.603989015754,3,3.54289857007579e-71
6589,0.193321685109687,309.650961121549,3,4.96369238282909e-61
6590,0.171306542418948,309.697933227345,2,7.68592096851348e-47
6591,0.148359541836537,309.744905333141,2,4.0471437361522e-34
6592,0.13445932828577,309.791877438936,2,2.05801151707838e-27
6593,0.124014754416618,309.838849544732,2,7.37831547148313e-23
6594,0.121102698505145,309.885821650528,2,1.15946764535158e-21
6595,0.121918074160357,309.932793756323,2,5.40155937417049e-22
6596,0.128868180935741,309.979765862119,2,6.3524633316458e-25
6597,0.138730343622598,310.026737967914,2,2.1461138302308e-29
6598,0.152086973403223,310.07371007371,2,4.80912927548757e-36
6599,0.168899242865463,310.120682179506,2,2.08373058805882e-45
6600,0.182178217821782,310.167654285301,2,1.3236992618669e-53
6601,0.194564162298583,310.214626391097,3,6.87586471771312e-62
6602,0.207416035721219,310.261598496893,3,4.04617969664562e-71
6603,0.220423218792467,310.308570602688,3,4.28154418610758e-81
6604,0.227023878858474,310.355542708484,3,2.14842418353287e-86
6605,0.23113958454669,310.40251481428,3,8.8722018414803e-90
6606,0.235721219180742,310.449486920075,3,1.286231426007e-93
6607,0.237546107551932,310.496459025871,3,3.62608601746651e-95
6608,0.237584934964085,310.543431131666,3,3.35994990969009e-95
6609,0.236653077072413,310.590403237462,3,2.08629475189325e-94
6610,0.232770335857115,310.637375343258,3,3.89338805810659e-91
6611,0.228887594641817,310.684347449053,3,6.41588221508676e-88
6612,0.224810716365754,310.731319554849,3,1.33847149999434e-84
6613,0.219452533488643,310.778291660645,3,2.4978735927903e-80
6614,0.213511939429237,310.82526376644,3,1.02327049704905e-75
6615,0.208697340322268,310.872235872236,3,4.49075521621781e-72
6616,0.205164045816346,310.919207978032,3,1.86232585711854e-69
6617,0.204076878276063,310.966180083827,3,1.16417297113979e-68
6618,0.199456416229858,311.013152189623,3,2.5034585022368e-65
6619,0.196544360318385,311.060124295418,3,2.86184877041762e-63
6620,0.193011065812464,311.107096401214,3,8.11852919918106e-61
6621,0.187730537759658,311.15406850701,2,3.04503512576846e-57
6622,0.185827994564162,311.201040612805,2,5.54828590567942e-56
6623,0.190836730731897,311.248012718601,2,2.48051633010967e-59
6624,0.196660842554844,311.294984824397,3,2.37112292112377e-63
6625,0.205746456998641,311.341956930192,3,6.94710912639856e-70
6626,0.211376431760823,311.388929035988,3,4.32711893631762e-74
6627,0.220384391380315,311.435901141784,3,4.5952092485432e-81
6628,0.228033391574452,311.482873247579,3,3.21889173787645e-87
6629,0.231178411958843,311.529845353375,3,8.23789040402659e-90
6630,0.233663366336634,311.57681745917,3,6.9628040029613e-92
6631,0.235954183653659,311.623789564966,3,8.16815497731063e-94
6632,0.236342457775189,311.670761670762,3,3.82855296126846e-94
6633,0.238477965443603,311.717733776557,3,5.79999197015811e-96
6634,0.240885264997088,311.764705882353,3,4.9288934634165e-98
6635,0.243680838672102,311.811677988149,3,1.82905185973163e-100
6636,0.244146767617938,311.858650093944,3,7.15220690272811e-101
6637,0.240419336051252,311.90562219974,3,1.24490335175847e-97
6638,0.236070665890118,311.952594305536,3,6.50809229770066e-94
6639,0.230634828188701,311.999566411331,3,2.32455094335483e-89
6640,0.225781401669579,312.046538517127,3,2.19650798101789e-85
6641,0.225315472723743,312.093510622922,3,5.23478625446749e-85
6642,0.223374102116094,312.140482728718,3,1.91408982643677e-83
6643,0.22201514269074,312.187454834514,3,2.33329082578205e-82
6644,0.219569015725102,312.234426940309,3,2.02225452900659e-80
6645,0.216851096874393,312.281399046105,3,2.71246199898196e-78
6646,0.212347117064648,312.328371151901,3,7.92707842235603e-75
6647,0.197825664919433,312.375343257696,3,3.59027798311541e-64
6648,0.180625121335663,312.422315363492,2,1.31006923209967e-52
6649,0.158027567462629,312.469287469288,2,3.17416866001937e-39
6650,0.122966414288488,312.516259575083,2,2.00591226012701e-22
6651,0.0894971850126189,312.563231680879,2,9.91070318460672e-11
6652,0.0597165598912832,312.610203786674,2,0.000733000381237368
6653,0.031100757134537,312.65717589247,1,0.681923759041676
6654,0.0157251019219569,312.704147998266,1,0.893675133398865
6655,0.0100951271597748,312.751120104061,1,0.892666586490258
6656,0.00858085808580858,312.798092209857,1,0.887823634395694
6657,0.00827023878858474,312.845064315653,1,0.886560893333068
6658,0.00691127936323044,312.892036421448,1,0.879857680190095
6659,0.0083478936128907,312.939008527244,1,0.886885575369322
6660,0.0105998835177635,312.98598063304,1,0.893822521902828
6661,0.0119200155309649,313.032952738835,1,0.895826883776532
6662,0.0178994370025238,313.079924844631,1,0.886916805003728
6663,0.0316055134925257,313.126896950426,1,0.664441926583637
6664,0.0432149097262667,313.173869056222,2,0.14776500765246
6665,0.0623179965055329,313.220841162018,2,0.000249976528630858
6666,0.0777713065424189,313.267813267813,2,1.25319551607915e-07
6667,0.0956707435449427,313.314785373609,2,1.43097999723634e-12
6668,0.111861774412735,313.361757479405,2,4.45593473657165e-18
6669,0.126693845855174,313.4087295852,2,5.48380045792876e-24
6670,0.141681226946224,313.455701690996,2,8.35031993143058e-31
6671,0.158687633469229,313.502673796791,2,1.37932779913579e-39
6672,0.173209085614444,313.549645902587,2,5.45129927267243e-48
6673,0.187031644340905,313.596618008383,2,8.87845941879799e-57
6674,0.194253543001359,313.643590114178,3,1.12853271384325e-61
6675,0.201941370607649,313.690562219974,3,4.13444382121385e-67
6676,0.208503203261503,313.73753432577,3,6.27149699029816e-72
6677,0.215220345563968,313.784506431565,3,4.97572067344257e-77
6678,0.218908949718501,313.831478537361,3,6.6835829684962e-80
6679,0.217938264414677,313.878450643157,3,3.85125542738773e-79
6680,0.216385167928558,313.925422748952,3,6.2425283863898e-78
6681,0.21355076684139,313.972394854748,3,9.55578540911484e-76
6682,0.200970685303825,314.019366960543,3,2.06719597731059e-66
6683,0.189322461657931,314.066339066339,2,2.61662432582309e-58
6684,0.171850126189089,314.113311172135,2,3.62114783082846e-47
6685,0.146107551931664,314.16028327793,2,5.54729026428768e-33
6686,0.126227916909338,314.207255383726,2,8.65677770910346e-24
6687,0.111434672879053,314.254227489522,2,6.40985089534928e-18
6688,0.0986604542807222,314.301199595317,2,1.63275566211086e-13
6689,0.0900795961949136,314.348171701113,2,6.73885088186209e-11
6690,0.0802950883323627,314.395143806909,2,2.97824598965608e-08
6691,0.0691904484566104,314.442115912704,2,1.09913145091496e-05
6692,0.0637157833430402,314.4890880185,2,0.000136871628941271
6693,0.0558338186759852,314.536060124295,2,0.00326892812818714
6694,0.0464764123471171,314.583032230091,2,0.0662402842176345
6695,0.0531935546495826,314.630004335887,2,0.00835889565797831
6696,0.0682197631527859,314.676976441682,2,1.75167617073831e-05
6697,0.100097068530382,314.723948547478,2,5.59748749279915e-14
6698,0.12638322655795,314.770920653274,2,7.4362832022931e-24
6699,0.158260531935547,314.817892759069,2,2.36632997393447e-39
6700,0.178567268491555,314.864864864865,2,2.63844317232602e-51
6701,0.190953212968356,314.911836970661,3,2.06756056074515e-59
6702,0.201125994952436,314.958809076456,3,1.59878506792953e-66
6703,0.211609396233741,315.005781182252,3,2.88149569567751e-74
6704,0.22162686856921,315.052753288047,3,4.75360343479831e-82
6705,0.229547660648418,315.099725393843,3,1.83738525146567e-88
6706,0.234905843525529,315.146697499639,3,6.28022245761408e-93
6707,0.237080178606096,315.193669605434,3,9.04236980610528e-95
6708,0.236575422248107,315.24064171123,3,2.4284138618851e-94
6709,0.237507280139779,315.287613817026,3,3.91325388196838e-95
6710,0.238322655794991,315.334585922821,3,7.87609240711505e-96
6711,0.23440108716754,315.381558028617,3,1.67145537181937e-92
6712,0.229664142884877,315.428530134413,3,1.4730044742765e-88
6713,0.226014366142497,315.475502240208,3,1.42185493842177e-85
6714,0.222170452339352,315.522474346004,3,1.75466264706697e-82
6715,0.215259172976121,315.569446451799,3,4.64394126852332e-77
6716,0.206950106775383,315.616418557595,3,8.9678206464417e-71
6717,0.197515045622209,315.663390663391,3,5.94652653011613e-64
6718,0.191613278974956,315.710362769186,3,7.35026976352796e-60
6719,0.192933410988158,315.757334874982,3,9.17986317363059e-61
6720,0.196583187730538,315.804306980778,3,2.68795303138042e-63
6721,0.204232187924675,315.851279086573,3,8.9656847182223e-69
6722,0.207416035721219,315.898251192369,3,4.04617969664562e-71
6723,0.214443797320909,315.945223298164,3,1.97275325625808e-76
6724,0.222286934575811,315.99219540396,3,1.41678717557424e-82
6725,0.22970297029703,316.039167509756,3,1.36834150958867e-88
6726,0.234905843525529,316.086139615551,3,6.28022245761408e-93
6727,0.236031838477965,316.133111721347,3,7.02019500673358e-94
6728,0.235410599883518,316.180083827143,3,2.3547476825781e-93
6729,0.228693457581052,316.227055932938,3,9.26147874442706e-88
6730,0.220966802562609,316.274028038734,3,1.5891133920815e-81
6731,0.211454086585129,316.32100014453,3,3.77886171395043e-74
6732,0.203300330033003,316.367972250325,3,4.28362314006434e-68
6733,0.199961172587847,316.414944356121,3,1.09261713302223e-65
6734,0.199961172587847,316.461916461916,3,1.09261713302223e-65
6735,0.20326150262085,316.508888567712,3,4.57130987719733e-68
6736,0.206794797126772,316.555860673508,3,1.1687429864566e-70
6737,0.200194137060765,316.602832779303,3,7.44645849537392e-66
6738,0.202756746262862,316.649804885099,3,1.06291809892762e-67
6739,0.203960396039604,316.696776990895,3,1.41590093023657e-68
6740,0.204892253931275,316.74374909669,3,2.94758691080595e-69
6741,0.20729955348476,316.790721202486,3,4.93778604773502e-71
6742,0.213201320132013,316.837693308282,3,1.76840558537536e-75
6743,0.227567462628616,316.884665414077,3,7.73858798616676e-87
6744,0.243331391962726,316.931637519873,3,3.69453467622413e-100
6745,0.248145991069695,316.978609625668,3,2.10190346268459e-104
6746,0.25746456998641,317.025581731464,3,7.47417474041561e-113
6747,0.264997087944089,317.07255383726,3,6.6063617331123e-120
6748,0.263676955930887,317.119525943055,3,1.17654482239153e-118
6749,0.260027179188507,317.166498048851,3,3.135654029106e-115
6750,0.258279945641623,317.213470154647,3,1.31729270221046e-113
6751,0.257814016695787,317.260442260442,3,3.55433662777435e-113
6752,0.258046981168705,317.307414366238,3,2.16429338818925e-113
6753,0.253737138419724,317.354386472034,3,1.94984299875281e-109
6754,0.252494661230829,317.401358577829,3,2.61763689614163e-108
6755,0.251058046981169,317.448330683625,3,5.1910380192848e-107
6756,0.248378955542613,317.49530278942,3,1.30355243765354e-104
6757,0.243370219374879,317.542274895216,3,3.41708032386342e-100
6758,0.235837701417201,317.589247001012,3,1.025051711857e-93
6759,0.228033391574452,317.636219106807,3,3.21889173787645e-87
6760,0.223218792467482,317.683191212603,3,2.54927646780968e-83
6761,0.2175888177053,317.730163318399,3,7.22054931670264e-79
6762,0.219141914191419,317.777135424194,3,4.38483857148333e-80
6763,0.21902543195496,317.82410752999,3,5.41385102694839e-80
6764,0.217317025820229,317.871079635786,3,1.17643730664119e-78
6765,0.21681226946224,317.918051741581,3,2.90777339468948e-78
6766,0.219879635022326,317.965023847377,3,1.15071473332841e-80
6767,0.227256843331392,318.011995953172,3,1.3873850715873e-86
6768,0.233857503397399,318.058968058968,3,4.78516416332962e-92
6769,0.239332168510969,318.105940164764,3,1.07406964742085e-96
6770,0.24507862550961,318.152912270559,3,1.08782012236423e-101
6771,0.249077848961367,318.199884376355,3,3.10115102429597e-105
6772,0.247330615414483,318.246856482151,3,1.11504953983231e-103
6773,0.241195884294312,318.293828587946,3,2.65499050119897e-98
6774,0.234129295282469,318.340800693742,3,2.82896757549241e-92
6775,0.22605319355465,318.387772799538,3,1.3223810990428e-85
6776,0.218559503009124,318.434744905333,3,1.25666771987714e-79
6777,0.202251989904873,318.481717011129,3,2.46596188160764e-67
6778,0.198252766453116,318.528689116924,3,1.79145735515499e-64
6779,0.189361289070083,318.57566122272,2,2.46387750183484e-58
6780,0.173869151621044,318.622633328516,2,2.15964141409343e-48
6781,0.154416618132401,318.669605434311,2,2.82719785390045e-37
6782,0.128130460104834,318.716577540107,2,1.32606930430856e-24
6783,0.100757134536983,318.763549645903,2,3.40235337356879e-14
6784,0.0882547078237235,318.810521751698,2,2.23471941044573e-10
6785,0.0725684333139196,318.857493857494,2,2.03760223559754e-06
6786,0.0608813822558726,318.90446596329,2,0.000456114098974031
6787,0.0516016307513104,318.951438069085,2,0.0142594975866275
6788,0.0494272956707435,318.998410174881,2,0.0283686173927706
6789,0.0506309454474859,319.045382280676,2,0.0195046173088674
6790,0.0554843719666084,319.092354386472,2,0.00371512107822972
6791,0.0694234129295282,319.139326492268,2,9.81626836193186e-06
6792,0.0843719666084256,319.186298598063,2,2.60243447572124e-09
6793,0.102853814793244,319.233270703859,2,6.82544209289187e-15
6794,0.113647835371772,319.280242809655,2,9.57544126617242e-19
6795,0.127975150456222,319.32721491545,2,1.54736579988989e-24
6796,0.140594059405941,319.374187021246,2,2.78636837295079e-30
6797,0.151698699281693,319.421159127042,2,7.67575705527401e-36
6798,0.159541836536595,319.468131232837,2,4.66321111882798e-40
6799,0.16299747621821,319.515103338633,2,5.41714714225042e-42
6800,0.16299747621821,319.562075444428,2,5.41714714225042e-42
6801,0.159270044651524,319.609047550224,2,6.58956440076411e-40
6802,0.157755775577558,319.65601965602,2,4.46861215457132e-39
6803,0.154727237429625,319.702991761815,2,1.93043222304384e-37
6804,0.149097262667443,319.749963867611,2,1.69993307551481e-34
6805,0.143079013783731,319.796935973407,2,1.74653857529204e-31
6806,0.1231217239371,319.843908079202,2,1.73071215254647e-22
6807,0.091322073383809,319.890880184998,2,2.93061068829354e-11
6808,0.0703164434090468,319.937852290794,2,6.33622530068456e-06
6809,0.0417394680644535,319.984824396589,2,0.201307990923702
6810,0.025237817899437,320.031796502385,1,0.821198814724073
6811,0.0168510968743933,320.07876860818,1,0.890718185699814
6812,0.0141331780236847,320.125740713976,1,0.896006672455816
6813,0.0164239953407105,320.172712819772,1,0.891972488645162
6814,0.021355076684139,320.219684925567,1,0.865946916624218
6815,0.0304406911279363,320.266657031363,1,0.70333580993597
6816,0.0454280722189866,320.313629137159,2,0.0871730891897932
6817,0.0746651135701805,320.360601242954,2,6.8121184774279e-07
6818,0.105649388468259,320.40757334875,2,7.55527056941127e-16
6819,0.145136866627839,320.454545454545,2,1.69079365521642e-32
6820,0.174839836924869,320.501517560341,2,5.49327037646449e-49
6821,0.196893807027762,320.548489666137,3,1.62708604122179e-63
6822,0.214404969908756,320.595461771932,3,2.11312473863656e-76
6823,0.228848767229664,320.642433877728,3,6.90481470892909e-88
6824,0.237701417200544,320.689405983524,3,2.67291191855323e-95
6825,0.241157056882159,320.736378089319,3,2.86858381643216e-98
6826,0.241700640652301,320.783350195115,3,9.69874947543325e-99
6827,0.240885264997088,320.830322300911,3,4.9288934634165e-98
6828,0.238555620267909,320.877294406706,3,4.97683740394839e-96
6829,0.234517569403999,320.924266512502,3,1.33373976065709e-92
6830,0.230130071830712,320.971238618297,3,6.07759174460176e-89
6831,0.224849543777907,321.018210724093,3,1.24531596411827e-84
6832,0.221083284799068,321.065182829889,3,1.28462501458565e-81
6833,0.215414482624733,321.112154935684,3,3.52333562381427e-77
6834,0.213201320132013,321.15912704148,3,1.76840558537536e-75
6835,0.211570568821588,321.206099147276,3,3.08362920031616e-74
6836,0.210405746456999,321.253071253071,3,2.34301636819241e-73
6837,0.209240924092409,321.300043358867,3,1.75963397228507e-72
6838,0.208969132207338,321.347015464663,3,2.81196111044279e-72
6839,0.211920015530965,321.393987570458,3,1.6744131304596e-74
6840,0.215919238982722,321.440959676254,3,1.43403107234167e-77
6841,0.222209279751505,321.487931782049,3,1.63394001880601e-82
6842,0.226169675791109,321.534903887845,3,1.06372157223876e-85
6843,0.232110269850514,321.581875993641,3,1.38364074897448e-90
6844,0.238206173558532,321.628848099436,3,9.90642474374337e-96
6845,0.244107940205785,321.675820205232,3,7.73484582232445e-101
6846,0.250786255096098,321.722792311028,3,9.11752611034888e-107
6847,0.255445544554455,321.769764416823,3,5.37304925674313e-111
6848,0.258474082702388,321.816736522619,3,8.70645174690093e-114
6849,0.255251407493691,321.863708628415,3,8.0907242250339e-111
6850,0.251873422636381,321.91068073421,3,9.54593912384539e-108
6851,0.243214909726267,321.957652840006,3,4.66918741904598e-100
6852,0.233508056688022,322.004624945801,3,9.39716587527296e-92
6853,0.223723548825471,322.051597051597,3,1.00373555894977e-83
6854,0.212813046010483,322.098569157393,3,3.5000007088992e-75
6855,0.206095903708018,322.145541263188,3,3.83916776302007e-70
6856,0.206018248883712,322.192513368984,3,4.38040339618114e-70
6857,0.21211415259173,322.23948547478,3,1.19215653857253e-74
6858,0.223335274703941,322.286457580575,3,2.05628913162816e-83
6859,0.237274315666861,322.333429686371,3,6.18051466423776e-95
6860,0.247058823529412,322.380401792167,3,1.9423671277212e-103
6861,0.256066783148903,322.427373897962,3,1.44701746348987e-111
6862,0.264375849349641,322.474346003758,3,2.56605641923369e-119
6863,0.268608037274316,322.521318109553,3,2.33202591066596e-123
6864,0.269462240341681,322.568290215349,3,3.50239558242016e-124
6865,0.268064453504174,322.615262321145,3,7.76887423688311e-123
6866,0.267443214909726,322.66223442694,3,3.06457438024487e-122
6867,0.266589011842361,322.709206532736,3,2.01218928867251e-121
6868,0.2644923315861,322.756178638532,3,1.99010159954743e-119
6869,0.260920209668026,322.803150744327,3,4.59682167211234e-116
6870,0.253581828771112,322.850122850123,3,2.69952041643526e-109
6871,0.244457386915162,322.897094955919,3,3.82080379460568e-101
6872,0.238555620267909,322.944067061714,3,4.97683740394839e-96
6873,0.230130071830712,322.99103916751,3,6.07759174460176e-89
6874,0.226557949912638,323.038011273305,3,5.14491644218462e-86
6875,0.225160163075131,323.084983379101,3,6.98950576202773e-85
6876,0.228771112405358,323.131955484897,3,7.99699893265804e-88
6877,0.233119782566492,323.178927590692,3,1.98678481699715e-91
6878,0.239992234517569,323.225899696488,3,2.90610374337182e-97
6879,0.247447097650942,323.272871802284,3,8.78845262692052e-104
6880,0.253581828771112,323.319843908079,3,2.69952041643526e-109
6881,0.257348087749951,323.366816013875,3,9.57346347422754e-113
6882,0.26006600660066,323.413788119671,3,2.88490391876225e-115
6883,0.261619103086779,323.460760225466,3,1.01836341839544e-116
6884,0.262240341681227,323.507732331262,3,2.65846723358373e-117
6885,0.263288681809357,323.554704437057,3,2.7370170599953e-118
6886,0.26150262085032,323.601676542853,3,1.30952803513473e-116
6887,0.259056493884683,323.648648648649,3,2.50911442761768e-114
6888,0.257348087749951,323.695620754444,3,9.57346347422754e-113
6889,0.257115123277034,323.74259286024,3,1.57013560082178e-112
6890,0.255484371966608,323.789564966036,3,4.95052822799912e-111
6891,0.252572316055135,323.836537071831,3,2.22625466698985e-108
6892,0.249737914967967,323.883509177627,3,7.9611299443819e-106
6893,0.24795185400893,323.930481283422,3,3.12874031064114e-104
6894,0.247019996117259,323.977453389218,3,2.10253791067071e-103
6895,0.245544554455446,324.024425495014,3,4.23117020799577e-102
6896,0.244418559503009,324.071397600809,3,4.13246445411852e-101
6897,0.246864686468647,324.118369706605,3,2.88629345271754e-103
6898,0.247563579887401,324.165341812401,3,6.92600193762344e-104
6899,0.250359153562415,324.212313918196,3,2.20676688545239e-106
6900,0.252261696757911,324.259286023992,3,4.25387986554104e-108
6901,0.252649970879441,324.306258129788,3,1.89329798486359e-108
6902,0.253504173946806,324.353230235583,3,3.17612913279308e-109
6903,0.25641622985828,324.400202341379,3,6.90863854838607e-112
6904,0.259561250242671,324.447174447174,3,8.51677215237349e-115
6905,0.259794214715589,324.49414655297,3,5.16888950033326e-115
6906,0.262201514269074,324.541118658766,3,2.89151611498572e-117
6907,0.264298194525335,324.588090764561,3,3.03972030206839e-119
6908,0.26488060570763,324.635062870357,3,8.52236909804456e-120
6909,0.262783925451369,324.682034976153,3,8.18753860001438e-118
6910,0.260648417782955,324.729007081948,3,8.25167071461046e-116
6911,0.259794214715589,324.775979187744,3,5.16888950033326e-115
6912,0.258474082702388,324.82295129354,3,8.70645174690093e-114
6913,0.258279945641623,324.869923399335,3,1.31729270221046e-113
6914,0.257891671520093,324.916895505131,3,3.01276797028708e-113
6915,0.257270432925645,324.963867610926,3,1.12904967752086e-112
6916,0.254863133372161,325.010839716722,3,1.83282663194505e-110
6917,0.250863909920404,325.057811822518,3,7.76267566602455e-107
6918,0.247990681421083,325.104783928313,3,2.88954088725095e-104
6919,0.244340904678703,325.151756034109,3,4.83394671560036e-101
6920,0.24208891477383,325.198728139905,3,4.46353036911931e-99
6921,0.238555620267909,325.2457002457,3,4.97683740394839e-96
6922,0.234478741991846,325.292672351496,3,1.4379740638133e-92
6923,0.230479518540089,325.339644457292,3,3.12510791765141e-89
6924,0.226635604736944,325.386616563087,3,4.44859681596098e-86
6925,0.222248107163658,325.433588668883,3,1.52150402284306e-82
6926,0.217549990293147,325.480560774678,3,7.74234194374452e-79
6927,0.212696563774024,325.527532880474,3,4.29442424678985e-75
6928,0.209823335274704,325.57450498627,3,6.43032741499804e-73
6929,0.208192583964279,325.621477092065,3,1.06944853558185e-71
6930,0.199961172587847,325.668449197861,3,1.09261713302223e-65
6931,0.193166375461076,325.715421303657,3,6.34875424443955e-61
6932,0.186022131624927,325.762393409452,2,4.1323057703812e-56
6933,0.171694816540478,325.809365515248,2,4.49110933667959e-47
6934,0.153251795767812,325.856337621044,2,1.17318704331973e-36
6935,0.13628421665696,325.903309726839,2,2.98668962815654e-28
6936,0.122966414288488,325.950281832635,2,2.00591226012701e-22
6937,0.1003300330033,325.99725393843,2,4.69752618446751e-14
6938,0.0860027179188507,326.044226044226,2,9.42940836322204e-10
6939,0.0686468646864686,326.091198150022,2,1.42834024531403e-05
6940,0.0490390215492137,326.138170255817,2,0.0319044823026767
6941,0.0285381479324403,326.185142361613,1,0.75623705477249
6942,0.0159968938070278,326.232114467409,1,0.893063716283883
6943,0.0106775383420695,326.279086573204,1,0.893980867040864
6944,0.00807610172781984,326.326058679,1,0.885722563731842
6945,0.00333915744515628,326.373030784796,1,0.851212114468546
6946,0.0033003300330033,326.420002890591,1,0.850794982721459
6947,0.00361094933022714,326.466974996387,1,0.854059692611679
6948,0.00357212191807416,326.513947102182,1,0.853660560842502
6949,0.0034944670937682,326.560919207978,1,0.85285468103615
6950,0.00295088332362648,326.607891313774,1,0.846921328462417
6951,0.00318384779654436,326.654863419569,1,0.849527811150458
6952,0.00298971073577946,326.701835525365,1,0.847362507706321
6953,0.00609590370801786,326.748807631161,1,0.874837453508072
6954,0.00574645699864104,326.795779736956,1,0.872435901401121
6955,0.00652300524170064,326.842751842752,1,0.877566123217293
6956,0.00827023878858474,326.889723948547,1,0.886560893333068
6957,0.0110269850514463,326.936696054343,1,0.894630090263403
6958,0.0139002135507668,326.983668160139,1,0.896173315385148
6959,0.0163463405164046,327.030640265934,1,0.892182894614566
6960,0.0183265385362066,327.07761237173,1,0.885058676727092
6961,0.0344787419918462,327.124584477526,1,0.547069357625019
6962,0.0532712094738886,327.171556583321,2,0.00813880677212678
6963,0.0892253931275481,327.218528689117,2,1.18534340182696e-10
6964,0.12090856144438,327.265500794913,2,1.38955164627675e-21
6965,0.150533876917103,327.312472900708,2,3.09568586422254e-35
6966,0.176975344593283,327.359445006504,2,2.62063486754317e-50
6967,0.191962725684333,327.406417112299,3,4.24442427284499e-60
6968,0.206833624538924,327.453389218095,3,1.0938795894738e-70
6969,0.215181518151815,327.500361323891,3,5.33113528293807e-77
6970,0.220306736556009,327.547333429686,3,5.29295875790088e-81
6971,0.225820229081732,327.594305535482,3,2.04299277037295e-85
6972,0.230246554067171,327.641277641278,3,4.86957936117178e-89
6973,0.232653853620656,327.688249747073,3,4.87105184480372e-91
6974,0.233585711512328,327.735221852869,3,8.08912089267597e-92
6975,0.230673655600854,327.782193958665,3,2.15870869863816e-89
6976,0.227256843331392,327.82916606446,3,1.3873850715873e-86
6977,0.220772665501844,327.876138170256,3,2.26469203740813e-81
6978,0.207221898660454,327.923110276051,3,5.63847876254115e-71
6979,0.195845466899631,327.970082381847,3,8.82455639316474e-63
6980,0.185323238206174,328.017054487643,2,1.19169533970575e-55
6981,0.167773247913027,328.064026593438,2,9.57565511491598e-45
6982,0.140671714230247,328.110998699234,2,2.55745317049803e-30
6983,0.107396622015143,328.15797080503,2,1.84465840367917e-16
6984,0.0861192001553096,328.204942910825,2,8.76213744731839e-10
6985,0.0695398951659872,328.251915016621,2,9.27509648671994e-06
6986,0.054280722189866,328.298887122417,2,0.0057234658445199
6987,0.0366919044845661,328.345859228212,2,0.440152147822179
6988,0.0249660260143661,328.392831334008,1,0.825289913965738
6989,0.0183265385362066,328.439803439803,1,0.885058676727092
6990,0.0150650359153562,328.486775545599,1,0.894897562863287
6991,0.0138225587264609,328.533747651395,1,0.896219120149449
6992,0.0138225587264609,328.58071975719,1,0.896219120149449
6993,0.0110658124635993,328.627691862986,1,0.894695874234758
6994,0.0102116093962337,328.674663968782,1,0.892952994757388
6995,0.00858085808580858,328.721636074577,1,0.887823634395694
6996,0.0081537565521258,328.768608180373,1,0.886062485743579
6997,0.00780430984274898,328.815580286169,1,0.884483964166482
6998,0.00850320326150262,328.862552391964,1,0.887516906440677
6999,0.0091244418559503,328.90952449776,1,0.889807386900559
7000,0.0110269850514463,328.956496603555,1,0.894630090263403
7001,0.0105610561056106,329.003468709351,1,0.893741415962247
7002,0.00900795961949136,329.050440815147,1,0.889406040655398
7003,0.00858085808580858,329.097412920942,1,0.887823634395694
7004,0.00830906620073772,329.144385026738,1,0.886723989905493
7005,0.00792079207920792,329.191357132534,1,0.885024167272081
7006,0.0091244418559503,329.238329238329,1,0.889807386900559
7007,0.0117258784702,329.285301344125,1,0.895622537691155
7008,0.0134731120170841,329.332273449921,1,0.896365148682677
7009,0.0288875946418171,329.379245555716,1,0.747459513600362
7010,0.0378567268491555,329.426217661512,2,0.381418735653092
7011,0.0528052805280528,329.473189767307,2,0.00954361893876092
7012,0.0731896719083673,329.520161873103,2,1.4785983760222e-06
7013,0.100097068530382,329.567133978899,2,5.59748749279919e-14
7014,0.127353911861774,329.614106084694,2,2.86277576149145e-24
7015,0.154105998835178,329.66107819049,2,4.13694008855977e-37
7016,0.173597359735974,329.708050296286,2,3.16353842524409e-48
7017,0.193244030285381,329.755022402081,3,5.61382069214278e-61
7018,0.20221316249272,329.801994507877,3,2.63063371484773e-67
7019,0.214133178023685,329.848966613673,3,3.41771331736858e-76
7020,0.222830518345952,329.895938719468,3,5.21399088219219e-83
7021,0.227955736750146,329.942910825264,3,3.72608947625341e-87
7022,0.230285381479324,329.989882931059,3,4.52272921732065e-89
7023,0.230828965249466,330.036855036855,3,1.60531323298126e-89
7024,0.229935934769948,330.083827142651,3,8.79069618340371e-89
7025,0.233469229275869,330.130799248446,3,1.01283005446129e-91
7026,0.231372549019608,330.177771354242,3,5.68404908486505e-90
7027,0.229120559114735,330.224743460038,3,4.12827422890906e-88
7028,0.228149873810911,330.271715565833,3,2.58431384457635e-87
7029,0.230557173364395,330.318687671629,3,2.69533577406681e-89
7030,0.23257619879635,330.365659777425,3,5.65534510670068e-91
7031,0.231061929722384,330.41263188322,3,1.02907252684322e-89
7032,0.228111046398758,330.459603989016,3,2.78059492657673e-87
7033,0.226402640264026,330.506576094811,3,6.88055610828298e-86
7034,0.226014366142497,330.553548200607,3,1.42185493842168e-85
7035,0.226946224034168,330.600520306403,3,2.48533065226992e-86
7036,0.2293146961755,330.647492412198,3,2.85789405104719e-88
7037,0.233585711512328,330.694464517994,3,8.08912089267597e-92
7038,0.238905066977286,330.74143662379,3,2.497783712895e-96
7039,0.243486701611338,330.788408729585,3,2.70339429260321e-100
7040,0.245816346340516,330.835380835381,3,2.43714843386564e-102
7041,0.242516016307513,330.882352941177,3,1.89809844347203e-99
7042,0.239487478159581,330.929325046972,3,7.89933455024562e-97
7043,0.234362259755387,330.976297152768,3,1.80201566795684e-92
7044,0.230634828188701,331.023269258563,3,2.32455094335483e-89
7045,0.227450980392157,331.070241364359,3,9.63337012171981e-87
7046,0.22019025431955,331.117213470155,3,6.54255022189568e-81
7047,0.211570568821588,331.16418557595,3,3.08362920031616e-74
7048,0.206290040768783,331.211157681746,3,2.76022734595373e-70
7049,0.200232964472918,331.258129787542,3,6.98516111403615e-66
7050,0.188623568239177,331.305101893337,2,7.70757328815625e-58
7051,0.173713841972433,331.352073999133,2,2.68631042905376e-48
7052,0.157988740050476,331.399046104929,2,3.33325281335566e-39
7053,0.139817511162881,331.446018210724,2,6.547516302901e-30
7054,0.119394292370414,331.49299031652,2,5.63902198288416e-21
7055,0.103863327509222,331.539962422315,2,3.10697537028997e-15
7056,0.0978062512133566,331.586934528111,2,3.05978967925958e-13
7057,0.0961754999029315,331.633906633907,2,9.97306398655041e-13
7058,0.101028926422054,331.680878739702,2,2.7686926118967e-14
7059,0.115666860803727,331.727850845498,2,1.62864447276643e-19
7060,0.131547272374296,331.774822951294,2,4.21562823028135e-26
7061,0.146340516404582,331.821795057089,2,4.24010983931119e-33
7062,0.160163075131043,331.868767162885,2,2.11025776469436e-40
7063,0.170879440885265,331.91573926868,2,1.38570078870818e-46
7064,0.179615608619686,331.962711374476,2,5.74321779068239e-52
7065,0.187536400698893,332.009683480272,2,4.10094259523401e-57
7066,0.190720248495438,332.056655586067,2,2.97558432526589e-59
7067,0.195923121723937,332.103627691863,3,7.78840289481249e-63
7068,0.198291593865269,332.150599797659,3,1.68160514230378e-64
7069,0.196893807027762,332.197571903454,3,1.62708604122179e-63
7070,0.194797126771501,332.24454400925,3,4.73902831192352e-62
7071,0.192855756163852,332.291516115046,3,1.03793782550218e-60
7072,0.189244806833625,332.338488220841,2,2.95099134889646e-58
7073,0.19048728402252,332.385460326637,2,4.28027331285546e-59
7074,0.194331197825665,332.432432432432,3,9.97132509555175e-62
7075,0.198912832459717,332.479404538228,3,6.09834172742003e-65
7076,0.201242477188895,332.526376644024,3,1.31836502631823e-66
7077,0.20442632498544,332.573348749819,3,6.46639158200645e-69
7078,0.209939817511163,332.620320855615,3,5.25584986432319e-73
7079,0.217317025820229,332.667292961411,3,1.17643730664119e-78
7080,0.221976315278587,332.714265067206,3,2.50552633298554e-82
7081,0.228499320520287,332.761237173002,3,1.33649877749541e-87
7082,0.23478936128907,332.808209278798,3,7.87336621127374e-93
7083,0.242826635604737,332.855181384593,3,1.01819707222954e-99
7084,0.249660260143661,332.902153490389,3,9.34396043721157e-106
7085,0.253465346534653,332.949125596184,3,3.44505318268856e-109
7086,0.259600077654824,332.99609770198,3,7.83685874978759e-115
7087,0.265773636187148,333.043069807776,3,1.20620620415997e-120
7088,0.270588235294118,333.090041913571,3,2.85163350498894e-125
7089,0.268763346922928,333.137014019367,3,1.65280279387053e-123
7090,0.270898854591341,333.183986125163,3,1.42501707518805e-125
7091,0.271364783537177,333.230958230958,3,5.02658707894573e-126
7092,0.269384585517375,333.277930336754,3,4.16219996013668e-124
7093,0.264414676761794,333.32490244255,3,2.35762390166855e-119
7094,0.259250630945447,333.371874548345,3,1.65633340478303e-114
7095,0.255057270432926,333.418846654141,3,1.21792605941169e-110
7096,0.252533488642982,333.465818759936,3,2.41404180644796e-108
7097,0.247680062123859,333.512790865732,3,5.45763822337426e-104
7098,0.243758493496408,333.559762971528,3,1.56428257061892e-100
7099,0.240458163463405,333.606735077323,3,1.152478815044e-97
7100,0.239992234517569,333.653707183119,3,2.90610374337182e-97
7101,0.241079402057853,333.700679288915,3,3.34857943051469e-98
7102,0.243020772665502,333.74765139471,3,6.89609922761048e-100
7103,0.248883711900602,333.794623500506,3,4.62295989245815e-105
7104,0.254474859250631,333.841595606301,3,4.14689553614343e-110
7105,0.259910696952048,333.888567712097,3,4.02611901466085e-115
7106,0.262745098039216,333.935539817893,3,8.90680658257623e-118
7107,0.265773636187148,333.982511923688,3,1.20620620415997e-120
7108,0.266938458551738,334.029484029484,3,9.32459124310681e-122
7109,0.26592894583576,334.07645613528,3,8.57943380169522e-121
7110,0.262900407687828,334.123428241075,3,6.35939078459762e-118
7111,0.258629392351,334.170400346871,3,6.2498936455051e-114
7112,0.255406717142302,334.217372452667,3,5.83156043714244e-111
7113,0.242904290429043,334.264344558462,3,8.71277643862401e-100
7114,0.235876528829354,334.311316664258,3,9.50336094962959e-94
7115,0.225820229081732,334.358288770053,3,2.04299277037295e-85
7116,0.217938264414677,334.405260875849,3,3.85125542738773e-79
7117,0.212657736361871,334.452232981645,3,4.59733368111029e-75
7118,0.208192583964279,334.49920508744,3,1.06944853558185e-71
7119,0.20403805086391,334.546177193236,3,1.24268683195788e-68
7120,0.200504756357989,334.593149299032,3,4.46273035259671e-66
7121,0.192933410988158,334.640121404827,3,9.17986317363059e-61
7122,0.189788390603766,334.687093510623,2,1.27022075600025e-58
7123,0.183226557949913,334.734065616419,2,2.78183440329351e-54
7124,0.175344593282858,334.781037722214,2,2.68632636122303e-49
7125,0.169365171811299,334.82800982801,2,1.10479571320478e-45
7126,0.16625897883906,334.874981933805,2,7.30879273751619e-44
7127,0.163541059988352,334.921954039601,2,2.66116299674612e-42
7128,0.16156086196855,334.968926145397,2,3.49900221143855e-41
7129,0.162298582799456,335.015898251192,2,1.34566432402129e-41
7130,0.166841390021355,335.062870356988,2,3.35308521920936e-44
7131,0.171500679479713,335.109842462784,2,5.87625809234258e-47
7132,0.172083090662007,335.156814568579,2,2.62061080017034e-47
7133,0.169714618520676,335.203786674375,2,6.85548558497581e-46
7134,0.168627450980392,335.250758780171,2,3.01426097961977e-45
7135,0.172549019607843,335.297730885966,2,1.37043151336684e-47
7136,0.177829547660648,335.344702991762,2,7.66784049654903e-51
7137,0.187109299165211,335.391675097557,2,7.88488757674483e-57
7138,0.197942147155892,335.438647203353,3,2.97068022308767e-64
7139,0.211531741409435,335.485619309149,3,3.2998994897486e-74
7140,0.223762376237624,335.532591414944,3,9.34206180420069e-84
7141,0.235760046592895,335.57956352074,3,1.19252288286328e-93
7142,0.244768006212386,335.626535626536,3,2.03951570676866e-101
7143,0.25602795573675,335.673507732331,3,1.5708071539027e-111
7144,0.267831489031256,335.720479838127,3,1.30023481567437e-122
7145,0.272296641428849,335.767451943923,3,6.22140716983569e-127
7146,0.27909143855562,335.814424049718,3,1.21683262714903e-133
7147,0.283867210250437,335.861396155514,3,1.87444079311756e-138
7148,0.281731702582023,335.908368261309,3,2.72050108811011e-136
7149,0.27765482430596,335.955340367105,3,3.28976597428292e-132
7150,0.275364006988934,336.002312472901,3,6.10252503243545e-130
7151,0.271209473888565,336.049284578696,3,7.11552606485518e-126
7152,0.267482042321879,336.096256684492,3,2.81293181736377e-122
7153,0.262123859444768,336.143228790288,3,3.42056850742724e-117
7154,0.26084255484372,336.190200896083,3,5.43350057865131e-116
7155,0.256959813628422,336.237173001879,3,2.18311276826971e-112
7156,0.253387691710348,336.284145107675,3,4.05298981726096e-109
7157,0.250863909920404,336.33111721347,3,7.76267566602455e-107
7158,0.248922539312755,336.378089319266,3,4.2682648084294e-105
7159,0.246942341292953,336.425061425061,3,2.46350156642722e-103
7160,0.244845661036692,336.472033530857,3,1.74307730880295e-101
7161,0.247563579887401,336.519005636653,3,6.92600193762344e-104
7162,0.247718889536012,336.565977742448,3,5.04082294078213e-104
7163,0.245233935158222,336.612949848244,3,7.94225393571891e-102
7164,0.241157056882159,336.65992195404,3,2.86858381643216e-98
7165,0.235915356241507,336.706894059835,3,8.81055545813425e-94
7166,0.230052417006407,336.753866165631,3,7.04473207078878e-89
7167,0.226014366142497,336.800838271427,3,1.42185493842168e-85
7168,0.225587264608814,336.847810377222,3,3.15486505215448e-85
7169,0.222131624927199,336.894782483018,3,1.88428099744792e-82
7170,0.227412152980004,336.941754588813,3,1.03626988667589e-86
7171,0.234634051640458,336.988726694609,3,1.06414028211291e-92
7172,0.24026402640264,337.035698800405,3,1.69469963396351e-97
7173,0.243292564550573,337.0826709062,3,3.9944680659946e-100
7174,0.24469035138808,337.129643011996,3,2.38625068713193e-101
7175,0.248650747427684,337.176615117792,3,7.46140616996959e-105
7176,0.254164239953407,337.223587223587,3,7.96198162093054e-110
7177,0.252882935352359,337.270559329383,3,1.16418905143291e-108
7178,0.252494661230829,337.317531435179,3,2.61763689614163e-108
7179,0.252882935352359,337.364503540974,3,1.16418905143291e-108
7180,0.253737138419724,337.41147564677,3,1.94984299875281e-109
7181,0.254086585129101,337.458447752565,3,9.37114050994588e-110
7182,0.253310036886042,337.505419858361,3,4.76797304758184e-109
7183,0.252494661230829,337.552391964157,3,2.61763689614163e-108
7184,0.252844107940206,337.599364069952,3,1.26251361912531e-108
7185,0.251135701805475,337.646336175748,3,4.41889824290135e-107
7186,0.25016501650165,337.693308281544,3,3.2963538365447e-106
7187,0.250242671325956,337.740280387339,3,2.8076235433465e-106
7188,0.250863909920404,337.787252493135,3,7.76267566602455e-107
7189,0.25094156474471,337.834224598931,3,6.60882940814473e-107
7190,0.247408270238789,337.881196704726,3,9.514332801505e-104
7191,0.241079402057853,337.928168810522,3,3.34857943051469e-98
7192,0.237041351193943,337.975140916317,3,9.75703029222609e-95
7193,0.223490584352553,338.022113022113,3,1.54370349029306e-83
7194,0.212735391186177,338.069085127909,3,4.01142124293951e-75
7195,0.199417588817705,338.116057233704,3,2.66807230068488e-65
7196,0.190331974373908,338.1630293395,2,5.45278371011885e-59
7197,0.188118811881188,338.210001445296,2,1.67709951943773e-57
7198,0.191108522616968,338.256973551091,3,1.62154733879699e-59
7199,0.198835177635411,338.303945656887,3,6.9240051899651e-65
7200,0.206095903708018,338.350917762683,3,3.83916776302007e-70
7201,0.213783731314308,338.397889868478,3,6.33584808587401e-76
7202,0.219530188312949,338.444861974274,3,2.16979918250432e-80
7203,0.225587264608814,338.491834080069,3,3.15486505215448e-85
7204,0.229237041351194,338.538806185865,3,3.31094041504754e-88
7205,0.234323432343234,338.585778291661,3,1.9427501324751e-92
7206,0.239254513686663,338.632750397456,3,1.25233696949202e-96
7207,0.243564356435644,338.679722503252,3,2.31234217196767e-100
7208,0.245428072218987,338.726694609048,3,5.35866761279288e-102
7209,0.247175305765871,338.773666714843,3,1.53130508875356e-103
7210,0.249699087555814,338.820638820639,3,8.62492880508913e-106
7211,0.253348864298195,338.867610926435,3,4.39599626824823e-109
7212,0.255562026790914,338.91458303223,3,4.20239639185925e-111
7213,0.255134925257232,338.961555138026,3,1.0341498657699e-110
7214,0.255833818675985,339.008527243821,3,2.36749215846819e-111
7215,0.255911473500291,339.055499349617,3,2.00926972407001e-111
7216,0.254707823723549,339.102471455413,3,2.54112452597336e-110
7217,0.253387691710348,339.149443561208,3,4.05298981726096e-109
7218,0.25602795573675,339.196415667004,3,1.5708071539027e-111
7219,0.252106387109299,339.2433877728,3,5.87844607208149e-108
7220,0.244185595030091,339.290359878595,3,6.61337466474747e-101
7221,0.239176858862357,339.337331984391,3,1.46011977605597e-96
7222,0.235294117647059,339.384304090187,3,2.95352035272104e-93
7223,0.230867792661619,339.431276195982,3,1.49069119366358e-89
7224,0.229198213939041,339.478248301778,3,3.56365660121026e-88
7225,0.223684721413318,339.525220407573,3,1.07842616089972e-83
7226,0.223490584352553,339.572192513369,3,1.54370349029306e-83
7227,0.220656183265385,339.619164619165,3,2.80063002821261e-81
7228,0.216113376043487,339.66613672496,3,1.01427684904461e-77
7229,0.21067753834207,339.713108830756,3,1.4612621827291e-73
7230,0.205319355464958,339.760080936552,3,1.43212477225253e-69
7231,0.201125994952436,339.807053042347,3,1.59878506792953e-66
7232,0.199844690351388,339.854025148143,3,1.32327091014822e-65
7233,0.195767812075325,339.900997253938,3,9.9980162704596e-63
7234,0.19308872063677,339.947969359734,3,7.17950977749213e-61
7235,0.194214715589206,339.99494146553,3,1.20056569824273e-61
7236,0.199767035527082,340.041913571325,3,1.50339662390609e-65
7237,0.205202873228499,340.088885677121,3,1.74399621177093e-69
7238,0.209318578916715,340.135857782917,3,1.53887662099102e-72
7239,0.215259172976121,340.182829888712,3,4.64394126852332e-77
7240,0.221160939623374,340.229801994508,3,1.11471340775601e-81
7241,0.224771888953601,340.276774100304,3,1.43857742657925e-84
7242,0.230246554067171,340.323746206099,3,4.86957936117178e-89
7243,0.235837701417201,340.370718311895,3,1.025051711857e-93
7244,0.24065230052417,340.41769041769,3,7.83500123563315e-98
7245,0.245622209279752,340.464662523486,3,3.61440004047961e-102
7246,0.249621432731508,340.511634629282,3,1.01228110123095e-105
7247,0.255018443020773,340.558606735077,3,1.3216962594176e-110
7248,0.260221316249272,340.605578840873,3,2.06676486476561e-115
7249,0.2644923315861,340.652550946669,3,1.99010159954743e-119
7250,0.271442438361483,340.699523052464,3,4.22449198575482e-126
7251,0.27947971267715,340.74649515826,3,4.97709799262565e-134
7252,0.285420306736556,340.793467264056,3,4.90458579240651e-140
7253,0.289264220539701,340.840439369851,3,5.47049797945691e-144
7254,0.291555037856727,340.887411475647,3,2.27904210476106e-146
7255,0.290778489613667,340.934383581442,3,1.46788439447695e-145
7256,0.288099398175112,340.981355687238,3,8.73496998646042e-143
7257,0.284255484371967,341.028327793034,3,7.55264721989429e-139
7258,0.28390603766259,341.075299898829,3,1.71166322145523e-138
7259,0.281964667054941,341.122272004625,3,1.58342541088773e-136
7260,0.278198408076102,341.169244110421,3,9.46684673651176e-133
7261,0.274587458745875,341.216216216216,3,3.55019656810317e-129
7262,0.271558920597942,341.263188322012,3,3.25451770309217e-126
7263,0.269151621044457,341.310160427808,3,6.98343132242968e-124
7264,0.267598524558338,341.357132533603,3,2.1751764185682e-122
7265,0.265035915356241,341.404104639399,3,6.06856120992033e-120
7266,0.266666666666667,341.451076745194,3,1.69619228591759e-121
7267,0.267598524558338,341.49804885099,3,2.1751764185682e-122
7268,0.266666666666667,341.545020956786,3,1.69619228591759e-121
7269,0.266084255484372,341.591993062581,3,6.10113702620229e-121
7270,0.268025626092021,341.638965168377,3,8.46542250189604e-123
7271,0.271753057658707,341.685937274173,3,2.10652924661316e-126
7272,0.274742768394487,341.732909379968,3,2.49731582135798e-129
7273,0.281188118811881,341.779881485764,3,9.60196361056443e-136
7274,0.288720636769559,341.826853591559,3,1.9958588240835e-143
7275,0.295903708017861,341.873825697355,3,6.14486809551116e-151
7276,0.298776936517181,341.920797803151,3,5.4083828509264e-154
7277,0.299941758881771,341.967769908946,3,3.06267703820388e-155
7278,0.301028926422054,342.014742014742,3,2.07950198355232e-156
7279,0.300834789361289,342.061714120538,3,3.36403960258514e-156
7280,0.299359347699476,342.108686226333,3,1.28878642566155e-154
7281,0.303203261502621,342.155658332129,3,9.31533212750244e-159
7282,0.304018637157833,342.202630437925,3,1.21373253022539e-159
7283,0.30475635798874,342.24960254372,3,1.91127766552827e-160
7284,0.304911667637352,342.296574649516,3,1.29440227497205e-160
7285,0.305998835177635,342.343546755311,3,8.41219749549004e-162
7286,0.304601048340128,342.390518861107,3,2.82158653746509e-160
7287,0.300912444185595,342.437490966903,3,2.77534072957267e-156
7288,0.29706853038245,342.484463072698,3,3.57534543475867e-152
7289,0.288720636769559,342.531435178494,3,1.9958588240835e-143
7290,0.283245971655989,342.57840728429,3,8.00581619858003e-138
7291,0.274470976509416,342.625379390085,3,4.62147848344257e-129
7292,0.266239565132984,342.672351495881,3,4.33788480069549e-121
7293,0.258629392351,342.719323601677,3,6.2498936455051e-114
7294,0.249699087555814,342.766295707472,3,8.62492880508913e-106
7295,0.239720442632499,342.813267813268,3,4.98042688092171e-97
7296,0.23218792467482,342.860239919063,3,1.19211097711279e-90
7297,0.228654630168899,342.907212024859,3,9.96664155556244e-88
7298,0.228576975344593,342.954184130655,3,1.15416941615614e-87
7299,0.23152785866822,343.00115623645,3,4.22312440802897e-90
7300,0.238516792855756,343.048128342246,3,5.37270639854829e-96
7301,0.246942341292953,343.095100448042,3,2.46350156642722e-103
7302,0.255212580081538,343.142072553837,3,8.78061120853424e-111
7303,0.262473306154145,343.189044659633,3,1.60529163399853e-117
7304,0.268025626092021,343.236016765429,3,8.46542250189604e-123
7305,0.274199184624345,343.282988871224,3,8.54729393081798e-129
7306,0.277072413123665,343.32996097702,3,1.24626927314081e-131
7307,0.280993981751116,343.376933082815,3,1.50563421077558e-135
7308,0.284760240729955,343.423905188611,3,2.31261182554134e-139
7309,0.288021743350806,343.470877294407,3,1.05028577753784e-142
7310,0.289730149485537,343.517849400202,3,1.80051878230869e-144
7311,0.28938070277616,343.564821505998,3,4.14420375548918e-144
7312,0.287594641817123,343.611793611794,3,2.89189139513852e-142
7313,0.285692098621627,343.658765717589,3,2.58722107493215e-140
7314,0.279635022325762,343.705737823385,3,3.47957293346919e-134
7315,0.271714230246554,343.752709929181,3,2.29806298634462e-126
7316,0.265113570180547,343.799682034976,3,5.12054969878717e-120
7317,0.259405940594059,343.846654140772,3,1.18782897967859e-114
7318,0.254241894777713,343.893626246567,3,6.76438932056669e-110
7319,0.248068336245389,343.940598352363,3,2.46451508964312e-104
7320,0.243137254901961,343.987570458159,3,5.45760683596661e-100
7321,0.246049310813434,344.034542563954,3,1.51817038596053e-102
7322,0.248301300718307,344.08151466975,3,1.52866132135295e-104
7323,0.251096874393322,344.128486775546,3,4.78946242728452e-107
7324,0.25381479324403,344.175458881341,3,1.65700647939475e-109
7325,0.255989128324597,344.222430987137,3,1.70516593471037e-111
7326,0.257736361871481,344.269403092933,3,4.19305112630363e-113
7327,0.260415453310037,344.316375198728,3,1.36182451842413e-115
7328,0.261657930498932,344.363347304524,3,9.36457694249065e-117
7329,0.26332750922151,344.410319410319,3,2.51555893642596e-118
7330,0.265191225004853,344.457291516115,3,4.32042232669997e-120
7331,0.266627839254514,344.504263621911,3,1.84745816038488e-121
7332,0.267054940788196,344.551235727706,3,7.21419608334377e-122
7333,0.266977285963891,344.598207833502,3,8.5602770860265e-122
7334,0.267249077848961,344.645179939298,3,4.70267950166593e-122
7335,0.267210250436808,344.692152045093,3,5.12300177354329e-122
7336,0.266821976315279,344.739124150889,3,1.20510227289961e-121
7337,0.26775383420695,344.786096256685,3,1.54359695180207e-122
7338,0.266589011842361,344.83306836248,3,2.01218928867251e-121
7339,0.265424189477771,344.880040468276,3,2.59434456663594e-120
7340,0.26305571733644,344.927012574071,3,4.53966739446074e-118
7341,0.260260143661425,344.973984679867,3,1.90137471231058e-115
7342,0.258629392351,345.020956785663,3,6.2498936455051e-114
7343,0.258008153756552,345.067928891458,3,2.35091267238351e-113
7344,0.258901184236071,345.114900997254,3,3.49721997377782e-114
7345,0.259988351776354,345.16187310305,3,3.40815713534294e-115
7346,0.260027179188507,345.208845208845,3,3.135654029106e-115
7347,0.260531935546496,345.255817314641,3,1.06012098250462e-115
7348,0.260997864492332,345.302789420437,3,3.88878866517995e-116
7349,0.261774412735391,345.349761526232,3,7.28135835939393e-117
7350,0.262822752863522,345.396733632028,3,7.52626297228986e-118
7351,0.263909920403805,345.443705737823,3,7.08520124048496e-119
7352,0.263987575228111,345.490677843619,3,5.98261356456463e-119
7353,0.260997864492332,345.537649949415,3,3.88878866517995e-116
7354,0.261192001553096,345.58462205521,3,2.55925217116852e-116
7355,0.263560473694428,345.631594161006,3,1.515880406476e-118
7356,0.265268879829159,345.678566266802,3,3.64514312426918e-120
7357,0.263793438167346,345.725538372597,3,9.13070321665401e-119
7358,0.262628615802757,345.772510478393,3,1.14655829089432e-117
7359,0.265890118423607,345.819482584189,3,9.34237555125356e-121
7360,0.268957483983693,345.866454689984,3,1.07451197964531e-123
7361,0.268841001747234,345.91342679578,3,1.39133926707286e-123
7362,0.268802174335081,345.960398901575,3,1.5164555771771e-123
7363,0.268297417977092,346.007371007371,3,4.63984416602577e-123
7364,0.266899631139585,346.054343113167,3,1.01570239614245e-121
7365,0.2651523975927,346.101315218962,3,4.70353140128479e-120
7366,0.263909920403805,346.148287324758,3,7.08520124048496e-119
7367,0.263754610755193,346.195259430554,3,9.93598559421161e-119
7368,0.263871092991652,346.242231536349,3,7.71036335906836e-119
7369,0.261929722384003,346.289203642145,3,5.20519530292139e-117
7370,0.261424966026014,346.336175747941,3,1.54844664573412e-116
7371,0.261424966026014,346.383147853736,3,1.54844664573412e-116
7372,0.262589788390604,346.430119959532,3,1.24722140732746e-117
7373,0.263366336633663,346.477092065327,3,2.31199121202734e-118
7374,0.264764123471171,346.524064171123,3,1.09928563449482e-119
7375,0.267093768200349,346.571036276919,3,6.62262314770151e-122
7376,0.270394098233353,346.618008382714,3,4.39761666204142e-125
7377,0.272917880023296,346.66498048851,3,1.53910681455442e-127
7378,0.274276839448651,346.711952594306,3,7.1706050391232e-129
7379,0.275208697340322,346.758924700101,3,8.68215966268478e-130
7380,0.276412347117065,346.805896805897,3,5.62009122632065e-131
7381,0.276257037468453,346.852868911692,3,8.00634016610554e-131
7382,0.275596971461852,346.899841017488,3,3.59478768912349e-130
7383,0.274742768394487,346.946813123284,3,2.49731582135798e-129
7384,0.274432149097263,346.993785229079,3,5.04599146233692e-129
7385,0.269035138807998,347.040757334875,3,9.04420125144449e-124
7386,0.266433702193749,347.087729440671,3,2.83134407421682e-121
7387,0.263599301106581,347.134701546466,3,1.39310792183193e-118
7388,0.260959037080179,347.181673652262,3,4.22803579784285e-116
7389,0.260687245195108,347.228645758058,3,7.59031992664298e-116
7390,0.26084255484372,347.275617863853,3,5.43350057865131e-116
7391,0.259056493884683,347.322589969649,3,2.50911442761768e-114
7392,0.256998641040575,347.369562075444,3,2.01047832759974e-112
7393,0.258046981168705,347.41653418124,3,2.16429338818925e-113
7394,0.25746456998641,347.463506287036,3,7.47417474041561e-113
7395,0.258163463405164,347.510478392831,3,1.68858581347854e-113
7396,0.260997864492332,347.557450498627,3,3.88878866517995e-116
7397,0.263249854397204,347.604422604423,3,2.97793491616324e-118
7398,0.263288681809357,347.651394710218,3,2.7370170599953e-118
7399,0.264298194525335,347.698366816014,3,3.03972030206839e-119
7400,0.2651523975927,347.74533892181,3,4.70353140128479e-120
7401,0.269151621044457,347.792311027605,3,6.98343132242968e-124
7402,0.26996699669967,347.839283133401,3,1.13925959142812e-124
7403,0.270432925645506,347.886255239196,3,4.03276805816199e-125
7404,0.269850514463211,347.933227344992,3,1.47658420314774e-124
7405,0.268724519510775,347.980199450788,3,1.8013872271382e-123
7406,0.267132595612502,348.027171556583,3,6.07948563806562e-122
7407,0.266589011842361,348.074143662379,3,2.01218928867251e-121
7408,0.266433702193749,348.121115768175,3,2.83134407421682e-121
7409,0.269811687051058,348.16808787397,3,1.60987732932842e-124
7410,0.270005824111823,348.215059979766,3,1.0448811893771e-124
7411,0.271170646476412,348.262032085562,3,7.76117018970767e-126
7412,0.271947194719472,348.309004191357,3,1.36306252661382e-126
7413,0.271869539895166,348.355976297153,3,1.62237921004961e-126
7414,0.273306154144826,348.402948402948,3,6.41862594235152e-128
7415,0.27361677344205,348.449920508744,3,3.18565671868965e-128
7416,0.272141331780237,348.49689261454,3,8.81721633810829e-127
7417,0.274199184624345,348.543864720335,3,8.54729393081798e-129
7418,0.271947194719472,348.590836826131,3,1.36306252661382e-126
7419,0.270588235294118,348.637808931927,3,2.85163350498894e-125
7420,0.270238788584741,348.684781037722,3,6.21757212365209e-125
7421,0.268996311395845,348.731753143518,3,9.8581039222274e-124
7422,0.265734808774995,348.778725249314,3,1.31340607813866e-120
7423,0.264802950883324,348.825697355109,3,1.00987074207043e-119
7424,0.265501844302077,348.872669460905,3,2.18852919334153e-120
7425,0.268064453504174,348.9196415667,3,7.76887423688311e-123
7426,0.269850514463211,348.966613672496,3,1.47658420314774e-124
7427,0.272335468841002,349.013585778292,3,5.70183507614067e-127
7428,0.273966220151427,349.060557884087,3,1.44717121492649e-128
7429,0.275635798874005,349.107529989883,3,3.29115729353685e-130
7430,0.277072413123665,349.154502095679,3,1.24626927314081e-131
7431,0.277072413123665,349.201474201474,3,1.24626927314081e-131
7432,0.276412347117065,349.24844630727,3,5.62009122632065e-131
7433,0.277926616191031,349.295418413066,3,1.7652857810703e-132
7434,0.274509803921569,349.342390518861,3,4.23262758630036e-129
7435,0.27179188507086,349.389362624657,3,1.93093544934408e-126
7436,0.27218015919239,349.436334730452,3,8.08125354336433e-127
7437,0.272684915550379,349.483306836248,3,2.59962244535478e-127
7438,0.272607260726073,349.530278942044,3,3.09562514796646e-127
7439,0.273422636381285,349.577251047839,3,4.93617639814126e-128
7440,0.275014560279557,349.624223153635,3,1.34867170129845e-129
7441,0.2768782760629,349.671195259431,3,1.94161226928535e-131
7442,0.278936128907008,349.718167365226,3,1.7393393420659e-133
7443,0.280761017278198,349.765139471022,3,2.58211692375501e-135
7444,0.280100951271598,349.812111576817,3,1.18758979687185e-134
7445,0.28755581440497,349.859083682613,3,3.17058043775614e-142
