"y","mean_gray","position..mm.","facies_class","facies_prob"
532,0.109044908285895,25.1409163173869,1,0.994387811526945
533,0.148260594560405,25.1878884231826,1,0.866958978732642
534,0.164073371283997,25.2348605289782,1,0.685878862642641
535,0.178368121442125,25.2818326347738,2,0.477610748536448
536,0.186084756483238,25.3288047405695,2,0.374485459172463
537,0.188108791903858,25.3757768463651,2,0.350082316811343
538,0.183681214421252,25.4227489521607,2,0.405008288506252
539,0.179633143580013,25.4697210579564,2,0.459771291897181
540,0.177988614800759,25.516693163752,2,0.483018530123671
541,0.180518659076534,25.5636652695476,2,0.447470988243984
542,0.185831752055661,25.6106373753433,2,0.377621325260973
543,0.194560404807084,25.6576094811389,2,0.280804426384563
544,0.201138519924099,25.7045815869345,2,0.223549314300127
545,0.197849462365591,25.7515536927302,2,0.250536758438719
546,0.19696394686907,25.7985257985258,2,0.258356275009135
547,0.193801391524352,25.8454979043214,2,0.288270210040185
548,0.191018342820999,25.8924700101171,2,0.317209617803774
549,0.187855787476281,25.9394421159127,2,0.353065108361981
550,0.179759645793801,25.9864142217084,2,0.458004216428305
551,0.176723592662872,26.033386327504,1,0.501208576602647
552,0.182289690069576,26.0803584332996,2,0.4233913206975
553,0.173434535104364,26.1273305390953,1,0.549384035722961
554,0.173055028462998,26.1743026448909,1,0.554994867700611
555,0.172169512966477,26.2212747506865,1,0.568105333300706
556,0.170145477545857,26.2682468564822,1,0.598076633997552
557,0.170145477545857,26.3152189622778,1,0.598076633997551
558,0.171663504111322,26.3621910680734,1,0.575602735518284
559,0.170777988614801,26.4091631738691,1,0.588719645639162
560,0.16786843769766,26.4561352796647,1,0.631554023565258
561,0.154459203036053,26.5031073854603,1,0.806806324697951
562,0.153826691967109,26.550079491256,1,0.81363858422379
563,0.153320683111954,26.5970515970516,1,0.818992513222942
564,0.151929158760278,26.6440237028472,1,0.833197102730611
565,0.149146110056926,26.6909958086429,1,0.859299239639362
566,0.145604048070841,26.7379679144385,1,0.888099020491364
567,0.144465528146743,26.7849400202342,1,0.896333997018494
568,0.144845034788109,26.8319121260298,1,0.893642838152272
569,0.14067046173308,26.8788842318254,1,0.920402979832871
570,0.1337128399747,26.9258563376211,1,0.952631612660937
571,0.132068311195446,26.9728284434167,1,0.958351984022322
572,0.130550284629981,27.0198005492123,1,0.963087860960451
573,0.123339658444023,27.066772655008,1,0.979680588261332
574,0.121189120809614,27.1137447608036,1,0.983115017745378
575,0.130044275774826,27.1607168665992,1,0.96455777012833
576,0.138772928526249,27.2076889723949,1,0.930612885660794
577,0.145983554712207,27.2546610781905,1,0.885245509188943
578,0.143327008222644,27.3016331839861,1,0.904090039270435
579,0.139911448450348,27.3486052897818,1,0.924625593233349
580,0.137887413029728,27.3955773955774,1,0.934991986572203
581,0.139911448450348,27.442549501373,1,0.924625593233349
582,0.14471853257432,27.4895216071687,1,0.89454583414737
583,0.151043643263757,27.5364937129643,1,0.841836882560792
584,0.154079696394687,27.58346581876,1,0.810924248768949
585,0.163946869070209,27.6304379245556,1,0.687643634690499
586,0.166729917773561,27.6774100303512,1,0.64809377867619
587,0.165085388994307,27.7243821361469,1,0.671639272288714
588,0.157874762808349,27.7713542419425,1,0.76731530466319
589,0.149652118912081,27.8183263477381,1,0.854782731045436
590,0.146489563567362,27.8652984535338,1,0.881355314631172
591,0.146236559139785,27.9122705593294,1,0.88331267407121
592,0.146616065781151,27.959242665125,1,0.880367405320068
593,0.156230234029096,28.0062147709207,1,0.786864917535937
594,0.163567362428843,28.0531868767163,1,0.692916460692995
595,0.171790006325111,28.1001589825119,1,0.573728287447572
596,0.177356103731815,28.1471310883076,2,0.492083548842744
597,0.177482605945604,28.1941031941032,2,0.490265555182949
598,0.175585072738773,28.2410752998988,1,0.517765440443238
599,0.174193548387097,28.2880474056945,1,0.538184857373387
600,0.173561037318153,28.3350195114901,1,0.547515236135979
601,0.16888045540797,28.3819916172857,1,0.616727258679473
602,0.170651486401012,28.4289637230814,1,0.590592175857018
603,0.175585072738773,28.475935828877,1,0.517765440443238
604,0.179127134724858,28.5229079346727,2,0.46687109850862
605,0.180139152435168,28.5698800404683,2,0.452722534781821
606,0.179127134724858,28.6168521462639,2,0.46687109850862
607,0.178115117014548,28.6638242520596,2,0.481213242596528
608,0.177103099304238,28.7107963578552,2,0.495726691883631
609,0.17887413029728,28.7577684636508,2,0.470439328284567
610,0.178368121442125,28.8047405694465,2,0.477610748536448
611,0.17786211258697,28.8517126752421,2,0.484826451033518
612,0.175964579380139,28.8986847810377,1,0.512229306577359
613,0.174067046173308,28.9456568868334,1,0.540048930846478
614,0.172928526249209,28.992628992629,1,0.556866433159416
615,0.172296015180266,29.0396010984246,1,0.566231340415731
616,0.172928526249209,29.0865732042203,1,0.556866433159416
617,0.179253636938646,29.1335453100159,2,0.465091502859071
618,0.182163187855787,29.1805174158115,2,0.425086744133094
619,0.18292220113852,29.2274895216072,2,0.414973918970802
620,0.182416192283365,29.2744616274028,2,0.421699837637811
621,0.182669196710942,29.3214337331985,2,0.418328815500578
622,0.181151170145478,29.3684058389941,2,0.438788139220417
623,0.176470588235294,29.4153779447897,1,0.504874045472292
624,0.172169512966477,29.4623500505854,1,0.568105333300706
625,0.170145477545857,29.509322156381,1,0.598076633997552
626,0.16280834914611,29.5562942621766,1,0.703360840897494
627,0.154459203036053,29.6032663679723,1,0.806806324697951
628,0.149652118912081,29.6502384737679,1,0.854782731045436
629,0.149399114484503,29.6972105795635,1,0.857053699293406
630,0.153194180898166,29.7441826853592,1,0.820315355993442
631,0.156483238456673,29.7911547911548,1,0.783920658438226
632,0.158886780518659,29.8381268969504,1,0.75481556071836
633,0.163314358001265,29.8850990027461,1,0.696413258640384
634,0.168374446552815,29.9320711085417,1,0.624153276473408
635,0.169765970904491,29.9790432143373,1,0.603682362083751
636,0.168753953194181,30.026015320133,1,0.618585924656487
637,0.166097406704617,30.0729874259286,1,0.657203348687938
638,0.15977229601518,30.1199595317243,1,0.743600289397044
639,0.153826691967109,30.1669316375199,1,0.81363858422379
640,0.153194180898166,30.2139037433155,1,0.820315355993442
641,0.157621758380772,30.2608758491112,1,0.770385441571318
642,0.157368753953194,30.3078479549068,1,0.77343317720233
643,0.162428842504744,30.3548200607024,1,0.708529719777392
644,0.165591397849462,30.4017921664981,1,0.664444100622613
645,0.161669829222011,30.4487642722937,1,0.718754402931335
646,0.158886780518659,30.4957363780893,1,0.75481556071836
647,0.155724225173941,30.542708483885,1,0.792682647128857
648,0.151296647691335,30.5896805896806,1,0.839400210200211
649,0.15180265654649,30.6366526954762,1,0.834450445146882
650,0.15977229601518,30.6836248012719,1,0.743600289397044
651,0.164452877925364,30.7305969070675,1,0.680563782457359
652,0.169765970904491,30.7775690128631,1,0.603682362083751
653,0.178115117014548,30.8245411186588,2,0.481213242596528
654,0.180392156862745,30.8715132244544,2,0.449218091565112
655,0.178368121442125,30.91848533025,2,0.477610748536448
656,0.176976597090449,30.9654574360457,2,0.497551745740991
657,0.176723592662872,31.0124295418413,1,0.501208576602647
658,0.168753953194181,31.059401647637,1,0.618585924656487
659,0.164199873497786,31.1063737534326,1,0.684110595066964
660,0.167362428842505,31.1533458592282,1,0.638925720108847
661,0.172296015180266,31.2003179650239,1,0.566231340415731
662,0.17482605945604,31.2472900708195,1,0.528882270221423
663,0.177988614800759,31.2942621766151,2,0.483018530123671
664,0.1808981657179,31.3412342824108,2,0.442250599454385
665,0.187223276407337,31.3882063882064,2,0.360607319164545
666,0.186843769765971,31.435178494002,2,0.365190558050864
667,0.184693232131562,31.4821505997977,2,0.391959928453889
668,0.183175205566097,31.5291227055933,2,0.411635382162148
669,0.183554712207464,31.5760948113889,2,0.406658745998161
670,0.183048703352309,31.6230669171846,2,0.413302591247926
671,0.177735610373182,31.6700390229802,2,0.486636959629933
672,0.171790006325111,31.7170111287758,1,0.573728287447572
673,0.164073371283997,31.7639832345715,1,0.685878862642641
674,0.165717900063251,31.8109553403671,1,0.662638046787537
675,0.165970904490829,31.8579274461628,1,0.659017614790631
676,0.16483238456673,31.9048995519584,1,0.675218662536363
677,0.167615433270082,31.951871657754,1,0.635243738331935
678,0.173434535104364,31.9988437635497,1,0.549384035722961
679,0.178494623655914,32.0458158693453,2,0.475813631447649
680,0.179633143580013,32.0927879751409,2,0.459771291897181
681,0.181277672359266,32.1397600809366,2,0.437062355887893
682,0.182542694497154,32.1867321867322,2,0.420012325779106
683,0.184819734345351,32.2337042925278,2,0.390348661666634
684,0.185831752055661,32.2806763983235,2,0.377621325260973
685,0.18697027197976,32.3276485041191,2,0.363658018870295
686,0.185831752055661,32.3746206099147,2,0.377621325260973
687,0.181024667931689,32.4215927157104,2,0.440517565495949
688,0.176976597090449,32.468564821506,2,0.497551745740991
689,0.175079063883618,32.5155369273016,1,0.525170550159225
690,0.16584440227704,32.5625090330973,1,0.660829199539764
691,0.158380771663504,32.6094811388929,1,0.761108773323664
692,0.157368753953194,32.6564532446885,1,0.77343317720233
693,0.16280834914611,32.7034253504842,1,0.703360840897494
694,0.167488931056293,32.7503974562798,1,0.637085725133123
695,0.16888045540797,32.7973695620755,1,0.616727258679473
696,0.167362428842505,32.8443416678711,1,0.638925720108847
697,0.16989247311828,32.8913137736667,1,0.601814630708719
698,0.172169512966477,32.9382858794624,1,0.568105333300706
699,0.174573055028463,32.985257985258,1,0.532599529980978
700,0.176091081593928,33.0322300910536,1,0.510387576636373
701,0.172802024035421,33.0792021968493,1,0.558738547393903
702,0.165338393421885,33.1261743026449,1,0.668047605634954
703,0.158254269449715,33.1731464084405,1,0.762668612089435
704,0.152941176470588,33.2201185142362,1,0.822942200468605
705,0.153320683111954,33.2670906200318,1,0.818992513222942
706,0.15774826059456,33.3140627258274,1,0.768853158824313
707,0.165970904490829,33.3610348316231,1,0.659017614790631
708,0.174952561669829,33.4080069374187,1,0.527025690811909
709,0.180392156862745,33.4549790432144,2,0.449218091565112
710,0.184693232131562,33.50195114901,2,0.391959928453889
711,0.193548387096774,33.5489232548056,2,0.290799351629324
712,0.203415559772296,33.5958953606013,2,0.206684961550832
713,0.204174573055028,33.6428674663969,2,0.201378439136057
714,0.209867172675522,33.6898395721925,2,0.166212139646545
715,0.215306767868438,33.7368116779882,2,0.13935078942104
716,0.216318785578748,33.7837837837838,2,0.134983322032605
717,0.21505376344086,33.8307558895794,2,0.140471585187793
718,0.210499683744466,33.8777279953751,2,0.162774096499565
719,0.203542061986085,33.9247001011707,2,0.205789829397205
720,0.197849462365591,33.9716722069663,2,0.250536758438719
721,0.192789373814042,34.018644312762,2,0.298508731168055
722,0.194813409234662,34.0656164185576,2,0.278356277324473
723,0.192030360531309,34.1125885243532,2,0.306401290338387
724,0.191144845034788,34.1595606301489,2,0.315840792233796
725,0.195698924731183,34.2065327359445,2,0.269946250890412
726,0.198228969006958,34.2535048417401,2,0.247258643842211
727,0.199873497786211,34.3004769475358,2,0.2335522977343
728,0.204427577482606,34.3474490533314,2,0.199643605632694
729,0.2,34.3944211591271,2,0.232531102555782
730,0.207969639468691,34.4413932649227,2,0.177066604644357
731,0.21505376344086,34.4883653707183,2,0.140471585187793
732,0.217204301075269,34.535337476514,2,0.131309578576153
733,0.21808981657179,34.5823095823096,2,0.127768930673486
734,0.22011385199241,34.6292816881052,2,0.120151806978133
735,0.22517394054396,34.6762537939009,2,0.103718029124586
736,0.226818469323213,34.7232258996965,2,0.0990902670916828
737,0.22517394054396,34.7701980054921,2,0.103718029124586
738,0.231246046805819,34.8171701112878,2,0.0881236319474364
739,0.236685641998735,34.8641422170834,2,0.0771992077478974
740,0.235800126502214,34.911114322879,2,0.0788086724959299
741,0.230740037950664,34.9580864286747,2,0.0892749671357326
742,0.226818469323213,35.0050585344703,2,0.0990902670916828
743,0.227577482605946,35.0520306402659,2,0.0970607866537479
744,0.230234029095509,35.0990027460616,2,0.0904513936247431
745,0.230740037950664,35.1459748518572,2,0.0892749671357326
746,0.228589500316256,35.1929469576529,2,0.0944545507544754
747,0.225932953826692,35.2399190634485,2,0.101542045032743
748,0.226185958254269,35.2868911692441,2,0.100832123093257
749,0.22909550917141,35.3338632750398,2,0.0931928574745475
750,0.227071473750791,35.3808353808354,2,0.0984064997834629
751,0.216824794433903,35.427807486631,2,0.132867475778099
752,0.20607210626186,35.4747795924267,2,0.188771618058702
753,0.189373814041746,35.5217516982223,2,0.335464444501876
754,0.181404174573055,35.5687238040179,2,0.435340250318192
755,0.171663504111322,35.6156959098136,1,0.575602735518284
756,0.163061353573688,35.6626680156092,1,0.699894850850455
757,0.151170145477546,35.7096401214048,1,0.840621732782881
758,0.135610373181531,35.7566122272005,1,0.945199932829518
759,0.119165085388994,35.8035843329961,1,0.985855316148599
760,0.110309930423782,35.8505564387917,1,0.993678710599348
761,0.103225806451613,35.8975285445874,1,0.99679259541703
762,0.108665401644529,35.944500650383,1,0.99458561165524
763,0.114104996837445,35.9914727561787,1,0.991019370867008
764,0.113725490196078,36.0384448619743,1,0.99132581336007
765,0.116002530044276,36.0854169677699,1,0.989331247826696
766,0.127008222643896,36.1323890735656,1,0.972338994336207
767,0.135736875395319,36.1793611793612,1,0.944670884372866
768,0.133965844402277,36.2263332851568,1,0.951693801605566
769,0.137887413029728,36.2733053909525,1,0.934991986572203
770,0.135989879822897,36.3202774967481,1,0.943599732610884
771,0.135104364326376,36.3672496025437,1,0.947273199255567
772,0.134218848829855,36.4142217083394,1,0.950740026247439
773,0.132827324478178,36.461193814135,1,0.955791109876141
774,0.135104364326376,36.5081659199306,1,0.947273199255567
775,0.141808981657179,36.5551380257263,1,0.913709843648932
776,0.149146110056926,36.6021101315219,1,0.859299239639362
777,0.152435167615433,36.6490822373175,1,0.828120270095304
778,0.161290322580645,36.6960543431132,1,0.723807726346863
779,0.167994939911448,36.7430264489088,1,0.62970641307609
780,0.169512966476913,36.7899985547044,1,0.607414992291157
781,0.172422517394054,36.8369706605001,1,0.564357607342732
782,0.181024667931689,36.8839427662957,2,0.440517565495949
783,0.188741302972802,36.9309148720914,2,0.34271139841265
784,0.191018342820999,36.977886977887,2,0.317209617803774
785,0.192915876027831,37.0248590836826,2,0.297211119570766
786,0.191777356103732,37.0718311894783,2,0.309072863288654
787,0.188614800759013,37.1188032952739,2,0.344175703507633
788,0.188235294117647,37.1657754010695,2,0.348598275524798
789,0.188108791903858,37.2127475068652,2,0.350082316811343
790,0.188488298545225,37.2597196126608,2,0.345644958194287
791,0.185705249841872,37.3066917184564,2,0.379196221751637
792,0.183428209993675,37.3536638242521,2,0.408313432055403
793,0.172802024035421,37.4006359300477,1,0.558738547393903
794,0.167488931056293,37.4476080358433,1,0.637085725133123
795,0.158127767235927,37.494580141639,1,0.764223000924181
796,0.14876660341556,37.5415522474346,1,0.862619955449979
797,0.142567994939911,37.5885243532302,1,0.9090012333763
798,0.142061986084756,37.6354964590259,1,0.912162538402744
799,0.147122074636306,37.6824685648215,1,0.876353946719696
800,0.152182163187856,37.7294406706172,1,0.830671367845449
801,0.164579380139152,37.7764127764128,1,0.678785342794442
802,0.170777988614801,37.8233848822084,1,0.588719645639162
803,0.178494623655914,37.8703569880041,2,0.475813631447649
804,0.180265654648956,37.9173290937997,2,0.450968619703427
805,0.177735610373182,37.9643011995953,2,0.486636959629933
806,0.177356103731815,38.011273305391,2,0.492083548842744
807,0.184566729917774,38.0582454111866,2,0.393575645240258
808,0.192409867172676,38.1052175169822,2,0.302432103661099
809,0.192409867172676,38.1521896227779,2,0.302432103661099
810,0.192030360531309,38.1991617285735,2,0.306401290338386
811,0.192030360531309,38.2461338343691,2,0.306401290338387
812,0.190006325110689,38.2931059401648,2,0.328342533914833
813,0.183301707779886,38.3400780459604,2,0.409972319863186
814,0.174573055028463,38.387050151756,1,0.532599529980978
815,0.168121442125237,38.4340222575517,1,0.627857045698625
816,0.166476913345984,38.4809943633473,1,0.651745027130374
817,0.173434535104364,38.527966469143,1,0.549384035722961
818,0.179759645793801,38.5749385749386,2,0.458004216428305
819,0.186590765338393,38.6219106807342,2,0.368269938979829
820,0.189500316255534,38.6688827865299,2,0.334030028405857
821,0.186084756483238,38.7158548923255,2,0.374485459172463
822,0.183175205566097,38.7628269981211,2,0.411635382162148
823,0.188235294117647,38.8097991039168,2,0.348598275524798
824,0.195825426944972,38.8567712097124,2,0.268764868597104
825,0.198734977862113,38.903743315508,2,0.242955419181484
826,0.197596457938014,38.9507154213037,2,0.252746458679035
827,0.19898798228969,38.9976875270993,2,0.240832589198386
828,0.199746995572423,39.0446596328949,2,0.234578181212608
829,0.200759013282732,39.0916317386906,2,0.226501709853363
830,0.203162555344719,39.1386038444862,2,0.208488194757059
831,0.208728652751423,39.1855759502818,2,0.17262563818547
832,0.214168247944339,39.2325480560775,2,0.144487992464983
833,0.226565464895636,39.2795201618731,2,0.0997814100360486
834,0.235673624288425,39.3264922676687,2,0.0790436387535405
835,0.234788108791904,39.3734643734644,2,0.0807246241330785
836,0.221378874130297,39.42043647926,2,0.115709280623949
837,0.213535736875395,39.4674085850557,2,0.147448006409404
838,0.216445287792536,39.5143806908513,2,0.134450178934109
839,0.216571790006325,39.5613527966469,2,0.133919832554427
840,0.212270714737508,39.6083249024426,2,0.153603841429412
841,0.21404174573055,39.6552970082382,2,0.145073842258175
842,0.209108159392789,39.7022691140338,2,0.170455157247004
843,0.201644528779254,39.7492412198295,2,0.21967662279983
844,0.194560404807084,39.7962133256251,2,0.280804426384563
845,0.185578747628083,39.8431854314207,2,0.380775735395085
846,0.178747628083491,39.8901575372164,2,0.472227877793594
847,0.17786211258697,39.937129643012,2,0.484826451033518
848,0.17988614800759,39.9841017488076,2,0.456240372096028
849,0.201771030993042,40.0310738546033,2,0.218719762088923
850,0.207716635041113,40.0780459603989,2,0.178577005926362
851,0.215559772296015,40.1250180661945,2,0.138241676200048
852,0.223402909550917,40.1719901719902,2,0.10907544977595
853,0.226438962681847,40.2189622777858,2,0.100129771500917
854,0.227324478178368,40.2659343835815,2,0.0977300315659361
855,0.227830487033523,40.3129064893771,2,0.0963986900181251
856,0.227577482605946,40.3598785951727,2,0.0970607866537478
857,0.222264389626818,40.4068507009684,2,0.112737228775609
858,0.223529411764706,40.453822806764,2,0.108679338758035
859,0.226691967109424,40.5007949125596,2,0.0994349117954717
860,0.230234029095509,40.5477670183553,2,0.0904513936247431
861,0.233776091081594,40.5947391241509,2,0.0827255464862003
862,0.234282099936749,40.6417112299465,2,0.0817142427177769
863,0.23213156230234,40.6886833357422,2,0.0861676167313329
864,0.229475015812777,40.7356554415378,2,0.0922642422628486
865,0.225806451612903,40.7826275473334,2,0.101899869612338
866,0.227956989247312,40.8295996531291,2,0.0960702990635192
867,0.231878557874763,40.8765717589247,2,0.0867189581171955
868,0.23921568627451,40.9235438647204,2,0.0729253226850442
869,0.246046805819102,40.970515970516,2,0.063486941258126
870,0.250094876660342,41.0174880763116,2,0.0591113857472277
871,0.251992409867173,41.0644601821073,2,0.0573258415093068
872,0.252877925363694,41.1114322879029,2,0.0565460386206518
873,0.247564832384567,41.1584043936985,2,0.0617508149480422
874,0.241619228336496,41.2053764994942,2,0.0692772491743479
875,0.235800126502214,41.2523486052898,2,0.0788086724959299
876,0.234029095509171,41.2993207110854,2,0.0822171557509749
877,0.23617963314358,41.3462928168811,2,0.0781113896993552
878,0.23719165085389,41.3932649226767,2,0.0763066842270328
879,0.233523086654016,41.4402370284723,2,0.0832394721218699
880,0.228589500316256,41.487209134268,2,0.0944545507544753
881,0.224920936116382,41.5341812400636,2,0.104459032525443
882,0.223655913978495,41.5811533458592,2,0.108285338037831
883,0.219228336495889,41.6281254516549,2,0.123404992422175
884,0.217457305502846,41.6750975574505,2,0.130284583014318
885,0.219734345351044,41.7220696632461,2,0.121531249336597
886,0.217457305502846,41.7690417690418,2,0.130284583014318
887,0.212903225806452,41.8160138748374,2,0.150486016052017
888,0.213788741302973,41.862985980633,2,0.146254742572836
889,0.214674256799494,41.9099580864287,2,0.142174928687567
890,0.22112586970272,41.9569301922243,2,0.116578986399914
891,0.22213788741303,42.00390229802,2,0.113155050983012
892,0.214800759013283,42.0508744038156,2,0.141604175455738
893,0.206198608475648,42.0978465096112,2,0.187963790849892
894,0.200506008855155,42.1448186154069,2,0.228492964557482
895,0.193168880455408,42.1917907212025,2,0.294631159235676
896,0.184566729917774,42.2387628269981,2,0.393575645240258
897,0.179759645793801,42.2857349327938,2,0.458004216428305
898,0.173308032890576,42.3327070385894,1,0.551253612000415
899,0.167615433270082,42.379679144385,1,0.635243738331935
900,0.165338393421885,42.4266512501807,1,0.668047605634954
901,0.1617963314358,42.4736233559763,1,0.717061068062347
902,0.155977229601518,42.5205954617719,1,0.789785639862222
903,0.155091714104997,42.5675675675676,1,0.799820320222684
904,0.156230234029095,42.6145396733632,1,0.786864917535937
905,0.152055660974067,42.6615117791589,1,0.831937408560178
906,0.14573055028463,42.7084838849545,1,0.887153929877112
907,0.142314990512334,42.7554559907501,1,0.910593058169899
908,0.142820999367489,42.8024280965458,1,0.907386897285778
909,0.144339025932954,42.8494002023414,1,0.897219198157381
910,0.146110056925996,42.896372308137,1,0.884282150418256
911,0.151929158760278,42.9433444139327,1,0.833197102730611
912,0.158001265022138,42.9903165197283,1,0.765771908661158
913,0.16483238456673,43.0372886255239,1,0.675218662536363
914,0.171537001897533,43.0842607313196,1,0.577477150712501
915,0.179759645793801,43.1312328371152,2,0.458004216428305
916,0.187476280834915,43.1782049429108,2,0.357575887716307
917,0.194560404807084,43.2251770487065,2,0.280804426384563
918,0.203415559772296,43.2721491545021,2,0.206684961550832
919,0.212144212523719,43.3191212602977,2,0.154237145951722
920,0.218722327640734,43.3660933660934,2,0.125318880755131
921,0.216192283364959,43.413065471889,2,0.1355192754477
922,0.219481340923466,43.4600375776847,2,0.122463152873076
923,0.220240354206199,43.5070096834803,2,0.11969685374902
924,0.214168247944339,43.5539817892759,2,0.144487992464983
925,0.205313092979127,43.6009538950716,2,0.193703285949056
926,0.197216951296648,43.6479260008672,2,0.256097634670756
927,0.191650853889943,43.6948981066628,2,0.31041628145975
928,0.18798228969007,43.7418702124585,2,0.35157126496987
929,0.181783681214421,43.7888423182541,2,0.430196341760644
930,0.187602783048703,43.8358144240497,2,0.356067432349252
931,0.197343453510436,43.8827865298454,2,0.25497568031425
932,0.208349146110057,43.929758635641,2,0.174829316499654
933,0.219607843137255,43.9767307414366,2,0.121995965329733
934,0.227577482605946,44.0237028472323,2,0.0970607866537479
935,0.23415559772296,44.0706749530279,2,0.0819650180716631
936,0.238077166350411,44.1176470588235,2,0.074790875046871
937,0.23617963314358,44.1646191646192,2,0.0781113896993552
938,0.233523086654016,44.2115912704148,2,0.0832394721218699
939,0.231372549019608,44.2585633762104,2,0.08783965761157
940,0.232005060088552,44.3055354820061,2,0.0864425432426417
941,0.231625553447185,44.3525075878017,2,0.0872762841438652
942,0.232005060088552,44.3994796935973,2,0.0864425432426417
943,0.229475015812777,44.446451799393,2,0.0922642422628486
944,0.227450980392157,44.4934239051886,2,0.0973945109036633
945,0.229601518026565,44.5403960109843,2,0.0919580200468738
946,0.226185958254269,44.5873681167799,2,0.100832123093257
947,0.223782416192283,44.6343402225755,2,0.107893436755454
948,0.223276407337128,44.6813123283712,2,0.109473682001034
949,0.226944971537002,44.7282844341668,2,0.0987474662850006
950,0.230487033523087,44.7752565399624,2,0.089860011099791
951,0.232511068943707,44.8222286457581,2,0.0853516901454519
952,0.23314358001265,44.8692007515537,2,0.084020865211557
953,0.23516761543327,44.9161728573493,2,0.0799963730375064
954,0.23415559772296,44.963144963145,2,0.0819650180716631
955,0.23213156230234,45.0101170689406,2,0.0861676167313329
956,0.230613535736875,45.0570891747362,2,0.0895667009335148
957,0.231499051233397,45.1040612805319,2,0.0875572109959615
958,0.23415559772296,45.1510333863275,2,0.0819650180716631
959,0.235673624288425,45.1980054921232,2,0.0790436387535405
960,0.236053130929791,45.2449775979188,2,0.0783425545017892
961,0.233902593295383,45.2919497037144,2,0.0824706628458736
962,0.233270082226439,45.3389218095101,2,0.083758990496422
963,0.230993042378242,45.3858939153057,2,0.0886961958219587
964,0.231372549019608,45.4328660211013,2,0.08783965761157
965,0.233902593295383,45.479838126897,2,0.0824706628458736
966,0.238456672991777,45.5268102326926,2,0.0741587825254982
967,0.243516761543327,45.5737823384882,2,0.0666562458000883
968,0.246046805819102,45.6207544442839,2,0.063486941258126
969,0.246932321315623,45.6677265500795,2,0.0624597590560185
970,0.247311827956989,45.7146986558751,2,0.0620319555217999
971,0.24819734345351,45.7616707616708,2,0.061061960124261
972,0.248703352308665,45.8086428674664,2,0.0605250297463025
973,0.24819734345351,45.855614973262,2,0.061061960124261
974,0.247311827956989,45.9025870790577,2,0.0620319555217999
975,0.243643263757116,45.9495591848533,2,0.0664891792740272
976,0.241619228336496,45.996531290649,2,0.0692772491743479
977,0.244402277039848,46.0435033964446,2,0.0655061929034184
978,0.239342188488299,46.0904755022402,2,0.0727236620257561
979,0.233523086654016,46.1374476080359,2,0.0832394721218699
980,0.231499051233397,46.1844197138315,2,0.0875572109959615
981,0.233776091081594,46.2313918196271,2,0.0827255464862003
982,0.236812144212524,46.2783639254228,2,0.0769742496481824
983,0.238709677419355,46.3253360312184,2,0.0737431158816993
984,0.2382036685642,46.372308137014,2,0.0745790240714822
985,0.240607210626186,46.4192802428097,2,0.0707668563995645
986,0.240860215053763,46.4662523486053,2,0.070388261166792
987,0.242378241619228,46.5132244544009,2,0.0682025445460425
988,0.244022770398482,46.5601965601966,2,0.0659935531907251
989,0.245667299177736,46.6071686659922,2,0.0639398370224819
990,0.25123339658444,46.6541407717878,2,0.0580209584289916
991,0.257179000632511,46.7011128775835,2,0.0532053893284252
992,0.260721062618596,46.7480849833791,2,0.0509618436846848
993,0.259835547122075,46.7950570891747,2,0.0514827126063911
994,0.269702719797596,46.8420291949704,2,0.0470297759323005
995,0.267931688804554,46.889001300766,2,0.0476226491989484
996,0.261859582542694,46.9359734065617,2,0.0503296464084795
997,0.261859582542694,46.9829455123573,2,0.0503296464084795
998,0.259835547122075,47.0299176181529,2,0.0514827126063911
999,0.259076533839342,47.0768897239486,2,0.0519500142935064
1000,0.26527514231499,47.1238618297442,2,0.0486742786767158
1001,0.268058191018343,47.1708339355398,2,0.0475774840464869
1002,0.273497786211259,47.2178060413355,2,0.0460363596816785
1003,0.277925363693865,47.2647781471311,2,0.0453323006331916
1004,0.279569892473118,47.3117502529267,2,0.0451913085027277
1005,0.283744465528147,47.3587223587224,2,0.0451211454918023
1006,0.285641998734978,47.405694464518,2,0.0452253910219565
1007,0.277672359266287,47.4526665703136,2,0.0453597237363678
1008,0.266160657811512,47.4996386761093,2,0.0483015562693239
1009,0.251739405439595,47.5466107819049,2,0.0575547712575533
1010,0.243643263757116,47.5935828877005,2,0.0664891792740272
1011,0.232258064516129,47.6405549934962,2,0.0858941708391143
1012,0.224035420619861,47.6875270992918,2,0.107115889312309
1013,0.219987349778621,47.7344992050875,2,0.12060918248017
1014,0.217330803289058,47.7814713108831,2,0.13079572941131
1015,0.212523719165085,47.8284434166787,2,0.152347016074172
1016,0.208728652751423,47.8754155224744,2,0.17262563818547
1017,0.211258697027198,47.92238762827,2,0.158762976936572
1018,0.210373181530677,47.9693597340656,2,0.163454693252251
1019,0.208602150537634,48.0163318398613,2,0.173356488662636
1020,0.207590132827324,48.0633039456569,2,0.179337915150394
1021,0.207210626185958,48.1102760514525,2,0.181643660345239
1022,0.20708412397217,48.1572481572482,2,0.182419965430817
1023,0.206325110689437,48.2042202630438,2,0.187159956982895
1024,0.205945604048071,48.2511923688394,2,0.18958345371815
1025,0.211385199240987,48.2981644746351,2,0.15810639330123
1026,0.213788741302973,48.3451365804307,2,0.146254742572836
1027,0.214800759013283,48.3921086862263,2,0.141604175455738
1028,0.213409234661607,48.439080792022,2,0.148049310736678
1029,0.213662239089184,48.4860528978176,2,0.146849821841905
1030,0.21707779886148,48.5330250036133,2,0.131826143796342
1031,0.219987349778621,48.5799971094089,2,0.12060918248017
1032,0.221378874130297,48.6269692152045,2,0.115709280623949
1033,0.223023402909551,48.6739413210002,2,0.110276553958607
1034,0.221884882985452,48.7209134267958,2,0.113997405953623
1035,0.220493358633776,48.7678855325914,2,0.11879416536945
1036,0.217963314358001,48.8148576383871,2,0.128266760947705
1037,0.217963314358001,48.8618297441827,2,0.128266760947705
1038,0.220746363061354,48.9088018499783,2,0.117901020351754
1039,0.227956989247312,48.955773955774,2,0.0960702990635192
1040,0.232258064516129,49.0027460615696,2,0.0858941708391143
1041,0.22909550917141,49.0497181673652,2,0.0931928574745475
1042,0.230487033523087,49.0966902731609,2,0.089860011099791
1043,0.230740037950664,49.1436623789565,2,0.0892749671357326
1044,0.230487033523087,49.1906344847521,2,0.089860011099791
1045,0.233396584440228,49.2376065905478,2,0.0834985285767423
1046,0.237824161922834,49.2845786963434,2,0.07521806693073
1047,0.239721695129665,49.331550802139,2,0.0721252806171048
1048,0.23921568627451,49.3785229079347,2,0.0729253226850442
1049,0.238330170777989,49.4254950137303,2,0.0743683285214451
1050,0.228969006957622,49.472467119526,2,0.0935057410909016
1051,0.218469323213156,49.5194392253216,2,0.126291132058167
1052,0.211132194813409,49.5664113311172,2,0.159422945896874
1053,0.207590132827324,49.6133834369129,2,0.179337915150393
1054,0.201897533206831,49.6603555427085,2,0.217767399712025
1055,0.193421884882985,49.7073276485041,2,0.292071539050772
1056,0.187855787476281,49.7542997542998,2,0.353065108361981
1057,0.183681214421252,49.8012718600954,2,0.405008288506252
1058,0.176470588235294,49.848243965891,1,0.504874045472292
1059,0.16989247311828,49.8952160716867,1,0.601814630708719
1060,0.163061353573688,49.9421881774823,1,0.699894850850455
1061,0.155344718532574,49.9891602832779,1,0.796983323653312
1062,0.154332700822264,50.0361323890736,1,0.80818513674558
1063,0.156103731815307,50.0831044948692,1,0.788328232142074
1064,0.154079696394687,50.1300766006649,1,0.810924248768949
1065,0.152182163187856,50.1770487064605,1,0.830671367845449
1066,0.148640101201771,50.2240208122561,1,0.863714190982332
1067,0.145983554712207,50.2709929180518,1,0.885245509188943
1068,0.147881087919039,50.3179650238474,1,0.870147044442973
1069,0.149272612270715,50.364937129643,1,0.858179645802331
1070,0.14876660341556,50.4119092354387,1,0.862619955449979
1071,0.150158127767236,50.4588813412343,1,0.850164396958314
1072,0.15180265654649,50.5058534470299,1,0.834450445146882
1073,0.158254269449715,50.5528255528256,1,0.762668612089435
1074,0.15774826059456,50.5997976586212,1,0.768853158824313
1075,0.160151802656546,50.6467697644168,1,0.738717484450852
1076,0.165464895635674,50.6937418702125,1,0.666247305377345
1077,0.169133459835547,50.7407139760081,1,0.613005960612808
1078,0.171663504111322,50.7876860818037,1,0.575602735518284
1079,0.173181530676787,50.8346581875994,1,0.553123908287547
1080,0.175332068311195,50.881630293395,1,0.521464798768806
1081,0.169386464263125,50.9286023991906,1,0.60927977169281
1082,0.167488931056293,50.9755745049863,1,0.637085725133123
1083,0.169259962049336,51.0225466107819,1,0.611143447691718
1084,0.169259962049336,51.0695187165776,1,0.611143447691719
1085,0.166603415559772,51.1164908223732,1,0.649920601565166
1086,0.16382036685642,51.1634629281688,1,0.68940485934312
1087,0.162049335863378,51.2104350339645,1,0.713661326323027
1088,0.156989247311828,51.2574071397601,1,0.777962286495242
1089,0.138772928526249,51.3043792455557,1,0.930612885660794
1090,0.130044275774826,51.3513513513514,1,0.96455777012833
1091,0.121948134092347,51.398323457147,1,0.981968327341644
1092,0.117394054395952,51.4452955629426,1,0.987912205862262
1093,0.110815939278937,51.4922676687383,1,0.993372367267915
1094,0.103605313092979,51.5392397745339,1,0.99667140168012
1095,0.105249841872233,51.5862118803295,1,0.996094805577085
1096,0.111701454775459,51.6331839861252,1,0.992802786033028
1097,0.108791903858318,51.6801560919208,1,0.994520413151272
1098,0.113472485768501,51.7271281977164,1,0.991524695137727
1099,0.121062618595825,51.7741003035121,1,0.983299540877727
1100,0.12865275142315,51.8210724093077,1,0.968337056394828
1101,0.13270082226439,51.8680445151033,1,0.956227198264377
1102,0.130297280202404,51.915016620899,1,0.96382939023121
1103,0.121315623023403,51.9619887266946,1,0.982928638345222
1104,0.113725490196078,52.0089608324903,1,0.99132581336007
1105,0.105376344086022,52.0559329382859,1,0.996046776059326
1106,0.108032890575585,52.1029050440815,1,0.994900876747765
1107,0.113978494623656,52.1498771498772,1,0.991122614995774
1108,0.120050600885516,52.1968492556728,1,0.984710807051753
1109,0.123466160657812,52.2438213614684,1,0.979460090149209
1110,0.125996204933586,52.2907934672641,1,0.97457102642499
1111,0.130044275774826,52.3377655730597,1,0.96455777012833
1112,0.134724857685009,52.3847376788553,1,0.948783781356694
1113,0.132321315623023,52.431709784651,1,0.957513103046808
1114,0.133586337760911,52.4786818904466,1,0.953094593997148
1115,0.12966476913346,52.5256539962422,1,0.965626091230614
1116,0.124098671726755,52.5726261020379,1,0.978324779368491
1117,0.123719165085389,52.6195982078335,1,0.979012584496584
1118,0.127008222643896,52.6665703136292,1,0.972338994336207
1119,0.134724857685009,52.7135424194248,1,0.948783781356694
1120,0.144971537001898,52.7605145252204,1,0.892733876706435
1121,0.147501581277672,52.8074866310161,1,0.873278614828629
1122,0.152182163187856,52.8544587368117,1,0.830671367845449
1123,0.16280834914611,52.9014308426073,1,0.703360840897494
1124,0.170018975332068,52.948402948403,1,0.599946034776911
1125,0.174067046173308,52.9953750541986,1,0.540048930846478
1126,0.180771663504111,53.0423471599942,2,0.443987205396362
1127,0.186464263124605,53.0893192657899,2,0.36981674906605
1128,0.18494623655914,53.1362913715855,2,0.388741867286812
1129,0.180265654648956,53.1832634773811,2,0.450968619703427
1130,0.17786211258697,53.2302355831768,2,0.484826451033518
1131,0.174573055028463,53.2772076889724,1,0.532599529980978
1132,0.172169512966477,53.324179794768,1,0.568105333300706
1133,0.171283997469956,53.3711519005637,1,0.581225646736641
1134,0.171157495256167,53.4181240063593,1,0.583099609440619
1135,0.171410499683744,53.4650961121549,1,0.579351474123105
1136,0.171410499683744,53.5120682179506,1,0.579351474123105
1137,0.17482605945604,53.5590403237462,1,0.528882270221423
1138,0.178747628083491,53.6060124295419,2,0.472227877793594
1139,0.187855787476281,53.6529845353375,2,0.353065108361981
1140,0.20202403542062,53.6999566411331,2,0.216819522255283
1141,0.212397216951297,53.7469287469288,2,0.152973803062424
1142,0.216192283364959,53.7939008527244,2,0.1355192754477
1143,0.216951296647691,53.84087295852,2,0.132345438404494
1144,0.216318785578748,53.8878450643157,2,0.134983322032605
1145,0.222896900695762,53.9348171701113,2,0.110681215758148
1146,0.221631878557875,53.9817892759069,2,0.114848784953544
1147,0.221884882985452,54.0287613817026,2,0.113997405953623
1148,0.228083491461101,54.0757334874982,2,0.0957436673832391
1149,0.234535104364326,54.1227055932938,2,0.0812167508230758
1150,0.238077166350411,54.1696776990895,2,0.074790875046871
1151,0.239342188488299,54.2166498048851,2,0.0727236620257561
1152,0.236685641998735,54.2636219106807,2,0.0771992077478974
1153,0.240354206198608,54.3105940164764,2,0.0711496499366995
1154,0.237824161922834,54.357566122272,2,0.07521806693073
1155,0.235294117647059,54.4045382280677,2,0.0797562457497463
1156,0.233270082226439,54.4515103338633,2,0.083758990496422
1157,0.23314358001265,54.4984824396589,2,0.084020865211557
1158,0.230866540164453,54.5454545454546,2,0.0889848014895906
1159,0.227577482605946,54.5924266512502,2,0.0970607866537479
1160,0.22517394054396,54.6393987570458,2,0.103718029124586
1161,0.216192283364959,54.6863708628415,2,0.1355192754477
1162,0.213156230234029,54.7333429686371,2,0.149261336685817
1163,0.209108159392789,54.7803150744327,2,0.170455157247004
1164,0.20404807084124,54.8272871802284,2,0.202252195931178
1165,0.196331435800127,54.874259286024,2,0.264089205533603
1166,0.188235294117647,54.9212313918196,2,0.348598275524798
1167,0.185705249841872,54.9682034976153,2,0.379196221751637
1168,0.18595825426945,55.0151756034109,2,0.376051064887624
1169,0.182036685641999,55.0621477092065,2,0.426786076673809
1170,0.183048703352309,55.1091198150022,2,0.413302591247926
1171,0.180012650221379,55.1560919207978,2,0.454479798491977
1172,0.174067046173308,55.2030640265935,1,0.540048930846478
1173,0.171410499683744,55.2500361323891,1,0.579351474123105
1174,0.172043010752688,55.2970082381847,1,0.569979527730012
1175,0.169512966476913,55.3439803439804,1,0.607414992291157
1176,0.165211891208096,55.390952449776,1,0.669844946236653
1177,0.156862745098039,55.4379245555716,1,0.77946054972004
1178,0.149272612270715,55.4848966613673,1,0.858179645802331
1179,0.134092346616066,55.5318687671629,1,0.951218921965514
1180,0.125363693864643,55.5788408729585,1,0.975882636071258
1181,0.12865275142315,55.6258129787542,1,0.968337056394828
1182,0.132953826691967,55.6727850845498,1,0.955351253807024
1183,0.137887413029728,55.7197571903454,1,0.934991986572203
1184,0.143074003795066,55.7667292961411,1,0.905749886135121
1185,0.136369386464263,55.8137014019367,1,0.941959989352341
1186,0.131435800126502,55.8606735077323,1,0.960386244062895
1187,0.123213156230234,55.907645613528,1,0.979898940588277
1188,0.117520556609741,55.9546177193236,1,0.987774944370684
1189,0.117394054395952,56.0015898251192,1,0.987912205862262
1190,0.119924098671727,56.0485619309149,1,0.984879334479871
1191,0.120177103099304,56.0955340367105,1,0.984540564239857
1192,0.118153067678684,56.1425061425062,1,0.987066889883322
1193,0.123972169512966,56.1894782483018,1,0.978556278416013
1194,0.104237824161923,56.2364503540974,1,0.996459805661453
1195,0.0924731182795699,56.2834224598931,1,0.998916180837252
1196,0.0966476913345984,56.3303945656887,1,0.998335569588272
1197,0.0996837444655281,56.3773666714843,1,0.997740133096876
1198,0.0958886780518659,56.42433877728,1,0.998459336889265
1199,0.0974067046173308,56.4713108830756,1,0.998202443969575
1200,0.105249841872233,56.5182829888712,1,0.996094805577085
1201,0.104111321948134,56.5652550946669,1,0.996503109709682
1202,0.0944971537001898,56.6122272004625,1,0.998663961387248
1203,0.09044908285895,56.6591993062581,1,0.999122797307448
1204,0.0958886780518659,56.7061714120538,1,0.998459336889265
1205,0.0989247311827957,56.7531435178494,1,0.997905446962123
1206,0.0957621758380772,56.800115623645,1,0.998479098858398
1207,0.0971537001897533,56.8470877294407,1,0.998247898718066
1208,0.10246679316888,56.8940598352363,1,0.997022647537764
1209,0.121062618595825,56.941031941032,1,0.983299540877727
1210,0.12865275142315,56.9880040468276,1,0.968337056394828
1211,0.141808981657179,57.0349761526232,1,0.913709843648932
1212,0.154459203036053,57.0819482584189,1,0.806806324697951
1213,0.16078431372549,57.1289203642145,1,0.730481605002458
1214,0.164073371283997,57.1758924700101,1,0.685878862642641
1215,0.16786843769766,57.2228645758058,1,0.631554023565258
1216,0.171410499683744,57.2698366816014,1,0.579351474123105
1217,0.177356103731815,57.316808787397,2,0.492083548842744
1218,0.178494623655914,57.3637808931927,2,0.475813631447649
1219,0.182416192283365,57.4107529989883,2,0.421699837637811
1220,0.187855787476281,57.4577251047839,2,0.353065108361981
1221,0.190259329538267,57.5046972105796,2,0.325528980481337
1222,0.187096774193548,57.5516693163752,2,0.362130267638009
1223,0.18292220113852,57.5986414221709,2,0.414973918970802
1224,0.179759645793801,57.6456135279665,2,0.458004216428305
1225,0.183048703352309,57.6925856337621,2,0.413302591247926
1226,0.180139152435168,57.7395577395578,2,0.452722534781821
1227,0.179506641366224,57.7865298453534,2,0.461541558487008
1228,0.1808981657179,57.833501951149,2,0.442250599454385
1229,0.182289690069576,57.8804740569447,2,0.4233913206975
1230,0.184693232131562,57.9274461627403,2,0.391959928453889
1231,0.189753320683112,57.9744182685359,2,0.331176233355141
1232,0.194686907020873,58.0213903743316,2,0.279577829090688
1233,0.204554079696395,58.0683624801272,2,0.198782499652814
1234,0.208981657179001,58.1153345859228,2,0.171174987744768
1235,0.212270714737508,58.1623066917185,2,0.153603841429412
1236,0.211511701454775,58.2092787975141,2,0.157453180008149
1237,0.206957621758381,58.2562509033097,2,0.183200157594448
1238,0.202403542061986,58.3032230091054,2,0.214002664062937
1239,0.201644528779254,58.350195114901,2,0.21967662279983
1240,0.203289057558507,58.3971672206966,2,0.207584411919993
1241,0.192030360531309,58.4441393264923,2,0.306401290338386
1242,0.188741302972802,58.4911114322879,2,0.34271139841265
1243,0.180518659076534,58.5380835380836,2,0.447470988243984
1244,0.173181530676787,58.5850556438792,1,0.553123908287547
1245,0.170271979759646,58.6320277496748,1,0.596206488063546
1246,0.170524984187223,58.6789998554705,1,0.592464199375626
1247,0.173940543959519,58.7259719612661,1,0.541914061146703
1248,0.178747628083491,58.7729440670617,2,0.472227877793594
1249,0.185325743200506,58.8199161728574,2,0.383948536154113
1250,0.188614800759013,58.866888278653,2,0.344175703507633
1251,0.19392789373814,58.9138603844486,2,0.287013250257484
1252,0.199873497786211,58.9608324902443,2,0.2335522977343
1253,0.203542061986085,59.0078045960399,2,0.205789829397205
1254,0.205313092979127,59.0547767018355,2,0.193703285949056
1255,0.208728652751423,59.1017488076312,2,0.17262563818547
1256,0.21100569259962,59.1487209134268,2,0.16008631518735
1257,0.218342820999367,59.1956930192224,2,0.12678112917053
1258,0.219607843137255,59.2426651250181,2,0.121995965329733
1259,0.217457305502846,59.2896372308137,2,0.130284583014318
1260,0.217204301075269,59.3366093366093,2,0.131309578576153
1261,0.218975332068311,59.383581442405,2,0.124356868090599
1262,0.216571790006325,59.4305535482006,2,0.133919832554427
1263,0.209867172675522,59.4775256539963,2,0.166212139646545
1264,0.208855154965212,59.5244977597919,2,0.171898476302772
1265,0.211891208096142,59.5714698655875,2,0.155513612708842
1266,0.214800759013283,59.6184419713832,2,0.141604175455738
1267,0.217583807716635,59.6654140771788,2,0.129776126143048
1268,0.218722327640734,59.7123861829744,2,0.125318880755131
1269,0.220619860847565,59.7593582887701,2,0.118346405971528
1270,0.221758380771664,59.8063303945657,2,0.114421961678464
1271,0.220366856419987,59.8533025003613,2,0.11924431059555
1272,0.216445287792536,59.900274606157,2,0.134450178934109
1273,0.219987349778621,59.9472467119526,2,0.12060918248017
1274,0.215559772296015,59.9942188177482,2,0.138241676200048
1275,0.213788741302973,60.0411909235439,2,0.146254742572836
1276,0.214800759013283,60.0881630293395,2,0.141604175455738
1277,0.217204301075269,60.1351351351352,2,0.131309578576153
1278,0.220619860847565,60.1821072409308,2,0.118346405971528
1279,0.222643896268185,60.2290793467264,2,0.111497046538902
1280,0.225679949399114,60.2760514525221,2,0.102259616551007
1281,0.226312460468058,60.3230235583177,2,0.100480005925504
1282,0.230740037950664,60.3699956641133,2,0.0892749671357326
1283,0.234408602150538,60.416967769909,2,0.0814648226386754
1284,0.236306135357369,60.4639398757046,2,0.0778814790446752
1285,0.239089184060721,60.5109119815002,2,0.0731280927484982
1286,0.240860215053763,60.5578840872959,2,0.070388261166792
1287,0.240354206198608,60.6048561930915,2,0.0711496499366995
1288,0.238456672991777,60.6518282988871,2,0.0741587825254982
1289,0.232384566729918,60.6988004046828,2,0.0856221978638867
1290,0.232764073371284,60.7457725104784,2,0.0848150400467317
1291,0.231752055660974,60.792744616274,2,0.0869968691413597
1292,0.230866540164453,60.8397167220697,2,0.0889848014895906
1293,0.229981024667932,60.8866888278653,2,0.0910491813254677
1294,0.226691967109424,60.9336609336609,2,0.0994349117954717
1295,0.219481340923466,60.9806330394566,2,0.122463152873076
1296,0.21302972802024,61.0276051452522,2,0.149872087398633
1297,0.201518026565465,61.0745772510479,2,0.220637995175315
1298,0.182669196710942,61.1215493568435,2,0.418328815500578
1299,0.164073371283997,61.1685214626391,1,0.685878862642641
1300,0.149905123339658,61.2154935684348,1,0.852486304706424
1301,0.13270082226439,61.2624656742304,1,0.956227198264377
1302,0.116255534471853,61.309437780026,1,0.989085248285868
1303,0.100063251106894,61.3564098858217,1,0.997652934429503
1304,0.0853889943074004,61.4033819916173,1,0.999488168374839
1305,0.0670461733080329,61.4503540974129,1,0.999935505872933
1306,0.0670461733080329,61.4973262032086,1,0.999935505872933
1307,0.0619860847564832,61.5442983090042,1,0.99996474486267
1308,0.0519924098671727,61.5912704147998,1,0.999989737082357
1309,0.047438330170778,61.6382425205955,1,0.999994256795104
1310,0.0575585072738773,61.6852146263911,1,0.999979454854788
1311,0.0786843769765971,61.7321867321867,1,0.999754735987265
1312,0.0965211891208096,61.7791588379824,1,0.998356830197863
1313,0.111321948134092,61.826130943778,1,0.993052249689882
1314,0.118785578747628,61.8731030495737,1,0.986321351803122
1315,0.127767235926629,61.9200751553693,1,0.970551701928131
1316,0.137507906388362,61.9670472611649,1,0.936796697768772
1317,0.145983554712207,62.0140193669606,1,0.885245509188943
1318,0.157242251739405,62.0609914727562,1,0.77494857361596
1319,0.168753953194181,62.1079635785518,1,0.618585924656487
1320,0.176217583807717,62.1549356843475,1,0.508547756047436
1321,0.174952561669829,62.2019077901431,1,0.527025690811909
1322,0.182163187855787,62.2488798959387,2,0.425086744133094
1323,0.192156862745098,62.2958520017344,2,0.305073137759974
1324,0.198608475648324,62.34282410753,2,0.244024013860107
1325,0.204554079696395,62.3897962133256,2,0.198782499652814
1326,0.208602150537634,62.4367683191213,2,0.173356488662636
1327,0.213788741302973,62.4837404249169,2,0.146254742572836
1328,0.217457305502846,62.5307125307125,2,0.130284583014318
1329,0.226185958254269,62.5776846365082,2,0.100832123093257
1330,0.230740037950664,62.6246567423038,2,0.0892749671357326
1331,0.230866540164453,62.6716288480995,2,0.0889848014895906
1332,0.229348513598988,62.7186009538951,2,0.0925721167905514
1333,0.232764073371284,62.7655730596907,2,0.0848150400467317
1334,0.234914611005693,62.8125451654864,2,0.0804805554314579
1335,0.235547122074636,62.859517271282,2,0.079279885291037
1336,0.237571157495256,62.9064893770776,2,0.075649951833264
1337,0.238456672991777,62.9534614828733,2,0.0741587825254982
1338,0.242378241619228,63.0004335886689,2,0.0682025445460425
1339,0.245667299177736,63.0474056944645,2,0.0639398370224819
1340,0.245793801391524,63.0943778002602,2,0.0637880146740248
1341,0.245287792536369,63.1413499060558,2,0.0644004960440527
1342,0.245414294750158,63.1883220118514,2,0.0642460735574735
1343,0.24920936116382,63.2352941176471,2,0.0600004309663163
1344,0.253004427577483,63.2822662234427,2,0.0564373231519623
1345,0.247058823529412,63.3292383292383,2,0.062316340429537
1346,0.250600885515497,63.376210435034,2,0.0586195614041617
1347,0.256040480708412,63.4231825408296,2,0.0540206741590815
1348,0.25932953826692,63.4701546466252,2,0.051792080873893
1349,0.259456040480708,63.5171267524209,2,0.0517139294541955
1350,0.259076533839342,63.5640988582165,2,0.0519500142935064
1351,0.257052498418722,63.6110709640122,2,0.0532936303444688
1352,0.256546489563567,63.6580430698078,2,0.0536524290004692
1353,0.254016445287793,63.7050151756034,2,0.0555912186623056
1354,0.251739405439595,63.7519872813991,2,0.0575547712575533
1355,0.247438330170778,63.7989593871947,2,0.0618909815905957
1356,0.24225173940544,63.8459314929903,2,0.0683791862901816
1357,0.238583175205566,63.892903598786,2,0.0739503802465858
1358,0.234914611005693,63.9398757045816,2,0.0804805554314579
1359,0.232511068943707,63.9868478103772,2,0.0853516901454519
1360,0.232384566729918,64.0338199161729,2,0.0856221978638867
1361,0.223276407337128,64.0807920219685,2,0.109473682001034
1362,0.228462998102467,64.1277641277642,2,0.094774236546689
1363,0.232764073371284,64.1747362335598,2,0.0848150400467317
1364,0.232637571157495,64.2217083393554,2,0.0850826400653555
1365,0.228842504743833,64.268680445151,2,0.0938203119393751
1366,0.22517394054396,64.3156525509467,2,0.103718029124586
1367,0.225300442757748,64.3626246567423,2,0.10335049201396
1368,0.226185958254269,64.409596762538,2,0.100832123093257
1369,0.219734345351044,64.4565688683336,2,0.121531249336597
1370,0.220999367488931,64.5035409741292,2,0.117017322492764
1371,0.223782416192283,64.5505130799249,2,0.107893436755454
1372,0.227830487033523,64.5974851857205,2,0.0963986900181251
1373,0.233017077798861,64.6444572915161,2,0.0842841600934356
1374,0.239342188488299,64.6914293973118,2,0.0727236620257561
1375,0.244022770398482,64.7384015031074,2,0.0659935531907251
1376,0.246805819101834,64.785373608903,2,0.0626040002712965
1377,0.243896268184693,64.8323457146987,2,0.0661578374943992
1378,0.244022770398482,64.8793178204943,2,0.0659935531907251
1379,0.245540796963947,64.9262899262899,2,0.0640925219379316
1380,0.24920936116382,64.9732620320856,2,0.0600004309663163
1381,0.25528146742568,65.0202341378812,2,0.0545910870445611
1382,0.264010120177103,65.0672062436768,2,0.0492463593774223
1383,0.27134724857685,65.1141783494725,2,0.0465537936363165
1384,0.276660341555977,65.1611504552681,2,0.0454847988674496
1385,0.27539531941809,65.2081225610637,2,0.0456759903655196
1386,0.279190385831752,65.2550946668594,2,0.0452181294281694
1387,0.275142314990512,65.302066772655,2,0.0457189106666418
1388,0.26932321315623,65.3490388784507,2,0.0471497264660145
1389,0.26932321315623,65.3960109842463,2,0.0471497264660145
1390,0.269955724225174,65.4429830900419,2,0.0469519318524443
1391,0.266793168880455,65.4899551958376,2,0.0480490166534799
1392,0.265654648956357,65.5369273016332,2,0.0485117791068032
1393,0.255787476280835,65.5838994074288,2,0.0542083864048838
1394,0.251739405439595,65.6308715132245,2,0.0575547712575533
1395,0.247185325743201,65.6778436190201,2,0.0621737405304853
1396,0.242757748260595,65.7248157248157,2,0.0676784733481593
1397,0.2382036685642,65.7717878306114,2,0.0745790240714822
1398,0.232764073371284,65.818759936407,2,0.0848150400467317
1399,0.225679949399114,65.8657320422026,2,0.102259616551007
1400,0.22213788741303,65.9127041479983,2,0.113155050983012
1401,0.21505376344086,65.9596762537939,2,0.140471585187793
1402,0.210752688172043,66.0066483595895,2,0.161423314887586
1403,0.207969639468691,66.0536204653852,2,0.177066604644357
1404,0.206451612903226,66.1005925711808,2,0.186360101328159
1405,0.20708412397217,66.1475646769765,2,0.182419965430817
1406,0.207716635041113,66.1945367827721,2,0.178577005926362
1407,0.209993674889311,66.2415088885677,2,0.165517488828229
1408,0.212144212523719,66.2884809943634,2,0.154237145951722
1409,0.212144212523719,66.335453100159,2,0.154237145951722
1410,0.215939278937381,66.3824252059546,2,0.13659966783445
1411,0.221252371916509,66.4293973117503,2,0.11614297637806
1412,0.226691967109424,66.4763694175459,2,0.0994349117954717
1413,0.230360531309298,66.5233415233415,2,0.0901549058952863
1414,0.232890575585073,66.5703136291372,2,0.0845488825541455
1415,0.234788108791904,66.6172857349328,2,0.0807246241330785
1416,0.234408602150538,66.6642578407284,2,0.0814648226386754
1417,0.237571157495256,66.7112299465241,2,0.075649951833264
1418,0.237318153067679,66.7582020523197,2,0.0760865779721914
1419,0.240354206198608,66.8051741581153,2,0.0711496499366995
1420,0.245793801391524,66.852146263911,2,0.0637880146740248
1421,0.251359898798229,66.8991183697066,2,0.0579033630374119
1422,0.255787476280835,66.9460904755023,2,0.0542083864048838
1423,0.259582542694497,66.9930625812979,2,0.0516363189125445
1424,0.265781151170146,67.0400346870935,2,0.0484585356806844
1425,0.265528146742568,67.0870067928892,2,0.04856548319416
1426,0.272865275142315,67.1339788986848,2,0.0461763883856208
1427,0.279569892473118,67.1809510044804,2,0.0451913085027277
1428,0.282732447817837,67.2279231102761,2,0.0451003689972119
1429,0.284250474383302,67.2748952160717,2,0.0451406066594523
1430,0.287919038583175,67.3218673218673,2,0.0454636657295961
1431,0.290702087286528,67.368839427663,2,0.0459252599193035
1432,0.29146110056926,67.4158115334586,2,0.0460842885822024
1433,0.291208096141682,67.4627836392542,2,0.0460296807910721
1434,0.291840607210626,67.5097557450499,2,0.046169211753967
1435,0.292599620493359,67.5567278508455,2,0.0463499682009903
1436,0.292979127134725,67.6036999566412,2,0.0464458408689525
1437,0.292979127134725,67.6506720624368,2,0.0464458408689525
1438,0.294876660341556,67.6976441682324,2,0.0469810104946469
1439,0.296015180265655,67.744616274028,2,0.0473476160256756
1440,0.29753320683112,67.7915883798237,2,0.0478910038897338
1441,0.29753320683112,67.8385604856193,2,0.0478910038897338
1442,0.293864642631246,67.885532591415,2,0.0466839337481758
1443,0.287919038583175,67.9325046972106,2,0.0454636657295961
1444,0.283617963314358,67.9794768030062,2,0.0451172258034994
1445,0.281973434535104,68.0264489088019,2,0.0451006497110626
1446,0.279696394686907,68.0734210145975,2,0.0451831280990475
1447,0.277166350411132,68.1203931203931,2,0.0454191789751481
1448,0.275142314990512,68.1673652261888,2,0.0457189106666418
1449,0.267805186590765,68.2143373319844,2,0.047668253116987
1450,0.265907653383934,68.26130943778,2,0.0484057515997868
1451,0.262492093611638,68.3082815435757,2,0.0499962159056802
1452,0.259835547122075,68.3552536493713,2,0.0514827126063911
1453,0.258570524984187,68.402225755167,2,0.0522724599155316
1454,0.259709044908286,68.4491978609626,2,0.0515592472809975
1455,0.261227071473751,68.4961699667582,2,0.0506757263281323
1456,0.26135357368754,68.5431420725538,2,0.0506054880769559
1457,0.265148640101202,68.5901141783495,2,0.048729372764153
1458,0.26527514231499,68.6370862841451,2,0.0486742786767158
1459,0.268058191018343,68.6840583899408,2,0.0475774840464869
1460,0.26831119544592,68.7310304957364,2,0.0474884656191627
1461,0.262998102466793,68.778002601532,2,0.0497384383892197
1462,0.260974067046173,68.8249747073277,2,0.0508177485529393
1463,0.265022137887413,68.8719468131233,2,0.0487849328974002
1464,0.268184693232132,68.9189189189189,2,0.0475327565520238
1465,0.262112586970272,68.9658910247146,2,0.0501947681670213
1466,0.265654648956357,69.0128631305102,2,0.0485117791068032
1467,0.264895635673624,69.0598352363058,2,0.0488409604529665
1468,0.265528146742568,69.1068073421015,2,0.04856548319416
1469,0.268437697659709,69.1537794478971,2,0.0474446101626508
1470,0.268690702087287,69.2007515536927,2,0.0473582013931484
1471,0.27235926628716,69.2477236594884,2,0.0462956709840412
1472,0.27741935483871,69.294695765284,2,0.0453886822570006
1473,0.275774826059456,69.3416678710797,2,0.0456145445838315
1474,0.284123972169513,69.3886399768753,2,0.0451351737814905
1475,0.287539531941809,69.4356120826709,2,0.0454153168909963
1476,0.283997469955724,69.4825841884666,2,0.045130119373387
1477,0.281720430107527,69.5295562942622,2,0.0451037642916358
1478,0.282858950031626,69.5765284000578,2,0.0451016438676552
1479,0.280075901328273,69.6235005058535,2,0.0451608638590257
1480,0.275268817204301,69.6704726116491,2,0.0456972545332779
1481,0.284503478810879,69.7174447174447,2,0.0451526083543105
1482,0.280581910183428,69.7644168232404,2,0.0451364847568767
1483,0.278684376976597,69.811388929036,2,0.0452592182480539
1484,0.276027830487033,69.8583610348316,2,0.0455755314251431
1485,0.272991777356104,69.9053331406273,2,0.046147578341909
1486,0.272738772928526,69.9523052464229,2,0.0462056019597867
1487,0.270841239721695,69.9992773522185,2,0.0466927338592251
1488,0.264642631246047,70.0462494580142,2,0.0489544233983628
1489,0.262998102466793,70.0932215638098,2,0.0497384383892197
1490,0.260847564832385,70.1401936696055,2,0.0508895361026585
1491,0.256925996204934,70.1871657754011,2,0.0533824525327497
1492,0.255913978494624,70.2341378811967,2,0.0541142291438361
1493,0.254522454142947,70.2811099869923,2,0.0551836270698351
1494,0.254142947501581,70.328082092788,2,0.0554883666189797
1495,0.25629348513599,70.3750541985836,2,0.0538353613882144
1496,0.257685009487666,70.4220263043793,2,0.0528581919788765
1497,0.255660974067046,70.4689984101749,2,0.0543031483710133
1498,0.258191018342821,70.5159705159705,2,0.0525201152793812
1499,0.261480075901328,70.5629426217662,2,0.0505357627057825
1500,0.260594560404807,70.6099147275618,2,0.0510346731222142
1501,0.258064516129032,70.6568868333574,2,0.0526037870179563
1502,0.254901960784314,70.7038589391531,2,0.054884557150117
1503,0.249968374446553,70.7508310449487,2,0.059236166300949
1504,0.245414294750158,70.7978031507443,2,0.0642460735574735
1505,0.244528779253637,70.84477525654,2,0.0653455555861906
1506,0.239848197343454,70.8917473623356,2,0.071928001882808
1507,0.23617963314358,70.9387194681313,2,0.0781113896993552
1508,0.234282099936749,70.9856915739269,2,0.0817142427177769
1509,0.235041113219481,71.0326636797225,2,0.0802378073385703
1510,0.237697659709045,71.0796357855181,2,0.0754334197541809
1511,0.239848197343454,71.1266078913138,2,0.071928001882808
1512,0.239721695129665,71.1735799971094,2,0.0721252806171048
1513,0.237444655281467,71.2205521029051,2,0.075867669212655
1514,0.241872232764073,71.2675242087007,2,0.0689150335075906
1515,0.249462365591398,71.3144963144963,2,0.0597426857296125
1516,0.25629348513599,71.361468420292,2,0.0538353613882144
1517,0.260594560404807,71.4084405260876,2,0.0510346731222142
1518,0.265148640101202,71.4554126318832,2,0.048729372764153
1519,0.271726755218216,71.5023847376789,2,0.0464539245823821
1520,0.279063883617963,71.5493568434745,2,0.0452278303554289
1521,0.274636306135357,71.5963289492701,2,0.0458094654301776
1522,0.271853257432005,71.6433010550658,2,0.0464214564736299
1523,0.272865275142315,71.6902731608614,2,0.0461763883856208
1524,0.275142314990512,71.737245266657,2,0.0457189106666418
1525,0.274762808349146,71.7842173724527,2,0.0457862361234191
1526,0.276660341555977,71.8311894782483,2,0.0454847988674496
1527,0.279569892473118,71.878161584044,2,0.0451913085027277
1528,0.27843137254902,71.9251336898396,2,0.0452820502994232
1529,0.276154332700822,71.9721057956352,2,0.0455566086326658
1530,0.277166350411132,72.0190779014309,2,0.0454191789751481
1531,0.275774826059456,72.0660500072265,2,0.0456145445838315
1532,0.273497786211259,72.1130221130221,2,0.0460363596816785
1533,0.273497786211259,72.1599942188178,2,0.0460363596816785
1534,0.274636306135357,72.2069663246134,2,0.0458094654301776
1535,0.275142314990512,72.253938430409,2,0.0457189106666418
1536,0.273877292852625,72.3009105362047,2,0.0459571495946415
1537,0.280961416824794,72.3478826420003,2,0.0451221752358204
1538,0.279063883617963,72.3948547477959,2,0.0452278303554289
1539,0.278304870335231,72.4418268535916,2,0.045294039169312
1540,0.277672359266287,72.4887989593872,2,0.0453597237363678
1541,0.280328905755851,72.5357710651828,2,0.0451479167534977
1542,0.282099936748893,72.5827431709785,2,0.045099658902354
1543,0.282352941176471,72.6297152767741,2,0.0450988101295312
1544,0.282226438962682,72.6766873825698,2,0.0450990457134019
1545,0.280075901328273,72.7236594883654,2,0.0451608638590257
1546,0.27843137254902,72.770631594161,2,0.0452820502994232
1547,0.278051865907653,72.8176036999566,2,0.0453191640349058
1548,0.278557874762808,72.8645758057523,2,0.0452704434184324
1549,0.27539531941809,72.9115479115479,2,0.0456759903655196
1550,0.271220746363061,72.9585200173436,2,0.0465879075901818
1551,0.267552182163188,73.0054921231392,2,0.0477607817362622
1552,0.267552182163188,73.0524642289348,2,0.0477607817362622
1553,0.26932321315623,73.0994363347305,2,0.0471497264660145
1554,0.272485768500949,73.1464084405261,2,0.0462652425370947
1555,0.273244781783681,73.1933805463217,2,0.0460911660680152
1556,0.270461733080329,73.2403526521174,2,0.0468013046821907
1557,0.269955724225174,73.287324757913,2,0.0469519318524443
1558,0.271094244149273,73.3342968637086,2,0.0466224350509891
1559,0.268184693232132,73.3812689695043,2,0.0475327565520238
1560,0.263504111321948,73.4282410752999,2,0.0494885194753796
1561,0.260974067046173,73.4752131810956,2,0.0508177485529393
1562,0.2573055028463,73.5221852868912,2,0.0531177272221168
1563,0.257432005060089,73.5691573926868,2,0.053030641779226
1564,0.258191018342821,73.6161294984825,2,0.0525201152793812
1565,0.258950031625553,73.6631016042781,2,0.0520298003038277
1566,0.262239089184061,73.7100737100737,2,0.0501280837378813
1567,0.266666666666667,73.7570458158694,2,0.0480986211677778
1568,0.2662871600253,73.804017921665,2,0.0482501424473207
1569,0.2662871600253,73.8509900274606,2,0.0482501424473207
1570,0.27033523086654,73.8979621332563,2,0.0468383311640566
1571,0.271853257432005,73.9449342390519,2,0.0464214564736299
1572,0.272106261859583,73.9919063448475,2,0.046357747879294
1573,0.274636306135357,74.0388784506432,2,0.0458094654301776
1574,0.273750790638836,74.0858505564388,2,0.0459831538847123
1575,0.274256799493991,74.1328226622344,2,0.0458815236528205
1576,0.277798861480076,74.1797947680301,2,0.0453458204255591
1577,0.277039848197343,74.2267668738257,2,0.0454350050676693
1578,0.281720430107527,74.2737389796213,2,0.0451037642916358
1579,0.282605945604048,74.320711085417,2,0.0450994717635191
1580,0.285768500948767,74.3676831912126,2,0.0452353782825049
1581,0.292726122707147,74.4146552970083,2,0.0463815170002821
1582,0.294370651486401,74.4616274028039,2,0.0468291170317575
1583,0.294750158127767,74.5085995085995,2,0.0469424048575723
1584,0.298292220113852,74.5555716143952,2,0.0481866252425945
1585,0.295762175838077,74.6025437201908,2,0.0472631500755381
1586,0.292093611638204,74.6495158259864,2,0.046227842845056
1587,0.288804554079696,74.6964879317821,2,0.0455900215528632
1588,0.284629981024668,74.7434600375777,2,0.0451591774585728
1589,0.282479443390259,74.7904321433733,2,0.045098952145104
1590,0.281214421252372,74.837404249169,2,0.0451145265388334
1591,0.281593927893738,74.8843763549646,2,0.0451058881380409
1592,0.280455407969639,74.9313484607602,2,0.0451420114384052
1593,0.274256799493991,74.9783205665559,2,0.0458815236528205
1594,0.270841239721695,75.0252926723515,2,0.0466927338592251
1595,0.265781151170146,75.0722647781471,2,0.0484585356806844
1596,0.25932953826692,75.1192368839428,2,0.051792080873893
1597,0.253004427577483,75.1662089897384,2,0.0564373231519623
1598,0.246552814674257,75.2131810955341,2,0.0628949660359774
1599,0.244528779253637,75.2601532013297,2,0.0653455555861906
1600,0.243010752688172,75.3071253071253,2,0.067333923033372
1601,0.237318153067679,75.354097412921,2,0.0760865779721914
1602,0.238330170777989,75.4010695187166,2,0.0743683285214451
1603,0.238836179633144,75.4480416245122,2,0.0735369836617192
1604,0.235673624288425,75.4950137303079,2,0.0790436387535405
1605,0.231372549019608,75.5419858361035,2,0.08783965761157
1606,0.229728020240354,75.5889579418991,2,0.091653441525749
1607,0.23314358001265,75.6359300476948,2,0.084020865211557
1608,0.237065148640101,75.6829021534904,2,0.0765279941278211
1609,0.235420619860848,75.729874259286,2,0.0795174187349985
1610,0.238330170777989,75.7768463650817,2,0.0743683285214451
1611,0.242504743833017,75.8238184708773,2,0.0680268816856045
1612,0.244402277039848,75.8707905766729,2,0.0655061929034184
1613,0.244908285895003,75.9177626824686,2,0.0648690307259244
1614,0.244908285895003,75.9647347882642,2,0.0648690307259244
1615,0.248070841239722,76.0117068940599,2,0.0611981463227275
1616,0.250980392156863,76.0586789998555,2,0.0582582649878122
1617,0.248323845667299,76.1056511056511,2,0.06092655897973
1618,0.252118912080961,76.1526232114468,2,0.0572124070051303
1619,0.256419987349779,76.1995953172424,2,0.0537435988291902
1620,0.260594560404807,76.246567423038,2,0.0510346731222142
1621,0.264136622390892,76.2935395288337,2,0.0491870202885875
1622,0.266034155597723,76.3405116346293,2,0.0483534255600503
1623,0.267805186590765,76.3874837404249,2,0.047668253116987
1624,0.267425679949399,76.4344558462206,2,0.0478077087089272
1625,0.267552182163188,76.4814279520162,2,0.0477607817362622
1626,0.269449715370019,76.5284000578118,2,0.0471093170758051
1627,0.272612270714738,76.5753721636075,2,0.046235219771313
1628,0.272991777356104,76.6223442694031,2,0.046147578341909
1629,0.272485768500949,76.6693163751987,2,0.0462652425370947
1630,0.27438330170778,76.7162884809944,2,0.0458571086204887
1631,0.279316888045541,76.76326058679,2,0.045208808957659
1632,0.283744465528147,76.8102326925856,2,0.0451211454918023
1633,0.289563567362429,76.8572047983813,2,0.0457135077770557
1634,0.291334598355471,76.9041769041769,2,0.0460567843674312
1635,0.292726122707147,76.9511490099726,2,0.0463815170002821
1636,0.289563567362429,76.9981211157682,2,0.0457135077770557
1637,0.286021505376344,77.0450932215638,2,0.0452564956623812
1638,0.282605945604048,77.0920653273595,2,0.0450994717635191
1639,0.283364958886781,77.1390374331551,2,0.0451105204627424
1640,0.285262492093612,77.1860095389507,2,0.045197712113193
1641,0.281593927893738,77.2329816447464,2,0.0451058881380409
1642,0.281846932321316,77.279953750542,2,0.0451020181632397
1643,0.280961416824794,77.3269258563376,2,0.0451221752358204
1644,0.279190385831752,77.3738979621333,2,0.0452181294281694
1645,0.278178368121442,77.4208700679289,2,0.0453064103155785
1646,0.277166350411132,77.4678421737245,2,0.0454191789751481
1647,0.274509803921569,77.5148142795202,2,0.0458330894060154
1648,0.270714737507906,77.5617863853158,2,0.0467285069154565
1649,0.263883617963314,77.6087584911114,2,0.04930617734564
1650,0.2573055028463,77.6557305969071,2,0.0531177272221168
1651,0.238456672991777,77.7027027027027,2,0.0741587825254982
1652,0.222643896268185,77.7496748084984,2,0.111497046538902
1653,0.206451612903226,77.796646914294,2,0.186360101328159
1654,0.192409867172676,77.8436190200896,2,0.302432103661099
1655,0.178747628083491,77.8905911258853,2,0.472227877793594
1656,0.156483238456673,77.9375632316809,1,0.783920658438226
1657,0.130044275774826,77.9845353374765,1,0.96455777012833
1658,0.11056293485136,78.0315074432722,1,0.993527226463325
1659,0.0955091714104997,78.0784795490678,1,0.998517905644582
1660,0.0929791271347249,78.1254516548634,1,0.998857737892407
1661,0.0938646426312461,78.1724237606591,1,0.998748209475646
1662,0.0989247311827957,78.2193958664547,1,0.997905446962123
1663,0.116508538899431,78.2663679722503,1,0.988834027774141
1664,0.136875395319418,78.313340078046,1,0.939710976827002
1665,0.159519291587603,78.3603121838416,1,0.746830379728411
1666,0.181277672359266,78.4072842896372,2,0.437062355887893
1667,0.20607210626186,78.4542563954329,2,0.188771618058702
1668,0.219987349778621,78.5012285012285,2,0.12060918248017
1669,0.226059456040481,78.5482006070242,2,0.101186132835744
1670,0.230360531309298,78.5951727128198,2,0.0901549058952863
1671,0.236306135357369,78.6421448186154,2,0.0778814790446752
1672,0.24022770398482,78.6891169244111,2,0.0713426342880309
1673,0.241745730550285,78.7360890302067,2,0.0690956396172313
1674,0.247944339025933,78.7830611360023,2,0.0613351212222062
1675,0.253004427577483,78.830033241798,2,0.0564373231519623
1676,0.253383934218849,78.8770053475936,2,0.0561151411630884
1677,0.252877925363694,78.9239774533892,2,0.0565460386206518
1678,0.256546489563567,78.9709495591849,2,0.0536524290004692
1679,0.263883617963314,79.0179216649805,2,0.04930617734564
1680,0.269196710942442,79.0648937707761,2,0.0471905630471481
1681,0.271473750790639,79.1118658765718,2,0.0465200923608518
1682,0.2764073371284,79.1588379823674,2,0.0455199283462266
1683,0.280328905755851,79.205810088163,2,0.0451479167534977
1684,0.282099936748893,79.2527821939587,2,0.045099658902354
1685,0.281593927893738,79.2997542997543,2,0.0451058881380409
1686,0.280581910183428,79.3467264055499,2,0.0451364847568767
1687,0.280581910183428,79.3936985113456,2,0.0451364847568767
1688,0.280961416824794,79.4406706171412,2,0.0451221752358204
1689,0.283744465528147,79.4876427229369,2,0.0451211454918023
1690,0.283111954459203,79.5346148287325,2,0.0451053266498751
1691,0.283238456672992,79.5815869345281,2,0.0451077346497918
1692,0.287033523086654,79.6285590403238,2,0.0453562427727532
1693,0.290069576217584,79.6755311461194,2,0.0458036725106096
1694,0.293864642631246,79.722503251915,2,0.0466839337481758
1695,0.29449715370019,79.7694753577107,2,0.0468664590513343
1696,0.293611638203669,79.8164474635063,2,0.0466138406563655
1697,0.296015180265655,79.8634195693019,2,0.0473476160256756
1698,0.291081593927894,79.9103916750976,2,0.0460029771982319
1699,0.289690069576218,79.9573637808932,2,0.0457354590911698
1700,0.287033523086654,80.0043358866888,2,0.0453562427727532
1701,0.281593927893738,80.0513079924845,2,0.0451058881380409
1702,0.280075901328273,80.0982800982801,2,0.0451608638590257
1703,0.280075901328273,80.1452522040757,2,0.0451608638590257
1704,0.276154332700822,80.1922243098714,2,0.0455566086326658
1705,0.274762808349146,80.239196415667,2,0.0457862361234191
1706,0.275142314990512,80.2861685214627,2,0.0457189106666418
1707,0.275648323845667,80.3331406272583,2,0.0456346358884765
1708,0.276027830487033,80.3801127330539,2,0.0455755314251431
1709,0.276280834914611,80.4270848388496,2,0.0455380744215641
1710,0.2764073371284,80.4740569446452,2,0.0455199283462266
1711,0.274256799493991,80.5210290504408,2,0.0458815236528205
1712,0.272991777356104,80.5680011562365,2,0.046147578341909
1713,0.270714737507906,80.6149732620321,2,0.0467285069154565
1714,0.275901328273245,80.6619453678277,2,0.0455948432540364
1715,0.282226438962682,80.7089174736234,2,0.0450990457134019
1716,0.285641998734978,80.755889579419,2,0.0452253910219565
1717,0.286021505376344,80.8028616852146,2,0.0452564956623812
1718,0.285895003162555,80.8498337910103,2,0.0452457464131485
1719,0.286021505376344,80.8968058968059,2,0.0452564956623812
1720,0.287539531941809,80.9437780026015,2,0.0454153168909963
1721,0.284250474383302,80.9907501083972,2,0.0451406066594523
1722,0.285515496521189,81.0377222141928,2,0.0452157843921626
1723,0.289690069576218,81.0846943199885,2,0.0457354590911698
1724,0.292979127134725,81.1316664257841,2,0.0464458408689525
1725,0.292346616065781,81.1786385315797,2,0.0462880930488667
1726,0.287792536369386,81.2256106373754,2,0.045447163627831
1727,0.28437697659709,81.272582743171,2,0.0451464181373442
1728,0.283870967741935,81.3195548489666,2,0.0451254433141378
1729,0.279190385831752,81.3665269547623,2,0.0452181294281694
1730,0.27741935483871,81.4134990605579,2,0.0453886822570006
1731,0.2764073371284,81.4604711663535,2,0.0455199283462266
1732,0.277798861480076,81.5074432721492,2,0.0453458204255591
1733,0.282985452245414,81.5544153779448,2,0.0451032964053596
1734,0.287286527514232,81.6013874837404,2,0.0453850109093675
1735,0.290069576217584,81.6483595895361,2,0.0458036725106096
1736,0.29146110056926,81.6953316953317,2,0.0460842885822024
1737,0.294117647058824,81.7423038011273,2,0.0467556902129199
1738,0.29652118912081,81.789275906923,2,0.047521740734505
1739,0.298165717900063,81.8362480127186,2,0.0481362306096674
1740,0.294876660341556,81.8832201185142,2,0.0469810104946469
1741,0.292599620493359,81.9301922243099,2,0.0463499682009903
1742,0.288804554079696,81.9771643301055,2,0.0455900215528632
1743,0.280834914611006,82.0241364359012,2,0.0451265667743027
1744,0.272106261859583,82.0711085416968,2,0.046357747879294
1745,0.261100569259962,82.1180806474924,2,0.0507464792264427
1746,0.258570524984187,82.1650527532881,2,0.0522724599155316
1747,0.249335863377609,82.2120248590837,2,0.0598711817178851
1748,0.236812144212524,82.2589969648793,2,0.0769742496481824
1749,0.227830487033523,82.305969070675,2,0.0963986900181251
1750,0.224288425047438,82.3529411764706,2,0.106346610539655
1751,0.218975332068311,82.3999132822662,2,0.124356868090599
1752,0.212903225806452,82.4468853880619,2,0.150486016052017
1753,0.2191018342821,82.4938574938575,2,0.123879669454671
1754,0.219481340923466,82.5408295996532,2,0.122463152873076
1755,0.219734345351044,82.5878017054488,2,0.121531249336597
1756,0.22011385199241,82.6347738112444,2,0.120151806978133
1757,0.219734345351044,82.68174591704,2,0.121531249336597
1758,0.219228336495889,82.7287180228357,2,0.123404992422175
1759,0.2191018342821,82.7756901286313,2,0.123879669454671
1760,0.218342820999367,82.822662234427,2,0.12678112917053
1761,0.223023402909551,82.8696343402226,2,0.110276553958607
1762,0.220746363061354,82.9166064460182,2,0.117901020351754
1763,0.216951296647691,82.9635785518139,2,0.132345438404494
1764,0.211638203668564,83.0105506576095,2,0.156803322097888
1765,0.204680581910183,83.0575227634051,2,0.197925581267326
1766,0.197090449082859,83.1044948692008,2,0.257224496656875
1767,0.193674889310563,83.1514669749964,2,0.289532242852059
1768,0.192536369386464,83.198439080792,2,0.30111922256442
1769,0.195066413662239,83.2454111865877,2,0.275928290607837
1770,0.198481973434535,83.2923832923833,2,0.24509740922548
1771,0.20506008855155,83.3393553981789,2,0.195379804063806
1772,0.214168247944339,83.3863275039746,2,0.144487992464983
1773,0.220872865275142,83.4332996097702,2,0.117457996509332
1774,0.22416192283365,83.4802717155658,2,0.106730221679327
1775,0.221758380771664,83.5272438213615,2,0.114421961678464
1776,0.219228336495889,83.5742159271571,2,0.123404992422175
1777,0.218975332068311,83.6211880329528,2,0.124356868090599
1778,0.21505376344086,83.6681601387484,2,0.140471585187793
1779,0.210373181530677,83.715132244544,2,0.163454693252251
1780,0.207969639468691,83.7621043503397,2,0.177066604644357
1781,0.205313092979127,83.8090764561353,2,0.193703285949056
1782,0.199620493358634,83.8560485619309,2,0.235608764801118
1783,0.191397849462366,83.9030206677266,2,0.313118373417729
1784,0.18494623655914,83.9499927735222,2,0.388741867286812
1785,0.181151170145478,83.9969648793178,2,0.438788139220417
1786,0.181277672359266,84.0439369851135,2,0.437062355887893
1787,0.184060721062619,84.0909090909091,2,0.400082548912943
1788,0.190385831752056,84.1378811967047,2,0.324129772751607
1789,0.194433902593295,84.1848533025004,2,0.282036073857719
1790,0.188361796331436,84.231825408296,2,0.347119152362746
1791,0.173055028462998,84.2787975140917,1,0.554994867700611
1792,0.160531309297913,84.3257696198873,1,0.733790399347255
1793,0.135863377609108,84.3727417256829,1,0.944137492711945
1794,0.113978494623656,84.4197138314785,1,0.991122614995774
1795,0.0919671094244149,84.4666859372742,1,0.998971780783878
1796,0.0855154965211891,84.5136580430698,1,0.999481138307823
1797,0.0874130297280202,84.5606301488655,1,0.999364000260352
1798,0.0908285895003163,84.6076022546611,1,0.999087151469513
1799,0.0951296647691335,84.6545743604567,1,0.998574363416524
1800,0.101075268817204,84.7015464662524,1,0.997404643090229
1801,0.119797596457938,84.748518572048,1,0.985046161656177
1802,0.123339658444023,84.7954906778436,1,0.979680588261332
1803,0.13067678684377,84.8424627836393,1,0.962712106867816
1804,0.139025932953827,84.8894348894349,1,0.929317597971036
1805,0.145098039215686,84.9364069952305,1,0.891818933331446
1806,0.150664136622391,84.9833791010262,1,0.845444079050219
1807,0.156103731815307,85.0303512068218,1,0.788328232142074
1808,0.160531309297913,85.0773233126175,1,0.733790399347255
1809,0.16685641998735,85.1242954184131,1,0.646264615875736
1810,0.167235926628716,85.1712675242087,1,0.640763664852792
1811,0.169259962049336,85.2182396300043,1,0.611143447691719
1812,0.174193548387097,85.2652117358,1,0.538184857373387
1813,0.178368121442125,85.3121838415956,2,0.477610748536448
1814,0.182163187855787,85.3591559473913,2,0.425086744133094
1815,0.188614800759013,85.4061280531869,2,0.344175703507633
1816,0.193421884882985,85.4531001589825,2,0.292071539050772
1817,0.202150537634409,85.5000722647782,2,0.215876116223694
1818,0.209993674889311,85.5470443705738,2,0.165517488828229
1819,0.219228336495889,85.5940164763694,2,0.123404992422175
1820,0.226185958254269,85.6409885821651,2,0.100832123093257
1821,0.23010752688172,85.6879606879607,2,0.0907494826370661
1822,0.23314358001265,85.7349327937563,2,0.084020865211557
1823,0.233776091081594,85.781904899552,2,0.0827255464862004
1824,0.233776091081594,85.8288770053476,2,0.0827255464862003
1825,0.230613535736875,85.8758491111432,2,0.0895667009335148
1826,0.229222011385199,85.9228212169389,2,0.0928816522920116
1827,0.227324478178368,85.9697933227345,2,0.0977300315659361
1828,0.225426944971537,86.0167654285301,2,0.102984917653968
1829,0.226312460468058,86.0637375343258,2,0.100480005925504
1830,0.227324478178368,86.1107096401214,2,0.0977300315659361
1831,0.228716002530044,86.1576817459171,2,0.0941365788639608
1832,0.228462998102467,86.2046538517127,2,0.094774236546689
1833,0.236685641998735,86.2516259575083,2,0.0771992077478974
1834,0.235926628716003,86.298598063304,2,0.0785749799292063
1835,0.240354206198608,86.3455701690996,2,0.0711496499366995
1836,0.242378241619228,86.3925422748952,2,0.0682025445460425
1837,0.241745730550285,86.4395143806909,2,0.0690956396172313
1838,0.244275774826059,86.4864864864865,2,0.0656677353376685
1839,0.248323845667299,86.5334585922821,2,0.06092655897973
1840,0.247691334598355,86.5804306980778,2,0.0616114518292396
1841,0.244022770398482,86.6274028038734,2,0.0659935531907251
1842,0.246552814674257,86.674374909669,2,0.0628949660359774
1843,0.246932321315623,86.7213470154647,2,0.0624597590560185
1844,0.244022770398482,86.7683191212603,2,0.0659935531907251
1845,0.241366223908918,86.815291227056,2,0.0696434986705155
1846,0.241998734977862,86.8622633328516,2,0.0687354258731535
1847,0.240607210626186,86.9092354386472,2,0.0707668563995645
1848,0.235926628716003,86.9562075444428,2,0.0785749799292063
1849,0.238456672991777,87.0031796502385,2,0.0741587825254982
1850,0.235800126502214,87.0501517560341,2,0.0788086724959299
1851,0.230487033523087,87.0971238618298,2,0.089860011099791
1852,0.222390891840607,87.1440959676254,2,0.112321628195212
1853,0.211638203668564,87.191068073421,2,0.156803322097888
1854,0.196837444655281,87.2380401792167,2,0.259492978287674
1855,0.181024667931689,87.2850122850123,2,0.440517565495949
1856,0.16989247311828,87.3319843908079,1,0.601814630708719
1857,0.149272612270715,87.3789564966036,1,0.858179645802331
1858,0.1235926628716,87.4259286023992,1,0.979237428260421
1859,0.107906388361796,87.4729007081948,1,0.994961834988039
1860,0.0928526249209361,87.5198728139905,1,0.99887262249459
1861,0.0643896268184693,87.5668449197861,1,0.999952948395209
1862,0.043010752688172,87.6138170255818,1,0.999996769209335
1863,0.0337760910815939,87.6607891313774,1,0.999999059864851
1864,0.0258064516129032,87.707761237173,1,0.999999687968232
1865,0.0221378874130297,87.7547333429686,1,0.999999814377424
1866,0.0148007590132827,87.8017054487643,1,0.999999935747912
1867,0.0172043010752688,87.8486775545599,1,0.999999908750324
1868,0.0311195445920304,87.8956496603556,1,0.999999346559868
1869,0.0504743833017078,87.9426217661512,1,0.999991532007408
1870,0.0702087286527514,87.9895938719468,1,0.999906597674402
1871,0.0932321315623023,88.0365659777425,1,0.998827408039374
1872,0.11258697027198,88.0835380835381,1,0.992187970719712
1873,0.119038583175206,88.1305101893337,1,0.986012253807488
1874,0.129032258064516,88.1774822951294,1,0.967343494664044
1875,0.139911448450348,88.224454400925,1,0.924625593233349
1876,0.155218216318786,88.2714265067206,1,0.798404846738273
1877,0.173434535104364,88.3183986125163,1,0.549384035722961
1878,0.188614800759013,88.3653707183119,2,0.344175703507633
1879,0.198861480075901,88.4123428241075,2,0.241891614553275
1880,0.209487666034156,88.4593149299032,2,0.16831746157226
1881,0.213535736875395,88.5062870356988,2,0.147448006409404
1882,0.218469323213156,88.5532591414945,2,0.126291132058167
1883,0.219860847564832,88.6002312472901,2,0.12106899250132
1884,0.221631878557875,88.6472033530857,2,0.114848784953544
1885,0.225047438330171,88.6941754588814,2,0.104087539205551
1886,0.226438962681847,88.741147564677,2,0.100129771500917
1887,0.227830487033523,88.7881196704726,2,0.0963986900181251
1888,0.233396584440228,88.8350917762683,2,0.0834985285767423
1889,0.240480708412397,88.8820638820639,2,0.0709577257442429
1890,0.245161290322581,88.9290359878595,2,0.0645557935865916
1891,0.253763440860215,88.9760080936552,2,0.0557988470676792
1892,0.263124604680582,89.0229801994508,2,0.0496752258715045
1893,0.27134724857685,89.0699523052464,2,0.0465537936363165
1894,0.277292852624921,89.1169244110421,2,0.045403738161833
1895,0.280455407969639,89.1638965168377,2,0.0451420114384052
1896,0.281846932321316,89.2108686226333,2,0.0451020181632397
1897,0.283364958886781,89.257840728429,2,0.0451105204627424
1898,0.282352941176471,89.3048128342246,2,0.0450988101295312
1899,0.280961416824794,89.3517849400203,2,0.0451221752358204
1900,0.279822896900696,89.3987570458159,2,0.0451753273135823
1901,0.277545857052498,89.4457291516115,2,0.0453740108992257
1902,0.275015812776724,89.4927012574071,2,0.0457409592871302
1903,0.273118279569892,89.5396733632028,2,0.0461191711317085
1904,0.271726755218216,89.5866454689984,2,0.0464539245823821
1905,0.274509803921569,89.6336175747941,2,0.0458330894060154
1906,0.267678684376977,89.6805896805897,2,0.0477142969194039
1907,0.261100569259962,89.7275617863853,2,0.0507464792264427
1908,0.254901960784314,89.774533892181,2,0.054884557150117
1909,0.246932321315623,89.8215059979766,2,0.0624597590560185
1910,0.242378241619228,89.8684781037722,2,0.0682025445460425
1911,0.239721695129665,89.9154502095679,2,0.0721252806171048
1912,0.234914611005693,89.9624223153635,2,0.0804805554314579
1913,0.239848197343454,90.0093944211591,2,0.0719280018828079
1914,0.233270082226439,90.0563665269548,2,0.083758990496422
1915,0.230866540164453,90.1033386327504,2,0.0889848014895906
1916,0.235547122074636,90.1503107385461,2,0.079279885291037
1917,0.235800126502214,90.1972828443417,2,0.0788086724959299
1918,0.228716002530044,90.2442549501373,2,0.0941365788639608
1919,0.22314990512334,90.2912270559329,2,0.109874046392354
1920,0.222390891840607,90.3381991617286,2,0.112321628195212
1921,0.216824794433903,90.3851712675242,2,0.132867475778099
1922,0.217710309930424,90.4321433733199,2,0.129270345600976
1923,0.219354838709677,90.4791154791155,2,0.122932824407477
1924,0.221884882985452,90.5260875849111,2,0.113997405953623
1925,0.225047438330171,90.5730596907068,2,0.104087539205551
1926,0.227703984819734,90.6200317965024,2,0.0967288494612088
1927,0.228462998102467,90.667003902298,2,0.094774236546689
1928,0.228969006957622,90.7139760080937,2,0.0935057410909016
1929,0.22213788741303,90.7609481138893,2,0.113155050983012
1930,0.223529411764706,90.8079202196849,2,0.108679338758035
1931,0.225426944971537,90.8548923254806,2,0.102984917653968
1932,0.226185958254269,90.9018644312762,2,0.100832123093257
1933,0.227197975964579,90.9488365370718,2,0.0980673580427217
1934,0.225806451612903,90.9958086428675,2,0.101899869612338
1935,0.226818469323213,91.0427807486631,2,0.0990902670916828
1936,0.227324478178368,91.0897528544588,2,0.0977300315659361
1937,0.231625553447185,91.1367249602544,2,0.0872762841438652
1938,0.227577482605946,91.18369706605,2,0.0970607866537479
1939,0.228336495888678,91.2306691718457,2,0.0950956452224554
1940,0.228842504743833,91.2776412776413,2,0.0938203119393751
1941,0.227450980392157,91.3246133834369,2,0.0973945109036633
1942,0.231246046805819,91.3715854892326,2,0.0881236319474364
1943,0.240354206198608,91.4185575950282,2,0.0711496499366995
1944,0.245161290322581,91.4655297008238,2,0.0645557935865916
1945,0.247058823529412,91.5125018066195,2,0.062316340429537
1946,0.247438330170778,91.5594739124151,2,0.0618909815905957
1947,0.248576850094877,91.6064460182107,2,0.0606580973800599
1948,0.253636938646426,91.6534181240064,2,0.0559036288366386
1949,0.258950031625553,91.700390229802,2,0.0520298003038277
1950,0.263124604680582,91.7473623355976,2,0.0496752258715045
1951,0.265148640101202,91.7943344413933,2,0.048729372764153
1952,0.26527514231499,91.8413065471889,2,0.0486742786767158
1953,0.259962049335863,91.8882786529846,2,0.0514067129502718
1954,0.256040480708412,91.9352507587802,2,0.0540206741590815
1955,0.256925996204934,91.9822228645758,2,0.0533824525327496
1956,0.260088551549652,92.0291949703715,2,0.0513312463888273
1957,0.260721062618596,92.0761670761671,2,0.0509618436846848
1958,0.261606578115117,92.1231391819627,2,0.05046654846134
1959,0.25932953826692,92.1701112877584,2,0.051792080873893
1960,0.252751423149905,92.217083393554,2,0.0566554195500685
1961,0.248703352308665,92.2640554993496,2,0.0605250297463025
1962,0.239974699557242,92.3110276051453,2,0.0717318048704067
1963,0.226185958254269,92.3579997109409,2,0.100832123093257
1964,0.210120177103099,92.4049718167365,2,0.164826374268185
1965,0.189753320683112,92.4519439225322,2,0.331176233355141
1966,0.167109424414927,92.4989160283278,1,0.642599501105241
1967,0.149399114484503,92.5458881341234,1,0.857053699293406
1968,0.140290955091714,92.5928602399191,1,0.922537820791661
1969,0.143959519291588,92.6398323457147,1,0.899839491242992
1970,0.143200506008855,92.6868044515104,1,0.904922827082688
1971,0.146489563567362,92.733776557306,1,0.881355314631172
1972,0.14674256799494,92.7807486631016,1,0.879373326005357
1973,0.143200506008855,92.8277207688973,1,0.904922827082688
1974,0.144845034788109,92.8746928746929,1,0.893642838152272
1975,0.149399114484503,92.9216649804885,1,0.857053699293406
1976,0.15079063883618,92.9686370862842,1,0.844248056828124
1977,0.155091714104997,93.0156091920798,1,0.799820320222684
1978,0.15673624288425,93.0625812978754,1,0.780953049541244
1979,0.165591397849462,93.1095534036711,1,0.664444100622613
1980,0.17887413029728,93.1565255094667,2,0.470439328284566
1981,0.190259329538267,93.2034976152623,2,0.325528980481337
1982,0.19898798228969,93.250469721058,2,0.240832589198386
1983,0.211258697027198,93.2974418268536,2,0.158762976936572
1984,0.222264389626818,93.3444139326492,2,0.112737228775609
1985,0.220999367488931,93.3913860384449,2,0.117017322492764
1986,0.226818469323213,93.4383581442405,2,0.0990902670916827
1987,0.235926628716003,93.4853302500361,2,0.0785749799292063
1988,0.246805819101834,93.5323023558318,2,0.0626040002712965
1989,0.256925996204934,93.5792744616274,2,0.0533824525327496
1990,0.266413662239089,93.6262465674231,2,0.0481991828255715
1991,0.275774826059456,93.6732186732187,2,0.0456145445838315
1992,0.281340923466161,93.7201907790143,2,0.0451112691972438
1993,0.288045540796964,93.76716288481,2,0.0454805541789909
1994,0.292599620493359,93.8141349906056,2,0.0463499682009903
1995,0.299430740037951,93.8611070964012,2,0.0486606984031557
1996,0.303731815306768,93.9080792021969,2,0.0508000399792657
1997,0.306261859582543,93.9550513079925,2,0.0523340841223701
1998,0.307653383934219,94.0020234137881,2,0.0532717103834501
1999,0.309424414927261,94.0489955195838,2,0.0545670949178533
2000,0.310942441492726,94.0959676253794,2,0.0557729823975646
2001,0.312080961416825,94.142939731175,2,0.0567381364533882
2002,0.317773561037318,94.1899118369707,2,0.0624241437949404
2003,0.318912080961417,94.2368839427663,2,0.0637505263823549
2004,0.314864010120177,94.2838560485619,2,0.0593305116664141
2005,0.31359898798229,94.3308281543576,2,0.0581098779141119
2006,0.313219481340923,94.3778002601532,2,0.0577576107120499
2007,0.311195445920304,94.4247723659489,2,0.0559828733003789
2008,0.30651486401012,94.4717444717445,2,0.0524994685213561
2009,0.305755850727388,94.5187165775401,2,0.0520099784690475
2010,0.302087286527514,94.5656886833358,2,0.0499149528490658
2011,0.297406704617331,94.6126607891314,2,0.0478432993841685
2012,0.295129664769133,94.659632894927,2,0.0470594919424029
2013,0.294876660341556,94.7066050007227,2,0.0469810104946469
2014,0.296141682479443,94.7535771065183,2,0.0473904965236779
2015,0.296900695762176,94.8005492123139,2,0.047656911636916
2016,0.296141682479443,94.8475213181096,2,0.0473904965236779
2017,0.294750158127767,94.8944934239052,2,0.0469424048575723
2018,0.296141682479443,94.9414655297008,2,0.0473904965236779
2019,0.298418722327641,94.9884376354965,2,0.048237472509488
2020,0.299936748893106,95.0354097412921,2,0.0488834134046857
2021,0.298292220113852,95.0823818470877,2,0.0481866252425945
2022,0.294370651486401,95.1293539528834,2,0.0468291170317575
2023,0.289310562934851,95.176326058679,2,0.0456707817006844
2024,0.285768500948767,95.2232981644747,2,0.0452353782825049
2025,0.275521821631879,95.2702702702703,2,0.0456551176513982
2026,0.270082226438963,95.3172423760659,2,0.0469136438319369
2027,0.262239089184061,95.3642144818616,2,0.0501280837378813
2028,0.254901960784314,95.4111865876572,2,0.054884557150117
2029,0.249715370018975,95.4581586934528,2,0.0594879398741753
2030,0.246805819101834,95.5051307992485,2,0.0626040002712965
2031,0.245667299177736,95.5521029050441,2,0.0639398370224819
2032,0.245161290322581,95.5990750108397,2,0.0645557935865916
2033,0.248323845667299,95.6460471166354,2,0.06092655897973
2034,0.250347881087919,95.693019222431,2,0.0588640205489639
2035,0.254522454142947,95.7399913282266,2,0.0551836270698351
2036,0.259203036053131,95.7869634340223,2,0.0518707751544271
2037,0.261733080328906,95.8339355398179,2,0.0503978436041526
2038,0.262745098039216,95.8809076456135,2,0.0498663384552399
2039,0.262871600253004,95.9278797514092,2,0.0498021420532388
2040,0.262745098039216,95.9748518572048,2,0.0498663384552399
2041,0.268437697659709,96.0218239630004,2,0.0474446101626508
2042,0.273624288425047,96.0687960687961,2,0.0460095570345004
2043,0.277166350411132,96.1157681745917,2,0.0454191789751481
2044,0.279822896900696,96.1627402803874,2,0.0451753273135823
2045,0.284503478810879,96.209712386183,2,0.0451526083543105
2046,0.291208096141682,96.2566844919786,2,0.0460296807910721
2047,0.291714104996837,96.3036565977743,2,0.046140501595879
2048,0.289310562934851,96.3506287035699,2,0.0456707817006844
2049,0.285009487666034,96.3976008093655,2,0.0451811597136262
2050,0.277039848197343,96.4445729151612,2,0.0454350050676693
2051,0.273624288425047,96.4915450209568,2,0.0460095570345004
2052,0.273750790638836,96.5385171267524,2,0.0459831538847123
2053,0.272485768500949,96.5854892325481,2,0.0462652425370947
2054,0.274130297280202,96.6324613383437,2,0.0459063350919216
2055,0.276913345983555,96.6794334441393,2,0.0454512168194308
2056,0.276786843769766,96.726405549935,2,0.0454678146197916
2057,0.275774826059456,96.7733776557306,2,0.0456145445838315
2058,0.277292852624921,96.8203497615262,2,0.045403738161833
2059,0.278810879190386,96.8673218673219,2,0.0452483745191853
2060,0.276660341555977,96.9142939731175,2,0.0454847988674496
2061,0.276660341555977,96.9612660789132,2,0.0454847988674496
2062,0.277798861480076,97.0082381847088,2,0.0453458204255591
2063,0.277039848197343,97.0552102905044,2,0.0454350050676693
2064,0.27539531941809,97.1021823963001,2,0.0456759903655196
2065,0.273118279569892,97.1491545020957,2,0.0461191711317085
2066,0.272738772928526,97.1961266078913,2,0.0462056019597867
2067,0.269449715370019,97.243098713687,2,0.0471093170758051
2068,0.264895635673624,97.2900708194826,2,0.0488409604529665
2069,0.262618595825427,97.3370429252782,2,0.0499310292000458
2070,0.25831752055661,97.3840150310739,2,0.0524370049266227
2071,0.251106894370651,97.4309871368695,2,0.0581392580384762
2072,0.244528779253637,97.4779592426651,2,0.0653455555861906
2073,0.236432637571157,97.5249313484608,2,0.0776528160974535
2074,0.238709677419355,97.5719034542564,2,0.0737431158816993
2075,0.239848197343454,97.618875560052,2,0.071928001882808
2076,0.243010752688172,97.6658476658477,2,0.067333923033372
2077,0.246046805819102,97.7128197716433,2,0.063486941258126
2078,0.253130929791271,97.759791877439,2,0.05632927029975
2079,0.261986084756483,97.8067639832346,2,0.0502619551622537
2080,0.26831119544592,97.8537360890302,2,0.0474884656191627
2081,0.266540164452878,97.9007081948259,2,0.04814867614738
2082,0.266919671094244,97.9476803006215,2,0.0479998613828411
2083,0.268437697659709,97.9946524064171,2,0.0474446101626508
2084,0.268943706514864,98.0416245122128,2,0.0472735217829006
2085,0.268564199873498,98.0885966180084,2,0.04740118910834
2086,0.269955724225174,98.135568723804,2,0.0469519318524443
2087,0.277039848197343,98.1825408295997,2,0.0454350050676693
2088,0.284629981024668,98.2295129353953,2,0.0451591774585728
2089,0.288045540796964,98.2764850411909,2,0.0454805541789909
2090,0.293105629348514,98.3234571469866,2,0.0464786174982215
2091,0.29652118912081,98.3704292527822,2,0.047521740734505
2092,0.297912713472486,98.4174013585778,2,0.0480367942891092
2093,0.297659709044908,98.4643734643735,2,0.0479391537510686
2094,0.295635673624288,98.5113455701691,2,0.0472215625576579
2095,0.292220113851992,98.5583176759647,2,0.0462577651969094
2096,0.289057558507274,98.6052897817604,2,0.0456296209468269
2097,0.293358633776091,98.652261887556,2,0.046545404122787
2098,0.287919038583175,98.6992339933517,2,0.0454636657295961
2099,0.281846932321316,98.7462060991473,2,0.0451020181632397
2100,0.27741935483871,98.7931782049429,2,0.0453886822570006
2101,0.272991777356104,98.8401503107386,2,0.046147578341909
2102,0.272738772928526,98.8871224165342,2,0.0462056019597867
2103,0.277672359266287,98.9340945223298,2,0.0453597237363678
2104,0.282479443390259,98.9810666281255,2,0.045098952145104
2105,0.27944339025933,99.0280387339211,2,0.0451998687205756
2106,0.283238456672992,99.0750108397167,2,0.0451077346497918
2107,0.283997469955724,99.1219829455124,2,0.045130119373387
2108,0.27944339025933,99.168955051308,2,0.0451998687205756
2109,0.279190385831752,99.2159271571036,2,0.0452181294281694
2110,0.280075901328273,99.2628992628993,2,0.0451608638590257
2111,0.275648323845667,99.3098713686949,2,0.0456346358884765
2112,0.269702719797596,99.3568434744905,2,0.0470297759323005
2113,0.262365591397849,99.4038155802862,2,0.0500619002034256
2114,0.24819734345351,99.4507876860818,2,0.061061960124261
2115,0.232005060088552,99.4977597918775,2,0.0864425432426417
2116,0.216698292220114,99.5447318976731,2,0.133392269339262
2117,0.200632511068944,99.5917040034687,2,0.227495029681829
2118,0.187223276407337,99.6386761092644,2,0.360607319164545
2119,0.173940543959519,99.68564821506,1,0.541914061146703
2120,0.16078431372549,99.7326203208556,1,0.730481605002458
2121,0.152688172043011,99.7795924266513,1,0.825543861088755
2122,0.144845034788109,99.8265645324469,1,0.893642838152272
2123,0.137128399746996,99.8735366382425,1,0.938559151004382
2124,0.131815306767868,99.9205087440382,1,0.959176381300521
2125,0.128146742567995,99.9674808498338,1,0.969620030928507
2126,0.12258064516129,100.014452955629,1,0.980959137661428
2127,0.118153067678684,100.061425061425,1,0.987066889883322
2128,0.115749525616698,100.108397167221,1,0.98957212334591
2129,0.124857685009488,100.155369273016,1,0.976887767178683
2130,0.124857685009488,100.202341378812,1,0.976887767178683
2131,0.136116382036686,100.249313484608,1,0.943057578835721
2132,0.148260594560405,100.296285590403,1,0.866958978732642
2133,0.150158127767236,100.343257696199,1,0.850164396958314
2134,0.156230234029096,100.390229801995,1,0.786864917535937
2135,0.165338393421885,100.43720190779,1,0.668047605634954
2136,0.166223908918406,100.484174013586,1,0.655386457608673
2137,0.166982922201139,100.531146119381,1,0.64443317076074
2138,0.164958886780519,100.578118225177,1,0.673430529169489
2139,0.168627450980392,100.625090330973,1,0.620443189234138
2140,0.176723592662872,100.672062436768,1,0.501208576602647
2141,0.180518659076534,100.719034542564,2,0.447470988243984
2142,0.180771663504111,100.76600664836,2,0.443987205396362
2143,0.187729285262492,100.812978754155,2,0.354563834960938
2144,0.196710942441493,100.859950859951,2,0.260634614873391
2145,0.199367488931056,100.906922965747,2,0.237684078946263
2146,0.207969639468691,100.953895071542,2,0.177066604644357
2147,0.218595825426945,101.000867177338,2,0.12580372019441
2148,0.225553447185326,101.047839283133,2,0.102621295873708
2149,0.233396584440228,101.094811388929,2,0.0834985285767423
2150,0.241745730550285,101.141783494725,2,0.0690956396172313
2151,0.25022137887413,101.18875560052,2,0.0589873382598405
2152,0.254142947501581,101.235727706316,2,0.0554883666189797
2153,0.25932953826692,101.282699812112,2,0.051792080873893
2154,0.259835547122075,101.329671917907,2,0.0514827126063911
2155,0.263377609108159,101.376644023703,2,0.0495502679736553
2156,0.269702719797596,101.423616129498,2,0.0470297759323005
2157,0.274130297280202,101.470588235294,2,0.0459063350919216
2158,0.276660341555977,101.51756034109,2,0.0454847988674496
2159,0.277798861480076,101.564532446885,2,0.0453458204255591
2160,0.27944339025933,101.611504552681,2,0.0451998687205756
2161,0.280961416824794,101.658476658477,2,0.0451221752358204
2162,0.278684376976597,101.705448764272,2,0.0452592182480539
2163,0.278684376976597,101.752420870068,2,0.0452592182480539
2164,0.279316888045541,101.799392975864,2,0.045208808957659
2165,0.277039848197343,101.846365081659,2,0.0454350050676693
2166,0.270588235294118,101.893337187455,2,0.0467646968962968
2167,0.266034155597723,101.94030929325,2,0.0483534255600503
2168,0.265022137887413,101.987281399046,2,0.0487849328974002
2169,0.258064516129032,102.034253504842,2,0.0526037870179563
2170,0.257052498418722,102.081225610637,2,0.0532936303444688
2171,0.254648956356736,102.128197716433,2,0.0550833106151628
2172,0.250980392156863,102.175169822229,2,0.0582582649878122
2173,0.245287792536369,102.222141928024,2,0.0644004960440527
2174,0.239848197343454,102.26911403382,2,0.0719280018828079
2175,0.234029095509171,102.316086139616,2,0.0822171557509749
2176,0.229981024667932,102.363058245411,2,0.0910491813254677
2177,0.23111954459203,102.410030351207,2,0.088409142003283
2178,0.231625553447185,102.457002457002,2,0.0872762841438652
2179,0.233270082226439,102.503974562798,2,0.083758990496422
2180,0.235294117647059,102.550946668594,2,0.0797562457497463
2181,0.237824161922834,102.597918774389,2,0.07521806693073
2182,0.245287792536369,102.644890880185,2,0.0644004960440527
2183,0.252498418722328,102.691862985981,2,0.0568761892640968
2184,0.257811511701455,102.738835091776,2,0.0527728232089991
2185,0.258950031625553,102.785807197572,2,0.0520298003038277
2186,0.27337128399747,102.832779303368,2,0.0460635624737386
2187,0.281214421252372,102.879751409163,2,0.0451145265388334
2188,0.280581910183428,102.926723514959,2,0.0451364847568767
2189,0.280455407969639,102.973695620754,2,0.0451420114384052
2190,0.286654016445288,103.02066772655,2,0.0453159680265709
2191,0.289563567362429,103.067639832346,2,0.0457135077770557
2192,0.286780518659077,103.114611938141,2,0.0453290097194739
2193,0.288172043010753,103.161584043937,2,0.0454978293817471
2194,0.289690069576218,103.208556149733,2,0.0457354590911698
2195,0.288678051865908,103.255528255528,2,0.0455708061690658
2196,0.285009487666034,103.302500361324,2,0.0451811597136262
2197,0.282732447817837,103.34947246712,2,0.0451003689972119
2198,0.282858950031626,103.396444572915,2,0.0451016438676552
2199,0.283617963314358,103.443416678711,2,0.0451172258034994
2200,0.284123972169513,103.490388784506,2,0.0451351737814905
2201,0.287033523086654,103.537360890302,2,0.0453562427727532
2202,0.29044908285895,103.584332996098,2,0.0458754367528345
2203,0.293611638203669,103.631305101893,2,0.0466138406563655
2204,0.295256166982922,103.678277207689,2,0.0470993696673686
2205,0.297912713472486,103.725249313485,2,0.0480367942891092
2206,0.298165717900063,103.77222141928,2,0.0481362306096674
2207,0.293991144845035,103.819193525076,2,0.0467196036265216
2208,0.289310562934851,103.866165630872,2,0.0456707817006844
2209,0.291840607210626,103.913137736667,2,0.046169211753967
2210,0.289184060721063,103.960109842463,2,0.0456500059096712
2211,0.28741302972802,104.007081948258,2,0.0453999714911536
2212,0.285009487666034,104.054054054054,2,0.0451811597136262
2213,0.283997469955724,104.10102615985,2,0.045130119373387
2214,0.282226438962682,104.147998265645,2,0.0450990457134019
2215,0.278178368121442,104.194970371441,2,0.0453064103155785
2216,0.272865275142315,104.241942477237,2,0.0461763883856208
2217,0.263504111321948,104.288914583032,2,0.0494885194753796
2218,0.263251106894371,104.335886688828,2,0.0496125029215027
2219,0.261733080328906,104.382858794624,2,0.0503978436041526
2220,0.25831752055661,104.429830900419,2,0.0524370049266227
2221,0.254395951929159,104.476803006215,2,0.0552845734713588
2222,0.253004427577483,104.52377511201,2,0.0564373231519623
2223,0.254142947501581,104.570747217806,2,0.0554883666189797
2224,0.256040480708412,104.617719323602,2,0.0540206741590815
2225,0.256546489563567,104.664691429397,2,0.0536524290004692
2226,0.260594560404807,104.711663535193,2,0.0510346731222142
2227,0.267046173308033,104.758635640989,2,0.0479511541458121
2228,0.270841239721695,104.805607746784,2,0.0466927338592251
2229,0.270714737507906,104.85257985258,2,0.0467285069154565
2230,0.268058191018343,104.899551958376,2,0.0475774840464869
2231,0.263504111321948,104.946524064171,2,0.0494885194753796
2232,0.262239089184061,104.993496169967,2,0.0501280837378813
2233,0.263757115749526,105.040468275762,2,0.0493664756817618
2234,0.263757115749526,105.087440381558,2,0.0493664756817618
2235,0.264389626818469,105.134412487354,2,0.0490697728581878
2236,0.266793168880455,105.181384593149,2,0.0480490166534799
2237,0.272106261859583,105.228356698945,2,0.046357747879294
2238,0.276154332700822,105.275328804741,2,0.0455566086326658
2239,0.27337128399747,105.322300910536,2,0.0460635624737386
2240,0.269449715370019,105.369273016332,2,0.0471093170758051
2241,0.27235926628716,105.416245122127,2,0.0462956709840412
2242,0.275142314990512,105.463217227923,2,0.0457189106666418
2243,0.27843137254902,105.510189333719,2,0.0452820502994232
2244,0.281846932321316,105.557161439514,2,0.0451020181632397
2245,0.286654016445288,105.60413354531,2,0.0453159680265709
2246,0.289943074003795,105.651105651106,2,0.0457805409148478
2247,0.286021505376344,105.698077756901,2,0.0452564956623812
2248,0.281214421252372,105.745049862697,2,0.0451145265388334
2249,0.281087919038583,105.792021968493,2,0.0451181618560204
2250,0.27843137254902,105.838994074288,2,0.0452820502994232
2251,0.274256799493991,105.885966180084,2,0.0458815236528205
2252,0.270208728652751,105.932938285879,2,0.0468757772433182
2253,0.266413662239089,105.979910391675,2,0.0481991828255715
2254,0.262492093611638,106.026882497471,2,0.0499962159056802
2255,0.259582542694497,106.073854603266,2,0.0516363189125445
2256,0.257432005060089,106.120826709062,2,0.053030641779226
2257,0.25831752055661,106.167798814858,2,0.0524370049266227
2258,0.254142947501581,106.214770920653,2,0.0554883666189797
2259,0.248450347881088,106.261743026449,2,0.06079193926526
2260,0.242125237191651,106.308715132245,2,0.0685568117715531
2261,0.237318153067679,106.35568723804,2,0.0760865779721914
2262,0.233270082226439,106.402659343836,2,0.083758990496422
2263,0.230613535736875,106.449631449631,2,0.0895667009335148
2264,0.228842504743833,106.496603555427,2,0.0938203119393751
2265,0.229981024667932,106.543575661223,2,0.0910491813254677
2266,0.224414927261227,106.590547767018,2,0.105965045280705
2267,0.21808981657179,106.637519872814,2,0.127768930673486
2268,0.212776723592663,106.68449197861,2,0.151103137272248
2269,0.205313092979127,106.731464084405,2,0.193703285949056
2270,0.195192915876028,106.778436190201,2,0.27472184520264
2271,0.185325743200506,106.825408295997,2,0.383948536154113
2272,0.179000632511069,106.872380401792,2,0.468653721018273
2273,0.16382036685642,106.919352507588,1,0.68940485934312
2274,0.15673624288425,106.966324613383,1,0.780953049541244
2275,0.154585705249842,107.013296719179,1,0.805421361784461
2276,0.160278304870335,107.060268824975,1,0.737079990497708
2277,0.16584440227704,107.10724093077,1,0.660829199539764
2278,0.173308032890576,107.154213036566,1,0.551253612000415
2279,0.189626818469323,107.201185142362,2,0.332600622297461
2280,0.206957621758381,107.248157248157,2,0.183200157594448
2281,0.217963314358001,107.295129353953,2,0.128266760947705
2282,0.220366856419987,107.342101459749,2,0.11924431059555
2283,0.224035420619861,107.389073565544,2,0.107115889312309
2284,0.223655913978495,107.43604567134,2,0.108285338037831
2285,0.222770398481973,107.483017777135,2,0.111088042899006
2286,0.225553447185326,107.529989882931,2,0.102621295873708
2287,0.228716002530044,107.576961988727,2,0.0941365788639608
2288,0.230993042378242,107.623934094522,2,0.0886961958219587
2289,0.237318153067679,107.670906200318,2,0.0760865779721914
2290,0.235547122074636,107.717878306114,2,0.079279885291037
2291,0.237950664136622,107.764850411909,2,0.0750038873532372
2292,0.239848197343454,107.811822517705,2,0.071928001882808
2293,0.24022770398482,107.858794623501,2,0.0713426342880309
2294,0.245667299177736,107.905766729296,2,0.0639398370224819
2295,0.25224541429475,107.952738835092,2,0.0570996554334771
2296,0.25426944971537,107.999710940887,2,0.055386152441226
2297,0.255028462998102,108.046683046683,2,0.0547861149862024
2298,0.260594560404807,108.093655152479,2,0.0510346731222142
2299,0.266160657811512,108.140627258274,2,0.0483015562693239
2300,0.268184693232132,108.18759936407,2,0.0475327565520238
2301,0.269070208728653,108.234571469866,2,0.047231827816673
2302,0.272865275142315,108.281543575661,2,0.0461763883856208
2303,0.276786843769766,108.328515681457,2,0.0454678146197916
2304,0.277166350411132,108.375487787253,2,0.0454191789751481
2305,0.276154332700822,108.422459893048,2,0.0455566086326658
2306,0.275648323845667,108.469431998844,2,0.0456346358884765
2307,0.275521821631879,108.516404104639,2,0.0456551176513982
2308,0.274889310562935,108.563376210435,2,0.0457634009258308
2309,0.271853257432005,108.610348316231,2,0.0464214564736299
2310,0.265528146742568,108.657320422026,2,0.04856548319416
2311,0.256546489563567,108.704292527822,2,0.0536524290004692
2312,0.249841872232764,108.751264633618,2,0.0593616832323032
2313,0.242504743833017,108.798236739413,2,0.0680268816856045
2314,0.236812144212524,108.845208845209,2,0.0769742496481824
2315,0.230234029095509,108.892180951004,2,0.0904513936247431
2316,0.226312460468058,108.9391530568,2,0.100480005925504
2317,0.224920936116382,108.986125162596,2,0.104459032525443
2318,0.224541429475016,109.033097268391,2,0.105585515339212
2319,0.222517394054396,109.080069374187,2,0.111908237885259
2320,0.220493358633776,109.127041479983,2,0.11879416536945
2321,0.21707779886148,109.174013585778,2,0.131826143796342
2322,0.215306767868438,109.220985691574,2,0.13935078942104
2323,0.214421252371917,109.26795779737,2,0.143325422008013
2324,0.21302972802024,109.314929903165,2,0.149872087398633
2325,0.208728652751423,109.361902008961,2,0.17262563818547
2326,0.198355471220746,109.408874114756,2,0.246175615770549
2327,0.183807716635041,109.455846220552,2,0.403362085950398
2328,0.173940543959519,109.502818326348,1,0.541914061146703
2329,0.162428842504744,109.549790432143,1,0.708529719777392
2330,0.149272612270715,109.596762537939,1,0.858179645802331
2331,0.140037950664137,109.643734643735,1,0.923934859929721
2332,0.141808981657179,109.69070674953,1,0.913709843648932
2333,0.147248576850095,109.737678855326,1,0.875335067749725
2334,0.152308665401645,109.784650961122,1,0.829398986290278
2335,0.165085388994307,109.831623066917,1,0.671639272288714
2336,0.178494623655914,109.878595172713,2,0.475813631447649
2337,0.18292220113852,109.925567278508,2,0.414973918970802
2338,0.187602783048703,109.972539384304,2,0.356067432349252
2339,0.192536369386464,110.0195114901,2,0.30111922256442
2340,0.194180898165718,110.066483595895,2,0.284514536766209
2341,0.193674889310563,110.113455701691,2,0.289532242852059
2342,0.196204933586338,110.160427807487,2,0.265250655471458
2343,0.201897533206831,110.207399913282,2,0.217767399712025
2344,0.20607210626186,110.254372019078,2,0.188771618058702
2345,0.213535736875395,110.301344124874,2,0.147448006409404
2346,0.217204301075269,110.348316230669,2,0.131309578576153
2347,0.222517394054396,110.395288336465,2,0.111908237885259
2348,0.227197975964579,110.44226044226,2,0.0980673580427217
2349,0.231625553447185,110.489232548056,2,0.0872762841438652
2350,0.237444655281467,110.536204653852,2,0.075867669212655
2351,0.244528779253637,110.583176759647,2,0.0653455555861906
2352,0.250094876660342,110.630148865443,2,0.0591113857472277
2353,0.250600885515497,110.677120971239,2,0.0586195614041617
2354,0.250853889943074,110.724093077034,2,0.0583779824195547
2355,0.251486401012018,110.77106518283,2,0.0577864687622937
2356,0.255660974067046,110.818037288626,2,0.0543031483710133
2357,0.263377609108159,110.865009394421,2,0.0495502679736553
2358,0.264263124604681,110.911981500217,2,0.0491281586032661
2359,0.264516129032258,110.958953606012,2,0.0490118616026292
2360,0.267172675521822,111.005925711808,2,0.0479028937438965
2361,0.269070208728653,111.052897817604,2,0.047231827816673
2362,0.271726755218216,111.099869923399,2,0.0464539245823821
2363,0.270461733080329,111.146842029195,2,0.0468013046821907
2364,0.270461733080329,111.193814134991,2,0.0468013046821907
2365,0.272865275142315,111.240786240786,2,0.0461763883856208
2366,0.271094244149273,111.287758346582,2,0.0466224350509891
2367,0.27033523086654,111.334730452378,2,0.0468383311640566
2368,0.274003795066414,111.381702558173,2,0.045931543536412
2369,0.268817204301075,111.428674663969,2,0.0473156459650228
2370,0.269702719797596,111.475646769764,2,0.0470297759323005
2371,0.269829222011385,111.52261887556,2,0.0469906422379751
2372,0.26831119544592,111.569590981356,2,0.0474884656191627
2373,0.265401644528779,111.616563087151,2,0.0486196492707742
2374,0.264136622390892,111.663535192947,2,0.0491870202885875
2375,0.264136622390892,111.710507298743,2,0.0491870202885875
2376,0.264769133459836,111.757479404538,2,0.0488974568196052
2377,0.262112586970272,111.804451510334,2,0.0501947681670214
2378,0.261480075901328,111.85142361613,2,0.0505357627057825
2379,0.26135357368754,111.898395721925,2,0.0506054880769559
2380,0.260847564832385,111.945367827721,2,0.0508895361026585
2381,0.260215053763441,111.992339933516,2,0.0512563110128188
2382,0.258697027197976,112.039312039312,2,0.0521910210643519
2383,0.256672991777356,112.086284145108,2,0.0535618495574292
2384,0.253510436432638,112.133256250903,2,0.0560090592851798
2385,0.254775458570525,112.180228356699,2,0.0549836215038104
2386,0.252498418722328,112.227200462495,2,0.0568761892640968
2387,0.248956356736243,112.27417256829,2,0.0602612030359223
2388,0.247058823529412,112.321144674086,2,0.062316340429537
2389,0.246173308032891,112.368116779882,2,0.0633376820445288
2390,0.241366223908918,112.415088885677,2,0.0696434986705155
2391,0.231752055660974,112.462060991473,2,0.0869968691413597
2392,0.221631878557875,112.509033097268,2,0.114848784953544
2393,0.214168247944339,112.556005203064,2,0.144487992464983
2394,0.206578115117015,112.60297730886,2,0.185564208736826
2395,0.199367488931056,112.649949414655,2,0.237684078946263
2396,0.193042378241619,112.696921520451,2,0.295918596041682
2397,0.190259329538267,112.743893626247,2,0.325528980481337
2398,0.187476280834915,112.790865732042,2,0.357575887716307
2399,0.186843769765971,112.837837837838,2,0.365190558050864
2400,0.188741302972802,112.884809943633,2,0.34271139841265
2401,0.186843769765971,112.931782049429,2,0.365190558050864
2402,0.180771663504111,112.978754155225,2,0.443987205396362
2403,0.174193548387097,113.02572626102,1,0.538184857373387
2404,0.169765970904491,113.072698366816,1,0.603682362083751
2405,0.166097406704617,113.119670472612,1,0.657203348687938
2406,0.163693864642631,113.166642578407,1,0.691162485071832
2407,0.164199873497786,113.213614684203,1,0.684110595066964
2408,0.165970904490829,113.260586789999,1,0.659017614790631
2409,0.167109424414927,113.307558895794,1,0.642599501105241
2410,0.172802024035421,113.35453100159,1,0.558738547393903
2411,0.181024667931689,113.401503107385,2,0.440517565495949
2412,0.191524351676154,113.448475213181,2,0.311764785456615
2413,0.199367488931056,113.495447318977,2,0.237684078946263
2414,0.203795066413662,113.542419424772,2,0.20401246244344
2415,0.206198608475648,113.589391530568,2,0.187963790849892
2416,0.207337128399747,113.636363636364,2,0.180871227101875
2417,0.203542061986085,113.683335742159,2,0.205789829397205
2418,0.195825426944972,113.730307847955,2,0.268764868597104
2419,0.192789373814042,113.777279953751,2,0.298508731168055
2420,0.197090449082859,113.824252059546,2,0.257224496656875
2421,0.196584440227704,113.871224165342,2,0.261781192965072
2422,0.191903858317521,113.918196271137,2,0.307734532497943
2423,0.192283364958887,113.965168376933,2,0.303750075414991
2424,0.197722960151803,114.012140482729,2,0.251639173070798
2425,0.2,114.059112588524,2,0.232531102555782
2426,0.208222643896268,114.10608469432,2,0.175571324415986
2427,0.217204301075269,114.153056800116,2,0.131309578576153
2428,0.223276407337128,114.200028905911,2,0.109473682001034
2429,0.224541429475016,114.247001011707,2,0.105585515339212
2430,0.225553447185326,114.293973117503,2,0.102621295873708
2431,0.229222011385199,114.340945223298,2,0.0928816522920116
2432,0.232764073371284,114.387917329094,2,0.0848150400467317
2433,0.250980392156863,114.434889434889,2,0.0582582649878122
2434,0.260721062618596,114.481861540685,2,0.0509618436846848
2435,0.271220746363061,114.528833646481,2,0.0465879075901818
2436,0.27539531941809,114.575805752276,2,0.0456759903655196
2437,0.276913345983555,114.622777858072,2,0.0454512168194308
2438,0.281214421252372,114.669749963868,2,0.0451145265388334
2439,0.287919038583175,114.716722069663,2,0.0454636657295961
2440,0.29146110056926,114.763694175459,2,0.0460842885822024
2441,0.297027197975965,114.810666281255,2,0.0477028463322904
2442,0.295382669196711,114.85763838705,2,0.0471396733537762
2443,0.295003162555345,114.904610492846,2,0.047020039205659
2444,0.297786211258697,114.951582598641,2,0.0479877501523136
2445,0.298418722327641,114.998554704437,2,0.048237472509488
2446,0.297280202403542,115.045526810233,2,0.0477960390616892
2447,0.296394686907021,115.092498916028,2,0.0474775578122187
2448,0.297786211258697,115.139471021824,2,0.0479877501523136
2449,0.296774193548387,115.18644312762,2,0.0476114165476359
2450,0.295129664769133,115.233415233415,2,0.0470594919424029
2451,0.291587602783049,115.280387339211,2,0.0461121941001392
2452,0.289563567362429,115.327359445007,2,0.0457135077770557
2453,0.290828589500316,115.374331550802,2,0.0459507673926952
2454,0.292979127134725,115.421303656598,2,0.0464458408689525
2455,0.296394686907021,115.468275762393,2,0.0474775578122187
2456,0.298292220113852,115.515247868189,2,0.0481866252425945
2457,0.302972802024035,115.562219973985,2,0.050380897277299
2458,0.302972802024035,115.60919207978,2,0.050380897277299
2459,0.30246679316888,115.656164185576,2,0.0501116370193877
2460,0.301707779886148,115.703136291372,2,0.0497227287860892
2461,0.297912713472486,115.750108397167,2,0.0480367942891092
2462,0.293864642631246,115.797080502963,2,0.0466839337481758
2463,0.293105629348514,115.844052608759,2,0.0464786174982215
2464,0.295003162555345,115.891024714554,2,0.047020039205659
2465,0.29652118912081,115.93799682035,2,0.047521740734505
2466,0.297659709044908,115.984968926145,2,0.0479391537510686
2467,0.293864642631246,116.031941031941,2,0.0466839337481758
2468,0.287160025300443,116.078913137737,2,0.0453704347865145
2469,0.280961416824794,116.125885243532,2,0.0451221752358204
2470,0.276027830487034,116.172857349328,2,0.0455755314251431
2471,0.271600253004428,116.219829455124,2,0.0464868029455369
2472,0.268943706514864,116.266801560919,2,0.0472735217829006
2473,0.265907653383934,116.313773666715,2,0.0484057515997868
2474,0.264010120177103,116.36074577251,2,0.0492463593774223
2475,0.2573055028463,116.407717878306,2,0.0531177272221168
2476,0.253383934218849,116.454689984102,2,0.0561151411630883
2477,0.257432005060089,116.501662089897,2,0.053030641779226
2478,0.262112586970272,116.548634195693,2,0.0501947681670214
2479,0.263757115749526,116.595606301489,2,0.0493664756817618
2480,0.268564199873498,116.642578407284,2,0.04740118910834
2481,0.272106261859583,116.68955051308,2,0.046357747879294
2482,0.276280834914611,116.736522618876,2,0.0455380744215641
2483,0.282732447817837,116.783494724671,2,0.0451003689972119
2484,0.288804554079696,116.830466830467,2,0.0455900215528632
2485,0.291714104996837,116.877438936262,2,0.046140501595879
2486,0.29449715370019,116.924411042058,2,0.0468664590513343
2487,0.295762175838077,116.971383147854,2,0.0472631500755381
2488,0.296647691334598,117.018355253649,2,0.0475663599484337
2489,0.300316255534472,117.065327359445,2,0.0490553784404172
2490,0.302340290955092,117.112299465241,2,0.0500455773484397
2491,0.304870335230867,117.159271571036,2,0.0514638303095431
2492,0.304364326375712,117.206243676832,2,0.0511635489108878
2493,0.305123339658444,117.253215782628,2,0.0516171706215329
2494,0.305123339658444,117.300187888423,2,0.0516171706215329
2495,0.303984819734345,117.347159994219,2,0.0509438774966705
2496,0.301328273244782,117.394132100014,2,0.0495349215867985
2497,0.309297912713473,117.44110420581,2,0.0544706559998861
2498,0.309930423782416,117.488076311606,2,0.0549590154987795
2499,0.30955091714105,117.535048417401,2,0.0546641478072284
2500,0.308791903858318,117.582020523197,2,0.0540909904346839
2501,0.307400379506641,117.628992628993,2,0.0530960940279593
2502,0.305755850727388,117.675964734788,2,0.0520099784690475
2503,0.303984819734345,117.722936840584,2,0.0509438774966705
2504,0.30347881087919,117.76990894638,2,0.0506582735843359
2505,0.293864642631246,117.816881052175,2,0.0466839337481758
2506,0.29044908285895,117.863853157971,2,0.0458754367528345
2507,0.285009487666034,117.910825263766,2,0.0451811597136262
2508,0.280708412397217,117.957797369562,2,0.0451313365765927
2509,0.280328905755851,118.004769475358,2,0.0451479167534977
2510,0.280075901328273,118.051741581153,2,0.0451608638590257
2511,0.27539531941809,118.098713686949,2,0.0456759903655196
2512,0.270082226438963,118.145685792745,2,0.0469136438319369
2513,0.269196710942442,118.19265789854,2,0.0471905630471481
2514,0.263377609108159,118.239630004336,2,0.0495502679736553
2515,0.258444022770398,118.286602110132,2,0.0523544538400509
2516,0.253510436432638,118.333574215927,2,0.0560090592851798
2517,0.247311827956989,118.380546321723,2,0.0620319555217999
2518,0.246552814674257,118.427518427518,2,0.0628949660359774
2519,0.24920936116382,118.474490533314,2,0.0600004309663163
2520,0.247058823529412,118.52146263911,2,0.062316340429537
2521,0.256419987349779,118.568434744905,2,0.0537435988291902
2522,0.267172675521822,118.615406850701,2,0.0479028937438965
2523,0.280581910183428,118.662378956497,2,0.0451364847568767
2524,0.287286527514232,118.709351062292,2,0.0453850109093675
2525,0.290828589500316,118.756323168088,2,0.0459507673926952
2526,0.291587602783049,118.803295273884,2,0.0461121941001392
2527,0.293358633776091,118.850267379679,2,0.046545404122787
2528,0.292852624920936,118.897239485475,2,0.0464134742979826
2529,0.293105629348514,118.94421159127,2,0.0464786174982215
2530,0.293358633776091,118.991183697066,2,0.046545404122787
2531,0.295382669196711,119.038155802862,2,0.0471396733537762
2532,0.2955091714105,119.085127908657,2,0.0471804039856109
2533,0.295762175838077,119.132100014453,2,0.0472631500755381
2534,0.296774193548387,119.179072120249,2,0.0476114165476359
2535,0.298165717900063,119.226044226044,2,0.0481362306096674
2536,0.300189753320683,119.27301633184,2,0.0489975845392469
2537,0.300316255534472,119.319988437636,2,0.0490553784404172
2538,0.299683744465528,119.366960543431,2,0.0487711217376354
2539,0.296394686907021,119.413932649227,2,0.0474775578122187
2540,0.289310562934851,119.460904755022,2,0.0456707817006844
2541,0.281846932321316,119.507876860818,2,0.0451020181632397
2542,0.276786843769766,119.554848966614,2,0.0454678146197916
2543,0.276533839342189,119.601821072409,2,0.0455021699704552
2544,0.278557874762808,119.648793178205,2,0.0452704434184324
2545,0.281973434535104,119.695765284001,2,0.0451006497110626
2546,0.280075901328273,119.742737389796,2,0.0451608638590257
2547,0.279063883617963,119.789709495592,2,0.0452278303554289
2548,0.276913345983555,119.836681601387,2,0.0454512168194308
2549,0.274130297280202,119.883653707183,2,0.0459063350919216
2550,0.269955724225174,119.930625812979,2,0.0469519318524443
2551,0.265781151170146,119.977597918774,2,0.0484585356806844
2552,0.261986084756483,120.02457002457,2,0.0502619551622537
2553,0.252877925363694,120.071542130366,2,0.0565460386206518
2554,0.247185325743201,120.118514236161,2,0.0621737405304853
2555,0.239468690702087,120.165486341957,2,0.0725231051685979
2556,0.235294117647059,120.212458447753,2,0.0797562457497463
2557,0.233776091081594,120.259430553548,2,0.0827255464862003
2558,0.233396584440228,120.306402659344,2,0.0834985285767423
2559,0.231752055660974,120.353374765139,2,0.0869968691413597
2560,0.229222011385199,120.400346870935,2,0.0928816522920116
2561,0.2382036685642,120.447318976731,2,0.0745790240714822
2562,0.236306135357369,120.494291082526,2,0.0778814790446752
2563,0.233270082226439,120.541263188322,2,0.083758990496422
2564,0.229728020240354,120.588235294118,2,0.091653441525749
2565,0.227830487033523,120.635207399913,2,0.0963986900181251
2566,0.228336495888678,120.682179505709,2,0.0950956452224554
2567,0.229981024667932,120.729151611505,2,0.0910491813254677
2568,0.232384566729918,120.7761237173,2,0.0856221978638867
2569,0.23921568627451,120.823095823096,2,0.0729253226850442
2570,0.242884250474383,120.870067928891,2,0.0675057183101059
2571,0.243896268184693,120.917040034687,2,0.0661578374943992
2572,0.246805819101834,120.964012140483,2,0.0626040002712965
2573,0.254016445287793,121.010984246278,2,0.0555912186623056
2574,0.258823529411765,121.057956352074,2,0.0521101352131472
2575,0.262112586970272,121.10492845787,2,0.0501947681670213
2576,0.267046173308033,121.151900563665,2,0.0479511541458121
2577,0.273877292852625,121.198872669461,2,0.0459571495946415
2578,0.276280834914611,121.245844775257,2,0.0455380744215641
2579,0.280961416824794,121.292816881052,2,0.0451221752358204
2580,0.284503478810879,121.339788986848,2,0.0451526083543105
2581,0.283238456672992,121.386761092643,2,0.0451077346497918
2582,0.280708412397217,121.433733198439,2,0.0451313365765927
2583,0.281214421252372,121.480705304235,2,0.0451145265388334
2584,0.283870967741935,121.52767741003,2,0.0451254433141378
2585,0.283870967741935,121.574649515826,2,0.0451254433141378
2586,0.284123972169513,121.621621621622,2,0.0451351737814905
2587,0.284503478810879,121.668593727417,2,0.0451526083543105
2588,0.284503478810879,121.715565833213,2,0.0451526083543105
2589,0.283364958886781,121.762537939009,2,0.0451105204627424
2590,0.280708412397217,121.809510044804,2,0.0451313365765927
2591,0.276660341555977,121.8564821506,2,0.0454847988674496
2592,0.27337128399747,121.903454256395,2,0.0460635624737386
2593,0.264136622390892,121.950426362191,2,0.0491870202885875
2594,0.260974067046173,121.997398467987,2,0.0508177485529393
2595,0.258950031625553,122.044370573782,2,0.0520298003038277
2596,0.255660974067046,122.091342679578,2,0.0543031483710133
2597,0.248829854522454,122.138314785374,2,0.0603927328090074
2598,0.244908285895003,122.185286891169,2,0.0648690307259244
2599,0.240986717267552,122.232258996965,2,0.0702005248136832
2600,0.236306135357369,122.279231102761,2,0.0778814790446752
2601,0.232384566729918,122.326203208556,2,0.0856221978638867
2602,0.228083491461101,122.373175314352,2,0.0957436673832391
2603,0.219987349778621,122.420147420147,2,0.12060918248017
2604,0.212650221378874,122.467119525943,2,0.151723465716885
2605,0.206198608475648,122.514091631739,2,0.187963790849892
2606,0.200759013282732,122.561063737534,2,0.226501709853363
2607,0.196837444655281,122.60803584333,2,0.259492978287674
2608,0.194180898165718,122.655007949126,2,0.284514536766209
2609,0.19696394686907,122.701980054921,2,0.258356275009135
2610,0.197722960151803,122.748952160717,2,0.251639173070798
2611,0.199746995572423,122.795924266513,2,0.234578181212608
2612,0.20202403542062,122.842896372308,2,0.216819522255283
2613,0.202403542061986,122.889868478104,2,0.214002664062937
2614,0.194433902593295,122.936840583899,2,0.282036073857719
2615,0.180139152435168,122.983812689695,2,0.452722534781821
2616,0.169765970904491,123.030784795491,1,0.603682362083751
2617,0.162681846932321,123.077756901286,1,0.705087862888687
2618,0.150917141049968,123.124729007082,1,0.843045657698077
2619,0.144212523719165,123.171701112878,1,0.898098502362297
2620,0.144592030360531,123.218673218673,1,0.895442881434938
2621,0.144339025932954,123.265645324469,1,0.897219198157381
2622,0.147881087919039,123.312617430265,1,0.870147044442973
2623,0.154965211891208,123.35958953606,1,0.801229725883782
2624,0.158001265022138,123.406561641856,1,0.765771908661158
2625,0.149525616698292,123.453533747651,1,0.85592139570357
2626,0.138140417457306,123.500505853447,1,0.933765036765337
2627,0.11562302340291,123.547477959243,1,0.989690669488029
2628,0.0923466160657812,123.594450065038,1,0.998930342172123
2629,0.072865275142315,123.641422170834,1,0.999873054314558
2630,0.047944339025933,123.68839427663,1,0.999993870698033
2631,0.0250474383301708,123.735366382425,1,0.999999719590761
2632,0.0131562302340291,123.782338488221,1,0.999999949550163
2633,0.0154332700822264,123.829310594016,1,0.999999929512668
2634,0.0150537634408602,123.876282699812,1,0.999999933321134
2635,0.0117647058823529,123.923254805608,1,0.999999958933498
2636,0.0110056925996205,123.970226911403,1,0.99999996331022
2637,0.0115117014547755,124.017199017199,1,0.999999960446152
2638,0.0118912080961417,124.064171122995,1,0.999999958156165
2639,0.0111321948134092,124.11114322879,1,0.999999962613765
2640,0.0135357368753953,124.158115334586,1,0.999999946647595
2641,0.0191018342820999,124.205087440382,1,0.99999987990306
2642,0.0207463630613536,124.252059546177,1,0.999999847863732
2643,0.028842504743833,124.299031651973,1,0.999999523070804
2644,0.0404807084123972,124.346003757768,1,0.999997685562969
2645,0.0609740670461733,124.392975863564,1,0.999968808880831
2646,0.0929791271347249,124.43994796936,1,0.998857737892407
2647,0.128526249209361,124.486920075155,1,0.968662231530539
2648,0.155218216318786,124.533892180951,1,0.798404846738273
2649,0.184187223276407,124.580864286747,2,0.398449264957982
2650,0.202656546489564,124.627836392542,2,0.212146933726822
2651,0.220999367488931,124.674808498338,2,0.117017322492764
2652,0.230487033523087,124.721780604134,2,0.089860011099791
2653,0.236053130929791,124.768752709929,2,0.0783425545017892
2654,0.244655281467426,124.815724815725,2,0.0651858190114671
2655,0.252751423149905,124.86269692152,2,0.0566554195500685
2656,0.254648956356736,124.909669027316,2,0.0550833106151628
2657,0.258444022770398,124.956641133112,2,0.0523544538400509
2658,0.259582542694497,125.003613238907,2,0.0516363189125445
2659,0.260215053763441,125.050585344703,2,0.0512563110128188
2660,0.260088551549652,125.097557450499,2,0.0513312463888273
2661,0.262871600253004,125.144529556294,2,0.0498021420532388
2662,0.265401644528779,125.19150166209,2,0.0486196492707742
2663,0.261227071473751,125.238473767886,2,0.0506757263281323
2664,0.254901960784314,125.285445873681,2,0.054884557150117
2665,0.243516761543327,125.332417979477,2,0.0666562458000883
2666,0.226185958254269,125.379390085272,2,0.100832123093257
2667,0.202656546489564,125.426362191068,2,0.212146933726822
2668,0.185199240986717,125.473334296864,2,0.385541783207808
2669,0.176470588235294,125.520306402659,1,0.504874045472292
2670,0.172296015180266,125.567278508455,1,0.566231340415731
2671,0.170904490828589,125.614250614251,1,0.586846668218829
2672,0.172169512966477,125.661222720046,1,0.568105333300706
2673,0.173940543959519,125.708194825842,1,0.541914061146703
2674,0.169133459835547,125.755166931638,1,0.613005960612808
2675,0.163187855787476,125.802139037433,1,0.698155980379901
2676,0.154206198608476,125.849111143229,1,0.809557782925607
2677,0.140923466160658,125.896083249024,1,0.918953294117835
2678,0.129917773561037,125.94305535482,1,0.964917087209581
2679,0.128020240354206,125.990027460616,1,0.969933461994499
2680,0.132827324478178,126.036999566411,1,0.955791109876141
2681,0.139405439595193,126.083971672207,1,0.927337170119732
2682,0.150537634408602,126.130943778003,1,0.846633723926128
2683,0.154712207463631,126.177915883798,1,0.804030263540858
2684,0.145224541429475,126.224887989594,1,0.890897991818182
2685,0.135357368753953,126.27186009539,1,0.946245101067742
2686,0.128526249209361,126.318832201185,1,0.968662231530539
2687,0.118785578747628,126.365804306981,1,0.986321351803122
2688,0.108665401644529,126.412776412776,1,0.99458561165524
2689,0.125743200506009,126.459748518572,1,0.97510316790011
2690,0.131562302340291,126.506720624368,1,0.959986488733082
2691,0.136748893105629,126.553692730163,1,0.94028002212243
2692,0.141049968374447,126.600664835959,1,0.918220444982438
2693,0.141808981657179,126.647636941755,1,0.913709843648932
2694,0.135230866540164,126.69460904755,1,0.946761271307784
2695,0.134471853257432,126.741581153346,1,0.949770086384085
2696,0.141429475015813,126.788553259142,1,0.915989600984213
2697,0.146236559139785,126.835525364937,1,0.88331267407121
2698,0.150411132194813,126.882497470733,1,0.847816991476625
2699,0.158254269449715,126.929469576528,1,0.762668612089435
2700,0.168121442125237,126.976441682324,1,0.627857045698625
2701,0.175332068311195,127.02341378812,1,0.521464798768806
2702,0.186590765338393,127.070385893915,2,0.368269938979829
2703,0.201391524351676,127.117357999711,2,0.221603892460502
2704,0.214547754585705,127.164330105507,2,0.142748672814756
2705,0.221378874130297,127.211302211302,2,0.115709280623949
2706,0.225806451612903,127.258274317098,2,0.101899869612338
2707,0.231246046805819,127.305246422894,2,0.0881236319474364
2708,0.234282099936749,127.352218528689,2,0.0817142427177769
2709,0.235547122074636,127.399190634485,2,0.079279885291037
2710,0.236306135357369,127.44616274028,2,0.0778814790446752
2711,0.238709677419355,127.493134846076,2,0.0737431158816993
2712,0.24022770398482,127.540106951872,2,0.0713426342880309
2713,0.23617963314358,127.587079057667,2,0.0781113896993552
2714,0.234914611005693,127.634051163463,2,0.0804805554314579
2715,0.234788108791904,127.681023269259,2,0.0807246241330785
2716,0.23617963314358,127.727995375054,2,0.0781113896993552
2717,0.236053130929791,127.77496748085,2,0.0783425545017892
2718,0.234282099936749,127.821939586645,2,0.0817142427177769
2719,0.233776091081594,127.868911692441,2,0.0827255464862004
2720,0.235800126502214,127.915883798237,2,0.0788086724959299
2721,0.231625553447185,127.962855904032,2,0.0872762841438652
2722,0.232005060088552,128.009828009828,2,0.0864425432426417
2723,0.232258064516129,128.056800115624,2,0.0858941708391143
2724,0.230866540164453,128.103772221419,2,0.0889848014895906
2725,0.230360531309298,128.150744327215,2,0.0901549058952863
2726,0.228336495888678,128.197716433011,2,0.0950956452224554
2727,0.227830487033523,128.244688538806,2,0.0963986900181251
2728,0.228716002530044,128.291660644602,2,0.0941365788639608
2729,0.226438962681847,128.338632750397,2,0.100129771500917
2730,0.224667931688805,128.385604856193,2,0.105208010201173
2731,0.222264389626818,128.432576961989,2,0.112737228775609
2732,0.216571790006325,128.479549067784,2,0.133919832554427
2733,0.211764705882353,128.52652117358,2,0.156156804635019
2734,0.208855154965212,128.573493279376,2,0.171898476302772
2735,0.207843137254902,128.620465385171,2,0.177819907515213
2736,0.208602150537634,128.667437490967,2,0.173356488662636
2737,0.218722327640734,128.714409596763,2,0.125318880755131
2738,0.228336495888678,128.761381702558,2,0.0950956452224554
2739,0.241998734977862,128.808353808354,2,0.0687354258731535
2740,0.253889943074004,128.855325914149,2,0.0556947112471234
2741,0.263757115749526,128.902298019945,2,0.0493664756817618
2742,0.27235926628716,128.949270125741,2,0.0462956709840412
2743,0.277672359266287,128.996242231536,2,0.0453597237363678
2744,0.278557874762808,129.043214337332,2,0.0452704434184324
2745,0.2764073371284,129.090186443128,2,0.0455199283462266
2746,0.271220746363061,129.137158548923,2,0.0465879075901818
2747,0.265781151170146,129.184130654719,2,0.0484585356806844
2748,0.260721062618596,129.231102760515,2,0.0509618436846848
2749,0.255534471853257,129.27807486631,2,0.054398517488098
2750,0.248070841239722,129.325046972106,2,0.0611981463227275
2751,0.241998734977862,129.372019077901,2,0.0687354258731535
2752,0.239468690702087,129.418991183697,2,0.0725231051685979
2753,0.236432637571157,129.465963289493,2,0.0776528160974535
2754,0.235926628716003,129.512935395288,2,0.0785749799292063
2755,0.240480708412397,129.559907501084,2,0.0709577257442429
2756,0.246552814674257,129.60687960688,2,0.0628949660359774
2757,0.247817836812144,129.653851712675,2,0.0614728884930962
2758,0.248829854522454,129.700823818471,2,0.0603927328090074
2759,0.247058823529412,129.747795924267,2,0.062316340429537
2760,0.241619228336496,129.794768030062,2,0.0692772491743479
2761,0.24022770398482,129.841740135858,2,0.0713426342880309
2762,0.238583175205566,129.888712241653,2,0.0739503802465858
2763,0.235800126502214,129.935684347449,2,0.0788086724959299
2764,0.236559139784946,129.982656453245,2,0.0774253944541657
2765,0.240607210626186,130.02962855904,2,0.0707668563995645
2766,0.242378241619228,130.076600664836,2,0.0682025445460425
2767,0.237697659709045,130.123572770632,2,0.0754334197541809
2768,0.230234029095509,130.170544876427,2,0.0904513936247431
2769,0.222896900695762,130.217516982223,2,0.110681215758148
2770,0.216192283364959,130.264489088019,2,0.1355192754477
2771,0.207969639468691,130.311461193814,2,0.177066604644357
2772,0.202909550917141,130.35843329961,2,0.210308814547514
2773,0.200253004427577,130.405405405405,2,0.230502729269608
2774,0.202656546489564,130.452377511201,2,0.212146933726822
2775,0.208475648323846,130.499349616997,2,0.174091043008297
2776,0.213788741302973,130.546321722792,2,0.146254742572836
2777,0.218848829854522,130.593293828588,2,0.124836600963591
2778,0.22112586970272,130.640265934384,2,0.116578986399914
2779,0.220999367488931,130.687238040179,2,0.117017322492764
2780,0.216192283364959,130.734210145975,2,0.1355192754477
2781,0.211132194813409,130.781182251771,2,0.159422945896874
2782,0.208475648323846,130.828154357566,2,0.174091043008297
2783,0.206451612903226,130.875126463362,2,0.186360101328159
2784,0.203162555344719,130.922098569157,2,0.208488194757059
2785,0.198734977862113,130.969070674953,2,0.242955419181484
2786,0.200632511068944,131.016042780749,2,0.227495029681829
2787,0.202530044275775,131.063014886544,2,0.213072590557002
2788,0.206198608475648,131.10998699234,2,0.187963790849892
2789,0.212144212523719,131.156959098136,2,0.154237145951722
2790,0.218595825426945,131.203931203931,2,0.12580372019441
2791,0.225426944971537,131.250903309727,2,0.102984917653968
2792,0.229981024667932,131.297875415522,2,0.0910491813254677
2793,0.226438962681847,131.344847521318,2,0.100129771500917
2794,0.227071473750791,131.391819627114,2,0.0984064997834629
2795,0.228462998102467,131.438791732909,2,0.094774236546689
2796,0.229981024667932,131.485763838705,2,0.0910491813254677
2797,0.231499051233397,131.532735944501,2,0.0875572109959615
2798,0.230487033523087,131.579708050296,2,0.089860011099791
2799,0.228462998102467,131.626680156092,2,0.094774236546689
2800,0.227071473750791,131.673652261888,2,0.0984064997834629
2801,0.232637571157495,131.720624367683,2,0.0850826400653555
2802,0.23213156230234,131.767596473479,2,0.0861676167313329
2803,0.23213156230234,131.814568579274,2,0.0861676167313329
2804,0.232637571157495,131.86154068507,2,0.0850826400653555
2805,0.230487033523087,131.908512790866,2,0.089860011099791
2806,0.226312460468058,131.955484896661,2,0.100480005925504
2807,0.221505376344086,132.002457002457,2,0.115277887383839
2808,0.218216318785579,132.049429108253,2,0.127273724402841
2809,0.211132194813409,132.096401214048,2,0.159422945896874
2810,0.210246679316888,132.143373319844,2,0.164138780794983
2811,0.211132194813409,132.19034542564,2,0.159422945896874
2812,0.21201771030993,132.237317531435,2,0.154873731434111
2813,0.213282732447818,132.284289637231,2,0.148653749319157
2814,0.215180265654649,132.331261743026,2,0.139909720004002
2815,0.220493358633776,132.378233848822,2,0.11879416536945
2816,0.225679949399114,132.425205954618,2,0.102259616551007
2817,0.229854522454143,132.472178060413,2,0.0913504981276102
2818,0.232890575585073,132.519150166209,2,0.0845488825541455
2819,0.238709677419355,132.566122272005,2,0.0737431158816993
2820,0.245920303605313,132.6130943778,2,0.0636370507811741
2821,0.251992409867173,132.660066483596,2,0.0573258415093068
2822,0.257432005060089,132.707038589392,2,0.053030641779226
2823,0.261859582542694,132.754010695187,2,0.0503296464084795
2824,0.263757115749526,132.800982800983,2,0.0493664756817618
2825,0.268564199873498,132.847954906778,2,0.04740118910834
2826,0.271094244149273,132.894927012574,2,0.0466224350509891
2827,0.268564199873498,132.94189911837,2,0.04740118910834
2828,0.260088551549652,132.988871224165,2,0.0513312463888273
2829,0.248703352308665,133.035843329961,2,0.0605250297463025
2830,0.238962681846932,133.082815435757,2,0.0733319778512571
2831,0.23111954459203,133.129787541552,2,0.0884091420032829
2832,0.225679949399114,133.176759647348,2,0.102259616551007
2833,0.226185958254269,133.223731753144,2,0.100832123093257
2834,0.224667931688805,133.270703858939,2,0.105208010201173
2835,0.220872865275142,133.317675964735,2,0.117457996509332
2836,0.213409234661607,133.36464807053,2,0.148049310736678
2837,0.202277039848197,133.411620176326,2,0.214937168043231
2838,0.192662871600253,133.458592282122,2,0.299811431902631
2839,0.188488298545225,133.505564387917,2,0.345644958194288
2840,0.188488298545225,133.552536493713,2,0.345644958194287
2841,0.187602783048703,133.599508599509,2,0.356067432349252
2842,0.192915876027831,133.646480705304,2,0.297211119570766
2843,0.200632511068944,133.6934528111,2,0.227495029681829
2844,0.204680581910183,133.740424916896,2,0.197925581267326
2845,0.20506008855155,133.787397022691,2,0.195379804063806
2846,0.206198608475648,133.834369128487,2,0.187963790849892
2847,0.208728652751423,133.881341234282,2,0.17262563818547
2848,0.211511701454775,133.928313340078,2,0.157453180008149
2849,0.205313092979127,133.975285445874,2,0.193703285949056
2850,0.209614168247944,134.022257551669,2,0.167612110813583
2851,0.215559772296015,134.069229657465,2,0.138241676200048
2852,0.218216318785579,134.116201763261,2,0.127273724402841
2853,0.219860847564832,134.163173869056,2,0.12106899250132
2854,0.220872865275142,134.210145974852,2,0.117457996509332
2855,0.222896900695762,134.257118080648,2,0.110681215758148
2856,0.225806451612903,134.304090186443,2,0.101899869612338
2857,0.23719165085389,134.351062292239,2,0.0763066842270328
2858,0.24819734345351,134.398034398034,2,0.061061960124261
2859,0.259076533839342,134.44500650383,2,0.0519500142935064
2860,0.262745098039216,134.491978609626,2,0.0498663384552399
2861,0.263504111321948,134.538950715421,2,0.0494885194753796
2862,0.261733080328906,134.585922821217,2,0.0503978436041526
2863,0.25932953826692,134.632894927013,2,0.051792080873893
2864,0.252877925363694,134.679867032808,2,0.0565460386206518
2865,0.245667299177736,134.726839138604,2,0.0639398370224819
2866,0.24326375711575,134.773811244399,2,0.0669931929589303
2867,0.241872232764073,134.820783350195,2,0.0689150335075906
2868,0.247185325743201,134.867755455991,2,0.0621737405304853
2869,0.254395951929159,134.914727561786,2,0.0552845734713588
2870,0.255534471853257,134.961699667582,2,0.054398517488098
2871,0.248450347881088,135.008671773378,2,0.06079193926526
2872,0.241113219481341,135.055643879173,2,0.07001382237802
2873,0.239848197343454,135.102615984969,2,0.071928001882808
2874,0.225300442757748,135.149588090765,2,0.10335049201396
2875,0.204174573055028,135.19656019656,2,0.201378439136057
2876,0.186590765338393,135.243532302356,2,0.368269938979829
2877,0.17583807716635,135.290504408151,1,0.514072894824023
2878,0.170018975332068,135.337476513947,1,0.599946034776911
2879,0.162049335863378,135.384448619743,1,0.713661326323027
2880,0.156356736242884,135.431420725538,1,0.785395718601244
2881,0.165085388994307,135.478392831334,1,0.671639272288714
2882,0.166476913345984,135.52536493713,1,0.651745027130374
2883,0.167741935483871,135.572337042925,1,0.633399818250506
2884,0.16888045540797,135.619309148721,1,0.616727258679473
2885,0.172675521821632,135.666281254517,1,0.560611152950784
2886,0.179127134724858,135.713253360312,2,0.46687109850862
2887,0.188235294117647,135.760225466108,2,0.348598275524798
2888,0.195319418089817,135.807197571903,2,0.273520424421646
2889,0.208349146110057,135.854169677699,2,0.174829316499654
2890,0.218848829854522,135.901141783495,2,0.124836600963591
2891,0.228083491461101,135.94811388929,2,0.0957436673832391
2892,0.227703984819734,135.995085995086,2,0.0967288494612089
2893,0.227703984819734,136.042058100882,2,0.0967288494612088
2894,0.235800126502214,136.089030206677,2,0.0788086724959299
2895,0.246299810246679,136.136002312473,2,0.0631892691053527
2896,0.251359898798229,136.182974418269,2,0.0579033630374119
2897,0.249335863377609,136.229946524064,2,0.0598711817178851
2898,0.243390259329538,136.27691862986,2,0.0668242488301071
2899,0.237571157495256,136.323890735655,2,0.075649951833264
2900,0.235420619860848,136.370862841451,2,0.0795174187349985
2901,0.233776091081594,136.417834947247,2,0.0827255464862003
2902,0.233396584440228,136.464807053042,2,0.0834985285767423
2903,0.233776091081594,136.511779158838,2,0.0827255464862004
2904,0.235420619860848,136.558751264634,2,0.0795174187349985
2905,0.234282099936749,136.605723370429,2,0.0817142427177769
2906,0.240480708412397,136.652695476225,2,0.0709577257442429
2907,0.246552814674257,136.699667582021,2,0.0628949660359774
2908,0.249968374446553,136.746639687816,2,0.059236166300949
2909,0.253636938646426,136.793611793612,2,0.0559036288366386
2910,0.257558507273877,136.840583899407,2,0.0529441307695406
2911,0.255407969639469,136.887556005203,2,0.054494496219181
2912,0.249841872232764,136.934528110999,2,0.0593616832323032
2913,0.257558507273877,136.981500216794,2,0.0529441307695406
2914,0.2573055028463,137.02847232259,2,0.0531177272221168
2915,0.256166982922201,137.075444428386,2,0.0539277190388317
2916,0.256799493991145,137.122416534181,2,0.0534718581720335
2917,0.258950031625553,137.169388639977,2,0.0520298003038277
2918,0.262745098039216,137.216360745773,2,0.0498663384552399
2919,0.266160657811512,137.263332851568,2,0.0483015562693239
2920,0.268943706514864,137.310304957364,2,0.0472735217829006
2921,0.2662871600253,137.357277063159,2,0.0482501424473207
2922,0.267805186590765,137.404249168955,2,0.047668253116987
2923,0.264642631246047,137.451221274751,2,0.0489544233983628
2924,0.256672991777356,137.498193380546,2,0.0535618495574292
2925,0.249715370018975,137.545165486342,2,0.0594879398741753
2926,0.244655281467426,137.592137592138,2,0.0651858190114671
2927,0.239721695129665,137.639109697933,2,0.0721252806171048
2928,0.233523086654016,137.686081803729,2,0.0832394721218699
2929,0.226312460468058,137.733053909525,2,0.100480005925504
2930,0.219734345351044,137.78002601532,2,0.121531249336597
2931,0.207210626185958,137.826998121116,2,0.181643660345239
2932,0.188614800759013,137.873970226911,2,0.344175703507633
2933,0.16786843769766,137.920942332707,1,0.631554023565258
2934,0.146489563567362,137.967914438503,1,0.881355314631172
2935,0.128905755850727,138.014886544298,1,0.967677710263554
2936,0.119291587602783,138.061858650094,1,0.98569676686537
2937,0.117900063251107,138.10883075589,1,0.987354514438781
2938,0.112966476913346,138.155802861685,1,0.991909838548576
2939,0.117014547754586,138.202774967481,1,0.988315528543594
2940,0.129538266919671,138.249747073276,1,0.965975824161632
2941,0.141302972802024,138.296719179072,1,0.91673862086727
2942,0.152561669829222,138.343691284868,1,0.826835225960686
2943,0.172928526249209,138.390663390663,1,0.556866433159416
2944,0.195319418089817,138.437635496459,2,0.273520424421646
2945,0.211764705882353,138.484607602255,2,0.156156804635019
2946,0.216318785578748,138.53157970805,2,0.134983322032605
2947,0.221758380771664,138.578551813846,2,0.114421961678464
2948,0.223782416192283,138.625523919642,2,0.107893436755454
2949,0.226944971537002,138.672496025437,2,0.0987474662850006
2950,0.23213156230234,138.719468131233,2,0.0861676167313329
2951,0.235420619860848,138.766440237028,2,0.0795174187349985
2952,0.238077166350411,138.813412342824,2,0.074790875046871
2953,0.24326375711575,138.86038444862,2,0.0669931929589303
2954,0.240860215053763,138.907356554415,2,0.070388261166792
2955,0.242125237191651,138.954328660211,2,0.0685568117715531
2956,0.246805819101834,139.001300766007,2,0.0626040002712965
2957,0.248070841239722,139.048272871802,2,0.0611981463227275
2958,0.25325743200506,139.095244977598,2,0.0562218772388506
2959,0.258697027197976,139.142217083394,2,0.0521910210643519
2960,0.257685009487666,139.189189189189,2,0.0528581919788765
2961,0.258823529411765,139.236161294985,2,0.0521101352131472
2962,0.257558507273877,139.28313340078,2,0.0529441307695406
2963,0.256546489563567,139.330105506576,2,0.0536524290004692
2964,0.257938013915244,139.377077612372,2,0.0526880222775474
2965,0.25932953826692,139.424049718167,2,0.051792080873893
2966,0.262239089184061,139.471021823963,2,0.0501280837378813
2967,0.268690702087287,139.517993929759,2,0.0473582013931484
2968,0.274636306135357,139.564966035554,2,0.0458094654301776
2969,0.278304870335231,139.61193814135,2,0.045294039169312
2970,0.276533839342189,139.658910247146,2,0.0455021699704552
2971,0.272612270714738,139.705882352941,2,0.046235219771313
2972,0.270208728652751,139.752854458737,2,0.0468757772433182
2973,0.266034155597723,139.799826564532,2,0.0483534255600503
2974,0.261606578115117,139.846798670328,2,0.05046654846134
2975,0.256166982922201,139.893770776124,2,0.0539277190388317
2976,0.253004427577483,139.940742881919,2,0.0564373231519623
2977,0.253763440860215,139.987714987715,2,0.0557988470676792
2978,0.256672991777356,140.034687093511,2,0.0535618495574292
2979,0.259076533839342,140.081659199306,2,0.0519500142935064
2980,0.256546489563567,140.128631305102,2,0.0536524290004692
2981,0.255028462998102,140.175603410898,2,0.0547861149862024
2982,0.254142947501581,140.222575516693,2,0.0554883666189797
2983,0.252624920936116,140.269547622489,2,0.0567654688036454
2984,0.252118912080961,140.316519728284,2,0.0572124070051303
2985,0.24819734345351,140.36349183408,2,0.061061960124261
2986,0.243896268184693,140.410463939876,2,0.0661578374943992
2987,0.236559139784946,140.457436045671,2,0.0774253944541657
2988,0.231625553447185,140.504408151467,2,0.0872762841438652
2989,0.228716002530044,140.551380257263,2,0.0941365788639608
2990,0.229222011385199,140.598352363058,2,0.0928816522920116
2991,0.23111954459203,140.645324468854,2,0.088409142003283
2992,0.231625553447185,140.69229657465,2,0.0872762841438652
2993,0.231625553447185,140.739268680445,2,0.0872762841438652
2994,0.231246046805819,140.786240786241,2,0.0881236319474364
2995,0.23617963314358,140.833212892036,2,0.0781113896993552
2996,0.240480708412397,140.880184997832,2,0.0709577257442429
2997,0.239595192915876,140.927157103628,2,0.0723236465444803
2998,0.240101201771031,140.974129209423,2,0.0715366841410433
2999,0.246046805819102,141.021101315219,2,0.063486941258126
3000,0.247817836812144,141.068073421015,2,0.0614728884930962
3001,0.256040480708412,141.11504552681,2,0.0540206741590815
3002,0.2573055028463,141.162017632606,2,0.0531177272221168
3003,0.258570524984187,141.208989738402,2,0.0522724599155316
3004,0.259203036053131,141.255961844197,2,0.0518707751544271
3005,0.258444022770398,141.302933949993,2,0.0523544538400509
3006,0.257811511701455,141.349906055788,2,0.0527728232089991
3007,0.25629348513599,141.396878161584,2,0.0538353613882144
3008,0.255913978494624,141.44385026738,2,0.0541142291438361
3009,0.262998102466793,141.490822373175,2,0.0497384383892197
3010,0.258444022770398,141.537794478971,2,0.0523544538400509
3011,0.251612903225806,141.584766584767,2,0.0576702725225915
3012,0.244149272612271,141.631738690562,2,0.0658301872905147
3013,0.23921568627451,141.678710796358,2,0.0729253226850442
3014,0.235547122074636,141.725682902154,2,0.079279885291037
3015,0.233523086654016,141.772655007949,2,0.0832394721218699
3016,0.231878557874763,141.819627113745,2,0.0867189581171955
3017,0.2382036685642,141.86659921954,2,0.0745790240714822
3018,0.2382036685642,141.913571325336,2,0.0745790240714822
3019,0.238836179633144,141.960543431132,2,0.0735369836617192
3020,0.24123972169513,142.007515536927,2,0.0698281487049737
3021,0.245414294750158,142.054487642723,2,0.0642460735574735
3022,0.24920936116382,142.101459748519,2,0.0600004309663163
3023,0.250600885515497,142.148431854314,2,0.0586195614041617
3024,0.25123339658444,142.19540396011,2,0.0580209584289916
3025,0.237571157495256,142.242376065905,2,0.075649951833264
3026,0.233776091081594,142.289348171701,2,0.0827255464862003
3027,0.229601518026565,142.336320277497,2,0.0919580200468738
3028,0.224541429475016,142.383292383292,2,0.105585515339212
3029,0.21808981657179,142.430264489088,2,0.127768930673485
3030,0.213156230234029,142.477236594884,2,0.149261336685817
3031,0.213282732447818,142.524208700679,2,0.148653749319157
3032,0.215180265654649,142.571180806475,2,0.139909720004002
3033,0.218722327640734,142.618152912271,2,0.125318880755131
3034,0.215180265654649,142.665125018066,2,0.139909720004002
3035,0.213409234661607,142.712097123862,2,0.148049310736678
3036,0.205313092979127,142.759069229657,2,0.193703285949056
3037,0.190385831752056,142.806041335453,2,0.324129772751607
3038,0.178747628083491,142.853013441249,2,0.472227877793594
3039,0.172928526249209,142.899985547044,1,0.556866433159416
3040,0.167488931056293,142.94695765284,1,0.637085725133123
3041,0.161922833649589,142.993929758636,1,0.715363360756034
3042,0.154585705249842,143.040901864431,1,0.805421361784461
3043,0.15180265654649,143.087873970227,1,0.834450445146882
3044,0.154838709677419,143.134846076023,1,0.802633046038152
3045,0.154079696394687,143.181818181818,1,0.810924248768949
3046,0.151549652118912,143.228790287614,1,0.836938056330149
3047,0.158001265022138,143.275762393409,1,0.765771908661158
3048,0.168627450980392,143.322734499205,1,0.620443189234138
3049,0.189500316255534,143.369706605001,2,0.334030028405857
3050,0.202909550917141,143.416678710796,2,0.210308814547514
3051,0.212523719165085,143.463650816592,2,0.152347016074172
3052,0.212523719165085,143.510622922388,2,0.152347016074172
3053,0.211764705882353,143.557595028183,2,0.156156804635019
3054,0.209993674889311,143.604567133979,2,0.165517488828229
3055,0.210246679316888,143.651539239775,2,0.164138780794983
3056,0.21302972802024,143.69851134557,2,0.149872087398633
3057,0.218722327640734,143.745483451366,2,0.125318880755131
3058,0.226944971537002,143.792455557161,2,0.0987474662850006
3059,0.231246046805819,143.839427662957,2,0.0881236319474364
3060,0.230487033523087,143.886399768753,2,0.089860011099791
3061,0.227956989247312,143.933371874548,2,0.0960702990635192
3062,0.220746363061354,143.980343980344,2,0.117901020351754
3063,0.215306767868438,144.02731608614,2,0.13935078942104
3064,0.21808981657179,144.074288191935,2,0.127768930673486
3065,0.212523719165085,144.121260297731,2,0.152347016074172
3066,0.213409234661607,144.168232403527,2,0.148049310736678
3067,0.212903225806452,144.215204509322,2,0.150486016052017
3068,0.210120177103099,144.262176615118,2,0.164826374268185
3069,0.206578115117015,144.309148720913,2,0.185564208736826
3070,0.203289057558507,144.356120826709,2,0.207584411919993
3071,0.20303605313093,144.403092932505,2,0.209396324255406
3072,0.203668564199874,144.4500650383,2,0.204899001149643
3073,0.200126502213789,144.497037144096,2,0.23151458374878
3074,0.199746995572423,144.544009249892,2,0.234578181212608
3075,0.201644528779254,144.590981355687,2,0.21967662279983
3076,0.207210626185958,144.637953461483,2,0.181643660345239
3077,0.214294750158128,144.684925567279,2,0.14390519047602
3078,0.220240354206199,144.731897673074,2,0.11969685374902
3079,0.221884882985452,144.77886977887,2,0.113997405953623
3080,0.222517394054396,144.825841884665,2,0.111908237885259
3081,0.218848829854522,144.872813990461,2,0.124836600963591
3082,0.217330803289058,144.919786096257,2,0.13079572941131
3083,0.217583807716635,144.966758202052,2,0.129776126143048
3084,0.220999367488931,145.013730307848,2,0.117017322492764
3085,0.225553447185326,145.060702413644,2,0.102621295873708
3086,0.22909550917141,145.107674519439,2,0.0931928574745475
3087,0.234029095509171,145.154646625235,2,0.0822171557509749
3088,0.23921568627451,145.201618731031,2,0.0729253226850442
3089,0.242378241619228,145.248590836826,2,0.0682025445460425
3090,0.243643263757116,145.295562942622,2,0.0664891792740272
3091,0.246426312460468,145.342535048417,2,0.0630416984307601
3092,0.245793801391524,145.389507154213,2,0.0637880146740248
3093,0.242504743833017,145.436479260009,2,0.0680268816856045
3094,0.245161290322581,145.483451365804,2,0.0645557935865916
3095,0.247691334598355,145.5304234716,2,0.0616114518292396
3096,0.244275774826059,145.577395577396,2,0.0656677353376685
3097,0.240354206198608,145.624367683191,2,0.0711496499366995
3098,0.234535104364326,145.671339788987,2,0.0812167508230758
3099,0.227830487033523,145.718311894783,2,0.0963986900181251
3100,0.224541429475016,145.765284000578,2,0.105585515339212
3101,0.224288425047438,145.812256106374,2,0.106346610539655
3102,0.224541429475016,145.859228212169,2,0.105585515339212
3103,0.223782416192283,145.906200317965,2,0.107893436755454
3104,0.223402909550917,145.953172423761,2,0.10907544977595
3105,0.220872865275142,146.000144529556,2,0.117457996509332
3106,0.221758380771664,146.047116635352,2,0.114421961678464
3107,0.223023402909551,146.094088741148,2,0.110276553958607
3108,0.223023402909551,146.141060846943,2,0.110276553958607
3109,0.22416192283365,146.188032952739,2,0.106730221679327
3110,0.226944971537002,146.235005058534,2,0.0987474662850006
3111,0.23010752688172,146.28197716433,2,0.0907494826370661
3112,0.232384566729918,146.328949270126,2,0.0856221978638867
3113,0.235420619860848,146.375921375921,2,0.0795174187349985
3114,0.244275774826059,146.422893481717,2,0.0656677353376685
3115,0.252877925363694,146.469865587513,2,0.0565460386206518
3116,0.256925996204934,146.516837693308,2,0.0533824525327496
3117,0.264263124604681,146.563809799104,2,0.0491281586032661
3118,0.27235926628716,146.6107819049,2,0.0462956709840412
3119,0.27337128399747,146.657754010695,2,0.0460635624737386
3120,0.269070208728653,146.704726116491,2,0.047231827816673
3121,0.258064516129032,146.751698222286,2,0.0526037870179563
3122,0.255028462998102,146.798670328082,2,0.0547861149862024
3123,0.251612903225806,146.845642433878,2,0.0576702725225914
3124,0.250347881087919,146.892614539673,2,0.0588640205489639
3125,0.251612903225806,146.939586645469,2,0.0576702725225915
3126,0.253636938646426,146.986558751265,2,0.0559036288366386
3127,0.255660974067046,147.03353085706,2,0.0543031483710133
3128,0.255660974067046,147.080502962856,2,0.0543031483710133
3129,0.26034155597723,147.127475068652,2,0.051181904927514
3130,0.261480075901328,147.174447174447,2,0.0505357627057825
3131,0.263251106894371,147.221419280243,2,0.0496125029215027
3132,0.264516129032258,147.268391386038,2,0.0490118616026292
3133,0.264136622390892,147.315363491834,2,0.0491870202885875
3134,0.262239089184061,147.36233559763,2,0.0501280837378813
3135,0.257432005060089,147.409307703425,2,0.053030641779226
3136,0.254522454142947,147.456279809221,2,0.0551836270698351
3137,0.250347881087919,147.503251915017,2,0.0588640205489639
3138,0.246679316888046,147.550224020812,2,0.0627490679611663
3139,0.24123972169513,147.597196126608,2,0.0698281487049737
3140,0.234788108791904,147.644168232404,2,0.0807246241330785
3141,0.227830487033523,147.691140338199,2,0.0963986900181251
3142,0.219734345351044,147.738112443995,2,0.121531249336597
3143,0.212270714737508,147.78508454979,2,0.153603841429412
3144,0.207590132827324,147.832056655586,2,0.179337915150394
3145,0.205945604048071,147.879028761382,2,0.18958345371815
3146,0.202277039848197,147.926000867177,2,0.214937168043231
3147,0.201138519924099,147.972972972973,2,0.223549314300127
3148,0.203289057558507,148.019945078769,2,0.207584411919993
3149,0.206325110689437,148.066917184564,2,0.187159956982895
3150,0.206831119544592,148.11388929036,2,0.183984252060815
3151,0.208096141682479,148.160861396156,2,0.17631708203753
3152,0.208728652751423,148.207833501951,2,0.17262563818547
3153,0.208475648323846,148.254805607747,2,0.174091043008297
3154,0.202783048703352,148.301777713542,2,0.21122567970303
3155,0.196204933586338,148.348749819338,2,0.265250655471458
3156,0.192156862745098,148.395721925134,2,0.305073137759974
3157,0.197090449082859,148.442694030929,2,0.257224496656875
3158,0.206704617330803,148.489666136725,2,0.184772264042135
3159,0.213915243516762,148.536638242521,2,0.145662754175464
3160,0.216445287792536,148.583610348316,2,0.134450178934109
3161,0.218216318785579,148.630582454112,2,0.127273724402841
3162,0.213409234661607,148.677554559908,2,0.148049310736678
3163,0.206578115117015,148.724526665703,2,0.185564208736826
3164,0.200506008855155,148.771498771499,2,0.228492964557482
3165,0.195192915876028,148.818470877294,2,0.27472184520264
3166,0.193548387096774,148.86544298309,2,0.290799351629324
3167,0.196078431372549,148.912415088886,2,0.26641707783145
3168,0.201391524351676,148.959387194681,2,0.221603892460502
3169,0.204301075268817,149.006359300477,2,0.200508913907758
3170,0.202277039848197,149.053331406273,2,0.214937168043231
3171,0.202909550917141,149.100303512068,2,0.210308814547514
3172,0.208096141682479,149.147275617864,2,0.17631708203753
3173,0.214547754585705,149.19424772366,2,0.142748672814756
3174,0.218975332068311,149.241219829455,2,0.124356868090599
3175,0.22517394054396,149.288191935251,2,0.103718029124586
3176,0.228462998102467,149.335164041046,2,0.094774236546689
3177,0.228209993674889,149.382136146842,2,0.0954187858098385
3178,0.226185958254269,149.429108252638,2,0.100832123093257
3179,0.221505376344086,149.476080358433,2,0.115277887383839
3180,0.214168247944339,149.523052464229,2,0.144487992464983
3181,0.209867172675522,149.570024570025,2,0.166212139646545
3182,0.208602150537634,149.61699667582,2,0.173356488662636
3183,0.208475648323846,149.663968781616,2,0.174091043008297
3184,0.207210626185958,149.710940887411,2,0.181643660345239
3185,0.21302972802024,149.757912993207,2,0.149872087398633
3186,0.208855154965212,149.804885099003,2,0.171898476302772
3187,0.200759013282732,149.851857204798,2,0.226501709853363
3188,0.18899430740038,149.898829310594,2,0.339797675560973
3189,0.178115117014548,149.94580141639,2,0.481213242596528
3190,0.172422517394054,149.992773522185,1,0.564357607342732
3191,0.171283997469956,150.039745627981,1,0.581225646736641
3192,0.173687539531942,150.086717733777,1,0.545647269710866
3193,0.182669196710942,150.133689839572,2,0.418328815500578
3194,0.192662871600253,150.180661945368,2,0.299811431902631
3195,0.205945604048071,150.227634051163,2,0.18958345371815
3196,0.220493358633776,150.274606156959,2,0.11879416536945
3197,0.235294117647059,150.321578262755,2,0.0797562457497463
3198,0.253383934218849,150.36855036855,2,0.0561151411630884
3199,0.272106261859583,150.415522474346,2,0.046357747879294
3200,0.284250474383302,150.462494580142,2,0.0451406066594523
3201,0.287792536369386,150.509466685937,2,0.045447163627831
3202,0.29044908285895,150.556438791733,2,0.0458754367528345
3203,0.290069576217584,150.603410897529,2,0.0458036725106096
3204,0.287919038583175,150.650383003324,2,0.0454636657295961
3205,0.285009487666034,150.69735510912,2,0.0451811597136262
3206,0.275015812776724,150.744327214915,2,0.0457409592871302
3207,0.263251106894371,150.791299320711,2,0.0496125029215027
3208,0.25932953826692,150.838271426507,2,0.051792080873893
3209,0.256546489563567,150.885243532302,2,0.0536524290004692
3210,0.249082858950032,150.932215638098,2,0.0601304369174069
3211,0.242125237191651,150.979187743894,2,0.0685568117715531
3212,0.240733712839975,151.026159849689,2,0.0705770366231254
3213,0.241113219481341,151.073131955485,2,0.07001382237802
3214,0.239721695129665,151.120104061281,2,0.0721252806171048
3215,0.237571157495256,151.167076167076,2,0.075649951833264
3216,0.236938646426312,151.214048272872,2,0.0767505138608414
3217,0.233649588867805,151.261020378667,2,0.0829818138416378
3218,0.23719165085389,151.307992484463,2,0.0763066842270328
3219,0.240354206198608,151.354964590259,2,0.0711496499366995
3220,0.243516761543327,151.401936696054,2,0.0666562458000883
3221,0.243896268184693,151.44890880185,2,0.0661578374943992
3222,0.242125237191651,151.495880907646,2,0.0685568117715531
3223,0.241619228336496,151.542853013441,2,0.0692772491743479
3224,0.240480708412397,151.589825119237,2,0.0709577257442429
3225,0.249715370018975,151.636797225033,2,0.0594879398741753
3226,0.252877925363694,151.683769330828,2,0.0565460386206518
3227,0.258950031625553,151.730741436624,2,0.0520298003038277
3228,0.266540164452878,151.777713542419,2,0.04814867614738
3229,0.268184693232132,151.824685648215,2,0.0475327565520238
3230,0.265022137887413,151.871657754011,2,0.0487849328974002
3231,0.263504111321948,151.918629859806,2,0.0494885194753796
3232,0.262871600253004,151.965601965602,2,0.0498021420532388
3233,0.260847564832385,152.012574071398,2,0.0508895361026585
3234,0.25022137887413,152.059546177193,2,0.0589873382598405
3235,0.239468690702087,152.106518282989,2,0.0725231051685979
3236,0.231878557874763,152.153490388785,2,0.0867189581171955
3237,0.225553447185326,152.20046249458,2,0.102621295873708
3238,0.21606578115117,152.247434600376,2,0.136058052820365
3239,0.198355471220746,152.294406706171,2,0.246175615770549
3240,0.178747628083491,152.341378811967,2,0.472227877793594
3241,0.155977229601518,152.388350917763,1,0.789785639862222
3242,0.127767235926629,152.435323023558,1,0.970551701928131
3243,0.100063251106894,152.482295129354,1,0.997652934429503
3244,0.079696394686907,152.52926723515,1,0.999725495517181
3245,0.0574320050600886,152.576239340945,1,0.999979772591256
3246,0.0375711574952562,152.623211446741,1,0.999998429748431
3247,0.0287160025300443,152.670183552537,1,0.999999531380447
3248,0.0271979759645794,152.717155658332,1,0.999999620753714
3249,0.0216318785578748,152.764127764128,1,0.999999827310219
3250,0.0207463630613536,152.811099869923,1,0.999999847863732
3251,0.0211258697027198,152.858071975719,1,0.99999983936449
3252,0.0245414294750158,152.905044081515,1,0.999999738917059
3253,0.0290955091714105,152.95201618731,1,0.999999506019856
3254,0.0279569892473118,152.998988293106,1,0.99999957836232
3255,0.0284629981024668,153.045960398902,1,0.999999547579814
3256,0.0363061353573688,153.092932504697,1,0.999998675382776
3257,0.0407337128399747,153.139904610493,1,0.999997606682794
3258,0.0461733080328906,153.186876716289,1,0.999995121953429
3259,0.0535104364326376,153.233848822084,1,0.99998757739389
3260,0.0654016445287793,153.28082092788,1,0.999946918581223
3261,0.0845034788108792,153.327793033675,1,0.999534898244862
3262,0.104743833017078,153.374765139471,1,0.99628150515845
3263,0.13270082226439,153.421737245267,1,0.956227198264377
3264,0.158254269449715,153.468709351062,1,0.762668612089435
3265,0.178494623655914,153.515681456858,2,0.475813631447649
3266,0.19493991144845,153.562653562654,2,0.277139766201545
3267,0.212903225806452,153.609625668449,2,0.150486016052017
3268,0.222264389626818,153.656597774245,2,0.112737228775609
3269,0.227956989247312,153.70356988004,2,0.0960702990635192
3270,0.236938646426312,153.750541985836,2,0.0767505138608414
3271,0.247311827956989,153.797514091632,2,0.0620319555217999
3272,0.253510436432638,153.844486197427,2,0.0560090592851798
3273,0.257432005060089,153.891458303223,2,0.053030641779226
3274,0.259709044908286,153.938430409019,2,0.0515592472809975
3275,0.268564199873498,153.985402514814,2,0.04740118910834
3276,0.276913345983555,154.03237462061,2,0.0454512168194308
3277,0.278178368121442,154.079346726406,2,0.0453064103155785
3278,0.282479443390259,154.126318832201,2,0.045098952145104
3279,0.288045540796964,154.173290937997,2,0.0454805541789909
3280,0.291208096141682,154.220263043792,2,0.0460296807910721
3281,0.291840607210626,154.267235149588,2,0.046169211753967
3282,0.291967109424415,154.314207255384,2,0.046198325268881
3283,0.293611638203669,154.361179361179,2,0.0466138406563655
3284,0.295635673624288,154.408151466975,2,0.0472215625576579
3285,0.296647691334598,154.455123572771,2,0.0475663599484337
3286,0.295888678051866,154.502095678566,2,0.0473051675557439
3287,0.292726122707147,154.549067784362,2,0.0463815170002821
3288,0.290069576217584,154.596039890158,2,0.0458036725106096
3289,0.288172043010753,154.643011995953,2,0.0454978293817471
3290,0.284123972169513,154.689984101749,2,0.0451351737814905
3291,0.280581910183428,154.736956207544,2,0.0451364847568767
3292,0.278557874762808,154.78392831334,2,0.0452704434184324
3293,0.274130297280202,154.830900419136,2,0.0459063350919216
3294,0.267046173308033,154.877872524931,2,0.0479511541458121
3295,0.261733080328906,154.924844630727,2,0.0503978436041526
3296,0.259835547122075,154.971816736523,2,0.0514827126063911
3297,0.261480075901328,155.018788842318,2,0.0505357627057825
3298,0.25224541429475,155.065760948114,2,0.0570996554334771
3299,0.240860215053763,155.11273305391,2,0.070388261166792
3300,0.232764073371284,155.159705159705,2,0.0848150400467317
3301,0.228462998102467,155.206677265501,2,0.094774236546689
3302,0.22314990512334,155.253649371296,2,0.109874046392354
3303,0.216824794433903,155.300621477092,2,0.132867475778099
3304,0.211891208096142,155.347593582888,2,0.155513612708842
3305,0.207590132827324,155.394565688683,2,0.179337915150394
3306,0.211258697027198,155.441537794479,2,0.158762976936572
3307,0.217963314358001,155.488509900275,2,0.128266760947705
3308,0.225426944971537,155.53548200607,2,0.102984917653968
3309,0.229854522454143,155.582454111866,2,0.0913504981276102
3310,0.235547122074636,155.629426217662,2,0.079279885291037
3311,0.245287792536369,155.676398323457,2,0.0644004960440527
3312,0.254142947501581,155.723370429253,2,0.0554883666189797
3313,0.258950031625553,155.770342535048,2,0.0520298003038277
3314,0.263630613535737,155.817314640844,2,0.0494272558870138
3315,0.266540164452878,155.86428674664,2,0.04814867614738
3316,0.269955724225174,155.911258852435,2,0.0469519318524443
3317,0.272485768500949,155.958230958231,2,0.0462652425370947
3318,0.271853257432005,156.005203064027,2,0.0464214564736299
3319,0.274130297280202,156.052175169822,2,0.0459063350919216
3320,0.279316888045541,156.099147275618,2,0.045208808957659
3321,0.274889310562935,156.146119381414,2,0.0457634009258308
3322,0.278810879190386,156.193091487209,2,0.0452483745191853
3323,0.284250474383302,156.240063593005,2,0.0451406066594523
3324,0.288298545224541,156.2870356988,2,0.0455154917529601
3325,0.290955091714105,156.334007804596,2,0.0459766729438539
3326,0.29146110056926,156.380979910392,2,0.0460842885822024
3327,0.290575585072739,156.427952016187,2,0.0459001499079956
3328,0.290575585072739,156.474924121983,2,0.0459001499079956
3329,0.291967109424415,156.521896227779,2,0.046198325268881
3330,0.288804554079696,156.568868333574,2,0.0455900215528632
3331,0.289690069576218,156.61584043937,2,0.0457354590911698
3332,0.289690069576218,156.662812545166,2,0.0457354590911698
3333,0.287666034155598,156.709784650961,2,0.0454310474773135
3334,0.289690069576218,156.756756756757,2,0.0457354590911698
3335,0.292599620493359,156.803728862552,2,0.0463499682009903
3336,0.291334598355471,156.850700968348,2,0.0460567843674312
3337,0.29044908285895,156.897673074144,2,0.0458754367528345
3338,0.290322580645161,156.944645179939,2,0.0458511198576083
3339,0.291714104996837,156.991617285735,2,0.046140501595879
3340,0.293358633776091,157.038589391531,2,0.046545404122787
3341,0.293105629348514,157.085561497326,2,0.0464786174982215
3342,0.291714104996837,157.132533603122,2,0.046140501595879
3343,0.289690069576218,157.179505708918,2,0.0457354590911698
3344,0.288298545224541,157.226477814713,2,0.0455154917529601
3345,0.291208096141682,157.273449920509,2,0.0460296807910721
3346,0.28640101201771,157.320422026304,2,0.0452910327440475
3347,0.285135989879823,157.3673941321,2,0.0451892460310288
3348,0.285009487666034,157.414366237896,2,0.0451811597136262
3349,0.280961416824794,157.461338343691,2,0.0451221752358204
3350,0.273497786211259,157.508310449487,2,0.0460363596816785
3351,0.268437697659709,157.555282555283,2,0.0474446101626508
3352,0.268564199873498,157.602254661078,2,0.04740118910834
3353,0.263251106894371,157.649226766874,2,0.0496125029215027
3354,0.254395951929159,157.696198872669,2,0.0552845734713588
3355,0.245414294750158,157.743170978465,2,0.0642460735574735
3356,0.240733712839975,157.790143084261,2,0.0705770366231255
3357,0.23617963314358,157.837115190056,2,0.0781113896993552
3358,0.224920936116382,157.884087295852,2,0.104459032525443
3359,0.211385199240987,157.931059401648,2,0.15810639330123
3360,0.201644528779254,157.978031507443,2,0.21967662279983
3361,0.190638836179633,158.025003613239,2,0.321346520751707
3362,0.192662871600253,158.071975719035,2,0.299811431902631
3363,0.196837444655281,158.11894782483,2,0.259492978287674
3364,0.203795066413662,158.165919930626,2,0.20401246244344
3365,0.212776723592663,158.212892036421,2,0.151103137272248
3366,0.221758380771664,158.259864142217,2,0.114421961678464
3367,0.228589500316256,158.306836248013,2,0.0944545507544753
3368,0.233396584440228,158.353808353808,2,0.0834985285767423
3369,0.245161290322581,158.400780459604,2,0.0645557935865916
3370,0.244022770398482,158.4477525654,2,0.0659935531907251
3371,0.242884250474383,158.494724671195,2,0.0675057183101059
3372,0.247311827956989,158.541696776991,2,0.0620319555217999
3373,0.251359898798229,158.588668882787,2,0.0579033630374119
3374,0.256040480708412,158.635640988582,2,0.0540206741590815
3375,0.262871600253004,158.682613094378,2,0.0498021420532388
3376,0.268564199873498,158.729585200173,2,0.04740118910834
3377,0.271094244149273,158.776557305969,2,0.0466224350509891
3378,0.274130297280202,158.823529411765,2,0.0459063350919216
3379,0.276154332700822,158.87050151756,2,0.0455566086326658
3380,0.274889310562935,158.917473623356,2,0.0457634009258308
3381,0.275268817204301,158.964445729152,2,0.0456972545332779
3382,0.282858950031626,159.011417834947,2,0.0451016438676552
3383,0.28842504743833,159.058389940743,2,0.0455335417171041
3384,0.284882985452245,159.105362046539,2,0.0451734529672909
3385,0.286274509803922,159.152334152334,2,0.045279138556412
3386,0.288804554079696,159.19930625813,2,0.0455900215528632
3387,0.287539531941809,159.246278363925,2,0.0454153168909963
3388,0.283238456672992,159.293250469721,2,0.0451077346497918
3389,0.280202403542062,159.340222575517,2,0.0451542008435473
3390,0.280328905755851,159.387194681312,2,0.0451479167534977
3391,0.278684376976597,159.434166787108,2,0.0452592182480539
3392,0.274509803921569,159.481138892904,2,0.0458330894060154
3393,0.271853257432005,159.528110998699,2,0.0464214564736299
3394,0.272738772928526,159.575083104495,2,0.0462056019597867
3395,0.272738772928526,159.622055210291,2,0.0462056019597867
3396,0.267931688804554,159.669027316086,2,0.0476226491989484
3397,0.260847564832385,159.715999421882,2,0.0508895361026585
3398,0.250980392156863,159.762971527677,2,0.0582582649878122
3399,0.243390259329538,159.809943633473,2,0.0668242488301071
3400,0.237824161922834,159.856915739269,2,0.07521806693073
3401,0.233396584440228,159.903887845064,2,0.0834985285767423
3402,0.243010752688172,159.95085995086,2,0.067333923033372
3403,0.252371916508539,159.997832056656,2,0.0569875838335164
3404,0.257938013915244,160.044804162451,2,0.0526880222775474
3405,0.26135357368754,160.091776268247,2,0.0506054880769559
3406,0.265781151170146,160.138748374043,2,0.0484585356806844
3407,0.26831119544592,160.185720479838,2,0.0474884656191627
3408,0.268690702087287,160.232692585634,2,0.0473582013931484
3409,0.264136622390892,160.279664691429,2,0.0491870202885875
3410,0.266413662239089,160.326636797225,2,0.0481991828255715
3411,0.267931688804554,160.373608903021,2,0.0476226491989484
3412,0.268184693232132,160.420581008816,2,0.0475327565520238
3413,0.267425679949399,160.467553114612,2,0.0478077087089272
3414,0.265781151170146,160.514525220408,2,0.0484585356806844
3415,0.264516129032258,160.561497326203,2,0.0490118616026292
3416,0.264136622390892,160.608469431999,2,0.0491870202885875
3417,0.265022137887413,160.655441537795,2,0.0487849328974002
3418,0.265022137887413,160.70241364359,2,0.0487849328974002
3419,0.265022137887413,160.749385749386,2,0.0487849328974002
3420,0.266919671094244,160.796357855181,2,0.0479998613828411
3421,0.267425679949399,160.843329960977,2,0.0478077087089272
3422,0.263504111321948,160.890302066773,2,0.0494885194753796
3423,0.255534471853257,160.937274172568,2,0.054398517488098
3424,0.248703352308665,160.984246278364,2,0.0605250297463025
3425,0.239089184060721,161.03121838416,2,0.0731280927484982
3426,0.233017077798861,161.078190489955,2,0.0842841600934356
3427,0.224794433902593,161.125162595751,2,0.104832519401798
3428,0.215306767868438,161.172134701546,2,0.13935078942104
3429,0.213915243516762,161.219106807342,2,0.145662754175464
3430,0.214674256799494,161.266078913138,2,0.142174928687567
3431,0.212903225806452,161.313051018933,2,0.150486016052017
3432,0.209487666034156,161.360023124729,2,0.16831746157226
3433,0.213409234661607,161.406995230525,2,0.148049310736678
3434,0.204680581910183,161.45396733632,2,0.197925581267326
3435,0.195445920303605,161.500939442116,2,0.272324022479976
3436,0.190259329538267,161.547911547912,2,0.325528980481337
3437,0.186717267552182,161.594883653707,2,0.366727869962623
3438,0.179380139152435,161.641855759503,2,0.463314975760143
3439,0.170524984187223,161.688827865298,1,0.592464199375626
3440,0.164705882352941,161.735799971094,1,0.677003618332652
3441,0.15876027830487,161.78277207689,1,0.756396877013392
3442,0.162934851359899,161.829744182685,1,0.701629820684992
3443,0.16483238456673,161.876716288481,1,0.675218662536363
3444,0.163693864642631,161.923688394277,1,0.691162485071832
3445,0.160278304870335,161.970660500072,1,0.737079990497708
3446,0.156989247311828,162.017632605868,1,0.777962286495242
3447,0.152055660974067,162.064604711664,1,0.831937408560178
3448,0.147881087919039,162.111576817459,1,0.870147044442973
3449,0.147122074636306,162.158548923255,1,0.876353946719696
3450,0.139152435167615,162.20552102905,1,0.928662479114231
3451,0.137001897533207,162.252493134846,1,0.939137361495148
3452,0.139911448450348,162.299465240642,1,0.924625593233349
3453,0.137381404174573,162.346437346437,1,0.937388844191592
3454,0.122327640733713,162.393409452233,1,0.98136881371907
3455,0.0915876027830487,162.440381558029,1,0.999011693565956
3456,0.0609740670461733,162.487353663824,1,0.999968808880831
3457,0.0369386464263125,162.53432576962,1,0.99999855762755
3458,0.0292220113851992,162.581297875416,1,0.999999497273739
3459,0.0231499051233397,162.628269981211,1,0.99999978562392
3460,0.0165717900063251,162.675242087007,1,0.999999916771118
3461,0.0355471220746363,162.722214192802,1,0.999998804415419
3462,0.0858950031625553,162.769186298598,1,0.999459492167862
3463,0.1337128399747,162.816158404394,1,0.952631612660937
3464,0.167741935483871,162.863130510189,1,0.633399818250506
3465,0.198734977862113,162.910102615985,2,0.242955419181484
3466,0.212144212523719,162.957074721781,2,0.154237145951722
3467,0.228462998102467,163.004046827576,2,0.094774236546689
3468,0.239595192915876,163.051018933372,2,0.0723236465444803
3469,0.247564832384567,163.097991039168,2,0.0617508149480422
3470,0.255534471853257,163.144963144963,2,0.054398517488098
3471,0.262871600253004,163.191935250759,2,0.0498021420532388
3472,0.2662871600253,163.238907356554,2,0.0482501424473207
3473,0.263377609108159,163.28587946235,2,0.0495502679736553
3474,0.267805186590765,163.332851568146,2,0.047668253116987
3475,0.274636306135357,163.379823673941,2,0.0458094654301776
3476,0.280961416824794,163.426795779737,2,0.0451221752358204
3477,0.287792536369386,163.473767885533,2,0.045447163627831
3478,0.290702087286528,163.520739991328,2,0.0459252599193035
3479,0.29247311827957,163.567712097124,2,0.0463188271353872
3480,0.293232131562302,163.61468420292,2,0.0465118049810158
3481,0.304996837444655,163.661656308715,2,0.0515402322279236
3482,0.303099304237824,163.708628414511,2,0.0504494761770311
3483,0.303352308665402,163.755600520306,2,0.0505881625875925
3484,0.30651486401012,163.802572626102,2,0.0524994685213561
3485,0.311954459203036,163.849544731898,2,0.0566282530766447
3486,0.314737507906388,163.896516837693,2,0.0592051775172252
3487,0.315243516761543,163.943488943489,2,0.0597109608282652
3488,0.313345983554712,163.990461049285,2,0.0578743317295211
3489,0.313472485768501,164.03743315508,2,0.0579917530980821
3490,0.315117014547755,164.084405260876,2,0.0595833999618477
3491,0.31562302340291,164.131377366672,2,0.0600981510831497
3492,0.316635041113219,164.178349472467,2,0.0611643263876969
3493,0.320430107526882,164.225321578263,2,0.0656276209653547
3494,0.324984187223276,164.272293684058,2,0.0720762943689593
3495,0.326122707147375,164.319265789854,2,0.073898914870677
3496,0.326122707147375,164.36623789565,2,0.073898914870677
3497,0.32865275142315,164.413210001445,2,0.078285155253204
3498,0.32865275142315,164.460182107241,2,0.078285155253204
3499,0.325743200506009,164.507154213037,2,0.0732813514470439
3500,0.321695129664769,164.554126318832,2,0.0672915004610592
3501,0.316761543327008,164.601098424628,2,0.0613011055080303
3502,0.311954459203036,164.648070530423,2,0.0566282530766447
3503,0.30752688172043,164.695042636219,2,0.0531836130299055
3504,0.304743833017078,164.742014742015,2,0.0513879629315722
3505,0.304364326375712,164.78898684781,2,0.0511635489108878
3506,0.304237824161923,164.835958953606,2,0.0510898006378412
3507,0.30651486401012,164.882931059402,2,0.0524994685213561
3508,0.309297912713473,164.929903165197,2,0.0544706559998861
3509,0.310942441492726,164.976875270993,2,0.0557729823975646
3510,0.309677419354839,165.023847376789,2,0.0547618171787535
3511,0.303605313092979,165.070819482584,2,0.0507288987890281
3512,0.298545224541429,165.11779158838,2,0.0482887736641342
3513,0.296268184693232,165.164763694175,2,0.0474338100990771
3514,0.298165717900063,165.211735799971,2,0.0481362306096674
3515,0.301454775458571,165.258707905767,2,0.0495970358495611
3516,0.303984819734345,165.305680011562,2,0.0509438774966705
3517,0.303605313092979,165.352652117358,2,0.0507288987890281
3518,0.301707779886148,165.399624223154,2,0.0497227287860892
3519,0.298924731182796,165.446596328949,2,0.0484454131691444
3520,0.29652118912081,165.493568434745,2,0.047521740734505
3521,0.291208096141682,165.540540540541,2,0.0460296807910721
3522,0.286780518659077,165.587512646336,2,0.0453290097194739
3523,0.285515496521189,165.634484752132,2,0.0452157843921626
3524,0.288804554079696,165.681456857927,2,0.0455900215528632
3525,0.29247311827957,165.728428963723,2,0.0463188271353872
3526,0.294876660341556,165.775401069519,2,0.0469810104946469
3527,0.299304237824162,165.822373175314,2,0.0486061839345186
3528,0.305755850727388,165.86934528111,2,0.0520099784690475
3529,0.310309930423782,165.916317386906,2,0.0552595003741078
3530,0.30955091714105,165.963289492701,2,0.0546641478072284
3531,0.311195445920304,166.010261598497,2,0.0559828733003789
3532,0.315876027830487,166.057233704293,2,0.0603600687254386
3533,0.319544592030361,166.104205810088,2,0.0645172294933198
3534,0.320050600885516,166.151177915884,2,0.0651463754704561
3535,0.320809614168248,166.198150021679,2,0.066117042451533
3536,0.321442125237192,166.245122127475,2,0.0669512411012586
3537,0.320177103099304,166.292094233271,2,0.0653058895167997
3538,0.322074636306135,166.339066339066,2,0.0678090555053101
3539,0.324857685009488,166.386038444862,2,0.0718792841910695
3540,0.328526249209361,166.433010550658,2,0.0780543018274207
3541,0.33270082226439,166.479982656453,2,0.0863742787854408
3542,0.335863377609108,166.526954762249,2,0.0937422044069547
3543,0.335863377609108,166.573926868045,2,0.0937422044069547
3544,0.335989879822897,166.62089897384,2,0.094058050221734
3545,0.329285262492094,166.667871079636,2,0.0794584382910558
3546,0.330423782416192,166.714843185431,2,0.0816523110605905
3547,0.331815306767868,166.761815291227,2,0.0844831515921495
3548,0.329538266919671,166.808787397023,2,0.0799367485962226
3549,0.324984187223276,166.855759502818,2,0.0720762943689593
3550,0.321442125237192,166.902731608614,2,0.0669512411012586
3551,0.317900063251107,166.94970371441,2,0.0625681808137405
3552,0.317520556609741,166.996675820205,2,0.0621385307910731
3553,0.317267552182163,167.043647926001,2,0.0618561735845338
3554,0.312333965844402,167.090620031797,2,0.0569599175763874
3555,0.305882352941176,167.137592137592,2,0.0520901771728742
3556,0.299304237824162,167.184564243388,2,0.0486061839345186
3557,0.293105629348514,167.231536349183,2,0.0464786174982215
3558,0.286021505376344,167.278508454979,2,0.0452564956623812
3559,0.279316888045541,167.325480560775,2,0.045208808957659
3560,0.274130297280202,167.37245266657,2,0.0459063350919216
3561,0.27033523086654,167.419424772366,2,0.0468383311640566
3562,0.271094244149273,167.466396878162,2,0.0466224350509891
3563,0.271600253004428,167.513368983957,2,0.0464868029455369
3564,0.270208728652751,167.560341089753,2,0.0468757772433182
3565,0.270714737507906,167.607313195548,2,0.0467285069154565
3566,0.275901328273245,167.654285301344,2,0.0455948432540364
3567,0.284882985452245,167.70125740714,2,0.0451734529672909
3568,0.291587602783049,167.748229512935,2,0.0461121941001392
3569,0.292346616065781,167.795201618731,2,0.0462880930488667
3570,0.302972802024035,167.842173724527,2,0.050380897277299
3571,0.309424414927261,167.889145830322,2,0.0545670949178533
3572,0.307906388361796,167.936117936118,2,0.0534496491955157
3573,0.3044908285895,167.983090041914,2,0.0512378241306377
3574,0.307020872865275,168.030062147709,2,0.0528369847888708
3575,0.314231499051233,168.077034253505,2,0.0587111635188739
3576,0.318532574320051,168.1240063593,2,0.06330082700459
3577,0.322833649588868,168.170978465096,2,0.0688704343579712
3578,0.319924098671727,168.217950570892,2,0.0649877567458418
3579,0.317394054395952,168.264922676687,2,0.0619969471196123
3580,0.319165085388994,168.311894782483,2,0.0640546064147676
3581,0.322454142947502,168.358866888279,2,0.0683353234502529
3582,0.324225173940544,168.405838994074,2,0.0709103307325783
3583,0.32258064516129,168.45281109987,2,0.0685127047102587
3584,0.320430107526882,168.499783205666,2,0.0656276209653547
3585,0.323719165085389,168.546755311461,2,0.0701541642966206
3586,0.323972169512966,168.593727417257,2,0.0705301614500522
3587,0.324731182795699,168.640699523052,2,0.0716833543843343
3588,0.326122707147375,168.687671628848,2,0.073898914870677
3589,0.327514231499051,168.734643734644,2,0.0762520305542707
3590,0.326249209361164,168.781615840439,2,0.0741070346380597
3591,0.323213156230234,168.828587946235,2,0.0694145206743584
3592,0.319797596457938,168.875560052031,2,0.0648300290287577
3593,0.316129032258064,168.922532157826,2,0.0606250515600218
3594,0.308412397216951,168.969504263622,2,0.0538125675049491
3595,0.302213788741303,169.016476369418,2,0.0499800165054303
3596,0.302213788741303,169.063448475213,2,0.0499800165054303
3597,0.298292220113852,169.110420581009,2,0.0481866252425945
3598,0.291587602783049,169.157392686804,2,0.0461121941001392
3599,0.288551549652119,169.2043647926,2,0.0455519797080469
3600,0.290575585072739,169.251336898396,2,0.0459001499079956
3601,0.289184060721063,169.298309004191,2,0.0456500059096712
3602,0.284503478810879,169.345281109987,2,0.0451526083543105
3603,0.281214421252372,169.392253215783,2,0.0451145265388334
3604,0.279696394686907,169.439225321578,2,0.0451831280990475
3605,0.27843137254902,169.486197427374,2,0.0452820502994232
3606,0.277039848197343,169.53316953317,2,0.0454350050676693
3607,0.277798861480076,169.580141638965,2,0.0453458204255591
3608,0.280202403542062,169.627113744761,2,0.0451542008435473
3609,0.283870967741935,169.674085850556,2,0.0451254433141378
3610,0.285768500948767,169.721057956352,2,0.0452353782825049
3611,0.288804554079696,169.768030062148,2,0.0455900215528632
3612,0.29146110056926,169.815002167943,2,0.0460842885822024
3613,0.292852624920936,169.861974273739,2,0.0464134742979826
3614,0.289816571790006,169.908946379535,2,0.0457578032910012
3615,0.287539531941809,169.95591848533,2,0.0454153168909963
3616,0.285262492093612,170.002890591126,2,0.045197712113193
3617,0.273497786211259,170.049862696922,2,0.0460363596816785
3618,0.279316888045541,170.096834802717,2,0.045208808957659
3619,0.282479443390259,170.143806908513,2,0.045098952145104
3620,0.282605945604048,170.190779014308,2,0.0450994717635191
3621,0.282858950031626,170.237751120104,2,0.0451016438676552
3622,0.281087919038583,170.2847232259,2,0.0451181618560204
3623,0.281973434535104,170.331695331695,2,0.0451006497110626
3624,0.286654016445288,170.378667437491,2,0.0453159680265709
3625,0.283744465528147,170.425639543287,2,0.0451211454918023
3626,0.286527514231499,170.472611649082,2,0.0453033091359666
3627,0.287666034155598,170.519583754878,2,0.0454310474773135
3628,0.288804554079696,170.566555860674,2,0.0455900215528632
3629,0.294244149272612,170.613527966469,2,0.0467921943852252
3630,0.294876660341556,170.660500072265,2,0.0469810104946469
3631,0.295256166982922,170.70747217806,2,0.0470993696673686
3632,0.297912713472486,170.754444283856,2,0.0480367942891092
3633,0.299051233396584,170.801416389652,2,0.0484985426485732
3634,0.300695762175838,170.848388495447,2,0.0492316107387608
3635,0.30246679316888,170.895360601243,2,0.0501116370193877
3636,0.302846299810247,170.942332707039,2,0.0503128256135637
3637,0.303858317520557,170.989304812834,2,0.0508716989466141
3638,0.304870335230867,171.03627691863,2,0.0514638303095431
3639,0.306261859582543,171.083249024426,2,0.0523340841223701
3640,0.307779886148008,171.130221130221,2,0.0533603883470774
3641,0.309297912713473,171.177193236017,2,0.0544706559998861
3642,0.307779886148008,171.224165341812,2,0.0533603883470774
3643,0.305376344086021,171.271137447608,2,0.0517726646472477
3644,0.303858317520557,171.318109553404,2,0.050871698946614
3645,0.3044908285895,171.365081659199,2,0.0512378241306377
3646,0.30347881087919,171.412053764995,2,0.0506582735843359
3647,0.298418722327641,171.459025870791,2,0.048237472509488
3648,0.294623655913978,171.505997976586,2,0.0469042213533028
3649,0.294244149272612,171.552970082382,2,0.0467921943852252
3650,0.293358633776091,171.599942188177,2,0.046545404122787
3651,0.292220113851992,171.646914293973,2,0.0462577651969094
3652,0.291334598355471,171.693886399769,2,0.0460567843674312
3653,0.288931056293485,171.740858505564,2,0.045609626321583
3654,0.282858950031626,171.78783061136,2,0.0451016438676552
3655,0.274509803921569,171.834802717156,2,0.0458330894060154
3656,0.268437697659709,171.881774822951,2,0.0474446101626508
3657,0.261733080328906,171.928746928747,2,0.0503978436041526
3658,0.260468058191018,171.975719034543,2,0.0511080262526193
3659,0.262745098039216,172.022691140338,2,0.0498663384552399
3660,0.26932321315623,172.069663246134,2,0.0471497264660145
3661,0.273750790638836,172.116635351929,2,0.0459831538847123
3662,0.274130297280202,172.163607457725,2,0.0459063350919216
3663,0.277672359266287,172.210579563521,2,0.0453597237363678
3664,0.282605945604048,172.257551669316,2,0.0450994717635191
3665,0.286907020872865,172.304523775112,2,0.0453424345275114
3666,0.285895003162555,172.351495880908,2,0.0452457464131485
3667,0.286907020872865,172.398467986703,2,0.0453424345275114
3668,0.288298545224541,172.445440092499,2,0.0455154917529601
3669,0.286654016445288,172.492412198295,2,0.0453159680265709
3670,0.283744465528147,172.53938430409,2,0.0451211454918023
3671,0.28741302972802,172.586356409886,2,0.0453999714911536
3672,0.294750158127767,172.633328515681,2,0.0469424048575723
3673,0.301328273244782,172.680300621477,2,0.0495349215867985
3674,0.307400379506641,172.727272727273,2,0.0530960940279593
3675,0.31157495256167,172.774244833068,2,0.0563025972077886
3676,0.313725490196078,172.821216938864,2,0.0582287092944666
3677,0.316255534471853,172.86818904466,2,0.06075870125525
3678,0.315117014547755,172.915161150455,2,0.0595833999618477
3679,0.312966476913346,172.962133256251,2,0.0575262574466162
3680,0.314358001265022,173.009105362047,2,0.0588335751978056
3681,0.318912080961417,173.056077467842,2,0.0637505263823549
3682,0.318026565464896,173.103049573638,2,0.0627130433419592
3683,0.31562302340291,173.150021679433,2,0.0600981510831497
3684,0.317900063251107,173.196993785229,2,0.0625681808137405
3685,0.319924098671727,173.243965891025,2,0.0649877567458418
3686,0.313472485768501,173.29093799682,2,0.0579917530980821
3687,0.310436432637571,173.337910102616,2,0.0553609223499512
3688,0.314104996837445,173.384882208412,2,0.0585894742994149
3689,0.309677419354839,173.431854314207,2,0.0547618171787535
3690,0.304617330803289,173.478826420003,2,0.0513126281738163
3691,0.301581277672359,173.525798525799,2,0.0496596377285453
3692,0.299557242251739,173.572770631594,2,0.0487156772170946
3693,0.299177735610373,173.61974273739,2,0.0485521324620176
3694,0.298545224541429,173.666714843185,2,0.0482887736641342
3695,0.302846299810247,173.713686948981,2,0.0503128256135637
3696,0.30651486401012,173.760659054777,2,0.0524994685213561
3697,0.311195445920304,173.807631160572,2,0.0559828733003789
3698,0.309424414927261,173.854603266368,2,0.0545670949178533
3699,0.306388361796331,173.901575372164,2,0.0524164969501897
3700,0.30246679316888,173.948547477959,2,0.0501116370193877
3701,0.29753320683112,173.995519583755,2,0.0478910038897338
3702,0.291208096141682,174.042491689551,2,0.0460296807910721
3703,0.283491461100569,174.089463795346,2,0.0451136841554038
3704,0.278178368121442,174.136435901142,2,0.0453064103155785
3705,0.26831119544592,174.183408006937,2,0.0474884656191627
3706,0.262112586970272,174.230380112733,2,0.0501947681670214
3707,0.255534471853257,174.277352218529,2,0.054398517488098
3708,0.246805819101834,174.324324324324,2,0.0626040002712965
3709,0.230740037950664,174.37129643012,2,0.0892749671357326
3710,0.21100569259962,174.418268535916,2,0.16008631518735
3711,0.19696394686907,174.465240641711,2,0.258356275009135
3712,0.191397849462366,174.512212747507,2,0.313118373417729
3713,0.191524351676154,174.559184853303,2,0.311764785456615
3714,0.190132827324478,174.606156959098,2,0.326933236014521
3715,0.189753320683112,174.653129064894,2,0.331176233355141
3716,0.191903858317521,174.700101170689,2,0.307734532497943
3717,0.19696394686907,174.747073276485,2,0.258356275009135
3718,0.202783048703352,174.794045382281,2,0.21122567970303
3719,0.211764705882353,174.841017488076,2,0.156156804635019
3720,0.218342820999367,174.887989593872,2,0.12678112917053
3721,0.220240354206199,174.934961699668,2,0.11969685374902
3722,0.224541429475016,174.981933805463,2,0.105585515339212
3723,0.232258064516129,175.028905911259,2,0.0858941708391143
3724,0.238456672991777,175.075878017055,2,0.0741587825254982
3725,0.245920303605313,175.12285012285,2,0.0636370507811741
3726,0.251865907653384,175.169822228646,2,0.057439961926617
3727,0.256799493991145,175.216794334441,2,0.0534718581720335
3728,0.260088551549652,175.263766440237,2,0.0513312463888273
3729,0.260847564832385,175.310738546033,2,0.0508895361026585
3730,0.260974067046173,175.357710651828,2,0.0508177485529393
3731,0.262112586970272,175.404682757624,2,0.0501947681670213
3732,0.261859582542694,175.45165486342,2,0.0503296464084795
3733,0.258697027197976,175.498626969215,2,0.0521910210643519
3734,0.255660974067046,175.545599075011,2,0.0543031483710133
3735,0.255660974067046,175.592571180806,2,0.0543031483710133
3736,0.256546489563567,175.639543286602,2,0.0536524290004692
3737,0.267931688804554,175.686515392398,2,0.0476226491989484
3738,0.268817204301075,175.733487498193,2,0.0473156459650228
3739,0.272738772928526,175.780459603989,2,0.0462056019597867
3740,0.278557874762808,175.827431709785,2,0.0452704434184324
3741,0.280961416824794,175.87440381558,2,0.0451221752358204
3742,0.281593927893738,175.921375921376,2,0.0451058881380409
3743,0.283744465528147,175.968348027172,2,0.0451211454918023
3744,0.2853889943074,176.015320132967,2,0.0452065581629277
3745,0.285641998734978,176.062292238763,2,0.0452253910219565
3746,0.283744465528147,176.109264344558,2,0.0451211454918023
3747,0.281593927893738,176.156236450354,2,0.0451058881380409
3748,0.281214421252372,176.20320855615,2,0.0451145265388334
3749,0.283364958886781,176.250180661945,2,0.0451105204627424
3750,0.289563567362429,176.297152767741,2,0.0457135077770557
3751,0.296141682479443,176.344124873537,2,0.0473904965236779
3752,0.300948766603416,176.391096979332,2,0.0493514890665619
3753,0.29449715370019,176.438069085128,2,0.0468664590513343
3754,0.291081593927894,176.485041190924,2,0.0460029771982319
3755,0.290575585072739,176.532013296719,2,0.0459001499079956
3756,0.290702087286528,176.578985402515,2,0.0459252599193035
3757,0.285768500948767,176.62595750831,2,0.0452353782825049
3758,0.282605945604048,176.672929614106,2,0.0450994717635191
3759,0.277292852624921,176.719901719902,2,0.045403738161833
3760,0.27033523086654,176.766873825697,2,0.0468383311640566
3761,0.269449715370019,176.813845931493,2,0.0471093170758051
3762,0.26527514231499,176.860818037289,2,0.0486742786767158
3763,0.264136622390892,176.907790143084,2,0.0491870202885875
3764,0.268437697659709,176.95476224888,2,0.0474446101626508
3765,0.274256799493991,177.001734354676,2,0.0458815236528205
3766,0.276786843769766,177.048706460471,2,0.0454678146197916
3767,0.278937381404175,177.095678566267,2,0.0452379119718982
3768,0.280075901328273,177.142650672062,2,0.0451608638590257
3769,0.28437697659709,177.189622777858,2,0.0451464181373442
3770,0.275142314990512,177.236594883654,2,0.0457189106666418
3771,0.268564199873498,177.283566989449,2,0.04740118910834
3772,0.260594560404807,177.330539095245,2,0.0510346731222142
3773,0.249082858950032,177.377511201041,2,0.0601304369174069
3774,0.236938646426312,177.424483306836,2,0.0767505138608414
3775,0.214294750158128,177.471455412632,2,0.14390519047602
3776,0.187476280834915,177.518427518428,2,0.357575887716307
3777,0.174320050600886,177.565399624223,1,0.5363218960577
3778,0.152941176470588,177.612371730019,1,0.822942200468605
3779,0.129158760278305,177.659343835814,1,0.967006220823007
3780,0.1146110056926,177.70631594161,1,0.990595178759682
3781,0.110815939278937,177.753288047406,1,0.993372367267915
3782,0.124351676154333,177.800260153201,1,0.977854996632135
3783,0.150537634408602,177.847232258997,1,0.846633723926128
3784,0.170904490828589,177.894204364793,1,0.586846668218829
3785,0.197090449082859,177.941176470588,2,0.257224496656875
3786,0.206831119544592,177.988148576384,2,0.183984252060815
3787,0.221378874130297,178.03512068218,2,0.115709280623949
3788,0.232890575585073,178.082092787975,2,0.0845488825541455
3789,0.241619228336496,178.129064893771,2,0.0692772491743479
3790,0.25123339658444,178.176036999566,2,0.0580209584289916
3791,0.262618595825427,178.223009105362,2,0.0499310292000458
3792,0.270841239721695,178.269981211158,2,0.046692733859225
3793,0.269196710942442,178.316953316953,2,0.0471905630471481
3794,0.271726755218216,178.363925422749,2,0.0464539245823821
3795,0.275648323845667,178.410897528545,2,0.0456346358884765
3796,0.277292852624921,178.45786963434,2,0.045403738161833
3797,0.2764073371284,178.504841740136,2,0.0455199283462266
3798,0.276660341555977,178.551813845932,2,0.0454847988674496
3799,0.279316888045541,178.598785951727,2,0.045208808957659
3800,0.281973434535104,178.645758057523,2,0.0451006497110626
3801,0.282858950031626,178.692730163318,2,0.0451016438676552
3802,0.285135989879823,178.739702269114,2,0.0451892460310288
3803,0.288172043010753,178.78667437491,2,0.0454978293817471
3804,0.28842504743833,178.833646480705,2,0.0455335417171041
3805,0.288298545224541,178.880618586501,2,0.0455154917529601
3806,0.289184060721063,178.927590692297,2,0.0456500059096712
3807,0.291208096141682,178.974562798092,2,0.0460296807910721
3808,0.294876660341556,179.021534903888,2,0.0469810104946469
3809,0.302213788741303,179.068507009684,2,0.0499800165054303
3810,0.307653383934219,179.115479115479,2,0.0532717103834501
3811,0.312713472485768,179.162451221275,2,0.0572976689363158
3812,0.314990512333966,179.20942332707,2,0.0594565846982231
3813,0.313345983554712,179.256395432866,2,0.0578743317295211
3814,0.30955091714105,179.303367538662,2,0.0546641478072284
3815,0.307147375079064,179.350339644457,2,0.0529227821256709
3816,0.306135357368754,179.397311750253,2,0.0522522279375912
3817,0.302972802024035,179.444283856049,2,0.050380897277299
3818,0.296141682479443,179.491255961844,2,0.0473904965236779
3819,0.290322580645161,179.53822806764,2,0.0458511198576083
3820,0.292346616065781,179.585200173435,2,0.0462880930488667
3821,0.297153700189753,179.632172279231,2,0.0477492217610279
3822,0.298418722327641,179.679144385027,2,0.048237472509488
3823,0.293738140417457,179.726116490822,2,0.0466486797104626
3824,0.290322580645161,179.773088596618,2,0.0458511198576083
3825,0.292852624920936,179.820060702414,2,0.0464134742979826
3826,0.293864642631246,179.867032808209,2,0.0466839337481758
3827,0.293738140417457,179.914004914005,2,0.0466486797104626
3828,0.292220113851992,179.960977019801,2,0.0462577651969094
3829,0.291587602783049,180.007949125596,2,0.0461121941001392
3830,0.29247311827957,180.054921231392,2,0.0463188271353872
3831,0.294750158127767,180.101893337187,2,0.0469424048575723
3832,0.297280202403542,180.148865442983,2,0.0477960390616892
3833,0.295256166982922,180.195837548779,2,0.0470993696673686
3834,0.293738140417457,180.242809654574,2,0.0466486797104626
3835,0.29044908285895,180.28978176037,2,0.0458754367528345
3836,0.287160025300443,180.336753866166,2,0.0453704347865145
3837,0.284250474383302,180.383725971961,2,0.0451406066594523
3838,0.282985452245414,180.430698077757,2,0.0451032964053596
3839,0.282732447817837,180.477670183553,2,0.0451003689972119
3840,0.282858950031626,180.524642289348,2,0.0451016438676552
3841,0.288678051865908,180.571614395144,2,0.0455708061690658
3842,0.292093611638204,180.618586500939,2,0.046227842845056
3843,0.297027197975965,180.665558606735,2,0.0477028463322904
3844,0.30246679316888,180.712530712531,2,0.0501116370193877
3845,0.306008855154965,180.759502818326,2,0.0521709263109502
3846,0.310183428209994,180.806474924122,2,0.0551587103153303
3847,0.313472485768501,180.853447029918,2,0.0579917530980821
3848,0.316002530044276,180.900419135713,2,0.0604921752331973
3849,0.32156862745098,180.947391241509,2,0.0671208961721996
3850,0.324731182795699,180.994363347305,2,0.0716833543843343
3851,0.327514231499051,181.0413354531,2,0.0762520305542707
3852,0.328779253636939,181.088307558896,2,0.0785172676954795
3853,0.33270082226439,181.135279664691,2,0.0863742787854408
3854,0.340164452877925,181.182251770487,2,0.105491782286261
3855,0.345477545857052,181.229223876283,2,0.123287757117008
3856,0.348134092346616,181.276195982078,2,0.133788844956159
3857,0.351676154332701,181.323168087874,2,0.149720449412944
3858,0.348387096774194,181.37014019367,2,0.134850949227195
3859,0.344212523719165,181.417112299465,2,0.118682989915635
3860,0.338140417457305,181.464084405261,2,0.0996953754371024
3861,0.330929791271347,181.511056511057,2,0.0826622583288934
3862,0.323719165085389,181.558028616852,2,0.0701541642966206
3863,0.316888045540797,181.605000722648,2,0.06143867608808
3864,0.312460468058191,181.651972828443,2,0.0570718211366622
3865,0.305882352941176,181.698944934239,2,0.0520901771728742
3866,0.298924731182796,181.745917040035,2,0.0484454131691444
3867,0.29146110056926,181.79288914583,2,0.0460842885822024
3868,0.285262492093612,181.839861251626,2,0.045197712113193
3869,0.281593927893738,181.886833357422,2,0.0451058881380409
3870,0.276913345983555,181.933805463217,2,0.0454512168194308
3871,0.271220746363061,181.980777569013,2,0.0465879075901818
3872,0.265148640101202,182.027749674809,2,0.048729372764153
3873,0.265022137887413,182.074721780604,2,0.0487849328974002
3874,0.256925996204934,182.1216938864,2,0.0533824525327496
3875,0.255787476280835,182.168665992195,2,0.0542083864048838
3876,0.265148640101202,182.215638097991,2,0.048729372764153
3877,0.271220746363061,182.262610203787,2,0.0465879075901818
3878,0.267931688804554,182.309582309582,2,0.0476226491989484
3879,0.266919671094244,182.356554415378,2,0.0479998613828411
3880,0.270967741935484,182.403526521174,2,0.0466573768575998
3881,0.277039848197343,182.450498626969,2,0.0454350050676693
3882,0.282479443390259,182.497470732765,2,0.045098952145104
3883,0.288551549652119,182.544442838561,2,0.0455519797080469
3884,0.289690069576218,182.591414944356,2,0.0457354590911698
3885,0.287792536369386,182.638387050152,2,0.045447163627831
3886,0.28842504743833,182.685359155947,2,0.0455335417171041
3887,0.292852624920936,182.732331261743,2,0.0464134742979826
3888,0.297912713472486,182.779303367539,2,0.0480367942891092
3889,0.293991144845035,182.826275473334,2,0.0467196036265216
3890,0.293738140417457,182.87324757913,2,0.0466486797104626
3891,0.298671726755218,182.920219684926,2,0.0483405299720808
3892,0.302340290955092,182.967191790721,2,0.0500455773484397
3893,0.30246679316888,183.014163896517,2,0.0501116370193877
3894,0.305376344086021,183.061136002313,2,0.0517726646472477
3895,0.303352308665402,183.108108108108,2,0.0505881625875925
3896,0.295129664769133,183.155080213904,2,0.0470594919424029
3897,0.290828589500316,183.202052319699,2,0.0459507673926952
3898,0.285009487666034,183.249024425495,2,0.0451811597136262
3899,0.277166350411132,183.295996531291,2,0.0454191789751481
3900,0.270208728652751,183.342968637086,2,0.0468757772433182
3901,0.26831119544592,183.389940742882,2,0.0474884656191627
3902,0.263630613535737,183.436912848678,2,0.0494272558870138
3903,0.248829854522454,183.483884954473,2,0.0603927328090074
3904,0.233396584440228,183.530857060269,2,0.0834985285767423
3905,0.22416192283365,183.577829166064,2,0.106730221679327
3906,0.207590132827324,183.62480127186,2,0.179337915150394
3907,0.190385831752056,183.671773377656,2,0.324129772751607
3908,0.18494623655914,183.718745483451,2,0.388741867286812
3909,0.18595825426945,183.765717589247,2,0.376051064887624
3910,0.187729285262492,183.812689695043,2,0.354563834960938
3911,0.185705249841872,183.859661800838,2,0.379196221751637
3912,0.18393421884883,183.906633906634,2,0.401720164257834
3913,0.186717267552182,183.95360601243,2,0.366727869962622
3914,0.191777356103732,184.000578118225,2,0.309072863288654
3915,0.19898798228969,184.047550224021,2,0.240832589198386
3916,0.203542061986085,184.094522329816,2,0.205789829397205
3917,0.205439595192916,184.141494435612,2,0.192871182231803
3918,0.208222643896268,184.188466541408,2,0.175571324415986
3919,0.217963314358001,184.235438647203,2,0.128266760947705
3920,0.226185958254269,184.282410752999,2,0.100832123093257
3921,0.237444655281467,184.329382858795,2,0.075867669212655
3922,0.246552814674257,184.37635496459,2,0.0628949660359774
3923,0.251865907653384,184.423327070386,2,0.057439961926617
3924,0.252371916508539,184.470299176182,2,0.0569875838335164
3925,0.256040480708412,184.517271281977,2,0.0540206741590815
3926,0.261227071473751,184.564243387773,2,0.0506757263281323
3927,0.273750790638836,184.611215493568,2,0.0459831538847123
3928,0.286907020872865,184.658187599364,2,0.0453424345275114
3929,0.291967109424415,184.70515970516,2,0.046198325268881
3930,0.305123339658444,184.752131810955,2,0.0516171706215329
3931,0.31562302340291,184.799103916751,2,0.0600981510831497
3932,0.316888045540797,184.846076022547,2,0.06143867608808
3933,0.318406072106262,184.893048128342,2,0.0631526231490343
3934,0.323086654016445,184.940020234138,2,0.0692321530264208
3935,0.325869702719798,184.986992339934,2,0.0734860790190693
3936,0.324225173940544,185.033964445729,2,0.0709103307325783
3937,0.329158760278305,185.080936551525,2,0.0792212243586704
3938,0.329285262492094,185.12790865732,2,0.0794584382910558
3939,0.326249209361164,185.174880763116,2,0.0741070346380597
3940,0.322327640733713,185.221852868912,2,0.0681589247220472
3941,0.318785578747628,185.268824974707,2,0.0635997745798301
3942,0.311827956989247,185.315797080503,2,0.0565190373127175
3943,0.297027197975965,185.362769186299,2,0.0477028463322904
3944,0.283997469955724,185.409741292094,2,0.045130119373387
3945,0.276786843769766,185.45671339789,2,0.0454678146197916
3946,0.263504111321948,185.503685503686,2,0.0494885194753796
3947,0.246679316888046,185.550657609481,2,0.0627490679611663
3948,0.234535104364326,185.597629715277,2,0.0812167508230758
3949,0.22314990512334,185.644601821072,2,0.109874046392354
3950,0.211132194813409,185.691573926868,2,0.159422945896874
3951,0.202783048703352,185.738546032664,2,0.21122567970303
3952,0.199873497786211,185.785518138459,2,0.2335522977343
3953,0.210246679316888,185.832490244255,2,0.164138780794983
3954,0.215686274509804,185.879462350051,2,0.137691465734717
3955,0.221252371916509,185.926434455846,2,0.11614297637806
3956,0.225300442757748,185.973406561642,2,0.10335049201396
3957,0.227197975964579,186.020378667438,2,0.0980673580427217
3958,0.225553447185326,186.067350773233,2,0.102621295873708
3959,0.219734345351044,186.114322879029,2,0.121531249336597
3960,0.214168247944339,186.161294984824,2,0.144487992464983
3961,0.215686274509804,186.20826709062,2,0.137691465734717
3962,0.21606578115117,186.255239196416,2,0.136058052820365
3963,0.220493358633776,186.302211302211,2,0.11879416536945
3964,0.223402909550917,186.349183408007,2,0.10907544977595
3965,0.220999367488931,186.396155513803,2,0.117017322492764
3966,0.217330803289058,186.443127619598,2,0.13079572941131
3967,0.212903225806452,186.490099725394,2,0.150486016052017
3968,0.211891208096142,186.53707183119,2,0.155513612708842
3969,0.210752688172043,186.584043936985,2,0.161423314887586
3970,0.209487666034156,186.631016042781,2,0.16831746157226
3971,0.209867172675522,186.677988148576,2,0.166212139646545
3972,0.209108159392789,186.724960254372,2,0.170455157247004
3973,0.206198608475648,186.771932360168,2,0.187963790849892
3974,0.20101201771031,186.818904465963,2,0.22452886489784
3975,0.196710942441493,186.865876571759,2,0.260634614873391
3976,0.196204933586338,186.912848677555,2,0.265250655471458
3977,0.186717267552182,186.95982078335,2,0.366727869962623
3978,0.183554712207464,187.006792889146,2,0.406658745998161
3979,0.183428209993675,187.053764994941,2,0.408313432055403
3980,0.187855787476281,187.100737100737,2,0.353065108361981
3981,0.194813409234662,187.147709206533,2,0.278356277324473
3982,0.203542061986085,187.194681312328,2,0.205789829397205
3983,0.217710309930424,187.241653418124,2,0.129270345600976
3984,0.229348513598988,187.28862552392,2,0.0925721167905514
3985,0.238456672991777,187.335597629715,2,0.0741587825254982
3986,0.242631246046806,187.382569735511,2,0.067852192884656
3987,0.255028462998102,187.429541841307,2,0.0547861149862024
3988,0.269449715370019,187.476513947102,2,0.0471093170758051
3989,0.276913345983555,187.523486052898,2,0.0454512168194308
3990,0.281593927893738,187.570458158693,2,0.0451058881380409
3991,0.293232131562302,187.617430264489,2,0.0465118049810158
3992,0.306135357368754,187.664402370285,2,0.0522522279375912
3993,0.308159392789374,187.71137447608,2,0.0536299287274353
3994,0.312966476913346,187.758346581876,2,0.0575262574466162
3995,0.314358001265022,187.805318687672,2,0.0588335751978056
3996,0.315876027830487,187.852290793467,2,0.0603600687254386
3997,0.319291587602783,187.899262899263,2,0.0642079428804059
3998,0.322201138519924,187.946235005059,2,0.0679835036793893
3999,0.329791271347249,187.993207110854,2,0.0804202802976627
4000,0.342061986084756,188.04017921665,2,0.11139549308897
4001,0.33864642631246,188.087151322445,2,0.101098233258229
4002,0.340923466160658,188.134123428241,2,0.107796647996333
4003,0.34573055028463,188.181095534037,2,0.124238383864437
4004,0.348893105629348,188.228067639832,2,0.137008950429448
4005,0.350158127767236,188.275039745628,2,0.142606221056122
4006,0.347248576850095,188.322011851424,2,0.130158338631188
4007,0.343959519291588,188.368983957219,2,0.117791020593452
4008,0.340543959519292,188.415956063015,2,0.106634972627992
4009,0.338266919671094,188.462928168811,2,0.10004327429457
4010,0.340037950664137,188.509900274606,2,0.105114777269285
4011,0.339025932953827,188.556872380402,2,0.10217029252806
4012,0.335989879822897,188.603844486197,2,0.094058050221734
4013,0.336748893105629,188.650816591993,2,0.0959891970122141
4014,0.335989879822897,188.697788697789,2,0.094058050221734
4015,0.32966476913346,188.744760803584,2,0.080177858392666
4016,0.321189120809614,188.79173290938,2,0.066614760064205
4017,0.313851992409867,188.838705015176,2,0.0583482503765847
4018,0.308412397216951,188.885677120971,2,0.0538125675049491
4019,0.298545224541429,188.932649226767,2,0.0482887736641342
4020,0.287919038583175,188.979621332563,2,0.0454636657295961
4021,0.278810879190386,189.026593438358,2,0.0452483745191853
4022,0.262239089184061,189.073565544154,2,0.0501280837378813
4023,0.239342188488299,189.120537649949,2,0.0727236620257561
4024,0.22112586970272,189.167509755745,2,0.116578986399914
4025,0.195066413662239,189.214481861541,2,0.275928290607837
4026,0.175205566097407,189.261453967336,1,0.523316901746079
4027,0.148387096774194,189.308426073132,1,0.865883695573011
4028,0.125363693864643,189.355398178928,1,0.975882636071258
4029,0.107906388361796,189.402370284723,1,0.994961834988039
4030,0.0986717267552182,189.449342390519,1,0.997957967712359
4031,0.101834282099937,189.496314496315,1,0.997202410018001
4032,0.108159392789374,189.54328660211,1,0.994839229798421
4033,0.118912080961417,189.590258707906,1,0.986167594255143
4034,0.127008222643896,189.637230813701,1,0.972338994336207
4035,0.139531941808982,189.684202919497,1,0.926666931723625
4036,0.151170145477546,189.731175025293,1,0.840621732782881
4037,0.163440860215054,189.778147131088,1,0.694666735374197
4038,0.178368121442125,189.825119236884,2,0.477610748536448
4039,0.194433902593295,189.87209134268,2,0.282036073857719
4040,0.205186590765338,189.919063448475,2,0.194539488252327
4041,0.215939278937381,189.966035554271,2,0.13659966783445
4042,0.228209993674889,190.013007660067,2,0.0954187858098385
4043,0.239342188488299,190.059979765862,2,0.0727236620257561
4044,0.247817836812144,190.106951871658,2,0.0614728884930962
4045,0.257052498418722,190.153923977453,2,0.0532936303444688
4046,0.261227071473751,190.200896083249,2,0.0506757263281323
4047,0.261733080328906,190.247868189045,2,0.0503978436041526
4048,0.263251106894371,190.29484029484,2,0.0496125029215027
4049,0.263883617963314,190.341812400636,2,0.04930617734564
4050,0.262871600253004,190.388784506432,2,0.0498021420532388
4051,0.262871600253004,190.435756612227,2,0.0498021420532388
4052,0.265781151170146,190.482728718023,2,0.0484585356806844
4053,0.272612270714737,190.529700823819,2,0.0462352197713131
4054,0.281846932321316,190.576672929614,2,0.0451020181632397
4055,0.291081593927894,190.62364503541,2,0.0460029771982319
4056,0.296268184693232,190.670617141205,2,0.0474338100990771
4057,0.299557242251739,190.717589247001,2,0.0487156772170946
4058,0.304870335230867,190.764561352797,2,0.0514638303095431
4059,0.305249841872233,190.811533458592,2,0.0516946474398831
4060,0.303605313092979,190.858505564388,2,0.0507288987890281
4061,0.305249841872233,190.905477670184,2,0.0516946474398831
4062,0.30550284629981,190.952449775979,2,0.0518512242227313
4063,0.305249841872233,190.999421881775,2,0.0516946474398831
4064,0.307653383934219,191.04639398757,2,0.0532717103834501
4065,0.299051233396584,191.093366093366,2,0.0484985426485732
4066,0.292726122707147,191.140338199162,2,0.0463815170002821
4067,0.283617963314358,191.187310304957,2,0.0451172258034994
4068,0.271726755218216,191.234282410753,2,0.0464539245823821
4069,0.253636938646426,191.281254516549,2,0.0559036288366386
4070,0.231752055660974,191.328226622344,2,0.0869968691413597
4071,0.21404174573055,191.37519872814,2,0.145073842258175
4072,0.204554079696395,191.422170833936,2,0.198782499652814
4073,0.197596457938014,191.469142939731,2,0.252746458679035
4074,0.196457938013915,191.516115045527,2,0.262932720576508
4075,0.195825426944972,191.563087151322,2,0.268764868597104
4076,0.199240986717268,191.610059257118,2,0.23872883251212
4077,0.205566097406705,191.657031362914,2,0.19204316214713
4078,0.213915243516762,191.704003468709,2,0.145662754175464
4079,0.224288425047438,191.750975574505,2,0.106346610539655
4080,0.232511068943707,191.797947680301,2,0.0853516901454519
4081,0.244781783681214,191.844919786096,2,0.06502697883165
4082,0.250980392156863,191.891891891892,2,0.0582582649878122
4083,0.261100569259962,191.938863997688,2,0.0507464792264427
4084,0.26932321315623,191.985836103483,2,0.0471497264660145
4085,0.274636306135357,192.032808209279,2,0.0458094654301776
4086,0.277292852624921,192.079780315074,2,0.045403738161833
4087,0.281973434535104,192.12675242087,2,0.0451006497110626
4088,0.286780518659077,192.173724526666,2,0.0453290097194739
4089,0.280834914611006,192.220696632461,2,0.0451265667743027
4090,0.281720430107527,192.267668738257,2,0.0451037642916358
4091,0.280834914611006,192.314640844053,2,0.0451265667743027
4092,0.280834914611006,192.361612949848,2,0.0451265667743027
4093,0.282858950031626,192.408585055644,2,0.0451016438676552
4094,0.285262492093612,192.45555716144,2,0.045197712113193
4095,0.284629981024668,192.502529267235,2,0.0451591774585728
4096,0.281214421252372,192.549501373031,2,0.0451145265388334
4097,0.285768500948767,192.596473478826,2,0.0452353782825049
4098,0.281214421252372,192.643445584622,2,0.0451145265388334
4099,0.272232764073371,192.690417690418,2,0.0463265058491022
4100,0.258444022770398,192.737389796213,2,0.0523544538400509
4101,0.243769765970904,192.784361902009,2,0.0663230446851069
4102,0.224414927261227,192.831334007805,2,0.105965045280705
4103,0.202656546489564,192.8783061136,2,0.212146933726822
4104,0.186717267552182,192.925278219396,2,0.366727869962623
4105,0.166223908918406,192.972250325192,1,0.655386457608673
4106,0.136116382036686,193.019222430987,1,0.943057578835721
4107,0.0920936116382037,193.066194536783,1,0.998958140111269
4108,0.0550284629981025,193.113166642578,1,0.999984982209127
4109,0.0298545224541429,193.160138748374,1,0.999999451236965
4110,0.0177103099304238,193.20711085417,1,0.99999990179613
4111,0.0140417457305503,193.254082959965,1,0.999999942523145
4112,0.0155597722960152,193.301055065761,1,0.999999928196698
4113,0.0330170777988615,193.348027171557,1,0.999999152336999
4114,0.069449715370019,193.394999277352,1,0.999914498416876
4115,0.123213156230234,193.441971383148,1,0.979898940588277
4116,0.166476913345984,193.488943488944,1,0.651745027130374
4117,0.195066413662239,193.535915594739,2,0.275928290607837
4118,0.223908918406072,193.582887700535,2,0.10750362410056
4119,0.250980392156863,193.62985980633,2,0.0582582649878122
4120,0.265022137887413,193.676831912126,2,0.0487849328974002
4121,0.276913345983555,193.723804017922,2,0.0454512168194308
4122,0.282099936748893,193.770776123717,2,0.045099658902354
4123,0.28842504743833,193.817748229513,2,0.0455335417171041
4124,0.29146110056926,193.864720335309,2,0.0460842885822024
4125,0.292220113851992,193.911692441104,2,0.0462577651969094
4126,0.294370651486401,193.9586645469,2,0.0468291170317575
4127,0.303225806451613,194.005636652696,2,0.0505185640351068
4128,0.311827956989247,194.052608758491,2,0.0565190373127175
4129,0.312207463630614,194.099580864287,2,0.0568486903208749
4130,0.315876027830487,194.146552970082,2,0.0603600687254386
4131,0.319544592030361,194.193525075878,2,0.0645172294933198
4132,0.321821631878558,194.240497181674,2,0.067463058640558
4133,0.322327640733713,194.287469287469,2,0.0681589247220472
4134,0.320683111954459,194.334441393265,2,0.0659529861425454
4135,0.3146110056926,194.381413499061,2,0.0590805789231308
4136,0.309171410499684,194.428385604856,2,0.0543748285599919
4137,0.299177735610373,194.475357710652,2,0.0485521324620176
4138,0.29652118912081,194.522329816447,2,0.047521740734505
4139,0.278684376976597,194.569301922243,2,0.0452592182480539
4140,0.2573055028463,194.616274028039,2,0.0531177272221168
4141,0.234029095509171,194.663246133834,2,0.0822171557509749
4142,0.195698924731183,194.71021823963,2,0.269946250890412
4143,0.155850727387729,194.757190345426,1,0.791237118681771
4144,0.136622390891841,194.804162451221,1,0.940844522527539
4145,0.112713472485769,194.851134557017,1,0.992096261649205
4146,0.101328273244782,194.898106662813,1,0.997338813344809
4147,0.0913345983554712,194.945078768608,1,0.999037480589112
4148,0.0824794433902593,194.992050874404,1,0.99962691923714
4149,0.068943706514864,195.039022980199,1,0.999919404866693
4150,0.0497153700189753,195.085995085995,1,0.999992311712738
4151,0.0341555977229602,195.132967191791,1,0.999999010029137
4152,0.0245414294750158,195.179939297586,1,0.999999738917059
4153,0.0335230866540164,195.226911403382,1,0.999999091726797
4154,0.0268184693232132,195.273883509178,1,0.999999640365879
4155,0.0191018342820999,195.320855614973,1,0.99999987990306
4156,0.0153067678684377,195.367827720769,1,0.999999930805126
4157,0.0116382036685642,195.414799826565,1,0.999999959696744
4158,0.00847564832384567,195.46177193236,1,0.999999974857235
4159,0.00683111954459203,195.508744038156,1,0.999999980370448
4160,0.00759013282732448,195.555716143951,1,0.999999977990663
4161,0.00809614168247944,195.602688249747,1,0.999999976250096
4162,0.00531309297912713,195.649660355543,1,0.999999984400669
4163,0.00531309297912713,195.696632461338,1,0.999999984400669
4164,0.00784313725490196,195.743604567134,1,0.999999977136536
4165,0.00860215053763441,195.79057667293,1,0.999999974375475
4166,0.00670461733080329,195.837548778725,1,0.999999980741862
4167,0.00468058191018343,195.884520884521,1,0.999999985830355
4168,0.00417457305502846,195.931492990317,1,0.999999986881239
4169,0.00556609740670462,195.978465096112,1,0.999999983790182
4170,0.00721062618595825,196.025437201908,1,0.999999979213766
4171,0.00670461733080329,196.072409307703,1,0.999999980741862
4172,0.00961416824794434,196.119381413499,1,0.999999970183205
4173,0.022011385199241,196.166353519295,1,0.999999817696306
4174,0.043010752688172,196.21332562509,1,0.999996769209335
4175,0.0637571157495256,196.260297730886,1,0.999956376502393
4176,0.076786843769766,196.307269836682,1,0.999801730101994
4177,0.110056925996205,196.354241942477,1,0.993826886711851
4178,0.127893738140417,196.401214048273,1,0.970244011761459
4179,0.142947501581278,196.448186154069,1,0.906571236208316
4180,0.152814674256799,196.495158259864,1,0.824246183186606
4181,0.163693864642631,196.54213036566,1,0.691162485071832
4182,0.174446552814674,196.589102471455,1,0.534460101983146
4183,0.183554712207464,196.636074577251,2,0.406658745998161
4184,0.191144845034788,196.683046683047,2,0.315840792233796
4185,0.199493991144845,196.730018788842,2,0.236644060189913
4186,0.204301075268817,196.776990894638,2,0.200508913907758
4187,0.213662239089184,196.823963000434,2,0.146849821841905
4188,0.220999367488931,196.870935106229,2,0.117017322492764
4189,0.227071473750791,196.917907212025,2,0.0984064997834629
4190,0.230993042378242,196.964879317821,2,0.0886961958219587
4191,0.234029095509171,197.011851423616,2,0.0822171557509749
4192,0.236432637571158,197.058823529412,2,0.0776528160974535
4193,0.236432637571157,197.105795635207,2,0.0776528160974535
4194,0.227703984819734,197.152767741003,2,0.0967288494612089
4195,0.216318785578748,197.199739846799,2,0.134983322032605
4196,0.206578115117015,197.246711952594,2,0.185564208736826
4197,0.190638836179633,197.29368405839,2,0.321346520751707
4198,0.162175838077166,197.340656164186,1,0.711955010503101
4199,0.128146742567995,197.387628269981,1,0.969620030928507
4200,0.104743833017078,197.434600375777,1,0.99628150515845
4201,0.0593295382669197,197.481572481572,1,0.999974468598696
4202,0.0488298545224541,197.528544587368,1,0.999993133844685
4203,0.0368121442125237,197.575516693164,1,0.999998581962778
4204,0.0256799493991145,197.622488798959,1,0.999999693469343
4205,0.017583807716635,197.669460904755,1,0.999999903581583
4206,0.0127767235926629,197.716433010551,1,0.999999952298585
4207,0.0135357368753953,197.763405116346,1,0.999999946647595
4208,0.0169512966476913,197.810377222142,1,0.999999912045139
4209,0.018595825426945,197.857349327938,1,0.999999888364526
4210,0.0184693232131562,197.904321433733,1,0.999999890387452
4211,0.022011385199241,197.951293539529,1,0.999999817696306
4212,0.0345351043643264,197.998265645324,1,0.99999895763394
4213,0.0459203036053131,198.04523775112,1,0.999995279167774
4214,0.047944339025933,198.092209856916,1,0.999993870698033
4215,0.0604680581910183,198.139181962711,1,0.999970667858889
4216,0.0853889943074004,198.186154068507,1,0.999488168374839
4217,0.105249841872233,198.233126174303,1,0.996094805577085
4218,0.129158760278305,198.280098280098,1,0.967006220823007
4219,0.15977229601518,198.327070385894,1,0.743600289397044
4220,0.182163187855787,198.37404249169,2,0.425086744133094
4221,0.192915876027831,198.421014597485,2,0.297211119570766
4222,0.199367488931056,198.467986703281,2,0.237684078946263
4223,0.208855154965212,198.514958809076,2,0.171898476302772
4224,0.216698292220114,198.561930914872,2,0.133392269339262
4225,0.218216318785579,198.608903020668,2,0.127273724402841
4226,0.227324478178368,198.655875126463,2,0.0977300315659361
4227,0.235420619860848,198.702847232259,2,0.0795174187349985
4228,0.239468690702087,198.749819338055,2,0.0725231051685979
4229,0.239595192915876,198.79679144385,2,0.0723236465444803
4230,0.244908285895003,198.843763549646,2,0.0648690307259244
4231,0.256166982922201,198.890735655442,2,0.0539277190388317
4232,0.265022137887413,198.937707761237,2,0.0487849328974002
4233,0.270461733080329,198.984679867033,2,0.0468013046821907
4234,0.275015812776724,199.031651972828,2,0.0457409592871302
4235,0.27843137254902,199.078624078624,2,0.0452820502994232
4236,0.276913345983555,199.12559618442,2,0.0454512168194308
4237,0.277545857052498,199.172568290215,2,0.0453740108992257
4238,0.27944339025933,199.219540396011,2,0.0451998687205756
4239,0.275648323845667,199.266512501807,2,0.0456346358884765
4240,0.26729917773561,199.313484607602,2,0.0478550789901077
4241,0.264010120177103,199.360456713398,2,0.0492463593774223
4242,0.256040480708412,199.407428819194,2,0.0540206741590815
4243,0.246932321315623,199.454400924989,2,0.0624597590560185
4244,0.241745730550285,199.501373030785,2,0.0690956396172313
4245,0.237065148640101,199.54834513658,2,0.0765279941278211
4246,0.232890575585073,199.595317242376,2,0.0845488825541455
4247,0.228589500316256,199.642289348172,2,0.0944545507544753
4248,0.227197975964579,199.689261453967,2,0.0980673580427217
4249,0.23415559772296,199.736233559763,2,0.0819650180716631
4250,0.236432637571157,199.783205665559,2,0.0776528160974535
4251,0.24123972169513,199.830177771354,2,0.0698281487049737
4252,0.250347881087919,199.87714987715,2,0.0588640205489639
4253,0.256672991777356,199.924121982946,2,0.0535618495574292
4254,0.256166982922201,199.971094088741,2,0.0539277190388317
4255,0.261100569259962,200.018066194537,2,0.0507464792264427
4256,0.272865275142315,200.065038300332,2,0.0461763883856208
4257,0.278178368121442,200.112010406128,2,0.0453064103155785
4258,0.283364958886781,200.158982511924,2,0.0451105204627424
4259,0.285262492093612,200.205954617719,2,0.045197712113193
4260,0.28640101201771,200.252926723515,2,0.0452910327440475
4261,0.286021505376344,200.299898829311,2,0.0452564956623812
4262,0.282226438962682,200.346870935106,2,0.0450990457134019
4263,0.273750790638836,200.393843040902,2,0.0459831538847123
4264,0.263124604680582,200.440815146698,2,0.0496752258715045
4265,0.252751423149905,200.487787252493,2,0.0566554195500685
4266,0.243896268184693,200.534759358289,2,0.0661578374943992
4267,0.23415559772296,200.581731464084,2,0.0819650180716631
4268,0.229222011385199,200.62870356988,2,0.0928816522920116
4269,0.227071473750791,200.675675675676,2,0.0984064997834629
4270,0.226818469323213,200.722647781471,2,0.0990902670916827
4271,0.227071473750791,200.769619887267,2,0.0984064997834629
4272,0.228589500316256,200.816591993063,2,0.0944545507544753
4273,0.227703984819734,200.863564098858,2,0.0967288494612088
4274,0.229981024667932,200.910536204654,2,0.0910491813254677
4275,0.235673624288425,200.957508310449,2,0.0790436387535405
4276,0.244149272612271,201.004480416245,2,0.0658301872905147
4277,0.251612903225806,201.051452522041,2,0.0576702725225914
4278,0.257811511701455,201.098424627836,2,0.0527728232089991
4279,0.25932953826692,201.145396733632,2,0.051792080873893
4280,0.258697027197976,201.192368839428,2,0.0521910210643519
4281,0.258191018342821,201.239340945223,2,0.0525201152793812
4282,0.26135357368754,201.286313051019,2,0.0506054880769559
4283,0.26527514231499,201.333285156815,2,0.0486742786767158
4284,0.26831119544592,201.38025726261,2,0.0474884656191627
4285,0.270967741935484,201.427229368406,2,0.0466573768575998
4286,0.274130297280202,201.474201474201,2,0.0459063350919216
4287,0.274889310562935,201.521173579997,2,0.0457634009258308
4288,0.273877292852625,201.568145685793,2,0.0459571495946415
4289,0.275268817204301,201.615117791588,2,0.0456972545332779
4290,0.273497786211259,201.662089897384,2,0.0460363596816785
4291,0.271979759645794,201.70906200318,2,0.0463893978317265
4292,0.270967741935484,201.756034108975,2,0.0466573768575998
4293,0.270588235294118,201.803006214771,2,0.0467646968962968
4294,0.270841239721695,201.849978320567,2,0.046692733859225
4295,0.269955724225174,201.896950426362,2,0.0469519318524443
4296,0.268817204301075,201.943922532158,2,0.0473156459650228
4297,0.272991777356104,201.990894637953,2,0.046147578341909
4298,0.267425679949399,202.037866743749,2,0.0478077087089272
4299,0.263251106894371,202.084838849545,2,0.0496125029215027
4300,0.265907653383934,202.13181095534,2,0.0484057515997868
4301,0.269196710942442,202.178783061136,2,0.0471905630471481
4302,0.26831119544592,202.225755166932,2,0.0474884656191627
4303,0.265148640101202,202.272727272727,2,0.048729372764153
4304,0.261606578115117,202.319699378523,2,0.05046654846134
4305,0.262492093611638,202.366671484319,2,0.0499962159056802
4306,0.258823529411765,202.413643590114,2,0.0521101352131472
4307,0.252877925363694,202.46061569591,2,0.0565460386206518
4308,0.244275774826059,202.507587801705,2,0.0656677353376685
4309,0.233776091081594,202.554559907501,2,0.0827255464862003
4310,0.223402909550917,202.601532013297,2,0.10907544977595
4311,0.207590132827324,202.648504119092,2,0.179337915150394
4312,0.190512333965844,202.695476224888,2,0.322735617921851
4313,0.172549019607843,202.742448330684,1,0.56248419220025
4314,0.143580012650221,202.789420436479,1,0.902407199284752
4315,0.108665401644529,202.836392542275,1,0.99458561165524
4316,0.087539531941809,202.883364648071,1,0.999355356215092
4317,0.0747628083491461,202.930336753866,1,0.999842321400966
4318,0.0645161290322581,202.977308859662,1,0.999952232358922
4319,0.065528146742568,203.024280965457,1,0.999946114567259
4320,0.0794433902593295,203.071253071253,1,0.999733103108811
4321,0.0974067046173308,203.118225177049,1,0.998202443969575
4322,0.121948134092347,203.165197282844,1,0.981968327341644
4323,0.147881087919039,203.21216938864,1,0.870147044442973
4324,0.170018975332068,203.259141494436,1,0.599946034776911
4325,0.191903858317521,203.306113600231,2,0.307734532497943
4326,0.214800759013283,203.353085706027,2,0.141604175455738
4327,0.23719165085389,203.400057811823,2,0.0763066842270328
4328,0.254648956356736,203.447029917618,2,0.0550833106151628
4329,0.268058191018343,203.494002023414,2,0.0475774840464869
4330,0.274509803921569,203.540974129209,2,0.0458330894060154
4331,0.280075901328273,203.587946235005,2,0.0451608638590257
4332,0.282858950031626,203.634918340801,2,0.0451016438676552
4333,0.287160025300443,203.681890446596,2,0.0453704347865145
4334,0.289690069576218,203.728862552392,2,0.0457354590911698
4335,0.28943706514864,203.775834658188,2,0.0456919488199442
4336,0.284882985452245,203.822806763983,2,0.0451734529672909
4337,0.289563567362429,203.869778869779,2,0.0457135077770557
4338,0.281340923466161,203.916750975575,2,0.0451112691972438
4339,0.274509803921569,203.96372308137,2,0.0458330894060154
4340,0.268564199873498,204.010695187166,2,0.04740118910834
4341,0.257685009487666,204.057667292961,2,0.0528581919788765
4342,0.244022770398482,204.104639398757,2,0.0659935531907251
4343,0.228209993674889,204.151611504553,2,0.0954187858098385
4344,0.212523719165085,204.198583610348,2,0.152347016074172
4345,0.190765338393422,204.245555716144,2,0.31996248566686
4346,0.158507273877293,204.29252782194,1,0.759543516321416
4347,0.122707147375079,204.339499927735,1,0.980751248131075
4348,0.102719797596458,204.386472033531,1,0.996947745385139
4349,0.09146110056926,204.433444139327,1,0.999024667942865
4350,0.0813409234661607,204.480416245122,1,0.999670758639907
4351,0.0731182795698925,204.527388350918,1,0.9998693162528
4352,0.0699557242251739,204.574360456713,1,0.999909306023765
4353,0.0574320050600886,204.621332562509,1,0.999979772591256
4354,0.0507273877292853,204.668304668305,1,0.999991255527402
4355,0.0445287792536369,204.7152767741,1,0.99999606000479
4356,0.0388361796331436,204.762248879896,1,0.999998140195645
4357,0.0296015180265655,204.809220985692,1,0.99999947012313
4358,0.0173308032890576,204.856193091487,1,0.99999990705814
4359,0.00898165717900063,204.903165197283,1,0.999999972875527
4360,0.00556609740670462,204.950137303078,1,0.999999983790182
4361,0.00303605313092979,204.997109408874,1,0.999999988975187
4362,0.00354206198608476,205.04408151467,1,0.999999988088281
4363,0.00303605313092979,205.091053620465,1,0.999999988975187
4364,0.00328905755850727,205.138025726261,1,0.99999998854011
4365,0.00303605313092979,205.184997832057,1,0.999999988975187
4366,0.00354206198608476,205.231969937852,1,0.999999988088281
4367,0.00404807084123972,205.278942043648,1,0.999999987131831
4368,0.00442757748260595,205.325914149444,1,0.999999986365679
4369,0.00202403542061986,205.372886255239,1,0.999999990559783
4370,0.00202403542061986,205.419858361035,1,0.999999990559783
4371,0.00202403542061986,205.46683046683,1,0.999999990559783
4372,0.00202403542061986,205.513802572626,1,0.999999990559783
4373,0.00202403542061986,205.560774678422,1,0.999999990559783
4374,0.0021505376344086,205.607746784217,1,0.999999990374596
4375,0.00177103099304238,205.654718890013,1,0.999999990919776
4376,0.00253004427577483,205.701690995809,1,0.999999989797489
4377,0.00417457305502846,205.748663101604,1,0.999999986881239
4378,0.00442757748260595,205.7956352074,1,0.999999986365679
4379,0.00645161290322581,205.842607313196,1,0.999999981464227
4380,0.01808981657179,205.889579418991,1,0.999999896244394
4381,0.043010752688172,205.936551524787,1,0.999996769209335
4382,0.0809614168247944,205.983523630582,1,0.999684245754738
4383,0.115243516761543,206.030495736378,1,0.990038882712199
4384,0.135863377609108,206.077467842174,1,0.944137492711945
4385,0.167109424414927,206.124439947969,1,0.642599501105241
4386,0.183175205566097,206.171412053765,2,0.411635382162147
4387,0.206704617330803,206.218384159561,2,0.184772264042135
4388,0.227577482605946,206.265356265356,2,0.0970607866537479
4389,0.246805819101834,206.312328371152,2,0.0626040002712965
4390,0.263124604680582,206.359300476948,2,0.0496752258715045
4391,0.275142314990512,206.406272582743,2,0.0457189106666418
4392,0.280202403542062,206.453244688539,2,0.0451542008435473
4393,0.285262492093612,206.500216794334,2,0.045197712113193
4394,0.289184060721063,206.54718890013,2,0.0456500059096712
4395,0.292220113851992,206.594161005926,2,0.0462577651969094
4396,0.296774193548387,206.641133111721,2,0.0476114165476359
4397,0.299683744465528,206.688105217517,2,0.0487711217376354
4398,0.301581277672359,206.735077323313,2,0.0496596377285453
4399,0.303731815306768,206.782049429108,2,0.0508000399792657
4400,0.306261859582543,206.829021534904,2,0.0523340841223701
4401,0.310183428209994,206.8759936407,2,0.0551587103153303
4402,0.312839974699557,206.922965746495,2,0.0574116191073392
4403,0.316382036685642,206.969937852291,2,0.0608931278910365
4404,0.319544592030361,207.016909958086,2,0.0645172294933199
4405,0.320936116382037,207.063882063882,2,0.06628202053397
4406,0.319544592030361,207.110854169678,2,0.0645172294933198
4407,0.31562302340291,207.157826275473,2,0.0600981510831497
4408,0.313345983554712,207.204798381269,2,0.0578743317295211
4409,0.304870335230867,207.251770487065,2,0.0514638303095431
4410,0.301328273244782,207.29874259286,2,0.0495349215867985
4411,0.292726122707147,207.345714698656,2,0.0463815170002821
4412,0.276154332700822,207.392686804452,2,0.0455566086326658
4413,0.259076533839342,207.439658910247,2,0.0519500142935064
4414,0.244781783681214,207.486631016043,2,0.06502697883165
4415,0.233902593295383,207.533603121838,2,0.0824706628458736
4416,0.226691967109424,207.580575227634,2,0.0994349117954717
4417,0.229348513598988,207.62754733343,2,0.0925721167905514
4418,0.226059456040481,207.674519439225,2,0.101186132835744
4419,0.224541429475016,207.721491545021,2,0.105585515339212
4420,0.226691967109424,207.768463650817,2,0.0994349117954717
4421,0.229854522454143,207.815435756612,2,0.0913504981276102
4422,0.229728020240354,207.862407862408,2,0.091653441525749
4423,0.223655913978495,207.909379968204,2,0.108285338037831
4424,0.216951296647691,207.956352073999,2,0.132345438404494
4425,0.20202403542062,208.003324179795,2,0.216819522255283
4426,0.192789373814042,208.05029628559,2,0.298508731168055
4427,0.192156862745098,208.097268391386,2,0.305073137759974
4428,0.193421884882985,208.144240497182,2,0.292071539050772
4429,0.190006325110689,208.191212602977,2,0.328342533914833
4430,0.192536369386464,208.238184708773,2,0.30111922256442
4431,0.197343453510436,208.285156814569,2,0.25497568031425
4432,0.195825426944972,208.332128920364,2,0.268764868597104
4433,0.195572422517394,208.37910102616,2,0.271132633375213
4434,0.197849462365591,208.426073131956,2,0.250536758438719
4435,0.198355471220746,208.473045237751,2,0.246175615770549
4436,0.197849462365591,208.520017343547,2,0.250536758438719
4437,0.199873497786211,208.566989449342,2,0.2335522977343
4438,0.204301075268817,208.613961555138,2,0.200508913907758
4439,0.208602150537634,208.660933660934,2,0.173356488662636
4440,0.209361163820367,208.707905766729,2,0.169026409407238
4441,0.213788741302973,208.754877872525,2,0.146254742572836
4442,0.2191018342821,208.801849978321,2,0.123879669454671
4443,0.22517394054396,208.848822084116,2,0.103718029124586
4444,0.22909550917141,208.895794189912,2,0.0931928574745475
4445,0.231752055660974,208.942766295707,2,0.0869968691413597
4446,0.232764073371284,208.989738401503,2,0.0848150400467317
4447,0.232258064516129,209.036710507299,2,0.0858941708391143
4448,0.229601518026565,209.083682613094,2,0.0919580200468738
4449,0.226438962681847,209.13065471889,2,0.100129771500917
4450,0.22314990512334,209.177626824686,2,0.109874046392354
4451,0.218342820999367,209.224598930481,2,0.12678112917053
4452,0.210499683744466,209.271571036277,2,0.162774096499565
4453,0.206831119544592,209.318543142073,2,0.183984252060815
4454,0.207337128399747,209.365515247868,2,0.180871227101875
4455,0.211258697027198,209.412487353664,2,0.158762976936572
4456,0.215686274509804,209.459459459459,2,0.137691465734717
4457,0.214421252371917,209.506431565255,2,0.143325422008013
4458,0.217457305502846,209.553403671051,2,0.130284583014318
4459,0.222390891840607,209.600375776846,2,0.112321628195212
4460,0.229222011385199,209.647347882642,2,0.0928816522920116
4461,0.237571157495256,209.694319988438,2,0.075649951833264
4462,0.247817836812144,209.741292094233,2,0.0614728884930962
4463,0.257052498418722,209.788264200029,2,0.0532936303444688
4464,0.263251106894371,209.835236305825,2,0.0496125029215027
4465,0.261480075901328,209.88220841162,2,0.0505357627057825
4466,0.263630613535737,209.929180517416,2,0.0494272558870138
4467,0.261986084756483,209.976152623211,2,0.0502619551622537
4468,0.257179000632511,210.023124729007,2,0.0532053893284252
4469,0.254775458570525,210.070096834803,2,0.0549836215038104
4470,0.255534471853257,210.117068940598,2,0.054398517488098
4471,0.25123339658444,210.164041046394,2,0.0580209584289916
4472,0.244528779253637,210.21101315219,2,0.0653455555861906
4473,0.224794433902593,210.257985257985,2,0.104832519401798
4474,0.21808981657179,210.304957363781,2,0.127768930673486
4475,0.209108159392789,210.351929469577,2,0.170455157247004
4476,0.200632511068944,210.398901575372,2,0.227495029681829
4477,0.192789373814042,210.445873681168,2,0.298508731168055
4478,0.18798228969007,210.492845786963,2,0.35157126496987
4479,0.18697027197976,210.539817892759,2,0.363658018870295
4480,0.18798228969007,210.586789998555,2,0.35157126496987
4481,0.192409867172676,210.63376210435,2,0.302432103661099
4482,0.197596457938014,210.680734210146,2,0.252746458679035
4483,0.204680581910183,210.727706315942,2,0.197925581267326
4484,0.209234661606578,210.774678421737,2,0.169738969551392
4485,0.21201771030993,210.821650527533,2,0.154873731434111
4486,0.216571790006325,210.868622633329,2,0.133919832554427
4487,0.222896900695762,210.915594739124,2,0.110681215758148
4488,0.227450980392157,210.96256684492,2,0.0973945109036633
4489,0.234914611005693,211.009538950715,2,0.0804805554314579
4490,0.243769765970904,211.056511056511,2,0.0663230446851069
4491,0.25123339658444,211.103483162307,2,0.0580209584289916
4492,0.256672991777356,211.150455268102,2,0.0535618495574292
4493,0.263630613535737,211.197427373898,2,0.0494272558870138
4494,0.265654648956357,211.244399479694,2,0.0485117791068032
4495,0.263251106894371,211.291371585489,2,0.0496125029215027
4496,0.261480075901328,211.338343691285,2,0.0505357627057825
4497,0.253130929791271,211.385315797081,2,0.05632927029975
4498,0.236432637571158,211.432287902876,2,0.0776528160974535
4499,0.219860847564832,211.479260008672,2,0.12106899250132
4500,0.21808981657179,211.526232114467,2,0.127768930673486
4501,0.223782416192283,211.573204220263,2,0.107893436755454
4502,0.22517394054396,211.620176326059,2,0.103718029124586
4503,0.235041113219481,211.667148431854,2,0.0802378073385703
4504,0.252624920936116,211.71412053765,2,0.0567654688036454
4505,0.256166982922201,211.761092643446,2,0.0539277190388317
4506,0.262998102466793,211.808064749241,2,0.0497384383892197
4507,0.268058191018343,211.855036855037,2,0.0475774840464869
4508,0.272738772928526,211.902008960833,2,0.0462056019597867
4509,0.278051865907653,211.948981066628,2,0.0453191640349058
4510,0.280328905755851,211.995953172424,2,0.0451479167534977
4511,0.281214421252372,212.042925278219,2,0.0451145265388334
4512,0.2853889943074,212.089897384015,2,0.0452065581629277
4513,0.285135989879823,212.136869489811,2,0.0451892460310288
4514,0.291334598355471,212.183841595606,2,0.0460567843674312
4515,0.299177735610373,212.230813701402,2,0.0485521324620176
4516,0.305123339658444,212.277785807198,2,0.0516171706215329
4517,0.305882352941176,212.324757912993,2,0.0520901771728742
4518,0.303605313092979,212.371730018789,2,0.0507288987890281
4519,0.301328273244782,212.418702124585,2,0.0495349215867985
4520,0.299051233396584,212.46567423038,2,0.0484985426485732
4521,0.299304237824162,212.512646336176,2,0.0486061839345186
4522,0.296015180265655,212.559618441971,2,0.0473476160256756
4523,0.290702087286528,212.606590547767,2,0.0459252599193035
4524,0.283744465528147,212.653562653563,2,0.0451211454918023
4525,0.27438330170778,212.700534759358,2,0.0458571086204887
4526,0.259456040480708,212.747506865154,2,0.0517139294541955
4527,0.242884250474383,212.79447897095,2,0.0675057183101059
4528,0.230613535736875,212.841451076745,2,0.0895667009335148
4529,0.217204301075269,212.888423182541,2,0.131309578576153
4530,0.202150537634409,212.935395288336,2,0.215876116223694
4531,0.172928526249209,212.982367394132,1,0.556866433159416
4532,0.140796963946869,213.029339499928,1,0.919680798137589
4533,0.113725490196078,213.076311605723,1,0.99132581336007
4534,0.0974067046173308,213.123283711519,1,0.998202443969575
4535,0.0871600253004428,213.170255817315,1,0.99938095866848
4536,0.0820999367488931,213.21722792311,1,0.999642116871335
4537,0.0779253636938646,213.264200028906,1,0.999774686960298
4538,0.0788108791903858,213.311172134702,1,0.999751250805821
4539,0.0785578747628083,213.358144240497,1,0.999758174470107
4540,0.0839974699557242,213.405116346293,1,0.999559745413312
4541,0.0985452245414295,213.452088452088,1,0.997983759613037
4542,0.116761543327008,213.499060557884,1,0.98857748784539
4543,0.138266919671094,213.54603266368,1,0.933144344681952
4544,0.157242251739405,213.593004769475,1,0.77494857361596
4545,0.179000632511069,213.639976875271,2,0.468653721018273
4546,0.190006325110689,213.686948981067,2,0.328342533914833
4547,0.205692599620493,213.733921086862,2,0.191219210711912
4548,0.219607843137255,213.780893192658,2,0.121995965329733
4549,0.23010752688172,213.827865298454,2,0.0907494826370661
4550,0.239848197343454,213.874837404249,2,0.071928001882808
4551,0.249082858950032,213.921809510045,2,0.0601304369174069
4552,0.255154965211891,213.96878161584,2,0.0546882924618786
4553,0.265907653383934,214.015753721636,2,0.0484057515997868
4554,0.265528146742568,214.062725827432,2,0.04856548319416
4555,0.266919671094244,214.109697933227,2,0.0479998613828411
4556,0.270588235294118,214.156670039023,2,0.0467646968962968
4557,0.270967741935484,214.203642144819,2,0.0466573768575998
4558,0.269070208728653,214.250614250614,2,0.047231827816673
4559,0.267678684376977,214.29758635641,2,0.0477142969194039
4560,0.267552182163188,214.344558462206,2,0.0477607817362622
4561,0.260721062618596,214.391530568001,2,0.0509618436846848
4562,0.260721062618596,214.438502673797,2,0.0509618436846848
4563,0.258950031625553,214.485474779592,2,0.0520298003038277
4564,0.255154965211891,214.532446885388,2,0.0546882924618786
4565,0.247817836812144,214.579418991184,2,0.0614728884930962
4566,0.239342188488299,214.626391096979,2,0.0727236620257561
4567,0.23516761543327,214.673363202775,2,0.0799963730375064
4568,0.235673624288425,214.720335308571,2,0.0790436387535405
4569,0.232258064516129,214.767307414366,2,0.0858941708391143
4570,0.22314990512334,214.814279520162,2,0.109874046392354
4571,0.212650221378874,214.861251625958,2,0.151723465716885
4572,0.2,214.908223731753,2,0.232531102555782
4573,0.183428209993675,214.955195837549,2,0.408313432055403
4574,0.163946869070209,215.002167943344,1,0.687643634690499
4575,0.148260594560405,215.04914004914,1,0.866958978732642
4576,0.140923466160658,215.096112154936,1,0.918953294117835
4577,0.124478178368121,215.143084260731,1,0.977616675573042
4578,0.117773561037318,215.190056366527,1,0.987496111923997
4579,0.110309930423782,215.237028472323,1,0.993678710599348
4580,0.105755850727388,215.284000578118,1,0.995899343663299
4581,0.101454775458571,215.330972683914,1,0.997305311974431
4582,0.0938646426312461,215.37794478971,1,0.998748209475646
4583,0.0850094876660342,215.424916895505,1,0.999508718329639
4584,0.0775458570524984,215.471889001301,1,0.999784071031053
4585,0.0675521821631879,215.518861107096,1,0.999931543546802
4586,0.0721062618595825,215.565833212892,1,0.999883663661886
4587,0.0772928526249209,215.612805318688,1,0.999790118172662
4588,0.0832384566729918,215.659777424483,1,0.999594657173421
4589,0.0955091714104997,215.706749530279,1,0.998517905644582
4590,0.116508538899431,215.753721636075,1,0.988834027774141
4591,0.140796963946869,215.80069374187,1,0.919680798137589
4592,0.157495256166983,215.847665847666,1,0.77191212386517
4593,0.179000632511069,215.894637953462,2,0.468653721018273
4594,0.183681214421252,215.941610059257,2,0.405008288506252
4595,0.18798228969007,215.988582165053,2,0.35157126496987
4596,0.193042378241619,216.035554270848,2,0.295918596041682
4597,0.200253004427577,216.082526376644,2,0.230502729269608
4598,0.20708412397217,216.12949848244,2,0.182419965430817
4599,0.213535736875395,216.176470588235,2,0.147448006409404
4600,0.215433270082226,216.223442694031,2,0.138794779464408
4601,0.227450980392157,216.270414799827,2,0.0973945109036633
4602,0.224414927261227,216.317386905622,2,0.105965045280705
4603,0.227577482605946,216.364359011418,2,0.0970607866537479
4604,0.238077166350411,216.411331117214,2,0.074790875046871
4605,0.249715370018975,216.458303223009,2,0.0594879398741753
4606,0.257811511701455,216.505275328805,2,0.0527728232089991
4607,0.264769133459836,216.5522474346,2,0.0488974568196052
4608,0.270841239721695,216.599219540396,2,0.046692733859225
4609,0.271600253004428,216.646191646192,2,0.0464868029455369
4610,0.272991777356104,216.693163751987,2,0.046147578341909
4611,0.273750790638836,216.740135857783,2,0.0459831538847123
4612,0.270714737507906,216.787107963579,2,0.0467285069154565
4613,0.271220746363061,216.834080069374,2,0.0465879075901818
4614,0.27539531941809,216.88105217517,2,0.0456759903655196
4615,0.279316888045541,216.928024280965,2,0.045208808957659
4616,0.281340923466161,216.974996386761,2,0.0451112691972438
4617,0.28741302972802,217.021968492557,2,0.0453999714911536
4618,0.29348513598988,217.068940598352,2,0.0465794157392407
4619,0.297659709044908,217.115912704148,2,0.0479391537510686
4620,0.298545224541429,217.162884809944,2,0.0482887736641342
4621,0.306767868437698,217.209856915739,2,0.0526670963724126
4622,0.318785578747628,217.256829021535,2,0.0635997745798301
4623,0.320936116382037,217.303801127331,2,0.06628202053397
4624,0.315496521189121,217.350773233126,2,0.0599683329629755
4625,0.310815939278937,217.397745338922,2,0.0556690062211846
4626,0.289690069576218,217.444717444717,2,0.0457354590911698
4627,0.272232764073371,217.491689550513,2,0.0463265058491022
4628,0.256546489563567,217.538661656309,2,0.0536524290004692
4629,0.234535104364326,217.585633762104,2,0.0812167508230758
4630,0.214547754585705,217.6326058679,2,0.142748672814756
4631,0.194813409234662,217.679577973696,2,0.278356277324473
4632,0.176470588235294,217.726550079491,1,0.504874045472292
4633,0.169259962049336,217.773522185287,1,0.611143447691719
4634,0.158127767235927,217.820494291083,1,0.764223000924181
4635,0.147881087919039,217.867466396878,1,0.870147044442973
4636,0.144465528146743,217.914438502674,1,0.896333997018494
4637,0.144845034788109,217.961410608469,1,0.893642838152272
4638,0.146616065781151,218.008382714265,1,0.880367405320069
4639,0.151549652118912,218.055354820061,1,0.836938056330149
4640,0.156356736242884,218.102326925856,1,0.785395718601244
4641,0.174573055028463,218.149299031652,1,0.532599529980978
4642,0.17988614800759,218.196271137448,2,0.456240372096028
4643,0.189626818469323,218.243243243243,2,0.332600622297461
4644,0.197849462365591,218.290215349039,2,0.250536758438719
4645,0.206704617330803,218.337187454835,2,0.184772264042135
4646,0.214927261227071,218.38415956063,2,0.141036398986968
4647,0.223402909550917,218.431131666426,2,0.10907544977595
4648,0.229601518026565,218.478103772221,2,0.0919580200468738
4649,0.237950664136622,218.525075878017,2,0.0750038873532372
4650,0.239595192915876,218.572047983813,2,0.0723236465444803
4651,0.243896268184693,218.619020089608,2,0.0661578374943992
4652,0.244022770398482,218.665992195404,2,0.0659935531907251
4653,0.239468690702087,218.7129643012,2,0.0725231051685979
4654,0.237318153067679,218.759936406995,2,0.0760865779721914
4655,0.246552814674257,218.806908512791,2,0.0628949660359774
4656,0.257811511701455,218.853880618587,2,0.0527728232089991
4657,0.265148640101202,218.900852724382,2,0.048729372764153
4658,0.271853257432005,218.947824830178,2,0.0464214564736299
4659,0.277672359266287,218.994796935973,2,0.0453597237363678
4660,0.277672359266287,219.041769041769,2,0.0453597237363678
4661,0.274889310562935,219.088741147565,2,0.0457634009258308
4662,0.27134724857685,219.13571325336,2,0.0465537936363165
4663,0.267805186590765,219.182685359156,2,0.047668253116987
4664,0.26527514231499,219.229657464952,2,0.0486742786767158
4665,0.26135357368754,219.276629570747,2,0.0506054880769559
4666,0.262745098039216,219.323601676543,2,0.0498663384552399
4667,0.266034155597723,219.370573782339,2,0.0483534255600503
4668,0.270461733080329,219.417545888134,2,0.0468013046821907
4669,0.275648323845667,219.46451799393,2,0.0456346358884765
4670,0.279190385831752,219.511490099725,2,0.0452181294281694
4671,0.275268817204301,219.558462205521,2,0.0456972545332779
4672,0.269955724225174,219.605434311317,2,0.0469519318524443
4673,0.260847564832385,219.652406417112,2,0.0508895361026585
4674,0.255534471853257,219.699378522908,2,0.054398517488098
4675,0.247944339025933,219.746350628704,2,0.0613351212222062
4676,0.240986717267552,219.793322734499,2,0.0702005248136832
4677,0.234535104364326,219.840294840295,2,0.0812167508230758
4678,0.230234029095509,219.887266946091,2,0.0904513936247431
4679,0.229475015812777,219.934239051886,2,0.0922642422628486
4680,0.231878557874763,219.981211157682,2,0.0867189581171955
4681,0.237824161922834,220.028183263477,2,0.07521806693073
4682,0.242504743833017,220.075155369273,2,0.0680268816856045
4683,0.246679316888046,220.122127475069,2,0.0627490679611663
4684,0.250347881087919,220.169099580864,2,0.0588640205489639
4685,0.252118912080961,220.21607168666,2,0.0572124070051303
4686,0.253763440860215,220.263043792456,2,0.0557988470676792
4687,0.252498418722328,220.310015898251,2,0.0568761892640968
4688,0.249335863377609,220.356988004047,2,0.0598711817178851
4689,0.250980392156863,220.403960109843,2,0.0582582649878122
4690,0.245793801391524,220.450932215638,2,0.0637880146740248
4691,0.239089184060721,220.497904321434,2,0.0731280927484982
4692,0.230740037950664,220.544876427229,2,0.0892749671357326
4693,0.220619860847565,220.591848533025,2,0.118346405971528
4694,0.204554079696395,220.638820638821,2,0.198782499652814
4695,0.181277672359266,220.685792744616,2,0.437062355887893
4696,0.163061353573688,220.732764850412,1,0.699894850850455
4697,0.147375079063884,220.779736956208,1,0.874309960650332
4698,0.139152435167615,220.826709062003,1,0.928662479114231
4699,0.128273244781784,220.873681167799,1,0.969303696769901
4700,0.122454142947502,220.920653273594,1,0.981164987109753
4701,0.117267552182163,220.96762537939,1,0.988048048390026
4702,0.109677419354839,221.014597485186,1,0.994043092138382
4703,0.105629348513599,221.061569590981,1,0.995949050994927
4704,0.107273877292853,221.108541696777,1,0.995256540106807
4705,0.112207463630614,221.155513802573,1,0.992457204444062
4706,0.113219481340923,221.202485908368,1,0.991719343068113
4707,0.113978494623656,221.249458014164,1,0.991122614995774
4708,0.114104996837445,221.29643011996,1,0.991019370867008
4709,0.112839974699557,221.343402225755,1,0.99200355419343
4710,0.113092979127135,221.390374331551,1,0.99181510482927
4711,0.113851992409867,221.437346437346,1,0.991224758975287
4712,0.114484503478811,221.484318543142,1,0.990702930751635
4713,0.114737507906388,221.531290648938,1,0.990486272551193
4714,0.119924098671727,221.578262754733,1,0.984879334479871
4715,0.12055660974067,221.625234860529,1,0.984019390624074
4716,0.115243516761543,221.672206966325,1,0.990038882712199
4717,0.106135357368754,221.71917907212,1,0.995746770593146
4718,0.100442757748261,221.766151177916,1,0.997562571240005
4719,0.0951296647691335,221.813123283712,1,0.998574363416524
4720,0.0936116382036686,221.860095389507,1,0.998780478555929
4721,0.0928526249209361,221.907067495303,1,0.99887262249459
4722,0.09146110056926,221.954039601098,1,0.999024667942865
4723,0.0932321315623023,222.001011706894,1,0.998827408039374
4724,0.101328273244782,222.04798381269,1,0.997338813344809
4725,0.115370018975332,222.094955918485,1,0.989924037513074
4726,0.134218848829855,222.141928024281,1,0.950740026247439
4727,0.150664136622391,222.188900130077,1,0.845444079050219
4728,0.15977229601518,222.235872235872,1,0.743600289397044
4729,0.170145477545857,222.282844341668,1,0.598076633997551
4730,0.177103099304238,222.329816447464,2,0.495726691883631
4731,0.184440227703985,222.376788553259,2,0.395195789181005
4732,0.188361796331436,222.423760659055,2,0.347119152362746
4733,0.189626818469323,222.47073276485,2,0.332600622297461
4734,0.192915876027831,222.517704870646,2,0.297211119570766
4735,0.200379506641366,222.564676976442,2,0.229495526961593
4736,0.207337128399747,222.611649082237,2,0.180871227101875
4737,0.209993674889311,222.658621188033,2,0.165517488828229
4738,0.211385199240987,222.705593293829,2,0.15810639330123
4739,0.213409234661607,222.752565399624,2,0.148049310736678
4740,0.217710309930424,222.79953750542,2,0.129270345600976
4741,0.223402909550917,222.846509611216,2,0.10907544977595
4742,0.232005060088552,222.893481717011,2,0.0864425432426417
4743,0.240860215053763,222.940453822807,2,0.070388261166792
4744,0.246299810246679,222.987425928602,2,0.0631892691053527
4745,0.244908285895003,223.034398034398,2,0.0648690307259244
4746,0.24123972169513,223.081370140194,2,0.0698281487049737
4747,0.238583175205566,223.128342245989,2,0.0739503802465858
4748,0.237444655281467,223.175314351785,2,0.075867669212655
4749,0.234788108791904,223.222286457581,2,0.0807246241330785
4750,0.227450980392157,223.269258563376,2,0.0973945109036633
4751,0.221884882985452,223.316230669172,2,0.113997405953623
4752,0.219228336495889,223.363202774968,2,0.123404992422175
4753,0.221884882985452,223.410174880763,2,0.113997405953623
4754,0.224288425047438,223.457146986559,2,0.106346610539655
4755,0.226691967109424,223.504119092354,2,0.0994349117954717
4756,0.226818469323213,223.55109119815,2,0.0990902670916828
4757,0.224667931688805,223.598063303946,2,0.105208010201173
4758,0.220619860847565,223.645035409741,2,0.118346405971528
4759,0.217583807716635,223.692007515537,2,0.129776126143048
4760,0.216318785578748,223.738979621333,2,0.134983322032605
4761,0.21100569259962,223.785951727128,2,0.16008631518735
4762,0.213282732447818,223.832923832924,2,0.148653749319157
4763,0.218722327640734,223.879895938719,2,0.125318880755131
4764,0.22314990512334,223.926868044515,2,0.109874046392354
4765,0.226059456040481,223.973840150311,2,0.101186132835744
4766,0.225300442757748,224.020812256106,2,0.10335049201396
4767,0.227703984819734,224.067784361902,2,0.0967288494612089
4768,0.230487033523087,224.114756467698,2,0.089860011099791
4769,0.238077166350411,224.161728573493,2,0.074790875046871
4770,0.245161290322581,224.208700679289,2,0.0645557935865916
4771,0.249715370018975,224.255672785085,2,0.0594879398741753
4772,0.252498418722328,224.30264489088,2,0.0568761892640968
4773,0.256166982922201,224.349616996676,2,0.0539277190388317
4774,0.256166982922201,224.396589102471,2,0.0539277190388317
4775,0.257052498418722,224.443561208267,2,0.0532936303444688
4776,0.260847564832385,224.490533314063,2,0.0508895361026585
4777,0.26527514231499,224.537505419858,2,0.0486742786767158
4778,0.264769133459836,224.584477525654,2,0.0488974568196052
4779,0.266034155597723,224.63144963145,2,0.0483534255600503
4780,0.267678684376977,224.678421737245,2,0.0477142969194039
4781,0.263504111321948,224.725393843041,2,0.0494885194753796
4782,0.259962049335863,224.772365948837,2,0.0514067129502718
4783,0.264136622390892,224.819338054632,2,0.0491870202885875
4784,0.271473750790639,224.866310160428,2,0.0465200923608518
4785,0.276913345983555,224.913282266223,2,0.0454512168194308
4786,0.280708412397217,224.960254372019,2,0.0451313365765927
4787,0.283744465528147,225.007226477815,2,0.0451211454918023
4788,0.283617963314358,225.05419858361,2,0.0451172258034994
4789,0.284756483238457,225.101170689406,2,0.0451661256074354
4790,0.283364958886781,225.148142795202,2,0.0451105204627424
4791,0.275142314990512,225.195114900997,2,0.0457189106666418
4792,0.265781151170146,225.242087006793,2,0.0484585356806844
4793,0.255407969639469,225.289059112589,2,0.054494496219181
4794,0.242631246046806,225.336031218384,2,0.067852192884656
4795,0.227450980392157,225.38300332418,2,0.0973945109036633
4796,0.211385199240987,225.429975429975,2,0.15810639330123
4797,0.197469955724225,225.476947535771,2,0.253858624677278
4798,0.189753320683112,225.523919641567,2,0.331176233355141
4799,0.16786843769766,225.570891747362,1,0.631554023565258
4800,0.138393421884883,225.617863853158,1,0.932518808164283
4801,0.117900063251107,225.664835958954,1,0.987354514438781
4802,0.0927261227071474,225.711808064749,1,0.998887323099671
4803,0.0705882352941176,225.758780170545,1,0.999902389185404
4804,0.0637571157495256,225.805752276341,1,0.999956376502393
4805,0.0667931688804554,225.852724382136,1,0.999937403482496
4806,0.0812144212523719,225.899696487932,1,0.999675314302567
4807,0.102340290955092,225.946668593727,1,0.997059447085922
4808,0.116002530044276,225.993640699523,1,0.989331247826696
4809,0.131435800126502,226.040612805319,1,0.960386244062895
4810,0.158254269449715,226.087584911114,1,0.762668612089435
4811,0.180771663504111,226.13455701691,2,0.443987205396362
4812,0.190512333965844,226.181529122706,2,0.322735617921851
4813,0.200885515496521,226.228501228501,2,0.225512992487335
4814,0.214927261227071,226.275473334297,2,0.141036398986968
4815,0.226944971537002,226.322445440093,2,0.0987474662850006
4816,0.23415559772296,226.369417545888,2,0.0819650180716631
4817,0.239595192915876,226.416389651684,2,0.0723236465444803
4818,0.242631246046806,226.463361757479,2,0.067852192884656
4819,0.241366223908918,226.510333863275,2,0.0696434986705155
4820,0.235041113219481,226.557305969071,2,0.0802378073385703
4821,0.228083491461101,226.604278074866,2,0.0957436673832391
4822,0.210499683744466,226.651250180662,2,0.162774096499565
4823,0.179253636938646,226.698222286458,2,0.465091502859071
4824,0.151170145477546,226.745194392253,1,0.840621732782881
4825,0.117267552182163,226.792166498049,1,0.988048048390026
4826,0.09044908285895,226.839138603845,1,0.999122797307448
4827,0.0521189120809614,226.88611070964,1,0.999989571937712
4828,0.0234029095509171,226.933082815436,1,0.999999777784357
4829,0.0118912080961417,226.980054921231,1,0.999999958156165
4830,0.00771663504111322,227.027027027027,1,0.999999977567566
4831,0.0115117014547755,227.073999132823,1,0.999999960446152
4832,0.0218848829854522,227.120971238618,1,0.999999820957418
4833,0.0325110689437065,227.167943344414,1,0.999999209013585
4834,0.0344086021505376,227.21491545021,1,0.999998975391109
4835,0.0411132194813409,227.261887556005,1,0.999997483458819
4836,0.0506008855154965,227.308859661801,1,0.999991394840001
4837,0.0589500316255534,227.355831767596,1,0.999975626586471
4838,0.0574320050600886,227.402803873392,1,0.999979772591256
4839,0.0475648323845667,227.449775979188,1,0.999994162536201
4840,0.0355471220746363,227.496748084983,1,0.999998804415419
4841,0.0308665401644529,227.543720190779,1,0.999999368937931
4842,0.0380771663504111,227.590692296575,1,0.999998319594309
4843,0.0451612903225806,227.63766440237,1,0.999995721958087
4844,0.0490828589500316,227.684636508166,1,0.999992908047738
4845,0.0540164452877925,227.731608613962,1,0.999986764568317
4846,0.0580645161290323,227.778580719757,1,0.999978135126296
4847,0.0562934851359899,227.825552825553,1,0.999982426910465
4848,0.0523719165085389,227.872524931348,1,0.999989233916721
4849,0.0646426312460468,227.919497037144,1,0.999951505851631
4850,0.0707147375079064,227.96646914294,1,0.999900946372134
4851,0.0777988614800759,228.013441248735,1,0.999777857486656
4852,0.084123972169513,228.060413354531,1,0.999553654997841
4853,0.0946236559139785,228.107385460327,1,0.998646479677971
4854,0.116382036685642,228.154357566122,1,0.988960296769013
4855,0.141555977229602,228.201329671918,1,0.915235146186889
4856,0.157368753953194,228.248301777714,1,0.77343317720233
4857,0.172422517394054,228.295273883509,1,0.564357607342732
4858,0.177609108159393,228.342245989305,2,0.488450009833096
4859,0.188741302972802,228.3892180951,2,0.34271139841265
4860,0.199114484503479,228.436190200896,2,0.239778332201589
4861,0.204301075268817,228.483162306692,2,0.200508913907758
4862,0.206704617330803,228.530134412487,2,0.184772264042135
4863,0.214168247944339,228.577106518283,2,0.144487992464983
4864,0.22314990512334,228.624078624079,2,0.109874046392354
4865,0.233902593295383,228.671050729874,2,0.0824706628458736
4866,0.243769765970904,228.71802283567,2,0.0663230446851069
4867,0.25325743200506,228.764994941466,2,0.0562218772388506
4868,0.256419987349779,228.811967047261,2,0.0537435988291902
4869,0.25629348513599,228.858939153057,2,0.0538353613882144
4870,0.258191018342821,228.905911258852,2,0.0525201152793812
4871,0.260594560404807,228.952883364648,2,0.0510346731222142
4872,0.261859582542694,228.999855470444,2,0.0503296464084795
4873,0.260847564832385,229.046827576239,2,0.0508895361026585
4874,0.261859582542694,229.093799682035,2,0.0503296464084795
4875,0.264895635673624,229.140771787831,2,0.0488409604529665
4876,0.26729917773561,229.187743893626,2,0.0478550789901077
4877,0.26729917773561,229.234715999422,2,0.0478550789901077
4878,0.268943706514864,229.281688105218,2,0.0472735217829006
4879,0.275901328273245,229.328660211013,2,0.0455948432540364
4880,0.283870967741935,229.375632316809,2,0.0451254433141378
4881,0.287286527514232,229.422604422604,2,0.0453850109093675
4882,0.285641998734978,229.4695765284,2,0.0452253910219565
4883,0.283238456672992,229.516548634196,2,0.0451077346497918
4884,0.279696394686907,229.563520739991,2,0.0451831280990475
4885,0.277039848197343,229.610492845787,2,0.0454350050676693
4886,0.280708412397217,229.657464951583,2,0.0451313365765927
4887,0.291334598355471,229.704437057378,2,0.0460567843674312
4888,0.302719797596458,229.751409163174,2,0.050245259477137
4889,0.302213788741303,229.79838126897,2,0.0499800165054303
4890,0.303225806451613,229.845353374765,2,0.0505185640351068
4891,0.301454775458571,229.892325480561,2,0.0495970358495611
4892,0.297280202403542,229.939297586356,2,0.0477960390616892
4893,0.29348513598988,229.986269692152,2,0.0465794157392407
4894,0.290828589500316,230.033241797948,2,0.0459507673926952
4895,0.285768500948767,230.080213903743,2,0.0452353782825049
4896,0.281846932321316,230.127186009539,2,0.0451020181632397
4897,0.281214421252372,230.174158115335,2,0.0451145265388334
4898,0.276660341555977,230.22113022113,2,0.0454847988674496
4899,0.271094244149273,230.268102326926,2,0.0466224350509891
4900,0.265907653383934,230.315074432722,2,0.0484057515997868
4901,0.261859582542694,230.362046538517,2,0.0503296464084795
4902,0.258823529411765,230.409018644313,2,0.0521101352131472
4903,0.256799493991145,230.455990750108,2,0.0534718581720335
4904,0.254395951929159,230.502962855904,2,0.0552845734713588
4905,0.262492093611638,230.5499349617,2,0.0499962159056802
4906,0.264769133459836,230.596907067495,2,0.0488974568196052
4907,0.270461733080329,230.643879173291,2,0.0468013046821907
4908,0.276533839342189,230.690851279087,2,0.0455021699704552
4909,0.279696394686907,230.737823384882,2,0.0451831280990475
4910,0.279822896900696,230.784795490678,2,0.0451753273135823
4911,0.283617963314358,230.831767596473,2,0.0451172258034994
4912,0.287160025300443,230.878739702269,2,0.0453704347865145
4913,0.296268184693232,230.925711808065,2,0.0474338100990771
4914,0.297153700189753,230.97268391386,2,0.0477492217610279
4915,0.297027197975965,231.019656019656,2,0.0477028463322904
4916,0.297912713472486,231.066628125452,2,0.0480367942891092
4917,0.298545224541429,231.113600231247,2,0.0482887736641342
4918,0.300695762175838,231.160572337043,2,0.0492316107387608
4919,0.304364326375712,231.207544442839,2,0.0511635489108878
4920,0.30651486401012,231.254516548634,2,0.0524994685213561
4921,0.310183428209994,231.30148865443,2,0.0551587103153303
4922,0.303858317520557,231.348460760225,2,0.050871698946614
4923,0.297406704617331,231.395432866021,2,0.0478432993841685
4924,0.293232131562302,231.442404971817,2,0.0465118049810158
4925,0.287539531941809,231.489377077612,2,0.0454153168909963
4926,0.27337128399747,231.536349183408,2,0.0460635624737386
4927,0.251359898798229,231.583321289204,2,0.0579033630374119
4928,0.234914611005693,231.630293394999,2,0.0804805554314579
4929,0.206704617330803,231.677265500795,2,0.184772264042135
4930,0.179127134724858,231.724237606591,2,0.46687109850862
4931,0.148260594560405,231.771209712386,1,0.866958978732642
4932,0.125110689437065,231.818181818182,1,0.976390016403656
4933,0.112460468058191,231.865153923977,1,0.992278691127662
4934,0.103225806451613,231.912126029773,1,0.99679259541703
4935,0.0891840607210626,231.959098135569,1,0.999232310074396
4936,0.0726122707147375,232.006070241364,1,0.999876689790788
4937,0.0707147375079064,232.05304234716,1,0.999900946372134
4938,0.0770398481973435,232.100014452956,1,0.99979600315055
4939,0.0888045540796964,232.146986558751,1,0.999262543832214
4940,0.100442757748261,232.193958664547,1,0.997562571240005
4941,0.107779886148008,232.240930770343,1,0.995022111569678
4942,0.116002530044276,232.287902876138,1,0.989331247826696
4943,0.132321315623023,232.334874981934,1,0.957513103046808
4944,0.149525616698292,232.381847087729,1,0.85592139570357
4945,0.1617963314358,232.428819193525,1,0.717061068062347
4946,0.178115117014548,232.475791299321,2,0.481213242596528
4947,0.194433902593295,232.522763405116,2,0.282036073857719
4948,0.209361163820367,232.569735510912,2,0.169026409407238
4949,0.227577482605946,232.616707616708,2,0.0970607866537479
4950,0.240354206198608,232.663679722503,2,0.0711496499366995
4951,0.236685641998735,232.710651828299,2,0.0771992077478974
4952,0.223908918406072,232.757623934095,2,0.10750362410056
4953,0.213662239089184,232.80459603989,2,0.146849821841905
4954,0.176597090449083,232.851568145686,1,0.503040255926027
4955,0.133965844402277,232.898540251481,1,0.951693801605566
4956,0.0891840607210626,232.945512357277,1,0.999232310074396
4957,0.0559139784946237,232.992484463073,1,0.999983234538903
4958,0.0323845667299178,233.039456568868,1,0.999999222597462
4959,0.0118912080961417,233.086428674664,1,0.999999958156165
4960,0.00847564832384567,233.13340078046,1,0.999999974857235
4961,0.00657811511701455,233.180372886255,1,0.999999981106414
4962,0.0043010752688172,233.227344992051,1,0.999999986625884
4963,0.00543959519291588,233.274317097847,1,0.999999984098285
4964,0.0120177103099304,233.321289203642,1,0.999999957364491
4965,0.0278304870335231,233.368261309438,1,0.999999585734034
4966,0.0585705249841872,233.415233415233,1,0.999976733890463
4967,0.100822264389627,233.462205521029,1,0.997468937086352
4968,0.133839342188488,233.509177626825,1,0.952164690178103
4969,0.161290322580645,233.55614973262,1,0.723807726346863
4970,0.180771663504111,233.603121838416,2,0.443987205396362
4971,0.203289057558507,233.650093944212,2,0.207584411919993
4972,0.219354838709677,233.697066050007,2,0.122932824407477
4973,0.228842504743833,233.744038155803,2,0.0938203119393751
4974,0.240733712839975,233.791010261599,2,0.0705770366231254
4975,0.256925996204934,233.837982367394,2,0.0533824525327496
4976,0.270082226438963,233.88495447319,2,0.0469136438319369
4977,0.286907020872865,233.931926578985,2,0.0453424345275114
4978,0.287792536369386,233.978898684781,2,0.045447163627831
4979,0.288298545224541,234.025870790577,2,0.0455154917529601
4980,0.286780518659077,234.072842896372,2,0.0453290097194739
4981,0.283870967741935,234.119815002168,2,0.0451254433141378
4982,0.282858950031626,234.166787107964,2,0.0451016438676552
4983,0.281467425679949,234.213759213759,2,0.0451083897532857
4984,0.281467425679949,234.260731319555,2,0.0451083897532857
4985,0.276660341555977,234.30770342535,2,0.0454847988674496
4986,0.2853889943074,234.354675531146,2,0.0452065581629277
4987,0.290322580645161,234.401647636942,2,0.0458511198576083
4988,0.290196078431373,234.448619742737,2,0.0458271986358085
4989,0.288678051865908,234.495591848533,2,0.0455708061690658
4990,0.285009487666034,234.542563954329,2,0.0451811597136262
4991,0.273244781783681,234.589536060124,2,0.0460911660680152
4992,0.260468058191018,234.63650816592,2,0.0511080262526193
4993,0.249335863377609,234.683480271716,2,0.0598711817178851
4994,0.233017077798861,234.730452377511,2,0.0842841600934356
4995,0.207716635041113,234.777424483307,2,0.178577005926362
4996,0.177609108159393,234.824396589102,2,0.488450009833096
4997,0.141935483870968,234.871368694898,1,0.912938952193596
4998,0.1044908285895,234.918340800694,1,0.996371683123208
4999,0.0738772928526249,234.965312906489,1,0.999857458668789
5000,0.0562934851359899,235.012285012285,1,0.999982426910465
5001,0.0393421884882985,235.059257118081,1,0.999998010427171
5002,0.0330170777988615,235.106229223876,1,0.999999152336999
5003,0.0231499051233397,235.153201329672,1,0.99999978562392
5004,0.0173308032890576,235.200173435468,1,0.99999990705814
5005,0.0179633143580013,235.247145541263,1,0.999999898128104
5006,0.0237824161922834,235.294117647059,1,0.999999765499635
5007,0.0303605313092979,235.341089752854,1,0.999999411483115
5008,0.0360531309297913,235.38806185865,1,0.999998719826206
5009,0.0351676154332701,235.435033964446,1,0.999998864273264
5010,0.032764073371284,235.482006070241,1,0.999999181151152
5011,0.0277039848197343,235.528978176037,1,0.999999592980433
5012,0.0209993674889311,235.575950281833,1,0.999999842247677
5013,0.0174573055028463,235.622922387628,1,0.999999905335405
5014,0.0172043010752688,235.669894493424,1,0.999999908750324
5015,0.0160657811511701,235.71686659922,1,0.999999922689283
5016,0.014674256799494,235.763838705015,1,0.999999936928805
5017,0.0117647058823529,235.810810810811,1,0.999999958933498
5018,0.0135357368753953,235.857782916606,1,0.999999946647595
5019,0.01808981657179,235.904755022402,1,0.999999896244394
5020,0.0198608475648324,235.951727128198,1,0.999999866028541
5021,0.0256799493991145,235.998699233993,1,0.999999693469343
5022,0.0374446552814674,236.045671339789,1,0.999998456173509
5023,0.0414927261227071,236.092643445585,1,0.99999735409927
5024,0.0352941176470588,236.13961555138,1,0.999998844651132
5025,0.0290955091714105,236.186587657176,1,0.999999506019856
5026,0.032764073371284,236.233559762972,1,0.999999181151152
5027,0.0436432637571157,236.280531868767,1,0.9999964901653
5028,0.0583175205566097,236.327503974563,1,0.999977444991701
5029,0.0707147375079064,236.374476080358,1,0.999900946372134
5030,0.0852624920936116,236.421448186154,1,0.999495107664205
5031,0.106388361796331,236.46842029195,1,0.995642118291738
5032,0.125363693864643,236.515392397745,1,0.975882636071258
5033,0.131815306767868,236.562364503541,1,0.959176381300521
5034,0.149146110056926,236.609336609337,1,0.859299239639362
5035,0.16280834914611,236.656308715132,1,0.703360840897494
5036,0.168247944339026,236.703280820928,1,0.626005980456465
5037,0.175585072738773,236.750252926724,1,0.517765440443238
5038,0.183807716635041,236.797225032519,2,0.403362085950398
5039,0.18191018342821,236.844197138315,2,0.428489286603428
5040,0.174067046173308,236.89116924411,1,0.540048930846478
5041,0.151296647691335,236.938141349906,1,0.839400210200211
5042,0.136242884250474,236.985113455702,1,0.942511006156988
5043,0.115876027830487,237.032085561497,1,0.989452320087784
5044,0.0991777356103732,237.079057667293,1,0.997851653481862
5045,0.0869070208728653,237.126029773089,1,0.999397486286589
5046,0.0776723592662872,237.173001878884,1,0.999780985328184
5047,0.0709677419354839,237.21997398468,1,0.999897999139847
5048,0.0674256799493991,237.266946090476,1,0.999932555496948
5049,0.0551549652118912,237.313918196271,1,0.99998474376385
5050,0.0565464895635674,237.360890302067,1,0.999981867786696
5051,0.0686907020872865,237.407862407862,1,0.999921755601427
5052,0.0927261227071474,237.454834513658,1,0.998887323099671
5053,0.117141049968374,237.501806619454,1,0.988182484975529
5054,0.129285262492094,237.548778725249,1,0.966665866215287
5055,0.134345351043643,237.595750831045,1,0.950257089410191
5056,0.136116382036686,237.642722936841,1,0.943057578835721
5057,0.138266919671094,237.689695042636,1,0.933144344681952
5058,0.142947501581278,237.736667148432,1,0.906571236208316
5059,0.139152435167615,237.783639254228,1,0.928662479114231
5060,0.125490196078431,237.830611360023,1,0.975625286058792
5061,0.118279569892473,237.877583465819,1,0.986920835692655
5062,0.123339658444023,237.924555571614,1,0.979680588261332
5063,0.132574320050601,237.97152767741,1,0.956659543567946
5064,0.137001897533207,238.018499783206,1,0.939137361495148
5065,0.149272612270715,238.065471889001,1,0.858179645802331
5066,0.153826691967109,238.112443994797,1,0.81363858422379
5067,0.160531309297913,238.159416100593,1,0.733790399347255
5068,0.165717900063251,238.206388206388,1,0.662638046787537
5069,0.169765970904491,238.253360312184,1,0.603682362083751
5070,0.174446552814674,238.300332417979,1,0.534460101983146
5071,0.178115117014548,238.347304523775,2,0.481213242596528
5072,0.181277672359266,238.394276629571,2,0.437062355887893
5073,0.186590765338393,238.441248735366,2,0.368269938979829
5074,0.186337760910816,238.488220841162,2,0.371368283772164
5075,0.188108791903858,238.535192946958,2,0.350082316811343
5076,0.190512333965844,238.582165052753,2,0.322735617921851
5077,0.189120809614168,238.629137158549,2,0.338348276155677
5078,0.189626818469323,238.676109264345,2,0.332600622297461
5079,0.19595192915876,238.72308137014,2,0.267588479858296
5080,0.20607210626186,238.770053475936,2,0.188771618058702
5081,0.20202403542062,238.817025581731,2,0.216819522255283
5082,0.201644528779254,238.863997687527,2,0.21967662279983
5083,0.197849462365591,238.910969793323,2,0.250536758438719
5084,0.189753320683112,238.957941899118,2,0.331176233355141
5085,0.17685009487666,239.004914004914,2,0.499379056868575
5086,0.159645793801392,239.05188611071,1,0.745217870926805
5087,0.143074003795066,239.098858216505,1,0.905749886135121
5088,0.133459835547122,239.145830322301,1,0.953553659093094
5089,0.114358001265022,239.192802428097,1,0.990809539514637
5090,0.109044908285895,239.239774533892,1,0.994387811526945
5091,0.109044908285895,239.286746639688,1,0.994387811526945
5092,0.114484503478811,239.333718745483,1,0.990702930751635
5093,0.116888045540797,239.380690851279,1,0.988447191922706
5094,0.114990512333966,239.427662957075,1,0.990264953094016
5095,0.116761543327008,239.47463506287,1,0.98857748784539
5096,0.122327640733713,239.521607168666,1,0.98136881371907
5097,0.128399746995572,239.568579274462,1,0.968984437630959
5098,0.12966476913346,239.615551380257,1,0.965626091230614
5099,0.138013915243517,239.662523486053,1,0.934380909136681
5100,0.153067678684377,239.709495591849,1,0.821631921658833
5101,0.172928526249209,239.756467697644,1,0.556866433159416
5102,0.192789373814042,239.80343980344,2,0.298508731168055
5103,0.209108159392789,239.850411909235,2,0.170455157247004
5104,0.22011385199241,239.897384015031,2,0.120151806978133
5105,0.233270082226439,239.944356120827,2,0.083758990496422
5106,0.238583175205566,239.991328226622,2,0.0739503802465858
5107,0.246679316888046,240.038300332418,2,0.0627490679611663
5108,0.254016445287793,240.085272438214,2,0.0555912186623056
5109,0.255154965211891,240.132244544009,2,0.0546882924618786
5110,0.25123339658444,240.179216649805,2,0.0580209584289916
5111,0.248829854522454,240.226188755601,2,0.0603927328090074
5112,0.248450347881088,240.273160861396,2,0.06079193926526
5113,0.254775458570525,240.320132967192,2,0.0549836215038104
5114,0.257432005060089,240.367105072987,2,0.053030641779226
5115,0.262998102466793,240.414077178783,2,0.0497384383892197
5116,0.271220746363061,240.461049284579,2,0.0465879075901818
5117,0.276154332700822,240.508021390374,2,0.0455566086326658
5118,0.276154332700822,240.55499349617,2,0.0455566086326658
5119,0.270967741935484,240.601965601966,2,0.0466573768575998
5120,0.265654648956357,240.648937707761,2,0.0485117791068032
5121,0.255154965211891,240.695909813557,2,0.0546882924618786
5122,0.248070841239722,240.742881919353,2,0.0611981463227275
5123,0.238583175205566,240.789854025148,2,0.0739503802465858
5124,0.231752055660974,240.836826130944,2,0.0869968691413597
5125,0.23010752688172,240.883798236739,2,0.0907494826370661
5126,0.228842504743833,240.930770342535,2,0.0938203119393751
5127,0.225047438330171,240.977742448331,2,0.104087539205551
5128,0.221884882985452,241.024714554126,2,0.113997405953623
5129,0.217583807716635,241.071686659922,2,0.129776126143048
5130,0.218216318785579,241.118658765718,2,0.127273724402841
5131,0.217710309930424,241.165630871513,2,0.129270345600976
5132,0.217204301075269,241.212602977309,2,0.131309578576153
5133,0.21505376344086,241.259575083105,2,0.140471585187793
5134,0.219734345351044,241.3065471889,2,0.121531249336597
5135,0.232637571157495,241.353519294696,2,0.0850826400653555
5136,0.244908285895003,241.400491400491,2,0.0648690307259244
5137,0.254901960784314,241.447463506287,2,0.054884557150117
5138,0.262365591397849,241.494435612083,2,0.0500619002034256
5139,0.271726755218216,241.541407717878,2,0.0464539245823821
5140,0.276027830487033,241.588379823674,2,0.0455755314251431
5141,0.277672359266287,241.63535192947,2,0.0453597237363678
5142,0.277166350411132,241.682324035265,2,0.0454191789751481
5143,0.271726755218216,241.729296141061,2,0.0464539245823821
5144,0.263251106894371,241.776268246857,2,0.0496125029215027
5145,0.255787476280835,241.823240352652,2,0.0542083864048838
5146,0.250474383301708,241.870212458448,2,0.0587414293461389
5147,0.238077166350411,241.917184564243,2,0.074790875046871
5148,0.217583807716635,241.964156670039,2,0.129776126143048
5149,0.208855154965212,242.011128775835,2,0.171898476302772
5150,0.194813409234662,242.05810088163,2,0.278356277324473
5151,0.160657811511701,242.105072987426,1,0.732138382249964
5152,0.137634408602151,242.152045093222,1,0.936199855991381
5153,0.102340290955092,242.199017199017,1,0.997059447085922
5154,0.0657811511701455,242.245989304813,1,0.999944471282767
5155,0.0318785578747628,242.292961410608,1,0.999999274703486
5156,0.0155597722960152,242.339933516404,1,0.999999928196698
5157,0.00759013282732448,242.3869056222,1,0.999999977990663
5158,0.00404807084123972,242.433877727995,1,0.999999987131831
5159,0.00442757748260595,242.480849833791,1,0.999999986365679
5160,0.00771663504111322,242.527821939587,1,0.999999977567566
5161,0.00784313725490196,242.574794045382,1,0.999999977136536
5162,0.00872865275142315,242.621766151178,1,0.999999973884714
5163,0.0198608475648324,242.668738256974,1,0.999999866028541
5164,0.0423782416192283,242.715710362769,1,0.999997026720289
5165,0.0726122707147375,242.762682468565,1,0.999876689790788
5166,0.107779886148008,242.80965457436,1,0.995022111569678
5167,0.1426944971537,242.856626680156,1,0.908196889549625
5168,0.166350411132195,242.903598785952,1,0.653566998151697
5169,0.185831752055661,242.950570891747,2,0.377621325260973
5170,0.202150537634409,242.997542997543,2,0.215876116223694
5171,0.21606578115117,243.044515103339,2,0.136058052820365
5172,0.22517394054396,243.091487209134,2,0.103718029124586
5173,0.234535104364326,243.13845931493,2,0.0812167508230758
5174,0.241998734977862,243.185431420726,2,0.0687354258731535
5175,0.245667299177736,243.232403526521,2,0.0639398370224819
5176,0.249082858950032,243.279375632317,2,0.0601304369174069
5177,0.247185325743201,243.326347738112,2,0.0621737405304853
5178,0.24123972169513,243.373319843908,2,0.0698281487049737
5179,0.235673624288425,243.420291949704,2,0.0790436387535405
5180,0.233017077798861,243.467264055499,2,0.0842841600934356
5181,0.232384566729918,243.514236161295,2,0.0856221978638867
5182,0.227197975964579,243.561208267091,2,0.0980673580427217
5183,0.205566097406705,243.608180372886,2,0.19204316214713
5184,0.178621125869703,243.655152478682,2,0.474019326623595
5185,0.142061986084756,243.702124584478,1,0.912162538402744
5186,0.10853889943074,243.749096690273,1,0.994650085230232
5187,0.0764073371283997,243.796068796069,1,0.999810033035504
5188,0.0599620493358634,243.843040901864,1,0.999972419915041
5189,0.0579380139152435,243.89001300766,1,0.999978472517305
5190,0.0675521821631879,243.936985113456,1,0.999931543546802
5191,0.0880455407969639,243.983957219251,1,0.999319649548904
5192,0.109677419354839,244.030929325047,1,0.994043092138382
5193,0.1337128399747,244.077901430843,1,0.952631612660937
5194,0.168500948766603,244.124873536638,1,0.622298992965679
5195,0.198861480075901,244.171845642434,2,0.241891614553275
5196,0.212144212523719,244.21881774823,2,0.154237145951722
5197,0.228336495888678,244.265789854025,2,0.0950956452224554
5198,0.247058823529412,244.312761959821,2,0.062316340429537
5199,0.257938013915244,244.359734065616,2,0.0526880222775474
5200,0.261859582542694,244.406706171412,2,0.0503296464084795
5201,0.261859582542694,244.453678277208,2,0.0503296464084795
5202,0.258950031625553,244.500650383003,2,0.0520298003038277
5203,0.254522454142947,244.547622488799,2,0.0551836270698351
5204,0.250347881087919,244.594594594595,2,0.0588640205489639
5205,0.246426312460468,244.64156670039,2,0.0630416984307601
5206,0.244149272612271,244.688538806186,2,0.0658301872905147
5207,0.243010752688172,244.735510911982,2,0.067333923033372
5208,0.242757748260595,244.782483017777,2,0.0676784733481593
5209,0.248956356736243,244.829455123573,2,0.0602612030359223
5210,0.254395951929159,244.876427229368,2,0.0552845734713588
5211,0.253510436432638,244.923399335164,2,0.0560090592851798
5212,0.248450347881088,244.97037144096,2,0.06079193926526
5213,0.243769765970904,245.017343546755,2,0.0663230446851069
5214,0.24022770398482,245.064315652551,2,0.0713426342880309
5215,0.238836179633144,245.111287758347,2,0.0735369836617192
5216,0.241113219481341,245.158259864142,2,0.07001382237802
5217,0.247564832384567,245.205231969938,2,0.0617508149480422
5218,0.239342188488299,245.252204075734,2,0.0727236620257561
5219,0.229348513598988,245.299176181529,2,0.0925721167905514
5220,0.22314990512334,245.346148287325,2,0.109874046392354
5221,0.22213788741303,245.39312039312,2,0.113155050983012
5222,0.221884882985452,245.440092498916,2,0.113997405953623
5223,0.221252371916509,245.487064604712,2,0.11614297637806
5224,0.2191018342821,245.534036710507,2,0.123879669454671
5225,0.224288425047438,245.581008816303,2,0.106346610539655
5226,0.228969006957622,245.627980922099,2,0.0935057410909016
5227,0.234535104364326,245.674953027894,2,0.0812167508230758
5228,0.235420619860848,245.72192513369,2,0.0795174187349985
5229,0.23415559772296,245.768897239486,2,0.0819650180716631
5230,0.232258064516129,245.815869345281,2,0.0858941708391143
5231,0.232764073371284,245.862841451077,2,0.0848150400467317
5232,0.23415559772296,245.909813556872,2,0.0819650180716631
5233,0.238836179633144,245.956785662668,2,0.0735369836617192
5234,0.243010752688172,246.003757768464,2,0.067333923033372
5235,0.248829854522454,246.050729874259,2,0.0603927328090074
5236,0.252751423149905,246.097701980055,2,0.0566554195500685
5237,0.253763440860215,246.144674085851,2,0.0557988470676792
5238,0.251865907653384,246.191646191646,2,0.057439961926617
5239,0.250094876660342,246.238618297442,2,0.0591113857472277
5240,0.248703352308665,246.285590403237,2,0.0605250297463025
5241,0.247185325743201,246.332562509033,2,0.0621737405304853
5242,0.253383934218849,246.379534614829,2,0.0561151411630884
5243,0.259835547122075,246.426506720624,2,0.0514827126063911
5244,0.263757115749526,246.47347882642,2,0.0493664756817618
5245,0.26729917773561,246.520450932216,2,0.0478550789901077
5246,0.271220746363061,246.567423038011,2,0.0465879075901818
5247,0.27337128399747,246.614395143807,2,0.0460635624737386
5248,0.273244781783681,246.661367249603,2,0.0460911660680152
5249,0.265907653383934,246.708339355398,2,0.0484057515997868
5250,0.262745098039216,246.755311461194,2,0.0498663384552399
5251,0.260468058191018,246.802283566989,2,0.0511080262526193
5252,0.258950031625553,246.849255672785,2,0.0520298003038277
5253,0.259582542694497,246.896227778581,2,0.0516363189125445
5254,0.261606578115117,246.943199884376,2,0.05046654846134
5255,0.26527514231499,246.990171990172,2,0.0486742786767158
5256,0.2662871600253,247.037144095968,2,0.0482501424473207
5257,0.263377609108159,247.084116201763,2,0.0495502679736553
5258,0.265781151170146,247.131088307559,2,0.0484585356806844
5259,0.269196710942442,247.178060413355,2,0.0471905630471481
5260,0.270082226438963,247.22503251915,2,0.0469136438319369
5261,0.268184693232132,247.272004624946,2,0.0475327565520238
5262,0.265654648956357,247.318976730741,2,0.0485117791068032
5263,0.261227071473751,247.365948836537,2,0.0506757263281323
5264,0.259076533839342,247.412920942333,2,0.0519500142935064
5265,0.261100569259962,247.459893048128,2,0.0507464792264427
5266,0.259962049335863,247.506865153924,2,0.0514067129502718
5267,0.260594560404807,247.55383725972,2,0.0510346731222142
5268,0.25932953826692,247.600809365515,2,0.051792080873893
5269,0.259203036053131,247.647781471311,2,0.0518707751544271
5270,0.259709044908286,247.694753577107,2,0.0515592472809975
5271,0.260721062618596,247.741725682902,2,0.0509618436846848
5272,0.261986084756483,247.788697788698,2,0.0502619551622537
5273,0.27033523086654,247.835669894493,2,0.0468383311640566
5274,0.265022137887413,247.882642000289,2,0.0487849328974002
5275,0.256546489563567,247.929614106085,2,0.0536524290004692
5276,0.24819734345351,247.97658621188,2,0.061061960124261
5277,0.239848197343454,248.023558317676,2,0.071928001882808
5278,0.231372549019608,248.070530423472,2,0.08783965761157
5279,0.221884882985452,248.117502529267,2,0.113997405953623
5280,0.216192283364959,248.164474635063,2,0.1355192754477
5281,0.203921568627451,248.211446740859,2,0.203130198860503
5282,0.200253004427577,248.258418846654,2,0.230502729269608
5283,0.190638836179633,248.30539095245,2,0.321346520751707
5284,0.175079063883618,248.352363058245,1,0.525170550159225
5285,0.158127767235927,248.399335164041,1,0.764223000924181
5286,0.135989879822897,248.446307269837,1,0.943599732610884
5287,0.10651486401012,248.493279375632,1,0.995588892457121
5288,0.0839974699557242,248.540251481428,1,0.999559745413312
5289,0.0799493991144845,248.587223587224,1,0.999717681040076
5290,0.0602150537634409,248.634195693019,1,0.999971556875374
5291,0.0413662239089184,248.681167798815,1,0.999997397918752
5292,0.035673624288425,248.728139904611,1,0.999998783791108
5293,0.0371916508538899,248.775112010406,1,0.999998507736316
5294,0.0369386464263125,248.822084116202,1,0.99999855762755
5295,0.0308665401644529,248.869056221997,1,0.999999368937931
5296,0.0244149272612271,248.916028327793,1,0.999999743542431
5297,0.03617963314358,248.963000433589,1,0.999998697788371
5298,0.0602150537634409,249.009972539384,1,0.999971556875374
5299,0.0937381404174573,249.05694464518,1,0.998764443818039
5300,0.119924098671727,249.103916750976,1,0.984879334479871
5301,0.131056293485136,249.150888856771,1,0.961564604405443
5302,0.132321315623023,249.197860962567,1,0.957513103046808
5303,0.131182795698925,249.244833068363,1,0.961175277991656
5304,0.131056293485136,249.291805174158,1,0.961564604405443
5305,0.118912080961417,249.338777279954,1,0.986167594255143
5306,0.113472485768501,249.385749385749,1,0.991524695137727
5307,0.114737507906388,249.432721491545,1,0.990486272551193
5308,0.126375711574953,249.479693597341,1,0.973753669128894
5309,0.142061986084756,249.526665703136,1,0.912162538402744
5310,0.155471220746363,249.573637808932,1,0.795555769730705
5311,0.169133459835547,249.620609914728,1,0.613005960612808
5312,0.179380139152435,249.667582020523,2,0.463314975760143
5313,0.175964579380139,249.714554126319,1,0.512229306577359
5314,0.175964579380139,249.761526232115,1,0.512229306577359
5315,0.164199873497786,249.80849833791,1,0.684110595066964
5316,0.142441492726123,249.855470443706,1,0.909799949332294
5317,0.103099304237824,249.902442549501,1,0.996832063205486
5318,0.0774193548387097,249.949414655297,1,0.999787115134852
5319,0.0349146110056926,249.996386761093,1,0.999998902552284
5320,0.0154332700822264,250.043358866888,1,0.999999929512668
5321,0.0058191018342821,250.090330972684,1,0.999999983156395
5322,0.00518659076533839,250.13730307848,1,0.999999984697436
5323,0.00468058191018343,250.184275184275,1,0.999999985830355
5324,0.00594560404807084,250.231247290071,1,0.999999982830494
5325,0.00531309297912713,250.278219395866,1,0.999999984400669
5326,0.00594560404807084,250.325191501662,1,0.999999982830494
5327,0.0101201771030993,250.372163607458,1,0.99999996784325
5328,0.0150537634408602,250.419135713253,1,0.999999933321134
5329,0.0260594560404807,250.466107819049,1,0.999999676676568
5330,0.0317520556609741,250.513079924845,1,0.9999992871905
5331,0.0290955091714105,250.56005203064,1,0.999999506019856
5332,0.0240354206198608,250.607024136436,1,0.999999756945455
5333,0.0227703984819734,250.653996242232,1,0.999999796881111
5334,0.0222643896268185,250.700968348027,1,0.999999810999778
5335,0.032764073371284,250.747940453823,1,0.999999181151152
5336,0.0541429475015813,250.794912559618,1,0.999986553478942
5337,0.0808349146110057,250.841884665414,1,0.999688623044507
5338,0.103984819734345,250.88885677121,1,0.996545916075526
5339,0.133459835547122,250.935828877005,1,0.953553659093094
5340,0.158254269449715,250.982800982801,1,0.762668612089435
5341,0.174067046173308,251.029773088597,1,0.540048930846478
5342,0.189373814041746,251.076745194392,2,0.335464444501876
5343,0.203921568627451,251.123717300188,2,0.203130198860503
5344,0.211132194813409,251.170689405984,2,0.159422945896874
5345,0.221378874130297,251.217661511779,2,0.115709280623949
5346,0.227577482605946,251.264633617575,2,0.0970607866537479
5347,0.234535104364326,251.31160572337,2,0.0812167508230758
5348,0.237950664136622,251.358577829166,2,0.0750038873532372
5349,0.240733712839975,251.405549934962,2,0.0705770366231255
5350,0.244402277039848,251.452522040757,2,0.0655061929034184
5351,0.248829854522454,251.499494146553,2,0.0603927328090074
5352,0.250727387729285,251.546466252349,2,0.0584984134969739
5353,0.254901960784314,251.593438358144,2,0.054884557150117
5354,0.255660974067046,251.64041046394,2,0.0543031483710133
5355,0.252498418722328,251.687382569736,2,0.0568761892640968
5356,0.245414294750158,251.734354675531,2,0.0642460735574735
5357,0.240733712839975,251.781326781327,2,0.0705770366231255
5358,0.240101201771031,251.828298887122,2,0.0715366841410433
5359,0.239089184060721,251.875270992918,2,0.0731280927484982
5360,0.237571157495256,251.922243098714,2,0.075649951833264
5361,0.244781783681214,251.969215204509,2,0.06502697883165
5362,0.239342188488299,252.016187310305,2,0.0727236620257561
5363,0.226185958254269,252.063159416101,2,0.100832123093257
5364,0.208981657179001,252.110131521896,2,0.171174987744768
5365,0.190512333965844,252.157103627692,2,0.322735617921851
5366,0.162681846932321,252.204075733488,1,0.705087862888687
5367,0.130803289057559,252.251047839283,1,0.962332995147474
5368,0.113345983554712,252.298019945079,1,0.991622543215213
5369,0.106894370651486,252.344992050874,1,0.995425540221715
5370,0.112713472485769,252.39196415667,1,0.992096261649205
5371,0.12966476913346,252.438936262466,1,0.965626091230614
5372,0.149019607843137,252.485908368261,1,0.86041248563117
5373,0.164073371283997,252.532880474057,1,0.685878862642641
5374,0.174573055028463,252.579852579853,1,0.532599529980978
5375,0.185831752055661,252.626824685648,2,0.377621325260973
5376,0.196204933586338,252.673796791444,2,0.265250655471458
5377,0.189247311827957,252.72076889724,2,0.33690386305016
5378,0.189373814041746,252.767741003035,2,0.335464444501876
5379,0.193168880455408,252.814713108831,2,0.294631159235676
5380,0.198102466793169,252.861685214626,2,0.24834650363864
5381,0.201897533206831,252.908657320422,2,0.217767399712025
5382,0.205692599620493,252.955629426218,2,0.191219210711912
5383,0.212650221378874,253.002601532013,2,0.151723465716885
5384,0.219607843137255,253.049573637809,2,0.121995965329733
5385,0.228209993674889,253.096545743605,2,0.0954187858098385
5386,0.240860215053763,253.1435178494,2,0.070388261166792
5387,0.251486401012018,253.190489955196,2,0.0577864687622937
5388,0.257938013915244,253.237462060992,2,0.0526880222775474
5389,0.263251106894371,253.284434166787,2,0.0496125029215027
5390,0.265022137887413,253.331406272583,2,0.0487849328974002
5391,0.260594560404807,253.378378378378,2,0.0510346731222142
5392,0.251612903225806,253.425350484174,2,0.0576702725225915
5393,0.253383934218849,253.47232258997,2,0.0561151411630883
5394,0.235547122074636,253.519294695765,2,0.079279885291037
5395,0.219228336495889,253.566266801561,2,0.123404992422175
5396,0.200379506641366,253.613238907357,2,0.229495526961593
5397,0.179380139152435,253.660211013152,2,0.463314975760143
5398,0.140164452877925,253.707183118948,1,0.923238943617878
5399,0.0877925363693865,253.754155224743,1,0.999337731720999
5400,0.0637571157495256,253.801127330539,1,0.999956376502393
5401,0.0604680581910183,253.848099436335,1,0.999970667858889
5402,0.0695762175838077,253.89507154213,1,0.999913227731467
5403,0.0871600253004428,253.942043647926,1,0.99938095866848
5404,0.108791903858318,253.989015753722,1,0.994520413151272
5405,0.13864642631246,254.035987859517,1,0.931253103226399
5406,0.173308032890576,254.082959965313,1,0.551253612000415
5407,0.196710942441493,254.129932071109,2,0.260634614873391
5408,0.207337128399747,254.176904176904,2,0.180871227101875
5409,0.217330803289058,254.2238762827,2,0.13079572941131
5410,0.216824794433903,254.270848388495,2,0.132867475778099
5411,0.21808981657179,254.317820494291,2,0.127768930673486
5412,0.22112586970272,254.364792600087,2,0.116578986399914
5413,0.223529411764706,254.411764705882,2,0.108679338758035
5414,0.223023402909551,254.458736811678,2,0.110276553958607
5415,0.219734345351044,254.505708917474,2,0.121531249336597
5416,0.216192283364959,254.552681023269,2,0.1355192754477
5417,0.201391524351676,254.599653129065,2,0.221603892460502
5418,0.180012650221379,254.646625234861,2,0.454479798491977
5419,0.148640101201771,254.693597340656,1,0.863714190982332
5420,0.112713472485769,254.740569446452,1,0.992096261649205
5421,0.0783048703352309,254.787541552247,1,0.999764913710291
5422,0.0628716002530044,254.834513658043,1,0.999960774829979
5423,0.0740037950664137,254.881485763839,1,0.999855384787934
5424,0.0976597090449083,254.928457869634,1,0.99815587672737
5425,0.129411764705882,254.97542997543,1,0.966322408228037
5426,0.155091714104997,255.022402081226,1,0.799820320222684
5427,0.183807716635041,255.069374187021,2,0.403362085950398
5428,0.202909550917141,255.116346292817,2,0.210308814547514
5429,0.213662239089184,255.163318398613,2,0.146849821841905
5430,0.221758380771664,255.210290504408,2,0.114421961678464
5431,0.228969006957622,255.257262610204,2,0.0935057410909016
5432,0.231878557874763,255.304234715999,2,0.0867189581171955
5433,0.230740037950664,255.351206821795,2,0.0892749671357326
5434,0.227956989247312,255.398178927591,2,0.0960702990635192
5435,0.227577482605946,255.445151033386,2,0.0970607866537479
5436,0.228589500316256,255.492123139182,2,0.0944545507544753
5437,0.227071473750791,255.539095244978,2,0.0984064997834629
5438,0.220493358633776,255.586067350773,2,0.11879416536945
5439,0.21100569259962,255.633039456569,2,0.16008631518735
5440,0.204807084123972,255.680011562365,2,0.1970728357344
5441,0.182542694497154,255.72698366816,2,0.420012325779106
5442,0.165085388994307,255.773955773956,1,0.671639272288714
5443,0.139405439595193,255.820927879751,1,0.927337170119732
5444,0.11056293485136,255.867899985547,1,0.993527226463325
5445,0.0817204301075269,255.914872091343,1,0.999656722715664
5446,0.0575585072738773,255.961844197138,1,0.999979454854788
5447,0.0481973434535104,256.008816302934,1,0.999993668355542
5448,0.0502213788741303,256.05578840873,1,0.999991800033423
5449,0.0743833017077799,256.102760514525,1,0.999848988312662
5450,0.105123339658444,256.149732620321,1,0.996142287516995
5451,0.141935483870968,256.196704726117,1,0.912938952193596
5452,0.170018975332068,256.243676831912,1,0.599946034776911
5453,0.187729285262492,256.290648937708,2,0.354563834960938
5454,0.199240986717268,256.337621043503,2,0.23872883251212
5455,0.21404174573055,256.384593149299,2,0.145073842258175
5456,0.229601518026565,256.431565255095,2,0.0919580200468738
5457,0.235294117647059,256.47853736089,2,0.0797562457497463
5458,0.253636938646426,256.525509466686,2,0.0559036288366386
5459,0.265401644528779,256.572481572482,2,0.0486196492707742
5460,0.26527514231499,256.619453678277,2,0.0486742786767158
5461,0.267172675521822,256.666425784073,2,0.0479028937438965
5462,0.271473750790639,256.713397889869,2,0.0465200923608518
5463,0.272485768500949,256.760369995664,2,0.0462652425370947
5464,0.272991777356104,256.80734210146,2,0.046147578341909
5465,0.275648323845667,256.854314207255,2,0.0456346358884765
5466,0.278810879190386,256.901286313051,2,0.0452483745191853
5467,0.282226438962682,256.948258418847,2,0.0450990457134019
5468,0.283238456672992,256.995230524642,2,0.0451077346497918
5469,0.283238456672992,257.042202630438,2,0.0451077346497918
5470,0.282732447817837,257.089174736234,2,0.0451003689972119
5471,0.278178368121442,257.136146842029,2,0.0453064103155785
5472,0.274130297280202,257.183118947825,2,0.0459063350919216
5473,0.262745098039216,257.23009105362,2,0.0498663384552399
5474,0.254395951929159,257.277063159416,2,0.0552845734713588
5475,0.241872232764073,257.324035265212,2,0.0689150335075906
5476,0.227197975964579,257.371007371007,2,0.0980673580427217
5477,0.208349146110057,257.417979476803,2,0.174829316499654
5478,0.183807716635041,257.464951582599,2,0.403362085950398
5479,0.158001265022138,257.511923688394,1,0.765771908661158
5480,0.139152435167615,257.55889579419,1,0.928662479114231
5481,0.123466160657812,257.605867899986,1,0.979460090149209
5482,0.118406072106262,257.652840005781,1,0.986773268647864
5483,0.121695129664769,257.699812111577,1,0.982358200214574
5484,0.138393421884883,257.746784217372,1,0.932518808164283
5485,0.158254269449715,257.793756323168,1,0.762668612089435
5486,0.174067046173308,257.840728428964,1,0.540048930846478
5487,0.185578747628083,257.887700534759,2,0.380775735395085
5488,0.192789373814042,257.934672640555,2,0.298508731168055
5489,0.195445920303605,257.981644746351,2,0.272324022479976
5490,0.203668564199874,258.028616852146,2,0.204899001149643
5491,0.207463630613536,258.075588957942,2,0.180102650455024
5492,0.210120177103099,258.122561063738,2,0.164826374268185
5493,0.216192283364959,258.169533169533,2,0.1355192754477
5494,0.218342820999367,258.216505275329,2,0.12678112917053
5495,0.216445287792536,258.263477381124,2,0.134450178934109
5496,0.217710309930424,258.31044948692,2,0.129270345600976
5497,0.2191018342821,258.357421592716,2,0.123879669454671
5498,0.211511701454775,258.404393698511,2,0.157453180008149
5499,0.20708412397217,258.451365804307,2,0.182419965430817
5500,0.210626185958254,258.498337910103,2,0.16209697541332
5501,0.216824794433903,258.545310015898,2,0.132867475778099
5502,0.22416192283365,258.592282121694,2,0.106730221679327
5503,0.238456672991777,258.63925422749,2,0.0741587825254982
5504,0.250980392156863,258.686226333285,2,0.0582582649878122
5505,0.259076533839342,258.733198439081,2,0.0519500142935064
5506,0.268184693232132,258.780170544876,2,0.0475327565520238
5507,0.274636306135357,258.827142650672,2,0.0458094654301776
5508,0.270967741935484,258.874114756468,2,0.0466573768575998
5509,0.265528146742568,258.921086862263,2,0.04856548319416
5510,0.262618595825427,258.968058968059,2,0.0499310292000458
5511,0.260468058191018,259.015031073855,2,0.0511080262526193
5512,0.256672991777356,259.06200317965,2,0.0535618495574292
5513,0.257811511701455,259.108975285446,2,0.0527728232089991
5514,0.252877925363694,259.155947391242,2,0.0565460386206518
5515,0.247058823529412,259.202919497037,2,0.062316340429537
5516,0.244528779253637,259.249891602833,2,0.0653455555861906
5517,0.240607210626186,259.296863708628,2,0.0707668563995645
5518,0.234661606578115,259.343835814424,2,0.0809700202988931
5519,0.223529411764706,259.39080792022,2,0.108679338758035
5520,0.215939278937381,259.437780026015,2,0.13659966783445
5521,0.207463630613536,259.484752131811,2,0.180102650455024
5522,0.204680581910183,259.531724237607,2,0.197925581267326
5523,0.204554079696395,259.578696343402,2,0.198782499652814
5524,0.209993674889311,259.625668449198,2,0.165517488828229
5525,0.22011385199241,259.672640554994,2,0.120151806978133
5526,0.229854522454143,259.719612660789,2,0.0913504981276102
5527,0.235547122074636,259.766584766585,2,0.079279885291037
5528,0.236812144212524,259.81355687238,2,0.0769742496481824
5529,0.233270082226439,259.860528978176,2,0.083758990496422
5530,0.237318153067679,259.907501083972,2,0.0760865779721914
5531,0.240480708412397,259.954473189767,2,0.0709577257442429
5532,0.24123972169513,260.001445295563,2,0.0698281487049737
5533,0.239342188488299,260.048417401359,2,0.0727236620257561
5534,0.2382036685642,260.095389507154,2,0.0745790240714822
5535,0.239468690702087,260.14236161295,2,0.0725231051685979
5536,0.240860215053763,260.189333718746,2,0.070388261166792
5537,0.232005060088552,260.236305824541,2,0.0864425432426417
5538,0.226691967109424,260.283277930337,2,0.0994349117954717
5539,0.209487666034156,260.330250036132,2,0.16831746157226
5540,0.182036685641999,260.377222141928,2,0.426786076673809
5541,0.156862745098039,260.424194247724,1,0.77946054972004
5542,0.138899430740038,260.471166353519,1,0.929967725376759
5543,0.12764073371284,260.518138459315,1,0.970856554097741
5544,0.120936116382037,260.565110565111,1,0.983482223816058
5545,0.101960784313725,260.612082670906,1,0.997167295429692
5546,0.105755850727388,260.659054776702,1,0.995899343663299
5547,0.116888045540797,260.706026882497,1,0.988447191922706
5548,0.132827324478178,260.752998988293,1,0.955791109876141
5549,0.147248576850095,260.799971094089,1,0.875335067749725
5550,0.154585705249842,260.846943199884,1,0.805421361784461
5551,0.157874762808349,260.89391530568,1,0.76731530466319
5552,0.15977229601518,260.940887411476,1,0.743600289397044
5553,0.16078431372549,260.987859517271,1,0.730481605002458
5554,0.163061353573688,261.034831623067,1,0.699894850850455
5555,0.16989247311828,261.081803728863,1,0.601814630708719
5556,0.17887413029728,261.128775834658,2,0.470439328284567
5557,0.191018342820999,261.175747940454,2,0.317209617803774
5558,0.200632511068944,261.222720046249,2,0.227495029681829
5559,0.205566097406705,261.269692152045,2,0.19204316214713
5560,0.207337128399747,261.316664257841,2,0.180871227101875
5561,0.206198608475648,261.363636363636,2,0.187963790849892
5562,0.205945604048071,261.410608469432,2,0.18958345371815
5563,0.205186590765338,261.457580575228,2,0.194539488252327
5564,0.201265022137887,261.504552681023,2,0.222574327812885
5565,0.197849462365591,261.551524786819,2,0.250536758438719
5566,0.197722960151803,261.598496892615,2,0.251639173070798
5567,0.201518026565465,261.64546899841,2,0.220637995175315
5568,0.205439595192916,261.692441104206,2,0.192871182231803
5569,0.208096141682479,261.739413210001,2,0.17631708203753
5570,0.212903225806452,261.786385315797,2,0.150486016052017
5571,0.218722327640734,261.833357421593,2,0.125318880755131
5572,0.222390891840607,261.880329527388,2,0.112321628195212
5573,0.22517394054396,261.927301633184,2,0.103718029124586
5574,0.228209993674889,261.97427373898,2,0.0954187858098385
5575,0.23213156230234,262.021245844775,2,0.0861676167313329
5576,0.23516761543327,262.068217950571,2,0.0799963730375064
5577,0.237571157495256,262.115190056367,2,0.075649951833264
5578,0.237318153067679,262.162162162162,2,0.0760865779721914
5579,0.241113219481341,262.209134267958,2,0.07001382237802
5580,0.243010752688172,262.256106373753,2,0.067333923033372
5581,0.24225173940544,262.303078479549,2,0.0683791862901816
5582,0.242757748260595,262.350050585345,2,0.0676784733481593
5583,0.238456672991777,262.39702269114,2,0.0741587825254982
5584,0.229222011385199,262.443994796936,2,0.0928816522920116
5585,0.219228336495889,262.490966902732,2,0.123404992422175
5586,0.200379506641366,262.537939008527,2,0.229495526961593
5587,0.176344086021505,262.584911114323,1,0.506709895530072
5588,0.160151802656546,262.631883220119,1,0.738717484450852
5589,0.155597722960152,262.678855325914,1,0.794122204274176
5590,0.162049335863378,262.72582743171,1,0.713661326323027
5591,0.174193548387097,262.772799537505,1,0.538184857373387
5592,0.18393421884883,262.819771643301,2,0.401720164257834
5593,0.196837444655281,262.866743749097,2,0.259492978287674
5594,0.199493991144845,262.913715854892,2,0.236644060189913
5595,0.201391524351676,262.960687960688,2,0.221603892460502
5596,0.200379506641366,263.007660066484,2,0.229495526961593
5597,0.19493991144845,263.054632172279,2,0.277139766201545
5598,0.18393421884883,263.101604278075,2,0.401720164257834
5599,0.167235926628716,263.148576383871,1,0.640763664852792
5600,0.154965211891208,263.195548489666,1,0.801229725883782
5601,0.135863377609108,263.242520595462,1,0.944137492711945
5602,0.133586337760911,263.289492701257,1,0.953094593997148
5603,0.128273244781784,263.336464807053,1,0.969303696769901
5604,0.122707147375079,263.383436912849,1,0.980751248131075
5605,0.120050600885516,263.430409018644,1,0.984710807051753
5606,0.120177103099304,263.47738112444,1,0.984540564239857
5607,0.118026565464896,263.524353230236,1,0.987211444928806
5608,0.114864010120177,263.571325336031,1,0.990376201050622
5609,0.128273244781784,263.618297441827,1,0.969303696769901
5610,0.139152435167615,263.665269547623,1,0.928662479114231
5611,0.154459203036053,263.712241653418,1,0.80680632469795
5612,0.16685641998735,263.759213759214,1,0.646264615875736
5613,0.173055028462998,263.806185865009,1,0.554994867700611
5614,0.169639468690702,263.853157970805,1,0.605549169184153
5615,0.159645793801392,263.900130076601,1,0.745217870926805
5616,0.150411132194813,263.947102182396,1,0.847816991476625
5617,0.128146742567995,263.994074288192,1,0.969620030928507
5618,0.12258064516129,264.041046393988,1,0.980959137661428
5619,0.107653383934219,264.088018499783,1,0.995081713479651
5620,0.100063251106894,264.134990605579,1,0.997652934429503
5621,0.101834282099937,264.181962711375,1,0.997202410018001
5622,0.0925996204933586,264.22893481717,1,0.998901841843053
5623,0.075774826059456,264.275906922966,1,0.999823136952074
5624,0.0690702087286528,264.322879028761,1,0.999918204224233
5625,0.0583175205566097,264.369851134557,1,0.999977444991701
5626,0.0551549652118912,264.416823240353,1,0.99998474376385
5627,0.0512333965844402,264.463795346148,1,0.999990676172763
5628,0.0481973434535104,264.510767451944,1,0.999993668355542
5629,0.040607210626186,264.55773955774,1,0.999997646443003
5630,0.032764073371284,264.604711663535,1,0.999999181151152
5631,0.0265654648956357,264.651683769331,1,0.999999652889127
5632,0.0244149272612271,264.698655875127,1,0.999999743542431
5633,0.018595825426945,264.745627980922,1,0.999999888364526
5634,0.01808981657179,264.792600086718,1,0.999999896244394
5635,0.0136622390891841,264.839572192513,1,0.999999945644379
5636,0.0108791903858318,264.886544298309,1,0.999999963994016
5637,0.0120177103099304,264.933516404105,1,0.999999957364491
5638,0.0122707147375079,264.9804885099,1,0.999999955737091
5639,0.0129032258064516,265.027460615696,1,0.99999995139907
5640,0.0155597722960152,265.074432721492,1,0.999999928196698
5641,0.00847564832384567,265.121404827287,1,0.999999974857235
5642,0.0103731815306768,265.168376933083,1,0.999999966607042
5643,0.00645161290322581,265.215349038878,1,0.999999981464227
5644,0.00404807084123972,265.262321144674,1,0.999999987131831
5645,0.00898165717900063,265.30929325047,1,0.999999972875527
5646,0.00961416824794434,265.356265356265,1,0.999999970183205
5647,0.0144212523719165,265.403237462061,1,0.999999939227478
5648,0.0251739405439595,265.450209567857,1,0.999999714545921
5649,0.0464263124604681,265.497181673652,1,0.999994959680298
5650,0.0607210626185958,265.544153779448,1,0.999969752117057
5651,0.0819734345351044,265.591125885244,1,0.99964705014466
5652,0.106008855154965,265.638097991039,1,0.995798209522341
5653,0.133206831119545,265.685070096835,1,0.954460139994246
5654,0.15876027830487,265.73204220263,1,0.756396877013392
5655,0.174193548387097,265.779014308426,1,0.538184857373387
5656,0.17786211258697,265.825986414222,2,0.484826451033518
5657,0.178621125869703,265.872958520017,2,0.474019326623595
5658,0.173940543959519,265.919930625813,1,0.541914061146703
5659,0.163440860215054,265.966902731609,1,0.694666735374197
5660,0.150284629981025,266.013874837404,1,0.848993882177966
5661,0.133080328905756,266.0608469432,1,0.954907605411049
5662,0.117267552182163,266.107819048996,1,0.988048048390026
5663,0.104743833017078,266.154791154791,1,0.99628150515845
5664,0.0976597090449083,266.201763260587,1,0.99815587672737
5665,0.0865275142314991,266.248735366382,1,0.999421492532501
5666,0.0661606578115117,266.295707472178,1,0.999941915742635
5667,0.0531309297912713,266.342679577974,1,0.999988155174391
5668,0.0437697659709045,266.389651683769,1,0.999996431622379
5669,0.0292220113851992,266.436623789565,1,0.999999497273739
5670,0.0127767235926629,266.483595895361,1,0.999999952298585
5671,0.00746363061353574,266.530568001156,1,0.999999978405969
5672,0.0079696394686907,266.577540106952,1,0.999999976697429
5673,0.0036685641998735,266.624512212748,1,0.999999987855888
5674,0.00379506641366224,266.671484318543,1,0.999999987619071
5675,0.00392156862745098,266.718456424339,1,0.999999987377746
5676,0.00341555977229602,266.765428530134,1,0.999999988316328
5677,0.00379506641366224,266.81240063593,1,0.999999987619071
5678,0.0036685641998735,266.859372741726,1,0.999999987855888
5679,0.00417457305502846,266.906344847521,1,0.999999986881239
5680,0.00506008855154965,266.953316953317,1,0.99999998498869
5681,0.00480708412397217,267.000289059113,1,0.999999985555052
5682,0.00531309297912713,267.047261164908,1,0.999999984400669
5683,0.00569259962049336,267.094233270704,1,0.999999983476255
5684,0.00619860847564832,267.141205376499,1,0.999999982160123
5685,0.00594560404807084,267.188177482295,1,0.999999982830494
5686,0.00645161290322581,267.235149588091,1,0.999999981464227
5687,0.0079696394686907,267.282121693886,1,0.999999976697429
5688,0.00847564832384567,267.329093799682,1,0.999999974857235
5689,0.0126502213788741,267.376065905478,1,0.999999953181861
5690,0.0237824161922834,267.423038011273,1,0.999999765499635
5691,0.0522454142947502,267.470010117069,1,0.999989404228592
5692,0.09146110056926,267.516982222865,1,0.999024667942865
5693,0.124225173940544,267.56395432866,1,0.978091024984506
5694,0.148640101201771,267.610926434456,1,0.863714190982332
5695,0.16989247311828,267.657898540251,1,0.601814630708719
5696,0.18595825426945,267.704870646047,2,0.376051064887624
5697,0.198355471220746,267.751842751843,2,0.246175615770549
5698,0.205313092979127,267.798814857638,2,0.193703285949056
5699,0.212397216951297,267.845786963434,2,0.152973803062424
5700,0.213535736875395,267.89275906923,2,0.147448006409404
5701,0.210626185958254,267.939731175025,2,0.16209697541332
5702,0.209487666034156,267.986703280821,2,0.16831746157226
5703,0.213409234661607,268.033675386617,2,0.148049310736678
5704,0.217963314358001,268.080647492412,2,0.128266760947705
5705,0.223023402909551,268.127619598208,2,0.110276553958607
5706,0.225426944971537,268.174591704003,2,0.102984917653968
5707,0.231878557874763,268.221563809799,2,0.0867189581171955
5708,0.240860215053763,268.268535915595,2,0.070388261166792
5709,0.247817836812144,268.31550802139,2,0.0614728884930963
5710,0.248576850094877,268.362480127186,2,0.0606580973800598
5711,0.247944339025933,268.409452232982,2,0.0613351212222062
5712,0.248576850094877,268.456424338777,2,0.0606580973800598
5713,0.244908285895003,268.503396444573,2,0.0648690307259244
5714,0.24326375711575,268.550368550369,2,0.0669931929589303
5715,0.245414294750158,268.597340656164,2,0.0642460735574735
5716,0.244908285895003,268.64431276196,2,0.0648690307259244
5717,0.240860215053763,268.691284867755,2,0.070388261166792
5718,0.24225173940544,268.738256973551,2,0.0683791862901816
5719,0.246805819101834,268.785229079347,2,0.0626040002712965
5720,0.246805819101834,268.832201185142,2,0.0626040002712965
5721,0.240354206198608,268.879173290938,2,0.0711496499366995
5722,0.238077166350411,268.926145396734,2,0.074790875046871
5723,0.235926628716003,268.973117502529,2,0.0785749799292063
5724,0.233776091081594,269.020089608325,2,0.0827255464862004
5725,0.230866540164453,269.067061714121,2,0.0889848014895906
5726,0.22909550917141,269.114033819916,2,0.0931928574745475
5727,0.231878557874763,269.161005925712,2,0.0867189581171955
5728,0.235926628716003,269.207978031507,2,0.0785749799292063
5729,0.238962681846932,269.254950137303,2,0.0733319778512571
5730,0.236812144212524,269.301922243099,2,0.0769742496481824
5731,0.235294117647059,269.348894348894,2,0.0797562457497463
5732,0.2382036685642,269.39586645469,2,0.0745790240714822
5733,0.240986717267552,269.442838560486,2,0.0702005248136832
5734,0.241998734977862,269.489810666281,2,0.0687354258731535
5735,0.237318153067679,269.536782772077,2,0.0760865779721914
5736,0.233523086654016,269.583754877873,2,0.0832394721218699
5737,0.229854522454143,269.630726983668,2,0.0913504981276102
5738,0.228589500316256,269.677699089464,2,0.0944545507544753
5739,0.227577482605946,269.724671195259,2,0.0970607866537479
5740,0.227071473750791,269.771643301055,2,0.0984064997834629
5741,0.227956989247312,269.818615406851,2,0.0960702990635192
5742,0.229981024667932,269.865587512646,2,0.0910491813254677
5743,0.231625553447185,269.912559618442,2,0.0872762841438652
5744,0.233523086654016,269.959531724238,2,0.0832394721218699
5745,0.22517394054396,270.006503830033,2,0.103718029124586
5746,0.224794433902593,270.053475935829,2,0.104832519401798
5747,0.225300442757748,270.100448041625,2,0.10335049201396
5748,0.223782416192283,270.14742014742,2,0.107893436755454
5749,0.220366856419987,270.194392253216,2,0.11924431059555
5750,0.213282732447818,270.241364359011,2,0.148653749319157
5751,0.205439595192916,270.288336464807,2,0.192871182231803
5752,0.200506008855155,270.335308570603,2,0.228492964557482
5753,0.194433902593295,270.382280676398,2,0.282036073857719
5754,0.187223276407337,270.429252782194,2,0.360607319164545
5755,0.174193548387097,270.47622488799,1,0.538184857373387
5756,0.153826691967109,270.523196993785,1,0.81363858422379
5757,0.134092346616066,270.570169099581,1,0.951218921965514
5758,0.118026565464896,270.617141205377,1,0.987211444928806
5759,0.0960151802656546,270.664113311172,1,0.998439332205364
5760,0.0745098039215686,270.711085416968,1,0.999846796585186
5761,0.0595825426944971,270.758057522763,1,0.999973667356304
5762,0.0457938013915243,270.805029628559,1,0.999995355925633
5763,0.0445287792536369,270.852001734355,1,0.99999606000479
5764,0.0437697659709045,270.89897384015,1,0.999996431622379
5765,0.0370651486401012,270.945945945946,1,0.999998532887564
5766,0.0456672991777356,270.992918051742,1,0.99999543147552
5767,0.0654016445287793,271.039890157537,1,0.999946918581223
5768,0.0771663504111322,271.086862263333,1,0.999793080671132
5769,0.102213788741303,271.133834369129,1,0.997095818513471
5770,0.114358001265022,271.180806474924,1,0.990809539514637
5771,0.126881720430108,271.22777858072,1,0.972627266762751
5772,0.131309297912713,271.274750686515,1,0.960782499168539
5773,0.129285262492094,271.321722792311,1,0.966665866215287
5774,0.133586337760911,271.368694898107,1,0.953094593997148
5775,0.146363061353574,271.415667003902,1,0.882337066565004
5776,0.159266287160025,271.462639109698,1,0.750040032245692
5777,0.166223908918406,271.509611215494,1,0.655386457608673
5778,0.175964579380139,271.556583321289,1,0.512229306577359
5779,0.186590765338393,271.603555427085,2,0.368269938979829
5780,0.192662871600253,271.650527532881,2,0.299811431902631
5781,0.19898798228969,271.697499638676,2,0.240832589198386
5782,0.204301075268817,271.744471744472,2,0.200508913907758
5783,0.20607210626186,271.791443850267,2,0.188771618058702
5784,0.204933586337761,271.838415956063,2,0.196224248272853
5785,0.206704617330803,271.885388061859,2,0.184772264042135
5786,0.203162555344719,271.932360167654,2,0.208488194757059
5787,0.195698924731183,271.97933227345,2,0.269946250890412
5788,0.176976597090449,272.026304379246,2,0.497551745740991
5789,0.161922833649589,272.073276485041,1,0.715363360756034
5790,0.131056293485136,272.120248590837,1,0.961564604405443
5791,0.0702087286527514,272.167220696633,1,0.999906597674402
5792,0.0247944339025933,272.214192802428,1,0.999999729421663
5793,0.00961416824794434,272.261164908224,1,0.999999970183205
5794,0.00683111954459203,272.308137014019,1,0.999999980370448
5795,0.00518659076533839,272.355109119815,1,0.999999984697436
5796,0.00721062618595825,272.402081225611,1,0.999999979213766
5797,0.0135357368753953,272.449053331406,1,0.999999946647595
5798,0.0250474383301708,272.496025437202,1,0.999999719590761
5799,0.0419987349778621,272.542997542998,1,0.99999717156478
5800,0.0559139784946237,272.589969648793,1,0.999983234538903
5801,0.0779253636938646,272.636941754589,1,0.999774686960298
5802,0.0891840607210626,272.683913860384,1,0.999232310074396
5803,0.105376344086022,272.73088596618,1,0.996046776059326
5804,0.121062618595825,272.777858071976,1,0.983299540877727
5805,0.138266919671094,272.824830177771,1,0.933144344681952
5806,0.161543327008223,272.871802283567,1,0.720443320486384
5807,0.190259329538267,272.918774389363,2,0.325528980481337
5808,0.210120177103099,272.965746495158,2,0.164826374268185
5809,0.229728020240354,273.012718600954,2,0.091653441525749
5810,0.240607210626186,273.05969070675,2,0.0707668563995645
5811,0.251612903225806,273.106662812545,2,0.0576702725225915
5812,0.256672991777356,273.153634918341,2,0.0535618495574292
5813,0.256040480708412,273.200607024136,2,0.0540206741590815
5814,0.25528146742568,273.247579129932,2,0.0545910870445611
5815,0.254142947501581,273.294551235728,2,0.0554883666189797
5816,0.252371916508539,273.341523341523,2,0.0569875838335164
5817,0.251359898798229,273.388495447319,2,0.0579033630374119
5818,0.250853889943074,273.435467553115,2,0.0583779824195547
5819,0.249715370018975,273.48243965891,2,0.0594879398741753
5820,0.252877925363694,273.529411764706,2,0.0565460386206518
5821,0.259835547122075,273.576383870502,2,0.0514827126063911
5822,0.267678684376977,273.623355976297,2,0.0477142969194039
5823,0.272232764073371,273.670328082093,2,0.0463265058491022
5824,0.273497786211259,273.717300187888,2,0.0460363596816785
5825,0.282605945604048,273.764272293684,2,0.0450994717635191
5826,0.27741935483871,273.81124439948,2,0.0453886822570006
5827,0.270967741935484,273.858216505275,2,0.0466573768575998
5828,0.264263124604681,273.905188611071,2,0.0491281586032661
5829,0.254016445287793,273.952160716867,2,0.0555912186623056
5830,0.237824161922834,273.999132822662,2,0.07521806693073
5831,0.217583807716635,274.046104928458,2,0.129776126143048
5832,0.20303605313093,274.093077034254,2,0.209396324255406
5833,0.190891840607211,274.140049140049,2,0.318583516761997
5834,0.191018342820999,274.187021245845,2,0.317209617803774
5835,0.191271347248577,274.23399335164,2,0.314477043171614
5836,0.19797596457938,274.280965457436,2,0.249439205206596
5837,0.208981657179001,274.327937563232,2,0.171174987744768
5838,0.2191018342821,274.374909669027,2,0.123879669454671
5839,0.23111954459203,274.421881774823,2,0.088409142003283
5840,0.247691334598355,274.468853880619,2,0.0616114518292396
5841,0.255534471853257,274.515825986414,2,0.054398517488098
5842,0.263377609108159,274.56279809221,2,0.0495502679736553
5843,0.271473750790639,274.609770198005,2,0.0465200923608518
5844,0.275901328273245,274.656742303801,2,0.0455948432540364
5845,0.281087919038583,274.703714409597,2,0.0451181618560204
5846,0.285768500948767,274.750686515392,2,0.0452353782825049
5847,0.285895003162555,274.797658621188,2,0.0452457464131485
5848,0.282985452245414,274.844630726984,2,0.0451032964053596
5849,0.27438330170778,274.891602832779,2,0.0458571086204887
5850,0.269955724225174,274.938574938575,2,0.0469519318524443
5851,0.255407969639469,274.985547044371,2,0.054494496219181
5852,0.234788108791904,275.032519150166,2,0.0807246241330785
5853,0.213282732447818,275.079491255962,2,0.148653749319157
5854,0.187729285262492,275.126463361757,2,0.354563834960938
5855,0.153826691967109,275.173435467553,1,0.81363858422379
5856,0.124857685009488,275.220407573349,1,0.976887767178683
5857,0.0899430740037951,275.267379679144,1,0.999168273129503
5858,0.0638836179633144,275.31435178494,1,0.999955710691549
5859,0.044022770398482,275.361323890736,1,0.999996311687848
5860,0.044022770398482,275.408295996531,1,0.999996311687848
5861,0.0518659076533839,275.455268102327,1,0.999989899700265
5862,0.0643896268184693,275.502240208123,1,0.999952948395209
5863,0.090955091714105,275.549212313918,1,0.999074966995905
5864,0.119924098671727,275.596184419714,1,0.984879334479871
5865,0.150664136622391,275.643156525509,1,0.845444079050219
5866,0.170777988614801,275.690128631305,1,0.588719645639162
5867,0.195572422517394,275.737100737101,2,0.271132633375213
5868,0.215433270082226,275.784072842896,2,0.138794779464408
5869,0.23010752688172,275.831044948692,2,0.0907494826370661
5870,0.24225173940544,275.878017054488,2,0.0683791862901816
5871,0.252498418722328,275.924989160283,2,0.0568761892640968
5872,0.258697027197976,275.971961266079,2,0.0521910210643519
5873,0.270082226438963,276.018933371875,2,0.0469136438319369
5874,0.269196710942441,276.06590547767,2,0.0471905630471481
5875,0.268690702087287,276.112877583466,2,0.0473582013931484
5876,0.268437697659709,276.159849689261,2,0.0474446101626508
5877,0.269829222011385,276.206821795057,2,0.0469906422379751
5878,0.267931688804554,276.253793900853,2,0.0476226491989484
5879,0.260974067046173,276.300766006648,2,0.0508177485529393
5880,0.251739405439595,276.347738112444,2,0.0575547712575533
5881,0.241492726122707,276.39471021824,2,0.0694598671812666
5882,0.241366223908918,276.441682324035,2,0.0696434986705155
5883,0.235800126502214,276.488654429831,2,0.0788086724959299
5884,0.224035420619861,276.535626535627,2,0.107115889312309
5885,0.210879190385832,276.582598641422,2,0.160753099834952
5886,0.192915876027831,276.629570747218,2,0.297211119570766
5887,0.157368753953194,276.676542853013,1,0.77343317720233
5888,0.121442125237192,276.723514958809,1,0.982740386497838
5889,0.0842504743833017,276.770487064605,1,0.999547484332564
5890,0.0487033523086654,276.8174591704,1,0.999993244121665
5891,0.0158127767235927,276.864431276196,1,0.999999925492554
5892,0.00455407969639469,276.911403381992,1,0.999999986100533
5893,0.00594560404807084,276.958375487787,1,0.999999982830494
5894,0.0058191018342821,277.005347593583,1,0.999999983156395
5895,0.00607210626185958,277.052319699379,1,0.999999982498441
5896,0.00961416824794434,277.099291805174,1,0.999999970183205
5897,0.00569259962049336,277.14626391097,1,0.999999983476255
5898,0.00404807084123972,277.193236016765,1,0.999999987131831
5899,0.00607210626185958,277.240208122561,1,0.999999982498441
5900,0.00721062618595825,277.287180228357,1,0.999999979213766
5901,0.00569259962049336,277.334152334152,1,0.999999983476255
5902,0.00847564832384567,277.381124439948,1,0.999999974857235
5903,0.0245414294750158,277.428096545744,1,0.999999738917059
5904,0.043516761543327,277.475068651539,1,0.999996547778037
5905,0.108918406072106,277.522040757335,1,0.994454482277623
5906,0.14370651486401,277.569012863131,1,0.901557108603819
5907,0.178241619228337,277.615984968926,2,0.479410633761188
5908,0.201644528779254,277.662957074722,2,0.21967662279983
5909,0.224414927261227,277.709929180517,2,0.105965045280705
5910,0.24123972169513,277.756901286313,2,0.0698281487049737
5911,0.247311827956989,277.803873392109,2,0.0620319555217999
5912,0.247438330170778,277.850845497904,2,0.0618909815905957
5913,0.241745730550285,277.8978176037,2,0.0690956396172313
5914,0.235041113219481,277.944789709496,2,0.0802378073385703
5915,0.230866540164453,277.991761815291,2,0.0889848014895906
5916,0.223908918406072,278.038733921087,2,0.10750362410056
5917,0.213282732447818,278.085706026883,2,0.148653749319157
5918,0.20202403542062,278.132678132678,2,0.216819522255283
5919,0.185199240986717,278.179650238474,2,0.385541783207808
5920,0.16280834914611,278.226622344269,1,0.703360840897494
5921,0.154965211891208,278.273594450065,1,0.801229725883782
5922,0.14471853257432,278.320566555861,1,0.89454583414737
5923,0.138140417457306,278.367538661656,1,0.933765036765337
5924,0.144592030360531,278.414510767452,1,0.895442881434938
5925,0.159645793801392,278.461482873248,1,0.745217870926805
5926,0.171157495256167,278.508454979043,1,0.583099609440619
5927,0.175458570524984,278.555427084839,1,0.519614294131999
5928,0.175332068311195,278.602399190635,1,0.521464798768806
5929,0.176344086021505,278.64937129643,1,0.506709895530072
5930,0.158507273877293,278.696343402226,1,0.759543516321416
5931,0.137760910815939,278.743315508021,1,0.935598293898897
5932,0.121315623023403,278.790287613817,1,0.982928638345222
5933,0.110309930423782,278.837259719613,1,0.993678710599348
5934,0.111448450347881,278.884231825408,1,0.992970002872622
5935,0.130297280202404,278.931203931204,1,0.96382939023121
5936,0.151929158760278,278.978176037,1,0.833197102730611
5937,0.177356103731815,279.025148142795,2,0.492083548842744
5938,0.185705249841872,279.072120248591,2,0.379196221751637
5939,0.195572422517394,279.119092354387,2,0.271132633375213
5940,0.201265022137887,279.166064460182,2,0.222574327812885
5941,0.202277039848197,279.213036565978,2,0.214937168043231
5942,0.202403542061986,279.260008671773,2,0.214002664062937
5943,0.201138519924099,279.306980777569,2,0.223549314300127
5944,0.19898798228969,279.353952883365,2,0.240832589198386
5945,0.201518026565465,279.40092498916,2,0.220637995175315
5946,0.201644528779254,279.447897094956,2,0.21967662279983
5947,0.20506008855155,279.494869200752,2,0.195379804063806
5948,0.211891208096142,279.541841306547,2,0.155513612708842
5949,0.216951296647691,279.588813412343,2,0.132345438404494
5950,0.216571790006325,279.635785518139,2,0.133919832554427
5951,0.210626185958254,279.682757623934,2,0.16209697541332
5952,0.204554079696395,279.72972972973,2,0.198782499652814
5953,0.19493991144845,279.776701835525,2,0.277139766201545
5954,0.181783681214421,279.823673941321,2,0.430196341760644
5955,0.159139784946237,279.870646047117,1,0.751637103773749
5956,0.139405439595193,279.917618152912,1,0.927337170119732
5957,0.135104364326376,279.964590258708,1,0.947273199255567
5958,0.145351043643264,280.011562364504,1,0.889971036231308
5959,0.161543327008223,280.058534470299,1,0.720443320486384
5960,0.170145477545857,280.105506576095,1,0.598076633997551
5961,0.178494623655914,280.15247868189,2,0.475813631447649
5962,0.183554712207464,280.199450787686,2,0.406658745998161
5963,0.182163187855787,280.246422893482,2,0.425086744133094
5964,0.173561037318153,280.293394999277,1,0.547515236135979
5965,0.164705882352941,280.340367105073,1,0.677003618332652
5966,0.158633776091082,280.387339210869,1,0.757972873303178
5967,0.148893105629349,280.434311316664,1,0.86151938901807
5968,0.136748893105629,280.48128342246,1,0.94028002212243
5969,0.107400379506641,280.528255528256,1,0.995198920917881
5970,0.0885515496521189,280.575227634051,1,0.999282067173562
5971,0.0746363061353574,280.622199739847,1,0.999844574415323
5972,0.0713472485768501,280.669171845642,1,0.999893420083068
5973,0.0695762175838077,280.716143951438,1,0.999913227731467
5974,0.0671726755218216,280.763116057234,1,0.999934536466049
5975,0.062112586970272,280.810088163029,1,0.99996420237687
5976,0.0567994939911448,280.857060268825,1,0.999981291529746
5977,0.0387096774193548,280.904032374621,1,0.999998171333139
5978,0.0287160025300443,280.951004480416,1,0.999999531380447
5979,0.0208728652751423,280.997976586212,1,0.999999845080472
5980,0.0211258697027198,281.044948692008,1,0.99999983936449
5981,0.0246679316888046,281.091920797803,1,0.999999734210596
5982,0.024920936116382,281.138892903599,1,0.99999972454886
5983,0.0213788741302973,281.185865009394,1,0.999999833443451
5984,0.0197343453510436,281.23283711519,1,0.99999986844468
5985,0.0148007590132827,281.279809220986,1,0.999999935747912
5986,0.0158127767235927,281.326781326781,1,0.999999925492554
5987,0.0163187855787476,281.373753432577,1,0.999999919783354
5988,0.0182163187855787,281.420725538373,1,0.999999894326779
5989,0.0234029095509171,281.467697644168,1,0.999999777784357
5990,0.0360531309297913,281.514669749964,1,0.999998719826206
5991,0.0535104364326376,281.56164185576,1,0.99998757739389
5992,0.0662871600253004,281.608613961555,1,0.999941039057875
5993,0.076280834914611,281.655586067351,1,0.999812725979277
5994,0.0874130297280202,281.702558173146,1,0.999364000260352
5995,0.100189753320683,281.749530278942,1,0.997623170170699
5996,0.109677419354839,281.796502384738,1,0.994043092138382
5997,0.122833649588868,281.843474490533,1,0.980541301168821
5998,0.143580012650221,281.890446596329,1,0.902407199284752
5999,0.164073371283997,281.937418702125,1,0.685878862642641
6000,0.176723592662872,281.98439080792,1,0.501208576602647
6001,0.189500316255534,282.031362913716,2,0.334030028405857
6002,0.191650853889943,282.078335019512,2,0.31041628145975
6003,0.190765338393422,282.125307125307,2,0.31996248566686
6004,0.186717267552182,282.172279231103,2,0.366727869962622
6005,0.182289690069576,282.219251336898,2,0.4233913206975
6006,0.17685009487666,282.266223442694,2,0.499379056868575
6007,0.169765970904491,282.31319554849,1,0.603682362083751
6008,0.163946869070209,282.360167654285,1,0.687643634690499
6009,0.151676154332701,282.407139760081,1,0.835697431090247
6010,0.153573687539532,282.454111865877,1,0.816328037953592
6011,0.154206198608476,282.501083971672,1,0.809557782925607
6012,0.15774826059456,282.548056077468,1,0.768853158824313
6013,0.16685641998735,282.595028183263,1,0.646264615875736
6014,0.174699557242252,282.642000289059,1,0.530740234624127
6015,0.181151170145478,282.688972394855,2,0.438788139220417
6016,0.186717267552182,282.73594450065,2,0.366727869962622
6017,0.194054395951929,282.782916606446,2,0.285761360313415
6018,0.198481973434535,282.829888712242,2,0.24509740922548
6019,0.20404807084124,282.876860818037,2,0.202252195931178
6020,0.207843137254902,282.923832923833,2,0.177819907515213
6021,0.211258697027198,282.970805029629,2,0.158762976936572
6022,0.216824794433903,283.017777135424,2,0.132867475778099
6023,0.222770398481973,283.06474924122,2,0.111088042899006
6024,0.228209993674889,283.111721347015,2,0.0954187858098385
6025,0.232511068943707,283.158693452811,2,0.0853516901454519
6026,0.23719165085389,283.205665558607,2,0.0763066842270328
6027,0.241745730550285,283.252637664402,2,0.0690956396172313
6028,0.243137254901961,283.299609770198,2,0.0671630828095752
6029,0.243516761543327,283.346581875994,2,0.0666562458000883
6030,0.242631246046806,283.393553981789,2,0.067852192884656
6031,0.237697659709045,283.440526087585,2,0.0754334197541809
6032,0.231246046805819,283.487498193381,2,0.0881236319474364
6033,0.216824794433903,283.534470299176,2,0.132867475778099
6034,0.214800759013283,283.581442404972,2,0.141604175455738
6035,0.212650221378874,283.628414510767,2,0.151723465716885
6036,0.213282732447818,283.675386616563,2,0.148653749319157
6037,0.214800759013283,283.722358722359,2,0.141604175455738
6038,0.217330803289058,283.769330828154,2,0.13079572941131
6039,0.218975332068311,283.81630293395,2,0.124356868090599
6040,0.220872865275142,283.863275039746,2,0.117457996509332
6041,0.218848829854522,283.910247145541,2,0.124836600963591
6042,0.214674256799494,283.957219251337,2,0.142174928687567
6043,0.209614168247944,284.004191357133,2,0.167612110813583
6044,0.203921568627451,284.051163462928,2,0.203130198860503
6045,0.195825426944972,284.098135568724,2,0.268764868597104
6046,0.182795698924731,284.145107674519,2,0.416649336735419
6047,0.163061353573688,284.192079780315,1,0.699894850850455
6048,0.146616065781151,284.239051886111,1,0.880367405320069
6049,0.12156862745098,284.286023991906,1,0.982550245918009
6050,0.0867805186590765,284.332996097702,1,0.99940559178897
6051,0.0374446552814674,284.379968203498,1,0.999998456173509
6052,0.0140417457305503,284.426940309293,1,0.999999942523145
6053,0.00999367488931056,284.473912415089,1,0.9999999684445
6054,0.00670461733080329,284.520884520885,1,0.999999980741862
6055,0.00974067046173308,284.56785662668,1,0.999999969614284
6056,0.0118912080961417,284.614828732476,1,0.999999958156165
6057,0.014674256799494,284.661800838271,1,0.999999936928805
6058,0.0159392789373814,284.708772944067,1,0.999999924103527
6059,0.0156862745098039,284.755745049863,1,0.999999926856801
6060,0.0111321948134092,284.802717155658,1,0.999999962613765
6061,0.00910815939278937,284.849689261454,1,0.999999972356766
6062,0.0153067678684377,284.89666136725,1,0.999999930805126
6063,0.0318785578747628,284.943633473045,1,0.999999274703486
6064,0.0478178368121442,284.990605578841,1,0.999993969510662
6065,0.0657811511701455,285.037577684637,1,0.999944471282767
6066,0.0845034788108792,285.084549790432,1,0.999534898244862
6067,0.0851359898798229,285.131521896228,1,0.999501957283991
6068,0.075774826059456,285.178494002023,1,0.999823136952074
6069,0.0826059456040481,285.225466107819,1,0.999621717957801
6070,0.0990512333965844,285.272438213615,1,0.997878711091028
6071,0.127387729285262,285.31941031941,1,0.971457830377206
6072,0.159392789373814,285.366382425206,1,0.748437778950471
6073,0.200632511068944,285.413354531002,2,0.227495029681829
6074,0.219228336495889,285.460326636797,2,0.123404992422175
6075,0.238077166350411,285.507298742593,2,0.074790875046871
6076,0.247438330170778,285.554270848389,2,0.0618909815905957
6077,0.255154965211891,285.601242954184,2,0.0546882924618786
6078,0.261100569259962,285.64821505998,2,0.0507464792264427
6079,0.259076533839342,285.695187165775,2,0.0519500142935064
6080,0.250474383301708,285.742159271571,2,0.0587414293461389
6081,0.24123972169513,285.789131377367,2,0.0698281487049737
6082,0.229981024667932,285.836103483162,2,0.0910491813254677
6083,0.212776723592663,285.883075588958,2,0.151103137272248
6084,0.201265022137887,285.930047694754,2,0.222574327812885
6085,0.2,285.977019800549,2,0.232531102555782
6086,0.203542061986085,286.023991906345,2,0.205789829397205
6087,0.199873497786211,286.070964012141,2,0.2335522977343
6088,0.191144845034788,286.117936117936,2,0.315840792233796
6089,0.194560404807084,286.164908223732,2,0.280804426384563
6090,0.190385831752056,286.211880329527,2,0.324129772751607
6091,0.187223276407337,286.258852435323,2,0.360607319164545
6092,0.186843769765971,286.305824541119,2,0.365190558050864
6093,0.188235294117647,286.352796646914,2,0.348598275524798
6094,0.19392789373814,286.39976875271,2,0.287013250257484
6095,0.203668564199874,286.446740858506,2,0.204899001149643
6096,0.211764705882353,286.493712964301,2,0.156156804635019
6097,0.216192283364959,286.540685070097,2,0.1355192754477
6098,0.223655913978495,286.587657175893,2,0.108285338037831
6099,0.23314358001265,286.634629281688,2,0.084020865211557
6100,0.236938646426312,286.681601387484,2,0.0767505138608414
6101,0.23516761543327,286.728573493279,2,0.0799963730375064
6102,0.22909550917141,286.775545599075,2,0.0931928574745475
6103,0.224920936116382,286.822517704871,2,0.104459032525443
6104,0.223276407337128,286.869489810666,2,0.109473682001034
6105,0.225553447185326,286.916461916462,2,0.102621295873708
6106,0.228589500316256,286.963434022258,2,0.0944545507544753
6107,0.231372549019608,287.010406128053,2,0.08783965761157
6108,0.233396584440228,287.057378233849,2,0.0834985285767423
6109,0.234408602150538,287.104350339644,2,0.0814648226386754
6110,0.233649588867805,287.15132244544,2,0.0829818138416378
6111,0.229475015812777,287.198294551236,2,0.0922642422628486
6112,0.224541429475016,287.245266657031,2,0.105585515339212
6113,0.225300442757748,287.292238762827,2,0.10335049201396
6114,0.218595825426945,287.339210868623,2,0.12580372019441
6115,0.213282732447818,287.386182974418,2,0.148653749319157
6116,0.212903225806452,287.433155080214,2,0.150486016052017
6117,0.216318785578748,287.48012718601,2,0.134983322032605
6118,0.216571790006325,287.527099291805,2,0.133919832554427
6119,0.213915243516762,287.574071397601,2,0.145662754175464
6120,0.209740670461733,287.621043503396,2,0.166910341908722
6121,0.201138519924099,287.668015609192,2,0.223549314300127
6122,0.199746995572423,287.714987714988,2,0.234578181212608
6123,0.193548387096774,287.761959820783,2,0.290799351629324
6124,0.186590765338393,287.808931926579,2,0.368269938979829
6125,0.183175205566097,287.855904032375,2,0.411635382162148
6126,0.174067046173308,287.90287613817,1,0.540048930846478
6127,0.160151802656546,287.949848243966,1,0.738717484450852
6128,0.152941176470588,287.996820349762,1,0.822942200468605
6129,0.134851359898798,288.043792455557,1,0.948284429092708
6130,0.127387729285262,288.090764561353,1,0.971457830377206
6131,0.124478178368121,288.137736667148,1,0.977616675573042
6132,0.116002530044276,288.184708772944,1,0.989331247826696
6133,0.109171410499684,288.23168087874,1,0.994320393324795
6134,0.0899430740037951,288.278652984535,1,0.999168273129503
6135,0.0492093611638204,288.325625090331,1,0.999992792474614
6136,0.0198608475648324,288.372597196127,1,0.999999866028541
6137,0.00619860847564832,288.419569301922,1,0.999999982160123
6138,0.00442757748260595,288.466541407718,1,0.999999986365679
6139,0.007337128399747,288.513513513514,1,0.999999978813624
6140,0.00480708412397217,288.560485619309,1,0.999999985555052
6141,0.00455407969639469,288.607457725105,1,0.999999986100533
6142,0.00683111954459203,288.6544298309,1,0.999999980370448
6143,0.0148007590132827,288.701401936696,1,0.999999935747912
6144,0.0347881087919039,288.748374042492,1,0.999998921219416
6145,0.050853889943074,288.795346148287,1,0.999991114037345
6146,0.0678051865907653,288.842318254083,1,0.999929475726438
6147,0.0743833017077799,288.889290359879,1,0.999848988312662
6148,0.0764073371283997,288.936262465674,1,0.999810033035504
6149,0.0920936116382037,288.98323457147,1,0.998958140111269
6150,0.107906388361796,289.030206677266,1,0.994961834988039
6151,0.122327640733713,289.077178783061,1,0.98136881371907
6152,0.141049968374447,289.124150888857,1,0.918220444982438
6153,0.152308665401645,289.171122994652,1,0.829398986290278
6154,0.142567994939911,289.218095100448,1,0.9090012333763
6155,0.138899430740038,289.265067206244,1,0.929967725376759
6156,0.136242884250474,289.312039312039,1,0.942511006156988
6157,0.125110689437065,289.359011417835,1,0.976390016403656
6158,0.120430107526882,289.405983523631,1,0.984194871417852
6159,0.118406072106262,289.452955629426,1,0.986773268647864
6160,0.112966476913346,289.499927735222,1,0.991909838548576
6161,0.111068943706515,289.546899841018,1,0.993214064807131
6162,0.103984819734345,289.593871946813,1,0.996545916075526
6163,0.098798228969007,289.640844052609,1,0.997931864659703
6164,0.100063251106894,289.687816158404,1,0.997652934429503
6165,0.10853889943074,289.7347882642,1,0.994650085230232
6166,0.120177103099304,289.781760369996,1,0.984540564239857
6167,0.132827324478178,289.828732475791,1,0.955791109876141
6168,0.143453510436433,289.875704581587,1,0.903251503125033
6169,0.142188488298545,289.922676687383,1,0.911380580822976
6170,0.144339025932954,289.969648793178,1,0.897219198157381
6171,0.147248576850095,290.016620898974,1,0.875335067749725
6172,0.151043643263757,290.06359300477,1,0.841836882560792
6173,0.159392789373814,290.110565110565,1,0.748437778950471
6174,0.176470588235294,290.157537216361,1,0.504874045472292
6175,0.19898798228969,290.204509322156,2,0.240832589198386
6176,0.214547754585705,290.251481427952,2,0.142748672814756
6177,0.224794433902593,290.298453533748,2,0.104832519401798
6178,0.241492726122707,290.345425639543,2,0.0694598671812666
6179,0.257179000632511,290.392397745339,2,0.0532053893284252
6180,0.260974067046173,290.439369851135,2,0.0508177485529393
6181,0.259835547122075,290.48634195693,2,0.0514827126063911
6182,0.25831752055661,290.533314062726,2,0.0524370049266227
6183,0.254016445287793,290.580286168521,2,0.0555912186623056
6184,0.248956356736243,290.627258274317,2,0.0602612030359223
6185,0.238962681846932,290.674230380113,2,0.0733319778512571
6186,0.233776091081594,290.721202485908,2,0.0827255464862003
6187,0.224667931688805,290.768174591704,2,0.105208010201173
6188,0.213282732447818,290.8151466975,2,0.148653749319157
6189,0.204933586337761,290.862118803295,2,0.196224248272853
6190,0.200759013282732,290.909090909091,2,0.226501709853363
6191,0.200885515496521,290.956063014887,2,0.225512992487335
6192,0.202150537634409,291.003035120682,2,0.215876116223694
6193,0.209487666034156,291.050007226478,2,0.16831746157226
6194,0.21100569259962,291.096979332273,2,0.16008631518735
6195,0.207337128399747,291.143951438069,2,0.180871227101875
6196,0.185578747628083,291.190923543865,2,0.380775735395085
6197,0.156356736242884,291.23789564966,1,0.785395718601244
6198,0.112460468058191,291.284867755456,1,0.992278691127662
6199,0.0600885515496521,291.331839861252,1,0.999971991596315
6200,0.0397216951296648,291.378811967047,1,0.999997907385207
6201,0.0341555977229602,291.425784072843,1,0.999999010029137
6202,0.0303605313092979,291.472756178639,1,0.999999411483115
6203,0.0239089184060721,291.519728284434,1,0.999999761259808
6204,0.0174573055028463,291.56670039023,1,0.999999905335405
6205,0.0126502213788741,291.613672496025,1,0.999999953181861
6206,0.0121442125237192,291.660644601821,1,0.999999956558221
6207,0.0182163187855787,291.707616707617,1,0.999999894326779
6208,0.0246679316888046,291.754588813412,1,0.999999734210596
6209,0.0428842504743833,291.801560919208,1,0.999996822380985
6210,0.0618595825426945,291.848533025004,1,0.999965279432222
6211,0.0857685009487666,291.895505130799,1,0.999466801344588
6212,0.111827956989247,291.942477236595,1,0.992717797906047
6213,0.140037950664137,291.989449342391,1,0.923934859929721
6214,0.161416824794434,292.036421448186,1,0.722127776289676
6215,0.174320050600886,292.083393553982,1,0.5363218960577
6216,0.182163187855787,292.130365659777,2,0.425086744133094
6217,0.185325743200506,292.177337765573,2,0.383948536154113
6218,0.183301707779886,292.224309871369,2,0.409972319863186
6219,0.181657179000633,292.271281977164,2,0.4319072095395
6220,0.182289690069576,292.31825408296,2,0.4233913206975
6221,0.185325743200506,292.365226188756,2,0.383948536154113
6222,0.188488298545225,292.412198294551,2,0.345644958194287
6223,0.190259329538267,292.459170400347,2,0.325528980481337
6224,0.191144845034788,292.506142506143,2,0.315840792233796
6225,0.192536369386464,292.553114611938,2,0.30111922256442
6226,0.194560404807084,292.600086717734,2,0.280804426384563
6227,0.197469955724225,292.647058823529,2,0.253858624677278
6228,0.193421884882985,292.694030929325,2,0.292071539050772
6229,0.185072738772929,292.741003035121,2,0.387139567287507
6230,0.177229601518027,292.787975140916,2,0.493903943602678
6231,0.17786211258697,292.834947246712,2,0.484826451033518
6232,0.182542694497154,292.881919352508,2,0.420012325779106
6233,0.192536369386464,292.928891458303,2,0.30111922256442
6234,0.204427577482606,292.975863564099,2,0.199643605632694
6235,0.215306767868438,293.022835669895,2,0.13935078942104
6236,0.218469323213156,293.06980777569,2,0.126291132058167
6237,0.219734345351044,293.116779881486,2,0.121531249336597
6238,0.223655913978495,293.163751987281,2,0.108285338037831
6239,0.225300442757748,293.210724093077,2,0.10335049201396
6240,0.226438962681847,293.257696198873,2,0.100129771500917
6241,0.227197975964579,293.304668304668,2,0.0980673580427217
6242,0.225679949399114,293.351640410464,2,0.102259616551007
6243,0.222011385199241,293.39861251626,2,0.113575106223692
6244,0.218848829854522,293.445584622055,2,0.124836600963591
6245,0.214294750158128,293.492556727851,2,0.14390519047602
6246,0.209361163820367,293.539528833647,2,0.169026409407238
6247,0.20506008855155,293.586500939442,2,0.195379804063806
6248,0.203162555344719,293.633473045238,2,0.208488194757059
6249,0.209234661606578,293.680445151033,2,0.169738969551392
6250,0.205945604048071,293.727417256829,2,0.18958345371815
6251,0.20303605313093,293.774389362625,2,0.209396324255406
6252,0.199873497786211,293.82136146842,2,0.2335522977343
6253,0.193168880455408,293.868333574216,2,0.294631159235676
6254,0.186211258697027,293.915305680012,2,0.372924526234406
6255,0.182542694497154,293.962277785807,2,0.420012325779106
6256,0.182795698924731,294.009249891603,2,0.416649336735419
6257,0.177735610373182,294.056221997398,2,0.486636959629933
6258,0.175711574952562,294.103194103194,1,0.515918290007892
6259,0.175585072738773,294.15016620899,1,0.517765440443238
6260,0.182289690069576,294.197138314785,2,0.4233913206975
6261,0.193421884882985,294.244110420581,2,0.292071539050772
6262,0.203668564199874,294.291082526377,2,0.204899001149643
6263,0.220999367488931,294.338054632172,2,0.117017322492764
6264,0.242125237191651,294.385026737968,2,0.0685568117715531
6265,0.264263124604681,294.431998843764,2,0.0491281586032661
6266,0.280202403542062,294.478970949559,2,0.0451542008435473
6267,0.29449715370019,294.525943055355,2,0.0468664590513343
6268,0.297659709044908,294.57291516115,2,0.0479391537510686
6269,0.298798228969007,294.619887266946,2,0.0483927427106819
6270,0.302846299810247,294.666859372742,2,0.0503128256135637
6271,0.305882352941176,294.713831478537,2,0.0520901771728742
6272,0.305123339658444,294.760803584333,2,0.0516171706215329
6273,0.303605313092979,294.807775690129,2,0.0507288987890281
6274,0.29652118912081,294.854747795924,2,0.047521740734505
6275,0.290322580645161,294.90171990172,2,0.0458511198576083
6276,0.286527514231499,294.948692007516,2,0.0453033091359666
6277,0.281214421252372,294.995664113311,2,0.0451145265388334
6278,0.274509803921569,295.042636219107,2,0.0458330894060154
6279,0.271979759645794,295.089608324902,2,0.0463893978317265
6280,0.273244781783681,295.136580430698,2,0.0460911660680152
6281,0.26932321315623,295.183552536494,2,0.0471497264660145
6282,0.270082226438963,295.230524642289,2,0.0469136438319369
6283,0.271473750790639,295.277496748085,2,0.0465200923608518
6284,0.27134724857685,295.324468853881,2,0.0465537936363165
6285,0.270967741935484,295.371440959676,2,0.0466573768575998
6286,0.272991777356104,295.418413065472,2,0.046147578341909
6287,0.276660341555977,295.465385171268,2,0.0454847988674496
6288,0.27944339025933,295.512357277063,2,0.0451998687205756
6289,0.274256799493991,295.559329382859,2,0.0458815236528205
6290,0.276533839342189,295.606301488654,2,0.0455021699704552
6291,0.275648323845667,295.65327359445,2,0.0456346358884765
6292,0.271220746363061,295.700245700246,2,0.0465879075901818
6293,0.26831119544592,295.747217806041,2,0.0474884656191627
6294,0.26527514231499,295.794189911837,2,0.0486742786767158
6295,0.256799493991145,295.841162017633,2,0.0534718581720335
6296,0.248829854522454,295.888134123428,2,0.0603927328090074
6297,0.243896268184693,295.935106229224,2,0.0661578374943992
6298,0.245540796963947,295.98207833502,2,0.0640925219379316
6299,0.246299810246679,296.029050440815,2,0.0631892691053527
6300,0.247311827956989,296.076022546611,2,0.0620319555217999
6301,0.250600885515497,296.122994652406,2,0.0586195614041617
6302,0.256166982922201,296.169966758202,2,0.0539277190388317
6303,0.26135357368754,296.216938863998,2,0.0506054880769559
6304,0.262871600253004,296.263910969793,2,0.0498021420532388
6305,0.270841239721695,296.310883075589,2,0.046692733859225
6306,0.276154332700822,296.357855181385,2,0.0455566086326658
6307,0.283617963314358,296.40482728718,2,0.0451172258034994
6308,0.285515496521189,296.451799392976,2,0.0452157843921626
6309,0.283491461100569,296.498771498772,2,0.0451136841554038
6310,0.280834914611006,296.545743604567,2,0.0451265667743027
6311,0.280834914611006,296.592715710363,2,0.0451265667743027
6312,0.282479443390259,296.639687816158,2,0.045098952145104
6313,0.274889310562935,296.686659921954,2,0.0457634009258308
6314,0.268817204301075,296.73363202775,2,0.0473156459650228
6315,0.263504111321948,296.780604133545,2,0.0494885194753796
6316,0.253636938646426,296.827576239341,2,0.0559036288366386
6317,0.238583175205566,296.874548345137,2,0.0739503802465858
6318,0.225426944971537,296.921520450932,2,0.102984917653968
6319,0.210879190385832,296.968492556728,2,0.160753099834952
6320,0.196457938013915,297.015464662524,2,0.262932720576508
6321,0.187602783048703,297.062436768319,2,0.356067432349252
6322,0.190512333965844,297.109408874115,2,0.322735617921851
6323,0.198228969006958,297.15638097991,2,0.247258643842211
6324,0.210499683744466,297.203353085706,2,0.162774096499565
6325,0.223276407337128,297.250325191502,2,0.109473682001034
6326,0.239721695129665,297.297297297297,2,0.0721252806171048
6327,0.258064516129032,297.344269403093,2,0.0526037870179563
6328,0.271979759645794,297.391241508889,2,0.0463893978317265
6329,0.287666034155598,297.438213614684,2,0.0454310474773135
6330,0.283238456672992,297.48518572048,2,0.0451077346497918
6331,0.287286527514232,297.532157826276,2,0.0453850109093675
6332,0.287919038583175,297.579129932071,2,0.0454636657295961
6333,0.283870967741935,297.626102037867,2,0.0451254433141378
6334,0.288172043010753,297.673074143662,2,0.0454978293817471
6335,0.294876660341556,297.720046249458,2,0.0469810104946469
6336,0.29348513598988,297.767018355254,2,0.0465794157392407
6337,0.290196078431373,297.813990461049,2,0.0458271986358085
6338,0.288298545224541,297.860962566845,2,0.0455154917529601
6339,0.275901328273245,297.907934672641,2,0.0455948432540364
6340,0.25426944971537,297.954906778436,2,0.055386152441226
6341,0.23314358001265,298.001878884232,2,0.084020865211557
6342,0.212144212523719,298.048850990028,2,0.154237145951722
6343,0.189373814041746,298.095823095823,2,0.335464444501876
6344,0.169639468690702,298.142795201619,1,0.605549169184153
6345,0.150411132194813,298.189767307414,1,0.847816991476625
6346,0.127261227071474,298.23673941321,1,0.971754297210164
6347,0.100822264389627,298.283711519006,1,0.997468937086352
6348,0.0803289057558507,298.330683624801,1,0.999705559722394
6349,0.0604680581910183,298.377655730597,1,0.999970667858889
6350,0.0450347881087919,298.424627836393,1,0.999995791737872
6351,0.0336495888678052,298.471599942188,1,0.999999075929088
6352,0.0261859582542694,298.518572047984,1,0.999999670882746
6353,0.0465528146742568,298.565544153779,1,0.999994876597895
6354,0.0627450980392157,298.612516259575,1,0.999961367223353
6355,0.0893105629348514,298.659488365371,1,0.999221973022947
6356,0.125743200506009,298.706460471166,1,0.97510316790011
6357,0.160151802656546,298.753432576962,1,0.738717484450852
6358,0.185325743200506,298.800404682758,2,0.383948536154113
6359,0.21100569259962,298.847376788553,2,0.16008631518735
6360,0.234661606578115,298.894348894349,2,0.0809700202988931
6361,0.250853889943074,298.941321000145,2,0.0583779824195547
6362,0.261227071473751,298.98829310594,2,0.0506757263281323
6363,0.272232764073371,299.035265211736,2,0.0463265058491022
6364,0.276786843769766,299.082237317531,2,0.0454678146197916
6365,0.27843137254902,299.129209423327,2,0.0452820502994232
6366,0.27944339025933,299.176181529123,2,0.0451998687205756
6367,0.277292852624921,299.223153634918,2,0.045403738161833
6368,0.272991777356104,299.270125740714,2,0.046147578341909
6369,0.249082858950032,299.31709784651,2,0.0601304369174069
6370,0.232258064516129,299.364069952305,2,0.0858941708391143
6371,0.196584440227704,299.411042058101,2,0.261781192965072
6372,0.155977229601518,299.458014163897,1,0.789785639862222
6373,0.100822264389627,299.504986269692,1,0.997468937086352
6374,0.0388361796331436,299.551958375488,1,0.999998140195645
6375,0.0145477545857052,299.598930481283,1,0.999999938088538
6376,0.0110056925996205,299.645902587079,1,0.99999996331022
6377,0.00872865275142315,299.692874692875,1,0.999999973884714
6378,0.00468058191018343,299.73984679867,1,0.999999985830355
6379,0.0108791903858318,299.786818904466,1,0.999999963994016
6380,0.0242884250474383,299.833791010262,1,0.999999748088069
6381,0.0350411132194813,299.880763116057,1,0.999998883571927
6382,0.0471853257432005,299.927735221853,1,0.999994440917679
6383,0.0732447817836812,299.974707327649,1,0.999867407894571
6384,0.0984187223276407,300.021679433444,1,0.998009243819348
6385,0.132194813409235,300.06865153924,1,0.957934366150324
6386,0.167235926628716,300.115623645035,1,0.640763664852792
6387,0.201265022137887,300.162595750831,2,0.222574327812885
6388,0.21404174573055,300.209567856627,2,0.145073842258175
6389,0.220493358633776,300.256539962422,2,0.11879416536945
6390,0.230234029095509,300.303512068218,2,0.0904513936247431
6391,0.232258064516129,300.350484174014,2,0.0858941708391143
6392,0.227577482605946,300.397456279809,2,0.0970607866537479
6393,0.231878557874763,300.444428385605,2,0.0867189581171955
6394,0.224288425047438,300.4914004914,2,0.106346610539655
6395,0.204554079696395,300.538372597196,2,0.198782499652814
6396,0.180139152435168,300.585344702992,2,0.452722534781821
6397,0.150158127767236,300.632316808787,1,0.850164396958314
6398,0.106641366223909,300.679288914583,1,0.995535058428304
6399,0.0705882352941176,300.726261020379,1,0.999902389185404
6400,0.0588235294117647,300.773233126174,1,0.999976001212266
6401,0.0808349146110057,300.82020523197,1,0.999688623044507
6402,0.0942441492726123,300.867177337766,1,0.998698285430522
6403,0.116508538899431,300.914149443561,1,0.988834027774141
6404,0.141302972802024,300.961121549357,1,0.91673862086727
6405,0.163314358001265,301.008093655152,1,0.696413258640384
6406,0.182163187855787,301.055065760948,2,0.425086744133094
6407,0.195319418089817,301.102037866744,2,0.273520424421646
6408,0.202403542061986,301.149009972539,2,0.214002664062937
6409,0.215180265654649,301.195982078335,2,0.139909720004002
6410,0.215433270082226,301.242954184131,2,0.138794779464408
6411,0.216318785578748,301.289926289926,2,0.134983322032605
6412,0.214800759013283,301.336898395722,2,0.141604175455738
6413,0.209867172675522,301.383870501518,2,0.166212139646545
6414,0.200759013282732,301.430842607313,2,0.226501709853363
6415,0.191777356103732,301.477814713109,2,0.309072863288654
6416,0.185452245414295,301.524786818904,2,0.382359846801486
6417,0.180139152435168,301.5717589247,2,0.452722534781821
6418,0.177103099304238,301.618731030496,2,0.495726691883631
6419,0.166729917773561,301.665703136291,1,0.64809377867619
6420,0.152055660974067,301.712675242087,1,0.831937408560178
6421,0.136495888678052,301.759647347883,1,0.941404503209219
6422,0.120809614168248,301.806619453678,1,0.983663082528704
6423,0.112333965844402,301.853591559474,1,0.992368432515139
6424,0.113978494623656,301.90056366527,1,0.991122614995774
6425,0.121315623023403,301.947535771065,1,0.982928638345222
6426,0.135989879822897,301.994507876861,1,0.943599732610884
6427,0.154965211891208,302.041479982656,1,0.801229725883782
6428,0.171030993042378,302.088452088452,1,0.584973303030849
6429,0.186843769765971,302.135424194248,2,0.365190558050864
6430,0.202783048703352,302.182396300043,2,0.21122567970303
6431,0.21302972802024,302.229368405839,2,0.149872087398633
6432,0.216318785578748,302.276340511635,2,0.134983322032605
6433,0.210752688172043,302.32331261743,2,0.161423314887586
6434,0.210246679316888,302.370284723226,2,0.164138780794983
6435,0.207969639468691,302.417256829022,2,0.177066604644357
6436,0.208096141682479,302.464228934817,2,0.17631708203753
6437,0.209867172675522,302.511201040613,2,0.166212139646545
6438,0.215433270082226,302.558173146408,2,0.138794779464408
6439,0.217963314358001,302.605145252204,2,0.128266760947705
6440,0.217836812144213,302.652117358,2,0.128767228237409
6441,0.21606578115117,302.699089463795,2,0.136058052820365
6442,0.201644528779254,302.746061569591,2,0.21967662279983
6443,0.190638836179633,302.793033675387,2,0.321346520751707
6444,0.171790006325111,302.840005781182,1,0.573728287447572
6445,0.13965844402277,302.886977886978,1,0.925991605366643
6446,0.114737507906388,302.933949992774,1,0.990486272551193
6447,0.09146110056926,302.980922098569,1,0.999024667942865
6448,0.065022137887413,303.027894204365,1,0.99994926203004
6449,0.0441492726122707,303.07486631016,1,0.999996250266626
6450,0.0526249209361164,303.121838415956,1,0.999988885328873
6451,0.0700822264389627,303.168810521752,1,0.999907961406272
6452,0.0974067046173308,303.215782627547,1,0.998202443969575
6453,0.127514231499051,303.262754733343,1,0.971158589777347
6454,0.154965211891208,303.309726839139,1,0.801229725883782
6455,0.180392156862745,303.356698944934,2,0.449218091565112
6456,0.195572422517394,303.40367105073,2,0.271132633375213
6457,0.209361163820367,303.450643156526,2,0.169026409407238
6458,0.221505376344086,303.497615262321,2,0.115277887383839
6459,0.229475015812777,303.544587368117,2,0.0922642422628487
6460,0.229981024667932,303.591559473912,2,0.0910491813254677
6461,0.232258064516129,303.638531579708,2,0.0858941708391143
6462,0.234408602150538,303.685503685504,2,0.0814648226386754
6463,0.235547122074636,303.732475791299,2,0.079279885291037
6464,0.240354206198608,303.779447897095,2,0.0711496499366995
6465,0.243896268184693,303.826420002891,2,0.0661578374943992
6466,0.248829854522454,303.873392108686,2,0.0603927328090074
6467,0.253889943074004,303.920364214482,2,0.0556947112471234
6468,0.255407969639469,303.967336320278,2,0.054494496219181
6469,0.255534471853257,304.014308426073,2,0.054398517488098
6470,0.25528146742568,304.061280531869,2,0.0545910870445611
6471,0.252624920936116,304.108252637664,2,0.0567654688036454
6472,0.248450347881088,304.15522474346,2,0.06079193926526
6473,0.252624920936116,304.202196849256,2,0.0567654688036454
6474,0.247185325743201,304.249168955051,2,0.0621737405304853
6475,0.242757748260595,304.296141060847,2,0.0676784733481593
6476,0.241998734977862,304.343113166643,2,0.0687354258731535
6477,0.238583175205566,304.390085272438,2,0.0739503802465858
6478,0.237697659709045,304.437057378234,2,0.0754334197541809
6479,0.242631246046806,304.48402948403,2,0.067852192884656
6480,0.249968374446553,304.531001589825,2,0.059236166300949
6481,0.250727387729285,304.577973695621,2,0.0584984134969739
6482,0.251106894370651,304.624945801416,2,0.0581392580384762
6483,0.249968374446553,304.671917907212,2,0.059236166300949
6484,0.246805819101834,304.718890013008,2,0.0626040002712965
6485,0.247311827956989,304.765862118803,2,0.0620319555217999
6486,0.246299810246679,304.812834224599,2,0.0631892691053527
6487,0.238583175205566,304.859806330395,2,0.0739503802465858
6488,0.228842504743833,304.90677843619,2,0.0938203119393751
6489,0.208602150537634,304.953750541986,2,0.173356488662636
6490,0.166729917773561,305.000722647782,1,0.64809377867619
6491,0.122707147375079,305.047694753577,1,0.980751248131075
6492,0.0928526249209361,305.094666859373,1,0.99887262249459
6493,0.0680581910183428,305.141638965168,1,0.999927347997231
6494,0.0506008855154965,305.188611070964,1,0.999991394840001
6495,0.050853889943074,305.23558317676,1,0.999991114037345
6496,0.0533839342188488,305.282555282555,1,0.999987772945643
6497,0.0602150537634409,305.329527388351,1,0.999971556875374
6498,0.0751423149905123,305.376499494147,1,0.999835373194405
6499,0.0972802024035421,305.423471599942,1,0.998225308840988
6500,0.118785578747628,305.470443705738,1,0.986321351803122
6501,0.132574320050601,305.517415811534,1,0.956659543567946
6502,0.14674256799494,305.564387917329,1,0.879373326005357
6503,0.164073371283997,305.611360023125,1,0.685878862642641
6504,0.178115117014548,305.65833212892,2,0.481213242596528
6505,0.184187223276407,305.705304234716,2,0.398449264957982
6506,0.197596457938014,305.752276340512,2,0.252746458679035
6507,0.208475648323846,305.799248446307,2,0.174091043008297
6508,0.216698292220114,305.846220552103,2,0.133392269339262
6509,0.22213788741303,305.893192657899,2,0.113155050983012
6510,0.225932953826692,305.940164763694,2,0.101542045032743
6511,0.229222011385199,305.98713686949,2,0.0928816522920116
6512,0.234788108791904,306.034108975285,2,0.0807246241330785
6513,0.245161290322581,306.081081081081,2,0.0645557935865916
6514,0.245161290322581,306.128053186877,2,0.0645557935865916
6515,0.244149272612271,306.175025292672,2,0.0658301872905147
6516,0.241872232764073,306.221997398468,2,0.0689150335075906
6517,0.236812144212524,306.268969504264,2,0.0769742496481824
6518,0.232764073371284,306.315941610059,2,0.0848150400467317
6519,0.231246046805819,306.362913715855,2,0.0881236319474364
6520,0.231752055660974,306.409885821651,2,0.0869968691413597
6521,0.229348513598988,306.456857927446,2,0.0925721167905514
6522,0.227703984819734,306.503830033242,2,0.0967288494612088
6523,0.223782416192283,306.550802139037,2,0.107893436755454
6524,0.221505376344086,306.597774244833,2,0.115277887383839
6525,0.223402909550917,306.644746350629,2,0.10907544977595
6526,0.226691967109424,306.691718456424,2,0.0994349117954717
6527,0.230993042378242,306.73869056222,2,0.0886961958219587
6528,0.233396584440228,306.785662668016,2,0.0834985285767423
6529,0.238962681846932,306.832634773811,2,0.0733319778512571
6530,0.234408602150538,306.879606879607,2,0.0814648226386754
6531,0.226059456040481,306.926578985403,2,0.101186132835744
6532,0.217204301075269,306.973551091198,2,0.131309578576153
6533,0.210373181530677,307.020523196994,2,0.163454693252251
6534,0.207463630613536,307.067495302789,2,0.180102650455024
6535,0.210120177103099,307.114467408585,2,0.164826374268185
6536,0.21505376344086,307.161439514381,2,0.140471585187793
6537,0.218722327640734,307.208411620176,2,0.125318880755131
6538,0.225679949399114,307.255383725972,2,0.102259616551007
6539,0.232637571157495,307.302355831768,2,0.0850826400653555
6540,0.233902593295383,307.349327937563,2,0.0824706628458736
6541,0.233270082226439,307.396300043359,2,0.083758990496422
6542,0.233776091081594,307.443272149155,2,0.0827255464862004
6543,0.233396584440228,307.49024425495,2,0.0834985285767423
6544,0.232890575585073,307.537216360746,2,0.0845488825541455
6545,0.236559139784946,307.584188466541,2,0.0774253944541657
6546,0.23010752688172,307.631160572337,2,0.0907494826370661
6547,0.222770398481973,307.678132678133,2,0.111088042899006
6548,0.219481340923466,307.725104783928,2,0.122463152873076
6549,0.219860847564832,307.772076889724,2,0.12106899250132
6550,0.223402909550917,307.81904899552,2,0.10907544977595
6551,0.230360531309298,307.866021101315,2,0.0901549058952863
6552,0.236685641998735,307.912993207111,2,0.0771992077478974
6553,0.235673624288425,307.959965312907,2,0.0790436387535405
6554,0.24123972169513,308.006937418702,2,0.0698281487049737
6555,0.247058823529412,308.053909524498,2,0.062316340429537
6556,0.249588867805187,308.100881630293,2,0.0596149395811476
6557,0.249082858950032,308.147853736089,2,0.0601304369174069
6558,0.243769765970904,308.194825841885,2,0.0663230446851069
6559,0.234029095509171,308.24179794768,2,0.0822171557509749
6560,0.226565464895636,308.288770053476,2,0.0997814100360486
6561,0.219607843137255,308.335742159272,2,0.121995965329733
6562,0.212523719165085,308.382714265067,2,0.152347016074172
6563,0.205313092979127,308.429686370863,2,0.193703285949056
6564,0.199493991144845,308.476658476658,2,0.236644060189913
6565,0.193548387096774,308.523630582454,2,0.290799351629324
6566,0.190891840607211,308.57060268825,2,0.318583516761997
6567,0.196204933586338,308.617574794045,2,0.265250655471458
6568,0.204554079696395,308.664546899841,2,0.198782499652814
6569,0.211132194813409,308.711519005637,2,0.159422945896874
6570,0.215939278937381,308.758491111432,2,0.13659966783445
6571,0.223023402909551,308.805463217228,2,0.110276553958607
6572,0.23111954459203,308.852435323024,2,0.088409142003283
6573,0.240480708412397,308.899407428819,2,0.0709577257442429
6574,0.250474383301708,308.946379534615,2,0.0587414293461389
6575,0.261100569259962,308.99335164041,2,0.0507464792264427
6576,0.266919671094244,309.040323746206,2,0.0479998613828411
6577,0.271220746363061,309.087295852002,2,0.0465879075901818
6578,0.269576217583808,309.134267957797,2,0.0470693338898619
6579,0.267805186590765,309.181240063593,2,0.047668253116987
6580,0.266793168880455,309.228212169389,2,0.0480490166534799
6581,0.267931688804554,309.275184275184,2,0.0476226491989484
6582,0.276786843769766,309.32215638098,2,0.0454678146197916
6583,0.277039848197343,309.369128486776,2,0.0454350050676693
6584,0.267931688804554,309.416100592571,2,0.0476226491989484
6585,0.262618595825427,309.463072698367,2,0.0499310292000458
6586,0.252498418722328,309.510044804162,2,0.0568761892640968
6587,0.239468690702087,309.557016909958,2,0.0725231051685979
6588,0.227703984819734,309.603989015754,2,0.0967288494612088
6589,0.215559772296015,309.650961121549,2,0.138241676200048
6590,0.194433902593295,309.697933227345,2,0.282036073857719
6591,0.167488931056293,309.744905333141,1,0.637085725133123
6592,0.14876660341556,309.791877438936,1,0.862619955449979
6593,0.114864010120177,309.838849544732,1,0.990376201050622
6594,0.0993042378241619,309.885821650528,1,0.997824270533789
6595,0.0876660341555977,309.932793756323,1,0.99934660048845
6596,0.0944971537001898,309.979765862119,1,0.998663961387248
6597,0.112839974699557,310.026737967914,1,0.99200355419343
6598,0.137760910815939,310.07371007371,1,0.935598293898897
6599,0.164452877925364,310.120682179506,1,0.680563782457359
6600,0.184313725490196,310.167654285301,2,0.396820336993863
6601,0.196078431372549,310.214626391097,2,0.26641707783145
6602,0.212270714737508,310.261598496893,2,0.153603841429412
6603,0.228842504743833,310.308570602688,2,0.0938203119393751
6604,0.237318153067679,310.355542708484,2,0.0760865779721914
6605,0.242757748260595,310.40251481428,2,0.0676784733481593
6606,0.249462365591398,310.449486920075,2,0.0597426857296125
6607,0.255913978494624,310.496459025871,2,0.0541142291438361
6608,0.258950031625553,310.543431131666,2,0.0520298003038277
6609,0.263883617963314,310.590403237462,2,0.04930617734564
6610,0.25932953826692,310.637375343258,2,0.051792080873893
6611,0.257052498418722,310.684347449053,2,0.0532936303444688
6612,0.252118912080961,310.731319554849,2,0.0572124070051303
6613,0.24022770398482,310.778291660645,2,0.0713426342880309
6614,0.229981024667932,310.82526376644,2,0.0910491813254677
6615,0.224920936116382,310.872235872236,2,0.104459032525443
6616,0.220999367488931,310.919207978032,2,0.117017322492764
6617,0.214800759013283,310.966180083827,2,0.141604175455738
6618,0.205186590765338,311.013152189623,2,0.194539488252327
6619,0.196204933586338,311.060124295418,2,0.265250655471458
6620,0.185325743200506,311.107096401214,2,0.383948536154113
6621,0.178115117014548,311.15406850701,2,0.481213242596528
6622,0.181404174573055,311.201040612805,2,0.435340250318192
6623,0.189626818469323,311.248012718601,2,0.332600622297461
6624,0.192789373814042,311.294984824397,2,0.298508731168055
6625,0.207969639468691,311.341956930192,2,0.177066604644357
6626,0.216192283364959,311.388929035988,2,0.1355192754477
6627,0.226944971537002,311.435901141784,2,0.0987474662850006
6628,0.235926628716003,311.482873247579,2,0.0785749799292063
6629,0.241366223908918,311.529845353375,2,0.0696434986705155
6630,0.242884250474383,311.57681745917,2,0.0675057183101059
6631,0.243516761543327,311.623789564966,2,0.0666562458000883
6632,0.244022770398482,311.670761670762,2,0.0659935531907251
6633,0.239721695129665,311.717733776557,2,0.0721252806171048
6634,0.24022770398482,311.764705882353,2,0.0713426342880309
6635,0.239342188488299,311.811677988149,2,0.0727236620257561
6636,0.23617963314358,311.858650093944,2,0.0781113896993552
6637,0.232258064516129,311.90562219974,2,0.0858941708391143
6638,0.227197975964579,311.952594305536,2,0.0980673580427217
6639,0.220366856419987,311.999566411331,2,0.11924431059555
6640,0.214674256799494,312.046538517127,2,0.142174928687567
6641,0.21302972802024,312.093510622922,2,0.149872087398633
6642,0.211764705882353,312.140482728718,2,0.156156804635019
6643,0.210626185958254,312.187454834514,2,0.16209697541332
6644,0.210752688172043,312.234426940309,2,0.161423314887586
6645,0.211764705882353,312.281399046105,2,0.156156804635019
6646,0.208855154965212,312.328371151901,2,0.171898476302772
6647,0.198102466793169,312.375343257696,2,0.24834650363864
6648,0.187729285262492,312.422315363492,2,0.354563834960938
6649,0.176217583807717,312.469287469288,1,0.508547756047436
6650,0.157242251739405,312.516259575083,1,0.77494857361596
6651,0.132194813409235,312.563231680879,1,0.957934366150324
6652,0.0928526249209361,312.610203786674,1,0.99887262249459
6653,0.0433902593295383,312.65717589247,1,0.999996604474856
6654,0.0158127767235927,312.704147998266,1,0.999999925492554
6655,0.00898165717900063,312.751120104061,1,0.999999972875527
6656,0.00872865275142315,312.798092209857,1,0.999999973884714
6657,0.00936116382036686,312.845064315653,1,0.999999971290044
6658,0.00847564832384567,312.892036421448,1,0.999999974857235
6659,0.0132827324478178,312.939008527244,1,0.999999948600174
6660,0.0161922833649589,312.98598063304,1,0.999999921249376
6661,0.0136622390891841,313.032952738835,1,0.999999945644379
6662,0.0203668564199873,313.079924844631,1,0.999999855924648
6663,0.0404807084123972,313.126896950426,1,0.999997685562969
6664,0.0567994939911448,313.173869056222,1,0.999981291529746
6665,0.072865275142315,313.220841162018,1,0.999873054314558
6666,0.0891840607210626,313.267813267813,1,0.999232310074396
6667,0.105629348513599,313.314785373609,1,0.995949050994927
6668,0.114737507906388,313.361757479405,1,0.990486272551193
6669,0.123086654016445,313.4087295852,1,0.980115165014596
6670,0.139784946236559,313.455701690996,1,0.925311167140869
6671,0.16382036685642,313.502673796791,1,0.68940485934312
6672,0.1808981657179,313.549645902587,2,0.442250599454385
6673,0.197090449082859,313.596618008383,2,0.257224496656875
6674,0.201518026565465,313.643590114178,2,0.220637995175315
6675,0.206451612903226,313.690562219974,2,0.186360101328159
6676,0.212144212523719,313.73753432577,2,0.154237145951722
6677,0.216698292220114,313.784506431565,2,0.133392269339262
6678,0.218216318785579,313.831478537361,2,0.127273724402841
6679,0.214800759013283,313.878450643157,2,0.141604175455738
6680,0.209361163820367,313.925422748952,2,0.169026409407238
6681,0.201518026565465,313.972394854748,2,0.220637995175315
6682,0.18292220113852,314.019366960543,2,0.414973918970802
6683,0.170904490828589,314.066339066339,1,0.586846668218829
6684,0.147122074636306,314.113311172135,1,0.876353946719696
6685,0.107779886148008,314.16028327793,1,0.995022111569678
6686,0.083111954459203,314.207255383726,1,0.999600212863145
6687,0.0697027197975965,314.254227489522,1,0.999911938935441
6688,0.0516129032258065,314.301199595317,1,0.999990217504173
6689,0.0445287792536369,314.348171701113,1,0.99999606000479
6690,0.0290955091714105,314.395143806909,1,0.999999506019856
6691,0.018595825426945,314.442115912704,1,0.999999888364526
6692,0.0159392789373814,314.4890880185,1,0.999999924103527
6693,0.0129032258064516,314.536060124295,1,0.99999995139907
6694,0.0189753320683112,314.583032230091,1,0.999999882075179
6695,0.0488298545224541,314.630004335887,1,0.999993133844685
6696,0.0823529411764706,314.676976441682,1,0.999632052251611
6697,0.134851359898798,314.723948547478,1,0.948284429092708
6698,0.172043010752688,314.770920653274,1,0.569979527730012
6699,0.210879190385832,314.817892759069,2,0.160753099834952
6700,0.227577482605946,314.864864864865,2,0.0970607866537479
6701,0.233902593295383,314.911836970661,2,0.0824706628458736
6702,0.243390259329538,314.958809076456,2,0.0668242488301071
6703,0.251359898798229,315.005781182252,2,0.0579033630374119
6704,0.252371916508539,315.052753288047,2,0.0569875838335164
6705,0.246552814674257,315.099725393843,2,0.0628949660359774
6706,0.244149272612271,315.146697499639,2,0.0658301872905147
6707,0.238583175205566,315.193669605434,2,0.0739503802465858
6708,0.232511068943707,315.24064171123,2,0.0853516901454519
6709,0.231752055660974,315.287613817026,2,0.0869968691413597
6710,0.231752055660974,315.334585922821,2,0.0869968691413597
6711,0.22213788741303,315.381558028617,2,0.113155050983012
6712,0.210626185958254,315.428530134413,2,0.16209697541332
6713,0.206831119544592,315.475502240208,2,0.183984252060815
6714,0.195698924731183,315.522474346004,2,0.269946250890412
6715,0.1808981657179,315.569446451799,2,0.442250599454385
6716,0.170145477545857,315.616418557595,1,0.598076633997552
6717,0.163440860215054,315.663390663391,1,0.694666735374197
6718,0.163440860215054,315.710362769186,1,0.694666735374197
6719,0.174952561669829,315.757334874982,1,0.527025690811909
6720,0.186717267552182,315.804306980778,2,0.366727869962623
6721,0.21100569259962,315.851279086573,2,0.16008631518735
6722,0.21505376344086,315.898251192369,2,0.140471585187793
6723,0.223529411764706,315.945223298164,2,0.108679338758035
6724,0.232764073371284,315.99219540396,2,0.0848150400467317
6725,0.237950664136622,316.039167509756,2,0.0750038873532372
6726,0.240101201771031,316.086139615551,2,0.0715366841410433
6727,0.242125237191651,316.133111721347,2,0.0685568117715531
6728,0.246426312460468,316.180083827143,2,0.0630416984307601
6729,0.237444655281467,316.227055932938,2,0.075867669212655
6730,0.228969006957622,316.274028038734,2,0.0935057410909016
6731,0.218469323213156,316.32100014453,2,0.126291132058167
6732,0.208855154965212,316.367972250325,2,0.171898476302772
6733,0.202403542061986,316.414944356121,2,0.214002664062937
6734,0.2,316.461916461916,2,0.232531102555782
6735,0.203921568627451,316.508888567712,2,0.203130198860503
6736,0.208602150537634,316.555860673508,2,0.173356488662636
6737,0.20506008855155,316.602832779303,2,0.195379804063806
6738,0.21201771030993,316.649804885099,2,0.154873731434111
6739,0.216192283364959,316.696776990895,2,0.1355192754477
6740,0.221505376344086,316.74374909669,2,0.115277887383839
6741,0.232637571157495,316.790721202486,2,0.0850826400653555
6742,0.243390259329538,316.837693308282,2,0.0668242488301071
6743,0.255028462998102,316.884665414077,2,0.0547861149862024
6744,0.265781151170146,316.931637519873,2,0.0484585356806844
6745,0.267425679949399,316.978609625668,2,0.0478077087089272
6746,0.268943706514864,317.025581731464,2,0.0472735217829006
6747,0.268564199873498,317.07255383726,2,0.04740118910834
6748,0.260594560404807,317.119525943055,2,0.0510346731222142
6749,0.249335863377609,317.166498048851,2,0.0598711817178851
6750,0.241872232764073,317.213470154647,2,0.0689150335075906
6751,0.241745730550285,317.260442260442,2,0.0690956396172313
6752,0.244908285895003,317.307414366238,2,0.0648690307259244
6753,0.241998734977862,317.354386472034,2,0.0687354258731535
6754,0.247817836812144,317.401358577829,2,0.0614728884930962
6755,0.254901960784314,317.448330683625,2,0.054884557150117
6756,0.256040480708412,317.49530278942,2,0.0540206741590815
6757,0.249968374446553,317.542274895216,2,0.059236166300949
6758,0.239848197343454,317.589247001012,2,0.071928001882808
6759,0.231752055660974,317.636219106807,2,0.0869968691413597
6760,0.227197975964579,317.683191212603,2,0.0980673580427217
6761,0.220872865275142,317.730163318399,2,0.117457996509332
6762,0.221378874130297,317.777135424194,2,0.115709280623949
6763,0.222011385199241,317.82410752999,2,0.113575106223692
6764,0.220619860847565,317.871079635786,2,0.118346405971528
6765,0.219481340923466,317.918051741581,2,0.122463152873076
6766,0.22213788741303,317.965023847377,2,0.113155050983012
6767,0.232258064516129,318.011995953172,2,0.0858941708391143
6768,0.243516761543327,318.058968058968,2,0.0666562458000883
6769,0.244781783681214,318.105940164764,2,0.06502697883165
6770,0.249082858950032,318.152912270559,2,0.0601304369174069
6771,0.253889943074004,318.199884376355,2,0.0556947112471234
6772,0.256799493991145,318.246856482151,2,0.0534718581720335
6773,0.255660974067046,318.293828587946,2,0.0543031483710133
6774,0.253130929791271,318.340800693742,2,0.05632927029975
6775,0.25123339658444,318.387772799538,2,0.0580209584289916
6776,0.249588867805187,318.434744905333,2,0.0596149395811476
6777,0.238836179633144,318.481717011129,2,0.0735369836617192
6778,0.231246046805819,318.528689116924,2,0.0881236319474364
6779,0.214927261227071,318.57566122272,2,0.141036398986968
6780,0.180518659076534,318.622633328516,2,0.447470988243984
6781,0.13864642631246,318.669605434311,1,0.931253103226399
6782,0.0925996204933586,318.716577540107,1,0.998901841843053
6783,0.0583175205566097,318.763549645903,1,0.999977444991701
6784,0.0560404807084124,318.810521751698,1,0.99998296939073
6785,0.0446552814674257,318.857493857494,1,0.999995994532808
6786,0.0438962681846932,318.90446596329,1,0.999996372134793
6787,0.0455407969639469,318.951438069085,1,0.99999550583577
6788,0.0540164452877925,318.998410174881,1,0.999986764568317
6789,0.0641366223908918,319.045382280676,1,0.999954349630782
6790,0.0709677419354839,319.092354386472,1,0.999897999139847
6791,0.0872865275142315,319.139326492268,1,0.999372533968435
6792,0.109677419354839,319.186298598063,1,0.994043092138382
6793,0.131056293485136,319.233270703859,1,0.961564604405443
6794,0.149525616698292,319.280242809655,1,0.85592139570357
6795,0.169259962049336,319.32721491545,1,0.611143447691719
6796,0.180645161290323,319.374187021246,2,0.445727347184375
6797,0.191271347248577,319.421159127042,2,0.314477043171614
6798,0.202783048703352,319.468131232837,2,0.21122567970303
6799,0.208981657179001,319.515103338633,2,0.171174987744768
6800,0.209108159392789,319.562075444428,2,0.170455157247004
6801,0.204933586337761,319.609047550224,2,0.196224248272853
6802,0.198608475648324,319.65601965602,2,0.244024013860107
6803,0.190006325110689,319.702991761815,2,0.328342533914833
6804,0.180012650221379,319.749963867611,2,0.454479798491977
6805,0.167235926628716,319.796935973407,1,0.640763664852792
6806,0.141049968374447,319.843908079202,1,0.918220444982438
6807,0.100316255534472,319.890880184998,1,0.997593050421519
6808,0.0670461733080329,319.937852290794,1,0.999935505872933
6809,0.0384566729917774,319.984824396589,1,0.999998232099418
6810,0.0236559139784946,320.031796502385,1,0.999999769666186
6811,0.0140417457305503,320.07876860818,1,0.999999942523145
6812,0.0144212523719165,320.125740713976,1,0.999999939227478
6813,0.0222643896268185,320.172712819772,1,0.999999810999778
6814,0.0299810246679317,320.219684925567,1,0.999999441550275
6815,0.0359266287160025,320.266657031363,1,0.999998741502121
6816,0.0426312460468058,320.313629137159,1,0.99999692619429
6817,0.0683111954459203,320.360601242954,1,0.999925158703603
6818,0.100948766603416,320.40757334875,1,0.997436979959504
6819,0.140923466160658,320.454545454545,1,0.918953294117835
6820,0.168500948766603,320.501517560341,1,0.622298992965679
6821,0.187096774193548,320.548489666137,2,0.362130267638009
6822,0.20202403542062,320.595461771932,2,0.216819522255283
6823,0.215812776723593,320.642433877728,2,0.137144134216357
6824,0.222011385199241,320.689405983524,2,0.113575106223692
6825,0.227577482605946,320.736378089319,2,0.0970607866537479
6826,0.230740037950664,320.783350195115,2,0.0892749671357326
6827,0.233270082226439,320.830322300911,2,0.083758990496422
6828,0.234661606578115,320.877294406706,2,0.0809700202988931
6829,0.23111954459203,320.924266512502,2,0.088409142003283
6830,0.226312460468058,320.971238618297,2,0.100480005925504
6831,0.222264389626818,321.018210724093,2,0.112737228775609
6832,0.219860847564832,321.065182829889,2,0.12106899250132
6833,0.212650221378874,321.112154935684,2,0.151723465716885
6834,0.213156230234029,321.15912704148,2,0.149261336685817
6835,0.215939278937381,321.206099147276,2,0.13659966783445
6836,0.220240354206199,321.253071253071,2,0.11969685374902
6837,0.219607843137255,321.300043358867,2,0.121995965329733
6838,0.21606578115117,321.347015464663,2,0.136058052820365
6839,0.216824794433903,321.393987570458,2,0.132867475778099
6840,0.221758380771664,321.440959676254,2,0.114421961678464
6841,0.228209993674889,321.487931782049,2,0.0954187858098385
6842,0.232258064516129,321.534903887845,2,0.0858941708391143
6843,0.236053130929791,321.581875993641,2,0.0783425545017892
6844,0.240733712839975,321.628848099436,2,0.0705770366231254
6845,0.242504743833017,321.675820205232,2,0.0680268816856045
6846,0.245793801391524,321.722792311028,2,0.0637880146740248
6847,0.248576850094877,321.769764416823,2,0.0606580973800598
6848,0.251486401012018,321.816736522619,2,0.0577864687622937
6849,0.247564832384567,321.863708628415,2,0.0617508149480422
6850,0.245034788108792,321.91068073421,2,0.0647119704001232
6851,0.234535104364326,321.957652840006,2,0.0812167508230758
6852,0.222896900695762,322.004624945801,2,0.110681215758148
6853,0.212144212523719,322.051597051597,2,0.154237145951722
6854,0.201771030993042,322.098569157393,2,0.218719762088923
6855,0.196584440227704,322.145541263188,2,0.261781192965072
6856,0.199240986717268,322.192513368984,2,0.23872883251212
6857,0.207337128399747,322.23948547478,2,0.180871227101875
6858,0.227450980392157,322.286457580575,2,0.0973945109036633
6859,0.247438330170778,322.333429686371,2,0.0618909815905957
6860,0.256672991777356,322.380401792167,2,0.0535618495574292
6861,0.264136622390892,322.427373897962,2,0.0491870202885875
6862,0.273750790638836,322.474346003758,2,0.0459831538847123
6863,0.27741935483871,322.521318109553,2,0.0453886822570006
6864,0.276027830487033,322.568290215349,2,0.0455755314251431
6865,0.276280834914611,322.615262321145,2,0.0455380744215641
6866,0.275521821631879,322.66223442694,2,0.0456551176513982
6867,0.276027830487033,322.709206532736,2,0.0455755314251431
6868,0.275901328273245,322.756178638532,2,0.0455948432540364
6869,0.274889310562935,322.803150744327,2,0.0457634009258308
6870,0.269829222011385,322.850122850123,2,0.0469906422379751
6871,0.262745098039216,322.897094955919,2,0.0498663384552399
6872,0.258444022770398,322.944067061714,2,0.0523544538400509
6873,0.246552814674257,322.99103916751,2,0.0628949660359774
6874,0.233649588867805,323.038011273305,2,0.0829818138416378
6875,0.224541429475016,323.084983379101,2,0.105585515339212
6876,0.22416192283365,323.131955484897,2,0.106730221679327
6877,0.225932953826692,323.178927590692,2,0.101542045032743
6878,0.232384566729918,323.225899696488,2,0.0856221978638867
6879,0.245287792536369,323.272871802284,2,0.0644004960440527
6880,0.258444022770398,323.319843908079,2,0.0523544538400509
6881,0.268437697659709,323.366816013875,2,0.0474446101626508
6882,0.275774826059456,323.413788119671,2,0.0456145445838315
6883,0.281467425679949,323.460760225466,2,0.0451083897532857
6884,0.282099936748893,323.507732331262,2,0.045099658902354
6885,0.277925363693865,323.554704437057,2,0.0453323006331916
6886,0.27134724857685,323.601676542853,2,0.0465537936363165
6887,0.263883617963314,323.648648648649,2,0.04930617734564
6888,0.257179000632511,323.695620754444,2,0.0532053893284252
6889,0.24819734345351,323.74259286024,2,0.061061960124261
6890,0.242125237191651,323.789564966036,2,0.0685568117715531
6891,0.235294117647059,323.836537071831,2,0.0797562457497463
6892,0.232005060088552,323.883509177627,2,0.0864425432426417
6893,0.23111954459203,323.930481283422,2,0.0884091420032829
6894,0.231752055660974,323.977453389218,2,0.0869968691413597
6895,0.230487033523087,324.024425495014,2,0.089860011099791
6896,0.228716002530044,324.071397600809,2,0.0941365788639608
6897,0.237824161922834,324.118369706605,2,0.07521806693073
6898,0.241366223908918,324.165341812401,2,0.0696434986705155
6899,0.247817836812144,324.212313918196,2,0.0614728884930962
6900,0.25325743200506,324.259286023992,2,0.0562218772388506
6901,0.25528146742568,324.306258129788,2,0.0545910870445611
6902,0.257938013915244,324.353230235583,2,0.0526880222775474
6903,0.262492093611638,324.400202341379,2,0.0499962159056802
6904,0.267931688804554,324.447174447174,2,0.0476226491989484
6905,0.266793168880455,324.49414655297,2,0.0480490166534799
6906,0.265148640101202,324.541118658766,2,0.048729372764153
6907,0.262998102466793,324.588090764561,2,0.0497384383892197
6908,0.260974067046173,324.635062870357,2,0.0508177485529393
6909,0.257432005060089,324.682034976153,2,0.053030641779226
6910,0.253004427577483,324.729007081948,2,0.0564373231519623
6911,0.248956356736243,324.775979187744,2,0.0602612030359223
6912,0.245920303605313,324.82295129354,2,0.0636370507811741
6913,0.246552814674257,324.869923399335,2,0.0628949660359774
6914,0.248829854522454,324.916895505131,2,0.0603927328090074
6915,0.248576850094877,324.963867610926,2,0.0606580973800599
6916,0.241998734977862,325.010839716722,2,0.0687354258731535
6917,0.234408602150538,325.057811822518,2,0.0814648226386754
6918,0.230740037950664,325.104783928313,2,0.0892749671357326
6919,0.228462998102467,325.151756034109,2,0.094774236546689
6920,0.228209993674889,325.198728139905,2,0.0954187858098385
6921,0.227450980392157,325.2457002457,2,0.0973945109036633
6922,0.22517394054396,325.292672351496,2,0.103718029124586
6923,0.220999367488931,325.339644457292,2,0.117017322492764
6924,0.216951296647691,325.386616563087,2,0.132345438404494
6925,0.213409234661607,325.433588668883,2,0.148049310736678
6926,0.209361163820367,325.480560774678,2,0.169026409407238
6927,0.204301075268817,325.527532880474,2,0.200508913907758
6928,0.200759013282732,325.57450498627,2,0.226501709853363
6929,0.189247311827957,325.621477092065,2,0.33690386305016
6930,0.174067046173308,325.668449197861,1,0.540048930846478
6931,0.156862745098039,325.715421303657,1,0.77946054972004
6932,0.134218848829855,325.762393409452,1,0.950740026247439
6933,0.102213788741303,325.809365515248,1,0.997095818513471
6934,0.0729917773561037,325.856337621044,1,0.999871198277351
6935,0.0545224541429475,325.903309726839,1,0.999985900537496
6936,0.0444022770398482,325.950281832635,1,0.999996124440576
6937,0.0330170777988615,325.99725393843,1,0.999999152336999
6938,0.0282099936748893,326.044226044226,1,0.999999563234516
6939,0.0231499051233397,326.091198150022,1,0.99999978562392
6940,0.0159392789373814,326.138170255817,1,0.999999924103527
6941,0.00594560404807084,326.185142361613,1,0.999999982830494
6942,0.00379506641366224,326.232114467409,1,0.999999987619071
6943,0.00594560404807084,326.279086573204,1,0.999999982830494
6944,0.00670461733080329,326.326058679,1,0.999999980741862
6945,0.00202403542061986,326.373030784796,1,0.999999990559783
6946,0.00227703984819734,326.420002890591,1,0.999999990185863
6947,0.00316255534471853,326.466974996387,1,0.999999988759704
6948,0.00392156862745098,326.513947102182,1,0.999999987377746
6949,0.00404807084123972,326.560919207978,1,0.999999987131831
6950,0.00303605313092979,326.607891313774,1,0.999999988975187
6951,0.00290955091714105,326.654863419569,1,0.999999989186634
6952,0.00240354206198608,326.701835525365,1,0.999999989993516
6953,0.00404807084123972,326.748807631161,1,0.999999987131831
6954,0.00455407969639469,326.795779736956,1,0.999999986100533
6955,0.00518659076533839,326.842751842752,1,0.999999984697436
6956,0.00455407969639469,326.889723948547,1,0.999999986100533
6957,0.00265654648956357,326.936696054343,1,0.999999989597714
6958,0.00341555977229602,326.983668160139,1,0.999999988316328
6959,0.00632511068943706,327.030640265934,1,0.999999981815424
6960,0.00847564832384567,327.07761237173,1,0.999999974857235
6961,0.0313725490196078,327.124584477526,1,0.999999323411989
6962,0.0603415559772296,327.171556583321,1,0.999971115660542
6963,0.117267552182163,327.218528689117,1,0.988048048390026
6964,0.162428842504744,327.265500794913,1,0.708529719777392
6965,0.18697027197976,327.312472900708,2,0.363658018870295
6966,0.206704617330803,327.359445006504,2,0.184772264042135
6967,0.220240354206199,327.406417112299,2,0.11969685374902
6968,0.232384566729918,327.453389218095,2,0.0856221978638867
6969,0.241619228336496,327.500361323891,2,0.0692772491743479
6970,0.248829854522454,327.547333429686,2,0.0603927328090074
6971,0.255028462998102,327.594305535482,2,0.0547861149862024
6972,0.258444022770398,327.641277641278,2,0.0523544538400509
6973,0.257685009487666,327.688249747073,2,0.0528581919788765
6974,0.256799493991145,327.735221852869,2,0.0534718581720335
6975,0.249588867805187,327.782193958665,2,0.0596149395811476
6976,0.241492726122707,327.82916606446,2,0.0694598671812666
6977,0.228716002530044,327.876138170256,2,0.0941365788639608
6978,0.217204301075269,327.923110276051,2,0.131309578576153
6979,0.204427577482606,327.970082381847,2,0.199643605632694
6980,0.179506641366224,328.017054487643,2,0.461541558487008
6981,0.148134092346616,328.064026593438,1,0.868027959186951
6982,0.110689437065149,328.110998699234,1,0.993450222983317
6983,0.0638836179633144,328.15797080503,1,0.999955710691549
6984,0.0388361796331436,328.204942910825,1,0.999998140195645
6985,0.0253004427577483,328.251915016621,1,0.999999709412866
6986,0.0168247944339026,328.298887122417,1,0.999999913648797
6987,0.00847564832384567,328.345859228212,1,0.999999974857235
6988,0.00543959519291588,328.392831334008,1,0.999999984098285
6989,0.00531309297912713,328.439803439803,1,0.999999984400669
6990,0.00543959519291588,328.486775545599,1,0.999999984098285
6991,0.00506008855154965,328.533747651395,1,0.99999998498869
6992,0.00480708412397217,328.58071975719,1,0.999999985555052
6993,0.00556609740670462,328.627691862986,1,0.999999983790182
6994,0.00683111954459203,328.674663968782,1,0.999999980370448
6995,0.00670461733080329,328.721636074577,1,0.999999980741862
6996,0.00531309297912713,328.768608180373,1,0.999999984400669
6997,0.0043010752688172,328.815580286169,1,0.999999986625884
6998,0.00543959519291588,328.862552391964,1,0.999999984098285
6999,0.00809614168247944,328.90952449776,1,0.999999976250096
7000,0.0116382036685642,328.956496603555,1,0.999999959696744
7001,0.00645161290322581,329.003468709351,1,0.999999981464227
7002,0.00556609740670462,329.050440815147,1,0.999999983790182
7003,0.00392156862745098,329.097412920942,1,0.999999987377746
7004,0.00316255534471853,329.144385026738,1,0.999999988759704
7005,0.00240354206198608,329.191357132534,1,0.999999989993516
7006,0.00265654648956357,329.238329238329,1,0.999999989597714
7007,0.00265654648956357,329.285301344125,1,0.999999989597714
7008,0.00290955091714105,329.332273449921,1,0.999999989186634
7009,0.0134092346616066,329.379245555716,1,0.999999947632755
7010,0.0168247944339026,329.426217661512,1,0.999999913648797
7011,0.025426944971537,329.473189767307,1,0.999999704190102
7012,0.046932321315623,329.520161873103,1,0.999994619326178
7013,0.087033523086654,329.567133978899,1,0.99938927567471
7014,0.129917773561037,329.614106084694,1,0.964917087209581
7015,0.16584440227704,329.66107819049,1,0.660829199539765
7016,0.188867805186591,329.708050296286,2,0.341252052643445
7017,0.213282732447818,329.755022402081,2,0.148653749319157
7018,0.223908918406072,329.801994507877,2,0.10750362410056
7019,0.236432637571158,329.848966613673,2,0.0776528160974535
7020,0.242631246046806,329.895938719468,2,0.067852192884656
7021,0.245667299177736,329.942910825264,2,0.0639398370224819
7022,0.245920303605313,329.989882931059,2,0.0636370507811741
7023,0.244655281467426,330.036855036855,2,0.0651858190114671
7024,0.242504743833017,330.083827142651,2,0.0680268816856045
7025,0.244655281467426,330.130799248446,2,0.0651858190114671
7026,0.238330170777989,330.177771354242,2,0.0743683285214451
7027,0.232258064516129,330.224743460038,2,0.0858941708391143
7028,0.229475015812777,330.271715565833,2,0.0922642422628486
7029,0.232005060088552,330.318687671629,2,0.0864425432426417
7030,0.23314358001265,330.365659777425,2,0.084020865211557
7031,0.232764073371284,330.41263188322,2,0.0848150400467317
7032,0.230740037950664,330.459603989016,2,0.0892749671357326
7033,0.230360531309298,330.506576094811,2,0.0901549058952863
7034,0.233017077798861,330.553548200607,2,0.0842841600934356
7035,0.235926628716003,330.600520306403,2,0.0785749799292063
7036,0.23617963314358,330.647492412198,2,0.0781113896993552
7037,0.23921568627451,330.694464517994,2,0.0729253226850442
7038,0.245034788108792,330.74143662379,2,0.0647119704001232
7039,0.251359898798229,330.788408729585,2,0.0579033630374119
7040,0.253889943074004,330.835380835381,2,0.0556947112471234
7041,0.249335863377609,330.882352941177,2,0.0598711817178851
7042,0.245540796963947,330.929325046972,2,0.0640925219379316
7043,0.239468690702087,330.976297152768,2,0.0725231051685979
7044,0.233649588867805,331.023269258563,2,0.0829818138416378
7045,0.228842504743833,331.070241364359,2,0.0938203119393751
7046,0.221884882985452,331.117213470155,2,0.113997405953623
7047,0.209740670461733,331.16418557595,2,0.166910341908722
7048,0.2,331.211157681746,2,0.232531102555782
7049,0.195698924731183,331.258129787542,2,0.269946250890412
7050,0.180518659076534,331.305101893337,2,0.447470988243984
7051,0.162555344718533,331.352073999133,1,0.706810838451659
7052,0.145857052498419,331.399046104929,1,0.886202764275905
7053,0.126502213788741,331.446018210724,1,0.973476030205072
7054,0.106261859582543,331.49299031652,1,0.99569474225039
7055,0.0952561669829222,331.539962422315,1,0.998555774262896
7056,0.0956356736242884,331.586934528111,1,0.998498620867995
7057,0.0858950031625553,331.633906633907,1,0.999459492167862
7058,0.0953826691967109,331.680878739702,1,0.998536955886246
7059,0.112713472485769,331.727850845498,1,0.992096261649205
7060,0.129791271347249,331.774822951294,1,0.965273186564661
7061,0.139911448450348,331.821795057089,1,0.924625593233349
7062,0.14168247944339,331.868767162885,1,0.914475234387022
7063,0.142820999367489,331.91573926868,1,0.907386897285778
7064,0.146110056925996,331.962711374476,1,0.884282150418256
7065,0.152688172043011,332.009683480272,1,0.825543861088755
7066,0.1617963314358,332.056655586067,1,0.717061068062347
7067,0.173308032890576,332.103627691863,1,0.551253612000415
7068,0.178494623655914,332.150599797659,2,0.475813631447649
7069,0.176344086021505,332.197571903454,1,0.506709895530072
7070,0.170271979759646,332.24454400925,1,0.596206488063546
7071,0.166350411132195,332.291516115046,1,0.653566998151697
7072,0.164326375711575,332.338488220841,1,0.682338884163279
7073,0.169133459835547,332.385460326637,1,0.613005960612808
7074,0.172169512966477,332.432432432432,1,0.568105333300706
7075,0.176344086021505,332.479404538228,1,0.506709895530072
7076,0.178115117014548,332.526376644024,2,0.481213242596528
7077,0.184693232131562,332.573348749819,2,0.391959928453889
7078,0.195066413662239,332.620320855615,2,0.275928290607837
7079,0.20607210626186,332.667292961411,2,0.188771618058702
7080,0.212270714737508,332.714265067206,2,0.153603841429412
7081,0.218722327640734,332.761237173002,2,0.125318880755131
7082,0.227071473750791,332.808209278798,2,0.0984064997834629
7083,0.235926628716003,332.855181384593,2,0.0785749799292063
7084,0.242631246046806,332.902153490389,2,0.067852192884656
7085,0.245287792536369,332.949125596184,2,0.0644004960440527
7086,0.250727387729285,332.99609770198,2,0.0584984134969739
7087,0.256419987349779,333.043069807776,2,0.0537435988291902
7088,0.259582542694497,333.090041913571,2,0.0516363189125445
7089,0.260721062618596,333.137014019367,2,0.0509618436846848
7090,0.261227071473751,333.183986125163,2,0.0506757263281323
7091,0.258950031625553,333.230958230958,2,0.0520298003038277
7092,0.255534471853257,333.277930336754,2,0.054398517488098
7093,0.251992409867173,333.32490244255,2,0.0573258415093068
7094,0.250094876660342,333.371874548345,2,0.0591113857472277
7095,0.246805819101834,333.418846654141,2,0.0626040002712965
7096,0.243516761543327,333.465818759936,2,0.0666562458000883
7097,0.231752055660974,333.512790865732,2,0.0869968691413597
7098,0.232637571157495,333.559762971528,2,0.0850826400653555
7099,0.233017077798861,333.606735077323,2,0.0842841600934356
7100,0.233776091081594,333.653707183119,2,0.0827255464862004
7101,0.23617963314358,333.700679288915,2,0.0781113896993552
7102,0.241745730550285,333.74765139471,2,0.0690956396172313
7103,0.247311827956989,333.794623500506,2,0.0620319555217999
7104,0.252371916508539,333.841595606301,2,0.0569875838335164
7105,0.259709044908286,333.888567712097,2,0.0515592472809975
7106,0.262239089184061,333.935539817893,2,0.0501280837378813
7107,0.265528146742568,333.982511923688,2,0.04856548319416
7108,0.266160657811512,334.029484029484,2,0.0483015562693239
7109,0.265654648956357,334.07645613528,2,0.0485117791068032
7110,0.262871600253004,334.123428241075,2,0.0498021420532388
7111,0.260847564832385,334.170400346871,2,0.0508895361026585
7112,0.258823529411765,334.217372452667,2,0.0521101352131472
7113,0.247058823529412,334.264344558462,2,0.062316340429537
7114,0.240733712839975,334.311316664258,2,0.0705770366231255
7115,0.229475015812777,334.358288770053,2,0.0922642422628486
7116,0.220619860847565,334.405260875849,2,0.118346405971528
7117,0.2191018342821,334.452232981645,2,0.123879669454671
7118,0.216318785578748,334.49920508744,2,0.134983322032605
7119,0.202403542061986,334.546177193236,2,0.214002664062937
7120,0.186717267552182,334.593149299032,2,0.366727869962622
7121,0.171663504111322,334.640121404827,1,0.575602735518284
7122,0.1617963314358,334.687093510623,1,0.717061068062347
7123,0.149272612270715,334.734065616419,1,0.858179645802331
7124,0.141935483870968,334.781037722214,1,0.912938952193596
7125,0.135863377609108,334.82800982801,1,0.944137492711945
7126,0.134851359898798,334.874981933805,1,0.948284429092708
7127,0.137001897533207,334.921954039601,1,0.939137361495148
7128,0.140417457305503,334.968926145397,1,0.921831468054587
7129,0.15079063883618,335.015898251192,1,0.844248056828124
7130,0.163061353573688,335.062870356988,1,0.699894850850455
7131,0.176091081593928,335.109842462784,1,0.510387576636373
7132,0.182669196710942,335.156814568579,2,0.418328815500578
7133,0.183681214421252,335.203786674375,2,0.405008288506252
7134,0.180518659076534,335.250758780171,2,0.447470988243984
7135,0.177988614800759,335.297730885966,2,0.483018530123671
7136,0.175079063883618,335.344702991762,1,0.525170550159225
7137,0.17583807716635,335.391675097557,1,0.514072894824023
7138,0.186843769765971,335.438647203353,2,0.365190558050864
7139,0.200126502213789,335.485619309149,2,0.23151458374878
7140,0.216951296647691,335.532591414944,2,0.132345438404494
7141,0.235673624288425,335.57956352074,2,0.0790436387535405
7142,0.245540796963947,335.626535626536,2,0.0640925219379316
7143,0.25629348513599,335.673507732331,2,0.0538353613882144
7144,0.271853257432005,335.720479838127,2,0.0464214564736299
7145,0.277166350411132,335.767451943923,2,0.0454191789751481
7146,0.284882985452245,335.814424049718,2,0.0451734529672909
7147,0.289563567362429,335.861396155514,2,0.0457135077770557
7148,0.286527514231499,335.908368261309,2,0.0453033091359666
7149,0.281973434535104,335.955340367105,2,0.0451006497110626
7150,0.280708412397217,336.002312472901,2,0.0451313365765927
7151,0.277672359266287,336.049284578696,2,0.0453597237363678
7152,0.276027830487034,336.096256684492,2,0.0455755314251431
7153,0.27337128399747,336.143228790288,2,0.0460635624737386
7154,0.276660341555977,336.190200896083,2,0.0454847988674496
7155,0.275648323845667,336.237173001879,2,0.0456346358884765
7156,0.270461733080329,336.284145107675,2,0.0468013046821907
7157,0.264010120177103,336.33111721347,2,0.0492463593774223
7158,0.259835547122075,336.378089319266,2,0.0514827126063911
7159,0.256419987349779,336.425061425061,2,0.0537435988291902
7160,0.254142947501581,336.472033530857,2,0.0554883666189797
7161,0.255787476280835,336.519005636653,2,0.0542083864048838
7162,0.258570524984187,336.565977742448,2,0.0522724599155316
7163,0.25932953826692,336.612949848244,2,0.051792080873893
7164,0.253889943074004,336.65992195404,2,0.0556947112471234
7165,0.244655281467426,336.706894059835,2,0.0651858190114671
7166,0.237444655281467,336.753866165631,2,0.075867669212655
7167,0.234914611005693,336.800838271427,2,0.0804805554314579
7168,0.235420619860848,336.847810377222,2,0.0795174187349985
7169,0.225679949399114,336.894782483018,2,0.102259616551007
7170,0.235673624288425,336.941754588813,2,0.0790436387535405
7171,0.245793801391524,336.988726694609,2,0.0637880146740248
7172,0.254648956356736,337.035698800405,2,0.0550833106151628
7173,0.260974067046173,337.0826709062,2,0.0508177485529393
7174,0.260594560404807,337.129643011996,2,0.0510346731222142
7175,0.257811511701455,337.176615117792,2,0.0527728232089991
7176,0.259456040480708,337.223587223587,2,0.0517139294541955
7177,0.259709044908286,337.270559329383,2,0.0515592472809975
7178,0.256925996204934,337.317531435179,2,0.0533824525327496
7179,0.2573055028463,337.364503540974,2,0.0531177272221168
7180,0.26034155597723,337.41147564677,2,0.051181904927514
7181,0.264136622390892,337.458447752565,2,0.0491870202885875
7182,0.265654648956357,337.505419858361,2,0.0485117791068032
7183,0.265781151170146,337.552391964157,2,0.0484585356806844
7184,0.266540164452878,337.599364069952,2,0.04814867614738
7185,0.270461733080329,337.646336175748,2,0.0468013046821907
7186,0.266160657811512,337.693308281544,2,0.0483015562693239
7187,0.263251106894371,337.740280387339,2,0.0496125029215027
7188,0.262998102466793,337.787252493135,2,0.0497384383892197
7189,0.26527514231499,337.834224598931,2,0.0486742786767158
7190,0.262112586970272,337.881196704726,2,0.0501947681670213
7191,0.25426944971537,337.928168810522,2,0.055386152441226
7192,0.248323845667299,337.975140916317,2,0.06092655897973
7193,0.234282099936749,338.022113022113,2,0.0817142427177769
7194,0.222517394054396,338.069085127909,2,0.111908237885259
7195,0.206831119544592,338.116057233704,2,0.183984252060815
7196,0.192915876027831,338.1630293395,2,0.297211119570766
7197,0.185325743200506,338.210001445296,2,0.383948536154113
7198,0.186084756483238,338.256973551091,2,0.374485459172463
7199,0.198102466793169,338.303945656887,2,0.24834650363864
7200,0.211258697027198,338.350917762683,2,0.158762976936572
7201,0.220619860847565,338.397889868478,2,0.118346405971528
7202,0.22909550917141,338.444861974274,2,0.0931928574745475
7203,0.237318153067679,338.491834080069,2,0.0760865779721914
7204,0.240480708412397,338.538806185865,2,0.0709577257442429
7205,0.246173308032891,338.585778291661,2,0.0633376820445288
7206,0.253383934218849,338.632750397456,2,0.0561151411630884
7207,0.25831752055661,338.679722503252,2,0.0524370049266227
7208,0.258064516129032,338.726694609048,2,0.0526037870179563
7209,0.262365591397849,338.773666714843,2,0.0500619002034256
7210,0.264263124604681,338.820638820639,2,0.0491281586032661
7211,0.268943706514864,338.867610926435,2,0.0472735217829006
7212,0.270841239721695,338.91458303223,2,0.046692733859225
7213,0.267678684376977,338.961555138026,2,0.0477142969194039
7214,0.266919671094244,339.008527243821,2,0.0479998613828411
7215,0.263757115749526,339.055499349617,2,0.0493664756817618
7216,0.257685009487666,339.102471455413,2,0.0528581919788765
7217,0.25022137887413,339.149443561208,2,0.0589873382598405
7218,0.252371916508539,339.196415667004,2,0.0569875838335164
7219,0.246679316888046,339.2433877728,2,0.0627490679611663
7220,0.236432637571158,339.290359878595,2,0.0776528160974535
7221,0.230487033523087,339.337331984391,2,0.089860011099791
7222,0.22517394054396,339.384304090187,2,0.103718029124586
7223,0.222264389626818,339.431276195982,2,0.112737228775609
7224,0.224035420619861,339.478248301778,2,0.107115889312309
7225,0.221378874130297,339.525220407573,2,0.115709280623949
7226,0.220999367488931,339.572192513369,2,0.117017322492764
7227,0.21808981657179,339.619164619165,2,0.127768930673486
7228,0.212397216951297,339.66613672496,2,0.152973803062424
7229,0.205313092979127,339.713108830756,2,0.193703285949056
7230,0.197849462365591,339.760080936552,2,0.250536758438719
7231,0.188361796331436,339.807053042347,2,0.347119152362746
7232,0.181024667931689,339.854025148143,2,0.440517565495949
7233,0.165211891208096,339.900997253938,1,0.669844946236653
7234,0.158633776091082,339.947969359734,1,0.757972873303178
7235,0.155850727387729,339.99494146553,1,0.791237118681771
7236,0.161037318153068,340.041913571325,1,0.727153935490234
7237,0.172169512966477,340.088885677121,1,0.568105333300706
7238,0.184819734345351,340.135857782917,2,0.390348661666634
7239,0.199620493358634,340.182829888712,2,0.235608764801118
7240,0.212523719165085,340.229801994508,2,0.152347016074172
7241,0.226438962681847,340.276774100304,2,0.100129771500917
7242,0.234408602150538,340.323746206099,2,0.0814648226386754
7243,0.239089184060721,340.370718311895,2,0.0731280927484982
7244,0.242378241619228,340.41769041769,2,0.0682025445460425
7245,0.247564832384567,340.464662523486,2,0.0617508149480422
7246,0.247185325743201,340.511634629282,2,0.0621737405304853
7247,0.24819734345351,340.558606735077,2,0.061061960124261
7248,0.251865907653384,340.605578840873,2,0.057439961926617
7249,0.255787476280835,340.652550946669,2,0.0542083864048838
7250,0.263630613535737,340.699523052464,2,0.0494272558870138
7251,0.271726755218216,340.74649515826,2,0.0464539245823821
7252,0.27741935483871,340.793467264056,2,0.0453886822570006
7253,0.281846932321316,340.840439369851,2,0.0451020181632397
7254,0.285515496521189,340.887411475647,2,0.0452157843921626
7255,0.287919038583175,340.934383581442,2,0.0454636657295961
7256,0.287539531941809,340.981355687238,2,0.0454153168909963
7257,0.280455407969639,341.028327793034,2,0.0451420114384052
7258,0.282985452245414,341.075299898829,2,0.0451032964053596
7259,0.285262492093612,341.122272004625,2,0.045197712113193
7260,0.283238456672992,341.169244110421,2,0.0451077346497918
7261,0.277545857052498,341.216216216216,2,0.0453740108992257
7262,0.271853257432005,341.263188322012,2,0.0464214564736299
7263,0.266413662239089,341.310160427808,2,0.0481991828255715
7264,0.264263124604681,341.357132533603,2,0.0491281586032661
7265,0.259582542694497,341.404104639399,2,0.0516363189125445
7266,0.261100569259962,341.451076745194,2,0.0507464792264427
7267,0.261733080328906,341.49804885099,2,0.0503978436041526
7268,0.259835547122075,341.545020956786,2,0.0514827126063911
7269,0.255660974067046,341.591993062581,2,0.0543031483710133
7270,0.255154965211891,341.638965168377,2,0.0546882924618786
7271,0.257179000632511,341.685937274173,2,0.0532053893284252
7272,0.259582542694497,341.732909379968,2,0.0516363189125445
7273,0.266793168880455,341.779881485764,2,0.0480490166534799
7274,0.276280834914611,341.826853591559,2,0.0455380744215641
7275,0.284503478810879,341.873825697355,2,0.0451526083543105
7276,0.287666034155598,341.920797803151,2,0.0454310474773135
7277,0.289690069576218,341.967769908946,2,0.0457354590911698
7278,0.289690069576218,342.014742014742,2,0.0457354590911698
7279,0.2853889943074,342.061714120538,2,0.0452065581629277
7280,0.279190385831752,342.108686226333,2,0.0452181294281694
7281,0.287539531941809,342.155658332129,2,0.0454153168909963
7282,0.287919038583175,342.202630437925,2,0.0454636657295961
7283,0.289690069576218,342.24960254372,2,0.0457354590911698
7284,0.29348513598988,342.296574649516,2,0.0465794157392407
7285,0.297406704617331,342.343546755311,2,0.0478432993841685
7286,0.298545224541429,342.390518861107,2,0.0482887736641342
7287,0.299177735610373,342.437490966903,2,0.0485521324620176
7288,0.299304237824162,342.484463072698,2,0.0486061839345186
7289,0.296900695762176,342.531435178494,2,0.047656911636916
7290,0.293738140417457,342.57840728429,2,0.0466486797104626
7291,0.286021505376344,342.625379390085,2,0.0452564956623812
7292,0.276154332700822,342.672351495881,2,0.0455566086326658
7293,0.26729917773561,342.719323601677,2,0.0478550789901077
7294,0.258697027197976,342.766295707472,2,0.0521910210643519
7295,0.249968374446553,342.813267813268,2,0.059236166300949
7296,0.243137254901961,342.860239919063,2,0.0671630828095752
7297,0.235294117647059,342.907212024859,2,0.0797562457497463
7298,0.233017077798861,342.954184130655,2,0.0842841600934356
7299,0.23213156230234,343.00115623645,2,0.0861676167313329
7300,0.235041113219481,343.048128342246,2,0.0802378073385703
7301,0.241619228336496,343.095100448042,2,0.0692772491743479
7302,0.249588867805187,343.142072553837,2,0.0596149395811476
7303,0.25629348513599,343.189044659633,2,0.0538353613882144
7304,0.260215053763441,343.236016765429,2,0.0512563110128188
7305,0.263377609108159,343.282988871224,2,0.0495502679736553
7306,0.269196710942442,343.32996097702,2,0.0471905630471481
7307,0.275521821631879,343.376933082815,2,0.0456551176513982
7308,0.279949399114485,343.423905188611,2,0.0451679059594889
7309,0.284629981024668,343.470877294407,2,0.0451591774585728
7310,0.288678051865908,343.517849400202,2,0.0455708061690658
7311,0.290955091714105,343.564821505998,2,0.0459766729438539
7312,0.289816571790006,343.611793611794,2,0.0457578032910012
7313,0.293611638203669,343.658765717589,2,0.0466138406563655
7314,0.285768500948767,343.705737823385,2,0.0452353782825049
7315,0.274762808349146,343.752709929181,2,0.0457862361234191
7316,0.264263124604681,343.799682034976,2,0.0491281586032661
7317,0.25325743200506,343.846654140772,2,0.0562218772388506
7318,0.243137254901961,343.893626246567,2,0.0671630828095752
7319,0.233270082226439,343.940598352363,2,0.083758990496422
7320,0.225806451612903,343.987570458159,2,0.101899869612338
7321,0.23010752688172,344.034542563954,2,0.0907494826370661
7322,0.23415559772296,344.08151466975,2,0.0819650180716631
7323,0.238583175205566,344.128486775546,2,0.0739503802465858
7324,0.242378241619228,344.175458881341,2,0.0682025445460425
7325,0.247311827956989,344.222430987137,2,0.0620319555217999
7326,0.253383934218849,344.269403092933,2,0.0561151411630884
7327,0.261859582542694,344.316375198728,2,0.0503296464084795
7328,0.267678684376977,344.363347304524,2,0.0477142969194039
7329,0.271600253004428,344.410319410319,2,0.0464868029455369
7330,0.277166350411132,344.457291516115,2,0.0454191789751481
7331,0.282352941176471,344.504263621911,2,0.0450988101295312
7332,0.283744465528147,344.551235727706,2,0.0451211454918023
7333,0.281846932321316,344.598207833502,2,0.0451020181632397
7334,0.281720430107527,344.645179939298,2,0.0451037642916358
7335,0.283238456672992,344.692152045093,2,0.0451077346497918
7336,0.284629981024668,344.739124150889,2,0.0451591774585728
7337,0.286021505376344,344.786096256685,2,0.0452564956623812
7338,0.282985452245414,344.83306836248,2,0.0451032964053596
7339,0.278304870335231,344.880040468276,2,0.045294039169312
7340,0.272738772928526,344.927012574071,2,0.0462056019597867
7341,0.266666666666667,344.973984679867,2,0.0480986211677778
7342,0.263124604680582,345.020956785663,2,0.0496752258715045
7343,0.259962049335863,345.067928891458,2,0.0514067129502718
7344,0.258570524984187,345.114900997254,2,0.0522724599155316
7345,0.255534471853257,345.16187310305,2,0.054398517488098
7346,0.256799493991145,345.208845208845,2,0.0534718581720335
7347,0.258191018342821,345.255817314641,2,0.0525201152793812
7348,0.257179000632511,345.302789420437,2,0.0532053893284252
7349,0.255913978494624,345.349761526232,2,0.0541142291438361
7350,0.255660974067046,345.396733632028,2,0.0543031483710133
7351,0.258191018342821,345.443705737823,2,0.0525201152793812
7352,0.259456040480708,345.490677843619,2,0.0517139294541955
7353,0.257179000632511,345.537649949415,2,0.0532053893284252
7354,0.258950031625553,345.58462205521,2,0.0520298003038277
7355,0.260215053763441,345.631594161006,2,0.0512563110128188
7356,0.259709044908286,345.678566266802,2,0.0515592472809975
7357,0.259076533839342,345.725538372597,2,0.0519500142935064
7358,0.259076533839342,345.772510478393,2,0.0519500142935064
7359,0.261986084756483,345.819482584189,2,0.0502619551622537
7360,0.265022137887413,345.866454689984,2,0.0487849328974002
7361,0.266919671094244,345.91342679578,2,0.0479998613828411
7362,0.268184693232132,345.960398901575,2,0.0475327565520238
7363,0.268943706514864,346.007371007371,2,0.0472735217829006
7364,0.268564199873498,346.054343113167,2,0.04740118910834
7365,0.266793168880455,346.101315218962,2,0.0480490166534799
7366,0.264389626818469,346.148287324758,2,0.0490697728581878
7367,0.262998102466793,346.195259430554,2,0.0497384383892197
7368,0.262365591397849,346.242231536349,2,0.0500619002034256
7369,0.262112586970272,346.289203642145,2,0.0501947681670213
7370,0.263757115749526,346.336175747941,2,0.0493664756817618
7371,0.264642631246047,346.383147853736,2,0.0489544233983628
7372,0.264769133459836,346.430119959532,2,0.0488974568196052
7373,0.264516129032258,346.477092065327,2,0.0490118616026292
7374,0.265528146742568,346.524064171123,2,0.04856548319416
7375,0.267552182163188,346.571036276919,2,0.0477607817362622
7376,0.26932321315623,346.618008382714,2,0.0471497264660145
7377,0.269449715370019,346.66498048851,2,0.0471093170758051
7378,0.271094244149273,346.711952594306,2,0.0466224350509891
7379,0.271726755218216,346.758924700101,2,0.0464539245823821
7380,0.273244781783681,346.805896805897,2,0.0460911660680152
7381,0.272612270714738,346.852868911692,2,0.046235219771313
7382,0.274130297280202,346.899841017488,2,0.0459063350919216
7383,0.276786843769766,346.946813123284,2,0.0454678146197916
7384,0.279949399114485,346.993785229079,2,0.0451679059594889
7385,0.27235926628716,347.040757334875,2,0.0462956709840412
7386,0.269449715370019,347.087729440671,2,0.0471093170758051
7387,0.265781151170146,347.134701546466,2,0.0484585356806844
7388,0.260088551549652,347.181673652262,2,0.0513312463888273
7389,0.25831752055661,347.228645758058,2,0.0524370049266227
7390,0.258444022770398,347.275617863853,2,0.0523544538400509
7391,0.255787476280835,347.322589969649,2,0.0542083864048838
7392,0.252877925363694,347.369562075444,2,0.0565460386206518
7393,0.258570524984187,347.41653418124,2,0.0522724599155316
7394,0.256799493991145,347.463506287036,2,0.0534718581720335
7395,0.255660974067046,347.510478392831,2,0.0543031483710133
7396,0.256419987349779,347.557450498627,2,0.0537435988291902
7397,0.25831752055661,347.604422604423,2,0.0524370049266227
7398,0.258570524984187,347.651394710218,2,0.0522724599155316
7399,0.256925996204934,347.698366816014,2,0.0533824525327496
7400,0.255407969639469,347.74533892181,2,0.054494496219181
7401,0.256799493991145,347.792311027605,2,0.0534718581720335
7402,0.255028462998102,347.839283133401,2,0.0547861149862024
7403,0.25426944971537,347.886255239196,2,0.055386152441226
7404,0.252751423149905,347.933227344992,2,0.0566554195500685
7405,0.25224541429475,347.980199450788,2,0.0570996554334771
7406,0.250347881087919,348.027171556583,2,0.0588640205489639
7407,0.250980392156863,348.074143662379,2,0.0582582649878122
7408,0.25325743200506,348.121115768175,2,0.0562218772388506
7409,0.257685009487666,348.16808787397,2,0.0528581919788765
7410,0.26135357368754,348.215059979766,2,0.0506054880769559
7411,0.264642631246047,348.262032085562,2,0.0489544233983628
7412,0.2662871600253,348.309004191357,2,0.0482501424473207
7413,0.266919671094244,348.355976297153,2,0.0479998613828411
7414,0.26831119544592,348.402948402948,2,0.0474884656191627
7415,0.267931688804554,348.449920508744,2,0.0476226491989484
7416,0.266666666666667,348.49689261454,2,0.0480986211677778
7417,0.271094244149273,348.543864720335,2,0.0466224350509891
7418,0.27033523086654,348.590836826131,2,0.0468383311640566
7419,0.269829222011385,348.637808931927,2,0.0469906422379751
7420,0.270714737507906,348.684781037722,2,0.0467285069154565
7421,0.269576217583808,348.731753143518,2,0.0470693338898619
7422,0.268437697659709,348.778725249314,2,0.0474446101626508
7423,0.271600253004428,348.825697355109,2,0.0464868029455369
7424,0.27539531941809,348.872669460905,2,0.0456759903655196
7425,0.280708412397217,348.9196415667,2,0.0451313365765927
7426,0.279696394686907,348.966613672496,2,0.0451831280990475
7427,0.276660341555977,349.013585778292,2,0.0454847988674496
7428,0.272738772928526,349.060557884087,2,0.0462056019597867
7429,0.272106261859583,349.107529989883,2,0.046357747879294
7430,0.273750790638836,349.154502095679,2,0.0459831538847123
7431,0.273877292852625,349.201474201474,2,0.0459571495946415
7432,0.271726755218216,349.24844630727,2,0.0464539245823821
7433,0.271979759645794,349.295418413066,2,0.0463893978317265
7434,0.267805186590765,349.342390518861,2,0.047668253116987
7435,0.265148640101202,349.389362624657,2,0.048729372764153
7436,0.26831119544592,349.436334730452,2,0.0474884656191627
7437,0.272485768500949,349.483306836248,2,0.0462652425370947
7438,0.275774826059456,349.530278942044,2,0.0456145445838315
7439,0.278557874762808,349.577251047839,2,0.0452704434184324
7440,0.280202403542062,349.624223153635,2,0.0451542008435473
7441,0.281720430107527,349.671195259431,2,0.0451037642916358
7442,0.283617963314358,349.718167365226,2,0.0451172258034994
7443,0.282479443390259,349.765139471022,2,0.045098952145104
7444,0.2764073371284,349.812111576817,2,0.0455199283462266
7445,0.281720430107527,349.859083682613,2,0.0451037642916358
