"y","mean_gray","position..mm.","facies_class","facies_prob"
532,0.135318324860809,25.1409163173869,1,0.951868247176283
533,0.154780924715565,25.1878884231826,1,0.819408937171163
534,0.161268458000484,25.2348605289782,1,0.744432150902769
535,0.167804405712902,25.2818326347738,1,0.656250028785308
536,0.174049866860324,25.3288047405695,1,0.565968271265548
537,0.1760348583878,25.3757768463651,1,0.537149143345546
538,0.174534011135318,25.4227489521607,1,0.558922117520476
539,0.170079883805374,25.4697210579564,1,0.623678051757276
540,0.167126603727911,25.516693163752,1,0.665816202015898
541,0.168094892277899,25.5636652695476,1,0.652128550648915
542,0.167368675865408,25.6106373753433,1,0.662408190968403
543,0.169692568385379,25.6576094811389,1,0.629263261759041
544,0.174485596707819,25.7045815869345,1,0.559626383419843
545,0.176664245945292,25.7515536927302,1,0.528065578951031
546,0.182280319535222,25.7985257985258,2,0.449341657416153
547,0.182764463810215,25.8454979043214,2,0.442822640694924
548,0.181893004115226,25.8924700101171,2,0.454593149966544
549,0.183587509077705,25.9394421159127,2,0.431861013676591
550,0.179520697167756,25.9864142217084,2,0.487397439787989
551,0.177390462357783,26.033386327504,1,0.517631137124904
552,0.18237714839022,26.0803584332996,2,0.448033771143657
553,0.179133381747761,26.1273305390953,2,0.49284649488831
554,0.180537400145243,26.1743026448909,2,0.473211633580091
555,0.182280319535222,26.2212747506865,2,0.449341657416153
556,0.18242556281772,26.2682468564822,2,0.447380586829576
557,0.182231905107722,26.3152189622778,2,0.449996355481324
558,0.18242556281772,26.3621910680734,2,0.447380586829576
559,0.182280319535222,26.4091631738691,2,0.449341657416153
560,0.180876301137739,26.4561352796647,2,0.468523770347413
561,0.17196804647785,26.5031073854603,1,0.596293251085298
562,0.17279109174534,26.550079491256,1,0.584307552491397
563,0.170757685790366,26.5970515970516,1,0.613873430741242
564,0.168046477850399,26.6440237028472,1,0.65281631850595
565,0.16557734204793,26.6909958086429,1,0.687377034221241
566,0.161171629145485,26.7379679144385,1,0.745655554907105
567,0.15676591624304,26.7849400202342,1,0.798060489179045
568,0.155458726700557,26.8319121260298,1,0.812285722241489
569,0.14960058097313,26.8788842318254,1,0.867990997997777
570,0.142725732268216,26.9258563376211,1,0.916751012478607
571,0.139772452190753,26.9728284434167,1,0.93268705600522
572,0.139627208908255,27.0198005492123,1,0.933400774611369
573,0.138320019365771,27.066772655008,1,0.939545102658244
574,0.138029532800775,27.1137447608036,1,0.940843886921906
575,0.142967804405713,27.1607168665992,1,0.915319582242442
576,0.147954490438151,27.2076889723949,1,0.881253846274275
577,0.150181554103123,27.2546610781905,1,0.863061495757224
578,0.151633986928105,27.3016331839861,1,0.850164797192865
579,0.151053013798112,27.3486052897818,1,0.855421937683892
580,0.148244977003147,27.3955773955774,1,0.878988414654786
581,0.14722827402566,27.442549501373,1,0.886778240220573
582,0.149455337690632,27.4895216071687,1,0.869203010922559
583,0.153183248608085,27.5364937129643,1,0.835503107290931
584,0.155361897845558,27.58346581876,1,0.81331398929581
585,0.16078431372549,27.6304379245556,1,0.750520357979357
586,0.161801016702978,27.6774100303512,1,0.737652968416244
587,0.161752602275478,27.7243821361469,1,0.738272743765456
588,0.159622367465505,27.7713542419425,1,0.764829599888433
589,0.15676591624304,27.8183263477381,1,0.798060489179045
590,0.155265068990559,27.8652984535338,1,0.814338710996063
591,0.154926167998063,27.9122705593294,1,0.81789723300948
592,0.154635681433067,27.959242665125,1,0.820912589927122
593,0.155361897845558,28.0062147709207,1,0.81331398929581
594,0.156039699830549,28.0531868767163,1,0.806042022563121
595,0.161704187847979,28.1001589825119,1,0.738891828391069
596,0.169160009682885,28.1471310883076,1,0.636918534716426
597,0.169886226095376,28.1941031941032,1,0.626472395785158
598,0.165528927620431,28.2410752998988,1,0.688043213900494
599,0.166061486322924,28.2880474056945,1,0.680688742887558
600,0.170467199225369,28.3350195114901,1,0.618079752727802
601,0.171338658920358,28.3819916172857,1,0.605444270388705
602,0.172500605180344,28.4289637230814,1,0.588539406762556
603,0.171919632050351,28.475935828877,1,0.596997738121825
604,0.170128298232873,28.5229079346727,1,0.622978946404356
605,0.170031469377875,28.5698800404683,1,0.624376952587587
606,0.17037037037037,28.6168521462639,1,0.619480464459642
607,0.170902929072864,28.6638242520596,1,0.611768074422136
608,0.171871217622852,28.7107963578552,1,0.597702143232498
609,0.174582425562818,28.7577684636508,1,0.558217940621625
610,0.176470588235294,28.8047405694465,1,0.530856854412973
611,0.177874606632777,28.8517126752421,1,0.51070703829479
612,0.177777777777778,28.8986847810377,1,0.512089628269738
613,0.177342047930283,28.9456568868334,1,0.51832503483631
614,0.177438876785282,28.992628992629,1,0.516937501682687
615,0.177438876785282,29.0396010984246,1,0.516937501682687
616,0.177535705640281,29.0865732042203,1,0.515551028646233
617,0.182716049382716,29.1335453100159,2,0.443472225680728
618,0.182086661825224,29.1805174158115,2,0.451963445845315
619,0.181505688695231,29.2274895216072,2,0.45987578870837
620,0.183248608085209,29.2744616274028,2,0.436355790811644
621,0.18557250060518,29.3214337331985,2,0.406095791846739
622,0.185427257322682,29.3684058389941,2,0.40794721251755
623,0.182764463810215,29.4153779447897,2,0.442822640694924
624,0.180053255870249,29.4623500505854,2,0.479944638661902
625,0.175550714112806,29.509322156381,1,0.544157806081607
626,0.172355361897846,29.5562942621766,1,0.590654791669072
627,0.16717501815541,29.6032663679723,1,0.665135379987123
628,0.162527233115468,29.6502384737679,1,0.728274964074064
629,0.160396998305495,29.6972105795635,1,0.755338288776051
630,0.161220043572985,29.7441826853592,1,0.745044209987383
631,0.16238198983297,29.7911547911548,1,0.730162594904524
632,0.163253449527959,29.8381268969504,1,0.718749732803766
633,0.16397966594045,29.8850990027461,1,0.709085397504096
634,0.166303558460421,29.9320711085417,1,0.677327109531624
635,0.165383684337933,29.9790432143373,1,0.690038782726023
636,0.161897845557976,30.026015320133,1,0.736411354319145
637,0.159961268458,30.0729874259286,1,0.760701197688589
638,0.158799322198015,30.1199595317243,1,0.774696074494837
639,0.157056402808037,30.1669316375199,1,0.79481351323274
640,0.156475429678044,30.2139037433155,1,0.801276512393198
641,0.157201646090535,30.2608758491112,1,0.793178492256256
642,0.159283466473009,30.3078479549068,1,0.768919930842388
643,0.162672476397967,30.3548200607024,1,0.726381442657678
644,0.163882837085451,30.4017921664981,1,0.710381709049732
645,0.161220043572985,30.4487642722937,1,0.745044209987383
646,0.160445412732994,30.4957363780893,1,0.75473864514719
647,0.15918663761801,30.542708483885,1,0.770081522329783
648,0.15758896151053,30.5896805896806,1,0.788781137633357
649,0.156669087388042,30.6366526954762,1,0.799135947518781
650,0.161074800290487,30.6836248012719,1,0.746876093979041
651,0.164996368917938,30.7305969070675,1,0.695338022266402
652,0.167755991285403,30.7775690128631,1,0.656935723327848
653,0.170031469377875,30.8245411186588,1,0.624376952587587
654,0.170709271362866,30.8715132244544,1,0.61457490170785
655,0.172645848462842,30.91848533025,1,0.586423631555168
656,0.175453885257807,30.9654574360457,1,0.545561467132599
657,0.176615831517792,31.0124295418413,1,0.528763074877226
658,0.174872912127814,31.059401647637,1,0.553994920474687
659,0.17516339869281,31.1063737534326,1,0.549775877104061
660,0.178116678770274,31.1533458592282,1,0.50725567807599
661,0.182231905107722,31.2003179650239,2,0.449996355481324
662,0.184846284192689,31.2472900708195,2,0.415407474737897
663,0.187073347857662,31.2942621766151,2,0.387294626531132
664,0.18799322198015,31.3412342824108,2,0.376078716002658
665,0.192156862745098,31.3882063882064,2,0.32841169397244
666,0.189832970225127,31.435178494002,2,0.354378498941858
667,0.187121762285161,31.4821505997977,2,0.3866983868158
668,0.186153473735173,31.5291227055933,2,0.398745784538695
669,0.185814572742677,31.5760948113889,2,0.403022402000715
670,0.182619220527717,31.6230669171846,2,0.444772953390688
671,0.175938029532801,31.6700390229802,1,0.538549511103649
672,0.170467199225369,31.7170111287758,1,0.618079752727802
673,0.168046477850399,31.7639832345715,1,0.65281631850595
674,0.16877269426289,31.8109553403671,1,0.642466082465502
675,0.169983054950375,31.8579274461628,1,0.625075645678857
676,0.172113289760349,31.9048995519584,1,0.594179330619286
677,0.174776083272815,31.951871657754,1,0.555402184585351
678,0.178068264342774,31.9988437635497,1,0.507945354841228
679,0.181021544420237,32.0458158693453,2,0.466521274664402
680,0.182135076252723,32.0927879751409,2,0.451307251669335
681,0.183635923505205,32.1397600809366,2,0.431221097446601
682,0.184507383200194,32.1867321867322,2,0.419798925365977
683,0.185378842895183,32.2337042925278,2,0.408565575805402
684,0.186105059307674,32.2806763983235,2,0.399354849540471
685,0.186201888162672,32.3276485041191,2,0.398137349646646
686,0.184749455337691,32.3746206099147,2,0.416659229401467
687,0.181457274267732,32.4215927157104,2,0.460538256328604
688,0.179084967320261,32.468564821506,2,0.493529260563065
689,0.176422173807795,32.5155369273016,1,0.531555201927227
690,0.17356572258533,32.5625090330973,1,0.573020220187811
691,0.170999757927863,32.6094811388929,1,0.610363749651759
692,0.170709271362866,32.6564532446885,1,0.61457490170785
693,0.172258533042847,32.7034253504842,1,0.592064788687141
694,0.173710965867829,32.7503974562798,1,0.570904213018804
695,0.173468893730332,32.7973695620755,1,0.574431029936843
696,0.172839506172839,32.8443416678711,1,0.583602140198944
697,0.174872912127814,32.8913137736667,1,0.553994920474687
698,0.176373759380295,32.9382858794624,1,0.532253755136199
699,0.177680948922779,32.985257985258,1,0.513473354937581
700,0.177680948922779,33.0322300910536,1,0.513473354937581
701,0.1759864439603,33.0792021968493,1,0.537849237496488
702,0.17279109174534,33.1261743026449,1,0.584307552491397
703,0.170515613652869,33.1731464084405,1,0.617379127122525
704,0.168724279835391,33.2201185142362,1,0.64315825090273
705,0.168046477850399,33.2670906200318,1,0.65281631850595
706,0.172597434035343,33.3140627258274,1,0.587128927985279
707,0.178600823045268,33.3610348316231,1,0.500376010583865
708,0.184458968772694,33.4080069374187,2,0.420428619759298
709,0.18876785282014,33.4549790432144,2,0.366821187194033
710,0.192883079157589,33.50195114901,2,0.320634896745338
711,0.198063422900024,33.5489232548056,2,0.269866526736669
712,0.202711207939966,33.5958953606013,2,0.231168176931728
713,0.201355603969983,33.6428674663969,2,0.241810672694389
714,0.205035100459937,33.6898395721925,2,0.214102878878637
715,0.207407407407407,33.7368116779882,2,0.198145812537618
716,0.208424110384895,33.7837837837838,2,0.191737369711643
717,0.21036068748487,33.8307558895794,2,0.180209107304799
718,0.210554345194868,33.8777279953751,2,0.179103656710303
719,0.210312273057371,33.9247001011707,2,0.180486789364071
720,0.210505930767369,33.9716722069663,2,0.17937922934263
721,0.20556765916243,34.018644312762,2,0.210395078149297
722,0.207601065117405,34.0656164185576,2,0.196905730340275
723,0.208617768094892,34.1125885243532,2,0.19054499975397
724,0.209876543209877,34.1595606301489,2,0.183009848483456
725,0.212200435729848,34.2065327359445,2,0.17004142705086
726,0.213265553134834,34.2535048417401,2,0.164486229058442
727,0.213168724279835,34.3004769475358,2,0.16498151792906
728,0.21437908496732,34.3474490533314,2,0.15892682063122
729,0.212345679012346,34.3944211591271,2,0.169269906351782
730,0.215298959089809,34.4413932649227,2,0.154518961262797
731,0.220672960542242,34.4883653707183,2,0.131826554753472
732,0.226918421689664,34.535337476514,2,0.111076008204233
733,0.232389251997095,34.5823095823096,2,0.0968755916610995
734,0.236262406197047,34.6292816881052,2,0.0886458135348375
735,0.240232389251997,34.6762537939009,2,0.0815257970826447
736,0.242992011619463,34.7232258996965,2,0.0772603357772578
737,0.245364318566933,34.7701980054921,2,0.0739930107794002
738,0.248462841926894,34.8171701112878,2,0.070228615938009
739,0.249527959331881,34.8641422170834,2,0.0690564033694356
740,0.244977003146938,34.911114322879,2,0.0745026714019405
741,0.237714839022029,34.9580864286747,2,0.0858970066897916
742,0.230549503752118,35.0050585344703,2,0.101288551394094
743,0.225901718712176,35.0520306402659,2,0.114095821698618
744,0.224061970467199,35.0990027460616,2,0.119898541319776
745,0.221544420237231,35.1459748518572,2,0.128597115416011
746,0.216751391914791,35.1929469576529,2,0.147885676808069
747,0.208908254659889,35.2399190634485,2,0.188773165367037
748,0.203631082062455,35.2868911692441,2,0.224238113646589
749,0.200338900992496,35.3338632750398,2,0.250136198481175
750,0.190898087630114,35.3808353808354,2,0.34227391285344
751,0.177729363350278,35.427807486631,1,0.512781350873396
752,0.169305252965384,35.4747795924267,1,0.634833738646012
753,0.162333575405471,35.5217516982223,1,0.730790485290856
754,0.155894456548051,35.5687238040179,1,0.807614814984019
755,0.146356814330671,35.6156959098136,1,0.893147853745818
756,0.136044541273299,35.6626680156092,1,0.949103088180778
757,0.123940934398451,35.7096401214048,1,0.980998561787126
758,0.110336480271121,35.7566122272005,1,0.994444225858557
759,0.0992495763737594,35.8035843329961,1,0.998125983187777
760,0.0940208182038247,35.8505564387917,1,0.998905253677688
761,0.0910191236988623,35.8975285445874,1,0.999201642661601
762,0.0959089808763011,35.944500650383,1,0.998668286790435
763,0.0980392156862745,35.9914727561787,1,0.998342919191906
764,0.0962962962962963,36.0384448619743,1,0.998614022769786
765,0.0991043330912612,36.0854169677699,1,0.998153363352223
766,0.10878721859114,36.1323890735656,1,0.995205856424086
767,0.119099491648511,36.1793611793612,1,0.987562682860679
768,0.124231420963447,36.2263332851568,1,0.980519106722685
769,0.136673928830792,36.2733053909525,1,0.946597804754986
770,0.137351730815783,36.3202774967481,1,0.943783169053105
771,0.142047930283224,36.3672496025437,1,0.920655500471448
772,0.148680706850641,36.4142217083394,1,0.875530180669646
773,0.150617283950617,36.461193814135,1,0.859278589024067
774,0.150568869523118,36.5081659199306,1,0.859702550674259
775,0.154442023723069,36.5551380257263,1,0.822904907623587
776,0.160154926167998,36.6021101315219,1,0.758325249650512
777,0.162091503267974,36.6490822373175,1,0.73391993448217
778,0.164996368917938,36.6960543431132,1,0.695338022266402
779,0.168046477850399,36.7430264489088,1,0.65281631850595
780,0.170854514645364,36.7899985547044,1,0.612470013869428
781,0.171483902202856,36.8369706605001,1,0.603334048023482
782,0.173904623577826,36.8839427662957,1,0.568083389530643
783,0.178939724037763,36.9309148720914,2,0.495579675991364
784,0.184168482207698,36.977886977887,2,0.42421894270173
785,0.189639312515129,37.0248590836826,2,0.356615845108731
786,0.191624304042605,37.0718311894783,2,0.334217484048781
787,0.192737835875091,37.1188032952739,2,0.322177285892361
788,0.19360929557008,37.1657754010695,2,0.313020428686501
789,0.19356088114258,37.2127475068652,2,0.313523001432762
790,0.194771241830065,37.2597196126608,2,0.301175622855985
791,0.197046719922537,37.3066917184564,2,0.279182730865665
792,0.198934882595013,37.3536638242521,2,0.262128782784877
793,0.201500847252481,37.4006359300477,2,0.240645545924781
794,0.20159767610748,37.4476080358433,2,0.239872133989414
795,0.200387315419995,37.494580141639,2,0.24973296737916
796,0.196610990075042,37.5415522474346,2,0.283271417006629
797,0.192108448317599,37.5885243532302,2,0.328935904803805
798,0.188913096102639,37.6354964590259,2,0.365104793405523
799,0.186928104575163,37.6824685648215,2,0.389087252891817
800,0.185717743887679,37.7294406706172,2,0.404249903279907
801,0.189203582667635,37.7764127764128,2,0.361690552683474
802,0.186492374727669,37.8233848822084,2,0.394500040706735
803,0.183345436940208,37.8703569880041,2,0.43506884265295
804,0.179908012587751,37.9173290937997,2,0.481972512849205
805,0.176180101670298,37.9643011995953,1,0.535049966979913
806,0.171871217622852,38.011273305391,1,0.597702143232498
807,0.170515613652869,38.0582454111866,1,0.617379127122525
808,0.171048172355362,38.1052175169822,1,0.609661370788087
809,0.1679980634229,38.1521896227779,1,0.653503748571414
810,0.169789397240378,38.1991617285735,1,0.627868276371997
811,0.171677559912854,38.2461338343691,1,0.600518879973371
812,0.172839506172839,38.2931059401648,1,0.583602140198944
813,0.172258533042847,38.3400780459604,1,0.592064788687141
814,0.171822803195352,38.387050151756,1,0.598406463195864
815,0.172887920600339,38.4340222575517,1,0.5828967069258
816,0.17443718228032,38.4809943633473,1,0.560330735234952
817,0.184216896635197,38.527966469143,2,0.423585782851693
818,0.187557492132656,38.5749385749386,2,0.381361737635645
819,0.191382231905108,38.6219106807342,2,0.336885127627226
820,0.193367223432583,38.6688827865299,2,0.315540521520798
821,0.191575889615105,38.7158548923255,2,0.334749582834461
822,0.188090050835149,38.7628269981211,2,0.374912063934505
823,0.188090050835149,38.8097991039168,2,0.374912063934505
824,0.189445654805132,38.8567712097124,2,0.358864334171487
825,0.192641007020092,38.903743315508,2,0.323209151196564
826,0.189058339385137,38.9507154213037,2,0.363394575320421
827,0.189784555797628,38.9976875270993,2,0.354936788675833
828,0.190559186637618,39.0446596328949,2,0.346088332853083
829,0.188864681675139,39.0916317386906,2,0.365676239473096
830,0.190171871217623,39.1386038444862,2,0.350490071604556
831,0.19278625030259,39.1855759502818,2,0.32166243484261
832,0.193706124425079,39.2325480560775,2,0.31201745231623
833,0.19680464778504,39.2795201618731,2,0.281447081645442
834,0.201984991527475,39.3264922676687,2,0.236805090173619
835,0.20077463083999,39.3734643734644,2,0.24653160214311
836,0.195739530380053,39.42043647926,2,0.291622816534751
837,0.195787944807553,39.4674085850557,2,0.291152744148266
838,0.199467441297507,39.5143806908513,2,0.257511517025426
839,0.203485838779956,39.5613527966469,2,0.22531690039255
840,0.2079883805374,39.6083249024426,2,0.194453107495779
841,0.212248850157347,39.6552970082382,2,0.169783756842865
842,0.210990075042363,39.7022691140338,2,0.176647044634948
843,0.209150326797386,39.7492412198295,2,0.187311852202733
844,0.2079883805374,39.7962133256251,2,0.194453107495779
845,0.20401839748245,39.8431854314207,2,0.221389362220473
846,0.200532558702493,39.8901575372164,2,0.248527360428486
847,0.200193657709998,39.937129643012,2,0.251349986085456
848,0.201791333817478,39.9841017488076,2,0.238333301537808
849,0.212587751149843,40.0310738546033,2,0.167993933725702
850,0.217719680464779,40.0780459603989,2,0.143676820976876
851,0.221931735657226,40.1250180661945,2,0.127198855380114
852,0.224933430162188,40.1719901719902,2,0.117094134472347
853,0.227886710239651,40.2189622777858,2,0.108317614625462
854,0.228370854514645,40.2659343835815,2,0.106980062565758
855,0.227499394819656,40.3129064893771,2,0.109407491475995
856,0.227741466957153,40.3598785951727,2,0.108724235004773
857,0.224110384894699,40.4068507009684,2,0.119740045832194
858,0.226531106269668,40.453822806764,2,0.112211227281208
859,0.229048656499637,40.5007949125596,2,0.105152831270497
860,0.230985233599613,40.5477670183553,2,0.100211960985996
861,0.233454369402082,40.5947391241509,2,0.0944745135394176
862,0.235294117647059,40.6417112299465,2,0.0905766838470033
863,0.232679738562092,40.6886833357422,2,0.0962098810511727
864,0.229097070927136,40.7356554415378,2,0.105024306626204
865,0.230452674897119,40.7826275473334,2,0.101530510405805
866,0.231856693294602,40.8295996531291,2,0.0981176893966498
867,0.233163882837085,40.8765717589247,2,0.095118551296987
868,0.235487775357056,40.9235438647204,2,0.0901840317355899
869,0.237472766884532,40.970515970516,2,0.0863431949629463
870,0.239603001694505,41.0174880763116,2,0.0825738084960091
871,0.241394335511983,41.0644601821073,2,0.0796658491934731
872,0.242895182764464,41.1114322879029,2,0.0774012820643963
873,0.243766642459453,41.1584043936985,2,0.0761546050377546
874,0.242895182764464,41.2053764994942,2,0.0774012820643963
875,0.241394335511983,41.2523486052898,2,0.0796658491934731
876,0.239796659404503,41.2993207110854,2,0.0822482473084668
877,0.240087145969499,41.3462928168811,2,0.0817650752906721
878,0.240910191236989,41.3932649226767,2,0.0804292226841753
879,0.238344226579521,41.4402370284723,2,0.0847586834670263
880,0.234664730089567,41.487209134268,2,0.091875646043219
881,0.232437666424595,41.5341812400636,2,0.0967640660404679
882,0.231953522149601,41.5811533458592,2,0.0978897514782493
883,0.229678044057129,41.6281254516549,2,0.103502369891223
884,0.228419268942145,41.6750975574505,2,0.106847804155646
885,0.229726458484628,41.7220696632461,2,0.103377223211992
886,0.229726458484628,41.7690417690418,2,0.103377223211992
887,0.226627935124667,41.8160138748374,2,0.111925687064489
888,0.224546114742193,41.862985980633,2,0.118327926999621
889,0.22319051077221,41.9099580864287,2,0.122806930801479
890,0.227644638102154,41.9569301922243,2,0.108996701541647
891,0.229290728637134,42.00390229802,2,0.104512831597862
892,0.225804889857177,42.0508744038156,2,0.114390204748803
893,0.224061970467199,42.0978465096112,2,0.119898541319776
894,0.223626240619705,42.1448186154069,2,0.12133951501044
895,0.217961752602275,42.1917907212025,2,0.142650416107234
896,0.210651174049867,42.2387628269981,2,0.178554086588778
897,0.206342290002421,42.2857349327938,2,0.205132959765009
898,0.201646090534979,42.3327070385894,2,0.239486427903126
899,0.19603001694505,42.379679144385,2,0.288813170526447
900,0.191914790607601,42.4266512501807,2,0.331039930086372
901,0.187363834422658,42.4736233559763,2,0.383727003777265
902,0.182812878237715,42.5205954617719,2,0.442173577451907
903,0.181408859840232,42.5675675675676,2,0.461201192056203
904,0.18077947228274,42.6145396733632,2,0.469860982178638
905,0.17438876785282,42.6615117791589,1,0.561035169877066
906,0.17037037037037,42.7084838849545,1,0.619480464459642
907,0.166836117162915,42.7554559907501,1,0.669892709043199
908,0.16397966594045,42.8024280965458,1,0.709085397504096
909,0.162043088840474,42.8494002023414,1,0.734543807828862
910,0.160203340595497,42.896372308137,1,0.757729364707863
911,0.160203340595497,42.9433444139327,1,0.757729364707863
912,0.161171629145485,42.9903165197283,1,0.745655554907105
913,0.168724279835391,43.0372886255239,1,0.64315825090273
914,0.174582425562818,43.0842607313196,1,0.558217940621625
915,0.180440571290244,43.1312328371152,2,0.474554895656705
916,0.18562091503268,43.1782049429108,2,0.40547987919682
917,0.189881384652626,43.2251770487065,2,0.353820908079501
918,0.192398934882595,43.2721491545021,2,0.325801424948339
919,0.195110142822561,43.3191212602977,2,0.297799313863456
920,0.199273783587509,43.3660933660934,2,0.259180803814454
921,0.197821350762527,43.413065471889,2,0.272056334733999
922,0.20159767610748,43.4600375776847,2,0.239872133989414
923,0.205277172597434,43.5070096834803,2,0.212408329674676
924,0.203340595497458,43.5539817892759,2,0.226401447261185
925,0.199080125877512,43.6009538950716,2,0.260861190100905
926,0.197821350762527,43.6479260008672,2,0.272056334733999
927,0.199419026870007,43.6948981066628,2,0.257927799894566
928,0.199419026870007,43.7418702124585,2,0.257927799894566
929,0.198257080610022,43.7888423182541,2,0.268127373702648
930,0.201549261679981,43.8358144240497,2,0.240258506452285
931,0.208230452674897,43.8827865298454,2,0.192938717846142
932,0.213991769547325,43.929758635641,2,0.160832328862469
933,0.217526022754781,43.9767307414366,2,0.144505306928642
934,0.221641249092229,44.0237028472323,2,0.128245439676736
935,0.226143790849673,44.0706749530279,2,0.113365076931956
936,0.228854998789639,44.1176470588235,2,0.105669568617831
937,0.22803195352215,44.1646191646192,2,0.107913476778618
938,0.227596223674655,44.2115912704148,2,0.109133352299263
939,0.227547809247156,44.2585633762104,2,0.109270282098175
940,0.228322440087146,44.3055354820061,2,0.107112591548944
941,0.228709755507141,44.3525075878017,2,0.106059906624645
942,0.230501089324619,44.3994796935973,2,0.101409406618679
943,0.231711450012104,44.446451799393,2,0.0984613637041738
944,0.232437666424595,44.4934239051886,2,0.0967640660404679
945,0.234906802227064,44.5403960109843,2,0.0913718791327001
946,0.231372549019608,44.5873681167799,2,0.0992715822613929
947,0.229048656499637,44.6343402225755,2,0.105152831270497
948,0.228612926652142,44.6813123283712,2,0.106321465841608
949,0.231663035584604,44.7282844341668,2,0.0985763949396612
950,0.233986928104575,44.7752565399624,2,0.0933143785753226
951,0.234616315662067,44.8222286457581,2,0.0919770299207242
952,0.234519486807069,44.8692007515537,2,0.0921804313897825
953,0.232679738562092,44.9161728573493,2,0.0962098810511727
954,0.227693052529654,44.963144963145,2,0.108860329288698
955,0.224497700314694,45.0101170689406,2,0.118483561637375
956,0.226046961994674,45.0570891747362,2,0.11365648405784
957,0.227450980392157,45.1040612805319,2,0.109544980971326
958,0.227354151537158,45.1510333863275,2,0.109820802473853
959,0.229678044057129,45.1980054921232,2,0.103502369891223
960,0.232389251997095,45.2449775979188,2,0.0968755916610995
961,0.233793270394578,45.2919497037144,2,0.0937331867698331
962,0.235536189784556,45.3389218095101,2,0.0900863796264535
963,0.237375938029533,45.3858939153057,2,0.0865229889336097
964,0.239603001694505,45.4328660211013,2,0.0825738084960091
965,0.242023723069475,45.479838126897,2,0.0786976943335032
966,0.245461147421932,45.5268102326926,2,0.0738670025827008
967,0.249770031469378,45.5737823384882,2,0.0687982485377097
968,0.252916969256839,45.6207544442839,2,0.0657071379336576
969,0.254514645364319,45.6677265500795,2,0.0643162526823644
970,0.255482933914306,45.7146986558751,2,0.0635283756149718
971,0.255386105059308,45.7616707616708,2,0.0636053387299141
972,0.254514645364319,45.8086428674664,2,0.0643162526823644
973,0.251851851851852,45.855614973262,2,0.0666996725186472
974,0.248366013071895,45.9025870790577,2,0.0703381638194343
975,0.244880174291939,45.9495591848533,2,0.0746315034126891
976,0.242943597191963,45.996531290649,2,0.0773307323155565
977,0.245412732994432,46.0435033964446,2,0.0739299367017808
978,0.242992011619463,46.0904755022402,2,0.0772603357772578
979,0.239845073832002,46.1374476080359,2,0.0821672891554233
980,0.237860082304527,46.1844197138315,2,0.0856315401502041
981,0.236988622609538,46.2313918196271,2,0.087249771411761
982,0.237037037037037,46.2783639254228,2,0.0871582542484302
983,0.237133865892036,46.3253360312184,2,0.0869757954585435
984,0.236698136044541,46.372308137014,2,0.087802926067237
985,0.23916727184701,46.4192802428097,2,0.0833165214220308
986,0.241007020091987,46.4662523486053,2,0.0802752346931157
987,0.243815056886952,46.5132244544009,2,0.0760867714643924
988,0.248462841926894,46.5601965601966,2,0.070228615938009
989,0.253546356814331,46.6071686659922,2,0.0651454339046463
990,0.258775114984265,46.6541407717878,2,0.0611431969359395
991,0.263277656741709,46.7011128775835,2,0.0585600001310527
992,0.266085693536674,46.7480849833791,2,0.0573132728510419
993,0.26797385620915,46.7950570891747,2,0.0566225031707804
994,0.27121762285161,46.8420291949704,2,0.0557005545385142
995,0.271508109416606,46.889001300766,2,0.0556339006472139
996,0.271411280561607,46.9359734065617,2,0.0556558322081668
997,0.273686758654079,46.9829455123573,2,0.0552155043659894
998,0.272960542241588,47.0299176181529,2,0.0553390805545261
999,0.269910433309126,47.0768897239486,2,0.0560325857017192
1000,0.269281045751634,47.1238618297442,2,0.0562113563972922
1001,0.272427983539095,47.1708339355398,2,0.0554397719292978
1002,0.270442992011619,47.2178060413355,2,0.0558909476979354
1003,0.267925441781651,47.2647781471311,2,0.0566387743389411
1004,0.266860324376664,47.3117502529267,2,0.0570158420659689
1005,0.268845315904139,47.3587223587224,2,0.0563423961534468
1006,0.269281045751634,47.405694464518,2,0.0562113563972922
1007,0.263616557734205,47.4526665703136,2,0.0583952114149126
1008,0.256402808036795,47.4996386761093,2,0.0628170763419162
1009,0.251464536431857,47.5466107819049,2,0.0670739643579579
1010,0.24957637375938,47.5935828877005,2,0.0690045308212446
1011,0.245848462841927,47.6405549934962,2,0.0733685389590731
1012,0.242507867344469,47.6875270992918,2,0.0779712288917874
1013,0.240329218106996,47.7344992050875,2,0.0813671272404876
1014,0.237714839022029,47.7814713108831,2,0.0858970066897916
1015,0.232098765432099,47.8284434166787,2,0.0975496029798407
1016,0.226870007262164,47.8754155224744,2,0.111216901480272
1017,0.229968530622125,47.92238762827,2,0.102755325235121
1018,0.228225611232147,47.9693597340656,2,0.107378463323206
1019,0.225175502299685,48.0163318398613,2,0.116333111358062
1020,0.22241587993222,48.0633039456569,2,0.125482376837554
1021,0.221157104817236,48.1102760514525,2,0.130018031030905
1022,0.220430888404745,48.1572481572482,2,0.132744501710814
1023,0.219801500847252,48.2042202630438,2,0.135174606728199
1024,0.219656257564754,48.2511923688394,2,0.135744427487157
1025,0.222851609779714,48.2981644746351,2,0.123966825982841
1026,0.224255628177197,48.3451365804307,2,0.119266478719942
1027,0.225998547567175,48.3921086862263,2,0.113802632441742
1028,0.226192205277173,48.439080792022,2,0.113219817054118
1029,0.225369160009683,48.4860528978176,2,0.115729824938044
1030,0.224497700314694,48.5330250036133,2,0.118483561637375
1031,0.224546114742193,48.5799971094089,2,0.118327926999621
1032,0.224642943597192,48.6269692152045,2,0.118017601692204
1033,0.225223916727185,48.6739413210002,2,0.116181830508087
1034,0.225998547567175,48.7209134267958,2,0.113802632441742
1035,0.226773178407165,48.7678855325914,2,0.111499550212771
1036,0.226773178407165,48.8148576383871,2,0.111499550212771
1037,0.226773178407165,48.8618297441827,2,0.111499550212771
1038,0.226579520697168,48.9088018499783,2,0.112068311903328
1039,0.227886710239651,48.955773955774,2,0.108317614625462
1040,0.228612926652142,49.0027460615696,2,0.106321465841608
1041,0.22720890825466,49.0497181673652,2,0.110236649130746
1042,0.22716049382716,49.0966902731609,2,0.110375830697043
1043,0.227693052529654,49.1436623789565,2,0.108860329288698
1044,0.229097070927136,49.1906344847521,2,0.105024306626204
1045,0.230646332607117,49.2376065905478,2,0.101047584718092
1046,0.230936819172113,49.2845786963434,2,0.100330600583644
1047,0.229484386347131,49.331550802139,2,0.10400553004366
1048,0.228516097797144,49.3785229079347,2,0.106584096971832
1049,0.225320745582183,49.4254950137303,2,0.11588018788306
1050,0.22081820382474,49.472467119526,2,0.131280184782186
1051,0.21442749939482,49.5194392253216,2,0.158690718582662
1052,0.209005083514887,49.5664113311172,2,0.188186986732833
1053,0.205228758169935,49.6133834369129,2,0.212746011248215
1054,0.201936577099976,49.6603555427085,2,0.237186149546245
1055,0.198160251755023,49.7073276485041,2,0.268995541749923
1056,0.196272089082547,49.7542997542998,2,0.286491557627281
1057,0.192060033890099,49.8012718600954,2,0.32946083408668
1058,0.185427257322682,49.848243965891,2,0.40794721251755
1059,0.1760348583878,49.8952160716867,1,0.537149143345546
1060,0.166158315177923,49.9421881774823,1,0.679345453711521
1061,0.158121520213023,49.9891602832779,1,0.782647143044459
1062,0.154490438150569,50.0361323890736,1,0.82240817486838
1063,0.151391914790608,50.0831044948692,1,0.852371247536983
1064,0.147664003873154,50.1300766006649,1,0.88348739051073
1065,0.149552166545631,50.1770487064605,1,0.86839590564228
1066,0.148099733720649,50.2240208122561,1,0.880125125178408
1067,0.144904381505689,50.2709929180518,1,0.903146990126049
1068,0.143742435245703,50.3179650238474,1,0.910605917750925
1069,0.145921084483176,50.364937129643,1,0.896227800659144
1070,0.149019607843137,50.4119092354387,1,0.872790355387552
1071,0.150520455095619,50.4588813412343,1,0.86012560206845
1072,0.149068022270637,50.5058534470299,1,0.872395361895666
1073,0.155507141128056,50.5528255528256,1,0.811770261112591
1074,0.15521665456306,50.5997976586212,1,0.814849740473393
1075,0.155894456548051,50.6467697644168,1,0.807614814984019
1076,0.158799322198015,50.6937418702125,1,0.774696074494837
1077,0.161994674412975,50.7407139760081,1,0.735167003741826
1078,0.16480271120794,50.7876860818037,1,0.69797515606377
1079,0.167368675865408,50.8346581875994,1,0.662408190968403
1080,0.169402081820382,50.881630293395,1,0.633442590316571
1081,0.169305252965384,50.9286023991906,1,0.634833738646012
1082,0.168336964415396,50.9755745049863,1,0.64868475358339
1083,0.169353667392883,51.0225466107819,1,0.634138290783328
1084,0.170079883805374,51.0695187165776,1,0.623678051757276
1085,0.170467199225369,51.1164908223732,1,0.618079752727802
1086,0.169692568385379,51.1634629281688,1,0.629263261759041
1087,0.166884531590414,51.2104350339645,1,0.669214309283228
1088,0.162139917695473,51.2574071397601,1,0.733295385950669
1089,0.152408617768095,51.3043792455557,1,0.842950736561427
1090,0.149455337690632,51.3513513513514,1,0.869203010922559
1091,0.143887678528201,51.398323457147,1,0.90969926467079
1092,0.137061244250787,51.4452955629426,1,0.945004484078255
1093,0.130718954248366,51.4922676687383,1,0.966547409739429
1094,0.128201404018397,51.5392397745339,1,0.972779117480667
1095,0.129363350278383,51.5862118803295,1,0.970044189253797
1096,0.131106269668361,51.6331839861252,1,0.96548429011024
1097,0.126603727910917,51.6801560919208,1,0.976175518946755
1098,0.12718470104091,51.7271281977164,1,0.974987101084053
1099,0.131348341805858,51.7741003035121,1,0.964804832942554
1100,0.134204793028322,51.8210724093077,1,0.955857066254468
1101,0.133672234325829,51.8680445151033,1,0.957661470551712
1102,0.133526991043331,51.915016620899,1,0.958142330691714
1103,0.130186395545873,51.9619887266946,1,0.967961993651577
1104,0.124086177680949,52.0089608324903,1,0.980760186102237
1105,0.112321471798596,52.0559329382859,1,0.993303383078826
1106,0.110917453401114,52.1029050440815,1,0.994130606619598
1107,0.110530137981118,52.1498771498772,1,0.99434146379381
1108,0.112563543936093,52.1968492556728,1,0.9931502486764
1109,0.118809005083515,52.2438213614684,1,0.987881003853923
1110,0.125829097070927,52.2907934672641,1,0.97768117651447
1111,0.131541999515856,52.3377655730597,1,0.964252826218031
1112,0.134592108448318,52.3847376788553,1,0.954503307373045
1113,0.134640522875817,52.431709784651,1,0.954331591813362
1114,0.13677075768579,52.4786818904466,1,0.946203202173152
1115,0.136431856693295,52.5256539962422,1,0.947573543533722
1116,0.133865892035827,52.5726261020379,1,0.957012867458463
1117,0.132655531348342,52.6195982078335,1,0.960928931969299
1118,0.133672234325829,52.6665703136292,1,0.957661470551712
1119,0.136916000968289,52.7135424194248,1,0.945606649147514
1120,0.140692326313241,52.7605145252204,1,0.928018209907273
1121,0.149987896393125,52.8074866310161,1,0.86471916479451
1122,0.154587267005568,52.8544587368117,1,0.821412015449971
1123,0.160590656015493,52.9014308426073,1,0.752935245552272
1124,0.164366981360445,52.948402948403,1,0.703877147982716
1125,0.168288549987896,52.9953750541986,1,0.649374163625841
1126,0.17361413701283,53.0423471599942,1,0.572314853653059
1127,0.176373759380295,53.0893192657899,1,0.532253755136199
1128,0.173856209150327,53.1362913715855,1,0.568788530331277
1129,0.167949648995401,53.1832634773811,1,0.654190837735805
1130,0.168336964415396,53.2302355831768,1,0.648684753583391
1131,0.16959573953038,53.2772076889724,1,0.630657326291747
1132,0.171241830065359,53.324179794768,1,0.606850487507381
1133,0.173178407165335,53.3711519005637,1,0.578663845164391
1134,0.174727668845316,53.4181240063593,1,0.556105974715416
1135,0.175792786250303,53.4650961121549,1,0.540651379203742
1136,0.175647542967804,53.5120682179506,1,0.542754756134062
1137,0.179423868312757,53.5590403237462,2,0.488757490466064
1138,0.184168482207698,53.6060124295419,2,0.42421894270173
1139,0.191479060760107,53.6529845353375,2,0.335815925968456
1140,0.201791333817478,53.6999566411331,2,0.238333301537808
1141,0.211619462599855,53.7469287469288,2,0.173172522713963
1142,0.216170418784798,53.7939008527244,2,0.150492039798842
1143,0.217380779472283,53.84087295852,2,0.145130996856842
1144,0.218445896877269,53.8878450643157,2,0.140627934007759
1145,0.224691358024691,53.9348171701113,2,0.117862909824404
1146,0.225223916727185,53.9817892759069,2,0.116181830508087
1147,0.227305737109659,54.0287613817026,2,0.109959135563186
1148,0.231663035584604,54.0757334874982,2,0.0985763949396612
1149,0.235584604212055,54.1227055932938,2,0.0899889311076769
1150,0.238150568869523,54.1696776990895,2,0.0851056173780925
1151,0.239941902687001,54.2166498048851,2,0.0820058891834298
1152,0.239699830549504,54.2636219106807,2,0.0824106815457952
1153,0.238634713144517,54.3105940164764,2,0.0842437495714026
1154,0.236359235052046,54.357566122272,2,0.0884571297092742
1155,0.233648027112079,54.4045382280677,2,0.0940495813453461
1156,0.231614621157105,54.4515103338633,2,0.0986916635019364
1157,0.231566206729605,54.4984824396589,2,0.0988071698485486
1158,0.229193899782135,54.5454545454546,2,0.104768045413651
1159,0.224400871459695,54.5924266512502,2,0.118795777883866
1160,0.21999515855725,54.6393987570458,2,0.134420140757562
1161,0.211280561607359,54.6863708628415,2,0.175032649468694
1162,0.208424110384895,54.7333429686371,2,0.191737369711643
1163,0.202953280077463,54.7803150744327,2,0.229321878308162
1164,0.19520697167756,54.8272871802284,2,0.29684115188278
1165,0.188138465262648,54.874259286024,2,0.374329746004568
1166,0.181844589687727,54.9212313918196,2,0.455251797806008
1167,0.178068264342774,54.9682034976153,1,0.507945354841228
1168,0.176325344952796,55.0151756034109,1,0.532952511147248
1169,0.176567417090293,55.0621477092065,1,0.52946078800999
1170,0.174340353425321,55.1091198150022,1,0.561739684253536
1171,0.170660856935367,55.1560919207978,1,0.615276210056943
1172,0.162769305252965,55.2030640265935,1,0.725115853839399
1173,0.154199951585573,55.2500361323891,1,0.825375080013649
1174,0.148535463568143,55.2970082381847,1,0.876690958405217
1175,0.138174776083273,55.3439803439804,1,0.940197461667871
1176,0.125780682643428,55.390952449776,1,0.977772374014336
1177,0.11440329218107,55.4379245555716,1,0.991875740822657
1178,0.105107722101186,55.4848966613673,1,0.996641769526893
1179,0.0962478818687969,55.5318687671629,1,0.998620918344889
1180,0.0968288549987896,55.5788408729585,1,0.998535988499688
1181,0.103364802711208,55.6258129787542,1,0.997170859246447
1182,0.107576857903655,55.6727850845498,1,0.995731795129452
1183,0.111788913096103,55.7197571903454,1,0.993629149124906
1184,0.116630355846042,55.7667292961411,1,0.990040088532851
1185,0.113192931493585,55.8137014019367,1,0.992736747489592
1186,0.108641975308642,55.8606735077323,1,0.995272022112414
1187,0.104720406681191,55.907645613528,1,0.996766801818512
1188,0.104333091261196,55.9546177193236,1,0.996887456157262
1189,0.104429920116195,56.0015898251192,1,0.996857695176643
1190,0.1039941902687,56.0485619309149,1,0.996989549032794
1191,0.103848946986202,56.0955340367105,1,0.997032333296654
1192,0.104333091261196,56.1425061425062,1,0.996887456157262
1193,0.111401597676107,56.1894782483018,1,0.993856747063926
1194,0.105833938513677,56.2364503540974,1,0.99639502214144
1195,0.102444928588719,56.2834224598931,1,0.997417478284201
1196,0.10157346889373,56.3303945656887,1,0.997632343460409
1197,0.0993464052287582,56.3773666714843,1,0.998107517495787
1198,0.0956184943113048,56.42433877728,1,0.998707659470495
1199,0.0957153231663036,56.4713108830756,1,0.99869465924629
1200,0.0986686032437666,56.5182829888712,1,0.9982332570977
1201,0.0937303316388284,56.5652550946669,1,0.998937956177596
1202,0.0912611958363592,56.6122272004625,1,0.999180897401088
1203,0.0895666908738804,56.6591993062581,1,0.999316016739466
1204,0.089276204308884,56.7061714120538,1,0.999336940931291
1205,0.0903413217138707,56.7531435178494,1,0.999257109105034
1206,0.0917453401113532,56.800115623645,1,0.99913786253888
1207,0.095521665456306,56.8470877294407,1,0.998720537148309
1208,0.0998789639312515,56.8940598352363,1,0.998002850404939
1209,0.110142822561123,56.941031941032,1,0.994545246751046
1210,0.118954248366013,56.9880040468276,1,0.9877227899945
1211,0.12878237714839,57.0349761526232,1,0.97144077317676
1212,0.136044541273299,57.0819482584189,1,0.949103088180778
1213,0.140643911885742,57.1289203642145,1,0.928270422329487
1214,0.142096344710724,57.1758924700101,1,0.920381620142032
1215,0.143936092955701,57.2228645758058,1,0.909395428992249
1216,0.146598886468168,57.2698366816014,1,0.891406693692468
1217,0.156136528685548,57.316808787397,1,0.804989119268286
1218,0.160203340595497,57.3637808931927,1,0.757729364707863
1219,0.16959573953038,57.4107529989883,1,0.630657326291747
1220,0.179084967320261,57.4577251047839,2,0.493529260563065
1221,0.183539094650206,57.5046972105796,2,0.432501482059032
1222,0.1840232389252,57.5516693163752,2,0.426121848035908
1223,0.182473977245219,57.5986414221709,2,0.446727910977507
1224,0.179327039457758,57.6456135279665,2,0.490119029714138
1225,0.180053255870249,57.6925856337621,2,0.479944638661902
1226,0.179520697167756,57.7395577395578,2,0.487397439787989
1227,0.179908012587751,57.7865298453534,2,0.481972512849205
1228,0.181457274267732,57.833501951149,2,0.460538256328604
1229,0.186008230452675,57.8804740569447,2,0.400574864919303
1230,0.192641007020092,57.9274461627403,2,0.323209151196564
1231,0.199031711450012,57.9744182685359,2,0.261283024668205
1232,0.202953280077463,58.0213903743316,2,0.229321878308162
1233,0.209343984507383,58.0683624801272,2,0.186152687708769
1234,0.213798111837328,58.1153345859228,2,0.161796292898353
1235,0.216509319777294,58.1623066917185,2,0.148964164546396
1236,0.216364076494795,58.2092787975141,2,0.149616385776646
1237,0.214960058097313,58.2562509033097,2,0.156123852288356
1238,0.210554345194868,58.3032230091054,2,0.179103656710303
1239,0.207843137254902,58.350195114901,2,0.195368555792451
1240,0.208375695957395,58.3971672206966,2,0.192036863015894
1241,0.197724521907528,58.4441393264923,2,0.272937204486875
1242,0.19520697167756,58.4911114322879,2,0.29684115188278
1243,0.188186879690148,58.5380835380836,2,0.373748101320301
1244,0.18077947228274,58.5850556438792,2,0.469860982178638
1245,0.177971435487775,58.6320277496748,1,0.509325606645045
1246,0.177051561365287,58.6789998554705,1,0.522493773269475
1247,0.177971435487775,58.7259719612661,1,0.509325606645045
1248,0.179133381747761,58.7729440670617,2,0.49284649488831
1249,0.182764463810215,58.8199161728574,2,0.442822640694924
1250,0.185669329460179,58.866888278653,2,0.404864582565938
1251,0.189929799080126,58.9138603844486,2,0.353264016676938
1252,0.19443234083757,58.9608324902443,2,0.304587334765764
1253,0.197482449770031,59.0078045960399,2,0.275151772081771
1254,0.201936577099976,59.0547767018355,2,0.237186149546245
1255,0.20716533526991,59.1017488076312,2,0.19970892771171
1256,0.210796417332365,59.1487209134268,2,0.177733657043828
1257,0.219559428709756,59.1956930192224,2,0.13612620954286
1258,0.219946744129751,59.2426651250181,2,0.134608192011451
1259,0.218591140159768,59.2896372308137,2,0.140028989503456
1260,0.217961752602275,59.3366093366093,2,0.142650416107234
1261,0.217526022754781,59.383581442405,2,0.144505306928642
1262,0.215298959089809,59.4305535482006,2,0.154518961262797
1263,0.211909949164851,59.4775256539963,2,0.171597928646618
1264,0.211135318324861,59.5244977597919,2,0.175837527076389
1265,0.212152021302348,59.5714698655875,2,0.170299594976614
1266,0.215444202372307,59.6184419713832,2,0.153837871417831
1267,0.218106995884774,59.6654140771788,2,0.142039446025252
1268,0.218978455579763,59.7123861829744,2,0.138449182282366
1269,0.220576131687243,59.7593582887701,2,0.132192630583238
1270,0.222512708787219,59.8063303945657,2,0.125143208610142
1271,0.222609537642217,59.8533025003613,2,0.124805404166023
1272,0.220334059549746,59.900274606157,2,0.133114262018066
1273,0.225272331154684,59.9472467119526,2,0.116030856211581
1274,0.222948438634713,59.9942188177482,2,0.123633754488115
1275,0.222512708787219,60.0411909235439,2,0.125143208610142
1276,0.223626240619705,60.0881630293395,2,0.12133951501044
1277,0.226046961994674,60.1351351351352,2,0.11365648405784
1278,0.22716049382716,60.1821072409308,2,0.110375830697043
1279,0.227257322682159,60.2290793467264,2,0.110097750934303
1280,0.227257322682159,60.2760514525221,2,0.110097750934303
1281,0.227741466957153,60.3230235583177,2,0.108724235004773
1282,0.22962962962963,60.3699956641133,2,0.103627773417657
1283,0.232244008714597,60.416967769909,2,0.0972115537354568
1284,0.234761558944565,60.4639398757046,2,0.0916735099874385
1285,0.237375938029533,60.5109119815002,2,0.0865229889336097
1286,0.238344226579521,60.5578840872959,2,0.0847586834670263
1287,0.236988622609538,60.6048561930915,2,0.087249771411761
1288,0.23519728879206,60.6518282988871,2,0.0907742415706446
1289,0.234132171387073,60.6988004046828,2,0.0930025462919534
1290,0.23442265795207,60.7457725104784,2,0.0923846805071998
1291,0.232534495279593,60.792744616274,2,0.0965417047457633
1292,0.231082062454611,60.8397167220697,2,0.0999754127694937
1293,0.230259017187122,60.8866888278653,2,0.102017420789522
1294,0.22720890825466,60.9336609336609,2,0.110236649130746
1295,0.21999515855725,60.9806330394566,2,0.134420140757562
1296,0.211909949164851,61.0276051452522,2,0.171597928646618
1297,0.198983297022513,61.0745772510479,2,0.261705555403284
1298,0.186686032437666,61.1215493568435,2,0.392087922375527
1299,0.172355361897846,61.1685214626391,1,0.590654791669072
1300,0.158073105785524,61.2154935684348,1,0.783208932790491
1301,0.14238683127572,61.2624656742304,1,0.918722206631174
1302,0.12878237714839,61.309437780026,1,0.97144077317676
1303,0.115032679738562,61.3564098858217,1,0.99139154622427
1304,0.102832244008715,61.4033819916173,1,0.99731621009639
1305,0.0937787460663278,61.4503540974129,1,0.998932570802977
1306,0.088162672476398,61.4973262032086,1,0.999411652212553
1307,0.0824981844589688,61.5442983090042,1,0.999683205607344
1308,0.0782861292665214,61.5912704147998,1,0.999802428074215
1309,0.0769789397240378,61.6382425205955,1,0.999829705707238
1310,0.0820624546114742,61.6852146263911,1,0.999698166151193
1311,0.0960542241587993,61.7321867321867,1,0.998648177593724
1312,0.109997579278625,61.7791588379824,1,0.994619885985477
1313,0.123456790123457,61.826130943778,1,0.981773953047523
1314,0.131638828370855,61.8731030495737,1,0.963973981153396
1315,0.141757443718228,61.9200751553693,1,0.922282763667433
1316,0.149503752118131,61.9670472611649,1,0.868799909812639
1317,0.157201646090535,62.0140193669606,1,0.793178492256256
1318,0.167320261437909,62.0609914727562,1,0.663090567276135
1319,0.178068264342774,62.1079635785518,1,0.507945354841228
1320,0.185814572742677,62.1549356843475,2,0.403022402000715
1321,0.189009924957637,62.2019077901431,2,0.363963960593855
1322,0.195061728395062,62.2488798959387,2,0.298279477453425
1323,0.203340595497458,62.2958520017344,2,0.226401447261185
1324,0.209779714354878,62.34282410753,2,0.183576411415817
1325,0.213943355119826,62.3897962133256,2,0.161072615695857
1326,0.217090292907286,62.4367683191213,2,0.146393585944151
1327,0.220479302832244,62.4837404249169,2,0.132560176107685
1328,0.223577826192205,62.5307125307125,2,0.121501247167476
1329,0.224110384894699,62.5776846365082,2,0.119740045832194
1330,0.227015250544662,62.6246567423038,2,0.110795081075216
1331,0.228709755507141,62.6716288480995,2,0.106059906624645
1332,0.229968530622125,62.7186009538951,2,0.102755325235121
1333,0.232728152989591,62.7655730596907,2,0.0960997295935117
1334,0.23602033405955,62.8125451654864,2,0.0891209924004227
1335,0.238489469862019,62.859517271282,2,0.084500400052915
1336,0.241200677801985,62.9064893770776,2,0.0799692334588813
1337,0.242943597191963,62.9534614828733,2,0.0773307323155565
1338,0.244347615589446,63.0004335886689,2,0.0753503355203839
1339,0.24483175986444,63.0474056944645,2,0.0746961333176289
1340,0.244541273299443,63.0943778002602,2,0.075086923208264
1341,0.243960300169451,63.1413499060558,2,0.0758841597929025
1342,0.244347615589446,63.1883220118514,2,0.0753503355203839
1343,0.246138949406923,63.2352941176471,2,0.0730004848832508
1344,0.247930283224401,63.2822662234427,2,0.0708373954652338
1345,0.25039941902687,63.3292383292383,2,0.0681410489378619
1346,0.250641491164367,63.376210435034,2,0.0678935991236589
1347,0.252432824981845,63.4231825408296,2,0.0661516739143992
1348,0.254659888646817,63.4701546466252,2,0.0641954675200954
1349,0.256112321471799,63.5171267524209,2,0.0630378439958255
1350,0.256548051319293,63.5640988582165,2,0.0627080126560201
1351,0.254466230936819,63.6110709640122,2,0.0643567206948127
1352,0.252916969256839,63.6580430698078,2,0.0657071379336576
1353,0.253255870249334,63.7050151756034,2,0.0654024269178524
1354,0.249431130476882,63.7519872813991,2,0.0691605122240352
1355,0.245993706124425,63.7989593871947,2,0.073183895119029
1356,0.244589687726943,63.8459314929903,2,0.0750214319063283
1357,0.241491164366981,63.892903598786,2,0.0795151324543802
1358,0.235826676349552,63.9398757045816,2,0.0895047288486651
1359,0.232534495279593,63.9868478103772,2,0.0965417047457633
1360,0.232873396272089,64.0338199161729,2,0.0957706384144747
1361,0.227112079399661,64.0807920219685,2,0.110515296178715
1362,0.229920116194626,64.1277641277642,2,0.102879195083051
1363,0.232340837569596,64.1747362335598,2,0.096987347854357
1364,0.231566206729605,64.2217083393554,2,0.0988071698485486
1365,0.228225611232147,64.268680445151,2,0.107378463323206
1366,0.225369160009683,64.3156525509467,2,0.115729824938044
1367,0.227015250544662,64.3626246567423,2,0.110795081075216
1368,0.229920116194626,64.409596762538,2,0.102879195083051
1369,0.226918421689664,64.4565688683336,2,0.111076008204233
1370,0.226966836117163,64.5035409741292,2,0.110935401586041
1371,0.229774872912128,64.5505130799249,2,0.103252332885049
1372,0.233890099249576,64.5974851857205,2,0.0935233481721604
1373,0.238295812152021,64.6444572915161,2,0.0848451424004969
1374,0.241926894214476,64.6914293973118,2,0.0788448810470052
1375,0.245170660856935,64.7384015031074,2,0.0742467115792119
1376,0.247300895666909,64.785373608903,2,0.0715768555631728
1377,0.24720406681191,64.8323457146987,2,0.0716925694011726
1378,0.249963689179375,64.8793178204943,2,0.0685938894744955
1379,0.254901960784314,64.9262899262899,2,0.0639962128123155
1380,0.25921084483176,64.9732620320856,2,0.06086004445643
1381,0.264342774146696,65.0202341378812,2,0.0580554892485416
1382,0.26961994674413,65.0672062436768,2,0.0561135575889496
1383,0.27363834422658,65.1141783494725,2,0.0552232516466891
1384,0.275090777051561,65.1611504552681,2,0.0550211843014848
1385,0.272573226821593,65.2081225610637,2,0.0554114628233572
1386,0.275623335754055,65.2550946668594,2,0.0549627571621458
1387,0.274993948196563,65.302066772655,2,0.0550327078528473
1388,0.271895424836601,65.3490388784507,2,0.0555490312003925
1389,0.270442992011619,65.3960109842463,2,0.0558909476979354
1390,0.267538126361656,65.4429830900419,2,0.0567716516085031
1391,0.262841926894214,65.4899551958376,2,0.0587777802587953
1392,0.25916243040426,65.5369273016332,2,0.0608911426564739
1393,0.251512950859356,65.5838994074288,2,0.0670267820066821
1394,0.247785039941903,65.6308715132245,2,0.071006102533683
1395,0.243379327039458,65.6778436190201,2,0.0767026461391192
1396,0.238441055434519,65.7248157248157,2,0.0845863126343121
1397,0.233793270394578,65.7717878306114,2,0.0937331867698331
1398,0.228370854514645,65.818759936407,2,0.106980062565758
1399,0.222125393367223,65.8657320422026,2,0.126508115756086
1400,0.218155410312273,65.9127041479983,2,0.141836597088256
1401,0.210941660614863,65.9596762537939,2,0.176917918717016
1402,0.209489227789881,66.0066483595895,2,0.185289047003084
1403,0.209392398934883,66.0536204653852,2,0.185864262862839
1404,0.209198741224885,66.1005925711808,2,0.187021239684263
1405,0.21036068748487,66.1475646769765,2,0.180209107304799
1406,0.210941660614863,66.1945367827721,2,0.176917918717016
1407,0.211909949164851,66.2415088885677,2,0.171597928646618
1408,0.213023480997337,66.2884809943634,2,0.165728065591279
1409,0.215395787944808,66.335453100159,2,0.154064455648836
1410,0.216606148632292,66.3824252059546,2,0.148531491078008
1411,0.219656257564754,66.4293973117503,2,0.135744427487157
1412,0.224546114742193,66.4763694175459,2,0.118327926999621
1413,0.228080367949649,66.5233415233415,2,0.107779313362442
1414,0.230791575889615,66.5703136291372,2,0.100687986982378
1415,0.235245703219559,66.6172857349328,2,0.0906753597436156
1416,0.238973614137013,66.6642578407284,2,0.0836511975220915
1417,0.238053740014524,66.7112299465241,2,0.0852801859498516
1418,0.238634713144517,66.7582020523197,2,0.0842437495714026
1419,0.240958605664488,66.8051741581153,2,0.0803521461557566
1420,0.244492858871944,66.852146263911,2,0.0751525589648694
1421,0.248269184216897,66.8991183697066,2,0.0704482160811842
1422,0.252481239409344,66.9460904755023,2,0.0661067274251692
1423,0.256886952311789,66.9930625812979,2,0.0624569281040788
1424,0.261679980634229,67.0400346870935,2,0.0593914972861422
1425,0.263035584604212,67.0870067928892,2,0.0586801649275664
1426,0.268990559186638,67.1339788986848,2,0.0562980519284335
1427,0.274219317356572,67.1809510044804,2,0.0551348991337564
1428,0.276252723311547,67.2279231102761,2,0.0549044876282803
1429,0.278915516824014,67.2748952160717,2,0.0547865444291678
1430,0.28322440087146,67.3218673218673,2,0.0550353091708846
1431,0.286710239651416,67.368839427663,2,0.0556387549245245
1432,0.287388041636408,67.4158115334586,2,0.0557987464566711
1433,0.288211086903897,67.4627836392542,2,0.0560120283128057
1434,0.288695231178891,67.5097557450499,2,0.056147307858212
1435,0.290680222706367,67.5567278508455,2,0.0567791834391963
1436,0.294117647058824,67.6036999566412,2,0.0581767067034588
1437,0.295763737593803,67.6506720624368,2,0.0589882269633173
1438,0.296538368433793,67.6976441682324,2,0.0594033332441315
1439,0.297119341563786,67.744616274028,2,0.059728935065194
1440,0.29837811667877,67.7915883798237,2,0.0604772608239478
1441,0.295473251028807,67.8385604856193,2,0.0588380979534701
1442,0.293004115226337,67.885532591415,2,0.0576807941849147
1443,0.289034132171387,67.9325046972106,2,0.0562463635492409
1444,0.284434761558945,67.9794768030062,2,0.0552035958920127
1445,0.28157831033648,68.0264489088019,2,0.0548759766356454
1446,0.277995642701525,68.0734210145975,2,0.0548038256049447
1447,0.27441297506657,68.1203931203931,2,0.0551076816770034
1448,0.272040668119099,68.1673652261888,2,0.0555183808948765
1449,0.26637618010167,68.2143373319844,2,0.0571994261126355
1450,0.264245945291697,68.26130943778,2,0.0580997372202525
1451,0.260856935366739,68.3082815435757,2,0.0598557732273485
1452,0.258242556281772,68.3552536493713,2,0.0614993412626956
1453,0.258048898571774,68.402225755167,2,0.0616316229542182
1454,0.259791817961753,68.4491978609626,2,0.0604938859142008
1455,0.259646574679254,68.4961699667582,2,0.0605842156360444
1456,0.258726700556766,68.5431420725538,2,0.0611751140459258
1457,0.261002178649237,68.5901141783495,2,0.0597720350184377
1458,0.263422900024207,68.6370862841451,2,0.0584888860584266
1459,0.266182522391673,68.6840583899408,2,0.0572750146543595
1460,0.266811909949165,68.7310304957364,2,0.0570338554370318
1461,0.264681675139191,68.778002601532,2,0.057903142910964
1462,0.265553134834181,68.8249747073277,2,0.057529249472759
1463,0.269474703461632,68.8719468131233,2,0.0561550311455363
1464,0.271943839264101,68.9189189189189,2,0.055538743285921
1465,0.268990559186638,68.9658910247146,2,0.0562980519284335
1466,0.271362866134108,69.0128631305102,2,0.0556669053305289
1467,0.271120793996611,69.0598352363058,2,0.0557233459442126
1468,0.269716775599129,69.1068073421015,2,0.0560862746578451
1469,0.269523117889131,69.1537794478971,2,0.0561411333398333
1470,0.270830307431615,69.2007515536927,2,0.055793445028105
1471,0.273154199951586,69.2477236594884,2,0.0553045812182727
1472,0.27596223674655,69.294695765284,2,0.0549299321370353
1473,0.279738562091503,69.3416678710797,2,0.0547920433316384
1474,0.284531590413943,69.3886399768753,2,0.0552189427292411
1475,0.288211086903897,69.4356120826709,2,0.0560120283128057
1476,0.288356330186396,69.4825841884666,2,0.0560518451603196
1477,0.288114258048899,69.5295562942622,2,0.0559858480403078
1478,0.287630113773905,69.5765284000578,2,0.0558593043250327
1479,0.28477366255144,69.6235005058535,2,0.0552585357131144
1480,0.281675139191479,69.6704726116491,2,0.0548831416832144
1481,0.284676833696442,69.7174447174447,2,0.0552424882277374
1482,0.281868796901477,69.7644168232404,2,0.0548982978953624
1483,0.279496489954006,69.811388929036,2,0.0547883711025356
1484,0.277075768579037,69.8583610348316,2,0.0548458573627329
1485,0.274945533769063,69.9053331406273,2,0.0550385736633433
1486,0.27281529895909,69.9523052464229,2,0.0553656946664268
1487,0.269426289034132,69.9992773522185,2,0.0561690023041294
1488,0.265117404986686,70.0462494580142,2,0.0577129988645843
1489,0.264681675139191,70.0932215638098,2,0.057903142910964
1490,0.260953764221738,70.1401936696055,2,0.0597998611958195
1491,0.257032195594287,70.1871657754011,2,0.0623507678017526
1492,0.256402808036795,70.2341378811967,2,0.0628170763419162
1493,0.257467925441782,70.2811099869923,2,0.0620374525654628
1494,0.258339385136771,70.328082092788,2,0.0614337575203383
1495,0.258048898571774,70.3750541985836,2,0.0616316229542182
1496,0.256644880174292,70.4220263043793,2,0.0626357899887545
1497,0.255386105059308,70.4689984101749,2,0.0636053387299141
1498,0.254805131929315,70.5159705159705,2,0.0640756075087779
1499,0.254078915516824,70.5629426217662,2,0.0646841999494316
1500,0.253013798111837,70.6099147275618,2,0.0656195377483785
1501,0.250931977729363,70.6568868333574,2,0.067600510190673
1502,0.2479786976519,70.7038589391531,2,0.0707814160887575
1503,0.243669813604454,70.7508310449487,2,0.0762907182957928
1504,0.241103848946986,70.7978031507443,2,0.0801219057555052
1505,0.239312515129509,70.84477525654,2,0.0830673714371814
1506,0.236649721617042,70.8917473623356,2,0.0878957972027448
1507,0.23442265795207,70.9387194681313,2,0.0923846805071997
1508,0.233454369402082,70.9856915739269,2,0.0944745135394176
1509,0.233163882837085,71.0326636797225,2,0.095118551296987
1510,0.234083756959574,71.0796357855181,2,0.093106274656602
1511,0.23602033405955,71.1266078913138,2,0.0891209924004227
1512,0.237666424594529,71.1735799971094,2,0.0859858690009161
1513,0.235681433067054,71.2205521029051,2,0.0897946432935377
1514,0.240426046961995,71.2675242087007,2,0.0812091336488814
1515,0.247833454369402,71.3144963144963,2,0.0709497384717113
1516,0.253352699104333,71.361468420292,2,0.0653163350043654
1517,0.256257564754297,71.4084405260876,2,0.0629270188952076
1518,0.259791817961753,71.4554126318832,2,0.0604938859142008
1519,0.265068990559187,71.5023847376789,2,0.0577338091951798
1520,0.270442992011619,71.5493568434745,2,0.0558909476979354
1521,0.272960542241588,71.5963289492701,2,0.0553390805545261
1522,0.271556523844106,71.6433010550658,2,0.0556230421306326
1523,0.273347857661583,71.6902731608614,2,0.0552712071150049
1524,0.277027354151537,71.737245266657,2,0.0548487560467137
1525,0.279738562091503,71.7842173724527,2,0.0547920433316384
1526,0.282304526748971,71.8311894782483,2,0.0549364307369062
1527,0.283466473008957,71.878161584044,2,0.0550654867135529
1528,0.282352941176471,71.9251336898396,2,0.0549410126257124
1529,0.280900508351489,71.9721057956352,2,0.0548335227249169
1530,0.28080367949649,72.0190779014309,2,0.0548285570546455
1531,0.279883805374001,72.0660500072265,2,0.05479506879507
1532,0.279254417816509,72.1130221130221,2,0.0547864113678608
1533,0.278867102396514,72.1599942188178,2,0.0547868374053576
1534,0.27838295812152,72.2069663246134,2,0.0547935346209335
1535,0.276640038731542,72.253938430409,2,0.0548744200872066
1536,0.274606632776567,72.3009105362047,2,0.0550815782867877
1537,0.278673444686517,72.3478826420003,2,0.0547886942628414
1538,0.278044057129024,72.3948547477959,2,0.0548022993461076
1539,0.277463083999032,72.4418268535916,2,0.0548251403692831
1540,0.277027354151537,72.4887989593872,2,0.0548487560467137
1541,0.277124183006536,72.5357710651828,2,0.0548430273811976
1542,0.277995642701525,72.5827431709785,2,0.0548038256049447
1543,0.278479786976519,72.6297152767741,2,0.0547916471321233
1544,0.278963931251513,72.6766873825698,2,0.0547863199458171
1545,0.275816993464052,72.7236594883654,2,0.0549435856824375
1546,0.275623335754055,72.770631594161,2,0.0549627571621458
1547,0.276252723311547,72.8176036999566,2,0.0549044876282803
1548,0.275913822319051,72.8645758057523,2,0.0549344142978943
1549,0.27358992979908,72.9115479115479,2,0.0552310689657424
1550,0.270152505446623,72.9585200173436,2,0.0559671147720961
1551,0.267392883079158,73.0054921231392,2,0.056822725653889
1552,0.267005567659162,73.0524642289348,2,0.0569622603045406
1553,0.268990559186638,73.0994363347305,2,0.0562980519284335
1554,0.270685064149116,73.1464084405261,2,0.0558294668691122
1555,0.27039457758412,73.1933805463217,2,0.055903460920756
1556,0.268942144759138,73.2403526521174,2,0.056312759402965
1557,0.269281045751634,73.287324757913,2,0.0562113563972922
1558,0.270927136286613,73.3342968637086,2,0.0557697908584352
1559,0.269087388041636,73.3812689695043,2,0.0562688585180238
1560,0.265068990559187,73.4282410752999,2,0.0577338091951798
1561,0.264584846284193,73.4752131810956,2,0.0579462711090871
1562,0.260953764221738,73.5221852868912,2,0.0597998611958195
1563,0.260856935366739,73.5691573926868,2,0.0598557732273485
1564,0.261389494069233,73.6161294984825,2,0.0595525283583485
1565,0.261825223916727,73.6631016042781,2,0.059312131023579
1566,0.264730089566691,73.7100737100737,2,0.0578816982971116
1567,0.26957153231663,73.7570458158694,2,0.0561273088374169
1568,0.27039457758412,73.804017921665,2,0.055903460920756
1569,0.270539820866618,73.8509900274606,2,0.0558661384415212
1570,0.273105785524086,73.8979621332563,2,0.0553131004863519
1571,0.274655047204067,73.9449342390519,2,0.0550752263374049
1572,0.276107480029049,73.9919063448475,2,0.0549168995905981
1573,0.277850399419027,74.0388784506432,2,0.054808815727636
1574,0.277705156136529,74.0858505564388,2,0.0548144229955756
1575,0.277898813846526,74.1328226622344,2,0.0548070837899522
1576,0.279496489954006,74.1797947680301,2,0.0547883711025356
1577,0.279786976519003,74.2267668738257,2,0.0547929833026723
1578,0.280271120793997,74.2737389796213,2,0.0548061520382545
1579,0.280900508351489,74.320711085417,2,0.0548335227249169
1580,0.284241103848947,74.3676831912126,2,0.0551737416288792
1581,0.288743645606391,74.4146552970083,2,0.0561612382947935
1582,0.28961510530138,74.4616274028039,2,0.0564245827645492
1583,0.291309610263859,74.5085995085995,2,0.0570058764053584
1584,0.294504962478819,74.5555716143952,2,0.0583591457304548
1585,0.293343016218833,74.6025437201908,2,0.057827266970033
1586,0.292713628661341,74.6495158259864,2,0.0575583213916518
1587,0.290244492858872,74.6964879317821,2,0.0566297334601141
1588,0.285693536673929,74.7434600375777,2,0.0554250182381757
1589,0.283030743161462,74.7904321433733,2,0.0550124159752792
1590,0.281384652626483,74.837404249169,2,0.0548624721508555
1591,0.279980634229,74.8843763549646,2,0.0547974283795404
1592,0.277366255144033,74.9313484607602,2,0.0548299076686021
1593,0.27121762285161,74.9783205665559,2,0.0557005545385142
1594,0.268845315904139,75.0252926723515,2,0.0563423961534468
1595,0.264052287581699,75.0722647781471,2,0.0581891979085179
1596,0.258145727426773,75.1192368839428,2,0.0615652960825882
1597,0.253449527959332,75.1662089897384,2,0.0652306710963521
1598,0.249285887194384,75.2131810955341,2,0.0693175878890811
1599,0.247058823529412,75.2601532013297,2,0.0718671255049069
1600,0.245122246429436,75.3071253071253,2,0.0743104891326204
1601,0.241878479786977,75.354097412921,2,0.0789187129740389
1602,0.240232389251997,75.4010695187166,2,0.0815257970826447
1603,0.23916727184701,75.4480416245122,2,0.0833165214220308
1604,0.237908496732026,75.4950137303079,2,0.0855434235997135
1605,0.237037037037037,75.5419858361035,2,0.0871582542484302
1606,0.238198983297023,75.5889579418991,2,0.0850186090126929
1607,0.240183974824498,75.6359300476948,2,0.0816053863789422
1608,0.241926894214476,75.6829021534904,2,0.0788448810470052
1609,0.241249092229484,75.729874259286,2,0.079893142800041
1610,0.242314209634471,75.7768463650817,2,0.0782599305878656
1611,0.243088840474461,75.8238184708773,2,0.0771200012314146
1612,0.242459452916969,75.8707905766729,2,0.0780431700335514
1613,0.240910191236989,75.9177626824686,2,0.0804292226841753
1614,0.240474461389494,75.9647347882642,2,0.0811303896684107
1615,0.244299201161946,76.0117068940599,2,0.0754165516563785
1616,0.248462841926894,76.0586789998555,2,0.070228615938009
1617,0.245848462841927,76.1056511056511,2,0.0733685389590731
1618,0.249431130476882,76.1526232114468,2,0.0691605122240352
1619,0.254950375211813,76.1995953172424,2,0.0639566686113149
1620,0.25998547567175,76.246567423038,2,0.0603746927223037
1621,0.264245945291697,76.2935395288337,2,0.0580997372202525
1622,0.265649963689179,76.3405116346293,2,0.0574892792478138
1623,0.267005567659162,76.3874837404249,2,0.0569622603045406
1624,0.267489711934156,76.4344558462206,2,0.0567886006505035
1625,0.26957153231663,76.4814279520162,2,0.0561273088374169
1626,0.271023965141612,76.5284000578118,2,0.0557464246080203
1627,0.27276688453159,76.5753721636075,2,0.0553747070819788
1628,0.27363834422658,76.6223442694031,2,0.0552232516466891
1629,0.275042362624062,76.6693163751987,2,0.0550269114057337
1630,0.277656741709029,76.7162884809944,2,0.0548164292585348
1631,0.281820382473977,76.76326058679,2,0.0548944055446618
1632,0.286080852093924,76.8102326925856,2,0.0555027449486586
1633,0.289518276446381,76.8572047983813,2,0.0563941389167006
1634,0.291115952553861,76.9041769041769,2,0.0569347560088135
1635,0.292423142096345,76.9511490099726,2,0.0574386705457955
1636,0.290873880416364,76.9981211157682,2,0.0568475682834371
1637,0.287533284918906,77.0450932215638,2,0.0558348645862793
1638,0.283272815298959,77.0920653273595,2,0.055041205850002
1639,0.279786976519003,77.1390374331551,2,0.0547929833026723
1640,0.278189300411523,77.1860095389507,2,0.0547981318402731
1641,0.277027354151537,77.2329816447464,2,0.0548487560467137
1642,0.274751876059066,77.279953750542,2,0.0550627309581323
1643,0.271895424836601,77.3269258563376,2,0.0555490312003925
1644,0.270152505446623,77.3738979621333,2,0.0559671147720961
1645,0.267634955216655,77.4208700679289,2,0.0567379801400552
1646,0.264342774146696,77.4678421737245,2,0.0580554892485416
1647,0.261534737351731,77.5148142795202,2,0.0594716288541105
1648,0.259888646816751,77.5617863853158,2,0.0604341116217466
1649,0.253449527959332,77.6087584911114,2,0.0652306710963521
1650,0.248656499636892,77.6557305969071,2,0.0700110265986202
1651,0.237521181312031,77.7027027027027,2,0.086253581257521
1652,0.226821592834665,77.7496748084984,2,0.111358081965629
1653,0.217187121762285,77.796646914294,2,0.145971055358035
1654,0.208327281529896,77.8436190200896,2,0.19233691826664
1655,0.200387315419995,77.8905911258853,2,0.24973296737916
1656,0.189251997095134,77.9375632316809,2,0.361123925222313
1657,0.173178407165335,77.9845353374765,1,0.578663845164391
1658,0.162914548535464,78.0315074432722,1,0.723212656318883
1659,0.154490438150569,78.0784795490678,1,0.82240817486838
1660,0.151682401355604,78.1254516548634,1,0.849720767590276
1661,0.149213265553135,78.1724237606591,1,0.871204985603445
1662,0.147857661583152,78.2193958664547,1,0.882001897024121
1663,0.153280077463084,78.2663679722503,1,0.834555764048342
1664,0.161316872427984,78.313340078046,1,0.74381937973415
1665,0.170709271362866,78.3603121838416,1,0.61457490170785
1666,0.180585814572743,78.4072842896372,2,0.472540641201851
1667,0.195158557250061,78.4542563954329,2,0.297319872049649
1668,0.207262164124909,78.5012285012285,2,0.199081941047828
1669,0.213894940692326,78.5482006070242,2,0.161313371451953
1670,0.217090292907286,78.5951727128198,2,0.146393585944151
1671,0.221302348099734,78.6421448186154,2,0.129482511169729
1672,0.22561123214718,78.6891169244111,2,0.114982570579093
1673,0.226870007262164,78.7360890302067,2,0.111216901480272
1674,0.233454369402082,78.7830611360023,2,0.0944745135394176
1675,0.241975308641975,78.830033241798,2,0.0787712082631837
1676,0.248269184216897,78.8770053475936,2,0.0704482160811842
1677,0.253062212539337,78.9239774533892,2,0.065575899952647
1678,0.259791817961753,78.9709495591849,2,0.0604938859142008
1679,0.269135802469136,79.0179216649805,2,0.0562543724778476
1680,0.27678528201404,79.0648937707761,2,0.0548642803704268
1681,0.276688453159041,79.1118658765718,2,0.0548709713943713
1682,0.279593318809005,79.1588379823674,2,0.0547896344800694
1683,0.284241103848947,79.205810088163,2,0.0551737416288792
1684,0.286129266521423,79.2527821939587,2,0.0555127800556076
1685,0.28399903171145,79.2997542997543,2,0.0551379955294218
1686,0.282595013313968,79.3467264055499,2,0.0549649579861856
1687,0.281820382473977,79.3936985113456,2,0.0548944055446618
1688,0.280174291938998,79.4406706171412,2,0.0548029699619706
1689,0.281723553618978,79.4876427229369,2,0.0548868274519856
1690,0.284289518276446,79.5346148287325,2,0.0551811003348413
1691,0.2879690147664,79.5815869345281,2,0.0559471231369122
1692,0.292229484386347,79.6285590403238,2,0.0573604633842271
1693,0.293972403776325,79.6755311461194,2,0.0581096245571995
1694,0.29358508835633,79.722503251915,2,0.0579342695901355
1695,0.291406439118857,79.7694753577107,2,0.057041894742004
1696,0.289082546598886,79.8164474635063,2,0.0562608086702846
1697,0.287339627208908,79.8634195693019,2,0.0557868513026774
1698,0.283708545146454,79.9103916750976,2,0.0550974012542419
1699,0.28162672476398,79.9573637808932,2,0.0548795247486971
1700,0.279738562091503,80.0043358866888,2,0.0547920433316384
1701,0.277075768579037,80.0513079924845,2,0.0548458573627329
1702,0.276494795449044,80.0982800982801,2,0.0548851790362076
1703,0.277027354151537,80.1452522040757,2,0.0548487560467137
1704,0.276930525296538,80.1922243098714,2,0.0548547595632399
1705,0.277366255144033,80.239196415667,2,0.0548299076686021
1706,0.278286129266521,80.2861685214627,2,0.0547956961801334
1707,0.280658436213992,80.3331406272583,2,0.0548216233385528
1708,0.281529895908981,80.3801127330539,2,0.0548724973315147
1709,0.279544904381506,80.4270848388496,2,0.0547889685406006
1710,0.279399661099007,80.4740569446452,2,0.0547873817224161
1711,0.279302832244009,80.5210290504408,2,0.0547866663257284
1712,0.278867102396514,80.5680011562365,2,0.0547868374053576
1713,0.27441297506657,80.6149732620321,2,0.0551076816770034
1714,0.276882110869039,80.6619453678277,2,0.0548578644170068
1715,0.278818687969015,80.7089174736234,2,0.0547871988754219
1716,0.279302832244009,80.755889579419,2,0.0547866663257284
1717,0.278528201404018,80.8028616852146,2,0.0547908061556268
1718,0.278092471556524,80.8498337910103,2,0.0548008416357769
1719,0.279060760106512,80.8968058968059,2,0.0547860764547029
1720,0.280077463083999,80.9437780026015,2,0.0548000620894325
1721,0.280852093923989,80.9907501083972,2,0.0548310055648053
1722,0.282546598886468,81.0377222141928,2,0.0549600307358339
1723,0.286613410796417,81.0846943199885,2,0.0556170457538382
1724,0.290341321713871,81.1316664257841,2,0.0566624177037481
1725,0.291648511256354,81.1786385315797,2,0.057133280975175
1726,0.289421447591382,81.2256106373754,2,0.0563639918974641
1727,0.285984023238925,81.272582743171,2,0.0554828877898796
1728,0.284337932703946,81.3195548489666,2,0.0551885289297587
1729,0.284337932703946,81.3665269547623,2,0.0551885289297587
1730,0.282062454611474,81.4134990605579,2,0.0549145563179149
1731,0.281868796901477,81.4604711663535,2,0.0548982978953624
1732,0.282982328733963,81.5074432721492,2,0.0550068659553048
1733,0.285451464536432,81.5544153779448,2,0.0553787396750035
1734,0.288937303316388,81.6013874837404,2,0.0562176942928126
1735,0.290873880416364,81.6483595895361,2,0.0568475682834371
1736,0.29043815056887,81.6953316953317,2,0.0566954026165556
1737,0.288598402323893,81.7423038011273,2,0.0561196669115647
1738,0.290050835148874,81.789275906923,2,0.0565652651116434
1739,0.288646816751392,81.8362480127186,2,0.0561334507469543
1740,0.284434761558945,81.8832201185142,2,0.0552035958920127
1741,0.281433067053982,81.9301922243099,2,0.0548657451010555
1742,0.277850399419027,81.9771643301055,2,0.054808815727636
1743,0.273444686516582,82.0241364359012,2,0.0552549414313996
1744,0.271508109416606,82.0711085416968,2,0.0556339006472139
1745,0.264488017429194,82.1180806474924,2,0.0579897184543706
1746,0.261002178649237,82.1650527532881,2,0.0597720350184377
1747,0.253788428951828,82.2120248590837,2,0.0649341994114267
1748,0.243572984749455,82.2589969648793,2,0.0764274281405584
1749,0.232486080852094,82.305969070675,2,0.0966527705494083
1750,0.223723069474703,82.3529411764706,2,0.121017029394634
1751,0.219123698862261,82.3999132822662,2,0.137863216243328
1752,0.217090292907286,82.4468853880619,2,0.146393585944151
1753,0.216945049624788,82.4938574938575,2,0.147030525254865
1754,0.218494311304769,82.5408295996532,2,0.140427888486107
1755,0.221447591382232,82.5878017054488,2,0.12895020710934
1756,0.224594529169693,82.6347738112444,2,0.118172607217755
1757,0.226143790849673,82.68174591704,2,0.113365076931956
1758,0.225853304284677,82.7287180228357,2,0.114242863713455
1759,0.22478818687969,82.7756901286313,2,0.117554464672828
1760,0.222803195352215,82.822662234427,2,0.124133866124573
1761,0.221980150084725,82.8696343402226,2,0.127025649021375
1762,0.219268942144759,82.9166064460182,2,0.137280744842722
1763,0.215686274509804,82.9635785518139,2,0.152711605161265
1764,0.211861534737352,83.0105506576095,2,0.171859099848369
1765,0.20639070442992,83.0575227634051,2,0.204809172671883
1766,0.200968288549988,83.1044948692008,2,0.244947181371744
1767,0.197966594045025,83.1514669749964,2,0.27074033195031
1768,0.197337206487533,83.198439080792,2,0.276489025561535
1769,0.200290486564996,83.2454111865877,2,0.250540111590398
1770,0.202469135802469,83.2923832923833,2,0.233030755411888
1771,0.210602759622367,83.3393553981789,2,0.178828609397286
1772,0.220382473977245,83.3863275039746,2,0.132929196786009
1773,0.225272331154684,83.4332996097702,2,0.116030856211581
1774,0.226724763979666,83.4802717155658,2,0.111641306775159
1775,0.226143790849673,83.5272438213615,2,0.113365076931956
1776,0.225272331154684,83.5742159271571,2,0.116030856211581
1777,0.222706366497216,83.6211880329528,2,0.124468958375435
1778,0.216315662067296,83.6681601387484,2,0.149834652153416
1779,0.206729605422416,83.715132244544,2,0.202559271817643
1780,0.196707818930041,83.7621043503397,2,0.282357819635894
1781,0.18639554587267,83.8090764561353,2,0.395709935588947
1782,0.17763253449528,83.8560485619309,1,0.514165637741
1783,0.171871217622852,83.9030206677266,1,0.597702143232498
1784,0.169644153957879,83.9499927735222,1,0.629960410734534
1785,0.16562575647543,83.9969648793178,1,0.686710364238002
1786,0.167901234567901,84.0439369851135,1,0.65487758289345
1787,0.168143306705398,84.0909090909091,1,0.651440448113582
1788,0.164221738077947,84.1378811967047,1,0.705834508764147
1789,0.158605664488017,84.1848533025004,1,0.776984085157231
1790,0.150762527233115,84.231825408296,1,0.858001240286315
1791,0.140643911885742,84.2787975140917,1,0.928270422329487
1792,0.132219801500847,84.3257696198873,1,0.962260479974154
1793,0.120503510045994,84.3727417256829,1,0.985913296600115
1794,0.108932461873638,84.4197138314785,1,0.995138826886932
1795,0.0977003146937787,84.4666859372742,1,0.998399273631157
1796,0.095763737593803,84.5136580430698,1,0.99868811283906
1797,0.0982328733962721,84.5606301488655,1,0.998309880905863
1798,0.101912369886226,84.6076022546611,1,0.997550865324221
1799,0.107286371338659,84.6545743604567,1,0.995849729374003
1800,0.112854030501089,84.7015464662524,1,0.992962195836619
1801,0.125296538368434,84.748518572048,1,0.978666063578056
1802,0.128152989590898,84.7954906778436,1,0.972888080595545
1803,0.133720648753328,84.8424627836393,1,0.957500121340135
1804,0.138513677075769,84.8894348894349,1,0.938665996487746
1805,0.142096344710724,84.9364069952305,1,0.920381620142032
1806,0.147567175018155,84.9833791010262,1,0.884224844187822
1807,0.154732510288066,85.0303512068218,1,0.819911050185367
1808,0.160639070442992,85.0773233126175,1,0.75233262920538
1809,0.166932946017913,85.1242954184131,1,0.668535498277954
1810,0.171629145485355,85.1712675242087,1,0.601222827114423
1811,0.177148390220286,85.2182396300043,1,0.5211031929076
1812,0.181166787702735,85.2652117358,2,0.464522818135488
1813,0.185185185185185,85.3121838415956,2,0.411045107661215
1814,0.191091745340111,85.3591559473913,2,0.340109855485581
1815,0.198305495037521,85.4061280531869,2,0.267694344987138
1816,0.202469135802469,85.4531001589825,2,0.233030755411888
1817,0.207601065117405,85.5000722647782,2,0.196905730340275
1818,0.214960058097313,85.5470443705738,2,0.156123852288356
1819,0.223432582909707,85.5940164763694,2,0.121988408474462
1820,0.22958121520213,85.6409885821651,2,0.103753434287166
1821,0.234567901234568,85.6879606879607,2,0.0920786249016424
1822,0.239457758412007,85.7349327937563,2,0.0828198033951531
1823,0.243282498184459,85.781904899552,2,0.0768411585924167
1824,0.244880174291939,85.8288770053476,2,0.0746315034126891
1825,0.246284192689421,85.8758491111432,2,0.0728183018617084
1826,0.245025417574437,85.9228212169389,2,0.0744384687954004
1827,0.242701525054466,85.9697933227345,2,0.0776850186951542
1828,0.239796659404503,86.0167654285301,2,0.0822482473084668
1829,0.238005325587025,86.0637375343258,2,0.0853677468474277
1830,0.236407649479545,86.1107096401214,2,0.0883630836639124
1831,0.234713144517066,86.1576817459171,2,0.0917744728661634
1832,0.233454369402082,86.2046538517127,2,0.0944745135394176
1833,0.238441055434519,86.2516259575083,2,0.0845863126343121
1834,0.238779956427015,86.298598063304,2,0.0839887228842178
1835,0.240329218106996,86.3455701690996,2,0.0813671272404876
1836,0.239651416122004,86.3925422748952,2,0.0824921582710899
1837,0.239118857419511,86.4395143806909,2,0.0833999244893019
1838,0.238683127572016,86.4864864864865,2,0.0841585607036125
1839,0.238441055434519,86.5334585922821,2,0.0845863126343121
1840,0.236262406197047,86.5804306980778,2,0.0886458135348375
1841,0.23437424352457,86.6274028038734,2,0.0924871239483334
1842,0.228661341079642,86.674374909669,2,0.106190552502132
1843,0.221883321229726,86.7213470154647,2,0.127372410462567
1844,0.21679980634229,86.7683191212603,2,0.147671254621486
1845,0.213217138707335,86.815291227056,2,0.164733633069504
1846,0.208666182522392,86.8622633328516,2,0.190248304025305
1847,0.202856451222464,86.9092354386472,2,0.230058449658548
1848,0.197530864197531,86.9562075444428,2,0.274707440707165
1849,0.190559186637618,87.0031796502385,2,0.346088332853083
1850,0.185911401597676,87.0501517560341,2,0.401797385786072
1851,0.18000484144275,87.0971238618298,2,0.480620196451221
1852,0.175018155410312,87.1440959676254,1,0.5518848605164
1853,0.170176712660373,87.191068073421,1,0.622279639746504
1854,0.163011377390462,87.2380401792167,1,0.721940676428282
1855,0.154829339143065,87.2850122850123,1,0.818905929549138
1856,0.14960058097313,87.3319843908079,1,0.867990997997777
1857,0.140547083030743,87.3789564966036,1,0.928772664888146
1858,0.126022754780925,87.4259286023992,1,0.977313009823255
1859,0.114742193173566,87.4729007081948,1,0.991618245721286
1860,0.104962478818688,87.5198728139905,1,0.996689178857105
1861,0.0923747276688453,87.5668449197861,1,0.999078704561346
1862,0.0838053740014524,87.6138170255818,1,0.999633962936613
1863,0.0767852820140402,87.6607891313774,1,0.999833426826
1864,0.0673444686516582,87.707761237173,1,0.999944706779061
1865,0.0586782861292665,87.7547333429686,1,0.999980778820414
1866,0.0505446623093682,87.8017054487643,1,0.999993139809941
1867,0.0479786976519003,87.8486775545599,1,0.999995081718286
1868,0.0522875816993464,87.8956496603556,1,0.999991418125283
1869,0.0588719438392641,87.9426217661512,1,0.999980310449962
1870,0.0689421447591382,87.9895938719468,1,0.999933125483898
1871,0.0862260953764222,88.0365659777425,1,0.999522899456837
1872,0.10321955942871,88.0835380835381,1,0.997211217407249
1873,0.113773904623578,88.1305101893337,1,0.992334612272185
1874,0.123456790123457,88.1774822951294,1,0.981773953047523
1875,0.137254901960784,88.224454400925,1,0.944192803194359
1876,0.153038005325587,88.2714265067206,1,0.836917300792759
1877,0.167755991285403,88.3183986125163,1,0.656935723327848
1878,0.181312030985234,88.3653707183119,2,0.462528459383184
1879,0.191866376180102,88.4123428241075,2,0.331567730583171
1880,0.200048414427499,88.4593149299032,2,0.252569926899079
1881,0.205906560154926,88.5062870356988,2,0.208073936758882
1882,0.211716291454854,88.5532591414945,2,0.172645636956045
1883,0.217041878479787,88.6002312472901,2,0.146605479177107
1884,0.221544420237231,88.6472033530857,2,0.128597115416011
1885,0.225078673444687,88.6941754588814,2,0.11663659506539
1886,0.227935124667151,88.741147564677,2,0.108182626880872
1887,0.231759864439603,88.7881196704726,2,0.0983465693388391
1888,0.236359235052046,88.8350917762683,2,0.0884571297092742
1889,0.243815056886952,88.8820638820639,2,0.0760867714643924
1890,0.248123940934398,88.9290359878595,2,0.0706142438857255
1891,0.254127329944323,88.9760080936552,2,0.064642900472062
1892,0.259065601549262,89.0229801994508,2,0.0609536107541542
1893,0.26318082788671,89.0699523052464,2,0.0586078194145319
1894,0.266666666666667,89.1169244110421,2,0.0570883548076716
1895,0.269281045751634,89.1638965168377,2,0.0562113563972922
1896,0.269910433309126,89.2108686226333,2,0.0560325857017192
1897,0.272912127814089,89.257840728429,2,0.0553478814343053
1898,0.273541515371581,89.3048128342246,2,0.055238956350862
1899,0.274122488501573,89.3517849400203,2,0.0551489261166495
1900,0.274074074074074,89.3987570458159,2,0.0551560442580372
1901,0.27281529895909,89.4457291516115,2,0.0553656946664268
1902,0.270588235294118,89.4927012574071,2,0.0558538423195519
1903,0.269087388041636,89.5396733632028,2,0.0562688585180238
1904,0.267683369644154,89.5866454689984,2,0.0567212575929091
1905,0.268361171629145,89.6336175747941,2,0.0564950298615013
1906,0.263955458726701,89.6805896805897,2,0.0582344119199003
1907,0.258194141854273,89.7275617863853,2,0.0615322722271992
1908,0.251900266279351,89.774533892181,2,0.0666533928919267
1909,0.244589687726943,89.8215059979766,2,0.0750214319063283
1910,0.240038731542,89.8684781037722,2,0.0818451755357054
1911,0.237375938029533,89.9154502095679,2,0.0865229889336097
1912,0.235148874364561,89.9624223153635,2,0.0908733297209988
1913,0.234664730089567,90.0093944211591,2,0.091875646043219
1914,0.230646332607117,90.0563665269548,2,0.101047584718092
1915,0.228516097797144,90.1033386327504,2,0.106584096971832
1916,0.230113773904624,90.1503107385461,2,0.102385237087242
1917,0.229484386347131,90.1972828443417,2,0.10400553004366
1918,0.225950133139676,90.2442549501373,2,0.113949078131858
1919,0.2239651416122,90.2912270559329,2,0.120216495626506
1920,0.224497700314694,90.3381991617286,2,0.118483561637375
1921,0.22081820382474,90.3851712675242,2,0.131280184782186
1922,0.22076978939724,90.4321433733199,2,0.131461943174558
1923,0.220963447107238,90.4791154791155,2,0.130737091071047
1924,0.222270636649722,90.5260875849111,2,0.125993697532911
1925,0.223916727184701,90.5730596907068,2,0.120375955667949
1926,0.225127087872186,90.6200317965024,2,0.116484699347998
1927,0.225950133139676,90.667003902298,2,0.113949078131858
1928,0.226289034132171,90.7139760080937,2,0.112930181836511
1929,0.22081820382474,90.7609481138893,2,0.131280184782186
1930,0.22076978939724,90.8079202196849,2,0.131461943174558
1931,0.221253933672234,90.8548923254806,2,0.129660659589394
1932,0.222512708787219,90.9018644312762,2,0.125143208610142
1933,0.224739772452191,90.9488365370718,2,0.117708531016795
1934,0.226337448559671,90.9958086428675,2,0.112785805366886
1935,0.227886710239651,91.0427807486631,2,0.108317614625462
1936,0.228322440087146,91.0897528544588,2,0.107112591548944
1937,0.229339143064633,91.1367249602544,2,0.104385616203132
1938,0.228612926652142,91.18369706605,2,0.106321465841608
1939,0.229339143064633,91.2306691718457,2,0.104385616203132
1940,0.23040426046962,91.2776412776413,2,0.101651863235258
1941,0.231566206729605,91.3246133834369,2,0.0988071698485486
1942,0.235923505204551,91.3715854892326,2,0.0893124595914791
1943,0.242556281771968,91.4185575950282,2,0.077899443467925
1944,0.246913580246914,91.4655297008238,2,0.0720428694127231
1945,0.248898571774389,91.5125018066195,2,0.0697418472891927
1946,0.250157346889373,91.5594739124151,2,0.0683914411554223
1947,0.252239167271847,91.6064460182107,2,0.066332563080173
1948,0.255047204066812,91.6534181240064,2,0.0638778857643881
1949,0.259065601549262,91.700390229802,2,0.0609536107541542
1950,0.262841926894214,91.7473623355976,2,0.0587777802587953
1951,0.266182522391673,91.7943344413933,2,0.0572750146543595
1952,0.268167513919148,91.8413065471889,2,0.0565581681621133
1953,0.266569837811668,91.8882786529846,2,0.0571250710892633
1954,0.264391188574195,91.9352507587802,2,0.0580334855749318
1955,0.261099007504236,91.9822228645758,2,0.0597166418318027
1956,0.257419511014282,92.0291949703715,2,0.0620718846249377
1957,0.255531348341806,92.0761670761671,2,0.0634900445807878
1958,0.253643185669329,92.1231391819627,2,0.0650606221469994
1959,0.250496247881869,92.1701112877584,2,0.0680417172489781
1960,0.247688211086904,92.217083393554,2,0.0711192168590202
1961,0.240087145969499,92.2640554993496,2,0.0817650752906721
1962,0.231324134592108,92.3110276051453,2,0.0993882844249844
1963,0.217864923747277,92.3579997109409,2,0.143059756186206
1964,0.203873154199952,92.4049718167365,2,0.222452883466516
1965,0.191527475187606,92.4519439225322,2,0.335282396917192
1966,0.179036552892762,92.4989160283278,2,0.494212380984199
1967,0.167271847010409,92.5458881341234,1,0.663772559578356
1968,0.160058097312999,92.5928602399191,1,0.759514745683597
1969,0.160251755022997,92.6398323457147,1,0.75713272428079
1970,0.152311788913096,92.6868044515104,1,0.843865276959884
1971,0.14722827402566,92.733776557306,1,0.886778240220573
1972,0.143839264100702,92.7807486631016,1,0.910002290612805
1973,0.138610505930767,92.8277207688973,1,0.93822243559166
1974,0.138465262648269,92.8746928746929,1,0.938886772934624
1975,0.143451948680707,92.9216649804885,1,0.912397482245776
1976,0.147712418300654,92.9686370862842,1,0.883117341443967
1977,0.156620672960542,93.0156091920798,1,0.799672384279789
1978,0.166545630597918,93.0625812978754,1,0.673954303726418
1979,0.179133381747761,93.1095534036711,2,0.49284649488831
1980,0.190849673202614,93.1565255094667,2,0.342816703360706
1981,0.202178649237473,93.2034976152623,2,0.235287458417253
1982,0.211135318324861,93.250469721058,2,0.175837527076389
1983,0.221060275962237,93.2974418268536,2,0.130376839735982
1984,0.228854998789639,93.3444139326492,2,0.105669568617831
1985,0.231808278867102,93.3913860384449,2,0.0982320113879347
1986,0.238731541999516,93.4383581442405,2,0.0840735519199565
1987,0.247397724521908,93.4853302500361,2,0.0714616651608672
1988,0.254563059791818,93.5323023558318,2,0.0642758879164777
1989,0.261341079641733,93.5792744616274,2,0.0595796659708001
1990,0.270975550714113,93.6262465674231,2,0.0557580717642087
1991,0.279835390946502,93.6732186732187,2,0.054793991789295
1992,0.284967320261438,93.7201907790143,2,0.0552914728776094
1993,0.288065843621399,93.76716288481,2,0.0559728670514041
1994,0.291019123698862,93.8141349906056,2,0.0568996529276304
1995,0.296925683853788,93.8611070964012,2,0.0596190294056332
1996,0.30321955942871,93.9080792021969,2,0.0639347628636775
1997,0.305640280803679,93.9550513079925,2,0.0660370509918963
1998,0.30878721859114,94.0020234137881,2,0.0691837389594778
1999,0.311498426531106,94.0489955195838,2,0.0723054560538284
2000,0.31280561607359,94.0959676253794,2,0.0739579830556269
2001,0.314161220043573,94.142939731175,2,0.0757796578578389
2002,0.316097797143549,94.1899118369707,2,0.0785836900546369
2003,0.317889130961026,94.2368839427663,2,0.0814023672796404
2004,0.317356572258533,94.2838560485619,2,0.0805408851806936
2005,0.315565238441055,94.3308281543576,2,0.0777881209201979
2006,0.312611958363592,94.3778002601532,2,0.0737068355749352
2007,0.311062696683612,94.4247723659489,2,0.0717764953869611
2008,0.310288065843621,94.4717444717445,2,0.070862343595976
2009,0.307334785766158,94.5187165775401,2,0.0676707103689951
2010,0.305446623093682,94.5656886833358,2,0.0658590443457276
2011,0.302880658436214,94.6126607891314,2,0.0636611922313023
2012,0.301234567901235,94.659632894927,2,0.0624017912779502
2013,0.300314693778746,94.7066050007227,2,0.0617467439181777
2014,0.29920116194626,94.7535771065183,2,0.0609989676471166
2015,0.298329702251271,94.8005492123139,2,0.0604473785900229
2016,0.297070927136287,94.8475213181096,2,0.0597013295036198
2017,0.294843863471314,94.8944934239052,2,0.0585230457268573
2018,0.294698620188816,94.9414655297008,2,0.0584523133288526
2019,0.29518276446381,94.9884376354965,2,0.0586909576564272
2020,0.294940692326313,95.0354097412921,2,0.0585706098910912
2021,0.289760348583878,95.0823818470877,2,0.0564708060437127
2022,0.282643427741467,95.1293539528834,2,0.0549699543601622
2023,0.278576615831518,95.176326058679,2,0.0547900336870268
2024,0.278915516824014,95.2232981644747,2,0.0547865444291678
2025,0.270249334301622,95.2702702702703,2,0.0559414355034278
2026,0.265746792544178,95.3172423760659,2,0.0574496215742684
2027,0.261534737351731,95.3642144818616,2,0.0594716288541105
2028,0.256983781166788,95.4111865876572,2,0.0623860584744895
2029,0.252142338416848,95.4581586934528,2,0.0664236719820555
2030,0.249963689179375,95.5051307992485,2,0.0685938894744955
2031,0.249721617041878,95.5521029050441,2,0.0688496383165541
2032,0.249673202614379,95.5990750108397,2,0.0689011484922255
2033,0.249866860324377,95.6460471166354,2,0.0686958293862896
2034,0.25122246429436,95.693019222431,2,0.0673115843177589
2035,0.255482933914306,95.7399913282266,2,0.0635283756149718
2036,0.26240619704672,95.7869634340223,2,0.0590022673315965
2037,0.268361171629145,95.8339355398179,2,0.0564950298615013
2038,0.27116920842411,95.8809076456135,2,0.0557119143544689
2039,0.272524812394093,95.9278797514092,2,0.0554208284415719
2040,0.273251028806584,95.9748518572048,2,0.0552877536323883
2041,0.273299443234084,96.0218239630004,2,0.0552794452548982
2042,0.275720164609054,96.0687960687961,2,0.0549530332592936
2043,0.27678528201404,96.1157681745917,2,0.0548642803704268
2044,0.279690147664004,96.1627402803874,2,0.0547911718728724
2045,0.284337932703946,96.209712386183,2,0.0551885289297587
2046,0.287339627208908,96.2566844919786,2,0.0557868513026774
2047,0.287872185911402,96.3036565977743,2,0.0559216696680808
2048,0.288259501331397,96.3506287035699,2,0.0560252276897411
2049,0.286468167513919,96.3976008093655,2,0.0555850176757704
2050,0.281094166061486,96.4445729151612,2,0.0548442780464535
2051,0.278286129266521,96.4915450209568,2,0.0547956961801334
2052,0.278140885984023,96.5385171267524,2,0.0547994524688015
2053,0.276978939724038,96.5854892325481,2,0.0548517234433863
2054,0.275332849189058,96.6324613383437,2,0.0549935882223301
2055,0.27363834422658,96.6794334441393,2,0.0552232516466891
2056,0.2719922536916,96.726405549935,2,0.0555285265295163
2057,0.273686758654079,96.7733776557306,2,0.0552155043659894
2058,0.2719922536916,96.8203497615262,2,0.0555285265295163
2059,0.273444686516582,96.8673218673219,2,0.0552549414313996
2060,0.27441297506657,96.9142939731175,2,0.0551076816770034
2061,0.273008956669087,96.9612660789132,2,0.0553303501238818
2062,0.273105785524086,97.0082381847088,2,0.0553131004863519
2063,0.271847010409102,97.0552102905044,2,0.0555593903094879
2064,0.267296054224159,97.1021823963001,2,0.0568571536248117
2065,0.268651658194142,97.1491545020957,2,0.0564025583485747
2066,0.270249334301622,97.1961266078913,2,0.0559414355034278
2067,0.270152505446623,97.243098713687,2,0.0559671147720961
2068,0.26797385620915,97.2900708194826,2,0.0566225031707804
2069,0.267392883079158,97.3370429252782,2,0.056822725653889
2070,0.26482691842169,97.3840150310739,2,0.0578390476524881
2071,0.260469619946744,97.4309871368695,2,0.0600828987896493
2072,0.255434519486807,97.4779592426651,2,0.0635668069502091
2073,0.24720406681191,97.5249313484608,2,0.0716925694011726
2074,0.247252481239409,97.5719034542564,2,0.071634646941418
2075,0.247785039941903,97.618875560052,2,0.071006102533683
2076,0.249915274751876,97.6658476658477,2,0.0686447996228469
2077,0.251706608569354,97.7128197716433,2,0.0668391854374558
2078,0.255870249334302,97.759791877439,2,0.0632245238083172
2079,0.261970467199225,97.8067639832346,2,0.0592335274619554
2080,0.266666666666667,97.8537360890302,2,0.0570883548076716
2081,0.268409586056645,97.9007081948259,2,0.0564794318467619
2082,0.268458000484144,97.9476803006215,2,0.0564639083441637
2083,0.270539820866618,97.9946524064171,2,0.0558661384415212
2084,0.272573226821593,98.0416245122128,2,0.0554114628233572
2085,0.273251028806584,98.0885966180084,2,0.0552877536323883
2086,0.274122488501573,98.135568723804,2,0.0551489261166495
2087,0.27760832728153,98.1825408295997,2,0.0548185041199314
2088,0.28162672476398,98.2295129353953,2,0.0548795247486971
2089,0.284144274993948,98.2764850411909,2,0.0551592337797627
2090,0.283950617283951,98.3234571469866,2,0.0551310556182886
2091,0.287630113773905,98.3704292527822,2,0.0558593043250327
2092,0.290486564996369,98.4174013585778,2,0.0567120079714453
2093,0.28879206003389,98.4643734643735,2,0.0561752421064212
2094,0.287484870491406,98.5113455701691,2,0.0558227530557351
2095,0.287775357056403,98.5583176759647,2,0.0558965062820801
2096,0.286758654078916,98.6052897817604,2,0.0556497167608594
2097,0.288404744613895,98.652261887556,2,0.0560652633488899
2098,0.283902202856451,98.6992339933517,2,0.0551241854187973
2099,0.280852093923989,98.7462060991473,2,0.0548310055648053
2100,0.279835390946502,98.7931782049429,2,0.054793991789295
2101,0.278189300411523,98.8401503107386,2,0.0547981318402731
2102,0.27920600338901,98.8871224165342,2,0.0547862249023622
2103,0.281045751633987,98.9340945223298,2,0.0548414861951413
2104,0.281094166061486,98.9810666281255,2,0.0548442780464535
2105,0.280077463083999,99.0280387339211,2,0.0548000620894325
2106,0.279980634229,99.0750108397167,2,0.0547974283795404
2107,0.278867102396514,99.1219829455124,2,0.0547868374053576
2108,0.276059065601549,99.168955051308,2,0.054921174798874
2109,0.274509803921569,99.2159271571036,2,0.0550944908175081
2110,0.27441297506657,99.2628992628993,2,0.0551076816770034
2111,0.273154199951586,99.3098713686949,2,0.0553045812182727
2112,0.272282740256596,99.3568434744905,2,0.0554687182954612
2113,0.270830307431615,99.4038155802862,2,0.055793445028105
2114,0.263422900024207,99.4507876860818,2,0.0584888860584266
2115,0.250689905591866,99.4977597918775,2,0.0678444601720772
2116,0.235148874364561,99.5447318976731,2,0.0908733297209988
2117,0.220527717259743,99.5917040034687,2,0.132376219292787
2118,0.207020091987412,99.6386761092644,2,0.200653775169654
2119,0.191575889615105,99.68564821506,2,0.334749582834461
2120,0.177051561365287,99.7326203208556,1,0.522493773269475
2121,0.165093197772936,99.7795924266513,1,0.694016300593768
2122,0.154974582425563,99.8265645324469,1,0.817391545382774
2123,0.146066327765674,99.8735366382425,1,0.895208857119945
2124,0.142919389978214,99.9205087440382,1,0.915607439363663
2125,0.140498668603244,99.9674808498338,1,0.929022697643688
2126,0.135076252723312,100.014452955629,1,0.952760828172414
2127,0.13120309852336,100.061425061425,1,0.965213905179105
2128,0.131154684095861,100.108397167221,1,0.965349329788976
2129,0.13280077463084,100.155369273016,1,0.960476052620696
2130,0.134156378600823,100.202341378812,1,0.956023810722093
2131,0.136335027838296,100.249313484608,1,0.947959560893935
2132,0.137690631808279,100.296285590403,1,0.94232934474836
2133,0.138465262648269,100.343257696199,1,0.938886772934624
2134,0.144129750665698,100.390229801995,1,0.908171966754164
2135,0.151440329218107,100.43720190779,1,0.85193178364499
2136,0.155507141128056,100.484174013586,1,0.811770261112591
2137,0.160929557007988,100.531146119381,1,0.748701494912342
2138,0.163543936092956,100.578118225177,1,0.714900221075259
2139,0.170079883805374,100.625090330973,1,0.623678051757276
2140,0.176857903655289,100.672062436768,1,0.525277824482699
2141,0.18237714839022,100.719034542564,2,0.448033771143657
2142,0.186540789155168,100.76600664836,2,0.393896050450267
2143,0.194819656257565,100.812978754155,2,0.300691126194873
2144,0.202081820382474,100.859950859951,2,0.23604495445943
2145,0.20876301137739,100.906922965747,2,0.189656583001143
2146,0.21442749939482,100.953895071542,2,0.158690718582662
2147,0.222561123214718,101.000867177338,2,0.124974136236154
2148,0.228080367949649,101.047839283133,2,0.107779313362442
2149,0.234132171387073,101.094811388929,2,0.0930025462919534
2150,0.241007020091987,101.141783494725,2,0.0802752346931157
2151,0.248608085209392,101.18875560052,2,0.0700652361530607
2152,0.253546356814331,101.235727706316,2,0.0651454339046463
2153,0.259694989106754,101.282699812112,2,0.0605540164772675
2154,0.262841926894214,101.329671917907,2,0.0587777802587953
2155,0.266763495521665,101.376644023703,2,0.0570519453076396
2156,0.270152505446623,101.423616129498,2,0.0559671147720961
2157,0.271701767126604,101.470588235294,2,0.0555908951739302
2158,0.272670055676592,101.51756034109,2,0.0553929436719823
2159,0.272234325829097,101.564532446885,2,0.0554785088568684
2160,0.272040668119099,101.611504552681,2,0.0555183808948765
2161,0.274897119341564,101.658476658477,2,0.0550445088579857
2162,0.271604938271605,101.705448764272,2,0.0556122550717501
2163,0.267683369644154,101.752420870068,2,0.0567212575929091
2164,0.265698378116679,101.799392975864,2,0.0574694113779394
2165,0.264875332849189,101.846365081659,2,0.0578178414676767
2166,0.261486322924231,101.893337187455,2,0.059498509898589
2167,0.256983781166788,101.94030929325,2,0.0623860584744895
2168,0.255628177196805,101.987281399046,2,0.0634136828439287
2169,0.253449527959332,102.034253504842,2,0.0652306710963521
2170,0.252093923989349,102.081225610637,2,0.0664693931143272
2171,0.249866860324377,102.128197716433,2,0.0686958293862896
2172,0.244977003146938,102.175169822229,2,0.0745026714019405
2173,0.23921568627451,102.222141928024,2,0.0832332951100248
2174,0.236504478334544,102.26911403382,2,0.0881755814414563
2175,0.233260711692084,102.316086139616,2,0.0949029822454242
2176,0.228758169934641,102.363058245411,2,0.105929527694033
2177,0.23359961268458,102.410030351207,2,0.0941554843276387
2178,0.233648027112079,102.457002457002,2,0.0940495813453461
2179,0.233938513677076,102.503974562798,2,0.0934187549566302
2180,0.23442265795207,102.550946668594,2,0.0923846805071998
2181,0.235729847494553,102.597918774389,2,0.0896978032263955
2182,0.24081336238199,102.644890880185,2,0.0805838721521376
2183,0.247252481239409,102.691862985981,2,0.071634646941418
2184,0.251561365286855,102.738835091776,2,0.0669797131171724
2185,0.253885257806826,102.785807197572,2,0.0648504456742618
2186,0.26318082788671,102.832779303368,2,0.0586078194145319
2187,0.269862018881627,102.879751409163,2,0.0560458984476767
2188,0.271508109416606,102.926723514959,2,0.0556339006472139
2189,0.27276688453159,102.973695620754,2,0.0553747070819788
2190,0.27760832728153,103.02066772655,2,0.0548185041199314
2191,0.281287823771484,103.067639832346,2,0.0548561325226619
2192,0.282062454611474,103.114611938141,2,0.0549145563179149
2193,0.282498184458969,103.161584043937,2,0.0549551725916751
2194,0.285645122246429,103.208556149733,2,0.0554156211499466
2195,0.287872185911402,103.255528255528,2,0.0559216696680808
2196,0.287726942628903,103.302500361324,2,0.0558840332579058
2197,0.286032437666425,103.34947246712,2,0.0554927808718807
2198,0.285257806826434,103.396444572915,2,0.0553429876429742
2199,0.286080852093924,103.443416678711,2,0.0555027449486586
2200,0.286903897361414,103.490388784506,2,0.0556830317423778
2201,0.287097555071411,103.537360890302,2,0.055728455302036
2202,0.287823771483902,103.584332996098,2,0.0559090517372394
2203,0.288162672476398,103.631305101893,2,0.0559989017785955
2204,0.289663519728879,103.678277207689,2,0.0564399161351125
2205,0.290680222706367,103.725249313485,2,0.0567791834391963
2206,0.289711934156379,103.77222141928,2,0.0564553238764633
2207,0.285790365528928,103.819193525076,2,0.0554440247106674
2208,0.282110869038974,103.866165630872,2,0.0549187932503601
2209,0.28322440087146,103.913137736667,2,0.0550353091708846
2210,0.283611716291455,103.960109842463,2,0.0550844268208451
2211,0.280997337206488,104.007081948258,2,0.0548387630308241
2212,0.275816993464052,104.054054054054,2,0.0549435856824375
2213,0.273299443234084,104.10102615985,2,0.0552794452548982
2214,0.270685064149116,104.147998265645,2,0.0558294668691122
2215,0.267586540789155,104.194970371441,2,0.0567547781251831
2216,0.265795206971678,104.241942477237,2,0.0574299097655177
2217,0.263132413459211,104.288914583032,2,0.0586318522866066
2218,0.262309368191721,104.335886688828,2,0.0590530707772984
2219,0.26240619704672,104.382858794624,2,0.0590022673315965
2220,0.262357782619221,104.429830900419,2,0.0590276272003758
2221,0.259743403534253,104.476803006215,2,0.0605239066068414
2222,0.256644880174292,104.52377511201,2,0.0626357899887545
2223,0.256209150326797,104.570747217806,2,0.0629638623519648
2224,0.257758412006778,104.617719323602,2,0.0618328457094327
2225,0.257806826434277,104.664691429397,2,0.0617990743056927
2226,0.258145727426773,104.711663535193,2,0.0615652960825882
2227,0.262067296054224,104.758635640989,2,0.0591815475360288
2228,0.266763495521665,104.805607746784,2,0.0570519453076396
2229,0.268119099491649,104.85257985258,2,0.0565741395801327
2230,0.266327765674171,104.899551958376,2,0.057218207437061
2231,0.265262648269184,104.946524064171,2,0.0576510412402126
2232,0.26637618010167,104.993496169967,2,0.0571994261126355
2233,0.263810215444202,105.040468275762,2,0.0583028393606774
2234,0.266908738804164,105.087440381558,2,0.0569979051297586
2235,0.266763495521665,105.134412487354,2,0.0570519453076396
2236,0.265698378116679,105.181384593149,2,0.0574694113779394
2237,0.267925441781651,105.228356698945,2,0.0566387743389411
2238,0.270442992011619,105.275328804741,2,0.0558909476979354
2239,0.268942144759138,105.322300910536,2,0.056312759402965
2240,0.266860324376664,105.369273016332,2,0.0570158420659689
2241,0.26957153231663,105.416245122127,2,0.0561273088374169
2242,0.273493100944081,105.463217227923,2,0.0552469138300102
2243,0.275332849189058,105.510189333719,2,0.0549935882223301
2244,0.276736867586541,105.557161439514,2,0.0548675914927611
2245,0.278867102396514,105.60413354531,2,0.0547868374053576
2246,0.279786976519003,105.651105651106,2,0.0547929833026723
2247,0.276978939724038,105.698077756901,2,0.0548517234433863
2248,0.275284434761559,105.745049862697,2,0.0549989689114024
2249,0.273880416364077,105.792021968493,2,0.055185215081223
2250,0.270588235294118,105.838994074288,2,0.0558538423195519
2251,0.267102396514161,105.885966180084,2,0.0569269204494861
2252,0.265020576131687,105.932938285879,2,0.0577546985452514
2253,0.264197530864198,105.979910391675,2,0.0581219816783914
2254,0.261486322924231,106.026882497471,2,0.059498509898589
2255,0.259017187121762,106.073854603266,2,0.0609849808816817
2256,0.257758412006778,106.120826709062,2,0.0618328457094327
2257,0.252287581699346,106.167798814858,2,0.0662871749661231
2258,0.249721617041878,106.214770920653,2,0.0688496383165541
2259,0.247058823529412,106.261743026449,2,0.0718671255049069
2260,0.243766642459453,106.308715132245,2,0.0761546050377546
2261,0.239506172839506,106.35568723804,2,0.0827376307346548
2262,0.234325829097071,106.402659343836,2,0.0925897805204045
2263,0.226531106269668,106.449631449631,2,0.112211227281208
2264,0.218736383442266,106.496603555427,2,0.139433610381478
2265,0.217768094892278,106.543575661223,2,0.143470724445975
2266,0.212394093439845,106.590547767018,2,0.169013724455384
2267,0.205954974582426,106.637519872814,2,0.207744761642266
2268,0.201839748244977,106.68449197861,2,0.237950254580188
2269,0.196514161220044,106.731464084405,2,0.284187876034148
2270,0.187557492132656,106.778436190201,2,0.381361737635645
2271,0.175599128540305,106.825408295997,1,0.543456203226729
2272,0.166351972887921,106.872380401792,1,0.676653430407005
2273,0.158605664488017,106.919352507588,1,0.776984085157231
2274,0.151633986928105,106.966324613383,1,0.850164797192865
2275,0.148196562575648,107.013296719179,1,0.879368206930238
2276,0.150956184943113,107.060268824975,1,0.85628535213233
2277,0.154442023723069,107.10724093077,1,0.822904907623587
2278,0.16243040426047,107.154213036566,1,0.729534043027689
2279,0.176857903655289,107.201185142362,1,0.525277824482699
2280,0.189155168240136,107.248157248157,2,0.36225787065419
2281,0.198983297022513,107.295129353953,2,0.261705555403284
2282,0.207552650689906,107.342101459749,2,0.197214886600008
2283,0.217768094892278,107.389073565544,2,0.143470724445975
2284,0.22236746550472,107.43604567134,2,0.125652473977403
2285,0.224110384894699,107.483017777135,2,0.119740045832194
2286,0.227063664972162,107.529989882931,2,0.110655046122272
2287,0.22958121520213,107.576961988727,2,0.103753434287166
2288,0.230549503752118,107.623934094522,2,0.101288551394094
2289,0.236456063907044,107.670906200318,2,0.0882692343654773
2290,0.236117162914549,107.717878306114,2,0.0889303242340962
2291,0.238198983297023,107.764850411909,2,0.0850186090126929
2292,0.241297506656984,107.811822517705,2,0.0798172154017351
2293,0.244202372306947,107.858794623501,2,0.0755494214010462
2294,0.249673202614379,107.905766729296,2,0.0689011484922255
2295,0.254708303074316,107.952738835092,2,0.0641554115884899
2296,0.257177438876785,107.999710940887,2,0.0622454707820578
2297,0.26080852093924,108.046683046683,2,0.0598838592859507
2298,0.266957153231663,108.093655152479,2,0.0569800445639917
2299,0.2719922536916,108.140627258274,2,0.0555285265295163
2300,0.273154199951586,108.18759936407,2,0.0553045812182727
2301,0.273251028806584,108.234571469866,2,0.0552877536323883
2302,0.274897119341564,108.281543575661,2,0.0550445088579857
2303,0.274219317356572,108.328515681457,2,0.0551348991337564
2304,0.271653352699104,108.375487787253,2,0.0556015394322143
2305,0.271847010409102,108.422459893048,2,0.0555593903094879
2306,0.27116920842411,108.469431998844,2,0.0557119143544689
2307,0.270491406439119,108.516404104639,2,0.0558785068862967
2308,0.269668361171629,108.563376210435,2,0.0560998795453606
2309,0.267247639796659,108.610348316231,2,0.0568744813772799
2310,0.262309368191721,108.657320422026,2,0.0590530707772984
2311,0.255918663761801,108.704292527822,2,0.0631869900676724
2312,0.251464536431857,108.751264633618,2,0.0670739643579579
2313,0.241394335511983,108.798236739413,2,0.0796658491934731
2314,0.234809973372065,108.845208845209,2,0.0915727570057685
2315,0.227305737109659,108.892180951004,2,0.109959135563186
2316,0.225417574437182,108.9391530568,2,0.115579766793059
2317,0.226773178407165,108.986125162596,2,0.111499550212771
2318,0.228225611232147,109.033097268391,2,0.107378463323206
2319,0.227305737109659,109.080069374187,2,0.109959135563186
2320,0.226192205277173,109.127041479983,2,0.113219817054118
2321,0.22159283466473,109.174013585778,2,0.128421100882997
2322,0.220091987412249,109.220985691574,2,0.13404516456586
2323,0.216122004357298,109.26795779737,2,0.150712034384814
2324,0.210457516339869,109.314929903165,2,0.17965532810916
2325,0.204696199467441,109.361902008961,2,0.216501158357842
2326,0.197385620915033,109.408874114756,2,0.276042564154419
2327,0.188477366255144,109.455846220552,2,0.370272419601065
2328,0.18082788671024,109.502818326348,2,0.469192156265381
2329,0.168917937545389,109.549790432143,1,0.640387845429547
2330,0.1600096828855,109.596762537939,1,0.76010835310116
2331,0.153522149600581,109.643734643735,1,0.832171506520552
2332,0.152747518760591,109.69070674953,1,0.839721105907317
2333,0.152941176470588,109.737678855326,1,0.837855545823733
2334,0.153522149600581,109.784650961122,1,0.832171506520552
2335,0.161268458000484,109.831623066917,1,0.744432150902769
2336,0.170467199225369,109.878595172713,1,0.618079752727802
2337,0.174630839990317,109.925567278508,1,0.557513855804053
2338,0.184943113047688,109.972539384304,2,0.414158094377994
2339,0.194093439845074,110.0195114901,2,0.308034473347438
2340,0.197095134350036,110.066483595895,2,0.278732000106645
2341,0.19757927862503,110.113455701691,2,0.274263818627368
2342,0.201016702977487,110.160427807487,2,0.244552763711249
2343,0.208278867102397,110.207399913282,2,0.192637536273597
2344,0.216073589929799,110.254372019078,2,0.150932462924314
2345,0.22561123214718,110.301344124874,2,0.114982570579093
2346,0.230743161462116,110.348316230669,2,0.100807606558253
2347,0.237327523602033,110.395288336465,2,0.0866131699115517
2348,0.241926894214476,110.44226044226,2,0.0788448810470052
2349,0.245654805131929,110.489232548056,2,0.0736166608170715
2350,0.249915274751876,110.536204653852,2,0.0686447996228469
2351,0.253836843379327,110.583176759647,2,0.0648922698393261
2352,0.256596465746793,110.630148865443,2,0.0626718527664188
2353,0.256112321471799,110.677120971239,2,0.0630378439958255
2354,0.257758412006778,110.724093077034,2,0.0618328457094327
2355,0.259694989106754,110.77106518283,2,0.0605540164772675
2356,0.262648269184217,110.818037288626,2,0.0588767203914045
2357,0.267489711934156,110.865009394421,2,0.0567886006505035
2358,0.269135802469136,110.911981500217,2,0.0562543724778476
2359,0.269523117889131,110.958953606012,2,0.0561411333398333
2360,0.269813604454127,111.005925711808,2,0.056059284157144
2361,0.272524812394093,111.052897817604,2,0.0554208284415719
2362,0.273299443234084,111.099869923399,2,0.0552794452548982
2363,0.27358992979908,111.146842029195,2,0.0552310689657424
2364,0.274267731784072,111.193814134991,2,0.0551279902425575
2365,0.276688453159041,111.240786240786,2,0.0548709713943713
2366,0.276591624304043,111.287758346582,2,0.0548779375834596
2367,0.276252723311547,111.334730452378,2,0.0549044876282803
2368,0.276978939724038,111.381702558173,2,0.0548517234433863
2369,0.274267731784072,111.428674663969,2,0.0551279902425575
2370,0.272573226821593,111.475646769764,2,0.0554114628233572
2371,0.272524812394093,111.52261887556,2,0.0554208284415719
2372,0.271120793996611,111.569590981356,2,0.0557233459442126
2373,0.268942144759138,111.616563087151,2,0.056312759402965
2374,0.26961994674413,111.663535192947,2,0.0561135575889496
2375,0.27039457758412,111.710507298743,2,0.055903460920756
2376,0.270007262164125,111.757479404538,2,0.0560061789106852
2377,0.264536431856693,111.804451510334,2,0.0579679548491889
2378,0.2640038731542,111.85142361613,2,0.0582117645407236
2379,0.262648269184217,111.898395721925,2,0.0588767203914045
2380,0.260711692084241,111.945367827721,2,0.0599402920024758
2381,0.260905349794239,111.992339933516,2,0.0598277738981029
2382,0.262648269184217,112.039312039312,2,0.0588767203914045
2383,0.262793512466715,112.086284145108,2,0.0588023908684606
2384,0.260421205519245,112.133256250903,2,0.0601116824095453
2385,0.261873638344227,112.180228356699,2,0.0592858452196796
2386,0.257855240861777,112.227200462495,2,0.0617653967787723
2387,0.253304284676834,112.27417256829,2,0.065359327379581
2388,0.248898571774389,112.321144674086,2,0.0697418472891927
2389,0.24483175986444,112.368116779882,2,0.0746961333176289
2390,0.238779956427015,112.415088885677,2,0.0839887228842178
2391,0.231663035584604,112.462060991473,2,0.0985763949396612
2392,0.225853304284677,112.509033097268,2,0.114242863713455
2393,0.219801500847252,112.556005203064,2,0.135174606728199
2394,0.215056886952312,112.60297730886,2,0.155663061459966
2395,0.209005083514887,112.649949414655,2,0.188186986732833
2396,0.202227063664972,112.696921520451,2,0.234909698626425
2397,0.197869765190027,112.743893626247,2,0.271616960615992
2398,0.193076736867587,112.790865732042,2,0.318588480619971
2399,0.18959089808763,112.837837837838,2,0.35717692429133
2400,0.187605906560155,112.884809943633,2,0.380772073948454
2401,0.186008230452675,112.931782049429,2,0.400574864919303
2402,0.182328733962721,112.978754155225,2,0.448687461986565
2403,0.177293633502784,113.02572626102,1,0.519019192048518
2404,0.175550714112806,113.072698366816,1,0.544157806081607
2405,0.175792786250303,113.119670472612,1,0.540651379203742
2406,0.176083272815299,113.166642578407,1,0.536449231588557
2407,0.178019849915275,113.213614684203,1,0.508635331921739
2408,0.181941418542726,113.260586789999,2,0.45393498883283
2409,0.178842895182764,113.307558895794,2,0.496948359684323
2410,0.178068264342774,113.35453100159,1,0.507945354841228
2411,0.177535705640281,113.401503107385,1,0.515551028646233
2412,0.179617526022755,113.448475213181,2,0.486038897279559
2413,0.181844589687727,113.495447318977,2,0.455251797806008
2414,0.186250302590172,113.542419424772,2,0.397529546091661
2415,0.192447349310094,113.589391530568,2,0.32528152974793
2416,0.19680464778504,113.636363636364,2,0.281447081645442
2417,0.203921568627451,113.683335742159,2,0.222097743097499
2418,0.204308884047446,113.730307847955,2,0.219279365837515
2419,0.205954974582426,113.777279953751,2,0.207744761642266
2420,0.20881142580489,113.824252059546,2,0.189361556081791
2421,0.209198741224885,113.871224165342,2,0.187021239684263
2422,0.208424110384895,113.918196271137,2,0.191737369711643
2423,0.20876301137739,113.965168376933,2,0.189656583001143
2424,0.210215444202372,114.012140482729,2,0.18104374248137
2425,0.217816509319777,114.059112588524,2,0.143265036427061
2426,0.219704671992254,114.10608469432,2,0.135554107623199
2427,0.222948438634713,114.153056800116,2,0.123633754488115
2428,0.226143790849673,114.200028905911,2,0.113365076931956
2429,0.230501089324619,114.247001011707,2,0.101409406618679
2430,0.235342532074558,114.293973117503,2,0.0904782134887299
2431,0.240426046961995,114.340945223298,2,0.0812091336488814
2432,0.24400871459695,114.387917329094,2,0.075816918040545
2433,0.254272573226822,114.434889434889,2,0.0645196282483342
2434,0.256305979181796,114.481861540685,2,0.062890273499004
2435,0.259937061244251,114.528833646481,2,0.060404357802533
2436,0.261050593076737,114.575805752276,2,0.0597442952642302
2437,0.262164124909223,114.622777858072,2,0.0591299046844588
2438,0.265117404986686,114.669749963868,2,0.0577129988645843
2439,0.271266037279109,114.716722069663,2,0.0556892664559338
2440,0.275332849189058,114.763694175459,2,0.0549935882223301
2441,0.281336238198983,114.810666281255,2,0.0548592679618334
2442,0.282256112321472,114.85763838705,2,0.0549319178708082
2443,0.284676833696442,114.904610492846,2,0.0552424882277374
2444,0.287436456063907,114.951582598641,2,0.0558107136934881
2445,0.289130961026386,114.998554704437,2,0.0562753275219205
2446,0.289760348583878,115.045526810233,2,0.0564708060437127
2447,0.290341321713871,115.092498916028,2,0.0566624177037481
2448,0.291551682401356,115.139471021824,2,0.0570964963735755
2449,0.293004115226337,115.18644312762,2,0.0576807941849147
2450,0.292229484386347,115.233415233415,2,0.0573604633842271
2451,0.28961510530138,115.280387339211,2,0.0564245827645492
2452,0.287339627208908,115.327359445007,2,0.0557868513026774
2453,0.287388041636408,115.374331550802,2,0.0557987464566711
2454,0.288065843621399,115.421303656598,2,0.0559728670514041
2455,0.289179375453885,115.468275762393,2,0.0562899201560136
2456,0.288888888888889,115.515247868189,2,0.0562034700550405
2457,0.287242798353909,115.562219973985,2,0.0557632770740346
2458,0.287049140643912,115.60919207978,2,0.0557169917648057
2459,0.287630113773905,115.656164185576,2,0.0558593043250327
2460,0.288211086903897,115.703136291372,2,0.0560120283128057
2461,0.288356330186396,115.750108397167,2,0.0560518451603196
2462,0.286952311788913,115.797080502963,2,0.0556942800253772
2463,0.285403050108932,115.844052608759,2,0.0553696958621209
2464,0.284676833696442,115.891024714554,2,0.0552424882277374
2465,0.285160977971435,115.93799682035,2,0.0553255345311819
2466,0.286226095376422,115.984968926145,2,0.0555330635028723
2467,0.284337932703946,116.031941031941,2,0.0551885289297587
2468,0.280755265068991,116.078913137737,2,0.0548261771857836
2469,0.27760832728153,116.125885243532,2,0.0548185041199314
2470,0.275381263616558,116.172857349328,2,0.0549882767581861
2471,0.273105785524086,116.219829455124,2,0.0553131004863519
2472,0.270927136286613,116.266801560919,2,0.0557697908584352
2473,0.267053982086662,116.313773666715,2,0.0569445522875601
2474,0.266908738804164,116.36074577251,2,0.0569979051297586
2475,0.265311062696684,116.407717878306,2,0.0576305462395543
2476,0.264100702009199,116.454689984102,2,0.0581667119415977
2477,0.265117404986686,116.501662089897,2,0.0577129988645843
2478,0.266473008956669,116.548634195693,2,0.0571620946801541
2479,0.269523117889131,116.595606301489,2,0.0561411333398333
2480,0.273832001936577,116.642578407284,2,0.0551926824806361
2481,0.275284434761559,116.68955051308,2,0.0549989689114024
2482,0.277947228274026,116.736522618876,2,0.0548054204176811
2483,0.282110869038974,116.783494724671,2,0.0549187932503601
2484,0.28637133865892,116.830466830467,2,0.0555640222995858
2485,0.290196078431373,116.877438936262,2,0.0566135039427266
2486,0.291793754538853,116.924411042058,2,0.0571890344702822
2487,0.294214475913822,116.971383147854,2,0.0582218310998278
2488,0.299055918663762,117.018355253649,2,0.0609050083218207
2489,0.300266279351247,117.065327359445,2,0.0617132121288691
2490,0.304091019123699,117.112299465241,2,0.0646612630054019
2491,0.305785524086178,117.159271571036,2,0.0661717074258025
2492,0.306850641491164,117.206243676832,2,0.0671898009200558
2493,0.308980876301138,117.253215782628,2,0.0693936344603682
2494,0.308641975308642,117.300187888423,2,0.0690275956058312
2495,0.305979181796175,117.347159994219,2,0.0663527933040082
2496,0.30321955942871,117.394132100014,2,0.0639347628636775
2497,0.306947470346163,117.44110420581,2,0.0672850643639103
2498,0.30239651416122,117.488076311606,2,0.0632789327019447
2499,0.298087630113774,117.535048417401,2,0.0602992986916938
2500,0.297506656983781,117.582020523197,2,0.0599528936645182
2501,0.298523359961268,117.628992628993,2,0.0605674420053974
2502,0.297797143548778,117.675964734788,2,0.0601245173257005
2503,0.294940692326313,117.722936840584,2,0.0585706098910912
2504,0.292665214233842,117.76990894638,2,0.0575381840392422
2505,0.287049140643912,117.816881052175,2,0.0557169917648057
2506,0.285499878963931,117.863853157971,2,0.0553878540777524
2507,0.282788671023965,117.910825263766,2,0.0549853584018404
2508,0.279399661099007,117.957797369562,2,0.0547873817224161
2509,0.277366255144033,118.004769475358,2,0.0548299076686021
2510,0.274993948196563,118.051741581153,2,0.0550327078528473
2511,0.271604938271605,118.098713686949,2,0.0556122550717501
2512,0.269426289034132,118.145685792745,2,0.0561690023041294
2513,0.26797385620915,118.19265789854,2,0.0566225031707804
2514,0.265746792544178,118.239630004336,2,0.0574496215742684
2515,0.265456305979182,118.286602110132,2,0.0575695328251897
2516,0.263858629871702,118.333574215927,2,0.0582799492474301
2517,0.259452916969257,118.380546321723,2,0.0607059073781342
2518,0.259114015976761,118.427518427518,2,0.0609223313841258
2519,0.261679980634229,118.474490533314,2,0.0593914972861422
2520,0.260953764221738,118.52146263911,2,0.0597998611958195
2521,0.268361171629145,118.568434744905,2,0.0564950298615013
2522,0.274897119341564,118.615406850701,2,0.0550445088579857
2523,0.282643427741467,118.662378956497,2,0.0549699543601622
2524,0.287097555071411,118.709351062292,2,0.055728455302036
2525,0.29116436698136,118.756323168088,2,0.05695242173346
2526,0.295328007746308,118.803295273884,2,0.0587641554281336
2527,0.299491648511256,118.850267379679,2,0.0611893444061425
2528,0.300847252481239,118.897239485475,2,0.0621218042350521
2529,0.305010893246187,118.94421159127,2,0.0654648924229205
2530,0.304720406681191,118.991183697066,2,0.0652069721356749
2531,0.30476882110869,119.038155802862,2,0.065249691435765
2532,0.302687000726216,119.085127908657,2,0.0635070868932085
2533,0.301718712176229,119.132100014453,2,0.062760433032707
2534,0.30157346889373,119.179072120249,2,0.0626518234753715
2535,0.301670297748729,119.226044226044,2,0.0627241325855773
2536,0.301282982328734,119.27301633184,2,0.0624372207799102
2537,0.301815541031227,119.319988437636,2,0.0628333263855831
2538,0.302348099733721,119.366960543431,2,0.0632412556250794
2539,0.300944081336238,119.413932649227,2,0.0621912279874027
2540,0.295860566448802,119.460904755022,2,0.059038937509962
2541,0.290680222706367,119.507876860818,2,0.0567791834391963
2542,0.286516581941419,119.554848966614,2,0.055595622328925
2543,0.283418058581457,119.601821072409,2,0.0550593123328686
2544,0.281820382473977,119.648793178205,2,0.0548944055446618
2545,0.280464778503994,119.695765284001,2,0.0548133389858445
2546,0.279351246671508,119.742737389796,2,0.0547869897768659
2547,0.277027354151537,119.789709495592,2,0.0548487560467137
2548,0.274558218349068,119.836681601387,2,0.0550879997725756
2549,0.270830307431615,119.883653707183,2,0.055793445028105
2550,0.267102396514161,119.930625812979,2,0.0569269204494861
2551,0.264342774146696,119.977597918774,2,0.0580554892485416
2552,0.262260953764222,120.02457002457,2,0.0590785981549577
2553,0.258920358266764,120.071542130366,2,0.061047993871497
2554,0.255579762769305,120.118514236161,2,0.0634518137046441
2555,0.251367707576858,120.165486341957,2,0.067168670161773
2556,0.247785039941903,120.212458447753,2,0.071006102533683
2557,0.244202372306947,120.259430553548,2,0.0755494214010462
2558,0.240038731542,120.306402659344,2,0.0818451755357054
2559,0.237230694747035,120.353374765139,2,0.0867941016402425
2560,0.235294117647059,120.400346870935,2,0.0905766838470033
2561,0.234713144517066,120.447318976731,2,0.0917744728661634
2562,0.234325829097071,120.494291082526,2,0.0925897805204045
2563,0.233648027112079,120.541263188322,2,0.0940495813453461
2564,0.231324134592108,120.588235294118,2,0.0993882844249844
2565,0.229000242072138,120.635207399913,2,0.105281619282982
2566,0.228225611232147,120.682179505709,2,0.107378463323206
2567,0.229242314209634,120.729151611505,2,0.104640307833526
2568,0.230791575889615,120.7761237173,2,0.100687986982378
2569,0.23442265795207,120.823095823096,2,0.0923846805071998
2570,0.236698136044541,120.870067928891,2,0.087802926067237
2571,0.23839264100702,120.917040034687,2,0.0846724069921155
2572,0.240861776809489,120.964012140483,2,0.0805064645816475
2573,0.245993706124425,121.010984246278,2,0.073183895119029
2574,0.252335996126846,121.057956352074,2,0.0662418975144621
2575,0.258678286129267,121.10492845787,2,0.0612071227292268
2576,0.264536431856693,121.151900563665,2,0.0579679548491889
2577,0.272379569111595,121.198872669461,2,0.0554493498660663
2578,0.27678528201404,121.245844775257,2,0.0548642803704268
2579,0.280997337206488,121.292816881052,2,0.0548387630308241
2580,0.281917211328976,121.339788986848,2,0.0549022591339082
2581,0.282014040183975,121.386761092643,2,0.0549103883308106
2582,0.282643427741467,121.433733198439,2,0.0549699543601622
2583,0.282788671023965,121.480705304235,2,0.0549853584018404
2584,0.282207697893972,121.52767741003,2,0.0549274740114556
2585,0.283660130718954,121.574649515826,2,0.0550908792528726
2586,0.284144274993948,121.621621621622,2,0.0551592337797627
2587,0.284483175986444,121.668593727417,2,0.0552112343127492
2588,0.284337932703946,121.715565833213,2,0.0551885289297587
2589,0.283563301863955,121.762537939009,2,0.0550780439353096
2590,0.281384652626483,121.809510044804,2,0.0548624721508555
2591,0.275671750181554,121.8564821506,2,0.0549578606614619
2592,0.270007262164125,121.903454256395,2,0.0560061789106852
2593,0.260614863229242,121.950426362191,2,0.059997072873532
2594,0.258000484144275,121.997398467987,2,0.0616649262154721
2595,0.25436940208182,122.044370573782,2,0.0644379670661827
2596,0.249285887194384,122.091342679578,2,0.0693175878890811
2597,0.244396030016945,122.138314785374,2,0.0752842648645557
2598,0.240232389251997,122.185286891169,2,0.0815257970826447
2599,0.235148874364561,122.232258996965,2,0.0908733297209988
2600,0.228951827644638,122.279231102761,2,0.105410671172001
2601,0.233018639554587,122.326203208556,2,0.0954435828815549
2602,0.226192205277173,122.373175314352,2,0.113219817054118
2603,0.217816509319777,122.420147420147,2,0.143265036427061
2604,0.213894940692326,122.467119525943,2,0.161313371451953
2605,0.208859840232389,122.514091631739,2,0.189067083807935
2606,0.202033405954975,122.561063737534,2,0.236424692029266
2607,0.196659404502542,122.60803584333,2,0.282814260754735
2608,0.19438392641007,122.655007949126,2,0.305077613768377
2609,0.193948196562576,122.701980054921,2,0.309522666366246
2610,0.194529169692568,122.748952160717,2,0.303608945755719
2611,0.195255386105059,122.795924266513,2,0.296363153228329
2612,0.195158557250061,122.842896372308,2,0.297319872049649
2613,0.194093439845074,122.889868478104,2,0.308034473347438
2614,0.187799564270153,122.936840583899,2,0.378420059798553
2615,0.177196804647785,122.983812689695,1,0.520408273868929
2616,0.168966351972888,123.030784795491,1,0.63969453306123
2617,0.161655773420479,123.077756901286,1,0.739510220112335
2618,0.151537158073106,123.124729007082,1,0.851050116717113
2619,0.146453643185669,123.171701112878,1,0.892453977425097
2620,0.148148148148148,123.218673218673,1,0.87974711022978
2621,0.148099733720649,123.265645324469,1,0.880125125178408
2622,0.14722827402566,123.312617430265,1,0.886778240220573
2623,0.149891067538126,123.35958953606,1,0.865542557022749
2624,0.153473735173082,123.406561641856,1,0.832650173839003
2625,0.144371822803195,123.453533747651,1,0.906624287774256
2626,0.138077947228274,123.500505853447,1,0.940629068860009
2627,0.123505204550956,123.547477959243,1,0.981697725656336
2628,0.104914064391189,123.594450065038,1,0.996704841946783
2629,0.0861776809489228,123.641422170834,1,0.999525405816992
2630,0.0651658194141854,123.68839427663,1,0.999957436097779
2631,0.0465746792544178,123.735366382425,1,0.999995906904797
2632,0.0356330186395546,123.782338488221,1,0.999999058307975
2633,0.0349552166545631,123.829310594016,1,0.99999914214702
2634,0.0330186395545873,123.876282699812,1,0.999999343719421
2635,0.0272573226821593,123.923254805608,1,0.999999707858377
2636,0.0224158799322198,123.970226911403,1,0.999999854142506
2637,0.0209150326797386,124.017199017199,1,0.999999882713951
2638,0.020963447107238,124.064171122995,1,0.999999881883861
2639,0.024158799322198,124.11114322879,1,0.999999812418607
2640,0.0298232873396272,124.158115334586,1,0.999999580099127
2641,0.0412975066569838,124.205087440382,1,0.999997967933746
2642,0.0503510045993706,124.252059546177,1,0.999993309091786
2643,0.0649237472766885,124.299031651973,1,0.999958662524667
2644,0.0780924715565238,124.346003757768,1,0.999806717522578
2645,0.0922778988138465,124.392975863564,1,0.99908804978623
2646,0.111934156378601,124.43994796936,1,0.99354179656559
2647,0.132074558218349,124.486920075155,1,0.962695416903574
2648,0.145775841200678,124.533892180951,1,0.897239071283164
2649,0.163737593802953,124.580864286747,1,0.712321778629006
2650,0.175695957395304,124.627836392542,1,0.542053467783614
2651,0.189639312515129,124.674808498338,2,0.356615845108731
2652,0.201742919389978,124.721780604134,2,0.238717012316267
2653,0.212878237714839,124.768752709929,2,0.16647896968249
2654,0.224642943597192,124.815724815725,2,0.118017601692204
2655,0.235633018639555,124.86269692152,2,0.0898916857921383
2656,0.243621399176955,124.909669027316,2,0.0763589985116498
2657,0.252481239409344,124.956641133112,2,0.0661067274251692
2658,0.254756717501816,125.003613238907,2,0.0641154583012244
2659,0.257419511014282,125.050585344703,2,0.0620718846249377
2660,0.25916243040426,125.097557450499,2,0.0608911426564739
2661,0.260324376664246,125.144529556294,2,0.0601695127531531
2662,0.260421205519245,125.19150166209,2,0.0601116824095453
2663,0.257806826434277,125.238473767886,2,0.0617990743056927
2664,0.254514645364319,125.285445873681,2,0.0643162526823644
2665,0.249673202614379,125.332417979477,2,0.0689011484922255
2666,0.237375938029533,125.379390085272,2,0.0865229889336097
2667,0.221399176954733,125.426362191068,2,0.129127285595627
2668,0.209295570079884,125.473334296864,2,0.186441658251431
2669,0.2,125.520306402659,2,0.252977943803086
2670,0.188477366255144,125.567278508455,2,0.370272419601065
2671,0.1760348583878,125.614250614251,1,0.537149143345546
2672,0.168094892277899,125.661222720046,1,0.652128550648915
2673,0.156572258533043,125.708194825842,1,0.800207958034772
2674,0.150084725248124,125.755166931638,1,0.863892145246545
2675,0.144274993948197,125.802139037433,1,0.907245813809547
2676,0.14156378600823,125.849111143229,1,0.92335244152285
2677,0.141999515855725,125.896083249024,1,0.920928615927511
2678,0.142774146695715,125.94305535482,1,0.916466295123716
2679,0.145436940208182,125.990027460616,1,0.899569004522887
2680,0.148874364560639,126.036999566411,1,0.87396994693745
2681,0.154296780440571,126.083971672207,1,0.824389711455488
2682,0.159767610748003,126.130943778003,1,0.76306491170255
2683,0.159138223190511,126.177915883798,1,0.770661130698243
2684,0.14960058097313,126.224887989594,1,0.867990997997777
2685,0.138223190510772,126.27186009539,1,0.939980669796974
2686,0.128249818445897,126.318832201185,1,0.972669763903424
2687,0.116533526991043,126.365804306981,1,0.990127266405987
2688,0.106608569353667,126.412776412776,1,0.996113157956975
2689,0.104139433551198,126.459748518572,1,0.996946186086351
2690,0.110626966836117,126.506720624368,1,0.994289421308337
2691,0.118857419511014,126.553692730163,1,0.987828475039309
2692,0.127039457758412,126.600664835959,1,0.975289082542643
2693,0.134882595013314,126.647636941755,1,0.953464600025829
2694,0.139143064633261,126.69460904755,1,0.93573453873685
2695,0.142483660130719,126.741581153346,1,0.918162893964307
2696,0.146163156620673,126.788553259142,1,0.894525286579548
2697,0.148390220285645,126.835525364937,1,0.877843697829494
2698,0.156184943113048,126.882497470733,1,0.804461357858273
2699,0.165916243040426,126.929469576528,1,0.682700207939719
2700,0.17443718228032,126.976441682324,1,0.560330735234952
2701,0.180343742435246,127.02341378812,2,0.475899845627146
2702,0.189929799080126,127.070385893915,2,0.353264016676938
2703,0.202227063664972,127.117357999711,2,0.234909698626425
2704,0.212055192447349,127.164330105507,2,0.170817427211824
2705,0.219123698862261,127.211302211302,2,0.137863216243328
2706,0.225465988864682,127.258274317098,2,0.115430012865634
2707,0.230549503752118,127.305246422894,2,0.101288551394094
2708,0.233890099249576,127.352218528689,2,0.0935233481721604
2709,0.235633018639555,127.399190634485,2,0.0898916857921383
2710,0.233696441539579,127.44616274028,2,0.0939438977048679
2711,0.234906802227064,127.493134846076,2,0.0913718791327001
2712,0.239312515129509,127.540106951872,2,0.0830673714371814
2713,0.236262406197047,127.587079057667,2,0.0886458135348375
2714,0.238102154442024,127.634051163463,2,0.0851928095754024
2715,0.239748244977003,127.681023269259,2,0.0823293779985421
2716,0.239748244977003,127.727995375054,2,0.0823293779985421
2717,0.240329218106996,127.77496748085,2,0.0813671272404876
2718,0.24158799322198,127.821939586645,2,0.0793650628155821
2719,0.243088840474461,127.868911692441,2,0.0771200012314146
2720,0.244202372306947,127.915883798237,2,0.0755494214010462
2721,0.242314209634471,127.962855904032,2,0.0782599305878656
2722,0.239603001694505,128.009828009828,2,0.0825738084960091
2723,0.235148874364561,128.056800115624,2,0.0908733297209988
2724,0.231082062454611,128.103772221419,2,0.0999754127694937
2725,0.230016945049625,128.150744327215,2,0.102631709279162
2726,0.227450980392157,128.197716433011,2,0.109544980971326
2727,0.22561123214718,128.244688538806,2,0.114982570579093
2728,0.226676349552167,128.291660644602,2,0.111783352207248
2729,0.229871701767127,128.338632750397,2,0.103003319313116
2730,0.231517792302106,128.385604856193,2,0.0989229144379618
2731,0.232486080852094,128.432576961989,2,0.0966527705494083
2732,0.230743161462116,128.479549067784,2,0.100807606558253
2733,0.228758169934641,128.52652117358,2,0.105929527694033
2734,0.226870007262164,128.573493279376,2,0.111216901480272
2735,0.225369160009683,128.620465385171,2,0.115729824938044
2736,0.224061970467199,128.667437490967,2,0.119898541319776
2737,0.229193899782135,128.714409596763,2,0.104768045413651
2738,0.231033648027112,128.761381702558,2,0.100093565204453
2739,0.235875090777052,128.808353808354,2,0.0894084937712105
2740,0.241733236504478,128.855325914149,2,0.079141166515102
2741,0.246961994674413,128.902298019945,2,0.0719841557561183
2742,0.251367707576858,128.949270125741,2,0.067168670161773
2743,0.257516339869281,128.996242231536,2,0.0620031152649118
2744,0.262212539336722,129.043214337332,2,0.0591042094262667
2745,0.259791817961753,129.090186443128,2,0.0604938859142008
2746,0.258871943839264,129.137158548923,2,0.0610796369658045
2747,0.257516339869281,129.184130654719,2,0.0620031152649118
2748,0.256063907044299,129.231102760515,2,0.0630749824582502
2749,0.255482933914306,129.27807486631,2,0.0635283756149718
2750,0.253740014524328,129.325046972106,2,0.0649762345480552
2751,0.249915274751876,129.372019077901,2,0.0686447996228469
2752,0.246235778261922,129.418991183697,2,0.0728788935709654
2753,0.245170660856935,129.465963289493,2,0.0742467115792119
2754,0.245315904139434,129.512935395288,2,0.0740562250603163
2755,0.247591382231905,129.559907501084,2,0.0712328475710304
2756,0.249189058339385,129.60687960688,2,0.0694229155899715
2757,0.248995400629388,129.653851712675,2,0.0696350436663049
2758,0.24957637375938,129.700823818471,2,0.0690045308212446
2759,0.250302590171871,129.747795924267,2,0.0682408514078913
2760,0.249479544904382,129.794768030062,2,0.0691083971041419
2761,0.246332607116921,129.841740135858,2,0.0727578458043293
2762,0.24638102154442,129.888712241653,2,0.0726975251650014
2763,0.245461147421932,129.935684347449,2,0.0738670025827008
2764,0.245122246429436,129.982656453245,2,0.0743104891326204
2765,0.245557976276931,130.02962855904,2,0.0737415532440523
2766,0.245219075284435,130.076600664836,2,0.0741830752139982
2767,0.24076494795449,130.123572770632,2,0.0806614457003011
2768,0.235633018639555,130.170544876427,2,0.0898916857921383
2769,0.22716049382716,130.217516982223,2,0.110375830697043
2770,0.221544420237231,130.264489088019,2,0.128597115416011
2771,0.215928346647301,130.311461193814,2,0.151596359887588
2772,0.212248850157347,130.35843329961,2,0.169783756842865
2773,0.209489227789881,130.405405405405,2,0.185289047003084
2774,0.210312273057371,130.452377511201,2,0.180486789364071
2775,0.212684580004841,130.499349616997,2,0.1674869892032
2776,0.213217138707335,130.546321722792,2,0.164733633069504
2777,0.215153715807311,130.593293828588,2,0.155204074165059
2778,0.215831517792302,130.640265934384,2,0.152041141620309
2779,0.214621157104817,130.687238040179,2,0.1577509129417
2780,0.211667877027354,130.734210145975,2,0.172908826526106
2781,0.208230452674897,130.781182251771,2,0.192938717846142
2782,0.204212055192447,130.828154357566,2,0.219980179460275
2783,0.197772936335028,130.875126463362,2,0.272496415895858
2784,0.191285403050109,130.922098569157,2,0.337957185041149
2785,0.189639312515129,130.969070674953,2,0.356615845108731
2786,0.19360929557008,131.016042780749,2,0.313020428686501
2787,0.194141854272573,131.063014886544,2,0.307539855463429
2788,0.195255386105059,131.10998699234,2,0.296363153228329
2789,0.201452432824982,131.156959098136,2,0.241033253037547
2790,0.208230452674897,131.203931203931,2,0.192938717846142
2791,0.216702977487291,131.250903309727,2,0.148100523111545
2792,0.22638586298717,131.297875415522,2,0.112641722238474
2793,0.227886710239651,131.344847521318,2,0.108317614625462
2794,0.231469377874607,131.391819627114,2,0.099038897729556
2795,0.234616315662067,131.438791732909,2,0.0919770299207242
2796,0.234083756959574,131.485763838705,2,0.093106274656602
2797,0.231614621157105,131.532735944501,2,0.0986916635019364
2798,0.227499394819656,131.579708050296,2,0.109407491475995
2799,0.224933430162188,131.626680156092,2,0.117094134472347
2800,0.223093681917211,131.673652261888,2,0.123136659711899
2801,0.228467683369644,131.720624367683,2,0.106715815797662
2802,0.229387557492133,131.767596473479,2,0.104258661146768
2803,0.229193899782135,131.814568579274,2,0.104768045413651
2804,0.226918421689664,131.86154068507,2,0.111076008204233
2805,0.223626240619705,131.908512790866,2,0.12133951501044
2806,0.220624546114742,131.955484896661,2,0.13200940929712
2807,0.218833212297265,132.002457002457,2,0.139038662155939
2808,0.217380779472283,132.049429108253,2,0.145130996856842
2809,0.215153715807311,132.096401214048,2,0.155204074165059
2810,0.216896635197289,132.143373319844,2,0.147243679594912
2811,0.219268942144759,132.19034542564,2,0.137280744842722
2812,0.220334059549746,132.237317531435,2,0.133114262018066
2813,0.221060275962237,132.284289637231,2,0.130376839735982
2814,0.223093681917211,132.331261743026,2,0.123136659711899
2815,0.22561123214718,132.378233848822,2,0.114982570579093
2816,0.227789881384653,132.425205954618,2,0.108588418155212
2817,0.232292423142096,132.472178060413,2,0.0970993350641924
2818,0.234083756959574,132.519150166209,2,0.093106274656602
2819,0.237521181312031,132.566122272005,2,0.086253581257521
2820,0.24236262406197,132.6130943778,2,0.0781875205987768
2821,0.246671508109417,132.660066483596,2,0.0723384320848561
2822,0.248608085209392,132.707038589392,2,0.0700652361530607
2823,0.248656499636892,132.754010695187,2,0.0700110265986202
2824,0.247785039941903,132.800982800983,2,0.071006102533683
2825,0.245364318566933,132.847954906778,2,0.0739930107794002
2826,0.2399903171145,132.894927012574,2,0.0819254467277664
2827,0.230888404744614,132.94189911837,2,0.100449484467849
2828,0.22081820382474,132.988871224165,2,0.131280184782186
2829,0.210457516339869,133.035843329961,2,0.17965532810916
2830,0.200871459694989,133.082815435757,2,0.245738040534699
2831,0.193899782135076,133.129787541552,2,0.310020177164185
2832,0.19036552892762,133.176759647348,2,0.348283562964044
2833,0.193802953280077,133.223731753144,2,0.31101736839077
2834,0.194045025417574,133.270703858939,2,0.308529814455767
2835,0.196949891067538,133.317675964735,2,0.28008633083953
2836,0.201791333817478,133.36464807053,2,0.238333301537808
2837,0.203340595497458,133.411620176326,2,0.226401447261185
2838,0.201742919389978,133.458592282122,2,0.238717012316267
2839,0.200919874122489,133.505564387917,2,0.24534227344609
2840,0.202178649237473,133.552536493713,2,0.235287458417253
2841,0.206729605422416,133.599508599509,2,0.202559271817643
2842,0.208617768094892,133.646480705304,2,0.19054499975397
2843,0.211813120309852,133.6934528111,2,0.172120774427327
2844,0.213362381989833,133.740424916896,2,0.163992860388057
2845,0.21360445412733,133.787397022691,2,0.162767797720924
2846,0.213217138707335,133.834369128487,2,0.164733633069504
2847,0.212684580004841,133.881341234282,2,0.1674869892032
2848,0.212732994432341,133.928313340078,2,0.167234251837446
2849,0.209343984507383,133.975285445874,2,0.186152687708769
2850,0.211958363592351,134.022257551669,2,0.171337260012645
2851,0.216170418784798,134.069229657465,2,0.150492039798842
2852,0.218881626724764,134.116201763261,2,0.138841777250712
2853,0.220624546114742,134.163173869056,2,0.13200940929712
2854,0.221108690389736,134.210145974852,2,0.130197255390462
2855,0.221834906802227,134.257118080648,2,0.127546314923352
2856,0.22236746550472,134.304090186443,2,0.125652473977403
2857,0.223529411764706,134.351062292239,2,0.121663306383191
2858,0.226870007262164,134.398034398034,2,0.111216901480272
2859,0.231082062454611,134.44500650383,2,0.0999754127694937
2860,0.233163882837085,134.491978609626,2,0.095118551296987
2861,0.234471072379569,134.538950715421,2,0.0922824497898004
2862,0.234713144517066,134.585922821217,2,0.0917744728661634
2863,0.235342532074558,134.632894927013,2,0.0904782134887299
2864,0.234664730089567,134.679867032808,2,0.091875646043219
2865,0.228370854514645,134.726839138604,2,0.106980062565758
2866,0.228128782377148,134.773811244399,2,0.107645423665523
2867,0.229048656499637,134.820783350195,2,0.105152831270497
2868,0.232098765432099,134.867755455991,2,0.0975496029798407
2869,0.236601307189542,134.914727561786,2,0.0879888632306048
2870,0.237666424594529,134.961699667582,2,0.0859858690009161
2871,0.235390946502058,135.008671773378,2,0.0903799482775462
2872,0.232679738562092,135.055643879173,2,0.0962098810511727
2873,0.226821592834665,135.102615984969,2,0.111358081965629
2874,0.220479302832244,135.149588090765,2,0.132560176107685
2875,0.208375695957395,135.19656019656,2,0.192036863015894
2876,0.197046719922537,135.243532302356,2,0.279182730865665
2877,0.190510772210119,135.290504408151,2,0.346636081261872
2878,0.184749455337691,135.337476513947,2,0.416659229401467
2879,0.176954732510288,135.384448619743,1,0.523885324639344
2880,0.172403776325345,135.431420725538,1,0.58994971207566
2881,0.175066569837812,135.478392831334,1,0.55118174237742
2882,0.175502299685306,135.52536493713,1,0.544859561713604
2883,0.1760348583878,135.572337042925,1,0.537149143345546
2884,0.177777777777778,135.619309148721,1,0.512089628269738
2885,0.182570806100218,135.666281254517,2,0.445424092347311
2886,0.189397240377633,135.713253360312,2,0.359428192765296
2887,0.197143548777536,135.760225466108,2,0.278281981737715
2888,0.202856451222464,135.807197571903,2,0.230058449658548
2889,0.209731299927378,135.854169677699,2,0.183860500018521
2890,0.214717985959816,135.901141783495,2,0.157283760677622
2891,0.215831517792302,135.94811388929,2,0.152041141620309
2892,0.213120309852336,135.995085995086,2,0.165229884436137
2893,0.215395787944808,136.042058100882,2,0.154064455648836
2894,0.222706366497216,136.089030206677,2,0.124468958375435
2895,0.22880658436214,136.136002312473,2,0.105799415196154
2896,0.232244008714597,136.182974418269,2,0.0972115537354568
2897,0.233163882837085,136.229946524064,2,0.095118551296987
2898,0.231033648027112,136.27691862986,2,0.100093565204453
2899,0.230065359477124,136.323890735655,2,0.102508346725958
2900,0.230452674897119,136.370862841451,2,0.101530510405805
2901,0.230985233599613,136.417834947247,2,0.100211960985996
2902,0.232340837569596,136.464807053042,2,0.096987347854357
2903,0.235681433067054,136.511779158838,2,0.0897946432935377
2904,0.239022028564512,136.558751264634,2,0.0835672622086597
2905,0.245315904139434,136.605723370429,2,0.0740562250603163
2906,0.246090534979424,136.652695476225,2,0.0730614849567667
2907,0.247833454369402,136.699667582021,2,0.0709497384717113
2908,0.249818445896877,136.746639687816,2,0.0687469789595153
2909,0.254175744371823,136.793611793612,2,0.0646017054657019
2910,0.260421205519245,136.840583899407,2,0.0601116824095453
2911,0.260179133381748,136.887556005203,2,0.0602569176196305
2912,0.254950375211813,136.934528110999,2,0.0639566686113149
2913,0.262648269184217,136.981500216794,2,0.0588767203914045
2914,0.26318082788671,137.02847232259,2,0.0586078194145319
2915,0.262987170176713,137.075444428386,2,0.0587044448718442
2916,0.263616557734205,137.122416534181,2,0.0583952114149126
2917,0.26477850399419,137.169388639977,2,0.057860333236676
2918,0.26719922536916,137.216360745773,2,0.0568918850572076
2919,0.270346163156621,137.263332851568,2,0.0559160465993392
2920,0.272524812394093,137.310304957364,2,0.0554208284415719
2921,0.272282740256596,137.357277063159,2,0.0554687182954612
2922,0.270539820866618,137.404249168955,2,0.0558661384415212
2923,0.26642459452917,137.451221274751,2,0.0571807218827497
2924,0.261873638344227,137.498193380546,2,0.0592858452196796
2925,0.257274267731784,137.545165486342,2,0.062175750633853
2926,0.251900266279351,137.592137592138,2,0.0666533928919267
2927,0.245267489711934,137.639109697933,2,0.0741195797898723
2928,0.2399903171145,137.686081803729,2,0.0819254467277664
2929,0.230646332607117,137.733053909525,2,0.101047584718092
2930,0.221883321229726,137.78002601532,2,0.127372410462567
2931,0.209779714354878,137.826998121116,2,0.183576411415817
2932,0.199419026870007,137.873970226911,2,0.257927799894566
2933,0.192205277172597,137.920942332707,2,0.327888201838192
2934,0.184991527475188,137.967914438503,2,0.413534298232431
2935,0.17763253449528,138.014886544298,1,0.514165637741
2936,0.172984749455338,138.061858650094,1,0.581485790194406
2937,0.169983054950375,138.10883075589,1,0.625075645678857
2938,0.169402081820382,138.155802861685,1,0.633442590316571
2939,0.175260227547809,138.202774967481,1,0.548370526702494
2940,0.185524086177681,138.249747073276,2,0.406712319180881
2941,0.192737835875091,138.296719179072,2,0.322177285892361
2942,0.2,138.343691284868,2,0.252977943803086
2943,0.209828128782377,138.390663390663,2,0.183292861175876
2944,0.218155410312273,138.437635496459,2,0.141836597088256
2945,0.225950133139676,138.484607602255,2,0.113949078131858
2946,0.227789881384653,138.53157970805,2,0.108588418155211
2947,0.230694747034616,138.578551813846,2,0.100927472311789
2948,0.23277656741709,138.625523919642,2,0.0959898056258931
2949,0.234858387799564,138.672496025437,2,0.09147221352072
2950,0.238344226579521,138.719468131233,2,0.0847586834670263
2951,0.24158799322198,138.766440237028,2,0.0793650628155821
2952,0.243718228031954,138.813412342824,2,0.0762225872264617
2953,0.243815056886952,138.86038444862,2,0.0760867714643924
2954,0.24483175986444,138.907356554415,2,0.0746961333176289
2955,0.246719922536916,138.954328660211,2,0.0722790528720587
2956,0.249431130476882,139.001300766007,2,0.0691605122240352
2957,0.249818445896877,139.048272871802,2,0.0687469789595153
2958,0.252723311546841,139.095244977598,2,0.0658836413108424
2959,0.25679012345679,139.142217083394,2,0.0625281829896292
2960,0.258533042846768,139.189189189189,2,0.0613036994005604
2961,0.26163156620673,139.236161294985,2,0.0594181226454895
2962,0.261776809489228,139.28313340078,2,0.0593385015718109
2963,0.261825223916727,139.330105506576,2,0.059312131023579
2964,0.262938755749213,139.377077612372,2,0.0587288073494368
2965,0.263035584604212,139.424049718167,2,0.0586801649275664
2966,0.263568143306705,139.471021823963,2,0.0584185077471392
2967,0.26560154926168,139.517993929759,2,0.0575092252554654
2968,0.267247639796659,139.564966035554,2,0.0568744813772799
2969,0.268700072621641,139.61193814135,2,0.0563874065791075
2970,0.265940450254176,139.658910247146,2,0.0573712416003123
2971,0.259598160251755,139.705882352941,2,0.0606145041940849
2972,0.255047204066812,139.752854458737,2,0.0638778857643881
2973,0.25199709513435,139.799826564532,2,0.0665611696060319
2974,0.248704914064391,139.846798670328,2,0.0699569418842816
2975,0.246477850399419,139.893770776124,2,0.0725772892080152
2976,0.247833454369402,139.940742881919,2,0.0709497384717113
2977,0.24880174291939,139.987714987715,2,0.0698491461471276
2978,0.250544662309368,140.034687093511,2,0.0679922274744847
2979,0.251319293149359,140.081659199306,2,0.0672161939734592
2980,0.249431130476882,140.128631305102,2,0.0691605122240352
2981,0.249189058339385,140.175603410898,2,0.0694229155899715
2982,0.249866860324377,140.222575516693,2,0.0686958293862896
2983,0.250254175744372,140.269547622489,2,0.0682909296606339
2984,0.249770031469378,140.316519728284,2,0.0687982485377097
2985,0.246768336964415,140.36349183408,2,0.0722198072269484
2986,0.244202372306947,140.410463939876,2,0.0755494214010462
2987,0.23916727184701,140.457436045671,2,0.0833165214220308
2988,0.234471072379569,140.504408151467,2,0.0922824497898004
2989,0.230839990317114,140.551380257263,2,0.10056861310999
2990,0.230259017187122,140.598352363058,2,0.102017420789522
2991,0.231469377874607,140.645324468854,2,0.099038897729556
2992,0.232437666424595,140.69229657465,2,0.0967640660404679
2993,0.230355846042121,140.739268680445,2,0.101773465587762
2994,0.232195594287098,140.786240786241,2,0.0973240043139012
2995,0.236940208182038,140.833212892036,2,0.0873414809044091
2996,0.240426046961995,140.880184997832,2,0.0812091336488814
2997,0.241733236504478,140.927157103628,2,0.079141166515102
2998,0.243137254901961,140.974129209423,2,0.0770500626750336
2999,0.247785039941903,141.021101315219,2,0.071006102533683
3000,0.249673202614379,141.068073421015,2,0.0689011484922255
3001,0.254708303074316,141.11504552681,2,0.0641554115884899
3002,0.259404502541757,141.162017632606,2,0.0607365546493189
3003,0.260856935366739,141.208989738402,2,0.0598557732273484
3004,0.258000484144275,141.255961844197,2,0.0616649262154721
3005,0.256160735899298,141.302933949993,2,0.0630008040063492
3006,0.257080610021787,141.349906055788,2,0.0623155730490546
3007,0.253982086661825,141.396878161584,2,0.0647671129374047
3008,0.248366013071895,141.44385026738,2,0.0703381638194343
3009,0.258484628419269,141.490822373175,2,0.0613360755604606
3010,0.254805131929315,141.537794478971,2,0.0640756075087779
3011,0.250786734446865,141.584766584767,2,0.0677465317820553
3012,0.247881868796901,141.631738690562,2,0.0708935028543121
3013,0.245557976276931,141.678710796358,2,0.0737415532440523
3014,0.241491164366981,141.725682902154,2,0.0795151324543802
3015,0.234761558944565,141.772655007949,2,0.0916735099874385
3016,0.229678044057129,141.819627113745,2,0.103502369891223
3017,0.231953522149601,141.86659921954,2,0.0978897514782493
3018,0.229678044057129,141.913571325336,2,0.103502369891223
3019,0.226918421689664,141.960543431132,2,0.111076008204233
3020,0.226821592834665,142.007515536927,2,0.111358081965629
3021,0.229968530622125,142.054487642723,2,0.102755325235121
3022,0.234180585814573,142.101459748519,2,0.0928990331070535
3023,0.238779956427015,142.148431854314,2,0.0839887228842178
3024,0.242168966351973,142.19540396011,2,0.0784781027885436
3025,0.235342532074558,142.242376065905,2,0.0904782134887299
3026,0.238295812152021,142.289348171701,2,0.0848451424004969
3027,0.238102154442024,142.336320277497,2,0.0851928095754024
3028,0.23437424352457,142.383292383292,2,0.0924871239483334
3029,0.229823287339627,142.430264489088,2,0.103127698416428
3030,0.224933430162188,142.477236594884,2,0.117094134472347
3031,0.221931735657226,142.524208700679,2,0.127198855380114
3032,0.221738077947228,142.571180806475,2,0.127895174603331
3033,0.225127087872186,142.618152912271,2,0.116484699347998
3034,0.223480997337206,142.665125018066,2,0.121825693278286
3035,0.222512708787219,142.712097123862,2,0.125143208610142
3036,0.219511014282256,142.759069229657,2,0.13631767313535
3037,0.213071895424837,142.806041335453,2,0.165478733390227
3038,0.206681190994916,142.853013441249,2,0.202878912236243
3039,0.201258775114984,142.899985547044,2,0.242590770419359
3040,0.196949891067538,142.94695765284,2,0.28008633083953
3041,0.190801258775115,142.993929758636,2,0.343360203486533
3042,0.18557250060518,143.040901864431,2,0.406095791846739
3043,0.182231905107722,143.087873970227,2,0.449996355481324
3044,0.182667634955217,143.134846076023,2,0.444122330539071
3045,0.182764463810215,143.181818181818,2,0.442822640694924
3046,0.183054950375212,143.228790287614,2,0.438936152205634
3047,0.188235294117647,143.275762393409,2,0.373167130753378
3048,0.194964899540063,143.322734499205,2,0.299241970452124
3049,0.200145243282498,143.369706605001,2,0.251755948591501
3050,0.20319535221496,143.416678710796,2,0.227491773438944
3051,0.204889857177439,143.463650816592,2,0.215126999307293
3052,0.203534253207456,143.510622922388,2,0.224956665748388
3053,0.20159767610748,143.557595028183,2,0.239872133989414
3054,0.199709513435004,143.604567133979,2,0.255440467982395
3055,0.202808036794965,143.651539239775,2,0.230427708694394
3056,0.208085209392399,143.69851134557,2,0.193845652045759
3057,0.210844831759864,143.745483451366,2,0.177461224107441
3058,0.215783103364803,143.792455557161,2,0.15226418990865
3059,0.217719680464779,143.839427662957,2,0.143676820976876
3060,0.216315662067296,143.886399768753,2,0.149834652153416
3061,0.214766400387315,143.933371874548,2,0.15705086944511
3062,0.21123214717986,143.980343980344,2,0.175300427809644
3063,0.209876543209877,144.02731608614,2,0.183009848483456
3064,0.213846526264827,144.074288191935,2,0.161554596922141
3065,0.212055192447349,144.121260297731,2,0.170817427211824
3066,0.214814814814815,144.168232403527,2,0.156818433770302
3067,0.216896635197289,144.215204509322,2,0.147243679594912
3068,0.216557734204793,144.262176615118,2,0.148747614247377
3069,0.215637860082305,144.309148720913,2,0.152935973660489
3070,0.215347373517308,144.356120826709,2,0.154291485339576
3071,0.215347373517308,144.403092932505,2,0.154291485339576
3072,0.214040183974824,144.4500650383,2,0.160592510160955
3073,0.214185427257323,144.497037144096,2,0.159875854947728
3074,0.21200677801985,144.544009249892,2,0.17107709313732
3075,0.21036068748487,144.590981355687,2,0.180209107304799
3076,0.211425804889857,144.637953461483,2,0.174232389863792
3077,0.214863229242314,144.684925567279,2,0.156586452872503
3078,0.218252239167272,144.731897673074,2,0.14143210648107
3079,0.220043572984749,144.77886977887,2,0.134232465173165
3080,0.22076978939724,144.825841884665,2,0.131461943174558
3081,0.220430888404745,144.872813990461,2,0.132744501710814
3082,0.220915032679739,144.919786096257,2,0.130917759406086
3083,0.221011861534737,144.966758202052,2,0.130556784738757
3084,0.221641249092229,145.013730307848,2,0.128245439676736
3085,0.223045267489712,145.060702413644,2,0.123302023818497
3086,0.225078673444687,145.107674519439,2,0.11663659506539
3087,0.227693052529654,145.154646625235,2,0.108860329288698
3088,0.229726458484628,145.201618731031,2,0.103377223211992
3089,0.227741466957153,145.248590836826,2,0.108724235004773
3090,0.229097070927136,145.295562942622,2,0.105024306626204
3091,0.230985233599613,145.342535048417,2,0.100211960985996
3092,0.230501089324619,145.389507154213,2,0.101409406618679
3093,0.229920116194626,145.436479260009,2,0.102879195083051
3094,0.23122730573711,145.483451365804,2,0.0996224108627851
3095,0.230936819172113,145.5304234716,2,0.100330600583644
3096,0.227838295812152,145.577395577396,2,0.108452878206339
3097,0.226192205277173,145.624367683191,2,0.113219817054118
3098,0.221883321229726,145.671339788987,2,0.127372410462567
3099,0.218784797869765,145.718311894783,2,0.139235939627695
3100,0.218881626724764,145.765284000578,2,0.138841777250712
3101,0.219559428709756,145.812256106374,2,0.13612620954286
3102,0.219849915274752,145.859228212169,2,0.134985424302014
3103,0.222028564512225,145.906200317965,2,0.12685279073272
3104,0.22561123214718,145.953172423761,2,0.114982570579093
3105,0.224255628177197,146.000144529556,2,0.119266478719942
3106,0.228661341079642,146.047116635352,2,0.106190552502132
3107,0.232873396272089,146.094088741148,2,0.0957706384144747
3108,0.234713144517066,146.141060846943,2,0.0917744728661634
3109,0.235003631082062,146.188032952739,2,0.0911718360535728
3110,0.236407649479545,146.235005058534,2,0.0883630836639124
3111,0.236456063907044,146.28197716433,2,0.0882692343654773
3112,0.235875090777052,146.328949270126,2,0.0894084937712105
3113,0.236601307189542,146.375921375921,2,0.0879888632306048
3114,0.237521181312031,146.422893481717,2,0.086253581257521
3115,0.238925199709513,146.469865587513,2,0.0837353109134811
3116,0.239893488259501,146.516837693308,2,0.0820865032199822
3117,0.243572984749455,146.563809799104,2,0.0764274281405584
3118,0.250302590171871,146.6107819049,2,0.0682408514078913
3119,0.256257564754297,146.657754010695,2,0.0629270188952076
3120,0.259598160251755,146.704726116491,2,0.0606145041940849
3121,0.256596465746793,146.751698222286,2,0.0626718527664188
3122,0.254078915516824,146.798670328082,2,0.0646841999494316
3123,0.250738320019366,146.845642433878,2,0.0677954377870176
3124,0.248511256354394,146.892614539673,2,0.0701740306141348
3125,0.247833454369402,146.939586645469,2,0.0709497384717113
3126,0.248269184216897,146.986558751265,2,0.0704482160811842
3127,0.250980392156863,147.03353085706,2,0.0675520678514047
3128,0.253304284676834,147.080502962856,2,0.065359327379581
3129,0.254078915516824,147.127475068652,2,0.0646841999494315
3130,0.253933672234326,147.174447174447,2,0.0648087267591679
3131,0.252965383684338,147.221419280243,2,0.065663283687097
3132,0.251609779714355,147.268391386038,2,0.0669327575110186
3133,0.251125635439361,147.315363491834,2,0.0674074328305859
3134,0.247930283224401,147.36233559763,2,0.0708373954652338
3135,0.243330912611958,147.409307703425,2,0.0767718268530835
3136,0.241684822076979,147.456279809221,2,0.0792156379190076
3137,0.237956911159526,147.503251915017,2,0.0854554926148785
3138,0.236988622609538,147.550224020812,2,0.087249771411761
3139,0.235584604212055,147.597196126608,2,0.0899889311076769
3140,0.233551198257081,147.644168232404,2,0.0942616070727122
3141,0.22958121520213,147.691140338199,2,0.103753434287166
3142,0.224497700314694,147.738112443995,2,0.118483561637375
3143,0.221399176954733,147.78508454979,2,0.129127285595627
3144,0.219898329702251,147.832056655586,2,0.134796619628173
3145,0.219559428709756,147.879028761382,2,0.13612620954286
3146,0.215347373517308,147.926000867177,2,0.154291485339576
3147,0.213507625272331,147.972972972973,2,0.163256393797899
3148,0.215686274509804,148.019945078769,2,0.152711605161265
3149,0.218494311304769,148.066917184564,2,0.140427888486107
3150,0.218930041152263,148.11388929036,2,0.138645284197419
3151,0.219704671992254,148.160861396156,2,0.135554107623199
3152,0.221689663519729,148.207833501951,2,0.128070131136697
3153,0.219704671992254,148.254805607747,2,0.135554107623199
3154,0.212539336722343,148.301777713542,2,0.168248142490483
3155,0.206729605422416,148.348749819338,2,0.202559271817643
3156,0.203824739772452,148.395721925134,2,0.222808658092284
3157,0.206293875574921,148.442694030929,2,0.205457342392597
3158,0.212248850157347,148.489666136725,2,0.169783756842865
3159,0.217041878479787,148.536638242521,2,0.146605479177107
3160,0.217816509319777,148.583610348316,2,0.143265036427061
3161,0.218106995884774,148.630582454112,2,0.142039446025252
3162,0.216945049624788,148.677554559908,2,0.147030525254865
3163,0.214911643669814,148.724526665703,2,0.156354925971658
3164,0.214233841684822,148.771498771499,2,0.15963790087661
3165,0.21442749939482,148.818470877294,2,0.158690718582662
3166,0.214572742677318,148.86544298309,2,0.157985175537807
3167,0.214137012829823,148.912415088886,2,0.160114273993014
3168,0.213798111837328,148.959387194681,2,0.161796292898353
3169,0.217913338174776,149.006359300477,2,0.142854882990336
3170,0.214766400387315,149.053331406273,2,0.15705086944511
3171,0.213410796417332,149.100303512068,2,0.163746894133057
3172,0.214233841684822,149.147275617864,2,0.15963790087661
3173,0.215250544662309,149.19424772366,2,0.154746884191931
3174,0.21679980634229,149.241219829455,2,0.147671254621486
3175,0.219123698862261,149.288191935251,2,0.137863216243328
3176,0.219026870007262,149.335164041046,2,0.138253470792767
3177,0.221738077947228,149.382136146842,2,0.127895174603331
3178,0.223480997337206,149.429108252638,2,0.121825693278286
3179,0.22561123214718,149.476080358433,2,0.114982570579093
3180,0.226046961994674,149.523052464229,2,0.11365648405784
3181,0.224885015734689,149.570024570025,2,0.117247266994639
3182,0.223626240619705,149.61699667582,2,0.12133951501044
3183,0.222900024207214,149.663968781616,2,0.123800122315599
3184,0.222754780924716,149.710940887411,2,0.124301243376528
3185,0.22478818687969,149.757912993207,2,0.117554464672828
3186,0.222561123214718,149.804885099003,2,0.124974136236154
3187,0.218058581457274,149.851857204798,2,0.142242698354757
3188,0.21278140885984,149.898829310594,2,0.166982003330673
3189,0.207843137254902,149.94580141639,2,0.195368555792451
3190,0.204647785039942,149.992773522185,2,0.216846250491497
3191,0.200048414427499,150.039745627981,2,0.252569926899079
3192,0.197046719922537,150.086717733777,2,0.279182730865665
3193,0.2,150.133689839572,2,0.252977943803086
3194,0.202130234809973,150.180661945368,2,0.235665876808145
3195,0.206100217864924,150.227634051163,2,0.206760843948855
3196,0.213507625272331,150.274606156959,2,0.163256393797899
3197,0.222028564512225,150.321578262755,2,0.12685279073272
3198,0.231711450012104,150.36855036855,2,0.0984613637041738
3199,0.241733236504478,150.415522474346,2,0.079141166515102
3200,0.248462841926894,150.462494580142,2,0.070228615938009
3201,0.25122246429436,150.509466685937,2,0.0673115843177589
3202,0.254175744371823,150.556438791733,2,0.0646017054657019
3203,0.255628177196805,150.603410897529,2,0.0634136828439287
3204,0.25679012345679,150.650383003324,2,0.0625281829896292
3205,0.256741709029291,150.69735510912,2,0.06256395523375
3206,0.253788428951828,150.744327214915,2,0.0649341994114267
3207,0.249237472766885,150.791299320711,2,0.0693701905464829
3208,0.246477850399419,150.838271426507,2,0.0725772892080152
3209,0.242701525054466,150.885243532302,2,0.0776850186951542
3210,0.240716533526991,150.932215638098,2,0.0807391855314847
3211,0.237666424594529,150.979187743894,2,0.0859858690009161
3212,0.235923505204551,151.026159849689,2,0.0893124595914791
3213,0.234616315662067,151.073131955485,2,0.0919770299207242
3214,0.235100459937061,151.120104061281,2,0.0909726245884178
3215,0.23602033405955,151.167076167076,2,0.0891209924004227
3216,0.237037037037037,151.214048272872,2,0.0871582542484302
3217,0.235729847494553,151.261020378667,2,0.0896978032263955
3218,0.240280803679497,151.307992484463,2,0.081446377474171
3219,0.244541273299443,151.354964590259,2,0.075086923208264
3220,0.248414427499395,151.401936696054,2,0.0702833269364684
3221,0.251803437424352,151.44890880185,2,0.0667460643679722
3222,0.253691600096829,151.495880907646,2,0.0650183754071306
3223,0.256354393609296,151.542853013441,2,0.0628536260266712
3224,0.259259259259259,151.589825119237,2,0.060829036669579
3225,0.261776809489228,151.636797225033,2,0.0593385015718109
3226,0.267005567659162,151.683769330828,2,0.0569622603045406
3227,0.27276688453159,151.730741436624,2,0.0553747070819788
3228,0.27601065117405,151.777713542419,2,0.0549255189758983
3229,0.274993948196563,151.824685648215,2,0.0550327078528473
3230,0.271314451706609,151.871657754011,2,0.0556780500665713
3231,0.268215928346647,151.918629859806,2,0.0565422715380046
3232,0.266037279109175,151.965601965602,2,0.0573325181709748
3233,0.259259259259259,152.012574071398,2,0.060829036669579
3234,0.251948680706851,152.059546177193,2,0.0666072253126294
3235,0.242749939481966,152.106518282989,2,0.0776138533375491
3236,0.234567901234568,152.153490388785,2,0.0920786249016424
3237,0.229435971919632,152.20046249458,2,0.104131965927161
3238,0.223142096344711,152.247434600376,2,0.122971628916136
3239,0.212684580004841,152.294406706171,2,0.1674869892032
3240,0.202227063664972,152.341378811967,2,0.234909698626425
3241,0.195158557250061,152.388350917763,2,0.297319872049649
3242,0.181166787702735,152.435323023558,2,0.464522818135488
3243,0.163447107237957,152.482295129354,1,0.716185832053421
3244,0.148099733720649,152.52926723515,1,0.880125125178408
3245,0.135560396998305,152.576239340945,1,0.950961211002333
3246,0.126071169208424,152.623211446741,1,0.977220118726761
3247,0.11919632050351,152.670183552537,1,0.987454883101964
3248,0.114500121036069,152.717155658332,1,0.991802928279303
3249,0.106511740498669,152.764127764128,1,0.996149486709372
3250,0.104865649963689,152.811099869923,1,0.996720435503508
3251,0.0982328733962721,152.858071975719,1,0.998309880905863
3252,0.0891309610263859,152.905044081515,1,0.999347173555861
3253,0.0841926894214476,152.95201618731,1,0.999618024125112
3254,0.0810941660614863,152.998988293106,1,0.999729035463038
3255,0.0760106511740499,153.045960398902,1,0.999847548150882
3256,0.072960542241588,153.092932504697,1,0.999892795292955
3257,0.0733478576615832,153.139904610493,1,0.999887860441646
3258,0.076640038731542,153.186876716289,1,0.999836166490817
3259,0.0807552650689906,153.233848822084,1,0.999739109396971
3260,0.089518276446381,153.28082092788,1,0.999319547126784
3261,0.10641491164367,153.327793033675,1,0.996185497315351
3262,0.124570321955943,153.374765139471,1,0.979945926466494
3263,0.147760832728153,153.421737245267,1,0.882746409964271
3264,0.167271847010409,153.468709351062,1,0.663772559578356
3265,0.184410554345195,153.515681456858,2,0.421058895639849
3266,0.198644396030017,153.562653562654,2,0.264682803020073
3267,0.216122004357298,153.609625668449,2,0.150712034384814
3268,0.226337448559671,153.656597774245,2,0.112785805366886
3269,0.231469377874607,153.70356988004,2,0.099038897729556
3270,0.237811667877027,153.750541985836,2,0.085719842615386
3271,0.245025417574437,153.797514091632,2,0.0744384687954004
3272,0.250447833454369,153.844486197427,2,0.068091324340494
3273,0.257419511014282,153.891458303223,2,0.0620718846249377
3274,0.262793512466715,153.938430409019,2,0.0588023908684606
3275,0.27276688453159,153.985402514814,2,0.0553747070819788
3276,0.279012345679012,154.03237462061,2,0.0547861639545125
3277,0.280367949648995,154.079346726406,2,0.0548096083632611
3278,0.283272815298959,154.126318832201,2,0.055041205850002
3279,0.287049140643912,154.173290937997,2,0.0557169917648057
3280,0.288840474461389,154.220263043792,2,0.0561893193430847
3281,0.28879206003389,154.267235149588,2,0.0561752421064212
3282,0.287581699346405,154.314207255384,2,0.0558470483282488
3283,0.286758654078916,154.361179361179,2,0.0556497167608594
3284,0.288453159041394,154.408151466975,2,0.0560787545700407
3285,0.289857177438877,154.455123572771,2,0.0565019938777134
3286,0.290583393851368,154.502095678566,2,0.056745444775708
3287,0.289808763011377,154.549067784362,2,0.0564863626922441
3288,0.288453159041394,154.596039890158,2,0.0560787545700407
3289,0.290050835148874,154.643011995953,2,0.0565652651116434
3290,0.28961510530138,154.689984101749,2,0.0564245827645492
3291,0.288453159041394,154.736956207544,2,0.0560787545700407
3292,0.286032437666425,154.78392831334,2,0.0554927808718807
3293,0.283950617283951,154.830900419136,2,0.0551310556182886
3294,0.282207697893972,154.877872524931,2,0.0549274740114556
3295,0.280948922778988,154.924844630727,2,0.0548361085438767
3296,0.279496489954006,154.971816736523,2,0.0547883711025356
3297,0.273735173081578,155.018788842318,2,0.055207827096181
3298,0.26719922536916,155.065760948114,2,0.0568918850572076
3299,0.258581457274268,155.11273305391,2,0.0612714152880305
3300,0.251755022996853,155.159705159705,2,0.0667925686155418
3301,0.245364318566933,155.206677265501,2,0.0739930107794002
3302,0.238053740014524,155.253649371296,2,0.0852801859498516
3303,0.230936819172113,155.300621477092,2,0.100330600583644
3304,0.226821592834665,155.347593582888,2,0.111358081965629
3305,0.223674655047204,155.394565688683,2,0.121178109292389
3306,0.226289034132171,155.441537794479,2,0.112930181836511
3307,0.229532800774631,155.488509900275,2,0.103879352996574
3308,0.231808278867102,155.53548200607,2,0.0982320113879347
3309,0.233648027112079,155.582454111866,2,0.0940495813453461
3310,0.236940208182038,155.629426217662,2,0.0873414809044091
3311,0.24318566932946,155.676398323457,2,0.0769802762315181
3312,0.249189058339385,155.723370429253,2,0.0694229155899715
3313,0.253013798111837,155.770342535048,2,0.0656195377483785
3314,0.258145727426773,155.817314640844,2,0.0615652960825882
3315,0.263955458726701,155.86428674664,2,0.0582344119199003
3316,0.268942144759138,155.911258852435,2,0.056312759402965
3317,0.270733478576616,155.958230958231,2,0.0558173874538348
3318,0.271798595981602,156.005203064027,2,0.0555698206500206
3319,0.276640038731542,156.052175169822,2,0.0548744200872066
3320,0.282449770031469,156.099147275618,2,0.0549503835365223
3321,0.28322440087146,156.146119381414,2,0.0550353091708846
3322,0.288501573468894,156.193091487209,2,0.0560923188718981
3323,0.293100944081336,156.240063593005,2,0.0577222482857032
3324,0.29518276446381,156.2870356988,2,0.0586909576564272
3325,0.295957395303801,156.334007804596,2,0.0590899830541324
3326,0.296683611716291,156.380979910392,2,0.0594835785383425
3327,0.297748729121278,156.427952016187,2,0.06009569471346
3328,0.299104333091261,156.474924121983,2,0.0609362373649381
3329,0.292616799806342,156.521896227779,2,0.0575181250008293
3330,0.292326313241346,156.568868333574,2,0.0573994113366553
3331,0.293923989348826,156.61584043937,2,0.058087424704049
3332,0.294698620188816,156.662812545166,2,0.0584523133288526
3333,0.291406439118857,156.709784650961,2,0.057041894742004
3334,0.289760348583878,156.756756756757,2,0.0564708060437127
3335,0.289954006293876,156.803728862552,2,0.0565334800834538
3336,0.289469862018882,156.850700968348,2,0.0563790283305521
3337,0.290050835148874,156.897673074144,2,0.0565652651116434
3338,0.290583393851368,156.944645179939,2,0.056745444775708
3339,0.292665214233842,156.991617285735,2,0.0575381840392422
3340,0.293536673928831,157.038589391531,2,0.0579127098901215
3341,0.293343016218833,157.085561497326,2,0.0578272669700331
3342,0.294650205761317,157.132533603122,2,0.0584288992134223
3343,0.293778746066328,157.179505708918,2,0.0580213066071416
3344,0.290244492858872,157.226477814713,2,0.0566297334601141
3345,0.289808763011377,157.273449920509,2,0.0564863626922441
3346,0.287049140643912,157.320422026304,2,0.0557169917648057
3347,0.283611716291455,157.3673941321,2,0.0550844268208451
3348,0.27838295812152,157.414366237896,2,0.0547935346209335
3349,0.270927136286613,157.461338343691,2,0.0557697908584352
3350,0.262309368191721,157.508310449487,2,0.0590530707772984
3351,0.253207455821835,157.555282555283,2,0.0654456337814105
3352,0.247833454369402,157.602254661078,2,0.0709497384717113
3353,0.241055434519487,157.649226766874,2,0.0801984879936654
3354,0.234955216654563,157.696198872669,2,0.0912717534429559
3355,0.228612926652142,157.743170978465,2,0.106321465841608
3356,0.225804889857177,157.790143084261,2,0.114390204748803
3357,0.224061970467199,157.837115190056,2,0.119898541319776
3358,0.219704671992254,157.884087295852,2,0.135554107623199
3359,0.216364076494795,157.931059401648,2,0.149616385776646
3360,0.213894940692326,157.978031507443,2,0.161313371451953
3361,0.208182038247398,158.025003613239,2,0.193240463793301
3362,0.211764705882353,158.071975719035,2,0.172382953193216
3363,0.216122004357298,158.11894782483,2,0.150712034384814
3364,0.220963447107238,158.165919930626,2,0.130737091071047
3365,0.226676349552167,158.212892036421,2,0.111783352207248
3366,0.231130476882111,158.259864142217,2,0.0998575032125212
3367,0.233454369402082,158.306836248013,2,0.0944745135394176
3368,0.233744855967078,158.353808353808,2,0.0938384329861068
3369,0.243379327039458,158.400780459604,2,0.0767026461391192
3370,0.244638102154442,158.4477525654,2,0.0749560848042008
3371,0.247058823529412,158.494724671195,2,0.0718671255049069
3372,0.252481239409344,158.541696776991,2,0.0661067274251692
3373,0.257467925441782,158.588668882787,2,0.0620374525654628
3374,0.261050593076737,158.635640988582,2,0.0597442952642302
3375,0.267005567659162,158.682613094378,2,0.0569622603045406
3376,0.271459694989107,158.729585200173,2,0.0556448306601031
3377,0.274751876059066,158.776557305969,2,0.0550627309581323
3378,0.277753570564028,158.823529411765,2,0.0548124853239639
3379,0.280174291938998,158.87050151756,2,0.0548029699619706
3380,0.280658436213992,158.917473623356,2,0.0548216233385528
3381,0.280706850641491,158.964445729152,2,0.0548238659498088
3382,0.284095860566449,159.011417834947,2,0.0551520845852014
3383,0.286855482933914,159.058389940743,2,0.0556718551304185
3384,0.286468167513919,159.105362046539,2,0.0555850176757704
3385,0.284434761558945,159.152334152334,2,0.0552035958920127
3386,0.283466473008957,159.19930625813,2,0.0550654867135529
3387,0.282062454611474,159.246278363925,2,0.0549145563179149
3388,0.279932219801501,159.293250469721,2,0.0547962143238026
3389,0.277221011861535,159.340222575517,2,0.0548375734856945
3390,0.27683369644154,159.387194681312,2,0.0548610380156628
3391,0.277317840716534,159.434166787108,2,0.0548323942830959
3392,0.27596223674655,159.481138892904,2,0.0549299321370353
3393,0.272960542241588,159.528110998699,2,0.0553390805545261
3394,0.277705156136529,159.575083104495,2,0.0548144229955756
3395,0.280222706366497,159.622055210291,2,0.0548045267219241
3396,0.276736867586541,159.669027316086,2,0.0548675914927611
3397,0.271362866134108,159.715999421882,2,0.0556669053305289
3398,0.265940450254176,159.762971527677,2,0.0573712416003123
3399,0.261534737351731,159.809943633473,2,0.0594716288541105
3400,0.25843621399177,159.856915739269,2,0.0613685438871459
3401,0.25199709513435,159.903887845064,2,0.0665611696060319
3402,0.254756717501816,159.95085995086,2,0.0641154583012244
3403,0.257661583151779,159.997832056656,2,0.0619006706473421
3404,0.258920358266764,160.044804162451,2,0.061047993871497
3405,0.258581457274268,160.091776268247,2,0.0612714152880305
3406,0.258968772694263,160.138748374043,2,0.0610164418821853
3407,0.259549745824256,160.185720479838,2,0.0606448822626495
3408,0.261195836359235,160.232692585634,2,0.0596615935283715
3409,0.259840232389252,160.279664691429,2,0.0604639542891268
3410,0.259307673686759,160.326636797225,2,0.0607981191818583
3411,0.260130718954248,160.373608903021,2,0.0602862288288636
3412,0.260130718954248,160.420581008816,2,0.0602862288288636
3413,0.257419511014282,160.467553114612,2,0.0620718846249377
3414,0.25436940208182,160.514525220408,2,0.0644379670661827
3415,0.257129024449286,160.561497326203,2,0.0622804740858714
3416,0.262841926894214,160.608469431999,2,0.0587777802587953
3417,0.260953764221738,160.655441537795,2,0.0597998611958195
3418,0.26163156620673,160.70241364359,2,0.0594181226454895
3419,0.262357782619221,160.749385749386,2,0.0590276272003758
3420,0.263083999031711,160.796357855181,2,0.0586559674284381
3421,0.263035584604212,160.843329960977,2,0.0586801649275664
3422,0.26080852093924,160.890302066773,2,0.0598838592859507
3423,0.256451222464294,160.937274172568,2,0.0627806243088349
3424,0.25199709513435,160.984246278364,2,0.0665611696060319
3425,0.242798353909465,161.03121838416,2,0.0775428422984116
3426,0.240910191236989,161.078190489955,2,0.0804292226841753
3427,0.235245703219559,161.125162595751,2,0.0906753597436156
3428,0.227305737109659,161.172134701546,2,0.109959135563186
3429,0.224207213749697,161.219106807342,2,0.119424015140406
3430,0.22319051077221,161.266078913138,2,0.122806930801479
3431,0.219559428709756,161.313051018933,2,0.13612620954286
3432,0.214960058097313,161.360023124729,2,0.156123852288356
3433,0.213362381989833,161.406995230525,2,0.163992860388057
3434,0.207407407407407,161.45396733632,2,0.198145812537618
3435,0.199370612442508,161.500939442116,2,0.258344774979173
3436,0.191866376180102,161.547911547912,2,0.33156773058317
3437,0.185524086177681,161.594883653707,2,0.406712319180881
3438,0.179084967320261,161.641855759503,2,0.493529260563065
3439,0.173178407165335,161.688827865298,1,0.578663845164391
3440,0.17041878479787,161.735799971094,1,0.618780199581747
3441,0.164512224642944,161.78277207689,1,0.701914753984215
3442,0.166206729605422,161.829744182685,1,0.678673124116535
3443,0.164754296780441,161.876716288481,1,0.698633108981895
3444,0.162575647542968,161.923688394277,1,0.727644441656477
3445,0.161946259985476,161.970660500072,1,0.735789519981786
3446,0.161752602275478,162.017632605868,1,0.738272743765456
3447,0.157734204793028,162.064604711664,1,0.787118236616997
3448,0.152166545630598,162.111576817459,1,0.845230241333229
3449,0.147276688453159,162.158548923255,1,0.886416100847354
3450,0.13919147906076,162.20552102905,1,0.935504274097644
3451,0.128249818445897,162.252493134846,1,0.972669763903424
3452,0.118663761801017,162.299465240642,1,0.988037344233308
3453,0.110191236988623,162.346437346437,1,0.994520153284257
3454,0.0974098281287824,162.393409452233,1,0.998446131958243
3455,0.0830307431614621,162.440381558029,1,0.999663959041088
3456,0.0721859114015977,162.487353663824,1,0.999902047995782
3457,0.0626966836117163,162.53432576962,1,0.999968460657426
3458,0.0625514403292181,162.581297875416,1,0.999969015256589
3459,0.0620672960542242,162.628269981211,1,0.999970796957698
3460,0.0647300895666909,162.675242087007,1,0.999959619135872
3461,0.0783345436940208,162.722214192802,1,0.999801341579448
3462,0.106802227063665,162.769186298598,1,0.996039535667483
3463,0.139627208908255,162.816158404394,1,0.933400774611369
3464,0.16160735899298,162.863130510189,1,0.740127916758362
3465,0.182328733962721,162.910102615985,2,0.448687461986565
3466,0.192253691600097,162.957074721781,2,0.327365428639906
3467,0.20561607358993,163.004046827576,2,0.210061668712053
3468,0.21679980634229,163.051018933372,2,0.147671254621486
3469,0.224400871459695,163.097991039168,2,0.118795777883866
3470,0.231663035584604,163.144963144963,2,0.0985763949396612
3471,0.240619704671992,163.191935250759,2,0.0808951652677652
3472,0.247010409101912,163.238907356554,2,0.0719255745288499
3473,0.253643185669329,163.28587946235,2,0.0650606221469994
3474,0.259404502541757,163.332851568146,2,0.0607365546493189
3475,0.269135802469136,163.379823673941,2,0.0562543724778476
3476,0.276978939724038,163.426795779737,2,0.0548517234433863
3477,0.28322440087146,163.473767885533,2,0.0550353091708846
3478,0.286516581941419,163.520739991328,2,0.055595622328925
3479,0.288404744613895,163.567712097124,2,0.0560652633488899
3480,0.289130961026386,163.61468420292,2,0.0562753275219205
3481,0.295860566448802,163.661656308715,2,0.059038937509962
3482,0.298281287823772,163.708628414511,2,0.0604175852529541
3483,0.300217864923747,163.755600520306,2,0.0616797738989305
3484,0.30239651416122,163.802572626102,2,0.0632789327019447
3485,0.305882352941176,163.849544731898,2,0.0662620292299462
3486,0.307480029048657,163.896516837693,2,0.0678172350136712
3487,0.309029290728637,163.943488943489,2,0.0694464140220998
3488,0.311159525538611,163.990461049285,2,0.0718931150127984
3489,0.310239651416122,164.03743315508,2,0.0708063072892501
3490,0.312515129508594,164.084405260876,2,0.0735820973661844
3491,0.313725490196078,164.131377366672,2,0.075181808889371
3492,0.315032679738562,164.178349472467,2,0.0770113076602984
3493,0.317550229968531,164.225321578263,2,0.0808518086108556
3494,0.321665456305979,164.272293684058,2,0.0881236822793504
3495,0.323602033405955,164.319265789854,2,0.0920222066474594
3496,0.324231420963447,164.36623789565,2,0.0933607921779278
3497,0.327087872185911,164.413210001445,2,0.0999099349401796
3498,0.324618736383442,164.460182107241,2,0.0942026745294127
3499,0.320551924473493,164.507154213037,2,0.0860254668443605
3500,0.317066085693537,164.554126318832,2,0.0800794682441959
3501,0.315565238441055,164.601098424628,2,0.0777881209201979
3502,0.31362866134108,164.648070530423,2,0.0750505532353563
3503,0.3120309852336,164.695042636219,2,0.072966684535313
3504,0.310045993706124,164.742014742015,2,0.0705834388470063
3505,0.310481723553619,164.78898684781,2,0.0710877720702687
3506,0.316485112563544,164.835958953606,2,0.0791742813842667
3507,0.319244734931009,164.882931059402,2,0.0836886002193723
3508,0.317840716533527,164.929903165197,2,0.0813232109257077
3509,0.317211328976035,164.976875270993,2,0.0803094346705689
3510,0.316146211571048,165.023847376789,2,0.0786569575279863
3511,0.310869038973614,165.070819482584,2,0.0715448338868536
3512,0.305640280803679,165.11779158838,2,0.0660370509918963
3513,0.301186153473735,165.164763694175,2,0.0623664578852994
3514,0.299104333091261,165.211735799971,2,0.0609362373649381
3515,0.297797143548778,165.258707905767,2,0.0601245173257005
3516,0.298184458968773,165.305680011562,2,0.0603582648323868
3517,0.297361413701283,165.352652117358,2,0.0598682588868932
3518,0.2960058097313,165.399624223154,2,0.0591156316823287
3519,0.293875574921327,165.446596328949,2,0.0580653051479404
3520,0.293197772936335,165.493568434745,2,0.0577640182978212
3521,0.29203582667635,165.540540540541,2,0.0572834990106811
3522,0.29281045751634,165.587512646336,2,0.0575988313290673
3523,0.294601791333817,165.634484752132,2,0.0584055666315456
3524,0.297167755991285,165.681456857927,2,0.059756626892411
3525,0.299007504236262,165.728428963723,2,0.0608738698573317
3526,0.301476640038732,165.775401069519,2,0.0625799025156631
3527,0.306318082788671,165.822373175314,2,0.0666739703143757
3528,0.311401597676107,165.86934528111,2,0.0721869794038329
3529,0.314548535463568,165.916317386906,2,0.0763210798892535
3530,0.317162914548535,165.963289492701,2,0.0802326147000873
3531,0.321374969740983,166.010261598497,2,0.0875665165722661
3532,0.325006051803437,166.057233704293,2,0.0950586339965269
3533,0.328491890583394,166.104205810088,2,0.103432873240893
3534,0.328346647300896,166.151177915884,2,0.103058628006033
3535,0.32960542241588,166.198150021679,2,0.106379799434948
3536,0.331251512950859,166.245122127475,2,0.110997926552924
3537,0.329847494553377,166.292094233271,2,0.107038995457411
3538,0.330137981118373,166.339066339066,2,0.107838973076148
3539,0.332074558218349,166.386038444862,2,0.11342980263004
3540,0.335705640280804,166.433010550658,2,0.125218543811972
3541,0.339772452190753,166.479982656453,2,0.140717068578803
3542,0.341999515855725,166.526954762249,2,0.150370114766344
3543,0.342628903413217,166.573926868045,2,0.153260951043668
3544,0.343597191963205,166.62089897384,2,0.157855087185867
3545,0.340547083030743,166.667871079636,2,0.143975339447151
3546,0.338513677075769,166.714843185431,2,0.135638740000889
3547,0.337061244250787,166.761815291227,2,0.130097729204522
3548,0.335463568143307,166.808787397023,2,0.124375823337087
3549,0.335124667150811,166.855759502818,2,0.123210194234359
3550,0.333817477608327,166.902731608614,2,0.118865407388819
3551,0.328491890583394,166.94970371441,2,0.103432873240893
3552,0.324231420963447,166.996675820205,2,0.0933607921779278
3553,0.32156862745098,167.043647926001,2,0.0879371811325046
3554,0.314984265311063,167.090620031797,2,0.0769416055320381
3555,0.309755507141128,167.137592137592,2,0.0702529430594746
3556,0.303558460421206,167.184564243388,2,0.0642133227043596
3557,0.296489954006294,167.231536349183,2,0.0593767550962832
3558,0.291551682401356,167.278508454979,2,0.0570964963735755
3559,0.287678528201404,167.325480560775,2,0.0558716326202811
3560,0.282110869038974,167.37245266657,2,0.0549187932503601
3561,0.277947228274026,167.419424772366,2,0.0548054204176811
3562,0.278576615831518,167.466396878162,2,0.0547900336870268
3563,0.278770273541515,167.513368983957,2,0.0547876288406374
3564,0.278334543694021,167.560341089753,2,0.0547945811399162
3565,0.280222706366497,167.607313195548,2,0.0548045267219241
3566,0.284144274993948,167.654285301344,2,0.0551592337797627
3567,0.28879206003389,167.70125740714,2,0.0561752421064212
3568,0.291406439118857,167.748229512935,2,0.057041894742004
3569,0.295473251028807,167.795201618731,2,0.0588380979534701
3570,0.300605180343742,167.842173724527,2,0.061949906368202
3571,0.304914064391189,167.889145830322,2,0.0653784904840616
3572,0.307383200193658,167.936117936118,2,0.0677194357641829
3573,0.308545146453643,167.983090041914,2,0.0689241057505001
3574,0.308351488743646,168.030062147709,2,0.0687185726421706
3575,0.311256354393609,168.077034253505,2,0.0720102629516315
3576,0.314887436456064,168.1240063593,2,0.0768026560703109
3577,0.317404986686032,168.170978465096,2,0.0806183665622364
3578,0.315613652868555,168.217950570892,2,0.0778596647504502
3579,0.314209634471072,168.264922676687,2,0.0758468178172574
3580,0.315613652868555,168.311894782483,2,0.0778596647504502
3581,0.317792302106028,168.358866888279,2,0.0812442234611769
3582,0.318276446381022,168.405838994074,2,0.0820417357102689
3583,0.318905833938514,168.45281109987,2,0.0831042228805852
3584,0.31919632050351,168.499783205666,2,0.0836045857144404
3585,0.320697167755991,168.546755311461,2,0.0862934299449771
3586,0.320939239893488,168.593727417257,2,0.0867438106185334
3587,0.322730573710966,168.640699523052,2,0.0902275457911544
3588,0.32718470104091,168.687671628848,2,0.10014621315307
3589,0.330912611958364,168.734643734644,2,0.110020775034108
3590,0.330961026385863,168.781615840439,2,0.110159516175977
3591,0.328976034858388,168.828587946235,2,0.104697110019114
3592,0.326894214475914,168.875560052031,2,0.0994402862030384
3593,0.321132897603486,168.922532157826,2,0.0871075388369739
3594,0.314887436456064,168.969504263622,2,0.0768026560703109
3595,0.307480029048657,169.016476369418,2,0.0678172350136712
3596,0.302735415153716,169.063448475213,2,0.0635454625368182
3597,0.298668603243767,169.110420581009,2,0.0606584272278407
3598,0.294504962478819,169.157392686804,2,0.0583591457304548
3599,0.29116436698136,169.2043647926,2,0.05695242173346
3600,0.290244492858872,169.251336898396,2,0.0566297334601141
3601,0.2879690147664,169.298309004191,2,0.0559471231369122
3602,0.284144274993948,169.345281109987,2,0.0551592337797627
3603,0.280997337206488,169.392253215783,2,0.0548387630308241
3604,0.278721859114016,169.439225321578,2,0.0547881273025236
3605,0.278189300411523,169.486197427374,2,0.0547981318402731
3606,0.278092471556524,169.53316953317,2,0.0548008416357769
3607,0.279496489954006,169.580141638965,2,0.0547883711025356
3608,0.282207697893972,169.627113744761,2,0.0549274740114556
3609,0.284192689421448,169.674085850556,2,0.0551664527857956
3610,0.286516581941419,169.721057956352,2,0.055595622328925
3611,0.288937303316388,169.768030062148,2,0.0562176942928126
3612,0.289324618736383,169.815002167943,2,0.0563341412757249
3613,0.288453159041394,169.861974273739,2,0.0560787545700407
3614,0.287049140643912,169.908946379535,2,0.0557169917648057
3615,0.286516581941419,169.95591848533,2,0.055595622328925
3616,0.285838779956427,170.002890591126,2,0.055453634162413
3617,0.279980634229,170.049862696922,2,0.0547974283795404
3618,0.281336238198983,170.096834802717,2,0.0548592679618334
3619,0.282304526748971,170.143806908513,2,0.0549364307369062
3620,0.283369644153958,170.190779014308,2,0.0550532074097502
3621,0.284725248123941,170.237751120104,2,0.0552504769029887
3622,0.285257806826434,170.2847232259,2,0.0553429876429742
3623,0.287533284918906,170.331695331695,2,0.0558348645862793
3624,0.291309610263859,170.378667437491,2,0.0570058764053584
3625,0.29043815056887,170.425639543287,2,0.0566954026165556
3626,0.293778746066328,170.472611649082,2,0.0580213066071416
3627,0.297022512708787,170.519583754878,2,0.0596738101068104
3628,0.300702009198741,170.566555860674,2,0.0620183813223374
3629,0.306124425078673,170.613527966469,2,0.066489771674713
3630,0.306995884773663,170.660500072265,2,0.0673328676574206
3631,0.306608569353667,170.70747217806,2,0.0669536355672778
3632,0.307818930041152,170.754444283856,2,0.0681632108046788
3633,0.307286371338659,170.801416389652,2,0.0676221008797468
3634,0.308303074316146,170.848388495447,2,0.0686674895956387
3635,0.309319777293634,170.895360601243,2,0.0697656747266733
3636,0.309707092713629,170.942332707039,2,0.0701983018448932
3637,0.309900750423626,170.989304812834,2,0.0704176221518847
3638,0.308545146453643,171.03627691863,2,0.0689241057505001
3639,0.306995884773663,171.083249024426,2,0.0673328676574206
3640,0.305833938513677,171.130221130221,2,0.0662168131296106
3641,0.306124425078673,171.177193236017,2,0.066489771674713
3642,0.305495037521181,171.224165341812,2,0.0659033820196383
3643,0.305156136528686,171.271137447608,2,0.065595302444054
3644,0.306850641491164,171.318109553404,2,0.0671898009200558
3645,0.307722101186153,171.365081659199,2,0.0680637745141795
3646,0.306560154926168,171.412053764995,2,0.0669067427643052
3647,0.304720406681191,171.459025870791,2,0.0652069721356749
3648,0.30317114500121,171.505997976586,2,0.0638953770617925
3649,0.299636891793755,171.552970082382,2,0.0612857681515167
3650,0.299152747518761,171.599942188177,2,0.06096755710161
3651,0.297409828128782,171.646914293973,2,0.0598963835671299
3652,0.294311304768821,171.693886399769,2,0.0582672786301539
3653,0.290631808278867,171.740858505564,2,0.0567622763449166
3654,0.288598402323893,171.78783061136,2,0.0561196669115647
3655,0.285887194383926,171.834802717156,2,0.0554633144699037
3656,0.28157831033648,171.881774822951,2,0.0548759766356454
3657,0.273928830791576,171.928746928747,2,0.0551778175853471
3658,0.270346163156621,171.975719034543,2,0.0559160465993392
3659,0.269329460179133,172.022691140338,2,0.0561971648797361
3660,0.270491406439119,172.069663246134,2,0.0558785068862967
3661,0.270007262164125,172.116635351929,2,0.0560061789106852
3662,0.269668361171629,172.163607457725,2,0.0560998795453606
3663,0.273735173081578,172.210579563521,2,0.055207827096181
3664,0.278044057129024,172.257551669316,2,0.0548022993461076
3665,0.284289518276446,172.304523775112,2,0.0551811003348413
3666,0.283563301863955,172.351495880908,2,0.0550780439353096
3667,0.284386347131445,172.398467986703,2,0.0551960274399574
3668,0.285112563543936,172.445440092499,2,0.0553169135923174
3669,0.284870491406439,172.492412198295,2,0.0552748638525375
3670,0.285015734688937,172.53938430409,2,0.0552998827957367
3671,0.289663519728879,172.586356409886,2,0.0564399161351125
3672,0.294989106753813,172.633328515681,2,0.0585945150012448
3673,0.297506656983781,172.680300621477,2,0.0599528936645182
3674,0.302057613168724,172.727272727273,2,0.0630172721175787
3675,0.308157831033648,172.774244833068,2,0.0685149578887943
3676,0.313531832486081,172.821216938864,2,0.0749198748344637
3677,0.317308157831034,172.86818904466,2,0.0804635696076344
3678,0.318566932946018,172.915161150455,2,0.0825284655937003
3679,0.320164609053498,172.962133256251,2,0.0853191217548955
3680,0.322972645848463,173.009105362047,2,0.0907193299418477
3681,0.323940934398451,173.056077467842,2,0.092738489544495
3682,0.323456790123457,173.103049573638,2,0.0917184056210423
3683,0.320890825465989,173.150021679433,2,0.0866533552704552
3684,0.319825708061002,173.196993785229,2,0.0847107716143323
3685,0.319389978213508,173.243965891025,2,0.0839417144211442
3686,0.317259743403534,173.29093799682,2,0.0803864195387868
3687,0.317550229968531,173.337910102616,2,0.0808518086108556
3688,0.318857419511014,173.384882208412,2,0.083021446698593
3689,0.313338174776083,173.431854314207,2,0.0746602416664462
3690,0.310288065843621,173.478826420003,2,0.070862343595976
3691,0.308061002178649,173.525798525799,2,0.0684138660068376
3692,0.307576857903655,173.572770631594,2,0.0679155001155759
3693,0.30796417332365,173.61974273739,2,0.0683132490633185
3694,0.306124425078673,173.666714843185,2,0.066489771674713
3695,0.304381505688695,173.713686948981,2,0.0649109126059945
3696,0.302929072863713,173.760659054777,2,0.0636999701973353
3697,0.303461631566207,173.807631160572,2,0.0641332221163819
3698,0.303655289276204,173.854603266368,2,0.0642938347372226
3699,0.300556765916243,173.901575372164,2,0.0619158106066598
3700,0.29518276446381,173.948547477959,2,0.0586909576564272
3701,0.29038973614137,173.995519583755,2,0.056678872547065
3702,0.285693536673929,174.042491689551,2,0.0554250182381757
3703,0.278963931251513,174.089463795346,2,0.0547863199458171
3704,0.272863713386589,174.136435901142,2,0.055356752794446
3705,0.268167513919148,174.183408006937,2,0.0565581681621133
3706,0.261437908496732,174.230380112733,2,0.0595254763671946
3707,0.255434519486807,174.277352218529,2,0.0635668069502091
3708,0.251125635439361,174.324324324324,2,0.0674074328305859
3709,0.243427741466957,174.37129643012,2,0.0766336161802315
3710,0.232050351004599,174.418268535916,2,0.097662751963348
3711,0.222464294359719,174.465240641711,2,0.125312621929704
3712,0.218155410312273,174.512212747507,2,0.141836597088256
3713,0.216848220769789,174.559184853303,2,0.147457255800576
3714,0.214717985959816,174.606156959098,2,0.157283760677622
3715,0.212297264584846,174.653129064894,2,0.16952658354545
3716,0.212055192447349,174.700101170689,2,0.170817427211824
3717,0.214863229242314,174.747073276485,2,0.156586452872503
3718,0.219849915274752,174.794045382281,2,0.134985424302014
3719,0.224255628177197,174.841017488076,2,0.119266478719942
3720,0.226531106269668,174.887989593872,2,0.112211227281208
3721,0.23040426046962,174.934961699668,2,0.101651863235258
3722,0.234858387799564,174.981933805463,2,0.09147221352072
3723,0.239893488259501,175.028905911259,2,0.0820865032199822
3724,0.24318566932946,175.075878017055,2,0.0769802762315181
3725,0.248269184216897,175.12285012285,2,0.0704482160811842
3726,0.254127329944323,175.169822228646,2,0.064642900472062
3727,0.259114015976761,175.216794334441,2,0.0609223313841258
3728,0.261195836359235,175.263766440237,2,0.0596615935283715
3729,0.261147421931736,175.310738546033,2,0.0596890746200931
3730,0.261437908496732,175.357710651828,2,0.0595254763671946
3731,0.261776809489228,175.404682757624,2,0.0593385015718109
3732,0.26080852093924,175.45165486342,2,0.0598838592859507
3733,0.25679012345679,175.498626969215,2,0.0625281829896292
3734,0.252529653836843,175.545599075011,2,0.0660618909166698
3735,0.251658194141854,175.592571180806,2,0.0668859150102743
3736,0.25282014040184,175.639543286602,2,0.0657951720119266
3737,0.25761316872428,175.686515392398,2,0.0619347244324241
3738,0.259356088114258,175.733487498193,2,0.0607672918795578
3739,0.262938755749213,175.780459603989,2,0.0587288073494368
3740,0.267780198499153,175.827431709785,2,0.056688038573107
3741,0.27116920842411,175.87440381558,2,0.0557119143544689
3742,0.275623335754055,175.921375921376,2,0.0549627571621458
3743,0.280513192931494,175.968348027172,2,0.054815307175055
3744,0.282885499878964,176.015320132967,2,0.0549959737117099
3745,0.286855482933914,176.062292238763,2,0.0556718551304185
3746,0.287291212781409,176.109264344558,2,0.0557750281891606
3747,0.288259501331397,176.156236450354,2,0.0560252276897411
3748,0.287533284918906,176.20320855615,2,0.0558348645862793
3749,0.287388041636408,176.250180661945,2,0.0557987464566711
3750,0.289808763011377,176.297152767741,2,0.0564863626922441
3751,0.29363350278383,176.344124873537,2,0.0579559090334963
3752,0.297312999273784,176.391096979332,2,0.0598402209816791
3753,0.290631808278867,176.438069085128,2,0.0567622763449166
3754,0.290728637133866,176.485041190924,2,0.0567961661191588
3755,0.290583393851368,176.532013296719,2,0.056745444775708
3756,0.287920600338901,176.578985402515,2,0.0559343601195644
3757,0.281529895908981,176.62595750831,2,0.0548724973315147
3758,0.277221011861535,176.672929614106,2,0.0548375734856945
3759,0.274267731784072,176.719901719902,2,0.0551279902425575
3760,0.273105785524086,176.766873825697,2,0.0553131004863519
3761,0.270491406439119,176.813845931493,2,0.0558785068862967
3762,0.267392883079158,176.860818037289,2,0.056822725653889
3763,0.266569837811668,176.907790143084,2,0.0571250710892633
3764,0.267634955216655,176.95476224888,2,0.0567379801400552
3765,0.268167513919148,177.001734354676,2,0.0565581681621133
3766,0.268506414911644,177.048706460471,2,0.056448459298172
3767,0.268603243766642,177.095678566267,2,0.0564177843552316
3768,0.267005567659162,177.142650672062,2,0.0569622603045406
3769,0.26637618010167,177.189622777858,2,0.0571994261126355
3770,0.258339385136771,177.236594883654,2,0.0614337575203383
3771,0.247542967804406,177.283566989449,2,0.0712898571183561
3772,0.233309126119584,177.330539095245,2,0.0947955320345746
3773,0.213410796417332,177.377511201041,2,0.163746894133057
3774,0.187896393125151,177.424483306836,2,0.377248050383
3775,0.155313483418059,177.471455412632,1,0.813826793690931
3776,0.128152989590898,177.518427518428,1,0.972888080595545
3777,0.112563543936093,177.565399624223,1,0.9931502486764
3778,0.102832244008715,177.612371730019,1,0.99731621009639
3779,0.0974582425562818,177.659343835814,1,0.998438413289249
3780,0.102009198741225,177.70631594161,1,0.997527105642092
3781,0.111450012103607,177.753288047406,1,0.993828716862766
3782,0.127620430888405,177.800260153201,1,0.974061231668208
3783,0.151633986928105,177.847232258997,1,0.850164797192865
3784,0.170854514645364,177.894204364793,1,0.612470013869428
3785,0.189736141370128,177.941176470588,2,0.355495776685457
3786,0.201355603969983,177.988148576384,2,0.241810672694389
3787,0.215783103364803,178.03512068218,2,0.15226418990865
3788,0.22798353909465,178.082092787975,2,0.10804791444184
3789,0.239360929557008,178.129064893771,2,0.0829846734208572
3790,0.250447833454369,178.176036999566,2,0.068091324340494
3791,0.263326071169208,178.223009105362,2,0.0585362135461263
3792,0.274219317356572,178.269981211158,2,0.0551348991337564
3793,0.274558218349068,178.316953316953,2,0.0550879997725756
3794,0.276204308884047,178.363925422749,2,0.0549085560200549
3795,0.278818687969015,178.410897528545,2,0.0547871988754219
3796,0.279932219801501,178.45786963434,2,0.0547962143238026
3797,0.279448075526507,178.504841740136,2,0.0547878421637637
3798,0.278867102396514,178.551813845932,2,0.0547868374053576
3799,0.279351246671508,178.598785951727,2,0.0547869897768659
3800,0.2800290486565,178.645758057523,2,0.0547987109665731
3801,0.281965625756475,178.692730163318,2,0.054906289274307
3802,0.284918905833939,178.739702269114,2,0.0552831332397355
3803,0.2879690147664,178.78667437491,2,0.0559471231369122
3804,0.289373033163883,178.833646480705,2,0.0563490295636828
3805,0.291842168966352,178.880618586501,2,0.0572077729936446
3806,0.29523117889131,178.927590692297,2,0.0587152743114802
3807,0.298087630113774,178.974562798092,2,0.0602992986916938
3808,0.299636891793755,179.021534903888,2,0.0612857681515167
3809,0.303848946986202,179.068507009684,2,0.0644560979679172
3810,0.307044299201162,179.115479115479,2,0.0673807855737225
3811,0.309271362866134,179.162451221275,2,0.0697121560522276
3812,0.311643669813604,179.20942332707,2,0.0724841741266065
3813,0.31362866134108,179.256395432866,2,0.0750505532353563
3814,0.312224642943597,179.303367538662,2,0.0732112016799804
3815,0.312176228516098,179.350339644457,2,0.0731498672280835
3816,0.313725490196078,179.397311750253,2,0.075181808889371
3817,0.312611958363592,179.444283856049,2,0.0737068355749352
3818,0.309368191721133,179.491255961844,2,0.0698193173010179
3819,0.304091019123699,179.53822806764,2,0.0646612630054019
3820,0.302106027596224,179.585200173435,2,0.0630543559037363
3821,0.302687000726216,179.632172279231,2,0.0635070868932085
3822,0.299782135076253,179.679144385027,2,0.0613830197302397
3823,0.29440813362382,179.726116490822,2,0.05831304995266
3824,0.292132655531348,179.773088596618,2,0.0573218261276493
3825,0.290534979423868,179.820060702414,2,0.0567286886712364
3826,0.291793754538853,179.867032808209,2,0.0571890344702822
3827,0.291696925683854,179.914004914005,2,0.0571517885279956
3828,0.292326313241346,179.960977019801,2,0.0573994113366553
3829,0.294795449043815,180.007949125596,2,0.058499386500222
3830,0.295328007746308,180.054921231392,2,0.0587641554281336
3831,0.294892277898814,180.101893337187,2,0.0585467868284396
3832,0.295763737593803,180.148865442983,2,0.0589882269633173
3833,0.297409828128782,180.195837548779,2,0.0598963835671299
3834,0.297167755991285,180.242809654574,2,0.059756626892411
3835,0.296489954006294,180.28978176037,2,0.0593767550962832
3836,0.295328007746308,180.336753866166,2,0.0587641554281336
3837,0.294456548051319,180.383725971961,2,0.0583360572430108
3838,0.294504962478819,180.430698077757,2,0.0583591457304548
3839,0.295328007746308,180.477670183553,2,0.0587641554281336
3840,0.296247881868797,180.524642289348,2,0.0592451371290958
3841,0.300895666908739,180.571614395144,2,0.0621564685113486
3842,0.300363108206245,180.618586500939,2,0.0617803693908122
3843,0.303848946986202,180.665558606735,2,0.0644560979679172
3844,0.307528443476156,180.712530712531,2,0.0678663092398123
3845,0.308157831033648,180.759502818326,2,0.0685149578887943
3846,0.308303074316146,180.806474924122,2,0.0686674895956387
3847,0.30883563301864,180.853447029918,2,0.0692360298246117
3848,0.309416606148632,180.900419135713,2,0.0698730839807542
3849,0.309319777293634,180.947391241509,2,0.0697656747266733
3850,0.311740498668603,180.994363347305,2,0.0726039909253179
3851,0.314935850883563,181.0413354531,2,0.0768720550926551
3852,0.315758896151053,181.088307558896,2,0.0780752290506806
3853,0.315710481723554,181.135279664691,2,0.0780032185345432
3854,0.3199709513435,181.182251770487,2,0.0849703926318969
3855,0.326458484628419,181.229223876283,2,0.0983976157603671
3856,0.32960542241588,181.276195982078,2,0.106379799434948
3857,0.331929314935851,181.323168087874,2,0.112994513933267
3858,0.330573710965868,181.37014019367,2,0.109057467360743
3859,0.329895908980876,181.417112299465,2,0.107171644994824
3860,0.329024449285887,181.464084405261,2,0.104824964041762
3861,0.327087872185911,181.511056511057,2,0.0999099349401796
3862,0.324570321955943,181.558028616852,2,0.0940966738197461
3863,0.320358266763496,181.605000722648,2,0.0856708057301009
3864,0.317162914548535,181.651972828443,2,0.0802326147000873
3865,0.316727184701041,181.698944934239,2,0.0795486057258466
3866,0.309126119583636,181.745917040035,2,0.0695523413810466
3867,0.300944081336238,181.79288914583,2,0.0621912279874027
3868,0.296393125151295,181.839861251626,2,0.0593238536438403
3869,0.293827160493827,181.886833357422,2,0.0580432658088715
3870,0.289954006293876,181.933805463217,2,0.0565334800834538
3871,0.284047446138949,181.980777569013,2,0.0551450051767817
3872,0.279351246671508,182.027749674809,2,0.0547869897768659
3873,0.276591624304043,182.074721780604,2,0.0548779375834596
3874,0.269087388041636,182.1216938864,2,0.0562688585180238
3875,0.266279351246672,182.168665992195,2,0.0572370659235615
3876,0.269087388041636,182.215638097991,2,0.0562688585180238
3877,0.270200919874122,182.262610203787,2,0.0559542388194068
3878,0.267683369644154,182.309582309582,2,0.0567212575929091
3879,0.265843621399177,182.356554415378,2,0.0574102758806949
3880,0.265746792544178,182.403526521174,2,0.0574496215742684
3881,0.271120793996611,182.450498626969,2,0.0557233459442126
3882,0.27596223674655,182.497470732765,2,0.0549299321370353
3883,0.282352941176471,182.544442838561,2,0.0549410126257124
3884,0.287678528201404,182.591414944356,2,0.0558716326202811
3885,0.291551682401356,182.638387050152,2,0.0570964963735755
3886,0.295134350036311,182.685359155947,2,0.0586667234857126
3887,0.297264584846284,182.732331261743,2,0.0598122697489446
3888,0.297700314693779,182.779303367539,2,0.0600669597086786
3889,0.294311304768821,182.826275473334,2,0.0582672786301539
3890,0.294117647058824,182.87324757913,2,0.0581767067034588
3891,0.297022512708787,182.920219684926,2,0.0596738101068104
3892,0.298668603243767,182.967191790721,2,0.0606584272278407
3893,0.296199467441297,183.014163896517,2,0.0592190674183737
3894,0.292471556523844,183.061136002313,2,0.057458417048168
3895,0.289421447591382,183.108108108108,2,0.0563639918974641
3896,0.285741951101428,183.155080213904,2,0.0554344860805444
3897,0.279060760106512,183.202052319699,2,0.0547860764547029
3898,0.276446381021544,183.249024425495,2,0.054888903018306
3899,0.271508109416606,183.295996531291,2,0.0556339006472139
3900,0.266521423384169,183.342968637086,2,0.0571435444378849
3901,0.263664972161704,183.389940742882,2,0.0583719964941313
3902,0.260179133381748,183.436912848678,2,0.0602569176196305
3903,0.252190752844348,183.483884954473,2,0.0663780620281528
3904,0.24483175986444,183.530857060269,2,0.0746961333176289
3905,0.240910191236989,183.577829166064,2,0.0804292226841753
3906,0.230791575889615,183.62480127186,2,0.100687986982378
3907,0.218784797869765,183.671773377656,2,0.139235939627695
3908,0.213313967562334,183.718745483451,2,0.16423930509732
3909,0.21282982328734,183.765717589247,2,0.166730242879881
3910,0.212103606874849,183.812689695043,2,0.17055826142765
3911,0.206293875574921,183.859661800838,2,0.205457342392597
3912,0.20077463083999,183.906633906634,2,0.24653160214311
3913,0.194625998547567,183.95360601243,2,0.30263344836059
3914,0.193125151295086,184.000578118225,2,0.318078681540978
3915,0.193173565722585,184.047550224021,2,0.317569604681947
3916,0.195884773662551,184.094522329816,2,0.290214757655804
3917,0.199031711450012,184.141494435612,2,0.261283024668205
3918,0.202904865649964,184.188466541408,2,0.229689839760062
3919,0.211280561607359,184.235438647203,2,0.175032649468694
3920,0.217671266037279,184.282410752999,2,0.143883326754543
3921,0.223819898329702,184.329382858795,2,0.120695844590275
3922,0.229193899782135,184.37635496459,2,0.104768045413651
3923,0.234035342532075,184.423327070386,2,0.0932102186133291
3924,0.238441055434519,184.470299176182,2,0.0845863126343121
3925,0.244250786734447,184.517271281977,2,0.0754829135304319
3926,0.249527959331881,184.564243387773,2,0.0690564033694356
3927,0.258968772694263,184.611215493568,2,0.0610164418821853
3928,0.270249334301622,184.658187599364,2,0.0559414355034278
3929,0.276591624304043,184.70515970516,2,0.0548779375834596
3930,0.285451464536432,184.752131810955,2,0.0553787396750035
3931,0.29435971919632,184.799103916751,2,0.0582901237760548
3932,0.297167755991285,184.846076022547,2,0.059756626892411
3933,0.297264584846284,184.893048128342,2,0.0598122697489446
3934,0.300169450496248,184.940020234138,2,0.061646429104774
3935,0.302977487291213,184.986992339934,2,0.0637388491049722
3936,0.304575163398693,185.033964445729,2,0.0650794531337809
3937,0.307528443476156,185.080936551525,2,0.0678663092398123
3938,0.307818930041152,185.12790865732,2,0.0681632108046788
3939,0.306850641491164,185.174880763116,2,0.0671898009200558
3940,0.306608569353667,185.221852868912,2,0.0669536355672778
3941,0.306560154926168,185.268824974707,2,0.0669067427643052
3942,0.304671992253692,185.315797080503,2,0.0651643594254138
3943,0.296877269426289,185.362769186299,2,0.0595917679011658
3944,0.288501573468894,185.409741292094,2,0.0560923188718981
3945,0.27838295812152,185.45671339789,2,0.0547935346209335
3946,0.268942144759138,185.503685503686,2,0.056312759402965
3947,0.256596465746793,185.550657609481,2,0.0626718527664188
3948,0.246865165819414,185.597629715277,2,0.0721017157252271
3949,0.237763253449528,185.644601821072,2,0.0858083313450596
3950,0.22638586298717,185.691573926868,2,0.112641722238474
3951,0.217187121762285,185.738546032664,2,0.145971055358035
3952,0.212200435729848,185.785518138459,2,0.17004142705086
3953,0.209053497942387,185.832490244255,2,0.187894724913356
3954,0.213459210844832,185.879462350051,2,0.16350140553521
3955,0.219268942144759,185.926434455846,2,0.137280744842722
3956,0.222851609779714,185.973406561642,2,0.123966825982841
3957,0.224400871459695,186.020378667438,2,0.118795777883867
3958,0.222900024207214,186.067350773233,2,0.123800122315599
3959,0.220091987412249,186.114322879029,2,0.13404516456586
3960,0.217526022754781,186.161294984824,2,0.144505306928642
3961,0.211280561607359,186.20826709062,2,0.175032649468694
3962,0.210312273057371,186.255239196416,2,0.180486789364071
3963,0.20958605664488,186.302211302211,2,0.184716004154845
3964,0.208666182522392,186.349183408007,2,0.190248304025304
3965,0.205325587024933,186.396155513803,2,0.212071260707935
3966,0.202178649237473,186.443127619598,2,0.235287458417253
3967,0.199031711450012,186.490099725394,2,0.261283024668205
3968,0.198499152747519,186.53707183119,2,0.265969255567347
3969,0.198838053740015,186.584043936985,2,0.262977329385159
3970,0.197288792060034,186.631016042781,2,0.276936197681555
3971,0.197966594045025,186.677988148576,2,0.27074033195031
3972,0.198934882595013,186.724960254372,2,0.262128782784877
3973,0.196514161220044,186.771932360168,2,0.284187876034148
3974,0.191091745340111,186.818904465963,2,0.340109855485581
3975,0.188138465262648,186.865876571759,2,0.374329746004568
3976,0.189203582667635,186.912848677555,2,0.361690552683474
3977,0.183393851367708,186.95982078335,2,0.434426182913611
3978,0.177390462357783,187.006792889146,1,0.517631137124904
3979,0.175018155410312,187.053764994941,1,0.5518848605164
3980,0.177487291212781,187.100737100737,1,0.516244131271426
3981,0.181650931977729,187.147709206533,2,0.457891215464534
3982,0.188138465262648,187.194681312328,2,0.374329746004568
3983,0.200048414427499,187.241653418124,2,0.252569926899079
3984,0.211716291454854,187.28862552392,2,0.172645636956045
3985,0.222706366497216,187.335597629715,2,0.124468958375435
3986,0.231808278867102,187.382569735511,2,0.0982320113879347
3987,0.246865165819414,187.429541841307,2,0.0721017157252271
3988,0.260711692084241,187.476513947102,2,0.0599402920024758
3989,0.270685064149116,187.523486052898,2,0.0558294668691122
3990,0.281094166061486,187.570458158693,2,0.0548442780464535
3991,0.294747034616316,187.617430264489,2,0.0584758090627213
3992,0.305495037521181,187.664402370285,2,0.0659033820196383
3993,0.311353183248608,187.71137447608,2,0.0721279410113095
3994,0.318663761801017,187.758346581876,2,0.0826920946071575
3995,0.32239167271847,187.805318687672,2,0.0895476115549954
3996,0.325780682643428,187.852290793467,2,0.0968136588709789
3997,0.331009440813362,187.899262899263,2,0.110298540385326
3998,0.333284918905834,187.946235005059,2,0.117162229646268
3999,0.336528685548293,187.993207110854,2,0.128148087941606
4000,0.343694020818204,188.04017921665,2,0.158324479388517
4001,0.341079641733237,188.087151322445,2,0.146276151536601
4002,0.341321713870733,188.134123428241,2,0.147338654262147
4003,0.340740740740741,188.181095534037,2,0.144806202323168
4004,0.340498668603244,188.228067639832,2,0.143768651346245
4005,0.340692326313241,188.275039745628,2,0.144597868557924
4006,0.336044541273299,188.322011851424,2,0.126412702323101
4007,0.331638828370855,188.368983957219,2,0.112131863562666
4008,0.329508593560881,188.415956063015,2,0.106118002111227
4009,0.327620430888405,188.462928168811,2,0.101221575579056
4010,0.3280077463084,188.509900274606,2,0.102194294486119
4011,0.326216412490922,188.556872380402,2,0.0978266574258248
4012,0.322536916000968,188.603844486197,2,0.0898377955489142
4013,0.320358266763496,188.650816591993,2,0.0856708057301009
4014,0.315952553861051,188.697788697789,2,0.0783648351997126
4015,0.308254659888647,188.744760803584,2,0.0686165262507615
4016,0.300411522633745,188.79173290938,2,0.0618140886710978
4017,0.292181069958848,188.838705015176,2,0.0573411059538301
4018,0.284725248123941,188.885677120971,2,0.0552504769029887
4019,0.27441297506657,188.932649226767,2,0.0551076816770034
4020,0.265311062696684,188.979621332563,2,0.0576305462395543
4021,0.256354393609296,189.026593438358,2,0.0628536260266712
4022,0.24076494795449,189.073565544154,2,0.0806614457003011
4023,0.219462599854757,189.120537649949,2,0.136509519372981
4024,0.203437424352457,189.167509755745,2,0.225677775051468
4025,0.177438876785282,189.214481861541,1,0.516937501682687
4026,0.161655773420479,189.261453967336,1,0.739510220112335
4027,0.141079641733237,189.308426073132,1,0.925974151001328
4028,0.124618736383442,189.355398178928,1,0.979862810730129
4029,0.112418300653595,189.402370284723,1,0.993242515026609
4030,0.103025901718712,189.449342390519,1,0.997264187126308
4031,0.0983781166787703,189.496314496315,1,0.998284695151639
4032,0.097119341563786,189.54328660211,1,0.998491692376371
4033,0.0934882595013314,189.590258707906,1,0.99896449917112
4034,0.0987654320987654,189.637230813701,1,0.998215790009725
4035,0.109368191721133,189.684202919497,1,0.994932451630817
4036,0.119051077221012,189.731175025293,1,0.987616263497831
4037,0.12641007020092,189.778147131088,1,0.976560249090455
4038,0.135947712418301,189.825119236884,1,0.949479459028074
4039,0.151585572500605,189.87209134268,1,0.850607913555231
4040,0.165093197772936,189.919063448475,1,0.694016300593768
4041,0.176519002662794,189.966035554271,1,0.530158715480247
4042,0.196562575647543,190.013007660067,2,0.283729288673864
4043,0.215589445654805,190.059979765862,2,0.153160783766149
4044,0.225223916727185,190.106951871658,2,0.116181830508087
4045,0.231856693294602,190.153923977453,2,0.0981176893966498
4046,0.236988622609538,190.200896083249,2,0.087249771411761
4047,0.238634713144517,190.247868189045,2,0.0842437495714026
4048,0.237908496732026,190.29484029484,2,0.0855434235997135
4049,0.241442749939482,190.341812400636,2,0.0795904097885888
4050,0.247930283224401,190.388784506432,2,0.0708373954652338
4051,0.254030501089325,190.435756612227,2,0.0647256040527563
4052,0.261195836359235,190.482728718023,2,0.0596615935283715
4053,0.2719922536916,190.529700823819,2,0.0555285265295163
4054,0.281239409343985,190.576672929614,2,0.0548530658222573
4055,0.289082546598886,190.62364503541,2,0.0562608086702846
4056,0.295763737593803,190.670617141205,2,0.0589882269633173
4057,0.299491648511256,190.717589247001,2,0.0611893444061425
4058,0.301040910191237,190.764561352797,2,0.0622610330543665
4059,0.30079883805374,190.811533458592,2,0.0620872350300883
4060,0.299830549503752,190.858505564388,2,0.0614156214432911
4061,0.30002420721375,190.905477670184,2,0.0615469541066336
4062,0.298474945533769,190.952449775979,2,0.0605372924214352
4063,0.295618494311305,190.999421881775,2,0.0589127876506129
4064,0.29435971919632,191.04639398757,2,0.0582901237760548
4065,0.289130961026386,191.093366093366,2,0.0562753275219205
4066,0.282498184458969,191.140338199162,2,0.0549551725916751
4067,0.273057371096587,191.187310304957,2,0.0553216901113979
4068,0.260421205519245,191.234282410753,2,0.0601116824095453
4069,0.244396030016945,191.281254516549,2,0.0752842648645557
4070,0.229726458484628,191.328226622344,2,0.103377223211992
4071,0.212297264584846,191.37519872814,2,0.16952658354545
4072,0.195739530380053,191.422170833936,2,0.291622816534751
4073,0.187267005567659,191.469142939731,2,0.384913589723543
4074,0.185959816025176,191.516115045527,2,0.401185812797095
4075,0.186637618010167,191.563087151322,2,0.392689990132693
4076,0.191624304042605,191.610059257118,2,0.334217484048781
4077,0.199370612442508,191.657031362914,2,0.258344774979173
4078,0.209295570079884,191.704003468709,2,0.186441658251431
4079,0.219365770999758,191.750975574505,2,0.136894362595376
4080,0.227257322682159,191.797947680301,2,0.110097750934303
4081,0.232147179859598,191.844919786096,2,0.0974366872461777
4082,0.237085451464536,191.891891891892,2,0.0870669290514261
4083,0.245025417574437,191.938863997688,2,0.0744384687954004
4084,0.253352699104333,191.985836103483,2,0.0653163350043654
4085,0.259937061244251,192.032808209279,2,0.060404357802533
4086,0.263519728879206,192.079780315074,2,0.0584418855752506
4087,0.269426289034132,192.12675242087,2,0.0561690023041294
4088,0.276301137739046,192.173724526666,2,0.0549004881462394
4089,0.275526506899056,192.220696632461,2,0.0549727575285975
4090,0.276930525296538,192.267668738257,2,0.0548547595632399
4091,0.277317840716534,192.314640844053,2,0.0548323942830959
4092,0.277850399419027,192.361612949848,2,0.054808815727636
4093,0.279641733236504,192.408585055644,2,0.054790368923295
4094,0.280852093923989,192.45555716144,2,0.0548310055648053
4095,0.277705156136529,192.502529267235,2,0.0548144229955756
4096,0.27281529895909,192.549501373031,2,0.0553656946664268
4097,0.272960542241588,192.596473478826,2,0.0553390805545261
4098,0.266811909949165,192.643445584622,2,0.0570338554370318
4099,0.257419511014282,192.690417690418,2,0.0620718846249377
4100,0.244734931009441,192.737389796213,2,0.0748258221829394
4101,0.233357540547083,192.784361902009,2,0.0946883041306132
4102,0.22076978939724,192.831334007805,2,0.131461943174558
4103,0.202227063664972,192.8783061136,2,0.234909698626425
4104,0.185185185185185,192.925278219396,2,0.411045107661215
4105,0.168288549987896,192.972250325192,1,0.649374163625841
4106,0.144468651658194,193.019222430987,1,0.905999479097532
4107,0.113483418058581,193.066194536783,1,0.992538191788988
4108,0.0859840232389252,193.113166642578,1,0.999535306484642
4109,0.0613894940692326,193.160138748374,1,0.999973126526964
4110,0.0427015250544662,193.20711085417,1,0.999997548029228
4111,0.0361171629145485,193.254082959965,1,0.999998993611428
4112,0.0381021544420237,193.301055065761,1,0.999998680291449
4113,0.0427499394819656,193.348027171557,1,0.999997532144727
4114,0.0608085209392399,193.394999277352,1,0.999974979983954
4115,0.0889373033163883,193.441971383148,1,0.999360583822173
4116,0.112369886226095,193.488943488944,1,0.99327301301182
4117,0.127717259743404,193.535915594739,1,0.973851366835915
4118,0.144323408375696,193.582887700535,1,0.906935460585808
4119,0.168046477850399,193.62985980633,1,0.65281631850595
4120,0.189106753812636,193.676831912126,2,0.362825878435508
4121,0.202759622367466,193.723804017922,2,0.230797617556473
4122,0.213507625272331,193.770776123717,2,0.163256393797899
4123,0.229048656499637,193.817748229513,2,0.105152831270497
4124,0.242653110626967,193.864720335309,2,0.0777563386498185
4125,0.252093923989349,193.911692441104,2,0.0664693931143272
4126,0.264923747276688,193.9586645469,2,0.0577967146056683
4127,0.281287823771484,194.005636652696,2,0.0548561325226619
4128,0.293294601791334,194.052608758491,2,0.0578061048242387
4129,0.297797143548778,194.099580864287,2,0.0601245173257005
4130,0.303461631566207,194.146552970082,2,0.0641332221163819
4131,0.309319777293634,194.193525075878,2,0.0697656747266733
4132,0.312224642943597,194.240497181674,2,0.0732112016799804
4133,0.312176228516098,194.287469287469,2,0.0731498672280835
4134,0.311062696683612,194.334441393265,2,0.0717764953869611
4135,0.307480029048657,194.381413499061,2,0.0678172350136712
4136,0.304139433551198,194.428385604856,2,0.0647026090150079
4137,0.299443234083757,194.475357710652,2,0.0611573865668387
4138,0.297893972403776,194.522329816447,2,0.060182425795193
4139,0.287242798353909,194.569301922243,2,0.0557632770740346
4140,0.27518760590656,194.616274028039,2,0.055009938040742
4141,0.262599854756717,194.663246133834,2,0.0589016630972097
4142,0.241733236504478,194.71021823963,2,0.079141166515102
4143,0.220091987412249,194.757190345426,2,0.13404516456586
4144,0.209198741224885,194.804162451221,2,0.187021239684263
4145,0.196998305495038,194.851134557017,2,0.279634174337257
4146,0.185185185185185,194.898106662813,2,0.411045107661215
4147,0.172355361897846,194.945078768608,1,0.590654791669072
4148,0.16320503510046,194.992050874404,1,0.719389168190526
4149,0.146017913338175,195.039022980199,1,0.895549359033942
4150,0.122536916000968,195.085995085995,1,0.983168601798826
4151,0.104478334543694,195.132967191791,1,0.996842714726
4152,0.0903897361413701,195.179939297586,1,0.999253271790626
4153,0.0825465988864682,195.226911403382,1,0.999681500328344
4154,0.0708303074316146,195.273883509178,1,0.999916428579794
4155,0.0505446623093682,195.320855614973,1,0.999993139809941
4156,0.0312273057371097,195.367827720769,1,0.999999488704193
4157,0.0211571048172355,195.414799826565,1,0.99999987850594
4158,0.0167029774872912,195.46177193236,1,0.999999936820472
4159,0.0152989590898088,195.508744038156,1,0.999999948707536
4160,0.0154442023723069,195.555716143951,1,0.999999947586834
4161,0.0138949406923263,195.602688249747,1,0.999999958404373
4162,0.0137981118373275,195.649660355543,1,0.999999959002856
4163,0.0146211571048172,195.696632461338,1,0.999999953636096
4164,0.0139917695473251,195.743604567134,1,0.999999957797376
4165,0.0113289760348584,195.79057667293,1,0.999999971720066
4166,0.00866618252239167,195.837548778725,1,0.999999981125314
4167,0.00721374969740983,195.884520884521,1,0.999999984886457
4168,0.00793996610990075,195.931492990317,1,0.999999983107745
4169,0.00798838053740015,195.978465096112,1,0.999999982982159
4170,0.0103606874848705,196.025437201908,1,0.999999975575517
4171,0.0126845800048414,196.072409307703,1,0.999999965309816
4172,0.0153473735173082,196.119381413499,1,0.999999948336588
4173,0.0229484386347131,196.166353519295,1,0.999999842459204
4174,0.0376180101670298,196.21332562509,1,0.999998764460195
4175,0.0549503752118131,196.260297730886,1,0.999987957554964
4176,0.0654563059791818,196.307269836682,1,0.999955918187081
4177,0.0904865649963689,196.354241942477,1,0.999245540632156
4178,0.106318082788671,196.401214048273,1,0.99622119233818
4179,0.128879206003389,196.448186154069,1,0.971212108490956
4180,0.148438634713145,196.495158259864,1,0.877460343542657
4181,0.162285160977971,196.54213036566,1,0.731417711880563
4182,0.173178407165335,196.589102471455,1,0.578663845164391
4183,0.182958121520213,196.636074577251,2,0.440229536746745
4184,0.189687726942629,196.683046683047,2,0.356055462366957
4185,0.199467441297507,196.730018788842,2,0.257511517025426
4186,0.207552650689906,196.776990894638,2,0.197214886600008
4187,0.218833212297265,196.823963000434,2,0.139038662155939
4188,0.227789881384653,196.870935106229,2,0.108588418155212
4189,0.234906802227064,196.917907212025,2,0.0913718791327001
4190,0.241249092229484,196.964879317821,2,0.079893142800041
4191,0.244928588719438,197.011851423616,2,0.074567016191014
4192,0.24638102154442,197.058823529412,2,0.0726975251650014
4193,0.249140643911886,197.105795635207,2,0.0694757632212418
4194,0.242943597191963,197.152767741003,2,0.0773307323155565
4195,0.236504478334544,197.199739846799,2,0.0881755814414563
4196,0.230888404744614,197.246711952594,2,0.100449484467849
4197,0.222609537642217,197.29368405839,2,0.124805404166023
4198,0.208908254659889,197.340656164186,2,0.188773165367037
4199,0.18881626724764,197.387628269981,2,0.36624837098783
4200,0.171580731057855,197.434600375777,1,0.601926672987497
4201,0.149164851125635,197.481572481572,1,0.871602677484261
4202,0.133091261195836,197.528544587368,1,0.959556536035821
4203,0.115904139433551,197.575516693164,1,0.990676982140453
4204,0.101718712176229,197.622488798959,1,0.997597741709438
4205,0.0884047446138949,197.669460904755,1,0.999396125312273
4206,0.0778503994190269,197.716433010551,1,0.99981195423013
4207,0.0703461631566207,197.763405116346,1,0.999921055578871
4208,0.0642459452916969,197.810377222142,1,0.999961918459455
4209,0.0554345194868071,197.857349327938,1,0.999987197956497
4210,0.0458484628419269,197.904321433733,1,0.999996279457307
4211,0.0429435971919632,197.951293539529,1,0.999997467604493
4212,0.0523359961268458,197.998265645324,1,0.99999136479167
4213,0.0618252239167272,198.04523775112,1,0.999971650419434
4214,0.0664730089566691,198.092209856916,1,0.999950185077777
4215,0.0762043088840474,198.139181962711,1,0.999844129251218
4216,0.0909707092713629,198.186154068507,1,0.999205731433092
4217,0.106124425078673,198.233126174303,1,0.996291645795857
4218,0.12156862745098,198.280098280098,1,0.984531192657855
4219,0.142532074558218,198.327070385894,1,0.917882074354954
4220,0.159331880900508,198.37404249169,1,0.768337951007518
4221,0.170273541515372,198.421014597485,1,0.620880435392599
4222,0.180198499152748,198.467986703281,2,0.477920395190886
4223,0.191575889615105,198.514958809076,2,0.334749582834461
4224,0.200580973129993,198.561930914872,2,0.248126851653181
4225,0.210312273057371,198.608903020668,2,0.180486789364071
4226,0.218494311304769,198.655875126463,2,0.140427888486107
4227,0.226240619704672,198.702847232259,2,0.113074852210779
4228,0.230985233599613,198.749819338055,2,0.100211960985996
4229,0.235439360929557,198.79679144385,2,0.0902818878230311
4230,0.243815056886952,198.843763549646,2,0.0760867714643924
4231,0.253062212539337,198.890735655442,2,0.065575899952647
4232,0.25838779956427,198.937707761237,2,0.0614011045003924
4233,0.263374485596708,198.984679867033,2,0.0585125088839124
4234,0.267441297506657,199.031651972828,2,0.0568056253119507
4235,0.269958847736626,199.078624078624,2,0.0560193458717933
4236,0.267005567659162,199.12559618442,2,0.0569622603045406
4237,0.264875332849189,199.172568290215,2,0.0578178414676767
4238,0.264536431856693,199.219540396011,2,0.0579679548491889
4239,0.261486322924231,199.266512501807,2,0.059498509898589
4240,0.256935366739288,199.313484607602,2,0.06242144519817
4241,0.254563059791818,199.360456713398,2,0.0642758879164777
4242,0.248414427499395,199.407428819194,2,0.0702833269364684
4243,0.241297506656984,199.454400924989,2,0.0798172154017351
4244,0.236843379327039,199.501373030785,2,0.0875254783335566
4245,0.233648027112079,199.54834513658,2,0.0940495813453461
4246,0.230694747034616,199.595317242376,2,0.100927472311789
4247,0.229678044057129,199.642289348172,2,0.103502369891223
4248,0.229968530622125,199.689261453967,2,0.102755325235121
4249,0.234858387799564,199.736233559763,2,0.09147221352072
4250,0.239118857419511,199.783205665559,2,0.0833999244893019
4251,0.245073832001937,199.830177771354,2,0.0743744081219205
4252,0.25117404986686,199.87714987715,2,0.0673594512123251
4253,0.255144032921811,199.924121982946,2,0.0637995093431502
4254,0.258145727426773,199.971094088741,2,0.0615652960825882
4255,0.264391188574195,200.018066194537,2,0.0580334855749318
4256,0.272524812394093,200.065038300332,2,0.0554208284415719
4257,0.277898813846526,200.112010406128,2,0.0548070837899522
4258,0.282788671023965,200.158982511924,2,0.0549853584018404
4259,0.286080852093924,200.205954617719,2,0.0555027449486586
4260,0.287581699346405,200.252926723515,2,0.0558470483282488
4261,0.28879206003389,200.299898829311,2,0.0561752421064212
4262,0.289179375453885,200.346870935106,2,0.0562899201560136
4263,0.286516581941419,200.393843040902,2,0.055595622328925
4264,0.281142580488986,200.440815146698,2,0.054847138594629
4265,0.273057371096587,200.487787252493,2,0.0553216901113979
4266,0.267538126361656,200.534759358289,2,0.0567716516085031
4267,0.260953764221738,200.581731464084,2,0.0597998611958195
4268,0.255918663761801,200.62870356988,2,0.0631869900676724
4269,0.252432824981845,200.675675675676,2,0.0661516739143992
4270,0.250980392156863,200.722647781471,2,0.0675520678514047
4271,0.252578068264343,200.769619887267,2,0.0660171642196093
4272,0.255144032921811,200.816591993063,2,0.0637995093431502
4273,0.252239167271847,200.863564098858,2,0.066332563080173
4274,0.253933672234326,200.910536204654,2,0.0648087267591679
4275,0.257177438876785,200.957508310449,2,0.0622454707820578
4276,0.259937061244251,201.004480416245,2,0.060404357802533
4277,0.263422900024207,201.051452522041,2,0.0584888860584266
4278,0.266569837811668,201.098424627836,2,0.0571250710892633
4279,0.267344468651658,201.145396733632,2,0.056839901737642
4280,0.266957153231663,201.192368839428,2,0.0569800445639917
4281,0.266085693536674,201.239340945223,2,0.0573132728510419
4282,0.269038973614137,201.286313051019,2,0.0562834183175476
4283,0.271653352699104,201.333285156815,2,0.0556015394322143
4284,0.272089082546599,201.38025726261,2,0.0555083063459553
4285,0.27281529895909,201.427229368406,2,0.0553656946664268
4286,0.27441297506657,201.474201474201,2,0.0551076816770034
4287,0.276107480029049,201.521173579997,2,0.0549168995905981
4288,0.275381263616558,201.568145685793,2,0.0549882767581861
4289,0.275090777051561,201.615117791588,2,0.0550211843014848
4290,0.274945533769063,201.662089897384,2,0.0550385736633433
4291,0.275526506899056,201.70906200318,2,0.0549727575285975
4292,0.27596223674655,201.756034108975,2,0.0549299321370353
4293,0.275478092471557,201.803006214771,2,0.0549778614297468
4294,0.27683369644154,201.849978320567,2,0.0548610380156628
4295,0.277027354151537,201.896950426362,2,0.0548487560467137
4296,0.27523602033406,201.943922532158,2,0.055004418844444
4297,0.279593318809005,201.990894637953,2,0.0547896344800694
4298,0.275429678044057,202.037866743749,2,0.0549830345001749
4299,0.273154199951586,202.084838849545,2,0.0553045812182727
4300,0.274945533769063,202.13181095534,2,0.0550385736633433
4301,0.276494795449044,202.178783061136,2,0.0548851790362076
4302,0.272670055676592,202.225755166932,2,0.0553929436719823
4303,0.26637618010167,202.272727272727,2,0.0571994261126355
4304,0.260953764221738,202.319699378523,2,0.0597998611958195
4305,0.254998789639312,202.366671484319,2,0.0639172263111617
4306,0.245848462841927,202.413643590114,2,0.0733685389590731
4307,0.236649721617042,202.46061569591,2,0.0878957972027448
4308,0.226240619704672,202.507587801705,2,0.113074852210779
4309,0.215831517792302,202.554559907501,2,0.152041141620309
4310,0.2079883805374,202.601532013297,2,0.194453107495779
4311,0.191624304042605,202.648504119092,2,0.334217484048781
4312,0.169547325102881,202.695476224888,1,0.631354005228209
4313,0.146259985475672,202.742448330684,1,0.893838287807874
4314,0.125538610505931,202.789420436479,1,0.978223348681057
4315,0.0982812878237715,202.836392542275,1,0.998301524700979
4316,0.0792060033890099,202.883364648071,1,0.999780780222632
4317,0.0712660372791092,202.930336753866,1,0.999912042823641
4318,0.0700556765916243,202.977308859662,1,0.999923712739663
4319,0.0718954248366013,203.024280965457,1,0.999905316319675
4320,0.0767368675865408,203.071253071253,1,0.999834344880613
4321,0.0922778988138465,203.118225177049,1,0.99908804978623
4322,0.108351488743646,203.165197282844,1,0.995401802615749
4323,0.126894214475914,203.21216938864,1,0.97558779295695
4324,0.144129750665698,203.259141494436,1,0.908171966754164
4325,0.163108206245461,203.306113600231,1,0.72066617388085
4326,0.185088356330186,203.353085706027,2,0.412288501271703
4327,0.208956669087388,203.400057811823,2,0.18847979994633
4328,0.228419268942145,203.447029917618,2,0.106847804155646
4329,0.241055434519487,203.494002023414,2,0.0801984879936654
4330,0.250593076736868,203.540974129209,2,0.0679428548286666
4331,0.25916243040426,203.587946235005,2,0.0608911426564739
4332,0.26322924231421,203.634918340801,2,0.0585838687249862
4333,0.269813604454127,203.681890446596,2,0.056059284157144
4334,0.27838295812152,203.728862552392,2,0.0547935346209335
4335,0.283030743161462,203.775834658188,2,0.0550124159752792
4336,0.282159283466473,203.822806763983,2,0.0549230991431307
4337,0.286322924231421,203.869778869779,2,0.0555536315019333
4338,0.283611716291455,203.916750975575,2,0.0550844268208451
4339,0.281723553618978,203.96372308137,2,0.0548868274519856
4340,0.280755265068991,204.010695187166,2,0.0548261771857836
4341,0.278576615831518,204.057667292961,2,0.0547900336870268
4342,0.273735173081578,204.104639398757,2,0.055207827096181
4343,0.264245945291697,204.151611504553,2,0.0580997372202525
4344,0.253546356814331,204.198583610348,2,0.0651454339046463
4345,0.239118857419511,204.245555716144,2,0.0833999244893019
4346,0.218349068022271,204.29252782194,2,0.141029220720475
4347,0.19356088114258,204.339499927735,2,0.313523001432762
4348,0.17521181312031,204.386472033531,1,0.549073136031697
4349,0.161462115710482,204.433444139327,1,0.741976814684598
4350,0.146502057613169,204.480416245122,1,0.892105746265261
4351,0.130767368675865,204.527388350918,1,0.966416118328022
4352,0.120067780198499,204.574360456713,1,0.986445427067535
4353,0.0948922778988139,204.621332562509,1,0.998801328817515
4354,0.0671508109416606,204.668304668305,1,0.999945972040723
4355,0.0394093439845074,204.7152767741,1,0.999998424317964
4356,0.0253691600096829,204.762248879896,1,0.999999776834288
4357,0.0176712660372791,204.809220985692,1,0.999999927100518
4358,0.0108448317598644,204.856193091487,1,0.999999973716657
4359,0.00740740740740741,204.903165197283,1,0.99999998443086
4360,0.00702009198741225,204.950137303078,1,0.999999985329032
4361,0.00266279351246672,204.997109408874,1,0.999999992525023
4362,0.00285645122246429,205.04408151467,1,0.99999999229586
4363,0.0028080367949649,205.091053620465,1,0.999999992353786
4364,0.00295328007746308,205.138025726261,1,0.999999992178719
4365,0.00271120793996611,205.184997832057,1,0.999999992468364
4366,0.00285645122246429,205.231969937852,1,0.99999999229586
4367,0.00309852335996127,205.278942043648,1,0.999999991999739
4368,0.00367949648995401,205.325914149444,1,0.999999991242958
4369,0.00334059549745824,205.372886255239,1,0.999999991692512
4370,0.0027596223674655,205.419858361035,1,0.999999992411286
4371,0.00227547809247156,205.46683046683,1,0.999999992963549
4372,0.0027596223674655,205.513802572626,1,0.999999992411286
4373,0.0027596223674655,205.560774678422,1,0.999999992411286
4374,0.00334059549745824,205.607746784217,1,0.999999991692512
4375,0.00266279351246672,205.654718890013,1,0.999999992525023
4376,0.00314693778746066,205.701690995809,1,0.999999991939195
4377,0.00692326313241346,205.748663101604,1,0.99999998554555
4378,0.0102154442023723,205.7956352074,1,0.999999976107719
4379,0.020237230694747,205.842607313196,1,0.999999893755702
4380,0.0393125151295086,205.889579418991,1,0.999998444822585
4381,0.0636165577342048,205.936551524787,1,0.999964719955466
4382,0.0921810699588477,205.983523630582,1,0.999097305074198
4383,0.125829097070927,206.030495736378,1,0.97768117651447
4384,0.153667392883079,206.077467842174,1,0.830730062592669
4385,0.186250302590172,206.124439947969,2,0.397529546091661
4386,0.201452432824982,206.171412053765,2,0.241033253037547
4387,0.222948438634713,206.218384159561,2,0.123633754488115
4388,0.239409343984507,206.265356265356,2,0.0829021508488219
4389,0.251900266279351,206.312328371152,2,0.0666533928919267
4390,0.263035584604212,206.359300476948,2,0.0586801649275664
4391,0.274122488501573,206.406272582743,2,0.0551489261166495
4392,0.280755265068991,206.453244688539,2,0.0548261771857836
4393,0.285693536673929,206.500216794334,2,0.0554250182381757
4394,0.28879206003389,206.54718890013,2,0.0561752421064212
4395,0.293439845073832,206.594161005926,2,0.0578698294088365
4396,0.298668603243767,206.641133111721,2,0.0606584272278407
4397,0.302735415153716,206.688105217517,2,0.0635454625368182
4398,0.305398208666183,206.735077323313,2,0.0658148157177652
4399,0.307722101186153,206.782049429108,2,0.0680637745141795
4400,0.309368191721133,206.829021534904,2,0.0698193173010179
4401,0.315371580731058,206.8759936407,2,0.0775034928146341
4402,0.315323166303558,206.922965746495,2,0.0774327211993202
4403,0.314984265311063,206.969937852291,2,0.0769416055320381
4404,0.313870733478577,207.016909958086,2,0.0753797791927142
4405,0.311740498668603,207.063882063882,2,0.0726039909253179
4406,0.309029290728637,207.110854169678,2,0.0694464140220999
4407,0.305833938513677,207.157826275473,2,0.0662168131296106
4408,0.304671992253692,207.204798381269,2,0.0651643594254138
4409,0.299733720648753,207.251770487065,2,0.061350510357158
4410,0.295957395303801,207.29874259286,2,0.0590899830541324
4411,0.288598402323893,207.345714698656,2,0.0561196669115647
4412,0.278044057129024,207.392686804452,2,0.0548022993461076
4413,0.267538126361656,207.439658910247,2,0.0567716516085031
4414,0.256741709029291,207.486631016043,2,0.06256395523375
4415,0.244057129024449,207.533603121838,2,0.0757498235864392
4416,0.235342532074558,207.580575227634,2,0.0904782134887299
4417,0.229339143064633,207.62754733343,2,0.104385616203132
4418,0.224207213749697,207.674519439225,2,0.119424015140406
4419,0.220430888404745,207.721491545021,2,0.132744501710814
4420,0.221253933672234,207.768463650817,2,0.129660659589394
4421,0.225030259017187,207.815435756612,2,0.116788799098739
4422,0.225998547567175,207.862407862408,2,0.113802632441742
4423,0.221834906802227,207.909379968204,2,0.127546314923352
4424,0.216702977487291,207.956352073999,2,0.148100523111545
4425,0.20881142580489,208.003324179795,2,0.189361556081791
4426,0.201065117404987,208.05029628559,2,0.244159019861565
4427,0.19840232389252,208.097268391386,2,0.266830396050674
4428,0.199515855725006,208.144240497182,2,0.257095925862733
4429,0.198353909465021,208.191212602977,2,0.267262019245855
4430,0.19917695473251,208.238184708773,2,0.260019607537466
4431,0.2,208.285156814569,2,0.252977943803086
4432,0.196853062212539,208.332128920364,2,0.28099278418655
4433,0.197918179617526,208.37910102616,2,0.271178293152527
4434,0.197724521907528,208.426073131956,2,0.272937204486875
4435,0.198886468167514,208.473045237751,2,0.262552707288246
4436,0.201984991527475,208.520017343547,2,0.236805090173619
4437,0.206778019849915,208.566989449342,2,0.202240220619502
4438,0.211861534737352,208.613961555138,2,0.171859099848369
4439,0.215395787944808,208.660933660934,2,0.154064455648836
4440,0.216945049624788,208.707905766729,2,0.147030525254865
4441,0.218930041152263,208.754877872525,2,0.138645284197419
4442,0.221302348099734,208.801849978321,2,0.129482511169729
4443,0.224352457032196,208.848822084116,2,0.118952360696781
4444,0.227015250544662,208.895794189912,2,0.110795081075216
4445,0.228758169934641,208.942766295707,2,0.105929527694033
4446,0.22962962962963,208.989738401503,2,0.103627773417657
4447,0.22962962962963,209.036710507299,2,0.103627773417657
4448,0.228128782377148,209.083682613094,2,0.107645423665523
4449,0.224110384894699,209.13065471889,2,0.119740045832194
4450,0.222512708787219,209.177626824686,2,0.125143208610142
4451,0.219462599854757,209.224598930481,2,0.136509519372981
4452,0.213120309852336,209.271571036277,2,0.165229884436137
4453,0.209392398934883,209.318543142073,2,0.185864262862839
4454,0.206778019849915,209.365515247868,2,0.202240220619502
4455,0.206148632292423,209.412487353664,2,0.206434071334884
4456,0.206100217864924,209.459459459459,2,0.206760843948855
4457,0.207020091987412,209.506431565255,2,0.200653775169654
4458,0.210893246187364,209.553403671051,2,0.1771893116032
4459,0.216122004357298,209.600375776846,2,0.150712034384814
4460,0.221883321229726,209.647347882642,2,0.127372410462567
4461,0.228419268942145,209.694319988438,2,0.106847804155646
4462,0.235681433067054,209.741292094233,2,0.0897946432935377
4463,0.241249092229484,209.788264200029,2,0.079893142800041
4464,0.243911885741951,209.835236305825,2,0.0759515491056937
4465,0.243379327039458,209.88220841162,2,0.0767026461391192
4466,0.240280803679497,209.929180517416,2,0.081446377474171
4467,0.233309126119584,209.976152623211,2,0.0947955320345745
4468,0.227644638102154,210.023124729007,2,0.108996701541647
4469,0.22556281771968,210.070096834803,2,0.11513141533861
4470,0.222996853062213,210.117068940598,2,0.123467721866659
4471,0.217380779472283,210.164041046394,2,0.145130996856842
4472,0.213120309852336,210.21101315219,2,0.165229884436137
4473,0.200338900992496,210.257985257985,2,0.250136198481175
4474,0.194625998547567,210.304957363781,2,0.30263344836059
4475,0.186540789155168,210.351929469577,2,0.393896050450267
4476,0.177487291212781,210.398901575372,1,0.516244131271426
4477,0.170079883805374,210.445873681168,1,0.623678051757276
4478,0.16722343258291,210.492845786963,1,0.664454164829106
4479,0.168336964415396,210.539817892759,1,0.648684753583391
4480,0.170854514645364,210.586789998555,1,0.612470013869428
4481,0.179423868312757,210.63376210435,2,0.488757490466064
4482,0.183393851367708,210.680734210146,2,0.434426182913611
4483,0.189881384652626,210.727706315942,2,0.353820908079501
4484,0.196078431372549,210.774678421737,2,0.288347411986811
4485,0.198741224885016,210.821650527533,2,0.263828668229083
4486,0.201016702977487,210.868622633329,2,0.244552763711249
4487,0.204502541757444,210.915594739124,2,0.217885264583332
4488,0.207794722827403,210.96256684492,2,0.19567484581596
4489,0.216606148632292,211.009538950715,2,0.148531491078008
4490,0.223723069474703,211.056511056511,2,0.121017029394634
4491,0.231953522149601,211.103483162307,2,0.0978897514782493
4492,0.238537884289518,211.150455268102,2,0.084414668907974
4493,0.245461147421932,211.197427373898,2,0.0738670025827008
4494,0.248269184216897,211.244399479694,2,0.0704482160811842
4495,0.247058823529412,211.291371585489,2,0.0718671255049069
4496,0.245364318566933,211.338343691285,2,0.0739930107794002
4497,0.239941902687001,211.385315797081,2,0.0820058891834298
4498,0.229823287339627,211.432287902876,2,0.103127698416428
4499,0.218736383442266,211.479260008672,2,0.139433610381478
4500,0.214088598402324,211.526232114467,2,0.160353158801041
4501,0.214766400387315,211.573204220263,2,0.15705086944511
4502,0.216896635197289,211.620176326059,2,0.147243679594912
4503,0.224933430162188,211.667148431854,2,0.117094134472347
4504,0.23519728879206,211.71412053765,2,0.0907742415706446
4505,0.241007020091987,211.761092643446,2,0.0802752346931157
4506,0.246816751391915,211.808064749241,2,0.0721606949207459
4507,0.251416122004357,211.855036855037,2,0.0671212603498748
4508,0.254127329944323,211.902008960833,2,0.064642900472062
4509,0.257080610021787,211.948981066628,2,0.0623155730490546
4510,0.259259259259259,211.995953172424,2,0.060829036669579
4511,0.261825223916727,212.042925278219,2,0.059312131023579
4512,0.26719922536916,212.089897384015,2,0.0568918850572076
4513,0.271459694989107,212.136869489811,2,0.0556448306601031
4514,0.277511498426531,212.183841595606,2,0.0548228596676092
4515,0.283902202856451,212.230813701402,2,0.0551241854187973
4516,0.287049140643912,212.277785807198,2,0.0557169917648057
4517,0.287484870491406,212.324757912993,2,0.0558227530557351
4518,0.286903897361414,212.371730018789,2,0.0556830317423778
4519,0.284918905833939,212.418702124585,2,0.0552831332397355
4520,0.282691842168966,212.46567423038,2,0.0549750198754409
4521,0.278140885984023,212.512646336176,2,0.0547994524688015
4522,0.273928830791576,212.559618441971,2,0.0551778175853471
4523,0.265843621399177,212.606590547767,2,0.0574102758806949
4524,0.257032195594287,212.653562653563,2,0.0623507678017526
4525,0.249770031469378,212.700534759358,2,0.0687982485377097
4526,0.242943597191963,212.747506865154,2,0.0773307323155565
4527,0.234519486807069,212.79447897095,2,0.0921804313897825
4528,0.227354151537158,212.841451076745,2,0.109820802473853
4529,0.220963447107238,212.888423182541,2,0.130737091071047
4530,0.214669571532317,212.935395288336,2,0.157517108249167
4531,0.202904865649964,212.982367394132,2,0.229689839760062
4532,0.190559186637618,213.029339499928,2,0.346088332853083
4533,0.180101670297749,213.076311605723,2,0.479269484290994
4534,0.173372064875333,213.123283711519,1,0.57584192088332
4535,0.168143306705398,213.170255817315,1,0.651440448113582
4536,0.165141612200436,213.21722792311,1,0.693354660739787
4537,0.162236746550472,213.264200028906,1,0.732044272376972
4538,0.160300169450496,213.311172134702,1,0.756535330232302
4539,0.159961268458,213.358144240497,1,0.760701197688589
4540,0.162527233115468,213.405116346293,1,0.728274964074064
4541,0.166884531590414,213.452088452088,1,0.669214309283228
4542,0.172597434035343,213.499060557884,1,0.587128927985279
4543,0.180537400145243,213.54603266368,2,0.473211633580091
4544,0.186686032437666,213.593004769475,2,0.392087922375527
4545,0.187121762285161,213.639976875271,2,0.3866983868158
4546,0.189058339385137,213.686948981067,2,0.363394575320421
4547,0.19118857419511,213.733921086862,2,0.339032095326666
4548,0.193657709997579,213.780893192658,2,0.312518578965392
4549,0.199757927862503,213.827865298454,2,0.25502832760331
4550,0.210215444202372,213.874837404249,2,0.18104374248137
4551,0.22081820382474,213.921809510045,2,0.131280184782186
4552,0.227547809247156,213.96878161584,2,0.109270282098175
4553,0.235487775357056,214.015753721636,2,0.0901840317355899
4554,0.238295812152021,214.062725827432,2,0.0848451424004969
4555,0.242314209634471,214.109697933227,2,0.0782599305878656
4556,0.246090534979424,214.156670039023,2,0.0730614849567667
4557,0.245945291696926,214.203642144819,2,0.0732453056816801
4558,0.244444444444444,214.250614250614,2,0.0752183394316098
4559,0.242507867344469,214.29758635641,2,0.0779712288917874
4560,0.241975308641975,214.344558462206,2,0.0787712082631837
4561,0.238005325587025,214.391530568001,2,0.0853677468474277
4562,0.236649721617042,214.438502673797,2,0.0878957972027448
4563,0.235294117647059,214.485474779592,2,0.0905766838470033
4564,0.235923505204551,214.532446885388,2,0.0893124595914791
4565,0.237811667877027,214.579418991184,2,0.0857198426153861
4566,0.241007020091987,214.626391096979,2,0.0802752346931157
4567,0.243815056886952,214.673363202775,2,0.0760867714643924
4568,0.247446138949407,214.720335308571,2,0.0714042656929953
4569,0.250544662309368,214.767307414366,2,0.0679922274744847
4570,0.250205761316872,214.814279520162,2,0.068341126179392
4571,0.245557976276931,214.861251625958,2,0.0737415532440523
4572,0.236310820624546,214.908223731753,2,0.088551372874877
4573,0.223819898329702,214.955195837549,2,0.120695844590275
4574,0.204841442749939,215.002167943344,2,0.215469609151882
4575,0.184846284192689,215.04914004914,2,0.415407474737897
4576,0.172403776325345,215.096112154936,1,0.58994971207566
4577,0.145727426773178,215.143084260731,1,0.897574460696922
4578,0.132365044783345,215.190056366527,1,0.961821110306397
4579,0.120019365771,215.237028472323,1,0.986503402931659
4580,0.113967562333575,215.284000578118,1,0.992196045193822
4581,0.110965867828613,215.330972683914,1,0.994103741036698
4582,0.106027596223675,215.37794478971,1,0.996326409265952
4583,0.0979908012587751,215.424916895505,1,0.998351082965911
4584,0.0901476640038732,215.471889001301,1,0.999272271941073
4585,0.0803679496489954,215.518861107096,1,0.999750184610381
4586,0.0802711207939966,215.565833212892,1,0.999752882442728
4587,0.0785282014040184,215.612805318688,1,0.999796938219387
4588,0.0838537884289518,215.659777424483,1,0.999632005822523
4589,0.0995884773662551,215.706749530279,1,0.998060599654302
4590,0.121665456305979,215.753721636075,1,0.984399604651015
4591,0.149891067538126,215.80069374187,1,0.865542557022749
4592,0.1759864439603,215.847665847666,1,0.537849237496488
4593,0.198789639312515,215.894637953462,2,0.263402649543866
4594,0.208956669087388,215.941610059257,2,0.18847979994633
4595,0.216945049624788,215.988582165053,2,0.147030525254865
4596,0.221641249092229,216.035554270848,2,0.128245439676736
4597,0.227596223674655,216.082526376644,2,0.109133352299263
4598,0.23122730573711,216.12949848244,2,0.0996224108627851
4599,0.233793270394578,216.176470588235,2,0.0937331867698331
4600,0.236407649479545,216.223442694031,2,0.0883630836639124
4601,0.241152263374486,216.270414799827,2,0.0800454876774206
4602,0.239409343984507,216.317386905622,2,0.0829021508488219
4603,0.242653110626967,216.364359011418,2,0.0777563386498185
4604,0.249915274751876,216.411331117214,2,0.0686447996228469
4605,0.257806826434277,216.458303223009,2,0.0617990743056927
4606,0.262357782619221,216.505275328805,2,0.0590276272003758
4607,0.265649963689179,216.5522474346,2,0.0574892792478138
4608,0.268119099491649,216.599219540396,2,0.0565741395801327
4609,0.273057371096587,216.646191646192,2,0.0553216901113979
4610,0.274703461631566,216.693163751987,2,0.0550689439019348
4611,0.275816993464052,216.740135857783,2,0.0549435856824375
4612,0.274219317356572,216.787107963579,2,0.0551348991337564
4613,0.273977245219075,216.834080069374,2,0.0551704899667933
4614,0.277511498426531,216.88105217517,2,0.0548228596676092
4615,0.282256112321472,216.928024280965,2,0.0549319178708082
4616,0.286468167513919,216.974996386761,2,0.0555850176757704
4617,0.290002420721375,217.021968492557,2,0.0565493352164021
4618,0.29363350278383,217.068940598352,2,0.0579559090334963
4619,0.295376422173808,217.115912704148,2,0.0587887200672847
4620,0.296247881868797,217.162884809944,2,0.0592451371290958
4621,0.300266279351247,217.209856915739,2,0.0617132121288691
4622,0.305204550956185,217.256829021535,2,0.0656389883356901
4623,0.304333091261196,217.303801127331,2,0.0648690415614281
4624,0.300169450496248,217.350773233126,2,0.061646429104774
4625,0.296635197288792,217.397745338922,2,0.0594567448677401
4626,0.283321229726459,217.444717444717,2,0.0550471719225837
4627,0.269329460179133,217.491689550513,2,0.0561971648797361
4628,0.25519244734931,217.538661656309,2,0.06376047317579
4629,0.237279109174534,217.585633762104,2,0.0867035406943309
4630,0.220721374969741,217.6326058679,2,0.131644066272296
4631,0.203146937787461,217.679577973696,2,0.227856503085103
4632,0.187267005567659,217.726550079491,2,0.384913589723543
4633,0.181457274267732,217.773522185287,2,0.460538256328604
4634,0.168482207697894,217.820494291083,1,0.646614621653394
4635,0.15357056402808,217.867466396878,1,0.831691931968619
4636,0.144081336238199,217.914438502674,1,0.90847905244804
4637,0.137787460663278,217.961410608469,1,0.941908176750508
4638,0.134301621883321,218.008382714265,1,0.955521935170919
4639,0.137496974098281,218.055354820061,1,0.943163944741469
4640,0.143258290970709,218.102326925856,1,0.913575852185173
4641,0.158073105785524,218.149299031652,1,0.783208932790491
4642,0.166109900750424,218.196271137448,1,0.680017327607811
4643,0.174872912127814,218.243243243243,1,0.553994920474687
4644,0.182667634955217,218.290215349039,2,0.444122330539071
4645,0.192253691600097,218.337187454835,2,0.327365428639906
4646,0.202808036794965,218.38415956063,2,0.230427708694394
4647,0.214669571532317,218.431131666426,2,0.157517108249167
4648,0.2240135560397,218.478103772221,2,0.120057357714332
4649,0.232340837569596,218.525075878017,2,0.096987347854357
4650,0.236310820624546,218.572047983813,2,0.088551372874877
4651,0.240038731542,218.619020089608,2,0.0818451755357054
4652,0.2399903171145,218.665992195404,2,0.0819254467277664
4653,0.238198983297023,218.7129643012,2,0.0850186090126929
4654,0.236456063907044,218.759936406995,2,0.0882692343654773
4655,0.240232389251997,218.806908512791,2,0.0815257970826447
4656,0.246816751391915,218.853880618587,2,0.0721606949207459
4657,0.250544662309368,218.900852724382,2,0.0679922274744847
4658,0.254853546356814,218.947824830178,2,0.0640358590620408
4659,0.258920358266764,218.994796935973,2,0.061047993871497
4660,0.260953764221738,219.041769041769,2,0.0597998611958195
4661,0.261728395061728,219.088741147565,2,0.0593649569605116
4662,0.263810215444202,219.13571325336,2,0.0583028393606774
4663,0.264488017429194,219.182685359156,2,0.0579897184543706
4664,0.264149116436698,219.229657464952,2,0.0581443065585816
4665,0.262212539336722,219.276629570747,2,0.0591042094262667
4666,0.264197530864198,219.323601676543,2,0.0581219816783914
4667,0.266134107964173,219.370573782339,2,0.05729410503516
4668,0.268312757201646,219.417545888134,2,0.056510702444189
4669,0.271411280561607,219.46451799393,2,0.0556558322081668
4670,0.272234325829097,219.511490099725,2,0.0554785088568684
4671,0.267053982086662,219.558462205521,2,0.0569445522875601
4672,0.261244250786734,219.605434311317,2,0.0596341984562389
4673,0.259307673686759,219.652406417112,2,0.0607981191818583
4674,0.252578068264343,219.699378522908,2,0.0660171642196093
4675,0.244734931009441,219.746350628704,2,0.0748258221829394
4676,0.239409343984507,219.793322734499,2,0.0829021508488219
4677,0.23442265795207,219.840294840295,2,0.0923846805071998
4678,0.229823287339627,219.887266946091,2,0.103127698416428
4679,0.227499394819656,219.934239051886,2,0.109407491475995
4680,0.227741466957153,219.981211157682,2,0.108724235004773
4681,0.233551198257081,220.028183263477,2,0.0942616070727122
4682,0.236940208182038,220.075155369273,2,0.0873414809044091
4683,0.239748244977003,220.122127475069,2,0.0823293779985421
4684,0.242556281771968,220.169099580864,2,0.077899443467925
4685,0.245800048414428,220.21607168666,2,0.0734303621511556
4686,0.250108932461874,220.263043792456,2,0.0684418747804693
4687,0.254611474219317,220.310015898251,2,0.0642356262459755
4688,0.257032195594287,220.356988004047,2,0.0623507678017526
4689,0.257080610021787,220.403960109843,2,0.0623155730490546
4690,0.254514645364319,220.450932215638,2,0.0643162526823644
4691,0.248269184216897,220.497904321434,2,0.0704482160811842
4692,0.235245703219559,220.544876427229,2,0.0906753597436156
4693,0.221205519244735,220.591848533025,2,0.129839165986997
4694,0.209392398934883,220.638820638821,2,0.185864262862839
4695,0.190268700072622,220.685792744616,2,0.349385409513705
4696,0.168966351972888,220.732764850412,1,0.63969453306123
4697,0.157104817235536,220.779736956208,1,0.794269357885026
4698,0.147954490438151,220.826709062003,1,0.881253846274275
4699,0.13841684822077,220.873681167799,1,0.939106881867758
4700,0.132413459210845,220.920653273594,1,0.961673662622484
4701,0.126894214475914,220.96762537939,1,0.97558779295695
4702,0.122246429435972,221.014597485186,1,0.983588424500141
4703,0.120358266763496,221.061569590981,1,0.98609275958527
4704,0.121036068748487,221.108541696777,1,0.985237005246797
4705,0.126652142338417,221.155513802573,1,0.976078455022794
4706,0.126216412490922,221.202485908368,1,0.976939389938973
4707,0.125538610505931,221.249458014164,1,0.978223348681057
4708,0.124909222948439,221.29643011996,1,0.979357546995541
4709,0.122246429435972,221.343402225755,1,0.983588424500141
4710,0.117404986686032,221.390374331551,1,0.989316692723883
4711,0.111934156378601,221.437346437346,1,0.99354179656559
4712,0.108061002178649,221.484318543142,1,0.995528248690955
4713,0.103752118131203,221.531290648938,1,0.997060538179188
4714,0.102057613168724,221.578262754733,1,0.997515144635733
4715,0.104526748971193,221.625234860529,1,0.996827667268127
4716,0.105495037521181,221.672206966325,1,0.996512213196965
4717,0.105446623093682,221.71917907212,1,0.996528660245613
4718,0.104865649963689,221.766151177916,1,0.996720435503508
4719,0.0999273783587509,221.813123283712,1,0.997993069317044
4720,0.100266279351247,221.860095389507,1,0.997923326762169
4721,0.0991527475187606,221.907067495303,1,0.99814427883722
4722,0.101912369886226,221.954039601098,1,0.997550865324221
4723,0.10476882110869,222.001011706894,1,0.996751415156158
4724,0.111788913096103,222.04798381269,1,0.993629149124906
4725,0.123747276688453,222.094955918485,1,0.981312235178714
4726,0.136867586540789,222.141928024281,1,0.945806121879786
4727,0.14960058097313,222.188900130077,1,0.867990997997777
4728,0.158169934640523,222.235872235872,1,0.782084527952583
4729,0.166884531590414,222.282844341668,1,0.669214309283228
4730,0.170564028080368,222.329816447464,1,0.616678325991395
4731,0.174582425562818,222.376788553259,1,0.558217940621625
4732,0.177680948922779,222.423760659055,1,0.513473354937581
4733,0.182570806100218,222.47073276485,2,0.445424092347311
4734,0.191382231905108,222.517704870646,2,0.336885127627226
4735,0.201549261679981,222.564676976442,2,0.240258506452285
4736,0.208617768094892,222.611649082237,2,0.19054499975397
4737,0.207794722827403,222.658621188033,2,0.19567484581596
4738,0.212248850157347,222.705593293829,2,0.169783756842865
4739,0.217041878479787,222.752565399624,2,0.146605479177107
4740,0.22081820382474,222.79953750542,2,0.131280184782186
4741,0.226192205277173,222.846509611216,2,0.113219817054118
4742,0.231275720164609,222.893481717011,2,0.0995052271374569
4743,0.233841684822077,222.940453822807,2,0.0936281586376835
4744,0.23282498184459,222.987425928602,2,0.0958801087115175
4745,0.234471072379569,223.034398034398,2,0.0922824497898004
4746,0.230839990317114,223.081370140194,2,0.10056861310999
4747,0.226676349552167,223.128342245989,2,0.111783352207248
4748,0.223287339627209,223.175314351785,2,0.122478530101583
4749,0.218106995884774,223.222286457581,2,0.142039446025252
4750,0.210893246187364,223.269258563376,2,0.1771893116032
4751,0.205228758169935,223.316230669172,2,0.212746011248215
4752,0.202662793512467,223.363202774968,2,0.231539387505165
4753,0.206632776567417,223.410174880763,2,0.2031991426672
4754,0.209876543209877,223.457146986559,2,0.183009848483456
4755,0.214475913822319,223.504119092354,2,0.158455077574163
4756,0.218155410312273,223.55109119815,2,0.141836597088256
4757,0.22076978939724,223.598063303946,2,0.131461943174558
4758,0.222609537642217,223.645035409741,2,0.124805404166023
4759,0.223577826192205,223.692007515537,2,0.121501247167476
4760,0.224885015734689,223.738979621333,2,0.117247266994639
4761,0.224885015734689,223.785951727128,2,0.117247266994639
4762,0.226289034132171,223.832923832924,2,0.112930181836511
4763,0.229242314209634,223.879895938719,2,0.104640307833526
4764,0.231372549019608,223.926868044515,2,0.0992715822613929
4765,0.232679738562092,223.973840150311,2,0.0962098810511727
4766,0.231808278867102,224.020812256106,2,0.0982320113879347
4767,0.231517792302106,224.067784361902,2,0.0989229144379618
4768,0.2320019365771,224.114756467698,2,0.0977761346460617
4769,0.235100459937061,224.161728573493,2,0.0909726245884178
4770,0.238537884289518,224.208700679289,2,0.084414668907974
4771,0.241442749939482,224.255672785085,2,0.0795904097885888
4772,0.24400871459695,224.30264489088,2,0.075816918040545
4773,0.246816751391915,224.349616996676,2,0.0721606949207459
4774,0.247881868796901,224.396589102471,2,0.0708935028543121
4775,0.249431130476882,224.443561208267,2,0.0691605122240352
4776,0.25117404986686,224.490533314063,2,0.0673594512123251
4777,0.255047204066812,224.537505419858,2,0.0638778857643881
4778,0.255144032921811,224.584477525654,2,0.0637995093431502
4779,0.257032195594287,224.63144963145,2,0.0623507678017526
4780,0.259114015976761,224.678421737245,2,0.0609223313841258
4781,0.256596465746793,224.725393843041,2,0.0626718527664188
4782,0.255773420479303,224.772365948837,2,0.0632998889342276
4783,0.258339385136771,224.819338054632,2,0.0614337575203383
4784,0.260711692084241,224.866310160428,2,0.0599402920024758
4785,0.261244250786734,224.913282266223,2,0.0596341984562389
4786,0.263374485596708,224.960254372019,2,0.0585125088839124
4787,0.265456305979182,225.007226477815,2,0.0575695328251897
4788,0.265359477124183,225.05419858361,2,0.0576101298858618
4789,0.266134107964173,225.101170689406,2,0.05729410503516
4790,0.268554829339143,225.148142795202,2,0.0564330846535246
4791,0.266134107964173,225.195114900997,2,0.05729410503516
4792,0.259598160251755,225.242087006793,2,0.0606145041940849
4793,0.252626482691842,225.289059112589,2,0.0659725471651424
4794,0.24236262406197,225.336031218384,2,0.0781875205987768
4795,0.231759864439603,225.38300332418,2,0.0983465693388391
4796,0.220963447107238,225.429975429975,2,0.130737091071047
4797,0.209924957637376,225.476947535771,2,0.182727372523282
4798,0.20242072137497,225.523919641567,2,0.233405232182124
4799,0.186928104575163,225.570891747362,2,0.389087252891817
4800,0.16557734204793,225.617863853158,1,0.687377034221241
4801,0.14558218349068,225.664835958954,1,0.89857553963682
4802,0.128879206003389,225.711808064749,1,0.971212108490956
4803,0.10961026385863,225.758780170545,1,0.994814294790169
4804,0.0992495763737594,225.805752276341,1,0.998125983187777
4805,0.0934882595013314,225.852724382136,1,0.99896449917112
4806,0.095037521181312,225.899696487932,1,0.998783124872058
4807,0.10481723553619,225.946668593727,1,0.996735959812055
4808,0.109222948438635,225.993640699523,1,0.995002134953301
4809,0.125151295085936,226.040612805319,1,0.978927781287916
4810,0.146356814330671,226.087584911114,1,0.893147853745818
4811,0.171387073347858,226.13455701691,1,0.604740979263038
4812,0.188428951827645,226.181529122706,2,0.370850006799267
4813,0.20237230694747,226.228501228501,2,0.233780364218816
4814,0.218252239167272,226.275473334297,2,0.14143210648107
4815,0.231808278867102,226.322445440093,2,0.0982320113879347
4816,0.238441055434519,226.369417545888,2,0.0845863126343121
4817,0.238198983297023,226.416389651684,2,0.0850186090126929
4818,0.236891793754539,226.463361757479,2,0.0874333830901525
4819,0.232389251997095,226.510333863275,2,0.0968755916610995
4820,0.225514403292181,226.557305969071,2,0.115280562574305
4821,0.217041878479787,226.604278074866,2,0.146605479177107
4822,0.20242072137497,226.651250180662,2,0.233405232182124
4823,0.181650931977729,226.698222286458,2,0.457891215464534
4824,0.165044783345437,226.745194392253,1,0.694677422027134
4825,0.142774146695715,226.792166498049,1,0.916466295123716
4826,0.119099491648511,226.839138603845,1,0.987562682860679
4827,0.087436456063907,226.88611070964,1,0.999455987494118
4828,0.0573226821592835,226.933082815436,1,0.999983769485275
4829,0.0342774146695715,226.980054921231,1,0.999999218724421
4830,0.022319051077221,227.027027027027,1,0.999999856174178
4831,0.0205277172597434,227.073999132823,1,0.999999889153347
4832,0.0214475913822319,227.120971238618,1,0.999999873262096
4833,0.0251270878721859,227.167943344414,1,0.999999784439766
4834,0.0256112321471799,227.21491545021,1,0.99999976896811
4835,0.0286613410796417,227.261887556005,1,0.999999643547418
4836,0.0334059549745824,227.308859661801,1,0.999999307487303
4837,0.0369886226095376,227.355831767596,1,0.9999988661302
4838,0.0346163156620673,227.402803873392,1,0.999999181304072
4839,0.028322440087146,227.449775979188,1,0.999999660227041
4840,0.0224158799322198,227.496748084983,1,0.999999854142506
4841,0.0198015008472525,227.543720190779,1,0.999999900312335
4842,0.0226579520697168,227.590692296575,1,0.999999848940374
4843,0.0268215928346647,227.63766440237,1,0.999999725413718
4844,0.0327281529895909,227.684636508166,1,0.999999369678986
4845,0.0410554345194868,227.731608613962,1,0.999998032911213
4846,0.0549019607843137,227.778580719757,1,0.999988031077637
4847,0.06879690147664,227.825552825553,1,0.999934267754259
4848,0.0758654078915517,227.872524931348,1,0.999850065111643
4849,0.0825950133139676,227.919497037144,1,0.999679786296289
4850,0.0840474461389494,227.96646914294,1,0.999624077172626
4851,0.0853546356814331,228.013441248735,1,0.99956614339682
4852,0.0905349794238683,228.060413354531,1,0.999241646614285
4853,0.101428225611232,228.107385460327,1,0.997666475691599
4854,0.118276446381022,228.154357566122,1,0.988445241425723
4855,0.137400145243283,228.201329671918,1,0.943577398738884
4856,0.152553861050593,228.248301777714,1,0.841572081905821
4857,0.161365286855483,228.295273883509,1,0.743205898572519
4858,0.171338658920358,228.342245989305,1,0.605444270388705
4859,0.1839748244977,228.3892180951,2,0.426757286355152
4860,0.192205277172597,228.436190200896,2,0.327888201838192
4861,0.195255386105059,228.483162306692,2,0.296363153228329
4862,0.197869765190027,228.530134412487,2,0.271616960615992
4863,0.204260469619947,228.577106518283,2,0.219629458449362
4864,0.209973372064875,228.624078624079,2,0.182445432480048
4865,0.215056886952312,228.671050729874,2,0.155663061459966
4866,0.223480997337206,228.71802283567,2,0.121825693278286
4867,0.233115468409586,228.764994941466,2,0.0952266709944955
4868,0.238198983297023,228.811967047261,2,0.0850186090126929
4869,0.241297506656984,228.858939153057,2,0.0798172154017351
4870,0.244928588719438,228.905911258852,2,0.074567016191014
4871,0.248414427499395,228.952883364648,2,0.0702833269364684
4872,0.250254175744372,228.999855470444,2,0.0682909296606339
4873,0.250786734446865,229.046827576239,2,0.0677465317820553
4874,0.252142338416848,229.093799682035,2,0.0664236719820555
4875,0.254805131929315,229.140771787831,2,0.0640756075087779
4876,0.25756475429678,229.187743893626,2,0.061968872596152
4877,0.258968772694263,229.234715999422,2,0.0610164418821853
4878,0.261534737351731,229.281688105218,2,0.0594716288541105
4879,0.265649963689179,229.328660211013,2,0.0574892792478138
4880,0.269281045751634,229.375632316809,2,0.0562113563972922
4881,0.272960542241588,229.422604422604,2,0.0553390805545261
4882,0.272185911401598,229.4695765284,2,0.0554883703623598
4883,0.272185911401598,229.516548634196,2,0.0554883703623598
4884,0.270539820866618,229.563520739991,2,0.0558661384415212
4885,0.267296054224159,229.610492845787,2,0.0568571536248117
4886,0.266085693536674,229.657464951583,2,0.0573132728510419
4887,0.269232631324135,229.704437057378,2,0.0562256214688246
4888,0.274074074074074,229.751409163174,2,0.0551560442580372
4889,0.274897119341564,229.79838126897,2,0.0550445088579857
4890,0.277269426289034,229.845353374765,2,0.0548349495524496
4891,0.277317840716534,229.892325480561,2,0.0548323942830959
4892,0.276204308884047,229.939297586356,2,0.0549085560200549
4893,0.275913822319051,229.986269692152,2,0.0549344142978943
4894,0.275720164609054,230.033241797948,2,0.0549530332592936
4895,0.27363834422658,230.080213903743,2,0.0552232516466891
4896,0.273977245219075,230.127186009539,2,0.0551704899667933
4897,0.273202614379085,230.174158115335,2,0.0552961322769408
4898,0.267296054224159,230.22113022113,2,0.0568571536248117
4899,0.261099007504236,230.268102326926,2,0.0597166418318027
4900,0.257177438876785,230.315074432722,2,0.0622454707820578
4901,0.253885257806826,230.362046538517,2,0.0648504456742618
4902,0.250835148874365,230.409018644313,2,0.0676977419712437
4903,0.248462841926894,230.455990750108,2,0.070228615938009
4904,0.247542967804406,230.502962855904,2,0.0712898571183561
4905,0.253691600096829,230.5499349617,2,0.0650183754071306
4906,0.258726700556766,230.596907067495,2,0.0611751140459258
4907,0.265359477124183,230.643879173291,2,0.0576101298858618
4908,0.270636649721617,230.690851279087,2,0.0558416184765936
4909,0.274122488501573,230.737823384882,2,0.0551489261166495
4910,0.276930525296538,230.784795490678,2,0.0548547595632399
4911,0.283272815298959,230.831767596473,2,0.055041205850002
4912,0.288404744613895,230.878739702269,2,0.0560652633488899
4913,0.294553376906318,230.925711808065,2,0.058382315498646
4914,0.295279593318809,230.97268391386,2,0.0587396735391762
4915,0.295134350036311,231.019656019656,2,0.0586667234857126
4916,0.297264584846284,231.066628125452,2,0.0598122697489446
4917,0.298910675381264,231.113600231247,2,0.0608118642063029
4918,0.299685306221254,231.160572337043,2,0.0613180932041088
4919,0.299443234083757,231.207544442839,2,0.0611573865668387
4920,0.298717017671266,231.254516548634,2,0.0606889348302256
4921,0.300944081336238,231.30148865443,2,0.0621912279874027
4922,0.294747034616316,231.348460760225,2,0.0584758090627213
4923,0.287920600338901,231.395432866021,2,0.0559343601195644
4924,0.281190994916485,231.442404971817,2,0.0548500678497788
4925,0.274897119341564,231.489377077612,2,0.0550445088579857
4926,0.26482691842169,231.536349183408,2,0.0578390476524881
4927,0.247881868796901,231.583321289204,2,0.0708935028543121
4928,0.231663035584604,231.630293394999,2,0.0985763949396612
4929,0.210602759622367,231.677265500795,2,0.178828609397286
4930,0.187073347857662,231.724237606591,2,0.387294626531132
4931,0.159719196320504,231.771209712386,1,0.763653915207346
4932,0.139675623335754,231.818181818182,1,0.933163570225312
4933,0.124909222948439,231.865153923977,1,0.979357546995541
4934,0.112369886226095,231.912126029773,1,0.99327301301182
4935,0.103897361413701,231.959098135569,1,0.997018135730919
4936,0.0991043330912612,232.006070241364,1,0.998153363352223
4937,0.107673686758654,232.05304234716,1,0.995691792236453
4938,0.116146211571048,232.100014452956,1,0.990468986095737
4939,0.128152989590898,232.146986558751,1,0.972888080595545
4940,0.138465262648269,232.193958664547,1,0.938886772934624
4941,0.146937787460663,232.240930770343,1,0.888932724551675
4942,0.158169934640523,232.287902876138,1,0.782084527952583
4943,0.175744371822803,232.334874981934,1,0.54135234115027
4944,0.19036552892762,232.381847087729,2,0.348283562964044
4945,0.202323892519971,232.428819193525,2,0.234156152192887
4946,0.215008472524812,232.475791299321,2,0.155893231043829
4947,0.226724763979666,232.522763405116,2,0.111641306775159
4948,0.23359961268458,232.569735510912,2,0.0941554843276387
4949,0.240619704671992,232.616707616708,2,0.0808951652677652
4950,0.241152263374486,232.663679722503,2,0.0800454876774206
4951,0.228080367949649,232.710651828299,2,0.107779313362442
4952,0.211038489469862,232.757623934095,2,0.176376688543209
4953,0.186008230452675,232.80459603989,2,0.400574864919303
4954,0.151779230210603,232.851568145686,1,0.848829968552269
4955,0.115952553861051,232.898540251481,1,0.990635721267116
4956,0.084483175986444,232.945512357277,1,0.999605638258776
4957,0.0578552408617768,232.992484463073,1,0.999982652356224
4958,0.0363108206245461,233.039456568868,1,0.999998966543183
4959,0.0187847978697652,233.086428674664,1,0.999999914116314
4960,0.0107480029048656,233.13340078046,1,0.999999974099142
4961,0.00580973129992738,233.180372886255,1,0.999999987821927
4962,0.00508351488743646,233.227344992051,1,0.999999989113755
4963,0.00711692084241104,233.274317097847,1,0.999999985109349
4964,0.0168482207697894,233.321289203642,1,0.999999935447475
4965,0.0336964415395788,233.368261309438,1,0.999999279046498
4966,0.0587267005567659,233.415233415233,1,0.999980662744426
4967,0.0978939724037763,233.462205521029,1,0.998367296717886
4968,0.134107964173324,233.509177626825,1,0.956190009606847
4969,0.161510530137981,233.55614973262,1,0.741361216190606
4970,0.17758412006778,233.603121838416,1,0.514858196555527
4971,0.197482449770031,233.650093944212,2,0.275151772081771
4972,0.212490922294844,233.697066050007,2,0.168502843330297
4973,0.221786492374728,233.744038155803,2,0.127720569418076
4974,0.232292423142096,233.791010261599,2,0.0970993350641924
4975,0.246042120551924,233.837982367394,2,0.0731226216231372
4976,0.257177438876785,233.88495447319,2,0.0622454707820578
4977,0.26637618010167,233.931926578985,2,0.0571994261126355
4978,0.269426289034132,233.978898684781,2,0.0561690023041294
4979,0.270539820866618,234.025870790577,2,0.0558661384415212
4980,0.270975550714113,234.072842896372,2,0.0557580717642087
4981,0.272185911401598,234.119815002168,2,0.0554883703623598
4982,0.274751876059066,234.166787107964,2,0.0550627309581323
4983,0.276978939724038,234.213759213759,2,0.0548517234433863
4984,0.279641733236504,234.260731319555,2,0.054790368923295
4985,0.279302832244009,234.30770342535,2,0.0547866663257284
4986,0.281433067053982,234.354675531146,2,0.0548657451010555
4987,0.282643427741467,234.401647636942,2,0.0549699543601622
4988,0.282498184458969,234.448619742737,2,0.0549551725916751
4989,0.281045751633987,234.495591848533,2,0.0548414861951413
4990,0.279835390946502,234.542563954329,2,0.054793991789295
4991,0.274122488501573,234.589536060124,2,0.0551489261166495
4992,0.265746792544178,234.63650816592,2,0.0574496215742684
4993,0.258194141854273,234.683480271716,2,0.0615322722271992
4994,0.242992011619463,234.730452377511,2,0.0772603357772578
4995,0.221350762527233,234.777424483307,2,0.129304720060611
4996,0.198789639312515,234.824396589102,2,0.263402649543866
4997,0.173420479302832,234.871368694898,1,0.575136466839982
4998,0.144178165093198,234.918340800694,1,0.907864065809461
4999,0.116533526991043,234.965312906489,1,0.990127266405987
5000,0.099443234083757,235.012285012285,1,0.998088880291242
5001,0.0773662551440329,235.059257118081,1,0.999822023573791
5002,0.0537400145243283,235.106229223876,1,0.999989671155827
5003,0.029920116194626,235.153201329672,1,0.999999574342203
5004,0.0193173565722585,235.200173435468,1,0.999999907135687
5005,0.01679980634229,235.247145541263,1,0.99999993590834
5006,0.0199951585572501,235.294117647059,1,0.999999897448416
5007,0.0313241345921084,235.341089752854,1,0.999999481733985
5008,0.0465262648269184,235.38806185865,1,0.99999593282527
5009,0.0507383200193658,235.435033964446,1,0.999992966394093
5010,0.0578068264342774,235.482006070241,1,0.999982756899856
5011,0.0609537642217381,235.528978176037,1,0.99997452850729
5012,0.052481239409344,235.575950281833,1,0.999991202863698
5013,0.0396514161220044,235.622922387628,1,0.999998371903513
5014,0.0302590171871218,235.669894493424,1,0.999999553582864
5015,0.0223674655047204,235.71686659922,1,0.999999855161808
5016,0.0154926167998063,235.763838705015,1,0.999999947207991
5017,0.0114258048898572,235.810810810811,1,0.99999997130336
5018,0.0135076252723312,235.857782916606,1,0.999999960748379
5019,0.0173323650447833,235.904755022402,1,0.999999930657618
5020,0.019123698862261,235.951727128198,1,0.999999909735758
5021,0.0227063664972162,235.998699233993,1,0.999999847878495
5022,0.0284676833696442,236.045671339789,1,0.999999653173642
5023,0.0318082788671024,236.092643445585,1,0.999999445475463
5024,0.030162188332123,236.13961555138,1,0.9999995596124
5025,0.0272089082546599,236.186587657176,1,0.999999709861591
5026,0.0270152505446623,236.233559762972,1,0.999999717741762
5027,0.0311788913096103,236.280531868767,1,0.999999492155072
5028,0.0402808036794965,236.327503974563,1,0.99999822759497
5029,0.0497216170418785,236.374476080358,1,0.999993831840534
5030,0.0624061970467199,236.421448186154,1,0.999969560466107
5031,0.0841442749939482,236.46842029195,1,0.99962005205388
5032,0.103413217138707,236.515392397745,1,0.997157285019846
5033,0.114790607601065,236.562364503541,1,0.991580850203256
5034,0.136673928830792,236.609336609337,1,0.946597804754986
5035,0.152941176470588,236.656308715132,1,0.837855545823733
5036,0.158073105785524,236.703280820928,1,0.783208932790491
5037,0.163011377390462,236.750252926724,1,0.721940676428282
5038,0.165674170902929,236.797225032519,1,0.686043206799524
5039,0.160590656015493,236.844197138315,1,0.752935245552272
5040,0.153667392883079,236.89116924411,1,0.830730062592669
5041,0.14156378600823,236.938141349906,1,0.92335244152285
5042,0.130234809973372,236.985113455702,1,0.967835616412199
5043,0.115855725006052,237.032085561497,1,0.990718075076109
5044,0.0938271604938272,237.079057667293,1,0.998927159567153
5045,0.0712176228516098,237.126029773089,1,0.999912540817216
5046,0.0567417090292907,237.173001878884,1,0.999984909043414
5047,0.0507867344468652,237.21997398468,1,0.999992922382866
5048,0.0509803921568627,237.266946090476,1,0.999992743662759
5049,0.0450254175744372,237.313918196271,1,0.999996662060897
5050,0.0482691842168966,237.360890302067,1,0.999994891946105
5051,0.0628419268942145,237.407862407862,1,0.999967896513889
5052,0.0898571774388768,237.454834513658,1,0.999294466278474
5053,0.110917453401114,237.501806619454,1,0.994130606619598
5054,0.123408375695957,237.548778725249,1,0.981849892397897
5055,0.129847494553377,237.595750831045,1,0.968834402215564
5056,0.126022754780925,237.642722936841,1,0.977313009823255
5057,0.128588719438393,237.689695042636,1,0.971893258912169
5058,0.130041152263374,237.736667148432,1,0.968338494389384
5059,0.124957637375938,237.783639254228,1,0.979272232181308
5060,0.113773904623578,237.830611360023,1,0.992334612272185
5061,0.106995884773663,237.877583465819,1,0.995964609569768
5062,0.106124425078673,237.924555571614,1,0.996291645795857
5063,0.110094408133624,237.97152767741,1,0.994570233079008
5064,0.114306463326071,238.018499783206,1,0.991947954097465
5065,0.12563543936093,238.065471889001,1,0.978043957222112
5066,0.132994432340838,238.112443994797,1,0.959865092083504
5067,0.143064633260712,238.159416100593,1,0.914741503087908
5068,0.150568869523118,238.206388206388,1,0.859702550674259
5069,0.156911159525539,238.253360312184,1,0.796440855669288
5070,0.161994674412975,238.300332417979,1,0.735167003741826
5071,0.164173323650448,238.347304523775,1,0.706485831463707
5072,0.163689179375454,238.394276629571,1,0.712967285459059
5073,0.166981360445413,238.441248735366,1,0.667856279034179
5074,0.169837811667877,238.488220841162,1,0.627170446374113
5075,0.174630839990317,238.535192946958,1,0.557513855804053
5076,0.17763253449528,238.582165052753,1,0.514165637741
5077,0.175260227547809,238.629137158549,1,0.548370526702494
5078,0.172306947470346,238.676109264345,1,0.591359818276253
5079,0.172984749455338,238.72308137014,1,0.581485790194406
5080,0.177487291212781,238.770053475936,1,0.516244131271426
5081,0.177390462357783,238.817025581731,1,0.517631137124904
5082,0.180537400145243,238.863997687527,2,0.473211633580091
5083,0.179956427015251,238.910969793323,2,0.481296155302031
5084,0.174049866860324,238.957941899118,1,0.565968271265548
5085,0.169160009682885,239.004914004914,1,0.636918534716426
5086,0.161801016702978,239.05188611071,1,0.737652968416244
5087,0.151779230210603,239.098858216505,1,0.848829968552269
5088,0.144517066085694,239.145830322301,1,0.9056858410981
5089,0.132558702493343,239.192802428097,1,0.961228327911479
5090,0.12641007020092,239.239774533892,1,0.976560249090455
5091,0.122198015008473,239.286746639688,1,0.983657461201198
5092,0.124183006535948,239.333718745483,1,0.980599768538037
5093,0.12641007020092,239.380690851279,1,0.976560249090455
5094,0.126603727910917,239.427662957075,1,0.976175518946755
5095,0.127523602033406,239.47463506287,1,0.974269589284592
5096,0.129799080125878,239.521607168666,1,0.968957299258429
5097,0.133236504478335,239.568579274462,1,0.959089827468546
5098,0.137109658678286,239.615551380257,1,0.944802508839534
5099,0.146550472040668,239.662523486053,1,0.89175665196938
5100,0.158605664488017,239.709495591849,1,0.776984085157231
5101,0.173468893730332,239.756467697644,1,0.574431029936843
5102,0.188235294117647,239.80343980344,2,0.373167130753378
5103,0.201355603969983,239.850411909235,2,0.241810672694389
5104,0.20958605664488,239.897384015031,2,0.184716004154845
5105,0.220237230694747,239.944356120827,2,0.133485505696715
5106,0.227741466957153,239.991328226622,2,0.108724235004773
5107,0.236359235052046,240.038300332418,2,0.0884571297092742
5108,0.242943597191963,240.085272438214,2,0.0773307323155565
5109,0.246865165819414,240.132244544009,2,0.0721017157252271
5110,0.249721617041878,240.179216649805,2,0.0688496383165541
5111,0.252190752844348,240.226188755601,2,0.0663780620281528
5112,0.253691600096829,240.273160861396,2,0.0650183754071306
5113,0.259065601549262,240.320132967192,2,0.0609536107541542
5114,0.259840232389252,240.367105072987,2,0.0604639542891268
5115,0.264681675139191,240.414077178783,2,0.057903142910964
5116,0.270975550714113,240.461049284579,2,0.0557580717642087
5117,0.274945533769063,240.508021390374,2,0.0550385736633433
5118,0.275381263616558,240.55499349617,2,0.0549882767581861
5119,0.270927136286613,240.601965601966,2,0.0557697908584352
5120,0.264439603001695,240.648937707761,2,0.0580115620032967
5121,0.256354393609296,240.695909813557,2,0.0628536260266712
5122,0.250544662309368,240.742881919353,2,0.0679922274744847
5123,0.242895182764464,240.789854025148,2,0.0774012820643963
5124,0.236843379327039,240.836826130944,2,0.0875254783335566
5125,0.233309126119584,240.883798236739,2,0.0947955320345746
5126,0.230113773904624,240.930770342535,2,0.102385237087242
5127,0.225950133139676,240.977742448331,2,0.113949078131858
5128,0.22323892519971,241.024714554126,2,0.122642564739203
5129,0.220334059549746,241.071686659922,2,0.133114262018066
5130,0.216993464052288,241.118658765718,2,0.146817792031605
5131,0.214524328249818,241.165630871513,2,0.158219896820688
5132,0.214766400387315,241.212602977309,2,0.15705086944511
5133,0.215686274509804,241.259575083105,2,0.152711605161265
5134,0.218978455579763,241.3065471889,2,0.138449182282366
5135,0.228661341079642,241.353519294696,2,0.106190552502132
5136,0.237763253449528,241.400491400491,2,0.0858083313450597
5137,0.246042120551924,241.447463506287,2,0.0731226216231372
5138,0.253255870249334,241.494435612083,2,0.0654024269178524
5139,0.264439603001695,241.541407717878,2,0.0580115620032967
5140,0.270346163156621,241.588379823674,2,0.0559160465993392
5141,0.271072379569112,241.63535192947,2,0.0557348493484188
5142,0.269281045751634,241.682324035265,2,0.0562113563972922
5143,0.2640038731542,241.729296141061,2,0.0582117645407236
5144,0.257080610021787,241.776268246857,2,0.0623155730490546
5145,0.2479786976519,241.823240352652,2,0.0707814160887575
5146,0.241249092229484,241.870212458448,2,0.079893142800041
5147,0.228467683369644,241.917184564243,2,0.106715815797662
5148,0.211813120309852,241.964156670039,2,0.172120774427327
5149,0.199273783587509,242.011128775835,2,0.259180803814454
5150,0.178165093197773,242.05810088163,1,0.506566304291394
5151,0.142532074558218,242.105072987426,1,0.917882074354954
5152,0.11522633744856,242.152045093222,1,0.991237276767037
5153,0.0834664730089567,242.199017199017,1,0.999647387530275
5154,0.057516339869281,242.245989304813,1,0.999983371525379
5155,0.0352457032195594,242.292961410608,1,0.999999107142623
5156,0.0229968530622125,242.339933516404,1,0.999999841353024
5157,0.0130718954248366,242.3869056222,1,0.999999963231594
5158,0.00672960542241588,242.433877727995,1,0.99999998596927
5159,0.00823045267489712,242.480849833791,1,0.999999982340435
5160,0.012636165577342,242.527821939587,1,0.9999999655614
5161,0.0172355361897846,242.574794045382,1,0.999999931642488
5162,0.024400871459695,242.621766151178,1,0.999999805774602
5163,0.0436698136044541,242.668738256974,1,0.999997210707218
5164,0.0678286129266521,242.715710362769,1,0.999941417899497
5165,0.0920358266763495,242.762682468565,1,0.999111021150878
5166,0.120551924473493,242.80965457436,1,0.985853006696684
5167,0.151876059065602,242.856626680156,1,0.847935516310874
5168,0.174146695715323,242.903598785952,1,0.564558477115952
5169,0.193899782135076,242.950570891747,2,0.310020177164185
5170,0.205470830307432,242.997542997543,2,0.211063721789124
5171,0.215105301379811,243.044515103339,2,0.155433342759308
5172,0.221544420237231,243.091487209134,2,0.128597115416011
5173,0.229193899782135,243.13845931493,2,0.104768045413651
5174,0.236310820624546,243.185431420726,2,0.088551372874877
5175,0.239796659404503,243.232403526521,2,0.0822482473084668
5176,0.242265795206972,243.279375632317,2,0.0783324974261134
5177,0.245364318566933,243.326347738112,2,0.0739930107794002
5178,0.241830065359477,243.373319843908,2,0.0789927043340205
5179,0.236359235052046,243.420291949704,2,0.0884571297092742
5180,0.23040426046962,243.467264055499,2,0.101651863235258
5181,0.22638586298717,243.514236161295,2,0.112641722238474
5182,0.218203824739772,243.561208267091,2,0.141634150815871
5183,0.197966594045025,243.608180372886,2,0.27074033195031
5184,0.177196804647785,243.655152478682,1,0.520408273868929
5185,0.140450254175744,243.702124584478,1,0.929272006465849
5186,0.10476882110869,243.749096690273,1,0.996751415156158
5187,0.0693778746066328,243.796068796069,1,0.999929583224929
5188,0.0518034374243525,243.843040901864,1,0.999991934262657
5189,0.052481239409344,243.89001300766,1,0.999991202863698
5190,0.0620188816267248,243.936985113456,1,0.999970969604319
5191,0.0821108690389736,243.983957219251,1,0.999696537768005
5192,0.109997579278625,244.030929325047,1,0.994619885985477
5193,0.134882595013314,244.077901430843,1,0.953464600025829
5194,0.162866134107964,244.124873536638,1,0.723847694208914
5195,0.191575889615105,244.171845642434,2,0.334749582834461
5196,0.209247155652384,244.21881774823,2,0.186731175305188
5197,0.222512708787219,244.265789854025,2,0.125143208610142
5198,0.234471072379569,244.312761959821,2,0.0922824497898004
5199,0.241103848946986,244.359734065616,2,0.0801219057555051
5200,0.242798353909465,244.406706171412,2,0.0775428422984116
5201,0.244638102154442,244.453678277208,2,0.0749560848042008
5202,0.245557976276931,244.500650383003,2,0.0737415532440523
5203,0.245848462841927,244.547622488799,2,0.0733685389590731
5204,0.245848462841927,244.594594594595,2,0.0733685389590731
5205,0.246187363834423,244.64156670039,2,0.072939621166493
5206,0.246623093681917,244.688538806186,2,0.0723979450946769
5207,0.245073832001937,244.735510911982,2,0.0743744081219205
5208,0.24318566932946,244.782483017777,2,0.0769802762315181
5209,0.244250786734447,244.829455123573,2,0.0754829135304319
5210,0.244057129024449,244.876427229368,2,0.0757498235864392
5211,0.241926894214476,244.923399335164,2,0.0788448810470052
5212,0.240522875816993,244.97037144096,2,0.0810518138176324
5213,0.240571290244493,245.017343546755,2,0.0809734057870249
5214,0.24076494795449,245.064315652551,2,0.0806614457003011
5215,0.240377632534495,245.111287758347,2,0.0812880460692661
5216,0.240619704671992,245.158259864142,2,0.0808951652677652
5217,0.239457758412007,245.205231969938,2,0.0828198033951531
5218,0.234035342532075,245.252204075734,2,0.0932102186133291
5219,0.227935124667151,245.299176181529,2,0.108182626880872
5220,0.224546114742193,245.346148287325,2,0.118327926999621
5221,0.223142096344711,245.39312039312,2,0.122971628916136
5222,0.224110384894699,245.440092498916,2,0.119740045832194
5223,0.225127087872186,245.487064604712,2,0.116484699347998
5224,0.224449285887194,245.534036710507,2,0.118639511731595
5225,0.226531106269668,245.581008816303,2,0.112211227281208
5226,0.228274025659647,245.627980922099,2,0.107245391627127
5227,0.230259017187122,245.674953027894,2,0.102017420789522
5228,0.228661341079642,245.72192513369,2,0.106190552502132
5229,0.227886710239651,245.768897239486,2,0.108317614625462
5230,0.228419268942145,245.815869345281,2,0.106847804155646
5231,0.229339143064633,245.862841451077,2,0.104385616203132
5232,0.230016945049625,245.909813556872,2,0.102631709279162
5233,0.236456063907044,245.956785662668,2,0.0882692343654773
5234,0.240474461389494,246.003757768464,2,0.0811303896684107
5235,0.245751633986928,246.050729874259,2,0.0734923233646807
5236,0.24962478818688,246.097701980055,2,0.0689527792613983
5237,0.252190752844348,246.144674085851,2,0.0663780620281528
5238,0.253352699104333,246.191646191646,2,0.0653163350043654
5239,0.252384410554345,246.238618297442,2,0.0661967305541005
5240,0.250835148874365,246.285590403237,2,0.0676977419712437
5241,0.254514645364319,246.332562509033,2,0.0643162526823644
5242,0.256741709029291,246.379534614829,2,0.06256395523375
5243,0.261147421931736,246.426506720624,2,0.0596890746200931
5244,0.262890341321714,246.47347882642,2,0.058753252448823
5245,0.26318082788671,246.520450932216,2,0.0586078194145319
5246,0.264584846284193,246.567423038011,2,0.0579462711090871
5247,0.266908738804164,246.614395143807,2,0.0569979051297586
5248,0.266811909949165,246.661367249603,2,0.0570338554370318
5249,0.264197530864198,246.708339355398,2,0.0581219816783914
5250,0.26080852093924,246.755311461194,2,0.0598838592859507
5251,0.257855240861777,246.802283566989,2,0.0617653967787723
5252,0.257080610021787,246.849255672785,2,0.0623155730490546
5253,0.258048898571774,246.896227778581,2,0.0616316229542182
5254,0.260227547809247,246.943199884376,2,0.0602276946086266
5255,0.264294359719196,246.990171990172,2,0.0580775731036925
5256,0.26719922536916,247.037144095968,2,0.0568918850572076
5257,0.266085693536674,247.084116201763,2,0.0573132728510419
5258,0.265262648269184,247.131088307559,2,0.0576510412402126
5259,0.267053982086662,247.178060413355,2,0.0569445522875601
5260,0.26802227063665,247.22503251915,2,0.0566063070268792
5261,0.267296054224159,247.272004624946,2,0.0568571536248117
5262,0.268409586056645,247.318976730741,2,0.0564794318467619
5263,0.269862018881627,247.365948836537,2,0.0560458984476767
5264,0.270830307431615,247.412920942333,2,0.055793445028105
5265,0.273154199951586,247.459893048128,2,0.0553045812182727
5266,0.269910433309126,247.506865153924,2,0.0560325857017192
5267,0.267877027354152,247.55383725972,2,0.0566551205896362
5268,0.2640038731542,247.600809365515,2,0.0582117645407236
5269,0.26163156620673,247.647781471311,2,0.0594181226454895
5270,0.262454611474219,247.694753577107,2,0.0589769910786864
5271,0.263810215444202,247.741725682902,2,0.0583028393606774
5272,0.263083999031711,247.788697788698,2,0.0586559674284381
5273,0.266134107964173,247.835669894493,2,0.05729410503516
5274,0.263035584604212,247.882642000289,2,0.0586801649275664
5275,0.258048898571774,247.929614106085,2,0.0616316229542182
5276,0.253013798111837,247.97658621188,2,0.0656195377483785
5277,0.247349310094408,248.023558317676,2,0.0715191950437151
5278,0.24158799322198,248.070530423472,2,0.0793650628155821
5279,0.235342532074558,248.117502529267,2,0.0904782134887299
5280,0.23122730573711,248.164474635063,2,0.0996224108627851
5281,0.22319051077221,248.211446740859,2,0.122806930801479
5282,0.217429193899782,248.258418846654,2,0.144922020120885
5283,0.206923263132413,248.30539095245,2,0.201286594418155
5284,0.193367223432583,248.352363058245,2,0.315540521520798
5285,0.177874606632777,248.399335164041,1,0.51070703829479
5286,0.158896151053014,248.446307269837,1,0.773547234092296
5287,0.136383442265795,248.493279375632,1,0.947766856419243
5288,0.120600338900993,248.540251481428,1,0.985792481000115
5289,0.112902444928589,248.587223587224,1,0.992930391579854
5290,0.0949406923263132,248.634195693019,1,0.998795289668617
5291,0.0744129750665698,248.681167798815,1,0.999873142104206
5292,0.0605180343742435,248.728139904611,1,0.999975859934773
5293,0.0528201404018398,248.775112010406,1,0.999990813550019
5294,0.050883563301864,248.822084116202,1,0.999992833560958
5295,0.0489954006293876,248.869056221997,1,0.999994386029024
5296,0.0459452916969257,248.916028327793,1,0.999996231748902
5297,0.0520455095618494,248.963000433589,1,0.999991680057891
5298,0.0636165577342048,249.009972539384,1,0.999964719955466
5299,0.0812878237714839,249.05694464518,1,0.999723113333344
5300,0.0974098281287824,249.103916750976,1,0.998446131958243
5301,0.108932461873638,249.150888856771,1,0.995138826886932
5302,0.115807310578552,249.197860962567,1,0.990759000685893
5303,0.119922536916001,249.244833068363,1,0.986618674256373
5304,0.122246429435972,249.291805174158,1,0.983588424500141
5305,0.111353183248608,249.338777279954,1,0.993884658773054
5306,0.106753812636166,249.385749385749,1,0.996058062651258
5307,0.105882352941176,249.432721491545,1,0.99637798240866
5308,0.110917453401114,249.479693597341,1,0.994130606619598
5309,0.119728879206003,249.526665703136,1,0.986846517087151
5310,0.126797385620915,249.573637808932,1,0.975785130619249
5311,0.133769063180828,249.620609914728,1,0.957338238647936
5312,0.138658920358267,249.667582020523,1,0.937999648413799
5313,0.14320987654321,249.714554126319,1,0.913868454413748
5314,0.144371822803195,249.761526232115,1,0.906624287774256
5315,0.14083756959574,249.80849833791,1,0.927257192394301
5316,0.129169692568385,249.855470443706,1,0.97051631406364
5317,0.104671992253692,249.902442549501,1,0.996782120080775
5318,0.080561607358993,249.949414655297,1,0.999744704339344
5319,0.0457516339869281,249.996386761093,1,0.999996326581131
5320,0.024158799322198,250.043358866888,1,0.999999812418607
5321,0.0115710481723554,250.090330972684,1,0.99999997066705
5322,0.00735899297990801,250.13730307848,1,0.999999984546
5323,0.00421205519244735,250.184275184275,1,0.999999990488107
5324,0.00426046961994674,250.231247290071,1,0.999999990416414
5325,0.0046477850399419,250.278219395866,1,0.999999989823562
5326,0.00518034374243525,250.325191501662,1,0.999999988949575
5327,0.00784313725490196,250.372163607458,1,0.999999983356209
5328,0.0111353183248608,250.419135713253,1,0.99999997253585
5329,0.0171871217622852,250.466107819049,1,0.9999999321298
5330,0.0187363834422658,250.513079924845,1,0.999999914724958
5331,0.0156862745098039,250.56005203064,1,0.999999945665757
5332,0.0137496974098281,250.607024136436,1,0.999999959298942
5333,0.0177680948922779,250.653996242232,1,0.999999926051969
5334,0.0233841684822077,250.700968348027,1,0.999999832227331
5335,0.0356330186395546,250.747940453823,1,0.999999058307975
5336,0.0537400145243283,250.794912559618,1,0.999989671155827
5337,0.076882110869039,250.841884665414,1,0.999831576095849
5338,0.0920842411038489,250.88885677121,1,0.999106471238189
5339,0.114258048898572,250.935828877005,1,0.991983837398232
5340,0.134737351730816,250.982800982801,1,0.953986481973978
5341,0.150036310820625,251.029773088597,1,0.86430610860248
5342,0.170321955942871,251.076745194392,1,0.620180544137596
5343,0.19356088114258,251.123717300188,2,0.313523001432762
5344,0.208375695957395,251.170689405984,2,0.192036863015894
5345,0.21917211328976,251.217661511779,2,0.137668671762462
5346,0.226627935124667,251.264633617575,2,0.111925687064489
5347,0.233793270394578,251.31160572337,2,0.0937331867698331
5348,0.238053740014524,251.358577829166,2,0.0852801859498516
5349,0.241007020091987,251.405549934962,2,0.0802752346931157
5350,0.242895182764464,251.452522040757,2,0.0774012820643963
5351,0.244105543451949,251.499494146553,2,0.0756828761690191
5352,0.245073832001937,251.546466252349,2,0.0743744081219205
5353,0.245461147421932,251.593438358144,2,0.0738670025827008
5354,0.244977003146938,251.64041046394,2,0.0745026714019405
5355,0.243427741466957,251.687382569736,2,0.0766336161802315
5356,0.241491164366981,251.734354675531,2,0.0795151324543802
5357,0.2399903171145,251.781326781327,2,0.0819254467277664
5358,0.239796659404503,251.828298887122,2,0.0822482473084668
5359,0.239457758412007,251.875270992918,2,0.0828198033951531
5360,0.239409343984507,251.922243098714,2,0.0829021508488219
5361,0.240668119099492,251.969215204509,2,0.0808170919517282
5362,0.233938513677076,252.016187310305,2,0.0934187549566302
5363,0.222609537642217,252.063159416101,2,0.124805404166023
5364,0.206826434277415,252.110131521896,2,0.201921757849205
5365,0.187267005567659,252.157103627692,2,0.384913589723543
5366,0.161752602275478,252.204075733488,1,0.738272743765456
5367,0.134156378600823,252.251047839283,1,0.956023810722093
5368,0.115371580731058,252.298019945079,1,0.991119901544536
5369,0.108884047446139,252.344992050874,1,0.995161266682868
5370,0.113338174776083,252.39196415667,1,0.99263809055294
5371,0.127426773178407,252.438936262466,1,0.974476448673671
5372,0.143258290970709,252.485908368261,1,0.913575852185173
5373,0.153715807310579,252.532880474057,1,0.83024776850869
5374,0.163059791817962,252.579852579853,1,0.721303739270393
5375,0.175599128540305,252.626824685648,1,0.543456203226729
5376,0.184991527475188,252.673796791444,2,0.413534298232431
5377,0.186637618010167,252.72076889724,2,0.392689990132693
5378,0.184410554345195,252.767741003035,2,0.421058895639849
5379,0.182958121520213,252.814713108831,2,0.440229536746745
5380,0.182135076252723,252.861685214626,2,0.451307251669335
5381,0.181069958847737,252.908657320422,2,0.465854670783867
5382,0.181893004115226,252.955629426218,2,0.454593149966544
5383,0.186298717017671,253.002601532013,2,0.39692237509217
5384,0.191866376180102,253.049573637809,2,0.331567730583171
5385,0.196949891067538,253.096545743605,2,0.28008633083953
5386,0.207746308399903,253.1435178494,2,0.195981707477801
5387,0.220188816267248,253.190489955196,2,0.133671685517667
5388,0.230646332607117,253.237462060992,2,0.101047584718092
5389,0.239941902687001,253.284434166787,2,0.0820058891834298
5390,0.247155652384411,253.331406272583,2,0.0717506231657048
5391,0.249963689179375,253.378378378378,2,0.0685938894744955
5392,0.248220769789397,253.425350484174,2,0.0705034318824261
5393,0.249479544904382,253.47232258997,2,0.0691083971041419
5394,0.244589687726943,253.519294695765,2,0.0750214319063283
5395,0.239022028564512,253.566266801561,2,0.0835672622086597
5396,0.230210602759622,253.613238907357,2,0.102139774604929
5397,0.217768094892278,253.660211013152,2,0.143470724445975
5398,0.191430646332607,253.707183118948,2,0.336350169652683
5399,0.153376906318083,253.754155224743,1,0.83360478540897
5400,0.128976034858388,253.801127330539,1,0.970981816714636
5401,0.123844105543452,253.848099436335,1,0.981155989699021
5402,0.131106269668361,253.89507154213,1,0.96548429011024
5403,0.146066327765674,253.942043647926,1,0.895208857119945
5404,0.162236746550472,253.989015753722,1,0.732044272376972
5405,0.176712660372791,254.035987859517,1,0.527368303094482
5406,0.189687726942629,254.082959965313,2,0.356055462366957
5407,0.195642701525054,254.129932071109,2,0.29256512056917
5408,0.196126845800048,254.176904176904,2,0.287882371660068
5409,0.195158557250061,254.2238762827,2,0.297319872049649
5410,0.191285403050109,254.270848388495,2,0.337957185041149
5411,0.190849673202614,254.317820494291,2,0.342816703360706
5412,0.196320503510046,254.364792600087,2,0.286029387798193
5413,0.205180343742435,254.411764705882,2,0.213084306192821
5414,0.214330670539821,254.458736811678,2,0.159163384505476
5415,0.219946744129751,254.505708917474,2,0.134608192011451
5416,0.219753086419753,254.552681023269,2,0.135364167602893
5417,0.210167029774873,254.599653129065,2,0.181323015169881
5418,0.199709513435004,254.646625234861,2,0.255440467982395
5419,0.183587509077705,254.693597340656,2,0.431861013676591
5420,0.163495521665456,254.740569446452,1,0.71554332952526
5421,0.14243524570322,254.787541552247,1,0.918442937651053
5422,0.129992737835875,254.834513658043,1,0.96846312173547
5423,0.126942628903413,254.881485763839,1,0.97548858443641
5424,0.127862503025902,254.928457869634,1,0.973533723812113
5425,0.14083756959574,254.97542997543,1,0.927257192394301
5426,0.149358508835633,255.022402081226,1,0.870006505655872
5427,0.165044783345437,255.069374187021,1,0.694677422027134
5428,0.183732752360203,255.116346292817,2,0.42994292826328
5429,0.198063422900024,255.163318398613,2,0.269866526736669
5430,0.206584362139918,255.210290504408,2,0.203519963901682
5431,0.213120309852336,255.257262610204,2,0.165229884436137
5432,0.218542725732268,255.304234715999,2,0.140228240558295
5433,0.219026870007262,255.351206821795,2,0.138253470792767
5434,0.220188816267248,255.398178927591,2,0.133671685517667
5435,0.221786492374728,255.445151033386,2,0.127720569418076
5436,0.22323892519971,255.492123139182,2,0.122642564739203
5437,0.223335754054708,255.539095244978,2,0.122314826261897
5438,0.218542725732268,255.586067350773,2,0.140228240558295
5439,0.212442507867344,255.633039456569,2,0.168758037050138
5440,0.209682885499879,255.680011562365,2,0.184145127799179
5441,0.200629387557492,255.72698366816,2,0.247727022019851
5442,0.193367223432583,255.773955773956,2,0.315540521520798
5443,0.185717743887679,255.820927879751,2,0.404249903279907
5444,0.173468893730332,255.867899985547,1,0.574431029936843
5445,0.154006293875575,255.914872091343,1,0.827334997407789
5446,0.134107964173324,255.961844197138,1,0.956190009606847
5447,0.115613652868555,256.008816302934,1,0.990921042037778
5448,0.100363108206245,256.05578840873,1,0.997902984631312
5449,0.102590171871218,256.102760514525,1,0.997379931311741
5450,0.10878721859114,256.149732620321,1,0.995205856424086
5451,0.123456790123457,256.196704726117,1,0.981773953047523
5452,0.144565480513193,256.243676831912,1,0.9053713792424
5453,0.164463810215444,256.290648937708,1,0.702569440114726
5454,0.17840716533527,256.337621043503,1,0.503124072864184
5455,0.193996610990075,256.384593149299,2,0.309025878795093
5456,0.208424110384895,256.431565255095,2,0.191737369711643
5457,0.213749697409828,256.47853736089,2,0.162038460173063
5458,0.226095376422174,256.525509466686,2,0.11351063241072
5459,0.238828370854515,256.572481572482,2,0.0839040732609233
5460,0.245945291696926,256.619453678277,2,0.0732453056816801
5461,0.251077221011862,256.666425784073,2,0.0674555293546924
5462,0.25679012345679,256.713397889869,2,0.0625281829896292
5463,0.264342774146696,256.760369995664,2,0.0580554892485416
5464,0.270685064149116,256.80734210146,2,0.0558294668691122
5465,0.27760832728153,256.854314207255,2,0.0548185041199314
5466,0.283950617283951,256.901286313051,2,0.0551310556182886
5467,0.288695231178891,256.948258418847,2,0.056147307858212
5468,0.287678528201404,256.995230524642,2,0.0558716326202811
5469,0.287145969498911,257.042202630438,2,0.0557399906719092
5470,0.287872185911402,257.089174736234,2,0.0559216696680808
5471,0.284483175986444,257.136146842029,2,0.0552112343127492
5472,0.279157588961511,257.183118947825,2,0.0547861069285739
5473,0.268845315904139,257.23009105362,2,0.0563423961534468
5474,0.260227547809247,257.277063159416,2,0.0602276946086266
5475,0.248511256354394,257.324035265212,2,0.0701740306141348
5476,0.235681433067054,257.371007371007,2,0.0897946432935377
5477,0.21917211328976,257.417979476803,2,0.137668671762462
5478,0.195061728395062,257.464951582599,2,0.298279477453425
5479,0.167078189300412,257.511923688394,1,0.666496627883732
5480,0.146792544178165,257.55889579419,1,0.889998204081575
5481,0.126458484628419,257.605867899986,1,0.976464593232402
5482,0.117308157831034,257.652840005781,1,0.989409691198289
5483,0.117501815541031,257.699812111577,1,0.989222942883022
5484,0.132510288065844,257.746784217372,1,0.961377272732525
5485,0.1519728879206,257.793756323168,1,0.847037410886757
5486,0.172258533042847,257.840728428964,1,0.592064788687141
5487,0.192350520455096,257.887700534759,2,0.326322039972935
5488,0.20556765916243,257.934672640555,2,0.210395078149297
5489,0.213023480997337,257.981644746351,2,0.165728065591279
5490,0.219946744129751,258.028616852146,2,0.134608192011451
5491,0.225272331154684,258.075588957942,2,0.116030856211581
5492,0.228274025659647,258.122561063738,2,0.107245391627127
5493,0.230597918179618,258.169533169533,2,0.101167944253202
5494,0.230016945049625,258.216505275329,2,0.102631709279162
5495,0.225030259017187,258.263477381124,2,0.116788799098739
5496,0.221447591382232,258.31044948692,2,0.12895020710934
5497,0.217671266037279,258.357421592716,2,0.143883326754543
5498,0.211958363592351,258.404393698511,2,0.171337260012645
5499,0.209150326797386,258.451365804307,2,0.187311852202733
5500,0.213507625272331,258.498337910103,2,0.163256393797899
5501,0.219026870007262,258.545310015898,2,0.138253470792767
5502,0.224497700314694,258.592282121694,2,0.118483561637375
5503,0.234955216654563,258.63925422749,2,0.0912717534429559
5504,0.244589687726943,258.686226333285,2,0.0750214319063283
5505,0.245945291696926,258.733198439081,2,0.0732453056816801
5506,0.251464536431857,258.780170544876,2,0.0670739643579579
5507,0.257758412006778,258.827142650672,2,0.0618328457094327
5508,0.260130718954248,258.874114756468,2,0.0602862288288636
5509,0.26080852093924,258.921086862263,2,0.0598838592859507
5510,0.260905349794239,258.968058968059,2,0.0598277738981029
5511,0.259743403534253,259.015031073855,2,0.0605239066068414
5512,0.257371096586783,259.06200317965,2,0.0621064115708437
5513,0.256112321471799,259.108975285446,2,0.0630378439958255
5514,0.251512950859356,259.155947391242,2,0.0670267820066821
5515,0.245025417574437,259.202919497037,2,0.0744384687954004
5516,0.241442749939482,259.249891602833,2,0.0795904097885888
5517,0.239893488259501,259.296863708628,2,0.0820865032199822
5518,0.236262406197047,259.343835814424,2,0.0886458135348375
5519,0.227015250544662,259.39080792022,2,0.110795081075216
5520,0.218591140159768,259.437780026015,2,0.140028989503456
5521,0.206100217864924,259.484752131811,2,0.206760843948855
5522,0.202323892519971,259.531724237607,2,0.234156152192887
5523,0.201355603969983,259.578696343402,2,0.241810672694389
5524,0.208085209392399,259.625668449198,2,0.193845652045759
5525,0.218978455579763,259.672640554994,2,0.138449182282366
5526,0.227886710239651,259.719612660789,2,0.108317614625462
5527,0.231856693294602,259.766584766585,2,0.0981176893966498
5528,0.232292423142096,259.81355687238,2,0.0970993350641924
5529,0.232340837569596,259.860528978176,2,0.096987347854357
5530,0.235826676349552,259.907501083972,2,0.0895047288486651
5531,0.239022028564512,259.954473189767,2,0.0835672622086597
5532,0.239796659404503,260.001445295563,2,0.0822482473084668
5533,0.237956911159526,260.048417401359,2,0.0854554926148785
5534,0.234809973372065,260.095389507154,2,0.0915727570057685
5535,0.231517792302106,260.14236161295,2,0.0989229144379618
5536,0.228903413217139,260.189333718746,2,0.10553998744686
5537,0.215831517792302,260.236305824541,2,0.152041141620309
5538,0.20881142580489,260.283277930337,2,0.189361556081791
5539,0.191091745340111,260.330250036132,2,0.340109855485581
5540,0.163447107237957,260.377222141928,1,0.716185832053421
5541,0.135754054708303,260.424194247724,1,0.95022505932882
5542,0.118082788671024,260.471166353519,1,0.988644361045092
5543,0.112369886226095,260.518138459315,1,0.99327301301182
5544,0.113289760348584,260.565110565111,1,0.992671113487247
5545,0.121229726458485,260.612082670906,1,0.984983819846589
5546,0.127136286613411,260.659054776702,1,0.975088126854994
5547,0.136431856693295,260.706026882497,1,0.947573543533722
5548,0.145436940208182,260.752998988293,1,0.899569004522887
5549,0.153280077463084,260.799971094089,1,0.834555764048342
5550,0.158702493343016,260.846943199884,1,0.775841695602166
5551,0.164851125635439,260.89391530568,1,0.697316668192193
5552,0.169450496247882,260.940887411476,1,0.632746640438334
5553,0.174679254417817,260.987859517271,1,0.556809866144456
5554,0.176276930525297,261.034831623067,1,0.533651467061948
5555,0.178988138465263,261.081803728863,2,0.494895853635081
5556,0.181166787702735,261.128775834658,2,0.464522818135488
5557,0.183587509077705,261.175747940454,2,0.431861013676591
5558,0.18479786976519,261.222720046249,2,0.416033056020366
5559,0.184120067780199,261.269692152045,2,0.424852674588592
5560,0.182958121520213,261.316664257841,2,0.440229536746745
5561,0.185717743887679,261.363636363636,2,0.404249903279907
5562,0.189494069232631,261.410608469432,2,0.358301169461859
5563,0.193657709997579,261.457580575228,2,0.312518578965392
5564,0.192883079157589,261.504552681023,2,0.320634896745338
5565,0.190607601065117,261.551524786819,2,0.34554129133191
5566,0.191479060760107,261.598496892615,2,0.335815925968456
5567,0.197240377632534,261.64546899841,2,0.277384080858479
5568,0.203679496489954,261.692441104206,2,0.223879794755924
5569,0.210118615347374,261.739413210001,2,0.18160281969868
5570,0.215928346647301,261.786385315797,2,0.151596359887588
5571,0.224061970467199,261.833357421593,2,0.119898541319776
5572,0.229290728637134,261.880329527388,2,0.104512831597862
5573,0.231275720164609,261.927301633184,2,0.0995052271374569
5574,0.232292423142096,261.97427373898,2,0.0970993350641924
5575,0.234664730089567,262.021245844775,2,0.091875646043219
5576,0.236649721617042,262.068217950571,2,0.0878957972027448
5577,0.237472766884532,262.115190056367,2,0.0863431949629463
5578,0.238537884289518,262.162162162162,2,0.084414668907974
5579,0.241345921084483,262.209134267958,2,0.0797414509654803
5580,0.243427741466957,262.256106373753,2,0.0766336161802315
5581,0.243911885741951,262.303078479549,2,0.0759515491056937
5582,0.243088840474461,262.350050585345,2,0.0771200012314146
5583,0.239893488259501,262.39702269114,2,0.0820865032199822
5584,0.235294117647059,262.443994796936,2,0.0905766838470033
5585,0.228758169934641,262.490966902732,2,0.105929527694033
5586,0.215298959089809,262.537939008527,2,0.154518961262797
5587,0.197918179617526,262.584911114323,2,0.271178293152527
5588,0.184071653352699,262.631883220119,2,0.425486976905335
5589,0.175405470830307,262.678855325914,1,0.546263519343479
5590,0.171483902202856,262.72582743171,1,0.603334048023482
5591,0.172742677317841,262.772799537505,1,0.585012940611246
5592,0.175889615105301,262.819771643301,1,0.539249961223853
5593,0.187799564270153,262.866743749097,2,0.378420059798553
5594,0.191721132897603,262.913715854892,2,0.333155433647495
5595,0.194480755265069,262.960687960688,2,0.304097778779071
5596,0.193221980150085,263.007660066484,2,0.317061250151343
5597,0.19041394335512,263.054632172279,2,0.347733696809858
5598,0.184216896635197,263.101604278075,2,0.423585782851693
5599,0.174291938997821,263.148576383871,1,0.562444275267852
5600,0.166109900750424,263.195548489666,1,0.680017327607811
5601,0.149019607843137,263.242520595462,1,0.872790355387552
5602,0.145436940208182,263.289492701257,1,0.899569004522887
5603,0.141757443718228,263.336464807053,1,0.922282763667433
5604,0.141224885015735,263.383436912849,1,0.925195461875461
5605,0.140159767610748,263.430409018644,1,0.930752730512181
5606,0.137448559670782,263.47738112444,1,0.943370991093716
5607,0.134882595013314,263.524353230236,1,0.953464600025829
5608,0.134059549745824,263.571325336031,1,0.956355664257452
5609,0.144855967078189,263.618297441827,1,0.903467248295953
5610,0.155700798838054,263.665269547623,1,0.809699584283832
5611,0.165432098765432,263.712241653418,1,0.689374090985053
5612,0.167707576857904,263.759213759214,1,0.657621061480414
5613,0.166061486322924,263.806185865009,1,0.680688742887558
5614,0.161074800290487,263.853157970805,1,0.746876093979041
5615,0.152311788913096,263.900130076601,1,0.843865276959884
5616,0.1439845073832,263.947102182396,1,0.909090782466229
5617,0.120987654320988,263.994074288192,1,0.985299689635045
5618,0.114209634471072,264.041046393988,1,0.992019572545267
5619,0.0901476640038732,264.088018499783,1,0.999272271941073
5620,0.0736867586540789,264.134990605579,1,0.999883364576278
5621,0.0697167755991285,264.181962711375,1,0.999926704354752
5622,0.0610021786492375,264.22893481717,1,0.999974376279716
5623,0.0516581941418543,264.275906922966,1,0.999992083167739
5624,0.0503510045993706,264.322879028761,1,0.999993309091786
5625,0.0470588235294118,264.369851134557,1,0.999995638755787
5626,0.0495763737593803,264.416823240353,1,0.999993946746691
5627,0.0513192931493585,264.463795346148,1,0.99999242036091
5628,0.0514645364318567,264.510767451944,1,0.999992277583449
5629,0.0473493100944081,264.55773955774,1,0.999995469793829
5630,0.043282498184459,264.604711663535,1,0.99999735070603
5631,0.0377148390220286,264.651683769331,1,0.999998748054006
5632,0.0343258290970709,264.698655875127,1,0.999999213482122
5633,0.0224642943597192,264.745627980922,1,0.999999853116224
5634,0.0237230694747035,264.792600086718,1,0.999999823824994
5635,0.0224158799322198,264.839572192513,1,0.999999854142506
5636,0.0191721132897603,264.886544298309,1,0.999999909092466
5637,0.0165093197772936,264.933516404105,1,0.999999938606952
5638,0.0156378600823045,264.9804885099,1,0.999999946055381
5639,0.0172839506172839,265.027460615696,1,0.999999931151769
5640,0.0203340595497458,265.074432721492,1,0.999999892242648
5641,0.0210602759622367,265.121404827287,1,0.999999880206489
5642,0.0206729605422416,265.168376933083,1,0.999999886779959
5643,0.0184943113047688,265.215349038878,1,0.99999991770572
5644,0.0171387073347858,265.262321144674,1,0.999999932613727
5645,0.0184943113047688,265.30929325047,1,0.99999991770572
5646,0.0205277172597434,265.356265356265,1,0.999999889153347
5647,0.029678044057129,265.403237462061,1,0.999999588592936
5648,0.0417816509319777,265.450209567857,1,0.99999783168396
5649,0.0551924473493101,265.497181673652,1,0.999987583357754
5650,0.0657467925441782,265.544153779448,1,0.999954348320857
5651,0.0845800048414427,265.591125885244,1,0.999601425272995
5652,0.108496732026144,265.638097991039,1,0.995337334146642
5653,0.133769063180828,265.685070096835,1,0.957338238647936
5654,0.155652384410554,265.73204220263,1,0.810218576730915
5655,0.170564028080368,265.779014308426,1,0.616678325991395
5656,0.177245219075284,265.825986414222,1,0.519713605986562
5657,0.180295328007746,265.872958520017,2,0.476572947841175
5658,0.177342047930283,265.919930625813,1,0.51832503483631
5659,0.171290244492859,265.966902731609,1,0.606147440879893
5660,0.163495521665456,266.013874837404,1,0.71554332952526
5661,0.150810941660615,266.0608469432,1,0.857573635404753
5662,0.13522149600581,266.107819048996,1,0.952227004623057
5663,0.119293149358509,266.154791154791,1,0.987346227064221
5664,0.109707092713629,266.201763260587,1,0.994766316462043
5665,0.0949891067538126,266.248735366382,1,0.998789221729602
5666,0.0753328491890583,266.295707472178,1,0.999858958037891
5667,0.0562091503267974,266.342679577974,1,0.999985885575285
5668,0.0400871459694989,266.389651683769,1,0.999998273268748
5669,0.0239651416122004,266.436623789565,1,0.999999817574138
5670,0.0101670297748729,266.483595895361,1,0.999999976282593
5671,0.00629387557492133,266.530568001156,1,0.999999986878795
5672,0.00827886710239651,266.577540106952,1,0.999999982209286
5673,0.00367949648995401,266.624512212748,1,0.999999991242958
5674,0.00367949648995401,266.671484318543,1,0.999999991242958
5675,0.00334059549745824,266.718456424339,1,0.999999991692512
5676,0.00338900992495764,266.765428530134,1,0.999999991629698
5677,0.00343742435245703,266.81240063593,1,0.99999999156642
5678,0.00300169450496248,266.859372741726,1,0.999999992119498
5679,0.00329218106995885,266.906344847521,1,0.999999991754865
5680,0.00367949648995401,266.953316953317,1,0.999999991242958
5681,0.00605180343742435,267.000289059113,1,0.999999987358945
5682,0.00551924473493101,267.047261164908,1,0.999999988355686
5683,0.00769789397240378,267.094233270704,1,0.999999983722231
5684,0.00987654320987654,267.141205376499,1,0.999999977305913
5685,0.0144759138223191,267.188177482295,1,0.999999954630512
5686,0.0209150326797386,267.235149588091,1,0.999999882713951
5687,0.0320503510045994,267.282121693886,1,0.999999426434203
5688,0.0454611474219317,267.329093799682,1,0.999996464513805
5689,0.0580973129992738,267.376065905478,1,0.999982120408136
5690,0.0770273541515372,267.423038011273,1,0.999828763079113
5691,0.102977487291213,267.470010117069,1,0.997277281009929
5692,0.126119583635924,267.516982222865,1,0.977126885752803
5693,0.146356814330671,267.56395432866,1,0.893147853745818
5694,0.16640038731542,267.610926434456,1,0.675979307314192
5695,0.183006535947712,267.657898540251,2,0.439582578996884
5696,0.192060033890099,267.704870646047,2,0.32946083408668
5697,0.202614379084967,267.751842751843,2,0.23191124995983
5698,0.208617768094892,267.798814857638,2,0.19054499975397
5699,0.214524328249818,267.845786963434,2,0.158219896820688
5700,0.217768094892278,267.89275906923,2,0.143470724445975
5701,0.218687969014766,267.939731175025,2,0.139631675133686
5702,0.220188816267248,267.986703280821,2,0.133671685517667
5703,0.222851609779714,268.033675386617,2,0.123966825982841
5704,0.225175502299685,268.080647492412,2,0.116333111358062
5705,0.22643427741467,268.127619598208,2,0.112497931888846
5706,0.228370854514645,268.174591704003,2,0.106980062565758
5707,0.234035342532075,268.221563809799,2,0.0932102186133291
5708,0.240668119099492,268.268535915595,2,0.0808170919517282
5709,0.245412732994432,268.31550802139,2,0.0739299367017808
5710,0.246138949406923,268.362480127186,2,0.0730004848832508
5711,0.246332607116921,268.409452232982,2,0.0727578458043293
5712,0.247446138949407,268.456424338777,2,0.0714042656929953
5713,0.245364318566933,268.503396444573,2,0.0739930107794002
5714,0.24483175986444,268.550368550369,2,0.0746961333176289
5715,0.244589687726943,268.597340656164,2,0.0750214319063283
5716,0.243427741466957,268.64431276196,2,0.0766336161802315
5717,0.242943597191963,268.691284867755,2,0.0773307323155565
5718,0.246138949406923,268.738256973551,2,0.0730004848832508
5719,0.250302590171871,268.785229079347,2,0.0682408514078913
5720,0.251609779714355,268.832201185142,2,0.0669327575110186
5721,0.251464536431857,268.879173290938,2,0.0670739643579579
5722,0.250496247881869,268.926145396734,2,0.0680417172489781
5723,0.248995400629388,268.973117502529,2,0.0696350436663049
5724,0.247639796659404,269.020089608325,2,0.0711759675575619
5725,0.248075526506899,269.067061714121,2,0.0706698405133944
5726,0.248075526506899,269.114033819916,2,0.0706698405133944
5727,0.247397724521908,269.161005925712,2,0.0714616651608672
5728,0.245703219559429,269.207978031507,2,0.0735544228397572
5729,0.247736625514403,269.254950137303,2,0.0710625952570126
5730,0.242459452916969,269.301922243099,2,0.0780431700335514
5731,0.240426046961995,269.348894348894,2,0.0812091336488814
5732,0.241297506656984,269.39586645469,2,0.0798172154017351
5733,0.240087145969499,269.442838560486,2,0.0817650752906721
5734,0.240571290244493,269.489810666281,2,0.0809734057870249
5735,0.241733236504478,269.536782772077,2,0.079141166515102
5736,0.24081336238199,269.583754877873,2,0.0805838721521376
5737,0.239893488259501,269.630726983668,2,0.0820865032199822
5738,0.237860082304527,269.677699089464,2,0.0856315401502041
5739,0.23602033405955,269.724671195259,2,0.0891209924004227
5740,0.234955216654563,269.771643301055,2,0.0912717534429559
5741,0.234761558944565,269.818615406851,2,0.0916735099874385
5742,0.234471072379569,269.865587512646,2,0.0922824497898004
5743,0.233260711692084,269.912559618442,2,0.0949029822454242
5744,0.232534495279593,269.959531724238,2,0.0965417047457633
5745,0.228709755507141,270.006503830033,2,0.106059906624645
5746,0.227693052529654,270.053475935829,2,0.108860329288698
5747,0.227693052529654,270.100448041625,2,0.108860329288698
5748,0.225804889857177,270.14742014742,2,0.114390204748803
5749,0.220527717259743,270.194392253216,2,0.132376219292787
5750,0.212103606874849,270.241364359011,2,0.17055826142765
5751,0.204550956184943,270.288336464807,2,0.217538302856501
5752,0.2,270.335308570603,2,0.252977943803086
5753,0.19603001694505,270.382280676398,2,0.288813170526447
5754,0.182716049382716,270.429252782194,2,0.443472225680728
5755,0.170902929072864,270.47622488799,1,0.611768074422136
5756,0.159477124183007,270.523196993785,1,0.766587295071911
5757,0.143548777535706,270.570169099581,1,0.911803504508272
5758,0.12321471798596,270.617141205377,1,0.98215078807435
5759,0.0988138465262648,270.664113311172,1,0.998206995480171
5760,0.0783345436940208,270.711085416968,1,0.999801341579448
5761,0.0685064149116437,270.758057522763,1,0.999936496366909
5762,0.0587267005567659,270.805029628559,1,0.999980662744426
5763,0.0539336722343258,270.852001734355,1,0.999989413755278
5764,0.0513192931493585,270.89897384015,1,0.99999242036091
5765,0.0477850399419027,270.945945945946,1,0.999995204426724
5766,0.0544662309368192,270.992918051742,1,0.999988673581939
5767,0.0716533526991043,271.039890157537,1,0.999907959817862
5768,0.0855482933914306,271.086862263333,1,0.999556868980781
5769,0.104914064391189,271.133834369129,1,0.996704841946783
5770,0.118809005083515,271.180806474924,1,0.987881003853923
5771,0.134592108448318,271.22777858072,1,0.954503307373045
5772,0.142241587993222,271.274750686515,1,0.919555377536453
5773,0.145146453643186,271.321722792311,1,0.901533196274427
5774,0.150956184943113,271.368694898107,1,0.85628535213233
5775,0.160929557007988,271.415667003902,1,0.748701494912342
5776,0.169063180827887,271.462639109698,1,0.638307077311995
5777,0.179133381747761,271.509611215494,2,0.49284649488831
5778,0.188138465262648,271.556583321289,2,0.374329746004568
5779,0.198353909465021,271.603555427085,2,0.267262019245855
5780,0.203631082062455,271.650527532881,2,0.224238113646589
5781,0.207020091987412,271.697499638676,2,0.200653775169654
5782,0.21123214717986,271.744471744472,2,0.175300427809644
5783,0.216122004357298,271.791443850267,2,0.150712034384814
5784,0.219365770999758,271.838415956063,2,0.136894362595376
5785,0.222900024207214,271.885388061859,2,0.123800122315599
5786,0.217477608327282,271.932360167654,2,0.144713457058095
5787,0.21036068748487,271.97933227345,2,0.180209107304799
5788,0.19520697167756,272.026304379246,2,0.29684115188278
5789,0.180634229000242,272.073276485041,2,0.471870077620075
5790,0.151730815783103,272.120248590837,1,0.849275824717079
5791,0.103655289276204,272.167220696633,1,0.997088491142046
5792,0.0721859114015977,272.214192802428,1,0.999902047995782
5793,0.0501089324618736,272.261164908224,1,0.999993515025073
5794,0.0410554345194868,272.308137014019,1,0.999998032911213
5795,0.0349552166545631,272.355109119815,1,0.99999914214702
5796,0.0392156862745098,272.402081225611,1,0.999998465068496
5797,0.0494795449043815,272.449053331406,1,0.999994022198648
5798,0.0620188816267248,272.496025437202,1,0.999970969604319
5799,0.0770757685790366,272.542997542998,1,0.999827815461863
5800,0.0898571774388768,272.589969648793,1,0.999294466278474
5801,0.10641491164367,272.636941754589,1,0.996185497315351
5802,0.120551924473493,272.683913860384,1,0.985853006696684
5803,0.139675623335754,272.73088596618,1,0.933163570225312
5804,0.157734204793028,272.777858071976,1,0.787118236616997
5805,0.175018155410312,272.824830177771,1,0.5518848605164
5806,0.190994916485113,272.871802283567,2,0.341190462404361
5807,0.207262164124909,272.918774389363,2,0.199081941047828
5808,0.219268942144759,272.965746495158,2,0.137280744842722
5809,0.22798353909465,273.012718600954,2,0.10804791444184
5810,0.235633018639555,273.05969070675,2,0.0898916857921383
5811,0.244880174291939,273.106662812545,2,0.0746315034126891
5812,0.249334301621883,273.153634918341,2,0.0692651074165775
5813,0.250351004599371,273.200607024136,2,0.0681908912303951
5814,0.251416122004357,273.247579129932,2,0.0671212603498748
5815,0.253449527959332,273.294551235728,2,0.0652306710963521
5816,0.254950375211813,273.341523341523,2,0.0639566686113149
5817,0.256257564754297,273.388495447319,2,0.0629270188952076
5818,0.259114015976761,273.435467553115,2,0.0609223313841258
5819,0.261147421931736,273.48243965891,2,0.0596890746200931
5820,0.262212539336722,273.529411764706,2,0.0591042094262667
5821,0.264681675139191,273.576383870502,2,0.057903142910964
5822,0.268845315904139,273.623355976297,2,0.0563423961534468
5823,0.270346163156621,273.670328082093,2,0.0559160465993392
5824,0.270491406439119,273.717300187888,2,0.0558785068862967
5825,0.270297748729121,273.764272293684,2,0.055928704778528
5826,0.265504720406681,273.81124439948,2,0.057549351971851
5827,0.259694989106754,273.858216505275,2,0.0605540164772675
5828,0.253788428951828,273.905188611071,2,0.0649341994114267
5829,0.245993706124425,273.952160716867,2,0.073183895119029
5830,0.235536189784556,273.999132822662,2,0.0900863796264535
5831,0.224352457032196,274.046104928458,2,0.118952360696781
5832,0.216945049624788,274.093077034254,2,0.147030525254865
5833,0.210602759622367,274.140049140049,2,0.178828609397286
5834,0.210844831759864,274.187021245845,2,0.177461224107441
5835,0.211619462599855,274.23399335164,2,0.173172522713963
5836,0.2160251755023,274.280965457436,2,0.15115332617933
5837,0.222657952069717,274.327937563232,2,0.124637011759024
5838,0.231033648027112,274.374909669027,2,0.100093565204453
5839,0.24163640764948,274.421881774823,2,0.0792902699214753
5840,0.252335996126846,274.468853880619,2,0.0662418975144621
5841,0.256354393609296,274.515825986414,2,0.0628536260266712
5842,0.262599854756717,274.56279809221,2,0.0589016630972097
5843,0.269958847736626,274.609770198005,2,0.0560193458717933
5844,0.275332849189058,274.656742303801,2,0.0549935882223301
5845,0.278915516824014,274.703714409597,2,0.0547865444291678
5846,0.280271120793997,274.750686515392,2,0.0548061520382545
5847,0.279012345679012,274.797658621188,2,0.0547861639545125
5848,0.276059065601549,274.844630726984,2,0.054921174798874
5849,0.270104091019124,274.891602832779,2,0.0559800634073899
5850,0.266666666666667,274.938574938575,2,0.0570883548076716
5851,0.258484628419269,274.985547044371,2,0.0613360755604606
5852,0.246574679254418,275.032519150166,2,0.0724575921314153
5853,0.231130476882111,275.079491255962,2,0.0998575032125212
5854,0.208327281529896,275.126463361757,2,0.19233691826664
5855,0.178988138465263,275.173435467553,2,0.494895853635081
5856,0.155603969983055,275.220407573349,1,0.810736687559257
5857,0.124860808520939,275.267379679144,1,0.979442544659105
5858,0.103655289276204,275.31435178494,1,0.997088491142046
5859,0.0850641491164367,275.361323890736,1,0.999579709165634
5860,0.0824497700314694,275.408295996531,1,0.99968490217561
5861,0.0893246187363834,275.455268102327,1,0.999333496323208
5862,0.102783829581215,275.502240208123,1,0.997329069752309
5863,0.126603727910917,275.549212313918,1,0.976175518946755
5864,0.149939481965626,275.596184419714,1,0.865131314154526
5865,0.174824497700315,275.643156525509,1,0.554698498818462
5866,0.193367223432583,275.690128631305,2,0.315540521520798
5867,0.211571048172355,275.737100737101,2,0.173436726330446
5868,0.223480997337206,275.784072842896,2,0.121825693278286
5869,0.234277414669572,275.831044948692,2,0.0926926506314677
5870,0.245654805131929,275.878017054488,2,0.0736166608170716
5871,0.256063907044299,275.924989160283,2,0.0630749824582502
5872,0.263035584604212,275.971961266079,2,0.0586801649275664
5873,0.268845315904139,276.018933371875,2,0.0563423961534468
5874,0.267925441781651,276.06590547767,2,0.0566387743389411
5875,0.267683369644154,276.112877583466,2,0.0567212575929091
5876,0.267925441781651,276.159849689261,2,0.0566387743389411
5877,0.268119099491649,276.206821795057,2,0.0565741395801327
5878,0.266085693536674,276.253793900853,2,0.0573132728510419
5879,0.259549745824256,276.300766006648,2,0.0606448822626495
5880,0.253207455821835,276.347738112444,2,0.0654456337814105
5881,0.24560639070443,276.39471021824,2,0.0736790375378885
5882,0.240377632534495,276.441682324035,2,0.0812880460692661
5883,0.233454369402082,276.488654429831,2,0.0944745135394176
5884,0.212684580004841,276.535626535627,2,0.1674869892032
5885,0.186008230452675,276.582598641422,2,0.400574864919303
5886,0.150084725248124,276.629570747218,1,0.863892145246545
5887,0.0988622609537642,276.676542853013,1,0.998198160058698
5888,0.0639070442992012,276.723514958809,1,0.999963452512227
5889,0.0397482449770031,276.770487064605,1,0.999998350468018
5890,0.0244977003146938,276.8174591704,1,0.999999803053393
5891,0.0116194625998548,276.864431276196,1,0.999999970451905
5892,0.00784313725490196,276.911403381992,1,0.999999983356209
5893,0.00919874122488501,276.958375487787,1,0.999999979529027
5894,0.00924715565238441,277.005347593583,1,0.999999979377545
5895,0.0101670297748729,277.052319699379,1,0.999999976282593
5896,0.0124909222948439,277.099291805174,1,0.999999966305523
5897,0.0164124909222948,277.14626391097,1,0.99999993948164
5898,0.0290486564996369,277.193236016765,1,0.999999623509926
5899,0.0496732026143791,277.240208122561,1,0.999993870374812
5900,0.067683369644154,277.287180228357,1,0.999942423791279
5901,0.0827886710239651,277.334152334152,1,0.999672841784295
5902,0.0923263132413459,277.381124439948,1,0.999083388466978
5903,0.102929072863713,277.428096545744,1,0.997290315969311
5904,0.120842411038489,277.475068651539,1,0.985486287315007
5905,0.158121520213023,277.522040757335,1,0.782647143044459
5906,0.177245219075284,277.569012863131,1,0.519713605986562
5907,0.197482449770031,277.615984968926,2,0.275151772081771
5908,0.212248850157347,277.662957074722,2,0.169783756842865
5909,0.223093681917211,277.709929180517,2,0.123136659711899
5910,0.229726458484628,277.756901286313,2,0.103377223211992
5911,0.232195594287098,277.803873392109,2,0.0973240043139011
5912,0.232244008714597,277.850845497904,2,0.0972115537354569
5913,0.233115468409586,277.8978176037,2,0.0952266709944955
5914,0.226627935124667,277.944789709496,2,0.111925687064489
5915,0.221302348099734,277.991761815291,2,0.129482511169729
5916,0.214814814814815,278.038733921087,2,0.156818433770302
5917,0.205470830307432,278.085706026883,2,0.211063721789124
5918,0.193512466715081,278.132678132678,2,0.314026297151319
5919,0.1760348583878,278.179650238474,1,0.537149143345546
5920,0.156620672960542,278.226622344269,1,0.799672384279789
5921,0.146695715323166,278.273594450065,1,0.890704181845072
5922,0.139481965625756,278.320566555861,1,0.934108192965951
5923,0.135318324860809,278.367538661656,1,0.951868247176283
5924,0.140401839748245,278.414510767452,1,0.929520592668759
5925,0.149987896393125,278.461482873248,1,0.86471916479451
5926,0.157976276930525,278.508454979043,1,0.784330030726808
5927,0.164415395787945,278.555427084839,1,0.703223572339881
5928,0.168675865407892,278.602399190635,1,0.643850125450445
5929,0.169692568385379,278.64937129643,1,0.629263261759041
5930,0.16562575647543,278.696343402226,1,0.686710364238002
5931,0.158024691358025,278.743315508021,1,0.783769895808341
5932,0.147518760590656,278.790287613817,1,0.884592250206049
5933,0.140159767610748,278.837259719613,1,0.930752730512181
5934,0.140159767610748,278.884231825408,1,0.930752730512181
5935,0.145969498910675,278.931203931204,1,0.895889006577866
5936,0.152360203340595,278.978176037,1,0.843408463109901
5937,0.166981360445413,279.025148142795,1,0.667856279034179
5938,0.172984749455338,279.072120248591,1,0.581485790194406
5939,0.182328733962721,279.119092354387,2,0.448687461986565
5940,0.18881626724764,279.166064460182,2,0.36624837098783
5941,0.191527475187606,279.213036565978,2,0.335282396917192
5942,0.192931493585088,279.260008671773,2,0.320122209997457
5943,0.190268700072622,279.306980777569,2,0.349385409513705
5944,0.184846284192689,279.353952883365,2,0.415407474737897
5945,0.188913096102639,279.40092498916,2,0.365104793405523
5946,0.191043330912612,279.447897094956,2,0.340649803299108
5947,0.194480755265069,279.494869200752,2,0.304097778779071
5948,0.199419026870007,279.541841306547,2,0.257927799894566
5949,0.204066811909949,279.588813412343,2,0.221036120254001
5950,0.204647785039942,279.635785518139,2,0.216846250491497
5951,0.198450738320019,279.682757623934,2,0.266399474969711
5952,0.191043330912612,279.72972972973,2,0.340649803299108
5953,0.184362139917695,279.776701835525,2,0.421689751455325
5954,0.173953038005326,279.823673941321,1,0.567378297334098
5955,0.162624061970467,279.870646047117,1,0.727013267066723
5956,0.158654078915517,279.917618152912,1,0.776413295082893
5957,0.164657467925442,279.964590258708,1,0.699947399045509
5958,0.176664245945292,280.011562364504,1,0.528065578951031
5959,0.190075042362624,280.058534470299,2,0.351597544993383
5960,0.198450738320019,280.105506576095,2,0.266399474969711
5961,0.204308884047446,280.15247868189,2,0.219279365837515
5962,0.205131929314936,280.199450787686,2,0.213423215271629
5963,0.200193657709998,280.246422893482,2,0.251349986085456
5964,0.189106753812636,280.293394999277,2,0.362825878435508
5965,0.177196804647785,280.340367105073,1,0.520408273868929
5966,0.165044783345437,280.387339210869,1,0.694677422027134
5967,0.151779230210603,280.434311316664,1,0.848829968552269
5968,0.139917695473251,280.48128342246,1,0.931967000985568
5969,0.124715565238441,280.528255528256,1,0.979695644760681
5970,0.111062696683612,280.575227634051,1,0.994049666078957
5971,0.0972161704187848,280.622199739847,1,0.998476647690904
5972,0.0877269426289034,280.669171845642,1,0.999438648793019
5973,0.0788186879690148,280.716143951438,1,0.999790157863392
5974,0.0707334785766158,280.763116057234,1,0.999917374306235
5975,0.0649721617041878,280.810088163029,1,0.999958419989335
5976,0.063277656741709,280.857060268825,1,0.999966145233163
5977,0.0553376906318083,280.904032374621,1,0.99998735348189
5978,0.0434761558944565,280.951004480416,1,0.999997281578962
5979,0.0324376664245945,280.997976586212,1,0.99999939464053
5980,0.0285160977971435,281.044948692008,1,0.999999650791043
5981,0.0268215928346647,281.091920797803,1,0.999999725413718
5982,0.0237230694747035,281.138892903599,1,0.999999823824994
5983,0.0203340595497458,281.185865009394,1,0.999999892242648
5984,0.0198499152747519,281.23283711519,1,0.999999899603743
5985,0.0193173565722585,281.279809220986,1,0.999999907135687
5986,0.018639554587267,281.326781326781,1,0.999999915929671
5987,0.0208182038247398,281.373753432577,1,0.99999988435713
5988,0.0276930525296538,281.420725538373,1,0.999999689213953
5989,0.0374727668845316,281.467697644168,1,0.99999878867926
5990,0.0510772210118615,281.514669749964,1,0.999992652675726
5991,0.0671508109416606,281.56164185576,1,0.999945972040723
5992,0.0792544178165093,281.608613961555,1,0.999779580245387
5993,0.0882595013313968,281.655586067351,1,0.999405487557483
5994,0.0982328733962721,281.702558173146,1,0.998309880905863
5995,0.110530137981118,281.749530278942,1,0.99434146379381
5996,0.117889130961026,281.796502384738,1,0.988840321564936
5997,0.122149600580973,281.843474490533,1,0.983726233472045
5998,0.12883079157589,281.890446596329,1,0.97132664363087
5999,0.139385136770758,281.937418702125,1,0.934576322969026
6000,0.148874364560639,281.98439080792,1,0.87396994693745
6001,0.154490438150569,282.031362913716,1,0.82240817486838
6002,0.16083272815299,282.078335019512,1,0.74991480006892
6003,0.167417090292907,282.125307125307,1,0.661725433705757
6004,0.170806100217865,282.172279231103,1,0.613171800385506
6005,0.171483902202856,282.219251336898,1,0.603334048023482
6006,0.16877269426289,282.266223442694,1,0.642466082465502
6007,0.163301863955459,282.31319554849,1,0.718109679013318
6008,0.158024691358025,282.360167654285,1,0.783769895808341
6009,0.144904381505689,282.407139760081,1,0.903146990126049
6010,0.145146453643186,282.454111865877,1,0.901533196274427
6011,0.145001210360687,282.501083971672,1,0.902503976230242
6012,0.147034616315662,282.548056077468,1,0.888218053573579
6013,0.152892762043089,282.595028183263,1,0.83832330242137
6014,0.161704187847979,282.642000289059,1,0.738891828391069
6015,0.171871217622852,282.688972394855,1,0.597702143232498
6016,0.181166787702735,282.73594450065,2,0.464522818135488
6017,0.188138465262648,282.782916606446,2,0.374329746004568
6018,0.196853062212539,282.829888712242,2,0.28099278418655
6019,0.203679496489954,282.876860818037,2,0.223879794755924
6020,0.2079883805374,282.923832923833,2,0.194453107495779
6021,0.212975066569838,282.970805029629,2,0.1659778818397
6022,0.217864923747277,283.017777135424,2,0.143059756186206
6023,0.222754780924716,283.06474924122,2,0.124301243376528
6024,0.229484386347131,283.111721347015,2,0.10400553004366
6025,0.232486080852094,283.158693452811,2,0.0966527705494083
6026,0.23679496489954,283.205665558607,2,0.0876177669999765
6027,0.241297506656984,283.252637664402,2,0.0798172154017351
6028,0.241684822076979,283.299609770198,2,0.0792156379190076
6029,0.239506172839506,283.346581875994,2,0.0827376307346548
6030,0.23756959573953,283.393553981789,2,0.0861641559315227
6031,0.23277656741709,283.440526087585,2,0.0959898056258931
6032,0.22556281771968,283.487498193381,2,0.11513141533861
6033,0.216702977487291,283.534470299176,2,0.148100523111545
6034,0.215298959089809,283.581442404972,2,0.154518961262797
6035,0.213217138707335,283.628414510767,2,0.164733633069504
6036,0.211813120309852,283.675386616563,2,0.172120774427327
6037,0.210941660614863,283.722358722359,2,0.176917918717016
6038,0.210844831759864,283.769330828154,2,0.177461224107441
6039,0.209682885499879,283.81630293395,2,0.184145127799179
6040,0.209198741224885,283.863275039746,2,0.187021239684263
6041,0.205131929314936,283.910247145541,2,0.213423215271629
6042,0.201646090534979,283.957219251337,2,0.239486427903126
6043,0.195255386105059,284.004191357133,2,0.296363153228329
6044,0.186540789155168,284.051163462928,2,0.393896050450267
6045,0.177680948922779,284.098135568724,1,0.513473354937581
6046,0.166013071895425,284.145107674519,1,0.68135969663894
6047,0.150036310820625,284.192079780315,1,0.86430610860248
6048,0.137303316388284,284.239051886111,1,0.94398830341274
6049,0.115807310578552,284.286023991906,1,0.990759000685893
6050,0.0875332849189058,284.332996097702,1,0.999450265324395
6051,0.0473977245219075,284.379968203498,1,0.999995441024936
6052,0.0221738077947228,284.426940309293,1,0.999999859170145
6053,0.0118615347373517,284.473912415089,1,0.999999969352884
6054,0.00721374969740983,284.520884520885,1,0.999999984886457
6055,0.0084241103848947,284.56785662668,1,0.99999998181011
6056,0.0117162914548535,284.614828732476,1,0.999999970016988
6057,0.0176712660372791,284.661800838271,1,0.999999927100518
6058,0.022803195352215,284.708772944067,1,0.999999845732904
6059,0.0289034132171387,284.755745049863,1,0.999999631149033
6060,0.0319051077221012,284.802717155658,1,0.999999437933784
6061,0.0362624061970467,284.849689261454,1,0.999998973375708
6062,0.0431372549019608,284.89666136725,1,0.999997401431374
6063,0.0519002662793512,284.943633473045,1,0.999991833493904
6064,0.0578068264342774,284.990605578841,1,0.999982756899856
6065,0.0753328491890583,285.037577684637,1,0.999858958037891
6066,0.0926652142338417,285.084549790432,1,0.999050121032828
6067,0.0944081336238199,285.131521896228,1,0.998860164728199
6068,0.0895666908738804,285.178494002023,1,0.999316016739466
6069,0.0995400629387558,285.225466107819,1,0.998070070092586
6070,0.114500121036069,285.272438213615,1,0.991802928279303
6071,0.136092955700799,285.31941031941,1,0.94891400527339
6072,0.161897845557976,285.366382425206,1,0.736411354319145
6073,0.191672718470104,285.413354531002,2,0.333686100881635
6074,0.20881142580489,285.460326636797,2,0.189361556081791
6075,0.22556281771968,285.507298742593,2,0.11513141533861
6076,0.233067053982087,285.554270848389,2,0.0953350147124852
6077,0.238053740014524,285.601242954184,2,0.0852801859498516
6078,0.242604696199467,285.64821505998,2,0.0778278134807802
6079,0.242798353909465,285.695187165775,2,0.0775428422984116
6080,0.23756959573953,285.742159271571,2,0.0861641559315227
6081,0.227789881384653,285.789131377367,2,0.108588418155211
6082,0.217913338174776,285.836103483162,2,0.142854882990336
6083,0.204502541757444,285.883075588958,2,0.217885264583332
6084,0.197095134350036,285.930047694754,2,0.278732000106645
6085,0.197143548777536,285.977019800549,2,0.278281981737715
6086,0.198499152747519,286.023991906345,2,0.265969255567347
6087,0.195158557250061,286.070964012141,2,0.297319872049649
6088,0.189929799080126,286.117936117936,2,0.353264016676938
6089,0.18876785282014,286.164908223732,2,0.366821187194033
6090,0.187363834422658,286.211880329527,2,0.383727003777265
6091,0.188283708545146,286.258852435323,2,0.372586835167082
6092,0.191527475187606,286.305824541119,2,0.335282396917192
6093,0.193221980150085,286.352796646914,2,0.317061250151343
6094,0.19438392641007,286.39976875271,2,0.305077613768377
6095,0.19917695473251,286.446740858506,2,0.260019607537466
6096,0.205325587024933,286.493712964301,2,0.212071260707935
6097,0.204744613894941,286.540685070097,2,0.216156687924239
6098,0.210651174049867,286.587657175893,2,0.178554086588778
6099,0.217913338174776,286.634629281688,2,0.142854882990336
6100,0.220672960542242,286.681601387484,2,0.131826554753472
6101,0.219849915274752,286.728573493279,2,0.134985424302014
6102,0.217332365044783,286.775545599075,2,0.14534038800663
6103,0.215492616799806,286.822517704871,2,0.153611731874506
6104,0.214814814814815,286.869489810666,2,0.156818433770302
6105,0.213362381989833,286.916461916462,2,0.163992860388057
6106,0.215928346647301,286.963434022258,2,0.151596359887588
6107,0.220091987412249,287.010406128053,2,0.13404516456586
6108,0.223529411764706,287.057378233849,2,0.121663306383191
6109,0.225804889857177,287.104350339644,2,0.114390204748803
6110,0.22638586298717,287.15132244544,2,0.112641722238474
6111,0.2239651416122,287.198294551236,2,0.120216495626506
6112,0.221931735657226,287.245266657031,2,0.127198855380114
6113,0.219559428709756,287.292238762827,2,0.13612620954286
6114,0.21437908496732,287.339210868623,2,0.15892682063122
6115,0.209295570079884,287.386182974418,2,0.186441658251431
6116,0.20716533526991,287.433155080214,2,0.19970892771171
6117,0.205422415879932,287.48012718601,2,0.211398957532196
6118,0.200968288549988,287.527099291805,2,0.244947181371744
6119,0.195255386105059,287.574071397601,2,0.296363153228329
6120,0.190704429920116,287.621043503396,2,0.34444933083995
6121,0.181360445412733,287.668015609192,2,0.461864593780773
6122,0.180053255870249,287.714987714988,2,0.479944638661902
6123,0.176470588235294,287.761959820783,1,0.530856854412973
6124,0.172064875332849,287.808931926579,1,0.594884044115273
6125,0.167271847010409,287.855904032375,1,0.663772559578356
6126,0.158557250060518,287.90287613817,1,0.777554064320678
6127,0.148874364560639,287.949848243966,1,0.87396994693745
6128,0.145775841200678,287.996820349762,1,0.897239071283164
6129,0.134688937303316,288.043792455557,1,0.954159317133166
6130,0.120745582183491,288.090764561353,1,0.985609481075103
6131,0.10961026385863,288.137736667148,1,0.994814294790169
6132,0.0990075042362624,288.184708772944,1,0.998171406669029
6133,0.0883563301863955,288.23168087874,1,0.999399261524826
6134,0.0716533526991043,288.278652984535,1,0.999907959817862
6135,0.0455579762769305,288.325625090331,1,0.999996419102588
6136,0.0236746550472041,288.372597196127,1,0.999999825049919
6137,0.0083756959573953,288.419569301922,1,0.99999998194413
6138,0.00479302832244009,288.466541407718,1,0.999999989592133
6139,0.00576131687242798,288.513513513514,1,0.999999987912517
6140,0.00590656015492617,288.560485619309,1,0.999999987638756
6141,0.0056160735899298,288.607457725105,1,0.999999988180356
6142,0.00740740740740741,288.6544298309,1,0.99999998443086
6143,0.0129750665698378,288.701401936696,1,0.999999963762252
6144,0.0222222222222222,288.748374042492,1,0.999999858178301
6145,0.0364076494795449,288.795346148287,1,0.999998952745569
6146,0.0474461389494069,288.842318254083,1,0.999995412079415
6147,0.0592108448317599,288.889290359879,1,0.999979464218422
6148,0.0718470104091019,288.936262465674,1,0.999905850774967
6149,0.0885015734688937,288.98323457147,1,0.999389806132728
6150,0.102638586298717,289.030206677266,1,0.997367301999686
6151,0.112757201646091,289.077178783061,1,0.99302540624933
6152,0.122052771725974,289.124150888857,1,0.983862988233985
6153,0.122875816993464,289.171122994652,1,0.982666480614283
6154,0.122875816993464,289.218095100448,1,0.982666480614283
6155,0.126458484628419,289.265067206244,1,0.976464593232402
6156,0.128927620430888,289.312039312039,1,0.971097166578913
6157,0.127523602033406,289.359011417835,1,0.974269589284592
6158,0.129799080125878,289.405983523631,1,0.968957299258429
6159,0.129557007988381,289.452955629426,1,0.969565365812916
6160,0.124279835390947,289.499927735222,1,0.980438141590647
6161,0.11842168966352,289.546899841018,1,0.988293801480298
6162,0.110142822561123,289.593871946813,1,0.994545246751046
6163,0.102009198741225,289.640844052609,1,0.997527105642092
6164,0.101137739046236,289.687816158404,1,0.997733355191808
6165,0.106076010651174,289.7347882642,1,0.996309065875197
6166,0.113047688211087,289.781760369996,1,0.992834176557105
6167,0.121278140885984,289.828732475791,1,0.984919907378051
6168,0.127862503025902,289.875704581587,1,0.973533723812113
6169,0.132316630355846,289.922676687383,1,0.961968061557247
6170,0.136577099975793,289.969648793178,1,0.946989940644759
6171,0.142047930283224,290.016620898974,1,0.920655500471448
6172,0.147809247155652,290.06359300477,1,0.88237459538446
6173,0.156136528685548,290.110565110565,1,0.804989119268286
6174,0.171145001210361,290.157537216361,1,0.608256196253139
6175,0.190171871217623,290.204509322156,2,0.350490071604556
6176,0.203873154199952,290.251481427952,2,0.222452883466516
6177,0.210844831759864,290.298453533748,2,0.177461224107441
6178,0.22483660130719,290.345425639543,2,0.117400710196955
6179,0.237666424594529,290.392397745339,2,0.0859858690009161
6180,0.241491164366981,290.439369851135,2,0.0795151324543802
6181,0.242265795206972,290.48634195693,2,0.0783324974261134
6182,0.243040426046962,290.533314062726,2,0.077190092174123
6183,0.23916727184701,290.580286168521,2,0.0833165214220308
6184,0.233502783829581,290.627258274317,2,0.0943679500024027
6185,0.225514403292181,290.674230380113,2,0.115280562574305
6186,0.219365770999758,290.721202485908,2,0.136894362595376
6187,0.21036068748487,290.768174591704,2,0.180209107304799
6188,0.201549261679981,290.8151466975,2,0.240258506452285
6189,0.195787944807553,290.862118803295,2,0.291152744148266
6190,0.193270394577584,290.909090909091,2,0.31655361805136
6191,0.194093439845074,290.956063014887,2,0.308034473347437
6192,0.196465746792544,291.003035120682,2,0.284647179360581
6193,0.199903171145001,291.050007226478,2,0.253796035845189
6194,0.199031711450012,291.096979332273,2,0.261283024668205
6195,0.19438392641007,291.143951438069,2,0.305077613768377
6196,0.178455579762769,291.190923543865,1,0.502436572533961
6197,0.154199951585573,291.23789564966,1,0.825375080013649
6198,0.119389978213508,291.284867755456,1,0.98723670875868
6199,0.0814330670539821,291.331839861252,1,0.9997185908805
6200,0.0621157104817236,291.378811967047,1,0.999970623323215
6201,0.0475429678044057,291.425784072843,1,0.99999535365431
6202,0.0434761558944565,291.472756178639,1,0.999997281578962
6203,0.0457516339869281,291.519728284434,1,0.999996326581131
6204,0.0540305010893246,291.56670039023,1,0.999989282744515
6205,0.0612926652142338,291.613672496025,1,0.999973444355717
6206,0.0670539820866618,291.660644601821,1,0.999946594196905
6207,0.0768336964415396,291.707616707617,1,0.999832503905911
6208,0.0878721859114016,291.754588813412,1,0.999429783592251
6209,0.111595255386105,291.801560919208,1,0.993743910732693
6210,0.125974340353425,291.848533025004,1,0.977405560097925
6211,0.139336722343258,291.895505130799,1,0.934809347338062
6212,0.149552166545631,291.942477236595,1,0.86839590564228
6213,0.160396998305495,291.989449342391,1,0.755338288776051
6214,0.167368675865408,292.036421448186,1,0.662408190968403
6215,0.172645848462842,292.083393553982,1,0.586423631555168
6216,0.17923021060276,292.130365659777,2,0.491482037805724
6217,0.187073347857662,292.177337765573,2,0.387294626531132
6218,0.190317114500121,292.224309871369,2,0.348834134035788
6219,0.195158557250061,292.271281977164,2,0.297319872049649
6220,0.198208666182522,292.31825408296,2,0.268561105816729
6221,0.198838053740015,292.365226188756,2,0.262977329385159
6222,0.196756233357541,292.412198294551,2,0.281902093363258
6223,0.192544178165093,292.459170400347,2,0.324243899634573
6224,0.189155168240136,292.506142506143,2,0.36225787065419
6225,0.187702735415154,292.553114611938,2,0.379594736836648
6226,0.190462357782619,292.600086717734,2,0.347184536077044
6227,0.194335511982571,292.647058823529,2,0.305568615833838
6228,0.19603001694505,292.694030929325,2,0.288813170526447
6229,0.198257080610022,292.741003035121,2,0.268127373702648
6230,0.199080125877512,292.787975140916,2,0.260861190100905
6231,0.200726216412491,292.834947246712,2,0.246929397850432
6232,0.202178649237473,292.881919352508,2,0.235287458417253
6233,0.2,292.928891458303,2,0.252977943803086
6234,0.202711207939966,292.975863564099,2,0.231168176931728
6235,0.203679496489954,293.022835669895,2,0.223879794755924
6236,0.201065117404987,293.06980777569,2,0.244159019861565
6237,0.198547567175018,293.116779881486,2,0.265539737404248
6238,0.196707818930041,293.163751987281,2,0.282357819635894
6239,0.193851367707577,293.210724093077,2,0.310518411177977
6240,0.190510772210119,293.257696198873,2,0.346636081261872
6241,0.18562091503268,293.304668304668,2,0.40547987919682
6242,0.18799322198015,293.351640410464,2,0.376078716002658
6243,0.191624304042605,293.39861251626,2,0.334217484048781
6244,0.196853062212539,293.445584622055,2,0.28099278418655
6245,0.199757927862503,293.492556727851,2,0.25502832760331
6246,0.199419026870007,293.539528833647,2,0.257927799894566
6247,0.197772936335028,293.586500939442,2,0.272496415895858
6248,0.196514161220044,293.633473045238,2,0.284187876034148
6249,0.196223674655047,293.680445151033,2,0.286954444718104
6250,0.18876785282014,293.727417256829,2,0.366821187194033
6251,0.181796175260228,293.774389362625,2,0.455910930320013
6252,0.176906318082789,293.82136146842,1,0.524581457414179
6253,0.17283950617284,293.868333574216,1,0.583602140198943
6254,0.167852820140402,293.915305680012,1,0.655563980942563
6255,0.16562575647543,293.962277785807,1,0.686710364238002
6256,0.165674170902929,294.009249891603,1,0.686043206799524
6257,0.173420479302832,294.056221997398,1,0.575136466839982
6258,0.171774388767853,294.103194103194,1,0.5991106947895
6259,0.172452190752844,294.15016620899,1,0.589244582704524
6260,0.179036552892762,294.197138314785,2,0.494212380984199
6261,0.189832970225127,294.244110420581,2,0.354378498941858
6262,0.203824739772452,294.291082526377,2,0.222808658092284
6263,0.223093681917211,294.338054632172,2,0.123136659711899
6264,0.240038731542,294.385026737968,2,0.0818451755357054
6265,0.259598160251755,294.431998843764,2,0.0606145041940849
6266,0.274751876059066,294.478970949559,2,0.0550627309581323
6267,0.290583393851368,294.525943055355,2,0.056745444775708
6268,0.296489954006294,294.57291516115,2,0.0593767550962832
6269,0.297361413701283,294.619887266946,2,0.0598682588868932
6270,0.298281287823772,294.666859372742,2,0.0604175852529541
6271,0.298959089808763,294.713831478537,2,0.0608428218568989
6272,0.297942386831276,294.760803584333,2,0.0602115118646108
6273,0.292374727668845,294.807775690129,2,0.0574190019989017
6274,0.287049140643912,294.854747795924,2,0.0557169917648057
6275,0.280464778503994,294.90171990172,2,0.0548133389858445
6276,0.274122488501573,294.948692007516,2,0.0551489261166495
6277,0.268458000484144,294.995664113311,2,0.0564639083441637
6278,0.263955458726701,295.042636219107,2,0.0582344119199003
6279,0.26158315177923,295.089608324902,2,0.059444833135666
6280,0.261873638344227,295.136580430698,2,0.0592858452196796
6281,0.255821834906802,295.183552536494,2,0.063262156717095
6282,0.2559670781893,295.230524642289,2,0.0631495553553344
6283,0.256402808036795,295.277496748085,2,0.0628170763419162
6284,0.258097312999274,295.324468853881,2,0.06159841295082
6285,0.261486322924231,295.371440959676,2,0.059498509898589
6286,0.266134107964173,295.418413065472,2,0.05729410503516
6287,0.269377874606633,295.465385171268,2,0.0561830468654835
6288,0.270442992011619,295.512357277063,2,0.0558909476979354
6289,0.270927136286613,295.559329382859,2,0.0557697908584352
6290,0.268700072621641,295.606301488654,2,0.0563874065791075
6291,0.264584846284193,295.65327359445,2,0.0579462711090871
6292,0.260614863229242,295.700245700246,2,0.059997072873532
6293,0.259549745824256,295.747217806041,2,0.0606448822626495
6294,0.258339385136771,295.794189911837,2,0.0614337575203383
6295,0.251851851851852,295.841162017633,2,0.0666996725186472
6296,0.245219075284435,295.888134123428,2,0.0741830752139982
6297,0.244299201161946,295.935106229224,2,0.0754165516563785
6298,0.246042120551924,295.98207833502,2,0.0731226216231372
6299,0.245993706124425,296.029050440815,2,0.073183895119029
6300,0.24638102154442,296.076022546611,2,0.0726975251650014
6301,0.248414427499395,296.122994652406,2,0.0702833269364684
6302,0.251077221011862,296.169966758202,2,0.0674555293546924
6303,0.255434519486807,296.216938863998,2,0.0635668069502091
6304,0.25998547567175,296.263910969793,2,0.0603746927223037
6305,0.266618252239167,296.310883075589,2,0.0571066745678953
6306,0.268990559186638,296.357855181385,2,0.0562980519284335
6307,0.272863713386589,296.40482728718,2,0.055356752794446
6308,0.275284434761559,296.451799392976,2,0.0549989689114024
6309,0.27596223674655,296.498771498772,2,0.0549299321370353
6310,0.274267731784072,296.545743604567,2,0.0551279902425575
6311,0.270442992011619,296.592715710363,2,0.0558909476979354
6312,0.266763495521665,296.639687816158,2,0.0570519453076396
6313,0.260711692084241,296.686659921954,2,0.0599402920024758
6314,0.252916969256839,296.73363202775,2,0.0657071379336576
6315,0.244686516581941,296.780604133545,2,0.0748908816476234
6316,0.233648027112079,296.827576239341,2,0.0940495813453461
6317,0.22081820382474,296.874548345137,2,0.131280184782186
6318,0.211280561607359,296.921520450932,2,0.175032649468694
6319,0.201936577099976,296.968492556728,2,0.237186149546245
6320,0.192931493585088,297.015464662524,2,0.320122209997457
6321,0.186492374727669,297.062436768319,2,0.394500040706735
6322,0.188283708545146,297.109408874115,2,0.372586835167082
6323,0.195303800532559,297.15638097991,2,0.295885875946507
6324,0.206535947712418,297.203353085706,2,0.20384137673011
6325,0.217719680464779,297.250325191502,2,0.143676820976876
6326,0.231517792302106,297.297297297297,2,0.0989229144379618
6327,0.245170660856935,297.344269403093,2,0.0742467115792119
6328,0.253062212539337,297.391241508889,2,0.065575899952647
6329,0.260856935366739,297.438213614684,2,0.0598557732273484
6330,0.25843621399177,297.48518572048,2,0.0613685438871459
6331,0.258097312999274,297.532157826276,2,0.06159841295082
6332,0.255240861776809,297.579129932071,2,0.0637215381760162
6333,0.249479544904382,297.626102037867,2,0.0691083971041419
6334,0.247446138949407,297.673074143662,2,0.0714042656929953
6335,0.247833454369402,297.720046249458,2,0.0709497384717113
6336,0.245945291696926,297.767018355254,2,0.0732453056816801
6337,0.243718228031954,297.813990461049,2,0.0762225872264617
6338,0.24081336238199,297.860962566845,2,0.0805838721521376
6339,0.232340837569596,297.907934672641,2,0.096987347854357
6340,0.215444202372307,297.954906778436,2,0.153837871417831
6341,0.192350520455096,298.001878884232,2,0.326322039972935
6342,0.168433793270395,298.048850990028,1,0.647304979460831
6343,0.145485354635681,298.095823095823,1,0.899238693974627
6344,0.128346647300896,298.142795201619,1,0.972449880752842
6345,0.1119825708061,298.189767307414,1,0.993512432475481
6346,0.0980876301137739,298.23673941321,1,0.99833471726541
6347,0.0795449043815057,298.283711519006,1,0.999772247534224
6348,0.0610990075042363,298.330683624801,1,0.999974069192774
6349,0.0436213991769547,298.377655730597,1,0.999997228591022
6350,0.0317114500121036,298.424627836393,1,0.999999452918844
6351,0.0252239167271847,298.471599942188,1,0.999999781428316
6352,0.0228516097797144,298.518572047984,1,0.999999844649094
6353,0.0357298474945534,298.565544153779,1,0.999999045700165
6354,0.0473008956669087,298.612516259575,1,0.999995498387135
6355,0.0693778746066328,298.659488365371,1,0.999929583224929
6356,0.0966836117162915,298.706460471166,1,0.998557672736537
6357,0.119147906076011,298.753432576962,1,0.987508889643197
6358,0.143403534253207,298.800404682758,1,0.912693271197365
6359,0.177245219075284,298.847376788553,1,0.519713605986562
6360,0.200532558702493,298.894348894349,2,0.248527360428486
6361,0.21922052771726,298.941321000145,2,0.137474514865003
6362,0.232389251997095,298.98829310594,2,0.0968755916610995
6363,0.24642943597192,299.035265211736,2,0.0726373397104627
6364,0.253933672234326,299.082237317531,2,0.0648087267591679
6365,0.25998547567175,299.129209423327,2,0.0603746927223037
6366,0.265117404986686,299.176181529123,2,0.0577129988645843
6367,0.265262648269184,299.223153634918,2,0.0576510412402126
6368,0.262067296054224,299.270125740714,2,0.0591815475360288
6369,0.248850157346889,299.31709784651,2,0.0697954347112111
6370,0.234132171387073,299.364069952305,2,0.0930025462919534
6371,0.207310578552409,299.411042058101,2,0.198769318812723
6372,0.17356572258533,299.458014163897,1,0.573020220187811
6373,0.129895908980876,299.504986269692,1,0.96871107442696
6374,0.0835148874364561,299.551958375488,1,0.999645498887972
6375,0.0536916000968289,299.598930481283,1,0.999989734556002
6376,0.0375695957395304,299.645902587079,1,0.999998772584925
6377,0.0226579520697168,299.692874692875,1,0.999999848940374
6378,0.0204308884047446,299.73984679867,1,0.999999890708623
6379,0.0233841684822077,299.786818904466,1,0.999999832227331
6380,0.0344226579520697,299.833791010262,1,0.999999202894926
6381,0.0469135802469136,299.880763116057,1,0.999995720935131
6382,0.0586782861292665,299.927735221853,1,0.999980778820414
6383,0.0757201646090535,299.974707327649,1,0.999852542278849
6384,0.0915032679738562,300.021679433444,1,0.999159641293707
6385,0.112757201646091,300.06865153924,1,0.99302540624933
6386,0.138949406923263,300.115623645035,1,0.936648745304378
6387,0.173759380295328,300.162595750831,1,0.570198945212511
6388,0.193318809005084,300.209567856627,2,0.316046708477939
6389,0.201113531832486,300.256539962422,2,0.243765949217048
6390,0.203824739772452,300.303512068218,2,0.222808658092284
6391,0.199322198015008,300.350484174014,2,0.258762442784989
6392,0.19598160251755,300.397456279809,2,0.289279647504721
6393,0.19520697167756,300.444428385605,2,0.29684115188278
6394,0.190898087630114,300.4914004914,2,0.34227391285344
6395,0.180101670297749,300.538372597196,2,0.479269484290994
6396,0.169063180827887,300.585344702992,1,0.638307077311995
6397,0.155797627693053,300.632316808787,1,0.808658957846595
6398,0.132703945775841,300.679288914583,1,0.960778478224844
6399,0.108545146453643,300.726261020379,1,0.995315657694079
6400,0.0961994674412975,300.773233126174,1,0.998627781472395
6401,0.104671992253692,300.82020523197,1,0.996782120080775
6402,0.11120793996611,300.867177337766,1,0.993967687492357
6403,0.128588719438393,300.914149443561,1,0.971893258912169
6404,0.149406923263132,300.961121549357,1,0.869605209393746
6405,0.165044783345437,301.008093655152,1,0.694677422027134
6406,0.179036552892762,301.055065760948,2,0.494212380984199
6407,0.191140159767611,301.102037866744,2,0.339570619363833
6408,0.195642701525054,301.149009972539,2,0.29256512056917
6409,0.208375695957395,301.195982078335,2,0.192036863015894
6410,0.210602759622367,301.242954184131,2,0.178828609397286
6411,0.212297264584846,301.289926289926,2,0.16952658354545
6412,0.210651174049867,301.336898395722,2,0.178554086588778
6413,0.206293875574921,301.383870501518,2,0.205457342392597
6414,0.20082304526749,301.430842607313,2,0.246134483235338
6415,0.195933188090051,301.477814713109,2,0.28974684314251
6416,0.192108448317599,301.524786818904,2,0.328935904803805
6417,0.18876785282014,301.5717589247,2,0.366821187194033
6418,0.185136770757686,301.618731030496,2,0.411666503333982
6419,0.17279109174534,301.665703136291,1,0.584307552491397
6420,0.154538852578068,301.712675242087,1,0.821910543955566
6421,0.135657225853304,301.759647347883,1,0.95059431075498
6422,0.116291454853546,301.806619453678,1,0.990342141116113
6423,0.103413217138707,301.853591559474,1,0.997157285019846
6424,0.100750423626241,301.90056366527,1,0.997819723367056
6425,0.106269668361172,301.947535771065,1,0.996238922301916
6426,0.123021060275962,301.994507876861,1,0.982447149563433
6427,0.145775841200678,302.041479982656,1,0.897239071283164
6428,0.167029774872912,302.088452088452,1,0.667176654563796
6429,0.186201888162672,302.135424194248,2,0.398137349646646
6430,0.203001694504962,302.182396300043,2,0.22895456461018
6431,0.215492616799806,302.229368405839,2,0.153611731874506
6432,0.221786492374728,302.276340511635,2,0.127720569418076
6433,0.221980150084725,302.32331261743,2,0.127025649021375
6434,0.222173807794723,302.370284723226,2,0.126336297765794
6435,0.219268942144759,302.417256829022,2,0.137280744842722
6436,0.216218833212297,302.464228934817,2,0.150272478405155
6437,0.217719680464779,302.511201040613,2,0.143676820976876
6438,0.222561123214718,302.558173146408,2,0.124974136236154
6439,0.223142096344711,302.605145252204,2,0.122971628916136
6440,0.220721374969741,302.652117358,2,0.131644066272296
6441,0.216364076494795,302.699089463795,2,0.149616385776646
6442,0.204986686032438,302.746061569591,2,0.214443634927314
6443,0.192060033890099,302.793033675387,2,0.32946083408668
6444,0.173662551440329,302.840005781182,1,0.571609516880676
6445,0.144371822803195,302.886977886978,1,0.906624287774256
6446,0.114112805616074,302.933949992774,1,0.992090600579818
6447,0.0886952311788913,302.980922098569,1,0.999376978708848
6448,0.0708303074316146,303.027894204365,1,0.999916428579794
6449,0.0505930767368676,303.07486631016,1,0.999993096847297
6450,0.052723311546841,303.121838415956,1,0.999990926448008
6451,0.0651658194141854,303.168810521752,1,0.999957436097779
6452,0.0914064391188574,303.215782627547,1,0.999168205787934
6453,0.12316630355846,303.262754733343,1,0.982225301213524
6454,0.153425320745582,303.309726839139,1,0.833127933579776
6455,0.18077947228274,303.356698944934,2,0.469860982178638
6456,0.198063422900024,303.40367105073,2,0.269866526736669
6457,0.212055192447349,303.450643156526,2,0.170817427211824
6458,0.225369160009683,303.497615262321,2,0.115729824938044
6459,0.233744855967078,303.544587368117,2,0.0938384329861068
6460,0.234713144517066,303.591559473912,2,0.0917744728661634
6461,0.23761801016703,303.638531579708,2,0.0860749186305356
6462,0.239022028564512,303.685503685504,2,0.0835672622086597
6463,0.240474461389494,303.732475791299,2,0.0811303896684107
6464,0.245170660856935,303.779447897095,2,0.0742467115792119
6465,0.250593076736868,303.826420002891,2,0.0679428548286666
6466,0.254030501089325,303.873392108686,2,0.0647256040527563
6467,0.258000484144275,303.920364214482,2,0.0616649262154721
6468,0.258484628419269,303.967336320278,2,0.0613360755604606
6469,0.259549745824256,304.014308426073,2,0.0606448822626495
6470,0.260082304526749,304.061280531869,2,0.0603156283437912
6471,0.258097312999274,304.108252637664,2,0.06159841295082
6472,0.254320987654321,304.15522474346,2,0.0644787457295406
6473,0.253497942386831,304.202196849256,2,0.0651879992412632
6474,0.246913580246914,304.249168955051,2,0.0720428694127231
6475,0.240377632534495,304.296141060847,2,0.0812880460692661
6476,0.237908496732026,304.343113166643,2,0.0855434235997135
6477,0.235875090777052,304.390085272438,2,0.0894084937712105
6478,0.236988622609538,304.437057378234,2,0.087249771411761
6479,0.242701525054466,304.48402948403,2,0.0776850186951542
6480,0.249721617041878,304.531001589825,2,0.0688496383165541
6481,0.252287581699346,304.577973695621,2,0.0662871749661231
6482,0.255386105059308,304.624945801416,2,0.0636053387299141
6483,0.254756717501816,304.671917907212,2,0.0641154583012244
6484,0.250108932461874,304.718890013008,2,0.0684418747804693
6485,0.250302590171871,304.765862118803,2,0.0682408514078913
6486,0.248946986201888,304.812834224599,2,0.0696883836758078
6487,0.237327523602033,304.859806330395,2,0.0866131699115517
6488,0.22159283466473,304.90677843619,2,0.128421100882997
6489,0.198547567175018,304.953750541986,2,0.265539737404248
6490,0.159331880900508,305.000722647782,1,0.768337951007518
6491,0.116388283708545,305.047694753577,1,0.990256714341571
6492,0.0893730331638828,305.094666859373,1,0.999330034717812
6493,0.0703461631566207,305.141638965168,1,0.999921055578871
6494,0.0531590413943355,305.188611070964,1,0.999990407629265
6495,0.0439118857419511,305.23558317676,1,0.99999711959933
6496,0.0401355603969983,305.282555282555,1,0.9999982619584
6497,0.0360687484870491,305.329527388351,1,0.999999000270285
6498,0.0433309126119584,305.376499494147,1,0.999997333585541
6499,0.0585814572742677,305.423471599942,1,0.999981008961653
6500,0.0809005083514887,305.470443705738,1,0.999734836572081
6501,0.103074316146212,305.517415811534,1,0.997251034072034
6502,0.126894214475914,305.564387917329,1,0.97558779295695
6503,0.152650689905592,305.611360023125,1,0.840648417645968
6504,0.173033163882837,305.65833212892,1,0.580780313109116
6505,0.193221980150085,305.705304234716,2,0.317061250151343
6506,0.205519244734931,305.752276340512,2,0.210729095584731
6507,0.216315662067296,305.799248446307,2,0.149834652153416
6508,0.22159283466473,305.846220552103,2,0.128421100882997
6509,0.221980150084725,305.893192657899,2,0.127025649021375
6510,0.222173807794723,305.940164763694,2,0.126336297765794
6511,0.224546114742193,305.98713686949,2,0.118327926999621
6512,0.228177196804648,306.034108975285,2,0.107511807161054
6513,0.229242314209634,306.081081081081,2,0.104640307833526
6514,0.232195594287098,306.128053186877,2,0.0973240043139012
6515,0.234035342532075,306.175025292672,2,0.0932102186133291
6516,0.232534495279593,306.221997398468,2,0.0965417047457633
6517,0.230065359477124,306.268969504264,2,0.102508346725958
6518,0.229968530622125,306.315941610059,2,0.102755325235121
6519,0.230839990317114,306.362913715855,2,0.10056861310999
6520,0.231469377874607,306.409885821651,2,0.099038897729556
6521,0.228177196804648,306.456857927446,2,0.107511807161054
6522,0.226676349552167,306.503830033242,2,0.111783352207248
6523,0.22561123214718,306.550802139037,2,0.114982570579093
6524,0.223045267489712,306.597774244833,2,0.123302023818497
6525,0.221544420237231,306.644746350629,2,0.128597115416011
6526,0.223480997337206,306.691718456424,2,0.121825693278286
6527,0.226870007262164,306.73869056222,2,0.111216901480272
6528,0.22720890825466,306.785662668016,2,0.110236649130746
6529,0.227063664972162,306.832634773811,2,0.110655046122272
6530,0.227063664972162,306.879606879607,2,0.110655046122272
6531,0.224691358024691,306.926578985403,2,0.117862909824404
6532,0.22159283466473,306.973551091198,2,0.128421100882997
6533,0.217864923747277,307.020523196994,2,0.143059756186206
6534,0.2159767610748,307.067495302789,2,0.151374624912598
6535,0.216509319777294,307.114467408585,2,0.148964164546396
6536,0.21762285160978,307.161439514381,2,0.144090242514603
6537,0.219462599854757,307.208411620176,2,0.136509519372981
6538,0.221544420237231,307.255383725972,2,0.128597115416011
6539,0.22478818687969,307.302355831768,2,0.117554464672828
6540,0.226870007262164,307.349327937563,2,0.111216901480272
6541,0.226240619704672,307.396300043359,2,0.113074852210779
6542,0.225272331154684,307.443272149155,2,0.116030856211581
6543,0.226046961994674,307.49024425495,2,0.11365648405784
6544,0.227789881384653,307.537216360746,2,0.108588418155211
6545,0.229387557492133,307.584188466541,2,0.104258661146768
6546,0.225659646574679,307.631160572337,2,0.114834027717301
6547,0.222851609779714,307.678132678133,2,0.123966825982841
6548,0.220866618252239,307.725104783928,2,0.131098790418075
6549,0.219607843137255,307.772076889724,2,0.135935127893742
6550,0.22159283466473,307.81904899552,2,0.128421100882997
6551,0.225417574437182,307.866021101315,2,0.115579766793059
6552,0.227935124667151,307.912993207111,2,0.108182626880872
6553,0.231275720164609,307.959965312907,2,0.0995052271374569
6554,0.235826676349552,308.006937418702,2,0.0895047288486651
6555,0.24081336238199,308.053909524498,2,0.0805838721521376
6556,0.242459452916969,308.100881630293,2,0.0780431700335514
6557,0.241200677801985,308.147853736089,2,0.0799692334588814
6558,0.23679496489954,308.194825841885,2,0.0876177669999765
6559,0.229774872912128,308.24179794768,2,0.103252332885049
6560,0.223916727184701,308.288770053476,2,0.120375955667949
6561,0.216945049624788,308.335742159272,2,0.147030525254865
6562,0.211571048172355,308.382714265067,2,0.173436726330446
6563,0.203776325344953,308.429686370863,2,0.223165067700176
6564,0.195884773662551,308.476658476658,2,0.290214757655804
6565,0.189251997095134,308.523630582454,2,0.361123925222313
6566,0.185814572742677,308.57060268825,2,0.403022402000715
6567,0.186976519002663,308.617574794045,2,0.388489060642138
6568,0.190268700072622,308.664546899841,2,0.349385409513705
6569,0.196175260227548,308.711519005637,2,0.287418049315634
6570,0.201888162672476,308.758491111432,2,0.237567870798674
6571,0.209682885499879,308.805463217228,2,0.184145127799179
6572,0.216848220769789,308.852435323024,2,0.147457255800576
6573,0.224449285887194,308.899407428819,2,0.118639511731595
6574,0.234229000242072,308.946379534615,2,0.0927957346904303
6575,0.245315904139434,308.99335164041,2,0.0740562250603163
6576,0.253352699104333,309.040323746206,2,0.0653163350043654
6577,0.258242556281772,309.087295852002,2,0.0614993412626956
6578,0.260179133381748,309.134267957797,2,0.0602569176196305
6579,0.261970467199225,309.181240063593,2,0.0592335274619554
6580,0.261970467199225,309.228212169389,2,0.0592335274619554
6581,0.261341079641733,309.275184275184,2,0.0595796659708001
6582,0.261922052771726,309.32215638098,2,0.059259644064301
6583,0.256741709029291,309.369128486776,2,0.06256395523375
6584,0.248559670781893,309.416100592571,2,0.0701195707554453
6585,0.244396030016945,309.463072698367,2,0.0752842648645557
6586,0.231275720164609,309.510044804162,2,0.0995052271374569
6587,0.214766400387315,309.557016909958,2,0.15705086944511
6588,0.20242072137497,309.603989015754,2,0.233405232182124
6589,0.188574195110143,309.650961121549,2,0.369119283533192
6590,0.164705882352941,309.697933227345,1,0.699290524216641
6591,0.139675623335754,309.744905333141,1,0.933163570225312
6592,0.126264826918422,309.791877438936,1,0.976845124976867
6593,0.11440329218107,309.838849544732,1,0.991875740822657
6594,0.111062696683612,309.885821650528,1,0.994049666078957
6595,0.111498426531106,309.932793756323,1,0.993800567712892
6596,0.118615347373517,309.979765862119,1,0.988089044761541
6597,0.128104575163399,310.026737967914,1,0.972996654397731
6598,0.141418542725732,310.07371007371,1,0.92414679598036
6599,0.15918663761801,310.120682179506,1,0.770081522329783
6600,0.173904623577826,310.167654285301,1,0.568083389530643
6601,0.187702735415154,310.214626391097,2,0.379594736836648
6602,0.202227063664972,310.261598496893,2,0.234909698626425
6603,0.217090292907286,310.308570602688,2,0.146393585944151
6604,0.224449285887194,310.355542708484,2,0.118639511731595
6605,0.228903413217139,310.40251481428,2,0.10553998744686
6606,0.234277414669572,310.449486920075,2,0.0926926506314677
6607,0.237327523602033,310.496459025871,2,0.0866131699115517
6608,0.238150568869523,310.543431131666,2,0.0851056173780925
6609,0.240377632534495,310.590403237462,2,0.0812880460692661
6610,0.237521181312031,310.637375343258,2,0.086253581257521
6611,0.234471072379569,310.684347449053,2,0.0922824497898004
6612,0.230452674897119,310.731319554849,2,0.101530510405805
6613,0.224304042604696,310.778291660645,2,0.119109260773938
6614,0.21757443718228,310.82526376644,2,0.144297568993531
6615,0.210990075042363,310.872235872236,2,0.176647044634948
6616,0.20561607358993,310.919207978032,2,0.210061668712053
6617,0.202808036794965,310.966180083827,2,0.230427708694394
6618,0.197385620915033,311.013152189623,2,0.276042564154419
6619,0.193899782135076,311.060124295418,2,0.310020177164185
6620,0.190510772210119,311.107096401214,2,0.346636081261872
6621,0.187267005567659,311.15406850701,2,0.384913589723543
6622,0.188090050835149,311.201040612805,2,0.374912063934505
6623,0.194722827402566,311.248012718601,2,0.301660842047558
6624,0.200242072137497,311.294984824397,2,0.250944707271303
6625,0.209924957637376,311.341956930192,2,0.182727372523282
6626,0.215444202372307,311.388929035988,2,0.153837871417831
6627,0.224497700314694,311.435901141784,2,0.118483561637375
6628,0.231856693294602,311.482873247579,2,0.0981176893966498
6629,0.234277414669572,311.529845353375,2,0.0926926506314677
6630,0.236165577342048,311.57681745917,2,0.0888352888383185
6631,0.238295812152021,311.623789564966,2,0.0848451424004969
6632,0.238344226579521,311.670761670762,2,0.0847586834670263
6633,0.240861776809489,311.717733776557,2,0.0805064645816475
6634,0.244057129024449,311.764705882353,2,0.0757498235864392
6635,0.245993706124425,311.811677988149,2,0.073183895119029
6636,0.245315904139434,311.858650093944,2,0.0740562250603163
6637,0.241733236504478,311.90562219974,2,0.079141166515102
6638,0.236262406197047,311.952594305536,2,0.0886458135348375
6639,0.229145485354636,311.999566411331,2,0.104896044842726
6640,0.223868312757202,312.046538517127,2,0.120535738451318
6641,0.222464294359719,312.093510622922,2,0.125312621929704
6642,0.220527717259743,312.140482728718,2,0.132376219292787
6643,0.21922052771726,312.187454834514,2,0.137474514865003
6644,0.217719680464779,312.234426940309,2,0.143676820976876
6645,0.216654563059792,312.281399046105,2,0.148315794283925
6646,0.213120309852336,312.328371151901,2,0.165229884436137
6647,0.20077463083999,312.375343257696,2,0.24653160214311
6648,0.187073347857662,312.422315363492,2,0.387294626531132
6649,0.169063180827887,312.469287469288,1,0.638307077311995
6650,0.13517308157831,312.516259575083,1,0.952405519455917
6651,0.101040910191237,312.563231680879,1,0.997755244323234
6652,0.067441297506657,312.610203786674,1,0.999944063524196
6653,0.0348583877995643,312.65717589247,1,0.999999153516442
6654,0.0175744371822803,312.704147998266,1,0.999999928134579
6655,0.0103606874848705,312.751120104061,1,0.999999975575517
6656,0.00847252481239409,312.798092209857,1,0.999999981675119
6657,0.00798838053740015,312.845064315653,1,0.999999982982159
6658,0.00668119099491649,312.892036421448,1,0.999999986073291
6659,0.00856935366739288,312.939008527244,1,0.999999981402199
6660,0.0106027596223675,312.98598063304,1,0.99999997466271
6661,0.0108448317598644,313.032952738835,1,0.999999973716657
6662,0.0168966351972888,313.079924844631,1,0.999999934983383
6663,0.0321955942870976,313.126896950426,1,0.999999414706314
6664,0.0450254175744372,313.173869056222,1,0.999996662060897
6665,0.0640522875816993,313.220841162018,1,0.999962802481338
6666,0.0799322198015009,313.267813267813,1,0.999762107439658
6667,0.0943597191963205,313.314785373609,1,0.998865895512393
6668,0.104671992253692,313.361757479405,1,0.996782120080775
6669,0.116630355846042,313.4087295852,1,0.990040088532851
6670,0.132074558218349,313.455701690996,1,0.962695416903574
6671,0.150229968530622,313.502673796791,1,0.862644809001978
6672,0.165141612200436,313.549645902587,1,0.693354660739787
6673,0.183345436940208,313.596618008383,2,0.43506884265295
6674,0.190994916485113,313.643590114178,2,0.341190462404361
6675,0.199612684580005,313.690562219974,2,0.256266816604328
6676,0.207310578552409,313.73753432577,2,0.198769318812723
6677,0.21437908496732,313.784506431565,2,0.15892682063122
6678,0.217671266037279,313.831478537361,2,0.143883326754543
6679,0.216896635197289,313.878450643157,2,0.147243679594912
6680,0.215637860082305,313.925422748952,2,0.152935973660489
6681,0.210505930767369,313.972394854748,2,0.17937922934263
6682,0.198111837327524,314.019366960543,2,0.269430681918947
6683,0.185911401597676,314.066339066339,2,0.401797385786072
6684,0.167513919147906,314.113311172135,1,0.660358788540976
6685,0.142532074558218,314.16028327793,1,0.917882074354954
6686,0.125006051803437,314.207255383726,1,0.979186599211583
6687,0.111740498668603,314.254227489522,1,0.993658021642584
6688,0.0983781166787703,314.301199595317,1,0.998284695151639
6689,0.0900992495763738,314.348171701113,1,0.999276016471863
6690,0.0799322198015009,314.395143806909,1,0.999762107439658
6691,0.0662793512466715,314.442115912704,1,0.999951329621728
6692,0.057758412006778,314.4890880185,1,0.999982860836147
6693,0.0474461389494069,314.536060124295,1,0.999995412079415
6694,0.0372306947470346,314.583032230091,1,0.999998828024991
6695,0.0463810215444202,314.630004335887,1,0.999996009637625
6696,0.0642943597191963,314.676976441682,1,0.999961694317361
6697,0.102444928588719,314.723948547478,1,0.997417478284201
6698,0.133478576615832,314.770920653274,1,0.958301559364256
6699,0.171532316630356,314.817892759069,1,0.602630414366191
6700,0.195400629387558,314.864864864865,2,0.29493348491538
6701,0.209295570079884,314.911836970661,2,0.186441658251431
6702,0.221302348099734,314.958809076456,2,0.129482511169729
6703,0.231953522149601,315.005781182252,2,0.0978897514782493
6704,0.237714839022029,315.052753288047,2,0.0858970066897916
6705,0.239699830549504,315.099725393843,2,0.0824106815457952
6706,0.241345921084483,315.146697499639,2,0.0797414509654803
6707,0.239845073832002,315.193669605434,2,0.0821672891554233
6708,0.236456063907044,315.24064171123,2,0.0882692343654773
6709,0.235439360929557,315.287613817026,2,0.0902818878230311
6710,0.236310820624546,315.334585922821,2,0.088551372874877
6711,0.231566206729605,315.381558028617,2,0.0988071698485486
6712,0.225223916727185,315.428530134413,2,0.116181830508087
6713,0.221350762527233,315.475502240208,2,0.129304720060611
6714,0.216896635197289,315.522474346004,2,0.147243679594912
6715,0.208956669087388,315.569446451799,2,0.18847979994633
6716,0.199419026870007,315.616418557595,2,0.257927799894566
6717,0.189687726942629,315.663390663391,2,0.356055462366958
6718,0.184604212055192,315.710362769186,2,0.418541287204735
6719,0.187654320987654,315.757334874982,2,0.38018307336047
6720,0.192398934882595,315.804306980778,2,0.325801424948339
6721,0.201742919389978,315.851279086573,2,0.238717012316267
6722,0.20479302832244,315.898251192369,2,0.215812838439681
6723,0.212490922294844,315.945223298164,2,0.168502843330297
6724,0.22159283466473,315.99219540396,2,0.128421100882997
6725,0.229726458484628,316.039167509756,2,0.103377223211992
6726,0.235245703219559,316.086139615551,2,0.0906753597436156
6727,0.236843379327039,316.133111721347,2,0.0875254783335566
6728,0.237182280319535,316.180083827143,2,0.0868848531083615
6729,0.229774872912128,316.227055932938,2,0.103252332885049
6730,0.221786492374728,316.274028038734,2,0.127720569418076
6731,0.211909949164851,316.32100014453,2,0.171597928646618
6732,0.202904865649964,316.367972250325,2,0.229689839760062
6733,0.198838053740015,316.414944356121,2,0.262977329385159
6734,0.198644396030017,316.461916461916,2,0.264682803020073
6735,0.202808036794965,316.508888567712,2,0.230427708694394
6736,0.207455821834907,316.555860673508,2,0.197834926896475
6737,0.203631082062455,316.602832779303,2,0.224238113646589
6738,0.207552650689906,316.649804885099,2,0.197214886600008
6739,0.21040910191237,316.696776990895,2,0.179931953824867
6740,0.213991769547325,316.74374909669,2,0.160832328862469
6741,0.218978455579763,316.790721202486,2,0.138449182282366
6742,0.22561123214718,316.837693308282,2,0.114982570579093
6743,0.238779956427015,316.884665414077,2,0.0839887228842178
6744,0.253885257806826,316.931637519873,2,0.0648504456742618
6745,0.257709997579279,316.978609625668,2,0.0618667111148922
6746,0.265165819414185,317.025581731464,2,0.0576922674783731
6747,0.269765190026628,317.07255383726,2,0.0560727428778641
6748,0.26642459452917,317.119525943055,2,0.0571807218827497
6749,0.261195836359235,317.166498048851,2,0.0596615935283715
6750,0.257709997579279,317.213470154647,2,0.0618667111148922
6751,0.256257564754297,317.260442260442,2,0.0629270188952076
6752,0.256209150326797,317.307414366238,2,0.0629638623519648
6753,0.250883563301864,317.354386472034,2,0.0676490681691137
6754,0.250302590171871,317.401358577829,2,0.0682408514078913
6755,0.24957637375938,317.448330683625,2,0.0690045308212446
6756,0.247542967804406,317.49530278942,2,0.0712898571183561
6757,0.242653110626967,317.542274895216,2,0.0777563386498185
6758,0.235439360929557,317.589247001012,2,0.0902818878230311
6759,0.228612926652142,317.636219106807,2,0.106321465841608
6760,0.22478818687969,317.683191212603,2,0.117554464672828
6761,0.219511014282256,317.730163318399,2,0.13631767313535
6762,0.221157104817236,317.777135424194,2,0.130018031030905
6763,0.221157104817236,317.82410752999,2,0.130018031030905
6764,0.219462599854757,317.871079635786,2,0.136509519372981
6765,0.219365770999758,317.918051741581,2,0.136894362595376
6766,0.222754780924716,317.965023847377,2,0.124301243376528
6767,0.230549503752118,318.011995953172,2,0.101288551394094
6768,0.237424352457032,318.058968058968,2,0.0864329974029879
6769,0.239796659404503,318.105940164764,2,0.0822482473084668
6770,0.244686516581941,318.152912270559,2,0.0748908816476234
6771,0.247881868796901,318.199884376355,2,0.0708935028543121
6772,0.246719922536916,318.246856482151,2,0.0722790528720587
6773,0.242653110626967,318.293828587946,2,0.0777563386498185
6774,0.236068748487049,318.340800693742,2,0.0890255586287483
6775,0.226240619704672,318.387772799538,2,0.113074852210779
6776,0.216751391914791,318.434744905333,2,0.147885676808069
6777,0.196514161220044,318.481717011129,2,0.284187876034148
6778,0.191914790607601,318.528689116924,2,0.331039930086372
6779,0.181505688695231,318.57566122272,2,0.45987578870837
6780,0.164124909222948,318.622633328516,1,0.707136584313261
6781,0.142774146695715,318.669605434311,1,0.916466295123716
6782,0.114064391188574,318.716577540107,1,0.992125894563854
6783,0.0855482933914306,318.763549645903,1,0.999556868980781
6784,0.0742677317840717,318.810521751698,1,0.999875252898055
6785,0.0595497458242556,318.857493857494,1,0.999978583005729
6786,0.0499636891793755,318.90446596329,1,0.999993635631105
6787,0.0448317598644396,318.951438069085,1,0.999996746390945
6788,0.0479302832244009,318.998410174881,1,0.999995112676965
6789,0.0535463568143307,319.045382280676,1,0.9999899225111
6790,0.0605180343742435,319.092354386472,1,0.999975859934773
6791,0.0767852820140402,319.139326492268,1,0.999833426826
6792,0.0945049624788187,319.186298598063,1,0.998848620801741
6793,0.112902444928589,319.233270703859,1,0.992930391579854
6794,0.124957637375938,319.280242809655,1,0.979272232181308
6795,0.13996610990075,319.32721491545,1,0.931725568319813
6796,0.151101428225611,319.374187021246,1,0.854988862303433
6797,0.160300169450496,319.421159127042,1,0.756535330232302
6798,0.166497216170419,319.468131232837,1,0.67462974101824
6799,0.168433793270395,319.515103338633,1,0.647304979460831
6800,0.16722343258291,319.562075444428,1,0.664454164829106
6801,0.161074800290487,319.609047550224,1,0.746876093979041
6802,0.159573953038005,319.65601965602,1,0.765416277584988
6803,0.157250060518034,319.702991761815,1,0.792631784304302
6804,0.151779230210603,319.749963867611,1,0.848829968552269
6805,0.146066327765674,319.796935973407,1,0.895208857119945
6806,0.125006051803437,319.843908079202,1,0.979186599211583
6807,0.0901960784313725,319.890880184998,1,0.999268509024066
6808,0.06719922536916,319.937852290794,1,0.999945658357887
6809,0.0370854514645364,319.984824396589,1,0.99999885103453
6810,0.0200919874122488,320.031796502385,1,0.999999895986575
6811,0.0114258048898572,320.07876860818,1,0.99999997130336
6812,0.0113289760348584,320.125740713976,1,0.999999971720066
6813,0.0160251755022997,320.172712819772,1,0.999999942860554
6814,0.0213507625272331,320.219684925567,1,0.99999987503406
6815,0.029435971919632,320.266657031363,1,0.999999602379712
6816,0.042798353909465,320.313629137159,1,0.999997516160608
6817,0.067683369644154,320.360601242954,1,0.999942423791279
6818,0.0982812878237715,320.40757334875,1,0.998301524700979
6819,0.137932703945776,320.454545454545,1,0.941271558833074
6820,0.167659162430404,320.501517560341,1,0.658306040157356
6821,0.190123456790123,320.548489666137,2,0.351043457156697
6822,0.207455821834907,320.595461771932,2,0.197834926896475
6823,0.222028564512225,320.642433877728,2,0.12685279073272
6824,0.230936819172113,320.689405983524,2,0.100330600583644
6825,0.235342532074558,320.736378089319,2,0.0904782134887299
6826,0.236213991769547,320.783350195115,2,0.0887404520640761
6827,0.236068748487049,320.830322300911,2,0.0890255586287483
6828,0.235342532074558,320.877294406706,2,0.0904782134887299
6829,0.233405954974582,320.924266512502,2,0.0945812981073367
6830,0.231033648027112,320.971238618297,2,0.100093565204453
6831,0.226821592834665,321.018210724093,2,0.111358081965629
6832,0.223287339627209,321.065182829889,2,0.122478530101583
6833,0.216896635197289,321.112154935684,2,0.147243679594912
6834,0.21520213023481,321.15912704148,2,0.154975254901088
6835,0.213749697409828,321.206099147276,2,0.162038460173063
6836,0.212394093439845,321.253071253071,2,0.169013724455384
6837,0.210844831759864,321.300043358867,2,0.177461224107441
6838,0.210457516339869,321.347015464663,2,0.17965532810916
6839,0.213410796417332,321.393987570458,2,0.163746894133057
6840,0.217332365044783,321.440959676254,2,0.14534038800663
6841,0.224739772452191,321.487931782049,2,0.117708531016795
6842,0.228709755507141,321.534903887845,2,0.106059906624645
6843,0.233986928104575,321.581875993641,2,0.0933143785753226
6844,0.239070442992012,321.628848099436,2,0.0834835046414098
6845,0.243911885741951,321.675820205232,2,0.0759515491056937
6846,0.249721617041878,321.722792311028,2,0.0688496383165541
6847,0.253933672234326,321.769764416823,2,0.0648087267591679
6848,0.256548051319293,321.816736522619,2,0.0627080126560201
6849,0.253982086661825,321.863708628415,2,0.0647671129374047
6850,0.250302590171871,321.91068073421,2,0.0682408514078913
6851,0.241345921084483,321.957652840006,2,0.0797414509654803
6852,0.232389251997095,322.004624945801,2,0.0968755916610995
6853,0.223384168482208,322.051597051597,2,0.122151452594429
6854,0.212684580004841,322.098569157393,2,0.1674869892032
6855,0.205761316872428,322.145541263188,2,0.20906508066633
6856,0.205954974582426,322.192513368984,2,0.207744761642266
6857,0.213265553134834,322.23948547478,2,0.164486229058442
6858,0.226046961994674,322.286457580575,2,0.11365648405784
6859,0.240958605664488,322.333429686371,2,0.0803521461557566
6860,0.250205761316872,322.380401792167,2,0.068341126179392
6861,0.258823529411765,322.427373897962,2,0.0611113712816517
6862,0.267102396514161,322.474346003758,2,0.0569269204494861
6863,0.270878721859114,322.521318109553,2,0.0557815819324104
6864,0.271120793996611,322.568290215349,2,0.0557233459442126
6865,0.269377874606633,322.615262321145,2,0.0561830468654835
6866,0.268990559186638,322.66223442694,2,0.0562980519284335
6867,0.268990559186638,322.709206532736,2,0.0562980519284335
6868,0.267780198499153,322.756178638532,2,0.056688038573107
6869,0.264972161704188,322.803150744327,2,0.0577756669901864
6870,0.258290970709271,322.850122850123,2,0.0614665030674846
6871,0.249479544904382,322.897094955919,2,0.0691083971041419
6872,0.243766642459453,322.944067061714,2,0.0761546050377546
6873,0.23359961268458,322.99103916751,2,0.0941554843276387
6874,0.229048656499637,323.038011273305,2,0.105152831270497
6875,0.22720890825466,323.084983379101,2,0.110236649130746
6876,0.230743161462116,323.131955484897,2,0.100807606558253
6877,0.234471072379569,323.178927590692,2,0.0922824497898004
6878,0.24158799322198,323.225899696488,2,0.0793650628155821
6879,0.250980392156863,323.272871802284,2,0.0675520678514047
6880,0.259549745824256,323.319843908079,2,0.0606448822626495
6881,0.265892035826676,323.366816013875,2,0.0573907198490974
6882,0.268845315904139,323.413788119671,2,0.0563423961534468
6883,0.271895424836601,323.460760225466,2,0.0555490312003925
6884,0.272863713386589,323.507732331262,2,0.055356752794446
6885,0.271943839264101,323.554704437057,2,0.055538743285921
6886,0.268119099491649,323.601676542853,2,0.0565741395801327
6887,0.26322924231421,323.648648648649,2,0.0585838687249862
6888,0.258968772694263,323.695620754444,2,0.0610164418821853
6889,0.257080610021787,323.74259286024,2,0.0623155730490546
6890,0.253740014524328,323.789564966036,2,0.0649762345480552
6891,0.248656499636892,323.836537071831,2,0.0700110265986202
6892,0.24478334543694,323.883509177627,2,0.0747609061570933
6893,0.242798353909465,323.930481283422,2,0.0775428422984116
6894,0.242653110626967,323.977453389218,2,0.0777563386498185
6895,0.242265795206972,324.024425495014,2,0.0783324974261134
6896,0.241975308641975,324.071397600809,2,0.0787712082631837
6897,0.246090534979424,324.118369706605,2,0.0730614849567667
6898,0.247542967804406,324.165341812401,2,0.0712898571183561
6899,0.25117404986686,324.212313918196,2,0.0673594512123251
6900,0.253497942386831,324.259286023992,2,0.0651879992412632
6901,0.253546356814331,324.306258129788,2,0.0651454339046463
6902,0.254030501089325,324.353230235583,2,0.0647256040527563
6903,0.256548051319293,324.400202341379,2,0.0627080126560201
6904,0.259549745824256,324.447174447174,2,0.0606448822626495
6905,0.256983781166788,324.49414655297,2,0.0623860584744895
6906,0.259549745824256,324.541118658766,2,0.0606448822626495
6907,0.26158315177923,324.588090764561,2,0.059444833135666
6908,0.261873638344227,324.635062870357,2,0.0592858452196796
6909,0.259743403534253,324.682034976153,2,0.0605239066068414
6910,0.25756475429678,324.729007081948,2,0.061968872596152
6911,0.256983781166788,324.775979187744,2,0.0623860584744895
6912,0.256402808036795,324.82295129354,2,0.0628170763419162
6913,0.256741709029291,324.869923399335,2,0.06256395523375
6914,0.25761316872428,324.916895505131,2,0.0619347244324241
6915,0.256693294601791,324.963867610926,2,0.0625998241890591
6916,0.252335996126846,325.010839716722,2,0.0662418975144621
6917,0.247010409101912,325.057811822518,2,0.0719255745288499
6918,0.243863471314452,325.104783928313,2,0.0760190862417178
6919,0.240232389251997,325.151756034109,2,0.0815257970826447
6920,0.238005325587025,325.198728139905,2,0.0853677468474277
6921,0.234955216654563,325.2457002457,2,0.0912717534429559
6922,0.230549503752118,325.292672351496,2,0.101288551394094
6923,0.226240619704672,325.339644457292,2,0.113074852210779
6924,0.223384168482208,325.386616563087,2,0.122151452594429
6925,0.220430888404745,325.433588668883,2,0.132744501710814
6926,0.216170418784798,325.480560774678,2,0.150492039798842
6927,0.210699588477366,325.527532880474,2,0.178280087470078
6928,0.207601065117405,325.57450498627,2,0.196905730340275
6929,0.20396998305495,325.621477092065,2,0.221743236258308
6930,0.195691115952554,325.668449197861,2,0.292093608611324
6931,0.187412248850157,325.715421303657,2,0.383134697514332
6932,0.178939724037763,325.762393409452,2,0.495579675991364
6933,0.164221738077947,325.809365515248,1,0.705834508764147
6934,0.145291696925684,325.856337621044,1,0.900554881287509
6935,0.129847494553377,325.903309726839,1,0.968834402215564
6936,0.120067780198499,325.950281832635,1,0.986445427067535
6937,0.100992495763738,325.99725393843,1,0.997766114091361
6938,0.0890825465988865,326.044226044226,1,0.999350550957208
6939,0.0726700556765916,326.091198150022,1,0.999896359158748
6940,0.052239167271847,326.138170255817,1,0.999991471140776
6941,0.0310820624546115,326.185142361613,1,0.999999498989102
6942,0.0180585814572743,326.232114467409,1,0.999999922817412
6943,0.011280561607359,326.279086573204,1,0.999999971926201
6944,0.00769789397240378,326.326058679,1,0.999999983722231
6945,0.00343742435245703,326.373030784796,1,0.99999999156642
6946,0.00348583877995643,326.420002890591,1,0.999999991502676
6947,0.00392156862745098,326.466974996387,1,0.99999999090739
6948,0.00382473977245219,326.513947102182,1,0.999999991043098
6949,0.00348583877995643,326.560919207978,1,0.999999991502676
6950,0.0027596223674655,326.607891313774,1,0.999999992411286
6951,0.00319535221496006,326.654863419569,1,0.999999991878204
6952,0.00309852335996127,326.701835525365,1,0.999999991999739
6953,0.00624546114742193,326.748807631161,1,0.999999986976228
6954,0.00639070442992012,326.795779736956,1,0.99999998668179
6955,0.00687484870491406,326.842751842752,1,0.999999985652636
6956,0.00619704671992254,326.889723948547,1,0.999999987072954
6957,0.00547083030743161,326.936696054343,1,0.999999988442397
6958,0.00697167755991285,326.983668160139,1,0.999999985437684
6959,0.0100702009198741,327.030640265934,1,0.999999976628603
6960,0.0122488501573469,327.07761237173,1,0.999999967511031
6961,0.0319051077221012,327.124584477526,1,0.999999437933784
6962,0.0510288065843621,327.171556583321,1,0.999992698306136
6963,0.0909222948438635,327.218528689117,1,0.999209800324887
6964,0.127378358750908,327.265500794913,1,0.974579319332663
6965,0.157201646090535,327.312472900708,1,0.793178492256256
6966,0.1839748244977,327.359445006504,2,0.426757286355152
6967,0.200193657709998,327.406417112299,2,0.251349986085456
6968,0.21282982328734,327.453389218095,2,0.166730242879881
6969,0.21999515855725,327.500361323891,2,0.134420140757562
6970,0.224885015734689,327.547333429686,2,0.117247266994639
6971,0.230501089324619,327.594305535482,2,0.101409406618679
6972,0.234858387799564,327.641277641278,2,0.09147221352072
6973,0.236359235052046,327.688249747073,2,0.0884571297092742
6974,0.236504478334544,327.735221852869,2,0.0881755814414563
6975,0.233115468409586,327.782193958665,2,0.0952266709944955
6976,0.229726458484628,327.82916606446,2,0.103377223211992
6977,0.222173807794723,327.876138170256,2,0.126336297765794
6978,0.2080367949649,327.923110276051,2,0.194149095967265
6979,0.195691115952554,327.970082381847,2,0.292093608611324
6980,0.182522391672718,328.017054487643,2,0.446075745511671
6981,0.162624061970467,328.064026593438,1,0.727013267066723
6982,0.13357540547083,328.110998699234,1,0.957982573889706
6983,0.0975066569837812,328.15797080503,1,0.99843065841126
6984,0.074800290486565,328.204942910825,1,0.99986734480616
6985,0.0574679254417816,328.251915016621,1,0.999983471888112
6986,0.0439603001694505,328.298887122417,1,0.999997101035214
6987,0.0284192689421448,328.345859228212,1,0.999999655540441
6988,0.0200919874122489,328.392831334008,1,0.999999895986575
6989,0.0169934640522876,328.439803439803,1,0.999999934045426
6990,0.0156378600823045,328.486775545599,1,0.999999946055381
6991,0.014960058097313,328.533747651395,1,0.999999951232459
6992,0.0150568869523118,328.58071975719,1,0.999999950523684
6993,0.0129750665698378,328.627691862986,1,0.999999963762252
6994,0.0120551924473493,328.674663968782,1,0.99999996844506
6995,0.0100702009198741,328.721636074577,1,0.999999976628603
6996,0.00929557007988381,328.768608180373,1,0.999999979224969
6997,0.00813362381989833,328.815580286169,1,0.99999998259991
6998,0.00832728152989591,328.862552391964,1,0.999999982077187
6999,0.00910191236988623,328.90952449776,1,0.999999979828743
7000,0.0120067780198499,328.956496603555,1,0.999999968674444
7001,0.0117647058823529,329.003468709351,1,0.999999969797195
7002,0.0101186153473735,329.050440815147,1,0.999999976456218
7003,0.00973129992737836,329.097412920942,1,0.999999977801291
7004,0.00915032679738562,329.144385026738,1,0.999999979679424
7005,0.00774630839990317,329.191357132534,1,0.999999983601105
7006,0.00779472282740257,329.238329238329,1,0.9999999834791
7007,0.0083756959573953,329.285301344125,1,0.99999998194413
7008,0.00847252481239409,329.332273449921,1,0.999999981675119
7009,0.0207697893972404,329.379245555716,1,0.999999885170295
7010,0.0297748729121278,329.426217661512,1,0.999999582949153
7011,0.0455095618494311,329.473189767307,1,0.999996441878289
7012,0.0686032437666425,329.520161873103,1,0.999935761680251
7013,0.0995884773662551,329.567133978899,1,0.998060599654302
7014,0.129944323408376,329.614106084694,1,0.968587314673818
7015,0.157831033648027,329.66107819049,1,0.786005453341166
7016,0.177777777777778,329.708050296286,1,0.512089628269738
7017,0.198208666182522,329.755022402081,2,0.268561105816729
7018,0.206632776567417,329.801994507877,2,0.2031991426672
7019,0.218542725732268,329.848966613673,2,0.140228240558295
7020,0.227886710239651,329.895938719468,2,0.108317614625462
7021,0.233163882837085,329.942910825264,2,0.095118551296987
7022,0.234713144517066,329.989882931059,2,0.0917744728661634
7023,0.235342532074558,330.036855036855,2,0.0904782134887299
7024,0.235342532074558,330.083827142651,2,0.0904782134887299
7025,0.239748244977003,330.130799248446,2,0.0823293779985421
7026,0.236698136044541,330.177771354242,2,0.087802926067237
7027,0.233841684822077,330.224743460038,2,0.0936281586376835
7028,0.233212297264585,330.271715565833,2,0.0950106551902423
7029,0.235778261922053,330.318687671629,2,0.0896011652060519
7030,0.237375938029533,330.365659777425,2,0.0865229889336097
7031,0.235052045509562,330.41263188322,2,0.0910721265674738
7032,0.231663035584604,330.459603989016,2,0.0985763949396612
7033,0.228225611232147,330.506576094811,2,0.107378463323206
7034,0.22798353909465,330.553548200607,2,0.10804791444184
7035,0.228467683369644,330.600520306403,2,0.106715815797662
7036,0.230501089324619,330.647492412198,2,0.101409406618679
7037,0.234713144517066,330.694464517994,2,0.0917744728661634
7038,0.240522875816993,330.74143662379,2,0.0810518138176324
7039,0.246090534979424,330.788408729585,2,0.0730614849567667
7040,0.248946986201888,330.835380835381,2,0.0696883836758078
7041,0.246477850399419,330.882352941177,2,0.0725772892080152
7042,0.243427741466957,330.929325046972,2,0.0766336161802315
7043,0.23756959573953,330.976297152768,2,0.0861641559315227
7044,0.23282498184459,331.023269258563,2,0.0958801087115175
7045,0.228951827644638,331.070241364359,2,0.105410671172001
7046,0.221253933672234,331.117213470155,2,0.129660659589394
7047,0.210554345194868,331.16418557595,2,0.179103656710303
7048,0.203631082062455,331.211157681746,2,0.224238113646589
7049,0.19680464778504,331.258129787542,2,0.281447081645442
7050,0.184362139917695,331.305101893337,2,0.421689751455325
7051,0.168724279835391,331.352073999133,1,0.64315825090273
7052,0.153086419753086,331.399046104929,1,0.83644681283385
7053,0.134688937303316,331.446018210724,1,0.954159317133166
7054,0.111934156378601,331.49299031652,1,0.99354179656559
7055,0.0916969256838538,331.539962422315,1,0.999142260676487
7056,0.0814330670539821,331.586934528111,1,0.9997185908805
7057,0.0772210118615347,331.633906633907,1,0.999824942423944
7058,0.0798838053740015,331.680878739702,1,0.999763398137314
7059,0.0954248366013072,331.727850845498,1,0.998733293360756
7060,0.114209634471072,331.774822951294,1,0.992019572545267
7061,0.131929314935851,331.821795057089,1,0.963125956144368
7062,0.149406923263132,331.868767162885,1,0.869605209393746
7063,0.164124909222948,331.91573926868,1,0.707136584313261
7064,0.176954732510288,331.962711374476,1,0.523885324639344
7065,0.187944807552651,332.009683480272,2,0.376663048355442
7066,0.19520697167756,332.056655586067,2,0.29684115188278
7067,0.205228758169935,332.103627691863,2,0.212746011248215
7068,0.210021786492375,332.150599797659,2,0.182164027538428
7069,0.209005083514887,332.197571903454,2,0.188186986732833
7070,0.206632776567417,332.24454400925,2,0.2031991426672
7071,0.204066811909949,332.291516115046,2,0.221036120254001
7072,0.199467441297507,332.338488220841,2,0.257511517025426
7073,0.197191963205035,332.385460326637,2,0.277832675432045
7074,0.198547567175018,332.432432432432,2,0.265539737404248
7075,0.199951585572501,332.479404538228,2,0.253386646603887
7076,0.199612684580005,332.526376644024,2,0.256266816604328
7077,0.202033405954975,332.573348749819,2,0.236424692029266
7078,0.207601065117405,332.620320855615,2,0.196905730340275
7079,0.215056886952312,332.667292961411,2,0.155663061459966
7080,0.219559428709756,332.714265067206,2,0.13612620954286
7081,0.22643427741467,332.761237173002,2,0.112497931888846
7082,0.233357540547083,332.808209278798,2,0.0946883041306132
7083,0.24158799322198,332.855181384593,2,0.0793650628155821
7084,0.248511256354394,332.902153490389,2,0.0701740306141348
7085,0.25282014040184,332.949125596184,2,0.0657951720119266
7086,0.259840232389252,332.99609770198,2,0.0604639542891268
7087,0.266908738804164,333.043069807776,2,0.0569979051297586
7088,0.2719922536916,333.090041913571,2,0.0555285265295163
7089,0.270152505446623,333.137014019367,2,0.0559671147720961
7090,0.272331154684096,333.183986125163,2,0.0554589986433664
7091,0.272621641249092,333.230958230958,2,0.0554021679111591
7092,0.270249334301622,333.277930336754,2,0.0559414355034278
7093,0.264730089566691,333.32490244255,2,0.0578816982971116
7094,0.258484628419269,333.371874548345,2,0.0613360755604606
7095,0.252626482691842,333.418846654141,2,0.0659725471651424
7096,0.249043815056887,333.465818759936,2,0.0695818270564439
7097,0.241394335511983,333.512790865732,2,0.0796658491934731
7098,0.238053740014524,333.559762971528,2,0.0852801859498516
7099,0.235390946502058,333.606735077323,2,0.0903799482775462
7100,0.236213991769547,333.653707183119,2,0.0887404520640761
7101,0.239070442992012,333.700679288915,2,0.0834835046414098
7102,0.242072137496974,333.74765139471,2,0.0786243389695562
7103,0.248366013071895,333.794623500506,2,0.0703381638194343
7104,0.253933672234326,333.841595606301,2,0.0648087267591679
7105,0.260227547809247,333.888567712097,2,0.0602276946086266
7106,0.263132413459211,333.935539817893,2,0.0586318522866066
7107,0.266811909949165,333.982511923688,2,0.0570338554370318
7108,0.268361171629145,334.029484029484,2,0.0564950298615013
7109,0.267247639796659,334.07645613528,2,0.0568744813772799
7110,0.263664972161704,334.123428241075,2,0.0583719964941313
7111,0.259549745824256,334.170400346871,2,0.0606448822626495
7112,0.257274267731784,334.217372452667,2,0.062175750633853
7113,0.245073832001937,334.264344558462,2,0.0743744081219205
7114,0.238683127572016,334.311316664258,2,0.0841585607036125
7115,0.229193899782135,334.358288770053,2,0.104768045413651
7116,0.222125393367223,334.405260875849,2,0.126508115756086
7117,0.217235536189785,334.452232981645,2,0.145760416514495
7118,0.212345679012346,334.49920508744,2,0.169269906351782
7119,0.206100217864924,334.546177193236,2,0.206760843948855
7120,0.200096828854999,334.593149299032,2,0.252162595345132
7121,0.192350520455096,334.640121404827,2,0.326322039972935
7122,0.188186879690148,334.687093510623,2,0.373748101320301
7123,0.180440571290244,334.734065616419,2,0.474554895656705
7124,0.171725974340353,334.781037722214,1,0.599814834790067
7125,0.164124909222948,334.82800982801,1,0.707136584313261
7126,0.15923505204551,334.874981933805,1,0.769501121832309
7127,0.15521665456306,334.921954039601,1,0.814849740473393
7128,0.153038005325587,334.968926145397,1,0.836917300792759
7129,0.155265068990559,335.015898251192,1,0.814338710996063
7130,0.159864439603002,335.062870356988,1,0.761884591144732
7131,0.165141612200436,335.109842462784,1,0.693354660739787
7132,0.16640038731542,335.156814568579,1,0.675979307314192
7133,0.16480271120794,335.203786674375,1,0.69797515606377
7134,0.163689179375454,335.250758780171,1,0.712967285459059
7135,0.16717501815541,335.297730885966,1,0.665135379987123
7136,0.172258533042847,335.344702991762,1,0.592064788687141
7137,0.182086661825224,335.391675097557,2,0.451963445845315
7138,0.193367223432583,335.438647203353,2,0.315540521520798
7139,0.208375695957395,335.485619309149,2,0.192036863015894
7140,0.221786492374728,335.532591414944,2,0.127720569418076
7141,0.234035342532075,335.57956352074,2,0.0932102186133291
7142,0.242943597191963,335.626535626536,2,0.0773307323155565
7143,0.25436940208182,335.673507732331,2,0.0644379670661827
7144,0.266230936819172,335.720479838127,2,0.0572560016399583
7145,0.271943839264101,335.767451943923,2,0.055538743285921
7146,0.280416364076495,335.814424049718,2,0.0548114393841508
7147,0.285741951101428,335.861396155514,2,0.0554344860805444
7148,0.282885499878964,335.908368261309,2,0.0549959737117099
7149,0.27838295812152,335.955340367105,2,0.0547935346209335
7150,0.277027354151537,336.002312472901,2,0.0548487560467137
7151,0.273541515371581,336.049284578696,2,0.055238956350862
7152,0.269910433309126,336.096256684492,2,0.0560325857017192
7153,0.265165819414185,336.143228790288,2,0.0576922674783731
7154,0.265068990559187,336.190200896083,2,0.0577338091951798
7155,0.261776809489228,336.237173001879,2,0.0593385015718109
7156,0.25761316872428,336.284145107675,2,0.0619347244324241
7157,0.253933672234326,336.33111721347,2,0.0648087267591679
7158,0.251706608569354,336.378089319266,2,0.0668391854374558
7159,0.250060518034374,336.425061425061,2,0.0684924272467665
7160,0.248656499636892,336.472033530857,2,0.0700110265986202
7161,0.251900266279351,336.519005636653,2,0.0666533928919267
7162,0.25277172597434,336.565977742448,2,0.0658393521755488
7163,0.250254175744372,336.612949848244,2,0.0682909296606339
7164,0.245025417574437,336.65992195404,2,0.0744384687954004
7165,0.238876785282014,336.706894059835,2,0.0838196027153413
7166,0.23282498184459,336.753866165631,2,0.0958801087115175
7167,0.228467683369644,336.800838271427,2,0.106715815797662
7168,0.228128782377148,336.847810377222,2,0.107645423665523
7169,0.223045267489712,336.894782483018,2,0.123302023818497
7170,0.227789881384653,336.941754588813,2,0.108588418155211
7171,0.23442265795207,336.988726694609,2,0.0923846805071997
7172,0.240232389251997,337.035698800405,2,0.0815257970826447
7173,0.243524570321956,337.0826709062,2,0.0764960074496692
7174,0.244880174291939,337.129643011996,2,0.0746315034126891
7175,0.248172355361898,337.176615117792,2,0.0705587744130925
7176,0.253691600096829,337.223587223587,2,0.0650183754071306
7177,0.25199709513435,337.270559329383,2,0.0665611696060319
7178,0.25122246429436,337.317531435179,2,0.0673115843177589
7179,0.251077221011862,337.364503540974,2,0.0674555293546924
7180,0.251367707576858,337.41147564677,2,0.067168670161773
7181,0.251658194141854,337.458447752565,2,0.0668859150102743
7182,0.251270878721859,337.505419858361,2,0.0672638319652073
7183,0.250883563301864,337.552391964157,2,0.0676490681691137
7184,0.25122246429436,337.599364069952,2,0.0673115843177589
7185,0.251609779714355,337.646336175748,2,0.0669327575110186
7186,0.250786734446865,337.693308281544,2,0.0677465317820553
7187,0.251077221011862,337.740280387339,2,0.0674555293546924
7188,0.251851851851852,337.787252493135,2,0.0666996725186472
7189,0.252481239409344,337.834224598931,2,0.0661067274251692
7190,0.249527959331881,337.881196704726,2,0.0690564033694356
7191,0.244057129024449,337.928168810522,2,0.0757498235864392
7192,0.240232389251997,337.975140916317,2,0.0815257970826447
7193,0.226821592834665,338.022113022113,2,0.111358081965629
7194,0.218252239167272,338.069085127909,2,0.14143210648107
7195,0.206874848704914,338.116057233704,2,0.201603882713429
7196,0.197724521907528,338.1630293395,2,0.272937204486875
7197,0.194577584120068,338.210001445296,2,0.303120835637498
7198,0.196562575647543,338.256973551091,2,0.283729288673864
7199,0.203679496489954,338.303945656887,2,0.223879794755924
7200,0.210699588477366,338.350917762683,2,0.178280087470078
7201,0.216460905349794,338.397889868478,2,0.149181142730208
7202,0.222609537642217,338.444861974274,2,0.124805404166023
7203,0.228758169934641,338.491834080069,2,0.105929527694033
7204,0.232050351004599,338.538806185865,2,0.097662751963348
7205,0.236746550472041,338.585778291661,2,0.0877102494555576
7206,0.240668119099492,338.632750397456,2,0.0808170919517282
7207,0.244444444444444,338.679722503252,2,0.0752183394316098
7208,0.246332607116921,338.726694609048,2,0.0727578458043293
7209,0.249092229484386,338.773666714843,2,0.0695287336424959
7210,0.251609779714355,338.820638820639,2,0.0669327575110186
7211,0.2559670781893,338.867610926435,2,0.0631495553553344
7212,0.258823529411765,338.91458303223,2,0.0611113712816517
7213,0.258581457274268,338.961555138026,2,0.0612714152880305
7214,0.259114015976761,339.008527243821,2,0.0609223313841258
7215,0.258581457274268,339.055499349617,2,0.0612714152880305
7216,0.256644880174292,339.102471455413,2,0.0626357899887545
7217,0.254224158799322,339.149443561208,2,0.064560614775827
7218,0.256983781166788,339.196415667004,2,0.0623860584744895
7219,0.253546356814331,339.2433877728,2,0.0651454339046463
7220,0.245267489711934,339.290359878595,2,0.0741195797898723
7221,0.239312515129509,339.337331984391,2,0.0830673714371814
7222,0.236359235052046,339.384304090187,2,0.0884571297092742
7223,0.232970225127088,339.431276195982,2,0.0955523759331857
7224,0.23117889130961,339.478248301778,2,0.0997398360658665
7225,0.224691358024691,339.525220407573,2,0.117862909824404
7226,0.224207213749697,339.572192513369,2,0.119424015140406
7227,0.22236746550472,339.619164619165,2,0.125652473977403
7228,0.217961752602275,339.66613672496,2,0.142650416107234
7229,0.210796417332365,339.713108830756,2,0.177733657043828
7230,0.203824739772452,339.760080936552,2,0.222808658092284
7231,0.198644396030017,339.807053042347,2,0.264682803020073
7232,0.19598160251755,339.854025148143,2,0.289279647504721
7233,0.189445654805132,339.900997253938,2,0.358864334171487
7234,0.186831275720165,339.947969359734,2,0.390285582349047
7235,0.188574195110143,339.99494146553,2,0.369119283533192
7236,0.195013313967562,340.041913571325,2,0.29876036294346
7237,0.201355603969983,340.088885677121,2,0.241810672694389
7238,0.20721374969741,340.135857782917,2,0.19939514374778
7239,0.214960058097313,340.182829888712,2,0.156123852288356
7240,0.222900024207214,340.229801994508,2,0.123800122315599
7241,0.22720890825466,340.276774100304,2,0.110236649130746
7242,0.232389251997095,340.323746206099,2,0.0968755916610995
7243,0.23756959573953,340.370718311895,2,0.0861641559315227
7244,0.242023723069475,340.41769041769,2,0.0786976943335032
7245,0.246332607116921,340.464662523486,2,0.0727578458043293
7246,0.248075526506899,340.511634629282,2,0.0706698405133944
7247,0.250447833454369,340.558606735077,2,0.068091324340494
7248,0.253110626966836,340.605578840873,2,0.0655323701354869
7249,0.257274267731784,340.652550946669,2,0.062175750633853
7250,0.26482691842169,340.699523052464,2,0.0578390476524881
7251,0.273541515371581,340.74649515826,2,0.055238956350862
7252,0.280464778503994,340.793467264056,2,0.0548133389858445
7253,0.285693536673929,340.840439369851,2,0.0554250182381757
7254,0.289663519728879,340.887411475647,2,0.0564399161351125
7255,0.28956669087388,340.934383581442,2,0.0564093237099343
7256,0.286661825223917,340.981355687238,2,0.0556278646017586
7257,0.28317598644396,341.028327793034,2,0.0550294818643578
7258,0.28322440087146,341.075299898829,2,0.0550353091708846
7259,0.282304526748971,341.122272004625,2,0.0549364307369062
7260,0.279351246671508,341.169244110421,2,0.0547869897768659
7261,0.275574921326555,341.216216216216,2,0.0549677227786683
7262,0.271943839264101,341.263188322012,2,0.055538743285921
7263,0.269329460179133,341.310160427808,2,0.0561971648797361
7264,0.268167513919148,341.357132533603,2,0.0565581681621133
7265,0.265504720406681,341.404104639399,2,0.057549351971851
7266,0.266521423384169,341.451076745194,2,0.0571435444378849
7267,0.266811909949165,341.49804885099,2,0.0570338554370318
7268,0.265262648269184,341.545020956786,2,0.0576510412402126
7269,0.264100702009199,341.591993062581,2,0.0581667119415977
7270,0.265020576131687,341.638965168377,2,0.0577546985452514
7271,0.267489711934156,341.685937274173,2,0.0567886006505035
7272,0.269377874606633,341.732909379968,2,0.0561830468654835
7273,0.275720164609054,341.779881485764,2,0.0549530332592936
7274,0.284047446138949,341.826853591559,2,0.0551450051767817
7275,0.292277898813847,341.873825697355,2,0.0573798984885144
7276,0.295715323166304,341.920797803151,2,0.0589629970832261
7277,0.297942386831276,341.967769908946,2,0.0602115118646108
7278,0.300072621641249,342.014742014742,2,0.0615800193312951
7279,0.300314693778746,342.061714120538,2,0.0617467439181777
7280,0.298862260953764,342.108686226333,2,0.0607809967916769
7281,0.303461631566207,342.155658332129,2,0.0641332221163818
7282,0.305688695231179,342.202630437925,2,0.0660818265266611
7283,0.307722101186153,342.24960254372,2,0.0680637745141795
7284,0.308884047446139,342.296574649516,2,0.0692884425627851
7285,0.310675381263617,342.343546755311,2,0.0713152641639714
7286,0.30956184943113,342.390518861107,2,0.0700351307149591
7287,0.305882352941176,342.437490966903,2,0.0662620292299462
7288,0.301718712176229,342.484463072698,2,0.062760433032707
7289,0.293246187363834,342.531435178494,2,0.057785021958872
7290,0.287678528201404,342.57840728429,2,0.0558716326202811
7291,0.277705156136529,342.625379390085,2,0.0548144229955756
7292,0.267731784071653,342.672351495881,2,0.0567046104238117
7293,0.259307673686759,342.719323601677,2,0.0607981191818583
7294,0.250012103606875,342.766295707472,2,0.0685430987470372
7295,0.239360929557008,342.813267813268,2,0.0829846734208572
7296,0.230162188332123,342.860239919063,2,0.102262379875691
7297,0.227112079399661,342.907212024859,2,0.110515296178715
7298,0.227886710239651,342.954184130655,2,0.108317614625462
7299,0.231420963447107,343.00115623645,2,0.099155120183628
7300,0.238634713144517,343.048128342246,2,0.0842437495714026
7301,0.246865165819414,343.095100448042,2,0.0721017157252271
7302,0.255434519486807,343.142072553837,2,0.0635668069502091
7303,0.262551440329218,343.189044659633,2,0.0589266890529711
7304,0.267780198499153,343.236016765429,2,0.056688038573107
7305,0.274751876059066,343.282988871224,2,0.0550627309581323
7306,0.277366255144033,343.32996097702,2,0.0548299076686021
7307,0.281433067053982,343.376933082815,2,0.0548657451010555
7308,0.285741951101428,343.423905188611,2,0.0554344860805444
7309,0.289518276446381,343.470877294407,2,0.0563941389167006
7310,0.29121278140886,343.517849400202,2,0.05697016366526
7311,0.290631808278867,343.564821505998,2,0.0567622763449166
7312,0.288307915758896,343.611793611794,2,0.0560384999564686
7313,0.288549987896393,343.658765717589,2,0.0561059563028537
7314,0.282837085451465,343.705737823385,2,0.0549906314495426
7315,0.27518760590656,343.752709929181,2,0.055009938040742
7316,0.267441297506657,343.799682034976,2,0.0568056253119507
7317,0.259888646816751,343.846654140772,2,0.0604341116217466
7318,0.252965383684338,343.893626246567,2,0.065663283687097
7319,0.246187363834423,343.940598352363,2,0.072939621166493
7320,0.241152263374486,343.987570458159,2,0.0800454876774206
7321,0.242701525054466,344.034542563954,2,0.0776850186951542
7322,0.245654805131929,344.08151466975,2,0.0736166608170716
7323,0.249285887194384,344.128486775546,2,0.0693175878890811
7324,0.252529653836843,344.175458881341,2,0.0660618909166698
7325,0.255289276204309,344.222430987137,2,0.0636827041983964
7326,0.257467925441782,344.269403092933,2,0.0620374525654628
7327,0.260614863229242,344.316375198728,2,0.059997072873532
7328,0.262357782619221,344.363347304524,2,0.0590276272003758
7329,0.264923747276688,344.410319410319,2,0.0577967146056683
7330,0.267441297506657,344.457291516115,2,0.0568056253119507
7331,0.269232631324135,344.504263621911,2,0.0562256214688246
7332,0.270152505446623,344.551235727706,2,0.0559671147720961
7333,0.270491406439119,344.598207833502,2,0.0558785068862967
7334,0.271314451706609,344.645179939298,2,0.0556780500665713
7335,0.271798595981602,344.692152045093,2,0.0555698206500206
7336,0.271653352699104,344.739124150889,2,0.0556015394322143
7337,0.271411280561607,344.786096256685,2,0.0556558322081668
7338,0.269813604454127,344.83306836248,2,0.056059284157144
7339,0.267780198499153,344.880040468276,2,0.056688038573107
7340,0.264197530864198,344.927012574071,2,0.0581219816783914
7341,0.25998547567175,344.973984679867,2,0.0603746927223037
7342,0.25761316872428,345.020956785663,2,0.0619347244324241
7343,0.256741709029291,345.067928891458,2,0.06256395523375
7344,0.258000484144275,345.114900997254,2,0.0616649262154721
7345,0.258145727426773,345.16187310305,2,0.0615652960825882
7346,0.258629871701767,345.208845208845,2,0.0612392231038171
7347,0.259598160251755,345.255817314641,2,0.0606145041940849
7348,0.26003389009925,345.302789420437,2,0.0603451162722211
7349,0.26080852093924,345.349761526232,2,0.0598838592859507
7350,0.261776809489228,345.396733632028,2,0.0593385015718109
7351,0.263277656741709,345.443705737823,2,0.0585600001310527
7352,0.263955458726701,345.490677843619,2,0.0582344119199003
7353,0.260711692084241,345.537649949415,2,0.0599402920024758
7354,0.261437908496732,345.58462205521,2,0.0595254763671946
7355,0.263616557734205,345.631594161006,2,0.0583952114149126
7356,0.26560154926168,345.678566266802,2,0.0575092252554654
7357,0.265068990559187,345.725538372597,2,0.0577338091951798
7358,0.263568143306705,345.772510478393,2,0.0584185077471392
7359,0.265940450254176,345.819482584189,2,0.0573712416003123
7360,0.269087388041636,345.866454689984,2,0.0562688585180238
7361,0.269910433309126,345.91342679578,2,0.0560325857017192
7362,0.270733478576616,345.960398901575,2,0.0558173874538348
7363,0.271023965141612,346.007371007371,2,0.0557464246080203
7364,0.269523117889131,346.054343113167,2,0.0561411333398333
7365,0.267247639796659,346.101315218962,2,0.0568744813772799
7366,0.264730089566691,346.148287324758,2,0.0578816982971116
7367,0.263132413459211,346.195259430554,2,0.0586318522866066
7368,0.262745098039216,346.242231536349,2,0.0588270843672402
7369,0.261147421931736,346.289203642145,2,0.0596890746200931
7370,0.260372791091745,346.336175747941,2,0.0601405536954593
7371,0.260711692084241,346.383147853736,2,0.0599402920024758
7372,0.262309368191721,346.430119959532,2,0.0590530707772984
7373,0.263422900024207,346.477092065327,2,0.0584888860584266
7374,0.264584846284193,346.524064171123,2,0.0579462711090871
7375,0.266666666666667,346.571036276919,2,0.0570883548076716
7376,0.269910433309126,346.618008382714,2,0.0560325857017192
7377,0.270975550714113,346.66498048851,2,0.0557580717642087
7378,0.273347857661583,346.711952594306,2,0.0552712071150049
7379,0.275332849189058,346.758924700101,2,0.0549935882223301
7380,0.276688453159041,346.805896805897,2,0.0548709713943713
7381,0.275768579036553,346.852868911692,2,0.0549482749385631
7382,0.275284434761559,346.899841017488,2,0.0549989689114024
7383,0.275623335754055,346.946813123284,2,0.0549627571621458
7384,0.276543209876543,346.993785229079,2,0.0548815238955667
7385,0.268603243766642,347.040757334875,2,0.0564177843552316
7386,0.266473008956669,347.087729440671,2,0.0571620946801541
7387,0.2640038731542,347.134701546466,2,0.0582117645407236
7388,0.261002178649237,347.181673652262,2,0.0597720350184377
7389,0.260421205519245,347.228645758058,2,0.0601116824095453
7390,0.260324376664246,347.275617863853,2,0.0601695127531531
7391,0.25843621399177,347.322589969649,2,0.0613685438871459
7392,0.256499636891794,347.369562075444,2,0.062744269791912
7393,0.259017187121762,347.41653418124,2,0.0609849808816817
7394,0.25916243040426,347.463506287036,2,0.0608911426564739
7395,0.260372791091745,347.510478392831,2,0.0601405536954593
7396,0.263422900024207,347.557450498627,2,0.0584888860584266
7397,0.266085693536674,347.604422604423,2,0.0573132728510419
7398,0.266521423384169,347.651394710218,2,0.0571435444378849
7399,0.267538126361656,347.698366816014,2,0.0567716516085031
7400,0.26797385620915,347.74533892181,2,0.0566225031707804
7401,0.270539820866618,347.792311027605,2,0.0558661384415212
7402,0.271072379569112,347.839283133401,2,0.0557348493484188
7403,0.27116920842411,347.886255239196,2,0.0557119143544689
7404,0.270297748729121,347.933227344992,2,0.055928704778528
7405,0.268893730331639,347.980199450788,2,0.0563275407936952
7406,0.267053982086662,348.027171556583,2,0.0569445522875601
7407,0.266134107964173,348.074143662379,2,0.05729410503516
7408,0.265746792544178,348.121115768175,2,0.0574496215742684
7409,0.268409586056645,348.16808787397,2,0.0564794318467619
7410,0.269668361171629,348.215059979766,2,0.0560998795453606
7411,0.270200919874122,348.262032085562,2,0.0559542388194068
7412,0.270442992011619,348.309004191357,2,0.0558909476979354
7413,0.270733478576616,348.355976297153,2,0.0558173874538348
7414,0.272427983539095,348.402948402948,2,0.0554397719292978
7415,0.272621641249092,348.449920508744,2,0.0554021679111591
7416,0.271847010409102,348.49689261454,2,0.0555593903094879
7417,0.275090777051561,348.543864720335,2,0.0550211843014848
7418,0.272621641249092,348.590836826131,2,0.0554021679111591
7419,0.271072379569112,348.637808931927,2,0.0557348493484188
7420,0.270249334301622,348.684781037722,2,0.0559414355034278
7421,0.267731784071653,348.731753143518,2,0.0567046104238117
7422,0.263519728879206,348.778725249314,2,0.0584418855752506
7423,0.262938755749213,348.825697355109,2,0.0587288073494368
7424,0.264584846284193,348.872669460905,2,0.0579462711090871
7425,0.269765190026628,348.9196415667,2,0.0560727428778641
7426,0.271120793996611,348.966613672496,2,0.0557233459442126
7427,0.273444686516582,349.013585778292,2,0.0552549414313996
7428,0.275090777051561,349.060557884087,2,0.0550211843014848
7429,0.277656741709029,349.107529989883,2,0.0548164292585348
7430,0.280271120793997,349.154502095679,2,0.0548061520382545
7431,0.280706850641491,349.201474201474,2,0.0548238659498088
7432,0.279980634229,349.24844630727,2,0.0547974283795404
7433,0.281433067053982,349.295418413066,2,0.0548657451010555
7434,0.276640038731542,349.342390518861,2,0.0548744200872066
7435,0.272573226821593,349.389362624657,2,0.0554114628233572
7436,0.273105785524086,349.436334730452,2,0.0553131004863519
7437,0.274606632776567,349.483306836248,2,0.0550815782867877
7438,0.275865407891552,349.530278942044,2,0.054938965474329
7439,0.277995642701525,349.577251047839,2,0.0548038256049447
7440,0.280513192931494,349.624223153635,2,0.054815307175055
7441,0.282449770031469,349.671195259431,2,0.0549503835365223
7442,0.283272815298959,349.718167365226,2,0.055041205850002
7443,0.283805374001452,349.765139471022,2,0.0551106540576427
7444,0.281287823771484,349.812111576817,2,0.0548561325226619
7445,0.287000726216412,349.859083682613,2,0.0557056000194294
