"y","mean_gray","position..mm.","facies_class","facies_prob"
532,0.0672268907563025,25.1409163173869,1,0.999913855219527
533,0.13109243697479,25.1878884231826,1,0.958139527589285
534,0.157983193277311,25.2348605289782,1,0.757416891272327
535,0.165266106442577,25.2818326347738,1,0.660012677465136
536,0.171988795518207,25.3288047405695,1,0.5619337783019
537,0.17703081232493,25.3757768463651,2,0.4883988625116
538,0.179831932773109,25.4227489521607,2,0.448962707619833
539,0.179271708683473,25.4697210579564,2,0.456734210126227
540,0.179831932773109,25.516693163752,2,0.448962707619833
541,0.180952380952381,25.5636652695476,2,0.433617379001415
542,0.185994397759104,25.6106373753433,2,0.368378230353302
543,0.19327731092437,25.6576094811389,2,0.28720783559683
544,0.197759103641457,25.7045815869345,2,0.245467823198574
545,0.204481792717087,25.7515536927302,2,0.193973798714683
546,0.201680672268908,25.7985257985258,2,0.213892083946832
547,0.2,25.8454979043214,2,0.226879842506765
548,0.201680672268908,25.8924700101171,2,0.213892083946832
549,0.2,25.9394421159127,2,0.226879842506765
550,0.185994397759104,25.9864142217084,2,0.368378230353302
551,0.172549019607843,26.033386327504,1,0.553677353559913
552,0.16750700280112,26.0803584332996,1,0.627765721614619
553,0.155182072829132,26.1273305390953,1,0.790616228598516
554,0.155742296918768,26.1743026448909,1,0.784198748270018
555,0.151820728291317,26.2212747506865,1,0.8266523430477
556,0.146218487394958,26.2682468564822,1,0.876978994791982
557,0.14733893557423,26.3152189622778,1,0.867889067039541
558,0.15406162464986,26.3621910680734,1,0.80310405547129
559,0.157983193277311,26.4091631738691,1,0.757416891272327
560,0.155182072829132,26.4561352796647,1,0.790616228598516
561,0.155182072829132,26.5031073854603,1,0.790616228598516
562,0.163025210084034,26.550079491256,1,0.691395748890989
563,0.160224089635854,26.5970515970516,1,0.728975144265132
564,0.145098039215686,26.6440237028472,1,0.885591725311595
565,0.140056022408964,26.6909958086429,1,0.918721880456213
566,0.14453781512605,26.7379679144385,1,0.889721867036949
567,0.142857142857143,26.7849400202342,1,0.901423134534888
568,0.130532212885154,26.8319121260298,1,0.959925923748295
569,0.12156862745098,26.8788842318254,1,0.980654941080305
570,0.116526610644258,26.9258563376211,1,0.987453786142387
571,0.114285714285714,26.9728284434167,1,0.98970196299247
572,0.116526610644258,27.0198005492123,1,0.987453786142387
573,0.120448179271709,27.066772655008,1,0.982405364515094
574,0.12436974789916,27.1137447608036,1,0.975566325724271
575,0.130532212885154,27.1607168665992,1,0.959925923748295
576,0.136694677871148,27.2076889723949,1,0.936124976296944
577,0.145098039215686,27.2546610781905,1,0.885591725311595
578,0.143417366946779,27.3016331839861,1,0.897636134770591
579,0.139495798319328,27.3486052897818,1,0.921866881517767
580,0.136134453781513,27.3955773955774,1,0.938697569226325
581,0.138935574229692,27.442549501373,1,0.924911400696496
582,0.14733893557423,27.4895216071687,1,0.867889067039541
583,0.159663865546219,27.5364937129643,1,0.73623113845201
584,0.16750700280112,27.58346581876,1,0.627765721614619
585,0.166946778711485,27.6304379245556,1,0.635891746488081
586,0.171428571428571,27.6774100303512,1,0.570195788935526
587,0.168067226890756,27.7243821361469,1,0.619605066272177
588,0.157422969187675,27.7713542419425,1,0.764274672013443
589,0.148459383753501,27.8183263477381,1,0.858314971887361
590,0.145098039215686,27.8652984535338,1,0.885591725311595
591,0.142857142857143,27.9122705593294,1,0.901423134534888
592,0.140056022408964,27.959242665125,1,0.918721880456213
593,0.151820728291317,28.0062147709207,1,0.8266523430477
594,0.163025210084034,28.0531868767163,1,0.691395748890989
595,0.173109243697479,28.1001589825119,1,0.545431418039036
596,0.178711484593838,28.1471310883076,2,0.464567172896873
597,0.177591036414566,28.1941031941032,2,0.480403245805706
598,0.173669467787115,28.2410752998988,1,0.537200808450106
599,0.173669467787115,28.2880474056945,1,0.537200808450106
600,0.174789915966387,28.3350195114901,1,0.520804516967559
601,0.171428571428571,28.3819916172857,1,0.570195788935526
602,0.168627450980392,28.4289637230814,1,0.611414788809156
603,0.172549019607843,28.475935828877,1,0.553677353559913
604,0.183193277310924,28.5229079346727,2,0.403801430707186
605,0.196078431372549,28.5698800404683,2,0.260394763976012
606,0.198879551820728,28.6168521462639,2,0.235988936316761
607,0.191036414565826,28.6638242520596,2,0.310428378858948
608,0.182072829131653,28.7107963578552,2,0.418556167060312
609,0.188235294117647,28.7577684636508,2,0.341664516405858
610,0.184873949579832,28.8047405694465,2,0.382286349026419
611,0.184873949579832,28.8517126752421,2,0.382286349026419
612,0.18375350140056,28.8986847810377,2,0.396545252639417
613,0.179831932773109,28.9456568868334,2,0.448962707619833
614,0.171988795518207,28.992628992629,1,0.5619337783019
615,0.169747899159664,29.0396010984246,1,0.594965540822835
616,0.172549019607843,29.0865732042203,1,0.553677353559913
617,0.175350140056022,29.1335453100159,1,0.512648081379669
618,0.171988795518207,29.1805174158115,1,0.5619337783019
619,0.1703081232493,29.2274895216072,1,0.586716688862596
620,0.168627450980392,29.2744616274028,1,0.611414788809156
621,0.169747899159664,29.3214337331985,1,0.594965540822835
622,0.168067226890756,29.3684058389941,1,0.619605066272177
623,0.164145658263305,29.4153779447897,1,0.675830840677035
624,0.163585434173669,29.4623500505854,1,0.68364719151985
625,0.166386554621849,29.509322156381,1,0.643978175714878
626,0.15406162464986,29.5562942621766,1,0.80310405547129
627,0.142296918767507,29.6032663679723,1,0.905098777843182
628,0.137254901960784,29.6502384737679,1,0.933462150366168
629,0.13781512605042,29.6972105795635,1,0.930706994374606
630,0.143977591036415,29.7441826853592,1,0.893736206995536
631,0.150140056022409,29.7911547911548,1,0.843036248399704
632,0.15406162464986,29.8381268969504,1,0.80310405547129
633,0.151260504201681,29.8850990027461,1,0.832236241432969
634,0.152941176470588,29.9320711085417,1,0.81511913389232
635,0.151260504201681,29.9790432143373,1,0.832236241432969
636,0.146218487394958,30.026015320133,1,0.876978994791982
637,0.141736694677871,30.0729874259286,1,0.908664716510222
638,0.137254901960784,30.1199595317243,1,0.933462150366168
639,0.133893557422969,30.1669316375199,1,0.94812792128827
640,0.131652661064426,30.2139037433155,1,0.956283906091353
641,0.138375350140056,30.2608758491112,1,0.927857429563961
642,0.134453781512605,30.3078479549068,1,0.945895092472556
643,0.130532212885154,30.3548200607024,1,0.959925923748295
644,0.129971988795518,30.4017921664981,1,0.961645119791548
645,0.133333333333333,30.4487642722937,1,0.950281111718887
646,0.139495798319328,30.4957363780893,1,0.921866881517767
647,0.140616246498599,30.542708483885,1,0.915474446551335
648,0.143977591036415,30.5896805896806,1,0.893736206995536
649,0.153501400560224,30.6366526954762,1,0.809171331637421
650,0.165826330532213,30.6836248012719,1,0.652020099832657
651,0.175910364145658,30.7305969070675,1,0.504525445493931
652,0.180392156862745,30.7775690128631,2,0.44125602918874
653,0.19047619047619,30.8245411186588,2,0.316480121128861
654,0.197198879551821,30.8715132244544,2,0.250348189798963
655,0.191036414565826,30.91848533025,2,0.310428378858948
656,0.176470588235294,30.9654574360457,2,0.496440962449082
657,0.171428571428571,31.0124295418413,1,0.570195788935526
658,0.159663865546219,31.059401647637,1,0.73623113845201
659,0.15406162464986,31.1063737534326,1,0.80310405547129
660,0.158543417366947,31.1533458592282,1,0.750455124642864
661,0.163585434173669,31.2003179650239,1,0.68364719151985
662,0.159663865546218,31.2472900708195,1,0.736231138452011
663,0.153501400560224,31.2942621766151,1,0.809171331637421
664,0.147899159663866,31.3412342824108,1,0.863162892488902
665,0.164705882352941,31.3882063882064,1,0.667951147452568
666,0.162464985994398,31.435178494002,1,0.699072186773792
667,0.159103641456583,31.4821505997977,1,0.74339220057081
668,0.161344537815126,31.5291227055933,1,0.714192084829139
669,0.165826330532213,31.5760948113889,1,0.652020099832657
670,0.168067226890756,31.6230669171846,1,0.619605066272177
671,0.163585434173669,31.6700390229802,1,0.68364719151985
672,0.157983193277311,31.7170111287758,1,0.757416891272327
673,0.166386554621849,31.7639832345715,1,0.643978175714878
674,0.170868347338936,31.8109553403671,1,0.578458426679693
675,0.176470588235294,31.8579274461628,2,0.496440962449082
676,0.182072829131653,31.9048995519584,2,0.418556167060312
677,0.187675070028011,31.951871657754,2,0.348201890249528
678,0.198319327731092,31.9988437635497,2,0.240681691881796
679,0.210084033613445,32.0458158693453,2,0.160061413933855
680,0.217927170868347,32.0927879751409,2,0.123764470037187
681,0.224649859943978,32.1397600809366,2,0.100773915821301
682,0.214005602240896,32.1867321867322,2,0.140458594489107
683,0.205042016806723,32.2337042925278,2,0.190238569316353
684,0.199439775910364,32.2806763983235,2,0.231388641743967
685,0.195518207282913,32.3276485041191,2,0.265562373774198
686,0.188795518207283,32.3746206099147,2,0.335222902234861
687,0.177591036414566,32.4215927157104,2,0.480403245805706
688,0.171428571428571,32.468564821506,1,0.570195788935526
689,0.158543417366947,32.5155369273016,1,0.750455124642864
690,0.156302521008403,32.5625090330973,1,0.777667937464859
691,0.149019607843137,32.6094811388929,1,0.85334478030418
692,0.142857142857143,32.6564532446885,1,0.901423134534888
693,0.148459383753501,32.7034253504842,1,0.858314971887361
694,0.157983193277311,32.7503974562798,1,0.757416891272327
695,0.156302521008403,32.7973695620755,1,0.777667937464859
696,0.145658263305322,32.8443416678711,1,0.88134449409073
697,0.161904761904762,32.8913137736667,1,0.706672314231835
698,0.165826330532213,32.9382858794624,1,0.652020099832657
699,0.1703081232493,32.985257985258,1,0.586716688862596
700,0.174229691876751,33.0322300910536,1,0.528990284162005
701,0.171428571428571,33.0792021968493,1,0.570195788935526
702,0.165826330532213,33.1261743026449,1,0.652020099832657
703,0.163025210084034,33.1731464084405,1,0.691395748890989
704,0.161344537815126,33.2201185142362,1,0.714192084829139
705,0.158543417366947,33.2670906200318,1,0.750455124642864
706,0.165266106442577,33.3140627258274,1,0.660012677465136
707,0.173109243697479,33.3610348316231,1,0.545431418039036
708,0.175350140056022,33.4080069374187,1,0.512648081379669
709,0.174789915966387,33.4549790432144,1,0.520804516967559
710,0.179271708683473,33.50195114901,2,0.456734210126227
711,0.198319327731092,33.5489232548056,2,0.240681691881796
712,0.219047619047619,33.5958953606013,2,0.119471641598086
713,0.222408963585434,33.6428674663969,2,0.10773234026735
714,0.230812324929972,33.6898395721925,2,0.0846906855666082
715,0.235294117647059,33.7368116779882,2,0.075349574733778
716,0.230812324929972,33.7837837837838,2,0.0846906855666082
717,0.221848739495798,33.8307558895794,2,0.109576306533017
718,0.211204481792717,33.8777279953751,2,0.154138944784335
719,0.200560224089636,33.9247001011707,2,0.222461526248395
720,0.191036414565826,33.9716722069663,2,0.310428378858948
721,0.174789915966387,34.018644312762,1,0.520804516967559
722,0.179831932773109,34.0656164185576,2,0.448962707619833
723,0.176470588235294,34.1125885243532,2,0.496440962449082
724,0.176470588235294,34.1595606301489,2,0.496440962449082
725,0.186554621848739,34.2065327359445,2,0.361559928600192
726,0.194397759103641,34.2535048417401,2,0.276189198420622
727,0.198319327731092,34.3004769475358,2,0.240681691881796
728,0.20952380952381,34.3474490533314,2,0.163124282487767
729,0.201120448179272,34.3944211591271,2,0.218132637970216
730,0.207843137254902,34.4413932649227,2,0.172735047998205
731,0.219607843137255,34.4883653707183,2,0.117399078427169
732,0.227450980392157,34.535337476514,2,0.0929463469686119
733,0.230812324929972,34.5823095823096,2,0.0846906855666082
734,0.23249299719888,34.6292816881052,2,0.0809800016654873
735,0.236974789915966,34.6762537939009,2,0.0722765182168223
736,0.239775910364146,34.7232258996965,2,0.0676148007359003
737,0.234173669467787,34.7701980054921,2,0.0775224638794723
738,0.236414565826331,34.8171701112878,2,0.0732767948397886
739,0.234173669467787,34.8641422170834,2,0.0775224638794723
740,0.230812324929972,34.911114322879,2,0.0846906855666082
741,0.224089635854342,34.9580864286747,2,0.102452795616784
742,0.222408963585434,35.0050585344703,2,0.10773234026735
743,0.221848739495798,35.0520306402659,2,0.109576306533017
744,0.225210084033613,35.0990027460616,2,0.0991339919636356
745,0.231932773109244,35.1459748518572,2,0.0821878879586631
746,0.238095238095238,35.1929469576529,2,0.0703454580298313
747,0.246498599439776,35.2399190634485,2,0.0584464487377993
748,0.253781512605042,35.2868911692441,2,0.0510996559514405
749,0.253781512605042,35.3338632750398,2,0.0510996559514405
750,0.246498599439776,35.3808353808354,2,0.0584464487377993
751,0.231372549019608,35.427807486631,2,0.083424555748535
752,0.219607843137255,35.4747795924267,2,0.117399078427169
753,0.199439775910364,35.5217516982223,2,0.231388641743967
754,0.197198879551821,35.5687238040179,2,0.250348189798963
755,0.193837535014006,35.6156959098136,2,0.281649358290742
756,0.19047619047619,35.6626680156092,2,0.316480121128861
757,0.184873949579832,35.7096401214048,2,0.382286349026419
758,0.172549019607843,35.7566122272005,1,0.553677353559913
759,0.157983193277311,35.8035843329961,1,0.757416891272327
760,0.14733893557423,35.8505564387917,1,0.867889067039541
761,0.120448179271709,35.8975285445874,1,0.982405364515094
762,0.102521008403361,35.944500650383,1,0.996517985283779
763,0.106442577030812,35.9914727561787,1,0.994958383892313
764,0.113165266106443,36.0384448619743,1,0.990680596171965
765,0.107002801120448,36.0854169677699,1,0.994688342447919
766,0.114285714285714,36.1323890735656,1,0.98970196299247
767,0.126610644257703,36.1793611793612,1,0.970659099954923
768,0.113165266106443,36.2263332851568,1,0.990680596171965
769,0.120448179271709,36.2733053909525,1,0.982405364515094
770,0.117086834733894,36.3202774967481,1,0.986825125241773
771,0.111484593837535,36.3672496025437,1,0.9919880294298
772,0.107002801120448,36.4142217083394,1,0.994688342447919
773,0.104761904761905,36.461193814135,1,0.995693411791503
774,0.107563025210084,36.5081659199306,1,0.99440482067595
775,0.114285714285714,36.5551380257263,1,0.98970196299247
776,0.120448179271709,36.6021101315219,1,0.982405364515094
777,0.110364145658263,36.6490822373175,1,0.992762668254577
778,0.131652661064426,36.6960543431132,1,0.956283906091353
779,0.13781512605042,36.7430264489088,1,0.930706994374606
780,0.13109243697479,36.7899985547044,1,0.958139527589285
781,0.135014005602241,36.8369706605001,1,0.9435805062457
782,0.159103641456583,36.8839427662957,1,0.74339220057081
783,0.173669467787115,36.9309148720914,1,0.537200808450106
784,0.169187675070028,36.977886977887,1,0.603199928093532
785,0.185994397759104,37.0248590836826,2,0.368378230353302
786,0.189915966386555,37.0718311894783,2,0.322630090110826
787,0.193837535014006,37.1188032952739,2,0.281649358290742
788,0.196638655462185,37.1657754010695,2,0.255323591529754
789,0.194397759103641,37.2127475068652,2,0.276189198420622
790,0.188795518207283,37.2597196126608,2,0.335222902234861
791,0.178151260504202,37.3066917184564,2,0.472458075704991
792,0.171988795518207,37.3536638242521,1,0.5619337783019
793,0.143977591036415,37.4006359300477,1,0.893736206995536
794,0.142296918767507,37.4476080358433,1,0.905098777843182
795,0.13781512605042,37.494580141639,1,0.930706994374606
796,0.133333333333333,37.5415522474346,1,0.950281111718887
797,0.130532212885154,37.5885243532302,1,0.959925923748295
798,0.132773109243697,37.6354964590259,1,0.952356775037303
799,0.139495798319328,37.6824685648215,1,0.921866881517767
800,0.14453781512605,37.7294406706172,1,0.889721867036949
801,0.157983193277311,37.7764127764128,1,0.757416891272327
802,0.166386554621849,37.8233848822084,1,0.643978175714878
803,0.174789915966387,37.8703569880041,1,0.520804516967559
804,0.177591036414566,37.9173290937997,2,0.480403245805706
805,0.178151260504202,37.9643011995953,2,0.472458075704991
806,0.184313725490196,38.011273305391,2,0.38937287559427
807,0.197759103641457,38.0582454111866,2,0.245467823198574
808,0.210644257703081,38.1052175169822,2,0.157066733293347
809,0.228011204481793,38.1521896227779,2,0.0914882304135175
810,0.238095238095238,38.1991617285735,2,0.0703454580298313
811,0.242016806722689,38.2461338343691,2,0.0642631636701746
812,0.2296918767507,38.2931059401648,2,0.0873141345910562
813,0.208403361344538,38.3400780459604,2,0.16945979289131
814,0.187114845938375,38.387050151756,2,0.354834063158658
815,0.166386554621849,38.4340222575517,1,0.643978175714878
816,0.152941176470588,38.4809943633473,1,0.81511913389232
817,0.16078431372549,38.527966469143,1,0.721627605419429
818,0.1703081232493,38.5749385749386,1,0.586716688862596
819,0.179831932773109,38.6219106807342,2,0.448962707619833
820,0.18375350140056,38.6688827865299,2,0.396545252639417
821,0.180952380952381,38.7158548923255,2,0.433617379001415
822,0.179271708683473,38.7628269981211,2,0.456734210126227
823,0.189915966386555,38.8097991039168,2,0.322630090110826
824,0.206162464985994,38.8567712097124,2,0.183006504695312
825,0.210644257703081,38.903743315508,2,0.157066733293347
826,0.208403361344538,38.9507154213037,2,0.16945979289131
827,0.210084033613445,38.9976875270993,2,0.160061413933855
828,0.208403361344538,39.0446596328949,2,0.16945979289131
829,0.204481792717087,39.0916317386906,2,0.193973798714683
830,0.201120448179272,39.1386038444862,2,0.218132637970216
831,0.210644257703081,39.1855759502818,2,0.157066733293347
832,0.224649859943978,39.2325480560775,2,0.100773915821301
833,0.248179271708683,39.2795201618731,2,0.056537814377446
834,0.268347338935574,39.3264922676687,2,0.042147704620908
835,0.276190476190476,39.3734643734644,2,0.0396629803501007
836,0.258823529411765,39.42043647926,2,0.0472521869114428
837,0.242016806722689,39.4674085850557,2,0.0642631636701746
838,0.241456582633053,39.5143806908513,2,0.0650714739017278
839,0.23921568627451,39.5613527966469,2,0.0685035670796927
840,0.234173669467787,39.6083249024426,2,0.0775224638794723
841,0.243137254901961,39.6552970082382,2,0.0627031173410711
842,0.230812324929972,39.7022691140338,2,0.0846906855666083
843,0.224089635854342,39.7492412198295,2,0.102452795616784
844,0.224649859943978,39.7962133256251,2,0.100773915821301
845,0.20672268907563,39.8431854314207,2,0.179507098377934
846,0.179831932773109,39.8901575372164,2,0.448962707619833
847,0.169747899159664,39.937129643012,1,0.594965540822835
848,0.17703081232493,39.9841017488076,2,0.4883988625116
849,0.19047619047619,40.0310738546033,2,0.316480121128861
850,0.202801120448179,40.0780459603989,2,0.205671432592916
851,0.220168067226891,40.1250180661945,2,0.115374310509624
852,0.233053221288515,40.1719901719902,2,0.079800232269624
853,0.235854341736695,40.2189622777858,2,0.0743009601906026
854,0.230812324929972,40.2659343835815,2,0.0846906855666082
855,0.224649859943978,40.3129064893771,2,0.100773915821301
856,0.220728291316527,40.3598785951727,2,0.113396281467939
857,0.216806722689076,40.4068507009684,2,0.128261606795725
858,0.219607843137255,40.453822806764,2,0.117399078427169
859,0.224649859943978,40.5007949125596,2,0.100773915821301
860,0.2296918767507,40.5477670183553,2,0.0873141345910562
861,0.23249299719888,40.5947391241509,2,0.0809800016654873
862,0.230812324929972,40.6417112299465,2,0.0846906855666082
863,0.224649859943978,40.6886833357422,2,0.100773915821301
864,0.219047619047619,40.7356554415378,2,0.119471641598086
865,0.225210084033613,40.7826275473334,2,0.0991339919636356
866,0.220168067226891,40.8295996531291,2,0.115374310509624
867,0.226330532212885,40.8765717589247,2,0.0959674736836574
868,0.242016806722689,40.9235438647204,2,0.0642631636701746
869,0.250420168067227,40.970515970516,2,0.0542002936541327
870,0.246498599439776,41.0174880763116,2,0.0584464487377993
871,0.251540616246499,41.0644601821073,2,0.053114894215835
872,0.26218487394958,41.1114322879029,2,0.0451554816177529
873,0.263865546218487,41.1584043936985,2,0.044233120021995
874,0.259943977591036,41.2053764994942,2,0.0465144230063947
875,0.263305322128852,41.2523486052898,2,0.0445316588243376
876,0.264425770308123,41.2993207110854,2,0.0439433035345035
877,0.267226890756303,41.3462928168811,2,0.0426203518397957
878,0.266106442577031,41.3932649226767,2,0.0431248220393905
879,0.260504201680672,41.4402370284723,2,0.0461603719564252
880,0.250980392156863,41.487209134268,2,0.0536508877748693
881,0.243137254901961,41.5341812400636,2,0.0627031173410711
882,0.231932773109244,41.5811533458592,2,0.0821878879586631
883,0.219607843137255,41.6281254516549,2,0.117399078427169
884,0.212324929971989,41.6750975574505,2,0.14847889746188
885,0.211204481792717,41.7220696632461,2,0.154138944784335
886,0.210644257703081,41.7690417690418,2,0.157066733293347
887,0.20952380952381,41.8160138748374,2,0.163124282487767
888,0.210084033613445,41.862985980633,2,0.160061413933855
889,0.214005602240896,41.9099580864287,2,0.140458594489107
890,0.214005602240896,41.9569301922243,2,0.140458594489107
891,0.214565826330532,42.00390229802,2,0.137905427399048
892,0.210084033613445,42.0508744038156,2,0.160061413933855
893,0.198879551820728,42.0978465096112,2,0.235988936316761
894,0.187114845938375,42.1448186154069,2,0.354834063158658
895,0.176470588235294,42.1917907212025,2,0.496440962449082
896,0.169747899159664,42.2387628269981,1,0.594965540822835
897,0.164145658263305,42.2857349327938,1,0.675830840677035
898,0.146778711484594,42.3327070385894,1,0.872494165265493
899,0.139495798319328,42.379679144385,1,0.921866881517767
900,0.145658263305322,42.4266512501807,1,0.88134449409073
901,0.150140056022409,42.4736233559763,1,0.843036248399704
902,0.149579831932773,42.5205954617719,1,0.848251944302899
903,0.166946778711485,42.5675675675676,1,0.635891746488081
904,0.189355742296919,42.6145396733632,2,0.328877866445717
905,0.192717086834734,42.6615117791589,2,0.292864878876087
906,0.184873949579832,42.7084838849545,2,0.382286349026419
907,0.173109243697479,42.7554559907501,1,0.545431418039036
908,0.157983193277311,42.8024280965458,1,0.757416891272327
909,0.146218487394958,42.8494002023414,1,0.876978994791982
910,0.141736694677871,42.896372308137,1,0.908664716510222
911,0.142857142857143,42.9433444139327,1,0.901423134534888
912,0.145098039215686,42.9903165197283,1,0.885591725311595
913,0.162464985994398,43.0372886255239,1,0.699072186773792
914,0.171428571428571,43.0842607313196,1,0.570195788935526
915,0.180952380952381,43.1312328371152,2,0.433617379001415
916,0.187114845938375,43.1782049429108,2,0.354834063158658
917,0.19047619047619,43.2251770487065,2,0.316480121128861
918,0.191596638655462,43.2721491545021,2,0.304475158896413
919,0.19327731092437,43.3191212602977,2,0.28720783559683
920,0.193837535014006,43.3660933660934,2,0.281649358290742
921,0.199439775910364,43.413065471889,2,0.231388641743967
922,0.201120448179272,43.4600375776847,2,0.218132637970216
923,0.196078431372549,43.5070096834803,2,0.260394763976012
924,0.189915966386555,43.5539817892759,2,0.322630090110826
925,0.18375350140056,43.6009538950716,2,0.396545252639417
926,0.179831932773109,43.6479260008672,2,0.448962707619833
927,0.173669467787115,43.6948981066628,1,0.537200808450106
928,0.166386554621849,43.7418702124585,1,0.643978175714878
929,0.171988795518207,43.7888423182541,1,0.5619337783019
930,0.188235294117647,43.8358144240497,2,0.341664516405858
931,0.211204481792717,43.8827865298454,2,0.154138944784335
932,0.227450980392157,43.929758635641,2,0.0929463469686119
933,0.236414565826331,43.9767307414366,2,0.0732767948397886
934,0.238655462184874,44.0237028472323,2,0.0694136214623099
935,0.244257703081232,44.0706749530279,2,0.0612157362492645
936,0.250980392156863,44.1176470588235,2,0.0536508877748693
937,0.242577030812325,44.1646191646192,2,0.0634738525539232
938,0.239775910364146,44.2115912704148,2,0.0676148007359003
939,0.236414565826331,44.2585633762104,2,0.0732767948397886
940,0.233053221288515,44.3055354820061,2,0.079800232269624
941,0.231372549019608,44.3525075878017,2,0.083424555748535
942,0.2296918767507,44.3994796935973,2,0.0873141345910562
943,0.226330532212885,44.446451799393,2,0.0959674736836574
944,0.223529411764706,44.4934239051886,2,0.104171539021967
945,0.236974789915966,44.5403960109843,2,0.0722765182168222
946,0.230252100840336,44.5873681167799,2,0.0859869741302575
947,0.226890756302521,44.6343402225755,2,0.094439155878673
948,0.228011204481793,44.6813123283712,2,0.0914882304135175
949,0.235854341736695,44.7282844341668,2,0.0743009601906026
950,0.23921568627451,44.7752565399624,2,0.0685035670796927
951,0.236974789915966,44.8222286457581,2,0.0722765182168223
952,0.234173669467787,44.8692007515537,2,0.0775224638794723
953,0.220168067226891,44.9161728573493,2,0.115374310509624
954,0.219047619047619,44.963144963145,2,0.119471641598086
955,0.216806722689076,45.0101170689406,2,0.128261606795725
956,0.21624649859944,45.0570891747362,2,0.130589620617433
957,0.220168067226891,45.1040612805319,2,0.115374310509624
958,0.224649859943978,45.1510333863275,2,0.100773915821301
959,0.226890756302521,45.1980054921232,2,0.094439155878673
960,0.228571428571429,45.2449775979188,2,0.090064007425782
961,0.231372549019608,45.2919497037144,2,0.083424555748535
962,0.230252100840336,45.3389218095101,2,0.0859869741302575
963,0.228011204481793,45.3858939153057,2,0.0914882304135175
964,0.227450980392157,45.4328660211013,2,0.0929463469686119
965,0.230252100840336,45.479838126897,2,0.0859869741302575
966,0.236974789915966,45.5268102326926,2,0.0722765182168223
967,0.243697478991597,45.5737823384882,2,0.0619505457624394
968,0.247058823529412,45.6207544442839,2,0.0577947840515302
969,0.252100840336134,45.6677265500795,2,0.0525920380039805
970,0.258263305322129,45.7146986558751,2,0.047636261891096
971,0.264425770308123,45.7616707616708,2,0.0439433035345035
972,0.262745098039216,45.8086428674664,2,0.0448390633349203
973,0.254901960784314,45.855614973262,2,0.0501657120039081
974,0.249299719887955,45.9025870790577,2,0.0553404811126245
975,0.244817927170868,45.9495591848533,2,0.0604982976946113
976,0.245378151260504,45.996531290649,2,0.0597978492186256
977,0.238655462184874,46.0435033964446,2,0.0694136214623099
978,0.234173669467787,46.0904755022402,2,0.0775224638794723
979,0.231932773109244,46.1374476080359,2,0.0821878879586631
980,0.235294117647059,46.1844197138315,2,0.075349574733778
981,0.243697478991597,46.2313918196271,2,0.0619505457624394
982,0.249299719887955,46.2783639254228,2,0.0553404811126245
983,0.249299719887955,46.3253360312184,2,0.0553404811126245
984,0.244817927170868,46.372308137014,2,0.0604982976946113
985,0.246498599439776,46.4192802428097,2,0.0584464487377993
986,0.23921568627451,46.4662523486053,2,0.0685035670796927
987,0.239775910364146,46.5132244544009,2,0.0676148007359003
988,0.243697478991597,46.5601965601966,2,0.0619505457624394
989,0.23921568627451,46.6071686659922,2,0.0685035670796927
990,0.233613445378151,46.6541407717878,2,0.0786479308455247
991,0.235294117647059,46.7011128775835,2,0.075349574733778
992,0.244817927170868,46.7480849833791,2,0.0604982976946113
993,0.253221288515406,46.7950570891747,2,0.0515846753144745
994,0.267226890756303,46.8420291949704,2,0.0426203518397957
995,0.263865546218487,46.889001300766,2,0.044233120021995
996,0.257703081232493,46.9359734065617,2,0.0480307161828807
997,0.258263305322129,46.9829455123573,2,0.0476362618910961
998,0.250980392156863,47.0299176181529,2,0.0536508877748693
999,0.24593837535014,47.0768897239486,2,0.059114019937723
1000,0.257142857142857,47.1238618297442,2,0.0484357448570732
1001,0.25546218487395,47.1708339355398,2,0.0497163162693664
1002,0.262745098039216,47.2178060413355,2,0.0448390633349203
1003,0.266666666666667,47.2647781471311,2,0.0428685509064329
1004,0.267787114845938,47.3117502529267,2,0.0423801075073241
1005,0.274509803921569,47.3587223587224,2,0.0400802351048689
1006,0.276190476190476,47.405694464518,2,0.0396629803501007
1007,0.265546218487395,47.4526665703136,2,0.0433892866956426
1008,0.249859943977591,47.4996386761093,2,0.0547633945591814
1009,0.228011204481793,47.5466107819049,2,0.0914882304135175
1010,0.221848739495798,47.5935828877005,2,0.109576306533017
1011,0.215126050420168,47.6405549934962,2,0.135410345606024
1012,0.208963585434174,47.6875270992918,2,0.166256640330474
1013,0.207843137254902,47.7344992050875,2,0.172735047998205
1014,0.206162464985994,47.7814713108831,2,0.183006504695312
1015,0.203361344537815,47.8284434166787,2,0.201688987351548
1016,0.201680672268908,47.8754155224744,2,0.213892083946832
1017,0.203361344537815,47.92238762827,2,0.201688987351548
1018,0.203921568627451,47.9693597340656,2,0.19779018733207
1019,0.20672268907563,48.0163318398613,2,0.179507098377934
1020,0.210084033613445,48.0633039456569,2,0.160061413933855
1021,0.21344537815126,48.1102760514525,2,0.143071069205654
1022,0.214005602240896,48.1572481572482,2,0.140458594489107
1023,0.214005602240896,48.2042202630438,2,0.140458594489107
1024,0.212324929971989,48.2511923688394,2,0.14847889746188
1025,0.21624649859944,48.2981644746351,2,0.130589620617433
1026,0.211204481792717,48.3451365804307,2,0.154138944784335
1027,0.202801120448179,48.3921086862263,2,0.205671432592916
1028,0.196638655462185,48.439080792022,2,0.255323591529754
1029,0.198879551820728,48.4860528978176,2,0.235988936316761
1030,0.202801120448179,48.5330250036133,2,0.205671432592916
1031,0.210644257703081,48.5799971094089,2,0.157066733293347
1032,0.216806722689076,48.6269692152045,2,0.128261606795725
1033,0.202801120448179,48.6739413210002,2,0.205671432592916
1034,0.203921568627451,48.7209134267958,2,0.19779018733207
1035,0.202801120448179,48.7678855325914,2,0.205671432592916
1036,0.197759103641457,48.8148576383871,2,0.245467823198574
1037,0.192717086834734,48.8618297441827,2,0.292864878876087
1038,0.195518207282913,48.9088018499783,2,0.265562373774198
1039,0.206162464985994,48.955773955774,2,0.183006504695312
1040,0.215686274509804,49.0027460615696,2,0.132972141046657
1041,0.220728291316527,49.0497181673652,2,0.113396281467939
1042,0.226890756302521,49.0966902731609,2,0.094439155878673
1043,0.231372549019608,49.1436623789565,2,0.083424555748535
1044,0.236974789915966,49.1906344847521,2,0.0722765182168223
1045,0.247619047619048,49.2376065905478,2,0.0571586836398206
1046,0.258263305322129,49.2845786963434,2,0.047636261891096
1047,0.265546218487395,49.331550802139,2,0.0433892866956426
1048,0.267226890756303,49.3785229079347,2,0.0426203518397957
1049,0.267226890756303,49.4254950137303,2,0.0426203518397957
1050,0.254901960784314,49.472467119526,2,0.0501657120039081
1051,0.23921568627451,49.5194392253216,2,0.0685035670796927
1052,0.224649859943978,49.5664113311172,2,0.100773915821301
1053,0.214005602240896,49.6133834369129,2,0.140458594489107
1054,0.202240896358543,49.6603555427085,2,0.20973873549485
1055,0.189915966386555,49.7073276485041,2,0.322630090110826
1056,0.180952380952381,49.7542997542998,2,0.433617379001415
1057,0.1703081232493,49.8012718600954,1,0.586716688862596
1058,0.157422969187675,49.848243965891,1,0.764274672013443
1059,0.13781512605042,49.8952160716867,1,0.930706994374606
1060,0.12436974789916,49.9421881774823,1,0.975566325724271
1061,0.12156862745098,49.9891602832779,1,0.980654941080305
1062,0.128851540616247,50.0361323890736,1,0.964889885033869
1063,0.138375350140056,50.0831044948692,1,0.927857429563961
1064,0.146218487394958,50.1300766006649,1,0.876978994791982
1065,0.151260504201681,50.1770487064605,1,0.832236241432969
1066,0.14453781512605,50.2240208122561,1,0.889721867036949
1067,0.13781512605042,50.2709929180518,1,0.930706994374606
1068,0.135574229691877,50.3179650238474,1,0.941182039543258
1069,0.137254901960784,50.364937129643,1,0.933462150366168
1070,0.138935574229692,50.4119092354387,1,0.924911400696496
1071,0.138935574229692,50.4588813412343,1,0.924911400696496
1072,0.136694677871148,50.5058534470299,1,0.936124976296944
1073,0.14453781512605,50.5528255528256,1,0.889721867036949
1074,0.152380952380952,50.5997976586212,1,0.820946420646599
1075,0.164705882352941,50.6467697644168,1,0.667951147452568
1076,0.174789915966387,50.6937418702125,1,0.520804516967559
1077,0.178711484593838,50.7407139760081,2,0.464567172896873
1078,0.178711484593838,50.7876860818037,2,0.464567172896873
1079,0.174789915966387,50.8346581875994,1,0.520804516967559
1080,0.171988795518207,50.881630293395,1,0.5619337783019
1081,0.163025210084034,50.9286023991906,1,0.691395748890989
1082,0.169747899159664,50.9755745049863,1,0.594965540822835
1083,0.175910364145658,51.0225466107819,1,0.504525445493931
1084,0.175910364145658,51.0695187165776,1,0.504525445493931
1085,0.1703081232493,51.1164908223732,1,0.586716688862596
1086,0.168067226890756,51.1634629281688,1,0.619605066272177
1087,0.169747899159664,51.2104350339645,1,0.594965540822835
1088,0.174789915966387,51.2574071397601,1,0.520804516967559
1089,0.150140056022409,51.3043792455557,1,0.843036248399704
1090,0.140056022408964,51.3513513513514,1,0.918721880456213
1091,0.136134453781513,51.398323457147,1,0.938697569226325
1092,0.13781512605042,51.4452955629426,1,0.930706994374606
1093,0.122689075630252,51.4922676687383,1,0.978747642121103
1094,0.100840336134454,51.5392397745339,1,0.99703639554952
1095,0.0991596638655462,51.5862118803295,1,0.99748148848751
1096,0.115406162464986,51.6331839861252,1,0.988629038475826
1097,0.0750700280112045,51.6801560919208,1,0.999792658750417
1098,0.0733893557422969,51.7271281977164,1,0.999827769090857
1099,0.0756302521008403,51.7741003035121,1,0.999779503134182
1100,0.0823529411764706,51.8210724093077,1,0.99954451335095
1101,0.0913165266106443,51.8680445151033,1,0.998844876676939
1102,0.096358543417367,51.915016620899,1,0.998086265733585
1103,0.0941176470588235,51.9619887266946,1,0.998468349662353
1104,0.0907563025210084,52.0089608324903,1,0.99890879627236
1105,0.102521008403361,52.0559329382859,1,0.996517985283779
1106,0.114285714285714,52.1029050440815,1,0.98970196299247
1107,0.132212885154062,52.1498771498772,1,0.954357011294339
1108,0.146218487394958,52.1968492556728,1,0.876978994791982
1109,0.154621848739496,52.2438213614684,1,0.796918542682404
1110,0.157983193277311,52.2907934672641,1,0.757416891272327
1111,0.158543417366947,52.3377655730597,1,0.750455124642864
1112,0.159103641456583,52.3847376788553,1,0.743392200570811
1113,0.138375350140056,52.431709784651,1,0.927857429563961
1114,0.12436974789916,52.4786818904466,1,0.975566325724271
1115,0.109803921568627,52.5256539962422,1,0.993123291343826
1116,0.101960784313725,52.5726261020379,1,0.996699588478183
1117,0.0969187675070028,52.6195982078335,1,0.99797753835322
1118,0.0974789915966387,52.6665703136292,1,0.997862992798632
1119,0.112044817927171,52.7135424194248,1,0.991572443955555
1120,0.129411764705882,52.7605145252204,1,0.963299115886156
1121,0.142296918767507,52.8074866310161,1,0.905098777843182
1122,0.13781512605042,52.8544587368117,1,0.930706994374606
1123,0.150700280112045,52.9014308426073,1,0.837697641237715
1124,0.163025210084034,52.948402948403,1,0.691395748890989
1125,0.166946778711485,52.9953750541986,1,0.635891746488081
1126,0.174789915966387,53.0423471599942,1,0.520804516967559
1127,0.189355742296919,53.0893192657899,2,0.328877866445717
1128,0.194957983193277,53.1362913715855,2,0.270827013825428
1129,0.188795518207283,53.1832634773811,2,0.335222902234861
1130,0.185434173669468,53.2302355831768,2,0.375287559046385
1131,0.178711484593838,53.2772076889724,2,0.464567172896873
1132,0.169747899159664,53.324179794768,1,0.594965540822835
1133,0.164705882352941,53.3711519005637,1,0.667951147452568
1134,0.165266106442577,53.4181240063593,1,0.660012677465136
1135,0.169187675070028,53.4650961121549,1,0.603199928093532
1136,0.173669467787115,53.5120682179506,1,0.537200808450106
1137,0.189915966386555,53.5590403237462,2,0.322630090110826
1138,0.185434173669468,53.6060124295419,2,0.375287559046385
1139,0.189915966386555,53.6529845353375,2,0.322630090110826
1140,0.208403361344538,53.6999566411331,2,0.16945979289131
1141,0.218487394957983,53.7469287469288,2,0.121593074608504
1142,0.212324929971989,53.7939008527244,2,0.14847889746188
1143,0.210084033613445,53.84087295852,2,0.160061413933855
1144,0.213445378151261,53.8878450643157,2,0.143071069205653
1145,0.217927170868347,53.9348171701113,2,0.123764470037187
1146,0.21624649859944,53.9817892759069,2,0.130589620617433
1147,0.219607843137255,54.0287613817026,2,0.117399078427169
1148,0.228571428571429,54.0757334874982,2,0.090064007425782
1149,0.238095238095238,54.1227055932938,2,0.0703454580298313
1150,0.243137254901961,54.1696776990895,2,0.0627031173410711
1151,0.246498599439776,54.2166498048851,2,0.0584464487377993
1152,0.244817927170868,54.2636219106807,2,0.0604982976946113
1153,0.254341736694678,54.3105940164764,2,0.0506267478251039
1154,0.249299719887955,54.357566122272,2,0.0553404811126245
1155,0.241456582633053,54.4045382280677,2,0.0650714739017278
1156,0.236974789915966,54.4515103338633,2,0.0722765182168223
1157,0.234173669467787,54.4984824396589,2,0.0775224638794723
1158,0.230252100840336,54.5454545454546,2,0.0859869741302575
1159,0.22296918767507,54.5924266512502,2,0.105931072279774
1160,0.217927170868347,54.6393987570458,2,0.123764470037187
1161,0.208963585434174,54.6863708628415,2,0.166256640330474
1162,0.2,54.7333429686371,2,0.226879842506765
1163,0.196078431372549,54.7803150744327,2,0.260394763976012
1164,0.200560224089636,54.8272871802284,2,0.222461526248395
1165,0.196078431372549,54.874259286024,2,0.260394763976012
1166,0.181512605042017,54.9212313918196,2,0.426049799016496
1167,0.181512605042017,54.9682034976153,2,0.426049799016496
1168,0.19047619047619,55.0151756034109,2,0.316480121128861
1169,0.18375350140056,55.0621477092065,2,0.396545252639417
1170,0.18375350140056,55.1091198150022,2,0.396545252639417
1171,0.177591036414566,55.1560919207978,2,0.480403245805706
1172,0.165266106442577,55.2030640265935,1,0.660012677465136
1173,0.157422969187675,55.2500361323891,1,0.764274672013443
1174,0.152380952380952,55.2970082381847,1,0.820946420646599
1175,0.146218487394958,55.3439803439804,1,0.876978994791982
1176,0.140056022408964,55.390952449776,1,0.918721880456213
1177,0.126050420168067,55.4379245555716,1,0.971962255719139
1178,0.114285714285714,55.4848966613673,1,0.98970196299247
1179,0.0879551820728291,55.5318687671629,1,0.999181127629921
1180,0.0739495798319328,55.5788408729585,1,0.999816751667734
1181,0.084593837535014,55.6258129787542,1,0.999422931444941
1182,0.0969187675070028,55.6727850845498,1,0.99797753835322
1183,0.107563025210084,55.7197571903454,1,0.99440482067595
1184,0.119327731092437,55.7667292961411,1,0.984010196443571
1185,0.141176470588235,55.8137014019367,1,0.912122675600229
1186,0.14453781512605,55.8606735077323,1,0.889721867036949
1187,0.143977591036415,55.907645613528,1,0.893736206995536
1188,0.14453781512605,55.9546177193236,1,0.889721867036949
1189,0.150140056022409,56.0015898251192,1,0.843036248399704
1190,0.152941176470588,56.0485619309149,1,0.81511913389232
1191,0.141176470588235,56.0955340367105,1,0.912122675600229
1192,0.12436974789916,56.1425061425062,1,0.975566325724271
1193,0.122128851540616,56.1894782483018,1,0.979721630744829
1194,0.0812324929971989,56.2364503540974,1,0.999595728605464
1195,0.0588235294117647,56.2834224598931,1,0.999967553109563
1196,0.0621848739495798,56.3303945656887,1,0.999951838541713
1197,0.0565826330532213,56.3773666714843,1,0.999975145093081
1198,0.0425770308123249,56.42433877728,1,0.99999557041948
1199,0.053781512605042,56.4713108830756,1,0.999982252990164
1200,0.0823529411764706,56.5182829888712,1,0.99954451335095
1201,0.0795518207282913,56.5652550946669,1,0.999662373611351
1202,0.0694677871148459,56.6122272004625,1,0.999888921635071
1203,0.0761904761904762,56.6591993062581,1,0.999765551018238
1204,0.0913165266106443,56.7061714120538,1,0.998844876676939
1205,0.0868347338935574,56.7531435178494,1,0.999270812921576
1206,0.0649859943977591,56.800115623645,1,0.999933365494825
1207,0.0644257703081232,56.8470877294407,1,0.999937534482952
1208,0.0784313725490196,56.8940598352363,1,0.99970082598601
1209,0.0991596638655462,56.941031941032,1,0.99748148848751
1210,0.112605042016807,56.9880040468276,1,0.991136919226524
1211,0.135574229691877,57.0349761526232,1,0.941182039543258
1212,0.156862745098039,57.0819482584189,1,0.771025832946886
1213,0.1703081232493,57.1289203642145,1,0.586716688862596
1214,0.179831932773109,57.1758924700101,2,0.448962707619833
1215,0.187675070028011,57.2228645758058,2,0.348201890249528
1216,0.192156862745098,57.2698366816014,2,0.298620637961787
1217,0.19327731092437,57.316808787397,2,0.28720783559683
1218,0.188795518207283,57.3637808931927,2,0.335222902234861
1219,0.185994397759104,57.4107529989883,2,0.368378230353302
1220,0.182072829131653,57.4577251047839,2,0.418556167060312
1221,0.179271708683473,57.5046972105796,2,0.456734210126227
1222,0.179831932773109,57.5516693163752,2,0.448962707619833
1223,0.179271708683473,57.5986414221709,2,0.456734210126227
1224,0.175350140056022,57.6456135279665,1,0.512648081379669
1225,0.179271708683473,57.6925856337621,2,0.456734210126227
1226,0.173109243697479,57.7395577395578,1,0.545431418039036
1227,0.173669467787115,57.7865298453534,1,0.537200808450106
1228,0.181512605042017,57.833501951149,2,0.426049799016496
1229,0.178711484593838,57.8804740569447,2,0.464567172896873
1230,0.171428571428571,57.9274461627403,1,0.570195788935526
1231,0.18375350140056,57.9744182685359,2,0.396545252639417
1232,0.202240896358543,58.0213903743316,2,0.20973873549485
1233,0.193837535014006,58.0683624801272,2,0.281649358290742
1234,0.207282913165266,58.1153345859228,2,0.176083714102236
1235,0.211204481792717,58.1623066917185,2,0.154138944784335
1236,0.203921568627451,58.2092787975141,2,0.19779018733207
1237,0.202240896358543,58.2562509033097,2,0.20973873549485
1238,0.207282913165266,58.3032230091054,2,0.176083714102236
1239,0.203921568627451,58.350195114901,2,0.19779018733207
1240,0.192717086834734,58.3971672206966,2,0.292864878876087
1241,0.194397759103641,58.4441393264923,2,0.276189198420622
1242,0.186554621848739,58.4911114322879,2,0.361559928600192
1243,0.17703081232493,58.5380835380836,2,0.4883988625116
1244,0.164705882352941,58.5850556438792,1,0.667951147452568
1245,0.157983193277311,58.6320277496748,1,0.757416891272327
1246,0.157422969187675,58.6789998554705,1,0.764274672013443
1247,0.162464985994398,58.7259719612661,1,0.699072186773792
1248,0.164145658263305,58.7729440670617,1,0.675830840677035
1249,0.170868347338936,58.8199161728574,1,0.578458426679693
1250,0.18375350140056,58.866888278653,2,0.396545252639417
1251,0.196638655462185,58.9138603844486,2,0.255323591529754
1252,0.201680672268908,58.9608324902443,2,0.213892083946832
1253,0.2,59.0078045960399,2,0.226879842506765
1254,0.203921568627451,59.0547767018355,2,0.19779018733207
1255,0.217927170868347,59.1017488076312,2,0.123764470037187
1256,0.2296918767507,59.1487209134268,2,0.0873141345910562
1257,0.229131652661064,59.1956930192224,2,0.0886728967767386
1258,0.226890756302521,59.2426651250181,2,0.094439155878673
1259,0.225210084033613,59.2896372308137,2,0.0991339919636356
1260,0.230252100840336,59.3366093366093,2,0.0859869741302575
1261,0.234173669467787,59.383581442405,2,0.0775224638794723
1262,0.233053221288515,59.4305535482006,2,0.079800232269624
1263,0.225210084033613,59.4775256539963,2,0.0991339919636356
1264,0.218487394957983,59.5244977597919,2,0.121593074608504
1265,0.217927170868347,59.5714698655875,2,0.123764470037187
1266,0.215126050420168,59.6184419713832,2,0.135410345606024
1267,0.214005602240896,59.6654140771788,2,0.140458594489107
1268,0.215126050420168,59.7123861829744,2,0.135410345606024
1269,0.217927170868347,59.7593582887701,2,0.123764470037187
1270,0.215126050420168,59.8063303945657,2,0.135410345606024
1271,0.210084033613445,59.8533025003613,2,0.160061413933855
1272,0.203921568627451,59.900274606157,2,0.19779018733207
1273,0.204481792717087,59.9472467119526,2,0.193973798714683
1274,0.202240896358543,59.9942188177482,2,0.20973873549485
1275,0.198879551820728,60.0411909235439,2,0.235988936316761
1276,0.202801120448179,60.0881630293395,2,0.205671432592916
1277,0.210084033613445,60.1351351351352,2,0.160061413933855
1278,0.218487394957983,60.1821072409308,2,0.121593074608504
1279,0.22296918767507,60.2290793467264,2,0.105931072279774
1280,0.226890756302521,60.2760514525221,2,0.094439155878673
1281,0.234733893557423,60.3230235583177,2,0.0764232130046199
1282,0.23921568627451,60.3699956641133,2,0.0685035670796927
1283,0.239775910364146,60.416967769909,2,0.0676148007359003
1284,0.240336134453782,60.4639398757046,2,0.0667468407508129
1285,0.24593837535014,60.5109119815002,2,0.0591140199377231
1286,0.248739495798319,60.5578840872959,2,0.0559318520429217
1287,0.248739495798319,60.6048561930915,2,0.0559318520429217
1288,0.244817927170868,60.6518282988871,2,0.0604982976946113
1289,0.228571428571429,60.6988004046828,2,0.090064007425782
1290,0.2296918767507,60.7457725104784,2,0.0873141345910562
1291,0.23249299719888,60.792744616274,2,0.0809800016654873
1292,0.236974789915966,60.8397167220697,2,0.0722765182168223
1293,0.235854341736695,60.8866888278653,2,0.0743009601906026
1294,0.228571428571429,60.9336609336609,2,0.090064007425782
1295,0.220168067226891,60.9806330394566,2,0.115374310509624
1296,0.214565826330532,61.0276051452522,2,0.137905427399048
1297,0.208963585434174,61.0745772510479,2,0.166256640330474
1298,0.184313725490196,61.1215493568435,2,0.38937287559427
1299,0.166386554621849,61.1685214626391,1,0.643978175714878
1300,0.15406162464986,61.2154935684348,1,0.80310405547129
1301,0.133893557422969,61.2624656742304,1,0.94812792128827
1302,0.120448179271709,61.309437780026,1,0.982405364515094
1303,0.110364145658263,61.3564098858217,1,0.992762668254577
1304,0.100280112044818,61.4033819916173,1,0.997192399945078
1305,0.088515406162465,61.4503540974129,1,0.999132443987031
1306,0.0918767507002801,61.4973262032086,1,0.998777415487261
1307,0.0896358543417367,61.5442983090042,1,0.999026703423987
1308,0.0784313725490196,61.5912704147998,1,0.99970082598601
1309,0.0666666666666667,61.6382425205955,1,0.999919192369983
1310,0.0672268907563025,61.6852146263911,1,0.999913855219527
1311,0.0823529411764706,61.7321867321867,1,0.99954451335095
1312,0.0969187675070028,61.7791588379824,1,0.99797753835322
1313,0.111484593837535,61.826130943778,1,0.9919880294298
1314,0.11484593837535,61.8731030495737,1,0.989177776737616
1315,0.121008403361345,61.9200751553693,1,0.98154904233791
1316,0.13109243697479,61.9670472611649,1,0.958139527589285
1317,0.141736694677871,62.0140193669606,1,0.908664716510222
1318,0.154621848739496,62.0609914727562,1,0.796918542682404
1319,0.165826330532213,62.1079635785518,1,0.652020099832657
1320,0.171988795518207,62.1549356843475,1,0.5619337783019
1321,0.166946778711485,62.2019077901431,1,0.635891746488081
1322,0.173669467787115,62.2488798959387,1,0.537200808450106
1323,0.180952380952381,62.2958520017344,2,0.433617379001415
1324,0.192717086834734,62.34282410753,2,0.292864878876087
1325,0.205602240896359,62.3897962133256,2,0.186583231459786
1326,0.215686274509804,62.4367683191213,2,0.132972141046657
1327,0.220728291316527,62.4837404249169,2,0.113396281467939
1328,0.224089635854342,62.5307125307125,2,0.102452795616784
1329,0.228011204481793,62.5776846365082,2,0.0914882304135175
1330,0.234733893557423,62.6246567423038,2,0.0764232130046199
1331,0.233613445378151,62.6716288480995,2,0.0786479308455247
1332,0.2296918767507,62.7186009538951,2,0.0873141345910562
1333,0.234173669467787,62.7655730596907,2,0.0775224638794723
1334,0.236414565826331,62.8125451654864,2,0.0732767948397886
1335,0.235854341736695,62.859517271282,2,0.0743009601906026
1336,0.238095238095238,62.9064893770776,2,0.0703454580298313
1337,0.243697478991597,62.9534614828733,2,0.0619505457624394
1338,0.249299719887955,63.0004335886689,2,0.0553404811126245
1339,0.251540616246499,63.0474056944645,2,0.053114894215835
1340,0.254341736694678,63.0943778002602,2,0.0506267478251039
1341,0.256582633053221,63.1413499060558,2,0.0488515488220386
1342,0.254341736694678,63.1883220118514,2,0.0506267478251039
1343,0.252100840336134,63.2352941176471,2,0.0525920380039805
1344,0.250420168067227,63.2822662234427,2,0.0542002936541327
1345,0.240336134453782,63.3292383292383,2,0.0667468407508129
1346,0.244817927170868,63.376210435034,2,0.0604982976946113
1347,0.254341736694678,63.4231825408296,2,0.0506267478251039
1348,0.262745098039216,63.4701546466252,2,0.0448390633349203
1349,0.263865546218487,63.5171267524209,2,0.044233120021995
1350,0.263305322128852,63.5640988582165,2,0.0445316588243376
1351,0.258263305322129,63.6110709640122,2,0.047636261891096
1352,0.257142857142857,63.6580430698078,2,0.0484357448570733
1353,0.259943977591036,63.7050151756034,2,0.0465144230063947
1354,0.25546218487395,63.7519872813991,2,0.0497163162693664
1355,0.249299719887955,63.7989593871947,2,0.0553404811126245
1356,0.242577030812325,63.8459314929903,2,0.0634738525539232
1357,0.239775910364146,63.892903598786,2,0.0676148007359003
1358,0.235854341736695,63.9398757045816,2,0.0743009601906026
1359,0.23249299719888,63.9868478103772,2,0.0809800016654873
1360,0.230812324929972,64.0338199161729,2,0.0846906855666082
1361,0.220728291316527,64.0807920219685,2,0.113396281467939
1362,0.225770308123249,64.1277641277642,2,0.0975321348556675
1363,0.228011204481793,64.1747362335598,2,0.0914882304135175
1364,0.225770308123249,64.2217083393554,2,0.0975321348556675
1365,0.220168067226891,64.268680445151,2,0.115374310509624
1366,0.21624649859944,64.3156525509467,2,0.130589620617433
1367,0.220168067226891,64.3626246567423,2,0.115374310509624
1368,0.227450980392157,64.409596762538,2,0.0929463469686119
1369,0.225210084033613,64.4565688683336,2,0.0991339919636356
1370,0.22296918767507,64.5035409741292,2,0.105931072279774
1371,0.224649859943978,64.5505130799249,2,0.100773915821301
1372,0.228571428571429,64.5974851857205,2,0.090064007425782
1373,0.235294117647059,64.6444572915161,2,0.075349574733778
1374,0.243137254901961,64.6914293973118,2,0.0627031173410711
1375,0.248739495798319,64.7384015031074,2,0.0559318520429217
1376,0.250980392156863,64.785373608903,2,0.0536508877748693
1377,0.244817927170868,64.8323457146987,2,0.0604982976946113
1378,0.242577030812325,64.8793178204943,2,0.0634738525539232
1379,0.241456582633053,64.9262899262899,2,0.0650714739017278
1380,0.245378151260504,64.9732620320856,2,0.0597978492186256
1381,0.25266106442577,65.0202341378812,2,0.0520820517184501
1382,0.266666666666667,65.0672062436768,2,0.0428685509064329
1383,0.278991596638655,65.1141783494725,2,0.0390984728868202
1384,0.287955182072829,65.1611504552681,2,0.0383353002996315
1385,0.286834733893557,65.2081225610637,2,0.0383460954196302
1386,0.286274509803922,65.2550946668594,2,0.0383604669124119
1387,0.281232492997199,65.302066772655,2,0.0387610431656464
1388,0.279551820728291,65.3490388784507,2,0.039004732730844
1389,0.278991596638655,65.3960109842463,2,0.0390984728868202
1390,0.278991596638655,65.4429830900419,2,0.0390984728868202
1391,0.274509803921569,65.4899551958376,2,0.0400802351048689
1392,0.268347338935574,65.5369273016332,2,0.042147704620908
1393,0.256022408963585,65.5838994074288,2,0.0492783349604649
1394,0.258263305322129,65.6308715132245,2,0.047636261891096
1395,0.252100840336134,65.6778436190201,2,0.0525920380039805
1396,0.238095238095238,65.7248157248157,2,0.0703454580298313
1397,0.23249299719888,65.7717878306114,2,0.0809800016654873
1398,0.235854341736695,65.818759936407,2,0.0743009601906026
1399,0.226330532212885,65.8657320422026,2,0.0959674736836574
1400,0.210084033613445,65.9127041479983,2,0.160061413933855
1401,0.207282913165266,65.9596762537939,2,0.176083714102236
1402,0.201680672268908,66.0066483595895,2,0.213892083946832
1403,0.198319327731092,66.0536204653852,2,0.240681691881796
1404,0.197759103641457,66.1005925711808,2,0.245467823198574
1405,0.2,66.1475646769765,2,0.226879842506765
1406,0.198879551820728,66.1945367827721,2,0.235988936316761
1407,0.198319327731092,66.2415088885677,2,0.240681691881796
1408,0.199439775910364,66.2884809943634,2,0.231388641743967
1409,0.211204481792717,66.335453100159,2,0.154138944784335
1410,0.211764705882353,66.3824252059546,2,0.151276759646458
1411,0.216806722689076,66.4293973117503,2,0.128261606795725
1412,0.22296918767507,66.4763694175459,2,0.105931072279774
1413,0.23249299719888,66.5233415233415,2,0.0809800016654873
1414,0.238095238095238,66.5703136291372,2,0.0703454580298313
1415,0.23921568627451,66.6172857349328,2,0.0685035670796927
1416,0.235294117647059,66.6642578407284,2,0.075349574733778
1417,0.23249299719888,66.7112299465241,2,0.0809800016654873
1418,0.235854341736695,66.7582020523197,2,0.0743009601906026
1419,0.242016806722689,66.8051741581153,2,0.0642631636701746
1420,0.250420168067227,66.852146263911,2,0.0542002936541327
1421,0.258263305322129,66.8991183697066,2,0.0476362618910961
1422,0.265546218487395,66.9460904755023,2,0.0433892866956426
1423,0.269467787114846,66.9930625812979,2,0.0417059897887447
1424,0.272268907563025,67.0400346870935,2,0.0407317431610217
1425,0.269467787114846,67.0870067928892,2,0.0417059897887447
1426,0.279551820728291,67.1339788986848,2,0.039004732730844
1427,0.287394957983193,67.1809510044804,2,0.0383377078048744
1428,0.29187675070028,67.2279231102761,2,0.0384861387247472
1429,0.294677871148459,67.2748952160717,2,0.0387751616598596
1430,0.300840336134454,67.3218673218673,2,0.039962316672086
1431,0.302521008403361,67.368839427663,2,0.0404239868833479
1432,0.300280112044818,67.4158115334586,2,0.0398219528059288
1433,0.29187675070028,67.4627836392542,2,0.0384861387247472
1434,0.292436974789916,67.5097557450499,2,0.0385317591662603
1435,0.296918767507003,67.5567278508455,2,0.0391174558584947
1436,0.30140056022409,67.6036999566412,2,0.0401093981058284
1437,0.303081232492997,67.6506720624368,2,0.0405916389769136
1438,0.304201680672269,67.6976441682324,2,0.0409480454130796
1439,0.30140056022409,67.744616274028,2,0.0401093981058284
1440,0.299159663865546,67.7915883798237,2,0.0395611237270482
1441,0.295238095238095,67.8385604856193,2,0.0388513797081545
1442,0.292436974789916,67.885532591415,2,0.0385317591662603
1443,0.286834733893557,67.9325046972106,2,0.0383460954196302
1444,0.282352941176471,67.9794768030062,2,0.0386294987949298
1445,0.27843137254902,68.0264489088019,2,0.0391985366231322
1446,0.277310924369748,68.0734210145975,2,0.0394178194855815
1447,0.277871148459384,68.1203931203931,2,0.0393049693636574
1448,0.27843137254902,68.1673652261888,2,0.0391985366231322
1449,0.264425770308123,68.2143373319844,2,0.0439433035345035
1450,0.264425770308123,68.26130943778,2,0.0439433035345035
1451,0.263865546218487,68.3082815435757,2,0.044233120021995
1452,0.262745098039216,68.3552536493713,2,0.0448390633349203
1453,0.258823529411765,68.402225755167,2,0.0472521869114428
1454,0.257703081232493,68.4491978609626,2,0.0480307161828807
1455,0.254341736694678,68.4961699667582,2,0.0506267478251039
1456,0.25266106442577,68.5431420725538,2,0.0520820517184501
1457,0.269467787114846,68.5901141783495,2,0.0417059897887447
1458,0.270588235294118,68.6370862841451,2,0.0412943790230511
1459,0.272268907563025,68.6840583899408,2,0.0407317431610217
1460,0.272829131652661,68.7310304957364,2,0.0405584542537705
1461,0.269467787114846,68.778002601532,2,0.0417059897887447
1462,0.263865546218487,68.8249747073277,2,0.044233120021995
1463,0.266106442577031,68.8719468131233,2,0.0431248220393905
1464,0.270588235294118,68.9189189189189,2,0.0412943790230511
1465,0.261624649859944,68.9658910247146,2,0.0454810665091231
1466,0.264425770308123,69.0128631305102,2,0.0439433035345035
1467,0.267787114845938,69.0598352363058,2,0.0423801075073241
1468,0.271148459383754,69.1068073421015,2,0.0410996202780812
1469,0.271708683473389,69.1537794478971,2,0.0409121039955584
1470,0.271148459383753,69.2007515536927,2,0.0410996202780812
1471,0.274509803921569,69.2477236594884,2,0.0400802351048689
1472,0.276750700280112,69.294695765284,2,0.0395371383525873
1473,0.272829131652661,69.3416678710797,2,0.0405584542537705
1474,0.285714285714286,69.3886399768753,2,0.0383808287412194
1475,0.290756302521008,69.4356120826709,2,0.0384130206118378
1476,0.281792717086835,69.4825841884666,2,0.0386922011101775
1477,0.280112044817927,69.5295562942622,2,0.0389172736534827
1478,0.288515406162465,69.5765284000578,2,0.0383388718222979
1479,0.290196078431373,69.6235005058535,2,0.0383854900426841
1480,0.282913165266106,69.6704726116491,2,0.0385729079313784
1481,0.290756302521008,69.7174447174447,2,0.0384130206118378
1482,0.289635854341737,69.7644168232404,2,0.0383639610568897
1483,0.286834733893557,69.811388929036,2,0.0383460954196302
1484,0.283473389355742,69.8583610348316,2,0.0385224030077952
1485,0.282913165266106,69.9053331406273,2,0.0385729079313784
1486,0.281792717086835,69.9523052464229,2,0.0386922011101775
1487,0.277310924369748,69.9992773522185,2,0.0394178194855815
1488,0.269467787114846,70.0462494580142,2,0.0417059897887447
1489,0.26890756302521,70.0932215638098,2,0.0419230338584808
1490,0.266106442577031,70.1401936696055,2,0.0431248220393905
1491,0.261624649859944,70.1871657754011,2,0.0454810665091231
1492,0.258823529411765,70.2341378811967,2,0.0472521869114428
1493,0.25546218487395,70.2811099869923,2,0.0497163162693664
1494,0.25546218487395,70.328082092788,2,0.0497163162693664
1495,0.257703081232493,70.3750541985836,2,0.0480307161828807
1496,0.259943977591036,70.4220263043793,2,0.0465144230063947
1497,0.24593837535014,70.4689984101749,2,0.059114019937723
1498,0.250980392156863,70.5159705159705,2,0.0536508877748693
1499,0.257703081232493,70.5629426217662,2,0.0480307161828807
1500,0.259943977591036,70.6099147275618,2,0.0465144230063947
1501,0.256022408963585,70.6568868333574,2,0.0492783349604649
1502,0.25266106442577,70.7038589391531,2,0.0520820517184501
1503,0.249299719887955,70.7508310449487,2,0.0553404811126245
1504,0.247058823529412,70.7978031507443,2,0.0577947840515302
1505,0.247619047619048,70.84477525654,2,0.0571586836398206
1506,0.244817927170868,70.8917473623356,2,0.0604982976946113
1507,0.242016806722689,70.9387194681313,2,0.0642631636701746
1508,0.23921568627451,70.9856915739269,2,0.0685035670796927
1509,0.238655462184874,71.0326636797225,2,0.0694136214623099
1510,0.238655462184874,71.0796357855181,2,0.06941362146231
1511,0.237535014005602,71.1266078913138,2,0.0712995836578069
1512,0.235854341736695,71.1735799971094,2,0.0743009601906026
1513,0.228011204481793,71.2205521029051,2,0.0914882304135175
1514,0.234173669467787,71.2675242087007,2,0.0775224638794723
1515,0.241456582633053,71.3144963144963,2,0.0650714739017278
1516,0.250980392156863,71.361468420292,2,0.0536508877748693
1517,0.25546218487395,71.4084405260876,2,0.0497163162693664
1518,0.256582633053221,71.4554126318832,2,0.0488515488220386
1519,0.264425770308123,71.5023847376789,2,0.0439433035345035
1520,0.272268907563025,71.5493568434745,2,0.0407317431610217
1521,0.264985994397759,71.5963289492701,2,0.0436620705405833
1522,0.263865546218487,71.6433010550658,2,0.044233120021995
1523,0.263305322128852,71.6902731608614,2,0.0445316588243376
1524,0.264425770308123,71.737245266657,2,0.0439433035345035
1525,0.265546218487395,71.7842173724527,2,0.0433892866956426
1526,0.270028011204482,71.8311894782483,2,0.0414964707985745
1527,0.273389355742297,71.878161584044,2,0.0403921571893952
1528,0.278991596638655,71.9251336898396,2,0.0390984728868202
1529,0.277310924369748,71.9721057956352,2,0.0394178194855815
1530,0.280112044817927,72.0190779014309,2,0.0389172736534827
1531,0.280672268907563,72.0660500072265,2,0.0388360560460302
1532,0.279551820728291,72.1130221130221,2,0.039004732730844
1533,0.280112044817927,72.1599942188178,2,0.0389172736534827
1534,0.282352941176471,72.2069663246134,2,0.0386294987949298
1535,0.282352941176471,72.253938430409,2,0.0386294987949298
1536,0.278991596638655,72.3009105362047,2,0.0390984728868202
1537,0.286274509803922,72.3478826420003,2,0.0383604669124119
1538,0.283473389355742,72.3948547477959,2,0.0385224030077952
1539,0.281232492997199,72.4418268535916,2,0.0387610431656464
1540,0.279551820728291,72.4887989593872,2,0.039004732730844
1541,0.280672268907563,72.5357710651828,2,0.0388360560460302
1542,0.280672268907563,72.5827431709785,2,0.0388360560460302
1543,0.280112044817927,72.6297152767741,2,0.0389172736534827
1544,0.277871148459384,72.6766873825698,2,0.0393049693636574
1545,0.274509803921569,72.7236594883654,2,0.0400802351048689
1546,0.272829131652661,72.770631594161,2,0.0405584542537705
1547,0.270588235294118,72.8176036999566,2,0.0412943790230511
1548,0.269467787114846,72.8645758057523,2,0.0417059897887447
1549,0.26890756302521,72.9115479115479,2,0.0419230338584808
1550,0.270588235294118,72.9585200173436,2,0.0412943790230511
1551,0.271148459383753,73.0054921231392,2,0.0410996202780812
1552,0.273389355742297,73.0524642289348,2,0.0403921571893952
1553,0.271148459383753,73.0994363347305,2,0.0410996202780812
1554,0.270028011204482,73.1464084405261,2,0.0414964707985745
1555,0.269467787114846,73.1933805463217,2,0.0417059897887447
1556,0.266666666666667,73.2403526521174,2,0.0428685509064329
1557,0.266106442577031,73.287324757913,2,0.0431248220393905
1558,0.26218487394958,73.3342968637086,2,0.0451554816177529
1559,0.259383753501401,73.3812689695043,2,0.0468783018792113
1560,0.258823529411765,73.4282410752999,2,0.0472521869114428
1561,0.254341736694678,73.4752131810956,2,0.0506267478251039
1562,0.249859943977591,73.5221852868912,2,0.0547633945591814
1563,0.254901960784314,73.5691573926868,2,0.0501657120039081
1564,0.259943977591036,73.6161294984825,2,0.0465144230063947
1565,0.258823529411765,73.6631016042781,2,0.0472521869114428
1566,0.260504201680672,73.7100737100737,2,0.0461603719564252
1567,0.262745098039216,73.7570458158694,2,0.0448390633349203
1568,0.254901960784314,73.804017921665,2,0.0501657120039081
1569,0.267226890756303,73.8509900274606,2,0.0426203518397957
1570,0.269467787114846,73.8979621332563,2,0.0417059897887447
1571,0.273389355742297,73.9449342390519,2,0.0403921571893952
1572,0.271708683473389,73.9919063448475,2,0.0409121039955584
1573,0.26890756302521,74.0388784506432,2,0.0419230338584808
1574,0.268347338935574,74.0858505564388,2,0.042147704620908
1575,0.270588235294118,74.1328226622344,2,0.0412943790230511
1576,0.273949579831933,74.1797947680301,2,0.0402327752646841
1577,0.270588235294118,74.2267668738257,2,0.0412943790230511
1578,0.279551820728291,74.2737389796213,2,0.039004732730844
1579,0.279551820728291,74.320711085417,2,0.039004732730844
1580,0.278991596638655,74.3676831912126,2,0.0390984728868202
1581,0.284593837535014,74.4146552970083,2,0.038439562714697
1582,0.286274509803922,74.4616274028039,2,0.0383604669124119
1583,0.292436974789916,74.5085995085995,2,0.0385317591662603
1584,0.302521008403361,74.5555716143952,2,0.040423986883348
1585,0.294677871148459,74.6025437201908,2,0.0387751616598596
1586,0.29187675070028,74.6495158259864,2,0.0384861387247472
1587,0.29187675070028,74.6964879317821,2,0.0384861387247472
1588,0.287394957983193,74.7434600375777,2,0.0383377078048744
1589,0.284033613445378,74.7904321433733,2,0.0384779612717823
1590,0.280672268907563,74.837404249169,2,0.0388360560460302
1591,0.281232492997199,74.8843763549646,2,0.0387610431656464
1592,0.278991596638655,74.9313484607602,2,0.0390984728868202
1593,0.274509803921569,74.9783205665559,2,0.0400802351048689
1594,0.270028011204482,75.0252926723515,2,0.0414964707985745
1595,0.264985994397759,75.0722647781471,2,0.0436620705405833
1596,0.258263305322129,75.1192368839428,2,0.047636261891096
1597,0.256022408963585,75.1662089897384,2,0.0492783349604649
1598,0.250420168067227,75.2131810955341,2,0.0542002936541327
1599,0.253221288515406,75.2601532013297,2,0.0515846753144745
1600,0.250420168067227,75.3071253071253,2,0.0542002936541327
1601,0.244257703081232,75.354097412921,2,0.0612157362492645
1602,0.245378151260504,75.4010695187166,2,0.0597978492186256
1603,0.244817927170868,75.4480416245122,2,0.0604982976946113
1604,0.240336134453782,75.4950137303079,2,0.0667468407508129
1605,0.235294117647059,75.5419858361035,2,0.075349574733778
1606,0.236974789915966,75.5889579418991,2,0.0722765182168222
1607,0.246498599439776,75.6359300476948,2,0.0584464487377993
1608,0.254901960784314,75.6829021534904,2,0.0501657120039081
1609,0.242577030812325,75.729874259286,2,0.0634738525539232
1610,0.245378151260504,75.7768463650817,2,0.0597978492186256
1611,0.247058823529412,75.8238184708773,2,0.0577947840515302
1612,0.244817927170868,75.8707905766729,2,0.0604982976946113
1613,0.242577030812325,75.9177626824686,2,0.0634738525539232
1614,0.243697478991597,75.9647347882642,2,0.0619505457624394
1615,0.249859943977591,76.0117068940599,2,0.0547633945591814
1616,0.256582633053221,76.0586789998555,2,0.0488515488220386
1617,0.260504201680672,76.1056511056511,2,0.0461603719564252
1618,0.263865546218487,76.1526232114468,2,0.044233120021995
1619,0.265546218487395,76.1995953172424,2,0.0433892866956426
1620,0.266666666666667,76.246567423038,2,0.0428685509064329
1621,0.267787114845938,76.2935395288337,2,0.0423801075073241
1622,0.266666666666667,76.3405116346293,2,0.0428685509064329
1623,0.267226890756303,76.3874837404249,2,0.0426203518397957
1624,0.266666666666667,76.4344558462206,2,0.0428685509064329
1625,0.265546218487395,76.4814279520162,2,0.0433892866956426
1626,0.267226890756303,76.5284000578118,2,0.0426203518397957
1627,0.26890756302521,76.5753721636075,2,0.0419230338584808
1628,0.26890756302521,76.6223442694031,2,0.0419230338584808
1629,0.269467787114846,76.6693163751987,2,0.0417059897887447
1630,0.270028011204482,76.7162884809944,2,0.0414964707985745
1631,0.272829131652661,76.76326058679,2,0.0405584542537705
1632,0.275070028011205,76.8102326925856,2,0.0399344666131725
1633,0.282352941176471,76.8572047983813,2,0.0386294987949298
1634,0.281792717086835,76.9041769041769,2,0.0386922011101775
1635,0.280112044817927,76.9511490099726,2,0.0389172736534827
1636,0.277871148459384,76.9981211157682,2,0.0393049693636574
1637,0.276750700280112,77.0450932215638,2,0.0395371383525873
1638,0.277310924369748,77.0920653273595,2,0.0394178194855815
1639,0.280112044817927,77.1390374331551,2,0.0389172736534827
1640,0.283473389355742,77.1860095389507,2,0.0385224030077952
1641,0.284593837535014,77.2329816447464,2,0.038439562714697
1642,0.280672268907563,77.279953750542,2,0.0388360560460302
1643,0.277871148459384,77.3269258563376,2,0.0393049693636574
1644,0.277871148459384,77.3738979621333,2,0.0393049693636574
1645,0.280112044817927,77.4208700679289,2,0.0389172736534827
1646,0.282352941176471,77.4678421737245,2,0.0386294987949298
1647,0.281232492997199,77.5148142795202,2,0.0387610431656464
1648,0.276190476190476,77.5617863853158,2,0.0396629803501007
1649,0.267787114845938,77.6087584911114,2,0.0423801075073241
1650,0.257703081232493,77.6557305969071,2,0.0480307161828808
1651,0.229131652661064,77.7027027027027,2,0.0886728967767387
1652,0.214005602240896,77.7496748084984,2,0.140458594489107
1653,0.194957983193277,77.796646914294,2,0.270827013825428
1654,0.18375350140056,77.8436190200896,2,0.396545252639417
1655,0.188795518207283,77.8905911258853,2,0.335222902234861
1656,0.170868347338936,77.9375632316809,1,0.578458426679693
1657,0.146778711484594,77.9845353374765,1,0.872494165265493
1658,0.113725490196078,78.0315074432722,1,0.990202584704923
1659,0.0873949579831933,78.0784795490678,1,0.99922720670534
1660,0.0868347338935574,78.1254516548634,1,0.999270812921576
1661,0.0913165266106443,78.1724237606591,1,0.998844876676939
1662,0.0997198879551821,78.2193958664547,1,0.997340644338978
1663,0.129971988795518,78.2663679722503,1,0.961645119791548
1664,0.166386554621849,78.313340078046,1,0.643978175714878
1665,0.180952380952381,78.3603121838416,2,0.433617379001415
1666,0.203361344537815,78.4072842896372,2,0.201688987351548
1667,0.230812324929972,78.4542563954329,2,0.0846906855666082
1668,0.244817927170868,78.5012285012285,2,0.0604982976946113
1669,0.247619047619048,78.5482006070242,2,0.0571586836398206
1670,0.249859943977591,78.5951727128198,2,0.0547633945591814
1671,0.259383753501401,78.6421448186154,2,0.0468783018792113
1672,0.26890756302521,78.6891169244111,2,0.0419230338584808
1673,0.26890756302521,78.7360890302067,2,0.0419230338584808
1674,0.271148459383753,78.7830611360023,2,0.0410996202780812
1675,0.270028011204482,78.830033241798,2,0.0414964707985745
1676,0.266106442577031,78.8770053475936,2,0.0431248220393905
1677,0.261624649859944,78.9239774533892,2,0.0454810665091231
1678,0.261624649859944,78.9709495591849,2,0.0454810665091231
1679,0.269467787114846,79.0179216649805,2,0.0417059897887447
1680,0.27843137254902,79.0648937707761,2,0.0391985366231322
1681,0.270028011204482,79.1118658765718,2,0.0414964707985745
1682,0.274509803921569,79.1588379823674,2,0.0400802351048689
1683,0.276190476190476,79.205810088163,2,0.0396629803501007
1684,0.27843137254902,79.2527821939587,2,0.0391985366231322
1685,0.276190476190476,79.2997542997543,2,0.0396629803501007
1686,0.27843137254902,79.3467264055499,2,0.0391985366231322
1687,0.281232492997199,79.3936985113456,2,0.0387610431656464
1688,0.282913165266106,79.4406706171412,2,0.0385729079313784
1689,0.279551820728291,79.4876427229369,2,0.039004732730844
1690,0.277310924369748,79.5346148287325,2,0.0394178194855815
1691,0.276750700280112,79.5815869345281,2,0.0395371383525873
1692,0.278991596638655,79.6285590403238,2,0.0390984728868202
1693,0.27843137254902,79.6755311461194,2,0.0391985366231322
1694,0.280112044817927,79.722503251915,2,0.0389172736534827
1695,0.277871148459384,79.7694753577107,2,0.0393049693636574
1696,0.275070028011205,79.8164474635063,2,0.0399344666131725
1697,0.26890756302521,79.8634195693019,2,0.0419230338584808
1698,0.276750700280112,79.9103916750976,2,0.0395371383525873
1699,0.284033613445378,79.9573637808932,2,0.0384779612717823
1700,0.285714285714286,80.0043358866888,2,0.0383808287412194
1701,0.282352941176471,80.0513079924845,2,0.0386294987949298
1702,0.27843137254902,80.0982800982801,2,0.0391985366231322
1703,0.27843137254902,80.1452522040757,2,0.0391985366231322
1704,0.279551820728291,80.1922243098714,2,0.039004732730844
1705,0.280672268907563,80.239196415667,2,0.0388360560460302
1706,0.280112044817927,80.2861685214627,2,0.0389172736534827
1707,0.278991596638655,80.3331406272583,2,0.0390984728868202
1708,0.27843137254902,80.3801127330539,2,0.0391985366231322
1709,0.277871148459384,80.4270848388496,2,0.0393049693636574
1710,0.276750700280112,80.4740569446452,2,0.0395371383525873
1711,0.272268907563025,80.5210290504408,2,0.0407317431610217
1712,0.269467787114846,80.5680011562365,2,0.0417059897887447
1713,0.266106442577031,80.6149732620321,2,0.0431248220393905
1714,0.271148459383753,80.6619453678277,2,0.0410996202780812
1715,0.279551820728291,80.7089174736234,2,0.039004732730844
1716,0.287394957983193,80.755889579419,2,0.0383377078048744
1717,0.29187675070028,80.8028616852146,2,0.0384861387247472
1718,0.296918767507003,80.8498337910103,2,0.0391174558584947
1719,0.300280112044818,80.8968058968059,2,0.0398219528059288
1720,0.303641456582633,80.9437780026015,2,0.0407662982371635
1721,0.294117647058824,80.9907501083972,2,0.0387051208148731
1722,0.294117647058824,81.0377222141928,2,0.0387051208148731
1723,0.300840336134454,81.0846943199885,2,0.039962316672086
1724,0.30812324929972,81.1316664257841,2,0.0424262592427234
1725,0.308683473389356,81.1786385315797,2,0.0426680431683969
1726,0.299719887955182,81.2256106373754,2,0.0396882422079146
1727,0.294117647058824,81.272582743171,2,0.0387051208148731
1728,0.292436974789916,81.3195548489666,2,0.0385317591662603
1729,0.283473389355742,81.3665269547623,2,0.0385224030077952
1730,0.282352941176471,81.4134990605579,2,0.0386294987949298
1731,0.281232492997199,81.4604711663535,2,0.0387610431656464
1732,0.280112044817927,81.5074432721492,2,0.0389172736534827
1733,0.283473389355742,81.5544153779448,2,0.0385224030077952
1734,0.286834733893557,81.6013874837404,2,0.0383460954196302
1735,0.292997198879552,81.6483595895361,2,0.038583447009159
1736,0.296918767507003,81.6953316953317,2,0.0391174558584947
1737,0.307002801120448,81.7423038011273,2,0.0419661708650551
1738,0.305882352941176,81.789275906923,2,0.0415366739840596
1739,0.304761904761905,81.8362480127186,2,0.0411369647009354
1740,0.304761904761905,81.8832201185142,2,0.0411369647009354
1741,0.305322128851541,81.9301922243099,2,0.0413331438022323
1742,0.299719887955182,81.9771643301055,2,0.0396882422079146
1743,0.287955182072829,82.0241364359012,2,0.0383353002996314
1744,0.276190476190476,82.0711085416968,2,0.0396629803501007
1745,0.254341736694678,82.1180806474924,2,0.0506267478251039
1746,0.245378151260504,82.1650527532881,2,0.0597978492186256
1747,0.23249299719888,82.2120248590837,2,0.0809800016654873
1748,0.221288515406162,82.2589969648793,2,0.111463953304766
1749,0.215126050420168,82.305969070675,2,0.135410345606024
1750,0.212324929971989,82.3529411764706,2,0.14847889746188
1751,0.208963585434174,82.3999132822662,2,0.166256640330474
1752,0.206162464985994,82.4468853880619,2,0.183006504695312
1753,0.230812324929972,82.4938574938575,2,0.0846906855666082
1754,0.2296918767507,82.5408295996532,2,0.0873141345910562
1755,0.225770308123249,82.5878017054488,2,0.0975321348556675
1756,0.226890756302521,82.6347738112444,2,0.094439155878673
1757,0.223529411764706,82.68174591704,2,0.104171539021967
1758,0.22296918767507,82.7287180228357,2,0.105931072279774
1759,0.223529411764706,82.7756901286313,2,0.104171539021967
1760,0.224089635854342,82.822662234427,2,0.102452795616784
1761,0.230812324929972,82.8696343402226,2,0.0846906855666082
1762,0.229131652661064,82.9166064460182,2,0.0886728967767387
1763,0.223529411764706,82.9635785518139,2,0.104171539021967
1764,0.212885154061625,83.0105506576095,2,0.145744087373624
1765,0.203361344537815,83.0575227634051,2,0.201688987351548
1766,0.194957983193277,83.1044948692008,2,0.270827013825428
1767,0.192717086834734,83.1514669749964,2,0.292864878876087
1768,0.191596638655462,83.198439080792,2,0.304475158896413
1769,0.19327731092437,83.2454111865877,2,0.28720783559683
1770,0.201120448179272,83.2923832923833,2,0.218132637970216
1771,0.211764705882353,83.3393553981789,2,0.151276759646458
1772,0.222408963585434,83.3863275039746,2,0.10773234026735
1773,0.225210084033613,83.4332996097702,2,0.0991339919636356
1774,0.222408963585434,83.4802717155658,2,0.10773234026735
1775,0.211764705882353,83.5272438213615,2,0.151276759646458
1776,0.203921568627451,83.5742159271571,2,0.19779018733207
1777,0.207843137254902,83.6211880329528,2,0.172735047998205
1778,0.210644257703081,83.6681601387484,2,0.157066733293347
1779,0.214565826330532,83.715132244544,2,0.137905427399048
1780,0.220168067226891,83.7621043503397,2,0.115374310509624
1781,0.22296918767507,83.8090764561353,2,0.105931072279774
1782,0.224649859943978,83.8560485619309,2,0.100773915821301
1783,0.221848739495798,83.9030206677266,2,0.109576306533017
1784,0.221848739495798,83.9499927735222,2,0.109576306533017
1785,0.208403361344538,83.9969648793178,2,0.16945979289131
1786,0.214565826330532,84.0439369851135,2,0.137905427399048
1787,0.223529411764706,84.0909090909091,2,0.104171539021967
1788,0.227450980392157,84.1378811967047,2,0.0929463469686119
1789,0.223529411764706,84.1848533025004,2,0.104171539021967
1790,0.207843137254902,84.231825408296,2,0.172735047998205
1791,0.189355742296919,84.2787975140917,2,0.328877866445717
1792,0.17703081232493,84.3257696198873,2,0.4883988625116
1793,0.127731092436975,84.3727417256829,1,0.967889487418614
1794,0.096358543417367,84.4197138314785,1,0.998086265733585
1795,0.0661064425770308,84.4666859372742,1,0.99992421117054
1796,0.0593837535014006,84.5136580430698,1,0.999965331336887
1797,0.0588235294117647,84.5606301488655,1,0.999967553109563
1798,0.0605042016806723,84.6076022546611,1,0.999960440241954
1799,0.0677871148459384,84.6545743604567,1,0.999908180486356
1800,0.080672268907563,84.7015464662524,1,0.999619227892903
1801,0.112605042016807,84.748518572048,1,0.991136919226524
1802,0.113725490196078,84.7954906778436,1,0.990202584704923
1803,0.120448179271709,84.8424627836393,1,0.982405364515094
1804,0.130532212885154,84.8894348894349,1,0.959925923748295
1805,0.145658263305322,84.9364069952305,1,0.88134449409073
1806,0.157422969187675,84.9833791010262,1,0.764274672013443
1807,0.163585434173669,85.0303512068218,1,0.68364719151985
1808,0.163585434173669,85.0773233126175,1,0.68364719151985
1809,0.174229691876751,85.1242954184131,1,0.528990284162005
1810,0.176470588235294,85.1712675242087,2,0.496440962449082
1811,0.180392156862745,85.2182396300043,2,0.44125602918874
1812,0.185434173669468,85.2652117358,2,0.375287559046385
1813,0.187114845938375,85.3121838415956,2,0.354834063158658
1814,0.189915966386555,85.3591559473913,2,0.322630090110826
1815,0.192156862745098,85.4061280531869,2,0.298620637961787
1816,0.192156862745098,85.4531001589825,2,0.298620637961787
1817,0.198319327731092,85.5000722647782,2,0.240681691881796
1818,0.203361344537815,85.5470443705738,2,0.201688987351548
1819,0.211204481792717,85.5940164763694,2,0.154138944784335
1820,0.220168067226891,85.6409885821651,2,0.115374310509624
1821,0.226330532212885,85.6879606879607,2,0.0959674736836574
1822,0.230812324929972,85.7349327937563,2,0.0846906855666082
1823,0.234733893557423,85.781904899552,2,0.0764232130046199
1824,0.238095238095238,85.8288770053476,2,0.0703454580298313
1825,0.233613445378151,85.8758491111432,2,0.0786479308455247
1826,0.233053221288515,85.9228212169389,2,0.079800232269624
1827,0.234173669467787,85.9697933227345,2,0.0775224638794723
1828,0.23249299719888,86.0167654285301,2,0.0809800016654873
1829,0.231372549019608,86.0637375343258,2,0.083424555748535
1830,0.2296918767507,86.1107096401214,2,0.0873141345910562
1831,0.228571428571429,86.1576817459171,2,0.0900640074257819
1832,0.228011204481793,86.2046538517127,2,0.0914882304135175
1833,0.241456582633053,86.2516259575083,2,0.0650714739017278
1834,0.243137254901961,86.298598063304,2,0.0627031173410711
1835,0.244817927170868,86.3455701690996,2,0.0604982976946113
1836,0.244257703081233,86.3925422748952,2,0.0612157362492645
1837,0.243137254901961,86.4395143806909,2,0.0627031173410711
1838,0.244817927170868,86.4864864864865,2,0.0604982976946113
1839,0.247619047619048,86.5334585922821,2,0.0571586836398206
1840,0.251540616246499,86.5804306980778,2,0.053114894215835
1841,0.250420168067227,86.6274028038734,2,0.0542002936541327
1842,0.249859943977591,86.674374909669,2,0.0547633945591814
1843,0.246498599439776,86.7213470154647,2,0.0584464487377993
1844,0.241456582633053,86.7683191212603,2,0.0650714739017278
1845,0.234173669467787,86.815291227056,2,0.0775224638794723
1846,0.233053221288515,86.8622633328516,2,0.079800232269624
1847,0.236414565826331,86.9092354386472,2,0.0732767948397886
1848,0.23921568627451,86.9562075444428,2,0.0685035670796927
1849,0.238655462184874,87.0031796502385,2,0.0694136214623099
1850,0.242577030812325,87.0501517560341,2,0.0634738525539232
1851,0.240896358543417,87.0971238618298,2,0.0658992176491101
1852,0.233613445378151,87.1440959676254,2,0.0786479308455247
1853,0.219607843137255,87.191068073421,2,0.117399078427169
1854,0.2,87.2380401792167,2,0.226879842506765
1855,0.182633053221289,87.2850122850123,2,0.411139195530895
1856,0.172549019607843,87.3319843908079,1,0.553677353559913
1857,0.152941176470588,87.3789564966036,1,0.81511913389232
1858,0.117086834733894,87.4259286023992,1,0.986825125241773
1859,0.104761904761905,87.4729007081948,1,0.995693411791503
1860,0.0913165266106443,87.5198728139905,1,0.998844876676939
1861,0.0453781512605042,87.5668449197861,1,0.999993694854507
1862,0.0151260504201681,87.6138170255818,1,0.999999887664979
1863,0.0140056022408964,87.6607891313774,1,0.999999904107113
1864,0.00728291316526611,87.707761237173,1,0.999999963398629
1865,0.00672268907563025,87.7547333429686,1,0.999999966257122
1866,0.00392156862745098,87.8017054487643,1,0.999999977584447
1867,0.00560224089635854,87.8486775545599,1,0.999999971335765
1868,0.0162464985994398,87.8956496603556,1,0.999999868488959
1869,0.0403361344537815,87.9426217661512,1,0.999996670119677
1870,0.0700280112044818,87.9895938719468,1,0.999881681382585
1871,0.107002801120448,88.0365659777425,1,0.994688342447919
1872,0.131652661064426,88.0835380835381,1,0.956283906091353
1873,0.11484593837535,88.1305101893337,1,0.989177776737616
1874,0.13109243697479,88.1774822951294,1,0.958139527589285
1875,0.143977591036415,88.224454400925,1,0.893736206995536
1876,0.159103641456583,88.2714265067206,1,0.74339220057081
1877,0.17703081232493,88.3183986125163,2,0.4883988625116
1878,0.184313725490196,88.3653707183119,2,0.38937287559427
1879,0.182633053221289,88.4123428241075,2,0.411139195530895
1880,0.188235294117647,88.4593149299032,2,0.341664516405858
1881,0.196078431372549,88.5062870356988,2,0.260394763976012
1882,0.2,88.5532591414945,2,0.226879842506765
1883,0.205042016806723,88.6002312472901,2,0.190238569316353
1884,0.212324929971989,88.6472033530857,2,0.14847889746188
1885,0.21344537815126,88.6941754588814,2,0.143071069205654
1886,0.21624649859944,88.741147564677,2,0.130589620617433
1887,0.217366946778711,88.7881196704726,2,0.125986938192021
1888,0.216806722689076,88.8350917762683,2,0.128261606795725
1889,0.230252100840336,88.8820638820639,2,0.0859869741302575
1890,0.236414565826331,88.9290359878595,2,0.0732767948397886
1891,0.248739495798319,88.9760080936552,2,0.0559318520429217
1892,0.260504201680672,89.0229801994508,2,0.0461603719564252
1893,0.26890756302521,89.0699523052464,2,0.0419230338584808
1894,0.272268907563025,89.1169244110421,2,0.0407317431610217
1895,0.273949579831933,89.1638965168377,2,0.0402327752646841
1896,0.274509803921569,89.2108686226333,2,0.0400802351048689
1897,0.281232492997199,89.257840728429,2,0.0387610431656464
1898,0.280672268907563,89.3048128342246,2,0.0388360560460302
1899,0.277310924369748,89.3517849400203,2,0.0394178194855815
1900,0.276190476190476,89.3987570458159,2,0.0396629803501007
1901,0.272829131652661,89.4457291516115,2,0.0405584542537705
1902,0.270588235294118,89.4927012574071,2,0.0412943790230511
1903,0.267787114845938,89.5396733632028,2,0.0423801075073241
1904,0.266106442577031,89.5866454689984,2,0.0431248220393905
1905,0.271148459383753,89.6336175747941,2,0.0410996202780812
1906,0.258823529411765,89.6805896805897,2,0.0472521869114428
1907,0.250420168067227,89.7275617863853,2,0.0542002936541327
1908,0.242577030812325,89.774533892181,2,0.0634738525539232
1909,0.230812324929972,89.8215059979766,2,0.0846906855666082
1910,0.231372549019608,89.8684781037722,2,0.083424555748535
1911,0.23921568627451,89.9154502095679,2,0.0685035670796927
1912,0.234733893557423,89.9624223153635,2,0.0764232130046199
1913,0.221288515406162,90.0093944211591,2,0.111463953304766
1914,0.220728291316527,90.0563665269548,2,0.113396281467939
1915,0.220728291316527,90.1033386327504,2,0.113396281467939
1916,0.224089635854342,90.1503107385461,2,0.102452795616784
1917,0.224089635854342,90.1972828443417,2,0.102452795616784
1918,0.219607843137255,90.2442549501373,2,0.117399078427169
1919,0.207282913165266,90.2912270559329,2,0.176083714102236
1920,0.197198879551821,90.3381991617286,2,0.250348189798963
1921,0.19047619047619,90.3851712675242,2,0.316480121128861
1922,0.189355742296919,90.4321433733199,2,0.328877866445717
1923,0.187675070028011,90.4791154791155,2,0.348201890249528
1924,0.19047619047619,90.5260875849111,2,0.316480121128861
1925,0.2,90.5730596907068,2,0.226879842506765
1926,0.211764705882353,90.6200317965024,2,0.151276759646458
1927,0.222408963585434,90.667003902298,2,0.10773234026735
1928,0.228571428571429,90.7139760080937,2,0.090064007425782
1929,0.221848739495798,90.7609481138893,2,0.109576306533017
1930,0.22296918767507,90.8079202196849,2,0.105931072279774
1931,0.226330532212885,90.8548923254806,2,0.0959674736836574
1932,0.227450980392157,90.9018644312762,2,0.0929463469686119
1933,0.228011204481793,90.9488365370718,2,0.0914882304135175
1934,0.224649859943978,90.9958086428675,2,0.100773915821301
1935,0.225770308123249,91.0427807486631,2,0.0975321348556675
1936,0.225770308123249,91.0897528544588,2,0.0975321348556675
1937,0.237535014005602,91.1367249602544,2,0.0712995836578069
1938,0.238655462184874,91.18369706605,2,0.0694136214623099
1939,0.236974789915966,91.2306691718457,2,0.0722765182168223
1940,0.231932773109244,91.2776412776413,2,0.0821878879586631
1941,0.224089635854342,91.3246133834369,2,0.102452795616784
1942,0.227450980392157,91.3715854892326,2,0.0929463469686119
1943,0.236414565826331,91.4185575950282,2,0.0732767948397886
1944,0.244817927170868,91.4655297008238,2,0.0604982976946113
1945,0.235854341736695,91.5125018066195,2,0.0743009601906026
1946,0.236974789915966,91.5594739124151,2,0.0722765182168223
1947,0.23921568627451,91.6064460182107,2,0.0685035670796927
1948,0.244817927170868,91.6534181240064,2,0.0604982976946113
1949,0.251540616246499,91.700390229802,2,0.053114894215835
1950,0.259383753501401,91.7473623355976,2,0.0468783018792113
1951,0.265546218487395,91.7943344413933,2,0.0433892866956426
1952,0.270028011204482,91.8413065471889,2,0.0414964707985745
1953,0.261064425770308,91.8882786529846,2,0.0458159757224549
1954,0.259383753501401,91.9352507587802,2,0.0468783018792113
1955,0.261064425770308,91.9822228645758,2,0.0458159757224549
1956,0.264425770308123,92.0291949703715,2,0.0439433035345035
1957,0.265546218487395,92.0761670761671,2,0.0433892866956426
1958,0.266106442577031,92.1231391819627,2,0.0431248220393905
1959,0.259383753501401,92.1701112877584,2,0.0468783018792113
1960,0.254341736694678,92.217083393554,2,0.0506267478251039
1961,0.258823529411765,92.2640554993496,2,0.0472521869114428
1962,0.249859943977591,92.3110276051453,2,0.0547633945591814
1963,0.239775910364146,92.3579997109409,2,0.0676148007359003
1964,0.224649859943978,92.4049718167365,2,0.100773915821301
1965,0.208963585434174,92.4519439225322,2,0.166256640330474
1966,0.189355742296919,92.4989160283278,2,0.328877866445717
1967,0.172549019607843,92.5458881341234,1,0.553677353559913
1968,0.164145658263305,92.5928602399191,1,0.675830840677035
1969,0.15406162464986,92.6398323457147,1,0.80310405547129
1970,0.143977591036415,92.6868044515104,1,0.893736206995536
1971,0.138935574229692,92.733776557306,1,0.924911400696496
1972,0.134453781512605,92.7807486631016,1,0.945895092472556
1973,0.131652661064426,92.8277207688973,1,0.956283906091353
1974,0.138375350140056,92.8746928746929,1,0.927857429563961
1975,0.151820728291317,92.9216649804885,1,0.8266523430477
1976,0.153501400560224,92.9686370862842,1,0.809171331637421
1977,0.165266106442577,93.0156091920798,1,0.660012677465136
1978,0.155742296918768,93.0625812978754,1,0.784198748270018
1979,0.15406162464986,93.1095534036711,1,0.80310405547129
1980,0.161904761904762,93.1565255094667,1,0.706672314231835
1981,0.168627450980392,93.2034976152623,1,0.611414788809156
1982,0.177591036414566,93.250469721058,2,0.480403245805706
1983,0.196078431372549,93.2974418268536,2,0.260394763976012
1984,0.21624649859944,93.3444139326492,2,0.130589620617433
1985,0.219047619047619,93.3913860384449,2,0.119471641598086
1986,0.224649859943978,93.4383581442405,2,0.100773915821301
1987,0.233613445378151,93.4853302500361,2,0.0786479308455247
1988,0.243137254901961,93.5323023558318,2,0.0627031173410711
1989,0.250980392156863,93.5792744616274,2,0.0536508877748693
1990,0.261064425770308,93.6262465674231,2,0.0458159757224549
1991,0.275070028011205,93.6732186732187,2,0.0399344666131725
1992,0.283473389355742,93.7201907790143,2,0.0385224030077952
1993,0.280672268907563,93.76716288481,2,0.0388360560460302
1994,0.294117647058824,93.8141349906056,2,0.0387051208148731
1995,0.310364145658263,93.8611070964012,2,0.0434417351400998
1996,0.313725490196078,93.9080792021969,2,0.0452181418924969
1997,0.308683473389356,93.9550513079925,2,0.0426680431683969
1998,0.304761904761905,94.0020234137881,2,0.0411369647009354
1999,0.310364145658263,94.0489955195838,2,0.0434417351400998
2000,0.317086834733894,94.0959676253794,2,0.0473261526284458
2001,0.32436974789916,94.142939731175,2,0.0532182012044976
2002,0.329411764705882,94.1899118369707,2,0.0585751513478608
2003,0.329971988795518,94.2368839427663,2,0.0592458597582786
2004,0.324929971988796,94.2838560485619,2,0.0537567840318549
2005,0.321008403361345,94.3308281543576,2,0.050254545180477
2006,0.318767507002801,94.3778002601532,2,0.0485158410325223
2007,0.314285714285714,94.4247723659489,2,0.0455455294920632
2008,0.310924369747899,94.4717444717445,2,0.0437161535117571
2009,0.313725490196078,94.5187165775401,2,0.0452181418924969
2010,0.310364145658263,94.5656886833358,2,0.0434417351400998
2011,0.303081232492997,94.6126607891314,2,0.0405916389769136
2012,0.296918767507003,94.659632894927,2,0.0391174558584947
2013,0.292997198879552,94.7066050007227,2,0.038583447009159
2014,0.291316526610644,94.7535771065183,2,0.0384465651429647
2015,0.292436974789916,94.8005492123139,2,0.0385317591662603
2016,0.292436974789916,94.8475213181096,2,0.0385317591662603
2017,0.29187675070028,94.8944934239052,2,0.0384861387247472
2018,0.294677871148459,94.9414655297008,2,0.0387751616598596
2019,0.30140056022409,94.9884376354965,2,0.0401093981058284
2020,0.30812324929972,95.0354097412921,2,0.0424262592427234
2021,0.311484593837535,95.0823818470877,2,0.0439990468395908
2022,0.30812324929972,95.1293539528834,2,0.0424262592427234
2023,0.299719887955182,95.176326058679,2,0.0396882422079146
2024,0.292436974789916,95.2232981644747,2,0.0385317591662603
2025,0.286274509803922,95.2702702702703,2,0.0383604669124119
2026,0.278991596638655,95.3172423760659,2,0.0390984728868202
2027,0.269467787114846,95.3642144818616,2,0.0417059897887447
2028,0.261624649859944,95.4111865876572,2,0.0454810665091231
2029,0.258823529411765,95.4581586934528,2,0.0472521869114428
2030,0.261624649859944,95.5051307992485,2,0.0454810665091231
2031,0.263305322128852,95.5521029050441,2,0.0445316588243376
2032,0.266666666666667,95.5990750108397,2,0.0428685509064329
2033,0.280672268907563,95.6460471166354,2,0.0388360560460302
2034,0.281232492997199,95.693019222431,2,0.0387610431656464
2035,0.282352941176471,95.7399913282266,2,0.0386294987949298
2036,0.282352941176471,95.7869634340223,2,0.0386294987949298
2037,0.279551820728291,95.8339355398179,2,0.039004732730844
2038,0.278991596638655,95.8809076456135,2,0.0390984728868202
2039,0.278991596638655,95.9278797514092,2,0.0390984728868202
2040,0.281792717086835,95.9748518572048,2,0.0386922011101775
2041,0.288515406162465,96.0218239630004,2,0.0383388718222979
2042,0.291316526610644,96.0687960687961,2,0.0384465651429647
2043,0.292997198879552,96.1157681745917,2,0.038583447009159
2044,0.292997198879552,96.1627402803874,2,0.038583447009159
2045,0.296918767507003,96.209712386183,2,0.0391174558584947
2046,0.300840336134454,96.2566844919786,2,0.039962316672086
2047,0.29859943977591,96.3036565977743,2,0.0394405393187784
2048,0.294677871148459,96.3506287035699,2,0.0387751616598596
2049,0.285714285714286,96.3976008093655,2,0.0383808287412194
2050,0.273949579831933,96.4445729151612,2,0.0402327752646841
2051,0.27563025210084,96.4915450209568,2,0.0397954029226229
2052,0.279551820728291,96.5385171267524,2,0.039004732730844
2053,0.276750700280112,96.5854892325481,2,0.0395371383525873
2054,0.277871148459384,96.6324613383437,2,0.0393049693636574
2055,0.282352941176471,96.6794334441393,2,0.0386294987949298
2056,0.278991596638655,96.726405549935,2,0.0390984728868202
2057,0.282352941176471,96.7733776557306,2,0.0386294987949298
2058,0.282352941176471,96.8203497615262,2,0.0386294987949298
2059,0.283473389355742,96.8673218673219,2,0.0385224030077952
2060,0.282913165266106,96.9142939731175,2,0.0385729079313784
2061,0.282913165266106,96.9612660789132,2,0.0385729079313784
2062,0.282913165266106,97.0082381847088,2,0.0385729079313784
2063,0.281792717086835,97.0552102905044,2,0.0386922011101775
2064,0.282352941176471,97.1021823963001,2,0.0386294987949298
2065,0.273949579831933,97.1491545020957,2,0.0402327752646841
2066,0.277871148459384,97.1961266078913,2,0.0393049693636574
2067,0.280112044817927,97.243098713687,2,0.0389172736534827
2068,0.27843137254902,97.2900708194826,2,0.0391985366231322
2069,0.27563025210084,97.3370429252782,2,0.0397954029226229
2070,0.269467787114846,97.3840150310739,2,0.0417059897887447
2071,0.259943977591036,97.4309871368695,2,0.0465144230063948
2072,0.249859943977591,97.4779592426651,2,0.0547633945591814
2073,0.241456582633053,97.5249313484608,2,0.0650714739017278
2074,0.242577030812325,97.5719034542564,2,0.0634738525539232
2075,0.244817927170868,97.618875560052,2,0.0604982976946113
2076,0.250980392156863,97.6658476658477,2,0.0536508877748693
2077,0.258263305322129,97.7128197716433,2,0.047636261891096
2078,0.266666666666667,97.759791877439,2,0.0428685509064329
2079,0.275070028011205,97.8067639832346,2,0.0399344666131725
2080,0.279551820728291,97.8537360890302,2,0.039004732730844
2081,0.271148459383753,97.9007081948259,2,0.0410996202780812
2082,0.26890756302521,97.9476803006215,2,0.0419230338584808
2083,0.270028011204482,97.9946524064171,2,0.0414964707985745
2084,0.273389355742297,98.0416245122128,2,0.0403921571893952
2085,0.272268907563025,98.0885966180084,2,0.0407317431610217
2086,0.267787114845938,98.135568723804,2,0.0423801075073241
2087,0.270028011204482,98.1825408295997,2,0.0414964707985745
2088,0.277310924369748,98.2295129353953,2,0.0394178194855815
2089,0.279551820728291,98.2764850411909,2,0.039004732730844
2090,0.286834733893557,98.3234571469866,2,0.0383460954196302
2091,0.29187675070028,98.3704292527822,2,0.0384861387247472
2092,0.290196078431373,98.4174013585778,2,0.0383854900426841
2093,0.288515406162465,98.4643734643735,2,0.0383388718222979
2094,0.28515406162465,98.5113455701691,2,0.0384071900579576
2095,0.280672268907563,98.5583176759647,2,0.0388360560460302
2096,0.274509803921569,98.6052897817604,2,0.0400802351048689
2097,0.273949579831933,98.652261887556,2,0.0402327752646841
2098,0.272268907563025,98.6992339933517,2,0.0407317431610217
2099,0.272829131652661,98.7462060991473,2,0.0405584542537705
2100,0.272268907563025,98.7931782049429,2,0.0407317431610217
2101,0.270028011204482,98.8401503107386,2,0.0414964707985745
2102,0.267226890756303,98.8871224165342,2,0.0426203518397957
2103,0.272829131652661,98.9340945223298,2,0.0405584542537705
2104,0.281232492997199,98.9810666281255,2,0.0387610431656464
2105,0.277871148459384,99.0280387339211,2,0.0393049693636574
2106,0.284033613445378,99.0750108397167,2,0.0384779612717823
2107,0.286834733893557,99.1219829455124,2,0.0383460954196302
2108,0.285714285714286,99.168955051308,2,0.0383808287412194
2109,0.289635854341737,99.2159271571036,2,0.0383639610568897
2110,0.295798319327731,99.2628992628993,2,0.038933809413045
2111,0.290756302521008,99.3098713686949,2,0.0384130206118378
2112,0.282913165266106,99.3568434744905,2,0.0385729079313784
2113,0.270028011204482,99.4038155802862,2,0.0414964707985745
2114,0.253781512605042,99.4507876860818,2,0.0510996559514405
2115,0.242016806722689,99.4977597918775,2,0.0642631636701746
2116,0.234173669467787,99.5447318976731,2,0.0775224638794723
2117,0.228571428571429,99.5917040034687,2,0.090064007425782
2118,0.225770308123249,99.6386761092644,2,0.0975321348556675
2119,0.219607843137255,99.68564821506,2,0.117399078427169
2120,0.207843137254902,99.7326203208556,2,0.172735047998205
2121,0.201680672268908,99.7795924266513,2,0.213892083946832
2122,0.196078431372549,99.8265645324469,2,0.260394763976012
2123,0.194957983193277,99.8735366382425,2,0.270827013825428
2124,0.194957983193277,99.9205087440382,2,0.270827013825428
2125,0.189915966386555,99.9674808498338,2,0.322630090110826
2126,0.169747899159664,100.014452955629,1,0.594965540822835
2127,0.149579831932773,100.061425061425,1,0.848251944302899
2128,0.136134453781513,100.108397167221,1,0.938697569226325
2129,0.129411764705882,100.155369273016,1,0.963299115886156
2130,0.135574229691877,100.202341378812,1,0.941182039543258
2131,0.142857142857143,100.249313484608,1,0.901423134534888
2132,0.155182072829132,100.296285590403,1,0.790616228598516
2133,0.166386554621849,100.343257696199,1,0.643978175714878
2134,0.173669467787115,100.390229801995,1,0.537200808450106
2135,0.175910364145658,100.43720190779,1,0.504525445493931
2136,0.175350140056022,100.484174013586,1,0.512648081379669
2137,0.179831932773109,100.531146119381,2,0.448962707619833
2138,0.174229691876751,100.578118225177,1,0.528990284162005
2139,0.175350140056022,100.625090330973,1,0.512648081379669
2140,0.177591036414566,100.672062436768,2,0.480403245805706
2141,0.178711484593838,100.719034542564,2,0.464567172896873
2142,0.179271708683473,100.76600664836,2,0.456734210126227
2143,0.188235294117647,100.812978754155,2,0.341664516405858
2144,0.197759103641457,100.859950859951,2,0.245467823198574
2145,0.194957983193277,100.906922965747,2,0.270827013825428
2146,0.205602240896359,100.953895071542,2,0.186583231459786
2147,0.218487394957983,101.000867177338,2,0.121593074608504
2148,0.224649859943978,101.047839283133,2,0.100773915821301
2149,0.234173669467787,101.094811388929,2,0.0775224638794723
2150,0.244817927170868,101.141783494725,2,0.0604982976946113
2151,0.250420168067227,101.18875560052,2,0.0542002936541327
2152,0.250420168067227,101.235727706316,2,0.0542002936541327
2153,0.256022408963585,101.282699812112,2,0.0492783349604649
2154,0.25266106442577,101.329671917907,2,0.0520820517184501
2155,0.25546218487395,101.376644023703,2,0.0497163162693664
2156,0.259943977591036,101.423616129498,2,0.0465144230063947
2157,0.261624649859944,101.470588235294,2,0.0454810665091231
2158,0.262745098039216,101.51756034109,2,0.0448390633349203
2159,0.267226890756303,101.564532446885,2,0.0426203518397957
2160,0.271708683473389,101.611504552681,2,0.0409121039955584
2161,0.269467787114846,101.658476658477,2,0.0417059897887447
2162,0.271148459383753,101.705448764272,2,0.0410996202780812
2163,0.275070028011205,101.752420870068,2,0.0399344666131725
2164,0.277871148459384,101.799392975864,2,0.0393049693636574
2165,0.275070028011205,101.846365081659,2,0.0399344666131725
2166,0.270028011204482,101.893337187455,2,0.0414964707985745
2167,0.263865546218487,101.94030929325,2,0.044233120021995
2168,0.261064425770308,101.987281399046,2,0.0458159757224549
2169,0.263865546218487,102.034253504842,2,0.044233120021995
2170,0.26218487394958,102.081225610637,2,0.0451554816177529
2171,0.257142857142857,102.128197716433,2,0.0484357448570733
2172,0.249299719887955,102.175169822229,2,0.0553404811126245
2173,0.240336134453782,102.222141928024,2,0.0667468407508129
2174,0.233053221288515,102.26911403382,2,0.079800232269624
2175,0.226890756302521,102.316086139616,2,0.094439155878673
2176,0.225210084033613,102.363058245411,2,0.0991339919636356
2177,0.226890756302521,102.410030351207,2,0.094439155878673
2178,0.228011204481793,102.457002457002,2,0.0914882304135175
2179,0.230812324929972,102.503974562798,2,0.0846906855666082
2180,0.231932773109244,102.550946668594,2,0.0821878879586631
2181,0.235854341736695,102.597918774389,2,0.0743009601906026
2182,0.246498599439776,102.644890880185,2,0.0584464487377993
2183,0.257703081232493,102.691862985981,2,0.0480307161828808
2184,0.266666666666667,102.738835091776,2,0.0428685509064329
2185,0.263865546218487,102.785807197572,2,0.044233120021995
2186,0.266666666666667,102.832779303368,2,0.0428685509064329
2187,0.269467787114846,102.879751409163,2,0.0417059897887447
2188,0.272268907563025,102.926723514959,2,0.0407317431610217
2189,0.27563025210084,102.973695620754,2,0.0397954029226229
2190,0.27843137254902,103.02066772655,2,0.0391985366231322
2191,0.286834733893557,103.067639832346,2,0.0383460954196302
2192,0.294117647058824,103.114611938141,2,0.0387051208148731
2193,0.288515406162465,103.161584043937,2,0.0383388718222979
2194,0.284033613445378,103.208556149733,2,0.0384779612717823
2195,0.277871148459384,103.255528255528,2,0.0393049693636574
2196,0.277310924369748,103.302500361324,2,0.0394178194855815
2197,0.27563025210084,103.34947246712,2,0.0397954029226229
2198,0.273389355742297,103.396444572915,2,0.0403921571893952
2199,0.277871148459384,103.443416678711,2,0.0393049693636574
2200,0.285714285714286,103.490388784506,2,0.0383808287412194
2201,0.27843137254902,103.537360890302,2,0.0391985366231322
2202,0.282352941176471,103.584332996098,2,0.0386294987949298
2203,0.286834733893557,103.631305101893,2,0.0383460954196302
2204,0.290196078431373,103.678277207689,2,0.0383854900426841
2205,0.290756302521008,103.725249313485,2,0.0384130206118378
2206,0.291316526610644,103.77222141928,2,0.0384465651429647
2207,0.290756302521008,103.819193525076,2,0.0384130206118378
2208,0.288515406162465,103.866165630872,2,0.0383388718222979
2209,0.289075630252101,103.913137736667,2,0.0383484239774396
2210,0.287394957983193,103.960109842463,2,0.0383377078048744
2211,0.286834733893557,104.007081948258,2,0.0383460954196302
2212,0.287955182072829,104.054054054054,2,0.0383353002996315
2213,0.289075630252101,104.10102615985,2,0.0383484239774396
2214,0.289075630252101,104.147998265645,2,0.0383484239774396
2215,0.284033613445378,104.194970371441,2,0.0384779612717823
2216,0.279551820728291,104.241942477237,2,0.039004732730844
2217,0.27843137254902,104.288914583032,2,0.0391985366231322
2218,0.274509803921569,104.335886688828,2,0.0400802351048689
2219,0.269467787114846,104.382858794624,2,0.0417059897887447
2220,0.262745098039216,104.429830900419,2,0.0448390633349203
2221,0.258823529411765,104.476803006215,2,0.0472521869114428
2222,0.257703081232493,104.52377511201,2,0.0480307161828807
2223,0.256022408963585,104.570747217806,2,0.0492783349604649
2224,0.256022408963585,104.617719323602,2,0.0492783349604649
2225,0.257703081232493,104.664691429397,2,0.0480307161828807
2226,0.262745098039216,104.711663535193,2,0.0448390633349203
2227,0.270028011204482,104.758635640989,2,0.0414964707985745
2228,0.27563025210084,104.805607746784,2,0.0397954029226229
2229,0.277871148459384,104.85257985258,2,0.0393049693636574
2230,0.278991596638655,104.899551958376,2,0.0390984728868202
2231,0.277310924369748,104.946524064171,2,0.0394178194855815
2232,0.276750700280112,104.993496169967,2,0.0395371383525873
2233,0.273389355742297,105.040468275762,2,0.0403921571893952
2234,0.271708683473389,105.087440381558,2,0.0409121039955583
2235,0.270028011204482,105.134412487354,2,0.0414964707985745
2236,0.271708683473389,105.181384593149,2,0.0409121039955584
2237,0.276190476190476,105.228356698945,2,0.0396629803501007
2238,0.281232492997199,105.275328804741,2,0.0387610431656464
2239,0.277310924369748,105.322300910536,2,0.0394178194855815
2240,0.271148459383753,105.369273016332,2,0.0410996202780812
2241,0.277871148459384,105.416245122127,2,0.0393049693636574
2242,0.282913165266106,105.463217227923,2,0.0385729079313784
2243,0.286834733893557,105.510189333719,2,0.0383460954196302
2244,0.286274509803922,105.557161439514,2,0.0383604669124119
2245,0.290196078431373,105.60413354531,2,0.0383854900426841
2246,0.295238095238095,105.651105651106,2,0.0388513797081545
2247,0.290756302521008,105.698077756901,2,0.0384130206118378
2248,0.286834733893557,105.745049862697,2,0.0383460954196302
2249,0.277871148459384,105.792021968493,2,0.0393049693636574
2250,0.27563025210084,105.838994074288,2,0.0397954029226229
2251,0.267226890756303,105.885966180084,2,0.0426203518397957
2252,0.253781512605042,105.932938285879,2,0.0510996559514405
2253,0.238095238095238,105.979910391675,2,0.0703454580298313
2254,0.23249299719888,106.026882497471,2,0.0809800016654873
2255,0.240336134453782,106.073854603266,2,0.0667468407508129
2256,0.247619047619048,106.120826709062,2,0.0571586836398206
2257,0.250420168067227,106.167798814858,2,0.0542002936541327
2258,0.249859943977591,106.214770920653,2,0.0547633945591814
2259,0.247058823529412,106.261743026449,2,0.0577947840515302
2260,0.242577030812325,106.308715132245,2,0.0634738525539232
2261,0.235294117647059,106.35568723804,2,0.075349574733778
2262,0.228571428571429,106.402659343836,2,0.090064007425782
2263,0.226890756302521,106.449631449631,2,0.094439155878673
2264,0.225770308123249,106.496603555427,2,0.0975321348556675
2265,0.238655462184874,106.543575661223,2,0.0694136214623099
2266,0.235854341736695,106.590547767018,2,0.0743009601906026
2267,0.231932773109244,106.637519872814,2,0.0821878879586631
2268,0.224649859943978,106.68449197861,2,0.100773915821301
2269,0.215686274509804,106.731464084405,2,0.132972141046657
2270,0.200560224089636,106.778436190201,2,0.222461526248395
2271,0.185434173669468,106.825408295997,2,0.375287559046385
2272,0.174229691876751,106.872380401792,1,0.528990284162005
2273,0.168067226890756,106.919352507588,1,0.619605066272177
2274,0.170868347338936,106.966324613383,1,0.578458426679693
2275,0.174789915966387,107.013296719179,1,0.520804516967559
2276,0.178151260504202,107.060268824975,2,0.472458075704991
2277,0.174789915966387,107.10724093077,1,0.520804516967559
2278,0.172549019607843,107.154213036566,1,0.553677353559913
2279,0.187675070028011,107.201185142362,2,0.348201890249528
2280,0.207282913165266,107.248157248157,2,0.176083714102236
2281,0.219607843137255,107.295129353953,2,0.117399078427169
2282,0.217927170868347,107.342101459749,2,0.123764470037187
2283,0.220168067226891,107.389073565544,2,0.115374310509624
2284,0.220728291316527,107.43604567134,2,0.113396281467939
2285,0.219607843137255,107.483017777135,2,0.117399078427169
2286,0.223529411764706,107.529989882931,2,0.104171539021967
2287,0.225770308123249,107.576961988727,2,0.0975321348556675
2288,0.228571428571429,107.623934094522,2,0.090064007425782
2289,0.240336134453782,107.670906200318,2,0.0667468407508129
2290,0.235854341736695,107.717878306114,2,0.0743009601906026
2291,0.238655462184874,107.764850411909,2,0.0694136214623099
2292,0.235854341736695,107.811822517705,2,0.0743009601906026
2293,0.231372549019608,107.858794623501,2,0.083424555748535
2294,0.238095238095238,107.905766729296,2,0.0703454580298313
2295,0.25266106442577,107.952738835092,2,0.0520820517184501
2296,0.258263305322129,107.999710940887,2,0.047636261891096
2297,0.26218487394958,108.046683046683,2,0.0451554816177529
2298,0.264425770308123,108.093655152479,2,0.0439433035345035
2299,0.267787114845938,108.140627258274,2,0.0423801075073241
2300,0.270028011204482,108.18759936407,2,0.0414964707985745
2301,0.271148459383753,108.234571469866,2,0.0410996202780812
2302,0.270028011204482,108.281543575661,2,0.0414964707985745
2303,0.270028011204482,108.328515681457,2,0.0414964707985745
2304,0.267787114845938,108.375487787253,2,0.0423801075073241
2305,0.26890756302521,108.422459893048,2,0.0419230338584808
2306,0.272268907563025,108.469431998844,2,0.0407317431610217
2307,0.277310924369748,108.516404104639,2,0.0394178194855815
2308,0.280672268907563,108.563376210435,2,0.0388360560460302
2309,0.277871148459384,108.610348316231,2,0.0393049693636574
2310,0.270028011204482,108.657320422026,2,0.0414964707985745
2311,0.256582633053221,108.704292527822,2,0.0488515488220386
2312,0.246498599439776,108.751264633618,2,0.0584464487377993
2313,0.237535014005602,108.798236739413,2,0.071299583657807
2314,0.233613445378151,108.845208845209,2,0.0786479308455247
2315,0.227450980392157,108.892180951004,2,0.0929463469686119
2316,0.224089635854342,108.9391530568,2,0.102452795616784
2317,0.223529411764706,108.986125162596,2,0.104171539021967
2318,0.22296918767507,109.033097268391,2,0.105931072279774
2319,0.220168067226891,109.080069374187,2,0.115374310509624
2320,0.215686274509804,109.127041479983,2,0.132972141046657
2321,0.217927170868347,109.174013585778,2,0.123764470037187
2322,0.215686274509804,109.220985691574,2,0.132972141046657
2323,0.212324929971989,109.26795779737,2,0.14847889746188
2324,0.208403361344538,109.314929903165,2,0.16945979289131
2325,0.203921568627451,109.361902008961,2,0.19779018733207
2326,0.19327731092437,109.408874114756,2,0.28720783559683
2327,0.180392156862745,109.455846220552,2,0.44125602918874
2328,0.171988795518207,109.502818326348,1,0.5619337783019
2329,0.1703081232493,109.549790432143,1,0.586716688862596
2330,0.153501400560224,109.596762537939,1,0.809171331637421
2331,0.135014005602241,109.643734643735,1,0.9435805062457
2332,0.122128851540616,109.69070674953,1,0.979721630744829
2333,0.11484593837535,109.737678855326,1,0.989177776737616
2334,0.119887955182073,109.784650961122,1,0.983225298532168
2335,0.142296918767507,109.831623066917,1,0.905098777843182
2336,0.164705882352941,109.878595172713,1,0.667951147452568
2337,0.171428571428571,109.925567278508,1,0.570195788935526
2338,0.178151260504202,109.972539384304,2,0.472458075704991
2339,0.186554621848739,110.0195114901,2,0.361559928600192
2340,0.189915966386555,110.066483595895,2,0.322630090110826
2341,0.187675070028011,110.113455701691,2,0.348201890249528
2342,0.191596638655462,110.160427807487,2,0.304475158896413
2343,0.203361344537815,110.207399913282,2,0.201688987351548
2344,0.208963585434174,110.254372019078,2,0.166256640330474
2345,0.212324929971989,110.301344124874,2,0.14847889746188
2346,0.218487394957983,110.348316230669,2,0.121593074608504
2347,0.224089635854342,110.395288336465,2,0.102452795616784
2348,0.23249299719888,110.44226044226,2,0.0809800016654873
2349,0.242016806722689,110.489232548056,2,0.0642631636701746
2350,0.250980392156863,110.536204653852,2,0.0536508877748693
2351,0.260504201680672,110.583176759647,2,0.0461603719564252
2352,0.269467787114846,110.630148865443,2,0.0417059897887447
2353,0.264425770308123,110.677120971239,2,0.0439433035345035
2354,0.260504201680672,110.724093077034,2,0.0461603719564252
2355,0.254901960784314,110.77106518283,2,0.0501657120039081
2356,0.257703081232493,110.818037288626,2,0.0480307161828808
2357,0.267226890756303,110.865009394421,2,0.0426203518397957
2358,0.26890756302521,110.911981500217,2,0.0419230338584808
2359,0.268347338935574,110.958953606012,2,0.042147704620908
2360,0.273389355742297,111.005925711808,2,0.0403921571893952
2361,0.274509803921569,111.052897817604,2,0.040080235104869
2362,0.276750700280112,111.099869923399,2,0.0395371383525873
2363,0.273389355742297,111.146842029195,2,0.0403921571893952
2364,0.272268907563025,111.193814134991,2,0.0407317431610217
2365,0.277310924369748,111.240786240786,2,0.0394178194855815
2366,0.270588235294118,111.287758346582,2,0.0412943790230511
2367,0.262745098039216,111.334730452378,2,0.0448390633349203
2368,0.262745098039216,111.381702558173,2,0.0448390633349203
2369,0.266666666666667,111.428674663969,2,0.0428685509064329
2370,0.267787114845938,111.475646769764,2,0.0423801075073241
2371,0.270028011204482,111.52261887556,2,0.0414964707985745
2372,0.271708683473389,111.569590981356,2,0.0409121039955584
2373,0.268347338935574,111.616563087151,2,0.042147704620908
2374,0.265546218487395,111.663535192947,2,0.0433892866956426
2375,0.261624649859944,111.710507298743,2,0.0454810665091231
2376,0.258263305322129,111.757479404538,2,0.047636261891096
2377,0.261064425770308,111.804451510334,2,0.0458159757224549
2378,0.261064425770308,111.85142361613,2,0.0458159757224549
2379,0.26218487394958,111.898395721925,2,0.0451554816177529
2380,0.261064425770308,111.945367827721,2,0.0458159757224549
2381,0.254901960784314,111.992339933516,2,0.0501657120039081
2382,0.249299719887955,112.039312039312,2,0.0553404811126245
2383,0.243697478991597,112.086284145108,2,0.0619505457624394
2384,0.236974789915966,112.133256250903,2,0.0722765182168223
2385,0.244257703081232,112.180228356699,2,0.0612157362492645
2386,0.242016806722689,112.227200462495,2,0.0642631636701746
2387,0.242577030812325,112.27417256829,2,0.0634738525539232
2388,0.243697478991597,112.321144674086,2,0.0619505457624394
2389,0.243697478991597,112.368116779882,2,0.0619505457624394
2390,0.238095238095238,112.415088885677,2,0.0703454580298313
2391,0.230252100840336,112.462060991473,2,0.0859869741302575
2392,0.224089635854342,112.509033097268,2,0.102452795616784
2393,0.205602240896359,112.556005203064,2,0.186583231459786
2394,0.195518207282913,112.60297730886,2,0.265562373774198
2395,0.186554621848739,112.649949414655,2,0.361559928600192
2396,0.175350140056022,112.696921520451,1,0.512648081379669
2397,0.16750700280112,112.743893626247,1,0.627765721614619
2398,0.163585434173669,112.790865732042,1,0.68364719151985
2399,0.169747899159664,112.837837837838,1,0.594965540822835
2400,0.179271708683473,112.884809943633,2,0.456734210126227
2401,0.183193277310924,112.931782049429,2,0.403801430707186
2402,0.182072829131653,112.978754155225,2,0.418556167060312
2403,0.184873949579832,113.02572626102,2,0.382286349026419
2404,0.188795518207283,113.072698366816,2,0.335222902234861
2405,0.187114845938375,113.119670472612,2,0.354834063158658
2406,0.182072829131653,113.166642578407,2,0.418556167060312
2407,0.180392156862745,113.213614684203,2,0.44125602918874
2408,0.180952380952381,113.260586789999,2,0.433617379001415
2409,0.175910364145658,113.307558895794,1,0.504525445493931
2410,0.179271708683473,113.35453100159,2,0.456734210126227
2411,0.188235294117647,113.401503107385,2,0.341664516405858
2412,0.197759103641457,113.448475213181,2,0.245467823198574
2413,0.198319327731092,113.495447318977,2,0.240681691881796
2414,0.196638655462185,113.542419424772,2,0.255323591529754
2415,0.198319327731092,113.589391530568,2,0.240681691881796
2416,0.205042016806723,113.636363636364,2,0.190238569316353
2417,0.201680672268908,113.683335742159,2,0.213892083946832
2418,0.19327731092437,113.730307847955,2,0.28720783559683
2419,0.188235294117647,113.777279953751,2,0.341664516405858
2420,0.192156862745098,113.824252059546,2,0.298620637961787
2421,0.192717086834734,113.871224165342,2,0.292864878876087
2422,0.191596638655462,113.918196271137,2,0.304475158896413
2423,0.197198879551821,113.965168376933,2,0.250348189798963
2424,0.208403361344538,114.012140482729,2,0.16945979289131
2425,0.207282913165266,114.059112588524,2,0.176083714102236
2426,0.212885154061625,114.10608469432,2,0.145744087373625
2427,0.221288515406162,114.153056800116,2,0.111463953304766
2428,0.22296918767507,114.200028905911,2,0.105931072279774
2429,0.220168067226891,114.247001011707,2,0.115374310509624
2430,0.218487394957983,114.293973117503,2,0.121593074608504
2431,0.22296918767507,114.340945223298,2,0.105931072279774
2432,0.228011204481793,114.387917329094,2,0.0914882304135175
2433,0.256022408963585,114.434889434889,2,0.0492783349604649
2434,0.268347338935574,114.481861540685,2,0.042147704620908
2435,0.280112044817927,114.528833646481,2,0.0389172736534827
2436,0.284033613445378,114.575805752276,2,0.0384779612717823
2437,0.282352941176471,114.622777858072,2,0.0386294987949298
2438,0.28515406162465,114.669749963868,2,0.0384071900579576
2439,0.287955182072829,114.716722069663,2,0.0383353002996315
2440,0.286834733893557,114.763694175459,2,0.0383460954196302
2441,0.29187675070028,114.810666281255,2,0.0384861387247472
2442,0.289075630252101,114.85763838705,2,0.0383484239774396
2443,0.289075630252101,114.904610492846,2,0.0383484239774396
2444,0.292997198879552,114.951582598641,2,0.038583447009159
2445,0.291316526610644,114.998554704437,2,0.0384465651429647
2446,0.289635854341737,115.045526810233,2,0.0383639610568897
2447,0.293557422969188,115.092498916028,2,0.0386412255417378
2448,0.299159663865546,115.139471021824,2,0.0395611237270482
2449,0.296918767507003,115.18644312762,2,0.0391174558584947
2450,0.285714285714286,115.233415233415,2,0.0383808287412194
2451,0.279551820728291,115.280387339211,2,0.039004732730844
2452,0.287955182072829,115.327359445007,2,0.0383353002996314
2453,0.292436974789916,115.374331550802,2,0.0385317591662603
2454,0.289075630252101,115.421303656598,2,0.0383484239774396
2455,0.290756302521008,115.468275762393,2,0.0384130206118378
2456,0.296358543417367,115.515247868189,2,0.0390224880732526
2457,0.29859943977591,115.562219973985,2,0.0394405393187784
2458,0.300280112044818,115.60919207978,2,0.0398219528059288
2459,0.301960784313725,115.656164185576,2,0.0402632645992233
2460,0.302521008403361,115.703136291372,2,0.0404239868833479
2461,0.30140056022409,115.750108397167,2,0.0401093981058284
2462,0.304201680672269,115.797080502963,2,0.0409480454130796
2463,0.304761904761905,115.844052608759,2,0.0411369647009354
2464,0.309243697478992,115.891024714554,2,0.0429178043505455
2465,0.312605042016807,115.93799682035,2,0.0445908036938575
2466,0.308683473389356,115.984968926145,2,0.0426680431683969
2467,0.301960784313726,116.031941031941,2,0.0402632645992233
2468,0.290756302521008,116.078913137737,2,0.0384130206118378
2469,0.281792717086835,116.125885243532,2,0.0386922011101775
2470,0.275070028011205,116.172857349328,2,0.0399344666131725
2471,0.272268907563025,116.219829455124,2,0.0407317431610217
2472,0.27563025210084,116.266801560919,2,0.0397954029226229
2473,0.275070028011205,116.313773666715,2,0.0399344666131725
2474,0.271708683473389,116.36074577251,2,0.0409121039955584
2475,0.267226890756303,116.407717878306,2,0.0426203518397957
2476,0.260504201680672,116.454689984102,2,0.0461603719564252
2477,0.257703081232493,116.501662089897,2,0.0480307161828807
2478,0.257142857142857,116.548634195693,2,0.0484357448570733
2479,0.257703081232493,116.595606301489,2,0.0480307161828807
2480,0.260504201680672,116.642578407284,2,0.0461603719564252
2481,0.253221288515406,116.68955051308,2,0.0515846753144745
2482,0.259383753501401,116.736522618876,2,0.0468783018792113
2483,0.266106442577031,116.783494724671,2,0.0431248220393905
2484,0.272829131652661,116.830466830467,2,0.0405584542537705
2485,0.277310924369748,116.877438936262,2,0.0394178194855815
2486,0.282913165266106,116.924411042058,2,0.0385729079313784
2487,0.286274509803922,116.971383147854,2,0.0383604669124119
2488,0.289075630252101,117.018355253649,2,0.0383484239774396
2489,0.294117647058824,117.065327359445,2,0.0387051208148731
2490,0.295798319327731,117.112299465241,2,0.038933809413045
2491,0.295238095238095,117.159271571036,2,0.0388513797081545
2492,0.290756302521008,117.206243676832,2,0.0384130206118378
2493,0.291316526610644,117.253215782628,2,0.0384465651429647
2494,0.298039215686275,117.300187888423,2,0.0393264340051416
2495,0.304201680672269,117.347159994219,2,0.0409480454130796
2496,0.305322128851541,117.394132100014,2,0.0413331438022323
2497,0.32156862745098,117.44110420581,2,0.0507178738483855
2498,0.322689075630252,117.488076311606,2,0.0516805263060188
2499,0.325490196078431,117.535048417401,2,0.0543088336036924
2500,0.322689075630252,117.582020523197,2,0.0516805263060188
2501,0.317647058823529,117.628992628993,2,0.0477122331946651
2502,0.312044817927171,117.675964734788,2,0.0442905503323624
2503,0.309243697478992,117.722936840584,2,0.0429178043505455
2504,0.30812324929972,117.76990894638,2,0.0424262592427234
2505,0.295798319327731,117.816881052175,2,0.038933809413045
2506,0.291316526610644,117.863853157971,2,0.0384465651429647
2507,0.285714285714286,117.910825263766,2,0.0383808287412194
2508,0.280672268907563,117.957797369562,2,0.0388360560460302
2509,0.277871148459384,118.004769475358,2,0.0393049693636574
2510,0.276750700280112,118.051741581153,2,0.0395371383525873
2511,0.275070028011204,118.098713686949,2,0.0399344666131725
2512,0.273949579831933,118.145685792745,2,0.0402327752646841
2513,0.279551820728291,118.19265789854,2,0.039004732730844
2514,0.276190476190476,118.239630004336,2,0.0396629803501007
2515,0.273949579831933,118.286602110132,2,0.0402327752646841
2516,0.275070028011205,118.333574215927,2,0.0399344666131725
2517,0.277310924369748,118.380546321723,2,0.0394178194855815
2518,0.27563025210084,118.427518427518,2,0.0397954029226229
2519,0.273949579831933,118.474490533314,2,0.0402327752646841
2520,0.269467787114846,118.52146263911,2,0.0417059897887447
2521,0.283473389355742,118.568434744905,2,0.0385224030077952
2522,0.296918767507003,118.615406850701,2,0.0391174558584947
2523,0.310924369747899,118.662378956497,2,0.0437161535117571
2524,0.317647058823529,118.709351062292,2,0.0477122331946651
2525,0.32156862745098,118.756323168088,2,0.0507178738483855
2526,0.317647058823529,118.803295273884,2,0.0477122331946652
2527,0.310364145658263,118.850267379679,2,0.0434417351400998
2528,0.303641456582633,118.897239485475,2,0.0407662982371635
2529,0.296918767507003,118.94421159127,2,0.0391174558584947
2530,0.287955182072829,118.991183697066,2,0.0383353002996315
2531,0.282913165266106,119.038155802862,2,0.0385729079313784
2532,0.283473389355742,119.085127908657,2,0.0385224030077952
2533,0.289075630252101,119.132100014453,2,0.0383484239774396
2534,0.29187675070028,119.179072120249,2,0.0384861387247472
2535,0.288515406162465,119.226044226044,2,0.0383388718222979
2536,0.285714285714286,119.27301633184,2,0.0383808287412194
2537,0.288515406162465,119.319988437636,2,0.0383388718222979
2538,0.286834733893557,119.366960543431,2,0.0383460954196302
2539,0.283473389355742,119.413932649227,2,0.0385224030077952
2540,0.27563025210084,119.460904755022,2,0.0397954029226229
2541,0.272268907563025,119.507876860818,2,0.0407317431610217
2542,0.272829131652661,119.554848966614,2,0.0405584542537705
2543,0.277310924369748,119.601821072409,2,0.0394178194855815
2544,0.280672268907563,119.648793178205,2,0.0388360560460302
2545,0.277871148459384,119.695765284001,2,0.0393049693636574
2546,0.281232492997199,119.742737389796,2,0.0387610431656464
2547,0.284033613445378,119.789709495592,2,0.0384779612717823
2548,0.282913165266106,119.836681601387,2,0.0385729079313784
2549,0.27843137254902,119.883653707183,2,0.0391985366231322
2550,0.274509803921569,119.930625812979,2,0.0400802351048689
2551,0.276750700280112,119.977597918774,2,0.0395371383525873
2552,0.280112044817927,120.02457002457,2,0.0389172736534827
2553,0.269467787114846,120.071542130366,2,0.0417059897887447
2554,0.25546218487395,120.118514236161,2,0.0497163162693664
2555,0.248179271708683,120.165486341957,2,0.056537814377446
2556,0.250980392156863,120.212458447753,2,0.0536508877748693
2557,0.247058823529412,120.259430553548,2,0.0577947840515302
2558,0.238095238095238,120.306402659344,2,0.0703454580298313
2559,0.243137254901961,120.353374765139,2,0.0627031173410711
2560,0.257142857142857,120.400346870935,2,0.0484357448570733
2561,0.271708683473389,120.447318976731,2,0.0409121039955583
2562,0.264985994397759,120.494291082526,2,0.0436620705405833
2563,0.256022408963585,120.541263188322,2,0.0492783349604649
2564,0.245378151260504,120.588235294118,2,0.0597978492186256
2565,0.240336134453782,120.635207399913,2,0.0667468407508129
2566,0.240896358543417,120.682179505709,2,0.0658992176491101
2567,0.243137254901961,120.729151611505,2,0.0627031173410711
2568,0.24593837535014,120.7761237173,2,0.059114019937723
2569,0.252100840336134,120.823095823096,2,0.0525920380039805
2570,0.250980392156863,120.870067928891,2,0.0536508877748693
2571,0.249859943977591,120.917040034687,2,0.0547633945591814
2572,0.251540616246499,120.964012140483,2,0.053114894215835
2573,0.253221288515406,121.010984246278,2,0.0515846753144745
2574,0.254901960784314,121.057956352074,2,0.0501657120039081
2575,0.25546218487395,121.10492845787,2,0.0497163162693664
2576,0.257703081232493,121.151900563665,2,0.0480307161828807
2577,0.263865546218487,121.198872669461,2,0.044233120021995
2578,0.272268907563025,121.245844775257,2,0.0407317431610217
2579,0.281232492997199,121.292816881052,2,0.0387610431656464
2580,0.283473389355742,121.339788986848,2,0.0385224030077952
2581,0.278991596638655,121.386761092643,2,0.0390984728868202
2582,0.276750700280112,121.433733198439,2,0.0395371383525873
2583,0.279551820728291,121.480705304235,2,0.039004732730844
2584,0.284593837535014,121.52767741003,2,0.038439562714697
2585,0.280112044817927,121.574649515826,2,0.0389172736534827
2586,0.279551820728291,121.621621621622,2,0.039004732730844
2587,0.27843137254902,121.668593727417,2,0.0391985366231322
2588,0.278991596638655,121.715565833213,2,0.0390984728868202
2589,0.280112044817927,121.762537939009,2,0.0389172736534827
2590,0.280672268907563,121.809510044804,2,0.0388360560460302
2591,0.279551820728291,121.8564821506,2,0.039004732730844
2592,0.277310924369748,121.903454256395,2,0.0394178194855815
2593,0.253221288515406,121.950426362191,2,0.0515846753144745
2594,0.25546218487395,121.997398467987,2,0.0497163162693664
2595,0.258263305322129,122.044370573782,2,0.047636261891096
2596,0.257703081232493,122.091342679578,2,0.0480307161828808
2597,0.25266106442577,122.138314785374,2,0.0520820517184501
2598,0.243137254901961,122.185286891169,2,0.0627031173410711
2599,0.233613445378151,122.232258996965,2,0.0786479308455247
2600,0.228011204481793,122.279231102761,2,0.0914882304135175
2601,0.228571428571429,122.326203208556,2,0.090064007425782
2602,0.228571428571429,122.373175314352,2,0.090064007425782
2603,0.229131652661064,122.420147420147,2,0.0886728967767386
2604,0.228571428571429,122.467119525943,2,0.090064007425782
2605,0.223529411764706,122.514091631739,2,0.104171539021967
2606,0.219047619047619,122.561063737534,2,0.119471641598086
2607,0.215126050420168,122.60803584333,2,0.135410345606024
2608,0.211764705882353,122.655007949126,2,0.151276759646458
2609,0.219607843137255,122.701980054921,2,0.117399078427169
2610,0.202240896358543,122.748952160717,2,0.20973873549485
2611,0.192717086834734,122.795924266513,2,0.292864878876087
2612,0.195518207282913,122.842896372308,2,0.265562373774198
2613,0.196078431372549,122.889868478104,2,0.260394763976012
2614,0.183193277310924,122.936840583899,2,0.403801430707186
2615,0.171988795518207,122.983812689695,1,0.5619337783019
2616,0.171988795518207,123.030784795491,1,0.5619337783019
2617,0.181512605042017,123.077756901286,2,0.426049799016496
2618,0.166946778711485,123.124729007082,1,0.635891746488081
2619,0.162464985994398,123.171701112878,1,0.699072186773792
2620,0.1703081232493,123.218673218673,1,0.586716688862596
2621,0.16750700280112,123.265645324469,1,0.627765721614619
2622,0.152380952380952,123.312617430265,1,0.820946420646599
2623,0.149019607843137,123.35958953606,1,0.85334478030418
2624,0.159103641456583,123.406561641856,1,0.74339220057081
2625,0.147899159663866,123.453533747651,1,0.863162892488902
2626,0.136134453781513,123.500505853447,1,0.938697569226325
2627,0.113165266106443,123.547477959243,1,0.990680596171965
2628,0.0879551820728291,123.594450065038,1,0.999181127629921
2629,0.0649859943977591,123.641422170834,1,0.999933365494825
2630,0.0330532212885154,123.68839427663,1,0.999998706222175
2631,0.0112044817927171,123.735366382425,1,0.999999935622831
2632,0.00896358543417367,123.782338488221,1,0.999999953331863
2633,0.0112044817927171,123.829310594016,1,0.999999935622831
2634,0.0100840336134454,123.876282699812,1,0.999999945170153
2635,0.00728291316526611,123.923254805608,1,0.999999963398629
2636,0.0061624649859944,123.970226911403,1,0.999999968897417
2637,0.00504201680672269,124.017199017199,1,0.999999973587238
2638,0.00672268907563025,124.064171122995,1,0.999999966257122
2639,0.0100840336134454,124.11114322879,1,0.999999945170153
2640,0.0156862745098039,124.158115334586,1,0.999999878444697
2641,0.0128851540616246,124.205087440382,1,0.999999918195747
2642,0.0140056022408964,124.252059546177,1,0.999999904107113
2643,0.0134453781512605,124.299031651973,1,0.999999911423941
2644,0.0134453781512605,124.346003757768,1,0.999999911423941
2645,0.0285714285714286,124.392975863564,1,0.999999286678604
2646,0.0728291316526611,124.43994796936,1,0.999838150467945
2647,0.114285714285714,124.486920075155,1,0.98970196299247
2648,0.138935574229692,124.533892180951,1,0.924911400696496
2649,0.171428571428571,124.580864286747,1,0.570195788935526
2650,0.194397759103641,124.627836392542,2,0.276189198420622
2651,0.215686274509804,124.674808498338,2,0.132972141046657
2652,0.226330532212885,124.721780604134,2,0.0959674736836574
2653,0.2296918767507,124.768752709929,2,0.0873141345910562
2654,0.240896358543417,124.815724815725,2,0.0658992176491101
2655,0.248739495798319,124.86269692152,2,0.0559318520429217
2656,0.251540616246499,124.909669027316,2,0.053114894215835
2657,0.26218487394958,124.956641133112,2,0.0451554816177529
2658,0.261624649859944,125.003613238907,2,0.0454810665091231
2659,0.263865546218487,125.050585344703,2,0.044233120021995
2660,0.262745098039216,125.097557450499,2,0.0448390633349203
2661,0.264985994397759,125.144529556294,2,0.0436620705405833
2662,0.263865546218487,125.19150166209,2,0.044233120021995
2663,0.254341736694678,125.238473767886,2,0.0506267478251039
2664,0.24593837535014,125.285445873681,2,0.059114019937723
2665,0.242577030812325,125.332417979477,2,0.0634738525539232
2666,0.219607843137255,125.379390085272,2,0.117399078427169
2667,0.19047619047619,125.426362191068,2,0.316480121128861
2668,0.173109243697479,125.473334296864,1,0.545431418039036
2669,0.173109243697479,125.520306402659,1,0.545431418039036
2670,0.182072829131653,125.567278508455,2,0.418556167060312
2671,0.185994397759104,125.614250614251,2,0.368378230353302
2672,0.188795518207283,125.661222720046,2,0.335222902234861
2673,0.2,125.708194825842,2,0.226879842506765
2674,0.191596638655462,125.755166931638,2,0.304475158896413
2675,0.178711484593838,125.802139037433,2,0.464567172896873
2676,0.165266106442577,125.849111143229,1,0.660012677465136
2677,0.149019607843137,125.896083249024,1,0.85334478030418
2678,0.135014005602241,125.94305535482,1,0.9435805062457
2679,0.13109243697479,125.990027460616,1,0.958139527589285
2680,0.134453781512605,126.036999566411,1,0.945895092472556
2681,0.132212885154062,126.083971672207,1,0.954357011294339
2682,0.146218487394958,126.130943778003,1,0.876978994791982
2683,0.146218487394958,126.177915883798,1,0.876978994791982
2684,0.127170868347339,126.224887989594,1,0.969302114627511
2685,0.115966386554622,126.27186009539,1,0.9880547268893
2686,0.11484593837535,126.318832201185,1,0.989177776737616
2687,0.102521008403361,126.365804306981,1,0.996517985283779
2688,0.084593837535014,126.412776412776,1,0.999422931444941
2689,0.117647058823529,126.459748518572,1,0.986167617425292
2690,0.119327731092437,126.506720624368,1,0.984010196443571
2691,0.124929971988796,126.553692730163,1,0.974414147622689
2692,0.125490196078431,126.600664835959,1,0.973213358370705
2693,0.109803921568627,126.647636941755,1,0.993123291343826
2694,0.0946778711484594,126.69460904755,1,0.998380246177769
2695,0.108683473389356,126.741581153346,1,0.993794857857105
2696,0.131652661064426,126.788553259142,1,0.956283906091353
2697,0.146218487394958,126.835525364937,1,0.876978994791982
2698,0.156862745098039,126.882497470733,1,0.771025832946886
2699,0.170868347338936,126.929469576528,1,0.578458426679693
2700,0.176470588235294,126.976441682324,2,0.496440962449082
2701,0.176470588235294,127.02341378812,2,0.496440962449082
2702,0.184313725490196,127.070385893915,2,0.38937287559427
2703,0.198319327731092,127.117357999711,2,0.240681691881796
2704,0.20952380952381,127.164330105507,2,0.163124282487767
2705,0.220168067226891,127.211302211302,2,0.115374310509624
2706,0.222408963585434,127.258274317098,2,0.10773234026735
2707,0.226330532212885,127.305246422894,2,0.0959674736836574
2708,0.227450980392157,127.352218528689,2,0.0929463469686119
2709,0.229131652661064,127.399190634485,2,0.0886728967767387
2710,0.228011204481793,127.44616274028,2,0.0914882304135175
2711,0.230252100840336,127.493134846076,2,0.0859869741302575
2712,0.23249299719888,127.540106951872,2,0.0809800016654873
2713,0.231372549019608,127.587079057667,2,0.083424555748535
2714,0.231932773109244,127.634051163463,2,0.0821878879586631
2715,0.234733893557423,127.681023269259,2,0.0764232130046199
2716,0.241456582633053,127.727995375054,2,0.0650714739017278
2717,0.241456582633053,127.77496748085,2,0.0650714739017278
2718,0.243137254901961,127.821939586645,2,0.0627031173410711
2719,0.246498599439776,127.868911692441,2,0.0584464487377993
2720,0.253221288515406,127.915883798237,2,0.0515846753144745
2721,0.251540616246499,127.962855904032,2,0.053114894215835
2722,0.254341736694678,128.009828009828,2,0.0506267478251039
2723,0.257703081232493,128.056800115624,2,0.0480307161828807
2724,0.258263305322129,128.103772221419,2,0.0476362618910961
2725,0.253221288515406,128.150744327215,2,0.0515846753144745
2726,0.242577030812325,128.197716433011,2,0.0634738525539232
2727,0.235294117647059,128.244688538806,2,0.075349574733778
2728,0.231372549019608,128.291660644602,2,0.083424555748535
2729,0.228011204481793,128.338632750397,2,0.0914882304135175
2730,0.228571428571429,128.385604856193,2,0.090064007425782
2731,0.226890756302521,128.432576961989,2,0.094439155878673
2732,0.220728291316527,128.479549067784,2,0.113396281467939
2733,0.214565826330532,128.52652117358,2,0.137905427399048
2734,0.211204481792717,128.573493279376,2,0.154138944784335
2735,0.20952380952381,128.620465385171,2,0.163124282487767
2736,0.210644257703081,128.667437490967,2,0.157066733293347
2737,0.228571428571429,128.714409596763,2,0.090064007425782
2738,0.229131652661064,128.761381702558,2,0.0886728967767387
2739,0.244817927170868,128.808353808354,2,0.0604982976946113
2740,0.269467787114846,128.855325914149,2,0.0417059897887447
2741,0.280672268907563,128.902298019945,2,0.0388360560460302
2742,0.280672268907563,128.949270125741,2,0.0388360560460302
2743,0.285714285714286,128.996242231536,2,0.0383808287412194
2744,0.298039215686275,129.043214337332,2,0.0393264340051416
2745,0.285714285714286,129.090186443128,2,0.0383808287412194
2746,0.284033613445378,129.137158548923,2,0.0384779612717823
2747,0.276750700280112,129.184130654719,2,0.0395371383525873
2748,0.263865546218487,129.231102760515,2,0.044233120021995
2749,0.250420168067227,129.27807486631,2,0.0542002936541327
2750,0.23921568627451,129.325046972106,2,0.0685035670796927
2751,0.235294117647059,129.372019077901,2,0.075349574733778
2752,0.235854341736695,129.418991183697,2,0.0743009601906026
2753,0.23249299719888,129.465963289493,2,0.0809800016654873
2754,0.2296918767507,129.512935395288,2,0.0873141345910562
2755,0.226330532212885,129.559907501084,2,0.0959674736836574
2756,0.228571428571429,129.60687960688,2,0.090064007425782
2757,0.23249299719888,129.653851712675,2,0.0809800016654873
2758,0.235294117647059,129.700823818471,2,0.075349574733778
2759,0.2296918767507,129.747795924267,2,0.0873141345910562
2760,0.224089635854342,129.794768030062,2,0.102452795616784
2761,0.238095238095238,129.841740135858,2,0.0703454580298313
2762,0.240336134453782,129.888712241653,2,0.0667468407508129
2763,0.242577030812325,129.935684347449,2,0.0634738525539232
2764,0.24593837535014,129.982656453245,2,0.059114019937723
2765,0.248739495798319,130.02962855904,2,0.0559318520429217
2766,0.250420168067227,130.076600664836,2,0.0542002936541327
2767,0.244257703081232,130.123572770632,2,0.0612157362492645
2768,0.235294117647059,130.170544876427,2,0.075349574733778
2769,0.233613445378151,130.217516982223,2,0.0786479308455247
2770,0.2296918767507,130.264489088019,2,0.0873141345910562
2771,0.219047619047619,130.311461193814,2,0.119471641598086
2772,0.208403361344538,130.35843329961,2,0.16945979289131
2773,0.204481792717087,130.405405405405,2,0.193973798714683
2774,0.207843137254902,130.452377511201,2,0.172735047998205
2775,0.207282913165266,130.499349616997,2,0.176083714102236
2776,0.201120448179272,130.546321722792,2,0.218132637970216
2777,0.194957983193277,130.593293828588,2,0.270827013825428
2778,0.201120448179272,130.640265934384,2,0.218132637970216
2779,0.204481792717087,130.687238040179,2,0.193973798714683
2780,0.199439775910364,130.734210145975,2,0.231388641743967
2781,0.192717086834734,130.781182251771,2,0.292864878876087
2782,0.191036414565826,130.828154357566,2,0.310428378858948
2783,0.191036414565826,130.875126463362,2,0.310428378858948
2784,0.188795518207283,130.922098569157,2,0.335222902234861
2785,0.193837535014006,130.969070674953,2,0.281649358290742
2786,0.196638655462185,131.016042780749,2,0.255323591529754
2787,0.201120448179272,131.063014886544,2,0.218132637970216
2788,0.208403361344538,131.10998699234,2,0.16945979289131
2789,0.217927170868347,131.156959098136,2,0.123764470037187
2790,0.226330532212885,131.203931203931,2,0.0959674736836574
2791,0.233053221288515,131.250903309727,2,0.079800232269624
2792,0.237535014005602,131.297875415522,2,0.0712995836578069
2793,0.222408963585434,131.344847521318,2,0.10773234026735
2794,0.225770308123249,131.391819627114,2,0.0975321348556675
2795,0.230252100840336,131.438791732909,2,0.0859869741302575
2796,0.233613445378151,131.485763838705,2,0.0786479308455247
2797,0.235854341736695,131.532735944501,2,0.0743009601906026
2798,0.238655462184874,131.579708050296,2,0.0694136214623099
2799,0.23921568627451,131.626680156092,2,0.0685035670796927
2800,0.239775910364146,131.673652261888,2,0.0676148007359003
2801,0.240336134453782,131.720624367683,2,0.0667468407508129
2802,0.237535014005602,131.767596473479,2,0.071299583657807
2803,0.235854341736695,131.814568579274,2,0.0743009601906026
2804,0.235294117647059,131.86154068507,2,0.075349574733778
2805,0.23249299719888,131.908512790866,2,0.0809800016654873
2806,0.226890756302521,131.955484896661,2,0.094439155878673
2807,0.221848739495798,132.002457002457,2,0.109576306533017
2808,0.215686274509804,132.049429108253,2,0.132972141046657
2809,0.205042016806723,132.096401214048,2,0.190238569316353
2810,0.194397759103641,132.143373319844,2,0.276189198420622
2811,0.191036414565826,132.19034542564,2,0.310428378858948
2812,0.198319327731092,132.237317531435,2,0.240681691881796
2813,0.204481792717087,132.284289637231,2,0.193973798714683
2814,0.204481792717087,132.331261743026,2,0.193973798714683
2815,0.214565826330532,132.378233848822,2,0.137905427399048
2816,0.231372549019608,132.425205954618,2,0.083424555748535
2817,0.231932773109244,132.472178060413,2,0.0821878879586631
2818,0.239775910364146,132.519150166209,2,0.0676148007359003
2819,0.253221288515406,132.566122272005,2,0.0515846753144745
2820,0.264985994397759,132.6130943778,2,0.0436620705405833
2821,0.271148459383753,132.660066483596,2,0.0410996202780812
2822,0.274509803921569,132.707038589392,2,0.0400802351048689
2823,0.277310924369748,132.754010695187,2,0.0394178194855815
2824,0.27843137254902,132.800982800983,2,0.0391985366231322
2825,0.289075630252101,132.847954906778,2,0.0383484239774396
2826,0.301960784313725,132.894927012574,2,0.0402632645992233
2827,0.302521008403361,132.94189911837,2,0.0404239868833479
2828,0.286834733893557,132.988871224165,2,0.0383460954196302
2829,0.276190476190476,133.035843329961,2,0.0396629803501007
2830,0.276750700280112,133.082815435757,2,0.0395371383525873
2831,0.270028011204482,133.129787541552,2,0.0414964707985745
2832,0.259383753501401,133.176759647348,2,0.0468783018792113
2833,0.242577030812325,133.223731753144,2,0.0634738525539232
2834,0.243137254901961,133.270703858939,2,0.0627031173410711
2835,0.239775910364146,133.317675964735,2,0.0676148007359003
2836,0.2296918767507,133.36464807053,2,0.0873141345910562
2837,0.214005602240896,133.411620176326,2,0.140458594489107
2838,0.2,133.458592282122,2,0.226879842506765
2839,0.189915966386555,133.505564387917,2,0.322630090110826
2840,0.184873949579832,133.552536493713,2,0.382286349026419
2841,0.180392156862745,133.599508599509,2,0.44125602918874
2842,0.183193277310924,133.646480705304,2,0.403801430707186
2843,0.186554621848739,133.6934528111,2,0.361559928600192
2844,0.186554621848739,133.740424916896,2,0.361559928600192
2845,0.184313725490196,133.787397022691,2,0.38937287559427
2846,0.188235294117647,133.834369128487,2,0.341664516405858
2847,0.195518207282913,133.881341234282,2,0.265562373774198
2848,0.202801120448179,133.928313340078,2,0.205671432592916
2849,0.211204481792717,133.975285445874,2,0.154138944784335
2850,0.211204481792717,134.022257551669,2,0.154138944784335
2851,0.216806722689076,134.069229657465,2,0.128261606795725
2852,0.220728291316527,134.116201763261,2,0.113396281467939
2853,0.224649859943978,134.163173869056,2,0.100773915821301
2854,0.225770308123249,134.210145974852,2,0.0975321348556675
2855,0.22296918767507,134.257118080648,2,0.105931072279774
2856,0.223529411764706,134.304090186443,2,0.104171539021967
2857,0.247619047619048,134.351062292239,2,0.0571586836398206
2858,0.256582633053221,134.398034398034,2,0.0488515488220386
2859,0.266106442577031,134.44500650383,2,0.0431248220393905
2860,0.268347338935574,134.491978609626,2,0.042147704620908
2861,0.271148459383753,134.538950715421,2,0.0410996202780812
2862,0.26890756302521,134.585922821217,2,0.0419230338584808
2863,0.266106442577031,134.632894927013,2,0.0431248220393905
2864,0.259383753501401,134.679867032808,2,0.0468783018792113
2865,0.256022408963585,134.726839138604,2,0.0492783349604649
2866,0.25546218487395,134.773811244399,2,0.0497163162693664
2867,0.253781512605042,134.820783350195,2,0.0510996559514405
2868,0.258823529411765,134.867755455991,2,0.0472521869114428
2869,0.261064425770308,134.914727561786,2,0.0458159757224549
2870,0.257703081232493,134.961699667582,2,0.0480307161828807
2871,0.246498599439776,135.008671773378,2,0.0584464487377993
2872,0.236414565826331,135.055643879173,2,0.0732767948397886
2873,0.2296918767507,135.102615984969,2,0.0873141345910562
2874,0.205042016806723,135.149588090765,2,0.190238569316353
2875,0.176470588235294,135.19656019656,2,0.496440962449082
2876,0.16078431372549,135.243532302356,1,0.721627605419429
2877,0.159663865546219,135.290504408151,1,0.73623113845201
2878,0.159103641456583,135.337476513947,1,0.74339220057081
2879,0.151260504201681,135.384448619743,1,0.832236241432969
2880,0.14453781512605,135.431420725538,1,0.889721867036949
2881,0.165266106442577,135.478392831334,1,0.660012677465136
2882,0.16750700280112,135.52536493713,1,0.627765721614619
2883,0.168067226890756,135.572337042925,1,0.619605066272177
2884,0.168067226890756,135.619309148721,1,0.619605066272177
2885,0.16750700280112,135.666281254517,1,0.627765721614619
2886,0.169747899159664,135.713253360312,1,0.594965540822835
2887,0.175910364145658,135.760225466108,1,0.504525445493931
2888,0.181512605042017,135.807197571903,2,0.426049799016496
2889,0.2,135.854169677699,2,0.226879842506765
2890,0.212324929971989,135.901141783495,2,0.14847889746188
2891,0.224089635854342,135.94811388929,2,0.102452795616784
2892,0.229131652661064,135.995085995086,2,0.0886728967767387
2893,0.2296918767507,136.042058100882,2,0.0873141345910562
2894,0.239775910364146,136.089030206677,2,0.0676148007359003
2895,0.251540616246499,136.136002312473,2,0.053114894215835
2896,0.257703081232493,136.182974418269,2,0.0480307161828808
2897,0.254901960784314,136.229946524064,2,0.0501657120039081
2898,0.24593837535014,136.27691862986,2,0.059114019937723
2899,0.236414565826331,136.323890735655,2,0.0732767948397886
2900,0.229131652661064,136.370862841451,2,0.0886728967767387
2901,0.229131652661064,136.417834947247,2,0.0886728967767387
2902,0.237535014005602,136.464807053042,2,0.0712995836578069
2903,0.249299719887955,136.511779158838,2,0.0553404811126245
2904,0.258823529411765,136.558751264634,2,0.0472521869114428
2905,0.250420168067227,136.605723370429,2,0.0542002936541327
2906,0.253221288515406,136.652695476225,2,0.0515846753144745
2907,0.254341736694678,136.699667582021,2,0.0506267478251039
2908,0.251540616246499,136.746639687816,2,0.053114894215835
2909,0.254341736694678,136.793611793612,2,0.0506267478251039
2910,0.259943977591036,136.840583899407,2,0.0465144230063947
2911,0.254901960784314,136.887556005203,2,0.0501657120039081
2912,0.244817927170868,136.934528110999,2,0.0604982976946113
2913,0.254901960784314,136.981500216794,2,0.0501657120039081
2914,0.257142857142857,137.02847232259,2,0.0484357448570732
2915,0.257142857142857,137.075444428386,2,0.0484357448570733
2916,0.259383753501401,137.122416534181,2,0.0468783018792113
2917,0.257703081232493,137.169388639977,2,0.0480307161828807
2918,0.256582633053221,137.216360745773,2,0.0488515488220386
2919,0.254341736694678,137.263332851568,2,0.0506267478251039
2920,0.254341736694678,137.310304957364,2,0.0506267478251039
2921,0.253221288515406,137.357277063159,2,0.0515846753144745
2922,0.250980392156863,137.404249168955,2,0.0536508877748693
2923,0.243137254901961,137.451221274751,2,0.0627031173410711
2924,0.231372549019608,137.498193380546,2,0.083424555748535
2925,0.225210084033613,137.545165486342,2,0.0991339919636356
2926,0.227450980392157,137.592137592138,2,0.0929463469686119
2927,0.2296918767507,137.639109697933,2,0.0873141345910562
2928,0.229131652661064,137.686081803729,2,0.0886728967767386
2929,0.216806722689076,137.733053909525,2,0.128261606795725
2930,0.211204481792717,137.78002601532,2,0.154138944784335
2931,0.203361344537815,137.826998121116,2,0.201688987351548
2932,0.187675070028011,137.873970226911,2,0.348201890249528
2933,0.163025210084034,137.920942332707,1,0.691395748890989
2934,0.126050420168067,137.967914438503,1,0.971962255719139
2935,0.0840336134453781,138.014886544298,1,0.999455940677921
2936,0.0565826330532213,138.061858650094,1,0.999975145093081
2937,0.0448179271708683,138.10883075589,1,0.999994122813141
2938,0.0302521008403361,138.155802861685,1,0.999999107149115
2939,0.0291316526610644,138.202774967481,1,0.999999231128825
2940,0.0436974789915966,138.249747073276,1,0.999994896043822
2941,0.0694677871148459,138.296719179072,1,0.999888921635071
2942,0.0980392156862745,138.343691284868,1,0.99774233978539
2943,0.135014005602241,138.390663390663,1,0.9435805062457
2944,0.16750700280112,138.437635496459,1,0.627765721614619
2945,0.198319327731092,138.484607602255,2,0.240681691881796
2946,0.211204481792717,138.53157970805,2,0.154138944784335
2947,0.225210084033613,138.578551813846,2,0.0991339919636356
2948,0.229131652661064,138.625523919642,2,0.0886728967767386
2949,0.229131652661064,138.672496025437,2,0.0886728967767386
2950,0.237535014005602,138.719468131233,2,0.071299583657807
2951,0.24593837535014,138.766440237028,2,0.059114019937723
2952,0.254341736694678,138.813412342824,2,0.0506267478251039
2953,0.247058823529412,138.86038444862,2,0.0577947840515302
2954,0.246498599439776,138.907356554415,2,0.0584464487377993
2955,0.249859943977591,138.954328660211,2,0.0547633945591814
2956,0.254901960784314,139.001300766007,2,0.0501657120039081
2957,0.26218487394958,139.048272871802,2,0.0451554816177529
2958,0.265546218487395,139.095244977598,2,0.0433892866956426
2959,0.267787114845938,139.142217083394,2,0.0423801075073241
2960,0.266106442577031,139.189189189189,2,0.0431248220393905
2961,0.267226890756303,139.236161294985,2,0.0426203518397957
2962,0.264425770308123,139.28313340078,2,0.0439433035345035
2963,0.257142857142857,139.330105506576,2,0.0484357448570733
2964,0.254901960784314,139.377077612372,2,0.0501657120039081
2965,0.256022408963585,139.424049718167,2,0.0492783349604649
2966,0.257703081232493,139.471021823963,2,0.0480307161828807
2967,0.261624649859944,139.517993929759,2,0.0454810665091231
2968,0.26218487394958,139.564966035554,2,0.0451554816177529
2969,0.267787114845938,139.61193814135,2,0.0423801075073241
2970,0.254901960784314,139.658910247146,2,0.0501657120039081
2971,0.249299719887955,139.705882352941,2,0.0553404811126245
2972,0.253221288515406,139.752854458737,2,0.0515846753144745
2973,0.253221288515406,139.799826564532,2,0.0515846753144745
2974,0.246498599439776,139.846798670328,2,0.0584464487377993
2975,0.247058823529412,139.893770776124,2,0.0577947840515302
2976,0.253781512605042,139.940742881919,2,0.0510996559514405
2977,0.243697478991597,139.987714987715,2,0.0619505457624394
2978,0.246498599439776,140.034687093511,2,0.0584464487377993
2979,0.248739495798319,140.081659199306,2,0.0559318520429217
2980,0.247058823529412,140.128631305102,2,0.0577947840515302
2981,0.245378151260504,140.175603410898,2,0.0597978492186256
2982,0.244817927170868,140.222575516693,2,0.0604982976946113
2983,0.246498599439776,140.269547622489,2,0.0584464487377993
2984,0.250980392156863,140.316519728284,2,0.0536508877748693
2985,0.249859943977591,140.36349183408,2,0.0547633945591814
2986,0.243137254901961,140.410463939876,2,0.0627031173410711
2987,0.233613445378151,140.457436045671,2,0.0786479308455247
2988,0.227450980392157,140.504408151467,2,0.0929463469686119
2989,0.225210084033613,140.551380257263,2,0.0991339919636356
2990,0.225210084033613,140.598352363058,2,0.0991339919636356
2991,0.227450980392157,140.645324468854,2,0.0929463469686119
2992,0.228571428571429,140.69229657465,2,0.090064007425782
2993,0.223529411764706,140.739268680445,2,0.104171539021967
2994,0.221288515406162,140.786240786241,2,0.111463953304766
2995,0.230812324929972,140.833212892036,2,0.0846906855666082
2996,0.23921568627451,140.880184997832,2,0.0685035670796927
2997,0.235854341736695,140.927157103628,2,0.0743009601906026
2998,0.236414565826331,140.974129209423,2,0.0732767948397885
2999,0.239775910364146,141.021101315219,2,0.0676148007359003
3000,0.238095238095238,141.068073421015,2,0.0703454580298313
3001,0.256022408963585,141.11504552681,2,0.0492783349604648
3002,0.257703081232493,141.162017632606,2,0.0480307161828808
3003,0.260504201680672,141.208989738402,2,0.0461603719564252
3004,0.262745098039216,141.255961844197,2,0.0448390633349203
3005,0.261624649859944,141.302933949993,2,0.0454810665091231
3006,0.258263305322129,141.349906055788,2,0.0476362618910961
3007,0.253781512605042,141.396878161584,2,0.0510996559514405
3008,0.251540616246499,141.44385026738,2,0.053114894215835
3009,0.256022408963585,141.490822373175,2,0.0492783349604649
3010,0.249859943977591,141.537794478971,2,0.0547633945591814
3011,0.242016806722689,141.584766584767,2,0.0642631636701746
3012,0.236974789915966,141.631738690562,2,0.0722765182168222
3013,0.235294117647059,141.678710796358,2,0.075349574733778
3014,0.235294117647059,141.725682902154,2,0.075349574733778
3015,0.233613445378151,141.772655007949,2,0.0786479308455247
3016,0.230812324929972,141.819627113745,2,0.0846906855666082
3017,0.249299719887955,141.86659921954,2,0.0553404811126245
3018,0.239775910364146,141.913571325336,2,0.0676148007359003
3019,0.238655462184874,141.960543431132,2,0.0694136214623099
3020,0.250980392156863,142.007515536927,2,0.0536508877748693
3021,0.254901960784314,142.054487642723,2,0.0501657120039081
3022,0.250420168067227,142.101459748519,2,0.0542002936541327
3023,0.252100840336134,142.148431854314,2,0.0525920380039805
3024,0.26218487394958,142.19540396011,2,0.0451554816177529
3025,0.235854341736695,142.242376065905,2,0.0743009601906026
3026,0.228571428571429,142.289348171701,2,0.090064007425782
3027,0.222408963585434,142.336320277497,2,0.10773234026735
3028,0.21624649859944,142.383292383292,2,0.130589620617433
3029,0.206162464985994,142.430264489088,2,0.183006504695312
3030,0.195518207282913,142.477236594884,2,0.265562373774198
3031,0.191036414565826,142.524208700679,2,0.310428378858948
3032,0.191036414565826,142.571180806475,2,0.310428378858948
3033,0.195518207282913,142.618152912271,2,0.265562373774198
3034,0.197198879551821,142.665125018066,2,0.250348189798963
3035,0.206162464985994,142.712097123862,2,0.183006504695312
3036,0.202240896358543,142.759069229657,2,0.20973873549485
3037,0.184313725490196,142.806041335453,2,0.38937287559427
3038,0.171988795518207,142.853013441249,1,0.5619337783019
3039,0.171428571428571,142.899985547044,1,0.570195788935526
3040,0.168067226890756,142.94695765284,1,0.619605066272177
3041,0.161904761904762,142.993929758636,1,0.706672314231835
3042,0.153501400560224,143.040901864431,1,0.809171331637421
3043,0.147899159663866,143.087873970227,1,0.863162892488902
3044,0.140616246498599,143.134846076023,1,0.915474446551335
3045,0.121008403361345,143.181818181818,1,0.98154904233791
3046,0.104761904761905,143.228790287614,1,0.995693411791503
3047,0.111484593837535,143.275762393409,1,0.9919880294298
3048,0.127170868347339,143.322734499205,1,0.969302114627511
3049,0.157983193277311,143.369706605001,1,0.757416891272327
3050,0.182633053221289,143.416678710796,2,0.411139195530895
3051,0.206162464985994,143.463650816592,2,0.183006504695312
3052,0.208403361344538,143.510622922388,2,0.16945979289131
3053,0.208963585434174,143.557595028183,2,0.166256640330474
3054,0.215126050420168,143.604567133979,2,0.135410345606024
3055,0.220728291316527,143.651539239775,2,0.113396281467939
3056,0.219047619047619,143.69851134557,2,0.119471641598086
3057,0.215126050420168,143.745483451366,2,0.135410345606024
3058,0.221848739495798,143.792455557161,2,0.109576306533017
3059,0.22296918767507,143.839427662957,2,0.105931072279774
3060,0.223529411764706,143.886399768753,2,0.104171539021967
3061,0.231372549019608,143.933371874548,2,0.083424555748535
3062,0.231372549019608,143.980343980344,2,0.083424555748535
3063,0.228571428571429,144.02731608614,2,0.090064007425782
3064,0.235294117647059,144.074288191935,2,0.075349574733778
3065,0.234173669467787,144.121260297731,2,0.0775224638794723
3066,0.230252100840336,144.168232403527,2,0.0859869741302575
3067,0.227450980392157,144.215204509322,2,0.0929463469686119
3068,0.226330532212885,144.262176615118,2,0.0959674736836574
3069,0.223529411764706,144.309148720913,2,0.104171539021967
3070,0.221288515406162,144.356120826709,2,0.111463953304766
3071,0.213445378151261,144.403092932505,2,0.143071069205653
3072,0.207843137254902,144.4500650383,2,0.172735047998205
3073,0.194957983193277,144.497037144096,2,0.270827013825428
3074,0.193837535014006,144.544009249892,2,0.281649358290742
3075,0.194957983193277,144.590981355687,2,0.270827013825428
3076,0.203361344537815,144.637953461483,2,0.201688987351548
3077,0.21624649859944,144.684925567279,2,0.130589620617433
3078,0.226890756302521,144.731897673074,2,0.094439155878673
3079,0.230252100840336,144.77886977887,2,0.0859869741302575
3080,0.231372549019608,144.825841884665,2,0.083424555748535
3081,0.228011204481793,144.872813990461,2,0.0914882304135175
3082,0.227450980392157,144.919786096257,2,0.0929463469686119
3083,0.226890756302521,144.966758202052,2,0.094439155878673
3084,0.229131652661064,145.013730307848,2,0.0886728967767387
3085,0.237535014005602,145.060702413644,2,0.0712995836578069
3086,0.250420168067227,145.107674519439,2,0.0542002936541327
3087,0.260504201680672,145.154646625235,2,0.0461603719564252
3088,0.267787114845938,145.201618731031,2,0.0423801075073241
3089,0.287955182072829,145.248590836826,2,0.0383353002996315
3090,0.291316526610644,145.295562942622,2,0.0384465651429647
3091,0.289635854341737,145.342535048417,2,0.0383639610568897
3092,0.280112044817927,145.389507154213,2,0.0389172736534827
3093,0.270588235294118,145.436479260009,2,0.0412943790230511
3094,0.264425770308123,145.483451365804,2,0.0439433035345035
3095,0.254901960784314,145.5304234716,2,0.0501657120039081
3096,0.244817927170868,145.577395577396,2,0.0604982976946113
3097,0.228011204481793,145.624367683191,2,0.0914882304135175
3098,0.219607843137255,145.671339788987,2,0.117399078427169
3099,0.210084033613445,145.718311894783,2,0.160061413933855
3100,0.206162464985994,145.765284000578,2,0.183006504695312
3101,0.207843137254902,145.812256106374,2,0.172735047998205
3102,0.215126050420168,145.859228212169,2,0.135410345606024
3103,0.217366946778711,145.906200317965,2,0.125986938192021
3104,0.218487394957983,145.953172423761,2,0.121593074608504
3105,0.229131652661064,146.000144529556,2,0.0886728967767387
3106,0.230812324929972,146.047116635352,2,0.0846906855666082
3107,0.231932773109244,146.094088741148,2,0.0821878879586631
3108,0.235294117647059,146.141060846943,2,0.075349574733778
3109,0.241456582633053,146.188032952739,2,0.0650714739017278
3110,0.246498599439776,146.235005058534,2,0.0584464487377993
3111,0.251540616246499,146.28197716433,2,0.053114894215835
3112,0.253221288515406,146.328949270126,2,0.0515846753144745
3113,0.257142857142857,146.375921375921,2,0.0484357448570733
3114,0.267226890756303,146.422893481717,2,0.0426203518397957
3115,0.27563025210084,146.469865587513,2,0.0397954029226229
3116,0.277310924369748,146.516837693308,2,0.0394178194855815
3117,0.281792717086835,146.563809799104,2,0.0386922011101775
3118,0.286274509803922,146.6107819049,2,0.0383604669124119
3119,0.279551820728291,146.657754010695,2,0.039004732730844
3120,0.26890756302521,146.704726116491,2,0.0419230338584808
3121,0.25546218487395,146.751698222286,2,0.0497163162693664
3122,0.249299719887955,146.798670328082,2,0.0553404811126245
3123,0.241456582633053,146.845642433878,2,0.0650714739017278
3124,0.241456582633053,146.892614539673,2,0.0650714739017278
3125,0.246498599439776,146.939586645469,2,0.0584464487377993
3126,0.25546218487395,146.986558751265,2,0.0497163162693664
3127,0.263305322128852,147.03353085706,2,0.0445316588243376
3128,0.265546218487395,147.080502962856,2,0.0433892866956426
3129,0.272268907563025,147.127475068652,2,0.0407317431610217
3130,0.273949579831933,147.174447174447,2,0.0402327752646841
3131,0.273949579831933,147.221419280243,2,0.0402327752646841
3132,0.275070028011205,147.268391386038,2,0.0399344666131725
3133,0.271708683473389,147.315363491834,2,0.0409121039955584
3134,0.266666666666667,147.36233559763,2,0.0428685509064329
3135,0.254901960784314,147.409307703425,2,0.0501657120039081
3136,0.247619047619048,147.456279809221,2,0.0571586836398206
3137,0.247619047619048,147.503251915017,2,0.0571586836398206
3138,0.243137254901961,147.550224020812,2,0.0627031173410711
3139,0.236974789915966,147.597196126608,2,0.0722765182168223
3140,0.227450980392157,147.644168232404,2,0.0929463469686119
3141,0.21344537815126,147.691140338199,2,0.143071069205654
3142,0.198319327731092,147.738112443995,2,0.240681691881796
3143,0.184873949579832,147.78508454979,2,0.382286349026419
3144,0.174789915966387,147.832056655586,1,0.520804516967559
3145,0.186554621848739,147.879028761382,2,0.361559928600192
3146,0.188795518207283,147.926000867177,2,0.335222902234861
3147,0.192717086834734,147.972972972973,2,0.292864878876087
3148,0.196638655462185,148.019945078769,2,0.255323591529754
3149,0.200560224089636,148.066917184564,2,0.222461526248395
3150,0.206162464985994,148.11388929036,2,0.183006504695312
3151,0.212885154061625,148.160861396156,2,0.145744087373625
3152,0.21624649859944,148.207833501951,2,0.130589620617433
3153,0.229131652661064,148.254805607747,2,0.0886728967767386
3154,0.233053221288515,148.301777713542,2,0.079800232269624
3155,0.231372549019608,148.348749819338,2,0.083424555748535
3156,0.226890756302521,148.395721925134,2,0.094439155878673
3157,0.23921568627451,148.442694030929,2,0.0685035670796927
3158,0.257142857142857,148.489666136725,2,0.0484357448570732
3159,0.253781512605042,148.536638242521,2,0.0510996559514405
3160,0.236414565826331,148.583610348316,2,0.0732767948397886
3161,0.238655462184874,148.630582454112,2,0.0694136214623099
3162,0.218487394957983,148.677554559908,2,0.121593074608504
3163,0.189915966386555,148.724526665703,2,0.322630090110826
3164,0.166386554621849,148.771498771499,1,0.643978175714878
3165,0.156302521008403,148.818470877294,1,0.777667937464859
3166,0.163025210084034,148.86544298309,1,0.691395748890989
3167,0.182633053221289,148.912415088886,2,0.411139195530895
3168,0.202801120448179,148.959387194681,2,0.205671432592916
3169,0.20672268907563,149.006359300477,2,0.179507098377934
3170,0.20672268907563,149.053331406273,2,0.179507098377934
3171,0.208403361344538,149.100303512068,2,0.16945979289131
3172,0.20952380952381,149.147275617864,2,0.163124282487767
3173,0.211764705882353,149.19424772366,2,0.151276759646458
3174,0.212885154061625,149.241219829455,2,0.145744087373625
3175,0.215686274509804,149.288191935251,2,0.132972141046657
3176,0.215126050420168,149.335164041046,2,0.135410345606024
3177,0.234733893557423,149.382136146842,2,0.0764232130046199
3178,0.236414565826331,149.429108252638,2,0.0732767948397886
3179,0.233053221288515,149.476080358433,2,0.079800232269624
3180,0.224649859943978,149.523052464229,2,0.100773915821301
3181,0.217927170868347,149.570024570025,2,0.123764470037187
3182,0.211764705882353,149.61699667582,2,0.151276759646458
3183,0.206162464985994,149.663968781616,2,0.183006504695312
3184,0.201120448179272,149.710940887411,2,0.218132637970216
3185,0.187675070028011,149.757912993207,2,0.348201890249528
3186,0.178151260504202,149.804885099003,2,0.472458075704991
3187,0.176470588235294,149.851857204798,2,0.496440962449082
3188,0.175350140056022,149.898829310594,1,0.512648081379669
3189,0.159103641456583,149.94580141639,1,0.743392200570811
3190,0.140056022408964,149.992773522185,1,0.918721880456213
3191,0.142857142857143,150.039745627981,1,0.901423134534888
3192,0.164705882352941,150.086717733777,1,0.667951147452568
3193,0.165826330532213,150.133689839572,1,0.652020099832657
3194,0.181512605042017,150.180661945368,2,0.426049799016496
3195,0.20672268907563,150.227634051163,2,0.179507098377934
3196,0.235854341736695,150.274606156959,2,0.0743009601906026
3197,0.263305322128852,150.321578262755,2,0.0445316588243376
3198,0.292436974789916,150.36855036855,2,0.0385317591662603
3199,0.31484593837535,150.415522474346,2,0.0458822726929612
3200,0.327170868347339,150.462494580142,2,0.0560486650652881
3201,0.319887955182073,150.509466685937,2,0.0493627152448954
3202,0.31484593837535,150.556438791733,2,0.0458822726929612
3203,0.306442577030812,150.603410897529,2,0.0417476501419191
3204,0.297478991596639,150.650383003324,2,0.0392187558370206
3205,0.286834733893557,150.69735510912,2,0.0383460954196302
3206,0.275070028011204,150.744327214915,2,0.0399344666131725
3207,0.264425770308123,150.791299320711,2,0.0439433035345035
3208,0.257703081232493,150.838271426507,2,0.0480307161828807
3209,0.256022408963585,150.885243532302,2,0.0492783349604649
3210,0.243137254901961,150.932215638098,2,0.0627031173410711
3211,0.231932773109244,150.979187743894,2,0.0821878879586631
3212,0.230812324929972,151.026159849689,2,0.0846906855666082
3213,0.234173669467787,151.073131955485,2,0.0775224638794723
3214,0.235294117647059,151.120104061281,2,0.075349574733778
3215,0.231932773109244,151.167076167076,2,0.0821878879586631
3216,0.230812324929972,151.214048272872,2,0.0846906855666082
3217,0.230812324929972,151.261020378667,2,0.0846906855666082
3218,0.234733893557423,151.307992484463,2,0.0764232130046199
3219,0.237535014005602,151.354964590259,2,0.0712995836578069
3220,0.242577030812325,151.401936696054,2,0.0634738525539232
3221,0.243697478991597,151.44890880185,2,0.0619505457624394
3222,0.242577030812325,151.495880907646,2,0.0634738525539232
3223,0.235294117647059,151.542853013441,2,0.075349574733778
3224,0.233053221288515,151.589825119237,2,0.079800232269624
3225,0.23921568627451,151.636797225033,2,0.0685035670796927
3226,0.239775910364146,151.683769330828,2,0.0676148007359003
3227,0.242577030812325,151.730741436624,2,0.0634738525539232
3228,0.250980392156863,151.777713542419,2,0.0536508877748693
3229,0.25266106442577,151.824685648215,2,0.0520820517184501
3230,0.251540616246499,151.871657754011,2,0.053114894215835
3231,0.253781512605042,151.918629859806,2,0.0510996559514405
3232,0.25546218487395,151.965601965602,2,0.0497163162693664
3233,0.25266106442577,152.012574071398,2,0.0520820517184501
3234,0.242577030812325,152.059546177193,2,0.0634738525539232
3235,0.231372549019608,152.106518282989,2,0.083424555748535
3236,0.223529411764706,152.153490388785,2,0.104171539021967
3237,0.214565826330532,152.20046249458,2,0.137905427399048
3238,0.198319327731092,152.247434600376,2,0.240681691881796
3239,0.166946778711485,152.294406706171,1,0.635891746488081
3240,0.133333333333333,152.341378811967,1,0.950281111718887
3241,0.0974789915966387,152.388350917763,1,0.997862992798632
3242,0.0610644257703081,152.435323023558,1,0.999957752001609
3243,0.0324929971988796,152.482295129354,1,0.99999879833221
3244,0.019047619047619,152.52926723515,1,0.999999805532406
3245,0.00840336134453781,152.576239340945,1,0.999999956955613
3246,0.00560224089635854,152.623211446741,1,0.999999971335765
3247,0.00504201680672269,152.670183552537,1,0.999999973587238
3248,0.00336134453781513,152.717155658332,1,0.999999979355155
3249,0.0061624649859944,152.764127764128,1,0.999999968897417
3250,0.00560224089635854,152.811099869923,1,0.999999971335765
3251,0.00728291316526611,152.858071975719,1,0.999999963398629
3252,0.0061624649859944,152.905044081515,1,0.999999968897417
3253,0.00728291316526611,152.95201618731,1,0.999999963398629
3254,0.00784313725490196,152.998988293106,1,0.999999960304419
3255,0.00896358543417367,153.045960398902,1,0.999999953331863
3256,0.0128851540616246,153.092932504697,1,0.999999918195747
3257,0.0240896358543417,153.139904610493,1,0.999999610772979
3258,0.0280112044817927,153.186876716289,1,0.999999338322317
3259,0.0280112044817927,153.233848822084,1,0.999999338322317
3260,0.0302521008403361,153.28082092788,1,0.999999107149115
3261,0.0442577030812325,153.327793033675,1,0.999994522612832
3262,0.0633053221288515,153.374765139471,1,0.999945133021617
3263,0.105322128851541,153.421737245267,1,0.995460362590468
3264,0.152380952380952,153.468709351062,1,0.820946420646599
3265,0.173109243697479,153.515681456858,1,0.545431418039036
3266,0.195518207282913,153.562653562654,2,0.265562373774198
3267,0.224089635854342,153.609625668449,2,0.102452795616784
3268,0.243697478991597,153.656597774245,2,0.0619505457624394
3269,0.25546218487395,153.70356988004,2,0.0497163162693664
3270,0.264425770308123,153.750541985836,2,0.0439433035345035
3271,0.264425770308123,153.797514091632,2,0.0439433035345035
3272,0.26218487394958,153.844486197427,2,0.0451554816177529
3273,0.259943977591036,153.891458303223,2,0.0465144230063947
3274,0.260504201680672,153.938430409019,2,0.0461603719564252
3275,0.263305322128852,153.985402514814,2,0.0445316588243376
3276,0.266106442577031,154.03237462061,2,0.0431248220393905
3277,0.271148459383753,154.079346726406,2,0.0410996202780812
3278,0.280672268907563,154.126318832201,2,0.0388360560460302
3279,0.289075630252101,154.173290937997,2,0.0383484239774396
3280,0.294677871148459,154.220263043792,2,0.0387751616598596
3281,0.286274509803922,154.267235149588,2,0.0383604669124119
3282,0.286274509803922,154.314207255384,2,0.0383604669124119
3283,0.288515406162465,154.361179361179,2,0.0383388718222979
3284,0.294117647058824,154.408151466975,2,0.0387051208148731
3285,0.299159663865546,154.455123572771,2,0.0395611237270482
3286,0.305322128851541,154.502095678566,2,0.0413331438022323
3287,0.308683473389356,154.549067784362,2,0.0426680431683969
3288,0.309803921568627,154.596039890158,2,0.0431756609179092
3289,0.294677871148459,154.643011995953,2,0.0387751616598596
3290,0.284033613445378,154.689984101749,2,0.0384779612717823
3291,0.273389355742297,154.736956207544,2,0.0403921571893952
3292,0.26890756302521,154.78392831334,2,0.0419230338584808
3293,0.263305322128852,154.830900419136,2,0.0445316588243376
3294,0.260504201680672,154.877872524931,2,0.0461603719564252
3295,0.256582633053221,154.924844630727,2,0.0488515488220386
3296,0.258263305322129,154.971816736523,2,0.047636261891096
3297,0.258823529411765,155.018788842318,2,0.0472521869114428
3298,0.243697478991597,155.065760948114,2,0.0619505457624394
3299,0.228011204481793,155.11273305391,2,0.0914882304135175
3300,0.219047619047619,155.159705159705,2,0.119471641598086
3301,0.217366946778711,155.206677265501,2,0.125986938192021
3302,0.210644257703081,155.253649371296,2,0.157066733293347
3303,0.193837535014006,155.300621477092,2,0.281649358290742
3304,0.179831932773109,155.347593582888,2,0.448962707619833
3305,0.170868347338936,155.394565688683,1,0.578458426679693
3306,0.176470588235294,155.441537794479,2,0.496440962449082
3307,0.188235294117647,155.488509900275,2,0.341664516405858
3308,0.205042016806723,155.53548200607,2,0.190238569316353
3309,0.21624649859944,155.582454111866,2,0.130589620617433
3310,0.224649859943978,155.629426217662,2,0.100773915821301
3311,0.238655462184874,155.676398323457,2,0.0694136214623099
3312,0.253221288515406,155.723370429253,2,0.0515846753144745
3313,0.250420168067227,155.770342535048,2,0.0542002936541327
3314,0.258263305322129,155.817314640844,2,0.0476362618910961
3315,0.266666666666667,155.86428674664,2,0.0428685509064329
3316,0.272268907563025,155.911258852435,2,0.0407317431610217
3317,0.27563025210084,155.958230958231,2,0.0397954029226229
3318,0.280112044817927,156.005203064027,2,0.0389172736534827
3319,0.284033613445378,156.052175169822,2,0.0384779612717823
3320,0.287394957983193,156.099147275618,2,0.0383377078048744
3321,0.273389355742297,156.146119381414,2,0.0403921571893952
3322,0.273389355742297,156.193091487209,2,0.0403921571893952
3323,0.27563025210084,156.240063593005,2,0.0397954029226229
3324,0.276750700280112,156.2870356988,2,0.0395371383525873
3325,0.27843137254902,156.334007804596,2,0.0391985366231322
3326,0.278991596638655,156.380979910392,2,0.0390984728868202
3327,0.277871148459384,156.427952016187,2,0.0393049693636574
3328,0.277871148459384,156.474924121983,2,0.0393049693636574
3329,0.276750700280112,156.521896227779,2,0.0395371383525873
3330,0.276190476190476,156.568868333574,2,0.0396629803501007
3331,0.28515406162465,156.61584043937,2,0.0384071900579576
3332,0.291316526610644,156.662812545166,2,0.0384465651429647
3333,0.288515406162465,156.709784650961,2,0.0383388718222979
3334,0.290196078431373,156.756756756757,2,0.0383854900426841
3335,0.294677871148459,156.803728862552,2,0.0387751616598596
3336,0.290196078431373,156.850700968348,2,0.0383854900426841
3337,0.294677871148459,156.897673074144,2,0.0387751616598596
3338,0.295798319327731,156.944645179939,2,0.038933809413045
3339,0.298039215686275,156.991617285735,2,0.0393264340051416
3340,0.297478991596639,157.038589391531,2,0.0392187558370206
3341,0.29187675070028,157.085561497326,2,0.0384861387247472
3342,0.287955182072829,157.132533603122,2,0.0383353002996315
3343,0.28515406162465,157.179505708918,2,0.0384071900579576
3344,0.284033613445378,157.226477814713,2,0.0384779612717823
3345,0.286274509803922,157.273449920509,2,0.0383604669124119
3346,0.290756302521008,157.320422026304,2,0.0384130206118378
3347,0.29187675070028,157.3673941321,2,0.0384861387247472
3348,0.289635854341737,157.414366237896,2,0.0383639610568897
3349,0.285714285714286,157.461338343691,2,0.0383808287412194
3350,0.285714285714286,157.508310449487,2,0.0383808287412194
3351,0.280112044817927,157.555282555283,2,0.0389172736534827
3352,0.273949579831933,157.602254661078,2,0.0402327752646841
3353,0.269467787114846,157.649226766874,2,0.0417059897887447
3354,0.25266106442577,157.696198872669,2,0.0520820517184501
3355,0.243137254901961,157.743170978465,2,0.0627031173410711
3356,0.245378151260504,157.790143084261,2,0.0597978492186256
3357,0.234733893557423,157.837115190056,2,0.0764232130046199
3358,0.210644257703081,157.884087295852,2,0.157066733293347
3359,0.191596638655462,157.931059401648,2,0.304475158896413
3360,0.186554621848739,157.978031507443,2,0.361559928600192
3361,0.178711484593838,158.025003613239,2,0.464567172896873
3362,0.184873949579832,158.071975719035,2,0.382286349026419
3363,0.198319327731092,158.11894782483,2,0.240681691881796
3364,0.215126050420168,158.165919930626,2,0.135410345606024
3365,0.225210084033613,158.212892036421,2,0.0991339919636356
3366,0.224089635854342,158.259864142217,2,0.102452795616784
3367,0.225210084033613,158.306836248013,2,0.0991339919636356
3368,0.228011204481793,158.353808353808,2,0.0914882304135175
3369,0.246498599439776,158.400780459604,2,0.0584464487377993
3370,0.242577030812325,158.4477525654,2,0.0634738525539232
3371,0.240896358543417,158.494724671195,2,0.0658992176491101
3372,0.24593837535014,158.541696776991,2,0.059114019937723
3373,0.249299719887955,158.588668882787,2,0.0553404811126245
3374,0.253221288515406,158.635640988582,2,0.0515846753144745
3375,0.26218487394958,158.682613094378,2,0.0451554816177529
3376,0.270028011204482,158.729585200173,2,0.0414964707985745
3377,0.271708683473389,158.776557305969,2,0.0409121039955584
3378,0.290756302521008,158.823529411765,2,0.0384130206118378
3379,0.292997198879552,158.87050151756,2,0.038583447009159
3380,0.280112044817927,158.917473623356,2,0.0389172736534827
3381,0.274509803921569,158.964445729152,2,0.0400802351048689
3382,0.282352941176471,159.011417834947,2,0.0386294987949298
3383,0.285714285714286,159.058389940743,2,0.0383808287412194
3384,0.277871148459384,159.105362046539,2,0.0393049693636574
3385,0.277871148459384,159.152334152334,2,0.0393049693636574
3386,0.289635854341737,159.19930625813,2,0.0383639610568897
3387,0.290756302521008,159.246278363925,2,0.0384130206118378
3388,0.280672268907563,159.293250469721,2,0.0388360560460302
3389,0.280112044817927,159.340222575517,2,0.0389172736534827
3390,0.286274509803922,159.387194681312,2,0.0383604669124119
3391,0.277871148459384,159.434166787108,2,0.0393049693636574
3392,0.259943977591036,159.481138892904,2,0.0465144230063947
3393,0.253781512605042,159.528110998699,2,0.0510996559514405
3394,0.247058823529412,159.575083104495,2,0.0577947840515302
3395,0.236414565826331,159.622055210291,2,0.0732767948397886
3396,0.230252100840336,159.669027316086,2,0.0859869741302575
3397,0.225210084033613,159.715999421882,2,0.0991339919636356
3398,0.218487394957983,159.762971527677,2,0.121593074608504
3399,0.207843137254902,159.809943633473,2,0.172735047998205
3400,0.197759103641457,159.856915739269,2,0.245467823198574
3401,0.19047619047619,159.903887845064,2,0.316480121128861
3402,0.195518207282913,159.95085995086,2,0.265562373774198
3403,0.200560224089636,159.997832056656,2,0.222461526248395
3404,0.20672268907563,160.044804162451,2,0.179507098377934
3405,0.211204481792717,160.091776268247,2,0.154138944784335
3406,0.215686274509804,160.138748374043,2,0.132972141046657
3407,0.221288515406162,160.185720479838,2,0.111463953304766
3408,0.224089635854342,160.232692585634,2,0.102452795616784
3409,0.233613445378151,160.279664691429,2,0.0786479308455247
3410,0.237535014005602,160.326636797225,2,0.0712995836578069
3411,0.242016806722689,160.373608903021,2,0.0642631636701746
3412,0.243137254901961,160.420581008816,2,0.0627031173410711
3413,0.242016806722689,160.467553114612,2,0.0642631636701746
3414,0.243137254901961,160.514525220408,2,0.0627031173410711
3415,0.248179271708683,160.561497326203,2,0.056537814377446
3416,0.254341736694678,160.608469431999,2,0.0506267478251039
3417,0.252100840336134,160.655441537795,2,0.0525920380039805
3418,0.252100840336134,160.70241364359,2,0.0525920380039805
3419,0.250420168067227,160.749385749386,2,0.0542002936541327
3420,0.250420168067227,160.796357855181,2,0.0542002936541327
3421,0.250980392156863,160.843329960977,2,0.0536508877748693
3422,0.248179271708683,160.890302066773,2,0.056537814377446
3423,0.245378151260504,160.937274172568,2,0.0597978492186256
3424,0.241456582633053,160.984246278364,2,0.0650714739017278
3425,0.243697478991597,161.03121838416,2,0.0619505457624394
3426,0.236414565826331,161.078190489955,2,0.0732767948397886
3427,0.228011204481793,161.125162595751,2,0.0914882304135175
3428,0.217927170868347,161.172134701546,2,0.123764470037187
3429,0.212885154061625,161.219106807342,2,0.145744087373625
3430,0.206162464985994,161.266078913138,2,0.183006504695312
3431,0.199439775910364,161.313051018933,2,0.231388641743967
3432,0.193837535014006,161.360023124729,2,0.281649358290742
3433,0.191596638655462,161.406995230525,2,0.304475158896413
3434,0.189915966386555,161.45396733632,2,0.322630090110826
3435,0.181512605042017,161.500939442116,2,0.426049799016496
3436,0.168627450980392,161.547911547912,1,0.611414788809156
3437,0.166386554621849,161.594883653707,1,0.643978175714878
3438,0.169747899159664,161.641855759503,1,0.594965540822835
3439,0.163585434173669,161.688827865298,1,0.68364719151985
3440,0.154621848739496,161.735799971094,1,0.796918542682404
3441,0.145098039215686,161.78277207689,1,0.885591725311595
3442,0.136134453781513,161.829744182685,1,0.938697569226325
3443,0.132773109243697,161.876716288481,1,0.952356775037303
3444,0.137254901960784,161.923688394277,1,0.933462150366168
3445,0.134453781512605,161.970660500072,1,0.945895092472556
3446,0.128291316526611,162.017632605868,1,0.966419371163723
3447,0.128851540616247,162.064604711664,1,0.964889885033869
3448,0.137254901960784,162.111576817459,1,0.933462150366168
3449,0.118767507002801,162.158548923255,1,0.984761371718303
3450,0.12156862745098,162.20552102905,1,0.980654941080305
3451,0.124929971988796,162.252493134846,1,0.974414147622689
3452,0.128291316526611,162.299465240642,1,0.966419371163723
3453,0.130532212885154,162.346437346437,1,0.959925923748295
3454,0.114285714285714,162.393409452233,1,0.98970196299247
3455,0.0756302521008403,162.440381558029,1,0.999779503134182
3456,0.0392156862745098,162.487353663824,1,0.999997115709532
3457,0.0112044817927171,162.53432576962,1,0.999999935622831
3458,0.0123249299719888,162.581297875416,1,0.999999924462087
3459,0.00728291316526611,162.628269981211,1,0.999999963398629
3460,0.0112044817927171,162.675242087007,1,0.999999935622831
3461,0.0392156862745098,162.722214192802,1,0.999997115709532
3462,0.0997198879551821,162.769186298598,1,0.997340644338978
3463,0.156862745098039,162.816158404394,1,0.771025832946886
3464,0.184873949579832,162.863130510189,2,0.382286349026419
3465,0.226890756302521,162.910102615985,2,0.094439155878673
3466,0.240336134453782,162.957074721781,2,0.0667468407508129
3467,0.254901960784314,163.004046827576,2,0.0501657120039081
3468,0.262745098039216,163.051018933372,2,0.0448390633349203
3469,0.270588235294118,163.097991039168,2,0.0412943790230511
3470,0.276190476190476,163.144963144963,2,0.0396629803501007
3471,0.281232492997199,163.191935250759,2,0.0387610431656464
3472,0.282352941176471,163.238907356554,2,0.0386294987949298
3473,0.283473389355742,163.28587946235,2,0.0385224030077952
3474,0.279551820728291,163.332851568146,2,0.039004732730844
3475,0.277871148459384,163.379823673941,2,0.0393049693636574
3476,0.276750700280112,163.426795779737,2,0.0395371383525873
3477,0.278991596638655,163.473767885533,2,0.0390984728868202
3478,0.277871148459384,163.520739991328,2,0.0393049693636574
3479,0.276190476190476,163.567712097124,2,0.0396629803501007
3480,0.272829131652661,163.61468420292,2,0.0405584542537705
3481,0.290196078431373,163.661656308715,2,0.0383854900426841
3482,0.292997198879552,163.708628414511,2,0.038583447009159
3483,0.296918767507003,163.755600520306,2,0.0391174558584947
3484,0.305322128851541,163.802572626102,2,0.0413331438022323
3485,0.313725490196078,163.849544731898,2,0.0452181418924969
3486,0.317647058823529,163.896516837693,2,0.0477122331946651
3487,0.315966386554622,163.943488943489,2,0.046584485745685
3488,0.312605042016807,163.990461049285,2,0.0445908036938575
3489,0.31484593837535,164.03743315508,2,0.0458822726929612
3490,0.313165266106443,164.084405260876,2,0.0448999512189051
3491,0.307563025210084,164.131377366672,2,0.042192338504335
3492,0.30140056022409,164.178349472467,2,0.0401093981058284
3493,0.304201680672269,164.225321578263,2,0.0409480454130796
3494,0.309243697478992,164.272293684058,2,0.0429178043505455
3495,0.313725490196078,164.319265789854,2,0.0452181418924969
3496,0.312605042016807,164.36623789565,2,0.0445908036938575
3497,0.313725490196078,164.413210001445,2,0.0452181418924969
3498,0.312044817927171,164.460182107241,2,0.0442905503323624
3499,0.308683473389356,164.507154213037,2,0.0426680431683969
3500,0.306442577030812,164.554126318832,2,0.0417476501419191
3501,0.307002801120448,164.601098424628,2,0.0419661708650551
3502,0.309243697478992,164.648070530423,2,0.0429178043505455
3503,0.303641456582633,164.695042636219,2,0.0407662982371635
3504,0.299719887955182,164.742014742015,2,0.0396882422079146
3505,0.303081232492997,164.78898684781,2,0.0405916389769136
3506,0.29859943977591,164.835958953606,2,0.0394405393187784
3507,0.29859943977591,164.882931059402,2,0.0394405393187784
3508,0.309243697478992,164.929903165197,2,0.0429178043505455
3509,0.322128851540616,164.976875270993,2,0.0511931208046101
3510,0.329971988795518,165.023847376789,2,0.0592458597582786
3511,0.32436974789916,165.070819482584,2,0.0532182012044976
3512,0.315406162464986,165.11779158838,2,0.0462285351772323
3513,0.312605042016807,165.164763694175,2,0.0445908036938575
3514,0.312605042016807,165.211735799971,2,0.0445908036938575
3515,0.314285714285714,165.258707905767,2,0.0455455294920632
3516,0.311484593837535,165.305680011562,2,0.0439990468395908
3517,0.304761904761905,165.352652117358,2,0.0411369647009354
3518,0.296918767507003,165.399624223154,2,0.0391174558584947
3519,0.29187675070028,165.446596328949,2,0.0384861387247472
3520,0.289635854341737,165.493568434745,2,0.0383639610568897
3521,0.287394957983193,165.540540540541,2,0.0383377078048744
3522,0.281792717086835,165.587512646336,2,0.0386922011101775
3523,0.281792717086835,165.634484752132,2,0.0386922011101775
3524,0.284593837535014,165.681456857927,2,0.038439562714697
3525,0.288515406162465,165.728428963723,2,0.0383388718222979
3526,0.290196078431373,165.775401069519,2,0.0383854900426841
3527,0.294677871148459,165.822373175314,2,0.0387751616598596
3528,0.300280112044818,165.86934528111,2,0.0398219528059288
3529,0.305322128851541,165.916317386906,2,0.0413331438022322
3530,0.303081232492997,165.963289492701,2,0.0405916389769136
3531,0.303641456582633,166.010261598497,2,0.0407662982371635
3532,0.304201680672269,166.057233704293,2,0.0409480454130796
3533,0.305882352941176,166.104205810088,2,0.0415366739840596
3534,0.304201680672269,166.151177915884,2,0.0409480454130796
3535,0.300840336134454,166.198150021679,2,0.039962316672086
3536,0.297478991596639,166.245122127475,2,0.0392187558370206
3537,0.307563025210084,166.292094233271,2,0.042192338504335
3538,0.309803921568627,166.339066339066,2,0.0431756609179092
3539,0.313725490196078,166.386038444862,2,0.0452181418924969
3540,0.319887955182073,166.433010550658,2,0.0493627152448954
3541,0.327731092436975,166.479982656453,2,0.0566575044243913
3542,0.337254901960784,166.526954762249,2,0.0695933049106613
3543,0.341736694677871,166.573926868045,2,0.0777394915741892
3544,0.345658263305322,166.62089897384,2,0.0862428983670359
3545,0.346778711484594,166.667871079636,2,0.0889411538019399
3546,0.34733893557423,166.714843185431,2,0.0903386502232134
3547,0.351820728291316,166.761815291227,2,0.102784240848314
3548,0.353501400560224,166.808787397023,2,0.108087939479139
3549,0.350700280112045,166.855759502818,2,0.0994502348989203
3550,0.348459383753501,166.902731608614,2,0.0932342168727051
3551,0.342296918767507,166.94970371441,2,0.0788701336332746
3552,0.339495798319328,166.996675820205,2,0.0734742857343167
3553,0.33781512605042,167.043647926001,2,0.0705294404965093
3554,0.335014005602241,167.090620031797,2,0.0660626574111332
3555,0.328851540616246,167.137592137592,2,0.0579204171549593
3556,0.317647058823529,167.184564243388,2,0.0477122331946651
3557,0.304201680672269,167.231536349183,2,0.0409480454130796
3558,0.293557422969188,167.278508454979,2,0.0386412255417378
3559,0.286834733893557,167.325480560775,2,0.0383460954196302
3560,0.283473389355742,167.37245266657,2,0.0385224030077952
3561,0.272829131652661,167.419424772366,2,0.0405584542537705
3562,0.273389355742297,167.466396878162,2,0.0403921571893952
3563,0.272829131652661,167.513368983957,2,0.0405584542537705
3564,0.270588235294118,167.560341089753,2,0.0412943790230511
3565,0.267787114845938,167.607313195548,2,0.0423801075073241
3566,0.267787114845938,167.654285301344,2,0.0423801075073241
3567,0.26890756302521,167.70125740714,2,0.0419230338584808
3568,0.270028011204482,167.748229512935,2,0.0414964707985745
3569,0.275070028011205,167.795201618731,2,0.0399344666131725
3570,0.280672268907563,167.842173724527,2,0.0388360560460302
3571,0.288515406162465,167.889145830322,2,0.0383388718222979
3572,0.292997198879552,167.936117936118,2,0.038583447009159
3573,0.295238095238095,167.983090041914,2,0.0388513797081545
3574,0.297478991596639,168.030062147709,2,0.0392187558370206
3575,0.306442577030812,168.077034253505,2,0.0417476501419191
3576,0.31484593837535,168.1240063593,2,0.0458822726929612
3577,0.319327731092437,168.170978465096,2,0.0489337665610995
3578,0.313725490196078,168.217950570892,2,0.0452181418924969
3579,0.309803921568627,168.264922676687,2,0.0431756609179092
3580,0.310924369747899,168.311894782483,2,0.0437161535117571
3581,0.316526610644258,168.358866888279,2,0.046950298433362
3582,0.321008403361345,168.405838994074,2,0.050254545180477
3583,0.32156862745098,168.45281109987,2,0.0507178738483855
3584,0.319327731092437,168.499783205666,2,0.0489337665610995
3585,0.323809523809524,168.546755311461,2,0.0526928086575012
3586,0.323249299719888,168.593727417257,2,0.0521803375137123
3587,0.323249299719888,168.640699523052,2,0.0521803375137123
3588,0.326050420168067,168.687671628848,2,0.0548746341522309
3589,0.328851540616246,168.734643734644,2,0.0579204171549593
3590,0.328851540616246,168.781615840439,2,0.0579204171549593
3591,0.328851540616246,168.828587946235,2,0.0579204171549593
3592,0.327731092436975,168.875560052031,2,0.0566575044243913
3593,0.332212885154062,168.922532157826,2,0.0620956489392546
3594,0.335014005602241,168.969504263622,2,0.0660626574111333
3595,0.317086834733894,169.016476369418,2,0.0473261526284458
3596,0.30140056022409,169.063448475213,2,0.0401093981058284
3597,0.299159663865546,169.110420581009,2,0.0395611237270482
3598,0.286274509803922,169.157392686804,2,0.0383604669124119
3599,0.272268907563025,169.2043647926,2,0.0407317431610217
3600,0.276190476190476,169.251336898396,2,0.0396629803501007
3601,0.273389355742297,169.298309004191,2,0.0403921571893952
3602,0.272829131652661,169.345281109987,2,0.0405584542537705
3603,0.271148459383753,169.392253215783,2,0.0410996202780812
3604,0.269467787114846,169.439225321578,2,0.0417059897887447
3605,0.26890756302521,169.486197427374,2,0.0419230338584808
3606,0.270028011204482,169.53316953317,2,0.0414964707985745
3607,0.272829131652661,169.580141638965,2,0.0405584542537705
3608,0.27563025210084,169.627113744761,2,0.0397954029226229
3609,0.276750700280112,169.674085850556,2,0.0395371383525873
3610,0.282913165266106,169.721057956352,2,0.0385729079313784
3611,0.284593837535014,169.768030062148,2,0.038439562714697
3612,0.280112044817927,169.815002167943,2,0.0389172736534827
3613,0.281232492997199,169.861974273739,2,0.0387610431656464
3614,0.280672268907563,169.908946379535,2,0.0388360560460302
3615,0.278991596638655,169.95591848533,2,0.0390984728868202
3616,0.273949579831933,170.002890591126,2,0.0402327752646841
3617,0.261624649859944,170.049862696922,2,0.0454810665091231
3618,0.266666666666667,170.096834802717,2,0.0428685509064329
3619,0.271148459383753,170.143806908513,2,0.0410996202780812
3620,0.270588235294118,170.190779014308,2,0.0412943790230511
3621,0.264425770308123,170.237751120104,2,0.0439433035345035
3622,0.261624649859944,170.2847232259,2,0.0454810665091231
3623,0.263865546218487,170.331695331695,2,0.044233120021995
3624,0.264985994397759,170.378667437491,2,0.0436620705405833
3625,0.268347338935574,170.425639543287,2,0.042147704620908
3626,0.277871148459384,170.472611649082,2,0.0393049693636574
3627,0.281792717086835,170.519583754878,2,0.0386922011101775
3628,0.290756302521008,170.566555860674,2,0.0384130206118378
3629,0.303641456582633,170.613527966469,2,0.0407662982371635
3630,0.305322128851541,170.660500072265,2,0.0413331438022323
3631,0.30140056022409,170.70747217806,2,0.0401093981058284
3632,0.304761904761905,170.754444283856,2,0.0411369647009354
3633,0.308683473389356,170.801416389652,2,0.0426680431683969
3634,0.309803921568627,170.848388495447,2,0.0431756609179092
3635,0.310364145658263,170.895360601243,2,0.0434417351400998
3636,0.309803921568627,170.942332707039,2,0.0431756609179092
3637,0.310364145658263,170.989304812834,2,0.0434417351400998
3638,0.313165266106443,171.03627691863,2,0.0448999512189051
3639,0.316526610644258,171.083249024426,2,0.046950298433362
3640,0.32156862745098,171.130221130221,2,0.0507178738483855
3641,0.320448179271709,171.177193236017,2,0.0498029012878436
3642,0.318207282913165,171.224165341812,2,0.0481087305972535
3643,0.313725490196078,171.271137447608,2,0.0452181418924969
3644,0.309243697478992,171.318109553404,2,0.0429178043505455
3645,0.305322128851541,171.365081659199,2,0.0413331438022323
3646,0.300840336134454,171.412053764995,2,0.039962316672086
3647,0.295798319327731,171.459025870791,2,0.038933809413045
3648,0.291316526610644,171.505997976586,2,0.0384465651429647
3649,0.295238095238095,171.552970082382,2,0.0388513797081545
3650,0.294117647058824,171.599942188177,2,0.0387051208148731
3651,0.292997198879552,171.646914293973,2,0.038583447009159
3652,0.291316526610644,171.693886399769,2,0.0384465651429647
3653,0.286834733893557,171.740858505564,2,0.0383460954196302
3654,0.277310924369748,171.78783061136,2,0.0394178194855815
3655,0.266106442577031,171.834802717156,2,0.0431248220393905
3656,0.258823529411765,171.881774822951,2,0.0472521869114428
3657,0.242016806722689,171.928746928747,2,0.0642631636701746
3658,0.244817927170868,171.975719034543,2,0.0604982976946113
3659,0.248739495798319,172.022691140338,2,0.0559318520429217
3660,0.256022408963585,172.069663246134,2,0.0492783349604649
3661,0.257703081232493,172.116635351929,2,0.0480307161828807
3662,0.259943977591036,172.163607457725,2,0.0465144230063947
3663,0.265546218487395,172.210579563521,2,0.0433892866956426
3664,0.272829131652661,172.257551669316,2,0.0405584542537705
3665,0.264425770308123,172.304523775112,2,0.0439433035345035
3666,0.271148459383753,172.351495880908,2,0.0410996202780812
3667,0.277871148459384,172.398467986703,2,0.0393049693636574
3668,0.278991596638655,172.445440092499,2,0.0390984728868202
3669,0.275070028011205,172.492412198295,2,0.0399344666131725
3670,0.273389355742297,172.53938430409,2,0.0403921571893952
3671,0.280112044817927,172.586356409886,2,0.0389172736534827
3672,0.285714285714286,172.633328515681,2,0.0383808287412194
3673,0.291316526610644,172.680300621477,2,0.0384465651429647
3674,0.305322128851541,172.727272727273,2,0.0413331438022323
3675,0.315966386554622,172.774244833068,2,0.046584485745685
3676,0.32436974789916,172.821216938864,2,0.0532182012044976
3677,0.332773109243697,172.86818904466,2,0.062851724739302
3678,0.328851540616246,172.915161150455,2,0.0579204171549593
3679,0.320448179271709,172.962133256251,2,0.0498029012878436
3680,0.321008403361345,173.009105362047,2,0.050254545180477
3681,0.315966386554622,173.056077467842,2,0.046584485745685
3682,0.312605042016807,173.103049573638,2,0.0445908036938575
3683,0.311484593837535,173.150021679433,2,0.0439990468395908
3684,0.313725490196078,173.196993785229,2,0.0452181418924969
3685,0.313165266106443,173.243965891025,2,0.0448999512189051
3686,0.309803921568627,173.29093799682,2,0.0431756609179092
3687,0.310364145658263,173.337910102616,2,0.0434417351400998
3688,0.314285714285714,173.384882208412,2,0.0455455294920632
3689,0.309803921568627,173.431854314207,2,0.0431756609179092
3690,0.308683473389356,173.478826420003,2,0.0426680431683969
3691,0.308683473389356,173.525798525799,2,0.0426680431683969
3692,0.305322128851541,173.572770631594,2,0.0413331438022323
3693,0.30140056022409,173.61974273739,2,0.0401093981058284
3694,0.29859943977591,173.666714843185,2,0.0394405393187784
3695,0.303641456582633,173.713686948981,2,0.0407662982371635
3696,0.304201680672269,173.760659054777,2,0.0409480454130796
3697,0.314285714285714,173.807631160572,2,0.0455455294920632
3698,0.312044817927171,173.854603266368,2,0.0442905503323624
3699,0.307563025210084,173.901575372164,2,0.042192338504335
3700,0.299159663865546,173.948547477959,2,0.0395611237270482
3701,0.290196078431373,173.995519583755,2,0.0383854900426841
3702,0.284033613445378,174.042491689551,2,0.0384779612717823
3703,0.282913165266106,174.089463795346,2,0.0385729079313784
3704,0.28515406162465,174.136435901142,2,0.0384071900579576
3705,0.277871148459384,174.183408006937,2,0.0393049693636574
3706,0.270588235294118,174.230380112733,2,0.0412943790230511
3707,0.260504201680672,174.277352218529,2,0.0461603719564252
3708,0.245378151260504,174.324324324324,2,0.0597978492186256
3709,0.219607843137255,174.37129643012,2,0.117399078427169
3710,0.188795518207283,174.418268535916,2,0.335222902234861
3711,0.163025210084034,174.465240641711,1,0.691395748890989
3712,0.149019607843137,174.512212747507,1,0.85334478030418
3713,0.159663865546219,174.559184853303,1,0.73623113845201
3714,0.159103641456583,174.606156959098,1,0.743392200570811
3715,0.160224089635854,174.653129064894,1,0.728975144265132
3716,0.169187675070028,174.700101170689,1,0.603199928093532
3717,0.181512605042017,174.747073276485,2,0.426049799016496
3718,0.191036414565826,174.794045382281,2,0.310428378858948
3719,0.201680672268908,174.841017488076,2,0.213892083946832
3720,0.211204481792717,174.887989593872,2,0.154138944784335
3721,0.216806722689076,174.934961699668,2,0.128261606795725
3722,0.21624649859944,174.981933805463,2,0.130589620617433
3723,0.219047619047619,175.028905911259,2,0.119471641598086
3724,0.221848739495798,175.075878017055,2,0.109576306533017
3725,0.229131652661064,175.12285012285,2,0.0886728967767387
3726,0.237535014005602,175.169822228646,2,0.0712995836578069
3727,0.245378151260504,175.216794334441,2,0.0597978492186256
3728,0.250420168067227,175.263766440237,2,0.0542002936541327
3729,0.25266106442577,175.310738546033,2,0.0520820517184501
3730,0.254341736694678,175.357710651828,2,0.0506267478251039
3731,0.253781512605042,175.404682757624,2,0.0510996559514405
3732,0.248739495798319,175.45165486342,2,0.0559318520429217
3733,0.245378151260504,175.498626969215,2,0.0597978492186256
3734,0.244257703081232,175.545599075011,2,0.0612157362492645
3735,0.249859943977591,175.592571180806,2,0.0547633945591814
3736,0.253221288515406,175.639543286602,2,0.0515846753144745
3737,0.266106442577031,175.686515392398,2,0.0431248220393905
3738,0.272268907563025,175.733487498193,2,0.0407317431610217
3739,0.283473389355742,175.780459603989,2,0.0385224030077952
3740,0.292997198879552,175.827431709785,2,0.038583447009159
3741,0.298039215686275,175.87440381558,2,0.0393264340051416
3742,0.300280112044818,175.921375921376,2,0.0398219528059288
3743,0.299159663865546,175.968348027172,2,0.0395611237270482
3744,0.297478991596639,176.015320132967,2,0.0392187558370206
3745,0.29859943977591,176.062292238763,2,0.0394405393187784
3746,0.297478991596639,176.109264344558,2,0.0392187558370206
3747,0.295798319327731,176.156236450354,2,0.038933809413045
3748,0.294677871148459,176.20320855615,2,0.0387751616598596
3749,0.297478991596639,176.250180661945,2,0.0392187558370206
3750,0.304761904761905,176.297152767741,2,0.0411369647009354
3751,0.315406162464986,176.344124873537,2,0.0462285351772323
3752,0.325490196078431,176.391096979332,2,0.0543088336036924
3753,0.314285714285714,176.438069085128,2,0.0455455294920632
3754,0.304761904761905,176.485041190924,2,0.0411369647009354
3755,0.299159663865546,176.532013296719,2,0.0395611237270482
3756,0.291316526610644,176.578985402515,2,0.0384465651429647
3757,0.276190476190476,176.62595750831,2,0.0396629803501007
3758,0.272829131652661,176.672929614106,2,0.0405584542537705
3759,0.271708683473389,176.719901719902,2,0.0409121039955584
3760,0.265546218487395,176.766873825697,2,0.0433892866956426
3761,0.282352941176471,176.813845931493,2,0.0386294987949298
3762,0.273389355742297,176.860818037289,2,0.0403921571893952
3763,0.26890756302521,176.907790143084,2,0.0419230338584808
3764,0.272268907563025,176.95476224888,2,0.0407317431610217
3765,0.277310924369748,177.001734354676,2,0.0394178194855815
3766,0.275070028011205,177.048706460471,2,0.0399344666131725
3767,0.275070028011205,177.095678566267,2,0.0399344666131725
3768,0.274509803921569,177.142650672062,2,0.0400802351048689
3769,0.27563025210084,177.189622777858,2,0.0397954029226229
3770,0.258823529411765,177.236594883654,2,0.0472521869114428
3771,0.243137254901961,177.283566989449,2,0.0627031173410711
3772,0.2296918767507,177.330539095245,2,0.0873141345910562
3773,0.217927170868347,177.377511201041,2,0.123764470037187
3774,0.20952380952381,177.424483306836,2,0.163124282487767
3775,0.198319327731092,177.471455412632,2,0.240681691881796
3776,0.180392156862745,177.518427518428,2,0.44125602918874
3777,0.17703081232493,177.565399624223,2,0.4883988625116
3778,0.1703081232493,177.612371730019,1,0.586716688862596
3779,0.156302521008403,177.659343835814,1,0.777667937464859
3780,0.143977591036415,177.70631594161,1,0.893736206995536
3781,0.142296918767507,177.753288047406,1,0.905098777843182
3782,0.150140056022409,177.800260153201,1,0.843036248399704
3783,0.168067226890756,177.847232258997,1,0.619605066272177
3784,0.185434173669468,177.894204364793,2,0.375287559046385
3785,0.201120448179272,177.941176470588,2,0.218132637970216
3786,0.206162464985994,177.988148576384,2,0.183006504695312
3787,0.21344537815126,178.03512068218,2,0.143071069205654
3788,0.217927170868347,178.082092787975,2,0.123764470037187
3789,0.219607843137255,178.129064893771,2,0.117399078427169
3790,0.224649859943978,178.176036999566,2,0.100773915821301
3791,0.230252100840336,178.223009105362,2,0.0859869741302575
3792,0.236974789915966,178.269981211158,2,0.0722765182168223
3793,0.23249299719888,178.316953316953,2,0.0809800016654873
3794,0.235854341736695,178.363925422749,2,0.0743009601906026
3795,0.240896358543417,178.410897528545,2,0.0658992176491101
3796,0.248179271708683,178.45786963434,2,0.056537814377446
3797,0.25546218487395,178.504841740136,2,0.0497163162693664
3798,0.261624649859944,178.551813845932,2,0.0454810665091231
3799,0.269467787114846,178.598785951727,2,0.0417059897887447
3800,0.273949579831933,178.645758057523,2,0.0402327752646841
3801,0.27843137254902,178.692730163318,2,0.0391985366231322
3802,0.279551820728291,178.739702269114,2,0.039004732730844
3803,0.282352941176471,178.78667437491,2,0.0386294987949298
3804,0.282352941176471,178.833646480705,2,0.0386294987949298
3805,0.28515406162465,178.880618586501,2,0.0384071900579576
3806,0.283473389355742,178.927590692297,2,0.0385224030077952
3807,0.28515406162465,178.974562798092,2,0.0384071900579576
3808,0.285714285714286,179.021534903888,2,0.0383808287412194
3809,0.295798319327731,179.068507009684,2,0.038933809413045
3810,0.300280112044818,179.115479115479,2,0.0398219528059288
3811,0.302521008403361,179.162451221275,2,0.0404239868833479
3812,0.306442577030812,179.20942332707,2,0.0417476501419191
3813,0.30812324929972,179.256395432866,2,0.0424262592427234
3814,0.304201680672269,179.303367538662,2,0.0409480454130796
3815,0.301960784313725,179.350339644457,2,0.0402632645992233
3816,0.299719887955182,179.397311750253,2,0.0396882422079146
3817,0.29187675070028,179.444283856049,2,0.0384861387247472
3818,0.284593837535014,179.491255961844,2,0.038439562714697
3819,0.282352941176471,179.53822806764,2,0.0386294987949298
3820,0.289635854341737,179.585200173435,2,0.0383639610568897
3821,0.300840336134454,179.632172279231,2,0.039962316672086
3822,0.308683473389356,179.679144385027,2,0.0426680431683969
3823,0.305322128851541,179.726116490822,2,0.0413331438022323
3824,0.299719887955182,179.773088596618,2,0.0396882422079146
3825,0.305882352941176,179.820060702414,2,0.0415366739840596
3826,0.304761904761905,179.867032808209,2,0.0411369647009354
3827,0.300840336134454,179.914004914005,2,0.039962316672086
3828,0.299719887955182,179.960977019801,2,0.0396882422079146
3829,0.300840336134454,180.007949125596,2,0.039962316672086
3830,0.307002801120448,180.054921231392,2,0.0419661708650551
3831,0.313165266106443,180.101893337187,2,0.0448999512189051
3832,0.319887955182073,180.148865442983,2,0.0493627152448953
3833,0.303081232492997,180.195837548779,2,0.0405916389769136
3834,0.297478991596639,180.242809654574,2,0.0392187558370206
3835,0.291316526610644,180.28978176037,2,0.0384465651429647
3836,0.284033613445378,180.336753866166,2,0.0384779612717823
3837,0.282352941176471,180.383725971961,2,0.0386294987949298
3838,0.284033613445378,180.430698077757,2,0.0384779612717823
3839,0.285714285714286,180.477670183553,2,0.0383808287412194
3840,0.286274509803922,180.524642289348,2,0.0383604669124119
3841,0.292436974789916,180.571614395144,2,0.0385317591662603
3842,0.294117647058824,180.618586500939,2,0.0387051208148731
3843,0.295798319327731,180.665558606735,2,0.038933809413045
3844,0.302521008403361,180.712530712531,2,0.0404239868833479
3845,0.30812324929972,180.759502818326,2,0.0424262592427234
3846,0.318767507002801,180.806474924122,2,0.0485158410325222
3847,0.327170868347339,180.853447029918,2,0.0560486650652881
3848,0.334453781512605,180.900419135713,2,0.0652310789331234
3849,0.336694677871148,180.947391241509,2,0.0686790491803039
3850,0.334453781512605,180.994363347305,2,0.0652310789331234
3851,0.332212885154062,181.0413354531,2,0.0620956489392546
3852,0.330532212885154,181.088307558896,2,0.0599328957948075
3853,0.332212885154062,181.135279664691,2,0.0620956489392546
3854,0.338935574229692,181.182251770487,2,0.0724694018196245
3855,0.345658263305322,181.229223876283,2,0.0862428983670359
3856,0.351820728291317,181.276195982078,2,0.102784240848315
3857,0.349019607843137,181.323168087874,2,0.0947338739609597
3858,0.352941176470588,181.37014019367,2,0.106278435259934
3859,0.347899159663866,181.417112299465,2,0.0917694097030611
3860,0.333333333333333,181.464084405261,2,0.0636260435863361
3861,0.329971988795518,181.511056511057,2,0.0592458597582786
3862,0.335574229691877,181.558028616852,2,0.0669142033892162
3863,0.330532212885154,181.605000722648,2,0.0599328957948075
3864,0.319327731092437,181.651972828443,2,0.0489337665610995
3865,0.318207282913165,181.698944934239,2,0.0481087305972535
3866,0.30812324929972,181.745917040035,2,0.0424262592427234
3867,0.299159663865546,181.79288914583,2,0.0395611237270482
3868,0.293557422969188,181.839861251626,2,0.0386412255417378
3869,0.290756302521008,181.886833357422,2,0.0384130206118378
3870,0.282352941176471,181.933805463217,2,0.0386294987949298
3871,0.270588235294118,181.980777569013,2,0.0412943790230511
3872,0.258263305322129,182.027749674809,2,0.0476362618910961
3873,0.259383753501401,182.074721780604,2,0.0468783018792113
3874,0.252100840336134,182.1216938864,2,0.0525920380039805
3875,0.248179271708683,182.168665992195,2,0.056537814377446
3876,0.252100840336134,182.215638097991,2,0.0525920380039805
3877,0.254901960784314,182.262610203787,2,0.0501657120039081
3878,0.252100840336134,182.309582309582,2,0.0525920380039805
3879,0.248739495798319,182.356554415378,2,0.0559318520429217
3880,0.249299719887955,182.403526521174,2,0.0553404811126245
3881,0.25546218487395,182.450498626969,2,0.0497163162693664
3882,0.263305322128852,182.497470732765,2,0.0445316588243376
3883,0.271148459383753,182.544442838561,2,0.0410996202780812
3884,0.278991596638655,182.591414944356,2,0.0390984728868202
3885,0.284033613445378,182.638387050152,2,0.0384779612717823
3886,0.287955182072829,182.685359155947,2,0.0383353002996315
3887,0.293557422969188,182.732331261743,2,0.0386412255417378
3888,0.299159663865546,182.779303367539,2,0.0395611237270482
3889,0.300840336134454,182.826275473334,2,0.039962316672086
3890,0.298039215686275,182.87324757913,2,0.0393264340051416
3891,0.305322128851541,182.920219684926,2,0.0413331438022323
3892,0.306442577030812,182.967191790721,2,0.0417476501419191
3893,0.303641456582633,183.014163896517,2,0.0407662982371635
3894,0.30812324929972,183.061136002313,2,0.0424262592427234
3895,0.304761904761905,183.108108108108,2,0.0411369647009354
3896,0.290756302521008,183.155080213904,2,0.0384130206118378
3897,0.288515406162465,183.202052319699,2,0.0383388718222979
3898,0.277871148459384,183.249024425495,2,0.0393049693636574
3899,0.270588235294118,183.295996531291,2,0.0412943790230511
3900,0.264985994397759,183.342968637086,2,0.0436620705405833
3901,0.263865546218487,183.389940742882,2,0.044233120021995
3902,0.257142857142857,183.436912848678,2,0.0484357448570732
3903,0.240336134453782,183.483884954473,2,0.0667468407508129
3904,0.221848739495798,183.530857060269,2,0.109576306533017
3905,0.201120448179272,183.577829166064,2,0.218132637970216
3906,0.18375350140056,183.62480127186,2,0.396545252639417
3907,0.156862745098039,183.671773377656,1,0.771025832946886
3908,0.138935574229692,183.718745483451,1,0.924911400696496
3909,0.141736694677871,183.765717589247,1,0.908664716510222
3910,0.162464985994398,183.812689695043,1,0.699072186773792
3911,0.175910364145658,183.859661800838,1,0.504525445493931
3912,0.177591036414566,183.906633906634,2,0.480403245805706
3913,0.184873949579832,183.95360601243,2,0.382286349026419
3914,0.189915966386555,184.000578118225,2,0.322630090110826
3915,0.203361344537815,184.047550224021,2,0.201688987351548
3916,0.218487394957983,184.094522329816,2,0.121593074608504
3917,0.221848739495798,184.141494435612,2,0.109576306533017
3918,0.219047619047619,184.188466541408,2,0.119471641598086
3919,0.231372549019608,184.235438647203,2,0.083424555748535
3920,0.247619047619048,184.282410752999,2,0.0571586836398206
3921,0.259943977591036,184.329382858795,2,0.0465144230063947
3922,0.275070028011205,184.37635496459,2,0.0399344666131725
3923,0.286274509803922,184.423327070386,2,0.0383604669124119
3924,0.292436974789916,184.470299176182,2,0.0385317591662603
3925,0.298039215686275,184.517271281977,2,0.0393264340051416
3926,0.297478991596639,184.564243387773,2,0.0392187558370206
3927,0.300840336134454,184.611215493568,2,0.039962316672086
3928,0.307563025210084,184.658187599364,2,0.042192338504335
3929,0.310924369747899,184.70515970516,2,0.0437161535117571
3930,0.319327731092437,184.752131810955,2,0.0489337665610996
3931,0.328291316526611,184.799103916751,2,0.057281313141428
3932,0.332212885154062,184.846076022547,2,0.0620956489392546
3933,0.336694677871148,184.893048128342,2,0.0686790491803039
3934,0.340056022408964,184.940020234138,2,0.0745031663958164
3935,0.339495798319328,184.986992339934,2,0.0734742857343167
3936,0.334453781512605,185.033964445729,2,0.0652310789331234
3937,0.335574229691877,185.080936551525,2,0.0669142033892162
3938,0.333333333333333,185.12790865732,2,0.0636260435863362
3939,0.330532212885154,185.174880763116,2,0.0599328957948075
3940,0.328851540616246,185.221852868912,2,0.0579204171549593
3941,0.323249299719888,185.268824974707,2,0.0521803375137123
3942,0.306442577030812,185.315797080503,2,0.0417476501419191
3943,0.284033613445378,185.362769186299,2,0.0384779612717823
3944,0.26890756302521,185.409741292094,2,0.0419230338584808
3945,0.247619047619048,185.45671339789,2,0.0571586836398206
3946,0.236414565826331,185.503685503686,2,0.0732767948397886
3947,0.223529411764706,185.550657609481,2,0.104171539021967
3948,0.215686274509804,185.597629715277,2,0.132972141046657
3949,0.20672268907563,185.644601821072,2,0.179507098377934
3950,0.196638655462185,185.691573926868,2,0.255323591529754
3951,0.189915966386555,185.738546032664,2,0.322630090110826
3952,0.188795518207283,185.785518138459,2,0.335222902234861
3953,0.2,185.832490244255,2,0.226879842506765
3954,0.203361344537815,185.879462350051,2,0.201688987351548
3955,0.210644257703081,185.926434455846,2,0.157066733293347
3956,0.223529411764706,185.973406561642,2,0.104171539021967
3957,0.231372549019608,186.020378667438,2,0.083424555748535
3958,0.2296918767507,186.067350773233,2,0.0873141345910562
3959,0.220728291316527,186.114322879029,2,0.113396281467939
3960,0.212324929971989,186.161294984824,2,0.14847889746188
3961,0.201680672268908,186.20826709062,2,0.213892083946832
3962,0.202801120448179,186.255239196416,2,0.205671432592916
3963,0.202801120448179,186.302211302211,2,0.205671432592916
3964,0.205602240896359,186.349183408007,2,0.186583231459786
3965,0.214005602240896,186.396155513803,2,0.140458594489107
3966,0.229131652661064,186.443127619598,2,0.0886728967767387
3967,0.236974789915966,186.490099725394,2,0.0722765182168222
3968,0.236414565826331,186.53707183119,2,0.0732767948397886
3969,0.234733893557423,186.584043936985,2,0.0764232130046199
3970,0.230252100840336,186.631016042781,2,0.0859869741302575
3971,0.221288515406162,186.677988148576,2,0.111463953304766
3972,0.214005602240896,186.724960254372,2,0.140458594489107
3973,0.20672268907563,186.771932360168,2,0.179507098377934
3974,0.206162464985994,186.818904465963,2,0.183006504695312
3975,0.20672268907563,186.865876571759,2,0.179507098377934
3976,0.208963585434174,186.912848677555,2,0.166256640330474
3977,0.196078431372549,186.95982078335,2,0.260394763976012
3978,0.19327731092437,187.006792889146,2,0.28720783559683
3979,0.192717086834734,187.053764994941,2,0.292864878876087
3980,0.198879551820728,187.100737100737,2,0.235988936316761
3981,0.203921568627451,187.147709206533,2,0.19779018733207
3982,0.210084033613445,187.194681312328,2,0.160061413933855
3983,0.219607843137255,187.241653418124,2,0.117399078427169
3984,0.226330532212885,187.28862552392,2,0.0959674736836574
3985,0.230252100840336,187.335597629715,2,0.0859869741302575
3986,0.224089635854342,187.382569735511,2,0.102452795616784
3987,0.238655462184874,187.429541841307,2,0.0694136214623099
3988,0.268347338935574,187.476513947102,2,0.042147704620908
3989,0.280112044817927,187.523486052898,2,0.0389172736534827
3990,0.27843137254902,187.570458158693,2,0.0391985366231322
3991,0.289635854341737,187.617430264489,2,0.0383639610568897
3992,0.312044817927171,187.664402370285,2,0.0442905503323624
3993,0.301960784313725,187.71137447608,2,0.0402632645992233
3994,0.310364145658263,187.758346581876,2,0.0434417351400998
3995,0.321008403361345,187.805318687672,2,0.050254545180477
3996,0.327170868347339,187.852290793467,2,0.0560486650652881
3997,0.330532212885154,187.899262899263,2,0.0599328957948075
3998,0.331652661064426,187.946235005059,2,0.0613574125531326
3999,0.334453781512605,187.993207110854,2,0.0652310789331234
4000,0.340056022408964,188.04017921665,2,0.0745031663958164
4001,0.329971988795518,188.087151322445,2,0.0592458597582786
4002,0.333333333333333,188.134123428241,2,0.0636260435863361
4003,0.341176470588235,188.181095534037,2,0.0766351848129566
4004,0.343417366946779,188.228067639832,2,0.0812129240224499
4005,0.342857142857143,188.275039745628,2,0.0800277322849119
4006,0.339495798319328,188.322011851424,2,0.0734742857343167
4007,0.336694677871148,188.368983957219,2,0.0686790491803039
4008,0.333893557422969,188.415956063015,2,0.0644190198607173
4009,0.334453781512605,188.462928168811,2,0.0652310789331234
4010,0.333893557422969,188.509900274606,2,0.0644190198607173
4011,0.33109243697479,188.556872380402,2,0.060636622455853
4012,0.331652661064426,188.603844486197,2,0.0613574125531326
4013,0.332212885154062,188.650816591993,2,0.0620956489392546
4014,0.329971988795518,188.697788697789,2,0.0592458597582786
4015,0.326050420168067,188.744760803584,2,0.0548746341522309
4016,0.322689075630252,188.79173290938,2,0.0516805263060188
4017,0.315966386554622,188.838705015176,2,0.046584485745685
4018,0.320448179271709,188.885677120971,2,0.0498029012878437
4019,0.31484593837535,188.932649226767,2,0.0458822726929612
4020,0.29859943977591,188.979621332563,2,0.0394405393187784
4021,0.292997198879552,189.026593438358,2,0.038583447009159
4022,0.285714285714286,189.073565544154,2,0.0383808287412194
4023,0.260504201680672,189.120537649949,2,0.0461603719564252
4024,0.226330532212885,189.167509755745,2,0.0959674736836574
4025,0.188235294117647,189.214481861541,2,0.341664516405858
4026,0.164145658263305,189.261453967336,1,0.675830840677035
4027,0.122689075630252,189.308426073132,1,0.978747642121103
4028,0.103081232492997,189.355398178928,1,0.996327019846394
4029,0.104761904761905,189.402370284723,1,0.995693411791503
4030,0.0918767507002801,189.449342390519,1,0.998777415487261
4031,0.0907563025210084,189.496314496315,1,0.99890879627236
4032,0.113165266106443,189.54328660211,1,0.990680596171965
4033,0.115966386554622,189.590258707906,1,0.9880547268893
4034,0.131652661064426,189.637230813701,1,0.956283906091353
4035,0.150140056022409,189.684202919497,1,0.843036248399704
4036,0.163025210084034,189.731175025293,1,0.691395748890989
4037,0.1703081232493,189.778147131088,1,0.586716688862596
4038,0.181512605042017,189.825119236884,2,0.426049799016496
4039,0.197759103641457,189.87209134268,2,0.245467823198574
4040,0.207843137254902,189.919063448475,2,0.172735047998205
4041,0.203361344537815,189.966035554271,2,0.201688987351548
4042,0.215126050420168,190.013007660067,2,0.135410345606024
4043,0.228571428571429,190.059979765862,2,0.090064007425782
4044,0.239775910364146,190.106951871658,2,0.0676148007359003
4045,0.250980392156863,190.153923977453,2,0.0536508877748693
4046,0.263305322128852,190.200896083249,2,0.0445316588243376
4047,0.270028011204482,190.247868189045,2,0.0414964707985745
4048,0.270588235294118,190.29484029484,2,0.0412943790230511
4049,0.273949579831933,190.341812400636,2,0.0402327752646841
4050,0.273389355742297,190.388784506432,2,0.0403921571893952
4051,0.271708683473389,190.435756612227,2,0.0409121039955584
4052,0.275070028011205,190.482728718023,2,0.0399344666131725
4053,0.279551820728291,190.529700823819,2,0.039004732730844
4054,0.285714285714286,190.576672929614,2,0.0383808287412194
4055,0.293557422969188,190.62364503541,2,0.0386412255417378
4056,0.298039215686275,190.670617141205,2,0.0393264340051416
4057,0.299159663865546,190.717589247001,2,0.0395611237270482
4058,0.302521008403361,190.764561352797,2,0.0404239868833479
4059,0.307563025210084,190.811533458592,2,0.042192338504335
4060,0.308683473389356,190.858505564388,2,0.0426680431683969
4061,0.310364145658263,190.905477670184,2,0.0434417351400998
4062,0.314285714285714,190.952449775979,2,0.0455455294920632
4063,0.323809523809524,190.999421881775,2,0.0526928086575012
4064,0.330532212885154,191.04639398757,2,0.0599328957948075
4065,0.315406162464986,191.093366093366,2,0.0462285351772323
4066,0.30812324929972,191.140338199162,2,0.0424262592427234
4067,0.30140056022409,191.187310304957,2,0.0401093981058284
4068,0.290756302521008,191.234282410753,2,0.0384130206118378
4069,0.277871148459384,191.281254516549,2,0.0393049693636574
4070,0.256022408963585,191.328226622344,2,0.0492783349604649
4071,0.233053221288515,191.37519872814,2,0.079800232269624
4072,0.216806722689076,191.422170833936,2,0.128261606795725
4073,0.2,191.469142939731,2,0.226879842506765
4074,0.189355742296919,191.516115045527,2,0.328877866445717
4075,0.179271708683473,191.563087151322,2,0.456734210126227
4076,0.182072829131653,191.610059257118,2,0.418556167060312
4077,0.191036414565826,191.657031362914,2,0.310428378858948
4078,0.200560224089636,191.704003468709,2,0.222461526248395
4079,0.20952380952381,191.750975574505,2,0.163124282487767
4080,0.217927170868347,191.797947680301,2,0.123764470037187
4081,0.240896358543417,191.844919786096,2,0.0658992176491101
4082,0.244817927170868,191.891891891892,2,0.0604982976946113
4083,0.249299719887955,191.938863997688,2,0.0553404811126245
4084,0.257703081232493,191.985836103483,2,0.0480307161828807
4085,0.267787114845938,192.032808209279,2,0.0423801075073241
4086,0.276750700280112,192.079780315074,2,0.0395371383525873
4087,0.281232492997199,192.12675242087,2,0.0387610431656464
4088,0.282352941176471,192.173724526666,2,0.0386294987949298
4089,0.271708683473389,192.220696632461,2,0.0409121039955584
4090,0.270588235294118,192.267668738257,2,0.0412943790230511
4091,0.26890756302521,192.314640844053,2,0.0419230338584808
4092,0.26890756302521,192.361612949848,2,0.0419230338584808
4093,0.272829131652661,192.408585055644,2,0.0405584542537705
4094,0.280112044817927,192.45555716144,2,0.0389172736534827
4095,0.287394957983193,192.502529267235,2,0.0383377078048744
4096,0.290756302521008,192.549501373031,2,0.0384130206118378
4097,0.298039215686275,192.596473478826,2,0.0393264340051416
4098,0.29187675070028,192.643445584622,2,0.0384861387247472
4099,0.282913165266106,192.690417690418,2,0.0385729079313784
4100,0.260504201680672,192.737389796213,2,0.0461603719564252
4101,0.237535014005602,192.784361902009,2,0.0712995836578069
4102,0.211204481792717,192.831334007805,2,0.154138944784335
4103,0.184313725490196,192.8783061136,2,0.38937287559427
4104,0.162464985994398,192.925278219396,1,0.699072186773792
4105,0.142296918767507,192.972250325192,1,0.905098777843182
4106,0.111484593837535,193.019222430987,1,0.9919880294298
4107,0.0666666666666667,193.066194536783,1,0.999919192369983
4108,0.0319327731092437,193.113166642578,1,0.999998884065507
4109,0.0134453781512605,193.160138748374,1,0.999999911423941
4110,0.00448179271708683,193.20711085417,1,0.999999975665812
4111,0.0061624649859944,193.254082959965,1,0.999999968897417
4112,0.0123249299719888,193.301055065761,1,0.999999924462087
4113,0.0375350140056022,193.348027171557,1,0.999997677657573
4114,0.0901960784313725,193.394999277352,1,0.998969349470176
4115,0.163585434173669,193.441971383148,1,0.68364719151985
4116,0.219047619047619,193.488943488944,2,0.119471641598086
4117,0.247619047619048,193.535915594739,2,0.0571586836398206
4118,0.270588235294118,193.582887700535,2,0.0412943790230511
4119,0.286834733893557,193.62985980633,2,0.0383460954196302
4120,0.298039215686275,193.676831912126,2,0.0393264340051416
4121,0.30812324929972,193.723804017922,2,0.0424262592427234
4122,0.313725490196078,193.770776123717,2,0.0452181418924969
4123,0.322689075630252,193.817748229513,2,0.0516805263060188
4124,0.323809523809524,193.864720335309,2,0.0526928086575012
4125,0.318207282913165,193.911692441104,2,0.0481087305972536
4126,0.314285714285714,193.9586645469,2,0.0455455294920632
4127,0.321008403361345,194.005636652696,2,0.050254545180477
4128,0.33109243697479,194.052608758491,2,0.060636622455853
4129,0.322128851540616,194.099580864287,2,0.0511931208046101
4130,0.322689075630252,194.146552970082,2,0.0516805263060188
4131,0.322689075630252,194.193525075878,2,0.0516805263060188
4132,0.323809523809524,194.240497181674,2,0.0526928086575012
4133,0.326050420168067,194.287469287469,2,0.0548746341522309
4134,0.326050420168067,194.334441393265,2,0.0548746341522309
4135,0.32436974789916,194.381413499061,2,0.0532182012044976
4136,0.323809523809524,194.428385604856,2,0.0526928086575012
4137,0.29859943977591,194.475357710652,2,0.0394405393187784
4138,0.29187675070028,194.522329816447,2,0.0384861387247472
4139,0.272829131652661,194.569301922243,2,0.0405584542537705
4140,0.249299719887955,194.616274028039,2,0.0553404811126245
4141,0.211764705882353,194.663246133834,2,0.151276759646458
4142,0.163585434173669,194.71021823963,1,0.68364719151985
4143,0.113165266106443,194.757190345426,1,0.990680596171965
4144,0.0801120448179272,194.804162451221,1,0.999641419853045
4145,0.0728291316526611,194.851134557017,1,0.999838150467945
4146,0.0694677871148459,194.898106662813,1,0.999888921635071
4147,0.0605042016806723,194.945078768608,1,0.999960440241954
4148,0.0481792717086835,194.992050874404,1,0.999991061462362
4149,0.0302521008403361,195.039022980199,1,0.999999107149115
4150,0.0106442577030812,195.085995085995,1,0.999999940583144
4151,0.00504201680672269,195.132967191791,1,0.999999973587238
4152,0.00952380952380952,195.179939297586,1,0.999999949411248
4153,0.00392156862745098,195.226911403382,1,0.999999977584447
4154,0.00392156862745098,195.273883509178,1,0.999999977584447
4155,0.00392156862745098,195.320855614973,1,0.999999977584447
4156,0.00392156862745098,195.367827720769,1,0.999999977584447
4157,0.00504201680672269,195.414799826565,1,0.999999973587238
4158,0.00504201680672269,195.46177193236,1,0.999999973587238
4159,0.00392156862745098,195.508744038156,1,0.999999977584447
4160,0.00392156862745098,195.555716143951,1,0.999999977584447
4161,0.0100840336134454,195.602688249747,1,0.999999945170153
4162,0.00728291316526611,195.649660355543,1,0.999999963398629
4163,0.00952380952380952,195.696632461338,1,0.999999949411248
4164,0.0117647058823529,195.743604567134,1,0.999999930259727
4165,0.0106442577030812,195.79057667293,1,0.999999940583144
4166,0.00784313725490196,195.837548778725,1,0.999999960304419
4167,0.00560224089635854,195.884520884521,1,0.999999971335765
4168,0.00784313725490196,195.931492990317,1,0.999999960304419
4169,0.00672268907563025,195.978465096112,1,0.999999966257122
4170,0.00784313725490196,196.025437201908,1,0.999999960304419
4171,0.00392156862745098,196.072409307703,1,0.999999977584447
4172,0.00784313725490196,196.119381413499,1,0.999999960304419
4173,0.0285714285714286,196.166353519295,1,0.999999286678604
4174,0.057703081232493,196.21332562509,1,0.99997159246286
4175,0.0711484593837535,196.260297730886,1,0.99986581980976
4176,0.0705882352941176,196.307269836682,1,0.999873989694337
4177,0.0812324929971989,196.354241942477,1,0.999595728605464
4178,0.0946778711484594,196.401214048273,1,0.998380246177769
4179,0.105882352941176,196.448186154069,1,0.995215534922949
4180,0.118767507002801,196.495158259864,1,0.984761371718303
4181,0.141176470588235,196.54213036566,1,0.912122675600229
4182,0.161344537815126,196.589102471455,1,0.714192084829139
4183,0.177591036414566,196.636074577251,2,0.480403245805706
4184,0.188795518207283,196.683046683047,2,0.335222902234861
4185,0.198879551820728,196.730018788842,2,0.235988936316761
4186,0.20672268907563,196.776990894638,2,0.179507098377934
4187,0.219047619047619,196.823963000434,2,0.119471641598086
4188,0.228571428571429,196.870935106229,2,0.090064007425782
4189,0.235294117647059,196.917907212025,2,0.075349574733778
4190,0.238095238095238,196.964879317821,2,0.0703454580298313
4191,0.23921568627451,197.011851423616,2,0.0685035670796927
4192,0.23921568627451,197.058823529412,2,0.0685035670796927
4193,0.236974789915966,197.105795635207,2,0.0722765182168223
4194,0.23249299719888,197.152767741003,2,0.0809800016654873
4195,0.217366946778711,197.199739846799,2,0.125986938192021
4196,0.194397759103641,197.246711952594,2,0.276189198420622
4197,0.164145658263305,197.29368405839,1,0.675830840677035
4198,0.128291316526611,197.340656164186,1,0.966419371163723
4199,0.0941176470588235,197.387628269981,1,0.998468349662353
4200,0.0733893557422969,197.434600375777,1,0.999827769090857
4201,0.0173669467787115,197.481572481572,1,0.999999846139363
4202,0.0162464985994398,197.528544587368,1,0.999999868488959
4203,0.0140056022408964,197.575516693164,1,0.999999904107113
4204,0.00952380952380952,197.622488798959,1,0.999999949411248
4205,0.00448179271708683,197.669460904755,1,0.999999975665812
4206,0.00392156862745098,197.716433010551,1,0.999999977584447
4207,0.00560224089635854,197.763405116346,1,0.999999971335765
4208,0.00952380952380952,197.810377222142,1,0.999999949411248
4209,0.00560224089635854,197.857349327938,1,0.999999971335765
4210,0.00672268907563025,197.904321433733,1,0.999999966257122
4211,0.00896358543417367,197.951293539529,1,0.999999953331863
4212,0.0134453781512605,197.998265645324,1,0.999999911423941
4213,0.0156862745098039,198.04523775112,1,0.999999878444697
4214,0.0123249299719888,198.092209856916,1,0.999999924462087
4215,0.0173669467787115,198.139181962711,1,0.999999846139363
4216,0.0336134453781513,198.186154068507,1,0.999998607277633
4217,0.0509803921568627,198.233126174303,1,0.99998737950014
4218,0.0840336134453781,198.280098280098,1,0.999455940677921
4219,0.12436974789916,198.327070385894,1,0.975566325724271
4220,0.154621848739496,198.37404249169,1,0.796918542682404
4221,0.165826330532213,198.421014597485,1,0.652020099832657
4222,0.172549019607843,198.467986703281,1,0.553677353559913
4223,0.184313725490196,198.514958809076,2,0.38937287559427
4224,0.196078431372549,198.561930914872,2,0.260394763976012
4225,0.198879551820728,198.608903020668,2,0.235988936316761
4226,0.20672268907563,198.655875126463,2,0.179507098377934
4227,0.215686274509804,198.702847232259,2,0.132972141046657
4228,0.219047619047619,198.749819338055,2,0.119471641598086
4229,0.218487394957983,198.79679144385,2,0.121593074608504
4230,0.224649859943978,198.843763549646,2,0.100773915821301
4231,0.235294117647059,198.890735655442,2,0.075349574733778
4232,0.24593837535014,198.937707761237,2,0.059114019937723
4233,0.256582633053221,198.984679867033,2,0.0488515488220386
4234,0.265546218487395,199.031651972828,2,0.0433892866956426
4235,0.272268907563025,199.078624078624,2,0.0407317431610217
4236,0.272268907563025,199.12559618442,2,0.0407317431610217
4237,0.272829131652661,199.172568290215,2,0.0405584542537705
4238,0.271708683473389,199.219540396011,2,0.0409121039955584
4239,0.261624649859944,199.266512501807,2,0.0454810665091231
4240,0.247058823529412,199.313484607602,2,0.0577947840515302
4241,0.240336134453782,199.360456713398,2,0.0667468407508129
4242,0.230252100840336,199.407428819194,2,0.0859869741302575
4243,0.228011204481793,199.454400924989,2,0.0914882304135175
4244,0.237535014005602,199.501373030785,2,0.0712995836578069
4245,0.234733893557423,199.54834513658,2,0.0764232130046199
4246,0.22296918767507,199.595317242376,2,0.105931072279774
4247,0.219047619047619,199.642289348172,2,0.119471641598086
4248,0.225210084033613,199.689261453967,2,0.0991339919636356
4249,0.228011204481793,199.736233559763,2,0.0914882304135175
4250,0.236974789915966,199.783205665559,2,0.0722765182168223
4251,0.246498599439776,199.830177771354,2,0.0584464487377993
4252,0.256582633053221,199.87714987715,2,0.0488515488220386
4253,0.266106442577031,199.924121982946,2,0.0431248220393905
4254,0.266106442577031,199.971094088741,2,0.0431248220393905
4255,0.270028011204482,200.018066194537,2,0.0414964707985745
4256,0.27843137254902,200.065038300332,2,0.0391985366231322
4257,0.287394957983193,200.112010406128,2,0.0383377078048744
4258,0.290756302521008,200.158982511924,2,0.0384130206118378
4259,0.290196078431373,200.205954617719,2,0.0383854900426841
4260,0.289635854341737,200.252926723515,2,0.0383639610568897
4261,0.289635854341737,200.299898829311,2,0.0383639610568897
4262,0.289635854341737,200.346870935106,2,0.0383639610568897
4263,0.284033613445378,200.393843040902,2,0.0384779612717823
4264,0.276750700280112,200.440815146698,2,0.0395371383525873
4265,0.266106442577031,200.487787252493,2,0.0431248220393905
4266,0.257142857142857,200.534759358289,2,0.0484357448570733
4267,0.247619047619048,200.581731464084,2,0.0571586836398206
4268,0.243137254901961,200.62870356988,2,0.0627031173410711
4269,0.242577030812325,200.675675675676,2,0.0634738525539232
4270,0.239775910364146,200.722647781471,2,0.0676148007359003
4271,0.234733893557423,200.769619887267,2,0.0764232130046199
4272,0.230252100840336,200.816591993063,2,0.0859869741302575
4273,0.2296918767507,200.863564098858,2,0.0873141345910562
4274,0.236414565826331,200.910536204654,2,0.0732767948397886
4275,0.248179271708683,200.957508310449,2,0.056537814377446
4276,0.265546218487395,201.004480416245,2,0.0433892866956426
4277,0.27843137254902,201.051452522041,2,0.0391985366231322
4278,0.285714285714286,201.098424627836,2,0.0383808287412194
4279,0.282352941176471,201.145396733632,2,0.0386294987949298
4280,0.27843137254902,201.192368839428,2,0.0391985366231322
4281,0.276190476190476,201.239340945223,2,0.0396629803501007
4282,0.273389355742297,201.286313051019,2,0.0403921571893952
4283,0.271148459383754,201.333285156815,2,0.0410996202780812
4284,0.273389355742297,201.38025726261,2,0.0403921571893952
4285,0.272829131652661,201.427229368406,2,0.0405584542537705
4286,0.272268907563025,201.474201474201,2,0.0407317431610217
4287,0.271708683473389,201.521173579997,2,0.0409121039955584
4288,0.270028011204482,201.568145685793,2,0.0414964707985745
4289,0.270588235294118,201.615117791588,2,0.0412943790230511
4290,0.268347338935574,201.662089897384,2,0.042147704620908
4291,0.268347338935574,201.70906200318,2,0.042147704620908
4292,0.271148459383753,201.756034108975,2,0.0410996202780812
4293,0.27843137254902,201.803006214771,2,0.0391985366231322
4294,0.284593837535014,201.849978320567,2,0.038439562714697
4295,0.289075630252101,201.896950426362,2,0.0383484239774396
4296,0.290196078431373,201.943922532158,2,0.0383854900426841
4297,0.288515406162465,201.990894637953,2,0.0383388718222979
4298,0.282913165266106,202.037866743749,2,0.0385729079313784
4299,0.277871148459384,202.084838849545,2,0.0393049693636574
4300,0.278991596638655,202.13181095534,2,0.0390984728868202
4301,0.284033613445378,202.178783061136,2,0.0384779612717823
4302,0.284033613445378,202.225755166932,2,0.0384779612717823
4303,0.277310924369748,202.272727272727,2,0.0394178194855815
4304,0.270588235294118,202.319699378523,2,0.0412943790230511
4305,0.282352941176471,202.366671484319,2,0.0386294987949298
4306,0.279551820728291,202.413643590114,2,0.039004732730844
4307,0.272268907563025,202.46061569591,2,0.0407317431610217
4308,0.266106442577031,202.507587801705,2,0.0431248220393905
4309,0.263305322128852,202.554559907501,2,0.0445316588243376
4310,0.253781512605042,202.601532013297,2,0.0510996559514405
4311,0.234733893557423,202.648504119092,2,0.0764232130046199
4312,0.215126050420168,202.695476224888,2,0.135410345606024
4313,0.189355742296919,202.742448330684,2,0.328877866445717
4314,0.150140056022409,202.789420436479,1,0.843036248399704
4315,0.105882352941176,202.836392542275,1,0.995215534922949
4316,0.0778711484593838,202.883364648071,1,0.999718446283986
4317,0.0571428571428571,202.930336753866,1,0.999973425928244
4318,0.0448179271708683,202.977308859662,1,0.999994122813141
4319,0.0453781512605042,203.024280965457,1,0.999993694854507
4320,0.0565826330532213,203.071253071253,1,0.999975145093081
4321,0.080672268907563,203.118225177049,1,0.999619227892903
4322,0.10812324929972,203.165197282844,1,0.994107205080671
4323,0.133893557422969,203.21216938864,1,0.94812792128827
4324,0.156302521008403,203.259141494436,1,0.777667937464859
4325,0.18375350140056,203.306113600231,2,0.396545252639417
4326,0.207843137254902,203.353085706027,2,0.172735047998205
4327,0.229131652661064,203.400057811823,2,0.0886728967767387
4328,0.246498599439776,203.447029917618,2,0.0584464487377993
4329,0.263305322128852,203.494002023414,2,0.0445316588243376
4330,0.271708683473389,203.540974129209,2,0.0409121039955583
4331,0.281232492997199,203.587946235005,2,0.0387610431656464
4332,0.287955182072829,203.634918340801,2,0.0383353002996315
4333,0.294117647058824,203.681890446596,2,0.0387051208148731
4334,0.296358543417367,203.728862552392,2,0.0390224880732526
4335,0.294677871148459,203.775834658188,2,0.0387751616598596
4336,0.291316526610644,203.822806763983,2,0.0384465651429647
4337,0.287955182072829,203.869778869779,2,0.0383353002996315
4338,0.285714285714286,203.916750975575,2,0.0383808287412194
4339,0.282913165266106,203.96372308137,2,0.0385729079313784
4340,0.277310924369748,204.010695187166,2,0.0394178194855815
4341,0.265546218487395,204.057667292961,2,0.0433892866956426
4342,0.243137254901961,204.104639398757,2,0.0627031173410711
4343,0.218487394957983,204.151611504553,2,0.121593074608504
4344,0.2,204.198583610348,2,0.226879842506765
4345,0.174229691876751,204.245555716144,1,0.528990284162005
4346,0.129411764705882,204.29252782194,1,0.963299115886156
4347,0.0829131652661064,204.339499927735,1,0.999516640412563
4348,0.0599439775910364,204.386472033531,1,0.999962963442659
4349,0.0464985994397759,204.433444139327,1,0.999992746710678
4350,0.0296918767507003,204.480416245122,1,0.999999171387512
4351,0.0173669467787115,204.527388350918,1,0.999999846139363
4352,0.0140056022408964,204.574360456713,1,0.999999904107113
4353,0.00560224089635854,204.621332562509,1,0.999999971335765
4354,0.00168067226890756,204.668304668305,1,0.999999983887033
4355,0.00168067226890756,204.7152767741,1,0.999999983887033
4356,0.00392156862745098,204.762248879896,1,0.999999977584447
4357,0.00784313725490196,204.809220985692,1,0.999999960304419
4358,0.00560224089635854,204.856193091487,1,0.999999971335765
4359,0.00336134453781513,204.903165197283,1,0.999999979355155
4360,0.000560224089635854,204.950137303078,1,0.999999986352096
4361,0.0061624649859944,204.997109408874,1,0.999999968897417
4362,0.00560224089635854,205.04408151467,1,0.999999971335765
4363,0.00560224089635854,205.091053620465,1,0.999999971335765
4364,0.00560224089635854,205.138025726261,1,0.999999971335765
4365,0.00392156862745098,205.184997832057,1,0.999999977584447
4366,0.0061624649859944,205.231969937852,1,0.999999968897417
4367,0.00728291316526611,205.278942043648,1,0.999999963398629
4368,0.00952380952380952,205.325914149444,1,0.999999949411248
4369,0.00224089635854342,205.372886255239,1,0.99999998249651
4370,0.00224089635854342,205.419858361035,1,0.99999998249651
4371,0.00224089635854342,205.46683046683,1,0.99999998249651
4372,0.00224089635854342,205.513802572626,1,0.99999998249651
4373,0.00224089635854342,205.560774678422,1,0.99999998249651
4374,0.00224089635854342,205.607746784217,1,0.99999998249651
4375,0.00112044817927171,205.654718890013,1,0.999999985169494
4376,0.00112044817927171,205.701690995809,1,0.999999985169494
4377,0.00168067226890756,205.748663101604,1,0.999999983887033
4378,0.00392156862745098,205.7956352074,1,0.999999977584447
4379,0.00672268907563025,205.842607313196,1,0.999999966257122
4380,0.0112044817927171,205.889579418991,1,0.999999935622831
4381,0.0380952380952381,205.936551524787,1,0.999997503292834
4382,0.0789915966386555,205.983523630582,1,0.999682154853919
4383,0.107002801120448,206.030495736378,1,0.994688342447919
4384,0.11484593837535,206.077467842174,1,0.989177776737616
4385,0.151260504201681,206.124439947969,1,0.832236241432969
4386,0.164145658263305,206.171412053765,1,0.675830840677035
4387,0.187114845938375,206.218384159561,2,0.354834063158658
4388,0.21344537815126,206.265356265356,2,0.143071069205654
4389,0.244257703081232,206.312328371152,2,0.0612157362492645
4390,0.269467787114846,206.359300476948,2,0.0417059897887447
4391,0.280672268907563,206.406272582743,2,0.0388360560460302
4392,0.281232492997199,206.453244688539,2,0.0387610431656464
4393,0.285714285714286,206.500216794334,2,0.0383808287412194
4394,0.291316526610644,206.54718890013,2,0.0384465651429647
4395,0.296358543417367,206.594161005926,2,0.0390224880732526
4396,0.300840336134454,206.641133111721,2,0.039962316672086
4397,0.304201680672269,206.688105217517,2,0.0409480454130796
4398,0.309803921568627,206.735077323313,2,0.0431756609179092
4399,0.320448179271709,206.782049429108,2,0.0498029012878437
4400,0.328291316526611,206.829021534904,2,0.057281313141428
4401,0.32436974789916,206.8759936407,2,0.0532182012044976
4402,0.326050420168067,206.922965746495,2,0.0548746341522309
4403,0.329971988795518,206.969937852291,2,0.0592458597582786
4404,0.337254901960784,207.016909958086,2,0.0695933049106614
4405,0.340056022408964,207.063882063882,2,0.0745031663958164
4406,0.336134453781513,207.110854169678,2,0.0677861767019548
4407,0.327170868347339,207.157826275473,2,0.0560486650652881
4408,0.321008403361345,207.204798381269,2,0.050254545180477
4409,0.309243697478992,207.251770487065,2,0.0429178043505455
4410,0.307002801120448,207.29874259286,2,0.0419661708650551
4411,0.299159663865546,207.345714698656,2,0.0395611237270482
4412,0.287394957983193,207.392686804452,2,0.0383377078048744
4413,0.271708683473389,207.439658910247,2,0.0409121039955584
4414,0.254341736694678,207.486631016043,2,0.0506267478251039
4415,0.242577030812325,207.533603121838,2,0.0634738525539232
4416,0.235854341736695,207.580575227634,2,0.0743009601906026
4417,0.223529411764706,207.62754733343,2,0.104171539021967
4418,0.21624649859944,207.674519439225,2,0.130589620617433
4419,0.214005602240896,207.721491545021,2,0.140458594489107
4420,0.219047619047619,207.768463650817,2,0.119471641598086
4421,0.226330532212885,207.815435756612,2,0.0959674736836574
4422,0.229131652661064,207.862407862408,2,0.0886728967767387
4423,0.220728291316527,207.909379968204,2,0.113396281467939
4424,0.210644257703081,207.956352073999,2,0.157066733293347
4425,0.186554621848739,208.003324179795,2,0.361559928600192
4426,0.172549019607843,208.05029628559,1,0.553677353559913
4427,0.164705882352941,208.097268391386,1,0.667951147452568
4428,0.160224089635854,208.144240497182,1,0.728975144265132
4429,0.155742296918768,208.191212602977,1,0.784198748270018
4430,0.161904761904762,208.238184708773,1,0.706672314231835
4431,0.174789915966387,208.285156814569,1,0.520804516967559
4432,0.182072829131653,208.332128920364,2,0.418556167060312
4433,0.175910364145658,208.37910102616,1,0.504525445493931
4434,0.175350140056022,208.426073131956,1,0.512648081379669
4435,0.174229691876751,208.473045237751,1,0.528990284162005
4436,0.173669467787115,208.520017343547,1,0.537200808450106
4437,0.175910364145658,208.566989449342,1,0.504525445493931
4438,0.179271708683473,208.613961555138,2,0.456734210126227
4439,0.186554621848739,208.660933660934,2,0.361559928600192
4440,0.191596638655462,208.707905766729,2,0.304475158896413
4441,0.198879551820728,208.754877872525,2,0.235988936316761
4442,0.204481792717087,208.801849978321,2,0.193973798714683
4443,0.210084033613445,208.848822084116,2,0.160061413933855
4444,0.211204481792717,208.895794189912,2,0.154138944784335
4445,0.210084033613445,208.942766295707,2,0.160061413933855
4446,0.20952380952381,208.989738401503,2,0.163124282487767
4447,0.20952380952381,209.036710507299,2,0.163124282487767
4448,0.205042016806723,209.083682613094,2,0.190238569316353
4449,0.224089635854342,209.13065471889,2,0.102452795616784
4450,0.220168067226891,209.177626824686,2,0.115374310509624
4451,0.216806722689076,209.224598930481,2,0.128261606795725
4452,0.207843137254902,209.271571036277,2,0.172735047998205
4453,0.206162464985994,209.318543142073,2,0.183006504695312
4454,0.20672268907563,209.365515247868,2,0.179507098377934
4455,0.210644257703081,209.412487353664,2,0.157066733293347
4456,0.214005602240896,209.459459459459,2,0.140458594489107
4457,0.21624649859944,209.506431565255,2,0.130589620617433
4458,0.220168067226891,209.553403671051,2,0.115374310509624
4459,0.225210084033613,209.600375776846,2,0.0991339919636356
4460,0.23249299719888,209.647347882642,2,0.0809800016654873
4461,0.240336134453782,209.694319988438,2,0.0667468407508129
4462,0.248179271708683,209.741292094233,2,0.056537814377446
4463,0.258823529411765,209.788264200029,2,0.0472521869114428
4464,0.266106442577031,209.835236305825,2,0.0431248220393905
4465,0.263305322128852,209.88220841162,2,0.0445316588243376
4466,0.259383753501401,209.929180517416,2,0.0468783018792113
4467,0.25266106442577,209.976152623211,2,0.0520820517184501
4468,0.247619047619048,210.023124729007,2,0.0571586836398206
4469,0.247619047619048,210.070096834803,2,0.0571586836398206
4470,0.251540616246499,210.117068940598,2,0.053114894215835
4471,0.251540616246499,210.164041046394,2,0.053114894215835
4472,0.247058823529412,210.21101315219,2,0.0577947840515302
4473,0.241456582633053,210.257985257985,2,0.0650714739017278
4474,0.238095238095238,210.304957363781,2,0.0703454580298313
4475,0.236974789915966,210.351929469577,2,0.0722765182168223
4476,0.234173669467787,210.398901575372,2,0.0775224638794723
4477,0.233613445378151,210.445873681168,2,0.0786479308455247
4478,0.23249299719888,210.492845786963,2,0.0809800016654873
4479,0.229131652661064,210.539817892759,2,0.0886728967767386
4480,0.225210084033613,210.586789998555,2,0.0991339919636356
4481,0.235294117647059,210.63376210435,2,0.075349574733778
4482,0.238095238095238,210.680734210146,2,0.0703454580298313
4483,0.240336134453782,210.727706315942,2,0.0667468407508129
4484,0.238095238095238,210.774678421737,2,0.0703454580298313
4485,0.233613445378151,210.821650527533,2,0.0786479308455247
4486,0.23249299719888,210.868622633329,2,0.0809800016654873
4487,0.234173669467787,210.915594739124,2,0.0775224638794723
4488,0.238655462184874,210.96256684492,2,0.0694136214623099
4489,0.238095238095238,211.009538950715,2,0.0703454580298313
4490,0.244817927170868,211.056511056511,2,0.0604982976946113
4491,0.257142857142857,211.103483162307,2,0.0484357448570733
4492,0.273389355742297,211.150455268102,2,0.0403921571893952
4493,0.286274509803922,211.197427373898,2,0.0383604669124119
4494,0.29187675070028,211.244399479694,2,0.0384861387247472
4495,0.291316526610644,211.291371585489,2,0.0384465651429647
4496,0.287955182072829,211.338343691285,2,0.0383353002996314
4497,0.272268907563025,211.385315797081,2,0.0407317431610217
4498,0.266106442577031,211.432287902876,2,0.0431248220393905
4499,0.251540616246499,211.479260008672,2,0.053114894215835
4500,0.242577030812325,211.526232114467,2,0.0634738525539232
4501,0.242577030812325,211.573204220263,2,0.0634738525539232
4502,0.23249299719888,211.620176326059,2,0.0809800016654873
4503,0.229131652661064,211.667148431854,2,0.0886728967767387
4504,0.242577030812325,211.71412053765,2,0.0634738525539232
4505,0.233613445378151,211.761092643446,2,0.0786479308455247
4506,0.251540616246499,211.808064749241,2,0.053114894215835
4507,0.260504201680672,211.855036855037,2,0.0461603719564252
4508,0.266666666666667,211.902008960833,2,0.0428685509064329
4509,0.275070028011205,211.948981066628,2,0.0399344666131725
4510,0.280672268907563,211.995953172424,2,0.0388360560460302
4511,0.280112044817927,212.042925278219,2,0.0389172736534827
4512,0.28515406162465,212.089897384015,2,0.0384071900579576
4513,0.290756302521008,212.136869489811,2,0.0384130206118378
4514,0.293557422969188,212.183841595606,2,0.0386412255417378
4515,0.296358543417367,212.230813701402,2,0.0390224880732526
4516,0.300840336134454,212.277785807198,2,0.039962316672086
4517,0.302521008403361,212.324757912993,2,0.0404239868833479
4518,0.303081232492997,212.371730018789,2,0.0405916389769136
4519,0.303081232492997,212.418702124585,2,0.0405916389769136
4520,0.30140056022409,212.46567423038,2,0.0401093981058284
4521,0.292997198879552,212.512646336176,2,0.038583447009159
4522,0.288515406162465,212.559618441971,2,0.0383388718222979
4523,0.277310924369748,212.606590547767,2,0.0394178194855815
4524,0.266666666666667,212.653562653563,2,0.0428685509064329
4525,0.250420168067227,212.700534759358,2,0.0542002936541327
4526,0.233613445378151,212.747506865154,2,0.0786479308455247
4527,0.215686274509804,212.79447897095,2,0.132972141046657
4528,0.203361344537815,212.841451076745,2,0.201688987351548
4529,0.19047619047619,212.888423182541,2,0.316480121128861
4530,0.172549019607843,212.935395288336,1,0.553677353559913
4531,0.136134453781513,212.982367394132,1,0.938697569226325
4532,0.0907563025210084,213.029339499928,1,0.99890879627236
4533,0.0459383753501401,213.076311605723,1,0.999993236830371
4534,0.0184873949579832,213.123283711519,1,0.99999982010831
4535,0.00784313725490196,213.170255817315,1,0.999999960304419
4536,0.00672268907563025,213.21722792311,1,0.999999966257122
4537,0.00784313725490196,213.264200028906,1,0.999999960304419
4538,0.00784313725490196,213.311172134702,1,0.999999960304419
4539,0.00896358543417367,213.358144240497,1,0.999999953331863
4540,0.0235294117647059,213.405116346293,1,0.999999639420738
4541,0.0560224089635854,213.452088452088,1,0.999976756811774
4542,0.0952380952380952,213.499060557884,1,0.998287360803447
4543,0.140616246498599,213.54603266368,1,0.915474446551335
4544,0.177591036414566,213.593004769475,2,0.480403245805706
4545,0.20952380952381,213.639976875271,2,0.163124282487767
4546,0.223529411764706,213.686948981067,2,0.104171539021967
4547,0.242016806722689,213.733921086862,2,0.0642631636701746
4548,0.256582633053221,213.780893192658,2,0.0488515488220386
4549,0.266106442577031,213.827865298454,2,0.0431248220393905
4550,0.272829131652661,213.874837404249,2,0.0405584542537705
4551,0.281232492997199,213.921809510045,2,0.0387610431656464
4552,0.287394957983193,213.96878161584,2,0.0383377078048744
4553,0.29859943977591,214.015753721636,2,0.0394405393187784
4554,0.296358543417367,214.062725827432,2,0.0390224880732526
4555,0.298039215686275,214.109697933227,2,0.0393264340051416
4556,0.299719887955182,214.156670039023,2,0.0396882422079146
4557,0.297478991596639,214.203642144819,2,0.0392187558370206
4558,0.289635854341737,214.250614250614,2,0.0383639610568897
4559,0.284593837535014,214.29758635641,2,0.038439562714697
4560,0.282352941176471,214.344558462206,2,0.0386294987949298
4561,0.280672268907563,214.391530568001,2,0.0388360560460302
4562,0.283473389355742,214.438502673797,2,0.0385224030077952
4563,0.282913165266106,214.485474779592,2,0.0385729079313784
4564,0.276190476190476,214.532446885388,2,0.0396629803501007
4565,0.266666666666667,214.579418991184,2,0.0428685509064329
4566,0.250980392156863,214.626391096979,2,0.0536508877748693
4567,0.239775910364146,214.673363202775,2,0.0676148007359003
4568,0.23249299719888,214.720335308571,2,0.0809800016654873
4569,0.224649859943978,214.767307414366,2,0.100773915821301
4570,0.216806722689076,214.814279520162,2,0.128261606795725
4571,0.210084033613445,214.861251625958,2,0.160061413933855
4572,0.204481792717087,214.908223731753,2,0.193973798714683
4573,0.199439775910364,214.955195837549,2,0.231388641743967
4574,0.191036414565826,215.002167943344,2,0.310428378858948
4575,0.175910364145658,215.04914004914,1,0.504525445493931
4576,0.165826330532213,215.096112154936,1,0.652020099832657
4577,0.132773109243697,215.143084260731,1,0.952356775037303
4578,0.120448179271709,215.190056366527,1,0.982405364515094
4579,0.103641456582633,215.237028472323,1,0.996126247791855
4580,0.0907563025210084,215.284000578118,1,0.99890879627236
4581,0.0840336134453781,215.330972683914,1,0.999455940677921
4582,0.0778711484593838,215.37794478971,1,0.999718446283986
4583,0.0711484593837535,215.424916895505,1,0.99986581980976
4584,0.0638655462184874,215.471889001301,1,0.999941452148962
4585,0.0526610644257703,215.518861107096,1,0.999984507656282
4586,0.0593837535014006,215.565833212892,1,0.999965331336887
4587,0.0689075630252101,215.612805318688,1,0.999895735791075
4588,0.0773109243697479,215.659777424483,1,0.999735072040908
4589,0.0857142857142857,215.706749530279,1,0.999351102811366
4590,0.102521008403361,215.753721636075,1,0.996517985283779
4591,0.123249299719888,215.80069374187,1,0.977731466732102
4592,0.141176470588235,215.847665847666,1,0.912122675600229
4593,0.161904761904762,215.894637953462,1,0.706672314231835
4594,0.170868347338936,215.941610059257,1,0.578458426679693
4595,0.180952380952381,215.988582165053,2,0.433617379001415
4596,0.19047619047619,216.035554270848,2,0.316480121128861
4597,0.196638655462185,216.082526376644,2,0.255323591529754
4598,0.198319327731092,216.12949848244,2,0.240681691881796
4599,0.203361344537815,216.176470588235,2,0.201688987351548
4600,0.206162464985994,216.223442694031,2,0.183006504695312
4601,0.218487394957983,216.270414799827,2,0.121593074608504
4602,0.217366946778711,216.317386905622,2,0.125986938192021
4603,0.228011204481793,216.364359011418,2,0.0914882304135175
4604,0.247619047619048,216.411331117214,2,0.0571586836398206
4605,0.270028011204482,216.458303223009,2,0.0414964707985745
4606,0.286834733893557,216.505275328805,2,0.0383460954196302
4607,0.299719887955182,216.5522474346,2,0.0396882422079146
4608,0.308683473389356,216.599219540396,2,0.0426680431683969
4609,0.290196078431373,216.646191646192,2,0.0383854900426841
4610,0.290196078431373,216.693163751987,2,0.0383854900426841
4611,0.28515406162465,216.740135857783,2,0.0384071900579576
4612,0.273389355742297,216.787107963579,2,0.0403921571893952
4613,0.268347338935574,216.834080069374,2,0.042147704620908
4614,0.268347338935574,216.88105217517,2,0.042147704620908
4615,0.273389355742297,216.928024280965,2,0.0403921571893952
4616,0.27563025210084,216.974996386761,2,0.0397954029226229
4617,0.283473389355742,217.021968492557,2,0.0385224030077952
4618,0.286834733893557,217.068940598352,2,0.0383460954196302
4619,0.287394957983193,217.115912704148,2,0.0383377078048744
4620,0.29187675070028,217.162884809944,2,0.0384861387247472
4621,0.311484593837535,217.209856915739,2,0.0439990468395908
4622,0.338375350140056,217.256829021535,2,0.0714879653223482
4623,0.355182072829132,217.303801127331,2,0.113777742421429
4624,0.356862745098039,217.350773233126,2,0.119880769794073
4625,0.351260504201681,217.397745338922,2,0.101097672279554
4626,0.326610644257703,217.444717444717,2,0.0554544778631646
4627,0.305322128851541,217.491689550513,2,0.0413331438022323
4628,0.292436974789916,217.538661656309,2,0.0385317591662603
4629,0.280112044817927,217.585633762104,2,0.0389172736534827
4630,0.264985994397759,217.6326058679,2,0.0436620705405833
4631,0.237535014005602,217.679577973696,2,0.0712995836578069
4632,0.208403361344538,217.726550079491,2,0.16945979289131
4633,0.189915966386555,217.773522185287,2,0.322630090110826
4634,0.164145658263305,217.820494291083,1,0.675830840677035
4635,0.14733893557423,217.867466396878,1,0.867889067039541
4636,0.14733893557423,217.914438502674,1,0.867889067039541
4637,0.149019607843137,217.961410608469,1,0.85334478030418
4638,0.140616246498599,218.008382714265,1,0.915474446551335
4639,0.133333333333333,218.055354820061,1,0.950281111718887
4640,0.132212885154062,218.102326925856,1,0.954357011294339
4641,0.140056022408964,218.149299031652,1,0.918721880456213
4642,0.139495798319328,218.196271137448,1,0.921866881517767
4643,0.152941176470588,218.243243243243,1,0.81511913389232
4644,0.179271708683473,218.290215349039,2,0.456734210126227
4645,0.203921568627451,218.337187454835,2,0.19779018733207
4646,0.214005602240896,218.38415956063,2,0.140458594489107
4647,0.225210084033613,218.431131666426,2,0.0991339919636356
4648,0.23249299719888,218.478103772221,2,0.0809800016654873
4649,0.23921568627451,218.525075878017,2,0.0685035670796927
4650,0.240896358543417,218.572047983813,2,0.0658992176491101
4651,0.245378151260504,218.619020089608,2,0.0597978492186256
4652,0.241456582633053,218.665992195404,2,0.0650714739017278
4653,0.235294117647059,218.7129643012,2,0.075349574733778
4654,0.236414565826331,218.759936406995,2,0.0732767948397886
4655,0.250980392156863,218.806908512791,2,0.0536508877748693
4656,0.264985994397759,218.853880618587,2,0.0436620705405833
4657,0.282352941176471,218.900852724382,2,0.0386294987949298
4658,0.284593837535014,218.947824830178,2,0.038439562714697
4659,0.284593837535014,218.994796935973,2,0.038439562714697
4660,0.277310924369748,219.041769041769,2,0.0394178194855815
4661,0.271148459383753,219.088741147565,2,0.0410996202780812
4662,0.262745098039216,219.13571325336,2,0.0448390633349203
4663,0.260504201680672,219.182685359156,2,0.0461603719564252
4664,0.259383753501401,219.229657464952,2,0.0468783018792113
4665,0.271148459383753,219.276629570747,2,0.0410996202780812
4666,0.26218487394958,219.323601676543,2,0.0451554816177529
4667,0.257703081232493,219.370573782339,2,0.0480307161828807
4668,0.263305322128852,219.417545888134,2,0.0445316588243376
4669,0.272829131652661,219.46451799393,2,0.0405584542537705
4670,0.277871148459384,219.511490099725,2,0.0393049693636574
4671,0.275070028011205,219.558462205521,2,0.0399344666131725
4672,0.268347338935574,219.605434311317,2,0.042147704620908
4673,0.25546218487395,219.652406417112,2,0.0497163162693664
4674,0.246498599439776,219.699378522908,2,0.0584464487377993
4675,0.236974789915966,219.746350628704,2,0.0722765182168223
4676,0.234173669467787,219.793322734499,2,0.0775224638794723
4677,0.236974789915966,219.840294840295,2,0.0722765182168222
4678,0.242577030812325,219.887266946091,2,0.0634738525539232
4679,0.250980392156863,219.934239051886,2,0.0536508877748693
4680,0.259943977591036,219.981211157682,2,0.0465144230063947
4681,0.268347338935574,220.028183263477,2,0.042147704620908
4682,0.271708683473389,220.075155369273,2,0.0409121039955584
4683,0.272829131652661,220.122127475069,2,0.0405584542537705
4684,0.272268907563025,220.169099580864,2,0.0407317431610217
4685,0.270588235294118,220.21607168666,2,0.0412943790230511
4686,0.270028011204482,220.263043792456,2,0.0414964707985745
4687,0.263305322128852,220.310015898251,2,0.0445316588243376
4688,0.25546218487395,220.356988004047,2,0.0497163162693664
4689,0.268347338935574,220.403960109843,2,0.042147704620908
4690,0.254341736694678,220.450932215638,2,0.0506267478251039
4691,0.243137254901961,220.497904321434,2,0.0627031173410711
4692,0.238095238095238,220.544876427229,2,0.0703454580298313
4693,0.23921568627451,220.591848533025,2,0.0685035670796927
4694,0.22296918767507,220.638820638821,2,0.105931072279774
4695,0.194957983193277,220.685792744616,2,0.270827013825428
4696,0.168627450980392,220.732764850412,1,0.611414788809156
4697,0.14733893557423,220.779736956208,1,0.867889067039541
4698,0.129411764705882,220.826709062003,1,0.963299115886156
4699,0.107002801120448,220.873681167799,1,0.994688342447919
4700,0.0901960784313725,220.920653273594,1,0.998969349470176
4701,0.0795518207282913,220.96762537939,1,0.999662373611351
4702,0.0778711484593838,221.014597485186,1,0.999718446283986
4703,0.0851540616246499,221.061569590981,1,0.999388019895116
4704,0.0913165266106443,221.108541696777,1,0.998844876676939
4705,0.118207282913165,221.155513802573,1,0.985480099583486
4706,0.111484593837535,221.202485908368,1,0.9919880294298
4707,0.109243697478992,221.249458014164,1,0.993467116156218
4708,0.11484593837535,221.29643011996,1,0.989177776737616
4709,0.122128851540616,221.343402225755,1,0.979721630744829
4710,0.129411764705882,221.390374331551,1,0.963299115886156
4711,0.128291316526611,221.437346437346,1,0.966419371163723
4712,0.126610644257703,221.484318543142,1,0.970659099954923
4713,0.113165266106443,221.531290648938,1,0.990680596171965
4714,0.133893557422969,221.578262754733,1,0.94812792128827
4715,0.135574229691877,221.625234860529,1,0.941182039543258
4716,0.116526610644258,221.672206966325,1,0.987453786142387
4717,0.105882352941176,221.71917907212,1,0.995215534922949
4718,0.112044817927171,221.766151177916,1,0.991572443955555
4719,0.103641456582633,221.813123283712,1,0.996126247791855
4720,0.0857142857142857,221.860095389507,1,0.999351102811366
4721,0.0946778711484594,221.907067495303,1,0.998380246177769
4722,0.0913165266106443,221.954039601098,1,0.998844876676939
4723,0.0918767507002801,222.001011706894,1,0.998777415487261
4724,0.100280112044818,222.04798381269,1,0.997192399945078
4725,0.114285714285714,222.094955918485,1,0.98970196299247
4726,0.128851540616247,222.141928024281,1,0.964889885033869
4727,0.138375350140056,222.188900130077,1,0.927857429563961
4728,0.142857142857143,222.235872235872,1,0.901423134534888
4729,0.168067226890756,222.282844341668,1,0.619605066272177
4730,0.175350140056022,222.329816447464,1,0.512648081379669
4731,0.185434173669468,222.376788553259,2,0.375287559046385
4732,0.196638655462185,222.423760659055,2,0.255323591529754
4733,0.207843137254902,222.47073276485,2,0.172735047998205
4734,0.217366946778711,222.517704870646,2,0.125986938192021
4735,0.226330532212885,222.564676976442,2,0.0959674736836574
4736,0.230812324929972,222.611649082237,2,0.0846906855666082
4737,0.240896358543417,222.658621188033,2,0.0658992176491101
4738,0.240336134453782,222.705593293829,2,0.0667468407508129
4739,0.238655462184874,222.752565399624,2,0.0694136214623099
4740,0.235854341736695,222.79953750542,2,0.0743009601906026
4741,0.233613445378151,222.846509611216,2,0.0786479308455247
4742,0.236414565826331,222.893481717011,2,0.0732767948397886
4743,0.238655462184874,222.940453822807,2,0.0694136214623099
4744,0.240336134453782,222.987425928602,2,0.0667468407508129
4745,0.253221288515406,223.034398034398,2,0.0515846753144745
4746,0.252100840336134,223.081370140194,2,0.0525920380039805
4747,0.249299719887955,223.128342245989,2,0.0553404811126245
4748,0.247619047619048,223.175314351785,2,0.0571586836398206
4749,0.242016806722689,223.222286457581,2,0.0642631636701746
4750,0.236974789915966,223.269258563376,2,0.0722765182168222
4751,0.234733893557423,223.316230669172,2,0.0764232130046199
4752,0.235854341736695,223.363202774968,2,0.0743009601906026
4753,0.238655462184874,223.410174880763,2,0.0694136214623099
4754,0.23921568627451,223.457146986559,2,0.0685035670796927
4755,0.236414565826331,223.504119092354,2,0.0732767948397886
4756,0.2296918767507,223.55109119815,2,0.0873141345910562
4757,0.222408963585434,223.598063303946,2,0.10773234026735
4758,0.215686274509804,223.645035409741,2,0.132972141046657
4759,0.212885154061625,223.692007515537,2,0.145744087373624
4760,0.21344537815126,223.738979621333,2,0.143071069205654
4761,0.211764705882353,223.785951727128,2,0.151276759646458
4762,0.215686274509804,223.832923832924,2,0.132972141046657
4763,0.221848739495798,223.879895938719,2,0.109576306533017
4764,0.224649859943978,223.926868044515,2,0.100773915821301
4765,0.229131652661064,223.973840150311,2,0.0886728967767387
4766,0.230252100840336,224.020812256106,2,0.0859869741302575
4767,0.233613445378151,224.067784361902,2,0.0786479308455247
4768,0.235294117647059,224.114756467698,2,0.075349574733778
4769,0.252100840336134,224.161728573493,2,0.0525920380039805
4770,0.265546218487395,224.208700679289,2,0.0433892866956426
4771,0.273949579831933,224.255672785085,2,0.0402327752646841
4772,0.276190476190476,224.30264489088,2,0.0396629803501007
4773,0.277871148459384,224.349616996676,2,0.0393049693636574
4774,0.271148459383754,224.396589102471,2,0.0410996202780812
4775,0.26890756302521,224.443561208267,2,0.0419230338584808
4776,0.273389355742297,224.490533314063,2,0.0403921571893952
4777,0.26890756302521,224.537505419858,2,0.0419230338584808
4778,0.275070028011205,224.584477525654,2,0.0399344666131725
4779,0.282352941176471,224.63144963145,2,0.0386294987949298
4780,0.285714285714286,224.678421737245,2,0.0383808287412194
4781,0.283473389355742,224.725393843041,2,0.0385224030077952
4782,0.277871148459384,224.772365948837,2,0.0393049693636574
4783,0.276190476190476,224.819338054632,2,0.0396629803501007
4784,0.27843137254902,224.866310160428,2,0.0391985366231322
4785,0.284033613445378,224.913282266223,2,0.0384779612717823
4786,0.277871148459384,224.960254372019,2,0.0393049693636574
4787,0.272829131652661,225.007226477815,2,0.0405584542537705
4788,0.27563025210084,225.05419858361,2,0.0397954029226229
4789,0.282913165266106,225.101170689406,2,0.0385729079313784
4790,0.286834733893557,225.148142795202,2,0.0383460954196302
4791,0.272268907563025,225.195114900997,2,0.0407317431610217
4792,0.254901960784314,225.242087006793,2,0.0501657120039081
4793,0.244257703081232,225.289059112589,2,0.0612157362492645
4794,0.225770308123249,225.336031218384,2,0.0975321348556675
4795,0.194957983193277,225.38300332418,2,0.270827013825428
4796,0.169187675070028,225.429975429975,1,0.603199928093532
4797,0.161344537815126,225.476947535771,1,0.714192084829139
4798,0.158543417366947,225.523919641567,1,0.750455124642864
4799,0.141736694677871,225.570891747362,1,0.908664716510222
4800,0.120448179271709,225.617863853158,1,0.982405364515094
4801,0.114285714285714,225.664835958954,1,0.98970196299247
4802,0.0901960784313725,225.711808064749,1,0.998969349470176
4803,0.0817927170868347,225.758780170545,1,0.999570849260565
4804,0.0969187675070028,225.805752276341,1,0.99797753835322
4805,0.116526610644258,225.852724382136,1,0.987453786142387
4806,0.148459383753501,225.899696487932,1,0.858314971887361
4807,0.18375350140056,225.946668593727,2,0.396545252639417
4808,0.203361344537815,225.993640699523,2,0.201688987351548
4809,0.212885154061625,226.040612805319,2,0.145744087373625
4810,0.226890756302521,226.087584911114,2,0.094439155878673
4811,0.228011204481793,226.13455701691,2,0.0914882304135175
4812,0.219607843137255,226.181529122706,2,0.117399078427169
4813,0.220168067226891,226.228501228501,2,0.115374310509624
4814,0.2296918767507,226.275473334297,2,0.0873141345910562
4815,0.236414565826331,226.322445440093,2,0.0732767948397885
4816,0.23249299719888,226.369417545888,2,0.0809800016654873
4817,0.242577030812325,226.416389651684,2,0.0634738525539232
4818,0.236414565826331,226.463361757479,2,0.0732767948397885
4819,0.221848739495798,226.510333863275,2,0.109576306533017
4820,0.198879551820728,226.557305969071,2,0.235988936316761
4821,0.180952380952381,226.604278074866,2,0.433617379001415
4822,0.154621848739496,226.651250180662,1,0.796918542682404
4823,0.112044817927171,226.698222286458,1,0.991572443955555
4824,0.0739495798319328,226.745194392253,1,0.999816751667734
4825,0.0436974789915966,226.792166498049,1,0.999994896043822
4826,0.0336134453781513,226.839138603845,1,0.999998607277633
4827,0.0224089635854342,226.88611070964,1,0.999999690696403
4828,0.0145658263305322,226.933082815436,1,0.999999896202714
4829,0.00728291316526611,226.980054921231,1,0.999999963398629
4830,0.00280112044817927,227.027027027027,1,0.99999998098907
4831,0.00392156862745098,227.073999132823,1,0.999999977584447
4832,0.00728291316526611,227.120971238618,1,0.999999963398629
4833,0.00504201680672269,227.167943344414,1,0.999999973587238
4834,0.00448179271708683,227.21491545021,1,0.999999975665812
4835,0.0061624649859944,227.261887556005,1,0.999999968897417
4836,0.00840336134453781,227.308859661801,1,0.999999956955613
4837,0.0117647058823529,227.355831767596,1,0.999999930259727
4838,0.0123249299719888,227.402803873392,1,0.999999924462087
4839,0.0156862745098039,227.449775979188,1,0.999999878444697
4840,0.0156862745098039,227.496748084983,1,0.999999878444697
4841,0.0128851540616246,227.543720190779,1,0.999999918195747
4842,0.0196078431372549,227.590692296575,1,0.999999789809566
4843,0.0263305322128852,227.63766440237,1,0.999999472396595
4844,0.0274509803921569,227.684636508166,1,0.999999386326614
4845,0.0291316526610644,227.731608613962,1,0.999999231128825
4846,0.0285714285714286,227.778580719757,1,0.999999286678604
4847,0.0274509803921569,227.825552825553,1,0.999999386326614
4848,0.026890756302521,227.872524931348,1,0.999999430940528
4849,0.0184873949579832,227.919497037144,1,0.99999982010831
4850,0.0196078431372549,227.96646914294,1,0.999999789809566
4851,0.02296918767507,228.013441248735,1,0.999999666014144
4852,0.0313725490196078,228.060413354531,1,0.9999989638502
4853,0.0436974789915966,228.107385460327,1,0.999994896043822
4854,0.0677871148459384,228.154357566122,1,0.999908180486356
4855,0.101960784313725,228.201329671918,1,0.996699588478183
4856,0.126610644257703,228.248301777714,1,0.970659099954923
4857,0.146778711484594,228.295273883509,1,0.872494165265493
4858,0.159103641456583,228.342245989305,1,0.743392200570811
4859,0.182633053221289,228.3892180951,2,0.411139195530895
4860,0.207282913165266,228.436190200896,2,0.176083714102236
4861,0.22296918767507,228.483162306692,2,0.105931072279774
4862,0.228011204481793,228.530134412487,2,0.0914882304135175
4863,0.233053221288515,228.577106518283,2,0.079800232269624
4864,0.236414565826331,228.624078624079,2,0.0732767948397886
4865,0.248739495798319,228.671050729874,2,0.0559318520429217
4866,0.256022408963585,228.71802283567,2,0.0492783349604649
4867,0.265546218487395,228.764994941466,2,0.0433892866956426
4868,0.273949579831933,228.811967047261,2,0.0402327752646841
4869,0.282913165266106,228.858939153057,2,0.0385729079313784
4870,0.289635854341737,228.905911258852,2,0.0383639610568897
4871,0.28515406162465,228.952883364648,2,0.0384071900579576
4872,0.277310924369748,228.999855470444,2,0.0394178194855815
4873,0.271708683473389,229.046827576239,2,0.0409121039955583
4874,0.271148459383753,229.093799682035,2,0.0410996202780812
4875,0.277871148459384,229.140771787831,2,0.0393049693636574
4876,0.280672268907563,229.187743893626,2,0.0388360560460302
4877,0.282352941176471,229.234715999422,2,0.0386294987949298
4878,0.281232492997199,229.281688105218,2,0.0387610431656464
4879,0.292436974789916,229.328660211013,2,0.0385317591662603
4880,0.304201680672269,229.375632316809,2,0.0409480454130796
4881,0.309803921568627,229.422604422604,2,0.0431756609179092
4882,0.309803921568627,229.4695765284,2,0.0431756609179092
4883,0.309243697478992,229.516548634196,2,0.0429178043505455
4884,0.306442577030812,229.563520739991,2,0.0417476501419191
4885,0.30812324929972,229.610492845787,2,0.0424262592427234
4886,0.316526610644258,229.657464951583,2,0.046950298433362
4887,0.332212885154062,229.704437057378,2,0.0620956489392546
4888,0.34453781512605,229.751409163174,2,0.0836687103054241
4889,0.329411764705882,229.79838126897,2,0.0585751513478608
4890,0.326050420168067,229.845353374765,2,0.0548746341522309
4891,0.322128851540616,229.892325480561,2,0.0511931208046101
4892,0.322128851540616,229.939297586356,2,0.0511931208046101
4893,0.32436974789916,229.986269692152,2,0.0532182012044976
4894,0.324929971988796,230.033241797948,2,0.0537567840318549
4895,0.322689075630252,230.080213903743,2,0.0516805263060188
4896,0.321008403361345,230.127186009539,2,0.050254545180477
4897,0.314285714285714,230.174158115335,2,0.0455455294920632
4898,0.300840336134454,230.22113022113,2,0.039962316672086
4899,0.282913165266106,230.268102326926,2,0.0385729079313784
4900,0.270028011204482,230.315074432722,2,0.0414964707985745
4901,0.267787114845938,230.362046538517,2,0.0423801075073241
4902,0.272268907563025,230.409018644313,2,0.0407317431610217
4903,0.279551820728291,230.455990750108,2,0.039004732730844
4904,0.281232492997199,230.502962855904,2,0.0387610431656464
4905,0.268347338935574,230.5499349617,2,0.042147704620908
4906,0.272268907563025,230.596907067495,2,0.0407317431610217
4907,0.280672268907563,230.643879173291,2,0.0388360560460302
4908,0.290196078431373,230.690851279087,2,0.0383854900426841
4909,0.301960784313725,230.737823384882,2,0.0402632645992233
4910,0.312605042016807,230.784795490678,2,0.0445908036938575
4911,0.318207282913165,230.831767596473,2,0.0481087305972535
4912,0.32156862745098,230.878739702269,2,0.0507178738483855
4913,0.332773109243697,230.925711808065,2,0.062851724739302
4914,0.330532212885154,230.97268391386,2,0.0599328957948075
4915,0.322128851540616,231.019656019656,2,0.0511931208046101
4916,0.318207282913165,231.066628125452,2,0.0481087305972535
4917,0.317086834733894,231.113600231247,2,0.0473261526284458
4918,0.319327731092437,231.160572337043,2,0.0489337665610995
4919,0.317086834733894,231.207544442839,2,0.0473261526284458
4920,0.310364145658263,231.254516548634,2,0.0434417351400998
4921,0.313165266106443,231.30148865443,2,0.0448999512189051
4922,0.314285714285714,231.348460760225,2,0.0455455294920632
4923,0.317086834733894,231.395432866021,2,0.0473261526284458
4924,0.317647058823529,231.442404971817,2,0.0477122331946651
4925,0.313725490196078,231.489377077612,2,0.0452181418924969
4926,0.299719887955182,231.536349183408,2,0.0396882422079146
4927,0.27843137254902,231.583321289204,2,0.0391985366231322
4928,0.263865546218487,231.630293394999,2,0.044233120021995
4929,0.233053221288515,231.677265500795,2,0.079800232269624
4930,0.210084033613445,231.724237606591,2,0.160061413933855
4931,0.184873949579832,231.771209712386,2,0.382286349026419
4932,0.163025210084034,231.818181818182,1,0.691395748890989
4933,0.141736694677871,231.865153923977,1,0.908664716510222
4934,0.122128851540616,231.912126029773,1,0.979721630744829
4935,0.0896358543417367,231.959098135569,1,0.999026703423987
4936,0.0543417366946779,232.006070241364,1,0.999981010063016
4937,0.0521008403361345,232.05304234716,1,0.999985528705051
4938,0.0459383753501401,232.100014452956,1,0.999993236830371
4939,0.0487394957983193,232.146986558751,1,0.999990419914242
4940,0.0661064425770308,232.193958664547,1,0.99992421117054
4941,0.0784313725490196,232.240930770343,1,0.99970082598601
4942,0.0862745098039216,232.287902876138,1,0.999312071773798
4943,0.103641456582633,232.334874981934,1,0.996126247791855
4944,0.123249299719888,232.381847087729,1,0.977731466732102
4945,0.140056022408964,232.428819193525,1,0.918721880456213
4946,0.153501400560224,232.475791299321,1,0.809171331637421
4947,0.175910364145658,232.522763405116,1,0.504525445493931
4948,0.199439775910364,232.569735510912,2,0.231388641743967
4949,0.219047619047619,232.616707616708,2,0.119471641598086
4950,0.231372549019608,232.663679722503,2,0.083424555748535
4951,0.23921568627451,232.710651828299,2,0.0685035670796927
4952,0.243137254901961,232.757623934095,2,0.0627031173410711
4953,0.249859943977591,232.80459603989,2,0.0547633945591814
4954,0.228011204481793,232.851568145686,2,0.0914882304135175
4955,0.2,232.898540251481,2,0.226879842506765
4956,0.159663865546219,232.945512357277,1,0.73623113845201
4957,0.12156862745098,232.992484463073,1,0.980654941080305
4958,0.0761904761904762,233.039456568868,1,0.999765551018238
4959,0.0235294117647059,233.086428674664,1,0.999999639420738
4960,0.0100840336134454,233.13340078046,1,0.999999945170153
4961,0.0112044817927171,233.180372886255,1,0.999999935622831
4962,0.00504201680672269,233.227344992051,1,0.999999973587238
4963,0.00392156862745098,233.274317097847,1,0.999999977584447
4964,0.0123249299719888,233.321289203642,1,0.999999924462087
4965,0.0352941176470588,233.368261309438,1,0.999998264372693
4966,0.0750700280112045,233.415233415233,1,0.999792658750417
4967,0.115966386554622,233.462205521029,1,0.9880547268893
4968,0.140616246498599,233.509177626825,1,0.915474446551335
4969,0.154621848739496,233.55614973262,1,0.796918542682404
4970,0.178711484593838,233.603121838416,2,0.464567172896873
4971,0.205602240896359,233.650093944212,2,0.186583231459786
4972,0.225210084033613,233.697066050007,2,0.0991339919636356
4973,0.231932773109244,233.744038155803,2,0.0821878879586631
4974,0.235854341736695,233.791010261599,2,0.0743009601906026
4975,0.247619047619048,233.837982367394,2,0.0571586836398206
4976,0.258823529411765,233.88495447319,2,0.0472521869114428
4977,0.278991596638655,233.931926578985,2,0.0390984728868202
4978,0.285714285714286,233.978898684781,2,0.0383808287412194
4979,0.293557422969188,234.025870790577,2,0.0386412255417378
4980,0.295798319327731,234.072842896372,2,0.038933809413045
4981,0.292436974789916,234.119815002168,2,0.0385317591662603
4982,0.286834733893557,234.166787107964,2,0.0383460954196302
4983,0.282913165266106,234.213759213759,2,0.0385729079313784
4984,0.284033613445378,234.260731319555,2,0.0384779612717823
4985,0.275070028011205,234.30770342535,2,0.0399344666131725
4986,0.289075630252101,234.354675531146,2,0.0383484239774396
4987,0.290756302521008,234.401647636942,2,0.0384130206118378
4988,0.282352941176471,234.448619742737,2,0.0386294987949298
4989,0.277310924369748,234.495591848533,2,0.0394178194855815
4990,0.275070028011205,234.542563954329,2,0.0399344666131725
4991,0.261624649859944,234.589536060124,2,0.0454810665091231
4992,0.243137254901961,234.63650816592,2,0.0627031173410711
4993,0.23921568627451,234.683480271716,2,0.0685035670796927
4994,0.221848739495798,234.730452377511,2,0.109576306533017
4995,0.194957983193277,234.777424483307,2,0.270827013825428
4996,0.168627450980392,234.824396589102,1,0.611414788809156
4997,0.133893557422969,234.871368694898,1,0.94812792128827
4998,0.0918767507002801,234.918340800694,1,0.998777415487261
4999,0.0481792717086835,234.965312906489,1,0.999991061462362
5000,0.0224089635854342,235.012285012285,1,0.999999690696403
5001,0.0173669467787115,235.059257118081,1,0.999999846139363
5002,0.0128851540616246,235.106229223876,1,0.999999918195747
5003,0.0112044817927171,235.153201329672,1,0.999999935622831
5004,0.0173669467787115,235.200173435468,1,0.999999846139363
5005,0.0151260504201681,235.247145541263,1,0.999999887664979
5006,0.0112044817927171,235.294117647059,1,0.999999935622831
5007,0.0201680672268908,235.341089752854,1,0.999999772852366
5008,0.0392156862745098,235.38806185865,1,0.999997115709532
5009,0.0274509803921569,235.435033964446,1,0.999999386326614
5010,0.0358543417366947,235.482006070241,1,0.999998132848423
5011,0.0375350140056022,235.528978176037,1,0.999997677657573
5012,0.0336134453781513,235.575950281833,1,0.999998607277633
5013,0.0291316526610644,235.622922387628,1,0.999999231128825
5014,0.0291316526610644,235.669894493424,1,0.999999231128825
5015,0.0274509803921569,235.71686659922,1,0.999999386326614
5016,0.0240896358543417,235.763838705015,1,0.999999610772979
5017,0.0184873949579832,235.810810810811,1,0.99999982010831
5018,0.0336134453781513,235.857782916606,1,0.999998607277633
5019,0.0476190476190476,235.904755022402,1,0.999991661400821
5020,0.053781512605042,235.951727128198,1,0.999982252990164
5021,0.0717086834733894,235.998699233993,1,0.999857143472705
5022,0.100280112044818,236.045671339789,1,0.997192399945078
5023,0.0980392156862745,236.092643445585,1,0.99774233978539
5024,0.0700280112044818,236.13961555138,1,0.999881681382585
5025,0.0442577030812325,236.186587657176,1,0.999994522612832
5026,0.0403361344537815,236.233559762972,1,0.999996670119677
5027,0.0380952380952381,236.280531868767,1,0.999997503292834
5028,0.0464985994397759,236.327503974563,1,0.999992746710678
5029,0.0599439775910364,236.374476080358,1,0.999962963442659
5030,0.0761904761904762,236.421448186154,1,0.999765551018238
5031,0.0941176470588235,236.46842029195,1,0.998468349662353
5032,0.107002801120448,236.515392397745,1,0.994688342447919
5033,0.100840336134454,236.562364503541,1,0.99703639554952
5034,0.128291316526611,236.609336609337,1,0.966419371163723
5035,0.146778711484594,236.656308715132,1,0.872494165265493
5036,0.142296918767507,236.703280820928,1,0.905098777843182
5037,0.143977591036415,236.750252926724,1,0.893736206995536
5038,0.161344537815126,236.797225032519,1,0.714192084829139
5039,0.169187675070028,236.844197138315,1,0.603199928093532
5040,0.166386554621849,236.89116924411,1,0.643978175714878
5041,0.152941176470588,236.938141349906,1,0.81511913389232
5042,0.145658263305322,236.985113455702,1,0.88134449409073
5043,0.140056022408964,237.032085561497,1,0.918721880456213
5044,0.140616246498599,237.079057667293,1,0.915474446551335
5045,0.14453781512605,237.126029773089,1,0.88972186703695
5046,0.143977591036415,237.173001878884,1,0.893736206995536
5047,0.135574229691877,237.21997398468,1,0.941182039543258
5048,0.126050420168067,237.266946090476,1,0.971962255719139
5049,0.0941176470588235,237.313918196271,1,0.998468349662353
5050,0.0868347338935574,237.360890302067,1,0.999270812921576
5051,0.0868347338935574,237.407862407862,1,0.999270812921576
5052,0.0969187675070028,237.454834513658,1,0.99797753835322
5053,0.109803921568627,237.501806619454,1,0.993123291343826
5054,0.122128851540616,237.548778725249,1,0.979721630744829
5055,0.142296918767507,237.595750831045,1,0.905098777843182
5056,0.160224089635854,237.642722936841,1,0.728975144265132
5057,0.185994397759104,237.689695042636,2,0.368378230353302
5058,0.2,237.736667148432,2,0.226879842506765
5059,0.197759103641457,237.783639254228,2,0.245467823198574
5060,0.180392156862745,237.830611360023,2,0.44125602918874
5061,0.173109243697479,237.877583465819,1,0.545431418039036
5062,0.180392156862745,237.924555571614,2,0.44125602918874
5063,0.178711484593838,237.97152767741,2,0.464567172896873
5064,0.166386554621849,238.018499783206,1,0.643978175714878
5065,0.201120448179272,238.065471889001,2,0.218132637970216
5066,0.194397759103641,238.112443994797,2,0.276189198420622
5067,0.186554621848739,238.159416100593,2,0.361559928600192
5068,0.179831932773109,238.206388206388,2,0.448962707619833
5069,0.181512605042017,238.253360312184,2,0.426049799016496
5070,0.189915966386555,238.300332417979,2,0.322630090110826
5071,0.2,238.347304523775,2,0.226879842506765
5072,0.206162464985994,238.394276629571,2,0.183006504695312
5073,0.207282913165266,238.441248735366,2,0.176083714102236
5074,0.202240896358543,238.488220841162,2,0.20973873549485
5075,0.19327731092437,238.535192946958,2,0.28720783559683
5076,0.187675070028011,238.582165052753,2,0.348201890249528
5077,0.185994397759104,238.629137158549,2,0.368378230353302
5078,0.188795518207283,238.676109264345,2,0.335222902234861
5079,0.19047619047619,238.72308137014,2,0.316480121128861
5080,0.194957983193277,238.770053475936,2,0.270827013825428
5081,0.201680672268908,238.817025581731,2,0.213892083946832
5082,0.201680672268908,238.863997687527,2,0.213892083946832
5083,0.194957983193277,238.910969793323,2,0.270827013825428
5084,0.18375350140056,238.957941899118,2,0.396545252639417
5085,0.172549019607843,239.004914004914,1,0.553677353559913
5086,0.160224089635854,239.05188611071,1,0.728975144265132
5087,0.145098039215686,239.098858216505,1,0.885591725311595
5088,0.133333333333333,239.145830322301,1,0.950281111718887
5089,0.103641456582633,239.192802428097,1,0.996126247791855
5090,0.104761904761905,239.239774533892,1,0.995693411791503
5091,0.104761904761905,239.286746639688,1,0.995693411791503
5092,0.100280112044818,239.333718745483,1,0.997192399945078
5093,0.096358543417367,239.380690851279,1,0.998086265733585
5094,0.0991596638655462,239.427662957075,1,0.99748148848751
5095,0.10812324929972,239.47463506287,1,0.994107205080671
5096,0.11484593837535,239.521607168666,1,0.989177776737616
5097,0.12436974789916,239.568579274462,1,0.975566325724271
5098,0.121008403361345,239.615551380257,1,0.98154904233791
5099,0.131652661064426,239.662523486053,1,0.956283906091353
5100,0.158543417366947,239.709495591849,1,0.750455124642864
5101,0.182633053221289,239.756467697644,2,0.411139195530895
5102,0.19327731092437,239.80343980344,2,0.28720783559683
5103,0.208403361344538,239.850411909235,2,0.16945979289131
5104,0.225770308123249,239.897384015031,2,0.0975321348556675
5105,0.228011204481793,239.944356120827,2,0.0914882304135175
5106,0.231372549019608,239.991328226622,2,0.083424555748535
5107,0.240896358543417,240.038300332418,2,0.0658992176491101
5108,0.249299719887955,240.085272438214,2,0.0553404811126245
5109,0.25266106442577,240.132244544009,2,0.0520820517184501
5110,0.248739495798319,240.179216649805,2,0.0559318520429217
5111,0.247058823529412,240.226188755601,2,0.0577947840515302
5112,0.248739495798319,240.273160861396,2,0.0559318520429217
5113,0.252100840336134,240.320132967192,2,0.0525920380039805
5114,0.250420168067227,240.367105072987,2,0.0542002936541327
5115,0.253781512605042,240.414077178783,2,0.0510996559514405
5116,0.260504201680672,240.461049284579,2,0.0461603719564252
5117,0.267226890756303,240.508021390374,2,0.0426203518397957
5118,0.274509803921569,240.55499349617,2,0.0400802351048689
5119,0.276190476190476,240.601965601966,2,0.0396629803501007
5120,0.273949579831933,240.648937707761,2,0.0402327752646841
5121,0.281232492997199,240.695909813557,2,0.0387610431656464
5122,0.271708683473389,240.742881919353,2,0.0409121039955584
5123,0.259943977591036,240.789854025148,2,0.0465144230063947
5124,0.249859943977591,240.836826130944,2,0.0547633945591814
5125,0.243697478991597,240.883798236739,2,0.0619505457624394
5126,0.234733893557423,240.930770342535,2,0.0764232130046199
5127,0.219607843137255,240.977742448331,2,0.117399078427169
5128,0.210644257703081,241.024714554126,2,0.157066733293347
5129,0.203921568627451,241.071686659922,2,0.19779018733207
5130,0.199439775910364,241.118658765718,2,0.231388641743967
5131,0.19327731092437,241.165630871513,2,0.28720783559683
5132,0.187114845938375,241.212602977309,2,0.354834063158658
5133,0.185434173669468,241.259575083105,2,0.375287559046385
5134,0.193837535014006,241.3065471889,2,0.281649358290742
5135,0.208963585434174,241.353519294696,2,0.166256640330474
5136,0.22296918767507,241.400491400491,2,0.105931072279774
5137,0.233053221288515,241.447463506287,2,0.079800232269624
5138,0.235294117647059,241.494435612083,2,0.075349574733778
5139,0.244257703081232,241.541407717878,2,0.0612157362492645
5140,0.261064425770308,241.588379823674,2,0.0458159757224549
5141,0.277871148459384,241.63535192947,2,0.0393049693636574
5142,0.285714285714286,241.682324035265,2,0.0383808287412194
5143,0.284033613445378,241.729296141061,2,0.0384779612717823
5144,0.277871148459384,241.776268246857,2,0.0393049693636574
5145,0.266106442577031,241.823240352652,2,0.0431248220393905
5146,0.26890756302521,241.870212458448,2,0.0419230338584808
5147,0.25546218487395,241.917184564243,2,0.0497163162693664
5148,0.237535014005602,241.964156670039,2,0.071299583657807
5149,0.235294117647059,242.011128775835,2,0.075349574733778
5150,0.236974789915966,242.05810088163,2,0.0722765182168222
5151,0.219607843137255,242.105072987426,2,0.117399078427169
5152,0.192156862745098,242.152045093222,2,0.298620637961787
5153,0.173109243697479,242.199017199017,1,0.545431418039036
5154,0.135014005602241,242.245989304813,1,0.9435805062457
5155,0.0801120448179272,242.292961410608,1,0.999641419853045
5156,0.0313725490196078,242.339933516404,1,0.9999989638502
5157,0.0112044817927171,242.3869056222,1,0.999999935622831
5158,0.00504201680672269,242.433877727995,1,0.999999973587238
5159,0.0061624649859944,242.480849833791,1,0.999999968897417
5160,0.00840336134453781,242.527821939587,1,0.999999956955613
5161,0.0128851540616246,242.574794045382,1,0.999999918195747
5162,0.00392156862745098,242.621766151178,1,0.999999977584447
5163,0.0061624649859944,242.668738256974,1,0.999999968897417
5164,0.0246498599439776,242.715710362769,1,0.999999579917311
5165,0.0504201680672269,242.762682468565,1,0.99998821701162
5166,0.0773109243697479,242.80965457436,1,0.999735072040908
5167,0.115406162464986,242.856626680156,1,0.988629038475826
5168,0.148459383753501,242.903598785952,1,0.858314971887361
5169,0.173109243697479,242.950570891747,1,0.545431418039036
5170,0.189915966386555,242.997542997543,2,0.322630090110826
5171,0.20672268907563,243.044515103339,2,0.179507098377934
5172,0.219607843137255,243.091487209134,2,0.117399078427169
5173,0.229131652661064,243.13845931493,2,0.0886728967767387
5174,0.234173669467787,243.185431420726,2,0.0775224638794723
5175,0.239775910364146,243.232403526521,2,0.0676148007359003
5176,0.252100840336134,243.279375632317,2,0.0525920380039805
5177,0.242577030812325,243.326347738112,2,0.0634738525539232
5178,0.243697478991597,243.373319843908,2,0.0619505457624394
5179,0.242577030812325,243.420291949704,2,0.0634738525539232
5180,0.23249299719888,243.467264055499,2,0.0809800016654873
5181,0.222408963585434,243.514236161295,2,0.10773234026735
5182,0.212885154061625,243.561208267091,2,0.145744087373625
5183,0.185434173669468,243.608180372886,2,0.375287559046385
5184,0.149579831932773,243.655152478682,1,0.848251944302899
5185,0.109243697478992,243.702124584478,1,0.993467116156218
5186,0.0750700280112045,243.749096690273,1,0.999792658750417
5187,0.0442577030812325,243.796068796069,1,0.999994522612832
5188,0.0330532212885154,243.843040901864,1,0.999998706222175
5189,0.0392156862745098,243.89001300766,1,0.999997115709532
5190,0.0554621848739496,243.936985113456,1,0.999978267545422
5191,0.0851540616246499,243.983957219251,1,0.999388019895116
5192,0.112605042016807,244.030929325047,1,0.991136919226524
5193,0.140616246498599,244.077901430843,1,0.915474446551335
5194,0.191596638655462,244.124873536638,2,0.304475158896413
5195,0.226330532212885,244.171845642434,2,0.0959674736836574
5196,0.238095238095238,244.21881774823,2,0.0703454580298313
5197,0.264425770308123,244.265789854025,2,0.0439433035345035
5198,0.295798319327731,244.312761959821,2,0.038933809413045
5199,0.304761904761905,244.359734065616,2,0.0411369647009354
5200,0.301960784313725,244.406706171412,2,0.0402632645992233
5201,0.303641456582633,244.453678277208,2,0.0407662982371635
5202,0.296918767507003,244.500650383003,2,0.0391174558584947
5203,0.287394957983193,244.547622488799,2,0.0383377078048744
5204,0.277871148459384,244.594594594595,2,0.0393049693636574
5205,0.270028011204482,244.64156670039,2,0.0414964707985745
5206,0.264425770308123,244.688538806186,2,0.0439433035345035
5207,0.258823529411765,244.735510911982,2,0.0472521869114428
5208,0.25546218487395,244.782483017777,2,0.0497163162693664
5209,0.25266106442577,244.829455123573,2,0.0520820517184501
5210,0.249299719887955,244.876427229368,2,0.0553404811126245
5211,0.243137254901961,244.923399335164,2,0.0627031173410711
5212,0.240896358543417,244.97037144096,2,0.0658992176491101
5213,0.237535014005602,245.017343546755,2,0.071299583657807
5214,0.235294117647059,245.064315652551,2,0.075349574733778
5215,0.234173669467787,245.111287758347,2,0.0775224638794723
5216,0.233613445378151,245.158259864142,2,0.0786479308455247
5217,0.243137254901961,245.205231969938,2,0.0627031173410711
5218,0.244257703081232,245.252204075734,2,0.0612157362492645
5219,0.242577030812325,245.299176181529,2,0.0634738525539232
5220,0.236414565826331,245.346148287325,2,0.0732767948397886
5221,0.2296918767507,245.39312039312,2,0.0873141345910562
5222,0.228571428571429,245.440092498916,2,0.090064007425782
5223,0.230252100840336,245.487064604712,2,0.0859869741302575
5224,0.233053221288515,245.534036710507,2,0.079800232269624
5225,0.230812324929972,245.581008816303,2,0.0846906855666082
5226,0.234173669467787,245.627980922099,2,0.0775224638794723
5227,0.23921568627451,245.674953027894,2,0.0685035670796927
5228,0.243697478991597,245.72192513369,2,0.0619505457624394
5229,0.249299719887955,245.768897239486,2,0.0553404811126245
5230,0.252100840336134,245.815869345281,2,0.0525920380039805
5231,0.244257703081232,245.862841451077,2,0.0612157362492645
5232,0.236414565826331,245.909813556872,2,0.0732767948397886
5233,0.234173669467787,245.956785662668,2,0.0775224638794723
5234,0.238095238095238,246.003757768464,2,0.0703454580298313
5235,0.24593837535014,246.050729874259,2,0.059114019937723
5236,0.25266106442577,246.097701980055,2,0.0520820517184501
5237,0.259383753501401,246.144674085851,2,0.0468783018792113
5238,0.261064425770308,246.191646191646,2,0.0458159757224549
5239,0.264425770308123,246.238618297442,2,0.0439433035345035
5240,0.266106442577031,246.285590403237,2,0.0431248220393905
5241,0.25266106442577,246.332562509033,2,0.0520820517184501
5242,0.250980392156863,246.379534614829,2,0.0536508877748693
5243,0.248739495798319,246.426506720624,2,0.0559318520429217
5244,0.247058823529412,246.47347882642,2,0.0577947840515302
5245,0.253221288515406,246.520450932216,2,0.0515846753144745
5246,0.262745098039216,246.567423038011,2,0.0448390633349203
5247,0.266666666666667,246.614395143807,2,0.0428685509064329
5248,0.266106442577031,246.661367249603,2,0.0431248220393905
5249,0.261624649859944,246.708339355398,2,0.0454810665091231
5250,0.256582633053221,246.755311461194,2,0.0488515488220386
5251,0.253221288515406,246.802283566989,2,0.0515846753144745
5252,0.251540616246499,246.849255672785,2,0.053114894215835
5253,0.25546218487395,246.896227778581,2,0.0497163162693664
5254,0.263305322128852,246.943199884376,2,0.0445316588243376
5255,0.26890756302521,246.990171990172,2,0.0419230338584808
5256,0.272829131652661,247.037144095968,2,0.0405584542537705
5257,0.267787114845938,247.084116201763,2,0.0423801075073241
5258,0.267226890756303,247.131088307559,2,0.0426203518397957
5259,0.267787114845938,247.178060413355,2,0.0423801075073241
5260,0.263865546218487,247.22503251915,2,0.044233120021995
5261,0.260504201680672,247.272004624946,2,0.0461603719564252
5262,0.257142857142857,247.318976730741,2,0.0484357448570732
5263,0.25266106442577,247.365948836537,2,0.0520820517184501
5264,0.250420168067227,247.412920942333,2,0.0542002936541327
5265,0.259943977591036,247.459893048128,2,0.0465144230063947
5266,0.25546218487395,247.506865153924,2,0.0497163162693664
5267,0.253221288515406,247.55383725972,2,0.0515846753144745
5268,0.252100840336134,247.600809365515,2,0.0525920380039805
5269,0.250420168067227,247.647781471311,2,0.0542002936541327
5270,0.248179271708683,247.694753577107,2,0.056537814377446
5271,0.242577030812325,247.741725682902,2,0.0634738525539232
5272,0.238655462184874,247.788697788698,2,0.0694136214623099
5273,0.250980392156863,247.835669894493,2,0.0536508877748693
5274,0.249859943977591,247.882642000289,2,0.0547633945591814
5275,0.244257703081233,247.929614106085,2,0.0612157362492645
5276,0.236974789915966,247.97658621188,2,0.0722765182168222
5277,0.2296918767507,248.023558317676,2,0.0873141345910562
5278,0.226890756302521,248.070530423472,2,0.094439155878673
5279,0.228011204481793,248.117502529267,2,0.0914882304135175
5280,0.230812324929972,248.164474635063,2,0.0846906855666082
5281,0.227450980392157,248.211446740859,2,0.0929463469686119
5282,0.221848739495798,248.258418846654,2,0.109576306533017
5283,0.212324929971989,248.30539095245,2,0.14847889746188
5284,0.198879551820728,248.352363058245,2,0.235988936316761
5285,0.192156862745098,248.399335164041,2,0.298620637961787
5286,0.179831932773109,248.446307269837,2,0.448962707619833
5287,0.150140056022409,248.493279375632,1,0.843036248399704
5288,0.121008403361345,248.540251481428,1,0.98154904233791
5289,0.110924369747899,248.587223587224,1,0.992384504442507
5290,0.061624649859944,248.634195693019,1,0.999954888409414
5291,0.0156862745098039,248.681167798815,1,0.999999878444697
5292,0.00448179271708683,248.728139904611,1,0.999999975665812
5293,0.0061624649859944,248.775112010406,1,0.999999968897417
5294,0.0061624649859944,248.822084116202,1,0.999999968897417
5295,0.00280112044817927,248.869056221997,1,0.99999998098907
5296,0.00392156862745098,248.916028327793,1,0.999999977584447
5297,0.0235294117647059,248.963000433589,1,0.999999639420738
5298,0.0543417366946779,249.009972539384,1,0.999981010063016
5299,0.102521008403361,249.05694464518,1,0.996517985283779
5300,0.141176470588235,249.103916750976,1,0.912122675600229
5301,0.151820728291317,249.150888856771,1,0.8266523430477
5302,0.145098039215686,249.197860962567,1,0.885591725311595
5303,0.132773109243697,249.244833068363,1,0.952356775037303
5304,0.121008403361345,249.291805174158,1,0.98154904233791
5305,0.0750700280112045,249.338777279954,1,0.999792658750417
5306,0.0549019607843137,249.385749385749,1,0.999979683383264
5307,0.0481792717086835,249.432721491545,1,0.999991061462362
5308,0.0638655462184874,249.479693597341,1,0.999941452148962
5309,0.080672268907563,249.526665703136,1,0.999619227892903
5310,0.0868347338935574,249.573637808932,1,0.999270812921576
5311,0.105322128851541,249.620609914728,1,0.995460362590468
5312,0.128291316526611,249.667582020523,1,0.966419371163723
5313,0.118207282913165,249.714554126319,1,0.985480099583486
5314,0.127170868347339,249.761526232115,1,0.969302114627511
5315,0.129971988795518,249.80849833791,1,0.961645119791548
5316,0.123249299719888,249.855470443706,1,0.977731466732102
5317,0.0868347338935574,249.902442549501,1,0.999270812921576
5318,0.0711484593837535,249.949414655297,1,0.99986581980976
5319,0.0240896358543417,249.996386761093,1,0.999999610772979
5320,0.0134453781512605,250.043358866888,1,0.999999911423941
5321,0.00840336134453781,250.090330972684,1,0.999999956955613
5322,0.00728291316526611,250.13730307848,1,0.999999963398629
5323,0.00784313725490196,250.184275184275,1,0.999999960304419
5324,0.00896358543417367,250.231247290071,1,0.999999953331863
5325,0.00448179271708683,250.278219395866,1,0.999999975665812
5326,0.00336134453781513,250.325191501662,1,0.999999979355155
5327,0.00560224089635854,250.372163607458,1,0.999999971335765
5328,0.0117647058823529,250.419135713253,1,0.999999930259727
5329,0.0459383753501401,250.466107819049,1,0.999993236830371
5330,0.0683473389355742,250.513079924845,1,0.999902147839473
5331,0.0448179271708683,250.56005203064,1,0.999994122813141
5332,0.0156862745098039,250.607024136436,1,0.999999878444697
5333,0.0201680672268908,250.653996242232,1,0.999999772852366
5334,0.026890756302521,250.700968348027,1,0.999999430940528
5335,0.0392156862745098,250.747940453823,1,0.999997115709532
5336,0.0750700280112045,250.794912559618,1,0.999792658750417
5337,0.0985994397759104,250.841884665414,1,0.997615276979038
5338,0.118767507002801,250.88885677121,1,0.984761371718303
5339,0.143977591036415,250.935828877005,1,0.893736206995536
5340,0.166386554621849,250.982800982801,1,0.643978175714878
5341,0.182072829131653,251.029773088597,2,0.418556167060312
5342,0.192717086834734,251.076745194392,2,0.292864878876087
5343,0.2,251.123717300188,2,0.226879842506765
5344,0.204481792717087,251.170689405984,2,0.193973798714683
5345,0.229131652661064,251.217661511779,2,0.0886728967767387
5346,0.231372549019608,251.264633617575,2,0.083424555748535
5347,0.235294117647059,251.31160572337,2,0.075349574733778
5348,0.237535014005602,251.358577829166,2,0.0712995836578069
5349,0.240336134453782,251.405549934962,2,0.0667468407508129
5350,0.243697478991597,251.452522040757,2,0.0619505457624394
5351,0.248739495798319,251.499494146553,2,0.0559318520429217
5352,0.252100840336134,251.546466252349,2,0.0525920380039805
5353,0.270588235294118,251.593438358144,2,0.0412943790230511
5354,0.276190476190476,251.64041046394,2,0.0396629803501007
5355,0.275070028011205,251.687382569736,2,0.0399344666131725
5356,0.260504201680672,251.734354675531,2,0.0461603719564252
5357,0.243697478991597,251.781326781327,2,0.0619505457624394
5358,0.236414565826331,251.828298887122,2,0.0732767948397886
5359,0.231932773109244,251.875270992918,2,0.0821878879586631
5360,0.230252100840336,251.922243098714,2,0.0859869741302575
5361,0.234173669467787,251.969215204509,2,0.0775224638794723
5362,0.224649859943978,252.016187310305,2,0.100773915821301
5363,0.201120448179272,252.063159416101,2,0.218132637970216
5364,0.182633053221289,252.110131521896,2,0.411139195530895
5365,0.175910364145658,252.157103627692,1,0.504525445493931
5366,0.155182072829132,252.204075733488,1,0.790616228598516
5367,0.123249299719888,252.251047839283,1,0.977731466732102
5368,0.10812324929972,252.298019945079,1,0.994107205080671
5369,0.0957983193277311,252.344992050874,1,0.998189451667232
5370,0.0969187675070028,252.39196415667,1,0.99797753835322
5371,0.110364145658263,252.438936262466,1,0.992762668254577
5372,0.130532212885154,252.485908368261,1,0.959925923748295
5373,0.142857142857143,252.532880474057,1,0.901423134534888
5374,0.146218487394958,252.579852579853,1,0.876978994791982
5375,0.154621848739496,252.626824685648,1,0.796918542682404
5376,0.166946778711485,252.673796791444,1,0.635891746488081
5377,0.151260504201681,252.72076889724,1,0.832236241432969
5378,0.155742296918768,252.767741003035,1,0.784198748270018
5379,0.16750700280112,252.814713108831,1,0.627765721614619
5380,0.184873949579832,252.861685214626,2,0.382286349026419
5381,0.202240896358543,252.908657320422,2,0.20973873549485
5382,0.211764705882353,252.955629426218,2,0.151276759646458
5383,0.221288515406162,253.002601532013,2,0.111463953304766
5384,0.231932773109244,253.049573637809,2,0.0821878879586631
5385,0.254341736694678,253.096545743605,2,0.0506267478251039
5386,0.269467787114846,253.1435178494,2,0.0417059897887447
5387,0.280112044817927,253.190489955196,2,0.0389172736534827
5388,0.282352941176471,253.237462060992,2,0.0386294987949298
5389,0.284033613445378,253.284434166787,2,0.0384779612717823
5390,0.284033613445378,253.331406272583,2,0.0384779612717823
5391,0.279551820728291,253.378378378378,2,0.039004732730844
5392,0.272268907563025,253.425350484174,2,0.0407317431610217
5393,0.259383753501401,253.47232258997,2,0.0468783018792113
5394,0.242577030812325,253.519294695765,2,0.0634738525539232
5395,0.22296918767507,253.566266801561,2,0.105931072279774
5396,0.19327731092437,253.613238907357,2,0.28720783559683
5397,0.175350140056022,253.660211013152,1,0.512648081379669
5398,0.136134453781513,253.707183118948,1,0.938697569226325
5399,0.0593837535014006,253.754155224743,1,0.999965331336887
5400,0.019047619047619,253.801127330539,1,0.999999805532406
5401,0.0123249299719888,253.848099436335,1,0.999999924462087
5402,0.0296918767507003,253.89507154213,1,0.999999171387512
5403,0.057703081232493,253.942043647926,1,0.99997159246286
5404,0.0834733893557423,253.989015753722,1,0.999487145837297
5405,0.124929971988796,254.035987859517,1,0.974414147622689
5406,0.174789915966387,254.082959965313,1,0.520804516967559
5407,0.207843137254902,254.129932071109,2,0.172735047998205
5408,0.215686274509804,254.176904176904,2,0.132972141046657
5409,0.225210084033613,254.2238762827,2,0.0991339919636356
5410,0.224649859943978,254.270848388495,2,0.100773915821301
5411,0.227450980392157,254.317820494291,2,0.0929463469686119
5412,0.229131652661064,254.364792600087,2,0.0886728967767387
5413,0.2296918767507,254.411764705882,2,0.0873141345910562
5414,0.226330532212885,254.458736811678,2,0.0959674736836574
5415,0.221288515406162,254.505708917474,2,0.111463953304766
5416,0.217927170868347,254.552681023269,2,0.123764470037187
5417,0.189915966386555,254.599653129065,2,0.322630090110826
5418,0.163585434173669,254.646625234861,1,0.68364719151985
5419,0.123809523809524,254.693597340656,1,0.976671556869368
5420,0.076750700280112,254.740569446452,1,0.999750756706005
5421,0.0330532212885154,254.787541552247,1,0.999998706222175
5422,0.0123249299719888,254.834513658043,1,0.999999924462087
5423,0.0173669467787115,254.881485763839,1,0.999999846139363
5424,0.0364145658263305,254.928457869634,1,0.999997991683113
5425,0.0733893557422969,254.97542997543,1,0.999827769090857
5426,0.110924369747899,255.022402081226,1,0.992384504442507
5427,0.154621848739496,255.069374187021,1,0.796918542682404
5428,0.187675070028011,255.116346292817,2,0.348201890249528
5429,0.203361344537815,255.163318398613,2,0.201688987351548
5430,0.212885154061625,255.210290504408,2,0.145744087373625
5431,0.218487394957983,255.257262610204,2,0.121593074608504
5432,0.219607843137255,255.304234715999,2,0.117399078427169
5433,0.222408963585434,255.351206821795,2,0.10773234026735
5434,0.225770308123249,255.398178927591,2,0.0975321348556675
5435,0.233053221288515,255.445151033386,2,0.079800232269624
5436,0.235854341736695,255.492123139182,2,0.0743009601906026
5437,0.230252100840336,255.539095244978,2,0.0859869741302575
5438,0.217927170868347,255.586067350773,2,0.123764470037187
5439,0.202240896358543,255.633039456569,2,0.20973873549485
5440,0.191596638655462,255.680011562365,2,0.304475158896413
5441,0.136134453781513,255.72698366816,1,0.938697569226325
5442,0.109803921568627,255.773955773956,1,0.993123291343826
5443,0.0778711484593838,255.820927879751,1,0.999718446283986
5444,0.0515406162464986,255.867899985547,1,0.999986484652844
5445,0.0246498599439776,255.914872091343,1,0.999999579917311
5446,0.0117647058823529,255.961844197138,1,0.999999930259727
5447,0.0358543417366947,256.008816302934,1,0.999998132848423
5448,0.0773109243697479,256.05578840873,1,0.999735072040908
5449,0.141736694677871,256.102760514525,1,0.908664716510222
5450,0.168067226890756,256.149732620321,1,0.619605066272177
5451,0.192156862745098,256.196704726117,2,0.298620637961787
5452,0.208403361344538,256.243676831912,2,0.16945979289131
5453,0.217927170868347,256.290648937708,2,0.123764470037187
5454,0.219047619047619,256.337621043503,2,0.119471641598086
5455,0.224649859943978,256.384593149299,2,0.100773915821301
5456,0.235854341736695,256.431565255095,2,0.0743009601906026
5457,0.238655462184874,256.47853736089,2,0.0694136214623099
5458,0.254901960784314,256.525509466686,2,0.0501657120039081
5459,0.261624649859944,256.572481572482,2,0.0454810665091231
5460,0.263305322128852,256.619453678277,2,0.0445316588243376
5461,0.264425770308123,256.666425784073,2,0.0439433035345035
5462,0.259943977591036,256.713397889869,2,0.0465144230063947
5463,0.260504201680672,256.760369995664,2,0.0461603719564252
5464,0.272829131652661,256.80734210146,2,0.0405584542537705
5465,0.267226890756303,256.854314207255,2,0.0426203518397957
5466,0.273389355742297,256.901286313051,2,0.0403921571893952
5467,0.277310924369748,256.948258418847,2,0.0394178194855815
5468,0.273949579831933,256.995230524642,2,0.0402327752646841
5469,0.270028011204482,257.042202630438,2,0.0414964707985745
5470,0.272829131652661,257.089174736234,2,0.0405584542537705
5471,0.272268907563025,257.136146842029,2,0.0407317431610217
5472,0.272268907563025,257.183118947825,2,0.0407317431610217
5473,0.264425770308123,257.23009105362,2,0.0439433035345035
5474,0.253221288515406,257.277063159416,2,0.0515846753144745
5475,0.235854341736695,257.324035265212,2,0.0743009601906026
5476,0.214005602240896,257.371007371007,2,0.140458594489107
5477,0.191036414565826,257.417979476803,2,0.310428378858948
5478,0.164705882352941,257.464951582599,1,0.667951147452568
5479,0.139495798319328,257.511923688394,1,0.921866881517767
5480,0.121008403361345,257.55889579419,1,0.98154904233791
5481,0.0868347338935574,257.605867899986,1,0.999270812921576
5482,0.0907563025210084,257.652840005781,1,0.99890879627236
5483,0.100280112044818,257.699812111577,1,0.997192399945078
5484,0.115406162464986,257.746784217372,1,0.988629038475826
5485,0.133333333333333,257.793756323168,1,0.950281111718887
5486,0.149579831932773,257.840728428964,1,0.848251944302899
5487,0.161344537815126,257.887700534759,1,0.714192084829139
5488,0.166386554621849,257.934672640555,1,0.643978175714878
5489,0.170868347338936,257.981644746351,1,0.578458426679693
5490,0.172549019607843,258.028616852146,1,0.553677353559913
5491,0.177591036414566,258.075588957942,2,0.480403245805706
5492,0.186554621848739,258.122561063738,2,0.361559928600192
5493,0.2,258.169533169533,2,0.226879842506765
5494,0.210644257703081,258.216505275329,2,0.157066733293347
5495,0.216806722689076,258.263477381124,2,0.128261606795725
5496,0.219607843137255,258.31044948692,2,0.117399078427169
5497,0.229131652661064,258.357421592716,2,0.0886728967767387
5498,0.221288515406162,258.404393698511,2,0.111463953304766
5499,0.210644257703081,258.451365804307,2,0.157066733293347
5500,0.202240896358543,258.498337910103,2,0.20973873549485
5501,0.205042016806723,258.545310015898,2,0.190238569316353
5502,0.215686274509804,258.592282121694,2,0.132972141046657
5503,0.230252100840336,258.63925422749,2,0.0859869741302575
5504,0.238655462184874,258.686226333285,2,0.0694136214623099
5505,0.250980392156863,258.733198439081,2,0.0536508877748693
5506,0.261064425770308,258.780170544876,2,0.0458159757224549
5507,0.266106442577031,258.827142650672,2,0.0431248220393905
5508,0.254901960784314,258.874114756468,2,0.0501657120039081
5509,0.241456582633053,258.921086862263,2,0.0650714739017278
5510,0.235294117647059,258.968058968059,2,0.075349574733778
5511,0.233053221288515,259.015031073855,2,0.079800232269624
5512,0.231932773109244,259.06200317965,2,0.0821878879586631
5513,0.236414565826331,259.108975285446,2,0.0732767948397886
5514,0.231372549019608,259.155947391242,2,0.083424555748535
5515,0.228011204481793,259.202919497037,2,0.0914882304135175
5516,0.228011204481793,259.249891602833,2,0.0914882304135175
5517,0.228011204481793,259.296863708628,2,0.0914882304135175
5518,0.2296918767507,259.343835814424,2,0.0873141345910562
5519,0.220728291316527,259.39080792022,2,0.113396281467939
5520,0.21624649859944,259.437780026015,2,0.130589620617433
5521,0.211204481792717,259.484752131811,2,0.154138944784335
5522,0.211764705882353,259.531724237607,2,0.151276759646458
5523,0.212324929971989,259.578696343402,2,0.14847889746188
5524,0.211204481792717,259.625668449198,2,0.154138944784335
5525,0.210084033613445,259.672640554994,2,0.160061413933855
5526,0.215686274509804,259.719612660789,2,0.132972141046657
5527,0.227450980392157,259.766584766585,2,0.0929463469686119
5528,0.235294117647059,259.81355687238,2,0.075349574733778
5529,0.226330532212885,259.860528978176,2,0.0959674736836574
5530,0.23249299719888,259.907501083972,2,0.0809800016654873
5531,0.236974789915966,259.954473189767,2,0.0722765182168223
5532,0.236414565826331,260.001445295563,2,0.0732767948397886
5533,0.235854341736695,260.048417401359,2,0.0743009601906026
5534,0.238655462184874,260.095389507154,2,0.0694136214623099
5535,0.248739495798319,260.14236161295,2,0.0559318520429217
5536,0.257142857142857,260.189333718746,2,0.0484357448570732
5537,0.249859943977591,260.236305824541,2,0.0547633945591814
5538,0.247619047619048,260.283277930337,2,0.0571586836398206
5539,0.237535014005602,260.330250036132,2,0.071299583657807
5540,0.219607843137255,260.377222141928,2,0.117399078427169
5541,0.201680672268908,260.424194247724,2,0.213892083946832
5542,0.183193277310924,260.471166353519,2,0.403801430707186
5543,0.162464985994398,260.518138459315,1,0.699072186773792
5544,0.146778711484594,260.565110565111,1,0.872494165265493
5545,0.092436974789916,260.612082670906,1,0.998706229118296
5546,0.0913165266106443,260.659054776702,1,0.998844876676939
5547,0.0974789915966387,260.706026882497,1,0.997862992798632
5548,0.111484593837535,260.752998988293,1,0.9919880294298
5549,0.124929971988796,260.799971094089,1,0.974414147622689
5550,0.132212885154062,260.846943199884,1,0.954357011294339
5551,0.13781512605042,260.89391530568,1,0.930706994374606
5552,0.141176470588235,260.940887411476,1,0.912122675600229
5553,0.155742296918768,260.987859517271,1,0.784198748270018
5554,0.162464985994398,261.034831623067,1,0.699072186773792
5555,0.174229691876751,261.081803728863,1,0.528990284162005
5556,0.185994397759104,261.128775834658,2,0.368378230353302
5557,0.198319327731092,261.175747940454,2,0.240681691881796
5558,0.204481792717087,261.222720046249,2,0.193973798714683
5559,0.20952380952381,261.269692152045,2,0.163124282487767
5560,0.210084033613445,261.316664257841,2,0.160061413933855
5561,0.199439775910364,261.363636363636,2,0.231388641743967
5562,0.198879551820728,261.410608469432,2,0.235988936316761
5563,0.199439775910364,261.457580575228,2,0.231388641743967
5564,0.196638655462185,261.504552681023,2,0.255323591529754
5565,0.194397759103641,261.551524786819,2,0.276189198420622
5566,0.194957983193277,261.598496892615,2,0.270827013825428
5567,0.202240896358543,261.64546899841,2,0.20973873549485
5568,0.210644257703081,261.692441104206,2,0.157066733293347
5569,0.225770308123249,261.739413210001,2,0.0975321348556675
5570,0.228571428571429,261.786385315797,2,0.090064007425782
5571,0.229131652661064,261.833357421593,2,0.0886728967767386
5572,0.231372549019608,261.880329527388,2,0.083424555748535
5573,0.238095238095238,261.927301633184,2,0.0703454580298313
5574,0.246498599439776,261.97427373898,2,0.0584464487377993
5575,0.25546218487395,262.021245844775,2,0.0497163162693664
5576,0.26218487394958,262.068217950571,2,0.0451554816177529
5577,0.264425770308123,262.115190056367,2,0.0439433035345035
5578,0.258263305322129,262.162162162162,2,0.047636261891096
5579,0.257703081232493,262.209134267958,2,0.0480307161828808
5580,0.253781512605042,262.256106373753,2,0.0510996559514405
5581,0.249859943977591,262.303078479549,2,0.0547633945591814
5582,0.25546218487395,262.350050585345,2,0.0497163162693664
5583,0.25546218487395,262.39702269114,2,0.0497163162693664
5584,0.244257703081233,262.443994796936,2,0.0612157362492645
5585,0.234733893557423,262.490966902732,2,0.0764232130046199
5586,0.215686274509804,262.537939008527,2,0.132972141046657
5587,0.189915966386555,262.584911114323,2,0.322630090110826
5588,0.173669467787115,262.631883220119,1,0.537200808450106
5589,0.165266106442577,262.678855325914,1,0.660012677465136
5590,0.171428571428571,262.72582743171,1,0.570195788935526
5591,0.192156862745098,262.772799537505,2,0.298620637961787
5592,0.208403361344538,262.819771643301,2,0.16945979289131
5593,0.231932773109244,262.866743749097,2,0.0821878879586631
5594,0.230812324929972,262.913715854892,2,0.0846906855666082
5595,0.234173669467787,262.960687960688,2,0.0775224638794723
5596,0.241456582633053,263.007660066484,2,0.0650714739017278
5597,0.246498599439776,263.054632172279,2,0.0584464487377993
5598,0.237535014005602,263.101604278075,2,0.071299583657807
5599,0.215686274509804,263.148576383871,2,0.132972141046657
5600,0.195518207282913,263.195548489666,2,0.265562373774198
5601,0.155182072829132,263.242520595462,1,0.790616228598516
5602,0.146778711484594,263.289492701257,1,0.872494165265493
5603,0.129971988795518,263.336464807053,1,0.961645119791548
5604,0.113725490196078,263.383436912849,1,0.990202584704923
5605,0.112044817927171,263.430409018644,1,0.991572443955555
5606,0.127731092436975,263.47738112444,1,0.967889487418614
5607,0.146778711484594,263.524353230236,1,0.872494165265493
5608,0.157983193277311,263.571325336031,1,0.757416891272327
5609,0.153501400560224,263.618297441827,1,0.809171331637421
5610,0.159103641456583,263.665269547623,1,0.743392200570811
5611,0.161904761904762,263.712241653418,1,0.706672314231835
5612,0.164145658263305,263.759213759214,1,0.675830840677035
5613,0.168067226890756,263.806185865009,1,0.619605066272177
5614,0.169187675070028,263.853157970805,1,0.603199928093532
5615,0.163585434173669,263.900130076601,1,0.68364719151985
5616,0.154621848739496,263.947102182396,1,0.796918542682404
5617,0.141176470588235,263.994074288192,1,0.912122675600229
5618,0.134453781512605,264.041046393988,1,0.945895092472556
5619,0.120448179271709,264.088018499783,1,0.982405364515094
5620,0.112605042016807,264.134990605579,1,0.991136919226524
5621,0.118767507002801,264.181962711375,1,0.984761371718303
5622,0.118207282913165,264.22893481717,1,0.985480099583486
5623,0.110924369747899,264.275906922966,1,0.992384504442507
5624,0.112605042016807,264.322879028761,1,0.991136919226524
5625,0.122689075630252,264.369851134557,1,0.978747642121103
5626,0.130532212885154,264.416823240353,1,0.959925923748295
5627,0.134453781512605,264.463795346148,1,0.945895092472556
5628,0.126610644257703,264.510767451944,1,0.970659099954923
5629,0.105882352941176,264.55773955774,1,0.995215534922949
5630,0.084593837535014,264.604711663535,1,0.999422931444941
5631,0.0700280112044818,264.651683769331,1,0.999881681382585
5632,0.0649859943977591,264.698655875127,1,0.999933365494825
5633,0.0296918767507003,264.745627980922,1,0.999999171387512
5634,0.0274509803921569,264.792600086718,1,0.999999386326614
5635,0.0140056022408964,264.839572192513,1,0.999999904107113
5636,0.00560224089635854,264.886544298309,1,0.999999971335765
5637,0.00672268907563025,264.933516404105,1,0.999999966257122
5638,0.00672268907563025,264.9804885099,1,0.999999966257122
5639,0.00504201680672269,265.027460615696,1,0.999999973587238
5640,0.0100840336134454,265.074432721492,1,0.999999945170153
5641,0.00504201680672269,265.121404827287,1,0.999999973587238
5642,0.00840336134453781,265.168376933083,1,0.999999956955613
5643,0.00560224089635854,265.215349038878,1,0.999999971335765
5644,0.00224089635854342,265.262321144674,1,0.99999998249651
5645,0.00504201680672269,265.30929325047,1,0.999999973587238
5646,0.00504201680672269,265.356265356265,1,0.999999973587238
5647,0.00672268907563025,265.403237462061,1,0.999999966257122
5648,0.0128851540616246,265.450209567857,1,0.999999918195747
5649,0.0330532212885154,265.497181673652,1,0.999998706222175
5650,0.0571428571428571,265.544153779448,1,0.999973425928244
5651,0.0952380952380952,265.591125885244,1,0.998287360803447
5652,0.134453781512605,265.638097991039,1,0.945895092472556
5653,0.160224089635854,265.685070096835,1,0.728975144265132
5654,0.178151260504202,265.73204220263,2,0.472458075704991
5655,0.188235294117647,265.779014308426,2,0.341664516405858
5656,0.19327731092437,265.825986414222,2,0.28720783559683
5657,0.181512605042017,265.872958520017,2,0.426049799016496
5658,0.170868347338936,265.919930625813,1,0.578458426679693
5659,0.151820728291317,265.966902731609,1,0.8266523430477
5660,0.129971988795518,266.013874837404,1,0.961645119791548
5661,0.106442577030812,266.0608469432,1,0.994958383892313
5662,0.088515406162465,266.107819048996,1,0.999132443987031
5663,0.0756302521008403,266.154791154791,1,0.999779503134182
5664,0.0672268907563025,266.201763260587,1,0.999913855219527
5665,0.0593837535014006,266.248735366382,1,0.999965331336887
5666,0.0565826330532213,266.295707472178,1,0.999975145093081
5667,0.0464985994397759,266.342679577974,1,0.999992746710678
5668,0.0280112044817927,266.389651683769,1,0.999999338322317
5669,0.0134453781512605,266.436623789565,1,0.999999911423941
5670,0.00504201680672269,266.483595895361,1,0.999999973587238
5671,0.00672268907563025,266.530568001156,1,0.999999966257122
5672,0.0112044817927171,266.577540106952,1,0.999999935622831
5673,0.00560224089635854,266.624512212748,1,0.999999971335765
5674,0.00504201680672269,266.671484318543,1,0.999999973587238
5675,0.00672268907563025,266.718456424339,1,0.999999966257122
5676,0.00504201680672269,266.765428530134,1,0.999999973587238
5677,0.00504201680672269,266.81240063593,1,0.999999973587238
5678,0.00448179271708683,266.859372741726,1,0.999999975665812
5679,0.00336134453781513,266.906344847521,1,0.999999979355155
5680,0.00448179271708683,266.953316953317,1,0.999999975665812
5681,0.00392156862745098,267.000289059113,1,0.999999977584447
5682,0.00448179271708683,267.047261164908,1,0.999999975665812
5683,0.0061624649859944,267.094233270704,1,0.999999968897417
5684,0.00672268907563025,267.141205376499,1,0.999999966257122
5685,0.0061624649859944,267.188177482295,1,0.999999968897417
5686,0.00448179271708683,267.235149588091,1,0.999999975665812
5687,0.00280112044817927,267.282121693886,1,0.99999998098907
5688,0.00392156862745098,267.329093799682,1,0.999999977584447
5689,0.00448179271708683,267.376065905478,1,0.999999975665812
5690,0.0207282913165266,267.423038011273,1,0.999999754566943
5691,0.0543417366946779,267.470010117069,1,0.999981010063016
5692,0.0991596638655462,267.516982222865,1,0.99748148848751
5693,0.136694677871148,267.56395432866,1,0.936124976296944
5694,0.165826330532213,267.610926434456,1,0.652020099832657
5695,0.188235294117647,267.657898540251,2,0.341664516405858
5696,0.201680672268908,267.704870646047,2,0.213892083946832
5697,0.217366946778711,267.751842751843,2,0.125986938192021
5698,0.22296918767507,267.798814857638,2,0.105931072279774
5699,0.224649859943978,267.845786963434,2,0.100773915821301
5700,0.214565826330532,267.89275906923,2,0.137905427399048
5701,0.201120448179272,267.939731175025,2,0.218132637970216
5702,0.196638655462185,267.986703280821,2,0.255323591529754
5703,0.204481792717087,268.033675386617,2,0.193973798714683
5704,0.215126050420168,268.080647492412,2,0.135410345606024
5705,0.224649859943978,268.127619598208,2,0.100773915821301
5706,0.228571428571429,268.174591704003,2,0.090064007425782
5707,0.235294117647059,268.221563809799,2,0.075349574733778
5708,0.242016806722689,268.268535915595,2,0.0642631636701746
5709,0.247619047619048,268.31550802139,2,0.0571586836398206
5710,0.247058823529412,268.362480127186,2,0.0577947840515302
5711,0.242577030812325,268.409452232982,2,0.0634738525539232
5712,0.239775910364146,268.456424338777,2,0.0676148007359003
5713,0.24593837535014,268.503396444573,2,0.059114019937723
5714,0.245378151260504,268.550368550369,2,0.0597978492186256
5715,0.240896358543417,268.597340656164,2,0.0658992176491101
5716,0.241456582633053,268.64431276196,2,0.0650714739017278
5717,0.244257703081232,268.691284867755,2,0.0612157362492645
5718,0.243697478991597,268.738256973551,2,0.0619505457624394
5719,0.240896358543417,268.785229079347,2,0.0658992176491101
5720,0.239775910364146,268.832201185142,2,0.0676148007359003
5721,0.236974789915966,268.879173290938,2,0.0722765182168223
5722,0.235294117647059,268.926145396734,2,0.075349574733778
5723,0.2296918767507,268.973117502529,2,0.0873141345910562
5724,0.22296918767507,269.020089608325,2,0.105931072279774
5725,0.219607843137255,269.067061714121,2,0.117399078427169
5726,0.219607843137255,269.114033819916,2,0.117399078427169
5727,0.221288515406162,269.161005925712,2,0.111463953304766
5728,0.225210084033613,269.207978031507,2,0.0991339919636356
5729,0.221288515406162,269.254950137303,2,0.111463953304766
5730,0.221288515406162,269.301922243099,2,0.111463953304766
5731,0.223529411764706,269.348894348894,2,0.104171539021967
5732,0.228571428571429,269.39586645469,2,0.090064007425782
5733,0.23249299719888,269.442838560486,2,0.0809800016654873
5734,0.234173669467787,269.489810666281,2,0.0775224638794723
5735,0.228571428571429,269.536782772077,2,0.090064007425782
5736,0.228571428571429,269.583754877873,2,0.090064007425782
5737,0.221288515406162,269.630726983668,2,0.111463953304766
5738,0.223529411764706,269.677699089464,2,0.104171539021967
5739,0.224089635854342,269.724671195259,2,0.102452795616784
5740,0.224649859943978,269.771643301055,2,0.100773915821301
5741,0.225770308123249,269.818615406851,2,0.0975321348556675
5742,0.229131652661064,269.865587512646,2,0.0886728967767387
5743,0.233053221288515,269.912559618442,2,0.079800232269624
5744,0.235294117647059,269.959531724238,2,0.075349574733778
5745,0.2296918767507,270.006503830033,2,0.0873141345910562
5746,0.228011204481793,270.053475935829,2,0.0914882304135175
5747,0.225210084033613,270.100448041625,2,0.0991339919636356
5748,0.221848739495798,270.14742014742,2,0.109576306533017
5749,0.217366946778711,270.194392253216,2,0.125986938192021
5750,0.208403361344538,270.241364359011,2,0.16945979289131
5751,0.198879551820728,270.288336464807,2,0.235988936316761
5752,0.192156862745098,270.335308570603,2,0.298620637961787
5753,0.198319327731092,270.382280676398,2,0.240681691881796
5754,0.179271708683473,270.429252782194,2,0.456734210126227
5755,0.176470588235294,270.47622488799,2,0.496440962449082
5756,0.161344537815126,270.523196993785,1,0.714192084829139
5757,0.122128851540616,270.570169099581,1,0.979721630744829
5758,0.101960784313725,270.617141205377,1,0.996699588478183
5759,0.0918767507002801,270.664113311172,1,0.998777415487261
5760,0.0700280112044818,270.711085416968,1,0.999881681382585
5761,0.0700280112044818,270.758057522763,1,0.999881681382585
5762,0.0532212885154062,270.805029628559,1,0.999983417256262
5763,0.0459383753501401,270.852001734355,1,0.999993236830371
5764,0.0369747899159664,270.89897384015,1,0.999997840195374
5765,0.019047619047619,270.945945945946,1,0.999999805532406
5766,0.0291316526610644,270.992918051742,1,0.999999231128825
5767,0.0492997198879552,271.039890157537,1,0.999989733985621
5768,0.0532212885154062,271.086862263333,1,0.999983417256262
5769,0.0873949579831933,271.133834369129,1,0.99922720670534
5770,0.0991596638655462,271.180806474924,1,0.99748148848751
5771,0.115966386554622,271.22777858072,1,0.9880547268893
5772,0.126050420168067,271.274750686515,1,0.971962255719139
5773,0.128851540616246,271.321722792311,1,0.964889885033869
5774,0.135014005602241,271.368694898107,1,0.9435805062457
5775,0.149019607843137,271.415667003902,1,0.85334478030418
5776,0.16078431372549,271.462639109698,1,0.721627605419429
5777,0.159103641456583,271.509611215494,1,0.74339220057081
5778,0.162464985994398,271.556583321289,1,0.699072186773792
5779,0.169747899159664,271.603555427085,1,0.594965540822835
5780,0.177591036414566,271.650527532881,2,0.480403245805706
5781,0.186554621848739,271.697499638676,2,0.361559928600192
5782,0.191596638655462,271.744471744472,2,0.304475158896413
5783,0.194957983193277,271.791443850267,2,0.270827013825428
5784,0.196078431372549,271.838415956063,2,0.260394763976012
5785,0.180952380952381,271.885388061859,2,0.433617379001415
5786,0.177591036414566,271.932360167654,2,0.480403245805706
5787,0.166386554621849,271.97933227345,1,0.643978175714878
5788,0.150140056022409,272.026304379246,1,0.843036248399704
5789,0.130532212885154,272.073276485041,1,0.959925923748295
5790,0.103081232492997,272.120248590837,1,0.996327019846394
5791,0.0644257703081232,272.167220696633,1,0.999937534482952
5792,0.0330532212885154,272.214192802428,1,0.999998706222175
5793,0.0128851540616246,272.261164908224,1,0.999999918195747
5794,0.00672268907563025,272.308137014019,1,0.999999966257122
5795,0.00224089635854342,272.355109119815,1,0.99999998249651
5796,0.00560224089635854,272.402081225611,1,0.999999971335765
5797,0.00952380952380952,272.449053331406,1,0.999999949411248
5798,0.00896358543417367,272.496025437202,1,0.999999953331863
5799,0.0140056022408964,272.542997542998,1,0.999999904107113
5800,0.0207282913165266,272.589969648793,1,0.999999754566943
5801,0.0621848739495798,272.636941754589,1,0.999951838541713
5802,0.0817927170868347,272.683913860384,1,0.999570849260565
5803,0.116526610644258,272.73088596618,1,0.987453786142387
5804,0.150140056022409,272.777858071976,1,0.843036248399704
5805,0.179271708683473,272.824830177771,2,0.456734210126227
5806,0.202240896358543,272.871802283567,2,0.20973873549485
5807,0.219607843137255,272.918774389363,2,0.117399078427169
5808,0.230812324929972,272.965746495158,2,0.0846906855666082
5809,0.247619047619048,273.012718600954,2,0.0571586836398206
5810,0.260504201680672,273.05969070675,2,0.0461603719564252
5811,0.273949579831933,273.106662812545,2,0.0402327752646841
5812,0.278991596638655,273.153634918341,2,0.0390984728868202
5813,0.275070028011204,273.200607024136,2,0.0399344666131725
5814,0.267226890756303,273.247579129932,2,0.0426203518397957
5815,0.25266106442577,273.294551235728,2,0.0520820517184501
5816,0.23921568627451,273.341523341523,2,0.0685035670796927
5817,0.248179271708683,273.388495447319,2,0.056537814377446
5818,0.250980392156863,273.435467553115,2,0.0536508877748693
5819,0.254901960784314,273.48243965891,2,0.0501657120039081
5820,0.263865546218487,273.529411764706,2,0.044233120021995
5821,0.272829131652661,273.576383870502,2,0.0405584542537705
5822,0.277310924369748,273.623355976297,2,0.0394178194855815
5823,0.280112044817927,273.670328082093,2,0.0389172736534827
5824,0.281792717086835,273.717300187888,2,0.0386922011101775
5825,0.287955182072829,273.764272293684,2,0.0383353002996315
5826,0.287955182072829,273.81124439948,2,0.0383353002996314
5827,0.284593837535014,273.858216505275,2,0.038439562714697
5828,0.276750700280112,273.905188611071,2,0.0395371383525873
5829,0.259943977591036,273.952160716867,2,0.0465144230063947
5830,0.238655462184874,273.999132822662,2,0.0694136214623099
5831,0.214005602240896,274.046104928458,2,0.140458594489107
5832,0.199439775910364,274.093077034254,2,0.231388641743967
5833,0.188235294117647,274.140049140049,2,0.341664516405858
5834,0.19047619047619,274.187021245845,2,0.316480121128861
5835,0.197759103641457,274.23399335164,2,0.245467823198574
5836,0.207843137254902,274.280965457436,2,0.172735047998205
5837,0.214565826330532,274.327937563232,2,0.137905427399048
5838,0.222408963585434,274.374909669027,2,0.10773234026735
5839,0.231372549019608,274.421881774823,2,0.083424555748535
5840,0.241456582633053,274.468853880619,2,0.0650714739017278
5841,0.248739495798319,274.515825986414,2,0.0559318520429217
5842,0.257703081232493,274.56279809221,2,0.0480307161828807
5843,0.268347338935574,274.609770198005,2,0.042147704620908
5844,0.274509803921569,274.656742303801,2,0.0400802351048689
5845,0.277310924369748,274.703714409597,2,0.0394178194855815
5846,0.277310924369748,274.750686515392,2,0.0394178194855815
5847,0.275070028011205,274.797658621188,2,0.0399344666131725
5848,0.271708683473389,274.844630726984,2,0.0409121039955583
5849,0.274509803921569,274.891602832779,2,0.0400802351048689
5850,0.26890756302521,274.938574938575,2,0.0419230338584808
5851,0.253781512605042,274.985547044371,2,0.0510996559514405
5852,0.2296918767507,275.032519150166,2,0.0873141345910562
5853,0.202801120448179,275.079491255962,2,0.205671432592916
5854,0.171988795518207,275.126463361757,1,0.5619337783019
5855,0.135574229691877,275.173435467553,1,0.941182039543258
5856,0.105322128851541,275.220407573349,1,0.995460362590468
5857,0.0649859943977591,275.267379679144,1,0.999933365494825
5858,0.0549019607843137,275.31435178494,1,0.999979683383264
5859,0.0420168067226891,275.361323890736,1,0.999995874422321
5860,0.0341736694677871,275.408295996531,1,0.999998501009221
5861,0.0341736694677871,275.455268102327,1,0.999998501009221
5862,0.0515406162464986,275.502240208123,1,0.999986484652844
5863,0.0817927170868347,275.549212313918,1,0.999570849260565
5864,0.110924369747899,275.596184419714,1,0.992384504442507
5865,0.150700280112045,275.643156525509,1,0.837697641237715
5866,0.172549019607843,275.690128631305,1,0.553677353559913
5867,0.202240896358543,275.737100737101,2,0.20973873549485
5868,0.22296918767507,275.784072842896,2,0.105931072279774
5869,0.234733893557423,275.831044948692,2,0.0764232130046199
5870,0.245378151260504,275.878017054488,2,0.0597978492186256
5871,0.257142857142857,275.924989160283,2,0.0484357448570733
5872,0.266666666666667,275.971961266079,2,0.0428685509064329
5873,0.270588235294118,276.018933371875,2,0.041294379023051
5874,0.273389355742297,276.06590547767,2,0.0403921571893952
5875,0.267787114845938,276.112877583466,2,0.0423801075073241
5876,0.261624649859944,276.159849689261,2,0.0454810665091231
5877,0.259943977591036,276.206821795057,2,0.0465144230063947
5878,0.254901960784314,276.253793900853,2,0.0501657120039081
5879,0.242577030812325,276.300766006648,2,0.0634738525539232
5880,0.224089635854342,276.347738112444,2,0.102452795616784
5881,0.223529411764706,276.39471021824,2,0.104171539021967
5882,0.220168067226891,276.441682324035,2,0.115374310509624
5883,0.208403361344538,276.488654429831,2,0.16945979289131
5884,0.197198879551821,276.535626535627,2,0.250348189798963
5885,0.183193277310924,276.582598641422,2,0.403801430707186
5886,0.156862745098039,276.629570747218,1,0.771025832946886
5887,0.114285714285714,276.676542853013,1,0.98970196299247
5888,0.076750700280112,276.723514958809,1,0.999750756706005
5889,0.0492997198879552,276.770487064605,1,0.999989733985621
5890,0.0240896358543417,276.8174591704,1,0.999999610772979
5891,0.00504201680672269,276.864431276196,1,0.999999973587238
5892,0.00504201680672269,276.911403381992,1,0.999999973587238
5893,0.00728291316526611,276.958375487787,1,0.999999963398629
5894,0.00448179271708683,277.005347593583,1,0.999999975665812
5895,0.0061624649859944,277.052319699379,1,0.999999968897417
5896,0.0156862745098039,277.099291805174,1,0.999999878444697
5897,0.0061624649859944,277.14626391097,1,0.999999968897417
5898,0.00392156862745098,277.193236016765,1,0.999999977584447
5899,0.00560224089635854,277.240208122561,1,0.999999971335765
5900,0.00672268907563025,277.287180228357,1,0.999999966257122
5901,0.00504201680672269,277.334152334152,1,0.999999973587238
5902,0.0061624649859944,277.381124439948,1,0.999999968897417
5903,0.0151260504201681,277.428096545744,1,0.999999887664979
5904,0.0263305322128852,277.475068651539,1,0.999999472396595
5905,0.0918767507002801,277.522040757335,1,0.998777415487261
5906,0.13109243697479,277.569012863131,1,0.958139527589285
5907,0.16750700280112,277.615984968926,1,0.627765721614619
5908,0.188235294117647,277.662957074722,2,0.341664516405858
5909,0.211764705882353,277.709929180517,2,0.151276759646458
5910,0.238095238095238,277.756901286313,2,0.0703454580298313
5911,0.251540616246499,277.803873392109,2,0.053114894215835
5912,0.247058823529412,277.850845497904,2,0.0577947840515302
5913,0.238095238095238,277.8978176037,2,0.0703454580298313
5914,0.230812324929972,277.944789709496,2,0.0846906855666082
5915,0.233053221288515,277.991761815291,2,0.079800232269624
5916,0.234173669467787,278.038733921087,2,0.0775224638794723
5917,0.223529411764706,278.085706026883,2,0.104171539021967
5918,0.206162464985994,278.132678132678,2,0.183006504695312
5919,0.198879551820728,278.179650238474,2,0.235988936316761
5920,0.188795518207283,278.226622344269,2,0.335222902234861
5921,0.201120448179272,278.273594450065,2,0.218132637970216
5922,0.199439775910364,278.320566555861,2,0.231388641743967
5923,0.196638655462185,278.367538661656,2,0.255323591529754
5924,0.197759103641457,278.414510767452,2,0.245467823198574
5925,0.206162464985994,278.461482873248,2,0.183006504695312
5926,0.210644257703081,278.508454979043,2,0.157066733293347
5927,0.203921568627451,278.555427084839,2,0.19779018733207
5928,0.192717086834734,278.602399190635,2,0.292864878876087
5929,0.177591036414566,278.64937129643,2,0.480403245805706
5930,0.16078431372549,278.696343402226,1,0.721627605419429
5931,0.14453781512605,278.743315508021,1,0.889721867036949
5932,0.138935574229692,278.790287613817,1,0.924911400696496
5933,0.132212885154062,278.837259719613,1,0.954357011294339
5934,0.129411764705882,278.884231825408,1,0.963299115886156
5935,0.143977591036415,278.931203931204,1,0.893736206995536
5936,0.166946778711485,278.978176037,1,0.635891746488081
5937,0.193837535014006,279.025148142795,2,0.281649358290742
5938,0.2,279.072120248591,2,0.226879842506765
5939,0.205042016806723,279.119092354387,2,0.190238569316353
5940,0.208963585434174,279.166064460182,2,0.166256640330474
5941,0.208403361344538,279.213036565978,2,0.16945979289131
5942,0.212885154061625,279.260008671773,2,0.145744087373625
5943,0.217366946778711,279.306980777569,2,0.125986938192021
5944,0.224089635854342,279.353952883365,2,0.102452795616784
5945,0.228011204481793,279.40092498916,2,0.0914882304135175
5946,0.224089635854342,279.447897094956,2,0.102452795616784
5947,0.220168067226891,279.494869200752,2,0.115374310509624
5948,0.220728291316527,279.541841306547,2,0.113396281467939
5949,0.219607843137255,279.588813412343,2,0.117399078427169
5950,0.220168067226891,279.635785518139,2,0.115374310509624
5951,0.212885154061625,279.682757623934,2,0.145744087373625
5952,0.208963585434174,279.72972972973,2,0.166256640330474
5953,0.198879551820728,279.776701835525,2,0.235988936316761
5954,0.184873949579832,279.823673941321,2,0.382286349026419
5955,0.155742296918768,279.870646047117,1,0.784198748270018
5956,0.127170868347339,279.917618152912,1,0.969302114627511
5957,0.115966386554622,279.964590258708,1,0.9880547268893
5958,0.128291316526611,280.011562364504,1,0.966419371163723
5959,0.155182072829132,280.058534470299,1,0.790616228598516
5960,0.170868347338936,280.105506576095,1,0.578458426679693
5961,0.19047619047619,280.15247868189,2,0.316480121128861
5962,0.204481792717087,280.199450787686,2,0.193973798714683
5963,0.205042016806723,280.246422893482,2,0.190238569316353
5964,0.189915966386555,280.293394999277,2,0.322630090110826
5965,0.18375350140056,280.340367105073,2,0.396545252639417
5966,0.188235294117647,280.387339210869,2,0.341664516405858
5967,0.180952380952381,280.434311316664,2,0.433617379001415
5968,0.16078431372549,280.48128342246,1,0.721627605419429
5969,0.134453781512605,280.528255528256,1,0.945895092472556
5970,0.106442577030812,280.575227634051,1,0.994958383892313
5971,0.0812324929971989,280.622199739847,1,0.999595728605464
5972,0.0672268907563025,280.669171845642,1,0.999913855219527
5973,0.0571428571428571,280.716143951438,1,0.999973425928244
5974,0.0509803921568627,280.763116057234,1,0.99998737950014
5975,0.0425770308123249,280.810088163029,1,0.99999557041948
5976,0.0319327731092437,280.857060268825,1,0.999998884065507
5977,0.026890756302521,280.904032374621,1,0.999999430940528
5978,0.0235294117647059,280.951004480416,1,0.999999639420738
5979,0.0196078431372549,280.997976586212,1,0.999999789809566
5980,0.0196078431372549,281.044948692008,1,0.999999789809566
5981,0.026890756302521,281.091920797803,1,0.999999430940528
5982,0.0330532212885154,281.138892903599,1,0.999998706222175
5983,0.0319327731092437,281.185865009394,1,0.999998884065507
5984,0.0235294117647059,281.23283711519,1,0.999999639420738
5985,0.019047619047619,281.279809220986,1,0.999999805532406
5986,0.0201680672268908,281.326781326781,1,0.999999772852366
5987,0.0207282913165266,281.373753432577,1,0.999999754566943
5988,0.0240896358543417,281.420725538373,1,0.999999610772979
5989,0.026890756302521,281.467697644168,1,0.999999430940528
5990,0.0313725490196078,281.514669749964,1,0.9999989638502
5991,0.038655462184874,281.56164185576,1,0.999997316271856
5992,0.0431372549019608,281.608613961555,1,0.999995244786834
5993,0.0313725490196078,281.655586067351,1,0.9999989638502
5994,0.053781512605042,281.702558173146,1,0.999982252990164
5995,0.0784313725490196,281.749530278942,1,0.99970082598601
5996,0.0918767507002801,281.796502384738,1,0.998777415487261
5997,0.096358543417367,281.843474490533,1,0.998086265733585
5998,0.109803921568627,281.890446596329,1,0.993123291343826
5999,0.13781512605042,281.937418702125,1,0.930706994374606
6000,0.162464985994398,281.98439080792,1,0.699072186773792
6001,0.179271708683473,282.031362913716,2,0.456734210126227
6002,0.19047619047619,282.078335019512,2,0.316480121128861
6003,0.191596638655462,282.125307125307,2,0.304475158896413
6004,0.182072829131653,282.172279231103,2,0.418556167060312
6005,0.180952380952381,282.219251336898,2,0.433617379001415
6006,0.187675070028011,282.266223442694,2,0.348201890249528
6007,0.185994397759104,282.31319554849,2,0.368378230353302
6008,0.175350140056022,282.360167654285,1,0.512648081379669
6009,0.154621848739496,282.407139760081,1,0.796918542682404
6010,0.152380952380952,282.454111865877,1,0.820946420646599
6011,0.151820728291317,282.501083971672,1,0.8266523430477
6012,0.155742296918768,282.548056077468,1,0.784198748270018
6013,0.164145658263305,282.595028183263,1,0.675830840677035
6014,0.173669467787115,282.642000289059,1,0.537200808450106
6015,0.179831932773109,282.688972394855,2,0.448962707619833
6016,0.18375350140056,282.73594450065,2,0.396545252639417
6017,0.194957983193277,282.782916606446,2,0.270827013825428
6018,0.198879551820728,282.829888712242,2,0.235988936316761
6019,0.205042016806723,282.876860818037,2,0.190238569316353
6020,0.21344537815126,282.923832923833,2,0.143071069205654
6021,0.221288515406162,282.970805029629,2,0.111463953304766
6022,0.231372549019608,283.017777135424,2,0.083424555748535
6023,0.236414565826331,283.06474924122,2,0.0732767948397886
6024,0.240336134453782,283.111721347015,2,0.0667468407508129
6025,0.254341736694678,283.158693452811,2,0.0506267478251039
6026,0.249859943977591,283.205665558607,2,0.0547633945591814
6027,0.248739495798319,283.252637664402,2,0.0559318520429217
6028,0.248739495798319,283.299609770198,2,0.0559318520429217
6029,0.250420168067227,283.346581875994,2,0.0542002936541327
6030,0.247058823529412,283.393553981789,2,0.0577947840515302
6031,0.238655462184874,283.440526087585,2,0.0694136214623099
6032,0.230812324929972,283.487498193381,2,0.0846906855666082
6033,0.207282913165266,283.534470299176,2,0.176083714102236
6034,0.202240896358543,283.581442404972,2,0.20973873549485
6035,0.201680672268908,283.628414510767,2,0.213892083946832
6036,0.207843137254902,283.675386616563,2,0.172735047998205
6037,0.214565826330532,283.722358722359,2,0.137905427399048
6038,0.21624649859944,283.769330828154,2,0.130589620617433
6039,0.221848739495798,283.81630293395,2,0.109576306533017
6040,0.226890756302521,283.863275039746,2,0.094439155878673
6041,0.216806722689076,283.910247145541,2,0.128261606795725
6042,0.214565826330532,283.957219251337,2,0.137905427399048
6043,0.211204481792717,284.004191357133,2,0.154138944784335
6044,0.208963585434174,284.051163462928,2,0.166256640330474
6045,0.205042016806723,284.098135568724,2,0.190238569316353
6046,0.194397759103641,284.145107674519,2,0.276189198420622
6047,0.173109243697479,284.192079780315,1,0.545431418039036
6048,0.152941176470588,284.239051886111,1,0.81511913389232
6049,0.128291316526611,284.286023991906,1,0.966419371163723
6050,0.0935574229691877,284.332996097702,1,0.998551902402431
6051,0.0470588235294118,284.379968203498,1,0.999992222334266
6052,0.0151260504201681,284.426940309293,1,0.999999887664979
6053,0.00560224089635854,284.473912415089,1,0.999999971335765
6054,0.0061624649859944,284.520884520885,1,0.999999968897417
6055,0.00672268907563025,284.56785662668,1,0.999999966257122
6056,0.00560224089635854,284.614828732476,1,0.999999971335765
6057,0.0106442577030812,284.661800838271,1,0.999999940583144
6058,0.0123249299719888,284.708772944067,1,0.999999924462087
6059,0.0128851540616246,284.755745049863,1,0.999999918195747
6060,0.00952380952380952,284.802717155658,1,0.999999949411248
6061,0.00504201680672269,284.849689261454,1,0.999999973587238
6062,0.0061624649859944,284.89666136725,1,0.999999968897417
6063,0.0196078431372549,284.943633473045,1,0.999999789809566
6064,0.0397759103641457,284.990605578841,1,0.999996900661367
6065,0.0526610644257703,285.037577684637,1,0.999984507656282
6066,0.0857142857142857,285.084549790432,1,0.999351102811366
6067,0.0896358543417367,285.131521896228,1,0.999026703423987
6068,0.0851540616246499,285.178494002023,1,0.999388019895116
6069,0.0946778711484594,285.225466107819,1,0.998380246177769
6070,0.0997198879551821,285.272438213615,1,0.997340644338978
6071,0.122128851540616,285.31941031941,1,0.979721630744829
6072,0.163025210084034,285.366382425206,1,0.691395748890989
6073,0.203921568627451,285.413354531002,2,0.19779018733207
6074,0.229131652661064,285.460326636797,2,0.0886728967767387
6075,0.256022408963585,285.507298742593,2,0.0492783349604649
6076,0.270588235294118,285.554270848389,2,0.0412943790230511
6077,0.279551820728291,285.601242954184,2,0.039004732730844
6078,0.285714285714286,285.64821505998,2,0.0383808287412194
6079,0.281792717086835,285.695187165775,2,0.0386922011101775
6080,0.273389355742297,285.742159271571,2,0.0403921571893952
6081,0.257703081232493,285.789131377367,2,0.0480307161828807
6082,0.240336134453782,285.836103483162,2,0.0667468407508129
6083,0.219607843137255,285.883075588958,2,0.117399078427169
6084,0.211764705882353,285.930047694754,2,0.151276759646458
6085,0.215686274509804,285.977019800549,2,0.132972141046657
6086,0.221848739495798,286.023991906345,2,0.109576306533017
6087,0.224649859943978,286.070964012141,2,0.100773915821301
6088,0.221848739495798,286.117936117936,2,0.109576306533017
6089,0.228011204481793,286.164908223732,2,0.0914882304135175
6090,0.224089635854342,286.211880329527,2,0.102452795616784
6091,0.219047619047619,286.258852435323,2,0.119471641598086
6092,0.207843137254902,286.305824541119,2,0.172735047998205
6093,0.2,286.352796646914,2,0.226879842506765
6094,0.200560224089636,286.39976875271,2,0.222461526248395
6095,0.208403361344538,286.446740858506,2,0.16945979289131
6096,0.215126050420168,286.493712964301,2,0.135410345606024
6097,0.228011204481793,286.540685070097,2,0.0914882304135175
6098,0.227450980392157,286.587657175893,2,0.0929463469686119
6099,0.231932773109244,286.634629281688,2,0.0821878879586631
6100,0.238655462184874,286.681601387484,2,0.0694136214623099
6101,0.24593837535014,286.728573493279,2,0.0591140199377231
6102,0.246498599439776,286.775545599075,2,0.0584464487377993
6103,0.23921568627451,286.822517704871,2,0.0685035670796927
6104,0.23249299719888,286.869489810666,2,0.0809800016654873
6105,0.242016806722689,286.916461916462,2,0.0642631636701746
6106,0.242577030812325,286.963434022258,2,0.0634738525539232
6107,0.244817927170868,287.010406128053,2,0.0604982976946113
6108,0.247619047619048,287.057378233849,2,0.0571586836398206
6109,0.252100840336134,287.104350339644,2,0.0525920380039805
6110,0.25266106442577,287.15132244544,2,0.0520820517184501
6111,0.243697478991597,287.198294551236,2,0.0619505457624394
6112,0.233613445378151,287.245266657031,2,0.0786479308455247
6113,0.231372549019608,287.292238762827,2,0.083424555748535
6114,0.226330532212885,287.339210868623,2,0.0959674736836574
6115,0.221848739495798,287.386182974418,2,0.109576306533017
6116,0.220728291316527,287.433155080214,2,0.113396281467939
6117,0.225770308123249,287.48012718601,2,0.0975321348556675
6118,0.229131652661064,287.527099291805,2,0.0886728967767387
6119,0.227450980392157,287.574071397601,2,0.0929463469686119
6120,0.223529411764706,287.621043503396,2,0.104171539021967
6121,0.212324929971989,287.668015609192,2,0.14847889746188
6122,0.218487394957983,287.714987714988,2,0.121593074608504
6123,0.214005602240896,287.761959820783,2,0.140458594489107
6124,0.201680672268908,287.808931926579,2,0.213892083946832
6125,0.194397759103641,287.855904032375,2,0.276189198420622
6126,0.187114845938375,287.90287613817,2,0.354834063158658
6127,0.166946778711485,287.949848243966,1,0.635891746488081
6128,0.143417366946779,287.996820349762,1,0.897636134770591
6129,0.112044817927171,288.043792455557,1,0.991572443955555
6130,0.118207282913165,288.090764561353,1,0.985480099583486
6131,0.122128851540616,288.137736667148,1,0.979721630744829
6132,0.100840336134454,288.184708772944,1,0.99703639554952
6133,0.100840336134454,288.23168087874,1,0.99703639554952
6134,0.100280112044818,288.278652984535,1,0.997192399945078
6135,0.053781512605042,288.325625090331,1,0.999982252990164
6136,0.0140056022408964,288.372597196127,1,0.999999904107113
6137,0.00448179271708683,288.419569301922,1,0.999999975665812
6138,0.00672268907563025,288.466541407718,1,0.999999966257122
6139,0.00784313725490196,288.513513513514,1,0.999999960304419
6140,0.00448179271708683,288.560485619309,1,0.999999975665812
6141,0.00280112044817927,288.607457725105,1,0.99999998098907
6142,0.00896358543417367,288.6544298309,1,0.999999953331863
6143,0.0201680672268908,288.701401936696,1,0.999999772852366
6144,0.0274509803921569,288.748374042492,1,0.999999386326614
6145,0.0408963585434174,288.795346148287,1,0.999996423009552
6146,0.0750700280112045,288.842318254083,1,0.999792658750417
6147,0.0644257703081232,288.889290359879,1,0.999937534482952
6148,0.053781512605042,288.936262465674,1,0.999982252990164
6149,0.0941176470588235,288.98323457147,1,0.998468349662353
6150,0.119887955182073,289.030206677266,1,0.983225298532168
6151,0.125490196078431,289.077178783061,1,0.973213358370705
6152,0.149019607843137,289.124150888857,1,0.85334478030418
6153,0.155182072829132,289.171122994652,1,0.790616228598516
6154,0.145098039215686,289.218095100448,1,0.885591725311595
6155,0.135014005602241,289.265067206244,1,0.9435805062457
6156,0.126610644257703,289.312039312039,1,0.970659099954923
6157,0.105882352941176,289.359011417835,1,0.995215534922949
6158,0.0868347338935574,289.405983523631,1,0.999270812921576
6159,0.0913165266106443,289.452955629426,1,0.998844876676939
6160,0.116526610644258,289.499927735222,1,0.987453786142387
6161,0.135014005602241,289.546899841018,1,0.9435805062457
6162,0.135574229691877,289.593871946813,1,0.941182039543258
6163,0.136134453781513,289.640844052609,1,0.938697569226325
6164,0.131652661064426,289.687816158404,1,0.956283906091353
6165,0.129971988795518,289.7347882642,1,0.961645119791548
6166,0.128851540616247,289.781760369996,1,0.964889885033869
6167,0.129411764705882,289.828732475791,1,0.963299115886156
6168,0.130532212885154,289.875704581587,1,0.959925923748295
6169,0.137254901960784,289.922676687383,1,0.933462150366168
6170,0.135014005602241,289.969648793178,1,0.9435805062457
6171,0.127731092436975,290.016620898974,1,0.967889487418614
6172,0.122128851540616,290.06359300477,1,0.979721630744829
6173,0.128291316526611,290.110565110565,1,0.966419371163723
6174,0.152380952380952,290.157537216361,1,0.820946420646599
6175,0.19047619047619,290.204509322156,2,0.316480121128861
6176,0.219607843137255,290.251481427952,2,0.117399078427169
6177,0.231372549019608,290.298453533748,2,0.083424555748535
6178,0.252100840336134,290.345425639543,2,0.0525920380039805
6179,0.27843137254902,290.392397745339,2,0.0391985366231322
6180,0.292997198879552,290.439369851135,2,0.038583447009159
6181,0.296358543417367,290.48634195693,2,0.0390224880732526
6182,0.297478991596639,290.533314062726,2,0.0392187558370206
6183,0.296918767507003,290.580286168521,2,0.0391174558584947
6184,0.297478991596639,290.627258274317,2,0.0392187558370206
6185,0.285714285714286,290.674230380113,2,0.0383808287412194
6186,0.280672268907563,290.721202485908,2,0.0388360560460302
6187,0.270588235294118,290.768174591704,2,0.0412943790230511
6188,0.248739495798319,290.8151466975,2,0.0559318520429217
6189,0.225770308123249,290.862118803295,2,0.0975321348556675
6190,0.210644257703081,290.909090909091,2,0.157066733293347
6191,0.206162464985994,290.956063014887,2,0.183006504695312
6192,0.205042016806723,291.003035120682,2,0.190238569316353
6193,0.205042016806723,291.050007226478,2,0.190238569316353
6194,0.196078431372549,291.096979332273,2,0.260394763976012
6195,0.184313725490196,291.143951438069,2,0.38937287559427
6196,0.149019607843137,291.190923543865,1,0.85334478030418
6197,0.107002801120448,291.23789564966,1,0.994688342447919
6198,0.0717086834733894,291.284867755456,1,0.999857143472705
6199,0.049859943977591,291.331839861252,1,0.999989000729409
6200,0.065546218487395,291.378811967047,1,0.999928929811688
6201,0.0957983193277311,291.425784072843,1,0.998189451667232
6202,0.0918767507002801,291.472756178639,1,0.998777415487261
6203,0.0784313725490196,291.519728284434,1,0.99970082598601
6204,0.0532212885154062,291.56670039023,1,0.999983417256262
6205,0.0296918767507003,291.613672496025,1,0.999999171387512
6206,0.0173669467787115,291.660644601821,1,0.999999846139363
6207,0.019047619047619,291.707616707617,1,0.999999805532406
6208,0.0235294117647059,291.754588813412,1,0.999999639420738
6209,0.0414565826330532,291.801560919208,1,0.999996158184582
6210,0.0711484593837535,291.848533025004,1,0.99986581980976
6211,0.102521008403361,291.895505130799,1,0.996517985283779
6212,0.126610644257703,291.942477236595,1,0.970659099954923
6213,0.148459383753501,291.989449342391,1,0.858314971887361
6214,0.170868347338936,292.036421448186,1,0.578458426679693
6215,0.184313725490196,292.083393553982,2,0.38937287559427
6216,0.185994397759104,292.130365659777,2,0.368378230353302
6217,0.205602240896359,292.177337765573,2,0.186583231459786
6218,0.199439775910364,292.224309871369,2,0.231388641743967
6219,0.196638655462185,292.271281977164,2,0.255323591529754
6220,0.200560224089636,292.31825408296,2,0.222461526248395
6221,0.207282913165266,292.365226188756,2,0.176083714102236
6222,0.208403361344538,292.412198294551,2,0.16945979289131
6223,0.201680672268908,292.459170400347,2,0.213892083946832
6224,0.195518207282913,292.506142506143,2,0.265562373774198
6225,0.191036414565826,292.553114611938,2,0.310428378858948
6226,0.185994397759104,292.600086717734,2,0.368378230353302
6227,0.182072829131653,292.647058823529,2,0.418556167060312
6228,0.180952380952381,292.694030929325,2,0.433617379001415
6229,0.175350140056022,292.741003035121,1,0.512648081379669
6230,0.168627450980392,292.787975140916,1,0.611414788809156
6231,0.164705882352941,292.834947246712,1,0.667951147452568
6232,0.16750700280112,292.881919352508,1,0.627765721614619
6233,0.189355742296919,292.928891458303,2,0.328877866445717
6234,0.207843137254902,292.975863564099,2,0.172735047998205
6235,0.220728291316527,293.022835669895,2,0.113396281467939
6236,0.219607843137255,293.06980777569,2,0.117399078427169
6237,0.224089635854342,293.116779881486,2,0.102452795616784
6238,0.236414565826331,293.163751987281,2,0.0732767948397886
6239,0.239775910364146,293.210724093077,2,0.0676148007359003
6240,0.234733893557423,293.257696198873,2,0.0764232130046199
6241,0.238095238095238,293.304668304668,2,0.0703454580298313
6242,0.234733893557423,293.351640410464,2,0.0764232130046199
6243,0.231372549019608,293.39861251626,2,0.083424555748535
6244,0.230812324929972,293.445584622055,2,0.0846906855666082
6245,0.228571428571429,293.492556727851,2,0.090064007425782
6246,0.227450980392157,293.539528833647,2,0.0929463469686119
6247,0.226330532212885,293.586500939442,2,0.0959674736836574
6248,0.223529411764706,293.633473045238,2,0.104171539021967
6249,0.2296918767507,293.680445151033,2,0.0873141345910562
6250,0.228011204481793,293.727417256829,2,0.0914882304135175
6251,0.228011204481793,293.774389362625,2,0.0914882304135175
6252,0.228011204481793,293.82136146842,2,0.0914882304135175
6253,0.219047619047619,293.868333574216,2,0.119471641598086
6254,0.20672268907563,293.915305680012,2,0.179507098377934
6255,0.201120448179272,293.962277785807,2,0.218132637970216
6256,0.202240896358543,294.009249891603,2,0.20973873549485
6257,0.189355742296919,294.056221997398,2,0.328877866445717
6258,0.19047619047619,294.103194103194,2,0.316480121128861
6259,0.192156862745098,294.15016620899,2,0.298620637961787
6260,0.198319327731092,294.197138314785,2,0.240681691881796
6261,0.205602240896359,294.244110420581,2,0.186583231459786
6262,0.207843137254902,294.291082526377,2,0.172735047998205
6263,0.220168067226891,294.338054632172,2,0.115374310509624
6264,0.240896358543417,294.385026737968,2,0.0658992176491101
6265,0.253781512605042,294.431998843764,2,0.0510996559514405
6266,0.275070028011205,294.478970949559,2,0.0399344666131725
6267,0.284593837535014,294.525943055355,2,0.038439562714697
6268,0.279551820728291,294.57291516115,2,0.039004732730844
6269,0.282352941176471,294.619887266946,2,0.0386294987949298
6270,0.299159663865546,294.666859372742,2,0.0395611237270482
6271,0.309243697478992,294.713831478537,2,0.0429178043505455
6272,0.304761904761905,294.760803584333,2,0.0411369647009354
6273,0.300840336134454,294.807775690129,2,0.039962316672086
6274,0.294677871148459,294.854747795924,2,0.0387751616598596
6275,0.289635854341737,294.90171990172,2,0.0383639610568897
6276,0.284593837535014,294.948692007516,2,0.038439562714697
6277,0.278991596638655,294.995664113311,2,0.0390984728868202
6278,0.271708683473389,295.042636219107,2,0.0409121039955584
6279,0.269467787114846,295.089608324902,2,0.0417059897887447
6280,0.270028011204482,295.136580430698,2,0.0414964707985745
6281,0.273949579831933,295.183552536494,2,0.0402327752646841
6282,0.278991596638655,295.230524642289,2,0.0390984728868202
6283,0.284033613445378,295.277496748085,2,0.0384779612717823
6284,0.276190476190476,295.324468853881,2,0.0396629803501007
6285,0.266666666666667,295.371440959676,2,0.0428685509064329
6286,0.260504201680672,295.418413065472,2,0.0461603719564252
6287,0.263865546218487,295.465385171268,2,0.044233120021995
6288,0.271148459383753,295.512357277063,2,0.0410996202780812
6289,0.25546218487395,295.559329382859,2,0.0497163162693664
6290,0.261064425770308,295.606301488654,2,0.0458159757224549
6291,0.265546218487395,295.65327359445,2,0.0433892866956426
6292,0.263865546218487,295.700245700246,2,0.044233120021995
6293,0.26218487394958,295.747217806041,2,0.0451554816177529
6294,0.261064425770308,295.794189911837,2,0.0458159757224549
6295,0.256022408963585,295.841162017633,2,0.0492783349604649
6296,0.248179271708683,295.888134123428,2,0.056537814377446
6297,0.243697478991597,295.935106229224,2,0.0619505457624394
6298,0.241456582633053,295.98207833502,2,0.0650714739017278
6299,0.239775910364146,296.029050440815,2,0.0676148007359003
6300,0.238095238095238,296.076022546611,2,0.0703454580298313
6301,0.238655462184874,296.122994652406,2,0.0694136214623099
6302,0.236974789915966,296.169966758202,2,0.0722765182168222
6303,0.238095238095238,296.216938863998,2,0.0703454580298313
6304,0.239775910364146,296.263910969793,2,0.0676148007359003
6305,0.252100840336134,296.310883075589,2,0.0525920380039805
6306,0.258263305322129,296.357855181385,2,0.0476362618910961
6307,0.270028011204482,296.40482728718,2,0.0414964707985745
6308,0.277871148459384,296.451799392976,2,0.0393049693636574
6309,0.284593837535014,296.498771498772,2,0.038439562714697
6310,0.290196078431373,296.545743604567,2,0.0383854900426841
6311,0.295798319327731,296.592715710363,2,0.038933809413045
6312,0.29859943977591,296.639687816158,2,0.0394405393187784
6313,0.289635854341737,296.686659921954,2,0.0383639610568897
6314,0.28515406162465,296.73363202775,2,0.0384071900579576
6315,0.279551820728291,296.780604133545,2,0.039004732730844
6316,0.261624649859944,296.827576239341,2,0.0454810665091231
6317,0.238655462184874,296.874548345137,2,0.0694136214623099
6318,0.224649859943978,296.921520450932,2,0.100773915821301
6319,0.211764705882353,296.968492556728,2,0.151276759646458
6320,0.198879551820728,297.015464662524,2,0.235988936316761
6321,0.175350140056022,297.062436768319,1,0.512648081379669
6322,0.17703081232493,297.109408874115,2,0.4883988625116
6323,0.185994397759104,297.15638097991,2,0.368378230353302
6324,0.202240896358543,297.203353085706,2,0.20973873549485
6325,0.219047619047619,297.250325191502,2,0.119471641598086
6326,0.23921568627451,297.297297297297,2,0.0685035670796927
6327,0.26218487394958,297.344269403093,2,0.0451554816177529
6328,0.279551820728291,297.391241508889,2,0.039004732730844
6329,0.287394957983193,297.438213614684,2,0.0383377078048744
6330,0.287955182072829,297.48518572048,2,0.0383353002996315
6331,0.297478991596639,297.532157826276,2,0.0392187558370206
6332,0.303081232492997,297.579129932071,2,0.0405916389769136
6333,0.300840336134454,297.626102037867,2,0.039962316672086
6334,0.302521008403361,297.673074143662,2,0.0404239868833479
6335,0.304201680672269,297.720046249458,2,0.0409480454130796
6336,0.300280112044818,297.767018355254,2,0.0398219528059288
6337,0.304201680672269,297.813990461049,2,0.0409480454130796
6338,0.305882352941176,297.860962566845,2,0.0415366739840596
6339,0.299159663865546,297.907934672641,2,0.0395611237270482
6340,0.283473389355742,297.954906778436,2,0.0385224030077952
6341,0.264985994397759,298.001878884232,2,0.0436620705405833
6342,0.247619047619048,298.048850990028,2,0.0571586836398206
6343,0.231932773109244,298.095823095823,2,0.0821878879586631
6344,0.221848739495798,298.142795201619,2,0.109576306533017
6345,0.182633053221289,298.189767307414,2,0.411139195530895
6346,0.13781512605042,298.23673941321,1,0.930706994374606
6347,0.0745098039215686,298.283711519006,1,0.999805061220645
6348,0.0341736694677871,298.330683624801,1,0.999998501009221
6349,0.0218487394957983,298.377655730597,1,0.999999713601042
6350,0.0145658263305322,298.424627836393,1,0.999999896202714
6351,0.0173669467787115,298.471599942188,1,0.999999846139363
6352,0.0280112044817927,298.518572047984,1,0.999999338322317
6353,0.0565826330532213,298.565544153779,1,0.999975145093081
6354,0.0638655462184874,298.612516259575,1,0.999941452148962
6355,0.0879551820728291,298.659488365371,1,0.999181127629921
6356,0.130532212885154,298.706460471166,1,0.959925923748295
6357,0.172549019607843,298.753432576962,1,0.553677353559913
6358,0.196638655462185,298.800404682758,2,0.255323591529754
6359,0.223529411764706,298.847376788553,2,0.104171539021967
6360,0.258263305322129,298.894348894349,2,0.047636261891096
6361,0.259943977591036,298.941321000145,2,0.0465144230063948
6362,0.262745098039216,298.98829310594,2,0.0448390633349203
6363,0.271708683473389,299.035265211736,2,0.0409121039955584
6364,0.282913165266106,299.082237317531,2,0.0385729079313784
6365,0.286274509803922,299.129209423327,2,0.0383604669124119
6366,0.281232492997199,299.176181529123,2,0.0387610431656464
6367,0.277310924369748,299.223153634918,2,0.0394178194855815
6368,0.277871148459384,299.270125740714,2,0.0393049693636574
6369,0.243137254901961,299.31709784651,2,0.0627031173410711
6370,0.2296918767507,299.364069952305,2,0.0873141345910562
6371,0.183193277310924,299.411042058101,2,0.403801430707186
6372,0.143417366946779,299.458014163897,1,0.897636134770591
6373,0.0868347338935574,299.504986269692,1,0.999270812921576
6374,0.0179271708683473,299.551958375488,1,0.999999833618694
6375,0.00336134453781513,299.598930481283,1,0.999999979355155
6376,0.00896358543417367,299.645902587079,1,0.999999953331863
6377,0.00840336134453781,299.692874692875,1,0.999999956955613
6378,0.00728291316526611,299.73984679867,1,0.999999963398629
6379,0.0134453781512605,299.786818904466,1,0.999999911423941
6380,0.0313725490196078,299.833791010262,1,0.9999989638502
6381,0.0492997198879552,299.880763116057,1,0.999989733985621
6382,0.0739495798319328,299.927735221853,1,0.999816751667734
6383,0.11484593837535,299.974707327649,1,0.989177776737616
6384,0.150700280112045,300.021679433444,1,0.837697641237715
6385,0.191036414565826,300.06865153924,2,0.310428378858948
6386,0.226330532212885,300.115623645035,2,0.0959674736836574
6387,0.257142857142857,300.162595750831,2,0.0484357448570733
6388,0.26218487394958,300.209567856627,2,0.0451554816177529
6389,0.256022408963585,300.256539962422,2,0.0492783349604649
6390,0.254901960784314,300.303512068218,2,0.0501657120039081
6391,0.250980392156863,300.350484174014,2,0.0536508877748693
6392,0.244817927170868,300.397456279809,2,0.0604982976946113
6393,0.240896358543417,300.444428385605,2,0.0658992176491101
6394,0.241456582633053,300.4914004914,2,0.0650714739017278
6395,0.210644257703081,300.538372597196,2,0.157066733293347
6396,0.178151260504202,300.585344702992,2,0.472458075704991
6397,0.147899159663866,300.632316808787,1,0.863162892488902
6398,0.0750700280112045,300.679288914583,1,0.999792658750417
6399,0.02296918767507,300.726261020379,1,0.999999666014144
6400,0.0296918767507003,300.773233126174,1,0.999999171387512
6401,0.0464985994397759,300.82020523197,1,0.999992746710678
6402,0.0750700280112045,300.867177337766,1,0.999792658750417
6403,0.112605042016807,300.914149443561,1,0.991136919226524
6404,0.14453781512605,300.961121549357,1,0.889721867036949
6405,0.166946778711485,301.008093655152,1,0.635891746488081
6406,0.182633053221289,301.055065760948,2,0.411139195530895
6407,0.194957983193277,301.102037866744,2,0.270827013825428
6408,0.202801120448179,301.149009972539,2,0.205671432592916
6409,0.228011204481793,301.195982078335,2,0.0914882304135175
6410,0.2296918767507,301.242954184131,2,0.0873141345910562
6411,0.230812324929972,301.289926289926,2,0.0846906855666082
6412,0.230812324929972,301.336898395722,2,0.0846906855666082
6413,0.223529411764706,301.383870501518,2,0.104171539021967
6414,0.207843137254902,301.430842607313,2,0.172735047998205
6415,0.19047619047619,301.477814713109,2,0.316480121128861
6416,0.17703081232493,301.524786818904,2,0.4883988625116
6417,0.168627450980392,301.5717589247,1,0.611414788809156
6418,0.16078431372549,301.618731030496,1,0.721627605419429
6419,0.149579831932773,301.665703136291,1,0.848251944302899
6420,0.138375350140056,301.712675242087,1,0.927857429563961
6421,0.12436974789916,301.759647347883,1,0.975566325724271
6422,0.115406162464986,301.806619453678,1,0.988629038475826
6423,0.110364145658263,301.853591559474,1,0.992762668254577
6424,0.108683473389356,301.90056366527,1,0.993794857857105
6425,0.132773109243697,301.947535771065,1,0.952356775037303
6426,0.139495798319328,301.994507876861,1,0.921866881517767
6427,0.148459383753501,302.041479982656,1,0.858314971887361
6428,0.155742296918768,302.088452088452,1,0.784198748270018
6429,0.166386554621849,302.135424194248,1,0.643978175714878
6430,0.182072829131653,302.182396300043,2,0.418556167060312
6431,0.196638655462185,302.229368405839,2,0.255323591529754
6432,0.202801120448179,302.276340511635,2,0.205671432592916
6433,0.199439775910364,302.32331261743,2,0.231388641743967
6434,0.194397759103641,302.370284723226,2,0.276189198420622
6435,0.188235294117647,302.417256829022,2,0.341664516405858
6436,0.185994397759104,302.464228934817,2,0.368378230353302
6437,0.186554621848739,302.511201040613,2,0.361559928600192
6438,0.191036414565826,302.558173146408,2,0.310428378858948
6439,0.195518207282913,302.605145252204,2,0.265562373774198
6440,0.198319327731092,302.652117358,2,0.240681691881796
6441,0.19327731092437,302.699089463795,2,0.28720783559683
6442,0.191036414565826,302.746061569591,2,0.310428378858948
6443,0.192156862745098,302.793033675387,2,0.298620637961787
6444,0.182072829131653,302.840005781182,2,0.418556167060312
6445,0.154621848739496,302.886977886978,1,0.796918542682404
6446,0.128851540616247,302.933949992774,1,0.964889885033869
6447,0.108683473389356,302.980922098569,1,0.993794857857105
6448,0.0896358543417367,303.027894204365,1,0.999026703423987
6449,0.0756302521008403,303.07486631016,1,0.999779503134182
6450,0.0946778711484594,303.121838415956,1,0.998380246177769
6451,0.123249299719888,303.168810521752,1,0.977731466732102
6452,0.158543417366947,303.215782627547,1,0.750455124642864
6453,0.189355742296919,303.262754733343,2,0.328877866445717
6454,0.210644257703081,303.309726839139,2,0.157066733293347
6455,0.226890756302521,303.356698944934,2,0.094439155878673
6456,0.231932773109244,303.40367105073,2,0.0821878879586631
6457,0.231372549019608,303.450643156526,2,0.083424555748535
6458,0.242577030812325,303.497615262321,2,0.0634738525539232
6459,0.253221288515406,303.544587368117,2,0.0515846753144745
6460,0.252100840336134,303.591559473912,2,0.0525920380039805
6461,0.251540616246499,303.638531579708,2,0.053114894215835
6462,0.253781512605042,303.685503685504,2,0.0510996559514405
6463,0.25546218487395,303.732475791299,2,0.0497163162693664
6464,0.257703081232493,303.779447897095,2,0.0480307161828807
6465,0.257703081232493,303.826420002891,2,0.0480307161828808
6466,0.261624649859944,303.873392108686,2,0.0454810665091231
6467,0.264985994397759,303.920364214482,2,0.0436620705405833
6468,0.262745098039216,303.967336320278,2,0.0448390633349203
6469,0.261064425770308,304.014308426073,2,0.0458159757224549
6470,0.259383753501401,304.061280531869,2,0.0468783018792113
6471,0.256022408963585,304.108252637664,2,0.0492783349604649
6472,0.250980392156863,304.15522474346,2,0.0536508877748693
6473,0.262745098039216,304.202196849256,2,0.0448390633349203
6474,0.258263305322129,304.249168955051,2,0.0476362618910961
6475,0.251540616246499,304.296141060847,2,0.053114894215835
6476,0.248739495798319,304.343113166643,2,0.0559318520429217
6477,0.23921568627451,304.390085272438,2,0.0685035670796927
6478,0.236414565826331,304.437057378234,2,0.0732767948397886
6479,0.240336134453782,304.48402948403,2,0.0667468407508129
6480,0.247619047619048,304.531001589825,2,0.0571586836398206
6481,0.247058823529412,304.577973695621,2,0.0577947840515302
6482,0.243137254901961,304.624945801416,2,0.0627031173410711
6483,0.240896358543417,304.671917907212,2,0.0658992176491101
6484,0.240336134453782,304.718890013008,2,0.0667468407508129
6485,0.244817927170868,304.765862118803,2,0.0604982976946113
6486,0.24593837535014,304.812834224599,2,0.059114019937723
6487,0.244817927170868,304.859806330395,2,0.0604982976946113
6488,0.244257703081232,304.90677843619,2,0.0612157362492645
6489,0.221288515406162,304.953750541986,2,0.111463953304766
6490,0.189915966386555,305.000722647782,2,0.322630090110826
6491,0.156302521008403,305.047694753577,1,0.777667937464859
6492,0.117086834733894,305.094666859373,1,0.986825125241773
6493,0.0593837535014006,305.141638965168,1,0.999965331336887
6494,0.0179271708683473,305.188611070964,1,0.999999833618694
6495,0.0145658263305322,305.23558317676,1,0.999999896202714
6496,0.0156862745098039,305.282555282555,1,0.999999878444697
6497,0.026890756302521,305.329527388351,1,0.999999430940528
6498,0.034733893557423,305.376499494147,1,0.99999838689389
6499,0.049859943977591,305.423471599942,1,0.999989000729409
6500,0.0717086834733894,305.470443705738,1,0.999857143472705
6501,0.0918767507002801,305.517415811534,1,0.998777415487261
6502,0.112605042016807,305.564387917329,1,0.991136919226524
6503,0.126610644257703,305.611360023125,1,0.970659099954923
6504,0.136694677871148,305.65833212892,1,0.936124976296944
6505,0.142296918767507,305.705304234716,1,0.905098777843182
6506,0.165266106442577,305.752276340512,1,0.660012677465136
6507,0.183193277310924,305.799248446307,2,0.403801430707186
6508,0.198319327731092,305.846220552103,2,0.240681691881796
6509,0.214005602240896,305.893192657899,2,0.140458594489107
6510,0.222408963585434,305.940164763694,2,0.10773234026735
6511,0.226890756302521,305.98713686949,2,0.094439155878673
6512,0.235854341736695,306.034108975285,2,0.0743009601906026
6513,0.256022408963585,306.081081081081,2,0.0492783349604649
6514,0.258823529411765,306.128053186877,2,0.0472521869114428
6515,0.259943977591036,306.175025292672,2,0.0465144230063947
6516,0.257703081232493,306.221997398468,2,0.0480307161828808
6517,0.250420168067227,306.268969504264,2,0.0542002936541327
6518,0.238095238095238,306.315941610059,2,0.0703454580298313
6519,0.231372549019608,306.362913715855,2,0.083424555748535
6520,0.228571428571429,306.409885821651,2,0.090064007425782
6521,0.222408963585434,306.456857927446,2,0.10773234026735
6522,0.221848739495798,306.503830033242,2,0.109576306533017
6523,0.222408963585434,306.550802139037,2,0.10773234026735
6524,0.224089635854342,306.597774244833,2,0.102452795616784
6525,0.228571428571429,306.644746350629,2,0.090064007425782
6526,0.233613445378151,306.691718456424,2,0.0786479308455247
6527,0.23921568627451,306.73869056222,2,0.0685035670796927
6528,0.243137254901961,306.785662668016,2,0.0627031173410711
6529,0.236974789915966,306.832634773811,2,0.0722765182168223
6530,0.23921568627451,306.879606879607,2,0.0685035670796927
6531,0.236974789915966,306.926578985403,2,0.0722765182168223
6532,0.226890756302521,306.973551091198,2,0.094439155878673
6533,0.217927170868347,307.020523196994,2,0.123764470037187
6534,0.214565826330532,307.067495302789,2,0.137905427399048
6535,0.221848739495798,307.114467408585,2,0.109576306533017
6536,0.230812324929972,307.161439514381,2,0.0846906855666082
6537,0.236974789915966,307.208411620176,2,0.0722765182168223
6538,0.240336134453782,307.255383725972,2,0.0667468407508129
6539,0.245378151260504,307.302355831768,2,0.0597978492186256
6540,0.244817927170868,307.349327937563,2,0.0604982976946113
6541,0.243137254901961,307.396300043359,2,0.0627031173410711
6542,0.241456582633053,307.443272149155,2,0.0650714739017278
6543,0.238095238095238,307.49024425495,2,0.0703454580298313
6544,0.238655462184874,307.537216360746,2,0.0694136214623099
6545,0.231372549019608,307.584188466541,2,0.083424555748535
6546,0.230812324929972,307.631160572337,2,0.0846906855666082
6547,0.225210084033613,307.678132678133,2,0.0991339919636356
6548,0.219607843137255,307.725104783928,2,0.117399078427169
6549,0.21624649859944,307.772076889724,2,0.130589620617433
6550,0.217366946778711,307.81904899552,2,0.125986938192021
6551,0.226330532212885,307.866021101315,2,0.0959674736836574
6552,0.233053221288515,307.912993207111,2,0.079800232269624
6553,0.229131652661064,307.959965312907,2,0.0886728967767387
6554,0.237535014005602,308.006937418702,2,0.0712995836578069
6555,0.244817927170868,308.053909524498,2,0.0604982976946113
6556,0.251540616246499,308.100881630293,2,0.053114894215835
6557,0.250980392156863,308.147853736089,2,0.0536508877748693
6558,0.243697478991597,308.194825841885,2,0.0619505457624394
6559,0.233613445378151,308.24179794768,2,0.0786479308455247
6560,0.228011204481793,308.288770053476,2,0.0914882304135175
6561,0.216806722689076,308.335742159272,2,0.128261606795725
6562,0.214565826330532,308.382714265067,2,0.137905427399048
6563,0.20952380952381,308.429686370863,2,0.163124282487767
6564,0.198879551820728,308.476658476658,2,0.235988936316761
6565,0.185434173669468,308.523630582454,2,0.375287559046385
6566,0.181512605042017,308.57060268825,2,0.426049799016496
6567,0.194957983193277,308.617574794045,2,0.270827013825428
6568,0.212324929971989,308.664546899841,2,0.14847889746188
6569,0.210084033613445,308.711519005637,2,0.160061413933855
6570,0.21624649859944,308.758491111432,2,0.130589620617433
6571,0.228011204481793,308.805463217228,2,0.0914882304135175
6572,0.239775910364146,308.852435323024,2,0.0676148007359003
6573,0.250420168067227,308.899407428819,2,0.0542002936541327
6574,0.259383753501401,308.946379534615,2,0.0468783018792113
6575,0.268347338935574,308.99335164041,2,0.042147704620908
6576,0.272268907563025,309.040323746206,2,0.0407317431610217
6577,0.277310924369748,309.087295852002,2,0.0394178194855815
6578,0.273389355742297,309.134267957797,2,0.0403921571893952
6579,0.273949579831933,309.181240063593,2,0.0402327752646841
6580,0.276190476190476,309.228212169389,2,0.0396629803501007
6581,0.274509803921569,309.275184275184,2,0.0400802351048689
6582,0.281232492997199,309.32215638098,2,0.0387610431656464
6583,0.278991596638655,309.369128486776,2,0.0390984728868202
6584,0.266106442577031,309.416100592571,2,0.0431248220393905
6585,0.264985994397759,309.463072698367,2,0.0436620705405833
6586,0.25266106442577,309.510044804162,2,0.0520820517184501
6587,0.233053221288515,309.557016909958,2,0.079800232269624
6588,0.210084033613445,309.603989015754,2,0.160061413933855
6589,0.191036414565826,309.650961121549,2,0.310428378858948
6590,0.169187675070028,309.697933227345,1,0.603199928093532
6591,0.140616246498599,309.744905333141,1,0.915474446551335
6592,0.120448179271709,309.791877438936,1,0.982405364515094
6593,0.0851540616246499,309.838849544732,1,0.999388019895116
6594,0.0733893557422969,309.885821650528,1,0.999827769090857
6595,0.0605042016806723,309.932793756323,1,0.999960440241954
6596,0.065546218487395,309.979765862119,1,0.999928929811688
6597,0.088515406162465,310.026737967914,1,0.999132443987031
6598,0.124929971988796,310.07371007371,1,0.974414147622689
6599,0.157422969187675,310.120682179506,1,0.764274672013443
6600,0.173669467787115,310.167654285301,1,0.537200808450106
6601,0.192717086834734,310.214626391097,2,0.292864878876087
6602,0.212885154061625,310.261598496893,2,0.145744087373625
6603,0.231932773109244,310.308570602688,2,0.0821878879586631
6604,0.240896358543417,310.355542708484,2,0.0658992176491101
6605,0.244817927170868,310.40251481428,2,0.0604982976946113
6606,0.253781512605042,310.449486920075,2,0.0510996559514405
6607,0.264425770308123,310.496459025871,2,0.0439433035345035
6608,0.272268907563025,310.543431131666,2,0.0407317431610217
6609,0.269467787114846,310.590403237462,2,0.0417059897887447
6610,0.265546218487395,310.637375343258,2,0.0433892866956426
6611,0.264985994397759,310.684347449053,2,0.0436620705405833
6612,0.265546218487395,310.731319554849,2,0.0433892866956426
6613,0.249299719887955,310.778291660645,2,0.0553404811126245
6614,0.237535014005602,310.82526376644,2,0.071299583657807
6615,0.236414565826331,310.872235872236,2,0.0732767948397885
6616,0.234733893557423,310.919207978032,2,0.0764232130046199
6617,0.228571428571429,310.966180083827,2,0.090064007425782
6618,0.219047619047619,311.013152189623,2,0.119471641598086
6619,0.204481792717087,311.060124295418,2,0.193973798714683
6620,0.187675070028011,311.107096401214,2,0.348201890249528
6621,0.177591036414566,311.15406850701,2,0.480403245805706
6622,0.180392156862745,311.201040612805,2,0.44125602918874
6623,0.19327731092437,311.248012718601,2,0.28720783559683
6624,0.205602240896359,311.294984824397,2,0.186583231459786
6625,0.214565826330532,311.341956930192,2,0.137905427399048
6626,0.223529411764706,311.388929035988,2,0.104171539021967
6627,0.234733893557423,311.435901141784,2,0.0764232130046199
6628,0.242016806722689,311.482873247579,2,0.0642631636701746
6629,0.247058823529412,311.529845353375,2,0.0577947840515302
6630,0.250420168067227,311.57681745917,2,0.0542002936541327
6631,0.25266106442577,311.623789564966,2,0.0520820517184501
6632,0.254901960784314,311.670761670762,2,0.0501657120039081
6633,0.249859943977591,311.717733776557,2,0.0547633945591814
6634,0.251540616246499,311.764705882353,2,0.053114894215835
6635,0.252100840336134,311.811677988149,2,0.0525920380039805
6636,0.254341736694678,311.858650093944,2,0.0506267478251039
6637,0.252100840336134,311.90562219974,2,0.0525920380039805
6638,0.247058823529412,311.952594305536,2,0.0577947840515302
6639,0.239775910364146,311.999566411331,2,0.0676148007359003
6640,0.235854341736695,312.046538517127,2,0.0743009601906026
6641,0.224649859943978,312.093510622922,2,0.100773915821301
6642,0.221288515406162,312.140482728718,2,0.111463953304766
6643,0.218487394957983,312.187454834514,2,0.121593074608504
6644,0.211204481792717,312.234426940309,2,0.154138944784335
6645,0.207282913165266,312.281399046105,2,0.176083714102236
6646,0.202801120448179,312.328371151901,2,0.205671432592916
6647,0.198879551820728,312.375343257696,2,0.235988936316761
6648,0.197759103641457,312.422315363492,2,0.245467823198574
6649,0.187114845938375,312.469287469288,2,0.354834063158658
6650,0.182633053221289,312.516259575083,2,0.411139195530895
6651,0.16078431372549,312.563231680879,1,0.721627605419429
6652,0.114285714285714,312.610203786674,1,0.98970196299247
6653,0.0571428571428571,312.65717589247,1,0.999973425928244
6654,0.0168067226890756,312.704147998266,1,0.99999985774089
6655,0.00336134453781513,312.751120104061,1,0.999999979355155
6656,0.00784313725490196,312.798092209857,1,0.999999960304419
6657,0.00560224089635854,312.845064315653,1,0.999999971335765
6658,0.00448179271708683,312.892036421448,1,0.999999975665812
6659,0.00672268907563025,312.939008527244,1,0.999999966257122
6660,0.00728291316526611,312.98598063304,1,0.999999963398629
6661,0.00952380952380952,313.032952738835,1,0.999999949411248
6662,0.0162464985994398,313.079924844631,1,0.999999868488959
6663,0.0313725490196078,313.126896950426,1,0.9999989638502
6664,0.0464985994397759,313.173869056222,1,0.999992746710678
6665,0.0677871148459384,313.220841162018,1,0.999908180486356
6666,0.0840336134453781,313.267813267813,1,0.999455940677921
6667,0.10140056022409,313.314785373609,1,0.9968722556621
6668,0.116526610644258,313.361757479405,1,0.987453786142387
6669,0.130532212885154,313.4087295852,1,0.959925923748295
6670,0.152941176470588,313.455701690996,1,0.81511913389232
6671,0.182072829131653,313.502673796791,2,0.418556167060312
6672,0.201680672268908,313.549645902587,2,0.213892083946832
6673,0.220728291316527,313.596618008383,2,0.113396281467939
6674,0.219047619047619,313.643590114178,2,0.119471641598086
6675,0.21344537815126,313.690562219974,2,0.143071069205654
6676,0.211764705882353,313.73753432577,2,0.151276759646458
6677,0.210084033613445,313.784506431565,2,0.160061413933855
6678,0.20672268907563,313.831478537361,2,0.179507098377934
6679,0.194957983193277,313.878450643157,2,0.270827013825428
6680,0.183193277310924,313.925422748952,2,0.403801430707186
6681,0.165266106442577,313.972394854748,1,0.660012677465136
6682,0.159663865546219,314.019366960543,1,0.73623113845201
6683,0.139495798319328,314.066339066339,1,0.921866881517767
6684,0.107563025210084,314.113311172135,1,0.99440482067595
6685,0.0761904761904762,314.16028327793,1,0.999765551018238
6686,0.0565826330532213,314.207255383726,1,0.999975145093081
6687,0.0436974789915966,314.254227489522,1,0.999994896043822
6688,0.0358543417366947,314.301199595317,1,0.999998132848423
6689,0.02296918767507,314.348171701113,1,0.999999666014144
6690,0.026890756302521,314.395143806909,1,0.999999430940528
6691,0.0285714285714286,314.442115912704,1,0.999999286678604
6692,0.0184873949579832,314.4890880185,1,0.99999982010831
6693,0.0145658263305322,314.536060124295,1,0.999999896202714
6694,0.0324929971988796,314.583032230091,1,0.99999879833221
6695,0.0901960784313725,314.630004335887,1,0.998969349470176
6696,0.138375350140056,314.676976441682,1,0.927857429563961
6697,0.177591036414566,314.723948547478,2,0.480403245805706
6698,0.202240896358543,314.770920653274,2,0.20973873549485
6699,0.226890756302521,314.817892759069,2,0.094439155878673
6700,0.236974789915966,314.864864864865,2,0.0722765182168223
6701,0.239775910364146,314.911836970661,2,0.0676148007359003
6702,0.24593837535014,314.958809076456,2,0.059114019937723
6703,0.249859943977591,315.005781182252,2,0.0547633945591814
6704,0.248739495798319,315.052753288047,2,0.0559318520429217
6705,0.233613445378151,315.099725393843,2,0.0786479308455247
6706,0.236974789915966,315.146697499639,2,0.0722765182168223
6707,0.234733893557423,315.193669605434,2,0.0764232130046199
6708,0.226330532212885,315.24064171123,2,0.0959674736836574
6709,0.228011204481793,315.287613817026,2,0.0914882304135175
6710,0.23249299719888,315.334585922821,2,0.0809800016654873
6711,0.219047619047619,315.381558028617,2,0.119471641598086
6712,0.2,315.428530134413,2,0.226879842506765
6713,0.192717086834734,315.475502240208,2,0.292864878876087
6714,0.171428571428571,315.522474346004,1,0.570195788935526
6715,0.149019607843137,315.569446451799,1,0.85334478030418
6716,0.141736694677871,315.616418557595,1,0.908664716510222
6717,0.141736694677871,315.663390663391,1,0.908664716510222
6718,0.146218487394958,315.710362769186,1,0.876978994791982
6719,0.162464985994398,315.757334874982,1,0.699072186773792
6720,0.177591036414566,315.804306980778,2,0.480403245805706
6721,0.211204481792717,315.851279086573,2,0.154138944784335
6722,0.216806722689076,315.898251192369,2,0.128261606795725
6723,0.22296918767507,315.945223298164,2,0.105931072279774
6724,0.230252100840336,315.99219540396,2,0.0859869741302575
6725,0.23249299719888,316.039167509756,2,0.0809800016654873
6726,0.234173669467787,316.086139615551,2,0.0775224638794723
6727,0.234173669467787,316.133111721347,2,0.0775224638794723
6728,0.234733893557423,316.180083827143,2,0.0764232130046199
6729,0.224649859943978,316.227055932938,2,0.100773915821301
6730,0.219607843137255,316.274028038734,2,0.117399078427169
6731,0.207282913165266,316.32100014453,2,0.176083714102236
6732,0.188795518207283,316.367972250325,2,0.335222902234861
6733,0.177591036414566,316.414944356121,2,0.480403245805706
6734,0.178151260504202,316.461916461916,2,0.472458075704991
6735,0.192717086834734,316.508888567712,2,0.292864878876087
6736,0.205042016806723,316.555860673508,2,0.190238569316353
6737,0.20952380952381,316.602832779303,2,0.163124282487767
6738,0.21624649859944,316.649804885099,2,0.130589620617433
6739,0.217366946778711,316.696776990895,2,0.125986938192021
6740,0.223529411764706,316.74374909669,2,0.104171539021967
6741,0.241456582633053,316.790721202486,2,0.0650714739017278
6742,0.259383753501401,316.837693308282,2,0.0468783018792113
6743,0.276190476190476,316.884665414077,2,0.0396629803501007
6744,0.292436974789916,316.931637519873,2,0.0385317591662603
6745,0.290756302521008,316.978609625668,2,0.0384130206118378
6746,0.29187675070028,317.025581731464,2,0.0384861387247472
6747,0.286274509803922,317.07255383726,2,0.0383604669124119
6748,0.266106442577031,317.119525943055,2,0.0431248220393905
6749,0.242016806722689,317.166498048851,2,0.0642631636701746
6750,0.223529411764706,317.213470154647,2,0.104171539021967
6751,0.221288515406162,317.260442260442,2,0.111463953304766
6752,0.226330532212885,317.307414366238,2,0.0959674736836574
6753,0.217927170868347,317.354386472034,2,0.123764470037187
6754,0.217927170868347,317.401358577829,2,0.123764470037187
6755,0.230812324929972,317.448330683625,2,0.0846906855666082
6756,0.248739495798319,317.49530278942,2,0.0559318520429217
6757,0.250420168067227,317.542274895216,2,0.0542002936541327
6758,0.231372549019608,317.589247001012,2,0.083424555748535
6759,0.221288515406162,317.636219106807,2,0.111463953304766
6760,0.221848739495798,317.683191212603,2,0.109576306533017
6761,0.224649859943978,317.730163318399,2,0.100773915821301
6762,0.226330532212885,317.777135424194,2,0.0959674736836574
6763,0.2296918767507,317.82410752999,2,0.0873141345910562
6764,0.234173669467787,317.871079635786,2,0.0775224638794723
6765,0.241456582633053,317.918051741581,2,0.0650714739017278
6766,0.253781512605042,317.965023847377,2,0.0510996559514405
6767,0.272268907563025,318.011995953172,2,0.0407317431610217
6768,0.282913165266106,318.058968058968,2,0.0385729079313784
6769,0.284033613445378,318.105940164764,2,0.0384779612717823
6770,0.280672268907563,318.152912270559,2,0.0388360560460302
6771,0.277871148459384,318.199884376355,2,0.0393049693636574
6772,0.281792717086835,318.246856482151,2,0.0386922011101775
6773,0.285714285714286,318.293828587946,2,0.0383808287412194
6774,0.284593837535014,318.340800693742,2,0.038439562714697
6775,0.276190476190476,318.387772799538,2,0.0396629803501007
6776,0.267787114845938,318.434744905333,2,0.0423801075073241
6777,0.248739495798319,318.481717011129,2,0.0559318520429217
6778,0.235294117647059,318.528689116924,2,0.075349574733778
6779,0.192156862745098,318.57566122272,2,0.298620637961787
6780,0.125490196078431,318.622633328516,1,0.973213358370705
6781,0.0593837535014006,318.669605434311,1,0.999965331336887
6782,0.019047619047619,318.716577540107,1,0.999999805532406
6783,0.00896358543417367,318.763549645903,1,0.999999953331863
6784,0.00840336134453781,318.810521751698,1,0.999999956955613
6785,0.0100840336134454,318.857493857494,1,0.999999945170153
6786,0.00896358543417367,318.90446596329,1,0.999999953331863
6787,0.02296918767507,318.951438069085,1,0.999999666014144
6788,0.0593837535014006,318.998410174881,1,0.999965331336887
6789,0.0913165266106443,319.045382280676,1,0.998844876676939
6790,0.105322128851541,319.092354386472,1,0.995460362590468
6791,0.129411764705882,319.139326492268,1,0.963299115886156
6792,0.165826330532213,319.186298598063,1,0.652020099832657
6793,0.185994397759104,319.233270703859,2,0.368378230353302
6794,0.199439775910364,319.280242809655,2,0.231388641743967
6795,0.215126050420168,319.32721491545,2,0.135410345606024
6796,0.221288515406162,319.374187021246,2,0.111463953304766
6797,0.220168067226891,319.421159127042,2,0.115374310509624
6798,0.219047619047619,319.468131232837,2,0.119471641598086
6799,0.21624649859944,319.515103338633,2,0.130589620617433
6800,0.214005602240896,319.562075444428,2,0.140458594489107
6801,0.218487394957983,319.609047550224,2,0.121593074608504
6802,0.218487394957983,319.65601965602,2,0.121593074608504
6803,0.21624649859944,319.702991761815,2,0.130589620617433
6804,0.212324929971989,319.749963867611,2,0.14847889746188
6805,0.200560224089636,319.796935973407,2,0.222461526248395
6806,0.174229691876751,319.843908079202,1,0.528990284162005
6807,0.134453781512605,319.890880184998,1,0.945895092472556
6808,0.100280112044818,319.937852290794,1,0.997192399945078
6809,0.0588235294117647,319.984824396589,1,0.999967553109563
6810,0.0291316526610644,320.031796502385,1,0.999999231128825
6811,0.00840336134453781,320.07876860818,1,0.999999956955613
6812,0.00672268907563025,320.125740713976,1,0.999999966257122
6813,0.00728291316526611,320.172712819772,1,0.999999963398629
6814,0.00448179271708683,320.219684925567,1,0.999999975665812
6815,0.0061624649859944,320.266657031363,1,0.999999968897417
6816,0.0168067226890756,320.313629137159,1,0.99999985774089
6817,0.0453781512605042,320.360601242954,1,0.999993694854507
6818,0.0834733893557423,320.40757334875,1,0.999487145837297
6819,0.132773109243697,320.454545454545,1,0.952356775037303
6820,0.166386554621849,320.501517560341,1,0.643978175714878
6821,0.187114845938375,320.548489666137,2,0.354834063158658
6822,0.201120448179272,320.595461771932,2,0.218132637970216
6823,0.217927170868347,320.642433877728,2,0.123764470037187
6824,0.225770308123249,320.689405983524,2,0.0975321348556675
6825,0.226330532212885,320.736378089319,2,0.0959674736836574
6826,0.2296918767507,320.783350195115,2,0.0873141345910562
6827,0.234173669467787,320.830322300911,2,0.0775224638794723
6828,0.235854341736695,320.877294406706,2,0.0743009601906026
6829,0.233053221288515,320.924266512502,2,0.079800232269624
6830,0.228571428571429,320.971238618297,2,0.090064007425782
6831,0.227450980392157,321.018210724093,2,0.0929463469686119
6832,0.225770308123249,321.065182829889,2,0.0975321348556675
6833,0.2296918767507,321.112154935684,2,0.0873141345910562
6834,0.2296918767507,321.15912704148,2,0.0873141345910562
6835,0.227450980392157,321.206099147276,2,0.0929463469686119
6836,0.228011204481793,321.253071253071,2,0.0914882304135175
6837,0.226330532212885,321.300043358867,2,0.0959674736836574
6838,0.223529411764706,321.347015464663,2,0.104171539021967
6839,0.225770308123249,321.393987570458,2,0.0975321348556675
6840,0.23249299719888,321.440959676254,2,0.0809800016654873
6841,0.230812324929972,321.487931782049,2,0.0846906855666082
6842,0.231932773109244,321.534903887845,2,0.0821878879586631
6843,0.233613445378151,321.581875993641,2,0.0786479308455247
6844,0.240336134453782,321.628848099436,2,0.0667468407508129
6845,0.247619047619048,321.675820205232,2,0.0571586836398206
6846,0.253781512605042,321.722792311028,2,0.0510996559514405
6847,0.257142857142857,321.769764416823,2,0.0484357448570732
6848,0.256022408963585,321.816736522619,2,0.0492783349604649
6849,0.239775910364146,321.863708628415,2,0.0676148007359003
6850,0.23921568627451,321.91068073421,2,0.0685035670796927
6851,0.225210084033613,321.957652840006,2,0.0991339919636356
6852,0.212885154061625,322.004624945801,2,0.145744087373625
6853,0.204481792717087,322.051597051597,2,0.193973798714683
6854,0.19327731092437,322.098569157393,2,0.28720783559683
6855,0.189915966386555,322.145541263188,2,0.322630090110826
6856,0.197198879551821,322.192513368984,2,0.250348189798963
6857,0.19327731092437,322.23948547478,2,0.28720783559683
6858,0.212324929971989,322.286457580575,2,0.14847889746188
6859,0.231932773109244,322.333429686371,2,0.0821878879586631
6860,0.243697478991597,322.380401792167,2,0.0619505457624394
6861,0.25546218487395,322.427373897962,2,0.0497163162693664
6862,0.26890756302521,322.474346003758,2,0.0419230338584808
6863,0.276190476190476,322.521318109553,2,0.0396629803501007
6864,0.276750700280112,322.568290215349,2,0.0395371383525873
6865,0.282913165266106,322.615262321145,2,0.0385729079313784
6866,0.284033613445378,322.66223442694,2,0.0384779612717823
6867,0.28515406162465,322.709206532736,2,0.0384071900579576
6868,0.285714285714286,322.756178638532,2,0.0383808287412194
6869,0.284593837535014,322.803150744327,2,0.038439562714697
6870,0.284033613445378,322.850122850123,2,0.0384779612717823
6871,0.284033613445378,322.897094955919,2,0.0384779612717823
6872,0.285714285714286,322.944067061714,2,0.0383808287412194
6873,0.267787114845938,322.99103916751,2,0.0423801075073241
6874,0.248179271708683,323.038011273305,2,0.056537814377446
6875,0.23249299719888,323.084983379101,2,0.0809800016654873
6876,0.2296918767507,323.131955484897,2,0.0873141345910562
6877,0.233613445378151,323.178927590692,2,0.0786479308455247
6878,0.240896358543417,323.225899696488,2,0.0658992176491101
6879,0.254341736694678,323.272871802284,2,0.0506267478251039
6880,0.270588235294118,323.319843908079,2,0.041294379023051
6881,0.267787114845938,323.366816013875,2,0.0423801075073241
6882,0.273949579831933,323.413788119671,2,0.0402327752646841
6883,0.280112044817927,323.460760225466,2,0.0389172736534827
6884,0.280672268907563,323.507732331262,2,0.0388360560460302
6885,0.277310924369748,323.554704437057,2,0.0394178194855815
6886,0.269467787114846,323.601676542853,2,0.0417059897887447
6887,0.257703081232493,323.648648648649,2,0.0480307161828808
6888,0.244817927170868,323.695620754444,2,0.0604982976946113
6889,0.233053221288515,323.74259286024,2,0.079800232269624
6890,0.228571428571429,323.789564966036,2,0.090064007425782
6891,0.224649859943978,323.836537071831,2,0.100773915821301
6892,0.223529411764706,323.883509177627,2,0.104171539021967
6893,0.226330532212885,323.930481283422,2,0.0959674736836574
6894,0.231372549019608,323.977453389218,2,0.083424555748535
6895,0.235854341736695,324.024425495014,2,0.0743009601906026
6896,0.237535014005602,324.071397600809,2,0.0712995836578069
6897,0.24593837535014,324.118369706605,2,0.0591140199377231
6898,0.252100840336134,324.165341812401,2,0.0525920380039805
6899,0.26218487394958,324.212313918196,2,0.0451554816177529
6900,0.270588235294118,324.259286023992,2,0.0412943790230511
6901,0.269467787114846,324.306258129788,2,0.0417059897887447
6902,0.270028011204482,324.353230235583,2,0.0414964707985745
6903,0.277871148459384,324.400202341379,2,0.0393049693636574
6904,0.288515406162465,324.447174447174,2,0.0383388718222979
6905,0.283473389355742,324.49414655297,2,0.0385224030077952
6906,0.281232492997199,324.541118658766,2,0.0387610431656464
6907,0.276190476190476,324.588090764561,2,0.0396629803501007
6908,0.272829131652661,324.635062870357,2,0.0405584542537705
6909,0.270588235294118,324.682034976153,2,0.0412943790230511
6910,0.265546218487395,324.729007081948,2,0.0433892866956426
6911,0.25546218487395,324.775979187744,2,0.0497163162693664
6912,0.249859943977591,324.82295129354,2,0.0547633945591814
6913,0.257142857142857,324.869923399335,2,0.0484357448570733
6914,0.262745098039216,324.916895505131,2,0.0448390633349203
6915,0.259943977591036,324.963867610926,2,0.0465144230063947
6916,0.244257703081232,325.010839716722,2,0.0612157362492645
6917,0.227450980392157,325.057811822518,2,0.0929463469686119
6918,0.223529411764706,325.104783928313,2,0.104171539021967
6919,0.227450980392157,325.151756034109,2,0.0929463469686119
6920,0.230812324929972,325.198728139905,2,0.0846906855666082
6921,0.233613445378151,325.2457002457,2,0.0786479308455247
6922,0.239775910364146,325.292672351496,2,0.0676148007359003
6923,0.24593837535014,325.339644457292,2,0.0591140199377231
6924,0.243697478991597,325.386616563087,2,0.0619505457624394
6925,0.239775910364146,325.433588668883,2,0.0676148007359003
6926,0.234733893557423,325.480560774678,2,0.0764232130046199
6927,0.234173669467787,325.527532880474,2,0.0775224638794723
6928,0.235294117647059,325.57450498627,2,0.075349574733778
6929,0.21624649859944,325.621477092065,2,0.130589620617433
6930,0.189355742296919,325.668449197861,2,0.328877866445717
6931,0.155182072829132,325.715421303657,1,0.790616228598516
6932,0.121008403361345,325.762393409452,1,0.98154904233791
6933,0.0873949579831933,325.809365515248,1,0.99922720670534
6934,0.0560224089635854,325.856337621044,1,0.999976756811774
6935,0.0352941176470588,325.903309726839,1,0.999998264372693
6936,0.0263305322128852,325.950281832635,1,0.999999472396595
6937,0.00784313725490196,325.99725393843,1,0.999999960304419
6938,0.00560224089635854,326.044226044226,1,0.999999971335765
6939,0.00336134453781513,326.091198150022,1,0.999999979355155
6940,0.00168067226890756,326.138170255817,1,0.999999983887033
6941,0.00112044817927171,326.185142361613,1,0.999999985169494
6942,0.00280112044817927,326.232114467409,1,0.99999998098907
6943,0.00504201680672269,326.279086573204,1,0.999999973587238
6944,0.0106442577030812,326.326058679,1,0.999999940583144
6945,0.00224089635854342,326.373030784796,1,0.99999998249651
6946,0.00280112044817927,326.420002890591,1,0.99999998098907
6947,0.00392156862745098,326.466974996387,1,0.999999977584447
6948,0.00392156862745098,326.513947102182,1,0.999999977584447
6949,0.00504201680672269,326.560919207978,1,0.999999973587238
6950,0.00504201680672269,326.607891313774,1,0.999999973587238
6951,0.00448179271708683,326.654863419569,1,0.999999975665812
6952,0.00392156862745098,326.701835525365,1,0.999999977584447
6953,0.00336134453781513,326.748807631161,1,0.999999979355155
6954,0.00392156862745098,326.795779736956,1,0.999999977584447
6955,0.00560224089635854,326.842751842752,1,0.999999971335765
6956,0.00560224089635854,326.889723948547,1,0.999999971335765
6957,0.00392156862745098,326.936696054343,1,0.999999977584447
6958,0.00280112044817927,326.983668160139,1,0.99999998098907
6959,0.0061624649859944,327.030640265934,1,0.999999968897417
6960,0.00840336134453781,327.07761237173,1,0.999999956955613
6961,0.0151260504201681,327.124584477526,1,0.999999887664979
6962,0.0408963585434174,327.171556583321,1,0.999996423009552
6963,0.104201680672269,327.218528689117,1,0.995915205967419
6964,0.152380952380952,327.265500794913,1,0.820946420646599
6965,0.183193277310924,327.312472900708,2,0.403801430707186
6966,0.216806722689076,327.359445006504,2,0.128261606795725
6967,0.230252100840336,327.406417112299,2,0.0859869741302575
6968,0.242016806722689,327.453389218095,2,0.0642631636701746
6969,0.259943977591036,327.500361323891,2,0.0465144230063947
6970,0.270028011204482,327.547333429686,2,0.0414964707985745
6971,0.276190476190476,327.594305535482,2,0.0396629803501007
6972,0.272829131652661,327.641277641278,2,0.0405584542537705
6973,0.264425770308123,327.688249747073,2,0.0439433035345035
6974,0.257142857142857,327.735221852869,2,0.0484357448570733
6975,0.251540616246499,327.782193958665,2,0.053114894215835
6976,0.247058823529412,327.82916606446,2,0.0577947840515302
6977,0.231372549019608,327.876138170256,2,0.083424555748535
6978,0.226330532212885,327.923110276051,2,0.0959674736836574
6979,0.211204481792717,327.970082381847,2,0.154138944784335
6980,0.163585434173669,328.017054487643,1,0.68364719151985
6981,0.109243697478992,328.064026593438,1,0.993467116156218
6982,0.0605042016806723,328.110998699234,1,0.999960440241954
6983,0.0162464985994398,328.15797080503,1,0.999999868488959
6984,0.0117647058823529,328.204942910825,1,0.999999930259727
6985,0.00392156862745098,328.251915016621,1,0.999999977584447
6986,0.00448179271708683,328.298887122417,1,0.999999975665812
6987,0.00560224089635854,328.345859228212,1,0.999999971335765
6988,0.00448179271708683,328.392831334008,1,0.999999975665812
6989,0.00448179271708683,328.439803439803,1,0.999999975665812
6990,0.00504201680672269,328.486775545599,1,0.999999973587238
6991,0.00448179271708683,328.533747651395,1,0.999999975665812
6992,0.00392156862745098,328.58071975719,1,0.999999977584447
6993,0.00840336134453781,328.627691862986,1,0.999999956955613
6994,0.0100840336134454,328.674663968782,1,0.999999945170153
6995,0.00952380952380952,328.721636074577,1,0.999999949411248
6996,0.00728291316526611,328.768608180373,1,0.999999963398629
6997,0.0061624649859944,328.815580286169,1,0.999999968897417
6998,0.00784313725490196,328.862552391964,1,0.999999960304419
6999,0.0123249299719888,328.90952449776,1,0.999999924462087
7000,0.0173669467787115,328.956496603555,1,0.999999846139363
7001,0.00672268907563025,329.003468709351,1,0.999999966257122
7002,0.00560224089635854,329.050440815147,1,0.999999971335765
7003,0.00392156862745098,329.097412920942,1,0.999999977584447
7004,0.00336134453781513,329.144385026738,1,0.999999979355155
7005,0.00168067226890756,329.191357132534,1,0.999999983887033
7006,0.00224089635854342,329.238329238329,1,0.99999998249651
7007,0.00336134453781513,329.285301344125,1,0.999999979355155
7008,0.00336134453781513,329.332273449921,1,0.999999979355155
7009,0.00672268907563025,329.379245555716,1,0.999999966257122
7010,0.0123249299719888,329.426217661512,1,0.999999924462087
7011,0.019047619047619,329.473189767307,1,0.999999805532406
7012,0.0408963585434174,329.520161873103,1,0.999996423009552
7013,0.0840336134453781,329.567133978899,1,0.999455940677921
7014,0.123809523809524,329.614106084694,1,0.976671556869368
7015,0.159663865546218,329.66107819049,1,0.736231138452011
7016,0.188795518207283,329.708050296286,2,0.335222902234861
7017,0.225210084033613,329.755022402081,2,0.0991339919636356
7018,0.231932773109244,329.801994507877,2,0.0821878879586631
7019,0.244817927170868,329.848966613673,2,0.0604982976946113
7020,0.250980392156863,329.895938719468,2,0.0536508877748693
7021,0.254341736694678,329.942910825264,2,0.0506267478251039
7022,0.253781512605042,329.989882931059,2,0.0510996559514405
7023,0.253781512605042,330.036855036855,2,0.0510996559514405
7024,0.254901960784314,330.083827142651,2,0.0501657120039081
7025,0.256022408963585,330.130799248446,2,0.0492783349604649
7026,0.247619047619048,330.177771354242,2,0.0571586836398206
7027,0.238095238095238,330.224743460038,2,0.0703454580298313
7028,0.230252100840336,330.271715565833,2,0.0859869741302575
7029,0.228011204481793,330.318687671629,2,0.0914882304135175
7030,0.226890756302521,330.365659777425,2,0.094439155878673
7031,0.227450980392157,330.41263188322,2,0.0929463469686119
7032,0.228011204481793,330.459603989016,2,0.0914882304135175
7033,0.226890756302521,330.506576094811,2,0.094439155878673
7034,0.224649859943978,330.553548200607,2,0.100773915821301
7035,0.224089635854342,330.600520306403,2,0.102452795616784
7036,0.223529411764706,330.647492412198,2,0.104171539021967
7037,0.228011204481793,330.694464517994,2,0.0914882304135175
7038,0.239775910364146,330.74143662379,2,0.0676148007359003
7039,0.253781512605042,330.788408729585,2,0.0510996559514405
7040,0.263305322128852,330.835380835381,2,0.0445316588243376
7041,0.250980392156863,330.882352941177,2,0.0536508877748693
7042,0.256022408963585,330.929325046972,2,0.0492783349604649
7043,0.258823529411765,330.976297152768,2,0.0472521869114428
7044,0.254341736694678,331.023269258563,2,0.0506267478251039
7045,0.249299719887955,331.070241364359,2,0.0553404811126245
7046,0.244817927170868,331.117213470155,2,0.0604982976946113
7047,0.236414565826331,331.16418557595,2,0.0732767948397886
7048,0.226890756302521,331.211157681746,2,0.094439155878673
7049,0.225210084033613,331.258129787542,2,0.0991339919636356
7050,0.220168067226891,331.305101893337,2,0.115374310509624
7051,0.208963585434174,331.352073999133,2,0.166256640330474
7052,0.189915966386555,331.399046104929,2,0.322630090110826
7053,0.168627450980392,331.446018210724,1,0.611414788809156
7054,0.146778711484594,331.49299031652,1,0.872494165265493
7055,0.125490196078431,331.539962422315,1,0.973213358370705
7056,0.112044817927171,331.586934528111,1,0.991572443955555
7057,0.120448179271709,331.633906633907,1,0.982405364515094
7058,0.132773109243697,331.680878739702,1,0.952356775037303
7059,0.143417366946779,331.727850845498,1,0.897636134770591
7060,0.140616246498599,331.774822951294,1,0.915474446551335
7061,0.121008403361345,331.821795057089,1,0.98154904233791
7062,0.096358543417367,331.868767162885,1,0.998086265733585
7063,0.0789915966386555,331.91573926868,1,0.999682154853919
7064,0.0745098039215686,331.962711374476,1,0.999805061220645
7065,0.0817927170868347,332.009683480272,1,0.999570849260565
7066,0.0935574229691877,332.056655586067,1,0.998551902402431
7067,0.109803921568627,332.103627691863,1,0.993123291343826
7068,0.121008403361345,332.150599797659,1,0.98154904233791
7069,0.125490196078431,332.197571903454,1,0.973213358370705
7070,0.12436974789916,332.24454400925,1,0.975566325724271
7071,0.122689075630252,332.291516115046,1,0.978747642121103
7072,0.120448179271709,332.338488220841,1,0.982405364515094
7073,0.13781512605042,332.385460326637,1,0.930706994374606
7074,0.150700280112045,332.432432432432,1,0.837697641237715
7075,0.156302521008403,332.479404538228,1,0.777667937464859
7076,0.151820728291317,332.526376644024,1,0.8266523430477
7077,0.157983193277311,332.573348749819,1,0.757416891272327
7078,0.174789915966387,332.620320855615,1,0.520804516967559
7079,0.180952380952381,332.667292961411,2,0.433617379001415
7080,0.17703081232493,332.714265067206,2,0.4883988625116
7081,0.183193277310924,332.761237173002,2,0.403801430707186
7082,0.193837535014006,332.808209278798,2,0.281649358290742
7083,0.206162464985994,332.855181384593,2,0.183006504695312
7084,0.218487394957983,332.902153490389,2,0.121593074608504
7085,0.226330532212885,332.949125596184,2,0.0959674736836574
7086,0.236974789915966,332.99609770198,2,0.0722765182168223
7087,0.248739495798319,333.043069807776,2,0.0559318520429217
7088,0.257703081232493,333.090041913571,2,0.0480307161828808
7089,0.265546218487395,333.137014019367,2,0.0433892866956426
7090,0.270588235294118,333.183986125163,2,0.0412943790230511
7091,0.271148459383754,333.230958230958,2,0.0410996202780812
7092,0.269467787114846,333.277930336754,2,0.0417059897887447
7093,0.270028011204482,333.32490244255,2,0.0414964707985745
7094,0.272268907563025,333.371874548345,2,0.0407317431610217
7095,0.270588235294118,333.418846654141,2,0.0412943790230511
7096,0.266666666666667,333.465818759936,2,0.0428685509064329
7097,0.242577030812325,333.512790865732,2,0.0634738525539232
7098,0.242577030812325,333.559762971528,2,0.0634738525539232
7099,0.243137254901961,333.606735077323,2,0.0627031173410711
7100,0.242577030812325,333.653707183119,2,0.0634738525539232
7101,0.242016806722689,333.700679288915,2,0.0642631636701746
7102,0.246498599439776,333.74765139471,2,0.0584464487377993
7103,0.250980392156863,333.794623500506,2,0.0536508877748693
7104,0.256022408963585,333.841595606301,2,0.0492783349604648
7105,0.267226890756303,333.888567712097,2,0.0426203518397957
7106,0.270588235294118,333.935539817893,2,0.0412943790230511
7107,0.275070028011205,333.982511923688,2,0.0399344666131725
7108,0.276750700280112,334.029484029484,2,0.0395371383525873
7109,0.275070028011205,334.07645613528,2,0.0399344666131725
7110,0.271708683473389,334.123428241075,2,0.0409121039955584
7111,0.270588235294118,334.170400346871,2,0.0412943790230511
7112,0.269467787114846,334.217372452667,2,0.0417059897887447
7113,0.258263305322129,334.264344558462,2,0.047636261891096
7114,0.243697478991597,334.311316664258,2,0.0619505457624394
7115,0.229131652661064,334.358288770053,2,0.0886728967767387
7116,0.224089635854342,334.405260875849,2,0.102452795616784
7117,0.216806722689076,334.452232981645,2,0.128261606795725
7118,0.2,334.49920508744,2,0.226879842506765
7119,0.178151260504202,334.546177193236,2,0.472458075704991
7120,0.166386554621849,334.593149299032,1,0.643978175714878
7121,0.157422969187675,334.640121404827,1,0.764274672013443
7122,0.146778711484594,334.687093510623,1,0.872494165265493
7123,0.128851540616247,334.734065616419,1,0.964889885033869
7124,0.117086834733894,334.781037722214,1,0.986825125241773
7125,0.112605042016807,334.82800982801,1,0.991136919226524
7126,0.115966386554622,334.874981933805,1,0.9880547268893
7127,0.127731092436975,334.921954039601,1,0.967889487418614
7128,0.136694677871148,334.968926145397,1,0.936124976296944
7129,0.173109243697479,335.015898251192,1,0.545431418039036
7130,0.185994397759104,335.062870356988,2,0.368378230353302
7131,0.198319327731092,335.109842462784,2,0.240681691881796
7132,0.200560224089636,335.156814568579,2,0.222461526248395
7133,0.198879551820728,335.203786674375,2,0.235988936316761
7134,0.196078431372549,335.250758780171,2,0.260394763976012
7135,0.197759103641457,335.297730885966,2,0.245467823198574
7136,0.198879551820728,335.344702991762,2,0.235988936316761
7137,0.196638655462185,335.391675097557,2,0.255323591529754
7138,0.210644257703081,335.438647203353,2,0.157066733293347
7139,0.226330532212885,335.485619309149,2,0.0959674736836574
7140,0.240896358543417,335.532591414944,2,0.0658992176491101
7141,0.258823529411765,335.57956352074,2,0.0472521869114428
7142,0.26890756302521,335.626535626536,2,0.0419230338584808
7143,0.275070028011205,335.673507732331,2,0.0399344666131725
7144,0.282913165266106,335.720479838127,2,0.0385729079313784
7145,0.280672268907563,335.767451943923,2,0.0388360560460302
7146,0.287955182072829,335.814424049718,2,0.0383353002996314
7147,0.286274509803922,335.861396155514,2,0.0383604669124119
7148,0.275070028011204,335.908368261309,2,0.0399344666131725
7149,0.27563025210084,335.955340367105,2,0.0397954029226229
7150,0.284593837535014,336.002312472901,2,0.038439562714697
7151,0.283473389355742,336.049284578696,2,0.0385224030077952
7152,0.274509803921569,336.096256684492,2,0.0400802351048689
7153,0.27563025210084,336.143228790288,2,0.0397954029226229
7154,0.275070028011205,336.190200896083,2,0.0399344666131725
7155,0.267787114845938,336.237173001879,2,0.0423801075073241
7156,0.260504201680672,336.284145107675,2,0.0461603719564252
7157,0.253221288515406,336.33111721347,2,0.0515846753144745
7158,0.250420168067227,336.378089319266,2,0.0542002936541327
7159,0.253221288515406,336.425061425061,2,0.0515846753144745
7160,0.257142857142857,336.472033530857,2,0.0484357448570732
7161,0.260504201680672,336.519005636653,2,0.0461603719564252
7162,0.270588235294118,336.565977742448,2,0.0412943790230511
7163,0.277871148459384,336.612949848244,2,0.0393049693636574
7164,0.271708683473389,336.65992195404,2,0.0409121039955583
7165,0.256022408963585,336.706894059835,2,0.0492783349604649
7166,0.24593837535014,336.753866165631,2,0.059114019937723
7167,0.245378151260504,336.800838271427,2,0.0597978492186256
7168,0.251540616246499,336.847810377222,2,0.053114894215835
7169,0.239775910364146,336.894782483018,2,0.0676148007359003
7170,0.261624649859944,336.941754588813,2,0.0454810665091231
7171,0.288515406162465,336.988726694609,2,0.0383388718222979
7172,0.29859943977591,337.035698800405,2,0.0394405393187784
7173,0.292436974789916,337.0826709062,2,0.0385317591662603
7174,0.283473389355742,337.129643011996,2,0.0385224030077952
7175,0.282913165266106,337.176615117792,2,0.0385729079313784
7176,0.286274509803922,337.223587223587,2,0.0383604669124119
7177,0.281792717086835,337.270559329383,2,0.0386922011101775
7178,0.280672268907563,337.317531435179,2,0.0388360560460302
7179,0.282352941176471,337.364503540974,2,0.0386294987949298
7180,0.284593837535014,337.41147564677,2,0.038439562714697
7181,0.281792717086835,337.458447752565,2,0.0386922011101775
7182,0.275070028011205,337.505419858361,2,0.0399344666131725
7183,0.270588235294118,337.552391964157,2,0.041294379023051
7184,0.269467787114846,337.599364069952,2,0.0417059897887447
7185,0.270028011204482,337.646336175748,2,0.0414964707985745
7186,0.267226890756303,337.693308281544,2,0.0426203518397957
7187,0.266666666666667,337.740280387339,2,0.0428685509064329
7188,0.268347338935574,337.787252493135,2,0.042147704620908
7189,0.270588235294118,337.834224598931,2,0.041294379023051
7190,0.270028011204482,337.881196704726,2,0.0414964707985745
7191,0.267787114845938,337.928168810522,2,0.0423801075073241
7192,0.266666666666667,337.975140916317,2,0.0428685509064329
7193,0.26890756302521,338.022113022113,2,0.0419230338584808
7194,0.257703081232493,338.069085127909,2,0.0480307161828807
7195,0.243137254901961,338.116057233704,2,0.0627031173410711
7196,0.228011204481793,338.1630293395,2,0.0914882304135175
7197,0.220728291316527,338.210001445296,2,0.113396281467939
7198,0.221848739495798,338.256973551091,2,0.109576306533017
7199,0.228571428571429,338.303945656887,2,0.090064007425782
7200,0.233613445378151,338.350917762683,2,0.0786479308455247
7201,0.236974789915966,338.397889868478,2,0.0722765182168223
7202,0.23921568627451,338.444861974274,2,0.0685035670796927
7203,0.244817927170868,338.491834080069,2,0.0604982976946113
7204,0.247619047619048,338.538806185865,2,0.0571586836398206
7205,0.252100840336134,338.585778291661,2,0.0525920380039805
7206,0.256582633053221,338.632750397456,2,0.0488515488220386
7207,0.262745098039216,338.679722503252,2,0.0448390633349203
7208,0.267226890756303,338.726694609048,2,0.0426203518397957
7209,0.277871148459384,338.773666714843,2,0.0393049693636574
7210,0.27843137254902,338.820638820639,2,0.0391985366231322
7211,0.280112044817927,338.867610926435,2,0.0389172736534827
7212,0.281792717086835,338.91458303223,2,0.0386922011101775
7213,0.280112044817927,338.961555138026,2,0.0389172736534827
7214,0.272829131652661,339.008527243821,2,0.0405584542537705
7215,0.266106442577031,339.055499349617,2,0.0431248220393905
7216,0.26218487394958,339.102471455413,2,0.0451554816177529
7217,0.248739495798319,339.149443561208,2,0.0559318520429217
7218,0.248179271708683,339.196415667004,2,0.056537814377446
7219,0.244257703081232,339.2433877728,2,0.0612157362492645
7220,0.235294117647059,339.290359878595,2,0.075349574733778
7221,0.226890756302521,339.337331984391,2,0.094439155878673
7222,0.220168067226891,339.384304090187,2,0.115374310509624
7223,0.220168067226891,339.431276195982,2,0.115374310509624
7224,0.224089635854342,339.478248301778,2,0.102452795616784
7225,0.227450980392157,339.525220407573,2,0.0929463469686119
7226,0.226330532212885,339.572192513369,2,0.0959674736836574
7227,0.223529411764706,339.619164619165,2,0.104171539021967
7228,0.218487394957983,339.66613672496,2,0.121593074608504
7229,0.215126050420168,339.713108830756,2,0.135410345606024
7230,0.207282913165266,339.760080936552,2,0.176083714102236
7231,0.2,339.807053042347,2,0.226879842506765
7232,0.194397759103641,339.854025148143,2,0.276189198420622
7233,0.185994397759104,339.900997253938,2,0.368378230353302
7234,0.173669467787115,339.947969359734,1,0.537200808450106
7235,0.162464985994398,339.99494146553,1,0.699072186773792
7236,0.161344537815126,340.041913571325,1,0.714192084829139
7237,0.169187675070028,340.088885677121,1,0.603199928093532
7238,0.182633053221289,340.135857782917,2,0.411139195530895
7239,0.199439775910364,340.182829888712,2,0.231388641743967
7240,0.213445378151261,340.229801994508,2,0.143071069205653
7241,0.223529411764706,340.276774100304,2,0.104171539021967
7242,0.226890756302521,340.323746206099,2,0.094439155878673
7243,0.229131652661064,340.370718311895,2,0.0886728967767387
7244,0.229131652661064,340.41769041769,2,0.0886728967767387
7245,0.230812324929972,340.464662523486,2,0.0846906855666082
7246,0.228571428571429,340.511634629282,2,0.090064007425782
7247,0.228011204481793,340.558606735077,2,0.0914882304135175
7248,0.228571428571429,340.605578840873,2,0.090064007425782
7249,0.23249299719888,340.652550946669,2,0.0809800016654873
7250,0.238095238095238,340.699523052464,2,0.0703454580298313
7251,0.244817927170868,340.74649515826,2,0.0604982976946113
7252,0.250420168067227,340.793467264056,2,0.0542002936541327
7253,0.256582633053221,340.840439369851,2,0.0488515488220385
7254,0.262745098039216,340.887411475647,2,0.0448390633349203
7255,0.271148459383753,340.934383581442,2,0.0410996202780812
7256,0.277871148459384,340.981355687238,2,0.0393049693636574
7257,0.282352941176471,341.028327793034,2,0.0386294987949298
7258,0.29187675070028,341.075299898829,2,0.0384861387247472
7259,0.302521008403361,341.122272004625,2,0.0404239868833479
7260,0.303081232492997,341.169244110421,2,0.0405916389769136
7261,0.291316526610644,341.216216216216,2,0.0384465651429647
7262,0.277871148459384,341.263188322012,2,0.0393049693636574
7263,0.272829131652661,341.310160427808,2,0.0405584542537705
7264,0.276750700280112,341.357132533603,2,0.0395371383525873
7265,0.267787114845938,341.404104639399,2,0.0423801075073241
7266,0.267787114845938,341.451076745194,2,0.0423801075073241
7267,0.266666666666667,341.49804885099,2,0.0428685509064329
7268,0.26218487394958,341.545020956786,2,0.0451554816177529
7269,0.253781512605042,341.591993062581,2,0.0510996559514405
7270,0.248179271708683,341.638965168377,2,0.056537814377446
7271,0.249859943977591,341.685937274173,2,0.0547633945591814
7272,0.251540616246499,341.732909379968,2,0.053114894215835
7273,0.262745098039216,341.779881485764,2,0.0448390633349203
7274,0.267787114845938,341.826853591559,2,0.0423801075073241
7275,0.271708683473389,341.873825697355,2,0.0409121039955584
7276,0.276750700280112,341.920797803151,2,0.0395371383525873
7277,0.281792717086835,341.967769908946,2,0.0386922011101775
7278,0.285714285714286,342.014742014742,2,0.0383808287412194
7279,0.280112044817927,342.061714120538,2,0.0389172736534827
7280,0.272829131652661,342.108686226333,2,0.0405584542537705
7281,0.279551820728291,342.155658332129,2,0.039004732730844
7282,0.278991596638655,342.202630437925,2,0.0390984728868202
7283,0.279551820728291,342.24960254372,2,0.039004732730844
7284,0.28515406162465,342.296574649516,2,0.0384071900579576
7285,0.289635854341737,342.343546755311,2,0.0383639610568897
7286,0.292997198879552,342.390518861107,2,0.038583447009159
7287,0.294117647058824,342.437490966903,2,0.0387051208148731
7288,0.292436974789916,342.484463072698,2,0.0385317591662603
7289,0.290756302521008,342.531435178494,2,0.0384130206118378
7290,0.286274509803922,342.57840728429,2,0.0383604669124119
7291,0.27843137254902,342.625379390085,2,0.0391985366231322
7292,0.275070028011205,342.672351495881,2,0.0399344666131725
7293,0.276190476190476,342.719323601677,2,0.0396629803501007
7294,0.27563025210084,342.766295707472,2,0.0397954029226229
7295,0.264985994397759,342.813267813268,2,0.0436620705405833
7296,0.251540616246499,342.860239919063,2,0.053114894215835
7297,0.246498599439776,342.907212024859,2,0.0584464487377993
7298,0.239775910364146,342.954184130655,2,0.0676148007359003
7299,0.233053221288515,343.00115623645,2,0.079800232269624
7300,0.230812324929972,343.048128342246,2,0.0846906855666082
7301,0.236974789915966,343.095100448042,2,0.0722765182168223
7302,0.245378151260504,343.142072553837,2,0.0597978492186256
7303,0.254341736694678,343.189044659633,2,0.0506267478251039
7304,0.258823529411765,343.236016765429,2,0.0472521869114428
7305,0.257703081232493,343.282988871224,2,0.0480307161828808
7306,0.26218487394958,343.32996097702,2,0.0451554816177529
7307,0.267226890756303,343.376933082815,2,0.0426203518397957
7308,0.272829131652661,343.423905188611,2,0.0405584542537705
7309,0.27563025210084,343.470877294407,2,0.0397954029226229
7310,0.279551820728291,343.517849400202,2,0.039004732730844
7311,0.284033613445378,343.564821505998,2,0.0384779612717823
7312,0.285714285714286,343.611793611794,2,0.0383808287412194
7313,0.295798319327731,343.658765717589,2,0.038933809413045
7314,0.289635854341737,343.705737823385,2,0.0383639610568897
7315,0.278991596638655,343.752709929181,2,0.0390984728868202
7316,0.270588235294118,343.799682034976,2,0.0412943790230511
7317,0.258263305322129,343.846654140772,2,0.047636261891096
7318,0.246498599439776,343.893626246567,2,0.0584464487377993
7319,0.233613445378151,343.940598352363,2,0.0786479308455247
7320,0.224089635854342,343.987570458159,2,0.102452795616784
7321,0.230252100840336,344.034542563954,2,0.0859869741302575
7322,0.238095238095238,344.08151466975,2,0.0703454580298313
7323,0.243697478991597,344.128486775546,2,0.0619505457624394
7324,0.248179271708683,344.175458881341,2,0.056537814377446
7325,0.248739495798319,344.222430987137,2,0.0559318520429217
7326,0.254341736694678,344.269403092933,2,0.0506267478251039
7327,0.266666666666667,344.316375198728,2,0.0428685509064329
7328,0.275070028011205,344.363347304524,2,0.0399344666131725
7329,0.277310924369748,344.410319410319,2,0.0394178194855815
7330,0.285714285714286,344.457291516115,2,0.0383808287412194
7331,0.290756302521008,344.504263621911,2,0.0384130206118378
7332,0.287955182072829,344.551235727706,2,0.0383353002996314
7333,0.284033613445378,344.598207833502,2,0.0384779612717823
7334,0.282352941176471,344.645179939298,2,0.0386294987949298
7335,0.280112044817927,344.692152045093,2,0.0389172736534827
7336,0.276190476190476,344.739124150889,2,0.0396629803501007
7337,0.284033613445378,344.786096256685,2,0.0384779612717823
7338,0.281792717086835,344.83306836248,2,0.0386922011101775
7339,0.272829131652661,344.880040468276,2,0.0405584542537705
7340,0.265546218487395,344.927012574071,2,0.0433892866956426
7341,0.256022408963585,344.973984679867,2,0.0492783349604649
7342,0.249859943977591,345.020956785663,2,0.0547633945591814
7343,0.247619047619048,345.067928891458,2,0.0571586836398206
7344,0.246498599439776,345.114900997254,2,0.0584464487377993
7345,0.257703081232493,345.16187310305,2,0.0480307161828807
7346,0.258823529411765,345.208845208845,2,0.0472521869114428
7347,0.259383753501401,345.255817314641,2,0.0468783018792113
7348,0.257703081232493,345.302789420437,2,0.0480307161828808
7349,0.258263305322129,345.349761526232,2,0.0476362618910961
7350,0.257703081232493,345.396733632028,2,0.0480307161828808
7351,0.258823529411765,345.443705737823,2,0.0472521869114428
7352,0.261624649859944,345.490677843619,2,0.0454810665091231
7353,0.254901960784314,345.537649949415,2,0.0501657120039081
7354,0.257142857142857,345.58462205521,2,0.0484357448570733
7355,0.257142857142857,345.631594161006,2,0.0484357448570733
7356,0.257142857142857,345.678566266802,2,0.0484357448570733
7357,0.257703081232493,345.725538372597,2,0.0480307161828808
7358,0.258263305322129,345.772510478393,2,0.0476362618910961
7359,0.263305322128852,345.819482584189,2,0.0445316588243376
7360,0.26890756302521,345.866454689984,2,0.0419230338584808
7361,0.259383753501401,345.91342679578,2,0.0468783018792113
7362,0.260504201680672,345.960398901575,2,0.0461603719564252
7363,0.261624649859944,346.007371007371,2,0.0454810665091231
7364,0.259383753501401,346.054343113167,2,0.0468783018792113
7365,0.258823529411765,346.101315218962,2,0.0472521869114428
7366,0.258263305322129,346.148287324758,2,0.047636261891096
7367,0.261064425770308,346.195259430554,2,0.0458159757224549
7368,0.263305322128852,346.242231536349,2,0.0445316588243376
7369,0.261064425770308,346.289203642145,2,0.0458159757224549
7370,0.263305322128852,346.336175747941,2,0.0445316588243376
7371,0.264425770308123,346.383147853736,2,0.0439433035345035
7372,0.265546218487395,346.430119959532,2,0.0433892866956426
7373,0.26890756302521,346.477092065327,2,0.0419230338584808
7374,0.272829131652661,346.524064171123,2,0.0405584542537705
7375,0.277310924369748,346.571036276919,2,0.0394178194855815
7376,0.279551820728291,346.618008382714,2,0.039004732730844
7377,0.276750700280112,346.66498048851,2,0.0395371383525873
7378,0.275070028011205,346.711952594306,2,0.0399344666131725
7379,0.272829131652661,346.758924700101,2,0.0405584542537705
7380,0.27563025210084,346.805896805897,2,0.0397954029226229
7381,0.274509803921569,346.852868911692,2,0.0400802351048689
7382,0.277310924369748,346.899841017488,2,0.0394178194855815
7383,0.280672268907563,346.946813123284,2,0.0388360560460302
7384,0.284593837535014,346.993785229079,2,0.038439562714697
7385,0.275070028011205,347.040757334875,2,0.0399344666131725
7386,0.276750700280112,347.087729440671,2,0.0395371383525873
7387,0.271148459383753,347.134701546466,2,0.0410996202780812
7388,0.261064425770308,347.181673652262,2,0.0458159757224549
7389,0.256022408963585,347.228645758058,2,0.0492783349604649
7390,0.256582633053221,347.275617863853,2,0.0488515488220385
7391,0.252100840336134,347.322589969649,2,0.0525920380039805
7392,0.245378151260504,347.369562075444,2,0.0597978492186256
7393,0.242016806722689,347.41653418124,2,0.0642631636701746
7394,0.242577030812325,347.463506287036,2,0.0634738525539232
7395,0.245378151260504,347.510478392831,2,0.0597978492186256
7396,0.249299719887955,347.557450498627,2,0.0553404811126245
7397,0.253781512605042,347.604422604423,2,0.0510996559514405
7398,0.257703081232493,347.651394710218,2,0.0480307161828808
7399,0.260504201680672,347.698366816014,2,0.0461603719564252
7400,0.263305322128852,347.74533892181,2,0.0445316588243376
7401,0.272268907563025,347.792311027605,2,0.0407317431610217
7402,0.26890756302521,347.839283133401,2,0.0419230338584808
7403,0.262745098039216,347.886255239196,2,0.0448390633349203
7404,0.259383753501401,347.933227344992,2,0.0468783018792113
7405,0.251540616246499,347.980199450788,2,0.053114894215835
7406,0.239775910364146,348.027171556583,2,0.0676148007359003
7407,0.233613445378151,348.074143662379,2,0.0786479308455247
7408,0.234173669467787,348.121115768175,2,0.0775224638794723
7409,0.241456582633053,348.16808787397,2,0.0650714739017278
7410,0.248739495798319,348.215059979766,2,0.0559318520429217
7411,0.253781512605042,348.262032085562,2,0.0510996559514405
7412,0.25546218487395,348.309004191357,2,0.0497163162693664
7413,0.258263305322129,348.355976297153,2,0.047636261891096
7414,0.261064425770308,348.402948402948,2,0.0458159757224549
7415,0.26218487394958,348.449920508744,2,0.0451554816177529
7416,0.259383753501401,348.49689261454,2,0.0468783018792113
7417,0.266666666666667,348.543864720335,2,0.0428685509064329
7418,0.268347338935574,348.590836826131,2,0.042147704620908
7419,0.270028011204482,348.637808931927,2,0.0414964707985745
7420,0.269467787114846,348.684781037722,2,0.0417059897887447
7421,0.267787114845938,348.731753143518,2,0.0423801075073241
7422,0.267226890756303,348.778725249314,2,0.0426203518397957
7423,0.271148459383753,348.825697355109,2,0.0410996202780812
7424,0.27563025210084,348.872669460905,2,0.0397954029226229
7425,0.272829131652661,348.9196415667,2,0.0405584542537705
7426,0.268347338935574,348.966613672496,2,0.042147704620908
7427,0.26218487394958,349.013585778292,2,0.0451554816177529
7428,0.25546218487395,349.060557884087,2,0.0497163162693664
7429,0.254901960784314,349.107529989883,2,0.0501657120039081
7430,0.25546218487395,349.154502095679,2,0.0497163162693664
7431,0.258823529411765,349.201474201474,2,0.0472521869114428
7432,0.259943977591036,349.24844630727,2,0.0465144230063947
7433,0.269467787114846,349.295418413066,2,0.0417059897887447
7434,0.266106442577031,349.342390518861,2,0.0431248220393905
7435,0.263865546218487,349.389362624657,2,0.044233120021995
7436,0.267787114845938,349.436334730452,2,0.0423801075073241
7437,0.268347338935574,349.483306836248,2,0.042147704620908
7438,0.267226890756303,349.530278942044,2,0.0426203518397957
7439,0.264985994397759,349.577251047839,2,0.0436620705405833
7440,0.266666666666667,349.624223153635,2,0.0428685509064329
7441,0.272829131652661,349.671195259431,2,0.0405584542537705
7442,0.27843137254902,349.718167365226,2,0.0391985366231322
7443,0.282913165266106,349.765139471022,2,0.0385729079313784
7444,0.277871148459384,349.812111576817,2,0.0393049693636574
7445,0.279551820728291,349.859083682613,2,0.039004732730844
