"y","mean_gray","position..mm.","facies_class","facies_prob"
532,0.114203730272597,25.1409163173869,1,0.989275043068264
533,0.143950263032042,25.1878884231826,1,0.889708668094881
534,0.161262553802009,25.2348605289782,1,0.70834764309029
535,0.172357723577236,25.2818326347738,1,0.550399031381267
536,0.179053084648494,25.3288047405695,2,0.455294025147025
537,0.180583452893352,25.3757768463651,2,0.434587458168124
538,0.175514108082257,25.4227489521607,1,0.50485175356623
539,0.173218555714969,25.4697210579564,1,0.537897151689413
540,0.172070779531325,25.516693163752,1,0.554574746060352
541,0.171305595408895,25.5636652695476,1,0.565723692817441
542,0.174270683883309,25.6106373753433,1,0.522687869954419
543,0.184791965566714,25.6576094811389,2,0.380528056760886
544,0.194356767097083,25.7045815869345,2,0.276571303547009
545,0.195026303204209,25.7515536927302,2,0.270340041428948
546,0.197226207556193,25.7985257985258,2,0.250815687403083
547,0.195695839311334,25.8454979043214,2,0.264244477113276
548,0.192156862745098,25.8924700101171,2,0.298010238926104
549,0.189191774270684,25.9394421159127,2,0.329262167985789
550,0.181635581061693,25.9864142217084,2,0.420655490909899
551,0.178574844571975,26.033386327504,2,0.461863926254482
552,0.183452893352463,26.0803584332996,2,0.397231465789462
553,0.177522716403635,26.1273305390953,2,0.476468557666629
554,0.17714012434242,26.1743026448909,2,0.481827274999487
555,0.176853180296509,26.2212747506865,2,0.485861950294145
556,0.175992348158776,26.2682468564822,2,0.498040939489255
557,0.176853180296509,26.3152189622778,2,0.485861950294145
558,0.178479196556671,26.3621910680734,2,0.463183218792446
559,0.178287900526064,26.4091631738691,2,0.465826982444868
560,0.176183644189383,26.4561352796647,2,0.495325231635039
561,0.164131994261119,26.5031073854603,1,0.669048962473676
562,0.163653754184601,26.550079491256,1,0.675717963864709
563,0.160688665710187,26.5970515970516,1,0.715977981638165
564,0.158775705404113,26.6440237028472,1,0.74076584858908
565,0.157532281205165,26.6909958086429,1,0.756296752781873
566,0.15351506456241,26.7379679144385,1,0.802938802701639
567,0.150263032042085,26.7849400202342,1,0.836374990212033
568,0.150549976087996,26.8319121260298,1,0.833587126816927
569,0.144237207077953,26.8788842318254,1,0.887610966891698
570,0.136681013868962,26.9258563376211,1,0.933364150924765
571,0.133428981348637,26.9728284434167,1,0.947625854173901
572,0.13065518890483,27.0198005492123,1,0.957643795756112
573,0.123481587757054,27.066772655008,1,0.976192836470591
574,0.120994739359158,27.1137447608036,1,0.980667929409799
575,0.128742228598757,27.1607168665992,1,0.963540828934136
576,0.137350549976088,27.2076889723949,1,0.930055989214011
577,0.142611190817791,27.2546610781905,1,0.899102431484677
578,0.142706838833094,27.3016331839861,1,0.898452814223154
579,0.140985174557628,27.3486052897818,1,0.909654869043458
580,0.138307030129125,27.3955773955774,1,0.925094966218253
581,0.139167862266858,27.442549501373,1,0.920386233893747
582,0.14519368723099,27.4895216071687,1,0.880398911098744
583,0.154184600669536,27.5364937129643,1,0.795562148728289
584,0.160019129603061,27.58346581876,1,0.724770450026032
585,0.167479674796748,27.6304379245556,1,0.62137345610409
586,0.171209947393592,27.6774100303512,1,0.567118285450088
587,0.171114299378288,27.7243821361469,1,0.568513014836524
588,0.164705882352941,27.7713542419425,1,0.660991932727818
589,0.15533237685318,27.8183263477381,1,0.782538416738886
590,0.149784791965567,27.8652984535338,1,0.840950854106989
591,0.1480631276901,27.9122705593294,1,0.856692303654408
592,0.147871831659493,27.959242665125,1,0.858370714503537
593,0.151315160210426,28.0062147709207,1,0.825998010289595
594,0.156958393113343,28.0531868767163,1,0.763298959106455
595,0.164323290291726,28.1001589825119,1,0.666369646693833
596,0.170540411286466,28.1471310883076,1,0.576882912775287
597,0.172070779531325,28.1941031941032,1,0.554574746060352
598,0.170349115255858,28.2410752998988,1,0.579672877338718
599,0.170540411286466,28.2880474056945,1,0.576882912775287
600,0.171401243424199,28.3350195114901,1,0.564329260950704
601,0.16700143472023,28.3819916172857,1,0.628269862071151
602,0.16987087517934,28.4289637230814,1,0.586645940198495
603,0.173601147776184,28.475935828877,1,0.532356121434261
604,0.174653275944524,28.5229079346727,1,0.517181903899645
605,0.17532281205165,28.5698800404683,1,0.507584271157692
606,0.176087996174079,28.6168521462639,2,0.496682449946342
607,0.175609756097561,28.6638242520596,1,0.503487209314717
608,0.173696795791487,28.7107963578552,1,0.530972606154841
609,0.17895743663319,28.7577684636508,2,0.456604408855579
610,0.177809660449546,28.8047405694465,2,0.472465800305349
611,0.176757532281205,28.8517126752421,2,0.487209720789979
612,0.175418460066954,28.8986847810377,1,0.506217447712764
613,0.175131516021043,28.9456568868334,1,0.510321223036457
614,0.17532281205165,28.992628992629,1,0.507584271157692
615,0.175896700143472,29.0396010984246,2,0.499400680312894
616,0.176566236250598,29.0865732042203,2,0.48990946582196
617,0.180870396939264,29.1335453100159,2,0.430762215979661
618,0.182879005260641,29.1805174158115,2,0.404537249038488
619,0.183357245337159,29.2274895216072,2,0.398443084130998
620,0.183835485413678,29.2744616274028,2,0.392409373162542
621,0.18546150167384,29.3214337331985,2,0.372362526003473
622,0.185270205643233,29.3684058389941,2,0.374682614666619
623,0.182496413199426,29.4153779447897,2,0.409455242844424
624,0.179053084648494,29.4623500505854,2,0.455294025147025
625,0.176183644189383,29.509322156381,2,0.495325231635039
626,0.169201339072214,29.5562942621766,1,0.596398994088229
627,0.160401721664275,29.6032663679723,1,0.719760969813935
628,0.153706360593018,29.6502384737679,1,0.800847998464436
629,0.150932568149211,29.6972105795635,1,0.829820672232756
630,0.153419416547107,29.7441826853592,1,0.803979132249566
631,0.157436633189861,29.7911547911548,1,0.75747122866562
632,0.161071257771401,29.8381268969504,1,0.710900447017548
633,0.167288378766141,29.8850990027461,1,0.624134645960463
634,0.172070779531325,29.9320711085417,1,0.554574746060352
635,0.17168818747011,29.9790432143373,1,0.560147169351271
636,0.169296987087518,30.026015320133,1,0.595006630292292
637,0.167192730750837,30.0729874259286,1,0.625513951616289
638,0.160401721664275,30.1199595317243,1,0.719760969813935
639,0.153228120516499,30.1669316375199,1,0.806049611754468
640,0.152271640363462,30.2139037433155,1,0.816196786535473
641,0.156958393113343,30.2608758491112,1,0.763298959106455
642,0.158106169296987,30.3078479549068,1,0.749188553905815
643,0.163271162123386,30.3548200607024,1,0.681021559661095
644,0.1662362505978,30.4017921664981,1,0.63925391891408
645,0.162219033955045,30.4487642722937,1,0.695449532040705
646,0.158488761358202,30.4957363780893,1,0.744392395785685
647,0.154088952654232,30.542708483885,1,0.796626012771808
648,0.14988043998087,30.5896805896806,1,0.84004274518853
649,0.150741272118604,30.6366526954762,1,0.831710935709853
650,0.159349593495935,30.6836248012719,1,0.733438926931805
651,0.165279770444763,30.7305969070675,1,0.652880424691696
652,0.169583931133429,30.7775690128631,1,0.590827532155435
653,0.174461979913917,30.8245411186588,1,0.519933051416897
654,0.176853180296509,30.8715132244544,2,0.485861950294145
655,0.178096604495457,30.91848533025,2,0.468477537269673
656,0.179818268770923,30.9654574360457,2,0.444878193670351
657,0.183548541367767,31.0124295418413,2,0.396022275800146
658,0.178096604495457,31.059401647637,2,0.468477537269673
659,0.175418460066954,31.1063737534326,1,0.506217447712764
660,0.178096604495457,31.1533458592282,2,0.468477537269673
661,0.182687709230033,31.2003179650239,2,0.406991555687679
662,0.18546150167384,31.2472900708195,2,0.372362526003473
663,0.187661406025825,31.2942621766151,2,0.34644352068439
664,0.188713534194165,31.3412342824108,2,0.334555188157945
665,0.191965566714491,31.3882063882064,2,0.299944804933687
666,0.190530846484935,31.435178494002,2,0.31481357624712
667,0.18727881396461,31.4821505997977,2,0.350848903733434
668,0.185557149689144,31.5291227055933,2,0.371206387081389
669,0.186513629842181,31.5760948113889,2,0.359789809177857
670,0.185652797704448,31.6230669171846,2,0.370052861170432
671,0.179340028694405,31.6700390229802,2,0.451373922705444
672,0.172644667623147,31.7170111287758,1,0.546227109346755
673,0.1662362505978,31.7639832345715,1,0.63925391891408
674,0.165853658536585,31.8109553403671,1,0.644719482564471
675,0.165088474414156,31.8579274461628,1,0.65559000426096
676,0.165088474414156,31.9048995519584,1,0.65559000426096
677,0.16700143472023,31.951871657754,1,0.628269862071151
678,0.16987087517934,31.9988437635497,1,0.586645940198495
679,0.173122907699665,32.0458158693453,1,0.539284038604749
680,0.174748923959828,32.0927879751409,1,0.515807760689279
681,0.180296508847441,32.1397600809366,2,0.438431341154907
682,0.182209469153515,32.1867321867322,2,0.413168167539409
683,0.184887613582018,32.2337042925278,2,0.379353830569261
684,0.185652797704448,32.2806763983235,2,0.370052861170432
685,0.185652797704448,32.3276485041191,2,0.370052861170432
686,0.184600669536107,32.3746206099147,2,0.382884160769635
687,0.181157340985175,32.4215927157104,2,0.426955985798558
688,0.178670492587279,32.468564821506,2,0.460546382371182
689,0.17350549976088,32.5155369273016,1,0.533740356134363
690,0.16700143472023,32.5625090330973,1,0.628269862071151
691,0.161645145863223,32.6094811388929,1,0.703214738932444
692,0.161166905786705,32.6564532446885,1,0.709625198717492
693,0.166140602582496,32.7034253504842,1,0.640622072413069
694,0.171496891439503,32.7503974562798,1,0.562935013814908
695,0.174653275944524,32.7973695620755,1,0.517181903899645
696,0.17532281205165,32.8443416678711,1,0.507584271157692
697,0.176853180296509,32.8913137736667,2,0.485861950294145
698,0.177331420373027,32.9382858794624,2,0.479144876023969
699,0.178000956480153,32.985257985258,2,0.469805318294478
700,0.178000956480153,33.0322300910536,2,0.469805318294478
701,0.174079387852702,33.0792021968493,1,0.525446185681162
702,0.166044954567193,33.1261743026449,1,0.641989066860091
703,0.159349593495935,33.1731464084405,1,0.733438926931805
704,0.155523672883788,33.2201185142362,1,0.780322243744076
705,0.156288857006217,33.2670906200318,1,0.771330379580539
706,0.159923481587757,33.3140627258274,1,0.7260165375016
707,0.166905786704926,33.3610348316231,1,0.629646418027679
708,0.174461979913917,33.4080069374187,1,0.519933051416897
709,0.179340028694405,33.4549790432144,2,0.451373922705444
710,0.18364418938307,33.50195114901,2,0.394815523952141
711,0.192156862745098,33.5489232548056,2,0.298010238926104
712,0.201434720229555,33.5958953606013,2,0.217383066455401
713,0.203156384505022,33.6428674663969,2,0.205113212720417
714,0.20832137733142,33.6898395721925,2,0.172773278099251
715,0.211669057867049,33.7368116779882,2,0.155048486418742
716,0.211764705882353,33.7837837837838,2,0.154576088263897
717,0.21195600191296,33.8307558895794,2,0.153636728335245
718,0.20908656145385,33.8777279953751,2,0.16851148502107
719,0.203825920612147,33.9247001011707,2,0.200551100364525
720,0.201243424198948,33.9716722069663,2,0.218795312893036
721,0.195982783357245,34.018644312762,2,0.261673388855436
722,0.199139167862267,34.0656164185576,2,0.234996306984971
723,0.198756575801052,34.1125885243532,2,0.238075705433469
724,0.199139167862267,34.1595606301489,2,0.234996306984971
725,0.201912960306074,34.2065327359445,2,0.213895695917845
726,0.203252032520325,34.2535048417401,2,0.204454411704131
727,0.20363462458154,34.3004769475358,2,0.201842816534907
728,0.206791009086561,34.3474490533314,2,0.181691400086649
729,0.204208512673362,34.3944211591271,2,0.197995589516347
730,0.211573409851746,34.4413932649227,2,0.1555227048407
731,0.218460066953611,34.4883653707183,2,0.125677927219983
732,0.220946915351506,34.535337476514,2,0.116811144318426
733,0.223720707795313,34.5823095823096,2,0.107941549607463
734,0.227929220468675,34.6292816881052,2,0.0962968799032996
735,0.234050693448111,34.6762537939009,2,0.0826348891975609
736,0.235963653754185,34.7232258996965,2,0.0790395207770264
737,0.237207077953132,34.7701980054921,2,0.0768541715037314
738,0.243137254901961,34.8171701112878,2,0.0678917841724023
739,0.247058823529412,34.8641422170834,2,0.0631153859802549
740,0.243998087039694,34.911114322879,2,0.0667715174683681
741,0.23739837398374,34.9580864286747,2,0.0765281033849866
742,0.232424677187948,35.0050585344703,2,0.0859279990978978
743,0.231372549019608,35.0520306402659,2,0.0881822782884675
744,0.232329029172645,35.0990027460616,2,0.0861288323917283
745,0.229842180774749,35.1459748518572,2,0.0916444870559196
746,0.225538020086083,35.1929469576529,2,0.102661394925503
747,0.218747010999522,35.2399190634485,2,0.124607751132623
748,0.215494978479197,35.2868911692441,2,0.137508234995528
749,0.215016738402678,35.3338632750398,2,0.139554560809727
750,0.207747489239598,35.3808353808354,2,0.176055046076713
751,0.194165471066475,35.427807486631,2,0.278376711330412
752,0.183452893352463,35.4747795924267,2,0.397231465789462
753,0.169488283118125,35.5217516982223,1,0.592220874724601
754,0.161932089909134,35.5687238040179,1,0.699341801108736
755,0.152845528455285,35.6156959098136,1,0.810149669872584
756,0.144811095169775,35.6626680156092,1,0.883324504900733
757,0.135628885700622,35.7096401214048,1,0.938298262429671
758,0.124246771879484,35.7566122272005,1,0.974639213887808
759,0.111238641798183,35.8035843329961,1,0.991782170411096
760,0.103491152558584,35.8505564387917,1,0.99600106430371
761,0.104543280726925,35.8975285445874,1,0.995581143471109
762,0.112960306073649,35.944500650383,1,0.990401929859797
763,0.120803443328551,35.9914727561787,1,0.980978380776255
764,0.120325203252033,36.0384448619743,1,0.981734809877395
765,0.122142515542802,36.0854169677699,1,0.978706808928025
766,0.132759445241511,36.1323890735656,1,0.950213979089138
767,0.141846006695361,36.1793611793612,1,0.90418297423887
768,0.141272118603539,36.2263332851568,1,0.90785923456764
769,0.145671927307508,36.2733053909525,1,0.876664870995752
770,0.143950263032042,36.3202774967481,1,0.889708668094881
771,0.142993782879005,36.3672496025437,1,0.896484382447078
772,0.143663318986131,36.4142217083394,1,0.891776237476169
773,0.144715447154472,36.461193814135,1,0.884047385996962
774,0.147871831659493,36.5081659199306,1,0.858370714503537
775,0.153132472501196,36.5551380257263,1,0.807079748426841
776,0.158201817312291,36.6021101315219,1,0.747993764429462
777,0.162219033955045,36.6490822373175,1,0.695449532040705
778,0.170062171209947,36.6960543431132,1,0.583857154058754
779,0.174748923959828,36.7430264489088,1,0.515807760689279
780,0.175609756097561,36.7899985547044,1,0.503487209314717
781,0.179435676709708,36.8369706605001,2,0.450070957788461
782,0.188617886178862,36.8839427662957,2,0.335622131934947
783,0.195600191296031,36.9309148720914,2,0.265107000456202
784,0.196556671449067,36.977886977887,2,0.256605083161114
785,0.198660927785748,37.0248590836826,2,0.238852097714174
786,0.198469631755141,37.0718311894783,2,0.240412766411046
787,0.196269727403156,37.1188032952739,2,0.259126954814656
788,0.193878527020564,37.1657754010695,2,0.281105763078875
789,0.190148254423721,37.2127475068652,2,0.318885626725258
790,0.188522238163558,37.2597196126608,2,0.336691848695859
791,0.188713534194165,37.3066917184564,2,0.334555188157945
792,0.190530846484935,37.3536638242521,2,0.31481357624712
793,0.182879005260641,37.4006359300477,2,0.404537249038488
794,0.179340028694405,37.4476080358433,2,0.451373922705444
795,0.173122907699665,37.494580141639,1,0.539284038604749
796,0.1662362505978,37.5415522474346,1,0.63925391891408
797,0.16078431372549,37.5885243532302,1,0.714712154979665
798,0.159923481587757,37.6354964590259,1,0.7260165375016
799,0.163271162123386,37.6824685648215,1,0.681021559661095
800,0.166714490674319,37.7294406706172,1,0.632396609519843
801,0.174461979913917,37.7764127764128,1,0.519933051416897
802,0.177618364418938,37.8233848822084,2,0.475132724446601
803,0.182018173122908,37.8703569880041,2,0.415654913392786
804,0.182209469153515,37.9173290937997,2,0.413168167539409
805,0.177235772357724,37.9643011995953,2,0.480485324640675
806,0.172644667623147,38.011273305391,1,0.546227109346755
807,0.177427068388331,38.0582454111866,2,0.477805947592165
808,0.184887613582018,38.1052175169822,2,0.379353830569261
809,0.181635581061693,38.1521896227779,2,0.420655490909899
810,0.181731229076997,38.1991617285735,2,0.419401990984293
811,0.1818268770923,38.2461338343691,2,0.4181507199502
812,0.180870396939264,38.2931059401648,2,0.430762215979661
813,0.177235772357724,38.3400780459604,2,0.480485324640675
814,0.174175035868006,38.387050151756,1,0.524066601590768
815,0.173409851745576,38.4340222575517,1,0.535125287788425
816,0.175035868005739,38.4809943633473,1,0.511691309760368
817,0.184887613582018,38.527966469143,2,0.379353830569261
818,0.191965566714491,38.5749385749386,2,0.299944804933687
819,0.198469631755141,38.6219106807342,2,0.240412766411046
820,0.199713055954089,38.6688827865299,2,0.230455190264907
821,0.194739359158297,38.7158548923255,2,0.272993913026526
822,0.190435198469632,38.7628269981211,2,0.315827370017334
823,0.192252510760402,38.8097991039168,2,0.297047184826059
824,0.196652319464371,38.8567712097124,2,0.255769901066876
825,0.197608799617408,38.903743315508,2,0.247566763283998
826,0.19273075083692,38.9507154213037,2,0.29227417981594
827,0.195121951219512,38.9976875270993,2,0.269460960311924
828,0.199234815877571,39.0446596328949,2,0.234232976133039
829,0.200095648015304,39.0916317386906,2,0.227479303222655
830,0.20286944045911,39.1386038444862,2,0.207103876408381
831,0.207556193208991,39.1855759502818,2,0.177165508439246
832,0.210329985652798,39.2325480560775,2,0.161855982021611
833,0.219894787183166,39.2795201618731,2,0.12045155599389
834,0.224007651841224,39.3264922676687,2,0.107081032378151
835,0.22180774748924,39.3734643734644,2,0.11394841987187
836,0.212338593974175,39.42043647926,2,0.15177958354754
837,0.207651841224295,39.4674085850557,2,0.176609236177401
838,0.210712577714012,39.5143806908513,2,0.159873594385127
839,0.213295074127212,39.5613527966469,2,0.147260318055367
840,0.212529890004782,39.6083249024426,2,0.15086170160982
841,0.215303682448589,39.6552970082382,2,0.138321973646724
842,0.208990913438546,39.7022691140338,2,0.169037185955458
843,0.201626016260163,39.7492412198295,2,0.215980727170388
844,0.196843615494978,39.7962133256251,2,0.254107677599827
845,0.189287422285988,39.8431854314207,2,0.328211922965155
846,0.183070301291248,39.8901575372164,2,0.402092409350974
847,0.182496413199426,39.937129643012,2,0.409455242844424
848,0.185844093735055,39.9841017488076,2,0.367753675830131
849,0.205643232902917,40.0310738546033,2,0.188737897704548
850,0.210329985652798,40.0780459603989,2,0.161855982021611
851,0.216164514586322,40.1250180661945,2,0.134709747295513
852,0.22104256336681,40.1719901719902,2,0.116487995156442
853,0.222572931611669,40.2189622777858,2,0.111488219799392
854,0.222955523672884,40.2659343835815,2,0.110287137927213
855,0.224390243902439,40.3129064893771,2,0.105949555410605
856,0.225155428024868,40.3598785951727,2,0.103740008486281
857,0.221233859397417,40.4068507009684,2,0.115845527166939
858,0.223338115734099,40.453822806764,2,0.109105010622603
859,0.22649450023912,40.5007949125596,2,0.100039030615403
860,0.229746532759445,40.5477670183553,2,0.0918683516296342
861,0.233476805356289,40.5947391241509,2,0.0837714543801691
862,0.235007173601148,40.6417112299465,2,0.080800812250374
863,0.231755141080823,40.6886833357422,2,0.0873509678991139
864,0.228024868483979,40.7356554415378,2,0.0960552988162961
865,0.225538020086083,40.7826275473334,2,0.102661394925503
866,0.226972740315638,40.8295996531291,2,0.0987666204582482
867,0.229842180774749,40.8765717589247,2,0.0916444870559196
868,0.235868005738881,40.9235438647204,2,0.0792124534496473
869,0.241606886657102,40.970515970516,2,0.0699901134331695
870,0.245432807269249,41.0174880763116,2,0.0649959458885907
871,0.247250119560019,41.0644601821073,2,0.0629029849691175
872,0.248110951697752,41.1114322879029,2,0.0619694758204945
873,0.244285031085605,41.1584043936985,2,0.0664073807719754
874,0.238833094213295,41.2053764994942,2,0.0741655691500913
875,0.233189861310378,41.2523486052898,2,0.0843501458329279
876,0.230989956958393,41.2993207110854,2,0.0890270729004608
877,0.232329029172645,41.3462928168811,2,0.0861288323917283
878,0.232329029172645,41.3932649226767,2,0.0861288323917283
879,0.228885700621712,41.4402370284723,2,0.0939240658004976
880,0.224868483978957,41.487209134268,2,0.104560339884721
881,0.224103299856528,41.5341812400636,2,0.106796470498663
882,0.22467718794835,41.5811533458592,2,0.105112705381521
883,0.223433763749402,41.6281254516549,2,0.108812406579399
884,0.22285987565758,41.6750975574505,2,0.110585620057994
885,0.224007651841224,41.7220696632461,2,0.107081032378151
886,0.221425155428025,41.7690417690418,2,0.115208134151255
887,0.21740793878527,41.8160138748374,2,0.12971191316564
888,0.217886178861789,41.862985980633,2,0.127856614978678
889,0.218555714968914,41.9099580864287,2,0.125319794274853
890,0.224103299856528,41.9569301922243,2,0.106796470498663
891,0.225729316116691,42.00390229802,2,0.102128511097242
892,0.220086083213773,42.0508744038156,2,0.119777819117933
893,0.213390722142516,42.0978465096112,2,0.146817937460226
894,0.207556193208991,42.1448186154069,2,0.177165508439246
895,0.198756575801052,42.1917907212025,2,0.238075705433469
896,0.189765662362506,42.2387628269981,2,0.32300262671688
897,0.184696317551411,42.2857349327938,2,0.381704836180338
898,0.178670492587279,42.3327070385894,2,0.460546382371182
899,0.172931611669058,42.379679144385,1,0.542059608459031
900,0.169679579148733,42.4266512501807,1,0.589433912506579
901,0.165471066475371,42.4736233559763,1,0.650165351782534
902,0.158010521281683,42.5205954617719,1,0.750380484991327
903,0.154758488761358,42.5675675675676,1,0.789109302858188
904,0.153132472501196,42.6145396733632,1,0.807079748426841
905,0.145289335246294,42.6615117791589,1,0.879658968680375
906,0.139550454328073,42.7084838849545,1,0.918217390094412
907,0.137254901960784,42.7554559907501,1,0.9305367700343
908,0.13868962219034,42.8024280965458,1,0.923031168203328
909,0.141463414634146,42.8494002023414,1,0.906646461319553
910,0.144811095169775,42.896372308137,1,0.883324504900733
911,0.151889048302248,42.9433444139327,1,0.820159052779246
912,0.159349593495935,42.9903165197283,1,0.733438926931805
913,0.165375418460067,43.0372886255239,1,0.651523563119775
914,0.171975131516021,43.0842607313196,1,0.555967384380575
915,0.179435676709708,43.1312328371152,2,0.450070957788461
916,0.185844093735055,43.1782049429108,2,0.367753675830131
917,0.192443806791009,43.2251770487065,2,0.295129531804125
918,0.200478240076518,43.2721491545021,2,0.22454425352414
919,0.207747489239598,43.3191212602977,2,0.176055046076713
920,0.212816834050693,43.3660933660934,2,0.149498105834305
921,0.213008130081301,43.413065471889,2,0.148597789895367
922,0.216068866571019,43.4600375776847,2,0.135104852784456
923,0.216547106647537,43.5070096834803,2,0.133144715054309
924,0.210808225729316,43.5539817892759,2,0.159382717399584
925,0.20286944045911,43.6009538950716,2,0.207103876408381
926,0.195600191296031,43.6479260008672,2,0.265107000456202
927,0.191487326637972,43.6948981066628,2,0.304830571716546
928,0.18909612625538,43.7418702124585,2,0.33031520283545
929,0.182783357245337,43.7888423182541,2,0.405763224345139
930,0.187948350071736,43.8358144240497,2,0.343168195516634
931,0.196843615494978,43.8827865298454,2,0.254107677599827
932,0.206599713055954,43.929758635641,2,0.182844135321946
933,0.216738402678144,43.9767307414366,2,0.132371355033133
934,0.224103299856528,44.0237028472323,2,0.106796470498663
935,0.230607364897178,44.0706749530279,2,0.0898855625297569
936,0.23481587757054,44.1176470588235,2,0.0811617152130338
937,0.235102821616451,44.1646191646192,2,0.0806214538052236
938,0.233955045432807,44.2115912704148,2,0.0828224089079017
939,0.232902917264467,44.2585633762104,2,0.0849358843816846
940,0.233476805356289,44.3055354820061,2,0.0837714543801691
941,0.233189861310378,44.3525075878017,2,0.0843501458329279
942,0.233476805356289,44.3994796935973,2,0.0837714543801691
943,0.231181252989,44.446451799393,2,0.088602976971254
944,0.229937828790053,44.4934239051886,2,0.0914215192115106
945,0.233094213295074,44.5403960109843,2,0.0845446049691833
946,0.229937828790053,44.5873681167799,2,0.0914215192115106
947,0.228024868483979,44.6343402225755,2,0.0960552988162961
948,0.227737924438068,44.6813123283712,2,0.0967829532861481
949,0.230798660927786,44.7282844341668,2,0.0894545925308604
950,0.233189861310378,44.7752565399624,2,0.0843501458329279
951,0.233572453371593,44.8222286457581,2,0.0835801091971965
952,0.233476805356289,44.8692007515537,2,0.0837714543801691
953,0.234720229555237,44.9161728573493,2,0.0813432653412897
954,0.231850789096126,44.963144963145,2,0.0871452228299811
955,0.229650884744142,45.0101170689406,2,0.0920931164214268
956,0.229650884744142,45.0570891747362,2,0.0920931164214268
957,0.230320420851267,45.1040612805319,2,0.0905385458297428
958,0.230989956958393,45.1510333863275,2,0.0890270729004608
959,0.232424677187948,45.1980054921232,2,0.0859279990978978
960,0.233668101386896,45.2449775979188,2,0.0833895350204733
961,0.232902917264467,45.2919497037144,2,0.0849358843816846
962,0.232615973218556,45.3389218095101,2,0.0855287521778926
963,0.231372549019608,45.3858939153057,2,0.0881822782884675
964,0.232233381157341,45.4328660211013,2,0.0863304764120624
965,0.234911525585844,45.479838126897,2,0.0809808984531543
966,0.239024390243902,45.5268102326926,2,0.0738613664280087
967,0.243424198947872,45.5737823384882,2,0.0675136686283215
968,0.245624103299857,45.6207544442839,2,0.0647675834521618
969,0.246867527498804,45.6677265500795,2,0.0633296158603843
970,0.247441415590626,45.7146986558751,2,0.0626924001598278
971,0.247345767575323,45.7616707616708,2,0.062797466326272
972,0.247441415590626,45.8086428674664,2,0.0626924001598278
973,0.246771879483501,45.855614973262,2,0.0634374206176166
974,0.245815399330464,45.9025870790577,2,0.0645411487802833
975,0.243041606886657,45.9495591848533,2,0.0680188783104054
976,0.241319942611191,45.996531290649,2,0.0703992883601207
977,0.243806791009087,46.0435033964446,2,0.0670168328436411
978,0.239311334289813,46.0904755022402,2,0.0734097092095325
979,0.2337637494022,46.1374476080359,2,0.0831997288818703
980,0.231181252989,46.1844197138315,2,0.088602976971254
981,0.231850789096126,46.2313918196271,2,0.0871452228299811
982,0.234337637494022,46.2783639254228,2,0.0820768561789556
983,0.236346245815399,46.3253360312184,2,0.0783547674654215
984,0.237015781922525,46.372308137014,2,0.0771829058086749
985,0.238354854136777,46.4192802428097,2,0.0749370555527009
986,0.239789574366332,46.4662523486053,2,0.072669184900528
987,0.241798182687709,46.5132244544009,2,0.0697201386882614
988,0.244763271162123,46.5601965601966,2,0.0658105947688477
989,0.247250119560019,46.6071686659922,2,0.0629029849691175
990,0.2519368723099,46.6541407717878,2,0.0582373682771541
991,0.256145384983262,46.7011128775835,2,0.0548425893495492
992,0.258919177427068,46.7480849833791,2,0.052966962641644
993,0.260736489717838,46.7950570891747,2,0.0518806724394667
994,0.268483978957437,46.8420291949704,2,0.0483854710775564
995,0.267718794835007,46.889001300766,2,0.0486543524473753
996,0.263988522238164,46.9359734065617,2,0.0501987957334066
997,0.265040650406504,46.9829455123573,2,0.04972295176045
998,0.264275466284075,47.0299176181529,2,0.0500658034927522
999,0.263988522238164,47.0768897239486,2,0.0501987957334066
1000,0.268675274988044,47.1238618297442,2,0.0483207198223032
1001,0.272501195600191,47.1708339355398,2,0.0472273105457379
1002,0.274509803921569,47.2178060413355,2,0.0468022353972905
1003,0.275944524151124,47.2647781471311,2,0.0465594086919742
1004,0.278144428503109,47.3117502529267,2,0.0462836254840537
1005,0.282926829268293,47.3587223587224,2,0.0460801001137736
1006,0.285509325681492,47.405694464518,2,0.0461939732857388
1007,0.278909612625538,47.4526665703136,2,0.046214782991233
1008,0.269057867049259,47.4996386761093,2,0.0481941553486378
1009,0.256814921090387,47.5466107819049,2,0.0543648444719919
1010,0.249163079866093,47.5935828877005,2,0.0608768341649321
1011,0.238067910090866,47.6405549934962,2,0.075407571489784
1012,0.229650884744142,47.6875270992918,2,0.0920931164214268
1013,0.22544237207078,47.7344992050875,2,0.102929436370232
1014,0.222572931611669,47.7814713108831,2,0.111488219799392
1015,0.217790530846485,47.8284434166787,2,0.128224760641359
1016,0.213964610234338,47.8754155224744,2,0.144199393659172
1017,0.216164514586322,47.92238762827,2,0.134709747295513
1018,0.21453849832616,47.9693597340656,2,0.141641199168546
1019,0.211764705882353,48.0163318398613,2,0.154576088263897
1020,0.209851745576279,48.0633039456569,2,0.164376911379279
1021,0.210043041606887,48.1102760514525,2,0.163362770129653
1022,0.211382113821138,48.1572481572482,2,0.156476626956684
1023,0.212338593974175,48.2042202630438,2,0.15177958354754
1024,0.213103778096604,48.2511923688394,2,0.148150238314121
1025,0.216929698708752,48.2981644746351,2,0.131604040183294
1026,0.219416547106648,48.3451365804307,2,0.122159393737072
1027,0.22104256336681,48.3921086862263,2,0.116487995156442
1028,0.220086083213773,48.439080792022,2,0.119777819117933
1029,0.218747010999522,48.4860528978176,2,0.124607751132623
1030,0.219799139167862,48.5330250036133,2,0.1207904282634
1031,0.220468675274988,48.5799971094089,2,0.118446236154491
1032,0.220564323290292,48.6269692152045,2,0.118116622032351
1033,0.220564323290292,48.6739413210002,2,0.118116622032351
1034,0.221233859397418,48.7209134267958,2,0.115845527166939
1035,0.222285987565758,48.7678855325914,2,0.112401645756111
1036,0.221616451458632,48.8148576383871,2,0.114575777756053
1037,0.221329507412721,48.8618297441827,2,0.115526198690166
1038,0.222764227642276,48.9088018499783,2,0.110885291372624
1039,0.227929220468675,48.955773955774,2,0.0962968799032996
1040,0.230894308943089,49.0027460615696,2,0.0892404030912991
1041,0.229172644667623,49.0497181673652,2,0.0932305667205475
1042,0.229746532759445,49.0966902731609,2,0.0918683516296341
1043,0.229650884744142,49.1436623789565,2,0.0920931164214268
1044,0.228885700621712,49.1906344847521,2,0.0939240658004976
1045,0.230416068866571,49.2376065905478,2,0.0903200097780783
1046,0.232807269249163,49.2845786963434,2,0.0851327107556914
1047,0.232807269249163,49.331550802139,2,0.0851327107556914
1048,0.231085604973697,49.3785229079347,2,0.0888145986315999
1049,0.228024868483979,49.4254950137303,2,0.0960552988162961
1050,0.220086083213773,49.472467119526,2,0.119777819117933
1051,0.211764705882353,49.5194392253216,2,0.154576088263897
1052,0.207364897178384,49.5664113311172,2,0.178284324643269
1053,0.206408417025347,49.6133834369129,2,0.184005476082881
1054,0.203060736489718,49.6603555427085,2,0.205774386554918
1055,0.196078431372549,49.7073276485041,2,0.26082184259224
1056,0.191104734576758,49.7542997542998,2,0.30878995019747
1057,0.188522238163558,49.8012718600954,2,0.336691848695859
1058,0.179435676709708,49.848243965891,2,0.450070957788461
1059,0.171209947393592,49.8952160716867,1,0.567118285450088
1060,0.162697274031564,49.9421881774823,1,0.68892097093192
1061,0.153419416547107,49.9891602832779,1,0.803979132249566
1062,0.151028216164515,50.0361323890736,1,0.828870269483351
1063,0.151028216164515,50.0831044948692,1,0.828870269483351
1064,0.147680535628886,50.1300766006649,1,0.86003503383705
1065,0.148637015781923,50.1770487064605,1,0.851572390938434
1066,0.148541367766619,50.2240208122561,1,0.852434538409242
1067,0.147393591582975,50.2709929180518,1,0.862505127263975
1068,0.147489239598278,50.3179650238474,1,0.861685277866595
1069,0.148923959827834,50.364937129643,1,0.848964742123598
1070,0.1506456241033,50.4119092354387,1,0.832650791458913
1071,0.15246293639407,50.4588813412343,1,0.814194869875218
1072,0.152367288378766,50.5058534470299,1,0.815197556160152
1073,0.160879961740794,50.5528255528256,1,0.713443944318182
1074,0.159158297465328,50.5997976586212,1,0.735892020361081
1075,0.15896700143472,50.6467697644168,1,0.738334371268549
1076,0.162410329985653,50.6937418702125,1,0.692844220257211
1077,0.164801530368245,50.7407139760081,1,0.659643662801395
1078,0.166427546628407,50.7876860818037,1,0.636514231073422
1079,0.168149210903874,50.8346581875994,1,0.611684792622176
1080,0.17063605930177,50.881630293395,1,0.5754878695561
1081,0.164897178383549,50.9286023991906,1,0.658293902565047
1082,0.163749402199904,50.9755745049863,1,0.674387600953841
1083,0.166810138689622,51.0225466107819,1,0.631022008625159
1084,0.168627450980392,51.0695187165776,1,0.604744429436218
1085,0.167957914873266,51.1164908223732,1,0.614456584274732
1086,0.166331898613104,51.1634629281688,1,0.637884630430224
1087,0.16441893830703,51.2104350339645,1,0.665027569143285
1088,0.159445241511239,51.2574071397601,1,0.732208393377301
1089,0.143089430894309,51.3043792455557,1,0.895821687550622
1090,0.136776661884266,51.3513513513514,1,0.932899691980832
1091,0.129890004782401,51.398323457147,1,0.960095766911788
1092,0.123672883787661,51.4452955629426,1,0.975812669993511
1093,0.115925394548063,51.4922676687383,1,0.987512717950603
1094,0.109803921568627,51.5392397745339,1,0.992789268106489
1095,0.110664753706361,51.5862118803295,1,0.992199726213012
1096,0.115351506456241,51.6331839861252,1,0.988127763754768
1097,0.113151602104256,51.6801560919208,1,0.990236000444142
1098,0.117264466762315,51.7271281977164,1,0.985962114653619
1099,0.123481587757054,51.7741003035121,1,0.976192836470591
1100,0.128168340506934,51.8210724093077,1,0.96516315134742
1101,0.130176948828312,51.8680445151033,1,0.959191205969319
1102,0.128742228598757,51.915016620899,1,0.963540828934136
1103,0.123959827833572,51.9619887266946,1,0.975232182780201
1104,0.12051649928264,52.0089608324903,1,0.981435579725386
1105,0.10492587278814,52.0559329382859,1,0.995418464147193
1106,0.106360593017695,52.1029050440815,1,0.994757173583405
1107,0.111525585844094,52.1498771498772,1,0.991565706463112
1108,0.118125298900048,52.1968492556728,1,0.984874142519844
1109,0.123864179818269,52.2438213614684,1,0.975427054401675
1110,0.129029172644668,52.2907934672641,1,0.962705009330169
1111,0.133907221425155,52.3377655730597,1,0.945707438496528
1112,0.138498326159732,52.3847376788553,1,0.924068816445423
1113,0.138307030129125,52.431709784651,1,0.925094966218253
1114,0.141463414634146,52.4786818904466,1,0.906646461319553
1115,0.139072214251554,52.5256539962422,1,0.920921066454046
1116,0.132950741272119,52.5726261020379,1,0.949485967281942
1117,0.132185557149689,52.6195982078335,1,0.952344121661125
1118,0.137063605930177,52.6665703136292,1,0.931490104882187
1119,0.144906743185079,52.7135424194248,1,0.882598222284436
1120,0.153228120516499,52.7605145252204,1,0.806049611754468
1121,0.157340985174558,52.8074866310161,1,0.758642746016393
1122,0.160114777618364,52.8544587368117,1,0.72352183155375
1123,0.167957914873266,52.9014308426073,1,0.614456584274732
1124,0.174366331898613,52.948402948403,1,0.521310012638072
1125,0.177427068388331,52.9953750541986,2,0.477805947592165
1126,0.181922525107604,53.0423471599942,2,0.416901690050949
1127,0.18622668579627,53.0893192657899,2,0.363186956112603
1128,0.185557149689144,53.1362913715855,2,0.371206387081389
1129,0.180870396939264,53.1832634773811,2,0.430762215979661
1130,0.179148732663797,53.2302355831768,2,0.453985472219376
1131,0.177618364418938,53.2772076889724,2,0.475132724446601
1132,0.17714012434242,53.324179794768,2,0.481827274999487
1133,0.177522716403635,53.3711519005637,2,0.476468557666629
1134,0.177235772357724,53.4181240063593,2,0.480485324640675
1135,0.176183644189383,53.4650961121549,2,0.495325231635039
1136,0.17455762792922,53.5120682179506,1,0.518557007974081
1137,0.177809660449546,53.5590403237462,2,0.472465800305349
1138,0.181731229076997,53.6060124295419,2,0.419401990984293
1139,0.188617886178862,53.6529845353375,2,0.335622131934947
1140,0.199713055954089,53.6999566411331,2,0.230455190264907
1141,0.209660449545672,53.7469287469288,2,0.16539880349061
1142,0.214347202295552,53.7939008527244,2,0.142487303303759
1143,0.216068866571019,53.84087295852,2,0.135104852784456
1144,0.217503586800574,53.8878450643157,2,0.129337928818941
1145,0.223433763749402,53.9348171701113,2,0.108812406579399
1146,0.223529411764706,53.9817892759069,2,0.108520964693987
1147,0.225059780009565,54.0287613817026,2,0.104012362333608
1148,0.231276901004304,54.0757334874982,2,0.0883922046192095
1149,0.237302725968436,54.1227055932938,2,0.0766908054360287
1150,0.241319942611191,54.1696776990895,2,0.0703992883601207
1151,0.243615494978479,54.2166498048851,2,0.0672642115721443
1152,0.242180774748924,54.2636219106807,2,0.069186855656011
1153,0.242372070779531,54.3105940164764,2,0.0689235148679749
1154,0.239502630320421,54.357566122272,2,0.0731116752827832
1155,0.236920133907221,54.4045382280677,2,0.0773482791330378
1156,0.235198469631755,54.4515103338633,2,0.0804428203300042
1157,0.234433285509326,54.4984824396589,2,0.0818923442269773
1158,0.231276901004304,54.5454545454546,2,0.0883922046192095
1159,0.225633668101387,54.5924266512502,2,0.102394421207727
1160,0.221903395504543,54.6393987570458,2,0.113636603528928
1161,0.213390722142516,54.6863708628415,2,0.146817937460226
1162,0.209660449545672,54.7333429686371,2,0.16539880349061
1163,0.20468675274988,54.7803150744327,2,0.194853052016256
1164,0.198278335724534,54.8272871802284,2,0.241983978059048
1165,0.190722142515543,54.874259286024,2,0.312794433213807
1166,0.184122429459589,54.9212313918196,2,0.388818670025879
1167,0.18259206121473,54.9682034976153,2,0.408222232191221
1168,0.183739837398374,55.0151756034109,2,0.393611219899713
1169,0.179148732663797,55.0621477092065,2,0.453985472219376
1170,0.181731229076997,55.1091198150022,2,0.419401990984293
1171,0.180200860832138,55.1560919207978,2,0.439716712135639
1172,0.174844571975132,55.2030640265935,1,0.514434599743183
1173,0.172070779531325,55.2500361323891,1,0.554574746060352
1174,0.172070779531325,55.2970082381847,1,0.554574746060352
1175,0.16700143472023,55.3439803439804,1,0.628269862071151
1176,0.160019129603061,55.390952449776,1,0.724770450026032
1177,0.151219512195122,55.4379245555716,1,0.826958935560665
1178,0.144332855093257,55.4848966613673,1,0.886905007972695
1179,0.132089909134385,55.5318687671629,1,0.952691394675483
1180,0.12596843615495,55.5788408729585,1,0.970806582645583
1181,0.130176948828312,55.6258129787542,1,0.959191205969319
1182,0.134672405547585,55.6727850845498,1,0.942513452716073
1183,0.138880918220947,55.7197571903454,1,0.921981943890044
1184,0.142419894787183,55.7667292961411,1,0.900391920552742
1185,0.133907221425155,55.8137014019367,1,0.945707438496528
1186,0.128550932568149,55.8606735077323,1,0.96408884499456
1187,0.119464371114299,55.907645613528,1,0.983027822456795
1188,0.112099473935916,55.9546177193236,1,0.991116839825764
1189,0.111142993782879,56.0015898251192,1,0.991853172608944
1190,0.113151602104256,56.0485619309149,1,0.990236000444142
1191,0.112482065997131,56.0955340367105,1,0.990805414486197
1192,0.109230033476805,56.1425061425062,1,0.993158995859792
1193,0.114586322333812,56.1894782483018,1,0.988904493367168
1194,0.101195600191296,56.2364503540974,1,0.996790911714769
1195,0.0954567192730751,56.2834224598931,1,0.998172469960197
1196,0.101769488283118,56.3303945656887,1,0.996608486122166
1197,0.10492587278814,56.3773666714843,1,0.995418464147193
1198,0.101578192252511,56.42433877728,1,0.99667035006519
1199,0.101769488283118,56.4713108830756,1,0.996608486122166
1200,0.107412721186035,56.5182829888712,1,0.994216678646334
1201,0.109134385461502,56.5652550946669,1,0.993218875190483
1202,0.101386896221903,56.6122272004625,1,0.996731152984303
1203,0.0979435676709708,56.6591993062581,1,0.997662244294913
1204,0.101673840267814,56.7061714120538,1,0.996639551783317
1205,0.103395504543281,56.7531435178494,1,0.996037324362246
1206,0.100143472022956,56.800115623645,1,0.997101649658598
1207,0.1012912482066,56.8470877294407,1,0.996761161830313
1208,0.106073648971784,56.8940598352363,1,0.994896174914123
1209,0.117360114777618,56.941031941032,1,0.985844870400962
1210,0.123481587757054,56.9880040468276,1,0.976192836470591
1211,0.133715925394548,57.0349761526232,1,0.946481884393587
1212,0.144811095169775,57.0819482584189,1,0.883324504900733
1213,0.151123864179818,57.1289203642145,1,0.827916356301425
1214,0.154375896700143,57.1758924700101,1,0.79342443527604
1215,0.157436633189861,57.2228645758058,1,0.75747122866562
1216,0.15973218555715,57.2698366816014,1,0.72850104857543
1217,0.169583931133429,57.316808787397,1,0.590827532155435
1218,0.171209947393592,57.3637808931927,1,0.567118285450088
1219,0.176183644189383,57.4107529989883,2,0.495325231635039
1220,0.183835485413678,57.4577251047839,2,0.392409373162542
1221,0.188426590148254,57.5046972105796,2,0.337764335251165
1222,0.18727881396461,57.5516693163752,2,0.350848903733434
1223,0.1844093735055,57.5986414221709,2,0.385250412569117
1224,0.182018173122908,57.6456135279665,2,0.415654913392786
1225,0.1844093735055,57.6925856337621,2,0.385250412569117
1226,0.183070301291248,57.7395577395578,2,0.402092409350974
1227,0.182018173122908,57.7865298453534,2,0.415654913392786
1228,0.182018173122908,57.833501951149,2,0.415654913392787
1229,0.184122429459589,57.8804740569447,2,0.38881867002588
1230,0.188522238163558,57.9274461627403,2,0.336691848695859
1231,0.193687230989957,57.9744182685359,2,0.282939114337545
1232,0.197034911525586,58.0213903743316,2,0.252456283324973
1233,0.20545193687231,58.0683624801272,2,0.189943017936217
1234,0.209660449545672,58.1153345859228,2,0.16539880349061
1235,0.21195600191296,58.1623066917185,2,0.153636728335245
1236,0.211669057867049,58.2092787975141,2,0.155048486418742
1237,0.209373505499761,58.2562509033097,2,0.166946283844407
1238,0.205356288857006,58.3032230091054,2,0.190548914576282
1239,0.20363462458154,58.350195114901,2,0.201842816534907
1240,0.205164992826399,58.3971672206966,2,0.191767411980519
1241,0.194739359158297,58.4441393264923,2,0.272993913026526
1242,0.192252510760402,58.4911114322879,2,0.297047184826059
1243,0.184122429459589,58.5380835380836,2,0.388818670025879
1244,0.175896700143472,58.5850556438792,2,0.499400680312894
1245,0.17274031563845,58.6320277496748,1,0.544837420264487
1246,0.173314203730273,58.6789998554705,1,0.536510893849035
1247,0.175801052128168,58.7259719612661,1,0.50076165235636
1248,0.179244380679101,58.7729440670617,2,0.452678766105258
1249,0.18546150167384,58.8199161728574,2,0.372362526003473
1250,0.187757054041129,58.866888278653,2,0.345349004028119
1251,0.193113342898135,58.9138603844486,2,0.288506444178016
1252,0.200573888091822,58.9608324902443,2,0.223816832675171
1253,0.204304160688666,59.0078045960399,2,0.197362493375605
1254,0.206312769010043,59.0547767018355,2,0.184589389230193
1255,0.209469153515065,59.1017488076312,2,0.166428496429591
1256,0.212242945958871,59.1487209134268,2,0.152241188046503
1257,0.219703491152559,59.1956930192224,2,0.121130643120938
1258,0.220946915351506,59.2426651250181,2,0.116811144318426
1259,0.21922525107604,59.2896372308137,2,0.122852033294884
1260,0.218651362984218,59.3366093366093,2,0.124963070653184
1261,0.220277379244381,59.383581442405,2,0.119109392441553
1262,0.217886178861789,59.4305535482006,2,0.127856614978678
1263,0.212338593974175,59.4775256539963,2,0.15177958354754
1264,0.211382113821138,59.5244977597919,2,0.156476626956684
1265,0.216260162601626,59.5714698655875,2,0.134316186347063
1266,0.218460066953611,59.6184419713832,2,0.125677927219983
1267,0.220277379244381,59.6654140771788,2,0.119109392441553
1268,0.220373027259684,59.7123861829744,2,0.118777157978059
1269,0.221233859397418,59.7593582887701,2,0.115845527166939
1270,0.222285987565758,59.8063303945657,2,0.112401645756111
1271,0.220946915351506,59.8533025003613,2,0.116811144318426
1272,0.217503586800574,59.900274606157,2,0.129337928818941
1273,0.222190339550454,59.9472467119526,2,0.112708548419002
1274,0.218842659014825,59.9942188177482,2,0.124253830505517
1275,0.217981826877092,60.0411909235439,2,0.127489915604558
1276,0.219607843137255,60.0881630293395,2,0.121472205610542
1277,0.221999043519847,60.1351351351352,2,0.113326022633279
1278,0.224007651841224,60.1821072409308,2,0.107081032378151
1279,0.224198947871832,60.2290793467264,2,0.106513039938316
1280,0.22544237207078,60.2760514525221,2,0.102929436370232
1281,0.226781444285031,60.3230235583177,2,0.0992725345873994
1282,0.230033476805356,60.3699956641133,2,0.091199444621319
1283,0.233189861310378,60.416967769909,2,0.0843501458329279
1284,0.234911525585844,60.4639398757046,2,0.0809808984531543
1285,0.236920133907221,60.5109119815002,2,0.0773482791330378
1286,0.238163558106169,60.5578840872959,2,0.0752500918930015
1287,0.237685318029651,60.6048561930915,2,0.0760439562233137
1288,0.235963653754185,60.6518282988871,2,0.0790395207770264
1289,0.232615973218556,60.6988004046828,2,0.0855287521778927
1290,0.233668101386896,60.7457725104784,2,0.0833895350204733
1291,0.232711621233859,60.792744616274,2,0.0853303323276472
1292,0.232042085126734,60.8397167220697,2,0.0867362092208513
1293,0.231659493065519,60.8866888278653,2,0.0875575427515578
1294,0.229268292682927,60.9336609336609,2,0.0930012480255781
1295,0.22285987565758,60.9806330394566,2,0.110585620057994
1296,0.215877570540411,61.0276051452522,2,0.135899719754033
1297,0.201721664275466,61.0745772510479,2,0.215283258705648
1298,0.18622668579627,61.1215493568435,2,0.363186956112603
1299,0.168244858919177,61.1685214626391,1,0.610297914600067
1300,0.151410808225729,61.2154935684348,1,0.825033583672167
1301,0.133620277379244,61.2624656742304,1,0.946865557107804
1302,0.118220946915352,61.309437780026,1,0.984748613015148
1303,0.104256336681014,61.3564098858217,1,0.995699587151659
1304,0.0923003347680536,61.4033819916173,1,0.99866952403873
1305,0.0734576757532281,61.4503540974129,1,0.999821292562877
1306,0.0684839789574366,61.4973262032086,1,0.999898103369761
1307,0.0612147297943568,61.5442983090042,1,0.999956225864797
1308,0.0534672405547585,61.5912704147998,1,0.99998275683314
1309,0.0493543758967001,61.6382425205955,1,0.999989620777421
1310,0.0568149210903874,61.6852146263911,1,0.999974108630105
1311,0.0769010043041607,61.7321867321867,1,0.999738376152293
1312,0.096700143472023,61.7791588379824,1,0.997932156288554
1313,0.110282161645146,61.826130943778,1,0.992467063319488
1314,0.118794835007174,61.8731030495737,1,0.983975233697541
1315,0.129507412721186,61.9200751553693,1,0.961274540417156
1316,0.139263510282162,61.9670472611649,1,0.919848459421949
1317,0.14701099952176,62.0140193669606,1,0.865749433096946
1318,0.157054041128647,62.0609914727562,1,0.762139410976676
1319,0.167766618842659,62.1079635785518,1,0.617225592620734
1320,0.175418460066954,62.1549356843475,1,0.506217447712764
1321,0.175705404112865,62.2019077901431,1,0.50212383544967
1322,0.182783357245337,62.2488798959387,2,0.405763224345139
1323,0.192539454806313,62.2958520017344,2,0.294174931578383
1324,0.199808703969393,62.34282410753,2,0.22970737189982
1325,0.205356288857006,62.3897962133256,2,0.190548914576282
1326,0.209373505499761,62.4367683191213,2,0.166946283844407
1327,0.213486370157819,62.4837404249169,2,0.146377268627241
1328,0.216547106647537,62.5307125307125,2,0.133144715054309
1329,0.225059780009565,62.5776846365082,2,0.104012362333608
1330,0.228407460545194,62.6246567423038,2,0.0950985910543829
1331,0.228598756575801,62.6716288480995,2,0.0946259551072973
1332,0.22831181252989,62.7186009538951,2,0.0953363329593517
1333,0.23194643711143,62.7655730596907,2,0.0869403043357175
1334,0.234720229555237,62.8125451654864,2,0.0813432653412897
1335,0.236250597800096,62.859517271282,2,0.0785249145078299
1336,0.238833094213295,62.9064893770776,2,0.0741655691500913
1337,0.238737446197991,62.9534614828733,2,0.0743186068944177
1338,0.242563366810139,63.0004335886689,2,0.0686623531413188
1339,0.245432807269249,63.0474056944645,2,0.0649959458885907
1340,0.246006695361071,63.0943778002602,2,0.0643166282824507
1341,0.245145863223338,63.1413499060558,2,0.0653421341440991
1342,0.245241511238642,63.1883220118514,2,0.0652262498072078
1343,0.24830224772836,63.2352941176471,2,0.0617669103380218
1344,0.251649928263989,63.2822662234427,2,0.0584948558467196
1345,0.248110951697752,63.3292383292383,2,0.0619694758204945
1346,0.249832615973219,63.376210435034,2,0.0602083513471411
1347,0.252797704447633,63.4231825408296,2,0.0574855759337831
1348,0.25480631276901,63.4701546466252,2,0.0558478521194904
1349,0.25480631276901,63.5171267524209,2,0.0558478521194904
1350,0.254232424677188,63.5640988582165,2,0.0562995498788712
1351,0.252510760401722,63.6110709640122,2,0.0577327613853934
1352,0.252319464371114,63.6580430698078,2,0.0578994391470105
1353,0.251649928263989,63.7050151756034,2,0.0584948558467196
1354,0.249450023912004,63.7519872813991,2,0.0605878260136977
1355,0.245911047345768,63.7989593871947,2,0.0644286501040778
1356,0.242467718794835,63.8459314929903,2,0.0687926626183003
1357,0.239693926351028,63.892903598786,2,0.072816076658099
1358,0.23558106169297,63.9398757045816,2,0.0797354807843731
1359,0.232520325203252,63.9868478103772,2,0.0857279733994179
1360,0.232233381157341,64.0338199161729,2,0.0863304764120624
1361,0.224485891917743,64.0807920219685,2,0.105669492798812
1362,0.229076996652319,64.1277641277642,2,0.0934608068553961
1363,0.23299856527977,64.1747362335598,2,0.0847398501378989
1364,0.231850789096126,64.2217083393554,2,0.0871452228299811
1365,0.22725968436155,64.268680445151,2,0.0980152956847889
1366,0.22362505978001,64.3156525509467,2,0.108230680515299
1367,0.224868483978957,64.3626246567423,2,0.104560339884721
1368,0.226207556193209,64.409596762538,2,0.100814771506065
1369,0.221425155428025,64.4565688683336,2,0.115208134151255
1370,0.22285987565758,64.5035409741292,2,0.110585620057994
1371,0.226685796269727,64.5505130799249,2,0.0995270126762409
1372,0.231181252989,64.5974851857205,2,0.088602976971254
1373,0.23558106169297,64.6444572915161,2,0.0797354807843731
1374,0.240937350549976,64.6914293973118,2,0.0709528064882497
1375,0.245528455284553,64.7384015031074,2,0.0648815228454461
1376,0.248015303682449,64.785373608903,2,0.0620714180539093
1377,0.246389287422286,64.8323457146987,2,0.0638732760768234
1378,0.246963175514108,64.8793178204943,2,0.0632222715153187
1379,0.248971783835485,64.9262899262899,2,0.0610716238096882
1380,0.252606408417025,64.9732620320856,2,0.0576499899460767
1381,0.258536585365854,65.0202341378812,2,0.0532097056394075
1382,0.266188426590148,65.0672062436768,2,0.0492403045414591
1383,0.272788139646102,65.1141783494725,2,0.0471604290194346
1384,0.276996652319464,65.1611504552681,2,0.0464130333707286
1385,0.274892395982783,65.2081225610637,2,0.0467325718892618
1386,0.278048780487805,65.2550946668594,2,0.0462932090546188
1387,0.274318507890961,65.302066772655,2,0.0468384138733577
1388,0.268675274988044,65.3490388784507,2,0.0483207198223032
1389,0.268197034911526,65.3960109842463,2,0.048484444127015
1390,0.268197034911526,65.4429830900419,2,0.048484444127015
1391,0.264179818268771,65.4899551958376,2,0.050109864380629
1392,0.261788617886179,65.5369273016332,2,0.0513006768819928
1393,0.252032520325203,65.5838994074288,2,0.0581523112284839
1394,0.248971783835485,65.6308715132245,2,0.0610716238096882
1395,0.246102343376375,65.6778436190201,2,0.0642050816362958
1396,0.243041606886657,65.7248157248157,2,0.0680188783104054
1397,0.238833094213295,65.7717878306114,2,0.0741655691500913
1398,0.233476805356289,65.818759936407,2,0.0837714543801691
1399,0.22649450023912,65.8657320422026,2,0.100039030615403
1400,0.222285987565758,65.9127041479983,2,0.112401645756111
1401,0.213868962219034,65.9596762537939,2,0.144631592441261
1402,0.210999521759923,66.0066483595895,2,0.15840658402526
1403,0.209660449545672,66.0536204653852,2,0.16539880349061
1404,0.208990913438546,66.1005925711808,2,0.169037185955458
1405,0.209947393591583,66.1475646769765,2,0.16386887501653
1406,0.210521281683405,66.1945367827721,2,0.160860999873065
1407,0.212051649928264,66.2415088885677,2,0.153169754372832
1408,0.213486370157819,66.2884809943634,2,0.146377268627241
1409,0.216929698708752,66.335453100159,2,0.131604040183294
1410,0.218555714968914,66.3824252059546,2,0.125319794274853
1411,0.221712099473936,66.4293973117503,2,0.114261476372394
1412,0.226685796269727,66.4763694175459,2,0.0995270126762409
1413,0.229937828790053,66.5233415233415,2,0.0914215192115106
1414,0.232042085126734,66.5703136291372,2,0.0867362092208513
1415,0.233955045432807,66.6172857349328,2,0.0828224089079017
1416,0.234241989478718,66.6642578407284,2,0.0822621157341027
1417,0.235963653754185,66.7112299465241,2,0.0790395207770264
1418,0.235676709708274,66.7582020523197,2,0.0795604307527205
1419,0.237589670014347,66.8051741581153,2,0.076204681278645
1420,0.241989478718317,66.852146263911,2,0.0694523915370763
1421,0.246580583452893,66.8991183697066,2,0.0636544178150846
1422,0.251267336202774,66.9460904755023,2,0.0588436245220638
1423,0.255762792922047,66.9930625812979,2,0.0551229616023901
1424,0.261884265901483,67.0400346870935,2,0.0512496816131433
1425,0.262266857962697,67.0870067928892,2,0.0510485482167157
1426,0.269918699186992,67.1339788986848,2,0.0479235841290878
1427,0.277474892395983,67.1809510044804,2,0.0463552889628184
1428,0.280535628885701,67.2279231102761,2,0.0461144982004583
1429,0.282448589191774,67.2748952160717,2,0.0460762312728224
1430,0.286370157819225,67.3218673218673,2,0.0462669298329601
1431,0.289048302247728,67.368839427663,2,0.0466070195117223
1432,0.290004782400765,67.4158115334586,2,0.0467704551542016
1433,0.290578670492587,67.4627836392542,2,0.0468792633200028
1434,0.290865614538498,67.5097557450499,2,0.0469367102803303
1435,0.292491630798661,67.5567278508455,2,0.0473009521570846
1436,0.294500239120038,67.6036999566412,2,0.0478434001998509
1437,0.294308943089431,67.6506720624368,2,0.047787257543028
1438,0.293926351028216,67.6976441682324,2,0.0476778238687454
1439,0.294787183165949,67.744616274028,2,0.0479294049942565
1440,0.29765662362506,67.7915883798237,2,0.0489100270305339
1441,0.296700143472023,67.8385604856193,2,0.0485584621567918
1442,0.293926351028216,67.885532591415,2,0.0476778238687454
1443,0.289430894308943,67.9325046972106,2,0.0466697179475321
1444,0.285126733620277,67.9794768030062,2,0.046167181038419
1445,0.283309421329507,68.0264489088019,2,0.0460870644323263
1446,0.28024868483979,68.0734210145975,2,0.0461276624201868
1447,0.277092300334768,68.1203931203931,2,0.0464010463203669
1448,0.274701099952176,68.1673652261888,2,0.0467669553667556
1449,0.269057867049259,68.2143373319844,2,0.0481941553486378
1450,0.266475370636059,68.26130943778,2,0.0491254772682993
1451,0.263223338115734,68.3082815435757,2,0.0505654066498005
1452,0.260449545671927,68.3552536493713,2,0.0520449912476147
1453,0.259397417503587,68.402225755167,2,0.0526704929179474
1454,0.261214729794357,68.4491978609626,2,0.0516126835328961
1455,0.262840746054519,68.4961699667582,2,0.0507553146955889
1456,0.263510282161645,68.5431420725538,2,0.0504258755090361
1457,0.265997130559541,68.5901141783495,2,0.0493181436114042
1458,0.266666666666667,68.6370862841451,2,0.0490502071862613
1459,0.269153515064562,68.6840583899408,2,0.0481631238066535
1460,0.269057867049259,68.7310304957364,2,0.0481941553486378
1461,0.26389287422286,68.778002601532,2,0.0502436674272652
1462,0.262936394069823,68.8249747073277,2,0.0507074214495966
1463,0.265901482544237,68.8719468131233,2,0.0493574510089434
1464,0.2675274988044,68.9189189189189,2,0.0487240601991113
1465,0.261979913916786,68.9658910247146,2,0.0511989718168033
1466,0.265327594452415,69.0128631305102,2,0.0495987596960603
1467,0.265518890483022,69.0598352363058,2,0.0495172789820278
1468,0.266475370636059,69.1068073421015,2,0.0491254772682993
1469,0.268770923003348,69.1537794478971,2,0.0482887121010575
1470,0.270205643232903,69.2007515536927,2,0.0478377233460322
1471,0.273744619799139,69.2477236594884,2,0.046952359633616
1472,0.278335724533716,69.294695765284,2,0.046265111234849
1473,0.279005260640842,69.3416678710797,2,0.0462071542167208
1474,0.286465805834529,69.3886399768753,2,0.0462761218349878
1475,0.289813486370158,69.4356120826709,2,0.046735981793242
1476,0.287230989956958,69.4825841884666,2,0.0463575013644816
1477,0.28493543758967,69.5295562942622,2,0.0461550819806473
1478,0.284839789574366,69.5765284000578,2,0.0461493564284593
1479,0.281492109038737,69.6235005058535,2,0.046084612592988
1480,0.277953132472501,69.6704726116491,2,0.0463030104253774
1481,0.284839789574366,69.7174447174447,2,0.0461493564284593
1482,0.281683405069345,69.7644168232404,2,0.0460812167554509
1483,0.280439980870397,69.811388929036,2,0.0461186707813151
1484,0.277953132472501,69.8583610348316,2,0.0463030104253774
1485,0.274892395982783,69.9053331406273,2,0.0467325718892618
1486,0.273744619799139,69.9523052464229,2,0.046952359633616
1487,0.27116212338594,69.9992773522185,2,0.0475669710106528
1488,0.265614538498326,70.0462494580142,2,0.0494769311372915
1489,0.266092778574845,70.0932215638098,2,0.0492790949675051
1490,0.26207556193209,70.1401936696055,2,0.0511485467862402
1491,0.257293161166906,70.1871657754011,2,0.0540334995346312
1492,0.256432329029173,70.2341378811967,2,0.0546358439154746
1493,0.255762792922047,70.2811099869923,2,0.0551229616023901
1494,0.254901960784314,70.328082092788,2,0.0557738026335183
1495,0.255858440937351,70.3750541985836,2,0.0550523607241394
1496,0.256814921090387,70.4220263043793,2,0.0543648444719919
1497,0.255571496891439,70.4689984101749,2,0.0552651850459367
1498,0.258058345289335,70.5159705159705,2,0.0535201834417804
1499,0.259780009564802,70.5629426217662,2,0.0524388191356351
1500,0.257197513151602,70.6099147275618,2,0.054099115421386
1501,0.254136776661884,70.6568868333574,2,0.0563760764334959
1502,0.251649928263989,70.7038589391531,2,0.0584948558467196
1503,0.247824007651841,70.7508310449487,2,0.0622766290732196
1504,0.24390243902439,70.7978031507443,2,0.0668939181674074
1505,0.244093735054998,70.84477525654,2,0.0666496288960467
1506,0.239502630320421,70.8917473623356,2,0.0731116752827832
1507,0.236154949784792,70.9387194681313,2,0.0786957539724584
1508,0.234528933524629,70.9856915739269,2,0.081708577007299
1509,0.235198469631755,71.0326636797225,2,0.0804428203300042
1510,0.237876614060258,71.0796357855181,2,0.0757244656891303
1511,0.241798182687709,71.1266078913138,2,0.0697201386882614
1512,0.24390243902439,71.1735799971094,2,0.0668939181674074
1513,0.239980870396939,71.2205521029051,2,0.072377205215415
1514,0.244093735054998,71.2675242087007,2,0.0666496288960467
1515,0.251362984218077,71.3144963144963,2,0.0587558444155913
1516,0.258345289335246,71.361468420292,2,0.0533329516628823
1517,0.262745098039216,71.4084405260876,2,0.0508034865360507
1518,0.267336202773792,71.4554126318832,2,0.048794770440992
1519,0.272692491630799,71.5023847376789,2,0.047182493041203
1520,0.278813964610234,71.5493568434745,2,0.0462226285197012
1521,0.276231468197035,71.5963289492701,2,0.0465168422574708
1522,0.272501195600191,71.6433010550658,2,0.0472273105457379
1523,0.272405547584888,71.6902731608614,2,0.0472500646319608
1524,0.275274988043998,71.737245266657,2,0.0466664872668778
1525,0.276518412242946,71.7842173724527,2,0.0464762629332605
1526,0.278527020564323,71.8311894782483,2,0.0462474666896047
1527,0.280726924916308,71.878161584044,2,0.0461067992379652
1528,0.279770444763271,71.9251336898396,2,0.0461539155635362
1529,0.27766618842659,71.9721057956352,2,0.0463337226615478
1530,0.277570540411286,72.0190779014309,2,0.0463443965704335
1531,0.275944524151124,72.0660500072265,2,0.0465594086919742
1532,0.274414155906265,72.1130221130221,2,0.0468202122094448
1533,0.275083692013391,72.1599942188178,2,0.0466990831210363
1534,0.276231468197035,72.2069663246134,2,0.0465168422574708
1535,0.275944524151124,72.253938430409,2,0.0465594086919742
1536,0.274414155906265,72.3009105362047,2,0.0468202122094448
1537,0.279196556671449,72.3478826420003,2,0.0461925465255519
1538,0.277187948350072,72.3948547477959,2,0.0463892785101317
1539,0.276805356288857,72.4418268535916,2,0.0464376658354081
1540,0.276996652319464,72.4887989593872,2,0.0464130333707286
1541,0.279961740793879,72.5357710651828,2,0.0461427669914154
1542,0.281587757054041,72.5827431709785,2,0.0460828071766199
1543,0.280822572931612,72.6297152767741,2,0.0461032727537692
1544,0.27948350071736,72.6766873825698,2,0.04617225819438
1545,0.279866092778575,72.7236594883654,2,0.0461482333440759
1546,0.277953132472501,72.770631594161,2,0.0463030104253774
1547,0.276996652319464,72.8176036999566,2,0.0464130333707286
1548,0.27661406025825,72.8645758057523,2,0.0464631772208524
1549,0.273935915829747,72.9115479115479,2,0.046913473976549
1550,0.27039693926351,72.9585200173436,2,0.0477816763111917
1551,0.267718794835007,73.0054921231392,2,0.0486543524473753
1552,0.267910090865615,73.0524642289348,2,0.0485856433800487
1553,0.271257771401243,73.0994363347305,2,0.0475411936650047
1554,0.273648971783835,73.1464084405261,2,0.046972142269313
1555,0.273648971783836,73.1933805463217,2,0.046972142269313
1556,0.271353419416547,73.2403526521174,2,0.0475156508766289
1557,0.271736011477762,73.287324757913,2,0.047415818444913
1558,0.273457675753228,73.3342968637086,2,0.0470123884837904
1559,0.270970827355332,73.3812689695043,2,0.0476192307699423
1560,0.265901482544237,73.4282410752999,2,0.0493574510089434
1561,0.263797226207556,73.4752131810956,2,0.0502888106253502
1562,0.259397417503587,73.5221852868912,2,0.0526704929179474
1563,0.259206121472979,73.5691573926868,2,0.0527881588400941
1564,0.259301769488283,73.6161294984825,2,0.0527291727736696
1565,0.259110473457676,73.6631016042781,2,0.0528474519486861
1566,0.262936394069823,73.7100737100737,2,0.0507074214495966
1567,0.268197034911526,73.7570458158694,2,0.048484444127015
1568,0.267240554758489,73.804017921665,2,0.0488305027006372
1569,0.266475370636059,73.8509900274606,2,0.0491254772682993
1570,0.270109995217599,73.8979621332563,2,0.0478661045251455
1571,0.272118603538977,73.9449342390519,2,0.0473197119137084
1572,0.27297943567671,73.9919063448475,2,0.0471169889519297
1573,0.275944524151124,74.0388784506432,2,0.0465594086919742
1574,0.27584887613582,74.0858505564388,2,0.0465740399624097
1575,0.276518412242946,74.1328226622344,2,0.0464762629332605
1576,0.279674796747967,74.1797947680301,2,0.0461598137255214
1577,0.27948350071736,74.2267668738257,2,0.04617225819438
1578,0.281874701099952,74.2737389796213,2,0.0460786808168526
1579,0.282161645145863,74.320711085417,2,0.0460764889364878
1580,0.285222381635581,74.3676831912126,2,0.0461735547052591
1581,0.29143950263032,74.4146552970083,2,0.0470577246665089
1582,0.292778574844572,74.4616274028039,2,0.0473721274501922
1583,0.294213295074127,74.5085995085995,2,0.0477595432310375
1584,0.298039215686275,74.5555716143952,2,0.0490577142800804
1585,0.292969870875179,74.6025437201908,2,0.0474207384896102
1586,0.290196078431373,74.6495158259864,2,0.0468058252559089
1587,0.287613582018173,74.6964879317821,2,0.04640343448853
1588,0.284074605451937,74.7434600375777,2,0.0461113179497511
1589,0.282352941176471,74.7904321433733,2,0.0460761022544203
1590,0.281109516977523,74.837404249169,2,0.0460939847342933
1591,0.281683405069345,74.8843763549646,2,0.0460812167554509
1592,0.281205164992826,74.9313484607602,2,0.0460913190680466
1593,0.274701099952176,74.9783205665559,2,0.0467669553667556
1594,0.27039693926351,75.0252926723515,2,0.0477816763111917
1595,0.264275466284075,75.0722647781471,2,0.0500658034927522
1596,0.258345289335246,75.1192368839428,2,0.0533329516628823
1597,0.252223816355811,75.1662089897384,2,0.0579833478941067
1598,0.245241511238642,75.2131810955341,2,0.0652262498072078
1599,0.243041606886657,75.2601532013297,2,0.0680188783104054
1600,0.241989478718317,75.3071253071253,2,0.0694523915370763
1601,0.236920133907221,75.354097412921,2,0.0773482791330378
1602,0.237494021999044,75.4010695187166,2,0.0763660628343328
1603,0.237876614060258,75.4480416245122,2,0.0757244656891303
1604,0.235485413677666,75.4950137303079,2,0.0799112420227321
1605,0.232329029172645,75.5419858361035,2,0.0861288323917283
1606,0.231085604973697,75.5889579418991,2,0.0888145986315999
1607,0.233955045432807,75.6359300476948,2,0.0828224089079017
1608,0.237207077953132,75.6829021534904,2,0.0768541715037314
1609,0.236441893830703,75.729874259286,2,0.0781853102071929
1610,0.237876614060258,75.7768463650817,2,0.0757244656891303
1611,0.240554758488761,75.8238184708773,2,0.071515536337018
1612,0.241893830703013,75.8707905766729,2,0.0695859876871252
1613,0.242754662840746,75.9177626824686,2,0.0684033545887683
1614,0.242563366810139,75.9647347882642,2,0.0686623531413188
1615,0.245815399330464,76.0117068940599,2,0.0645411487802833
1616,0.249163079866093,76.0586789998555,2,0.0608768341649321
1617,0.246580583452893,76.1056511056511,2,0.0636544178150846
1618,0.249641319942611,76.1526232114468,2,0.0603972548647453
1619,0.253562888570062,76.1995953172424,2,0.0568427977993373
1620,0.257101865136298,76.246567423038,2,0.0541650569176642
1621,0.260640841702535,76.2935395288337,2,0.051935150067096
1622,0.262840746054519,76.3405116346293,2,0.0507553146955889
1623,0.265997130559541,76.3874837404249,2,0.0493181436114042
1624,0.266857962697274,76.4344558462206,2,0.0489759574313878
1625,0.267718794835007,76.4814279520162,2,0.0486543524473753
1626,0.269249163079866,76.5284000578118,2,0.0481323352468552
1627,0.271927307508369,76.5753721636075,2,0.0473673007570563
1628,0.272596843615495,76.6223442694031,2,0.047204786783255
1629,0.272596843615495,76.6693163751987,2,0.047204786783255
1630,0.274414155906265,76.7162884809944,2,0.0468202122094448
1631,0.278909612625538,76.76326058679,2,0.046214782991233
1632,0.283022477283596,76.8102326925856,2,0.0460815187038808
1633,0.290961262553802,76.8572047983813,2,0.046956311752161
1634,0.29220468675275,76.9041769041769,2,0.0472318587258735
1635,0.293065518890483,76.9511490099726,2,0.0474453932412962
1636,0.289909134385462,76.9981211157682,2,0.0467531064978097
1637,0.285796269727403,77.0450932215638,2,0.046216340171928
1638,0.281874701099952,77.0920653273595,2,0.0460786808168526
1639,0.281683405069345,77.1390374331551,2,0.0460812167554509
1640,0.282639885222382,77.1860095389507,2,0.0460771340370889
1641,0.281109516977523,77.2329816447464,2,0.0460939847342933
1642,0.28130081300813,77.279953750542,2,0.0460888685103611
1643,0.280726924916308,77.3269258563376,2,0.0461067992379652
1644,0.280153036824486,77.3738979621333,2,0.0461324815979966
1645,0.279961740793879,77.4208700679289,2,0.0461427669914154
1646,0.27766618842659,77.4678421737245,2,0.0463337226615478
1647,0.272022955523673,77.5148142795202,2,0.0473433903914225
1648,0.265136298421808,77.5617863853158,2,0.0496812908506914
1649,0.257006217120995,77.6087584911114,2,0.05423132496177
1650,0.248397895743663,77.6557305969071,2,0.0616662840832905
1651,0.230703012912482,77.7027027027027,2,0.0896696445592081
1652,0.216642754662841,77.7496748084984,2,0.132757276645175
1653,0.203921568627451,77.796646914294,2,0.199908741551435
1654,0.192252510760402,77.8436190200896,2,0.297047184826059
1655,0.181252989000478,77.8905911258853,2,0.425691529862944
1656,0.163940698230512,77.9375632316809,1,0.671721674170761
1657,0.138020086083214,77.9845353374765,1,0.926612802282217
1658,0.121281683405069,78.0315074432722,1,0.980193630466116
1659,0.107221425155428,78.0784795490678,1,0.994318664202463
1660,0.103682448589192,78.1254516548634,1,0.995927609343042
1661,0.102247728359637,78.1724237606591,1,0.996449071606027
1662,0.104830224772836,78.2193958664547,1,0.995459651338581
1663,0.118603538976566,78.2663679722503,1,0.984236917193268
1664,0.1350549976088,78.313340078046,1,0.940857570796484
1665,0.157819225251076,78.3603121838416,1,0.752755713029616
1666,0.175992348158776,78.4072842896372,2,0.498040939489255
1667,0.198469631755141,78.4542563954329,2,0.240412766411046
1668,0.213103778096604,78.5012285012285,2,0.148150238314121
1669,0.220086083213773,78.5482006070242,2,0.119777819117933
1670,0.224390243902439,78.5951727128198,2,0.105949555410605
1671,0.230989956958393,78.6421448186154,2,0.0890270729004608
1672,0.235963653754185,78.6891169244111,2,0.0790395207770264
1673,0.237015781922525,78.7360890302067,2,0.0771829058086749
1674,0.243041606886657,78.7830611360023,2,0.0680188783104054
1675,0.249258727881396,78.830033241798,2,0.0607800760347756
1676,0.251362984218077,78.8770053475936,2,0.0587558444155913
1677,0.2519368723099,78.9239774533892,2,0.0582373682771541
1678,0.256719273075084,78.9709495591849,2,0.0544320978400806
1679,0.263605930176949,79.0179216649805,2,0.0503799140358293
1680,0.268962219033955,79.0648937707761,2,0.0482254302944291
1681,0.271449067431851,79.1118658765718,2,0.0474903423005472
1682,0.276040172166428,79.1588379823674,2,0.0465449987790444
1683,0.280535628885701,79.205810088163,2,0.0461144982004583
1684,0.282352941176471,79.2527821939587,2,0.0460761022544203
1685,0.28130081300813,79.2997542997543,2,0.0460888685103611
1686,0.279292204686753,79.3467264055499,2,0.0461855674141279
1687,0.278813964610234,79.3936985113456,2,0.0462226285197012
1688,0.278718316594931,79.4406706171412,2,0.0462306909067513
1689,0.281587757054041,79.4876427229369,2,0.0460828071766199
1690,0.282926829268293,79.5346148287325,2,0.0460801001137736
1691,0.285604973696796,79.5815869345281,2,0.0462012123083305
1692,0.290674318507891,79.6285590403238,2,0.0468981863228954
1693,0.294117647058824,79.6755311461194,2,0.0477320664286761
1694,0.296317551410808,79.722503251915,2,0.0484248168599858
1695,0.294787183165949,79.7694753577107,2,0.0479294049942565
1696,0.292300334768054,79.8164474635063,2,0.0472546590740739
1697,0.292682926829268,79.8634195693019,2,0.0473481705067373
1698,0.289430894308943,79.9103916750976,2,0.0466697179475321
1699,0.288857006217121,79.9573637808932,2,0.0465770030942845
1700,0.287039693926351,80.0043358866888,2,0.0463358473595885
1701,0.282735533237685,80.0513079924845,2,0.0460779077949751
1702,0.281013868962219,80.0982800982801,2,0.0460968655446047
1703,0.280918220946915,80.1452522040757,2,0.0460999615373508
1704,0.277761836441894,80.1922243098714,2,0.0463232670936457
1705,0.277187948350072,80.239196415667,2,0.0463892785101317
1706,0.278048780487805,80.2861685214627,2,0.0462932090546188
1707,0.278909612625538,80.3331406272583,2,0.046214782991233
1708,0.278909612625538,80.3801127330539,2,0.046214782991233
1709,0.278527020564323,80.4270848388496,2,0.0462474666896047
1710,0.277857484457198,80.4740569446452,2,0.0463130297271417
1711,0.275753228120517,80.5210290504408,2,0.0465888927861447
1712,0.274701099952176,80.5680011562365,2,0.0467669553667556
1713,0.271257771401243,80.6149732620321,2,0.0475411936650047
1714,0.275561932089909,80.6619453678277,2,0.0466192638916614
1715,0.280057388809182,80.7089174736234,2,0.0461375164327105
1716,0.282735533237685,80.755889579419,2,0.0460779077949751
1717,0.282831181252989,80.8028616852146,2,0.0460788964828146
1718,0.283022477283596,80.8498337910103,2,0.0460815187038808
1719,0.283405069344811,80.8968058968059,2,0.0460893430765786
1720,0.284744141559063,80.9437780026015,2,0.0461438467580377
1721,0.283692013390722,80.9907501083972,2,0.046097469638516
1722,0.285796269727403,81.0377222141928,2,0.046216340171928
1723,0.289239598278336,81.0846943199885,2,0.046637923911088
1724,0.291248206599713,81.1316664257841,2,0.0470164773087278
1725,0.291917742706839,81.1786385315797,2,0.0471648387786251
1726,0.290291726446676,81.2256106373754,2,0.046823847175569
1727,0.287135341941655,81.272582743171,2,0.0463465651058077
1728,0.285031085604974,81.3195548489666,2,0.0461610234909052
1729,0.281396461023434,81.3665269547623,2,0.0460866330285991
1730,0.279579148732664,81.4134990605579,2,0.0461659279086388
1731,0.278144428503109,81.4604711663535,2,0.0462836254840537
1732,0.279005260640842,81.5074432721492,2,0.0462071542167208
1733,0.283883309421329,81.5544153779448,2,0.0461039632387486
1734,0.288761358201817,81.6013874837404,2,0.046562327374693
1735,0.291535150645624,81.6483595895361,2,0.0470786902684955
1736,0.292587278813965,81.6953316953317,2,0.0473244455156512
1737,0.294691535150646,81.7423038011273,2,0.0479004974402719
1738,0.297178383548541,81.789275906923,2,0.0487311105305646
1739,0.297752271640363,81.8362480127186,2,0.0489465678448477
1740,0.292587278813965,81.8832201185142,2,0.0473244455156512
1741,0.287996174079388,81.9301922243099,2,0.0464528760240711
1742,0.283883309421329,81.9771643301055,2,0.0461039632387486
1743,0.276709708273553,82.0241364359012,2,0.0464503115788948
1744,0.268675274988044,82.0711085416968,2,0.0483207198223032
1745,0.258632233381157,82.1180806474924,2,0.0531485525538775
1746,0.255762792922047,82.1650527532881,2,0.0551229616023901
1747,0.246963175514108,82.2120248590837,2,0.0632222715153187
1748,0.235485413677666,82.2589969648793,2,0.0799112420227321
1749,0.22544237207078,82.305969070675,2,0.102929436370232
1750,0.220564323290292,82.3529411764706,2,0.118116622032351
1751,0.216547106647537,82.3999132822662,2,0.133144715054309
1752,0.212625538020086,82.4468853880619,2,0.150405412092136
1753,0.219416547106648,82.4938574938575,2,0.122159393737072
1754,0.220468675274988,82.5408295996532,2,0.118446236154491
1755,0.221616451458632,82.5878017054488,2,0.114575777756053
1756,0.221712099473936,82.6347738112444,2,0.114261476372394
1757,0.220851267336203,82.68174591704,2,0.11713557671676
1758,0.219703491152559,82.7287180228357,2,0.121130643120938
1759,0.220277379244381,82.7756901286313,2,0.119109392441553
1760,0.220086083213773,82.822662234427,2,0.119777819117933
1761,0.22104256336681,82.8696343402226,2,0.116487995156442
1762,0.220086083213773,82.9166064460182,2,0.119777819117933
1763,0.218077474892396,82.9635785518139,2,0.12712465719475
1764,0.214921090387374,83.0105506576095,2,0.13996864051229
1765,0.209277857484457,83.0575227634051,2,0.167466040236846
1766,0.202678144428503,83.1044948692008,2,0.208442928556461
1767,0.199043519846963,83.1514669749964,2,0.235762240521522
1768,0.197321855571497,83.198439080792,2,0.249999428968077
1769,0.200860832137733,83.2454111865877,2,0.221649704721002
1770,0.202008608321377,83.2923832923833,2,0.213205590241252
1771,0.208512673362028,83.3393553981789,2,0.171695727199868
1772,0.217599234815878,83.3863275039746,2,0.128965412201335
1773,0.223242467718795,83.4332996097702,2,0.10939878128988
1774,0.226590148254424,83.4802717155658,2,0.09978251003317
1775,0.226016260162602,83.5272438213615,2,0.101337121435904
1776,0.224103299856528,83.5742159271571,2,0.106796470498663
1777,0.221712099473936,83.6211880329528,2,0.114261476372394
1778,0.218555714968914,83.6681601387484,2,0.125319794274853
1779,0.213486370157819,83.715132244544,2,0.146377268627241
1780,0.208990913438546,83.7621043503397,2,0.169037185955458
1781,0.204782400765184,83.8090764561353,2,0.194231396824766
1782,0.198565279770445,83.8560485619309,2,0.239631116491426
1783,0.190243902439024,83.9030206677266,2,0.317863396513263
1784,0.183739837398374,83.9499927735222,2,0.393611219899713
1785,0.178479196556671,83.9969648793178,2,0.463183218792446
1786,0.179244380679101,84.0439369851135,2,0.452678766105258
1787,0.181731229076997,84.0909090909091,2,0.419401990984293
1788,0.186609277857484,84.1378811967047,2,0.358662771695606
1789,0.190052606408417,84.1848533025004,2,0.319910666406367
1790,0.184600669536107,84.231825408296,2,0.382884160769635
1791,0.171018651362984,84.2787975140917,1,0.569907856919122
1792,0.158775705404113,84.3257696198873,1,0.74076584858908
1793,0.139933046389287,84.3727417256829,1,0.916000874712046
1794,0.121855571496891,84.4197138314785,1,0.97921327057112
1795,0.103586800573888,84.4666859372742,1,0.99596449344726
1796,0.0974653275944524,84.5136580430698,1,0.997769766363735
1797,0.0971783835485414,84.5606301488655,1,0.997832023166141
1798,0.0975609756097561,84.6076022546611,1,0.997748642169747
1799,0.0997608799617408,84.6545743604567,1,0.997207455431927
1800,0.103778096604495,84.7015464662524,1,0.995890409524069
1801,0.122620755619321,84.748518572048,1,0.977837879552138
1802,0.126064084170253,84.7954906778436,1,0.970579246217026
1803,0.132950741272119,84.8424627836393,1,0.949485967281942
1804,0.139646102343376,84.8894348894349,1,0.917667753735358
1805,0.143280726924916,84.9364069952305,1,0.89448642835501
1806,0.146437111429938,84.9833791010262,1,0.870510938481684
1807,0.151410808225729,85.0303512068218,1,0.825033583672167
1808,0.155810616929699,85.0773233126175,1,0.776974003906353
1809,0.160593017694883,85.1242954184131,1,0.71724140544932
1810,0.161358201817312,85.1712675242087,1,0.707067799623621
1811,0.163558106169297,85.2182396300043,1,0.677046563356632
1812,0.169201339072214,85.2652117358,1,0.596398994088229
1813,0.174461979913917,85.3121838415956,1,0.519933051416897
1814,0.180296508847441,85.3591559473913,2,0.438431341154907
1815,0.188904830224773,85.4061280531869,2,0.33242963176333
1816,0.194643711142994,85.4531001589825,2,0.273884088360181
1817,0.203156384505022,85.5000722647782,2,0.205113212720417
1818,0.21090387374462,85.5470443705738,2,0.158893716005334
1819,0.21999043519847,85.5940164763694,2,0.120114021283392
1820,0.226781444285031,85.6409885821651,2,0.0992725345873994
1821,0.230511716881875,85.6879606879607,2,0.090102349809307
1822,0.233668101386896,85.7349327937563,2,0.0833895350204733
1823,0.235294117647059,85.781904899552,2,0.0802649090487512
1824,0.235963653754185,85.8288770053476,2,0.0790395207770264
1825,0.234911525585844,85.8758491111432,2,0.0809808984531543
1826,0.233381157340985,85.9228212169389,2,0.0839635735498423
1827,0.231659493065519,85.9697933227345,2,0.0875575427515578
1828,0.230320420851267,86.0167654285301,2,0.0905385458297428
1829,0.231276901004304,86.0637375343258,2,0.0883922046192095
1830,0.232137733142037,86.1107096401214,2,0.0865329343028455
1831,0.232807269249163,86.1576817459171,2,0.0851327107556914
1832,0.232137733142037,86.2046538517127,2,0.0865329343028455
1833,0.239980870396939,86.2516259575083,2,0.072377205215415
1834,0.23921568627451,86.298598063304,2,0.0735596451323948
1835,0.241893830703013,86.3455701690996,2,0.0695859876871252
1836,0.241989478718317,86.3925422748952,2,0.0694523915370763
1837,0.240650406504065,86.4395143806909,2,0.0713739827817194
1838,0.241893830703013,86.4864864864865,2,0.0695859876871252
1839,0.244858919177427,86.5334585922821,2,0.0656927376030245
1840,0.244380679100909,86.5804306980778,2,0.0662870175615016
1841,0.24390243902439,86.6274028038734,2,0.0668939181674074
1842,0.245050215208034,86.674374909669,2,0.0654585090537497
1843,0.244476327116212,86.7213470154647,2,0.0661671591602348
1844,0.241128646580583,86.7683191212603,2,0.070674904476325
1845,0.238259206121473,86.815291227056,2,0.075093254053953
1846,0.238354854136777,86.8622633328516,2,0.0749370555527009
1847,0.237494021999044,86.9092354386472,2,0.0763660628343328
1848,0.233859397417504,86.9562075444428,2,0.0830106878255444
1849,0.233955045432807,87.0031796502385,2,0.0828224089079017
1850,0.229650884744142,87.0501517560341,2,0.0920931164214268
1851,0.222477283596365,87.0971238618298,2,0.111791486072644
1852,0.213582018173123,87.1440959676254,2,0.1459383056244
1853,0.203347680535629,87.191068073421,2,0.203797977553386
1854,0.188809182209469,87.2380401792167,2,0.333491020444161
1855,0.173314203730273,87.2850122850123,1,0.536510893849035
1856,0.162505978000956,87.3319843908079,1,0.691538487022377
1857,0.145767575322812,87.3789564966036,1,0.875907740500333
1858,0.123194643711143,87.4259286023992,1,0.976753010821254
1859,0.107221425155428,87.4729007081948,1,0.994318664202463
1860,0.0933524629363941,87.5198728139905,1,0.998520130004567
1861,0.0703969392635103,87.5668449197861,1,0.999873327909418
1862,0.052702056432329,87.6138170255818,1,0.999984299985046
1863,0.0436154949784792,87.6607891313774,1,0.999994965065935
1864,0.0354854136776662,87.707761237173,1,0.999998246803854
1865,0.0326159732185557,87.7547333429686,1,0.999998801984046
1866,0.0241989478718317,87.8017054487643,1,0.999999617740675
1867,0.0235294117647059,87.8486775545599,1,0.999999651510925
1868,0.0330942132950741,87.8956496603556,1,0.999998723100724
1869,0.0486848397895744,87.9426217661512,1,0.999990452151297
1870,0.0684839789574366,87.9895938719468,1,0.999898103369761
1871,0.0933524629363941,88.0365659777425,1,0.998520130004567
1872,0.114777618364419,88.0835380835381,1,0.988714826641832
1873,0.125585844093735,88.1305101893337,1,0.971700350072903
1874,0.134385461501674,88.1774822951294,1,0.943729417786043
1875,0.145289335246294,88.224454400925,1,0.879658968680375
1876,0.159349593495935,88.2714265067206,1,0.733438926931805
1877,0.175514108082257,88.3183986125163,1,0.50485175356623
1878,0.189670014347202,88.3653707183119,2,0.324038888222716
1879,0.198947871831659,88.4123428241075,2,0.236530781580868
1880,0.207938785270206,88.4593149299032,2,0.174952887160636
1881,0.212051649928264,88.5062870356988,2,0.153169754372832
1882,0.217312290769967,88.5532591414945,2,0.130087370637226
1883,0.220468675274988,88.6002312472901,2,0.118446236154491
1884,0.223912003825921,88.6472033530857,2,0.107366729936805
1885,0.226685796269727,88.6941754588814,2,0.0995270126762409
1886,0.227929220468675,88.741147564677,2,0.0962968799032996
1887,0.230703012912482,88.7881196704726,2,0.0896696445592081
1888,0.236920133907221,88.8350917762683,2,0.0773482791330378
1889,0.244380679100909,88.8820638820639,2,0.0662870175615016
1890,0.24830224772836,88.9290359878595,2,0.0617669103380218
1891,0.255093256814921,88.9760080936552,2,0.0556267512906786
1892,0.261692969870875,89.0229801994508,2,0.0513519583343405
1893,0.267910090865615,89.0699523052464,2,0.0485856433800487
1894,0.272883787661406,89.1169244110421,2,0.0471385944209576
1895,0.276805356288857,89.1638965168377,2,0.0464376658354081
1896,0.278718316594931,89.2108686226333,2,0.0462306909067513
1897,0.281492109038737,89.257840728429,2,0.046084612592988
1898,0.28130081300813,89.3048128342246,2,0.0460888685103611
1899,0.281109516977523,89.3517849400203,2,0.0460939847342933
1900,0.280057388809182,89.3987570458159,2,0.0461375164327105
1901,0.277379244380679,89.4457291516115,2,0.0463663999841507
1902,0.274509803921569,89.4927012574071,2,0.0468022353972905
1903,0.272501195600191,89.5396733632028,2,0.0472273105457379
1904,0.271257771401243,89.5866454689984,2,0.0475411936650047
1905,0.273457675753228,89.6336175747941,2,0.0470123884837904
1906,0.266475370636059,89.6805896805897,2,0.0491254772682993
1907,0.258249641319943,89.7275617863853,2,0.0533950463443548
1908,0.251745576279292,89.774533892181,2,0.0584086393370719
1909,0.243711142993783,89.8215059979766,2,0.0671402633560487
1910,0.239885222381636,89.8684781037722,2,0.0725228951682818
1911,0.237589670014347,89.9154502095679,2,0.076204681278645
1912,0.233572453371593,89.9624223153635,2,0.0835801091971965
1913,0.237972262075562,90.0093944211591,2,0.0755656952747967
1914,0.23194643711143,90.0563665269548,2,0.0869403043357175
1915,0.230320420851267,90.1033386327504,2,0.0905385458297428
1916,0.234528933524629,90.1503107385461,2,0.081708577007299
1917,0.235007173601148,90.1972828443417,2,0.080800812250374
1918,0.228885700621712,90.2442549501373,2,0.0939240658004976
1919,0.22467718794835,90.2912270559329,2,0.105112705381521
1920,0.224868483978957,90.3381991617286,2,0.104560339884721
1921,0.218747010999522,90.3851712675242,2,0.124607751132623
1922,0.219512195121951,90.4321433733199,2,0.121815120791248
1923,0.220564323290292,90.4791154791155,2,0.118116622032351
1924,0.223146819703491,90.5260875849111,2,0.109693723062723
1925,0.226111908177905,90.5730596907068,2,0.101075424855142
1926,0.228024868483979,90.6200317965024,2,0.0960552988162961
1927,0.228598756575801,90.667003902298,2,0.0946259551072973
1928,0.228694404591105,90.7139760080937,2,0.0943910537119782
1929,0.22180774748924,90.7609481138893,2,0.11394841987187
1930,0.223051171688187,90.8079202196849,2,0.109989840437851
1931,0.224868483978957,90.8548923254806,2,0.104560339884721
1932,0.226398852223816,90.9018644312762,2,0.100296578394812
1933,0.22831181252989,90.9488365370718,2,0.0953363329593517
1934,0.228216164514586,90.9958086428675,2,0.0955750290776341
1935,0.229268292682927,91.0427807486631,2,0.0930012480255781
1936,0.229459588713534,91.0897528544588,2,0.0925453606829504
1937,0.232520325203252,91.1367249602544,2,0.0857279733994179
1938,0.229650884744142,91.18369706605,2,0.0920931164214268
1939,0.230511716881875,91.2306691718457,2,0.090102349809307
1940,0.231468197034912,91.2776412776413,2,0.087973194705209
1941,0.231468197034912,91.3246133834369,2,0.087973194705209
1942,0.23558106169297,91.3715854892326,2,0.0797354807843731
1943,0.243424198947872,91.4185575950282,2,0.0675136686283215
1944,0.247441415590626,91.4655297008238,2,0.0626924001598278
1945,0.247824007651841,91.5125018066195,2,0.0622766290732196
1946,0.248397895743663,91.5594739124151,2,0.0616662840832905
1947,0.249736967957915,91.6064460182107,2,0.0603025953503316
1948,0.253275944524151,91.6534181240064,2,0.0570810705009097
1949,0.258058345289335,91.700390229802,2,0.0535201834417804
1950,0.262458153993305,91.7473623355976,2,0.0509496803353177
1951,0.265997130559541,91.7943344413933,2,0.0493181436114042
1952,0.267240554758489,91.8413065471889,2,0.0488305027006372
1953,0.263988522238164,91.8882786529846,2,0.0501987957334066
1954,0.261119081779053,91.9352507587802,2,0.0516656972571414
1955,0.261406025824964,91.9822228645758,2,0.0515075269664062
1956,0.262745098039216,92.0291949703715,2,0.0508034865360507
1957,0.262649450023912,92.0761670761671,2,0.0508519376400198
1958,0.262553802008608,92.1231391819627,2,0.0509006686806687
1959,0.259110473457676,92.1701112877584,2,0.0528474519486861
1960,0.252606408417025,92.217083393554,2,0.0576499899460767
1961,0.247154471544715,92.2640554993496,2,0.0630089576605627
1962,0.238163558106169,92.3110276051453,2,0.0752500918930015
1963,0.224485891917743,92.3579997109409,2,0.105669492798812
1964,0.208895265423242,92.4049718167365,2,0.169564880952241
1965,0.190530846484935,92.4519439225322,2,0.31481357624712
1966,0.170349115255858,92.4989160283278,1,0.579672877338718
1967,0.154471544715447,92.5458881341234,1,0.792350602470509
1968,0.14624581539933,92.5928602399191,1,0.872070225419331
1969,0.150932568149211,92.6398323457147,1,0.829820672232756
1970,0.149210903873745,92.6868044515104,1,0.846325271790646
1971,0.150741272118604,92.733776557306,1,0.831710935709853
1972,0.14988043998087,92.7807486631016,1,0.84004274518853
1973,0.145671927307508,92.8277207688973,1,0.876664870995752
1974,0.144906743185079,92.8746928746929,1,0.882598222284436
1975,0.147776183644189,92.9216649804885,1,0.859204634644405
1976,0.149976087996174,92.9686370862842,1,0.839131103200508
1977,0.15791487326638,93.0156091920798,1,0.751569542906757
1978,0.164610234337637,93.0625812978754,1,0.66233868915758
1979,0.17455762792922,93.1095534036711,1,0.518557007974081
1980,0.185174557627929,93.1565255094667,2,0.375846549979732
1981,0.196939263510282,93.2034976152623,2,0.253280628721852
1982,0.208512673362028,93.250469721058,2,0.171695727199868
1983,0.220086083213773,93.2974418268536,2,0.119777819117933
1984,0.226972740315638,93.3444139326492,2,0.0987666204582482
1985,0.228024868483979,93.3913860384449,2,0.0960552988162961
1986,0.233189861310378,93.4383581442405,2,0.0843501458329279
1987,0.241415590626495,93.4853302500361,2,0.070262332242994
1988,0.250406504065041,93.5323023558318,2,0.0596515357947792
1989,0.259588713534194,93.5792744616274,2,0.0525540485360469
1990,0.270109995217599,93.6262465674231,2,0.0478661045251455
1991,0.279961740793879,93.6732186732187,2,0.0461427669914154
1992,0.285700621712099,93.7201907790143,2,0.0462086679039229
1993,0.288378766140603,93.76716288481,2,0.0465058365428258
1994,0.293830703012912,93.8141349906056,2,0.0476510573773775
1995,0.3012912482066,93.8611070964012,2,0.050481423381062
1996,0.306551889048302,93.9080792021969,2,0.053470020272835
1997,0.309230033476805,93.9550513079925,2,0.0553512257799668
1998,0.310856049736968,94.0020234137881,2,0.056623428467557
1999,0.311812529890005,94.0489955195838,2,0.0574202868596391
2000,0.312673362027738,94.0959676253794,2,0.0581693510348112
2001,0.314777618364419,94.142939731175,2,0.0601333196393418
2002,0.319273075083692,94.1899118369707,2,0.0650189686106081
2003,0.32051649928264,94.2368839427663,2,0.0665525699566101
2004,0.317838354854137,94.2838560485619,2,0.0633512149097725
2005,0.317073170731707,94.3308281543576,2,0.0625044887614503
2006,0.317168818747011,94.3778002601532,2,0.0626087447212642
2007,0.315734098517456,94.4247723659489,2,0.0610912646780956
2008,0.312290769966523,94.4717444717445,2,0.0578326441278256
2009,0.311238641798183,94.5187165775401,2,0.0569377662037689
2010,0.306934481109517,94.5656886833358,2,0.053723090972537
2011,0.301386896221903,94.6126607891314,2,0.0505279887485603
2012,0.297847919655667,94.659632894927,2,0.0489833623216619
2013,0.296987087517934,94.7066050007227,2,0.0486613023534627
2014,0.296987087517934,94.7535771065183,2,0.0486613023534627
2015,0.296508847441416,94.8005492123139,2,0.0484911446168208
2016,0.295169775227164,94.8475213181096,2,0.0480474372837437
2017,0.292395982783357,94.8944934239052,2,0.0472776901143817
2018,0.294117647058824,94.9414655297008,2,0.0477320664286761
2019,0.296317551410808,94.9884376354965,2,0.0484248168599858
2020,0.297178383548541,95.0354097412921,2,0.0487311105305646
2021,0.294978479196557,95.0823818470877,2,0.0479879399288892
2022,0.290865614538498,95.1293539528834,2,0.0469367102803303
2023,0.286370157819225,95.176326058679,2,0.0462669298329601
2024,0.283596365375418,95.2232981644747,2,0.0460945456450276
2025,0.272788139646102,95.2702702702703,2,0.0471604290194346
2026,0.268101386896222,95.3172423760659,2,0.0485179292482069
2027,0.261214729794357,95.3642144818616,2,0.0516126835328961
2028,0.253562888570062,95.4111865876572,2,0.0568427977993373
2029,0.248015303682449,95.4581586934528,2,0.0620714180539093
2030,0.245432807269249,95.5051307992485,2,0.0649959458885907
2031,0.244093735054998,95.5521029050441,2,0.0666496288960467
2032,0.244285031085605,95.5990750108397,2,0.0664073807719754
2033,0.24753706360593,95.6460471166354,2,0.0625877849050069
2034,0.249163079866093,95.693019222431,2,0.0608768341649321
2035,0.254232424677188,95.7399913282266,2,0.0562995498788712
2036,0.260545193687231,95.7869634340223,2,0.0519899227472702
2037,0.265901482544237,95.8339355398179,2,0.0493574510089434
2038,0.268005738880918,95.8809076456135,2,0.048551662179289
2039,0.268005738880918,95.9278797514092,2,0.048551662179289
2040,0.266857962697274,95.9748518572048,2,0.0489759574313878
2041,0.269631755141081,96.0218239630004,2,0.0480116025165717
2042,0.273744619799139,96.0687960687961,2,0.046952359633616
2043,0.276422764227642,96.1157681745917,2,0.0464895688910633
2044,0.27948350071736,96.1627402803874,2,0.04617225819438
2045,0.284074605451937,96.209712386183,2,0.0461113179497511
2046,0.290291726446676,96.2566844919786,2,0.046823847175569
2047,0.291535150645624,96.3036565977743,2,0.0470786902684955
2048,0.289335246293639,96.3506287035699,2,0.0466537096193482
2049,0.287230989956958,96.3976008093655,2,0.0463575013644816
2050,0.278622668579627,96.4445729151612,2,0.0462389702599095
2051,0.274127211860354,96.4915450209568,2,0.0468754927363168
2052,0.273553323768532,96.5385171267524,2,0.0469921517964212
2053,0.272022955523673,96.5854892325481,2,0.0473433903914225
2054,0.271927307508369,96.6324613383437,2,0.0473673007570563
2055,0.273457675753228,96.6794334441393,2,0.0470123884837904
2056,0.273170731707317,96.726405549935,2,0.0470744642425652
2057,0.273744619799139,96.7733776557306,2,0.046952359633616
2058,0.274988043998087,96.8203497615262,2,0.0467157157798274
2059,0.27661406025825,96.8673218673219,2,0.0464631772208524
2060,0.275657580105213,96.9142939731175,2,0.0466039673619669
2061,0.276135820181731,96.9612660789132,2,0.0465308100308161
2062,0.27661406025825,97.0082381847088,2,0.0464631772208524
2063,0.274892395982783,97.0552102905044,2,0.0467325718892618
2064,0.272883787661406,97.1021823963001,2,0.0471385944209576
2065,0.271353419416547,97.1491545020957,2,0.0475156508766289
2066,0.271544715447154,97.1961266078913,2,0.047465267595026
2067,0.269153515064562,97.243098713687,2,0.0481631238066535
2068,0.265614538498326,97.2900708194826,2,0.0494769311372915
2069,0.263510282161645,97.3370429252782,2,0.0504258755090361
2070,0.258823529411765,97.3840150310739,2,0.0530271819124
2071,0.250693448110952,97.4309871368695,2,0.0593786264801477
2072,0.243615494978479,97.4779592426651,2,0.0672642115721443
2073,0.237302725968436,97.5249313484608,2,0.0766908054360287
2074,0.239406982305117,97.5719034542564,2,0.0732603866916782
2075,0.240937350549976,97.618875560052,2,0.0709528064882497
2076,0.24390243902439,97.6658476658477,2,0.0668939181674074
2077,0.246006695361071,97.7128197716433,2,0.0643166282824507
2078,0.252319464371114,97.759791877439,2,0.0578994391470105
2079,0.260353897656624,97.8067639832346,2,0.052100356340214
2080,0.265997130559541,97.8537360890302,2,0.0493181436114042
2081,0.264275466284075,97.9007081948259,2,0.0500658034927522
2082,0.264849354375897,97.9476803006215,2,0.0498070671127522
2083,0.26676231468197,97.9946524064171,2,0.0490129550233702
2084,0.267910090865615,98.0416245122128,2,0.0485856433800487
2085,0.268101386896222,98.0885966180084,2,0.0485179292482069
2086,0.269823051171688,98.135568723804,2,0.0479526833328686
2087,0.275753228120517,98.1825408295997,2,0.0465888927861447
2088,0.281587757054041,98.2295129353953,2,0.0460828071766199
2089,0.284839789574366,98.2764850411909,2,0.0461493564284593
2090,0.289239598278336,98.3234571469866,2,0.046637923911088
2091,0.293065518890483,98.3704292527822,2,0.0474453932412962
2092,0.294691535150646,98.4174013585778,2,0.0479004974402719
2093,0.294978479196557,98.4643734643735,2,0.0479879399288892
2094,0.293161166905787,98.5113455701691,2,0.0474702812568098
2095,0.290100430416069,98.5583176759647,2,0.0467880279950189
2096,0.287613582018173,98.6052897817604,2,0.04640343448853
2097,0.291917742706839,98.652261887556,2,0.0471648387786251
2098,0.285891917742707,98.6992339933517,2,0.0462242292146546
2099,0.281779053084649,98.7462060991473,2,0.0460798413083009
2100,0.279100908656145,98.7931782049429,2,0.0461997420944374
2101,0.274701099952176,98.8401503107386,2,0.0467669553667556
2102,0.275370636059302,98.8871224165342,2,0.0466505236348197
2103,0.279866092778575,98.9340945223298,2,0.0461482333440759
2104,0.28206599713056,98.9810666281255,2,0.0460770046421067
2105,0.27948350071736,99.0280387339211,2,0.04617225819438
2106,0.28206599713056,99.0750108397167,2,0.0460770046421067
2107,0.28206599713056,99.1219829455124,2,0.0460770046421067
2108,0.276901004304161,99.168955051308,2,0.0464252398213732
2109,0.274701099952176,99.2159271571036,2,0.0467669553667556
2110,0.275370636059302,99.2628992628993,2,0.0466505236348197
2111,0.273075083692013,99.3098713686949,2,0.0470956123216524
2112,0.269823051171688,99.3568434744905,2,0.0479526833328686
2113,0.265805834528934,99.4038155802862,2,0.0493970176996403
2114,0.255475848876136,99.4507876860818,2,0.055336809648849
2115,0.241798182687709,99.4977597918775,2,0.0697201386882614
2116,0.225729316116691,99.5447318976731,2,0.102128511097242
2117,0.207173601147776,99.5917040034687,2,0.179411545076067
2118,0.190435198469632,99.6386761092644,2,0.315827370017334
2119,0.175035868005739,99.68564821506,1,0.511691309760368
2120,0.16154949784792,99.7326203208556,1,0.704501327746785
2121,0.149976087996174,99.7795924266513,1,0.839131103200508
2122,0.141463414634146,99.8265645324469,1,0.906646461319553
2123,0.13323768531803,99.8735366382425,1,0.948376822858827
2124,0.12883787661406,99.9205087440382,1,0.963264071483642
2125,0.125011956001913,99.9674808498338,1,0.972995233053649
2126,0.119081779053085,100.014452955629,1,0.983575269284398
2127,0.11506456241033,100.061425061425,1,0.98842472113851
2128,0.114203730272597,100.108397167221,1,0.989275043068264
2129,0.114012434241989,100.155369273016,1,0.989456006953177
2130,0.118986131037781,100.202341378812,1,0.983709591304852
2131,0.12960306073649,100.249313484608,1,0.960982743126979
2132,0.139072214251554,100.296285590403,1,0.920921066454046
2133,0.142898134863702,100.343257696199,1,0.897143797034553
2134,0.149306551889048,100.390229801995,1,0.845438375540459
2135,0.15714968914395,100.43720190779,1,0.760976850600509
2136,0.159253945480631,100.484174013586,1,0.734666808177322
2137,0.164705882352941,100.531146119381,1,0.660991932727818
2138,0.164036346245815,100.578118225177,1,0.67038615516591
2139,0.168818747011,100.625090330973,1,0.601964448114828
2140,0.176948828311813,100.672062436768,2,0.484515606569361
2141,0.181157340985175,100.719034542564,2,0.426955985798558
2142,0.182305117168819,100.76600664836,2,0.411928221871497
2143,0.189574366331899,100.812978754155,2,0.325077950665196
2144,0.198373983739837,100.859950859951,2,0.241197052078647
2145,0.202486848397896,100.906922965747,2,0.209791590013262
2146,0.208703969392635,100.953895071542,2,0.170626278254669
2147,0.217790530846485,101.000867177338,2,0.128224760641359
2148,0.22467718794835,101.047839283133,2,0.105112705381521
2149,0.233572453371593,101.094811388929,2,0.0835801091971965
2150,0.24208512673362,101.141783494725,2,0.0693193482022681
2151,0.249736967957915,101.18875560052,2,0.0603025953503316
2152,0.253275944524151,101.235727706316,2,0.0570810705009097
2153,0.259493065518891,101.282699812112,2,0.0526121184461252
2154,0.261214729794357,101.329671917907,2,0.0516126835328961
2155,0.2649450023912,101.376644023703,2,0.0497648769886643
2156,0.269918699186992,101.423616129498,2,0.0479235841290878
2157,0.27221425155428,101.470588235294,2,0.0472962650047062
2158,0.273744619799139,101.51756034109,2,0.046952359633616
2159,0.274892395982783,101.564532446885,2,0.0467325718892618
2160,0.276996652319464,101.611504552681,2,0.0464130333707286
2161,0.27843137254902,101.658476658477,2,0.0462561803091709
2162,0.278909612625538,101.705448764272,2,0.046214782991233
2163,0.278335724533716,101.752420870068,2,0.046265111234849
2164,0.276805356288857,101.799392975864,2,0.0464376658354081
2165,0.275657580105213,101.846365081659,2,0.0466039673619669
2166,0.270683883309421,101.893337187455,2,0.0476993884001978
2167,0.265614538498326,101.94030929325,2,0.0494769311372915
2168,0.264371114299378,101.987281399046,2,0.0500220116511617
2169,0.258536585365854,102.034253504842,2,0.0532097056394075
2170,0.257484457197513,102.081225610637,2,0.0539032408616556
2171,0.255093256814921,102.128197716433,2,0.0556267512906786
2172,0.251458632233381,102.175169822229,2,0.058668457118062
2173,0.245528455284553,102.222141928024,2,0.0648815228454461
2174,0.239885222381636,102.26911403382,2,0.0725228951682818
2175,0.233955045432807,102.316086139616,2,0.0828224089079017
2176,0.23012912482066,102.363058245411,2,0.090978259823908
2177,0.233189861310378,102.410030351207,2,0.0843501458329279
2178,0.232902917264467,102.457002457002,2,0.0849358843816846
2179,0.233285509325681,102.503974562798,2,0.0841564696990267
2180,0.233859397417504,102.550946668594,2,0.0830106878255444
2181,0.235485413677666,102.597918774389,2,0.0799112420227321
2182,0.242563366810139,102.644890880185,2,0.0686623531413188
2183,0.250789096126255,102.691862985981,2,0.0592884623398544
2184,0.256814921090387,102.738835091776,2,0.0543648444719919
2185,0.258058345289335,102.785807197572,2,0.0535201834417804
2186,0.271736011477762,102.832779303368,2,0.047415818444913
2187,0.279674796747967,102.879751409163,2,0.0461598137255214
2188,0.279005260640842,102.926723514959,2,0.0462071542167208
2189,0.277953132472501,102.973695620754,2,0.0463030104253774
2190,0.283309421329507,103.02066772655,2,0.0460870644323263
2191,0.287230989956958,103.067639832346,2,0.0463575013644816
2192,0.286083213773314,103.114611938141,2,0.0462406580480043
2193,0.289335246293639,103.161584043937,2,0.0466537096193482
2194,0.290483022477284,103.208556149733,2,0.0468605659612708
2195,0.289526542324247,103.255528255528,2,0.0466859491100609
2196,0.286370157819225,103.302500361324,2,0.0462669298329601
2197,0.283787661406026,103.34947246712,2,0.0461006088224853
2198,0.283405069344811,103.396444572915,2,0.0460893430765786
2199,0.284074605451937,103.443416678711,2,0.0461113179497511
2200,0.284552845528455,103.490388784506,2,0.0461334747716847
2201,0.285796269727403,103.537360890302,2,0.046216340171928
2202,0.28857006217121,103.584332996098,2,0.0465336399317887
2203,0.290674318507891,103.631305101893,2,0.0468981863228954
2204,0.291822094691535,103.678277207689,2,0.0471429581593822
2205,0.294213295074127,103.725249313485,2,0.0477595432310375
2206,0.29507412721186,103.77222141928,2,0.0480175681032544
2207,0.291917742706839,103.819193525076,2,0.0471648387786251
2208,0.287326637972262,103.866165630872,2,0.0463686562816475
2209,0.287996174079388,103.913137736667,2,0.0464528760240711
2210,0.288761358201817,103.960109842463,2,0.046562327374693
2211,0.287613582018173,104.007081948258,2,0.04640343448853
2212,0.284074605451937,104.054054054054,2,0.0461113179497511
2213,0.283309421329507,104.10102615985,2,0.0460870644323263
2214,0.281779053084649,104.147998265645,2,0.0460798413083009
2215,0.277283596365375,104.194970371441,2,0.0463777297828143
2216,0.272501195600191,104.241942477237,2,0.0472273105457379
2217,0.266188426590148,104.288914583032,2,0.0492403045414591
2218,0.264753706360593,104.335886688828,2,0.0498495227139828
2219,0.262362505978001,104.382858794624,2,0.050998973285448
2220,0.258823529411765,104.429830900419,2,0.0530271819124
2221,0.254519368723099,104.476803006215,2,0.0560721086314094
2222,0.252702056432329,104.52377511201,2,0.0575675951946417
2223,0.253945480631277,104.570747217806,2,0.0565302053666371
2224,0.256241032998565,104.617719323602,2,0.0547733393106253
2225,0.257388809182209,104.664691429397,2,0.0539682083241353
2226,0.259493065518891,104.711663535193,2,0.0526121184461252
2227,0.264466762314682,104.758635640989,2,0.049978488251236
2228,0.268962219033955,104.805607746784,2,0.0482254302944291
2229,0.269823051171688,104.85257985258,2,0.0479526833328686
2230,0.267718794835007,104.899551958376,2,0.0486543524473753
2231,0.264849354375897,104.946524064171,2,0.0498070671127522
2232,0.2649450023912,104.993496169967,2,0.0497648769886643
2233,0.263510282161645,105.040468275762,2,0.0504258755090361
2234,0.264562410329986,105.087440381558,2,0.049935232692275
2235,0.264466762314682,105.134412487354,2,0.049978488251236
2236,0.266092778574845,105.181384593149,2,0.0492790949675051
2237,0.270779531324725,105.228356698945,2,0.0476724329794748
2238,0.273362027737924,105.275328804741,2,0.047032852603375
2239,0.270588235294118,105.322300910536,2,0.0477265805165847
2240,0.268292682926829,105.369273016332,2,0.0484512063594392
2241,0.270683883309421,105.416245122127,2,0.0476993884001978
2242,0.274222859875658,105.463217227923,2,0.0468568406332277
2243,0.277379244380679,105.510189333719,2,0.0463663999841507
2244,0.280439980870397,105.557161439514,2,0.0461186707813151
2245,0.283883309421329,105.60413354531,2,0.0461039632387486
2246,0.287709230033477,105.651105651106,2,0.0464154655588048
2247,0.285222381635581,105.698077756901,2,0.0461735547052591
2248,0.280535628885701,105.745049862697,2,0.0461144982004583
2249,0.279866092778575,105.792021968493,2,0.0461482333440759
2250,0.276327116212339,105.838994074288,2,0.0465030952721725
2251,0.272405547584888,105.885966180084,2,0.0472500646319608
2252,0.269249163079866,105.932938285879,2,0.0481323352468553
2253,0.266284074605452,105.979910391675,2,0.0492017718011987
2254,0.261788617886179,106.026882497471,2,0.0513006768819928
2255,0.258536585365854,106.073854603266,2,0.0532097056394075
2256,0.257006217120995,106.120826709062,2,0.05423132496177
2257,0.254615016738403,106.167798814858,2,0.0559970040452119
2258,0.252223816355811,106.214770920653,2,0.0579833478941067
2259,0.247345767575323,106.261743026449,2,0.062797466326272
2260,0.241319942611191,106.308715132245,2,0.0703992883601207
2261,0.238354854136777,106.35568723804,2,0.0749370555527009
2262,0.235772357723577,106.402659343836,2,0.0793860892099245
2263,0.231659493065519,106.449631449631,2,0.0875575427515578
2264,0.227450980392157,106.496603555427,2,0.0975193981322774
2265,0.227642276422764,106.543575661223,2,0.0970274531342847
2266,0.222285987565758,106.590547767018,2,0.112401645756111
2267,0.216068866571019,106.637519872814,2,0.135104852784456
2268,0.211190817790531,106.68449197861,2,0.157437903634876
2269,0.204878048780488,106.731464084405,2,0.193612011395535
2270,0.196078431372549,106.778436190201,2,0.26082184259224
2271,0.186991869918699,106.825408295997,2,0.35418149557054
2272,0.18077474892396,106.872380401792,2,0.432035202367987
2273,0.165853658536585,106.919352507588,1,0.644719482564471
2274,0.158393113342898,106.966324613383,1,0.745595670201161
2275,0.156193208990913,107.013296719179,1,0.772465374553139
2276,0.161740793878527,107.060268824975,1,0.701925941467781
2277,0.167384026781444,107.10724093077,1,0.622754472627041
2278,0.176757532281205,107.154213036566,2,0.487209720789979
2279,0.193017694882831,107.201185142362,2,0.289444159801957
2280,0.206695361071258,107.248157248157,2,0.182266695154244
2281,0.213199426111908,107.295129353953,2,0.14770441635549
2282,0.217790530846485,107.342101459749,2,0.128224760641359
2283,0.223433763749402,107.389073565544,2,0.108812406579399
2284,0.224581539933046,107.43604567134,2,0.105390544217279
2285,0.223720707795313,107.483017777135,2,0.107941549607463
2286,0.226590148254424,107.529989882931,2,0.09978251003317
2287,0.229842180774749,107.576961988727,2,0.0916444870559196
2288,0.232520325203252,107.623934094522,2,0.0857279733994179
2289,0.238641798182688,107.670906200318,2,0.074472272033961
2290,0.237207077953132,107.717878306114,2,0.0768541715037314
2291,0.238641798182688,107.764850411909,2,0.074472272033961
2292,0.241128646580583,107.811822517705,2,0.070674904476325
2293,0.242754662840746,107.858794623501,2,0.0684033545887683
2294,0.248206599713056,107.905766729296,2,0.0618679737506725
2295,0.253945480631277,107.952738835092,2,0.0565302053666371
2296,0.255571496891439,107.999710940887,2,0.0552651850459367
2297,0.259588713534194,108.046683046683,2,0.0525540485360469
2298,0.264658058345289,108.093655152479,2,0.0498922443774882
2299,0.269631755141081,108.140627258274,2,0.0480116025165717
2300,0.27221425155428,108.18759936407,2,0.0472962650047062
2301,0.272788139646102,108.234571469866,2,0.0471604290194346
2302,0.27403156384505,108.281543575661,2,0.0468943704329557
2303,0.27479674796748,108.328515681457,2,0.0467496516752544
2304,0.274318507890961,108.375487787253,2,0.0468384138733577
2305,0.272405547584888,108.422459893048,2,0.0472500646319608
2306,0.272501195600191,108.469431998844,2,0.0472273105457379
2307,0.272788139646102,108.516404104639,2,0.0471604290194346
2308,0.273075083692013,108.563376210435,2,0.0470956123216524
2309,0.270014347202296,108.610348316231,2,0.0478947246568964
2310,0.263797226207556,108.657320422026,2,0.0502888106253502
2311,0.255188904830225,108.704292527822,2,0.0555537473204356
2312,0.248589191774271,108.751264633618,2,0.0614663370862664
2313,0.240554758488761,108.798236739413,2,0.071515536337018
2314,0.236154949784792,108.845208845209,2,0.0786957539724584
2315,0.230320420851267,108.892180951004,2,0.0905385458297428
2316,0.226685796269727,108.9391530568,2,0.0995270126762409
2317,0.224772835963654,108.986125162596,2,0.104835972022123
2318,0.224103299856528,109.033097268391,2,0.106796470498663
2319,0.221999043519847,109.080069374187,2,0.113326022633279
2320,0.220468675274988,109.127041479983,2,0.118446236154491
2321,0.216260162601626,109.174013585778,2,0.134316186347063
2322,0.214729794356767,109.220985691574,2,0.140801660338617
2323,0.213008130081301,109.26795779737,2,0.148597789895367
2324,0.211860353897657,109.314929903165,2,0.15410550426895
2325,0.20908656145385,109.361902008961,2,0.168511485021069
2326,0.201339072214252,109.408874114756,2,0.218087948491244
2327,0.189956958393113,109.455846220552,2,0.320938514052059
2328,0.181539933046389,109.502818326348,2,0.421911207346597
2329,0.169966523194644,109.549790432143,1,0.585251636604726
2330,0.158297465327594,109.596762537939,1,0.746796131497632
2331,0.150549976087996,109.643734643735,1,0.833587126816927
2332,0.150836920133907,109.69070674953,1,0.830767561830196
2333,0.154184600669536,109.737678855326,1,0.79556214872829
2334,0.156193208990913,109.784650961122,1,0.772465374553139
2335,0.164897178383549,109.831623066917,1,0.658293902565047
2336,0.174844571975132,109.878595172713,1,0.514434599743183
2337,0.179340028694405,109.925567278508,2,0.451373922705444
2338,0.187470109995218,109.972539384304,2,0.348640757750898
2339,0.193687230989957,110.0195114901,2,0.282939114337545
2340,0.196174079387853,110.066483595895,2,0.259973032379234
2341,0.19713055954089,110.113455701691,2,0.251634637528827
2342,0.199617407938785,110.160427807487,2,0.231205581533254
2343,0.204208512673362,110.207399913282,2,0.197995589516347
2344,0.208703969392635,110.254372019078,2,0.170626278254669
2345,0.216260162601626,110.301344124874,2,0.134316186347063
2346,0.220659971305595,110.348316230669,2,0.117788310688286
2347,0.226685796269727,110.395288336465,2,0.0995270126762409
2348,0.231181252989,110.44226044226,2,0.088602976971254
2349,0.234911525585844,110.489232548056,2,0.0809808984531543
2350,0.239406982305117,110.536204653852,2,0.0732603866916782
2351,0.245337159253945,110.583176759647,2,0.0651108543002808
2352,0.250310856049737,110.630148865443,2,0.059743315648031
2353,0.249641319942611,110.677120971239,2,0.0603972548647453
2354,0.251076040172166,110.724093077034,2,0.0590203683028873
2355,0.252606408417025,110.77106518283,2,0.0576499899460767
2356,0.256432329029173,110.818037288626,2,0.0546358439154746
2357,0.262171209947394,110.865009394421,2,0.0510984058189646
2358,0.262362505978001,110.911981500217,2,0.050998973285448
2359,0.26312769010043,110.958953606012,2,0.0506124680854629
2360,0.265518890483022,111.005925711808,2,0.0495172789820278
2361,0.268866571018651,111.052897817604,2,0.0482569490690748
2362,0.27116212338594,111.099869923399,2,0.0475669710106528
2363,0.271544715447154,111.146842029195,2,0.047465267595026
2364,0.272788139646102,111.193814134991,2,0.0471604290194346
2365,0.276135820181731,111.240786240786,2,0.0465308100308161
2366,0.275083692013391,111.287758346582,2,0.0466990831210363
2367,0.274318507890961,111.334730452378,2,0.0468384138733577
2368,0.276327116212339,111.381702558173,2,0.0465030952721725
2369,0.27039693926351,111.428674663969,2,0.0477816763111917
2370,0.271544715447154,111.475646769764,2,0.047465267595026
2371,0.271640363462458,111.52261887556,2,0.0474404264215695
2372,0.270779531324725,111.569590981356,2,0.0476724329794748
2373,0.268866571018651,111.616563087151,2,0.0482569490690748
2374,0.267910090865615,111.663535192947,2,0.0485856433800487
2375,0.267718794835007,111.710507298743,2,0.0486543524473753
2376,0.268005738880918,111.757479404538,2,0.048551662179289
2377,0.263988522238164,111.804451510334,2,0.0501987957334066
2378,0.263701578192253,111.85142361613,2,0.0503342259520705
2379,0.264084170253467,111.898395721925,2,0.050154194923347
2380,0.263797226207556,111.945367827721,2,0.0502888106253502
2381,0.262553802008608,111.992339933516,2,0.0509006686806687
2382,0.261214729794357,112.039312039312,2,0.0516126835328961
2383,0.258727881396461,112.086284145108,2,0.0530877115981366
2384,0.255858440937351,112.133256250903,2,0.0550523607241394
2385,0.255858440937351,112.180228356699,2,0.0550523607241394
2386,0.252702056432329,112.227200462495,2,0.0575675951946417
2387,0.248110951697752,112.27417256829,2,0.0619694758204945
2388,0.244858919177427,112.321144674086,2,0.0656927376030245
2389,0.243137254901961,112.368116779882,2,0.0678917841724023
2390,0.237972262075562,112.415088885677,2,0.0755656952747967
2391,0.228503108560497,112.462060991473,2,0.0948617996649184
2392,0.218747010999522,112.509033097268,2,0.124607751132623
2393,0.213103778096604,112.556005203064,2,0.148150238314121
2394,0.207173601147776,112.60297730886,2,0.179411545076067
2395,0.201530368244859,112.649949414655,2,0.21668066121376
2396,0.196556671449067,112.696921520451,2,0.256605083161114
2397,0.193687230989957,112.743893626247,2,0.282939114337545
2398,0.189574366331899,112.790865732042,2,0.325077950665196
2399,0.186704925872788,112.837837837838,2,0.357538416134625
2400,0.186513629842181,112.884809943633,2,0.359789809177857
2401,0.184026781444285,112.931782049429,2,0.390013089041264
2402,0.178287900526064,112.978754155225,2,0.465826982444868
2403,0.172453371592539,113.02572626102,1,0.549007938151028
2404,0.169105691056911,113.072698366816,1,0.597790982402773
2405,0.1662362505978,113.119670472612,1,0.63925391891408
2406,0.16441893830703,113.166642578407,1,0.665027569143285
2407,0.163845050215208,113.213614684203,1,0.673055496925781
2408,0.164610234337637,113.260586789999,1,0.66233868915758
2409,0.165279770444763,113.307558895794,1,0.652880424691696
2410,0.170444763271162,113.35453100159,1,0.578277923479744
2411,0.175896700143472,113.401503107385,2,0.499400680312894
2412,0.183261597321856,113.448475213181,2,0.399657120900612
2413,0.190339550454328,113.495447318977,2,0.316843977175294
2414,0.197608799617408,113.542419424772,2,0.247566763283998
2415,0.202391200382592,113.589391530568,2,0.210469538844976
2416,0.203730272596844,113.636363636364,2,0.201195790012136
2417,0.204878048780488,113.683335742159,2,0.193612011395535
2418,0.198756575801052,113.730307847955,2,0.238075705433469
2419,0.196174079387853,113.777279953751,2,0.259973032379234
2420,0.199043519846963,113.824252059546,2,0.235762240521522
2421,0.198756575801052,113.871224165342,2,0.238075705433469
2422,0.195504543280727,113.918196271137,2,0.26597227599833
2423,0.196939263510282,113.965168376933,2,0.253280628721852
2424,0.202199904351985,114.012140482729,2,0.211832701774491
2425,0.206599713055954,114.059112588524,2,0.182844135321946
2426,0.212242945958871,114.10608469432,2,0.152241188046503
2427,0.218747010999522,114.153056800116,2,0.124607751132623
2428,0.22285987565758,114.200028905911,2,0.110585620057994
2429,0.224868483978957,114.247001011707,2,0.104560339884721
2430,0.226398852223816,114.293973117503,2,0.100296578394812
2431,0.230894308943089,114.340945223298,2,0.0892404030912991
2432,0.234624581539933,114.387917329094,2,0.0815255516610437
2433,0.250215208034433,114.434889434889,2,0.0598355027837345
2434,0.257006217120995,114.481861540685,2,0.05423132496177
2435,0.265040650406504,114.528833646481,2,0.0497229517604499
2436,0.267814442850311,114.575805752276,2,0.0486198733137966
2437,0.269727403156384,114.622777858072,2,0.0479820226627417
2438,0.274701099952176,114.669749963868,2,0.0467669553667556
2439,0.281874701099952,114.716722069663,2,0.0460786808168526
2440,0.285604973696796,114.763694175459,2,0.0462012123083305
2441,0.29325681492109,114.810666281255,2,0.0474954028720636
2442,0.292682926829268,114.85763838705,2,0.0473481705067373
2443,0.294404591104735,114.904610492846,2,0.0478152097398069
2444,0.297465327594452,114.951582598641,2,0.0488377043938971
2445,0.297082735533238,114.998554704437,2,0.0486960813221662
2446,0.294595887135342,115.045526810233,2,0.0478718293049613
2447,0.294691535150646,115.092498916028,2,0.0479004974402719
2448,0.297465327594452,115.139471021824,2,0.0488377043938971
2449,0.296413199426112,115.18644312762,2,0.0484578572426855
2450,0.294787183165949,115.233415233415,2,0.0479294049942565
2451,0.290961262553802,115.280387339211,2,0.046956311752161
2452,0.288761358201817,115.327359445007,2,0.046562327374693
2453,0.289335246293639,115.374331550802,2,0.0466537096193482
2454,0.290483022477284,115.421303656598,2,0.0468605659612708
2455,0.293543758967001,115.468275762393,2,0.0475721727239199
2456,0.294691535150646,115.515247868189,2,0.0479004974402719
2457,0.297369679579149,115.562219973985,2,0.0488019215828581
2458,0.297178383548541,115.60919207978,2,0.0487311105305646
2459,0.297082735533238,115.656164185576,2,0.0486960813221662
2460,0.297178383548541,115.703136291372,2,0.0487311105305646
2461,0.294691535150646,115.750108397167,2,0.0479004974402719
2462,0.292300334768054,115.797080502963,2,0.0472546590740739
2463,0.292109038737446,115.844052608759,2,0.0472092887626677
2464,0.293926351028216,115.891024714554,2,0.0476778238687454
2465,0.294500239120038,115.93799682035,2,0.0478434001998509
2466,0.295743663318986,115.984968926145,2,0.0482317364291088
2467,0.291822094691535,116.031941031941,2,0.0471429581593822
2468,0.285413677666188,116.078913137737,2,0.0461869507396305
2469,0.280153036824486,116.125885243532,2,0.0461324815979966
2470,0.276901004304161,116.172857349328,2,0.0464252398213732
2471,0.272883787661406,116.219829455124,2,0.0471385944209576
2472,0.269823051171688,116.266801560919,2,0.0479526833328686
2473,0.266284074605452,116.313773666715,2,0.0492017718011987
2474,0.265040650406504,116.36074577251,2,0.04972295176045
2475,0.260162601626016,116.407717878306,2,0.0522119794129047
2476,0.257580105212817,116.454689984102,2,0.0538385962239537
2477,0.260353897656624,116.501662089897,2,0.052100356340214
2478,0.262649450023912,116.548634195693,2,0.0508519376400198
2479,0.264371114299378,116.595606301489,2,0.0500220116511617
2480,0.269153515064562,116.642578407284,2,0.0481631238066535
2481,0.272692491630799,116.68955051308,2,0.047182493041203
2482,0.275466284074605,116.736522618876,2,0.0466347825800149
2483,0.281109516977523,116.783494724671,2,0.0460939847342933
2484,0.286944045911047,116.830466830467,2,0.0463253479827203
2485,0.290291726446676,116.877438936262,2,0.046823847175569
2486,0.292778574844572,116.924411042058,2,0.0473721274501922
2487,0.294787183165949,116.971383147854,2,0.0479294049942565
2488,0.296700143472023,117.018355253649,2,0.0485584621567918
2489,0.298995695839311,117.065327359445,2,0.0494448686239844
2490,0.301482544237207,117.112299465241,2,0.0505748295567374
2491,0.302821616451459,117.159271571036,2,0.051259893261456
2492,0.303012912482066,117.206243676832,2,0.0513622848835449
2493,0.305786704925873,117.253215782628,2,0.0529790235773501
2494,0.305882352941176,117.300187888423,2,0.0530393050789329
2495,0.303682448589192,117.347159994219,2,0.0517297355480185
2496,0.301578192252511,117.394132100014,2,0.0506219464549699
2497,0.310664753706361,117.44110420581,2,0.0564684349909484
2498,0.308082257293161,117.488076311606,2,0.0545132852597876
2499,0.305021520803443,117.535048417401,2,0.0525078515097496
2500,0.303778096604495,117.582020523197,2,0.0517833912782545
2501,0.303682448589192,117.628992628993,2,0.0517297355480185
2502,0.30310856049737,117.675964734788,2,0.0514139109007657
2503,0.301195600191296,117.722936840584,2,0.0504351328089251
2504,0.299665231946437,117.76990894638,2,0.0497313447849998
2505,0.29402199904352,117.816881052175,2,0.0477048267640944
2506,0.290100430416069,117.863853157971,2,0.0467880279950189
2507,0.285318029650885,117.910825263766,2,0.0461801445763817
2508,0.281970349115256,117.957797369562,2,0.0460777352656518
2509,0.28206599713056,118.004769475358,2,0.0460770046421067
2510,0.281874701099952,118.051741581153,2,0.0460786808168526
2511,0.277187948350072,118.098713686949,2,0.0463892785101317
2512,0.27221425155428,118.145685792745,2,0.0472962650047062
2513,0.269823051171688,118.19265789854,2,0.0479526833328686
2514,0.263510282161645,118.239630004336,2,0.0504258755090361
2515,0.260066953610713,118.286602110132,2,0.0522682389595996
2516,0.256527977044476,118.333574215927,2,0.0545675965954679
2517,0.249736967957915,118.380546321723,2,0.0603025953503316
2518,0.2493543758967,118.427518427518,2,0.0606837404584178
2519,0.252223816355811,118.474490533314,2,0.0579833478941066
2520,0.249641319942611,118.52146263911,2,0.0603972548647453
2521,0.258536585365854,118.568434744905,2,0.0532097056394075
2522,0.267718794835007,118.615406850701,2,0.0486543524473753
2523,0.278813964610234,118.662378956497,2,0.0462226285197012
2524,0.284361549497848,118.709351062292,2,0.0461239654687584
2525,0.288378766140603,118.756323168088,2,0.0465058365428258
2526,0.290865614538498,118.803295273884,2,0.0469367102803303
2527,0.29402199904352,118.850267379679,2,0.0477048267640944
2528,0.294404591104735,118.897239485475,2,0.0478152097398069
2529,0.297369679579149,118.94421159127,2,0.0488019215828581
2530,0.297943567670971,118.991183697066,2,0.0490204109643889
2531,0.299665231946437,119.038155802862,2,0.0497313447849998
2532,0.299665231946437,119.085127908657,2,0.0497313447849998
2533,0.299665231946437,119.132100014453,2,0.0497313447849998
2534,0.300813008130081,119.179072120249,2,0.0502527057090152
2535,0.301004304160689,119.226044226044,2,0.0503433734896875
2536,0.3012912482066,119.27301633184,2,0.050481423381062
2537,0.301386896221903,119.319988437636,2,0.0505279887485603
2538,0.300813008130081,119.366960543431,2,0.0502527057090152
2539,0.296795791487327,119.413932649227,2,0.0485924932400997
2540,0.28857006217121,119.460904755022,2,0.0465336399317887
2541,0.281205164992826,119.507876860818,2,0.0460913190680466
2542,0.277187948350072,119.554848966614,2,0.0463892785101317
2543,0.277474892395983,119.601821072409,2,0.0463552889628184
2544,0.278622668579627,119.648793178205,2,0.0462389702599095
2545,0.280153036824486,119.695765284001,2,0.0461324815979966
2546,0.277761836441894,119.742737389796,2,0.0463232670936457
2547,0.276327116212339,119.789709495592,2,0.0465030952721725
2548,0.276040172166428,119.836681601387,2,0.0465449987790444
2549,0.27584887613582,119.883653707183,2,0.0465740399624097
2550,0.273648971783836,119.930625812979,2,0.046972142269313
2551,0.270205643232903,119.977597918774,2,0.0478377233460322
2552,0.265901482544237,120.02457002457,2,0.0493574510089434
2553,0.257006217120995,120.071542130366,2,0.05423132496177
2554,0.251649928263989,120.118514236161,2,0.0584948558467196
2555,0.244189383070301,120.165486341957,2,0.0665282506084377
2556,0.239885222381636,120.212458447753,2,0.0725228951682818
2557,0.238259206121473,120.259430553548,2,0.075093254053953
2558,0.236346245815399,120.306402659344,2,0.0783547674654215
2559,0.232902917264467,120.353374765139,2,0.0849358843816846
2560,0.228885700621712,120.400346870935,2,0.0939240658004976
2561,0.234050693448111,120.447318976731,2,0.0826348891975609
2562,0.233572453371593,120.494291082526,2,0.0835801091971965
2563,0.232520325203252,120.541263188322,2,0.0857279733994179
2564,0.230224772835964,120.588235294118,2,0.0907579613714599
2565,0.227737924438068,120.635207399913,2,0.0967829532861481
2566,0.226685796269727,120.682179505709,2,0.0995270126762409
2567,0.227164036346246,120.729151611505,2,0.0982647362801819
2568,0.228981348637016,120.7761237173,2,0.0936919720155812
2569,0.235676709708274,120.823095823096,2,0.0795604307527205
2570,0.238928742228599,120.870067928891,2,0.0740131564436353
2571,0.240554758488761,120.917040034687,2,0.071515536337018
2572,0.243328550932568,120.964012140483,2,0.0676391812463931
2573,0.251267336202774,121.010984246278,2,0.0588436245220638
2574,0.257484457197513,121.057956352074,2,0.0539032408616556
2575,0.261884265901483,121.10492845787,2,0.0512496816131433
2576,0.267336202773792,121.151900563665,2,0.048794770440992
2577,0.274509803921569,121.198872669461,2,0.0468022353972905
2578,0.277283596365375,121.245844775257,2,0.0463777297828143
2579,0.281013868962219,121.292816881052,2,0.0460968655446047
2580,0.2831181252989,121.339788986848,2,0.0460831522720281
2581,0.282831181252989,121.386761092643,2,0.0460788964828146
2582,0.281779053084649,121.433733198439,2,0.0460798413083009
2583,0.282544237207078,121.480705304235,2,0.046076575198852
2584,0.284170253467241,121.52767741003,2,0.0461153183424612
2585,0.283500717360115,121.574649515826,2,0.0460918368030747
2586,0.283500717360115,121.621621621622,2,0.0460918368030747
2587,0.284361549497848,121.668593727417,2,0.0461239654687584
2588,0.284457197513152,121.715565833213,2,0.0461286123175464
2589,0.282831181252989,121.762537939009,2,0.0460788964828146
2590,0.279674796747967,121.809510044804,2,0.0461598137255214
2591,0.275370636059302,121.8564821506,2,0.0466505236348197
2592,0.271927307508369,121.903454256395,2,0.0473673007570563
2593,0.262171209947394,121.950426362191,2,0.0510984058189646
2594,0.259780009564802,121.997398467987,2,0.0524388191356351
2595,0.257484457197513,122.044370573782,2,0.0539032408616556
2596,0.253371592539455,122.091342679578,2,0.0570012793743015
2597,0.246867527498804,122.138314785374,2,0.0633296158603844
2598,0.24285031085605,122.185286891169,2,0.0682746615772258
2599,0.238067910090866,122.232258996965,2,0.075407571489784
2600,0.232424677187948,122.279231102761,2,0.0859279990978978
2601,0.233094213295074,122.326203208556,2,0.0845446049691833
2602,0.228216164514586,122.373175314352,2,0.0955750290776341
2603,0.220468675274988,122.420147420147,2,0.118446236154491
2604,0.214634146341463,122.467119525943,2,0.141220611988837
2605,0.208799617407939,122.514091631739,2,0.1700945762911
2606,0.202295552367288,122.561063737534,2,0.211149907501241
2607,0.197226207556193,122.60803584333,2,0.250815687403083
2608,0.194069823051172,122.655007949126,2,0.279283601161977
2609,0.197513151602104,122.701980054921,2,0.248374971008711
2610,0.198373983739837,122.748952160717,2,0.241197052078647
2611,0.199713055954089,122.795924266513,2,0.230455190264907
2612,0.200860832137733,122.842896372308,2,0.221649704721002
2613,0.200860832137733,122.889868478104,2,0.221649704721002
2614,0.194165471066475,122.936840583899,2,0.278376711330412
2615,0.180966044954567,122.983812689695,2,0.429491342127612
2616,0.170923003347681,123.030784795491,1,0.57130278759636
2617,0.161645145863223,123.077756901286,1,0.703214738932444
2618,0.151315160210426,123.124729007082,1,0.825998010289595
2619,0.145671927307508,123.171701112878,1,0.876664870995752
2620,0.146054519368723,123.218673218673,1,0.873615621203671
2621,0.145576279292205,123.265645324469,1,0.877418554351614
2622,0.147584887613582,123.312617430265,1,0.860861914172008
2623,0.153228120516499,123.35958953606,1,0.806049611754468
2624,0.156862745098039,123.406561641856,1,0.764455481965413
2625,0.147297943567671,123.453533747651,1,0.863321464832229
2626,0.13974175035868,123.500505853447,1,0.917115128549208
2627,0.120420851267336,123.547477959243,1,0.981585747010756
2628,0.0976566236250598,123.594450065038,1,0.997727329435459
2629,0.0774748923959828,123.641422170834,1,0.99972138947782
2630,0.0522238163558106,123.68839427663,1,0.999985195868945
2631,0.0297465327594452,123.735366382425,1,0.999999184951387
2632,0.018364418938307,123.782338488221,1,0.999999830637493
2633,0.018364418938307,123.829310594016,1,0.999999830637493
2634,0.0169296987087518,123.876282699812,1,0.999999861748252
2635,0.0124342419894787,123.923254805608,1,0.999999927325186
2636,0.0104256336681014,123.970226911403,1,0.999999945664946
2637,0.010234337637494,124.017199017199,1,0.999999947155192
2638,0.0106169296987088,124.064171122995,1,0.999999944133767
2639,0.0104256336681014,124.11114322879,1,0.999999945664946
2640,0.0122429459588714,124.158115334586,1,0.999999929303919
2641,0.020181731229077,124.205087440382,1,0.999999781332717
2642,0.0242945958871353,124.252059546177,1,0.999999612663868
2643,0.034624581539933,124.299031651973,1,0.999998435337005
2644,0.0479196556671449,124.346003757768,1,0.999991323613485
2645,0.0667623146819703,124.392975863564,1,0.999916369855886
2646,0.0943089430894309,124.43994796936,1,0.998370667629137
2647,0.125107604017217,124.486920075155,1,0.972783167894002
2648,0.148350071736011,124.533892180951,1,0.854148235397357
2649,0.177331420373027,124.580864286747,2,0.479144876023969
2650,0.196078431372549,124.627836392542,2,0.26082184259224
2651,0.216164514586322,124.674808498338,2,0.134709747295513
2652,0.228024868483979,124.721780604134,2,0.0960552988162961
2653,0.235007173601148,124.768752709929,2,0.080800812250374
2654,0.243806791009087,124.815724815725,2,0.0670168328436411
2655,0.2519368723099,124.86269692152,2,0.0582373682771541
2656,0.255188904830225,124.909669027316,2,0.0555537473204356
2657,0.261979913916786,124.956641133112,2,0.0511989718168033
2658,0.264371114299378,125.003613238907,2,0.0500220116511617
2659,0.266475370636059,125.050585344703,2,0.0491254772682993
2660,0.266857962697274,125.097557450499,2,0.0489759574313878
2661,0.269536107125777,125.144529556294,2,0.0480414232955928
2662,0.271544715447154,125.19150166209,2,0.047465267595026
2663,0.267623146819704,125.238473767886,2,0.0486890812511686
2664,0.261692969870875,125.285445873681,2,0.0513519583343405
2665,0.25117168818747,125.332417979477,2,0.0589317987211552
2666,0.233572453371593,125.379390085272,2,0.0835801091971965
2667,0.209756097560976,125.426362191068,2,0.164886885456186
2668,0.190626494500239,125.473334296864,2,0.313802596974836
2669,0.177905308464849,125.520306402659,2,0.471134745165962
2670,0.169201339072214,125.567278508455,1,0.596398994088229
2671,0.164610234337637,125.614250614251,1,0.66233868915758
2672,0.163845050215208,125.661222720046,1,0.673055496925781
2673,0.16260162601626,125.708194825842,1,0.690230730206858
2674,0.156958393113343,125.755166931638,1,0.763298959106455
2675,0.150836920133907,125.802139037433,1,0.830767561830196
2676,0.144906743185079,125.849111143229,1,0.882598222284436
2677,0.138976566236251,125.896083249024,1,0.921452966605848
2678,0.134385461501674,125.94305535482,1,0.943729417786043
2679,0.134959349593496,125.990027460616,1,0.941275279149916
2680,0.138785270205643,126.036999566411,1,0.922508007884528
2681,0.144045911047346,126.083971672207,1,0.889012790779273
2682,0.153036824485892,126.130943778003,1,0.808106474463948
2683,0.156671449067432,126.177915883798,1,0.766759400585747
2684,0.148732663797226,126.224887989594,1,0.850706709559829
2685,0.139072214251554,126.27186009539,1,0.920921066454046
2686,0.131133428981349,126.318832201185,1,0.956045536023123
2687,0.121281683405069,126.365804306981,1,0.980193630466116
2688,0.111334289813486,126.412776412776,1,0.991710594772762
2689,0.124629363940698,126.459748518572,1,0.973828785842694
2690,0.131229076996652,126.506720624368,1,0.955719670911831
2691,0.138593974175036,126.553692730163,1,0.92355143449573
2692,0.143472022955524,126.600664835959,1,0.893137963287357
2693,0.144619799139168,126.647636941755,1,0.88476687114098
2694,0.141176470588235,126.69460904755,1,0.908460907675177
2695,0.141941654710665,126.741581153346,1,0.903559150477594
2696,0.14624581539933,126.788553259142,1,0.872070225419331
2697,0.146628407460545,126.835525364937,1,0.868937729708041
2698,0.151315160210426,126.882497470733,1,0.825998010289595
2699,0.158680057388809,126.929469576528,1,0.741977469350141
2700,0.166140602582496,126.976441682324,1,0.640622072413069
2701,0.172931611669058,127.02341378812,1,0.542059608459031
2702,0.1844093735055,127.070385893915,2,0.385250412569117
2703,0.198852223816356,127.117357999711,2,0.237301934963864
2704,0.21090387374462,127.164330105507,2,0.158893716005334
2705,0.219512195121951,127.211302211302,2,0.121815120791248
2706,0.223338115734099,127.258274317098,2,0.109105010622603
2707,0.229363940698231,127.305246422894,2,0.0927728471989374
2708,0.235007173601148,127.352218528689,2,0.080800812250374
2709,0.238354854136777,127.399190634485,2,0.0749370555527009
2710,0.23921568627451,127.44616274028,2,0.0735596451323948
2711,0.241511238641798,127.493134846076,2,0.0701259412947228
2712,0.242945958871353,127.540106951872,2,0.0681465034663632
2713,0.238354854136777,127.587079057667,2,0.0749370555527009
2714,0.237207077953132,127.634051163463,2,0.0768541715037314
2715,0.236154949784792,127.681023269259,2,0.0786957539724584
2716,0.236154949784792,127.727995375054,2,0.0786957539724584
2717,0.235198469631755,127.77496748085,2,0.0804428203300042
2718,0.233094213295074,127.821939586645,2,0.0845446049691833
2719,0.232711621233859,127.868911692441,2,0.0853303323276472
2720,0.234146341463415,127.915883798237,2,0.0824481257753165
2721,0.231755141080823,127.962855904032,2,0.0873509678991139
2722,0.231563845050215,128.009828009828,2,0.0877649506087603
2723,0.230798660927786,128.056800115624,2,0.0894545925308604
2724,0.228790052606408,128.103772221419,2,0.094157091823509
2725,0.227929220468675,128.150744327215,2,0.0962968799032996
2726,0.22725968436155,128.197716433011,2,0.0980152956847889
2727,0.228024868483979,128.244688538806,2,0.0960552988162961
2728,0.23012912482066,128.291660644602,2,0.090978259823908
2729,0.228694404591105,128.338632750397,2,0.0943910537119782
2730,0.227642276422764,128.385604856193,2,0.0970274531342848
2731,0.226111908177905,128.432576961989,2,0.101075424855142
2732,0.221329507412721,128.479549067784,2,0.115526198690166
2733,0.217503586800574,128.52652117358,2,0.129337928818941
2734,0.215112386417982,128.573493279376,2,0.139142093583918
2735,0.213964610234338,128.620465385171,2,0.144199393659172
2736,0.214442850310856,128.667437490967,2,0.142063427671559
2737,0.222285987565758,128.714409596763,2,0.112401645756111
2738,0.230033476805356,128.761381702558,2,0.091199444621319
2739,0.240650406504065,128.808353808354,2,0.0713739827817194
2740,0.249736967957915,128.855325914149,2,0.0603025953503316
2741,0.257101865136298,128.902298019945,2,0.0541650569176642
2742,0.264275466284075,128.949270125741,2,0.0500658034927522
2743,0.269153515064562,128.996242231536,2,0.0481631238066535
2744,0.270109995217599,129.043214337332,2,0.0478661045251455
2745,0.269536107125777,129.090186443128,2,0.0480414232955928
2746,0.265997130559541,129.137158548923,2,0.0493181436114042
2747,0.261884265901483,129.184130654719,2,0.0512496816131433
2748,0.257293161166906,129.231102760515,2,0.0540334995346312
2749,0.253371592539455,129.27807486631,2,0.0570012793743015
2750,0.248493543758967,129.325046972106,2,0.0615660934943698
2751,0.244285031085605,129.372019077901,2,0.0664073807719754
2752,0.242180774748924,129.418991183697,2,0.069186855656011
2753,0.239980870396939,129.465963289493,2,0.072377205215415
2754,0.240363462458154,129.512935395288,2,0.071800398625095
2755,0.244858919177427,129.559907501084,2,0.0656927376030245
2756,0.25011956001913,129.60687960688,2,0.0599280985567227
2757,0.250693448110952,129.653851712675,2,0.0593786264801477
2758,0.251745576279292,129.700823818471,2,0.0584086393370719
2759,0.250980392156863,129.747795924267,2,0.059109334563653
2760,0.247250119560019,129.794768030062,2,0.0629029849691175
2761,0.242659014825442,129.841740135858,2,0.0685325844556244
2762,0.240650406504065,129.888712241653,2,0.0713739827817194
2763,0.237780966044955,129.935684347449,2,0.0758838851845063
2764,0.238259206121473,129.982656453245,2,0.075093254053953
2765,0.241128646580583,130.02962855904,2,0.0706749044763249
2766,0.241702534672406,130.076600664836,2,0.0698548465855223
2767,0.23663318986131,130.123572770632,2,0.0778484545473458
2768,0.229650884744142,130.170544876427,2,0.0920931164214268
2769,0.222094691535151,130.217516982223,2,0.113016672489892
2770,0.216451458632233,130.264489088019,2,0.133533675781982
2771,0.209373505499761,130.311461193814,2,0.166946283844407
2772,0.205164992826399,130.35843329961,2,0.191767411980519
2773,0.204112864658058,130.405405405405,2,0.198630992200353
2774,0.206982305117169,130.452377511201,2,0.180547220108589
2775,0.212625538020086,130.499349616997,2,0.150405412092136
2776,0.217025346724055,130.546321722792,2,0.131222635971533
2777,0.221712099473936,130.593293828588,2,0.114261476372394
2778,0.222285987565758,130.640265934384,2,0.112401645756111
2779,0.221233859397418,130.687238040179,2,0.115845527166939
2780,0.217790530846485,130.734210145975,2,0.128224760641359
2781,0.212147297943568,130.781182251771,2,0.152704576300616
2782,0.206217120994739,130.828154357566,2,0.185175472585173
2783,0.200765184122429,130.875126463362,2,0.222369563648248
2784,0.196269727403156,130.922098569157,2,0.259126954814656
2785,0.191869918699187,130.969070674953,2,0.300916317637856
2786,0.195791487326638,131.016042780749,2,0.263384702856605
2787,0.199139167862267,131.063014886544,2,0.234996306984971
2788,0.202965088474414,131.10998699234,2,0.206437939144217
2789,0.208225729316117,131.156959098136,2,0.17331510751315
2790,0.215303682448589,131.203931203931,2,0.138321973646724
2791,0.223816355810617,131.250903309727,2,0.107653567549799
2792,0.230033476805356,131.297875415522,2,0.091199444621319
2793,0.226972740315638,131.344847521318,2,0.0987666204582482
2794,0.228216164514586,131.391819627114,2,0.0955750290776341
2795,0.229268292682927,131.438791732909,2,0.0930012480255781
2796,0.229650884744142,131.485763838705,2,0.0920931164214268
2797,0.230703012912482,131.532735944501,2,0.0896696445592081
2798,0.230416068866571,131.579708050296,2,0.0903200097780783
2799,0.228981348637016,131.626680156092,2,0.0936919720155812
2800,0.227068388330942,131.673652261888,2,0.0985151765765673
2801,0.229842180774749,131.720624367683,2,0.0916444870559196
2802,0.230320420851267,131.767596473479,2,0.0905385458297428
2803,0.230416068866571,131.814568579274,2,0.0903200097780783
2804,0.230320420851267,131.86154068507,2,0.0905385458297428
2805,0.229076996652319,131.908512790866,2,0.0934608068553961
2806,0.226877092300335,131.955484896661,2,0.0990190718240609
2807,0.223720707795313,132.002457002457,2,0.107941549607463
2808,0.22104256336681,132.049429108253,2,0.116487995156442
2809,0.215112386417982,132.096401214048,2,0.139142093583918
2810,0.2155906264945,132.143373319844,2,0.137103744425082
2811,0.216260162601626,132.19034542564,2,0.134316186347063
2812,0.215494978479197,132.237317531435,2,0.137508234995528
2813,0.215399330463893,132.284289637231,2,0.137914309509003
2814,0.217503586800574,132.331261743026,2,0.129337928818941
2815,0.221903395504543,132.378233848822,2,0.113636603528928
2816,0.226111908177905,132.425205954618,2,0.101075424855142
2817,0.230033476805356,132.472178060413,2,0.091199444621319
2818,0.232329029172645,132.519150166209,2,0.0861288323917283
2819,0.237111429937829,132.566122272005,2,0.077018204115253
2820,0.243998087039694,132.6130943778,2,0.0667715174683681
2821,0.250215208034433,132.660066483596,2,0.0598355027837345
2822,0.255380200860832,132.707038589392,2,0.0554087775398547
2823,0.259110473457676,132.754010695187,2,0.0528474519486861
2824,0.260545193687231,132.800982800983,2,0.0519899227472702
2825,0.264849354375897,132.847954906778,2,0.0498070671127522
2826,0.2675274988044,132.894927012574,2,0.0487240601991113
2827,0.263988522238164,132.94189911837,2,0.0501987957334066
2828,0.25375418460067,132.988871224165,2,0.0566857761580256
2829,0.242945958871353,133.035843329961,2,0.0681465034663632
2830,0.233189861310378,133.082815435757,2,0.0843501458329279
2831,0.22180774748924,133.129787541552,2,0.11394841987187
2832,0.211477761836442,133.176759647348,2,0.155998749645391
2833,0.212434241989479,133.223731753144,2,0.15131975675006
2834,0.208417025346724,133.270703858939,2,0.172233486759469
2835,0.204399808703969,133.317675964735,2,0.196731697675067
2836,0.200765184122429,133.36464807053,2,0.222369563648248
2837,0.194165471066475,133.411620176326,2,0.278376711330412
2838,0.186896221903395,133.458592282122,2,0.355297772734657
2839,0.184218077474892,133.505564387917,2,0.387626745063751
2840,0.185270205643233,133.552536493713,2,0.374682614666619
2841,0.186896221903395,133.599508599509,2,0.355297772734657
2842,0.193878527020564,133.646480705304,2,0.281105763078875
2843,0.20286944045911,133.6934528111,2,0.207103876408381
2844,0.208034433285509,133.740424916896,2,0.174404905746527
2845,0.209277857484457,133.787397022691,2,0.167466040236846
2846,0.210425633668101,133.834369128487,2,0.161357540763665
2847,0.210999521759923,133.881341234282,2,0.15840658402526
2848,0.211860353897657,133.928313340078,2,0.15410550426895
2849,0.205738880918221,133.975285445874,2,0.188138661661654
2850,0.209564801530368,134.022257551669,2,0.165912671730779
2851,0.215303682448589,134.069229657465,2,0.138321973646724
2852,0.218555714968914,134.116201763261,2,0.125319794274853
2853,0.220659971305595,134.163173869056,2,0.117788310688286
2854,0.221712099473936,134.210145974852,2,0.114261476372394
2855,0.223433763749402,134.257118080648,2,0.108812406579399
2856,0.225346724055476,134.304090186443,2,0.10319854967647
2857,0.235007173601148,134.351062292239,2,0.080800812250374
2858,0.244285031085605,134.398034398034,2,0.0664073807719754
2859,0.253849832615973,134.44500650383,2,0.0566078099702202
2860,0.257675753228121,134.491978609626,2,0.0537742734927768
2861,0.258823529411765,134.538950715421,2,0.0530271819124
2862,0.258058345289335,134.585922821217,2,0.0535201834417804
2863,0.257197513151602,134.632894927013,2,0.054099115421386
2864,0.252797704447633,134.679867032808,2,0.0574855759337831
2865,0.24466762314682,134.726839138604,2,0.0659289495598894
2866,0.241798182687709,134.773811244399,2,0.0697201386882614
2867,0.239885222381636,134.820783350195,2,0.0725228951682818
2868,0.243232902917264,134.867755455991,2,0.0677652191241971
2869,0.249067431850789,134.914727561786,2,0.0609740162779237
2870,0.250406504065041,134.961699667582,2,0.0596515357947792
2871,0.244476327116212,135.008671773378,2,0.0661671591602348
2872,0.238259206121473,135.055643879173,2,0.075093254053953
2873,0.237494021999044,135.102615984969,2,0.0763660628343328
2874,0.224390243902439,135.149588090765,2,0.105949555410605
2875,0.202391200382592,135.19656019656,2,0.210469538844976
2876,0.183835485413678,135.243532302356,2,0.392409373162542
2877,0.173218555714969,135.290504408151,1,0.537897151689413
2878,0.167288378766141,135.337476513947,1,0.624134645960463
2879,0.160114777618364,135.384448619743,1,0.72352183155375
2880,0.156288857006217,135.431420725538,1,0.771330379580539
2881,0.164610234337637,135.478392831334,1,0.66233868915758
2882,0.167288378766141,135.52536493713,1,0.624134645960463
2883,0.169775227164036,135.572337042925,1,0.588040040339924
2884,0.171496891439503,135.619309148721,1,0.562935013814908
2885,0.175609756097561,135.666281254517,1,0.503487209314717
2886,0.18259206121473,135.713253360312,2,0.408222232191221
2887,0.192539454806313,135.760225466108,2,0.294174931578383
2888,0.200382592061215,135.807197571903,2,0.225274205715544
2889,0.213008130081301,135.854169677699,2,0.148597789895367
2890,0.221616451458632,135.901141783495,2,0.114575777756053
2891,0.22725968436155,135.94811388929,2,0.0980152956847889
2892,0.225824964131994,135.995085995086,2,0.10186366048926
2893,0.226781444285031,136.042058100882,2,0.0992725345873994
2894,0.234337637494022,136.089030206677,2,0.0820768561789556
2895,0.243328550932568,136.136002312473,2,0.0676391812463931
2896,0.249258727881396,136.182974418269,2,0.0607800760347756
2897,0.245624103299857,136.229946524064,2,0.0647675834521618
2898,0.239885222381636,136.27691862986,2,0.0725228951682818
2899,0.234720229555237,136.323890735655,2,0.0813432653412897
2900,0.232902917264467,136.370862841451,2,0.0849358843816846
2901,0.231850789096126,136.417834947247,2,0.0871452228299811
2902,0.231372549019608,136.464807053042,2,0.0881822782884675
2903,0.232137733142037,136.511779158838,2,0.0865329343028455
2904,0.234050693448111,136.558751264634,2,0.0826348891975609
2905,0.235198469631755,136.605723370429,2,0.0804428203300042
2906,0.240746054519369,136.652695476225,2,0.0712330113922093
2907,0.246293639406982,136.699667582021,2,0.0639834071930815
2908,0.249450023912004,136.746639687816,2,0.0605878260136977
2909,0.253945480631277,136.793611793612,2,0.0565302053666371
2910,0.258823529411765,136.840583899407,2,0.0530271819124
2911,0.257962697274032,136.887556005203,2,0.0535832276302858
2912,0.253084648493544,136.934528110999,2,0.0572417592114169
2913,0.261788617886179,136.981500216794,2,0.0513006768819928
2914,0.262171209947394,137.02847232259,2,0.0510984058189646
2915,0.261979913916786,137.075444428386,2,0.0511989718168033
2916,0.263032042085127,137.122416534181,2,0.0506598061331573
2917,0.2649450023912,137.169388639977,2,0.0497648769886643
2918,0.268005738880918,137.216360745773,2,0.048551662179289
2919,0.270970827355332,137.263332851568,2,0.0476192307699423
2920,0.273170731707317,137.310304957364,2,0.0470744642425652
2921,0.272405547584888,137.357277063159,2,0.0472500646319608
2922,0.27221425155428,137.404249168955,2,0.0472962650047062
2923,0.26857962697274,137.451221274751,2,0.0483529726681899
2924,0.261119081779053,137.498193380546,2,0.0516656972571414
2925,0.255188904830225,137.545165486342,2,0.0555537473204356
2926,0.249832615973219,137.592137592138,2,0.0602083513471411
2927,0.243232902917264,137.639109697933,2,0.0677652191241971
2928,0.236441893830703,137.686081803729,2,0.0781853102071929
2929,0.229650884744142,137.733053909525,2,0.0920931164214268
2930,0.224294595887135,137.78002601532,2,0.10623073635222
2931,0.213964610234338,137.826998121116,2,0.144199393659172
2932,0.198565279770445,137.873970226911,2,0.239631116491426
2933,0.181539933046389,137.920942332707,2,0.421911207346597
2934,0.163940698230512,137.967914438503,1,0.671721674170761
2935,0.149115255858441,138.014886544298,1,0.847208631560017
2936,0.140124342419895,138.061858650094,1,0.914874555063108
2937,0.137733142037303,138.10883075589,1,0.928105208423196
2938,0.132950741272119,138.155802861685,1,0.949485967281942
2939,0.138402678144428,138.202774967481,1,0.924583323769628
2940,0.151123864179818,138.249747073276,1,0.827916356301425
2941,0.159540889526542,138.296719179072,1,0.730975224412795
2942,0.16805356288857,138.343691284868,1,0.613071024055791
2943,0.183931133428981,138.390663390663,2,0.39120999312597
2944,0.200191296030607,138.437635496459,2,0.226741725306879
2945,0.213199426111908,138.484607602255,2,0.14770441635549
2946,0.216547106647537,138.53157970805,2,0.133144715054309
2947,0.221425155428025,138.578551813846,2,0.115208134151255
2948,0.223816355810617,138.625523919642,2,0.107653567549799
2949,0.227164036346246,138.672496025437,2,0.0982647362801819
2950,0.231468197034912,138.719468131233,2,0.087973194705209
2951,0.234146341463415,138.766440237028,2,0.0824481257753165
2952,0.236059301769488,138.813412342824,2,0.0788672885086378
2953,0.238928742228599,138.86038444862,2,0.0740131564436353
2954,0.238163558106169,138.907356554415,2,0.0752500918930015
2955,0.23921568627451,138.954328660211,2,0.0735596451323948
2956,0.242659014825442,139.001300766007,2,0.0685325844556244
2957,0.242276422764228,139.048272871802,2,0.0690549118807386
2958,0.246197991391679,139.095244977598,2,0.0640940084943337
2959,0.251458632233381,139.142217083394,2,0.058668457118062
2960,0.2519368723099,139.189189189189,2,0.0582373682771541
2961,0.257197513151602,139.236161294985,2,0.054099115421386
2962,0.258632233381157,139.28313340078,2,0.0531485525538775
2963,0.260640841702535,139.330105506576,2,0.051935150067096
2964,0.262936394069823,139.377077612372,2,0.0507074214495966
2965,0.263797226207556,139.424049718167,2,0.0502888106253502
2966,0.26571018651363,139.471021823963,2,0.0494368442267531
2967,0.271927307508369,139.517993929759,2,0.0473673007570563
2968,0.27766618842659,139.564966035554,2,0.0463337226615478
2969,0.280439980870397,139.61193814135,2,0.0461186707813151
2970,0.278144428503109,139.658910247146,2,0.0462836254840537
2971,0.271927307508369,139.705882352941,2,0.0473673007570563
2972,0.268101386896222,139.752854458737,2,0.0485179292482069
2973,0.265231946437111,139.799826564532,2,0.0496398936858111
2974,0.261119081779053,139.846798670328,2,0.0516656972571414
2975,0.256527977044476,139.893770776124,2,0.0545675965954679
2976,0.255188904830225,139.940742881919,2,0.0555537473204356
2977,0.257197513151602,139.987714987715,2,0.054099115421386
2978,0.259493065518891,140.034687093511,2,0.0526121184461252
2979,0.261692969870875,140.081659199306,2,0.0513519583343405
2980,0.260449545671927,140.128631305102,2,0.0520449912476147
2981,0.259971305595409,140.175603410898,2,0.0523247982317872
2982,0.259014825442372,140.222575516693,2,0.0529070529355896
2983,0.256336681013869,140.269547622489,2,0.0547044244940982
2984,0.254423720707795,140.316519728284,2,0.0561475670733889
2985,0.249258727881396,140.36349183408,2,0.0607800760347756
2986,0.245815399330464,140.410463939876,2,0.0645411487802833
2987,0.239406982305117,140.457436045671,2,0.0732603866916782
2988,0.234433285509326,140.504408151467,2,0.0818923442269773
2989,0.230989956958393,140.551380257263,2,0.0890270729004608
2990,0.231276901004304,140.598352363058,2,0.0883922046192095
2991,0.233094213295074,140.645324468854,2,0.0845446049691833
2992,0.234146341463415,140.69229657465,2,0.0824481257753165
2993,0.234241989478718,140.739268680445,2,0.0822621157341027
2994,0.234528933524629,140.786240786241,2,0.081708577007299
2995,0.239120038259206,140.833212892036,2,0.0737101967664408
2996,0.242372070779531,140.880184997832,2,0.0689235148679749
2997,0.241798182687709,140.927157103628,2,0.0697201386882614
2998,0.241415590626495,140.974129209423,2,0.070262332242994
2999,0.24648493543759,141.021101315219,2,0.063763613497581
3000,0.248110951697752,141.068073421015,2,0.0619694758204945
3001,0.256336681013869,141.11504552681,2,0.0547044244940982
3002,0.257293161166906,141.162017632606,2,0.0540334995346312
3003,0.258153993304639,141.208989738402,2,0.053457456642706
3004,0.258632233381157,141.255961844197,2,0.0531485525538775
3005,0.258153993304639,141.302933949993,2,0.053457456642706
3006,0.257484457197513,141.349906055788,2,0.0539032408616556
3007,0.254901960784314,141.396878161584,2,0.0557738026335183
3008,0.252606408417025,141.44385026738,2,0.0576499899460767
3009,0.264179818268771,141.490822373175,2,0.050109864380629
3010,0.259493065518891,141.537794478971,2,0.0526121184461252
3011,0.253658536585366,141.584766584767,2,0.0567641050568736
3012,0.248110951697752,141.631738690562,2,0.0619694758204945
3013,0.245050215208034,141.678710796358,2,0.0654585090537497
3014,0.242180774748924,141.725682902154,2,0.069186855656011
3015,0.238928742228599,141.772655007949,2,0.0740131564436353
3016,0.23663318986131,141.819627113745,2,0.0778484545473458
3017,0.24026781444285,141.86659921954,2,0.0719437117221393
3018,0.239693926351028,141.913571325336,2,0.072816076658099
3019,0.239502630320421,141.960543431132,2,0.0731116752827832
3020,0.241224294595887,142.007515536927,2,0.0705368117376005
3021,0.24466762314682,142.054487642723,2,0.0659289495598894
3022,0.24830224772836,142.101459748519,2,0.0617669103380218
3023,0.251554280248685,142.148431854314,2,0.058581461352123
3024,0.254328072692492,142.19540396011,2,0.0562233804582935
3025,0.244189383070301,142.242376065905,2,0.0665282506084377
3026,0.243615494978479,142.289348171701,2,0.0672642115721443
3027,0.240076518412243,142.336320277497,2,0.0722321128058962
3028,0.234146341463415,142.383292383292,2,0.0824481257753165
3029,0.227546628407461,142.430264489088,2,0.0972729334789851
3030,0.221138211382114,142.477236594884,2,0.116166124383359
3031,0.2181731229077,142.524208700679,2,0.12676083443945
3032,0.218268770923003,142.571180806475,2,0.126398442043333
3033,0.224772835963654,142.618152912271,2,0.104835972022123
3034,0.223338115734099,142.665125018066,2,0.109105010622603
3035,0.223338115734099,142.712097123862,2,0.109105010622603
3036,0.217599234815878,142.759069229657,2,0.128965412201335
3037,0.204878048780488,142.806041335453,2,0.193612011395535
3038,0.192922046867528,142.853013441249,2,0.290384686843081
3039,0.185557149689144,142.899985547044,2,0.371206387081389
3040,0.179722620755619,142.94695765284,2,0.446173489628371
3041,0.172740315638451,142.993929758636,1,0.544837420264486
3042,0.165279770444763,143.040901864431,1,0.652880424691696
3043,0.161262553802009,143.087873970227,1,0.70834764309029
3044,0.164036346245815,143.134846076023,1,0.67038615516591
3045,0.164514586322334,143.181818181818,1,0.663683908976235
3046,0.163940698230512,143.228790287614,1,0.671721674170761
3047,0.171018651362984,143.275762393409,1,0.569907856919122
3048,0.181252989000478,143.322734499205,2,0.425691529862944
3049,0.198087039693926,143.369706605001,2,0.243565769010002
3050,0.206886657101865,143.416678710796,2,0.181118243834039
3051,0.213295074127212,143.463650816592,2,0.147260318055367
3052,0.213295074127212,143.510622922388,2,0.147260318055367
3053,0.211860353897657,143.557595028183,2,0.15410550426895
3054,0.209756097560976,143.604567133979,2,0.164886885456186
3055,0.212242945958871,143.651539239775,2,0.152241188046503
3056,0.217886178861789,143.69851134557,2,0.127856614978678
3057,0.221329507412721,143.745483451366,2,0.115526198690166
3058,0.228503108560497,143.792455557161,2,0.0948617996649184
3059,0.231850789096126,143.839427662957,2,0.0871452228299811
3060,0.229842180774749,143.886399768753,2,0.0916444870559196
3061,0.225633668101387,143.933371874548,2,0.102394421207727
3062,0.219703491152559,143.980343980344,2,0.121130643120938
3063,0.216929698708752,144.02731608614,2,0.131604040183294
3064,0.221138211382114,144.074288191935,2,0.116166124383359
3065,0.215686274509804,144.121260297731,2,0.136700832129371
3066,0.217120994739359,144.168232403527,2,0.13084272660905
3067,0.217694882831181,144.215204509322,2,0.128594357931245
3068,0.2155906264945,144.262176615118,2,0.137103744425082
3069,0.210999521759923,144.309148720913,2,0.15840658402526
3070,0.206121472979436,144.356120826709,2,0.185763732414983
3071,0.205643232902917,144.403092932505,2,0.188737897704548
3072,0.206791009086561,144.4500650383,2,0.181691400086649
3073,0.203252032520325,144.497037144096,2,0.204454411704131
3074,0.201626016260163,144.544009249892,2,0.215980727170388
3075,0.201434720229555,144.590981355687,2,0.217383066455401
3076,0.205164992826399,144.637953461483,2,0.191767411980519
3077,0.211286465805835,144.684925567279,2,0.156956342906545
3078,0.217216642754663,144.731897673074,2,0.130464306643667
3079,0.219129603060737,144.77886977887,2,0.123200410129579
3080,0.220181731229077,144.825841884665,2,0.119442944498598
3081,0.219129603060737,144.872813990461,2,0.123200410129579
3082,0.217694882831181,144.919786096257,2,0.128594357931245
3083,0.217216642754663,144.966758202052,2,0.130464306643667
3084,0.219129603060737,145.013730307848,2,0.123200410129579
3085,0.222285987565758,145.060702413644,2,0.112401645756111
3086,0.225729316116691,145.107674519439,2,0.102128511097242
3087,0.231181252989,145.154646625235,2,0.088602976971254
3088,0.236250597800096,145.201618731031,2,0.0785249145078299
3089,0.236346245815399,145.248590836826,2,0.0783547674654215
3090,0.239120038259206,145.295562942622,2,0.0737101967664408
3091,0.242754662840746,145.342535048417,2,0.0684033545887683
3092,0.242180774748924,145.389507154213,2,0.069186855656011
3093,0.240172166427547,145.436479260009,2,0.0720876157135735
3094,0.243519846963176,145.483451365804,2,0.0673886793680087
3095,0.246102343376375,145.5304234716,2,0.0642050816362958
3096,0.243232902917264,145.577395577396,2,0.0677652191241971
3097,0.239406982305117,145.624367683191,2,0.0732603866916782
3098,0.233572453371593,145.671339788987,2,0.0835801091971965
3099,0.227546628407461,145.718311894783,2,0.0972729334789851
3100,0.224964131994261,145.765284000578,2,0.104285804729986
3101,0.224007651841224,145.812256106374,2,0.107081032378151
3102,0.223529411764706,145.859228212169,2,0.108520964693987
3103,0.22285987565758,145.906200317965,2,0.110585620057994
3104,0.223816355810617,145.953172423761,2,0.107653567549799
3105,0.221138211382114,146.000144529556,2,0.116166124383359
3106,0.223338115734099,146.047116635352,2,0.109105010622603
3107,0.225251076040172,146.094088741148,2,0.103468738993686
3108,0.224390243902439,146.141060846943,2,0.105949555410605
3109,0.224198947871832,146.188032952739,2,0.106513039938316
3110,0.226111908177905,146.235005058534,2,0.101075424855142
3111,0.228503108560497,146.28197716433,2,0.0948617996649184
3112,0.229746532759445,146.328949270126,2,0.0918683516296342
3113,0.231468197034912,146.375921375921,2,0.087973194705209
3114,0.239693926351028,146.422893481717,2,0.072816076658099
3115,0.246867527498804,146.469865587513,2,0.0633296158603844
3116,0.249545671927308,146.516837693308,2,0.0604923312853033
3117,0.256049736967958,146.563809799104,2,0.0549121756005893
3118,0.265231946437111,146.6107819049,2,0.0496398936858111
3119,0.26934481109517,146.657754010695,2,0.0481017892510405
3120,0.267049258727881,146.704726116491,2,0.0489027239385042
3121,0.257580105212817,146.751698222286,2,0.0538385962239537
3122,0.253945480631277,146.798670328082,2,0.0565302053666371
3123,0.251362984218077,146.845642433878,2,0.0587558444155913
3124,0.252319464371114,146.892614539673,2,0.0578994391470105
3125,0.254519368723099,146.939586645469,2,0.0560721086314094
3126,0.255858440937351,146.986558751265,2,0.0550523607241394
3127,0.257675753228121,147.03353085706,2,0.0537742734927768
3128,0.259110473457676,147.080502962856,2,0.0528474519486861
3129,0.262266857962697,147.127475068652,2,0.0510485482167157
3130,0.263510282161645,147.174447174447,2,0.0504258755090361
3131,0.265614538498326,147.221419280243,2,0.0494769311372915
3132,0.267240554758489,147.268391386038,2,0.0488305027006372
3133,0.266571018651363,147.315363491834,2,0.0490877144300291
3134,0.26389287422286,147.36233559763,2,0.0502436674272652
3135,0.258727881396461,147.409307703425,2,0.0530877115981366
3136,0.255667144906743,147.456279809221,2,0.0551939027042767
3137,0.251458632233381,147.503251915017,2,0.058668457118062
3138,0.248971783835485,147.550224020812,2,0.0610716238096882
3139,0.243806791009087,147.597196126608,2,0.0670168328436411
3140,0.237015781922525,147.644168232404,2,0.0771829058086749
3141,0.228694404591105,147.691140338199,2,0.0943910537119782
3142,0.219703491152559,147.738112443995,2,0.121130643120938
3143,0.212625538020086,147.78508454979,2,0.150405412092136
3144,0.208512673362028,147.832056655586,2,0.171695727199868
3145,0.207077953132473,147.879028761382,2,0.179978322620056
3146,0.204399808703969,147.926000867177,2,0.196731697675067
3147,0.204017216642755,147.972972972973,2,0.199268707518967
3148,0.205547584887614,148.019945078769,2,0.189339347719731
3149,0.207843137254902,148.066917184564,2,0.175502931837628
3150,0.207843137254902,148.11388929036,2,0.175502931837628
3151,0.208417025346724,148.160861396156,2,0.172233486759469
3152,0.208799617407939,148.207833501951,2,0.1700945762911
3153,0.207747489239598,148.254805607747,2,0.176055046076713
3154,0.201339072214252,148.301777713542,2,0.218087948491244
3155,0.194452415112386,148.348749819338,2,0.275672781235826
3156,0.190148254423721,148.395721925134,2,0.318885626725258
3157,0.193591582974653,148.442694030929,2,0.283859990575772
3158,0.201626016260163,148.489666136725,2,0.215980727170388
3159,0.20832137733142,148.536638242521,2,0.172773278099251
3160,0.211095169775227,148.583610348316,2,0.157921315289352
3161,0.215112386417982,148.630582454112,2,0.139142093583918
3162,0.212529890004782,148.677554559908,2,0.15086170160982
3163,0.208130081300813,148.724526665703,2,0.173858981296646
3164,0.203730272596844,148.771498771499,2,0.201195790012136
3165,0.198660927785748,148.818470877294,2,0.238852097714174
3166,0.195695839311334,148.86544298309,2,0.264244477113276
3167,0.195791487326638,148.912415088886,2,0.263384702856605
3168,0.198852223816356,148.959387194681,2,0.237301934963864
3169,0.201912960306074,149.006359300477,2,0.213895695917845
3170,0.199330463892874,149.053331406273,2,0.23347224309079
3171,0.199904351984696,149.100303512068,2,0.228962121354236
3172,0.205260640841703,149.147275617864,2,0.191157043855121
3173,0.21195600191296,149.19424772366,2,0.153636728335245
3174,0.216451458632233,149.241219829455,2,0.133533675781982
3175,0.222381635581062,149.288191935251,2,0.112095959851981
3176,0.226781444285031,149.335164041046,2,0.0992725345873994
3177,0.228024868483979,149.382136146842,2,0.0960552988162961
3178,0.229172644667623,149.429108252638,2,0.0932305667205475
3179,0.228598756575801,149.476080358433,2,0.0946259551072973
3180,0.224294595887135,149.523052464229,2,0.10623073635222
3181,0.21999043519847,149.570024570025,2,0.120114021283392
3182,0.216260162601626,149.61699667582,2,0.134316186347063
3183,0.213008130081301,149.663968781616,2,0.148597789895367
3184,0.210521281683405,149.710940887411,2,0.160860999873065
3185,0.212529890004782,149.757912993207,2,0.15086170160982
3186,0.209469153515065,149.804885099003,2,0.166428496429591
3187,0.203825920612147,149.851857204798,2,0.200551100364525
3188,0.195504543280727,149.898829310594,2,0.26597227599833
3189,0.186896221903395,149.94580141639,2,0.355297772734657
3190,0.181539933046389,149.992773522185,2,0.421911207346597
3191,0.178861788617886,150.039745627981,2,0.45791660718096
3192,0.179818268770923,150.086717733777,2,0.444878193670351
3193,0.186035389765662,150.133689839572,2,0.36546502360917
3194,0.193591582974653,150.180661945368,2,0.283859990575772
3195,0.204973696795791,150.227634051163,2,0.192994889563014
3196,0.219129603060736,150.274606156959,2,0.123200410129579
3197,0.232329029172645,150.321578262755,2,0.0861288323917283
3198,0.248397895743663,150.36855036855,2,0.0616662840832905
3199,0.265136298421808,150.415522474346,2,0.0496812908506914
3200,0.27661406025825,150.462494580142,2,0.0464631772208524
3201,0.279579148732664,150.509466685937,2,0.0461659279086388
3202,0.283883309421329,150.556438791733,2,0.0461039632387486
3203,0.283596365375418,150.603410897529,2,0.0460945456450276
3204,0.280726924916308,150.650383003324,2,0.0461067992379652
3205,0.277953132472501,150.69735510912,2,0.0463030104253774
3206,0.270205643232903,150.744327214915,2,0.0478377233460322
3207,0.260832137733142,150.791299320711,2,0.0518264891012018
3208,0.255475848876136,150.838271426507,2,0.055336809648849
3209,0.254997608799617,150.885243532302,2,0.0557001027103905
3210,0.249641319942611,150.932215638098,2,0.0603972548647453
3211,0.244476327116212,150.979187743894,2,0.0661671591602348
3212,0.242754662840746,151.026159849689,2,0.0684033545887683
3213,0.242180774748924,151.073131955485,2,0.069186855656011
3214,0.240746054519369,151.120104061281,2,0.0712330113922093
3215,0.239789574366332,151.167076167076,2,0.0726691849005279
3216,0.240554758488761,151.214048272872,2,0.071515536337018
3217,0.236250597800096,151.261020378667,2,0.0785249145078299
3218,0.240076518412243,151.307992484463,2,0.0722321128058962
3219,0.242467718794835,151.354964590259,2,0.0687926626183003
3220,0.24466762314682,151.401936696054,2,0.0659289495598894
3221,0.246389287422286,151.44890880185,2,0.0638732760768234
3222,0.246006695361071,151.495880907646,2,0.0643166282824507
3223,0.246197991391679,151.542853013441,2,0.0640940084943337
3224,0.246771879483501,151.589825119237,2,0.0634374206176166
3225,0.25480631276901,151.636797225033,2,0.0558478521194904
3226,0.259684361549498,151.683769330828,2,0.0524962823701872
3227,0.267049258727881,151.730741436624,2,0.0489027239385042
3228,0.273840267814443,151.777713542419,2,0.0469328036235801
3229,0.27479674796748,151.824685648215,2,0.0467496516752544
3230,0.271257771401243,151.871657754011,2,0.0475411936650047
3231,0.268292682926829,151.918629859806,2,0.0484512063594392
3232,0.266188426590148,151.965601965602,2,0.0492403045414591
3233,0.259110473457676,152.012574071398,2,0.0528474519486861
3234,0.248110951697752,152.059546177193,2,0.0619694758204945
3235,0.236728837876614,152.106518282989,2,0.0776810509257684
3236,0.228503108560497,152.153490388785,2,0.0948617996649184
3237,0.223146819703491,152.20046249458,2,0.109693723062723
3238,0.214634146341463,152.247434600376,2,0.141220611988837
3239,0.199330463892874,152.294406706171,2,0.23347224309079
3240,0.182783357245337,152.341378811967,2,0.405763224345139
3241,0.166044954567193,152.388350917763,1,0.641989066860091
3242,0.140124342419895,152.435323023558,1,0.914874555063108
3243,0.114681970349115,152.482295129354,1,0.988810030250242
3244,0.0973696795791487,152.52926723515,1,0.997790703569444
3245,0.0782400765184122,152.576239340945,1,0.99969709614502
3246,0.0612147297943568,152.623211446741,1,0.999956225864797
3247,0.0539454806312769,152.670183552537,1,0.999981719162432
3248,0.0536585365853659,152.717155658332,1,0.999982348767811
3249,0.0457197513151602,152.764127764128,1,0.999993422246123
3250,0.0465805834528934,152.811099869923,1,0.999992667194191
3251,0.0459110473457676,152.858071975719,1,0.999993261244133
3252,0.0454328072692492,152.905044081515,1,0.999993656798102
3253,0.0479196556671449,152.95201618731,1,0.999991323613485
3254,0.0472501195600191,152.998988293106,1,0.999992022688079
3255,0.0453371592539455,153.045960398902,1,0.99999373316983
3256,0.0478240076518412,153.092932504697,1,0.999991426986591
3257,0.052415112386418,153.139904610493,1,0.999984843596732
3258,0.0549019607843137,153.186876716289,1,0.999979460263445
3259,0.0599713055954089,153.233848822084,1,0.999962223561837
3260,0.0708751793400287,153.28082092788,1,0.999866285614502
3261,0.0897178383548541,153.327793033675,1,0.99897799794434
3262,0.10961262553802,153.374765139471,1,0.992914526166277
3263,0.135437589670014,153.421737245267,1,0.939161540800982
3264,0.15791487326638,153.468709351062,1,0.751569542906757
3265,0.178574844571975,153.515681456858,2,0.461863926254482
3266,0.194643711142994,153.562653562654,2,0.273884088360181
3267,0.213199426111908,153.609625668449,2,0.14770441635549
3268,0.223529411764706,153.656597774245,2,0.108520964693987
3269,0.229937828790053,153.70356988004,2,0.0914215192115106
3270,0.239024390243902,153.750541985836,2,0.0738613664280087
3271,0.248589191774271,153.797514091632,2,0.0614663370862664
3272,0.255284552845528,153.844486197427,2,0.0554810897511758
3273,0.260736489717838,153.891458303223,2,0.0518806724394667
3274,0.264753706360593,153.938430409019,2,0.0498495227139828
3275,0.275083692013391,153.985402514814,2,0.0466990831210363
3276,0.282544237207078,154.03237462061,2,0.046076575198852
3277,0.282257293161167,154.079346726406,2,0.0460761881419275
3278,0.284361549497848,154.126318832201,2,0.0461239654687584
3279,0.288665710186514,154.173290937997,2,0.0465478730516624
3280,0.291248206599713,154.220263043792,2,0.0470164773087278
3281,0.293352462936394,154.267235149588,2,0.0475207584262028
3282,0.292300334768054,154.314207255384,2,0.0472546590740739
3283,0.291917742706839,154.361179361179,2,0.0471648387786251
3284,0.291917742706839,154.408151466975,2,0.0471648387786251
3285,0.291726446676231,154.455123572771,2,0.047121306728309
3286,0.290961262553802,154.502095678566,2,0.046956311752161
3287,0.288665710186514,154.549067784362,2,0.0465478730516624
3288,0.286944045911047,154.596039890158,2,0.0463253479827203
3289,0.284170253467241,154.643011995953,2,0.0461153183424612
3290,0.281683405069345,154.689984101749,2,0.0460812167554509
3291,0.279196556671449,154.736956207544,2,0.0461925465255519
3292,0.276901004304161,154.78392831334,2,0.0464252398213732
3293,0.27297943567671,154.830900419136,2,0.0471169889519297
3294,0.268388330942133,154.877872524931,2,0.0484182154927108
3295,0.267049258727881,154.924844630727,2,0.0489027239385042
3296,0.268005738880918,154.971816736523,2,0.048551662179289
3297,0.267336202773792,155.018788842318,2,0.048794770440992
3298,0.259110473457676,155.065760948114,2,0.0528474519486861
3299,0.248589191774271,155.11273305391,2,0.0614663370862664
3300,0.241893830703013,155.159705159705,2,0.0695859876871252
3301,0.236920133907221,155.206677265501,2,0.0773482791330378
3302,0.229746532759445,155.253649371296,2,0.0918683516296341
3303,0.221903395504543,155.300621477092,2,0.113636603528928
3304,0.216451458632233,155.347593582888,2,0.133533675781982
3305,0.213964610234338,155.394565688683,2,0.144199393659172
3306,0.217981826877092,155.441537794479,2,0.127489915604558
3307,0.224772835963654,155.488509900275,2,0.104835972022123
3308,0.232042085126734,155.53548200607,2,0.0867362092208513
3309,0.236728837876614,155.582454111866,2,0.0776810509257684
3310,0.241415590626495,155.629426217662,2,0.070262332242994
3311,0.248206599713056,155.676398323457,2,0.0618679737506725
3312,0.254328072692492,155.723370429253,2,0.0562233804582935
3313,0.256527977044476,155.770342535048,2,0.0545675965954679
3314,0.262362505978001,155.817314640844,2,0.050998973285448
3315,0.267049258727881,155.86428674664,2,0.0489027239385042
3316,0.271257771401243,155.911258852435,2,0.0475411936650047
3317,0.272788139646102,155.958230958231,2,0.0471604290194346
3318,0.271831659493066,156.005203064027,2,0.0473914433330161
3319,0.274222859875658,156.052175169822,2,0.0468568406332277
3320,0.279292204686753,156.099147275618,2,0.0461855674141279
3321,0.27766618842659,156.146119381414,2,0.0463337226615478
3322,0.281970349115256,156.193091487209,2,0.0460777352656518
3323,0.287039693926351,156.240063593005,2,0.0463358473595885
3324,0.290961262553802,156.2870356988,2,0.046956311752161
3325,0.293065518890483,156.334007804596,2,0.0474453932412962
3326,0.29325681492109,156.380979910392,2,0.0474954028720636
3327,0.292969870875179,156.427952016187,2,0.0474207384896102
3328,0.293926351028216,156.474924121983,2,0.0476778238687454
3329,0.293448110951698,156.521896227779,2,0.0475463482616115
3330,0.291726446676231,156.568868333574,2,0.047121306728309
3331,0.292491630798661,156.61584043937,2,0.0473009521570846
3332,0.29220468675275,156.662812545166,2,0.0472318587258735
3333,0.289717838354854,156.709784650961,2,0.0467190808109383
3334,0.290769966523195,156.756756756757,2,0.0469173352239706
3335,0.292587278813965,156.803728862552,2,0.0473244455156512
3336,0.291726446676231,156.850700968348,2,0.047121306728309
3337,0.292491630798661,156.897673074144,2,0.0473009521570846
3338,0.291630798660928,156.944645179939,2,0.0470998841940767
3339,0.292682926829268,156.991617285735,2,0.0473481705067373
3340,0.294787183165949,157.038589391531,2,0.0479294049942565
3341,0.294404591104735,157.085561497326,2,0.0478152097398069
3342,0.292778574844572,157.132533603122,2,0.0473721274501922
3343,0.290961262553802,157.179505708918,2,0.046956311752161
3344,0.290291726446676,157.226477814713,2,0.046823847175569
3345,0.290196078431373,157.273449920509,2,0.0468058252559089
3346,0.286178861788618,157.320422026304,2,0.0462491980577479
3347,0.283787661406026,157.3673941321,2,0.0461006088224853
3348,0.281396461023434,157.414366237896,2,0.0460866330285991
3349,0.276327116212339,157.461338343691,2,0.0465030952721725
3350,0.269057867049259,157.508310449487,2,0.0481941553486378
3351,0.262936394069823,157.555282555283,2,0.0507074214495966
3352,0.260927785748446,157.602254661078,2,0.0517725992935503
3353,0.255188904830225,157.649226766874,2,0.0555537473204356
3354,0.247058823529412,157.696198872669,2,0.0631153859802549
3355,0.239502630320421,157.743170978465,2,0.0731116752827832
3356,0.237111429937829,157.790143084261,2,0.077018204115253
3357,0.235102821616451,157.837115190056,2,0.0806214538052236
3358,0.225729316116691,157.884087295852,2,0.102128511097242
3359,0.214921090387374,157.931059401648,2,0.13996864051229
3360,0.206791009086561,157.978031507443,2,0.181691400086649
3361,0.194739359158297,158.025003613239,2,0.272993913026526
3362,0.196939263510282,158.071975719035,2,0.253280628721852
3363,0.201052128168341,158.11894782483,2,0.220217510957627
3364,0.207460545193687,158.165919930626,2,0.177723869161585
3365,0.215208034433286,158.212892036421,2,0.138731233102754
3366,0.222764227642276,158.259864142217,2,0.110885291372624
3367,0.228981348637016,158.306836248013,2,0.0936919720155812
3368,0.232902917264467,158.353808353808,2,0.0849358843816846
3369,0.243137254901961,158.400780459604,2,0.0678917841724023
3370,0.242754662840746,158.4477525654,2,0.0684033545887683
3371,0.243328550932568,158.494724671195,2,0.0676391812463931
3372,0.249258727881396,158.541696776991,2,0.0607800760347756
3373,0.253849832615973,158.588668882787,2,0.0566078099702202
3374,0.257293161166906,158.635640988582,2,0.0540334995346312
3375,0.263414634146341,158.682613094378,2,0.0504721110081196
3376,0.268770923003348,158.729585200173,2,0.0482887121010575
3377,0.271066475370636,158.776557305969,2,0.0475929832618027
3378,0.27403156384505,158.823529411765,2,0.0468943704329557
3379,0.276709708273553,158.87050151756,2,0.0464503115788948
3380,0.276901004304161,158.917473623356,2,0.0464252398213732
3381,0.27661406025825,158.964445729152,2,0.0464631772208524
3382,0.28206599713056,159.011417834947,2,0.0460770046421067
3383,0.287900526064084,159.058389940743,2,0.046440186161398
3384,0.287422285987566,159.105362046539,2,0.0463800300062788
3385,0.289239598278336,159.152334152334,2,0.046637923911088
3386,0.290291726446676,159.19930625813,2,0.046823847175569
3387,0.288187470109995,159.246278363925,2,0.0464789157202388
3388,0.284074605451937,159.293250469721,2,0.0461113179497511
3389,0.281683405069345,159.340222575517,2,0.0460812167554509
3390,0.281205164992826,159.387194681312,2,0.0460913190680466
3391,0.279579148732664,159.434166787108,2,0.0461659279086388
3392,0.27584887613582,159.481138892904,2,0.0465740399624097
3393,0.271640363462458,159.528110998699,2,0.0474404264215695
3394,0.274605451936872,159.575083104495,2,0.0467844831957557
3395,0.276422764227642,159.622055210291,2,0.0464895688910633
3396,0.272692491630799,159.669027316086,2,0.047182493041203
3397,0.266379722620756,159.715999421882,2,0.0491634962183654
3398,0.257388809182209,159.762971527677,2,0.0539682083241353
3399,0.25011956001913,159.809943633473,2,0.0599280985567227
3400,0.244571975131516,159.856915739269,2,0.0660478037597383
3401,0.239406982305117,159.903887845064,2,0.0732603866916782
3402,0.246676231468197,159.95085995086,2,0.0635456873967434
3403,0.254328072692492,159.997832056656,2,0.0562233804582935
3404,0.259684361549498,160.044804162451,2,0.0524962823701872
3405,0.262362505978001,160.091776268247,2,0.050998973285448
3406,0.264753706360593,160.138748374043,2,0.0498495227139828
3407,0.26571018651363,160.185720479838,2,0.0494368442267531
3408,0.266188426590148,160.232692585634,2,0.0492403045414591
3409,0.264562410329986,160.279664691429,2,0.049935232692275
3410,0.265997130559541,160.326636797225,2,0.0493181436114042
3411,0.267144906743185,160.373608903021,2,0.0488664870358646
3412,0.268005738880918,160.420581008816,2,0.048551662179289
3413,0.268101386896222,160.467553114612,2,0.0485179292482069
3414,0.266953610712578,160.514525220408,2,0.0489392139039934
3415,0.2675274988044,160.561497326203,2,0.0487240601991113
3416,0.268962219033955,160.608469431999,2,0.0482254302944291
3417,0.270875179340029,160.655441537795,2,0.0476457138898245
3418,0.271066475370636,160.70241364359,2,0.0475929832618027
3419,0.271449067431851,160.749385749386,2,0.0474903423005472
3420,0.272883787661406,160.796357855181,2,0.0471385944209576
3421,0.273362027737924,160.843329960977,2,0.047032852603375
3422,0.268866571018651,160.890302066773,2,0.0482569490690748
3423,0.259493065518891,160.937274172568,2,0.0526121184461252
3424,0.250693448110952,160.984246278364,2,0.0593786264801477
3425,0.239598278335725,161.03121838416,2,0.0729635726968906
3426,0.235294117647059,161.078190489955,2,0.0802649090487512
3427,0.227164036346246,161.125162595751,2,0.0982647362801819
3428,0.217312290769967,161.172134701546,2,0.130087370637226
3429,0.215877570540411,161.219106807342,2,0.135899719754033
3430,0.217312290769967,161.266078913138,2,0.130087370637226
3431,0.215877570540411,161.313051018933,2,0.135899719754033
3432,0.212147297943568,161.360023124729,2,0.152704576300616
3433,0.217216642754663,161.406995230525,2,0.130464306643667
3434,0.209756097560976,161.45396733632,2,0.164886885456186
3435,0.201147776183644,161.500939442116,2,0.219505165207855
3436,0.195217599234816,161.547911547912,2,0.268584646048898
3437,0.19091343854615,161.594883653707,2,0.310786555798664
3438,0.18364418938307,161.641855759503,2,0.394815523952141
3439,0.174079387852702,161.688827865298,1,0.525446185681162
3440,0.167288378766141,161.735799971094,1,0.624134645960463
3441,0.162505978000956,161.78277207689,1,0.691538487022377
3442,0.167766618842659,161.829744182685,1,0.617225592620734
3443,0.170827355332377,161.876716288481,1,0.572697782724426
3444,0.170827355332377,161.923688394277,1,0.572697782724426
3445,0.168818747011,161.970660500072,1,0.601964448114828
3446,0.166523194643711,162.017632605868,1,0.635142744998654
3447,0.161453849832616,162.064604711664,1,0.705785687930249
3448,0.156384505021521,162.111576817459,1,0.770192272735703
3449,0.151793400286944,162.158548923255,1,0.821140932889706
3450,0.143280726924916,162.20552102905,1,0.89448642835501
3451,0.138976566236251,162.252493134846,1,0.921452966605848
3452,0.139646102343376,162.299465240642,1,0.917667753735358
3453,0.136202773792444,162.346437346437,1,0.935646379275183
3454,0.121281683405069,162.393409452233,1,0.980193630466116
3455,0.0925872788139646,162.440381558029,1,0.998630261484731
3456,0.0650406504065041,162.487353663824,1,0.999931470668636
3457,0.0374940219990435,162.53432576962,1,0.999997717289318
3458,0.0314681970349115,162.581297875416,1,0.999998972503606
3459,0.0216164514586322,162.628269981211,1,0.999999732793214
3460,0.0182687709230033,162.675242087007,1,0.999999832907985
3461,0.0363462458153993,162.722214192802,1,0.999998036331407
3462,0.0793878527020564,162.769186298598,1,0.999656830048873
3463,0.128072692491631,162.816158404394,1,0.965427257613282
3464,0.161836441893831,162.863130510189,1,0.700634955453415
3465,0.193878527020564,162.910102615985,2,0.281105763078875
3466,0.206886657101865,162.957074721781,2,0.181118243834039
3467,0.223338115734099,163.004046827576,2,0.109105010622603
3468,0.235676709708274,163.051018933372,2,0.0795604307527205
3469,0.242754662840746,163.097991039168,2,0.0684033545887683
3470,0.2493543758967,163.144963144963,2,0.0606837404584178
3471,0.256719273075084,163.191935250759,2,0.0544320978400806
3472,0.261788617886179,163.238907356554,2,0.0513006768819928
3473,0.261884265901483,163.28587946235,2,0.0512496816131433
3474,0.268388330942133,163.332851568146,2,0.0484182154927108
3475,0.278144428503109,163.379823673941,2,0.0462836254840537
3476,0.285318029650885,163.426795779737,2,0.0461801445763817
3477,0.290674318507891,163.473767885533,2,0.0468981863228955
3478,0.292682926829268,163.520739991328,2,0.0473481705067373
3479,0.294595887135342,163.567712097124,2,0.0478718293049613
3480,0.295743663318986,163.61468420292,2,0.0482317364291088
3481,0.307986609277857,163.661656308715,2,0.0544456351235007
3482,0.307125777140124,163.708628414511,2,0.0538515443229112
3483,0.307030129124821,163.755600520306,2,0.0537871570596562
3484,0.308847441415591,163.802572626102,2,0.0550665028282346
3485,0.31219512195122,163.849544731898,2,0.0577494188103672
3486,0.314108082257293,163.896516837693,2,0.0594874173808745
3487,0.315542802486848,163.943488943489,2,0.0608963042150528
3488,0.314777618364419,163.990461049285,2,0.0601333196393418
3489,0.313055954088953,164.03743315508,2,0.0585122060211992
3490,0.314873266379723,164.084405260876,2,0.0602272325214824
3491,0.316021042563367,164.131377366672,2,0.0613869126585368
3492,0.317742706838833,164.178349472467,2,0.0632437782903781
3493,0.321090387374462,164.225321578263,2,0.0672891500793465
3494,0.325681492109039,164.272293684058,2,0.0738917803097383
3495,0.327403156384505,164.319265789854,2,0.0767235390818714
3496,0.328359636537542,164.36623789565,2,0.0783888599583526
3497,0.330463892874223,164.413210001445,2,0.0822993869972224
3498,0.330463892874223,164.460182107241,2,0.0822993869972224
3499,0.327690100430416,164.507154213037,2,0.0772160416919799
3500,0.324246771879484,164.554126318832,2,0.0716862713899549
3501,0.319942611190818,164.601098424628,2,0.0658343081819854
3502,0.315542802486848,164.648070530423,2,0.0608963042150528
3503,0.312003825920612,164.695042636219,2,0.0575841013712236
3504,0.309516977522716,164.742014742015,2,0.0555683711387564
3505,0.307221425155428,164.78898684781,2,0.0539162536765822
3506,0.309995217599235,164.835958953606,2,0.0559372264113888
3507,0.310951697752272,164.882931059402,2,0.056701467359609
3508,0.310951697752272,164.929903165197,2,0.056701467359609
3509,0.311908177905308,164.976875270993,2,0.0575020068464919
3510,0.310664753706361,165.023847376789,2,0.0564684349909484
3511,0.304638928742229,165.070819482584,2,0.0522795661376302
3512,0.299856527977044,165.11779158838,2,0.0498155664880894
3513,0.297178383548541,165.164763694175,2,0.0487311105305646
3514,0.298517455762793,165.211735799971,2,0.049248068955854
3515,0.301386896221903,165.258707905767,2,0.0505279887485603
3516,0.303586800573888,165.305680011562,2,0.0516763719942803
3517,0.303873744619799,165.352652117358,2,0.0518373399358067
3518,0.303491152558584,165.399624223154,2,0.0516232998706095
3519,0.301004304160689,165.446596328949,2,0.0503433734896875
3520,0.298804399808704,165.493568434745,2,0.0493653710875992
3521,0.293065518890483,165.540540540541,2,0.0474453932412962
3522,0.289335246293639,165.587512646336,2,0.0466537096193482
3523,0.288187470109995,165.634484752132,2,0.0464789157202388
3524,0.290578670492587,165.681456857927,2,0.0468792633200028
3525,0.29402199904352,165.728428963723,2,0.0477048267640944
3526,0.29689143950263,165.775401069519,2,0.0486267731498058
3527,0.300813008130081,165.822373175314,2,0.0502527057090152
3528,0.306360593017695,165.86934528111,2,0.0533453885709713
3529,0.311047345767575,165.916317386906,2,0.0567798691895446
3530,0.311908177905308,165.963289492701,2,0.0575020068464919
3531,0.316021042563367,166.010261598497,2,0.0613869126585368
3532,0.321664275466284,166.057233704293,2,0.0680444495693923
3533,0.325490196078431,166.104205810088,2,0.073589810848415
3534,0.326351028216165,166.151177915884,2,0.0749683528700282
3535,0.327977044476327,166.198150021679,2,0.0777145936627441
3536,0.329124820659971,166.245122127475,2,0.0797706983051925
3537,0.326829268292683,166.292094233271,2,0.0757564084720352
3538,0.328550932568149,166.339066339066,2,0.078730124505619
3539,0.331133428981349,166.386038444862,2,0.0836184495555881
3540,0.334098517455763,166.433010550658,2,0.0899290011285737
3541,0.33792443806791,166.479982656453,2,0.0993235258672907
3542,0.341176470588235,166.526954762249,2,0.108579363039396
3543,0.341654710664754,166.573926868045,2,0.110049412182354
3544,0.342037302725968,166.62089897384,2,0.111246683206866
3545,0.335341941654711,166.667871079636,2,0.0928186129799913
3546,0.334385461501674,166.714843185431,2,0.0905825110934899
3547,0.3350549976088,166.761815291227,2,0.0921383346875023
3548,0.33323768531803,166.808787397023,2,0.0880150895955076
3549,0.329698708751793,166.855759502818,2,0.0808368964463424
3550,0.325585844093735,166.902731608614,2,0.0737404863322614
3551,0.320899091343855,166.94970371441,2,0.0670415634725747
3552,0.319942611190818,166.996675820205,2,0.0658343081819854
3553,0.317073170731707,167.043647926001,2,0.0625044887614503
3554,0.311716881874701,167.090620031797,2,0.0573389402241319
3555,0.30597800095648,167.137592137592,2,0.0530998971667155
3556,0.299378287900526,167.184564243388,2,0.0496069940593401
3557,0.291726446676231,167.231536349183,2,0.047121306728309
3558,0.284170253467241,167.278508454979,2,0.0461153183424612
3559,0.277953132472501,167.325480560775,2,0.0463030104253774
3560,0.271927307508369,167.37245266657,2,0.0473673007570563
3561,0.267049258727881,167.419424772366,2,0.0489027239385042
3562,0.268197034911526,167.466396878162,2,0.048484444127015
3563,0.268962219033955,167.513368983957,2,0.0482254302944291
3564,0.268770923003348,167.560341089753,2,0.0482887121010575
3565,0.270205643232903,167.607313195548,2,0.0478377233460322
3566,0.275466284074605,167.654285301344,2,0.0466347825800149
3567,0.283596365375418,167.70125740714,2,0.0460945456450276
3568,0.289526542324247,167.748229512935,2,0.0466859491100609
3569,0.291152558584409,167.795201618731,2,0.0469961949984376
3570,0.299760879961741,167.842173724527,2,0.0497733231304332
3571,0.306073648971784,167.889145830322,2,0.0531608006966757
3572,0.306456241032999,167.936117936118,2,0.0534075465249662
3573,0.304543280726925,167.983090041914,2,0.052223246500615
3574,0.307125777140124,168.030062147709,2,0.0538515443229112
3575,0.312577714012434,168.077034253505,2,0.0580846010169944
3576,0.314873266379723,168.1240063593,2,0.0602272325214824
3577,0.320133907221425,168.170978465096,2,0.0660717177043119
3578,0.318316594930655,168.217950570892,2,0.0638953413652557
3579,0.316499282639885,168.264922676687,2,0.0618883096214427
3580,0.317742706838833,168.311894782483,2,0.0632437782903781
3581,0.31975131516021,168.358866888279,2,0.0655988905979577
3582,0.321472979435677,168.405838994074,2,0.0677905779325115
3583,0.321664275466284,168.45281109987,2,0.0680444495693923
3584,0.321377331420373,168.499783205666,2,0.0676644344070214
3585,0.324533715925395,168.546755311461,2,0.0721165681214272
3586,0.325298900047824,168.593727417257,2,0.0732903060982542
3587,0.326733620277379,168.640699523052,2,0.0755975079864443
3588,0.330272596843615,168.687671628848,2,0.0819293152912089
3589,0.333333333333333,168.734643734644,2,0.0882243420532222
3590,0.333333333333333,168.781615840439,2,0.0882243420532222
3591,0.33065518890483,168.828587946235,2,0.082672462979736
3592,0.327403156384505,168.875560052031,2,0.0767235390818714
3593,0.321664275466284,168.922532157826,2,0.0680444495693923
3594,0.315829746532759,168.969504263622,2,0.061189384915568
3595,0.309803921568627,169.016476369418,2,0.0557886360289786
3596,0.307030129124821,169.063448475213,2,0.0537871570596562
3597,0.302439024390244,169.110420581009,2,0.0510585317646521
3598,0.297082735533238,169.157392686804,2,0.0486960813221662
3599,0.293639406982305,169.2043647926,2,0.0475982321620108
3600,0.293065518890483,169.251336898396,2,0.0474453932412962
3601,0.291056910569106,169.298309004191,2,0.0469761399027395
3602,0.286083213773314,169.345281109987,2,0.0462406580480043
3603,0.2831181252989,169.392253215783,2,0.0460831522720281
3604,0.281970349115256,169.439225321578,2,0.0460777352656518
3605,0.280535628885701,169.486197427374,2,0.0461144982004583
3606,0.27843137254902,169.53316953317,2,0.0462561803091709
3607,0.278622668579627,169.580141638965,2,0.0462389702599095
3608,0.281205164992826,169.627113744761,2,0.0460913190680466
3609,0.282831181252989,169.674085850556,2,0.0460788964828146
3610,0.285604973696796,169.721057956352,2,0.0462012123083305
3611,0.289048302247728,169.768030062148,2,0.0466070195117223
3612,0.290196078431373,169.815002167943,2,0.0468058252559089
3613,0.29038737446198,169.861974273739,2,0.0468420939957521
3614,0.288187470109995,169.908946379535,2,0.0464789157202388
3615,0.286083213773314,169.95591848533,2,0.0462406580480043
3616,0.283978957436633,170.002890591126,2,0.0461075329319871
3617,0.275753228120517,170.049862696922,2,0.0465888927861447
3618,0.281396461023434,170.096834802717,2,0.0460866330285991
3619,0.28493543758967,170.143806908513,2,0.0461550819806473
3620,0.285891917742707,170.190779014308,2,0.0462242292146546
3621,0.285796269727403,170.237751120104,2,0.046216340171928
3622,0.284648493543759,170.2847232259,2,0.0461385528959604
3623,0.285987565758011,170.331695331695,2,0.0462323351373105
3624,0.290004782400765,170.378667437491,2,0.0467704551542016
3625,0.286657101865136,170.425639543287,2,0.0462951586811232
3626,0.290865614538498,170.472611649082,2,0.0469367102803303
3627,0.293161166905787,170.519583754878,2,0.0474702812568098
3628,0.29507412721186,170.566555860674,2,0.0480175681032544
3629,0.300717360114778,170.613527966469,2,0.0502077795751187
3630,0.300430416068867,170.660500072265,2,0.0500746247563627
3631,0.299760879961741,170.70747217806,2,0.0497733231304332
3632,0.302247728359637,170.754444283856,2,0.0509595506701851
3633,0.30310856049737,170.801416389652,2,0.0514139109007657
3634,0.304638928742229,170.848388495447,2,0.0522795661376302
3635,0.306456241032999,170.895360601243,2,0.0534075465249662
3636,0.306551889048302,170.942332707039,2,0.053470020272835
3637,0.30674318507891,170.989304812834,2,0.0535959186943379
3638,0.30674318507891,171.03627691863,2,0.0535959186943379
3639,0.307030129124821,171.083249024426,2,0.0537871570596562
3640,0.30779531324725,171.130221130221,2,0.0543113255257268
3641,0.306934481109517,171.177193236017,2,0.053723090972537
3642,0.306073648971784,171.224165341812,2,0.0531608006966757
3643,0.304351984696318,171.271137447608,2,0.0521115037209839
3644,0.303586800573888,171.318109553404,2,0.0516763719942803
3645,0.30416068866571,171.365081659199,2,0.0520009510466754
3646,0.303491152558584,171.412053764995,2,0.0516232998706095
3647,0.299856527977044,171.459025870791,2,0.0498155664880894
3648,0.296508847441416,171.505997976586,2,0.0484911446168208
3649,0.295648015303682,171.552970082382,2,0.0482004125819394
3650,0.293639406982305,171.599942188177,2,0.0475982321620108
3651,0.292491630798661,171.646914293973,2,0.0473009521570846
3652,0.291343854615017,171.693886399769,2,0.0470369871061884
3653,0.28857006217121,171.740858505564,2,0.0465336399317887
3654,0.284648493543759,171.78783061136,2,0.0461385528959604
3655,0.279005260640842,171.834802717156,2,0.0462071542167208
3656,0.272022955523673,171.881774822951,2,0.0473433903914225
3657,0.265136298421808,171.928746928747,2,0.0496812908506914
3658,0.263032042085127,171.975719034543,2,0.0506598061331573
3659,0.262936394069823,172.022691140338,2,0.0507074214495966
3660,0.266475370636059,172.069663246134,2,0.0491254772682993
3661,0.269918699186992,172.116635351929,2,0.0479235841290878
3662,0.271544715447154,172.163607457725,2,0.047465267595026
3663,0.27661406025825,172.210579563521,2,0.0464631772208524
3664,0.281874701099952,172.257551669316,2,0.0460786808168526
3665,0.28780487804878,172.304523775112,2,0.0464277160618607
3666,0.286178861788618,172.351495880908,2,0.0462491980577479
3667,0.28675274988044,172.398467986703,2,0.0463050037792708
3668,0.287996174079388,172.445440092499,2,0.0464528760240711
3669,0.286465805834529,172.492412198295,2,0.0462761218349878
3670,0.284170253467241,172.53938430409,2,0.0461153183424612
3671,0.288378766140603,172.586356409886,2,0.0465058365428258
3672,0.295743663318986,172.633328515681,2,0.0482317364291088
3673,0.299378287900526,172.680300621477,2,0.0496069940593401
3674,0.305786704925873,172.727272727273,2,0.0529790235773501
3675,0.311238641798183,172.774244833068,2,0.0569377662037689
3676,0.313916786226686,172.821216938864,2,0.0593065257865208
3677,0.315829746532759,172.86818904466,2,0.061189384915568
3678,0.316021042563367,172.915161150455,2,0.0613869126585368
3679,0.317073170731707,172.962133256251,2,0.0625044887614503
3680,0.320229555236729,173.009105362047,2,0.0661911739106158
3681,0.321281683405069,173.056077467842,2,0.0675388165240297
3682,0.320612147297944,173.103049573638,2,0.0666740505092012
3683,0.318507890961263,173.150021679433,2,0.0641162625784807
3684,0.319464371114299,173.196993785229,2,0.0652494681157778
3685,0.319560019129603,173.243965891025,2,0.0653654507688244
3686,0.313534194165471,173.29093799682,2,0.0589495425654472
3687,0.311047345767575,173.337910102616,2,0.0567798691895446
3688,0.313725490196078,173.384882208412,2,0.0591272376846548
3689,0.30961262553802,173.431854314207,2,0.0556414447565951
3690,0.305595408895265,173.478826420003,2,0.0528593889325954
3691,0.303395504543281,173.525798525799,2,0.0515705184349496
3692,0.302247728359637,173.572770631594,2,0.0509595506701851
3693,0.30234337637494,173.61974273739,2,0.0510089001577935
3694,0.302056432329029,173.666714843185,2,0.0508616953109148
3695,0.305499760879962,173.713686948981,2,0.0528000341011416
3696,0.308464849354376,173.760659054777,2,0.0547872106268317
3697,0.309421329507413,173.807631160572,2,0.0554956441318913
3698,0.307412721186035,173.854603266368,2,0.0540466423371692
3699,0.303778096604495,173.901575372164,2,0.0517833912782545
3700,0.299665231946437,173.948547477959,2,0.0497313447849998
3701,0.294213295074127,173.995519583755,2,0.0477595432310375
3702,0.286944045911047,174.042491689551,2,0.0463253479827203
3703,0.278048780487805,174.089463795346,2,0.0462932090546188
3704,0.272692491630799,174.136435901142,2,0.047182493041203
3705,0.264371114299378,174.183408006937,2,0.0500220116511617
3706,0.258153993304639,174.230380112733,2,0.053457456642706
3707,0.251267336202774,174.277352218529,2,0.0588436245220638
3708,0.245624103299857,174.324324324324,2,0.0647675834521618
3709,0.235389765662362,174.37129643012,2,0.0800877171971965
3710,0.221616451458632,174.418268535916,2,0.114575777756053
3711,0.210234337637494,174.465240641711,2,0.162356329856917
3712,0.20468675274988,174.512212747507,2,0.194853052016256
3713,0.204399808703969,174.559184853303,2,0.196731697675067
3714,0.201626016260163,174.606156959098,2,0.215980727170388
3715,0.199043519846963,174.653129064894,2,0.235762240521522
3716,0.199139167862267,174.700101170689,2,0.234996306984971
3717,0.203060736489718,174.747073276485,2,0.205774386554918
3718,0.208990913438546,174.794045382281,2,0.169037185955458
3719,0.216068866571019,174.841017488076,2,0.135104852784456
3720,0.220755619320899,174.887989593872,2,0.117461297214098
3721,0.224868483978957,174.934961699668,2,0.104560339884721
3722,0.229459588713534,174.981933805463,2,0.0925453606829504
3723,0.235772357723577,175.028905911259,2,0.0793860892099245
3724,0.240554758488761,175.075878017055,2,0.071515536337018
3725,0.246676231468197,175.12285012285,2,0.0635456873967434
3726,0.253275944524151,175.169822228646,2,0.0570810705009097
3727,0.259684361549498,175.216794334441,2,0.0524962823701872
3728,0.263605930176949,175.263766440237,2,0.0503799140358293
3729,0.260832137733142,175.310738546033,2,0.0518264891012018
3730,0.260640841702535,175.357710651828,2,0.051935150067096
3731,0.261597321855571,175.404682757624,2,0.0514035266854462
3732,0.26131037780966,175.45165486342,2,0.0515599603482593
3733,0.258919177427068,175.498626969215,2,0.052966962641644
3734,0.255954088952654,175.545599075011,2,0.0549820990587098
3735,0.255571496891439,175.592571180806,2,0.0552651850459367
3736,0.256527977044476,175.639543286602,2,0.0545675965954679
3737,0.265423242467719,175.686515392398,2,0.0495578883155075
3738,0.2675274988044,175.733487498193,2,0.0487240601991113
3739,0.272692491630799,175.780459603989,2,0.047182493041203
3740,0.279579148732664,175.827431709785,2,0.0461659279086388
3741,0.283022477283596,175.87440381558,2,0.0460815187038808
3742,0.285509325681492,175.921375921376,2,0.0461939732857388
3743,0.288283118125299,175.968348027172,2,0.0464922659018471
3744,0.290196078431373,176.015320132967,2,0.0468058252559089
3745,0.28857006217121,176.062292238763,2,0.0465336399317887
3746,0.287039693926351,176.109264344558,2,0.0463358473595885
3747,0.285222381635581,176.156236450354,2,0.0461735547052591
3748,0.283692013390722,176.20320855615,2,0.046097469638516
3749,0.284839789574366,176.250180661945,2,0.0461493564284593
3750,0.289909134385462,176.297152767741,2,0.0467531064978097
3751,0.295743663318986,176.344124873537,2,0.0482317364291088
3752,0.300334768053563,176.391096979332,2,0.0500307789667648
3753,0.293830703012912,176.438069085128,2,0.0476510573773775
3754,0.29220468675275,176.485041190924,2,0.0472318587258735
3755,0.291343854615017,176.532013296719,2,0.0470369871061884
3756,0.290004782400765,176.578985402515,2,0.0467704551542016
3757,0.285126733620277,176.62595750831,2,0.046167181038419
3758,0.283500717360115,176.672929614106,2,0.0460918368030747
3759,0.280822572931612,176.719901719902,2,0.0461032727537692
3760,0.276327116212339,176.766873825697,2,0.0465030952721725
3761,0.274318507890961,176.813845931493,2,0.0468384138733577
3762,0.268962219033955,176.860818037289,2,0.0482254302944291
3763,0.268101386896222,176.907790143084,2,0.0485179292482069
3764,0.272883787661406,176.95476224888,2,0.0471385944209576
3765,0.277761836441894,177.001734354676,2,0.0463232670936457
3766,0.28024868483979,177.048706460471,2,0.0461276624201868
3767,0.282257293161167,177.095678566267,2,0.0460761881419275
3768,0.281970349115256,177.142650672062,2,0.0460777352656518
3769,0.28675274988044,177.189622777858,2,0.0463050037792708
3770,0.276327116212339,177.236594883654,2,0.0465030952721725
3771,0.267144906743185,177.283566989449,2,0.0488664870358646
3772,0.256719273075084,177.330539095245,2,0.0544320978400806
3773,0.241798182687709,177.377511201041,2,0.0697201386882614
3774,0.224198947871832,177.424483306836,2,0.106513039938316
3775,0.19713055954089,177.471455412632,2,0.251634637528827
3776,0.169679579148733,177.518427518428,1,0.589433912506579
3777,0.152558584409374,177.565399624223,1,0.813188732770822
3778,0.132376853180297,177.612371730019,1,0.951642973459743
3779,0.112769010043042,177.659343835814,1,0.990565249120955
3780,0.105021520803443,177.70631594161,1,0.995376927566403
3781,0.108847441415591,177.753288047406,1,0.993395600014867
3782,0.126446676231468,177.800260153201,1,0.969654055201439
3783,0.154662840746055,177.847232258997,1,0.790193027459488
3784,0.175896700143472,177.894204364793,2,0.499400680312894
3785,0.199713055954089,177.941176470588,2,0.230455190264907
3786,0.207747489239598,177.988148576384,2,0.176055046076713
3787,0.220851267336203,178.03512068218,2,0.11713557671676
3788,0.232042085126734,178.082092787975,2,0.0867362092208513
3789,0.24208512673362,178.129064893771,2,0.0693193482022681
3790,0.252319464371114,178.176036999566,2,0.0578994391470105
3791,0.263701578192253,178.223009105362,2,0.0503342259520705
3792,0.271353419416547,178.269981211158,2,0.0475156508766289
3793,0.271544715447154,178.316953316953,2,0.047465267595026
3794,0.273840267814443,178.363925422749,2,0.0469328036235801
3795,0.277092300334768,178.410897528545,2,0.0464010463203669
3796,0.278048780487805,178.45786963434,2,0.0462932090546188
3797,0.276709708273553,178.504841740136,2,0.0464503115788948
3798,0.276901004304161,178.551813845932,2,0.0464252398213732
3799,0.279292204686753,178.598785951727,2,0.0461855674141279
3800,0.28206599713056,178.645758057523,2,0.0460770046421067
3801,0.282257293161167,178.692730163318,2,0.0460761881419275
3802,0.284839789574366,178.739702269114,2,0.0461493564284593
3803,0.288857006217121,178.78667437491,2,0.0465770030942845
3804,0.289717838354854,178.833646480705,2,0.0467190808109383
3805,0.289335246293639,178.880618586501,2,0.0466537096193482
3806,0.290196078431373,178.927590692297,2,0.0468058252559089
3807,0.292682926829268,178.974562798092,2,0.0473481705067373
3808,0.295934959349594,179.021534903888,2,0.0482951162963414
3809,0.303778096604495,179.068507009684,2,0.0517833912782545
3810,0.307604017216643,179.115479115479,2,0.0541783304554152
3811,0.311334289813486,179.162451221275,2,0.0570172636728779
3812,0.313438546150167,179.20942332707,2,0.0588612891181461
3813,0.311621233859397,179.256395432866,2,0.0572579657593932
3814,0.308273553323769,179.303367538662,2,0.0546495810312347
3815,0.308273553323769,179.350339644457,2,0.0546495810312347
3816,0.309230033476805,179.397311750253,2,0.0553512257799668
3817,0.304543280726925,179.444283856049,2,0.052223246500615
3818,0.299186991869919,179.491255961844,2,0.0495254081387805
3819,0.294691535150646,179.53822806764,2,0.0479004974402719
3820,0.297178383548541,179.585200173435,2,0.0487311105305646
3821,0.300717360114778,179.632172279231,2,0.0502077795751187
3822,0.300334768053563,179.679144385027,2,0.0500307789667648
3823,0.294213295074127,179.726116490822,2,0.0477595432310375
3824,0.289909134385462,179.773088596618,2,0.0467531064978097
3825,0.292300334768054,179.820060702414,2,0.0472546590740739
3826,0.291822094691535,179.867032808209,2,0.0471429581593822
3827,0.290865614538498,179.914004914005,2,0.0469367102803303
3828,0.289813486370158,179.960977019801,2,0.046735981793242
3829,0.290961262553802,180.007949125596,2,0.046956311752161
3830,0.292874222859876,180.054921231392,2,0.0473963166690648
3831,0.295456719273075,180.101893337187,2,0.0481384949318046
3832,0.297178383548541,180.148865442983,2,0.0487311105305646
3833,0.296700143472023,180.195837548779,2,0.0485584621567918
3834,0.296700143472023,180.242809654574,2,0.0485584621567918
3835,0.295743663318986,180.28978176037,2,0.0482317364291088
3836,0.294308943089431,180.336753866166,2,0.047787257543028
3837,0.292300334768054,180.383725971961,2,0.0472546590740739
3838,0.290578670492587,180.430698077757,2,0.0468792633200028
3839,0.289143950263032,180.477670183553,2,0.0466223606113446
3840,0.288665710186514,180.524642289348,2,0.0465478730516624
3841,0.29038737446198,180.571614395144,2,0.0468420939957521
3842,0.290674318507891,180.618586500939,2,0.0468981863228954
3843,0.295648015303682,180.665558606735,2,0.0482004125819394
3844,0.301578192252511,180.712530712531,2,0.0506219464549699
3845,0.305021520803443,180.759502818326,2,0.0525078515097495
3846,0.308943089430894,180.806474924122,2,0.055137171906908
3847,0.311716881874701,180.853447029918,2,0.0573389402241319
3848,0.312290769966523,180.900419135713,2,0.0578326441278256
3849,0.317838354854137,180.947391241509,2,0.0633512149097725
3850,0.321855571496891,180.994363347305,2,0.0683004468390222
3851,0.324342419894787,181.0413354531,2,0.0718291137631266
3852,0.324342419894787,181.088307558896,2,0.0718291137631266
3853,0.326351028216165,181.135279664691,2,0.0749683528700282
3854,0.332376853180297,181.182251770487,2,0.0861692364988696
3855,0.337733142037303,181.229223876283,2,0.0988172056119436
3856,0.340411286465806,181.276195982078,2,0.106287303489761
3857,0.342228598756576,181.323168087874,2,0.11185249587293
3858,0.34155906264945,181.37014019367,2,0.109753058324898
3859,0.340315638450502,181.417112299465,2,0.106005897583964
3860,0.335533237685318,181.464084405261,2,0.0932767010714773
3861,0.330081300813008,181.511056511057,2,0.0815622248272348
3862,0.325107604017217,181.558028616852,2,0.0729932476340223
3863,0.318986131037781,181.605000722648,2,0.0646768579304534
3864,0.314777618364419,181.651972828443,2,0.0601333196393418
3865,0.311716881874701,181.698944934239,2,0.0573389402241319
3866,0.305117168818747,181.745917040035,2,0.0525656785706394
3867,0.29765662362506,181.79288914583,2,0.0489100270305339
3868,0.291630798660928,181.839861251626,2,0.0470998841940767
3869,0.287326637972262,181.886833357422,2,0.0463686562816475
3870,0.281587757054041,181.933805463217,2,0.0460828071766199
3871,0.274318507890961,181.980777569013,2,0.0468384138733577
3872,0.267623146819704,182.027749674809,2,0.0486890812511686
3873,0.265901482544237,182.074721780604,2,0.0493574510089434
3874,0.259588713534194,182.1216938864,2,0.0525540485360469
3875,0.259110473457676,182.168665992195,2,0.0528474519486861
3876,0.265805834528934,182.215638097991,2,0.0493970176996403
3877,0.270109995217599,182.262610203787,2,0.0478661045251455
3878,0.267240554758489,182.309582309582,2,0.0488305027006372
3879,0.265997130559541,182.356554415378,2,0.0493181436114042
3880,0.269249163079866,182.403526521174,2,0.0481323352468553
3881,0.273840267814443,182.450498626969,2,0.0469328036235801
3882,0.277857484457198,182.497470732765,2,0.0463130297271417
3883,0.283022477283596,182.544442838561,2,0.0460815187038808
3884,0.285604973696796,182.591414944356,2,0.0462012123083305
3885,0.286274509803922,182.638387050152,2,0.0462579552804583
3886,0.288283118125299,182.685359155947,2,0.0464922659018471
3887,0.29220468675275,182.732331261743,2,0.0472318587258735
3888,0.295648015303682,182.779303367539,2,0.0482004125819394
3889,0.294117647058824,182.826275473334,2,0.0477320664286761
3890,0.29402199904352,182.87324757913,2,0.0477048267640944
3891,0.298804399808704,182.920219684926,2,0.0493653710875992
3892,0.30234337637494,182.967191790721,2,0.0510089001577935
3893,0.301004304160689,183.014163896517,2,0.0503433734896875
3894,0.301195600191296,183.061136002313,2,0.0504351328089251
3895,0.298613103778097,183.108108108108,2,0.0492869111625058
3896,0.292682926829268,183.155080213904,2,0.0473481705067373
3897,0.285126733620277,183.202052319699,2,0.046167181038419
3898,0.279674796747967,183.249024425495,2,0.0461598137255214
3899,0.272788139646102,183.295996531291,2,0.0471604290194346
3900,0.267049258727881,183.342968637086,2,0.0489027239385042
3901,0.265040650406504,183.389940742882,2,0.0497229517604499
3902,0.26025824964132,183.436912848678,2,0.0521560188016277
3903,0.246676231468197,183.483884954473,2,0.0635456873967434
3904,0.233572453371593,183.530857060269,2,0.0835801091971965
3905,0.224581539933046,183.577829166064,2,0.105390544217279
3906,0.210234337637494,183.62480127186,2,0.162356329856917
3907,0.195121951219512,183.671773377656,2,0.269460960311924
3908,0.190052606408417,183.718745483451,2,0.319910666406367
3909,0.190817790530846,183.765717589247,2,0.311789085881187
3910,0.192443806791009,183.812689695043,2,0.295129531804125
3911,0.190722142515543,183.859661800838,2,0.312794433213807
3912,0.189383070301291,183.906633906634,2,0.327164470205099
3913,0.189000478240077,183.95360601243,2,0.331371024976255
3914,0.192061214729794,184.000578118225,2,0.298976112148274
3915,0.196843615494978,184.047550224021,2,0.254107677599827
3916,0.200669536107126,184.094522329816,2,0.22309193783673
3917,0.201626016260163,184.141494435612,2,0.215980727170388
3918,0.203347680535629,184.188466541408,2,0.203797977553386
3919,0.21195600191296,184.235438647203,2,0.153636728335245
3920,0.219607843137255,184.282410752999,2,0.121472205610542
3921,0.22831181252989,184.329382858795,2,0.0953363329593517
3922,0.236824485891918,184.37635496459,2,0.077514326648379
3923,0.243041606886657,184.423327070386,2,0.0680188783104054
3924,0.244285031085605,184.470299176182,2,0.0664073807719754
3925,0.248015303682449,184.517271281977,2,0.0620714180539093
3926,0.25375418460067,184.564243387773,2,0.0566857761580256
3927,0.265518890483022,184.611215493568,2,0.0495172789820278
3928,0.278048780487805,184.658187599364,2,0.0462932090546188
3929,0.284839789574366,184.70515970516,2,0.0461493564284593
3930,0.297178383548541,184.752131810955,2,0.0487311105305646
3931,0.307890961262554,184.799103916751,2,0.0543783155320391
3932,0.310186513629842,184.846076022547,2,0.056087224454269
3933,0.310282161645146,184.893048128342,2,0.0561627540446487
3934,0.314586322333812,184.940020234138,2,0.0599467315538771
3935,0.318029650884744,184.986992339934,2,0.0635674719636875
3936,0.31793400286944,185.033964445729,2,0.0634591122637925
3937,0.322716403634625,185.080936551525,2,0.0694791594017649
3938,0.32338593974175,185.12790865732,2,0.0704268432446299
3939,0.322525107604017,185.174880763116,2,0.0692134023563278
3940,0.322907699665232,185.221852868912,2,0.069747129348735
3941,0.323672883787661,185.268824974707,2,0.0708414671412218
3942,0.321186035389766,185.315797080503,2,0.0674137223798202
3943,0.310760401721664,185.362769186299,2,0.0565457513854158
3944,0.300430416068867,185.409741292094,2,0.0500746247563627
3945,0.289909134385462,185.45671339789,2,0.0467531064978097
3946,0.275083692013391,185.503685503686,2,0.0466990831210363
3947,0.257293161166906,185.550657609481,2,0.0540334995346312
3948,0.244093735054998,185.597629715277,2,0.0666496288960467
3949,0.231468197034912,185.644601821072,2,0.087973194705209
3950,0.216260162601626,185.691573926868,2,0.134316186347063
3951,0.204878048780488,185.738546032664,2,0.193612011395535
3952,0.200382592061215,185.785518138459,2,0.225274205715544
3953,0.203156384505022,185.832490244255,2,0.205113212720417
3954,0.210234337637494,185.879462350051,2,0.162356329856917
3955,0.217694882831181,185.926434455846,2,0.128594357931245
3956,0.222572931611669,185.973406561642,2,0.111488219799392
3957,0.224294595887135,186.020378667438,2,0.10623073635222
3958,0.223720707795313,186.067350773233,2,0.107941549607463
3959,0.219416547106648,186.114322879029,2,0.122159393737072
3960,0.215112386417982,186.161294984824,2,0.139142093583918
3961,0.216068866571019,186.20826709062,2,0.135104852784456
3962,0.215494978479197,186.255239196416,2,0.137508234995528
3963,0.218460066953611,186.302211302211,2,0.125677927219983
3964,0.219799139167862,186.349183408007,2,0.1207904282634
3965,0.215877570540411,186.396155513803,2,0.135899719754033
3966,0.210712577714012,186.443127619598,2,0.159873594385127
3967,0.206025824964132,186.490099725394,2,0.186354174982282
3968,0.204973696795791,186.53707183119,2,0.192994889563014
3969,0.206886657101865,186.584043936985,2,0.181118243834039
3970,0.204878048780488,186.631016042781,2,0.193612011395535
3971,0.207077953132473,186.677988148576,2,0.179978322620056
3972,0.209947393591583,186.724960254372,2,0.16386887501653
3973,0.206886657101865,186.771932360168,2,0.181118243834039
3974,0.198469631755141,186.818904465963,2,0.240412766411046
3975,0.193591582974653,186.865876571759,2,0.283859990575772
3976,0.195217599234816,186.912848677555,2,0.268584646048898
3977,0.185652797704448,186.95982078335,2,0.370052861170432
3978,0.180296508847441,187.006792889146,2,0.438431341154907
3979,0.178670492587279,187.053764994941,2,0.460546382371182
3980,0.182209469153515,187.100737100737,2,0.413168167539409
3981,0.188330942132951,187.147709206533,2,0.338839588300507
3982,0.196652319464371,187.194681312328,2,0.255769901066876
3983,0.211764705882353,187.241653418124,2,0.154576088263897
3984,0.225059780009565,187.28862552392,2,0.104012362333608
3985,0.234720229555237,187.335597629715,2,0.0813432653412897
3986,0.240650406504065,187.382569735511,2,0.0713739827817194
3987,0.254328072692492,187.429541841307,2,0.0562233804582935
3988,0.26857962697274,187.476513947102,2,0.0483529726681899
3989,0.276805356288857,187.523486052898,2,0.0464376658354081
3990,0.283692013390722,187.570458158693,2,0.046097469638516
3991,0.296700143472023,187.617430264489,2,0.0485584621567918
3992,0.309325681492109,187.664402370285,2,0.0554232626918646
3993,0.312290769966523,187.71137447608,2,0.0578326441278256
3994,0.319273075083692,187.758346581876,2,0.0650189686106081
3995,0.321951219512195,187.805318687672,2,0.0684292474384465
3996,0.324533715925395,187.852290793467,2,0.0721165681214272
3997,0.328455284552846,187.899262899263,2,0.0785591457554735
3998,0.331037780966045,187.946235005059,2,0.0834277208791272
3999,0.33792443806791,187.993207110854,2,0.0993235258672907
4000,0.350549976087996,188.04017921665,2,0.143425954595078
4001,0.345576279292205,188.087151322445,2,0.123270494009315
4002,0.347106647537064,188.134123428241,2,0.129040057491409
4003,0.350549976087996,188.181095534037,2,0.143425954595078
4004,0.353036824485892,188.228067639832,2,0.155143514166053
4005,0.354088952654232,188.275039745628,2,0.160465475348546
4006,0.350549976087996,188.322011851424,2,0.143425954595078
4007,0.345576279292205,188.368983957219,2,0.123270494009315
4008,0.340889526542324,188.415956063015,2,0.107711272585322
4009,0.33868962219034,188.462928168811,2,0.101389769059574
4010,0.33974175035868,188.509900274606,2,0.10434081517159
4011,0.338020086083214,188.556872380402,2,0.0995782082029004
4012,0.333333333333333,188.603844486197,2,0.0882243420532222
4013,0.331898613103778,188.650816591993,2,0.0851723088193639
4014,0.330272596843615,188.697788697789,2,0.0819293152912089
4015,0.323864179818269,188.744760803584,2,0.0711207496415705
4016,0.315734098517456,188.79173290938,2,0.0610912646780956
4017,0.308656145384983,188.838705015176,2,0.0549261819100993
4018,0.301673840267814,188.885677120971,2,0.0506693400967065
4019,0.291248206599713,188.932649226767,2,0.0470164773087278
4020,0.280153036824486,188.979621332563,2,0.0461324815979966
4021,0.270779531324725,189.026593438358,2,0.0476724329794748
4022,0.254423720707795,189.073565544154,2,0.0561475670733889
4023,0.230703012912482,189.120537649949,2,0.0896696445592081
4024,0.211477761836442,189.167509755745,2,0.155998749645391
4025,0.185174557627929,189.214481861541,2,0.375846549979732
4026,0.165279770444763,189.261453967336,1,0.652880424691696
4027,0.13974175035868,189.308426073132,1,0.917115128549208
4028,0.119846963175514,189.355398178928,1,0.982463802087869
4029,0.107508369201339,189.402370284723,1,0.994165047942435
4030,0.101386896221903,189.449342390519,1,0.996731152984303
4031,0.102821616451459,189.496314496315,1,0.996248493014434
4032,0.106551889048302,189.54328660211,1,0.994662550230067
4033,0.111621233859397,189.590258707906,1,0.991492385371894
4034,0.120325203252033,189.637230813701,1,0.981734809877395
4035,0.133046389287422,189.684202919497,1,0.949118546423531
4036,0.144141559062649,189.731175025293,1,0.888313559117692
4037,0.154184600669536,189.778147131088,1,0.79556214872829
4038,0.167097082735533,189.825119236884,1,0.626892365131747
4039,0.181731229076997,189.87209134268,2,0.419401990984293
4040,0.192348158775705,189.919063448475,2,0.29608694932213
4041,0.200860832137733,189.966035554271,2,0.221649704721002
4042,0.214729794356767,190.013007660067,2,0.140801660338617
4043,0.227355332376853,190.059979765862,2,0.0977668509205922
4044,0.234720229555237,190.106951871658,2,0.0813432653412896
4045,0.240746054519369,190.153923977453,2,0.0712330113922093
4046,0.243328550932568,190.200896083249,2,0.0676391812463931
4047,0.244093735054998,190.247868189045,2,0.0666496288960467
4048,0.24571975131516,190.29484029484,2,0.0646541259980287
4049,0.248206599713056,190.341812400636,2,0.0618679737506725
4050,0.251362984218077,190.388784506432,2,0.0587558444155913
4051,0.254901960784314,190.435756612227,2,0.0557738026335183
4052,0.259875657580105,190.482728718023,2,0.0523816580240782
4053,0.269823051171688,190.529700823819,2,0.0479526833328686
4054,0.280439980870397,190.576672929614,2,0.0461186707813151
4055,0.28962219033955,190.62364503541,2,0.0467024033243751
4056,0.295552367288379,190.670617141205,2,0.0481693322236072
4057,0.298804399808704,190.717589247001,2,0.0493653710875992
4058,0.302725968436155,190.764561352797,2,0.0512091262286247
4059,0.303873744619799,190.811533458592,2,0.0518373399358067
4060,0.303012912482066,190.858505564388,2,0.0513622848835449
4061,0.303873744619799,190.905477670184,2,0.0518373399358067
4062,0.302917264466762,190.952449775979,2,0.0513109459091477
4063,0.300334768053563,190.999421881775,2,0.0500307789667648
4064,0.299760879961741,191.04639398757,2,0.0497733231304332
4065,0.292300334768054,191.093366093366,2,0.0472546590740739
4066,0.285509325681492,191.140338199162,2,0.0461939732857388
4067,0.274892395982783,191.187310304957,2,0.0467325718892618
4068,0.261501673840268,191.234282410753,2,0.0514553826548537
4069,0.243041606886657,191.281254516549,2,0.0680188783104054
4070,0.22180774748924,191.328226622344,2,0.11394841987187
4071,0.204112864658058,191.37519872814,2,0.198630992200353
4072,0.194069823051172,191.422170833936,2,0.279283601161977
4073,0.188617886178862,191.469142939731,2,0.335622131934947
4074,0.189478718316595,191.516115045527,2,0.326119812031493
4075,0.19167862266858,191.563087151322,2,0.302867803792248
4076,0.196939263510282,191.610059257118,2,0.253280628721852
4077,0.203730272596844,191.657031362914,2,0.201195790012136
4078,0.213103778096604,191.704003468709,2,0.148150238314121
4079,0.223816355810617,191.750975574505,2,0.107653567549799
4080,0.232615973218556,191.797947680301,2,0.0855287521778927
4081,0.240363462458154,191.844919786096,2,0.071800398625095
4082,0.244858919177427,191.891891891892,2,0.0656927376030245
4083,0.254710664753706,191.938863997688,2,0.0559222522332374
4084,0.265231946437111,191.985836103483,2,0.0496398936858111
4085,0.272022955523673,192.032808209279,2,0.0473433903914225
4086,0.275561932089909,192.079780315074,2,0.0466192638916614
4087,0.281492109038737,192.12675242087,2,0.046084612592988
4088,0.288474414155906,192.173724526666,2,0.0465196278246546
4089,0.282926829268293,192.220696632461,2,0.0460801001137736
4090,0.284744141559063,192.267668738257,2,0.0461438467580377
4091,0.283692013390722,192.314640844053,2,0.046097469638516
4092,0.282831181252989,192.361612949848,2,0.0460788964828146
4093,0.284457197513152,192.408585055644,2,0.0461286123175464
4094,0.287613582018173,192.45555716144,2,0.04640343448853
4095,0.285796269727403,192.502529267235,2,0.046216340171928
4096,0.280439980870397,192.549501373031,2,0.0461186707813151
4097,0.285509325681492,192.596473478826,2,0.0461939732857388
4098,0.279005260640842,192.643445584622,2,0.0462071542167208
4099,0.268388330942133,192.690417690418,2,0.0484182154927108
4100,0.254328072692492,192.737389796213,2,0.0562233804582935
4101,0.239598278335725,192.784361902009,2,0.0729635726968906
4102,0.218842659014825,192.831334007805,2,0.124253830505517
4103,0.194261119081779,192.8783061136,2,0.277472612840422
4104,0.176470588235294,192.925278219396,2,0.491261401930176
4105,0.155236728837877,192.972250325192,1,0.783641676004716
4106,0.126542324246772,193.019222430987,1,0.969418751251216
4107,0.0854136776661884,193.066194536783,1,0.999346834689803
4108,0.0513629842180775,193.113166642578,1,0.999986685703345
4109,0.0279292204686753,193.160138748374,1,0.999999362835465
4110,0.0155906264945002,193.20711085417,1,0.999999885720228
4111,0.012051649928264,193.254082959965,1,0.999999931230122
4112,0.013868962219034,193.301055065761,1,0.999999910663772
4113,0.0295552367288379,193.348027171557,1,0.9999992057383
4114,0.0586322333811573,193.394999277352,1,0.999967796734778
4115,0.106264945002391,193.441971383148,1,0.994803895533002
4116,0.146341463414634,193.488943488944,1,0.871292320304827
4117,0.17168818747011,193.535915594739,1,0.560147169351271
4118,0.198469631755141,193.582887700535,2,0.240412766411046
4119,0.227355332376853,193.62985980633,2,0.0977668509205922
4120,0.244571975131516,193.676831912126,2,0.0660478037597383
4121,0.256719273075084,193.723804017922,2,0.0544320978400806
4122,0.264466762314682,193.770776123717,2,0.049978488251236
4123,0.274127211860354,193.817748229513,2,0.0468754927363168
4124,0.280153036824486,193.864720335309,2,0.0461324815979966
4125,0.282639885222382,193.911692441104,2,0.0460771340370889
4126,0.286370157819225,193.9586645469,2,0.0462669298329601
4127,0.295743663318986,194.005636652696,2,0.0482317364291088
4128,0.305308464849354,194.052608758491,2,0.0526822452346396
4129,0.307890961262554,194.099580864287,2,0.0543783155320391
4130,0.310569105691057,194.146552970082,2,0.0563914781676327
4131,0.314012434241989,194.193525075878,2,0.0593967704862357
4132,0.316499282639885,194.240497181674,2,0.0618883096214427
4133,0.316690578670493,194.287469287469,2,0.0620919306642859
4134,0.314777618364419,194.334441393265,2,0.0601333196393418
4135,0.310473457675753,194.381413499061,2,0.0563148798046402
4136,0.306934481109517,194.428385604856,2,0.053723090972537
4137,0.299378287900526,194.475357710652,2,0.0496069940593401
4138,0.300430416068867,194.522329816447,2,0.0500746247563627
4139,0.286465805834529,194.569301922243,2,0.0462761218349878
4140,0.269249163079866,194.616274028039,2,0.0481323352468553
4141,0.251841224294596,194.663246133834,2,0.0583228105646507
4142,0.218747010999522,194.71021823963,2,0.124607751132623
4143,0.183452893352463,194.757190345426,2,0.397231465789462
4144,0.168340506934481,194.804162451221,1,0.608910414624882
4145,0.146724055475849,194.851134557017,1,0.868145895543545
4146,0.133620277379244,194.898106662813,1,0.946865557107804
4147,0.120899091343855,194.945078768608,1,0.980823725070896
4148,0.110473457675753,194.992050874404,1,0.992334476734565
4149,0.093065518890483,195.039022980199,1,0.998562376405442
4150,0.0736489717838355,195.085995085995,1,0.999817437521662
4151,0.0595887135341942,195.132967191791,1,0.999963904132282
4152,0.0448589191774271,195.179939297586,1,0.999994101887905
4153,0.0513629842180775,195.226911403382,1,0.999986685703345
4154,0.0432329029172645,195.273883509178,1,0.999995205125999
4155,0.0306073648971784,195.320855614973,1,0.999999084690622
4156,0.021999043519847,195.367827720769,1,0.999999718172238
4157,0.0175992348158776,195.414799826565,1,0.99999984799244
4158,0.0131037780966045,195.46177193236,1,0.999999919965524
4159,0.00851267336202774,195.508744038156,1,0.999999958892589
4160,0.00784313725490196,195.555716143951,1,0.999999962733941
4161,0.0070779531324725,195.602688249747,1,0.999999966696281
4162,0.0048780487804878,195.649660355543,1,0.99999997593554
4163,0.00497369679579149,195.696632461338,1,0.999999975591843
4164,0.00688665710186514,195.743604567134,1,0.999999967620785
4165,0.00736489717838355,195.79057667293,1,0.99999996526107
4166,0.00602582496413199,195.837548778725,1,0.999999971480472
4167,0.00430416068866571,195.884520884521,1,0.999999977900708
4168,0.00411286465805835,195.931492990317,1,0.999999978520272
4169,0.00506934481109517,195.978465096112,1,0.999999975243359
4170,0.0070779531324725,196.025437201908,1,0.999999966696281
4171,0.00746054519368723,196.072409307703,1,0.999999964769396
4172,0.0100430416068867,196.119381413499,1,0.99999994860557
4173,0.0212338593974175,196.166353519295,1,0.999999746675485
4174,0.0428503108560497,196.21332562509,1,0.999995434097526
4175,0.0658058345289335,196.260297730886,1,0.999925114115309
4176,0.078909612625538,196.307269836682,1,0.99967419219883
4177,0.107604017216643,196.354241942477,1,0.994112987648595
4178,0.126733620277379,196.401214048273,1,0.968943272688197
4179,0.14701099952176,196.448186154069,1,0.865749433096946
4180,0.160593017694883,196.495158259864,1,0.71724140544932
4181,0.171879483500717,196.54213036566,1,0.557360350144909
4182,0.182209469153515,196.589102471455,2,0.413168167539409
4183,0.191774270683883,196.636074577251,2,0.301890650529983
4184,0.200191296030607,196.683046683047,2,0.226741725306879
4185,0.206695361071258,196.730018788842,2,0.182266695154244
4186,0.212147297943568,196.776990894638,2,0.152704576300616
4187,0.221903395504543,196.823963000434,2,0.113636603528928
4188,0.229363940698231,196.870935106229,2,0.0927728471989374
4189,0.235772357723577,196.917907212025,2,0.0793860892099245
4190,0.239311334289813,196.964879317821,2,0.0734097092095325
4191,0.240076518412243,197.011851423616,2,0.0722321128058962
4192,0.239598278335725,197.058823529412,2,0.0729635726968906
4193,0.24026781444285,197.105795635207,2,0.0719437117221393
4194,0.231850789096126,197.152767741003,2,0.0871452228299811
4195,0.221999043519847,197.199739846799,2,0.113326022633279
4196,0.21453849832616,197.246711952594,2,0.141641199168546
4197,0.203347680535629,197.29368405839,2,0.203797977553386
4198,0.181444285031086,197.340656164186,2,0.423169127776884
4199,0.15428024868484,197.387628269981,1,0.794494953490285
4200,0.1350549976088,197.434600375777,1,0.940857570796484
4201,0.0984218077474892,197.481572481572,1,0.9975498499777
4202,0.0837876614060258,197.528544587368,1,0.999449905313216
4203,0.0681013868962219,197.575516693164,1,0.999902466588336
4204,0.0513629842180775,197.622488798959,1,0.999986685703345
4205,0.0363462458153993,197.669460904755,1,0.999998036331407
4206,0.0314681970349115,197.716433010551,1,0.999998972503606
4207,0.0305117168818747,197.763405116346,1,0.999999096396011
4208,0.026207556193209,197.810377222142,1,0.999999496220436
4209,0.0274509803921569,197.857349327938,1,0.999999402986426
4210,0.0228598756575801,197.904321433733,1,0.99999968237389
4211,0.0268770923003348,197.951293539529,1,0.999999447931123
4212,0.0420851267336203,197.998265645324,1,0.999995860731917
4213,0.0513629842180775,198.04523775112,1,0.999986685703345
4214,0.0527977044476327,198.092209856916,1,0.999984114637783
4215,0.0649450023912004,198.139181962711,1,0.999932227814815
4216,0.0856049736967958,198.186154068507,1,0.999333566143285
4217,0.103012912482066,198.233126174303,1,0.996179305020015
4218,0.122238163558106,198.280098280098,1,0.978535526095933
4219,0.148158775705404,198.327070385894,1,0.855847809407245
4220,0.168818747011,198.37404249169,1,0.601964448114828
4221,0.18000956480153,198.421014597485,2,0.442293482709885
4222,0.188809182209469,198.467986703281,2,0.333491020444161
4223,0.200765184122429,198.514958809076,2,0.222369563648248
4224,0.210712577714012,198.561930914872,2,0.159873594385127
4225,0.215016738402678,198.608903020668,2,0.139554560809727
4226,0.224581539933046,198.655875126463,2,0.105390544217279
4227,0.233859397417504,198.702847232259,2,0.0830106878255444
4228,0.239311334289813,198.749819338055,2,0.0734097092095325
4229,0.24208512673362,198.79679144385,2,0.0693193482022681
4230,0.248493543758967,198.843763549646,2,0.0615660934943698
4231,0.258727881396461,198.890735655442,2,0.0530877115981366
4232,0.266092778574845,198.937707761237,2,0.0492790949675051
4233,0.270588235294118,198.984679867033,2,0.0477265805165847
4234,0.273744619799139,199.031651972828,2,0.046952359633616
4235,0.276327116212339,199.078624078624,2,0.0465030952721725
4236,0.275466284074605,199.12559618442,2,0.0466347825800149
4237,0.276518412242946,199.172568290215,2,0.0464762629332605
4238,0.278335724533716,199.219540396011,2,0.046265111234849
4239,0.274605451936872,199.266512501807,2,0.0467844831957557
4240,0.267718794835007,199.313484607602,2,0.0486543524473753
4241,0.263032042085127,199.360456713398,2,0.0506598061331573
4242,0.255380200860832,199.407428819194,2,0.0554087775398547
4243,0.246963175514108,199.454400924989,2,0.0632222715153187
4244,0.24285031085605,199.501373030785,2,0.0682746615772258
4245,0.239789574366332,199.54834513658,2,0.0726691849005279
4246,0.236537541846007,199.595317242376,2,0.0780165401063575
4247,0.231563845050215,199.642289348172,2,0.0877649506087603
4248,0.228790052606408,199.689261453967,2,0.094157091823509
4249,0.235007173601148,199.736233559763,2,0.080800812250374
4250,0.237015781922525,199.783205665559,2,0.0771829058086749
4251,0.240746054519369,199.830177771354,2,0.0712330113922093
4252,0.247919655667145,199.87714987715,2,0.0621738019645363
4253,0.253275944524151,199.924121982946,2,0.0570810705009097
4254,0.254997608799617,199.971094088741,2,0.0557001027103905
4255,0.261119081779053,200.018066194537,2,0.0516656972571414
4256,0.272022955523673,200.065038300332,2,0.0473433903914225
4257,0.280439980870397,200.112010406128,2,0.0461186707813151
4258,0.285509325681492,200.158982511924,2,0.0461939732857388
4259,0.287039693926351,200.205954617719,2,0.0463358473595885
4260,0.287709230033477,200.252926723515,2,0.0464154655588048
4261,0.286561453849833,200.299898829311,2,0.0462855314091884
4262,0.282639885222382,200.346870935106,2,0.0460771340370889
4263,0.274127211860354,200.393843040902,2,0.0468754927363168
4264,0.263605930176949,200.440815146698,2,0.0503799140358293
4265,0.254519368723099,200.487787252493,2,0.0560721086314094
4266,0.24648493543759,200.534759358289,2,0.063763613497581
4267,0.237015781922525,200.581731464084,2,0.0771829058086749
4268,0.230989956958393,200.62870356988,2,0.0890270729004608
4269,0.228503108560497,200.675675675676,2,0.0948617996649184
4270,0.228790052606408,200.722647781471,2,0.094157091823509
4271,0.230416068866571,200.769619887267,2,0.0903200097780783
4272,0.232424677187948,200.816591993063,2,0.0859279990978978
4273,0.231181252989,200.863564098858,2,0.088602976971254
4274,0.233955045432807,200.910536204654,2,0.0828224089079017
4275,0.239598278335725,200.957508310449,2,0.0729635726968906
4276,0.246867527498804,201.004480416245,2,0.0633296158603844
4277,0.252893352462936,201.051452522041,2,0.0574039309721915
4278,0.258249641319943,201.098424627836,2,0.0533950463443548
4279,0.259780009564802,201.145396733632,2,0.0524388191356351
4280,0.259971305595409,201.192368839428,2,0.0523247982317872
4281,0.259397417503587,201.239340945223,2,0.0526704929179474
4282,0.263414634146341,201.286313051019,2,0.0504721110081196
4283,0.267910090865615,201.333285156815,2,0.0485856433800487
4284,0.270492587278814,201.38025726261,2,0.0477540096965207
4285,0.273457675753228,201.427229368406,2,0.0470123884837904
4286,0.277187948350072,201.474201474201,2,0.0463892785101317
4287,0.277761836441894,201.521173579997,2,0.0463232670936457
4288,0.276135820181731,201.568145685793,2,0.0465308100308161
4289,0.277283596365375,201.615117791588,2,0.0463777297828143
4290,0.275179340028694,201.662089897384,2,0.0466826736900053
4291,0.275179340028694,201.70906200318,2,0.0466826736900053
4292,0.274701099952176,201.756034108975,2,0.0467669553667556
4293,0.273170731707317,201.803006214771,2,0.0470744642425652
4294,0.273266379722621,201.849978320567,2,0.0470535444302399
4295,0.272788139646102,201.896950426362,2,0.0471604290194346
4296,0.270492587278814,201.943922532158,2,0.0477540096965207
4297,0.274127211860354,201.990894637953,2,0.0468754927363168
4298,0.26857962697274,202.037866743749,2,0.0483529726681899
4299,0.264371114299378,202.084838849545,2,0.0500220116511617
4300,0.26571018651363,202.13181095534,2,0.0494368442267531
4301,0.266188426590148,202.178783061136,2,0.0492403045414591
4302,0.261406025824964,202.225755166932,2,0.0515075269664062
4303,0.254615016738403,202.272727272727,2,0.0559970040452119
4304,0.2493543758967,202.319699378523,2,0.0606837404584178
4305,0.240076518412243,202.366671484319,2,0.0722321128058962
4306,0.234433285509326,202.413643590114,2,0.0818923442269773
4307,0.227164036346246,202.46061569591,2,0.0982647362801819
4308,0.218364418938307,202.507587801705,2,0.126037474725593
4309,0.210616929698709,202.554559907501,2,0.160366353146017
4310,0.20545193687231,202.601532013297,2,0.189943017936217
4311,0.195982783357245,202.648504119092,2,0.261673388855436
4312,0.1818268770923,202.695476224888,2,0.4181507199502
4313,0.165566714490674,202.742448330684,1,0.648805814325636
4314,0.144237207077953,202.789420436479,1,0.887610966891698
4315,0.1168818747011,202.836392542275,1,0.986422248192012
4316,0.0982305117168819,202.883364648071,1,0.997595405288796
4317,0.0868483978957437,202.930336753866,1,0.99924086707751
4318,0.078909612625538,202.977308859662,1,0.99967419219883
4319,0.0802486848397896,203.024280965457,1,0.999623330468742
4320,0.0912482065997131,203.071253071253,1,0.998804561304533
4321,0.109421329507413,203.118225177049,1,0.993037758838857
4322,0.130942132950741,203.165197282844,1,0.956691022647261
4323,0.153132472501196,203.21216938864,1,0.807079748426841
4324,0.172166427546628,203.259141494436,1,0.553182458775821
4325,0.191869918699187,203.306113600231,2,0.300916317637856
4326,0.211477761836442,203.353085706027,2,0.155998749645391
4327,0.231085604973697,203.400057811823,2,0.0888145986315999
4328,0.247728359636538,203.447029917618,2,0.0623799009080563
4329,0.259014825442372,203.494002023414,2,0.0529070529355896
4330,0.266188426590148,203.540974129209,2,0.0492403045414591
4331,0.272501195600191,203.587946235005,2,0.0472273105457379
4332,0.275944524151124,203.634918340801,2,0.0465594086919742
4333,0.280726924916308,203.681890446596,2,0.0461067992379652
4334,0.285031085604974,203.728862552392,2,0.0461610234909052
4335,0.287326637972262,203.775834658188,2,0.0463686562816475
4336,0.284839789574366,203.822806763983,2,0.0461493564284593
4337,0.289048302247728,203.869778869779,2,0.0466070195117223
4338,0.281874701099952,203.916750975575,2,0.0460786808168526
4339,0.276709708273553,203.96372308137,2,0.0464503115788948
4340,0.273266379722621,204.010695187166,2,0.0470535444302399
4341,0.265231946437111,204.057667292961,2,0.0496398936858111
4342,0.253945480631277,204.104639398757,2,0.0565302053666371
4343,0.240554758488761,204.151611504553,2,0.071515536337018
4344,0.226781444285031,204.198583610348,2,0.0992725345873994
4345,0.208799617407939,204.245555716144,2,0.1700945762911
4346,0.18000956480153,204.29252782194,2,0.442293482709885
4347,0.147489239598278,204.339499927735,1,0.861685277866595
4348,0.12778574844572,204.386472033531,1,0.966208999903036
4349,0.113821138211382,204.433444139327,1,0.989634150034074
4350,0.0998565279770445,204.480416245122,1,0.997181350067676
4351,0.0892395982783357,204.527388350918,1,0.999027108370193
4352,0.0851267336202774,204.574360456713,1,0.999366267369785
4353,0.0708751793400287,204.621332562509,1,0.999866285614502
4354,0.0588235294117647,204.668304668305,1,0.999967052047844
4355,0.0464849354375897,204.7152767741,1,0.999992755055529
4356,0.0363462458153993,204.762248879896,1,0.999998036331407
4357,0.0263032042085127,204.809220985692,1,0.999999489582123
4358,0.0145384983261597,204.856193091487,1,0.999999901667331
4359,0.00755619320899091,204.903165197283,1,0.999999964270937
4360,0.00554758488761358,204.950137303078,1,0.999999973426817
4361,0.00267814442850311,204.997109408874,1,0.999999982656522
4362,0.00306073648971784,205.04408151467,1,0.99999998163655
4363,0.00267814442850311,205.091053620465,1,0.999999982656522
4364,0.00286944045911047,205.138025726261,1,0.999999982153647
4365,0.00267814442850311,205.184997832057,1,0.999999982656522
4366,0.00306073648971784,205.231969937852,1,0.99999998163655
4367,0.0032520325203252,205.278942043648,1,0.99999998110484
4368,0.0038259206121473,205.325914149444,1,0.999999979417957
4369,0.0021999043519847,205.372886255239,1,0.999999983853967
4370,0.00191296030607365,205.419858361035,1,0.999999984533283
4371,0.00181731229076997,205.46683046683,1,0.999999984753459
4372,0.00191296030607365,205.513802572626,1,0.999999984533283
4373,0.00191296030607365,205.560774678422,1,0.999999984533283
4374,0.00200860832137733,205.607746784217,1,0.999999984310004
4375,0.00191296030607365,205.654718890013,1,0.999999984533283
4376,0.00277379244380679,205.701690995809,1,0.999999982406838
4377,0.00468675274988044,205.748663101604,1,0.999999976608826
4378,0.00554758488761358,205.7956352074,1,0.999999973426817
4379,0.0106169296987088,205.842607313196,1,0.999999944133767
4380,0.0257293161166906,205.889579418991,1,0.99999952817381
4381,0.0497369679579149,205.936551524787,1,0.999989114767889
4382,0.0837876614060258,205.983523630582,1,0.999449905313216
4383,0.118220946915352,206.030495736378,1,0.984748613015148
4384,0.141846006695361,206.077467842174,1,0.90418297423887
4385,0.172931611669058,206.124439947969,1,0.542059608459031
4386,0.190052606408417,206.171412053765,2,0.319910666406367
4387,0.21453849832616,206.218384159561,2,0.141641199168546
4388,0.233285509325681,206.265356265356,2,0.0841564696990267
4389,0.24830224772836,206.312328371152,2,0.0617669103380218
4390,0.260927785748446,206.359300476948,2,0.0517725992935503
4391,0.271927307508369,206.406272582743,2,0.0473673007570563
4392,0.277857484457197,206.453244688539,2,0.0463130297271417
4393,0.281779053084649,206.500216794334,2,0.0460798413083009
4394,0.285891917742707,206.54718890013,2,0.0462242292146546
4395,0.289813486370158,206.594161005926,2,0.046735981793242
4396,0.293830703012912,206.641133111721,2,0.0476510573773775
4397,0.296508847441416,206.688105217517,2,0.0484911446168208
4398,0.298613103778097,206.735077323313,2,0.0492869111625058
4399,0.301195600191296,206.782049429108,2,0.0504351328089251
4400,0.304065040650407,206.829021534904,2,0.051946119058162
4401,0.309134385461502,206.8759936407,2,0.0552795323628934
4402,0.312003825920612,206.922965746495,2,0.0575841013712236
4403,0.314873266379723,206.969937852291,2,0.0602272325214824
4404,0.316594930655189,207.016909958086,2,0.0619898999094679
4405,0.317168818747011,207.063882063882,2,0.0626087447212642
4406,0.316499282639885,207.110854169678,2,0.0618883096214427
4407,0.313438546150167,207.157826275473,2,0.0588612891181461
4408,0.31142993782879,207.204798381269,2,0.0570971286495552
4409,0.302821616451459,207.251770487065,2,0.051259893261456
4410,0.300334768053563,207.29874259286,2,0.0500307789667648
4411,0.292491630798661,207.345714698656,2,0.0473009521570846
4412,0.277283596365375,207.392686804452,2,0.0463777297828143
4413,0.261692969870875,207.439658910247,2,0.0513519583343405
4414,0.247632711621234,207.486631016043,2,0.0624836190044236
4415,0.235868005738881,207.533603121838,2,0.0792124534496473
4416,0.228216164514586,207.580575227634,2,0.0955750290776341
4417,0.227546628407461,207.62754733343,2,0.0972729334789851
4418,0.223912003825921,207.674519439225,2,0.107366729936805
4419,0.222190339550454,207.721491545021,2,0.112708548419002
4420,0.224390243902439,207.768463650817,2,0.105949555410605
4421,0.227546628407461,207.815435756612,2,0.0972729334789851
4422,0.227450980392157,207.862407862408,2,0.0975193981322774
4423,0.221520803443329,207.909379968204,2,0.114891328763653
4424,0.215208034433286,207.956352073999,2,0.138731233102754
4425,0.201434720229555,208.003324179795,2,0.217383066455401
4426,0.193400286944046,208.05029628559,2,0.285710152840334
4427,0.194069823051172,208.097268391386,2,0.279283601161977
4428,0.197034911525586,208.144240497182,2,0.252456283324973
4429,0.194261119081779,208.191212602977,2,0.277472612840422
4430,0.196652319464371,208.238184708773,2,0.255769901066876
4431,0.201434720229555,208.285156814569,2,0.217383066455401
4432,0.199808703969393,208.332128920364,2,0.22970737189982
4433,0.200860832137733,208.37910102616,2,0.221649704721002
4434,0.20286944045911,208.426073131956,2,0.207103876408381
4435,0.204304160688666,208.473045237751,2,0.197362493375605
4436,0.204017216642755,208.520017343547,2,0.199268707518967
4437,0.205164992826399,208.566989449342,2,0.191767411980519
4438,0.20832137733142,208.613961555138,2,0.172773278099251
4439,0.211573409851746,208.660933660934,2,0.1555227048407
4440,0.21195600191296,208.707905766729,2,0.153636728335245
4441,0.214155906264945,208.754877872525,2,0.14334001923903
4442,0.217503586800574,208.801849978321,2,0.129337928818941
4443,0.222094691535151,208.848822084116,2,0.113016672489892
4444,0.226781444285031,208.895794189912,2,0.0992725345873994
4445,0.230224772835964,208.942766295707,2,0.0907579613714599
4446,0.231085604973697,208.989738401503,2,0.0888145986315999
4447,0.229746532759445,209.036710507299,2,0.0918683516296342
4448,0.225920612147298,209.083682613094,2,0.101599865293847
4449,0.223051171688187,209.13065471889,2,0.109989840437851
4450,0.220468675274988,209.177626824686,2,0.118446236154491
4451,0.216068866571019,209.224598930481,2,0.135104852784456
4452,0.20832137733142,209.271571036277,2,0.172773278099251
4453,0.203825920612147,209.318543142073,2,0.200551100364525
4454,0.202295552367288,209.365515247868,2,0.211149907501241
4455,0.204112864658058,209.412487353664,2,0.198630992200353
4456,0.207460545193687,209.459459459459,2,0.177723869161585
4457,0.208990913438546,209.506431565255,2,0.169037185955458
4458,0.212625538020086,209.553403671051,2,0.150405412092136
4459,0.219033955045433,209.600375776846,2,0.123550165174754
4460,0.227164036346246,209.647347882642,2,0.0982647362801819
4461,0.236346245815399,209.694319988438,2,0.0783547674654215
4462,0.246389287422286,209.741292094233,2,0.0638732760768234
4463,0.254901960784314,209.788264200029,2,0.0557738026335183
4464,0.260449545671927,209.835236305825,2,0.0520449912476147
4465,0.260162601626016,209.88220841162,2,0.0522119794129047
4466,0.26207556193209,209.929180517416,2,0.0511485467862402
4467,0.258919177427068,209.976152623211,2,0.052966962641644
4468,0.25298900047824,210.023124729007,2,0.057322659124531
4469,0.250023912003826,210.070096834803,2,0.0600211043284459
4470,0.250789096126255,210.117068940598,2,0.0592884623398544
4471,0.246676231468197,210.164041046394,2,0.0635456873967434
4472,0.239885222381636,210.21101315219,2,0.0725228951682818
4473,0.222094691535151,210.257985257985,2,0.113016672489892
4474,0.217216642754663,210.304957363781,2,0.130464306643667
4475,0.208990913438546,210.351929469577,2,0.169037185955458
4476,0.198278335724534,210.398901575372,2,0.241983978059048
4477,0.186513629842181,210.445873681168,2,0.359789809177857
4478,0.179818268770923,210.492845786963,2,0.444878193670351
4479,0.178670492587279,210.539817892759,2,0.460546382371182
4480,0.180966044954567,210.586789998555,2,0.429491342127612
4481,0.186609277857484,210.63376210435,2,0.358662771695606
4482,0.19273075083692,210.680734210146,2,0.29227417981594
4483,0.201052128168341,210.727706315942,2,0.220217510957627
4484,0.206312769010043,210.774678421737,2,0.184589389230193
4485,0.208799617407939,210.821650527533,2,0.1700945762911
4486,0.212816834050693,210.868622633329,2,0.149498105834305
4487,0.219512195121951,210.915594739124,2,0.121815120791248
4488,0.224964131994261,210.96256684492,2,0.104285804729986
4489,0.232711621233859,211.009538950715,2,0.0853303323276472
4490,0.241224294595887,211.056511056511,2,0.0705368117376005
4491,0.248206599713056,211.103483162307,2,0.0618679737506725
4492,0.252702056432329,211.150455268102,2,0.0575675951946417
4493,0.259110473457676,211.197427373898,2,0.0528474519486861
4494,0.260736489717838,211.244399479694,2,0.0518806724394667
4495,0.258249641319943,211.291371585489,2,0.0533950463443548
4496,0.255858440937351,211.338343691285,2,0.0550523607241394
4497,0.248206599713056,211.385315797081,2,0.0618679737506725
4498,0.233381157340985,211.432287902876,2,0.0839635735498423
4499,0.218364418938307,211.479260008672,2,0.126037474725593
4500,0.215016738402678,211.526232114467,2,0.139554560809727
4501,0.218747010999522,211.573204220263,2,0.124607751132623
4502,0.221425155428025,211.620176326059,2,0.115208134151255
4503,0.232520325203252,211.667148431854,2,0.0857279733994179
4504,0.249067431850789,211.71412053765,2,0.0609740162779237
4505,0.251076040172166,211.761092643446,2,0.0590203683028873
4506,0.257675753228121,211.808064749241,2,0.0537742734927768
4507,0.263605930176949,211.855036855037,2,0.0503799140358293
4508,0.268197034911526,211.902008960833,2,0.048484444127015
4509,0.272883787661406,211.948981066628,2,0.0471385944209576
4510,0.275083692013391,211.995953172424,2,0.0466990831210363
4511,0.276231468197035,212.042925278219,2,0.0465168422574708
4512,0.280153036824486,212.089897384015,2,0.0461324815979966
4513,0.281109516977523,212.136869489811,2,0.0460939847342933
4514,0.286848397895744,212.183841595606,2,0.0463150668350296
4515,0.294213295074127,212.230813701402,2,0.0477595432310375
4516,0.299952175992348,212.277785807198,2,0.0498580754400121
4517,0.301386896221903,212.324757912993,2,0.0505279887485603
4518,0.300813008130081,212.371730018789,2,0.0502527057090152
4519,0.300143472022956,212.418702124585,2,0.0499438924741686
4520,0.299186991869919,212.46567423038,2,0.0495254081387805
4521,0.2987087517934,212.512646336176,2,0.0493260116942425
4522,0.296604495456719,212.559618441971,2,0.0485246794358635
4523,0.29220468675275,212.606590547767,2,0.0472318587258735
4524,0.286083213773314,212.653562653563,2,0.0462406580480043
4525,0.278240076518412,212.700534759358,2,0.0462742595857892
4526,0.266092778574845,212.747506865154,2,0.0492790949675051
4527,0.250980392156863,212.79447897095,2,0.059109334563653
4528,0.239598278335725,212.841451076745,2,0.0729635726968906
4529,0.22467718794835,212.888423182541,2,0.105112705381521
4530,0.212529890004782,212.935395288336,2,0.15086170160982
4531,0.187948350071736,212.982367394132,2,0.343168195516634
4532,0.161071257771401,213.029339499928,1,0.710900447017548
4533,0.139072214251554,213.076311605723,1,0.920921066454046
4534,0.125011956001913,213.123283711519,1,0.972995233053649
4535,0.113821138211382,213.170255817315,1,0.989634150034074
4536,0.106838833094213,213.21722792311,1,0.994517621152823
4537,0.0994739359158297,213.264200028906,1,0.997284413165004
4538,0.0997608799617408,213.311172134702,1,0.997207455431927
4539,0.101769488283118,213.358144240497,1,0.996608486122166
4540,0.107508369201339,213.405116346293,1,0.994165047942435
4541,0.118029650884744,213.452088452088,1,0.984998726816481
4542,0.133046389287422,213.499060557884,1,0.949118546423531
4543,0.152558584409374,213.54603266368,1,0.813188732770822
4544,0.168818747011,213.593004769475,1,0.601964448114828
4545,0.18622668579627,213.639976875271,2,0.363186956112603
4546,0.193304638928742,213.686948981067,2,0.286639442071606
4547,0.204878048780488,213.733921086862,2,0.193612011395535
4548,0.216738402678144,213.780893192658,2,0.132371355033133
4549,0.225538020086083,213.827865298454,2,0.102661394925503
4550,0.234050693448111,213.874837404249,2,0.0826348891975609
4551,0.242180774748924,213.921809510045,2,0.069186855656011
4552,0.248206599713056,213.96878161584,2,0.0618679737506725
4553,0.258345289335246,214.015753721636,2,0.0533329516628823
4554,0.258345289335246,214.062725827432,2,0.0533329516628823
4555,0.260162601626016,214.109697933227,2,0.0522119794129047
4556,0.263510282161645,214.156670039023,2,0.0504258755090361
4557,0.261788617886179,214.203642144819,2,0.0513006768819928
4558,0.257580105212817,214.250614250614,2,0.0538385962239537
4559,0.254615016738403,214.29758635641,2,0.0559970040452119
4560,0.254423720707795,214.344558462206,2,0.0561475670733889
4561,0.246293639406982,214.391530568001,2,0.0639834071930815
4562,0.245050215208034,214.438502673797,2,0.0654585090537497
4563,0.243041606886657,214.485474779592,2,0.0680188783104054
4564,0.240937350549976,214.532446885388,2,0.0709528064882497
4565,0.237876614060258,214.579418991184,2,0.0757244656891303
4566,0.234720229555237,214.626391096979,2,0.0813432653412896
4567,0.233668101386896,214.673363202775,2,0.0833895350204733
4568,0.23558106169297,214.720335308571,2,0.0797354807843731
4569,0.235007173601148,214.767307414366,2,0.080800812250374
4570,0.229746532759445,214.814279520162,2,0.0918683516296342
4571,0.221903395504543,214.861251625958,2,0.113636603528928
4572,0.210999521759923,214.908223731753,2,0.15840658402526
4573,0.196939263510282,214.955195837549,2,0.253280628721852
4574,0.17819225251076,215.002167943344,2,0.46715141954437
4575,0.162410329985653,215.04914004914,1,0.692844220257211
4576,0.155141080822573,215.096112154936,1,0.784741703655031
4577,0.139454806312769,215.143084260731,1,0.918764046926577
4578,0.130272596843616,215.190056366527,1,0.958885731480409
4579,0.121186035389766,215.237028472323,1,0.98035288936294
4580,0.11506456241033,215.284000578118,1,0.98842472113851
4581,0.10856049736968,215.330972683914,1,0.993568030214127
4582,0.100143472022956,215.37794478971,1,0.997101649658598
4583,0.090674318507891,215.424916895505,1,0.998872636402817
4584,0.0813964610234338,215.471889001301,1,0.999573787873506
4585,0.0736489717838355,215.518861107096,1,0.999817437521662
4586,0.0780487804878049,215.565833212892,1,0.999703352427251
4587,0.0788139646102343,215.612805318688,1,0.999677562526628
4588,0.0831181252989,215.659777424483,1,0.99948767528573
4589,0.0996652319464371,215.706749530279,1,0.997233333178144
4590,0.12415112386418,215.753721636075,1,0.974838270790374
4591,0.149402199904352,215.80069374187,1,0.844547942868318
4592,0.167957914873266,215.847665847666,1,0.614456584274732
4593,0.187374461979914,215.894637953462,2,0.349743469392985
4594,0.191009086561454,215.941610059257,2,0.309786843693146
4595,0.194835007173601,215.988582165053,2,0.272106515138099
4596,0.198947871831659,216.035554270848,2,0.236530781580868
4597,0.205356288857006,216.082526376644,2,0.190548914576282
4598,0.211095169775227,216.12949848244,2,0.157921315289352
4599,0.216451458632233,216.176470588235,2,0.133533675781982
4600,0.217886178861789,216.223442694031,2,0.127856614978678
4601,0.227929220468675,216.270414799827,2,0.0962968799032996
4602,0.225155428024868,216.317386905622,2,0.103740008486281
4603,0.22831181252989,216.364359011418,2,0.0953363329593517
4604,0.238067910090866,216.411331117214,2,0.075407571489784
4605,0.249641319942611,216.458303223009,2,0.0603972548647453
4606,0.257388809182209,216.505275328805,2,0.0539682083241353
4607,0.263701578192253,216.5522474346,2,0.0503342259520705
4608,0.26857962697274,216.599219540396,2,0.0483529726681899
4609,0.271831659493066,216.646191646192,2,0.0473914433330161
4610,0.274318507890961,216.693163751987,2,0.0468384138733577
4611,0.27661406025825,216.740135857783,2,0.0464631772208524
4612,0.275274988043998,216.787107963579,2,0.0466664872668778
4613,0.276901004304161,216.834080069374,2,0.0464252398213732
4614,0.281970349115256,216.88105217517,2,0.0460777352656518
4615,0.287422285987566,216.928024280965,2,0.0463800300062788
4616,0.291630798660928,216.974996386761,2,0.0470998841940767
4617,0.298039215686275,217.021968492557,2,0.0490577142800804
4618,0.302439024390244,217.068940598352,2,0.0510585317646521
4619,0.30416068866571,217.115912704148,2,0.0520009510466754
4620,0.303873744619799,217.162884809944,2,0.0518373399358067
4621,0.308943089430894,217.209856915739,2,0.055137171906908
4622,0.316212338593974,217.256829021535,2,0.061586166515333
4623,0.314490674318508,217.303801127331,2,0.0598540536050193
4624,0.308273553323769,217.350773233126,2,0.0546495810312347
4625,0.305691056910569,217.397745338922,2,0.052919051810737
4626,0.286561453849833,217.444717444717,2,0.0462855314091884
4627,0.268483978957437,217.491689550513,2,0.0483854710775564
4628,0.250884744141559,217.538661656309,2,0.0591986988062397
4629,0.224964131994261,217.585633762104,2,0.104285804729986
4630,0.199904351984696,217.6326058679,2,0.228962121354236
4631,0.178096604495457,217.679577973696,2,0.468477537269673
4632,0.162123385939742,217.726550079491,1,0.696749068891986
4633,0.157723577235772,217.773522185287,1,0.753938980894778
4634,0.147489239598278,217.820494291083,1,0.861685277866595
4635,0.138498326159732,217.867466396878,1,0.924068816445423
4636,0.136585365853659,217.914438502674,1,0.933825925139643
4637,0.138880918220947,217.961410608469,1,0.921981943890044
4638,0.143089430894309,218.008382714265,1,0.895821687550622
4639,0.151123864179818,218.055354820061,1,0.827916356301425
4640,0.157819225251076,218.102326925856,1,0.752755713029616
4641,0.174940219990435,218.149299031652,1,0.513062442364936
4642,0.180966044954567,218.196271137448,2,0.429491342127612
4643,0.188809182209469,218.243243243243,2,0.333491020444161
4644,0.19349593495935,218.290215349039,2,0.284783669530052
4645,0.198565279770445,218.337187454835,2,0.239631116491426
4646,0.204399808703969,218.38415956063,2,0.196731697675067
4647,0.211382113821138,218.431131666426,2,0.156476626956684
4648,0.216738402678144,218.478103772221,2,0.132371355033133
4649,0.227355332376853,218.525075878017,2,0.0977668509205922
4650,0.231659493065519,218.572047983813,2,0.0875575427515578
4651,0.238833094213295,218.619020089608,2,0.0741655691500913
4652,0.241606886657102,218.665992195404,2,0.0699901134331695
4653,0.239693926351028,218.7129643012,2,0.072816076658099
4654,0.23921568627451,218.759936406995,2,0.0735596451323948
4655,0.247154471544715,218.806908512791,2,0.0630089576605627
4656,0.256719273075084,218.853880618587,2,0.0544320978400806
4657,0.261119081779053,218.900852724382,2,0.0516656972571414
4658,0.266666666666667,218.947824830178,2,0.0490502071862613
4659,0.271640363462458,218.994796935973,2,0.0474404264215695
4660,0.272309899569584,219.041769041769,2,0.0472730493484002
4661,0.270588235294118,219.088741147565,2,0.0477265805165847
4662,0.268483978957437,219.13571325336,2,0.0483854710775564
4663,0.266092778574845,219.182685359156,2,0.0492790949675051
4664,0.264084170253467,219.229657464952,2,0.050154194923347
4665,0.262553802008608,219.276629570747,2,0.0509006686806687
4666,0.264466762314682,219.323601676543,2,0.049978488251236
4667,0.266857962697274,219.370573782339,2,0.0489759574313878
4668,0.269440459110473,219.417545888134,2,0.0480714854044167
4669,0.274318507890961,219.46451799393,2,0.0468384138733577
4670,0.277474892395983,219.511490099725,2,0.0463552889628184
4671,0.273075083692013,219.558462205521,2,0.0470956123216524
4672,0.266857962697274,219.605434311317,2,0.0489759574313878
4673,0.261119081779053,219.652406417112,2,0.0516656972571414
4674,0.254232424677188,219.699378522908,2,0.0562995498788712
4675,0.245241511238642,219.746350628704,2,0.0652262498072078
4676,0.23845050215208,219.793322734499,2,0.0747814939798297
4677,0.233285509325681,219.840294840295,2,0.0841564696990267
4678,0.229459588713534,219.887266946091,2,0.0925453606829504
4679,0.228120516499283,219.934239051886,2,0.0958146831212175
4680,0.229746532759445,219.981211157682,2,0.0918683516296342
4681,0.236441893830703,220.028183263477,2,0.0781853102071929
4682,0.240554758488761,220.075155369273,2,0.071515536337018
4683,0.243519846963176,220.122127475069,2,0.0673886793680087
4684,0.245528455284553,220.169099580864,2,0.0648815228454461
4685,0.246771879483501,220.21607168666,2,0.0634374206176166
4686,0.248684839789574,220.263043792456,2,0.0613670133810754
4687,0.25011956001913,220.310015898251,2,0.0599280985567227
4688,0.249736967957915,220.356988004047,2,0.0603025953503316
4689,0.251267336202774,220.403960109843,2,0.0588436245220638
4690,0.249450023912004,220.450932215638,2,0.0605878260136977
4691,0.246580583452893,220.497904321434,2,0.0636544178150846
4692,0.238354854136777,220.544876427229,2,0.0749370555527009
4693,0.225729316116691,220.591848533025,2,0.102128511097242
4694,0.21013868962219,220.638820638821,2,0.162858590485633
4695,0.187565758010521,220.685792744616,2,0.34754077336719
4696,0.167479674796748,220.732764850412,1,0.62137345610409
4697,0.152175992348159,220.779736956208,1,0.81719255607248
4698,0.144428503108561,220.826709062003,1,0.88619567632296
4699,0.133142037302726,220.873681167799,1,0.948748835080538
4700,0.126733620277379,220.920653273594,1,0.968943272688197
4701,0.122716403634625,220.96762537939,1,0.977660300531942
4702,0.11611669057867,221.014597485186,1,0.987301282290036
4703,0.111238641798183,221.061569590981,1,0.991782170411096
4704,0.111812529890005,221.108541696777,1,0.991343968073388
4705,0.118316594930655,221.155513802573,1,0.984622132040259
4706,0.119368723098996,221.202485908368,1,0.983166221208745
4707,0.119655667144907,221.249458014164,1,0.982747910821861
4708,0.119081779053085,221.29643011996,1,0.983575269284398
4709,0.116594930655189,221.343402225755,1,0.986758227436053
4710,0.115255858440937,221.390374331551,1,0.988227519662355
4711,0.114395026303204,221.437346437346,1,0.98909121861418
4712,0.114395026303204,221.484318543142,1,0.98909121861418
4713,0.116307986609278,221.531290648938,1,0.987086562698584
4714,0.122046867527499,221.578262754733,1,0.978876855555928
4715,0.125777140124342,221.625234860529,1,0.971256564319695
4716,0.124342419894787,221.672206966325,1,0.974438745304228
4717,0.117168818747011,221.71917907212,1,0.986078468628846
4718,0.109899569583931,221.766151177916,1,0.9927258701605
4719,0.102439024390244,221.813123283712,1,0.996383357971874
4720,0.0998565279770445,221.860095389507,1,0.997181350067676
4721,0.0959349593495935,221.907067495303,1,0.998083343552721
4722,0.0946915351506456,221.954039601098,1,0.998306976541607
4723,0.0963175514108082,222.001011706894,1,0.998009104013694
4724,0.103969392635103,222.04798381269,1,0.995815052787654
4725,0.1168818747011,222.094955918485,1,0.986422248192012
4726,0.133620277379244,222.141928024281,1,0.946865557107804
4727,0.147297943567671,222.188900130077,1,0.863321464832229
4728,0.154854136776662,222.235872235872,1,0.788022298874078
4729,0.163653754184601,222.282844341668,1,0.675717963864709
4730,0.170062171209947,222.329816447464,1,0.583857154058754
4731,0.176087996174079,222.376788553259,2,0.496682449946342
4732,0.178861788617886,222.423760659055,2,0.45791660718096
4733,0.179626972740316,222.47073276485,2,0.44747072581365
4734,0.18364418938307,222.517704870646,2,0.394815523952141
4735,0.191965566714491,222.564676976442,2,0.299944804933687
4736,0.199617407938785,222.611649082237,2,0.231205581533254
4737,0.197895743663319,222.658621188033,2,0.245158174944056
4738,0.200478240076518,222.705593293829,2,0.22454425352414
4739,0.203252032520325,222.752565399624,2,0.204454411704131
4740,0.207843137254902,222.79953750542,2,0.175502931837628
4741,0.215016738402678,222.846509611216,2,0.139554560809727
4742,0.224007651841224,222.893481717011,2,0.107081032378151
4743,0.232615973218556,222.940453822807,2,0.0855287521778926
4744,0.236920133907221,222.987425928602,2,0.0773482791330378
4745,0.239406982305117,223.034398034398,2,0.0732603866916782
4746,0.235485413677666,223.081370140194,2,0.0799112420227321
4747,0.232042085126734,223.128342245989,2,0.0867362092208513
4748,0.229459588713534,223.175314351785,2,0.0925453606829504
4749,0.224007651841224,223.222286457581,2,0.107081032378151
4750,0.215303682448589,223.269258563376,2,0.138321973646724
4751,0.211477761836442,223.316230669172,2,0.155998749645391
4752,0.211382113821138,223.363202774968,2,0.156476626956684
4753,0.214347202295552,223.410174880763,2,0.142487303303759
4754,0.217312290769967,223.457146986559,2,0.130087370637226
4755,0.22104256336681,223.504119092354,2,0.116487995156442
4756,0.223433763749402,223.55109119815,2,0.108812406579399
4757,0.223338115734099,223.598063303946,2,0.109105010622603
4758,0.22104256336681,223.645035409741,2,0.116487995156442
4759,0.2181731229077,223.692007515537,2,0.12676083443945
4760,0.216834050693448,223.738979621333,2,0.131986944710476
4761,0.214442850310856,223.785951727128,2,0.142063427671559
4762,0.215399330463893,223.832923832924,2,0.137914309509003
4763,0.219129603060737,223.879895938719,2,0.123200410129579
4764,0.221999043519847,223.926868044515,2,0.113326022633279
4765,0.224294595887135,223.973840150311,2,0.10623073635222
4766,0.223912003825921,224.020812256106,2,0.107366729936805
4767,0.226398852223816,224.067784361902,2,0.100296578394812
4768,0.228981348637016,224.114756467698,2,0.0936919720155812
4769,0.234241989478718,224.161728573493,2,0.0822621157341027
4770,0.240650406504065,224.208700679289,2,0.0713739827817194
4771,0.245145863223338,224.255672785085,2,0.0653421341440991
4772,0.247919655667145,224.30264489088,2,0.0621738019645363
4773,0.250693448110952,224.349616996676,2,0.0593786264801477
4774,0.250406504065041,224.396589102471,2,0.0596515357947792
4775,0.251554280248685,224.443561208267,2,0.058581461352123
4776,0.25480631276901,224.490533314063,2,0.0558478521194904
4777,0.258058345289335,224.537505419858,2,0.0535201834417804
4778,0.258919177427068,224.584477525654,2,0.052966962641644
4779,0.261119081779053,224.63144963145,2,0.0516656972571414
4780,0.263223338115734,224.678421737245,2,0.0505654066498005
4781,0.259684361549498,224.725393843041,2,0.0524962823701872
4782,0.257006217120995,224.772365948837,2,0.05423132496177
4783,0.260449545671927,224.819338054632,2,0.0520449912476147
4784,0.267049258727881,224.866310160428,2,0.0489027239385042
4785,0.270109995217599,224.913282266223,2,0.0478661045251455
4786,0.274605451936872,224.960254372019,2,0.0467844831957557
4787,0.278527020564323,225.007226477815,2,0.0462474666896047
4788,0.278909612625538,225.05419858361,2,0.046214782991233
4789,0.280918220946915,225.101170689406,2,0.0460999615373508
4790,0.281013868962219,225.148142795202,2,0.0460968655446047
4791,0.275274988043998,225.195114900997,2,0.0466664872668778
4792,0.268101386896222,225.242087006793,2,0.0485179292482069
4793,0.260066953610713,225.289059112589,2,0.0522682389595996
4794,0.245337159253945,225.336031218384,2,0.0651108543002808
4795,0.233572453371593,225.38300332418,2,0.0835801091971965
4796,0.221903395504543,225.429975429975,2,0.113636603528928
4797,0.208895265423242,225.476947535771,2,0.169564880952241
4798,0.202008608321377,225.523919641567,2,0.213205590241252
4799,0.183548541367767,225.570891747362,2,0.396022275800146
4800,0.155619320899091,225.617863853158,1,0.779209350623541
4801,0.135246293639407,225.664835958954,1,0.940014615904347
4802,0.110186513629842,225.711808064749,1,0.992532554984784
4803,0.0857006217120995,225.758780170545,1,0.999326836133715
4804,0.0714490674318508,225.805752276341,1,0.999857339258449
4805,0.0659014825442372,225.852724382136,1,0.999924280833223
4806,0.0723098995695839,225.899696487932,1,0.999842837043427
4807,0.0858919177427068,225.946668593727,1,0.999313181746623
4808,0.0940219990435198,225.993640699523,1,0.998416942201612
4809,0.113534194165471,226.040612805319,1,0.989896161513876
4810,0.140124342419895,226.087584911114,1,0.914874555063108
4811,0.164992826398852,226.13455701691,1,0.656942675276133
4812,0.178287900526064,226.181529122706,2,0.465826982444868
4813,0.190722142515543,226.228501228501,2,0.312794433213807
4814,0.207173601147776,226.275473334297,2,0.179411545076067
4815,0.222190339550454,226.322445440093,2,0.112708548419002
4816,0.231850789096126,226.369417545888,2,0.0871452228299811
4817,0.235102821616451,226.416389651684,2,0.0806214538052236
4818,0.24026781444285,226.463361757479,2,0.0719437117221393
4819,0.241606886657102,226.510333863275,2,0.0699901134331695
4820,0.236346245815399,226.557305969071,2,0.0783547674654215
4821,0.229363940698231,226.604278074866,2,0.0927728471989374
4822,0.214155906264945,226.651250180662,2,0.14334001923903
4823,0.187470109995218,226.698222286458,2,0.348640757750898
4824,0.163271162123386,226.745194392253,1,0.681021559661095
4825,0.131898613103778,226.792166498049,1,0.953379390071248
4826,0.104351984696318,226.839138603845,1,0.995660440265626
4827,0.0661884265901483,226.88611070964,1,0.999921727240239
4828,0.034050693448111,226.933082815436,1,0.999998549941732
4829,0.0170253467240555,226.980054921231,1,0.999999859860057
4830,0.0109995217599235,227.027027027027,1,0.999999940944212
4831,0.0158775705404113,227.073999132823,1,0.999999880950904
4832,0.0242945958871353,227.120971238618,1,0.999999612663868
4833,0.034624581539933,227.167943344414,1,0.999998435337005
4834,0.0384505021520803,227.21491545021,1,0.999997413557434
4835,0.0479196556671449,227.261887556005,1,0.999991323613485
4836,0.0586322333811573,227.308859661801,1,0.999967796734778
4837,0.064753706360593,227.355831767596,1,0.999933718077456
4838,0.0596843615494978,227.402803873392,1,0.999963490864053
4839,0.0472501195600191,227.449775979188,1,0.999992022688079
4840,0.0349115255858441,227.496748084983,1,0.999998374788742
4841,0.0293639406982305,227.543720190779,1,0.999999226010204
4842,0.034337637494022,227.590692296575,1,0.999998493695794
4843,0.0410329985652798,227.63766440237,1,0.99999638488267
4844,0.0459110473457676,227.684636508166,1,0.999993261244133
4845,0.0491630798660928,227.731608613962,1,0.999989865189178
4846,0.0505021520803443,227.778580719757,1,0.999988030349366
4847,0.0501195600191296,227.825552825553,1,0.999988584982612
4848,0.0499282639885222,227.872524931348,1,0.999988852913172
4849,0.0613103778096604,227.919497037144,1,0.999955728370426
4850,0.0688665710186514,227.96646914294,1,0.999893553307497
4851,0.074988043998087,228.013441248735,1,0.999788137075088
4852,0.0818747010999522,228.060413354531,1,0.999551362753483
4853,0.0940219990435198,228.107385460327,1,0.998416942201612
4854,0.113629842180775,228.154357566122,1,0.989809511620571
4855,0.138593974175036,228.201329671918,1,0.92355143449573
4856,0.159349593495935,228.248301777714,1,0.733438926931805
4857,0.172070779531325,228.295273883509,1,0.554574746060352
4858,0.177235772357724,228.342245989305,2,0.480485324640675
4859,0.186896221903395,228.3892180951,2,0.355297772734657
4860,0.196078431372549,228.436190200896,2,0.26082184259224
4861,0.201434720229555,228.483162306692,2,0.217383066455401
4862,0.204017216642755,228.530134412487,2,0.199268707518967
4863,0.211095169775227,228.577106518283,2,0.157921315289352
4864,0.218077474892396,228.624078624079,2,0.12712465719475
4865,0.226303204208513,228.671050729874,2,0.100555157357948
4866,0.237302725968436,228.71802283567,2,0.0766908054360287
4867,0.248493543758967,228.764994941466,2,0.0615660934943698
4868,0.252702056432329,228.811967047261,2,0.0575675951946417
4869,0.25375418460067,228.858939153057,2,0.0566857761580256
4870,0.255667144906743,228.905911258852,2,0.0551939027042767
4871,0.25662362505978,228.952883364648,2,0.0544996815599797
4872,0.256336681013869,228.999855470444,2,0.0547044244940982
4873,0.255380200860832,229.046827576239,2,0.0554087775398547
4874,0.257101865136298,229.093799682035,2,0.0541650569176642
4875,0.260545193687231,229.140771787831,2,0.0519899227472702
4876,0.263223338115734,229.187743893626,2,0.0505654066498005
4877,0.263510282161645,229.234715999422,2,0.0504258755090361
4878,0.265518890483022,229.281688105218,2,0.0495172789820278
4879,0.271927307508369,229.328660211013,2,0.0473673007570563
4880,0.278622668579627,229.375632316809,2,0.0462389702599095
4881,0.283500717360115,229.422604422604,2,0.0460918368030747
4882,0.281396461023434,229.4695765284,2,0.0460866330285991
4883,0.279579148732664,229.516548634196,2,0.0461659279086388
4884,0.277474892395983,229.563520739991,2,0.0463552889628184
4885,0.275274988043998,229.610492845787,2,0.0466664872668778
4886,0.277092300334768,229.657464951583,2,0.0464010463203669
4887,0.28493543758967,229.704437057378,2,0.0461550819806473
4888,0.294117647058824,229.751409163174,2,0.0477320664286761
4889,0.293639406982305,229.79838126897,2,0.0475982321620108
4890,0.29583931133429,229.845353374765,2,0.0482633041908518
4891,0.29507412721186,229.892325480561,2,0.0480175681032544
4892,0.290865614538498,229.939297586356,2,0.0469367102803303
4893,0.286561453849833,229.986269692152,2,0.0462855314091884
4894,0.283883309421329,230.033241797948,2,0.0461039632387486
4895,0.278909612625538,230.080213903743,2,0.046214782991233
4896,0.274509803921569,230.127186009539,2,0.0468022353972905
4897,0.272788139646102,230.174158115335,2,0.0471604290194346
4898,0.267336202773792,230.22113022113,2,0.048794770440992
4899,0.260545193687231,230.268102326926,2,0.0519899227472702
4900,0.255284552845528,230.315074432722,2,0.0554810897511758
4901,0.251554280248685,230.362046538517,2,0.058581461352123
4902,0.248397895743663,230.409018644313,2,0.0616662840832905
4903,0.246867527498804,230.455990750108,2,0.0633296158603844
4904,0.245624103299857,230.502962855904,2,0.0647675834521618
4905,0.255380200860832,230.5499349617,2,0.0554087775398547
4906,0.258919177427068,230.596907067495,2,0.052966962641644
4907,0.265040650406504,230.643879173291,2,0.0497229517604499
4908,0.270588235294118,230.690851279087,2,0.0477265805165847
4909,0.27403156384505,230.737823384882,2,0.0468943704329557
4910,0.274988043998087,230.784795490678,2,0.0467157157798274
4911,0.280344332855093,230.831767596473,2,0.0461230588350711
4912,0.284648493543759,230.878739702269,2,0.0461385528959604
4913,0.29220468675275,230.925711808065,2,0.0472318587258735
4914,0.292395982783357,230.97268391386,2,0.0472776901143817
4915,0.29220468675275,231.019656019656,2,0.0472318587258735
4916,0.294308943089431,231.066628125452,2,0.047787257543028
4917,0.295265423242468,231.113600231247,2,0.0480775478756475
4918,0.296700143472023,231.160572337043,2,0.0485584621567918
4919,0.300143472022956,231.207544442839,2,0.0499438924741686
4920,0.302725968436155,231.254516548634,2,0.0512091262286247
4921,0.307030129124821,231.30148865443,2,0.0537871570596562
4922,0.301099952175992,231.348460760225,2,0.0503891163908792
4923,0.295361071257771,231.395432866021,2,0.0481079002876434
4924,0.290674318507891,231.442404971817,2,0.0468981863228954
4925,0.283405069344811,231.489377077612,2,0.0460893430765786
4926,0.270492587278814,231.536349183408,2,0.0477540096965207
4927,0.251267336202774,231.583321289204,2,0.0588436245220638
4928,0.235102821616451,231.630293394999,2,0.0806214538052236
4929,0.210329985652798,231.677265500795,2,0.161855982021611
4930,0.181731229076997,231.724237606591,2,0.419401990984293
4931,0.151793400286944,231.771209712386,1,0.821140932889706
4932,0.132089909134385,231.818181818182,1,0.952691394675483
4933,0.120899091343855,231.865153923977,1,0.980823725070896
4934,0.110569105691057,231.912126029773,1,0.992267373947986
4935,0.0978479196556672,231.959098135569,1,0.997684132079419
4936,0.0852223816355811,232.006070241364,1,0.999359851743756
4937,0.0858919177427068,232.05304234716,1,0.999313181746623
4938,0.0937350549976088,232.100014452956,1,0.998461972135544
4939,0.106551889048302,232.146986558751,1,0.994662550230067
4940,0.118220946915352,232.193958664547,1,0.984748613015148
4941,0.125585844093735,232.240930770343,1,0.971700350072903
4942,0.134098517455763,232.287902876138,1,0.944923455804745
4943,0.149689143950263,232.334874981934,1,0.841855429036227
4944,0.164705882352941,232.381847087729,1,0.660991932727818
4945,0.176566236250598,232.428819193525,2,0.48990946582196
4946,0.190148254423721,232.475791299321,2,0.318885626725258
4947,0.204878048780488,232.522763405116,2,0.193612011395535
4948,0.218268770923003,232.569735510912,2,0.126398442043333
4949,0.23481587757054,232.616707616708,2,0.0811617152130338
4950,0.244093735054998,232.663679722503,2,0.0666496288960467
4951,0.237111429937829,232.710651828299,2,0.077018204115253
4952,0.222477283596365,232.757623934095,2,0.111791486072644
4953,0.207173601147776,232.80459603989,2,0.179411545076067
4954,0.165853658536585,232.851568145686,1,0.644719482564471
4955,0.12233381157341,232.898540251481,1,0.978362999425591
4956,0.0818747010999522,232.945512357277,1,0.999551362753483
4957,0.0502152080344333,232.992484463073,1,0.999988448696681
4958,0.0274509803921569,233.039456568868,1,0.999999402986426
4959,0.0111908177905308,233.086428674664,1,0.999999939283565
4960,0.00946915351506456,233.13340078046,1,0.999999952727748
4961,0.00698230511716882,233.180372886255,1,0.999999967161706
4962,0.00497369679579149,233.227344992051,1,0.999999975591843
4963,0.00535628885700622,233.274317097847,1,0.999999974168525
4964,0.0139646102343376,233.321289203642,1,0.999999909429478
4965,0.0313725490196078,233.368261309438,1,0.999998985599054
4966,0.0604495456719273,233.415233415233,1,0.999960016796793
4967,0.1012912482066,233.462205521029,1,0.996761161830313
4968,0.13610712577714,233.509177626825,1,0.936094883408796
4969,0.160306073648972,233.55614973262,1,0.721017073343795
4970,0.178479196556671,233.603121838416,2,0.463183218792446
4971,0.199426111908178,233.650093944212,2,0.232714102947097
4972,0.214155906264945,233.697066050007,2,0.14334001923903
4973,0.223912003825921,233.744038155803,2,0.107366729936805
4974,0.236920133907221,233.791010261599,2,0.0773482791330378
4975,0.252510760401722,233.837982367394,2,0.0577327613853934
4976,0.264084170253467,233.88495447319,2,0.050154194923347
4977,0.278718316594931,233.931926578985,2,0.0462306909067513
4978,0.28024868483979,233.978898684781,2,0.0461276624201868
4979,0.280344332855093,234.025870790577,2,0.0461230588350711
4980,0.280057388809182,234.072842896372,2,0.0461375164327105
4981,0.280153036824486,234.119815002168,2,0.0461324815979966
4982,0.279866092778575,234.166787107964,2,0.0461482333440759
4983,0.278335724533716,234.213759213759,2,0.046265111234849
4984,0.278718316594931,234.260731319555,2,0.0462306909067513
4985,0.277187948350072,234.30770342535,2,0.0463892785101317
4986,0.2831181252989,234.354675531146,2,0.0460831522720281
4987,0.287039693926351,234.401647636942,2,0.0463358473595885
4988,0.287422285987566,234.448619742737,2,0.0463800300062788
4989,0.285126733620277,234.495591848533,2,0.046167181038419
4990,0.282352941176471,234.542563954329,2,0.0460761022544203
4991,0.272788139646102,234.589536060124,2,0.0471604290194346
4992,0.260736489717838,234.63650816592,2,0.0518806724394667
4993,0.252128168340507,234.683480271716,2,0.0580676381787218
4994,0.234528933524629,234.730452377511,2,0.081708577007299
4995,0.209947393591583,234.777424483307,2,0.16386887501653
4996,0.18259206121473,234.824396589102,2,0.408222232191221
4997,0.148445719751315,234.871368694898,1,0.853293152881013
4998,0.111621233859397,234.918340800694,1,0.991492385371894
4999,0.081013868962219,234.965312906489,1,0.999590954495495
5000,0.0642754662840746,235.012285012285,1,0.999937307311095
5001,0.0517455762792922,235.059257118081,1,0.999986042338287
5002,0.0426590148254424,235.106229223876,1,0.99999554458047
5003,0.0299378287900526,235.153201329672,1,0.99999916363681
5004,0.0211382113821138,235.200173435468,1,0.999999750034918
5005,0.0196078431372549,235.247145541263,1,0.999999798244882
5006,0.0258249641319943,235.294117647059,1,0.999999521944861
5007,0.0366331898613104,235.341089752854,1,0.999997960881186
5008,0.046389287422286,235.38806185865,1,0.999992841899122
5009,0.0432329029172645,235.435033964446,1,0.999995205125999
5010,0.0412242945958871,235.482006070241,1,0.999996294621051
5011,0.0371114299378288,235.528978176037,1,0.999997828846031
5012,0.0288857006217121,235.575950281833,1,0.999999274517219
5013,0.0208512673362028,235.622922387628,1,0.999999759855314
5014,0.0165471066475371,235.669894493424,1,0.999999869056433
5015,0.0146341463414634,235.71686659922,1,0.999999900312152
5016,0.0130081300813008,235.763838705015,1,0.999999921059707
5017,0.0104256336681014,235.810810810811,1,0.999999945664946
5018,0.0118603538976566,235.857782916606,1,0.999999933105151
5019,0.0157819225251076,235.904755022402,1,0.999999882561819
5020,0.0164514586322334,235.951727128198,1,0.999999870823878
5021,0.020468675274988,235.998699233993,1,0.999999772367239
5022,0.0288857006217121,236.045671339789,1,0.999999274517219
5023,0.0331898613103778,236.092643445585,1,0.999998706730373
5024,0.0290769966523195,236.13961555138,1,0.999999255479381
5025,0.0251554280248685,236.186587657176,1,0.999999563924422
5026,0.0277379244380679,236.233559762972,1,0.999999379200999
5027,0.0365375418460067,236.280531868767,1,0.999997986338147
5028,0.0508847441415591,236.327503974563,1,0.999987449749763
5029,0.0659971305595409,236.374476080358,1,0.999923438653931
5030,0.0840746054519369,236.421448186154,1,0.999432919463792
5031,0.108177905308465,236.46842029195,1,0.993791420645358
5032,0.127977044476327,236.515392397745,1,0.965689594808898
5033,0.135246293639407,236.562364503541,1,0.940014615904347
5034,0.15246293639407,236.609336609337,1,0.814194869875218
5035,0.168723098995696,236.656308715132,1,0.603354688125363
5036,0.173696795791487,236.703280820928,1,0.530972606154841
5037,0.175418460066954,236.750252926724,1,0.506217447712764
5038,0.180966044954567,236.797225032519,2,0.429491342127612
5039,0.178479196556671,236.844197138315,2,0.463183218792446
5040,0.167097082735533,236.89116924411,1,0.626892365131747
5041,0.150741272118604,236.938141349906,1,0.831710935709853
5042,0.13142037302726,236.985113455702,1,0.95506164621061
5043,0.112864658058345,237.032085561497,1,0.990483913445682
5044,0.0944045911047346,237.079057667293,1,0.998354960662432
5045,0.0782400765184122,237.126029773089,1,0.99969709614502
5046,0.066857962697274,237.173001878884,1,0.999915443415607
5047,0.0609277857484457,237.21997398468,1,0.999957686298192
5048,0.0622668579626973,237.266946090476,1,0.999950444950465
5049,0.0507890961262554,237.313918196271,1,0.99998759739696
5050,0.0540411286465806,237.360890302067,1,0.999981504523347
5051,0.0671449067431851,237.407862407862,1,0.999912604630189
5052,0.0938307030129125,237.454834513658,1,0.998447098501178
5053,0.115925394548063,237.501806619454,1,0.987512717950603
5054,0.124916307986609,237.548778725249,1,0.973205818877522
5055,0.130176948828312,237.595750831045,1,0.959191205969319
5056,0.128168340506934,237.642722936841,1,0.96516315134742
5057,0.127881396461023,237.689695042636,1,0.965950172419129
5058,0.12960306073649,237.736667148432,1,0.960982743126979
5059,0.126733620277379,237.783639254228,1,0.968943272688197
5060,0.117647058823529,237.830611360023,1,0.985487736049605
5061,0.114203730272597,237.877583465819,1,0.989275043068264
5062,0.118986131037781,237.924555571614,1,0.983709591304852
5063,0.127977044476327,237.97152767741,1,0.965689594808898
5064,0.133715925394548,238.018499783206,1,0.946481884393587
5065,0.148158775705404,238.065471889001,1,0.855847809407245
5066,0.153419416547107,238.112443994797,1,0.803979132249566
5067,0.161262553802009,238.159416100593,1,0.70834764309029
5068,0.165949306551889,238.206388206388,1,0.643354878234622
5069,0.168244858919177,238.253360312184,1,0.610297914600067
5070,0.169583931133429,238.300332417979,1,0.590827532155435
5071,0.170157819225251,238.347304523775,1,0.582462517036711
5072,0.170923003347681,238.394276629571,1,0.57130278759636
5073,0.173409851745576,238.441248735366,1,0.535125287788425
5074,0.176566236250598,238.488220841162,2,0.48990946582196
5075,0.180392156862745,238.535192946958,2,0.437147998994312
5076,0.182783357245337,238.582165052753,2,0.405763224345139
5077,0.182113821138211,238.629137158549,2,0.414410401944891
5078,0.183357245337159,238.676109264345,2,0.398443084130998
5079,0.187470109995218,238.72308137014,2,0.348640757750898
5080,0.193591582974653,238.770053475936,2,0.283859990575772
5081,0.190052606408417,238.817025581731,2,0.319910666406367
5082,0.189478718316595,238.863997687527,2,0.326119812031493
5083,0.186417981826877,238.910969793323,2,0.360919522938936
5084,0.179722620755619,238.957941899118,2,0.446173489628371
5085,0.169010043041607,239.004914004914,1,0.59918257060565
5086,0.154949784791966,239.05188611071,1,0.786932024726677
5087,0.141367766618843,239.098858216505,1,0.907254421908452
5088,0.13323768531803,239.145830322301,1,0.948376822858827
5089,0.117264466762315,239.192802428097,1,0.985962114653619
5090,0.115255858440937,239.239774533892,1,0.988227519662355
5091,0.116499282639885,239.286746639688,1,0.986868514206577
5092,0.121090387374462,239.333718745483,1,0.980510986586834
5093,0.122429459588714,239.380690851279,1,0.978189221250108
5094,0.120803443328551,239.427662957075,1,0.980978380776255
5095,0.121855571496891,239.47463506287,1,0.97921327057112
5096,0.125298900047824,239.521607168666,1,0.972354565147033
5097,0.129698708751793,239.568579274462,1,0.960689021705374
5098,0.13142037302726,239.615551380257,1,0.955061646210611
5099,0.140219990435198,239.662523486053,1,0.914306847784823
5100,0.155045432807269,239.709495591849,1,0.785838489802498
5101,0.174366331898613,239.756467697644,1,0.521310012638072
5102,0.193974175035868,239.80343980344,2,0.280193284410064
5103,0.210329985652798,239.850411909235,2,0.161855982021611
5104,0.220946915351506,239.897384015031,2,0.116811144318426
5105,0.232807269249163,239.944356120827,2,0.0851327107556914
5106,0.237589670014347,239.991328226622,2,0.076204681278645
5107,0.244571975131516,240.038300332418,2,0.0660478037597383
5108,0.250502152080344,240.085272438214,2,0.0595601618757392
5109,0.251076040172166,240.132244544009,2,0.0590203683028873
5110,0.248206599713056,240.179216649805,2,0.0618679737506725
5111,0.246580583452893,240.226188755601,2,0.0636544178150846
5112,0.246963175514108,240.273160861396,2,0.0632222715153187
5113,0.25375418460067,240.320132967192,2,0.0566857761580256
5114,0.256432329029173,240.367105072987,2,0.0546358439154746
5115,0.26207556193209,240.414077178783,2,0.0511485467862402
5116,0.270109995217599,240.461049284579,2,0.0478661045251455
5117,0.274988043998087,240.508021390374,2,0.0467157157798274
5118,0.275274988043998,240.55499349617,2,0.0466664872668778
5119,0.270970827355332,240.601965601966,2,0.0476192307699423
5120,0.266284074605452,240.648937707761,2,0.0492017718011987
5121,0.258153993304639,240.695909813557,2,0.053457456642706
5122,0.250215208034433,240.742881919353,2,0.0598355027837345
5123,0.240459110473458,240.789854025148,2,0.0716576742257164
5124,0.234624581539933,240.836826130944,2,0.0815255516610437
5125,0.233955045432807,240.883798236739,2,0.0828224089079017
5126,0.233572453371593,240.930770342535,2,0.0835801091971965
5127,0.229842180774749,240.977742448331,2,0.0916444870559196
5128,0.226398852223816,241.024714554126,2,0.100296578394812
5129,0.223529411764706,241.071686659922,2,0.108520964693987
5130,0.220946915351506,241.118658765718,2,0.116811144318426
5131,0.219320899091344,241.165630871513,2,0.122505029536984
5132,0.21999043519847,241.212602977309,2,0.120114021283392
5133,0.218077474892396,241.259575083105,2,0.12712465719475
5134,0.220086083213773,241.3065471889,2,0.119777819117933
5135,0.230798660927786,241.353519294696,2,0.0894545925308604
5136,0.24285031085605,241.400491400491,2,0.0682746615772258
5137,0.252510760401722,241.447463506287,2,0.0577327613853934
5138,0.258727881396461,241.494435612083,2,0.0530877115981366
5139,0.267623146819704,241.541407717878,2,0.0486890812511686
5140,0.271066475370636,241.588379823674,2,0.0475929832618027
5141,0.271066475370636,241.63535192947,2,0.0475929832618027
5142,0.27039693926351,241.682324035265,2,0.0477816763111917
5143,0.265231946437111,241.729296141061,2,0.0496398936858111
5144,0.256241032998565,241.776268246857,2,0.0547733393106253
5145,0.245911047345768,241.823240352652,2,0.0644286501040778
5146,0.236441893830703,241.870212458448,2,0.0781853102071929
5147,0.220086083213773,241.917184564243,2,0.119777819117933
5148,0.199139167862267,241.964156670039,2,0.234996306984971
5149,0.185844093735055,242.011128775835,2,0.367753675830131
5150,0.166331898613104,242.05810088163,1,0.637884630430224
5151,0.131133428981349,242.105072987426,1,0.956045536023123
5152,0.108369201339072,242.152045093222,1,0.993680644792704
5153,0.0806312769010043,242.199017199017,1,0.999607460663785
5154,0.0506934481109517,242.245989304813,1,0.999987743367113
5155,0.0249641319942611,242.292961410608,1,0.999999575245472
5156,0.0136776661884266,242.339933516404,1,0.999999913083401
5157,0.00736489717838355,242.3869056222,1,0.99999996526107
5158,0.0038259206121473,242.433877727995,1,0.999999979417957
5159,0.0048780487804878,242.480849833791,1,0.99999997593554
5160,0.0087039693926351,242.527821939587,1,0.999999957725902
5161,0.00946915351506456,242.574794045382,1,0.999999952727748
5162,0.0161645145863223,242.621766151178,1,0.999999875987995
5163,0.0336681013868962,242.668738256974,1,0.99999862177726
5164,0.0586322333811573,242.715710362769,1,0.999967796734778
5165,0.08493543758967,242.762682468565,1,0.99937891559636
5166,0.114873266379723,242.80965457436,1,0.988618877383639
5167,0.148541367766619,242.856626680156,1,0.852434538409242
5168,0.174175035868006,242.903598785952,1,0.524066601590768
5169,0.193208990913439,242.950570891747,2,0.287571538713185
5170,0.207077953132473,242.997542997543,2,0.179978322620056
5171,0.219320899091344,243.044515103339,2,0.122505029536984
5172,0.227068388330942,243.091487209134,2,0.0985151765765673
5173,0.23481587757054,243.13845931493,2,0.0811617152130338
5174,0.242467718794835,243.185431420726,2,0.0687926626183003
5175,0.246389287422286,243.232403526521,2,0.0638732760768234
5176,0.249067431850789,243.279375632317,2,0.0609740162779237
5177,0.24571975131516,243.326347738112,2,0.0646541259980287
5178,0.240746054519369,243.373319843908,2,0.0712330113922093
5179,0.234528933524629,243.420291949704,2,0.081708577007299
5180,0.229268292682927,243.467264055499,2,0.0930012480255781
5181,0.226207556193209,243.514236161295,2,0.100814771506065
5182,0.219416547106648,243.561208267091,2,0.122159393737072
5183,0.198660927785748,243.608180372886,2,0.238852097714174
5184,0.175035868005739,243.655152478682,1,0.511691309760368
5185,0.140315638450502,243.702124584478,1,0.913736096818961
5186,0.105882352941176,243.749096690273,1,0.9949869212869
5187,0.0722142515542803,243.796068796069,1,0.999844515548005
5188,0.0533715925394548,243.843040901864,1,0.99998295743945
5189,0.0518412242945959,243.89001300766,1,0.999985876869652
5190,0.0616929698708752,243.936985113456,1,0.99995368347353
5191,0.0831181252989,243.983957219251,1,0.99948767528573
5192,0.114012434241989,244.030929325047,1,0.989456006953177
5193,0.137254901960784,244.077901430843,1,0.9305367700343
5194,0.167862266857963,244.124873536638,1,0.615841448663834
5195,0.196556671449067,244.171845642434,2,0.256605083161114
5196,0.21090387374462,244.21881774823,2,0.158893716005334
5197,0.22544237207078,244.265789854025,2,0.102929436370232
5198,0.240172166427547,244.312761959821,2,0.0720876157135735
5199,0.248589191774271,244.359734065616,2,0.0614663370862664
5200,0.251362984218077,244.406706171412,2,0.0587558444155913
5201,0.254328072692492,244.453678277208,2,0.0562233804582935
5202,0.252032520325203,244.500650383003,2,0.0581523112284839
5203,0.249067431850789,244.547622488799,2,0.0609740162779237
5204,0.247250119560019,244.594594594595,2,0.0629029849691175
5205,0.246102343376375,244.64156670039,2,0.0642050816362958
5206,0.245911047345768,244.688538806186,2,0.0644286501040778
5207,0.246102343376375,244.735510911982,2,0.0642050816362958
5208,0.246006695361071,244.782483017777,2,0.0643166282824507
5209,0.248206599713056,244.829455123573,2,0.0618679737506725
5210,0.251649928263989,244.876427229368,2,0.0584948558467196
5211,0.249736967957915,244.923399335164,2,0.0603025953503316
5212,0.244858919177427,244.97037144096,2,0.0656927376030245
5213,0.24103299856528,245.017343546755,2,0.070813568686614
5214,0.239502630320421,245.064315652551,2,0.0731116752827832
5215,0.239885222381636,245.111287758347,2,0.0725228951682818
5216,0.242467718794835,245.158259864142,2,0.0687926626183003
5217,0.248110951697752,245.205231969938,2,0.0619694758204945
5218,0.239885222381636,245.252204075734,2,0.0725228951682818
5219,0.231085604973697,245.299176181529,2,0.0888145986315999
5220,0.226590148254424,245.346148287325,2,0.09978251003317
5221,0.225251076040172,245.39312039312,2,0.103468738993686
5222,0.223242467718795,245.440092498916,2,0.10939878128988
5223,0.221616451458632,245.487064604712,2,0.114575777756053
5224,0.220659971305595,245.534036710507,2,0.117788310688286
5225,0.224007651841224,245.581008816303,2,0.107081032378151
5226,0.227833572453372,245.627980922099,2,0.0965394301369217
5227,0.232807269249163,245.674953027894,2,0.0851327107556914
5228,0.234337637494022,245.72192513369,2,0.0820768561789556
5229,0.234146341463415,245.768897239486,2,0.0824481257753165
5230,0.234146341463415,245.815869345281,2,0.0824481257753165
5231,0.235868005738881,245.862841451077,2,0.0792124534496473
5232,0.238163558106169,245.909813556872,2,0.0752500918930015
5233,0.242563366810139,245.956785662668,2,0.0686623531413188
5234,0.245145863223338,246.003757768464,2,0.0653421341440991
5235,0.249163079866093,246.050729874259,2,0.0608768341649321
5236,0.252893352462936,246.097701980055,2,0.0574039309721915
5237,0.255284552845528,246.144674085851,2,0.0554810897511758
5238,0.254136776661884,246.191646191646,2,0.0563760764334959
5239,0.251267336202774,246.238618297442,2,0.0588436245220638
5240,0.248397895743663,246.285590403237,2,0.0616662840832905
5241,0.251076040172166,246.332562509033,2,0.0590203683028873
5242,0.255093256814921,246.379534614829,2,0.0556267512906786
5243,0.261979913916786,246.426506720624,2,0.0511989718168033
5244,0.266092778574845,246.47347882642,2,0.0492790949675051
5245,0.268866571018651,246.520450932216,2,0.0482569490690748
5246,0.272309899569584,246.567423038011,2,0.0472730493484002
5247,0.274605451936872,246.614395143807,2,0.0467844831957557
5248,0.273744619799139,246.661367249603,2,0.046952359633616
5249,0.267910090865615,246.708339355398,2,0.0485856433800487
5250,0.26389287422286,246.755311461194,2,0.0502436674272652
5251,0.261501673840268,246.802283566989,2,0.0514553826548537
5252,0.260640841702535,246.849255672785,2,0.051935150067096
5253,0.260927785748446,246.896227778581,2,0.0517725992935503
5254,0.261788617886179,246.943199884376,2,0.0513006768819928
5255,0.264849354375897,246.990171990172,2,0.0498070671127522
5256,0.266666666666667,247.037144095968,2,0.0490502071862613
5257,0.264658058345289,247.084116201763,2,0.0498922443774882
5258,0.266188426590148,247.131088307559,2,0.0492403045414591
5259,0.270205643232903,247.178060413355,2,0.0478377233460322
5260,0.271831659493066,247.22503251915,2,0.0473914433330161
5261,0.269249163079866,247.272004624946,2,0.0481323352468553
5262,0.267431850789096,247.318976730741,2,0.0487592897686977
5263,0.264466762314682,247.365948836537,2,0.049978488251236
5264,0.261501673840268,247.412920942333,2,0.0514553826548538
5265,0.263032042085127,247.459893048128,2,0.0506598061331573
5266,0.260545193687231,247.506865153924,2,0.0519899227472702
5267,0.259971305595409,247.55383725972,2,0.0523247982317872
5268,0.259301769488283,247.600809365515,2,0.0527291727736696
5269,0.261023433763749,247.647781471311,2,0.0517190022621756
5270,0.262840746054519,247.694753577107,2,0.0507553146955889
5271,0.263797226207556,247.741725682902,2,0.0502888106253502
5272,0.264084170253467,247.788697788698,2,0.050154194923347
5273,0.270014347202296,247.835669894493,2,0.0478947246568964
5274,0.263223338115734,247.882642000289,2,0.0505654066498005
5275,0.253945480631277,247.929614106085,2,0.0565302053666371
5276,0.245911047345768,247.97658621188,2,0.0644286501040778
5277,0.239311334289813,248.023558317676,2,0.0734097092095325
5278,0.23299856527977,248.070530423472,2,0.0847398501378989
5279,0.225155428024868,248.117502529267,2,0.103740008486281
5280,0.220659971305595,248.164474635063,2,0.117788310688286
5281,0.207747489239598,248.211446740859,2,0.176055046076713
5282,0.204878048780488,248.258418846654,2,0.193612011395535
5283,0.196078431372549,248.30539095245,2,0.26082184259224
5284,0.180870396939264,248.352363058245,2,0.430762215979661
5285,0.162505978000956,248.399335164041,1,0.691538487022377
5286,0.13974175035868,248.446307269837,1,0.917115128549208
5287,0.11142993782879,248.493279375632,1,0.991638441522464
5288,0.0913438546150167,248.540251481428,1,0.998792843438906
5289,0.0881874701099952,248.587223587224,1,0.99912738603521
5290,0.0684839789574366,248.634195693019,1,0.999898103369761
5291,0.0474414155906265,248.681167798815,1,0.999991828708331
5292,0.0379722620755619,248.728139904611,1,0.999997570016077
5293,0.0373983739837398,248.775112010406,1,0.999997745688147
5294,0.038259206121473,248.822084116202,1,0.999997477277769
5295,0.0362505978000956,248.869056221997,1,0.999998060874871
5296,0.0330942132950741,248.916028327793,1,0.999998723100724
5297,0.042467718794835,248.963000433589,1,0.999995652475054
5298,0.0595887135341942,249.009972539384,1,0.999963904132282
5299,0.0857962697274032,249.05694464518,1,0.999320041529469
5300,0.106551889048302,249.103916750976,1,0.994662550230067
5301,0.116021042563367,249.150888856771,1,0.987407407820128
5302,0.1168818747011,249.197860962567,1,0.986422248192012
5303,0.118125298900048,249.244833068363,1,0.984874142519844
5304,0.120994739359158,249.291805174158,1,0.980667929409799
5305,0.110760401721664,249.338777279954,1,0.992131529534481
5306,0.107890961262554,249.385749385749,1,0.993954196558508
5307,0.111142993782879,249.432721491545,1,0.991853172608944
5308,0.123481587757054,249.479693597341,1,0.976192836470591
5309,0.139263510282162,249.526665703136,1,0.919848459421949
5310,0.15351506456241,249.573637808932,1,0.802938802701639
5311,0.167192730750837,249.620609914728,1,0.625513951616289
5312,0.176566236250598,249.667582020523,2,0.48990946582196
5313,0.175705404112865,249.714554126319,1,0.50212383544967
5314,0.176087996174079,249.761526232115,2,0.496682449946342
5315,0.164897178383549,249.80849833791,1,0.658293902565047
5316,0.141654710664754,249.855470443706,1,0.905421063143149
5317,0.102725968436155,249.902442549501,1,0.996282644664428
5318,0.0744141559062649,249.949414655297,1,0.999801206666036
5319,0.0332855093256815,249.996386761093,1,0.999998690156553
5320,0.014155906264945,250.043358866888,1,0.99999990691086
5321,0.00573888091822095,250.090330972684,1,0.999999972664347
5322,0.00526064084170253,250.13730307848,1,0.999999974531766
5323,0.00439980870396939,250.184275184275,1,0.999999977584421
5324,0.00506934481109517,250.231247290071,1,0.999999975243359
5325,0.0048780487804878,250.278219395866,1,0.99999997593554
5326,0.0054519368723099,250.325191501662,1,0.999999973800232
5327,0.00879961740793878,250.372163607458,1,0.999999957130514
5328,0.0125298900047824,250.419135713253,1,0.999999926315687
5329,0.0207556193208991,250.466107819049,1,0.999999763044599
5330,0.0255380200860832,250.513079924845,1,0.999999540396023
5331,0.0233381157340985,250.56005203064,1,0.999999660614548
5332,0.0194165471066475,250.607024136436,1,0.999999803594118
5333,0.0198947871831659,250.653996242232,1,0.999999789954327
5334,0.0212338593974175,250.700968348027,1,0.999999746675485
5335,0.0334768053562889,250.747940453823,1,0.999998656388697
5336,0.0550932568149211,250.794912559618,1,0.999978977269165
5337,0.081013868962219,250.841884665414,1,0.999590954495495
5338,0.101578192252511,250.88885677121,1,0.99667035006519
5339,0.130846484935438,250.935828877005,1,0.957010664465473
5340,0.15609756097561,250.982800982801,1,0.773597245938835
5341,0.172549019607843,251.029773088597,1,0.547617289713087
5342,0.189574366331899,251.076745194392,2,0.325077950665196
5343,0.206695361071258,251.123717300188,2,0.182266695154244
5344,0.214060258249641,251.170689405984,2,0.143768871213354
5345,0.221712099473936,251.217661511779,2,0.114261476372394
5346,0.227737924438068,251.264633617575,2,0.0967829532861481
5347,0.234528933524629,251.31160572337,2,0.081708577007299
5348,0.238928742228599,251.358577829166,2,0.0740131564436353
5349,0.242372070779531,251.405549934962,2,0.0689235148679749
5350,0.246580583452893,251.452522040757,2,0.0636544178150846
5351,0.250789096126255,251.499494146553,2,0.0592884623398544
5352,0.253180296508847,251.546466252349,2,0.0571612300593931
5353,0.255954088952654,251.593438358144,2,0.0549820990587098
5354,0.255762792922047,251.64041046394,2,0.0551229616023901
5355,0.252797704447633,251.687382569736,2,0.0574855759337831
5356,0.246676231468197,251.734354675531,2,0.0635456873967434
5357,0.242180774748924,251.781326781327,2,0.069186855656011
5358,0.241128646580583,251.828298887122,2,0.0706749044763249
5359,0.239693926351028,251.875270992918,2,0.072816076658099
5360,0.238259206121473,251.922243098714,2,0.075093254053953
5361,0.240937350549976,251.969215204509,2,0.0709528064882497
5362,0.232424677187948,252.016187310305,2,0.0859279990978978
5363,0.217790530846485,252.063159416101,2,0.128224760641359
5364,0.199521759923482,252.110131521896,2,0.231958550755197
5365,0.17819225251076,252.157103627692,2,0.46715141954437
5366,0.151315160210426,252.204075733488,1,0.825998010289595
5367,0.123481587757054,252.251047839283,1,0.976192836470591
5368,0.107986609277857,252.298019945079,1,0.9939003851284
5369,0.104543280726925,252.344992050874,1,0.995581143471109
5370,0.113821138211382,252.39196415667,1,0.989634150034074
5371,0.13428981348637,252.438936262466,1,0.944129852894779
5372,0.155523672883788,252.485908368261,1,0.780322243744076
5373,0.170923003347681,252.532880474057,1,0.57130278759636
5374,0.1818268770923,252.579852579853,2,0.4181507199502
5375,0.193304638928742,252.626824685648,2,0.286639442071606
5376,0.202965088474414,252.673796791444,2,0.206437939144217
5377,0.197417503586801,252.72076889724,2,0.249185858195436
5378,0.196556671449067,252.767741003035,2,0.256605083161114
5379,0.198278335724534,252.814713108831,2,0.241983978059048
5380,0.200382592061215,252.861685214626,2,0.225274205715544
5381,0.201052128168341,252.908657320422,2,0.220217510957627
5382,0.201243424198948,252.955629426218,2,0.218795312893036
5383,0.205738880918221,253.002601532013,2,0.188138661661654
5384,0.211764705882353,253.049573637809,2,0.154576088263897
5385,0.220181731229077,253.096545743605,2,0.119442944498598
5386,0.233572453371593,253.1435178494,2,0.0835801091971965
5387,0.245241511238642,253.190489955196,2,0.0652262498072078
5388,0.2519368723099,253.237462060992,2,0.0582373682771541
5389,0.25662362505978,253.284434166787,2,0.0544996815599797
5390,0.259110473457676,253.331406272583,2,0.0528474519486861
5391,0.257197513151602,253.378378378378,2,0.054099115421386
5392,0.25117168818747,253.425350484174,2,0.0589317987211552
5393,0.251649928263989,253.47232258997,2,0.0584948558467196
5394,0.238833094213295,253.519294695765,2,0.0741655691500913
5395,0.225920612147298,253.566266801561,2,0.101599865293847
5396,0.209947393591583,253.613238907357,2,0.16386887501653
5397,0.19273075083692,253.660211013152,2,0.29227417981594
5398,0.159827833572453,253.707183118948,1,0.727260076223512
5399,0.111238641798183,253.754155224743,1,0.991782170411096
5400,0.0840746054519369,253.801127330539,1,0.999432919463792
5401,0.077092300334768,253.848099436335,1,0.999732826979692
5402,0.0857006217120995,253.89507154213,1,0.999326836133715
5403,0.101960784313725,253.942043647926,1,0.9965455440773
5404,0.122046867527499,253.989015753722,1,0.978876855555928
5405,0.147297943567671,254.035987859517,1,0.863321464832229
5406,0.173792443806791,254.082959965313,1,0.529589832680821
5407,0.190530846484935,254.129932071109,2,0.31481357624712
5408,0.197226207556193,254.176904176904,2,0.250815687403083
5409,0.205930176948828,254.2238762827,2,0.186946806544919
5410,0.205069344811095,254.270848388495,2,0.192380025152506
5411,0.206025824964132,254.317820494291,2,0.186354174982282
5412,0.209564801530368,254.364792600087,2,0.165912671730779
5413,0.21377331420373,254.411764705882,2,0.145065473435871
5414,0.215781922525108,254.458736811678,2,0.136299492453095
5415,0.215208034433286,254.505708917474,2,0.138731233102754
5416,0.213295074127212,254.552681023269,2,0.147260318055367
5417,0.200191296030607,254.599653129065,2,0.226741725306879
5418,0.179913916786227,254.646625234861,2,0.443584853041602
5419,0.151410808225729,254.693597340656,1,0.825033583672167
5420,0.119560019129603,254.740569446452,1,0.98288838789923
5421,0.0900047824007652,254.787541552247,1,0.998947412562973
5422,0.0791009086561454,254.834513658043,1,0.999667350401482
5423,0.0896221903395505,254.881485763839,1,0.998988004372644
5424,0.106456241032999,254.928457869634,1,0.994710059484844
5425,0.135915829746533,254.97542997543,1,0.936984032392957
5426,0.155714968914395,255.022402081226,1,0.778093267104157
5427,0.179913916786227,255.069374187021,2,0.443584853041602
5428,0.198278335724534,255.116346292817,2,0.241983978059048
5429,0.21090387374462,255.163318398613,2,0.158893716005334
5430,0.219607843137255,255.210290504408,2,0.121472205610542
5431,0.225729316116691,255.257262610204,2,0.102128511097242
5432,0.228216164514586,255.304234715999,2,0.0955750290776341
5433,0.228216164514586,255.351206821795,2,0.0955750290776341
5434,0.225633668101387,255.398178927591,2,0.102394421207727
5435,0.225251076040172,255.445151033386,2,0.103468738993686
5436,0.226590148254424,255.492123139182,2,0.09978251003317
5437,0.224772835963654,255.539095244978,2,0.104835972022123
5438,0.218364418938307,255.586067350773,2,0.126037474725593
5439,0.210712577714012,255.633039456569,2,0.159873594385127
5440,0.206408417025347,255.680011562365,2,0.184005476082881
5441,0.188809182209469,255.72698366816,2,0.333491020444161
5442,0.176087996174079,255.773955773956,2,0.496682449946342
5443,0.156193208990913,255.820927879751,1,0.772465374553139
5444,0.132663797226208,255.867899985547,1,0.950574590792245
5445,0.107604017216643,255.914872091343,1,0.994112987648595
5446,0.0830224772835964,255.961844197138,1,0.999492865028861
5447,0.0672405547584888,256.008816302934,1,0.999911638211096
5448,0.0620755619320899,256.05578840873,1,0.999951547918284
5449,0.0799617407938785,256.102760514525,1,0.999634829235405
5450,0.104065040650407,256.149732620321,1,0.995776890849691
5451,0.136585365853659,256.196704726117,1,0.933825925139643
5452,0.16518412242946,256.243676831912,1,0.654235912913099
5453,0.185844093735055,256.290648937708,2,0.367753675830131
5454,0.199808703969393,256.337621043503,2,0.22970737189982
5455,0.213582018173123,256.384593149299,2,0.1459383056244
5456,0.226398852223816,256.431565255095,2,0.100296578394812
5457,0.23299856527977,256.47853736089,2,0.0847398501378989
5458,0.247728359636538,256.525509466686,2,0.0623799009080563
5459,0.259588713534194,256.572481572482,2,0.0525540485360469
5460,0.261979913916786,256.619453678277,2,0.0511989718168033
5461,0.2649450023912,256.666425784073,2,0.0497648769886643
5462,0.271066475370636,256.713397889869,2,0.0475929832618027
5463,0.274414155906265,256.760369995664,2,0.0468202122094448
5464,0.274701099952176,256.80734210146,2,0.0467669553667556
5465,0.278144428503109,256.854314207255,2,0.0462836254840537
5466,0.280726924916308,256.901286313051,2,0.0461067992379652
5467,0.283883309421329,256.948258418847,2,0.0461039632387486
5468,0.285509325681492,256.995230524642,2,0.0461939732857388
5469,0.287230989956958,257.042202630438,2,0.0463575013644816
5470,0.287422285987566,257.089174736234,2,0.0463800300062788
5471,0.281874701099952,257.136146842029,2,0.0460786808168526
5472,0.276040172166428,257.183118947825,2,0.0465449987790444
5473,0.266379722620756,257.23009105362,2,0.0491634962183654
5474,0.258727881396461,257.277063159416,2,0.0530877115981366
5475,0.246867527498804,257.324035265212,2,0.0633296158603844
5476,0.232615973218556,257.371007371007,2,0.0855287521778927
5477,0.213964610234338,257.417979476803,2,0.144199393659172
5478,0.189000478240077,257.464951582599,2,0.331371024976255
5479,0.162123385939742,257.511923688394,1,0.696749068891986
5480,0.143089430894309,257.55889579419,1,0.895821687550622
5481,0.127977044476327,257.605867899986,1,0.965689594808898
5482,0.12051649928264,257.652840005781,1,0.981435579725386
5483,0.122429459588714,257.699812111577,1,0.978189221250108
5484,0.140219990435198,257.746784217372,1,0.914306847784823
5485,0.161262553802009,257.793756323168,1,0.70834764309029
5486,0.177809660449546,257.840728428964,2,0.472465800305349
5487,0.190626494500239,257.887700534759,2,0.313802596974836
5488,0.199234815877571,257.934672640555,2,0.234232976133039
5489,0.205930176948828,257.981644746351,2,0.186946806544919
5490,0.214825442372071,258.028616852146,2,0.140384338436235
5491,0.219703491152559,258.075588957942,2,0.121130643120938
5492,0.223720707795313,258.122561063738,2,0.107941549607463
5493,0.227833572453372,258.169533169533,2,0.0965394301369217
5494,0.22725968436155,258.216505275329,2,0.0980152956847889
5495,0.223912003825921,258.263477381124,2,0.107366729936805
5496,0.224103299856528,258.31044948692,2,0.106796470498663
5497,0.221999043519847,258.357421592716,2,0.113326022633279
5498,0.213295074127212,258.404393698511,2,0.147260318055367
5499,0.208417025346724,258.451365804307,2,0.172233486759468
5500,0.212912482065997,258.498337910103,2,0.149047077073794
5501,0.21922525107604,258.545310015898,2,0.122852033294884
5502,0.225155428024868,258.592282121694,2,0.103740008486281
5503,0.237780966044955,258.63925422749,2,0.0758838851845063
5504,0.2493543758967,258.686226333285,2,0.0606837404584178
5505,0.257197513151602,258.733198439081,2,0.054099115421386
5506,0.264562410329986,258.780170544876,2,0.049935232692275
5507,0.270875179340029,258.827142650672,2,0.0476457138898245
5508,0.27039693926351,258.874114756468,2,0.0477816763111917
5509,0.268197034911526,258.921086862263,2,0.048484444127015
5510,0.266571018651363,258.968058968059,2,0.0490877144300291
5511,0.263988522238164,259.015031073855,2,0.0501987957334066
5512,0.259684361549498,259.06200317965,2,0.0524962823701872
5513,0.258058345289335,259.108975285446,2,0.0535201834417804
5514,0.252702056432329,259.155947391242,2,0.0575675951946417
5515,0.246676231468197,259.202919497037,2,0.0635456873967434
5516,0.243711142993783,259.249891602833,2,0.0671402633560487
5517,0.239406982305117,259.296863708628,2,0.0732603866916782
5518,0.232902917264467,259.343835814424,2,0.0849358843816846
5519,0.222381635581062,259.39080792022,2,0.112095959851981
5520,0.214634146341463,259.437780026015,2,0.141220611988837
5521,0.204112864658058,259.484752131811,2,0.198630992200354
5522,0.201052128168341,259.531724237607,2,0.220217510957627
5523,0.200956480153037,259.578696343402,2,0.220932355638629
5524,0.20726924916308,259.625668449198,2,0.178846881182402
5525,0.218077474892396,259.672640554994,2,0.12712465719475
5526,0.228598756575801,259.719612660789,2,0.0946259551072973
5527,0.234050693448111,259.766584766585,2,0.0826348891975609
5528,0.235198469631755,259.81355687238,2,0.0804428203300042
5529,0.232902917264467,259.860528978176,2,0.0849358843816846
5530,0.236059301769488,259.907501083972,2,0.0788672885086378
5531,0.23921568627451,259.954473189767,2,0.0735596451323948
5532,0.24026781444285,260.001445295563,2,0.0719437117221393
5533,0.239024390243902,260.048417401359,2,0.0738613664280087
5534,0.237972262075562,260.095389507154,2,0.0755656952747967
5535,0.238641798182688,260.14236161295,2,0.074472272033961
5536,0.23921568627451,260.189333718746,2,0.0735596451323948
5537,0.229555236728838,260.236305824541,2,0.0923187849337863
5538,0.223912003825921,260.283277930337,2,0.107366729936805
5539,0.206312769010043,260.330250036132,2,0.184589389230193
5540,0.177331420373027,260.377222141928,2,0.479144876023969
5541,0.149306551889048,260.424194247724,1,0.845438375540459
5542,0.130846484935438,260.471166353519,1,0.957010664465473
5543,0.122620755619321,260.518138459315,1,0.977837879552138
5544,0.119560019129603,260.565110565111,1,0.98288838789923
5545,0.114681970349115,260.612082670906,1,0.988810030250242
5546,0.118316594930655,260.659054776702,1,0.984622132040259
5547,0.12778574844572,260.706026882497,1,0.966208999903036
5548,0.139646102343376,260.752998988293,1,0.917667753735358
5549,0.151028216164515,260.799971094089,1,0.828870269483351
5550,0.156767097082736,260.846943199884,1,0.765608966691559
5551,0.160975609756098,260.89391530568,1,0.712173368629073
5552,0.163653754184601,260.940887411476,1,0.675717963864709
5553,0.164323290291726,260.987859517271,1,0.666369646693833
5554,0.166427546628407,261.034831623067,1,0.636514231073422
5555,0.172070779531325,261.081803728863,1,0.554574746060352
5556,0.179340028694405,261.128775834658,2,0.451373922705444
5557,0.190722142515543,261.175747940454,2,0.312794433213807
5558,0.2,261.222720046249,2,0.228219433511509
5559,0.205164992826399,261.269692152045,2,0.191767411980519
5560,0.205834528933525,261.316664257841,2,0.187541633355616
5561,0.205738880918221,261.363636363636,2,0.188138661661654
5562,0.205069344811095,261.410608469432,2,0.192380025152506
5563,0.203347680535629,261.457580575228,2,0.203797977553386
5564,0.198565279770445,261.504552681023,2,0.239631116491426
5565,0.19531324725012,261.551524786819,2,0.267711095832487
5566,0.195791487326638,261.598496892615,2,0.263384702856605
5567,0.200765184122429,261.64546899841,2,0.222369563648248
5568,0.205643232902917,261.692441104206,2,0.188737897704548
5569,0.209469153515065,261.739413210001,2,0.166428496429591
5570,0.213677666188427,261.786385315797,2,0.145501042530622
5571,0.219416547106648,261.833357421593,2,0.122159393737072
5572,0.223338115734099,261.880329527388,2,0.109105010622603
5573,0.226207556193209,261.927301633184,2,0.100814771506065
5574,0.228981348637016,261.97427373898,2,0.0936919720155812
5575,0.232137733142037,262.021245844775,2,0.0865329343028455
5576,0.234624581539933,262.068217950571,2,0.0815255516610437
5577,0.237494021999044,262.115190056367,2,0.0763660628343328
5578,0.23739837398374,262.162162162162,2,0.0765281033849866
5579,0.24026781444285,262.209134267958,2,0.0719437117221393
5580,0.242754662840746,262.256106373753,2,0.0684033545887683
5581,0.243232902917264,262.303078479549,2,0.0677652191241971
5582,0.243998087039694,262.350050585345,2,0.0667715174683681
5583,0.240459110473458,262.39702269114,2,0.0716576742257164
5584,0.233189861310378,262.443994796936,2,0.0843501458329279
5585,0.22285987565758,262.490966902732,2,0.110585620057994
5586,0.20545193687231,262.537939008527,2,0.189943017936217
5587,0.182496413199426,262.584911114323,2,0.409455242844424
5588,0.1662362505978,262.631883220119,1,0.63925391891408
5589,0.15973218555715,262.678855325914,1,0.72850104857543
5590,0.163079866092779,262.72582743171,1,0.68366233536016
5591,0.172357723577236,262.772799537505,1,0.550399031381267
5592,0.180392156862745,262.819771643301,2,0.437147998994312
5593,0.195791487326638,262.866743749097,2,0.263384702856605
5594,0.201243424198948,262.913715854892,2,0.218795312893036
5595,0.203825920612147,262.960687960688,2,0.200551100364525
5596,0.201243424198948,263.007660066484,2,0.218795312893036
5597,0.19636537541846,263.054632172279,2,0.258283606440963
5598,0.187661406025825,263.101604278075,2,0.34644352068439
5599,0.173027259684362,263.148576383871,1,0.540671531813556
5600,0.159636537541846,263.195548489666,1,0.729739437082596
5601,0.139646102343376,263.242520595462,1,0.917667753735358
5602,0.137159253945481,263.289492701257,1,0.931014805223835
5603,0.1324725011956,263.336464807053,1,0.951289077624811
5604,0.128646580583453,263.383436912849,1,0.963815750218228
5605,0.125777140124342,263.430409018644,1,0.971256564319695
5606,0.123768531802965,263.47738112444,1,0.975620547410408
5607,0.12051649928264,263.524353230236,1,0.981435579725386
5608,0.117360114777618,263.571325336031,1,0.985844870400962
5609,0.13065518890483,263.618297441827,1,0.957643795756112
5610,0.142324246771879,263.665269547623,1,0.901031807463064
5611,0.156480153036824,263.712241653418,1,0.769051065898172
5612,0.166427546628407,263.759213759214,1,0.636514231073422
5613,0.171879483500717,263.806185865009,1,0.557360350144909
5614,0.16987087517934,263.853157970805,1,0.586645940198495
5615,0.160114777618364,263.900130076601,1,0.72352183155375
5616,0.150071736011478,263.947102182396,1,0.838215929208713
5617,0.128933524629364,263.994074288192,1,0.962985468184308
5618,0.121951219512195,264.041046393988,1,0.979045673580848
5619,0.099091343854615,264.088018499783,1,0.99738392180877
5620,0.0882831181252989,264.134990605579,1,0.999118691994534
5621,0.0896221903395504,264.181962711375,1,0.998988004372644
5622,0.0779531324725012,264.22893481717,1,0.999706434109672
5623,0.0607364897178384,264.275906922966,1,0.999958633762282
5624,0.0549019607843137,264.322879028761,1,0.999979460263445
5625,0.0456241032998565,264.369851134557,1,0.999993501346499
5626,0.0431372549019608,264.416823240353,1,0.999995263388743
5627,0.0400765184122429,264.463795346148,1,0.999996805198997
5628,0.0383548541367767,264.510767451944,1,0.99999744561004
5629,0.0321377331420373,264.55773955774,1,0.999998876131565
5630,0.0271640363462458,264.604711663535,1,0.999999425885797
5631,0.0233381157340985,264.651683769331,1,0.999999660614548
5632,0.0224772835963654,264.698655875127,1,0.999999698799039
5633,0.0172166427546628,264.745627980922,1,0.999999856008061
5634,0.0167384026781444,264.792600086718,1,0.999999865450637
5635,0.0130081300813008,264.839572192513,1,0.999999921059707
5636,0.0106169296987088,264.886544298309,1,0.999999944133767
5637,0.0122429459588714,264.933516404105,1,0.999999929303919
5638,0.013868962219034,264.9804885099,1,0.999999910663772
5639,0.0158775705404113,265.027460615696,1,0.999999880950904
5640,0.0190339550454328,265.074432721492,1,0.99999981388179
5641,0.0109995217599235,265.121404827287,1,0.999999940944212
5642,0.0124342419894787,265.168376933083,1,0.999999927325186
5643,0.00908656145384983,265.215349038878,1,0.999999955294876
5644,0.00746054519368723,265.262321144674,1,0.999999964769396
5645,0.0118603538976566,265.30929325047,1,0.999999933105151
5646,0.0143472022955524,265.356265356265,1,0.999999904324075
5647,0.0221903395504543,265.403237462061,1,0.999999710572912
5648,0.034337637494022,265.450209567857,1,0.999998493695794
5649,0.0495456719273075,265.497181673652,1,0.999989370679362
5650,0.0640841702534672,265.544153779448,1,0.999938690082714
5651,0.0866571018651363,265.591125885244,1,0.999255885347897
5652,0.112482065997131,265.638097991039,1,0.990805414486197
5653,0.13974175035868,265.685070096835,1,0.917115128549208
5654,0.164610234337637,265.73204220263,1,0.66233868915758
5655,0.179435676709708,265.779014308426,2,0.450070957788461
5656,0.184026781444285,265.825986414222,2,0.390013089041264
5657,0.185748445719751,265.872958520017,2,0.368901955164474
5658,0.181539933046389,265.919930625813,2,0.421911207346597
5659,0.173027259684362,265.966902731609,1,0.540671531813556
5660,0.161836441893831,266.013874837404,1,0.700634955453415
5661,0.146628407460545,266.0608469432,1,0.868937729708041
5662,0.131802965088474,266.107819048996,1,0.953720133034595
5663,0.119081779053085,266.154791154791,1,0.983575269284398
5664,0.111621233859397,266.201763260587,1,0.991492385371894
5665,0.0997608799617408,266.248735366382,1,0.997207455431927
5666,0.0800573888091822,266.295707472178,1,0.999631034037165
5667,0.0637972262075562,266.342679577974,1,0.999940709443043
5668,0.0496413199426112,266.389651683769,1,0.999989243458352
5669,0.0309899569583931,266.436623789565,1,0.999999036380085
5670,0.0131037780966045,266.483595895361,1,0.999999919965524
5671,0.0076518412242946,266.530568001156,1,0.999999963765604
5672,0.00822572931611669,266.577540106952,1,0.999999960583971
5673,0.0038259206121473,266.624512212748,1,0.999999979417957
5674,0.0038259206121473,266.671484318543,1,0.999999979417957
5675,0.00353897656623625,266.718456424339,1,0.999999980278993
5676,0.00334768053562889,266.765428530134,1,0.99999998083338
5677,0.00363462458153993,266.81240063593,1,0.999999979995962
5678,0.00363462458153993,266.859372741726,1,0.999999979995962
5679,0.00439980870396939,266.906344847521,1,0.999999977584421
5680,0.00506934481109517,266.953316953317,1,0.999999975243359
5681,0.00554758488761358,267.000289059113,1,0.999999973426817
5682,0.00506934481109517,267.047261164908,1,0.999999975243359
5683,0.00497369679579149,267.094233270704,1,0.999999975591843
5684,0.00593017694882831,267.141205376499,1,0.99999997188055
5685,0.00659971305595409,267.188177482295,1,0.999999968960782
5686,0.00679100908656145,267.235149588091,1,0.999999968073602
5687,0.00889526542324247,267.282121693886,1,0.999999956526954
5688,0.010234337637494,267.329093799682,1,0.999999947155192
5689,0.0171209947393592,267.376065905478,1,0.999999857946767
5690,0.03012912482066,267.423038011273,1,0.999999141781614
5691,0.0589191774270684,267.470010117069,1,0.999966673515967
5692,0.0963175514108082,267.516982222865,1,0.998009104013694
5693,0.127211860353898,267.56395432866,1,0.96772573855355
5694,0.151315160210426,267.610926434456,1,0.825998010289595
5695,0.173218555714969,267.657898540251,1,0.537897151689413
5696,0.189956958393113,267.704870646047,2,0.320938514052059
5697,0.200286944045911,267.751842751843,2,0.226006694552113
5698,0.209660449545672,267.798814857638,2,0.16539880349061
5699,0.217694882831181,267.845786963434,2,0.128594357931245
5700,0.218842659014825,267.89275906923,2,0.124253830505517
5701,0.21740793878527,267.939731175025,2,0.12971191316564
5702,0.218268770923003,267.986703280821,2,0.126398442043333
5703,0.221329507412721,268.033675386617,2,0.115526198690166
5704,0.223433763749402,268.080647492412,2,0.108812406579399
5705,0.225155428024868,268.127619598208,2,0.103740008486281
5706,0.227833572453372,268.174591704003,2,0.0965394301369217
5707,0.233859397417504,268.221563809799,2,0.0830106878255444
5708,0.241702534672406,268.268535915595,2,0.0698548465855223
5709,0.247632711621234,268.31550802139,2,0.0624836190044236
5710,0.249163079866093,268.362480127186,2,0.0608768341649321
5711,0.249832615973219,268.409452232982,2,0.0602083513471411
5712,0.251554280248685,268.456424338777,2,0.058581461352123
5713,0.246197991391679,268.503396444573,2,0.0640940084943337
5714,0.243998087039694,268.550368550369,2,0.0667715174683681
5715,0.243615494978479,268.597340656164,2,0.0672642115721443
5716,0.242372070779531,268.64431276196,2,0.0689235148679749
5717,0.240363462458154,268.691284867755,2,0.071800398625095
5718,0.243328550932568,268.738256973551,2,0.0676391812463931
5719,0.249067431850789,268.785229079347,2,0.0609740162779237
5720,0.250884744141559,268.832201185142,2,0.0591986988062397
5721,0.246293639406982,268.879173290938,2,0.0639834071930815
5722,0.242754662840746,268.926145396734,2,0.0684033545887683
5723,0.239885222381636,268.973117502529,2,0.0725228951682818
5724,0.238546150167384,269.020089608325,2,0.0746265669364097
5725,0.237302725968436,269.067061714121,2,0.0766908054360287
5726,0.236154949784792,269.114033819916,2,0.0786957539724584
5727,0.236824485891918,269.161005925712,2,0.077514326648379
5728,0.238259206121473,269.207978031507,2,0.075093254053953
5729,0.241702534672406,269.254950137303,2,0.0698548465855223
5730,0.239406982305117,269.301922243099,2,0.0732603866916782
5731,0.237589670014347,269.348894348894,2,0.076204681278645
5732,0.238737446197991,269.39586645469,2,0.0743186068944177
5733,0.240076518412243,269.442838560486,2,0.0722321128058962
5734,0.24103299856528,269.489810666281,2,0.070813568686614
5735,0.238641798182688,269.536782772077,2,0.074472272033961
5736,0.236728837876614,269.583754877873,2,0.0776810509257684
5737,0.231850789096126,269.630726983668,2,0.0871452228299811
5738,0.230607364897178,269.677699089464,2,0.0898855625297569
5739,0.229937828790053,269.724671195259,2,0.0914215192115106
5740,0.229459588713534,269.771643301055,2,0.0925453606829504
5741,0.230033476805356,269.818615406851,2,0.091199444621319
5742,0.231850789096126,269.865587512646,2,0.0871452228299811
5743,0.233285509325681,269.912559618442,2,0.0841564696990267
5744,0.234720229555237,269.959531724238,2,0.0813432653412897
5745,0.227546628407461,270.006503830033,2,0.0972729334789851
5746,0.226877092300335,270.053475935829,2,0.0990190718240609
5747,0.226303204208513,270.100448041625,2,0.100555157357948
5748,0.223529411764706,270.14742014742,2,0.108520964693987
5749,0.217790530846485,270.194392253216,2,0.128224760641359
5750,0.208608321377331,270.241364359011,2,0.171159993128307
5751,0.199234815877571,270.288336464807,2,0.234232976133039
5752,0.192252510760402,270.335308570603,2,0.297047184826059
5753,0.190339550454328,270.382280676398,2,0.316843977175294
5754,0.181731229076997,270.429252782194,2,0.419401990984293
5755,0.170827355332377,270.47622488799,1,0.572697782724426
5756,0.154949784791966,270.523196993785,1,0.786932024726677
5757,0.135724533715925,270.570169099581,1,0.937862771099275
5758,0.115255858440937,270.617141205377,1,0.988227519662355
5759,0.089143950263032,270.664113311172,1,0.999036657950296
5760,0.0655188904830225,270.711085416968,1,0.999927561471929
5761,0.0533715925394548,270.758057522763,1,0.99998295743945
5762,0.0427546628407461,270.805029628559,1,0.99999548966625
5763,0.0450502152080344,270.852001734355,1,0.999993956989414
5764,0.0485891917742707,270.89897384015,1,0.999990565538148
5765,0.0423720707795313,270.945945945946,1,0.999995705470046
5766,0.0495456719273075,270.992918051742,1,0.999989370679362
5767,0.0684839789574366,271.039890157537,1,0.999898103369761
5768,0.0790052606408417,271.086862263333,1,0.999670788262892
5769,0.102439024390244,271.133834369129,1,0.996383357971874
5770,0.116307986609278,271.180806474924,1,0.987086562698584
5771,0.130942132950741,271.22777858072,1,0.956691022647261
5772,0.136202773792444,271.274750686515,1,0.935646379275183
5773,0.134768053562889,271.321722792311,1,0.942103209697125
5774,0.139263510282162,271.368694898107,1,0.919848459421949
5775,0.151219512195122,271.415667003902,1,0.826958935560665
5776,0.162888570062171,271.462639109698,1,0.686295530019854
5777,0.17168818747011,271.509611215494,1,0.560147169351271
5778,0.18364418938307,271.556583321289,2,0.394815523952141
5779,0.194069823051172,271.603555427085,2,0.279283601161977
5780,0.197800095648015,271.650527532881,2,0.245958369491428
5781,0.203252032520325,271.697499638676,2,0.204454411704131
5782,0.209756097560976,271.744471744472,2,0.164886885456186
5783,0.210999521759923,271.791443850267,2,0.15840658402526
5784,0.208034433285509,271.838415956063,2,0.174404905746527
5785,0.211573409851746,271.885388061859,2,0.1555227048407
5786,0.20908656145385,271.932360167654,2,0.16851148502107
5787,0.204495456719273,271.97933227345,2,0.196103196300337
5788,0.187087517934003,272.026304379246,2,0.353067921678503
5789,0.173888091822095,272.073276485041,1,0.528207823313619
5790,0.142515542802487,272.120248590837,1,0.899748797755971
5791,0.0790052606408417,272.167220696633,1,0.999670788262892
5792,0.0351028216164515,272.214192802428,1,0.999998333167813
5793,0.0111908177905308,272.261164908224,1,0.999999939283565
5794,0.00813008130081301,272.308137014019,1,0.999999961132536
5795,0.00717360114777618,272.355109119815,1,0.999999966224424
5796,0.0113821138211382,272.402081225611,1,0.999999937577441
5797,0.0191296030607365,272.449053331406,1,0.999999811360143
5798,0.0316594930655189,272.496025437202,1,0.999998945818823
5799,0.0490674318507891,272.542997542998,1,0.999989985301687
5800,0.0630320420851267,272.589969648793,1,0.999945786834821
5801,0.08493543758967,272.636941754589,1,0.99937891559636
5802,0.0961262553802009,272.683913860384,1,0.998046556678776
5803,0.112673362027738,272.73088596618,1,0.990645941479506
5804,0.127498804399809,272.777858071976,1,0.966975075795661
5805,0.143089430894309,272.824830177771,1,0.895821687550622
5806,0.166427546628407,272.871802283567,1,0.636514231073422
5807,0.194165471066475,272.918774389363,2,0.278376711330412
5808,0.212051649928264,272.965746495158,2,0.153169754372832
5809,0.228790052606408,273.012718600954,2,0.094157091823509
5810,0.237780966044955,273.05969070675,2,0.0758838851845063
5811,0.246580583452893,273.106662812545,2,0.0636544178150846
5812,0.250406504065041,273.153634918341,2,0.0596515357947792
5813,0.2493543758967,273.200607024136,2,0.0606837404584178
5814,0.2493543758967,273.247579129932,2,0.0606837404584178
5815,0.249736967957915,273.294551235728,2,0.0603025953503316
5816,0.249450023912004,273.341523341523,2,0.0605878260136977
5817,0.250310856049737,273.388495447319,2,0.059743315648031
5818,0.250597800095648,273.435467553115,2,0.0594691925492386
5819,0.249258727881396,273.48243965891,2,0.0607800760347756
5820,0.250789096126255,273.529411764706,2,0.0592884623398544
5821,0.257197513151602,273.576383870502,2,0.054099115421386
5822,0.26571018651363,273.623355976297,2,0.0494368442267531
5823,0.268675274988044,273.670328082093,2,0.0483207198223032
5824,0.268388330942133,273.717300187888,2,0.0484182154927108
5825,0.275944524151124,273.764272293684,2,0.0465594086919742
5826,0.270109995217599,273.81124439948,2,0.0478661045251455
5827,0.262936394069823,273.858216505275,2,0.0507074214495966
5828,0.257484457197513,273.905188611071,2,0.0539032408616556
5829,0.249641319942611,273.952160716867,2,0.0603972548647453
5830,0.235868005738881,273.999132822662,2,0.0792124534496473
5831,0.21740793878527,274.046104928458,2,0.12971191316564
5832,0.203347680535629,274.093077034254,2,0.203797977553386
5833,0.191391678622669,274.140049140049,2,0.30581618630145
5834,0.191582974653276,274.187021245845,2,0.303847777519099
5835,0.191869918699187,274.23399335164,2,0.300916317637856
5836,0.19818268770923,274.280965457436,2,0.242773548875681
5837,0.209182209469154,274.327937563232,2,0.167987771872569
5838,0.21999043519847,274.374909669027,2,0.120114021283392
5839,0.232520325203252,274.421881774823,2,0.0857279733994179
5840,0.246771879483501,274.468853880619,2,0.0634374206176166
5841,0.255475848876136,274.515825986414,2,0.055336809648849
5842,0.26312769010043,274.56279809221,2,0.0506124680854629
5843,0.271257771401243,274.609770198005,2,0.0475411936650047
5844,0.27661406025825,274.656742303801,2,0.0464631772208524
5845,0.281492109038737,274.703714409597,2,0.046084612592988
5846,0.285413677666188,274.750686515392,2,0.0461869507396305
5847,0.285891917742707,274.797658621188,2,0.0462242292146546
5848,0.283500717360115,274.844630726984,2,0.0460918368030747
5849,0.275753228120517,274.891602832779,2,0.0465888927861447
5850,0.271257771401243,274.938574938575,2,0.0475411936650047
5851,0.258058345289335,274.985547044371,2,0.0535201834417804
5852,0.239311334289813,275.032519150166,2,0.0734097092095325
5853,0.218460066953611,275.079491255962,2,0.125677927219983
5854,0.19167862266858,275.126463361757,2,0.302867803792248
5855,0.156575801052128,275.173435467553,1,0.767906771112059
5856,0.127307508369201,275.220407573349,1,0.967477214660399
5857,0.08857006217121,275.267379679144,1,0.999092113774158
5858,0.0646580583452893,275.31435178494,1,0.999934451356202
5859,0.0441893830703013,275.361323890736,1,0.999994583048377
5860,0.0433285509325681,275.408295996531,1,0.99999514617033
5861,0.052415112386418,275.455268102327,1,0.999984843596732
5862,0.0692491630798661,275.502240208123,1,0.999888808788645
5863,0.0980392156862745,275.549212313918,1,0.997640161644445
5864,0.126351028216165,275.596184419714,1,0.969887747669692
5865,0.158488761358202,275.643156525509,1,0.744392395785685
5866,0.179053084648494,275.690128631305,2,0.455294025147025
5867,0.203060736489718,275.737100737101,2,0.205774386554918
5868,0.221329507412721,275.784072842896,2,0.115526198690166
5869,0.234241989478718,275.831044948692,2,0.0822621157341027
5870,0.246580583452893,275.878017054488,2,0.0636544178150846
5871,0.257293161166906,275.924989160283,2,0.0540334995346312
5872,0.263318986131038,275.971961266079,2,0.0505186211735397
5873,0.272405547584888,276.018933371875,2,0.0472500646319608
5874,0.270683883309421,276.06590547767,2,0.0476993884001978
5875,0.269631755141081,276.112877583466,2,0.0480116025165717
5876,0.267910090865615,276.159849689261,2,0.0485856433800487
5877,0.267910090865615,276.206821795057,2,0.0485856433800487
5878,0.264849354375897,276.253793900853,2,0.0498070671127522
5879,0.257388809182209,276.300766006648,2,0.0539682083241353
5880,0.248493543758967,276.347738112444,2,0.0615660934943698
5881,0.239024390243902,276.39471021824,2,0.0738613664280087
5882,0.237207077953132,276.441682324035,2,0.0768541715037314
5883,0.231181252989,276.488654429831,2,0.088602976971254
5884,0.21922525107604,276.535626535627,2,0.122852033294884
5885,0.205834528933525,276.582598641422,2,0.187541633355616
5886,0.186896221903395,276.629570747218,2,0.355297772734657
5887,0.147776183644189,276.676542853013,1,0.859204634644405
5888,0.107030129124821,276.723514958809,1,0.994418969941739
5889,0.0700143472022955,276.770487064605,1,0.999878704455472
5890,0.0395026303204209,276.8174591704,1,0.999997034248728
5891,0.0126255380200861,276.864431276196,1,0.999999925292531
5892,0.00401721664275466,276.911403381992,1,0.999999978823665
5893,0.00602582496413199,276.958375487787,1,0.999999971480472
5894,0.00650406504065041,277.005347593583,1,0.999999969395309
5895,0.00669536107125777,277.052319699379,1,0.99999996852024
5896,0.00889526542324247,277.099291805174,1,0.999999956526954
5897,0.00526064084170253,277.14626391097,1,0.999999974531766
5898,0.00554758488761358,277.193236016765,1,0.999999973426817
5899,0.0105212816834051,277.240208122561,1,0.999999944904541
5900,0.018077474892396,277.287180228357,1,0.999999837360449
5901,0.0225729316116691,277.334152334152,1,0.99999969477191
5902,0.0268770923003348,277.381124439948,1,0.999999447931123
5903,0.0409373505499761,277.428096545744,1,0.999996429211766
5904,0.05844093735055,277.475068651539,1,0.999968525206451
5905,0.121090387374462,277.522040757335,1,0.980510986586834
5906,0.151793400286944,277.569012863131,1,0.821140932889706
5907,0.182687709230033,277.615984968926,2,0.406991555687679
5908,0.204399808703969,277.662957074722,2,0.196731697675067
5909,0.225155428024868,277.709929180517,2,0.103740008486281
5910,0.239885222381636,277.756901286313,2,0.0725228951682818
5911,0.244476327116212,277.803873392109,2,0.0661671591602348
5912,0.243711142993783,277.850845497904,2,0.0671402633560487
5913,0.240459110473458,277.8978176037,2,0.0716576742257163
5914,0.233668101386896,277.944789709496,2,0.0833895350204733
5915,0.229842180774749,277.991761815291,2,0.0916444870559196
5916,0.223146819703491,278.038733921087,2,0.109693723062723
5917,0.212625538020086,278.085706026883,2,0.150405412092136
5918,0.201052128168341,278.132678132678,2,0.220217510957627
5919,0.182496413199426,278.179650238474,2,0.409455242844424
5920,0.158488761358202,278.226622344269,1,0.744392395785685
5921,0.148445719751315,278.273594450065,1,0.853293152881013
5922,0.137637494021999,278.320566555861,1,0.928597072308824
5923,0.130463892874223,278.367538661656,1,0.958268791245461
5924,0.135533237685318,278.414510767452,1,0.938731182209893
5925,0.14988043998087,278.461482873248,1,0.84004274518853
5926,0.16260162601626,278.508454979043,1,0.690230730206858
5927,0.169296987087518,278.555427084839,1,0.595006630292292
5928,0.170444763271162,278.602399190635,1,0.578277923479744
5929,0.172835963653754,278.64937129643,1,0.543448245610436
5930,0.157245337159254,278.696343402226,1,0.759811291164405
5931,0.138976566236251,278.743315508021,1,0.921452966605848
5932,0.124533715925395,278.790287613817,1,0.974033539675774
5933,0.115351506456241,278.837259719613,1,0.988127763754768
5934,0.116212338593974,278.884231825408,1,0.987194335784831
5935,0.131133428981349,278.931203931204,1,0.956045536023123
5936,0.148254423720708,278.978176037,1,0.854999787135868
5937,0.170540411286466,279.025148142795,1,0.576882912775287
5938,0.179244380679101,279.072120248591,2,0.452678766105258
5939,0.188713534194165,279.119092354387,2,0.334555188157945
5940,0.19349593495935,279.166064460182,2,0.284783669530052
5941,0.195887135341942,279.213036565978,2,0.262527674514148
5942,0.197608799617408,279.260008671773,2,0.247566763283998
5943,0.196652319464371,279.306980777569,2,0.255769901066876
5944,0.19349593495935,279.353952883365,2,0.284783669530052
5945,0.198087039693926,279.40092498916,2,0.243565769010002
5946,0.201147776183644,279.447897094956,2,0.219505165207855
5947,0.205834528933525,279.494869200752,2,0.187541633355616
5948,0.212338593974175,279.541841306547,2,0.15177958354754
5949,0.217312290769967,279.588813412343,2,0.130087370637226
5950,0.218077474892396,279.635785518139,2,0.12712465719475
5951,0.211669057867049,279.682757623934,2,0.155048486418742
5952,0.203921568627451,279.72972972973,2,0.199908741551435
5953,0.19091343854615,279.776701835525,2,0.310786555798664
5954,0.176661884265901,279.823673941321,2,0.488558899017886
5955,0.156001912960306,279.870646047117,1,0.774725982188094
5956,0.140602582496413,279.917618152912,1,0.912005492265751
5957,0.137733142037303,279.964590258708,1,0.928105208423196
5958,0.146437111429938,280.011562364504,1,0.870510938481684
5959,0.160879961740794,280.058534470299,1,0.713443944318182
5960,0.170157819225251,280.105506576095,1,0.582462517036711
5961,0.178574844571975,280.15247868189,2,0.461863926254482
5962,0.183357245337159,280.199450787686,2,0.398443084130998
5963,0.18259206121473,280.246422893482,2,0.408222232191221
5964,0.175035868005739,280.293394999277,1,0.511691309760368
5965,0.166905786704926,280.340367105073,1,0.629646418027679
5966,0.159349593495935,280.387339210869,1,0.733438926931805
5967,0.1480631276901,280.434311316664,1,0.856692303654408
5968,0.135628885700622,280.48128342246,1,0.938298262429671
5969,0.112290769966523,280.528255528256,1,0.990962368675132
5970,0.0973696795791487,280.575227634051,1,0.997790703569444
5971,0.0852223816355811,280.622199739847,1,0.999359851743756
5972,0.0814921090387375,280.669171845642,1,0.99956939011841
5973,0.0804399808703969,280.716143951438,1,0.99961547363853
5974,0.0784313725490196,280.763116057234,1,0.999690714006055
5975,0.0724055475848876,280.810088163029,1,0.99984114119834
5976,0.0659971305595409,280.857060268825,1,0.999923438653931
5977,0.0487804878048781,280.904032374621,1,0.999990337448978
5978,0.0373983739837398,280.951004480416,1,0.999997745688147
5979,0.0278335724533716,280.997976586212,1,0.999999371069924
5980,0.0268770923003348,281.044948692008,1,0.999999447931123
5981,0.0286944045911047,281.091920797803,1,0.999999293082075
5982,0.0269727403156385,281.138892903599,1,0.999999440675646
5983,0.0213295074127212,281.185865009394,1,0.999999743272157
5984,0.0178861788617886,281.23283711519,1,0.999999841697364
5985,0.0153036824485892,281.279809220986,1,0.999999890303311
5986,0.0143472022955524,281.326781326781,1,0.999999904324075
5987,0.013868962219034,281.373753432577,1,0.999999910663772
5988,0.0158775705404113,281.420725538373,1,0.999999880950904
5989,0.0214251554280249,281.467697644168,1,0.99999973982438
5990,0.0337637494021999,281.514669749964,1,0.999998604148855
5991,0.0513629842180775,281.56164185576,1,0.999986685703345
5992,0.0651362984218078,281.608613961555,1,0.999930705403047
5993,0.0791009086561454,281.655586067351,1,0.999667350401482
5994,0.0887613582018173,281.702558173146,1,0.999073974168437
5995,0.101673840267814,281.749530278942,1,0.996639551783317
5996,0.112099473935916,281.796502384738,1,0.991116839825764
5997,0.123290291726447,281.843474490533,1,0.976567618686179
5998,0.138307030129125,281.890446596329,1,0.925094966218253
5999,0.156384505021521,281.937418702125,1,0.770192272735703
6000,0.169966523194644,281.98439080792,1,0.585251636604726
6001,0.178096604495457,282.031362913716,2,0.468477537269673
6002,0.181922525107604,282.078335019512,2,0.416901690050949
6003,0.183070301291248,282.125307125307,2,0.402092409350974
6004,0.180870396939264,282.172279231103,2,0.430762215979661
6005,0.178574844571975,282.219251336898,2,0.461863926254482
6006,0.174748923959828,282.266223442694,1,0.515807760689279
6007,0.167575322812052,282.31319554849,1,0.619991620903192
6008,0.160975609756098,282.360167654285,1,0.712173368629073
6009,0.149689143950263,282.407139760081,1,0.841855429036227
6010,0.152654232424677,282.454111865877,1,0.812179150098971
6011,0.154471544715447,282.501083971672,1,0.792350602470509
6012,0.158297465327594,282.548056077468,1,0.746796131497632
6013,0.166044954567193,282.595028183263,1,0.641989066860091
6014,0.172835963653754,282.642000289059,1,0.543448245610436
6015,0.178861788617886,282.688972394855,2,0.45791660718096
6016,0.1844093735055,282.73594450065,2,0.385250412569117
6017,0.190148254423721,282.782916606446,2,0.318885626725258
6018,0.196461023433764,282.829888712242,2,0.257442983745493
6019,0.201530368244859,282.876860818037,2,0.21668066121376
6020,0.203825920612147,282.923832923833,2,0.200551100364525
6021,0.208225729316117,282.970805029629,2,0.17331510751315
6022,0.213868962219034,283.017777135424,2,0.144631592441261
6023,0.218842659014825,283.06474924122,2,0.124253830505517
6024,0.224868483978957,283.111721347015,2,0.104560339884721
6025,0.228024868483979,283.158693452811,2,0.0960552988162961
6026,0.2337637494022,283.205665558607,2,0.0831997288818703
6027,0.238163558106169,283.252637664402,2,0.0752500918930015
6028,0.238259206121473,283.299609770198,2,0.075093254053953
6029,0.238928742228599,283.346581875994,2,0.0740131564436353
6030,0.240076518412243,283.393553981789,2,0.0722321128058962
6031,0.234911525585844,283.440526087585,2,0.0809808984531543
6032,0.226303204208513,283.487498193381,2,0.100555157357948
6033,0.214729794356767,283.534470299176,2,0.140801660338617
6034,0.212816834050693,283.581442404972,2,0.149498105834305
6035,0.210521281683405,283.628414510767,2,0.160860999873065
6036,0.209564801530368,283.675386616563,2,0.165912671730779
6037,0.209564801530368,283.722358722359,2,0.165912671730779
6038,0.21090387374462,283.769330828154,2,0.158893716005334
6039,0.211382113821138,283.81630293395,2,0.156476626956684
6040,0.212434241989479,283.863275039746,2,0.15131975675006
6041,0.208799617407939,283.910247145541,2,0.1700945762911
6042,0.206982305117169,283.957219251337,2,0.180547220108589
6043,0.202965088474414,284.004191357133,2,0.206437939144217
6044,0.196174079387853,284.051163462928,2,0.259973032379234
6045,0.187852702056432,284.098135568724,2,0.344257227607678
6046,0.175131516021043,284.145107674519,1,0.510321223036457
6047,0.155045432807269,284.192079780315,1,0.785838489802498
6048,0.138020086083214,284.239051886111,1,0.926612802282217
6049,0.114681970349115,284.286023991906,1,0.988810030250242
6050,0.0837876614060258,284.332996097702,1,0.999449905313216
6051,0.0397895743663319,284.379968203498,1,0.999996921785886
6052,0.0157819225251076,284.426940309293,1,0.999999882561819
6053,0.00937350549976088,284.473912415089,1,0.999999953382688
6054,0.00621712099473936,284.520884520885,1,0.99999997066359
6055,0.00937350549976088,284.56785662668,1,0.999999953382688
6056,0.0110951697752272,284.614828732476,1,0.999999940119499
6057,0.0163558106169297,284.661800838271,1,0.999999872568089
6058,0.0168340506934481,284.708772944067,1,0.999999863611674
6059,0.0166427546628407,284.755745049863,1,0.999999867265454
6060,0.0134863701578192,284.802717155658,1,0.999999915439149
6061,0.0132950741272119,284.849689261454,1,0.999999917732657
6062,0.0200860832137733,284.89666136725,1,0.999999784244152
6063,0.0350071736011478,284.943633473045,1,0.999998354105811
6064,0.0487804878048781,284.990605578841,1,0.999990337448978
6065,0.0642754662840746,285.037577684637,1,0.999937307311095
6066,0.0791965566714491,285.084549790432,1,0.999663878294462
6067,0.0803443328550933,285.131521896228,1,0.999619421390353
6068,0.0746054519368723,285.178494002023,1,0.999796938277934
6069,0.0842659014825442,285.225466107819,1,0.999421319477709
6070,0.104543280726925,285.272438213615,1,0.995581143471109
6071,0.134863701578192,285.31941031941,1,0.941690488646679
6072,0.164801530368245,285.366382425206,1,0.659643662801395
6073,0.200191296030607,285.413354531002,2,0.226741725306879
6074,0.218555714968914,285.460326636797,2,0.125319794274853
6075,0.236154949784792,285.507298742593,2,0.0786957539724584
6076,0.243232902917264,285.554270848389,2,0.0677652191241971
6077,0.248493543758967,285.601242954184,2,0.0615660934943698
6078,0.253562888570062,285.64821505998,2,0.0568427977993373
6079,0.253275944524151,285.695187165775,2,0.0570810705009097
6080,0.247441415590626,285.742159271571,2,0.0626924001598278
6081,0.239024390243902,285.789131377367,2,0.0738613664280087
6082,0.228216164514586,285.836103483162,2,0.0955750290776341
6083,0.212242945958871,285.883075588958,2,0.152241188046503
6084,0.201721664275466,285.930047694754,2,0.215283258705648
6085,0.200478240076518,285.977019800549,2,0.22454425352414
6086,0.202486848397896,286.023991906345,2,0.209791590013262
6087,0.198852223816356,286.070964012141,2,0.237301934963864
6088,0.191582974653276,286.117936117936,2,0.303847777519099
6089,0.192922046867528,286.164908223732,2,0.290384686843081
6090,0.188235294117647,286.211880329527,2,0.339917604432059
6091,0.184791965566714,286.258852435323,2,0.380528056760886
6092,0.184696317551411,286.305824541119,2,0.381704836180338
6093,0.186417981826877,286.352796646914,2,0.360919522938936
6094,0.191582974653276,286.39976875271,2,0.303847777519099
6095,0.200956480153037,286.446740858506,2,0.220932355638629
6096,0.208799617407939,286.493712964301,2,0.1700945762911
6097,0.214634146341463,286.540685070097,2,0.141220611988837
6098,0.224198947871832,286.587657175893,2,0.106513039938316
6099,0.234528933524629,286.634629281688,2,0.081708577007299
6100,0.237207077953132,286.681601387484,2,0.0768541715037314
6101,0.23299856527977,286.728573493279,2,0.0847398501378989
6102,0.224868483978957,286.775545599075,2,0.104560339884721
6103,0.217790530846485,286.822517704871,2,0.128224760641359
6104,0.214634146341463,286.869489810666,2,0.141220611988837
6105,0.216547106647537,286.916461916462,2,0.133144715054309
6106,0.220181731229077,286.963434022258,2,0.119442944498598
6107,0.224581539933046,287.010406128053,2,0.105390544217279
6108,0.228598756575801,287.057378233849,2,0.0946259551072973
6109,0.231372549019608,287.104350339644,2,0.0881822782884675
6110,0.232042085126734,287.15132244544,2,0.0867362092208513
6111,0.228981348637016,287.198294551236,2,0.0936919720155812
6112,0.225251076040172,287.245266657031,2,0.103468738993686
6113,0.225920612147298,287.292238762827,2,0.101599865293847
6114,0.219799139167862,287.339210868623,2,0.1207904282634
6115,0.214347202295552,287.386182974418,2,0.142487303303759
6116,0.213295074127212,287.433155080214,2,0.147260318055367
6117,0.215399330463893,287.48012718601,2,0.137914309509003
6118,0.215399330463893,287.527099291805,2,0.137914309509003
6119,0.213199426111908,287.574071397601,2,0.14770441635549
6120,0.209851745576279,287.621043503396,2,0.164376911379279
6121,0.201530368244859,287.668015609192,2,0.21668066121376
6122,0.199521759923482,287.714987714988,2,0.231958550755197
6123,0.192922046867528,287.761959820783,2,0.290384686843081
6124,0.185078909612626,287.808931926579,2,0.377013069447235
6125,0.179913916786227,287.855904032375,2,0.443584853041602
6126,0.171879483500717,287.90287613817,1,0.557360350144909
6127,0.161166905786705,287.949848243966,1,0.709625198717492
6128,0.155810616929699,287.996820349762,1,0.776974003906353
6129,0.140793878527021,288.043792455557,1,0.910836374207745
6130,0.129411764705882,288.090764561353,1,0.961564423438534
6131,0.121855571496891,288.137736667148,1,0.97921327057112
6132,0.111812529890005,288.184708772944,1,0.991343968073388
6133,0.103586800573888,288.23168087874,1,0.99596449344726
6134,0.0861788617886179,288.278652984535,1,0.999292205413468
6135,0.0507890961262554,288.325625090331,1,0.99998759739696
6136,0.0233381157340985,288.372597196127,1,0.999999660614548
6137,0.00937350549976088,288.419569301922,1,0.999999953382688
6138,0.00468675274988044,288.466541407718,1,0.999999976608826
6139,0.00650406504065041,288.513513513514,1,0.999999969395309
6140,0.00583452893352463,288.560485619309,1,0.99999997227515
6141,0.00506934481109517,288.607457725105,1,0.999999975243359
6142,0.00650406504065041,288.6544298309,1,0.999999969395309
6143,0.0128168340506934,288.701401936696,1,0.999999923204526
6144,0.0279292204686753,288.748374042492,1,0.999999362835465
6145,0.0413199426111908,288.795346148287,1,0.999996248676128
6146,0.0556671449067432,288.842318254083,1,0.999977461712183
6147,0.0656145384983262,288.889290359879,1,0.99992675434616
6148,0.0759445241511239,288.936262465674,1,0.999764509786569
6149,0.096700143472023,288.98323457147,1,0.997932156288554
6150,0.115160210425634,289.030206677266,1,0.988326503688494
6151,0.130272596843616,289.077178783061,1,0.958885731480409
6152,0.14701099952176,289.124150888857,1,0.865749433096946
6153,0.151602104256337,289.171122994652,1,0.823094239914619
6154,0.144811095169775,289.218095100448,1,0.883324504900733
6155,0.142706838833094,289.265067206244,1,0.898452814223154
6156,0.138307030129125,289.312039312039,1,0.925094966218253
6157,0.126924916307987,289.359011417835,1,0.96846123926045
6158,0.12415112386418,289.405983523631,1,0.974838270790374
6159,0.123003347680536,289.452955629426,1,0.977119837113152
6160,0.116690578670493,289.499927735222,1,0.986647091354803
6161,0.11324725011956,289.546899841018,1,0.990152045289789
6162,0.103204208512673,289.593871946813,1,0.996108921799894
6163,0.0950741272118604,289.640844052609,1,0.998240937513877
6164,0.0945958871353419,289.687816158404,1,0.998323116339393
6165,0.1012912482066,289.7347882642,1,0.996761161830313
6166,0.110951697752272,289.781760369996,1,0.991993473241657
6167,0.122429459588714,289.828732475791,1,0.978189221250108
6168,0.132759445241511,289.875704581587,1,0.950213979089138
6169,0.136394069823051,289.922676687383,1,0.934741460262885
6170,0.138976566236251,289.969648793178,1,0.921452966605848
6171,0.142132950741272,290.016620898974,1,0.902301904332436
6172,0.146532759445242,290.06359300477,1,0.869726076170968
6173,0.155619320899091,290.110565110565,1,0.779209350623542
6174,0.173027259684362,290.157537216361,1,0.540671531813556
6175,0.195791487326638,290.204509322156,2,0.263384702856605
6176,0.211669057867049,290.251481427952,2,0.155048486418742
6177,0.222955523672884,290.298453533748,2,0.110287137927213
6178,0.237111429937829,290.345425639543,2,0.077018204115253
6179,0.250023912003826,290.392397745339,2,0.0600211043284459
6180,0.252702056432329,290.439369851135,2,0.0575675951946417
6181,0.2519368723099,290.48634195693,2,0.0582373682771541
6182,0.250597800095648,290.533314062726,2,0.0594691925492386
6183,0.246006695361071,290.580286168521,2,0.0643166282824507
6184,0.240746054519369,290.627258274317,2,0.0712330113922093
6185,0.230798660927786,290.674230380113,2,0.0894545925308604
6186,0.225824964131994,290.721202485908,2,0.10186366048926
6187,0.216738402678144,290.768174591704,2,0.132371355033133
6188,0.205834528933525,290.8151466975,2,0.187541633355616
6189,0.198373983739837,290.862118803295,2,0.241197052078647
6190,0.195217599234816,290.909090909091,2,0.268584646048898
6191,0.196461023433764,290.956063014887,2,0.257442983745493
6192,0.198947871831659,291.003035120682,2,0.236530781580868
6193,0.206886657101865,291.050007226478,2,0.181118243834039
6194,0.209277857484457,291.096979332273,2,0.167466040236846
6195,0.207651841224295,291.143951438069,2,0.176609236177401
6196,0.189478718316595,291.190923543865,2,0.326119812031493
6197,0.16260162601626,291.23789564966,1,0.690230730206858
6198,0.121186035389766,291.284867755456,1,0.98035288936294
6199,0.0710664753706361,291.331839861252,1,0.999863364955856
6200,0.0475370636059302,291.378811967047,1,0.999991730017393
6201,0.0357723577235772,291.425784072843,1,0.999998179200264
6202,0.0276422764227642,291.472756178639,1,0.999999387229948
6203,0.020181731229077,291.519728284434,1,0.999999781332717
6204,0.0164514586322334,291.56670039023,1,0.999999870823878
6205,0.0155906264945002,291.613672496025,1,0.999999885720228
6206,0.0175035868005739,291.660644601821,1,0.999999850036136
6207,0.0258249641319943,291.707616707617,1,0.999999521944861
6208,0.0349115255858441,291.754588813412,1,0.999998374788742
6209,0.058727881396461,291.801560919208,1,0.999967426439648
6210,0.0787183165949307,291.848533025004,1,0.99968089956083
6211,0.0996652319464371,291.895505130799,1,0.997233333178144
6212,0.121090387374462,291.942477236595,1,0.980510986586834
6213,0.146819703491153,291.989449342391,1,0.867350570244391
6214,0.165471066475371,292.036421448186,1,0.650165351782534
6215,0.176661884265901,292.083393553982,2,0.488558899017886
6216,0.184983261597322,292.130365659777,2,0.378182165532534
6217,0.189765662362506,292.177337765573,2,0.32300262671688
6218,0.188904830224773,292.224309871369,2,0.33242963176333
6219,0.188139646102343,292.271281977164,2,0.340998380121904
6220,0.188713534194165,292.31825408296,2,0.334555188157945
6221,0.19167862266858,292.365226188756,2,0.302867803792248
6222,0.195217599234816,292.412198294551,2,0.268584646048898
6223,0.197226207556193,292.459170400347,2,0.250815687403083
6224,0.197417503586801,292.506142506143,2,0.249185858195436
6225,0.199043519846963,292.553114611938,2,0.235762240521522
6226,0.201721664275466,292.600086717734,2,0.215283258705648
6227,0.204112864658058,292.647058823529,2,0.198630992200353
6228,0.199713055954089,292.694030929325,2,0.230455190264907
6229,0.192443806791009,292.741003035121,2,0.295129531804125
6230,0.185939741750359,292.787975140916,2,0.36660802980721
6231,0.185557149689144,292.834947246712,2,0.371206387081389
6232,0.188235294117647,292.881919352508,2,0.339917604432059
6233,0.194835007173601,292.928891458303,2,0.272106515138098
6234,0.204399808703969,292.975863564099,2,0.196731697675067
6235,0.213390722142516,293.022835669895,2,0.146817937460226
6236,0.214921090387374,293.06980777569,2,0.13996864051229
6237,0.214634146341463,293.116779881486,2,0.141220611988837
6238,0.217025346724055,293.163751987281,2,0.131222635971533
6239,0.218460066953611,293.210724093077,2,0.125677927219983
6240,0.219703491152559,293.257696198873,2,0.121130643120938
6241,0.218842659014825,293.304668304668,2,0.124253830505517
6242,0.218364418938307,293.351640410464,2,0.126037474725593
6243,0.215781922525108,293.39861251626,2,0.136299492453095
6244,0.213868962219034,293.445584622055,2,0.144631592441261
6245,0.211860353897657,293.492556727851,2,0.15410550426895
6246,0.209277857484457,293.539528833647,2,0.167466040236846
6247,0.20545193687231,293.586500939442,2,0.189943017936217
6248,0.202678144428503,293.633473045238,2,0.208442928556461
6249,0.205069344811095,293.680445151033,2,0.192380025152506
6250,0.199713055954089,293.727417256829,2,0.230455190264907
6251,0.195121951219512,293.774389362625,2,0.269460960311924
6252,0.192539454806313,293.82136146842,2,0.294174931578383
6253,0.188617886178862,293.868333574216,2,0.335622131934947
6254,0.183261597321856,293.915305680012,2,0.399657120900612
6255,0.17895743663319,293.962277785807,2,0.456604408855579
6256,0.17714012434242,294.009249891603,2,0.481827274999487
6257,0.174175035868006,294.056221997398,1,0.524066601590768
6258,0.170731707317073,294.103194103194,1,0.574092818118844
6259,0.16987087517934,294.15016620899,1,0.586645940198495
6260,0.177235772357724,294.197138314785,2,0.480485324640675
6261,0.190722142515543,294.244110420581,2,0.312794433213807
6262,0.204399808703969,294.291082526377,2,0.196731697675067
6263,0.223529411764706,294.338054632172,2,0.108520964693987
6264,0.243424198947872,294.385026737968,2,0.0675136686283215
6265,0.265231946437111,294.431998843764,2,0.0496398936858111
6266,0.281013868962219,294.478970949559,2,0.0460968655446047
6267,0.296317551410808,294.525943055355,2,0.0484248168599858
6268,0.300430416068867,294.57291516115,2,0.0500746247563627
6269,0.301195600191296,294.619887266946,2,0.0504351328089251
6270,0.303395504543281,294.666859372742,2,0.0515705184349496
6271,0.304543280726925,294.713831478537,2,0.052223246500615
6272,0.303204208512673,294.760803584333,2,0.0514658246812159
6273,0.299186991869919,294.807775690129,2,0.0495254081387805
6274,0.294595887135342,294.854747795924,2,0.0478718293049613
6275,0.290100430416069,294.90171990172,2,0.0467880279950189
6276,0.286178861788618,294.948692007516,2,0.0462491980577479
6277,0.280057388809182,294.995664113311,2,0.0461375164327105
6278,0.273170731707317,295.042636219107,2,0.0470744642425652
6279,0.269631755141081,295.089608324902,2,0.0480116025165717
6280,0.269727403156384,295.136580430698,2,0.0479820226627417
6281,0.264371114299378,295.183552536494,2,0.0500220116511617
6282,0.26571018651363,295.230524642289,2,0.0494368442267531
6283,0.267814442850311,295.277496748085,2,0.0486198733137966
6284,0.269727403156384,295.324468853881,2,0.0479820226627417
6285,0.270779531324725,295.371440959676,2,0.0476724329794748
6286,0.273170731707317,295.418413065472,2,0.0470744642425652
6287,0.276231468197035,295.465385171268,2,0.0465168422574708
6288,0.278240076518412,295.512357277063,2,0.0462742595857892
6289,0.276901004304161,295.559329382859,2,0.0464252398213732
6290,0.276231468197035,295.606301488654,2,0.0465168422574708
6291,0.273935915829747,295.65327359445,2,0.046913473976549
6292,0.270205643232903,295.700245700246,2,0.0478377233460322
6293,0.267049258727881,295.747217806041,2,0.0489027239385042
6294,0.262745098039216,295.794189911837,2,0.0508034865360507
6295,0.254519368723099,295.841162017633,2,0.0560721086314094
6296,0.247632711621234,295.888134123428,2,0.0624836190044236
6297,0.245815399330464,295.935106229224,2,0.0645411487802833
6298,0.24753706360593,295.98207833502,2,0.0625877849050069
6299,0.247919655667145,296.029050440815,2,0.0621738019645363
6300,0.248397895743663,296.076022546611,2,0.0616662840832905
6301,0.250980392156863,296.122994652406,2,0.059109334563653
6302,0.255762792922047,296.169966758202,2,0.0551229616023901
6303,0.260736489717838,296.216938863998,2,0.0518806724394667
6304,0.262840746054519,296.263910969793,2,0.0507553146955889
6305,0.27116212338594,296.310883075589,2,0.0475669710106528
6306,0.276327116212339,296.357855181385,2,0.0465030952721725
6307,0.283022477283596,296.40482728718,2,0.0460815187038808
6308,0.285126733620277,296.451799392976,2,0.046167181038419
6309,0.282926829268293,296.498771498772,2,0.0460801001137736
6310,0.279196556671449,296.545743604567,2,0.0461925465255519
6311,0.277283596365375,296.592715710363,2,0.0463777297828143
6312,0.277187948350072,296.639687816158,2,0.0463892785101317
6313,0.271353419416547,296.686659921954,2,0.0475156508766289
6314,0.265614538498326,296.73363202775,2,0.0494769311372915
6315,0.258727881396461,296.780604133545,2,0.0530877115981366
6316,0.247728359636538,296.827576239341,2,0.0623799009080563
6317,0.233572453371593,296.874548345137,2,0.0835801091971965
6318,0.221329507412721,296.921520450932,2,0.115526198690166
6319,0.206982305117169,296.968492556728,2,0.180547220108589
6320,0.193304638928742,297.015464662524,2,0.286639442071606
6321,0.185078909612626,297.062436768319,2,0.377013069447235
6322,0.187374461979914,297.109408874115,2,0.349743469392985
6323,0.194261119081779,297.15638097991,2,0.277472612840422
6324,0.206121472979436,297.203353085706,2,0.185763732414983
6325,0.218268770923003,297.250325191502,2,0.126398442043333
6326,0.233476805356289,297.297297297297,2,0.0837714543801691
6327,0.251267336202774,297.344269403093,2,0.0588436245220638
6328,0.264849354375897,297.391241508889,2,0.0498070671127522
6329,0.278527020564323,297.438213614684,2,0.0462474666896047
6330,0.27584887613582,297.48518572048,2,0.0465740399624097
6331,0.278909612625538,297.532157826276,2,0.046214782991233
6332,0.279005260640842,297.579129932071,2,0.0462071542167208
6333,0.275274988043998,297.626102037867,2,0.0466664872668778
6334,0.278144428503109,297.673074143662,2,0.0462836254840537
6335,0.284265901482544,297.720046249458,2,0.046119534163409
6336,0.283787661406026,297.767018355254,2,0.0461006088224853
6337,0.28024868483979,297.813990461049,2,0.0461276624201868
6338,0.278813964610234,297.860962566845,2,0.0462226285197012
6339,0.268005738880918,297.907934672641,2,0.048551662179289
6340,0.246963175514108,297.954906778436,2,0.0632222715153187
6341,0.222955523672884,298.001878884232,2,0.110287137927213
6342,0.19818268770923,298.048850990028,2,0.242773548875681
6343,0.174653275944524,298.095823095823,1,0.517181903899645
6344,0.157436633189861,298.142795201619,1,0.75747122866562
6345,0.141654710664754,298.189767307414,1,0.905421063143149
6346,0.124055475848876,298.23673941321,1,0.975035924326817
6347,0.102152080344333,298.283711519006,1,0.996481506607093
6348,0.0803443328550933,298.330683624801,1,0.999619421390353
6349,0.0569105691056911,298.377655730597,1,0.999973808478561
6350,0.0404591104734577,298.424627836393,1,0.999996643082021
6351,0.0311812529890005,298.471599942188,1,0.999999011305875
6352,0.0277379244380679,298.518572047984,1,0.999999379200999
6353,0.0461023433763749,298.565544153779,1,0.999993096436384
6354,0.0630320420851267,298.612516259575,1,0.999945786834821
6355,0.08675274988044,298.659488365371,1,0.999248411859585
6356,0.118412242945959,298.706460471166,1,0.984494693301076
6357,0.147871831659493,298.753432576962,1,0.858370714503537
6358,0.175418460066954,298.800404682758,1,0.506217447712764
6359,0.207364897178384,298.847376788553,2,0.178284324643269
6360,0.229650884744142,298.894348894349,2,0.0920931164214268
6361,0.244763271162123,298.941321000145,2,0.0658105947688477
6362,0.255667144906743,298.98829310594,2,0.0551939027042767
6363,0.266857962697274,299.035265211736,2,0.0489759574313878
6364,0.272118603538977,299.082237317531,2,0.0473197119137084
6365,0.27403156384505,299.129209423327,2,0.0468943704329557
6366,0.274892395982783,299.176181529123,2,0.0467325718892618
6367,0.272596843615495,299.223153634918,2,0.047204786783255
6368,0.268770923003348,299.270125740714,2,0.0482887121010575
6369,0.248015303682449,299.31709784651,2,0.0620714180539093
6370,0.231085604973697,299.364069952305,2,0.0888145986315999
6371,0.198373983739837,299.411042058101,2,0.241197052078647
6372,0.16078431372549,299.458014163897,1,0.714712154979665
6373,0.108369201339072,299.504986269692,1,0.993680644792704
6374,0.0493543758967001,299.551958375488,1,0.999989620777421
6375,0.0223816355810617,299.598930481283,1,0.999999702774488
6376,0.0155906264945002,299.645902587079,1,0.999999885720228
6377,0.00889526542324247,299.692874692875,1,0.999999956526954
6378,0.00526064084170253,299.73984679867,1,0.999999974531766
6379,0.00889526542324247,299.786818904466,1,0.999999956526954
6380,0.020181731229077,299.833791010262,1,0.999999781332717
6381,0.0328072692491631,299.880763116057,1,0.999998771014984
6382,0.0454328072692492,299.927735221853,1,0.999993656798102
6383,0.0698230511716882,299.974707327649,1,0.999881310028099
6384,0.0940219990435198,300.021679433444,1,0.998416942201612
6385,0.128359636537542,300.06865153924,1,0.964629593537927
6386,0.162123385939742,300.115623645035,1,0.696749068891987
6387,0.196843615494978,300.162595750831,2,0.254107677599827
6388,0.212147297943568,300.209567856627,2,0.152704576300616
6389,0.219703491152559,300.256539962422,2,0.121130643120938
6390,0.228120516499283,300.303512068218,2,0.0958146831212175
6391,0.230511716881875,300.350484174014,2,0.090102349809307
6392,0.226685796269727,300.397456279809,2,0.0995270126762409
6393,0.231085604973697,300.444428385605,2,0.0888145986315999
6394,0.221425155428025,300.4914004914,2,0.115208134151255
6395,0.202391200382592,300.538372597196,2,0.210469538844976
6396,0.181157340985175,300.585344702992,2,0.426955985798558
6397,0.152558584409374,300.632316808787,1,0.813188732770822
6398,0.110090865614538,300.679288914583,1,0.992597517435799
6399,0.072883787661406,300.726261020379,1,0.999832395847491
6400,0.0583452893352463,300.773233126174,1,0.999968883467641
6401,0.0835007173601148,300.82020523197,1,0.999466406123285
6402,0.0972740315638451,300.867177337766,1,0.997811455327285
6403,0.121472979435677,300.914149443561,1,0.979871598400979
6404,0.146532759445242,300.961121549357,1,0.869726076170968
6405,0.166427546628407,301.008093655152,1,0.636514231073422
6406,0.183452893352463,301.055065760948,2,0.397231465789462
6407,0.196269727403156,301.102037866744,2,0.259126954814655
6408,0.20181731229077,301.149009972539,2,0.214588250176674
6409,0.214155906264945,301.195982078335,2,0.14334001923903
6410,0.21453849832616,301.242954184131,2,0.141641199168546
6411,0.215112386417982,301.289926289926,2,0.139142093583918
6412,0.213486370157819,301.336898395722,2,0.146377268627241
6413,0.209182209469154,301.383870501518,2,0.167987771872569
6414,0.201530368244859,301.430842607313,2,0.21668066121376
6415,0.194261119081779,301.477814713109,2,0.277472612840422
6416,0.18909612625538,301.524786818904,2,0.33031520283545
6417,0.182879005260641,301.5717589247,2,0.404537249038488
6418,0.182687709230033,301.618731030496,2,0.40699155568768
6419,0.173122907699665,301.665703136291,1,0.539284038604749
6420,0.157819225251076,301.712675242087,1,0.752755713029616
6421,0.142132950741272,301.759647347883,1,0.902301904332436
6422,0.122620755619321,301.806619453678,1,0.977837879552138
6423,0.110186513629842,301.853591559474,1,0.992532554984784
6424,0.110760401721664,301.90056366527,1,0.992131529534481
6425,0.114108082257293,301.947535771065,1,0.989365880085832
6426,0.131898613103778,301.994507876861,1,0.953379390071248
6427,0.153610712577714,302.041479982656,1,0.80189508908818
6428,0.171305595408895,302.088452088452,1,0.565723692817441
6429,0.186800573888092,302.135424194248,2,0.356416748014935
6430,0.200669536107126,302.182396300043,2,0.22309193783673
6431,0.210808225729316,302.229368405839,2,0.159382717399584
6432,0.214251554280249,302.276340511635,2,0.142912831883004
6433,0.210712577714012,302.32331261743,2,0.159873594385127
6434,0.210999521759923,302.370284723226,2,0.15840658402526
6435,0.207843137254902,302.417256829022,2,0.175502931837628
6436,0.206121472979436,302.464228934817,2,0.185763732414983
6437,0.20908656145385,302.511201040613,2,0.168511485021069
6438,0.217120994739359,302.558173146408,2,0.13084272660905
6439,0.220851267336203,302.605145252204,2,0.11713557671676
6440,0.220755619320899,302.652117358,2,0.117461297214098
6441,0.219129603060737,302.699089463795,2,0.123200410129579
6442,0.20650406504065,302.746061569591,2,0.18342372687188
6443,0.194261119081779,302.793033675387,2,0.277472612840422
6444,0.172070779531325,302.840005781182,1,0.554574746060352
6445,0.137541846006695,302.886977886978,1,0.929086150394074
6446,0.108082257293161,302.933949992774,1,0.993846127612146
6447,0.0827355332376853,302.980922098569,1,0.99950813553379
6448,0.0593974175035868,303.027894204365,1,0.999964717205638
6449,0.0375896700143472,303.07486631016,1,0.999997688544035
6450,0.0451458632233381,303.121838415956,1,0.999993883255563
6451,0.062362505978001,303.168810521752,1,0.999949884454461
6452,0.0899091343854615,303.215782627547,1,0.998957702867813
6453,0.122142515542802,303.262754733343,1,0.978706808928025
6454,0.153036824485892,303.309726839139,1,0.808106474463948
6455,0.181157340985175,303.356698944934,2,0.426955985798558
6456,0.198087039693926,303.40367105073,2,0.243565769010002
6457,0.211669057867049,303.450643156526,2,0.155048486418742
6458,0.224868483978957,303.497615262321,2,0.104560339884721
6459,0.233572453371593,303.544587368117,2,0.0835801091971965
6460,0.232329029172645,303.591559473912,2,0.0861288323917283
6461,0.232424677187948,303.638531579708,2,0.0859279990978978
6462,0.234433285509326,303.685503685504,2,0.0818923442269773
6463,0.236250597800096,303.732475791299,2,0.0785249145078299
6464,0.239311334289813,303.779447897095,2,0.0734097092095325
6465,0.243424198947872,303.826420002891,2,0.0675136686283215
6466,0.248206599713056,303.873392108686,2,0.0618679737506725
6467,0.253467240554758,303.920364214482,2,0.056921855523765
6468,0.255571496891439,303.967336320278,2,0.0552651850459367
6469,0.255954088952654,304.014308426073,2,0.0549820990587098
6470,0.255093256814921,304.061280531869,2,0.0556267512906786
6471,0.252510760401722,304.108252637664,2,0.0577327613853934
6472,0.248493543758967,304.15522474346,2,0.0615660934943698
6473,0.250693448110952,304.202196849256,2,0.0593786264801477
6474,0.245432807269249,304.249168955051,2,0.0649959458885907
6475,0.239789574366332,304.296141060847,2,0.0726691849005279
6476,0.237780966044955,304.343113166643,2,0.0758838851845063
6477,0.234720229555237,304.390085272438,2,0.0813432653412896
6478,0.235676709708274,304.437057378234,2,0.0795604307527205
6479,0.241702534672406,304.48402948403,2,0.0698548465855223
6480,0.249258727881396,304.531001589825,2,0.0607800760347756
6481,0.250884744141559,304.577973695621,2,0.0591986988062397
6482,0.253084648493544,304.624945801416,2,0.0572417592114169
6483,0.252797704447633,304.671917907212,2,0.0574855759337831
6484,0.248206599713056,304.718890013008,2,0.0618679737506725
6485,0.247728359636538,304.765862118803,2,0.0623799009080563
6486,0.247345767575323,304.812834224599,2,0.062797466326272
6487,0.23921568627451,304.859806330395,2,0.0735596451323948
6488,0.227929220468675,304.90677843619,2,0.0962968799032996
6489,0.207364897178384,304.953750541986,2,0.178284324643269
6490,0.166140602582496,305.000722647782,1,0.640622072413069
6491,0.121759923481588,305.047694753577,1,0.979379654062188
6492,0.0925872788139646,305.094666859373,1,0.998630261484731
6493,0.0700143472022956,305.141638965168,1,0.999878704455472
6494,0.0522238163558106,305.188611070964,1,0.999985195868945
6495,0.0471544715447154,305.23558317676,1,0.999992118002035
6496,0.0452415112386418,305.282555282555,1,0.999993808652324
6497,0.0514586322333812,305.329527388351,1,0.999986527598243
6498,0.0634146341463415,305.376499494147,1,0.99994330272865
6499,0.0835007173601148,305.423471599942,1,0.999466406123285
6500,0.107030129124821,305.470443705738,1,0.994418969941739
6501,0.127116212338594,305.517415811534,1,0.96797257779271
6502,0.148541367766619,305.564387917329,1,0.852434538409242
6503,0.170923003347681,305.611360023125,1,0.57130278759636
6504,0.187374461979914,305.65833212892,2,0.349743469392985
6505,0.195600191296031,305.705304234716,2,0.265107000456202
6506,0.208130081300813,305.752276340512,2,0.173858981296646
6507,0.218460066953611,305.799248446307,2,0.125677927219983
6508,0.224964131994261,305.846220552103,2,0.104285804729986
6509,0.227642276422764,305.893192657899,2,0.0970274531342848
6510,0.229172644667623,305.940164763694,2,0.0932305667205475
6511,0.23194643711143,305.98713686949,2,0.0869403043357175
6512,0.237015781922525,306.034108975285,2,0.0771829058086749
6513,0.244189383070301,306.081081081081,2,0.0665282506084377
6514,0.245145863223338,306.128053186877,2,0.0653421341440991
6515,0.244189383070301,306.175025292672,2,0.0665282506084377
6516,0.240746054519369,306.221997398468,2,0.0712330113922093
6517,0.235198469631755,306.268969504264,2,0.0804428203300042
6518,0.23194643711143,306.315941610059,2,0.0869403043357175
6519,0.230511716881875,306.362913715855,2,0.090102349809307
6520,0.230703012912482,306.409885821651,2,0.0896696445592081
6521,0.230511716881875,306.456857927446,2,0.0901023498093071
6522,0.227929220468675,306.503830033242,2,0.0962968799032996
6523,0.225251076040172,306.550802139037,2,0.103468738993686
6524,0.223242467718795,306.597774244833,2,0.10939878128988
6525,0.224390243902439,306.644746350629,2,0.105949555410605
6526,0.228694404591105,306.691718456424,2,0.0943910537119782
6527,0.233285509325681,306.73869056222,2,0.0841564696990267
6528,0.234146341463415,306.785662668016,2,0.0824481257753165
6529,0.235198469631755,306.832634773811,2,0.0804428203300042
6530,0.231276901004304,306.879606879607,2,0.0883922046192095
6531,0.223816355810617,306.926578985403,2,0.107653567549799
6532,0.216260162601626,306.973551091198,2,0.134316186347063
6533,0.21013868962219,307.020523196994,2,0.162858590485633
6534,0.207651841224295,307.067495302789,2,0.176609236177401
6535,0.210712577714012,307.114467408585,2,0.159873594385127
6536,0.216068866571019,307.161439514381,2,0.135104852784456
6537,0.222572931611669,307.208411620176,2,0.111488219799392
6538,0.228503108560497,307.255383725972,2,0.0948617996649184
6539,0.234146341463415,307.302355831768,2,0.0824481257753165
6540,0.234433285509326,307.349327937563,2,0.0818923442269773
6541,0.232902917264467,307.396300043359,2,0.0849358843816846
6542,0.232329029172645,307.443272149155,2,0.0861288323917283
6543,0.232329029172645,307.49024425495,2,0.0861288323917283
6544,0.232615973218556,307.537216360746,2,0.0855287521778926
6545,0.237111429937829,307.584188466541,2,0.077018204115253
6546,0.231563845050215,307.631160572337,2,0.0877649506087603
6547,0.225633668101387,307.678132678133,2,0.102394421207727
6548,0.221903395504543,307.725104783928,2,0.113636603528928
6549,0.222094691535151,307.772076889724,2,0.113016672489892
6550,0.224007651841224,307.81904899552,2,0.107081032378151
6551,0.229363940698231,307.866021101315,2,0.0927728471989374
6552,0.234433285509326,307.912993207111,2,0.0818923442269773
6553,0.23558106169297,307.959965312907,2,0.0797354807843731
6554,0.239885222381636,308.006937418702,2,0.0725228951682818
6555,0.245241511238642,308.053909524498,2,0.0652262498072078
6556,0.247632711621234,308.100881630293,2,0.0624836190044236
6557,0.247441415590626,308.147853736089,2,0.0626924001598278
6558,0.242754662840746,308.194825841885,2,0.0684033545887683
6559,0.233859397417504,308.24179794768,2,0.0830106878255444
6560,0.226781444285031,308.288770053476,2,0.0992725345873994
6561,0.218364418938307,308.335742159272,2,0.126037474725592
6562,0.210043041606887,308.382714265067,2,0.163362770129653
6563,0.20181731229077,308.429686370863,2,0.214588250176674
6564,0.196269727403156,308.476658476658,2,0.259126954814655
6565,0.190626494500239,308.523630582454,2,0.313802596974836
6566,0.186322333811573,308.57060268825,2,0.362051907213461
6567,0.189765662362506,308.617574794045,2,0.32300262671688
6568,0.197321855571497,308.664546899841,2,0.249999428968077
6569,0.202199904351985,308.711519005637,2,0.211832701774491
6570,0.21013868962219,308.758491111432,2,0.162858590485633
6571,0.216164514586322,308.805463217228,2,0.134709747295513
6572,0.223146819703491,308.852435323024,2,0.109693723062723
6573,0.234528933524629,308.899407428819,2,0.081708577007299
6574,0.24390243902439,308.946379534615,2,0.0668939181674074
6575,0.253371592539455,308.99335164041,2,0.0570012793743015
6576,0.262840746054519,309.040323746206,2,0.0507553146955889
6577,0.264562410329986,309.087295852002,2,0.049935232692275
6578,0.264466762314682,309.134267957797,2,0.049978488251236
6579,0.264179818268771,309.181240063593,2,0.050109864380629
6580,0.264275466284075,309.228212169389,2,0.0500658034927522
6581,0.265901482544237,309.275184275184,2,0.0493574510089434
6582,0.272405547584888,309.32215638098,2,0.0472500646319608
6583,0.270492587278814,309.369128486776,2,0.0477540096965207
6584,0.261692969870875,309.416100592571,2,0.0513519583343405
6585,0.257580105212817,309.463072698367,2,0.0538385962239537
6586,0.245050215208034,309.510044804162,2,0.0654585090537497
6587,0.231181252989,309.557016909958,2,0.088602976971254
6588,0.220564323290292,309.603989015754,2,0.118116622032351
6589,0.208130081300813,309.650961121549,2,0.173858981296646
6590,0.186322333811573,309.697933227345,2,0.362051907213461
6591,0.161453849832616,309.744905333141,1,0.705785687930249
6592,0.145576279292205,309.791877438936,1,0.877418554351614
6593,0.115542802486848,309.838849544732,1,0.987925914925486
6594,0.100239120038259,309.885821650528,1,0.997074615145772
6595,0.0893352462936394,309.932793756323,1,0.999017469017808
6596,0.0949784791965567,309.979765862119,1,0.998257671754704
6597,0.109899569583931,310.026737967914,1,0.9927258701605
6598,0.130368244858919,310.07371007371,1,0.958578263246759
6599,0.154184600669536,310.120682179506,1,0.79556214872829
6600,0.173409851745576,310.167654285301,1,0.535125287788425
6601,0.187661406025825,310.214626391097,2,0.34644352068439
6602,0.203921568627451,310.261598496893,2,0.199908741551435
6603,0.220564323290292,310.308570602688,2,0.118116622032351
6604,0.228790052606408,310.355542708484,2,0.094157091823509
6605,0.234911525585844,310.40251481428,2,0.0809808984531543
6606,0.243424198947872,310.449486920075,2,0.0675136686283215
6607,0.251076040172166,310.496459025871,2,0.0590203683028873
6608,0.254423720707795,310.543431131666,2,0.0561475670733889
6609,0.259684361549498,310.590403237462,2,0.0524962823701872
6610,0.256814921090387,310.637375343258,2,0.0543648444719919
6611,0.254328072692492,310.684347449053,2,0.0562233804582935
6612,0.248589191774271,310.731319554849,2,0.0614663370862664
6613,0.237111429937829,310.778291660645,2,0.077018204115253
6614,0.226781444285031,310.82526376644,2,0.0992725345873994
6615,0.219894787183166,310.872235872236,2,0.12045155599389
6616,0.213677666188427,310.919207978032,2,0.145501042530622
6617,0.209182209469154,310.966180083827,2,0.167987771872569
6618,0.199617407938785,311.013152189623,2,0.231205581533254
6619,0.191582974653276,311.060124295418,2,0.303847777519099
6620,0.183452893352463,311.107096401214,2,0.397231465789462
6621,0.177618364418938,311.15406850701,2,0.475132724446601
6622,0.179244380679101,311.201040612805,2,0.452678766105258
6623,0.186704925872788,311.248012718601,2,0.357538416134625
6624,0.191104734576758,311.294984824397,2,0.30878995019747
6625,0.202486848397896,311.341956930192,2,0.209791590013262
6626,0.21013868962219,311.388929035988,2,0.162858590485633
6627,0.222572931611669,311.435901141784,2,0.111488219799392
6628,0.233476805356289,311.482873247579,2,0.0837714543801691
6629,0.239598278335725,311.529845353375,2,0.0729635726968906
6630,0.242754662840746,311.57681745917,2,0.0684033545887683
6631,0.244763271162123,311.623789564966,2,0.0658105947688477
6632,0.244954567192731,311.670761670762,2,0.0655753762870515
6633,0.240172166427547,311.717733776557,2,0.0720876157135735
6634,0.241224294595887,311.764705882353,2,0.0705368117376005
6635,0.240650406504065,311.811677988149,2,0.0713739827817194
6636,0.237685318029651,311.858650093944,2,0.0760439562233137
6637,0.233094213295074,311.90562219974,2,0.0845446049691833
6638,0.227355332376853,311.952594305536,2,0.0977668509205922
6639,0.220468675274988,311.999566411331,2,0.118446236154491
6640,0.2155906264945,312.046538517127,2,0.137103744425082
6641,0.213103778096604,312.093510622922,2,0.148150238314121
6642,0.211382113821138,312.140482728718,2,0.156476626956684
6643,0.210808225729316,312.187454834514,2,0.159382717399584
6644,0.21090387374462,312.234426940309,2,0.158893716005334
6645,0.211573409851746,312.281399046105,2,0.1555227048407
6646,0.21013868962219,312.328371151901,2,0.162858590485633
6647,0.200956480153037,312.375343257696,2,0.220932355638629
6648,0.190339550454328,312.422315363492,2,0.316843977175294
6649,0.178670492587279,312.469287469288,2,0.460546382371182
6650,0.154662840746055,312.516259575083,1,0.790193027459488
6651,0.125777140124342,312.563231680879,1,0.971256564319695
6652,0.0908656145384983,312.610203786674,1,0.998850363745993
6653,0.0489717838354854,312.65717589247,1,0.999990104039083
6654,0.0220946915351506,312.704147998266,1,0.999999714397151
6655,0.0124342419894787,312.751120104061,1,0.999999927325186
6656,0.0109995217599235,312.798092209857,1,0.999999940944212
6657,0.00946915351506456,312.845064315653,1,0.999999952727748
6658,0.00832137733142037,312.892036421448,1,0.999999960027859
6659,0.0114777618364419,312.939008527244,1,0.999999936706948
6660,0.013868962219034,312.98598063304,1,0.999999910663772
6661,0.012051649928264,313.032952738835,1,0.999999931230122
6662,0.0184600669536107,313.079924844631,1,0.999999828336988
6663,0.0373983739837398,313.126896950426,1,0.999997745688147
6664,0.0535628885700622,313.173869056222,1,0.999982553950854
6665,0.0699186991869919,313.220841162018,1,0.99988001402016
6666,0.0835007173601148,313.267813267813,1,0.999466406123285
6667,0.0983261597321856,313.314785373609,1,0.99757272832496
6668,0.106360593017695,313.361757479405,1,0.994757173583405
6669,0.11219512195122,313.4087295852,1,0.991039912410724
6670,0.128072692491631,313.455701690996,1,0.965427257613282
6671,0.151889048302248,313.502673796791,1,0.820159052779246
6672,0.16805356288857,313.549645902587,1,0.613071024055791
6673,0.185939741750359,313.596618008383,2,0.36660802980721
6674,0.192252510760402,313.643590114178,2,0.297047184826059
6675,0.200573888091822,313.690562219974,2,0.223816832675171
6676,0.209756097560976,313.73753432577,2,0.164886885456186
6677,0.216164514586322,313.784506431565,2,0.134709747295513
6678,0.218651362984218,313.831478537361,2,0.124963070653184
6679,0.21635581061693,313.878450643157,2,0.133924164363319
6680,0.212147297943568,313.925422748952,2,0.152704576300616
6681,0.205930176948828,313.972394854748,2,0.186946806544919
6682,0.19167862266858,314.019366960543,2,0.302867803792248
6683,0.179913916786227,314.066339066339,2,0.443584853041602
6684,0.15714968914395,314.113311172135,1,0.760976850600509
6685,0.122046867527499,314.16028327793,1,0.978876855555928
6686,0.0978479196556672,314.207255383726,1,0.997684132079419
6687,0.0820659971305595,314.254227489522,1,0.999542081555451
6688,0.0641798182687709,314.301199595317,1,0.999938002400102
6689,0.0536585365853659,314.348171701113,1,0.999982348767811
6690,0.0395026303204209,314.395143806909,1,0.999997034248728
6691,0.0265901482544237,314.442115912704,1,0.999999469153295
6692,0.0216164514586322,314.4890880185,1,0.999999732793214
6693,0.0182687709230033,314.536060124295,1,0.999999832907985
6694,0.020468675274988,314.583032230091,1,0.999999772367239
6695,0.0456241032998565,314.630004335887,1,0.999993501346499
6696,0.078622668579627,314.676976441682,1,0.999684203613225
6697,0.127881396461023,314.723948547478,1,0.965950172419129
6698,0.163940698230512,314.770920653274,1,0.671721674170761
6699,0.203730272596844,314.817892759069,2,0.201195790012136
6700,0.223051171688187,314.864864864865,2,0.109989840437851
6701,0.231085604973697,314.911836970661,2,0.0888145986315999
6702,0.239598278335725,314.958809076456,2,0.0729635726968906
6703,0.24648493543759,315.005781182252,2,0.063763613497581
6704,0.247919655667145,315.052753288047,2,0.0621738019645363
6705,0.246580583452893,315.099725393843,2,0.0636544178150846
6706,0.243806791009087,315.146697499639,2,0.0670168328436411
6707,0.238259206121473,315.193669605434,2,0.075093254053953
6708,0.232902917264467,315.24064171123,2,0.0849358843816846
6709,0.230511716881875,315.287613817026,2,0.090102349809307
6710,0.228694404591105,315.334585922821,2,0.0943910537119782
6711,0.219799139167862,315.381558028617,2,0.1207904282634
6712,0.210616929698709,315.428530134413,2,0.160366353146017
6713,0.206886657101865,315.475502240208,2,0.181118243834039
6714,0.198660927785748,315.522474346004,2,0.238852097714174
6715,0.18727881396461,315.569446451799,2,0.350848903733434
6716,0.177618364418938,315.616418557595,2,0.475132724446601
6717,0.170444763271162,315.663390663391,1,0.578277923479744
6718,0.169583931133429,315.710362769186,1,0.590827532155435
6719,0.17895743663319,315.757334874982,2,0.456604408855579
6720,0.188713534194165,315.804306980778,2,0.334555188157945
6721,0.208512673362028,315.851279086573,2,0.171695727199868
6722,0.212242945958871,315.898251192369,2,0.152241188046503
6723,0.220373027259684,315.945223298164,2,0.118777157978059
6724,0.229172644667623,315.99219540396,2,0.0932305667205475
6725,0.235294117647059,316.039167509756,2,0.0802649090487512
6726,0.238737446197991,316.086139615551,2,0.0743186068944177
6727,0.241319942611191,316.133111721347,2,0.0703992883601207
6728,0.24466762314682,316.180083827143,2,0.0659289495598894
6729,0.237589670014347,316.227055932938,2,0.0762046812786449
6730,0.229555236728838,316.274028038734,2,0.0923187849337863
6731,0.220564323290292,316.32100014453,2,0.118116622032351
6732,0.212625538020086,316.367972250325,2,0.150405412092136
6733,0.20650406504065,316.414944356121,2,0.18342372687188
6734,0.202678144428503,316.461916461916,2,0.208442928556461
6735,0.203921568627451,316.508888567712,2,0.199908741551435
6736,0.207077953132473,316.555860673508,2,0.179978322620056
6737,0.20468675274988,316.602832779303,2,0.194853052016256
6738,0.20908656145385,316.649804885099,2,0.168511485021069
6739,0.211764705882353,316.696776990895,2,0.154576088263897
6740,0.217025346724055,316.74374909669,2,0.131222635971533
6741,0.227164036346246,316.790721202486,2,0.0982647362801819
6742,0.237685318029651,316.837693308282,2,0.0760439562233137
6743,0.250406504065041,316.884665414077,2,0.0596515357947792
6744,0.261788617886179,316.931637519873,2,0.0513006768819928
6745,0.265231946437111,316.978609625668,2,0.0496398936858111
6746,0.265614538498326,317.025581731464,2,0.0494769311372915
6747,0.266188426590148,317.07255383726,2,0.0492403045414591
6748,0.260353897656624,317.119525943055,2,0.052100356340214
6749,0.250789096126255,317.166498048851,2,0.0592884623398544
6750,0.246102343376375,317.213470154647,2,0.0642050816362958
6751,0.247824007651841,317.260442260442,2,0.0622766290732196
6752,0.250310856049737,317.307414366238,2,0.059743315648031
6753,0.247058823529412,317.354386472034,2,0.0631153859802549
6754,0.249736967957915,317.401358577829,2,0.0603025953503316
6755,0.253084648493544,317.448330683625,2,0.0572417592114169
6756,0.252702056432329,317.49530278942,2,0.0575675951946417
6757,0.246867527498804,317.542274895216,2,0.0633296158603844
6758,0.238163558106169,317.589247001012,2,0.0752500918930015
6759,0.23012912482066,317.636219106807,2,0.090978259823908
6760,0.224964131994261,317.683191212603,2,0.104285804729986
6761,0.220468675274988,317.730163318399,2,0.118446236154491
6762,0.220755619320899,317.777135424194,2,0.117461297214098
6763,0.220755619320899,317.82410752999,2,0.117461297214098
6764,0.220181731229077,317.871079635786,2,0.119442944498598
6765,0.220277379244381,317.918051741581,2,0.119109392441553
6766,0.223242467718795,317.965023847377,2,0.10939878128988
6767,0.231755141080823,318.011995953172,2,0.0873509678991139
6768,0.240937350549976,318.058968058968,2,0.0709528064882497
6769,0.239120038259206,318.105940164764,2,0.0737101967664408
6770,0.243424198947872,318.152912270559,2,0.0675136686283215
6771,0.248684839789574,318.199884376355,2,0.0613670133810754
6772,0.251267336202774,318.246856482151,2,0.0588436245220638
6773,0.250310856049737,318.293828587946,2,0.059743315648031
6774,0.248684839789574,318.340800693742,2,0.0613670133810754
6775,0.247728359636538,318.387772799538,2,0.0623799009080563
6776,0.247250119560019,318.434744905333,2,0.0629029849691175
6777,0.239598278335725,318.481717011129,2,0.0729635726968906
6778,0.232520325203252,318.528689116924,2,0.0857279733994179
6779,0.218364418938307,318.57566122272,2,0.126037474725592
6780,0.189478718316595,318.622633328516,2,0.326119812031493
6781,0.152080344332855,318.669605434311,1,0.81818486000349
6782,0.107604017216643,318.716577540107,1,0.994112987648595
6783,0.0703969392635103,318.763549645903,1,0.999873327909418
6784,0.0612147297943568,318.810521751698,1,0.999956225864797
6785,0.0505021520803443,318.857493857494,1,0.999988030349366
6786,0.0457197513151602,318.90446596329,1,0.999993422246123
6787,0.0440937350549976,318.951438069085,1,0.99999464860833
6788,0.0492587278813965,318.998410174881,1,0.999989743686247
6789,0.0567192730750837,319.045382280676,1,0.999974405467178
6790,0.0653275944524151,319.092354386472,1,0.999929150180328
6791,0.0857006217120995,319.139326492268,1,0.999326836133715
6792,0.108943089430894,319.186298598063,1,0.993337173667642
6793,0.128263988522238,319.233270703859,1,0.964897266500886
6794,0.145767575322812,319.280242809655,1,0.875907740500333
6795,0.165758010521282,319.32721491545,1,0.646082855927523
6796,0.17895743663319,319.374187021246,2,0.456604408855579
6797,0.188904830224773,319.421159127042,2,0.33242963176333
6798,0.197895743663319,319.468131232837,2,0.245158174944056
6799,0.20181731229077,319.515103338633,2,0.214588250176674
6800,0.201052128168341,319.562075444428,2,0.220217510957627
6801,0.196843615494978,319.609047550224,2,0.254107677599827
6802,0.191774270683883,319.65601965602,2,0.301890650529983
6803,0.184887613582018,319.702991761815,2,0.379353830569261
6804,0.177522716403635,319.749963867611,2,0.476468557666629
6805,0.168627450980392,319.796935973407,1,0.604744429436218
6806,0.146437111429938,319.843908079202,1,0.870510938481684
6807,0.109038737446198,319.890880184998,1,0.993278266589133
6808,0.0777618364418938,319.937852290794,1,0.999712506009573
6809,0.0446676231468197,319.984824396589,1,0.999994243424646
6810,0.0236250597800096,320.031796502385,1,0.999999646870536
6811,0.0135820181731229,320.07876860818,1,0.999999914269156
6812,0.0131037780966045,320.125740713976,1,0.999999919965524
6813,0.0197991391678623,320.172712819772,1,0.99999979275401
6814,0.028024868483979,320.219684925567,1,0.999999354496351
6815,0.0349115255858441,320.266657031363,1,0.999998374788742
6816,0.0447632711621234,320.313629137159,1,0.999994173071756
6817,0.0723098995695839,320.360601242954,1,0.999842837043427
6818,0.104447632711621,320.40757334875,1,0.99562095990797
6819,0.143185078909613,320.454545454545,1,0.89515570520662
6820,0.169392635102822,320.501517560341,1,0.593613915635038
6821,0.187087517934003,320.548489666137,2,0.353067921678503
6822,0.202295552367288,320.595461771932,2,0.211149907501241
6823,0.215686274509804,320.642433877728,2,0.136700832129371
6824,0.221138211382114,320.689405983524,2,0.116166124383359
6825,0.228598756575801,320.736378089319,2,0.0946259551072973
6826,0.230416068866571,320.783350195115,2,0.0903200097780783
6827,0.232329029172645,320.830322300911,2,0.0861288323917283
6828,0.23299856527977,320.877294406706,2,0.0847398501378989
6829,0.230033476805356,320.924266512502,2,0.091199444621319
6830,0.22649450023912,320.971238618297,2,0.100039030615403
6831,0.222764227642276,321.018210724093,2,0.110885291372624
6832,0.220468675274988,321.065182829889,2,0.118446236154491
6833,0.21635581061693,321.112154935684,2,0.133924164363319
6834,0.215781922525108,321.15912704148,2,0.136299492453095
6835,0.216642754662841,321.206099147276,2,0.132757276645175
6836,0.217886178861789,321.253071253071,2,0.127856614978678
6837,0.215973218555715,321.300043358867,2,0.135501508403106
6838,0.213964610234338,321.347015464663,2,0.144199393659172
6839,0.215781922525108,321.393987570458,2,0.136299492453095
6840,0.22104256336681,321.440959676254,2,0.116487995156442
6841,0.228216164514586,321.487931782049,2,0.0955750290776341
6842,0.232902917264467,321.534903887845,2,0.0849358843816846
6843,0.237111429937829,321.581875993641,2,0.077018204115253
6844,0.24208512673362,321.628848099436,2,0.0693193482022681
6845,0.244858919177427,321.675820205232,2,0.0656927376030245
6846,0.249641319942611,321.722792311028,2,0.0603972548647453
6847,0.252702056432329,321.769764416823,2,0.0575675951946417
6848,0.254519368723099,321.816736522619,2,0.0560721086314094
6849,0.253275944524151,321.863708628415,2,0.0570810705009097
6850,0.24830224772836,321.91068073421,2,0.0617669103380217
6851,0.237685318029651,321.957652840006,2,0.0760439562233137
6852,0.228694404591105,322.004624945801,2,0.0943910537119782
6853,0.220468675274988,322.051597051597,2,0.118446236154491
6854,0.21195600191296,322.098569157393,2,0.153636728335245
6855,0.207364897178384,322.145541263188,2,0.178284324643269
6856,0.208990913438546,322.192513368984,2,0.169037185955458
6857,0.217981826877092,322.23948547478,2,0.127489915604558
6858,0.234624581539933,322.286457580575,2,0.0815255516610437
6859,0.252606408417025,322.333429686371,2,0.0576499899460767
6860,0.261214729794357,322.380401792167,2,0.0516126835328961
6861,0.268292682926829,322.427373897962,2,0.0484512063594392
6862,0.275944524151124,322.474346003758,2,0.0465594086919742
6863,0.278335724533716,322.521318109553,2,0.046265111234849
6864,0.276805356288857,322.568290215349,2,0.0464376658354081
6865,0.277474892395983,322.615262321145,2,0.0463552889628184
6866,0.277283596365375,322.66223442694,2,0.0463777297828143
6867,0.278240076518412,322.709206532736,2,0.0462742595857892
6868,0.278813964610234,322.756178638532,2,0.0462226285197012
6869,0.277953132472501,322.803150744327,2,0.0463030104253774
6870,0.272405547584888,322.850122850123,2,0.0472500646319608
6871,0.264466762314682,322.897094955919,2,0.049978488251236
6872,0.259206121472979,322.944067061714,2,0.0527881588400941
6873,0.246102343376375,322.99103916751,2,0.0642050816362958
6874,0.234911525585844,323.038011273305,2,0.0809808984531543
6875,0.227450980392157,323.084983379101,2,0.0975193981322774
6876,0.227546628407461,323.131955484897,2,0.0972729334789851
6877,0.230224772835964,323.178927590692,2,0.0907579613714599
6878,0.237015781922525,323.225899696488,2,0.0771829058086749
6879,0.249545671927308,323.272871802284,2,0.0604923312853033
6880,0.262266857962697,323.319843908079,2,0.0510485482167157
6881,0.270683883309421,323.366816013875,2,0.0476993884001978
6882,0.278718316594931,323.413788119671,2,0.0462306909067513
6883,0.285413677666188,323.460760225466,2,0.0461869507396305
6884,0.285700621712099,323.507732331262,2,0.0462086679039229
6885,0.28130081300813,323.554704437057,2,0.0460888685103611
6886,0.27479674796748,323.601676542853,2,0.0467496516752544
6887,0.268483978957437,323.648648648649,2,0.0483854710775564
6888,0.261884265901483,323.695620754444,2,0.0512496816131433
6889,0.253658536585366,323.74259286024,2,0.0567641050568736
6890,0.248206599713056,323.789564966036,2,0.0618679737506725
6891,0.241128646580583,323.836537071831,2,0.070674904476325
6892,0.237494021999044,323.883509177627,2,0.0763660628343328
6893,0.235772357723577,323.930481283422,2,0.0793860892099245
6894,0.23558106169297,323.977453389218,2,0.0797354807843731
6895,0.233859397417504,324.024425495014,2,0.0830106878255444
6896,0.231755141080823,324.071397600809,2,0.0873509678991139
6897,0.238259206121473,324.118369706605,2,0.075093254053953
6898,0.241511238641798,324.165341812401,2,0.0701259412947228
6899,0.247632711621234,324.212313918196,2,0.0624836190044236
6900,0.252606408417025,324.259286023992,2,0.0576499899460767
6901,0.253945480631277,324.306258129788,2,0.0565302053666371
6902,0.25480631276901,324.353230235583,2,0.0558478521194904
6903,0.257101865136298,324.400202341379,2,0.0541650569176642
6904,0.261023433763749,324.447174447174,2,0.0517190022621756
6905,0.26207556193209,324.49414655297,2,0.0511485467862402
6906,0.262745098039216,324.541118658766,2,0.0508034865360507
6907,0.262649450023912,324.588090764561,2,0.0508519376400198
6908,0.261406025824964,324.635062870357,2,0.0515075269664062
6909,0.257675753228121,324.682034976153,2,0.0537742734927768
6910,0.253371592539455,324.729007081948,2,0.0570012793743015
6911,0.251076040172166,324.775979187744,2,0.0590203683028873
6912,0.249736967957915,324.82295129354,2,0.0603025953503316
6913,0.250502152080344,324.869923399335,2,0.0595601618757392
6914,0.252510760401722,324.916895505131,2,0.0577327613853934
6915,0.252606408417025,324.963867610926,2,0.0576499899460767
6916,0.24753706360593,325.010839716722,2,0.0625877849050069
6917,0.239693926351028,325.057811822518,2,0.072816076658099
6918,0.235676709708274,325.104783928313,2,0.0795604307527205
6919,0.232424677187948,325.151756034109,2,0.0859279990978978
6920,0.231276901004304,325.198728139905,2,0.0883922046192095
6921,0.228503108560497,325.2457002457,2,0.0948617996649184
6922,0.225059780009565,325.292672351496,2,0.104012362333608
6923,0.220755619320899,325.339644457292,2,0.117461297214098
6924,0.217790530846485,325.386616563087,2,0.128224760641359
6925,0.215686274509804,325.433588668883,2,0.136700832129371
6926,0.212051649928264,325.480560774678,2,0.153169754372832
6927,0.206408417025347,325.527532880474,2,0.184005476082881
6928,0.202391200382592,325.57450498627,2,0.210469538844976
6929,0.197321855571497,325.621477092065,2,0.249999428968077
6930,0.182687709230033,325.668449197861,2,0.406991555687679
6931,0.167479674796748,325.715421303657,1,0.62137345610409
6932,0.150932568149211,325.762393409452,1,0.829820672232756
6933,0.126446676231468,325.809365515248,1,0.969654055201439
6934,0.0998565279770445,325.856337621044,1,0.997181350067676
6935,0.081013868962219,325.903309726839,1,0.999590954495495
6936,0.0700143472022956,325.950281832635,1,0.999878704455472
6937,0.0543280726924916,325.99725393843,1,0.999980845928861
6938,0.0489717838354854,326.044226044226,1,0.999990104039083
6939,0.040650406504065,326.091198150022,1,0.999996559065172
6940,0.0285987565758011,326.138170255817,1,0.999999302190703
6941,0.013868962219034,326.185142361613,1,0.999999910663772
6942,0.00698230511716882,326.232114467409,1,0.999999967161706
6943,0.00659971305595409,326.279086573204,1,0.999999968960782
6944,0.00688665710186514,326.326058679,1,0.999999967620785
6945,0.00277379244380679,326.373030784796,1,0.999999982406838
6946,0.00286944045911047,326.420002890591,1,0.999999982153647
6947,0.00334768053562889,326.466974996387,1,0.99999998083338
6948,0.00363462458153993,326.513947102182,1,0.999999979995962
6949,0.00353897656623625,326.560919207978,1,0.999999980278993
6950,0.00277379244380679,326.607891313774,1,0.999999982406838
6951,0.00277379244380679,326.654863419569,1,0.999999982406838
6952,0.00239120038259206,326.701835525365,1,0.999999983385
6953,0.00334768053562889,326.748807631161,1,0.99999998083338
6954,0.00420851267336203,326.795779736956,1,0.999999978212639
6955,0.00535628885700622,326.842751842752,1,0.999999974168525
6956,0.00459110473457676,326.889723948547,1,0.99999997693854
6957,0.00267814442850311,326.936696054343,1,0.999999982656522
6958,0.00334768053562889,326.983668160139,1,0.99999998083338
6959,0.00612147297943568,327.030640265934,1,0.999999971074844
6960,0.0087039693926351,327.07761237173,1,0.999999957725902
6961,0.0286944045911047,327.124584477526,1,0.999999293082075
6962,0.0552845528455285,327.171556583321,1,0.999978483338276
6963,0.106838833094213,327.218528689117,1,0.994517621152823
6964,0.150549976087996,327.265500794913,1,0.833587126816927
6965,0.177522716403635,327.312472900708,2,0.476468557666629
6966,0.199043519846963,327.359445006504,2,0.235762240521522
6967,0.21272118603539,327.406417112299,2,0.149950882172018
6968,0.223529411764706,327.453389218095,2,0.108520964693987
6969,0.231755141080823,327.500361323891,2,0.0873509678991139
6970,0.238163558106169,327.547333429686,2,0.0752500918930015
6971,0.244189383070301,327.594305535482,2,0.0665282506084377
6972,0.247632711621234,327.641277641278,2,0.0624836190044236
6973,0.247728359636538,327.688249747073,2,0.0623799009080563
6974,0.248015303682449,327.735221852869,2,0.0620714180539093
6975,0.243137254901961,327.782193958665,2,0.0678917841724023
6976,0.237589670014347,327.82916606446,2,0.076204681278645
6977,0.228790052606408,327.876138170256,2,0.094157091823509
6978,0.21635581061693,327.923110276051,2,0.133924164363319
6979,0.203730272596844,327.970082381847,2,0.201195790012136
6980,0.18364418938307,328.017054487643,2,0.394815523952141
6981,0.156575801052128,328.064026593438,1,0.767906771112059
6982,0.120994739359158,328.110998699234,1,0.980667929409799
6983,0.076518412242946,328.15797080503,1,0.999749145924413
6984,0.0517455762792922,328.204942910825,1,0.999986042338287
6985,0.0345289335246294,328.251915016621,1,0.999998455029371
6986,0.0241989478718317,328.298887122417,1,0.999999617740675
6987,0.0137733142037303,328.345859228212,1,0.999999911881675
6988,0.0110951697752272,328.392831334008,1,0.999999940119499
6989,0.012051649928264,328.439803439803,1,0.999999931230122
6990,0.0137733142037303,328.486775545599,1,0.999999911881675
6991,0.0142515542802487,328.533747651395,1,0.9999999056261
6992,0.0146341463414634,328.58071975719,1,0.999999900312152
6993,0.0157819225251076,328.627691862986,1,0.999999882561819
6994,0.014442850310856,328.674663968782,1,0.999999903004562
6995,0.0124342419894787,328.721636074577,1,0.999999927325186
6996,0.0107125777140124,328.768608180373,1,0.999999943352488
6997,0.00860832137733142,328.815580286169,1,0.999999958313225
6998,0.00746054519368723,328.862552391964,1,0.999999964769396
6999,0.00879961740793878,328.90952449776,1,0.999999957130514
7000,0.0131037780966045,328.956496603555,1,0.999999919965524
7001,0.0103299856527977,329.003468709351,1,0.999999946415118
7002,0.00908656145384983,329.050440815147,1,0.999999955294876
7003,0.00717360114777618,329.097412920942,1,0.999999966224424
7004,0.00573888091822095,329.144385026738,1,0.999999972664347
7005,0.00468675274988044,329.191357132534,1,0.999999976608826
7006,0.00439980870396939,329.238329238329,1,0.999999977584421
7007,0.00411286465805835,329.285301344125,1,0.999999978520272
7008,0.00459110473457676,329.332273449921,1,0.99999997693854
7009,0.013868962219034,329.379245555716,1,0.999999910663772
7010,0.0188426590148254,329.426217661512,1,0.999999818827067
7011,0.0298421807747489,329.473189767307,1,0.999999174360859
7012,0.052415112386418,329.520161873103,1,0.999984843596732
7013,0.0916307986609278,329.567133978899,1,0.99875703344892
7014,0.133811573409852,329.614106084694,1,0.946095848331165
7015,0.168818747011,329.66107819049,1,0.601964448114828
7016,0.189956958393113,329.708050296286,2,0.320938514052059
7017,0.21090387374462,329.755022402081,2,0.158893716005334
7018,0.220851267336203,329.801994507877,2,0.11713557671676
7019,0.233189861310378,329.848966613673,2,0.0843501458329279
7020,0.239980870396939,329.895938719468,2,0.072377205215415
7021,0.242754662840746,329.942910825264,2,0.0684033545887683
7022,0.242372070779531,329.989882931059,2,0.0689235148679749
7023,0.241319942611191,330.036855036855,2,0.0703992883601207
7024,0.239502630320421,330.083827142651,2,0.0731116752827832
7025,0.241606886657102,330.130799248446,2,0.0699901134331695
7026,0.23663318986131,330.177771354242,2,0.0778484545473458
7027,0.232233381157341,330.224743460038,2,0.0863304764120624
7028,0.230989956958393,330.271715565833,2,0.0890270729004608
7029,0.234911525585844,330.318687671629,2,0.0809808984531543
7030,0.237589670014347,330.365659777425,2,0.076204681278645
7031,0.236250597800096,330.41263188322,2,0.0785249145078299
7032,0.232615973218556,330.459603989016,2,0.0855287521778926
7033,0.231563845050215,330.506576094811,2,0.0877649506087603
7034,0.233572453371593,330.553548200607,2,0.0835801091971965
7035,0.235772357723577,330.600520306403,2,0.0793860892099245
7036,0.235389765662362,330.647492412198,2,0.0800877171971965
7037,0.237876614060258,330.694464517994,2,0.0757244656891303
7038,0.243711142993783,330.74143662379,2,0.0671402633560487
7039,0.249258727881396,330.788408729585,2,0.0607800760347756
7040,0.251458632233381,330.835380835381,2,0.058668457118062
7041,0.246389287422286,330.882352941177,2,0.0638732760768234
7042,0.242754662840746,330.929325046972,2,0.0684033545887683
7043,0.235389765662362,330.976297152768,2,0.0800877171971965
7044,0.227737924438068,331.023269258563,2,0.0967829532861481
7045,0.222668579626973,331.070241364359,2,0.11118615642878
7046,0.214825442372071,331.117213470155,2,0.140384338436235
7047,0.203921568627451,331.16418557595,2,0.199908741551435
7048,0.196556671449067,331.211157681746,2,0.256605083161114
7049,0.190817790530846,331.258129787542,2,0.311789085881187
7050,0.176087996174079,331.305101893337,2,0.496682449946342
7051,0.156958393113343,331.352073999133,1,0.763298959106455
7052,0.138976566236251,331.399046104929,1,0.921452966605848
7053,0.122620755619321,331.446018210724,1,0.977837879552138
7054,0.107986609277857,331.49299031652,1,0.9939003851284
7055,0.100621712099474,331.539962422315,1,0.996964087547213
7056,0.100813008130081,331.586934528111,1,0.996907362754731
7057,0.0968914395026303,331.633906633907,1,0.997892638286174
7058,0.102630320420851,331.680878739702,1,0.996316504510052
7059,0.114777618364419,331.727850845498,1,0.988714826641832
7060,0.129220468675275,331.774822951294,1,0.962138486017663
7061,0.140219990435198,331.821795057089,1,0.914306847784823
7062,0.145098039215686,331.868767162885,1,0.881135430706573
7063,0.149497847919656,331.91573926868,1,0.843653973974596
7064,0.154471544715447,331.962711374476,1,0.792350602470509
7065,0.162984218077475,332.009683480272,1,0.684979891151947
7066,0.173122907699665,332.056655586067,1,0.539284038604749
7067,0.18622668579627,332.103627691863,2,0.363186956112603
7068,0.191965566714491,332.150599797659,2,0.299944804933687
7069,0.191104734576758,332.197571903454,2,0.30878995019747
7070,0.186609277857484,332.24454400925,2,0.358662771695606
7071,0.182209469153515,332.291516115046,2,0.413168167539409
7072,0.179053084648494,332.338488220841,2,0.455294025147025
7073,0.181731229076997,332.385460326637,2,0.419401990984293
7074,0.183931133428981,332.432432432432,2,0.39120999312597
7075,0.185844093735055,332.479404538228,2,0.367753675830131
7076,0.186035389765662,332.526376644024,2,0.36546502360917
7077,0.189765662362506,332.573348749819,2,0.32300262671688
7078,0.197513151602104,332.620320855615,2,0.248374971008711
7079,0.206599713055954,332.667292961411,2,0.182844135321946
7080,0.211477761836442,332.714265067206,2,0.155998749645391
7081,0.219703491152559,332.761237173002,2,0.121130643120938
7082,0.228024868483979,332.808209278798,2,0.0960552988162961
7083,0.237685318029651,332.855181384593,2,0.0760439562233137
7084,0.244285031085605,332.902153490389,2,0.0664073807719754
7085,0.248015303682449,332.949125596184,2,0.0620714180539093
7086,0.254041128646581,332.99609770198,2,0.0564529612261883
7087,0.260353897656624,333.043069807776,2,0.052100356340214
7088,0.264084170253467,333.090041913571,2,0.050154194923347
7089,0.264466762314682,333.137014019367,2,0.049978488251236
7090,0.263988522238164,333.183986125163,2,0.0501987957334066
7091,0.260066953610713,333.230958230958,2,0.0522682389595996
7092,0.255284552845528,333.277930336754,2,0.0554810897511758
7093,0.250502152080344,333.32490244255,2,0.0595601618757392
7094,0.247250119560019,333.371874548345,2,0.0629029849691175
7095,0.243232902917264,333.418846654141,2,0.0677652191241971
7096,0.240172166427547,333.465818759936,2,0.0720876157135735
7097,0.230320420851267,333.512790865732,2,0.0905385458297428
7098,0.229172644667623,333.559762971528,2,0.0932305667205475
7099,0.228981348637016,333.606735077323,2,0.0936919720155812
7100,0.231372549019608,333.653707183119,2,0.0881822782884675
7101,0.236059301769488,333.700679288915,2,0.0788672885086378
7102,0.241989478718317,333.74765139471,2,0.0694523915370763
7103,0.24753706360593,333.794623500506,2,0.0625877849050069
7104,0.252032520325203,333.841595606301,2,0.0581523112284839
7105,0.259780009564802,333.888567712097,2,0.0524388191356351
7106,0.261406025824964,333.935539817893,2,0.0515075269664062
7107,0.264275466284075,333.982511923688,2,0.0500658034927522
7108,0.26676231468197,334.029484029484,2,0.0490129550233702
7109,0.266857962697274,334.07645613528,2,0.0489759574313878
7110,0.26389287422286,334.123428241075,2,0.0502436674272652
7111,0.261406025824964,334.170400346871,2,0.0515075269664062
7112,0.260066953610713,334.217372452667,2,0.0522682389595996
7113,0.247728359636538,334.264344558462,2,0.0623799009080563
7114,0.242372070779531,334.311316664258,2,0.0689235148679749
7115,0.232329029172645,334.358288770053,2,0.0861288323917283
7116,0.223816355810617,334.405260875849,2,0.107653567549799
7117,0.221425155428025,334.452232981645,2,0.115208134151255
7118,0.218460066953611,334.49920508744,2,0.125677927219983
7119,0.207173601147776,334.546177193236,2,0.179411545076067
7120,0.194165471066475,334.593149299032,2,0.278376711330412
7121,0.179053084648494,334.640121404827,2,0.455294025147025
7122,0.168914395026303,334.687093510623,1,0.60057373405814
7123,0.155714968914395,334.734065616419,1,0.778093267104157
7124,0.146532759445242,334.781037722214,1,0.869726076170968
7125,0.139359158297465,334.82800982801,1,0.919307733574416
7126,0.136489717838355,334.874981933805,1,0.934285024841435
7127,0.136585365853659,334.921954039601,1,0.933825925139643
7128,0.138402678144428,334.968926145397,1,0.924583323769628
7129,0.145002391200383,335.015898251192,1,0.88186853267728
7130,0.156288857006217,335.062870356988,1,0.771330379580539
7131,0.169392635102822,335.109842462784,1,0.593613915635038
7132,0.176661884265901,335.156814568579,2,0.488558899017886
7133,0.179435676709708,335.203786674375,2,0.450070957788461
7134,0.178670492587279,335.250758780171,2,0.460546382371182
7135,0.177809660449546,335.297730885966,2,0.472465800305349
7136,0.177044476327116,335.344702991762,2,0.483170708536887
7137,0.175227164036346,335.391675097557,1,0.50895220320023
7138,0.185557149689144,335.438647203353,2,0.371206387081389
7139,0.198947871831659,335.485619309149,2,0.236530781580868
7140,0.214729794356767,335.532591414944,2,0.140801660338617
7141,0.230703012912482,335.57956352074,2,0.0896696445592081
7142,0.240076518412243,335.626535626536,2,0.0722321128058962
7143,0.252032520325203,335.673507732331,2,0.0581523112284839
7144,0.268005738880918,335.720479838127,2,0.048551662179289
7145,0.274605451936872,335.767451943923,2,0.0467844831957557
7146,0.2831181252989,335.814424049718,2,0.0460831522720281
7147,0.288283118125299,335.861396155514,2,0.0464922659018471
7148,0.285318029650885,335.908368261309,2,0.0461801445763817
7149,0.280631276901004,335.955340367105,2,0.0461105410369134
7150,0.279196556671449,336.002312472901,2,0.0461925465255519
7151,0.276040172166428,336.049284578696,2,0.0465449987790444
7152,0.273457675753228,336.096256684492,2,0.0470123884837904
7153,0.270492587278814,336.143228790288,2,0.0477540096965207
7154,0.272596843615495,336.190200896083,2,0.047204786783255
7155,0.271066475370636,336.237173001879,2,0.0475929832618027
7156,0.266475370636059,336.284145107675,2,0.0491254772682993
7157,0.261119081779053,336.33111721347,2,0.0516656972571414
7158,0.258249641319943,336.378089319266,2,0.0533950463443548
7159,0.257101865136298,336.425061425061,2,0.0541650569176642
7160,0.255762792922047,336.472033530857,2,0.0551229616023901
7161,0.25844093735055,336.519005636653,2,0.0532711717192898
7162,0.261406025824964,336.565977742448,2,0.0515075269664062
7163,0.260736489717838,336.612949848244,2,0.0518806724394667
7164,0.255475848876136,336.65992195404,2,0.055336809648849
7165,0.247728359636538,336.706894059835,2,0.0623799009080563
7166,0.240650406504065,336.753866165631,2,0.0713739827817194
7167,0.237015781922525,336.800838271427,2,0.0771829058086749
7168,0.237780966044955,336.847810377222,2,0.0758838851845063
7169,0.225920612147298,336.894782483018,2,0.101599865293847
7170,0.233572453371593,336.941754588813,2,0.0835801091971965
7171,0.241893830703013,336.988726694609,2,0.0695859876871252
7172,0.250406504065041,337.035698800405,2,0.0596515357947792
7173,0.256432329029173,337.0826709062,2,0.0546358439154746
7174,0.256145384983262,337.129643011996,2,0.0548425893495492
7175,0.25480631276901,337.176615117792,2,0.0558478521194904
7176,0.256910569105691,337.223587223587,2,0.0542979204970663
7177,0.256336681013869,337.270559329383,2,0.0547044244940982
7178,0.254232424677188,337.317531435179,2,0.0562995498788712
7179,0.254041128646581,337.364503540974,2,0.0564529612261883
7180,0.256241032998565,337.41147564677,2,0.0547733393106253
7181,0.259493065518891,337.458447752565,2,0.0526121184461252
7182,0.261119081779053,337.505419858361,2,0.0516656972571414
7183,0.261788617886179,337.552391964157,2,0.0513006768819928
7184,0.262840746054519,337.599364069952,2,0.0507553146955889
7185,0.264179818268771,337.646336175748,2,0.050109864380629
7186,0.26207556193209,337.693308281544,2,0.0511485467862402
7187,0.260449545671927,337.740280387339,2,0.0520449912476147
7188,0.26025824964132,337.787252493135,2,0.0521560188016277
7189,0.26207556193209,337.834224598931,2,0.0511485467862402
7190,0.260162601626016,337.881196704726,2,0.0522119794129047
7191,0.253945480631277,337.928168810522,2,0.0565302053666371
7192,0.248110951697752,337.975140916317,2,0.0619694758204945
7193,0.230703012912482,338.022113022113,2,0.0896696445592081
7194,0.220468675274988,338.069085127909,2,0.11844623615449
7195,0.206886657101865,338.116057233704,2,0.181118243834039
7196,0.193974175035868,338.1630293395,2,0.280193284410064
7197,0.187374461979914,338.210001445296,2,0.349743469392985
7198,0.188904830224773,338.256973551091,2,0.33242963176333
7199,0.200573888091822,338.303945656887,2,0.223816832675171
7200,0.213008130081301,338.350917762683,2,0.148597789895367
7201,0.222381635581062,338.397889868478,2,0.112095959851981
7202,0.230798660927786,338.444861974274,2,0.0894545925308604
7203,0.238259206121473,338.491834080069,2,0.075093254053953
7204,0.241511238641798,338.538806185865,2,0.0701259412947228
7205,0.24648493543759,338.585778291661,2,0.063763613497581
7206,0.250884744141559,338.632750397456,2,0.0591986988062397
7207,0.253945480631277,338.679722503252,2,0.0565302053666371
7208,0.25480631276901,338.726694609048,2,0.0558478521194904
7209,0.258153993304639,338.773666714843,2,0.053457456642706
7210,0.261214729794357,338.820638820639,2,0.0516126835328961
7211,0.266857962697274,338.867610926435,2,0.0489759574313878
7212,0.269153515064562,338.91458303223,2,0.0481631238066535
7213,0.265805834528934,338.961555138026,2,0.0493970176996403
7214,0.264179818268771,339.008527243821,2,0.050109864380629
7215,0.260927785748446,339.055499349617,2,0.0517725992935503
7216,0.255571496891439,339.102471455413,2,0.0552651850459367
7217,0.250502152080344,339.149443561208,2,0.0595601618757392
7218,0.253084648493544,339.196415667004,2,0.0572417592114169
7219,0.247919655667145,339.2433877728,2,0.0621738019645363
7220,0.238737446197991,339.290359878595,2,0.0743186068944177
7221,0.233476805356289,339.337331984391,2,0.0837714543801691
7222,0.228981348637016,339.384304090187,2,0.0936919720155812
7223,0.22544237207078,339.431276195982,2,0.102929436370232
7224,0.225633668101387,339.478248301778,2,0.102394421207727
7225,0.220277379244381,339.525220407573,2,0.119109392441553
7226,0.221520803443329,339.572192513369,2,0.114891328763653
7227,0.219703491152559,339.619164619165,2,0.121130643120938
7228,0.212816834050693,339.66613672496,2,0.149498105834305
7229,0.20286944045911,339.713108830756,2,0.207103876408381
7230,0.193687230989957,339.760080936552,2,0.282939114337545
7231,0.185557149689144,339.807053042347,2,0.371206387081389
7232,0.179913916786227,339.854025148143,2,0.443584853041602
7233,0.168149210903874,339.900997253938,1,0.611684792622176
7234,0.164705882352941,339.947969359734,1,0.660991932727818
7235,0.165088474414156,339.99494146553,1,0.65559000426096
7236,0.171879483500717,340.041913571325,1,0.557360350144909
7237,0.182400765184122,340.088885677121,2,0.41069057649938
7238,0.193782879005261,340.135857782917,2,0.282021039101166
7239,0.206025824964132,340.182829888712,2,0.186354174982282
7240,0.216451458632233,340.229801994508,2,0.133533675781982
7241,0.229650884744142,340.276774100304,2,0.0920931164214268
7242,0.236346245815399,340.323746206099,2,0.0783547674654215
7243,0.241606886657102,340.370718311895,2,0.0699901134331695
7244,0.245528455284553,340.41769041769,2,0.0648815228454461
7245,0.250980392156863,340.464662523486,2,0.059109334563653
7246,0.251458632233381,340.511634629282,2,0.058668457118062
7247,0.252415112386418,340.558606735077,2,0.0578159107159161
7248,0.255188904830225,340.605578840873,2,0.0555537473204356
7249,0.259206121472979,340.652550946669,2,0.0527881588400941
7250,0.267910090865615,340.699523052464,2,0.0485856433800487
7251,0.277570540411286,340.74649515826,2,0.0463443965704335
7252,0.285413677666188,340.793467264056,2,0.0461869507396305
7253,0.291917742706839,340.840439369851,2,0.0471648387786251
7254,0.296508847441416,340.887411475647,2,0.0484911446168208
7255,0.296221903395505,340.934383581442,2,0.0483920230187479
7256,0.292682926829268,340.981355687238,2,0.0473481705067373
7257,0.286370157819225,341.028327793034,2,0.0462669298329601
7258,0.287422285987566,341.075299898829,2,0.0463800300062788
7259,0.287709230033477,341.122272004625,2,0.0464154655588048
7260,0.285987565758011,341.169244110421,2,0.0462323351373105
7261,0.281779053084649,341.216216216216,2,0.0460798413083009
7262,0.277283596365375,341.263188322012,2,0.0463777297828143
7263,0.272405547584888,341.310160427808,2,0.0472500646319608
7264,0.269727403156384,341.357132533603,2,0.0479820226627417
7265,0.265136298421808,341.404104639399,2,0.0496812908506914
7266,0.267910090865615,341.451076745194,2,0.0485856433800487
7267,0.270109995217599,341.49804885099,2,0.0478661045251455
7268,0.268866571018651,341.545020956786,2,0.0482569490690748
7269,0.265423242467719,341.591993062581,2,0.0495578883155075
7270,0.264466762314682,341.638965168377,2,0.049978488251236
7271,0.265231946437111,341.685937274173,2,0.0496398936858111
7272,0.265997130559541,341.732909379968,2,0.0493181436114042
7273,0.270205643232903,341.779881485764,2,0.0478377233460322
7274,0.278813964610234,341.826853591559,2,0.0462226285197012
7275,0.287039693926351,341.873825697355,2,0.0463358473595885
7276,0.290674318507891,341.920797803151,2,0.0468981863228955
7277,0.292491630798661,341.967769908946,2,0.0473009521570846
7278,0.292109038737446,342.014742014742,2,0.0472092887626677
7279,0.289335246293639,342.061714120538,2,0.0466537096193482
7280,0.285796269727403,342.108686226333,2,0.046216340171928
7281,0.290769966523195,342.155658332129,2,0.0469173352239706
7282,0.291630798660928,342.202630437925,2,0.0470998841940767
7283,0.293448110951698,342.24960254372,2,0.0475463482616115
7284,0.296413199426112,342.296574649516,2,0.0484578572426854
7285,0.299856527977044,342.343546755311,2,0.0498155664880894
7286,0.300239120038259,342.390518861107,2,0.0499872017398621
7287,0.3012912482066,342.437490966903,2,0.050481423381062
7288,0.301578192252511,342.484463072698,2,0.0506219464549699
7289,0.297274031563845,342.531435178494,2,0.0487663904568681
7290,0.293735054997609,342.57840728429,2,0.047624526928027
7291,0.28493543758967,342.625379390085,2,0.0461550819806473
7292,0.274222859875658,342.672351495881,2,0.0468568406332277
7293,0.265136298421808,342.719323601677,2,0.0496812908506914
7294,0.256719273075084,342.766295707472,2,0.0544320978400806
7295,0.246867527498804,342.813267813268,2,0.0633296158603844
7296,0.237876614060258,342.860239919063,2,0.0757244656891303
7297,0.23299856527977,342.907212024859,2,0.0847398501378989
7298,0.232807269249163,342.954184130655,2,0.0851327107556914
7299,0.234720229555237,343.00115623645,2,0.0813432653412897
7300,0.24026781444285,343.048128342246,2,0.0719437117221393
7301,0.247824007651841,343.095100448042,2,0.0622766290732196
7302,0.255571496891439,343.142072553837,2,0.0552651850459367
7303,0.261597321855571,343.189044659633,2,0.0514035266854462
7304,0.2649450023912,343.236016765429,2,0.0497648769886643
7305,0.268962219033955,343.282988871224,2,0.0482254302944291
7306,0.274414155906265,343.32996097702,2,0.0468202122094448
7307,0.279674796747967,343.376933082815,2,0.0461598137255214
7308,0.282352941176471,343.423905188611,2,0.0460761022544203
7309,0.285796269727403,343.470877294407,2,0.046216340171928
7310,0.288952654232425,343.517849400202,2,0.0465919004068313
7311,0.289717838354854,343.564821505998,2,0.0467190808109383
7312,0.287326637972262,343.611793611794,2,0.0463686562816475
7313,0.291343854615017,343.658765717589,2,0.0470369871061884
7314,0.282544237207078,343.705737823385,2,0.046076575198852
7315,0.272118603538977,343.752709929181,2,0.0473197119137084
7316,0.263223338115734,343.799682034976,2,0.0505654066498005
7317,0.25480631276901,343.846654140772,2,0.0558478521194904
7318,0.24571975131516,343.893626246567,2,0.0646541259980287
7319,0.235676709708274,343.940598352363,2,0.0795604307527205
7320,0.227546628407461,343.987570458159,2,0.0972729334789851
7321,0.232520325203252,344.034542563954,2,0.0857279733994179
7322,0.236346245815399,344.08151466975,2,0.0783547674654215
7323,0.240459110473458,344.128486775546,2,0.0716576742257163
7324,0.243998087039694,344.175458881341,2,0.0667715174683681
7325,0.248397895743663,344.222430987137,2,0.0616662840832905
7326,0.25375418460067,344.269403092933,2,0.0566857761580256
7327,0.261214729794357,344.316375198728,2,0.0516126835328961
7328,0.266284074605452,344.363347304524,2,0.0492017718011987
7329,0.269153515064562,344.410319410319,2,0.0481631238066535
7330,0.273170731707317,344.457291516115,2,0.0470744642425652
7331,0.277092300334768,344.504263621911,2,0.0464010463203669
7332,0.278622668579627,344.551235727706,2,0.0462389702599095
7333,0.277379244380679,344.598207833502,2,0.0463663999841507
7334,0.277379244380679,344.645179939298,2,0.0463663999841507
7335,0.279292204686753,344.692152045093,2,0.0461855674141279
7336,0.281205164992826,344.739124150889,2,0.0460913190680466
7337,0.282639885222382,344.786096256685,2,0.0460771340370889
7338,0.280153036824486,344.83306836248,2,0.0461324815979966
7339,0.276518412242946,344.880040468276,2,0.0464762629332605
7340,0.271353419416547,344.927012574071,2,0.0475156508766289
7341,0.266092778574845,344.973984679867,2,0.0492790949675051
7342,0.262553802008608,345.020956785663,2,0.0509006686806687
7343,0.259780009564802,345.067928891458,2,0.0524388191356351
7344,0.258823529411765,345.114900997254,2,0.0530271819124
7345,0.255380200860832,345.16187310305,2,0.0554087775398547
7346,0.255667144906743,345.208845208845,2,0.0551939027042767
7347,0.256241032998565,345.255817314641,2,0.0547733393106253
7348,0.255188904830225,345.302789420437,2,0.0555537473204356
7349,0.25480631276901,345.349761526232,2,0.0558478521194904
7350,0.256049736967958,345.396733632028,2,0.0549121756005893
7351,0.259493065518891,345.443705737823,2,0.0526121184461252
7352,0.261597321855571,345.490677843619,2,0.0514035266854462
7353,0.25844093735055,345.537649949415,2,0.0532711717192898
7354,0.259780009564802,345.58462205521,2,0.0524388191356351
7355,0.261979913916786,345.631594161006,2,0.0511989718168033
7356,0.262840746054519,345.678566266802,2,0.0507553146955889
7357,0.262745098039216,345.725538372597,2,0.0508034865360507
7358,0.26207556193209,345.772510478393,2,0.0511485467862402
7359,0.265136298421808,345.819482584189,2,0.0496812908506914
7360,0.268483978957437,345.866454689984,2,0.0483854710775564
7361,0.269631755141081,345.91342679578,2,0.0480116025165717
7362,0.270779531324725,345.960398901575,2,0.0476724329794748
7363,0.271544715447154,346.007371007371,2,0.047465267595026
7364,0.270779531324725,346.054343113167,2,0.0476724329794748
7365,0.269153515064562,346.101315218962,2,0.0481631238066535
7366,0.266666666666667,346.148287324758,2,0.0490502071862613
7367,0.264849354375897,346.195259430554,2,0.0498070671127522
7368,0.264084170253467,346.242231536349,2,0.050154194923347
7369,0.263414634146341,346.289203642145,2,0.0504721110081196
7370,0.264466762314682,346.336175747941,2,0.049978488251236
7371,0.265423242467719,346.383147853736,2,0.0495578883155075
7372,0.265901482544237,346.430119959532,2,0.0493574510089434
7373,0.266188426590148,346.477092065327,2,0.0492403045414591
7374,0.267718794835007,346.524064171123,2,0.0486543524473753
7375,0.270205643232903,346.571036276919,2,0.0478377233460322
7376,0.272118603538977,346.618008382714,2,0.0473197119137084
7377,0.275370636059302,346.66498048851,2,0.0466505236348197
7378,0.276805356288857,346.711952594306,2,0.0464376658354081
7379,0.277187948350072,346.758924700101,2,0.0463892785101317
7380,0.27766618842659,346.805896805897,2,0.0463337226615478
7381,0.276231468197035,346.852868911692,2,0.0465168422574708
7382,0.276518412242946,346.899841017488,2,0.0464762629332605
7383,0.277761836441894,346.946813123284,2,0.0463232670936457
7384,0.279961740793879,346.993785229079,2,0.0461427669914154
7385,0.273935915829747,347.040757334875,2,0.046913473976549
7386,0.271353419416547,347.087729440671,2,0.0475156508766289
7387,0.267718794835007,347.134701546466,2,0.0486543524473753
7388,0.261884265901483,347.181673652262,2,0.0512496816131433
7389,0.259206121472979,347.228645758058,2,0.0527881588400941
7390,0.25844093735055,347.275617863853,2,0.0532711717192898
7391,0.256336681013869,347.322589969649,2,0.0547044244940982
7392,0.254136776661884,347.369562075444,2,0.0563760764334959
7393,0.257962697274032,347.41653418124,2,0.0535832276302858
7394,0.256241032998565,347.463506287036,2,0.0547733393106253
7395,0.256241032998565,347.510478392831,2,0.0547733393106253
7396,0.25844093735055,347.557450498627,2,0.0532711717192898
7397,0.26131037780966,347.604422604423,2,0.0515599603482593
7398,0.262266857962697,347.651394710218,2,0.0510485482167157
7399,0.262458153993305,347.698366816014,2,0.0509496803353177
7400,0.262266857962697,347.74533892181,2,0.0510485482167157
7401,0.263032042085127,347.792311027605,2,0.0506598061331573
7402,0.262840746054519,347.839283133401,2,0.0507553146955889
7403,0.262649450023912,347.886255239196,2,0.0508519376400198
7404,0.261214729794357,347.933227344992,2,0.0516126835328961
7405,0.259875657580105,347.980199450788,2,0.0523816580240782
7406,0.258153993304639,348.027171556583,2,0.053457456642706
7407,0.258823529411765,348.074143662379,2,0.0530271819124
7408,0.260353897656624,348.121115768175,2,0.052100356340214
7409,0.263605930176949,348.16808787397,2,0.0503799140358293
7410,0.267336202773792,348.215059979766,2,0.048794770440992
7411,0.270875179340029,348.262032085562,2,0.0476457138898245
7412,0.272788139646102,348.309004191357,2,0.0471604290194346
7413,0.27403156384505,348.355976297153,2,0.0468943704329557
7414,0.275466284074605,348.402948402948,2,0.0466347825800149
7415,0.27403156384505,348.449920508744,2,0.0468943704329557
7416,0.271927307508369,348.49689261454,2,0.0473673007570563
7417,0.273170731707317,348.543864720335,2,0.0470744642425652
7418,0.270492587278814,348.590836826131,2,0.0477540096965207
7419,0.269153515064562,348.637808931927,2,0.0481631238066535
7420,0.269631755141081,348.684781037722,2,0.0480116025165717
7421,0.268866571018651,348.731753143518,2,0.0482569490690748
7422,0.267910090865615,348.778725249314,2,0.0485856433800487
7423,0.270014347202296,348.825697355109,2,0.0478947246568964
7424,0.273553323768532,348.872669460905,2,0.0469921517964212
7425,0.277570540411286,348.9196415667,2,0.0463443965704335
7426,0.277379244380679,348.966613672496,2,0.0463663999841507
7427,0.27661406025825,349.013585778292,2,0.0464631772208524
7428,0.275274988043998,349.060557884087,2,0.0466664872668778
7429,0.276518412242946,349.107529989883,2,0.0464762629332605
7430,0.278909612625538,349.154502095679,2,0.046214782991233
7431,0.279866092778575,349.201474201474,2,0.0461482333440759
7432,0.278240076518412,349.24844630727,2,0.0462742595857892
7433,0.276709708273553,349.295418413066,2,0.0464503115788948
7434,0.272692491630799,349.342390518861,2,0.047182493041203
7435,0.268962219033955,349.389362624657,2,0.0482254302944291
7436,0.270683883309421,349.436334730452,2,0.0476993884001978
7437,0.274222859875658,349.483306836248,2,0.0468568406332277
7438,0.278048780487805,349.530278942044,2,0.0462932090546188
7439,0.281013868962219,349.577251047839,2,0.0460968655446047
7440,0.282926829268293,349.624223153635,2,0.0460801001137736
7441,0.283787661406026,349.671195259431,2,0.0461006088224853
7442,0.285031085604974,349.718167365226,2,0.0461610234909052
7443,0.283405069344811,349.765139471022,2,0.0460893430765786
7444,0.278048780487805,349.812111576817,2,0.0462932090546188
7445,0.283596365375418,349.859083682613,2,0.0460945456450276
