"y","mean_gray","position..mm.","facies_class","facies_prob"
532,0.114203730272597,25.1409163173869,1,0.989340809311894
533,0.143950263032042,25.1878884231826,1,0.890180276187836
534,0.161262553802009,25.2348605289782,1,0.709225751813245
535,0.172357723577236,25.2818326347738,1,0.551387069762562
536,0.179053084648494,25.3288047405695,2,0.456254829945415
537,0.180583452893352,25.3757768463651,2,0.435533731742046
538,0.175514108082257,25.4227489521607,1,0.505835005015153
539,0.173218555714969,25.4697210579564,1,0.538885422079776
540,0.172070779531325,25.516693163752,1,0.555562442703167
541,0.171305595408895,25.5636652695476,1,0.56670982361949
542,0.174270683883309,25.6106373753433,1,0.523674837631254
543,0.184791965566714,25.6576094811389,2,0.381422576732319
544,0.194356767097083,25.7045815869345,2,0.27731315411982
545,0.195026303204209,25.7515536927302,2,0.271070643435593
546,0.197226207556193,25.7985257985258,2,0.251509588863612
547,0.195695839311334,25.8454979043214,2,0.264963856643701
548,0.192156862745098,25.8924700101171,2,0.298789036640212
549,0.189191774270684,25.9394421159127,2,0.33008983598841
550,0.181635581061693,25.9864142217084,2,0.421590318624384
551,0.178574844571975,26.033386327504,2,0.462828714610237
552,0.183452893352463,26.0803584332996,2,0.398144073694946
553,0.177522716403635,26.1273305390953,2,0.477441106539068
554,0.17714012434242,26.1743026448909,2,0.482802289824637
555,0.176853180296509,26.2212747506865,2,0.486838685710854
556,0.175992348158776,26.2682468564822,2,0.499022155435802
557,0.176853180296509,26.3152189622778,2,0.486838685710854
558,0.178479196556671,26.3621910680734,2,0.46414877037116
559,0.178287900526064,26.4091631738691,2,0.466794026402578
560,0.176183644189383,26.4561352796647,2,0.496305541669275
561,0.164131994261119,26.5031073854603,1,0.66997372475207
562,0.163653754184601,26.550079491256,1,0.676635747957601
563,0.160688665710187,26.5970515970516,1,0.716845463432574
564,0.158775705404113,26.6440237028472,1,0.741595186537394
565,0.157532281205165,26.6909958086429,1,0.757099310740384
566,0.15351506456241,26.7379679144385,1,0.803647021767374
567,0.150263032042085,26.7849400202342,1,0.837002013055703
568,0.150549976087996,26.8319121260298,1,0.834221375073864
569,0.144237207077953,26.8788842318254,1,0.888089340499882
570,0.136681013868962,26.9258563376211,1,0.933681057354781
571,0.133428981348637,26.9728284434167,1,0.947885694226227
572,0.13065518890483,27.0198005492123,1,0.957861215129693
573,0.123481587757054,27.066772655008,1,0.976325422798854
574,0.120994739359158,27.1137447608036,1,0.980778495119165
575,0.128742228598757,27.1607168665992,1,0.963732250745778
576,0.137350549976088,27.2076889723949,1,0.930385626631126
577,0.142611190817791,27.2546610781905,1,0.899543034759979
578,0.142706838833094,27.3016331839861,1,0.898895599467157
579,0.140985174557628,27.3486052897818,1,0.910059214869761
580,0.138307030129125,27.3955773955774,1,0.925443360934286
581,0.139167862266858,27.442549501373,1,0.920752072705407
582,0.14519368723099,27.4895216071687,1,0.880900116052074
583,0.154184600669536,27.5364937129643,1,0.796286718770326
584,0.160019129603061,27.58346581876,1,0.725625039997047
585,0.167479674796748,27.6304379245556,1,0.622337258309614
586,0.171209947393592,27.6774100303512,1,0.568104153164794
587,0.171114299378288,27.7243821361469,1,0.569498604429035
588,0.164705882352941,27.7713542419425,1,0.661924622249848
589,0.15533237685318,27.8183263477381,1,0.783290523059872
590,0.149784791965567,27.8652984535338,1,0.841565832665052
591,0.1480631276901,27.9122705593294,1,0.857264059226545
592,0.147871831659493,27.959242665125,1,0.858937694635344
593,0.151315160210426,28.0062147709207,1,0.826651500658365
594,0.156958393113343,28.0531868767163,1,0.764088701376905
595,0.164323290291726,28.1001589825119,1,0.667297106053459
596,0.170540411286466,28.1471310883076,1,0.577866517004282
597,0.172070779531325,28.1941031941032,1,0.555562442703167
598,0.170349115255858,28.2410752998988,1,0.580655698833663
599,0.170540411286466,28.2880474056945,1,0.577866517004282
600,0.171401243424199,28.3350195114901,1,0.565315639823513
601,0.16700143472023,28.3819916172857,1,0.629229175962695
602,0.16987087517934,28.4289637230814,1,0.587626539529498
603,0.173601147776184,28.475935828877,1,0.533344117667636
604,0.174653275944524,28.5229079346727,1,0.518167975016936
605,0.17532281205165,28.5698800404683,1,0.508568243894709
606,0.176087996174079,28.6168521462639,2,0.497663219429056
607,0.175609756097561,28.6638242520596,1,0.504470080097205
608,0.173696795791487,28.7107963578552,1,0.531960498006747
609,0.17895743663319,28.7577684636508,2,0.457566032448005
610,0.177809660449546,28.8047405694465,2,0.473436373171016
611,0.176757532281205,28.8517126752421,2,0.488187004842199
612,0.175418460066954,28.8986847810377,1,0.507201066498281
613,0.175131516021043,28.9456568868334,1,0.511305863303551
614,0.17532281205165,28.992628992629,1,0.508568243894709
615,0.175896700143472,29.0396010984246,1,0.500382329679512
616,0.176566236250598,29.0865732042203,2,0.490887809419356
617,0.180870396939264,29.1335453100159,2,0.431705479669675
618,0.182879005260641,29.1805174158115,2,0.405457184079978
619,0.183357245337159,29.2274895216072,2,0.399356931921941
620,0.183835485413678,29.2744616274028,2,0.393316949399998
621,0.18546150167384,29.3214337331985,2,0.373247533879083
622,0.185270205643233,29.3684058389941,2,0.375570369649612
623,0.182496413199426,29.4153779447897,2,0.410379908281322
624,0.179053084648494,29.4623500505854,2,0.456254829945415
625,0.176183644189383,29.509322156381,2,0.496305541669275
626,0.169201339072214,29.5562942621766,1,0.597375844644331
627,0.160401721664275,29.6032663679723,1,0.720622990085551
628,0.153706360593018,29.6502384737679,1,0.801560907991
629,0.150932568149211,29.6972105795635,1,0.830464547938266
630,0.153419416547107,29.7441826853592,1,0.804685000867133
631,0.157436633189861,29.7911547911548,1,0.758271669492273
632,0.161071257771401,29.8381268969504,1,0.711775058095412
633,0.167288378766141,29.8850990027461,1,0.62509669750865
634,0.172070779531325,29.9320711085417,1,0.555562442703167
635,0.17168818747011,29.9790432143373,1,0.56113420253421
636,0.169296987087518,30.026015320133,1,0.595984061957474
637,0.167192730750837,30.0729874259286,1,0.626475105476206
638,0.160401721664275,30.1199595317243,1,0.720622990085551
639,0.153228120516499,30.1669316375199,1,0.80675076954818
640,0.152271640363462,30.2139037433155,1,0.816874217858224
641,0.156958393113343,30.2608758491112,1,0.764088701376905
642,0.158106169296987,30.3078479549068,1,0.750003648131927
643,0.163271162123386,30.3548200607024,1,0.68193352301177
644,0.1662362505978,30.4017921664981,1,0.640205282612261
645,0.162219033955045,30.4487642722937,1,0.696344432765967
646,0.158488761358202,30.4957363780893,1,0.745215681617273
647,0.154088952654232,30.542708483885,1,0.797348258621492
648,0.14988043998087,30.5896805896806,1,0.840660132378903
649,0.150741272118604,30.6366526954762,1,0.832349998916868
650,0.159349593495935,30.6836248012719,1,0.734280122267329
651,0.165279770444763,30.7305969070675,1,0.653820543048443
652,0.169583931133429,30.7775690128631,1,0.591806616011722
653,0.174461979913917,30.8245411186588,1,0.520919598611835
654,0.176853180296509,30.8715132244544,2,0.486838685710854
655,0.178096604495457,30.91848533025,2,0.469446027708113
656,0.179818268770923,30.9654574360457,2,0.445832062189251
657,0.183548541367767,31.0124295418413,2,0.396933636527896
658,0.178096604495457,31.059401647637,2,0.469446027708113
659,0.175418460066954,31.1063737534326,1,0.507201066498281
660,0.178096604495457,31.1533458592282,2,0.469446027708113
661,0.182687709230033,31.2003179650239,2,0.407913871789297
662,0.18546150167384,31.2472900708195,2,0.373247533879083
663,0.187661406025825,31.2942621766151,2,0.347295467805012
664,0.188713534194165,31.3412342824108,2,0.335390534060996
665,0.191965566714491,31.3882063882064,2,0.300726801227912
666,0.190530846484935,31.435178494002,2,0.315619396687782
667,0.18727881396461,31.4821505997977,2,0.351706774788142
668,0.185557149689144,31.5291227055933,2,0.372090012903444
669,0.186513629842181,31.5760948113889,2,0.360659321060989
670,0.185652797704448,31.6230669171846,2,0.370935099375099
671,0.179340028694405,31.6700390229802,2,0.45233220605326
672,0.172644667623147,31.7170111287758,1,0.547215356702946
673,0.1662362505978,31.7639832345715,1,0.640205282612261
674,0.165853658536585,31.8109553403671,1,0.645666520649411
675,0.165088474414156,31.8579274461628,1,0.656527702404677
676,0.165088474414156,31.9048995519584,1,0.656527702404677
677,0.16700143472023,31.951871657754,1,0.629229175962695
678,0.16987087517934,31.9988437635497,1,0.587626539529498
679,0.173122907699665,32.0458158693453,1,0.540272341497563
680,0.174748923959828,32.0927879751409,1,0.516793573040118
681,0.180296508847441,32.1397600809366,2,0.439380537533237
682,0.182209469153515,32.1867321867322,2,0.414096296096398
683,0.184887613582018,32.2337042925278,2,0.380247009600346
684,0.185652797704448,32.2806763983235,2,0.370935099375099
685,0.185652797704448,32.3276485041191,2,0.370935099375099
686,0.184600669536107,32.3746206099147,2,0.383781343988896
687,0.181157340985175,32.4215927157104,2,0.427896154637566
688,0.178670492587279,32.468564821506,2,0.461510396244249
689,0.17350549976088,32.5155369273016,1,0.534728442452075
690,0.16700143472023,32.5625090330973,1,0.629229175962695
691,0.161645145863223,32.6094811388929,1,0.704099705628866
692,0.161166905786705,32.6564532446885,1,0.710501564270889
693,0.166140602582496,32.7034253504842,1,0.64157237645469
694,0.171496891439503,32.7503974562798,1,0.56392162576114
695,0.174653275944524,32.7973695620755,1,0.518167975016936
696,0.17532281205165,32.8443416678711,1,0.508568243894709
697,0.176853180296509,32.8913137736667,2,0.486838685710854
698,0.177331420373027,32.9382858794624,2,0.480118682200073
699,0.178000956480153,32.985257985258,2,0.470774514584543
700,0.178000956480153,33.0322300910536,2,0.470774514584543
701,0.174079387852702,33.0792021968493,1,0.526433517868305
702,0.166044954567193,33.1261743026449,1,0.642938296721815
703,0.159349593495935,33.1731464084405,1,0.734280122267329
704,0.155523672883788,33.2201185142362,1,0.781078868664994
705,0.156288857006217,33.2670906200318,1,0.772104846299252
706,0.159923481587757,33.3140627258274,1,0.726869244013793
707,0.166905786704926,33.3610348316231,1,0.630604789693232
708,0.174461979913917,33.4080069374187,1,0.520919598611835
709,0.179340028694405,33.4549790432144,2,0.45233220605326
710,0.18364418938307,33.50195114901,2,0.395725630289571
711,0.192156862745098,33.5489232548056,2,0.298789036640212
712,0.201434720229555,33.5958953606013,2,0.218009151417514
713,0.203156384505022,33.6428674663969,2,0.205712893233055
714,0.20832137733142,33.6898395721925,2,0.173299684682163
715,0.211669057867049,33.7368116779882,2,0.155532609354241
716,0.211764705882353,33.7837837837838,2,0.155059065041667
717,0.21195600191296,33.8307558895794,2,0.154117423119416
718,0.20908656145385,33.8777279953751,2,0.169027855965366
719,0.203825920612147,33.9247001011707,2,0.201140762826707
720,0.201243424198948,33.9716722069663,2,0.219424385843207
721,0.195982783357245,34.018644312762,2,0.262387970325946
722,0.199139167862267,34.0656164185576,2,0.235658886904402
723,0.198756575801052,34.1125885243532,2,0.238744491750742
724,0.199139167862267,34.1595606301489,2,0.235658886904402
725,0.201912960306074,34.2065327359445,2,0.214514356905927
726,0.203252032520325,34.2535048417401,2,0.205052652187113
727,0.20363462458154,34.3004769475358,2,0.202435326403916
728,0.206791009086561,34.3474490533314,2,0.182238528353882
729,0.204208512673362,34.3944211591271,2,0.198579593501711
730,0.211573409851746,34.4413932649227,2,0.156007977375964
731,0.218460066953611,34.4883653707183,2,0.126089071564395
732,0.220946915351506,34.535337476514,2,0.117199652042523
733,0.223720707795313,34.5823095823096,2,0.108307200771195
734,0.227929220468675,34.6292816881052,2,0.096632310798
735,0.234050693448111,34.6762537939009,2,0.0829348819897761
736,0.235963653754185,34.7232258996965,2,0.0793302774648531
737,0.237207077953132,34.7701980054921,2,0.0771393527438231
738,0.243137254901961,34.8171701112878,2,0.068154627211995
739,0.247058823529412,34.8641422170834,2,0.0633669429860378
740,0.243998087039694,34.911114322879,2,0.0670316596585312
741,0.23739837398374,34.9580864286747,2,0.0768124558259228
742,0.232424677187948,35.0050585344703,2,0.0862365004104595
743,0.231372549019608,35.0520306402659,2,0.0884966221095751
744,0.232329029172645,35.0990027460616,2,0.0864378537141847
745,0.229842180774749,35.1459748518572,2,0.091967821677801
746,0.225538020086083,35.1929469576529,2,0.103013363287374
747,0.218747010999522,35.2399190634485,2,0.125016176242084
748,0.215494978479197,35.2868911692441,2,0.137949175473368
749,0.215016738402678,35.3338632750398,2,0.140000603012789
750,0.207747489239598,35.3808353808354,2,0.176589122263417
751,0.194165471066475,35.427807486631,2,0.27912177845767
752,0.183452893352463,35.4747795924267,2,0.398144073694946
753,0.169488283118125,35.5217516982223,1,0.593199423041503
754,0.161932089909134,35.5687238040179,1,0.700231788585875
755,0.152845528455285,35.6156959098136,1,0.810841369139931
756,0.144811095169775,35.6626680156092,1,0.883816527694812
757,0.135628885700622,35.7096401214048,1,0.93859583676518
758,0.124246771879484,35.7566122272005,1,0.974779280827718
759,0.111238641798183,35.8035843329961,1,0.99183406804461
760,0.103491152558584,35.8505564387917,1,0.996028287576983
761,0.104543280726925,35.8975285445874,1,0.995610923886166
762,0.112960306073649,35.944500650383,1,0.990461520452657
763,0.120803443328551,35.9914727561787,1,0.981087390687073
764,0.120325203252033,36.0384448619743,1,0.981840012540108
765,0.122142515542802,36.0854169677699,1,0.978827115448177
766,0.132759445241511,36.1323890735656,1,0.950463056865998
767,0.141846006695361,36.1793611793612,1,0.90460631425035
768,0.141272118603539,36.2263332851568,1,0.908269860008434
769,0.145671927307508,36.2733053909525,1,0.877177640108178
770,0.143950263032042,36.3202774967481,1,0.890180276187836
771,0.142993782879005,36.3672496025437,1,0.896933744661731
772,0.143663318986131,36.4142217083394,1,0.892241121349705
773,0.144715447154472,36.461193814135,1,0.88453712335191
774,0.147871831659493,36.5081659199306,1,0.858937694635344
775,0.153132472501196,36.5551380257263,1,0.807778546047444
776,0.158201817312291,36.6021101315219,1,0.748810919346793
777,0.162219033955045,36.6490822373175,1,0.696344432765967
778,0.170062171209947,36.6960543431132,1,0.584838687776291
779,0.174748923959828,36.7430264489088,1,0.516793573040118
780,0.175609756097561,36.7899985547044,1,0.504470080097205
781,0.179435676709708,36.8369706605001,2,0.451028379211356
782,0.188617886178862,36.8839427662957,2,0.3364590042128
783,0.195600191296031,36.9309148720914,2,0.265827981046696
784,0.196556671449067,36.977886977887,2,0.257310095099331
785,0.198660927785748,37.0248590836826,2,0.239522440529059
786,0.198469631755141,37.0718311894783,2,0.241086227897445
787,0.196269727403156,37.1188032952739,2,0.259836746739129
788,0.193878527020564,37.1657754010695,2,0.281855655893049
789,0.190148254423721,37.2127475068652,2,0.319697735397229
790,0.188522238163558,37.2597196126608,2,0.337530244121561
791,0.188713534194165,37.3066917184564,2,0.335390534060996
792,0.190530846484935,37.3536638242521,2,0.315619396687782
793,0.182879005260641,37.4006359300477,2,0.405457184079978
794,0.179340028694405,37.4476080358433,2,0.45233220605326
795,0.173122907699665,37.494580141639,1,0.540272341497563
796,0.1662362505978,37.5415522474346,1,0.640205282612261
797,0.16078431372549,37.5885243532302,1,0.715581435632672
798,0.159923481587757,37.6354964590259,1,0.726869244013793
799,0.163271162123386,37.6824685648215,1,0.68193352301177
800,0.166714490674319,37.7294406706172,1,0.633353052392981
801,0.174461979913917,37.7764127764128,1,0.520919598611835
802,0.177618364418938,37.8233848822084,2,0.476104626589147
803,0.182018173122908,37.8703569880041,2,0.416585309175979
804,0.182209469153515,37.9173290937997,2,0.414096296096398
805,0.177235772357724,37.9643011995953,2,0.481459741256369
806,0.172644667623147,38.011273305391,1,0.547215356702946
807,0.177427068388331,38.0582454111866,2,0.4787791311649
808,0.184887613582018,38.1052175169822,2,0.380247009600346
809,0.181635581061693,38.1521896227779,2,0.421590318624384
810,0.181731229076997,38.1991617285735,2,0.42033572373025
811,0.1818268770923,38.2461338343691,2,0.419083348998369
812,0.180870396939264,38.2931059401648,2,0.431705479669675
813,0.177235772357724,38.3400780459604,2,0.481459741256369
814,0.174175035868006,38.387050151756,1,0.525053758542213
815,0.173409851745576,38.4340222575517,1,0.536113449853167
816,0.175035868005739,38.4809943633473,1,0.512676263498938
817,0.184887613582018,38.527966469143,2,0.380247009600346
818,0.191965566714491,38.5749385749386,2,0.300726801227912
819,0.198469631755141,38.6219106807342,2,0.241086227897445
820,0.199713055954089,38.6688827865299,2,0.231108522410568
821,0.194739359158297,38.7158548923255,2,0.273729333521531
822,0.190435198469632,38.7628269981211,2,0.316634765560563
823,0.192252510760402,38.8097991039168,2,0.297824381816644
824,0.196652319464371,38.8567712097124,2,0.2564733219771
825,0.197608799617408,38.903743315508,2,0.248254346477833
826,0.19273075083692,38.9507154213037,2,0.293043361032213
827,0.195121951219512,38.9976875270993,2,0.27018995716586
828,0.199234815877571,39.0446596328949,2,0.234894009491678
829,0.200095648015304,39.0916317386906,2,0.228126513868338
830,0.20286944045911,39.1386038444862,2,0.207707894477036
831,0.207556193208991,39.1855759502818,2,0.177702168206787
832,0.210329985652798,39.2325480560775,2,0.162356512847782
833,0.219894787183166,39.2795201618731,2,0.120849386164867
834,0.224007651841224,39.3264922676687,2,0.107444456849022
835,0.22180774748924,39.3734643734644,2,0.114329571154649
836,0.212338593974175,39.42043647926,2,0.15225575559625
837,0.207651841224295,39.4674085850557,2,0.177144602469448
838,0.210712577714012,39.5143806908513,2,0.160369368326293
839,0.213295074127212,39.5613527966469,2,0.147725423264395
840,0.212529890004782,39.6083249024426,2,0.151335632892563
841,0.215303682448589,39.6552970082382,2,0.138764944796867
842,0.208990913438546,39.7022691140338,2,0.16955479939773
843,0.201626016260163,39.7492412198295,2,0.21660383457976
844,0.196843615494978,39.7962133256251,2,0.254807920126892
845,0.189287422285988,39.8431854314207,2,0.329038046653325
846,0.183070301291248,39.8901575372164,2,0.403009932246965
847,0.182496413199426,39.937129643012,2,0.410379908281322
848,0.185844093735055,39.9841017488076,2,0.3686331224156
849,0.205643232902917,40.0310738546033,2,0.189301125789932
850,0.210329985652798,40.0780459603989,2,0.162356512847782
851,0.216164514586322,40.1250180661945,2,0.135143685059652
852,0.22104256336681,40.1719901719902,2,0.116875673557762
853,0.222572931611669,40.2189622777858,2,0.111863032592516
854,0.222955523672884,40.2659343835815,2,0.110658851132926
855,0.224390243902439,40.3129064893771,2,0.106310049991322
856,0.225155428024868,40.3598785951727,2,0.104094775455889
857,0.221233859397417,40.4068507009684,2,0.116231555917675
858,0.223338115734099,40.453822806764,2,0.109473670098089
859,0.22649450023912,40.5007949125596,2,0.100384189062095
860,0.229746532759445,40.5477670183553,2,0.0921922680738155
861,0.233476805356289,40.5947391241509,2,0.0840743794537195
862,0.235007173601148,40.6417112299465,2,0.0810960850512788
863,0.231755141080823,40.6886833357422,2,0.0876631558392904
864,0.228024868483979,40.7356554415378,2,0.0963901015237816
865,0.225538020086083,40.7826275473334,2,0.103013363287374
866,0.226972740315638,40.8295996531291,2,0.0991084722718745
867,0.229842180774749,40.8765717589247,2,0.091967821677801
868,0.235868005738881,40.9235438647204,2,0.0795036527372289
869,0.241606886657102,40.970515970516,2,0.0702580834146104
870,0.245432807269249,41.0174880763116,2,0.0652518698103914
871,0.247250119560019,41.0644601821073,2,0.0631540563524607
872,0.248110951697752,41.1114322879029,2,0.0622184336314831
873,0.244285031085605,41.1584043936985,2,0.0666666512763195
874,0.238833094213295,41.2053764994942,2,0.0744439450092446
875,0.233189861310378,41.2523486052898,2,0.0846545657619439
876,0.230989956958393,41.2993207110854,2,0.0893436089181984
877,0.232329029172645,41.3462928168811,2,0.0864378537141847
878,0.232329029172645,41.3932649226767,2,0.0864378537141847
879,0.228885700621712,41.4402370284723,2,0.0942533265493355
880,0.224868483978957,41.487209134268,2,0.104917234212895
881,0.224103299856528,41.5341812400636,2,0.107159158328638
882,0.22467718794835,41.5811533458592,2,0.105471031577827
883,0.223433763749402,41.6281254516549,2,0.109180309736143
884,0.22285987565758,41.6750975574505,2,0.110958103844358
885,0.224007651841224,41.7220696632461,2,0.107444456849022
886,0.221425155428025,41.7690417690418,2,0.115592525200744
887,0.21740793878527,41.8160138748374,2,0.130133273245097
888,0.217886178861789,41.862985980633,2,0.128273283517454
889,0.218555714968914,41.9099580864287,2,0.125730029046235
890,0.224103299856528,41.9569301922243,2,0.107159158328638
891,0.225729316116691,42.00390229802,2,0.102479096260658
892,0.220086083213773,42.0508744038156,2,0.12017392684638
893,0.213390722142516,42.0978465096112,2,0.147281954784211
894,0.207556193208991,42.1448186154069,2,0.177702168206787
895,0.198756575801052,42.1917907212025,2,0.238744491750742
896,0.189765662362506,42.2387628269981,2,0.323820988805024
897,0.184696317551411,42.2857349327938,2,0.38260069090728
898,0.178670492587279,42.3327070385894,2,0.461510396244249
899,0.172931611669058,42.379679144385,1,0.543047932852104
900,0.169679579148733,42.4266512501807,1,0.590413516710844
901,0.165471066475371,42.4736233559763,1,0.651107833774333
902,0.158010521281683,42.5205954617719,1,0.751193510164177
903,0.154758488761358,42.5675675675676,1,0.789847727075123
904,0.153132472501196,42.6145396733632,1,0.807778546047444
905,0.145289335246294,42.6615117791589,1,0.880162478980968
906,0.139550454328073,42.7084838849545,1,0.918591149185489
907,0.137254901960784,42.7554559907501,1,0.930864568478649
908,0.13868962219034,42.8024280965458,1,0.923387250872975
909,0.141463414634146,42.8494002023414,1,0.907061302170427
910,0.144811095169775,42.896372308137,1,0.883816527694812
911,0.151889048302248,42.9433444139327,1,0.820826927967639
912,0.159349593495935,42.9903165197283,1,0.734280122267329
913,0.165375418460067,43.0372886255239,1,0.652464870389467
914,0.171975131516021,43.0842607313196,1,0.55695493747554
915,0.179435676709708,43.1312328371152,2,0.451028379211356
916,0.185844093735055,43.1782049429108,2,0.3686331224156
917,0.192443806791009,43.2251770487065,2,0.295903524754447
918,0.200478240076518,43.2721491545021,2,0.225185379479908
919,0.207747489239598,43.3191212602977,2,0.176589122263417
920,0.212816834050693,43.3660933660934,2,0.149968701680219
921,0.213008130081301,43.413065471889,2,0.149066179234255
922,0.216068866571019,43.4600375776847,2,0.135539781006712
923,0.216547106647537,43.5070096834803,2,0.133574723912127
924,0.210808225729316,43.5539817892759,2,0.159877310734323
925,0.20286944045911,43.6009538950716,2,0.207707894477036
926,0.195600191296031,43.6479260008672,2,0.265827981046696
927,0.191487326637972,43.6948981066628,2,0.305620545137293
928,0.18909612625538,43.7418702124585,2,0.331144412330207
929,0.182783357245337,43.7888423182541,2,0.406684353842329
930,0.187948350071736,43.8358144240497,2,0.344015658199786
931,0.196843615494978,43.8827865298454,2,0.254807920126892
932,0.206599713055954,43.929758635641,2,0.18339391402862
933,0.216738402678144,43.9767307414366,2,0.132799419125149
934,0.224103299856528,44.0237028472323,2,0.107159158328638
935,0.230607364897178,44.0706749530279,2,0.0902043274700613
936,0.23481587757054,44.1176470588235,2,0.0814579155173807
937,0.235102821616451,44.1646191646192,2,0.0809162659152434
938,0.233955045432807,44.2115912704148,2,0.0831228851361357
939,0.232902917264467,44.2585633762104,2,0.0852418185271247
940,0.233476805356289,44.3055354820061,2,0.0840743794537195
941,0.233189861310378,44.3525075878017,2,0.0846545657619439
942,0.233476805356289,44.3994796935973,2,0.0840743794537195
943,0.231181252989,44.446451799393,2,0.0889184123256595
944,0.229937828790053,44.4934239051886,2,0.0917442743846678
945,0.233094213295074,44.5403960109843,2,0.0848495274776692
946,0.229937828790053,44.5873681167799,2,0.0917442743846678
947,0.228024868483979,44.6343402225755,2,0.0963901015237816
948,0.227737924438068,44.6813123283712,2,0.0971196480850712
949,0.230798660927786,44.7282844341668,2,0.0897722383933585
950,0.233189861310378,44.7752565399624,2,0.0846545657619439
951,0.233572453371593,44.8222286457581,2,0.0838825402597013
952,0.233476805356289,44.8692007515537,2,0.0840743794537195
953,0.234720229555237,44.9161728573493,2,0.0816399324697474
954,0.231850789096126,44.963144963145,2,0.0874568774265285
955,0.229650884744142,45.0101170689406,2,0.092417617068085
956,0.229650884744142,45.0570891747362,2,0.092417617068085
957,0.230320420851267,45.1040612805319,2,0.0908590068121667
958,0.230989956958393,45.1510333863275,2,0.0893436089181984
959,0.232424677187948,45.1980054921232,2,0.0862365004104595
960,0.233668101386896,45.2449775979188,2,0.0836914741989264
961,0.232902917264467,45.2919497037144,2,0.0852418185271247
962,0.232615973218556,45.3389218095101,2,0.0858362200657102
963,0.231372549019608,45.3858939153057,2,0.0884966221095751
964,0.232233381157341,45.4328660211013,2,0.086640019951054
965,0.234911525585844,45.479838126897,2,0.0812766339835788
966,0.239024390243902,45.5268102326926,2,0.0741389767762468
967,0.243424198947872,45.5737823384882,2,0.0677755969774322
968,0.245624103299857,45.6207544442839,2,0.0650229711114196
969,0.246867527498804,45.6677265500795,2,0.0635816643423215
970,0.247441415590626,45.7146986558751,2,0.0629429917476671
971,0.247345767575323,45.7616707616708,2,0.0630482970851584
972,0.247441415590626,45.8086428674664,2,0.0629429917476671
973,0.246771879483501,45.855614973262,2,0.063689717041223
974,0.245815399330464,45.9025870790577,2,0.0647960062410255
975,0.243041606886657,45.9495591848533,2,0.0682820294757052
976,0.241319942611191,45.996531290649,2,0.0706682671517985
977,0.243806791009087,46.0435033964446,2,0.067277564054649
978,0.239311334289813,46.0904755022402,2,0.0736861848771921
979,0.2337637494022,46.1374476080359,2,0.0835011782972545
980,0.231181252989,46.1844197138315,2,0.0889184123256594
981,0.231850789096126,46.2313918196271,2,0.0874568774265285
982,0.234337637494022,46.2783639254228,2,0.0823754112220731
983,0.236346245815399,46.3253360312184,2,0.0786437735181287
984,0.237015781922525,46.372308137014,2,0.0774689234919903
985,0.238354854136777,46.4192802428097,2,0.0752173771810364
986,0.239789574366332,46.4662523486053,2,0.072943805334116
987,0.241798182687709,46.5132244544009,2,0.0699874445665114
988,0.244763271162123,46.5601965601966,2,0.0660684437897052
989,0.247250119560019,46.6071686659922,2,0.0631540563524607
990,0.2519368723099,46.6541407717878,2,0.0584783013006576
991,0.256145384983262,46.7011128775835,2,0.0550771244047282
992,0.258919177427068,46.7480849833791,2,0.0531985873650869
993,0.260736489717838,46.7950570891747,2,0.0521109310641558
994,0.268483978957437,46.8420291949704,2,0.0486145506311597
995,0.267718794835007,46.889001300766,2,0.048883217468093
996,0.263988522238164,46.9359734065617,2,0.0504276513499377
997,0.265040650406504,46.9829455123573,2,0.0499516357631344
998,0.264275466284075,47.0299176181529,2,0.0502945986933735
999,0.263988522238164,47.0768897239486,2,0.0504276513499377
1000,0.268675274988044,47.1238618297442,2,0.0485498643316787
1001,0.272501195600191,47.1708339355398,2,0.0474587112479982
1002,0.274509803921569,47.2178060413355,2,0.0470355598530889
1003,0.275944524151124,47.2647781471311,2,0.0467944258300455
1004,0.278144428503109,47.3117502529267,2,0.0465217658875262
1005,0.282926829268293,47.3587223587224,2,0.0463273356580889
1006,0.285509325681492,47.405694464518,2,0.0464475170580467
1007,0.278909612625538,47.4526665703136,2,0.0464541627573125
1008,0.269057867049259,47.4996386761093,2,0.0484234433727468
1009,0.256814921090387,47.5466107819049,2,0.054598584284022
1010,0.249163079866093,47.5935828877005,2,0.0611233655322769
1011,0.238067910090866,47.6405549934962,2,0.0756890827194561
1012,0.229650884744142,47.6875270992918,2,0.092417617068085
1013,0.22544237207078,47.7344992050875,2,0.103282100347291
1014,0.222572931611669,47.7814713108831,2,0.111863032592516
1015,0.217790530846485,47.8284434166787,2,0.128642361058756
1016,0.213964610234338,47.8754155224744,2,0.14465695514229
1017,0.216164514586322,47.92238762827,2,0.135143685059652
1018,0.21453849832616,47.9693597340656,2,0.142092426849799
1019,0.211764705882353,48.0163318398613,2,0.155059065041667
1020,0.209851745576279,48.0633039456569,2,0.164883465804373
1021,0.210043041606887,48.1102760514525,2,0.163866904788413
1022,0.211382113821138,48.1572481572482,2,0.156964209021193
1023,0.212338593974175,48.2042202630438,2,0.15225575559625
1024,0.213103778096604,48.2511923688394,2,0.14861752952805
1025,0.216929698708752,48.2981644746351,2,0.132030172581093
1026,0.219416547106648,48.3451365804307,2,0.122561583986732
1027,0.22104256336681,48.3921086862263,2,0.116875673557762
1028,0.220086083213773,48.439080792022,2,0.12017392684638
1029,0.218747010999522,48.4860528978176,2,0.125016176242084
1030,0.219799139167862,48.5330250036133,2,0.121189124269284
1031,0.220468675274988,48.5799971094089,2,0.118838935729203
1032,0.220564323290292,48.6269692152045,2,0.118508477183668
1033,0.220564323290292,48.6739413210002,2,0.118508477183668
1034,0.221233859397418,48.7209134267958,2,0.116231555917675
1035,0.222285987565758,48.7678855325914,2,0.112778813596242
1036,0.221616451458632,48.8148576383871,2,0.114958543000641
1037,0.221329507412721,48.8618297441827,2,0.115911407099918
1038,0.222764227642276,48.9088018499783,2,0.111258548612558
1039,0.227929220468675,48.955773955774,2,0.096632310798
1040,0.230894308943089,49.0027460615696,2,0.0895574928805174
1041,0.229172644667623,49.0497181673652,2,0.0935580243141087
1042,0.229746532759445,49.0966902731609,2,0.0921922680738155
1043,0.229650884744142,49.1436623789565,2,0.092417617068085
1044,0.228885700621712,49.1906344847521,2,0.0942533265493355
1045,0.230416068866571,49.2376065905478,2,0.0906399030810704
1046,0.232807269249163,49.2845786963434,2,0.0854391539708544
1047,0.232807269249163,49.331550802139,2,0.0854391539708544
1048,0.231085604973697,49.3785229079347,2,0.0891305831732104
1049,0.228024868483979,49.4254950137303,2,0.0963901015237816
1050,0.220086083213773,49.472467119526,2,0.12017392684638
1051,0.211764705882353,49.5194392253216,2,0.155059065041667
1052,0.207364897178384,49.5664113311172,2,0.178823581452314
1053,0.206408417025347,49.6133834369129,2,0.184557918452698
1054,0.203060736489718,49.6603555427085,2,0.206375510018467
1055,0.196078431372549,49.7073276485041,2,0.261534826549136
1056,0.191104734576758,49.7542997542998,2,0.309586281689715
1057,0.188522238163558,49.8012718600954,2,0.337530244121561
1058,0.179435676709708,49.848243965891,2,0.451028379211356
1059,0.171209947393592,49.8952160716867,1,0.568104153164794
1060,0.162697274031564,49.9421881774823,1,0.689823815874791
1061,0.153419416547107,49.9891602832779,1,0.804685000867133
1062,0.151028216164515,50.0361323890736,1,0.829516550286814
1063,0.151028216164515,50.0831044948692,1,0.829516550286814
1064,0.147680535628886,50.1300766006649,1,0.860597246295513
1065,0.148637015781923,50.1770487064605,1,0.852158513173998
1066,0.148541367766619,50.2240208122561,1,0.853018262462447
1067,0.147393591582975,50.2709929180518,1,0.863060204111959
1068,0.147489239598278,50.3179650238474,1,0.862242731030813
1069,0.148923959827834,50.364937129643,1,0.849558066419476
1070,0.1506456241033,50.4119092354387,1,0.833287447451159
1071,0.15246293639407,50.4588813412343,1,0.814877066803362
1072,0.152367288378766,50.5058534470299,1,0.815877371406018
1073,0.160879961740794,50.5528255528256,1,0.714315012861439
1074,0.159158297465328,50.5997976586212,1,0.736729300698025
1075,0.15896700143472,50.6467697644168,1,0.739167698889059
1076,0.162410329985653,50.6937418702125,1,0.693742335720863
1077,0.164801530368245,50.7407139760081,1,0.660577625378824
1078,0.166427546628407,50.7876860818037,1,0.63746767036786
1079,0.168149210903874,50.8346581875994,1,0.612654250235652
1080,0.17063605930177,50.881630293395,1,0.576471842444605
1081,0.164897178383549,50.9286023991906,1,0.659229124298401
1082,0.163749402199904,50.9755745049863,1,0.675306807357196
1083,0.166810138689622,51.0225466107819,1,0.63197942327468
1084,0.168627450980392,51.0695187165776,1,0.605717474641097
1085,0.167957914873266,51.1164908223732,1,0.615424501196341
1086,0.166331898613104,51.1634629281688,1,0.638837039224656
1087,0.16441893830703,51.2104350339645,1,0.665956356626847
1088,0.159445241511239,51.2574071397601,1,0.733051531831705
1089,0.143089430894309,51.3043792455557,1,0.896273252295752
1090,0.136776661884266,51.3513513513514,1,0.933218396810309
1091,0.129890004782401,51.398323457147,1,0.960302475092884
1092,0.123672883787661,51.4452955629426,1,0.975947094201534
1093,0.115925394548063,51.4922676687383,1,0.98758797519032
1094,0.109803921568627,51.5392397745339,1,0.992835451412111
1095,0.110664753706361,51.5862118803295,1,0.992249265684086
1096,0.115351506456241,51.6331839861252,1,0.988199730425541
1097,0.113151602104256,51.6801560919208,1,0.990296506021919
1098,0.117264466762315,51.7271281977164,1,0.986045572206529
1099,0.123481587757054,51.7741003035121,1,0.976325422798854
1100,0.128168340506934,51.8210724093077,1,0.96534727431398
1101,0.130176948828312,51.8680445151033,1,0.95940188155882
1102,0.128742228598757,51.915016620899,1,0.963732250745778
1103,0.123959827833572,51.9619887266946,1,0.975369403994515
1104,0.12051649928264,52.0089608324903,1,0.981542291293035
1105,0.10492587278814,52.0559329382859,1,0.995449227770378
1106,0.106360593017695,52.1029050440815,1,0.994791894791946
1107,0.111525585844094,52.1498771498772,1,0.991618820703808
1108,0.118125298900048,52.1968492556728,1,0.984963277654388
1109,0.123864179818269,52.2438213614684,1,0.975563337894767
1110,0.129029172644668,52.2907934672641,1,0.962900166026133
1111,0.133907221425155,52.3377655730597,1,0.945975171772119
1112,0.138498326159732,52.3847376788553,1,0.924421042054077
1113,0.138307030129125,52.431709784651,1,0.925443360934286
1114,0.141463414634146,52.4786818904466,1,0.907061302170427
1115,0.139072214251554,52.5256539962422,1,0.921284941147221
1116,0.132950741272119,52.5726261020379,1,0.949738085758725
1117,0.132185557149689,52.6195982078335,1,0.952584241040107
1118,0.137063605930177,52.6665703136292,1,0.931814245597819
1119,0.144906743185079,52.7135424194248,1,0.883092534615928
1120,0.153228120516499,52.7605145252204,1,0.80675076954818
1121,0.157340985174558,52.8074866310161,1,0.759441062049659
1122,0.160114777618364,52.8544587368117,1,0.724378294719941
1123,0.167957914873266,52.9014308426073,1,0.615424501196341
1124,0.174366331898613,52.948402948403,1,0.522296777047205
1125,0.177427068388331,52.9953750541986,2,0.4787791311649
1126,0.181922525107604,53.0423471599942,2,0.417833206751647
1127,0.18622668579627,53.0893192657899,2,0.364060756060162
1128,0.185557149689144,53.1362913715855,2,0.372090012903444
1129,0.180870396939264,53.1832634773811,2,0.431705479669675
1130,0.179148732663797,53.2302355831768,2,0.454945447329522
1131,0.177618364418938,53.2772076889724,2,0.476104626589147
1132,0.17714012434242,53.324179794768,2,0.482802289824637
1133,0.177522716403635,53.3711519005637,2,0.477441106539068
1134,0.177235772357724,53.4181240063593,2,0.481459741256369
1135,0.176183644189383,53.4650961121549,2,0.496305541669275
1136,0.17455762792922,53.5120682179506,1,0.519543324055696
1137,0.177809660449546,53.5590403237462,2,0.473436373171016
1138,0.181731229076997,53.6060124295419,2,0.42033572373025
1139,0.188617886178862,53.6529845353375,2,0.3364590042128
1140,0.199713055954089,53.6999566411331,2,0.231108522410568
1141,0.209660449545672,53.7469287469288,2,0.165907791440239
1142,0.214347202295552,53.7939008527244,2,0.142940628736353
1143,0.216068866571019,53.84087295852,2,0.135539781006712
1144,0.217503586800574,53.8878450643157,2,0.129758344149717
1145,0.223433763749402,53.9348171701113,2,0.109180309736143
1146,0.223529411764706,53.9817892759069,2,0.10888811436378
1147,0.225059780009565,54.0287613817026,2,0.104367835706161
1148,0.231276901004304,54.0757334874982,2,0.0887070930689151
1149,0.237302725968436,54.1227055932938,2,0.0769755713236992
1150,0.241319942611191,54.1696776990895,2,0.0706682671517985
1151,0.243615494978479,54.2166498048851,2,0.0675255381587345
1152,0.242180774748924,54.2636219106807,2,0.0694528534173063
1153,0.242372070779531,54.3105940164764,2,0.0691888685455607
1154,0.239502630320421,54.357566122272,2,0.0733874034962532
1155,0.236920133907221,54.4045382280677,2,0.0776347179178634
1156,0.235198469631755,54.4515103338633,2,0.080737173782024
1157,0.234433285509326,54.4984824396589,2,0.08219042418702
1158,0.231276901004304,54.5454545454546,2,0.0887070930689151
1159,0.225633668101387,54.5924266512502,2,0.102745696634026
1160,0.221903395504543,54.6393987570458,2,0.114016952255253
1161,0.213390722142516,54.6863708628415,2,0.147281954784211
1162,0.209660449545672,54.7333429686371,2,0.165907791440239
1163,0.20468675274988,54.7803150744327,2,0.195430052068556
1164,0.198278335724534,54.8272871802284,2,0.242660565588301
1165,0.190722142515543,54.874259286024,2,0.313597097730087
1166,0.184122429459589,54.9212313918196,2,0.389722399007164
1167,0.18259206121473,54.9682034976153,2,0.409145726966054
1168,0.183739837398374,55.0151756034109,2,0.39452006471386
1169,0.179148732663797,55.0621477092065,2,0.454945447329522
1170,0.181731229076997,55.1091198150022,2,0.42033572373025
1171,0.180200860832138,55.1560919207978,2,0.440666863068066
1172,0.174844571975132,55.2030640265935,1,0.515420139575063
1173,0.172070779531325,55.2500361323891,1,0.555562442703167
1174,0.172070779531325,55.2970082381847,1,0.555562442703168
1175,0.16700143472023,55.3439803439804,1,0.629229175962695
1176,0.160019129603061,55.390952449776,1,0.725625039997047
1177,0.151219512195122,55.4379245555716,1,0.827610023789881
1178,0.144332855093257,55.4848966613673,1,0.887385645685504
1179,0.132089909134385,55.5318687671629,1,0.952930044786897
1180,0.12596843615495,55.5788408729585,1,0.970964777776269
1181,0.130176948828312,55.6258129787542,1,0.95940188155882
1182,0.134672405547585,55.6727850845498,1,0.942794173128016
1183,0.138880918220947,55.7197571903454,1,0.922341909640246
1184,0.142419894787183,55.7667292961411,1,0.900828175682607
1185,0.133907221425155,55.8137014019367,1,0.945975171772119
1186,0.128550932568149,55.8606735077323,1,0.964277808642225
1187,0.119464371114299,55.907645613528,1,0.983126461095925
1188,0.112099473935916,55.9546177193236,1,0.991172464570033
1189,0.111142993782879,56.0015898251192,1,0.991904670320827
1190,0.113151602104256,56.0485619309149,1,0.990296506021919
1191,0.112482065997131,56.0955340367105,1,0.990862771613951
1192,0.109230033476805,56.1425061425062,1,0.993203057470457
1193,0.114586322333812,56.1894782483018,1,0.988972271430503
1194,0.101195600191296,56.2364503540974,1,0.996813241158392
1195,0.0954567192730751,56.2834224598931,1,0.998185894042361
1196,0.101769488283118,56.3303945656887,1,0.996631956508491
1197,0.10492587278814,56.3773666714843,1,0.995449227770378
1198,0.101578192252511,56.42433877728,1,0.996693434299361
1199,0.101769488283118,56.4713108830756,1,0.996631956508491
1200,0.107412721186035,56.5182829888712,1,0.99425459177908
1201,0.109134385461502,56.5652550946669,1,0.993262591900318
1202,0.101386896221903,56.6122272004625,1,0.996753856930825
1203,0.0979435676709708,56.6591993062581,1,0.997679019249227
1204,0.101673840267814,56.7061714120538,1,0.996662828355481
1205,0.103395504543281,56.7531435178494,1,0.996064325465052
1206,0.100143472022956,56.800115623645,1,0.997122019259866
1207,0.1012912482066,56.8470877294407,1,0.996783677807241
1208,0.106073648971784,56.8940598352363,1,0.994930069230673
1209,0.117360114777618,56.941031941032,1,0.985928942706519
1210,0.123481587757054,56.9880040468276,1,0.976325422798854
1211,0.133715925394548,57.0349761526232,1,0.946746439751072
1212,0.144811095169775,57.0819482584189,1,0.883816527694812
1213,0.151123864179818,57.1289203642145,1,0.828565041310764
1214,0.154375896700143,57.1758924700101,1,0.794153641117853
1215,0.157436633189861,57.2228645758058,1,0.758271669492273
1216,0.15973218555715,57.2698366816014,1,0.729349957742158
1217,0.169583931133429,57.316808787397,1,0.591806616011722
1218,0.171209947393592,57.3637808931927,1,0.568104153164794
1219,0.176183644189383,57.4107529989883,2,0.496305541669275
1220,0.183835485413678,57.4577251047839,2,0.393316949399998
1221,0.188426590148254,57.5046972105796,2,0.338604250529169
1222,0.18727881396461,57.5516693163752,2,0.351706774788142
1223,0.1844093735055,57.5986414221709,2,0.386150233669354
1224,0.182018173122908,57.6456135279665,2,0.416585309175979
1225,0.1844093735055,57.6925856337621,2,0.386150233669354
1226,0.183070301291248,57.7395577395578,2,0.403009932246965
1227,0.182018173122908,57.7865298453534,2,0.416585309175979
1228,0.182018173122908,57.833501951149,2,0.416585309175979
1229,0.184122429459589,57.8804740569447,2,0.389722399007164
1230,0.188522238163558,57.9274461627403,2,0.337530244121561
1231,0.193687230989957,57.9744182685359,2,0.283692224295049
1232,0.197034911525586,58.0213903743316,2,0.253153352607329
1233,0.20545193687231,58.0683624801272,2,0.190508974894857
1234,0.209660449545672,58.1153345859228,2,0.165907791440239
1235,0.21195600191296,58.1623066917185,2,0.154117423119416
1236,0.211669057867049,58.2092787975141,2,0.155532609354241
1237,0.209373505499761,58.2562509033097,2,0.167458947851262
1238,0.205356288857006,58.3032230091054,2,0.191116240790358
1239,0.20363462458154,58.350195114901,2,0.202435326403916
1240,0.205164992826399,58.3971672206966,2,0.192337486296175
1241,0.194739359158297,58.4441393264923,2,0.273729333521531
1242,0.192252510760402,58.4911114322879,2,0.297824381816644
1243,0.184122429459589,58.5380835380836,2,0.389722399007164
1244,0.175896700143472,58.5850556438792,1,0.500382329679512
1245,0.17274031563845,58.6320277496748,1,0.545825707916535
1246,0.173314203730273,58.6789998554705,1,0.537499117284159
1247,0.175801052128168,58.7259719612661,1,0.501743722040795
1248,0.179244380679101,58.7729440670617,2,0.45363790070707
1249,0.18546150167384,58.8199161728574,2,0.373247533879083
1250,0.187757054041129,58.866888278653,2,0.346199460168184
1251,0.193113342898135,58.9138603844486,2,0.289269201383186
1252,0.200573888091822,58.9608324902443,2,0.22445644338827
1253,0.204304160688666,59.0078045960399,2,0.197945090386258
1254,0.206312769010043,59.0547767018355,2,0.185143168372983
1255,0.209469153515065,59.1017488076312,2,0.166939931650253
1256,0.212242945958871,59.1487209134268,2,0.152718485626186
1257,0.219703491152559,59.1956930192224,2,0.12153020804589
1258,0.220946915351506,59.2426651250181,2,0.117199652042523
1259,0.21922525107604,59.2896372308137,2,0.123255989295992
1260,0.218651362984218,59.3366093366093,2,0.125372399014882
1261,0.220277379244381,59.383581442405,2,0.119503789988259
1262,0.217886178861789,59.4305535482006,2,0.128273283517454
1263,0.212338593974175,59.4775256539963,2,0.15225575559625
1264,0.211382113821138,59.5244977597919,2,0.156964209021193
1265,0.216260162601626,59.5714698655875,2,0.134749136950513
1266,0.218460066953611,59.6184419713832,2,0.126089071564395
1267,0.220277379244381,59.6654140771788,2,0.119503789988259
1268,0.220373027259684,59.7123861829744,2,0.119170705015755
1269,0.221233859397418,59.7593582887701,2,0.116231555917675
1270,0.222285987565758,59.8063303945657,2,0.112778813596242
1271,0.220946915351506,59.8533025003613,2,0.117199652042523
1272,0.217503586800574,59.900274606157,2,0.129758344149717
1273,0.222190339550454,59.9472467119526,2,0.113086507093211
1274,0.218842659014825,59.9942188177482,2,0.124661355514254
1275,0.217981826877092,60.0411909235439,2,0.127905655468335
1276,0.219607843137255,60.0881630293395,2,0.12187264254499
1277,0.221999043519847,60.1351351351352,2,0.113705571743841
1278,0.224007651841224,60.1821072409308,2,0.107444456849022
1279,0.224198947871832,60.2290793467264,2,0.106874993910911
1280,0.22544237207078,60.2760514525221,2,0.103282100347291
1281,0.226781444285031,60.3230235583177,2,0.0996157012779703
1282,0.230033476805356,60.3699956641133,2,0.0915216227127387
1283,0.233189861310378,60.416967769909,2,0.0846545657619439
1284,0.234911525585844,60.4639398757046,2,0.0812766339835788
1285,0.236920133907221,60.5109119815002,2,0.0776347179178634
1286,0.238163558106169,60.5578840872959,2,0.0755312047319941
1287,0.237685318029651,60.6048561930915,2,0.0763270797051981
1288,0.235963653754185,60.6518282988871,2,0.0793302774648531
1289,0.232615973218556,60.6988004046828,2,0.0858362200657102
1290,0.233668101386896,60.7457725104784,2,0.0836914741989264
1291,0.232711621233859,60.792744616274,2,0.085637286788216
1292,0.232042085126734,60.8397167220697,2,0.0870468038378063
1293,0.231659493065519,60.8866888278653,2,0.0878702662796673
1294,0.229268292682927,60.9336609336609,2,0.0933281094163491
1295,0.22285987565758,60.9806330394566,2,0.110958103844358
1296,0.215877570540411,61.0276051452522,2,0.136336638803672
1297,0.201721664275466,61.0745772510479,2,0.215904881301055
1298,0.18622668579627,61.1215493568435,2,0.364060756060162
1299,0.168244858919177,61.1685214626391,1,0.611268119947711
1300,0.151410808225729,61.2154935684348,1,0.825689475005449
1301,0.133620277379244,61.2624656742304,1,0.947128533823951
1302,0.118220946915352,61.309437780026,1,0.984838399408673
1303,0.104256336681014,61.3564098858217,1,0.995728649157315
1304,0.0923003347680536,61.4033819916173,1,0.998679589901439
1305,0.0734576757532281,61.4503540974129,1,0.999822900195722
1306,0.0684839789574366,61.4973262032086,1,0.999899062041542
1307,0.0612147297943568,61.5442983090042,1,0.999956665263666
1308,0.0534672405547585,61.5912704147998,1,0.99998294209712
1309,0.0493543758967001,61.6382425205955,1,0.999989736339759
1310,0.0568149210903874,61.6852146263911,1,0.999974378793906
1311,0.0769010043041607,61.7321867321867,1,0.999740657269763
1312,0.096700143472023,61.7791588379824,1,0.997947169209614
1313,0.110282161645146,61.826130943778,1,0.992515084867115
1314,0.118794835007174,61.8731030495737,1,0.984069015683099
1315,0.129507412721186,61.9200751553693,1,0.961476049982218
1316,0.139263510282162,61.9670472611649,1,0.920216268754942
1317,0.14701099952176,62.0140193669606,1,0.866295028616255
1318,0.157054041128647,62.0609914727562,1,0.762931307673066
1319,0.167766618842659,62.1079635785518,1,0.618191908663907
1320,0.175418460066954,62.1549356843475,1,0.507201066498281
1321,0.175705404112865,62.2019077901431,1,0.503106312291803
1322,0.182783357245337,62.2488798959387,2,0.406684353842329
1323,0.192539454806313,62.2958520017344,2,0.294947321320274
1324,0.199808703969393,62.34282410753,2,0.230359170304944
1325,0.205356288857006,62.3897962133256,2,0.191116240790358
1326,0.209373505499761,62.4367683191213,2,0.167458947851262
1327,0.213486370157819,62.4837404249169,2,0.146840201474241
1328,0.216547106647537,62.5307125307125,2,0.133574723912127
1329,0.225059780009565,62.5776846365082,2,0.104367835706161
1330,0.228407460545194,62.6246567423038,2,0.0954309059538337
1331,0.228598756575801,62.6716288480995,2,0.0949570409724091
1332,0.22831181252989,62.7186009538951,2,0.0956692660832461
1333,0.23194643711143,62.7655730596907,2,0.0872514278266244
1334,0.234720229555237,62.8125451654864,2,0.0816399324697474
1335,0.236250597800096,62.859517271282,2,0.0788143552658313
1336,0.238833094213295,62.9064893770776,2,0.0744439450092446
1337,0.238737446197991,62.9534614828733,2,0.0745973682411318
1338,0.242563366810139,63.0004335886689,2,0.0689270693389252
1339,0.245432807269249,63.0474056944645,2,0.0652518698103914
1340,0.246006695361071,63.0943778002602,2,0.0645709615796917
1341,0.245145863223338,63.1413499060558,2,0.0655988738939721
1342,0.245241511238642,63.1883220118514,2,0.0654827160848926
1343,0.24830224772836,63.2352941176471,2,0.0620154142512223
1344,0.251649928263989,63.2822662234427,2,0.0587363156394338
1345,0.248110951697752,63.3292383292383,2,0.0622184336314831
1346,0.249832615973219,63.376210435034,2,0.0604534266816059
1347,0.252797704447633,63.4231825408296,2,0.0577249994145299
1348,0.25480631276901,63.4701546466252,2,0.0560841581584375
1349,0.25480631276901,63.5171267524209,2,0.0560841581584375
1350,0.254232424677188,63.5640988582165,2,0.0565366895702399
1351,0.252510760401722,63.6110709640122,2,0.0579726763177841
1352,0.252319464371114,63.6580430698078,2,0.0581396882142772
1353,0.251649928263989,63.7050151756034,2,0.0587363156394338
1354,0.249450023912004,63.7519872813991,2,0.0608337250627038
1355,0.245911047345768,63.7989593871947,2,0.0646832447304943
1356,0.242467718794835,63.8459314929903,2,0.0690576967325749
1357,0.239693926351028,63.892903598786,2,0.073091064571275
1358,0.23558106169297,63.9398757045816,2,0.0800280198188717
1359,0.232520325203252,63.9868478103772,2,0.0860359569025024
1360,0.232233381157341,64.0338199161729,2,0.086640019951054
1361,0.224485891917743,64.0807920219685,2,0.106029261831195
1362,0.229076996652319,64.1277641277642,2,0.0937888630717759
1363,0.23299856527977,64.1747362335598,2,0.0850452773831557
1364,0.231850789096126,64.2217083393554,2,0.0874568774265285
1365,0.22725968436155,64.268680445151,2,0.0983551944861657
1366,0.22362505978001,64.3156525509467,2,0.10859707952305
1367,0.224868483978957,64.3626246567423,2,0.104917234212895
1368,0.226207556193209,64.409596762538,2,0.10116194520311
1369,0.221425155428025,64.4565688683336,2,0.115592525200744
1370,0.22285987565758,64.5035409741292,2,0.110958103844358
1371,0.226685796269727,64.5505130799249,2,0.0998708406865397
1372,0.231181252989,64.5974851857205,2,0.0889184123256595
1373,0.23558106169297,64.6444572915161,2,0.0800280198188717
1374,0.240937350549976,64.6914293973118,2,0.0712231541722371
1375,0.245528455284553,64.7384015031074,2,0.0651371778761468
1376,0.248015303682449,64.785373608903,2,0.0623206049534845
1377,0.246389287422286,64.8323457146987,2,0.0641265790375521
1378,0.246963175514108,64.8793178204943,2,0.0634740735257792
1379,0.248971783835485,64.9262899262899,2,0.0613185836867337
1380,0.252606408417025,64.9732620320856,2,0.0578897397635059
1381,0.258536585365854,65.0202341378812,2,0.0534416720024473
1382,0.266188426590148,65.0672062436768,2,0.0494689576019129
1383,0.272788139646102,65.1141783494725,2,0.0473920730392417
1384,0.276996652319464,65.1611504552681,2,0.0466494636028258
1385,0.274892395982783,65.2081225610637,2,0.0469663215348985
1386,0.278048780487805,65.2550946668594,2,0.0465312001520318
1387,0.274318507890961,65.302066772655,2,0.0470715328314217
1388,0.268675274988044,65.3490388784507,2,0.0485498643316787
1389,0.268197034911526,65.3960109842463,2,0.0487134347420401
1390,0.268197034911526,65.4429830900419,2,0.0487134347420401
1391,0.264179818268771,65.4899551958376,2,0.0503386785844323
1392,0.261788617886179,65.5369273016332,2,0.0515303364342467
1393,0.252032520325203,65.5838994074288,2,0.0583930712961004
1394,0.248971783835485,65.6308715132245,2,0.0613185836867337
1395,0.246102343376375,65.6778436190201,2,0.064459155105932
1396,0.243041606886657,65.7248157248157,2,0.0682820294757052
1397,0.238833094213295,65.7717878306114,2,0.0744439450092446
1398,0.233476805356289,65.818759936407,2,0.0840743794537195
1399,0.22649450023912,65.8657320422026,2,0.100384189062095
1400,0.222285987565758,65.9127041479983,2,0.112778813596242
1401,0.213868962219034,65.9596762537939,2,0.145090221404272
1402,0.210999521759923,66.0066483595895,2,0.158898826486123
1403,0.209660449545672,66.0536204653852,2,0.165907791440239
1404,0.208990913438546,66.1005925711808,2,0.16955479939773
1405,0.209947393591583,66.1475646769765,2,0.164374217838035
1406,0.210521281683405,66.1945367827721,2,0.161359145365519
1407,0.212051649928264,66.2415088885677,2,0.153649313318739
1408,0.213486370157819,66.2884809943634,2,0.146840201474241
1409,0.216929698708752,66.335453100159,2,0.132030172581093
1410,0.218555714968914,66.3824252059546,2,0.125730029046235
1411,0.221712099473936,66.4293973117503,2,0.11464343315903
1412,0.226685796269727,66.4763694175459,2,0.0998708406865397
1413,0.229937828790053,66.5233415233415,2,0.0917442743846678
1414,0.232042085126734,66.5703136291372,2,0.0870468038378063
1415,0.233955045432807,66.6172857349328,2,0.0831228851361357
1416,0.234241989478718,66.6642578407284,2,0.0825611479396769
1417,0.235963653754185,66.7112299465241,2,0.0793302774648531
1418,0.235676709708274,66.7582020523197,2,0.079852521208024
1419,0.237589670014347,66.8051741581153,2,0.0764882125219662
1420,0.241989478718317,66.852146263911,2,0.0697190400203203
1421,0.246580583452893,66.8991183697066,2,0.063907214546274
1422,0.251267336202774,66.9460904755023,2,0.0590858052037525
1423,0.255762792922047,66.9930625812979,2,0.055357977966237
1424,0.261884265901483,67.0400346870935,2,0.0514792936215457
1425,0.262266857962697,67.0870067928892,2,0.0512779815356449
1426,0.269918699186992,67.1339788986848,2,0.0481532614870813
1427,0.277474892395983,67.1809510044804,2,0.0465924102207236
1428,0.280535628885701,67.2279231102761,2,0.0463567805556173
1429,0.282448589191774,67.2748952160717,2,0.0463224094160094
1430,0.286370157819225,67.3218673218673,2,0.0465228077231068
1431,0.289048302247728,67.368839427663,2,0.0468709381245304
1432,0.290004782400765,67.4158115334586,2,0.0470375430044599
1433,0.290578670492587,67.4627836392542,2,0.0471483308997579
1434,0.290865614538498,67.5097557450499,2,0.0472067901062585
1435,0.292491630798661,67.5567278508455,2,0.0475770569730928
1436,0.294500239120038,67.6036999566412,2,0.0481276537541776
1437,0.294308943089431,67.6506720624368,2,0.0480707001712548
1438,0.293926351028216,67.6976441682324,2,0.0479596669969052
1439,0.294787183165949,67.744616274028,2,0.0482148890385477
1440,0.29765662362506,67.7915883798237,2,0.0492087819197217
1441,0.296700143472023,67.8385604856193,2,0.0488525934542852
1442,0.293926351028216,67.885532591415,2,0.0479596669969052
1443,0.289430894308943,67.9325046972106,2,0.046934884923676
1444,0.285126733620277,67.9794768030062,2,0.0464197252213608
1445,0.283309421329507,68.0264489088019,2,0.0463351704101219
1446,0.28024868483979,68.0734210145975,2,0.0463694056398479
1447,0.277092300334768,68.1203931203931,2,0.0466376123084876
1448,0.274701099952176,68.1673652261888,2,0.0470004900482716
1449,0.269057867049259,68.2143373319844,2,0.0484234433727468
1450,0.266475370636059,68.26130943778,2,0.0493541480330719
1451,0.263223338115734,68.3082815435757,2,0.050794473400354
1452,0.260449545671927,68.3552536493713,2,0.0522754375582797
1453,0.259397417503587,68.402225755167,2,0.0529017171476679
1454,0.261214729794357,68.4491978609626,2,0.0518426525291173
1455,0.262840746054519,68.4961699667582,2,0.0509845143590302
1456,0.263510282161645,68.5431420725538,2,0.0506548545479654
1457,0.265997130559541,68.5901141783495,2,0.0495467905202535
1458,0.266666666666667,68.6370862841451,2,0.0492788954045239
1459,0.269153515064562,68.6840583899408,2,0.0483924505454607
1460,0.269057867049259,68.7310304957364,2,0.0484234433727468
1461,0.26389287422286,68.778002601532,2,0.0504725454541739
1462,0.262936394069823,68.8249747073277,2,0.0509365861726744
1463,0.265901482544237,68.8719468131233,2,0.0495860965376357
1464,0.2675274988044,68.9189189189189,2,0.0489528829000998
1465,0.261979913916786,68.9658910247146,2,0.051428537430701
1466,0.265327594452415,69.0128631305102,2,0.0498274206912376
1467,0.265518890483022,69.0598352363058,2,0.0497459302973234
1468,0.266475370636059,69.1068073421015,2,0.0493541480330719
1469,0.268770923003348,69.1537794478971,2,0.0485178907882222
1470,0.270205643232903,69.2007515536927,2,0.0480675509635248
1471,0.273744619799139,69.2477236594884,2,0.0471848903661262
1472,0.278335724533716,69.294695765284,2,0.046503553981442
1473,0.279005260640842,69.3416678710797,2,0.0464466945474678
1474,0.286465805834529,69.3886399768753,2,0.0465322664222501
1475,0.289813486370158,69.4356120826709,2,0.0470024228609831
1476,0.287230989956958,69.4825841884666,2,0.0466158332406204
1477,0.28493543758967,69.5295562942622,2,0.0464071349881282
1478,0.284839789574366,69.5765284000578,2,0.0464011659913007
1479,0.281492109038737,69.6235005058535,2,0.0463287767420326
1480,0.277953132472501,69.6704726116491,2,0.0465408534578256
1481,0.284839789574366,69.7174447174447,2,0.0464011659913007
1482,0.281683405069345,69.7644168232404,2,0.0463257730444408
1483,0.280439980870397,69.811388929036,2,0.0463607721308055
1484,0.277953132472501,69.8583610348316,2,0.0465408534578256
1485,0.274892395982783,69.9053331406273,2,0.0469663215348985
1486,0.273744619799139,69.9523052464229,2,0.0471848903661262
1487,0.27116212338594,69.9992773522185,2,0.0477973737151639
1488,0.265614538498326,70.0462494580142,2,0.0497055793095543
1489,0.266092778574845,70.0932215638098,2,0.049507744386976
1490,0.26207556193209,70.1401936696055,2,0.0513780671542188
1491,0.257293161166906,70.1871657754011,2,0.0542667077108657
1492,0.256432329029173,70.2341378811967,2,0.0548700308438556
1493,0.255762792922047,70.2811099869923,2,0.055357977966237
1494,0.254901960784314,70.328082092788,2,0.0560099741144923
1495,0.255858440937351,70.3750541985836,2,0.0552872549192331
1496,0.256814921090387,70.4220263043793,2,0.054598584284022
1497,0.255571496891439,70.4689984101749,2,0.055500449441083
1498,0.258058345289335,70.5159705159705,2,0.0537526035449061
1499,0.259780009564802,70.5629426217662,2,0.0526697441203885
1500,0.257197513151602,70.6099147275618,2,0.0543324275101449
1501,0.254136776661884,70.6568868333574,2,0.0566133594696695
1502,0.251649928263989,70.7038589391531,2,0.0587363156394338
1503,0.247824007651841,70.7508310449487,2,0.0625262784452177
1504,0.24390243902439,70.7978031507443,2,0.0671543540756513
1505,0.244093735054998,70.84477525654,2,0.0669094789488352
1506,0.239502630320421,70.8917473623356,2,0.0733874034962532
1507,0.236154949784792,70.9387194681313,2,0.0789856314010539
1508,0.234528933524629,70.9856915739269,2,0.0820061839577747
1509,0.235198469631755,71.0326636797225,2,0.080737173782024
1510,0.237876614060258,71.0796357855181,2,0.0760067792966342
1511,0.241798182687709,71.1266078913138,2,0.0699874445665114
1512,0.24390243902439,71.1735799971094,2,0.0671543540756513
1513,0.239980870396939,71.2205521029051,2,0.0726510960068104
1514,0.244093735054998,71.2675242087007,2,0.0669094789488352
1515,0.251362984218077,71.3144963144963,2,0.0589978428821059
1516,0.258345289335246,71.361468420292,2,0.0535650959552462
1517,0.262745098039216,71.4084405260876,2,0.0510327222822828
1518,0.267336202773792,71.4554126318832,2,0.0490235553448851
1519,0.272692491630799,71.5023847376789,2,0.0474140547949814
1520,0.278813964610234,71.5493568434745,2,0.0464618489801733
1521,0.276231468197035,71.5963289492701,2,0.0467522302582466
1522,0.272501195600191,71.6433010550658,2,0.0474587112479982
1523,0.272405547584888,71.6902731608614,2,0.047481386546809
1524,0.275274988043998,71.737245266657,2,0.0469006810989667
1525,0.276518412242946,71.7842173724527,2,0.0467120326673552
1526,0.278527020564323,71.8311894782483,2,0.0464862167670269
1527,0.280726924916308,71.878161584044,2,0.0463494474978696
1528,0.279770444763271,71.9251336898396,2,0.0463947859918696
1529,0.27766618842659,71.9721057956352,2,0.0465711289266848
1530,0.277570540411286,72.0190779014309,2,0.0465816597160876
1531,0.275944524151124,72.0660500072265,2,0.0467944258300455
1532,0.274414155906265,72.1130221130221,2,0.047053433326019
1533,0.275083692013391,72.1599942188178,2,0.0469330524798807
1534,0.276231468197035,72.2069663246134,2,0.0467522302582466
1535,0.275944524151124,72.253938430409,2,0.0467944258300455
1536,0.274414155906265,72.3009105362047,2,0.047053433326019
1537,0.279196556671449,72.3478826420003,2,0.0464324117711745
1538,0.277187948350072,72.3948547477959,2,0.0466259814770863
1539,0.276805356288857,72.4418268535916,2,0.046673828216976
1540,0.276996652319464,72.4887989593872,2,0.0466494636028258
1541,0.279961740793879,72.5357710651828,2,0.0463839826849647
1542,0.281587757054041,72.5827431709785,2,0.0463271667334207
1543,0.280822572931612,72.6297152767741,2,0.0463461059175666
1544,0.27948350071736,72.6766873825698,2,0.0464126203079961
1545,0.279866092778575,72.7236594883654,2,0.0463892757646497
1546,0.277953132472501,72.770631594161,2,0.0465408534578256
1547,0.276996652319464,72.8176036999566,2,0.0466494636028258
1548,0.27661406025825,72.8645758057523,2,0.0466990766225643
1549,0.273935915829747,72.9115479115479,2,0.0471461960827314
1550,0.27039693926351,72.9585200173436,2,0.0480116098030444
1551,0.267718794835007,73.0054921231392,2,0.048883217468093
1552,0.267910090865615,73.0524642289348,2,0.0488145552443266
1553,0.271257771401243,73.0994363347305,2,0.0477716601748953
1554,0.273648971783835,73.1464084405261,2,0.0472045790739118
1555,0.273648971783836,73.1933805463217,2,0.0472045790739118
1556,0.271353419416547,73.2403526521174,2,0.0477461823395331
1557,0.271736011477762,73.287324757913,2,0.04764662121139
1558,0.273457675753228,73.3342968637086,2,0.0472446409446815
1559,0.270970827355332,73.3812689695043,2,0.0478495093036873
1560,0.265901482544237,73.4282410752999,2,0.0495860965376357
1561,0.263797226207556,73.4752131810956,2,0.0505177121992258
1562,0.259397417503587,73.5221852868912,2,0.0529017171476679
1563,0.259206121472979,73.5691573926868,2,0.0530195397351895
1564,0.259301769488283,73.6161294984825,2,0.0529604747481953
1565,0.259110473457676,73.6631016042781,2,0.0530789129413131
1566,0.262936394069823,73.7100737100737,2,0.0509365861726744
1567,0.268197034911526,73.7570458158694,2,0.0487134347420401
1568,0.267240554758489,73.804017921665,2,0.0490592704016629
1569,0.266475370636059,73.8509900274606,2,0.0493541480330719
1570,0.270109995217599,73.8979621332563,2,0.0480958809164252
1571,0.272118603538977,73.9449342390519,2,0.0475508044085073
1572,0.27297943567671,73.9919063448475,2,0.047348800989261
1573,0.275944524151124,74.0388784506432,2,0.0467944258300455
1574,0.27584887613582,74.0858505564388,2,0.0468089358879444
1575,0.276518412242946,74.1328226622344,2,0.0467120326673552
1576,0.279674796747967,74.1797947680301,2,0.0464005134400996
1577,0.27948350071736,74.2267668738257,2,0.0464126203079961
1578,0.281874701099952,74.2737389796213,2,0.0463236345539721
1579,0.282161645145863,74.320711085417,2,0.0463220488448918
1580,0.285222381635581,74.3676831912126,2,0.0464263466256841
1581,0.29143950263032,74.4146552970083,2,0.0473298743872922
1582,0.292778574844572,74.4616274028039,2,0.0476493476382624
1583,0.294213295074127,74.5085995085995,2,0.0480425831988788
1584,0.298039215686275,74.5555716143952,2,0.0493583766965898
1585,0.292969870875179,74.6025437201908,2,0.0476987111385938
1586,0.290196078431373,74.6495158259864,2,0.0470735664278999
1587,0.287613582018173,74.6964879317821,2,0.0466628962089241
1588,0.284074605451937,74.7434600375777,2,0.0463612309584143
1589,0.282352941176471,74.7904321433733,2,0.0463220729744149
1590,0.281109516977523,74.837404249169,2,0.0463373804451456
1591,0.281683405069345,74.8843763549646,2,0.0463257730444408
1592,0.281205164992826,74.9313484607602,2,0.0463349049146236
1593,0.274701099952176,74.9783205665559,2,0.0470004900482716
1594,0.27039693926351,75.0252926723515,2,0.0480116098030444
1595,0.264275466284075,75.0722647781471,2,0.0502945986933735
1596,0.258345289335246,75.1192368839428,2,0.0535650959552462
1597,0.252223816355811,75.1662089897384,2,0.0582237659860246
1598,0.245241511238642,75.2131810955341,2,0.0654827160848926
1599,0.243041606886657,75.2601532013297,2,0.0682820294757052
1600,0.241989478718317,75.3071253071253,2,0.0697190400203203
1601,0.236920133907221,75.354097412921,2,0.0776347179178633
1602,0.237494021999044,75.4010695187166,2,0.0766500037289151
1603,0.237876614060258,75.4480416245122,2,0.0760067792966342
1604,0.235485413677666,75.4950137303079,2,0.0802042316408311
1605,0.232329029172645,75.5419858361035,2,0.0864378537141847
1606,0.231085604973697,75.5889579418991,2,0.0891305831732104
1607,0.233955045432807,75.6359300476948,2,0.0831228851361357
1608,0.237207077953132,75.6829021534904,2,0.0771393527438231
1609,0.236441893830703,75.729874259286,2,0.0784738835143928
1610,0.237876614060258,75.7768463650817,2,0.0760067792966342
1611,0.240554758488761,75.8238184708773,2,0.0717872803939993
1612,0.241893830703013,75.8707905766729,2,0.0698529640315518
1613,0.242754662840746,75.9177626824686,2,0.0686674398759256
1614,0.242563366810139,75.9647347882642,2,0.0689270693389252
1615,0.245815399330464,76.0117068940599,2,0.0647960062410255
1616,0.249163079866093,76.0586789998555,2,0.0611233655322769
1617,0.246580583452893,76.1056511056511,2,0.063907214546274
1618,0.249641319942611,76.1526232114468,2,0.0606427392980572
1619,0.253562888570062,76.1995953172424,2,0.0570809675077753
1620,0.257101865136298,76.246567423038,2,0.0543984741247096
1621,0.260640841702535,76.2935395288337,2,0.0521654700928007
1622,0.262840746054519,76.3405116346293,2,0.0509845143590302
1623,0.265997130559541,76.3874837404249,2,0.0495467905202535
1624,0.266857962697274,76.4344558462206,2,0.0492046676234185
1625,0.267718794835007,76.4814279520162,2,0.048883217468093
1626,0.269249163079866,76.5284000578118,2,0.0483617018355201
1627,0.271927307508369,76.5753721636075,2,0.0475982460812965
1628,0.272596843615495,76.6223442694031,2,0.0474362674315075
1629,0.272596843615495,76.6693163751987,2,0.0474362674315075
1630,0.274414155906265,76.7162884809944,2,0.047053433326019
1631,0.278909612625538,76.76326058679,2,0.0464541627573125
1632,0.283022477283596,76.8102326925856,2,0.0463289698052274
1633,0.290961262553802,76.8572047983813,2,0.0472267323406169
1634,0.29220468675275,76.9041769041769,2,0.0475068640264398
1635,0.293065518890483,76.9511490099726,2,0.0477237448006069
1636,0.289909134385462,76.9981211157682,2,0.0470198701416766
1637,0.285796269727403,77.0450932215638,2,0.0464706488270302
1638,0.281874701099952,77.0920653273595,2,0.0463236345539721
1639,0.281683405069345,77.1390374331551,2,0.0463257730444408
1640,0.282639885222382,77.1860095389507,2,0.0463237310752799
1641,0.281109516977523,77.2329816447464,2,0.0463373804451456
1642,0.28130081300813,77.279953750542,2,0.0463326458068542
1643,0.280726924916308,77.3269258563376,2,0.0463494474978696
1644,0.280153036824486,77.3738979621333,2,0.0463740476887934
1645,0.279961740793879,77.4208700679289,2,0.0463839826849647
1646,0.27766618842659,77.4678421737245,2,0.0465711289266848
1647,0.272022955523673,77.5148142795202,2,0.0475744087239157
1648,0.265136298421808,77.5617863853158,2,0.0499099660522105
1649,0.257006217120995,77.6087584911114,2,0.0544648484944114
1650,0.248397895743663,77.6557305969071,2,0.061914563180998
1651,0.230703012912482,77.7027027027027,2,0.089987848803244
1652,0.216642754662841,77.7496748084984,2,0.133186311483612
1653,0.203921568627451,77.796646914294,2,0.200496984832834
1654,0.192252510760402,77.8436190200896,2,0.297824381816644
1655,0.181252989000478,77.8905911258853,2,0.426630648570327
1656,0.163940698230512,77.9375632316809,1,0.672643685306283
1657,0.138020086083214,77.9845353374765,1,0.926955500030317
1658,0.121281683405069,78.0315074432722,1,0.980306565649956
1659,0.107221425155428,78.0784795490678,1,0.994355977804318
1660,0.103682448589192,78.1254516548634,1,0.995955282003269
1661,0.102247728359637,78.1724237606591,1,0.996473533561561
1662,0.104830224772836,78.2193958664547,1,0.995490166410096
1663,0.118603538976566,78.2663679722503,1,0.984329350408593
1664,0.1350549976088,78.313340078046,1,0.941144950155616
1665,0.157819225251076,78.3603121838416,1,0.75356457540692
1666,0.175992348158776,78.4072842896372,2,0.499022155435802
1667,0.198469631755141,78.4542563954329,2,0.241086227897445
1668,0.213103778096604,78.5012285012285,2,0.14861752952805
1669,0.220086083213773,78.5482006070242,2,0.12017392684638
1670,0.224390243902439,78.5951727128198,2,0.106310049991322
1671,0.230989956958393,78.6421448186154,2,0.0893436089181984
1672,0.235963653754185,78.6891169244111,2,0.0793302774648531
1673,0.237015781922525,78.7360890302067,2,0.0774689234919903
1674,0.243041606886657,78.7830611360023,2,0.0682820294757052
1675,0.249258727881396,78.830033241798,2,0.0610263952394684
1676,0.251362984218077,78.8770053475936,2,0.0589978428821059
1677,0.2519368723099,78.9239774533892,2,0.0584783013006576
1678,0.256719273075084,78.9709495591849,2,0.0546659476090784
1679,0.263605930176949,79.0179216649805,2,0.050608866115238
1680,0.268962219033955,79.0648937707761,2,0.0484546807386109
1681,0.271449067431851,79.1118658765718,2,0.0477209398648462
1682,0.276040172166428,79.1588379823674,2,0.0467801383328022
1683,0.280535628885701,79.205810088163,2,0.0463567805556173
1684,0.282352941176471,79.2527821939587,2,0.0463220729744149
1685,0.28130081300813,79.2997542997543,2,0.0463326458068542
1686,0.279292204686753,79.3467264055499,2,0.0464255970141842
1687,0.278813964610234,79.3936985113456,2,0.0464618489801733
1688,0.278718316594931,79.4406706171412,2,0.0464697533186081
1689,0.281587757054041,79.4876427229369,2,0.0463271667334207
1690,0.282926829268293,79.5346148287325,2,0.0463273356580889
1691,0.285604973696796,79.5815869345281,2,0.0464550095890984
1692,0.290674318507891,79.6285590403238,2,0.0471675896492243
1693,0.294117647058824,79.6755311461194,2,0.048014705596868
1694,0.296317551410808,79.722503251915,2,0.0487171556790357
1695,0.294787183165949,79.7694753577107,2,0.0482148890385477
1696,0.292300334768054,79.8164474635063,2,0.0475300291266473
1697,0.292682926829268,79.8634195693019,2,0.0476250171335205
1698,0.289430894308943,79.9103916750976,2,0.046934884923676
1699,0.288857006217121,79.9573637808932,2,0.0468403070863974
1700,0.287039693926351,80.0043358866888,2,0.0465936234092468
1701,0.282735533237685,80.0513079924845,2,0.0463247163105672
1702,0.281013868962219,80.0982800982801,2,0.0463400724314112
1703,0.280918220946915,80.1452522040757,2,0.0463429809092972
1704,0.277761836441894,80.1922243098714,2,0.0465608177118368
1705,0.277187948350072,80.239196415667,2,0.0466259814770863
1706,0.278048780487805,80.2861685214627,2,0.0465312001520318
1707,0.278909612625538,80.3331406272583,2,0.0464541627573125
1708,0.278909612625538,80.3801127330539,2,0.0464541627573125
1709,0.278527020564323,80.4270848388496,2,0.0464862167670269
1710,0.277857484457198,80.4740569446452,2,0.0465507259338125
1711,0.275753228120517,80.5210290504408,2,0.0468236687007651
1712,0.274701099952176,80.5680011562365,2,0.0470004900482716
1713,0.271257771401243,80.6149732620321,2,0.0477716601748953
1714,0.275561932089909,80.6619453678277,2,0.0468538033832928
1715,0.280057388809182,80.7089174736234,2,0.0463789066822385
1716,0.282735533237685,80.755889579419,2,0.0463247163105672
1717,0.282831181252989,80.8028616852146,2,0.0463259178328332
1718,0.283022477283596,80.8498337910103,2,0.0463289698052274
1719,0.283405069344811,80.8968058968059,2,0.0463376700913923
1720,0.284744141559063,80.9437780026015,2,0.0463954143005613
1721,0.283692013390722,80.9907501083972,2,0.0463464680405076
1722,0.285796269727403,81.0377222141928,2,0.0464706488270302
1723,0.289239598278336,81.0846943199885,2,0.0469024635070555
1724,0.291248206599713,81.1316664257841,2,0.0472879302932427
1725,0.291917742706839,81.1786385315797,2,0.0474387602800737
1726,0.290291726446676,81.2256106373754,2,0.0470919174720414
1727,0.287135341941655,81.272582743171,2,0.0466046183139422
1728,0.285031085604974,81.3195548489666,2,0.0464133213706462
1729,0.281396461023434,81.3665269547623,2,0.0463306030917311
1730,0.279579148732664,81.4134990605579,2,0.0464064581857157
1731,0.278144428503109,81.4604711663535,2,0.0465217658875262
1732,0.279005260640842,81.5074432721492,2,0.0464466945474678
1733,0.283883309421329,81.5544153779448,2,0.0463534161590768
1734,0.288761358201817,81.6013874837404,2,0.0468253264316923
1735,0.291535150645624,81.6483595895361,2,0.0473511909137711
1736,0.292587278813965,81.6953316953317,2,0.047600920353507
1737,0.294691535150646,81.7423038011273,2,0.0481855694333056
1738,0.297178383548541,81.789275906923,2,0.0490275279461864
1739,0.297752271640363,81.8362480127186,2,0.0492457964660981
1740,0.292587278813965,81.8832201185142,2,0.047600920353507
1741,0.287996174079388,81.9301922243099,2,0.046713492051785
1742,0.283883309421329,81.9771643301055,2,0.0463534161590768
1743,0.276709708273553,82.0241364359012,2,0.0466863418625433
1744,0.268675274988044,82.0711085416968,2,0.0485498643316787
1745,0.258632233381157,82.1180806474924,2,0.0533804317315922
1746,0.255762792922047,82.1650527532881,2,0.055357977966237
1747,0.246963175514108,82.2120248590837,2,0.0634740735257792
1748,0.235485413677666,82.2589969648793,2,0.0802042316408311
1749,0.22544237207078,82.305969070675,2,0.103282100347291
1750,0.220564323290292,82.3529411764706,2,0.118508477183668
1751,0.216547106647537,82.3999132822662,2,0.133574723912127
1752,0.212625538020086,82.4468853880619,2,0.150878228136272
1753,0.219416547106648,82.4938574938575,2,0.122561583986732
1754,0.220468675274988,82.5408295996532,2,0.118838935729203
1755,0.221616451458632,82.5878017054488,2,0.114958543000641
1756,0.221712099473936,82.6347738112444,2,0.11464343315903
1757,0.220851267336203,82.68174591704,2,0.117524916770713
1758,0.219703491152559,82.7287180228357,2,0.12153020804589
1759,0.220277379244381,82.7756901286313,2,0.119503789988259
1760,0.220086083213773,82.822662234427,2,0.12017392684638
1761,0.22104256336681,82.8696343402226,2,0.116875673557762
1762,0.220086083213773,82.9166064460182,2,0.12017392684638
1763,0.218077474892396,82.9635785518139,2,0.127539471581515
1764,0.214921090387374,83.0105506576095,2,0.140415713094735
1765,0.209277857484457,83.0575227634051,2,0.167979936461123
1766,0.202678144428503,83.1044948692008,2,0.209049852731187
1767,0.199043519846963,83.1514669749964,2,0.236426369044977
1768,0.197321855571497,83.198439080792,2,0.250691748638546
1769,0.200860832137733,83.2454111865877,2,0.222284784302831
1770,0.202008608321377,83.2923832923833,2,0.213822774473428
1771,0.208512673362028,83.3393553981789,2,0.172219604405902
1772,0.217599234815878,83.3863275039746,2,0.129384886009196
1773,0.223242467718795,83.4332996097702,2,0.10976819992277
1774,0.226590148254424,83.4802717155658,2,0.100127001959879
1775,0.226016260162602,83.5272438213615,2,0.101685651777566
1776,0.224103299856528,83.5742159271571,2,0.107159158328638
1777,0.221712099473936,83.6211880329528,2,0.11464343315903
1778,0.218555714968914,83.6681601387484,2,0.125730029046235
1779,0.213486370157819,83.715132244544,2,0.146840201474241
1780,0.208990913438546,83.7621043503397,2,0.16955479939773
1781,0.204782400765184,83.8090764561353,2,0.194807005430092
1782,0.198565279770445,83.8560485619309,2,0.240303017705786
1783,0.190243902439024,83.9030206677266,2,0.318673936234312
1784,0.183739837398374,83.9499927735222,2,0.39452006471386
1785,0.178479196556671,83.9969648793178,2,0.46414877037116
1786,0.179244380679101,84.0439369851135,2,0.45363790070707
1787,0.181731229076997,84.0909090909091,2,0.42033572373025
1788,0.186609277857484,84.1378811967047,2,0.359530844513728
1789,0.190052606408417,84.1848533025004,2,0.320724341853768
1790,0.184600669536107,84.231825408296,2,0.383781343988896
1791,0.171018651362984,84.2787975140917,1,0.570893153337302
1792,0.158775705404113,84.3257696198873,1,0.741595186537394
1793,0.139933046389287,84.3727417256829,1,0.916382655055114
1794,0.121855571496891,84.4197138314785,1,0.979331075590253
1795,0.103586800573888,84.4666859372742,1,0.995991940569262
1796,0.0974653275944524,84.5136580430698,1,0.997785842067804
1797,0.0971783835485414,84.5606301488655,1,0.997847692401177
1798,0.0975609756097561,84.6076022546611,1,0.997764855522857
1799,0.0997608799617408,84.6545743604567,1,0.997227152679584
1800,0.103778096604495,84.7015464662524,1,0.995918309423309
1801,0.122620755619321,84.748518572048,1,0.977962455851285
1802,0.126064084170253,84.7954906778436,1,0.970738502830482
1803,0.132950741272119,84.8424627836393,1,0.949738085758725
1804,0.139646102343376,84.8894348894349,1,0.918043508733438
1805,0.143280726924916,84.9364069952305,1,0.894942413198649
1806,0.146437111429938,84.9833791010262,1,0.871042391759502
1807,0.151410808225729,85.0303512068218,1,0.825689475005449
1808,0.155810616929699,85.0773233126175,1,0.777737364408206
1809,0.160593017694883,85.1242954184131,1,0.718107077502784
1810,0.161358201817312,85.1712675242087,1,0.707947640127399
1811,0.163558106169297,85.2182396300043,1,0.67796291192547
1812,0.169201339072214,85.2652117358,1,0.597375844644331
1813,0.174461979913917,85.3121838415956,1,0.520919598611835
1814,0.180296508847441,85.3591559473913,2,0.439380537533237
1815,0.188904830224773,85.4061280531869,2,0.333261915508667
1816,0.194643711142994,85.4531001589825,2,0.27462111588225
1817,0.203156384505022,85.5000722647782,2,0.205712893233055
1818,0.21090387374462,85.5470443705738,2,0.159387132179976
1819,0.21999043519847,85.5940164763694,2,0.12051098869733
1820,0.226781444285031,85.6409885821651,2,0.0996157012779703
1821,0.230511716881875,85.6879606879607,2,0.090421677767097
1822,0.233668101386896,85.7349327937563,2,0.0836914741989264
1823,0.235294117647059,85.781904899552,2,0.0805588058699238
1824,0.235963653754185,85.8288770053476,2,0.0793302774648531
1825,0.234911525585844,85.8758491111432,2,0.0812766339835788
1826,0.233381157340985,85.9228212169389,2,0.0842669947674604
1827,0.231659493065519,85.9697933227345,2,0.0878702662796673
1828,0.230320420851267,86.0167654285301,2,0.0908590068121667
1829,0.231276901004304,86.0637375343258,2,0.0887070930689151
1830,0.232137733142037,86.1107096401214,2,0.0868430022712519
1831,0.232807269249163,86.1576817459171,2,0.0854391539708544
1832,0.232137733142037,86.2046538517127,2,0.0868430022712519
1833,0.239980870396939,86.2516259575083,2,0.0726510960068104
1834,0.23921568627451,86.298598063304,2,0.0738364972220845
1835,0.241893830703013,86.3455701690996,2,0.0698529640315518
1836,0.241989478718317,86.3925422748952,2,0.0697190400203203
1837,0.240650406504065,86.4395143806909,2,0.0716453751530408
1838,0.241893830703013,86.4864864864865,2,0.0698529640315518
1839,0.244858919177427,86.5334585922821,2,0.0659503069912651
1840,0.244380679100909,86.5804306980778,2,0.066546000646917
1841,0.24390243902439,86.6274028038734,2,0.0671543540756513
1842,0.245050215208034,86.674374909669,2,0.0657155238102754
1843,0.244476327116212,86.7213470154647,2,0.0664258563917095
1844,0.241128646580583,86.7683191212603,2,0.0709445642973719
1845,0.238259206121473,86.815291227056,2,0.0753739703608785
1846,0.238354854136777,86.8622633328516,2,0.0752173771810365
1847,0.237494021999044,86.9092354386472,2,0.0766500037289151
1848,0.233859397417504,86.9562075444428,2,0.083311649592848
1849,0.233955045432807,87.0031796502385,2,0.0831228851361357
1850,0.229650884744142,87.0501517560341,2,0.092417617068085
1851,0.222477283596365,87.0971238618298,2,0.112167080979012
1852,0.213582018173123,87.1440959676254,2,0.146400157399704
1853,0.203347680535629,87.191068073421,2,0.204394780942763
1854,0.188809182209469,87.2380401792167,2,0.334324836813726
1855,0.173314203730273,87.2850122850123,1,0.537499117284159
1856,0.162505978000956,87.3319843908079,1,0.692438191402767
1857,0.145767575322812,87.3789564966036,1,0.876422833362321
1858,0.123194643711143,87.4259286023992,1,0.976882880101707
1859,0.107221425155428,87.4729007081948,1,0.994355977804318
1860,0.0933524629363941,87.5198728139905,1,0.998531216670412
1861,0.0703969392635103,87.5668449197861,1,0.999874499361149
1862,0.052702056432329,87.6138170255818,1,0.999984469795464
1863,0.0436154949784792,87.6607891313774,1,0.999995023950187
1864,0.0354854136776662,87.707761237173,1,0.999998268761536
1865,0.0326159732185557,87.7547333429686,1,0.999998817350558
1866,0.0241989478718317,87.8017054487643,1,0.999999622993712
1867,0.0235294117647059,87.8486775545599,1,0.999999656325908
1868,0.0330942132950741,87.8956496603556,1,0.999998739414274
1869,0.0486848397895744,87.9426217661512,1,0.999990559072302
1870,0.0684839789574366,87.9895938719468,1,0.999899062041542
1871,0.0933524629363941,88.0365659777425,1,0.998531216670412
1872,0.114777618364419,88.0835380835381,1,0.988783631011068
1873,0.125585844093735,88.1305101893337,1,0.971854357412778
1874,0.134385461501674,88.1774822951294,1,0.944005216345709
1875,0.145289335246294,88.224454400925,1,0.880162478980968
1876,0.159349593495935,88.2714265067206,1,0.734280122267329
1877,0.175514108082257,88.3183986125163,1,0.505835005015153
1878,0.189670014347202,88.3653707183119,2,0.324858807749925
1879,0.198947871831659,88.4123428241075,2,0.237196460723984
1880,0.207938785270206,88.4593149299032,2,0.175484393266001
1881,0.212051649928264,88.5062870356988,2,0.153649313318739
1882,0.217312290769967,88.5532591414945,2,0.13050967869656
1883,0.220468675274988,88.6002312472901,2,0.118838935729203
1884,0.223912003825921,88.6472033530857,2,0.107730893838997
1885,0.226685796269727,88.6941754588814,2,0.0998708406865397
1886,0.227929220468675,88.741147564677,2,0.096632310798
1887,0.230703012912482,88.7881196704726,2,0.089987848803244
1888,0.236920133907221,88.8350917762683,2,0.0776347179178634
1889,0.244380679100909,88.8820638820639,2,0.066546000646917
1890,0.24830224772836,88.9290359878595,2,0.0620154142512223
1891,0.255093256814921,88.9760080936552,2,0.0558626573959062
1892,0.261692969870875,89.0229801994508,2,0.0515816665805694
1893,0.267910090865615,89.0699523052464,2,0.0488145552443266
1894,0.272883787661406,89.1169244110421,2,0.0473703218682819
1895,0.276805356288857,89.1638965168377,2,0.046673828216976
1896,0.278718316594931,89.2108686226333,2,0.0464697533186081
1897,0.281492109038737,89.257840728429,2,0.0463287767420326
1898,0.28130081300813,89.3048128342246,2,0.0463326458068542
1899,0.281109516977523,89.3517849400203,2,0.0463373804451456
1900,0.280057388809182,89.3987570458159,2,0.0463789066822385
1901,0.277379244380679,89.4457291516115,2,0.0466033805842215
1902,0.274509803921569,89.4927012574071,2,0.0470355598530889
1903,0.272501195600191,89.5396733632028,2,0.0474587112479982
1904,0.271257771401243,89.5866454689984,2,0.0477716601748953
1905,0.273457675753228,89.6336175747941,2,0.0472446409446815
1906,0.266475370636059,89.6805896805897,2,0.0493541480330719
1907,0.258249641319943,89.7275617863853,2,0.0536272813833806
1908,0.251745576279292,89.774533892181,2,0.0586499222206526
1909,0.243711142993783,89.8215059979766,2,0.0674012914585003
1910,0.239885222381636,89.8684781037722,2,0.0727971498962122
1911,0.237589670014347,89.9154502095679,2,0.0764882125219662
1912,0.233572453371593,89.9624223153635,2,0.0838825402597013
1913,0.237972262075562,90.0093944211591,2,0.0758476067589147
1914,0.23194643711143,90.0563665269548,2,0.0872514278266244
1915,0.230320420851267,90.1033386327504,2,0.0908590068121667
1916,0.234528933524629,90.1503107385461,2,0.0820061839577747
1917,0.235007173601148,90.1972828443417,2,0.0810960850512788
1918,0.228885700621712,90.2442549501373,2,0.0942533265493355
1919,0.22467718794835,90.2912270559329,2,0.105471031577827
1920,0.224868483978957,90.3381991617286,2,0.104917234212895
1921,0.218747010999522,90.3851712675242,2,0.125016176242084
1922,0.219512195121951,90.4321433733199,2,0.122216432831861
1923,0.220564323290292,90.4791154791155,2,0.118508477183668
1924,0.223146819703491,90.5260875849111,2,0.110063903698548
1925,0.226111908177905,90.5730596907068,2,0.10142327555545
1926,0.228024868483979,90.6200317965024,2,0.0963901015237816
1927,0.228598756575801,90.667003902298,2,0.0949570409724091
1928,0.228694404591105,90.7139760080937,2,0.0947215287537002
1929,0.22180774748924,90.7609481138893,2,0.114329571154649
1930,0.223051171688187,90.8079202196849,2,0.110360785929
1931,0.224868483978957,90.8548923254806,2,0.104917234212895
1932,0.226398852223816,90.9018644312762,2,0.100642405971953
1933,0.22831181252989,90.9488365370718,2,0.0956692660832461
1934,0.228216164514586,90.9958086428675,2,0.0959085829065004
1935,0.229268292682927,91.0427807486631,2,0.0933281094163491
1936,0.229459588713534,91.0897528544588,2,0.0928710369015568
1937,0.232520325203252,91.1367249602544,2,0.0860359569025024
1938,0.229650884744142,91.18369706605,2,0.092417617068085
1939,0.230511716881875,91.2306691718457,2,0.090421677767097
1940,0.231468197034912,91.2776412776413,2,0.0882869961674316
1941,0.231468197034912,91.3246133834369,2,0.0882869961674316
1942,0.23558106169297,91.3715854892326,2,0.0800280198188717
1943,0.243424198947872,91.4185575950282,2,0.0677755969774322
1944,0.247441415590626,91.4655297008238,2,0.0629429917476671
1945,0.247824007651841,91.5125018066195,2,0.0625262784452177
1946,0.248397895743663,91.5594739124151,2,0.061914563180998
1947,0.249736967957915,91.6064460182107,2,0.0605478745460496
1948,0.253275944524151,91.6534181240064,2,0.0573197007431897
1949,0.258058345289335,91.700390229802,2,0.0537526035449061
1950,0.262458153993305,91.7473623355976,2,0.0511790311907901
1951,0.265997130559541,91.7943344413933,2,0.0495467905202535
1952,0.267240554758489,91.8413065471889,2,0.0490592704016629
1953,0.263988522238164,91.8882786529846,2,0.0504276513499377
1954,0.261119081779053,91.9352507587802,2,0.0518957218652538
1955,0.261406025824964,91.9822228645758,2,0.0517373882032994
1956,0.262745098039216,92.0291949703715,2,0.0510327222822828
1957,0.262649450023912,92.0761670761671,2,0.0510812106120928
1958,0.262553802008608,92.1231391819627,2,0.0511299800222706
1959,0.259110473457676,92.1701112877584,2,0.0530789129413131
1960,0.252606408417025,92.217083393554,2,0.0578897397635059
1961,0.247154471544715,92.2640554993496,2,0.063260271125092
1962,0.238163558106169,92.3110276051453,2,0.0755312047319941
1963,0.224485891917743,92.3579997109409,2,0.106029261831195
1964,0.208895265423242,92.4049718167365,2,0.170083740314472
1965,0.190530846484935,92.4519439225322,2,0.315619396687782
1966,0.170349115255858,92.4989160283278,1,0.580655698833663
1967,0.154471544715447,92.5458881341234,1,0.793082119713855
1968,0.14624581539933,92.5928602399191,1,0.872596988131112
1969,0.150932568149211,92.6398323457147,1,0.830464547938266
1970,0.149210903873745,92.6868044515104,1,0.846925807680008
1971,0.150741272118604,92.733776557306,1,0.832349998916868
1972,0.14988043998087,92.7807486631016,1,0.840660132378903
1973,0.145671927307508,92.8277207688973,1,0.877177640108177
1974,0.144906743185079,92.8746928746929,1,0.883092534615928
1975,0.147776183644189,92.9216649804885,1,0.859769229930192
1976,0.149976087996174,92.9686370862842,1,0.839750899224424
1977,0.15791487326638,93.0156091920798,1,0.7523804907635
1978,0.164610234337637,93.0625812978754,1,0.663270091776714
1979,0.17455762792922,93.1095534036711,1,0.519543324055696
1980,0.185174557627929,93.1565255094667,2,0.376735669861977
1981,0.196939263510282,93.2034976152623,2,0.253979283966341
1982,0.208512673362028,93.250469721058,2,0.172219604405902
1983,0.220086083213773,93.2974418268536,2,0.12017392684638
1984,0.226972740315638,93.3444139326492,2,0.0991084722718745
1985,0.228024868483979,93.3913860384449,2,0.0963901015237816
1986,0.233189861310378,93.4383581442405,2,0.0846545657619439
1987,0.241415590626495,93.4853302500361,2,0.0705309730712481
1988,0.250406504065041,93.5323023558318,2,0.059895416706603
1989,0.259588713534194,93.5792744616274,2,0.052785120798741
1990,0.270109995217599,93.6262465674231,2,0.0480958809164252
1991,0.279961740793879,93.6732186732187,2,0.0463839826849647
1992,0.285700621712099,93.7201907790143,2,0.046462720144465
1993,0.288378766140603,93.76716288481,2,0.0467676315957714
1994,0.293830703012912,93.8141349906056,2,0.0479325052537581
1995,0.3012912482066,93.8611070964012,2,0.0507997143517398
1996,0.306551889048302,93.9080792021969,2,0.0538228069334699
1997,0.309230033476805,93.9550513079925,2,0.0557248399490079
1998,0.310856049736968,94.0020234137881,2,0.0570109031817822
1999,0.311812529890005,94.0489955195838,2,0.0578163744992619
2000,0.312673362027738,94.0959676253794,2,0.0585734951024174
2001,0.314777618364419,94.142939731175,2,0.0605584389997824
2002,0.319273075083692,94.1899118369707,2,0.0654956527997854
2003,0.32051649928264,94.2368839427663,2,0.067045324578181
2004,0.317838354854137,94.2838560485619,2,0.0638103704401377
2005,0.317073170731707,94.3308281543576,2,0.0629547194152105
2006,0.317168818747011,94.3778002601532,2,0.0630600753249702
2007,0.315734098517456,94.4247723659489,2,0.0615265525113128
2008,0.312290769966523,94.4717444717445,2,0.0582331712221413
2009,0.311238641798183,94.5187165775401,2,0.057328644128078
2010,0.306934481109517,94.5656886833358,2,0.0540787081819744
2011,0.301386896221903,94.6126607891314,2,0.0508468382636514
2012,0.297847919655667,94.659632894927,2,0.0492830667701737
2013,0.296987087517934,94.7066050007227,2,0.0489567992062433
2014,0.296987087517934,94.7535771065183,2,0.0489567992062433
2015,0.296508847441416,94.8005492123139,2,0.0487843756595022
2016,0.295169775227164,94.8475213181096,2,0.0483345885510011
2017,0.292395982783357,94.8944934239052,2,0.0475534266703705
2018,0.294117647058824,94.9414655297008,2,0.048014705596868
2019,0.296317551410808,94.9884376354965,2,0.0487171556790357
2020,0.297178383548541,95.0354097412921,2,0.0490275279461864
2021,0.294978479196557,95.0823818470877,2,0.0482742537691217
2022,0.290865614538498,95.1293539528834,2,0.0472067901062585
2023,0.286370157819225,95.176326058679,2,0.0465228077231068
2024,0.283596365375418,95.2232981644747,2,0.0463433188689432
2025,0.272788139646102,95.2702702702703,2,0.0473920730392417
2026,0.268101386896222,95.3172423760659,2,0.0487468924813191
2027,0.261214729794357,95.3642144818616,2,0.0518426525291173
2028,0.253562888570062,95.4111865876572,2,0.0570809675077753
2029,0.248015303682449,95.4581586934528,2,0.0623206049534845
2030,0.245432807269249,95.5051307992485,2,0.0652518698103914
2031,0.244093735054998,95.5521029050441,2,0.0669094789488352
2032,0.244285031085605,95.5990750108397,2,0.0666666512763195
2033,0.24753706360593,95.6460471166354,2,0.0628381387719075
2034,0.249163079866093,95.693019222431,2,0.0611233655322769
2035,0.254232424677188,95.7399913282266,2,0.0565366895702399
2036,0.260545193687231,95.7869634340223,2,0.0522203053346408
2037,0.265901482544237,95.8339355398179,2,0.0495860965376357
2038,0.268005738880918,95.8809076456135,2,0.048780599162225
2039,0.268005738880918,95.9278797514092,2,0.048780599162225
2040,0.266857962697274,95.9748518572048,2,0.0492046676234185
2041,0.269631755141081,96.0218239630004,2,0.048241139864567
2042,0.273744619799139,96.0687960687961,2,0.0471848903661262
2043,0.276422764227642,96.1157681745917,2,0.0467252101702131
2044,0.27948350071736,96.1627402803874,2,0.0464126203079961
2045,0.284074605451937,96.209712386183,2,0.0463612309584143
2046,0.290291726446676,96.2566844919786,2,0.0470919174720414
2047,0.291535150645624,96.3036565977743,2,0.0473511909137711
2048,0.289335246293639,96.3506287035699,2,0.0469185621036019
2049,0.287230989956958,96.3976008093655,2,0.0466158332406204
2050,0.278622668579627,96.4445729151612,2,0.0464778758780935
2051,0.274127211860354,96.4915450209568,2,0.0471084109144732
2052,0.273553323768532,96.5385171267524,2,0.0472244958441905
2053,0.272022955523673,96.5854892325481,2,0.0475744087239157
2054,0.271927307508369,96.6324613383437,2,0.0475982460812965
2055,0.273457675753228,96.6794334441393,2,0.0472446409446815
2056,0.273170731707317,96.726405549935,2,0.0473064489514662
2057,0.273744619799139,96.7733776557306,2,0.0471848903661262
2058,0.274988043998087,96.8203497615262,2,0.0469495746877539
2059,0.27661406025825,96.8673218673219,2,0.0466990766225643
2060,0.275657580105213,96.9142939731175,2,0.0468386244657841
2061,0.276135820181731,96.9612660789132,2,0.0467660732049548
2062,0.27661406025825,97.0082381847088,2,0.0466990766225643
2063,0.274892395982783,97.0552102905044,2,0.0469663215348985
2064,0.272883787661406,97.1021823963001,2,0.0473703218682819
2065,0.271353419416547,97.1491545020957,2,0.0477461823395331
2066,0.271544715447154,97.1961266078913,2,0.0476959324098638
2067,0.269153515064562,97.243098713687,2,0.0483924505454607
2068,0.265614538498326,97.2900708194826,2,0.0497055793095543
2069,0.263510282161645,97.3370429252782,2,0.0506548545479654
2070,0.258823529411765,97.3840150310739,2,0.0532588902716002
2071,0.250693448110952,97.4309871368695,2,0.0596219285345068
2072,0.243615494978479,97.4779592426651,2,0.0675255381587345
2073,0.237302725968436,97.5249313484608,2,0.0769755713236992
2074,0.239406982305117,97.5719034542564,2,0.0735364877355659
2075,0.240937350549976,97.618875560052,2,0.0712231541722371
2076,0.24390243902439,97.6658476658477,2,0.0671543540756513
2077,0.246006695361071,97.7128197716433,2,0.0645709615796917
2078,0.252319464371114,97.759791877439,2,0.0581396882142772
2079,0.260353897656624,97.8067639832346,2,0.0523308675367954
2080,0.265997130559541,97.8537360890302,2,0.0495467905202535
2081,0.264275466284075,97.9007081948259,2,0.0502945986933735
2082,0.264849354375897,97.9476803006215,2,0.0500357721150337
2083,0.26676231468197,97.9946524064171,2,0.0492416536634819
2084,0.267910090865615,98.0416245122128,2,0.0488145552443266
2085,0.268101386896222,98.0885966180084,2,0.0487468924813191
2086,0.269823051171688,98.135568723804,2,0.0481823128827175
2087,0.275753228120517,98.1825408295997,2,0.0468236687007651
2088,0.281587757054041,98.2295129353953,2,0.0463271667334207
2089,0.284839789574366,98.2764850411909,2,0.0464011659913007
2090,0.289239598278336,98.3234571469866,2,0.0469024635070555
2091,0.293065518890483,98.3704292527822,2,0.0477237448006069
2092,0.294691535150646,98.4174013585778,2,0.0481855694333056
2093,0.294978479196557,98.4643734643735,2,0.0482742537691217
2094,0.293161166905787,98.5113455701691,2,0.0477490135202091
2095,0.290100430416069,98.5583176759647,2,0.0470554416864662
2096,0.287613582018173,98.6052897817604,2,0.0466628962089241
2097,0.291917742706839,98.652261887556,2,0.0474387602800737
2098,0.285891917742707,98.6992339933517,2,0.0464787957425965
2099,0.281779053084649,98.7462060991473,2,0.0463245956565209
2100,0.279100908656145,98.7931782049429,2,0.0464394442509975
2101,0.274701099952176,98.8401503107386,2,0.0470004900482716
2102,0.275370636059302,98.8871224165342,2,0.0468848314920389
2103,0.279866092778575,98.9340945223298,2,0.0463892757646497
2104,0.28206599713056,98.9810666281255,2,0.0463223611566417
2105,0.27948350071736,99.0280387339211,2,0.0464126203079961
2106,0.28206599713056,99.0750108397167,2,0.0463223611566417
2107,0.28206599713056,99.1219829455124,2,0.0463223611566417
2108,0.276901004304161,99.168955051308,2,0.0466615355185246
2109,0.274701099952176,99.2159271571036,2,0.0470004900482716
2110,0.275370636059302,99.2628992628993,2,0.0468848314920389
2111,0.273075083692013,99.3098713686949,2,0.047327510112498
2112,0.269823051171688,99.3568434744905,2,0.0481823128827175
2113,0.265805834528934,99.4038155802862,2,0.0496256629787576
2114,0.255475848876136,99.4507876860818,2,0.0555721999101391
2115,0.241798182687709,99.4977597918775,2,0.0699874445665114
2116,0.225729316116691,99.5447318976731,2,0.102479096260658
2117,0.207173601147776,99.5917040034687,2,0.179953412345675
2118,0.190435198469632,99.6386761092644,2,0.316634765560563
2119,0.175035868005739,99.68564821506,1,0.512676263498938
2120,0.16154949784792,99.7326203208556,1,0.705384597318345
2121,0.149976087996174,99.7795924266513,1,0.839750899224424
2122,0.141463414634146,99.8265645324469,1,0.907061302170427
2123,0.13323768531803,99.8735366382425,1,0.948633553713219
2124,0.12883787661406,99.9205087440382,1,0.96345673188926
2125,0.125011956001913,99.9674808498338,1,0.973143130979755
2126,0.119081779053085,100.014452955629,1,0.98367110658884
2127,0.11506456241033,100.061425061425,1,0.988495090882495
2128,0.114203730272597,100.108397167221,1,0.989340809311894
2129,0.114012434241989,100.155369273016,1,0.989520787386291
2130,0.118986131037781,100.202341378812,1,0.983804739186927
2131,0.12960306073649,100.249313484608,1,0.961185542609481
2132,0.139072214251554,100.296285590403,1,0.921284941147221
2133,0.142898134863702,100.343257696199,1,0.897590961792295
2134,0.149306551889048,100.390229801995,1,0.846041317021871
2135,0.15714968914395,100.43720190779,1,0.761770894467173
2136,0.159253945480631,100.484174013586,1,0.735506050775643
2137,0.164705882352941,100.531146119381,1,0.661924622249848
2138,0.164036346245815,100.578118225177,1,0.671309548601397
2139,0.168818747011,100.625090330973,1,0.602938822433546
2140,0.176948828311813,100.672062436768,2,0.485491780860103
2141,0.181157340985175,100.719034542564,2,0.427896154637566
2142,0.182305117168819,100.76600664836,2,0.412855204279372
2143,0.189574366331899,100.812978754155,2,0.325899425136983
2144,0.198373983739837,100.859950859951,2,0.241872075680008
2145,0.202486848397896,100.906922965747,2,0.210401431667228
2146,0.208703969392635,100.953895071542,2,0.1711476397119
2147,0.217790530846485,101.000867177338,2,0.128642361058756
2148,0.22467718794835,101.047839283133,2,0.105471031577827
2149,0.233572453371593,101.094811388929,2,0.0838825402597013
2150,0.24208512673362,101.141783494725,2,0.0695856704925891
2151,0.249736967957915,101.18875560052,2,0.0605478745460496
2152,0.253275944524151,101.235727706316,2,0.0573197007431897
2153,0.259493065518891,101.282699812112,2,0.0528432661056237
2154,0.261214729794357,101.329671917907,2,0.0518426525291173
2155,0.2649450023912,101.376644023703,2,0.049993570924846
2156,0.269918699186992,101.423616129498,2,0.0481532614870813
2157,0.27221425155428,101.470588235294,2,0.0475274328167372
2158,0.273744619799139,101.51756034109,2,0.0471848903661262
2159,0.274892395982783,101.564532446885,2,0.0469663215348985
2160,0.276996652319464,101.611504552681,2,0.0466494636028258
2161,0.27843137254902,101.658476658477,2,0.046494776096728
2162,0.278909612625538,101.705448764272,2,0.0464541627573125
2163,0.278335724533716,101.752420870068,2,0.046503553981442
2164,0.276805356288857,101.799392975864,2,0.046673828216976
2165,0.275657580105213,101.846365081659,2,0.0468386244657841
2166,0.270683883309421,101.893337187455,2,0.0479294892672793
2167,0.265614538498326,101.94030929325,2,0.0497055793095543
2168,0.264371114299378,101.987281399046,2,0.0502507889835265
2169,0.258536585365854,102.034253504842,2,0.0534416720024473
2170,0.257484457197513,102.081225610637,2,0.05413624482402
2171,0.255093256814921,102.128197716433,2,0.0558626573959062
2172,0.251458632233381,102.175169822229,2,0.0589102746997196
2173,0.245528455284553,102.222141928024,2,0.0651371778761468
2174,0.239885222381636,102.26911403382,2,0.0727971498962122
2175,0.233955045432807,102.316086139616,2,0.0831228851361357
2176,0.23012912482066,102.363058245411,2,0.0912998631940004
2177,0.233189861310378,102.410030351207,2,0.0846545657619439
2178,0.232902917264467,102.457002457002,2,0.0852418185271247
2179,0.233285509325681,102.503974562798,2,0.0844603891997796
2180,0.233859397417504,102.550946668594,2,0.083311649592848
2181,0.235485413677666,102.597918774389,2,0.080204231640831
2182,0.242563366810139,102.644890880185,2,0.0689270693389252
2183,0.250789096126255,102.691862985981,2,0.0595315741426213
2184,0.256814921090387,102.738835091776,2,0.054598584284022
2185,0.258058345289335,102.785807197572,2,0.0537526035449061
2186,0.271736011477762,102.832779303368,2,0.04764662121139
2187,0.279674796747967,102.879751409163,2,0.0464005134400996
2188,0.279005260640842,102.926723514959,2,0.0464466945474678
2189,0.277953132472501,102.973695620754,2,0.0465408534578256
2190,0.283309421329507,103.02066772655,2,0.0463351704101219
2191,0.287230989956958,103.067639832346,2,0.0466158332406204
2192,0.286083213773314,103.114611938141,2,0.0464957447105477
2193,0.289335246293639,103.161584043937,2,0.0469185621036019
2194,0.290483022477284,103.208556149733,2,0.0471292994569782
2195,0.289526542324247,103.255528255528,2,0.0469514321860804
2196,0.286370157819225,103.302500361324,2,0.0465228077231068
2197,0.283787661406026,103.34947246712,2,0.046349833788932
2198,0.283405069344811,103.396444572915,2,0.0463376700913923
2199,0.284074605451937,103.443416678711,2,0.0463612309584143
2200,0.284552845528455,103.490388784506,2,0.0463845625334491
2201,0.285796269727403,103.537360890302,2,0.0464706488270303
2202,0.28857006217121,103.584332996098,2,0.0467960338478624
2203,0.290674318507891,103.631305101893,2,0.0471675896492243
2204,0.291822094691535,103.678277207689,2,0.0474165218630489
2205,0.294213295074127,103.725249313485,2,0.0480425831988788
2206,0.29507412721186,103.77222141928,2,0.04830429970011
2207,0.291917742706839,103.819193525076,2,0.0474387602800737
2208,0.287326637972262,103.866165630872,2,0.0466272683391492
2209,0.287996174079388,103.913137736667,2,0.046713492051785
2210,0.288761358201817,103.960109842463,2,0.0468253264316923
2211,0.287613582018173,104.007081948258,2,0.0466628962089241
2212,0.284074605451937,104.054054054054,2,0.0463612309584143
2213,0.283309421329507,104.10102615985,2,0.0463351704101219
2214,0.281779053084649,104.147998265645,2,0.0463245956565209
2215,0.277283596365375,104.194970371441,2,0.0466145709531632
2216,0.272501195600191,104.241942477237,2,0.0474587112479982
2217,0.266188426590148,104.288914583032,2,0.0494689576019129
2218,0.264753706360593,104.335886688828,2,0.0500782399152527
2219,0.262362505978001,104.382858794624,2,0.0512283647998015
2220,0.258823529411765,104.429830900419,2,0.0532588902716002
2221,0.254519368723099,104.476803006215,2,0.0563088258479894
2222,0.252702056432329,104.52377511201,2,0.0578071811956315
2223,0.253945480631277,104.570747217806,2,0.0567677788845398
2224,0.256241032998565,104.617719323602,2,0.0550077571021427
2225,0.257388809182209,104.664691429397,2,0.0542013137920765
2226,0.259493065518891,104.711663535193,2,0.0528432661056237
2227,0.264466762314682,104.758635640989,2,0.0502072488498922
2228,0.268962219033955,104.805607746784,2,0.0484546807386109
2229,0.269823051171688,104.85257985258,2,0.0481823128827175
2230,0.267718794835007,104.899551958376,2,0.048883217468093
2231,0.264849354375897,104.946524064171,2,0.0500357721150337
2232,0.2649450023912,104.993496169967,2,0.049993570924846
2233,0.263510282161645,105.040468275762,2,0.0506548545479654
2234,0.264562410329986,105.087440381558,2,0.0501639776914081
2235,0.264466762314682,105.134412487354,2,0.0502072488498922
2236,0.266092778574845,105.181384593149,2,0.049507744386976
2237,0.270779531324725,105.228356698945,2,0.0479025919244195
2238,0.273362027737924,105.275328804741,2,0.0472650146462248
2239,0.270588235294118,105.322300910536,2,0.0479566244492852
2240,0.268292682926829,105.369273016332,2,0.0486802254883483
2241,0.270683883309421,105.416245122127,2,0.0479294892672793
2242,0.274222859875658,105.463217227923,2,0.0470898586122341
2243,0.277379244380679,105.510189333719,2,0.0466033805842215
2244,0.280439980870397,105.557161439514,2,0.0463607721308055
2245,0.283883309421329,105.60413354531,2,0.0463534161590768
2246,0.287709230033477,105.651105651106,2,0.0466752135527644
2247,0.285222381635581,105.698077756901,2,0.0464263466256841
2248,0.280535628885701,105.745049862697,2,0.0463567805556173
2249,0.279866092778575,105.792021968493,2,0.0463892757646497
2250,0.276327116212339,105.838994074288,2,0.0467386093074202
2251,0.272405547584888,105.885966180084,2,0.047481386546809
2252,0.269249163079866,105.932938285879,2,0.0483617018355201
2253,0.266284074605452,105.979910391675,2,0.0494304296329093
2254,0.261788617886179,106.026882497471,2,0.0515303364342467
2255,0.258536585365854,106.073854603266,2,0.0534416720024473
2256,0.257006217120995,106.120826709062,2,0.0544648484944114
2257,0.254615016738403,106.167798814858,2,0.0562335829499983
2258,0.252223816355811,106.214770920653,2,0.0582237659860246
2259,0.247345767575323,106.261743026449,2,0.0630482970851584
2260,0.241319942611191,106.308715132245,2,0.0706682671517985
2261,0.238354854136777,106.35568723804,2,0.0752173771810365
2262,0.235772357723577,106.402659343836,2,0.0796777330847968
2263,0.231659493065519,106.449631449631,2,0.0878702662796673
2264,0.227450980392157,106.496603555427,2,0.0978580077142074
2265,0.227642276422764,106.543575661223,2,0.0973647836638332
2266,0.222285987565758,106.590547767018,2,0.112778813596242
2267,0.216068866571019,106.637519872814,2,0.135539781006712
2268,0.211190817790531,106.68449197861,2,0.157927809006483
2269,0.204878048780488,106.731464084405,2,0.194186231693124
2270,0.196078431372549,106.778436190201,2,0.261534826549136
2271,0.186991869918699,106.825408295997,2,0.355043765565635
2272,0.18077474892396,106.872380401792,2,0.43297947889802
2273,0.165853658536585,106.919352507588,1,0.645666520649411
2274,0.158393113342898,106.966324613383,1,0.746416921019606
2275,0.156193208990913,107.013296719179,1,0.77323763248611
2276,0.161740793878527,107.060268824975,1,0.702812593576151
2277,0.167384026781444,107.10724093077,1,0.623717406965235
2278,0.176757532281205,107.154213036566,2,0.488187004842199
2279,0.193017694882831,107.201185142362,2,0.29020852374965
2280,0.206695361071258,107.248157248157,2,0.182815146984833
2281,0.213199426111908,107.295129353953,2,0.148170612860301
2282,0.217790530846485,107.342101459749,2,0.128642361058756
2283,0.223433763749402,107.389073565544,2,0.109180309736143
2284,0.224581539933046,107.43604567134,2,0.105749590457166
2285,0.223720707795313,107.483017777135,2,0.108307200771195
2286,0.226590148254424,107.529989882931,2,0.100127001959879
2287,0.229842180774749,107.576961988727,2,0.091967821677801
2288,0.232520325203252,107.623934094522,2,0.0860359569025024
2289,0.238641798182688,107.670906200318,2,0.074751420696325
2290,0.237207077953132,107.717878306114,2,0.0771393527438231
2291,0.238641798182688,107.764850411909,2,0.074751420696325
2292,0.241128646580583,107.811822517705,2,0.0709445642973719
2293,0.242754662840746,107.858794623501,2,0.0686674398759256
2294,0.248206599713056,107.905766729296,2,0.062116703900588
2295,0.253945480631277,107.952738835092,2,0.0567677788845398
2296,0.255571496891439,107.999710940887,2,0.055500449441083
2297,0.259588713534194,108.046683046683,2,0.052785120798741
2298,0.264658058345289,108.093655152479,2,0.0501209749109365
2299,0.269631755141081,108.140627258274,2,0.048241139864567
2300,0.27221425155428,108.18759936407,2,0.0475274328167372
2301,0.272788139646102,108.234571469866,2,0.0473920730392417
2302,0.27403156384505,108.281543575661,2,0.0471271899872415
2303,0.27479674796748,108.328515681457,2,0.0469832932458689
2304,0.274318507890961,108.375487787253,2,0.0470715328314218
2305,0.272405547584888,108.422459893048,2,0.047481386546809
2306,0.272501195600191,108.469431998844,2,0.0474587112479982
2307,0.272788139646102,108.516404104639,2,0.0473920730392417
2308,0.273075083692013,108.563376210435,2,0.047327510112498
2309,0.270014347202296,108.610348316231,2,0.0481244509618576
2310,0.263797226207556,108.657320422026,2,0.0505177121992258
2311,0.255188904830225,108.704292527822,2,0.055789522604062
2312,0.248589191774271,108.751264633618,2,0.0617141708041978
2313,0.240554758488761,108.798236739413,2,0.0717872803939993
2314,0.236154949784792,108.845208845209,2,0.0789856314010539
2315,0.230320420851267,108.892180951004,2,0.0908590068121667
2316,0.226685796269727,108.9391530568,2,0.0998708406865397
2317,0.224772835963654,108.986125162596,2,0.105193580916834
2318,0.224103299856528,109.033097268391,2,0.107159158328638
2319,0.221999043519847,109.080069374187,2,0.113705571743841
2320,0.220468675274988,109.127041479983,2,0.118838935729203
2321,0.216260162601626,109.174013585778,2,0.134749136950513
2322,0.214729794356767,109.220985691574,2,0.141250803746474
2323,0.213008130081301,109.26795779737,2,0.149066179234255
2324,0.211860353897657,109.314929903165,2,0.154587338329992
2325,0.20908656145385,109.361902008961,2,0.169027855965366
2326,0.201339072214252,109.408874114756,2,0.21871552615295
2327,0.189956958393113,109.455846220552,2,0.32175375403632
2328,0.181539933046389,109.502818326348,2,0.42284712122085
2329,0.169966523194644,109.549790432143,1,0.586232710719596
2330,0.158297465327594,109.596762537939,1,0.747615338645257
2331,0.150549976087996,109.643734643735,1,0.834221375073864
2332,0.150836920133907,109.69070674953,1,0.831409031639191
2333,0.154184600669536,109.737678855326,1,0.796286718770326
2334,0.156193208990913,109.784650961122,1,0.77323763248611
2335,0.164897178383549,109.831623066917,1,0.659229124298401
2336,0.174844571975132,109.878595172713,1,0.515420139575063
2337,0.179340028694405,109.925567278508,2,0.45233220605326
2338,0.187470109995218,109.972539384304,2,0.349495674979959
2339,0.193687230989957,110.0195114901,2,0.283692224295049
2340,0.196174079387853,110.066483595895,2,0.260684419807873
2341,0.19713055954089,110.113455701691,2,0.252330122204863
2342,0.199617407938785,110.160427807487,2,0.23186044962128
2343,0.204208512673362,110.207399913282,2,0.198579593501711
2344,0.208703969392635,110.254372019078,2,0.1711476397119
2345,0.216260162601626,110.301344124874,2,0.134749136950513
2346,0.220659971305595,110.348316230669,2,0.118179324449336
2347,0.226685796269727,110.395288336465,2,0.0998708406865397
2348,0.231181252989,110.44226044226,2,0.0889184123256594
2349,0.234911525585844,110.489232548056,2,0.0812766339835788
2350,0.239406982305117,110.536204653852,2,0.0735364877355659
2351,0.245337159253945,110.583176759647,2,0.065367048636512
2352,0.250310856049737,110.630148865443,2,0.0599873922222625
2353,0.249641319942611,110.677120971239,2,0.0606427392980572
2354,0.251076040172166,110.724093077034,2,0.0592629174161604
2355,0.252606408417025,110.77106518283,2,0.0578897397635059
2356,0.256432329029173,110.818037288626,2,0.0548700308438556
2357,0.262171209947394,110.865009394421,2,0.0513278820888639
2358,0.262362505978001,110.911981500217,2,0.0512283647998015
2359,0.26312769010043,110.958953606012,2,0.0508415663526812
2360,0.265518890483022,111.005925711808,2,0.0497459302973234
2361,0.268866571018651,111.052897817604,2,0.0484861630677276
2362,0.27116212338594,111.099869923399,2,0.0477973737151639
2363,0.271544715447154,111.146842029195,2,0.0476959324098638
2364,0.272788139646102,111.193814134991,2,0.0473920730392417
2365,0.276135820181731,111.240786240786,2,0.0467660732049548
2366,0.275083692013391,111.287758346582,2,0.0469330524798807
2367,0.274318507890961,111.334730452378,2,0.0470715328314218
2368,0.276327116212339,111.381702558173,2,0.0467386093074202
2369,0.27039693926351,111.428674663969,2,0.0480116098030444
2370,0.271544715447154,111.475646769764,2,0.0476959324098638
2371,0.271640363462458,111.52261887556,2,0.0476711596368685
2372,0.270779531324725,111.569590981356,2,0.0479025919244195
2373,0.268866571018651,111.616563087151,2,0.0484861630677276
2374,0.267910090865615,111.663535192947,2,0.0488145552443266
2375,0.267718794835007,111.710507298743,2,0.048883217468093
2376,0.268005738880918,111.757479404538,2,0.048780599162225
2377,0.263988522238164,111.804451510334,2,0.0504276513499377
2378,0.263701578192253,111.85142361613,2,0.0505631522099563
2379,0.264084170253467,111.898395721925,2,0.0503830292656508
2380,0.263797226207556,111.945367827721,2,0.0505177121992258
2381,0.262553802008608,111.992339933516,2,0.0511299800222706
2382,0.261214729794357,112.039312039312,2,0.0518426525291173
2383,0.258727881396461,112.086284145108,2,0.0533195047750021
2384,0.255858440937351,112.133256250903,2,0.0552872549192331
2385,0.255858440937351,112.180228356699,2,0.0552872549192331
2386,0.252702056432329,112.227200462495,2,0.0578071811956315
2387,0.248110951697752,112.27417256829,2,0.0622184336314831
2388,0.244858919177427,112.321144674086,2,0.0659503069912651
2389,0.243137254901961,112.368116779882,2,0.068154627211995
2390,0.237972262075562,112.415088885677,2,0.0758476067589147
2391,0.228503108560497,112.462060991473,2,0.0951934988136923
2392,0.218747010999522,112.509033097268,2,0.125016176242084
2393,0.213103778096604,112.556005203064,2,0.14861752952805
2394,0.207173601147776,112.60297730886,2,0.179953412345675
2395,0.201530368244859,112.649949414655,2,0.217305256085183
2396,0.196556671449067,112.696921520451,2,0.257310095099331
2397,0.193687230989957,112.743893626247,2,0.283692224295049
2398,0.189574366331899,112.790865732042,2,0.325899425136983
2399,0.186704925872788,112.837837837838,2,0.358405045157196
2400,0.186513629842181,112.884809943633,2,0.360659321060989
2401,0.184026781444285,112.931782049429,2,0.390918107282941
2402,0.178287900526064,112.978754155225,2,0.466794026402578
2403,0.172453371592539,113.02572626102,1,0.549996060902879
2404,0.169105691056911,113.072698366816,1,0.598767236664902
2405,0.1662362505978,113.119670472612,1,0.640205282612261
2406,0.16441893830703,113.166642578407,1,0.665956356626847
2407,0.163845050215208,113.213614684203,1,0.673976112363788
2408,0.164610234337637,113.260586789999,1,0.663270091776714
2409,0.165279770444763,113.307558895794,1,0.653820543048443
2410,0.170444763271162,113.35453100159,1,0.579261143914309
2411,0.175896700143472,113.401503107385,1,0.500382329679512
2412,0.183261597321856,113.448475213181,2,0.400572201204996
2413,0.190339550454328,113.495447318977,2,0.317652945832646
2414,0.197608799617408,113.542419424772,2,0.248254346477833
2415,0.202391200382592,113.589391530568,2,0.211080843462392
2416,0.203730272596844,113.636363636364,2,0.201786874674617
2417,0.204878048780488,113.683335742159,2,0.194186231693124
2418,0.198756575801052,113.730307847955,2,0.238744491750742
2419,0.196174079387853,113.777279953751,2,0.260684419807873
2420,0.199043519846963,113.824252059546,2,0.236426369044977
2421,0.198756575801052,113.871224165342,2,0.238744491750742
2422,0.195504543280727,113.918196271137,2,0.266694858434856
2423,0.196939263510282,113.965168376933,2,0.253979283966341
2424,0.202199904351985,114.012140482729,2,0.212446940681889
2425,0.206599713055954,114.059112588524,2,0.18339391402862
2426,0.212242945958871,114.10608469432,2,0.152718485626186
2427,0.218747010999522,114.153056800116,2,0.125016176242084
2428,0.22285987565758,114.200028905911,2,0.110958103844358
2429,0.224868483978957,114.247001011707,2,0.104917234212895
2430,0.226398852223816,114.293973117503,2,0.100642405971953
2431,0.230894308943089,114.340945223298,2,0.0895574928805174
2432,0.234624581539933,114.387917329094,2,0.0818226876696039
2433,0.250215208034433,114.434889434889,2,0.060079776379889
2434,0.257006217120995,114.481861540685,2,0.0544648484944114
2435,0.265040650406504,114.528833646481,2,0.0499516357631344
2436,0.267814442850311,114.575805752276,2,0.0488487611907311
2437,0.269727403156384,114.622777858072,2,0.0482116055427567
2438,0.274701099952176,114.669749963868,2,0.0470004900482716
2439,0.281874701099952,114.716722069663,2,0.0463236345539721
2440,0.285604973696796,114.763694175459,2,0.0464550095890984
2441,0.29325681492109,114.810666281255,2,0.0477745176387347
2442,0.292682926829268,114.85763838705,2,0.0476250171335205
2443,0.294404591104735,114.904610492846,2,0.048099056894928
2444,0.297465327594452,114.951582598641,2,0.0491355180768839
2445,0.297082735533238,114.998554704437,2,0.0489920374326538
2446,0.294595887135342,115.045526810233,2,0.0481564911366379
2447,0.294691535150646,115.092498916028,2,0.0481855694333056
2448,0.297465327594452,115.139471021824,2,0.0491355180768839
2449,0.296413199426112,115.18644312762,2,0.0487506411729034
2450,0.294787183165949,115.233415233415,2,0.0482148890385477
2451,0.290961262553802,115.280387339211,2,0.0472267323406169
2452,0.288761358201817,115.327359445007,2,0.0468253264316923
2453,0.289335246293639,115.374331550802,2,0.0469185621036019
2454,0.290483022477284,115.421303656598,2,0.0471292994569782
2455,0.293543758967001,115.468275762393,2,0.0478524458501511
2456,0.294691535150646,115.515247868189,2,0.0481855694333056
2457,0.297369679579149,115.562219973985,2,0.049099267777956
2458,0.297178383548541,115.60919207978,2,0.0490275279461864
2459,0.297082735533238,115.656164185576,2,0.0489920374326538
2460,0.297178383548541,115.703136291372,2,0.0490275279461864
2461,0.294691535150646,115.750108397167,2,0.0481855694333056
2462,0.292300334768054,115.797080502963,2,0.0475300291266473
2463,0.292109038737446,115.844052608759,2,0.0474839310574665
2464,0.293926351028216,115.891024714554,2,0.0479596669969052
2465,0.294500239120038,115.93799682035,2,0.0481276537541776
2466,0.295743663318986,115.984968926145,2,0.0485214462489178
2467,0.291822094691535,116.031941031941,2,0.0474165218630489
2468,0.285413677666188,116.078913137737,2,0.0464402424513431
2469,0.280153036824486,116.125885243532,2,0.0463740476887934
2470,0.276901004304161,116.172857349328,2,0.0466615355185246
2471,0.272883787661406,116.219829455124,2,0.0473703218682819
2472,0.269823051171688,116.266801560919,2,0.0481823128827175
2473,0.266284074605452,116.313773666715,2,0.0494304296329093
2474,0.265040650406504,116.36074577251,2,0.0499516357631344
2475,0.260162601626016,116.407717878306,2,0.0524426238732378
2476,0.257580105212817,116.454689984102,2,0.0540714998819585
2477,0.260353897656624,116.501662089897,2,0.0523308675367954
2478,0.262649450023912,116.548634195693,2,0.0510812106120928
2479,0.264371114299378,116.595606301489,2,0.0502507889835265
2480,0.269153515064562,116.642578407284,2,0.0483924505454607
2481,0.272692491630799,116.68955051308,2,0.0474140547949814
2482,0.275466284074605,116.736522618876,2,0.0468692056566004
2483,0.281109516977523,116.783494724671,2,0.0463373804451456
2484,0.286944045911047,116.830466830467,2,0.0465828483796228
2485,0.290291726446676,116.877438936262,2,0.0470919174720414
2486,0.292778574844572,116.924411042058,2,0.0476493476382624
2487,0.294787183165949,116.971383147854,2,0.0482148890385477
2488,0.296700143472023,117.018355253649,2,0.0488525934542852
2489,0.298995695839311,117.065327359445,2,0.0497504489937377
2490,0.301482544237207,117.112299465241,2,0.0508942400013841
2491,0.302821616451459,117.159271571036,2,0.0515874119210319
2492,0.303012912482066,117.206243676832,2,0.0516910015348591
2493,0.305786704925873,117.253215782628,2,0.0533262875879242
2494,0.305882352941176,117.300187888423,2,0.0533872494617936
2495,0.303682448589192,117.347159994219,2,0.0520627254392029
2496,0.301578192252511,117.394132100014,2,0.0509419202226855
2497,0.310664753706361,117.44110420581,2,0.0568542287603681
2498,0.308082257293161,117.488076311606,2,0.0548776793768073
2499,0.305021520803443,117.535048417401,2,0.0528497729861898
2500,0.303778096604495,117.582020523197,2,0.0521170019476804
2501,0.303682448589192,117.628992628993,2,0.0520627254392029
2502,0.30310856049737,117.675964734788,2,0.0517432303429263
2503,0.301195600191296,117.722936840584,2,0.0507528676120009
2504,0.299665231946437,117.76990894638,2,0.0500404975065936
2505,0.29402199904352,117.816881052175,2,0.0479870669876301
2506,0.290100430416069,117.863853157971,2,0.0470554416864662
2507,0.285318029650885,117.910825263766,2,0.0464331856719354
2508,0.281970349115256,117.957797369562,2,0.0463228897239874
2509,0.28206599713056,118.004769475358,2,0.0463223611566417
2510,0.281874701099952,118.051741581153,2,0.0463236345539721
2511,0.277187948350072,118.098713686949,2,0.0466259814770863
2512,0.27221425155428,118.145685792745,2,0.0475274328167372
2513,0.269823051171688,118.19265789854,2,0.0481823128827175
2514,0.263510282161645,118.239630004336,2,0.0506548545479654
2515,0.260066953610713,118.286602110132,2,0.0524989517998333
2516,0.256527977044476,118.333574215927,2,0.0548016699210052
2517,0.249736967957915,118.380546321723,2,0.0605478745460496
2518,0.2493543758967,118.427518427518,2,0.0609298488913104
2519,0.252223816355811,118.474490533314,2,0.0582237659860245
2520,0.249641319942611,118.52146263911,2,0.0606427392980572
2521,0.258536585365854,118.568434744905,2,0.0534416720024473
2522,0.267718794835007,118.615406850701,2,0.048883217468093
2523,0.278813964610234,118.662378956497,2,0.0464618489801733
2524,0.284361549497848,118.709351062292,2,0.0463745791079959
2525,0.288378766140603,118.756323168088,2,0.0467676315957714
2526,0.290865614538498,118.803295273884,2,0.0472067901062585
2527,0.29402199904352,118.850267379679,2,0.0479870669876301
2528,0.294404591104735,118.897239485475,2,0.048099056894928
2529,0.297369679579149,118.94421159127,2,0.049099267777956
2530,0.297943567670971,118.991183697066,2,0.0493205933423219
2531,0.299665231946437,119.038155802862,2,0.0500404975065936
2532,0.299665231946437,119.085127908657,2,0.0500404975065936
2533,0.299665231946437,119.132100014453,2,0.0500404975065936
2534,0.300813008130081,119.179072120249,2,0.0505682394445579
2535,0.301004304160689,119.226044226044,2,0.0506600030548665
2536,0.3012912482066,119.27301633184,2,0.0507997143517398
2537,0.301386896221903,119.319988437636,2,0.0508468382636514
2538,0.300813008130081,119.366960543431,2,0.0505682394445579
2539,0.296795791487327,119.413932649227,2,0.0488870776930229
2540,0.28857006217121,119.460904755022,2,0.0467960338478624
2541,0.281205164992826,119.507876860818,2,0.0463349049146236
2542,0.277187948350072,119.554848966614,2,0.0466259814770863
2543,0.277474892395983,119.601821072409,2,0.0465924102207236
2544,0.278622668579627,119.648793178205,2,0.0464778758780935
2545,0.280153036824486,119.695765284001,2,0.0463740476887934
2546,0.277761836441894,119.742737389796,2,0.0465608177118368
2547,0.276327116212339,119.789709495592,2,0.0467386093074202
2548,0.276040172166428,119.836681601387,2,0.0467801383328022
2549,0.27584887613582,119.883653707183,2,0.0468089358879444
2550,0.273648971783836,119.930625812979,2,0.0472045790739118
2551,0.270205643232903,119.977597918774,2,0.0480675509635248
2552,0.265901482544237,120.02457002457,2,0.0495860965376357
2553,0.257006217120995,120.071542130366,2,0.0544648484944114
2554,0.251649928263989,120.118514236161,2,0.0587363156394338
2555,0.244189383070301,120.165486341957,2,0.0667878101005995
2556,0.239885222381636,120.212458447753,2,0.0727971498962122
2557,0.238259206121473,120.259430553548,2,0.0753739703608785
2558,0.236346245815399,120.306402659344,2,0.0786437735181287
2559,0.232902917264467,120.353374765139,2,0.0852418185271247
2560,0.228885700621712,120.400346870935,2,0.0942533265493355
2561,0.234050693448111,120.447318976731,2,0.0829348819897761
2562,0.233572453371593,120.494291082526,2,0.0838825402597013
2563,0.232520325203252,120.541263188322,2,0.0860359569025024
2564,0.230224772835964,120.588235294118,2,0.0910789923740708
2565,0.227737924438068,120.635207399913,2,0.0971196480850712
2566,0.226685796269727,120.682179505709,2,0.0998708406865397
2567,0.227164036346246,120.729151611505,2,0.0986052835210421
2568,0.228981348637016,120.7761237173,2,0.0940206292814893
2569,0.235676709708274,120.823095823096,2,0.079852521208024
2570,0.238928742228599,120.870067928891,2,0.0742911486382968
2571,0.240554758488761,120.917040034687,2,0.0717872803939993
2572,0.243328550932568,120.964012140483,2,0.0679014128820122
2573,0.251267336202774,121.010984246278,2,0.0590858052037525
2574,0.257484457197513,121.057956352074,2,0.05413624482402
2575,0.261884265901483,121.10492845787,2,0.0514792936215457
2576,0.267336202773792,121.151900563665,2,0.0490235553448851
2577,0.274509803921569,121.198872669461,2,0.0470355598530889
2578,0.277283596365375,121.245844775257,2,0.0466145709531632
2579,0.281013868962219,121.292816881052,2,0.0463400724314112
2580,0.2831181252989,121.339788986848,2,0.0463308202960253
2581,0.282831181252989,121.386761092643,2,0.0463259178328332
2582,0.281779053084649,121.433733198439,2,0.0463245956565209
2583,0.282544237207078,121.480705304235,2,0.0463229621138429
2584,0.284170253467241,121.52767741003,2,0.0463654634917761
2585,0.283500717360115,121.574649515826,2,0.0463403862322665
2586,0.283500717360115,121.621621621622,2,0.0463403862322665
2587,0.284361549497848,121.668593727417,2,0.0463745791079959
2588,0.284457197513152,121.715565833213,2,0.046379462312378
2589,0.282831181252989,121.762537939009,2,0.0463259178328332
2590,0.279674796747967,121.809510044804,2,0.0464005134400996
2591,0.275370636059302,121.8564821506,2,0.0468848314920389
2592,0.271927307508369,121.903454256395,2,0.0475982460812965
2593,0.262171209947394,121.950426362191,2,0.0513278820888638
2594,0.259780009564802,121.997398467987,2,0.0526697441203885
2595,0.257484457197513,122.044370573782,2,0.05413624482402
2596,0.253371592539455,122.091342679578,2,0.0572397548256361
2597,0.246867527498804,122.138314785374,2,0.0635816643423215
2598,0.24285031085605,122.185286891169,2,0.0685384338621293
2599,0.238067910090866,122.232258996965,2,0.0756890827194561
2600,0.232424677187948,122.279231102761,2,0.0862365004104595
2601,0.233094213295074,122.326203208556,2,0.0848495274776692
2602,0.228216164514586,122.373175314352,2,0.0959085829065004
2603,0.220468675274988,122.420147420147,2,0.118838935729203
2604,0.214634146341463,122.467119525943,2,0.141670795850495
2605,0.208799617407939,122.514091631739,2,0.170614684992595
2606,0.202295552367288,122.561063737534,2,0.211762677875532
2607,0.197226207556193,122.60803584333,2,0.251509588863612
2608,0.194069823051172,122.655007949126,2,0.28003027678438
2609,0.197513151602104,122.701980054921,2,0.249064131512111
2610,0.198373983739837,122.748952160717,2,0.241872075680008
2611,0.199713055954089,122.795924266513,2,0.231108522410568
2612,0.200860832137733,122.842896372308,2,0.222284784302831
2613,0.200860832137733,122.889868478104,2,0.222284784302831
2614,0.194165471066475,122.936840583899,2,0.27912177845767
2615,0.180966044954567,122.983812689695,2,0.430433583536715
2616,0.170923003347681,123.030784795491,1,0.572287775771776
2617,0.161645145863223,123.077756901286,1,0.704099705628866
2618,0.151315160210426,123.124729007082,1,0.826651500658365
2619,0.145671927307508,123.171701112878,1,0.877177640108178
2620,0.146054519368723,123.218673218673,1,0.874137706014381
2621,0.145576279292205,123.265645324469,1,0.877929003270669
2622,0.147584887613582,123.312617430265,1,0.861421745898069
2623,0.153228120516499,123.35958953606,1,0.80675076954818
2624,0.156862745098039,123.406561641856,1,0.765243062656238
2625,0.147297943567671,123.453533747651,1,0.863874167684042
2626,0.13974175035868,123.500505853447,1,0.917492885741554
2627,0.120420851267336,123.547477959243,1,0.981691701807594
2628,0.0976566236250598,123.594450065038,1,0.997743681530245
2629,0.0774748923959828,123.641422170834,1,0.999723806040223
2630,0.0522238163558106,123.68839427663,1,0.999985356656025
2631,0.0297465327594452,123.735366382425,1,0.999999195656147
2632,0.018364418938307,123.782338488221,1,0.999999833076622
2633,0.018364418938307,123.829310594016,1,0.999999833076622
2634,0.0169296987087518,123.876282699812,1,0.999999863762194
2635,0.0124342419894787,123.923254805608,1,0.9999999284221
2636,0.0104256336681014,123.970226911403,1,0.99999994649804
2637,0.010234337637494,124.017199017199,1,0.999999947966646
2638,0.0106169296987088,124.064171122995,1,0.99999994498906
2639,0.0104256336681014,124.11114322879,1,0.99999994649804
2640,0.0122429459588714,124.158115334586,1,0.99999993037257
2641,0.020181731229077,124.205087440382,1,0.999999784436507
2642,0.0242945958871353,124.252059546177,1,0.999999617982548
2643,0.034624581539933,124.299031651973,1,0.999998455074487
2644,0.0479196556671449,124.346003757768,1,0.999991421417275
2645,0.0667623146819703,124.392975863564,1,0.999917168900018
2646,0.0943089430894309,124.43994796936,1,0.998382765291991
2647,0.125107604017217,124.486920075155,1,0.972932069847591
2648,0.148350071736011,124.533892180951,1,0.854727167331309
2649,0.177331420373027,124.580864286747,2,0.480118682200073
2650,0.196078431372549,124.627836392542,2,0.261534826549136
2651,0.216164514586322,124.674808498338,2,0.135143685059652
2652,0.228024868483979,124.721780604134,2,0.0963901015237816
2653,0.235007173601148,124.768752709929,2,0.0810960850512788
2654,0.243806791009087,124.815724815725,2,0.067277564054649
2655,0.2519368723099,124.86269692152,2,0.0584783013006576
2656,0.255188904830225,124.909669027316,2,0.055789522604062
2657,0.261979913916786,124.956641133112,2,0.051428537430701
2658,0.264371114299378,125.003613238907,2,0.0502507889835265
2659,0.266475370636059,125.050585344703,2,0.0493541480330719
2660,0.266857962697274,125.097557450499,2,0.0492046676234185
2661,0.269536107125777,125.144529556294,2,0.0482709162489011
2662,0.271544715447154,125.19150166209,2,0.0476959324098638
2663,0.267623146819704,125.238473767886,2,0.0489179245466234
2664,0.261692969870875,125.285445873681,2,0.0515816665805694
2665,0.25117168818747,125.332417979477,2,0.0591741629509019
2666,0.233572453371593,125.379390085272,2,0.0838825402597013
2667,0.209756097560976,125.426362191068,2,0.165394654924453
2668,0.190626494500239,125.473334296864,2,0.314606840386101
2669,0.177905308464849,125.520306402659,2,0.472104635621638
2670,0.169201339072214,125.567278508455,1,0.597375844644331
2671,0.164610234337637,125.614250614251,1,0.663270091776714
2672,0.163845050215208,125.661222720046,1,0.673976112363788
2673,0.16260162601626,125.708194825842,1,0.691132011104461
2674,0.156958393113343,125.755166931638,1,0.764088701376905
2675,0.150836920133907,125.802139037433,1,0.831409031639191
2676,0.144906743185079,125.849111143229,1,0.883092534615928
2677,0.138976566236251,125.896083249024,1,0.921814883604884
2678,0.134385461501674,125.94305535482,1,0.944005216345709
2679,0.134959349593496,125.990027460616,1,0.94156098343758
2680,0.138785270205643,126.036999566411,1,0.922866028851633
2681,0.144045911047346,126.083971672207,1,0.889486649524615
2682,0.153036824485892,126.130943778003,1,0.808802908872008
2683,0.156671449067432,126.177915883798,1,0.767542637065124
2684,0.148732663797226,126.224887989594,1,0.85129523128464
2685,0.139072214251554,126.27186009539,1,0.921284941147221
2686,0.131133428981349,126.318832201185,1,0.956269864819927
2687,0.121281683405069,126.365804306981,1,0.980306565649956
2688,0.111334289813486,126.412776412776,1,0.99176289512394
2689,0.124629363940698,126.459748518572,1,0.973972723826111
2690,0.131229076996652,126.506720624368,1,0.955945401597905
2691,0.138593974175036,126.553692730163,1,0.923905585372942
2692,0.143472022955524,126.600664835959,1,0.893598387968029
2693,0.144619799139168,126.647636941755,1,0.885254327212136
2694,0.141176470588235,126.69460904755,1,0.908869434077088
2695,0.141941654710665,126.741581153346,1,0.903984629303783
2696,0.14624581539933,126.788553259142,1,0.872596988131112
2697,0.146628407460545,126.835525364937,1,0.869473885677161
2698,0.151315160210426,126.882497470733,1,0.826651500658365
2699,0.158680057388809,126.929469576528,1,0.742804798843957
2700,0.166140602582496,126.976441682324,1,0.64157237645469
2701,0.172931611669058,127.02341378812,1,0.543047932852104
2702,0.1844093735055,127.070385893915,2,0.386150233669354
2703,0.198852223816356,127.117357999711,2,0.237969166714343
2704,0.21090387374462,127.164330105507,2,0.159387132179976
2705,0.219512195121951,127.211302211302,2,0.122216432831861
2706,0.223338115734099,127.258274317098,2,0.109473670098089
2707,0.229363940698231,127.305246422894,2,0.0930991148002766
2708,0.235007173601148,127.352218528689,2,0.0810960850512788
2709,0.238354854136777,127.399190634485,2,0.0752173771810365
2710,0.23921568627451,127.44616274028,2,0.0738364972220845
2711,0.241511238641798,127.493134846076,2,0.0703942458543906
2712,0.242945958871353,127.540106951872,2,0.0684099643787103
2713,0.238354854136777,127.587079057667,2,0.0752173771810364
2714,0.237207077953132,127.634051163463,2,0.0771393527438231
2715,0.236154949784792,127.681023269259,2,0.078985631401054
2716,0.236154949784792,127.727995375054,2,0.078985631401054
2717,0.235198469631755,127.77496748085,2,0.080737173782024
2718,0.233094213295074,127.821939586645,2,0.0848495274776692
2719,0.232711621233859,127.868911692441,2,0.085637286788216
2720,0.234146341463415,127.915883798237,2,0.0827476372286204
2721,0.231755141080823,127.962855904032,2,0.0876631558392904
2722,0.231563845050215,128.009828009828,2,0.0880782119754368
2723,0.230798660927786,128.056800115624,2,0.0897722383933585
2724,0.228790052606408,128.103772221419,2,0.0944869584953807
2725,0.227929220468675,128.150744327215,2,0.096632310798
2726,0.22725968436155,128.197716433011,2,0.0983551944861657
2727,0.228024868483979,128.244688538806,2,0.0963901015237816
2728,0.23012912482066,128.291660644602,2,0.0912998631940004
2729,0.228694404591105,128.338632750397,2,0.0947215287537002
2730,0.227642276422764,128.385604856193,2,0.0973647836638332
2731,0.226111908177905,128.432576961989,2,0.10142327555545
2732,0.221329507412721,128.479549067784,2,0.115911407099918
2733,0.217503586800574,128.52652117358,2,0.129758344149717
2734,0.215112386417982,128.573493279376,2,0.139587108757851
2735,0.213964610234338,128.620465385171,2,0.14465695514229
2736,0.214442850310856,128.667437490967,2,0.142515702541912
2737,0.222285987565758,128.714409596763,2,0.112778813596242
2738,0.230033476805356,128.761381702558,2,0.0915216227127387
2739,0.240650406504065,128.808353808354,2,0.0716453751530408
2740,0.249736967957915,128.855325914149,2,0.0605478745460496
2741,0.257101865136298,128.902298019945,2,0.0543984741247096
2742,0.264275466284075,128.949270125741,2,0.0502945986933735
2743,0.269153515064562,128.996242231536,2,0.0483924505454607
2744,0.270109995217599,129.043214337332,2,0.0480958809164252
2745,0.269536107125777,129.090186443128,2,0.0482709162489011
2746,0.265997130559541,129.137158548923,2,0.0495467905202535
2747,0.261884265901483,129.184130654719,2,0.0514792936215457
2748,0.257293161166906,129.231102760515,2,0.0542667077108657
2749,0.253371592539455,129.27807486631,2,0.0572397548256361
2750,0.248493543758967,129.325046972106,2,0.0618141491946877
2751,0.244285031085605,129.372019077901,2,0.0666666512763195
2752,0.242180774748924,129.418991183697,2,0.0694528534173063
2753,0.239980870396939,129.465963289493,2,0.0726510960068104
2754,0.240363462458154,129.512935395288,2,0.0720728512661051
2755,0.244858919177427,129.559907501084,2,0.0659503069912651
2756,0.25011956001913,129.60687960688,2,0.0601725705370756
2757,0.250693448110952,129.653851712675,2,0.0596219285345068
2758,0.251745576279292,129.700823818471,2,0.0586499222206526
2759,0.250980392156863,129.747795924267,2,0.0593520698985224
2760,0.247250119560019,129.794768030062,2,0.0631540563524607
2761,0.242659014825442,129.841740135858,2,0.0687969843789404
2762,0.240650406504065,129.888712241653,2,0.0716453751530408
2763,0.237780966044955,129.935684347449,2,0.0761666027895285
2764,0.238259206121473,129.982656453245,2,0.0753739703608785
2765,0.241128646580583,130.02962855904,2,0.0709445642973719
2766,0.241702534672406,130.076600664836,2,0.070122483674637
2767,0.23663318986131,130.123572770632,2,0.0781361682209344
2768,0.229650884744142,130.170544876427,2,0.092417617068085
2769,0.222094691535151,130.217516982223,2,0.113395424918661
2770,0.216451458632233,130.264489088019,2,0.133964661937139
2771,0.209373505499761,130.311461193814,2,0.167458947851262
2772,0.205164992826399,130.35843329961,2,0.192337486296175
2773,0.204112864658058,130.405405405405,2,0.199216406230665
2774,0.206982305117169,130.452377511201,2,0.181091711213372
2775,0.212625538020086,130.499349616997,2,0.150878228136272
2776,0.217025346724055,130.546321722792,2,0.131647807411286
2777,0.221712099473936,130.593293828588,2,0.11464343315903
2778,0.222285987565758,130.640265934384,2,0.112778813596242
2779,0.221233859397418,130.687238040179,2,0.116231555917675
2780,0.217790530846485,130.734210145975,2,0.128642361058756
2781,0.212147297943568,130.781182251771,2,0.153183002845513
2782,0.206217120994739,130.828154357566,2,0.18573059178549
2783,0.200765184122429,130.875126463362,2,0.223006151152094
2784,0.196269727403156,130.922098569157,2,0.259836746739129
2785,0.191869918699187,130.969070674953,2,0.301699911678024
2786,0.195791487326638,131.016042780749,2,0.264102482153567
2787,0.199139167862267,131.063014886544,2,0.235658886904402
2788,0.202965088474414,131.10998699234,2,0.207040508464877
2789,0.208225729316117,131.156959098136,2,0.173842783886303
2790,0.215303682448589,131.203931203931,2,0.138764944796867
2791,0.223816355810617,131.250903309727,2,0.108018473680644
2792,0.230033476805356,131.297875415522,2,0.0915216227127387
2793,0.226972740315638,131.344847521318,2,0.0991084722718745
2794,0.228216164514586,131.391819627114,2,0.0959085829065004
2795,0.229268292682927,131.438791732909,2,0.0933281094163491
2796,0.229650884744142,131.485763838705,2,0.092417617068085
2797,0.230703012912482,131.532735944501,2,0.089987848803244
2798,0.230416068866571,131.579708050296,2,0.0906399030810704
2799,0.228981348637016,131.626680156092,2,0.0940206292814893
2800,0.227068388330942,131.673652261888,2,0.0988563748192232
2801,0.229842180774749,131.720624367683,2,0.091967821677801
2802,0.230320420851267,131.767596473479,2,0.0908590068121667
2803,0.230416068866571,131.814568579274,2,0.0906399030810704
2804,0.230320420851267,131.86154068507,2,0.0908590068121667
2805,0.229076996652319,131.908512790866,2,0.0937888630717759
2806,0.226877092300335,131.955484896661,2,0.0993615797847009
2807,0.223720707795313,132.002457002457,2,0.108307200771195
2808,0.22104256336681,132.049429108253,2,0.116875673557762
2809,0.215112386417982,132.096401214048,2,0.139587108757851
2810,0.2155906264945,132.143373319844,2,0.13754367456291
2811,0.216260162601626,132.19034542564,2,0.134749136950513
2812,0.215494978479197,132.237317531435,2,0.137949175473368
2813,0.215399330463893,132.284289637231,2,0.138356263656176
2814,0.217503586800574,132.331261743026,2,0.129758344149717
2815,0.221903395504543,132.378233848822,2,0.114016952255253
2816,0.226111908177905,132.425205954618,2,0.10142327555545
2817,0.230033476805356,132.472178060413,2,0.0915216227127387
2818,0.232329029172645,132.519150166209,2,0.0864378537141847
2819,0.237111429937829,132.566122272005,2,0.0773038026187782
2820,0.243998087039694,132.6130943778,2,0.0670316596585312
2821,0.250215208034433,132.660066483596,2,0.060079776379889
2822,0.255380200860832,132.707038589392,2,0.0556442949033767
2823,0.259110473457676,132.754010695187,2,0.0530789129413131
2824,0.260545193687231,132.800982800983,2,0.0522203053346408
2825,0.264849354375897,132.847954906778,2,0.0500357721150337
2826,0.2675274988044,132.894927012574,2,0.0489528829000998
2827,0.263988522238164,132.94189911837,2,0.0504276513499377
2828,0.25375418460067,132.988871224165,2,0.0569236452277129
2829,0.242945958871353,133.035843329961,2,0.0684099643787103
2830,0.233189861310378,133.082815435757,2,0.0846545657619439
2831,0.22180774748924,133.129787541552,2,0.114329571154649
2832,0.211477761836442,133.176759647348,2,0.156485175223385
2833,0.212434241989479,133.223731753144,2,0.151794806700376
2834,0.208417025346724,133.270703858939,2,0.172758626952137
2835,0.204399808703969,133.317675964735,2,0.197312890793329
2836,0.200765184122429,133.36464807053,2,0.223006151152094
2837,0.194165471066475,133.411620176326,2,0.27912177845767
2838,0.186896221903395,133.458592282122,2,0.356161500271724
2839,0.184218077474892,133.505564387917,2,0.388529178048614
2840,0.185270205643233,133.552536493713,2,0.375570369649612
2841,0.186896221903395,133.599508599509,2,0.356161500271724
2842,0.193878527020564,133.646480705304,2,0.281855655893049
2843,0.20286944045911,133.6934528111,2,0.207707894477036
2844,0.208034433285509,133.740424916896,2,0.17493513188492
2845,0.209277857484457,133.787397022691,2,0.167979936461123
2846,0.210425633668101,133.834369128487,2,0.161856877200397
2847,0.210999521759923,133.881341234282,2,0.158898826486123
2848,0.211860353897657,133.928313340078,2,0.154587338329992
2849,0.205738880918221,133.975285445874,2,0.188700530147344
2850,0.209564801530368,134.022257551669,2,0.166422881598429
2851,0.215303682448589,134.069229657465,2,0.138764944796867
2852,0.218555714968914,134.116201763261,2,0.125730029046235
2853,0.220659971305595,134.163173869056,2,0.118179324449336
2854,0.221712099473936,134.210145974852,2,0.11464343315903
2855,0.223433763749402,134.257118080648,2,0.109180309736143
2856,0.225346724055476,134.304090186443,2,0.103551911955261
2857,0.235007173601148,134.351062292239,2,0.0810960850512788
2858,0.244285031085605,134.398034398034,2,0.0666666512763195
2859,0.253849832615973,134.44500650383,2,0.0568455306292076
2860,0.257675753228121,134.491978609626,2,0.0540070780461563
2861,0.258823529411765,134.538950715421,2,0.0532588902716002
2862,0.258058345289335,134.585922821217,2,0.0537526035449061
2863,0.257197513151602,134.632894927013,2,0.0543324275101449
2864,0.252797704447633,134.679867032808,2,0.0577249994145299
2865,0.24466762314682,134.726839138604,2,0.0661870797629385
2866,0.241798182687709,134.773811244399,2,0.0699874445665114
2867,0.239885222381636,134.820783350195,2,0.0727971498962122
2868,0.243232902917264,134.867755455991,2,0.068027755655273
2869,0.249067431850789,134.914727561786,2,0.0612207612017281
2870,0.250406504065041,134.961699667582,2,0.059895416706603
2871,0.244476327116212,135.008671773378,2,0.0664258563917095
2872,0.238259206121473,135.055643879173,2,0.0753739703608785
2873,0.237494021999044,135.102615984969,2,0.0766500037289151
2874,0.224390243902439,135.149588090765,2,0.106310049991322
2875,0.202391200382592,135.19656019656,2,0.211080843462392
2876,0.183835485413678,135.243532302356,2,0.393316949399998
2877,0.173218555714969,135.290504408151,1,0.538885422079776
2878,0.167288378766141,135.337476513947,1,0.62509669750865
2879,0.160114777618364,135.384448619743,1,0.724378294719941
2880,0.156288857006217,135.431420725538,1,0.772104846299252
2881,0.164610234337637,135.478392831334,1,0.663270091776714
2882,0.167288378766141,135.52536493713,1,0.62509669750865
2883,0.169775227164036,135.572337042925,1,0.589020149701751
2884,0.171496891439503,135.619309148721,1,0.56392162576114
2885,0.175609756097561,135.666281254517,1,0.504470080097205
2886,0.18259206121473,135.713253360312,2,0.409145726966054
2887,0.192539454806313,135.760225466108,2,0.294947321320274
2888,0.200382592061215,135.807197571903,2,0.225916849309118
2889,0.213008130081301,135.854169677699,2,0.149066179234255
2890,0.221616451458632,135.901141783495,2,0.114958543000641
2891,0.22725968436155,135.94811388929,2,0.0983551944861657
2892,0.225824964131994,135.995085995086,2,0.102213558055557
2893,0.226781444285031,136.042058100882,2,0.0996157012779703
2894,0.234337637494022,136.089030206677,2,0.0823754112220731
2895,0.243328550932568,136.136002312473,2,0.0679014128820122
2896,0.249258727881396,136.182974418269,2,0.0610263952394684
2897,0.245624103299857,136.229946524064,2,0.0650229711114196
2898,0.239885222381636,136.27691862986,2,0.0727971498962122
2899,0.234720229555237,136.323890735655,2,0.0816399324697474
2900,0.232902917264467,136.370862841451,2,0.0852418185271247
2901,0.231850789096126,136.417834947247,2,0.0874568774265285
2902,0.231372549019608,136.464807053042,2,0.0884966221095751
2903,0.232137733142037,136.511779158838,2,0.0868430022712519
2904,0.234050693448111,136.558751264634,2,0.0829348819897761
2905,0.235198469631755,136.605723370429,2,0.080737173782024
2906,0.240746054519369,136.652695476225,2,0.0715040538092306
2907,0.246293639406982,136.699667582021,2,0.0642369654979946
2908,0.249450023912004,136.746639687816,2,0.0608337250627038
2909,0.253945480631277,136.793611793612,2,0.0567677788845398
2910,0.258823529411765,136.840583899407,2,0.0532588902716002
2911,0.257962697274032,136.887556005203,2,0.0538157420536078
2912,0.253084648493544,136.934528110999,2,0.0574807028856145
2913,0.261788617886179,136.981500216794,2,0.0515303364342467
2914,0.262171209947394,137.02847232259,2,0.0513278820888639
2915,0.261979913916786,137.075444428386,2,0.051428537430701
2916,0.263032042085127,137.122416534181,2,0.0508889370576914
2917,0.2649450023912,137.169388639977,2,0.049993570924846
2918,0.268005738880918,137.216360745773,2,0.048780599162225
2919,0.270970827355332,137.263332851568,2,0.0478495093036873
2920,0.273170731707317,137.310304957364,2,0.0473064489514662
2921,0.272405547584888,137.357277063159,2,0.047481386546809
2922,0.27221425155428,137.404249168955,2,0.0475274328167372
2923,0.26857962697274,137.451221274751,2,0.0485820841331486
2924,0.261119081779053,137.498193380546,2,0.0518957218652538
2925,0.255188904830225,137.545165486342,2,0.055789522604062
2926,0.249832615973219,137.592137592138,2,0.0604534266816059
2927,0.243232902917264,137.639109697933,2,0.068027755655273
2928,0.236441893830703,137.686081803729,2,0.0784738835143928
2929,0.229650884744142,137.733053909525,2,0.092417617068085
2930,0.224294595887135,137.78002601532,2,0.106591959244034
2931,0.213964610234338,137.826998121116,2,0.14465695514229
2932,0.198565279770445,137.873970226911,2,0.240303017705786
2933,0.181539933046389,137.920942332707,2,0.42284712122085
2934,0.163940698230512,137.967914438503,1,0.672643685306283
2935,0.149115255858441,138.014886544298,1,0.847806762664818
2936,0.140124342419895,138.061858650094,1,0.915260383401582
2937,0.137733142037303,138.10883075589,1,0.928442268836952
2938,0.132950741272119,138.155802861685,1,0.949738085758725
2939,0.138402678144428,138.202774967481,1,0.924933630651947
2940,0.151123864179818,138.249747073276,1,0.828565041310764
2941,0.159540889526542,138.296719179072,1,0.731820296274078
2942,0.16805356288857,138.343691284868,1,0.614039718855282
2943,0.183931133428981,138.390663390663,2,0.392116293812806
2944,0.200191296030607,138.437635496459,2,0.227387411268938
2945,0.213199426111908,138.484607602255,2,0.148170612860301
2946,0.216547106647537,138.53157970805,2,0.133574723912127
2947,0.221425155428025,138.578551813846,2,0.115592525200744
2948,0.223816355810617,138.625523919642,2,0.108018473680644
2949,0.227164036346246,138.672496025437,2,0.0986052835210421
2950,0.231468197034912,138.719468131233,2,0.0882869961674316
2951,0.234146341463415,138.766440237028,2,0.0827476372286204
2952,0.236059301769488,138.813412342824,2,0.0791576045786584
2953,0.238928742228599,138.86038444862,2,0.0742911486382968
2954,0.238163558106169,138.907356554415,2,0.0755312047319941
2955,0.23921568627451,138.954328660211,2,0.0738364972220845
2956,0.242659014825442,139.001300766007,2,0.0687969843789404
2957,0.242276422764228,139.048272871802,2,0.0693205867725634
2958,0.246197991391679,139.095244977598,2,0.0643478236343748
2959,0.251458632233381,139.142217083394,2,0.0589102746997196
2960,0.2519368723099,139.189189189189,2,0.0584783013006576
2961,0.257197513151602,139.236161294985,2,0.0543324275101449
2962,0.258632233381157,139.28313340078,2,0.0533804317315922
2963,0.260640841702535,139.330105506576,2,0.0521654700928007
2964,0.262936394069823,139.377077612372,2,0.0509365861726744
2965,0.263797226207556,139.424049718167,2,0.0505177121992258
2966,0.26571018651363,139.471021823963,2,0.0496654903870111
2967,0.271927307508369,139.517993929759,2,0.0475982460812965
2968,0.27766618842659,139.564966035554,2,0.0465711289266848
2969,0.280439980870397,139.61193814135,2,0.0463607721308055
2970,0.278144428503109,139.658910247146,2,0.0465217658875262
2971,0.271927307508369,139.705882352941,2,0.0475982460812965
2972,0.268101386896222,139.752854458737,2,0.0487468924813191
2973,0.265231946437111,139.799826564532,2,0.0498685612182413
2974,0.261119081779053,139.846798670328,2,0.0518957218652538
2975,0.256527977044476,139.893770776124,2,0.0548016699210052
2976,0.255188904830225,139.940742881919,2,0.055789522604062
2977,0.257197513151602,139.987714987715,2,0.0543324275101449
2978,0.259493065518891,140.034687093511,2,0.0528432661056237
2979,0.261692969870875,140.081659199306,2,0.0515816665805694
2980,0.260449545671927,140.128631305102,2,0.0522754375582797
2981,0.259971305595409,140.175603410898,2,0.052555580618674
2982,0.259014825442372,140.222575516693,2,0.0531385952039229
2983,0.256336681013869,140.269547622489,2,0.0549387262439138
2984,0.254423720707795,140.316519728284,2,0.056384423856991
2985,0.249258727881396,140.36349183408,2,0.0610263952394684
2986,0.245815399330464,140.410463939876,2,0.0647960062410255
2987,0.239406982305117,140.457436045671,2,0.0735364877355659
2988,0.234433285509326,140.504408151467,2,0.08219042418702
2989,0.230989956958393,140.551380257263,2,0.0893436089181984
2990,0.231276901004304,140.598352363058,2,0.0887070930689151
2991,0.233094213295074,140.645324468854,2,0.0848495274776692
2992,0.234146341463415,140.69229657465,2,0.0827476372286204
2993,0.234241989478718,140.739268680445,2,0.0825611479396769
2994,0.234528933524629,140.786240786241,2,0.0820061839577747
2995,0.239120038259206,140.833212892036,2,0.0739874270813423
2996,0.242372070779531,140.880184997832,2,0.0691888685455607
2997,0.241798182687709,140.927157103628,2,0.0699874445665114
2998,0.241415590626495,140.974129209423,2,0.0705309730712481
2999,0.24648493543759,141.021101315219,2,0.064016662601564
3000,0.248110951697752,141.068073421015,2,0.0622184336314831
3001,0.256336681013869,141.11504552681,2,0.0549387262439138
3002,0.257293161166906,141.162017632606,2,0.0542667077108657
3003,0.258153993304639,141.208989738402,2,0.0536897836181953
3004,0.258632233381157,141.255961844197,2,0.0533804317315922
3005,0.258153993304639,141.302933949993,2,0.0536897836181953
3006,0.257484457197513,141.349906055788,2,0.05413624482402
3007,0.254901960784314,141.396878161584,2,0.0560099741144923
3008,0.252606408417025,141.44385026738,2,0.0578897397635059
3009,0.264179818268771,141.490822373175,2,0.0503386785844323
3010,0.259493065518891,141.537794478971,2,0.0528432661056237
3011,0.253658536585366,141.584766584767,2,0.0570021238089981
3012,0.248110951697752,141.631738690562,2,0.0622184336314831
3013,0.245050215208034,141.678710796358,2,0.0657155238102754
3014,0.242180774748924,141.725682902154,2,0.0694528534173063
3015,0.238928742228599,141.772655007949,2,0.0742911486382968
3016,0.23663318986131,141.819627113745,2,0.0781361682209344
3017,0.24026781444285,141.86659921954,2,0.0722165212708814
3018,0.239693926351028,141.913571325336,2,0.073091064571275
3019,0.239502630320421,141.960543431132,2,0.0733874034962532
3020,0.241224294595887,142.007515536927,2,0.070806130192037
3021,0.24466762314682,142.054487642723,2,0.0661870797629385
3022,0.24830224772836,142.101459748519,2,0.0620154142512223
3023,0.251554280248685,142.148431854314,2,0.0588230993766911
3024,0.254328072692492,142.19540396011,2,0.0564603780661511
3025,0.244189383070301,142.242376065905,2,0.0667878101005995
3026,0.243615494978479,142.289348171701,2,0.0675255381587345
3027,0.240076518412243,142.336320277497,2,0.0725056414250912
3028,0.234146341463415,142.383292383292,2,0.0827476372286204
3029,0.227546628407461,142.430264489088,2,0.0976109022672598
3030,0.221138211382114,142.477236594884,2,0.116552976462418
3031,0.2181731229077,142.524208700679,2,0.127174726541508
3032,0.218268770923003,142.571180806475,2,0.126811415047272
3033,0.224772835963654,142.618152912271,2,0.105193580916834
3034,0.223338115734099,142.665125018066,2,0.109473670098089
3035,0.223338115734099,142.712097123862,2,0.109473670098089
3036,0.217599234815878,142.759069229657,2,0.129384886009196
3037,0.204878048780488,142.806041335453,2,0.194186231693124
3038,0.192922046867528,142.853013441249,2,0.291150657074598
3039,0.185557149689144,142.899985547044,2,0.372090012903444
3040,0.179722620755619,142.94695765284,2,0.447128262002721
3041,0.172740315638451,142.993929758636,1,0.545825707916535
3042,0.165279770444763,143.040901864431,1,0.653820543048443
3043,0.161262553802009,143.087873970227,1,0.709225751813245
3044,0.164036346245815,143.134846076023,1,0.671309548601397
3045,0.164514586322334,143.181818181818,1,0.664614010897915
3046,0.163940698230512,143.228790287614,1,0.672643685306283
3047,0.171018651362984,143.275762393409,1,0.570893153337302
3048,0.181252989000478,143.322734499205,2,0.426630648570327
3049,0.198087039693926,143.369706605001,2,0.244245489712128
3050,0.206886657101865,143.416678710796,2,0.181664051857211
3051,0.213295074127212,143.463650816592,2,0.147725423264395
3052,0.213295074127212,143.510622922388,2,0.147725423264395
3053,0.211860353897657,143.557595028183,2,0.154587338329992
3054,0.209756097560976,143.604567133979,2,0.165394654924453
3055,0.212242945958871,143.651539239775,2,0.152718485626186
3056,0.217886178861789,143.69851134557,2,0.128273283517454
3057,0.221329507412721,143.745483451366,2,0.115911407099918
3058,0.228503108560497,143.792455557161,2,0.0951934988136923
3059,0.231850789096126,143.839427662957,2,0.0874568774265285
3060,0.229842180774749,143.886399768753,2,0.091967821677801
3061,0.225633668101387,143.933371874548,2,0.102745696634026
3062,0.219703491152559,143.980343980344,2,0.12153020804589
3063,0.216929698708752,144.02731608614,2,0.132030172581093
3064,0.221138211382114,144.074288191935,2,0.116552976462418
3065,0.215686274509804,144.121260297731,2,0.137139755252129
3066,0.217120994739359,144.168232403527,2,0.131266940343215
3067,0.217694882831181,144.215204509322,2,0.129012893436484
3068,0.2155906264945,144.262176615118,2,0.13754367456291
3069,0.210999521759923,144.309148720913,2,0.158898826486123
3070,0.206121472979436,144.356120826709,2,0.186320194949848
3071,0.205643232902917,144.403092932505,2,0.189301125789932
3072,0.206791009086561,144.4500650383,2,0.182238528353882
3073,0.203252032520325,144.497037144096,2,0.205052652187113
3074,0.201626016260163,144.544009249892,2,0.21660383457976
3075,0.201434720229555,144.590981355687,2,0.218009151417514
3076,0.205164992826399,144.637953461483,2,0.192337486296175
3077,0.211286465805835,144.684925567279,2,0.15744508490206
3078,0.217216642754663,144.731897673074,2,0.130887565919457
3079,0.219129603060737,144.77886977887,2,0.123605253685371
3080,0.220181731229077,144.825841884665,2,0.119838195606757
3081,0.219129603060737,144.872813990461,2,0.123605253685371
3082,0.217694882831181,144.919786096257,2,0.129012893436484
3083,0.217216642754663,144.966758202052,2,0.130887565919457
3084,0.219129603060737,145.013730307848,2,0.123605253685371
3085,0.222285987565758,145.060702413644,2,0.112778813596242
3086,0.225729316116691,145.107674519439,2,0.102479096260658
3087,0.231181252989,145.154646625235,2,0.0889184123256595
3088,0.236250597800096,145.201618731031,2,0.0788143552658313
3089,0.236346245815399,145.248590836826,2,0.0786437735181287
3090,0.239120038259206,145.295562942622,2,0.0739874270813423
3091,0.242754662840746,145.342535048417,2,0.0686674398759256
3092,0.242180774748924,145.389507154213,2,0.0694528534173063
3093,0.240172166427547,145.436479260009,2,0.0723607839201339
3094,0.243519846963176,145.483451365804,2,0.0676503060354674
3095,0.246102343376375,145.5304234716,2,0.064459155105932
3096,0.243232902917264,145.577395577396,2,0.068027755655273
3097,0.239406982305117,145.624367683191,2,0.0735364877355659
3098,0.233572453371593,145.671339788987,2,0.0838825402597013
3099,0.227546628407461,145.718311894783,2,0.0976109022672598
3100,0.224964131994261,145.765284000578,2,0.10464198721975
3101,0.224007651841224,145.812256106374,2,0.107444456849022
3102,0.223529411764706,145.859228212169,2,0.10888811436378
3103,0.22285987565758,145.906200317965,2,0.110958103844358
3104,0.223816355810617,145.953172423761,2,0.108018473680644
3105,0.221138211382114,146.000144529556,2,0.116552976462418
3106,0.223338115734099,146.047116635352,2,0.109473670098089
3107,0.225251076040172,146.094088741148,2,0.103822802267683
3108,0.224390243902439,146.141060846943,2,0.106310049991322
3109,0.224198947871832,146.188032952739,2,0.106874993910911
3110,0.226111908177905,146.235005058534,2,0.10142327555545
3111,0.228503108560497,146.28197716433,2,0.0951934988136923
3112,0.229746532759445,146.328949270126,2,0.0921922680738155
3113,0.231468197034912,146.375921375921,2,0.0882869961674316
3114,0.239693926351028,146.422893481717,2,0.073091064571275
3115,0.246867527498804,146.469865587513,2,0.0635816643423215
3116,0.249545671927308,146.516837693308,2,0.0607380223354165
3117,0.256049736967958,146.563809799104,2,0.0551468291430987
3118,0.265231946437111,146.6107819049,2,0.0498685612182413
3119,0.26934481109517,146.657754010695,2,0.0483311968251261
3120,0.267049258727881,146.704726116491,2,0.0491314606246761
3121,0.257580105212817,146.751698222286,2,0.0540714998819585
3122,0.253945480631277,146.798670328082,2,0.0567677788845398
3123,0.251362984218077,146.845642433878,2,0.0589978428821059
3124,0.252319464371114,146.892614539673,2,0.0581396882142772
3125,0.254519368723099,146.939586645469,2,0.0563088258479894
3126,0.255858440937351,146.986558751265,2,0.0552872549192331
3127,0.257675753228121,147.03353085706,2,0.0540070780461563
3128,0.259110473457676,147.080502962856,2,0.0530789129413131
3129,0.262266857962697,147.127475068652,2,0.0512779815356449
3130,0.263510282161645,147.174447174447,2,0.0506548545479654
3131,0.265614538498326,147.221419280243,2,0.0497055793095543
3132,0.267240554758489,147.268391386038,2,0.0490592704016629
3133,0.266571018651363,147.315363491834,2,0.0493163933565083
3134,0.26389287422286,147.36233559763,2,0.0504725454541739
3135,0.258727881396461,147.409307703425,2,0.0533195047750021
3136,0.255667144906743,147.456279809221,2,0.0554290424675443
3137,0.251458632233381,147.503251915017,2,0.0589102746997196
3138,0.248971783835485,147.550224020812,2,0.0613185836867337
3139,0.243806791009087,147.597196126608,2,0.067277564054649
3140,0.237015781922525,147.644168232404,2,0.0774689234919903
3141,0.228694404591105,147.691140338199,2,0.0947215287537002
3142,0.219703491152559,147.738112443995,2,0.12153020804589
3143,0.212625538020086,147.78508454979,2,0.150878228136272
3144,0.208512673362028,147.832056655586,2,0.172219604405902
3145,0.207077953132473,147.879028761382,2,0.180521500138315
3146,0.204399808703969,147.926000867177,2,0.197312890793329
3147,0.204017216642755,147.972972972973,2,0.199855534652143
3148,0.205547584887614,148.019945078769,2,0.189903938632417
3149,0.207843137254902,148.066917184564,2,0.176035721293906
3150,0.207843137254902,148.11388929036,2,0.176035721293906
3151,0.208417025346724,148.160861396156,2,0.172758626952137
3152,0.208799617407939,148.207833501951,2,0.170614684992595
3153,0.207747489239598,148.254805607747,2,0.176589122263417
3154,0.201339072214252,148.301777713542,2,0.21871552615295
3155,0.194452415112386,148.348749819338,2,0.276413023841905
3156,0.190148254423721,148.395721925134,2,0.319697735397229
3157,0.193591582974653,148.442694030929,2,0.284614708966392
3158,0.201626016260163,148.489666136725,2,0.21660383457976
3159,0.20832137733142,148.536638242521,2,0.173299684682163
3160,0.211095169775227,148.583610348316,2,0.15841238748262
3161,0.215112386417982,148.630582454112,2,0.139587108757851
3162,0.212529890004782,148.677554559908,2,0.151335632892563
3163,0.208130081300813,148.724526665703,2,0.174387930856271
3164,0.203730272596844,148.771498771499,2,0.201786874674617
3165,0.198660927785748,148.818470877294,2,0.239522440529059
3166,0.195695839311334,148.86544298309,2,0.264963856643701
3167,0.195791487326638,148.912415088886,2,0.264102482153567
3168,0.198852223816356,148.959387194681,2,0.237969166714343
3169,0.201912960306074,149.006359300477,2,0.214514356905927
3170,0.199330463892874,149.053331406273,2,0.234131731959132
3171,0.199904351984696,149.100303512068,2,0.22961238824593
3172,0.205260640841703,149.147275617864,2,0.191725742524735
3173,0.21195600191296,149.19424772366,2,0.154117423119416
3174,0.216451458632233,149.241219829455,2,0.133964661937139
3175,0.222381635581062,149.288191935251,2,0.112472339771757
3176,0.226781444285031,149.335164041046,2,0.0996157012779703
3177,0.228024868483979,149.382136146842,2,0.0963901015237816
3178,0.229172644667623,149.429108252638,2,0.0935580243141087
3179,0.228598756575801,149.476080358433,2,0.0949570409724091
3180,0.224294595887135,149.523052464229,2,0.106591959244034
3181,0.21999043519847,149.570024570025,2,0.12051098869733
3182,0.216260162601626,149.61699667582,2,0.134749136950513
3183,0.213008130081301,149.663968781616,2,0.149066179234255
3184,0.210521281683405,149.710940887411,2,0.161359145365519
3185,0.212529890004782,149.757912993207,2,0.151335632892563
3186,0.209469153515065,149.804885099003,2,0.166939931650253
3187,0.203825920612147,149.851857204798,2,0.201140762826707
3188,0.195504543280727,149.898829310594,2,0.266694858434856
3189,0.186896221903395,149.94580141639,2,0.356161500271724
3190,0.181539933046389,149.992773522185,2,0.42284712122085
3191,0.178861788617886,150.039745627981,2,0.458879038599425
3192,0.179818268770923,150.086717733777,2,0.445832062189251
3193,0.186035389765662,150.133689839572,2,0.366341657239331
3194,0.193591582974653,150.180661945368,2,0.284614708966392
3195,0.204973696795791,150.227634051163,2,0.193567724702799
3196,0.219129603060736,150.274606156959,2,0.123605253685371
3197,0.232329029172645,150.321578262755,2,0.0864378537141847
3198,0.248397895743663,150.36855036855,2,0.061914563180998
3199,0.265136298421808,150.415522474346,2,0.0499099660522105
3200,0.27661406025825,150.462494580142,2,0.0466990766225643
3201,0.279579148732664,150.509466685937,2,0.0464064581857157
3202,0.283883309421329,150.556438791733,2,0.0463534161590768
3203,0.283596365375418,150.603410897529,2,0.0463433188689432
3204,0.280726924916308,150.650383003324,2,0.0463494474978696
3205,0.277953132472501,150.69735510912,2,0.0465408534578256
3206,0.270205643232903,150.744327214915,2,0.0480675509635248
3207,0.260832137733142,150.791299320711,2,0.0520566874845632
3208,0.255475848876136,150.838271426507,2,0.0555721999101391
3209,0.254997608799617,150.885243532302,2,0.0559361408807654
3210,0.249641319942611,150.932215638098,2,0.0606427392980572
3211,0.244476327116212,150.979187743894,2,0.0664258563917095
3212,0.242754662840746,151.026159849689,2,0.0686674398759256
3213,0.242180774748924,151.073131955485,2,0.0694528534173063
3214,0.240746054519369,151.120104061281,2,0.0715040538092306
3215,0.239789574366332,151.167076167076,2,0.0729438053341159
3216,0.240554758488761,151.214048272872,2,0.0717872803939993
3217,0.236250597800096,151.261020378667,2,0.0788143552658313
3218,0.240076518412243,151.307992484463,2,0.0725056414250912
3219,0.242467718794835,151.354964590259,2,0.0690576967325749
3220,0.24466762314682,151.401936696054,2,0.0661870797629385
3221,0.246389287422286,151.44890880185,2,0.0641265790375521
3222,0.246006695361071,151.495880907646,2,0.0645709615796917
3223,0.246197991391679,151.542853013441,2,0.0643478236343748
3224,0.246771879483501,151.589825119237,2,0.063689717041223
3225,0.25480631276901,151.636797225033,2,0.0560841581584375
3226,0.259684361549498,151.683769330828,2,0.0527272804083443
3227,0.267049258727881,151.730741436624,2,0.0491314606246761
3228,0.273840267814443,151.777713542419,2,0.0471654294562304
3229,0.27479674796748,151.824685648215,2,0.0469832932458689
3230,0.271257771401243,151.871657754011,2,0.0477716601748953
3231,0.268292682926829,151.918629859806,2,0.0486802254883483
3232,0.266188426590148,151.965601965602,2,0.0494689576019129
3233,0.259110473457676,152.012574071398,2,0.0530789129413131
3234,0.248110951697752,152.059546177193,2,0.0622184336314831
3235,0.236728837876614,152.106518282989,2,0.0779683377003204
3236,0.228503108560497,152.153490388785,2,0.0951934988136923
3237,0.223146819703491,152.20046249458,2,0.110063903698548
3238,0.214634146341463,152.247434600376,2,0.141670795850495
3239,0.199330463892874,152.294406706171,2,0.234131731959132
3240,0.182783357245337,152.341378811967,2,0.406684353842329
3241,0.166044954567193,152.388350917763,1,0.642938296721815
3242,0.140124342419895,152.435323023558,1,0.915260383401582
3243,0.114681970349115,152.482295129354,1,0.988878319751319
3244,0.0973696795791487,152.52926723515,1,0.997806642709312
3245,0.0782400765184122,152.576239340945,1,0.999699705154096
3246,0.0612147297943568,152.623211446741,1,0.999956665263666
3247,0.0539454806312769,152.670183552537,1,0.999981914758958
3248,0.0536585365853659,152.717155658332,1,0.999982538100519
3249,0.0457197513151602,152.764127764128,1,0.999993497805194
3250,0.0465805834528934,152.811099869923,1,0.999992750808104
3251,0.0459110473457676,152.858071975719,1,0.999993338526074
3252,0.0454328072692492,152.905044081515,1,0.999993729841836
3253,0.0479196556671449,152.95201618731,1,0.999991421417275
3254,0.0472501195600191,152.998988293106,1,0.999992113130274
3255,0.0453371592539455,153.045960398902,1,0.999993805393131
3256,0.0478240076518412,153.092932504697,1,0.999991523704601
3257,0.052415112386418,153.139904610493,1,0.999985007936635
3258,0.0549019607843137,153.186876716289,1,0.999979678203183
3259,0.0599713055954089,153.233848822084,1,0.999962606946144
3260,0.0708751793400287,153.28082092788,1,0.999867516877812
3261,0.0897178383548541,153.327793033675,1,0.99898591814197
3262,0.10961262553802,153.374765139471,1,0.992959992178734
3263,0.135437589670014,153.421737245267,1,0.939455689296464
3264,0.15791487326638,153.468709351062,1,0.7523804907635
3265,0.178574844571975,153.515681456858,2,0.462828714610237
3266,0.194643711142994,153.562653562654,2,0.27462111588225
3267,0.213199426111908,153.609625668449,2,0.148170612860301
3268,0.223529411764706,153.656597774245,2,0.10888811436378
3269,0.229937828790053,153.70356988004,2,0.0917442743846678
3270,0.239024390243902,153.750541985836,2,0.0741389767762468
3271,0.248589191774271,153.797514091632,2,0.0617141708041978
3272,0.255284552845528,153.844486197427,2,0.0557167354548578
3273,0.260736489717838,153.891458303223,2,0.0521109310641558
3274,0.264753706360593,153.938430409019,2,0.0500782399152527
3275,0.275083692013391,153.985402514814,2,0.0469330524798807
3276,0.282544237207078,154.03237462061,2,0.0463229621138429
3277,0.282257293161167,154.079346726406,2,0.0463219527845762
3278,0.284361549497848,154.126318832201,2,0.0463745791079959
3279,0.288665710186514,154.173290937997,2,0.046810568751385
3280,0.291248206599713,154.220263043792,2,0.0472879302932427
3281,0.293352462936394,154.267235149588,2,0.0478002575007789
3282,0.292300334768054,154.314207255384,2,0.0475300291266473
3283,0.291917742706839,154.361179361179,2,0.0474387602800737
3284,0.291917742706839,154.408151466975,2,0.0474387602800737
3285,0.291726446676231,154.455123572771,2,0.0473945143600359
3286,0.290961262553802,154.502095678566,2,0.0472267323406169
3287,0.288665710186514,154.549067784362,2,0.046810568751385
3288,0.286944045911047,154.596039890158,2,0.0465828483796228
3289,0.284170253467241,154.643011995953,2,0.0463654634917761
3290,0.281683405069345,154.689984101749,2,0.0463257730444408
3291,0.279196556671449,154.736956207544,2,0.0464324117711745
3292,0.276901004304161,154.78392831334,2,0.0466615355185246
3293,0.27297943567671,154.830900419136,2,0.047348800989261
3294,0.268388330942133,154.877872524931,2,0.0486472642677242
3295,0.267049258727881,154.924844630727,2,0.0491314606246761
3296,0.268005738880918,154.971816736523,2,0.048780599162225
3297,0.267336202773792,155.018788842318,2,0.0490235553448851
3298,0.259110473457676,155.065760948114,2,0.0530789129413131
3299,0.248589191774271,155.11273305391,2,0.0617141708041978
3300,0.241893830703013,155.159705159705,2,0.0698529640315518
3301,0.236920133907221,155.206677265501,2,0.0776347179178634
3302,0.229746532759445,155.253649371296,2,0.0921922680738155
3303,0.221903395504543,155.300621477092,2,0.114016952255253
3304,0.216451458632233,155.347593582888,2,0.133964661937139
3305,0.213964610234338,155.394565688683,2,0.14465695514229
3306,0.217981826877092,155.441537794479,2,0.127905655468335
3307,0.224772835963654,155.488509900275,2,0.105193580916834
3308,0.232042085126734,155.53548200607,2,0.0870468038378063
3309,0.236728837876614,155.582454111866,2,0.0779683377003204
3310,0.241415590626495,155.629426217662,2,0.0705309730712481
3311,0.248206599713056,155.676398323457,2,0.062116703900588
3312,0.254328072692492,155.723370429253,2,0.0564603780661511
3313,0.256527977044476,155.770342535048,2,0.0548016699210052
3314,0.262362505978001,155.817314640844,2,0.0512283647998015
3315,0.267049258727881,155.86428674664,2,0.0491314606246761
3316,0.271257771401243,155.911258852435,2,0.0477716601748953
3317,0.272788139646102,155.958230958231,2,0.0473920730392417
3318,0.271831659493066,156.005203064027,2,0.0476223168021981
3319,0.274222859875658,156.052175169822,2,0.0470898586122341
3320,0.279292204686753,156.099147275618,2,0.0464255970141842
3321,0.27766618842659,156.146119381414,2,0.0465711289266848
3322,0.281970349115256,156.193091487209,2,0.0463228897239874
3323,0.287039693926351,156.240063593005,2,0.0465936234092468
3324,0.290961262553802,156.2870356988,2,0.0472267323406169
3325,0.293065518890483,156.334007804596,2,0.0477237448006069
3326,0.29325681492109,156.380979910392,2,0.0477745176387347
3327,0.292969870875179,156.427952016187,2,0.0476987111385938
3328,0.293926351028216,156.474924121983,2,0.0479596669969052
3329,0.293448110951698,156.521896227779,2,0.047826233454205
3330,0.291726446676231,156.568868333574,2,0.0473945143600359
3331,0.292491630798661,156.61584043937,2,0.0475770569730928
3332,0.29220468675275,156.662812545166,2,0.0475068640264398
3333,0.289717838354854,156.709784650961,2,0.0469852009283129
3334,0.290769966523195,156.756756756757,2,0.0471870759641113
3335,0.292587278813965,156.803728862552,2,0.047600920353507
3336,0.291726446676231,156.850700968348,2,0.0473945143600359
3337,0.292491630798661,156.897673074144,2,0.0475770569730928
3338,0.291630798660928,156.944645179939,2,0.0473727374746746
3339,0.292682926829268,156.991617285735,2,0.0476250171335205
3340,0.294787183165949,157.038589391531,2,0.0482148890385477
3341,0.294404591104735,157.085561497326,2,0.048099056894928
3342,0.292778574844572,157.132533603122,2,0.0476493476382624
3343,0.290961262553802,157.179505708918,2,0.0472267323406169
3344,0.290291726446676,157.226477814713,2,0.0470919174720414
3345,0.290196078431373,157.273449920509,2,0.0470735664278999
3346,0.286178861788618,157.320422026304,2,0.0465045469891504
3347,0.283787661406026,157.3673941321,2,0.046349833788932
3348,0.281396461023434,157.414366237896,2,0.0463306030917311
3349,0.276327116212339,157.461338343691,2,0.0467386093074202
3350,0.269057867049259,157.508310449487,2,0.0484234433727468
3351,0.262936394069823,157.555282555283,2,0.0509365861726744
3352,0.260927785748446,157.602254661078,2,0.0520027385943246
3353,0.255188904830225,157.649226766874,2,0.055789522604062
3354,0.247058823529412,157.696198872669,2,0.0633669429860378
3355,0.239502630320421,157.743170978465,2,0.0733874034962532
3356,0.237111429937829,157.790143084261,2,0.0773038026187782
3357,0.235102821616451,157.837115190056,2,0.0809162659152434
3358,0.225729316116691,157.884087295852,2,0.102479096260658
3359,0.214921090387374,157.931059401648,2,0.140415713094735
3360,0.206791009086561,157.978031507443,2,0.182238528353882
3361,0.194739359158297,158.025003613239,2,0.273729333521531
3362,0.196939263510282,158.071975719035,2,0.253979283966341
3363,0.201052128168341,158.11894782483,2,0.220849582169755
3364,0.207460545193687,158.165919930626,2,0.178261825769828
3365,0.215208034433286,158.212892036421,2,0.139175224593754
3366,0.222764227642276,158.259864142217,2,0.111258548612558
3367,0.228981348637016,158.306836248013,2,0.0940206292814893
3368,0.232902917264467,158.353808353808,2,0.0852418185271247
3369,0.243137254901961,158.400780459604,2,0.068154627211995
3370,0.242754662840746,158.4477525654,2,0.0686674398759256
3371,0.243328550932568,158.494724671195,2,0.0679014128820122
3372,0.249258727881396,158.541696776991,2,0.0610263952394684
3373,0.253849832615973,158.588668882787,2,0.0568455306292076
3374,0.257293161166906,158.635640988582,2,0.0542667077108657
3375,0.263414634146341,158.682613094378,2,0.0507011181450671
3376,0.268770923003348,158.729585200173,2,0.0485178907882222
3377,0.271066475370636,158.776557305969,2,0.0478233233078371
3378,0.27403156384505,158.823529411765,2,0.0471271899872415
3379,0.276709708273553,158.87050151756,2,0.0466863418625433
3380,0.276901004304161,158.917473623356,2,0.0466615355185246
3381,0.27661406025825,158.964445729152,2,0.0466990766225643
3382,0.28206599713056,159.011417834947,2,0.0463223611566417
3383,0.287900526064084,159.058389940743,2,0.0467005113050356
3384,0.287422285987566,159.105362046539,2,0.0466389237623556
3385,0.289239598278336,159.152334152334,2,0.0469024635070555
3386,0.290291726446676,159.19930625813,2,0.0470919174720414
3387,0.288187470109995,159.246278363925,2,0.0467401181546657
3388,0.284074605451937,159.293250469721,2,0.0463612309584143
3389,0.281683405069345,159.340222575517,2,0.0463257730444408
3390,0.281205164992826,159.387194681312,2,0.0463349049146236
3391,0.279579148732664,159.434166787108,2,0.0464064581857157
3392,0.27584887613582,159.481138892904,2,0.0468089358879444
3393,0.271640363462458,159.528110998699,2,0.0476711596368685
3394,0.274605451936872,159.575083104495,2,0.0470179121727701
3395,0.276422764227642,159.622055210291,2,0.0467252101702131
3396,0.272692491630799,159.669027316086,2,0.0474140547949814
3397,0.266379722620756,159.715999421882,2,0.0493921599515345
3398,0.257388809182209,159.762971527677,2,0.0542013137920765
3399,0.25011956001913,159.809943633473,2,0.0601725705370756
3400,0.244571975131516,159.856915739269,2,0.0663062166983786
3401,0.239406982305117,159.903887845064,2,0.0735364877355659
3402,0.246676231468197,159.95085995086,2,0.0637982332356237
3403,0.254328072692492,159.997832056656,2,0.0564603780661511
3404,0.259684361549498,160.044804162451,2,0.0527272804083443
3405,0.262362505978001,160.091776268247,2,0.0512283647998015
3406,0.264753706360593,160.138748374043,2,0.0500782399152527
3407,0.26571018651363,160.185720479838,2,0.0496654903870111
3408,0.266188426590148,160.232692585634,2,0.0494689576019129
3409,0.264562410329986,160.279664691429,2,0.0501639776914081
3410,0.265997130559541,160.326636797225,2,0.0495467905202535
3411,0.267144906743185,160.373608903021,2,0.0490952386643436
3412,0.268005738880918,160.420581008816,2,0.048780599162225
3413,0.268101386896222,160.467553114612,2,0.0487468924813191
3414,0.266953610712578,160.514525220408,2,0.0491679367780326
3415,0.2675274988044,160.561497326203,2,0.0489528829000998
3416,0.268962219033955,160.608469431999,2,0.0484546807386109
3417,0.270875179340029,160.655441537795,2,0.0478759320567677
3418,0.271066475370636,160.70241364359,2,0.0478233233078371
3419,0.271449067431851,160.749385749386,2,0.0477209398648462
3420,0.272883787661406,160.796357855181,2,0.0473703218682819
3421,0.273362027737924,160.843329960977,2,0.0472650146462248
3422,0.268866571018651,160.890302066773,2,0.0484861630677276
3423,0.259493065518891,160.937274172568,2,0.0528432661056237
3424,0.250693448110952,160.984246278364,2,0.0596219285345068
3425,0.239598278335725,161.03121838416,2,0.0732389298684118
3426,0.235294117647059,161.078190489955,2,0.0805588058699238
3427,0.227164036346246,161.125162595751,2,0.0986052835210421
3428,0.217312290769967,161.172134701546,2,0.13050967869656
3429,0.215877570540411,161.219106807342,2,0.136336638803672
3430,0.217312290769967,161.266078913138,2,0.13050967869656
3431,0.215877570540411,161.313051018933,2,0.136336638803672
3432,0.212147297943568,161.360023124729,2,0.153183002845513
3433,0.217216642754663,161.406995230525,2,0.130887565919457
3434,0.209756097560976,161.45396733632,2,0.165394654924453
3435,0.201147776183644,161.500939442116,2,0.220135736015041
3436,0.195217599234816,161.547911547912,2,0.269312038327087
3437,0.19091343854615,161.594883653707,2,0.311586057171317
3438,0.18364418938307,161.641855759503,2,0.395725630289571
3439,0.174079387852702,161.688827865298,1,0.526433517868305
3440,0.167288378766141,161.735799971094,1,0.62509669750865
3441,0.162505978000956,161.78277207689,1,0.692438191402767
3442,0.167766618842659,161.829744182685,1,0.618191908663907
3443,0.170827355332377,161.876716288481,1,0.573682447573344
3444,0.170827355332377,161.923688394277,1,0.573682447573344
3445,0.168818747011,161.970660500072,1,0.602938822433546
3446,0.166523194643711,162.017632605868,1,0.636097200161947
3447,0.161453849832616,162.064604711664,1,0.706667248744028
3448,0.156384505021521,162.111576817459,1,0.770968941804911
3449,0.151793400286944,162.158548923255,1,0.821806414422861
3450,0.143280726924916,162.20552102905,1,0.894942413198649
3451,0.138976566236251,162.252493134846,1,0.921814883604884
3452,0.139646102343376,162.299465240642,1,0.918043508733438
3453,0.136202773792444,162.346437346437,1,0.935954395829804
3454,0.121281683405069,162.393409452233,1,0.980306565649956
3455,0.0925872788139646,162.440381558029,1,0.998640596682699
3456,0.0650406504065041,162.487353663824,1,0.999932135575368
3457,0.0374940219990435,162.53432576962,1,0.999997745402649
3458,0.0314681970349115,162.581297875416,1,0.999998985808592
3459,0.0216164514586322,162.628269981211,1,0.999999736542541
3460,0.0182687709230033,162.675242087007,1,0.999999835316251
3461,0.0363462458153993,162.722214192802,1,0.999998060748978
3462,0.0793878527020564,162.769186298598,1,0.999659755066548
3463,0.128072692491631,162.816158404394,1,0.965610186074003
3464,0.161836441893831,162.863130510189,1,0.701523281181542
3465,0.193878527020564,162.910102615985,2,0.281855655893049
3466,0.206886657101865,162.957074721781,2,0.181664051857211
3467,0.223338115734099,163.004046827576,2,0.109473670098089
3468,0.235676709708274,163.051018933372,2,0.079852521208024
3469,0.242754662840746,163.097991039168,2,0.0686674398759256
3470,0.2493543758967,163.144963144963,2,0.0609298488913104
3471,0.256719273075084,163.191935250759,2,0.0546659476090784
3472,0.261788617886179,163.238907356554,2,0.0515303364342467
3473,0.261884265901483,163.28587946235,2,0.0514792936215457
3474,0.268388330942133,163.332851568146,2,0.0486472642677242
3475,0.278144428503109,163.379823673941,2,0.0465217658875262
3476,0.285318029650885,163.426795779737,2,0.0464331856719354
3477,0.290674318507891,163.473767885533,2,0.0471675896492243
3478,0.292682926829268,163.520739991328,2,0.0476250171335205
3479,0.294595887135342,163.567712097124,2,0.0481564911366379
3480,0.295743663318986,163.61468420292,2,0.0485214462489178
3481,0.307986609277857,163.661656308715,2,0.0548092811809785
3482,0.307125777140124,163.708628414511,2,0.0542085944142235
3483,0.307030129124821,163.755600520306,2,0.0541434892336338
3484,0.308847441415591,163.802572626102,2,0.0554369931646292
3485,0.31219512195122,163.849544731898,2,0.0581490507927287
3486,0.314108082257293,163.896516837693,2,0.0599056592517938
3487,0.315542802486848,163.943488943489,2,0.0613295253897304
3488,0.314777618364419,163.990461049285,2,0.0605584389997824
3489,0.313055954088953,164.03743315508,2,0.0589200261850728
3490,0.314873266379723,164.084405260876,2,0.0606533503552521
3491,0.316021042563367,164.131377366672,2,0.0618253319108571
3492,0.317742706838833,164.178349472467,2,0.0637018024278844
3493,0.321090387374462,164.225321578263,2,0.0677896096382321
3494,0.325681492109039,164.272293684058,2,0.0744610330754855
3495,0.327403156384505,164.319265789854,2,0.0773221937330975
3496,0.328359636537542,164.36623789565,2,0.0790047858122041
3497,0.330463892874223,164.413210001445,2,0.0829558220021718
3498,0.330463892874223,164.460182107241,2,0.0829558220021718
3499,0.327690100430416,164.507154213037,2,0.0778198055219119
3500,0.324246771879484,164.554126318832,2,0.0722325888851423
3501,0.319942611190818,164.601098424628,2,0.0663195413112917
3502,0.315542802486848,164.648070530423,2,0.0613295253897304
3503,0.312003825920612,164.695042636219,2,0.0579819539890131
3504,0.309516977522716,164.742014742015,2,0.0559443619420099
3505,0.307221425155428,164.78898684781,2,0.0542740246490403
3506,0.309995217599235,164.835958953606,2,0.0563172435590567
3507,0.310951697752272,164.882931059402,2,0.0570897876915062
3508,0.310951697752272,164.929903165197,2,0.0570897876915062
3509,0.311908177905308,164.976875270993,2,0.0578989751838204
3510,0.310664753706361,165.023847376789,2,0.0568542287603681
3511,0.304638928742229,165.070819482584,2,0.0526188822558759
3512,0.299856527977044,165.11779158838,2,0.0501257599379758
3513,0.297178383548541,165.164763694175,2,0.0490275279461864
3514,0.298517455762793,165.211735799971,2,0.049551163449847
3515,0.301386896221903,165.258707905767,2,0.0508468382636514
3516,0.303586800573888,165.305680011562,2,0.0520087437046278
3517,0.303873744619799,165.352652117358,2,0.0521715739902537
3518,0.303491152558584,165.399624223154,2,0.0519550559881937
3519,0.301004304160689,165.446596328949,2,0.0506600030548665
3520,0.298804399808704,165.493568434745,2,0.0496699505932564
3521,0.293065518890483,165.540540540541,2,0.0477237448006069
3522,0.289335246293639,165.587512646336,2,0.0469185621036019
3523,0.288187470109995,165.634484752132,2,0.0467401181546657
3524,0.290578670492587,165.681456857927,2,0.0471483308997579
3525,0.29402199904352,165.728428963723,2,0.0479870669876301
3526,0.29689143950263,165.775401069519,2,0.048921812785617
3527,0.300813008130081,165.822373175314,2,0.0505682394445579
3528,0.306360593017695,165.86934528111,2,0.0536967773911975
3529,0.311047345767575,165.916317386906,2,0.0571690385868455
3530,0.311908177905308,165.963289492701,2,0.0578989751838204
3531,0.316021042563367,166.010261598497,2,0.0618253319108571
3532,0.321664275466284,166.057233704293,2,0.0685528019054773
3533,0.325490196078431,166.104205810088,2,0.0741559254459077
3534,0.326351028216165,166.151177915884,2,0.0755487890342999
3535,0.327977044476327,166.198150021679,2,0.0783235282217986
3536,0.329124820659971,166.245122127475,2,0.080400945778251
3537,0.326829268292683,166.292094233271,2,0.0763450265760606
3538,0.328550932568149,166.339066339066,2,0.0793495880584256
3539,0.331133428981349,166.386038444862,2,0.0842885353178943
3540,0.334098517455763,166.433010550658,2,0.0906643073820938
3541,0.33792443806791,166.479982656453,2,0.100155648340163
3542,0.341176470588235,166.526954762249,2,0.10950647610328
3543,0.341654710664754,166.573926868045,2,0.110991568725992
3544,0.342037302725968,166.62089897384,2,0.112201082105661
3545,0.335341941654711,166.667871079636,2,0.0935837357702501
3546,0.334385461501674,166.714843185431,2,0.0913245633211845
3547,0.3350549976088,166.761815291227,2,0.0928964408279399
3548,0.33323768531803,166.808787397023,2,0.0887306302624362
3549,0.329698708751793,166.855759502818,2,0.0814781887219407
3550,0.325585844093735,166.902731608614,2,0.0743081668752809
3551,0.320899091343855,166.94970371441,2,0.0675394340670903
3552,0.319942611190818,166.996675820205,2,0.0663195413112917
3553,0.317073170731707,167.043647926001,2,0.0629547194152105
3554,0.311716881874701,167.090620031797,2,0.0577341507350342
3555,0.30597800095648,167.137592137592,2,0.053448524746305
3556,0.299378287900526,167.184564243388,2,0.0499146024779568
3557,0.291726446676231,167.231536349183,2,0.0473945143600359
3558,0.284170253467241,167.278508454979,2,0.0463654634917761
3559,0.277953132472501,167.325480560775,2,0.0465408534578256
3560,0.271927307508369,167.37245266657,2,0.0475982460812965
3561,0.267049258727881,167.419424772366,2,0.0491314606246761
3562,0.268197034911526,167.466396878162,2,0.0487134347420401
3563,0.268962219033955,167.513368983957,2,0.0484546807386109
3564,0.268770923003348,167.560341089753,2,0.0485178907882222
3565,0.270205643232903,167.607313195548,2,0.0480675509635248
3566,0.275466284074605,167.654285301344,2,0.0468692056566004
3567,0.283596365375418,167.70125740714,2,0.0463433188689432
3568,0.289526542324247,167.748229512935,2,0.0469514321860804
3569,0.291152558584409,167.795201618731,2,0.0472673021613568
3570,0.299760879961741,167.842173724527,2,0.0500829950917701
3571,0.306073648971784,167.889145830322,2,0.0535101143078654
3572,0.306456241032999,167.936117936118,2,0.0537596328215275
3573,0.304543280726925,167.983090041914,2,0.0525619180367995
3574,0.307125777140124,168.030062147709,2,0.0542085944142235
3575,0.312577714012434,168.077034253505,2,0.0584878353341857
3576,0.314873266379723,168.1240063593,2,0.0606533503552521
3577,0.320133907221425,168.170978465096,2,0.0665594378819503
3578,0.318316594930655,168.217950570892,2,0.0643602226650679
3579,0.316499282639885,168.264922676687,2,0.0623320328252486
3580,0.317742706838833,168.311894782483,2,0.0637018024278844
3581,0.31975131516021,168.358866888279,2,0.0660816565840187
3582,0.321472979435677,168.405838994074,2,0.0682962781961915
3583,0.321664275466284,168.45281109987,2,0.0685528019054773
3584,0.321377331420373,168.499783205666,2,0.0681688165957761
3585,0.324533715925395,168.546755311461,2,0.0726673631593612
3586,0.325298900047824,168.593727417257,2,0.073853307538318
3587,0.326733620277379,168.640699523052,2,0.0761844765970596
3588,0.330272596843615,168.687671628848,2,0.0825819193223432
3589,0.333333333333333,168.734643734644,2,0.0889420443773998
3590,0.333333333333333,168.781615840439,2,0.0889420443773998
3591,0.33065518890483,168.828587946235,2,0.0833327595381333
3592,0.327403156384505,168.875560052031,2,0.0773221937330975
3593,0.321664275466284,168.922532157826,2,0.0685528019054773
3594,0.315829746532759,168.969504263622,2,0.0616257123478924
3595,0.309803921568627,169.016476369418,2,0.0561670327712098
3596,0.307030129124821,169.063448475213,2,0.0541434892336338
3597,0.302439024390244,169.110420581009,2,0.0513836845492136
3598,0.297082735533238,169.157392686804,2,0.0489920374326538
3599,0.293639406982305,169.2043647926,2,0.047878895043037
3600,0.293065518890483,169.251336898396,2,0.0477237448006069
3601,0.291056910569106,169.298309004191,2,0.0472469029352534
3602,0.286083213773314,169.345281109987,2,0.0464957447105477
3603,0.2831181252989,169.392253215783,2,0.0463308202960253
3604,0.281970349115256,169.439225321578,2,0.0463228897239874
3605,0.280535628885701,169.486197427374,2,0.0463567805556173
3606,0.27843137254902,169.53316953317,2,0.046494776096728
3607,0.278622668579627,169.580141638965,2,0.0464778758780935
3608,0.281205164992826,169.627113744761,2,0.0463349049146236
3609,0.282831181252989,169.674085850556,2,0.0463259178328332
3610,0.285604973696796,169.721057956352,2,0.0464550095890984
3611,0.289048302247728,169.768030062148,2,0.0468709381245304
3612,0.290196078431373,169.815002167943,2,0.0470735664278999
3613,0.29038737446198,169.861974273739,2,0.0471104950652518
3614,0.288187470109995,169.908946379535,2,0.0467401181546657
3615,0.286083213773314,169.95591848533,2,0.0464957447105477
3616,0.283978957436633,170.002890591126,2,0.0463572151986912
3617,0.275753228120517,170.049862696922,2,0.0468236687007651
3618,0.281396461023434,170.096834802717,2,0.0463306030917311
3619,0.28493543758967,170.143806908513,2,0.0464071349881282
3620,0.285891917742707,170.190779014308,2,0.0464787957425965
3621,0.285796269727403,170.237751120104,2,0.0464706488270302
3622,0.284648493543759,170.2847232259,2,0.0463898798392104
3623,0.285987565758011,170.331695331695,2,0.0464871609998869
3624,0.290004782400765,170.378667437491,2,0.0470375430044599
3625,0.286657101865136,170.425639543287,2,0.0465518411163475
3626,0.290865614538498,170.472611649082,2,0.0472067901062585
3627,0.293161166905787,170.519583754878,2,0.0477490135202091
3628,0.29507412721186,170.566555860674,2,0.04830429970011
3629,0.300717360114778,170.613527966469,2,0.0505227689035318
3630,0.300430416068867,170.660500072265,2,0.0503879947971139
3631,0.299760879961741,170.70747217806,2,0.0500829950917701
3632,0.302247728359637,170.754444283856,2,0.0512835354293533
3633,0.30310856049737,170.801416389652,2,0.0517432303429263
3634,0.304638928742229,170.848388495447,2,0.0526188822558759
3635,0.306456241032999,170.895360601243,2,0.0537596328215275
3636,0.306551889048302,170.942332707039,2,0.0538228069334699
3637,0.30674318507891,170.989304812834,2,0.0539501147892615
3638,0.30674318507891,171.03627691863,2,0.0539501147892615
3639,0.307030129124821,171.083249024426,2,0.0541434892336338
3640,0.30779531324725,171.130221130221,2,0.0546734846483748
3641,0.306934481109517,171.177193236017,2,0.0540787081819744
3642,0.306073648971784,171.224165341812,2,0.0535101143078654
3643,0.304351984696318,171.271137447608,2,0.0524488941334377
3644,0.303586800573888,171.318109553404,2,0.0520087437046278
3645,0.30416068866571,171.365081659199,2,0.0523370709912728
3646,0.303491152558584,171.412053764995,2,0.0519550559881937
3647,0.299856527977044,171.459025870791,2,0.0501257599379758
3648,0.296508847441416,171.505997976586,2,0.0487843756595022
3649,0.295648015303682,171.552970082382,2,0.0484896911206063
3650,0.293639406982305,171.599942188177,2,0.047878895043037
3651,0.292491630798661,171.646914293973,2,0.0475770569730928
3652,0.291343854615017,171.693886399769,2,0.0473087876083592
3653,0.28857006217121,171.740858505564,2,0.0467960338478624
3654,0.284648493543759,171.78783061136,2,0.0463898798392104
3655,0.279005260640842,171.834802717156,2,0.0464466945474678
3656,0.272022955523673,171.881774822951,2,0.0475744087239157
3657,0.265136298421808,171.928746928747,2,0.0499099660522105
3658,0.263032042085127,171.975719034543,2,0.0508889370576914
3659,0.262936394069823,172.022691140338,2,0.0509365861726744
3660,0.266475370636059,172.069663246134,2,0.0493541480330719
3661,0.269918699186992,172.116635351929,2,0.0481532614870813
3662,0.271544715447154,172.163607457725,2,0.0476959324098638
3663,0.27661406025825,172.210579563521,2,0.0466990766225643
3664,0.281874701099952,172.257551669316,2,0.0463236345539721
3665,0.28780487804878,172.304523775112,2,0.0466877518622449
3666,0.286178861788618,172.351495880908,2,0.0465045469891504
3667,0.28675274988044,172.398467986703,2,0.0465619573727067
3668,0.287996174079388,172.445440092499,2,0.046713492051785
3669,0.286465805834529,172.492412198295,2,0.0465322664222501
3670,0.284170253467241,172.53938430409,2,0.0463654634917761
3671,0.288378766140603,172.586356409886,2,0.0467676315957714
3672,0.295743663318986,172.633328515681,2,0.0485214462489178
3673,0.299378287900526,172.680300621477,2,0.0499146024779568
3674,0.305786704925873,172.727272727273,2,0.0533262875879242
3675,0.311238641798183,172.774244833068,2,0.057328644128078
3676,0.313916786226686,172.821216938864,2,0.0597228381400269
3677,0.315829746532759,172.86818904466,2,0.0616257123478924
3678,0.316021042563367,172.915161150455,2,0.0618253319108571
3679,0.317073170731707,172.962133256251,2,0.0629547194152105
3680,0.320229555236729,173.009105362047,2,0.0666801451260558
3681,0.321281683405069,173.056077467842,2,0.0680418859175228
3682,0.320612147297944,173.103049573638,2,0.0671680764303481
3683,0.318507890961263,173.150021679433,2,0.0645834666341664
3684,0.319464371114299,173.196993785229,2,0.0657285703671521
3685,0.319560019129603,173.243965891025,2,0.0658457693602935
3686,0.313534194165471,173.29093799682,2,0.0593620423983303
3687,0.311047345767575,173.337910102616,2,0.0571690385868455
3688,0.313725490196078,173.384882208412,2,0.059541636065616
3689,0.30961262553802,173.431854314207,2,0.0560182342669273
3690,0.305595408895265,173.478826420003,2,0.0532053006304477
3691,0.303395504543281,173.525798525799,2,0.0519016615385561
3692,0.302247728359637,173.572770631594,2,0.0512835354293533
3693,0.30234337637494,173.61974273739,2,0.0513334676943232
3694,0.302056432329029,173.666714843185,2,0.051184521892466
3695,0.305499760879962,173.713686948981,2,0.0531452738379389
3696,0.308464849354376,173.760659054777,2,0.0551546278657823
3697,0.309421329507413,173.807631160572,2,0.0558708394841144
3698,0.307412721186035,173.854603266368,2,0.05440586400767
3699,0.303778096604495,173.901575372164,2,0.0521170019476804
3700,0.299665231946437,173.948547477959,2,0.0500404975065936
3701,0.294213295074127,173.995519583755,2,0.0480425831988788
3702,0.286944045911047,174.042491689551,2,0.0465828483796228
3703,0.278048780487805,174.089463795346,2,0.0465312001520318
3704,0.272692491630799,174.136435901142,2,0.0474140547949814
3705,0.264371114299378,174.183408006937,2,0.0502507889835265
3706,0.258153993304639,174.230380112733,2,0.0536897836181953
3707,0.251267336202774,174.277352218529,2,0.0590858052037525
3708,0.245624103299857,174.324324324324,2,0.0650229711114196
3709,0.235389765662362,174.37129643012,2,0.0803811594089608
3710,0.221616451458632,174.418268535916,2,0.114958543000641
3711,0.210234337637494,174.465240641711,2,0.162858058517083
3712,0.20468675274988,174.512212747507,2,0.195430052068556
3713,0.204399808703969,174.559184853303,2,0.197312890793329
3714,0.201626016260163,174.606156959098,2,0.21660383457976
3715,0.199043519846963,174.653129064894,2,0.236426369044977
3716,0.199139167862267,174.700101170689,2,0.235658886904402
3717,0.203060736489718,174.747073276485,2,0.206375510018467
3718,0.208990913438546,174.794045382281,2,0.16955479939773
3719,0.216068866571019,174.841017488076,2,0.135539781006712
3720,0.220755619320899,174.887989593872,2,0.117851472611528
3721,0.224868483978957,174.934961699668,2,0.104917234212895
3722,0.229459588713534,174.981933805463,2,0.0928710369015568
3723,0.235772357723577,175.028905911259,2,0.0796777330847968
3724,0.240554758488761,175.075878017055,2,0.0717872803939993
3725,0.246676231468197,175.12285012285,2,0.0637982332356237
3726,0.253275944524151,175.169822228646,2,0.0573197007431897
3727,0.259684361549498,175.216794334441,2,0.0527272804083443
3728,0.263605930176949,175.263766440237,2,0.050608866115238
3729,0.260832137733142,175.310738546033,2,0.0520566874845632
3730,0.260640841702535,175.357710651828,2,0.0521654700928007
3731,0.261597321855571,175.404682757624,2,0.0516332847765656
3732,0.26131037780966,175.45165486342,2,0.0517898748876972
3733,0.258919177427068,175.498626969215,2,0.0531985873650869
3734,0.255954088952654,175.545599075011,2,0.0552168723139437
3735,0.255571496891439,175.592571180806,2,0.055500449441083
3736,0.256527977044476,175.639543286602,2,0.0548016699210052
3737,0.265423242467719,175.686515392398,2,0.0497865439050432
3738,0.2675274988044,175.733487498193,2,0.0489528829000998
3739,0.272692491630799,175.780459603989,2,0.0474140547949814
3740,0.279579148732664,175.827431709785,2,0.0464064581857157
3741,0.283022477283596,175.87440381558,2,0.0463289698052274
3742,0.285509325681492,175.921375921376,2,0.0464475170580467
3743,0.288283118125299,175.968348027172,2,0.0467537638670163
3744,0.290196078431373,176.015320132967,2,0.0470735664278999
3745,0.28857006217121,176.062292238763,2,0.0467960338478624
3746,0.287039693926351,176.109264344558,2,0.0465936234092468
3747,0.285222381635581,176.156236450354,2,0.0464263466256841
3748,0.283692013390722,176.20320855615,2,0.0463464680405076
3749,0.284839789574366,176.250180661945,2,0.0464011659913007
3750,0.289909134385462,176.297152767741,2,0.0470198701416766
3751,0.295743663318986,176.344124873537,2,0.0485214462489178
3752,0.300334768053563,176.391096979332,2,0.0503436138628109
3753,0.293830703012912,176.438069085128,2,0.0479325052537581
3754,0.29220468675275,176.485041190924,2,0.0475068640264398
3755,0.291343854615017,176.532013296719,2,0.0473087876083592
3756,0.290004782400765,176.578985402515,2,0.0470375430044599
3757,0.285126733620277,176.62595750831,2,0.0464197252213608
3758,0.283500717360115,176.672929614106,2,0.0463403862322665
3759,0.280822572931612,176.719901719902,2,0.0463461059175666
3760,0.276327116212339,176.766873825697,2,0.0467386093074202
3761,0.274318507890961,176.813845931493,2,0.0470715328314218
3762,0.268962219033955,176.860818037289,2,0.0484546807386109
3763,0.268101386896222,176.907790143084,2,0.0487468924813191
3764,0.272883787661406,176.95476224888,2,0.0473703218682819
3765,0.277761836441894,177.001734354676,2,0.0465608177118368
3766,0.28024868483979,177.048706460471,2,0.0463694056398479
3767,0.282257293161167,177.095678566267,2,0.0463219527845762
3768,0.281970349115256,177.142650672062,2,0.0463228897239874
3769,0.28675274988044,177.189622777858,2,0.0465619573727067
3770,0.276327116212339,177.236594883654,2,0.0467386093074202
3771,0.267144906743185,177.283566989449,2,0.0490952386643436
3772,0.256719273075084,177.330539095245,2,0.0546659476090784
3773,0.241798182687709,177.377511201041,2,0.0699874445665114
3774,0.224198947871832,177.424483306836,2,0.106874993910911
3775,0.19713055954089,177.471455412632,2,0.252330122204863
3776,0.169679579148733,177.518427518428,1,0.590413516710844
3777,0.152558584409374,177.565399624223,1,0.813873309041547
3778,0.132376853180297,177.612371730019,1,0.951886051742711
3779,0.112769010043042,177.659343835814,1,0.990623937141336
3780,0.105021520803443,177.70631594161,1,0.995407941594461
3781,0.108847441415591,177.753288047406,1,0.993438296660325
3782,0.126446676231468,177.800260153201,1,0.969817616462997
3783,0.154662840746055,177.847232258997,1,0.790929153993645
3784,0.175896700143472,177.894204364793,1,0.500382329679512
3785,0.199713055954089,177.941176470588,2,0.231108522410568
3786,0.207747489239598,177.988148576384,2,0.176589122263417
3787,0.220851267336203,178.03512068218,2,0.117524916770713
3788,0.232042085126734,178.082092787975,2,0.0870468038378063
3789,0.24208512673362,178.129064893771,2,0.0695856704925891
3790,0.252319464371114,178.176036999566,2,0.0581396882142772
3791,0.263701578192253,178.223009105362,2,0.0505631522099563
3792,0.271353419416547,178.269981211158,2,0.0477461823395331
3793,0.271544715447154,178.316953316953,2,0.0476959324098638
3794,0.273840267814443,178.363925422749,2,0.0471654294562304
3795,0.277092300334768,178.410897528545,2,0.0466376123084876
3796,0.278048780487805,178.45786963434,2,0.0465312001520318
3797,0.276709708273553,178.504841740136,2,0.0466863418625433
3798,0.276901004304161,178.551813845932,2,0.0466615355185246
3799,0.279292204686753,178.598785951727,2,0.0464255970141842
3800,0.28206599713056,178.645758057523,2,0.0463223611566417
3801,0.282257293161167,178.692730163318,2,0.0463219527845762
3802,0.284839789574366,178.739702269114,2,0.0464011659913007
3803,0.288857006217121,178.78667437491,2,0.0468403070863974
3804,0.289717838354854,178.833646480705,2,0.0469852009283129
3805,0.289335246293639,178.880618586501,2,0.0469185621036019
3806,0.290196078431373,178.927590692297,2,0.0470735664278999
3807,0.292682926829268,178.974562798092,2,0.0476250171335205
3808,0.295934959349594,179.021534903888,2,0.0485856945549803
3809,0.303778096604495,179.068507009684,2,0.0521170019476804
3810,0.307604017216643,179.115479115479,2,0.0545390148126614
3811,0.311334289813486,179.162451221275,2,0.0574090010854411
3812,0.313438546150167,179.20942332707,2,0.0592728454238215
3813,0.311621233859397,179.256395432866,2,0.0576523026968498
3814,0.308273553323769,179.303367538662,2,0.0550154805092297
3815,0.308273553323769,179.350339644457,2,0.0550154805092297
3816,0.309230033476805,179.397311750253,2,0.0557248399490079
3817,0.304543280726925,179.444283856049,2,0.0525619180367995
3818,0.299186991869919,179.491255961844,2,0.0498319981263514
3819,0.294691535150646,179.53822806764,2,0.0481855694333056
3820,0.297178383548541,179.585200173435,2,0.0490275279461864
3821,0.300717360114778,179.632172279231,2,0.0505227689035318
3822,0.300334768053563,179.679144385027,2,0.0503436138628109
3823,0.294213295074127,179.726116490822,2,0.0480425831988788
3824,0.289909134385462,179.773088596618,2,0.0470198701416766
3825,0.292300334768054,179.820060702414,2,0.0475300291266473
3826,0.291822094691535,179.867032808209,2,0.0474165218630489
3827,0.290865614538498,179.914004914005,2,0.0472067901062585
3828,0.289813486370158,179.960977019801,2,0.0470024228609831
3829,0.290961262553802,180.007949125596,2,0.0472267323406169
3830,0.292874222859876,180.054921231392,2,0.0476739121960897
3831,0.295456719273075,180.101893337187,2,0.0484269167535617
3832,0.297178383548541,180.148865442983,2,0.0490275279461864
3833,0.296700143472023,180.195837548779,2,0.0488525934542852
3834,0.296700143472023,180.242809654574,2,0.0488525934542852
3835,0.295743663318986,180.28978176037,2,0.0485214462489178
3836,0.294308943089431,180.336753866166,2,0.0480707001712548
3837,0.292300334768054,180.383725971961,2,0.0475300291266473
3838,0.290578670492587,180.430698077757,2,0.0471483308997579
3839,0.289143950263032,180.477670183553,2,0.0468865889182741
3840,0.288665710186514,180.524642289348,2,0.046810568751385
3841,0.29038737446198,180.571614395144,2,0.0471104950652518
3842,0.290674318507891,180.618586500939,2,0.0471675896492243
3843,0.295648015303682,180.665558606735,2,0.0484896911206063
3844,0.301578192252511,180.712530712531,2,0.0509419202226855
3845,0.305021520803443,180.759502818326,2,0.0528497729861897
3846,0.308943089430894,180.806474924122,2,0.055508438415063
3847,0.311716881874701,180.853447029918,2,0.0577341507350342
3848,0.312290769966523,180.900419135713,2,0.0582331712221413
3849,0.317838354854137,180.947391241509,2,0.0638103704401377
3850,0.321855571496891,180.994363347305,2,0.0688114726176723
3851,0.324342419894787,181.0413354531,2,0.0723769177994509
3852,0.324342419894787,181.088307558896,2,0.0723769177994509
3853,0.326351028216165,181.135279664691,2,0.0755487890342999
3854,0.332376853180297,181.182251770487,2,0.0868657020724026
3855,0.337733142037303,181.229223876283,2,0.0996441195664921
3856,0.340411286465806,181.276195982078,2,0.107190936046769
3857,0.342228598756576,181.323168087874,2,0.11281308593077
3858,0.34155906264945,181.37014019367,2,0.110692183228955
3859,0.340315638450502,181.417112299465,2,0.106906645300248
3860,0.335533237685318,181.464084405261,2,0.0940465477555169
3861,0.330081300813008,181.511056511057,2,0.0822110282322962
3862,0.325107604017217,181.558028616852,2,0.0735531607324021
3863,0.318986131037781,181.605000722648,2,0.0651499512844083
3864,0.314777618364419,181.651972828443,2,0.0605584389997824
3865,0.311716881874701,181.698944934239,2,0.0577341507350342
3866,0.305117168818747,181.745917040035,2,0.0529082581935673
3867,0.29765662362506,181.79288914583,2,0.0492087819197217
3868,0.291630798660928,181.839861251626,2,0.0473727374746746
3869,0.287326637972262,181.886833357422,2,0.0466272683391492
3870,0.281587757054041,181.933805463217,2,0.0463271667334207
3871,0.274318507890961,181.980777569013,2,0.0470715328314217
3872,0.267623146819704,182.027749674809,2,0.0489179245466234
3873,0.265901482544237,182.074721780604,2,0.0495860965376357
3874,0.259588713534194,182.1216938864,2,0.052785120798741
3875,0.259110473457676,182.168665992195,2,0.0530789129413131
3876,0.265805834528934,182.215638097991,2,0.0496256629787576
3877,0.270109995217599,182.262610203787,2,0.0480958809164252
3878,0.267240554758489,182.309582309582,2,0.0490592704016629
3879,0.265997130559541,182.356554415378,2,0.0495467905202535
3880,0.269249163079866,182.403526521174,2,0.0483617018355201
3881,0.273840267814443,182.450498626969,2,0.0471654294562304
3882,0.277857484457198,182.497470732765,2,0.0465507259338125
3883,0.283022477283596,182.544442838561,2,0.0463289698052274
3884,0.285604973696796,182.591414944356,2,0.0464550095890984
3885,0.286274509803922,182.638387050152,2,0.0465135679531939
3886,0.288283118125299,182.685359155947,2,0.0467537638670163
3887,0.29220468675275,182.732331261743,2,0.0475068640264398
3888,0.295648015303682,182.779303367539,2,0.0484896911206063
3889,0.294117647058824,182.826275473334,2,0.048014705596868
3890,0.29402199904352,182.87324757913,2,0.0479870669876301
3891,0.298804399808704,182.920219684926,2,0.0496699505932564
3892,0.30234337637494,182.967191790721,2,0.0513334676943232
3893,0.301004304160689,183.014163896517,2,0.0506600030548665
3894,0.301195600191296,183.061136002313,2,0.0507528676120009
3895,0.298613103778097,183.108108108108,2,0.0495904984988604
3896,0.292682926829268,183.155080213904,2,0.0476250171335205
3897,0.285126733620277,183.202052319699,2,0.0464197252213608
3898,0.279674796747967,183.249024425495,2,0.0464005134400996
3899,0.272788139646102,183.295996531291,2,0.0473920730392417
3900,0.267049258727881,183.342968637086,2,0.0491314606246761
3901,0.265040650406504,183.389940742882,2,0.0499516357631344
3902,0.26025824964132,183.436912848678,2,0.0523865960477568
3903,0.246676231468197,183.483884954473,2,0.0637982332356237
3904,0.233572453371593,183.530857060269,2,0.0838825402597013
3905,0.224581539933046,183.577829166064,2,0.105749590457166
3906,0.210234337637494,183.62480127186,2,0.162858058517083
3907,0.195121951219512,183.671773377656,2,0.27018995716586
3908,0.190052606408417,183.718745483451,2,0.320724341853768
3909,0.190817790530846,183.765717589247,2,0.312590169697765
3910,0.192443806791009,183.812689695043,2,0.295903524754447
3911,0.190722142515543,183.859661800838,2,0.313597097730087
3912,0.189383070301291,183.906633906634,2,0.32798904682276
3913,0.189000478240077,183.95360601243,2,0.33220177307423
3914,0.192061214729794,184.000578118225,2,0.299756509648639
3915,0.196843615494978,184.047550224021,2,0.254807920126892
3916,0.200669536107126,184.094522329816,2,0.223730035725043
3917,0.201626016260163,184.141494435612,2,0.21660383457976
3918,0.203347680535629,184.188466541408,2,0.204394780942763
3919,0.21195600191296,184.235438647203,2,0.154117423119416
3920,0.219607843137255,184.282410752999,2,0.12187264254499
3921,0.22831181252989,184.329382858795,2,0.0956692660832461
3922,0.236824485891918,184.37635496459,2,0.0778011884618164
3923,0.243041606886657,184.423327070386,2,0.0682820294757052
3924,0.244285031085605,184.470299176182,2,0.0666666512763195
3925,0.248015303682449,184.517271281977,2,0.0623206049534845
3926,0.25375418460067,184.564243387773,2,0.0569236452277129
3927,0.265518890483022,184.611215493568,2,0.0497459302973234
3928,0.278048780487805,184.658187599364,2,0.0465312001520318
3929,0.284839789574366,184.70515970516,2,0.0464011659913007
3930,0.297178383548541,184.752131810955,2,0.0490275279461864
3931,0.307890961262554,184.799103916751,2,0.054741216595218
3932,0.310186513629842,184.846076022547,2,0.0564688752815512
3933,0.310282161645146,184.893048128342,2,0.0565452267212504
3934,0.314586322333812,184.940020234138,2,0.0603698660266517
3935,0.318029650884744,184.986992339934,2,0.064028903986594
3936,0.31793400286944,185.033964445729,2,0.0639194037499595
3937,0.322716403634625,185.080936551525,2,0.0700024846966261
3938,0.32338593974175,185.12790865732,2,0.0709600464770846
3939,0.322525107604017,185.174880763116,2,0.0697339559293984
3940,0.322907699665232,185.221852868912,2,0.070273248682773
3941,0.323672883787661,185.268824974707,2,0.0713789893569973
3942,0.321186035389766,185.315797080503,2,0.0679154842369263
3943,0.310760401721664,185.362769186299,2,0.0569323839165221
3944,0.300430416068867,185.409741292094,2,0.0503879947971139
3945,0.289909134385462,185.45671339789,2,0.0470198701416766
3946,0.275083692013391,185.503685503686,2,0.0469330524798807
3947,0.257293161166906,185.550657609481,2,0.0542667077108657
3948,0.244093735054998,185.597629715277,2,0.0669094789488352
3949,0.231468197034912,185.644601821072,2,0.0882869961674316
3950,0.216260162601626,185.691573926868,2,0.134749136950513
3951,0.204878048780488,185.738546032664,2,0.194186231693124
3952,0.200382592061215,185.785518138459,2,0.225916849309118
3953,0.203156384505022,185.832490244255,2,0.205712893233055
3954,0.210234337637494,185.879462350051,2,0.162858058517083
3955,0.217694882831181,185.926434455846,2,0.129012893436484
3956,0.222572931611669,185.973406561642,2,0.111863032592516
3957,0.224294595887135,186.020378667438,2,0.106591959244034
3958,0.223720707795313,186.067350773233,2,0.108307200771195
3959,0.219416547106648,186.114322879029,2,0.122561583986732
3960,0.215112386417982,186.161294984824,2,0.139587108757851
3961,0.216068866571019,186.20826709062,2,0.135539781006712
3962,0.215494978479197,186.255239196416,2,0.137949175473368
3963,0.218460066953611,186.302211302211,2,0.126089071564395
3964,0.219799139167862,186.349183408007,2,0.121189124269284
3965,0.215877570540411,186.396155513803,2,0.136336638803672
3966,0.210712577714012,186.443127619598,2,0.160369368326293
3967,0.206025824964132,186.490099725394,2,0.18691198412099
3968,0.204973696795791,186.53707183119,2,0.193567724702799
3969,0.206886657101865,186.584043936985,2,0.181664051857211
3970,0.204878048780488,186.631016042781,2,0.194186231693124
3971,0.207077953132473,186.677988148576,2,0.180521500138315
3972,0.209947393591583,186.724960254372,2,0.164374217838035
3973,0.206886657101865,186.771932360168,2,0.181664051857211
3974,0.198469631755141,186.818904465963,2,0.241086227897445
3975,0.193591582974653,186.865876571759,2,0.284614708966392
3976,0.195217599234816,186.912848677555,2,0.269312038327087
3977,0.185652797704448,186.95982078335,2,0.370935099375099
3978,0.180296508847441,187.006792889146,2,0.439380537533237
3979,0.178670492587279,187.053764994941,2,0.461510396244249
3980,0.182209469153515,187.100737100737,2,0.414096296096398
3981,0.188330942132951,187.147709206533,2,0.33968102006635
3982,0.196652319464371,187.194681312328,2,0.2564733219771
3983,0.211764705882353,187.241653418124,2,0.155059065041667
3984,0.225059780009565,187.28862552392,2,0.104367835706161
3985,0.234720229555237,187.335597629715,2,0.0816399324697474
3986,0.240650406504065,187.382569735511,2,0.0716453751530408
3987,0.254328072692492,187.429541841307,2,0.0564603780661511
3988,0.26857962697274,187.476513947102,2,0.0485820841331486
3989,0.276805356288857,187.523486052898,2,0.046673828216976
3990,0.283692013390722,187.570458158693,2,0.0463464680405076
3991,0.296700143472023,187.617430264489,2,0.0488525934542852
3992,0.309325681492109,187.664402370285,2,0.0557976658367753
3993,0.312290769966523,187.71137447608,2,0.0582331712221413
3994,0.319273075083692,187.758346581876,2,0.0654956527997854
3995,0.321951219512195,187.805318687672,2,0.0689416180050287
3996,0.324533715925395,187.852290793467,2,0.0726673631593612
3997,0.328455284552846,187.899262899263,2,0.0791768369319175
3998,0.331037780966045,187.946235005059,2,0.0840958332178729
3999,0.33792443806791,187.993207110854,2,0.100155648340163
4000,0.350549976087996,188.04017921665,2,0.144705216237419
4001,0.345576279292205,188.087151322445,2,0.124347298093301
4002,0.347106647537064,188.134123428241,2,0.130175199819638
4003,0.350549976087996,188.181095534037,2,0.144705216237419
4004,0.353036824485892,188.228067639832,2,0.156538535376599
4005,0.354088952654232,188.275039745628,2,0.161912532771946
4006,0.350549976087996,188.322011851424,2,0.144705216237419
4007,0.345576279292205,188.368983957219,2,0.124347298093301
4008,0.340889526542324,188.415956063015,2,0.108629496216731
4009,0.33868962219034,188.462928168811,2,0.102243134663373
4010,0.33974175035868,188.509900274606,2,0.105224484455887
4011,0.338020086083214,188.556872380402,2,0.100412950152286
4012,0.333333333333333,188.603844486197,2,0.0889420443773998
4013,0.331898613103778,188.650816591993,2,0.0858584670973028
4014,0.330272596843615,188.697788697789,2,0.0825819193223432
4015,0.323864179818269,188.744760803584,2,0.0716611801586454
4016,0.315734098517456,188.79173290938,2,0.0615265525113128
4017,0.308656145384983,188.838705015176,2,0.0552951294036721
4018,0.301673840267814,188.885677120971,2,0.0509898795894152
4019,0.291248206599713,188.932649226767,2,0.0472879302932427
4020,0.280153036824486,188.979621332563,2,0.0463740476887934
4021,0.270779531324725,189.026593438358,2,0.0479025919244196
4022,0.254423720707795,189.073565544154,2,0.056384423856991
4023,0.230703012912482,189.120537649949,2,0.089987848803244
4024,0.211477761836442,189.167509755745,2,0.156485175223385
4025,0.185174557627929,189.214481861541,2,0.376735669861977
4026,0.165279770444763,189.261453967336,1,0.653820543048443
4027,0.13974175035868,189.308426073132,1,0.917492885741554
4028,0.119846963175514,189.355398178928,1,0.982565312894164
4029,0.107508369201339,189.402370284723,1,0.994203264119153
4030,0.101386896221903,189.449342390519,1,0.996753856930825
4031,0.102821616451459,189.496314496315,1,0.996274195716603
4032,0.106551889048302,189.54328660211,1,0.994697832889885
4033,0.111621233859397,189.590258707906,1,0.991545910817657
4034,0.120325203252033,189.637230813701,1,0.981840012540108
4035,0.133046389287422,189.684202919497,1,0.949372195510279
4036,0.144141559062649,189.731175025293,1,0.888789673052309
4037,0.154184600669536,189.778147131088,1,0.796286718770326
4038,0.167097082735533,189.825119236884,1,0.627852606430607
4039,0.181731229076997,189.87209134268,2,0.42033572373025
4040,0.192348158775705,189.919063448475,2,0.296862544706669
4041,0.200860832137733,189.966035554271,2,0.222284784302831
4042,0.214729794356767,190.013007660067,2,0.141250803746474
4043,0.227355332376853,190.059979765862,2,0.0981061038379421
4044,0.234720229555237,190.106951871658,2,0.0816399324697474
4045,0.240746054519369,190.153923977453,2,0.0715040538092306
4046,0.243328550932568,190.200896083249,2,0.0679014128820122
4047,0.244093735054998,190.247868189045,2,0.0669094789488352
4048,0.24571975131516,190.29484029484,2,0.0649092478018456
4049,0.248206599713056,190.341812400636,2,0.062116703900588
4050,0.251362984218077,190.388784506432,2,0.0589978428821059
4051,0.254901960784314,190.435756612227,2,0.0560099741144923
4052,0.259875657580105,190.482728718023,2,0.0526125111254425
4053,0.269823051171688,190.529700823819,2,0.0481823128827175
4054,0.280439980870397,190.576672929614,2,0.0463607721308055
4055,0.28962219033955,190.62364503541,2,0.0469682041126611
4056,0.295552367288379,190.670617141205,2,0.0484581814316578
4057,0.298804399808704,190.717589247001,2,0.0496699505932564
4058,0.302725968436155,190.764561352797,2,0.0515360496692913
4059,0.303873744619799,190.811533458592,2,0.0521715739902537
4060,0.303012912482066,190.858505564388,2,0.0516910015348591
4061,0.303873744619799,190.905477670184,2,0.0521715739902537
4062,0.302917264466762,190.952449775979,2,0.0516390623026104
4063,0.300334768053563,190.999421881775,2,0.0503436138628109
4064,0.299760879961741,191.04639398757,2,0.0500829950917701
4065,0.292300334768054,191.093366093366,2,0.0475300291266473
4066,0.285509325681492,191.140338199162,2,0.0464475170580467
4067,0.274892395982783,191.187310304957,2,0.0469663215348985
4068,0.261501673840268,191.234282410753,2,0.051685191742587
4069,0.243041606886657,191.281254516549,2,0.0682820294757052
4070,0.22180774748924,191.328226622344,2,0.114329571154649
4071,0.204112864658058,191.37519872814,2,0.199216406230665
4072,0.194069823051172,191.422170833936,2,0.28003027678438
4073,0.188617886178862,191.469142939731,2,0.3364590042128
4074,0.189478718316595,191.516115045527,2,0.326942838888504
4075,0.19167862266858,191.563087151322,2,0.303654589956519
4076,0.196939263510282,191.610059257118,2,0.253979283966341
4077,0.203730272596844,191.657031362914,2,0.201786874674617
4078,0.213103778096604,191.704003468709,2,0.14861752952805
4079,0.223816355810617,191.750975574505,2,0.108018473680644
4080,0.232615973218556,191.797947680301,2,0.0858362200657102
4081,0.240363462458154,191.844919786096,2,0.0720728512661051
4082,0.244858919177427,191.891891891892,2,0.0659503069912651
4083,0.254710664753706,191.938863997688,2,0.0561586940794701
4084,0.265231946437111,191.985836103483,2,0.0498685612182413
4085,0.272022955523673,192.032808209279,2,0.0475744087239157
4086,0.275561932089909,192.079780315074,2,0.0468538033832928
4087,0.281492109038737,192.12675242087,2,0.0463287767420326
4088,0.288474414155906,192.173724526666,2,0.0467817215265229
4089,0.282926829268293,192.220696632461,2,0.0463273356580889
4090,0.284744141559063,192.267668738257,2,0.0463954143005613
4091,0.283692013390722,192.314640844053,2,0.0463464680405076
4092,0.282831181252989,192.361612949848,2,0.0463259178328332
4093,0.284457197513152,192.408585055644,2,0.046379462312378
4094,0.287613582018173,192.45555716144,2,0.0466628962089241
4095,0.285796269727403,192.502529267235,2,0.0464706488270302
4096,0.280439980870397,192.549501373031,2,0.0463607721308055
4097,0.285509325681492,192.596473478826,2,0.0464475170580467
4098,0.279005260640842,192.643445584622,2,0.0464466945474678
4099,0.268388330942133,192.690417690418,2,0.0486472642677242
4100,0.254328072692492,192.737389796213,2,0.0564603780661511
4101,0.239598278335725,192.784361902009,2,0.0732389298684118
4102,0.218842659014825,192.831334007805,2,0.124661355514254
4103,0.194261119081779,192.8783061136,2,0.278216071602322
4104,0.176470588235294,192.925278219396,2,0.492240256311378
4105,0.155236728837877,192.972250325192,1,0.78439151487274
4106,0.126542324246772,193.019222430987,1,0.969583403449071
4107,0.0854136776661884,193.066194536783,1,0.999352102273134
4108,0.0513629842180775,193.113166642578,1,0.999986831393013
4109,0.0279292204686753,193.160138748374,1,0.999999371329551
4110,0.0155906264945002,193.20711085417,1,0.999999887402733
4111,0.012051649928264,193.254082959965,1,0.999999932271216
4112,0.013868962219034,193.301055065761,1,0.999999911997042
4113,0.0295552367288379,193.348027171557,1,0.999999216186458
4114,0.0586322333811573,193.394999277352,1,0.999968127438245
4115,0.106264945002391,193.441971383148,1,0.994838339085949
4116,0.146341463414634,193.488943488944,1,0.871821426750005
4117,0.17168818747011,193.535915594739,1,0.56113420253421
4118,0.198469631755141,193.582887700535,2,0.241086227897445
4119,0.227355332376853,193.62985980633,2,0.0981061038379421
4120,0.244571975131516,193.676831912126,2,0.0663062166983786
4121,0.256719273075084,193.723804017922,2,0.0546659476090784
4122,0.264466762314682,193.770776123717,2,0.0502072488498922
4123,0.274127211860354,193.817748229513,2,0.0471084109144732
4124,0.280153036824486,193.864720335309,2,0.0463740476887934
4125,0.282639885222382,193.911692441104,2,0.0463237310752799
4126,0.286370157819225,193.9586645469,2,0.0465228077231068
4127,0.295743663318986,194.005636652696,2,0.0485214462489178
4128,0.305308464849354,194.052608758491,2,0.0530261493887453
4129,0.307890961262554,194.099580864287,2,0.054741216595218
4130,0.310569105691057,194.146552970082,2,0.0567764365837353
4131,0.314012434241989,194.193525075878,2,0.0598140456477744
4132,0.316499282639885,194.240497181674,2,0.0623320328252486
4133,0.316690578670493,194.287469287469,2,0.0625378055614549
4134,0.314777618364419,194.334441393265,2,0.0605584389997824
4135,0.310473457675753,194.381413499061,2,0.0566990062627898
4136,0.306934481109517,194.428385604856,2,0.0540787081819744
4137,0.299378287900526,194.475357710652,2,0.0499146024779568
4138,0.300430416068867,194.522329816447,2,0.0503879947971139
4139,0.286465805834529,194.569301922243,2,0.0465322664222501
4140,0.269249163079866,194.616274028039,2,0.0483617018355201
4141,0.251841224294596,194.663246133834,2,0.0585639178593213
4142,0.218747010999522,194.71021823963,2,0.125016176242084
4143,0.183452893352463,194.757190345426,2,0.398144073694946
4144,0.168340506934481,194.804162451221,1,0.609881352612015
4145,0.146724055475849,194.851134557017,1,0.868684407233929
4146,0.133620277379244,194.898106662813,1,0.947128533823951
4147,0.120899091343855,194.945078768608,1,0.98093351050995
4148,0.110473457675753,194.992050874404,1,0.992383251911178
4149,0.093065518890483,195.039022980199,1,0.998573175490813
4150,0.0736489717838355,195.085995085995,1,0.99981907699256
4151,0.0595887135341942,195.132967191791,1,0.999964271699425
4152,0.0448589191774271,195.179939297586,1,0.999994170140027
4153,0.0513629842180775,195.226911403382,1,0.999986831393013
4154,0.0432329029172645,195.273883509178,1,0.999995261385503
4155,0.0306073648971784,195.320855614973,1,0.999999096627345
4156,0.021999043519847,195.367827720769,1,0.999999722114562
4157,0.0175992348158776,195.414799826565,1,0.99999985019501
4158,0.0131037780966045,195.46177193236,1,0.999999921167186
4159,0.00851267336202774,195.508744038156,1,0.999999959532322
4160,0.00784313725490196,195.555716143951,1,0.999999963316912
4161,0.0070779531324725,195.602688249747,1,0.999999967220361
4162,0.0048780487804878,195.649660355543,1,0.999999976320702
4163,0.00497369679579149,195.696632461338,1,0.999999975982219
4164,0.00688665710186514,195.743604567134,1,0.99999996813107
4165,0.00736489717838355,195.79057667293,1,0.999999965806523
4166,0.00602582496413199,195.837548778725,1,0.999999971932926
4167,0.00430416068866571,195.884520884521,1,0.999999978255979
4168,0.00411286465805835,195.931492990317,1,0.99999997886609
4169,0.00506934481109517,195.978465096112,1,0.999999975639018
4170,0.0070779531324725,196.025437201908,1,0.999999967220361
4171,0.00746054519368723,196.072409307703,1,0.99999996532216
4172,0.0100430416068867,196.119381413499,1,0.999999949395931
4173,0.0212338593974175,196.166353519295,1,0.999999750240973
4174,0.0428503108560497,196.21332562509,1,0.999995487844913
4175,0.0658058345289335,196.260297730886,1,0.999925835753702
4176,0.078909612625538,196.307269836682,1,0.99967698138956
4177,0.107604017216643,196.354241942477,1,0.994151509073408
4178,0.126733620277379,196.401214048273,1,0.969110124619472
4179,0.14701099952176,196.448186154069,1,0.866295028616255
4180,0.160593017694883,196.495158259864,1,0.718107077502784
4181,0.171879483500717,196.54213036566,1,0.558347744830464
4182,0.182209469153515,196.589102471455,2,0.414096296096398
4183,0.191774270683883,196.636074577251,2,0.302675841212265
4184,0.200191296030607,196.683046683047,2,0.227387411268938
4185,0.206695361071258,196.730018788842,2,0.182815146984833
4186,0.212147297943568,196.776990894638,2,0.153183002845513
4187,0.221903395504543,196.823963000434,2,0.114016952255253
4188,0.229363940698231,196.870935106229,2,0.0930991148002766
4189,0.235772357723577,196.917907212025,2,0.0796777330847968
4190,0.239311334289813,196.964879317821,2,0.0736861848771921
4191,0.240076518412243,197.011851423616,2,0.0725056414250912
4192,0.239598278335725,197.058823529412,2,0.0732389298684118
4193,0.24026781444285,197.105795635207,2,0.0722165212708814
4194,0.231850789096126,197.152767741003,2,0.0874568774265285
4195,0.221999043519847,197.199739846799,2,0.113705571743841
4196,0.21453849832616,197.246711952594,2,0.142092426849799
4197,0.203347680535629,197.29368405839,2,0.204394780942763
4198,0.181444285031086,197.340656164186,2,0.424106118922735
4199,0.15428024868484,197.387628269981,1,0.795221843563994
4200,0.1350549976088,197.434600375777,1,0.941144950155616
4201,0.0984218077474892,197.481572481572,1,0.997567352292302
4202,0.0837876614060258,197.528544587368,1,0.999454408630504
4203,0.0681013868962219,197.575516693164,1,0.999903387363871
4204,0.0513629842180775,197.622488798959,1,0.999986831393013
4205,0.0363462458153993,197.669460904755,1,0.999998060748978
4206,0.0314681970349115,197.716433010551,1,0.999998985808592
4207,0.0305117168818747,197.763405116346,1,0.999999108189369
4208,0.026207556193209,197.810377222142,1,0.999999503031394
4209,0.0274509803921569,197.857349327938,1,0.999999410976433
4210,0.0228598756575801,197.904321433733,1,0.999999686786248
4211,0.0268770923003348,197.951293539529,1,0.99999945535432
4212,0.0420851267336203,197.998265645324,1,0.999995909774623
4213,0.0513629842180775,198.04523775112,1,0.999986831393013
4214,0.0527977044476327,198.092209856916,1,0.999984286310139
4215,0.0649450023912004,198.139181962711,1,0.999932885936183
4216,0.0856049736967958,198.186154068507,1,0.999338931254993
4217,0.103012912482066,198.233126174303,1,0.996205434001071
4218,0.122238163558106,198.280098280098,1,0.978656676454635
4219,0.148158775705404,198.327070385894,1,0.856421955418344
4220,0.168818747011,198.37404249169,1,0.602938822433546
4221,0.18000956480153,198.421014597485,2,0.443245512715357
4222,0.188809182209469,198.467986703281,2,0.334324836813726
4223,0.200765184122429,198.514958809076,2,0.223006151152094
4224,0.210712577714012,198.561930914872,2,0.160369368326293
4225,0.215016738402678,198.608903020668,2,0.140000603012789
4226,0.224581539933046,198.655875126463,2,0.105749590457166
4227,0.233859397417504,198.702847232259,2,0.083311649592848
4228,0.239311334289813,198.749819338055,2,0.0736861848771921
4229,0.24208512673362,198.79679144385,2,0.0695856704925891
4230,0.248493543758967,198.843763549646,2,0.0618141491946877
4231,0.258727881396461,198.890735655442,2,0.0533195047750021
4232,0.266092778574845,198.937707761237,2,0.049507744386976
4233,0.270588235294118,198.984679867033,2,0.0479566244492852
4234,0.273744619799139,199.031651972828,2,0.0471848903661262
4235,0.276327116212339,199.078624078624,2,0.0467386093074202
4236,0.275466284074605,199.12559618442,2,0.0468692056566004
4237,0.276518412242946,199.172568290215,2,0.0467120326673552
4238,0.278335724533716,199.219540396011,2,0.046503553981442
4239,0.274605451936872,199.266512501807,2,0.0470179121727701
4240,0.267718794835007,199.313484607602,2,0.048883217468093
4241,0.263032042085127,199.360456713398,2,0.0508889370576914
4242,0.255380200860832,199.407428819194,2,0.0556442949033767
4243,0.246963175514108,199.454400924989,2,0.0634740735257792
4244,0.24285031085605,199.501373030785,2,0.0685384338621293
4245,0.239789574366332,199.54834513658,2,0.0729438053341159
4246,0.236537541846007,199.595317242376,2,0.0783046826223431
4247,0.231563845050215,199.642289348172,2,0.0880782119754368
4248,0.228790052606408,199.689261453967,2,0.0944869584953807
4249,0.235007173601148,199.736233559763,2,0.0810960850512788
4250,0.237015781922525,199.783205665559,2,0.0774689234919903
4251,0.240746054519369,199.830177771354,2,0.0715040538092306
4252,0.247919655667145,199.87714987715,2,0.0624232193833841
4253,0.253275944524151,199.924121982946,2,0.0573197007431897
4254,0.254997608799617,199.971094088741,2,0.0559361408807654
4255,0.261119081779053,200.018066194537,2,0.0518957218652538
4256,0.272022955523673,200.065038300332,2,0.0475744087239157
4257,0.280439980870397,200.112010406128,2,0.0463607721308055
4258,0.285509325681492,200.158982511924,2,0.0464475170580467
4259,0.287039693926351,200.205954617719,2,0.0465936234092468
4260,0.287709230033477,200.252926723515,2,0.0466752135527644
4261,0.286561453849833,200.299898829311,2,0.0465419441769195
4262,0.282639885222382,200.346870935106,2,0.0463237310752799
4263,0.274127211860354,200.393843040902,2,0.0471084109144732
4264,0.263605930176949,200.440815146698,2,0.050608866115238
4265,0.254519368723099,200.487787252493,2,0.0563088258479894
4266,0.24648493543759,200.534759358289,2,0.064016662601564
4267,0.237015781922525,200.581731464084,2,0.0774689234919903
4268,0.230989956958393,200.62870356988,2,0.0893436089181984
4269,0.228503108560497,200.675675675676,2,0.0951934988136923
4270,0.228790052606408,200.722647781471,2,0.0944869584953807
4271,0.230416068866571,200.769619887267,2,0.0906399030810704
4272,0.232424677187948,200.816591993063,2,0.0862365004104595
4273,0.231181252989,200.863564098858,2,0.0889184123256594
4274,0.233955045432807,200.910536204654,2,0.0831228851361357
4275,0.239598278335725,200.957508310449,2,0.0732389298684118
4276,0.246867527498804,201.004480416245,2,0.0635816643423215
4277,0.252893352462936,201.051452522041,2,0.0576431932265833
4278,0.258249641319943,201.098424627836,2,0.0536272813833806
4279,0.259780009564802,201.145396733632,2,0.0526697441203885
4280,0.259971305595409,201.192368839428,2,0.052555580618674
4281,0.259397417503587,201.239340945223,2,0.0529017171476679
4282,0.263414634146341,201.286313051019,2,0.0507011181450671
4283,0.267910090865615,201.333285156815,2,0.0488145552443266
4284,0.270492587278814,201.38025726261,2,0.0479839978376854
4285,0.273457675753228,201.427229368406,2,0.0472446409446815
4286,0.277187948350072,201.474201474201,2,0.0466259814770863
4287,0.277761836441894,201.521173579997,2,0.0465608177118368
4288,0.276135820181731,201.568145685793,2,0.0467660732049548
4289,0.277283596365375,201.615117791588,2,0.0466145709531632
4290,0.275179340028694,201.662089897384,2,0.0469167546897727
4291,0.275179340028694,201.70906200318,2,0.0469167546897727
4292,0.274701099952176,201.756034108975,2,0.0470004900482716
4293,0.273170731707317,201.803006214771,2,0.0473064489514662
4294,0.273266379722621,201.849978320567,2,0.0472856172227869
4295,0.272788139646102,201.896950426362,2,0.0473920730392417
4296,0.270492587278814,201.943922532158,2,0.0479839978376854
4297,0.274127211860354,201.990894637953,2,0.0471084109144732
4298,0.26857962697274,202.037866743749,2,0.0485820841331486
4299,0.264371114299378,202.084838849545,2,0.0502507889835265
4300,0.26571018651363,202.13181095534,2,0.0496654903870111
4301,0.266188426590148,202.178783061136,2,0.0494689576019129
4302,0.261406025824964,202.225755166932,2,0.0517373882032994
4303,0.254615016738403,202.272727272727,2,0.0562335829499983
4304,0.2493543758967,202.319699378523,2,0.0609298488913104
4305,0.240076518412243,202.366671484319,2,0.0725056414250912
4306,0.234433285509326,202.413643590114,2,0.08219042418702
4307,0.227164036346246,202.46061569591,2,0.0986052835210421
4308,0.218364418938307,202.507587801705,2,0.126449531812248
4309,0.210616929698709,202.554559907501,2,0.160863311139831
4310,0.20545193687231,202.601532013297,2,0.190508974894857
4311,0.195982783357245,202.648504119092,2,0.262387970325946
4312,0.1818268770923,202.695476224888,2,0.419083348998369
4313,0.165566714490674,202.742448330684,1,0.649749456803605
4314,0.144237207077953,202.789420436479,1,0.888089340499882
4315,0.1168818747011,202.836392542275,1,0.986503286085563
4316,0.0982305117168819,202.883364648071,1,0.997612613221666
4317,0.0868483978957437,202.930336753866,1,0.999246908666104
4318,0.078909612625538,202.977308859662,1,0.99967698138956
4319,0.0802486848397896,203.024280965457,1,0.999626515844088
4320,0.0912482065997131,203.071253071253,1,0.998813694655676
4321,0.109421329507413,203.118225177049,1,0.993082517660403
4322,0.130942132950741,203.165197282844,1,0.956912567703679
4323,0.153132472501196,203.21216938864,1,0.807778546047444
4324,0.172166427546628,203.259141494436,1,0.554170284130889
4325,0.191869918699187,203.306113600231,2,0.301699911678024
4326,0.211477761836442,203.353085706027,2,0.156485175223385
4327,0.231085604973697,203.400057811823,2,0.0891305831732104
4328,0.247728359636538,203.447029917618,2,0.0626297836702916
4329,0.259014825442372,203.494002023414,2,0.0531385952039229
4330,0.266188426590148,203.540974129209,2,0.0494689576019129
4331,0.272501195600191,203.587946235005,2,0.0474587112479982
4332,0.275944524151124,203.634918340801,2,0.0467944258300455
4333,0.280726924916308,203.681890446596,2,0.0463494474978696
4334,0.285031085604974,203.728862552392,2,0.0464133213706462
4335,0.287326637972262,203.775834658188,2,0.0466272683391492
4336,0.284839789574366,203.822806763983,2,0.0464011659913007
4337,0.289048302247728,203.869778869779,2,0.0468709381245304
4338,0.281874701099952,203.916750975575,2,0.0463236345539721
4339,0.276709708273553,203.96372308137,2,0.0466863418625433
4340,0.273266379722621,204.010695187166,2,0.0472856172227869
4341,0.265231946437111,204.057667292961,2,0.0498685612182413
4342,0.253945480631277,204.104639398757,2,0.0567677788845398
4343,0.240554758488761,204.151611504553,2,0.0717872803939993
4344,0.226781444285031,204.198583610348,2,0.0996157012779703
4345,0.208799617407939,204.245555716144,2,0.170614684992595
4346,0.18000956480153,204.29252782194,2,0.443245512715357
4347,0.147489239598278,204.339499927735,1,0.862242731030813
4348,0.12778574844572,204.386472033531,1,0.96638838217361
4349,0.113821138211382,204.433444139327,1,0.989697957859984
4350,0.0998565279770445,204.480416245122,1,0.997201213452672
4351,0.0892395982783357,204.527388350918,1,0.999034681532043
4352,0.0851267336202774,204.574360456713,1,0.999371391779258
4353,0.0708751793400287,204.621332562509,1,0.999867516877812
4354,0.0588235294117647,204.668304668305,1,0.999967389829387
4355,0.0464849354375897,204.7152767741,1,0.99999283773532
4356,0.0363462458153993,204.762248879896,1,0.999998060748978
4357,0.0263032042085127,204.809220985692,1,0.999999496477456
4358,0.0145384983261597,204.856193091487,1,0.99999990312714
4359,0.00755619320899091,204.903165197283,1,0.999999964831108
4360,0.00554758488761358,204.950137303078,1,0.999999973849949
4361,0.00267814442850311,204.997109408874,1,0.999999982938829
4362,0.00306073648971784,205.04408151467,1,0.999999981934587
4363,0.00267814442850311,205.091053620465,1,0.999999982938829
4364,0.00286944045911047,205.138025726261,1,0.999999982443715
4365,0.00267814442850311,205.184997832057,1,0.999999982938829
4366,0.00306073648971784,205.231969937852,1,0.999999981934587
4367,0.0032520325203252,205.278942043648,1,0.999999981411059
4368,0.0038259206121473,205.325914149444,1,0.999999979750051
4369,0.0021999043519847,205.372886255239,1,0.999999984117743
4370,0.00191296030607365,205.419858361035,1,0.999999984786515
4371,0.00181731229076997,205.46683046683,1,0.999999985003268
4372,0.00191296030607365,205.513802572626,1,0.999999984786515
4373,0.00191296030607365,205.560774678422,1,0.999999984786515
4374,0.00200860832137733,205.607746784217,1,0.999999984566704
4375,0.00191296030607365,205.654718890013,1,0.999999984786515
4376,0.00277379244380679,205.701690995809,1,0.999999982693
4377,0.00468675274988044,205.748663101604,1,0.999999976983762
4378,0.00554758488761358,205.7956352074,1,0.999999973849949
4379,0.0106169296987088,205.842607313196,1,0.99999994498906
4380,0.0257293161166906,205.889579418991,1,0.999999534577643
4381,0.0497369679579149,205.936551524787,1,0.999989235564697
4382,0.0837876614060258,205.983523630582,1,0.999454408630504
4383,0.118220946915352,206.030495736378,1,0.984838399408673
4384,0.141846006695361,206.077467842174,1,0.90460631425035
4385,0.172931611669058,206.124439947969,1,0.543047932852104
4386,0.190052606408417,206.171412053765,2,0.320724341853768
4387,0.21453849832616,206.218384159561,2,0.142092426849799
4388,0.233285509325681,206.265356265356,2,0.0844603891997796
4389,0.24830224772836,206.312328371152,2,0.0620154142512223
4390,0.260927785748446,206.359300476948,2,0.0520027385943246
4391,0.271927307508369,206.406272582743,2,0.0475982460812965
4392,0.277857484457197,206.453244688539,2,0.0465507259338125
4393,0.281779053084649,206.500216794334,2,0.0463245956565209
4394,0.285891917742707,206.54718890013,2,0.0464787957425965
4395,0.289813486370158,206.594161005926,2,0.0470024228609831
4396,0.293830703012912,206.641133111721,2,0.0479325052537581
4397,0.296508847441416,206.688105217517,2,0.0487843756595022
4398,0.298613103778097,206.735077323313,2,0.0495904984988605
4399,0.301195600191296,206.782049429108,2,0.0507528676120009
4400,0.304065040650407,206.829021534904,2,0.0522816077407096
4401,0.309134385461502,206.8759936407,2,0.0556523607752869
4402,0.312003825920612,206.922965746495,2,0.0579819539890131
4403,0.314873266379723,206.969937852291,2,0.0606533503552521
4404,0.316594930655189,207.016909958086,2,0.0624346967921326
4405,0.317168818747011,207.063882063882,2,0.0630600753249702
4406,0.316499282639885,207.110854169678,2,0.0623320328252486
4407,0.313438546150167,207.157826275473,2,0.0592728454238215
4408,0.31142993782879,207.204798381269,2,0.0574897290514031
4409,0.302821616451459,207.251770487065,2,0.0515874119210318
4410,0.300334768053563,207.29874259286,2,0.0503436138628109
4411,0.292491630798661,207.345714698656,2,0.0475770569730928
4412,0.277283596365375,207.392686804452,2,0.0466145709531632
4413,0.261692969870875,207.439658910247,2,0.0515816665805694
4414,0.247632711621234,207.486631016043,2,0.062733736597211
4415,0.235868005738881,207.533603121838,2,0.0795036527372289
4416,0.228216164514586,207.580575227634,2,0.0959085829065004
4417,0.227546628407461,207.62754733343,2,0.0976109022672598
4418,0.223912003825921,207.674519439225,2,0.107730893838997
4419,0.222190339550454,207.721491545021,2,0.113086507093211
4420,0.224390243902439,207.768463650817,2,0.106310049991322
4421,0.227546628407461,207.815435756612,2,0.0976109022672598
4422,0.227450980392157,207.862407862408,2,0.0978580077142074
4423,0.221520803443329,207.909379968204,2,0.115274905426971
4424,0.215208034433286,207.956352073999,2,0.139175224593754
4425,0.201434720229555,208.003324179795,2,0.218009151417514
4426,0.193400286944046,208.05029628559,2,0.286468087575876
4427,0.194069823051172,208.097268391386,2,0.28003027678438
4428,0.197034911525586,208.144240497182,2,0.253153352607329
4429,0.194261119081779,208.191212602977,2,0.278216071602322
4430,0.196652319464371,208.238184708773,2,0.2564733219771
4431,0.201434720229555,208.285156814569,2,0.218009151417514
4432,0.199808703969393,208.332128920364,2,0.230359170304944
4433,0.200860832137733,208.37910102616,2,0.222284784302831
4434,0.20286944045911,208.426073131956,2,0.207707894477036
4435,0.204304160688666,208.473045237751,2,0.197945090386258
4436,0.204017216642755,208.520017343547,2,0.199855534652143
4437,0.205164992826399,208.566989449342,2,0.192337486296175
4438,0.20832137733142,208.613961555138,2,0.173299684682163
4439,0.211573409851746,208.660933660934,2,0.156007977375964
4440,0.21195600191296,208.707905766729,2,0.154117423119416
4441,0.214155906264945,208.754877872525,2,0.14379545592971
4442,0.217503586800574,208.801849978321,2,0.129758344149717
4443,0.222094691535151,208.848822084116,2,0.113395424918661
4444,0.226781444285031,208.895794189912,2,0.0996157012779703
4445,0.230224772835964,208.942766295707,2,0.0910789923740708
4446,0.231085604973697,208.989738401503,2,0.0891305831732104
4447,0.229746532759445,209.036710507299,2,0.0921922680738155
4448,0.225920612147298,209.083682613094,2,0.101949077921866
4449,0.223051171688187,209.13065471889,2,0.110360785929
4450,0.220468675274988,209.177626824686,2,0.118838935729203
4451,0.216068866571019,209.224598930481,2,0.135539781006712
4452,0.20832137733142,209.271571036277,2,0.173299684682163
4453,0.203825920612147,209.318543142073,2,0.201140762826707
4454,0.202295552367288,209.365515247868,2,0.211762677875532
4455,0.204112864658058,209.412487353664,2,0.199216406230665
4456,0.207460545193687,209.459459459459,2,0.178261825769828
4457,0.208990913438546,209.506431565255,2,0.16955479939773
4458,0.212625538020086,209.553403671051,2,0.150878228136272
4459,0.219033955045433,209.600375776846,2,0.123955899412673
4460,0.227164036346246,209.647347882642,2,0.0986052835210421
4461,0.236346245815399,209.694319988438,2,0.0786437735181287
4462,0.246389287422286,209.741292094233,2,0.0641265790375521
4463,0.254901960784314,209.788264200029,2,0.0560099741144923
4464,0.260449545671927,209.835236305825,2,0.0522754375582797
4465,0.260162601626016,209.88220841162,2,0.0524426238732378
4466,0.26207556193209,209.929180517416,2,0.0513780671542188
4467,0.258919177427068,209.976152623211,2,0.0531985873650869
4468,0.25298900047824,210.023124729007,2,0.0575617614441646
4469,0.250023912003826,210.070096834803,2,0.0602657760580501
4470,0.250789096126255,210.117068940598,2,0.0595315741426213
4471,0.246676231468197,210.164041046394,2,0.0637982332356237
4472,0.239885222381636,210.21101315219,2,0.0727971498962122
4473,0.222094691535151,210.257985257985,2,0.113395424918661
4474,0.217216642754663,210.304957363781,2,0.130887565919457
4475,0.208990913438546,210.351929469577,2,0.16955479939773
4476,0.198278335724534,210.398901575372,2,0.242660565588301
4477,0.186513629842181,210.445873681168,2,0.360659321060989
4478,0.179818268770923,210.492845786963,2,0.445832062189251
4479,0.178670492587279,210.539817892759,2,0.461510396244249
4480,0.180966044954567,210.586789998555,2,0.430433583536715
4481,0.186609277857484,210.63376210435,2,0.359530844513728
4482,0.19273075083692,210.680734210146,2,0.293043361032213
4483,0.201052128168341,210.727706315942,2,0.220849582169755
4484,0.206312769010043,210.774678421737,2,0.185143168372983
4485,0.208799617407939,210.821650527533,2,0.170614684992595
4486,0.212816834050693,210.868622633329,2,0.149968701680219
4487,0.219512195121951,210.915594739124,2,0.122216432831861
4488,0.224964131994261,210.96256684492,2,0.10464198721975
4489,0.232711621233859,211.009538950715,2,0.085637286788216
4490,0.241224294595887,211.056511056511,2,0.070806130192037
4491,0.248206599713056,211.103483162307,2,0.062116703900588
4492,0.252702056432329,211.150455268102,2,0.0578071811956315
4493,0.259110473457676,211.197427373898,2,0.0530789129413131
4494,0.260736489717838,211.244399479694,2,0.0521109310641558
4495,0.258249641319943,211.291371585489,2,0.0536272813833806
4496,0.255858440937351,211.338343691285,2,0.0552872549192331
4497,0.248206599713056,211.385315797081,2,0.062116703900588
4498,0.233381157340985,211.432287902876,2,0.0842669947674604
4499,0.218364418938307,211.479260008672,2,0.126449531812248
4500,0.215016738402678,211.526232114467,2,0.140000603012789
4501,0.218747010999522,211.573204220263,2,0.125016176242084
4502,0.221425155428025,211.620176326059,2,0.115592525200744
4503,0.232520325203252,211.667148431854,2,0.0860359569025024
4504,0.249067431850789,211.71412053765,2,0.0612207612017281
4505,0.251076040172166,211.761092643446,2,0.0592629174161604
4506,0.257675753228121,211.808064749241,2,0.0540070780461563
4507,0.263605930176949,211.855036855037,2,0.050608866115238
4508,0.268197034911526,211.902008960833,2,0.0487134347420401
4509,0.272883787661406,211.948981066628,2,0.0473703218682819
4510,0.275083692013391,211.995953172424,2,0.0469330524798807
4511,0.276231468197035,212.042925278219,2,0.0467522302582466
4512,0.280153036824486,212.089897384015,2,0.0463740476887934
4513,0.281109516977523,212.136869489811,2,0.0463373804451456
4514,0.286848397895744,212.183841595606,2,0.0465722930811119
4515,0.294213295074127,212.230813701402,2,0.0480425831988788
4516,0.299952175992348,212.277785807198,2,0.0501687926349687
4517,0.301386896221903,212.324757912993,2,0.0508468382636514
4518,0.300813008130081,212.371730018789,2,0.0505682394445579
4519,0.300143472022956,212.418702124585,2,0.0502556639598728
4520,0.299186991869919,212.46567423038,2,0.0498319981263514
4521,0.2987087517934,212.512646336176,2,0.0496300940320598
4522,0.296604495456719,212.559618441971,2,0.0488183595987953
4523,0.29220468675275,212.606590547767,2,0.0475068640264398
4524,0.286083213773314,212.653562653563,2,0.0464957447105477
4525,0.278240076518412,212.700534759358,2,0.0465125505383408
4526,0.266092778574845,212.747506865154,2,0.049507744386976
4527,0.250980392156863,212.79447897095,2,0.0593520698985224
4528,0.239598278335725,212.841451076745,2,0.0732389298684118
4529,0.22467718794835,212.888423182541,2,0.105471031577827
4530,0.212529890004782,212.935395288336,2,0.151335632892563
4531,0.187948350071736,212.982367394132,2,0.344015658199786
4532,0.161071257771401,213.029339499928,1,0.711775058095412
4533,0.139072214251554,213.076311605723,1,0.921284941147221
4534,0.125011956001913,213.123283711519,1,0.973143130979755
4535,0.113821138211382,213.170255817315,1,0.989697957859984
4536,0.106838833094213,213.21722792311,1,0.9945537615376
4537,0.0994739359158297,213.264200028906,1,0.997303619678772
4538,0.0997608799617408,213.311172134702,1,0.997227152679584
4539,0.101769488283118,213.358144240497,1,0.996631956508491
4540,0.107508369201339,213.405116346293,1,0.994203264119153
4541,0.118029650884744,213.452088452088,1,0.985087214829653
4542,0.133046389287422,213.499060557884,1,0.949372195510279
4543,0.152558584409374,213.54603266368,1,0.813873309041547
4544,0.168818747011,213.593004769475,1,0.602938822433546
4545,0.18622668579627,213.639976875271,2,0.364060756060162
4546,0.193304638928742,213.686948981067,2,0.287398984620084
4547,0.204878048780488,213.733921086862,2,0.194186231693124
4548,0.216738402678144,213.780893192658,2,0.132799419125149
4549,0.225538020086083,213.827865298454,2,0.103013363287374
4550,0.234050693448111,213.874837404249,2,0.0829348819897761
4551,0.242180774748924,213.921809510045,2,0.0694528534173063
4552,0.248206599713056,213.96878161584,2,0.062116703900588
4553,0.258345289335246,214.015753721636,2,0.0535650959552462
4554,0.258345289335246,214.062725827432,2,0.0535650959552462
4555,0.260162601626016,214.109697933227,2,0.0524426238732378
4556,0.263510282161645,214.156670039023,2,0.0506548545479654
4557,0.261788617886179,214.203642144819,2,0.0515303364342467
4558,0.257580105212817,214.250614250614,2,0.0540714998819585
4559,0.254615016738403,214.29758635641,2,0.0562335829499983
4560,0.254423720707795,214.344558462206,2,0.0563844238569909
4561,0.246293639406982,214.391530568001,2,0.0642369654979946
4562,0.245050215208034,214.438502673797,2,0.0657155238102754
4563,0.243041606886657,214.485474779592,2,0.0682820294757052
4564,0.240937350549976,214.532446885388,2,0.0712231541722371
4565,0.237876614060258,214.579418991184,2,0.0760067792966342
4566,0.234720229555237,214.626391096979,2,0.0816399324697474
4567,0.233668101386896,214.673363202775,2,0.0836914741989264
4568,0.23558106169297,214.720335308571,2,0.0800280198188717
4569,0.235007173601148,214.767307414366,2,0.0810960850512788
4570,0.229746532759445,214.814279520162,2,0.0921922680738155
4571,0.221903395504543,214.861251625958,2,0.114016952255253
4572,0.210999521759923,214.908223731753,2,0.158898826486123
4573,0.196939263510282,214.955195837549,2,0.253979283966341
4574,0.17819225251076,215.002167943344,2,0.468119192515208
4575,0.162410329985653,215.04914004914,1,0.693742335720863
4576,0.155141080822573,215.096112154936,1,0.78548926977291
4577,0.139454806312769,215.143084260731,1,0.919135816422122
4578,0.130272596843616,215.190056366527,1,0.959097742648708
4579,0.121186035389766,215.237028472323,1,0.980465029923587
4580,0.11506456241033,215.284000578118,1,0.988495090882495
4581,0.10856049736968,215.330972683914,1,0.993609728439966
4582,0.100143472022956,215.37794478971,1,0.997122019259866
4583,0.090674318507891,215.424916895505,1,0.998881295780982
4584,0.0813964610234338,215.471889001301,1,0.999577354518396
4585,0.0736489717838355,215.518861107096,1,0.99981907699256
4586,0.0780487804878049,215.565833212892,1,0.999705912011133
4587,0.0788139646102343,215.612805318688,1,0.999680325276506
4588,0.0831181252989,215.659777424483,1,0.999491895309496
4589,0.0996652319464371,215.706749530279,1,0.997252865574111
4590,0.12415112386418,215.753721636075,1,0.974977383707551
4591,0.149402199904352,215.80069374187,1,0.845153290664184
4592,0.167957914873266,215.847665847666,1,0.615424501196341
4593,0.187374461979914,215.894637953462,2,0.350599865606303
4594,0.191009086561454,215.941610059257,2,0.310584760937774
4595,0.194835007173601,215.988582165053,2,0.272840329008823
4596,0.198947871831659,216.035554270848,2,0.237196460723984
4597,0.205356288857006,216.082526376644,2,0.191116240790358
4598,0.211095169775227,216.12949848244,2,0.15841238748262
4599,0.216451458632233,216.176470588235,2,0.133964661937139
4600,0.217886178861789,216.223442694031,2,0.128273283517454
4601,0.227929220468675,216.270414799827,2,0.096632310798
4602,0.225155428024868,216.317386905622,2,0.104094775455889
4603,0.22831181252989,216.364359011418,2,0.0956692660832461
4604,0.238067910090866,216.411331117214,2,0.0756890827194561
4605,0.249641319942611,216.458303223009,2,0.0606427392980572
4606,0.257388809182209,216.505275328805,2,0.0542013137920765
4607,0.263701578192253,216.5522474346,2,0.0505631522099563
4608,0.26857962697274,216.599219540396,2,0.0485820841331486
4609,0.271831659493066,216.646191646192,2,0.0476223168021981
4610,0.274318507890961,216.693163751987,2,0.0470715328314217
4611,0.27661406025825,216.740135857783,2,0.0466990766225643
4612,0.275274988043998,216.787107963579,2,0.0469006810989667
4613,0.276901004304161,216.834080069374,2,0.0466615355185246
4614,0.281970349115256,216.88105217517,2,0.0463228897239874
4615,0.287422285987566,216.928024280965,2,0.0466389237623556
4616,0.291630798660928,216.974996386761,2,0.0473727374746746
4617,0.298039215686275,217.021968492557,2,0.0493583766965898
4618,0.302439024390244,217.068940598352,2,0.0513836845492136
4619,0.30416068866571,217.115912704148,2,0.0523370709912728
4620,0.303873744619799,217.162884809944,2,0.0521715739902537
4621,0.308943089430894,217.209856915739,2,0.055508438415063
4622,0.316212338593974,217.256829021535,2,0.0620266945269764
4623,0.314490674318508,217.303801127331,2,0.0602762016321752
4624,0.308273553323769,217.350773233126,2,0.0550154805092297
4625,0.305691056910569,217.397745338922,2,0.0532656382630863
4626,0.286561453849833,217.444717444717,2,0.0465419441769195
4627,0.268483978957437,217.491689550513,2,0.0486145506311597
4628,0.250884744141559,217.538661656309,2,0.0594416217033948
4629,0.224964131994261,217.585633762104,2,0.10464198721975
4630,0.199904351984696,217.6326058679,2,0.22961238824593
4631,0.178096604495457,217.679577973696,2,0.469446027708113
4632,0.162123385939742,217.726550079491,1,0.69764234394439
4633,0.157723577235772,217.773522185287,1,0.75474574972912
4634,0.147489239598278,217.820494291083,1,0.862242731030813
4635,0.138498326159732,217.867466396878,1,0.924421042054077
4636,0.136585365853659,217.914438502674,1,0.934141039967144
4637,0.138880918220947,217.961410608469,1,0.922341909640246
4638,0.143089430894309,218.008382714265,1,0.896273252295752
4639,0.151123864179818,218.055354820061,1,0.828565041310764
4640,0.157819225251076,218.102326925856,1,0.75356457540692
4641,0.174940219990435,218.149299031652,1,0.514047695975699
4642,0.180966044954567,218.196271137448,2,0.430433583536715
4643,0.188809182209469,218.243243243243,2,0.334324836813726
4644,0.19349593495935,218.290215349039,2,0.28553999619643
4645,0.198565279770445,218.337187454835,2,0.240303017705786
4646,0.204399808703969,218.38415956063,2,0.197312890793329
4647,0.211382113821138,218.431131666426,2,0.156964209021193
4648,0.216738402678144,218.478103772221,2,0.132799419125149
4649,0.227355332376853,218.525075878017,2,0.0981061038379421
4650,0.231659493065519,218.572047983813,2,0.0878702662796673
4651,0.238833094213295,218.619020089608,2,0.0744439450092446
4652,0.241606886657102,218.665992195404,2,0.0702580834146104
4653,0.239693926351028,218.7129643012,2,0.073091064571275
4654,0.23921568627451,218.759936406995,2,0.0738364972220845
4655,0.247154471544715,218.806908512791,2,0.063260271125092
4656,0.256719273075084,218.853880618587,2,0.0546659476090784
4657,0.261119081779053,218.900852724382,2,0.0518957218652538
4658,0.266666666666667,218.947824830178,2,0.0492788954045239
4659,0.271640363462458,218.994796935973,2,0.0476711596368685
4660,0.272309899569584,219.041769041769,2,0.0475042936334792
4661,0.270588235294118,219.088741147565,2,0.0479566244492852
4662,0.268483978957437,219.13571325336,2,0.0486145506311597
4663,0.266092778574845,219.182685359156,2,0.049507744386976
4664,0.264084170253467,219.229657464952,2,0.0503830292656508
4665,0.262553802008608,219.276629570747,2,0.0511299800222706
4666,0.264466762314682,219.323601676543,2,0.0502072488498922
4667,0.266857962697274,219.370573782339,2,0.0492046676234185
4668,0.269440459110473,219.417545888134,2,0.0483009350999051
4669,0.274318507890961,219.46451799393,2,0.0470715328314217
4670,0.277474892395983,219.511490099725,2,0.0465924102207236
4671,0.273075083692013,219.558462205521,2,0.047327510112498
4672,0.266857962697274,219.605434311317,2,0.0492046676234185
4673,0.261119081779053,219.652406417112,2,0.0518957218652538
4674,0.254232424677188,219.699378522908,2,0.0565366895702399
4675,0.245241511238642,219.746350628704,2,0.0654827160848926
4676,0.23845050215208,219.793322734499,2,0.0750614227779363
4677,0.233285509325681,219.840294840295,2,0.0844603891997796
4678,0.229459588713534,219.887266946091,2,0.0928710369015568
4679,0.228120516499283,219.934239051886,2,0.0961488601423544
4680,0.229746532759445,219.981211157682,2,0.0921922680738155
4681,0.236441893830703,220.028183263477,2,0.0784738835143928
4682,0.240554758488761,220.075155369273,2,0.0717872803939993
4683,0.243519846963176,220.122127475069,2,0.0676503060354674
4684,0.245528455284553,220.169099580864,2,0.0651371778761468
4685,0.246771879483501,220.21607168666,2,0.063689717041223
4686,0.248684839789574,220.263043792456,2,0.0616146265285413
4687,0.25011956001913,220.310015898251,2,0.0601725705370756
4688,0.249736967957915,220.356988004047,2,0.0605478745460496
4689,0.251267336202774,220.403960109843,2,0.0590858052037525
4690,0.249450023912004,220.450932215638,2,0.0608337250627038
4691,0.246580583452893,220.497904321434,2,0.063907214546274
4692,0.238354854136777,220.544876427229,2,0.0752173771810365
4693,0.225729316116691,220.591848533025,2,0.102479096260658
4694,0.21013868962219,220.638820638821,2,0.163361520423616
4695,0.187565758010521,220.685792744616,2,0.348394207541367
4696,0.167479674796748,220.732764850412,1,0.622337258309614
4697,0.152175992348159,220.779736956208,1,0.817867601329837
4698,0.144428503108561,220.826709062003,1,0.886678582517584
4699,0.133142037302726,220.873681167799,1,0.949004021624745
4700,0.126733620277379,220.920653273594,1,0.969110124619472
4701,0.122716403634625,220.96762537939,1,0.977785746067958
4702,0.11611669057867,221.014597485186,1,0.987377665607289
4703,0.111238641798183,221.061569590981,1,0.99183406804461
4704,0.111812529890005,221.108541696777,1,0.991398324533415
4705,0.118316594930655,221.155513802573,1,0.984712573850837
4706,0.119368723098996,221.202485908368,1,0.98326415292581
4707,0.119655667144907,221.249458014164,1,0.982847976607
4708,0.119081779053085,221.29643011996,1,0.98367110658884
4709,0.116594930655189,221.343402225755,1,0.986837491344497
4710,0.115255858440937,221.390374331551,1,0.988298950486797
4711,0.114395026303204,221.437346437346,1,0.989157984018587
4712,0.114395026303204,221.484318543142,1,0.989157984018587
4713,0.116307986609278,221.531290648938,1,0.987164086962983
4714,0.122046867527499,221.578262754733,1,0.978996323254026
4715,0.125777140124342,221.625234860529,1,0.971412653965669
4716,0.124342419894787,221.672206966325,1,0.974579771741722
4717,0.117168818747011,221.71917907212,1,0.986161315384276
4718,0.109899569583931,221.766151177916,1,0.992772415939538
4719,0.102439024390244,221.813123283712,1,0.99640822724659
4720,0.0998565279770445,221.860095389507,1,0.997201213452672
4721,0.0959349593495935,221.907067495303,1,0.998097359253334
4722,0.0946915351506456,221.954039601098,1,0.998319502144444
4723,0.0963175514108082,222.001011706894,1,0.998023610364448
4724,0.103969392635103,222.04798381269,1,0.995843412312762
4725,0.1168818747011,222.094955918485,1,0.986503286085563
4726,0.133620277379244,222.141928024281,1,0.947128533823951
4727,0.147297943567671,222.188900130077,1,0.863874167684042
4728,0.154854136776662,222.235872235872,1,0.788763015994236
4729,0.163653754184601,222.282844341668,1,0.676635747957601
4730,0.170062171209947,222.329816447464,1,0.584838687776291
4731,0.176087996174079,222.376788553259,2,0.497663219429056
4732,0.178861788617886,222.423760659055,2,0.458879038599425
4733,0.179626972740316,222.47073276485,2,0.448426391674351
4734,0.18364418938307,222.517704870646,2,0.395725630289571
4735,0.191965566714491,222.564676976442,2,0.300726801227912
4736,0.199617407938785,222.611649082237,2,0.23186044962128
4737,0.197895743663319,222.658621188033,2,0.245841035702156
4738,0.200478240076518,222.705593293829,2,0.225185379479908
4739,0.203252032520325,222.752565399624,2,0.205052652187113
4740,0.207843137254902,222.79953750542,2,0.176035721293906
4741,0.215016738402678,222.846509611216,2,0.140000603012789
4742,0.224007651841224,222.893481717011,2,0.107444456849022
4743,0.232615973218556,222.940453822807,2,0.0858362200657102
4744,0.236920133907221,222.987425928602,2,0.0776347179178633
4745,0.239406982305117,223.034398034398,2,0.0735364877355659
4746,0.235485413677666,223.081370140194,2,0.080204231640831
4747,0.232042085126734,223.128342245989,2,0.0870468038378063
4748,0.229459588713534,223.175314351785,2,0.0928710369015568
4749,0.224007651841224,223.222286457581,2,0.107444456849022
4750,0.215303682448589,223.269258563376,2,0.138764944796867
4751,0.211477761836442,223.316230669172,2,0.156485175223385
4752,0.211382113821138,223.363202774968,2,0.156964209021193
4753,0.214347202295552,223.410174880763,2,0.142940628736353
4754,0.217312290769967,223.457146986559,2,0.13050967869656
4755,0.22104256336681,223.504119092354,2,0.116875673557762
4756,0.223433763749402,223.55109119815,2,0.109180309736143
4757,0.223338115734099,223.598063303946,2,0.109473670098089
4758,0.22104256336681,223.645035409741,2,0.116875673557762
4759,0.2181731229077,223.692007515537,2,0.127174726541508
4760,0.216834050693448,223.738979621333,2,0.13241404132398
4761,0.214442850310856,223.785951727128,2,0.142515702541912
4762,0.215399330463893,223.832923832924,2,0.138356263656176
4763,0.219129603060737,223.879895938719,2,0.123605253685371
4764,0.221999043519847,223.926868044515,2,0.113705571743841
4765,0.224294595887135,223.973840150311,2,0.106591959244034
4766,0.223912003825921,224.020812256106,2,0.107730893838997
4767,0.226398852223816,224.067784361902,2,0.100642405971953
4768,0.228981348637016,224.114756467698,2,0.0940206292814893
4769,0.234241989478718,224.161728573493,2,0.0825611479396769
4770,0.240650406504065,224.208700679289,2,0.0716453751530408
4771,0.245145863223338,224.255672785085,2,0.0655988738939721
4772,0.247919655667145,224.30264489088,2,0.0624232193833841
4773,0.250693448110952,224.349616996676,2,0.0596219285345068
4774,0.250406504065041,224.396589102471,2,0.059895416706603
4775,0.251554280248685,224.443561208267,2,0.0588230993766911
4776,0.25480631276901,224.490533314063,2,0.0560841581584375
4777,0.258058345289335,224.537505419858,2,0.0537526035449061
4778,0.258919177427068,224.584477525654,2,0.0531985873650869
4779,0.261119081779053,224.63144963145,2,0.0518957218652538
4780,0.263223338115734,224.678421737245,2,0.050794473400354
4781,0.259684361549498,224.725393843041,2,0.0527272804083443
4782,0.257006217120995,224.772365948837,2,0.0544648484944114
4783,0.260449545671927,224.819338054632,2,0.0522754375582797
4784,0.267049258727881,224.866310160428,2,0.0491314606246761
4785,0.270109995217599,224.913282266223,2,0.0480958809164252
4786,0.274605451936872,224.960254372019,2,0.0470179121727701
4787,0.278527020564323,225.007226477815,2,0.0464862167670269
4788,0.278909612625538,225.05419858361,2,0.0464541627573125
4789,0.280918220946915,225.101170689406,2,0.0463429809092972
4790,0.281013868962219,225.148142795202,2,0.0463400724314112
4791,0.275274988043998,225.195114900997,2,0.0469006810989667
4792,0.268101386896222,225.242087006793,2,0.0487468924813191
4793,0.260066953610713,225.289059112589,2,0.0524989517998333
4794,0.245337159253945,225.336031218384,2,0.065367048636512
4795,0.233572453371593,225.38300332418,2,0.0838825402597013
4796,0.221903395504543,225.429975429975,2,0.114016952255253
4797,0.208895265423242,225.476947535771,2,0.170083740314472
4798,0.202008608321377,225.523919641567,2,0.213822774473428
4799,0.183548541367767,225.570891747362,2,0.396933636527896
4800,0.155619320899091,225.617863853158,1,0.779968226484215
4801,0.135246293639407,225.664835958954,1,0.940305366066263
4802,0.110186513629842,225.711808064749,1,0.992580203677733
4803,0.0857006217120995,225.758780170545,1,0.999332250643382
4804,0.0714490674318508,225.805752276341,1,0.999858646122513
4805,0.0659014825442372,225.852724382136,1,0.999925009878696
4806,0.0723098995695839,225.899696487932,1,0.999844265613687
4807,0.0858919177427068,225.946668593727,1,0.999318696336718
4808,0.0940219990435198,225.993640699523,1,0.998428727889779
4809,0.113534194165471,226.040612805319,1,0.989958534866102
4810,0.140124342419895,226.087584911114,1,0.915260383401582
4811,0.164992826398852,226.13455701691,1,0.657879142214929
4812,0.178287900526064,226.181529122706,2,0.466794026402578
4813,0.190722142515543,226.228501228501,2,0.313597097730087
4814,0.207173601147776,226.275473334297,2,0.179953412345675
4815,0.222190339550454,226.322445440093,2,0.113086507093211
4816,0.231850789096126,226.369417545888,2,0.0874568774265285
4817,0.235102821616451,226.416389651684,2,0.0809162659152434
4818,0.24026781444285,226.463361757479,2,0.0722165212708814
4819,0.241606886657102,226.510333863275,2,0.0702580834146104
4820,0.236346245815399,226.557305969071,2,0.0786437735181287
4821,0.229363940698231,226.604278074866,2,0.0930991148002766
4822,0.214155906264945,226.651250180662,2,0.14379545592971
4823,0.187470109995218,226.698222286458,2,0.349495674979959
4824,0.163271162123386,226.745194392253,1,0.68193352301177
4825,0.131898613103778,226.792166498049,1,0.953615121975652
4826,0.104351984696318,226.839138603845,1,0.9956897399556
4827,0.0661884265901483,226.88611070964,1,0.999922478943466
4828,0.034050693448111,226.933082815436,1,0.999998568321044
4829,0.0170253467240555,226.980054921231,1,0.999999861899954
4830,0.0109995217599235,227.027027027027,1,0.999999941845638
4831,0.0158775705404113,227.073999132823,1,0.999999882699649
4832,0.0242945958871353,227.120971238618,1,0.999999617982548
4833,0.034624581539933,227.167943344414,1,0.999998455074487
4834,0.0384505021520803,227.21491545021,1,0.999997445156755
4835,0.0479196556671449,227.261887556005,1,0.999991421417275
4836,0.0586322333811573,227.308859661801,1,0.999968127438245
4837,0.064753706360593,227.355831767596,1,0.999934362825349
4838,0.0596843615494978,227.402803873392,1,0.999963862326051
4839,0.0472501195600191,227.449775979188,1,0.999992113130274
4840,0.0349115255858441,227.496748084983,1,0.999998395241091
4841,0.0293639406982305,227.543720190779,1,0.999999236207703
4842,0.034337637494022,227.590692296575,1,0.999998512742525
4843,0.0410329985652798,227.63766440237,1,0.999996428098458
4844,0.0459110473457676,227.684636508166,1,0.999993338526074
4845,0.0491630798660928,227.731608613962,1,0.999989978216525
4846,0.0505021520803443,227.778580719757,1,0.999988162305031
4847,0.0501195600191296,227.825552825553,1,0.999988711240746
4848,0.0499282639885222,227.872524931348,1,0.99998897641171
4849,0.0613103778096604,227.919497037144,1,0.999956172387119
4850,0.0688665710186514,227.96646914294,1,0.999894551354559
4851,0.074988043998087,228.013441248735,1,0.999790016720645
4852,0.0818747010999522,228.060413354531,1,0.99955510062566
4853,0.0940219990435198,228.107385460327,1,0.998428727889779
4854,0.113629842180775,228.154357566122,1,0.9898723598966
4855,0.138593974175036,228.201329671918,1,0.923905585372942
4856,0.159349593495935,228.248301777714,1,0.734280122267329
4857,0.172070779531325,228.295273883509,1,0.555562442703167
4858,0.177235772357724,228.342245989305,2,0.481459741256369
4859,0.186896221903395,228.3892180951,2,0.356161500271724
4860,0.196078431372549,228.436190200896,2,0.261534826549136
4861,0.201434720229555,228.483162306692,2,0.218009151417514
4862,0.204017216642755,228.530134412487,2,0.199855534652143
4863,0.211095169775227,228.577106518283,2,0.15841238748262
4864,0.218077474892396,228.624078624079,2,0.127539471581515
4865,0.226303204208513,228.671050729874,2,0.100901656682906
4866,0.237302725968436,228.71802283567,2,0.0769755713236992
4867,0.248493543758967,228.764994941466,2,0.0618141491946877
4868,0.252702056432329,228.811967047261,2,0.0578071811956315
4869,0.25375418460067,228.858939153057,2,0.0569236452277129
4870,0.255667144906743,228.905911258852,2,0.0554290424675443
4871,0.25662362505978,228.952883364648,2,0.0547336424996038
4872,0.256336681013869,228.999855470444,2,0.0549387262439138
4873,0.255380200860832,229.046827576239,2,0.0556442949033767
4874,0.257101865136298,229.093799682035,2,0.0543984741247096
4875,0.260545193687231,229.140771787831,2,0.0522203053346408
4876,0.263223338115734,229.187743893626,2,0.050794473400354
4877,0.263510282161645,229.234715999422,2,0.0506548545479654
4878,0.265518890483022,229.281688105218,2,0.0497459302973234
4879,0.271927307508369,229.328660211013,2,0.0475982460812965
4880,0.278622668579627,229.375632316809,2,0.0464778758780935
4881,0.283500717360115,229.422604422604,2,0.0463403862322665
4882,0.281396461023434,229.4695765284,2,0.0463306030917311
4883,0.279579148732664,229.516548634196,2,0.0464064581857157
4884,0.277474892395983,229.563520739991,2,0.0465924102207236
4885,0.275274988043998,229.610492845787,2,0.0469006810989667
4886,0.277092300334768,229.657464951583,2,0.0466376123084876
4887,0.28493543758967,229.704437057378,2,0.0464071349881282
4888,0.294117647058824,229.751409163174,2,0.048014705596868
4889,0.293639406982305,229.79838126897,2,0.047878895043037
4890,0.29583931133429,229.845353374765,2,0.0485534472485628
4891,0.29507412721186,229.892325480561,2,0.04830429970011
4892,0.290865614538498,229.939297586356,2,0.0472067901062585
4893,0.286561453849833,229.986269692152,2,0.0465419441769195
4894,0.283883309421329,230.033241797948,2,0.0463534161590768
4895,0.278909612625538,230.080213903743,2,0.0464541627573125
4896,0.274509803921569,230.127186009539,2,0.0470355598530889
4897,0.272788139646102,230.174158115335,2,0.0473920730392417
4898,0.267336202773792,230.22113022113,2,0.0490235553448851
4899,0.260545193687231,230.268102326926,2,0.0522203053346408
4900,0.255284552845528,230.315074432722,2,0.0557167354548578
4901,0.251554280248685,230.362046538517,2,0.0588230993766911
4902,0.248397895743663,230.409018644313,2,0.061914563180998
4903,0.246867527498804,230.455990750108,2,0.0635816643423215
4904,0.245624103299857,230.502962855904,2,0.0650229711114196
4905,0.255380200860832,230.5499349617,2,0.0556442949033767
4906,0.258919177427068,230.596907067495,2,0.0531985873650869
4907,0.265040650406504,230.643879173291,2,0.0499516357631344
4908,0.270588235294118,230.690851279087,2,0.0479566244492852
4909,0.27403156384505,230.737823384882,2,0.0471271899872415
4910,0.274988043998087,230.784795490678,2,0.0469495746877539
4911,0.280344332855093,230.831767596473,2,0.0463649804735159
4912,0.284648493543759,230.878739702269,2,0.0463898798392104
4913,0.29220468675275,230.925711808065,2,0.0475068640264398
4914,0.292395982783357,230.97268391386,2,0.0475534266703705
4915,0.29220468675275,231.019656019656,2,0.0475068640264398
4916,0.294308943089431,231.066628125452,2,0.0480707001712548
4917,0.295265423242468,231.113600231247,2,0.0483651207331323
4918,0.296700143472023,231.160572337043,2,0.0488525934542852
4919,0.300143472022956,231.207544442839,2,0.0502556639598728
4920,0.302725968436155,231.254516548634,2,0.0515360496692913
4921,0.307030129124821,231.30148865443,2,0.0541434892336338
4922,0.301099952175992,231.348460760225,2,0.0507062973948726
4923,0.295361071257771,231.395432866021,2,0.0483958966612586
4924,0.290674318507891,231.442404971817,2,0.0471675896492243
4925,0.283405069344811,231.489377077612,2,0.0463376700913923
4926,0.270492587278814,231.536349183408,2,0.0479839978376854
4927,0.251267336202774,231.583321289204,2,0.0590858052037525
4928,0.235102821616451,231.630293394999,2,0.0809162659152434
4929,0.210329985652798,231.677265500795,2,0.162356512847782
4930,0.181731229076997,231.724237606591,2,0.42033572373025
4931,0.151793400286944,231.771209712386,1,0.821806414422861
4932,0.132089909134385,231.818181818182,1,0.952930044786897
4933,0.120899091343855,231.865153923977,1,0.98093351050995
4934,0.110569105691057,231.912126029773,1,0.992316529930665
4935,0.0978479196556672,231.959098135569,1,0.997700764966891
4936,0.0852223816355811,232.006070241364,1,0.99936502346644
4937,0.0858919177427068,232.05304234716,1,0.999318696336718
4938,0.0937350549976088,232.100014452956,1,0.998473453358654
4939,0.106551889048302,232.146986558751,1,0.994697832889885
4940,0.118220946915352,232.193958664547,1,0.984838399408673
4941,0.125585844093735,232.240930770343,1,0.971854357412778
4942,0.134098517455763,232.287902876138,1,0.945194394530551
4943,0.149689143950263,232.334874981934,1,0.842467999251318
4944,0.164705882352941,232.381847087729,1,0.661924622249848
4945,0.176566236250598,232.428819193525,2,0.490887809419356
4946,0.190148254423721,232.475791299321,2,0.319697735397229
4947,0.204878048780488,232.522763405116,2,0.194186231693124
4948,0.218268770923003,232.569735510912,2,0.126811415047272
4949,0.23481587757054,232.616707616708,2,0.0814579155173807
4950,0.244093735054998,232.663679722503,2,0.0669094789488352
4951,0.237111429937829,232.710651828299,2,0.0773038026187782
4952,0.222477283596365,232.757623934095,2,0.112167080979012
4953,0.207173601147776,232.80459603989,2,0.179953412345675
4954,0.165853658536585,232.851568145686,1,0.645666520649411
4955,0.12233381157341,232.898540251481,1,0.978484998660413
4956,0.0818747010999522,232.945512357277,1,0.99955510062566
4957,0.0502152080344333,232.992484463073,1,0.99998857635668
4958,0.0274509803921569,233.039456568868,1,0.999999410976433
4959,0.0111908177905308,233.086428674664,1,0.999999940208954
4960,0.00946915351506456,233.13340078046,1,0.999999953457974
4961,0.00698230511716882,233.180372886255,1,0.999999967678844
4962,0.00497369679579149,233.227344992051,1,0.999999975982219
4963,0.00535628885700622,233.274317097847,1,0.999999974580452
4964,0.0139646102343376,233.321289203642,1,0.999999910780151
4965,0.0313725490196078,233.368261309438,1,0.999998998744844
4966,0.0604495456719273,233.415233415233,1,0.999960420867121
4967,0.1012912482066,233.462205521029,1,0.996783677807241
4968,0.13610712577714,233.509177626825,1,0.936401142467577
4969,0.160306073648972,233.55614973262,1,0.721877251749551
4970,0.178479196556671,233.603121838416,2,0.46414877037116
4971,0.199426111908178,233.650093944212,2,0.233372049422563
4972,0.214155906264945,233.697066050007,2,0.14379545592971
4973,0.223912003825921,233.744038155803,2,0.107730893838997
4974,0.236920133907221,233.791010261599,2,0.0776347179178633
4975,0.252510760401722,233.837982367394,2,0.0579726763177841
4976,0.264084170253467,233.88495447319,2,0.0503830292656508
4977,0.278718316594931,233.931926578985,2,0.0464697533186081
4978,0.28024868483979,233.978898684781,2,0.0463694056398479
4979,0.280344332855093,234.025870790577,2,0.0463649804735159
4980,0.280057388809182,234.072842896372,2,0.0463789066822385
4981,0.280153036824486,234.119815002168,2,0.0463740476887934
4982,0.279866092778575,234.166787107964,2,0.0463892757646497
4983,0.278335724533716,234.213759213759,2,0.046503553981442
4984,0.278718316594931,234.260731319555,2,0.0464697533186081
4985,0.277187948350072,234.30770342535,2,0.0466259814770863
4986,0.2831181252989,234.354675531146,2,0.0463308202960253
4987,0.287039693926351,234.401647636942,2,0.0465936234092468
4988,0.287422285987566,234.448619742737,2,0.0466389237623556
4989,0.285126733620277,234.495591848533,2,0.0464197252213608
4990,0.282352941176471,234.542563954329,2,0.0463220729744149
4991,0.272788139646102,234.589536060124,2,0.0473920730392417
4992,0.260736489717838,234.63650816592,2,0.0521109310641558
4993,0.252128168340507,234.683480271716,2,0.0583082266032859
4994,0.234528933524629,234.730452377511,2,0.0820061839577747
4995,0.209947393591583,234.777424483307,2,0.164374217838035
4996,0.18259206121473,234.824396589102,2,0.409145726966054
4997,0.148445719751315,234.871368694898,1,0.853874480140085
4998,0.111621233859397,234.918340800694,1,0.991545910817657
4999,0.081013868962219,234.965312906489,1,0.999594389510403
5000,0.0642754662840746,235.012285012285,1,0.999937919748027
5001,0.0517455762792922,235.059257118081,1,0.99998619456222
5002,0.0426590148254424,235.106229223876,1,0.999995597112581
5003,0.0299378287900526,235.153201329672,1,0.999999174604251
5004,0.0211382113821138,235.200173435468,1,0.999999753555828
5005,0.0196078431372549,235.247145541263,1,0.999999801121808
5006,0.0258249641319943,235.294117647059,1,0.99999952842819
5007,0.0366331898613104,235.341089752854,1,0.999997986176187
5008,0.046389287422286,235.38806185865,1,0.999992923654813
5009,0.0432329029172645,235.435033964446,1,0.999995261385503
5010,0.0412242945958871,235.482006070241,1,0.999996338844226
5011,0.0371114299378288,235.528978176037,1,0.999997855671315
5012,0.0288857006217121,235.575950281833,1,0.999999284113211
5013,0.0208512673362028,235.622922387628,1,0.999999763245701
5014,0.0165471066475371,235.669894493424,1,0.999999870969718
5015,0.0146341463414634,235.71686659922,1,0.999999901790962
5016,0.0130081300813008,235.763838705015,1,0.999999922245832
5017,0.0104256336681014,235.810810810811,1,0.99999994649804
5018,0.0118603538976566,235.857782916606,1,0.999999934119378
5019,0.0157819225251076,235.904755022402,1,0.999999884288209
5020,0.0164514586322334,235.951727128198,1,0.99999987271277
5021,0.020468675274988,235.998699233993,1,0.999999775590862
5022,0.0288857006217121,236.045671339789,1,0.999999284113211
5023,0.0331898613103778,236.092643445585,1,0.999998723239971
5024,0.0290769966523195,236.13961555138,1,0.999999265311746
5025,0.0251554280248685,236.186587657176,1,0.9999995698707
5026,0.0277379244380679,236.233559762972,1,0.999999387489872
5027,0.0365375418460067,236.280531868767,1,0.999998011337351
5028,0.0508847441415591,236.327503974563,1,0.999987587648879
5029,0.0659971305595409,236.374476080358,1,0.999924175178793
5030,0.0840746054519369,236.421448186154,1,0.999437549589417
5031,0.108177905308465,236.46842029195,1,0.993831820628992
5032,0.127977044476327,236.515392397745,1,0.965871334996286
5033,0.135246293639407,236.562364503541,1,0.940305366066263
5034,0.15246293639407,236.609336609337,1,0.814877066803362
5035,0.168723098995696,236.656308715132,1,0.60432840546368
5036,0.173696795791487,236.703280820928,1,0.531960498006747
5037,0.175418460066954,236.750252926724,1,0.507201066498281
5038,0.180966044954567,236.797225032519,2,0.430433583536715
5039,0.178479196556671,236.844197138315,2,0.46414877037116
5040,0.167097082735533,236.89116924411,1,0.627852606430607
5041,0.150741272118604,236.938141349906,1,0.832349998916868
5042,0.13142037302726,236.985113455702,1,0.955290200766906
5043,0.112864658058345,237.032085561497,1,0.990543051209557
5044,0.0944045911047346,237.079057667293,1,0.998367164014722
5045,0.0782400765184122,237.126029773089,1,0.999699705154096
5046,0.066857962697274,237.173001878884,1,0.999916250620549
5047,0.0609277857484457,237.21997398468,1,0.999958112116832
5048,0.0622668579626973,237.266946090476,1,0.999950937763438
5049,0.0507890961262554,237.313918196271,1,0.999987733786613
5050,0.0540411286465806,237.360890302067,1,0.999981702251525
5051,0.0671449067431851,237.407862407862,1,0.999913436795843
5052,0.0938307030129125,237.454834513658,1,0.998458680388516
5053,0.115925394548063,237.501806619454,1,0.98758797519032
5054,0.124916307986609,237.548778725249,1,0.973352718412942
5055,0.130176948828312,237.595750831045,1,0.95940188155882
5056,0.128168340506934,237.642722936841,1,0.96534727431398
5057,0.127881396461023,237.689695042636,1,0.966130730548808
5058,0.12960306073649,237.736667148432,1,0.961185542609481
5059,0.126733620277379,237.783639254228,1,0.969110124619472
5060,0.117647058823529,237.830611360023,1,0.985573676545409
5061,0.114203730272597,237.877583465819,1,0.989340809311894
5062,0.118986131037781,237.924555571614,1,0.983804739186927
5063,0.127977044476327,237.97152767741,1,0.965871334996286
5064,0.133715925394548,238.018499783206,1,0.946746439751072
5065,0.148158775705404,238.065471889001,1,0.856421955418344
5066,0.153419416547107,238.112443994797,1,0.804685000867133
5067,0.161262553802009,238.159416100593,1,0.709225751813245
5068,0.165949306551889,238.206388206388,1,0.644303019431111
5069,0.168244858919177,238.253360312184,1,0.611268119947711
5070,0.169583931133429,238.300332417979,1,0.591806616011722
5071,0.170157819225251,238.347304523775,1,0.58344449518086
5072,0.170923003347681,238.394276629571,1,0.572287775771776
5073,0.173409851745576,238.441248735366,1,0.536113449853167
5074,0.176566236250598,238.488220841162,2,0.490887809419356
5075,0.180392156862745,238.535192946958,2,0.438096230909822
5076,0.182783357245337,238.582165052753,2,0.406684353842329
5077,0.182113821138211,238.629137158549,2,0.415339668320258
5078,0.183357245337159,238.676109264345,2,0.399356931921941
5079,0.187470109995218,238.72308137014,2,0.349495674979959
5080,0.193591582974653,238.770053475936,2,0.284614708966392
5081,0.190052606408417,238.817025581731,2,0.320724341853768
5082,0.189478718316595,238.863997687527,2,0.326942838888504
5083,0.186417981826877,238.910969793323,2,0.361790469081922
5084,0.179722620755619,238.957941899118,2,0.447128262002721
5085,0.169010043041607,239.004914004914,1,0.600158213393173
5086,0.154949784791966,239.05188611071,1,0.787675029867069
5087,0.141367766618843,239.098858216505,1,0.907667152177089
5088,0.13323768531803,239.145830322301,1,0.948633553713219
5089,0.117264466762315,239.192802428097,1,0.986045572206529
5090,0.115255858440937,239.239774533892,1,0.988298950486797
5091,0.116499282639885,239.286746639688,1,0.986947194444345
5092,0.121090387374462,239.333718745483,1,0.980622337329695
5093,0.122429459588714,239.380690851279,1,0.978312074419681
5094,0.120803443328551,239.427662957075,1,0.981087390687073
5095,0.121855571496891,239.47463506287,1,0.979331075590253
5096,0.125298900047824,239.521607168666,1,0.972505492145829
5097,0.129698708751793,239.568579274462,1,0.960893117586982
5098,0.13142037302726,239.615551380257,1,0.955290200766906
5099,0.140219990435198,239.662523486053,1,0.914694709371317
5100,0.155045432807269,239.709495591849,1,0.786583777976642
5101,0.174366331898613,239.756467697644,1,0.522296777047205
5102,0.193974175035868,239.80343980344,2,0.280941568610528
5103,0.210329985652798,239.850411909235,2,0.162356512847782
5104,0.220946915351506,239.897384015031,2,0.117199652042523
5105,0.232807269249163,239.944356120827,2,0.0854391539708544
5106,0.237589670014347,239.991328226622,2,0.0764882125219662
5107,0.244571975131516,240.038300332418,2,0.0663062166983786
5108,0.250502152080344,240.085272438214,2,0.0598038484819286
5109,0.251076040172166,240.132244544009,2,0.0592629174161604
5110,0.248206599713056,240.179216649805,2,0.062116703900588
5111,0.246580583452893,240.226188755601,2,0.063907214546274
5112,0.246963175514108,240.273160861396,2,0.0634740735257793
5113,0.25375418460067,240.320132967192,2,0.0569236452277129
5114,0.256432329029173,240.367105072987,2,0.0548700308438556
5115,0.26207556193209,240.414077178783,2,0.0513780671542188
5116,0.270109995217599,240.461049284579,2,0.0480958809164252
5117,0.274988043998087,240.508021390374,2,0.0469495746877539
5118,0.275274988043998,240.55499349617,2,0.0469006810989667
5119,0.270970827355332,240.601965601966,2,0.0478495093036873
5120,0.266284074605452,240.648937707761,2,0.0494304296329093
5121,0.258153993304639,240.695909813557,2,0.0536897836181953
5122,0.250215208034433,240.742881919353,2,0.060079776379889
5123,0.240459110473458,240.789854025148,2,0.0719297717043699
5124,0.234624581539933,240.836826130944,2,0.0818226876696039
5125,0.233955045432807,240.883798236739,2,0.0831228851361357
5126,0.233572453371593,240.930770342535,2,0.0838825402597013
5127,0.229842180774749,240.977742448331,2,0.091967821677801
5128,0.226398852223816,241.024714554126,2,0.100642405971953
5129,0.223529411764706,241.071686659922,2,0.10888811436378
5130,0.220946915351506,241.118658765718,2,0.117199652042523
5131,0.219320899091344,241.165630871513,2,0.122908101104757
5132,0.21999043519847,241.212602977309,2,0.12051098869733
5133,0.218077474892396,241.259575083105,2,0.127539471581515
5134,0.220086083213773,241.3065471889,2,0.12017392684638
5135,0.230798660927786,241.353519294696,2,0.0897722383933585
5136,0.24285031085605,241.400491400491,2,0.0685384338621293
5137,0.252510760401722,241.447463506287,2,0.0579726763177841
5138,0.258727881396461,241.494435612083,2,0.0533195047750021
5139,0.267623146819704,241.541407717878,2,0.0489179245466234
5140,0.271066475370636,241.588379823674,2,0.0478233233078371
5141,0.271066475370636,241.63535192947,2,0.0478233233078371
5142,0.27039693926351,241.682324035265,2,0.0480116098030444
5143,0.265231946437111,241.729296141061,2,0.0498685612182413
5144,0.256241032998565,241.776268246857,2,0.0550077571021427
5145,0.245911047345768,241.823240352652,2,0.0646832447304943
5146,0.236441893830703,241.870212458448,2,0.0784738835143928
5147,0.220086083213773,241.917184564243,2,0.12017392684638
5148,0.199139167862267,241.964156670039,2,0.235658886904402
5149,0.185844093735055,242.011128775835,2,0.3686331224156
5150,0.166331898613104,242.05810088163,1,0.638837039224657
5151,0.131133428981349,242.105072987426,1,0.956269864819927
5152,0.108369201339072,242.152045093222,1,0.993721689233979
5153,0.0806312769010043,242.199017199017,1,0.999610768638675
5154,0.0506934481109517,242.245989304813,1,0.999987878263141
5155,0.0249641319942611,242.292961410608,1,0.999999581046379
5156,0.0136776661884266,242.339933516404,1,0.999999914382515
5157,0.00736489717838355,242.3869056222,1,0.999999965806523
5158,0.0038259206121473,242.433877727995,1,0.999999979750051
5159,0.0048780487804878,242.480849833791,1,0.999999976320702
5160,0.0087039693926351,242.527821939587,1,0.999999958382816
5161,0.00946915351506456,242.574794045382,1,0.999999953457974
5162,0.0161645145863223,242.621766151178,1,0.999999877805505
5163,0.0336681013868962,242.668738256974,1,0.999998639301671
5164,0.0586322333811573,242.715710362769,1,0.999968127438245
5165,0.08493543758967,242.762682468565,1,0.999383946597282
5166,0.114873266379723,242.80965457436,1,0.988688200070202
5167,0.148541367766619,242.856626680156,1,0.853018262462447
5168,0.174175035868006,242.903598785952,1,0.525053758542214
5169,0.193208990913439,242.950570891747,2,0.288332688768346
5170,0.207077953132473,242.997542997543,2,0.180521500138315
5171,0.219320899091344,243.044515103339,2,0.122908101104757
5172,0.227068388330942,243.091487209134,2,0.0988563748192232
5173,0.23481587757054,243.13845931493,2,0.0814579155173807
5174,0.242467718794835,243.185431420726,2,0.0690576967325749
5175,0.246389287422286,243.232403526521,2,0.0641265790375521
5176,0.249067431850789,243.279375632317,2,0.0612207612017281
5177,0.24571975131516,243.326347738112,2,0.0649092478018456
5178,0.240746054519369,243.373319843908,2,0.0715040538092306
5179,0.234528933524629,243.420291949704,2,0.0820061839577747
5180,0.229268292682927,243.467264055499,2,0.0933281094163491
5181,0.226207556193209,243.514236161295,2,0.10116194520311
5182,0.219416547106648,243.561208267091,2,0.122561583986732
5183,0.198660927785748,243.608180372886,2,0.239522440529059
5184,0.175035868005739,243.655152478682,1,0.512676263498938
5185,0.140315638450502,243.702124584478,1,0.914125997783787
5186,0.105882352941176,243.749096690273,1,0.995020274380479
5187,0.0722142515542803,243.796068796069,1,0.999845930082614
5188,0.0533715925394548,243.843040901864,1,0.999983140700579
5189,0.0518412242945959,243.89001300766,1,0.99998603077049
5190,0.0616929698708752,243.936985113456,1,0.999954146428535
5191,0.0831181252989,243.983957219251,1,0.999491895309496
5192,0.114012434241989,244.030929325047,1,0.989520787386291
5193,0.137254901960784,244.077901430843,1,0.930864568478649
5194,0.167862266857963,244.124873536638,1,0.616808572660654
5195,0.196556671449067,244.171845642434,2,0.257310095099331
5196,0.21090387374462,244.21881774823,2,0.159387132179976
5197,0.22544237207078,244.265789854025,2,0.103282100347291
5198,0.240172166427547,244.312761959821,2,0.0723607839201339
5199,0.248589191774271,244.359734065616,2,0.0617141708041978
5200,0.251362984218077,244.406706171412,2,0.0589978428821059
5201,0.254328072692492,244.453678277208,2,0.0564603780661511
5202,0.252032520325203,244.500650383003,2,0.0583930712961004
5203,0.249067431850789,244.547622488799,2,0.0612207612017281
5204,0.247250119560019,244.594594594595,2,0.0631540563524607
5205,0.246102343376375,244.64156670039,2,0.064459155105932
5206,0.245911047345768,244.688538806186,2,0.0646832447304943
5207,0.246102343376375,244.735510911982,2,0.064459155105932
5208,0.246006695361071,244.782483017777,2,0.0645709615796917
5209,0.248206599713056,244.829455123573,2,0.062116703900588
5210,0.251649928263989,244.876427229368,2,0.0587363156394338
5211,0.249736967957915,244.923399335164,2,0.0605478745460496
5212,0.244858919177427,244.97037144096,2,0.0659503069912651
5213,0.24103299856528,245.017343546755,2,0.0710835715826593
5214,0.239502630320421,245.064315652551,2,0.0733874034962532
5215,0.239885222381636,245.111287758347,2,0.0727971498962122
5216,0.242467718794835,245.158259864142,2,0.0690576967325749
5217,0.248110951697752,245.205231969938,2,0.0622184336314831
5218,0.239885222381636,245.252204075734,2,0.0727971498962122
5219,0.231085604973697,245.299176181529,2,0.0891305831732104
5220,0.226590148254424,245.346148287325,2,0.100127001959879
5221,0.225251076040172,245.39312039312,2,0.103822802267683
5222,0.223242467718795,245.440092498916,2,0.10976819992277
5223,0.221616451458632,245.487064604712,2,0.114958543000641
5224,0.220659971305595,245.534036710507,2,0.118179324449336
5225,0.224007651841224,245.581008816303,2,0.107444456849022
5226,0.227833572453372,245.627980922099,2,0.0968754917264996
5227,0.232807269249163,245.674953027894,2,0.0854391539708544
5228,0.234337637494022,245.72192513369,2,0.0823754112220731
5229,0.234146341463415,245.768897239486,2,0.0827476372286204
5230,0.234146341463415,245.815869345281,2,0.0827476372286204
5231,0.235868005738881,245.862841451077,2,0.0795036527372289
5232,0.238163558106169,245.909813556872,2,0.0755312047319941
5233,0.242563366810139,245.956785662668,2,0.0689270693389252
5234,0.245145863223338,246.003757768464,2,0.0655988738939721
5235,0.249163079866093,246.050729874259,2,0.0611233655322769
5236,0.252893352462936,246.097701980055,2,0.0576431932265834
5237,0.255284552845528,246.144674085851,2,0.0557167354548578
5238,0.254136776661884,246.191646191646,2,0.0566133594696695
5239,0.251267336202774,246.238618297442,2,0.0590858052037525
5240,0.248397895743663,246.285590403237,2,0.061914563180998
5241,0.251076040172166,246.332562509033,2,0.0592629174161604
5242,0.255093256814921,246.379534614829,2,0.0558626573959062
5243,0.261979913916786,246.426506720624,2,0.051428537430701
5244,0.266092778574845,246.47347882642,2,0.049507744386976
5245,0.268866571018651,246.520450932216,2,0.0484861630677276
5246,0.272309899569584,246.567423038011,2,0.0475042936334792
5247,0.274605451936872,246.614395143807,2,0.0470179121727701
5248,0.273744619799139,246.661367249603,2,0.0471848903661262
5249,0.267910090865615,246.708339355398,2,0.0488145552443266
5250,0.26389287422286,246.755311461194,2,0.0504725454541739
5251,0.261501673840268,246.802283566989,2,0.051685191742587
5252,0.260640841702535,246.849255672785,2,0.0521654700928007
5253,0.260927785748446,246.896227778581,2,0.0520027385943246
5254,0.261788617886179,246.943199884376,2,0.0515303364342467
5255,0.264849354375897,246.990171990172,2,0.0500357721150337
5256,0.266666666666667,247.037144095968,2,0.0492788954045239
5257,0.264658058345289,247.084116201763,2,0.0501209749109365
5258,0.266188426590148,247.131088307559,2,0.0494689576019129
5259,0.270205643232903,247.178060413355,2,0.0480675509635248
5260,0.271831659493066,247.22503251915,2,0.0476223168021981
5261,0.269249163079866,247.272004624946,2,0.0483617018355201
5262,0.267431850789096,247.318976730741,2,0.0489880930058746
5263,0.264466762314682,247.365948836537,2,0.0502072488498922
5264,0.261501673840268,247.412920942333,2,0.051685191742587
5265,0.263032042085127,247.459893048128,2,0.0508889370576914
5266,0.260545193687231,247.506865153924,2,0.0522203053346408
5267,0.259971305595409,247.55383725972,2,0.052555580618674
5268,0.259301769488283,247.600809365515,2,0.0529604747481953
5269,0.261023433763749,247.647781471311,2,0.0519490836381723
5270,0.262840746054519,247.694753577107,2,0.0509845143590302
5271,0.263797226207556,247.741725682902,2,0.0505177121992258
5272,0.264084170253467,247.788697788698,2,0.0503830292656508
5273,0.270014347202296,247.835669894493,2,0.0481244509618576
5274,0.263223338115734,247.882642000289,2,0.050794473400354
5275,0.253945480631277,247.929614106085,2,0.0567677788845398
5276,0.245911047345768,247.97658621188,2,0.0646832447304943
5277,0.239311334289813,248.023558317676,2,0.0736861848771921
5278,0.23299856527977,248.070530423472,2,0.0850452773831557
5279,0.225155428024868,248.117502529267,2,0.104094775455889
5280,0.220659971305595,248.164474635063,2,0.118179324449336
5281,0.207747489239598,248.211446740859,2,0.176589122263417
5282,0.204878048780488,248.258418846654,2,0.194186231693124
5283,0.196078431372549,248.30539095245,2,0.261534826549136
5284,0.180870396939264,248.352363058245,2,0.431705479669675
5285,0.162505978000956,248.399335164041,1,0.692438191402767
5286,0.13974175035868,248.446307269837,1,0.917492885741554
5287,0.11142993782879,248.493279375632,1,0.991691147403845
5288,0.0913438546150167,248.540251481428,1,0.99880205810466
5289,0.0881874701099952,248.587223587224,1,0.999134245219468
5290,0.0684839789574366,248.634195693019,1,0.999899062041542
5291,0.0474414155906265,248.681167798815,1,0.999991921197738
5292,0.0379722620755619,248.728139904611,1,0.999997599823376
5293,0.0373983739837398,248.775112010406,1,0.999997773473993
5294,0.038259206121473,248.822084116202,1,0.999997508148174
5295,0.0362505978000956,248.869056221997,1,0.999998085006537
5296,0.0330942132950741,248.916028327793,1,0.999998739414274
5297,0.042467718794835,248.963000433589,1,0.999995703818325
5298,0.0595887135341942,249.009972539384,1,0.999964271699425
5299,0.0857962697274032,249.05694464518,1,0.999325505864127
5300,0.106551889048302,249.103916750976,1,0.994697832889885
5301,0.116021042563367,249.150888856771,1,0.98748322624967
5302,0.1168818747011,249.197860962567,1,0.986503286085563
5303,0.118125298900048,249.244833068363,1,0.984963277654388
5304,0.120994739359158,249.291805174158,1,0.980778495119165
5305,0.110760401721664,249.338777279954,1,0.992181455192325
5306,0.107890961262554,249.385749385749,1,0.993993647091786
5307,0.111142993782879,249.432721491545,1,0.991904670320827
5308,0.123481587757054,249.479693597341,1,0.976325422798854
5309,0.139263510282162,249.526665703136,1,0.920216268754942
5310,0.15351506456241,249.573637808932,1,0.803647021767374
5311,0.167192730750837,249.620609914728,1,0.626475105476206
5312,0.176566236250598,249.667582020523,2,0.490887809419356
5313,0.175705404112865,249.714554126319,1,0.503106312291803
5314,0.176087996174079,249.761526232115,2,0.497663219429056
5315,0.164897178383549,249.80849833791,1,0.659229124298401
5316,0.141654710664754,249.855470443706,1,0.905840142280431
5317,0.102725968436155,249.902442549501,1,0.996308136634549
5318,0.0744141559062649,249.949414655297,1,0.999802979562407
5319,0.0332855093256815,249.996386761093,1,0.999998706864469
5320,0.014155906264945,250.043358866888,1,0.999999908297002
5321,0.00573888091822095,250.090330972684,1,0.999999973098979
5322,0.00526064084170253,250.13730307848,1,0.999999974938199
5323,0.00439980870396939,250.184275184275,1,0.999999977944512
5324,0.00506934481109517,250.231247290071,1,0.999999975639018
5325,0.0048780487804878,250.278219395866,1,0.999999976320702
5326,0.0054519368723099,250.325191501662,1,0.999999974217724
5327,0.00879961740793878,250.372163607458,1,0.999999957796185
5328,0.0125298900047824,250.419135713253,1,0.999999927427004
5329,0.0207556193208991,250.466107819049,1,0.999999766392529
5330,0.0255380200860832,250.513079924845,1,0.999999546643681
5331,0.0233381157340985,250.56005203064,1,0.999999665311005
5332,0.0194165471066475,250.607024136436,1,0.999999806399055
5333,0.0198947871831659,250.653996242232,1,0.999999792942601
5334,0.0212338593974175,250.700968348027,1,0.999999750240973
5335,0.0334768053562889,250.747940453823,1,0.999998673500165
5336,0.0550932568149211,250.794912559618,1,0.999979199961406
5337,0.081013868962219,250.841884665414,1,0.999594389510403
5338,0.101578192252511,250.88885677121,1,0.996693434299361
5339,0.130846484935438,250.935828877005,1,0.957230827648654
5340,0.15609756097561,250.982800982801,1,0.774367288753964
5341,0.172549019607843,251.029773088597,1,0.548605482113042
5342,0.189574366331899,251.076745194392,2,0.325899425136983
5343,0.206695361071258,251.123717300188,2,0.182815146984833
5344,0.214060258249641,251.170689405984,2,0.144225368606781
5345,0.221712099473936,251.217661511779,2,0.11464343315903
5346,0.227737924438068,251.264633617575,2,0.0971196480850712
5347,0.234528933524629,251.31160572337,2,0.0820061839577747
5348,0.238928742228599,251.358577829166,2,0.0742911486382968
5349,0.242372070779531,251.405549934962,2,0.0691888685455607
5350,0.246580583452893,251.452522040757,2,0.063907214546274
5351,0.250789096126255,251.499494146553,2,0.0595315741426213
5352,0.253180296508847,251.546466252349,2,0.0574000163752196
5353,0.255954088952654,251.593438358144,2,0.0552168723139437
5354,0.255762792922047,251.64041046394,2,0.055357977966237
5355,0.252797704447633,251.687382569736,2,0.0577249994145299
5356,0.246676231468197,251.734354675531,2,0.0637982332356237
5357,0.242180774748924,251.781326781327,2,0.0694528534173063
5358,0.241128646580583,251.828298887122,2,0.0709445642973719
5359,0.239693926351028,251.875270992918,2,0.073091064571275
5360,0.238259206121473,251.922243098714,2,0.0753739703608785
5361,0.240937350549976,251.969215204509,2,0.0712231541722371
5362,0.232424677187948,252.016187310305,2,0.0862365004104595
5363,0.217790530846485,252.063159416101,2,0.128642361058756
5364,0.199521759923482,252.110131521896,2,0.232614956961803
5365,0.17819225251076,252.157103627692,2,0.468119192515208
5366,0.151315160210426,252.204075733488,1,0.826651500658365
5367,0.123481587757054,252.251047839283,1,0.976325422798854
5368,0.107986609277857,252.298019945079,1,0.993940149866041
5369,0.104543280726925,252.344992050874,1,0.995610923886166
5370,0.113821138211382,252.39196415667,1,0.989697957859984
5371,0.13428981348637,252.438936262466,1,0.944404024619983
5372,0.155523672883788,252.485908368261,1,0.781078868664994
5373,0.170923003347681,252.532880474057,1,0.572287775771776
5374,0.1818268770923,252.579852579853,2,0.419083348998369
5375,0.193304638928742,252.626824685648,2,0.287398984620084
5376,0.202965088474414,252.673796791444,2,0.207040508464877
5377,0.197417503586801,252.72076889724,2,0.249876597535561
5378,0.196556671449067,252.767741003035,2,0.257310095099331
5379,0.198278335724534,252.814713108831,2,0.242660565588301
5380,0.200382592061215,252.861685214626,2,0.225916849309118
5381,0.201052128168341,252.908657320422,2,0.220849582169755
5382,0.201243424198948,252.955629426218,2,0.219424385843207
5383,0.205738880918221,253.002601532013,2,0.188700530147344
5384,0.211764705882353,253.049573637809,2,0.155059065041667
5385,0.220181731229077,253.096545743605,2,0.119838195606757
5386,0.233572453371593,253.1435178494,2,0.0838825402597013
5387,0.245241511238642,253.190489955196,2,0.0654827160848926
5388,0.2519368723099,253.237462060992,2,0.0584783013006576
5389,0.25662362505978,253.284434166787,2,0.0547336424996038
5390,0.259110473457676,253.331406272583,2,0.0530789129413131
5391,0.257197513151602,253.378378378378,2,0.0543324275101449
5392,0.25117168818747,253.425350484174,2,0.0591741629509019
5393,0.251649928263989,253.47232258997,2,0.0587363156394338
5394,0.238833094213295,253.519294695765,2,0.0744439450092446
5395,0.225920612147298,253.566266801561,2,0.101949077921866
5396,0.209947393591583,253.613238907357,2,0.164374217838035
5397,0.19273075083692,253.660211013152,2,0.293043361032213
5398,0.159827833572453,253.707183118948,1,0.728110889103884
5399,0.111238641798183,253.754155224743,1,0.99183406804461
5400,0.0840746054519369,253.801127330539,1,0.999437549589417
5401,0.077092300334768,253.848099436335,1,0.99973515242725
5402,0.0857006217120995,253.89507154213,1,0.999332250643382
5403,0.101960784313725,253.942043647926,1,0.996569406560948
5404,0.122046867527499,253.989015753722,1,0.978996323254026
5405,0.147297943567671,254.035987859517,1,0.863874167684042
5406,0.173792443806791,254.082959965313,1,0.530577605895135
5407,0.190530846484935,254.129932071109,2,0.315619396687782
5408,0.197226207556193,254.176904176904,2,0.251509588863612
5409,0.205930176948828,254.2238762827,2,0.187505965548833
5410,0.205069344811095,254.270848388495,2,0.192951478294896
5411,0.206025824964132,254.317820494291,2,0.18691198412099
5412,0.209564801530368,254.364792600087,2,0.166422881598429
5413,0.21377331420373,254.411764705882,2,0.145525173272158
5414,0.215781922525108,254.458736811678,2,0.13673741188129
5415,0.215208034433286,254.505708917474,2,0.139175224593754
5416,0.213295074127212,254.552681023269,2,0.147725423264395
5417,0.200191296030607,254.599653129065,2,0.227387411268938
5418,0.179913916786227,254.646625234861,2,0.444537807412082
5419,0.151410808225729,254.693597340656,1,0.825689475005449
5420,0.119560019129603,254.740569446452,1,0.982987737887425
5421,0.0900047824007652,254.787541552247,1,0.998955548069545
5422,0.0791009086561454,254.834513658043,1,0.999670193192368
5423,0.0896221903395505,254.881485763839,1,0.998995853994016
5424,0.106456241032999,254.928457869634,1,0.994745060391301
5425,0.135915829746533,254.97542997543,1,0.937286796994172
5426,0.155714968914395,255.022402081226,1,0.778854388192994
5427,0.179913916786227,255.069374187021,2,0.444537807412082
5428,0.198278335724534,255.116346292817,2,0.242660565588301
5429,0.21090387374462,255.163318398613,2,0.159387132179976
5430,0.219607843137255,255.210290504408,2,0.12187264254499
5431,0.225729316116691,255.257262610204,2,0.102479096260658
5432,0.228216164514586,255.304234715999,2,0.0959085829065004
5433,0.228216164514586,255.351206821795,2,0.0959085829065004
5434,0.225633668101387,255.398178927591,2,0.102745696634026
5435,0.225251076040172,255.445151033386,2,0.103822802267683
5436,0.226590148254424,255.492123139182,2,0.100127001959879
5437,0.224772835963654,255.539095244978,2,0.105193580916834
5438,0.218364418938307,255.586067350773,2,0.126449531812248
5439,0.210712577714012,255.633039456569,2,0.160369368326293
5440,0.206408417025347,255.680011562365,2,0.184557918452698
5441,0.188809182209469,255.72698366816,2,0.334324836813726
5442,0.176087996174079,255.773955773956,2,0.497663219429056
5443,0.156193208990913,255.820927879751,1,0.77323763248611
5444,0.132663797226208,255.867899985547,1,0.950822158467159
5445,0.107604017216643,255.914872091343,1,0.994151509073408
5446,0.0830224772835964,255.961844197138,1,0.999497045979049
5447,0.0672405547584888,256.008816302934,1,0.999912478858851
5448,0.0620755619320899,256.05578840873,1,0.999952030580311
5449,0.0799617407938785,256.102760514525,1,0.999637925487745
5450,0.104065040650407,256.149732620321,1,0.995805482784544
5451,0.136585365853659,256.196704726117,1,0.934141039967144
5452,0.16518412242946,256.243676831912,1,0.655174828212159
5453,0.185844093735055,256.290648937708,2,0.3686331224156
5454,0.199808703969393,256.337621043503,2,0.230359170304944
5455,0.213582018173123,256.384593149299,2,0.146400157399704
5456,0.226398852223816,256.431565255095,2,0.100642405971953
5457,0.23299856527977,256.47853736089,2,0.0850452773831557
5458,0.247728359636538,256.525509466686,2,0.0626297836702916
5459,0.259588713534194,256.572481572482,2,0.052785120798741
5460,0.261979913916786,256.619453678277,2,0.051428537430701
5461,0.2649450023912,256.666425784073,2,0.049993570924846
5462,0.271066475370636,256.713397889869,2,0.0478233233078371
5463,0.274414155906265,256.760369995664,2,0.047053433326019
5464,0.274701099952176,256.80734210146,2,0.0470004900482716
5465,0.278144428503109,256.854314207255,2,0.0465217658875262
5466,0.280726924916308,256.901286313051,2,0.0463494474978696
5467,0.283883309421329,256.948258418847,2,0.0463534161590768
5468,0.285509325681492,256.995230524642,2,0.0464475170580467
5469,0.287230989956958,257.042202630438,2,0.0466158332406204
5470,0.287422285987566,257.089174736234,2,0.0466389237623556
5471,0.281874701099952,257.136146842029,2,0.0463236345539721
5472,0.276040172166428,257.183118947825,2,0.0467801383328022
5473,0.266379722620756,257.23009105362,2,0.0493921599515345
5474,0.258727881396461,257.277063159416,2,0.0533195047750021
5475,0.246867527498804,257.324035265212,2,0.0635816643423215
5476,0.232615973218556,257.371007371007,2,0.0858362200657102
5477,0.213964610234338,257.417979476803,2,0.14465695514229
5478,0.189000478240077,257.464951582599,2,0.33220177307423
5479,0.162123385939742,257.511923688394,1,0.69764234394439
5480,0.143089430894309,257.55889579419,1,0.896273252295752
5481,0.127977044476327,257.605867899986,1,0.965871334996286
5482,0.12051649928264,257.652840005781,1,0.981542291293035
5483,0.122429459588714,257.699812111577,1,0.978312074419681
5484,0.140219990435198,257.746784217372,1,0.914694709371317
5485,0.161262553802009,257.793756323168,1,0.709225751813245
5486,0.177809660449546,257.840728428964,2,0.473436373171016
5487,0.190626494500239,257.887700534759,2,0.314606840386101
5488,0.199234815877571,257.934672640555,2,0.234894009491678
5489,0.205930176948828,257.981644746351,2,0.187505965548833
5490,0.214825442372071,258.028616852146,2,0.140832444752304
5491,0.219703491152559,258.075588957942,2,0.12153020804589
5492,0.223720707795313,258.122561063738,2,0.108307200771195
5493,0.227833572453372,258.169533169533,2,0.0968754917264996
5494,0.22725968436155,258.216505275329,2,0.0983551944861657
5495,0.223912003825921,258.263477381124,2,0.107730893838997
5496,0.224103299856528,258.31044948692,2,0.107159158328638
5497,0.221999043519847,258.357421592716,2,0.113705571743841
5498,0.213295074127212,258.404393698511,2,0.147725423264395
5499,0.208417025346724,258.451365804307,2,0.172758626952137
5500,0.212912482065997,258.498337910103,2,0.149516567955901
5501,0.21922525107604,258.545310015898,2,0.123255989295992
5502,0.225155428024868,258.592282121694,2,0.104094775455889
5503,0.237780966044955,258.63925422749,2,0.0761666027895285
5504,0.2493543758967,258.686226333285,2,0.0609298488913104
5505,0.257197513151602,258.733198439081,2,0.0543324275101449
5506,0.264562410329986,258.780170544876,2,0.0501639776914081
5507,0.270875179340029,258.827142650672,2,0.0478759320567677
5508,0.27039693926351,258.874114756468,2,0.0480116098030444
5509,0.268197034911526,258.921086862263,2,0.0487134347420401
5510,0.266571018651363,258.968058968059,2,0.0493163933565083
5511,0.263988522238164,259.015031073855,2,0.0504276513499377
5512,0.259684361549498,259.06200317965,2,0.0527272804083443
5513,0.258058345289335,259.108975285446,2,0.0537526035449061
5514,0.252702056432329,259.155947391242,2,0.0578071811956315
5515,0.246676231468197,259.202919497037,2,0.0637982332356237
5516,0.243711142993783,259.249891602833,2,0.0674012914585003
5517,0.239406982305117,259.296863708628,2,0.0735364877355659
5518,0.232902917264467,259.343835814424,2,0.0852418185271247
5519,0.222381635581062,259.39080792022,2,0.112472339771757
5520,0.214634146341463,259.437780026015,2,0.141670795850495
5521,0.204112864658058,259.484752131811,2,0.199216406230665
5522,0.201052128168341,259.531724237607,2,0.220849582169755
5523,0.200956480153037,259.578696343402,2,0.221565929782712
5524,0.20726924916308,259.625668449198,2,0.179387441547057
5525,0.218077474892396,259.672640554994,2,0.127539471581515
5526,0.228598756575801,259.719612660789,2,0.0949570409724091
5527,0.234050693448111,259.766584766585,2,0.0829348819897761
5528,0.235198469631755,259.81355687238,2,0.080737173782024
5529,0.232902917264467,259.860528978176,2,0.0852418185271247
5530,0.236059301769488,259.907501083972,2,0.0791576045786584
5531,0.23921568627451,259.954473189767,2,0.0738364972220845
5532,0.24026781444285,260.001445295563,2,0.0722165212708814
5533,0.239024390243902,260.048417401359,2,0.0741389767762468
5534,0.237972262075562,260.095389507154,2,0.0758476067589147
5535,0.238641798182688,260.14236161295,2,0.074751420696325
5536,0.23921568627451,260.189333718746,2,0.0738364972220845
5537,0.229555236728838,260.236305824541,2,0.0926438721697112
5538,0.223912003825921,260.283277930337,2,0.107730893838997
5539,0.206312769010043,260.330250036132,2,0.185143168372983
5540,0.177331420373027,260.377222141928,2,0.480118682200073
5541,0.149306551889048,260.424194247724,1,0.846041317021871
5542,0.130846484935438,260.471166353519,1,0.957230827648654
5543,0.122620755619321,260.518138459315,1,0.977962455851285
5544,0.119560019129603,260.565110565111,1,0.982987737887425
5545,0.114681970349115,260.612082670906,1,0.988878319751319
5546,0.118316594930655,260.659054776702,1,0.984712573850837
5547,0.12778574844572,260.706026882497,1,0.96638838217361
5548,0.139646102343376,260.752998988293,1,0.918043508733438
5549,0.151028216164515,260.799971094089,1,0.829516550286814
5550,0.156767097082736,260.846943199884,1,0.766394378751246
5551,0.160975609756098,260.89391530568,1,0.713046214008862
5552,0.163653754184601,260.940887411476,1,0.676635747957601
5553,0.164323290291726,260.987859517271,1,0.667297106053459
5554,0.166427546628407,261.034831623067,1,0.63746767036786
5555,0.172070779531325,261.081803728863,1,0.555562442703167
5556,0.179340028694405,261.128775834658,2,0.45233220605326
5557,0.190722142515543,261.175747940454,2,0.313597097730087
5558,0.2,261.222720046249,2,0.228868171141844
5559,0.205164992826399,261.269692152045,2,0.192337486296175
5560,0.205834528933525,261.316664257841,2,0.188102145477969
5561,0.205738880918221,261.363636363636,2,0.188700530147344
5562,0.205069344811095,261.410608469432,2,0.192951478294896
5563,0.203347680535629,261.457580575228,2,0.204394780942763
5564,0.198565279770445,261.504552681023,2,0.240303017705786
5565,0.19531324725012,261.551524786819,2,0.268436884154466
5566,0.195791487326638,261.598496892615,2,0.264102482153567
5567,0.200765184122429,261.64546899841,2,0.223006151152094
5568,0.205643232902917,261.692441104206,2,0.189301125789932
5569,0.209469153515065,261.739413210001,2,0.166939931650253
5570,0.213677666188427,261.786385315797,2,0.145961816636668
5571,0.219416547106648,261.833357421593,2,0.122561583986732
5572,0.223338115734099,261.880329527388,2,0.109473670098089
5573,0.226207556193209,261.927301633184,2,0.10116194520311
5574,0.228981348637016,261.97427373898,2,0.0940206292814893
5575,0.232137733142037,262.021245844775,2,0.0868430022712519
5576,0.234624581539933,262.068217950571,2,0.0818226876696039
5577,0.237494021999044,262.115190056367,2,0.0766500037289151
5578,0.23739837398374,262.162162162162,2,0.0768124558259228
5579,0.24026781444285,262.209134267958,2,0.0722165212708814
5580,0.242754662840746,262.256106373753,2,0.0686674398759256
5581,0.243232902917264,262.303078479549,2,0.068027755655273
5582,0.243998087039694,262.350050585345,2,0.0670316596585312
5583,0.240459110473458,262.39702269114,2,0.0719297717043699
5584,0.233189861310378,262.443994796936,2,0.0846545657619439
5585,0.22285987565758,262.490966902732,2,0.110958103844358
5586,0.20545193687231,262.537939008527,2,0.190508974894857
5587,0.182496413199426,262.584911114323,2,0.410379908281322
5588,0.1662362505978,262.631883220119,1,0.640205282612261
5589,0.15973218555715,262.678855325914,1,0.729349957742158
5590,0.163079866092779,262.72582743171,1,0.684571310344623
5591,0.172357723577236,262.772799537505,1,0.551387069762562
5592,0.180392156862745,262.819771643301,2,0.438096230909822
5593,0.195791487326638,262.866743749097,2,0.264102482153567
5594,0.201243424198948,262.913715854892,2,0.219424385843207
5595,0.203825920612147,262.960687960688,2,0.201140762826707
5596,0.201243424198948,263.007660066484,2,0.219424385843207
5597,0.19636537541846,263.054632172279,2,0.25899180392372
5598,0.187661406025825,263.101604278075,2,0.347295467805012
5599,0.173027259684362,263.148576383871,1,0.541659852719246
5600,0.159636537541846,263.195548489666,1,0.730586432545557
5601,0.139646102343376,263.242520595462,1,0.918043508733438
5602,0.137159253945481,263.289492701257,1,0.931340771430538
5603,0.1324725011956,263.336464807053,1,0.951533645559657
5604,0.128646580583453,263.383436912849,1,0.9640059397825
5605,0.125777140124342,263.430409018644,1,0.971412653965669
5606,0.123768531802965,263.47738112444,1,0.975755898574953
5607,0.12051649928264,263.524353230236,1,0.981542291293035
5608,0.117360114777618,263.571325336031,1,0.985928942706519
5609,0.13065518890483,263.618297441827,1,0.957861215129693
5610,0.142324246771879,263.665269547623,1,0.901465896500582
5611,0.156480153036824,263.712241653418,1,0.769829930779583
5612,0.166427546628407,263.759213759214,1,0.63746767036786
5613,0.171879483500717,263.806185865009,1,0.558347744830464
5614,0.16987087517934,263.853157970805,1,0.587626539529498
5615,0.160114777618364,263.900130076601,1,0.724378294719941
5616,0.150071736011478,263.947102182396,1,0.838838134178817
5617,0.128933524629364,263.994074288192,1,0.963179373546192
5618,0.121951219512195,264.041046393988,1,0.979164307452305
5619,0.099091343854615,264.088018499783,1,0.997402491595401
5620,0.0882831181252989,264.134990605579,1,0.99912561338083
5621,0.0896221903395504,264.181962711375,1,0.998995853994016
5622,0.0779531324725012,264.22893481717,1,0.999708969313968
5623,0.0607364897178384,264.275906922966,1,0.999959050750876
5624,0.0549019607843137,264.322879028761,1,0.999979678203183
5625,0.0456241032998565,264.369851134557,1,0.999993576058024
5626,0.0431372549019608,264.416823240353,1,0.999995319009842
5627,0.0400765184122429,264.463795346148,1,0.999996843700055
5628,0.0383548541367767,264.510767451944,1,0.999997476842856
5629,0.0321377331420373,264.55773955774,1,0.999998890604177
5630,0.0271640363462458,264.604711663535,1,0.999999433587363
5631,0.0233381157340985,264.651683769331,1,0.999999665311005
5632,0.0224772835963654,264.698655875127,1,0.999999702996158
5633,0.0172166427546628,264.745627980922,1,0.999999858100844
5634,0.0167384026781444,264.792600086718,1,0.999999867413625
5635,0.0130081300813008,264.839572192513,1,0.999999922245832
5636,0.0106169296987088,264.886544298309,1,0.99999994498906
5637,0.0122429459588714,264.933516404105,1,0.99999993037257
5638,0.013868962219034,264.9804885099,1,0.999999911997042
5639,0.0158775705404113,265.027460615696,1,0.999999882699649
5640,0.0190339550454328,265.074432721492,1,0.999999816547946
5641,0.0109995217599235,265.121404827287,1,0.999999941845638
5642,0.0124342419894787,265.168376933083,1,0.9999999284221
5643,0.00908656145384983,265.215349038878,1,0.999999955987504
5644,0.00746054519368723,265.262321144674,1,0.99999996532216
5645,0.0118603538976566,265.30929325047,1,0.999999934119378
5646,0.0143472022955524,265.356265356265,1,0.999999905746588
5647,0.0221903395504543,265.403237462061,1,0.999999714615305
5648,0.034337637494022,265.450209567857,1,0.999998512742525
5649,0.0495456719273075,265.497181673652,1,0.999989488831149
5650,0.0640841702534672,265.544153779448,1,0.999939290032059
5651,0.0866571018651363,265.591125885244,1,0.999261817895811
5652,0.112482065997131,265.638097991039,1,0.990862771613951
5653,0.13974175035868,265.685070096835,1,0.917492885741554
5654,0.164610234337637,265.73204220263,1,0.663270091776714
5655,0.179435676709708,265.779014308426,2,0.451028379211356
5656,0.184026781444285,265.825986414222,2,0.390918107282941
5657,0.185748445719751,265.872958520017,2,0.369782800264739
5658,0.181539933046389,265.919930625813,2,0.42284712122085
5659,0.173027259684362,265.966902731609,1,0.541659852719246
5660,0.161836441893831,266.013874837404,1,0.701523281181542
5661,0.146628407460545,266.0608469432,1,0.869473885677161
5662,0.131802965088474,266.107819048996,1,0.953954415982459
5663,0.119081779053085,266.154791154791,1,0.98367110658884
5664,0.111621233859397,266.201763260587,1,0.991545910817657
5665,0.0997608799617408,266.248735366382,1,0.997227152679584
5666,0.0800573888091822,266.295707472178,1,0.999634159732424
5667,0.0637972262075562,266.342679577974,1,0.999941291114748
5668,0.0496413199426112,266.389651683769,1,0.999989362925633
5669,0.0309899569583931,266.436623789565,1,0.999999048907272
5670,0.0131037780966045,266.483595895361,1,0.999999921167186
5671,0.0076518412242946,266.530568001156,1,0.999999964333276
5672,0.00822572931611669,266.577540106952,1,0.999999961198749
5673,0.0038259206121473,266.624512212748,1,0.999999979750051
5674,0.0038259206121473,266.671484318543,1,0.999999979750051
5675,0.00353897656623625,266.718456424339,1,0.999999980597895
5676,0.00334768053562889,266.765428530134,1,0.999999981143771
5677,0.00363462458153993,266.81240063593,1,0.999999980319203
5678,0.00363462458153993,266.859372741726,1,0.999999980319203
5679,0.00439980870396939,266.906344847521,1,0.999999977944512
5680,0.00506934481109517,266.953316953317,1,0.999999975639018
5681,0.00554758488761358,267.000289059113,1,0.999999973849949
5682,0.00506934481109517,267.047261164908,1,0.999999975639018
5683,0.00497369679579149,267.094233270704,1,0.999999975982219
5684,0.00593017694882831,267.141205376499,1,0.999999972326985
5685,0.00659971305595409,267.188177482295,1,0.999999969451035
5686,0.00679100908656145,267.235149588091,1,0.999999968577123
5687,0.00889526542324247,267.282121693886,1,0.999999957201495
5688,0.010234337637494,267.329093799682,1,0.999999947966646
5689,0.0171209947393592,267.376065905478,1,0.999999860012943
5690,0.03012912482066,267.423038011273,1,0.999999153017955
5691,0.0589191774270684,267.470010117069,1,0.999967014890564
5692,0.0963175514108082,267.516982222865,1,0.998023610364448
5693,0.127211860353898,267.56395432866,1,0.967898194870469
5694,0.151315160210426,267.610926434456,1,0.826651500658365
5695,0.173218555714969,267.657898540251,1,0.538885422079776
5696,0.189956958393113,267.704870646047,2,0.32175375403632
5697,0.200286944045911,267.751842751843,2,0.226650858155574
5698,0.209660449545672,267.798814857638,2,0.165907791440239
5699,0.217694882831181,267.845786963434,2,0.129012893436484
5700,0.218842659014825,267.89275906923,2,0.124661355514254
5701,0.21740793878527,267.939731175025,2,0.130133273245097
5702,0.218268770923003,267.986703280821,2,0.126811415047272
5703,0.221329507412721,268.033675386617,2,0.115911407099918
5704,0.223433763749402,268.080647492412,2,0.109180309736143
5705,0.225155428024868,268.127619598208,2,0.104094775455889
5706,0.227833572453372,268.174591704003,2,0.0968754917264996
5707,0.233859397417504,268.221563809799,2,0.083311649592848
5708,0.241702534672406,268.268535915595,2,0.070122483674637
5709,0.247632711621234,268.31550802139,2,0.062733736597211
5710,0.249163079866093,268.362480127186,2,0.0611233655322769
5711,0.249832615973219,268.409452232982,2,0.0604534266816059
5712,0.251554280248685,268.456424338777,2,0.0588230993766911
5713,0.246197991391679,268.503396444573,2,0.0643478236343748
5714,0.243998087039694,268.550368550369,2,0.0670316596585312
5715,0.243615494978479,268.597340656164,2,0.0675255381587345
5716,0.242372070779531,268.64431276196,2,0.0691888685455607
5717,0.240363462458154,268.691284867755,2,0.0720728512661051
5718,0.243328550932568,268.738256973551,2,0.0679014128820122
5719,0.249067431850789,268.785229079347,2,0.0612207612017281
5720,0.250884744141559,268.832201185142,2,0.0594416217033948
5721,0.246293639406982,268.879173290938,2,0.0642369654979946
5722,0.242754662840746,268.926145396734,2,0.0686674398759256
5723,0.239885222381636,268.973117502529,2,0.0727971498962122
5724,0.238546150167384,269.020089608325,2,0.0749061047475516
5725,0.237302725968436,269.067061714121,2,0.0769755713236992
5726,0.236154949784792,269.114033819916,2,0.0789856314010539
5727,0.236824485891918,269.161005925712,2,0.0778011884618164
5728,0.238259206121473,269.207978031507,2,0.0753739703608785
5729,0.241702534672406,269.254950137303,2,0.070122483674637
5730,0.239406982305117,269.301922243099,2,0.0735364877355659
5731,0.237589670014347,269.348894348894,2,0.0764882125219662
5732,0.238737446197991,269.39586645469,2,0.0745973682411318
5733,0.240076518412243,269.442838560486,2,0.0725056414250912
5734,0.24103299856528,269.489810666281,2,0.0710835715826593
5735,0.238641798182688,269.536782772077,2,0.074751420696325
5736,0.236728837876614,269.583754877873,2,0.0779683377003204
5737,0.231850789096126,269.630726983668,2,0.0874568774265285
5738,0.230607364897178,269.677699089464,2,0.0902043274700613
5739,0.229937828790053,269.724671195259,2,0.0917442743846678
5740,0.229459588713534,269.771643301055,2,0.0928710369015568
5741,0.230033476805356,269.818615406851,2,0.0915216227127387
5742,0.231850789096126,269.865587512646,2,0.0874568774265285
5743,0.233285509325681,269.912559618442,2,0.0844603891997796
5744,0.234720229555237,269.959531724238,2,0.0816399324697474
5745,0.227546628407461,270.006503830033,2,0.0976109022672598
5746,0.226877092300335,270.053475935829,2,0.0993615797847009
5747,0.226303204208513,270.100448041625,2,0.100901656682906
5748,0.223529411764706,270.14742014742,2,0.10888811436378
5749,0.217790530846485,270.194392253216,2,0.128642361058756
5750,0.208608321377331,270.241364359011,2,0.171682610754764
5751,0.199234815877571,270.288336464807,2,0.234894009491678
5752,0.192252510760402,270.335308570603,2,0.297824381816644
5753,0.190339550454328,270.382280676398,2,0.317652945832646
5754,0.181731229076997,270.429252782194,2,0.42033572373025
5755,0.170827355332377,270.47622488799,1,0.573682447573344
5756,0.154949784791966,270.523196993785,1,0.787675029867069
5757,0.135724533715925,270.570169099581,1,0.938162068660378
5758,0.115255858440937,270.617141205377,1,0.988298950486797
5759,0.089143950263032,270.664113311172,1,0.999044163436223
5760,0.0655188904830225,270.711085416968,1,0.999928261316345
5761,0.0533715925394548,270.758057522763,1,0.999983140700579
5762,0.0427546628407461,270.805029628559,1,0.99999554280266
5763,0.0450502152080344,270.852001734355,1,0.999994026804173
5764,0.0485891917742707,270.89897384015,1,0.999990671276448
5765,0.0423720707795313,270.945945945946,1,0.999995756228638
5766,0.0495456719273075,270.992918051742,1,0.999989488831149
5767,0.0684839789574366,271.039890157537,1,0.999899062041542
5768,0.0790052606408417,271.086862263333,1,0.999673604133287
5769,0.102439024390244,271.133834369129,1,0.99640822724659
5770,0.116307986609278,271.180806474924,1,0.987164086962983
5771,0.130942132950741,271.22777858072,1,0.956912567703679
5772,0.136202773792444,271.274750686515,1,0.935954395829804
5773,0.134768053562889,271.321722792311,1,0.942385584510087
5774,0.139263510282162,271.368694898107,1,0.920216268754942
5775,0.151219512195122,271.415667003902,1,0.827610023789881
5776,0.162888570062171,271.462639109698,1,0.68720146535178
5777,0.17168818747011,271.509611215494,1,0.56113420253421
5778,0.18364418938307,271.556583321289,2,0.395725630289571
5779,0.194069823051172,271.603555427085,2,0.28003027678438
5780,0.197800095648015,271.650527532881,2,0.246642802779973
5781,0.203252032520325,271.697499638676,2,0.205052652187113
5782,0.209756097560976,271.744471744472,2,0.165394654924453
5783,0.210999521759923,271.791443850267,2,0.158898826486123
5784,0.208034433285509,271.838415956063,2,0.17493513188492
5785,0.211573409851746,271.885388061859,2,0.156007977375964
5786,0.20908656145385,271.932360167654,2,0.169027855965366
5787,0.204495456719273,271.97933227345,2,0.196682988620372
5788,0.187087517934003,272.026304379246,2,0.353928729697033
5789,0.173888091822095,272.073276485041,1,0.529195463676045
5790,0.142515542802487,272.120248590837,1,0.900187224312392
5791,0.0790052606408417,272.167220696633,1,0.999673604133287
5792,0.0351028216164515,272.214192802428,1,0.999998354110536
5793,0.0111908177905308,272.261164908224,1,0.999999940208954
5794,0.00813008130081301,272.308137014019,1,0.999999961739208
5795,0.00717360114777618,272.355109119815,1,0.999999966755537
5796,0.0113821138211382,272.402081225611,1,0.999999938527411
5797,0.0191296030607365,272.449053331406,1,0.999999814060358
5798,0.0316594930655189,272.496025437202,1,0.999998959447802
5799,0.0490674318507891,272.542997542998,1,0.999990097081618
5800,0.0630320420851267,272.589969648793,1,0.999946322323498
5801,0.08493543758967,272.636941754589,1,0.999383946597282
5802,0.0961262553802009,272.683913860384,1,0.998060815743204
5803,0.112673362027738,272.73088596618,1,0.990704182824342
5804,0.127498804399809,272.777858071976,1,0.967150967508349
5805,0.143089430894309,272.824830177771,1,0.896273252295752
5806,0.166427546628407,272.871802283567,1,0.63746767036786
5807,0.194165471066475,272.918774389363,2,0.27912177845767
5808,0.212051649928264,272.965746495158,2,0.153649313318739
5809,0.228790052606408,273.012718600954,2,0.0944869584953807
5810,0.237780966044955,273.05969070675,2,0.0761666027895285
5811,0.246580583452893,273.106662812545,2,0.063907214546274
5812,0.250406504065041,273.153634918341,2,0.059895416706603
5813,0.2493543758967,273.200607024136,2,0.0609298488913104
5814,0.2493543758967,273.247579129932,2,0.0609298488913104
5815,0.249736967957915,273.294551235728,2,0.0605478745460496
5816,0.249450023912004,273.341523341523,2,0.0608337250627038
5817,0.250310856049737,273.388495447319,2,0.0599873922222625
5818,0.250597800095648,273.435467553115,2,0.0597126862038421
5819,0.249258727881396,273.48243965891,2,0.0610263952394684
5820,0.250789096126255,273.529411764706,2,0.0595315741426213
5821,0.257197513151602,273.576383870502,2,0.0543324275101449
5822,0.26571018651363,273.623355976297,2,0.0496654903870111
5823,0.268675274988044,273.670328082093,2,0.0485498643316787
5824,0.268388330942133,273.717300187888,2,0.0486472642677242
5825,0.275944524151124,273.764272293684,2,0.0467944258300455
5826,0.270109995217599,273.81124439948,2,0.0480958809164252
5827,0.262936394069823,273.858216505275,2,0.0509365861726744
5828,0.257484457197513,273.905188611071,2,0.05413624482402
5829,0.249641319942611,273.952160716867,2,0.0606427392980572
5830,0.235868005738881,273.999132822662,2,0.0795036527372289
5831,0.21740793878527,274.046104928458,2,0.130133273245097
5832,0.203347680535629,274.093077034254,2,0.204394780942763
5833,0.191391678622669,274.140049140049,2,0.306607751382156
5834,0.191582974653276,274.187021245845,2,0.304636157948549
5835,0.191869918699187,274.23399335164,2,0.301699911678024
5836,0.19818268770923,274.280965457436,2,0.243451702115419
5837,0.209182209469154,274.327937563232,2,0.168502903743406
5838,0.21999043519847,274.374909669027,2,0.12051098869733
5839,0.232520325203252,274.421881774823,2,0.0860359569025024
5840,0.246771879483501,274.468853880619,2,0.063689717041223
5841,0.255475848876136,274.515825986414,2,0.0555721999101391
5842,0.26312769010043,274.56279809221,2,0.0508415663526812
5843,0.271257771401243,274.609770198005,2,0.0477716601748953
5844,0.27661406025825,274.656742303801,2,0.0466990766225643
5845,0.281492109038737,274.703714409597,2,0.0463287767420326
5846,0.285413677666188,274.750686515392,2,0.0464402424513431
5847,0.285891917742707,274.797658621188,2,0.0464787957425965
5848,0.283500717360115,274.844630726984,2,0.0463403862322665
5849,0.275753228120517,274.891602832779,2,0.0468236687007651
5850,0.271257771401243,274.938574938575,2,0.0477716601748953
5851,0.258058345289335,274.985547044371,2,0.0537526035449061
5852,0.239311334289813,275.032519150166,2,0.0736861848771921
5853,0.218460066953611,275.079491255962,2,0.126089071564395
5854,0.19167862266858,275.126463361757,2,0.303654589956519
5855,0.156575801052128,275.173435467553,1,0.768687825164459
5856,0.127307508369201,275.220407573349,1,0.967650810009559
5857,0.08857006217121,275.267379679144,1,0.99909922495361
5858,0.0646580583452893,275.31435178494,1,0.999935089514777
5859,0.0441893830703013,275.361323890736,1,0.999994646091529
5860,0.0433285509325681,275.408295996531,1,0.999995203075277
5861,0.052415112386418,275.455268102327,1,0.999985007936635
5862,0.0692491630798661,275.502240208123,1,0.99988984774428
5863,0.0980392156862745,275.549212313918,1,0.997657079789906
5864,0.126351028216165,275.596184419714,1,0.970050223923573
5865,0.158488761358202,275.643156525509,1,0.745215681617273
5866,0.179053084648494,275.690128631305,2,0.456254829945415
5867,0.203060736489718,275.737100737101,2,0.206375510018467
5868,0.221329507412721,275.784072842896,2,0.115911407099918
5869,0.234241989478718,275.831044948692,2,0.0825611479396769
5870,0.246580583452893,275.878017054488,2,0.063907214546274
5871,0.257293161166906,275.924989160283,2,0.0542667077108657
5872,0.263318986131038,275.971961266079,2,0.0507476575475183
5873,0.272405547584888,276.018933371875,2,0.047481386546809
5874,0.270683883309421,276.06590547767,2,0.0479294892672793
5875,0.269631755141081,276.112877583466,2,0.048241139864567
5876,0.267910090865615,276.159849689261,2,0.0488145552443266
5877,0.267910090865615,276.206821795057,2,0.0488145552443266
5878,0.264849354375897,276.253793900853,2,0.0500357721150337
5879,0.257388809182209,276.300766006648,2,0.0542013137920765
5880,0.248493543758967,276.347738112444,2,0.0618141491946877
5881,0.239024390243902,276.39471021824,2,0.0741389767762467
5882,0.237207077953132,276.441682324035,2,0.0771393527438231
5883,0.231181252989,276.488654429831,2,0.0889184123256595
5884,0.21922525107604,276.535626535627,2,0.123255989295992
5885,0.205834528933525,276.582598641422,2,0.188102145477969
5886,0.186896221903395,276.629570747218,2,0.356161500271724
5887,0.147776183644189,276.676542853013,1,0.859769229930192
5888,0.107030129124821,276.723514958809,1,0.99445569266391
5889,0.0700143472022955,276.770487064605,1,0.999879830054451
5890,0.0395026303204209,276.8174591704,1,0.999997070162822
5891,0.0126255380200861,276.864431276196,1,0.999999926418433
5892,0.00401721664275466,276.911403381992,1,0.999999979164848
5893,0.00602582496413199,276.958375487787,1,0.999999971932926
5894,0.00650406504065041,277.005347593583,1,0.999999969879055
5895,0.00669536107125777,277.052319699379,1,0.999999969017084
5896,0.00889526542324247,277.099291805174,1,0.999999957201495
5897,0.00526064084170253,277.14626391097,1,0.999999974938199
5898,0.00554758488761358,277.193236016765,1,0.999999973849949
5899,0.0105212816834051,277.240208122561,1,0.999999945748664
5900,0.018077474892396,277.287180228357,1,0.999999839708118
5901,0.0225729316116691,277.334152334152,1,0.999999699021866
5902,0.0268770923003348,277.381124439948,1,0.99999945535432
5903,0.0409373505499761,277.428096545744,1,0.999996471932173
5904,0.05844093735055,277.475068651539,1,0.999968848973606
5905,0.121090387374462,277.522040757335,1,0.980622337329695
5906,0.151793400286944,277.569012863131,1,0.821806414422861
5907,0.182687709230033,277.615984968926,2,0.407913871789297
5908,0.204399808703969,277.662957074722,2,0.197312890793329
5909,0.225155428024868,277.709929180517,2,0.104094775455889
5910,0.239885222381636,277.756901286313,2,0.0727971498962122
5911,0.244476327116212,277.803873392109,2,0.0664258563917095
5912,0.243711142993783,277.850845497904,2,0.0674012914585003
5913,0.240459110473458,277.8978176037,2,0.0719297717043699
5914,0.233668101386896,277.944789709496,2,0.0836914741989264
5915,0.229842180774749,277.991761815291,2,0.091967821677801
5916,0.223146819703491,278.038733921087,2,0.110063903698548
5917,0.212625538020086,278.085706026883,2,0.150878228136272
5918,0.201052128168341,278.132678132678,2,0.220849582169755
5919,0.182496413199426,278.179650238474,2,0.410379908281322
5920,0.158488761358202,278.226622344269,1,0.745215681617273
5921,0.148445719751315,278.273594450065,1,0.853874480140085
5922,0.137637494021999,278.320566555861,1,0.928932266933333
5923,0.130463892874223,278.367538661656,1,0.958483493313252
5924,0.135533237685318,278.414510767452,1,0.939027040188849
5925,0.14988043998087,278.461482873248,1,0.840660132378903
5926,0.16260162601626,278.508454979043,1,0.691132011104461
5927,0.169296987087518,278.555427084839,1,0.595984061957474
5928,0.170444763271162,278.602399190635,1,0.579261143914309
5929,0.172835963653754,278.64937129643,1,0.544436558930351
5930,0.157245337159254,278.696343402226,1,0.760607474843887
5931,0.138976566236251,278.743315508021,1,0.921814883604884
5932,0.124533715925395,278.790287613817,1,0.974176501614667
5933,0.115351506456241,278.837259719613,1,0.988199730425541
5934,0.116212338593974,278.884231825408,1,0.987271287707186
5935,0.131133428981349,278.931203931204,1,0.956269864819927
5936,0.148254423720708,278.978176037,1,0.85557632529394
5937,0.170540411286466,279.025148142795,1,0.577866517004282
5938,0.179244380679101,279.072120248591,2,0.45363790070707
5939,0.188713534194165,279.119092354387,2,0.335390534060996
5940,0.19349593495935,279.166064460182,2,0.28553999619643
5941,0.195887135341942,279.213036565978,2,0.263243854444512
5942,0.197608799617408,279.260008671773,2,0.248254346477833
5943,0.196652319464371,279.306980777569,2,0.2564733219771
5944,0.19349593495935,279.353952883365,2,0.28553999619643
5945,0.198087039693926,279.40092498916,2,0.244245489712128
5946,0.201147776183644,279.447897094956,2,0.220135736015041
5947,0.205834528933525,279.494869200752,2,0.188102145477969
5948,0.212338593974175,279.541841306547,2,0.15225575559625
5949,0.217312290769967,279.588813412343,2,0.13050967869656
5950,0.218077474892396,279.635785518139,2,0.127539471581515
5951,0.211669057867049,279.682757623934,2,0.155532609354241
5952,0.203921568627451,279.72972972973,2,0.200496984832834
5953,0.19091343854615,279.776701835525,2,0.311586057171317
5954,0.176661884265901,279.823673941321,2,0.489536719151404
5955,0.156001912960306,279.870646047117,1,0.775493803656524
5956,0.140602582496413,279.917618152912,1,0.912401547863258
5957,0.137733142037303,279.964590258708,1,0.928442268836952
5958,0.146437111429938,280.011562364504,1,0.871042391759502
5959,0.160879961740794,280.058534470299,1,0.714315012861439
5960,0.170157819225251,280.105506576095,1,0.58344449518086
5961,0.178574844571975,280.15247868189,2,0.462828714610237
5962,0.183357245337159,280.199450787686,2,0.399356931921941
5963,0.18259206121473,280.246422893482,2,0.409145726966054
5964,0.175035868005739,280.293394999277,1,0.512676263498938
5965,0.166905786704926,280.340367105073,1,0.630604789693232
5966,0.159349593495935,280.387339210869,1,0.734280122267329
5967,0.1480631276901,280.434311316664,1,0.857264059226545
5968,0.135628885700622,280.48128342246,1,0.93859583676518
5969,0.112290769966523,280.528255528256,1,0.991018853648709
5970,0.0973696795791487,280.575227634051,1,0.997806642709312
5971,0.0852223816355811,280.622199739847,1,0.99936502346644
5972,0.0814921090387375,280.669171845642,1,0.99957299040593
5973,0.0804399808703969,280.716143951438,1,0.999618719767757
5974,0.0784313725490196,280.763116057234,1,0.999693373340947
5975,0.0724055475848876,280.810088163029,1,0.999842583936233
5976,0.0659971305595409,280.857060268825,1,0.999924175178793
5977,0.0487804878048781,280.904032374621,1,0.999990445565369
5978,0.0373983739837398,280.951004480416,1,0.999997773473993
5979,0.0278335724533716,280.997976586212,1,0.999999379460797
5980,0.0268770923003348,281.044948692008,1,0.99999945535432
5981,0.0286944045911047,281.091920797803,1,0.999999302447185
5982,0.0269727403156385,281.138892903599,1,0.999999448190534
5983,0.0213295074127212,281.185865009394,1,0.99999974688277
5984,0.0178861788617886,281.23283711519,1,0.999999843985916
5985,0.0153036824485892,281.279809220986,1,0.999999891922011
5986,0.0143472022955524,281.326781326781,1,0.999999905746588
5987,0.013868962219034,281.373753432577,1,0.999999911997042
5988,0.0158775705404113,281.420725538373,1,0.999999882699649
5989,0.0214251554280249,281.467697644168,1,0.999999743480669
5990,0.0337637494021999,281.514669749964,1,0.999998621883324
5991,0.0513629842180775,281.56164185576,1,0.999986831393013
5992,0.0651362984218078,281.608613961555,1,0.999931377161706
5993,0.0791009086561454,281.655586067351,1,0.999670193192368
5994,0.0887613582018173,281.702558173146,1,0.999081214574289
5995,0.101673840267814,281.749530278942,1,0.996662828355481
5996,0.112099473935916,281.796502384738,1,0.991172464570033
5997,0.123290291726447,281.843474490533,1,0.976698388374059
5998,0.138307030129125,281.890446596329,1,0.925443360934286
5999,0.156384505021521,281.937418702125,1,0.770968941804911
6000,0.169966523194644,281.98439080792,1,0.586232710719596
6001,0.178096604495457,282.031362913716,2,0.469446027708113
6002,0.181922525107604,282.078335019512,2,0.417833206751647
6003,0.183070301291248,282.125307125307,2,0.403009932246965
6004,0.180870396939264,282.172279231103,2,0.431705479669675
6005,0.178574844571975,282.219251336898,2,0.462828714610237
6006,0.174748923959828,282.266223442694,1,0.516793573040118
6007,0.167575322812052,282.31319554849,1,0.62095627603001
6008,0.160975609756098,282.360167654285,1,0.713046214008862
6009,0.149689143950263,282.407139760081,1,0.842467999251318
6010,0.152654232424677,282.454111865877,1,0.812866103273428
6011,0.154471544715447,282.501083971672,1,0.793082119713855
6012,0.158297465327594,282.548056077468,1,0.747615338645257
6013,0.166044954567193,282.595028183263,1,0.642938296721815
6014,0.172835963653754,282.642000289059,1,0.544436558930351
6015,0.178861788617886,282.688972394855,2,0.458879038599425
6016,0.1844093735055,282.73594450065,2,0.386150233669354
6017,0.190148254423721,282.782916606446,2,0.319697735397229
6018,0.196461023433764,282.829888712242,2,0.258149587886964
6019,0.201530368244859,282.876860818037,2,0.217305256085183
6020,0.203825920612147,282.923832923833,2,0.201140762826707
6021,0.208225729316117,282.970805029629,2,0.173842783886303
6022,0.213868962219034,283.017777135424,2,0.145090221404272
6023,0.218842659014825,283.06474924122,2,0.124661355514254
6024,0.224868483978957,283.111721347015,2,0.104917234212895
6025,0.228024868483979,283.158693452811,2,0.0963901015237816
6026,0.2337637494022,283.205665558607,2,0.0835011782972545
6027,0.238163558106169,283.252637664402,2,0.0755312047319941
6028,0.238259206121473,283.299609770198,2,0.0753739703608785
6029,0.238928742228599,283.346581875994,2,0.0742911486382968
6030,0.240076518412243,283.393553981789,2,0.0725056414250912
6031,0.234911525585844,283.440526087585,2,0.0812766339835788
6032,0.226303204208513,283.487498193381,2,0.100901656682906
6033,0.214729794356767,283.534470299176,2,0.141250803746474
6034,0.212816834050693,283.581442404972,2,0.149968701680219
6035,0.210521281683405,283.628414510767,2,0.161359145365519
6036,0.209564801530368,283.675386616563,2,0.166422881598429
6037,0.209564801530368,283.722358722359,2,0.166422881598429
6038,0.21090387374462,283.769330828154,2,0.159387132179976
6039,0.211382113821138,283.81630293395,2,0.156964209021193
6040,0.212434241989479,283.863275039746,2,0.151794806700376
6041,0.208799617407939,283.910247145541,2,0.170614684992595
6042,0.206982305117169,283.957219251337,2,0.181091711213372
6043,0.202965088474414,284.004191357133,2,0.207040508464877
6044,0.196174079387853,284.051163462928,2,0.260684419807873
6045,0.187852702056432,284.098135568724,2,0.34510618891156
6046,0.175131516021043,284.145107674519,1,0.511305863303551
6047,0.155045432807269,284.192079780315,1,0.786583777976642
6048,0.138020086083214,284.239051886111,1,0.926955500030317
6049,0.114681970349115,284.286023991906,1,0.988878319751319
6050,0.0837876614060258,284.332996097702,1,0.999454408630504
6051,0.0397895743663319,284.379968203498,1,0.999996958971822
6052,0.0157819225251076,284.426940309293,1,0.999999884288209
6053,0.00937350549976088,284.473912415089,1,0.999999954103332
6054,0.00621712099473936,284.520884520885,1,0.999999971128317
6055,0.00937350549976088,284.56785662668,1,0.999999954103332
6056,0.0110951697752272,284.614828732476,1,0.99999994103283
6057,0.0163558106169297,284.661800838271,1,0.999999874432891
6058,0.0168340506934481,284.708772944067,1,0.999999865599981
6059,0.0166427546628407,284.755745049863,1,0.999999869203436
6060,0.0134863701578192,284.802717155658,1,0.999999916704957
6061,0.0132950741272119,284.849689261454,1,0.999999918965987
6062,0.0200860832137733,284.89666136725,1,0.999999787308964
6063,0.0350071736011478,284.943633473045,1,0.999998374801947
6064,0.0487804878048781,284.990605578841,1,0.999990445565369
6065,0.0642754662840746,285.037577684637,1,0.999937919748027
6066,0.0791965566714491,285.084549790432,1,0.999666748248693
6067,0.0803443328550933,285.131521896228,1,0.999622637007297
6068,0.0746054519368723,285.178494002023,1,0.999798746102686
6069,0.0842659014825442,285.225466107819,1,0.999426036000147
6070,0.104543280726925,285.272438213615,1,0.995610923886166
6071,0.134863701578192,285.31941031941,1,0.941974524751854
6072,0.164801530368245,285.366382425206,1,0.660577625378824
6073,0.200191296030607,285.413354531002,2,0.227387411268938
6074,0.218555714968914,285.460326636797,2,0.125730029046235
6075,0.236154949784792,285.507298742593,2,0.078985631401054
6076,0.243232902917264,285.554270848389,2,0.068027755655273
6077,0.248493543758967,285.601242954184,2,0.0618141491946877
6078,0.253562888570062,285.64821505998,2,0.0570809675077753
6079,0.253275944524151,285.695187165775,2,0.0573197007431897
6080,0.247441415590626,285.742159271571,2,0.0629429917476671
6081,0.239024390243902,285.789131377367,2,0.0741389767762468
6082,0.228216164514586,285.836103483162,2,0.0959085829065004
6083,0.212242945958871,285.883075588958,2,0.152718485626186
6084,0.201721664275466,285.930047694754,2,0.215904881301055
6085,0.200478240076518,285.977019800549,2,0.225185379479908
6086,0.202486848397896,286.023991906345,2,0.210401431667228
6087,0.198852223816356,286.070964012141,2,0.237969166714343
6088,0.191582974653276,286.117936117936,2,0.304636157948549
6089,0.192922046867528,286.164908223732,2,0.291150657074598
6090,0.188235294117647,286.211880329527,2,0.340760549252044
6091,0.184791965566714,286.258852435323,2,0.381422576732319
6092,0.184696317551411,286.305824541119,2,0.38260069090728
6093,0.186417981826877,286.352796646914,2,0.361790469081922
6094,0.191582974653276,286.39976875271,2,0.304636157948549
6095,0.200956480153037,286.446740858506,2,0.221565929782712
6096,0.208799617407939,286.493712964301,2,0.170614684992595
6097,0.214634146341463,286.540685070097,2,0.141670795850495
6098,0.224198947871832,286.587657175893,2,0.106874993910911
6099,0.234528933524629,286.634629281688,2,0.0820061839577747
6100,0.237207077953132,286.681601387484,2,0.0771393527438231
6101,0.23299856527977,286.728573493279,2,0.0850452773831557
6102,0.224868483978957,286.775545599075,2,0.104917234212895
6103,0.217790530846485,286.822517704871,2,0.128642361058756
6104,0.214634146341463,286.869489810666,2,0.141670795850495
6105,0.216547106647537,286.916461916462,2,0.133574723912127
6106,0.220181731229077,286.963434022258,2,0.119838195606757
6107,0.224581539933046,287.010406128053,2,0.105749590457166
6108,0.228598756575801,287.057378233849,2,0.0949570409724091
6109,0.231372549019608,287.104350339644,2,0.0884966221095751
6110,0.232042085126734,287.15132244544,2,0.0870468038378063
6111,0.228981348637016,287.198294551236,2,0.0940206292814893
6112,0.225251076040172,287.245266657031,2,0.103822802267683
6113,0.225920612147298,287.292238762827,2,0.101949077921866
6114,0.219799139167862,287.339210868623,2,0.121189124269284
6115,0.214347202295552,287.386182974418,2,0.142940628736353
6116,0.213295074127212,287.433155080214,2,0.147725423264395
6117,0.215399330463893,287.48012718601,2,0.138356263656176
6118,0.215399330463893,287.527099291805,2,0.138356263656176
6119,0.213199426111908,287.574071397601,2,0.148170612860301
6120,0.209851745576279,287.621043503396,2,0.164883465804373
6121,0.201530368244859,287.668015609192,2,0.217305256085183
6122,0.199521759923482,287.714987714988,2,0.232614956961803
6123,0.192922046867528,287.761959820783,2,0.291150657074598
6124,0.185078909612626,287.808931926579,2,0.377903548355757
6125,0.179913916786227,287.855904032375,2,0.444537807412082
6126,0.171879483500717,287.90287613817,1,0.558347744830464
6127,0.161166905786705,287.949848243966,1,0.710501564270889
6128,0.155810616929699,287.996820349762,1,0.777737364408206
6129,0.140793878527021,288.043792455557,1,0.911236563014184
6130,0.129411764705882,288.090764561353,1,0.961764649553521
6131,0.121855571496891,288.137736667148,1,0.979331075590253
6132,0.111812529890005,288.184708772944,1,0.991398324533415
6133,0.103586800573888,288.23168087874,1,0.995991940569262
6134,0.0861788617886179,288.278652984535,1,0.999297873387094
6135,0.0507890961262554,288.325625090331,1,0.999987733786613
6136,0.0233381157340985,288.372597196127,1,0.999999665311005
6137,0.00937350549976088,288.419569301922,1,0.999999954103332
6138,0.00468675274988044,288.466541407718,1,0.999999976983762
6139,0.00650406504065041,288.513513513514,1,0.999999969879055
6140,0.00583452893352463,288.560485619309,1,0.999999972715646
6141,0.00506934481109517,288.607457725105,1,0.999999975639018
6142,0.00650406504065041,288.6544298309,1,0.999999969879055
6143,0.0128168340506934,288.701401936696,1,0.999999924360159
6144,0.0279292204686753,288.748374042492,1,0.999999371329551
6145,0.0413199426111908,288.795346148287,1,0.999996293411428
6146,0.0556671449067432,288.842318254083,1,0.999977699263958
6147,0.0656145384983262,288.889290359879,1,0.999927461384675
6148,0.0759445241511239,288.936262465674,1,0.999766580984005
6149,0.096700143472023,288.98323457147,1,0.997947169209614
6150,0.115160210425634,289.030206677266,1,0.988397402210348
6151,0.130272596843616,289.077178783061,1,0.959097742648708
6152,0.14701099952176,289.124150888857,1,0.866295028616255
6153,0.151602104256337,289.171122994652,1,0.823754929270999
6154,0.144811095169775,289.218095100448,1,0.883816527694812
6155,0.142706838833094,289.265067206244,1,0.898895599467157
6156,0.138307030129125,289.312039312039,1,0.925443360934286
6157,0.126924916307987,289.359011417835,1,0.968630314863524
6158,0.12415112386418,289.405983523631,1,0.974977383707551
6159,0.123003347680536,289.452955629426,1,0.977247921300014
6160,0.116690578670493,289.499927735222,1,0.986726942749566
6161,0.11324725011956,289.546899841018,1,0.990213013058892
6162,0.103204208512673,289.593871946813,1,0.996135483551934
6163,0.0950741272118604,289.640844052609,1,0.998253905116563
6164,0.0945958871353419,289.687816158404,1,0.998335533655282
6165,0.1012912482066,289.7347882642,1,0.996783677807241
6166,0.110951697752272,289.781760369996,1,0.992044179432676
6167,0.122429459588714,289.828732475791,1,0.978312074419681
6168,0.132759445241511,289.875704581587,1,0.950463056865998
6169,0.136394069823051,289.922676687383,1,0.935053012310621
6170,0.138976566236251,289.969648793178,1,0.921814883604884
6171,0.142132950741272,290.016620898974,1,0.902731677352312
6172,0.146532759445242,290.06359300477,1,0.870259879312898
6173,0.155619320899091,290.110565110565,1,0.779968226484215
6174,0.173027259684362,290.157537216361,1,0.541659852719246
6175,0.195791487326638,290.204509322156,2,0.264102482153567
6176,0.211669057867049,290.251481427952,2,0.155532609354241
6177,0.222955523672884,290.298453533748,2,0.110658851132926
6178,0.237111429937829,290.345425639543,2,0.0773038026187782
6179,0.250023912003826,290.392397745339,2,0.0602657760580501
6180,0.252702056432329,290.439369851135,2,0.0578071811956315
6181,0.2519368723099,290.48634195693,2,0.0584783013006576
6182,0.250597800095648,290.533314062726,2,0.0597126862038421
6183,0.246006695361071,290.580286168521,2,0.0645709615796917
6184,0.240746054519369,290.627258274317,2,0.0715040538092306
6185,0.230798660927786,290.674230380113,2,0.0897722383933585
6186,0.225824964131994,290.721202485908,2,0.102213558055557
6187,0.216738402678144,290.768174591704,2,0.132799419125149
6188,0.205834528933525,290.8151466975,2,0.188102145477969
6189,0.198373983739837,290.862118803295,2,0.241872075680008
6190,0.195217599234816,290.909090909091,2,0.269312038327087
6191,0.196461023433764,290.956063014887,2,0.258149587886964
6192,0.198947871831659,291.003035120682,2,0.237196460723984
6193,0.206886657101865,291.050007226478,2,0.181664051857211
6194,0.209277857484457,291.096979332273,2,0.167979936461123
6195,0.207651841224295,291.143951438069,2,0.177144602469448
6196,0.189478718316595,291.190923543865,2,0.326942838888504
6197,0.16260162601626,291.23789564966,1,0.691132011104461
6198,0.121186035389766,291.284867755456,1,0.980465029923587
6199,0.0710664753706361,291.331839861252,1,0.999864620945918
6200,0.0475370636059302,291.378811967047,1,0.999991823547006
6201,0.0357723577235772,291.425784072843,1,0.999998201950104
6202,0.0276422764227642,291.472756178639,1,0.999999395418019
6203,0.020181731229077,291.519728284434,1,0.999999784436507
6204,0.0164514586322334,291.56670039023,1,0.99999987271277
6205,0.0155906264945002,291.613672496025,1,0.999999887402733
6206,0.0175035868005739,291.660644601821,1,0.999999852210748
6207,0.0258249641319943,291.707616707617,1,0.99999952842819
6208,0.0349115255858441,291.754588813412,1,0.999998395241091
6209,0.058727881396461,291.801560919208,1,0.999967760664262
6210,0.0787183165949307,291.848533025004,1,0.999683636106673
6211,0.0996652319464371,291.895505130799,1,0.997252865574111
6212,0.121090387374462,291.942477236595,1,0.980622337329695
6213,0.146819703491153,291.989449342391,1,0.867891440480486
6214,0.165471066475371,292.036421448186,1,0.651107833774333
6215,0.176661884265901,292.083393553982,2,0.489536719151404
6216,0.184983261597322,292.130365659777,2,0.379073997516633
6217,0.189765662362506,292.177337765573,2,0.323820988805024
6218,0.188904830224773,292.224309871369,2,0.333261915508667
6219,0.188139646102343,292.271281977164,2,0.341842834492781
6220,0.188713534194165,292.31825408296,2,0.335390534060996
6221,0.19167862266858,292.365226188756,2,0.303654589956519
6222,0.195217599234816,292.412198294551,2,0.269312038327087
6223,0.197226207556193,292.459170400347,2,0.251509588863612
6224,0.197417503586801,292.506142506143,2,0.249876597535561
6225,0.199043519846963,292.553114611938,2,0.236426369044977
6226,0.201721664275466,292.600086717734,2,0.215904881301055
6227,0.204112864658058,292.647058823529,2,0.199216406230665
6228,0.199713055954089,292.694030929325,2,0.231108522410568
6229,0.192443806791009,292.741003035121,2,0.295903524754447
6230,0.185939741750359,292.787975140916,2,0.367486072543909
6231,0.185557149689144,292.834947246712,2,0.372090012903444
6232,0.188235294117647,292.881919352508,2,0.340760549252044
6233,0.194835007173601,292.928891458303,2,0.272840329008823
6234,0.204399808703969,292.975863564099,2,0.197312890793329
6235,0.213390722142516,293.022835669895,2,0.147281954784211
6236,0.214921090387374,293.06980777569,2,0.140415713094735
6237,0.214634146341463,293.116779881486,2,0.141670795850495
6238,0.217025346724055,293.163751987281,2,0.131647807411286
6239,0.218460066953611,293.210724093077,2,0.126089071564395
6240,0.219703491152559,293.257696198873,2,0.12153020804589
6241,0.218842659014825,293.304668304668,2,0.124661355514254
6242,0.218364418938307,293.351640410464,2,0.126449531812248
6243,0.215781922525108,293.39861251626,2,0.13673741188129
6244,0.213868962219034,293.445584622055,2,0.145090221404272
6245,0.211860353897657,293.492556727851,2,0.154587338329992
6246,0.209277857484457,293.539528833647,2,0.167979936461123
6247,0.20545193687231,293.586500939442,2,0.190508974894857
6248,0.202678144428503,293.633473045238,2,0.209049852731187
6249,0.205069344811095,293.680445151033,2,0.192951478294896
6250,0.199713055954089,293.727417256829,2,0.231108522410568
6251,0.195121951219512,293.774389362625,2,0.27018995716586
6252,0.192539454806313,293.82136146842,2,0.294947321320274
6253,0.188617886178862,293.868333574216,2,0.3364590042128
6254,0.183261597321856,293.915305680012,2,0.400572201204996
6255,0.17895743663319,293.962277785807,2,0.457566032448005
6256,0.17714012434242,294.009249891603,2,0.482802289824637
6257,0.174175035868006,294.056221997398,1,0.525053758542214
6258,0.170731707317073,294.103194103194,1,0.575077144543225
6259,0.16987087517934,294.15016620899,1,0.587626539529498
6260,0.177235772357724,294.197138314785,2,0.481459741256369
6261,0.190722142515543,294.244110420581,2,0.313597097730087
6262,0.204399808703969,294.291082526377,2,0.197312890793329
6263,0.223529411764706,294.338054632172,2,0.10888811436378
6264,0.243424198947872,294.385026737968,2,0.0677755969774322
6265,0.265231946437111,294.431998843764,2,0.0498685612182413
6266,0.281013868962219,294.478970949559,2,0.0463400724314112
6267,0.296317551410808,294.525943055355,2,0.0487171556790357
6268,0.300430416068867,294.57291516115,2,0.0503879947971139
6269,0.301195600191296,294.619887266946,2,0.0507528676120009
6270,0.303395504543281,294.666859372742,2,0.0519016615385561
6271,0.304543280726925,294.713831478537,2,0.0525619180367995
6272,0.303204208512673,294.760803584333,2,0.0517957494562901
6273,0.299186991869919,294.807775690129,2,0.0498319981263514
6274,0.294595887135342,294.854747795924,2,0.0481564911366379
6275,0.290100430416069,294.90171990172,2,0.0470554416864662
6276,0.286178861788618,294.948692007516,2,0.0465045469891504
6277,0.280057388809182,294.995664113311,2,0.0463789066822385
6278,0.273170731707317,295.042636219107,2,0.0473064489514662
6279,0.269631755141081,295.089608324902,2,0.048241139864567
6280,0.269727403156384,295.136580430698,2,0.0482116055427567
6281,0.264371114299378,295.183552536494,2,0.0502507889835265
6282,0.26571018651363,295.230524642289,2,0.0496654903870111
6283,0.267814442850311,295.277496748085,2,0.0488487611907311
6284,0.269727403156384,295.324468853881,2,0.0482116055427567
6285,0.270779531324725,295.371440959676,2,0.0479025919244195
6286,0.273170731707317,295.418413065472,2,0.0473064489514662
6287,0.276231468197035,295.465385171268,2,0.0467522302582466
6288,0.278240076518412,295.512357277063,2,0.0465125505383408
6289,0.276901004304161,295.559329382859,2,0.0466615355185246
6290,0.276231468197035,295.606301488654,2,0.0467522302582466
6291,0.273935915829747,295.65327359445,2,0.0471461960827314
6292,0.270205643232903,295.700245700246,2,0.0480675509635248
6293,0.267049258727881,295.747217806041,2,0.0491314606246761
6294,0.262745098039216,295.794189911837,2,0.0510327222822828
6295,0.254519368723099,295.841162017633,2,0.0563088258479894
6296,0.247632711621234,295.888134123428,2,0.062733736597211
6297,0.245815399330464,295.935106229224,2,0.0647960062410255
6298,0.24753706360593,295.98207833502,2,0.0628381387719074
6299,0.247919655667145,296.029050440815,2,0.0624232193833841
6300,0.248397895743663,296.076022546611,2,0.061914563180998
6301,0.250980392156863,296.122994652406,2,0.0593520698985224
6302,0.255762792922047,296.169966758202,2,0.055357977966237
6303,0.260736489717838,296.216938863998,2,0.0521109310641558
6304,0.262840746054519,296.263910969793,2,0.0509845143590302
6305,0.27116212338594,296.310883075589,2,0.0477973737151639
6306,0.276327116212339,296.357855181385,2,0.0467386093074202
6307,0.283022477283596,296.40482728718,2,0.0463289698052274
6308,0.285126733620277,296.451799392976,2,0.0464197252213608
6309,0.282926829268293,296.498771498772,2,0.0463273356580889
6310,0.279196556671449,296.545743604567,2,0.0464324117711745
6311,0.277283596365375,296.592715710363,2,0.0466145709531632
6312,0.277187948350072,296.639687816158,2,0.0466259814770863
6313,0.271353419416547,296.686659921954,2,0.0477461823395331
6314,0.265614538498326,296.73363202775,2,0.0497055793095543
6315,0.258727881396461,296.780604133545,2,0.0533195047750021
6316,0.247728359636538,296.827576239341,2,0.0626297836702916
6317,0.233572453371593,296.874548345137,2,0.0838825402597013
6318,0.221329507412721,296.921520450932,2,0.115911407099918
6319,0.206982305117169,296.968492556728,2,0.181091711213372
6320,0.193304638928742,297.015464662524,2,0.287398984620084
6321,0.185078909612626,297.062436768319,2,0.377903548355757
6322,0.187374461979914,297.109408874115,2,0.350599865606303
6323,0.194261119081779,297.15638097991,2,0.278216071602322
6324,0.206121472979436,297.203353085706,2,0.186320194949848
6325,0.218268770923003,297.250325191502,2,0.126811415047272
6326,0.233476805356289,297.297297297297,2,0.0840743794537195
6327,0.251267336202774,297.344269403093,2,0.0590858052037525
6328,0.264849354375897,297.391241508889,2,0.0500357721150337
6329,0.278527020564323,297.438213614684,2,0.0464862167670269
6330,0.27584887613582,297.48518572048,2,0.0468089358879444
6331,0.278909612625538,297.532157826276,2,0.0464541627573125
6332,0.279005260640842,297.579129932071,2,0.0464466945474678
6333,0.275274988043998,297.626102037867,2,0.0469006810989667
6334,0.278144428503109,297.673074143662,2,0.0465217658875262
6335,0.284265901482544,297.720046249458,2,0.0463699128551983
6336,0.283787661406026,297.767018355254,2,0.046349833788932
6337,0.28024868483979,297.813990461049,2,0.0463694056398479
6338,0.278813964610234,297.860962566845,2,0.0464618489801733
6339,0.268005738880918,297.907934672641,2,0.048780599162225
6340,0.246963175514108,297.954906778436,2,0.0634740735257793
6341,0.222955523672884,298.001878884232,2,0.110658851132926
6342,0.19818268770923,298.048850990028,2,0.243451702115419
6343,0.174653275944524,298.095823095823,1,0.518167975016936
6344,0.157436633189861,298.142795201619,1,0.758271669492273
6345,0.141654710664754,298.189767307414,1,0.905840142280431
6346,0.124055475848876,298.23673941321,1,0.975174088675637
6347,0.102152080344333,298.283711519006,1,0.996505767214813
6348,0.0803443328550933,298.330683624801,1,0.999622637007297
6349,0.0569105691056911,298.377655730597,1,0.999974081545176
6350,0.0404591104734577,298.424627836393,1,0.99999668340634
6351,0.0311812529890005,298.471599942188,1,0.999999024138768
6352,0.0277379244380679,298.518572047984,1,0.999999387489872
6353,0.0461023433763749,298.565544153779,1,0.999993175478875
6354,0.0630320420851267,298.612516259575,1,0.999946322323498
6355,0.08675274988044,298.659488365371,1,0.99925439869484
6356,0.118412242945959,298.706460471166,1,0.984585794707277
6357,0.147871831659493,298.753432576962,1,0.858937694635344
6358,0.175418460066954,298.800404682758,1,0.507201066498281
6359,0.207364897178384,298.847376788553,2,0.178823581452314
6360,0.229650884744142,298.894348894349,2,0.092417617068085
6361,0.244763271162123,298.941321000145,2,0.0660684437897053
6362,0.255667144906743,298.98829310594,2,0.0554290424675443
6363,0.266857962697274,299.035265211736,2,0.0492046676234185
6364,0.272118603538977,299.082237317531,2,0.0475508044085073
6365,0.27403156384505,299.129209423327,2,0.0471271899872415
6366,0.274892395982783,299.176181529123,2,0.0469663215348985
6367,0.272596843615495,299.223153634918,2,0.0474362674315075
6368,0.268770923003348,299.270125740714,2,0.0485178907882222
6369,0.248015303682449,299.31709784651,2,0.0623206049534845
6370,0.231085604973697,299.364069952305,2,0.0891305831732104
6371,0.198373983739837,299.411042058101,2,0.241872075680008
6372,0.16078431372549,299.458014163897,1,0.715581435632672
6373,0.108369201339072,299.504986269692,1,0.993721689233979
6374,0.0493543758967001,299.551958375488,1,0.999989736339759
6375,0.0223816355810617,299.598930481283,1,0.999999706919406
6376,0.0155906264945002,299.645902587079,1,0.999999887402733
6377,0.00889526542324247,299.692874692875,1,0.999999957201495
6378,0.00526064084170253,299.73984679867,1,0.999999974938199
6379,0.00889526542324247,299.786818904466,1,0.999999957201495
6380,0.020181731229077,299.833791010262,1,0.999999784436507
6381,0.0328072692491631,299.880763116057,1,0.999998786753769
6382,0.0454328072692492,299.927735221853,1,0.999993729841836
6383,0.0698230511716882,299.974707327649,1,0.999882413344764
6384,0.0940219990435198,300.021679433444,1,0.998428727889779
6385,0.128359636537542,300.06865153924,1,0.96481612428051
6386,0.162123385939742,300.115623645035,1,0.69764234394439
6387,0.196843615494978,300.162595750831,2,0.254807920126892
6388,0.212147297943568,300.209567856627,2,0.153183002845513
6389,0.219703491152559,300.256539962422,2,0.12153020804589
6390,0.228120516499283,300.303512068218,2,0.0961488601423544
6391,0.230511716881875,300.350484174014,2,0.090421677767097
6392,0.226685796269727,300.397456279809,2,0.0998708406865397
6393,0.231085604973697,300.444428385605,2,0.0891305831732104
6394,0.221425155428025,300.4914004914,2,0.115592525200744
6395,0.202391200382592,300.538372597196,2,0.211080843462392
6396,0.181157340985175,300.585344702992,2,0.427896154637566
6397,0.152558584409374,300.632316808787,1,0.813873309041547
6398,0.110090865614538,300.679288914583,1,0.992644795892888
6399,0.072883787661406,300.726261020379,1,0.999833911444404
6400,0.0583452893352463,300.773233126174,1,0.999969203818958
6401,0.0835007173601148,300.82020523197,1,0.999470785905202
6402,0.0972740315638451,300.867177337766,1,0.997827258980043
6403,0.121472979435677,300.914149443561,1,0.979986137331892
6404,0.146532759445242,300.961121549357,1,0.870259879312898
6405,0.166427546628407,301.008093655152,1,0.63746767036786
6406,0.183452893352463,301.055065760948,2,0.398144073694946
6407,0.196269727403156,301.102037866744,2,0.259836746739129
6408,0.20181731229077,301.149009972539,2,0.215208390625361
6409,0.214155906264945,301.195982078335,2,0.14379545592971
6410,0.21453849832616,301.242954184131,2,0.142092426849799
6411,0.215112386417982,301.289926289926,2,0.139587108757851
6412,0.213486370157819,301.336898395722,2,0.146840201474241
6413,0.209182209469154,301.383870501518,2,0.168502903743406
6414,0.201530368244859,301.430842607313,2,0.217305256085183
6415,0.194261119081779,301.477814713109,2,0.278216071602322
6416,0.18909612625538,301.524786818904,2,0.331144412330206
6417,0.182879005260641,301.5717589247,2,0.405457184079978
6418,0.182687709230033,301.618731030496,2,0.407913871789297
6419,0.173122907699665,301.665703136291,1,0.540272341497563
6420,0.157819225251076,301.712675242087,1,0.75356457540692
6421,0.142132950741272,301.759647347883,1,0.902731677352312
6422,0.122620755619321,301.806619453678,1,0.977962455851285
6423,0.110186513629842,301.853591559474,1,0.992580203677733
6424,0.110760401721664,301.90056366527,1,0.992181455192325
6425,0.114108082257293,301.947535771065,1,0.989431151764628
6426,0.131898613103778,301.994507876861,1,0.953615121975652
6427,0.153610712577714,302.041479982656,1,0.802605655157512
6428,0.171305595408895,302.088452088452,1,0.56670982361949
6429,0.186800573888092,302.135424194248,2,0.357281928585782
6430,0.200669536107126,302.182396300043,2,0.223730035725043
6431,0.210808225729316,302.229368405839,2,0.159877310734323
6432,0.214251554280249,302.276340511635,2,0.143367211254544
6433,0.210712577714012,302.32331261743,2,0.160369368326293
6434,0.210999521759923,302.370284723226,2,0.158898826486123
6435,0.207843137254902,302.417256829022,2,0.176035721293906
6436,0.206121472979436,302.464228934817,2,0.186320194949848
6437,0.20908656145385,302.511201040613,2,0.169027855965366
6438,0.217120994739359,302.558173146408,2,0.131266940343215
6439,0.220851267336203,302.605145252204,2,0.117524916770713
6440,0.220755619320899,302.652117358,2,0.117851472611528
6441,0.219129603060737,302.699089463795,2,0.123605253685371
6442,0.20650406504065,302.746061569591,2,0.183974835760612
6443,0.194261119081779,302.793033675387,2,0.278216071602322
6444,0.172070779531325,302.840005781182,1,0.555562442703167
6445,0.137541846006695,302.886977886978,1,0.929419485913904
6446,0.108082257293161,302.933949992774,1,0.993886208828491
6447,0.0827355332376853,302.980922098569,1,0.999512201296904
6448,0.0593974175035868,303.027894204365,1,0.999965077099694
6449,0.0375896700143472,303.07486631016,1,0.999997716988566
6450,0.0451458632233381,303.121838415956,1,0.999993953864468
6451,0.062362505978001,303.168810521752,1,0.999950382418907
6452,0.0899091343854615,303.215782627547,1,0.998965766003433
6453,0.122142515542802,303.262754733343,1,0.978827115448177
6454,0.153036824485892,303.309726839139,1,0.808802908872008
6455,0.181157340985175,303.356698944934,2,0.427896154637566
6456,0.198087039693926,303.40367105073,2,0.244245489712128
6457,0.211669057867049,303.450643156526,2,0.155532609354241
6458,0.224868483978957,303.497615262321,2,0.104917234212895
6459,0.233572453371593,303.544587368117,2,0.0838825402597013
6460,0.232329029172645,303.591559473912,2,0.0864378537141847
6461,0.232424677187948,303.638531579708,2,0.0862365004104595
6462,0.234433285509326,303.685503685504,2,0.08219042418702
6463,0.236250597800096,303.732475791299,2,0.0788143552658313
6464,0.239311334289813,303.779447897095,2,0.0736861848771921
6465,0.243424198947872,303.826420002891,2,0.0677755969774322
6466,0.248206599713056,303.873392108686,2,0.062116703900588
6467,0.253467240554758,303.920364214482,2,0.0571601774645489
6468,0.255571496891439,303.967336320278,2,0.055500449441083
6469,0.255954088952654,304.014308426073,2,0.0552168723139437
6470,0.255093256814921,304.061280531869,2,0.0558626573959062
6471,0.252510760401722,304.108252637664,2,0.0579726763177841
6472,0.248493543758967,304.15522474346,2,0.0618141491946877
6473,0.250693448110952,304.202196849256,2,0.0596219285345068
6474,0.245432807269249,304.249168955051,2,0.0652518698103914
6475,0.239789574366332,304.296141060847,2,0.0729438053341159
6476,0.237780966044955,304.343113166643,2,0.0761666027895285
6477,0.234720229555237,304.390085272438,2,0.0816399324697474
6478,0.235676709708274,304.437057378234,2,0.079852521208024
6479,0.241702534672406,304.48402948403,2,0.070122483674637
6480,0.249258727881396,304.531001589825,2,0.0610263952394684
6481,0.250884744141559,304.577973695621,2,0.0594416217033948
6482,0.253084648493544,304.624945801416,2,0.0574807028856145
6483,0.252797704447633,304.671917907212,2,0.0577249994145299
6484,0.248206599713056,304.718890013008,2,0.062116703900588
6485,0.247728359636538,304.765862118803,2,0.0626297836702916
6486,0.247345767575323,304.812834224599,2,0.0630482970851584
6487,0.23921568627451,304.859806330395,2,0.0738364972220845
6488,0.227929220468675,304.90677843619,2,0.096632310798
6489,0.207364897178384,304.953750541986,2,0.178823581452314
6490,0.166140602582496,305.000722647782,1,0.64157237645469
6491,0.121759923481588,305.047694753577,1,0.979496635182216
6492,0.0925872788139646,305.094666859373,1,0.998640596682699
6493,0.0700143472022956,305.141638965168,1,0.999879830054451
6494,0.0522238163558106,305.188611070964,1,0.999985356656025
6495,0.0471544715447154,305.23558317676,1,0.999992207437
6496,0.0452415112386418,305.282555282555,1,0.999993880064047
6497,0.0514586322333812,305.329527388351,1,0.999986674895819
6498,0.0634146341463415,305.376499494147,1,0.999943860853909
6499,0.0835007173601148,305.423471599942,1,0.999470785905202
6500,0.107030129124821,305.470443705738,1,0.99445569266391
6501,0.127116212338594,305.517415811534,1,0.968143901153235
6502,0.148541367766619,305.564387917329,1,0.853018262462447
6503,0.170923003347681,305.611360023125,1,0.572287775771776
6504,0.187374461979914,305.65833212892,2,0.350599865606303
6505,0.195600191296031,305.705304234716,2,0.265827981046696
6506,0.208130081300813,305.752276340512,2,0.174387930856271
6507,0.218460066953611,305.799248446307,2,0.126089071564395
6508,0.224964131994261,305.846220552103,2,0.10464198721975
6509,0.227642276422764,305.893192657899,2,0.0973647836638332
6510,0.229172644667623,305.940164763694,2,0.0935580243141087
6511,0.23194643711143,305.98713686949,2,0.0872514278266244
6512,0.237015781922525,306.034108975285,2,0.0774689234919903
6513,0.244189383070301,306.081081081081,2,0.0667878101005995
6514,0.245145863223338,306.128053186877,2,0.0655988738939721
6515,0.244189383070301,306.175025292672,2,0.0667878101005995
6516,0.240746054519369,306.221997398468,2,0.0715040538092306
6517,0.235198469631755,306.268969504264,2,0.080737173782024
6518,0.23194643711143,306.315941610059,2,0.0872514278266244
6519,0.230511716881875,306.362913715855,2,0.090421677767097
6520,0.230703012912482,306.409885821651,2,0.089987848803244
6521,0.230511716881875,306.456857927446,2,0.0904216777670971
6522,0.227929220468675,306.503830033242,2,0.096632310798
6523,0.225251076040172,306.550802139037,2,0.103822802267683
6524,0.223242467718795,306.597774244833,2,0.10976819992277
6525,0.224390243902439,306.644746350629,2,0.106310049991322
6526,0.228694404591105,306.691718456424,2,0.0947215287537002
6527,0.233285509325681,306.73869056222,2,0.0844603891997796
6528,0.234146341463415,306.785662668016,2,0.0827476372286204
6529,0.235198469631755,306.832634773811,2,0.080737173782024
6530,0.231276901004304,306.879606879607,2,0.0887070930689151
6531,0.223816355810617,306.926578985403,2,0.108018473680644
6532,0.216260162601626,306.973551091198,2,0.134749136950513
6533,0.21013868962219,307.020523196994,2,0.163361520423616
6534,0.207651841224295,307.067495302789,2,0.177144602469448
6535,0.210712577714012,307.114467408585,2,0.160369368326293
6536,0.216068866571019,307.161439514381,2,0.135539781006712
6537,0.222572931611669,307.208411620176,2,0.111863032592516
6538,0.228503108560497,307.255383725972,2,0.0951934988136923
6539,0.234146341463415,307.302355831768,2,0.0827476372286204
6540,0.234433285509326,307.349327937563,2,0.08219042418702
6541,0.232902917264467,307.396300043359,2,0.0852418185271247
6542,0.232329029172645,307.443272149155,2,0.0864378537141847
6543,0.232329029172645,307.49024425495,2,0.0864378537141847
6544,0.232615973218556,307.537216360746,2,0.0858362200657102
6545,0.237111429937829,307.584188466541,2,0.0773038026187782
6546,0.231563845050215,307.631160572337,2,0.0880782119754368
6547,0.225633668101387,307.678132678133,2,0.102745696634026
6548,0.221903395504543,307.725104783928,2,0.114016952255253
6549,0.222094691535151,307.772076889724,2,0.113395424918661
6550,0.224007651841224,307.81904899552,2,0.107444456849022
6551,0.229363940698231,307.866021101315,2,0.0930991148002766
6552,0.234433285509326,307.912993207111,2,0.08219042418702
6553,0.23558106169297,307.959965312907,2,0.0800280198188717
6554,0.239885222381636,308.006937418702,2,0.0727971498962122
6555,0.245241511238642,308.053909524498,2,0.0654827160848926
6556,0.247632711621234,308.100881630293,2,0.062733736597211
6557,0.247441415590626,308.147853736089,2,0.0629429917476671
6558,0.242754662840746,308.194825841885,2,0.0686674398759256
6559,0.233859397417504,308.24179794768,2,0.083311649592848
6560,0.226781444285031,308.288770053476,2,0.0996157012779703
6561,0.218364418938307,308.335742159272,2,0.126449531812248
6562,0.210043041606887,308.382714265067,2,0.163866904788413
6563,0.20181731229077,308.429686370863,2,0.215208390625361
6564,0.196269727403156,308.476658476658,2,0.259836746739129
6565,0.190626494500239,308.523630582454,2,0.314606840386101
6566,0.186322333811573,308.57060268825,2,0.362924282736287
6567,0.189765662362506,308.617574794045,2,0.323820988805024
6568,0.197321855571497,308.664546899841,2,0.250691748638546
6569,0.202199904351985,308.711519005637,2,0.212446940681889
6570,0.21013868962219,308.758491111432,2,0.163361520423616
6571,0.216164514586322,308.805463217228,2,0.135143685059652
6572,0.223146819703491,308.852435323024,2,0.110063903698548
6573,0.234528933524629,308.899407428819,2,0.0820061839577747
6574,0.24390243902439,308.946379534615,2,0.0671543540756513
6575,0.253371592539455,308.99335164041,2,0.0572397548256361
6576,0.262840746054519,309.040323746206,2,0.0509845143590302
6577,0.264562410329986,309.087295852002,2,0.0501639776914081
6578,0.264466762314682,309.134267957797,2,0.0502072488498922
6579,0.264179818268771,309.181240063593,2,0.0503386785844323
6580,0.264275466284075,309.228212169389,2,0.0502945986933735
6581,0.265901482544237,309.275184275184,2,0.0495860965376357
6582,0.272405547584888,309.32215638098,2,0.047481386546809
6583,0.270492587278814,309.369128486776,2,0.0479839978376854
6584,0.261692969870875,309.416100592571,2,0.0515816665805694
6585,0.257580105212817,309.463072698367,2,0.0540714998819585
6586,0.245050215208034,309.510044804162,2,0.0657155238102754
6587,0.231181252989,309.557016909958,2,0.0889184123256594
6588,0.220564323290292,309.603989015754,2,0.118508477183668
6589,0.208130081300813,309.650961121549,2,0.174387930856271
6590,0.186322333811573,309.697933227345,2,0.362924282736287
6591,0.161453849832616,309.744905333141,1,0.706667248744028
6592,0.145576279292205,309.791877438936,1,0.877929003270669
6593,0.115542802486848,309.838849544732,1,0.987998963996534
6594,0.100239120038259,309.885821650528,1,0.997095156117599
6595,0.0893352462936394,309.932793756323,1,0.999025110426711
6596,0.0949784791965567,309.979765862119,1,0.998270527516543
6597,0.109899569583931,310.026737967914,1,0.992772415939538
6598,0.130368244858919,310.07371007371,1,0.958791616570247
6599,0.154184600669536,310.120682179506,1,0.796286718770326
6600,0.173409851745576,310.167654285301,1,0.536113449853167
6601,0.187661406025825,310.214626391097,2,0.347295467805012
6602,0.203921568627451,310.261598496893,2,0.200496984832834
6603,0.220564323290292,310.308570602688,2,0.118508477183668
6604,0.228790052606408,310.355542708484,2,0.0944869584953807
6605,0.234911525585844,310.40251481428,2,0.0812766339835788
6606,0.243424198947872,310.449486920075,2,0.0677755969774322
6607,0.251076040172166,310.496459025871,2,0.0592629174161604
6608,0.254423720707795,310.543431131666,2,0.0563844238569909
6609,0.259684361549498,310.590403237462,2,0.0527272804083443
6610,0.256814921090387,310.637375343258,2,0.054598584284022
6611,0.254328072692492,310.684347449053,2,0.0564603780661511
6612,0.248589191774271,310.731319554849,2,0.0617141708041978
6613,0.237111429937829,310.778291660645,2,0.0773038026187782
6614,0.226781444285031,310.82526376644,2,0.0996157012779703
6615,0.219894787183166,310.872235872236,2,0.120849386164867
6616,0.213677666188427,310.919207978032,2,0.145961816636668
6617,0.209182209469154,310.966180083827,2,0.168502903743406
6618,0.199617407938785,311.013152189623,2,0.23186044962128
6619,0.191582974653276,311.060124295418,2,0.304636157948549
6620,0.183452893352463,311.107096401214,2,0.398144073694946
6621,0.177618364418938,311.15406850701,2,0.476104626589147
6622,0.179244380679101,311.201040612805,2,0.45363790070707
6623,0.186704925872788,311.248012718601,2,0.358405045157196
6624,0.191104734576758,311.294984824397,2,0.309586281689715
6625,0.202486848397896,311.341956930192,2,0.210401431667228
6626,0.21013868962219,311.388929035988,2,0.163361520423616
6627,0.222572931611669,311.435901141784,2,0.111863032592516
6628,0.233476805356289,311.482873247579,2,0.0840743794537195
6629,0.239598278335725,311.529845353375,2,0.0732389298684118
6630,0.242754662840746,311.57681745917,2,0.0686674398759256
6631,0.244763271162123,311.623789564966,2,0.0660684437897052
6632,0.244954567192731,311.670761670762,2,0.0658326675884437
6633,0.240172166427547,311.717733776557,2,0.0723607839201339
6634,0.241224294595887,311.764705882353,2,0.070806130192037
6635,0.240650406504065,311.811677988149,2,0.0716453751530408
6636,0.237685318029651,311.858650093944,2,0.0763270797051981
6637,0.233094213295074,311.90562219974,2,0.0848495274776692
6638,0.227355332376853,311.952594305536,2,0.0981061038379421
6639,0.220468675274988,311.999566411331,2,0.118838935729203
6640,0.2155906264945,312.046538517127,2,0.13754367456291
6641,0.213103778096604,312.093510622922,2,0.14861752952805
6642,0.211382113821138,312.140482728718,2,0.156964209021193
6643,0.210808225729316,312.187454834514,2,0.159877310734323
6644,0.21090387374462,312.234426940309,2,0.159387132179976
6645,0.211573409851746,312.281399046105,2,0.156007977375964
6646,0.21013868962219,312.328371151901,2,0.163361520423616
6647,0.200956480153037,312.375343257696,2,0.221565929782712
6648,0.190339550454328,312.422315363492,2,0.317652945832646
6649,0.178670492587279,312.469287469288,2,0.461510396244249
6650,0.154662840746055,312.516259575083,1,0.790929153993645
6651,0.125777140124342,312.563231680879,1,0.971412653965669
6652,0.0908656145384983,312.610203786674,1,0.998859178498255
6653,0.0489717838354854,312.65717589247,1,0.999990214584806
6654,0.0220946915351506,312.704147998266,1,0.999999718389206
6655,0.0124342419894787,312.751120104061,1,0.9999999284221
6656,0.0109995217599235,312.798092209857,1,0.999999941845638
6657,0.00946915351506456,312.845064315653,1,0.999999953457974
6658,0.00832137733142037,312.892036421448,1,0.999999960650848
6659,0.0114777618364419,312.939008527244,1,0.999999937669445
6660,0.013868962219034,312.98598063304,1,0.999999911997042
6661,0.012051649928264,313.032952738835,1,0.999999932271216
6662,0.0184600669536107,313.079924844631,1,0.999999830807363
6663,0.0373983739837398,313.126896950426,1,0.999997773473993
6664,0.0535628885700622,313.173869056222,1,0.999982741238624
6665,0.0699186991869919,313.220841162018,1,0.999881128425106
6666,0.0835007173601148,313.267813267813,1,0.999470785905202
6667,0.0983261597321856,313.314785373609,1,0.997590082870319
6668,0.106360593017695,313.361757479405,1,0.994791894791946
6669,0.11219512195122,313.4087295852,1,0.991095965787625
6670,0.128072692491631,313.455701690996,1,0.965610186074003
6671,0.151889048302248,313.502673796791,1,0.820826927967639
6672,0.16805356288857,313.549645902587,1,0.614039718855282
6673,0.185939741750359,313.596618008383,2,0.367486072543909
6674,0.192252510760402,313.643590114178,2,0.297824381816644
6675,0.200573888091822,313.690562219974,2,0.22445644338827
6676,0.209756097560976,313.73753432577,2,0.165394654924453
6677,0.216164514586322,313.784506431565,2,0.135143685059652
6678,0.218651362984218,313.831478537361,2,0.125372399014882
6679,0.21635581061693,313.878450643157,2,0.134356131098722
6680,0.212147297943568,313.925422748952,2,0.153183002845513
6681,0.205930176948828,313.972394854748,2,0.187505965548833
6682,0.19167862266858,314.019366960543,2,0.303654589956519
6683,0.179913916786227,314.066339066339,2,0.444537807412082
6684,0.15714968914395,314.113311172135,1,0.761770894467173
6685,0.122046867527499,314.16028327793,1,0.978996323254026
6686,0.0978479196556672,314.207255383726,1,0.997700764966891
6687,0.0820659971305595,314.254227489522,1,0.999545890063497
6688,0.0641798182687709,314.301199595317,1,0.999938608562616
6689,0.0536585365853659,314.348171701113,1,0.999982538100519
6690,0.0395026303204209,314.395143806909,1,0.999997070162822
6691,0.0265901482544237,314.442115912704,1,0.999999476307857
6692,0.0216164514586322,314.4890880185,1,0.999999736542541
6693,0.0182687709230033,314.536060124295,1,0.999999835316251
6694,0.020468675274988,314.583032230091,1,0.999999775590862
6695,0.0456241032998565,314.630004335887,1,0.999993576058024
6696,0.078622668579627,314.676976441682,1,0.999686914189867
6697,0.127881396461023,314.723948547478,1,0.966130730548808
6698,0.163940698230512,314.770920653274,1,0.672643685306283
6699,0.203730272596844,314.817892759069,2,0.201786874674617
6700,0.223051171688187,314.864864864865,2,0.110360785929
6701,0.231085604973697,314.911836970661,2,0.0891305831732104
6702,0.239598278335725,314.958809076456,2,0.0732389298684118
6703,0.24648493543759,315.005781182252,2,0.064016662601564
6704,0.247919655667145,315.052753288047,2,0.0624232193833841
6705,0.246580583452893,315.099725393843,2,0.063907214546274
6706,0.243806791009087,315.146697499639,2,0.067277564054649
6707,0.238259206121473,315.193669605434,2,0.0753739703608785
6708,0.232902917264467,315.24064171123,2,0.0852418185271247
6709,0.230511716881875,315.287613817026,2,0.090421677767097
6710,0.228694404591105,315.334585922821,2,0.0947215287537002
6711,0.219799139167862,315.381558028617,2,0.121189124269284
6712,0.210616929698709,315.428530134413,2,0.160863311139831
6713,0.206886657101865,315.475502240208,2,0.181664051857211
6714,0.198660927785748,315.522474346004,2,0.239522440529059
6715,0.18727881396461,315.569446451799,2,0.351706774788142
6716,0.177618364418938,315.616418557595,2,0.476104626589147
6717,0.170444763271162,315.663390663391,1,0.579261143914309
6718,0.169583931133429,315.710362769186,1,0.591806616011722
6719,0.17895743663319,315.757334874982,2,0.457566032448005
6720,0.188713534194165,315.804306980778,2,0.335390534060996
6721,0.208512673362028,315.851279086573,2,0.172219604405902
6722,0.212242945958871,315.898251192369,2,0.152718485626186
6723,0.220373027259684,315.945223298164,2,0.119170705015755
6724,0.229172644667623,315.99219540396,2,0.0935580243141087
6725,0.235294117647059,316.039167509756,2,0.0805588058699238
6726,0.238737446197991,316.086139615551,2,0.0745973682411318
6727,0.241319942611191,316.133111721347,2,0.0706682671517985
6728,0.24466762314682,316.180083827143,2,0.0661870797629385
6729,0.237589670014347,316.227055932938,2,0.0764882125219662
6730,0.229555236728838,316.274028038734,2,0.0926438721697112
6731,0.220564323290292,316.32100014453,2,0.118508477183668
6732,0.212625538020086,316.367972250325,2,0.150878228136272
6733,0.20650406504065,316.414944356121,2,0.183974835760612
6734,0.202678144428503,316.461916461916,2,0.209049852731187
6735,0.203921568627451,316.508888567712,2,0.200496984832834
6736,0.207077953132473,316.555860673508,2,0.180521500138315
6737,0.20468675274988,316.602832779303,2,0.195430052068556
6738,0.20908656145385,316.649804885099,2,0.169027855965366
6739,0.211764705882353,316.696776990895,2,0.155059065041667
6740,0.217025346724055,316.74374909669,2,0.131647807411286
6741,0.227164036346246,316.790721202486,2,0.0986052835210421
6742,0.237685318029651,316.837693308282,2,0.0763270797051981
6743,0.250406504065041,316.884665414077,2,0.059895416706603
6744,0.261788617886179,316.931637519873,2,0.0515303364342467
6745,0.265231946437111,316.978609625668,2,0.0498685612182413
6746,0.265614538498326,317.025581731464,2,0.0497055793095543
6747,0.266188426590148,317.07255383726,2,0.0494689576019129
6748,0.260353897656624,317.119525943055,2,0.0523308675367954
6749,0.250789096126255,317.166498048851,2,0.0595315741426213
6750,0.246102343376375,317.213470154647,2,0.064459155105932
6751,0.247824007651841,317.260442260442,2,0.0625262784452177
6752,0.250310856049737,317.307414366238,2,0.0599873922222625
6753,0.247058823529412,317.354386472034,2,0.0633669429860378
6754,0.249736967957915,317.401358577829,2,0.0605478745460496
6755,0.253084648493544,317.448330683625,2,0.0574807028856145
6756,0.252702056432329,317.49530278942,2,0.0578071811956315
6757,0.246867527498804,317.542274895216,2,0.0635816643423215
6758,0.238163558106169,317.589247001012,2,0.0755312047319941
6759,0.23012912482066,317.636219106807,2,0.0912998631940004
6760,0.224964131994261,317.683191212603,2,0.10464198721975
6761,0.220468675274988,317.730163318399,2,0.118838935729203
6762,0.220755619320899,317.777135424194,2,0.117851472611528
6763,0.220755619320899,317.82410752999,2,0.117851472611528
6764,0.220181731229077,317.871079635786,2,0.119838195606757
6765,0.220277379244381,317.918051741581,2,0.119503789988259
6766,0.223242467718795,317.965023847377,2,0.10976819992277
6767,0.231755141080823,318.011995953172,2,0.0876631558392904
6768,0.240937350549976,318.058968058968,2,0.0712231541722371
6769,0.239120038259206,318.105940164764,2,0.0739874270813423
6770,0.243424198947872,318.152912270559,2,0.0677755969774322
6771,0.248684839789574,318.199884376355,2,0.0616146265285413
6772,0.251267336202774,318.246856482151,2,0.0590858052037525
6773,0.250310856049737,318.293828587946,2,0.0599873922222625
6774,0.248684839789574,318.340800693742,2,0.0616146265285413
6775,0.247728359636538,318.387772799538,2,0.0626297836702916
6776,0.247250119560019,318.434744905333,2,0.0631540563524607
6777,0.239598278335725,318.481717011129,2,0.0732389298684118
6778,0.232520325203252,318.528689116924,2,0.0860359569025024
6779,0.218364418938307,318.57566122272,2,0.126449531812248
6780,0.189478718316595,318.622633328516,2,0.326942838888504
6781,0.152080344332855,318.669605434311,1,0.818857517151422
6782,0.107604017216643,318.716577540107,1,0.994151509073408
6783,0.0703969392635103,318.763549645903,1,0.999874499361149
6784,0.0612147297943568,318.810521751698,1,0.999956665263666
6785,0.0505021520803443,318.857493857494,1,0.999988162305031
6786,0.0457197513151602,318.90446596329,1,0.999993497805194
6787,0.0440937350549976,318.951438069085,1,0.999994710939264
6788,0.0492587278813965,318.998410174881,1,0.999989857974352
6789,0.0567192730750837,319.045382280676,1,0.999974672757671
6790,0.0653275944524151,319.092354386472,1,0.999929835845004
6791,0.0857006217120995,319.139326492268,1,0.999332250643382
6792,0.108943089430894,319.186298598063,1,0.993380207909816
6793,0.128263988522238,319.233270703859,1,0.965082590222533
6794,0.145767575322812,319.280242809655,1,0.876422833362321
6795,0.165758010521282,319.32721491545,1,0.647028776494648
6796,0.17895743663319,319.374187021246,2,0.457566032448005
6797,0.188904830224773,319.421159127042,2,0.333261915508667
6798,0.197895743663319,319.468131232837,2,0.245841035702156
6799,0.20181731229077,319.515103338633,2,0.215208390625361
6800,0.201052128168341,319.562075444428,2,0.220849582169755
6801,0.196843615494978,319.609047550224,2,0.254807920126892
6802,0.191774270683883,319.65601965602,2,0.302675841212265
6803,0.184887613582018,319.702991761815,2,0.380247009600346
6804,0.177522716403635,319.749963867611,2,0.477441106539068
6805,0.168627450980392,319.796935973407,1,0.605717474641097
6806,0.146437111429938,319.843908079202,1,0.871042391759502
6807,0.109038737446198,319.890880184998,1,0.993321640847797
6808,0.0777618364418938,319.937852290794,1,0.999714993111408
6809,0.0446676231468197,319.984824396589,1,0.999994310147751
6810,0.0236250597800096,320.031796502385,1,0.999999651745862
6811,0.0135820181731229,320.07876860818,1,0.999999915551513
6812,0.0131037780966045,320.125740713976,1,0.999999921167186
6813,0.0197991391678623,320.172712819772,1,0.999999795704712
6814,0.028024868483979,320.219684925567,1,0.999999363094875
6815,0.0349115255858441,320.266657031363,1,0.999998395241091
6816,0.0447632711621234,320.313629137159,1,0.99999424055521
6817,0.0723098995695839,320.360601242954,1,0.999844265613687
6818,0.104447632711621,320.40757334875,1,0.995650499063816
6819,0.143185078909613,320.454545454545,1,0.895609477510167
6820,0.169392635102822,320.501517560341,1,0.594591913221204
6821,0.187087517934003,320.548489666137,2,0.353928729697033
6822,0.202295552367288,320.595461771932,2,0.211762677875532
6823,0.215686274509804,320.642433877728,2,0.137139755252129
6824,0.221138211382114,320.689405983524,2,0.116552976462418
6825,0.228598756575801,320.736378089319,2,0.0949570409724091
6826,0.230416068866571,320.783350195115,2,0.0906399030810704
6827,0.232329029172645,320.830322300911,2,0.0864378537141847
6828,0.23299856527977,320.877294406706,2,0.0850452773831557
6829,0.230033476805356,320.924266512502,2,0.0915216227127387
6830,0.22649450023912,320.971238618297,2,0.100384189062095
6831,0.222764227642276,321.018210724093,2,0.111258548612558
6832,0.220468675274988,321.065182829889,2,0.118838935729203
6833,0.21635581061693,321.112154935684,2,0.134356131098722
6834,0.215781922525108,321.15912704148,2,0.13673741188129
6835,0.216642754662841,321.206099147276,2,0.133186311483612
6836,0.217886178861789,321.253071253071,2,0.128273283517454
6837,0.215973218555715,321.300043358867,2,0.135937430385637
6838,0.213964610234338,321.347015464663,2,0.14465695514229
6839,0.215781922525108,321.393987570458,2,0.13673741188129
6840,0.22104256336681,321.440959676254,2,0.116875673557762
6841,0.228216164514586,321.487931782049,2,0.0959085829065004
6842,0.232902917264467,321.534903887845,2,0.0852418185271247
6843,0.237111429937829,321.581875993641,2,0.0773038026187782
6844,0.24208512673362,321.628848099436,2,0.0695856704925891
6845,0.244858919177427,321.675820205232,2,0.0659503069912651
6846,0.249641319942611,321.722792311028,2,0.0606427392980572
6847,0.252702056432329,321.769764416823,2,0.0578071811956315
6848,0.254519368723099,321.816736522619,2,0.0563088258479894
6849,0.253275944524151,321.863708628415,2,0.0573197007431897
6850,0.24830224772836,321.91068073421,2,0.0620154142512223
6851,0.237685318029651,321.957652840006,2,0.0763270797051981
6852,0.228694404591105,322.004624945801,2,0.0947215287537002
6853,0.220468675274988,322.051597051597,2,0.118838935729203
6854,0.21195600191296,322.098569157393,2,0.154117423119416
6855,0.207364897178384,322.145541263188,2,0.178823581452314
6856,0.208990913438546,322.192513368984,2,0.16955479939773
6857,0.217981826877092,322.23948547478,2,0.127905655468335
6858,0.234624581539933,322.286457580575,2,0.0818226876696039
6859,0.252606408417025,322.333429686371,2,0.0578897397635059
6860,0.261214729794357,322.380401792167,2,0.0518426525291173
6861,0.268292682926829,322.427373897962,2,0.0486802254883483
6862,0.275944524151124,322.474346003758,2,0.0467944258300455
6863,0.278335724533716,322.521318109553,2,0.046503553981442
6864,0.276805356288857,322.568290215349,2,0.046673828216976
6865,0.277474892395983,322.615262321145,2,0.0465924102207236
6866,0.277283596365375,322.66223442694,2,0.0466145709531632
6867,0.278240076518412,322.709206532736,2,0.0465125505383408
6868,0.278813964610234,322.756178638532,2,0.0464618489801733
6869,0.277953132472501,322.803150744327,2,0.0465408534578256
6870,0.272405547584888,322.850122850123,2,0.047481386546809
6871,0.264466762314682,322.897094955919,2,0.0502072488498922
6872,0.259206121472979,322.944067061714,2,0.0530195397351895
6873,0.246102343376375,322.99103916751,2,0.064459155105932
6874,0.234911525585844,323.038011273305,2,0.0812766339835788
6875,0.227450980392157,323.084983379101,2,0.0978580077142074
6876,0.227546628407461,323.131955484897,2,0.0976109022672598
6877,0.230224772835964,323.178927590692,2,0.0910789923740708
6878,0.237015781922525,323.225899696488,2,0.0774689234919903
6879,0.249545671927308,323.272871802284,2,0.0607380223354165
6880,0.262266857962697,323.319843908079,2,0.0512779815356449
6881,0.270683883309421,323.366816013875,2,0.0479294892672793
6882,0.278718316594931,323.413788119671,2,0.0464697533186081
6883,0.285413677666188,323.460760225466,2,0.0464402424513431
6884,0.285700621712099,323.507732331262,2,0.046462720144465
6885,0.28130081300813,323.554704437057,2,0.0463326458068542
6886,0.27479674796748,323.601676542853,2,0.0469832932458689
6887,0.268483978957437,323.648648648649,2,0.0486145506311597
6888,0.261884265901483,323.695620754444,2,0.0514792936215457
6889,0.253658536585366,323.74259286024,2,0.0570021238089981
6890,0.248206599713056,323.789564966036,2,0.062116703900588
6891,0.241128646580583,323.836537071831,2,0.0709445642973719
6892,0.237494021999044,323.883509177627,2,0.0766500037289151
6893,0.235772357723577,323.930481283422,2,0.0796777330847968
6894,0.23558106169297,323.977453389218,2,0.0800280198188717
6895,0.233859397417504,324.024425495014,2,0.083311649592848
6896,0.231755141080823,324.071397600809,2,0.0876631558392904
6897,0.238259206121473,324.118369706605,2,0.0753739703608785
6898,0.241511238641798,324.165341812401,2,0.0703942458543906
6899,0.247632711621234,324.212313918196,2,0.062733736597211
6900,0.252606408417025,324.259286023992,2,0.0578897397635059
6901,0.253945480631277,324.306258129788,2,0.0567677788845398
6902,0.25480631276901,324.353230235583,2,0.0560841581584375
6903,0.257101865136298,324.400202341379,2,0.0543984741247096
6904,0.261023433763749,324.447174447174,2,0.0519490836381723
6905,0.26207556193209,324.49414655297,2,0.0513780671542188
6906,0.262745098039216,324.541118658766,2,0.0510327222822828
6907,0.262649450023912,324.588090764561,2,0.0510812106120928
6908,0.261406025824964,324.635062870357,2,0.0517373882032994
6909,0.257675753228121,324.682034976153,2,0.0540070780461563
6910,0.253371592539455,324.729007081948,2,0.0572397548256361
6911,0.251076040172166,324.775979187744,2,0.0592629174161604
6912,0.249736967957915,324.82295129354,2,0.0605478745460496
6913,0.250502152080344,324.869923399335,2,0.0598038484819286
6914,0.252510760401722,324.916895505131,2,0.0579726763177841
6915,0.252606408417025,324.963867610926,2,0.0578897397635059
6916,0.24753706360593,325.010839716722,2,0.0628381387719075
6917,0.239693926351028,325.057811822518,2,0.073091064571275
6918,0.235676709708274,325.104783928313,2,0.079852521208024
6919,0.232424677187948,325.151756034109,2,0.0862365004104595
6920,0.231276901004304,325.198728139905,2,0.0887070930689151
6921,0.228503108560497,325.2457002457,2,0.0951934988136923
6922,0.225059780009565,325.292672351496,2,0.104367835706161
6923,0.220755619320899,325.339644457292,2,0.117851472611528
6924,0.217790530846485,325.386616563087,2,0.128642361058756
6925,0.215686274509804,325.433588668883,2,0.137139755252129
6926,0.212051649928264,325.480560774678,2,0.153649313318739
6927,0.206408417025347,325.527532880474,2,0.184557918452698
6928,0.202391200382592,325.57450498627,2,0.211080843462392
6929,0.197321855571497,325.621477092065,2,0.250691748638546
6930,0.182687709230033,325.668449197861,2,0.407913871789297
6931,0.167479674796748,325.715421303657,1,0.622337258309614
6932,0.150932568149211,325.762393409452,1,0.830464547938266
6933,0.126446676231468,325.809365515248,1,0.969817616462997
6934,0.0998565279770445,325.856337621044,1,0.997201213452672
6935,0.081013868962219,325.903309726839,1,0.999594389510403
6936,0.0700143472022956,325.950281832635,1,0.999879830054451
6937,0.0543280726924916,325.99725393843,1,0.99998105018619
6938,0.0489717838354854,326.044226044226,1,0.999990214584806
6939,0.040650406504065,326.091198150022,1,0.999996600331991
6940,0.0285987565758011,326.138170255817,1,0.999999311442393
6941,0.013868962219034,326.185142361613,1,0.999999911997042
6942,0.00698230511716882,326.232114467409,1,0.999999967678844
6943,0.00659971305595409,326.279086573204,1,0.999999969451035
6944,0.00688665710186514,326.326058679,1,0.99999996813107
6945,0.00277379244380679,326.373030784796,1,0.999999982693
6946,0.00286944045911047,326.420002890591,1,0.999999982443715
6947,0.00334768053562889,326.466974996387,1,0.999999981143771
6948,0.00363462458153993,326.513947102182,1,0.999999980319203
6949,0.00353897656623625,326.560919207978,1,0.999999980597895
6950,0.00277379244380679,326.607891313774,1,0.999999982693
6951,0.00277379244380679,326.654863419569,1,0.999999982693
6952,0.00239120038259206,326.701835525365,1,0.999999983656042
6953,0.00334768053562889,326.748807631161,1,0.999999981143771
6954,0.00420851267336203,326.795779736956,1,0.999999978563152
6955,0.00535628885700622,326.842751842752,1,0.999999974580452
6956,0.00459110473457676,326.889723948547,1,0.999999977308463
6957,0.00267814442850311,326.936696054343,1,0.999999982938829
6958,0.00334768053562889,326.983668160139,1,0.999999981143771
6959,0.00612147297943568,327.030640265934,1,0.999999971533395
6960,0.0087039693926351,327.07761237173,1,0.999999958382816
6961,0.0286944045911047,327.124584477526,1,0.999999302447185
6962,0.0552845528455285,327.171556583321,1,0.999978710882045
6963,0.106838833094213,327.218528689117,1,0.9945537615376
6964,0.150549976087996,327.265500794913,1,0.834221375073864
6965,0.177522716403635,327.312472900708,2,0.477441106539068
6966,0.199043519846963,327.359445006504,2,0.236426369044977
6967,0.21272118603539,327.406417112299,2,0.15042258640456
6968,0.223529411764706,327.453389218095,2,0.10888811436378
6969,0.231755141080823,327.500361323891,2,0.0876631558392904
6970,0.238163558106169,327.547333429686,2,0.0755312047319941
6971,0.244189383070301,327.594305535482,2,0.0667878101005995
6972,0.247632711621234,327.641277641278,2,0.062733736597211
6973,0.247728359636538,327.688249747073,2,0.0626297836702916
6974,0.248015303682449,327.735221852869,2,0.0623206049534845
6975,0.243137254901961,327.782193958665,2,0.068154627211995
6976,0.237589670014347,327.82916606446,2,0.0764882125219662
6977,0.228790052606408,327.876138170256,2,0.0944869584953807
6978,0.21635581061693,327.923110276051,2,0.134356131098722
6979,0.203730272596844,327.970082381847,2,0.201786874674617
6980,0.18364418938307,328.017054487643,2,0.395725630289571
6981,0.156575801052128,328.064026593438,1,0.768687825164459
6982,0.120994739359158,328.110998699234,1,0.980778495119165
6983,0.076518412242946,328.15797080503,1,0.999751340767714
6984,0.0517455762792922,328.204942910825,1,0.99998619456222
6985,0.0345289335246294,328.251915016621,1,0.999998474533963
6986,0.0241989478718317,328.298887122417,1,0.999999622993712
6987,0.0137733142037303,328.345859228212,1,0.99999991319776
6988,0.0110951697752272,328.392831334008,1,0.99999994103283
6989,0.012051649928264,328.439803439803,1,0.999999932271216
6990,0.0137733142037303,328.486775545599,1,0.99999991319776
6991,0.0142515542802487,328.533747651395,1,0.999999907030312
6992,0.0146341463414634,328.58071975719,1,0.999999901790962
6993,0.0157819225251076,328.627691862986,1,0.999999884288209
6994,0.014442850310856,328.674663968782,1,0.999999904445605
6995,0.0124342419894787,328.721636074577,1,0.9999999284221
6996,0.0107125777140124,328.768608180373,1,0.999999944219095
6997,0.00860832137733142,328.815580286169,1,0.999999958961493
6998,0.00746054519368723,328.862552391964,1,0.99999996532216
6999,0.00879961740793878,328.90952449776,1,0.999999957796185
7000,0.0131037780966045,328.956496603555,1,0.999999921167186
7001,0.0103299856527977,329.003468709351,1,0.999999947237323
7002,0.00908656145384983,329.050440815147,1,0.999999955987504
7003,0.00717360114777618,329.097412920942,1,0.999999966755537
7004,0.00573888091822095,329.144385026738,1,0.999999973098979
7005,0.00468675274988044,329.191357132534,1,0.999999976983762
7006,0.00439980870396939,329.238329238329,1,0.999999977944512
7007,0.00411286465805835,329.285301344125,1,0.99999997886609
7008,0.00459110473457676,329.332273449921,1,0.999999977308463
7009,0.013868962219034,329.379245555716,1,0.999999911997042
7010,0.0188426590148254,329.426217661512,1,0.99999982142635
7011,0.0298421807747489,329.473189767307,1,0.999999185196191
7012,0.052415112386418,329.520161873103,1,0.999985007936635
7013,0.0916307986609278,329.567133978899,1,0.998766496136078
7014,0.133811573409852,329.614106084694,1,0.94636198920747
7015,0.168818747011,329.66107819049,1,0.602938822433546
7016,0.189956958393113,329.708050296286,2,0.32175375403632
7017,0.21090387374462,329.755022402081,2,0.159387132179976
7018,0.220851267336203,329.801994507877,2,0.117524916770713
7019,0.233189861310378,329.848966613673,2,0.0846545657619439
7020,0.239980870396939,329.895938719468,2,0.0726510960068104
7021,0.242754662840746,329.942910825264,2,0.0686674398759256
7022,0.242372070779531,329.989882931059,2,0.0691888685455607
7023,0.241319942611191,330.036855036855,2,0.0706682671517985
7024,0.239502630320421,330.083827142651,2,0.0733874034962532
7025,0.241606886657102,330.130799248446,2,0.0702580834146104
7026,0.23663318986131,330.177771354242,2,0.0781361682209344
7027,0.232233381157341,330.224743460038,2,0.086640019951054
7028,0.230989956958393,330.271715565833,2,0.0893436089181984
7029,0.234911525585844,330.318687671629,2,0.0812766339835788
7030,0.237589670014347,330.365659777425,2,0.0764882125219662
7031,0.236250597800096,330.41263188322,2,0.0788143552658313
7032,0.232615973218556,330.459603989016,2,0.0858362200657102
7033,0.231563845050215,330.506576094811,2,0.0880782119754368
7034,0.233572453371593,330.553548200607,2,0.0838825402597013
7035,0.235772357723577,330.600520306403,2,0.0796777330847968
7036,0.235389765662362,330.647492412198,2,0.0803811594089608
7037,0.237876614060258,330.694464517994,2,0.0760067792966342
7038,0.243711142993783,330.74143662379,2,0.0674012914585003
7039,0.249258727881396,330.788408729585,2,0.0610263952394684
7040,0.251458632233381,330.835380835381,2,0.0589102746997196
7041,0.246389287422286,330.882352941177,2,0.0641265790375521
7042,0.242754662840746,330.929325046972,2,0.0686674398759256
7043,0.235389765662362,330.976297152768,2,0.0803811594089608
7044,0.227737924438068,331.023269258563,2,0.0971196480850712
7045,0.222668579626973,331.070241364359,2,0.111560190002029
7046,0.214825442372071,331.117213470155,2,0.140832444752304
7047,0.203921568627451,331.16418557595,2,0.200496984832834
7048,0.196556671449067,331.211157681746,2,0.257310095099331
7049,0.190817790530846,331.258129787542,2,0.312590169697765
7050,0.176087996174079,331.305101893337,2,0.497663219429056
7051,0.156958393113343,331.352073999133,1,0.764088701376905
7052,0.138976566236251,331.399046104929,1,0.921814883604884
7053,0.122620755619321,331.446018210724,1,0.977962455851285
7054,0.107986609277857,331.49299031652,1,0.993940149866041
7055,0.100621712099474,331.539962422315,1,0.996985327406599
7056,0.100813008130081,331.586934528111,1,0.996928960232294
7057,0.0968914395026303,331.633906633907,1,0.99790791060809
7058,0.102630320420851,331.680878739702,1,0.996341787338701
7059,0.114777618364419,331.727850845498,1,0.988783631011068
7060,0.129220468675275,331.774822951294,1,0.962336164576479
7061,0.140219990435198,331.821795057089,1,0.914694709371317
7062,0.145098039215686,331.868767162885,1,0.881634334176337
7063,0.149497847919656,331.91573926868,1,0.84426172872172
7064,0.154471544715447,331.962711374476,1,0.793082119713855
7065,0.162984218077475,332.009683480272,1,0.685887352686884
7066,0.173122907699665,332.056655586067,1,0.540272341497563
7067,0.18622668579627,332.103627691863,2,0.364060756060162
7068,0.191965566714491,332.150599797659,2,0.300726801227912
7069,0.191104734576758,332.197571903454,2,0.309586281689715
7070,0.186609277857484,332.24454400925,2,0.359530844513728
7071,0.182209469153515,332.291516115046,2,0.414096296096398
7072,0.179053084648494,332.338488220841,2,0.456254829945415
7073,0.181731229076997,332.385460326637,2,0.42033572373025
7074,0.183931133428981,332.432432432432,2,0.392116293812806
7075,0.185844093735055,332.479404538228,2,0.3686331224156
7076,0.186035389765662,332.526376644024,2,0.366341657239331
7077,0.189765662362506,332.573348749819,2,0.323820988805024
7078,0.197513151602104,332.620320855615,2,0.249064131512111
7079,0.206599713055954,332.667292961411,2,0.18339391402862
7080,0.211477761836442,332.714265067206,2,0.156485175223385
7081,0.219703491152559,332.761237173002,2,0.12153020804589
7082,0.228024868483979,332.808209278798,2,0.0963901015237816
7083,0.237685318029651,332.855181384593,2,0.0763270797051981
7084,0.244285031085605,332.902153490389,2,0.0666666512763195
7085,0.248015303682449,332.949125596184,2,0.0623206049534845
7086,0.254041128646581,332.99609770198,2,0.056690388870516
7087,0.260353897656624,333.043069807776,2,0.0523308675367954
7088,0.264084170253467,333.090041913571,2,0.0503830292656508
7089,0.264466762314682,333.137014019367,2,0.0502072488498922
7090,0.263988522238164,333.183986125163,2,0.0504276513499377
7091,0.260066953610713,333.230958230958,2,0.0524989517998333
7092,0.255284552845528,333.277930336754,2,0.0557167354548578
7093,0.250502152080344,333.32490244255,2,0.0598038484819286
7094,0.247250119560019,333.371874548345,2,0.0631540563524607
7095,0.243232902917264,333.418846654141,2,0.068027755655273
7096,0.240172166427547,333.465818759936,2,0.0723607839201339
7097,0.230320420851267,333.512790865732,2,0.0908590068121667
7098,0.229172644667623,333.559762971528,2,0.0935580243141087
7099,0.228981348637016,333.606735077323,2,0.0940206292814893
7100,0.231372549019608,333.653707183119,2,0.0884966221095751
7101,0.236059301769488,333.700679288915,2,0.0791576045786584
7102,0.241989478718317,333.74765139471,2,0.0697190400203203
7103,0.24753706360593,333.794623500506,2,0.0628381387719075
7104,0.252032520325203,333.841595606301,2,0.0583930712961004
7105,0.259780009564802,333.888567712097,2,0.0526697441203885
7106,0.261406025824964,333.935539817893,2,0.0517373882032994
7107,0.264275466284075,333.982511923688,2,0.0502945986933735
7108,0.26676231468197,334.029484029484,2,0.0492416536634819
7109,0.266857962697274,334.07645613528,2,0.0492046676234185
7110,0.26389287422286,334.123428241075,2,0.0504725454541739
7111,0.261406025824964,334.170400346871,2,0.0517373882032994
7112,0.260066953610713,334.217372452667,2,0.0524989517998333
7113,0.247728359636538,334.264344558462,2,0.0626297836702916
7114,0.242372070779531,334.311316664258,2,0.0691888685455607
7115,0.232329029172645,334.358288770053,2,0.0864378537141847
7116,0.223816355810617,334.405260875849,2,0.108018473680644
7117,0.221425155428025,334.452232981645,2,0.115592525200744
7118,0.218460066953611,334.49920508744,2,0.126089071564395
7119,0.207173601147776,334.546177193236,2,0.179953412345675
7120,0.194165471066475,334.593149299032,2,0.27912177845767
7121,0.179053084648494,334.640121404827,2,0.456254829945415
7122,0.168914395026303,334.687093510623,1,0.601548750195736
7123,0.155714968914395,334.734065616419,1,0.778854388192994
7124,0.146532759445242,334.781037722214,1,0.870259879312898
7125,0.139359158297465,334.82800982801,1,0.919677519809562
7126,0.136489717838355,334.874981933805,1,0.934598354872085
7127,0.136585365853659,334.921954039601,1,0.934141039967144
7128,0.138402678144428,334.968926145397,1,0.924933630651947
7129,0.145002391200383,335.015898251192,1,0.882365138586777
7130,0.156288857006217,335.062870356988,1,0.772104846299252
7131,0.169392635102822,335.109842462784,1,0.594591913221204
7132,0.176661884265901,335.156814568579,2,0.489536719151404
7133,0.179435676709708,335.203786674375,2,0.451028379211356
7134,0.178670492587279,335.250758780171,2,0.461510396244249
7135,0.177809660449546,335.297730885966,2,0.473436373171016
7136,0.177044476327116,335.344702991762,2,0.4841463092755
7137,0.175227164036346,335.391675097557,1,0.509936516449071
7138,0.185557149689144,335.438647203353,2,0.372090012903443
7139,0.198947871831659,335.485619309149,2,0.237196460723984
7140,0.214729794356767,335.532591414944,2,0.141250803746474
7141,0.230703012912482,335.57956352074,2,0.089987848803244
7142,0.240076518412243,335.626535626536,2,0.0725056414250912
7143,0.252032520325203,335.673507732331,2,0.0583930712961004
7144,0.268005738880918,335.720479838127,2,0.048780599162225
7145,0.274605451936872,335.767451943923,2,0.0470179121727701
7146,0.2831181252989,335.814424049718,2,0.0463308202960253
7147,0.288283118125299,335.861396155514,2,0.0467537638670163
7148,0.285318029650885,335.908368261309,2,0.0464331856719354
7149,0.280631276901004,335.955340367105,2,0.0463530056947442
7150,0.279196556671449,336.002312472901,2,0.0464324117711745
7151,0.276040172166428,336.049284578696,2,0.0467801383328022
7152,0.273457675753228,336.096256684492,2,0.0472446409446815
7153,0.270492587278814,336.143228790288,2,0.0479839978376854
7154,0.272596843615495,336.190200896083,2,0.0474362674315075
7155,0.271066475370636,336.237173001879,2,0.0478233233078371
7156,0.266475370636059,336.284145107675,2,0.0493541480330719
7157,0.261119081779053,336.33111721347,2,0.0518957218652538
7158,0.258249641319943,336.378089319266,2,0.0536272813833806
7159,0.257101865136298,336.425061425061,2,0.0543984741247096
7160,0.255762792922047,336.472033530857,2,0.055357977966237
7161,0.25844093735055,336.519005636653,2,0.0535032264534382
7162,0.261406025824964,336.565977742448,2,0.0517373882032994
7163,0.260736489717838,336.612949848244,2,0.0521109310641558
7164,0.255475848876136,336.65992195404,2,0.0555721999101391
7165,0.247728359636538,336.706894059835,2,0.0626297836702916
7166,0.240650406504065,336.753866165631,2,0.0716453751530408
7167,0.237015781922525,336.800838271427,2,0.0774689234919903
7168,0.237780966044955,336.847810377222,2,0.0761666027895285
7169,0.225920612147298,336.894782483018,2,0.101949077921866
7170,0.233572453371593,336.941754588813,2,0.0838825402597013
7171,0.241893830703013,336.988726694609,2,0.0698529640315517
7172,0.250406504065041,337.035698800405,2,0.059895416706603
7173,0.256432329029173,337.0826709062,2,0.0548700308438556
7174,0.256145384983262,337.129643011996,2,0.0550771244047282
7175,0.25480631276901,337.176615117792,2,0.0560841581584375
7176,0.256910569105691,337.223587223587,2,0.0545315515641761
7177,0.256336681013869,337.270559329383,2,0.0549387262439138
7178,0.254232424677188,337.317531435179,2,0.0565366895702399
7179,0.254041128646581,337.364503540974,2,0.056690388870516
7180,0.256241032998565,337.41147564677,2,0.0550077571021427
7181,0.259493065518891,337.458447752565,2,0.0528432661056237
7182,0.261119081779053,337.505419858361,2,0.0518957218652538
7183,0.261788617886179,337.552391964157,2,0.0515303364342467
7184,0.262840746054519,337.599364069952,2,0.0509845143590302
7185,0.264179818268771,337.646336175748,2,0.0503386785844323
7186,0.26207556193209,337.693308281544,2,0.0513780671542188
7187,0.260449545671927,337.740280387339,2,0.0522754375582797
7188,0.26025824964132,337.787252493135,2,0.0523865960477568
7189,0.26207556193209,337.834224598931,2,0.0513780671542188
7190,0.260162601626016,337.881196704726,2,0.0524426238732378
7191,0.253945480631277,337.928168810522,2,0.0567677788845398
7192,0.248110951697752,337.975140916317,2,0.0622184336314831
7193,0.230703012912482,338.022113022113,2,0.089987848803244
7194,0.220468675274988,338.069085127909,2,0.118838935729203
7195,0.206886657101865,338.116057233704,2,0.181664051857211
7196,0.193974175035868,338.1630293395,2,0.280941568610528
7197,0.187374461979914,338.210001445296,2,0.350599865606303
7198,0.188904830224773,338.256973551091,2,0.333261915508667
7199,0.200573888091822,338.303945656887,2,0.22445644338827
7200,0.213008130081301,338.350917762683,2,0.149066179234255
7201,0.222381635581062,338.397889868478,2,0.112472339771757
7202,0.230798660927786,338.444861974274,2,0.0897722383933585
7203,0.238259206121473,338.491834080069,2,0.0753739703608785
7204,0.241511238641798,338.538806185865,2,0.0703942458543906
7205,0.24648493543759,338.585778291661,2,0.064016662601564
7206,0.250884744141559,338.632750397456,2,0.0594416217033948
7207,0.253945480631277,338.679722503252,2,0.0567677788845398
7208,0.25480631276901,338.726694609048,2,0.0560841581584375
7209,0.258153993304639,338.773666714843,2,0.0536897836181953
7210,0.261214729794357,338.820638820639,2,0.0518426525291173
7211,0.266857962697274,338.867610926435,2,0.0492046676234185
7212,0.269153515064562,338.91458303223,2,0.0483924505454607
7213,0.265805834528934,338.961555138026,2,0.0496256629787576
7214,0.264179818268771,339.008527243821,2,0.0503386785844323
7215,0.260927785748446,339.055499349617,2,0.0520027385943246
7216,0.255571496891439,339.102471455413,2,0.055500449441083
7217,0.250502152080344,339.149443561208,2,0.0598038484819286
7218,0.253084648493544,339.196415667004,2,0.0574807028856145
7219,0.247919655667145,339.2433877728,2,0.0624232193833841
7220,0.238737446197991,339.290359878595,2,0.0745973682411318
7221,0.233476805356289,339.337331984391,2,0.0840743794537195
7222,0.228981348637016,339.384304090187,2,0.0940206292814893
7223,0.22544237207078,339.431276195982,2,0.103282100347291
7224,0.225633668101387,339.478248301778,2,0.102745696634026
7225,0.220277379244381,339.525220407573,2,0.119503789988259
7226,0.221520803443329,339.572192513369,2,0.115274905426971
7227,0.219703491152559,339.619164619165,2,0.12153020804589
7228,0.212816834050693,339.66613672496,2,0.149968701680219
7229,0.20286944045911,339.713108830756,2,0.207707894477036
7230,0.193687230989957,339.760080936552,2,0.283692224295049
7231,0.185557149689144,339.807053042347,2,0.372090012903444
7232,0.179913916786227,339.854025148143,2,0.444537807412082
7233,0.168149210903874,339.900997253938,1,0.612654250235652
7234,0.164705882352941,339.947969359734,1,0.661924622249848
7235,0.165088474414156,339.99494146553,1,0.656527702404677
7236,0.171879483500717,340.041913571325,1,0.558347744830464
7237,0.182400765184122,340.088885677121,2,0.411616404507262
7238,0.193782879005261,340.135857782917,2,0.282772540517038
7239,0.206025824964132,340.182829888712,2,0.18691198412099
7240,0.216451458632233,340.229801994508,2,0.133964661937139
7241,0.229650884744142,340.276774100304,2,0.092417617068085
7242,0.236346245815399,340.323746206099,2,0.0786437735181287
7243,0.241606886657102,340.370718311895,2,0.0702580834146104
7244,0.245528455284553,340.41769041769,2,0.0651371778761468
7245,0.250980392156863,340.464662523486,2,0.0593520698985224
7246,0.251458632233381,340.511634629282,2,0.0589102746997196
7247,0.252415112386418,340.558606735077,2,0.0580559920641327
7248,0.255188904830225,340.605578840873,2,0.055789522604062
7249,0.259206121472979,340.652550946669,2,0.0530195397351895
7250,0.267910090865615,340.699523052464,2,0.0488145552443266
7251,0.277570540411286,340.74649515826,2,0.0465816597160876
7252,0.285413677666188,340.793467264056,2,0.0464402424513431
7253,0.291917742706839,340.840439369851,2,0.0474387602800737
7254,0.296508847441416,340.887411475647,2,0.0487843756595022
7255,0.296221903395505,340.934383581442,2,0.0486839187214662
7256,0.292682926829268,340.981355687238,2,0.0476250171335205
7257,0.286370157819225,341.028327793034,2,0.0465228077231068
7258,0.287422285987566,341.075299898829,2,0.0466389237623556
7259,0.287709230033477,341.122272004625,2,0.0466752135527644
7260,0.285987565758011,341.169244110421,2,0.0464871609998869
7261,0.281779053084649,341.216216216216,2,0.0463245956565209
7262,0.277283596365375,341.263188322012,2,0.0466145709531632
7263,0.272405547584888,341.310160427808,2,0.047481386546809
7264,0.269727403156384,341.357132533603,2,0.0482116055427567
7265,0.265136298421808,341.404104639399,2,0.0499099660522105
7266,0.267910090865615,341.451076745194,2,0.0488145552443266
7267,0.270109995217599,341.49804885099,2,0.0480958809164252
7268,0.268866571018651,341.545020956786,2,0.0484861630677276
7269,0.265423242467719,341.591993062581,2,0.0497865439050432
7270,0.264466762314682,341.638965168377,2,0.0502072488498922
7271,0.265231946437111,341.685937274173,2,0.0498685612182413
7272,0.265997130559541,341.732909379968,2,0.0495467905202535
7273,0.270205643232903,341.779881485764,2,0.0480675509635248
7274,0.278813964610234,341.826853591559,2,0.0464618489801733
7275,0.287039693926351,341.873825697355,2,0.0465936234092468
7276,0.290674318507891,341.920797803151,2,0.0471675896492243
7277,0.292491630798661,341.967769908946,2,0.0475770569730928
7278,0.292109038737446,342.014742014742,2,0.0474839310574665
7279,0.289335246293639,342.061714120538,2,0.0469185621036019
7280,0.285796269727403,342.108686226333,2,0.0464706488270302
7281,0.290769966523195,342.155658332129,2,0.0471870759641113
7282,0.291630798660928,342.202630437925,2,0.0473727374746746
7283,0.293448110951698,342.24960254372,2,0.047826233454205
7284,0.296413199426112,342.296574649516,2,0.0487506411729034
7285,0.299856527977044,342.343546755311,2,0.0501257599379758
7286,0.300239120038259,342.390518861107,2,0.0502995037868602
7287,0.3012912482066,342.437490966903,2,0.0507997143517398
7288,0.301578192252511,342.484463072698,2,0.0509419202226855
7289,0.297274031563845,342.531435178494,2,0.0490632712317744
7290,0.293735054997609,342.57840728429,2,0.0479055813905712
7291,0.28493543758967,342.625379390085,2,0.0464071349881282
7292,0.274222859875658,342.672351495881,2,0.0470898586122341
7293,0.265136298421808,342.719323601677,2,0.0499099660522105
7294,0.256719273075084,342.766295707472,2,0.0546659476090784
7295,0.246867527498804,342.813267813268,2,0.0635816643423215
7296,0.237876614060258,342.860239919063,2,0.0760067792966342
7297,0.23299856527977,342.907212024859,2,0.0850452773831557
7298,0.232807269249163,342.954184130655,2,0.0854391539708544
7299,0.234720229555237,343.00115623645,2,0.0816399324697474
7300,0.24026781444285,343.048128342246,2,0.0722165212708814
7301,0.247824007651841,343.095100448042,2,0.0625262784452177
7302,0.255571496891439,343.142072553837,2,0.055500449441083
7303,0.261597321855571,343.189044659633,2,0.0516332847765656
7304,0.2649450023912,343.236016765429,2,0.049993570924846
7305,0.268962219033955,343.282988871224,2,0.0484546807386109
7306,0.274414155906265,343.32996097702,2,0.047053433326019
7307,0.279674796747967,343.376933082815,2,0.0464005134400996
7308,0.282352941176471,343.423905188611,2,0.0463220729744149
7309,0.285796269727403,343.470877294407,2,0.0464706488270302
7310,0.288952654232425,343.517849400202,2,0.046855510916128
7311,0.289717838354854,343.564821505998,2,0.0469852009283129
7312,0.287326637972262,343.611793611794,2,0.0466272683391492
7313,0.291343854615017,343.658765717589,2,0.0473087876083592
7314,0.282544237207078,343.705737823385,2,0.0463229621138429
7315,0.272118603538977,343.752709929181,2,0.0475508044085073
7316,0.263223338115734,343.799682034976,2,0.050794473400354
7317,0.25480631276901,343.846654140772,2,0.0560841581584375
7318,0.24571975131516,343.893626246567,2,0.0649092478018456
7319,0.235676709708274,343.940598352363,2,0.079852521208024
7320,0.227546628407461,343.987570458159,2,0.0976109022672598
7321,0.232520325203252,344.034542563954,2,0.0860359569025024
7322,0.236346245815399,344.08151466975,2,0.0786437735181287
7323,0.240459110473458,344.128486775546,2,0.0719297717043699
7324,0.243998087039694,344.175458881341,2,0.0670316596585312
7325,0.248397895743663,344.222430987137,2,0.061914563180998
7326,0.25375418460067,344.269403092933,2,0.0569236452277129
7327,0.261214729794357,344.316375198728,2,0.0518426525291173
7328,0.266284074605452,344.363347304524,2,0.0494304296329093
7329,0.269153515064562,344.410319410319,2,0.0483924505454607
7330,0.273170731707317,344.457291516115,2,0.0473064489514662
7331,0.277092300334768,344.504263621911,2,0.0466376123084876
7332,0.278622668579627,344.551235727706,2,0.0464778758780935
7333,0.277379244380679,344.598207833502,2,0.0466033805842215
7334,0.277379244380679,344.645179939298,2,0.0466033805842215
7335,0.279292204686753,344.692152045093,2,0.0464255970141842
7336,0.281205164992826,344.739124150889,2,0.0463349049146236
7337,0.282639885222382,344.786096256685,2,0.0463237310752799
7338,0.280153036824486,344.83306836248,2,0.0463740476887934
7339,0.276518412242946,344.880040468276,2,0.0467120326673552
7340,0.271353419416547,344.927012574071,2,0.0477461823395331
7341,0.266092778574845,344.973984679867,2,0.049507744386976
7342,0.262553802008608,345.020956785663,2,0.0511299800222706
7343,0.259780009564802,345.067928891458,2,0.0526697441203885
7344,0.258823529411765,345.114900997254,2,0.0532588902716002
7345,0.255380200860832,345.16187310305,2,0.0556442949033767
7346,0.255667144906743,345.208845208845,2,0.0554290424675443
7347,0.256241032998565,345.255817314641,2,0.0550077571021427
7348,0.255188904830225,345.302789420437,2,0.055789522604062
7349,0.25480631276901,345.349761526232,2,0.0560841581584375
7350,0.256049736967958,345.396733632028,2,0.0551468291430987
7351,0.259493065518891,345.443705737823,2,0.0528432661056237
7352,0.261597321855571,345.490677843619,2,0.0516332847765656
7353,0.25844093735055,345.537649949415,2,0.0535032264534382
7354,0.259780009564802,345.58462205521,2,0.0526697441203885
7355,0.261979913916786,345.631594161006,2,0.051428537430701
7356,0.262840746054519,345.678566266802,2,0.0509845143590302
7357,0.262745098039216,345.725538372597,2,0.0510327222822828
7358,0.26207556193209,345.772510478393,2,0.0513780671542188
7359,0.265136298421808,345.819482584189,2,0.0499099660522105
7360,0.268483978957437,345.866454689984,2,0.0486145506311597
7361,0.269631755141081,345.91342679578,2,0.048241139864567
7362,0.270779531324725,345.960398901575,2,0.0479025919244196
7363,0.271544715447154,346.007371007371,2,0.0476959324098638
7364,0.270779531324725,346.054343113167,2,0.0479025919244195
7365,0.269153515064562,346.101315218962,2,0.0483924505454607
7366,0.266666666666667,346.148287324758,2,0.0492788954045239
7367,0.264849354375897,346.195259430554,2,0.0500357721150337
7368,0.264084170253467,346.242231536349,2,0.0503830292656508
7369,0.263414634146341,346.289203642145,2,0.0507011181450671
7370,0.264466762314682,346.336175747941,2,0.0502072488498922
7371,0.265423242467719,346.383147853736,2,0.0497865439050432
7372,0.265901482544237,346.430119959532,2,0.0495860965376357
7373,0.266188426590148,346.477092065327,2,0.0494689576019129
7374,0.267718794835007,346.524064171123,2,0.048883217468093
7375,0.270205643232903,346.571036276919,2,0.0480675509635248
7376,0.272118603538977,346.618008382714,2,0.0475508044085073
7377,0.275370636059302,346.66498048851,2,0.0468848314920389
7378,0.276805356288857,346.711952594306,2,0.046673828216976
7379,0.277187948350072,346.758924700101,2,0.0466259814770863
7380,0.27766618842659,346.805896805897,2,0.0465711289266848
7381,0.276231468197035,346.852868911692,2,0.0467522302582466
7382,0.276518412242946,346.899841017488,2,0.0467120326673552
7383,0.277761836441894,346.946813123284,2,0.0465608177118368
7384,0.279961740793879,346.993785229079,2,0.0463839826849647
7385,0.273935915829747,347.040757334875,2,0.0471461960827314
7386,0.271353419416547,347.087729440671,2,0.0477461823395331
7387,0.267718794835007,347.134701546466,2,0.048883217468093
7388,0.261884265901483,347.181673652262,2,0.0514792936215457
7389,0.259206121472979,347.228645758058,2,0.0530195397351895
7390,0.25844093735055,347.275617863853,2,0.0535032264534382
7391,0.256336681013869,347.322589969649,2,0.0549387262439138
7392,0.254136776661884,347.369562075444,2,0.0566133594696695
7393,0.257962697274032,347.41653418124,2,0.0538157420536078
7394,0.256241032998565,347.463506287036,2,0.0550077571021427
7395,0.256241032998565,347.510478392831,2,0.0550077571021427
7396,0.25844093735055,347.557450498627,2,0.0535032264534382
7397,0.26131037780966,347.604422604423,2,0.0517898748876972
7398,0.262266857962697,347.651394710218,2,0.0512779815356449
7399,0.262458153993305,347.698366816014,2,0.0511790311907901
7400,0.262266857962697,347.74533892181,2,0.0512779815356449
7401,0.263032042085127,347.792311027605,2,0.0508889370576914
7402,0.262840746054519,347.839283133401,2,0.0509845143590302
7403,0.262649450023912,347.886255239196,2,0.0510812106120928
7404,0.261214729794357,347.933227344992,2,0.0518426525291173
7405,0.259875657580105,347.980199450788,2,0.0526125111254425
7406,0.258153993304639,348.027171556583,2,0.0536897836181953
7407,0.258823529411765,348.074143662379,2,0.0532588902716002
7408,0.260353897656624,348.121115768175,2,0.0523308675367954
7409,0.263605930176949,348.16808787397,2,0.050608866115238
7410,0.267336202773792,348.215059979766,2,0.0490235553448851
7411,0.270875179340029,348.262032085562,2,0.0478759320567677
7412,0.272788139646102,348.309004191357,2,0.0473920730392417
7413,0.27403156384505,348.355976297153,2,0.0471271899872415
7414,0.275466284074605,348.402948402948,2,0.0468692056566004
7415,0.27403156384505,348.449920508744,2,0.0471271899872415
7416,0.271927307508369,348.49689261454,2,0.0475982460812965
7417,0.273170731707317,348.543864720335,2,0.0473064489514662
7418,0.270492587278814,348.590836826131,2,0.0479839978376854
7419,0.269153515064562,348.637808931927,2,0.0483924505454607
7420,0.269631755141081,348.684781037722,2,0.048241139864567
7421,0.268866571018651,348.731753143518,2,0.0484861630677276
7422,0.267910090865615,348.778725249314,2,0.0488145552443266
7423,0.270014347202296,348.825697355109,2,0.0481244509618576
7424,0.273553323768532,348.872669460905,2,0.0472244958441905
7425,0.277570540411286,348.9196415667,2,0.0465816597160876
7426,0.277379244380679,348.966613672496,2,0.0466033805842215
7427,0.27661406025825,349.013585778292,2,0.0466990766225643
7428,0.275274988043998,349.060557884087,2,0.0469006810989667
7429,0.276518412242946,349.107529989883,2,0.0467120326673552
7430,0.278909612625538,349.154502095679,2,0.0464541627573125
7431,0.279866092778575,349.201474201474,2,0.0463892757646497
7432,0.278240076518412,349.24844630727,2,0.0465125505383408
7433,0.276709708273553,349.295418413066,2,0.0466863418625433
7434,0.272692491630799,349.342390518861,2,0.0474140547949814
7435,0.268962219033955,349.389362624657,2,0.0484546807386109
7436,0.270683883309421,349.436334730452,2,0.0479294892672793
7437,0.274222859875658,349.483306836248,2,0.0470898586122341
7438,0.278048780487805,349.530278942044,2,0.0465312001520318
7439,0.281013868962219,349.577251047839,2,0.0463400724314112
7440,0.282926829268293,349.624223153635,2,0.0463273356580889
7441,0.283787661406026,349.671195259431,2,0.046349833788932
7442,0.285031085604974,349.718167365226,2,0.0464133213706462
7443,0.283405069344811,349.765139471022,2,0.0463376700913923
7444,0.278048780487805,349.812111576817,2,0.0465312001520318
7445,0.283596365375418,349.859083682613,2,0.0463433188689432
