"y","mean_gray","position..mm.","facies_class","facies_prob"
532,0.114203730272597,25.1409163173869,2,1.10748099757404e-07
533,0.143950263032042,25.1878884231826,2,4.59301570377672e-13
534,0.161262553802009,25.2348605289782,2,7.90935593635326e-17
535,0.172357723577236,25.2818326347738,2,1.69440793365425e-19
536,0.179053084648494,25.3288047405695,2,3.28574165404623e-21
537,0.180583452893352,25.3757768463651,2,1.30084756309651e-21
538,0.175514108082257,25.4227489521607,2,2.70063062883269e-20
539,0.173218555714969,25.4697210579564,2,1.03088543813564e-19
540,0.172070779531325,25.516693163752,2,1.99834562265479e-19
541,0.171305595408895,25.5636652695476,2,3.09780217416116e-19
542,0.174270683883309,25.6106373753433,2,5.5938374983772e-20
543,0.184791965566714,25.6576094811389,2,9.68896006341155e-23
544,0.194356767097083,25.7045815869345,2,2.02337394676007e-25
545,0.195026303204209,25.7515536927302,2,1.29545878737262e-25
546,0.197226207556193,25.7985257985258,2,2.95554471221381e-26
547,0.195695839311334,25.8454979043214,2,8.27920184682403e-26
548,0.192156862745098,25.8924700101171,2,8.64631556161544e-25
549,0.189191774270684,25.9394421159127,2,5.9359011267861e-24
550,0.181635581061693,25.9864142217084,2,6.84189522610176e-22
551,0.178574844571975,26.033386327504,2,4.3806724876624e-21
552,0.183452893352463,26.0803584332996,2,2.23136957386516e-22
553,0.177522716403635,26.1273305390953,2,8.2209999780365e-21
554,0.17714012434242,26.1743026448909,2,1.03241983378995e-20
555,0.176853180296509,26.2212747506865,2,1.22429810215199e-20
556,0.175992348158776,26.2682468564822,2,2.03759285645521e-20
557,0.176853180296509,26.3152189622778,2,1.22429810215199e-20
558,0.178479196556671,26.3621910680734,2,4.63953087523797e-21
559,0.178287900526064,26.4091631738691,2,5.20346310693633e-21
560,0.176183644189383,26.4561352796647,2,1.81998076617079e-20
561,0.164131994261119,26.5031073854603,2,1.68886411599305e-17
562,0.163653754184601,26.550079491256,2,2.1892595799899e-17
563,0.160688665710187,26.5970515970516,2,1.07306109998404e-16
564,0.158775705404113,26.6440237028472,2,2.94001510468939e-16
565,0.157532281205165,26.6909958086429,2,5.61927835908956e-16
566,0.15351506456241,26.7379679144385,2,4.38096197754467e-15
567,0.150263032042085,26.7849400202342,2,2.21162977941792e-14
568,0.150549976087996,26.8319121260298,2,1.92019039257504e-14
569,0.144237207077953,26.8788842318254,2,4.01390896438867e-13
570,0.136681013868962,26.9258563376211,2,1.26575439035063e-11
571,0.133428981348637,26.9728284434167,2,5.25213761784038e-11
572,0.13065518890483,27.0198005492123,2,1.71651949008231e-10
573,0.123481587757054,27.066772655008,2,3.23861530802739e-09
574,0.120994739359158,27.1137447608036,2,8.59682670545052e-09
575,0.128742228598757,27.1607168665992,2,3.82386116628044e-10
576,0.137350549976088,27.2076889723949,2,9.39944341256282e-12
577,0.142611190817791,27.2546610781905,2,8.58120713512862e-13
578,0.142706838833094,27.3016331839861,2,8.20826493361587e-13
579,0.140985174557628,27.3486052897818,2,1.81731067133438e-12
580,0.138307030129125,27.3955773955774,2,6.12727318714676e-12
581,0.139167862266858,27.442549501373,2,4.15730148729865e-12
582,0.14519368723099,27.4895216071687,2,2.55588090977768e-13
583,0.154184600669536,27.5364937129643,2,3.1240459613313e-15
584,0.160019129603061,27.58346581876,2,1.52935098151821e-16
585,0.167479674796748,27.6304379245556,2,2.67917759936255e-18
586,0.171209947393592,27.6774100303512,2,3.27175702865975e-19
587,0.171114299378288,27.7243821361469,2,3.45535566696501e-19
588,0.164705882352941,27.7713542419425,2,1.23552167280777e-17
589,0.15533237685318,27.8183263477381,2,1.7430255846248e-15
590,0.149784791965567,27.8652984535338,2,2.79707338480538e-14
591,0.1480631276901,27.9122705593294,2,6.4697983638317e-14
592,0.147871831659493,27.959242665125,2,7.09689567640875e-14
593,0.151315160210426,28.0062147709207,2,1.31540550638025e-14
594,0.156958393113343,28.0531868767163,2,7.56278669448732e-16
595,0.164323290291726,28.1001589825119,2,1.52197463124088e-17
596,0.170540411286466,28.1471310883076,2,4.79109413044148e-19
597,0.172070779531325,28.1941031941032,2,1.99834562265479e-19
598,0.170349115255858,28.2410752998988,2,5.34101447523699e-19
599,0.170540411286466,28.2880474056945,2,4.79109413044148e-19
600,0.171401243424199,28.3350195114901,2,2.93299051994655e-19
601,0.16700143472023,28.3819916172857,2,3.49444628916049e-18
602,0.16987087517934,28.4289637230814,2,7.00363599282616e-19
603,0.173601147776184,28.475935828877,2,8.25821164122083e-20
604,0.174653275944524,28.5229079346727,2,4.47393261602048e-20
605,0.17532281205165,28.5698800404683,2,3.02198920814063e-20
606,0.176087996174079,28.6168521462639,2,1.92575073882908e-20
607,0.175609756097561,28.6638242520596,2,2.55286276801956e-20
608,0.173696795791487,28.7107963578552,2,7.81205742486436e-20
609,0.17895743663319,28.7577684636508,2,3.48054319703562e-21
610,0.177809660449546,28.8047405694465,2,6.92720092865926e-21
611,0.176757532281205,28.8517126752421,2,1.29578264807954e-20
612,0.175418460066954,28.8986847810377,2,2.85684711965534e-20
613,0.175131516021043,28.9456568868334,2,3.38109240012364e-20
614,0.17532281205165,28.992628992629,2,3.02198920814063e-20
615,0.175896700143472,29.0396010984246,2,2.15585134952099e-20
616,0.176566236250598,29.0865732042203,2,1.45135687032834e-20
617,0.180870396939264,29.1335453100159,2,1.0922339210418e-21
618,0.182879005260641,29.1805174158115,2,3.18322793340469e-22
619,0.183357245337159,29.2274895216072,2,2.36770754340433e-22
620,0.183835485413678,29.2744616274028,2,1.75947538772467e-22
621,0.18546150167384,29.3214337331985,2,6.36703901660294e-23
622,0.185270205643233,29.3684058389941,2,7.17985552702821e-23
623,0.182496413199426,29.4153779447897,2,4.03095458279131e-22
624,0.179053084648494,29.4623500505854,2,3.28574165404623e-21
625,0.176183644189383,29.509322156381,2,1.81998076617079e-20
626,0.169201339072214,29.5562942621766,2,1.02199732060814e-18
627,0.160401721664275,29.6032663679723,2,1.24929185209154e-16
628,0.153706360593018,29.6502384737679,2,3.97818287336291e-15
629,0.150932568149211,29.6972105795635,2,1.5897093706317e-14
630,0.153419416547107,29.7441826853592,2,4.59716375920507e-15
631,0.157436633189861,29.7911547911548,2,5.90497018534051e-16
632,0.161071257771401,29.8381268969504,2,8.75713809815644e-17
633,0.167288378766141,29.8850990027461,2,2.97987761911791e-18
634,0.172070779531325,29.9320711085417,2,1.99834562265479e-19
635,0.17168818747011,29.9790432143373,2,2.48878621554832e-19
636,0.169296987087518,30.026015320133,2,9.68388830345982e-19
637,0.167192730750837,30.0729874259286,2,3.1424892107956e-18
638,0.160401721664275,30.1199595317243,2,1.24929185209154e-16
639,0.153228120516499,30.1669316375199,2,5.06159296702846e-15
640,0.152271640363462,30.2139037433155,2,8.17334524471225e-15
641,0.156958393113343,30.2608758491112,2,7.56278669448732e-16
642,0.158106169296987,30.3078479549068,2,4.17010301063215e-16
643,0.163271162123386,30.3548200607024,2,2.69269043703537e-17
644,0.1662362505978,30.4017921664981,2,5.33558609936986e-18
645,0.162219033955045,30.4487642722937,2,4.74388698639526e-17
646,0.158488761358202,30.4957363780893,2,3.41581676781475e-16
647,0.154088952654232,30.542708483885,2,3.27899002951182e-15
648,0.14988043998087,30.5896805896806,2,2.66891311643362e-14
649,0.150741272118604,30.6366526954762,2,1.74726966635063e-14
650,0.159349593495935,30.6836248012719,2,2.17599643120367e-16
651,0.165279770444763,30.7305969070675,2,9.02730079843575e-18
652,0.169583931133429,30.7775690128631,2,8.2367640596025e-19
653,0.174461979913917,30.8245411186588,2,5.00300964883407e-20
654,0.176853180296509,30.8715132244544,2,1.22429810215199e-20
655,0.178096604495457,30.91848533025,2,5.83507857019701e-21
656,0.179818268770923,30.9654574360457,2,2.06988092224555e-21
657,0.183548541367767,31.0124295418413,2,2.10280376970934e-22
658,0.178096604495457,31.059401647637,2,5.83507857019701e-21
659,0.175418460066954,31.1063737534326,2,2.85684711965534e-20
660,0.178096604495457,31.1533458592282,2,5.83507857019701e-21
661,0.182687709230033,31.2003179650239,2,3.58236809981963e-22
662,0.18546150167384,31.2472900708195,2,6.36703901660294e-23
663,0.187661406025825,31.2942621766151,2,1.58205438263547e-23
664,0.188713534194165,31.3412342824108,2,8.07187979992456e-24
665,0.191965566714491,31.3882063882064,2,9.80115445712713e-25
666,0.190530846484935,31.435178494002,2,2.49784787454513e-24
667,0.18727881396461,31.4821505997977,2,2.01839530960322e-23
668,0.185557149689144,31.5291227055933,2,5.9954814922921e-23
669,0.186513629842181,31.5760948113889,2,3.2794182460943e-23
670,0.185652797704448,31.6230669171846,2,5.64539572413271e-23
671,0.179340028694405,31.6700390229802,2,2.76373300541775e-21
672,0.172644667623147,31.7170111287758,2,1.43622949077132e-19
673,0.1662362505978,31.7639832345715,2,5.33558609936986e-18
674,0.165853658536585,31.8109553403671,2,6.58742978832912e-18
675,0.165088474414156,31.8579274461628,2,1.00241998467602e-17
676,0.165088474414156,31.9048995519584,2,1.00241998467602e-17
677,0.16700143472023,31.951871657754,2,3.49444628916049e-18
678,0.16987087517934,31.9988437635497,2,7.00363599282606e-19
679,0.173122907699665,32.0458158693453,2,1.0895622554611e-19
680,0.174748923959828,32.0927879751409,2,4.23052923441329e-20
681,0.180296508847441,32.1397600809366,2,1.54878787000594e-21
682,0.182209469153515,32.1867321867322,2,4.80997736107338e-22
683,0.184887613582018,32.2337042925278,2,9.12593415651111e-23
684,0.185652797704448,32.2806763983235,2,5.64539572413271e-23
685,0.185652797704448,32.3276485041191,2,5.64539572413271e-23
686,0.184600669536107,32.3746206099147,2,1.09201387174947e-22
687,0.181157340985175,32.4215927157104,2,9.1676834895412e-22
688,0.178670492587279,32.468564821506,2,4.13610393220779e-21
689,0.17350549976088,32.5155369273016,2,8.72952859107302e-20
690,0.16700143472023,32.5625090330973,2,3.49444628916049e-18
691,0.161645145863223,32.6094811388929,2,6.449392761069e-17
692,0.161166905786705,32.6564532446885,2,8.32260264488375e-17
693,0.166140602582496,32.7034253504842,2,5.62456022984276e-18
694,0.171496891439503,32.7503974562798,2,2.77684715082541e-19
695,0.174653275944524,32.7973695620755,2,4.47393261602048e-20
696,0.17532281205165,32.8443416678711,2,3.02198920814063e-20
697,0.176853180296509,32.8913137736667,2,1.22429810215199e-20
698,0.177331420373027,32.9382858794624,2,9.2134545040713e-21
699,0.178000956480153,32.985257985258,2,6.17873778588722e-21
700,0.178000956480153,33.0322300910536,2,6.17873778588722e-21
701,0.174079387852702,33.0792021968493,2,6.25352656581171e-20
702,0.166044954567193,33.1261743026449,2,5.928975992074e-18
703,0.159349593495935,33.1731464084405,2,2.17599643120367e-16
704,0.155523672883788,33.2201185142362,2,1.58074908906547e-15
705,0.156288857006217,33.2670906200318,2,1.06785406879331e-15
706,0.159923481587757,33.3140627258274,2,1.60853544398698e-16
707,0.166905786704926,33.3610348316231,2,3.68474628473004e-18
708,0.174461979913917,33.4080069374187,2,5.00300964883407e-20
709,0.179340028694405,33.4549790432144,2,2.76373300541775e-21
710,0.18364418938307,33.50195114901,2,1.98157163138042e-22
711,0.192156862745098,33.5489232548056,2,8.64631556161544e-25
712,0.201434720229555,33.5958953606013,2,1.65813677942238e-27
713,0.203156384505022,33.6428674663969,2,5.00218488837229e-28
714,0.20832137733142,33.6898395721925,3,1.28293133700544e-29
715,0.211669057867049,33.7368116779882,3,1.13206721917253e-30
716,0.211764705882353,33.7837837837838,3,1.05556805879018e-30
717,0.21195600191296,33.8307558895794,3,9.17637107769108e-31
718,0.20908656145385,33.8777279953751,3,7.39259485001453e-30
719,0.203825920612147,33.9247001011707,2,3.12906360565144e-28
720,0.201243424198948,33.9716722069663,2,1.89295593494566e-27
721,0.195982783357245,34.018644312762,2,6.82998975611919e-26
722,0.199139167862267,34.0656164185576,2,8.04923153472874e-27
723,0.198756575801052,34.1125885243532,2,1.04528523464361e-26
724,0.199139167862267,34.1595606301489,2,8.04923153472886e-27
725,0.201912960306074,34.2065327359445,2,1.19000586925497e-27
726,0.203252032520325,34.2535048417401,2,4.67841958700759e-28
727,0.20363462458154,34.3004769475358,2,3.57852288883661e-28
728,0.206791009086561,34.3474490533314,3,3.83856287627178e-29
729,0.204208512673362,34.3944211591271,2,2.39140151630359e-28
730,0.211573409851746,34.4413932649227,3,1.21407002110393e-30
731,0.218460066953611,34.4883653707183,3,7.26335241616182e-33
732,0.220946915351506,34.535337476514,3,1.0980469156326e-33
733,0.223720707795313,34.5823095823096,3,1.30207950023648e-34
734,0.227929220468675,34.6292816881052,3,4.87972542636919e-36
735,0.234050693448111,34.6762537939009,3,3.7081352646896e-38
736,0.235963653754185,34.7232258996965,3,7.87501775346298e-39
737,0.237207077953132,34.7701980054921,3,2.85880411390569e-39
738,0.243137254901961,34.8171701112878,3,2.13157136911825e-41
739,0.247058823529412,34.8641422170834,3,7.87180609162433e-43
740,0.243998087039694,34.911114322879,3,1.03744285709911e-41
741,0.23739837398374,34.9580864286747,3,2.44509222227537e-39
742,0.232424677187948,35.0050585344703,3,1.37141215993724e-37
743,0.231372549019608,35.0520306402659,3,3.18239950402521e-37
744,0.232329029172645,35.0990027460616,3,1.48069857717997e-37
745,0.229842180774749,35.1459748518572,3,1.07587642118591e-36
746,0.225538020086083,35.1929469576529,3,3.17600427773454e-35
747,0.218747010999522,35.2399190634485,3,5.84701530751408e-33
748,0.215494978479197,35.2868911692441,3,6.71838345017384e-32
749,0.215016738402678,35.3338632750398,3,9.59033553470122e-32
750,0.207747489239598,35.3808353808354,3,1.93703175370941e-29
751,0.194165471066475,35.427807486631,2,2.29753138429993e-25
752,0.183452893352463,35.4747795924267,2,2.23136957386521e-22
753,0.169488283118125,35.5217516982223,2,8.69367122507458e-19
754,0.161932089909134,35.5687238040179,2,5.5321544905335e-17
755,0.152845528455285,35.6156959098136,2,6.13347898021595e-15
756,0.144811095169775,35.6626680156092,2,3.06282614880989e-13
757,0.135628885700622,35.7096401214048,2,2.01400774245242e-11
758,0.124246771879484,35.7566122272005,2,2.38789051843711e-09
759,0.111238641798183,35.8035843329961,2,3.21416668021046e-07
760,0.103491152558584,35.8505564387917,2,4.50129273412791e-06
761,0.104543280726925,35.8975285445874,2,3.18419565437026e-06
762,0.112960306073649,35.944500650383,2,1.7378248407608e-07
763,0.120803443328551,35.9914727561787,2,9.25897734353253e-09
764,0.120325203252033,36.0384448619743,2,1.1139922852247e-08
765,0.122142515542802,36.0854169677699,2,5.49316423599757e-09
766,0.132759445241511,36.1323890735656,2,7.00740891107986e-11
767,0.141846006695361,36.1793611793612,2,1.22296500933394e-12
768,0.141272118603539,36.2263332851568,2,1.59300885085782e-12
769,0.145671927307508,36.2733053909525,2,2.03700713336801e-13
770,0.143950263032042,36.3202774967481,2,4.59301570377672e-13
771,0.142993782879005,36.3672496025437,2,7.1824921520114e-13
772,0.143663318986131,36.4142217083394,2,5.25412410336507e-13
773,0.144715447154472,36.461193814135,2,3.20429246371424e-13
774,0.147871831659493,36.5081659199306,2,7.09689567640875e-14
775,0.153132472501196,36.5551380257263,2,5.31084932512993e-15
776,0.158201817312291,36.6021101315219,2,3.96739987898863e-16
777,0.162219033955045,36.6490822373175,2,4.74388698639526e-17
778,0.170062171209947,36.6960543431132,2,6.28478433583627e-19
779,0.174748923959828,36.7430264489088,2,4.23052923441329e-20
780,0.175609756097561,36.7899985547044,2,2.55286276801961e-20
781,0.179435676709708,36.8369706605001,2,2.60866393864658e-21
782,0.188617886178862,36.8839427662957,2,8.58269463814051e-24
783,0.195600191296031,36.9309148720914,2,8.82699248939833e-26
784,0.196556671449067,36.977886977887,2,4.6435887225947e-26
785,0.198660927785748,37.0248590836826,2,1.11574679958132e-26
786,0.198469631755141,37.0718311894783,2,1.27110125423007e-26
787,0.196269727403156,37.1188032952739,2,5.63259366002816e-26
788,0.193878527020564,37.1657754010695,2,2.77919642901535e-25
789,0.190148254423721,37.2127475068652,2,3.20107321656862e-24
790,0.188522238163558,37.2597196126608,2,9.12549480338329e-24
791,0.188713534194165,37.3066917184564,2,8.07187979992456e-24
792,0.190530846484935,37.3536638242521,2,2.49784787454513e-24
793,0.182879005260641,37.4006359300477,2,3.18322793340469e-22
794,0.179340028694405,37.4476080358433,2,2.76373300541775e-21
795,0.173122907699665,37.494580141639,2,1.0895622554611e-19
796,0.1662362505978,37.5415522474346,2,5.33558609936986e-18
797,0.16078431372549,37.5885243532302,2,1.01995582275532e-16
798,0.159923481587757,37.6354964590259,2,1.60853544398701e-16
799,0.163271162123386,37.6824685648215,2,2.69269043703537e-17
800,0.166714490674319,37.7294406706172,2,4.09656572458217e-18
801,0.174461979913917,37.7764127764128,2,5.00300964883407e-20
802,0.177618364418938,37.8233848822084,2,7.76518325594309e-21
803,0.182018173122908,37.8703569880041,2,5.41026909140457e-22
804,0.182209469153515,37.9173290937997,2,4.80997736107338e-22
805,0.177235772357724,37.9643011995953,2,9.75320641717424e-21
806,0.172644667623147,38.011273305391,2,1.43622949077132e-19
807,0.177427068388331,38.0582454111866,2,8.70325231476688e-21
808,0.184887613582018,38.1052175169822,2,9.12593415651111e-23
809,0.181635581061693,38.1521896227779,2,6.84189522610176e-22
810,0.181731229076997,38.1991617285735,2,6.45225152633036e-22
811,0.1818268770923,38.2461338343691,2,6.08457135436255e-22
812,0.180870396939264,38.2931059401648,2,1.0922339210418e-21
813,0.177235772357724,38.3400780459604,2,9.75320641717424e-21
814,0.174175035868006,38.387050151756,2,5.91459945300327e-20
815,0.173409851745576,38.4340222575517,2,9.22740922703792e-20
816,0.175035868005739,38.4809943633473,2,3.57614625321815e-20
817,0.184887613582018,38.527966469143,2,9.12593415651124e-23
818,0.191965566714491,38.5749385749386,2,9.80115445712713e-25
819,0.198469631755141,38.6219106807342,2,1.27110125423007e-26
820,0.199713055954089,38.6688827865299,2,5.43329757533198e-27
821,0.194739359158297,38.7158548923255,2,1.56860461857438e-25
822,0.190435198469632,38.7628269981211,2,2.65780217897429e-24
823,0.192252510760402,38.8097991039168,2,8.12051987717182e-25
824,0.196652319464371,38.8567712097124,2,4.35381961689576e-26
825,0.197608799617408,38.903743315508,2,2.28121182447684e-26
826,0.19273075083692,38.9507154213037,2,5.93070098503396e-25
827,0.195121951219512,38.9976875270993,2,1.21533224886129e-25
828,0.199234815877571,39.0446596328949,2,7.53954424622862e-27
829,0.200095648015304,39.0916317386906,2,4.17788722876491e-27
830,0.20286944045911,39.1386038444862,2,6.11293042949868e-28
831,0.207556193208991,39.1855759502818,3,2.22158208801511e-29
832,0.210329985652798,39.2325480560775,3,3.00437119160858e-30
833,0.219894787183166,39.2795201618731,3,2.44843335183464e-33
834,0.224007651841224,39.3264922676687,3,1.04280793360919e-34
835,0.22180774748924,39.3734643734644,3,5.68140487942058e-34
836,0.212338593974175,39.42043647926,3,6.93214134552435e-31
837,0.207651841224295,39.4674085850557,3,2.07446919611335e-29
838,0.210712577714012,39.5143806908513,3,2.27475860921874e-30
839,0.213295074127212,39.5613527966469,3,3.43046502386846e-31
840,0.212529890004782,39.6083249024426,3,6.02392122159638e-31
841,0.215303682448589,39.6552970082382,3,7.74701937534682e-32
842,0.208990913438546,39.7022691140338,3,7.92089695230186e-30
843,0.201626016260163,39.7492412198295,2,1.45223952672673e-27
844,0.196843615494978,39.7962133256251,2,3.82698008108844e-26
845,0.189287422285988,39.8431854314207,2,5.58136512975871e-24
846,0.183070301291248,39.8901575372164,2,2.82813719211031e-22
847,0.182496413199426,39.937129643012,2,4.03095458279131e-22
848,0.185844093735055,39.9841017488076,2,5.00479552324598e-23
849,0.205643232902917,40.0310738546033,3,8.68222021358355e-29
850,0.210329985652798,40.0780459603989,3,3.00437119160858e-30
851,0.216164514586322,40.1250180661945,3,4.07641034979835e-32
852,0.22104256336681,40.1719901719902,3,1.02065463767156e-33
853,0.222572931611669,40.2189622777858,3,3.15624709657688e-34
854,0.222955523672884,40.2659343835815,3,2.35075206754219e-34
855,0.224390243902439,40.3129064893771,3,7.75248474013788e-35
856,0.225155428024868,40.3598785951727,3,4.27837458783239e-35
857,0.221233859397417,40.4068507009684,3,8.81767447920878e-34
858,0.223338115734099,40.453822806764,3,1.74996282683024e-34
859,0.22649450023912,40.5007949125596,3,1.50475914098126e-35
860,0.229746532759445,40.5477670183553,3,1.16069062501014e-36
861,0.233476805356289,40.5947391241509,3,5.88907637609293e-38
862,0.235007173601148,40.6417112299465,3,1.71131553249842e-38
863,0.231755141080823,40.6886833357422,3,2.34418599664395e-37
864,0.228024868483979,40.7356554415378,3,4.525708222038e-36
865,0.225538020086083,40.7826275473334,3,3.17600427773454e-35
866,0.226972740315638,40.8295996531291,3,1.03459161814401e-35
867,0.229842180774749,40.8765717589247,3,1.07587642118591e-36
868,0.235868005738881,40.9235438647204,3,8.5116868775771e-39
869,0.241606886657102,40.970515970516,3,7.62501030760842e-41
870,0.245432807269249,41.0174880763116,3,3.10853555443899e-42
871,0.247250119560019,41.0644601821073,3,6.69377764049262e-43
872,0.248110951697752,41.1114322879029,3,3.22301662032728e-43
873,0.244285031085605,41.1584043936985,3,8.15643707926893e-42
874,0.238833094213295,41.2053764994942,3,7.54305294267502e-40
875,0.233189861310378,41.2523486052898,3,7.41861360042777e-38
876,0.230989956958393,41.2993207110854,3,4.31830623273311e-37
877,0.232329029172645,41.3462928168811,3,1.48069857717997e-37
878,0.232329029172645,41.3932649226767,3,1.48069857717997e-37
879,0.228885700621712,41.4402370284723,3,2.29469136001388e-36
880,0.224868483978957,41.487209134268,3,5.34796666223849e-35
881,0.224103299856528,41.5341812400636,3,9.68352260538915e-35
882,0.22467718794835,41.5811533458592,3,6.20482101237669e-35
883,0.223433763749402,41.6281254516549,3,1.62536525422874e-34
884,0.22285987565758,41.6750975574505,3,2.53056755925508e-34
885,0.224007651841224,41.7220696632461,3,1.04280793360919e-34
886,0.221425155428025,41.7690417690418,3,7.61684738878491e-34
887,0.21740793878527,41.8160138748374,3,1.60503883537647e-32
888,0.217886178861789,41.862985980633,3,1.11987837281796e-32
889,0.218555714968914,41.9099580864287,3,6.75693766244638e-33
890,0.224103299856528,41.9569301922243,3,9.68352260538915e-35
891,0.225729316116691,42.00390229802,3,2.73591914762126e-35
892,0.220086083213773,42.0508744038156,3,2.11684627199646e-33
893,0.213390722142516,42.0978465096112,3,3.19685414837701e-31
894,0.207556193208991,42.1448186154069,3,2.22158208801511e-29
895,0.198756575801052,42.1917907212025,2,1.04528523464361e-26
896,0.189765662362506,42.2387628269981,2,4.09983458248441e-24
897,0.184696317551411,42.2857349327938,2,1.02863375929035e-22
898,0.178670492587279,42.3327070385894,2,4.13610393220779e-21
899,0.172931611669058,42.379679144385,2,1.21699287500463e-19
900,0.169679579148733,42.4266512501807,2,7.80359089986749e-19
901,0.165471066475371,42.4736233559763,2,8.12839986923066e-18
902,0.158010521281683,42.5205954617719,2,4.38301309536885e-16
903,0.154758488761358,42.5675675675676,2,2.33493182001292e-15
904,0.153132472501196,42.6145396733632,2,5.31084932512993e-15
905,0.145289335246294,42.6615117791589,2,2.44264039885336e-13
906,0.139550454328073,42.7084838849545,2,3.49603434442665e-12
907,0.137254901960784,42.7554559907501,2,9.80862714455916e-12
908,0.13868962219034,42.8024280965458,2,5.15868465386992e-12
909,0.141463414634146,42.8494002023414,2,1.45883700641497e-12
910,0.144811095169775,42.896372308137,2,3.06282614880989e-13
911,0.151889048302248,42.9433444139327,2,9.89094685254497e-15
912,0.159349593495935,42.9903165197283,2,2.17599643120367e-16
913,0.165375418460067,43.0372886255239,2,8.56621798101784e-18
914,0.171975131516021,43.0842607313196,2,2.11117091410824e-19
915,0.179435676709708,43.1312328371152,2,2.60866393864658e-21
916,0.185844093735055,43.1782049429108,2,5.00479552324598e-23
917,0.192443806791009,43.2251770487065,2,7.16211042369673e-25
918,0.200478240076518,43.2721491545021,2,3.21070402076744e-27
919,0.207747489239598,43.3191212602977,3,1.93703175370941e-29
920,0.212816834050693,43.3660933660934,3,4.87853456336607e-31
921,0.213008130081301,43.413065471889,3,4.23796889260471e-31
922,0.216068866571019,43.4600375776847,3,4.37842666162954e-32
923,0.216547106647537,43.5070096834803,3,3.06180353154647e-32
924,0.210808225729316,43.5539817892759,3,2.12175061933109e-30
925,0.20286944045911,43.6009538950716,2,6.11293042949868e-28
926,0.195600191296031,43.6479260008672,2,8.82699248939833e-26
927,0.191487326637972,43.6948981066628,2,1.34001737009183e-24
928,0.18909612625538,43.7418702124585,2,6.31272220606748e-24
929,0.182783357245337,43.7888423182541,2,3.37696897808818e-22
930,0.187948350071736,43.8358144240497,2,1.31738408405921e-23
931,0.196843615494978,43.8827865298454,2,3.82698008108844e-26
932,0.206599713055954,43.929758635641,3,4.39942364677558e-29
933,0.216738402678144,43.9767307414366,3,2.65303671901235e-32
934,0.224103299856528,44.0237028472323,3,9.68352260538915e-35
935,0.230607364897178,44.0706749530279,3,5.85690117164361e-37
936,0.23481587757054,44.1176470588235,3,1.99800053147182e-38
937,0.235102821616451,44.1646191646192,3,1.58372050637772e-38
938,0.233955045432807,44.2115912704148,3,4.00561306233391e-38
939,0.232902917264467,44.2585633762104,3,9.34296280455705e-38
940,0.233476805356289,44.3055354820061,3,5.88907637609293e-38
941,0.233189861310378,44.3525075878017,3,7.41861360042777e-38
942,0.233476805356289,44.3994796935973,3,5.88907637609293e-38
943,0.231181252989,44.446451799393,3,3.70731576692508e-37
944,0.229937828790053,44.4934239051886,3,9.97230287265883e-37
945,0.233094213295074,44.5403960109843,3,8.01166315237303e-38
946,0.229937828790053,44.5873681167799,3,9.97230287265883e-37
947,0.228024868483979,44.6343402225755,3,4.525708222038e-36
948,0.227737924438068,44.6813123283712,3,5.67249501237113e-36
949,0.230798660927786,44.7282844341668,3,5.02940056233826e-37
950,0.233189861310378,44.7752565399624,3,7.41861360042777e-38
951,0.233572453371593,44.8222286457581,3,5.45251361587905e-38
952,0.233476805356289,44.8692007515537,3,5.88907637609293e-38
953,0.234720229555237,44.9161728573493,3,2.15878575755257e-38
954,0.231850789096126,44.963144963145,3,2.17154881491754e-37
955,0.229650884744142,45.0101170689406,3,1.25215391192157e-36
956,0.229650884744142,45.0570891747362,3,1.25215391192157e-36
957,0.230320420851267,45.1040612805319,3,7.35867197752096e-37
958,0.230989956958393,45.1510333863275,3,4.31830623273311e-37
959,0.232424677187948,45.1980054921232,3,1.37141215993724e-37
960,0.233668101386896,45.2449775979188,3,5.04816707618679e-38
961,0.232902917264467,45.2919497037144,3,9.34296280455705e-38
962,0.232615973218556,45.3389218095101,3,1.17633939169899e-37
963,0.231372549019608,45.3858939153057,3,3.18239950402521e-37
964,0.232233381157341,45.4328660211013,3,1.59864722480528e-37
965,0.234911525585844,45.479838126897,3,1.84913710665305e-38
966,0.239024390243902,45.5268102326926,3,6.44521347371961e-40
967,0.243424198947872,45.5737823384882,3,1.67711936182786e-41
968,0.245624103299857,45.6207544442839,3,2.64583316561187e-42
969,0.246867527498804,45.6677265500795,3,9.25612863591693e-43
970,0.247441415590626,45.7146986558751,3,5.69141281183693e-43
971,0.247345767575323,45.7616707616708,3,6.17236633550933e-43
972,0.247441415590626,45.8086428674664,3,5.69141281183693e-43
973,0.246771879483501,45.855614973262,3,1.00366511465142e-42
974,0.245815399330464,45.9025870790577,3,2.25175314315802e-42
975,0.243041606886657,45.9495591848533,3,2.30880645845806e-41
976,0.241319942611191,45.996531290649,3,9.67567925581217e-41
977,0.243806791009087,46.0435033964446,3,1.21771597646664e-41
978,0.239311334289813,46.0904755022402,3,5.08955789927263e-40
979,0.2337637494022,46.1374476080359,3,4.67367034250907e-38
980,0.231181252989,46.1844197138315,3,3.70731576692498e-37
981,0.231850789096126,46.2313918196271,3,2.17154881491754e-37
982,0.234337637494022,46.2783639254228,3,2.94130328827491e-38
983,0.236346245815399,46.3253360312184,3,5.768599713607e-39
984,0.237015781922525,46.372308137014,3,3.34213420146716e-39
985,0.238354854136777,46.4192802428097,3,1.11713525073775e-39
986,0.239789574366332,46.4662523486053,3,3.43166596017526e-40
987,0.241798182687709,46.5132244544009,3,6.50457071155411e-41
988,0.244763271162123,46.5601965601966,3,5.45948884964728e-42
989,0.247250119560019,46.6071686659922,3,6.69377764049262e-43
990,0.2519368723099,46.6541407717878,3,1.21850572556724e-44
991,0.256145384983262,46.7011128775835,3,3.1562427355285e-46
992,0.258919177427068,46.7480849833791,3,2.76002863104454e-47
993,0.260736489717838,46.7950570891747,3,5.52344726432098e-48
994,0.268483978957437,46.8420291949704,3,5.20164455558639e-51
995,0.267718794835007,46.889001300766,3,1.04332068924147e-50
996,0.263988522238164,46.9359734065617,3,3.02927983368936e-49
997,0.265040650406504,46.9829455123573,3,1.17629653309159e-49
998,0.264275466284075,47.0299176181529,3,2.34119183295374e-49
999,0.263988522238164,47.0768897239486,3,3.02927983368936e-49
1000,0.268675274988044,47.1238618297442,3,4.36973412630128e-51
1001,0.272501195600191,47.1708339355398,3,1.30911514121022e-52
1002,0.274509803921569,47.2178060413355,3,2.04040678875835e-53
1003,0.275944524151124,47.2647781471311,3,5.36996392905753e-54
1004,0.278144428503109,47.3117502529267,3,6.8543458943949e-55
1005,0.282926829268293,47.3587223587224,3,7.43623174352155e-57
1006,0.285509325681492,47.405694464518,3,6.28691690800492e-58
1007,0.278909612625538,47.4526665703136,3,3.33865778925468e-55
1008,0.269057867049259,47.4996386761093,3,3.08279110650513e-51
1009,0.256814921090387,47.5466107819049,3,1.75645234156469e-46
1010,0.249163079866093,47.5935828877005,3,1.31522219456701e-43
1011,0.238067910090866,47.6405549934962,3,1.41348957042967e-39
1012,0.229650884744142,47.6875270992918,3,1.25215391192157e-36
1013,0.22544237207078,47.7344992050875,3,3.42176563858039e-35
1014,0.222572931611669,47.7814713108831,3,3.15624709657688e-34
1015,0.217790530846485,47.8284434166787,3,1.20354264029909e-32
1016,0.213964610234338,47.8754155224744,3,2.09238862453786e-31
1017,0.216164514586322,47.92238762827,3,4.07641034979835e-32
1018,0.21453849832616,47.9693597340656,3,1.36788660649265e-31
1019,0.211764705882353,48.0163318398613,3,1.05556805879018e-30
1020,0.209851745576279,48.0633039456569,3,4.25057778504662e-30
1021,0.210043041606887,48.1102760514525,3,3.70010528155293e-30
1022,0.211382113821138,48.1572481572482,3,1.39618630183818e-30
1023,0.212338593974175,48.2042202630438,3,6.93214134552435e-31
1024,0.213103778096604,48.2511923688394,3,3.94975790157882e-31
1025,0.216929698708752,48.2981644746351,3,2.29854735491412e-32
1026,0.219416547106648,48.3451365804307,3,3.52084518659024e-33
1027,0.22104256336681,48.3921086862263,3,1.02065463767156e-33
1028,0.220086083213773,48.439080792022,3,2.11684627199646e-33
1029,0.218747010999522,48.4860528978176,3,5.84701530751408e-33
1030,0.219799139167862,48.5330250036133,3,2.63309980737721e-33
1031,0.220468675274988,48.5799971094089,3,1.58171430859477e-33
1032,0.220564323290292,48.6269692152045,3,1.47046179451972e-33
1033,0.220564323290292,48.6739413210002,3,1.47046179451972e-33
1034,0.221233859397418,48.7209134267958,3,8.81767447920853e-34
1035,0.222285987565758,48.7678855325914,3,3.93553229600151e-34
1036,0.221616451458632,48.8148576383871,3,6.57873598177135e-34
1037,0.221329507412721,48.8618297441827,3,8.19542369182797e-34
1038,0.222764227642276,48.9088018499783,3,2.72405375265153e-34
1039,0.227929220468675,48.955773955774,3,4.87972542636919e-36
1040,0.230894308943089,49.0027460615696,3,4.66037880391367e-37
1041,0.229172644667623,49.0497181673652,3,1.82881992529903e-36
1042,0.229746532759445,49.0966902731609,3,1.1606906250101e-36
1043,0.229650884744142,49.1436623789565,3,1.25215391192157e-36
1044,0.228885700621712,49.1906344847521,3,2.29469136001388e-36
1045,0.230416068866571,49.2376065905478,3,6.81974910067236e-37
1046,0.232807269249163,49.2845786963434,3,1.00889650453991e-37
1047,0.232807269249163,49.331550802139,3,1.00889650453991e-37
1048,0.231085604973697,49.3785229079347,3,4.00122421398372e-37
1049,0.228024868483979,49.4254950137303,3,4.525708222038e-36
1050,0.220086083213773,49.472467119526,3,2.11684627199646e-33
1051,0.211764705882353,49.5194392253216,3,1.05556805879018e-30
1052,0.207364897178384,49.5664113311172,3,2.54758362579747e-29
1053,0.206408417025347,49.6133834369129,3,5.04153717704719e-29
1054,0.203060736489718,49.6603555427085,2,5.348167290398e-28
1055,0.196078431372549,49.7073276485041,2,6.40519092644573e-26
1056,0.191104734576758,49.7542997542998,2,1.71983388954379e-24
1057,0.188522238163558,49.8012718600954,2,9.12549480338329e-24
1058,0.179435676709708,49.848243965891,2,2.60866393864658e-21
1059,0.171209947393592,49.8952160716867,2,3.27175702865975e-19
1060,0.162697274031564,49.9421881774823,2,3.66915714167485e-17
1061,0.153419416547107,49.9891602832779,2,4.59716375920507e-15
1062,0.151028216164515,50.0361323890736,2,1.51626436938521e-14
1063,0.151028216164515,50.0831044948692,2,1.51626436938521e-14
1064,0.147680535628886,50.1300766006649,2,7.78374667685985e-14
1065,0.148637015781923,50.1770487064605,2,4.89793504774136e-14
1066,0.148541367766619,50.2240208122561,2,5.1309199075963e-14
1067,0.147393591582975,50.2709929180518,2,8.93843590137975e-14
1068,0.147489239598278,50.3179650238474,2,8.53594463421334e-14
1069,0.148923959827834,50.364937129643,2,4.25971057508502e-14
1070,0.1506456241033,50.4119092354387,2,1.83172108203452e-14
1071,0.15246293639407,50.4588813412343,2,7.42837262653013e-15
1072,0.152367288378766,50.5058534470299,2,7.79209123011134e-15
1073,0.160879961740794,50.5528255528256,2,9.69445264187882e-17
1074,0.159158297465328,50.5997976586212,2,2.40592168864637e-16
1075,0.15896700143472,50.6467697644168,2,2.65977724852374e-16
1076,0.162410329985653,50.6937418702125,2,4.28107037674586e-17
1077,0.164801530368245,50.7407139760081,2,1.17266255770218e-17
1078,0.166427546628407,50.7876860818037,2,4.8009067541988e-18
1079,0.168149210903874,50.8346581875994,2,1.84427889386171e-18
1080,0.17063605930177,50.881630293395,2,4.53750136447466e-19
1081,0.164897178383549,50.9286023991906,2,1.11296246476011e-17
1082,0.163749402199904,50.9755745049863,2,2.07867737062992e-17
1083,0.166810138689622,51.0225466107819,2,3.88527210483381e-18
1084,0.168627450980392,51.0695187165776,2,1.41099004618362e-18
1085,0.167957914873266,51.1164908223732,2,2.052293398122e-18
1086,0.166331898613104,51.1634629281688,2,5.06128004197315e-18
1087,0.16441893830703,51.2104350339645,2,1.44474422935671e-17
1088,0.159445241511239,51.2574071397601,2,2.06930347629101e-16
1089,0.143089430894309,51.3043792455557,2,6.86944052280801e-13
1090,0.136776661884266,51.3513513513514,2,1.21318692343009e-11
1091,0.129890004782401,51.398323457147,2,2.36842669742325e-10
1092,0.123672883787661,51.4452955629426,2,3.00162573817161e-09
1093,0.115925394548063,51.4922676687383,2,5.88224106369325e-08
1094,0.109803921568627,51.5392397745339,2,5.32344469268679e-07
1095,0.110664753706361,51.5862118803295,2,3.93633464844694e-07
1096,0.115351506456241,51.6331839861252,2,7.2717609028825e-08
1097,0.113151602104256,51.6801560919208,2,1.62201686729089e-07
1098,0.117264466762315,51.7271281977164,2,3.57033928712231e-08
1099,0.123481587757054,51.7741003035121,2,3.23861530802739e-09
1100,0.128168340506934,51.8210724093077,2,4.85031662919879e-10
1101,0.130176948828312,51.8680445151033,2,2.09959461342042e-10
1102,0.128742228598757,51.915016620899,2,3.82386116628044e-10
1103,0.123959827833572,51.9619887266946,2,2.67761444264103e-09
1104,0.12051649928264,52.0089608324903,2,1.03465644257081e-08
1105,0.10492587278814,52.0559329382859,2,2.80489375188277e-06
1106,0.106360593017695,52.1029050440815,2,1.73532917998145e-06
1107,0.111525585844094,52.1498771498772,2,2.9031510301985e-07
1108,0.118125298900048,52.1968492556728,2,2.58155521730878e-08
1109,0.123864179818269,52.2438213614684,2,2.78162198880401e-09
1110,0.129029172644668,52.2907934672641,2,3.39375034907652e-10
1111,0.133907221425155,52.3377655730597,2,4.27043616314785e-11
1112,0.138498326159732,52.3847376788553,2,5.62252367000381e-12
1113,0.138307030129125,52.431709784651,2,6.12727318714676e-12
1114,0.141463414634146,52.4786818904466,2,1.45883700641497e-12
1115,0.139072214251554,52.5256539962422,2,4.34095428985555e-12
1116,0.132950741272119,52.5726261020379,2,6.45431134094751e-11
1117,0.132185557149689,52.6195982078335,2,8.96074944744359e-11
1118,0.137063605930177,52.6665703136292,2,1.06801710412542e-11
1119,0.144906743185079,52.7135424194248,2,2.92750937586811e-13
1120,0.153228120516499,52.7605145252204,2,5.06159296702846e-15
1121,0.157340985174558,52.8074866310161,2,6.20497572953686e-16
1122,0.160114777618364,52.8544587368117,2,1.4540145909296e-16
1123,0.167957914873266,52.9014308426073,2,2.052293398122e-18
1124,0.174366331898613,52.948402948403,2,5.29027824985877e-20
1125,0.177427068388331,52.9953750541986,2,8.70325231476688e-21
1126,0.181922525107604,53.0423471599942,2,5.73762968828602e-22
1127,0.18622668579627,53.0893192657899,2,3.93165531767947e-23
1128,0.185557149689144,53.1362913715855,2,5.9954814922921e-23
1129,0.180870396939264,53.1832634773811,2,1.0922339210418e-21
1130,0.179148732663797,53.2302355831768,2,3.10172807190603e-21
1131,0.177618364418938,53.2772076889724,2,7.76518325594309e-21
1132,0.17714012434242,53.324179794768,2,1.03241983378995e-20
1133,0.177522716403635,53.3711519005637,2,8.2209999780365e-21
1134,0.177235772357724,53.4181240063593,2,9.75320641717424e-21
1135,0.176183644189383,53.4650961121549,2,1.81998076617079e-20
1136,0.17455762792922,53.5120682179506,2,4.73116742361255e-20
1137,0.177809660449546,53.5590403237462,2,6.92720092865926e-21
1138,0.181731229076997,53.6060124295419,2,6.45225152633036e-22
1139,0.188617886178862,53.6529845353375,2,8.58269463814051e-24
1140,0.199713055954089,53.6999566411331,2,5.43329757533198e-27
1141,0.209660449545672,53.7469287469288,3,4.88228664949633e-30
1142,0.214347202295552,53.7939008527244,3,1.57629530474296e-31
1143,0.216068866571019,53.84087295852,3,4.37842666162954e-32
1144,0.217503586800574,53.8878450643157,3,1.49365505318662e-32
1145,0.223433763749402,53.9348171701113,3,1.62536525422874e-34
1146,0.223529411764706,53.9817892759069,3,1.50959272861127e-34
1147,0.225059780009565,54.0287613817026,3,4.60887888537971e-35
1148,0.231276901004304,54.0757334874982,3,3.43489537138532e-37
1149,0.237302725968436,54.1227055932938,3,2.64390610350384e-39
1150,0.241319942611191,54.1696776990895,3,9.67567925581217e-41
1151,0.243615494978479,54.2166498048851,3,1.4291548120327e-41
1152,0.242180774748924,54.2636219106807,3,4.73182332156635e-41
1153,0.242372070779531,54.3105940164764,3,4.03515533560552e-41
1154,0.239502630320421,54.357566122272,3,4.34757380252281e-40
1155,0.236920133907221,54.4045382280677,3,3.61347447008208e-39
1156,0.235198469631755,54.4515103338633,3,1.46559664659221e-38
1157,0.234433285509326,54.4984824396589,3,2.72255135271032e-38
1158,0.231276901004304,54.5454545454546,3,3.43489537138532e-37
1159,0.225633668101387,54.5924266512502,3,2.94780493951103e-35
1160,0.221903395504543,54.6393987570458,3,5.27949255346016e-34
1161,0.213390722142516,54.6863708628415,3,3.19685414837692e-31
1162,0.209660449545672,54.7333429686371,3,4.88228664949633e-30
1163,0.20468675274988,54.7803150744327,3,1.70748793783897e-28
1164,0.198278335724534,54.8272871802284,2,1.44787710583112e-26
1165,0.190722142515543,54.874259286024,2,2.20599305659757e-24
1166,0.184122429459589,54.9212313918196,2,1.4717081925549e-22
1167,0.18259206121473,54.9682034976153,2,3.80011861661214e-22
1168,0.183739837398374,55.0151756034109,2,1.86725913633948e-22
1169,0.179148732663797,55.0621477092065,2,3.10172807190603e-21
1170,0.181731229076997,55.1091198150022,2,6.45225152633036e-22
1171,0.180200860832138,55.1560919207978,2,1.64140163009872e-21
1172,0.174844571975132,55.2030640265935,2,4.00022202672892e-20
1173,0.172070779531325,55.2500361323891,2,1.99834562265479e-19
1174,0.172070779531325,55.2970082381847,2,1.99834562265481e-19
1175,0.16700143472023,55.3439803439804,2,3.49444628916049e-18
1176,0.160019129603061,55.390952449776,2,1.52935098151821e-16
1177,0.151219512195122,55.4379245555716,2,1.37925921536925e-14
1178,0.144332855093257,55.4848966613673,2,3.837327979828e-13
1179,0.132089909134385,55.5318687671629,2,9.33454583122877e-11
1180,0.12596843615495,55.5788408729585,2,1.19394355517173e-09
1181,0.130176948828312,55.6258129787542,2,2.09959461342042e-10
1182,0.134672405547585,55.6727850845498,2,3.06169207015501e-11
1183,0.138880918220947,55.7197571903454,2,4.73249640509015e-12
1184,0.142419894787183,55.7667292961411,2,9.3777762603735e-13
1185,0.133907221425155,55.8137014019367,2,4.27043616314785e-11
1186,0.128550932568149,55.8606735077323,2,4.13981126028099e-10
1187,0.119464371114299,55.907645613528,2,1.55089424336672e-08
1188,0.112099473935916,55.9546177193236,2,2.36645449623394e-07
1189,0.111142993782879,56.0015898251192,2,3.32486195419848e-07
1190,0.113151602104256,56.0485619309149,2,1.62201686729089e-07
1191,0.112482065997131,56.0955340367105,2,2.06366958208349e-07
1192,0.109230033476805,56.1425061425062,2,6.50085034259754e-07
1193,0.114586322333812,56.1894782483018,2,9.63072801848097e-08
1194,0.101195600191296,56.2364503540974,2,9.45223812136003e-06
1195,0.0954567192730751,56.2834224598931,2,5.57385178895446e-05
1196,0.101769488283118,56.3303945656887,2,7.86561181494408e-06
1197,0.10492587278814,56.3773666714843,2,2.80489375188276e-06
1198,0.101578192252511,56.42433877728,2,8.36350984239283e-06
1199,0.101769488283118,56.4713108830756,2,7.86561181494408e-06
1200,0.107412721186035,56.5182829888712,2,1.2147234238674e-06
1201,0.109134385461502,56.5652550946669,2,6.72023738830266e-07
1202,0.101386896221903,56.6122272004625,2,8.89179184156685e-06
1203,0.0979435676709708,56.6591993062581,2,2.62021679637806e-05
1204,0.101673840267814,56.7061714120538,2,8.11087034851909e-06
1205,0.103395504543281,56.7531435178494,2,4.64431082299537e-06
1206,0.100143472022956,56.800115623645,2,1.31991149639025e-05
1207,0.1012912482066,56.8470877294407,2,9.16787934537113e-06
1208,0.106073648971784,56.8940598352363,2,1.91133974281037e-06
1209,0.117360114777618,56.941031941032,2,3.4444302947412e-08
1210,0.123481587757054,56.9880040468276,2,3.23861530802739e-09
1211,0.133715925394548,57.0349761526232,2,4.63937840198196e-11
1212,0.144811095169775,57.0819482584189,2,3.06282614880989e-13
1213,0.151123864179818,57.1289203642145,2,1.44616434886978e-14
1214,0.154375896700143,57.1758924700101,2,2.83549049502835e-15
1215,0.157436633189861,57.2228645758058,2,5.90497018534051e-16
1216,0.15973218555715,57.2698366816014,2,1.77923288709673e-16
1217,0.169583931133429,57.316808787397,2,8.2367640596025e-19
1218,0.171209947393592,57.3637808931927,2,3.27175702865975e-19
1219,0.176183644189383,57.4107529989883,2,1.81998076617079e-20
1220,0.183835485413678,57.4577251047839,2,1.75947538772467e-22
1221,0.188426590148254,57.5046972105796,2,9.7022613166195e-24
1222,0.18727881396461,57.5516693163752,2,2.01839530960322e-23
1223,0.1844093735055,57.5986414221709,2,1.23059244376768e-22
1224,0.182018173122908,57.6456135279665,2,5.41026909140457e-22
1225,0.1844093735055,57.6925856337621,2,1.23059244376768e-22
1226,0.183070301291248,57.7395577395578,2,2.82813719211031e-22
1227,0.182018173122908,57.7865298453534,2,5.41026909140457e-22
1228,0.182018173122908,57.833501951149,2,5.41026909140465e-22
1229,0.184122429459589,57.8804740569447,2,1.47170819255492e-22
1230,0.188522238163558,57.9274461627403,2,9.12549480338329e-24
1231,0.193687230989957,57.9744182685359,2,3.15459981156686e-25
1232,0.197034911525586,58.0213903743316,2,3.36340024432439e-26
1233,0.20545193687231,58.0683624801272,3,9.94253501811769e-29
1234,0.209660449545672,58.1153345859228,3,4.88228664949633e-30
1235,0.21195600191296,58.1623066917185,3,9.17637107769108e-31
1236,0.211669057867049,58.2092787975141,3,1.13206721917253e-30
1237,0.209373505499761,58.2562509033097,3,6.00864047512879e-30
1238,0.205356288857006,58.3032230091054,3,1.06391675542341e-28
1239,0.20363462458154,58.350195114901,2,3.57852288883661e-28
1240,0.205164992826399,58.3971672206966,3,1.21810112765192e-28
1241,0.194739359158297,58.4441393264923,2,1.56860461857438e-25
1242,0.192252510760402,58.4911114322879,2,8.12051987717182e-25
1243,0.184122429459589,58.5380835380836,2,1.4717081925549e-22
1244,0.175896700143472,58.5850556438792,2,2.15585134952099e-20
1245,0.17274031563845,58.6320277496748,2,1.35912996427776e-19
1246,0.173314203730273,58.6789998554705,2,9.75333147023417e-20
1247,0.175801052128168,58.7259719612661,2,2.28088971132294e-20
1248,0.179244380679101,58.7729440670617,2,2.92791150204384e-21
1249,0.18546150167384,58.8199161728574,2,6.36703901660294e-23
1250,0.187757054041129,58.866888278653,2,1.48845131707054e-23
1251,0.193113342898135,58.9138603844486,2,4.6092912656201e-25
1252,0.200573888091822,58.9608324902443,2,3.00588397362884e-27
1253,0.204304160688666,59.0078045960399,2,2.23575361414812e-28
1254,0.206312769010043,59.0547767018355,3,5.39664770284104e-29
1255,0.209469153515065,59.1017488076312,3,5.60712088615034e-30
1256,0.212242945958871,59.1487209134268,3,7.43600889281195e-31
1257,0.219703491152559,59.1956930192224,3,2.83160526858753e-33
1258,0.220946915351506,59.2426651250181,3,1.0980469156326e-33
1259,0.21922525107604,59.2896372308137,3,4.07056496991085e-33
1260,0.218651362984218,59.3366093366093,3,6.28563194517619e-33
1261,0.220277379244381,59.383581442405,3,1.82993592153176e-33
1262,0.217886178861789,59.4305535482006,3,1.11987837281796e-32
1263,0.212338593974175,59.4775256539963,3,6.93214134552435e-31
1264,0.211382113821138,59.5244977597919,3,1.39618630183818e-30
1265,0.216260162601626,59.5714698655875,3,3.79510431731994e-32
1266,0.218460066953611,59.6184419713832,3,7.26335241616182e-33
1267,0.220277379244381,59.6654140771788,3,1.82993592153176e-33
1268,0.220373027259684,59.7123861829744,3,1.70133077795702e-33
1269,0.221233859397418,59.7593582887701,3,8.81767447920853e-34
1270,0.222285987565758,59.8063303945657,3,3.93553229600151e-34
1271,0.220946915351506,59.8533025003613,3,1.0980469156326e-33
1272,0.217503586800574,59.900274606157,3,1.49365505318662e-32
1273,0.222190339550454,59.9472467119526,3,4.23565724792651e-34
1274,0.218842659014825,59.9942188177482,3,5.43883359897599e-33
1275,0.217981826877092,60.0411909235439,3,1.04199685693801e-32
1276,0.219607843137255,60.0881630293395,3,3.04498003265234e-33
1277,0.221999043519847,60.1351351351352,3,4.9058602012317e-34
1278,0.224007651841224,60.1821072409308,3,1.04280793360919e-34
1279,0.224198947871832,60.2290793467264,3,8.99185191133214e-35
1280,0.22544237207078,60.2760514525221,3,3.42176563858039e-35
1281,0.226781444285031,60.3230235583177,3,1.20195263686344e-35
1282,0.230033476805356,60.3699956641133,3,9.24305834628031e-37
1283,0.233189861310378,60.416967769909,3,7.41861360042777e-38
1284,0.234911525585844,60.4639398757046,3,1.84913710665305e-38
1285,0.236920133907221,60.5109119815002,3,3.61347447008208e-39
1286,0.238163558106169,60.5578840872959,3,1.30690101013933e-39
1287,0.237685318029651,60.6048561930915,3,1.93360814834496e-39
1288,0.235963653754185,60.6518282988871,3,7.87501775346298e-39
1289,0.232615973218556,60.6988004046828,3,1.17633939169902e-37
1290,0.233668101386896,60.7457725104784,3,5.04816707618679e-38
1291,0.232711621233859,60.792744616274,3,1.0894215438708e-37
1292,0.232042085126734,60.8397167220697,3,1.86331603135336e-37
1293,0.231659493065519,60.8866888278653,3,2.53047364709788e-37
1294,0.229268292682927,60.9336609336609,3,1.69548537662285e-36
1295,0.22285987565758,60.9806330394566,3,2.53056755925508e-34
1296,0.215877570540411,61.0276051452522,3,5.05075647755893e-32
1297,0.201721664275466,61.0745772510479,2,1.35901419999367e-27
1298,0.18622668579627,61.1215493568435,2,3.93165531767947e-23
1299,0.168244858919177,61.1685214626391,2,1.74822366861634e-18
1300,0.151410808225729,61.2154935684348,2,1.25446610235648e-14
1301,0.133620277379244,61.2624656742304,2,4.83540179667225e-11
1302,0.118220946915352,61.309437780026,2,2.48980024743887e-08
1303,0.104256336681014,61.3564098858217,2,3.50079709987287e-06
1304,0.0923003347680536,61.4033819916173,2,0.000140847366941818
1305,0.0734576757532281,61.4503540974129,2,0.0170479928124206
1306,0.0684839789574366,61.4973262032086,2,0.047873024708523
1307,0.0612147297943568,61.5442983090042,2,0.169475401007891
1308,0.0534672405547585,61.5912704147998,2,0.425849004440301
1309,0.0493543758967001,61.6382425205955,1,0.574791511023924
1310,0.0568149210903874,61.6852146263911,2,0.303470967039862
1311,0.0769010043041607,61.7321867321867,2,0.00783077468115943
1312,0.096700143472023,61.7791588379824,2,3.83191724615651e-05
1313,0.110282161645146,61.826130943778,2,4.50295360166756e-07
1314,0.118794835007174,61.8731030495737,2,2.00249626137117e-08
1315,0.129507412721186,61.9200751553693,2,2.77990884814095e-10
1316,0.139263510282162,61.9670472611649,2,3.9812891877283e-12
1317,0.14701099952176,62.0140193669606,2,1.07438017894508e-13
1318,0.157054041128647,62.0609914727562,2,7.19811137446502e-16
1319,0.167766618842659,62.1079635785518,2,2.28344493676858e-18
1320,0.175418460066954,62.1549356843475,2,2.85684711965534e-20
1321,0.175705404112865,62.2019077901431,2,2.41309176159095e-20
1322,0.182783357245337,62.2488798959387,2,3.37696897808818e-22
1323,0.192539454806313,62.2958520017344,2,6.72582320724488e-25
1324,0.199808703969393,62.34282410753,2,5.08815380907512e-27
1325,0.205356288857006,62.3897962133256,3,1.06391675542341e-28
1326,0.209373505499761,62.4367683191213,3,6.00864047512879e-30
1327,0.213486370157819,62.4837404249169,3,2.97905399239178e-31
1328,0.216547106647537,62.5307125307125,3,3.06180353154647e-32
1329,0.225059780009565,62.5776846365082,3,4.60887888537971e-35
1330,0.228407460545194,62.6246567423038,3,3.34750779930226e-36
1331,0.228598756575801,62.6716288480995,3,2.87846827342099e-36
1332,0.22831181252989,62.7186009538951,3,3.60979271803716e-36
1333,0.23194643711143,62.7655730596907,3,2.0115665825227e-37
1334,0.234720229555237,62.8125451654864,3,2.15878575755257e-38
1335,0.236250597800096,62.859517271282,3,6.2356881946646e-39
1336,0.238833094213295,62.9064893770776,3,7.54305294267502e-40
1337,0.238737446197991,62.9534614828733,3,8.15987626385204e-40
1338,0.242563366810139,63.0004335886689,3,3.44067168035623e-41
1339,0.245432807269249,63.0474056944645,3,3.10853555443899e-42
1340,0.246006695361071,63.0943778002602,3,1.91615584841929e-42
1341,0.245145863223338,63.1413499060558,3,3.95781330270146e-42
1342,0.245241511238642,63.1883220118514,3,3.65174885007567e-42
1343,0.24830224772836,63.2352941176471,3,2.7390202172235e-43
1344,0.251649928263989,63.2822662234427,3,1.56017125768226e-44
1345,0.248110951697752,63.3292383292383,3,3.22301662032728e-43
1346,0.249832615973219,63.376210435034,3,7.42218776332225e-44
1347,0.252797704447633,63.4231825408296,3,5.79630746321522e-45
1348,0.25480631276901,63.4701546466252,3,1.01508549332196e-45
1349,0.25480631276901,63.5171267524209,3,1.01508549332196e-45
1350,0.254232424677188,63.5640988582165,3,1.67194193465327e-45
1351,0.252510760401722,63.6110709640122,3,7.42706258946753e-45
1352,0.252319464371114,63.6580430698078,3,8.76061904266028e-45
1353,0.251649928263989,63.7050151756034,3,1.56017125768226e-44
1354,0.249450023912004,63.7519872813991,3,1.02940182771714e-43
1355,0.245911047345768,63.7989593871947,3,2.07721684372987e-42
1356,0.242467718794835,63.8459314929903,3,3.72612859248834e-41
1357,0.239693926351028,63.892903598786,3,3.71333925108901e-40
1358,0.23558106169297,63.9398757045816,3,1.0745657679694e-38
1359,0.232520325203252,63.9868478103772,3,1.27015480187209e-37
1360,0.232233381157341,64.0338199161729,3,1.59864722480528e-37
1361,0.224485891917743,64.0807920219685,3,7.19808440295486e-35
1362,0.229076996652319,64.1277641277642,3,1.97258148896537e-36
1363,0.23299856527977,64.1747362335598,3,8.6518697481691e-38
1364,0.231850789096126,64.2217083393554,3,2.17154881491754e-37
1365,0.22725968436155,64.268680445151,3,8.26025656966457e-36
1366,0.22362505978001,64.3156525509467,3,1.40202353061448e-34
1367,0.224868483978957,64.3626246567423,3,5.34796666223849e-35
1368,0.226207556193209,64.409596762538,3,1.88334072581812e-35
1369,0.221425155428025,64.4565688683336,3,7.61684738878491e-34
1370,0.22285987565758,64.5035409741292,3,2.53056755925508e-34
1371,0.226685796269727,64.5505130799249,3,1.29546883200174e-35
1372,0.231181252989,64.5974851857205,3,3.70731576692508e-37
1373,0.23558106169297,64.6444572915161,3,1.0745657679694e-38
1374,0.240937350549976,64.6914293973118,3,1.32871415660311e-40
1375,0.245528455284553,64.7384015031074,3,2.8679078060895e-42
1376,0.248015303682449,64.785373608903,3,3.49605459113193e-43
1377,0.246389287422286,64.8323457146987,3,1.38709504726995e-42
1378,0.246963175514108,64.8793178204943,3,8.53606866543249e-43
1379,0.248971783835485,64.9262899262899,3,1.54839620311097e-43
1380,0.252606408417025,64.9732620320856,3,6.8381780626028e-45
1381,0.258536585365854,65.0202341378812,3,3.86784154641289e-47
1382,0.266188426590148,65.0672062436768,3,4.17576715091166e-50
1383,0.272788139646102,65.1141783494725,3,1.00454183535944e-52
1384,0.276996652319464,65.1611504552681,3,2.00986981829863e-54
1385,0.274892395982783,65.2081225610637,3,1.43012157350355e-53
1386,0.278048780487805,65.2550946668594,3,7.49830650679072e-55
1387,0.274318507890961,65.302066772655,3,2.43679562852437e-53
1388,0.268675274988044,65.3490388784507,3,4.36973412630128e-51
1389,0.268197034911526,65.3960109842463,3,6.7543240420354e-51
1390,0.268197034911526,65.4429830900419,3,6.7543240420354e-51
1391,0.264179818268771,65.4899551958376,3,2.55122921136177e-49
1392,0.261788617886179,65.5369273016332,3,2.16651771196705e-48
1393,0.252032520325203,65.5838994074288,3,1.12207585096991e-44
1394,0.248971783835485,65.6308715132245,3,1.54839620311097e-43
1395,0.246102343376375,65.6778436190201,3,1.76753393764064e-42
1396,0.243041606886657,65.7248157248157,3,2.30880645845806e-41
1397,0.238833094213295,65.7717878306114,3,7.54305294267502e-40
1398,0.233476805356289,65.818759936407,3,5.88907637609293e-38
1399,0.22649450023912,65.8657320422026,3,1.50475914098126e-35
1400,0.222285987565758,65.9127041479983,3,3.93553229600151e-34
1401,0.213868962219034,65.9596762537939,3,2.24573251318592e-31
1402,0.210999521759923,66.0066483595895,3,1.84573247780211e-30
1403,0.209660449545672,66.0536204653852,3,4.88228664949633e-30
1404,0.208990913438546,66.1005925711808,3,7.92089695230186e-30
1405,0.209947393591583,66.1475646769765,3,3.96586879732046e-30
1406,0.210521281683405,66.1945367827721,3,2.61440943849595e-30
1407,0.212051649928264,66.2415088885677,3,8.5554269904051e-31
1408,0.213486370157819,66.2884809943634,3,2.97905399239178e-31
1409,0.216929698708752,66.335453100159,3,2.29854735491409e-32
1410,0.218555714968914,66.3824252059546,3,6.75693766244638e-33
1411,0.221712099473936,66.4293973117503,3,6.11372408177852e-34
1412,0.226685796269727,66.4763694175459,3,1.29546883200174e-35
1413,0.229937828790053,66.5233415233415,3,9.97230287265883e-37
1414,0.232042085126734,66.5703136291372,3,1.86331603135336e-37
1415,0.233955045432807,66.6172857349328,3,4.00561306233391e-38
1416,0.234241989478718,66.6642578407284,3,3.17753958376043e-38
1417,0.235963653754185,66.7112299465241,3,7.87501775346298e-39
1418,0.235676709708274,66.7582020523197,3,9.9427466556318e-39
1419,0.237589670014347,66.8051741581153,3,2.09101168428731e-39
1420,0.241989478718317,66.852146263911,3,5.5481474039025e-41
1421,0.246580583452893,66.8991183697066,3,1.17997175289196e-42
1422,0.251267336202774,66.9460904755023,3,2.16836258373209e-44
1423,0.255762792922047,66.9930625812979,3,4.40918949058057e-46
1424,0.261884265901483,67.0400346870935,3,1.98949171277772e-48
1425,0.262266857962697,67.0870067928892,3,1.41430999653006e-48
1426,0.269918699186992,67.1339788986848,3,1.40399071188242e-51
1427,0.277474892395983,67.1809510044804,3,1.28440827488207e-54
1428,0.280535628885701,67.2279231102761,3,7.19904836376568e-56
1429,0.282448589191774,67.2748952160717,3,1.17250770110371e-56
1430,0.286370157819225,67.3218673218673,3,2.74742514271777e-58
1431,0.289048302247728,67.368839427663,3,2.06278415575223e-59
1432,0.290004782400765,67.4158115334586,3,8.14064656214462e-60
1433,0.290578670492587,67.4627836392542,3,4.65400275087131e-60
1434,0.290865614538498,67.5097557450499,3,3.51766354246233e-60
1435,0.292491630798661,67.5567278508455,3,7.16765277604174e-61
1436,0.294500239120038,67.6036999566412,3,9.93850049356858e-62
1437,0.294308943089431,67.6506720624368,3,1.2002191299155e-61
1438,0.293926351028216,67.6976441682324,3,1.74985032213811e-61
1439,0.294787183165949,67.744616274028,3,7.48728655208076e-62
1440,0.29765662362506,67.7915883798237,3,4.35134029962081e-63
1441,0.296700143472023,67.8385604856193,3,1.12637488596023e-62
1442,0.293926351028216,67.885532591415,3,1.74985032213811e-61
1443,0.289430894308943,67.9325046972106,3,1.42257330599512e-59
1444,0.285126733620277,67.9794768030062,3,9.07653508844084e-58
1445,0.283309421329507,68.0264489088019,3,5.16338491687521e-57
1446,0.28024868483979,68.0734210145975,3,9.44278019503338e-56
1447,0.277092300334768,68.1203931203931,3,1.83779947096271e-54
1448,0.274701099952176,68.1673652261888,3,1.7083153458935e-53
1449,0.269057867049259,68.2143373319844,3,3.08279110650513e-51
1450,0.266475370636059,68.26130943778,3,3.22128217095877e-50
1451,0.263223338115734,68.3082815435757,3,6.01494491106964e-49
1452,0.260449545671927,68.3552536493713,3,7.12546947271678e-48
1453,0.259397417503587,68.402225755167,3,1.80906954007886e-47
1454,0.261214729794357,68.4491978609626,3,3.61107840855951e-48
1455,0.262840746054519,68.4961699667582,3,8.47026916948612e-49
1456,0.263510282161645,68.5431420725538,3,4.6516787514716e-49
1457,0.265997130559541,68.5901141783495,3,4.96382340944485e-50
1458,0.266666666666667,68.6370862841451,3,2.70914441840967e-50
1459,0.269153515064562,68.6840583899408,3,2.82512254105179e-51
1460,0.269057867049259,68.7310304957364,3,3.08279110650513e-51
1461,0.26389287422286,68.778002601532,3,3.30078188933528e-49
1462,0.262936394069823,68.8249747073277,3,7.77585878190749e-49
1463,0.265901482544237,68.8719468131233,3,5.41176411244565e-50
1464,0.2675274988044,68.9189189189189,3,1.24128269069592e-50
1465,0.261979913916786,68.9658910247146,3,1.82688123582969e-48
1466,0.265327594452415,69.0128631305102,3,9.08299673901016e-50
1467,0.265518890483022,69.0598352363058,3,7.64385397681775e-50
1468,0.266475370636059,69.1068073421015,3,3.22128217095877e-50
1469,0.268770923003348,69.1537794478971,3,4.00492818572111e-51
1470,0.270205643232903,69.2007515536927,3,1.07967994206613e-51
1471,0.273744619799139,69.2477236594884,3,4.14808725110691e-53
1472,0.278335724533716,69.294695765284,3,5.72712869661017e-55
1473,0.279005260640842,69.3416678710797,3,3.05119915785084e-55
1474,0.286465805834529,69.3886399768753,3,2.50566083211942e-58
1475,0.289813486370158,69.4356120826709,3,9.80641860345186e-60
1476,0.287230989956958,69.4825841884666,3,1.19805643814421e-58
1477,0.28493543758967,69.5295562942622,3,1.09041518261718e-57
1478,0.284839789574366,69.5765284000578,3,1.19511705132218e-57
1479,0.281492109038737,69.6235005058535,3,2.90920141316453e-56
1480,0.277953132472501,69.6704726116491,3,8.20254807390355e-55
1481,0.284839789574366,69.7174447174447,3,1.19511705132218e-57
1482,0.281683405069345,69.7644168232404,3,2.42624531590327e-56
1483,0.280439980870397,69.811388929036,3,7.88064185663278e-56
1484,0.277953132472501,69.8583610348316,3,8.20254807390355e-55
1485,0.274892395982783,69.9053331406273,3,1.43012157350355e-53
1486,0.273744619799139,69.9523052464229,3,4.14808725110691e-53
1487,0.27116212338594,69.9992773522185,3,4.49064897507736e-52
1488,0.265614538498326,70.0462494580142,3,7.01191262744377e-50
1489,0.266092778574845,70.0932215638098,3,4.55283726777104e-50
1490,0.26207556193209,70.1401936696055,3,1.67751644849975e-48
1491,0.257293161166906,70.1871657754011,3,1.15470906784117e-46
1492,0.256432329029173,70.2341378811967,3,2.45558613329244e-46
1493,0.255762792922047,70.2811099869923,3,4.40918949058057e-46
1494,0.254901960784314,70.328082092788,3,9.33988311050432e-46
1495,0.255858440937351,70.3750541985836,3,4.05582664518049e-46
1496,0.256814921090387,70.4220263043793,3,1.75645234156469e-46
1497,0.255571496891439,70.4689984101749,3,5.21053223200397e-46
1498,0.258058345289335,70.5159705159705,3,5.89383398236198e-47
1499,0.259780009564802,70.5629426217662,3,1.28966569449501e-47
1500,0.257197513151602,70.6099147275618,3,1.25582437207025e-46
1501,0.254136776661884,70.6568868333574,3,1.81676818001358e-45
1502,0.251649928263989,70.7038589391531,3,1.56017125768226e-44
1503,0.247824007651841,70.7508310449487,3,4.11314032486639e-43
1504,0.24390243902439,70.7978031507443,3,1.12398667106505e-41
1505,0.244093735054998,70.84477525654,3,9.57535929010635e-42
1506,0.239502630320421,70.8917473623356,3,4.34757380252281e-40
1507,0.236154949784792,70.9387194681313,3,6.74040376761819e-39
1508,0.234528933524629,70.9856915739269,3,2.51999564248946e-38
1509,0.235198469631755,71.0326636797225,3,1.46559664659221e-38
1510,0.237876614060258,71.0796357855181,3,1.6533138617572e-39
1511,0.241798182687709,71.1266078913138,3,6.50457071155411e-41
1512,0.24390243902439,71.1735799971094,3,1.12398667106505e-41
1513,0.239980870396939,71.2205521029051,3,2.93054825576146e-40
1514,0.244093735054998,71.2675242087007,3,9.57535929010635e-42
1515,0.251362984218077,71.3144963144963,3,1.99714619526614e-44
1516,0.258345289335246,71.361468420292,3,4.57799862664024e-47
1517,0.262745098039216,71.4084405260876,3,9.22644424098268e-49
1518,0.267336202773792,71.4554126318832,3,1.47664806890879e-50
1519,0.272692491630799,71.5023847376789,3,1.09727690287271e-52
1520,0.278813964610234,71.5493568434745,3,3.65310102641938e-55
1521,0.276231468197035,71.5963289492701,3,4.10874730621471e-54
1522,0.272501195600191,71.6433010550658,3,1.30911514121022e-52
1523,0.272405547584888,71.6902731608614,3,1.42985251494922e-52
1524,0.275274988043998,71.737245266657,3,1.00194459355284e-53
1525,0.276518412242946,71.7842173724527,3,3.14299173131691e-54
1526,0.278527020564323,71.8311894782483,3,4.78477548497522e-55
1527,0.280726924916308,71.878161584044,3,6.00713486699593e-56
1528,0.279770444763271,71.9251336898396,3,1.48334822832828e-55
1529,0.27766618842659,71.9721057956352,3,1.07358418524752e-54
1530,0.277570540411286,72.0190779014309,3,1.17429007282013e-54
1531,0.275944524151124,72.0660500072265,3,5.36996392905753e-54
1532,0.274414155906265,72.1130221130221,3,2.22984014453788e-53
1533,0.275083692013391,72.1599942188178,3,1.19710297865327e-53
1534,0.276231468197035,72.2069663246134,3,4.10874730621471e-54
1535,0.275944524151124,72.253938430409,3,5.36996392905753e-54
1536,0.274414155906265,72.3009105362047,3,2.22984014453788e-53
1537,0.279196556671449,72.3478826420003,3,2.54819778318056e-55
1538,0.277187948350072,72.3948547477959,3,1.68041571845711e-54
1539,0.276805356288857,72.4418268535916,3,2.40365868160536e-54
1540,0.276996652319464,72.4887989593872,3,2.00986981829863e-54
1541,0.279961740793879,72.5357710651828,3,1.23828478230528e-55
1542,0.281587757054041,72.5827431709785,3,2.65680716443596e-56
1543,0.280822572931612,72.6297152767741,3,5.48714167991184e-56
1544,0.27948350071736,72.6766873825698,3,1.9444205456259e-55
1545,0.279866092778575,72.7236594883654,3,1.35530678401966e-55
1546,0.277953132472501,72.770631594161,3,8.20254807390355e-55
1547,0.276996652319464,72.8176036999566,3,2.00986981829863e-54
1548,0.27661406025825,72.8645758057523,3,2.87429500880169e-54
1549,0.273935915829747,72.9115479115479,3,3.47443885101008e-53
1550,0.27039693926351,72.9585200173436,3,9.06130591538504e-52
1551,0.267718794835007,73.0054921231392,3,1.04332068924147e-50
1552,0.267910090865615,73.0524642289348,3,8.76835995332407e-51
1553,0.271257771401243,73.0994363347305,3,4.11288558885143e-52
1554,0.273648971783835,73.1464084405261,3,4.53223158206778e-53
1555,0.273648971783836,73.1933805463217,3,4.53223158206753e-53
1556,0.271353419416547,73.2403526521174,3,3.76679977356451e-52
1557,0.271736011477762,73.287324757913,3,2.64947634763422e-52
1558,0.273457675753228,73.3342968637086,3,5.41010532075861e-53
1559,0.270970827355332,73.3812689695043,3,5.35302444033773e-52
1560,0.265901482544237,73.4282410752999,3,5.41176411244565e-50
1561,0.263797226207556,73.4752131810956,3,3.59652081403372e-49
1562,0.259397417503587,73.5221852868912,3,1.80906954007886e-47
1563,0.259206121472979,73.5691573926868,3,2.14226820947314e-47
1564,0.259301769488283,73.6161294984825,3,1.96865868168878e-47
1565,0.259110473457676,73.6631016042781,3,2.33112471996644e-47
1566,0.262936394069823,73.7100737100737,3,7.77585878190749e-49
1567,0.268197034911526,73.7570458158694,3,6.7543240420354e-51
1568,0.267240554758489,73.804017921665,3,1.61050725004495e-50
1569,0.266475370636059,73.8509900274606,3,3.22128217095877e-50
1570,0.270109995217599,73.8979621332563,3,1.17850036787334e-51
1571,0.272118603538977,73.9449342390519,3,1.86278101477554e-52
1572,0.27297943567671,73.9919063448475,3,8.41854042732822e-53
1573,0.275944524151124,74.0388784506432,3,5.36996392905753e-54
1574,0.27584887613582,74.0858505564388,3,5.8708661200672e-54
1575,0.276518412242946,74.1328226622344,3,3.14299173131691e-54
1576,0.279674796747967,74.1797947680301,3,1.62344302134761e-55
1577,0.27948350071736,74.2267668738257,3,1.9444205456259e-55
1578,0.281874701099952,74.2737389796213,3,2.02324911989698e-56
1579,0.282161645145863,74.320711085417,3,1.5404038031196e-56
1580,0.285222381635581,74.3676831912126,3,8.28069607040352e-58
1581,0.29143950263032,74.4146552970083,3,2.00815474698502e-60
1582,0.292778574844572,74.4616274028039,3,5.4089151386201e-61
1583,0.294213295074127,74.5085995085995,3,1.31890346378447e-61
1584,0.298039215686275,74.5555716143952,3,2.97217424388598e-63
1585,0.292969870875179,74.6025437201908,3,4.48271455580654e-61
1586,0.290196078431373,74.6495158259864,3,6.75711161448351e-60
1587,0.287613582018173,74.6964879317821,3,8.27898717623538e-59
1588,0.284074605451937,74.7434600375777,3,2.48623710794246e-57
1589,0.282352941176471,74.7904321433733,3,1.28420265399052e-56
1590,0.281109516977523,74.837404249169,3,4.18131738866794e-56
1591,0.281683405069345,74.8843763549646,3,2.42624531590327e-56
1592,0.281205164992826,74.9313484607602,3,3.81896475840223e-56
1593,0.274701099952176,74.9783205665559,3,1.7083153458935e-53
1594,0.27039693926351,75.0252926723515,3,9.06130591538504e-52
1595,0.264275466284075,75.0722647781471,3,2.34119183295374e-49
1596,0.258345289335246,75.1192368839428,3,4.57799862664024e-47
1597,0.252223816355811,75.1662089897384,3,9.51427771449327e-45
1598,0.245241511238642,75.2131810955341,3,3.65174885007567e-42
1599,0.243041606886657,75.2601532013297,3,2.30880645845806e-41
1600,0.241989478718317,75.3071253071253,3,5.5481474039025e-41
1601,0.236920133907221,75.354097412921,3,3.61347447008208e-39
1602,0.237494021999044,75.4010695187166,3,2.26116395272754e-39
1603,0.237876614060258,75.4480416245122,3,1.6533138617572e-39
1604,0.235485413677666,75.4950137303079,3,1.16130722806798e-38
1605,0.232329029172645,75.5419858361035,3,1.48069857717997e-37
1606,0.231085604973697,75.5889579418991,3,4.00122421398372e-37
1607,0.233955045432807,75.6359300476948,3,4.00561306233391e-38
1608,0.237207077953132,75.6829021534904,3,2.85880411390569e-39
1609,0.236441893830703,75.729874259286,3,5.33634570956265e-39
1610,0.237876614060258,75.7768463650817,3,1.6533138617572e-39
1611,0.240554758488761,75.8238184708773,3,1.82383560865106e-40
1612,0.241893830703013,75.8707905766729,3,6.00743969360845e-41
1613,0.242754662840746,75.9177626824686,3,2.93344179324978e-41
1614,0.242563366810139,75.9647347882642,3,3.44067168035623e-41
1615,0.245815399330464,76.0117068940599,3,2.25175314315802e-42
1616,0.249163079866093,76.0586789998555,3,1.31522219456701e-43
1617,0.246580583452893,76.1056511056511,3,1.17997175289196e-42
1618,0.249641319942611,76.1526232114468,3,8.74142714605726e-44
1619,0.253562888570062,76.1995953172424,3,2.98896376016894e-45
1620,0.257101865136298,76.246567423038,3,1.36575705903792e-46
1621,0.260640841702535,76.2935395288337,3,6.01297914209738e-48
1622,0.262840746054519,76.3405116346293,3,8.47026916948612e-49
1623,0.265997130559541,76.3874837404249,3,4.96382340944485e-50
1624,0.266857962697274,76.4344558462206,3,2.27818471475963e-50
1625,0.267718794835007,76.4814279520162,3,1.04332068924147e-50
1626,0.269249163079866,76.5284000578118,3,2.58892132941485e-51
1627,0.271927307508369,76.5753721636075,3,2.22169348590364e-52
1628,0.272596843615495,76.6223442694031,3,1.19854085830494e-52
1629,0.272596843615495,76.6693163751987,3,1.19854085830494e-52
1630,0.274414155906265,76.7162884809944,3,2.22984014453788e-53
1631,0.278909612625538,76.76326058679,3,3.33865778925468e-55
1632,0.283022477283596,76.8102326925856,3,6.78837242302854e-57
1633,0.290961262553802,76.8572047983813,3,3.20410722900723e-60
1634,0.29220468675275,76.9041769041769,3,9.49597490028583e-61
1635,0.293065518890483,76.9511490099726,3,4.08074236258942e-61
1636,0.289909134385462,76.9981211157682,3,8.93491547686411e-60
1637,0.285796269727403,77.0450932215638,3,4.77204484863603e-58
1638,0.281874701099952,77.0920653273595,3,2.02324911989698e-56
1639,0.281683405069345,77.1390374331551,3,2.42624531590327e-56
1640,0.282639885222382,77.1860095389507,3,9.77339128957932e-57
1641,0.281109516977523,77.2329816447464,3,4.18131738866794e-56
1642,0.28130081300813,77.279953750542,3,3.48792066870497e-56
1643,0.280726924916308,77.3269258563376,3,6.00713486699559e-56
1644,0.280153036824486,77.3738979621333,3,1.03359802229901e-55
1645,0.279961740793879,77.4208700679289,3,1.23828478230528e-55
1646,0.27766618842659,77.4678421737245,3,1.07358418524752e-54
1647,0.272022955523673,77.5148142795202,3,2.03436453499355e-52
1648,0.265136298421808,77.5617863853158,3,1.07919336426229e-49
1649,0.257006217120995,77.6087584911114,3,1.48527275424106e-46
1650,0.248397895743663,77.6557305969071,3,2.5248965954483e-43
1651,0.230703012912482,77.7027027027027,3,5.42748277609585e-37
1652,0.216642754662841,77.7496748084984,3,2.85014702209853e-32
1653,0.203921568627451,77.796646914294,2,2.9258145068763e-28
1654,0.192252510760402,77.8436190200896,2,8.12051987717182e-25
1655,0.181252989000478,77.8905911258853,2,8.64719577005567e-22
1656,0.163940698230512,77.9375632316809,2,1.87379143695459e-17
1657,0.138020086083214,77.9845353374765,2,6.96892081624041e-12
1658,0.121281683405069,78.0315074432722,2,7.68947624575739e-09
1659,0.107221425155428,78.0784795490678,2,1.29648179686389e-06
1660,0.103682448589192,78.1254516548634,2,4.22792918763245e-06
1661,0.102247728359637,78.1724237606591,2,6.7429540942466e-06
1662,0.104830224772836,78.2193958664547,2,2.89539623503075e-06
1663,0.118603538976566,78.2663679722503,2,2.15356575088295e-08
1664,0.1350549976088,78.313340078046,2,2.59041708439734e-11
1665,0.157819225251076,78.3603121838416,2,4.84150397690017e-16
1666,0.175992348158776,78.4072842896372,2,2.03759285645521e-20
1667,0.198469631755141,78.4542563954329,2,1.27110125423007e-26
1668,0.213103778096604,78.5012285012285,3,3.94975790157882e-31
1669,0.220086083213773,78.5482006070242,3,2.11684627199646e-33
1670,0.224390243902439,78.5951727128198,3,7.75248474013788e-35
1671,0.230989956958393,78.6421448186154,3,4.31830623273311e-37
1672,0.235963653754185,78.6891169244111,3,7.87501775346298e-39
1673,0.237015781922525,78.7360890302067,3,3.34213420146716e-39
1674,0.243041606886657,78.7830611360023,3,2.30880645845806e-41
1675,0.249258727881396,78.830033241798,3,1.21210346812798e-43
1676,0.251362984218077,78.8770053475936,3,1.99714619526614e-44
1677,0.2519368723099,78.9239774533892,3,1.21850572556724e-44
1678,0.256719273075084,78.9709495591849,3,1.91000173745778e-46
1679,0.263605930176949,79.0179216649805,3,4.26951970726086e-49
1680,0.268962219033955,79.0648937707761,3,3.36387054534669e-51
1681,0.271449067431851,79.1118658765718,3,3.44974370088033e-52
1682,0.276040172166428,79.1588379823674,3,4.91166767566357e-54
1683,0.280535628885701,79.205810088163,3,7.19904836376568e-56
1684,0.282352941176471,79.2527821939587,3,1.28420265399052e-56
1685,0.28130081300813,79.2997542997543,3,3.48792066870497e-56
1686,0.279292204686753,79.3467264055499,3,2.32861163118736e-55
1687,0.278813964610234,79.3936985113456,3,3.65310102641938e-55
1688,0.278718316594931,79.4406706171412,3,3.997052795952e-55
1689,0.281587757054041,79.4876427229369,3,2.65680716443596e-56
1690,0.282926829268293,79.5346148287325,3,7.43623174352155e-57
1691,0.285604973696796,79.5815869345281,3,5.73506331563008e-58
1692,0.290674318507891,79.6285590403238,3,4.23949467761563e-60
1693,0.294117647058824,79.6755311461194,3,1.4492853076806e-61
1694,0.296317551410808,79.722503251915,3,1.64657758913196e-62
1695,0.294787183165949,79.7694753577107,3,7.48728655208076e-62
1696,0.292300334768054,79.8164474635063,3,8.64629935598091e-61
1697,0.292682926829268,79.8634195693019,3,5.94124336197097e-61
1698,0.289430894308943,79.9103916750976,3,1.42257330599512e-59
1699,0.288857006217121,79.9573637808932,3,2.48355593542928e-59
1700,0.287039693926351,80.0043358866888,3,1.4409798870885e-58
1701,0.282735533237685,80.0513079924845,3,8.92262680857209e-57
1702,0.281013868962219,80.0982800982801,3,4.5779289681108e-56
1703,0.280918220946915,80.1452522040757,3,5.01202693613505e-56
1704,0.277761836441894,80.1922243098714,3,9.81488562235979e-55
1705,0.277187948350072,80.239196415667,3,1.68041571845711e-54
1706,0.278048780487805,80.2861685214627,3,7.49830650679072e-55
1707,0.278909612625538,80.3331406272583,3,3.33865778925468e-55
1708,0.278909612625538,80.3801127330539,3,3.33865778925468e-55
1709,0.278527020564323,80.4270848388496,3,4.78477548497522e-55
1710,0.277857484457198,80.4740569446452,3,8.97269287251043e-55
1711,0.275753228120517,80.5210290504408,3,6.41832048942793e-54
1712,0.274701099952176,80.5680011562365,3,1.7083153458935e-53
1713,0.271257771401243,80.6149732620321,3,4.11288558885143e-52
1714,0.275561932089909,80.6619453678277,3,7.67052490408315e-54
1715,0.280057388809182,80.7089174736234,3,1.13133673262191e-55
1716,0.282735533237685,80.755889579419,3,8.9226268085726e-57
1717,0.282831181252989,80.8028616852146,3,8.14570363668334e-57
1718,0.283022477283596,80.8498337910103,3,6.78837242302854e-57
1719,0.283405069344811,80.8968058968059,3,4.71303847111304e-57
1720,0.284744141559063,80.9437780026015,3,1.30983753403911e-57
1721,0.283692013390722,80.9907501083972,3,3.58369501725283e-57
1722,0.285796269727403,81.0377222141928,3,4.77204484863603e-58
1723,0.289239598278336,81.0846943199885,3,1.71311831109078e-59
1724,0.291248206599713,81.1316664257841,3,2.42100586048703e-60
1725,0.291917742706839,81.1786385315797,3,1.25776056787573e-60
1726,0.290291726446676,81.2256106373754,3,6.15594646249826e-60
1727,0.287135341941655,81.272582743171,3,1.31393348561433e-58
1728,0.285031085604974,81.3195548489666,3,9.94859548469443e-58
1729,0.281396461023434,81.3665269547623,3,3.185488035129e-56
1730,0.279579148732664,81.4134990605579,3,1.77672172228925e-55
1731,0.278144428503109,81.4604711663535,3,6.8543458943949e-55
1732,0.279005260640842,81.5074432721492,3,3.05119915785084e-55
1733,0.283883309421329,81.5544153779448,3,2.98510713977539e-57
1734,0.288761358201817,81.6013874837404,3,2.72500105024493e-59
1735,0.291535150645624,81.6483595895361,3,1.82886009522521e-60
1736,0.292587278813965,81.6953316953317,3,6.52578766811506e-61
1737,0.294691535150646,81.7423038011273,3,8.22876847657103e-62
1738,0.297178383548541,81.789275906923,3,7.00322355919803e-63
1739,0.297752271640363,81.8362480127186,3,3.95597244176363e-63
1740,0.292587278813965,81.8832201185142,3,6.52578766811506e-61
1741,0.287996174079388,81.9301922243099,3,5.71863123355444e-59
1742,0.283883309421329,81.9771643301055,3,2.98510713977539e-57
1743,0.276709708273553,82.0241364359012,3,2.628499268424e-54
1744,0.268675274988044,82.0711085416968,3,4.36973412630128e-51
1745,0.258632233381157,82.1180806474924,3,3.55506495197593e-47
1746,0.255762792922047,82.1650527532881,3,4.40918949058057e-46
1747,0.246963175514108,82.2120248590837,3,8.53606866543249e-43
1748,0.235485413677666,82.2589969648793,3,1.16130722806798e-38
1749,0.22544237207078,82.305969070675,3,3.42176563858039e-35
1750,0.220564323290292,82.3529411764706,3,1.47046179451972e-33
1751,0.216547106647537,82.3999132822662,3,3.06180353154647e-32
1752,0.212625538020086,82.4468853880619,3,5.61517982642544e-31
1753,0.219416547106648,82.4938574938575,3,3.52084518659024e-33
1754,0.220468675274988,82.5408295996532,3,1.58171430859477e-33
1755,0.221616451458632,82.5878017054488,3,6.57873598177135e-34
1756,0.221712099473936,82.6347738112444,3,6.11372408177852e-34
1757,0.220851267336203,82.68174591704,3,1.18127072110282e-33
1758,0.219703491152559,82.7287180228357,3,2.83160526858753e-33
1759,0.220277379244381,82.7756901286313,3,1.82993592153176e-33
1760,0.220086083213773,82.822662234427,3,2.11684627199646e-33
1761,0.22104256336681,82.8696343402226,3,1.02065463767156e-33
1762,0.220086083213773,82.9166064460182,3,2.11684627199646e-33
1763,0.218077474892396,82.9635785518139,3,9.69500739808072e-33
1764,0.214921090387374,83.0105506576095,3,1.02968720777686e-31
1765,0.209277857484457,83.0575227634051,3,6.43869455613094e-30
1766,0.202678144428503,83.1044948692008,2,6.98606312412095e-28
1767,0.199043519846963,83.1514669749964,2,8.59306432224822e-27
1768,0.197321855571497,83.198439080792,2,2.77040510770733e-26
1769,0.200860832137733,83.2454111865877,2,2.46600919336252e-27
1770,0.202008608321377,83.2923832923833,2,1.11349555624551e-27
1771,0.208512673362028,83.3393553981789,3,1.11799643797362e-29
1772,0.217599234815878,83.3863275039746,3,1.38995653002123e-32
1773,0.223242467718795,83.4332996097702,3,1.88405398556325e-34
1774,0.226590148254424,83.4802717155658,3,1.39621891191264e-35
1775,0.226016260162602,83.5272438213615,3,2.18694570791521e-35
1776,0.224103299856528,83.5742159271571,3,9.68352260538941e-35
1777,0.221712099473936,83.6211880329528,3,6.11372408177852e-34
1778,0.218555714968914,83.6681601387484,3,6.75693766244638e-33
1779,0.213486370157819,83.715132244544,3,2.97905399239178e-31
1780,0.208990913438546,83.7621043503397,3,7.92089695230186e-30
1781,0.204782400765184,83.8090764561353,3,1.59607429022609e-28
1782,0.198565279770445,83.8560485619309,2,1.19091499283019e-26
1783,0.190243902439024,83.9030206677266,2,3.00875944818865e-24
1784,0.183739837398374,83.9499927735222,2,1.86725913633948e-22
1785,0.178479196556671,83.9969648793178,2,4.63953087523797e-21
1786,0.179244380679101,84.0439369851135,2,2.92791150204384e-21
1787,0.181731229076997,84.0909090909091,2,6.45225152633036e-22
1788,0.186609277857484,84.1378811967047,2,3.08677375618968e-23
1789,0.190052606408417,84.1848533025004,2,3.40555240150501e-24
1790,0.184600669536107,84.231825408296,2,1.09201387174947e-22
1791,0.171018651362984,84.2787975140917,2,3.64912570895011e-19
1792,0.158775705404113,84.3257696198873,2,2.94001510468939e-16
1793,0.139933046389287,84.3727417256829,2,2.93842128271866e-12
1794,0.121855571496891,84.4197138314785,2,6.14665701913074e-09
1795,0.103586800573888,84.4666859372742,2,4.36253977844478e-06
1796,0.0974653275944524,84.5136580430698,2,3.03463137932126e-05
1797,0.0971783835485414,84.5606301488655,2,3.31284471130871e-05
1798,0.0975609756097561,84.6076022546611,2,2.94699828268698e-05
1799,0.0997608799617408,84.6545743604567,2,1.48888328794602e-05
1800,0.103778096604495,84.7015464662524,2,4.09734158980955e-06
1801,0.122620755619321,84.748518572048,2,4.55180954059645e-09
1802,0.126064084170253,84.7954906778436,2,1.14849123282318e-09
1803,0.132950741272119,84.8424627836393,2,6.45431134094751e-11
1804,0.139646102343376,84.8894348894349,2,3.34758379601765e-12
1805,0.143280726924916,84.9364069952305,2,6.28305962382259e-13
1806,0.146437111429938,84.9833791010262,2,1.41440284529366e-13
1807,0.151410808225729,85.0303512068218,2,1.25446610235648e-14
1808,0.155810616929699,85.0773233126175,2,1.36487087632866e-15
1809,0.160593017694883,85.1242954184131,2,1.12889244975361e-16
1810,0.161358201817312,85.1712675242087,2,7.51636864986689e-17
1811,0.163558106169297,85.2182396300043,2,2.30564410909586e-17
1812,0.169201339072214,85.2652117358,2,1.02199732060814e-18
1813,0.174461979913917,85.3121838415956,2,5.00300964883407e-20
1814,0.180296508847441,85.3591559473913,2,1.54878787000594e-21
1815,0.188904830224773,85.4061280531869,2,7.13884742972026e-24
1816,0.194643711142994,85.4531001589825,2,1.67177624772399e-25
1817,0.203156384505022,85.5000722647782,2,5.00218488837229e-28
1818,0.21090387374462,85.5470443705738,3,1.97896818916266e-30
1819,0.21999043519847,85.5940164763694,3,2.27664657729212e-33
1820,0.226781444285031,85.6409885821651,3,1.20195263686344e-35
1821,0.230511716881875,85.6879606879607,3,6.32010866956197e-37
1822,0.233668101386896,85.7349327937563,3,5.04816707618679e-38
1823,0.235294117647059,85.781904899552,3,1.35624410930414e-38
1824,0.235963653754185,85.8288770053476,3,7.87501775346298e-39
1825,0.234911525585844,85.8758491111432,3,1.84913710665305e-38
1826,0.233381157340985,85.9228212169389,3,6.36040834293299e-38
1827,0.231659493065519,85.9697933227345,3,2.53047364709788e-37
1828,0.230320420851267,86.0167654285301,3,7.35867197752096e-37
1829,0.231276901004304,86.0637375343258,3,3.43489537138532e-37
1830,0.232137733142037,86.1107096401214,3,1.72594092679006e-37
1831,0.232807269249163,86.1576817459171,3,1.00889650453991e-37
1832,0.232137733142037,86.2046538517127,3,1.72594092679006e-37
1833,0.239980870396939,86.2516259575083,3,2.93054825576146e-40
1834,0.23921568627451,86.298598063304,3,5.5065315543629e-40
1835,0.241893830703013,86.3455701690996,3,6.00743969360845e-41
1836,0.241989478718317,86.3925422748952,3,5.5481474039025e-41
1837,0.240650406504065,86.4395143806909,3,1.68506067999722e-40
1838,0.241893830703013,86.4864864864865,3,6.00743969360845e-41
1839,0.244858919177427,86.5334585922821,3,5.03785843681373e-42
1840,0.244380679100909,86.5804306980778,3,7.527573675608e-42
1841,0.24390243902439,86.6274028038734,3,1.12398667106505e-41
1842,0.245050215208034,86.674374909669,3,4.28941056084797e-42
1843,0.244476327116212,86.7213470154647,3,6.94700198650304e-42
1844,0.241128646580583,86.7683191212603,3,1.13391628661985e-40
1845,0.238259206121473,86.815291227056,3,1.20831567103977e-39
1846,0.238354854136777,86.8622633328516,3,1.11713525073777e-39
1847,0.237494021999044,86.9092354386472,3,2.26116395272754e-39
1848,0.233859397417504,86.9562075444428,3,4.32683000314135e-38
1849,0.233955045432807,87.0031796502385,3,4.00561306233391e-38
1850,0.229650884744142,87.0501517560341,3,1.25215391192157e-36
1851,0.222477283596365,87.0971238618298,3,3.39725827905677e-34
1852,0.213582018173123,87.1440959676254,3,2.77600127241022e-31
1853,0.203347680535629,87.191068073421,2,4.37545559419694e-28
1854,0.188809182209469,87.2380401792167,2,7.59118365702614e-24
1855,0.173314203730273,87.2850122850123,2,9.75333147023417e-20
1856,0.162505978000956,87.3319843908079,2,4.06666847269874e-17
1857,0.145767575322812,87.3789564966036,2,1.94643596422782e-13
1858,0.123194643711143,87.4259286023992,2,3.62876922357234e-09
1859,0.107221425155428,87.4729007081948,2,1.29648179686389e-06
1860,0.0933524629363941,87.5198728139905,2,0.000103807324791548
1861,0.0703969392635103,87.5668449197861,2,0.0326303774624569
1862,0.052702056432329,87.6138170255818,2,0.454456772016614
1863,0.0436154949784792,87.6607891313774,1,0.738965965339566
1864,0.0354854136776662,87.707761237173,1,0.868936893274385
1865,0.0326159732185557,87.7547333429686,1,0.894450451948951
1866,0.0241989478718317,87.8017054487643,1,0.936535178517594
1867,0.0235294117647059,87.8486775545599,1,0.938499584028065
1868,0.0330942132950741,87.8956496603556,1,0.890719573308467
1869,0.0486848397895744,87.9426217661512,1,0.597141737158227
1870,0.0684839789574366,87.9895938719468,2,0.047873024708523
1871,0.0933524629363941,88.0365659777425,2,0.000103807324791548
1872,0.114777618364419,88.0835380835381,2,8.97919471899631e-08
1873,0.125585844093735,88.1305101893337,2,1.39402017729765e-09
1874,0.134385461501674,88.1774822951294,2,3.46943013194786e-11
1875,0.145289335246294,88.224454400925,2,2.44264039885336e-13
1876,0.159349593495935,88.2714265067206,2,2.17599643120367e-16
1877,0.175514108082257,88.3183986125163,2,2.70063062883269e-20
1878,0.189670014347202,88.3653707183119,2,4.36107489444342e-24
1879,0.198947871831659,88.4123428241075,2,9.17330882625932e-27
1880,0.207938785270206,88.4593149299032,3,1.68869669490164e-29
1881,0.212051649928264,88.5062870356988,3,8.5554269904051e-31
1882,0.217312290769967,88.5532591414945,3,1.72467356408363e-32
1883,0.220468675274988,88.6002312472901,3,1.58171430859477e-33
1884,0.223912003825921,88.6472033530857,3,1.1229541011869e-34
1885,0.226685796269727,88.6941754588814,3,1.29546883200174e-35
1886,0.227929220468675,88.741147564677,3,4.87972542636919e-36
1887,0.230703012912482,88.7881196704726,3,5.42748277609585e-37
1888,0.236920133907221,88.8350917762683,3,3.61347447008208e-39
1889,0.244380679100909,88.8820638820639,3,7.527573675608e-42
1890,0.24830224772836,88.9290359878595,3,2.7390202172235e-43
1891,0.255093256814921,88.9760080936552,3,7.90648764474234e-46
1892,0.261692969870875,89.0229801994508,3,2.35923195593166e-48
1893,0.267910090865615,89.0699523052464,3,8.7683599533237e-51
1894,0.272883787661406,89.1169244110421,3,9.19619593976217e-53
1895,0.276805356288857,89.1638965168377,3,2.40365868160536e-54
1896,0.278718316594931,89.2108686226333,3,3.997052795952e-55
1897,0.281492109038737,89.257840728429,3,2.90920141316453e-56
1898,0.28130081300813,89.3048128342246,3,3.48792066870497e-56
1899,0.281109516977523,89.3517849400203,3,4.18131738866794e-56
1900,0.280057388809182,89.3987570458159,3,1.13133673262198e-55
1901,0.277379244380679,89.4457291516115,3,1.40481527630929e-54
1902,0.274509803921569,89.4927012574071,3,2.04040678875835e-53
1903,0.272501195600191,89.5396733632028,3,1.30911514121022e-52
1904,0.271257771401243,89.5866454689984,3,4.11288558885143e-52
1905,0.273457675753228,89.6336175747941,3,5.41010532075861e-53
1906,0.266475370636059,89.6805896805897,3,3.22128217095877e-50
1907,0.258249641319943,89.7275617863853,3,4.98036880899323e-47
1908,0.251745576279292,89.774533892181,3,1.43682079568547e-44
1909,0.243711142993783,89.8215059979766,3,1.31922450578195e-41
1910,0.239885222381636,89.8684781037722,3,3.17126904495088e-40
1911,0.237589670014347,89.9154502095679,3,2.09101168428731e-39
1912,0.233572453371593,89.9624223153635,3,5.45251361587905e-38
1913,0.237972262075562,90.0093944211591,3,1.5287277448338e-39
1914,0.23194643711143,90.0563665269548,3,2.0115665825227e-37
1915,0.230320420851267,90.1033386327504,3,7.35867197752096e-37
1916,0.234528933524629,90.1503107385461,3,2.51999564248946e-38
1917,0.235007173601148,90.1972828443417,3,1.71131553249842e-38
1918,0.228885700621712,90.2442549501373,3,2.29469136001388e-36
1919,0.22467718794835,90.2912270559329,3,6.20482101237669e-35
1920,0.224868483978957,90.3381991617286,3,5.34796666223849e-35
1921,0.218747010999522,90.3851712675242,3,5.84701530751408e-33
1922,0.219512195121951,90.4321433733199,3,3.27433058353641e-33
1923,0.220564323290292,90.4791154791155,3,1.47046179451972e-33
1924,0.223146819703491,90.5260875849111,3,2.0283575921884e-34
1925,0.226111908177905,90.5730596907068,3,2.02950443490248e-35
1926,0.228024868483979,90.6200317965024,3,4.525708222038e-36
1927,0.228598756575801,90.667003902298,3,2.87846827342099e-36
1928,0.228694404591105,90.7139760080937,3,2.66908237141849e-36
1929,0.22180774748924,90.7609481138893,3,5.68140487942058e-34
1930,0.223051171688187,90.8079202196849,3,2.1836465942135e-34
1931,0.224868483978957,90.8548923254806,3,5.34796666223849e-35
1932,0.226398852223816,90.9018644312762,3,1.62168829952742e-35
1933,0.22831181252989,90.9488365370718,3,3.60979271803716e-36
1934,0.228216164514586,90.9958086428675,3,3.8925122106682e-36
1935,0.229268292682927,91.0427807486631,3,1.69548537662285e-36
1936,0.229459588713534,91.0897528544588,3,1.45714113386536e-36
1937,0.232520325203252,91.1367249602544,3,1.27015480187209e-37
1938,0.229650884744142,91.18369706605,3,1.25215391192157e-36
1939,0.230511716881875,91.2306691718457,3,6.32010866956197e-37
1940,0.231468197034912,91.2776412776413,3,2.94837785239934e-37
1941,0.231468197034912,91.3246133834369,3,2.94837785239934e-37
1942,0.23558106169297,91.3715854892326,3,1.0745657679694e-38
1943,0.243424198947872,91.4185575950282,3,1.67711936182786e-41
1944,0.247441415590626,91.4655297008238,3,5.69141281183693e-43
1945,0.247824007651841,91.5125018066195,3,4.11314032486639e-43
1946,0.248397895743663,91.5594739124151,3,2.5248965954483e-43
1947,0.249736967957915,91.6064460182107,3,8.05495493254436e-44
1948,0.253275944524151,91.6534181240064,3,3.83240301854871e-45
1949,0.258058345289335,91.700390229802,3,5.89383398236198e-47
1950,0.262458153993305,91.7473623355976,3,1.19227274496683e-48
1951,0.265997130559541,91.7943344413933,3,4.96382340944485e-50
1952,0.267240554758489,91.8413065471889,3,1.61050725004495e-50
1953,0.263988522238164,91.8882786529846,3,3.02927983368936e-49
1954,0.261119081779053,91.9352507587802,3,3.9316515557155e-48
1955,0.261406025824964,91.9822228645758,3,3.04596954204253e-48
1956,0.262745098039216,92.0291949703715,3,9.22644424098268e-49
1957,0.262649450023912,92.0761670761671,3,1.00498553993704e-48
1958,0.262553802008608,92.1231391819627,3,1.09464567385924e-48
1959,0.259110473457676,92.1701112877584,3,2.33112471996644e-47
1960,0.252606408417025,92.217083393554,3,6.8381780626028e-45
1961,0.247154471544715,92.2640554993496,3,7.25903427457119e-43
1962,0.238163558106169,92.3110276051453,3,1.30690101013933e-39
1963,0.224485891917743,92.3579997109409,3,7.19808440295486e-35
1964,0.208895265423242,92.4049718167365,3,8.48666551655189e-30
1965,0.190530846484935,92.4519439225322,2,2.49784787454513e-24
1966,0.170349115255858,92.4989160283278,2,5.34101447523699e-19
1967,0.154471544715447,92.5458881341234,2,2.70123052709607e-15
1968,0.14624581539933,92.5928602399191,2,1.54975741304713e-13
1969,0.150932568149211,92.6398323457147,2,1.5897093706317e-14
1970,0.149210903873745,92.6868044515104,2,3.7035452472495e-14
1971,0.150741272118604,92.733776557306,2,1.74726966635063e-14
1972,0.14988043998087,92.7807486631016,2,2.66891311643362e-14
1973,0.145671927307508,92.8277207688973,2,2.03700713336798e-13
1974,0.144906743185079,92.8746928746929,2,2.92750937586811e-13
1975,0.147776183644189,92.9216649804885,2,7.43251391492289e-14
1976,0.149976087996174,92.9686370862842,2,2.5465404809622e-14
1977,0.15791487326638,93.0156091920798,2,4.60663641553085e-16
1978,0.164610234337637,93.0625812978754,2,1.30170463687331e-17
1979,0.17455762792922,93.1095534036711,2,4.73116742361255e-20
1980,0.185174557627929,93.1565255094667,2,7.62395731797399e-23
1981,0.196939263510282,93.2034976152623,2,3.58777583847225e-26
1982,0.208512673362028,93.250469721058,3,1.11799643797362e-29
1983,0.220086083213773,93.2974418268536,3,2.11684627199646e-33
1984,0.226972740315638,93.3444139326492,3,1.03459161814401e-35
1985,0.228024868483979,93.3913860384449,3,4.525708222038e-36
1986,0.233189861310378,93.4383581442405,3,7.41861360042777e-38
1987,0.241415590626495,93.4853302500361,3,8.93744429101865e-41
1988,0.250406504065041,93.5323023558318,3,4.54039929155566e-44
1989,0.259588713534194,93.5792744616274,3,1.52752980226503e-47
1990,0.270109995217599,93.6262465674231,3,1.17850036787334e-51
1991,0.279961740793879,93.6732186732187,3,1.23828478230528e-55
1992,0.285700621712099,93.7201907790143,3,5.23151107399896e-58
1993,0.288378766140603,93.76716288481,3,3.94840702664302e-59
1994,0.293830703012912,93.8141349906056,3,1.92268011286546e-61
1995,0.3012912482066,93.8611070964012,3,1.14395506904876e-64
1996,0.306551889048302,93.9080792021969,3,5.5144551697472e-67
1997,0.309230033476805,93.9550513079925,3,3.53527057520951e-68
1998,0.310856049736968,94.0020234137881,3,6.60043536281865e-69
1999,0.311812529890005,94.0489955195838,3,2.45048797491056e-69
2000,0.312673362027738,94.0959676253794,3,1.00221149949059e-69
2001,0.314777618364419,94.142939731175,3,1.11630160738652e-70
2002,0.319273075083692,94.1899118369707,3,9.823558439523e-73
2003,0.32051649928264,94.2368839427663,3,2.62474880091973e-73
2004,0.317838354854137,94.2838560485619,3,4.47848203404052e-72
2005,0.317073170731707,94.3308281543576,3,1.00330012110506e-71
2006,0.317168818747011,94.3778002601532,3,9.07162078889281e-72
2007,0.315734098517456,94.4247723659489,3,4.09855124515251e-71
2008,0.312290769966523,94.4717444717445,3,1.49159795761416e-69
2009,0.311238641798183,94.5187165775401,3,4.44207170309818e-69
2010,0.306934481109517,94.5656886833358,3,3.72927127323857e-67
2011,0.301386896221903,94.6126607891314,3,1.0389575717914e-64
2012,0.297847919655667,94.659632894927,3,3.59643208683288e-63
2013,0.296987087517934,94.7066050007227,3,8.47006553143753e-63
2014,0.296987087517934,94.7535771065183,3,8.47006553143753e-63
2015,0.296508847441416,94.8005492123139,3,1.36193308278237e-62
2016,0.295169775227164,94.8475213181096,3,5.13058673713666e-62
2017,0.292395982783357,94.8944934239052,3,7.87244076272929e-61
2018,0.294117647058824,94.9414655297008,3,1.4492853076806e-61
2019,0.296317551410808,94.9884376354965,3,1.64657758913196e-62
2020,0.297178383548541,95.0354097412921,3,7.00322355919803e-63
2021,0.294978479196557,95.0823818470877,3,6.19824756668577e-62
2022,0.290865614538498,95.1293539528834,3,3.51766354246233e-60
2023,0.286370157819225,95.176326058679,3,2.74742514271777e-58
2024,0.283596365375418,95.2232981644747,3,3.92644262070441e-57
2025,0.272788139646102,95.2702702702703,3,1.00454183535944e-52
2026,0.268101386896222,95.3172423760659,3,7.36838580764121e-51
2027,0.261214729794357,95.3642144818616,3,3.61107840855951e-48
2028,0.253562888570062,95.4111865876572,3,2.98896376016894e-45
2029,0.248015303682449,95.4581586934528,3,3.49605459113193e-43
2030,0.245432807269249,95.5051307992485,3,3.10853555443899e-42
2031,0.244093735054998,95.5521029050441,3,9.57535929010635e-42
2032,0.244285031085605,95.5990750108397,3,8.15643707926893e-42
2033,0.24753706360593,95.6460471166354,3,5.24779019970443e-43
2034,0.249163079866093,95.693019222431,3,1.31522219456701e-43
2035,0.254232424677188,95.7399913282266,3,1.67194193465327e-45
2036,0.260545193687231,95.7869634340223,3,6.54572046976211e-48
2037,0.265901482544237,95.8339355398179,3,5.41176411244565e-50
2038,0.268005738880918,95.8809076456135,3,8.03805888747454e-51
2039,0.268005738880918,95.9278797514092,3,8.03805888747454e-51
2040,0.266857962697274,95.9748518572048,3,2.27818471475963e-50
2041,0.269631755141081,96.0218239630004,3,1.8252771902572e-51
2042,0.273744619799139,96.0687960687961,3,4.14808725110691e-53
2043,0.276422764227642,96.1157681745917,3,3.43671527544014e-54
2044,0.27948350071736,96.1627402803874,3,1.9444205456259e-55
2045,0.284074605451937,96.209712386183,3,2.48623710794246e-57
2046,0.290291726446676,96.2566844919786,3,6.15594646249826e-60
2047,0.291535150645624,96.3036565977743,3,1.82886009522521e-60
2048,0.289335246293639,96.3506287035699,3,1.56112180670444e-59
2049,0.287230989956958,96.3976008093655,3,1.19805643814421e-58
2050,0.278622668579627,96.4445729151612,3,4.37327222636042e-55
2051,0.274127211860354,96.4915450209568,3,2.90987999781604e-53
2052,0.273553323768532,96.5385171267524,3,4.95181835484099e-53
2053,0.272022955523673,96.5854892325481,3,2.03436453499355e-52
2054,0.271927307508369,96.6324613383437,3,2.22169348590364e-52
2055,0.273457675753228,96.6794334441393,3,5.41010532075861e-53
2056,0.273170731707317,96.726405549935,3,7.05438518454554e-53
2057,0.273744619799139,96.7733776557306,3,4.14808725110691e-53
2058,0.274988043998087,96.8203497615262,3,1.30845270635642e-53
2059,0.27661406025825,96.8673218673219,3,2.87429500880169e-54
2060,0.275657580105213,96.9142939731175,3,7.01663741863512e-54
2061,0.276135820181731,96.9612660789132,3,4.49236459483352e-54
2062,0.27661406025825,97.0082381847088,3,2.87429500880169e-54
2063,0.274892395982783,97.0552102905044,3,1.43012157350355e-53
2064,0.272883787661406,97.1021823963001,3,9.19619593976217e-53
2065,0.271353419416547,97.1491545020957,3,3.76679977356451e-52
2066,0.271544715447154,97.1961266078913,3,3.15929014878909e-52
2067,0.269153515064562,97.243098713687,3,2.82512254105179e-51
2068,0.265614538498326,97.2900708194826,3,7.01191262744377e-50
2069,0.263510282161645,97.3370429252782,3,4.6516787514716e-49
2070,0.258823529411765,97.3840150310739,3,3.00310138869001e-47
2071,0.250693448110952,97.4309871368695,3,3.54988246564829e-44
2072,0.243615494978479,97.4779592426651,3,1.4291548120327e-41
2073,0.237302725968436,97.5249313484608,3,2.64390610350384e-39
2074,0.239406982305117,97.5719034542564,3,4.70402550914532e-40
2075,0.240937350549976,97.618875560052,3,1.32871415660311e-40
2076,0.24390243902439,97.6658476658477,3,1.12398667106505e-41
2077,0.246006695361071,97.7128197716433,3,1.91615584841929e-42
2078,0.252319464371114,97.759791877439,3,8.76061904266028e-45
2079,0.260353897656624,97.8067639832346,3,7.75635685472099e-48
2080,0.265997130559541,97.8537360890302,3,4.96382340944485e-50
2081,0.264275466284075,97.9007081948259,3,2.34119183295374e-49
2082,0.264849354375897,97.9476803006215,3,1.39738766890722e-49
2083,0.26676231468197,97.9946524064171,3,2.48437054308086e-50
2084,0.267910090865615,98.0416245122128,3,8.7683599533237e-51
2085,0.268101386896222,98.0885966180084,3,7.36838580764121e-51
2086,0.269823051171688,98.135568723804,3,1.53237146552244e-51
2087,0.275753228120517,98.1825408295997,3,6.41832048942793e-54
2088,0.281587757054041,98.2295129353953,3,2.65680716443596e-56
2089,0.284839789574366,98.2764850411909,3,1.19511705132218e-57
2090,0.289239598278336,98.3234571469866,3,1.71311831109078e-59
2091,0.293065518890483,98.3704292527822,3,4.08074236258942e-61
2092,0.294691535150646,98.4174013585778,3,8.22876847657103e-62
2093,0.294978479196557,98.4643734643735,3,6.19824756668577e-62
2094,0.293161166905787,98.5113455701691,3,3.71471661884482e-61
2095,0.290100430416069,98.5583176759647,3,7.41678656043242e-60
2096,0.287613582018173,98.6052897817604,3,8.27898717623538e-59
2097,0.291917742706839,98.652261887556,3,1.25776056787573e-60
2098,0.285891917742707,98.6992339933517,3,4.35281610561876e-58
2099,0.281779053084649,98.7462060991473,3,2.2156329680044e-56
2100,0.279100908656145,98.7931782049429,3,2.78841641992638e-55
2101,0.274701099952176,98.8401503107386,3,1.7083153458935e-53
2102,0.275370636059302,98.8871224165342,3,9.16605418595897e-54
2103,0.279866092778575,98.9340945223298,3,1.35530678401966e-55
2104,0.28206599713056,98.9810666281255,3,1.68701032939302e-56
2105,0.27948350071736,99.0280387339211,3,1.9444205456259e-55
2106,0.28206599713056,99.0750108397167,3,1.68701032939302e-56
2107,0.28206599713056,99.1219829455124,3,1.68701032939302e-56
2108,0.276901004304161,99.168955051308,3,2.19799223582373e-54
2109,0.274701099952176,99.2159271571036,3,1.7083153458935e-53
2110,0.275370636059302,99.2628992628993,3,9.16605418595897e-54
2111,0.273075083692013,99.3098713686949,3,7.70643972627727e-53
2112,0.269823051171688,99.3568434744905,3,1.53237146552244e-51
2113,0.265805834528934,99.4038155802862,3,5.89996904460312e-50
2114,0.255475848876136,99.4507876860818,3,5.66403628146432e-46
2115,0.241798182687709,99.4977597918775,3,6.50457071155411e-41
2116,0.225729316116691,99.5447318976731,3,2.73591914762126e-35
2117,0.207173601147776,99.5917040034687,3,2.9210225644456e-29
2118,0.190435198469632,99.6386761092644,2,2.65780217897429e-24
2119,0.175035868005739,99.68564821506,2,3.57614625321815e-20
2120,0.16154949784792,99.7326203208556,2,6.78729821370304e-17
2121,0.149976087996174,99.7795924266513,2,2.5465404809622e-14
2122,0.141463414634146,99.8265645324469,2,1.45883700641497e-12
2123,0.13323768531803,99.8735366382425,2,5.70405387538258e-11
2124,0.12883787661406,99.9205087440382,2,3.67487005522852e-10
2125,0.125011956001913,99.9674808498338,2,1.75703130061367e-09
2126,0.119081779053085,100.014452955629,2,1.79509743032289e-08
2127,0.11506456241033,100.061425061425,2,8.08166524791966e-08
2128,0.114203730272597,100.108397167221,2,1.10748099757404e-07
2129,0.114012434241989,100.155369273016,2,1.18738545464328e-07
2130,0.118986131037781,100.202341378812,2,1.86178615405457e-08
2131,0.12960306073649,100.249313484608,2,2.67090742400017e-10
2132,0.139072214251554,100.296285590403,2,4.34095428985555e-12
2133,0.142898134863702,100.343257696199,2,7.50956456401125e-13
2134,0.149306551889048,100.390229801995,2,3.53455474539316e-14
2135,0.15714968914395,100.43720190779,2,6.85078768507277e-16
2136,0.159253945480631,100.484174013586,2,2.28811198989574e-16
2137,0.164705882352941,100.531146119381,2,1.23552167280777e-17
2138,0.164036346245815,100.578118225177,2,1.77895748904965e-17
2139,0.168818747011,100.625090330973,2,1.26734411553682e-18
2140,0.176948828311813,100.672062436768,2,1.1567145932637e-20
2141,0.181157340985175,100.719034542564,2,9.1676834895412e-22
2142,0.182305117168819,100.76600664836,2,4.53503708042868e-22
2143,0.189574366331899,100.812978754155,2,4.63878840103687e-24
2144,0.198373983739837,100.859950859951,2,1.35663743183813e-26
2145,0.202486848397896,100.906922965747,2,7.98277830248343e-28
2146,0.208703969392635,100.953895071542,3,9.74133062962261e-30
2147,0.217790530846485,101.000867177338,3,1.20354264029909e-32
2148,0.22467718794835,101.047839283133,3,6.20482101237669e-35
2149,0.233572453371593,101.094811388929,3,5.45251361587905e-38
2150,0.24208512673362,101.141783494725,3,5.12382580479078e-41
2151,0.249736967957915,101.18875560052,3,8.05495493254436e-44
2152,0.253275944524151,101.235727706316,3,3.83240301854871e-45
2153,0.259493065518891,101.282699812112,3,1.66237251337642e-47
2154,0.261214729794357,101.329671917907,3,3.61107840855951e-48
2155,0.2649450023912,101.376644023703,3,1.28210235370893e-49
2156,0.269918699186992,101.423616129498,3,1.40399071188242e-51
2157,0.27221425155428,101.470588235294,3,1.70562370296042e-52
2158,0.273744619799139,101.51756034109,3,4.14808725110691e-53
2159,0.274892395982783,101.564532446885,3,1.43012157350355e-53
2160,0.276996652319464,101.611504552681,3,2.00986981829863e-54
2161,0.27843137254902,101.658476658477,3,5.23485963468672e-55
2162,0.278909612625538,101.705448764272,3,3.33865778925468e-55
2163,0.278335724533716,101.752420870068,3,5.72712869661017e-55
2164,0.276805356288857,101.799392975864,3,2.40365868160536e-54
2165,0.275657580105213,101.846365081659,3,7.01663741863512e-54
2166,0.270683883309421,101.893337187455,3,6.96541966015606e-52
2167,0.265614538498326,101.94030929325,3,7.01191262744377e-50
2168,0.264371114299378,101.987281399046,3,2.14838861784193e-49
2169,0.258536585365854,102.034253504842,3,3.86784154641289e-47
2170,0.257484457197513,102.081225610637,3,9.76168003386845e-47
2171,0.255093256814921,102.128197716433,3,7.90648764474234e-46
2172,0.251458632233381,102.175169822229,3,1.83939881042503e-44
2173,0.245528455284553,102.222141928024,3,2.8679078060895e-42
2174,0.239885222381636,102.26911403382,3,3.17126904495088e-40
2175,0.233955045432807,102.316086139616,3,4.00561306233391e-38
2176,0.23012912482066,102.363058245411,3,8.56688819548277e-37
2177,0.233189861310378,102.410030351207,3,7.41861360042777e-38
2178,0.232902917264467,102.457002457002,3,9.34296280455705e-38
2179,0.233285509325681,102.503974562798,3,6.86926370100178e-38
2180,0.233859397417504,102.550946668594,3,4.32683000314135e-38
2181,0.235485413677666,102.597918774389,3,1.16130722806794e-38
2182,0.242563366810139,102.644890880185,3,3.44067168035623e-41
2183,0.250789096126255,102.691862985981,3,3.270118034388e-44
2184,0.256814921090387,102.738835091776,3,1.75645234156469e-46
2185,0.258058345289335,102.785807197572,3,5.89383398236198e-47
2186,0.271736011477762,102.832779303368,3,2.64947634763422e-52
2187,0.279674796747967,102.879751409163,3,1.62344302134761e-55
2188,0.279005260640842,102.926723514959,3,3.05119915785084e-55
2189,0.277953132472501,102.973695620754,3,8.20254807390355e-55
2190,0.283309421329507,103.02066772655,3,5.16338491687521e-57
2191,0.287230989956958,103.067639832346,3,1.19805643814421e-58
2192,0.286083213773314,103.114611938141,3,3.62132274857317e-58
2193,0.289335246293639,103.161584043937,3,1.56112180670444e-59
2194,0.290483022477284,103.208556149733,3,5.10890239816496e-60
2195,0.289526542324247,103.255528255528,3,1.29628636059219e-59
2196,0.286370157819225,103.302500361324,3,2.74742514271777e-58
2197,0.283787661406026,103.34947246712,3,3.27077948782948e-57
2198,0.283405069344811,103.396444572915,3,4.71303847111304e-57
2199,0.284074605451937,103.443416678711,3,2.48623710794246e-57
2200,0.284552845528455,103.490388784506,3,1.57324628447953e-57
2201,0.285796269727403,103.537360890302,3,4.77204484863616e-58
2202,0.28857006217121,103.584332996098,3,3.28032919284297e-59
2203,0.290674318507891,103.631305101893,3,4.23949467761563e-60
2204,0.291822094691535,103.678277207689,3,1.38121397490497e-60
2205,0.294213295074127,103.725249313485,3,1.31890346378447e-61
2206,0.29507412721186,103.77222141928,3,5.63928144828747e-62
2207,0.291917742706839,103.819193525076,3,1.25776056787573e-60
2208,0.287326637972262,103.866165630872,3,1.09236960782839e-58
2209,0.287996174079388,103.913137736667,3,5.71863123355444e-59
2210,0.288761358201817,103.960109842463,3,2.72500105024493e-59
2211,0.287613582018173,104.007081948258,3,8.27898717623538e-59
2212,0.284074605451937,104.054054054054,3,2.48623710794246e-57
2213,0.283309421329507,104.10102615985,3,5.16338491687521e-57
2214,0.281779053084649,104.147998265645,3,2.2156329680044e-56
2215,0.277283596365375,104.194970371441,3,1.53646887909918e-54
2216,0.272501195600191,104.241942477237,3,1.30911514121022e-52
2217,0.266188426590148,104.288914583032,3,4.17576715091166e-50
2218,0.264753706360593,104.335886688828,3,1.52299838624806e-49
2219,0.262362505978001,104.382858794624,3,1.29857179366071e-48
2220,0.258823529411765,104.429830900419,3,3.00310138869001e-47
2221,0.254519368723099,104.476803006215,3,1.30291225954495e-45
2222,0.252702056432329,104.52377511201,3,6.29581340875787e-45
2223,0.253945480631277,104.570747217806,3,2.14496705930778e-45
2224,0.256241032998565,104.617719323602,3,2.90297830031454e-46
2225,0.257388809182209,104.664691429397,3,1.06170646713209e-46
2226,0.259493065518891,104.711663535193,3,1.66237251337642e-47
2227,0.264466762314682,104.758635640989,3,1.97141023588139e-49
2228,0.268962219033955,104.805607746784,3,3.36387054534669e-51
2229,0.269823051171688,104.85257985258,3,1.53237146552244e-51
2230,0.267718794835007,104.899551958376,3,1.04332068924147e-50
2231,0.264849354375897,104.946524064171,3,1.39738766890722e-49
2232,0.2649450023912,104.993496169967,3,1.28210235370893e-49
2233,0.263510282161645,105.040468275762,3,4.6516787514716e-49
2234,0.264562410329986,105.087440381558,3,1.80896221090798e-49
2235,0.264466762314682,105.134412487354,3,1.97141023588139e-49
2236,0.266092778574845,105.181384593149,3,4.55283726777104e-50
2237,0.270779531324725,105.228356698945,3,6.38032620547449e-52
2238,0.273362027737924,105.275328804741,3,5.91064853524571e-53
2239,0.270588235294118,105.322300910536,3,7.60396438564769e-52
2240,0.268292682926829,105.369273016332,3,6.19127064482963e-51
2241,0.270683883309421,105.416245122127,3,6.96541966015606e-52
2242,0.274222859875658,105.463217227923,3,2.66288793621183e-53
2243,0.277379244380679,105.510189333719,3,1.40481527630929e-54
2244,0.280439980870397,105.557161439514,3,7.88064185663278e-56
2245,0.283883309421329,105.60413354531,3,2.98510713977539e-57
2246,0.287709230033477,105.651105651106,3,7.54785031982477e-59
2247,0.285222381635581,105.698077756901,3,8.28069607040352e-58
2248,0.280535628885701,105.745049862697,3,7.19904836376568e-56
2249,0.279866092778575,105.792021968493,3,1.35530678401966e-55
2250,0.276327116212339,105.838994074288,3,3.75778808189353e-54
2251,0.272405547584888,105.885966180084,3,1.42985251494922e-52
2252,0.269249163079866,105.932938285879,3,2.58892132941496e-51
2253,0.266284074605452,105.979910391675,3,3.82982351828239e-50
2254,0.261788617886179,106.026882497471,3,2.16651771196705e-48
2255,0.258536585365854,106.073854603266,3,3.86784154641289e-47
2256,0.257006217120995,106.120826709062,3,1.48527275424106e-46
2257,0.254615016738403,106.167798814858,3,1.19891802061908e-45
2258,0.252223816355811,106.214770920653,3,9.51427771449327e-45
2259,0.247345767575323,106.261743026449,3,6.17236633550933e-43
2260,0.241319942611191,106.308715132245,3,9.67567925581217e-41
2261,0.238354854136777,106.35568723804,3,1.11713525073777e-39
2262,0.235772357723577,106.402659343836,3,9.19956412661179e-39
2263,0.231659493065519,106.449631449631,3,2.53047364709788e-37
2264,0.227450980392157,106.496603555427,3,7.10795703104355e-36
2265,0.227642276422764,106.543575661223,3,6.11566955336845e-36
2266,0.222285987565758,106.590547767018,3,3.93553229600151e-34
2267,0.216068866571019,106.637519872814,3,4.37842666162954e-32
2268,0.211190817790531,106.68449197861,3,1.60540670505165e-30
2269,0.204878048780488,106.731464084405,3,1.49187828046864e-28
2270,0.196078431372549,106.778436190201,2,6.40519092644573e-26
2271,0.186991869918699,106.825408295997,2,2.42200164717732e-23
2272,0.18077474892396,106.872380401792,2,1.15780489976398e-21
2273,0.165853658536585,106.919352507588,2,6.58742978832912e-18
2274,0.158393113342898,106.966324613383,2,3.59070620852793e-16
2275,0.156193208990913,107.013296719179,2,1.12164975490192e-15
2276,0.161740793878527,107.060268824975,2,6.12809782329057e-17
2277,0.167384026781444,107.10724093077,2,2.82558038137866e-18
2278,0.176757532281205,107.154213036566,2,1.29578264807954e-20
2279,0.193017694882831,107.201185142362,2,4.90937538044634e-25
2280,0.206695361071258,107.248157248157,3,4.10950685267775e-29
2281,0.213199426111908,107.295129353953,3,3.68102598873565e-31
2282,0.217790530846485,107.342101459749,3,1.20354264029909e-32
2283,0.223433763749402,107.389073565544,3,1.62536525422874e-34
2284,0.224581539933046,107.43604567134,3,6.68312696038146e-35
2285,0.223720707795313,107.483017777135,3,1.30207950023648e-34
2286,0.226590148254424,107.529989882931,3,1.39621891191264e-35
2287,0.229842180774749,107.576961988727,3,1.07587642118591e-36
2288,0.232520325203252,107.623934094522,3,1.27015480187209e-37
2289,0.238641798182688,107.670906200318,3,8.82688861264839e-40
2290,0.237207077953132,107.717878306114,3,2.85880411390569e-39
2291,0.238641798182688,107.764850411909,3,8.82688861264839e-40
2292,0.241128646580583,107.811822517705,3,1.13391628661985e-40
2293,0.242754662840746,107.858794623501,3,2.93344179324978e-41
2294,0.248206599713056,107.905766729296,3,2.97122053706143e-43
2295,0.253945480631277,107.952738835092,3,2.14496705930778e-45
2296,0.255571496891439,107.999710940887,3,5.21053223200397e-46
2297,0.259588713534194,108.046683046683,3,1.52752980226503e-47
2298,0.264658058345289,108.093655152479,3,1.65985559310747e-49
2299,0.269631755141081,108.140627258274,3,1.8252771902572e-51
2300,0.27221425155428,108.18759936407,3,1.70562370296042e-52
2301,0.272788139646102,108.234571469866,3,1.00454183535944e-52
2302,0.27403156384505,108.281543575661,3,3.17969653473786e-53
2303,0.27479674796748,108.328515681457,3,1.56306232651561e-53
2304,0.274318507890961,108.375487787253,3,2.43679562852451e-53
2305,0.272405547584888,108.422459893048,3,1.42985251494922e-52
2306,0.272501195600191,108.469431998844,3,1.30911514121022e-52
2307,0.272788139646102,108.516404104639,3,1.00454183535944e-52
2308,0.273075083692013,108.563376210435,3,7.70643972627727e-53
2309,0.270014347202296,108.610348316231,3,1.2863311592466e-51
2310,0.263797226207556,108.657320422026,3,3.59652081403372e-49
2311,0.255188904830225,108.704292527822,3,7.27422845383258e-46
2312,0.248589191774271,108.751264633618,3,2.14538062014258e-43
2313,0.240554758488761,108.798236739413,3,1.82383560865106e-40
2314,0.236154949784792,108.845208845209,3,6.74040376761819e-39
2315,0.230320420851267,108.892180951004,3,7.35867197752096e-37
2316,0.226685796269727,108.9391530568,3,1.29546883200174e-35
2317,0.224772835963654,108.986125162596,3,5.7605716420908e-35
2318,0.224103299856528,109.033097268391,3,9.68352260538915e-35
2319,0.221999043519847,109.080069374187,3,4.9058602012317e-34
2320,0.220468675274988,109.127041479983,3,1.58171430859477e-33
2321,0.216260162601626,109.174013585778,3,3.79510431731994e-32
2322,0.214729794356767,109.220985691574,3,1.18687773554213e-31
2323,0.213008130081301,109.26795779737,3,4.23796889260471e-31
2324,0.211860353897657,109.314929903165,3,9.84205575461536e-31
2325,0.20908656145385,109.361902008961,3,7.39259485001443e-30
2326,0.201339072214252,109.408874114756,2,1.77169180456451e-27
2327,0.189956958393113,109.455846220552,2,3.62295836483172e-24
2328,0.181539933046389,109.502818326348,2,7.25479895785901e-22
2329,0.169966523194644,109.549790432143,2,6.63460021020382e-19
2330,0.158297465327594,109.596762537939,2,3.77442100728613e-16
2331,0.150549976087996,109.643734643735,2,1.92019039257504e-14
2332,0.150836920133907,109.69070674953,2,1.66665637865211e-14
2333,0.154184600669536,109.737678855326,2,3.12404596133135e-15
2334,0.156193208990913,109.784650961122,2,1.12164975490192e-15
2335,0.164897178383549,109.831623066917,2,1.11296246476012e-17
2336,0.174844571975132,109.878595172713,2,4.00022202672892e-20
2337,0.179340028694405,109.925567278508,2,2.76373300541775e-21
2338,0.187470109995218,109.972539384304,2,1.78708938287766e-23
2339,0.193687230989957,110.0195114901,2,3.15459981156686e-25
2340,0.196174079387853,110.066483595895,2,6.00659293469415e-26
2341,0.19713055954089,110.113455701691,2,3.15294184325713e-26
2342,0.199617407938785,110.160427807487,2,5.80164452995247e-27
2343,0.204208512673362,110.207399913282,2,2.39140151630359e-28
2344,0.208703969392635,110.254372019078,3,9.74133062962261e-30
2345,0.216260162601626,110.301344124874,3,3.79510431731994e-32
2346,0.220659971305595,110.348316230669,3,1.36699168445817e-33
2347,0.226685796269727,110.395288336465,3,1.29546883200174e-35
2348,0.231181252989,110.44226044226,3,3.70731576692498e-37
2349,0.234911525585844,110.489232548056,3,1.84913710665305e-38
2350,0.239406982305117,110.536204653852,3,4.70402550914532e-40
2351,0.245337159253945,110.583176759647,3,3.36925911400094e-42
2352,0.250310856049737,110.630148865443,3,4.9282970385197e-44
2353,0.249641319942611,110.677120971239,3,8.74142714605726e-44
2354,0.251076040172166,110.724093077034,3,2.55587884940549e-44
2355,0.252606408417025,110.77106518283,3,6.8381780626028e-45
2356,0.256432329029173,110.818037288626,3,2.45558613329244e-46
2357,0.262171209947394,110.865009394421,3,1.54032211965678e-48
2358,0.262362505978001,110.911981500217,3,1.29857179366071e-48
2359,0.26312769010043,110.958953606012,3,6.55262907842778e-49
2360,0.265518890483022,111.005925711808,3,7.64385397681775e-50
2361,0.268866571018651,111.052897817604,3,3.67047964150718e-51
2362,0.27116212338594,111.099869923399,3,4.49064897507736e-52
2363,0.271544715447154,111.146842029195,3,3.15929014878909e-52
2364,0.272788139646102,111.193814134991,3,1.00454183535944e-52
2365,0.276135820181731,111.240786240786,3,4.49236459483352e-54
2366,0.275083692013391,111.287758346582,3,1.19710297865327e-53
2367,0.274318507890961,111.334730452378,3,2.43679562852451e-53
2368,0.276327116212339,111.381702558173,3,3.75778808189353e-54
2369,0.27039693926351,111.428674663969,3,9.06130591538504e-52
2370,0.271544715447154,111.475646769764,3,3.15929014878909e-52
2371,0.271640363462458,111.52261887556,3,2.89321418183711e-52
2372,0.270779531324725,111.569590981356,3,6.38032620547449e-52
2373,0.268866571018651,111.616563087151,3,3.67047964150718e-51
2374,0.267910090865615,111.663535192947,3,8.76835995332407e-51
2375,0.267718794835007,111.710507298743,3,1.04332068924147e-50
2376,0.268005738880918,111.757479404538,3,8.03805888747454e-51
2377,0.263988522238164,111.804451510334,3,3.02927983368936e-49
2378,0.263701578192253,111.85142361613,3,3.91865151384826e-49
2379,0.264084170253467,111.898395721925,3,2.78003508587801e-49
2380,0.263797226207556,111.945367827721,3,3.59652081403372e-49
2381,0.262553802008608,111.992339933516,3,1.09464567385924e-48
2382,0.261214729794357,112.039312039312,3,3.61107840855951e-48
2383,0.258727881396461,112.086284145108,3,3.26749285206786e-47
2384,0.255858440937351,112.133256250903,3,4.05582664518049e-46
2385,0.255858440937351,112.180228356699,3,4.05582664518049e-46
2386,0.252702056432329,112.227200462495,3,6.29581340875787e-45
2387,0.248110951697752,112.27417256829,3,3.22301662032728e-43
2388,0.244858919177427,112.321144674086,3,5.03785843681373e-42
2389,0.243137254901961,112.368116779882,3,2.13157136911825e-41
2390,0.237972262075562,112.415088885677,3,1.5287277448338e-39
2391,0.228503108560497,112.462060991473,3,3.10418781239407e-36
2392,0.218747010999522,112.509033097268,3,5.84701530751408e-33
2393,0.213103778096604,112.556005203064,3,3.94975790157882e-31
2394,0.207173601147776,112.60297730886,3,2.9210225644456e-29
2395,0.201530368244859,112.649949414655,2,1.55180462529958e-27
2396,0.196556671449067,112.696921520451,2,4.6435887225947e-26
2397,0.193687230989957,112.743893626247,2,3.15459981156686e-25
2398,0.189574366331899,112.790865732042,2,4.63878840103687e-24
2399,0.186704925872788,112.837837837838,2,2.9053372793661e-23
2400,0.186513629842181,112.884809943633,2,3.2794182460943e-23
2401,0.184026781444285,112.931782049429,2,1.56203857502728e-22
2402,0.178287900526064,112.978754155225,2,5.20346310693633e-21
2403,0.172453371592539,113.02572626102,2,1.6036231924604e-19
2404,0.169105691056911,113.072698366816,2,1.07853494718394e-18
2405,0.1662362505978,113.119670472612,2,5.33558609936986e-18
2406,0.16441893830703,113.166642578407,2,1.44474422935671e-17
2407,0.163845050215208,113.213614684203,2,1.97361189466158e-17
2408,0.164610234337637,113.260586789999,2,1.30170463687331e-17
2409,0.165279770444763,113.307558895794,2,9.02730079843575e-18
2410,0.170444763271162,113.35453100159,2,5.05867793118765e-19
2411,0.175896700143472,113.401503107385,2,2.15585134952099e-20
2412,0.183261597321856,113.448475213181,2,2.51228208420707e-22
2413,0.190339550454328,113.495447318977,2,2.82789414034903e-24
2414,0.197608799617408,113.542419424772,2,2.28121182447684e-26
2415,0.202391200382592,113.589391530568,2,8.53280397293064e-28
2416,0.203730272596844,113.636363636364,2,3.34631431469324e-28
2417,0.204878048780488,113.683335742159,3,1.49187828046864e-28
2418,0.198756575801052,113.730307847955,2,1.04528523464361e-26
2419,0.196174079387853,113.777279953751,2,6.00659293469415e-26
2420,0.199043519846963,113.824252059546,2,8.59306432224822e-27
2421,0.198756575801052,113.871224165342,2,1.04528523464361e-26
2422,0.195504543280727,113.918196271137,2,9.41068218319773e-26
2423,0.196939263510282,113.965168376933,2,3.58777583847225e-26
2424,0.202199904351985,114.012140482729,2,9.74812214852731e-28
2425,0.206599713055954,114.059112588524,3,4.39942364677558e-29
2426,0.212242945958871,114.10608469432,3,7.43600889281195e-31
2427,0.218747010999522,114.153056800116,3,5.84701530751408e-33
2428,0.22285987565758,114.200028905911,3,2.53056755925508e-34
2429,0.224868483978957,114.247001011707,3,5.34796666223849e-35
2430,0.226398852223816,114.293973117503,3,1.62168829952742e-35
2431,0.230894308943089,114.340945223298,3,4.66037880391367e-37
2432,0.234624581539933,114.387917329094,3,2.33244248130028e-38
2433,0.250215208034433,114.434889434889,3,5.34918685692115e-44
2434,0.257006217120995,114.481861540685,3,1.48527275424106e-46
2435,0.265040650406504,114.528833646481,3,1.17629653309155e-49
2436,0.267814442850311,114.575805752276,3,9.56475644126885e-51
2437,0.269727403156384,114.622777858072,3,1.67244657667243e-51
2438,0.274701099952176,114.669749963868,3,1.7083153458935e-53
2439,0.281874701099952,114.716722069663,3,2.02324911989698e-56
2440,0.285604973696796,114.763694175459,3,5.73506331563008e-58
2441,0.29325681492109,114.810666281255,3,3.38143171555804e-61
2442,0.292682926829268,114.85763838705,3,5.94124336197097e-61
2443,0.294404591104735,114.904610492846,3,1.09218572588884e-61
2444,0.297465327594452,114.951582598641,3,5.26414479963683e-63
2445,0.297082735533238,114.998554704437,3,7.70190539075439e-63
2446,0.294595887135342,115.045526810233,3,9.0434396780848e-62
2447,0.294691535150646,115.092498916028,3,8.22876847657103e-62
2448,0.297465327594452,115.139471021824,3,5.26414479963683e-63
2449,0.296413199426112,115.18644312762,3,1.49752741620006e-62
2450,0.294787183165949,115.233415233415,3,7.48728655208076e-62
2451,0.290961262553802,115.280387339211,3,3.20410722900723e-60
2452,0.288761358201817,115.327359445007,3,2.72500105024493e-59
2453,0.289335246293639,115.374331550802,3,1.56112180670435e-59
2454,0.290483022477284,115.421303656598,3,5.10890239816496e-60
2455,0.293543758967001,115.468275762393,3,2.55009254384075e-61
2456,0.294691535150646,115.515247868189,3,8.22876847657103e-62
2457,0.297369679579149,115.562219973985,3,5.78979003551031e-63
2458,0.297178383548541,115.60919207978,3,7.00322355919803e-63
2459,0.297082735533238,115.656164185576,3,7.70190539075439e-63
2460,0.297178383548541,115.703136291372,3,7.00322355919803e-63
2461,0.294691535150646,115.750108397167,3,8.22876847657103e-62
2462,0.292300334768054,115.797080502963,3,8.64629935598091e-61
2463,0.292109038737446,115.844052608759,3,1.04288704463354e-60
2464,0.293926351028216,115.891024714554,3,1.74985032213811e-61
2465,0.294500239120038,115.93799682035,3,9.93850049356858e-62
2466,0.295743663318986,115.984968926145,3,2.90792535028057e-62
2467,0.291822094691535,116.031941031941,3,1.38121397490497e-60
2468,0.285413677666188,116.078913137737,3,6.89168882146897e-58
2469,0.280153036824486,116.125885243532,3,1.03359802229901e-55
2470,0.276901004304161,116.172857349328,3,2.19799223582373e-54
2471,0.272883787661406,116.219829455124,3,9.19619593976217e-53
2472,0.269823051171688,116.266801560919,3,1.53237146552244e-51
2473,0.266284074605452,116.313773666715,3,3.82982351828239e-50
2474,0.265040650406504,116.36074577251,3,1.17629653309159e-49
2475,0.260162601626016,116.407717878306,3,9.18990835944506e-48
2476,0.257580105212817,116.454689984102,3,8.97496771012121e-47
2477,0.260353897656624,116.501662089897,3,7.75635685472099e-48
2478,0.262649450023912,116.548634195693,3,1.00498553993704e-48
2479,0.264371114299378,116.595606301489,3,2.14838861784193e-49
2480,0.269153515064562,116.642578407284,3,2.82512254105179e-51
2481,0.272692491630799,116.68955051308,3,1.09727690287271e-52
2482,0.275466284074605,116.736522618876,3,8.38512509659452e-54
2483,0.281109516977523,116.783494724671,3,4.18131738866794e-56
2484,0.286944045911047,116.830466830467,3,1.58026853269476e-58
2485,0.290291726446676,116.877438936262,3,6.15594646249826e-60
2486,0.292778574844572,116.924411042058,3,5.4089151386201e-61
2487,0.294787183165949,116.971383147854,3,7.48728655208076e-62
2488,0.296700143472023,117.018355253649,3,1.12637488596023e-62
2489,0.298995695839311,117.065327359445,3,1.14390490643873e-63
2490,0.301482544237207,117.112299465241,3,9.43571964724866e-65
2491,0.302821616451459,117.159271571036,3,2.44362476797381e-65
2492,0.303012912482066,117.206243676832,3,2.01385514302007e-65
2493,0.305786704925873,117.253215782628,3,1.20420163348356e-66
2494,0.305882352941176,117.300187888423,3,1.09229640482129e-66
2495,0.303682448589192,117.347159994219,3,1.02244365074248e-65
2496,0.301578192252511,117.394132100014,3,8.5692066244441e-65
2497,0.310664753706361,117.44110420581,3,8.04443664199736e-69
2498,0.308082257293161,117.488076311606,3,1.15044492342074e-67
2499,0.305021520803443,117.535048417401,3,2.62511742744947e-66
2500,0.303778096604495,117.582020523197,3,9.27977056371666e-66
2501,0.303682448589192,117.628992628993,3,1.02244365074248e-65
2502,0.30310856049737,117.675964734788,3,1.82813228373215e-65
2503,0.301195600191296,117.722936840584,3,1.25952993342424e-64
2504,0.299665231946437,117.76990894638,3,5.85356011347738e-64
2505,0.29402199904352,117.816881052175,3,1.59251373623043e-61
2506,0.290100430416069,117.863853157971,3,7.41678656043242e-60
2507,0.285318029650885,117.910825263766,3,7.55443579402433e-58
2508,0.281970349115256,117.957797369562,3,1.84752079113848e-56
2509,0.28206599713056,118.004769475358,3,1.68701032939302e-56
2510,0.281874701099952,118.051741581153,3,2.02324911989698e-56
2511,0.277187948350072,118.098713686949,3,1.68041571845711e-54
2512,0.27221425155428,118.145685792745,3,1.70562370296042e-52
2513,0.269823051171688,118.19265789854,3,1.53237146552244e-51
2514,0.263510282161645,118.239630004336,3,4.6516787514716e-49
2515,0.260066953610713,118.286602110132,3,1.00027698971058e-47
2516,0.256527977044476,118.333574215927,3,2.25835995847308e-46
2517,0.249736967957915,118.380546321723,3,8.05495493254436e-44
2518,0.2493543758967,118.427518427518,3,1.11703889389211e-43
2519,0.252223816355811,118.474490533314,3,9.51427771449273e-45
2520,0.249641319942611,118.52146263911,3,8.74142714605726e-44
2521,0.258536585365854,118.568434744905,3,3.86784154641289e-47
2522,0.267718794835007,118.615406850701,3,1.04332068924147e-50
2523,0.278813964610234,118.662378956497,3,3.65310102641938e-55
2524,0.284361549497848,118.709351062292,3,1.88942536046734e-57
2525,0.288378766140603,118.756323168088,3,3.94840702664302e-59
2526,0.290865614538498,118.803295273884,3,3.51766354246233e-60
2527,0.29402199904352,118.850267379679,3,1.59251373623043e-61
2528,0.294404591104735,118.897239485475,3,1.09218572588884e-61
2529,0.297369679579149,118.94421159127,3,5.78979003551031e-63
2530,0.297943567670971,118.991183697066,3,3.26948136879706e-63
2531,0.299665231946437,119.038155802862,3,5.85356011347738e-64
2532,0.299665231946437,119.085127908657,3,5.85356011347738e-64
2533,0.299665231946437,119.132100014453,3,5.85356011347738e-64
2534,0.300813008130081,119.179072120249,3,1.85050528347757e-64
2535,0.301004304160689,119.226044226044,3,1.52676664485848e-64
2536,0.3012912482066,119.27301633184,3,1.14395506904876e-64
2537,0.301386896221903,119.319988437636,3,1.0389575717914e-64
2538,0.300813008130081,119.366960543431,3,1.85050528347757e-64
2539,0.296795791487327,119.413932649227,3,1.02430468582487e-62
2540,0.28857006217121,119.460904755022,3,3.28032919284297e-59
2541,0.281205164992826,119.507876860818,3,3.81896475840223e-56
2542,0.277187948350072,119.554848966614,3,1.68041571845711e-54
2543,0.277474892395983,119.601821072409,3,1.28440827488207e-54
2544,0.278622668579627,119.648793178205,3,4.37327222636042e-55
2545,0.280153036824486,119.695765284001,3,1.03359802229901e-55
2546,0.277761836441894,119.742737389796,3,9.81488562235979e-55
2547,0.276327116212339,119.789709495592,3,3.75778808189353e-54
2548,0.276040172166428,119.836681601387,3,4.91166767566357e-54
2549,0.27584887613582,119.883653707183,3,5.8708661200672e-54
2550,0.273648971783836,119.930625812979,3,4.53223158206753e-53
2551,0.270205643232903,119.977597918774,3,1.07967994206613e-51
2552,0.265901482544237,120.02457002457,3,5.41176411244565e-50
2553,0.257006217120995,120.071542130366,3,1.48527275424106e-46
2554,0.251649928263989,120.118514236161,3,1.56017125768226e-44
2555,0.244189383070301,120.165486341957,3,8.83758992781065e-42
2556,0.239885222381636,120.212458447753,3,3.17126904495088e-40
2557,0.238259206121473,120.259430553548,3,1.2083156710398e-39
2558,0.236346245815399,120.306402659344,3,5.768599713607e-39
2559,0.232902917264467,120.353374765139,3,9.34296280455705e-38
2560,0.228885700621712,120.400346870935,3,2.29469136001388e-36
2561,0.234050693448111,120.447318976731,3,3.7081352646896e-38
2562,0.233572453371593,120.494291082526,3,5.45251361587905e-38
2563,0.232520325203252,120.541263188322,3,1.27015480187209e-37
2564,0.230224772835964,120.588235294118,3,7.93994840193478e-37
2565,0.227737924438068,120.635207399913,3,5.67249501237113e-36
2566,0.226685796269727,120.682179505709,3,1.29546883200174e-35
2567,0.227164036346246,120.729151611505,3,8.90427114861698e-36
2568,0.228981348637016,120.7761237173,3,2.12758082424118e-36
2569,0.235676709708274,120.823095823096,3,9.9427466556318e-39
2570,0.238928742228599,120.870067928891,3,6.97265855734679e-40
2571,0.240554758488761,120.917040034687,3,1.82383560865106e-40
2572,0.243328550932568,120.964012140483,3,1.81672041606768e-41
2573,0.251267336202774,121.010984246278,3,2.16836258373209e-44
2574,0.257484457197513,121.057956352074,3,9.76168003386845e-47
2575,0.261884265901483,121.10492845787,3,1.98949171277772e-48
2576,0.267336202773792,121.151900563665,3,1.47664806890879e-50
2577,0.274509803921569,121.198872669461,3,2.04040678875835e-53
2578,0.277283596365375,121.245844775257,3,1.53646887909918e-54
2579,0.281013868962219,121.292816881052,3,4.5779289681108e-56
2580,0.2831181252989,121.339788986848,3,6.19679086939317e-57
2581,0.282831181252989,121.386761092643,3,8.14570363668334e-57
2582,0.281779053084649,121.433733198439,3,2.2156329680044e-56
2583,0.282544237207078,121.480705304235,3,1.07049903054979e-56
2584,0.284170253467241,121.52767741003,3,2.26890602059659e-57
2585,0.283500717360115,121.574649515826,3,4.30185633511009e-57
2586,0.283500717360115,121.621621621622,3,4.30185633511009e-57
2587,0.284361549497848,121.668593727417,3,1.88942536046734e-57
2588,0.284457197513152,121.715565833213,3,1.72412603447796e-57
2589,0.282831181252989,121.762537939009,3,8.14570363668334e-57
2590,0.279674796747967,121.809510044804,3,1.62344302134761e-55
2591,0.275370636059302,121.8564821506,3,9.16605418595897e-54
2592,0.271927307508369,121.903454256395,3,2.22169348590364e-52
2593,0.262171209947394,121.950426362191,3,1.54032211965671e-48
2594,0.259780009564802,121.997398467987,3,1.28966569449501e-47
2595,0.257484457197513,122.044370573782,3,9.76168003386845e-47
2596,0.253371592539455,122.091342679578,3,3.52776401750414e-45
2597,0.246867527498804,122.138314785374,3,9.25612863591706e-43
2598,0.24285031085605,122.185286891169,3,2.70848435099607e-41
2599,0.238067910090866,122.232258996965,3,1.41348957042967e-39
2600,0.232424677187948,122.279231102761,3,1.37141215993724e-37
2601,0.233094213295074,122.326203208556,3,8.01166315237303e-38
2602,0.228216164514586,122.373175314352,3,3.8925122106682e-36
2603,0.220468675274988,122.420147420147,3,1.58171430859477e-33
2604,0.214634146341463,122.467119525943,3,1.27419270386699e-31
2605,0.208799617407939,122.514091631739,3,9.09253669913611e-30
2606,0.202295552367288,122.561063737534,2,9.12040385739357e-28
2607,0.197226207556193,122.60803584333,2,2.95554471221381e-26
2608,0.194069823051172,122.655007949126,2,2.44810519514369e-25
2609,0.197513151602104,122.701980054921,2,2.43392567743461e-26
2610,0.198373983739837,122.748952160717,2,1.35663743183813e-26
2611,0.199713055954089,122.795924266513,2,5.43329757533198e-27
2612,0.200860832137733,122.842896372308,2,2.46600919336252e-27
2613,0.200860832137733,122.889868478104,2,2.46600919336252e-27
2614,0.194165471066475,122.936840583899,2,2.29753138429993e-25
2615,0.180966044954567,122.983812689695,2,1.03033817805821e-21
2616,0.170923003347681,123.030784795491,2,3.85362325071968e-19
2617,0.161645145863223,123.077756901286,2,6.449392761069e-17
2618,0.151315160210426,123.124729007082,2,1.31540550638025e-14
2619,0.145671927307508,123.171701112878,2,2.03700713336801e-13
2620,0.146054519368723,123.218673218673,2,1.69784149786175e-13
2621,0.145576279292205,123.265645324469,2,2.13172266644328e-13
2622,0.147584887613582,123.312617430265,2,8.1513081555259e-14
2623,0.153228120516499,123.35958953606,2,5.06159296702846e-15
2624,0.156862745098039,123.406561641856,2,7.94566739623979e-16
2625,0.147297943567671,123.453533747651,2,9.35959672702228e-14
2626,0.13974175035868,123.500505853447,2,3.20533266224714e-12
2627,0.120420851267336,123.547477959243,2,1.07360893139614e-08
2628,0.0976566236250598,123.594450065038,2,2.86180461695488e-05
2629,0.0774748923959828,123.641422170834,2,0.00684709098613362
2630,0.0522238163558106,123.68839427663,2,0.472245156122447
2631,0.0297465327594452,123.735366382425,1,0.913237118447838
2632,0.018364418938307,123.782338488221,1,0.949382984134627
2633,0.018364418938307,123.829310594016,1,0.949382984134627
2634,0.0169296987087518,123.876282699812,1,0.951309360803474
2635,0.0124342419894787,123.923254805608,1,0.954950580405566
2636,0.0104256336681014,123.970226911403,1,0.955536593220409
2637,0.010234337637494,124.017199017199,1,0.955560943070363
2638,0.0106169296987088,124.064171122995,1,0.955506817609582
2639,0.0104256336681014,124.11114322879,1,0.955536593220409
2640,0.0122429459588714,124.158115334586,1,0.955032688412313
2641,0.020181731229077,124.205087440382,1,0.946319318974912
2642,0.0242945958871353,124.252059546177,1,0.936242217730768
2643,0.034624581539933,124.299031651973,1,0.877420981455456
2644,0.0479196556671449,124.346003757768,1,0.621745778938085
2645,0.0667623146819703,124.392975863564,2,0.0664985981518218
2646,0.0943089430894309,124.43994796936,2,7.83969234318102e-05
2647,0.125107604017217,124.486920075155,2,1.69068438297139e-09
2648,0.148350071736011,124.533892180951,2,5.63010560170333e-14
2649,0.177331420373027,124.580864286747,2,9.2134545040713e-21
2650,0.196078431372549,124.627836392542,2,6.40519092644573e-26
2651,0.216164514586322,124.674808498338,3,4.07641034979835e-32
2652,0.228024868483979,124.721780604134,3,4.525708222038e-36
2653,0.235007173601148,124.768752709929,3,1.71131553249842e-38
2654,0.243806791009087,124.815724815725,3,1.21771597646664e-41
2655,0.2519368723099,124.86269692152,3,1.21850572556724e-44
2656,0.255188904830225,124.909669027316,3,7.27422845383258e-46
2657,0.261979913916786,124.956641133112,3,1.82688123582969e-48
2658,0.264371114299378,125.003613238907,3,2.14838861784193e-49
2659,0.266475370636059,125.050585344703,3,3.22128217095877e-50
2660,0.266857962697274,125.097557450499,3,2.27818471475963e-50
2661,0.269536107125777,125.144529556294,3,1.99202036375581e-51
2662,0.271544715447154,125.19150166209,3,3.15929014878909e-52
2663,0.267623146819704,125.238473767886,3,1.13802048892717e-50
2664,0.261692969870875,125.285445873681,3,2.35923195593166e-48
2665,0.25117168818747,125.332417979477,3,2.3541928755971e-44
2666,0.233572453371593,125.379390085272,3,5.45251361587905e-38
2667,0.209756097560976,125.426362191068,3,4.55557235425808e-30
2668,0.190626494500239,125.473334296864,2,2.34743268292754e-24
2669,0.177905308464849,125.520306402659,2,6.54239541775289e-21
2670,0.169201339072214,125.567278508455,2,1.02199732060815e-18
2671,0.164610234337637,125.614250614251,2,1.30170463687331e-17
2672,0.163845050215208,125.661222720046,2,1.97361189466158e-17
2673,0.16260162601626,125.708194825842,2,3.86286993754495e-17
2674,0.156958393113343,125.755166931638,2,7.56278669448732e-16
2675,0.150836920133907,125.802139037433,2,1.66665637865211e-14
2676,0.144906743185079,125.849111143229,2,2.92750937586811e-13
2677,0.138976566236251,125.896083249024,2,4.53257295146991e-12
2678,0.134385461501674,125.94305535482,2,3.46943013194786e-11
2679,0.134959349593496,125.990027460616,2,2.70108770226296e-11
2680,0.138785270205643,126.036999566411,2,4.94107771507592e-12
2681,0.144045911047346,126.083971672207,2,4.39139012202598e-13
2682,0.153036824485892,126.130943778003,2,5.57219331801477e-15
2683,0.156671449067432,126.177915883798,2,8.76966866095985e-16
2684,0.148732663797226,126.224887989594,2,4.67537476867981e-14
2685,0.139072214251554,126.27186009539,2,4.34095428985555e-12
2686,0.131133428981349,126.318832201185,2,1.40220944873678e-10
2687,0.121281683405069,126.365804306981,2,7.68947624575739e-09
2688,0.111334289813486,126.412776412776,2,3.10705772592944e-07
2689,0.124629363940698,126.459748518572,2,2.04884083721139e-09
2690,0.131229076996652,126.506720624368,2,1.34649210119529e-10
2691,0.138593974175036,126.553692730163,2,5.3857003016711e-12
2692,0.143472022955524,126.600664835959,2,5.74598085300463e-13
2693,0.144619799139168,126.647636941755,2,3.35218288159048e-13
2694,0.141176470588235,126.69460904755,2,1.66457231602153e-12
2695,0.141941654710665,126.741581153346,2,1.17012008875309e-12
2696,0.14624581539933,126.788553259142,2,1.54975741304713e-13
2697,0.146628407460545,126.835525364937,2,1.29070001643913e-13
2698,0.151315160210426,126.882497470733,2,1.31540550638025e-14
2699,0.158680057388809,126.929469576528,2,3.09086058250005e-16
2700,0.166140602582496,126.976441682324,2,5.62456022984276e-18
2701,0.172931611669058,127.02341378812,2,1.21699287500463e-19
2702,0.1844093735055,127.070385893915,2,1.23059244376768e-22
2703,0.198852223816356,127.117357999711,2,9.7923802240492e-27
2704,0.21090387374462,127.164330105507,3,1.97896818916266e-30
2705,0.219512195121951,127.211302211302,3,3.27433058353641e-33
2706,0.223338115734099,127.258274317098,3,1.74996282683029e-34
2707,0.229363940698231,127.305246422894,3,1.5718252847669e-36
2708,0.235007173601148,127.352218528689,3,1.71131553249842e-38
2709,0.238354854136777,127.399190634485,3,1.11713525073777e-39
2710,0.23921568627451,127.44616274028,3,5.5065315543629e-40
2711,0.241511238641798,127.493134846076,3,8.25530272738874e-41
2712,0.242945958871353,127.540106951872,3,2.5007081756042e-41
2713,0.238354854136777,127.587079057667,3,1.11713525073775e-39
2714,0.237207077953132,127.634051163463,3,2.85880411390569e-39
2715,0.236154949784792,127.681023269259,3,6.74040376761837e-39
2716,0.236154949784792,127.727995375054,3,6.74040376761837e-39
2717,0.235198469631755,127.77496748085,3,1.46559664659221e-38
2718,0.233094213295074,127.821939586645,3,8.01166315237303e-38
2719,0.232711621233859,127.868911692441,3,1.0894215438708e-37
2720,0.234146341463415,127.915883798237,3,3.43265026516762e-38
2721,0.231755141080823,127.962855904032,3,2.34418599664395e-37
2722,0.231563845050215,128.009828009828,3,2.73148515852615e-37
2723,0.230798660927786,128.056800115624,3,5.02940056233826e-37
2724,0.228790052606408,128.103772221419,3,2.47485401306011e-36
2725,0.227929220468675,128.150744327215,3,4.87972542636919e-36
2726,0.22725968436155,128.197716433011,3,8.26025656966457e-36
2727,0.228024868483979,128.244688538806,3,4.525708222038e-36
2728,0.23012912482066,128.291660644602,3,8.56688819548277e-37
2729,0.228694404591105,128.338632750397,3,2.66908237141849e-36
2730,0.227642276422764,128.385604856193,3,6.11566955336854e-36
2731,0.226111908177905,128.432576961989,3,2.02950443490248e-35
2732,0.221329507412721,128.479549067784,3,8.19542369182797e-34
2733,0.217503586800574,128.52652117358,3,1.49365505318662e-32
2734,0.215112386417982,128.573493279376,3,8.93198896551926e-32
2735,0.213964610234338,128.620465385171,3,2.09238862453786e-31
2736,0.214442850310856,128.667437490967,3,1.46842213738824e-31
2737,0.222285987565758,128.714409596763,3,3.93553229600151e-34
2738,0.230033476805356,128.761381702558,3,9.24305834628031e-37
2739,0.240650406504065,128.808353808354,3,1.68506067999722e-40
2740,0.249736967957915,128.855325914149,3,8.05495493254436e-44
2741,0.257101865136298,128.902298019945,3,1.36575705903792e-46
2742,0.264275466284075,128.949270125741,3,2.34119183295374e-49
2743,0.269153515064562,128.996242231536,3,2.82512254105179e-51
2744,0.270109995217599,129.043214337332,3,1.17850036787334e-51
2745,0.269536107125777,129.090186443128,3,1.99202036375581e-51
2746,0.265997130559541,129.137158548923,3,4.96382340944485e-50
2747,0.261884265901483,129.184130654719,3,1.98949171277772e-48
2748,0.257293161166906,129.231102760515,3,1.15470906784113e-46
2749,0.253371592539455,129.27807486631,3,3.52776401750414e-45
2750,0.248493543758967,129.325046972106,3,2.32744789744575e-43
2751,0.244285031085605,129.372019077901,3,8.15643707926893e-42
2752,0.242180774748924,129.418991183697,3,4.73182332156635e-41
2753,0.239980870396939,129.465963289493,3,2.93054825576146e-40
2754,0.240363462458154,129.512935395288,3,2.13643254982493e-40
2755,0.244858919177427,129.559907501084,3,5.03785843681373e-42
2756,0.25011956001913,129.60687960688,3,5.80586220325618e-44
2757,0.250693448110952,129.653851712675,3,3.54988246564829e-44
2758,0.251745576279292,129.700823818471,3,1.43682079568547e-44
2759,0.250980392156863,129.747795924267,3,2.77476732243372e-44
2760,0.247250119560019,129.794768030062,3,6.69377764049262e-43
2761,0.242659014825442,129.841740135858,3,3.17699435949123e-41
2762,0.240650406504065,129.888712241653,3,1.68506067999722e-40
2763,0.237780966044955,129.935684347449,3,1.78800233579117e-39
2764,0.238259206121473,129.982656453245,3,1.2083156710398e-39
2765,0.241128646580583,130.02962855904,3,1.13391628661983e-40
2766,0.241702534672406,130.076600664836,3,7.04264253991155e-41
2767,0.23663318986131,130.123572770632,3,4.56618709603289e-39
2768,0.229650884744142,130.170544876427,3,1.25215391192157e-36
2769,0.222094691535151,130.217516982223,3,4.55852885414802e-34
2770,0.216451458632233,130.264489088019,3,3.28907230259803e-32
2771,0.209373505499761,130.311461193814,3,6.00864047512879e-30
2772,0.205164992826399,130.35843329961,3,1.21810112765192e-28
2773,0.204112864658058,130.405405405405,2,2.55779558881485e-28
2774,0.206982305117169,130.452377511201,3,3.34874189012864e-29
2775,0.212625538020086,130.499349616997,3,5.61517982642544e-31
2776,0.217025346724055,130.546321722792,3,2.13937871951197e-32
2777,0.221712099473936,130.593293828588,3,6.11372408177852e-34
2778,0.222285987565758,130.640265934384,3,3.93553229600151e-34
2779,0.221233859397418,130.687238040179,3,8.81767447920853e-34
2780,0.217790530846485,130.734210145975,3,1.20354264029909e-32
2781,0.212147297943568,130.781182251771,3,7.97623603377128e-31
2782,0.206217120994739,130.828154357566,3,5.77657143252794e-29
2783,0.200765184122429,130.875126463362,2,2.63432536944286e-27
2784,0.196269727403156,130.922098569157,2,5.63259366002816e-26
2785,0.191869918699187,130.969070674953,2,1.04346077788805e-24
2786,0.195791487326638,131.016042780749,2,7.76512147231389e-26
2787,0.199139167862267,131.063014886544,2,8.04923153472886e-27
2788,0.202965088474414,131.10998699234,2,5.71787808182765e-28
2789,0.208225729316117,131.156959098136,3,1.37424038399884e-29
2790,0.215303682448589,131.203931203931,3,7.74701937534682e-32
2791,0.223816355810617,131.250903309727,3,1.20922300214587e-34
2792,0.230033476805356,131.297875415522,3,9.24305834628031e-37
2793,0.226972740315638,131.344847521318,3,1.03459161814401e-35
2794,0.228216164514586,131.391819627114,3,3.8925122106682e-36
2795,0.229268292682927,131.438791732909,3,1.69548537662285e-36
2796,0.229650884744142,131.485763838705,3,1.25215391192157e-36
2797,0.230703012912482,131.532735944501,3,5.42748277609585e-37
2798,0.230416068866571,131.579708050296,3,6.81974910067236e-37
2799,0.228981348637016,131.626680156092,3,2.12758082424118e-36
2800,0.227068388330942,131.673652261888,3,9.59820861514444e-36
2801,0.229842180774749,131.720624367683,3,1.07587642118591e-36
2802,0.230320420851267,131.767596473479,3,7.35867197752096e-37
2803,0.230416068866571,131.814568579274,3,6.81974910067236e-37
2804,0.230320420851267,131.86154068507,3,7.35867197752096e-37
2805,0.229076996652319,131.908512790866,3,1.97258148896537e-36
2806,0.226877092300335,131.955484896661,3,1.11515357541661e-35
2807,0.223720707795313,132.002457002457,3,1.30207950023648e-34
2808,0.22104256336681,132.049429108253,3,1.02065463767156e-33
2809,0.215112386417982,132.096401214048,3,8.93198896551926e-32
2810,0.2155906264945,132.143373319844,3,6.25617321618596e-32
2811,0.216260162601626,132.19034542564,3,3.79510431731994e-32
2812,0.215494978479197,132.237317531435,3,6.71838345017384e-32
2813,0.215399330463893,132.284289637231,3,7.2145085070059e-32
2814,0.217503586800574,132.331261743026,3,1.49365505318662e-32
2815,0.221903395504543,132.378233848822,3,5.27949255346016e-34
2816,0.226111908177905,132.425205954618,3,2.02950443490248e-35
2817,0.230033476805356,132.472178060413,3,9.24305834628031e-37
2818,0.232329029172645,132.519150166209,3,1.48069857717997e-37
2819,0.237111429937829,132.566122272005,3,3.09108076340446e-39
2820,0.243998087039694,132.6130943778,3,1.03744285709911e-41
2821,0.250215208034433,132.660066483596,3,5.34918685692115e-44
2822,0.255380200860832,132.707038589392,3,6.15684399567774e-46
2823,0.259110473457676,132.754010695187,3,2.33112471996644e-47
2824,0.260545193687231,132.800982800983,3,6.54572046976211e-48
2825,0.264849354375897,132.847954906778,3,1.39738766890722e-49
2826,0.2675274988044,132.894927012574,3,1.24128269069592e-50
2827,0.263988522238164,132.94189911837,3,3.02927983368936e-49
2828,0.25375418460067,132.988871224165,3,2.53217865815256e-45
2829,0.242945958871353,133.035843329961,3,2.5007081756042e-41
2830,0.233189861310378,133.082815435757,3,7.41861360042777e-38
2831,0.22180774748924,133.129787541552,3,5.68140487942058e-34
2832,0.211477761836442,133.176759647348,3,1.30196944208089e-30
2833,0.212434241989479,133.223731753144,3,6.46220206532875e-31
2834,0.208417025346724,133.270703858939,3,1.19764833324168e-29
2835,0.204399808703969,133.317675964735,3,2.09016305501681e-28
2836,0.200765184122429,133.36464807053,2,2.63432536944286e-27
2837,0.194165471066475,133.411620176326,2,2.29753138429993e-25
2838,0.186896221903395,133.458592282122,2,2.57354267267644e-23
2839,0.184218077474892,133.505564387917,2,1.38654969862163e-22
2840,0.185270205643233,133.552536493713,2,7.17985552702821e-23
2841,0.186896221903395,133.599508599509,2,2.57354267267644e-23
2842,0.193878527020564,133.646480705304,2,2.77919642901535e-25
2843,0.20286944045911,133.6934528111,2,6.11293042949868e-28
2844,0.208034433285509,133.740424916896,3,1.5766555965505e-29
2845,0.209277857484457,133.787397022691,3,6.43869455613094e-30
2846,0.210425633668101,133.834369128487,3,2.8026630525408e-30
2847,0.210999521759923,133.881341234282,3,1.84573247780211e-30
2848,0.211860353897657,133.928313340078,3,9.84205575461536e-31
2849,0.205738880918221,133.975285445874,3,8.11287908597572e-29
2850,0.209564801530368,134.022257551669,3,5.23225539421069e-30
2851,0.215303682448589,134.069229657465,3,7.74701937534682e-32
2852,0.218555714968914,134.116201763261,3,6.75693766244638e-33
2853,0.220659971305595,134.163173869056,3,1.36699168445817e-33
2854,0.221712099473936,134.210145974852,3,6.11372408177852e-34
2855,0.223433763749402,134.257118080648,3,1.62536525422874e-34
2856,0.225346724055476,134.304090186443,3,3.68643245623586e-35
2857,0.235007173601148,134.351062292239,3,1.71131553249842e-38
2858,0.244285031085605,134.398034398034,3,8.15643707926893e-42
2859,0.253849832615973,134.44500650383,3,2.33057675759344e-45
2860,0.257675753228121,134.491978609626,3,8.25143425532345e-47
2861,0.258823529411765,134.538950715421,3,3.00310138869001e-47
2862,0.258058345289335,134.585922821217,3,5.89383398236198e-47
2863,0.257197513151602,134.632894927013,3,1.25582437207025e-46
2864,0.252797704447633,134.679867032808,3,5.79630746321522e-45
2865,0.24466762314682,134.726839138604,3,5.91624164248981e-42
2866,0.241798182687709,134.773811244399,3,6.50457071155411e-41
2867,0.239885222381636,134.820783350195,3,3.17126904495088e-40
2868,0.243232902917264,134.867755455991,3,1.96788659075332e-41
2869,0.249067431850789,134.914727561786,3,1.42707434212136e-43
2870,0.250406504065041,134.961699667582,3,4.54039929155566e-44
2871,0.244476327116212,135.008671773378,3,6.94700198650304e-42
2872,0.238259206121473,135.055643879173,3,1.2083156710398e-39
2873,0.237494021999044,135.102615984969,3,2.26116395272754e-39
2874,0.224390243902439,135.149588090765,3,7.75248474013788e-35
2875,0.202391200382592,135.19656019656,2,8.53280397293064e-28
2876,0.183835485413678,135.243532302356,2,1.75947538772467e-22
2877,0.173218555714969,135.290504408151,2,1.03088543813564e-19
2878,0.167288378766141,135.337476513947,2,2.97987761911791e-18
2879,0.160114777618364,135.384448619743,2,1.4540145909296e-16
2880,0.156288857006217,135.431420725538,2,1.06785406879331e-15
2881,0.164610234337637,135.478392831334,2,1.30170463687331e-17
2882,0.167288378766141,135.52536493713,2,2.97987761911791e-18
2883,0.169775227164036,135.572337042925,2,7.39293365899504e-19
2884,0.171496891439503,135.619309148721,2,2.77684715082541e-19
2885,0.175609756097561,135.666281254517,2,2.55286276801956e-20
2886,0.18259206121473,135.713253360312,2,3.80011861661214e-22
2887,0.192539454806313,135.760225466108,2,6.72582320724488e-25
2888,0.200382592061215,135.807197571903,2,3.42935748662355e-27
2889,0.213008130081301,135.854169677699,3,4.23796889260471e-31
2890,0.221616451458632,135.901141783495,3,6.57873598177135e-34
2891,0.22725968436155,135.94811388929,3,8.26025656966457e-36
2892,0.225824964131994,135.995085995086,3,2.53918670835957e-35
2893,0.226781444285031,136.042058100882,3,1.20195263686344e-35
2894,0.234337637494022,136.089030206677,3,2.94130328827491e-38
2895,0.243328550932568,136.136002312473,3,1.81672041606771e-41
2896,0.249258727881396,136.182974418269,3,1.21210346812798e-43
2897,0.245624103299857,136.229946524064,3,2.64583316561187e-42
2898,0.239885222381636,136.27691862986,3,3.17126904495088e-40
2899,0.234720229555237,136.323890735655,3,2.15878575755257e-38
2900,0.232902917264467,136.370862841451,3,9.34296280455705e-38
2901,0.231850789096126,136.417834947247,3,2.17154881491754e-37
2902,0.231372549019608,136.464807053042,3,3.18239950402521e-37
2903,0.232137733142037,136.511779158838,3,1.72594092679006e-37
2904,0.234050693448111,136.558751264634,3,3.7081352646896e-38
2905,0.235198469631755,136.605723370429,3,1.46559664659221e-38
2906,0.240746054519369,136.652695476225,3,1.55680113162482e-40
2907,0.246293639406982,136.699667582021,3,1.50385323427482e-42
2908,0.249450023912004,136.746639687816,3,1.02940182771714e-43
2909,0.253945480631277,136.793611793612,3,2.14496705930778e-45
2910,0.258823529411765,136.840583899407,3,3.00310138869001e-47
2911,0.257962697274032,136.887556005203,3,6.41133459695636e-47
2912,0.253084648493544,136.934528110999,3,4.5225031244743e-45
2913,0.261788617886179,136.981500216794,3,2.16651771196705e-48
2914,0.262171209947394,137.02847232259,3,1.54032211965678e-48
2915,0.261979913916786,137.075444428386,3,1.82688123582969e-48
2916,0.263032042085127,137.122416534181,3,7.13818537259814e-49
2917,0.2649450023912,137.169388639977,3,1.28210235370893e-49
2918,0.268005738880918,137.216360745773,3,8.03805888747454e-51
2919,0.270970827355332,137.263332851568,3,5.35302444033773e-52
2920,0.273170731707317,137.310304957364,3,7.05438518454554e-53
2921,0.272405547584888,137.357277063159,3,1.42985251494922e-52
2922,0.27221425155428,137.404249168955,3,1.70562370296042e-52
2923,0.26857962697274,137.451221274751,3,4.76764225371639e-51
2924,0.261119081779053,137.498193380546,3,3.9316515557155e-48
2925,0.255188904830225,137.545165486342,3,7.27422845383258e-46
2926,0.249832615973219,137.592137592138,3,7.42218776332225e-44
2927,0.243232902917264,137.639109697933,3,1.96788659075332e-41
2928,0.236441893830703,137.686081803729,3,5.33634570956265e-39
2929,0.229650884744142,137.733053909525,3,1.25215391192157e-36
2930,0.224294595887135,137.78002601532,3,8.34933063718174e-35
2931,0.213964610234338,137.826998121116,3,2.09238862453786e-31
2932,0.198565279770445,137.873970226911,2,1.19091499283019e-26
2933,0.181539933046389,137.920942332707,2,7.25479895785901e-22
2934,0.163940698230512,137.967914438503,2,1.87379143695459e-17
2935,0.149115255858441,138.014886544298,2,3.8804866747905e-14
2936,0.140124342419895,138.061858650094,2,2.69338556944414e-12
2937,0.137733142037303,138.10883075589,2,7.92386544637572e-12
2938,0.132950741272119,138.155802861685,2,6.45431134094751e-11
2939,0.138402678144428,138.202774967481,2,5.86957035011251e-12
2940,0.151123864179818,138.249747073276,2,1.44616434886978e-14
2941,0.159540889526542,138.296719179072,2,1.96777435819607e-16
2942,0.16805356288857,138.343691284868,2,1.94554260096393e-18
2943,0.183931133428981,138.390663390663,2,1.65785133677326e-22
2944,0.200191296030607,138.437635496459,2,3.91192922103915e-27
2945,0.213199426111908,138.484607602255,3,3.68102598873565e-31
2946,0.216547106647537,138.53157970805,3,3.06180353154647e-32
2947,0.221425155428025,138.578551813846,3,7.61684738878491e-34
2948,0.223816355810617,138.625523919642,3,1.20922300214587e-34
2949,0.227164036346246,138.672496025437,3,8.90427114861698e-36
2950,0.231468197034912,138.719468131233,3,2.94837785239934e-37
2951,0.234146341463415,138.766440237028,3,3.43265026516762e-38
2952,0.236059301769488,138.813412342824,3,7.28576173604081e-39
2953,0.238928742228599,138.86038444862,3,6.97265855734679e-40
2954,0.238163558106169,138.907356554415,3,1.30690101013933e-39
2955,0.23921568627451,138.954328660211,3,5.5065315543629e-40
2956,0.242659014825442,139.001300766007,3,3.17699435949123e-41
2957,0.242276422764228,139.048272871802,3,4.36968857578576e-41
2958,0.246197991391679,139.095244977598,3,1.63039425092057e-42
2959,0.251458632233381,139.142217083394,3,1.83939881042503e-44
2960,0.2519368723099,139.189189189189,3,1.21850572556724e-44
2961,0.257197513151602,139.236161294985,3,1.25582437207025e-46
2962,0.258632233381157,139.28313340078,3,3.55506495197593e-47
2963,0.260640841702535,139.330105506576,3,6.01297914209738e-48
2964,0.262936394069823,139.377077612372,3,7.77585878190749e-49
2965,0.263797226207556,139.424049718167,3,3.59652081403372e-49
2966,0.26571018651363,139.471021823963,3,6.4320431001715e-50
2967,0.271927307508369,139.517993929759,3,2.22169348590364e-52
2968,0.27766618842659,139.564966035554,3,1.07358418524752e-54
2969,0.280439980870397,139.61193814135,3,7.88064185663278e-56
2970,0.278144428503109,139.658910247146,3,6.8543458943949e-55
2971,0.271927307508369,139.705882352941,3,2.22169348590364e-52
2972,0.268101386896222,139.752854458737,3,7.36838580764121e-51
2973,0.265231946437111,139.799826564532,3,9.90079449803858e-50
2974,0.261119081779053,139.846798670328,3,3.9316515557155e-48
2975,0.256527977044476,139.893770776124,3,2.25835995847308e-46
2976,0.255188904830225,139.940742881919,3,7.27422845383258e-46
2977,0.257197513151602,139.987714987715,3,1.25582437207025e-46
2978,0.259493065518891,140.034687093511,3,1.66237251337642e-47
2979,0.261692969870875,140.081659199306,3,2.35923195593166e-48
2980,0.260449545671927,140.128631305102,3,7.12546947271678e-48
2981,0.259971305595409,140.175603410898,3,1.08872360682598e-47
2982,0.259014825442372,140.222575516693,3,2.53656166702757e-47
2983,0.256336681013869,140.269547622489,3,2.6699638484621e-46
2984,0.254423720707795,140.316519728284,3,1.41588837641061e-45
2985,0.249258727881396,140.36349183408,3,1.21210346812798e-43
2986,0.245815399330464,140.410463939876,3,2.25175314315802e-42
2987,0.239406982305117,140.457436045671,3,4.70402550914532e-40
2988,0.234433285509326,140.504408151467,3,2.72255135271032e-38
2989,0.230989956958393,140.551380257263,3,4.31830623273311e-37
2990,0.231276901004304,140.598352363058,3,3.43489537138532e-37
2991,0.233094213295074,140.645324468854,3,8.01166315237303e-38
2992,0.234146341463415,140.69229657465,3,3.43265026516762e-38
2993,0.234241989478718,140.739268680445,3,3.17753958376043e-38
2994,0.234528933524629,140.786240786241,3,2.51999564248946e-38
2995,0.239120038259206,140.833212892036,3,5.95749769061641e-40
2996,0.242372070779531,140.880184997832,3,4.03515533560552e-41
2997,0.241798182687709,140.927157103628,3,6.50457071155411e-41
2998,0.241415590626495,140.974129209423,3,8.93744429101865e-41
2999,0.24648493543759,141.021101315219,3,1.27936639500861e-42
3000,0.248110951697752,141.068073421015,3,3.22301662032728e-43
3001,0.256336681013869,141.11504552681,3,2.6699638484621e-46
3002,0.257293161166906,141.162017632606,3,1.15470906784113e-46
3003,0.258153993304639,141.208989738402,3,5.41795739104252e-47
3004,0.258632233381157,141.255961844197,3,3.55506495197593e-47
3005,0.258153993304639,141.302933949993,3,5.41795739104252e-47
3006,0.257484457197513,141.349906055788,3,9.76168003386845e-47
3007,0.254901960784314,141.396878161584,3,9.33988311050432e-46
3008,0.252606408417025,141.44385026738,3,6.8381780626028e-45
3009,0.264179818268771,141.490822373175,3,2.55122921136177e-49
3010,0.259493065518891,141.537794478971,3,1.66237251337642e-47
3011,0.253658536585366,141.584766584767,3,2.75114464320662e-45
3012,0.248110951697752,141.631738690562,3,3.22301662032728e-43
3013,0.245050215208034,141.678710796358,3,4.28941056084797e-42
3014,0.242180774748924,141.725682902154,3,4.73182332156635e-41
3015,0.238928742228599,141.772655007949,3,6.97265855734679e-40
3016,0.23663318986131,141.819627113745,3,4.56618709603289e-39
3017,0.24026781444285,141.86659921954,3,2.31218472325971e-40
3018,0.239693926351028,141.913571325336,3,3.71333925108901e-40
3019,0.239502630320421,141.960543431132,3,4.34757380252281e-40
3020,0.241224294595887,142.007515536927,3,1.04745975662797e-40
3021,0.24466762314682,142.054487642723,3,5.91624164248981e-42
3022,0.24830224772836,142.101459748519,3,2.7390202172235e-43
3023,0.251554280248685,142.148431854314,3,1.69406487963479e-44
3024,0.254328072692492,142.19540396011,3,1.53861876166532e-45
3025,0.244189383070301,142.242376065905,3,8.83758992781065e-42
3026,0.243615494978479,142.289348171701,3,1.4291548120327e-41
3027,0.240076518412243,142.336320277497,3,2.7080231773508e-40
3028,0.234146341463415,142.383292383292,3,3.43265026516762e-38
3029,0.227546628407461,142.430264489088,3,6.59327065384488e-36
3030,0.221138211382114,142.477236594884,3,9.48687545111919e-34
3031,0.2181731229077,142.524208700679,3,9.02019807489995e-33
3032,0.218268770923003,142.571180806475,3,8.39209142891734e-33
3033,0.224772835963654,142.618152912271,3,5.7605716420908e-35
3034,0.223338115734099,142.665125018066,3,1.74996282683029e-34
3035,0.223338115734099,142.712097123862,3,1.74996282683029e-34
3036,0.217599234815878,142.759069229657,3,1.38995653002123e-32
3037,0.204878048780488,142.806041335453,3,1.49187828046864e-28
3038,0.192922046867528,142.853013441249,2,5.2288026650665e-25
3039,0.185557149689144,142.899985547044,2,5.9954814922921e-23
3040,0.179722620755619,142.94695765284,2,2.19324782854779e-21
3041,0.172740315638451,142.993929758636,2,1.35912996427774e-19
3042,0.165279770444763,143.040901864431,2,9.02730079843575e-18
3043,0.161262553802009,143.087873970227,2,7.90935593635326e-17
3044,0.164036346245815,143.134846076023,2,1.77895748904965e-17
3045,0.164514586322334,143.181818181818,2,1.37138475287456e-17
3046,0.163940698230512,143.228790287614,2,1.87379143695459e-17
3047,0.171018651362984,143.275762393409,2,3.64912570895011e-19
3048,0.181252989000478,143.322734499205,2,8.64719577005567e-22
3049,0.198087039693926,143.369706605001,2,1.64899846802572e-26
3050,0.206886657101865,143.416678710796,3,3.58535896952568e-29
3051,0.213295074127212,143.463650816592,3,3.43046502386846e-31
3052,0.213295074127212,143.510622922388,3,3.43046502386846e-31
3053,0.211860353897657,143.557595028183,3,9.84205575461536e-31
3054,0.209756097560976,143.604567133979,3,4.55557235425808e-30
3055,0.212242945958871,143.651539239775,3,7.43600889281195e-31
3056,0.217886178861789,143.69851134557,3,1.11987837281796e-32
3057,0.221329507412721,143.745483451366,3,8.19542369182797e-34
3058,0.228503108560497,143.792455557161,3,3.10418781239407e-36
3059,0.231850789096126,143.839427662957,3,2.17154881491754e-37
3060,0.229842180774749,143.886399768753,3,1.07587642118591e-36
3061,0.225633668101387,143.933371874548,3,2.94780493951103e-35
3062,0.219703491152559,143.980343980344,3,2.83160526858753e-33
3063,0.216929698708752,144.02731608614,3,2.29854735491412e-32
3064,0.221138211382114,144.074288191935,3,9.48687545111919e-34
3065,0.215686274509804,144.121260297731,3,5.8255735661641e-32
3066,0.217120994739359,144.168232403527,3,1.99116834387006e-32
3067,0.217694882831181,144.215204509322,3,1.29341612636016e-32
3068,0.2155906264945,144.262176615118,3,6.25617321618596e-32
3069,0.210999521759923,144.309148720913,3,1.84573247780211e-30
3070,0.206121472979436,144.356120826709,3,6.18302788297972e-29
3071,0.205643232902917,144.403092932505,3,8.68222021358355e-29
3072,0.206791009086561,144.4500650383,3,3.83856287627178e-29
3073,0.203252032520325,144.497037144096,2,4.67841958700759e-28
3074,0.201626016260163,144.544009249892,2,1.45223952672673e-27
3075,0.201434720229555,144.590981355687,2,1.65813677942238e-27
3076,0.205164992826399,144.637953461483,3,1.21810112765192e-28
3077,0.211286465805835,144.684925567279,3,1.49717121915523e-30
3078,0.217216642754663,144.731897673074,3,1.85316627332757e-32
3079,0.219129603060737,144.77886977887,3,4.37661182892547e-33
3080,0.220181731229077,144.825841884665,3,1.96820080819213e-33
3081,0.219129603060737,144.872813990461,3,4.37661182892547e-33
3082,0.217694882831181,144.919786096257,3,1.29341612636016e-32
3083,0.217216642754663,144.966758202052,3,1.85316627332757e-32
3084,0.219129603060737,145.013730307848,3,4.37661182892547e-33
3085,0.222285987565758,145.060702413644,3,3.93553229600151e-34
3086,0.225729316116691,145.107674519439,3,2.73591914762126e-35
3087,0.231181252989,145.154646625235,3,3.70731576692508e-37
3088,0.236250597800096,145.201618731031,3,6.2356881946646e-39
3089,0.236346245815399,145.248590836826,3,5.768599713607e-39
3090,0.239120038259206,145.295562942622,3,5.95749769061641e-40
3091,0.242754662840746,145.342535048417,3,2.93344179324978e-41
3092,0.242180774748924,145.389507154213,3,4.73182332156635e-41
3093,0.240172166427547,145.436479260009,3,2.50232429492724e-40
3094,0.243519846963176,145.483451365804,3,1.54820226320385e-41
3095,0.246102343376375,145.5304234716,3,1.76753393764064e-42
3096,0.243232902917264,145.577395577396,3,1.96788659075332e-41
3097,0.239406982305117,145.624367683191,3,4.70402550914532e-40
3098,0.233572453371593,145.671339788987,3,5.45251361587905e-38
3099,0.227546628407461,145.718311894783,3,6.59327065384488e-36
3100,0.224964131994261,145.765284000578,3,4.96476381873882e-35
3101,0.224007651841224,145.812256106374,3,1.04280793360919e-34
3102,0.223529411764706,145.859228212169,3,1.50959272861127e-34
3103,0.22285987565758,145.906200317965,3,2.53056755925508e-34
3104,0.223816355810617,145.953172423761,3,1.20922300214587e-34
3105,0.221138211382114,146.000144529556,3,9.48687545111919e-34
3106,0.223338115734099,146.047116635352,3,1.74996282683029e-34
3107,0.225251076040172,146.094088741148,3,3.97145029957385e-35
3108,0.224390243902439,146.141060846943,3,7.75248474013788e-35
3109,0.224198947871832,146.188032952739,3,8.99185191133214e-35
3110,0.226111908177905,146.235005058534,3,2.02950443490248e-35
3111,0.228503108560497,146.28197716433,3,3.10418781239407e-36
3112,0.229746532759445,146.328949270126,3,1.16069062501014e-36
3113,0.231468197034912,146.375921375921,3,2.94837785239934e-37
3114,0.239693926351028,146.422893481717,3,3.71333925108901e-40
3115,0.246867527498804,146.469865587513,3,9.25612863591706e-43
3116,0.249545671927308,146.516837693308,3,9.4861418951514e-44
3117,0.256049736967958,146.563809799104,3,3.43150944287755e-46
3118,0.265231946437111,146.6107819049,3,9.90079449803858e-50
3119,0.26934481109517,146.657754010695,3,2.37240476701435e-51
3120,0.267049258727881,146.704726116491,3,1.91557476375952e-50
3121,0.257580105212817,146.751698222286,3,8.97496771012121e-47
3122,0.253945480631277,146.798670328082,3,2.14496705930778e-45
3123,0.251362984218077,146.845642433878,3,1.99714619526614e-44
3124,0.252319464371114,146.892614539673,3,8.76061904266028e-45
3125,0.254519368723099,146.939586645469,3,1.30291225954495e-45
3126,0.255858440937351,146.986558751265,3,4.05582664518049e-46
3127,0.257675753228121,147.03353085706,3,8.25143425532345e-47
3128,0.259110473457676,147.080502962856,3,2.33112471996644e-47
3129,0.262266857962697,147.127475068652,3,1.41430999653006e-48
3130,0.263510282161645,147.174447174447,3,4.6516787514716e-49
3131,0.265614538498326,147.221419280243,3,7.01191262744377e-50
3132,0.267240554758489,147.268391386038,3,1.61050725004502e-50
3133,0.266571018651363,147.315363491834,3,2.95417548454802e-50
3134,0.26389287422286,147.36233559763,3,3.30078188933528e-49
3135,0.258727881396461,147.409307703425,3,3.26749285206786e-47
3136,0.255667144906743,147.456279809221,3,4.79320862132265e-46
3137,0.251458632233381,147.503251915017,3,1.83939881042503e-44
3138,0.248971783835485,147.550224020812,3,1.54839620311097e-43
3139,0.243806791009087,147.597196126608,3,1.21771597646664e-41
3140,0.237015781922525,147.644168232404,3,3.34213420146716e-39
3141,0.228694404591105,147.691140338199,3,2.66908237141849e-36
3142,0.219703491152559,147.738112443995,3,2.83160526858753e-33
3143,0.212625538020086,147.78508454979,3,5.61517982642544e-31
3144,0.208512673362028,147.832056655586,3,1.11799643797362e-29
3145,0.207077953132473,147.879028761382,3,3.12763281292319e-29
3146,0.204399808703969,147.926000867177,3,2.09016305501681e-28
3147,0.204017216642755,147.972972972973,2,2.73567142045347e-28
3148,0.205547584887614,148.019945078769,3,9.29119358532588e-29
3149,0.207843137254902,148.066917184564,3,1.80863788864558e-29
3150,0.207843137254902,148.11388929036,3,1.80863788864558e-29
3151,0.208417025346724,148.160861396156,3,1.19764833324168e-29
3152,0.208799617407939,148.207833501951,3,9.09253669913611e-30
3153,0.207747489239598,148.254805607747,3,1.93703175370941e-29
3154,0.201339072214252,148.301777713542,2,1.77169180456451e-27
3155,0.194452415112386,148.348749819338,2,1.89871371748514e-25
3156,0.190148254423721,148.395721925134,2,3.20107321656862e-24
3157,0.193591582974653,148.442694030929,2,3.36072304651421e-25
3158,0.201626016260163,148.489666136725,2,1.45223952672673e-27
3159,0.20832137733142,148.536638242521,3,1.28293133700544e-29
3160,0.211095169775227,148.583610348316,3,1.72140940179641e-30
3161,0.215112386417982,148.630582454112,3,8.93198896551926e-32
3162,0.212529890004782,148.677554559908,3,6.02392122159638e-31
3163,0.208130081300813,148.724526665703,3,1.47199788001956e-29
3164,0.203730272596844,148.771498771499,2,3.34631431469324e-28
3165,0.198660927785748,148.818470877294,2,1.11574679958132e-26
3166,0.195695839311334,148.86544298309,2,8.27920184682403e-26
3167,0.195791487326638,148.912415088886,2,7.76512147231389e-26
3168,0.198852223816356,148.959387194681,2,9.7923802240492e-27
3169,0.201912960306074,149.006359300477,2,1.19000586925497e-27
3170,0.199330463892874,149.053331406273,2,7.06187609227929e-27
3171,0.199904351984696,149.100303512068,2,4.76476342658624e-27
3172,0.205260640841703,149.147275617864,3,1.13842141597872e-28
3173,0.21195600191296,149.19424772366,3,9.17637107769121e-31
3174,0.216451458632233,149.241219829455,3,3.28907230259803e-32
3175,0.222381635581062,149.288191935251,3,3.65656021807867e-34
3176,0.226781444285031,149.335164041046,3,1.20195263686344e-35
3177,0.228024868483979,149.382136146842,3,4.525708222038e-36
3178,0.229172644667623,149.429108252638,3,1.82881992529903e-36
3179,0.228598756575801,149.476080358433,3,2.87846827342099e-36
3180,0.224294595887135,149.523052464229,3,8.34933063718174e-35
3181,0.21999043519847,149.570024570025,3,2.27664657729212e-33
3182,0.216260162601626,149.61699667582,3,3.79510431731994e-32
3183,0.213008130081301,149.663968781616,3,4.23796889260471e-31
3184,0.210521281683405,149.710940887411,3,2.61440943849595e-30
3185,0.212529890004782,149.757912993207,3,6.02392122159638e-31
3186,0.209469153515065,149.804885099003,3,5.60712088615034e-30
3187,0.203825920612147,149.851857204798,2,3.12906360565144e-28
3188,0.195504543280727,149.898829310594,2,9.41068218319773e-26
3189,0.186896221903395,149.94580141639,2,2.57354267267644e-23
3190,0.181539933046389,149.992773522185,2,7.25479895785901e-22
3191,0.178861788617886,150.039745627981,2,3.68675746851471e-21
3192,0.179818268770923,150.086717733777,2,2.06988092224555e-21
3193,0.186035389765662,150.133689839572,2,4.43622285208819e-23
3194,0.193591582974653,150.180661945368,2,3.36072304651421e-25
3195,0.204973696795791,150.227634051163,3,1.39443579307078e-28
3196,0.219129603060736,150.274606156959,3,4.37661182892553e-33
3197,0.232329029172645,150.321578262755,3,1.48069857717997e-37
3198,0.248397895743663,150.36855036855,3,2.5248965954483e-43
3199,0.265136298421808,150.415522474346,3,1.07919336426229e-49
3200,0.27661406025825,150.462494580142,3,2.87429500880169e-54
3201,0.279579148732664,150.509466685937,3,1.77672172228925e-55
3202,0.283883309421329,150.556438791733,3,2.98510713977539e-57
3203,0.283596365375418,150.603410897529,3,3.92644262070441e-57
3204,0.280726924916308,150.650383003324,3,6.00713486699559e-56
3205,0.277953132472501,150.69735510912,3,8.20254807390355e-55
3206,0.270205643232903,150.744327214915,3,1.07967994206613e-51
3207,0.260832137733142,150.791299320711,3,5.07363242421058e-48
3208,0.255475848876136,150.838271426507,3,5.66403628146432e-46
3209,0.254997608799617,150.885243532302,3,8.59346736785286e-46
3210,0.249641319942611,150.932215638098,3,8.74142714605726e-44
3211,0.244476327116212,150.979187743894,3,6.94700198650304e-42
3212,0.242754662840746,151.026159849689,3,2.93344179324978e-41
3213,0.242180774748924,151.073131955485,3,4.73182332156635e-41
3214,0.240746054519369,151.120104061281,3,1.55680113162482e-40
3215,0.239789574366332,151.167076167076,3,3.43166596017517e-40
3216,0.240554758488761,151.214048272872,3,1.82383560865106e-40
3217,0.236250597800096,151.261020378667,3,6.2356881946646e-39
3218,0.240076518412243,151.307992484463,3,2.7080231773508e-40
3219,0.242467718794835,151.354964590259,3,3.72612859248834e-41
3220,0.24466762314682,151.401936696054,3,5.91624164248981e-42
3221,0.246389287422286,151.44890880185,3,1.38709504726995e-42
3222,0.246006695361071,151.495880907646,3,1.91615584841929e-42
3223,0.246197991391679,151.542853013441,3,1.63039425092057e-42
3224,0.246771879483501,151.589825119237,3,1.00366511465142e-42
3225,0.25480631276901,151.636797225033,3,1.01508549332196e-45
3226,0.259684361549498,151.683769330828,3,1.40358685101065e-47
3227,0.267049258727881,151.730741436624,3,1.91557476375952e-50
3228,0.273840267814443,151.777713542419,3,3.79640097179133e-53
3229,0.27479674796748,151.824685648215,3,1.56306232651561e-53
3230,0.271257771401243,151.871657754011,3,4.11288558885143e-52
3231,0.268292682926829,151.918629859806,3,6.19127064482963e-51
3232,0.266188426590148,151.965601965602,3,4.17576715091166e-50
3233,0.259110473457676,152.012574071398,3,2.33112471996644e-47
3234,0.248110951697752,152.059546177193,3,3.22301662032728e-43
3235,0.236728837876614,152.106518282989,3,4.22366927405337e-39
3236,0.228503108560497,152.153490388785,3,3.10418781239407e-36
3237,0.223146819703491,152.20046249458,3,2.0283575921884e-34
3238,0.214634146341463,152.247434600376,3,1.27419270386699e-31
3239,0.199330463892874,152.294406706171,2,7.06187609227929e-27
3240,0.182783357245337,152.341378811967,2,3.37696897808818e-22
3241,0.166044954567193,152.388350917763,2,5.928975992074e-18
3242,0.140124342419895,152.435323023558,2,2.69338556944414e-12
3243,0.114681970349115,152.482295129354,2,9.29940544487805e-08
3244,0.0973696795791487,152.52926723515,2,3.12477077625346e-05
3245,0.0782400765184122,152.576239340945,2,0.00571375814660324
3246,0.0612147297943568,152.623211446741,2,0.16947540100789
3247,0.0539454806312769,152.670183552537,2,0.407955820181695
3248,0.0536585365853659,152.717155658332,2,0.418688876896939
3249,0.0457197513151602,152.764127764128,1,0.686299865437108
3250,0.0465805834528934,152.811099869923,1,0.662175447124669
3251,0.0459110473457676,152.858071975719,1,0.681067874797698
3252,0.0454328072692492,152.905044081515,1,0.694008849382997
3253,0.0479196556671449,152.95201618731,1,0.621745778938085
3254,0.0472501195600191,152.998988293106,1,0.642392674938163
3255,0.0453371592539455,153.045960398902,1,0.696541392511512
3256,0.0478240076518412,153.092932504697,1,0.624746909574987
3257,0.052415112386418,153.139904610493,2,0.465142543923485
3258,0.0549019607843137,153.186876716289,2,0.372375467749817
3259,0.0599713055954089,153.233848822084,2,0.202918029471925
3260,0.0708751793400287,153.28082092788,2,0.0295658298375658
3261,0.0897178383548541,153.327793033675,2,0.00029302625179788
3262,0.10961262553802,153.374765139471,2,5.69080801640134e-07
3263,0.135437589670014,153.421737245267,2,2.1905514150963e-11
3264,0.15791487326638,153.468709351062,2,4.60663641553085e-16
3265,0.178574844571975,153.515681456858,2,4.3806724876624e-21
3266,0.194643711142994,153.562653562654,2,1.67177624772399e-25
3267,0.213199426111908,153.609625668449,3,3.68102598873565e-31
3268,0.223529411764706,153.656597774245,3,1.50959272861127e-34
3269,0.229937828790053,153.70356988004,3,9.97230287265883e-37
3270,0.239024390243902,153.750541985836,3,6.44521347371961e-40
3271,0.248589191774271,153.797514091632,3,2.14538062014258e-43
3272,0.255284552845528,153.844486197427,3,6.69234703313995e-46
3273,0.260736489717838,153.891458303223,3,5.52344726432098e-48
3274,0.264753706360593,153.938430409019,3,1.52299838624806e-49
3275,0.275083692013391,153.985402514814,3,1.19710297865327e-53
3276,0.282544237207078,154.03237462061,3,1.07049903054979e-56
3277,0.282257293161167,154.079346726406,3,1.40650038678473e-56
3278,0.284361549497848,154.126318832201,3,1.88942536046734e-57
3279,0.288665710186514,154.173290937997,3,2.98983922296168e-59
3280,0.291248206599713,154.220263043792,3,2.42100586048703e-60
3281,0.293352462936394,154.267235149588,3,3.07796711200252e-61
3282,0.292300334768054,154.314207255384,3,8.64629935598091e-61
3283,0.291917742706839,154.361179361179,3,1.25776056787573e-60
3284,0.291917742706839,154.408151466975,3,1.25776056787573e-60
3285,0.291726446676231,154.455123572771,3,1.51674432279794e-60
3286,0.290961262553802,154.502095678566,3,3.20410722900723e-60
3287,0.288665710186514,154.549067784362,3,2.98983922296168e-59
3288,0.286944045911047,154.596039890158,3,1.58026853269476e-58
3289,0.284170253467241,154.643011995953,3,2.26890602059659e-57
3290,0.281683405069345,154.689984101749,3,2.42624531590327e-56
3291,0.279196556671449,154.736956207544,3,2.54819778318056e-55
3292,0.276901004304161,154.78392831334,3,2.19799223582373e-54
3293,0.27297943567671,154.830900419136,3,8.41854042732822e-53
3294,0.268388330942133,154.877872524931,3,5.67500239082287e-51
3295,0.267049258727881,154.924844630727,3,1.91557476375952e-50
3296,0.268005738880918,154.971816736523,3,8.03805888747454e-51
3297,0.267336202773792,155.018788842318,3,1.47664806890879e-50
3298,0.259110473457676,155.065760948114,3,2.33112471996644e-47
3299,0.248589191774271,155.11273305391,3,2.14538062014258e-43
3300,0.241893830703013,155.159705159705,3,6.00743969360845e-41
3301,0.236920133907221,155.206677265501,3,3.61347447008208e-39
3302,0.229746532759445,155.253649371296,3,1.1606906250101e-36
3303,0.221903395504543,155.300621477092,3,5.27949255346016e-34
3304,0.216451458632233,155.347593582888,3,3.28907230259803e-32
3305,0.213964610234338,155.394565688683,3,2.09238862453786e-31
3306,0.217981826877092,155.441537794479,3,1.04199685693801e-32
3307,0.224772835963654,155.488509900275,3,5.7605716420908e-35
3308,0.232042085126734,155.53548200607,3,1.86331603135336e-37
3309,0.236728837876614,155.582454111866,3,4.22366927405337e-39
3310,0.241415590626495,155.629426217662,3,8.93744429101865e-41
3311,0.248206599713056,155.676398323457,3,2.97122053706143e-43
3312,0.254328072692492,155.723370429253,3,1.53861876166532e-45
3313,0.256527977044476,155.770342535048,3,2.25835995847308e-46
3314,0.262362505978001,155.817314640844,3,1.29857179366071e-48
3315,0.267049258727881,155.86428674664,3,1.91557476375952e-50
3316,0.271257771401243,155.911258852435,3,4.11288558885143e-52
3317,0.272788139646102,155.958230958231,3,1.00454183535939e-52
3318,0.271831659493066,156.005203064027,3,2.42620726456406e-52
3319,0.274222859875658,156.052175169822,3,2.66288793621183e-53
3320,0.279292204686753,156.099147275618,3,2.32861163118736e-55
3321,0.27766618842659,156.146119381414,3,1.07358418524752e-54
3322,0.281970349115256,156.193091487209,3,1.84752079113848e-56
3323,0.287039693926351,156.240063593005,3,1.4409798870885e-58
3324,0.290961262553802,156.2870356988,3,3.20410722900723e-60
3325,0.293065518890483,156.334007804596,3,4.08074236258942e-61
3326,0.29325681492109,156.380979910392,3,3.38143171555804e-61
3327,0.292969870875179,156.427952016187,3,4.48271455580654e-61
3328,0.293926351028216,156.474924121983,3,1.74985032213811e-61
3329,0.293448110951698,156.521896227779,3,2.80166205672881e-61
3330,0.291726446676231,156.568868333574,3,1.51674432279794e-60
3331,0.292491630798661,156.61584043937,3,7.16765277604174e-61
3332,0.29220468675275,156.662812545166,3,9.49597490028583e-61
3333,0.289717838354854,156.709784650961,3,1.0762640601438e-59
3334,0.290769966523195,156.756756756757,3,3.86180181043034e-60
3335,0.292587278813965,156.803728862552,3,6.52578766811506e-61
3336,0.291726446676231,156.850700968348,3,1.51674432279794e-60
3337,0.292491630798661,156.897673074144,3,7.16765277604174e-61
3338,0.291630798660928,156.944645179939,3,1.66552907289567e-60
3339,0.292682926829268,156.991617285735,3,5.94124336197097e-61
3340,0.294787183165949,157.038589391531,3,7.48728655208076e-62
3341,0.294404591104735,157.085561497326,3,1.09218572588884e-61
3342,0.292778574844572,157.132533603122,3,5.4089151386201e-61
3343,0.290961262553802,157.179505708918,3,3.20410722900723e-60
3344,0.290291726446676,157.226477814713,3,6.15594646249826e-60
3345,0.290196078431373,157.273449920509,3,6.75711161448351e-60
3346,0.286178861788618,157.320422026304,3,3.30292218867551e-58
3347,0.283787661406026,157.3673941321,3,3.27077948782948e-57
3348,0.281396461023434,157.414366237896,3,3.185488035129e-56
3349,0.276327116212339,157.461338343691,3,3.75778808189353e-54
3350,0.269057867049259,157.508310449487,3,3.08279110650513e-51
3351,0.262936394069823,157.555282555283,3,7.77585878190749e-49
3352,0.260927785748446,157.602254661078,3,4.66032348835969e-48
3353,0.255188904830225,157.649226766874,3,7.27422845383258e-46
3354,0.247058823529412,157.696198872669,3,7.87180609162433e-43
3355,0.239502630320421,157.743170978465,3,4.34757380252281e-40
3356,0.237111429937829,157.790143084261,3,3.09108076340446e-39
3357,0.235102821616451,157.837115190056,3,1.58372050637772e-38
3358,0.225729316116691,157.884087295852,3,2.73591914762126e-35
3359,0.214921090387374,157.931059401648,3,1.02968720777686e-31
3360,0.206791009086561,157.978031507443,3,3.83856287627178e-29
3361,0.194739359158297,158.025003613239,2,1.56860461857438e-25
3362,0.196939263510282,158.071975719035,2,3.58777583847225e-26
3363,0.201052128168341,158.11894782483,2,2.16072073695925e-27
3364,0.207460545193687,158.165919930626,3,2.37904608343531e-29
3365,0.215208034433286,158.212892036421,3,8.3185657706064e-32
3366,0.222764227642276,158.259864142217,3,2.72405375265153e-34
3367,0.228981348637016,158.306836248013,3,2.12758082424118e-36
3368,0.232902917264467,158.353808353808,3,9.34296280455705e-38
3369,0.243137254901961,158.400780459604,3,2.13157136911825e-41
3370,0.242754662840746,158.4477525654,3,2.93344179324978e-41
3371,0.243328550932568,158.494724671195,3,1.81672041606768e-41
3372,0.249258727881396,158.541696776991,3,1.21210346812798e-43
3373,0.253849832615973,158.588668882787,3,2.33057675759344e-45
3374,0.257293161166906,158.635640988582,3,1.15470906784113e-46
3375,0.263414634146341,158.682613094378,3,5.06790794627887e-49
3376,0.268770923003348,158.729585200173,3,4.00492818572111e-51
3377,0.271066475370636,158.776557305969,3,4.90297833923591e-52
3378,0.27403156384505,158.823529411765,3,3.17969653473786e-53
3379,0.276709708273553,158.87050151756,3,2.628499268424e-54
3380,0.276901004304161,158.917473623356,3,2.19799223582373e-54
3381,0.27661406025825,158.964445729152,3,2.87429500880169e-54
3382,0.28206599713056,159.011417834947,3,1.68701032939302e-56
3383,0.287900526064084,159.058389940743,3,6.27307847180552e-59
3384,0.287422285987566,159.105362046539,3,9.95979442592079e-59
3385,0.289239598278336,159.152334152334,3,1.71311831109078e-59
3386,0.290291726446676,159.19930625813,3,6.15594646249826e-60
3387,0.288187470109995,159.246278363925,3,4.75204053747763e-59
3388,0.284074605451937,159.293250469721,3,2.48623710794246e-57
3389,0.281683405069345,159.340222575517,3,2.42624531590327e-56
3390,0.281205164992826,159.387194681312,3,3.81896475840223e-56
3391,0.279579148732664,159.434166787108,3,1.77672172228925e-55
3392,0.27584887613582,159.481138892904,3,5.8708661200672e-54
3393,0.271640363462458,159.528110998699,3,2.89321418183711e-52
3394,0.274605451936872,159.575083104495,3,1.86701667616071e-53
3395,0.276422764227642,159.622055210291,3,3.43671527544014e-54
3396,0.272692491630799,159.669027316086,3,1.09727690287271e-52
3397,0.266379722620756,159.715999421882,3,3.51244549073622e-50
3398,0.257388809182209,159.762971527677,3,1.06170646713209e-46
3399,0.25011956001913,159.809943633473,3,5.80586220325618e-44
3400,0.244571975131516,159.856915739269,3,6.41102865941217e-42
3401,0.239406982305117,159.903887845064,3,4.70402550914532e-40
3402,0.246676231468197,159.95085995086,3,1.08826895443514e-42
3403,0.254328072692492,159.997832056656,3,1.53861876166532e-45
3404,0.259684361549498,160.044804162451,3,1.40358685101065e-47
3405,0.262362505978001,160.091776268247,3,1.29857179366071e-48
3406,0.264753706360593,160.138748374043,3,1.52299838624806e-49
3407,0.26571018651363,160.185720479838,3,6.4320431001715e-50
3408,0.266188426590148,160.232692585634,3,4.17576715091166e-50
3409,0.264562410329986,160.279664691429,3,1.80896221090798e-49
3410,0.265997130559541,160.326636797225,3,4.96382340944485e-50
3411,0.267144906743185,160.373608903021,3,1.75645375370547e-50
3412,0.268005738880918,160.420581008816,3,8.03805888747454e-51
3413,0.268101386896222,160.467553114612,3,7.36838580764121e-51
3414,0.266953610712578,160.514525220408,3,2.08905486124646e-50
3415,0.2675274988044,160.561497326203,3,1.24128269069592e-50
3416,0.268962219033955,160.608469431999,3,3.36387054534669e-51
3417,0.270875179340029,160.655441537795,3,5.84422412556943e-52
3418,0.271066475370636,160.70241364359,3,4.90297833923591e-52
3419,0.271449067431851,160.749385749386,3,3.44974370088013e-52
3420,0.272883787661406,160.796357855181,3,9.19619593976217e-53
3421,0.273362027737924,160.843329960977,3,5.91064853524571e-53
3422,0.268866571018651,160.890302066773,3,3.67047964150718e-51
3423,0.259493065518891,160.937274172568,3,1.66237251337642e-47
3424,0.250693448110952,160.984246278364,3,3.54988246564829e-44
3425,0.239598278335725,161.03121838416,3,4.01801865157447e-40
3426,0.235294117647059,161.078190489955,3,1.35624410930414e-38
3427,0.227164036346246,161.125162595751,3,8.90427114861698e-36
3428,0.217312290769967,161.172134701546,3,1.72467356408363e-32
3429,0.215877570540411,161.219106807342,3,5.05075647755893e-32
3430,0.217312290769967,161.266078913138,3,1.72467356408363e-32
3431,0.215877570540411,161.313051018933,3,5.05075647755893e-32
3432,0.212147297943568,161.360023124729,3,7.97623603377128e-31
3433,0.217216642754663,161.406995230525,3,1.85316627332757e-32
3434,0.209756097560976,161.45396733632,3,4.55557235425808e-30
3435,0.201147776183644,161.500939442116,2,2.02244783409099e-27
3436,0.195217599234816,161.547911547912,2,1.14011977202698e-25
3437,0.19091343854615,161.594883653707,2,1.94794925424013e-24
3438,0.18364418938307,161.641855759503,2,1.98157163138042e-22
3439,0.174079387852702,161.688827865298,2,6.25352656581171e-20
3440,0.167288378766141,161.735799971094,2,2.97987761911791e-18
3441,0.162505978000956,161.78277207689,2,4.06666847269874e-17
3442,0.167766618842659,161.829744182685,2,2.28344493676858e-18
3443,0.170827355332377,161.876716288481,2,4.0694343800711e-19
3444,0.170827355332377,161.923688394277,2,4.0694343800711e-19
3445,0.168818747011,161.970660500072,2,1.26734411553682e-18
3446,0.166523194643711,162.017632605868,2,4.5537673210318e-18
3447,0.161453849832616,162.064604711664,2,7.14266055675453e-17
3448,0.156384505021521,162.111576817459,2,1.01660402354756e-15
3449,0.151793400286944,162.158548923255,2,1.03731602253603e-14
3450,0.143280726924916,162.20552102905,2,6.28305962382259e-13
3451,0.138976566236251,162.252493134846,2,4.53257295146991e-12
3452,0.139646102343376,162.299465240642,2,3.34758379601765e-12
3453,0.136202773792444,162.346437346437,2,1.5640378646924e-11
3454,0.121281683405069,162.393409452233,2,7.68947624575739e-09
3455,0.0925872788139646,162.440381558029,2,0.000129650181720507
3456,0.0650406504065041,162.487353663824,2,0.0908177335685491
3457,0.0374940219990435,162.53432576962,1,0.845892088061056
3458,0.0314681970349115,162.581297875416,1,0.902664050189997
3459,0.0216164514586322,162.628269981211,1,0.943345648521578
3460,0.0182687709230033,162.675242087007,1,0.949524304411955
3461,0.0363462458153993,162.722214192802,1,0.859648502654116
3462,0.0793878527020564,162.769186298598,2,0.00433754656839689
3463,0.128072692491631,162.816158404394,2,5.04583016137075e-10
3464,0.161836441893831,162.863130510189,2,5.82260750673547e-17
3465,0.193878527020564,162.910102615985,2,2.77919642901535e-25
3466,0.206886657101865,162.957074721781,3,3.58535896952568e-29
3467,0.223338115734099,163.004046827576,3,1.74996282683029e-34
3468,0.235676709708274,163.051018933372,3,9.9427466556318e-39
3469,0.242754662840746,163.097991039168,3,2.93344179324978e-41
3470,0.2493543758967,163.144963144963,3,1.11703889389211e-43
3471,0.256719273075084,163.191935250759,3,1.91000173745778e-46
3472,0.261788617886179,163.238907356554,3,2.16651771196705e-48
3473,0.261884265901483,163.28587946235,3,1.98949171277772e-48
3474,0.268388330942133,163.332851568146,3,5.67500239082287e-51
3475,0.278144428503109,163.379823673941,3,6.8543458943949e-55
3476,0.285318029650885,163.426795779737,3,7.55443579402433e-58
3477,0.290674318507891,163.473767885533,3,4.23949467761539e-60
3478,0.292682926829268,163.520739991328,3,5.94124336197097e-61
3479,0.294595887135342,163.567712097124,3,9.0434396780848e-62
3480,0.295743663318986,163.61468420292,3,2.90792535028073e-62
3481,0.307986609277857,163.661656308715,3,1.26909268006818e-67
3482,0.307125777140124,163.708628414511,3,3.06629929060282e-67
3483,0.307030129124821,163.755600520306,3,3.38162233404878e-67
3484,0.308847441415591,163.802572626102,3,5.241123730485e-68
3485,0.31219512195122,163.849544731898,3,1.64738634880475e-69
3486,0.314108082257293,163.896516837693,3,2.24742152825288e-70
3487,0.315542802486848,163.943488943489,3,5.0090478569575e-71
3488,0.314777618364419,163.990461049285,3,1.11630160738652e-70
3489,0.313055954088953,164.03743315508,3,6.73098521090276e-70
3490,0.314873266379723,164.084405260876,3,1.00999589940186e-70
3491,0.316021042563367,164.131377366672,3,3.03287439564181e-71
3492,0.317742706838833,164.178349472467,3,4.9540442503133e-72
3493,0.321090387374462,164.225321578263,3,1.42515557065014e-73
3494,0.325681492109039,164.272293684058,3,1.03875138968587e-75
3495,0.327403156384505,164.319265789854,3,1.61375279812896e-76
3496,0.328359636537542,164.36623789565,3,5.71310557414849e-77
3497,0.330463892874223,164.413210001445,3,5.76038136524801e-78
3498,0.330463892874223,164.460182107241,3,5.76038136524801e-78
3499,0.327690100430416,164.507154213037,3,1.1821577207905e-76
3500,0.324246771879484,164.554126318832,3,4.86868779026711e-75
3501,0.319942611190818,164.601098424628,3,4.82929027484416e-73
3502,0.315542802486848,164.648070530423,3,5.0090478569575e-71
3503,0.312003825920612,164.695042636219,3,2.00931274855345e-69
3504,0.309516977522716,164.742014742015,3,2.63056062998305e-68
3505,0.307221425155428,164.78898684781,3,2.78030405279044e-67
3506,0.309995217599235,164.835958953606,3,1.60641085835131e-68
3507,0.310951697752272,164.882931059402,3,5.97851666510371e-69
3508,0.310951697752272,164.929903165197,3,5.97851666510371e-69
3509,0.311908177905308,164.976875270993,3,2.21899302456321e-69
3510,0.310664753706361,165.023847376789,3,8.04443664199736e-69
3511,0.304638928742229,165.070819482584,3,3.87341040889061e-66
3512,0.299856527977044,165.11779158838,3,4.83260515982676e-64
3513,0.297178383548541,165.164763694175,3,7.00322355919803e-63
3514,0.298517455762793,165.211735799971,3,1.84449374783895e-63
3515,0.301386896221903,165.258707905767,3,1.0389575717914e-64
3516,0.303586800573888,165.305680011562,3,1.12649657481964e-65
3517,0.303873744619799,165.352652117358,3,8.42215914620169e-66
3518,0.303491152558584,165.399624223154,3,1.24110555449938e-65
3519,0.301004304160689,165.446596328949,3,1.52676664485848e-64
3520,0.298804399808704,165.493568434745,3,1.38490395695833e-63
3521,0.293065518890483,165.540540540541,3,4.08074236258942e-61
3522,0.289335246293639,165.587512646336,3,1.56112180670435e-59
3523,0.288187470109995,165.634484752132,3,4.75204053747763e-59
3524,0.290578670492587,165.681456857927,3,4.65400275087131e-60
3525,0.29402199904352,165.728428963723,3,1.59251373623043e-61
3526,0.29689143950263,165.775401069519,3,9.31459043351018e-63
3527,0.300813008130081,165.822373175314,3,1.85050528347757e-64
3528,0.306360593017695,165.86934528111,3,6.70458391094075e-67
3529,0.311047345767575,165.916317386906,3,5.41505114394345e-69
3530,0.311908177905308,165.963289492701,3,2.21899302456321e-69
3531,0.316021042563367,166.010261598497,3,3.03287439564181e-71
3532,0.321664275466284,166.057233704293,3,7.73047786586607e-74
3533,0.325490196078431,166.104205810088,3,1.27679752144956e-75
3534,0.326351028216165,166.151177915884,3,5.04073545159185e-76
3535,0.327977044476327,166.198150021679,3,8.65773527362584e-77
3536,0.329124820659971,166.245122127475,3,2.48440548190278e-77
3537,0.326829268292683,166.292094233271,3,3.0049133942983e-76
3538,0.328550932568149,166.339066339066,3,4.64016111351282e-77
3539,0.331133428981349,166.386038444862,3,2.76798370675873e-78
3540,0.334098517455763,166.433010550658,3,1.06006172591472e-79
3541,0.33792443806791,166.479982656453,3,1.51165660916851e-81
3542,0.341176470588235,166.526954762249,3,3.9313015454049e-83
3543,0.341654710664754,166.573926868045,3,2.29198246538051e-83
3544,0.342037302725968,166.62089897384,3,1.48771243599385e-83
3545,0.335341941654711,166.667871079636,3,2.67683785772012e-80
3546,0.334385461501674,166.714843185431,3,7.71943433383771e-80
3547,0.3350549976088,166.761815291227,3,3.67910596500447e-80
3548,0.33323768531803,166.808787397023,3,2.74091925482681e-79
3549,0.329698708751793,166.855759502818,3,1.32883706449169e-77
3550,0.325585844093735,166.902731608614,3,1.15165625792892e-75
3551,0.320899091343855,166.94970371441,3,1.74710322961443e-73
3552,0.319942611190818,166.996675820205,3,4.82929027484416e-73
3553,0.317073170731707,167.043647926001,3,1.00330012110506e-71
3554,0.311716881874701,167.090620031797,3,2.70606022140235e-69
3555,0.30597800095648,167.137592137592,3,9.90763781988473e-67
3556,0.299378287900526,167.184564243388,3,7.80173369624899e-64
3557,0.291726446676231,167.231536349183,3,1.51674432279794e-60
3558,0.284170253467241,167.278508454979,3,2.26890602059659e-57
3559,0.277953132472501,167.325480560775,3,8.20254807390355e-55
3560,0.271927307508369,167.37245266657,3,2.22169348590364e-52
3561,0.267049258727881,167.419424772366,3,1.91557476375952e-50
3562,0.268197034911526,167.466396878162,3,6.7543240420354e-51
3563,0.268962219033955,167.513368983957,3,3.36387054534669e-51
3564,0.268770923003348,167.560341089753,3,4.00492818572111e-51
3565,0.270205643232903,167.607313195548,3,1.07967994206613e-51
3566,0.275466284074605,167.654285301344,3,8.38512509659452e-54
3567,0.283596365375418,167.70125740714,3,3.92644262070463e-57
3568,0.289526542324247,167.748229512935,3,1.29628636059219e-59
3569,0.291152558584409,167.795201618731,3,2.65813977216166e-60
3570,0.299760879961741,167.842173724527,3,5.31871238626033e-64
3571,0.306073648971784,167.889145830322,3,8.98644798888024e-67
3572,0.306456241032999,167.936117936118,3,6.0805527575709e-67
3573,0.304543280726925,167.983090041914,3,4.2687483869213e-66
3574,0.307125777140124,168.030062147709,3,3.06629929060282e-67
3575,0.312577714012434,168.077034253505,3,1.10700640727027e-69
3576,0.314873266379723,168.1240063593,3,1.00999589940186e-70
3577,0.320133907221425,168.170978465096,3,3.94153925379692e-73
3578,0.318316594930655,168.217950570892,3,2.70275968834288e-72
3579,0.316499282639885,168.264922676687,3,1.83509172396786e-71
3580,0.317742706838833,168.311894782483,3,4.9540442503133e-72
3581,0.31975131516021,168.358866888279,3,5.91633909114185e-73
3582,0.321472979435677,168.405838994074,3,9.47995297520208e-74
3583,0.321664275466284,168.45281109987,3,7.73047786586607e-74
3584,0.321377331420373,168.499783205666,3,1.04975548142739e-73
3585,0.324533715925395,168.546755311461,3,3.576424918083e-75
3586,0.325298900047824,168.593727417257,3,1.5692208774208e-75
3587,0.326733620277379,168.640699523052,3,3.33264160889579e-76
3588,0.330272596843615,168.687671628848,3,7.10035356736937e-78
3589,0.333333333333333,168.734643734644,3,2.46663778515571e-79
3590,0.333333333333333,168.781615840439,3,2.46663778515571e-79
3591,0.33065518890483,168.828587946235,3,4.6727588376572e-78
3592,0.327403156384505,168.875560052031,3,1.61375279812896e-76
3593,0.321664275466284,168.922532157826,3,7.73047786586607e-74
3594,0.315829746532759,168.969504263622,3,3.70723588447948e-71
3595,0.309803921568627,169.016476369418,3,1.95689931181947e-68
3596,0.307030129124821,169.063448475213,3,3.38162233404907e-67
3597,0.302439024390244,169.110420581009,3,3.59672638120572e-65
3598,0.297082735533238,169.157392686804,3,7.70190539075395e-63
3599,0.293639406982305,169.2043647926,3,2.32105030746744e-61
3600,0.293065518890483,169.251336898396,3,4.08074236258942e-61
3601,0.291056910569106,169.298309004191,3,2.9184228288265e-60
3602,0.286083213773314,169.345281109987,3,3.62132274857317e-58
3603,0.2831181252989,169.392253215783,3,6.19679086939317e-57
3604,0.281970349115256,169.439225321578,3,1.84752079113848e-56
3605,0.280535628885701,169.486197427374,3,7.19904836376568e-56
3606,0.27843137254902,169.53316953317,3,5.23485963468672e-55
3607,0.278622668579627,169.580141638965,3,4.37327222636042e-55
3608,0.281205164992826,169.627113744761,3,3.81896475840223e-56
3609,0.282831181252989,169.674085850556,3,8.14570363668334e-57
3610,0.285604973696796,169.721057956352,3,5.73506331563008e-58
3611,0.289048302247728,169.768030062148,3,2.06278415575223e-59
3612,0.290196078431373,169.815002167943,3,6.75711161448351e-60
3613,0.29038737446198,169.861974273739,3,5.6081162218338e-60
3614,0.288187470109995,169.908946379535,3,4.75204053747763e-59
3615,0.286083213773314,169.95591848533,3,3.62132274857317e-58
3616,0.283978957436633,170.002890591126,3,2.72431308332289e-57
3617,0.275753228120517,170.049862696922,3,6.41832048942793e-54
3618,0.281396461023434,170.096834802717,3,3.185488035129e-56
3619,0.28493543758967,170.143806908513,3,1.09041518261718e-57
3620,0.285891917742707,170.190779014308,3,4.35281610561876e-58
3621,0.285796269727403,170.237751120104,3,4.77204484863603e-58
3622,0.284648493543759,170.2847232259,3,1.43553192477077e-57
3623,0.285987565758011,170.331695331695,3,3.97031128861516e-58
3624,0.290004782400765,170.378667437491,3,8.14064656214462e-60
3625,0.286657101865136,170.425639543287,3,2.0839170212878e-58
3626,0.290865614538498,170.472611649082,3,3.51766354246233e-60
3627,0.293161166905787,170.519583754878,3,3.71471661884482e-61
3628,0.29507412721186,170.566555860674,3,5.63928144828747e-62
3629,0.300717360114778,170.613527966469,3,2.03719088959721e-64
3630,0.300430416068867,170.660500072265,3,2.7176040054027e-64
3631,0.299760879961741,170.70747217806,3,5.31871238626033e-64
3632,0.302247728359637,170.754444283856,3,4.36288742093971e-65
3633,0.30310856049737,170.801416389652,3,1.82813228373215e-65
3634,0.304638928742229,170.848388495447,3,3.87341040889061e-66
3635,0.306456241032999,170.895360601243,3,6.0805527575709e-67
3636,0.306551889048302,170.942332707039,3,5.5144551697472e-67
3637,0.30674318507891,170.989304812834,3,4.53509785054621e-67
3638,0.30674318507891,171.03627691863,3,4.53509785054621e-67
3639,0.307030129124821,171.083249024426,3,3.38162233404907e-67
3640,0.30779531324725,171.130221130221,3,1.54423451120133e-67
3641,0.306934481109517,171.177193236017,3,3.72927127323857e-67
3642,0.306073648971784,171.224165341812,3,8.98644798888024e-67
3643,0.304351984696318,171.271137447608,3,5.18417511732766e-66
3644,0.303586800573888,171.318109553404,3,1.12649657481964e-65
3645,0.30416068866571,171.365081659199,3,6.29523780434329e-66
3646,0.303491152558584,171.412053764995,3,1.24110555449948e-65
3647,0.299856527977044,171.459025870791,3,4.83260515982676e-64
3648,0.296508847441416,171.505997976586,3,1.36193308278237e-62
3649,0.295648015303682,171.552970082382,3,3.19675626264913e-62
3650,0.293639406982305,171.599942188177,3,2.32105030746744e-61
3651,0.292491630798661,171.646914293973,3,7.16765277604174e-61
3652,0.291343854615017,171.693886399769,3,2.20496802007711e-60
3653,0.28857006217121,171.740858505564,3,3.28032919284297e-59
3654,0.284648493543759,171.78783061136,3,1.43553192477077e-57
3655,0.279005260640842,171.834802717156,3,3.05119915785084e-55
3656,0.272022955523673,171.881774822951,3,2.03436453499355e-52
3657,0.265136298421808,171.928746928747,3,1.07919336426229e-49
3658,0.263032042085127,171.975719034543,3,7.13818537259814e-49
3659,0.262936394069823,172.022691140338,3,7.77585878190749e-49
3660,0.266475370636059,172.069663246134,3,3.22128217095877e-50
3661,0.269918699186992,172.116635351929,3,1.40399071188242e-51
3662,0.271544715447154,172.163607457725,3,3.15929014878909e-52
3663,0.27661406025825,172.210579563521,3,2.87429500880169e-54
3664,0.281874701099952,172.257551669316,3,2.02324911989698e-56
3665,0.28780487804878,172.304523775112,3,6.88109862719628e-59
3666,0.286178861788618,172.351495880908,3,3.30292218867551e-58
3667,0.28675274988044,172.398467986703,3,1.90038740585985e-58
3668,0.287996174079388,172.445440092499,3,5.71863123355444e-59
3669,0.286465805834529,172.492412198295,3,2.50566083211942e-58
3670,0.284170253467241,172.53938430409,3,2.26890602059659e-57
3671,0.288378766140603,172.586356409886,3,3.94840702664302e-59
3672,0.295743663318986,172.633328515681,3,2.90792535028073e-62
3673,0.299378287900526,172.680300621477,3,7.80173369624899e-64
3674,0.305786704925873,172.727272727273,3,1.20420163348356e-66
3675,0.311238641798183,172.774244833068,3,4.44207170309818e-69
3676,0.313916786226686,172.821216938864,3,2.74414942073041e-70
3677,0.315829746532759,172.86818904466,3,3.70723588447948e-71
3678,0.316021042563367,172.915161150455,3,3.03287439564181e-71
3679,0.317073170731707,172.962133256251,3,1.00330012110506e-71
3680,0.320229555236729,173.009105362047,3,3.56073154836106e-73
3681,0.321281683405069,173.056077467842,3,1.16240683211035e-73
3682,0.320612147297944,173.103049573638,3,2.37090072916756e-73
3683,0.318507890961263,173.150021679433,3,2.20797870235934e-72
3684,0.319464371114299,173.196993785229,3,8.02081074861765e-73
3685,0.319560019129603,173.243965891025,3,7.24728126548069e-73
3686,0.313534194165471,173.29093799682,3,4.08989989157061e-70
3687,0.311047345767575,173.337910102616,3,5.41505114394345e-69
3688,0.313725490196078,173.384882208412,3,3.35030077376723e-70
3689,0.30961262553802,173.431854314207,3,2.38360027832892e-68
3690,0.305595408895265,173.478826420003,3,1.46346253686955e-66
3691,0.303395504543281,173.525798525799,3,1.36733809731976e-65
3692,0.302247728359637,173.572770631594,3,4.36288742093971e-65
3693,0.30234337637494,173.61974273739,3,3.96138016193121e-65
3694,0.302056432329029,173.666714843185,3,5.29168599863263e-65
3695,0.305499760879962,173.713686948981,3,1.61326347493792e-66
3696,0.308464849354376,173.760659054777,3,7.76674015437282e-68
3697,0.309421329507413,173.807631160572,3,2.90302972754479e-68
3698,0.307412721186035,173.854603266368,3,2.28566575192707e-67
3699,0.303778096604495,173.901575372164,3,9.27977056371666e-66
3700,0.299665231946437,173.948547477959,3,5.85356011347738e-64
3701,0.294213295074127,173.995519583755,3,1.31890346378447e-61
3702,0.286944045911047,174.042491689551,3,1.58026853269476e-58
3703,0.278048780487805,174.089463795346,3,7.49830650679072e-55
3704,0.272692491630799,174.136435901142,3,1.09727690287271e-52
3705,0.264371114299378,174.183408006937,3,2.14838861784193e-49
3706,0.258153993304639,174.230380112733,3,5.41795739104252e-47
3707,0.251267336202774,174.277352218529,3,2.16836258373209e-44
3708,0.245624103299857,174.324324324324,3,2.64583316561187e-42
3709,0.235389765662362,174.37129643012,3,1.25501452452736e-38
3710,0.221616451458632,174.418268535916,3,6.57873598177135e-34
3711,0.210234337637494,174.465240641711,3,3.22048807050176e-30
3712,0.20468675274988,174.512212747507,3,1.70748793783897e-28
3713,0.204399808703969,174.559184853303,3,2.09016305501681e-28
3714,0.201626016260163,174.606156959098,2,1.45223952672673e-27
3715,0.199043519846963,174.653129064894,2,8.59306432224822e-27
3716,0.199139167862267,174.700101170689,2,8.04923153472874e-27
3717,0.203060736489718,174.747073276485,2,5.348167290398e-28
3718,0.208990913438546,174.794045382281,3,7.92089695230186e-30
3719,0.216068866571019,174.841017488076,3,4.37842666162954e-32
3720,0.220755619320899,174.887989593872,3,1.27076262964392e-33
3721,0.224868483978957,174.934961699668,3,5.34796666223849e-35
3722,0.229459588713534,174.981933805463,3,1.45714113386536e-36
3723,0.235772357723577,175.028905911259,3,9.19956412661179e-39
3724,0.240554758488761,175.075878017055,3,1.82383560865106e-40
3725,0.246676231468197,175.12285012285,3,1.08826895443514e-42
3726,0.253275944524151,175.169822228646,3,3.83240301854871e-45
3727,0.259684361549498,175.216794334441,3,1.40358685101065e-47
3728,0.263605930176949,175.263766440237,3,4.26951970726086e-49
3729,0.260832137733142,175.310738546033,3,5.07363242421058e-48
3730,0.260640841702535,175.357710651828,3,6.01297914209738e-48
3731,0.261597321855571,175.404682757624,3,2.56901906863687e-48
3732,0.26131037780966,175.45165486342,3,3.31655417967215e-48
3733,0.258919177427068,175.498626969215,3,2.76002863104454e-47
3734,0.255954088952654,175.545599075011,3,3.73068168429676e-46
3735,0.255571496891439,175.592571180806,3,5.21053223200397e-46
3736,0.256527977044476,175.639543286602,3,2.25835995847308e-46
3737,0.265423242467719,175.686515392398,3,8.3325245737532e-50
3738,0.2675274988044,175.733487498193,3,1.24128269069592e-50
3739,0.272692491630799,175.780459603989,3,1.09727690287271e-52
3740,0.279579148732664,175.827431709785,3,1.77672172228925e-55
3741,0.283022477283596,175.87440381558,3,6.78837242302854e-57
3742,0.285509325681492,175.921375921376,3,6.28691690800492e-58
3743,0.288283118125299,175.968348027172,3,4.33168442613624e-59
3744,0.290196078431373,176.015320132967,3,6.75711161448351e-60
3745,0.28857006217121,176.062292238763,3,3.28032919284297e-59
3746,0.287039693926351,176.109264344558,3,1.4409798870885e-58
3747,0.285222381635581,176.156236450354,3,8.28069607040352e-58
3748,0.283692013390722,176.20320855615,3,3.58369501725283e-57
3749,0.284839789574366,176.250180661945,3,1.19511705132218e-57
3750,0.289909134385462,176.297152767741,3,8.93491547686411e-60
3751,0.295743663318986,176.344124873537,3,2.90792535028073e-62
3752,0.300334768053563,176.391096979332,3,2.99144539439808e-64
3753,0.293830703012912,176.438069085128,3,1.92268011286546e-61
3754,0.29220468675275,176.485041190924,3,9.49597490028637e-61
3755,0.291343854615017,176.532013296719,3,2.20496802007711e-60
3756,0.290004782400765,176.578985402515,3,8.14064656214416e-60
3757,0.285126733620277,176.62595750831,3,9.07653508844084e-58
3758,0.283500717360115,176.672929614106,3,4.30185633511009e-57
3759,0.280822572931612,176.719901719902,3,5.48714167991184e-56
3760,0.276327116212339,176.766873825697,3,3.75778808189353e-54
3761,0.274318507890961,176.813845931493,3,2.43679562852451e-53
3762,0.268962219033955,176.860818037289,3,3.36387054534669e-51
3763,0.268101386896222,176.907790143084,3,7.36838580764121e-51
3764,0.272883787661406,176.95476224888,3,9.19619593976217e-53
3765,0.277761836441894,177.001734354676,3,9.81488562235979e-55
3766,0.28024868483979,177.048706460471,3,9.44278019503338e-56
3767,0.282257293161167,177.095678566267,3,1.40650038678473e-56
3768,0.281970349115256,177.142650672062,3,1.84752079113848e-56
3769,0.28675274988044,177.189622777858,3,1.90038740585985e-58
3770,0.276327116212339,177.236594883654,3,3.75778808189353e-54
3771,0.267144906743185,177.283566989449,3,1.75645375370547e-50
3772,0.256719273075084,177.330539095245,3,1.91000173745778e-46
3773,0.241798182687709,177.377511201041,3,6.50457071155411e-41
3774,0.224198947871832,177.424483306836,3,8.99185191133214e-35
3775,0.19713055954089,177.471455412632,2,3.15294184325713e-26
3776,0.169679579148733,177.518427518428,2,7.80359089986749e-19
3777,0.152558584409374,177.565399624223,2,7.08139462024347e-15
3778,0.132376853180297,177.612371730019,2,8.25666496350462e-11
3779,0.112769010043042,177.659343835814,2,1.86166366767144e-07
3780,0.105021520803443,177.70631594161,2,2.71713355682758e-06
3781,0.108847441415591,177.753288047406,2,7.42240909678102e-07
3782,0.126446676231468,177.800260153201,2,9.83023803936295e-10
3783,0.154662840746055,177.847232258997,2,2.45123335581278e-15
3784,0.175896700143472,177.894204364793,2,2.15585134952099e-20
3785,0.199713055954089,177.941176470588,2,5.43329757533198e-27
3786,0.207747489239598,177.988148576384,3,1.93703175370941e-29
3787,0.220851267336203,178.03512068218,3,1.18127072110282e-33
3788,0.232042085126734,178.082092787975,3,1.86331603135336e-37
3789,0.24208512673362,178.129064893771,3,5.12382580479078e-41
3790,0.252319464371114,178.176036999566,3,8.76061904266028e-45
3791,0.263701578192253,178.223009105362,3,3.91865151384826e-49
3792,0.271353419416547,178.269981211158,3,3.76679977356451e-52
3793,0.271544715447154,178.316953316953,3,3.15929014878909e-52
3794,0.273840267814443,178.363925422749,3,3.79640097179133e-53
3795,0.277092300334768,178.410897528545,3,1.83779947096271e-54
3796,0.278048780487805,178.45786963434,3,7.49830650679072e-55
3797,0.276709708273553,178.504841740136,3,2.628499268424e-54
3798,0.276901004304161,178.551813845932,3,2.19799223582373e-54
3799,0.279292204686753,178.598785951727,3,2.32861163118736e-55
3800,0.28206599713056,178.645758057523,3,1.68701032939302e-56
3801,0.282257293161167,178.692730163318,3,1.40650038678481e-56
3802,0.284839789574366,178.739702269114,3,1.19511705132218e-57
3803,0.288857006217121,178.78667437491,3,2.48355593542928e-59
3804,0.289717838354854,178.833646480705,3,1.0762640601438e-59
3805,0.289335246293639,178.880618586501,3,1.56112180670435e-59
3806,0.290196078431373,178.927590692297,3,6.75711161448351e-60
3807,0.292682926829268,178.974562798092,3,5.94124336197097e-61
3808,0.295934959349594,179.021534903888,3,2.40600174508581e-62
3809,0.303778096604495,179.068507009684,3,9.27977056371666e-66
3810,0.307604017216643,179.115479115479,3,1.8788252059718e-67
3811,0.311334289813486,179.162451221275,3,4.02308718811575e-69
3812,0.313438546150167,179.20942332707,3,4.51865762743009e-70
3813,0.311621233859397,179.256395432866,3,2.98820634389594e-69
3814,0.308273553323769,179.303367538662,3,9.45313177491242e-68
3815,0.308273553323769,179.350339644457,3,9.45313177491242e-68
3816,0.309230033476805,179.397311750253,3,3.53527057520951e-68
3817,0.304543280726925,179.444283856049,3,4.2687483869213e-66
3818,0.299186991869919,179.491255961844,3,9.4474313883787e-64
3819,0.294691535150646,179.53822806764,3,8.22876847657103e-62
3820,0.297178383548541,179.585200173435,3,7.00322355919803e-63
3821,0.300717360114778,179.632172279231,3,2.03719088959721e-64
3822,0.300334768053563,179.679144385027,3,2.99144539439808e-64
3823,0.294213295074127,179.726116490822,3,1.31890346378447e-61
3824,0.289909134385462,179.773088596618,3,8.93491547686411e-60
3825,0.292300334768054,179.820060702414,3,8.64629935598091e-61
3826,0.291822094691535,179.867032808209,3,1.38121397490497e-60
3827,0.290865614538498,179.914004914005,3,3.51766354246233e-60
3828,0.289813486370158,179.960977019801,3,9.80641860345186e-60
3829,0.290961262553802,180.007949125596,3,3.20410722900723e-60
3830,0.292874222859876,180.054921231392,3,4.92415160616673e-61
3831,0.295456719273075,180.101893337187,3,3.86302302108732e-62
3832,0.297178383548541,180.148865442983,3,7.00322355919803e-63
3833,0.296700143472023,180.195837548779,3,1.12637488596023e-62
3834,0.296700143472023,180.242809654574,3,1.12637488596023e-62
3835,0.295743663318986,180.28978176037,3,2.90792535028057e-62
3836,0.294308943089431,180.336753866166,3,1.2002191299155e-61
3837,0.292300334768054,180.383725971961,3,8.64629935598091e-61
3838,0.290578670492587,180.430698077757,3,4.65400275087131e-60
3839,0.289143950263032,180.477670183553,3,1.87986367503654e-59
3840,0.288665710186514,180.524642289348,3,2.98983922296168e-59
3841,0.29038737446198,180.571614395144,3,5.6081162218338e-60
3842,0.290674318507891,180.618586500939,3,4.23949467761563e-60
3843,0.295648015303682,180.665558606735,3,3.19675626264913e-62
3844,0.301578192252511,180.712530712531,3,8.5692066244441e-65
3845,0.305021520803443,180.759502818326,3,2.62511742744962e-66
3846,0.308943089430894,180.806474924122,3,4.74997742116589e-68
3847,0.311716881874701,180.853447029918,3,2.70606022140235e-69
3848,0.312290769966523,180.900419135713,3,1.49159795761416e-69
3849,0.317838354854137,180.947391241509,3,4.47848203404052e-72
3850,0.321855571496891,180.994363347305,3,6.303163990774e-74
3851,0.324342419894787,181.0413354531,3,4.39308604174436e-75
3852,0.324342419894787,181.088307558896,3,4.39308604174436e-75
3853,0.326351028216165,181.135279664691,3,5.04073545159185e-76
3854,0.332376853180297,181.182251770487,3,7.07059722365806e-79
3855,0.337733142037303,181.229223876283,3,1.87165312937645e-81
3856,0.340411286465806,181.276195982078,3,9.30652313535544e-83
3857,0.342228598756576,181.323168087874,3,1.19838201758139e-83
3858,0.34155906264945,181.37014019367,3,2.5533014210358e-83
3859,0.340315638450502,181.417112299465,3,1.03636106824082e-82
3860,0.335533237685318,181.464084405261,3,2.16510683418476e-80
3861,0.330081300813008,181.511056511057,3,8.75103892996884e-78
3862,0.325107604017217,181.558028616852,3,1.92840293296266e-75
3863,0.318986131037781,181.605000722648,3,1.33123694049111e-72
3864,0.314777618364419,181.651972828443,3,1.11630160738652e-70
3865,0.311716881874701,181.698944934239,3,2.70606022140235e-69
3866,0.305117168818747,181.745917040035,3,2.38167984547748e-66
3867,0.29765662362506,181.79288914583,3,4.35134029962081e-63
3868,0.291630798660928,181.839861251626,3,1.66552907289567e-60
3869,0.287326637972262,181.886833357422,3,1.09236960782839e-58
3870,0.281587757054041,181.933805463217,3,2.65680716443596e-56
3871,0.274318507890961,181.980777569013,3,2.43679562852437e-53
3872,0.267623146819704,182.027749674809,3,1.13802048892717e-50
3873,0.265901482544237,182.074721780604,3,5.41176411244565e-50
3874,0.259588713534194,182.1216938864,3,1.52752980226503e-47
3875,0.259110473457676,182.168665992195,3,2.33112471996644e-47
3876,0.265805834528934,182.215638097991,3,5.89996904460312e-50
3877,0.270109995217599,182.262610203787,3,1.17850036787334e-51
3878,0.267240554758489,182.309582309582,3,1.61050725004495e-50
3879,0.265997130559541,182.356554415378,3,4.96382340944485e-50
3880,0.269249163079866,182.403526521174,3,2.58892132941496e-51
3881,0.273840267814443,182.450498626969,3,3.79640097179133e-53
3882,0.277857484457198,182.497470732765,3,8.97269287251043e-55
3883,0.283022477283596,182.544442838561,3,6.78837242302854e-57
3884,0.285604973696796,182.591414944356,3,5.73506331563008e-58
3885,0.286274509803922,182.638387050152,3,3.01243640759353e-58
3886,0.288283118125299,182.685359155947,3,4.33168442613624e-59
3887,0.29220468675275,182.732331261743,3,9.49597490028583e-61
3888,0.295648015303682,182.779303367539,3,3.19675626264913e-62
3889,0.294117647058824,182.826275473334,3,1.4492853076806e-61
3890,0.29402199904352,182.87324757913,3,1.59251373623043e-61
3891,0.298804399808704,182.920219684926,3,1.38490395695833e-63
3892,0.30234337637494,182.967191790721,3,3.96138016193121e-65
3893,0.301004304160689,183.014163896517,3,1.52676664485848e-64
3894,0.301195600191296,183.061136002313,3,1.25952993342424e-64
3895,0.298613103778097,183.108108108108,3,1.67649766148309e-63
3896,0.292682926829268,183.155080213904,3,5.94124336197097e-61
3897,0.285126733620277,183.202052319699,3,9.07653508844084e-58
3898,0.279674796747967,183.249024425495,3,1.62344302134761e-55
3899,0.272788139646102,183.295996531291,3,1.00454183535944e-52
3900,0.267049258727881,183.342968637086,3,1.91557476375952e-50
3901,0.265040650406504,183.389940742882,3,1.17629653309155e-49
3902,0.26025824964132,183.436912848678,3,8.44287477815016e-48
3903,0.246676231468197,183.483884954473,3,1.08826895443514e-42
3904,0.233572453371593,183.530857060269,3,5.45251361587905e-38
3905,0.224581539933046,183.577829166064,3,6.68312696038146e-35
3906,0.210234337637494,183.62480127186,3,3.22048807050176e-30
3907,0.195121951219512,183.671773377656,2,1.21533224886129e-25
3908,0.190052606408417,183.718745483451,2,3.40555240150501e-24
3909,0.190817790530846,183.765717589247,2,2.07299841888074e-24
3910,0.192443806791009,183.812689695043,2,7.16211042369673e-25
3911,0.190722142515543,183.859661800838,2,2.20599305659757e-24
3912,0.189383070301291,183.906633906634,2,5.24780887349104e-24
3913,0.189000478240077,183.95360601243,2,6.71321402263169e-24
3914,0.192061214729794,184.000578118225,2,9.20581443167068e-25
3915,0.196843615494978,184.047550224021,2,3.82698008108844e-26
3916,0.200669536107126,184.094522329816,2,2.81402914380506e-27
3917,0.201626016260163,184.141494435612,2,1.45223952672673e-27
3918,0.203347680535629,184.188466541408,2,4.37545559419694e-28
3919,0.21195600191296,184.235438647203,3,9.17637107769121e-31
3920,0.219607843137255,184.282410752999,3,3.04498003265234e-33
3921,0.22831181252989,184.329382858795,3,3.60979271803716e-36
3922,0.236824485891918,184.37635496459,3,3.90673241033438e-39
3923,0.243041606886657,184.423327070386,3,2.30880645845806e-41
3924,0.244285031085605,184.470299176182,3,8.15643707926893e-42
3925,0.248015303682449,184.517271281977,3,3.49605459113193e-43
3926,0.25375418460067,184.564243387773,3,2.53217865815256e-45
3927,0.265518890483022,184.611215493568,3,7.64385397681775e-50
3928,0.278048780487805,184.658187599364,3,7.49830650679072e-55
3929,0.284839789574366,184.70515970516,3,1.19511705132218e-57
3930,0.297178383548541,184.752131810955,3,7.00322355919803e-63
3931,0.307890961262554,184.799103916751,3,1.39993910847568e-67
3932,0.310186513629842,184.846076022547,3,1.31855383946121e-68
3933,0.310282161645146,184.893048128342,3,1.19454053018341e-68
3934,0.314586322333812,184.940020234138,3,1.36354664632302e-70
3935,0.318029650884744,184.986992339934,3,3.65962947818004e-72
3936,0.31793400286944,185.033964445729,3,4.04846058693431e-72
3937,0.322716403634625,185.080936551525,3,2.51217879643278e-74
3938,0.32338593974175,185.12790865732,3,1.22645031591118e-74
3939,0.322525107604017,185.174880763116,3,3.08257794871626e-74
3940,0.322907699665232,185.221852868912,3,2.04709977256574e-74
3941,0.323672883787661,185.268824974707,3,9.01596605828357e-75
3942,0.321186035389766,185.315797080503,3,1.28711156996347e-73
3943,0.310760401721664,185.362769186299,3,7.28685250656637e-69
3944,0.300430416068867,185.409741292094,3,2.7176040054027e-64
3945,0.289909134385462,185.45671339789,3,8.93491547686411e-60
3946,0.275083692013391,185.503685503686,3,1.19710297865327e-53
3947,0.257293161166906,185.550657609481,3,1.15470906784113e-46
3948,0.244093735054998,185.597629715277,3,9.57535929010635e-42
3949,0.231468197034912,185.644601821072,3,2.94837785239934e-37
3950,0.216260162601626,185.691573926868,3,3.79510431731994e-32
3951,0.204878048780488,185.738546032664,3,1.49187828046864e-28
3952,0.200382592061215,185.785518138459,2,3.42935748662355e-27
3953,0.203156384505022,185.832490244255,2,5.00218488837229e-28
3954,0.210234337637494,185.879462350051,3,3.22048807050176e-30
3955,0.217694882831181,185.926434455846,3,1.29341612636016e-32
3956,0.222572931611669,185.973406561642,3,3.15624709657688e-34
3957,0.224294595887135,186.020378667438,3,8.34933063718174e-35
3958,0.223720707795313,186.067350773233,3,1.30207950023648e-34
3959,0.219416547106648,186.114322879029,3,3.52084518659024e-33
3960,0.215112386417982,186.161294984824,3,8.93198896551926e-32
3961,0.216068866571019,186.20826709062,3,4.37842666162954e-32
3962,0.215494978479197,186.255239196416,3,6.71838345017384e-32
3963,0.218460066953611,186.302211302211,3,7.26335241616182e-33
3964,0.219799139167862,186.349183408007,3,2.63309980737713e-33
3965,0.215877570540411,186.396155513803,3,5.05075647755893e-32
3966,0.210712577714012,186.443127619598,3,2.27475860921874e-30
3967,0.206025824964132,186.490099725394,3,6.61785471549884e-29
3968,0.204973696795791,186.53707183119,3,1.39443579307078e-28
3969,0.206886657101865,186.584043936985,3,3.58535896952568e-29
3970,0.204878048780488,186.631016042781,3,1.49187828046864e-28
3971,0.207077953132473,186.677988148576,3,3.12763281292319e-29
3972,0.209947393591583,186.724960254372,3,3.96586879732046e-30
3973,0.206886657101865,186.771932360168,3,3.58535896952568e-29
3974,0.198469631755141,186.818904465963,2,1.27110125423007e-26
3975,0.193591582974653,186.865876571759,2,3.36072304651421e-25
3976,0.195217599234816,186.912848677555,2,1.14011977202698e-25
3977,0.185652797704448,186.95982078335,2,5.64539572413271e-23
3978,0.180296508847441,187.006792889146,2,1.54878787000594e-21
3979,0.178670492587279,187.053764994941,2,4.13610393220779e-21
3980,0.182209469153515,187.100737100737,2,4.80997736107338e-22
3981,0.188330942132951,187.147709206533,2,1.03150965168643e-23
3982,0.196652319464371,187.194681312328,2,4.35381961689576e-26
3983,0.211764705882353,187.241653418124,3,1.05556805879018e-30
3984,0.225059780009565,187.28862552392,3,4.60887888537971e-35
3985,0.234720229555237,187.335597629715,3,2.15878575755257e-38
3986,0.240650406504065,187.382569735511,3,1.68506067999722e-40
3987,0.254328072692492,187.429541841307,3,1.53861876166532e-45
3988,0.26857962697274,187.476513947102,3,4.76764225371639e-51
3989,0.276805356288857,187.523486052898,3,2.40365868160536e-54
3990,0.283692013390722,187.570458158693,3,3.58369501725283e-57
3991,0.296700143472023,187.617430264489,3,1.12637488596023e-62
3992,0.309325681492109,187.664402370285,3,3.20363426556073e-68
3993,0.312290769966523,187.71137447608,3,1.49159795761416e-69
3994,0.319273075083692,187.758346581876,3,9.823558439523e-73
3995,0.321951219512195,187.805318687672,3,5.69136937513372e-74
3996,0.324533715925395,187.852290793467,3,3.576424918083e-75
3997,0.328455284552846,187.899262899263,3,5.1488323953679e-77
3998,0.331037780966045,187.946235005059,3,3.07376105755786e-78
3999,0.33792443806791,187.993207110854,3,1.51165660916851e-81
4000,0.350549976087996,188.04017921665,3,8.74982689979001e-88
4001,0.345576279292205,188.087151322445,3,2.66992436140122e-85
4002,0.347106647537064,188.134123428241,3,4.63329335431597e-86
4003,0.350549976087996,188.181095534037,3,8.74982689979001e-88
4004,0.353036824485892,188.228067639832,3,4.85299536087443e-89
4005,0.354088952654232,188.275039745628,3,1.41846606670106e-89
4006,0.350549976087996,188.322011851424,3,8.7498268997895e-88
4007,0.345576279292205,188.368983957219,3,2.66992436140122e-85
4008,0.340889526542324,188.415956063015,3,5.43221415051925e-83
4009,0.33868962219034,188.462928168811,3,6.42476499517631e-82
4010,0.33974175035868,188.509900274606,3,1.97507677155231e-82
4011,0.338020086083214,188.556872380402,3,1.35846372180171e-81
4012,0.333333333333333,188.603844486197,3,2.46663778515571e-79
4013,0.331898613103778,188.650816591993,3,1.19582420616896e-78
4014,0.330272596843615,188.697788697789,3,7.10035356736937e-78
4015,0.323864179818269,188.744760803584,3,7.34277661469553e-75
4016,0.315734098517456,188.79173290938,3,4.09855124515251e-71
4017,0.308656145384983,188.838705015176,3,6.38050440104671e-68
4018,0.301673840267814,188.885677120971,3,7.78205991428521e-65
4019,0.291248206599713,188.932649226767,3,2.42100586048703e-60
4020,0.280153036824486,188.979621332563,3,1.03359802229901e-55
4021,0.270779531324725,189.026593438358,3,6.38032620547476e-52
4022,0.254423720707795,189.073565544154,3,1.41588837641061e-45
4023,0.230703012912482,189.120537649949,3,5.42748277609585e-37
4024,0.211477761836442,189.167509755745,3,1.30196944208089e-30
4025,0.185174557627929,189.214481861541,2,7.62395731797399e-23
4026,0.165279770444763,189.261453967336,2,9.02730079843575e-18
4027,0.13974175035868,189.308426073132,2,3.20533266224714e-12
4028,0.119846963175514,189.355398178928,2,1.33922734589941e-08
4029,0.107508369201339,189.402370284723,2,1.17574227827525e-06
4030,0.101386896221903,189.449342390519,2,8.89179184156685e-06
4031,0.102821616451459,189.496314496315,2,5.59931384915819e-06
4032,0.106551889048302,189.54328660211,2,1.62682931016901e-06
4033,0.111621233859397,189.590258707906,2,2.80613789956605e-07
4034,0.120325203252033,189.637230813701,2,1.1139922852247e-08
4035,0.133046389287422,189.684202919497,2,6.19405623323048e-11
4036,0.144141559062649,189.731175025293,2,4.19847802378899e-13
4037,0.154184600669536,189.778147131088,2,3.12404596133135e-15
4038,0.167097082735533,189.825119236884,2,3.31385707508137e-18
4039,0.181731229076997,189.87209134268,2,6.45225152633036e-22
4040,0.192348158775705,189.919063448475,2,7.62641573434152e-25
4041,0.200860832137733,189.966035554271,2,2.46600919336252e-27
4042,0.214729794356767,190.013007660067,3,1.18687773554213e-31
4043,0.227355332376853,190.059979765862,3,7.66259150473814e-36
4044,0.234720229555237,190.106951871658,3,2.15878575755251e-38
4045,0.240746054519369,190.153923977453,3,1.55680113162482e-40
4046,0.243328550932568,190.200896083249,3,1.81672041606771e-41
4047,0.244093735054998,190.247868189045,3,9.57535929010663e-42
4048,0.24571975131516,190.29484029484,3,2.4408868753037e-42
4049,0.248206599713056,190.341812400636,3,2.97122053706143e-43
4050,0.251362984218077,190.388784506432,3,1.99714619526614e-44
4051,0.254901960784314,190.435756612227,3,9.33988311050432e-46
4052,0.259875657580105,190.482728718023,3,1.18495883501544e-47
4053,0.269823051171688,190.529700823819,3,1.53237146552244e-51
4054,0.280439980870397,190.576672929614,3,7.88064185663278e-56
4055,0.28962219033955,190.62364503541,3,1.18117889682261e-59
4056,0.295552367288379,190.670617141205,3,3.5141816399299e-62
4057,0.298804399808704,190.717589247001,3,1.38490395695833e-63
4058,0.302725968436155,190.764561352797,3,2.69165999466758e-65
4059,0.303873744619799,190.811533458592,3,8.42215914620169e-66
4060,0.303012912482066,190.858505564388,3,2.01385514302007e-65
4061,0.303873744619799,190.905477670184,3,8.42215914620169e-66
4062,0.302917264466762,190.952449775979,3,2.21838640415751e-65
4063,0.300334768053563,190.999421881775,3,2.99144539439808e-64
4064,0.299760879961741,191.04639398757,3,5.31871238626033e-64
4065,0.292300334768054,191.093366093366,3,8.64629935598091e-61
4066,0.285509325681492,191.140338199162,3,6.28691690800492e-58
4067,0.274892395982783,191.187310304957,3,1.43012157350355e-53
4068,0.261501673840268,191.234282410753,3,2.79738537291154e-48
4069,0.243041606886657,191.281254516549,3,2.30880645845806e-41
4070,0.22180774748924,191.328226622344,3,5.68140487942058e-34
4071,0.204112864658058,191.37519872814,2,2.55779558881485e-28
4072,0.194069823051172,191.422170833936,2,2.44810519514374e-25
4073,0.188617886178862,191.469142939731,2,8.58269463814051e-24
4074,0.189478718316595,191.516115045527,2,4.93400272244894e-24
4075,0.19167862266858,191.563087151322,2,1.18256642031657e-24
4076,0.196939263510282,191.610059257118,2,3.58777583847225e-26
4077,0.203730272596844,191.657031362914,2,3.34631431469324e-28
4078,0.213103778096604,191.704003468709,3,3.94975790157882e-31
4079,0.223816355810617,191.750975574505,3,1.20922300214587e-34
4080,0.232615973218556,191.797947680301,3,1.17633939169902e-37
4081,0.240363462458154,191.844919786096,3,2.13643254982493e-40
4082,0.244858919177427,191.891891891892,3,5.03785843681373e-42
4083,0.254710664753706,191.938863997688,3,1.10319420265329e-45
4084,0.265231946437111,191.985836103483,3,9.90079449803858e-50
4085,0.272022955523673,192.032808209279,3,2.03436453499355e-52
4086,0.275561932089909,192.079780315074,3,7.67052490408315e-54
4087,0.281492109038737,192.12675242087,3,2.90920141316453e-56
4088,0.288474414155906,192.173724526666,3,3.59894704022971e-59
4089,0.282926829268293,192.220696632461,3,7.43623174352155e-57
4090,0.284744141559063,192.267668738257,3,1.30983753403911e-57
4091,0.283692013390722,192.314640844053,3,3.58369501725283e-57
4092,0.282831181252989,192.361612949848,3,8.14570363668334e-57
4093,0.284457197513152,192.408585055644,3,1.72412603447796e-57
4094,0.287613582018173,192.45555716144,3,8.27898717623538e-59
4095,0.285796269727403,192.502529267235,3,4.77204484863603e-58
4096,0.280439980870397,192.549501373031,3,7.88064185663278e-56
4097,0.285509325681492,192.596473478826,3,6.28691690800492e-58
4098,0.279005260640842,192.643445584622,3,3.05119915785084e-55
4099,0.268388330942133,192.690417690418,3,5.67500239082287e-51
4100,0.254328072692492,192.737389796213,3,1.53861876166532e-45
4101,0.239598278335725,192.784361902009,3,4.01801865157447e-40
4102,0.218842659014825,192.831334007805,3,5.43883359897599e-33
4103,0.194261119081779,192.8783061136,2,2.1561392736472e-25
4104,0.176470588235294,192.925278219396,2,1.53592953673736e-20
4105,0.155236728837877,192.972250325192,2,1.83021520542237e-15
4106,0.126542324246772,193.019222430987,2,9.45449456931964e-10
4107,0.0854136776661884,193.066194536783,2,0.000943185440665524
4108,0.0513629842180775,193.113166642578,1,0.50391067889966
4109,0.0279292204686753,193.160138748374,1,0.922463369238795
4110,0.0155906264945002,193.20711085417,1,0.952754351448207
4111,0.012051649928264,193.254082959965,1,0.955109194659142
4112,0.013868962219034,193.301055065761,1,0.954152979745801
4113,0.0295552367288379,193.348027171557,1,0.914295658408691
4114,0.0586322333811573,193.394999277352,2,0.243062400183492
4115,0.106264945002391,193.441971383148,2,1.79217762058971e-06
4116,0.146341463414634,193.488943488944,2,1.48055849625127e-13
4117,0.17168818747011,193.535915594739,2,2.48878621554832e-19
4118,0.198469631755141,193.582887700535,2,1.27110125423007e-26
4119,0.227355332376853,193.62985980633,3,7.66259150473814e-36
4120,0.244571975131516,193.676831912126,3,6.41102865941217e-42
4121,0.256719273075084,193.723804017922,3,1.91000173745778e-46
4122,0.264466762314682,193.770776123717,3,1.97141023588139e-49
4123,0.274127211860354,193.817748229513,3,2.90987999781604e-53
4124,0.280153036824486,193.864720335309,3,1.03359802229901e-55
4125,0.282639885222382,193.911692441104,3,9.77339128957932e-57
4126,0.286370157819225,193.9586645469,3,2.74742514271777e-58
4127,0.295743663318986,194.005636652696,3,2.90792535028057e-62
4128,0.305308464849354,194.052608758491,3,1.9602780487584e-66
4129,0.307890961262554,194.099580864287,3,1.39993910847568e-67
4130,0.310569105691057,194.146552970082,3,8.88054365182263e-69
4131,0.314012434241989,194.193525075878,3,2.48343069076186e-70
4132,0.316499282639885,194.240497181674,3,1.83509172396786e-71
4133,0.316690578670493,194.287469287469,3,1.50070804656093e-71
4134,0.314777618364419,194.334441393265,3,1.11630160738652e-70
4135,0.310473457675753,194.381413499061,3,9.80328738031704e-69
4136,0.306934481109517,194.428385604856,3,3.72927127323857e-67
4137,0.299378287900526,194.475357710652,3,7.80173369624899e-64
4138,0.300430416068867,194.522329816447,3,2.7176040054027e-64
4139,0.286465805834529,194.569301922243,3,2.50566083211928e-58
4140,0.269249163079866,194.616274028039,3,2.58892132941496e-51
4141,0.251841224294596,194.663246133834,3,1.32318642939951e-44
4142,0.218747010999522,194.71021823963,3,5.84701530751408e-33
4143,0.183452893352463,194.757190345426,2,2.23136957386516e-22
4144,0.168340506934481,194.804162451221,2,1.65711228577498e-18
4145,0.146724055475849,194.851134557017,2,1.23290596276816e-13
4146,0.133620277379244,194.898106662813,2,4.83540179667225e-11
4147,0.120899091343855,194.945078768608,2,8.92190386050726e-09
4148,0.110473457675753,194.992050874404,2,4.21039107795801e-07
4149,0.093065518890483,195.039022980199,2,0.000112859056133119
4150,0.0736489717838355,195.085995085995,2,0.0163477107102944
4151,0.0595887135341942,195.132967191791,2,0.213966835816445
4152,0.0448589191774271,195.179939297586,1,0.708925640288186
4153,0.0513629842180775,195.226911403382,1,0.50391067889966
4154,0.0432329029172645,195.273883509178,1,0.747590885633503
4155,0.0306073648971784,195.320855614973,1,0.908194687120674
4156,0.021999043519847,195.367827720769,1,0.942461323272834
4157,0.0175992348158776,195.414799826565,1,0.950461182056934
4158,0.0131037780966045,195.46177193236,1,0.954618655134888
4159,0.00851267336202774,195.508744038156,1,0.955536709830008
4160,0.00784313725490196,195.555716143951,1,0.955408766907968
4161,0.0070779531324725,195.602688249747,1,0.95518041967829
4162,0.0048780487804878,195.649660355543,1,0.954022468607141
4163,0.00497369679579149,195.696632461338,1,0.954088742045422
4164,0.00688665710186514,195.743604567134,1,0.955109512388868
4165,0.00736489717838355,195.79057667293,1,0.955276381454451
4166,0.00602582496413199,195.837548778725,1,0.95472103612365
4167,0.00430416068866571,195.884520884521,1,0.953593338003389
4168,0.00411286465805835,195.931492990317,1,0.953438145337937
4169,0.00506934481109517,195.978465096112,1,0.954153532039849
4170,0.0070779531324725,196.025437201908,1,0.95518041967829
4171,0.00746054519368723,196.072409307703,1,0.955305606904833
4172,0.0100430416068867,196.119381413499,1,0.955579875640495
4173,0.0212338593974175,196.166353519295,1,0.944190353793943
4174,0.0428503108560497,196.21332562509,1,0.755930955957555
4175,0.0658058345289335,196.260297730886,2,0.0792434235590177
4176,0.078909612625538,196.307269836682,2,0.00486822412069172
4177,0.107604017216643,196.354241942477,2,1.13797578920171e-06
4178,0.126733620277379,196.401214048273,2,8.74470391443158e-10
4179,0.14701099952176,196.448186154069,2,1.07438017894508e-13
4180,0.160593017694883,196.495158259864,2,1.12889244975361e-16
4181,0.171879483500717,196.54213036566,2,2.23028562349614e-19
4182,0.182209469153515,196.589102471455,2,4.80997736107338e-22
4183,0.191774270683883,196.636074577251,2,1.11085890359141e-24
4184,0.200191296030607,196.683046683047,2,3.91192922103915e-27
4185,0.206695361071258,196.730018788842,3,4.10950685267775e-29
4186,0.212147297943568,196.776990894638,3,7.97623603377128e-31
4187,0.221903395504543,196.823963000434,3,5.27949255346016e-34
4188,0.229363940698231,196.870935106229,3,1.5718252847669e-36
4189,0.235772357723577,196.917907212025,3,9.19956412661179e-39
4190,0.239311334289813,196.964879317821,3,5.08955789927263e-40
4191,0.240076518412243,197.011851423616,3,2.7080231773508e-40
4192,0.239598278335725,197.058823529412,3,4.01801865157447e-40
4193,0.24026781444285,197.105795635207,3,2.31218472325971e-40
4194,0.231850789096126,197.152767741003,3,2.17154881491754e-37
4195,0.221999043519847,197.199739846799,3,4.9058602012317e-34
4196,0.21453849832616,197.246711952594,3,1.36788660649265e-31
4197,0.203347680535629,197.29368405839,2,4.37545559419694e-28
4198,0.181444285031086,197.340656164186,2,7.69233482691732e-22
4199,0.15428024868484,197.387628269981,2,2.9763233813805e-15
4200,0.1350549976088,197.434600375777,2,2.59041708439734e-11
4201,0.0984218077474892,197.481572481572,2,2.26059361969857e-05
4202,0.0837876614060258,197.528544587368,2,0.00144209708188506
4203,0.0681013868962219,197.575516693164,2,0.0515715555629862
4204,0.0513629842180775,197.622488798959,1,0.50391067889966
4205,0.0363462458153993,197.669460904755,1,0.859648502654116
4206,0.0314681970349115,197.716433010551,1,0.902664050189997
4207,0.0305117168818747,197.763405116346,1,0.908778264782836
4208,0.026207556193209,197.810377222142,1,0.929676518912956
4209,0.0274509803921569,197.857349327938,1,0.924604530004929
4210,0.0228598756575801,197.904321433733,1,0.940319579882643
4211,0.0268770923003348,197.951293539529,1,0.927031147993987
4212,0.0420851267336203,197.998265645324,1,0.771774704952609
4213,0.0513629842180775,198.04523775112,1,0.50391067889966
4214,0.0527977044476327,198.092209856916,2,0.450887896367216
4215,0.0649450023912004,198.139181962711,2,0.0923551467385972
4216,0.0856049736967958,198.186154068507,2,0.00089667543331774
4217,0.103012912482066,198.233126174303,2,5.26161397763508e-06
4218,0.122238163558106,198.280098280098,2,5.29081613274171e-09
4219,0.148158775705404,198.327070385894,2,6.17703942411731e-14
4220,0.168818747011,198.37404249169,2,1.26734411553682e-18
4221,0.18000956480153,198.421014597485,2,1.84336926165865e-21
4222,0.188809182209469,198.467986703281,2,7.59118365702614e-24
4223,0.200765184122429,198.514958809076,2,2.63432536944286e-27
4224,0.210712577714012,198.561930914872,3,2.27475860921874e-30
4225,0.215016738402678,198.608903020668,3,9.59033553470122e-32
4226,0.224581539933046,198.655875126463,3,6.68312696038146e-35
4227,0.233859397417504,198.702847232259,3,4.32683000314135e-38
4228,0.239311334289813,198.749819338055,3,5.08955789927263e-40
4229,0.24208512673362,198.79679144385,3,5.12382580479078e-41
4230,0.248493543758967,198.843763549646,3,2.32744789744575e-43
4231,0.258727881396461,198.890735655442,3,3.26749285206786e-47
4232,0.266092778574845,198.937707761237,3,4.55283726777104e-50
4233,0.270588235294118,198.984679867033,3,7.60396438564769e-52
4234,0.273744619799139,199.031651972828,3,4.14808725110691e-53
4235,0.276327116212339,199.078624078624,3,3.75778808189353e-54
4236,0.275466284074605,199.12559618442,3,8.38512509659452e-54
4237,0.276518412242946,199.172568290215,3,3.14299173131705e-54
4238,0.278335724533716,199.219540396011,3,5.72712869661017e-55
4239,0.274605451936872,199.266512501807,3,1.86701667616071e-53
4240,0.267718794835007,199.313484607602,3,1.04332068924147e-50
4241,0.263032042085127,199.360456713398,3,7.13818537259844e-49
4242,0.255380200860832,199.407428819194,3,6.15684399567774e-46
4243,0.246963175514108,199.454400924989,3,8.53606866543249e-43
4244,0.24285031085605,199.501373030785,3,2.70848435099607e-41
4245,0.239789574366332,199.54834513658,3,3.43166596017517e-40
4246,0.236537541846007,199.595317242376,3,4.93633988667156e-39
4247,0.231563845050215,199.642289348172,3,2.73148515852615e-37
4248,0.228790052606408,199.689261453967,3,2.47485401306011e-36
4249,0.235007173601148,199.736233559763,3,1.71131553249842e-38
4250,0.237015781922525,199.783205665559,3,3.34213420146716e-39
4251,0.240746054519369,199.830177771354,3,1.55680113162482e-40
4252,0.247919655667145,199.87714987715,3,3.79211820950991e-43
4253,0.253275944524151,199.924121982946,3,3.83240301854871e-45
4254,0.254997608799617,199.971094088741,3,8.59346736785286e-46
4255,0.261119081779053,200.018066194537,3,3.9316515557155e-48
4256,0.272022955523673,200.065038300332,3,2.03436453499355e-52
4257,0.280439980870397,200.112010406128,3,7.88064185663278e-56
4258,0.285509325681492,200.158982511924,3,6.28691690800492e-58
4259,0.287039693926351,200.205954617719,3,1.4409798870885e-58
4260,0.287709230033477,200.252926723515,3,7.54785031982477e-59
4261,0.286561453849833,200.299898829311,3,2.28511012957881e-58
4262,0.282639885222382,200.346870935106,3,9.77339128957932e-57
4263,0.274127211860354,200.393843040902,3,2.90987999781604e-53
4264,0.263605930176949,200.440815146698,3,4.26951970726086e-49
4265,0.254519368723099,200.487787252493,3,1.30291225954495e-45
4266,0.24648493543759,200.534759358289,3,1.27936639500861e-42
4267,0.237015781922525,200.581731464084,3,3.34213420146716e-39
4268,0.230989956958393,200.62870356988,3,4.31830623273311e-37
4269,0.228503108560497,200.675675675676,3,3.10418781239407e-36
4270,0.228790052606408,200.722647781471,3,2.47485401306011e-36
4271,0.230416068866571,200.769619887267,3,6.81974910067236e-37
4272,0.232424677187948,200.816591993063,3,1.37141215993724e-37
4273,0.231181252989,200.863564098858,3,3.70731576692498e-37
4274,0.233955045432807,200.910536204654,3,4.00561306233391e-38
4275,0.239598278335725,200.957508310449,3,4.01801865157447e-40
4276,0.246867527498804,201.004480416245,3,9.25612863591706e-43
4277,0.252893352462936,201.051452522041,3,5.3362861053022e-45
4278,0.258249641319943,201.098424627836,3,4.98036880899323e-47
4279,0.259780009564802,201.145396733632,3,1.28966569449501e-47
4280,0.259971305595409,201.192368839428,3,1.08872360682598e-47
4281,0.259397417503587,201.239340945223,3,1.80906954007886e-47
4282,0.263414634146341,201.286313051019,3,5.06790794627887e-49
4283,0.267910090865615,201.333285156815,3,8.7683599533237e-51
4284,0.270492587278814,201.38025726261,3,8.30082470830018e-52
4285,0.273457675753228,201.427229368406,3,5.41010532075861e-53
4286,0.277187948350072,201.474201474201,3,1.68041571845711e-54
4287,0.277761836441894,201.521173579997,3,9.81488562235979e-55
4288,0.276135820181731,201.568145685793,3,4.49236459483352e-54
4289,0.277283596365375,201.615117791588,3,1.53646887909918e-54
4290,0.275179340028694,201.662089897384,3,1.09519991995961e-53
4291,0.275179340028694,201.70906200318,3,1.09519991995965e-53
4292,0.274701099952176,201.756034108975,3,1.7083153458935e-53
4293,0.273170731707317,201.803006214771,3,7.05438518454554e-53
4294,0.273266379722621,201.849978320567,3,6.45732956784025e-53
4295,0.272788139646102,201.896950426362,3,1.00454183535944e-52
4296,0.270492587278814,201.943922532158,3,8.30082470830018e-52
4297,0.274127211860354,201.990894637953,3,2.90987999781604e-53
4298,0.26857962697274,202.037866743749,3,4.76764225371639e-51
4299,0.264371114299378,202.084838849545,3,2.14838861784193e-49
4300,0.26571018651363,202.13181095534,3,6.4320431001715e-50
4301,0.266188426590148,202.178783061136,3,4.17576715091166e-50
4302,0.261406025824964,202.225755166932,3,3.04596954204253e-48
4303,0.254615016738403,202.272727272727,3,1.19891802061908e-45
4304,0.2493543758967,202.319699378523,3,1.11703889389211e-43
4305,0.240076518412243,202.366671484319,3,2.7080231773508e-40
4306,0.234433285509326,202.413643590114,3,2.72255135271032e-38
4307,0.227164036346246,202.46061569591,3,8.90427114861698e-36
4308,0.218364418938307,202.507587801705,3,7.80747407932463e-33
4309,0.210616929698709,202.554559907501,3,2.43871889083666e-30
4310,0.20545193687231,202.601532013297,3,9.94253501811769e-29
4311,0.195982783357245,202.648504119092,2,6.82998975611919e-26
4312,0.1818268770923,202.695476224888,2,6.08457135436255e-22
4313,0.165566714490674,202.742448330684,2,7.71268729486162e-18
4314,0.144237207077953,202.789420436479,2,4.01390896438867e-13
4315,0.1168818747011,202.836392542275,2,4.12039804492628e-08
4316,0.0982305117168819,202.883364648071,2,2.39833535022009e-05
4317,0.0868483978957437,202.930336753866,2,0.000643448842007864
4318,0.078909612625538,202.977308859662,2,0.00486822412069172
4319,0.0802486848397896,203.024280965457,2,0.00351630784984761
4320,0.0912482065997131,203.071253071253,2,0.000190366637551024
4321,0.109421329507413,203.118225177049,2,6.08274683450031e-07
4322,0.130942132950741,203.165197282844,2,1.52050948939438e-10
4323,0.153132472501196,203.21216938864,2,5.31084932512993e-15
4324,0.172166427546628,203.259141494436,2,1.89148154271311e-19
4325,0.191869918699187,203.306113600231,2,1.04346077788805e-24
4326,0.211477761836442,203.353085706027,3,1.30196944208089e-30
4327,0.231085604973697,203.400057811823,3,4.00122421398372e-37
4328,0.247728359636538,203.447029917618,3,4.46121527793017e-43
4329,0.259014825442372,203.494002023414,3,2.53656166702757e-47
4330,0.266188426590148,203.540974129209,3,4.17576715091166e-50
4331,0.272501195600191,203.587946235005,3,1.30911514121022e-52
4332,0.275944524151124,203.634918340801,3,5.36996392905753e-54
4333,0.280726924916308,203.681890446596,3,6.00713486699593e-56
4334,0.285031085604974,203.728862552392,3,9.94859548469443e-58
4335,0.287326637972262,203.775834658188,3,1.09236960782839e-58
4336,0.284839789574366,203.822806763983,3,1.19511705132218e-57
4337,0.289048302247728,203.869778869779,3,2.06278415575223e-59
4338,0.281874701099952,203.916750975575,3,2.02324911989698e-56
4339,0.276709708273553,203.96372308137,3,2.628499268424e-54
4340,0.273266379722621,204.010695187166,3,6.45732956784025e-53
4341,0.265231946437111,204.057667292961,3,9.90079449803858e-50
4342,0.253945480631277,204.104639398757,3,2.14496705930778e-45
4343,0.240554758488761,204.151611504553,3,1.82383560865106e-40
4344,0.226781444285031,204.198583610348,3,1.20195263686344e-35
4345,0.208799617407939,204.245555716144,3,9.09253669913611e-30
4346,0.18000956480153,204.29252782194,2,1.84336926165865e-21
4347,0.147489239598278,204.339499927735,2,8.53594463421334e-14
4348,0.12778574844572,204.386472033531,2,5.67984677396914e-10
4349,0.113821138211382,204.433444139327,2,1.27289254074965e-07
4350,0.0998565279770445,204.480416245122,2,1.44478242764145e-05
4351,0.0892395982783357,204.527388350918,2,0.000334743810674875
4352,0.0851267336202774,204.574360456713,2,0.00101726531763909
4353,0.0708751793400287,204.621332562509,2,0.0295658298375658
4354,0.0588235294117647,204.668304668305,2,0.237080817576245
4355,0.0464849354375897,204.7152767741,1,0.664929337161574
4356,0.0363462458153993,204.762248879896,1,0.859648502654116
4357,0.0263032042085127,204.809220985692,1,0.929310383414971
4358,0.0145384983261597,204.856193091487,1,0.953667997179018
4359,0.00755619320899091,204.903165197283,1,0.955333455804902
4360,0.00554758488761358,204.950137303078,1,0.95445542602985
4361,0.00267814442850311,204.997109408874,1,0.952073512770321
4362,0.00306073648971784,205.04408151467,1,0.952472797738588
4363,0.00267814442850311,205.091053620465,1,0.952073512770321
4364,0.00286944045911047,205.138025726261,1,0.952276445343583
4365,0.00267814442850311,205.184997832057,1,0.952073512770321
4366,0.00306073648971784,205.231969937852,1,0.952472797738588
4367,0.0032520325203252,205.278942043648,1,0.952662640499045
4368,0.0038259206121473,205.325914149444,1,0.953193779761961
4369,0.0021999043519847,205.372886255239,1,0.951536907506801
4370,0.00191296030607365,205.419858361035,1,0.951194481724563
4371,0.00181731229076997,205.46683046683,1,0.951076868294995
4372,0.00191296030607365,205.513802572626,1,0.951194481724563
4373,0.00191296030607365,205.560774678422,1,0.951194481724563
4374,0.00200860832137733,205.607746784217,1,0.95131035242488
4375,0.00191296030607365,205.654718890013,1,0.951194481724563
4376,0.00277379244380679,205.701690995809,1,0.952175806085199
4377,0.00468675274988044,205.748663101604,1,0.953885447826499
4378,0.00554758488761358,205.7956352074,1,0.95445542602985
4379,0.0106169296987088,205.842607313196,1,0.955506817609582
4380,0.0257293161166906,205.889579418991,1,0.931450548133731
4381,0.0497369679579149,205.936551524787,1,0.561702614827461
4382,0.0837876614060258,205.983523630582,2,0.00144209708188506
4383,0.118220946915352,206.030495736378,2,2.48980024743887e-08
4384,0.141846006695361,206.077467842174,2,1.22296500933394e-12
4385,0.172931611669058,206.124439947969,2,1.21699287500463e-19
4386,0.190052606408417,206.171412053765,2,3.40555240150501e-24
4387,0.21453849832616,206.218384159561,3,1.36788660649265e-31
4388,0.233285509325681,206.265356265356,3,6.86926370100178e-38
4389,0.24830224772836,206.312328371152,3,2.7390202172235e-43
4390,0.260927785748446,206.359300476948,3,4.66032348835969e-48
4391,0.271927307508369,206.406272582743,3,2.22169348590364e-52
4392,0.277857484457197,206.453244688539,3,8.97269287251094e-55
4393,0.281779053084649,206.500216794334,3,2.2156329680044e-56
4394,0.285891917742707,206.54718890013,3,4.35281610561876e-58
4395,0.289813486370158,206.594161005926,3,9.80641860345186e-60
4396,0.293830703012912,206.641133111721,3,1.92268011286546e-61
4397,0.296508847441416,206.688105217517,3,1.36193308278237e-62
4398,0.298613103778097,206.735077323313,3,1.676497661483e-63
4399,0.301195600191296,206.782049429108,3,1.25952993342424e-64
4400,0.304065040650407,206.829021534904,3,6.93682750848118e-66
4401,0.309134385461502,206.8759936407,3,3.90113221655041e-68
4402,0.312003825920612,206.922965746495,3,2.00931274855345e-69
4403,0.314873266379723,206.969937852291,3,1.00999589940186e-70
4404,0.316594930655189,207.016909958086,3,1.65952163184919e-71
4405,0.317168818747011,207.063882063882,3,9.07162078889281e-72
4406,0.316499282639885,207.110854169678,3,1.83509172396786e-71
4407,0.313438546150167,207.157826275473,3,4.51865762743009e-70
4408,0.31142993782879,207.204798381269,3,3.64352350478936e-69
4409,0.302821616451459,207.251770487065,3,2.44362476797395e-65
4410,0.300334768053563,207.29874259286,3,2.99144539439808e-64
4411,0.292491630798661,207.345714698656,3,7.16765277604174e-61
4412,0.277283596365375,207.392686804452,3,1.53646887909918e-54
4413,0.261692969870875,207.439658910247,3,2.35923195593166e-48
4414,0.247632711621234,207.486631016043,3,4.83861232937827e-43
4415,0.235868005738881,207.533603121838,3,8.5116868775771e-39
4416,0.228216164514586,207.580575227634,3,3.8925122106682e-36
4417,0.227546628407461,207.62754733343,3,6.59327065384488e-36
4418,0.223912003825921,207.674519439225,3,1.1229541011869e-34
4419,0.222190339550454,207.721491545021,3,4.23565724792651e-34
4420,0.224390243902439,207.768463650817,3,7.75248474013788e-35
4421,0.227546628407461,207.815435756612,3,6.59327065384488e-36
4422,0.227450980392157,207.862407862408,3,7.10795703104355e-36
4423,0.221520803443329,207.909379968204,3,7.07889711370832e-34
4424,0.215208034433286,207.956352073999,3,8.3185657706064e-32
4425,0.201434720229555,208.003324179795,2,1.65813677942238e-27
4426,0.193400286944046,208.05029628559,2,3.81383126810745e-25
4427,0.194069823051172,208.097268391386,2,2.44810519514374e-25
4428,0.197034911525586,208.144240497182,2,3.36340024432439e-26
4429,0.194261119081779,208.191212602977,2,2.1561392736472e-25
4430,0.196652319464371,208.238184708773,2,4.35381961689576e-26
4431,0.201434720229555,208.285156814569,2,1.65813677942238e-27
4432,0.199808703969393,208.332128920364,2,5.08815380907519e-27
4433,0.200860832137733,208.37910102616,2,2.46600919336252e-27
4434,0.20286944045911,208.426073131956,2,6.11293042949868e-28
4435,0.204304160688666,208.473045237751,2,2.23575361414812e-28
4436,0.204017216642755,208.520017343547,2,2.73567142045347e-28
4437,0.205164992826399,208.566989449342,3,1.21810112765192e-28
4438,0.20832137733142,208.613961555138,3,1.28293133700544e-29
4439,0.211573409851746,208.660933660934,3,1.21407002110393e-30
4440,0.21195600191296,208.707905766729,3,9.17637107769108e-31
4441,0.214155906264945,208.754877872525,3,1.81621960394982e-31
4442,0.217503586800574,208.801849978321,3,1.49365505318662e-32
4443,0.222094691535151,208.848822084116,3,4.55852885414802e-34
4444,0.226781444285031,208.895794189912,3,1.20195263686344e-35
4445,0.230224772835964,208.942766295707,3,7.93994840193478e-37
4446,0.231085604973697,208.989738401503,3,4.00122421398372e-37
4447,0.229746532759445,209.036710507299,3,1.16069062501014e-36
4448,0.225920612147298,209.083682613094,3,2.35652950192016e-35
4449,0.223051171688187,209.13065471889,3,2.1836465942135e-34
4450,0.220468675274988,209.177626824686,3,1.58171430859477e-33
4451,0.216068866571019,209.224598930481,3,4.37842666162954e-32
4452,0.20832137733142,209.271571036277,3,1.28293133700544e-29
4453,0.203825920612147,209.318543142073,2,3.12906360565144e-28
4454,0.202295552367288,209.365515247868,2,9.12040385739357e-28
4455,0.204112864658058,209.412487353664,2,2.55779558881485e-28
4456,0.207460545193687,209.459459459459,3,2.37904608343531e-29
4457,0.208990913438546,209.506431565255,3,7.92089695230186e-30
4458,0.212625538020086,209.553403671051,3,5.61517982642544e-31
4459,0.219033955045433,209.600375776846,3,4.70552041844814e-33
4460,0.227164036346246,209.647347882642,3,8.90427114861698e-36
4461,0.236346245815399,209.694319988438,3,5.768599713607e-39
4462,0.246389287422286,209.741292094233,3,1.38709504726995e-42
4463,0.254901960784314,209.788264200029,3,9.33988311050432e-46
4464,0.260449545671927,209.835236305825,3,7.12546947271678e-48
4465,0.260162601626016,209.88220841162,3,9.18990835944506e-48
4466,0.26207556193209,209.929180517416,3,1.67751644849975e-48
4467,0.258919177427068,209.976152623211,3,2.76002863104454e-47
4468,0.25298900047824,210.023124729007,3,4.91263984014991e-45
4469,0.250023912003826,210.070096834803,3,6.3013519759764e-44
4470,0.250789096126255,210.117068940598,3,3.270118034388e-44
4471,0.246676231468197,210.164041046394,3,1.08826895443514e-42
4472,0.239885222381636,210.21101315219,3,3.17126904495088e-40
4473,0.222094691535151,210.257985257985,3,4.55852885414802e-34
4474,0.217216642754663,210.304957363781,3,1.85316627332757e-32
4475,0.208990913438546,210.351929469577,3,7.92089695230186e-30
4476,0.198278335724534,210.398901575372,2,1.44787710583112e-26
4477,0.186513629842181,210.445873681168,2,3.2794182460943e-23
4478,0.179818268770923,210.492845786963,2,2.06988092224555e-21
4479,0.178670492587279,210.539817892759,2,4.13610393220779e-21
4480,0.180966044954567,210.586789998555,2,1.03033817805821e-21
4481,0.186609277857484,210.63376210435,2,3.08677375618968e-23
4482,0.19273075083692,210.680734210146,2,5.93070098503396e-25
4483,0.201052128168341,210.727706315942,2,2.16072073695925e-27
4484,0.206312769010043,210.774678421737,3,5.39664770284104e-29
4485,0.208799617407939,210.821650527533,3,9.09253669913611e-30
4486,0.212816834050693,210.868622633329,3,4.87853456336607e-31
4487,0.219512195121951,210.915594739124,3,3.27433058353641e-33
4488,0.224964131994261,210.96256684492,3,4.96476381873882e-35
4489,0.232711621233859,211.009538950715,3,1.0894215438708e-37
4490,0.241224294595887,211.056511056511,3,1.04745975662797e-40
4491,0.248206599713056,211.103483162307,3,2.97122053706143e-43
4492,0.252702056432329,211.150455268102,3,6.29581340875787e-45
4493,0.259110473457676,211.197427373898,3,2.33112471996644e-47
4494,0.260736489717838,211.244399479694,3,5.52344726432098e-48
4495,0.258249641319943,211.291371585489,3,4.98036880899323e-47
4496,0.255858440937351,211.338343691285,3,4.05582664518049e-46
4497,0.248206599713056,211.385315797081,3,2.97122053706143e-43
4498,0.233381157340985,211.432287902876,3,6.36040834293299e-38
4499,0.218364418938307,211.479260008672,3,7.80747407932463e-33
4500,0.215016738402678,211.526232114467,3,9.59033553470122e-32
4501,0.218747010999522,211.573204220263,3,5.84701530751408e-33
4502,0.221425155428025,211.620176326059,3,7.61684738878491e-34
4503,0.232520325203252,211.667148431854,3,1.27015480187209e-37
4504,0.249067431850789,211.71412053765,3,1.42707434212136e-43
4505,0.251076040172166,211.761092643446,3,2.55587884940549e-44
4506,0.257675753228121,211.808064749241,3,8.25143425532345e-47
4507,0.263605930176949,211.855036855037,3,4.26951970726086e-49
4508,0.268197034911526,211.902008960833,3,6.7543240420354e-51
4509,0.272883787661406,211.948981066628,3,9.19619593976217e-53
4510,0.275083692013391,211.995953172424,3,1.19710297865327e-53
4511,0.276231468197035,212.042925278219,3,4.10874730621471e-54
4512,0.280153036824486,212.089897384015,3,1.03359802229901e-55
4513,0.281109516977523,212.136869489811,3,4.18131738866794e-56
4514,0.286848397895744,212.183841595606,3,1.73297501120167e-58
4515,0.294213295074127,212.230813701402,3,1.31890346378447e-61
4516,0.299952175992348,212.277785807198,3,4.39080857227029e-64
4517,0.301386896221903,212.324757912993,3,1.0389575717914e-64
4518,0.300813008130081,212.371730018789,3,1.85050528347757e-64
4519,0.300143472022956,212.418702124585,3,3.62439923349834e-64
4520,0.299186991869919,212.46567423038,3,9.4474313883787e-64
4521,0.2987087517934,212.512646336176,3,1.52376189334463e-63
4522,0.296604495456719,212.559618441971,3,1.23858313409532e-62
4523,0.29220468675275,212.606590547767,3,9.49597490028637e-61
4524,0.286083213773314,212.653562653563,3,3.62132274857317e-58
4525,0.278240076518412,212.700534759358,3,6.26552212187566e-55
4526,0.266092778574845,212.747506865154,3,4.55283726777104e-50
4527,0.250980392156863,212.79447897095,3,2.77476732243372e-44
4528,0.239598278335725,212.841451076745,3,4.01801865157447e-40
4529,0.22467718794835,212.888423182541,3,6.20482101237669e-35
4530,0.212529890004782,212.935395288336,3,6.02392122159638e-31
4531,0.187948350071736,212.982367394132,2,1.31738408405921e-23
4532,0.161071257771401,213.029339499928,2,8.75713809815644e-17
4533,0.139072214251554,213.076311605723,2,4.34095428985555e-12
4534,0.125011956001913,213.123283711519,2,1.75703130061367e-09
4535,0.113821138211382,213.170255817315,2,1.27289254074965e-07
4536,0.106838833094213,213.21722792311,2,1.4763127241344e-06
4537,0.0994739359158297,213.264200028906,2,1.62911686964736e-05
4538,0.0997608799617408,213.311172134702,2,1.48888328794602e-05
4539,0.101769488283118,213.358144240497,2,7.86561181494408e-06
4540,0.107508369201339,213.405116346293,2,1.17574227827525e-06
4541,0.118029650884744,213.452088452088,2,2.67660608282118e-08
4542,0.133046389287422,213.499060557884,2,6.19405623323048e-11
4543,0.152558584409374,213.54603266368,2,7.08139462024347e-15
4544,0.168818747011,213.593004769475,2,1.26734411553682e-18
4545,0.18622668579627,213.639976875271,2,3.93165531767947e-23
4546,0.193304638928742,213.686948981067,2,4.06257849518637e-25
4547,0.204878048780488,213.733921086862,3,1.49187828046864e-28
4548,0.216738402678144,213.780893192658,3,2.65303671901235e-32
4549,0.225538020086083,213.827865298454,3,3.17600427773454e-35
4550,0.234050693448111,213.874837404249,3,3.7081352646896e-38
4551,0.242180774748924,213.921809510045,3,4.73182332156635e-41
4552,0.248206599713056,213.96878161584,3,2.97122053706143e-43
4553,0.258345289335246,214.015753721636,3,4.57799862664024e-47
4554,0.258345289335246,214.062725827432,3,4.57799862664024e-47
4555,0.260162601626016,214.109697933227,3,9.18990835944506e-48
4556,0.263510282161645,214.156670039023,3,4.6516787514716e-49
4557,0.261788617886179,214.203642144819,3,2.16651771196705e-48
4558,0.257580105212817,214.250614250614,3,8.97496771012121e-47
4559,0.254615016738403,214.29758635641,3,1.19891802061908e-45
4560,0.254423720707795,214.344558462206,3,1.41588837641053e-45
4561,0.246293639406982,214.391530568001,3,1.50385323427482e-42
4562,0.245050215208034,214.438502673797,3,4.28941056084797e-42
4563,0.243041606886657,214.485474779592,3,2.30880645845806e-41
4564,0.240937350549976,214.532446885388,3,1.32871415660311e-40
4565,0.237876614060258,214.579418991184,3,1.6533138617572e-39
4566,0.234720229555237,214.626391096979,3,2.15878575755251e-38
4567,0.233668101386896,214.673363202775,3,5.04816707618679e-38
4568,0.23558106169297,214.720335308571,3,1.0745657679694e-38
4569,0.235007173601148,214.767307414366,3,1.71131553249842e-38
4570,0.229746532759445,214.814279520162,3,1.16069062501014e-36
4571,0.221903395504543,214.861251625958,3,5.27949255346016e-34
4572,0.210999521759923,214.908223731753,3,1.84573247780211e-30
4573,0.196939263510282,214.955195837549,2,3.58777583847225e-26
4574,0.17819225251076,215.002167943344,2,5.5103300781728e-21
4575,0.162410329985653,215.04914004914,2,4.28107037674586e-17
4576,0.155141080822573,215.096112154936,2,1.92170131455505e-15
4577,0.139454806312769,215.143084260731,2,3.65094937880368e-12
4578,0.130272596843616,215.190056366527,2,2.01681485759401e-10
4579,0.121186035389766,215.237028472323,2,7.9810086798835e-09
4580,0.11506456241033,215.284000578118,2,8.08166524791966e-08
4581,0.10856049736968,215.330972683914,2,8.19559643403245e-07
4582,0.100143472022956,215.37794478971,2,1.31991149639025e-05
4583,0.090674318507891,215.424916895505,2,0.000224001621913012
4584,0.0813964610234338,215.471889001301,2,0.00264669105548845
4585,0.0736489717838355,215.518861107096,2,0.0163477107102944
4586,0.0780487804878049,215.565833212892,2,0.005979414280792
4587,0.0788139646102343,215.612805318688,2,0.00498139846512289
4588,0.0831181252989,215.659777424483,2,0.00171290380074744
4589,0.0996652319464371,215.706749530279,2,1.53428140545455e-05
4590,0.12415112386418,215.753721636075,2,2.48088248328439e-09
4591,0.149402199904352,215.80069374187,2,3.37316329583876e-14
4592,0.167957914873266,215.847665847666,2,2.052293398122e-18
4593,0.187374461979914,215.894637953462,2,1.89925975623479e-23
4594,0.191009086561454,215.941610059257,2,1.83037530803527e-24
4595,0.194835007173601,215.988582165053,2,1.47174591984953e-25
4596,0.198947871831659,216.035554270848,2,9.17330882625932e-27
4597,0.205356288857006,216.082526376644,3,1.06391675542341e-28
4598,0.211095169775227,216.12949848244,3,1.72140940179641e-30
4599,0.216451458632233,216.176470588235,3,3.28907230259803e-32
4600,0.217886178861789,216.223442694031,3,1.11987837281796e-32
4601,0.227929220468675,216.270414799827,3,4.87972542636919e-36
4602,0.225155428024868,216.317386905622,3,4.27837458783239e-35
4603,0.22831181252989,216.364359011418,3,3.60979271803716e-36
4604,0.238067910090866,216.411331117214,3,1.41348957042967e-39
4605,0.249641319942611,216.458303223009,3,8.74142714605726e-44
4606,0.257388809182209,216.505275328805,3,1.06170646713209e-46
4607,0.263701578192253,216.5522474346,3,3.91865151384826e-49
4608,0.26857962697274,216.599219540396,3,4.76764225371639e-51
4609,0.271831659493066,216.646191646192,3,2.42620726456406e-52
4610,0.274318507890961,216.693163751987,3,2.43679562852437e-53
4611,0.27661406025825,216.740135857783,3,2.87429500880169e-54
4612,0.275274988043998,216.787107963579,3,1.00194459355284e-53
4613,0.276901004304161,216.834080069374,3,2.19799223582373e-54
4614,0.281970349115256,216.88105217517,3,1.84752079113848e-56
4615,0.287422285987566,216.928024280965,3,9.95979442592079e-59
4616,0.291630798660928,216.974996386761,3,1.66552907289567e-60
4617,0.298039215686275,217.021968492557,3,2.97217424388598e-63
4618,0.302439024390244,217.068940598352,3,3.59672638120572e-65
4619,0.30416068866571,217.115912704148,3,6.29523780434329e-66
4620,0.303873744619799,217.162884809944,3,8.42215914620169e-66
4621,0.308943089430894,217.209856915739,3,4.74997742116589e-68
4622,0.316212338593974,217.256829021535,3,2.48091158151637e-71
4623,0.314490674318508,217.303801127331,3,1.5069419164154e-70
4624,0.308273553323769,217.350773233126,3,9.45313177491242e-68
4625,0.305691056910569,217.397745338922,3,1.32753581541981e-66
4626,0.286561453849833,217.444717444717,3,2.28511012957881e-58
4627,0.268483978957437,217.491689550513,3,5.20164455558639e-51
4628,0.250884744141559,217.538661656309,3,3.01231899474041e-44
4629,0.224964131994261,217.585633762104,3,4.96476381873882e-35
4630,0.199904351984696,217.6326058679,2,4.76476342658624e-27
4631,0.178096604495457,217.679577973696,2,5.83507857019701e-21
4632,0.162123385939742,217.726550079491,2,4.99347310156298e-17
4633,0.157723577235772,217.773522185287,2,5.0881726966055e-16
4634,0.147489239598278,217.820494291083,2,8.53594463421334e-14
4635,0.138498326159732,217.867466396878,2,5.62252367000381e-12
4636,0.136585365853659,217.914438502674,2,1.32055687161651e-11
4637,0.138880918220947,217.961410608469,2,4.73249640509015e-12
4638,0.143089430894309,218.008382714265,2,6.86944052280801e-13
4639,0.151123864179818,218.055354820061,2,1.44616434886978e-14
4640,0.157819225251076,218.102326925856,2,4.84150397690017e-16
4641,0.174940219990435,218.149299031652,2,3.78231436752167e-20
4642,0.180966044954567,218.196271137448,2,1.03033817805821e-21
4643,0.188809182209469,218.243243243243,2,7.59118365702614e-24
4644,0.19349593495935,218.290215349039,2,3.58018217899568e-25
4645,0.198565279770445,218.337187454835,2,1.19091499283019e-26
4646,0.204399808703969,218.38415956063,3,2.09016305501681e-28
4647,0.211382113821138,218.431131666426,3,1.39618630183818e-30
4648,0.216738402678144,218.478103772221,3,2.65303671901235e-32
4649,0.227355332376853,218.525075878017,3,7.66259150473814e-36
4650,0.231659493065519,218.572047983813,3,2.53047364709788e-37
4651,0.238833094213295,218.619020089608,3,7.54305294267502e-40
4652,0.241606886657102,218.665992195404,3,7.62501030760842e-41
4653,0.239693926351028,218.7129643012,3,3.71333925108901e-40
4654,0.23921568627451,218.759936406995,3,5.5065315543629e-40
4655,0.247154471544715,218.806908512791,3,7.25903427457119e-43
4656,0.256719273075084,218.853880618587,3,1.91000173745778e-46
4657,0.261119081779053,218.900852724382,3,3.9316515557155e-48
4658,0.266666666666667,218.947824830178,3,2.70914441840967e-50
4659,0.271640363462458,218.994796935973,3,2.89321418183711e-52
4660,0.272309899569584,219.041769041769,3,1.56168355140189e-52
4661,0.270588235294118,219.088741147565,3,7.60396438564769e-52
4662,0.268483978957437,219.13571325336,3,5.20164455558639e-51
4663,0.266092778574845,219.182685359156,3,4.55283726777104e-50
4664,0.264084170253467,219.229657464952,3,2.78003508587801e-49
4665,0.262553802008608,219.276629570747,3,1.09464567385924e-48
4666,0.264466762314682,219.323601676543,3,1.97141023588139e-49
4667,0.266857962697274,219.370573782339,3,2.27818471475963e-50
4668,0.269440459110473,219.417545888134,3,2.17393770212526e-51
4669,0.274318507890961,219.46451799393,3,2.43679562852437e-53
4670,0.277474892395983,219.511490099725,3,1.28440827488207e-54
4671,0.273075083692013,219.558462205521,3,7.70643972627727e-53
4672,0.266857962697274,219.605434311317,3,2.27818471475963e-50
4673,0.261119081779053,219.652406417112,3,3.9316515557155e-48
4674,0.254232424677188,219.699378522908,3,1.67194193465327e-45
4675,0.245241511238642,219.746350628704,3,3.65174885007567e-42
4676,0.23845050215208,219.793322734499,3,1.03280597575134e-39
4677,0.233285509325681,219.840294840295,3,6.86926370100178e-38
4678,0.229459588713534,219.887266946091,3,1.45714113386536e-36
4679,0.228120516499283,219.934239051886,3,4.19724913278003e-36
4680,0.229746532759445,219.981211157682,3,1.16069062501014e-36
4681,0.236441893830703,220.028183263477,3,5.33634570956265e-39
4682,0.240554758488761,220.075155369273,3,1.82383560865106e-40
4683,0.243519846963176,220.122127475069,3,1.54820226320385e-41
4684,0.245528455284553,220.169099580864,3,2.8679078060895e-42
4685,0.246771879483501,220.21607168666,3,1.00366511465142e-42
4686,0.248684839789574,220.263043792456,3,1.97750120262299e-43
4687,0.25011956001913,220.310015898251,3,5.80586220325618e-44
4688,0.249736967957915,220.356988004047,3,8.05495493254436e-44
4689,0.251267336202774,220.403960109843,3,2.16836258373209e-44
4690,0.249450023912004,220.450932215638,3,1.02940182771714e-43
4691,0.246580583452893,220.497904321434,3,1.17997175289196e-42
4692,0.238354854136777,220.544876427229,3,1.11713525073777e-39
4693,0.225729316116691,220.591848533025,3,2.73591914762126e-35
4694,0.21013868962219,220.638820638821,3,3.45203504192153e-30
4695,0.187565758010521,220.685792744616,2,1.68148096429231e-23
4696,0.167479674796748,220.732764850412,2,2.67917759936255e-18
4697,0.152175992348159,220.779736956208,2,8.57296659455041e-15
4698,0.144428503108561,220.826709062003,2,3.66839495146274e-13
4699,0.133142037302726,220.873681167799,2,5.94410373793155e-11
4700,0.126733620277379,220.920653273594,2,8.74470391443158e-10
4701,0.122716403634625,220.96762537939,2,4.38343630082078e-09
4702,0.11611669057867,221.014597485186,2,5.47939992366117e-08
4703,0.111238641798183,221.061569590981,2,3.21416668021046e-07
4704,0.111812529890005,221.108541696777,2,2.62147801280789e-07
4705,0.118316594930655,221.155513802573,2,2.4012297833908e-08
4706,0.119368723098996,221.202485908368,2,1.60871628728797e-08
4707,0.119655667144907,221.249458014164,2,1.44127217547379e-08
4708,0.119081779053085,221.29643011996,2,1.79509743032289e-08
4709,0.116594930655189,221.343402225755,2,4.58633571868694e-08
4710,0.115255858440937,221.390374331551,2,7.53252426894948e-08
4711,0.114395026303204,221.437346437346,2,1.03282184540988e-07
4712,0.114395026303204,221.484318543142,2,1.03282184540988e-07
4713,0.116307986609278,221.531290648938,2,5.10349540281175e-08
4714,0.122046867527499,221.578262754733,2,5.70306874902747e-09
4715,0.125777140124342,221.625234860529,2,1.29019175543657e-09
4716,0.124342419894787,221.672206966325,2,2.29831062030573e-09
4717,0.117168818747011,221.71917907212,2,3.70073263426514e-08
4718,0.109899569583931,221.766151177916,2,5.14850790323711e-07
4719,0.102439024390244,221.813123283712,2,6.33870325675575e-06
4720,0.0998565279770445,221.860095389507,2,1.44478242764145e-05
4721,0.0959349593495935,221.907067495303,2,4.82881204858096e-05
4722,0.0946915351506456,221.954039601098,2,7.00066747127798e-05
4723,0.0963175514108082,222.001011706894,2,4.30267924277315e-05
4724,0.103969392635103,222.04798381269,2,3.84777433109222e-06
4725,0.1168818747011,222.094955918485,2,4.12039804492628e-08
4726,0.133620277379244,222.141928024281,2,4.83540179667225e-11
4727,0.147297943567671,222.188900130077,2,9.35959672702228e-14
4728,0.154854136776662,222.235872235872,2,2.22407334065164e-15
4729,0.163653754184601,222.282844341668,2,2.1892595799899e-17
4730,0.170062171209947,222.329816447464,2,6.28478433583627e-19
4731,0.176087996174079,222.376788553259,2,1.92575073882908e-20
4732,0.178861788617886,222.423760659055,2,3.68675746851471e-21
4733,0.179626972740316,222.47073276485,2,2.32388134622014e-21
4734,0.18364418938307,222.517704870646,2,1.98157163138042e-22
4735,0.191965566714491,222.564676976442,2,9.80115445712713e-25
4736,0.199617407938785,222.611649082237,2,5.80164452995247e-27
4737,0.197895743663319,222.658621188033,2,1.87778446853409e-26
4738,0.200478240076518,222.705593293829,2,3.21070402076744e-27
4739,0.203252032520325,222.752565399624,2,4.67841958700759e-28
4740,0.207843137254902,222.79953750542,3,1.80863788864558e-29
4741,0.215016738402678,222.846509611216,3,9.59033553470122e-32
4742,0.224007651841224,222.893481717011,3,1.04280793360919e-34
4743,0.232615973218556,222.940453822807,3,1.17633939169899e-37
4744,0.236920133907221,222.987425928602,3,3.61347447008208e-39
4745,0.239406982305117,223.034398034398,3,4.70402550914532e-40
4746,0.235485413677666,223.081370140194,3,1.16130722806794e-38
4747,0.232042085126734,223.128342245989,3,1.86331603135336e-37
4748,0.229459588713534,223.175314351785,3,1.45714113386536e-36
4749,0.224007651841224,223.222286457581,3,1.04280793360919e-34
4750,0.215303682448589,223.269258563376,3,7.74701937534682e-32
4751,0.211477761836442,223.316230669172,3,1.30196944208089e-30
4752,0.211382113821138,223.363202774968,3,1.39618630183818e-30
4753,0.214347202295552,223.410174880763,3,1.57629530474296e-31
4754,0.217312290769967,223.457146986559,3,1.72467356408363e-32
4755,0.22104256336681,223.504119092354,3,1.02065463767156e-33
4756,0.223433763749402,223.55109119815,3,1.62536525422874e-34
4757,0.223338115734099,223.598063303946,3,1.74996282683029e-34
4758,0.22104256336681,223.645035409741,3,1.02065463767156e-33
4759,0.2181731229077,223.692007515537,3,9.02019807489995e-33
4760,0.216834050693448,223.738979621333,3,2.46947891148043e-32
4761,0.214442850310856,223.785951727128,3,1.46842213738824e-31
4762,0.215399330463893,223.832923832924,3,7.2145085070059e-32
4763,0.219129603060737,223.879895938719,3,4.37661182892547e-33
4764,0.221999043519847,223.926868044515,3,4.9058602012317e-34
4765,0.224294595887135,223.973840150311,3,8.34933063718174e-35
4766,0.223912003825921,224.020812256106,3,1.1229541011869e-34
4767,0.226398852223816,224.067784361902,3,1.62168829952742e-35
4768,0.228981348637016,224.114756467698,3,2.12758082424118e-36
4769,0.234241989478718,224.161728573493,3,3.17753958376043e-38
4770,0.240650406504065,224.208700679289,3,1.68506067999722e-40
4771,0.245145863223338,224.255672785085,3,3.95781330270146e-42
4772,0.247919655667145,224.30264489088,3,3.79211820950991e-43
4773,0.250693448110952,224.349616996676,3,3.54988246564829e-44
4774,0.250406504065041,224.396589102471,3,4.54039929155566e-44
4775,0.251554280248685,224.443561208267,3,1.69406487963479e-44
4776,0.25480631276901,224.490533314063,3,1.01508549332196e-45
4777,0.258058345289335,224.537505419858,3,5.89383398236198e-47
4778,0.258919177427068,224.584477525654,3,2.76002863104454e-47
4779,0.261119081779053,224.63144963145,3,3.9316515557155e-48
4780,0.263223338115734,224.678421737245,3,6.01494491106964e-49
4781,0.259684361549498,224.725393843041,3,1.40358685101065e-47
4782,0.257006217120995,224.772365948837,3,1.48527275424106e-46
4783,0.260449545671927,224.819338054632,3,7.12546947271678e-48
4784,0.267049258727881,224.866310160428,3,1.91557476375952e-50
4785,0.270109995217599,224.913282266223,3,1.17850036787334e-51
4786,0.274605451936872,224.960254372019,3,1.86701667616071e-53
4787,0.278527020564323,225.007226477815,3,4.78477548497522e-55
4788,0.278909612625538,225.05419858361,3,3.33865778925468e-55
4789,0.280918220946915,225.101170689406,3,5.01202693613505e-56
4790,0.281013868962219,225.148142795202,3,4.5779289681108e-56
4791,0.275274988043998,225.195114900997,3,1.00194459355284e-53
4792,0.268101386896222,225.242087006793,3,7.36838580764121e-51
4793,0.260066953610713,225.289059112589,3,1.00027698971058e-47
4794,0.245337159253945,225.336031218384,3,3.36925911400094e-42
4795,0.233572453371593,225.38300332418,3,5.45251361587905e-38
4796,0.221903395504543,225.429975429975,3,5.27949255346016e-34
4797,0.208895265423242,225.476947535771,3,8.48666551655189e-30
4798,0.202008608321377,225.523919641567,2,1.11349555624555e-27
4799,0.183548541367767,225.570891747362,2,2.10280376970934e-22
4800,0.155619320899091,225.617863853158,2,1.50529114241588e-15
4801,0.135246293639407,225.664835958954,2,2.38226260465829e-11
4802,0.110186513629842,225.711808064749,2,4.656549452542e-07
4803,0.0857006217120995,225.758780170545,2,0.00087424521584164
4804,0.0714490674318508,225.805752276341,2,0.0262287691058378
4805,0.0659014825442372,225.852724382136,2,0.0778849648612863
4806,0.0723098995695839,225.899696487932,2,0.0218542943081009
4807,0.0858919177427068,225.946668593727,2,0.000830973319753653
4808,0.0940219990435198,225.993640699523,2,8.53145731168886e-05
4809,0.113534194165471,226.040612805319,2,1.41249803109289e-07
4810,0.140124342419895,226.087584911114,2,2.69338556944414e-12
4811,0.164992826398852,226.13455701691,2,1.05626463438799e-17
4812,0.178287900526064,226.181529122706,2,5.20346310693633e-21
4813,0.190722142515543,226.228501228501,2,2.20599305659757e-24
4814,0.207173601147776,226.275473334297,3,2.9210225644456e-29
4815,0.222190339550454,226.322445440093,3,4.23565724792651e-34
4816,0.231850789096126,226.369417545888,3,2.17154881491754e-37
4817,0.235102821616451,226.416389651684,3,1.58372050637772e-38
4818,0.24026781444285,226.463361757479,3,2.31218472325971e-40
4819,0.241606886657102,226.510333863275,3,7.62501030760842e-41
4820,0.236346245815399,226.557305969071,3,5.768599713607e-39
4821,0.229363940698231,226.604278074866,3,1.5718252847669e-36
4822,0.214155906264945,226.651250180662,3,1.81621960394982e-31
4823,0.187470109995218,226.698222286458,2,1.78708938287766e-23
4824,0.163271162123386,226.745194392253,2,2.69269043703537e-17
4825,0.131898613103778,226.792166498049,2,1.01285892600972e-10
4826,0.104351984696318,226.839138603845,2,3.39201981276775e-06
4827,0.0661884265901483,226.88611070964,2,0.0739235457860647
4828,0.034050693448111,226.933082815436,1,0.882662811405051
4829,0.0170253467240555,226.980054921231,1,0.951193475122238
4830,0.0109995217599235,227.027027027027,1,0.955430945711834
4831,0.0158775705404113,227.073999132823,1,0.952471965284061
4832,0.0242945958871353,227.120971238618,1,0.936242217730768
4833,0.034624581539933,227.167943344414,1,0.877420981455456
4834,0.0384505021520803,227.21491545021,1,0.833116100171064
4835,0.0479196556671449,227.261887556005,1,0.621745778938085
4836,0.0586322333811573,227.308859661801,2,0.243062400183492
4837,0.064753706360593,227.355831767596,2,0.0954920002393223
4838,0.0596843615494978,227.402803873392,2,0.211172126739366
4839,0.0472501195600191,227.449775979188,1,0.642392674938163
4840,0.0349115255858441,227.496748084983,1,0.874678180464982
4841,0.0293639406982305,227.543720190779,1,0.915332613375693
4842,0.034337637494022,227.590692296575,1,0.880081748140055
4843,0.0410329985652798,227.63766440237,1,0.791805168522412
4844,0.0459110473457676,227.684636508166,1,0.681067874797698
4845,0.0491630798660928,227.731608613962,1,0.581251541356344
4846,0.0505021520803443,227.778580719757,1,0.53490343861531
4847,0.0501195600191296,227.825552825553,1,0.548401140694072
4848,0.0499282639885222,227.872524931348,1,0.555077462859874
4849,0.0613103778096604,227.919497037144,2,0.167062927875478
4850,0.0688665710186514,227.96646914294,2,0.0444056964591201
4851,0.074988043998087,228.013441248735,2,0.0121362559631571
4852,0.0818747010999522,228.060413354531,2,0.00234789161578254
4853,0.0940219990435198,228.107385460327,2,8.53145731168886e-05
4854,0.113629842180775,228.154357566122,2,1.36438311555568e-07
4855,0.138593974175036,228.201329671918,2,5.3857003016711e-12
4856,0.159349593495935,228.248301777714,2,2.17599643120367e-16
4857,0.172070779531325,228.295273883509,2,1.99834562265479e-19
4858,0.177235772357724,228.342245989305,2,9.75320641717424e-21
4859,0.186896221903395,228.3892180951,2,2.57354267267644e-23
4860,0.196078431372549,228.436190200896,2,6.40519092644573e-26
4861,0.201434720229555,228.483162306692,2,1.65813677942238e-27
4862,0.204017216642755,228.530134412487,2,2.73567142045347e-28
4863,0.211095169775227,228.577106518283,3,1.72140940179641e-30
4864,0.218077474892396,228.624078624079,3,9.69500739808072e-33
4865,0.226303204208513,228.671050729874,3,1.74765091315381e-35
4866,0.237302725968436,228.71802283567,3,2.64390610350384e-39
4867,0.248493543758967,228.764994941466,3,2.32744789744575e-43
4868,0.252702056432329,228.811967047261,3,6.29581340875787e-45
4869,0.25375418460067,228.858939153057,3,2.53217865815256e-45
4870,0.255667144906743,228.905911258852,3,4.79320862132265e-46
4871,0.25662362505978,228.952883364648,3,2.0769180519233e-46
4872,0.256336681013869,228.999855470444,3,2.6699638484621e-46
4873,0.255380200860832,229.046827576239,3,6.15684399567774e-46
4874,0.257101865136298,229.093799682035,3,1.36575705903792e-46
4875,0.260545193687231,229.140771787831,3,6.54572046976211e-48
4876,0.263223338115734,229.187743893626,3,6.01494491106964e-49
4877,0.263510282161645,229.234715999422,3,4.6516787514716e-49
4878,0.265518890483022,229.281688105218,3,7.64385397681775e-50
4879,0.271927307508369,229.328660211013,3,2.22169348590364e-52
4880,0.278622668579627,229.375632316809,3,4.37327222636042e-55
4881,0.283500717360115,229.422604422604,3,4.30185633511009e-57
4882,0.281396461023434,229.4695765284,3,3.185488035129e-56
4883,0.279579148732664,229.516548634196,3,1.77672172228925e-55
4884,0.277474892395983,229.563520739991,3,1.28440827488207e-54
4885,0.275274988043998,229.610492845787,3,1.00194459355284e-53
4886,0.277092300334768,229.657464951583,3,1.83779947096271e-54
4887,0.28493543758967,229.704437057378,3,1.09041518261718e-57
4888,0.294117647058824,229.751409163174,3,1.4492853076806e-61
4889,0.293639406982305,229.79838126897,3,2.32105030746744e-61
4890,0.29583931133429,229.845353374765,3,2.645120074197e-62
4891,0.29507412721186,229.892325480561,3,5.63928144828747e-62
4892,0.290865614538498,229.939297586356,3,3.51766354246233e-60
4893,0.286561453849833,229.986269692152,3,2.28511012957881e-58
4894,0.283883309421329,230.033241797948,3,2.98510713977539e-57
4895,0.278909612625538,230.080213903743,3,3.33865778925468e-55
4896,0.274509803921569,230.127186009539,3,2.04040678875835e-53
4897,0.272788139646102,230.174158115335,3,1.00454183535944e-52
4898,0.267336202773792,230.22113022113,3,1.47664806890879e-50
4899,0.260545193687231,230.268102326926,3,6.54572046976211e-48
4900,0.255284552845528,230.315074432722,3,6.69234703313995e-46
4901,0.251554280248685,230.362046538517,3,1.69406487963479e-44
4902,0.248397895743663,230.409018644313,3,2.5248965954483e-43
4903,0.246867527498804,230.455990750108,3,9.25612863591706e-43
4904,0.245624103299857,230.502962855904,3,2.64583316561187e-42
4905,0.255380200860832,230.5499349617,3,6.15684399567774e-46
4906,0.258919177427068,230.596907067495,3,2.76002863104454e-47
4907,0.265040650406504,230.643879173291,3,1.17629653309155e-49
4908,0.270588235294118,230.690851279087,3,7.60396438564769e-52
4909,0.27403156384505,230.737823384882,3,3.17969653473786e-53
4910,0.274988043998087,230.784795490678,3,1.30845270635642e-53
4911,0.280344332855093,230.831767596473,3,8.62653762517702e-56
4912,0.284648493543759,230.878739702269,3,1.43553192477077e-57
4913,0.29220468675275,230.925711808065,3,9.49597490028583e-61
4914,0.292395982783357,230.97268391386,3,7.87244076272929e-61
4915,0.29220468675275,231.019656019656,3,9.49597490028583e-61
4916,0.294308943089431,231.066628125452,3,1.2002191299155e-61
4917,0.295265423242468,231.113600231247,3,4.66765458687907e-62
4918,0.296700143472023,231.160572337043,3,1.12637488596023e-62
4919,0.300143472022956,231.207544442839,3,3.62439923349834e-64
4920,0.302725968436155,231.254516548634,3,2.69165999466758e-65
4921,0.307030129124821,231.30148865443,3,3.38162233404907e-67
4922,0.301099952175992,231.348460760225,3,1.3867443072053e-64
4923,0.295361071257771,231.395432866021,3,4.24637943262703e-62
4924,0.290674318507891,231.442404971817,3,4.23949467761563e-60
4925,0.283405069344811,231.489377077612,3,4.71303847111304e-57
4926,0.270492587278814,231.536349183408,3,8.30082470830018e-52
4927,0.251267336202774,231.583321289204,3,2.16836258373209e-44
4928,0.235102821616451,231.630293394999,3,1.58372050637772e-38
4929,0.210329985652798,231.677265500795,3,3.00437119160858e-30
4930,0.181731229076997,231.724237606591,2,6.45225152633036e-22
4931,0.151793400286944,231.771209712386,2,1.03731602253603e-14
4932,0.132089909134385,231.818181818182,2,9.33454583122877e-11
4933,0.120899091343855,231.865153923977,2,8.92190386050726e-09
4934,0.110569105691057,231.912126029773,2,4.07112229390892e-07
4935,0.0978479196556672,231.959098135569,2,2.69847656969522e-05
4936,0.0852223816355811,232.006070241364,2,0.000991979291037792
4937,0.0858919177427068,232.05304234716,2,0.000830973319753653
4938,0.0937350549976088,232.100014452956,2,9.28159707751326e-05
4939,0.106551889048302,232.146986558751,2,1.62682931016901e-06
4940,0.118220946915352,232.193958664547,2,2.48980024743887e-08
4941,0.125585844093735,232.240930770343,2,1.39402017729765e-09
4942,0.134098517455763,232.287902876138,2,3.93032655828906e-11
4943,0.149689143950263,232.334874981934,2,2.93129051276441e-14
4944,0.164705882352941,232.381847087729,2,1.23552167280777e-17
4945,0.176566236250598,232.428819193525,2,1.45135687032834e-20
4946,0.190148254423721,232.475791299321,2,3.20107321656862e-24
4947,0.204878048780488,232.522763405116,3,1.49187828046864e-28
4948,0.218268770923003,232.569735510912,3,8.39209142891734e-33
4949,0.23481587757054,232.616707616708,3,1.99800053147182e-38
4950,0.244093735054998,232.663679722503,3,9.57535929010635e-42
4951,0.237111429937829,232.710651828299,3,3.09108076340446e-39
4952,0.222477283596365,232.757623934095,3,3.39725827905677e-34
4953,0.207173601147776,232.80459603989,3,2.9210225644456e-29
4954,0.165853658536585,232.851568145686,2,6.58742978832912e-18
4955,0.12233381157341,232.898540251481,2,5.09575878819156e-09
4956,0.0818747010999522,232.945512357277,2,0.00234789161578254
4957,0.0502152080344333,232.992484463073,1,0.545044440433009
4958,0.0274509803921569,233.039456568868,1,0.924604530004929
4959,0.0111908177905308,233.086428674664,1,0.955384822976341
4960,0.00946915351506456,233.13340078046,1,0.95560422617676
4961,0.00698230511716882,233.180372886255,1,0.955145661295884
4962,0.00497369679579149,233.227344992051,1,0.954088742045422
4963,0.00535628885700622,233.274317097847,1,0.954339057934195
4964,0.0139646102343376,233.321289203642,1,0.954088176985749
4965,0.0313725490196078,233.368261309438,1,0.903304067582638
4966,0.0604495456719273,233.415233415233,2,0.189602744605424
4967,0.1012912482066,233.462205521029,2,9.16787934537113e-06
4968,0.13610712577714,233.509177626825,2,1.63149099562386e-11
4969,0.160306073648972,233.55614973262,2,1.31415666207279e-16
4970,0.178479196556671,233.603121838416,2,4.63953087523797e-21
4971,0.199426111908178,233.650093944212,2,6.6142320063118e-27
4972,0.214155906264945,233.697066050007,3,1.81621960394982e-31
4973,0.223912003825921,233.744038155803,3,1.1229541011869e-34
4974,0.236920133907221,233.791010261599,3,3.61347447008208e-39
4975,0.252510760401722,233.837982367394,3,7.42706258946753e-45
4976,0.264084170253467,233.88495447319,3,2.78003508587801e-49
4977,0.278718316594931,233.931926578985,3,3.997052795952e-55
4978,0.28024868483979,233.978898684781,3,9.44278019503338e-56
4979,0.280344332855093,234.025870790577,3,8.62653762517702e-56
4980,0.280057388809182,234.072842896372,3,1.13133673262198e-55
4981,0.280153036824486,234.119815002168,3,1.03359802229901e-55
4982,0.279866092778575,234.166787107964,3,1.35530678401966e-55
4983,0.278335724533716,234.213759213759,3,5.72712869661017e-55
4984,0.278718316594931,234.260731319555,3,3.997052795952e-55
4985,0.277187948350072,234.30770342535,3,1.68041571845711e-54
4986,0.2831181252989,234.354675531146,3,6.19679086939317e-57
4987,0.287039693926351,234.401647636942,3,1.4409798870885e-58
4988,0.287422285987566,234.448619742737,3,9.95979442592079e-59
4989,0.285126733620277,234.495591848533,3,9.07653508844084e-58
4990,0.282352941176471,234.542563954329,3,1.28420265399052e-56
4991,0.272788139646102,234.589536060124,3,1.00454183535944e-52
4992,0.260736489717838,234.63650816592,3,5.52344726432098e-48
4993,0.252128168340507,234.683480271716,3,1.03324893154471e-44
4994,0.234528933524629,234.730452377511,3,2.51999564248946e-38
4995,0.209947393591583,234.777424483307,3,3.96586879732046e-30
4996,0.18259206121473,234.824396589102,2,3.80011861661214e-22
4997,0.148445719751315,234.871368694898,2,5.37480947436649e-14
4998,0.111621233859397,234.918340800694,2,2.80613789956605e-07
4999,0.081013868962219,234.965312906489,2,0.00291114241403098
5000,0.0642754662840746,235.012285012285,2,0.103702320386348
5001,0.0517455762792922,235.059257118081,2,0.489905418927306
5002,0.0426590148254424,235.106229223876,1,0.759995532371953
5003,0.0299378287900526,235.153201329672,1,0.912156558143786
5004,0.0211382113821138,235.200173435468,1,0.944395492294492
5005,0.0196078431372549,235.247145541263,1,0.947367164683131
5006,0.0258249641319943,235.294117647059,1,0.931103175611386
5007,0.0366331898613104,235.341089752854,1,0.856361716977545
5008,0.046389287422286,235.38806185865,1,0.667664981248581
5009,0.0432329029172645,235.435033964446,1,0.747590885633503
5010,0.0412242945958871,235.482006070241,1,0.788309792914614
5011,0.0371114299378288,235.528978176037,1,0.850660772004315
5012,0.0288857006217121,235.575950281833,1,0.917833342991831
5013,0.0208512673362028,235.622922387628,1,0.944996730756353
5014,0.0165471066475371,235.669894493424,1,0.951755683032513
5015,0.0146341463414634,235.71686659922,1,0.953592682120094
5016,0.0130081300813008,235.763838705015,1,0.954670348157364
5017,0.0104256336681014,235.810810810811,1,0.955536593220409
5018,0.0118603538976566,235.857782916606,1,0.955180125927102
5019,0.0157819225251076,235.904755022402,1,0.952567710050456
5020,0.0164514586322334,235.951727128198,1,0.951863008944297
5021,0.020468675274988,235.998699233993,1,0.94576600657427
5022,0.0288857006217121,236.045671339789,1,0.917833342991831
5023,0.0331898613103778,236.092643445585,1,0.889950297522174
5024,0.0290769966523195,236.13961555138,1,0.916848504290428
5025,0.0251554280248685,236.186587657176,1,0.93345940712743
5026,0.0277379244380679,236.233559762972,1,0.923333198015872
5027,0.0365375418460067,236.280531868767,1,0.85746826141468
5028,0.0508847441415591,236.327503974563,1,0.521227319450581
5029,0.0659971305595409,236.374476080358,2,0.0765456077523327
5030,0.0840746054519369,236.421448186154,2,0.00133890796204982
5031,0.108177905308465,236.46842029195,2,9.3490538307208e-07
5032,0.127977044476327,236.515392397745,2,5.24905627385823e-10
5033,0.135246293639407,236.562364503541,2,2.38226260465829e-11
5034,0.15246293639407,236.609336609337,2,7.42837262653013e-15
5035,0.168723098995696,236.656308715132,2,1.33726351617523e-18
5036,0.173696795791487,236.703280820928,2,7.81205742486436e-20
5037,0.175418460066954,236.750252926724,2,2.85684711965534e-20
5038,0.180966044954567,236.797225032519,2,1.03033817805821e-21
5039,0.178479196556671,236.844197138315,2,4.63953087523797e-21
5040,0.167097082735533,236.89116924411,2,3.31385707508137e-18
5041,0.150741272118604,236.938141349906,2,1.74726966635063e-14
5042,0.13142037302726,236.985113455702,2,1.24149145053083e-10
5043,0.112864658058345,237.032085561497,2,1.79870747043254e-07
5044,0.0944045911047346,237.079057667293,2,7.62131493219114e-05
5045,0.0782400765184122,237.126029773089,2,0.00571375814660324
5046,0.066857962697274,237.173001878884,2,0.0653236780976636
5047,0.0609277857484457,237.21997398468,2,0.17685132706478
5048,0.0622668579626973,237.266946090476,2,0.144214721561209
5049,0.0507890961262554,237.313918196271,1,0.524662048265013
5050,0.0540411286465806,237.360890302067,2,0.404381690106319
5051,0.0671449067431851,237.407862407862,2,0.0619027472226979
5052,0.0938307030129125,237.454834513658,2,9.02478241033362e-05
5053,0.115925394548063,237.501806619454,2,5.88224106369325e-08
5054,0.124916307986609,237.548778725249,2,1.82592335772308e-09
5055,0.130176948828312,237.595750831045,2,2.09959461342042e-10
5056,0.128168340506934,237.642722936841,2,4.85031662919879e-10
5057,0.127881396461023,237.689695042636,2,5.46029230389979e-10
5058,0.12960306073649,237.736667148432,2,2.67090742400017e-10
5059,0.126733620277379,237.783639254228,2,8.74470391443158e-10
5060,0.117647058823529,237.830611360023,2,3.09213129707936e-08
5061,0.114203730272597,237.877583465819,2,1.10748099757404e-07
5062,0.118986131037781,237.924555571614,2,1.86178615405457e-08
5063,0.127977044476327,237.97152767741,2,5.24905627385823e-10
5064,0.133715925394548,238.018499783206,2,4.63937840198196e-11
5065,0.148158775705404,238.065471889001,2,6.17703942411731e-14
5066,0.153419416547107,238.112443994797,2,4.59716375920507e-15
5067,0.161262553802009,238.159416100593,2,7.90935593635326e-17
5068,0.165949306551889,238.206388206388,2,6.24964716108067e-18
5069,0.168244858919177,238.253360312184,2,1.74822366861634e-18
5070,0.169583931133429,238.300332417979,2,8.2367640596025e-19
5071,0.170157819225251,238.347304523775,2,5.95319931830467e-19
5072,0.170923003347681,238.394276629571,2,3.85362325071968e-19
5073,0.173409851745576,238.441248735366,2,9.22740922703792e-20
5074,0.176566236250598,238.488220841162,2,1.45135687032834e-20
5075,0.180392156862745,238.535192946958,2,1.4613454491657e-21
5076,0.182783357245337,238.582165052753,2,3.37696897808818e-22
5077,0.182113821138211,238.629137158549,2,5.10139602519265e-22
5078,0.183357245337159,238.676109264345,2,2.36770754340433e-22
5079,0.187470109995218,238.72308137014,2,1.78708938287766e-23
5080,0.193591582974653,238.770053475936,2,3.36072304651421e-25
5081,0.190052606408417,238.817025581731,2,3.40555240150501e-24
5082,0.189478718316595,238.863997687527,2,4.93400272244894e-24
5083,0.186417981826877,238.910969793323,2,3.48395538509093e-23
5084,0.179722620755619,238.957941899118,2,2.19324782854779e-21
5085,0.169010043041607,239.004914004914,2,1.13815961560592e-18
5086,0.154949784791966,239.05188611071,2,2.11840676683503e-15
5087,0.141367766618843,239.098858216505,2,1.52447237034552e-12
5088,0.13323768531803,239.145830322301,2,5.70405387538258e-11
5089,0.117264466762315,239.192802428097,2,3.57033928712231e-08
5090,0.115255858440937,239.239774533892,2,7.53252426894948e-08
5091,0.116499282639885,239.286746639688,2,4.75277222636771e-08
5092,0.121090387374462,239.333718745483,2,8.28332917854633e-09
5093,0.122429459588714,239.380690851279,2,4.90773565497398e-09
5094,0.120803443328551,239.427662957075,2,9.25897734353253e-09
5095,0.121855571496891,239.47463506287,2,6.14665701913074e-09
5096,0.125298900047824,239.521607168666,2,1.56526145159959e-09
5097,0.129698708751793,239.568579274462,2,2.56609754453622e-10
5098,0.13142037302726,239.615551380257,2,1.24149145053086e-10
5099,0.140219990435198,239.662523486053,2,2.57851448892511e-12
5100,0.155045432807269,239.709495591849,2,2.01769236637486e-15
5101,0.174366331898613,239.756467697644,2,5.29027824985877e-20
5102,0.193974175035868,239.80343980344,2,2.60845094688551e-25
5103,0.210329985652798,239.850411909235,3,3.00437119160858e-30
5104,0.220946915351506,239.897384015031,3,1.0980469156326e-33
5105,0.232807269249163,239.944356120827,3,1.00889650453991e-37
5106,0.237589670014347,239.991328226622,3,2.09101168428731e-39
5107,0.244571975131516,240.038300332418,3,6.41102865941217e-42
5108,0.250502152080344,240.085272438214,3,4.18291737243834e-44
5109,0.251076040172166,240.132244544009,3,2.55587884940549e-44
5110,0.248206599713056,240.179216649805,3,2.97122053706143e-43
5111,0.246580583452893,240.226188755601,3,1.17997175289196e-42
5112,0.246963175514108,240.273160861396,3,8.53606866543261e-43
5113,0.25375418460067,240.320132967192,3,2.53217865815256e-45
5114,0.256432329029173,240.367105072987,3,2.45558613329244e-46
5115,0.26207556193209,240.414077178783,3,1.67751644849975e-48
5116,0.270109995217599,240.461049284579,3,1.17850036787334e-51
5117,0.274988043998087,240.508021390374,3,1.30845270635642e-53
5118,0.275274988043998,240.55499349617,3,1.00194459355284e-53
5119,0.270970827355332,240.601965601966,3,5.35302444033773e-52
5120,0.266284074605452,240.648937707761,3,3.82982351828239e-50
5121,0.258153993304639,240.695909813557,3,5.41795739104252e-47
5122,0.250215208034433,240.742881919353,3,5.34918685692115e-44
5123,0.240459110473458,240.789854025148,3,1.97398374662732e-40
5124,0.234624581539933,240.836826130944,3,2.33244248130028e-38
5125,0.233955045432807,240.883798236739,3,4.00561306233391e-38
5126,0.233572453371593,240.930770342535,3,5.45251361587905e-38
5127,0.229842180774749,240.977742448331,3,1.07587642118591e-36
5128,0.226398852223816,241.024714554126,3,1.62168829952742e-35
5129,0.223529411764706,241.071686659922,3,1.50959272861127e-34
5130,0.220946915351506,241.118658765718,3,1.0980469156326e-33
5131,0.219320899091344,241.165630871513,3,3.78579989104462e-33
5132,0.21999043519847,241.212602977309,3,2.27664657729212e-33
5133,0.218077474892396,241.259575083105,3,9.69500739808072e-33
5134,0.220086083213773,241.3065471889,3,2.11684627199646e-33
5135,0.230798660927786,241.353519294696,3,5.02940056233826e-37
5136,0.24285031085605,241.400491400491,3,2.70848435099607e-41
5137,0.252510760401722,241.447463506287,3,7.42706258946753e-45
5138,0.258727881396461,241.494435612083,3,3.26749285206786e-47
5139,0.267623146819704,241.541407717878,3,1.13802048892717e-50
5140,0.271066475370636,241.588379823674,3,4.90297833923591e-52
5141,0.271066475370636,241.63535192947,3,4.90297833923591e-52
5142,0.27039693926351,241.682324035265,3,9.06130591538504e-52
5143,0.265231946437111,241.729296141061,3,9.90079449803858e-50
5144,0.256241032998565,241.776268246857,3,2.90297830031454e-46
5145,0.245911047345768,241.823240352652,3,2.07721684372987e-42
5146,0.236441893830703,241.870212458448,3,5.33634570956265e-39
5147,0.220086083213773,241.917184564243,3,2.11684627199646e-33
5148,0.199139167862267,241.964156670039,2,8.04923153472886e-27
5149,0.185844093735055,242.011128775835,2,5.00479552324598e-23
5150,0.166331898613104,242.05810088163,2,5.06128004197322e-18
5151,0.131133428981349,242.105072987426,2,1.40220944873678e-10
5152,0.108369201339072,242.152045093222,2,8.75390438833637e-07
5153,0.0806312769010043,242.199017199017,2,0.0032003070136342
5154,0.0506934481109517,242.245989304813,1,0.528086512240083
5155,0.0249641319942611,242.292961410608,1,0.934101114796074
5156,0.0136776661884266,242.339933516404,1,0.954278157552615
5157,0.00736489717838355,242.3869056222,1,0.955276381454451
5158,0.0038259206121473,242.433877727995,1,0.953193779761961
5159,0.0048780487804878,242.480849833791,1,0.954022468607141
5160,0.0087039693926351,242.527821939587,1,0.955561036309349
5161,0.00946915351506456,242.574794045382,1,0.95560422617676
5162,0.0161645145863223,242.621766151178,1,0.95217493119383
5163,0.0336681013868962,242.668738256974,1,0.885984176096869
5164,0.0586322333811573,242.715710362769,2,0.243062400183492
5165,0.08493543758967,242.762682468565,2,0.00106968331135841
5166,0.114873266379723,242.80965457436,2,8.66973329878295e-08
5167,0.148541367766619,242.856626680156,2,5.13091990759637e-14
5168,0.174175035868006,242.903598785952,2,5.91459945300339e-20
5169,0.193208990913439,242.950570891747,2,4.32738955640062e-25
5170,0.207077953132473,242.997542997543,3,3.12763281292319e-29
5171,0.219320899091344,243.044515103339,3,3.78579989104462e-33
5172,0.227068388330942,243.091487209134,3,9.59820861514444e-36
5173,0.23481587757054,243.13845931493,3,1.99800053147182e-38
5174,0.242467718794835,243.185431420726,3,3.72612859248834e-41
5175,0.246389287422286,243.232403526521,3,1.38709504726995e-42
5176,0.249067431850789,243.279375632317,3,1.42707434212136e-43
5177,0.24571975131516,243.326347738112,3,2.4408868753037e-42
5178,0.240746054519369,243.373319843908,3,1.55680113162482e-40
5179,0.234528933524629,243.420291949704,3,2.51999564248946e-38
5180,0.229268292682927,243.467264055499,3,1.69548537662285e-36
5181,0.226207556193209,243.514236161295,3,1.88334072581812e-35
5182,0.219416547106648,243.561208267091,3,3.52084518659024e-33
5183,0.198660927785748,243.608180372886,2,1.11574679958132e-26
5184,0.175035868005739,243.655152478682,2,3.57614625321815e-20
5185,0.140315638450502,243.702124584478,2,2.46846228285103e-12
5186,0.105882352941176,243.749096690273,2,2.03816514902577e-06
5187,0.0722142515542803,243.796068796069,2,0.0223055303510497
5188,0.0533715925394548,243.843040901864,2,0.429429261289701
5189,0.0518412242945959,243.89001300766,2,0.48638583937386
5190,0.0616929698708752,243.936985113456,2,0.157644849905305
5191,0.0831181252989,243.983957219251,2,0.00171290380074744
5192,0.114012434241989,244.030929325047,2,1.18738545464328e-07
5193,0.137254901960784,244.077901430843,2,9.80862714455916e-12
5194,0.167862266857963,244.124873536638,2,2.16482458901263e-18
5195,0.196556671449067,244.171845642434,2,4.6435887225947e-26
5196,0.21090387374462,244.21881774823,3,1.97896818916266e-30
5197,0.22544237207078,244.265789854025,3,3.42176563858039e-35
5198,0.240172166427547,244.312761959821,3,2.50232429492724e-40
5199,0.248589191774271,244.359734065616,3,2.14538062014258e-43
5200,0.251362984218077,244.406706171412,3,1.99714619526614e-44
5201,0.254328072692492,244.453678277208,3,1.53861876166532e-45
5202,0.252032520325203,244.500650383003,3,1.12207585096991e-44
5203,0.249067431850789,244.547622488799,3,1.42707434212136e-43
5204,0.247250119560019,244.594594594595,3,6.69377764049262e-43
5205,0.246102343376375,244.64156670039,3,1.76753393764064e-42
5206,0.245911047345768,244.688538806186,3,2.07721684372987e-42
5207,0.246102343376375,244.735510911982,3,1.76753393764064e-42
5208,0.246006695361071,244.782483017777,3,1.91615584841929e-42
5209,0.248206599713056,244.829455123573,3,2.97122053706143e-43
5210,0.251649928263989,244.876427229368,3,1.56017125768226e-44
5211,0.249736967957915,244.923399335164,3,8.05495493254436e-44
5212,0.244858919177427,244.97037144096,3,5.03785843681373e-42
5213,0.24103299856528,245.017343546755,3,1.22747427687836e-40
5214,0.239502630320421,245.064315652551,3,4.34757380252281e-40
5215,0.239885222381636,245.111287758347,3,3.17126904495088e-40
5216,0.242467718794835,245.158259864142,3,3.72612859248834e-41
5217,0.248110951697752,245.205231969938,3,3.22301662032728e-43
5218,0.239885222381636,245.252204075734,3,3.17126904495088e-40
5219,0.231085604973697,245.299176181529,3,4.00122421398372e-37
5220,0.226590148254424,245.346148287325,3,1.39621891191264e-35
5221,0.225251076040172,245.39312039312,3,3.97145029957385e-35
5222,0.223242467718795,245.440092498916,3,1.88405398556325e-34
5223,0.221616451458632,245.487064604712,3,6.57873598177135e-34
5224,0.220659971305595,245.534036710507,3,1.36699168445817e-33
5225,0.224007651841224,245.581008816303,3,1.04280793360919e-34
5226,0.227833572453372,245.627980922099,3,5.26127794162879e-36
5227,0.232807269249163,245.674953027894,3,1.00889650453991e-37
5228,0.234337637494022,245.72192513369,3,2.94130328827491e-38
5229,0.234146341463415,245.768897239486,3,3.43265026516762e-38
5230,0.234146341463415,245.815869345281,3,3.43265026516762e-38
5231,0.235868005738881,245.862841451077,3,8.5116868775771e-39
5232,0.238163558106169,245.909813556872,3,1.30690101013933e-39
5233,0.242563366810139,245.956785662668,3,3.44067168035623e-41
5234,0.245145863223338,246.003757768464,3,3.95781330270146e-42
5235,0.249163079866093,246.050729874259,3,1.31522219456701e-43
5236,0.252893352462936,246.097701980055,3,5.33628610530242e-45
5237,0.255284552845528,246.144674085851,3,6.69234703313995e-46
5238,0.254136776661884,246.191646191646,3,1.81676818001358e-45
5239,0.251267336202774,246.238618297442,3,2.16836258373209e-44
5240,0.248397895743663,246.285590403237,3,2.5248965954483e-43
5241,0.251076040172166,246.332562509033,3,2.55587884940549e-44
5242,0.255093256814921,246.379534614829,3,7.90648764474279e-46
5243,0.261979913916786,246.426506720624,3,1.82688123582969e-48
5244,0.266092778574845,246.47347882642,3,4.55283726777104e-50
5245,0.268866571018651,246.520450932216,3,3.67047964150718e-51
5246,0.272309899569584,246.567423038011,3,1.56168355140189e-52
5247,0.274605451936872,246.614395143807,3,1.86701667616071e-53
5248,0.273744619799139,246.661367249603,3,4.14808725110691e-53
5249,0.267910090865615,246.708339355398,3,8.7683599533237e-51
5250,0.26389287422286,246.755311461194,3,3.30078188933528e-49
5251,0.261501673840268,246.802283566989,3,2.79738537291154e-48
5252,0.260640841702535,246.849255672785,3,6.01297914209738e-48
5253,0.260927785748446,246.896227778581,3,4.66032348835969e-48
5254,0.261788617886179,246.943199884376,3,2.16651771196705e-48
5255,0.264849354375897,246.990171990172,3,1.39738766890722e-49
5256,0.266666666666667,247.037144095968,3,2.70914441840967e-50
5257,0.264658058345289,247.084116201763,3,1.65985559310747e-49
5258,0.266188426590148,247.131088307559,3,4.17576715091166e-50
5259,0.270205643232903,247.178060413355,3,1.07967994206613e-51
5260,0.271831659493066,247.22503251915,3,2.42620726456406e-52
5261,0.269249163079866,247.272004624946,3,2.58892132941496e-51
5262,0.267431850789096,247.318976730741,3,1.35387844266116e-50
5263,0.264466762314682,247.365948836537,3,1.97141023588139e-49
5264,0.261501673840268,247.412920942333,3,2.7973853729117e-48
5265,0.263032042085127,247.459893048128,3,7.13818537259814e-49
5266,0.260545193687231,247.506865153924,3,6.54572046976211e-48
5267,0.259971305595409,247.55383725972,3,1.08872360682598e-47
5268,0.259301769488283,247.600809365515,3,1.96865868168878e-47
5269,0.261023433763749,247.647781471311,3,4.28056802898508e-48
5270,0.262840746054519,247.694753577107,3,8.47026916948612e-49
5271,0.263797226207556,247.741725682902,3,3.59652081403372e-49
5272,0.264084170253467,247.788697788698,3,2.78003508587801e-49
5273,0.270014347202296,247.835669894493,3,1.2863311592466e-51
5274,0.263223338115734,247.882642000289,3,6.01494491106964e-49
5275,0.253945480631277,247.929614106085,3,2.14496705930778e-45
5276,0.245911047345768,247.97658621188,3,2.07721684372987e-42
5277,0.239311334289813,248.023558317676,3,5.08955789927263e-40
5278,0.23299856527977,248.070530423472,3,8.6518697481691e-38
5279,0.225155428024868,248.117502529267,3,4.27837458783239e-35
5280,0.220659971305595,248.164474635063,3,1.36699168445817e-33
5281,0.207747489239598,248.211446740859,3,1.93703175370941e-29
5282,0.204878048780488,248.258418846654,3,1.49187828046864e-28
5283,0.196078431372549,248.30539095245,2,6.40519092644573e-26
5284,0.180870396939264,248.352363058245,2,1.0922339210418e-21
5285,0.162505978000956,248.399335164041,2,4.06666847269874e-17
5286,0.13974175035868,248.446307269837,2,3.20533266224714e-12
5287,0.11142993782879,248.493279375632,2,3.00342229630374e-07
5288,0.0913438546150167,248.540251481428,2,0.000185253109927537
5289,0.0881874701099952,248.587223587224,2,0.000447362900296556
5290,0.0684839789574366,248.634195693019,2,0.047873024708523
5291,0.0474414155906265,248.681167798815,1,0.63658028213886
5292,0.0379722620755619,248.728139904611,1,0.83966055291324
5293,0.0373983739837398,248.775112010406,1,0.847101994335377
5294,0.038259206121473,248.822084116202,1,0.835772272278509
5295,0.0362505978000956,248.869056221997,1,0.860722396449062
5296,0.0330942132950741,248.916028327793,1,0.890719573308467
5297,0.042467718794835,248.963000433589,1,0.763990592532074
5298,0.0595887135341942,249.009972539384,2,0.213966835816445
5299,0.0857962697274032,249.05694464518,2,0.000852348495452608
5300,0.106551889048302,249.103916750976,2,1.62682931016901e-06
5301,0.116021042563367,249.150888856771,2,5.67733917175987e-08
5302,0.1168818747011,249.197860962567,2,4.12039804492628e-08
5303,0.118125298900048,249.244833068363,2,2.58155521730878e-08
5304,0.120994739359158,249.291805174158,2,8.59682670545052e-09
5305,0.110760401721664,249.338777279954,2,3.80588823009127e-07
5306,0.107890961262554,249.385749385749,2,1.03160308447752e-06
5307,0.111142993782879,249.432721491545,2,3.32486195419848e-07
5308,0.123481587757054,249.479693597341,2,3.23861530802739e-09
5309,0.139263510282162,249.526665703136,2,3.9812891877283e-12
5310,0.15351506456241,249.573637808932,2,4.38096197754467e-15
5311,0.167192730750837,249.620609914728,2,3.1424892107956e-18
5312,0.176566236250598,249.667582020523,2,1.45135687032834e-20
5313,0.175705404112865,249.714554126319,2,2.41309176159095e-20
5314,0.176087996174079,249.761526232115,2,1.92575073882908e-20
5315,0.164897178383549,249.80849833791,2,1.11296246476011e-17
5316,0.141654710664754,249.855470443706,2,1.33579165345532e-12
5317,0.102725968436155,249.902442549501,2,5.77593063849974e-06
5318,0.0744141559062649,249.949414655297,2,0.013801436084272
5319,0.0332855093256815,249.996386761093,1,0.889173143285886
5320,0.014155906264945,250.043358866888,1,0.953954115123851
5321,0.00573888091822095,250.090330972684,1,0.954565989616573
5322,0.00526064084170253,250.13730307848,1,0.954278684460617
5323,0.00439980870396939,250.184275184275,1,0.953668639922344
5324,0.00506934481109517,250.231247290071,1,0.954153532039849
5325,0.0048780487804878,250.278219395866,1,0.954022468607141
5326,0.0054519368723099,250.325191501662,1,0.954397970059831
5327,0.00879961740793878,250.372163607458,1,0.955571167625516
5328,0.0125298900047824,250.419135713253,1,0.954907416830921
5329,0.0207556193208991,250.466107819049,1,0.945192481388569
5330,0.0255380200860832,250.513079924845,1,0.932134389044674
5331,0.0233381157340985,250.56005203064,1,0.939033923472776
5332,0.0194165471066475,250.607024136436,1,0.947699512507515
5333,0.0198947871831659,250.653996242232,1,0.946852887992659
5334,0.0212338593974175,250.700968348027,1,0.944190353793943
5335,0.0334768053562889,250.747940453823,1,0.887594887637094
5336,0.0550932568149211,250.794912559618,2,0.365320556385766
5337,0.081013868962219,250.841884665414,2,0.00291114241403098
5338,0.101578192252511,250.88885677121,2,8.36350984239283e-06
5339,0.130846484935438,250.935828877005,2,1.58327481548953e-10
5340,0.15609756097561,250.982800982801,2,1.1781155988197e-15
5341,0.172549019607843,251.029773088597,2,1.5176476433695e-19
5342,0.189574366331899,251.076745194392,2,4.63878840103687e-24
5343,0.206695361071258,251.123717300188,3,4.10950685267775e-29
5344,0.214060258249641,251.170689405984,3,1.94945160268261e-31
5345,0.221712099473936,251.217661511779,3,6.11372408177852e-34
5346,0.227737924438068,251.264633617575,3,5.67249501237113e-36
5347,0.234528933524629,251.31160572337,3,2.51999564248946e-38
5348,0.238928742228599,251.358577829166,3,6.97265855734679e-40
5349,0.242372070779531,251.405549934962,3,4.03515533560552e-41
5350,0.246580583452893,251.452522040757,3,1.17997175289196e-42
5351,0.250789096126255,251.499494146553,3,3.270118034388e-44
5352,0.253180296508847,251.546466252349,3,4.16323530124829e-45
5353,0.255954088952654,251.593438358144,3,3.73068168429676e-46
5354,0.255762792922047,251.64041046394,3,4.40918949058057e-46
5355,0.252797704447633,251.687382569736,3,5.79630746321522e-45
5356,0.246676231468197,251.734354675531,3,1.08826895443514e-42
5357,0.242180774748924,251.781326781327,3,4.73182332156635e-41
5358,0.241128646580583,251.828298887122,3,1.13391628661983e-40
5359,0.239693926351028,251.875270992918,3,3.71333925108901e-40
5360,0.238259206121473,251.922243098714,3,1.2083156710398e-39
5361,0.240937350549976,251.969215204509,3,1.32871415660311e-40
5362,0.232424677187948,252.016187310305,3,1.37141215993724e-37
5363,0.217790530846485,252.063159416101,3,1.20354264029909e-32
5364,0.199521759923482,252.110131521896,2,6.1947401831491e-27
5365,0.17819225251076,252.157103627692,2,5.5103300781728e-21
5366,0.151315160210426,252.204075733488,2,1.31540550638025e-14
5367,0.123481587757054,252.251047839283,2,3.23861530802739e-09
5368,0.107986609277857,252.298019945079,2,9.98339261097949e-07
5369,0.104543280726925,252.344992050874,2,3.18419565437026e-06
5370,0.113821138211382,252.39196415667,2,1.27289254074965e-07
5371,0.13428981348637,252.438936262466,2,3.61683744535628e-11
5372,0.155523672883788,252.485908368261,2,1.58074908906547e-15
5373,0.170923003347681,252.532880474057,2,3.85362325071968e-19
5374,0.1818268770923,252.579852579853,2,6.08457135436255e-22
5375,0.193304638928742,252.626824685648,2,4.06257849518637e-25
5376,0.202965088474414,252.673796791444,2,5.71787808182765e-28
5377,0.197417503586801,252.72076889724,2,2.59676831358378e-26
5378,0.196556671449067,252.767741003035,2,4.6435887225947e-26
5379,0.198278335724534,252.814713108831,2,1.44787710583112e-26
5380,0.200382592061215,252.861685214626,2,3.42935748662355e-27
5381,0.201052128168341,252.908657320422,2,2.16072073695925e-27
5382,0.201243424198948,252.955629426218,2,1.89295593494566e-27
5383,0.205738880918221,253.002601532013,3,8.11287908597572e-29
5384,0.211764705882353,253.049573637809,3,1.05556805879018e-30
5385,0.220181731229077,253.096545743605,3,1.96820080819213e-33
5386,0.233572453371593,253.1435178494,3,5.45251361587905e-38
5387,0.245241511238642,253.190489955196,3,3.65174885007567e-42
5388,0.2519368723099,253.237462060992,3,1.21850572556724e-44
5389,0.25662362505978,253.284434166787,3,2.0769180519233e-46
5390,0.259110473457676,253.331406272583,3,2.33112471996644e-47
5391,0.257197513151602,253.378378378378,3,1.25582437207025e-46
5392,0.25117168818747,253.425350484174,3,2.3541928755971e-44
5393,0.251649928263989,253.47232258997,3,1.56017125768226e-44
5394,0.238833094213295,253.519294695765,3,7.54305294267502e-40
5395,0.225920612147298,253.566266801561,3,2.35652950192016e-35
5396,0.209947393591583,253.613238907357,3,3.96586879732046e-30
5397,0.19273075083692,253.660211013152,2,5.93070098503396e-25
5398,0.159827833572453,253.707183118948,2,1.69176165396365e-16
5399,0.111238641798183,253.754155224743,2,3.21416668021046e-07
5400,0.0840746054519369,253.801127330539,2,0.00133890796204982
5401,0.077092300334768,253.848099436335,2,0.00748916163422866
5402,0.0857006217120995,253.89507154213,2,0.00087424521584164
5403,0.101960784313725,253.942043647926,2,7.39641205791811e-06
5404,0.122046867527499,253.989015753722,2,5.70306874902743e-09
5405,0.147297943567671,254.035987859517,2,9.35959672702228e-14
5406,0.173792443806791,254.082959965313,2,7.38973799852251e-20
5407,0.190530846484935,254.129932071109,2,2.49784787454513e-24
5408,0.197226207556193,254.176904176904,2,2.95554471221381e-26
5409,0.205930176948828,254.2238762827,3,7.08301578172835e-29
5410,0.205069344811095,254.270848388495,3,1.30331232837061e-28
5411,0.206025824964132,254.317820494291,3,6.61785471549884e-29
5412,0.209564801530368,254.364792600087,3,5.23225539421069e-30
5413,0.21377331420373,254.411764705882,3,2.41023549043158e-31
5414,0.215781922525108,254.458736811678,3,5.42443583128232e-32
5415,0.215208034433286,254.505708917474,3,8.3185657706064e-32
5416,0.213295074127212,254.552681023269,3,3.43046502386846e-31
5417,0.200191296030607,254.599653129065,2,3.91192922103915e-27
5418,0.179913916786227,254.646625234861,2,1.95338076702234e-21
5419,0.151410808225729,254.693597340656,2,1.25446610235648e-14
5420,0.119560019129603,254.740569446452,2,1.49510272137205e-08
5421,0.0900047824007652,254.787541552247,2,0.000270430660257976
5422,0.0791009086561454,254.834513658043,2,0.00464905303868351
5423,0.0896221903395505,254.881485763839,2,0.000300950848208782
5424,0.106456241032999,254.928457869634,2,1.68023044304169e-06
5425,0.135915829746533,254.97542997543,2,1.77507777099476e-11
5426,0.155714968914395,255.022402081226,2,1.43338674243808e-15
5427,0.179913916786227,255.069374187021,2,1.95338076702234e-21
5428,0.198278335724534,255.116346292817,2,1.44787710583112e-26
5429,0.21090387374462,255.163318398613,3,1.97896818916266e-30
5430,0.219607843137255,255.210290504408,3,3.04498003265234e-33
5431,0.225729316116691,255.257262610204,3,2.73591914762126e-35
5432,0.228216164514586,255.304234715999,3,3.8925122106682e-36
5433,0.228216164514586,255.351206821795,3,3.8925122106682e-36
5434,0.225633668101387,255.398178927591,3,2.94780493951103e-35
5435,0.225251076040172,255.445151033386,3,3.97145029957385e-35
5436,0.226590148254424,255.492123139182,3,1.39621891191264e-35
5437,0.224772835963654,255.539095244978,3,5.76057164209064e-35
5438,0.218364418938307,255.586067350773,3,7.80747407932463e-33
5439,0.210712577714012,255.633039456569,3,2.27475860921874e-30
5440,0.206408417025347,255.680011562365,3,5.04153717704719e-29
5441,0.188809182209469,255.72698366816,2,7.59118365702614e-24
5442,0.176087996174079,255.773955773956,2,1.92575073882908e-20
5443,0.156193208990913,255.820927879751,2,1.12164975490192e-15
5444,0.132663797226208,255.867899985547,2,7.3011327822111e-11
5445,0.107604017216643,255.914872091343,2,1.13797578920171e-06
5446,0.0830224772835964,255.961844197138,2,0.00175530655391743
5447,0.0672405547584888,256.008816302934,2,0.0607964679959038
5448,0.0620755619320899,256.05578840873,2,0.148598497815473
5449,0.0799617407938785,256.102760514525,2,0.00377228809158053
5450,0.104065040650407,256.149732620321,2,3.72857211141969e-06
5451,0.136585365853659,256.196704726117,2,1.32055687161651e-11
5452,0.16518412242946,256.243676831912,2,9.51286740424242e-18
5453,0.185844093735055,256.290648937708,2,5.00479552324598e-23
5454,0.199808703969393,256.337621043503,2,5.08815380907519e-27
5455,0.213582018173123,256.384593149299,3,2.77600127241022e-31
5456,0.226398852223816,256.431565255095,3,1.62168829952742e-35
5457,0.23299856527977,256.47853736089,3,8.6518697481691e-38
5458,0.247728359636538,256.525509466686,3,4.46121527793017e-43
5459,0.259588713534194,256.572481572482,3,1.52752980226503e-47
5460,0.261979913916786,256.619453678277,3,1.82688123582969e-48
5461,0.2649450023912,256.666425784073,3,1.28210235370893e-49
5462,0.271066475370636,256.713397889869,3,4.90297833923591e-52
5463,0.274414155906265,256.760369995664,3,2.22984014453788e-53
5464,0.274701099952176,256.80734210146,3,1.7083153458935e-53
5465,0.278144428503109,256.854314207255,3,6.8543458943949e-55
5466,0.280726924916308,256.901286313051,3,6.00713486699593e-56
5467,0.283883309421329,256.948258418847,3,2.98510713977539e-57
5468,0.285509325681492,256.995230524642,3,6.28691690800492e-58
5469,0.287230989956958,257.042202630438,3,1.19805643814421e-58
5470,0.287422285987566,257.089174736234,3,9.95979442592079e-59
5471,0.281874701099952,257.136146842029,3,2.02324911989698e-56
5472,0.276040172166428,257.183118947825,3,4.91166767566357e-54
5473,0.266379722620756,257.23009105362,3,3.51244549073622e-50
5474,0.258727881396461,257.277063159416,3,3.26749285206786e-47
5475,0.246867527498804,257.324035265212,3,9.25612863591706e-43
5476,0.232615973218556,257.371007371007,3,1.17633939169902e-37
5477,0.213964610234338,257.417979476803,3,2.09238862453786e-31
5478,0.189000478240077,257.464951582599,2,6.71321402263169e-24
5479,0.162123385939742,257.511923688394,2,4.99347310156298e-17
5480,0.143089430894309,257.55889579419,2,6.86944052280801e-13
5481,0.127977044476327,257.605867899986,2,5.24905627385823e-10
5482,0.12051649928264,257.652840005781,2,1.03465644257081e-08
5483,0.122429459588714,257.699812111577,2,4.90773565497398e-09
5484,0.140219990435198,257.746784217372,2,2.57851448892511e-12
5485,0.161262553802009,257.793756323168,2,7.90935593635326e-17
5486,0.177809660449546,257.840728428964,2,6.92720092865926e-21
5487,0.190626494500239,257.887700534759,2,2.34743268292754e-24
5488,0.199234815877571,257.934672640555,2,7.53954424622862e-27
5489,0.205930176948828,257.981644746351,3,7.08301578172835e-29
5490,0.214825442372071,258.028616852146,3,1.10551009901318e-31
5491,0.219703491152559,258.075588957942,3,2.83160526858753e-33
5492,0.223720707795313,258.122561063738,3,1.30207950023648e-34
5493,0.227833572453372,258.169533169533,3,5.26127794162879e-36
5494,0.22725968436155,258.216505275329,3,8.26025656966457e-36
5495,0.223912003825921,258.263477381124,3,1.1229541011869e-34
5496,0.224103299856528,258.31044948692,3,9.68352260538915e-35
5497,0.221999043519847,258.357421592716,3,4.9058602012317e-34
5498,0.213295074127212,258.404393698511,3,3.43046502386846e-31
5499,0.208417025346724,258.451365804307,3,1.19764833324164e-29
5500,0.212912482065997,258.498337910103,3,4.54706055359201e-31
5501,0.21922525107604,258.545310015898,3,4.07056496991085e-33
5502,0.225155428024868,258.592282121694,3,4.27837458783239e-35
5503,0.237780966044955,258.63925422749,3,1.78800233579117e-39
5504,0.2493543758967,258.686226333285,3,1.11703889389211e-43
5505,0.257197513151602,258.733198439081,3,1.25582437207025e-46
5506,0.264562410329986,258.780170544876,3,1.80896221090798e-49
5507,0.270875179340029,258.827142650672,3,5.84422412556943e-52
5508,0.27039693926351,258.874114756468,3,9.06130591538504e-52
5509,0.268197034911526,258.921086862263,3,6.7543240420354e-51
5510,0.266571018651363,258.968058968059,3,2.95417548454802e-50
5511,0.263988522238164,259.015031073855,3,3.02927983368936e-49
5512,0.259684361549498,259.06200317965,3,1.40358685101065e-47
5513,0.258058345289335,259.108975285446,3,5.89383398236198e-47
5514,0.252702056432329,259.155947391242,3,6.29581340875787e-45
5515,0.246676231468197,259.202919497037,3,1.08826895443514e-42
5516,0.243711142993783,259.249891602833,3,1.31922450578195e-41
5517,0.239406982305117,259.296863708628,3,4.70402550914532e-40
5518,0.232902917264467,259.343835814424,3,9.34296280455705e-38
5519,0.222381635581062,259.39080792022,3,3.65656021807867e-34
5520,0.214634146341463,259.437780026015,3,1.27419270386699e-31
5521,0.204112864658058,259.484752131811,2,2.55779558881489e-28
5522,0.201052128168341,259.531724237607,2,2.16072073695925e-27
5523,0.200956480153037,259.578696343402,2,2.30836473216482e-27
5524,0.20726924916308,259.625668449198,3,2.72796716023052e-29
5525,0.218077474892396,259.672640554994,3,9.69500739808072e-33
5526,0.228598756575801,259.719612660789,3,2.87846827342099e-36
5527,0.234050693448111,259.766584766585,3,3.7081352646896e-38
5528,0.235198469631755,259.81355687238,3,1.46559664659221e-38
5529,0.232902917264467,259.860528978176,3,9.34296280455705e-38
5530,0.236059301769488,259.907501083972,3,7.28576173604081e-39
5531,0.23921568627451,259.954473189767,3,5.5065315543629e-40
5532,0.24026781444285,260.001445295563,3,2.31218472325971e-40
5533,0.239024390243902,260.048417401359,3,6.44521347371961e-40
5534,0.237972262075562,260.095389507154,3,1.5287277448338e-39
5535,0.238641798182688,260.14236161295,3,8.82688861264839e-40
5536,0.23921568627451,260.189333718746,3,5.5065315543629e-40
5537,0.229555236728838,260.236305824541,3,1.35078458944977e-36
5538,0.223912003825921,260.283277930337,3,1.1229541011869e-34
5539,0.206312769010043,260.330250036132,3,5.39664770284104e-29
5540,0.177331420373027,260.377222141928,2,9.2134545040713e-21
5541,0.149306551889048,260.424194247724,2,3.53455474539316e-14
5542,0.130846484935438,260.471166353519,2,1.58327481548953e-10
5543,0.122620755619321,260.518138459315,2,4.55180954059645e-09
5544,0.119560019129603,260.565110565111,2,1.49510272137204e-08
5545,0.114681970349115,260.612082670906,2,9.29940544487805e-08
5546,0.118316594930655,260.659054776702,2,2.4012297833908e-08
5547,0.12778574844572,260.706026882497,2,5.67984677396914e-10
5548,0.139646102343376,260.752998988293,2,3.34758379601765e-12
5549,0.151028216164515,260.799971094089,2,1.51626436938521e-14
5550,0.156767097082736,260.846943199884,2,8.34764857916639e-16
5551,0.160975609756098,260.89391530568,2,9.21404313365948e-17
5552,0.163653754184601,260.940887411476,2,2.1892595799899e-17
5553,0.164323290291726,260.987859517271,2,1.52197463124088e-17
5554,0.166427546628407,261.034831623067,2,4.8009067541988e-18
5555,0.172070779531325,261.081803728863,2,1.99834562265479e-19
5556,0.179340028694405,261.128775834658,2,2.76373300541775e-21
5557,0.190722142515543,261.175747940454,2,2.20599305659757e-24
5558,0.2,261.222720046249,2,4.46176645367201e-27
5559,0.205164992826399,261.269692152045,3,1.21810112765192e-28
5560,0.205834528933525,261.316664257841,3,7.58060971250935e-29
5561,0.205738880918221,261.363636363636,3,8.11287908597572e-29
5562,0.205069344811095,261.410608469432,3,1.30331232837061e-28
5563,0.203347680535629,261.457580575228,2,4.37545559419681e-28
5564,0.198565279770445,261.504552681023,2,1.19091499283019e-26
5565,0.19531324725012,261.551524786819,2,1.06952261625354e-25
5566,0.195791487326638,261.598496892615,2,7.76512147231389e-26
5567,0.200765184122429,261.64546899841,2,2.63432536944286e-27
5568,0.205643232902917,261.692441104206,3,8.68222021358355e-29
5569,0.209469153515065,261.739413210001,3,5.60712088615034e-30
5570,0.213677666188427,261.786385315797,3,2.58670374458644e-31
5571,0.219416547106648,261.833357421593,3,3.52084518659024e-33
5572,0.223338115734099,261.880329527388,3,1.74996282683024e-34
5573,0.226207556193209,261.927301633184,3,1.88334072581809e-35
5574,0.228981348637016,261.97427373898,3,2.12758082424118e-36
5575,0.232137733142037,262.021245844775,3,1.72594092679006e-37
5576,0.234624581539933,262.068217950571,3,2.33244248130028e-38
5577,0.237494021999044,262.115190056367,3,2.26116395272754e-39
5578,0.23739837398374,262.162162162162,3,2.44509222227537e-39
5579,0.24026781444285,262.209134267958,3,2.31218472325971e-40
5580,0.242754662840746,262.256106373753,3,2.93344179324978e-41
5581,0.243232902917264,262.303078479549,3,1.96788659075332e-41
5582,0.243998087039694,262.350050585345,3,1.03744285709911e-41
5583,0.240459110473458,262.39702269114,3,1.97398374662732e-40
5584,0.233189861310378,262.443994796936,3,7.41861360042777e-38
5585,0.22285987565758,262.490966902732,3,2.53056755925508e-34
5586,0.20545193687231,262.537939008527,3,9.94253501811769e-29
5587,0.182496413199426,262.584911114323,2,4.03095458279131e-22
5588,0.1662362505978,262.631883220119,2,5.33558609936986e-18
5589,0.15973218555715,262.678855325914,2,1.77923288709673e-16
5590,0.163079866092779,262.72582743171,2,2.98565890146e-17
5591,0.172357723577236,262.772799537505,2,1.69440793365425e-19
5592,0.180392156862745,262.819771643301,2,1.4613454491657e-21
5593,0.195791487326638,262.866743749097,2,7.76512147231389e-26
5594,0.201243424198948,262.913715854892,2,1.89295593494566e-27
5595,0.203825920612147,262.960687960688,2,3.12906360565144e-28
5596,0.201243424198948,263.007660066484,2,1.89295593494566e-27
5597,0.19636537541846,263.054632172279,2,5.28168807677158e-26
5598,0.187661406025825,263.101604278075,2,1.58205438263547e-23
5599,0.173027259684362,263.148576383871,2,1.15153707462501e-19
5600,0.159636537541846,263.195548489666,2,1.8711624874204e-16
5601,0.139646102343376,263.242520595462,2,3.34758379601765e-12
5602,0.137159253945481,263.289492701257,2,1.02352922775715e-11
5603,0.1324725011956,263.336464807053,2,7.92526597283581e-11
5604,0.128646580583453,263.383436912849,2,3.97876510523214e-10
5605,0.125777140124342,263.430409018644,2,1.29019175543657e-09
5606,0.123768531802965,263.47738112444,2,2.88957703345309e-09
5607,0.12051649928264,263.524353230236,2,1.03465644257081e-08
5608,0.117360114777618,263.571325336031,2,3.4444302947412e-08
5609,0.13065518890483,263.618297441827,2,1.71651949008231e-10
5610,0.142324246771879,263.665269547623,2,9.80289461848197e-13
5611,0.156480153036824,263.712241653418,2,9.6778082526185e-16
5612,0.166427546628407,263.759213759214,2,4.8009067541988e-18
5613,0.171879483500717,263.806185865009,2,2.23028562349614e-19
5614,0.16987087517934,263.853157970805,2,7.00363599282606e-19
5615,0.160114777618364,263.900130076601,2,1.4540145909296e-16
5616,0.150071736011478,263.947102182396,2,2.42969803134548e-14
5617,0.128933524629364,263.994074288192,2,3.53157076061195e-10
5618,0.121951219512195,264.041046393988,2,5.92080474018098e-09
5619,0.099091343854615,264.088018499783,2,1.83603358491607e-05
5620,0.0882831181252989,264.134990605579,2,0.000435792663826997
5621,0.0896221903395504,264.181962711375,2,0.000300950848208784
5622,0.0779531324725012,264.22893481717,2,0.00611652028658098
5623,0.0607364897178384,264.275906922966,2,0.181883503994834
5624,0.0549019607843137,264.322879028761,2,0.372375467749817
5625,0.0456241032998565,264.369851134557,1,0.688888076175841
5626,0.0431372549019608,264.416823240353,1,0.749702444475164
5627,0.0400765184122429,264.463795346148,1,0.808346234953174
5628,0.0383548541367767,264.510767451944,1,0.834450655156566
5629,0.0321377331420373,264.55773955774,1,0.89799565883145
5630,0.0271640363462458,264.604711663535,1,0.925836803508285
5631,0.0233381157340985,264.651683769331,1,0.939033923472776
5632,0.0224772835963654,264.698655875127,1,0.941298124552364
5633,0.0172166427546628,264.745627980922,1,0.950956464618892
5634,0.0167384026781444,264.792600086718,1,0.951535945578958
5635,0.0130081300813008,264.839572192513,1,0.954670348157364
5636,0.0106169296987088,264.886544298309,1,0.955506817609582
5637,0.0122429459588714,264.933516404105,1,0.955032688412313
5638,0.013868962219034,264.9804885099,1,0.954152979745801
5639,0.0158775705404113,265.027460615696,1,0.952471965284061
5640,0.0190339550454328,265.074432721492,1,0.948339556649779
5641,0.0109995217599235,265.121404827287,1,0.955430945711834
5642,0.0124342419894787,265.168376933083,1,0.954950580405566
5643,0.00908656145384983,265.215349038878,1,0.95559344411055
5644,0.00746054519368723,265.262321144674,1,0.955305606904833
5645,0.0118603538976566,265.30929325047,1,0.955180125927102
5646,0.0143472022955524,265.356265356265,1,0.953814071724773
5647,0.0221903395504543,265.403237462061,1,0.942003881242461
5648,0.034337637494022,265.450209567857,1,0.880081748140055
5649,0.0495456719273075,265.497181673652,1,0.568274598910086
5650,0.0640841702534672,265.544153779448,2,0.10713643195759
5651,0.0866571018651363,265.591125885244,2,0.000677393143135354
5652,0.112482065997131,265.638097991039,2,2.06366958208349e-07
5653,0.13974175035868,265.685070096835,2,3.20533266224714e-12
5654,0.164610234337637,265.73204220263,2,1.30170463687331e-17
5655,0.179435676709708,265.779014308426,2,2.60866393864658e-21
5656,0.184026781444285,265.825986414222,2,1.56203857502728e-22
5657,0.185748445719751,265.872958520017,2,5.31555334234504e-23
5658,0.181539933046389,265.919930625813,2,7.25479895785901e-22
5659,0.173027259684362,265.966902731609,2,1.15153707462501e-19
5660,0.161836441893831,266.013874837404,2,5.82260750673547e-17
5661,0.146628407460545,266.0608469432,2,1.29070001643913e-13
5662,0.131802965088474,266.107819048996,2,1.05500828799531e-10
5663,0.119081779053085,266.154791154791,2,1.79509743032289e-08
5664,0.111621233859397,266.201763260587,2,2.80613789956605e-07
5665,0.0997608799617408,266.248735366382,2,1.48888328794602e-05
5666,0.0800573888091822,266.295707472178,2,0.0036850793828065
5667,0.0637972262075562,266.342679577974,2,0.112451279574765
5668,0.0496413199426112,266.389651683769,1,0.564995374062588
5669,0.0309899569583931,266.436623789565,1,0.905799535765699
5670,0.0131037780966045,266.483595895361,1,0.954618655134888
5671,0.0076518412242946,266.530568001156,1,0.9553599305854
5672,0.00822572931611669,266.577540106952,1,0.955490043720338
5673,0.0038259206121473,266.624512212748,1,0.953193779761961
5674,0.0038259206121473,266.671484318543,1,0.953193779761961
5675,0.00353897656623625,266.718456424339,1,0.952935347350794
5676,0.00334768053562889,266.765428530134,1,0.952755142138332
5677,0.00363462458153993,266.81240063593,1,0.953023067040064
5678,0.00363462458153993,266.859372741726,1,0.953023067040064
5679,0.00439980870396939,266.906344847521,1,0.953668639922344
5680,0.00506934481109517,266.953316953317,1,0.954153532039849
5681,0.00554758488761358,267.000289059113,1,0.95445542602985
5682,0.00506934481109517,267.047261164908,1,0.954153532039849
5683,0.00497369679579149,267.094233270704,1,0.954088742045422
5684,0.00593017694882831,267.141205376499,1,0.954670787619047
5685,0.00659971305595409,267.188177482295,1,0.954992690288763
5686,0.00679100908656145,267.235149588091,1,0.955071969795718
5687,0.00889526542324247,267.282121693886,1,0.955579945541343
5688,0.010234337637494,267.329093799682,1,0.955560943070363
5689,0.0171209947393592,267.376065905478,1,0.9510758466204
5690,0.03012912482066,267.423038011273,1,0.911053533069934
5691,0.0589191774270684,267.470010117069,2,0.23411977138979
5692,0.0963175514108082,267.516982222865,2,4.30267924277315e-05
5693,0.127211860353898,267.56395432866,2,7.19065383348247e-10
5694,0.151315160210426,267.610926434456,2,1.31540550638025e-14
5695,0.173218555714969,267.657898540251,2,1.03088543813564e-19
5696,0.189956958393113,267.704870646047,2,3.62295836483172e-24
5697,0.200286944045911,267.751842751843,2,3.66277016416038e-27
5698,0.209660449545672,267.798814857638,3,4.88228664949633e-30
5699,0.217694882831181,267.845786963434,3,1.29341612636016e-32
5700,0.218842659014825,267.89275906923,3,5.43883359897599e-33
5701,0.21740793878527,267.939731175025,3,1.60503883537647e-32
5702,0.218268770923003,267.986703280821,3,8.39209142891734e-33
5703,0.221329507412721,268.033675386617,3,8.19542369182797e-34
5704,0.223433763749402,268.080647492412,3,1.62536525422874e-34
5705,0.225155428024868,268.127619598208,3,4.27837458783239e-35
5706,0.227833572453372,268.174591704003,3,5.26127794162879e-36
5707,0.233859397417504,268.221563809799,3,4.32683000314135e-38
5708,0.241702534672406,268.268535915595,3,7.04264253991155e-41
5709,0.247632711621234,268.31550802139,3,4.83861232937834e-43
5710,0.249163079866093,268.362480127186,3,1.31522219456701e-43
5711,0.249832615973219,268.409452232982,3,7.42218776332225e-44
5712,0.251554280248685,268.456424338777,3,1.69406487963479e-44
5713,0.246197991391679,268.503396444573,3,1.63039425092057e-42
5714,0.243998087039694,268.550368550369,3,1.03744285709911e-41
5715,0.243615494978479,268.597340656164,3,1.4291548120327e-41
5716,0.242372070779531,268.64431276196,3,4.03515533560552e-41
5717,0.240363462458154,268.691284867755,3,2.13643254982493e-40
5718,0.243328550932568,268.738256973551,3,1.81672041606771e-41
5719,0.249067431850789,268.785229079347,3,1.42707434212136e-43
5720,0.250884744141559,268.832201185142,3,3.01231899474041e-44
5721,0.246293639406982,268.879173290938,3,1.50385323427482e-42
5722,0.242754662840746,268.926145396734,3,2.93344179324978e-41
5723,0.239885222381636,268.973117502529,3,3.17126904495088e-40
5724,0.238546150167384,269.020089608325,3,9.54815302446514e-40
5725,0.237302725968436,269.067061714121,3,2.64390610350384e-39
5726,0.236154949784792,269.114033819916,3,6.74040376761819e-39
5727,0.236824485891918,269.161005925712,3,3.90673241033438e-39
5728,0.238259206121473,269.207978031507,3,1.2083156710398e-39
5729,0.241702534672406,269.254950137303,3,7.04264253991155e-41
5730,0.239406982305117,269.301922243099,3,4.70402550914532e-40
5731,0.237589670014347,269.348894348894,3,2.09101168428731e-39
5732,0.238737446197991,269.39586645469,3,8.15987626385204e-40
5733,0.240076518412243,269.442838560486,3,2.7080231773508e-40
5734,0.24103299856528,269.489810666281,3,1.22747427687836e-40
5735,0.238641798182688,269.536782772077,3,8.82688861264839e-40
5736,0.236728837876614,269.583754877873,3,4.22366927405337e-39
5737,0.231850789096126,269.630726983668,3,2.17154881491754e-37
5738,0.230607364897178,269.677699089464,3,5.85690117164361e-37
5739,0.229937828790053,269.724671195259,3,9.97230287265883e-37
5740,0.229459588713534,269.771643301055,3,1.45714113386536e-36
5741,0.230033476805356,269.818615406851,3,9.24305834628031e-37
5742,0.231850789096126,269.865587512646,3,2.17154881491754e-37
5743,0.233285509325681,269.912559618442,3,6.86926370100178e-38
5744,0.234720229555237,269.959531724238,3,2.15878575755257e-38
5745,0.227546628407461,270.006503830033,3,6.59327065384488e-36
5746,0.226877092300335,270.053475935829,3,1.11515357541661e-35
5747,0.226303204208513,270.100448041625,3,1.74765091315381e-35
5748,0.223529411764706,270.14742014742,3,1.50959272861127e-34
5749,0.217790530846485,270.194392253216,3,1.20354264029909e-32
5750,0.208608321377331,270.241364359011,3,1.04360641420778e-29
5751,0.199234815877571,270.288336464807,2,7.53954424622862e-27
5752,0.192252510760402,270.335308570603,2,8.12051987717182e-25
5753,0.190339550454328,270.382280676398,2,2.82789414034903e-24
5754,0.181731229076997,270.429252782194,2,6.45225152633036e-22
5755,0.170827355332377,270.47622488799,2,4.0694343800711e-19
5756,0.154949784791966,270.523196993785,2,2.11840676683503e-15
5757,0.135724533715925,270.570169099581,2,1.93105180218337e-11
5758,0.115255858440937,270.617141205377,2,7.53252426894948e-08
5759,0.089143950263032,270.664113311172,2,0.000343741521475895
5760,0.0655188904830225,270.711085416968,2,0.0834350134029616
5761,0.0533715925394548,270.758057522763,2,0.429429261289701
5762,0.0427546628407461,270.805029628559,1,0.757971971886194
5763,0.0450502152080344,270.852001734355,1,0.704027615141383
5764,0.0485891917742707,270.89897384015,1,0.600273664346181
5765,0.0423720707795313,270.945945945946,1,0.765962249379789
5766,0.0495456719273075,270.992918051742,1,0.568274598910086
5767,0.0684839789574366,271.039890157537,2,0.047873024708523
5768,0.0790052606408417,271.086862263333,2,0.00475745800044288
5769,0.102439024390244,271.133834369129,2,6.33870325675577e-06
5770,0.116307986609278,271.180806474924,2,5.10349540281175e-08
5771,0.130942132950741,271.22777858072,2,1.52050948939438e-10
5772,0.136202773792444,271.274750686515,2,1.5640378646924e-11
5773,0.134768053562889,271.321722792311,2,2.93653100692032e-11
5774,0.139263510282162,271.368694898107,2,3.9812891877283e-12
5775,0.151219512195122,271.415667003902,2,1.37925921536925e-14
5776,0.162888570062171,271.462639109698,2,3.31004172607413e-17
5777,0.17168818747011,271.509611215494,2,2.48878621554832e-19
5778,0.18364418938307,271.556583321289,2,1.98157163138042e-22
5779,0.194069823051172,271.603555427085,2,2.44810519514374e-25
5780,0.197800095648015,271.650527532881,2,2.00370979910966e-26
5781,0.203252032520325,271.697499638676,2,4.67841958700759e-28
5782,0.209756097560976,271.744471744472,3,4.55557235425808e-30
5783,0.210999521759923,271.791443850267,3,1.84573247780211e-30
5784,0.208034433285509,271.838415956063,3,1.5766555965505e-29
5785,0.211573409851746,271.885388061859,3,1.21407002110393e-30
5786,0.20908656145385,271.932360167654,3,7.39259485001453e-30
5787,0.204495456719273,271.97933227345,3,1.95398482417481e-28
5788,0.187087517934003,272.026304379246,2,2.27929880599122e-23
5789,0.173888091822095,272.073276485041,2,6.98999466958464e-20
5790,0.142515542802487,272.120248590837,2,8.9708009043434e-13
5791,0.0790052606408417,272.167220696633,2,0.00475745800044288
5792,0.0351028216164515,272.214192802428,1,0.872802897268017
5793,0.0111908177905308,272.261164908224,1,0.955384822976341
5794,0.00813008130081301,272.308137014019,1,0.955471769344924
5795,0.00717360114777618,272.355109119815,1,0.955213790574877
5796,0.0113821138211382,272.402081225611,1,0.955333221569051
5797,0.0191296030607365,272.449053331406,1,0.948182589462324
5798,0.0316594930655189,272.496025437202,1,0.901364178901773
5799,0.0490674318507891,272.542997542998,1,0.584459686170323
5800,0.0630320420851267,272.589969648793,2,0.12760406928193
5801,0.08493543758967,272.636941754589,2,0.00106968331135841
5802,0.0961262553802009,272.683913860384,2,4.55845138941189e-05
5803,0.112673362027738,272.73088596618,2,1.92676192364139e-07
5804,0.127498804399809,272.777858071976,2,6.3916825364803e-10
5805,0.143089430894309,272.824830177771,2,6.86944052280801e-13
5806,0.166427546628407,272.871802283567,2,4.8009067541988e-18
5807,0.194165471066475,272.918774389363,2,2.29753138429993e-25
5808,0.212051649928264,272.965746495158,3,8.5554269904051e-31
5809,0.228790052606408,273.012718600954,3,2.47485401306011e-36
5810,0.237780966044955,273.05969070675,3,1.78800233579117e-39
5811,0.246580583452893,273.106662812545,3,1.17997175289196e-42
5812,0.250406504065041,273.153634918341,3,4.54039929155566e-44
5813,0.2493543758967,273.200607024136,3,1.11703889389211e-43
5814,0.2493543758967,273.247579129932,3,1.11703889389211e-43
5815,0.249736967957915,273.294551235728,3,8.05495493254436e-44
5816,0.249450023912004,273.341523341523,3,1.02940182771714e-43
5817,0.250310856049737,273.388495447319,3,4.9282970385197e-44
5818,0.250597800095648,273.435467553115,3,3.85347542714562e-44
5819,0.249258727881396,273.48243965891,3,1.21210346812798e-43
5820,0.250789096126255,273.529411764706,3,3.270118034388e-44
5821,0.257197513151602,273.576383870502,3,1.25582437207025e-46
5822,0.26571018651363,273.623355976297,3,6.4320431001715e-50
5823,0.268675274988044,273.670328082093,3,4.36973412630128e-51
5824,0.268388330942133,273.717300187888,3,5.67500239082287e-51
5825,0.275944524151124,273.764272293684,3,5.36996392905753e-54
5826,0.270109995217599,273.81124439948,3,1.17850036787334e-51
5827,0.262936394069823,273.858216505275,3,7.77585878190749e-49
5828,0.257484457197513,273.905188611071,3,9.76168003386845e-47
5829,0.249641319942611,273.952160716867,3,8.74142714605726e-44
5830,0.235868005738881,273.999132822662,3,8.5116868775771e-39
5831,0.21740793878527,274.046104928458,3,1.60503883537647e-32
5832,0.203347680535629,274.093077034254,2,4.37545559419694e-28
5833,0.191391678622669,274.140049140049,2,1.42635839868904e-24
5834,0.191582974653276,274.187021245845,2,1.25885599712575e-24
5835,0.191869918699187,274.23399335164,2,1.04346077788805e-24
5836,0.19818268770923,274.280965457436,2,1.54519699739878e-26
5837,0.209182209469154,274.327937563232,3,6.89929511296055e-30
5838,0.21999043519847,274.374909669027,3,2.27664657729212e-33
5839,0.232520325203252,274.421881774823,3,1.27015480187209e-37
5840,0.246771879483501,274.468853880619,3,1.00366511465142e-42
5841,0.255475848876136,274.515825986414,3,5.66403628146432e-46
5842,0.26312769010043,274.56279809221,3,6.55262907842778e-49
5843,0.271257771401243,274.609770198005,3,4.11288558885143e-52
5844,0.27661406025825,274.656742303801,3,2.87429500880169e-54
5845,0.281492109038737,274.703714409597,3,2.90920141316453e-56
5846,0.285413677666188,274.750686515392,3,6.89168882146897e-58
5847,0.285891917742707,274.797658621188,3,4.35281610561876e-58
5848,0.283500717360115,274.844630726984,3,4.30185633511009e-57
5849,0.275753228120517,274.891602832779,3,6.41832048942793e-54
5850,0.271257771401243,274.938574938575,3,4.11288558885143e-52
5851,0.258058345289335,274.985547044371,3,5.89383398236198e-47
5852,0.239311334289813,275.032519150166,3,5.08955789927263e-40
5853,0.218460066953611,275.079491255962,3,7.26335241616182e-33
5854,0.19167862266858,275.126463361757,2,1.18256642031657e-24
5855,0.156575801052128,275.173435467553,2,9.21271143972136e-16
5856,0.127307508369201,275.220407573349,2,6.9140298591772e-10
5857,0.08857006217121,275.267379679144,2,0.000402769029829272
5858,0.0646580583452893,275.31435178494,2,0.0970917187827189
5859,0.0441893830703013,275.361323890736,1,0.725486237054756
5860,0.0433285509325681,275.408295996531,1,0.74546152091639
5861,0.052415112386418,275.455268102327,2,0.465142543923485
5862,0.0692491630798661,275.502240208123,2,0.0411585318867129
5863,0.0980392156862745,275.549212313918,2,2.54414559113499e-05
5864,0.126351028216165,275.596184419714,2,1.02205867599335e-09
5865,0.158488761358202,275.643156525509,2,3.41581676781475e-16
5866,0.179053084648494,275.690128631305,2,3.28574165404623e-21
5867,0.203060736489718,275.737100737101,2,5.348167290398e-28
5868,0.221329507412721,275.784072842896,3,8.19542369182797e-34
5869,0.234241989478718,275.831044948692,3,3.17753958376043e-38
5870,0.246580583452893,275.878017054488,3,1.17997175289196e-42
5871,0.257293161166906,275.924989160283,3,1.15470906784113e-46
5872,0.263318986131038,275.971961266079,3,5.52123244474151e-49
5873,0.272405547584888,276.018933371875,3,1.42985251494922e-52
5874,0.270683883309421,276.06590547767,3,6.96541966015606e-52
5875,0.269631755141081,276.112877583466,3,1.8252771902572e-51
5876,0.267910090865615,276.159849689261,3,8.76835995332407e-51
5877,0.267910090865615,276.206821795057,3,8.7683599533237e-51
5878,0.264849354375897,276.253793900853,3,1.39738766890722e-49
5879,0.257388809182209,276.300766006648,3,1.06170646713209e-46
5880,0.248493543758967,276.347738112444,3,2.32744789744575e-43
5881,0.239024390243902,276.39471021824,3,6.44521347371952e-40
5882,0.237207077953132,276.441682324035,3,2.85880411390569e-39
5883,0.231181252989,276.488654429831,3,3.70731576692508e-37
5884,0.21922525107604,276.535626535627,3,4.07056496991085e-33
5885,0.205834528933525,276.582598641422,3,7.58060971250935e-29
5886,0.186896221903395,276.629570747218,2,2.57354267267644e-23
5887,0.147776183644189,276.676542853013,2,7.43251391492289e-14
5888,0.107030129124821,276.723514958809,2,1.38356661901663e-06
5889,0.0700143472022955,276.770487064605,2,0.0352814131867255
5890,0.0395026303204209,276.8174591704,1,0.817551723184015
5891,0.0126255380200861,276.864431276196,1,0.954862841873387
5892,0.00401721664275466,276.911403381992,1,0.953358240799085
5893,0.00602582496413199,276.958375487787,1,0.95472103612365
5894,0.00650406504065041,277.005347593583,1,0.954950946434455
5895,0.00669536107125777,277.052319699379,1,0.955033030231764
5896,0.00889526542324247,277.099291805174,1,0.955579945541343
5897,0.00526064084170253,277.14626391097,1,0.954278684460617
5898,0.00554758488761358,277.193236016765,1,0.95445542602985
5899,0.0105212816834051,277.240208122561,1,0.955522384239048
5900,0.018077474892396,277.287180228357,1,0.949801271815858
5901,0.0225729316116691,277.334152334152,1,0.941057556685541
5902,0.0268770923003348,277.381124439948,1,0.927031147993987
5903,0.0409373505499761,277.428096545744,1,0.79352901005555
5904,0.05844093735055,277.475068651539,2,0.249121794777692
5905,0.121090387374462,277.522040757335,2,8.28332917854633e-09
5906,0.151793400286944,277.569012863131,2,1.03731602253603e-14
5907,0.182687709230033,277.615984968926,2,3.58236809981963e-22
5908,0.204399808703969,277.662957074722,3,2.09016305501681e-28
5909,0.225155428024868,277.709929180517,3,4.27837458783239e-35
5910,0.239885222381636,277.756901286313,3,3.17126904495088e-40
5911,0.244476327116212,277.803873392109,3,6.94700198650304e-42
5912,0.243711142993783,277.850845497904,3,1.31922450578195e-41
5913,0.240459110473458,277.8978176037,3,1.97398374662726e-40
5914,0.233668101386896,277.944789709496,3,5.04816707618679e-38
5915,0.229842180774749,277.991761815291,3,1.07587642118591e-36
5916,0.223146819703491,278.038733921087,3,2.0283575921884e-34
5917,0.212625538020086,278.085706026883,3,5.61517982642544e-31
5918,0.201052128168341,278.132678132678,2,2.16072073695925e-27
5919,0.182496413199426,278.179650238474,2,4.03095458279131e-22
5920,0.158488761358202,278.226622344269,2,3.41581676781475e-16
5921,0.148445719751315,278.273594450065,2,5.37480947436649e-14
5922,0.137637494021999,278.320566555861,2,8.26988482326538e-12
5923,0.130463892874223,278.367538661656,2,1.86073836504368e-10
5924,0.135533237685318,278.414510767452,2,2.10045949390955e-11
5925,0.14988043998087,278.461482873248,2,2.66891311643362e-14
5926,0.16260162601626,278.508454979043,2,3.86286993754495e-17
5927,0.169296987087518,278.555427084839,2,9.68388830345982e-19
5928,0.170444763271162,278.602399190635,2,5.05867793118765e-19
5929,0.172835963653754,278.64937129643,2,1.28612265326919e-19
5930,0.157245337159254,278.696343402226,2,6.52000134184251e-16
5931,0.138976566236251,278.743315508021,2,4.53257295146991e-12
5932,0.124533715925395,278.790287613817,2,2.12890180395611e-09
5933,0.115351506456241,278.837259719613,2,7.2717609028825e-08
5934,0.116212338593974,278.884231825408,2,5.28819298004323e-08
5935,0.131133428981349,278.931203931204,2,1.40220944873678e-10
5936,0.148254423720708,278.978176037,2,5.89733283607569e-14
5937,0.170540411286466,279.025148142795,2,4.79109413044148e-19
5938,0.179244380679101,279.072120248591,2,2.92791150204384e-21
5939,0.188713534194165,279.119092354387,2,8.07187979992456e-24
5940,0.19349593495935,279.166064460182,2,3.58018217899568e-25
5941,0.195887135341942,279.213036565978,2,7.28269483845451e-26
5942,0.197608799617408,279.260008671773,2,2.28121182447684e-26
5943,0.196652319464371,279.306980777569,2,4.35381961689576e-26
5944,0.19349593495935,279.353952883365,2,3.58018217899568e-25
5945,0.198087039693926,279.40092498916,2,1.64899846802572e-26
5946,0.201147776183644,279.447897094956,2,2.02244783409099e-27
5947,0.205834528933525,279.494869200752,3,7.58060971250935e-29
5948,0.212338593974175,279.541841306547,3,6.93214134552435e-31
5949,0.217312290769967,279.588813412343,3,1.72467356408363e-32
5950,0.218077474892396,279.635785518139,3,9.69500739808072e-33
5951,0.211669057867049,279.682757623934,3,1.13206721917253e-30
5952,0.203921568627451,279.72972972973,2,2.9258145068763e-28
5953,0.19091343854615,279.776701835525,2,1.94794925424013e-24
5954,0.176661884265901,279.823673941321,2,1.3713906073153e-20
5955,0.156001912960306,279.870646047117,2,1.23738211171747e-15
5956,0.140602582496413,279.917618152912,2,2.1652720388323e-12
5957,0.137733142037303,279.964590258708,2,7.92386544637572e-12
5958,0.146437111429938,280.011562364504,2,1.41440284529366e-13
5959,0.160879961740794,280.058534470299,2,9.69445264187882e-17
5960,0.170157819225251,280.105506576095,2,5.95319931830467e-19
5961,0.178574844571975,280.15247868189,2,4.3806724876624e-21
5962,0.183357245337159,280.199450787686,2,2.36770754340433e-22
5963,0.18259206121473,280.246422893482,2,3.80011861661214e-22
5964,0.175035868005739,280.293394999277,2,3.57614625321815e-20
5965,0.166905786704926,280.340367105073,2,3.68474628473004e-18
5966,0.159349593495935,280.387339210869,2,2.17599643120367e-16
5967,0.1480631276901,280.434311316664,2,6.4697983638317e-14
5968,0.135628885700622,280.48128342246,2,2.01400774245242e-11
5969,0.112290769966523,280.528255528256,2,2.21002335426224e-07
5970,0.0973696795791487,280.575227634051,2,3.12477077625346e-05
5971,0.0852223816355811,280.622199739847,2,0.000991979291037792
5972,0.0814921090387375,280.669171845642,2,0.00258420552337948
5973,0.0804399808703969,280.716143951438,2,0.00335481399445083
5974,0.0784313725490196,280.763116057234,2,0.00545914846913534
5975,0.0724055475848876,280.810088163029,2,0.0214113197362462
5976,0.0659971305595409,280.857060268825,2,0.0765456077523327
5977,0.0487804878048781,280.904032374621,1,0.593994190959343
5978,0.0373983739837398,280.951004480416,1,0.847101994335377
5979,0.0278335724533716,280.997976586212,1,0.922900540343752
5980,0.0268770923003348,281.044948692008,1,0.927031147993987
5981,0.0286944045911047,281.091920797803,1,0.918798050762212
5982,0.0269727403156385,281.138892903599,1,0.926637179316721
5983,0.0213295074127212,281.185865009394,1,0.943982820088895
5984,0.0178861788617886,281.23283711519,1,0.950070759527852
5985,0.0153036824485892,281.279809220986,1,0.953022317477275
5986,0.0143472022955524,281.326781326781,1,0.953814071724773
5987,0.013868962219034,281.373753432577,1,0.954152979745801
5988,0.0158775705404113,281.420725538373,1,0.952471965284061
5989,0.0214251554280249,281.467697644168,1,0.943772871384261
5990,0.0337637494021999,281.514669749964,1,0.885166449516897
5991,0.0513629842180775,281.56164185576,1,0.50391067889966
5992,0.0651362984218078,281.608613961555,2,0.0893008063174442
5993,0.0791009086561454,281.655586067351,2,0.00464905303868351
5994,0.0887613582018173,281.702558173146,2,0.000382094207156442
5995,0.101673840267814,281.749530278942,2,8.11087034851909e-06
5996,0.112099473935916,281.796502384738,2,2.36645449623394e-07
5997,0.123290291726447,281.843474490533,2,3.49386875526681e-09
5998,0.138307030129125,281.890446596329,2,6.12727318714676e-12
5999,0.156384505021521,281.937418702125,2,1.01660402354756e-15
6000,0.169966523194644,281.98439080792,2,6.63460021020382e-19
6001,0.178096604495457,282.031362913716,2,5.83507857019701e-21
6002,0.181922525107604,282.078335019512,2,5.73762968828602e-22
6003,0.183070301291248,282.125307125307,2,2.82813719211031e-22
6004,0.180870396939264,282.172279231103,2,1.0922339210418e-21
6005,0.178574844571975,282.219251336898,2,4.3806724876624e-21
6006,0.174748923959828,282.266223442694,2,4.23052923441329e-20
6007,0.167575322812052,282.31319554849,2,2.54027031241563e-18
6008,0.160975609756098,282.360167654285,2,9.21404313365948e-17
6009,0.149689143950263,282.407139760081,2,2.93129051276441e-14
6010,0.152654232424677,282.454111865877,2,6.75039787875611e-15
6011,0.154471544715447,282.501083971672,2,2.70123052709607e-15
6012,0.158297465327594,282.548056077468,2,3.77442100728613e-16
6013,0.166044954567193,282.595028183263,2,5.928975992074e-18
6014,0.172835963653754,282.642000289059,2,1.28612265326919e-19
6015,0.178861788617886,282.688972394855,2,3.68675746851471e-21
6016,0.1844093735055,282.73594450065,2,1.23059244376768e-22
6017,0.190148254423721,282.782916606446,2,3.20107321656862e-24
6018,0.196461023433764,282.829888712242,2,4.95246242411641e-26
6019,0.201530368244859,282.876860818037,2,1.55180462529958e-27
6020,0.203825920612147,282.923832923833,2,3.12906360565144e-28
6021,0.208225729316117,282.970805029629,3,1.37424038399884e-29
6022,0.213868962219034,283.017777135424,3,2.24573251318592e-31
6023,0.218842659014825,283.06474924122,3,5.43883359897599e-33
6024,0.224868483978957,283.111721347015,3,5.34796666223849e-35
6025,0.228024868483979,283.158693452811,3,4.525708222038e-36
6026,0.2337637494022,283.205665558607,3,4.67367034250907e-38
6027,0.238163558106169,283.252637664402,3,1.30690101013933e-39
6028,0.238259206121473,283.299609770198,3,1.2083156710398e-39
6029,0.238928742228599,283.346581875994,3,6.97265855734679e-40
6030,0.240076518412243,283.393553981789,3,2.7080231773508e-40
6031,0.234911525585844,283.440526087585,3,1.84913710665305e-38
6032,0.226303204208513,283.487498193381,3,1.74765091315381e-35
6033,0.214729794356767,283.534470299176,3,1.18687773554213e-31
6034,0.212816834050693,283.581442404972,3,4.87853456336607e-31
6035,0.210521281683405,283.628414510767,3,2.61440943849595e-30
6036,0.209564801530368,283.675386616563,3,5.23225539421069e-30
6037,0.209564801530368,283.722358722359,3,5.23225539421069e-30
6038,0.21090387374462,283.769330828154,3,1.97896818916266e-30
6039,0.211382113821138,283.81630293395,3,1.39618630183818e-30
6040,0.212434241989479,283.863275039746,3,6.46220206532875e-31
6041,0.208799617407939,283.910247145541,3,9.09253669913611e-30
6042,0.206982305117169,283.957219251337,3,3.34874189012864e-29
6043,0.202965088474414,284.004191357133,2,5.71787808182765e-28
6044,0.196174079387853,284.051163462928,2,6.00659293469415e-26
6045,0.187852702056432,284.098135568724,2,1.40033400688818e-23
6046,0.175131516021043,284.145107674519,2,3.38109240012364e-20
6047,0.155045432807269,284.192079780315,2,2.01769236637486e-15
6048,0.138020086083214,284.239051886111,2,6.96892081624041e-12
6049,0.114681970349115,284.286023991906,2,9.29940544487805e-08
6050,0.0837876614060258,284.332996097702,2,0.00144209708188506
6051,0.0397895743663319,284.379968203498,1,0.813014366777023
6052,0.0157819225251076,284.426940309293,1,0.952567710050456
6053,0.00937350549976088,284.473912415089,1,0.955603556737348
6054,0.00621712099473936,284.520884520885,1,0.954817254211048
6055,0.00937350549976088,284.56785662668,1,0.955603556737348
6056,0.0110951697752272,284.614828732476,1,0.955408568127624
6057,0.0163558106169297,284.661800838271,1,0.951968652617018
6058,0.0168340506934481,284.708772944067,1,0.951423514174613
6059,0.0166427546628407,284.755745049863,1,0.951646665193956
6060,0.0134863701578192,284.802717155658,1,0.954397468351925
6061,0.0132950741272119,284.849689261454,1,0.954510954220633
6062,0.0200860832137733,284.89666136725,1,0.946499346376557
6063,0.0350071736011478,284.943633473045,1,0.873745273257092
6064,0.0487804878048781,284.990605578841,1,0.593994190959343
6065,0.0642754662840746,285.037577684637,2,0.103702320386348
6066,0.0791965566714491,285.084549790432,2,0.00454296298225438
6067,0.0803443328550933,285.131521896228,2,0.00343466963637387
6068,0.0746054519368723,285.178494002023,2,0.0132244068729586
6069,0.0842659014825442,285.225466107819,2,0.00127404284596061
6070,0.104543280726925,285.272438213615,2,3.18419565437026e-06
6071,0.134863701578192,285.31941031941,2,2.81639555485178e-11
6072,0.164801530368245,285.366382425206,2,1.17266255770218e-17
6073,0.200191296030607,285.413354531002,2,3.91192922103915e-27
6074,0.218555714968914,285.460326636797,3,6.75693766244638e-33
6075,0.236154949784792,285.507298742593,3,6.74040376761837e-39
6076,0.243232902917264,285.554270848389,3,1.96788659075332e-41
6077,0.248493543758967,285.601242954184,3,2.32744789744575e-43
6078,0.253562888570062,285.64821505998,3,2.98896376016894e-45
6079,0.253275944524151,285.695187165775,3,3.83240301854871e-45
6080,0.247441415590626,285.742159271571,3,5.69141281183693e-43
6081,0.239024390243902,285.789131377367,3,6.44521347371961e-40
6082,0.228216164514586,285.836103483162,3,3.8925122106682e-36
6083,0.212242945958871,285.883075588958,3,7.43600889281195e-31
6084,0.201721664275466,285.930047694754,2,1.35901419999367e-27
6085,0.200478240076518,285.977019800549,2,3.21070402076744e-27
6086,0.202486848397896,286.023991906345,2,7.98277830248343e-28
6087,0.198852223816356,286.070964012141,2,9.7923802240492e-27
6088,0.191582974653276,286.117936117936,2,1.25885599712575e-24
6089,0.192922046867528,286.164908223732,2,5.2288026650665e-25
6090,0.188235294117647,286.211880329527,2,1.09662314046505e-23
6091,0.184791965566714,286.258852435323,2,9.68896006341155e-23
6092,0.184696317551411,286.305824541119,2,1.02863375929035e-22
6093,0.186417981826877,286.352796646914,2,3.48395538509093e-23
6094,0.191582974653276,286.39976875271,2,1.25885599712575e-24
6095,0.200956480153037,286.446740858506,2,2.30836473216482e-27
6096,0.208799617407939,286.493712964301,3,9.09253669913611e-30
6097,0.214634146341463,286.540685070097,3,1.27419270386699e-31
6098,0.224198947871832,286.587657175893,3,8.99185191133214e-35
6099,0.234528933524629,286.634629281688,3,2.51999564248946e-38
6100,0.237207077953132,286.681601387484,3,2.85880411390569e-39
6101,0.23299856527977,286.728573493279,3,8.6518697481691e-38
6102,0.224868483978957,286.775545599075,3,5.34796666223849e-35
6103,0.217790530846485,286.822517704871,3,1.20354264029909e-32
6104,0.214634146341463,286.869489810666,3,1.27419270386699e-31
6105,0.216547106647537,286.916461916462,3,3.06180353154647e-32
6106,0.220181731229077,286.963434022258,3,1.96820080819213e-33
6107,0.224581539933046,287.010406128053,3,6.68312696038146e-35
6108,0.228598756575801,287.057378233849,3,2.87846827342099e-36
6109,0.231372549019608,287.104350339644,3,3.18239950402521e-37
6110,0.232042085126734,287.15132244544,3,1.86331603135336e-37
6111,0.228981348637016,287.198294551236,3,2.12758082424118e-36
6112,0.225251076040172,287.245266657031,3,3.97145029957385e-35
6113,0.225920612147298,287.292238762827,3,2.35652950192016e-35
6114,0.219799139167862,287.339210868623,3,2.63309980737721e-33
6115,0.214347202295552,287.386182974418,3,1.57629530474296e-31
6116,0.213295074127212,287.433155080214,3,3.43046502386846e-31
6117,0.215399330463893,287.48012718601,3,7.2145085070059e-32
6118,0.215399330463893,287.527099291805,3,7.2145085070059e-32
6119,0.213199426111908,287.574071397601,3,3.68102598873565e-31
6120,0.209851745576279,287.621043503396,3,4.25057778504662e-30
6121,0.201530368244859,287.668015609192,2,1.55180462529958e-27
6122,0.199521759923482,287.714987714988,2,6.1947401831491e-27
6123,0.192922046867528,287.761959820783,2,5.2288026650665e-25
6124,0.185078909612626,287.808931926579,2,8.09522598623738e-23
6125,0.179913916786227,287.855904032375,2,1.95338076702234e-21
6126,0.171879483500717,287.90287613817,2,2.23028562349614e-19
6127,0.161166905786705,287.949848243966,2,8.32260264488375e-17
6128,0.155810616929699,287.996820349762,2,1.36487087632866e-15
6129,0.140793878527021,288.043792455557,2,1.98380556437656e-12
6130,0.129411764705882,288.090764561353,2,2.89326573641476e-10
6131,0.121855571496891,288.137736667148,2,6.14665701913074e-09
6132,0.111812529890005,288.184708772944,2,2.62147801280789e-07
6133,0.103586800573888,288.23168087874,2,4.36253977844478e-06
6134,0.0861788617886179,288.278652984535,2,0.000769861237672452
6135,0.0507890961262554,288.325625090331,1,0.524662048265013
6136,0.0233381157340985,288.372597196127,1,0.939033923472776
6137,0.00937350549976088,288.419569301922,1,0.955603556737348
6138,0.00468675274988044,288.466541407718,1,0.953885447826499
6139,0.00650406504065041,288.513513513514,1,0.954950946434455
6140,0.00583452893352463,288.560485619309,1,0.954619106964132
6141,0.00506934481109517,288.607457725105,1,0.954153532039849
6142,0.00650406504065041,288.6544298309,1,0.954950946434455
6143,0.0128168340506934,288.701401936696,1,0.954769442050805
6144,0.0279292204686753,288.748374042492,1,0.922463369238795
6145,0.0413199426111908,288.795346148287,1,0.786538063341804
6146,0.0556671449067432,288.842318254083,2,0.344337231222132
6147,0.0656145384983262,288.889290359879,2,0.0820182890710525
6148,0.0759445241511239,288.936262465674,2,0.00976634989078791
6149,0.096700143472023,288.98323457147,2,3.83191724615651e-05
6150,0.115160210425634,289.030206677266,2,7.80238952952213e-08
6151,0.130272596843616,289.077178783061,2,2.01681485759401e-10
6152,0.14701099952176,289.124150888857,2,1.07438017894508e-13
6153,0.151602104256337,289.171122994652,2,1.14081180198674e-14
6154,0.144811095169775,289.218095100448,2,3.06282614880989e-13
6155,0.142706838833094,289.265067206244,2,8.20826493361587e-13
6156,0.138307030129125,289.312039312039,2,6.12727318714676e-12
6157,0.126924916307987,289.359011417835,2,8.08716307174868e-10
6158,0.12415112386418,289.405983523631,2,2.48088248328439e-09
6159,0.123003347680536,289.452955629426,2,3.91402125979334e-09
6160,0.116690578670493,289.499927735222,2,4.42558633359332e-08
6161,0.11324725011956,289.546899841018,2,1.56696490027313e-07
6162,0.103204208512673,289.593871946813,2,4.94365101084269e-06
6163,0.0950741272118604,289.640844052609,2,6.24824768228518e-05
6164,0.0945958871353419,289.687816158404,2,7.20195033830647e-05
6165,0.1012912482066,289.7347882642,2,9.16787934537113e-06
6166,0.110951697752272,289.781760369996,2,3.55748043659257e-07
6167,0.122429459588714,289.828732475791,2,4.90773565497398e-09
6168,0.132759445241511,289.875704581587,2,7.00740891107986e-11
6169,0.136394069823051,289.922676687383,2,1.43724327647218e-11
6170,0.138976566236251,289.969648793178,2,4.53257295146991e-12
6171,0.142132950741272,290.016620898974,2,1.07107709765286e-12
6172,0.146532759445242,290.06359300477,2,1.35115872695065e-13
6173,0.155619320899091,290.110565110565,2,1.5052911424159e-15
6174,0.173027259684362,290.157537216361,2,1.15153707462501e-19
6175,0.195791487326638,290.204509322156,2,7.76512147231389e-26
6176,0.211669057867049,290.251481427952,3,1.13206721917253e-30
6177,0.222955523672884,290.298453533748,3,2.35075206754219e-34
6178,0.237111429937829,290.345425639543,3,3.09108076340446e-39
6179,0.250023912003826,290.392397745339,3,6.3013519759764e-44
6180,0.252702056432329,290.439369851135,3,6.29581340875787e-45
6181,0.2519368723099,290.48634195693,3,1.21850572556724e-44
6182,0.250597800095648,290.533314062726,3,3.85347542714562e-44
6183,0.246006695361071,290.580286168521,3,1.91615584841929e-42
6184,0.240746054519369,290.627258274317,3,1.55680113162482e-40
6185,0.230798660927786,290.674230380113,3,5.02940056233826e-37
6186,0.225824964131994,290.721202485908,3,2.53918670835957e-35
6187,0.216738402678144,290.768174591704,3,2.65303671901235e-32
6188,0.205834528933525,290.8151466975,3,7.58060971250935e-29
6189,0.198373983739837,290.862118803295,2,1.35663743183813e-26
6190,0.195217599234816,290.909090909091,2,1.14011977202698e-25
6191,0.196461023433764,290.956063014887,2,4.95246242411641e-26
6192,0.198947871831659,291.003035120682,2,9.17330882625932e-27
6193,0.206886657101865,291.050007226478,3,3.58535896952568e-29
6194,0.209277857484457,291.096979332273,3,6.43869455613094e-30
6195,0.207651841224295,291.143951438069,3,2.07446919611335e-29
6196,0.189478718316595,291.190923543865,2,4.93400272244894e-24
6197,0.16260162601626,291.23789564966,2,3.86286993754495e-17
6198,0.121186035389766,291.284867755456,2,7.9810086798835e-09
6199,0.0710664753706361,291.331839861252,2,0.028413607476653
6200,0.0475370636059302,291.378811967047,1,0.633647848802698
6201,0.0357723577235772,291.425784072843,1,0.86593348952909
6202,0.0276422764227642,291.472756178639,1,0.923761386452758
6203,0.020181731229077,291.519728284434,1,0.946319318974912
6204,0.0164514586322334,291.56670039023,1,0.951863008944297
6205,0.0155906264945002,291.613672496025,1,0.952754351448207
6206,0.0175035868005739,291.660644601821,1,0.950587688267986
6207,0.0258249641319943,291.707616707617,1,0.931103175611386
6208,0.0349115255858441,291.754588813412,1,0.874678180464982
6209,0.058727881396461,291.801560919208,2,0.240061767516699
6210,0.0787183165949307,291.848533025004,2,0.00509702892321457
6211,0.0996652319464371,291.895505130799,2,1.53428140545455e-05
6212,0.121090387374462,291.942477236595,2,8.28332917854633e-09
6213,0.146819703491153,291.989449342391,2,1.1776609637292e-13
6214,0.165471066475371,292.036421448186,2,8.12839986923066e-18
6215,0.176661884265901,292.083393553982,2,1.3713906073153e-20
6216,0.184983261597322,292.130365659777,2,8.59530453173537e-23
6217,0.189765662362506,292.177337765573,2,4.09983458248441e-24
6218,0.188904830224773,292.224309871369,2,7.13884742972026e-24
6219,0.188139646102343,292.271281977164,2,1.16580334246891e-23
6220,0.188713534194165,292.31825408296,2,8.07187979992456e-24
6221,0.19167862266858,292.365226188756,2,1.18256642031657e-24
6222,0.195217599234816,292.412198294551,2,1.14011977202698e-25
6223,0.197226207556193,292.459170400347,2,2.95554471221381e-26
6224,0.197417503586801,292.506142506143,2,2.59676831358378e-26
6225,0.199043519846963,292.553114611938,2,8.59306432224822e-27
6226,0.201721664275466,292.600086717734,2,1.35901419999367e-27
6227,0.204112864658058,292.647058823529,2,2.55779558881485e-28
6228,0.199713055954089,292.694030929325,2,5.43329757533198e-27
6229,0.192443806791009,292.741003035121,2,7.16211042369673e-25
6230,0.185939741750359,292.787975140916,2,4.71202909382173e-23
6231,0.185557149689144,292.834947246712,2,5.9954814922921e-23
6232,0.188235294117647,292.881919352508,2,1.09662314046505e-23
6233,0.194835007173601,292.928891458303,2,1.4717459198495e-25
6234,0.204399808703969,292.975863564099,3,2.09016305501681e-28
6235,0.213390722142516,293.022835669895,3,3.19685414837692e-31
6236,0.214921090387374,293.06980777569,3,1.02968720777686e-31
6237,0.214634146341463,293.116779881486,3,1.27419270386699e-31
6238,0.217025346724055,293.163751987281,3,2.13937871951197e-32
6239,0.218460066953611,293.210724093077,3,7.26335241616182e-33
6240,0.219703491152559,293.257696198873,3,2.83160526858753e-33
6241,0.218842659014825,293.304668304668,3,5.43883359897599e-33
6242,0.218364418938307,293.351640410464,3,7.80747407932463e-33
6243,0.215781922525108,293.39861251626,3,5.42443583128232e-32
6244,0.213868962219034,293.445584622055,3,2.24573251318592e-31
6245,0.211860353897657,293.492556727851,3,9.84205575461536e-31
6246,0.209277857484457,293.539528833647,3,6.43869455613094e-30
6247,0.20545193687231,293.586500939442,3,9.94253501811769e-29
6248,0.202678144428503,293.633473045238,2,6.98606312412095e-28
6249,0.205069344811095,293.680445151033,3,1.30331232837061e-28
6250,0.199713055954089,293.727417256829,2,5.43329757533198e-27
6251,0.195121951219512,293.774389362625,2,1.21533224886129e-25
6252,0.192539454806313,293.82136146842,2,6.72582320724488e-25
6253,0.188617886178862,293.868333574216,2,8.58269463814051e-24
6254,0.183261597321856,293.915305680012,2,2.51228208420707e-22
6255,0.17895743663319,293.962277785807,2,3.48054319703562e-21
6256,0.17714012434242,294.009249891603,2,1.03241983378995e-20
6257,0.174175035868006,294.056221997398,2,5.91459945300339e-20
6258,0.170731707317073,294.103194103194,2,4.29717677144548e-19
6259,0.16987087517934,294.15016620899,2,7.00363599282616e-19
6260,0.177235772357724,294.197138314785,2,9.75320641717424e-21
6261,0.190722142515543,294.244110420581,2,2.20599305659757e-24
6262,0.204399808703969,294.291082526377,3,2.09016305501681e-28
6263,0.223529411764706,294.338054632172,3,1.50959272861127e-34
6264,0.243424198947872,294.385026737968,3,1.67711936182786e-41
6265,0.265231946437111,294.431998843764,3,9.90079449803858e-50
6266,0.281013868962219,294.478970949559,3,4.5779289681108e-56
6267,0.296317551410808,294.525943055355,3,1.64657758913196e-62
6268,0.300430416068867,294.57291516115,3,2.7176040054027e-64
6269,0.301195600191296,294.619887266946,3,1.25952993342424e-64
6270,0.303395504543281,294.666859372742,3,1.36733809731976e-65
6271,0.304543280726925,294.713831478537,3,4.2687483869213e-66
6272,0.303204208512673,294.760803584333,3,1.65949276349859e-65
6273,0.299186991869919,294.807775690129,3,9.4474313883787e-64
6274,0.294595887135342,294.854747795924,3,9.0434396780848e-62
6275,0.290100430416069,294.90171990172,3,7.41678656043242e-60
6276,0.286178861788618,294.948692007516,3,3.30292218867551e-58
6277,0.280057388809182,294.995664113311,3,1.13133673262191e-55
6278,0.273170731707317,295.042636219107,3,7.05438518454554e-53
6279,0.269631755141081,295.089608324902,3,1.8252771902572e-51
6280,0.269727403156384,295.136580430698,3,1.67244657667243e-51
6281,0.264371114299378,295.183552536494,3,2.14838861784193e-49
6282,0.26571018651363,295.230524642289,3,6.4320431001715e-50
6283,0.267814442850311,295.277496748085,3,9.56475644126885e-51
6284,0.269727403156384,295.324468853881,3,1.67244657667243e-51
6285,0.270779531324725,295.371440959676,3,6.38032620547449e-52
6286,0.273170731707317,295.418413065472,3,7.05438518454554e-53
6287,0.276231468197035,295.465385171268,3,4.10874730621471e-54
6288,0.278240076518412,295.512357277063,3,6.26552212187566e-55
6289,0.276901004304161,295.559329382859,3,2.19799223582373e-54
6290,0.276231468197035,295.606301488654,3,4.10874730621471e-54
6291,0.273935915829747,295.65327359445,3,3.47443885101008e-53
6292,0.270205643232903,295.700245700246,3,1.07967994206613e-51
6293,0.267049258727881,295.747217806041,3,1.91557476375952e-50
6294,0.262745098039216,295.794189911837,3,9.22644424098268e-49
6295,0.254519368723099,295.841162017633,3,1.30291225954495e-45
6296,0.247632711621234,295.888134123428,3,4.83861232937827e-43
6297,0.245815399330464,295.935106229224,3,2.25175314315802e-42
6298,0.24753706360593,295.98207833502,3,5.24779019970429e-43
6299,0.247919655667145,296.029050440815,3,3.79211820950991e-43
6300,0.248397895743663,296.076022546611,3,2.5248965954483e-43
6301,0.250980392156863,296.122994652406,3,2.77476732243372e-44
6302,0.255762792922047,296.169966758202,3,4.40918949058039e-46
6303,0.260736489717838,296.216938863998,3,5.52344726432098e-48
6304,0.262840746054519,296.263910969793,3,8.47026916948612e-49
6305,0.27116212338594,296.310883075589,3,4.49064897507736e-52
6306,0.276327116212339,296.357855181385,3,3.75778808189353e-54
6307,0.283022477283596,296.40482728718,3,6.78837242302854e-57
6308,0.285126733620277,296.451799392976,3,9.07653508844084e-58
6309,0.282926829268293,296.498771498772,3,7.43623174352155e-57
6310,0.279196556671449,296.545743604567,3,2.54819778318056e-55
6311,0.277283596365375,296.592715710363,3,1.53646887909918e-54
6312,0.277187948350072,296.639687816158,3,1.68041571845704e-54
6313,0.271353419416547,296.686659921954,3,3.76679977356451e-52
6314,0.265614538498326,296.73363202775,3,7.01191262744377e-50
6315,0.258727881396461,296.780604133545,3,3.26749285206786e-47
6316,0.247728359636538,296.827576239341,3,4.46121527793017e-43
6317,0.233572453371593,296.874548345137,3,5.45251361587905e-38
6318,0.221329507412721,296.921520450932,3,8.19542369182797e-34
6319,0.206982305117169,296.968492556728,3,3.34874189012864e-29
6320,0.193304638928742,297.015464662524,2,4.06257849518637e-25
6321,0.185078909612626,297.062436768319,2,8.09522598623738e-23
6322,0.187374461979914,297.109408874115,2,1.89925975623479e-23
6323,0.194261119081779,297.15638097991,2,2.1561392736472e-25
6324,0.206121472979436,297.203353085706,3,6.18302788297972e-29
6325,0.218268770923003,297.250325191502,3,8.39209142891734e-33
6326,0.233476805356289,297.297297297297,3,5.88907637609293e-38
6327,0.251267336202774,297.344269403093,3,2.16836258373209e-44
6328,0.264849354375897,297.391241508889,3,1.39738766890722e-49
6329,0.278527020564323,297.438213614684,3,4.78477548497522e-55
6330,0.27584887613582,297.48518572048,3,5.8708661200672e-54
6331,0.278909612625538,297.532157826276,3,3.33865778925468e-55
6332,0.279005260640842,297.579129932071,3,3.05119915785084e-55
6333,0.275274988043998,297.626102037867,3,1.00194459355284e-53
6334,0.278144428503109,297.673074143662,3,6.8543458943949e-55
6335,0.284265901482544,297.720046249458,3,2.07051750341422e-57
6336,0.283787661406026,297.767018355254,3,3.27077948782948e-57
6337,0.28024868483979,297.813990461049,3,9.44278019503338e-56
6338,0.278813964610234,297.860962566845,3,3.65310102641938e-55
6339,0.268005738880918,297.907934672641,3,8.03805888747454e-51
6340,0.246963175514108,297.954906778436,3,8.53606866543261e-43
6341,0.222955523672884,298.001878884232,3,2.35075206754219e-34
6342,0.19818268770923,298.048850990028,2,1.54519699739878e-26
6343,0.174653275944524,298.095823095823,2,4.47393261602048e-20
6344,0.157436633189861,298.142795201619,2,5.90497018534051e-16
6345,0.141654710664754,298.189767307414,2,1.33579165345532e-12
6346,0.124055475848876,298.23673941321,2,2.57741332468433e-09
6347,0.102152080344333,298.283711519006,2,6.95431467932745e-06
6348,0.0803443328550933,298.330683624801,2,0.00343466963637387
6349,0.0569105691056911,298.377655730597,2,0.300147204663822
6350,0.0404591104734577,298.424627836393,1,0.801913736718266
6351,0.0311812529890005,298.471599942188,1,0.904564593204514
6352,0.0277379244380679,298.518572047984,1,0.923333198015872
6353,0.0461023433763749,298.565544153779,1,0.675761946703808
6354,0.0630320420851267,298.612516259575,2,0.12760406928193
6355,0.08675274988044,298.659488365371,2,0.000660213519703889
6356,0.118412242945959,298.706460471166,2,2.31573609666156e-08
6357,0.147871831659493,298.753432576962,2,7.09689567640875e-14
6358,0.175418460066954,298.800404682758,2,2.85684711965534e-20
6359,0.207364897178384,298.847376788553,3,2.54758362579747e-29
6360,0.229650884744142,298.894348894349,3,1.25215391192157e-36
6361,0.244763271162123,298.941321000145,3,5.45948884964743e-42
6362,0.255667144906743,298.98829310594,3,4.79320862132265e-46
6363,0.266857962697274,299.035265211736,3,2.27818471475963e-50
6364,0.272118603538977,299.082237317531,3,1.86278101477554e-52
6365,0.27403156384505,299.129209423327,3,3.17969653473786e-53
6366,0.274892395982783,299.176181529123,3,1.43012157350355e-53
6367,0.272596843615495,299.223153634918,3,1.19854085830494e-52
6368,0.268770923003348,299.270125740714,3,4.00492818572111e-51
6369,0.248015303682449,299.31709784651,3,3.49605459113193e-43
6370,0.231085604973697,299.364069952305,3,4.00122421398372e-37
6371,0.198373983739837,299.411042058101,2,1.35663743183813e-26
6372,0.16078431372549,299.458014163897,2,1.01995582275532e-16
6373,0.108369201339072,299.504986269692,2,8.75390438833637e-07
6374,0.0493543758967001,299.551958375488,1,0.574791511023924
6375,0.0223816355810617,299.598930481283,1,0.941536019302114
6376,0.0155906264945002,299.645902587079,1,0.952754351448207
6377,0.00889526542324247,299.692874692875,1,0.955579945541343
6378,0.00526064084170253,299.73984679867,1,0.954278684460617
6379,0.00889526542324247,299.786818904466,1,0.955579945541343
6380,0.020181731229077,299.833791010262,1,0.946319318974912
6381,0.0328072692491631,299.880763116057,1,0.892980897968658
6382,0.0454328072692492,299.927735221853,1,0.694008849382997
6383,0.0698230511716882,299.974707327649,2,0.0366768646828046
6384,0.0940219990435198,300.021679433444,2,8.53145731168886e-05
6385,0.128359636537542,300.06865153924,2,4.48129152237555e-10
6386,0.162123385939742,300.115623645035,2,4.99347310156305e-17
6387,0.196843615494978,300.162595750831,2,3.82698008108844e-26
6388,0.212147297943568,300.209567856627,3,7.97623603377128e-31
6389,0.219703491152559,300.256539962422,3,2.83160526858753e-33
6390,0.228120516499283,300.303512068218,3,4.19724913278003e-36
6391,0.230511716881875,300.350484174014,3,6.32010866956197e-37
6392,0.226685796269727,300.397456279809,3,1.29546883200174e-35
6393,0.231085604973697,300.444428385605,3,4.00122421398372e-37
6394,0.221425155428025,300.4914004914,3,7.61684738878491e-34
6395,0.202391200382592,300.538372597196,2,8.53280397293064e-28
6396,0.181157340985175,300.585344702992,2,9.1676834895412e-22
6397,0.152558584409374,300.632316808787,2,7.08139462024347e-15
6398,0.110090865614538,300.679288914583,2,4.81523093610939e-07
6399,0.072883787661406,300.726261020379,2,0.0193159055695355
6400,0.0583452893352463,300.773233126174,2,0.252180080006607
6401,0.0835007173601148,300.82020523197,2,0.00155278229818382
6402,0.0972740315638451,300.867177337766,2,3.21748508684051e-05
6403,0.121472979435677,300.914149443561,2,7.13728521813842e-09
6404,0.146532759445242,300.961121549357,2,1.35115872695065e-13
6405,0.166427546628407,301.008093655152,2,4.8009067541988e-18
6406,0.183452893352463,301.055065760948,2,2.23136957386516e-22
6407,0.196269727403156,301.102037866744,2,5.63259366002808e-26
6408,0.20181731229077,301.149009972539,2,1.27172812219698e-27
6409,0.214155906264945,301.195982078335,3,1.81621960394982e-31
6410,0.21453849832616,301.242954184131,3,1.36788660649265e-31
6411,0.215112386417982,301.289926289926,3,8.93198896551926e-32
6412,0.213486370157819,301.336898395722,3,2.97905399239178e-31
6413,0.209182209469154,301.383870501518,3,6.89929511296055e-30
6414,0.201530368244859,301.430842607313,2,1.55180462529958e-27
6415,0.194261119081779,301.477814713109,2,2.1561392736472e-25
6416,0.18909612625538,301.524786818904,2,6.31272220606734e-24
6417,0.182879005260641,301.5717589247,2,3.18322793340469e-22
6418,0.182687709230033,301.618731030496,2,3.58236809981968e-22
6419,0.173122907699665,301.665703136291,2,1.0895622554611e-19
6420,0.157819225251076,301.712675242087,2,4.84150397690017e-16
6421,0.142132950741272,301.759647347883,2,1.07107709765286e-12
6422,0.122620755619321,301.806619453678,2,4.55180954059645e-09
6423,0.110186513629842,301.853591559474,2,4.656549452542e-07
6424,0.110760401721664,301.90056366527,2,3.80588823009127e-07
6425,0.114108082257293,301.947535771065,2,1.14675576494705e-07
6426,0.131898613103778,301.994507876861,2,1.01285892600972e-10
6427,0.153610712577714,302.041479982656,2,4.17478782681881e-15
6428,0.171305595408895,302.088452088452,2,3.09780217416116e-19
6429,0.186800573888092,302.135424194248,2,2.7344631898319e-23
6430,0.200669536107126,302.182396300043,2,2.81402914380506e-27
6431,0.210808225729316,302.229368405839,3,2.12175061933109e-30
6432,0.214251554280249,302.276340511635,3,1.6920378113841e-31
6433,0.210712577714012,302.32331261743,3,2.27475860921874e-30
6434,0.210999521759923,302.370284723226,3,1.84573247780211e-30
6435,0.207843137254902,302.417256829022,3,1.80863788864558e-29
6436,0.206121472979436,302.464228934817,3,6.18302788297972e-29
6437,0.20908656145385,302.511201040613,3,7.39259485001443e-30
6438,0.217120994739359,302.558173146408,3,1.99116834387006e-32
6439,0.220851267336203,302.605145252204,3,1.18127072110282e-33
6440,0.220755619320899,302.652117358,3,1.27076262964392e-33
6441,0.219129603060737,302.699089463795,3,4.37661182892547e-33
6442,0.20650406504065,302.746061569591,3,4.70963094570278e-29
6443,0.194261119081779,302.793033675387,2,2.1561392736472e-25
6444,0.172070779531325,302.840005781182,2,1.99834562265479e-19
6445,0.137541846006695,302.886977886978,2,8.63073450044855e-12
6446,0.108082257293161,302.933949992774,2,9.66117228599299e-07
6447,0.0827355332376853,302.980922098569,2,0.00188854524390374
6448,0.0593974175035868,303.027894204365,2,0.219620339127727
6449,0.0375896700143472,303.07486631016,1,0.844670186600795
6450,0.0451458632233381,303.121838415956,1,0.701550773294562
6451,0.062362505978001,303.168810521752,2,0.142057626356383
6452,0.0899091343854615,303.215782627547,2,0.000277770874619678
6453,0.122142515542802,303.262754733343,2,5.49316423599757e-09
6454,0.153036824485892,303.309726839139,2,5.57219331801477e-15
6455,0.181157340985175,303.356698944934,2,9.1676834895412e-22
6456,0.198087039693926,303.40367105073,2,1.64899846802572e-26
6457,0.211669057867049,303.450643156526,3,1.13206721917253e-30
6458,0.224868483978957,303.497615262321,3,5.34796666223849e-35
6459,0.233572453371593,303.544587368117,3,5.45251361587905e-38
6460,0.232329029172645,303.591559473912,3,1.48069857717997e-37
6461,0.232424677187948,303.638531579708,3,1.37141215993724e-37
6462,0.234433285509326,303.685503685504,3,2.72255135271032e-38
6463,0.236250597800096,303.732475791299,3,6.2356881946646e-39
6464,0.239311334289813,303.779447897095,3,5.08955789927263e-40
6465,0.243424198947872,303.826420002891,3,1.6771193618279e-41
6466,0.248206599713056,303.873392108686,3,2.97122053706143e-43
6467,0.253467240554758,303.920364214482,3,3.24725218314466e-45
6468,0.255571496891439,303.967336320278,3,5.21053223200397e-46
6469,0.255954088952654,304.014308426073,3,3.73068168429676e-46
6470,0.255093256814921,304.061280531869,3,7.90648764474234e-46
6471,0.252510760401722,304.108252637664,3,7.42706258946753e-45
6472,0.248493543758967,304.15522474346,3,2.32744789744575e-43
6473,0.250693448110952,304.202196849256,3,3.54988246564829e-44
6474,0.245432807269249,304.249168955051,3,3.10853555443899e-42
6475,0.239789574366332,304.296141060847,3,3.43166596017517e-40
6476,0.237780966044955,304.343113166643,3,1.78800233579117e-39
6477,0.234720229555237,304.390085272438,3,2.15878575755251e-38
6478,0.235676709708274,304.437057378234,3,9.9427466556318e-39
6479,0.241702534672406,304.48402948403,3,7.04264253991155e-41
6480,0.249258727881396,304.531001589825,3,1.21210346812798e-43
6481,0.250884744141559,304.577973695621,3,3.01231899474041e-44
6482,0.253084648493544,304.624945801416,3,4.5225031244743e-45
6483,0.252797704447633,304.671917907212,3,5.79630746321522e-45
6484,0.248206599713056,304.718890013008,3,2.97122053706143e-43
6485,0.247728359636538,304.765862118803,3,4.46121527793017e-43
6486,0.247345767575323,304.812834224599,3,6.17236633550933e-43
6487,0.23921568627451,304.859806330395,3,5.5065315543629e-40
6488,0.227929220468675,304.90677843619,3,4.87972542636919e-36
6489,0.207364897178384,304.953750541986,3,2.54758362579747e-29
6490,0.166140602582496,305.000722647782,2,5.62456022984276e-18
6491,0.121759923481588,305.047694753577,2,6.38092047170683e-09
6492,0.0925872788139646,305.094666859373,2,0.000129650181720507
6493,0.0700143472022956,305.141638965168,2,0.0352814131867254
6494,0.0522238163558106,305.188611070964,2,0.472245156122447
6495,0.0471544715447154,305.23558317676,1,0.645272435244379
6496,0.0452415112386418,305.282555282555,1,0.699055367084073
6497,0.0514586322333812,305.329527388351,1,0.500421018086348
6498,0.0634146341463415,305.376499494147,2,0.119847765787354
6499,0.0835007173601148,305.423471599942,2,0.00155278229818382
6500,0.107030129124821,305.470443705738,2,1.38356661901663e-06
6501,0.127116212338594,305.517415811534,2,7.47810542021672e-10
6502,0.148541367766619,305.564387917329,2,5.1309199075963e-14
6503,0.170923003347681,305.611360023125,2,3.85362325071968e-19
6504,0.187374461979914,305.65833212892,2,1.89925975623479e-23
6505,0.195600191296031,305.705304234716,2,8.82699248939833e-26
6506,0.208130081300813,305.752276340512,3,1.47199788001956e-29
6507,0.218460066953611,305.799248446307,3,7.26335241616182e-33
6508,0.224964131994261,305.846220552103,3,4.96476381873882e-35
6509,0.227642276422764,305.893192657899,3,6.11566955336854e-36
6510,0.229172644667623,305.940164763694,3,1.82881992529903e-36
6511,0.23194643711143,305.98713686949,3,2.0115665825227e-37
6512,0.237015781922525,306.034108975285,3,3.34213420146716e-39
6513,0.244189383070301,306.081081081081,3,8.83758992781065e-42
6514,0.245145863223338,306.128053186877,3,3.95781330270146e-42
6515,0.244189383070301,306.175025292672,3,8.83758992781065e-42
6516,0.240746054519369,306.221997398468,3,1.55680113162482e-40
6517,0.235198469631755,306.268969504264,3,1.46559664659221e-38
6518,0.23194643711143,306.315941610059,3,2.0115665825227e-37
6519,0.230511716881875,306.362913715855,3,6.32010866956197e-37
6520,0.230703012912482,306.409885821651,3,5.42748277609585e-37
6521,0.230511716881875,306.456857927446,3,6.32010866956206e-37
6522,0.227929220468675,306.503830033242,3,4.87972542636919e-36
6523,0.225251076040172,306.550802139037,3,3.97145029957385e-35
6524,0.223242467718795,306.597774244833,3,1.88405398556325e-34
6525,0.224390243902439,306.644746350629,3,7.75248474013788e-35
6526,0.228694404591105,306.691718456424,3,2.66908237141849e-36
6527,0.233285509325681,306.73869056222,3,6.86926370100178e-38
6528,0.234146341463415,306.785662668016,3,3.43265026516762e-38
6529,0.235198469631755,306.832634773811,3,1.46559664659221e-38
6530,0.231276901004304,306.879606879607,3,3.43489537138542e-37
6531,0.223816355810617,306.926578985403,3,1.20922300214587e-34
6532,0.216260162601626,306.973551091198,3,3.79510431731994e-32
6533,0.21013868962219,307.020523196994,3,3.45203504192153e-30
6534,0.207651841224295,307.067495302789,3,2.07446919611335e-29
6535,0.210712577714012,307.114467408585,3,2.27475860921874e-30
6536,0.216068866571019,307.161439514381,3,4.37842666162954e-32
6537,0.222572931611669,307.208411620176,3,3.15624709657688e-34
6538,0.228503108560497,307.255383725972,3,3.10418781239407e-36
6539,0.234146341463415,307.302355831768,3,3.43265026516762e-38
6540,0.234433285509326,307.349327937563,3,2.72255135271032e-38
6541,0.232902917264467,307.396300043359,3,9.34296280455705e-38
6542,0.232329029172645,307.443272149155,3,1.48069857717997e-37
6543,0.232329029172645,307.49024425495,3,1.48069857717997e-37
6544,0.232615973218556,307.537216360746,3,1.17633939169899e-37
6545,0.237111429937829,307.584188466541,3,3.09108076340446e-39
6546,0.231563845050215,307.631160572337,3,2.73148515852615e-37
6547,0.225633668101387,307.678132678133,3,2.94780493951103e-35
6548,0.221903395504543,307.725104783928,3,5.27949255346016e-34
6549,0.222094691535151,307.772076889724,3,4.55852885414802e-34
6550,0.224007651841224,307.81904899552,3,1.04280793360919e-34
6551,0.229363940698231,307.866021101315,3,1.5718252847669e-36
6552,0.234433285509326,307.912993207111,3,2.72255135271032e-38
6553,0.23558106169297,307.959965312907,3,1.0745657679694e-38
6554,0.239885222381636,308.006937418702,3,3.17126904495088e-40
6555,0.245241511238642,308.053909524498,3,3.65174885007567e-42
6556,0.247632711621234,308.100881630293,3,4.83861232937827e-43
6557,0.247441415590626,308.147853736089,3,5.69141281183693e-43
6558,0.242754662840746,308.194825841885,3,2.93344179324978e-41
6559,0.233859397417504,308.24179794768,3,4.32683000314135e-38
6560,0.226781444285031,308.288770053476,3,1.20195263686344e-35
6561,0.218364418938307,308.335742159272,3,7.80747407932463e-33
6562,0.210043041606887,308.382714265067,3,3.70010528155293e-30
6563,0.20181731229077,308.429686370863,2,1.27172812219698e-27
6564,0.196269727403156,308.476658476658,2,5.63259366002808e-26
6565,0.190626494500239,308.523630582454,2,2.34743268292754e-24
6566,0.186322333811573,308.57060268825,2,3.70111114854605e-23
6567,0.189765662362506,308.617574794045,2,4.09983458248441e-24
6568,0.197321855571497,308.664546899841,2,2.77040510770733e-26
6569,0.202199904351985,308.711519005637,2,9.74812214852731e-28
6570,0.21013868962219,308.758491111432,3,3.45203504192153e-30
6571,0.216164514586322,308.805463217228,3,4.07641034979835e-32
6572,0.223146819703491,308.852435323024,3,2.0283575921884e-34
6573,0.234528933524629,308.899407428819,3,2.51999564248946e-38
6574,0.24390243902439,308.946379534615,3,1.12398667106505e-41
6575,0.253371592539455,308.99335164041,3,3.52776401750414e-45
6576,0.262840746054519,309.040323746206,3,8.47026916948612e-49
6577,0.264562410329986,309.087295852002,3,1.80896221090798e-49
6578,0.264466762314682,309.134267957797,3,1.97141023588139e-49
6579,0.264179818268771,309.181240063593,3,2.55122921136177e-49
6580,0.264275466284075,309.228212169389,3,2.34119183295374e-49
6581,0.265901482544237,309.275184275184,3,5.41176411244565e-50
6582,0.272405547584888,309.32215638098,3,1.42985251494922e-52
6583,0.270492587278814,309.369128486776,3,8.30082470830018e-52
6584,0.261692969870875,309.416100592571,3,2.35923195593166e-48
6585,0.257580105212817,309.463072698367,3,8.97496771012121e-47
6586,0.245050215208034,309.510044804162,3,4.28941056084797e-42
6587,0.231181252989,309.557016909958,3,3.70731576692498e-37
6588,0.220564323290292,309.603989015754,3,1.47046179451972e-33
6589,0.208130081300813,309.650961121549,3,1.47199788001956e-29
6590,0.186322333811573,309.697933227345,2,3.70111114854605e-23
6591,0.161453849832616,309.744905333141,2,7.14266055675453e-17
6592,0.145576279292205,309.791877438936,2,2.13172266644328e-13
6593,0.115542802486848,309.838849544732,2,6.77635440537277e-08
6594,0.100239120038259,309.885821650528,2,1.2806523673132e-05
6595,0.0893352462936394,309.932793756323,2,0.00032597117023379
6596,0.0949784791965567,309.979765862119,2,6.42871713181895e-05
6597,0.109899569583931,310.026737967914,2,5.14850790323711e-07
6598,0.130368244858919,310.07371007371,2,1.93723654483463e-10
6599,0.154184600669536,310.120682179506,2,3.12404596133135e-15
6600,0.173409851745576,310.167654285301,2,9.22740922703792e-20
6601,0.187661406025825,310.214626391097,2,1.58205438263547e-23
6602,0.203921568627451,310.261598496893,2,2.9258145068763e-28
6603,0.220564323290292,310.308570602688,3,1.47046179451972e-33
6604,0.228790052606408,310.355542708484,3,2.47485401306011e-36
6605,0.234911525585844,310.40251481428,3,1.84913710665305e-38
6606,0.243424198947872,310.449486920075,3,1.67711936182786e-41
6607,0.251076040172166,310.496459025871,3,2.55587884940549e-44
6608,0.254423720707795,310.543431131666,3,1.41588837641053e-45
6609,0.259684361549498,310.590403237462,3,1.40358685101065e-47
6610,0.256814921090387,310.637375343258,3,1.75645234156469e-46
6611,0.254328072692492,310.684347449053,3,1.53861876166532e-45
6612,0.248589191774271,310.731319554849,3,2.14538062014258e-43
6613,0.237111429937829,310.778291660645,3,3.09108076340446e-39
6614,0.226781444285031,310.82526376644,3,1.20195263686344e-35
6615,0.219894787183166,310.872235872236,3,2.44843335183464e-33
6616,0.213677666188427,310.919207978032,3,2.58670374458644e-31
6617,0.209182209469154,310.966180083827,3,6.89929511296055e-30
6618,0.199617407938785,311.013152189623,2,5.80164452995247e-27
6619,0.191582974653276,311.060124295418,2,1.25885599712575e-24
6620,0.183452893352463,311.107096401214,2,2.23136957386516e-22
6621,0.177618364418938,311.15406850701,2,7.76518325594309e-21
6622,0.179244380679101,311.201040612805,2,2.92791150204384e-21
6623,0.186704925872788,311.248012718601,2,2.9053372793661e-23
6624,0.191104734576758,311.294984824397,2,1.71983388954379e-24
6625,0.202486848397896,311.341956930192,2,7.98277830248343e-28
6626,0.21013868962219,311.388929035988,3,3.45203504192153e-30
6627,0.222572931611669,311.435901141784,3,3.15624709657688e-34
6628,0.233476805356289,311.482873247579,3,5.88907637609293e-38
6629,0.239598278335725,311.529845353375,3,4.01801865157447e-40
6630,0.242754662840746,311.57681745917,3,2.93344179324978e-41
6631,0.244763271162123,311.623789564966,3,5.45948884964728e-42
6632,0.244954567192731,311.670761670762,3,4.64866056825125e-42
6633,0.240172166427547,311.717733776557,3,2.50232429492724e-40
6634,0.241224294595887,311.764705882353,3,1.047459756628e-40
6635,0.240650406504065,311.811677988149,3,1.68506067999722e-40
6636,0.237685318029651,311.858650093944,3,1.93360814834496e-39
6637,0.233094213295074,311.90562219974,3,8.01166315237303e-38
6638,0.227355332376853,311.952594305536,3,7.66259150473814e-36
6639,0.220468675274988,311.999566411331,3,1.58171430859477e-33
6640,0.2155906264945,312.046538517127,3,6.25617321618596e-32
6641,0.213103778096604,312.093510622922,3,3.94975790157882e-31
6642,0.211382113821138,312.140482728718,3,1.39618630183818e-30
6643,0.210808225729316,312.187454834514,3,2.12175061933109e-30
6644,0.21090387374462,312.234426940309,3,1.97896818916266e-30
6645,0.211573409851746,312.281399046105,3,1.21407002110393e-30
6646,0.21013868962219,312.328371151901,3,3.45203504192153e-30
6647,0.200956480153037,312.375343257696,2,2.30836473216482e-27
6648,0.190339550454328,312.422315363492,2,2.82789414034903e-24
6649,0.178670492587279,312.469287469288,2,4.13610393220779e-21
6650,0.154662840746055,312.516259575083,2,2.45123335581278e-15
6651,0.125777140124342,312.563231680879,2,1.29019175543657e-09
6652,0.0908656145384983,312.610203786674,2,0.000212203863676011
6653,0.0489717838354854,312.65717589247,1,0.587652974771098
6654,0.0220946915351506,312.704147998266,1,0.942233893623234
6655,0.0124342419894787,312.751120104061,1,0.954950580405566
6656,0.0109995217599235,312.798092209857,1,0.955430945711834
6657,0.00946915351506456,312.845064315653,1,0.95560422617676
6658,0.00832137733142037,312.892036421448,1,0.955506957630417
6659,0.0114777618364419,312.939008527244,1,0.955305360810975
6660,0.013868962219034,312.98598063304,1,0.954152979745801
6661,0.012051649928264,313.032952738835,1,0.955109194659142
6662,0.0184600669536107,313.079924844631,1,0.949239755530635
6663,0.0373983739837398,313.126896950426,1,0.847101994335377
6664,0.0535628885700622,313.173869056222,2,0.422268739650303
6665,0.0699186991869919,313.220841162018,2,0.0359731774213871
6666,0.0835007173601148,313.267813267813,2,0.00155278229818382
6667,0.0983261597321856,313.314785373609,2,2.32848327581144e-05
6668,0.106360593017695,313.361757479405,2,1.73532917998145e-06
6669,0.11219512195122,313.4087295852,2,2.28693823827193e-07
6670,0.128072692491631,313.455701690996,2,5.04583016137075e-10
6671,0.151889048302248,313.502673796791,2,9.89094685254497e-15
6672,0.16805356288857,313.549645902587,2,1.94554260096393e-18
6673,0.185939741750359,313.596618008383,2,4.71202909382173e-23
6674,0.192252510760402,313.643590114178,2,8.12051987717182e-25
6675,0.200573888091822,313.690562219974,2,3.00588397362879e-27
6676,0.209756097560976,313.73753432577,3,4.55557235425802e-30
6677,0.216164514586322,313.784506431565,3,4.07641034979835e-32
6678,0.218651362984218,313.831478537361,3,6.28563194517619e-33
6679,0.21635581061693,313.878450643157,3,3.53309696320921e-32
6680,0.212147297943568,313.925422748952,3,7.97623603377128e-31
6681,0.205930176948828,313.972394854748,3,7.08301578172835e-29
6682,0.19167862266858,314.019366960543,2,1.18256642031657e-24
6683,0.179913916786227,314.066339066339,2,1.95338076702234e-21
6684,0.15714968914395,314.113311172135,2,6.85078768507277e-16
6685,0.122046867527499,314.16028327793,2,5.70306874902743e-09
6686,0.0978479196556672,314.207255383726,2,2.69847656969522e-05
6687,0.0820659971305595,314.254227489522,2,0.00223752135274894
6688,0.0641798182687709,314.301199595317,2,0.105408540320365
6689,0.0536585365853659,314.348171701113,2,0.418688876896939
6690,0.0395026303204209,314.395143806909,1,0.817551723184015
6691,0.0265901482544237,314.442115912704,1,0.928188655860715
6692,0.0216164514586322,314.4890880185,1,0.943345648521578
6693,0.0182687709230033,314.536060124295,1,0.949524304411955
6694,0.020468675274988,314.583032230091,1,0.94576600657427
6695,0.0456241032998565,314.630004335887,1,0.688888076175841
6696,0.078622668579627,314.676976441682,2,0.00521516421954822
6697,0.127881396461023,314.723948547478,2,5.46029230389979e-10
6698,0.163940698230512,314.770920653274,2,1.87379143695459e-17
6699,0.203730272596844,314.817892759069,2,3.34631431469324e-28
6700,0.223051171688187,314.864864864865,3,2.1836465942135e-34
6701,0.231085604973697,314.911836970661,3,4.00122421398372e-37
6702,0.239598278335725,314.958809076456,3,4.01801865157447e-40
6703,0.24648493543759,315.005781182252,3,1.27936639500861e-42
6704,0.247919655667145,315.052753288047,3,3.79211820950991e-43
6705,0.246580583452893,315.099725393843,3,1.17997175289196e-42
6706,0.243806791009087,315.146697499639,3,1.21771597646664e-41
6707,0.238259206121473,315.193669605434,3,1.2083156710398e-39
6708,0.232902917264467,315.24064171123,3,9.34296280455705e-38
6709,0.230511716881875,315.287613817026,3,6.32010866956197e-37
6710,0.228694404591105,315.334585922821,3,2.66908237141849e-36
6711,0.219799139167862,315.381558028617,3,2.63309980737713e-33
6712,0.210616929698709,315.428530134413,3,2.43871889083666e-30
6713,0.206886657101865,315.475502240208,3,3.58535896952568e-29
6714,0.198660927785748,315.522474346004,2,1.11574679958132e-26
6715,0.18727881396461,315.569446451799,2,2.01839530960322e-23
6716,0.177618364418938,315.616418557595,2,7.76518325594309e-21
6717,0.170444763271162,315.663390663391,2,5.05867793118765e-19
6718,0.169583931133429,315.710362769186,2,8.2367640596025e-19
6719,0.17895743663319,315.757334874982,2,3.48054319703562e-21
6720,0.188713534194165,315.804306980778,2,8.07187979992456e-24
6721,0.208512673362028,315.851279086573,3,1.11799643797362e-29
6722,0.212242945958871,315.898251192369,3,7.43600889281195e-31
6723,0.220373027259684,315.945223298164,3,1.70133077795702e-33
6724,0.229172644667623,315.99219540396,3,1.82881992529903e-36
6725,0.235294117647059,316.039167509756,3,1.35624410930414e-38
6726,0.238737446197991,316.086139615551,3,8.15987626385204e-40
6727,0.241319942611191,316.133111721347,3,9.67567925581217e-41
6728,0.24466762314682,316.180083827143,3,5.91624164248981e-42
6729,0.237589670014347,316.227055932938,3,2.09101168428725e-39
6730,0.229555236728838,316.274028038734,3,1.35078458944977e-36
6731,0.220564323290292,316.32100014453,3,1.47046179451972e-33
6732,0.212625538020086,316.367972250325,3,5.61517982642544e-31
6733,0.20650406504065,316.414944356121,3,4.70963094570278e-29
6734,0.202678144428503,316.461916461916,2,6.98606312412095e-28
6735,0.203921568627451,316.508888567712,2,2.9258145068763e-28
6736,0.207077953132473,316.555860673508,3,3.12763281292319e-29
6737,0.20468675274988,316.602832779303,3,1.70748793783897e-28
6738,0.20908656145385,316.649804885099,3,7.39259485001443e-30
6739,0.211764705882353,316.696776990895,3,1.05556805879018e-30
6740,0.217025346724055,316.74374909669,3,2.13937871951197e-32
6741,0.227164036346246,316.790721202486,3,8.90427114861698e-36
6742,0.237685318029651,316.837693308282,3,1.9336081483449e-39
6743,0.250406504065041,316.884665414077,3,4.54039929155566e-44
6744,0.261788617886179,316.931637519873,3,2.16651771196705e-48
6745,0.265231946437111,316.978609625668,3,9.90079449803858e-50
6746,0.265614538498326,317.025581731464,3,7.01191262744377e-50
6747,0.266188426590148,317.07255383726,3,4.17576715091166e-50
6748,0.260353897656624,317.119525943055,3,7.75635685472099e-48
6749,0.250789096126255,317.166498048851,3,3.270118034388e-44
6750,0.246102343376375,317.213470154647,3,1.76753393764064e-42
6751,0.247824007651841,317.260442260442,3,4.11314032486639e-43
6752,0.250310856049737,317.307414366238,3,4.9282970385197e-44
6753,0.247058823529412,317.354386472034,3,7.87180609162433e-43
6754,0.249736967957915,317.401358577829,3,8.05495493254436e-44
6755,0.253084648493544,317.448330683625,3,4.5225031244743e-45
6756,0.252702056432329,317.49530278942,3,6.29581340875787e-45
6757,0.246867527498804,317.542274895216,3,9.25612863591706e-43
6758,0.238163558106169,317.589247001012,3,1.30690101013933e-39
6759,0.23012912482066,317.636219106807,3,8.56688819548277e-37
6760,0.224964131994261,317.683191212603,3,4.96476381873882e-35
6761,0.220468675274988,317.730163318399,3,1.58171430859477e-33
6762,0.220755619320899,317.777135424194,3,1.27076262964392e-33
6763,0.220755619320899,317.82410752999,3,1.27076262964392e-33
6764,0.220181731229077,317.871079635786,3,1.96820080819213e-33
6765,0.220277379244381,317.918051741581,3,1.82993592153176e-33
6766,0.223242467718795,317.965023847377,3,1.88405398556325e-34
6767,0.231755141080823,318.011995953172,3,2.34418599664395e-37
6768,0.240937350549976,318.058968058968,3,1.32871415660311e-40
6769,0.239120038259206,318.105940164764,3,5.95749769061641e-40
6770,0.243424198947872,318.152912270559,3,1.67711936182786e-41
6771,0.248684839789574,318.199884376355,3,1.97750120262299e-43
6772,0.251267336202774,318.246856482151,3,2.16836258373209e-44
6773,0.250310856049737,318.293828587946,3,4.9282970385197e-44
6774,0.248684839789574,318.340800693742,3,1.97750120262299e-43
6775,0.247728359636538,318.387772799538,3,4.46121527793017e-43
6776,0.247250119560019,318.434744905333,3,6.69377764049262e-43
6777,0.239598278335725,318.481717011129,3,4.01801865157447e-40
6778,0.232520325203252,318.528689116924,3,1.27015480187209e-37
6779,0.218364418938307,318.57566122272,3,7.80747407932463e-33
6780,0.189478718316595,318.622633328516,2,4.93400272244894e-24
6781,0.152080344332855,318.669605434311,2,8.99182601705662e-15
6782,0.107604017216643,318.716577540107,2,1.13797578920171e-06
6783,0.0703969392635103,318.763549645903,2,0.0326303774624569
6784,0.0612147297943568,318.810521751698,2,0.16947540100789
6785,0.0505021520803443,318.857493857494,1,0.53490343861531
6786,0.0457197513151602,318.90446596329,1,0.686299865437108
6787,0.0440937350549976,318.951438069085,1,0.7277784358934
6788,0.0492587278813965,318.998410174881,1,0.578028745830792
6789,0.0567192730750837,319.045382280676,2,0.306808629767525
6790,0.0653275944524151,319.092354386472,2,0.086327825500873
6791,0.0857006217120995,319.139326492268,2,0.00087424521584164
6792,0.108943089430894,319.186298598063,2,7.18078583118319e-07
6793,0.128263988522238,319.233270703859,2,4.66222912962535e-10
6794,0.145767575322812,319.280242809655,2,1.94643596422782e-13
6795,0.165758010521282,319.32721491545,2,6.9432243657784e-18
6796,0.17895743663319,319.374187021246,2,3.48054319703562e-21
6797,0.188904830224773,319.421159127042,2,7.13884742972026e-24
6798,0.197895743663319,319.468131232837,2,1.87778446853409e-26
6799,0.20181731229077,319.515103338633,2,1.27172812219698e-27
6800,0.201052128168341,319.562075444428,2,2.16072073695925e-27
6801,0.196843615494978,319.609047550224,2,3.82698008108844e-26
6802,0.191774270683883,319.65601965602,2,1.11085890359141e-24
6803,0.184887613582018,319.702991761815,2,9.12593415651111e-23
6804,0.177522716403635,319.749963867611,2,8.2209999780365e-21
6805,0.168627450980392,319.796935973407,2,1.41099004618362e-18
6806,0.146437111429938,319.843908079202,2,1.41440284529366e-13
6807,0.109038737446198,319.890880184998,2,6.94680673054755e-07
6808,0.0777618364418938,319.937852290794,2,0.00639956728651067
6809,0.0446676231468197,319.984824396589,1,0.713749547610859
6810,0.0236250597800096,320.031796502385,1,0.938228008681739
6811,0.0135820181731229,320.07876860818,1,0.954338543648913
6812,0.0131037780966045,320.125740713976,1,0.954618655134888
6813,0.0197991391678623,320.172712819772,1,0.947026435392206
6814,0.028024868483979,320.219684925567,1,0.922021640017207
6815,0.0349115255858441,320.266657031363,1,0.874678180464982
6816,0.0447632711621234,320.313629137159,1,0.711346849899168
6817,0.0723098995695839,320.360601242954,2,0.0218542943081009
6818,0.104447632711621,320.40757334875,2,3.28651774800026e-06
6819,0.143185078909613,320.454545454545,2,6.56981855663901e-13
6820,0.169392635102822,320.501517560341,2,9.17559547596897e-19
6821,0.187087517934003,320.548489666137,2,2.27929880599122e-23
6822,0.202295552367288,320.595461771932,2,9.12040385739357e-28
6823,0.215686274509804,320.642433877728,3,5.8255735661641e-32
6824,0.221138211382114,320.689405983524,3,9.48687545111919e-34
6825,0.228598756575801,320.736378089319,3,2.87846827342099e-36
6826,0.230416068866571,320.783350195115,3,6.81974910067236e-37
6827,0.232329029172645,320.830322300911,3,1.48069857717997e-37
6828,0.23299856527977,320.877294406706,3,8.6518697481691e-38
6829,0.230033476805356,320.924266512502,3,9.24305834628031e-37
6830,0.22649450023912,320.971238618297,3,1.50475914098126e-35
6831,0.222764227642276,321.018210724093,3,2.72405375265153e-34
6832,0.220468675274988,321.065182829889,3,1.58171430859477e-33
6833,0.21635581061693,321.112154935684,3,3.53309696320921e-32
6834,0.215781922525108,321.15912704148,3,5.42443583128232e-32
6835,0.216642754662841,321.206099147276,3,2.85014702209853e-32
6836,0.217886178861789,321.253071253071,3,1.11987837281796e-32
6837,0.215973218555715,321.300043358867,3,4.70266736593458e-32
6838,0.213964610234338,321.347015464663,3,2.09238862453786e-31
6839,0.215781922525108,321.393987570458,3,5.42443583128232e-32
6840,0.22104256336681,321.440959676254,3,1.02065463767156e-33
6841,0.228216164514586,321.487931782049,3,3.8925122106682e-36
6842,0.232902917264467,321.534903887845,3,9.34296280455705e-38
6843,0.237111429937829,321.581875993641,3,3.09108076340446e-39
6844,0.24208512673362,321.628848099436,3,5.12382580479078e-41
6845,0.244858919177427,321.675820205232,3,5.03785843681373e-42
6846,0.249641319942611,321.722792311028,3,8.74142714605726e-44
6847,0.252702056432329,321.769764416823,3,6.29581340875787e-45
6848,0.254519368723099,321.816736522619,3,1.30291225954495e-45
6849,0.253275944524151,321.863708628415,3,3.83240301854871e-45
6850,0.24830224772836,321.91068073421,3,2.73902021722343e-43
6851,0.237685318029651,321.957652840006,3,1.9336081483449e-39
6852,0.228694404591105,322.004624945801,3,2.66908237141849e-36
6853,0.220468675274988,322.051597051597,3,1.58171430859477e-33
6854,0.21195600191296,322.098569157393,3,9.17637107769108e-31
6855,0.207364897178384,322.145541263188,3,2.54758362579747e-29
6856,0.208990913438546,322.192513368984,3,7.92089695230186e-30
6857,0.217981826877092,322.23948547478,3,1.04199685693801e-32
6858,0.234624581539933,322.286457580575,3,2.33244248130028e-38
6859,0.252606408417025,322.333429686371,3,6.8381780626028e-45
6860,0.261214729794357,322.380401792167,3,3.61107840855951e-48
6861,0.268292682926829,322.427373897962,3,6.19127064482963e-51
6862,0.275944524151124,322.474346003758,3,5.36996392905753e-54
6863,0.278335724533716,322.521318109553,3,5.72712869661017e-55
6864,0.276805356288857,322.568290215349,3,2.40365868160536e-54
6865,0.277474892395983,322.615262321145,3,1.28440827488207e-54
6866,0.277283596365375,322.66223442694,3,1.53646887909918e-54
6867,0.278240076518412,322.709206532736,3,6.26552212187566e-55
6868,0.278813964610234,322.756178638532,3,3.65310102641938e-55
6869,0.277953132472501,322.803150744327,3,8.20254807390355e-55
6870,0.272405547584888,322.850122850123,3,1.42985251494922e-52
6871,0.264466762314682,322.897094955919,3,1.97141023588139e-49
6872,0.259206121472979,322.944067061714,3,2.14226820947314e-47
6873,0.246102343376375,322.99103916751,3,1.76753393764064e-42
6874,0.234911525585844,323.038011273305,3,1.84913710665305e-38
6875,0.227450980392157,323.084983379101,3,7.10795703104355e-36
6876,0.227546628407461,323.131955484897,3,6.59327065384488e-36
6877,0.230224772835964,323.178927590692,3,7.93994840193478e-37
6878,0.237015781922525,323.225899696488,3,3.34213420146716e-39
6879,0.249545671927308,323.272871802284,3,9.4861418951514e-44
6880,0.262266857962697,323.319843908079,3,1.41430999653006e-48
6881,0.270683883309421,323.366816013875,3,6.96541966015606e-52
6882,0.278718316594931,323.413788119671,3,3.997052795952e-55
6883,0.285413677666188,323.460760225466,3,6.89168882146897e-58
6884,0.285700621712099,323.507732331262,3,5.23151107399896e-58
6885,0.28130081300813,323.554704437057,3,3.48792066870497e-56
6886,0.27479674796748,323.601676542853,3,1.56306232651561e-53
6887,0.268483978957437,323.648648648649,3,5.20164455558639e-51
6888,0.261884265901483,323.695620754444,3,1.98949171277772e-48
6889,0.253658536585366,323.74259286024,3,2.75114464320662e-45
6890,0.248206599713056,323.789564966036,3,2.97122053706143e-43
6891,0.241128646580583,323.836537071831,3,1.13391628661985e-40
6892,0.237494021999044,323.883509177627,3,2.26116395272754e-39
6893,0.235772357723577,323.930481283422,3,9.19956412661179e-39
6894,0.23558106169297,323.977453389218,3,1.0745657679694e-38
6895,0.233859397417504,324.024425495014,3,4.32683000314135e-38
6896,0.231755141080823,324.071397600809,3,2.34418599664395e-37
6897,0.238259206121473,324.118369706605,3,1.2083156710398e-39
6898,0.241511238641798,324.165341812401,3,8.25530272738874e-41
6899,0.247632711621234,324.212313918196,3,4.83861232937827e-43
6900,0.252606408417025,324.259286023992,3,6.8381780626028e-45
6901,0.253945480631277,324.306258129788,3,2.14496705930778e-45
6902,0.25480631276901,324.353230235583,3,1.01508549332196e-45
6903,0.257101865136298,324.400202341379,3,1.36575705903792e-46
6904,0.261023433763749,324.447174447174,3,4.28056802898508e-48
6905,0.26207556193209,324.49414655297,3,1.67751644849975e-48
6906,0.262745098039216,324.541118658766,3,9.22644424098268e-49
6907,0.262649450023912,324.588090764561,3,1.00498553993704e-48
6908,0.261406025824964,324.635062870357,3,3.04596954204253e-48
6909,0.257675753228121,324.682034976153,3,8.25143425532345e-47
6910,0.253371592539455,324.729007081948,3,3.52776401750414e-45
6911,0.251076040172166,324.775979187744,3,2.55587884940549e-44
6912,0.249736967957915,324.82295129354,3,8.05495493254436e-44
6913,0.250502152080344,324.869923399335,3,4.18291737243834e-44
6914,0.252510760401722,324.916895505131,3,7.42706258946753e-45
6915,0.252606408417025,324.963867610926,3,6.8381780626028e-45
6916,0.24753706360593,325.010839716722,3,5.24779019970443e-43
6917,0.239693926351028,325.057811822518,3,3.71333925108901e-40
6918,0.235676709708274,325.104783928313,3,9.9427466556318e-39
6919,0.232424677187948,325.151756034109,3,1.37141215993724e-37
6920,0.231276901004304,325.198728139905,3,3.43489537138532e-37
6921,0.228503108560497,325.2457002457,3,3.10418781239407e-36
6922,0.225059780009565,325.292672351496,3,4.60887888537971e-35
6923,0.220755619320899,325.339644457292,3,1.27076262964392e-33
6924,0.217790530846485,325.386616563087,3,1.20354264029909e-32
6925,0.215686274509804,325.433588668883,3,5.8255735661641e-32
6926,0.212051649928264,325.480560774678,3,8.5554269904051e-31
6927,0.206408417025347,325.527532880474,3,5.04153717704719e-29
6928,0.202391200382592,325.57450498627,2,8.53280397293064e-28
6929,0.197321855571497,325.621477092065,2,2.77040510770733e-26
6930,0.182687709230033,325.668449197861,2,3.58236809981963e-22
6931,0.167479674796748,325.715421303657,2,2.67917759936255e-18
6932,0.150932568149211,325.762393409452,2,1.5897093706317e-14
6933,0.126446676231468,325.809365515248,2,9.83023803936295e-10
6934,0.0998565279770445,325.856337621044,2,1.44478242764145e-05
6935,0.081013868962219,325.903309726839,2,0.00291114241403098
6936,0.0700143472022956,325.950281832635,2,0.0352814131867254
6937,0.0543280726924916,325.99725393843,2,0.393675774856393
6938,0.0489717838354854,326.044226044226,1,0.587652974771098
6939,0.040650406504065,326.091198150022,1,0.798606339702633
6940,0.0285987565758011,326.138170255817,1,0.91927297964999
6941,0.013868962219034,326.185142361613,1,0.954152979745801
6942,0.00698230511716882,326.232114467409,1,0.955145661295884
6943,0.00659971305595409,326.279086573204,1,0.954992690288763
6944,0.00688665710186514,326.326058679,1,0.955109512388868
6945,0.00277379244380679,326.373030784796,1,0.952175806085199
6946,0.00286944045911047,326.420002890591,1,0.952276445343583
6947,0.00334768053562889,326.466974996387,1,0.952755142138332
6948,0.00363462458153993,326.513947102182,1,0.953023067040064
6949,0.00353897656623625,326.560919207978,1,0.952935347350794
6950,0.00277379244380679,326.607891313774,1,0.952175806085199
6951,0.00277379244380679,326.654863419569,1,0.952175806085199
6952,0.00239120038259206,326.701835525365,1,0.951756615614973
6953,0.00334768053562889,326.748807631161,1,0.952755142138332
6954,0.00420851267336203,326.795779736956,1,0.953516508750406
6955,0.00535628885700622,326.842751842752,1,0.954339057934195
6956,0.00459110473457676,326.889723948547,1,0.953814688358095
6957,0.00267814442850311,326.936696054343,1,0.952073512770321
6958,0.00334768053562889,326.983668160139,1,0.952755142138332
6959,0.00612147297943568,327.030640265934,1,0.954769856892119
6960,0.0087039693926351,327.07761237173,1,0.955561036309349
6961,0.0286944045911047,327.124584477526,1,0.918798050762212
6962,0.0552845528455285,327.171556583321,2,0.358293719232659
6963,0.106838833094213,327.218528689117,2,1.4763127241344e-06
6964,0.150549976087996,327.265500794913,2,1.92019039257504e-14
6965,0.177522716403635,327.312472900708,2,8.2209999780365e-21
6966,0.199043519846963,327.359445006504,2,8.59306432224822e-27
6967,0.21272118603539,327.406417112299,3,5.23399977917117e-31
6968,0.223529411764706,327.453389218095,3,1.50959272861127e-34
6969,0.231755141080823,327.500361323891,3,2.34418599664395e-37
6970,0.238163558106169,327.547333429686,3,1.30690101013933e-39
6971,0.244189383070301,327.594305535482,3,8.83758992781065e-42
6972,0.247632711621234,327.641277641278,3,4.83861232937827e-43
6973,0.247728359636538,327.688249747073,3,4.46121527793017e-43
6974,0.248015303682449,327.735221852869,3,3.49605459113193e-43
6975,0.243137254901961,327.782193958665,3,2.13157136911825e-41
6976,0.237589670014347,327.82916606446,3,2.09101168428731e-39
6977,0.228790052606408,327.876138170256,3,2.47485401306011e-36
6978,0.21635581061693,327.923110276051,3,3.53309696320921e-32
6979,0.203730272596844,327.970082381847,2,3.34631431469324e-28
6980,0.18364418938307,328.017054487643,2,1.98157163138042e-22
6981,0.156575801052128,328.064026593438,2,9.21271143972136e-16
6982,0.120994739359158,328.110998699234,2,8.59682670545052e-09
6983,0.076518412242946,328.15797080503,2,0.00855780777786766
6984,0.0517455762792922,328.204942910825,2,0.489905418927306
6985,0.0345289335246294,328.251915016621,1,0.878316902424969
6986,0.0241989478718317,328.298887122417,1,0.936535178517594
6987,0.0137733142037303,328.345859228212,1,0.954216304737605
6988,0.0110951697752272,328.392831334008,1,0.955408568127624
6989,0.012051649928264,328.439803439803,1,0.955109194659142
6990,0.0137733142037303,328.486775545599,1,0.954216304737605
6991,0.0142515542802487,328.533747651395,1,0.953884844165607
6992,0.0146341463414634,328.58071975719,1,0.953592682120094
6993,0.0157819225251076,328.627691862986,1,0.952567710050456
6994,0.014442850310856,328.674663968782,1,0.95374179153177
6995,0.0124342419894787,328.721636074577,1,0.954950580405566
6996,0.0107125777140124,328.768608180373,1,0.955489891976098
6997,0.00860832137733142,328.815580286169,1,0.955549550710849
6998,0.00746054519368723,328.862552391964,1,0.955305606904833
6999,0.00879961740793878,328.90952449776,1,0.955571167625516
7000,0.0131037780966045,328.956496603555,1,0.954618655134888
7001,0.0103299856527977,329.003468709351,1,0.955549445791124
7002,0.00908656145384983,329.050440815147,1,0.95559344411055
7003,0.00717360114777618,329.097412920942,1,0.955213790574877
7004,0.00573888091822095,329.144385026738,1,0.954565989616573
7005,0.00468675274988044,329.191357132534,1,0.953885447826499
7006,0.00439980870396939,329.238329238329,1,0.953668639922344
7007,0.00411286465805835,329.285301344125,1,0.953438145337937
7008,0.00459110473457676,329.332273449921,1,0.953814688358095
7009,0.013868962219034,329.379245555716,1,0.954152979745801
7010,0.0188426590148254,329.426217661512,1,0.948647491075809
7011,0.0298421807747489,329.473189767307,1,0.912699618401171
7012,0.052415112386418,329.520161873103,2,0.465142543923485
7013,0.0916307986609278,329.567133978899,2,0.000170689264919754
7014,0.133811573409852,329.614106084694,2,4.45115808824296e-11
7015,0.168818747011,329.66107819049,2,1.26734411553682e-18
7016,0.189956958393113,329.708050296286,2,3.62295836483172e-24
7017,0.21090387374462,329.755022402081,3,1.97896818916266e-30
7018,0.220851267336203,329.801994507877,3,1.18127072110282e-33
7019,0.233189861310378,329.848966613673,3,7.41861360042777e-38
7020,0.239980870396939,329.895938719468,3,2.93054825576146e-40
7021,0.242754662840746,329.942910825264,3,2.93344179324978e-41
7022,0.242372070779531,329.989882931059,3,4.03515533560552e-41
7023,0.241319942611191,330.036855036855,3,9.67567925581217e-41
7024,0.239502630320421,330.083827142651,3,4.34757380252281e-40
7025,0.241606886657102,330.130799248446,3,7.62501030760842e-41
7026,0.23663318986131,330.177771354242,3,4.56618709603289e-39
7027,0.232233381157341,330.224743460038,3,1.59864722480528e-37
7028,0.230989956958393,330.271715565833,3,4.31830623273311e-37
7029,0.234911525585844,330.318687671629,3,1.84913710665305e-38
7030,0.237589670014347,330.365659777425,3,2.09101168428731e-39
7031,0.236250597800096,330.41263188322,3,6.2356881946646e-39
7032,0.232615973218556,330.459603989016,3,1.17633939169899e-37
7033,0.231563845050215,330.506576094811,3,2.73148515852615e-37
7034,0.233572453371593,330.553548200607,3,5.45251361587905e-38
7035,0.235772357723577,330.600520306403,3,9.19956412661179e-39
7036,0.235389765662362,330.647492412198,3,1.25501452452736e-38
7037,0.237876614060258,330.694464517994,3,1.6533138617572e-39
7038,0.243711142993783,330.74143662379,3,1.31922450578195e-41
7039,0.249258727881396,330.788408729585,3,1.21210346812798e-43
7040,0.251458632233381,330.835380835381,3,1.83939881042503e-44
7041,0.246389287422286,330.882352941177,3,1.38709504726995e-42
7042,0.242754662840746,330.929325046972,3,2.93344179324978e-41
7043,0.235389765662362,330.976297152768,3,1.25501452452736e-38
7044,0.227737924438068,331.023269258563,3,5.67249501237113e-36
7045,0.222668579626973,331.070241364359,3,2.93224347829934e-34
7046,0.214825442372071,331.117213470155,3,1.10551009901318e-31
7047,0.203921568627451,331.16418557595,2,2.9258145068763e-28
7048,0.196556671449067,331.211157681746,2,4.6435887225947e-26
7049,0.190817790530846,331.258129787542,2,2.07299841888074e-24
7050,0.176087996174079,331.305101893337,2,1.92575073882908e-20
7051,0.156958393113343,331.352073999133,2,7.56278669448732e-16
7052,0.138976566236251,331.399046104929,2,4.53257295146991e-12
7053,0.122620755619321,331.446018210724,2,4.55180954059645e-09
7054,0.107986609277857,331.49299031652,2,9.98339261097949e-07
7055,0.100621712099474,331.539962422315,2,1.13458924543904e-05
7056,0.100813008130081,331.586934528111,2,1.06772482854557e-05
7057,0.0968914395026303,331.633906633907,2,3.61552720208698e-05
7058,0.102630320420851,331.680878739702,2,5.95792854570069e-06
7059,0.114777618364419,331.727850845498,2,8.97919471899631e-08
7060,0.129220468675275,331.774822951294,2,3.13373311290261e-10
7061,0.140219990435198,331.821795057089,2,2.57851448892511e-12
7062,0.145098039215686,331.868767162885,2,2.67428341857261e-13
7063,0.149497847919656,331.91573926868,2,3.21903435168229e-14
7064,0.154471544715447,331.962711374476,2,2.70123052709607e-15
7065,0.162984218077475,332.009683480272,2,3.14372382643276e-17
7066,0.173122907699665,332.056655586067,2,1.0895622554611e-19
7067,0.18622668579627,332.103627691863,2,3.93165531767947e-23
7068,0.191965566714491,332.150599797659,2,9.80115445712713e-25
7069,0.191104734576758,332.197571903454,2,1.71983388954379e-24
7070,0.186609277857484,332.24454400925,2,3.08677375618968e-23
7071,0.182209469153515,332.291516115046,2,4.80997736107338e-22
7072,0.179053084648494,332.338488220841,2,3.28574165404623e-21
7073,0.181731229076997,332.385460326637,2,6.45225152633036e-22
7074,0.183931133428981,332.432432432432,2,1.65785133677326e-22
7075,0.185844093735055,332.479404538228,2,5.00479552324598e-23
7076,0.186035389765662,332.526376644024,2,4.43622285208819e-23
7077,0.189765662362506,332.573348749819,2,4.09983458248441e-24
7078,0.197513151602104,332.620320855615,2,2.43392567743461e-26
7079,0.206599713055954,332.667292961411,3,4.39942364677558e-29
7080,0.211477761836442,332.714265067206,3,1.30196944208089e-30
7081,0.219703491152559,332.761237173002,3,2.83160526858753e-33
7082,0.228024868483979,332.808209278798,3,4.525708222038e-36
7083,0.237685318029651,332.855181384593,3,1.9336081483449e-39
7084,0.244285031085605,332.902153490389,3,8.15643707926893e-42
7085,0.248015303682449,332.949125596184,3,3.49605459113193e-43
7086,0.254041128646581,332.99609770198,3,1.97408566231438e-45
7087,0.260353897656624,333.043069807776,3,7.75635685472099e-48
7088,0.264084170253467,333.090041913571,3,2.78003508587801e-49
7089,0.264466762314682,333.137014019367,3,1.97141023588139e-49
7090,0.263988522238164,333.183986125163,3,3.02927983368936e-49
7091,0.260066953610713,333.230958230958,3,1.00027698971058e-47
7092,0.255284552845528,333.277930336754,3,6.69234703313995e-46
7093,0.250502152080344,333.32490244255,3,4.18291737243834e-44
7094,0.247250119560019,333.371874548345,3,6.69377764049262e-43
7095,0.243232902917264,333.418846654141,3,1.96788659075332e-41
7096,0.240172166427547,333.465818759936,3,2.50232429492724e-40
7097,0.230320420851267,333.512790865732,3,7.35867197752096e-37
7098,0.229172644667623,333.559762971528,3,1.82881992529903e-36
7099,0.228981348637016,333.606735077323,3,2.12758082424118e-36
7100,0.231372549019608,333.653707183119,3,3.18239950402521e-37
7101,0.236059301769488,333.700679288915,3,7.28576173604081e-39
7102,0.241989478718317,333.74765139471,3,5.5481474039025e-41
7103,0.24753706360593,333.794623500506,3,5.24779019970443e-43
7104,0.252032520325203,333.841595606301,3,1.12207585096991e-44
7105,0.259780009564802,333.888567712097,3,1.28966569449501e-47
7106,0.261406025824964,333.935539817893,3,3.04596954204253e-48
7107,0.264275466284075,333.982511923688,3,2.34119183295374e-49
7108,0.26676231468197,334.029484029484,3,2.48437054308086e-50
7109,0.266857962697274,334.07645613528,3,2.27818471475963e-50
7110,0.26389287422286,334.123428241075,3,3.30078188933528e-49
7111,0.261406025824964,334.170400346871,3,3.04596954204253e-48
7112,0.260066953610713,334.217372452667,3,1.00027698971058e-47
7113,0.247728359636538,334.264344558462,3,4.46121527793017e-43
7114,0.242372070779531,334.311316664258,3,4.03515533560552e-41
7115,0.232329029172645,334.358288770053,3,1.48069857717997e-37
7116,0.223816355810617,334.405260875849,3,1.20922300214587e-34
7117,0.221425155428025,334.452232981645,3,7.61684738878491e-34
7118,0.218460066953611,334.49920508744,3,7.26335241616182e-33
7119,0.207173601147776,334.546177193236,3,2.9210225644456e-29
7120,0.194165471066475,334.593149299032,2,2.29753138429993e-25
7121,0.179053084648494,334.640121404827,2,3.28574165404623e-21
7122,0.168914395026303,334.687093510623,2,1.20103762649517e-18
7123,0.155714968914395,334.734065616419,2,1.43338674243808e-15
7124,0.146532759445242,334.781037722214,2,1.35115872695065e-13
7125,0.139359158297465,334.82800982801,2,3.81260507872536e-12
7126,0.136489717838355,334.874981933805,2,1.3776875167469e-11
7127,0.136585365853659,334.921954039601,2,1.32055687161651e-11
7128,0.138402678144428,334.968926145397,2,5.86957035011251e-12
7129,0.145002391200383,335.015898251192,2,2.79807912045669e-13
7130,0.156288857006217,335.062870356988,2,1.06785406879331e-15
7131,0.169392635102822,335.109842462784,2,9.17559547596897e-19
7132,0.176661884265901,335.156814568579,2,1.3713906073153e-20
7133,0.179435676709708,335.203786674375,2,2.60866393864658e-21
7134,0.178670492587279,335.250758780171,2,4.13610393220779e-21
7135,0.177809660449546,335.297730885966,2,6.92720092865926e-21
7136,0.177044476327116,335.344702991762,2,1.09282160051209e-20
7137,0.175227164036346,335.391675097557,2,3.19656043998074e-20
7138,0.185557149689144,335.438647203353,2,5.99548149229197e-23
7139,0.198947871831659,335.485619309149,2,9.17330882625932e-27
7140,0.214729794356767,335.532591414944,3,1.18687773554213e-31
7141,0.230703012912482,335.57956352074,3,5.42748277609585e-37
7142,0.240076518412243,335.626535626536,3,2.7080231773508e-40
7143,0.252032520325203,335.673507732331,3,1.12207585096991e-44
7144,0.268005738880918,335.720479838127,3,8.03805888747454e-51
7145,0.274605451936872,335.767451943923,3,1.86701667616071e-53
7146,0.2831181252989,335.814424049718,3,6.19679086939317e-57
7147,0.288283118125299,335.861396155514,3,4.33168442613624e-59
7148,0.285318029650885,335.908368261309,3,7.55443579402433e-58
7149,0.280631276901004,335.955340367105,3,6.57623041791081e-56
7150,0.279196556671449,336.002312472901,3,2.54819778318056e-55
7151,0.276040172166428,336.049284578696,3,4.91166767566357e-54
7152,0.273457675753228,336.096256684492,3,5.41010532075861e-53
7153,0.270492587278814,336.143228790288,3,8.30082470830018e-52
7154,0.272596843615495,336.190200896083,3,1.19854085830494e-52
7155,0.271066475370636,336.237173001879,3,4.90297833923591e-52
7156,0.266475370636059,336.284145107675,3,3.22128217095877e-50
7157,0.261119081779053,336.33111721347,3,3.9316515557155e-48
7158,0.258249641319943,336.378089319266,3,4.98036880899323e-47
7159,0.257101865136298,336.425061425061,3,1.36575705903792e-46
7160,0.255762792922047,336.472033530857,3,4.40918949058039e-46
7161,0.25844093735055,336.519005636653,3,4.20802244238999e-47
7162,0.261406025824964,336.565977742448,3,3.04596954204253e-48
7163,0.260736489717838,336.612949848244,3,5.52344726432098e-48
7164,0.255475848876136,336.65992195404,3,5.66403628146432e-46
7165,0.247728359636538,336.706894059835,3,4.46121527793017e-43
7166,0.240650406504065,336.753866165631,3,1.68506067999722e-40
7167,0.237015781922525,336.800838271427,3,3.34213420146716e-39
7168,0.237780966044955,336.847810377222,3,1.78800233579117e-39
7169,0.225920612147298,336.894782483018,3,2.35652950192016e-35
7170,0.233572453371593,336.941754588813,3,5.45251361587905e-38
7171,0.241893830703013,336.988726694609,3,6.00743969360828e-41
7172,0.250406504065041,337.035698800405,3,4.54039929155566e-44
7173,0.256432329029173,337.0826709062,3,2.45558613329244e-46
7174,0.256145384983262,337.129643011996,3,3.1562427355285e-46
7175,0.25480631276901,337.176615117792,3,1.01508549332196e-45
7176,0.256910569105691,337.223587223587,3,1.61520327760597e-46
7177,0.256336681013869,337.270559329383,3,2.6699638484621e-46
7178,0.254232424677188,337.317531435179,3,1.67194193465327e-45
7179,0.254041128646581,337.364503540974,3,1.97408566231438e-45
7180,0.256241032998565,337.41147564677,3,2.90297830031454e-46
7181,0.259493065518891,337.458447752565,3,1.66237251337642e-47
7182,0.261119081779053,337.505419858361,3,3.9316515557155e-48
7183,0.261788617886179,337.552391964157,3,2.16651771196705e-48
7184,0.262840746054519,337.599364069952,3,8.47026916948612e-49
7185,0.264179818268771,337.646336175748,3,2.55122921136177e-49
7186,0.26207556193209,337.693308281544,3,1.67751644849975e-48
7187,0.260449545671927,337.740280387339,3,7.12546947271678e-48
7188,0.26025824964132,337.787252493135,3,8.44287477815016e-48
7189,0.26207556193209,337.834224598931,3,1.67751644849975e-48
7190,0.260162601626016,337.881196704726,3,9.18990835944506e-48
7191,0.253945480631277,337.928168810522,3,2.14496705930778e-45
7192,0.248110951697752,337.975140916317,3,3.22301662032728e-43
7193,0.230703012912482,338.022113022113,3,5.42748277609585e-37
7194,0.220468675274988,338.069085127909,3,1.58171430859472e-33
7195,0.206886657101865,338.116057233704,3,3.58535896952568e-29
7196,0.193974175035868,338.1630293395,2,2.60845094688551e-25
7197,0.187374461979914,338.210001445296,2,1.89925975623479e-23
7198,0.188904830224773,338.256973551091,2,7.13884742972026e-24
7199,0.200573888091822,338.303945656887,2,3.00588397362884e-27
7200,0.213008130081301,338.350917762683,3,4.23796889260471e-31
7201,0.222381635581062,338.397889868478,3,3.65656021807867e-34
7202,0.230798660927786,338.444861974274,3,5.02940056233826e-37
7203,0.238259206121473,338.491834080069,3,1.2083156710398e-39
7204,0.241511238641798,338.538806185865,3,8.25530272738874e-41
7205,0.24648493543759,338.585778291661,3,1.27936639500861e-42
7206,0.250884744141559,338.632750397456,3,3.01231899474041e-44
7207,0.253945480631277,338.679722503252,3,2.14496705930778e-45
7208,0.25480631276901,338.726694609048,3,1.01508549332196e-45
7209,0.258153993304639,338.773666714843,3,5.41795739104252e-47
7210,0.261214729794357,338.820638820639,3,3.61107840855951e-48
7211,0.266857962697274,338.867610926435,3,2.27818471475963e-50
7212,0.269153515064562,338.91458303223,3,2.82512254105179e-51
7213,0.265805834528934,338.961555138026,3,5.89996904460312e-50
7214,0.264179818268771,339.008527243821,3,2.55122921136177e-49
7215,0.260927785748446,339.055499349617,3,4.66032348835969e-48
7216,0.255571496891439,339.102471455413,3,5.21053223200397e-46
7217,0.250502152080344,339.149443561208,3,4.18291737243834e-44
7218,0.253084648493544,339.196415667004,3,4.5225031244743e-45
7219,0.247919655667145,339.2433877728,3,3.79211820950991e-43
7220,0.238737446197991,339.290359878595,3,8.15987626385204e-40
7221,0.233476805356289,339.337331984391,3,5.88907637609293e-38
7222,0.228981348637016,339.384304090187,3,2.12758082424118e-36
7223,0.22544237207078,339.431276195982,3,3.42176563858039e-35
7224,0.225633668101387,339.478248301778,3,2.94780493951103e-35
7225,0.220277379244381,339.525220407573,3,1.82993592153176e-33
7226,0.221520803443329,339.572192513369,3,7.07889711370832e-34
7227,0.219703491152559,339.619164619165,3,2.83160526858753e-33
7228,0.212816834050693,339.66613672496,3,4.87853456336607e-31
7229,0.20286944045911,339.713108830756,2,6.11293042949868e-28
7230,0.193687230989957,339.760080936552,2,3.15459981156686e-25
7231,0.185557149689144,339.807053042347,2,5.9954814922921e-23
7232,0.179913916786227,339.854025148143,2,1.95338076702234e-21
7233,0.168149210903874,339.900997253938,2,1.84427889386171e-18
7234,0.164705882352941,339.947969359734,2,1.23552167280777e-17
7235,0.165088474414156,339.99494146553,2,1.00241998467602e-17
7236,0.171879483500717,340.041913571325,2,2.23028562349614e-19
7237,0.182400765184122,340.088885677121,2,4.27565315280259e-22
7238,0.193782879005261,340.135857782917,2,2.96100934283862e-25
7239,0.206025824964132,340.182829888712,3,6.61785471549884e-29
7240,0.216451458632233,340.229801994508,3,3.28907230259803e-32
7241,0.229650884744142,340.276774100304,3,1.25215391192157e-36
7242,0.236346245815399,340.323746206099,3,5.768599713607e-39
7243,0.241606886657102,340.370718311895,3,7.62501030760842e-41
7244,0.245528455284553,340.41769041769,3,2.86790780608958e-42
7245,0.250980392156863,340.464662523486,3,2.77476732243372e-44
7246,0.251458632233381,340.511634629282,3,1.83939881042503e-44
7247,0.252415112386418,340.558606735077,3,8.06643950681029e-45
7248,0.255188904830225,340.605578840873,3,7.27422845383258e-46
7249,0.259206121472979,340.652550946669,3,2.14226820947314e-47
7250,0.267910090865615,340.699523052464,3,8.76835995332407e-51
7251,0.277570540411286,340.74649515826,3,1.17429007282013e-54
7252,0.285413677666188,340.793467264056,3,6.89168882146897e-58
7253,0.291917742706839,340.840439369851,3,1.25776056787573e-60
7254,0.296508847441416,340.887411475647,3,1.36193308278237e-62
7255,0.296221903395505,340.934383581442,3,1.81041452047256e-62
7256,0.292682926829268,340.981355687238,3,5.94124336197097e-61
7257,0.286370157819225,341.028327793034,3,2.74742514271777e-58
7258,0.287422285987566,341.075299898829,3,9.95979442592079e-59
7259,0.287709230033477,341.122272004625,3,7.54785031982477e-59
7260,0.285987565758011,341.169244110421,3,3.97031128861516e-58
7261,0.281779053084649,341.216216216216,3,2.2156329680044e-56
7262,0.277283596365375,341.263188322012,3,1.53646887909918e-54
7263,0.272405547584888,341.310160427808,3,1.42985251494922e-52
7264,0.269727403156384,341.357132533603,3,1.67244657667243e-51
7265,0.265136298421808,341.404104639399,3,1.07919336426229e-49
7266,0.267910090865615,341.451076745194,3,8.76835995332407e-51
7267,0.270109995217599,341.49804885099,3,1.17850036787334e-51
7268,0.268866571018651,341.545020956786,3,3.67047964150718e-51
7269,0.265423242467719,341.591993062581,3,8.3325245737532e-50
7270,0.264466762314682,341.638965168377,3,1.97141023588139e-49
7271,0.265231946437111,341.685937274173,3,9.90079449803858e-50
7272,0.265997130559541,341.732909379968,3,4.96382340944485e-50
7273,0.270205643232903,341.779881485764,3,1.07967994206613e-51
7274,0.278813964610234,341.826853591559,3,3.65310102641938e-55
7275,0.287039693926351,341.873825697355,3,1.4409798870885e-58
7276,0.290674318507891,341.920797803151,3,4.23949467761539e-60
7277,0.292491630798661,341.967769908946,3,7.16765277604174e-61
7278,0.292109038737446,342.014742014742,3,1.04288704463354e-60
7279,0.289335246293639,342.061714120538,3,1.56112180670444e-59
7280,0.285796269727403,342.108686226333,3,4.77204484863603e-58
7281,0.290769966523195,342.155658332129,3,3.86180181043034e-60
7282,0.291630798660928,342.202630437925,3,1.66552907289567e-60
7283,0.293448110951698,342.24960254372,3,2.80166205672881e-61
7284,0.296413199426112,342.296574649516,3,1.49752741620015e-62
7285,0.299856527977044,342.343546755311,3,4.83260515982676e-64
7286,0.300239120038259,342.390518861107,3,3.29279250640732e-64
7287,0.3012912482066,342.437490966903,3,1.14395506904876e-64
7288,0.301578192252511,342.484463072698,3,8.5692066244441e-65
7289,0.297274031563845,342.531435178494,3,6.36775289724225e-63
7290,0.293735054997609,342.57840728429,3,2.11252367467461e-61
7291,0.28493543758967,342.625379390085,3,1.09041518261718e-57
7292,0.274222859875658,342.672351495881,3,2.66288793621183e-53
7293,0.265136298421808,342.719323601677,3,1.07919336426229e-49
7294,0.256719273075084,342.766295707472,3,1.91000173745778e-46
7295,0.246867527498804,342.813267813268,3,9.25612863591706e-43
7296,0.237876614060258,342.860239919063,3,1.6533138617572e-39
7297,0.23299856527977,342.907212024859,3,8.6518697481691e-38
7298,0.232807269249163,342.954184130655,3,1.00889650453991e-37
7299,0.234720229555237,343.00115623645,3,2.15878575755257e-38
7300,0.24026781444285,343.048128342246,3,2.31218472325971e-40
7301,0.247824007651841,343.095100448042,3,4.11314032486639e-43
7302,0.255571496891439,343.142072553837,3,5.21053223200397e-46
7303,0.261597321855571,343.189044659633,3,2.56901906863687e-48
7304,0.2649450023912,343.236016765429,3,1.28210235370893e-49
7305,0.268962219033955,343.282988871224,3,3.36387054534669e-51
7306,0.274414155906265,343.32996097702,3,2.22984014453788e-53
7307,0.279674796747967,343.376933082815,3,1.62344302134761e-55
7308,0.282352941176471,343.423905188611,3,1.28420265399052e-56
7309,0.285796269727403,343.470877294407,3,4.77204484863603e-58
7310,0.288952654232425,343.517849400202,3,2.263443458323e-59
7311,0.289717838354854,343.564821505998,3,1.0762640601438e-59
7312,0.287326637972262,343.611793611794,3,1.09236960782839e-58
7313,0.291343854615017,343.658765717589,3,2.20496802007711e-60
7314,0.282544237207078,343.705737823385,3,1.07049903054979e-56
7315,0.272118603538977,343.752709929181,3,1.86278101477554e-52
7316,0.263223338115734,343.799682034976,3,6.01494491106964e-49
7317,0.25480631276901,343.846654140772,3,1.01508549332196e-45
7318,0.24571975131516,343.893626246567,3,2.4408868753037e-42
7319,0.235676709708274,343.940598352363,3,9.9427466556318e-39
7320,0.227546628407461,343.987570458159,3,6.59327065384488e-36
7321,0.232520325203252,344.034542563954,3,1.27015480187209e-37
7322,0.236346245815399,344.08151466975,3,5.768599713607e-39
7323,0.240459110473458,344.128486775546,3,1.97398374662726e-40
7324,0.243998087039694,344.175458881341,3,1.03744285709908e-41
7325,0.248397895743663,344.222430987137,3,2.5248965954483e-43
7326,0.25375418460067,344.269403092933,3,2.53217865815256e-45
7327,0.261214729794357,344.316375198728,3,3.61107840855951e-48
7328,0.266284074605452,344.363347304524,3,3.82982351828239e-50
7329,0.269153515064562,344.410319410319,3,2.82512254105179e-51
7330,0.273170731707317,344.457291516115,3,7.05438518454554e-53
7331,0.277092300334768,344.504263621911,3,1.83779947096271e-54
7332,0.278622668579627,344.551235727706,3,4.37327222636042e-55
7333,0.277379244380679,344.598207833502,3,1.40481527630929e-54
7334,0.277379244380679,344.645179939298,3,1.40481527630929e-54
7335,0.279292204686753,344.692152045093,3,2.32861163118736e-55
7336,0.281205164992826,344.739124150889,3,3.81896475840223e-56
7337,0.282639885222382,344.786096256685,3,9.77339128957932e-57
7338,0.280153036824486,344.83306836248,3,1.03359802229901e-55
7339,0.276518412242946,344.880040468276,3,3.14299173131691e-54
7340,0.271353419416547,344.927012574071,3,3.76679977356451e-52
7341,0.266092778574845,344.973984679867,3,4.55283726777104e-50
7342,0.262553802008608,345.020956785663,3,1.09464567385924e-48
7343,0.259780009564802,345.067928891458,3,1.28966569449501e-47
7344,0.258823529411765,345.114900997254,3,3.00310138869001e-47
7345,0.255380200860832,345.16187310305,3,6.15684399567774e-46
7346,0.255667144906743,345.208845208845,3,4.79320862132265e-46
7347,0.256241032998565,345.255817314641,3,2.90297830031454e-46
7348,0.255188904830225,345.302789420437,3,7.27422845383258e-46
7349,0.25480631276901,345.349761526232,3,1.01508549332196e-45
7350,0.256049736967958,345.396733632028,3,3.43150944287755e-46
7351,0.259493065518891,345.443705737823,3,1.66237251337642e-47
7352,0.261597321855571,345.490677843619,3,2.56901906863687e-48
7353,0.25844093735055,345.537649949415,3,4.20802244238999e-47
7354,0.259780009564802,345.58462205521,3,1.28966569449501e-47
7355,0.261979913916786,345.631594161006,3,1.82688123582969e-48
7356,0.262840746054519,345.678566266802,3,8.47026916948612e-49
7357,0.262745098039216,345.725538372597,3,9.22644424098268e-49
7358,0.26207556193209,345.772510478393,3,1.67751644849975e-48
7359,0.265136298421808,345.819482584189,3,1.07919336426229e-49
7360,0.268483978957437,345.866454689984,3,5.20164455558639e-51
7361,0.269631755141081,345.91342679578,3,1.8252771902572e-51
7362,0.270779531324725,345.960398901575,3,6.38032620547476e-52
7363,0.271544715447154,346.007371007371,3,3.15929014878909e-52
7364,0.270779531324725,346.054343113167,3,6.38032620547449e-52
7365,0.269153515064562,346.101315218962,3,2.82512254105179e-51
7366,0.266666666666667,346.148287324758,3,2.70914441840967e-50
7367,0.264849354375897,346.195259430554,3,1.39738766890722e-49
7368,0.264084170253467,346.242231536349,3,2.78003508587801e-49
7369,0.263414634146341,346.289203642145,3,5.06790794627887e-49
7370,0.264466762314682,346.336175747941,3,1.97141023588139e-49
7371,0.265423242467719,346.383147853736,3,8.3325245737532e-50
7372,0.265901482544237,346.430119959532,3,5.41176411244565e-50
7373,0.266188426590148,346.477092065327,3,4.17576715091166e-50
7374,0.267718794835007,346.524064171123,3,1.04332068924147e-50
7375,0.270205643232903,346.571036276919,3,1.07967994206613e-51
7376,0.272118603538977,346.618008382714,3,1.86278101477554e-52
7377,0.275370636059302,346.66498048851,3,9.16605418595897e-54
7378,0.276805356288857,346.711952594306,3,2.40365868160536e-54
7379,0.277187948350072,346.758924700101,3,1.68041571845711e-54
7380,0.27766618842659,346.805896805897,3,1.07358418524752e-54
7381,0.276231468197035,346.852868911692,3,4.10874730621471e-54
7382,0.276518412242946,346.899841017488,3,3.14299173131691e-54
7383,0.277761836441894,346.946813123284,3,9.81488562235979e-55
7384,0.279961740793879,346.993785229079,3,1.23828478230528e-55
7385,0.273935915829747,347.040757334875,3,3.47443885101008e-53
7386,0.271353419416547,347.087729440671,3,3.76679977356451e-52
7387,0.267718794835007,347.134701546466,3,1.04332068924147e-50
7388,0.261884265901483,347.181673652262,3,1.98949171277772e-48
7389,0.259206121472979,347.228645758058,3,2.14226820947314e-47
7390,0.25844093735055,347.275617863853,3,4.20802244238999e-47
7391,0.256336681013869,347.322589969649,3,2.6699638484621e-46
7392,0.254136776661884,347.369562075444,3,1.81676818001358e-45
7393,0.257962697274032,347.41653418124,3,6.41133459695636e-47
7394,0.256241032998565,347.463506287036,3,2.90297830031454e-46
7395,0.256241032998565,347.510478392831,3,2.90297830031454e-46
7396,0.25844093735055,347.557450498627,3,4.20802244238999e-47
7397,0.26131037780966,347.604422604423,3,3.31655417967215e-48
7398,0.262266857962697,347.651394710218,3,1.41430999653006e-48
7399,0.262458153993305,347.698366816014,3,1.19227274496683e-48
7400,0.262266857962697,347.74533892181,3,1.41430999653006e-48
7401,0.263032042085127,347.792311027605,3,7.13818537259814e-49
7402,0.262840746054519,347.839283133401,3,8.47026916948612e-49
7403,0.262649450023912,347.886255239196,3,1.00498553993704e-48
7404,0.261214729794357,347.933227344992,3,3.61107840855951e-48
7405,0.259875657580105,347.980199450788,3,1.18495883501544e-47
7406,0.258153993304639,348.027171556583,3,5.41795739104252e-47
7407,0.258823529411765,348.074143662379,3,3.00310138869001e-47
7408,0.260353897656624,348.121115768175,3,7.75635685472099e-48
7409,0.263605930176949,348.16808787397,3,4.26951970726086e-49
7410,0.267336202773792,348.215059979766,3,1.47664806890879e-50
7411,0.270875179340029,348.262032085562,3,5.84422412556943e-52
7412,0.272788139646102,348.309004191357,3,1.00454183535944e-52
7413,0.27403156384505,348.355976297153,3,3.17969653473786e-53
7414,0.275466284074605,348.402948402948,3,8.38512509659452e-54
7415,0.27403156384505,348.449920508744,3,3.17969653473786e-53
7416,0.271927307508369,348.49689261454,3,2.22169348590364e-52
7417,0.273170731707317,348.543864720335,3,7.05438518454554e-53
7418,0.270492587278814,348.590836826131,3,8.30082470830018e-52
7419,0.269153515064562,348.637808931927,3,2.82512254105179e-51
7420,0.269631755141081,348.684781037722,3,1.8252771902572e-51
7421,0.268866571018651,348.731753143518,3,3.67047964150718e-51
7422,0.267910090865615,348.778725249314,3,8.76835995332407e-51
7423,0.270014347202296,348.825697355109,3,1.2863311592466e-51
7424,0.273553323768532,348.872669460905,3,4.95181835484099e-53
7425,0.277570540411286,348.9196415667,3,1.17429007282013e-54
7426,0.277379244380679,348.966613672496,3,1.40481527630929e-54
7427,0.27661406025825,349.013585778292,3,2.87429500880169e-54
7428,0.275274988043998,349.060557884087,3,1.00194459355284e-53
7429,0.276518412242946,349.107529989883,3,3.14299173131691e-54
7430,0.278909612625538,349.154502095679,3,3.33865778925468e-55
7431,0.279866092778575,349.201474201474,3,1.35530678401966e-55
7432,0.278240076518412,349.24844630727,3,6.26552212187566e-55
7433,0.276709708273553,349.295418413066,3,2.628499268424e-54
7434,0.272692491630799,349.342390518861,3,1.09727690287271e-52
7435,0.268962219033955,349.389362624657,3,3.36387054534669e-51
7436,0.270683883309421,349.436334730452,3,6.96541966015606e-52
7437,0.274222859875658,349.483306836248,3,2.66288793621183e-53
7438,0.278048780487805,349.530278942044,3,7.49830650679072e-55
7439,0.281013868962219,349.577251047839,3,4.5779289681108e-56
7440,0.282926829268293,349.624223153635,3,7.43623174352155e-57
7441,0.283787661406026,349.671195259431,3,3.27077948782948e-57
7442,0.285031085604974,349.718167365226,3,9.94859548469443e-58
7443,0.283405069344811,349.765139471022,3,4.71303847111304e-57
7444,0.278048780487805,349.812111576817,3,7.49830650679072e-55
7445,0.283596365375418,349.859083682613,3,3.92644262070463e-57
