"y","mean_gray","position..mm.","facies_class","facies_prob"
532,0.107376283846872,25.1409163173869,1,0.996814041934029
533,0.155555555555556,25.1878884231826,1,0.832557085328423
534,0.172922502334267,25.2348605289782,1,0.607270396433523
535,0.185247432306256,25.2818326347738,2,0.428354616087381
536,0.19140989729225,25.3288047405695,2,0.350179924703824
537,0.192156862745098,25.3757768463651,2,0.341473174041222
538,0.186928104575163,25.4227489521607,2,0.405974685722441
539,0.181139122315593,25.4697210579564,2,0.485820729441273
540,0.178898225957049,25.516693163752,1,0.518438049054764
541,0.182259570494865,25.5636652695476,2,0.469807795943695
542,0.188608776844071,25.6106373753433,2,0.384360229496635
543,0.197012138188609,25.6576094811389,2,0.289227282821733
544,0.202240896358543,25.7045815869345,2,0.241378767629667
545,0.199626517273576,25.7515536927302,2,0.264231653713318
546,0.197198879551821,25.7985257985258,2,0.287369486965293
547,0.194024276377218,25.8454979043214,2,0.320481163935668
548,0.191970121381886,25.8924700101171,2,0.343633400976152
549,0.188422035480859,25.9394421159127,2,0.386722207970912
550,0.179084967320261,25.9864142217084,1,0.515694750435788
551,0.172549019607843,26.033386327504,1,0.612814667070648
552,0.174789915966387,26.0803584332996,1,0.57945007569575
553,0.161531279178338,26.1273305390953,1,0.765402175769004
554,0.158543417366947,26.1743026448909,1,0.800695204355946
555,0.158169934640523,26.2212747506865,1,0.804870515577472
556,0.15985060690943,26.2682468564822,1,0.78566106194493
557,0.161344537815126,26.3152189622778,1,0.767703081289374
558,0.162091503267974,26.3621910680734,1,0.758426934243677
559,0.162278244631186,26.4091631738691,1,0.756078033803698
560,0.162278244631186,26.4561352796647,1,0.756078033803698
561,0.154248366013072,26.5031073854603,1,0.845370569769329
562,0.152754435107376,26.550079491256,1,0.859165679025423
563,0.150326797385621,26.5970515970516,1,0.879663885897782
564,0.148272642390289,26.6440237028472,1,0.895193728227963
565,0.14640522875817,26.6909958086429,1,0.907923518988186
566,0.143977591036415,26.7379679144385,1,0.922600499672609
567,0.142110177404295,26.7849400202342,1,0.932542076080501
568,0.140242763772176,26.8319121260298,1,0.941397925362617
569,0.13781512605042,26.8788842318254,1,0.951423260409595
570,0.13109243697479,26.9258563376211,1,0.971840055129474
571,0.132959850606909,26.9728284434167,1,0.967116479520079
572,0.13015873015873,27.0198005492123,1,0.973966915111874
573,0.117086834733894,27.066772655008,1,0.991872498419821
574,0.115219421101774,27.1137447608036,1,0.99318107434492
575,0.127544351073763,27.1607168665992,1,0.979177306061876
576,0.135014005602241,27.2076889723949,1,0.961123376617045
577,0.146778711484594,27.2546610781905,1,0.905480405478829
578,0.144911297852474,27.3016331839861,1,0.917197581122198
579,0.141549953314659,27.3486052897818,1,0.935309117267612
580,0.13874883286648,27.3955773955774,1,0.947756300571343
581,0.140429505135387,27.442549501373,1,0.940558860101565
582,0.145098039215686,27.4895216071687,1,0.916081197578469
583,0.152754435107376,27.5364937129643,1,0.859165679025423
584,0.156676003734827,27.58346581876,1,0.82102487128381
585,0.162091503267974,27.6304379245556,1,0.758426934243677
586,0.164145658263305,27.6774100303512,1,0.731963772510498
587,0.159663865546219,27.7243821361469,1,0.787848310382691
588,0.151447245564893,27.7713542419425,1,0.870496163010916
589,0.145098039215686,27.8183263477381,1,0.916081197578469
590,0.145845004668534,27.8652984535338,1,0.911493876557896
591,0.148272642390289,27.9122705593294,1,0.895193728227963
592,0.149393090569561,27.959242665125,1,0.886925486496778
593,0.161904761904762,28.0062147709207,1,0.760763997023716
594,0.170868347338936,28.0531868767163,1,0.637613968311887
595,0.180018674136321,28.1001589825119,1,0.502042046712244
596,0.18468720821662,28.1471310883076,2,0.435973173009855
597,0.183193277310924,28.1941031941032,2,0.456645482493856
598,0.180765639589169,28.2410752998988,2,0.491206296818514
599,0.180578898225957,28.2880474056945,2,0.493907390897964
600,0.181139122315593,28.3350195114901,2,0.485820729441273
601,0.173109243697479,28.3819916172857,1,0.604494899711147
602,0.173482726423903,28.4289637230814,1,0.598938170245603
603,0.177404295051354,28.475935828877,1,0.540508699019231
604,0.181699346405229,28.5229079346727,2,0.477786202446343
605,0.18375350140056,28.5698800404683,2,0.448834989422174
606,0.182072829131653,28.6168521462639,2,0.472460789628561
607,0.180205415499533,28.6638242520596,2,0.499325423785801
608,0.179645191409897,28.7107963578552,1,0.507489702514337
609,0.177591036414566,28.7577684636508,1,0.537739433492778
610,0.177217553688142,28.8047405694465,1,0.543280406293591
611,0.176283846872082,28.8517126752421,1,0.557169123977893
612,0.173109243697479,28.8986847810377,1,0.604494899711147
613,0.170494864612512,28.9456568868334,1,0.64308227412719
614,0.168814192343604,28.992628992629,1,0.667434131630018
615,0.16844070961718,29.0396010984246,1,0.672779908201838
616,0.169000933706816,29.0865732042203,1,0.664751535968098
617,0.173669467787115,29.1335453100159,1,0.596157332079207
618,0.175350140056022,29.1805174158115,1,0.571090972249283
619,0.175910364145658,29.2274895216072,1,0.562735212585774
620,0.176283846872082,29.2744616274028,1,0.557169123977893
621,0.176657329598506,29.3214337331985,1,0.551608342838849
622,0.17516339869281,29.3684058389941,1,0.573877226011198
623,0.170494864612512,29.4153779447897,1,0.64308227412719
624,0.166386554621849,29.4623500505854,1,0.701659473830137
625,0.169747899159664,29.509322156381,1,0.653960738795345
626,0.163398692810458,29.5562942621766,1,0.741742471366451
627,0.153688141923436,29.6032663679723,1,0.850649844591338
628,0.146778711484594,29.6502384737679,1,0.905480405478829
629,0.149019607843137,29.6972105795635,1,0.889735136416035
630,0.157796451914099,29.7441826853592,1,0.808991533217624
631,0.16078431372549,29.7911547911548,1,0.774531854601893
632,0.158916900093371,29.8381268969504,1,0.796466058338738
633,0.157422969187675,29.8850990027461,1,0.813057840907985
634,0.161531279178338,29.9320711085417,1,0.765402175769004
635,0.163398692810458,29.9790432143373,1,0.741742471366451
636,0.162464985994398,30.026015320133,1,0.753717407375542
637,0.159290382819795,30.0729874259286,1,0.792183578946288
638,0.155368814192344,30.1199595317243,1,0.834429954592833
639,0.151260504201681,30.1669316375199,1,0.872058803574836
640,0.150326797385621,30.2139037433155,1,0.879663885897782
641,0.156862745098039,30.2608758491112,1,0.819053914084715
642,0.155742296918768,30.3078479549068,1,0.830670131034949
643,0.156862745098039,30.3548200607024,1,0.819053914084715
644,0.156676003734827,30.4017921664981,1,0.82102487128381
645,0.153874883286648,30.4487642722937,1,0.848904244333989
646,0.153874883286648,30.4957363780893,1,0.848904244333989
647,0.15499533146592,30.542708483885,1,0.838133370213509
648,0.155368814192344,30.5896805896806,1,0.834429954592833
649,0.155929038281979,30.6366526954762,1,0.828769111722654
650,0.161344537815126,30.6836248012719,1,0.767703081289374
651,0.167320261437909,30.7305969070675,1,0.68864895047831
652,0.17516339869281,30.7775690128631,1,0.573877226011198
653,0.18468720821662,30.8245411186588,2,0.435973173009855
654,0.186367880485528,30.8715132244544,2,0.413352725669251
655,0.182446311858077,30.91848533025,2,0.467161464382212
656,0.178151260504202,30.9654574360457,1,0.529448098837693
657,0.175350140056022,31.0124295418413,1,0.571090972249283
658,0.165639589169001,31.059401647637,1,0.711912915262541
659,0.158730158730159,31.1063737534326,1,0.798587330359361
660,0.158730158730159,31.1533458592282,1,0.798587330359362
661,0.16171802054155,31.2003179650239,1,0.763089113039282
662,0.16265172735761,31.2472900708195,1,0.751345169181052
663,0.165266106442577,31.2942621766151,1,0.71698445251758
664,0.167880485527544,31.3412342824108,1,0.680747318480564
665,0.177777777777778,31.3882063882064,1,0.534972791492195
666,0.176657329598506,31.435178494002,1,0.551608342838849
667,0.17609710550887,31.4821505997977,1,0.559951599400645
668,0.177591036414566,31.5291227055933,1,0.537739433492778
669,0.179831932773109,31.5760948113889,1,0.504763527071201
670,0.180018674136321,31.6230669171846,1,0.502042046712244
671,0.173295985060691,31.6700390229802,1,0.601717425203841
672,0.166946778711485,31.7170111287758,1,0.693877838163808
673,0.160597572362278,31.7639832345715,1,0.776783144453417
674,0.16078431372549,31.8109553403671,1,0.774531854601893
675,0.159477124183007,31.8579274461628,1,0.790022507624255
676,0.160224089635854,31.9048995519584,1,0.781247723771905
677,0.166946778711485,31.951871657754,1,0.693877838163808
678,0.17609710550887,31.9988437635497,1,0.559951599400645
679,0.182633053221289,32.0458158693453,2,0.46452193264119
680,0.184126984126984,32.0927879751409,2,0.443666312914756
681,0.185994397759104,32.1397600809366,2,0.418317567374681
682,0.184873949579832,32.1867321867322,2,0.433425219545273
683,0.184873949579832,32.2337042925278,2,0.433425219545273
684,0.184873949579832,32.2806763983235,2,0.433425219545273
685,0.185807656395892,32.3276485041191,2,0.420813555109817
686,0.183380018674136,32.3746206099147,2,0.454034485804393
687,0.177591036414566,32.4215927157104,1,0.537739433492778
688,0.173669467787115,32.468564821506,1,0.596157332079207
689,0.173109243697479,32.5155369273016,1,0.604494899711147
690,0.163211951447246,32.5625090330973,1,0.744159964074854
691,0.154808590102708,32.6094811388929,1,0.839963888705789
692,0.153501400560224,32.6564532446885,1,0.852381290682016
693,0.159103641456583,32.7034253504842,1,0.794331452305671
694,0.163211951447246,32.7503974562798,1,0.744159964074854
695,0.163025210084034,32.7973695620755,1,0.746566327019385
696,0.160037348272642,32.8443416678711,1,0.783460839714161
697,0.16265172735761,32.8913137736667,1,0.751345169181052
698,0.166946778711485,32.9382858794624,1,0.693877838163808
699,0.171241830065359,32.985257985258,1,0.632128334393588
700,0.173482726423903,33.0322300910536,1,0.598938170245603
701,0.170121381886088,33.0792021968493,1,0.648531708122255
702,0.162838468720822,33.1261743026449,1,0.748961435973777
703,0.157796451914099,33.1731464084405,1,0.808991533217624
704,0.154621848739496,33.2201185142362,1,0.841780266396996
705,0.150700280112045,33.2670906200318,1,0.876663341304635
706,0.15499533146592,33.3140627258274,1,0.838133370213509
707,0.162838468720822,33.3610348316231,1,0.748961435973777
708,0.171615312791783,33.4080069374187,1,0.626626926496994
709,0.177591036414566,33.4549790432144,1,0.537739433492778
710,0.183193277310924,33.50195114901,2,0.456645482493856
711,0.19327731092437,33.5489232548056,2,0.328744212377694
712,0.205228758169935,33.5958953606013,2,0.217772546118045
713,0.206162464985994,33.6428674663969,2,0.210920437508587
714,0.21531279178338,33.6898395721925,2,0.155536711624611
715,0.223342670401494,33.7368116779882,2,0.121397823999185
716,0.223155929038282,33.7837837837838,2,0.122067794049012
717,0.218113912231559,33.8307558895794,2,0.142305593250453
718,0.211951447245565,33.8777279953751,2,0.173565849099223
719,0.203734827264239,33.9247001011707,2,0.229249801507288
720,0.197385620915033,33.9716722069663,2,0.285522893099287
721,0.185060690943044,34.018644312762,2,0.430885664607362
722,0.188795518207283,34.0656164185576,2,0.382008392510904
723,0.186741363211951,34.1125885243532,2,0.408424682943508
724,0.186741363211951,34.1595606301489,2,0.408424682943508
725,0.194024276377218,34.2065327359445,2,0.320481163935668
726,0.197198879551821,34.2535048417401,2,0.287369486965293
727,0.198692810457516,34.3004769475358,2,0.272909154052064
728,0.204481792717087,34.3474490533314,2,0.223431052659864
729,0.205228758169935,34.3944211591271,2,0.217772546118045
730,0.211391223155929,34.4413932649227,2,0.176817492773133
731,0.218113912231559,34.4883653707183,2,0.142305593250453
732,0.221848739495798,34.535337476514,2,0.126908942460197
733,0.221475256769374,34.5823095823096,2,0.128342000375692
734,0.221101774042951,34.6292816881052,2,0.129797831669022
735,0.226143790849673,34.6762537939009,2,0.111960861935115
736,0.230252100840336,34.7232258996965,2,0.100009522841583
737,0.224649859943978,34.7701980054921,2,0.11685383220474
738,0.231372549019608,34.8171701112878,2,0.0970992954660373
739,0.236788048552754,34.8641422170834,2,0.0848571635214699
740,0.236041083099907,34.911114322879,2,0.0863798390569449
741,0.230812324929972,34.9580864286747,2,0.0985368805861235
742,0.227824463118581,35.0050585344703,2,0.106816457337286
743,0.230252100840336,35.0520306402659,2,0.100009522841583
744,0.234360410830999,35.0990027460616,2,0.0899919826712268
745,0.236974789915966,35.1459748518572,2,0.0844841684188344
746,0.234920634920635,35.1929469576529,2,0.0887585632927201
747,0.233426704014939,35.2399190634485,2,0.0921153308104121
748,0.235667600373483,35.2868911692441,2,0.0871599252791578
749,0.240336134453782,35.3338632750398,2,0.0782656850407772
750,0.241830065359477,35.3808353808354,2,0.075783532694348
751,0.236041083099907,35.427807486631,2,0.0863798390569449
752,0.230438842203548,35.4747795924267,2,0.0995146966335997
753,0.209897292250233,35.5217516982223,2,0.185854535106568
754,0.20186741363212,35.5687238040179,2,0.244515248045906
755,0.191783380018674,35.6156959098136,2,0.345804622701873
756,0.18375350140056,35.6626680156092,2,0.448834989422174
757,0.174416433239963,35.7096401214048,1,0.585022085852076
758,0.160597572362278,35.7566122272005,1,0.776783144453417
759,0.143230625583567,35.8035843329961,1,0.926712595065016
760,0.132399626517274,35.8505564387917,1,0.968602353450715
761,0.112231559290383,35.8975285445874,1,0.994874279302709
762,0.107936507936508,35.944500650383,1,0.996631897410353
763,0.107749766573296,35.9914727561787,1,0.996693671473124
764,0.107002801120448,36.0384448619743,1,0.996930287453449
765,0.107563025210084,36.0854169677699,1,0.996754380656597
766,0.117086834733894,36.1323890735656,1,0.991872498419821
767,0.129598506069094,36.1793611793612,1,0.975172903692974
768,0.13202614379085,36.2263332851568,1,0.969559564285652
769,0.134267040149393,36.2733053909525,1,0.963405337117876
770,0.132212885154062,36.3202774967481,1,0.969084246845313
771,0.130345471521942,36.3672496025437,1,0.973553413448383
772,0.127170868347339,36.4142217083394,1,0.979839304646691
773,0.123062558356676,36.461193814135,1,0.98596046318152
774,0.123249299719888,36.5081659199306,1,0.985724028379865
775,0.127544351073763,36.5551380257263,1,0.979177306061876
776,0.132959850606909,36.6021101315219,1,0.967116479520079
777,0.136694677871148,36.6490822373175,1,0.955529293330143
778,0.147525676937442,36.6960543431132,1,0.900440909026831
779,0.152007469654528,36.7430264489088,1,0.865724438946739
780,0.149766573295985,36.7899985547044,1,0.884061738362943
781,0.153874883286648,36.8369706605001,1,0.848904244333989
782,0.169000933706816,36.8839427662957,1,0.664751535968098
783,0.180392156862745,36.9309148720914,2,0.496613818901035
784,0.181886087768441,36.977886977887,2,0.475120305709264
785,0.187861811391223,37.0248590836826,2,0.393868315311236
786,0.189169000933707,37.0718311894783,2,0.377335399074273
787,0.190289449112979,37.1188032952739,2,0.363566099012146
788,0.193090569561158,37.1657754010695,2,0.330837920010709
789,0.193464052287582,37.2127475068652,2,0.326661666751973
790,0.19140989729225,37.2597196126608,2,0.350179924703824
791,0.185434173669468,37.3066917184564,2,0.42583217968848
792,0.180578898225957,37.3536638242521,2,0.493907390897964
793,0.166946778711485,37.4006359300477,1,0.693877838163808
794,0.161531279178338,37.4476080358433,1,0.765402175769004
795,0.151633986928105,37.494580141639,1,0.868919573770336
796,0.141923436041083,37.5415522474346,1,0.933475174007804
797,0.135760971055089,37.5885243532302,1,0.958717829766121
798,0.135387488328665,37.6354964590259,1,0.959936369680921
799,0.141549953314659,37.6824685648215,1,0.935309117267612
800,0.147152194211018,37.7294406706172,1,0.902986372856647
801,0.159477124183007,37.7764127764128,1,0.790022507624255
802,0.167320261437909,37.8233848822084,1,0.68864895047831
803,0.175910364145658,37.8703569880041,1,0.562735212585774
804,0.179084967320261,37.9173290937997,1,0.515694750435788
805,0.180018674136321,37.9643011995953,1,0.502042046712244
806,0.184313725490196,38.011273305391,2,0.441093833036918
807,0.192903828197946,38.0582454111866,2,0.332942770951544
808,0.2,38.1052175169822,2,0.260837457907816
809,0.207096171802054,38.1521896227779,2,0.204308558720339
810,0.208216619981326,38.1991617285735,2,0.196683077070182
811,0.210270774976657,38.2461338343691,2,0.183544463109789
812,0.207843137254902,38.2931059401648,2,0.199188055380486
813,0.195518207282913,38.3400780459604,2,0.304494073314694
814,0.179271708683473,38.387050151756,1,0.512955480750907
815,0.16750700280112,38.4340222575517,1,0.686022674250947
816,0.163025210084034,38.4809943633473,1,0.746566327019385
817,0.173109243697479,38.527966469143,1,0.604494899711147
818,0.177591036414566,38.5749385749386,1,0.537739433492778
819,0.182446311858077,38.6219106807342,2,0.467161464382212
820,0.185434173669468,38.6688827865299,2,0.42583217968848
821,0.183006535947712,38.7158548923255,2,0.459263809152383
822,0.182259570494865,38.7628269981211,2,0.469807795943695
823,0.189915966386555,38.8097991039168,2,0.368113810399827
824,0.200560224089636,38.8567712097124,2,0.255827789663047
825,0.201680672268908,38.903743315508,2,0.246099330052525
826,0.200560224089636,38.9507154213037,2,0.255827789663047
827,0.201493930905696,38.9976875270993,2,0.247694020623125
828,0.2,39.0446596328949,2,0.260837457907816
829,0.198132586367881,39.0916317386906,2,0.278248260021296
830,0.199439775910364,39.1386038444862,2,0.265945159235574
831,0.206349206349206,39.1855759502818,2,0.209579030072783
832,0.213632119514472,39.2325480560775,2,0.164242042971906
833,0.230065359477124,39.2795201618731,2,0.1005083352163
834,0.244257703081232,39.3264922676687,2,0.0720854083231277
835,0.248739495798319,39.3734643734644,2,0.0662371721686944
836,0.236041083099907,39.42043647926,2,0.0863798390569449
837,0.226517273576097,39.4674085850557,2,0.110785537155019
838,0.227264239028945,39.5143806908513,2,0.108490375889277
839,0.224649859943978,39.5613527966469,2,0.11685383220474
840,0.218487394957983,39.6083249024426,2,0.140655119366067
841,0.222595704948646,39.6552970082382,2,0.124109815097326
842,0.216619981325864,39.7022691140338,2,0.149170586084433
843,0.20952380952381,39.7492412198295,2,0.188199149438129
844,0.202427637721755,39.7962133256251,2,0.239826296503513
845,0.189915966386555,39.8431854314207,2,0.368113810399827
846,0.177404295051354,39.8901575372164,1,0.540508699019231
847,0.172922502334267,39.937129643012,1,0.607270396433523
848,0.17516339869281,39.9841017488076,1,0.573877226011199
849,0.196078431372549,40.0310738546033,2,0.298684661335208
850,0.202427637721755,40.0780459603989,2,0.239826296503513
851,0.212698412698413,40.1250180661945,2,0.169343264277159
852,0.223342670401494,40.1719901719902,2,0.121397823999185
853,0.228011204481793,40.2189622777858,2,0.106267340038494
854,0.226890756302521,40.2659343835815,2,0.109628802389428
855,0.223529411764706,40.3129064893771,2,0.1207331393784
856,0.220168067226891,40.3598785951727,2,0.133539267823948
857,0.218113912231559,40.4068507009684,2,0.142305593250453
858,0.221288515406162,40.453822806764,2,0.129067048338353
859,0.227450980392157,40.5007949125596,2,0.107927941251321
860,0.233800186741363,40.5477670183553,2,0.0912556874834801
861,0.237721755368814,40.5947391241509,2,0.0830221891436359
862,0.236974789915966,40.6417112299465,2,0.0844841684188344
863,0.233613445378151,40.6886833357422,2,0.0916837741448257
864,0.231746031746032,40.7356554415378,2,0.096159985138568
865,0.227637721755369,40.7826275473334,2,0.107369979777838
866,0.230065359477124,40.8295996531291,2,0.1005083352163
867,0.234920634920635,40.8765717589247,2,0.0887585632927201
868,0.242950513538749,40.9235438647204,2,0.0740268712452903
869,0.250233426704015,40.970515970516,2,0.0645414473540731
870,0.253968253968254,41.0174880763116,2,0.0607950812959601
871,0.258263305322129,41.0644601821073,2,0.0572678754091131
872,0.261437908496732,41.1114322879029,2,0.0551369755403914
873,0.254341736694678,41.1584043936985,2,0.0604567139380982
874,0.248179271708683,41.2053764994942,2,0.0669041853623129
875,0.243510737628385,41.2523486052898,2,0.0731808885228359
876,0.242016806722689,41.2993207110854,2,0.0754846469765219
877,0.244070961718021,41.3462928168811,2,0.072355847079465
878,0.245378151260504,41.3932649226767,2,0.0705096696123344
879,0.241643323996265,41.4402370284723,2,0.0760849043206787
880,0.236414565826331,41.487209134268,2,0.0856123153180754
881,0.229878618113912,41.5341812400636,2,0.101011164579234
882,0.225210084033613,41.5811533458592,2,0.114982389228899
883,0.218487394957983,41.6281254516549,2,0.140655119366067
884,0.21624649859944,41.6750975574505,2,0.150954474230666
885,0.2171802054155,41.7220696632461,2,0.146546070863675
886,0.215499533146592,41.7690417690418,2,0.154606070291741
887,0.211577964519141,41.8160138748374,2,0.175725444123708
888,0.211951447245565,41.862985980633,2,0.173565849099223
889,0.210457516339869,41.9099580864287,2,0.182402255348281
890,0.215873015873016,41.9569301922243,2,0.152766174674214
891,0.216433239962652,42.00390229802,2,0.150059077449224
892,0.208029878618114,42.0508744038156,2,0.1979310006807
893,0.197572362278245,42.0978465096112,2,0.283687488226799
894,0.192530345471522,42.1448186154069,2,0.337185819463032
895,0.188048552754435,42.1917907212025,2,0.391476320697842
896,0.183006535947712,42.2387628269981,2,0.459263809152383
897,0.178338001867414,42.2857349327938,1,0.526690405270423
898,0.170868347338936,42.3327070385894,1,0.637613968311887
899,0.166013071895425,42.379679144385,1,0.70680417086175
900,0.166760037348273,42.4266512501807,1,0.696480110027506
901,0.165452847805789,42.4736233559763,1,0.714453411931052
902,0.158730158730159,42.5205954617719,1,0.798587330359362
903,0.158169934640523,42.5675675675676,1,0.804870515577472
904,0.160410830999066,42.6145396733632,1,0.779021796875333
905,0.152380952380952,42.6615117791589,1,0.862473197512901
906,0.146031746031746,42.7084838849545,1,0.910316242012261
907,0.143230625583567,42.7554559907501,1,0.926712595065016
908,0.144164332399627,42.8024280965458,1,0.921543531814107
909,0.143977591036415,42.8494002023414,1,0.922600499672609
910,0.143977591036415,42.896372308137,1,0.922600499672609
911,0.152380952380952,42.9433444139327,1,0.862473197512901
912,0.16265172735761,42.9903165197283,1,0.751345169181052
913,0.162838468720822,43.0372886255239,1,0.748961435973777
914,0.169000933706816,43.0842607313196,1,0.664751535968098
915,0.176470588235294,43.1312328371152,1,0.554387975657312
916,0.183193277310924,43.1782049429108,2,0.456645482493856
917,0.190289449112979,43.2251770487065,2,0.363566099012146
918,0.19906629318394,43.2721491545021,2,0.269405114015481
919,0.207469654528478,43.3191212602977,2,0.201729753147977
920,0.213258636788049,43.3660933660934,2,0.166259279260923
921,0.216059757236228,43.413065471889,2,0.151856824045447
922,0.217553688141923,43.4600375776847,2,0.144830055885282
923,0.216059757236228,43.5070096834803,2,0.151856824045447
924,0.209150326797386,43.5539817892759,2,0.190578705684634
925,0.202240896358543,43.6009538950716,2,0.241378767629667
926,0.195704948646125,43.6479260008672,2,0.30254634283305
927,0.188235294117647,43.6948981066628,2,0.389094261290446
928,0.181325863678805,43.7418702124585,2,0.48313656099082
929,0.176283846872082,43.7888423182541,1,0.557169123977893
930,0.184500466853408,43.8358144240497,2,0.438529414925499
931,0.197572362278245,43.8827865298454,2,0.283687488226799
932,0.211204481792717,43.929758635641,2,0.177917775769114
933,0.223342670401494,43.9767307414366,2,0.121397823999185
934,0.230812324929972,44.0237028472323,2,0.0985368805861235
935,0.236227824463119,44.0706749530279,2,0.0859945188600922
936,0.239962651727358,44.1176470588235,2,0.0789122202091792
937,0.235854341736695,44.1646191646192,2,0.0867682998248893
938,0.232679738562092,44.2115912704148,2,0.09387679684194
939,0.2296918767507,44.2585633762104,2,0.101518041983697
940,0.229131652661064,44.3055354820061,2,0.103063276473514
941,0.227637721755369,44.3525075878017,2,0.107369979777838
942,0.227264239028945,44.3994796935973,2,0.108490375889277
943,0.224649859943978,44.446451799393,2,0.11685383220474
944,0.222222222222222,44.4934239051886,2,0.125498324067012
945,0.230252100840336,44.5403960109843,2,0.100009522841583
946,0.228011204481793,44.5873681167799,2,0.106267340038494
947,0.226517273576097,44.6343402225755,2,0.110785537155019
948,0.225023342670401,44.6813123283712,2,0.115601252130907
949,0.226517273576097,44.7282844341668,2,0.110785537155019
950,0.228197945845005,44.7752565399624,2,0.105722594230176
951,0.230999066293184,44.8222286457581,2,0.0980538302553421
952,0.233053221288515,44.8692007515537,2,0.0929889615891319
953,0.233800186741363,44.9161728573493,2,0.0912556874834801
954,0.232866479925303,44.963144963145,2,0.093431089957311
955,0.23155929038282,45.0101170689406,2,0.0966277518841238
956,0.230252100840336,45.0570891747362,2,0.100009522841583
957,0.232306255835668,45.1040612805319,2,0.0947790570589809
958,0.234733893557423,45.1510333863275,2,0.0891663809517158
959,0.235667600373483,45.1980054921232,2,0.0871599252791578
960,0.235480859010271,45.2449775979188,2,0.0875547397351116
961,0.235854341736695,45.2919497037144,2,0.0867682998248893
962,0.234360410830999,45.3389218095101,2,0.0899919826712268
963,0.230999066293184,45.3858939153057,2,0.0980538302553421
964,0.230065359477124,45.4328660211013,2,0.1005083352163
965,0.231932773109244,45.479838126897,2,0.0956959662314575
966,0.236974789915966,45.5268102326926,2,0.0844841684188344
967,0.243137254901961,45.5737823384882,2,0.0737425217574192
968,0.245751633986928,45.6207544442839,2,0.0700019059285297
969,0.250420168067227,45.6677265500795,2,0.0643377397350447
970,0.250420168067227,45.7146986558751,2,0.0643377397350447
971,0.251914098972922,45.7616707616708,2,0.0627716764907631
972,0.252287581699346,45.8086428674664,2,0.0623974034875031
973,0.251167133520075,45.855614973262,2,0.0635407314445801
974,0.249859943977591,45.9025870790577,2,0.0649542934442653
975,0.24593837535014,45.9495591848533,2,0.0697512321046222
976,0.244070961718021,45.996531290649,2,0.072355847079465
977,0.244070961718021,46.0435033964446,2,0.072355847079465
978,0.238655462184874,46.0904755022402,2,0.0812605329075151
979,0.233053221288515,46.1374476080359,2,0.0929889615891319
980,0.231372549019608,46.1844197138315,2,0.0970992954660373
981,0.234547152194211,46.2313918196271,2,0.0895775122311851
982,0.238468720821662,46.2783639254228,2,0.0816071312172458
983,0.241083099906629,46.3253360312184,2,0.0770041203623946
984,0.240522875816993,46.372308137014,2,0.0779463850928621
985,0.242577030812325,46.4192802428097,2,0.0746027228219726
986,0.243510737628385,46.4662523486053,2,0.0731808885228359
987,0.24593837535014,46.5132244544009,2,0.0697512321046222
988,0.247432306255836,46.5601965601966,2,0.0678208604370159
989,0.2468720821662,46.6071686659922,2,0.0685293410110362
990,0.250793650793651,46.6541407717878,2,0.0639356949186001
991,0.254901960784314,46.7011128775835,2,0.0599608833477809
992,0.257703081232493,46.7480849833791,2,0.0576843246814786
993,0.255835667600373,46.7950570891747,2,0.0591651173234552
994,0.26984126984127,46.8420291949704,2,0.0511838613017694
995,0.267040149393091,46.889001300766,2,0.0522485119196717
996,0.259197012138189,46.9359734065617,2,0.056601326402499
997,0.259383753501401,46.9829455123573,2,0.0564720776569905
998,0.255275443510738,47.0299176181529,2,0.0596380310579742
999,0.252847805788982,47.0768897239486,2,0.0618485636237613
1000,0.26125116713352,47.1238618297442,2,0.0552519121707692
1001,0.265359477124183,47.1708339355398,2,0.0530051630510577
1002,0.270214752567694,47.2178060413355,2,0.0510598683801367
1003,0.273949579831933,47.2647781471311,2,0.0500433381414044
1004,0.274323062558357,47.3117502529267,2,0.049963537404021
1005,0.277684407096172,47.3587223587224,2,0.0494188522296681
1006,0.277684407096172,47.405694464518,2,0.0494188522296681
1007,0.266853408029879,47.4526665703136,2,0.0523281274274719
1008,0.251727357609711,47.4996386761093,2,0.0629613598013932
1009,0.237721755368814,47.5466107819049,2,0.0830221891436359
1010,0.230812324929972,47.5935828877005,2,0.0985368805861235
1011,0.220354808590103,47.6405549934962,2,0.132779168376386
1012,0.211951447245565,47.6875270992918,2,0.173565849099223
1013,0.208029878618114,47.7344992050875,2,0.1979310006807
1014,0.20672268907563,47.7814713108831,2,0.206924857206381
1015,0.204108309990663,47.8284434166787,2,0.226320224204005
1016,0.203174603174603,47.8754155224744,2,0.233720661271608
1017,0.208029878618114,47.92238762827,2,0.1979310006807
1018,0.207843137254902,47.9693597340656,2,0.199188055380486
1019,0.207843137254902,48.0163318398613,2,0.199188055380486
1020,0.208216619981326,48.0633039456569,2,0.196683077070182
1021,0.20859010270775,48.1102760514525,2,0.194214427019552
1022,0.20765639589169,48.1572481572482,2,0.20045428998907
1023,0.205228758169935,48.2042202630438,2,0.217772546118045
1024,0.203548085901027,48.2511923688394,2,0.230729847645086
1025,0.20765639589169,48.2981644746351,2,0.20045428998907
1026,0.207843137254902,48.3451365804307,2,0.199188055380486
1027,0.208216619981326,48.3921086862263,2,0.196683077070182
1028,0.207096171802054,48.439080792022,2,0.204308558720339
1029,0.209897292250233,48.4860528978176,2,0.185854535106568
1030,0.214192343604108,48.5330250036133,2,0.161273326507141
1031,0.218860877684407,48.5799971094089,2,0.139030219624792
1032,0.221475256769374,48.6269692152045,2,0.128342000375692
1033,0.22203548085901,48.6739413210002,2,0.126200849042926
1034,0.219794584500467,48.7209134267958,2,0.135077488397747
1035,0.215873015873016,48.7678855325914,2,0.152766174674214
1036,0.212138188608777,48.8148576383871,2,0.172498202396433
1037,0.210457516339869,48.8618297441827,2,0.182402255348281
1038,0.214005602240896,48.9088018499783,2,0.162255346225105
1039,0.22203548085901,48.955773955774,2,0.126200849042926
1040,0.227824463118581,49.0027460615696,2,0.106816457337286
1041,0.227077497665733,49.0497181673652,2,0.109057318064093
1042,0.23062558356676,49.0966902731609,2,0.0990238260018801
1043,0.233800186741363,49.1436623789565,2,0.0912556874834801
1044,0.236041083099907,49.1906344847521,2,0.0863798390569449
1045,0.242016806722689,49.2376065905478,2,0.0754846469765219
1046,0.250233426704015,49.2845786963434,2,0.0645414473540731
1047,0.255648926237162,49.331550802139,2,0.0593212522140275
1048,0.256769374416433,49.3785229079347,2,0.0584066294567238
1049,0.251353874883287,49.4254950137303,2,0.0633458759337096
1050,0.240522875816993,49.472467119526,2,0.0779463850928621
1051,0.227077497665733,49.5194392253216,2,0.109057318064093
1052,0.216619981325864,49.5664113311172,2,0.149170586084433
1053,0.20952380952381,49.6133834369129,2,0.188199149438129
1054,0.20093370681606,49.6603555427085,2,0.252542086736247
1055,0.189729225023343,49.7073276485041,2,0.370403515874165
1056,0.183193277310924,49.7542997542998,2,0.456645482493856
1057,0.180205415499533,49.8012718600954,2,0.499325423785801
1058,0.171615312791783,49.848243965891,1,0.626626926496994
1059,0.159477124183007,49.8952160716867,1,0.790022507624255
1060,0.150326797385621,49.9421881774823,1,0.879663885897782
1061,0.147152194211018,49.9891602832779,1,0.902986372856647
1062,0.149019607843137,50.0361323890736,1,0.889735136416035
1063,0.150887021475257,50.0831044948692,1,0.875142360103431
1064,0.152567693744164,50.1300766006649,1,0.860826482310054
1065,0.154248366013072,50.1770487064605,1,0.845370569769329
1066,0.146965452847806,50.2240208122561,1,0.904239786462286
1067,0.139495798319328,50.2709929180518,1,0.944654696450934
1068,0.139122315592904,50.3179650238474,1,0.946224559477344
1069,0.141363211951447,50.364937129643,1,0.93621012684047
1070,0.143230625583567,50.4119092354387,1,0.926712595065016
1071,0.14547152194211,50.4588813412343,1,0.913812038690035
1072,0.146965452847806,50.5058534470299,1,0.904239786462286
1073,0.154435107376284,50.5528255528256,1,0.843582495301312
1074,0.157983193277311,50.5997976586212,1,0.806937838109392
1075,0.164145658263305,50.6467697644168,1,0.731963772510498
1076,0.171802054154995,50.6937418702125,1,0.623870795368662
1077,0.176844070961718,50.7407139760081,1,0.548830412934532
1078,0.179271708683473,50.7876860818037,1,0.512955480750907
1079,0.179645191409897,50.8346581875994,1,0.507489702514337
1080,0.180018674136321,50.881630293395,1,0.502042046712244
1081,0.174416433239963,50.9286023991906,1,0.585022085852076
1082,0.174603174603175,50.9755745049863,1,0.582236283172025
1083,0.176283846872082,51.0225466107819,1,0.557169123977893
1084,0.175536881419234,51.0695187165776,1,0.568305090478214
1085,0.172549019607843,51.1164908223732,1,0.612814667070648
1086,0.168814192343604,51.1634629281688,1,0.667434131630018
1087,0.166573295985061,51.2104350339645,1,0.699074043720416
1088,0.163772175536881,51.2574071397601,1,0.736874605769005
1089,0.142110177404295,51.3043792455557,1,0.932542076080501
1090,0.12922502334267,51.3513513513514,1,0.975948803876172
1091,0.120074696545285,51.398323457147,1,0.98928662308984
1092,0.117273576097106,51.4452955629426,1,0.991729566427063
1093,0.110177404295051,51.4922676687383,1,0.995801025667887
1094,0.0989729225023343,51.5392397745339,1,0.998646905141949
1095,0.0997198879551821,51.5862118803295,1,0.998537420288642
1096,0.10905695611578,51.6331839861252,1,0.996237908752048
1097,0.103454715219421,51.6801560919208,1,0.99785246380975
1098,0.104388422035481,51.7271281977164,1,0.997639049894732
1099,0.108496732026144,51.7741003035121,1,0.996440012512475
1100,0.114285714285714,51.8210724093077,1,0.99375923920982
1101,0.119327731092437,51.8680445151033,1,0.989996095584408
1102,0.118954248366013,51.915016620899,1,0.990334331461169
1103,0.111111111111111,51.9619887266946,1,0.995401128536166
1104,0.104014939309057,52.0089608324903,1,0.997726707979186
1105,0.103641456582633,52.0559329382859,1,0.997811292575021
1106,0.110737628384687,52.1029050440815,1,0.99556518211026
1107,0.12156862745098,52.1498771498772,1,0.987726673269076
1108,0.128478057889823,52.1968492556728,1,0.977435554017821
1109,0.130905695611578,52.2438213614684,1,0.972277436033172
1110,0.131839402427638,52.2907934672641,1,0.970028378892829
1111,0.134267040149393,52.3377655730597,1,0.963405337117876
1112,0.137628384687208,52.3847376788553,1,0.952129481047525
1113,0.13202614379085,52.431709784651,1,0.969559564285652
1114,0.132586367880486,52.4786818904466,1,0.96811381052436
1115,0.128664799253035,52.5256539962422,1,0.97707183569222
1116,0.121755368814192,52.5726261020379,1,0.987517642481241
1117,0.118020541549953,52.6195982078335,1,0.991134234878964
1118,0.119887955182073,52.6665703136292,1,0.98946821417555
1119,0.128104575163399,52.7135424194248,1,0.978147434948688
1120,0.137628384687208,52.7605145252204,1,0.952129481047525
1121,0.14453781512605,52.8074866310161,1,0.919394323740025
1122,0.149953314659197,52.8544587368117,1,0.882609461801615
1123,0.16265172735761,52.9014308426073,1,0.751345169181052
1124,0.171428571428571,52.948402948403,1,0.629379504702966
1125,0.176657329598506,52.9953750541986,1,0.551608342838849
1126,0.18562091503268,53.0423471599942,2,0.42331845892286
1127,0.192717086834734,53.0893192657899,2,0.335058744805772
1128,0.188608776844071,53.1362913715855,2,0.384360229496635
1129,0.183006535947712,53.1832634773811,2,0.459263809152383
1130,0.181139122315593,53.2302355831768,2,0.485820729441273
1131,0.17703081232493,53.2772076889724,1,0.546054372321132
1132,0.172922502334267,53.324179794768,1,0.607270396433523
1133,0.170121381886088,53.3711519005637,1,0.648531708122255
1134,0.171055088702148,53.4181240063593,1,0.634873220455456
1135,0.172735760971055,53.4650961121549,1,0.610043718002256
1136,0.174789915966387,53.5120682179506,1,0.57945007569575
1137,0.179084967320261,53.5590403237462,1,0.515694750435788
1138,0.1828197945845,53.6060124295419,2,0.461889336369712
1139,0.19234360410831,53.6529845353375,2,0.339323971076271
1140,0.207469654528478,53.6999566411331,2,0.201729753147977
1141,0.217366946778711,53.7469287469288,2,0.145684728411961
1142,0.219421101774043,53.7939008527244,2,0.136640030120179
1143,0.216993464052288,53.84087295852,2,0.147414129981175
1144,0.215126050420168,53.8878450643157,2,0.156474546450954
1145,0.225023342670401,53.9348171701113,2,0.115601252130907
1146,0.22296918767507,53.9817892759069,2,0.122743089240161
1147,0.222222222222222,54.0287613817026,2,0.125498324067012
1148,0.228384687208217,54.0757334874982,2,0.105182186500396
1149,0.233986928104575,54.1227055932938,2,0.0908310442348812
1150,0.237535014005602,54.1696776990895,2,0.0833832292863641
1151,0.239028944911298,54.2166498048851,2,0.0805757849989718
1152,0.236041083099907,54.2636219106807,2,0.0863798390569449
1153,0.23921568627451,54.3105940164764,2,0.0802375930758139
1154,0.236414565826331,54.357566122272,2,0.0856123153180754
1155,0.233426704014939,54.4045382280677,2,0.0921153308104121
1156,0.232679738562092,54.4515103338633,2,0.09387679684194
1157,0.233426704014939,54.4984824396589,2,0.0921153308104121
1158,0.23062558356676,54.5454545454546,2,0.0990238260018801
1159,0.225583566760037,54.5924266512502,2,0.113759331264595
1160,0.221101774042951,54.6393987570458,2,0.129797831669022
1161,0.211951447245565,54.6863708628415,2,0.173565849099223
1162,0.207843137254902,54.7333429686371,2,0.199188055380486
1163,0.203361344537815,54.7803150744327,2,0.232220120644216
1164,0.199253034547152,54.8272871802284,2,0.267669637748032
1165,0.19234360410831,54.874259286024,2,0.339323971076271
1166,0.184873949579832,54.9212313918196,2,0.433425219545273
1167,0.184126984126984,54.9682034976153,2,0.443666312914756
1168,0.185994397759104,55.0151756034109,2,0.418317567374681
1169,0.184873949579832,55.0621477092065,2,0.433425219545273
1170,0.18468720821662,55.1091198150022,2,0.435973173009855
1171,0.180205415499533,55.1560919207978,2,0.499325423785801
1172,0.172549019607843,55.2030640265935,1,0.612814667070648
1173,0.169000933706816,55.2500361323891,1,0.664751535968098
1174,0.169934640522876,55.2970082381847,1,0.651248869066636
1175,0.16937441643324,55.3439803439804,1,0.65936784865086
1176,0.167133520074697,55.390952449776,1,0.691267395331599
1177,0.156115779645191,55.4379245555716,1,0.826854049870131
1178,0.144911297852474,55.4848966613673,1,0.917197581122198
1179,0.123062558356676,55.5318687671629,1,0.98596046318152
1180,0.111297852474323,55.5788408729585,1,0.995316989698751
1181,0.11671335200747,55.6258129787542,1,0.992151518049062
1182,0.125490196078431,55.6727850845498,1,0.982588662411826
1183,0.134453781512605,55.7197571903454,1,0.962846156277071
1184,0.142857142857143,55.7667292961411,1,0.928700273430663
1185,0.145845004668534,55.8137014019367,1,0.911493876557896
1186,0.145284780578898,55.8606735077323,1,0.914952707673963
1187,0.141549953314659,55.907645613528,1,0.935309117267612
1188,0.136507936507937,55.9546177193236,1,0.956183575089522
1189,0.134080298786181,56.0015898251192,1,0.963957108984948
1190,0.132959850606909,56.0485619309149,1,0.967116479520079
1191,0.129411764705882,56.0955340367105,1,0.975563618666304
1192,0.12436974789916,56.1425061425062,1,0.984227285841132
1193,0.122128851540616,56.1894782483018,1,0.987089741799935
1194,0.0950513538748833,56.2364503540974,1,0.999105453164485
1195,0.0761904761904762,56.2834224598931,1,0.99989202816042
1196,0.0782446311858077,56.3303945656887,1,0.99986271343663
1197,0.0814192343604108,56.3773666714843,1,0.999801947197196
1198,0.0786181139122316,56.42433877728,1,0.999856622138894
1199,0.0827264239028945,56.4713108830756,1,0.999770075569779
1200,0.0939309056956116,56.5182829888712,1,0.999206513616148
1201,0.0868347338935574,56.5652550946669,1,0.999634841731326
1202,0.0774976657329599,56.6122272004625,1,0.999874160841448
1203,0.0737628384687208,56.6591993062581,1,0.999918964813049
1204,0.080672268907563,56.7061714120538,1,0.999818214619788
1205,0.084780578898226,56.7531435178494,1,0.999709892076774
1206,0.0834733893557423,56.800115623645,1,0.999749720746184
1207,0.0898225957049486,56.8470877294407,1,0.99949191212019
1208,0.0993464052287582,56.8940598352363,1,0.998593169971178
1209,0.121008403361345,56.941031941032,1,0.988334619464183
1210,0.131839402427638,56.9880040468276,1,0.970028378892829
1211,0.148272642390289,57.0349761526232,1,0.895193728227963
1212,0.161157796451914,57.0819482584189,1,0.769991728288232
1213,0.166573295985061,57.1289203642145,1,0.699074043720416
1214,0.168627450980392,57.1758924700101,1,0.670110316543748
1215,0.171988795518207,57.2228645758058,1,0.621111307333313
1216,0.17516339869281,57.2698366816014,1,0.573877226011198
1217,0.179271708683473,57.316808787397,1,0.512955480750907
1218,0.179645191409897,57.3637808931927,1,0.507489702514337
1219,0.181512605042017,57.4107529989883,2,0.480458336108017
1220,0.183940242763772,57.4577251047839,2,0.446246737962137
1221,0.185434173669468,57.5046972105796,2,0.42583217968848
1222,0.184500466853408,57.5516693163752,2,0.438529414925499
1223,0.181699346405229,57.5986414221709,2,0.477786202446343
1224,0.178711484593838,57.6456135279665,1,0.521185206048653
1225,0.179084967320261,57.6925856337621,1,0.515694750435788
1226,0.176470588235294,57.7395577395578,1,0.554387975657312
1227,0.176657329598506,57.7865298453534,1,0.551608342838849
1228,0.178898225957049,57.833501951149,1,0.518438049054764
1229,0.180205415499533,57.8804740569447,2,0.499325423785801
1230,0.181886087768441,57.9274461627403,2,0.475120305709264
1231,0.187114845938375,57.9744182685359,2,0.403534153305787
1232,0.19234360410831,58.0213903743316,2,0.339323971076271
1233,0.202240896358543,58.0683624801272,2,0.241378767629667
1234,0.204668534080299,58.1153345859228,2,0.222001511989041
1235,0.206162464985994,58.1623066917185,2,0.210920437508587
1236,0.205788982259571,58.2092787975141,2,0.213632128197139
1237,0.202240896358543,58.2562509033097,2,0.241378767629667
1238,0.198319327731092,58.3032230091054,2,0.276457457870919
1239,0.196825396825397,58.350195114901,2,0.291096292461962
1240,0.196451914098973,58.3971672206966,2,0.294867994113622
1241,0.185994397759104,58.4441393264923,2,0.418317567374681
1242,0.182259570494865,58.4911114322879,2,0.469807795943695
1243,0.174976657329599,58.5380835380836,1,0.576663658470307
1244,0.168253968253968,58.5850556438792,1,0.675442725403788
1245,0.166386554621849,58.6320277496748,1,0.701659473830137
1246,0.168067226890756,58.6789998554705,1,0.67809858830758
1247,0.172922502334267,58.7259719612661,1,0.607270396433523
1248,0.17703081232493,58.7729440670617,1,0.546054372321132
1249,0.184126984126984,58.8199161728574,2,0.443666312914756
1250,0.189915966386555,58.866888278653,2,0.368113810399827
1251,0.197198879551821,58.9138603844486,2,0.287369486965293
1252,0.202240896358543,58.9608324902443,2,0.241378767629667
1253,0.203734827264239,59.0078045960399,2,0.229249801507288
1254,0.205415499533147,59.0547767018355,2,0.216382628222314
1255,0.210830999066293,59.1017488076312,2,0.180143245631232
1256,0.215126050420168,59.1487209134268,2,0.156474546450954
1257,0.220541549953315,59.1956930192224,2,0.132025018148956
1258,0.219981325863679,59.2426651250181,2,0.13430535994061
1259,0.217366946778711,59.2896372308137,2,0.145684728411961
1260,0.217927170868347,59.3366093366093,2,0.143140534575047
1261,0.218860877684407,59.383581442405,2,0.139030219624792
1262,0.217553688141923,59.4305535482006,2,0.144830055885282
1263,0.211391223155929,59.4775256539963,2,0.176817492773133
1264,0.208963585434174,59.5244977597919,2,0.191781711556234
1265,0.208403361344538,59.5714698655875,2,0.195444235563225
1266,0.210830999066293,59.6184419713832,2,0.180143245631232
1267,0.213818860877684,59.6654140771788,2,0.163244901915187
1268,0.216619981325864,59.7123861829744,2,0.149170586084433
1269,0.219794584500467,59.7593582887701,2,0.135077488397747
1270,0.220541549953315,59.8063303945657,2,0.132025018148956
1271,0.219047619047619,59.8533025003613,2,0.13822724674034
1272,0.21531279178338,59.900274606157,2,0.155536711624611
1273,0.218674136321195,59.9472467119526,2,0.139839495442301
1274,0.215126050420168,59.9942188177482,2,0.156474546450954
1275,0.214005602240896,60.0411909235439,2,0.162255346225105
1276,0.214752567693744,60.0881630293395,2,0.158371990870851
1277,0.217927170868347,60.1351351351352,2,0.143140534575047
1278,0.22203548085901,60.1821072409308,2,0.126200849042926
1279,0.224463118580766,60.2290793467264,2,0.117487624679297
1280,0.227264239028945,60.2760514525221,2,0.108490375889277
1281,0.230812324929972,60.3230235583177,2,0.0985368805861235
1282,0.234920634920635,60.3699956641133,2,0.0887585632927201
1283,0.236974789915966,60.416967769909,2,0.0844841684188343
1284,0.238095238095238,60.4639398757046,2,0.0823088837264627
1285,0.241643323996265,60.5109119815002,2,0.0760849043206787
1286,0.24500466853408,60.5578840872959,2,0.0710260907034939
1287,0.245191409897292,60.6048561930915,2,0.0707667902091038
1288,0.242390289449113,60.6518282988871,2,0.0748942601241459
1289,0.233800186741363,60.6988004046828,2,0.0912556874834801
1290,0.233800186741363,60.7457725104784,2,0.0912556874834801
1291,0.233239962651727,60.792744616274,2,0.0925503842852885
1292,0.233239962651727,60.8397167220697,2,0.0925503842852885
1293,0.23155929038282,60.8866888278653,2,0.0966277518841238
1294,0.226330532212885,60.9336609336609,2,0.111370858032386
1295,0.218860877684407,60.9806330394566,2,0.139030219624792
1296,0.212885154061625,61.0276051452522,2,0.168307452154936
1297,0.202801120448179,61.0745772510479,2,0.236752705814215
1298,0.182633053221289,61.1215493568435,2,0.46452193264119
1299,0.165452847805789,61.1685214626391,1,0.714453411931052
1300,0.153501400560224,61.2154935684348,1,0.852381290682016
1301,0.135387488328665,61.2624656742304,1,0.959936369680921
1302,0.118580765639589,61.309437780026,1,0.990661976232511
1303,0.101960784313725,61.3564098858217,1,0.998156511876693
1304,0.0857142857142857,61.4033819916173,1,0.999677812203488
1305,0.0666666666666667,61.4503540974129,1,0.999965647666916
1306,0.0704014939309057,61.4973262032086,1,0.999945839573109
1307,0.0685340802987862,61.5442983090042,1,0.999956823041185
1308,0.0571428571428571,61.5912704147998,1,0.99998962266554
1309,0.0487394957983193,61.6382425205955,1,0.99999654307626
1310,0.0563958916900093,61.6852146263911,1,0.999990573294687
1311,0.0778711484593838,61.7321867321867,1,0.999868556453497
1312,0.0978524743230626,61.7791588379824,1,0.998796695469911
1313,0.11577964519141,61.826130943778,1,0.992810662535371
1314,0.120074696545285,61.8731030495737,1,0.98928662308984
1315,0.125863678804855,61.9200751553693,1,0.982008953237848
1316,0.135574229691877,61.9670472611649,1,0.959331081406485
1317,0.145284780578898,62.0140193669606,1,0.914952707673963
1318,0.158169934640523,62.0609914727562,1,0.804870515577472
1319,0.168253968253968,62.1079635785518,1,0.675442725403788
1320,0.174976657329599,62.1549356843475,1,0.576663658470307
1321,0.17516339869281,62.2019077901431,1,0.573877226011198
1322,0.181699346405229,62.2488798959387,2,0.477786202446343
1323,0.190849673202614,62.2958520017344,2,0.356824503643961
1324,0.197572362278245,62.34282410753,2,0.283687488226799
1325,0.205042016806723,62.3897962133256,2,0.219172302919655
1326,0.210830999066293,62.4367683191213,2,0.180143245631232
1327,0.21624649859944,62.4837404249169,2,0.150954474230666
1328,0.219794584500467,62.5307125307125,2,0.135077488397747
1329,0.228384687208217,62.5776846365082,2,0.105182186500396
1330,0.235107376283847,62.6246567423038,2,0.0883540339210512
1331,0.235107376283847,62.6716288480995,2,0.0883540339210512
1332,0.232306255835668,62.7186009538951,2,0.0947790570589809
1333,0.235854341736695,62.7655730596907,2,0.0867682998248893
1334,0.237161531279178,62.8125451654864,2,0.0841141962726157
1335,0.236788048552754,62.859517271282,2,0.0848571635214699
1336,0.238842203548086,62.9064893770776,2,0.0809167579190579
1337,0.237535014005602,62.9534614828733,2,0.083383229286364
1338,0.242203548085901,63.0004335886689,2,0.0751882288411789
1339,0.24593837535014,63.0474056944645,2,0.0697512321046222
1340,0.247432306255836,63.0943778002602,2,0.0678208604370159
1341,0.247992530345472,63.1413499060558,2,0.0671303994361467
1342,0.248926237161531,63.1883220118514,2,0.0660186664477454
1343,0.250980392156863,63.2352941176471,2,0.0637373338977446
1344,0.25359477124183,63.2822662234427,2,0.0611397913985614
1345,0.247432306255836,63.3292383292383,2,0.0678208604370159
1346,0.25359477124183,63.376210435034,2,0.0611397913985614
1347,0.259197012138189,63.4231825408296,2,0.056601326402499
1348,0.26031746031746,63.4701546466252,2,0.0558457341196709
1349,0.261998132586368,63.5171267524209,2,0.0547997036116263
1350,0.266853408029879,63.5640988582165,2,0.0523281274274719
1351,0.265919701213819,63.6110709640122,2,0.0527428486856518
1352,0.263305322128852,63.6580430698078,2,0.0540559078778401
1353,0.259197012138189,63.7050151756034,2,0.056601326402499
1354,0.25546218487395,63.7519872813991,2,0.0594788870812812
1355,0.250046685340803,63.7989593871947,2,0.064746961189402
1356,0.244631185807656,63.8459314929903,2,0.0715512944282782
1357,0.242016806722689,63.892903598786,2,0.0754846469765219
1358,0.237908496732026,63.9398757045816,2,0.0826640813495945
1359,0.234360410830999,63.9868478103772,2,0.0899919826712268
1360,0.232866479925303,64.0338199161729,2,0.093431089957311
1361,0.226704014939309,64.0807920219685,2,0.110204863720613
1362,0.231932773109244,64.1277641277642,2,0.0956959662314575
1363,0.236227824463119,64.1747362335598,2,0.0859945188600922
1364,0.236227824463119,64.2217083393554,2,0.0859945188600922
1365,0.23155929038282,64.268680445151,2,0.0966277518841238
1366,0.226890756302521,64.3156525509467,2,0.109628802389428
1367,0.226890756302521,64.3626246567423,2,0.109628802389428
1368,0.228197945845005,64.409596762538,2,0.105722594230176
1369,0.218487394957983,64.4565688683336,2,0.140655119366067
1370,0.219234360410831,64.5035409741292,2,0.137430531823753
1371,0.221475256769374,64.5505130799249,2,0.128342000375692
1372,0.226143790849673,64.5974851857205,2,0.111960861935115
1373,0.232306255835668,64.6444572915161,2,0.0947790570589809
1374,0.239589169000934,64.6914293973118,2,0.0795694688347869
1375,0.244257703081232,64.7384015031074,2,0.0720854083231277
1376,0.246685340802988,64.785373608903,2,0.0687695715330685
1377,0.241643323996265,64.8323457146987,2,0.0760849043206787
1378,0.240896358543417,64.8793178204943,2,0.0773156221595508
1379,0.241269841269841,64.9262899262899,2,0.0766951794189658
1380,0.24500466853408,64.9732620320856,2,0.0710260907034938
1381,0.251167133520075,65.0202341378812,2,0.0635407314445801
1382,0.262745098039216,65.0672062436768,2,0.0543673616682336
1383,0.273015873015873,65.1141783494725,2,0.0502600007800556
1384,0.279178338001867,65.1611504552681,2,0.0492755130046405
1385,0.281232492997199,65.2081225610637,2,0.049176276744949
1386,0.283473389355742,65.2550946668594,2,0.0491966220595919
1387,0.279365079365079,65.302066772655,2,0.0492618201592323
1388,0.273949579831933,65.3490388784507,2,0.0500433381414044
1389,0.272829131652661,65.3960109842463,2,0.0503062938879689
1390,0.274883286647993,65.4429830900419,2,0.0498511361108581
1391,0.273202614379085,65.4899551958376,2,0.0502146977625659
1392,0.26984126984127,65.5369273016332,2,0.0511838613017694
1393,0.256582633053221,65.5838994074288,2,0.0585553981688016
1394,0.251914098972922,65.6308715132245,2,0.0627716764907631
1395,0.247245564892624,65.6778436190201,2,0.0680549997340042
1396,0.243137254901961,65.7248157248157,2,0.0737425217574192
1397,0.238468720821662,65.7717878306114,2,0.0816071312172458
1398,0.232306255835668,65.818759936407,2,0.0947790570589809
1399,0.223342670401494,65.8657320422026,2,0.121397823999185
1400,0.217740429505135,65.9127041479983,2,0.143982006728454
1401,0.212698412698413,65.9596762537939,2,0.169343264277159
1402,0.207469654528478,66.0066483595895,2,0.201729753147977
1403,0.204295051353875,66.0536204653852,2,0.22487060901155
1404,0.203548085901027,66.1005925711808,2,0.230729847645086
1405,0.205042016806723,66.1475646769765,2,0.219172302919655
1406,0.205602240896359,66.1945367827721,2,0.215002504082654
1407,0.208403361344538,66.2415088885677,2,0.195444235563225
1408,0.211391223155929,66.2884809943634,2,0.176817492773133
1409,0.209897292250233,66.335453100159,2,0.185854535106568
1410,0.214192343604108,66.3824252059546,2,0.161273326507141
1411,0.219794584500467,66.4293973117503,2,0.135077488397747
1412,0.226330532212885,66.4763694175459,2,0.111370858032386
1413,0.231185807656396,66.5233415233415,2,0.0975746451069836
1414,0.234360410830999,66.5703136291372,2,0.0899919826712268
1415,0.236041083099907,66.6172857349328,2,0.0863798390569449
1416,0.235107376283847,66.6642578407284,2,0.0883540339210512
1417,0.235667600373483,66.7112299465241,2,0.0871599252791578
1418,0.23734827264239,66.7582020523197,2,0.0837472241440469
1419,0.242203548085901,66.8051741581153,2,0.0751882288411789
1420,0.249299719887955,66.852146263911,2,0.0655873245365315
1421,0.255275443510738,66.8991183697066,2,0.0596380310579742
1422,0.260504201680672,66.9460904755023,2,0.0557243956068065
1423,0.263865546218487,66.9930625812979,2,0.0537552525117985
1424,0.26890756302521,67.0400346870935,2,0.0515121150907433
1425,0.269281045751634,67.0870067928892,2,0.0513776635990547
1426,0.276190476190476,67.1339788986848,2,0.0496226570622689
1427,0.282539682539683,67.1809510044804,2,0.0491718479722959
1428,0.287021475256769,67.2279231102761,2,0.0495040736804525
1429,0.290009337068161,67.2748952160717,2,0.0500287255874386
1430,0.295424836601307,67.3218673218673,2,0.0516255924811971
1431,0.296545284780579,67.368839427663,2,0.0520650447117048
1432,0.294677871148459,67.4158115334586,2,0.0513539744438269
1433,0.293183940242764,67.4627836392542,2,0.0508609122301142
1434,0.292436974789916,67.5097557450499,2,0.05063903581171
1435,0.292623716153128,67.5567278508455,2,0.0506929813725035
1436,0.2937441643324,67.6036999566412,2,0.0510380491752555
1437,0.295611577964519,67.6506720624368,2,0.0516961495109189
1438,0.299346405228758,67.6976441682324,2,0.05333733325837
1439,0.299159663865546,67.744616274028,2,0.0532445816087422
1440,0.299719887955182,67.7915883798237,2,0.0535263206289257
1441,0.296918767507003,67.8385604856193,2,0.0522201970313302
1442,0.295798319327731,67.885532591415,2,0.051767775223847
1443,0.291503267973856,67.9325046972106,2,0.0503844122055627
1444,0.286461251167134,67.9794768030062,2,0.0494329454106063
1445,0.281792717086835,68.0264489088019,2,0.0491687923924774
1446,0.278618113912232,68.0734210145975,2,0.0493222153808113
1447,0.277310924369748,68.1203931203931,2,0.0494641108542222
1448,0.277310924369748,68.1673652261888,2,0.0494641108542222
1449,0.266853408029879,68.2143373319844,2,0.0523281274274719
1450,0.265546218487395,68.26130943778,2,0.0529165903570529
1451,0.26311858076564,68.3082815435757,2,0.0541585183365996
1452,0.260690943043884,68.3552536493713,2,0.0556043509183165
1453,0.258823529411765,68.402225755167,2,0.0568638623579436
1454,0.259757236227824,68.4491978609626,2,0.0562175818075612
1455,0.26031746031746,68.4961699667582,2,0.0558457341196709
1456,0.259757236227824,68.5431420725538,2,0.0562175818075612
1457,0.265919701213819,68.5901141783495,2,0.0527428486856518
1458,0.266293183940243,68.6370862841451,2,0.0525736132480194
1459,0.268720821661998,68.6840583899408,2,0.0515809268146454
1460,0.268720821661998,68.7310304957364,2,0.0515809268146454
1461,0.264425770308123,68.778002601532,2,0.0534652440819809
1462,0.261811391223156,68.8249747073277,2,0.0549108776390293
1463,0.265732959850607,68.8719468131233,2,0.0528291538544873
1464,0.271148459383753,68.9189189189189,2,0.0507679197479082
1465,0.263865546218487,68.9658910247146,2,0.0537552525117985
1466,0.267040149393091,69.0128631305102,2,0.0522485119196717
1467,0.267600373482726,69.0598352363058,2,0.0520162430437339
1468,0.269467787114846,69.1068073421015,2,0.0513120164448551
1469,0.270961718020542,69.1537794478971,2,0.0508242614312002
1470,0.270214752567694,69.2007515536927,2,0.0510598683801367
1471,0.273389355742297,69.2477236594884,2,0.0501703823717999
1472,0.276937441643324,69.294695765284,2,0.0495131573308528
1473,0.272829131652661,69.3416678710797,2,0.0503062938879689
1474,0.28515406162465,69.3886399768753,2,0.0493000130019728
1475,0.289075630252101,69.4356120826709,2,0.0498382694788196
1476,0.282166199813259,69.4825841884666,2,0.0491684581518394
1477,0.279551820728291,69.5295562942622,2,0.049249063347848
1478,0.28422035480859,69.5765284000578,2,0.049233225842932
1479,0.282352941176471,69.6235005058535,2,0.049169687527588
1480,0.274883286647993,69.6704726116491,2,0.0498511361108581
1481,0.283660130718954,69.7174447174447,2,0.0492043731183541
1482,0.281792717086835,69.7644168232404,2,0.0491687923924774
1483,0.279178338001867,69.811388929036,2,0.0492755130046405
1484,0.277310924369748,69.8583610348316,2,0.0494641108542222
1485,0.277124183006536,69.9053331406273,2,0.0494881599679134
1486,0.276750700280112,69.9523052464229,2,0.0495391042936444
1487,0.271895424836601,69.9992773522185,2,0.0505527008636526
1488,0.264239028944911,70.0462494580142,2,0.0535607396820509
1489,0.264239028944911,70.0932215638098,2,0.0535607396820509
1490,0.261624649859944,70.1401936696055,2,0.0550232995018222
1491,0.257516339869281,70.1871657754011,2,0.0578259416338399
1492,0.256022408963585,70.2341378811967,2,0.059010473371388
1493,0.254341736694678,70.2811099869923,2,0.0604567139380982
1494,0.254154995331466,70.328082092788,2,0.0606251097440129
1495,0.256582633053221,70.3750541985836,2,0.0585553981688016
1496,0.258450046685341,70.4220263043793,2,0.0571318329961085
1497,0.25359477124183,70.4689984101749,2,0.0611397913985614
1498,0.25546218487395,70.5159705159705,2,0.0594788870812812
1499,0.259383753501401,70.5629426217662,2,0.0564720776569905
1500,0.259010270774977,70.6099147275618,2,0.0567319188204655
1501,0.25546218487395,70.6568868333574,2,0.0594788870812812
1502,0.253034547152194,70.7038589391531,2,0.0616689258198332
1503,0.249859943977591,70.7508310449487,2,0.0649542934442653
1504,0.247245564892624,70.7978031507443,2,0.0680549997340042
1505,0.241456582633053,70.84477525654,2,0.076388780344514
1506,0.237535014005602,70.8917473623356,2,0.083383229286364
1507,0.233986928104575,70.9387194681313,2,0.0908310442348812
1508,0.232306255835668,70.9856915739269,2,0.0947790570589809
1509,0.232866479925303,71.0326636797225,2,0.093431089957311
1510,0.234547152194211,71.0796357855181,2,0.0895775122311851
1511,0.235480859010271,71.1266078913138,2,0.0875547397351116
1512,0.235107376283847,71.1735799971094,2,0.0883540339210512
1513,0.234173669467787,71.2205521029051,2,0.0904098180200088
1514,0.237908496732026,71.2675242087007,2,0.0826640813495945
1515,0.244817927170868,71.3144963144963,2,0.0712875868201946
1516,0.251727357609711,71.361468420292,2,0.0629613598013932
1517,0.255275443510738,71.4084405260876,2,0.0596380310579742
1518,0.259010270774977,71.4554126318832,2,0.0567319188204655
1519,0.267600373482726,71.5023847376789,2,0.0520162430437339
1520,0.277124183006536,71.5493568434745,2,0.0494881599679134
1521,0.273949579831933,71.5963289492701,2,0.0500433381414044
1522,0.273389355742297,71.6433010550658,2,0.0501703823717999
1523,0.275070028011205,71.6902731608614,2,0.0498156074497388
1524,0.277871148459384,71.737245266657,2,0.0493976402747925
1525,0.277310924369748,71.7842173724527,2,0.0494641108542222
1526,0.27749766573296,71.8311894782483,2,0.0494410086906956
1527,0.278057889822596,71.878161584044,2,0.0493773716809455
1528,0.27749766573296,71.9251336898396,2,0.0494410086906956
1529,0.275070028011205,71.9721057956352,2,0.0498156074497388
1530,0.276937441643324,72.0190779014309,2,0.0495131573308528
1531,0.275070028011205,72.0660500072265,2,0.0498156074497388
1532,0.272268907563025,72.1130221130221,2,0.0504511392150859
1533,0.272082166199813,72.1599942188178,2,0.0505014184215602
1534,0.274696545284781,72.2069663246134,2,0.0498876326624722
1535,0.275816993464052,72.253938430409,2,0.0496831339968536
1536,0.274136321195145,72.3009105362047,2,0.0500029497106287
1537,0.283473389355742,72.3478826420003,2,0.0491966220595919
1538,0.281045751633987,72.3948547477959,2,0.049180634147584
1539,0.278804855275444,72.4418268535916,2,0.0493057098012154
1540,0.278057889822596,72.4887989593872,2,0.0493773716809455
1541,0.280298786181139,72.5357710651828,2,0.0492073834453093
1542,0.281232492997199,72.5827431709785,2,0.049176276744949
1543,0.281792717086835,72.6297152767741,2,0.0491687923924774
1544,0.281419234360411,72.6766873825698,2,0.0491728507662298
1545,0.274696545284781,72.7236594883654,2,0.0498876326624722
1546,0.274696545284781,72.770631594161,2,0.0498876326624722
1547,0.275256769374416,72.8176036999566,2,0.0497810447537952
1548,0.277124183006536,72.8645758057523,2,0.0494881599679134
1549,0.275816993464052,72.9115479115479,2,0.0496831339968536
1550,0.274323062558357,72.9585200173436,2,0.049963537404021
1551,0.271521942110177,73.0054921231392,2,0.0506582866941471
1552,0.271521942110177,73.0524642289348,2,0.0506582866941471
1553,0.271895424836601,73.0994363347305,2,0.0505527008636526
1554,0.274136321195145,73.1464084405261,2,0.0500029497106287
1555,0.275070028011205,73.1933805463217,2,0.0498156074497388
1556,0.273015873015873,73.2403526521174,2,0.0502600007800556
1557,0.271148459383753,73.287324757913,2,0.0507679197479082
1558,0.26890756302521,73.3342968637086,2,0.0515121150907433
1559,0.264612511671335,73.3812689695043,2,0.0533709152276467
1560,0.26125116713352,73.4282410752999,2,0.0552519121707692
1561,0.260877684407096,73.4752131810956,2,0.0554855932523183
1562,0.256956115779645,73.5221852868912,2,0.058259307887183
1563,0.258823529411765,73.5691573926868,2,0.0568638623579436
1564,0.26125116713352,73.6161294984825,2,0.0552519121707692
1565,0.261998132586368,73.6631016042781,2,0.0547997036116263
1566,0.265732959850607,73.7100737100737,2,0.0528291538544873
1567,0.269654528478058,73.7570458158694,2,0.0512474168604736
1568,0.267040149393091,73.804017921665,2,0.0522485119196717
1569,0.265172735760971,73.8509900274606,2,0.0530948768606055
1570,0.26890756302521,73.8979621332563,2,0.0515121150907433
1571,0.271521942110177,73.9449342390519,2,0.0506582866941471
1572,0.271521942110177,73.9919063448475,2,0.0506582866941471
1573,0.271335200746965,74.0388784506432,2,0.0507125958427698
1574,0.270401493930906,74.0858505564388,2,0.0509994242234107
1575,0.271335200746965,74.1328226622344,2,0.0507125958427698
1576,0.274323062558357,74.1797947680301,2,0.049963537404021
1577,0.275816993464052,74.2267668738257,2,0.0496831339968536
1578,0.282166199813259,74.2737389796213,2,0.0491684581518394
1579,0.283473389355742,74.320711085417,2,0.0491966220595919
1580,0.28608776844071,74.3676831912126,2,0.0493902550337541
1581,0.294677871148459,74.4146552970083,2,0.0513539744438269
1582,0.295611577964519,74.4616274028039,2,0.0516961495109189
1583,0.294864612511671,74.5085995085995,2,0.0514202949646976
1584,0.298972922502334,74.5555716143952,2,0.0531529844012546
1585,0.295798319327731,74.6025437201908,2,0.051767775223847
1586,0.29281045751634,74.6495158259864,2,0.050747940618864
1587,0.291503267973856,74.6964879317821,2,0.0503844122055627
1588,0.287021475256769,74.7434600375777,2,0.0495040736804525
1589,0.283660130718954,74.7904321433733,2,0.0492043731183541
1590,0.280485527544351,74.837404249169,2,0.0491992974974431
1591,0.279178338001867,74.8843763549646,2,0.0492755130046405
1592,0.277684407096172,74.9313484607602,2,0.0494188522296681
1593,0.271895424836601,74.9783205665559,2,0.0505527008636526
1594,0.269094304388422,75.0252926723515,2,0.0514443619266107
1595,0.264799253034547,75.0722647781471,2,0.0532777478570513
1596,0.259383753501401,75.1192368839428,2,0.0564720776569905
1597,0.256395891690009,75.1662089897384,2,0.0587056225988576
1598,0.250793650793651,75.2131810955341,2,0.0639356949186001
1599,0.249673202614379,75.2601532013297,2,0.0651634564400834
1600,0.24780578898226,75.3071253071253,2,0.0673585741639882
1601,0.240336134453782,75.354097412921,2,0.0782656850407772
1602,0.242016806722689,75.4010695187166,2,0.0754846469765219
1603,0.241643323996265,75.4480416245122,2,0.0760849043206787
1604,0.23828197945845,75.4950137303079,2,0.0819565742837832
1605,0.233053221288515,75.5419858361035,2,0.0929889615891319
1606,0.230999066293184,75.5889579418991,2,0.0980538302553421
1607,0.235854341736695,75.6359300476948,2,0.0867682998248893
1608,0.240336134453782,75.6829021534904,2,0.0782656850407772
1609,0.235107376283847,75.729874259286,2,0.0883540339210512
1610,0.238842203548086,75.7768463650817,2,0.0809167579190579
1611,0.243137254901961,75.8238184708773,2,0.0737425217574192
1612,0.24593837535014,75.8707905766729,2,0.0697512321046222
1613,0.246685340802988,75.9177626824686,2,0.0687695715330685
1614,0.24780578898226,75.9647347882642,2,0.0673585741639882
1615,0.252474323062558,76.0117068940599,2,0.0622127917661577
1616,0.256395891690009,76.0586789998555,2,0.0587056225988576
1617,0.254154995331466,76.1056511056511,2,0.0606251097440129
1618,0.258076563958917,76.1526232114468,2,0.0574052995674464
1619,0.261624649859944,76.1995953172424,2,0.0550232995018222
1620,0.265919701213819,76.246567423038,2,0.0527428486856518
1621,0.268160597572362,76.2935395288337,2,0.0517937514826983
1622,0.26890756302521,76.3405116346293,2,0.0515121150907433
1623,0.270588235294118,76.3874837404249,2,0.0509400105042291
1624,0.26984126984127,76.4344558462206,2,0.0511838613017694
1625,0.268534080298786,76.4814279520162,2,0.0516508008817765
1626,0.269281045751634,76.5284000578118,2,0.0513776635990547
1627,0.271895424836601,76.5753721636075,2,0.0505527008636525
1628,0.271708683473389,76.6223442694031,2,0.0506049893372002
1629,0.272082166199813,76.6693163751987,2,0.0505014184215602
1630,0.273762838468721,76.7162884809944,2,0.0500847048886822
1631,0.278618113912232,76.76326058679,2,0.0493222153808113
1632,0.282352941176471,76.8102326925856,2,0.049169687527588
1633,0.287394957983193,76.8572047983813,2,0.0495562359379126
1634,0.287955182072829,76.9041769041769,2,0.0496416226324683
1635,0.288888888888889,76.9511490099726,2,0.049803087833654
1636,0.287021475256769,76.9981211157682,2,0.0495040736804525
1637,0.285340802987862,77.0450932215638,2,0.0493161815806779
1638,0.284033613445378,77.0920653273595,2,0.0492226745168992
1639,0.284967320261438,77.1390374331551,2,0.0492847825167433
1640,0.286834733893557,77.1860095389507,2,0.0494794169071077
1641,0.285527544351074,77.2329816447464,2,0.0493332891249239
1642,0.282352941176471,77.279953750542,2,0.049169687527588
1643,0.279365079365079,77.3269258563376,2,0.0492618201592323
1644,0.279178338001867,77.3738979621333,2,0.0492755130046405
1645,0.279925303454715,77.4208700679289,2,0.049226355126771
1646,0.280112044817927,77.4678421737245,2,0.0492164024930776
1647,0.27749766573296,77.5148142795202,2,0.0494410086906956
1648,0.273389355742297,77.5617863853158,2,0.0501703823717999
1649,0.270401493930906,77.6087584911114,2,0.0509994242234107
1650,0.261998132586368,77.6557305969071,2,0.0547997036116263
1651,0.237535014005602,77.7027027027027,2,0.0833832292863641
1652,0.219981325863679,77.7496748084984,2,0.13430535994061
1653,0.200560224089636,77.796646914294,2,0.255827789663047
1654,0.185434173669468,77.8436190200896,2,0.42583217968848
1655,0.173856209150327,77.8905911258853,1,0.593375107799934
1656,0.147525676937442,77.9375632316809,1,0.900440909026831
1657,0.118207282913165,77.9845353374765,1,0.990979327833197
1658,0.0993464052287582,78.0315074432722,1,0.998593169971178
1659,0.0877684407096172,78.0784795490678,1,0.999594909965802
1660,0.0909430438842204,78.1254516548634,1,0.999425673072476
1661,0.0950513538748833,78.1724237606591,1,0.999105453164485
1662,0.10046685340803,78.2193958664547,1,0.998419593392456
1663,0.120634920634921,78.2663679722503,1,0.988724395463917
1664,0.144911297852474,78.313340078046,1,0.917197581122198
1665,0.167320261437909,78.3603121838416,1,0.68864895047831
1666,0.191783380018674,78.4072842896372,2,0.345804622701873
1667,0.220728291316527,78.4542563954329,2,0.1312767739168
1668,0.235480859010271,78.5012285012285,2,0.0875547397351116
1669,0.240522875816993,78.5482006070242,2,0.0779463850928621
1670,0.243510737628385,78.5951727128198,2,0.0731808885228359
1671,0.250046685340803,78.6421448186154,2,0.064746961189402
1672,0.255088702147526,78.6891169244111,2,0.0597986933721388
1673,0.25359477124183,78.7360890302067,2,0.0611397913985614
1674,0.258076563958917,78.7830611360023,2,0.0574052995674465
1675,0.260130718954248,78.830033241798,2,0.0559683733375263
1676,0.258076563958917,78.8770053475936,2,0.0574052995674464
1677,0.254154995331466,78.9239774533892,2,0.0606251097440129
1678,0.25452847805789,78.9709495591849,2,0.0602898840636293
1679,0.26125116713352,79.0179216649805,2,0.0552519121707692
1680,0.267040149393091,79.0648937707761,2,0.0522485119196717
1681,0.271708683473389,79.1118658765718,2,0.0506049893372002
1682,0.276377217553688,79.1588379823674,2,0.0495938526794532
1683,0.279365079365079,79.205810088163,2,0.0492618201592323
1684,0.280672268907563,79.2527821939587,2,0.0491921442137733
1685,0.280298786181139,79.2997542997543,2,0.0492073834453093
1686,0.280298786181139,79.3467264055499,2,0.0492073834453093
1687,0.281605975723623,79.3936985113456,2,0.0491703560268687
1688,0.282166199813259,79.4406706171412,2,0.0491684581518394
1689,0.283099906629318,79.4876427229369,2,0.0491839171348078
1690,0.282352941176471,79.5346148287325,2,0.049169687527588
1691,0.282352941176471,79.5815869345281,2,0.049169687527588
1692,0.285714285714286,79.6285590403238,2,0.0493513365575593
1693,0.288515406162465,79.6755311461194,2,0.0497356185505203
1694,0.29281045751634,79.722503251915,2,0.050747940618864
1695,0.295238095238095,79.7694753577107,2,0.0515561002516743
1696,0.296171802054155,79.8164474635063,2,0.0519142485369991
1697,0.296358543417367,79.8634195693019,2,0.0519891042098264
1698,0.29281045751634,79.9103916750976,2,0.050747940618864
1699,0.290569561157796,79.9573637808932,2,0.0501547128989771
1700,0.287208216619981,80.0043358866888,2,0.0495296795628261
1701,0.282726423902894,80.0513079924845,2,0.0491749396023423
1702,0.280112044817927,80.0982800982801,2,0.0492164024930776
1703,0.279925303454715,80.1452522040757,2,0.049226355126771
1704,0.276750700280112,80.1922243098714,2,0.0495391042936444
1705,0.274136321195145,80.239196415667,2,0.0500029497106287
1706,0.274136321195145,80.2861685214627,2,0.0500029497106287
1707,0.274323062558357,80.3331406272583,2,0.049963537404021
1708,0.275256769374416,80.3801127330539,2,0.0497810447537952
1709,0.275443510737628,80.4270848388496,2,0.0497474461506357
1710,0.275256769374416,80.4740569446452,2,0.0497810447537952
1711,0.271895424836601,80.5210290504408,2,0.0505527008636526
1712,0.270401493930906,80.5680011562365,2,0.0509994242234107
1713,0.268347338935574,80.6149732620321,2,0.0517217411361622
1714,0.273576097105509,80.6619453678277,2,0.0501270521987045
1715,0.281792717086835,80.7089174736234,2,0.0491687923924774
1716,0.286274509803922,80.755889579419,2,0.0494111281776077
1717,0.287768440709617,80.8028616852146,2,0.0496122059595717
1718,0.288141923436041,80.8498337910103,2,0.0496719958509664
1719,0.288515406162465,80.8968058968059,2,0.0497356185505203
1720,0.289822595704949,80.9437780026015,2,0.0499886878505406
1721,0.285901027077498,80.9907501083972,2,0.0493703248522896
1722,0.285901027077498,81.0377222141928,2,0.0493703248522896
1723,0.291316526610644,81.0846943199885,2,0.0503364888924245
1724,0.297292250233427,81.1316664257841,2,0.0523797397820737
1725,0.297105508870215,81.1786385315797,2,0.0522994174204577
1726,0.290009337068161,81.2256106373754,2,0.0500287255874386
1727,0.28515406162465,81.272582743171,2,0.0493000130019728
1728,0.285340802987862,81.3195548489666,2,0.0493161815806779
1729,0.281792717086835,81.3665269547623,2,0.0491687923924774
1730,0.27843137254902,81.4134990605579,2,0.0493396602514186
1731,0.275443510737628,81.4604711663535,2,0.0497474461506357
1732,0.27563025210084,81.5074432721492,2,0.0497148098206478
1733,0.280485527544351,81.5544153779448,2,0.0491992974974431
1734,0.285340802987862,81.6013874837404,2,0.0493161815806779
1735,0.288888888888889,81.6483595895361,2,0.049803087833654
1736,0.291129785247432,81.6953316953317,2,0.0502895598315317
1737,0.295424836601307,81.7423038011273,2,0.0516255924811971
1738,0.297852474323063,81.789275906923,2,0.0526273634648866
1739,0.298972922502334,81.8362480127186,2,0.0531529844012546
1740,0.296358543417367,81.8832201185142,2,0.0519891042098264
1741,0.295424836601307,81.9301922243099,2,0.0516255924811971
1742,0.291690009337068,81.9771643301055,2,0.0504333323799185
1743,0.283473389355742,82.0241364359012,2,0.0491966220595919
1744,0.273576097105509,82.0711085416968,2,0.0501270521987045
1745,0.263305322128852,82.1180806474924,2,0.0540559078778401
1746,0.256769374416433,82.1650527532881,2,0.0584066294567237
1747,0.245751633986928,82.2120248590837,2,0.0700019059285297
1748,0.234360410830999,82.2589969648793,2,0.0899919826712268
1749,0.226330532212885,82.305969070675,2,0.111370858032386
1750,0.221661998132586,82.3529411764706,2,0.127622645699338
1751,0.2171802054155,82.3999132822662,2,0.146546070863675
1752,0.213071895424837,82.4468853880619,2,0.167279473761988
1753,0.220168067226891,82.4938574938575,2,0.133539267823948
1754,0.220728291316527,82.5408295996532,2,0.1312767739168
1755,0.220915032679739,82.5878017054488,2,0.130534392680781
1756,0.220354808590103,82.6347738112444,2,0.132779168376386
1757,0.218674136321195,82.68174591704,2,0.139839495442301
1758,0.217740429505135,82.7287180228357,2,0.143982006728454
1759,0.217740429505135,82.7756901286313,2,0.143982006728454
1760,0.217553688141923,82.822662234427,2,0.144830055885282
1761,0.222782446311858,82.8696343402226,2,0.123423749525391
1762,0.221101774042951,82.9166064460182,2,0.129797831669022
1763,0.2171802054155,82.9635785518139,2,0.146546070863675
1764,0.209897292250233,83.0105506576095,2,0.185854535106568
1765,0.202427637721755,83.0575227634051,2,0.239826296503513
1766,0.196265172735761,83.1044948692008,2,0.296770703490144
1767,0.19421101774043,83.1514669749964,2,0.318443420180936
1768,0.19327731092437,83.198439080792,2,0.328744212377694
1769,0.194957983193277,83.2454111865877,2,0.310404835573773
1770,0.20186741363212,83.2923832923833,2,0.244515248045906
1771,0.211391223155929,83.3393553981789,2,0.176817492773133
1772,0.219047619047619,83.3863275039746,2,0.13822724674034
1773,0.221101774042951,83.4332996097702,2,0.129797831669022
1774,0.220541549953315,83.4802717155658,2,0.132025018148956
1775,0.217553688141923,83.5272438213615,2,0.144830055885282
1776,0.21624649859944,83.5742159271571,2,0.150954474230666
1777,0.212885154061625,83.6211880329528,2,0.168307452154936
1778,0.20952380952381,83.6681601387484,2,0.188199149438129
1779,0.206535947712418,83.715132244544,2,0.208247185653961
1780,0.206909430438842,83.7621043503397,2,0.205611997417296
1781,0.206535947712418,83.8090764561353,2,0.208247185653961
1782,0.201493930905696,83.8560485619309,2,0.247694020623125
1783,0.191970121381886,83.9030206677266,2,0.343633400976152
1784,0.184500466853408,83.9499927735222,2,0.438529414925499
1785,0.183940242763772,83.9969648793178,2,0.446246737962137
1786,0.184313725490196,84.0439369851135,2,0.441093833036918
1787,0.187488328664799,84.0909090909091,2,0.398681815948587
1788,0.193650793650794,84.1378811967047,2,0.324590300159275
1789,0.197198879551821,84.1848533025004,2,0.287369486965293
1790,0.189542483660131,84.231825408296,2,0.372703718958152
1791,0.172175536881419,84.2787975140917,1,0.618348658771355
1792,0.158543417366947,84.3257696198873,1,0.800695204355946
1793,0.131652661064426,84.3727417256829,1,0.970490763325906
1794,0.107936507936508,84.4197138314785,1,0.996631897410353
1795,0.0844070961718021,84.4666859372742,1,0.999721850122736
1796,0.0801120448179272,84.5136580430698,1,0.999829567958498
1797,0.0842203548085901,84.5606301488655,1,0.999727651201345
1798,0.0887021475256769,84.6076022546611,1,0.999550837006337
1799,0.0935574229691877,84.6545743604567,1,0.999237719733741
1800,0.100093370681606,84.7015464662524,1,0.998479585658117
1801,0.119140989729225,84.748518572048,1,0.990166556308663
1802,0.122875816993464,84.7954906778436,1,0.9861933082114
1803,0.131465919701214,84.8424627836393,1,0.970946789776531
1804,0.143417366946779,84.8894348894349,1,0.925701781779325
1805,0.154621848739496,84.9364069952305,1,0.841780266396996
1806,0.163398692810458,84.9833791010262,1,0.741742471366451
1807,0.165639589169001,85.0303512068218,1,0.711912915262541
1808,0.164145658263305,85.0773233126175,1,0.731963772510498
1809,0.174229691876751,85.1242954184131,1,0.587807288210897
1810,0.174416433239963,85.1712675242087,1,0.585022085852076
1811,0.175910364145658,85.2182396300043,1,0.562735212585774
1812,0.180205415499533,85.2652117358,2,0.499325423785801
1813,0.183566760037348,85.3121838415956,2,0.451430946386434
1814,0.186928104575163,85.3591559473913,2,0.405974685722441
1815,0.191223155929038,85.4061280531869,2,0.352383937458716
1816,0.192903828197946,85.4531001589825,2,0.332942770951544
1817,0.20186741363212,85.5000722647782,2,0.244515248045906
1818,0.20859010270775,85.5470443705738,2,0.194214427019552
1819,0.2171802054155,85.5940164763694,2,0.146546070863675
1820,0.224463118580766,85.6409885821651,2,0.117487624679297
1821,0.228944911297852,85.6879606879607,2,0.103586661241411
1822,0.231932773109244,85.7349327937563,2,0.0956959662314575
1823,0.233426704014939,85.781904899552,2,0.0921153308104121
1824,0.234360410830999,85.8288770053476,2,0.0899919826712268
1825,0.233239962651727,85.8758491111432,2,0.0925503842852885
1826,0.231746031746032,85.9228212169389,2,0.096159985138568
1827,0.229878618113912,85.9697933227345,2,0.101011164579234
1828,0.227450980392157,86.0167654285301,2,0.107927941251321
1829,0.227450980392157,86.0637375343258,2,0.107927941251321
1830,0.227824463118581,86.1107096401214,2,0.106816457337286
1831,0.229505135387488,86.1576817459171,2,0.102028998715633
1832,0.230065359477124,86.2046538517127,2,0.1005083352163
1833,0.236974789915966,86.2516259575083,2,0.0844841684188344
1834,0.238842203548086,86.298598063304,2,0.0809167579190579
1835,0.244444444444444,86.3455701690996,2,0.0718172295422542
1836,0.246685340802988,86.3925422748952,2,0.0687695715330685
1837,0.247245564892624,86.4395143806909,2,0.0680549997340042
1838,0.249112978524743,86.4864864864865,2,0.0658020548789591
1839,0.252474323062558,86.5334585922821,2,0.0622127917661577
1840,0.25266106442577,86.5804306980778,2,0.0620298487264632
1841,0.250793650793651,86.6274028038734,2,0.0639356949186001
1842,0.250233426704015,86.674374909669,2,0.0645414473540731
1843,0.248926237161531,86.7213470154647,2,0.0660186664477454
1844,0.2468720821662,86.7683191212603,2,0.0685293410110362
1845,0.244444444444444,86.815291227056,2,0.0718172295422541
1846,0.244070961718021,86.8622633328516,2,0.072355847079465
1847,0.242763772175537,86.9092354386472,2,0.0743135990908095
1848,0.238842203548086,86.9562075444428,2,0.0809167579190579
1849,0.243510737628385,87.0031796502385,2,0.0731808885228359
1850,0.242950513538749,87.0501517560341,2,0.0740268712452903
1851,0.240709617180205,87.0971238618298,2,0.0776297039627185
1852,0.234547152194211,87.1440959676254,2,0.0895775122311851
1853,0.223716153127918,87.191068073421,2,0.120073700715415
1854,0.206349206349206,87.2380401792167,2,0.209579030072783
1855,0.186741363211951,87.2850122850123,2,0.408424682943508
1856,0.173109243697479,87.3319843908079,1,0.604494899711147
1857,0.150887021475257,87.3789564966036,1,0.875142360103431
1858,0.12436974789916,87.4259286023992,1,0.984227285841132
1859,0.10905695611578,87.4729007081948,1,0.996237908752048
1860,0.092436974789916,87.5198728139905,1,0.99932449318942
1861,0.0573295985060691,87.5668449197861,1,0.999989370920439
1862,0.0313725490196078,87.6138170255818,1,0.999999686260308
1863,0.023155929038282,87.6607891313774,1,0.999999905058447
1864,0.0166199813258637,87.707761237173,1,0.999999964308162
1865,0.0128851540616246,87.7547333429686,1,0.999999979815433
1866,0.00952380952380952,87.8017054487643,1,0.999999987997626
1867,0.0134453781512605,87.8486775545599,1,0.999999978002547
1868,0.0259570494864612,87.8956496603556,1,0.999999856679681
1869,0.0442577030812325,87.9426217661512,1,0.999998108019058
1870,0.0646125116713352,87.9895938719468,1,0.999973347921796
1871,0.088515406162465,88.0365659777425,1,0.999560001764268
1872,0.107749766573296,88.0835380835381,1,0.996693671473124
1873,0.109243697478992,88.1305101893337,1,0.996168184281992
1874,0.122128851540616,88.1774822951294,1,0.987089741799935
1875,0.133706816059757,88.224454400925,1,0.965038736497436
1876,0.148459383753501,88.2714265067206,1,0.893849038608372
1877,0.166199813258637,88.3183986125163,1,0.704236236777956
1878,0.180205415499533,88.3653707183119,2,0.499325423785801
1879,0.190289449112979,88.4123428241075,2,0.363566099012146
1880,0.202801120448179,88.4593149299032,2,0.236752705814215
1881,0.211577964519141,88.5062870356988,2,0.175725444123708
1882,0.215499533146592,88.5532591414945,2,0.154606070291741
1883,0.216619981325864,88.6002312472901,2,0.149170586084433
1884,0.218674136321195,88.6472033530857,2,0.139839495442301
1885,0.220168067226891,88.6941754588814,2,0.133539267823948
1886,0.222222222222222,88.741147564677,2,0.125498324067012
1887,0.224463118580766,88.7881196704726,2,0.117487624679297
1888,0.228758169934641,88.8350917762683,2,0.104114252822131
1889,0.238655462184874,88.8820638820639,2,0.0812605329075151
1890,0.244444444444444,88.9290359878595,2,0.0718172295422542
1891,0.254154995331466,88.9760080936552,2,0.0606251097440129
1892,0.264799253034547,89.0229801994508,2,0.0532777478570513
1893,0.273389355742297,89.0699523052464,2,0.0501703823717999
1894,0.278804855275444,89.1169244110421,2,0.0493057098012154
1895,0.281232492997199,89.1638965168377,2,0.049176276744949
1896,0.282166199813259,89.2108686226333,2,0.0491684581518394
1897,0.284033613445378,89.257840728429,2,0.0492226745168992
1898,0.282726423902894,89.3048128342246,2,0.0491749396023423
1899,0.281045751633987,89.3517849400203,2,0.049180634147584
1900,0.279178338001867,89.3987570458159,2,0.0492755130046405
1901,0.276377217553688,89.4457291516115,2,0.0495938526794532
1902,0.274883286647993,89.4927012574071,2,0.0498511361108581
1903,0.273015873015873,89.5396733632028,2,0.0502600007800556
1904,0.271708683473389,89.5866454689984,2,0.0506049893372002
1905,0.27563025210084,89.6336175747941,2,0.0497148098206478
1906,0.262745098039216,89.6805896805897,2,0.0543673616682336
1907,0.255088702147526,89.7275617863853,2,0.0597986933721388
1908,0.25359477124183,89.774533892181,2,0.0611397913985614
1909,0.246311858076564,89.8215059979766,2,0.0692562247038434
1910,0.239589169000934,89.8684781037722,2,0.0795694688347869
1911,0.237908496732026,89.9154502095679,2,0.0826640813495945
1912,0.234920634920635,89.9624223153635,2,0.0887585632927201
1913,0.23734827264239,90.0093944211591,2,0.0837472241440469
1914,0.229878618113912,90.0563665269548,2,0.101011164579234
1915,0.226890756302521,90.1033386327504,2,0.109628802389428
1916,0.23155929038282,90.1503107385461,2,0.0966277518841238
1917,0.231932773109244,90.1972828443417,2,0.0956959662314575
1918,0.225396825396825,90.2442549501373,2,0.114368427954263
1919,0.218674136321195,90.2912270559329,2,0.139839495442301
1920,0.216993464052288,90.3381991617286,2,0.147414129981175
1921,0.210830999066293,90.3851712675242,2,0.180143245631232
1922,0.211577964519141,90.4321433733199,2,0.175725444123708
1923,0.211764705882353,90.4791154791155,2,0.174641579624799
1924,0.214565826330532,90.5260875849111,2,0.159331697947314
1925,0.218487394957983,90.5730596907068,2,0.140655119366067
1926,0.222408963585434,90.6200317965024,2,0.12480132638778
1927,0.224089635854342,90.667003902298,2,0.118770404586006
1928,0.225210084033613,90.7139760080937,2,0.114982389228899
1929,0.221848739495798,90.7609481138893,2,0.126908942460197
1930,0.223342670401494,90.8079202196849,2,0.121397823999185
1931,0.225583566760037,90.8548923254806,2,0.113759331264595
1932,0.226143790849673,90.9018644312762,2,0.111960861935115
1933,0.225583566760037,90.9488365370718,2,0.113759331264595
1934,0.22203548085901,90.9958086428675,2,0.126200849042926
1935,0.222595704948646,91.0427807486631,2,0.124109815097326
1936,0.222595704948646,91.0897528544588,2,0.124109815097326
1937,0.231746031746032,91.1367249602544,2,0.096159985138568
1938,0.229318394024276,91.18369706605,2,0.102544066294397
1939,0.228384687208217,91.2306691718457,2,0.105182186500396
1940,0.226330532212885,91.2776412776413,2,0.111370858032386
1941,0.224089635854342,91.3246133834369,2,0.118770404586006
1942,0.228384687208217,91.3715854892326,2,0.105182186500396
1943,0.237161531279178,91.4185575950282,2,0.0841141962726157
1944,0.244257703081232,91.4655297008238,2,0.0720854083231277
1945,0.244070961718021,91.5125018066195,2,0.072355847079465
1946,0.242763772175537,91.5594739124151,2,0.0743135990908095
1947,0.242950513538749,91.6064460182107,2,0.0740268712452903
1948,0.248739495798319,91.6534181240064,2,0.0662371721686944
1949,0.256209150326797,91.700390229802,2,0.0588573114135444
1950,0.263305322128852,91.7473623355976,2,0.0540559078778401
1951,0.266479925303455,91.7943344413933,2,0.0524906735923608
1952,0.266666666666667,91.8413065471889,2,0.0524088464959691
1953,0.261811391223156,91.8882786529846,2,0.0549108776390293
1954,0.258450046685341,91.9352507587802,2,0.0571318329961085
1955,0.258263305322129,91.9822228645758,2,0.0572678754091131
1956,0.260504201680672,92.0291949703715,2,0.0557243956068065
1957,0.261624649859944,92.0761670761671,2,0.0550232995018222
1958,0.262558356676004,92.1231391819627,2,0.0544736062622271
1959,0.259757236227824,92.1701112877584,2,0.0562175818075612
1960,0.254715219421102,92.217083393554,2,0.0601246104055856
1961,0.248366013071895,92.2640554993496,2,0.0666799183892854
1962,0.243137254901961,92.3110276051453,2,0.0737425217574192
1963,0.230065359477124,92.3579997109409,2,0.1005083352163
1964,0.210084033613445,92.4049718167365,2,0.184695206331045
1965,0.189169000933707,92.4519439225322,2,0.377335399074273
1966,0.167693744164332,92.4989160283278,1,0.683388738949674
1967,0.147152194211018,92.5458881341234,1,0.902986372856647
1968,0.132586367880486,92.5928602399191,1,0.96811381052436
1969,0.138375350140056,92.6398323457147,1,0.949250589163889
1970,0.135760971055089,92.6868044515104,1,0.958717829766121
1971,0.139495798319328,92.733776557306,1,0.944654696450934
1972,0.143417366946779,92.7807486631016,1,0.925701781779324
1973,0.143604108309991,92.8277207688973,1,0.924679547000773
1974,0.149206349206349,92.8746928746929,1,0.888337049846886
1975,0.156115779645191,92.9216649804885,1,0.826854049870131
1976,0.156489262371615,92.9686370862842,1,0.822981900916034
1977,0.159477124183007,93.0156091920798,1,0.790022507624255
1978,0.156862745098039,93.0625812978754,1,0.819053914084715
1979,0.162464985994398,93.1095534036711,1,0.753717407375542
1980,0.175910364145658,93.1565255094667,1,0.562735212585774
1981,0.186741363211951,93.2034976152623,2,0.408424682943508
1982,0.195518207282913,93.250469721058,2,0.304494073314694
1983,0.210457516339869,93.2974418268536,2,0.182402255348281
1984,0.225770308123249,93.3444139326492,2,0.113155062361097
1985,0.222222222222222,93.3913860384449,2,0.125498324067012
1986,0.227077497665733,93.4383581442405,2,0.109057318064093
1987,0.234360410830999,93.4853302500361,2,0.0899919826712268
1988,0.243323996265173,93.5323023558318,2,0.0734605332554606
1989,0.250793650793651,93.5792744616274,2,0.0639356949186001
1990,0.260504201680672,93.6262465674231,2,0.0557243956068065
1991,0.271148459383753,93.6732186732187,2,0.0507679197479082
1992,0.278057889822596,93.7201907790143,2,0.0493773716809455
1993,0.284593837535014,93.76716288481,2,0.0492571325919563
1994,0.290009337068161,93.8141349906056,2,0.0500287255874386
1995,0.29859943977591,93.8611070964012,2,0.0529732329748121
1996,0.302707749766573,93.9080792021969,2,0.0552105026010141
1997,0.305135387488329,93.9550513079925,2,0.0568163365508923
1998,0.307376283846872,94.0020234137881,2,0.0585018207366282
1999,0.312044817927171,94.0489955195838,2,0.0627039927848276
2000,0.316339869281046,94.0959676253794,2,0.0675058679390395
2001,0.316900093370682,94.142939731175,2,0.0682061386724798
2002,0.322315592903828,94.1899118369707,2,0.0759764198194156
2003,0.322689075630252,94.2368839427663,2,0.0765848856878647
2004,0.317086834733894,94.2838560485619,2,0.0684435939165965
2005,0.313538748832866,94.3308281543576,2,0.06426504370414
2006,0.312605042016807,94.3778002601532,2,0.063276343603383
2007,0.309430438842204,94.4247723659489,2,0.0602303695786985
2008,0.304388422035481,94.4717444717445,2,0.0562985671759522
2009,0.304201680672269,94.5187165775401,2,0.0561724591448587
2010,0.30140056022409,94.5656886833358,2,0.0544353222943836
2011,0.297478991596639,94.6126607891314,2,0.0524611685604221
2012,0.295238095238095,94.659632894927,2,0.0515561002516743
2013,0.294864612511671,94.7066050007227,2,0.0514202949646976
2014,0.295985060690943,94.7535771065183,2,0.0518404735640558
2015,0.298039215686275,94.8005492123139,2,0.0527121388011574
2016,0.297852474323063,94.8475213181096,2,0.0526273634648866
2017,0.294677871148459,94.8944934239052,2,0.0513539744438269
2018,0.297292250233427,94.9414655297008,2,0.0523797397820737
2019,0.301587301587302,94.9884376354965,2,0.0545423502613896
2020,0.303454715219421,95.0354097412921,2,0.0556811491006265
2021,0.30140056022409,95.0823818470877,2,0.0544353222943836
2022,0.296732026143791,95.1293539528834,2,0.0521420742341444
2023,0.29094304388422,95.176326058679,2,0.0502436224690843
2024,0.287208216619981,95.2232981644747,2,0.0495296795628261
2025,0.278244631185808,95.2702702702703,2,0.0493580453541359
2026,0.272642390289449,95.3172423760659,2,0.0503535796048479
2027,0.264799253034547,95.3642144818616,2,0.0532777478570513
2028,0.257889822595705,95.4111865876572,2,0.0575441133399173
2029,0.253221288515406,95.4581586934528,2,0.0614909247821104
2030,0.250980392156863,95.5051307992485,2,0.0637373338977446
2031,0.249673202614379,95.5521029050441,2,0.0651634564400834
2032,0.249112978524743,95.5990750108397,2,0.0658020548789591
2033,0.250980392156863,95.6460471166354,2,0.0637373338977446
2034,0.253221288515406,95.693019222431,2,0.0614909247821104
2035,0.258263305322129,95.7399913282266,2,0.0572678754091131
2036,0.26311858076564,95.7869634340223,2,0.0541585183365996
2037,0.265359477124183,95.8339355398179,2,0.0530051630510577
2038,0.265919701213819,95.8809076456135,2,0.0527428486856518
2039,0.267226890756303,95.9278797514092,2,0.0521699955691933
2040,0.267413632119514,95.9748518572048,2,0.0520925740361366
2041,0.272082166199813,96.0218239630004,2,0.0505014184215603
2042,0.2765639589169,96.0687960687961,2,0.0495660022585206
2043,0.279551820728291,96.1157681745917,2,0.049249063347848
2044,0.282166199813259,96.1627402803874,2,0.0491684581518394
2045,0.287581699346405,96.209712386183,2,0.0495837442410957
2046,0.294117647058824,96.2566844919786,2,0.0511612978484392
2047,0.294304388422035,96.3036565977743,2,0.0512244794382307
2048,0.291690009337068,96.3506287035699,2,0.0504333323799185
2049,0.286834733893557,96.3976008093655,2,0.0494794169071077
2050,0.2765639589169,96.4445729151612,2,0.0495660022585206
2051,0.273762838468721,96.4915450209568,2,0.0500847048886822
2052,0.275256769374416,96.5385171267524,2,0.0497810447537952
2053,0.274136321195145,96.5854892325481,2,0.0500029497106287
2054,0.276750700280112,96.6324613383437,2,0.0495391042936444
2055,0.281232492997199,96.6794334441393,2,0.049176276744949
2056,0.281605975723623,96.726405549935,2,0.0491703560268687
2057,0.280112044817927,96.7733776557306,2,0.0492164024930776
2058,0.280485527544351,96.8203497615262,2,0.0491992974974431
2059,0.281045751633987,96.8673218673219,2,0.049180634147584
2060,0.279178338001867,96.9142939731175,2,0.0492755130046405
2061,0.278618113912232,96.9612660789132,2,0.0493222153808113
2062,0.279738562091503,97.0082381847088,2,0.0492372418827685
2063,0.279178338001867,97.0552102905044,2,0.0492755130046405
2064,0.27843137254902,97.1021823963001,2,0.0493396602514186
2065,0.273202614379085,97.1491545020957,2,0.0502146977625659
2066,0.273389355742297,97.1961266078913,2,0.0501703823717999
2067,0.26890756302521,97.243098713687,2,0.0515121150907433
2068,0.263492063492063,97.2900708194826,2,0.0539544971964139
2069,0.26031746031746,97.3370429252782,2,0.0558457341196709
2070,0.257889822595705,97.3840150310739,2,0.0575441133399173
2071,0.252847805788982,97.4309871368695,2,0.0618485636237613
2072,0.2468720821662,97.4779592426651,2,0.0685293410110362
2073,0.239962651727358,97.5249313484608,2,0.0789122202091792
2074,0.242390289449113,97.5719034542564,2,0.0748942601241459
2075,0.243510737628385,97.618875560052,2,0.0731808885228359
2076,0.246685340802988,97.6658476658477,2,0.0687695715330685
2077,0.249112978524743,97.7128197716433,2,0.0658020548789591
2078,0.255088702147526,97.759791877439,2,0.0597986933721388
2079,0.26311858076564,97.8067639832346,2,0.0541585183365996
2080,0.269281045751634,97.8537360890302,2,0.0513776635990547
2081,0.269094304388422,97.9007081948259,2,0.0514443619266107
2082,0.268347338935574,97.9476803006215,2,0.0517217411361622
2083,0.26984126984127,97.9946524064171,2,0.0511838613017694
2084,0.271335200746965,98.0416245122128,2,0.0507125958427698
2085,0.271335200746965,98.0885966180084,2,0.0507125958427698
2086,0.271335200746965,98.135568723804,2,0.0507125958427698
2087,0.277124183006536,98.1825408295997,2,0.0494881599679134
2088,0.283660130718954,98.2295129353953,2,0.0492043731183541
2089,0.289635854341737,98.2764850411909,2,0.0499496254638444
2090,0.295238095238095,98.3234571469866,2,0.0515561002516743
2091,0.297665732959851,98.3704292527822,2,0.0525437082637946
2092,0.296732026143791,98.4174013585778,2,0.0521420742341444
2093,0.294677871148459,98.4643734643735,2,0.0513539744438269
2094,0.2937441643324,98.5113455701691,2,0.0510380491752555
2095,0.292063492063492,98.5583176759647,2,0.0505341740252807
2096,0.290009337068161,98.6052897817604,2,0.0500287255874386
2097,0.292436974789916,98.652261887556,2,0.05063903581171
2098,0.287955182072829,98.6992339933517,2,0.0496416226324683
2099,0.28328664799253,98.7462060991473,2,0.0491898035208692
2100,0.278991596638655,98.7931782049429,2,0.049290142622342
2101,0.273202614379085,98.8401503107386,2,0.0502146977625659
2102,0.271521942110177,98.8871224165342,2,0.0506582866941471
2103,0.277871148459384,98.9340945223298,2,0.0493976402747925
2104,0.28515406162465,98.9810666281255,2,0.0493000130019728
2105,0.279365079365079,99.0280387339211,2,0.0492618201592323
2106,0.28515406162465,99.0750108397167,2,0.0493000130019728
2107,0.287581699346405,99.1219829455124,2,0.0495837442410957
2108,0.284407096171802,99.168955051308,2,0.0492447116615821
2109,0.28608776844071,99.2159271571036,2,0.0493902550337541
2110,0.288141923436041,99.2628992628993,2,0.0496719958509664
2111,0.281232492997199,99.3098713686949,2,0.049176276744949
2112,0.271521942110177,99.3568434744905,2,0.0506582866941471
2113,0.264425770308123,99.4038155802862,2,0.0534652440819809
2114,0.246311858076564,99.4507876860818,2,0.0692562247038434
2115,0.228758169934641,99.4977597918775,2,0.104114252822131
2116,0.215126050420168,99.5447318976731,2,0.156474546450954
2117,0.202240896358543,99.5917040034687,2,0.241378767629667
2118,0.194771241830065,99.6386761092644,2,0.312397608273492
2119,0.184313725490196,99.68564821506,2,0.441093833036918
2120,0.171802054154995,99.7326203208556,1,0.623870795368662
2121,0.171615312791783,99.7795924266513,1,0.626626926496994
2122,0.163772175536881,99.8265645324469,1,0.736874605769005
2123,0.157609710550887,99.8735366382425,1,0.81103155017995
2124,0.154435107376284,99.9205087440382,1,0.843582495301312
2125,0.148272642390289,99.9674808498338,1,0.895193728227963
2126,0.135947712418301,100.014452955629,1,0.958096534254011
2127,0.126423902894491,100.061425061425,1,0.98110646785616
2128,0.12250233426704,100.108397167221,1,0.98664842019874
2129,0.129038281979458,100.155369273016,1,0.976328525058476
2130,0.132399626517274,100.202341378812,1,0.968602353450715
2131,0.142110177404295,100.249313484608,1,0.932542076080501
2132,0.155368814192344,100.296285590403,1,0.834429954592833
2133,0.161531279178338,100.343257696199,1,0.765402175769004
2134,0.167320261437909,100.390229801995,1,0.68864895047831
2135,0.173295985060691,100.43720190779,1,0.601717425203841
2136,0.17516339869281,100.484174013586,1,0.573877226011199
2137,0.170494864612512,100.531146119381,1,0.64308227412719
2138,0.166573295985061,100.578118225177,1,0.699074043720416
2139,0.166946778711485,100.625090330973,1,0.693877838163809
2140,0.171615312791783,100.672062436768,1,0.626626926496994
2141,0.173856209150327,100.719034542564,1,0.593375107799934
2142,0.174976657329599,100.76600664836,1,0.576663658470307
2143,0.183193277310924,100.812978754155,2,0.456645482493856
2144,0.192903828197946,100.859950859951,2,0.332942770951544
2145,0.197759103641457,100.906922965747,2,0.281863258169917
2146,0.208403361344538,100.953895071542,2,0.195444235563225
2147,0.220541549953315,101.000867177338,2,0.132025018148956
2148,0.227824463118581,101.047839283133,2,0.106816457337286
2149,0.235294117647059,101.094811388929,2,0.0879527677093892
2150,0.244257703081233,101.141783494725,2,0.0720854083231277
2151,0.252287581699346,101.18875560052,2,0.0623974034875031
2152,0.255648926237162,101.235727706316,2,0.0593212522140275
2153,0.257889822595705,101.282699812112,2,0.0575441133399173
2154,0.257142857142857,101.329671917907,2,0.0581134249752955
2155,0.259383753501401,101.376644023703,2,0.0564720776569905
2156,0.265359477124183,101.423616129498,2,0.0530051630510577
2157,0.268720821661998,101.470588235294,2,0.0515809268146454
2158,0.26984126984127,101.51756034109,2,0.0511838613017694
2159,0.271895424836601,101.564532446885,2,0.0505527008636526
2160,0.274136321195145,101.611504552681,2,0.0500029497106287
2161,0.275443510737628,101.658476658477,2,0.0497474461506357
2162,0.275443510737628,101.705448764272,2,0.0497474461506357
2163,0.276377217553688,101.752420870068,2,0.0495938526794532
2164,0.276937441643324,101.799392975864,2,0.0495131573308528
2165,0.274323062558357,101.846365081659,2,0.049963537404021
2166,0.268347338935574,101.893337187455,2,0.0517217411361622
2167,0.264612511671335,101.94030929325,2,0.0533709152276467
2168,0.263305322128852,101.987281399046,2,0.0540559078778401
2169,0.259010270774977,102.034253504842,2,0.0567319188204655
2170,0.258076563958917,102.081225610637,2,0.0574052995674464
2171,0.254901960784314,102.128197716433,2,0.0599608833477809
2172,0.250046685340803,102.175169822229,2,0.064746961189402
2173,0.243884220354809,102.222141928024,2,0.0726285622684626
2174,0.238655462184874,102.26911403382,2,0.0812605329075151
2175,0.233986928104575,102.316086139616,2,0.0908310442348812
2176,0.230438842203548,102.363058245411,2,0.0995146966335997
2177,0.23249299719888,102.410030351207,2,0.0943261099129217
2178,0.23249299719888,102.457002457002,2,0.0943261099129217
2179,0.233613445378151,102.503974562798,2,0.0916837741448257
2180,0.236974789915966,102.550946668594,2,0.0844841684188343
2181,0.241456582633053,102.597918774389,2,0.076388780344514
2182,0.250420168067227,102.644890880185,2,0.0643377397350447
2183,0.257142857142857,102.691862985981,2,0.0581134249752955
2184,0.261811391223156,102.738835091776,2,0.0549108776390293
2185,0.263678804855275,102.785807197572,2,0.0538542806111438
2186,0.275070028011205,102.832779303368,2,0.0498156074497388
2187,0.281792717086835,102.879751409163,2,0.0491687923924774
2188,0.281605975723623,102.926723514959,2,0.0491703560268687
2189,0.282166199813259,102.973695620754,2,0.0491684581518394
2190,0.287581699346405,103.02066772655,2,0.0495837442410957
2191,0.290196078431373,103.067639832346,2,0.0500697408475617
2192,0.289075630252101,103.114611938141,2,0.0498382694788196
2193,0.287021475256769,103.161584043937,2,0.0495040736804525
2194,0.284780578898226,103.208556149733,2,0.0492704893036385
2195,0.283473389355742,103.255528255528,2,0.0491966220595919
2196,0.283846872082166,103.302500361324,2,0.0492130571148051
2197,0.283099906629318,103.34947246712,2,0.0491839171348078
2198,0.281419234360411,103.396444572915,2,0.0491728507662298
2199,0.282352941176471,103.443416678711,2,0.049169687527588
2200,0.286461251167134,103.490388784506,2,0.0494329454106063
2201,0.288141923436041,103.537360890302,2,0.0496719958509664
2202,0.290569561157796,103.584332996098,2,0.0501547128989771
2203,0.294491129785247,103.631305101893,2,0.0512887037957316
2204,0.297292250233427,103.678277207689,2,0.0523797397820737
2205,0.298972922502334,103.725249313485,2,0.0531529844012546
2206,0.29859943977591,103.77222141928,2,0.0529732329748121
2207,0.296171802054155,103.819193525076,2,0.0519142485369991
2208,0.2937441643324,103.866165630872,2,0.0510380491752555
2209,0.295985060690943,103.913137736667,2,0.0518404735640558
2210,0.291316526610644,103.960109842463,2,0.0503364888924245
2211,0.289262371615313,104.007081948258,2,0.0498744183171598
2212,0.289075630252101,104.054054054054,2,0.0498382694788196
2213,0.289635854341737,104.10102615985,2,0.0499496254638444
2214,0.287955182072829,104.147998265645,2,0.0496416226324683
2215,0.282352941176471,104.194970371441,2,0.049169687527588
2216,0.278057889822596,104.241942477237,2,0.0493773716809455
2217,0.269467787114846,104.288914583032,2,0.0513120164448551
2218,0.267226890756303,104.335886688828,2,0.0521699955691933
2219,0.264239028944911,104.382858794624,2,0.0535607396820509
2220,0.260130718954248,104.429830900419,2,0.0559683733375263
2221,0.256582633053221,104.476803006215,2,0.0585553981688016
2222,0.255835667600373,104.52377511201,2,0.0591651173234552
2223,0.255088702147526,104.570747217806,2,0.0597986933721388
2224,0.255088702147526,104.617719323602,2,0.0597986933721388
2225,0.256022408963585,104.664691429397,2,0.059010473371388
2226,0.261437908496732,104.711663535193,2,0.0551369755403914
2227,0.269654528478058,104.758635640989,2,0.0512474168604736
2228,0.274696545284781,104.805607746784,2,0.0498876326624722
2229,0.274323062558357,104.85257985258,2,0.049963537404021
2230,0.271708683473389,104.899551958376,2,0.0506049893372002
2231,0.266293183940243,104.946524064171,2,0.0525736132480194
2232,0.264799253034547,104.993496169967,2,0.0532777478570513
2233,0.265732959850607,105.040468275762,2,0.0528291538544873
2234,0.265546218487395,105.087440381558,2,0.0529165903570529
2235,0.265359477124183,105.134412487354,2,0.0530051630510577
2236,0.267226890756303,105.181384593149,2,0.0521699955691933
2237,0.273015873015873,105.228356698945,2,0.0502600007800556
2238,0.278244631185808,105.275328804741,2,0.0493580453541359
2239,0.275256769374416,105.322300910536,2,0.0497810447537952
2240,0.270028011204482,105.369273016332,2,0.0511213462837183
2241,0.276190476190476,105.416245122127,2,0.0496226570622689
2242,0.279925303454715,105.463217227923,2,0.049226355126771
2243,0.283846872082166,105.510189333719,2,0.0492130571148051
2244,0.288515406162465,105.557161439514,2,0.0497356185505203
2245,0.295238095238095,105.60413354531,2,0.0515561002516743
2246,0.299346405228758,105.651105651106,2,0.05333733325837
2247,0.293557422969188,105.698077756901,2,0.0509779753400863
2248,0.286274509803922,105.745049862697,2,0.0494111281776077
2249,0.281419234360411,105.792021968493,2,0.0491728507662298
2250,0.278057889822596,105.838994074288,2,0.0493773716809455
2251,0.273389355742297,105.885966180084,2,0.0501703823717999
2252,0.267226890756303,105.932938285879,2,0.0521699955691933
2253,0.262558356676004,105.979910391675,2,0.0544736062622271
2254,0.257516339869281,106.026882497471,2,0.0578259416338399
2255,0.255275443510738,106.073854603266,2,0.0596380310579742
2256,0.253408029878618,106.120826709062,2,0.0613145500828906
2257,0.253221288515406,106.167798814858,2,0.0614909247821104
2258,0.250793650793651,106.214770920653,2,0.0639356949186001
2259,0.247245564892624,106.261743026449,2,0.0680549997340042
2260,0.240522875816993,106.308715132245,2,0.0779463850928621
2261,0.234360410830999,106.35568723804,2,0.0899919826712268
2262,0.230438842203548,106.402659343836,2,0.0995146966335997
2263,0.230438842203548,106.449631449631,2,0.0995146966335997
2264,0.230812324929972,106.496603555427,2,0.0985368805861235
2265,0.235107376283847,106.543575661223,2,0.0883540339210512
2266,0.230812324929972,106.590547767018,2,0.0985368805861235
2267,0.225396825396825,106.637519872814,2,0.114368427954263
2268,0.220354808590103,106.68449197861,2,0.132779168376386
2269,0.212138188608777,106.731464084405,2,0.172498202396433
2270,0.20093370681606,106.778436190201,2,0.252542086736247
2271,0.189729225023343,106.825408295997,2,0.370403515874164
2272,0.182072829131653,106.872380401792,2,0.472460789628561
2273,0.163398692810458,106.919352507588,1,0.741742471366451
2274,0.158916900093371,106.966324613383,1,0.796466058338738
2275,0.158543417366947,107.013296719179,1,0.800695204355946
2276,0.165079365079365,107.060268824975,1,0.719505885312754
2277,0.169561157796452,107.10724093077,1,0.656667128073126
2278,0.174603174603175,107.154213036566,1,0.582236283172025
2279,0.19047619047619,107.201185142362,2,0.361308191455352
2280,0.207843137254902,107.248157248157,2,0.199188055380486
2281,0.221101774042951,107.295129353953,2,0.129797831669022
2282,0.221288515406162,107.342101459749,2,0.129067048338353
2283,0.22203548085901,107.389073565544,2,0.126200849042926
2284,0.221101774042951,107.43604567134,2,0.129797831669022
2285,0.220168067226891,107.483017777135,2,0.133539267823948
2286,0.222782446311858,107.529989882931,2,0.123423749525391
2287,0.226330532212885,107.576961988727,2,0.111370858032386
2288,0.229318394024276,107.623934094522,2,0.102544066294397
2289,0.238468720821662,107.670906200318,2,0.0816071312172458
2290,0.234547152194211,107.717878306114,2,0.0895775122311851
2291,0.236227824463119,107.764850411909,2,0.0859945188600922
2292,0.236788048552754,107.811822517705,2,0.0848571635214699
2293,0.235480859010271,107.858794623501,2,0.0875547397351116
2294,0.243137254901961,107.905766729296,2,0.0737425217574192
2295,0.253034547152194,107.952738835092,2,0.0616689258198332
2296,0.256022408963585,107.999710940887,2,0.059010473371388
2297,0.256022408963585,108.046683046683,2,0.059010473371388
2298,0.261998132586368,108.093655152479,2,0.0547997036116263
2299,0.268160597572362,108.140627258274,2,0.0517937514826983
2300,0.270588235294118,108.18759936407,2,0.0509400105042291
2301,0.270401493930906,108.234571469866,2,0.0509994242234107
2302,0.273576097105509,108.281543575661,2,0.0501270521987045
2303,0.277871148459384,108.328515681457,2,0.0493976402747925
2304,0.278804855275444,108.375487787253,2,0.0493057098012154
2305,0.281232492997199,108.422459893048,2,0.049176276744949
2306,0.280485527544351,108.469431998844,2,0.0491992974974431
2307,0.279738562091503,108.516404104639,2,0.0492372418827685
2308,0.27843137254902,108.563376210435,2,0.0493396602514186
2309,0.274323062558357,108.610348316231,2,0.049963537404021
2310,0.267413632119514,108.657320422026,2,0.0520925740361366
2311,0.257889822595705,108.704292527822,2,0.0575441133399173
2312,0.250606909430439,108.751264633618,2,0.0641358262463871
2313,0.240896358543417,108.798236739413,2,0.0773156221595508
2314,0.235480859010271,108.845208845209,2,0.0875547397351116
2315,0.230252100840336,108.892180951004,2,0.100009522841583
2316,0.228571428571429,108.9391530568,2,0.104646083676021
2317,0.228758169934641,108.986125162596,2,0.104114252822131
2318,0.228758169934641,109.033097268391,2,0.104114252822131
2319,0.225770308123249,109.080069374187,2,0.113155062361097
2320,0.222595704948646,109.127041479983,2,0.124109815097326
2321,0.219981325863679,109.174013585778,2,0.13430535994061
2322,0.217740429505135,109.220985691574,2,0.143982006728454
2323,0.216059757236228,109.26795779737,2,0.151856824045447
2324,0.212698412698413,109.314929903165,2,0.169343264277159
2325,0.206162464985994,109.361902008961,2,0.210920437508587
2326,0.193837535014006,109.408874114756,2,0.322530127972973
2327,0.179271708683473,109.455846220552,1,0.512955480750907
2328,0.169934640522876,109.502818326348,1,0.651248869066636
2329,0.158543417366947,109.549790432143,1,0.800695204355946
2330,0.143790849673203,109.596762537939,1,0.923645812275264
2331,0.130718954248366,109.643734643735,1,0.972708742948172
2332,0.128291316526611,109.69070674953,1,0.977794066060704
2333,0.131652661064426,109.737678855326,1,0.970490763325906
2334,0.139309056956116,109.784650961122,1,0.945444435068501
2335,0.157609710550887,109.831623066917,1,0.81103155017995
2336,0.17516339869281,109.878595172713,1,0.573877226011198
2337,0.182072829131653,109.925567278508,2,0.472460789628561
2338,0.187488328664799,109.972539384304,2,0.398681815948587
2339,0.192903828197946,110.0195114901,2,0.332942770951544
2340,0.193090569561158,110.066483595895,2,0.330837920010709
2341,0.19047619047619,110.113455701691,2,0.361308191455352
2342,0.191036414565826,110.160427807487,2,0.354598809923929
2343,0.196638655462185,110.207399913282,2,0.292976526453151
2344,0.200373482726424,110.254372019078,2,0.257486833820397
2345,0.208963585434174,110.301344124874,2,0.191781711556234
2346,0.213632119514472,110.348316230669,2,0.164242042971906
2347,0.219421101774043,110.395288336465,2,0.136640030120179
2348,0.225396825396825,110.44226044226,2,0.114368427954263
2349,0.23062558356676,110.489232548056,2,0.0990238260018801
2350,0.236601307189542,110.536204653852,2,0.0852332047124592
2351,0.243323996265173,110.583176759647,2,0.0734605332554606
2352,0.248739495798319,110.630148865443,2,0.0662371721686944
2353,0.250233426704015,110.677120971239,2,0.0645414473540731
2354,0.250046685340803,110.724093077034,2,0.064746961189402
2355,0.249859943977591,110.77106518283,2,0.0649542934442653
2356,0.25546218487395,110.818037288626,2,0.0594788870812812
2357,0.266293183940243,110.865009394421,2,0.0525736132480194
2358,0.266853408029879,110.911981500217,2,0.0523281274274719
2359,0.266293183940243,110.958953606012,2,0.0525736132480194
2360,0.26984126984127,111.005925711808,2,0.0511838613017694
2361,0.27077497665733,111.052897817604,2,0.0508816239713214
2362,0.274696545284781,111.099869923399,2,0.0498876326624722
2363,0.273576097105509,111.146842029195,2,0.0501270521987045
2364,0.272642390289449,111.193814134991,2,0.0503535796048479
2365,0.275256769374416,111.240786240786,2,0.0497810447537952
2366,0.271708683473389,111.287758346582,2,0.0506049893372002
2367,0.269467787114846,111.334730452378,2,0.0513120164448551
2368,0.274136321195145,111.381702558173,2,0.0500029497106288
2369,0.26984126984127,111.428674663969,2,0.0511838613017694
2370,0.26984126984127,111.475646769764,2,0.0511838613017694
2371,0.26984126984127,111.52261887556,2,0.0511838613017694
2372,0.269654528478058,111.569590981356,2,0.0512474168604736
2373,0.267600373482726,111.616563087151,2,0.0520162430437339
2374,0.266106442577031,111.663535192947,2,0.0526576700588498
2375,0.264425770308123,111.710507298743,2,0.0534652440819809
2376,0.263492063492063,111.757479404538,2,0.0539544971964139
2377,0.26218487394958,111.804451510334,2,0.0546897711543777
2378,0.262558356676004,111.85142361613,2,0.0544736062622271
2379,0.262931839402428,111.898395721925,2,0.0542623343252607
2380,0.261811391223156,111.945367827721,2,0.0549108776390293
2381,0.26031746031746,111.992339933516,2,0.0558457341196709
2382,0.258076563958917,112.039312039312,2,0.0574052995674464
2383,0.256209150326797,112.086284145108,2,0.0588573114135444
2384,0.253408029878618,112.133256250903,2,0.0613145500828906
2385,0.254341736694678,112.180228356699,2,0.0604567139380982
2386,0.25359477124183,112.227200462495,2,0.0611397913985614
2387,0.253034547152194,112.27417256829,2,0.0616689258198332
2388,0.252847805788982,112.321144674086,2,0.0618485636237613
2389,0.251167133520075,112.368116779882,2,0.0635407314445801
2390,0.244444444444444,112.415088885677,2,0.0718172295422542
2391,0.234547152194211,112.462060991473,2,0.0895775122311851
2392,0.225770308123249,112.509033097268,2,0.113155062361097
2393,0.214752567693744,112.556005203064,2,0.158371990870851
2394,0.204855275443511,112.60297730886,2,0.220581943409854
2395,0.194584500466853,112.649949414655,2,0.314401634139926
2396,0.185994397759104,112.696921520451,2,0.418317567374681
2397,0.182259570494865,112.743893626247,2,0.469807795943695
2398,0.181139122315593,112.790865732042,2,0.485820729441273
2399,0.184500466853408,112.837837837838,2,0.438529414925499
2400,0.189915966386555,112.884809943633,2,0.368113810399827
2401,0.189355742296919,112.931782049429,2,0.37501436544141
2402,0.185247432306256,112.978754155225,2,0.428354616087381
2403,0.180205415499533,113.02572626102,2,0.499325423785801
2404,0.175536881419234,113.072698366816,1,0.568305090478214
2405,0.173295985060691,113.119670472612,1,0.601717425203841
2406,0.171988795518207,113.166642578407,1,0.621111307333313
2407,0.1703081232493,113.213614684203,1,0.645809446128491
2408,0.167693744164332,113.260586789999,1,0.683388738949674
2409,0.171802054154995,113.307558895794,1,0.623870795368662
2410,0.17609710550887,113.35453100159,1,0.559951599400645
2411,0.184126984126984,113.401503107385,2,0.443666312914756
2412,0.194957983193277,113.448475213181,2,0.310404835573773
2413,0.200746965452848,113.495447318977,2,0.254179550933149
2414,0.202614379084967,113.542419424772,2,0.238284288545978
2415,0.204481792717087,113.589391530568,2,0.223431052659864
2416,0.206909430438842,113.636363636364,2,0.205611997417296
2417,0.203174603174603,113.683335742159,2,0.233720661271608
2418,0.194024276377218,113.730307847955,2,0.320481163935668
2419,0.189729225023343,113.777279953751,2,0.370403515874165
2420,0.194397759103641,113.824252059546,2,0.31641690725523
2421,0.193837535014006,113.871224165342,2,0.322530127972973
2422,0.189169000933707,113.918196271137,2,0.377335399074273
2423,0.191596638655462,113.965168376933,2,0.347986808222054
2424,0.199439775910364,114.012140482729,2,0.265945159235574
2425,0.199626517273576,114.059112588524,2,0.264231653713318
2426,0.208403361344538,114.10608469432,2,0.195444235563225
2427,0.217366946778711,114.153056800116,2,0.145684728411961
2428,0.222782446311858,114.200028905911,2,0.123423749525391
2429,0.223716153127918,114.247001011707,2,0.120073700715415
2430,0.223342670401494,114.293973117503,2,0.121397823999185
2431,0.226890756302521,114.340945223298,2,0.109628802389428
2432,0.230999066293184,114.387917329094,2,0.0980538302553421
2433,0.250606909430439,114.434889434889,2,0.0641358262463871
2434,0.262558356676004,114.481861540685,2,0.0544736062622271
2435,0.275256769374416,114.528833646481,2,0.0497810447537952
2436,0.280859010270775,114.575805752276,2,0.0491859232088771
2437,0.281979458450047,114.622777858072,2,0.0491681597788267
2438,0.284967320261438,114.669749963868,2,0.0492847825167433
2439,0.289075630252101,114.716722069663,2,0.0498382694788196
2440,0.290009337068161,114.763694175459,2,0.0500287255874386
2441,0.295798319327731,114.810666281255,2,0.051767775223847
2442,0.292997198879552,114.85763838705,2,0.0508039165520108
2443,0.291316526610644,114.904610492846,2,0.0503364888924245
2444,0.294491129785247,114.951582598641,2,0.0512887037957316
2445,0.295611577964519,114.998554704437,2,0.0516961495109189
2446,0.295238095238095,115.045526810233,2,0.0515561002516743
2447,0.297292250233427,115.092498916028,2,0.0523797397820737
2448,0.300653594771242,115.139471021824,2,0.0540193620454549
2449,0.300093370681606,115.18644312762,2,0.0537199886875357
2450,0.297478991596639,115.233415233415,2,0.0524611685604221
2451,0.292623716153128,115.280387339211,2,0.0506929813725035
2452,0.291690009337068,115.327359445007,2,0.0504333323799185
2453,0.292997198879552,115.374331550802,2,0.0508039165520108
2454,0.294864612511671,115.421303656598,2,0.0514202949646976
2455,0.298039215686275,115.468275762393,2,0.0527121388011574
2456,0.299159663865546,115.515247868189,2,0.0532445816087422
2457,0.304388422035481,115.562219973985,2,0.0562985671759522
2458,0.305135387488329,115.60919207978,2,0.0568163365508923
2459,0.305322128851541,115.656164185576,2,0.0569491500890896
2460,0.304388422035481,115.703136291372,2,0.0562985671759522
2461,0.301587301587302,115.750108397167,2,0.0545423502613896
2462,0.30046685340803,115.797080502963,2,0.0539183807139193
2463,0.30046685340803,115.844052608759,2,0.0539183807139193
2464,0.303267973856209,115.891024714554,2,0.0555615672526611
2465,0.302894491129785,115.93799682035,2,0.0553262506598357
2466,0.302147525676937,115.984968926145,2,0.0548708211077625
2467,0.298412698412698,116.031941031941,2,0.0528850687550925
2468,0.290756302521008,116.078913137737,2,0.0501986743062524
2469,0.28422035480859,116.125885243532,2,0.049233225842932
2470,0.279178338001867,116.172857349328,2,0.0492755130046405
2471,0.276003734827264,116.219829455124,2,0.0496524169647692
2472,0.275443510737628,116.266801560919,2,0.0497474461506357
2473,0.26890756302521,116.313773666715,2,0.0515121150907433
2474,0.265546218487395,116.36074577251,2,0.0529165903570529
2475,0.258823529411765,116.407717878306,2,0.0568638623579436
2476,0.252474323062558,116.454689984102,2,0.0622127917661577
2477,0.253034547152194,116.501662089897,2,0.0616689258198332
2478,0.256769374416433,116.548634195693,2,0.0584066294567238
2479,0.259010270774977,116.595606301489,2,0.0567319188204655
2480,0.262745098039216,116.642578407284,2,0.0543673616682336
2481,0.266479925303455,116.68955051308,2,0.0524906735923608
2482,0.271335200746965,116.736522618876,2,0.0507125958427698
2483,0.278057889822596,116.783494724671,2,0.0493773716809455
2484,0.284780578898226,116.830466830467,2,0.0492704893036385
2485,0.288515406162465,116.877438936262,2,0.0497356185505203
2486,0.29281045751634,116.924411042058,2,0.050747940618864
2487,0.295611577964519,116.971383147854,2,0.0516961495109189
2488,0.297478991596639,117.018355253649,2,0.0524611685604221
2489,0.301027077497666,117.065327359445,2,0.0542249236239341
2490,0.303828197945845,117.112299465241,2,0.0559241937689156
2491,0.306629318394024,117.159271571036,2,0.0579174588020832
2492,0.305135387488329,117.206243676832,2,0.0568163365508923
2493,0.304761904761905,117.253215782628,2,0.0565547697841748
2494,0.306442577030812,117.300187888423,2,0.0577749366062872
2495,0.307002801120448,117.347159994219,2,0.0582067684576996
2496,0.305695611577965,117.394132100014,2,0.0572188753949912
2497,0.314285714285714,117.44110420581,2,0.0650881520990992
2498,0.31671335200747,117.488076311606,2,0.0679707086774366
2499,0.319140989729225,117.535048417401,2,0.071193451839796
2500,0.317460317460317,117.582020523197,2,0.0689246374444733
2501,0.313725490196078,117.628992628993,2,0.064468105816688
2502,0.309990662931839,117.675964734788,2,0.060733876818506
2503,0.308309990662932,117.722936840584,2,0.0592650251358562
2504,0.308309990662932,117.76990894638,2,0.0592650251358562
2505,0.296545284780579,117.816881052175,2,0.0520650447117048
2506,0.293370681605976,117.863853157971,2,0.0509189307685379
2507,0.288515406162465,117.910825263766,2,0.0497356185505203
2508,0.28515406162465,117.957797369562,2,0.0493000130019728
2509,0.283473389355742,118.004769475358,2,0.0491966220595919
2510,0.282166199813259,118.051741581153,2,0.0491684581518394
2511,0.277310924369748,118.098713686949,2,0.0494641108542222
2512,0.273015873015873,118.145685792745,2,0.0502600007800556
2513,0.273762838468721,118.19265789854,2,0.0500847048886822
2514,0.268534080298786,118.239630004336,2,0.0516508008817765
2515,0.261811391223156,118.286602110132,2,0.0549108776390293
2516,0.257142857142857,118.333574215927,2,0.0581134249752955
2517,0.252847805788982,118.380546321723,2,0.0618485636237613
2518,0.251353874883287,118.427518427518,2,0.0633458759337096
2519,0.252474323062558,118.474490533314,2,0.0622127917661577
2520,0.251167133520075,118.52146263911,2,0.0635407314445801
2521,0.261437908496732,118.568434744905,2,0.0551369755403914
2522,0.273389355742297,118.615406850701,2,0.0501703823717999
2523,0.287955182072829,118.662378956497,2,0.0496416226324683
2524,0.295424836601307,118.709351062292,2,0.0516255924811971
2525,0.300093370681606,118.756323168088,2,0.0537199886875357
2526,0.29953314659197,118.803295273884,2,0.0534312445192983
2527,0.297105508870215,118.850267379679,2,0.0522994174204577
2528,0.29281045751634,118.897239485475,2,0.050747940618864
2529,0.29094304388422,118.94421159127,2,0.0502436224690843
2530,0.289635854341737,118.991183697066,2,0.0499496254638444
2531,0.290756302521008,119.038155802862,2,0.0501986743062524
2532,0.29094304388422,119.085127908657,2,0.0502436224690843
2533,0.292063492063492,119.132100014453,2,0.0505341740252807
2534,0.292997198879552,119.179072120249,2,0.0508039165520108
2535,0.2937441643324,119.226044226044,2,0.0510380491752555
2536,0.294491129785247,119.27301633184,2,0.0512887037957316
2537,0.298039215686275,119.319988437636,2,0.0527121388011574
2538,0.295611577964519,119.366960543431,2,0.0516961495109189
2539,0.291690009337068,119.413932649227,2,0.0504333323799185
2540,0.284780578898226,119.460904755022,2,0.0492704893036385
2541,0.279551820728291,119.507876860818,2,0.049249063347848
2542,0.27749766573296,119.554848966614,2,0.0494410086906956
2543,0.278804855275444,119.601821072409,2,0.0493057098012154
2544,0.281419234360411,119.648793178205,2,0.0491728507662298
2545,0.28422035480859,119.695765284001,2,0.049233225842932
2546,0.281045751633987,119.742737389796,2,0.049180634147584
2547,0.279365079365079,119.789709495592,2,0.0492618201592323
2548,0.276190476190476,119.836681601387,2,0.0496226570622689
2549,0.273389355742297,119.883653707183,2,0.0501703823717999
2550,0.269094304388422,119.930625812979,2,0.0514443619266107
2551,0.265919701213819,119.977597918774,2,0.0527428486856518
2552,0.262558356676004,120.02457002457,2,0.0544736062622271
2553,0.254154995331466,120.071542130366,2,0.0606251097440129
2554,0.248926237161531,120.118514236161,2,0.0660186664477454
2555,0.241083099906629,120.165486341957,2,0.0770041203623946
2556,0.236788048552754,120.212458447753,2,0.0848571635214699
2557,0.235107376283847,120.259430553548,2,0.0883540339210512
2558,0.235107376283847,120.306402659344,2,0.0883540339210512
2559,0.234547152194211,120.353374765139,2,0.0895775122311851
2560,0.233800186741363,120.400346870935,2,0.0912556874834801
2561,0.242016806722689,120.447318976731,2,0.0754846469765219
2562,0.239775910364146,120.494291082526,2,0.079239495270802
2563,0.237161531279178,120.541263188322,2,0.0841141962726157
2564,0.233800186741363,120.588235294118,2,0.0912556874834801
2565,0.233613445378151,120.635207399913,2,0.0916837741448257
2566,0.234733893557423,120.682179505709,2,0.0891663809517158
2567,0.236788048552754,120.729151611505,2,0.0848571635214699
2568,0.238842203548086,120.7761237173,2,0.0809167579190579
2569,0.246685340802988,120.823095823096,2,0.0687695715330685
2570,0.248552754435107,120.870067928891,2,0.0664575850912223
2571,0.249112978524743,120.917040034687,2,0.0658020548789591
2572,0.251540616246499,120.964012140483,2,0.0631527558527308
2573,0.257516339869281,121.010984246278,2,0.0578259416338399
2574,0.262371615312792,121.057956352074,2,0.0545810740767099
2575,0.267226890756303,121.10492845787,2,0.0521699955691933
2576,0.271148459383753,121.151900563665,2,0.0507679197479082
2577,0.273202614379085,121.198872669461,2,0.0502146977625659
2578,0.27563025210084,121.245844775257,2,0.0497148098206478
2579,0.279365079365079,121.292816881052,2,0.0492618201592323
2580,0.282726423902894,121.339788986848,2,0.0491749396023423
2581,0.281792717086835,121.386761092643,2,0.0491687923924774
2582,0.279551820728291,121.433733198439,2,0.049249063347848
2583,0.279738562091503,121.480705304235,2,0.0492372418827685
2584,0.281792717086835,121.52767741003,2,0.0491687923924774
2585,0.284593837535014,121.574649515826,2,0.0492571325919563
2586,0.284593837535014,121.621621621622,2,0.0492571325919563
2587,0.284593837535014,121.668593727417,2,0.0492571325919563
2588,0.28515406162465,121.715565833213,2,0.0493000130019728
2589,0.284033613445378,121.762537939009,2,0.0492226745168992
2590,0.281979458450047,121.809510044804,2,0.0491681597788267
2591,0.277871148459384,121.8564821506,2,0.0493976402747925
2592,0.274883286647993,121.903454256395,2,0.0498511361108581
2593,0.260504201680672,121.950426362191,2,0.0557243956068065
2594,0.259197012138189,121.997398467987,2,0.056601326402499
2595,0.258076563958917,122.044370573782,2,0.0574052995674464
2596,0.25546218487395,122.091342679578,2,0.0594788870812812
2597,0.250233426704015,122.138314785374,2,0.0645414473540731
2598,0.246125116713352,122.185286891169,2,0.0695026767025227
2599,0.240709617180205,122.232258996965,2,0.0776297039627185
2600,0.236788048552754,122.279231102761,2,0.0848571635214699
2601,0.23062558356676,122.326203208556,2,0.0990238260018801
2602,0.228011204481793,122.373175314352,2,0.106267340038494
2603,0.220915032679739,122.420147420147,2,0.130534392680781
2604,0.21437908496732,122.467119525943,2,0.160298793473223
2605,0.20859010270775,122.514091631739,2,0.194214427019552
2606,0.204295051353875,122.561063737534,2,0.22487060901155
2607,0.20093370681606,122.60803584333,2,0.252542086736247
2608,0.199253034547152,122.655007949126,2,0.267669637748032
2609,0.200373482726424,122.701980054921,2,0.257486833820397
2610,0.202240896358543,122.748952160717,2,0.241378767629667
2611,0.203361344537815,122.795924266513,2,0.232220120644216
2612,0.202801120448179,122.842896372308,2,0.236752705814215
2613,0.19906629318394,122.889868478104,2,0.269405114015481
2614,0.190102707749767,122.936840583899,2,0.365834654720639
2615,0.176844070961718,122.983812689695,1,0.548830412934532
2616,0.168814192343604,123.030784795491,1,0.667434131630018
2617,0.166013071895425,123.077756901286,1,0.70680417086175
2618,0.14733893557423,123.124729007082,1,0.901720101174677
2619,0.138562091503268,123.171701112878,1,0.948508084623181
2620,0.139495798319328,123.218673218673,1,0.944654696450934
2621,0.13781512605042,123.265645324469,1,0.951423260409595
2622,0.143977591036415,123.312617430265,1,0.922600499672609
2623,0.155368814192344,123.35958953606,1,0.834429954592833
2624,0.159103641456583,123.406561641856,1,0.794331452305671
2625,0.144724556489262,123.453533747651,1,0.918301931777377
2626,0.136507936507937,123.500505853447,1,0.956183575089522
2627,0.112605042016807,123.547477959243,1,0.994686488442545
2628,0.0851540616246499,123.594450065038,1,0.999697444187339
2629,0.0636788048552754,123.641422170834,1,0.999976270830123
2630,0.0399626517273576,123.68839427663,1,0.999998949548134
2631,0.0209150326797386,123.735366382425,1,0.999999931927119
2632,0.0136321195144725,123.782338488221,1,0.999999977363666
2633,0.0181139122315593,123.829310594016,1,0.99999995526782
2634,0.0169934640522876,123.876282699812,1,0.999999962231165
2635,0.0143790849673203,123.923254805608,1,0.999999974622178
2636,0.0145658263305322,123.970226911403,1,0.99999997388772
2637,0.0140056022408964,124.017199017199,1,0.999999976031132
2638,0.0151260504201681,124.064171122995,1,0.99999997155773
2639,0.0145658263305322,124.11114322879,1,0.99999997388772
2640,0.0168067226890756,124.158115334586,1,0.999999963283982
2641,0.0227824463118581,124.205087440382,1,0.999999910161509
2642,0.0233426704014939,124.252059546177,1,0.999999902402139
2643,0.0278244631185808,124.299031651973,1,0.999999811868727
2644,0.0360410830999066,124.346003757768,1,0.999999391779917
2645,0.0552754435107376,124.392975863564,1,0.999991843354553
2646,0.0898225957049486,124.43994796936,1,0.99949191212019
2647,0.125303454715219,124.486920075155,1,0.982872099824644
2648,0.149579831932773,124.533892180951,1,0.88550039821957
2649,0.179458450046685,124.580864286747,1,0.510220408985137
2650,0.2,124.627836392542,2,0.260837457907816
2651,0.219421101774043,124.674808498338,2,0.136640030120179
2652,0.228758169934641,124.721780604134,2,0.104114252822131
2653,0.233800186741363,124.768752709929,2,0.0912556874834801
2654,0.243137254901961,124.815724815725,2,0.0737425217574192
2655,0.252287581699346,124.86269692152,2,0.0623974034875031
2656,0.254154995331466,124.909669027316,2,0.0606251097440129
2657,0.255648926237162,124.956641133112,2,0.0593212522140275
2658,0.256022408963585,125.003613238907,2,0.059010473371388
2659,0.256582633053221,125.050585344703,2,0.0585553981688016
2660,0.256956115779645,125.097557450499,2,0.0582593078871831
2661,0.259757236227824,125.144529556294,2,0.0562175818075612
2662,0.260877684407096,125.19150166209,2,0.0554855932523183
2663,0.254154995331466,125.238473767886,2,0.0606251097440129
2664,0.246125116713352,125.285445873681,2,0.0695026767025227
2665,0.235667600373483,125.332417979477,2,0.0871599252791578
2666,0.216806722689076,125.379390085272,2,0.148288952687474
2667,0.191596638655462,125.426362191068,2,0.347986808222054
2668,0.173856209150327,125.473334296864,1,0.593375107799934
2669,0.168253968253968,125.520306402659,1,0.675442725403788
2670,0.170494864612512,125.567278508455,1,0.64308227412719
2671,0.174042950513539,125.614250614251,1,0.590591694299601
2672,0.177404295051354,125.661222720046,1,0.540508699019231
2673,0.184500466853408,125.708194825842,2,0.438529414925499
2674,0.175910364145658,125.755166931638,1,0.562735212585774
2675,0.166946778711485,125.802139037433,1,0.693877838163808
2676,0.156489262371615,125.849111143229,1,0.822981900916034
2677,0.140242763772176,125.896083249024,1,0.941397925362617
2678,0.126237161531279,125.94305535482,1,0.981411761036258
2679,0.126797385620915,125.990027460616,1,0.980482200814653
2680,0.136134453781513,126.036999566411,1,0.957467114070313
2681,0.142670401493931,126.083971672207,1,0.929677297794949
2682,0.15406162464986,126.130943778003,1,0.847144486463673
2683,0.156115779645191,126.177915883798,1,0.826854049870131
2684,0.141923436041083,126.224887989594,1,0.933475174007804
2685,0.128478057889823,126.27186009539,1,0.977435554017821
2686,0.120261437908497,126.318832201185,1,0.98910215011529
2687,0.10905695611578,126.365804306981,1,0.996237908752048
2688,0.0976657329598506,126.412776412776,1,0.998820080227863
2689,0.121755368814192,126.459748518572,1,0.987517642481241
2690,0.13109243697479,126.506720624368,1,0.971840055129474
2691,0.135574229691877,126.553692730163,1,0.959331081406485
2692,0.138188608776844,126.600664835959,1,0.949983897712445
2693,0.13874883286648,126.647636941755,1,0.947756300571343
2694,0.129785247432306,126.69460904755,1,0.974776592704551
2695,0.129411764705882,126.741581153346,1,0.975563618666304
2696,0.142483660130719,126.788553259142,1,0.930643219182323
2697,0.151820728291317,126.835525364937,1,0.867329007803821
2698,0.15499533146592,126.882497470733,1,0.838133370213509
2699,0.163398692810458,126.929469576528,1,0.741742471366451
2700,0.173669467787115,126.976441682324,1,0.596157332079207
2701,0.180018674136321,127.02341378812,1,0.502042046712244
2702,0.188795518207283,127.070385893915,2,0.382008392510904
2703,0.202987861811391,127.117357999711,2,0.23523150976475
2704,0.2171802054155,127.164330105507,2,0.146546070863675
2705,0.226704014939309,127.211302211302,2,0.110204863720613
2706,0.229505135387488,127.258274317098,2,0.102028998715633
2707,0.234173669467787,127.305246422894,2,0.0904098180200088
2708,0.235854341736695,127.352218528689,2,0.0867682998248893
2709,0.236414565826331,127.399190634485,2,0.0856123153180754
2710,0.236041083099907,127.44616274028,2,0.0863798390569449
2711,0.238655462184874,127.493134846076,2,0.0812605329075151
2712,0.23921568627451,127.540106951872,2,0.0802375930758139
2713,0.23734827264239,127.587079057667,2,0.0837472241440469
2714,0.235854341736695,127.634051163463,2,0.0867682998248893
2715,0.236414565826331,127.681023269259,2,0.0856123153180754
2716,0.237721755368814,127.727995375054,2,0.0830221891436359
2717,0.236974789915966,127.77496748085,2,0.0844841684188343
2718,0.234360410830999,127.821939586645,2,0.0899919826712268
2719,0.234360410830999,127.868911692441,2,0.0899919826712268
2720,0.238095238095238,127.915883798237,2,0.0823088837264627
2721,0.235667600373483,127.962855904032,2,0.0871599252791578
2722,0.236974789915966,128.009828009828,2,0.0844841684188344
2723,0.238655462184874,128.056800115624,2,0.0812605329075151
2724,0.237161531279178,128.103772221419,2,0.0841141962726157
2725,0.235480859010271,128.150744327215,2,0.0875547397351116
2726,0.23155929038282,128.197716433011,2,0.0966277518841238
2727,0.230065359477124,128.244688538806,2,0.1005083352163
2728,0.230438842203548,128.291660644602,2,0.0995146966335997
2729,0.227077497665733,128.338632750397,2,0.109057318064093
2730,0.224089635854342,128.385604856193,2,0.118770404586006
2731,0.219607843137255,128.432576961989,2,0.135855697087354
2732,0.212698412698413,128.479549067784,2,0.169343264277159
2733,0.207282913165266,128.52652117358,2,0.203014493308682
2734,0.203921568627451,128.573493279376,2,0.227779940951694
2735,0.203734827264239,128.620465385171,2,0.229249801507288
2736,0.205042016806723,128.667437490967,2,0.219172302919655
2737,0.216433239962652,128.714409596763,2,0.150059077449224
2738,0.225583566760037,128.761381702558,2,0.113759331264595
2739,0.239962651727358,128.808353808354,2,0.0789122202091792
2740,0.254715219421102,128.855325914149,2,0.0601246104055856
2741,0.267413632119514,128.902298019945,2,0.0520925740361366
2742,0.27843137254902,128.949270125741,2,0.0493396602514186
2743,0.28608776844071,128.996242231536,2,0.0493902550337541
2744,0.289262371615313,129.043214337332,2,0.0498744183171598
2745,0.28328664799253,129.090186443128,2,0.0491898035208692
2746,0.277684407096172,129.137158548923,2,0.0494188522296681
2747,0.270401493930906,129.184130654719,2,0.0509994242234107
2748,0.262931839402428,129.231102760515,2,0.0542623343252607
2749,0.256209150326797,129.27807486631,2,0.0588573114135444
2750,0.249299719887955,129.325046972106,2,0.0655873245365315
2751,0.243697478991597,129.372019077901,2,0.0729035704970234
2752,0.241456582633053,129.418991183697,2,0.076388780344514
2753,0.235480859010271,129.465963289493,2,0.0875547397351116
2754,0.233426704014939,129.512935395288,2,0.0921153308104121
2755,0.234920634920635,129.559907501084,2,0.0887585632927201
2756,0.239775910364146,129.60687960688,2,0.079239495270802
2757,0.243884220354809,129.653851712675,2,0.0726285622684626
2758,0.24593837535014,129.700823818471,2,0.0697512321046222
2759,0.243323996265173,129.747795924267,2,0.0734605332554606
2760,0.238095238095238,129.794768030062,2,0.0823088837264627
2761,0.237721755368814,129.841740135858,2,0.0830221891436359
2762,0.238468720821662,129.888712241653,2,0.0816071312172458
2763,0.23828197945845,129.935684347449,2,0.0819565742837832
2764,0.240336134453782,129.982656453245,2,0.0782656850407772
2765,0.244631185807656,130.02962855904,2,0.0715512944282782
2766,0.246498599439776,130.076600664836,2,0.0690118612283741
2767,0.241830065359477,130.123572770632,2,0.075783532694348
2768,0.233239962651727,130.170544876427,2,0.0925503842852885
2769,0.226890756302521,130.217516982223,2,0.109628802389428
2770,0.219047619047619,130.264489088019,2,0.13822724674034
2771,0.209150326797386,130.311461193814,2,0.190578705684634
2772,0.202240896358543,130.35843329961,2,0.241378767629667
2773,0.196825396825397,130.405405405405,2,0.291096292461962
2774,0.19813258636788,130.452377511201,2,0.278248260021297
2775,0.203174603174603,130.499349616997,2,0.233720661271608
2776,0.20765639589169,130.546321722792,2,0.20045428998907
2777,0.212324929971989,130.593293828588,2,0.171438589400118
2778,0.216806722689076,130.640265934384,2,0.148288952687474
2779,0.217553688141923,130.687238040179,2,0.144830055885282
2780,0.212511671335201,130.734210145975,2,0.170386960035616
2781,0.207843137254902,130.781182251771,2,0.199188055380486
2782,0.20672268907563,130.828154357566,2,0.206924857206381
2783,0.20765639589169,130.875126463362,2,0.20045428998907
2784,0.205975723622782,130.922098569157,2,0.212271454726489
2785,0.203174603174603,130.969070674953,2,0.233720661271608
2786,0.203734827264239,131.016042780749,2,0.229249801507288
2787,0.203734827264239,131.063014886544,2,0.229249801507288
2788,0.206349206349206,131.10998699234,2,0.209579030072783
2789,0.211577964519141,131.156959098136,2,0.175725444123708
2790,0.219047619047619,131.203931203931,2,0.13822724674034
2791,0.227077497665733,131.250903309727,2,0.109057318064093
2792,0.232866479925303,131.297875415522,2,0.093431089957311
2793,0.221475256769374,131.344847521318,2,0.128342000375692
2794,0.223716153127918,131.391819627114,2,0.120073700715415
2795,0.227450980392157,131.438791732909,2,0.107927941251321
2796,0.23062558356676,131.485763838705,2,0.0990238260018801
2797,0.233053221288515,131.532735944501,2,0.0929889615891319
2798,0.230999066293184,131.579708050296,2,0.0980538302553421
2799,0.228571428571429,131.626680156092,2,0.104646083676021
2800,0.226704014939309,131.673652261888,2,0.110204863720613
2801,0.233053221288515,131.720624367683,2,0.0929889615891319
2802,0.233053221288515,131.767596473479,2,0.0929889615891319
2803,0.233613445378151,131.814568579274,2,0.0916837741448257
2804,0.235107376283847,131.86154068507,2,0.0883540339210512
2805,0.233426704014939,131.908512790866,2,0.0921153308104121
2806,0.227450980392157,131.955484896661,2,0.107927941251321
2807,0.220728291316527,132.002457002457,2,0.1312767739168
2808,0.21624649859944,132.049429108253,2,0.150954474230666
2809,0.206535947712418,132.096401214048,2,0.208247185653961
2810,0.204481792717087,132.143373319844,2,0.223431052659864
2811,0.205228758169935,132.19034542564,2,0.217772546118045
2812,0.207096171802054,132.237317531435,2,0.204308558720339
2813,0.210830999066293,132.284289637231,2,0.180143245631232
2814,0.213071895424837,132.331261743026,2,0.167279473761988
2815,0.219047619047619,132.378233848822,2,0.13822724674034
2816,0.225396825396825,132.425205954618,2,0.114368427954263
2817,0.227637721755369,132.472178060413,2,0.107369979777838
2818,0.23249299719888,132.519150166209,2,0.0943261099129217
2819,0.241269841269841,132.566122272005,2,0.0766951794189658
2820,0.251727357609711,132.6130943778,2,0.0629613598013932
2821,0.259010270774977,132.660066483596,2,0.0567319188204655
2822,0.264425770308123,132.707038589392,2,0.0534652440819809
2823,0.267787114845938,132.754010695187,2,0.0519409983780119
2824,0.269281045751634,132.800982800983,2,0.0513776635990547
2825,0.273389355742297,132.847954906778,2,0.0501703823717999
2826,0.27563025210084,132.894927012574,2,0.0497148098206478
2827,0.273762838468721,132.94189911837,2,0.0500847048886822
2828,0.266106442577031,132.988871224165,2,0.0526576700588498
2829,0.258263305322129,133.035843329961,2,0.0572678754091131
2830,0.252287581699346,133.082815435757,2,0.0623974034875031
2831,0.245564892623716,133.129787541552,2,0.0702547133318309
2832,0.239962651727358,133.176759647348,2,0.0789122202091792
2833,0.242203548085901,133.223731753144,2,0.0751882288411789
2834,0.240522875816993,133.270703858939,2,0.0779463850928621
2835,0.235107376283847,133.317675964735,2,0.0883540339210512
2836,0.225210084033613,133.36464807053,2,0.114982389228899
2837,0.21344537815126,133.411620176326,2,0.16524681889048
2838,0.203361344537815,133.458592282122,2,0.232220120644216
2839,0.196451914098973,133.505564387917,2,0.294867994113622
2840,0.192530345471522,133.552536493713,2,0.337185819463032
2841,0.187488328664799,133.599508599509,2,0.398681815948587
2842,0.191223155929038,133.646480705304,2,0.352383937458716
2843,0.196825396825397,133.6934528111,2,0.291096292461962
2844,0.19813258636788,133.740424916896,2,0.278248260021297
2845,0.197012138188609,133.787397022691,2,0.289227282821733
2846,0.200186741363212,133.834369128487,2,0.259156713486258
2847,0.205975723622782,133.881341234282,2,0.212271454726489
2848,0.211391223155929,133.928313340078,2,0.176817492773133
2849,0.204108309990663,133.975285445874,2,0.226320224204005
2850,0.209150326797386,134.022257551669,2,0.190578705684634
2851,0.215499533146592,134.069229657465,2,0.154606070291741
2852,0.218860877684407,134.116201763261,2,0.139030219624792
2853,0.221475256769374,134.163173869056,2,0.128342000375692
2854,0.223529411764706,134.210145974852,2,0.1207331393784
2855,0.226330532212885,134.257118080648,2,0.111370858032386
2856,0.230252100840336,134.304090186443,2,0.100009522841583
2857,0.24500466853408,134.351062292239,2,0.0710260907034939
2858,0.255835667600373,134.398034398034,2,0.0591651173234552
2859,0.265919701213819,134.44500650383,2,0.0527428486856518
2860,0.26890756302521,134.491978609626,2,0.0515121150907433
2861,0.269094304388422,134.538950715421,2,0.0514443619266107
2862,0.266293183940243,134.585922821217,2,0.0525736132480194
2863,0.262371615312792,134.632894927013,2,0.0545810740767099
2864,0.254715219421102,134.679867032808,2,0.0601246104055856
2865,0.247245564892624,134.726839138604,2,0.0680549997340042
2866,0.245751633986928,134.773811244399,2,0.0700019059285297
2867,0.243884220354809,134.820783350195,2,0.0726285622684626
2868,0.248739495798319,134.867755455991,2,0.0662371721686944
2869,0.254901960784314,134.914727561786,2,0.0599608833477809
2870,0.254901960784314,134.961699667582,2,0.0599608833477808
2871,0.247245564892624,135.008671773378,2,0.0680549997340042
2872,0.239775910364146,135.055643879173,2,0.079239495270802
2873,0.238842203548086,135.102615984969,2,0.0809167579190579
2874,0.222408963585434,135.149588090765,2,0.12480132638778
2875,0.202614379084967,135.19656019656,2,0.238284288545978
2876,0.188422035480859,135.243532302356,2,0.386722207970912
2877,0.180765639589169,135.290504408151,2,0.491206296818514
2878,0.175350140056022,135.337476513947,1,0.571090972249283
2879,0.166946778711485,135.384448619743,1,0.693877838163809
2880,0.161531279178338,135.431420725538,1,0.765402175769004
2881,0.166946778711485,135.478392831334,1,0.693877838163808
2882,0.168814192343604,135.52536493713,1,0.667434131630018
2883,0.169934640522876,135.572337042925,1,0.651248869066636
2884,0.170121381886088,135.619309148721,1,0.648531708122255
2885,0.171988795518207,135.666281254517,1,0.621111307333313
2886,0.177217553688142,135.713253360312,1,0.543280406293591
2887,0.186367880485528,135.760225466108,2,0.413352725669251
2888,0.194584500466853,135.807197571903,2,0.314401634139926
2889,0.210644257703081,135.854169677699,2,0.181268532911139
2890,0.22296918767507,135.901141783495,2,0.122743089240161
2891,0.234547152194211,135.94811388929,2,0.0895775122311851
2892,0.235667600373483,135.995085995086,2,0.0871599252791578
2893,0.235667600373483,136.042058100882,2,0.0871599252791578
2894,0.244257703081232,136.089030206677,2,0.0720854083231277
2895,0.255835667600373,136.136002312473,2,0.0591651173234552
2896,0.261998132586368,136.182974418269,2,0.0547997036116263
2897,0.257142857142857,136.229946524064,2,0.0581134249752955
2898,0.251167133520075,136.27691862986,2,0.0635407314445801
2899,0.244070961718021,136.323890735655,2,0.072355847079465
2900,0.239402427637722,136.370862841451,2,0.0799021612584302
2901,0.236414565826331,136.417834947247,2,0.0856123153180754
2902,0.236414565826331,136.464807053042,2,0.0856123153180754
2903,0.238468720821662,136.511779158838,2,0.0816071312172458
2904,0.240336134453782,136.558751264634,2,0.0782656850407772
2905,0.237908496732026,136.605723370429,2,0.0826640813495945
2906,0.238655462184874,136.652695476225,2,0.0812605329075151
2907,0.242016806722689,136.699667582021,2,0.0754846469765219
2908,0.248739495798319,136.746639687816,2,0.0662371721686944
2909,0.253781512605042,136.793611793612,2,0.0609666385088302
2910,0.254715219421102,136.840583899407,2,0.0601246104055856
2911,0.249486461251167,136.887556005203,2,0.0653744626173509
2912,0.244444444444444,136.934528110999,2,0.0718172295422541
2913,0.250420168067227,136.981500216794,2,0.0643377397350447
2914,0.251167133520075,137.02847232259,2,0.0635407314445801
2915,0.250233426704015,137.075444428386,2,0.0645414473540731
2916,0.251914098972922,137.122416534181,2,0.0627716764907631
2917,0.253968253968254,137.169388639977,2,0.0607950812959601
2918,0.257516339869281,137.216360745773,2,0.0578259416338398
2919,0.259757236227824,137.263332851568,2,0.0562175818075612
2920,0.262371615312792,137.310304957364,2,0.0545810740767099
2921,0.257703081232493,137.357277063159,2,0.0576843246814786
2922,0.26031746031746,137.404249168955,2,0.0558457341196709
2923,0.259197012138189,137.451221274751,2,0.056601326402499
2924,0.251914098972922,137.498193380546,2,0.0627716764907631
2925,0.24500466853408,137.545165486342,2,0.0710260907034939
2926,0.24014939309057,137.592137592138,2,0.0785876234682432
2927,0.235294117647059,137.639109697933,2,0.0879527677093892
2928,0.230065359477124,137.686081803729,2,0.1005083352163
2929,0.222222222222222,137.733053909525,2,0.125498324067012
2930,0.212698412698413,137.78002601532,2,0.169343264277159
2931,0.198506069094304,137.826998121116,2,0.274677762463478
2932,0.179271708683473,137.873970226911,1,0.512955480750907
2933,0.158543417366947,137.920942332707,1,0.800695204355946
2934,0.133893557422969,137.967914438503,1,0.96450154964936
2935,0.109990662931839,138.014886544298,1,0.995876994569279
2936,0.0948646125116713,138.061858650094,1,0.999123104606065
2937,0.0915032679738562,138.10883075589,1,0.999389548324598
2938,0.0857142857142857,138.155802861685,1,0.999677812203488
2939,0.0909430438842204,138.202774967481,1,0.999425673072476
2940,0.106069094304388,138.249747073276,1,0.997203705029338
2941,0.121755368814192,138.296719179072,1,0.987517642481241
2942,0.138562091503268,138.343691284868,1,0.948508084623181
2943,0.164892623716153,138.390663390663,1,0.722017560720665
2944,0.191783380018674,138.437635496459,2,0.345804622701873
2945,0.210457516339869,138.484607602255,2,0.182402255348281
2946,0.217366946778711,138.53157970805,2,0.145684728411961
2947,0.22483660130719,138.578551813846,2,0.116225053946316
2948,0.227077497665733,138.625523919642,2,0.109057318064093
2949,0.230438842203548,138.672496025437,2,0.0995146966335997
2950,0.237161531279178,138.719468131233,2,0.0841141962726157
2951,0.241643323996265,138.766440237028,2,0.0760849043206787
2952,0.243697478991597,138.813412342824,2,0.0729035704970234
2953,0.242763772175537,138.86038444862,2,0.0743135990908095
2954,0.242016806722689,138.907356554415,2,0.0754846469765219
2955,0.244257703081232,138.954328660211,2,0.0720854083231277
2956,0.249486461251167,139.001300766007,2,0.0653744626173509
2957,0.253034547152194,139.048272871802,2,0.0616689258198332
2958,0.257516339869281,139.095244977598,2,0.0578259416338398
2959,0.26031746031746,139.142217083394,2,0.0558457341196709
2960,0.259197012138189,139.189189189189,2,0.056601326402499
2961,0.259757236227824,139.236161294985,2,0.0562175818075612
2962,0.259757236227824,139.28313340078,2,0.0562175818075612
2963,0.258263305322129,139.330105506576,2,0.0572678754091131
2964,0.257329598506069,139.377077612372,2,0.0579689723260847
2965,0.257889822595705,139.424049718167,2,0.0575441133399173
2966,0.261064425770308,139.471021823963,2,0.0553681158851345
2967,0.268534080298786,139.517993929759,2,0.0516508008817765
2968,0.273015873015873,139.564966035554,2,0.0502600007800556
2969,0.273762838468721,139.61193814135,2,0.0500847048886822
2970,0.271335200746965,139.658910247146,2,0.0507125958427698
2971,0.26797385620915,139.705882352941,2,0.0518668358874592
2972,0.266853408029879,139.752854458737,2,0.0523281274274719
2973,0.263865546218487,139.799826564532,2,0.0537552525117985
2974,0.259197012138189,139.846798670328,2,0.056601326402499
2975,0.25359477124183,139.893770776124,2,0.0611397913985614
2976,0.250046685340803,139.940742881919,2,0.064746961189402
2977,0.251540616246499,139.987714987715,2,0.0631527558527308
2978,0.250233426704015,140.034687093511,2,0.0645414473540731
2979,0.251353874883287,140.081659199306,2,0.0633458759337096
2980,0.250233426704015,140.128631305102,2,0.0645414473540731
2981,0.25266106442577,140.175603410898,2,0.0620298487264632
2982,0.252100840336134,140.222575516693,2,0.0625836947423937
2983,0.247619047619048,140.269547622489,2,0.0675887232273501
2984,0.244631185807656,140.316519728284,2,0.0715512944282782
2985,0.243323996265173,140.36349183408,2,0.0734605332554606
2986,0.238842203548086,140.410463939876,2,0.0809167579190579
2987,0.23249299719888,140.457436045671,2,0.0943261099129217
2988,0.228197945845005,140.504408151467,2,0.105722594230176
2989,0.225583566760037,140.551380257263,2,0.113759331264595
2990,0.225770308123249,140.598352363058,2,0.113155062361097
2991,0.227077497665733,140.645324468854,2,0.109057318064093
2992,0.226330532212885,140.69229657465,2,0.111370858032386
2993,0.225583566760037,140.739268680445,2,0.113759331264595
2994,0.224276377217554,140.786240786241,2,0.118126469386486
2995,0.230999066293184,140.833212892036,2,0.0980538302553421
2996,0.237908496732026,140.880184997832,2,0.0826640813495945
2997,0.236601307189542,140.927157103628,2,0.0852332047124592
2998,0.236974789915966,140.974129209423,2,0.0844841684188343
2999,0.242577030812325,141.021101315219,2,0.0746027228219726
3000,0.243323996265173,141.068073421015,2,0.0734605332554606
3001,0.251540616246499,141.11504552681,2,0.0631527558527308
3002,0.253034547152194,141.162017632606,2,0.0616689258198332
3003,0.25452847805789,141.208989738402,2,0.0602898840636293
3004,0.256956115779645,141.255961844197,2,0.0582593078871831
3005,0.257329598506069,141.302933949993,2,0.0579689723260847
3006,0.256956115779645,141.349906055788,2,0.0582593078871831
3007,0.256022408963585,141.396878161584,2,0.059010473371388
3008,0.255648926237162,141.44385026738,2,0.0593212522140275
3009,0.265919701213819,141.490822373175,2,0.0527428486856518
3010,0.260130718954248,141.537794478971,2,0.0559683733375263
3011,0.250606909430439,141.584766584767,2,0.0641358262463871
3012,0.241269841269841,141.631738690562,2,0.0766951794189658
3013,0.234360410830999,141.678710796358,2,0.0899919826712268
3014,0.232306255835668,141.725682902154,2,0.0947790570589809
3015,0.232866479925303,141.772655007949,2,0.093431089957311
3016,0.233800186741363,141.819627113745,2,0.0912556874834801
3017,0.240522875816993,141.86659921954,2,0.0779463850928621
3018,0.240522875816993,141.913571325336,2,0.0779463850928621
3019,0.240336134453782,141.960543431132,2,0.0782656850407772
3020,0.243697478991597,142.007515536927,2,0.0729035704970234
3021,0.248739495798319,142.054487642723,2,0.0662371721686944
3022,0.254154995331466,142.101459748519,2,0.0606251097440129
3023,0.256209150326797,142.148431854314,2,0.0588573114135444
3024,0.257329598506069,142.19540396011,2,0.0579689723260848
3025,0.238655462184874,142.242376065905,2,0.0812605329075151
3026,0.233053221288515,142.289348171701,2,0.0929889615891319
3027,0.228571428571429,142.336320277497,2,0.104646083676021
3028,0.223529411764706,142.383292383292,2,0.1207331393784
3029,0.216993464052288,142.430264489088,2,0.147414129981175
3030,0.211764705882353,142.477236594884,2,0.174641579624799
3031,0.211764705882353,142.524208700679,2,0.174641579624799
3032,0.214939309056956,142.571180806475,2,0.157419623308032
3033,0.217740429505135,142.618152912271,2,0.143982006728454
3034,0.212138188608777,142.665125018066,2,0.172498202396433
3035,0.210084033613445,142.712097123862,2,0.184695206331045
3036,0.200560224089636,142.759069229657,2,0.255827789663047
3037,0.181886087768441,142.806041335453,2,0.475120305709264
3038,0.168253968253968,142.853013441249,1,0.675442725403788
3039,0.161157796451914,142.899985547044,1,0.769991728288232
3040,0.153501400560224,142.94695765284,1,0.852381290682016
3041,0.151633986928105,142.993929758636,1,0.868919573770336
3042,0.145845004668534,143.040901864431,1,0.911493876557896
3043,0.144351073762838,143.087873970227,1,0.92047483190046
3044,0.145845004668534,143.134846076023,1,0.911493876557896
3045,0.140989729225023,143.181818181818,1,0.937980634340042
3046,0.135200746965453,143.228790287614,1,0.960533774789814
3047,0.139869281045752,143.275762393409,1,0.943046041638797
3048,0.150326797385621,143.322734499205,1,0.879663885897782
3049,0.179084967320261,143.369706605001,1,0.515694750435788
3050,0.196078431372549,143.416678710796,2,0.298684661335208
3051,0.210084033613445,143.463650816592,2,0.184695206331045
3052,0.210270774976657,143.510622922388,2,0.183544463109789
3053,0.207843137254902,143.557595028183,2,0.199188055380486
3054,0.206909430438842,143.604567133979,2,0.205611997417296
3055,0.207096171802054,143.651539239775,2,0.204308558720339
3056,0.20672268907563,143.69851134557,2,0.206924857206381
3057,0.218113912231559,143.745483451366,2,0.142305593250453
3058,0.226517273576097,143.792455557161,2,0.110785537155019
3059,0.228944911297852,143.839427662957,2,0.103586661241411
3060,0.227450980392157,143.886399768753,2,0.107927941251321
3061,0.226330532212885,143.933371874548,2,0.111370858032386
3062,0.220354808590103,143.980343980344,2,0.132779168376386
3063,0.21531279178338,144.02731608614,2,0.155536711624611
3064,0.219607843137255,144.074288191935,2,0.135855697087354
3065,0.214565826330532,144.121260297731,2,0.159331697947314
3066,0.214939309056956,144.168232403527,2,0.157419623308032
3067,0.214752567693744,144.215204509322,2,0.158371990870851
3068,0.212698412698413,144.262176615118,2,0.169343264277159
3069,0.208963585434174,144.309148720913,2,0.191781711556234
3070,0.204855275443511,144.356120826709,2,0.220581943409854
3071,0.202427637721755,144.403092932505,2,0.239826296503513
3072,0.200746965452848,144.4500650383,2,0.254179550933149
3073,0.197759103641457,144.497037144096,2,0.281863258169917
3074,0.197012138188609,144.544009249892,2,0.289227282821733
3075,0.197759103641457,144.590981355687,2,0.281863258169917
3076,0.202427637721755,144.637953461483,2,0.239826296503513
3077,0.210270774976657,144.684925567279,2,0.183544463109789
3078,0.217927170868347,144.731897673074,2,0.143140534575047
3079,0.222408963585434,144.77886977887,2,0.12480132638778
3080,0.224463118580766,144.825841884665,2,0.117487624679297
3081,0.22483660130719,144.872813990461,2,0.116225053946316
3082,0.224276377217554,144.919786096257,2,0.118126469386486
3083,0.225583566760037,144.966758202052,2,0.113759331264595
3084,0.228758169934641,145.013730307848,2,0.104114252822131
3085,0.233239962651727,145.060702413644,2,0.0925503842852885
3086,0.237908496732026,145.107674519439,2,0.0826640813495945
3087,0.242763772175537,145.154646625235,2,0.0743135990908095
3088,0.246685340802988,145.201618731031,2,0.0687695715330685
3089,0.253781512605042,145.248590836826,2,0.0609666385088302
3090,0.255088702147526,145.295562942622,2,0.0597986933721388
3091,0.255835667600373,145.342535048417,2,0.0591651173234552
3092,0.253408029878618,145.389507154213,2,0.0613145500828906
3093,0.250793650793651,145.436479260009,2,0.0639356949186001
3094,0.252287581699346,145.483451365804,2,0.0623974034875031
3095,0.250793650793651,145.5304234716,2,0.0639356949186001
3096,0.245564892623716,145.577395577396,2,0.0702547133318309
3097,0.241269841269841,145.624367683191,2,0.0766951794189658
3098,0.232679738562092,145.671339788987,2,0.09387679684194
3099,0.222595704948646,145.718311894783,2,0.124109815097326
3100,0.217553688141923,145.765284000578,2,0.144830055885282
3101,0.218300653594771,145.812256106374,2,0.141477136774853
3102,0.221288515406162,145.859228212169,2,0.129067048338353
3103,0.222782446311858,145.906200317965,2,0.123423749525391
3104,0.223155929038282,145.953172423761,2,0.122067794049012
3105,0.220728291316527,146.000144529556,2,0.1312767739168
3106,0.22203548085901,146.047116635352,2,0.126200849042926
3107,0.223155929038282,146.094088741148,2,0.122067794049012
3108,0.225210084033613,146.141060846943,2,0.114982389228899
3109,0.229131652661064,146.188032952739,2,0.103063276473514
3110,0.233800186741363,146.235005058534,2,0.0912556874834801
3111,0.237535014005602,146.28197716433,2,0.0833832292863641
3112,0.239775910364146,146.328949270126,2,0.079239495270802
3113,0.246311858076564,146.375921375921,2,0.0692562247038434
3114,0.255275443510738,146.422893481717,2,0.0596380310579742
3115,0.26311858076564,146.469865587513,2,0.0541585183365996
3116,0.266853408029879,146.516837693308,2,0.0523281274274719
3117,0.273576097105509,146.563809799104,2,0.0501270521987045
3118,0.279365079365079,146.6107819049,2,0.0492618201592323
3119,0.276190476190476,146.657754010695,2,0.0496226570622689
3120,0.267787114845938,146.704726116491,2,0.0519409983780119
3121,0.257516339869281,146.751698222286,2,0.0578259416338398
3122,0.251914098972922,146.798670328082,2,0.0627716764907631
3123,0.24593837535014,146.845642433878,2,0.0697512321046222
3124,0.244817927170868,146.892614539673,2,0.0712875868201946
3125,0.24780578898226,146.939586645469,2,0.0673585741639882
3126,0.252287581699346,146.986558751265,2,0.0623974034875031
3127,0.255835667600373,147.03353085706,2,0.0591651173234552
3128,0.256395891690009,147.080502962856,2,0.0587056225988576
3129,0.263492063492063,147.127475068652,2,0.0539544971964139
3130,0.26311858076564,147.174447174447,2,0.0541585183365996
3131,0.263678804855275,147.221419280243,2,0.0538542806111438
3132,0.264799253034547,147.268391386038,2,0.0532777478570513
3133,0.264052287581699,147.315363491834,2,0.0536574073586524
3134,0.261811391223156,147.36233559763,2,0.0549108776390293
3135,0.255088702147526,147.409307703425,2,0.0597986933721388
3136,0.250980392156863,147.456279809221,2,0.0637373338977446
3137,0.250233426704015,147.503251915017,2,0.0645414473540731
3138,0.247058823529412,147.550224020812,2,0.068291155190541
3139,0.243510737628385,147.597196126608,2,0.0731808885228359
3140,0.237908496732026,147.644168232404,2,0.0826640813495945
3141,0.23062558356676,147.691140338199,2,0.0990238260018801
3142,0.220168067226891,147.738112443995,2,0.133539267823948
3143,0.209710550887021,147.78508454979,2,0.187022499480707
3144,0.202427637721755,147.832056655586,2,0.239826296503513
3145,0.200560224089636,147.879028761382,2,0.255827789663047
3146,0.200186741363212,147.926000867177,2,0.259156713486258
3147,0.202054154995331,147.972972972973,2,0.242941739248333
3148,0.204668534080299,148.019945078769,2,0.222001511989041
3149,0.207282913165266,148.066917184564,2,0.203014493308682
3150,0.208776844070962,148.11388929036,2,0.192993602155707
3151,0.211951447245565,148.160861396156,2,0.173565849099223
3152,0.213632119514472,148.207833501951,2,0.164242042971906
3153,0.212324929971989,148.254805607747,2,0.171438589400118
3154,0.209710550887021,148.301777713542,2,0.187022499480707
3155,0.205415499533147,148.348749819338,2,0.216382628222315
3156,0.201680672268908,148.395721925134,2,0.246099330052525
3157,0.208963585434174,148.442694030929,2,0.191781711556234
3158,0.220354808590103,148.489666136725,2,0.132779168376386
3159,0.225583566760037,148.536638242521,2,0.113759331264595
3160,0.223716153127918,148.583610348316,2,0.120073700715415
3161,0.22390289449113,148.630582454112,2,0.119419468780527
3162,0.215126050420168,148.677554559908,2,0.156474546450954
3163,0.203548085901027,148.724526665703,2,0.230729847645086
3164,0.194397759103641,148.771498771499,2,0.31641690725523
3165,0.188608776844071,148.818470877294,2,0.384360229496635
3166,0.189542483660131,148.86544298309,2,0.372703718958152
3167,0.197759103641457,148.912415088886,2,0.281863258169917
3168,0.208963585434174,148.959387194681,2,0.191781711556234
3169,0.213071895424837,149.006359300477,2,0.167279473761988
3170,0.211577964519141,149.053331406273,2,0.175725444123708
3171,0.211951447245565,149.100303512068,2,0.173565849099223
3172,0.215126050420168,149.147275617864,2,0.156474546450954
3173,0.219047619047619,149.19424772366,2,0.13822724674034
3174,0.221288515406162,149.241219829455,2,0.129067048338353
3175,0.224649859943978,149.288191935251,2,0.11685383220474
3176,0.225770308123249,149.335164041046,2,0.113155062361097
3177,0.228197945845005,149.382136146842,2,0.105722594230176
3178,0.225770308123249,149.429108252638,2,0.113155062361097
3179,0.220168067226891,149.476080358433,2,0.133539267823948
3180,0.213818860877684,149.523052464229,2,0.163244901915187
3181,0.212138188608777,149.570024570025,2,0.172498202396433
3182,0.211951447245565,149.61699667582,2,0.173565849099223
3183,0.20952380952381,149.663968781616,2,0.188199149438129
3184,0.205042016806723,149.710940887411,2,0.219172302919655
3185,0.20765639589169,149.757912993207,2,0.20045428998907
3186,0.201120448179272,149.804885099003,2,0.250915365384793
3187,0.192903828197946,149.851857204798,2,0.332942770951544
3188,0.180205415499533,149.898829310594,2,0.499325423785801
3189,0.16750700280112,149.94580141639,1,0.686022674250947
3190,0.160597572362278,149.992773522185,1,0.776783144453417
3191,0.161531279178338,150.039745627981,1,0.765402175769004
3192,0.167693744164332,150.086717733777,1,0.683388738949674
3193,0.174416433239963,150.133689839572,1,0.585022085852076
3194,0.185060690943044,150.180661945368,2,0.430885664607362
3195,0.20093370681606,150.227634051163,2,0.252542086736247
3196,0.219981325863679,150.274606156959,2,0.13430535994061
3197,0.239028944911298,150.321578262755,2,0.0805757849989718
3198,0.261064425770308,150.36855036855,2,0.0553681158851345
3199,0.281979458450047,150.415522474346,2,0.0491681597788267
3200,0.295238095238095,150.462494580142,2,0.0515561002516743
3201,0.298225957049486,150.509466685937,2,0.0527980389751962
3202,0.297478991596639,150.556438791733,2,0.0524611685604221
3203,0.295051353874883,150.603410897529,2,0.051487669000104
3204,0.29187675070028,150.650383003324,2,0.0504832520798438
3205,0.286461251167134,150.69735510912,2,0.0494329454106063
3206,0.275443510737628,150.744327214915,2,0.0497474461506357
3207,0.264052287581699,150.791299320711,2,0.0536574073586524
3208,0.259943977591036,150.838271426507,2,0.0560923202202582
3209,0.255835667600373,150.885243532302,2,0.0591651173234552
3210,0.245378151260504,150.932215638098,2,0.0705096696123344
3211,0.236227824463119,150.979187743894,2,0.0859945188600922
3212,0.236414565826331,151.026159849689,2,0.0856123153180754
3213,0.239028944911298,151.073131955485,2,0.0805757849989718
3214,0.239028944911298,151.120104061281,2,0.0805757849989718
3215,0.235854341736695,151.167076167076,2,0.0867682998248893
3216,0.234920634920635,151.214048272872,2,0.0887585632927201
3217,0.234173669467787,151.261020378667,2,0.0904098180200088
3218,0.238095238095238,151.307992484463,2,0.0823088837264627
3219,0.241830065359477,151.354964590259,2,0.075783532694348
3220,0.245191409897292,151.401936696054,2,0.0707667902091038
3221,0.244631185807656,151.44890880185,2,0.0715512944282782
3222,0.242390289449113,151.495880907646,2,0.0748942601241459
3223,0.24014939309057,151.542853013441,2,0.0785876234682432
3224,0.23828197945845,151.589825119237,2,0.0819565742837832
3225,0.2468720821662,151.636797225033,2,0.0685293410110362
3226,0.245564892623716,151.683769330828,2,0.0702547133318309
3227,0.247432306255836,151.730741436624,2,0.0678208604370159
3228,0.253968253968254,151.777713542419,2,0.0607950812959601
3229,0.256582633053221,151.824685648215,2,0.0585553981688016
3230,0.256022408963585,151.871657754011,2,0.059010473371388
3231,0.258076563958917,151.918629859806,2,0.0574052995674465
3232,0.259383753501401,151.965601965602,2,0.0564720776569905
3233,0.256956115779645,152.012574071398,2,0.058259307887183
3234,0.247432306255836,152.059546177193,2,0.0678208604370159
3235,0.238468720821662,152.106518282989,2,0.0816071312172458
3236,0.230065359477124,152.153490388785,2,0.1005083352163
3237,0.219607843137255,152.20046249458,2,0.135855697087354
3238,0.208216619981326,152.247434600376,2,0.196683077070182
3239,0.188422035480859,152.294406706171,2,0.386722207970912
3240,0.165826330532213,152.341378811967,1,0.709363116297952
3241,0.140429505135387,152.388350917763,1,0.940558860101565
3242,0.10905695611578,152.435323023558,1,0.996237908752048
3243,0.080859010270775,152.482295129354,1,0.99981427195407
3244,0.0618113912231559,152.52926723515,1,0.999981218232713
3245,0.0397759103641457,152.576239340945,1,0.999998976325441
3246,0.0222222222222222,152.623211446741,1,0.999999917318802
3247,0.0138188608776844,152.670183552537,1,0.999999976706694
3248,0.0108309990662932,152.717155658332,1,0.99999998529745
3249,0.00728291316526611,152.764127764128,1,0.999999991543145
3250,0.00672268907563025,152.811099869923,1,0.999999992255386
3251,0.00765639589169001,152.858071975719,1,0.99999999103318
3252,0.00877684407096172,152.905044081515,1,0.999999989316355
3253,0.0100840336134454,152.95201618731,1,0.999999986905554
3254,0.0102707749766573,152.998988293106,1,0.999999986520416
3255,0.0140056022408964,153.045960398902,1,0.999999976031132
3256,0.0227824463118581,153.092932504697,1,0.999999910161509
3257,0.0364145658263305,153.139904610493,1,0.999999359046465
3258,0.0438842203548086,153.186876716289,1,0.999998201636573
3259,0.0511671335200747,153.233848822084,1,0.999995231262927
3260,0.0605042016806723,153.28082092788,1,0.999984072803238
3261,0.0752567693744164,153.327793033675,1,0.999903273249242
3262,0.0916900093370682,153.374765139471,1,0.99937703378964
3263,0.122875816993464,153.421737245267,1,0.9861933082114
3264,0.156489262371615,153.468709351062,1,0.822981900916034
3265,0.17703081232493,153.515681456858,1,0.546054372321132
3266,0.196451914098973,153.562653562654,2,0.294867994113622
3267,0.218674136321195,153.609625668449,2,0.139839495442301
3268,0.230812324929972,153.656597774245,2,0.0985368805861235
3269,0.235667600373483,153.70356988004,2,0.0871599252791578
3270,0.241830065359477,153.750541985836,2,0.075783532694348
3271,0.248926237161531,153.797514091632,2,0.0660186664477454
3272,0.252847805788982,153.844486197427,2,0.0618485636237613
3273,0.249299719887955,153.891458303223,2,0.0655873245365315
3274,0.253408029878618,153.938430409019,2,0.0613145500828906
3275,0.261811391223156,153.985402514814,2,0.0549108776390293
3276,0.269654528478058,154.03237462061,2,0.0512474168604736
3277,0.273576097105509,154.079346726406,2,0.0501270521987045
3278,0.279365079365079,154.126318832201,2,0.0492618201592323
3279,0.284033613445378,154.173290937997,2,0.0492226745168992
3280,0.288141923436041,154.220263043792,2,0.0496719958509664
3281,0.28608776844071,154.267235149588,2,0.0493902550337541
3282,0.287394957983193,154.314207255384,2,0.0495562359379126
3283,0.291316526610644,154.361179361179,2,0.0503364888924245
3284,0.296171802054155,154.408151466975,2,0.0519142485369991
3285,0.299906629318394,154.455123572771,2,0.0536225668933
3286,0.301960784313725,154.502095678566,2,0.0547600935411946
3287,0.30140056022409,154.549067784362,2,0.0544353222943836
3288,0.300093370681606,154.596039890158,2,0.0537199886875357
3289,0.297105508870215,154.643011995953,2,0.0522994174204577
3290,0.288888888888889,154.689984101749,2,0.049803087833654
3291,0.281792717086835,154.736956207544,2,0.0491687923924774
3292,0.278618113912232,154.78392831334,2,0.0493222153808113
3293,0.274509803921569,154.830900419136,2,0.0499250990829808
3294,0.268720821661998,154.877872524931,2,0.0515809268146454
3295,0.263865546218487,154.924844630727,2,0.0537552525117985
3296,0.26311858076564,154.971816736523,2,0.0541585183365996
3297,0.262931839402428,155.018788842318,2,0.0542623343252607
3298,0.253034547152194,155.065760948114,2,0.0616689258198332
3299,0.241269841269841,155.11273305391,2,0.0766951794189658
3300,0.231746031746032,155.159705159705,2,0.096159985138568
3301,0.225957049486461,155.206677265501,2,0.112555584688532
3302,0.218487394957983,155.253649371296,2,0.140655119366067
3303,0.209337068160598,155.300621477092,2,0.189384534894114
3304,0.202427637721755,155.347593582888,2,0.239826296503513
3305,0.196825396825397,155.394565688683,2,0.291096292461962
3306,0.2,155.441537794479,2,0.260837457907816
3307,0.205975723622782,155.488509900275,2,0.212271454726489
3308,0.214752567693744,155.53548200607,2,0.158371990870851
3309,0.220354808590103,155.582454111866,2,0.132779168376386
3310,0.228758169934641,155.629426217662,2,0.104114252822131
3311,0.242016806722689,155.676398323457,2,0.0754846469765219
3312,0.254154995331466,155.723370429253,2,0.0606251097440129
3313,0.259570494864613,155.770342535048,2,0.0563441652194859
3314,0.263492063492063,155.817314640844,2,0.0539544971964139
3315,0.267413632119514,155.86428674664,2,0.0520925740361366
3316,0.269094304388422,155.911258852435,2,0.0514443619266107
3317,0.26984126984127,155.958230958231,2,0.0511838613017694
3318,0.27077497665733,156.005203064027,2,0.0508816239713214
3319,0.274323062558357,156.052175169822,2,0.049963537404021
3320,0.27843137254902,156.099147275618,2,0.0493396602514186
3321,0.270214752567694,156.146119381414,2,0.0510598683801367
3322,0.271708683473389,156.193091487209,2,0.0506049893372002
3323,0.27563025210084,156.240063593005,2,0.0497148098206478
3324,0.280485527544351,156.2870356988,2,0.0491992974974431
3325,0.285340802987862,156.334007804596,2,0.0493161815806779
3326,0.287768440709617,156.380979910392,2,0.0496122059595717
3327,0.285901027077498,156.427952016187,2,0.0493703248522896
3328,0.284780578898226,156.474924121983,2,0.0492704893036385
3329,0.286274509803922,156.521896227779,2,0.0494111281776077
3330,0.283660130718954,156.568868333574,2,0.0492043731183541
3331,0.287208216619981,156.61584043937,2,0.0495296795628261
3332,0.288888888888889,156.662812545166,2,0.049803087833654
3333,0.28608776844071,156.709784650961,2,0.0493902550337541
3334,0.288141923436041,156.756756756757,2,0.0496719958509664
3335,0.291129785247432,156.803728862552,2,0.0502895598315317
3336,0.288328664799253,156.850700968348,2,0.0497033272584267
3337,0.285714285714286,156.897673074144,2,0.0493513365575593
3338,0.287955182072829,156.944645179939,2,0.0496416226324683
3339,0.290756302521008,156.991617285735,2,0.0501986743062524
3340,0.290382819794585,157.038589391531,2,0.0501117358577778
3341,0.289075630252101,157.085561497326,2,0.0498382694788196
3342,0.288888888888889,157.132533603122,2,0.049803087833654
3343,0.288702147525677,157.179505708918,2,0.0497688714753629
3344,0.288328664799253,157.226477814713,2,0.0497033272584267
3345,0.29187675070028,157.273449920509,2,0.0504832520798438
3346,0.289449112978525,157.320422026304,2,0.0499115363079994
3347,0.289822595704949,157.3673941321,2,0.0499886878505406
3348,0.289449112978525,157.414366237896,2,0.0499115363079994
3349,0.284593837535014,157.461338343691,2,0.0492571325919563
3350,0.276750700280112,157.508310449487,2,0.0495391042936444
3351,0.270214752567694,157.555282555283,2,0.0510598683801367
3352,0.269281045751634,157.602254661078,2,0.0513776635990547
3353,0.262558356676004,157.649226766874,2,0.0544736062622271
3354,0.253968253968254,157.696198872669,2,0.0607950812959601
3355,0.245751633986928,157.743170978465,2,0.0700019059285298
3356,0.242016806722689,157.790143084261,2,0.0754846469765219
3357,0.236041083099907,157.837115190056,2,0.0863798390569449
3358,0.222408963585434,157.884087295852,2,0.12480132638778
3359,0.207096171802054,157.931059401648,2,0.204308558720339
3360,0.197198879551821,157.978031507443,2,0.287369486965293
3361,0.183566760037348,158.025003613239,2,0.451430946386434
3362,0.187488328664799,158.071975719035,2,0.398681815948587
3363,0.19421101774043,158.11894782483,2,0.318443420180936
3364,0.204295051353875,158.165919930626,2,0.22487060901155
3365,0.21624649859944,158.212892036421,2,0.150954474230666
3366,0.226143790849673,158.259864142217,2,0.111960861935115
3367,0.232866479925303,158.306836248013,2,0.093431089957311
3368,0.236414565826331,158.353808353808,2,0.0856123153180754
3369,0.252474323062558,158.400780459604,2,0.0622127917661577
3370,0.249112978524743,158.4477525654,2,0.0658020548789591
3371,0.246685340802988,158.494724671195,2,0.0687695715330685
3372,0.250420168067227,158.541696776991,2,0.0643377397350447
3373,0.254154995331466,158.588668882787,2,0.0606251097440129
3374,0.259010270774977,158.635640988582,2,0.0567319188204655
3375,0.266666666666667,158.682613094378,2,0.0524088464959691
3376,0.273762838468721,158.729585200173,2,0.0500847048886822
3377,0.274323062558357,158.776557305969,2,0.049963537404021
3378,0.280485527544351,158.823529411765,2,0.0491992974974431
3379,0.281605975723623,158.87050151756,2,0.0491703560268687
3380,0.277124183006536,158.917473623356,2,0.0494881599679134
3381,0.276190476190476,158.964445729152,2,0.0496226570622689
3382,0.282166199813259,159.011417834947,2,0.0491684581518394
3383,0.285714285714286,159.058389940743,2,0.0493513365575593
3384,0.281792717086835,159.105362046539,2,0.0491687923924774
3385,0.282913165266106,159.152334152334,2,0.0491789625842718
3386,0.287581699346405,159.19930625813,2,0.0495837442410957
3387,0.287394957983193,159.246278363925,2,0.0495562359379126
3388,0.281792717086835,159.293250469721,2,0.0491687923924774
3389,0.27843137254902,159.340222575517,2,0.0493396602514186
3390,0.278991596638655,159.387194681312,2,0.049290142622342
3391,0.2765639589169,159.434166787108,2,0.0495660022585206
3392,0.271148459383753,159.481138892904,2,0.0507679197479082
3393,0.265359477124183,159.528110998699,2,0.0530051630510577
3394,0.265732959850607,159.575083104495,2,0.0528291538544873
3395,0.263305322128852,159.622055210291,2,0.0540559078778401
3396,0.257516339869281,159.669027316086,2,0.0578259416338398
3397,0.249112978524743,159.715999421882,2,0.0658020548789591
3398,0.24014939309057,159.762971527677,2,0.0785876234682432
3399,0.233239962651727,159.809943633473,2,0.0925503842852885
3400,0.228384687208217,159.856915739269,2,0.105182186500396
3401,0.223342670401494,159.903887845064,2,0.121397823999185
3402,0.231185807656396,159.95085995086,2,0.0975746451069836
3403,0.238655462184874,159.997832056656,2,0.0812605329075151
3404,0.244257703081232,160.044804162451,2,0.0720854083231277
3405,0.24780578898226,160.091776268247,2,0.0673585741639882
3406,0.251540616246499,160.138748374043,2,0.0631527558527308
3407,0.254154995331466,160.185720479838,2,0.0606251097440129
3408,0.25546218487395,160.232692585634,2,0.0594788870812812
3409,0.252474323062558,160.279664691429,2,0.0622127917661577
3410,0.258076563958917,160.326636797225,2,0.0574052995674464
3411,0.262558356676004,160.373608903021,2,0.0544736062622271
3412,0.26311858076564,160.420581008816,2,0.0541585183365996
3413,0.261064425770308,160.467553114612,2,0.0553681158851345
3414,0.258823529411765,160.514525220408,2,0.0568638623579436
3415,0.259383753501401,160.561497326203,2,0.0564720776569905
3416,0.261064425770308,160.608469431999,2,0.0553681158851345
3417,0.261811391223156,160.655441537795,2,0.0549108776390293
3418,0.26311858076564,160.70241364359,2,0.0541585183365996
3419,0.265172735760971,160.749385749386,2,0.0530948768606055
3420,0.267600373482726,160.796357855181,2,0.0520162430437339
3421,0.267040149393091,160.843329960977,2,0.0522485119196717
3422,0.261437908496732,160.890302066773,2,0.0551369755403914
3423,0.253034547152194,160.937274172568,2,0.0616689258198332
3424,0.245378151260504,160.984246278364,2,0.0705096696123344
3425,0.240522875816993,161.03121838416,2,0.0779463850928621
3426,0.233613445378151,161.078190489955,2,0.0916837741448257
3427,0.226330532212885,161.125162595751,2,0.111370858032386
3428,0.216993464052288,161.172134701546,2,0.147414129981175
3429,0.213632119514472,161.219106807342,2,0.164242042971906
3430,0.210084033613445,161.266078913138,2,0.184695206331045
3431,0.207469654528478,161.313051018933,2,0.201729753147977
3432,0.204855275443511,161.360023124729,2,0.220581943409854
3433,0.204295051353875,161.406995230525,2,0.22487060901155
3434,0.194584500466853,161.45396733632,2,0.314401634139926
3435,0.184873949579832,161.500939442116,2,0.433425219545273
3436,0.180392156862745,161.547911547912,2,0.496613818901035
3437,0.178151260504202,161.594883653707,1,0.529448098837693
3438,0.172735760971055,161.641855759503,1,0.610043718002256
3439,0.167320261437909,161.688827865298,1,0.68864895047831
3440,0.165266106442577,161.735799971094,1,0.71698445251758
3441,0.15406162464986,161.78277207689,1,0.847144486463673
3442,0.155182072829132,161.829744182685,1,0.836288721266126
3443,0.15406162464986,161.876716288481,1,0.847144486463673
3444,0.15219421101774,161.923688394277,1,0.864105842950373
3445,0.147712418300654,161.970660500072,1,0.899148735153732
3446,0.144351073762838,162.017632605868,1,0.92047483190046
3447,0.139869281045752,162.064604711664,1,0.943046041638797
3448,0.137441643323996,162.111576817459,1,0.952826838640065
3449,0.139495798319328,162.158548923255,1,0.944654696450934
3450,0.129411764705882,162.20552102905,1,0.975563618666304
3451,0.129598506069094,162.252493134846,1,0.975172903692974
3452,0.137068160597572,162.299465240642,1,0.954195296012049
3453,0.132959850606909,162.346437346437,1,0.967116479520079
3454,0.113725490196078,162.393409452233,1,0.994083880887764
3455,0.080859010270775,162.440381558029,1,0.99981427195407
3456,0.0494864612511671,162.487353663824,1,0.999996182014427
3457,0.0242763772175537,162.53432576962,1,0.999999887996805
3458,0.0169934640522876,162.581297875416,1,0.999999962231165
3459,0.0112044817927171,162.628269981211,1,0.999999984422651
3460,0.0123249299719888,162.675242087007,1,0.999999981482231
3461,0.03828197945845,162.722214192802,1,0.9999991679746
3462,0.0937441643323996,162.769186298598,1,0.999222265316957
3463,0.146591970121382,162.816158404394,1,0.906708294458864
3464,0.179831932773109,162.863130510189,1,0.504763527071201
3465,0.210084033613445,162.910102615985,2,0.184695206331045
3466,0.222595704948646,162.957074721781,2,0.124109815097326
3467,0.236041083099907,163.004046827576,2,0.0863798390569449
3468,0.244257703081232,163.051018933372,2,0.0720854083231277
3469,0.251540616246499,163.097991039168,2,0.0631527558527308
3470,0.259943977591036,163.144963144963,2,0.0560923202202582
3471,0.268160597572362,163.191935250759,2,0.0517937514826983
3472,0.270961718020542,163.238907356554,2,0.0508242614312002
3473,0.266106442577031,163.28587946235,2,0.0526576700588498
3474,0.269654528478058,163.332851568146,2,0.0512474168604736
3475,0.274696545284781,163.379823673941,2,0.0498876326624722
3476,0.27843137254902,163.426795779737,2,0.0493396602514186
3477,0.283099906629318,163.473767885533,2,0.0491839171348078
3478,0.284407096171802,163.520739991328,2,0.0492447116615821
3479,0.285527544351074,163.567712097124,2,0.0493332891249239
3480,0.286461251167134,163.61468420292,2,0.0494329454106063
3481,0.30046685340803,163.661656308715,2,0.0539183807139193
3482,0.297852474323063,163.708628414511,2,0.0526273634648866
3483,0.296918767507003,163.755600520306,2,0.0522201970313302
3484,0.300840336134454,163.802572626102,2,0.0541215411064978
3485,0.306816059757236,163.849544731898,2,0.0580613999946144
3486,0.311111111111111,163.896516837693,2,0.0617838817450019
3487,0.312231559290383,163.943488943489,2,0.062893063926495
3488,0.310364145658263,163.990461049285,2,0.0610774424631676
3489,0.310177404295051,164.03743315508,2,0.0609048636061854
3490,0.310737628384687,164.084405260876,2,0.0614274168117344
3491,0.309803921568627,164.131377366672,2,0.0605644721205549
3492,0.308496732026144,164.178349472467,2,0.0594221204412353
3493,0.312605042016807,164.225321578263,2,0.063276343603383
3494,0.317460317460317,164.272293684058,2,0.0689246374444733
3495,0.317086834733894,164.319265789854,2,0.0684435939165965
3496,0.315032679738562,164.36623789565,2,0.0659406821086959
3497,0.320634920634921,164.413210001445,2,0.0733598674694715
3498,0.321008403361345,164.460182107241,2,0.0739245124121353
3499,0.318394024276377,164.507154213037,2,0.0701637049152783
3500,0.315032679738562,164.554126318832,2,0.0659406821086959
3501,0.311297852474323,164.601098424628,2,0.0619645742221637
3502,0.307563025210084,164.648070530423,2,0.0586515215478575
3503,0.302894491129785,164.695042636219,2,0.0553262506598357
3504,0.29953314659197,164.742014742015,2,0.0534312445192983
3505,0.302521008403361,164.78898684781,2,0.055096019286589
3506,0.301960784313725,164.835958953606,2,0.0547600935411946
3507,0.304575163398693,164.882931059402,2,0.0564260016380203
3508,0.310177404295051,164.929903165197,2,0.0609048636061854
3509,0.31484593837535,164.976875270993,2,0.0657247474115741
3510,0.315406162464986,165.023847376789,2,0.066378233000113
3511,0.310737628384687,165.070819482584,2,0.0614274168117344
3512,0.305322128851541,165.11779158838,2,0.0569491500890896
3513,0.300280112044818,165.164763694175,2,0.0538185914562357
3514,0.301774042950514,165.211735799971,2,0.0546506053136995
3515,0.302707749766573,165.258707905767,2,0.0552105026010141
3516,0.302894491129785,165.305680011562,2,0.0553262506598357
3517,0.299906629318394,165.352652117358,2,0.0536225668933
3518,0.296918767507003,165.399624223154,2,0.0522201970313302
3519,0.294677871148459,165.446596328949,2,0.0513539744438269
3520,0.293183940242764,165.493568434745,2,0.0508609122301142
3521,0.286461251167134,165.540540540541,2,0.0494329454106063
3522,0.281419234360411,165.587512646336,2,0.0491728507662298
3523,0.280298786181139,165.634484752132,2,0.0492073834453093
3524,0.283473389355742,165.681456857927,2,0.0491966220595919
3525,0.287768440709617,165.728428963723,2,0.0496122059595717
3526,0.29094304388422,165.775401069519,2,0.0502436224690843
3527,0.296358543417367,165.822373175314,2,0.0519891042098264
3528,0.303641456582633,165.86934528111,2,0.0558020223219485
3529,0.308496732026144,165.916317386906,2,0.0594221204412353
3530,0.307376283846872,165.963289492701,2,0.0585018207366282
3531,0.307749766573296,166.010261598497,2,0.0588026836217121
3532,0.310737628384687,166.057233704293,2,0.0614274168117344
3533,0.31391223155929,166.104205810088,2,0.0646729697930399
3534,0.314285714285714,166.151177915884,2,0.0650881520990992
3535,0.314285714285714,166.198150021679,2,0.0650881520990992
3536,0.31391223155929,166.245122127475,2,0.0646729697930399
3537,0.312791783380019,166.292094233271,2,0.0634705747479657
3538,0.31391223155929,166.339066339066,2,0.0646729697930399
3539,0.31577964519141,166.386038444862,2,0.0668234465425977
3540,0.319327731092437,166.433010550658,2,0.0714563636515044
3541,0.323996265172736,166.479982656453,2,0.0787953775820489
3542,0.328851540616246,166.526954762249,2,0.0882095986730434
3543,0.331465919701214,166.573926868045,2,0.0941643825389322
3544,0.332773109243697,166.62089897384,2,0.0974035470858287
3545,0.326050420168067,166.667871079636,2,0.082536225935356
3546,0.32922502334267,166.714843185431,2,0.0890195878430968
3547,0.332399626517274,166.761815291227,2,0.0964593829728337
3548,0.33109243697479,166.808787397023,2,0.0932719483781778
3549,0.325676937441643,166.855759502818,2,0.0818307898685239
3550,0.322875816993464,166.902731608614,2,0.0768929118833297
3551,0.321381886087768,166.94970371441,2,0.0744986459226265
3552,0.322875816993464,166.996675820205,2,0.0768929118833297
3553,0.324929971988796,167.043647926001,2,0.0804540497127297
3554,0.319887955182073,167.090620031797,2,0.0722584941046984
3555,0.313725490196078,167.137592137592,2,0.064468105816688
3556,0.306442577030812,167.184564243388,2,0.0577749366062872
3557,0.29859943977591,167.231536349183,2,0.0529732329748121
3558,0.290196078431373,167.278508454979,2,0.0500697408475617
3559,0.283099906629318,167.325480560775,2,0.0491839171348078
3560,0.278244631185808,167.37245266657,2,0.0493580453541359
3561,0.273576097105509,167.419424772366,2,0.0501270521987045
3562,0.273576097105509,167.466396878162,2,0.0501270521987045
3563,0.272642390289449,167.513368983957,2,0.0503535796048479
3564,0.270401493930906,167.560341089753,2,0.0509994242234107
3565,0.270028011204482,167.607313195548,2,0.0511213462837183
3566,0.273576097105509,167.654285301344,2,0.0501270521987045
3567,0.281232492997199,167.70125740714,2,0.049176276744949
3568,0.286461251167134,167.748229512935,2,0.0494329454106063
3569,0.284780578898226,167.795201618731,2,0.0492704893036385
3570,0.295611577964519,167.842173724527,2,0.0516961495109189
3571,0.304575163398693,167.889145830322,2,0.0564260016380202
3572,0.305135387488329,167.936117936118,2,0.0568163365508923
3573,0.303081232492997,167.983090041914,2,0.055443270004307
3574,0.305508870214753,168.030062147709,2,0.0570833271477951
3575,0.315219421101774,168.077034253505,2,0.0661585063032317
3576,0.32250233426704,168.1240063593,2,0.0762793945861942
3577,0.325303454715219,168.170978465096,2,0.0811367883591544
3578,0.321195144724557,168.217950570892,2,0.0742103843800012
3579,0.318020541549953,168.264922676687,2,0.0696617537151958
3580,0.320634920634921,168.311894782483,2,0.0733598674694715
3581,0.325676937441643,168.358866888279,2,0.0818307898685239
3582,0.329038281979458,168.405838994074,2,0.0886129536367767
3583,0.326797385620915,168.45281109987,2,0.0839821033213066
3584,0.3234360410831,168.499783205666,2,0.0778323911180728
3585,0.324556489262372,168.546755311461,2,0.0797824051500991
3586,0.324556489262372,168.593727417257,2,0.0797824051500991
3587,0.324556489262372,168.640699523052,2,0.0797824051500991
3588,0.324929971988796,168.687671628848,2,0.0804540497127297
3589,0.324929971988796,168.734643734644,2,0.0804540497127297
3590,0.323249299719888,168.781615840439,2,0.0775166454222947
3591,0.320261437908497,168.828587946235,2,0.0728045731842414
3592,0.317086834733894,168.875560052031,2,0.0684435939165965
3593,0.315592903828198,168.922532157826,2,0.0665998753284768
3594,0.311297852474323,168.969504263622,2,0.0619645742221637
3595,0.302521008403361,169.016476369418,2,0.055096019286589
3596,0.297105508870215,169.063448475213,2,0.0522994174204577
3597,0.294304388422035,169.110420581009,2,0.0512244794382307
3598,0.287955182072829,169.157392686804,2,0.0496416226324683
3599,0.282166199813259,169.2043647926,2,0.0491684581518394
3600,0.282913165266106,169.251336898396,2,0.0491789625842718
3601,0.281605975723623,169.298309004191,2,0.0491703560268687
3602,0.278244631185808,169.345281109987,2,0.0493580453541359
3603,0.275443510737628,169.392253215783,2,0.0497474461506357
3604,0.274323062558357,169.439225321578,2,0.049963537404021
3605,0.273949579831933,169.486197427374,2,0.0500433381414044
3606,0.275070028011205,169.53316953317,2,0.0498156074497388
3607,0.27749766573296,169.580141638965,2,0.0494410086906956
3608,0.280672268907563,169.627113744761,2,0.0491921442137733
3609,0.286834733893557,169.674085850556,2,0.0494794169071077
3610,0.288888888888889,169.721057956352,2,0.049803087833654
3611,0.292436974789916,169.768030062148,2,0.05063903581171
3612,0.295051353874883,169.815002167943,2,0.051487669000104
3613,0.295238095238095,169.861974273739,2,0.0515561002516743
3614,0.289635854341737,169.908946379535,2,0.0499496254638444
3615,0.285901027077498,169.95591848533,2,0.0493703248522896
3616,0.284033613445378,170.002890591126,2,0.0492226745168992
3617,0.272268907563025,170.049862696922,2,0.0504511392150859
3618,0.277124183006536,170.096834802717,2,0.0494881599679134
3619,0.280672268907563,170.143806908513,2,0.0491921442137733
3620,0.280298786181139,170.190779014308,2,0.0492073834453093
3621,0.277684407096172,170.237751120104,2,0.0494188522296681
3622,0.274509803921569,170.2847232259,2,0.0499250990829808
3623,0.275816993464052,170.331695331695,2,0.0496831339968536
3624,0.278057889822596,170.378667437491,2,0.0493773716809455
3625,0.282166199813259,170.425639543287,2,0.0491684581518394
3626,0.28515406162465,170.472611649082,2,0.0493000130019728
3627,0.28608776844071,170.519583754878,2,0.0493902550337541
3628,0.287394957983193,170.566555860674,2,0.0495562359379126
3629,0.295051353874883,170.613527966469,2,0.051487669000104
3630,0.295798319327731,170.660500072265,2,0.051767775223847
3631,0.295051353874883,170.70747217806,2,0.051487669000104
3632,0.298225957049486,170.754444283856,2,0.0527980389751962
3633,0.303267973856209,170.801416389652,2,0.0555615672526611
3634,0.304014939309057,170.848388495447,2,0.0560476703728925
3635,0.303267973856209,170.895360601243,2,0.0555615672526611
3636,0.301774042950514,170.942332707039,2,0.0546506053136995
3637,0.301587301587302,170.989304812834,2,0.0545423502613896
3638,0.303641456582633,171.03627691863,2,0.0558020223219485
3639,0.306442577030812,171.083249024426,2,0.0577749366062872
3640,0.309430438842204,171.130221130221,2,0.0602303695786985
3641,0.312418300653595,171.177193236017,2,0.0630838437829561
3642,0.311858076563959,171.224165341812,2,0.062516619218973
3643,0.309617180205416,171.271137447608,2,0.0603966396335379
3644,0.307376283846872,171.318109553404,2,0.0585018207366282
3645,0.306069094304388,171.365081659199,2,0.0574941165510055
3646,0.303081232492997,171.412053764995,2,0.055443270004307
3647,0.297105508870215,171.459025870791,2,0.0522994174204577
3648,0.292436974789916,171.505997976586,2,0.05063903581171
3649,0.295051353874883,171.552970082382,2,0.051487669000104
3650,0.294491129785247,171.599942188177,2,0.0512887037957316
3651,0.293370681605976,171.646914293973,2,0.0509189307685379
3652,0.292063492063492,171.693886399769,2,0.0505341740252807
3653,0.289075630252101,171.740858505564,2,0.0498382694788196
3654,0.280112044817927,171.78783061136,2,0.0492164024930776
3655,0.269281045751634,171.834802717156,2,0.0513776635990547
3656,0.261624649859944,171.881774822951,2,0.0550232995018222
3657,0.253781512605042,171.928746928747,2,0.0609666385088302
3658,0.253034547152194,171.975719034543,2,0.0616689258198332
3659,0.256209150326797,172.022691140338,2,0.0588573114135444
3660,0.264425770308123,172.069663246134,2,0.0534652440819809
3661,0.270028011204482,172.116635351929,2,0.0511213462837183
3662,0.271335200746965,172.163607457725,2,0.0507125958427698
3663,0.274696545284781,172.210579563521,2,0.0498876326624722
3664,0.279551820728291,172.257551669316,2,0.049249063347848
3665,0.281232492997199,172.304523775112,2,0.049176276744949
3666,0.284033613445378,172.351495880908,2,0.0492226745168992
3667,0.288328664799253,172.398467986703,2,0.0497033272584267
3668,0.289635854341737,172.445440092499,2,0.0499496254638444
3669,0.287394957983193,172.492412198295,2,0.0495562359379126
3670,0.285340802987862,172.53938430409,2,0.0493161815806779
3671,0.290009337068161,172.586356409886,2,0.0500287255874386
3672,0.296918767507003,172.633328515681,2,0.0522201970313302
3673,0.307749766573296,172.680300621477,2,0.0588026836217121
3674,0.312605042016807,172.727272727273,2,0.063276343603383
3675,0.312605042016807,172.774244833068,2,0.063276343603383
3676,0.311671335200747,172.821216938864,2,0.0623309321993211
3677,0.31484593837535,172.86818904466,2,0.0657247474115741
3678,0.313725490196078,172.915161150455,2,0.064468105816688
3679,0.312605042016807,172.962133256251,2,0.063276343603383
3680,0.31671335200747,173.009105362047,2,0.0679707086774366
3681,0.319701213818861,173.056077467842,2,0.0719888686020781
3682,0.317647058823529,173.103049573638,2,0.0691682547099436
3683,0.314098972922502,173.150021679433,2,0.0648796477942144
3684,0.315219421101774,173.196993785229,2,0.0661585063032317
3685,0.316339869281046,173.243965891025,2,0.0675058679390395
3686,0.311297852474323,173.29093799682,2,0.0619645742221637
3687,0.311671335200747,173.337910102616,2,0.0623309321993211
3688,0.31671335200747,173.384882208412,2,0.0679707086774366
3689,0.310737628384687,173.431854314207,2,0.0614274168117344
3690,0.306442577030812,173.478826420003,2,0.0577749366062872
3691,0.303081232492997,173.525798525799,2,0.055443270004307
3692,0.299159663865546,173.572770631594,2,0.0532445816087422
3693,0.297105508870215,173.61974273739,2,0.0522994174204577
3694,0.295985060690943,173.666714843185,2,0.0518404735640558
3695,0.301027077497666,173.713686948981,2,0.0542249236239341
3696,0.304575163398693,173.760659054777,2,0.0564260016380203
3697,0.313725490196078,173.807631160572,2,0.064468105816688
3698,0.312044817927171,173.854603266368,2,0.0627039927848276
3699,0.309617180205416,173.901575372164,2,0.0603966396335379
3700,0.304388422035481,173.948547477959,2,0.0562985671759522
3701,0.29953314659197,173.995519583755,2,0.0534312445192983
3702,0.29281045751634,174.042491689551,2,0.050747940618864
3703,0.28608776844071,174.089463795346,2,0.0493902550337541
3704,0.281605975723623,174.136435901142,2,0.0491703560268687
3705,0.273389355742297,174.183408006937,2,0.0501703823717999
3706,0.26890756302521,174.230380112733,2,0.0515121150907433
3707,0.261624649859944,174.277352218529,2,0.0550232995018222
3708,0.249299719887955,174.324324324324,2,0.0655873245365315
3709,0.227264239028945,174.37129643012,2,0.108490375889277
3710,0.202427637721755,174.418268535916,2,0.239826296503513
3711,0.18562091503268,174.465240641711,2,0.42331845892286
3712,0.179645191409897,174.512212747507,1,0.507489702514337
3713,0.181699346405229,174.559184853303,2,0.477786202446343
3714,0.181699346405229,174.606156959098,2,0.477786202446343
3715,0.183940242763772,174.653129064894,2,0.446246737962137
3716,0.188795518207283,174.700101170689,2,0.382008392510904
3717,0.194957983193277,174.747073276485,2,0.310404835573773
3718,0.200746965452848,174.794045382281,2,0.254179550933149
3719,0.210830999066293,174.841017488076,2,0.180143245631232
3720,0.219421101774043,174.887989593872,2,0.136640030120179
3721,0.219421101774043,174.934961699668,2,0.136640030120179
3722,0.224089635854342,174.981933805463,2,0.118770404586006
3723,0.23155929038282,175.028905911259,2,0.0966277518841238
3724,0.237908496732026,175.075878017055,2,0.0826640813495945
3725,0.245564892623716,175.12285012285,2,0.0702547133318309
3726,0.252100840336134,175.169822228646,2,0.0625836947423937
3727,0.256769374416433,175.216794334441,2,0.0584066294567238
3728,0.259943977591036,175.263766440237,2,0.0560923202202582
3729,0.261064425770308,175.310738546033,2,0.0553681158851345
3730,0.261998132586368,175.357710651828,2,0.0547997036116263
3731,0.26218487394958,175.404682757624,2,0.0546897711543777
3732,0.259570494864613,175.45165486342,2,0.0563441652194859
3733,0.255648926237162,175.498626969215,2,0.0593212522140275
3734,0.253034547152194,175.545599075011,2,0.0616689258198332
3735,0.253781512605042,175.592571180806,2,0.0609666385088302
3736,0.254715219421102,175.639543286602,2,0.0601246104055856
3737,0.268720821661998,175.686515392398,2,0.0515809268146454
3738,0.269654528478058,175.733487498193,2,0.0512474168604736
3739,0.274509803921569,175.780459603989,2,0.0499250990829808
3740,0.280859010270775,175.827431709785,2,0.0491859232088771
3741,0.284967320261438,175.87440381558,2,0.0492847825167433
3742,0.286647992530345,175.921375921376,2,0.0494557079106963
3743,0.287955182072829,175.968348027172,2,0.0496416226324683
3744,0.288888888888889,176.015320132967,2,0.049803087833654
3745,0.288888888888889,176.062292238763,2,0.049803087833654
3746,0.286647992530345,176.109264344558,2,0.0494557079106963
3747,0.28515406162465,176.156236450354,2,0.0493000130019728
3748,0.282726423902894,176.20320855615,2,0.0491749396023423
3749,0.28328664799253,176.250180661945,2,0.0491898035208692
3750,0.289075630252101,176.297152767741,2,0.0498382694788196
3751,0.296358543417367,176.344124873537,2,0.0519891042098264
3752,0.302521008403361,176.391096979332,2,0.055096019286589
3753,0.296545284780579,176.438069085128,2,0.0520650447117048
3754,0.291316526610644,176.485041190924,2,0.0503364888924245
3755,0.292250233426704,176.532013296719,2,0.0505861009919777
3756,0.292623716153128,176.578985402515,2,0.0506929813725035
3757,0.285901027077498,176.62595750831,2,0.0493703248522896
3758,0.282166199813259,176.672929614106,2,0.0491684581518394
3759,0.27563025210084,176.719901719902,2,0.0497148098206478
3760,0.265732959850607,176.766873825697,2,0.0528291538544873
3761,0.267040149393091,176.813845931493,2,0.0522485119196717
3762,0.261624649859944,176.860818037289,2,0.0550232995018222
3763,0.259383753501401,176.907790143084,2,0.0564720776569905
3764,0.263865546218487,176.95476224888,2,0.0537552525117985
3765,0.270214752567694,177.001734354676,2,0.0510598683801367
3766,0.270401493930906,177.048706460471,2,0.0509994242234107
3767,0.271895424836601,177.095678566267,2,0.0505527008636526
3768,0.272455648926237,177.142650672062,2,0.0504018605042767
3769,0.279925303454715,177.189622777858,2,0.049226355126771
3770,0.270214752567694,177.236594883654,2,0.0510598683801367
3771,0.261998132586368,177.283566989449,2,0.0547997036116263
3772,0.25359477124183,177.330539095245,2,0.0611397913985614
3773,0.243697478991597,177.377511201041,2,0.0729035704970234
3774,0.234920634920635,177.424483306836,2,0.0887585632927201
3775,0.216619981325864,177.471455412632,2,0.149170586084433
3776,0.192903828197946,177.518427518428,2,0.332942770951544
3777,0.178338001867414,177.565399624223,1,0.526690405270423
3778,0.16171802054155,177.612371730019,1,0.763089113039282
3779,0.138188608776844,177.659343835814,1,0.949983897712445
3780,0.120821661998133,177.70631594161,1,0.988531031099271
3781,0.11577964519141,177.753288047406,1,0.992810662535371
3782,0.127917833800187,177.800260153201,1,0.978495723283394
3783,0.149766573295985,177.847232258997,1,0.884061738362943
3784,0.166386554621849,177.894204364793,1,0.701659473830137
3785,0.195891690009337,177.941176470588,2,0.300609873084279
3786,0.202240896358543,177.988148576384,2,0.241378767629667
3787,0.212885154061625,178.03512068218,2,0.168307452154936
3788,0.222782446311858,178.082092787975,2,0.123423749525391
3789,0.231932773109244,178.129064893771,2,0.0956959662314575
3790,0.243137254901961,178.176036999566,2,0.0737425217574192
3791,0.254715219421102,178.223009105362,2,0.0601246104055856
3792,0.262931839402428,178.269981211158,2,0.0542623343252607
3793,0.263678804855275,178.316953316953,2,0.0538542806111438
3794,0.265919701213819,178.363925422749,2,0.0527428486856518
3795,0.269094304388422,178.410897528545,2,0.0514443619266107
3796,0.26984126984127,178.45786963434,2,0.0511838613017694
3797,0.26890756302521,178.504841740136,2,0.0515121150907433
3798,0.269654528478058,178.551813845932,2,0.0512474168604736
3799,0.273762838468721,178.598785951727,2,0.0500847048886822
3800,0.27749766573296,178.645758057523,2,0.0494410086906956
3801,0.277871148459384,178.692730163318,2,0.0493976402747925
3802,0.279925303454715,178.739702269114,2,0.049226355126771
3803,0.282913165266106,178.78667437491,2,0.0491789625842718
3804,0.283660130718954,178.833646480705,2,0.0492043731183541
3805,0.284407096171802,178.880618586501,2,0.0492447116615821
3806,0.284780578898226,178.927590692297,2,0.0492704893036385
3807,0.28515406162465,178.974562798092,2,0.0493000130019728
3808,0.286647992530345,179.021534903888,2,0.0494557079106963
3809,0.295611577964519,179.068507009684,2,0.0516961495109189
3810,0.301027077497666,179.115479115479,2,0.0542249236239341
3811,0.305695611577965,179.162451221275,2,0.0572188753949912
3812,0.309990662931839,179.20942332707,2,0.060733876818506
3813,0.311111111111111,179.256395432866,2,0.0617838817450019
3814,0.309803921568627,179.303367538662,2,0.0605644721205549
3815,0.307936507936508,179.350339644457,2,0.0589553156836575
3816,0.30718954248366,179.397311750253,2,0.0583535725541937
3817,0.303828197945845,179.444283856049,2,0.0559241937689156
3818,0.296732026143791,179.491255961844,2,0.0521420742341444
3819,0.29094304388422,179.53822806764,2,0.0502436224690843
3820,0.292997198879552,179.585200173435,2,0.0508039165520108
3821,0.30046685340803,179.632172279231,2,0.0539183807139193
3822,0.304201680672269,179.679144385027,2,0.0561724591448587
3823,0.298786181139122,179.726116490822,2,0.0530625365345776
3824,0.293557422969188,179.773088596618,2,0.0509779753400863
3825,0.295424836601307,179.820060702414,2,0.0516255924811971
3826,0.296171802054155,179.867032808209,2,0.0519142485369991
3827,0.295424836601307,179.914004914005,2,0.0516255924811971
3828,0.293930905695612,179.960977019801,2,0.0510991555624892
3829,0.29281045751634,180.007949125596,2,0.050747940618864
3830,0.294117647058824,180.054921231392,2,0.0511612978484392
3831,0.297665732959851,180.101893337187,2,0.0525437082637946
3832,0.301587301587302,180.148865442983,2,0.0545423502613896
3833,0.298039215686275,180.195837548779,2,0.0527121388011574
3834,0.29281045751634,180.242809654574,2,0.050747940618864
3835,0.285340802987862,180.28978176037,2,0.0493161815806779
3836,0.279551820728291,180.336753866166,2,0.049249063347848
3837,0.277310924369748,180.383725971961,2,0.0494641108542222
3838,0.279365079365079,180.430698077757,2,0.0492618201592323
3839,0.282352941176471,180.477670183553,2,0.049169687527588
3840,0.28422035480859,180.524642289348,2,0.049233225842932
3841,0.291690009337068,180.571614395144,2,0.0504333323799185
3842,0.297105508870215,180.618586500939,2,0.0522994174204577
3843,0.303641456582633,180.665558606735,2,0.0558020223219485
3844,0.309617180205416,180.712530712531,2,0.0603966396335379
3845,0.312044817927171,180.759502818326,2,0.0627039927848276
3846,0.316526610644258,180.806474924122,2,0.0677372897746259
3847,0.320261437908497,180.853447029918,2,0.0728045731842413
3848,0.324183006535948,180.900419135713,2,0.0791216887700287
3849,0.324743230625584,180.947391241509,2,0.08011685110678
3850,0.324556489262372,180.994363347305,2,0.0797824051500991
3851,0.325303454715219,181.0413354531,2,0.0811367883591544
3852,0.326984126984127,181.088307558896,2,0.0843509957831271
3853,0.331839402427638,181.135279664691,2,0.0950713130684839
3854,0.339309056956116,181.182251770487,2,0.116627515628236
3855,0.346591970121382,181.229223876283,2,0.145377122072434
3856,0.352380952380952,181.276195982078,2,0.175335380099938
3857,0.355368814192344,181.323168087874,2,0.193775099962413
3858,0.352567693744164,181.37014019367,2,0.176424484731589
3859,0.347525676937442,181.417112299465,2,0.149739302547729
3860,0.340989729225023,181.464084405261,2,0.122500032070288
3861,0.334640522875817,181.511056511057,2,0.102358673674229
3862,0.328104575163399,181.558028616852,2,0.0866284732275079
3863,0.32156862745098,181.605000722648,2,0.074789314668751
3864,0.31577964519141,181.651972828443,2,0.0668234465425977
3865,0.308870214752568,181.698944934239,2,0.0597408377048551
3866,0.299719887955182,181.745917040035,2,0.0535263206289257
3867,0.290569561157796,181.79288914583,2,0.0501547128989771
3868,0.285901027077498,181.839861251626,2,0.0493703248522896
3869,0.283846872082166,181.886833357422,2,0.0492130571148051
3870,0.279738562091503,181.933805463217,2,0.0492372418827685
3871,0.271148459383753,181.980777569013,2,0.0507679197479082
3872,0.261998132586368,182.027749674809,2,0.0547997036116263
3873,0.268347338935574,182.074721780604,2,0.0517217411361622
3874,0.259010270774977,182.1216938864,2,0.0567319188204655
3875,0.255835667600374,182.168665992195,2,0.0591651173234552
3876,0.262558356676004,182.215638097991,2,0.0544736062622271
3877,0.267600373482726,182.262610203787,2,0.0520162430437339
3878,0.263305322128852,182.309582309582,2,0.0540559078778401
3879,0.261998132586368,182.356554415378,2,0.0547997036116263
3880,0.265732959850607,182.403526521174,2,0.0528291538544873
3881,0.275256769374416,182.450498626969,2,0.0497810447537952
3882,0.281979458450047,182.497470732765,2,0.0491681597788267
3883,0.289635854341737,182.544442838561,2,0.0499496254638444
3884,0.291316526610644,182.591414944356,2,0.0503364888924245
3885,0.288702147525677,182.638387050152,2,0.0497688714753629
3886,0.288328664799253,182.685359155947,2,0.0497033272584267
3887,0.293557422969188,182.732331261743,2,0.0509779753400863
3888,0.29953314659197,182.779303367539,2,0.0534312445192983
3889,0.295611577964519,182.826275473334,2,0.0516961495109189
3890,0.295424836601307,182.87324757913,2,0.0516255924811971
3891,0.302147525676937,182.920219684926,2,0.0548708211077625
3892,0.307749766573296,182.967191790721,2,0.0588026836217121
3893,0.30905695611578,183.014163896517,2,0.0599024781463117
3894,0.313352007469655,183.061136002313,2,0.0640637714113667
3895,0.310177404295051,183.108108108108,2,0.0609048636061854
3896,0.298225957049486,183.155080213904,2,0.0527980389751962
3897,0.296358543417367,183.202052319699,2,0.0519891042098264
3898,0.285527544351074,183.249024425495,2,0.0493332891249239
3899,0.275443510737628,183.295996531291,2,0.0497474461506357
3900,0.269281045751634,183.342968637086,2,0.0513776635990547
3901,0.266479925303455,183.389940742882,2,0.0524906735923608
3902,0.258823529411765,183.436912848678,2,0.0568638623579436
3903,0.244257703081232,183.483884954473,2,0.0720854083231277
3904,0.23155929038282,183.530857060269,2,0.0966277518841238
3905,0.220541549953315,183.577829166064,2,0.132025018148956
3906,0.201493930905696,183.62480127186,2,0.247694020623125
3907,0.180765639589169,183.671773377656,2,0.491206296818514
3908,0.171988795518207,183.718745483451,1,0.621111307333313
3909,0.170868347338936,183.765717589247,1,0.637613968311887
3910,0.173109243697479,183.812689695043,1,0.604494899711147
3911,0.173856209150327,183.859661800838,1,0.593375107799934
3912,0.174976657329599,183.906633906634,1,0.576663658470307
3913,0.176844070961718,183.95360601243,1,0.548830412934532
3914,0.185060690943044,184.000578118225,2,0.430885664607362
3915,0.196265172735761,184.047550224021,2,0.296770703490144
3916,0.204481792717087,184.094522329816,2,0.223431052659864
3917,0.209710550887021,184.141494435612,2,0.187022499480707
3918,0.21531279178338,184.188466541408,2,0.155536711624611
3919,0.226890756302521,184.235438647203,2,0.109628802389428
3920,0.236414565826331,184.282410752999,2,0.0856123153180754
3921,0.250980392156863,184.329382858795,2,0.0637373338977446
3922,0.26218487394958,184.37635496459,2,0.0546897711543777
3923,0.268347338935574,184.423327070386,2,0.0517217411361622
3924,0.26984126984127,184.470299176182,2,0.0511838613017694
3925,0.274323062558357,184.517271281977,2,0.049963537404021
3926,0.276190476190476,184.564243387773,2,0.0496226570622689
3927,0.284033613445378,184.611215493568,2,0.0492226745168992
3928,0.295051353874883,184.658187599364,2,0.051487669000104
3929,0.300280112044818,184.70515970516,2,0.0538185914562357
3930,0.309803921568627,184.752131810955,2,0.0605644721205549
3931,0.316900093370682,184.799103916751,2,0.0682061386724798
3932,0.318954248366013,184.846076022547,2,0.0709327458055365
3933,0.322689075630252,184.893048128342,2,0.0765848856878647
3934,0.32922502334267,184.940020234138,2,0.0890195878430968
3935,0.333520074696545,184.986992339934,2,0.0993380125569742
3936,0.332586367880486,185.033964445729,2,0.0969295672584829
3937,0.335200746965453,185.080936551525,2,0.103924352795415
3938,0.332586367880486,185.12790865732,2,0.0969295672584829
3939,0.327917833800187,185.174880763116,2,0.0862411427399329
3940,0.324556489262372,185.221852868912,2,0.0797824051500991
3941,0.318580765639589,185.268824974707,2,0.0704178879449078
3942,0.3062558356676,185.315797080503,2,0.0576338252218091
3943,0.287021475256769,185.362769186299,2,0.0495040736804526
3944,0.272642390289449,185.409741292094,2,0.0503535796048479
3945,0.26218487394958,185.45671339789,2,0.0546897711543777
3946,0.249673202614379,185.503685503686,2,0.0651634564400834
3947,0.233986928104575,185.550657609481,2,0.0908310442348812
3948,0.223342670401494,185.597629715277,2,0.121397823999185
3949,0.214192343604108,185.644601821072,2,0.161273326507141
3950,0.205415499533147,185.691573926868,2,0.216382628222315
3951,0.201307189542484,185.738546032664,2,0.24929935441827
3952,0.200746965452848,185.785518138459,2,0.254179550933149
3953,0.215126050420168,185.832490244255,2,0.156474546450954
3954,0.217366946778711,185.879462350051,2,0.145684728411961
3955,0.220168067226891,185.926434455846,2,0.133539267823948
3956,0.225770308123249,185.973406561642,2,0.113155062361097
3957,0.229505135387488,186.020378667438,2,0.102028998715633
3958,0.227450980392157,186.067350773233,2,0.107927941251321
3959,0.219047619047619,186.114322879029,2,0.13822724674034
3960,0.211577964519141,186.161294984824,2,0.175725444123708
3961,0.210644257703081,186.20826709062,2,0.181268532911139
3962,0.210457516339869,186.255239196416,2,0.182402255348281
3963,0.215873015873016,186.302211302211,2,0.152766174674214
3964,0.222595704948646,186.349183408007,2,0.124109815097326
3965,0.22390289449113,186.396155513803,2,0.119419468780527
3966,0.222222222222222,186.443127619598,2,0.125498324067012
3967,0.219794584500467,186.490099725394,2,0.135077488397747
3968,0.219421101774043,186.53707183119,2,0.136640030120179
3969,0.216433239962652,186.584043936985,2,0.150059077449224
3970,0.214939309056956,186.631016042781,2,0.157419623308032
3971,0.212511671335201,186.677988148576,2,0.170386960035616
3972,0.209150326797386,186.724960254372,2,0.190578705684634
3973,0.205975723622782,186.771932360168,2,0.212271454726489
3974,0.203734827264239,186.818904465963,2,0.229249801507288
3975,0.201307189542484,186.865876571759,2,0.24929935441827
3976,0.201493930905696,186.912848677555,2,0.247694020623125
3977,0.195891690009337,186.95982078335,2,0.300609873084279
3978,0.192717086834734,187.006792889146,2,0.335058744805772
3979,0.19327731092437,187.053764994941,2,0.328744212377694
3980,0.198692810457516,187.100737100737,2,0.272909154052064
3981,0.205228758169935,187.147709206533,2,0.217772546118045
3982,0.212511671335201,187.194681312328,2,0.170386960035616
3983,0.223716153127918,187.241653418124,2,0.120073700715415
3984,0.233426704014939,187.28862552392,2,0.0921153308104121
3985,0.237721755368814,187.335597629715,2,0.083022189143636
3986,0.239589169000934,187.382569735511,2,0.0795694688347869
3987,0.251540616246499,187.429541841307,2,0.0631527558527308
3988,0.268720821661998,187.476513947102,2,0.0515809268146454
3989,0.276190476190476,187.523486052898,2,0.0496226570622689
3990,0.278057889822596,187.570458158693,2,0.0493773716809455
3991,0.287768440709617,187.617430264489,2,0.0496122059595717
3992,0.301027077497666,187.664402370285,2,0.0542249236239341
3993,0.299719887955182,187.71137447608,2,0.0535263206289257
3994,0.306069094304388,187.758346581876,2,0.0574941165510055
3995,0.310737628384687,187.805318687672,2,0.0614274168117344
3996,0.313538748832866,187.852290793467,2,0.06426504370414
3997,0.317086834733894,187.899262899263,2,0.0684435939165965
3998,0.320634920634921,187.946235005059,2,0.0733598674694715
3999,0.328664799253035,187.993207110854,2,0.087809497898197
4000,0.338375350140056,188.04017921665,2,0.113541835332019
4001,0.335947712418301,188.087151322445,2,0.106071266201985
4002,0.33874883286648,188.134123428241,2,0.114761405106778
4003,0.342857142857143,188.181095534037,2,0.12953480600578
4004,0.34547152194211,188.228067639832,2,0.14036156385585
4005,0.346591970121382,188.275039745628,2,0.145377122072434
4006,0.344164332399627,188.322011851424,2,0.134799584432633
4007,0.341736694677871,188.368983957219,2,0.125247456737877
4008,0.339495798319328,188.415956063015,2,0.117259503556209
4009,0.33688141923436,188.462928168811,2,0.10885325579779
4010,0.341363211951447,188.509900274606,2,0.123862881933992
4011,0.341923436041083,188.556872380402,2,0.125947992602663
4012,0.339309056956116,188.603844486197,2,0.116627515628236
4013,0.341363211951447,188.650816591993,2,0.123862881933992
4014,0.342296918767507,188.697788697789,2,0.127365766555884
4015,0.335947712418301,188.744760803584,2,0.106071266201985
4016,0.325863678804855,188.79173290938,2,0.0821820677364432
4017,0.320074696545285,188.838705015176,2,0.0725303901144089
4018,0.314659197012138,188.885677120971,2,0.0655106893302167
4019,0.304575163398693,188.932649226767,2,0.0564260016380203
4020,0.293557422969188,188.979621332563,2,0.0509779753400863
4021,0.284780578898226,189.026593438358,2,0.0492704893036385
4022,0.269281045751634,189.073565544154,2,0.0513776635990547
4023,0.246685340802988,189.120537649949,2,0.0687695715330685
4024,0.227450980392157,189.167509755745,2,0.107927941251321
4025,0.196825396825397,189.214481861541,2,0.291096292461962
4026,0.173295985060691,189.261453967336,1,0.601717425203841
4027,0.14453781512605,189.308426073132,1,0.919394323740025
4028,0.121755368814192,189.355398178928,1,0.987517642481241
4029,0.104388422035481,189.402370284723,1,0.997639049894732
4030,0.0935574229691877,189.449342390519,1,0.999237719733741
4031,0.0946778711484594,189.496314496315,1,0.999140425147099
4032,0.101960784313725,189.54328660211,1,0.998156511876693
4033,0.109430438842204,189.590258707906,1,0.99609725005641
4034,0.119887955182073,189.637230813701,1,0.98946821417555
4035,0.135947712418301,189.684202919497,1,0.958096534254011
4036,0.149579831932773,189.731175025293,1,0.88550039821957
4037,0.161531279178338,189.778147131088,1,0.765402175769004
4038,0.17703081232493,189.825119236884,1,0.546054372321132
4039,0.19421101774043,189.87209134268,2,0.318443420180936
4040,0.205228758169935,189.919063448475,2,0.217772546118045
4041,0.214565826330532,189.966035554271,2,0.159331697947314
4042,0.225583566760037,190.013007660067,2,0.113759331264595
4043,0.237535014005602,190.059979765862,2,0.083383229286364
4044,0.247619047619048,190.106951871658,2,0.0675887232273501
4045,0.259197012138189,190.153923977453,2,0.056601326402499
4046,0.268534080298786,190.200896083249,2,0.0516508008817765
4047,0.272642390289449,190.247868189045,2,0.0503535796048479
4048,0.274136321195145,190.29484029484,2,0.0500029497106287
4049,0.274323062558357,190.341812400636,2,0.049963537404021
4050,0.271708683473389,190.388784506432,2,0.0506049893372002
4051,0.268347338935574,190.435756612227,2,0.0517217411361622
4052,0.269094304388422,190.482728718023,2,0.0514443619266107
4053,0.274509803921569,190.529700823819,2,0.0499250990829808
4054,0.28422035480859,190.576672929614,2,0.049233225842932
4055,0.294491129785247,190.62364503541,2,0.0512887037957316
4056,0.301027077497666,190.670617141205,2,0.0542249236239341
4057,0.303454715219421,190.717589247001,2,0.0556811491006265
4058,0.304761904761905,190.764561352797,2,0.0565547697841748
4059,0.304014939309057,190.811533458592,2,0.0560476703728925
4060,0.303454715219421,190.858505564388,2,0.0556811491006265
4061,0.305135387488329,190.905477670184,2,0.0568163365508923
4062,0.30718954248366,190.952449775979,2,0.0583535725541937
4063,0.308870214752568,190.999421881775,2,0.0597408377048551
4064,0.311297852474323,191.04639398757,2,0.0619645742221637
4065,0.303267973856209,191.093366093366,2,0.0555615672526611
4066,0.297478991596639,191.140338199162,2,0.0524611685604221
4067,0.288888888888889,191.187310304957,2,0.049803087833654
4068,0.278057889822596,191.234282410753,2,0.0493773716809455
4069,0.260877684407096,191.281254516549,2,0.0554855932523183
4070,0.238095238095238,191.328226622344,2,0.0823088837264627
4071,0.217927170868347,191.37519872814,2,0.143140534575047
4072,0.204855275443511,191.422170833936,2,0.220581943409854
4073,0.194957983193277,191.469142939731,2,0.310404835573773
4074,0.190849673202614,191.516115045527,2,0.356824503643961
4075,0.188235294117647,191.563087151322,2,0.389094261290446
4076,0.190662931839402,191.610059257118,2,0.359060978252609
4077,0.19813258636788,191.657031362914,2,0.278248260021297
4078,0.207282913165266,191.704003468709,2,0.203014493308682
4079,0.217927170868347,191.750975574505,2,0.143140534575047
4080,0.227450980392157,191.797947680301,2,0.107927941251321
4081,0.249486461251167,191.844919786096,2,0.0653744626173509
4082,0.257329598506069,191.891891891892,2,0.0579689723260847
4083,0.267413632119514,191.938863997688,2,0.0520925740361366
4084,0.273576097105509,191.985836103483,2,0.0501270521987045
4085,0.276190476190476,192.032808209279,2,0.0496226570622689
4086,0.278991596638655,192.079780315074,2,0.049290142622342
4087,0.283099906629318,192.12675242087,2,0.0491839171348078
4088,0.28608776844071,192.173724526666,2,0.0493902550337541
4089,0.278057889822596,192.220696632461,2,0.0493773716809455
4090,0.278057889822596,192.267668738257,2,0.0493773716809455
4091,0.277124183006536,192.314640844053,2,0.0494881599679134
4092,0.2765639589169,192.361612949848,2,0.0495660022585206
4093,0.278057889822596,192.408585055644,2,0.0493773716809455
4094,0.281045751633987,192.45555716144,2,0.049180634147584
4095,0.282539682539683,192.502529267235,2,0.0491718479722959
4096,0.281045751633987,192.549501373031,2,0.049180634147584
4097,0.282539682539683,192.596473478826,2,0.0491718479722959
4098,0.280298786181139,192.643445584622,2,0.0492073834453093
4099,0.273762838468721,192.690417690418,2,0.0500847048886822
4100,0.258636788048553,192.737389796213,2,0.0569971645451624
4101,0.242203548085901,192.784361902009,2,0.0751882288411789
4102,0.222782446311858,192.831334007805,2,0.123423749525391
4103,0.202240896358543,192.8783061136,2,0.241378767629667
4104,0.187488328664799,192.925278219396,2,0.398681815948587
4105,0.16750700280112,192.972250325192,1,0.686022674250947
4106,0.137068160597572,193.019222430987,1,0.954195296012049
4107,0.0935574229691877,193.066194536783,1,0.999237719733741
4108,0.0567693744164332,193.113166642578,1,0.99999010900063
4109,0.0321195144724556,193.160138748374,1,0.9999996509149
4110,0.0196078431372549,193.20711085417,1,0.999999944009065
4111,0.0179271708683473,193.254082959965,1,0.999999956509546
4112,0.0207282913165266,193.301055065761,1,0.999999933796991
4113,0.0408963585434174,193.348027171557,1,0.999998805138252
4114,0.0887021475256769,193.394999277352,1,0.999550837006337
4115,0.151447245564893,193.441971383148,1,0.870496163010916
4116,0.196078431372549,193.488943488944,2,0.298684661335208
4117,0.223155929038282,193.535915594739,2,0.122067794049012
4118,0.250980392156863,193.582887700535,2,0.0637373338977446
4119,0.274136321195145,193.62985980633,2,0.0500029497106287
4120,0.286461251167134,193.676831912126,2,0.0494329454106063
4121,0.299719887955182,193.723804017922,2,0.0535263206289257
4122,0.304014939309057,193.770776123717,2,0.0560476703728925
4123,0.308309990662932,193.817748229513,2,0.0592650251358562
4124,0.308309990662932,193.864720335309,2,0.0592650251358562
4125,0.304388422035481,193.911692441104,2,0.0562985671759522
4126,0.303454715219421,193.9586645469,2,0.0556811491006265
4127,0.312418300653595,194.005636652696,2,0.0630838437829561
4128,0.3234360410831,194.052608758491,2,0.0778323911180728
4129,0.318207282913165,194.099580864287,2,0.0699116652544903
4130,0.323809523809524,194.146552970082,2,0.0784717375118271
4131,0.327170868347339,194.193525075878,2,0.0847229029438089
4132,0.326797385620915,194.240497181674,2,0.0839821033213066
4133,0.326237161531279,194.287469287469,2,0.0828932863887549
4134,0.325116713352007,194.334441393265,2,0.0807940217946606
4135,0.31671335200747,194.381413499061,2,0.0679707086774366
4136,0.307936507936508,194.428385604856,2,0.0589553156836575
4137,0.29953314659197,194.475357710652,2,0.0534312445192983
4138,0.292623716153128,194.522329816447,2,0.0506929813725035
4139,0.274696545284781,194.569301922243,2,0.0498876326624722
4140,0.250980392156863,194.616274028039,2,0.0637373338977446
4141,0.218674136321195,194.663246133834,2,0.139839495442301
4142,0.176470588235294,194.71021823963,1,0.554387975657312
4143,0.134080298786181,194.757190345426,1,0.963957108984948
4144,0.107936507936508,194.804162451221,1,0.996631897410353
4145,0.0892623716153128,194.851134557017,1,0.999522238999829
4146,0.0819794584500467,194.898106662813,1,0.999788842592453
4147,0.0737628384687208,194.945078768608,1,0.999918964813049
4148,0.0661064425770308,194.992050874404,1,0.999967937403119
4149,0.0524743230625584,195.039022980199,1,0.999994337238194
4150,0.0300653594771242,195.085995085995,1,0.999999739922209
4151,0.0134453781512605,195.132967191791,1,0.999999978002547
4152,0.00896358543417367,195.179939297586,1,0.999999989000591
4153,0.0130718954248366,195.226911403382,1,0.999999979227964
4154,0.00989729225023343,195.273883509178,1,0.999999987279941
4155,0.00672268907563025,195.320855614973,1,0.999999992255386
4156,0.00709617180205415,195.367827720769,1,0.999999991787391
4157,0.00728291316526611,195.414799826565,1,0.999999991543145
4158,0.00728291316526611,195.46177193236,1,0.999999991543145
4159,0.0069094304388422,195.508744038156,1,0.999999992024741
4160,0.00821661998132586,195.555716143951,1,0.999999990211461
4161,0.0100840336134454,195.602688249747,1,0.999999986905554
4162,0.0065359477124183,195.649660355543,1,0.999999992479511
4163,0.0069094304388422,195.696632461338,1,0.999999992024741
4164,0.00877684407096172,195.743604567134,1,0.999999989316355
4165,0.00859010270774977,195.79057667293,1,0.999999989623261
4166,0.0065359477124183,195.837548778725,1,0.999999992479511
4167,0.00504201680672269,195.884520884521,1,0.999999994058374
4168,0.00504201680672269,195.931492990317,1,0.999999994058374
4169,0.00634920634920635,195.978465096112,1,0.999999992697295
4170,0.00765639589169001,196.025437201908,1,0.99999999103318
4171,0.00634920634920635,196.072409307703,1,0.999999992697295
4172,0.00859010270774977,196.119381413499,1,0.999999989623261
4173,0.0214752567693744,196.166353519295,1,0.999999926003456
4174,0.0433239962651727,196.21332562509,1,0.999998333698246
4175,0.0603174603174603,196.260297730886,1,0.99998444476497
4176,0.0681605975723623,196.307269836682,1,0.999958746372437
4177,0.0980392156862745,196.354241942477,1,0.99877287222728
4178,0.115032679738562,196.401214048273,1,0.993300548311322
4179,0.126984126984127,196.448186154069,1,0.980163110753146
4180,0.134827264239029,196.495158259864,1,0.961705254719265
4181,0.148646125116713,196.54213036566,1,0.89249107906569
4182,0.162091503267974,196.589102471455,1,0.758426934243677
4183,0.174603174603175,196.636074577251,1,0.582236283172025
4184,0.185434173669468,196.683046683047,2,0.42583217968848
4185,0.19421101774043,196.730018788842,2,0.318443420180936
4186,0.201680672268908,196.776990894638,2,0.246099330052525
4187,0.213258636788049,196.823963000434,2,0.166259279260923
4188,0.222222222222222,196.870935106229,2,0.125498324067012
4189,0.228011204481793,196.917907212025,2,0.106267340038494
4190,0.23062558356676,196.964879317821,2,0.0990238260018801
4191,0.232306255835668,197.011851423616,2,0.0947790570589809
4192,0.234173669467787,197.058823529412,2,0.0904098180200088
4193,0.232679738562092,197.105795635207,2,0.09387679684194
4194,0.222782446311858,197.152767741003,2,0.123423749525391
4195,0.20672268907563,197.199739846799,2,0.206924857206381
4196,0.189915966386555,197.246711952594,2,0.368113810399827
4197,0.166573295985061,197.29368405839,1,0.699074043720416
4198,0.133146591970121,197.340656164186,1,0.966607542059627
4199,0.0957983193277311,197.387628269981,1,0.999031418239205
4200,0.0709617180205415,197.434600375777,1,0.99994205149598
4201,0.0283846872082166,197.481572481572,1,0.999999795949193
4202,0.0239028944911298,197.528544587368,1,0.999999893991592
4203,0.0197945845004669,197.575516693164,1,0.999999942420749
4204,0.0134453781512605,197.622488798959,1,0.999999978002547
4205,0.00877684407096172,197.669460904755,1,0.999999989316355
4206,0.00597572362278245,197.716433010551,1,0.999999993114537
4207,0.00915032679738562,197.763405116346,1,0.99999998867572
4208,0.01531279178338,197.810377222142,1,0.999999970736916
4209,0.0149393090569561,197.857349327938,1,0.999999972356073
4210,0.0177404295051354,197.904321433733,1,0.999999957717645
4211,0.0212885154061625,197.951293539529,1,0.999999928031743
4212,0.0311858076563959,197.998265645324,1,0.999999694537865
4213,0.0392156862745098,198.04523775112,1,0.999999052744188
4214,0.0377217553688142,198.092209856916,1,0.999999230454356
4215,0.0455648926237162,198.139181962711,1,0.999997741698883
4216,0.0685340802987862,198.186154068507,1,0.999956823041185
4217,0.096358543417367,198.233126174303,1,0.998972116872094
4218,0.120074696545285,198.280098280098,1,0.98928662308984
4219,0.149206349206349,198.327070385894,1,0.888337049846886
4220,0.169747899159664,198.37404249169,1,0.653960738795345
4221,0.178711484593838,198.421014597485,1,0.521185206048653
4222,0.185434173669468,198.467986703281,2,0.42583217968848
4223,0.198319327731092,198.514958809076,2,0.276457457870919
4224,0.209710550887021,198.561930914872,2,0.187022499480707
4225,0.209710550887021,198.608903020668,2,0.187022499480707
4226,0.220354808590103,198.655875126463,2,0.132779168376386
4227,0.229878618113912,198.702847232259,2,0.101011164579234
4228,0.234547152194211,198.749819338055,2,0.0895775122311851
4229,0.234360410830999,198.79679144385,2,0.0899919826712268
4230,0.240709617180205,198.843763549646,2,0.0776297039627185
4231,0.253221288515406,198.890735655442,2,0.0614909247821104
4232,0.262931839402428,198.937707761237,2,0.0542623343252607
4233,0.26890756302521,198.984679867033,2,0.0515121150907433
4234,0.274509803921569,199.031651972828,2,0.0499250990829808
4235,0.279738562091503,199.078624078624,2,0.0492372418827685
4236,0.278804855275444,199.12559618442,2,0.0493057098012154
4237,0.280298786181139,199.172568290215,2,0.0492073834453093
4238,0.282166199813259,199.219540396011,2,0.0491684581518394
4239,0.276377217553688,199.266512501807,2,0.0495938526794532
4240,0.266293183940243,199.313484607602,2,0.0525736132480194
4241,0.263492063492063,199.360456713398,2,0.0539544971964139
4242,0.255648926237162,199.407428819194,2,0.0593212522140275
4243,0.248179271708683,199.454400924989,2,0.0669041853623129
4244,0.243697478991597,199.501373030785,2,0.0729035704970234
4245,0.23734827264239,199.54834513658,2,0.0837472241440469
4246,0.231185807656396,199.595317242376,2,0.0975746451069836
4247,0.225957049486461,199.642289348172,2,0.112555584688532
4248,0.226330532212885,199.689261453967,2,0.111370858032386
4249,0.236041083099907,199.736233559763,2,0.0863798390569449
4250,0.238655462184874,199.783205665559,2,0.0812605329075151
4251,0.244257703081232,199.830177771354,2,0.0720854083231277
4252,0.255648926237162,199.87714987715,2,0.0593212522140275
4253,0.26311858076564,199.924121982946,2,0.0541585183365996
4254,0.260690943043884,199.971094088741,2,0.0556043509183165
4255,0.265359477124183,200.018066194537,2,0.0530051630510577
4256,0.279925303454715,200.065038300332,2,0.049226355126771
4257,0.282166199813259,200.112010406128,2,0.0491684581518394
4258,0.286461251167134,200.158982511924,2,0.0494329454106063
4259,0.288141923436041,200.205954617719,2,0.0496719958509664
4260,0.288888888888889,200.252926723515,2,0.049803087833654
4261,0.289262371615313,200.299898829311,2,0.0498744183171598
4262,0.28608776844071,200.346870935106,2,0.0493902550337541
4263,0.278991596638655,200.393843040902,2,0.049290142622342
4264,0.268347338935574,200.440815146698,2,0.0517217411361622
4265,0.256022408963585,200.487787252493,2,0.059010473371388
4266,0.247992530345472,200.534759358289,2,0.0671303994361467
4267,0.238655462184874,200.581731464084,2,0.0812605329075151
4268,0.23249299719888,200.62870356988,2,0.0943261099129217
4269,0.229505135387488,200.675675675676,2,0.102028998715633
4270,0.230252100840336,200.722647781471,2,0.100009522841583
4271,0.232119514472456,200.769619887267,2,0.0952356663886858
4272,0.234547152194211,200.816591993063,2,0.0895775122311851
4273,0.233426704014939,200.863564098858,2,0.0921153308104121
4274,0.234360410830999,200.910536204654,2,0.0899919826712268
4275,0.239402427637722,200.957508310449,2,0.0799021612584302
4276,0.249299719887955,201.004480416245,2,0.0655873245365315
4277,0.258823529411765,201.051452522041,2,0.0568638623579436
4278,0.266106442577031,201.098424627836,2,0.0526576700588498
4279,0.267600373482726,201.145396733632,2,0.0520162430437339
4280,0.265919701213819,201.192368839428,2,0.0527428486856518
4281,0.264425770308123,201.239340945223,2,0.0534652440819809
4282,0.264799253034547,201.286313051019,2,0.0532777478570513
4283,0.265172735760971,201.333285156815,2,0.0530948768606055
4284,0.265546218487395,201.38025726261,2,0.0529165903570529
4285,0.265546218487395,201.427229368406,2,0.0529165903570529
4286,0.268534080298786,201.474201474201,2,0.0516508008817765
4287,0.270028011204482,201.521173579997,2,0.0511213462837183
4288,0.270588235294118,201.568145685793,2,0.0509400105042291
4289,0.27077497665733,201.615117791588,2,0.0508816239713214
4290,0.269281045751634,201.662089897384,2,0.0513776635990547
4291,0.268720821661998,201.70906200318,2,0.0515809268146454
4292,0.269094304388422,201.756034108975,2,0.0514443619266107
4293,0.271895424836601,201.803006214771,2,0.0505527008636525
4294,0.274883286647993,201.849978320567,2,0.0498511361108581
4295,0.276003734827264,201.896950426362,2,0.0496524169647692
4296,0.27563025210084,201.943922532158,2,0.0497148098206478
4297,0.280859010270775,201.990894637953,2,0.0491859232088771
4298,0.276190476190476,202.037866743749,2,0.0496226570622689
4299,0.270588235294118,202.084838849545,2,0.0509400105042291
4300,0.271895424836601,202.13181095534,2,0.0505527008636526
4301,0.277124183006536,202.178783061136,2,0.0494881599679134
4302,0.279551820728291,202.225755166932,2,0.049249063347848
4303,0.276003734827264,202.272727272727,2,0.0496524169647692
4304,0.26984126984127,202.319699378523,2,0.0511838613017694
4305,0.275256769374416,202.366671484319,2,0.0497810447537952
4306,0.273949579831933,202.413643590114,2,0.0500433381414044
4307,0.270214752567694,202.46061569591,2,0.0510598683801367
4308,0.264425770308123,202.507587801705,2,0.0534652440819809
4309,0.256956115779645,202.554559907501,2,0.058259307887183
4310,0.243137254901961,202.601532013297,2,0.0737425217574192
4311,0.222595704948646,202.648504119092,2,0.124109815097326
4312,0.203921568627451,202.695476224888,2,0.227779940951694
4313,0.17796451914099,202.742448330684,1,0.532208953535376
4314,0.141923436041083,202.789420436479,1,0.933475174007804
4315,0.0995331465919701,202.836392542275,1,0.998565551294119
4316,0.0746965452847806,202.883364648071,1,0.999909471726328
4317,0.0588235294117647,202.930336753866,1,0.999987133424707
4318,0.0479925303454715,202.977308859662,1,0.999996870990184
4319,0.0479925303454715,203.024280965457,1,0.999996870990184
4320,0.0588235294117647,203.071253071253,1,0.999987133424707
4321,0.0816059757236228,203.118225177049,1,0.999797667899844
4322,0.109803921568627,203.165197282844,1,0.995951674901818
4323,0.138001867413632,203.21216938864,1,0.950708093691248
4324,0.162091503267974,203.259141494436,1,0.758426934243677
4325,0.185434173669468,203.306113600231,2,0.42583217968848
4326,0.208216619981326,203.353085706027,2,0.196683077070182
4327,0.232679738562092,203.400057811823,2,0.09387679684194
4328,0.253408029878618,203.447029917618,2,0.0613145500828906
4329,0.267226890756303,203.494002023414,2,0.0521699955691933
4330,0.275070028011205,203.540974129209,2,0.0498156074497388
4331,0.282913165266106,203.587946235005,2,0.0491789625842718
4332,0.287394957983193,203.634918340801,2,0.0495562359379126
4333,0.293183940242764,203.681890446596,2,0.0508609122301142
4334,0.296918767507003,203.728862552392,2,0.0522201970313302
4335,0.297665732959851,203.775834658188,2,0.0525437082637946
4336,0.294304388422035,203.822806763983,2,0.0512244794382307
4337,0.295611577964519,203.869778869779,2,0.0516961495109189
4338,0.286461251167134,203.916750975575,2,0.0494329454106063
4339,0.275816993464052,203.96372308137,2,0.0496831339968536
4340,0.266106442577031,204.010695187166,2,0.0526576700588498
4341,0.254154995331466,204.057667292961,2,0.0606251097440129
4342,0.235854341736695,204.104639398757,2,0.0867682998248893
4343,0.215126050420168,204.151611504553,2,0.156474546450954
4344,0.197012138188609,204.198583610348,2,0.289227282821733
4345,0.173856209150327,204.245555716144,1,0.593375107799934
4346,0.140242763772176,204.29252782194,1,0.941397925362617
4347,0.104201680672269,204.339499927735,1,0.997683269517299
4348,0.0864612511671335,204.386472033531,1,0.999649738853573
4349,0.0786181139122316,204.433444139327,1,0.999856622138894
4350,0.0702147525676937,204.480416245122,1,0.999947048527476
4351,0.0621848739495798,204.527388350918,1,0.999980315930098
4352,0.0595704948646125,204.574360456713,1,0.999985850568668
4353,0.0464985994397759,204.621332562509,1,0.999997438903071
4354,0.0380952380952381,204.668304668305,1,0.999999189329256
4355,0.0291316526610644,204.7152767741,1,0.999999772671614
4356,0.0237161531279178,204.762248879896,1,0.999999896870648
4357,0.0199813258636788,204.809220985692,1,0.999999940788556
4358,0.0147525676937442,204.856193091487,1,0.999999973132541
4359,0.00971055088702148,204.903165197283,1,0.99999998764387
4360,0.00541549953314659,204.950137303078,1,0.999999993697072
4361,0.00392156862745098,204.997109408874,1,0.999999995025076
4362,0.00410830999066293,205.04408151467,1,0.999999994875385
4363,0.00336134453781513,205.091053620465,1,0.999999995448964
4364,0.00373482726423903,205.138025726261,1,0.99999999517049
4365,0.00317460317460317,205.184997832057,1,0.999999995582252
4366,0.00392156862745098,205.231969937852,1,0.999999995025076
4367,0.00448179271708683,205.278942043648,1,0.999999994562681
4368,0.00504201680672269,205.325914149444,1,0.999999994058374
4369,0.00205415499533147,205.372886255239,1,0.999999996305436
4370,0.00205415499533147,205.419858361035,1,0.999999996305436
4371,0.00205415499533147,205.46683046683,1,0.999999996305436
4372,0.00205415499533147,205.513802572626,1,0.999999996305436
4373,0.00205415499533147,205.560774678422,1,0.999999996305436
4374,0.00205415499533147,205.607746784217,1,0.999999996305436
4375,0.00130718954248366,205.654718890013,1,0.999999996721828
4376,0.00186741363211951,205.701690995809,1,0.99999999641414
4377,0.00410830999066293,205.748663101604,1,0.999999994875385
4378,0.00392156862745098,205.7956352074,1,0.999999995025076
4379,0.00560224089635854,205.842607313196,1,0.999999993508457
4380,0.0147525676937442,205.889579418991,1,0.999999973132541
4381,0.0380952380952381,205.936551524787,1,0.999999189329256
4382,0.0761904761904762,205.983523630582,1,0.99989202816042
4383,0.109243697478992,206.030495736378,1,0.996168184281992
4384,0.128851540616247,206.077467842174,1,0.976702847431165
4385,0.157983193277311,206.124439947969,1,0.806937838109392
4386,0.173482726423903,206.171412053765,1,0.598938170245603
4387,0.198319327731092,206.218384159561,2,0.276457457870919
4388,0.222782446311858,206.265356265356,2,0.123423749525391
4389,0.248739495798319,206.312328371152,2,0.0662371721686944
4390,0.270961718020542,206.359300476948,2,0.0508242614312002
4391,0.284593837535014,206.406272582743,2,0.0492571325919563
4392,0.288702147525677,206.453244688539,2,0.0497688714753629
4393,0.291129785247432,206.500216794334,2,0.0502895598315317
4394,0.293557422969188,206.54718890013,2,0.0509779753400863
4395,0.295798319327731,206.594161005926,2,0.051767775223847
4396,0.29953314659197,206.641133111721,2,0.0534312445192983
4397,0.303641456582633,206.688105217517,2,0.0558020223219485
4398,0.306442577030812,206.735077323313,2,0.0577749366062872
4399,0.310737628384687,206.782049429108,2,0.0614274168117344
4400,0.31391223155929,206.829021534904,2,0.0646729697930399
4401,0.313165266106443,206.8759936407,2,0.0638642770104558
4402,0.317833800186741,206.922965746495,2,0.0694139551899012
4403,0.32156862745098,206.969937852291,2,0.074789314668751
4404,0.322315592903828,207.016909958086,2,0.0759764198194156
4405,0.325676937441643,207.063882063882,2,0.0818307898685239
4406,0.328478057889823,207.110854169678,2,0.0874126264628279
4407,0.323996265172736,207.157826275473,2,0.0787953775820489
4408,0.317647058823529,207.204798381269,2,0.0691682547099436
4409,0.311297852474323,207.251770487065,2,0.0619645742221637
4410,0.306069094304388,207.29874259286,2,0.0574941165510055
4411,0.296358543417367,207.345714698656,2,0.0519891042098264
4412,0.279925303454715,207.392686804452,2,0.049226355126771
4413,0.262558356676004,207.439658910247,2,0.0544736062622271
4414,0.246498599439776,207.486631016043,2,0.0690118612283741
4415,0.235480859010271,207.533603121838,2,0.0875547397351116
4416,0.228197945845005,207.580575227634,2,0.105722594230176
4417,0.227637721755369,207.62754733343,2,0.107369979777838
4418,0.223529411764706,207.674519439225,2,0.1207331393784
4419,0.221848739495798,207.721491545021,2,0.126908942460197
4420,0.224649859943978,207.768463650817,2,0.11685383220474
4421,0.228571428571429,207.815435756612,2,0.104646083676021
4422,0.228944911297852,207.862407862408,2,0.103586661241411
4423,0.22296918767507,207.909379968204,2,0.122743089240161
4424,0.21531279178338,207.956352073999,2,0.155536711624611
4425,0.196265172735761,208.003324179795,2,0.296770703490144
4426,0.185434173669468,208.05029628559,2,0.42583217968848
4427,0.18375350140056,208.097268391386,2,0.448834989422174
4428,0.183380018674136,208.144240497182,2,0.454034485804393
4429,0.178898225957049,208.191212602977,1,0.518438049054764
4430,0.180765639589169,208.238184708773,2,0.491206296818514
4431,0.186741363211951,208.285156814569,2,0.408424682943508
4432,0.187301587301587,208.332128920364,2,0.401103169502375
4433,0.189542483660131,208.37910102616,2,0.372703718958152
4434,0.19047619047619,208.426073131956,2,0.361308191455352
4435,0.190102707749767,208.473045237751,2,0.365834654720639
4436,0.189542483660131,208.520017343547,2,0.372703718958152
4437,0.191970121381886,208.566989449342,2,0.343633400976152
4438,0.196265172735761,208.613961555138,2,0.296770703490144
4439,0.202240896358543,208.660933660934,2,0.241378767629667
4440,0.20578898225957,208.707905766729,2,0.213632128197139
4441,0.210830999066293,208.754877872525,2,0.180143245631232
4442,0.220915032679739,208.801849978321,2,0.130534392680781
4443,0.23155929038282,208.848822084116,2,0.0966277518841238
4444,0.236788048552754,208.895794189912,2,0.0848571635214699
4445,0.237535014005602,208.942766295707,2,0.083383229286364
4446,0.236788048552754,208.989738401503,2,0.0848571635214699
4447,0.234547152194211,209.036710507299,2,0.0895775122311851
4448,0.230999066293184,209.083682613094,2,0.0980538302553421
4449,0.229318394024276,209.13065471889,2,0.102544066294397
4450,0.225957049486461,209.177626824686,2,0.112555584688532
4451,0.219794584500467,209.224598930481,2,0.135077488397747
4452,0.211017740429505,209.271571036277,2,0.179026343318587
4453,0.207096171802054,209.318543142073,2,0.204308558720339
4454,0.206909430438842,209.365515247868,2,0.205611997417296
4455,0.210084033613445,209.412487353664,2,0.184695206331045
4456,0.214005602240896,209.459459459459,2,0.162255346225105
4457,0.214005602240896,209.506431565255,2,0.162255346225105
4458,0.216059757236228,209.553403671051,2,0.151856824045447
4459,0.219981325863679,209.600375776846,2,0.13430535994061
4460,0.226517273576097,209.647347882642,2,0.110785537155019
4461,0.235480859010271,209.694319988438,2,0.0875547397351116
4462,0.24593837535014,209.741292094233,2,0.0697512321046222
4463,0.255835667600373,209.788264200029,2,0.0591651173234552
4464,0.261998132586368,209.835236305825,2,0.0547997036116263
4465,0.259943977591036,209.88220841162,2,0.0560923202202582
4466,0.262931839402428,209.929180517416,2,0.0542623343252607
4467,0.261624649859944,209.976152623211,2,0.0550232995018222
4468,0.258263305322129,210.023124729007,2,0.0572678754091131
4469,0.256395891690009,210.070096834803,2,0.0587056225988576
4470,0.259010270774977,210.117068940598,2,0.0567319188204655
4471,0.255275443510738,210.164041046394,2,0.0596380310579742
4472,0.248739495798319,210.21101315219,2,0.0662371721686944
4473,0.224649859943978,210.257985257985,2,0.11685383220474
4474,0.219047619047619,210.304957363781,2,0.13822724674034
4475,0.211017740429505,210.351929469577,2,0.179026343318587
4476,0.204855275443511,210.398901575372,2,0.220581943409854
4477,0.199253034547152,210.445873681168,2,0.267669637748032
4478,0.195518207282913,210.492845786963,2,0.304494073314694
4479,0.192156862745098,210.539817892759,2,0.341473174041222
4480,0.189915966386555,210.586789998555,2,0.368113810399827
4481,0.19906629318394,210.63376210435,2,0.269405114015481
4482,0.203921568627451,210.680734210146,2,0.227779940951694
4483,0.210084033613445,210.727706315942,2,0.184695206331045
4484,0.211951447245565,210.774678421737,2,0.173565849099223
4485,0.212138188608777,210.821650527533,2,0.172498202396433
4486,0.215873015873016,210.868622633329,2,0.152766174674214
4487,0.22390289449113,210.915594739124,2,0.119419468780527
4488,0.230438842203548,210.96256684492,2,0.0995146966335997
4489,0.233053221288515,211.009538950715,2,0.0929889615891319
4490,0.241830065359477,211.056511056511,2,0.075783532694348
4491,0.25266106442577,211.103483162307,2,0.0620298487264632
4492,0.261624649859944,211.150455268102,2,0.0550232995018222
4493,0.268160597572362,211.197427373898,2,0.0517937514826983
4494,0.270401493930906,211.244399479694,2,0.0509994242234107
4495,0.269467787114846,211.291371585489,2,0.0513120164448551
4496,0.267787114845938,211.338343691285,2,0.0519409983780119
4497,0.256582633053221,211.385315797081,2,0.0585553981688016
4498,0.241083099906629,211.432287902876,2,0.0770041203623946
4499,0.224463118580766,211.479260008672,2,0.117487624679297
4500,0.222408963585434,211.526232114467,2,0.12480132638778
4501,0.229318394024276,211.573204220263,2,0.102544066294397
4502,0.2296918767507,211.620176326059,2,0.101518041983697
4503,0.236974789915966,211.667148431854,2,0.0844841684188344
4504,0.254341736694678,211.71412053765,2,0.0604567139380982
4505,0.256956115779645,211.761092643446,2,0.058259307887183
4506,0.266666666666667,211.808064749241,2,0.0524088464959691
4507,0.271895424836601,211.855036855037,2,0.0505527008636526
4508,0.275256769374416,211.902008960833,2,0.0497810447537952
4509,0.281979458450047,211.948981066628,2,0.0491681597788267
4510,0.284780578898226,211.995953172424,2,0.0492704893036385
4511,0.284780578898226,212.042925278219,2,0.0492704893036385
4512,0.287955182072829,212.089897384015,2,0.0496416226324683
4513,0.290196078431373,212.136869489811,2,0.0500697408475617
4514,0.29281045751634,212.183841595606,2,0.050747940618864
4515,0.296545284780579,212.230813701402,2,0.0520650447117048
4516,0.299346405228758,212.277785807198,2,0.05333733325837
4517,0.29953314659197,212.324757912993,2,0.0534312445192983
4518,0.298786181139122,212.371730018789,2,0.0530625365345776
4519,0.298412698412698,212.418702124585,2,0.0528850687550925
4520,0.297478991596639,212.46567423038,2,0.0524611685604221
4521,0.294677871148459,212.512646336176,2,0.0513539744438269
4522,0.291129785247432,212.559618441971,2,0.0502895598315317
4523,0.284407096171802,212.606590547767,2,0.0492447116615821
4524,0.27563025210084,212.653562653563,2,0.0497148098206478
4525,0.263305322128852,212.700534759358,2,0.0540559078778401
4526,0.246498599439776,212.747506865154,2,0.0690118612283741
4527,0.228758169934641,212.79447897095,2,0.104114252822131
4528,0.216619981325864,212.841451076745,2,0.149170586084433
4529,0.19906629318394,212.888423182541,2,0.269405114015481
4530,0.180765639589169,212.935395288336,2,0.491206296818514
4531,0.147152194211018,212.982367394132,1,0.902986372856647
4532,0.109617180205415,213.029339499928,1,0.996025086784287
4533,0.076750700280112,213.076311605723,1,0.999884690575697
4534,0.0586367880485528,213.123283711519,1,0.999987436161886
4535,0.0506069094304388,213.170255817315,1,0.999995571144349
4536,0.0483660130718954,213.21722792311,1,0.999996710986463
4537,0.0470588235294118,213.264200028906,1,0.999997238730947
4538,0.0491129785247432,213.311172134702,1,0.999996366883369
4539,0.0502334267040149,213.358144240497,1,0.999995784584616
4540,0.0590102707749767,213.405116346293,1,0.999986823655284
4541,0.0799253034547152,213.452088452088,1,0.999833199257119
4542,0.102521008403361,213.499060557884,1,0.998047594659773
4543,0.129411764705882,213.54603266368,1,0.975563618666304
4544,0.153688141923436,213.593004769475,1,0.850649844591338
4545,0.178711484593838,213.639976875271,1,0.521185206048653
4546,0.193464052287582,213.686948981067,2,0.326661666751973
4547,0.214192343604108,213.733921086862,2,0.161273326507141
4548,0.231746031746032,213.780893192658,2,0.096159985138568
4549,0.242950513538749,213.827865298454,2,0.0740268712452903
4550,0.251914098972922,213.874837404249,2,0.0627716764907631
4551,0.260504201680672,213.921809510045,2,0.0557243956068065
4552,0.266853408029879,213.96878161584,2,0.0523281274274719
4553,0.27563025210084,214.015753721636,2,0.0497148098206478
4554,0.273949579831933,214.062725827432,2,0.0500433381414044
4555,0.275443510737628,214.109697933227,2,0.0497474461506357
4556,0.279365079365079,214.156670039023,2,0.0492618201592323
4557,0.279738562091503,214.203642144819,2,0.0492372418827685
4558,0.27749766573296,214.250614250614,2,0.0494410086906956
4559,0.276937441643324,214.29758635641,2,0.0495131573308528
4560,0.277871148459384,214.344558462206,2,0.0493976402747925
4561,0.274136321195145,214.391530568001,2,0.0500029497106287
4562,0.277310924369748,214.438502673797,2,0.0494641108542222
4563,0.27843137254902,214.485474779592,2,0.0493396602514186
4564,0.273576097105509,214.532446885388,2,0.0501270521987045
4565,0.262558356676004,214.579418991184,2,0.0544736062622271
4566,0.249486461251167,214.626391096979,2,0.0653744626173509
4567,0.242016806722689,214.673363202775,2,0.0754846469765219
4568,0.24014939309057,214.720335308571,2,0.0785876234682432
4569,0.233800186741363,214.767307414366,2,0.0912556874834801
4570,0.223716153127918,214.814279520162,2,0.120073700715415
4571,0.211577964519141,214.861251625958,2,0.175725444123708
4572,0.198879551820728,214.908223731753,2,0.271151611842537
4573,0.1828197945845,214.955195837549,2,0.461889336369712
4574,0.165639589169001,215.002167943344,1,0.711912915262541
4575,0.150326797385621,215.04914004914,1,0.879663885897782
4576,0.142857142857143,215.096112154936,1,0.928700273430663
4577,0.121381886087768,215.143084260731,1,0.987932483795445
4578,0.113538748832866,215.190056366527,1,0.994188549924423
4579,0.104761904761905,215.237028472323,1,0.997548214849585
4580,0.0987861811391223,215.284000578118,1,0.998673038696489
4581,0.0935574229691877,215.330972683914,1,0.999237719733741
4582,0.0857142857142857,215.37794478971,1,0.999677812203488
4583,0.0761904761904762,215.424916895505,1,0.99989202816042
4584,0.0687208216619981,215.471889001301,1,0.999955829327062
4585,0.0526610644257703,215.518861107096,1,0.999994196975591
4586,0.0580765639589169,215.565833212892,1,0.999988303699389
4587,0.0657329598506069,215.612805318688,1,0.99996938151337
4588,0.0743230625583567,215.659777424483,1,0.99991339040722
4589,0.0866479925303455,215.706749530279,1,0.999642364263864
4590,0.107749766573296,215.753721636075,1,0.996693671473124
4591,0.134267040149393,215.80069374187,1,0.963405337117876
4592,0.153874883286648,215.847665847666,1,0.848904244333989
4593,0.175350140056022,215.894637953462,1,0.571090972249283
4594,0.180392156862745,215.941610059257,2,0.496613818901035
4595,0.186741363211951,215.988582165053,2,0.408424682943508
4596,0.194397759103641,216.035554270848,2,0.31641690725523
4597,0.20186741363212,216.082526376644,2,0.244515248045906
4598,0.209150326797386,216.12949848244,2,0.190578705684634
4599,0.216059757236228,216.176470588235,2,0.151856824045447
4600,0.219047619047619,216.223442694031,2,0.13822724674034
4601,0.231932773109244,216.270414799827,2,0.0956959662314575
4602,0.228758169934641,216.317386905622,2,0.104114252822131
4603,0.231932773109244,216.364359011418,2,0.0956959662314575
4604,0.242390289449113,216.411331117214,2,0.0748942601241459
4605,0.254715219421102,216.458303223009,2,0.0601246104055856
4606,0.263865546218487,216.505275328805,2,0.0537552525117985
4607,0.271335200746965,216.5522474346,2,0.0507125958427698
4608,0.277871148459384,216.599219540396,2,0.0493976402747925
4609,0.276190476190476,216.646191646192,2,0.0496226570622689
4610,0.276377217553688,216.693163751987,2,0.0495938526794532
4611,0.274696545284781,216.740135857783,2,0.0498876326624722
4612,0.269094304388422,216.787107963579,2,0.0514443619266107
4613,0.26797385620915,216.834080069374,2,0.0518668358874592
4614,0.271521942110177,216.88105217517,2,0.0506582866941471
4615,0.275070028011205,216.928024280965,2,0.0498156074497388
4616,0.275816993464052,216.974996386761,2,0.0496831339968536
4617,0.282726423902894,217.021968492557,2,0.0491749396023423
4618,0.287955182072829,217.068940598352,2,0.0496416226324683
4619,0.290756302521008,217.115912704148,2,0.0501986743062524
4620,0.293183940242764,217.162884809944,2,0.0508609122301142
4621,0.305135387488329,217.209856915739,2,0.0568163365508923
4622,0.321008403361345,217.256829021535,2,0.0739245124121355
4623,0.326050420168067,217.303801127331,2,0.082536225935356
4624,0.32250233426704,217.350773233126,2,0.0762793945861942
4625,0.318394024276377,217.397745338922,2,0.0701637049152784
4626,0.298412698412698,217.444717444717,2,0.0528850687550925
4627,0.281232492997199,217.491689550513,2,0.049176276744949
4628,0.266666666666667,217.538661656309,2,0.0524088464959691
4629,0.249299719887955,217.585633762104,2,0.0655873245365315
4630,0.234733893557423,217.6326058679,2,0.0891663809517158
4631,0.215686274509804,217.679577973696,2,0.153682574057536
4632,0.194771241830065,217.726550079491,2,0.312397608273492
4633,0.1828197945845,217.773522185287,2,0.461889336369712
4634,0.166199813258637,217.820494291083,1,0.704236236777956
4635,0.151820728291317,217.867466396878,1,0.867329007803821
4636,0.14733893557423,217.914438502674,1,0.901720101174677
4637,0.146778711484594,217.961410608469,1,0.905480405478829
4638,0.143790849673203,218.008382714265,1,0.923645812275264
4639,0.142857142857143,218.055354820061,1,0.928700273430663
4640,0.143417366946779,218.102326925856,1,0.925701781779325
4641,0.161344537815126,218.149299031652,1,0.767703081289374
4642,0.163772175536881,218.196271137448,1,0.736874605769005
4643,0.174042950513539,218.243243243243,1,0.590591694299601
4644,0.188235294117647,218.290215349039,2,0.389094261290446
4645,0.203734827264239,218.337187454835,2,0.229249801507288
4646,0.216433239962652,218.38415956063,2,0.150059077449224
4647,0.226890756302521,218.431131666426,2,0.109628802389428
4648,0.234173669467787,218.478103772221,2,0.0904098180200088
4649,0.242577030812325,218.525075878017,2,0.0746027228219726
4650,0.243323996265173,218.572047983813,2,0.0734605332554606
4651,0.246685340802988,218.619020089608,2,0.0687695715330685
4652,0.243884220354809,218.665992195404,2,0.0726285622684626
4653,0.237161531279178,218.7129643012,2,0.0841141962726157
4654,0.235667600373483,218.759936406995,2,0.0871599252791578
4655,0.2468720821662,218.806908512791,2,0.0685293410110362
4656,0.259943977591036,218.853880618587,2,0.0560923202202582
4657,0.270401493930906,218.900852724382,2,0.0509994242234107
4658,0.276377217553688,218.947824830178,2,0.0495938526794532
4659,0.280672268907563,218.994796935973,2,0.0491921442137733
4660,0.278991596638655,219.041769041769,2,0.049290142622342
4661,0.274136321195145,219.088741147565,2,0.0500029497106287
4662,0.269654528478058,219.13571325336,2,0.0512474168604736
4663,0.267600373482726,219.182685359156,2,0.0520162430437339
4664,0.267226890756303,219.229657464952,2,0.0521699955691933
4665,0.264799253034547,219.276629570747,2,0.0532777478570513
4666,0.263492063492063,219.323601676543,2,0.0539544971964139
4667,0.265919701213819,219.370573782339,2,0.0527428486856518
4668,0.273389355742297,219.417545888134,2,0.0501703823717999
4669,0.281419234360411,219.46451799393,2,0.0491728507662298
4670,0.284033613445378,219.511490099725,2,0.0492226745168992
4671,0.280298786181139,219.558462205521,2,0.0492073834453093
4672,0.275443510737628,219.605434311317,2,0.0497474461506357
4673,0.266479925303455,219.652406417112,2,0.0524906735923608
4674,0.258823529411765,219.699378522908,2,0.0568638623579436
4675,0.250606909430439,219.746350628704,2,0.0641358262463871
4676,0.245191409897292,219.793322734499,2,0.0707667902091038
4677,0.241643323996265,219.840294840295,2,0.0760849043206787
4678,0.23828197945845,219.887266946091,2,0.0819565742837832
4679,0.237721755368814,219.934239051886,2,0.0830221891436359
4680,0.240522875816993,219.981211157682,2,0.0779463850928621
4681,0.241830065359477,220.028183263477,2,0.075783532694348
4682,0.24780578898226,220.075155369273,2,0.0673585741639882
4683,0.252474323062558,220.122127475069,2,0.0622127917661577
4684,0.25546218487395,220.169099580864,2,0.0594788870812812
4685,0.257142857142857,220.21607168666,2,0.0581134249752955
4686,0.258076563958917,220.263043792456,2,0.0574052995674464
4687,0.254901960784314,220.310015898251,2,0.0599608833477809
4688,0.250046685340803,220.356988004047,2,0.064746961189402
4689,0.255275443510738,220.403960109843,2,0.0596380310579742
4690,0.2468720821662,220.450932215638,2,0.0685293410110362
4691,0.239962651727358,220.497904321434,2,0.0789122202091792
4692,0.235107376283847,220.544876427229,2,0.0883540339210512
4693,0.228384687208217,220.591848533025,2,0.105182186500396
4694,0.211764705882353,220.638820638821,2,0.174641579624799
4695,0.186554621848739,220.685792744616,2,0.410884058982238
4696,0.166199813258637,220.732764850412,1,0.704236236777956
4697,0.146591970121382,220.779736956208,1,0.906708294458864
4698,0.133706816059757,220.826709062003,1,0.965038736497436
4699,0.120634920634921,220.873681167799,1,0.988724395463917
4700,0.113165266106443,220.920653273594,1,0.994392729562423
4701,0.104948646125117,220.96762537939,1,0.997501572774272
4702,0.0995331465919701,221.014597485186,1,0.998565551294119
4703,0.0993464052287582,221.061569590981,1,0.998593169971178
4704,0.10140056022409,221.108541696777,1,0.998259675009063
4705,0.109430438842204,221.155513802573,1,0.99609725005641
4706,0.111484593837535,221.202485908368,1,0.995231413379182
4707,0.113352007469655,221.249458014164,1,0.994291490802199
4708,0.114285714285714,221.29643011996,1,0.99375923920982
4709,0.113165266106443,221.343402225755,1,0.994392729562423
4710,0.114659197012138,221.390374331551,1,0.993533677504978
4711,0.118207282913165,221.437346437346,1,0.990979327833197
4712,0.121195144724556,221.484318543142,1,0.988135118031472
4713,0.115592903828198,221.531290648938,1,0.992936161297895
4714,0.12436974789916,221.578262754733,1,0.984227285841132
4715,0.124929971988796,221.625234860529,1,0.983426413609063
4716,0.115406162464986,221.672206966325,1,0.993059621890748
4717,0.105322128851541,221.71917907212,1,0.997405771378368
4718,0.103267973856209,221.766151177916,1,0.997892904090265
4719,0.0971055088702148,221.813123283712,1,0.998887678692492
4720,0.092250233426704,221.860095389507,1,0.999338009799843
4721,0.0954248366013072,221.907067495303,1,0.999069133747333
4722,0.0937441643323996,221.954039601098,1,0.999222265316957
4723,0.0954248366013072,222.001011706894,1,0.999069133747333
4724,0.103081232492997,222.04798381269,1,0.997932625501673
4725,0.117273576097106,222.094955918485,1,0.991729566427063
4726,0.135200746965453,222.141928024281,1,0.960533774789814
4727,0.151820728291317,222.188900130077,1,0.867329007803821
4728,0.160597572362278,222.235872235872,1,0.776783144453417
4729,0.181512605042017,222.282844341668,2,0.480458336108017
4730,0.185060690943044,222.329816447464,2,0.430885664607362
4731,0.192717086834734,222.376788553259,2,0.335058744805772
4732,0.201120448179272,222.423760659055,2,0.250915365384793
4733,0.203921568627451,222.47073276485,2,0.227779940951694
4734,0.203921568627451,222.517704870646,2,0.227779940951694
4735,0.211391223155929,222.564676976442,2,0.176817492773133
4736,0.220541549953315,222.611649082237,2,0.132025018148956
4737,0.22203548085901,222.658621188033,2,0.126200849042926
4738,0.223155929038282,222.705593293829,2,0.122067794049012
4739,0.225210084033613,222.752565399624,2,0.114982389228899
4740,0.229505135387488,222.79953750542,2,0.102028998715633
4741,0.234547152194211,222.846509611216,2,0.0895775122311851
4742,0.242950513538749,222.893481717011,2,0.0740268712452903
4743,0.25266106442577,222.940453822807,2,0.0620298487264632
4744,0.258263305322129,222.987425928602,2,0.0572678754091131
4745,0.258823529411765,223.034398034398,2,0.0568638623579436
4746,0.250793650793651,223.081370140194,2,0.0639356949186001
4747,0.242577030812325,223.128342245989,2,0.0746027228219726
4748,0.238842203548086,223.175314351785,2,0.0809167579190579
4749,0.238842203548086,223.222286457581,2,0.0809167579190579
4750,0.235480859010271,223.269258563376,2,0.0875547397351116
4751,0.231185807656396,223.316230669172,2,0.0975746451069836
4752,0.228011204481793,223.363202774968,2,0.106267340038494
4753,0.230438842203548,223.410174880763,2,0.0995146966335997
4754,0.231932773109244,223.457146986559,2,0.0956959662314575
4755,0.233239962651727,223.504119092354,2,0.0925503842852885
4756,0.232866479925303,223.55109119815,2,0.093431089957311
4757,0.230065359477124,223.598063303946,2,0.1005083352163
4758,0.224089635854342,223.645035409741,2,0.118770404586006
4759,0.217740429505135,223.692007515537,2,0.143982006728454
4760,0.21437908496732,223.738979621333,2,0.160298793473223
4761,0.208963585434174,223.785951727128,2,0.191781711556234
4762,0.212138188608777,223.832923832924,2,0.172498202396433
4763,0.217927170868347,223.879895938719,2,0.143140534575047
4764,0.22296918767507,223.926868044515,2,0.122743089240161
4765,0.227450980392157,223.973840150311,2,0.107927941251321
4766,0.228944911297852,224.020812256106,2,0.103586661241411
4767,0.232679738562092,224.067784361902,2,0.09387679684194
4768,0.235854341736695,224.114756467698,2,0.0867682998248893
4769,0.24593837535014,224.161728573493,2,0.0697512321046222
4770,0.256582633053221,224.208700679289,2,0.0585553981688016
4771,0.261998132586368,224.255672785085,2,0.0547997036116263
4772,0.263865546218487,224.30264489088,2,0.0537552525117985
4773,0.266293183940243,224.349616996676,2,0.0525736132480194
4774,0.264052287581699,224.396589102471,2,0.0536574073586524
4775,0.263865546218487,224.443561208267,2,0.0537552525117985
4776,0.269467787114846,224.490533314063,2,0.0513120164448551
4777,0.271521942110177,224.537505419858,2,0.0506582866941471
4778,0.270961718020542,224.584477525654,2,0.0508242614312002
4779,0.271148459383753,224.63144963145,2,0.0507679197479082
4780,0.270588235294118,224.678421737245,2,0.0509400105042291
4781,0.266666666666667,224.725393843041,2,0.0524088464959691
4782,0.263678804855275,224.772365948837,2,0.0538542806111438
4783,0.26797385620915,224.819338054632,2,0.0518668358874592
4784,0.273762838468721,224.866310160428,2,0.0500847048886822
4785,0.277684407096172,224.913282266223,2,0.0494188522296681
4786,0.280485527544351,224.960254372019,2,0.0491992974974431
4787,0.282726423902894,225.007226477815,2,0.0491749396023423
4788,0.282539682539683,225.05419858361,2,0.0491718479722959
4789,0.284033613445378,225.101170689406,2,0.0492226745168992
4790,0.282726423902894,225.148142795202,2,0.0491749396023423
4791,0.273015873015873,225.195114900997,2,0.0502600007800556
4792,0.261998132586368,225.242087006793,2,0.0547997036116263
4793,0.24780578898226,225.289059112589,2,0.0673585741639882
4794,0.234360410830999,225.336031218384,2,0.0899919826712268
4795,0.212698412698413,225.38300332418,2,0.169343264277159
4796,0.192156862745098,225.429975429975,2,0.341473174041222
4797,0.178338001867414,225.476947535771,1,0.526690405270423
4798,0.168253968253968,225.523919641567,1,0.675442725403788
4799,0.144164332399627,225.570891747362,1,0.921543531814107
4800,0.116339869281046,225.617863853158,1,0.992421631145613
4801,0.0890756302521008,225.664835958954,1,0.999531959053109
4802,0.069281045751634,225.711808064749,1,0.999952714502121
4803,0.0608776844070962,225.758780170545,1,0.999983302981648
4804,0.0668534080298786,225.805752276341,1,0.999964850044944
4805,0.0788048552754435,225.852724382136,1,0.999853480268305
4806,0.104948646125117,225.899696487932,1,0.997501572774272
4807,0.137254901960784,225.946668593727,1,0.953515416061836
4808,0.154435107376284,225.993640699523,1,0.843582495301312
4809,0.163211951447246,226.040612805319,1,0.744159964074854
4810,0.184500466853408,226.087584911114,2,0.438529414925499
4811,0.200186741363212,226.13455701691,2,0.259156713486258
4812,0.205228758169935,226.181529122706,2,0.217772546118045
4813,0.212138188608777,226.228501228501,2,0.172498202396433
4814,0.224276377217554,226.275473334297,2,0.118126469386486
4815,0.233986928104575,226.322445440093,2,0.0908310442348812
4816,0.237908496732026,226.369417545888,2,0.0826640813495945
4817,0.24500466853408,226.416389651684,2,0.0710260907034938
4818,0.247432306255836,226.463361757479,2,0.0678208604370159
4819,0.242016806722689,226.510333863275,2,0.0754846469765219
4820,0.229318394024276,226.557305969071,2,0.102544066294397
4821,0.218860877684407,226.604278074866,2,0.139030219624792
4822,0.199253034547152,226.651250180662,2,0.267669637748032
4823,0.165452847805789,226.698222286458,1,0.714453411931052
4824,0.132586367880486,226.745194392253,1,0.96811381052436
4825,0.0957983193277311,226.792166498049,1,0.999031418239205
4826,0.0696545284780579,226.839138603845,1,0.999950521790655
4827,0.038468720821662,226.88611070964,1,0.999999146074425
4828,0.0166199813258637,226.933082815436,1,0.999999964308162
4829,0.0057889822595705,226.980054921231,1,0.999999993314331
4830,0.00392156862745098,227.027027027027,1,0.999999995025076
4831,0.00466853408029879,227.073999132823,1,0.999999994399412
4832,0.00522875816993464,227.120971238618,1,0.999999993880328
4833,0.0121381886087768,227.167943344414,1,0.999999982007379
4834,0.011577964519141,227.21491545021,1,0.999999983497116
4835,0.0166199813258637,227.261887556005,1,0.999999964308162
4836,0.0261437908496732,227.308859661801,1,0.999999852713817
4837,0.0373482726423903,227.355831767596,1,0.999999269551378
4838,0.0397759103641457,227.402803873392,1,0.999998976325441
4839,0.0362278244631186,227.449775979188,1,0.999999375621449
4840,0.0300653594771242,227.496748084983,1,0.999999739922209
4841,0.0293183940242764,227.543720190779,1,0.99999976646021
4842,0.0356676003734827,227.590692296575,1,0.999999422887647
4843,0.0440709617180205,227.63766440237,1,0.999998155403272
4844,0.0492997198879552,227.684636508166,1,0.99999627555868
4845,0.0552754435107376,227.731608613962,1,0.999991843354553
4846,0.0584500466853408,227.778580719757,1,0.999987732020362
4847,0.0556489262371615,227.825552825553,1,0.999991439568907
4848,0.0519140989729225,227.872524931348,1,0.999994738639187
4849,0.061437908496732,227.919497037144,1,0.999982080602615
4850,0.0634920634920635,227.96646914294,1,0.999976817147244
4851,0.0679738562091503,228.013441248735,1,0.999959676872939
4852,0.0743230625583567,228.060413354531,1,0.99991339040722
4853,0.0868347338935574,228.107385460327,1,0.999634841731326
4854,0.111671335200747,228.154357566122,1,0.995144377110754
4855,0.140056022408964,228.201329671918,1,0.942226958014922
4856,0.155368814192344,228.248301777714,1,0.834429954592833
4857,0.173669467787115,228.295273883509,1,0.596157332079207
4858,0.180392156862745,228.342245989305,2,0.496613818901035
4859,0.193650793650794,228.3892180951,2,0.324590300159275
4860,0.205788982259571,228.436190200896,2,0.213632128197139
4861,0.212324929971989,228.483162306692,2,0.171438589400118
4862,0.21437908496732,228.530134412487,2,0.160298793473223
4863,0.221475256769374,228.577106518283,2,0.128342000375692
4864,0.2296918767507,228.624078624079,2,0.101518041983697
4865,0.240336134453782,228.671050729874,2,0.0782656850407772
4866,0.250980392156863,228.71802283567,2,0.0637373338977446
4867,0.261437908496732,228.764994941466,2,0.0551369755403914
4868,0.265172735760971,228.811967047261,2,0.0530948768606055
4869,0.267413632119514,228.858939153057,2,0.0520925740361366
4870,0.272642390289449,228.905911258852,2,0.0503535796048479
4871,0.277124183006536,228.952883364648,2,0.0494881599679134
4872,0.278991596638655,228.999855470444,2,0.049290142622342
4873,0.27077497665733,229.046827576239,2,0.0508816239713214
4874,0.271148459383753,229.093799682035,2,0.0507679197479082
4875,0.273576097105509,229.140771787831,2,0.0501270521987045
4876,0.274136321195145,229.187743893626,2,0.0500029497106287
4877,0.271148459383753,229.234715999422,2,0.0507679197479082
4878,0.270028011204482,229.281688105218,2,0.0511213462837183
4879,0.276750700280112,229.328660211013,2,0.0495391042936444
4880,0.285714285714286,229.375632316809,2,0.0493513365575593
4881,0.290569561157796,229.422604422604,2,0.0501547128989771
4882,0.289822595704949,229.4695765284,2,0.0499886878505406
4883,0.287955182072829,229.516548634196,2,0.0496416226324683
4884,0.284407096171802,229.563520739991,2,0.0492447116615821
4885,0.283099906629318,229.610492845787,2,0.0491839171348078
4886,0.289635854341737,229.657464951583,2,0.0499496254638444
4887,0.303081232492997,229.704437057378,2,0.055443270004307
4888,0.315032679738562,229.751409163174,2,0.0659406821086959
4889,0.31391223155929,229.79838126897,2,0.0646729697930399
4890,0.311484593837535,229.845353374765,2,0.062146920804819
4891,0.306816059757236,229.892325480561,2,0.0580613999946144
4892,0.303267973856209,229.939297586356,2,0.0555615672526611
4893,0.30140056022409,229.986269692152,2,0.0544353222943836
4894,0.299159663865546,230.033241797948,2,0.0532445816087422
4895,0.292997198879552,230.080213903743,2,0.0508039165520108
4896,0.288888888888889,230.127186009539,2,0.049803087833654
4897,0.288888888888889,230.174158115335,2,0.049803087833654
4898,0.283846872082166,230.22113022113,2,0.0492130571148051
4899,0.278057889822596,230.268102326926,2,0.0493773716809455
4900,0.274509803921569,230.315074432722,2,0.0499250990829808
4901,0.272829131652661,230.362046538517,2,0.0503062938879689
4902,0.271335200746965,230.409018644313,2,0.0507125958427698
4903,0.269281045751634,230.455990750108,2,0.0513776635990547
4904,0.266293183940243,230.502962855904,2,0.0525736132480194
4905,0.26984126984127,230.5499349617,2,0.0511838613017694
4906,0.270214752567694,230.596907067495,2,0.0510598683801367
4907,0.276190476190476,230.643879173291,2,0.0496226570622689
4908,0.284033613445378,230.690851279087,2,0.0492226745168992
4909,0.287955182072829,230.737823384882,2,0.0496416226324683
4910,0.287208216619981,230.784795490678,2,0.0495296795628261
4911,0.288888888888889,230.831767596473,2,0.049803087833654
4912,0.292997198879552,230.878739702269,2,0.0508039165520108
4913,0.302147525676937,230.925711808065,2,0.0548708211077625
4914,0.303081232492997,230.97268391386,2,0.055443270004307
4915,0.303267973856209,231.019656019656,2,0.0555615672526611
4916,0.304761904761905,231.066628125452,2,0.0565547697841747
4917,0.305695611577965,231.113600231247,2,0.0572188753949912
4918,0.30812324929972,231.160572337043,2,0.0591094265514595
4919,0.312231559290383,231.207544442839,2,0.062893063926495
4920,0.313725490196078,231.254516548634,2,0.064468105816688
4921,0.319701213818861,231.30148865443,2,0.0719888686020781
4922,0.31391223155929,231.348460760225,2,0.0646729697930399
4923,0.308309990662932,231.395432866021,2,0.0592650251358562
4924,0.305135387488329,231.442404971817,2,0.0568163365508923
4925,0.301213818860878,231.489377077612,2,0.0543295153963295
4926,0.287581699346405,231.536349183408,2,0.0495837442410957
4927,0.265732959850607,231.583321289204,2,0.0528291538544873
4928,0.248552754435107,231.630293394999,2,0.0664575850912223
4929,0.226517273576097,231.677265500795,2,0.110785537155019
4930,0.196265172735761,231.724237606591,2,0.296770703490144
4931,0.162278244631186,231.771209712386,1,0.756078033803698
4932,0.134640522875817,231.818181818182,1,0.962279488315498
4933,0.119887955182073,231.865153923977,1,0.98946821417555
4934,0.109803921568627,231.912126029773,1,0.995951674901818
4935,0.0926237161531279,231.959098135569,1,0.999310714502228
4936,0.0704014939309057,232.006070241364,1,0.999945839573109
4937,0.0677871148459384,232.05304234716,1,0.999960587171103
4938,0.0700280112044818,232.100014452956,1,0.99994823152815
4939,0.0780578898225957,232.146986558751,1,0.999865665368459
4940,0.0888888888888889,232.193958664547,1,0.999541490569065
4941,0.095985060690943,232.240930770343,1,0.999012021304251
4942,0.103267973856209,232.287902876138,1,0.997892904090265
4943,0.119514472455649,232.334874981934,1,0.989822910933781
4944,0.137628384687208,232.381847087729,1,0.952129481047525
4945,0.150140056022409,232.428819193525,1,0.881143524970497
4946,0.166760037348273,232.475791299321,1,0.696480110027505
4947,0.183380018674136,232.522763405116,2,0.454034485804393
4948,0.2,232.569735510912,2,0.260837457907816
4949,0.220354808590103,232.616707616708,2,0.132779168376386
4950,0.236974789915966,232.663679722503,2,0.0844841684188343
4951,0.240336134453782,232.710651828299,2,0.0782656850407772
4952,0.233613445378151,232.757623934095,2,0.0916837741448257
4953,0.236227824463119,232.80459603989,2,0.0859945188600922
4954,0.204295051353875,232.851568145686,2,0.22487060901155
4955,0.163772175536881,232.898540251481,1,0.736874605769005
4956,0.11391223155929,232.945512357277,1,0.993977457305513
4957,0.0760037348272642,232.992484463073,1,0.999894372972335
4958,0.0448179271708683,233.039456568868,1,0.999997958681208
4959,0.0138188608776844,233.086428674664,1,0.999999976706694
4960,0.00859010270774977,233.13340078046,1,0.999999989623261
4961,0.00709617180205415,233.180372886255,1,0.999999991787391
4962,0.00522875816993464,233.227344992051,1,0.999999993880328
4963,0.0061624649859944,233.274317097847,1,0.999999992908914
4964,0.0132586367880486,233.321289203642,1,0.999999978623822
4965,0.0315592903828198,233.368261309438,1,0.999999677764859
4966,0.0662931839402428,233.415233415233,1,0.999967190984533
4967,0.109430438842204,233.462205521029,1,0.99609725005641
4968,0.140989729225023,233.509177626825,1,0.937980634340042
4969,0.16265172735761,233.55614973262,1,0.751345169181052
4970,0.1828197945845,233.603121838416,2,0.461889336369712
4971,0.206162464985994,233.650093944212,2,0.210920437508587
4972,0.223716153127918,233.697066050007,2,0.120073700715415
4973,0.234173669467787,233.744038155803,2,0.0904098180200088
4974,0.246311858076564,233.791010261599,2,0.0692562247038434
4975,0.26218487394958,233.837982367394,2,0.0546897711543777
4976,0.275256769374416,233.88495447319,2,0.0497810447537952
4977,0.295424836601307,233.931926578985,2,0.0516255924811971
4978,0.296171802054155,233.978898684781,2,0.0519142485369991
4979,0.294491129785247,234.025870790577,2,0.0512887037957316
4980,0.290569561157796,234.072842896372,2,0.0501547128989771
4981,0.284780578898226,234.119815002168,2,0.0492704893036385
4982,0.281792717086835,234.166787107964,2,0.0491687923924774
4983,0.279925303454715,234.213759213759,2,0.049226355126771
4984,0.281232492997199,234.260731319555,2,0.049176276744949
4985,0.278057889822596,234.30770342535,2,0.0493773716809455
4986,0.28608776844071,234.354675531146,2,0.0493902550337541
4987,0.288328664799253,234.401647636942,2,0.0497033272584267
4988,0.285714285714286,234.448619742737,2,0.0493513365575593
4989,0.283660130718954,234.495591848533,2,0.0492043731183541
4990,0.281419234360411,234.542563954329,2,0.0491728507662298
4991,0.26890756302521,234.589536060124,2,0.0515121150907433
4992,0.255275443510738,234.63650816592,2,0.0596380310579742
4993,0.24593837535014,234.683480271716,2,0.0697512321046222
4994,0.228011204481793,234.730452377511,2,0.106267340038494
4995,0.2,234.777424483307,2,0.260837457907816
4996,0.168253968253968,234.824396589102,1,0.675442725403788
4997,0.129038281979458,234.871368694898,1,0.976328525058476
4998,0.0879551820728291,234.918340800694,1,0.99958643908544
4999,0.0519140989729225,234.965312906489,1,0.999994738639187
5000,0.0319327731092437,235.012285012285,1,0.999999660097919
5001,0.0209150326797386,235.059257118081,1,0.999999931927119
5002,0.0201680672268908,235.106229223876,1,0.999999939111308
5003,0.0186741363211951,235.153201329672,1,0.999999951331658
5004,0.0186741363211951,235.200173435468,1,0.999999951331658
5005,0.0184873949579832,235.247145541263,1,0.999999952679822
5006,0.0214752567693744,235.294117647059,1,0.999999926003456
5007,0.026890756302521,235.341089752854,1,0.999999835754876
5008,0.034547152194211,235.38806185865,1,0.999999507221619
5009,0.0281979458450047,235.435033964446,1,0.999999801396061
5010,0.0300653594771242,235.482006070241,1,0.999999739922209
5011,0.0289449112978525,235.528978176037,1,0.999999778722221
5012,0.0246498599439776,235.575950281833,1,0.999999881672437
5013,0.02296918767507,235.622922387628,1,0.999999907644298
5014,0.0235294117647059,235.669894493424,1,0.99999989967351
5015,0.0214752567693744,235.71686659922,1,0.999999926003456
5016,0.0186741363211951,235.763838705015,1,0.999999951331658
5017,0.0151260504201681,235.810810810811,1,0.99999997155773
5018,0.0169934640522876,235.857782916606,1,0.999999962231165
5019,0.0227824463118581,235.904755022402,1,0.999999910161509
5020,0.0261437908496732,235.951727128198,1,0.999999852713817
5021,0.0351073762838469,235.998699233993,1,0.999999466671334
5022,0.0526610644257703,236.045671339789,1,0.999994196975591
5023,0.057703081232493,236.092643445585,1,0.999988849627091
5024,0.0487394957983193,236.13961555138,1,0.99999654307626
5025,0.0380952380952381,236.186587657176,1,0.999999189329256
5026,0.0425770308123249,236.233559762972,1,0.99999849523914
5027,0.0550887021475257,236.280531868767,1,0.999992038285801
5028,0.0720821661998133,236.327503974563,1,0.999933697686406
5029,0.0830999066293184,236.374476080358,1,0.999760104350738
5030,0.0920634920634921,236.421448186154,1,0.99935126903452
5031,0.105882352941176,236.46842029195,1,0.99725556558041
5032,0.119140989729225,236.515392397745,1,0.990166556308663
5033,0.123062558356676,236.562364503541,1,0.98596046318152
5034,0.143043884220355,236.609336609337,1,0.927712065808614
5035,0.157236227824463,236.656308715132,1,0.81507035993678
5036,0.161904761904762,236.703280820928,1,0.760763997023716
5037,0.168814192343604,236.750252926724,1,0.667434131630018
5038,0.179271708683473,236.797225032519,1,0.512955480750907
5039,0.181699346405229,236.844197138315,2,0.477786202446343
5040,0.178524743230626,236.89116924411,1,0.523936049320081
5041,0.160224089635854,236.938141349906,1,0.781247723771905
5042,0.151073762838469,236.985113455702,1,0.87360752536446
5043,0.132773109243697,237.032085561497,1,0.967618544038255
5044,0.115032679738562,237.079057667293,1,0.993300548311322
5045,0.106442577030812,237.126029773089,1,0.997097206970684
5046,0.102707749766573,237.173001878884,1,0.998009959151053
5047,0.0974789915966387,237.21997398468,1,0.998843034071089
5048,0.0892623716153128,237.266946090476,1,0.999522238999829
5049,0.0739495798319328,237.313918196271,1,0.999917146074397
5050,0.073202614379085,237.360890302067,1,0.999924194050081
5051,0.0825396825396825,237.407862407862,1,0.999774911423402
5052,0.104575163398693,237.454834513658,1,0.997594036081114
5053,0.129411764705882,237.501806619454,1,0.975563618666304
5054,0.14453781512605,237.548778725249,1,0.919394323740025
5055,0.151073762838469,237.595750831045,1,0.87360752536446
5056,0.151820728291317,237.642722936841,1,0.867329007803821
5057,0.156676003734827,237.689695042636,1,0.82102487128381
5058,0.16171802054155,237.736667148432,1,0.763089113039282
5059,0.158356676003735,237.783639254228,1,0.802789618987309
5060,0.146218487394958,237.830611360023,1,0.909126145653822
5061,0.139122315592904,237.877583465819,1,0.946224559477344
5062,0.143417366946779,237.924555571614,1,0.925701781779325
5063,0.148085901027077,237.97152767741,1,0.896525203041072
5064,0.147712418300654,238.018499783206,1,0.899148735153732
5065,0.158916900093371,238.065471889001,1,0.796466058338738
5066,0.159290382819795,238.112443994797,1,0.792183578946288
5067,0.162091503267974,238.159416100593,1,0.758426934243677
5068,0.166199813258637,238.206388206388,1,0.704236236777956
5069,0.173295985060691,238.253360312184,1,0.601717425203841
5070,0.179831932773109,238.300332417979,1,0.504763527071201
5071,0.182633053221289,238.347304523775,2,0.46452193264119
5072,0.18375350140056,238.394276629571,2,0.448834989422174
5073,0.189915966386555,238.441248735366,2,0.368113810399827
5074,0.188795518207283,238.488220841162,2,0.382008392510904
5075,0.188608776844071,238.535192946958,2,0.384360229496635
5076,0.190662931839402,238.582165052753,2,0.359060978252609
5077,0.191223155929038,238.629137158549,2,0.352383937458716
5078,0.194771241830065,238.676109264345,2,0.312397608273492
5079,0.20186741363212,238.72308137014,2,0.244515248045906
5080,0.212324929971989,238.770053475936,2,0.171438589400118
5081,0.209150326797386,238.817025581731,2,0.190578705684634
5082,0.210644257703081,238.863997687527,2,0.181268532911139
5083,0.205788982259571,238.910969793323,2,0.213632128197139
5084,0.194024276377218,238.957941899118,2,0.320481163935668
5085,0.179831932773109,239.004914004914,1,0.504763527071201
5086,0.163958916900093,239.05188611071,1,0.73442449346393
5087,0.146965452847806,239.098858216505,1,0.904239786462286
5088,0.134080298786181,239.145830322301,1,0.963957108984948
5089,0.110737628384687,239.192802428097,1,0.99556518211026
5090,0.105508870214753,239.239774533892,1,0.997356584187842
5091,0.104575163398693,239.286746639688,1,0.997594036081114
5092,0.109243697478992,239.333718745483,1,0.996168184281992
5093,0.111297852474323,239.380690851279,1,0.995316989698751
5094,0.112231559290383,239.427662957075,1,0.994874279302709
5095,0.116339869281046,239.47463506287,1,0.992421631145613
5096,0.123622782446312,239.521607168666,1,0.985240195180269
5097,0.127357609710551,239.568579274462,1,0.979510723068642
5098,0.129785247432306,239.615551380257,1,0.974776592704551
5099,0.13781512605042,239.662523486053,1,0.951423260409595
5100,0.153501400560224,239.709495591849,1,0.852381290682016
5101,0.176470588235294,239.756467697644,1,0.554387975657312
5102,0.199253034547152,239.80343980344,2,0.267669637748032
5103,0.219047619047619,239.850411909235,2,0.13822724674034
5104,0.229878618113912,239.897384015031,2,0.101011164579234
5105,0.240336134453782,239.944356120827,2,0.0782656850407772
5106,0.243884220354809,239.991328226622,2,0.0726285622684626
5107,0.252100840336134,240.038300332418,2,0.0625836947423937
5108,0.261624649859944,240.085272438214,2,0.0550232995018222
5109,0.266106442577031,240.132244544009,2,0.0526576700588498
5110,0.26218487394958,240.179216649805,2,0.0546897711543777
5111,0.257889822595705,240.226188755601,2,0.0575441133399173
5112,0.256209150326797,240.273160861396,2,0.0588573114135444
5113,0.260877684407096,240.320132967192,2,0.0554855932523183
5114,0.261811391223156,240.367105072987,2,0.0549108776390293
5115,0.265919701213819,240.414077178783,2,0.0527428486856518
5116,0.273202614379085,240.461049284579,2,0.050214697762566
5117,0.278057889822596,240.508021390374,2,0.0493773716809455
5118,0.278804855275444,240.55499349617,2,0.0493057098012154
5119,0.273202614379085,240.601965601966,2,0.0502146977625659
5120,0.26797385620915,240.648937707761,2,0.0518668358874592
5121,0.257142857142857,240.695909813557,2,0.0581134249752955
5122,0.250233426704015,240.742881919353,2,0.0645414473540731
5123,0.240709617180205,240.789854025148,2,0.0776297039627185
5124,0.232866479925303,240.836826130944,2,0.093431089957311
5125,0.230438842203548,240.883798236739,2,0.0995146966335997
5126,0.226890756302521,240.930770342535,2,0.109628802389428
5127,0.220915032679739,240.977742448331,2,0.130534392680781
5128,0.216993464052288,241.024714554126,2,0.147414129981175
5129,0.212138188608777,241.071686659922,2,0.172498202396433
5130,0.213071895424837,241.118658765718,2,0.167279473761988
5131,0.211204481792717,241.165630871513,2,0.177917775769114
5132,0.209150326797386,241.212602977309,2,0.190578705684634
5133,0.206909430438842,241.259575083105,2,0.205611997417296
5134,0.213818860877684,241.3065471889,2,0.163244901915187
5135,0.226890756302521,241.353519294696,2,0.109628802389428
5136,0.238842203548086,241.400491400491,2,0.0809167579190579
5137,0.252474323062558,241.447463506287,2,0.0622127917661577
5138,0.257329598506069,241.494435612083,2,0.0579689723260848
5139,0.265359477124183,241.541407717878,2,0.0530051630510577
5140,0.272642390289449,241.588379823674,2,0.0503535796048479
5141,0.278991596638655,241.63535192947,2,0.049290142622342
5142,0.281605975723623,241.682324035265,2,0.0491703560268687
5143,0.279178338001867,241.729296141061,2,0.0492755130046405
5144,0.273576097105509,241.776268246857,2,0.0501270521987045
5145,0.265732959850607,241.823240352652,2,0.0528291538544873
5146,0.264425770308123,241.870212458448,2,0.0534652440819809
5147,0.254154995331466,241.917184564243,2,0.0606251097440129
5148,0.237908496732026,241.964156670039,2,0.0826640813495945
5149,0.233239962651727,242.011128775835,2,0.0925503842852885
5150,0.225396825396825,242.05810088163,2,0.114368427954263
5151,0.197945845004669,242.105072987426,2,0.280050187592237
5152,0.172735760971055,242.152045093222,1,0.610043718002256
5153,0.138935574229692,242.199017199017,1,0.946995153409732
5154,0.0935574229691877,242.245989304813,1,0.999237719733741
5155,0.0455648926237162,242.292961410608,1,0.999997741698883
5156,0.0199813258636788,242.339933516404,1,0.999999940788556
5157,0.00971055088702148,242.3869056222,1,0.99999998764387
5158,0.00448179271708683,242.433877727995,1,0.999999994562681
5159,0.00392156862745098,242.480849833791,1,0.999999995025076
5160,0.00802987861811391,242.527821939587,1,0.999999990493222
5161,0.00765639589169001,242.574794045382,1,0.99999999103318
5162,0.00597572362278245,242.621766151178,1,0.999999993114537
5163,0.0119514472455649,242.668738256974,1,0.999999982517983
5164,0.0313725490196078,242.715710362769,1,0.999999686260308
5165,0.061624649859944,242.762682468565,1,0.999981654301401
5166,0.0972922502334267,242.80965457436,1,0.998865564449063
5167,0.133333333333333,242.856626680156,1,0.966091656315531
5168,0.156302521008403,242.903598785952,1,0.824924970443711
5169,0.177404295051354,242.950570891747,1,0.540508699019231
5170,0.194024276377218,242.997542997543,2,0.320481163935668
5171,0.206349206349206,243.044515103339,2,0.209579030072783
5172,0.214752567693744,243.091487209134,2,0.158371990870851
5173,0.225583566760037,243.13845931493,2,0.113759331264595
5174,0.234733893557423,243.185431420726,2,0.0891663809517158
5175,0.240896358543417,243.232403526521,2,0.0773156221595508
5176,0.24780578898226,243.279375632317,2,0.0673585741639882
5177,0.242203548085901,243.326347738112,2,0.0751882288411789
5178,0.240336134453782,243.373319843908,2,0.0782656850407772
5179,0.239402427637722,243.420291949704,2,0.0799021612584302
5180,0.237908496732026,243.467264055499,2,0.0826640813495945
5181,0.237908496732026,243.514236161295,2,0.0826640813495945
5182,0.235480859010271,243.561208267091,2,0.0875547397351116
5183,0.211204481792717,243.608180372886,2,0.177917775769114
5184,0.177217553688142,243.655152478682,1,0.543280406293591
5185,0.144164332399627,243.702124584478,1,0.921543531814107
5186,0.10905695611578,243.749096690273,1,0.996237908752048
5187,0.0782446311858077,243.796068796069,1,0.99986271343663
5188,0.061437908496732,243.843040901864,1,0.999982080602615
5189,0.0586367880485528,243.89001300766,1,0.999987436161886
5190,0.069094304388422,243.936985113456,1,0.999953775526378
5191,0.0920634920634921,243.983957219251,1,0.99935126903452
5192,0.11577964519141,244.030929325047,1,0.992810662535371
5193,0.13968253968254,244.077901430843,1,0.94385525988425
5194,0.181699346405229,244.124873536638,2,0.477786202446343
5195,0.21344537815126,244.171845642434,2,0.16524681889048
5196,0.223716153127918,244.21881774823,2,0.120073700715415
5197,0.241083099906629,244.265789854025,2,0.0770041203623946
5198,0.263865546218487,244.312761959821,2,0.0537552525117985
5199,0.275070028011205,244.359734065616,2,0.0498156074497388
5200,0.277310924369748,244.406706171412,2,0.0494641108542222
5201,0.275816993464052,244.453678277208,2,0.0496831339968536
5202,0.271148459383753,244.500650383003,2,0.0507679197479082
5203,0.264612511671335,244.547622488799,2,0.0533709152276467
5204,0.259197012138189,244.594594594595,2,0.056601326402499
5205,0.254154995331466,244.64156670039,2,0.0606251097440129
5206,0.250793650793651,244.688538806186,2,0.0639356949186001
5207,0.248366013071895,244.735510911982,2,0.0666799183892854
5208,0.247058823529412,244.782483017777,2,0.068291155190541
5209,0.255648926237162,244.829455123573,2,0.0593212522140275
5210,0.258823529411765,244.876427229368,2,0.0568638623579436
5211,0.257516339869281,244.923399335164,2,0.0578259416338399
5212,0.253034547152194,244.97037144096,2,0.0616689258198332
5213,0.247992530345472,245.017343546755,2,0.0671303994361467
5214,0.244257703081232,245.064315652551,2,0.0720854083231277
5215,0.24500466853408,245.111287758347,2,0.0710260907034939
5216,0.247992530345472,245.158259864142,2,0.0671303994361467
5217,0.257329598506069,245.205231969938,2,0.0579689723260848
5218,0.250046685340803,245.252204075734,2,0.064746961189402
5219,0.240896358543417,245.299176181529,2,0.0773156221595508
5220,0.235294117647059,245.346148287325,2,0.0879527677093892
5221,0.233053221288515,245.39312039312,2,0.0929889615891319
5222,0.230999066293184,245.440092498916,2,0.0980538302553421
5223,0.228011204481793,245.487064604712,2,0.106267340038494
5224,0.224276377217554,245.534036710507,2,0.118126469386486
5225,0.228011204481793,245.581008816303,2,0.106267340038494
5226,0.233613445378151,245.627980922099,2,0.0916837741448257
5227,0.240522875816993,245.674953027894,2,0.0779463850928621
5228,0.242763772175537,245.72192513369,2,0.0743135990908095
5229,0.241643323996265,245.768897239486,2,0.0760849043206787
5230,0.237908496732026,245.815869345281,2,0.0826640813495945
5231,0.234733893557423,245.862841451077,2,0.0891663809517158
5232,0.233613445378151,245.909813556872,2,0.0916837741448257
5233,0.239589169000934,245.956785662668,2,0.0795694688347869
5234,0.243697478991597,246.003757768464,2,0.0729035704970234
5235,0.249299719887955,246.050729874259,2,0.0655873245365315
5236,0.252287581699346,246.097701980055,2,0.0623974034875031
5237,0.252847805788982,246.144674085851,2,0.0618485636237613
5238,0.251167133520075,246.191646191646,2,0.0635407314445801
5239,0.251353874883287,246.238618297442,2,0.0633458759337096
5240,0.251353874883287,246.285590403237,2,0.0633458759337096
5241,0.247058823529412,246.332562509033,2,0.068291155190541
5242,0.251914098972922,246.379534614829,2,0.0627716764907631
5243,0.25546218487395,246.426506720624,2,0.0594788870812812
5244,0.257516339869281,246.47347882642,2,0.0578259416338398
5245,0.261811391223156,246.520450932216,2,0.0549108776390293
5246,0.267413632119514,246.567423038011,2,0.0520925740361366
5247,0.270401493930906,246.614395143807,2,0.0509994242234107
5248,0.26984126984127,246.661367249603,2,0.0511838613017694
5249,0.263492063492063,246.708339355398,2,0.0539544971964139
5250,0.259010270774977,246.755311461194,2,0.0567319188204655
5251,0.255648926237162,246.802283566989,2,0.0593212522140275
5252,0.254901960784314,246.849255672785,2,0.0599608833477809
5253,0.257142857142857,246.896227778581,2,0.0581134249752955
5254,0.26125116713352,246.943199884376,2,0.0552519121707692
5255,0.265732959850607,246.990171990172,2,0.0528291538544873
5256,0.266666666666667,247.037144095968,2,0.0524088464959691
5257,0.26890756302521,247.084116201763,2,0.0515121150907433
5258,0.270028011204482,247.131088307559,2,0.0511213462837183
5259,0.272082166199813,247.178060413355,2,0.0505014184215602
5260,0.270214752567694,247.22503251915,2,0.0510598683801367
5261,0.266106442577031,247.272004624946,2,0.0526576700588498
5262,0.261998132586368,247.318976730741,2,0.0547997036116263
5263,0.257329598506069,247.365948836537,2,0.0579689723260848
5264,0.25546218487395,247.412920942333,2,0.0594788870812812
5265,0.258263305322129,247.459893048128,2,0.0572678754091131
5266,0.257889822595705,247.506865153924,2,0.0575441133399173
5267,0.259383753501401,247.55383725972,2,0.0564720776569905
5268,0.258823529411765,247.600809365515,2,0.0568638623579436
5269,0.257889822595705,247.647781471311,2,0.0575441133399173
5270,0.257516339869281,247.694753577107,2,0.0578259416338399
5271,0.256395891690009,247.741725682902,2,0.0587056225988575
5272,0.257142857142857,247.788697788698,2,0.0581134249752955
5273,0.262558356676004,247.835669894493,2,0.0544736062622271
5274,0.258450046685341,247.882642000289,2,0.0571318329961085
5275,0.252287581699346,247.929614106085,2,0.0623974034875031
5276,0.246498599439776,247.97658621188,2,0.0690118612283741
5277,0.24014939309057,248.023558317676,2,0.0785876234682432
5278,0.233613445378151,248.070530423472,2,0.0916837741448257
5279,0.226890756302521,248.117502529267,2,0.109628802389428
5280,0.222408963585434,248.164474635063,2,0.12480132638778
5281,0.214752567693744,248.211446740859,2,0.158371990870851
5282,0.212138188608777,248.258418846654,2,0.172498202396433
5283,0.202614379084967,248.30539095245,2,0.238284288545978
5284,0.187675070028011,248.352363058245,2,0.396270172114578
5285,0.173669467787115,248.399335164041,1,0.596157332079207
5286,0.154621848739496,248.446307269837,1,0.841780266396996
5287,0.124929971988796,248.493279375632,1,0.983426413609063
5288,0.0997198879551821,248.540251481428,1,0.998537420288642
5289,0.0933706816059757,248.587223587224,1,0.999252882151386
5290,0.0629318394024276,248.634195693019,1,0.999978384367447
5291,0.0332399626517274,248.681167798815,1,0.999999590537037
5292,0.0225957049486461,248.728139904611,1,0.999999912611852
5293,0.0203548085901027,248.775112010406,1,0.999999937387796
5294,0.0171802054154995,248.822084116202,1,0.999999961148933
5295,0.0132586367880486,248.869056221997,1,0.999999978623822
5296,0.0123249299719888,248.916028327793,1,0.999999981482231
5297,0.0280112044817927,248.963000433589,1,0.999999806701381
5298,0.0597572362278245,249.009972539384,1,0.99998551106842
5299,0.102894491129785,249.05694464518,1,0.9979716399473
5300,0.132959850606909,249.103916750976,1,0.967116479520079
5301,0.141736694677871,249.150888856771,1,0.934397493741405
5302,0.138001867413632,249.197860962567,1,0.950708093691248
5303,0.132399626517274,249.244833068363,1,0.968602353450715
5304,0.129785247432306,249.291805174158,1,0.974776592704551
5305,0.114098972922502,249.338777279954,1,0.993869252442135
5306,0.105695611577965,249.385749385749,1,0.997306520408435
5307,0.105322128851541,249.432721491545,1,0.997405771378368
5308,0.115966386554622,249.479693597341,1,0.992683095188629
5309,0.130345471521942,249.526665703136,1,0.973553413448383
5310,0.140616246498599,249.573637808932,1,0.939709678741575
5311,0.152380952380952,249.620609914728,1,0.862473197512901
5312,0.163025210084034,249.667582020523,1,0.746566327019385
5313,0.157983193277311,249.714554126319,1,0.806937838109392
5314,0.16078431372549,249.761526232115,1,0.774531854601893
5315,0.151820728291317,249.80849833791,1,0.867329007803821
5316,0.132773109243697,249.855470443706,1,0.967618544038255
5317,0.0909430438842204,249.902442549501,1,0.999425673072476
5318,0.0717086834733894,249.949414655297,1,0.999936603125906
5319,0.0267040149393091,249.996386761093,1,0.999999840164649
5320,0.011391223155929,250.043358866888,1,0.999999983966401
5321,0.00597572362278245,250.090330972684,1,0.999999993114537
5322,0.00485527544351074,250.13730307848,1,0.999999994231356
5323,0.00522875816993464,250.184275184275,1,0.999999993880328
5324,0.00728291316526611,250.231247290071,1,0.999999991543145
5325,0.0065359477124183,250.278219395866,1,0.999999992479511
5326,0.00784313725490196,250.325191501662,1,0.999999990767056
5327,0.0128851540616246,250.372163607458,1,0.999999979815433
5328,0.019421101774043,250.419135713253,1,0.999999945554651
5329,0.034547152194211,250.466107819049,1,0.999999507221619
5330,0.0448179271708683,250.513079924845,1,0.999997958681208
5331,0.0407096171802054,250.56005203064,1,0.999998835480795
5332,0.0311858076563959,250.607024136436,1,0.999999694537865
5333,0.0295051353874883,250.653996242232,1,0.999999760083866
5334,0.0278244631185808,250.700968348027,1,0.999999811868727
5335,0.03828197945845,250.747940453823,1,0.9999991679746
5336,0.0623716153127918,250.794912559618,1,0.999979849253435
5337,0.0887021475256769,250.841884665414,1,0.999550837006337
5338,0.110550887021475,250.88885677121,1,0.9956451402691
5339,0.138935574229692,250.935828877005,1,0.946995153409732
5340,0.163398692810458,250.982800982801,1,0.741742471366451
5341,0.17703081232493,251.029773088597,1,0.546054372321132
5342,0.188795518207283,251.076745194392,2,0.382008392510904
5343,0.200560224089636,251.123717300188,2,0.255827789663047
5344,0.20765639589169,251.170689405984,2,0.20045428998907
5345,0.219794584500467,251.217661511779,2,0.135077488397747
5346,0.226517273576097,251.264633617575,2,0.110785537155019
5347,0.233800186741363,251.31160572337,2,0.0912556874834801
5348,0.236974789915966,251.358577829166,2,0.0844841684188344
5349,0.23828197945845,251.405549934962,2,0.0819565742837832
5350,0.241269841269841,251.452522040757,2,0.0766951794189658
5351,0.246498599439776,251.499494146553,2,0.0690118612283741
5352,0.250420168067227,251.546466252349,2,0.0643377397350447
5353,0.256956115779645,251.593438358144,2,0.0582593078871831
5354,0.258823529411765,251.64041046394,2,0.0568638623579436
5355,0.255275443510738,251.687382569736,2,0.0596380310579742
5356,0.245564892623716,251.734354675531,2,0.0702547133318309
5357,0.238655462184874,251.781326781327,2,0.0812605329075151
5358,0.23828197945845,251.828298887122,2,0.0819565742837832
5359,0.238095238095238,251.875270992918,2,0.0823088837264627
5360,0.23734827264239,251.922243098714,2,0.0837472241440469
5361,0.247058823529412,251.969215204509,2,0.068291155190541
5362,0.241456582633053,252.016187310305,2,0.076388780344514
5363,0.227824463118581,252.063159416101,2,0.106816457337286
5364,0.213818860877684,252.110131521896,2,0.163244901915187
5365,0.201120448179272,252.157103627692,2,0.250915365384793
5366,0.17516339869281,252.204075733488,1,0.573877226011198
5367,0.140989729225023,252.251047839283,1,0.937980634340042
5368,0.122128851540616,252.298019945079,1,0.987089741799935
5369,0.112978524743231,252.344992050874,1,0.994492291904486
5370,0.113538748832866,252.39196415667,1,0.994188549924423
5371,0.126237161531279,252.438936262466,1,0.981411761036258
5372,0.144911297852474,252.485908368261,1,0.917197581122198
5373,0.158916900093371,252.532880474057,1,0.796466058338738
5374,0.166573295985061,252.579852579853,1,0.699074043720416
5375,0.176844070961718,252.626824685648,1,0.548830412934532
5376,0.189542483660131,252.673796791444,2,0.372703718958152
5377,0.180392156862745,252.72076889724,2,0.496613818901035
5378,0.179831932773109,252.767741003035,1,0.504763527071201
5379,0.183380018674136,252.814713108831,2,0.454034485804393
5380,0.189915966386555,252.861685214626,2,0.368113810399827
5381,0.196265172735761,252.908657320422,2,0.296770703490144
5382,0.20186741363212,252.955629426218,2,0.244515248045906
5383,0.211764705882353,253.002601532013,2,0.174641579624799
5384,0.221475256769374,253.049573637809,2,0.128342000375692
5385,0.234173669467787,253.096545743605,2,0.0904098180200088
5386,0.246311858076564,253.1435178494,2,0.0692562247038434
5387,0.255835667600373,253.190489955196,2,0.0591651173234552
5388,0.26125116713352,253.237462060992,2,0.0552519121707692
5389,0.267226890756303,253.284434166787,2,0.0521699955691933
5390,0.271148459383753,253.331406272583,2,0.0507679197479082
5391,0.267040149393091,253.378378378378,2,0.0522485119196717
5392,0.257703081232493,253.425350484174,2,0.0576843246814786
5393,0.252287581699346,253.47232258997,2,0.0623974034875031
5394,0.234733893557423,253.519294695765,2,0.0891663809517158
5395,0.217740429505135,253.566266801561,2,0.143982006728454
5396,0.191783380018674,253.613238907357,2,0.345804622701873
5397,0.165826330532213,253.660211013152,1,0.709363116297952
5398,0.121008403361345,253.707183118948,1,0.988334619464183
5399,0.0606909430438842,253.754155224743,1,0.999983692271929
5400,0.0358543417366947,253.801127330539,1,0.999999407532015
5401,0.0397759103641457,253.848099436335,1,0.999998976325441
5402,0.0526610644257703,253.89507154213,1,0.999994196975591
5403,0.0737628384687208,253.942043647926,1,0.999918964813049
5404,0.0980392156862745,253.989015753722,1,0.99877287222728
5405,0.13202614379085,254.035987859517,1,0.969559564285652
5406,0.173295985060691,254.082959965313,1,0.601717425203841
5407,0.202240896358543,254.129932071109,2,0.241378767629667
5408,0.21437908496732,254.176904176904,2,0.160298793473223
5409,0.224276377217554,254.2238762827,2,0.118126469386486
5410,0.224463118580766,254.270848388495,2,0.117487624679297
5411,0.226330532212885,254.317820494291,2,0.111370858032386
5412,0.228944911297852,254.364792600087,2,0.103586661241411
5413,0.230065359477124,254.411764705882,2,0.1005083352163
5414,0.228384687208217,254.458736811678,2,0.105182186500396
5415,0.223342670401494,254.505708917474,2,0.121397823999185
5416,0.219607843137255,254.552681023269,2,0.135855697087354
5417,0.200560224089636,254.599653129065,2,0.255827789663047
5418,0.174789915966387,254.646625234861,1,0.579450075695751
5419,0.139309056956116,254.693597340656,1,0.945444435068501
5420,0.0978524743230626,254.740569446452,1,0.998796695469911
5421,0.0545284780578898,254.787541552247,1,0.999992596455724
5422,0.0317460317460317,254.834513658043,1,0.99999966904596
5423,0.0431372549019608,254.881485763839,1,0.999998375592136
5424,0.0717086834733894,254.928457869634,1,0.999936603125906
5425,0.109243697478992,254.97542997543,1,0.996168184281992
5426,0.142110177404295,255.022402081226,1,0.932542076080501
5427,0.180018674136321,255.069374187021,1,0.502042046712244
5428,0.204668534080299,255.116346292817,2,0.222001511989041
5429,0.216993464052288,255.163318398613,2,0.147414129981175
5430,0.224649859943978,255.210290504408,2,0.11685383220474
5431,0.23155929038282,255.257262610204,2,0.0966277518841238
5432,0.234547152194211,255.304234715999,2,0.0895775122311851
5433,0.230812324929972,255.351206821795,2,0.0985368805861235
5434,0.232119514472456,255.398178927591,2,0.0952356663886858
5435,0.232306255835668,255.445151033386,2,0.0947790570589809
5436,0.228571428571429,255.492123139182,2,0.104646083676021
5437,0.225770308123249,255.539095244978,2,0.113155062361097
5438,0.222595704948646,255.586067350773,2,0.124109815097326
5439,0.213071895424837,255.633039456569,2,0.167279473761988
5440,0.202987861811391,255.680011562365,2,0.23523150976475
5441,0.1703081232493,255.72698366816,1,0.645809446128491
5442,0.145845004668534,255.773955773956,1,0.911493876557896
5443,0.110737628384687,255.820927879751,1,0.99556518211026
5444,0.0763772175536881,255.867899985547,1,0.999889633499418
5445,0.0476190476190476,255.914872091343,1,0.999997023447183
5446,0.03062558356676,255.961844197138,1,0.999999718116767
5447,0.0349206349206349,256.008816302934,1,0.999999480535569
5448,0.0489262371615313,256.05578840873,1,0.999996456039325
5449,0.0894491129785247,256.102760514525,1,0.999512326890336
5450,0.120821661998133,256.149732620321,1,0.988531031099271
5451,0.154808590102708,256.196704726117,1,0.839963888705789
5452,0.17796451914099,256.243676831912,1,0.532208953535376
5453,0.193464052287582,256.290648937708,2,0.326661666751973
5454,0.200746965452848,256.337621043503,2,0.254179550933149
5455,0.212324929971989,256.384593149299,2,0.171438589400118
5456,0.228011204481793,256.431565255095,2,0.106267340038494
5457,0.234920634920635,256.47853736089,2,0.0887585632927201
5458,0.257703081232493,256.525509466686,2,0.0576843246814786
5459,0.26890756302521,256.572481572482,2,0.0515121150907433
5460,0.266479925303455,256.619453678277,2,0.0524906735923608
5461,0.267040149393091,256.666425784073,2,0.0522485119196717
5462,0.270214752567694,256.713397889869,2,0.0510598683801367
5463,0.271335200746965,256.760369995664,2,0.0507125958427698
5464,0.273015873015873,256.80734210146,2,0.0502600007800556
5465,0.273389355742297,256.854314207255,2,0.0501703823717999
5466,0.277310924369748,256.901286313051,2,0.0494641108542222
5467,0.280485527544351,256.948258418847,2,0.0491992974974431
5468,0.280112044817927,256.995230524642,2,0.0492164024930776
5469,0.279365079365079,257.042202630438,2,0.0492618201592323
5470,0.280112044817927,257.089174736234,2,0.0492164024930776
5471,0.276190476190476,257.136146842029,2,0.0496226570622689
5472,0.271895424836601,257.183118947825,2,0.0505527008636526
5473,0.259570494864613,257.23009105362,2,0.0563441652194859
5474,0.249673202614379,257.277063159416,2,0.0651634564400834
5475,0.234920634920635,257.324035265212,2,0.0887585632927201
5476,0.218860877684407,257.371007371007,2,0.139030219624792
5477,0.199813258636788,257.417979476803,2,0.26252909547773
5478,0.17609710550887,257.464951582599,1,0.559951599400645
5479,0.150887021475257,257.511923688394,1,0.875142360103431
5480,0.132959850606909,257.55889579419,1,0.967116479520079
5481,0.109617180205415,257.605867899986,1,0.996025086784287
5482,0.110364145658263,257.652840005781,1,0.995723747796634
5483,0.117460317460317,257.699812111577,1,0.991584308308666
5484,0.133893557422969,257.746784217372,1,0.96450154964936
5485,0.153874883286648,257.793756323168,1,0.848904244333989
5486,0.169747899159664,257.840728428964,1,0.653960738795345
5487,0.179084967320261,257.887700534759,1,0.515694750435788
5488,0.182259570494865,257.934672640555,2,0.469807795943695
5489,0.186741363211951,257.981644746351,2,0.408424682943508
5490,0.191970121381886,258.028616852146,2,0.343633400976152
5491,0.196638655462185,258.075588957942,2,0.292976526453151
5492,0.201307189542484,258.122561063738,2,0.24929935441827
5493,0.209710550887021,258.169533169533,2,0.187022499480707
5494,0.214565826330532,258.216505275329,2,0.159331697947314
5495,0.214752567693744,258.263477381124,2,0.158371990870851
5496,0.215873015873016,258.31044948692,2,0.152766174674214
5497,0.217927170868347,258.357421592716,2,0.143140534575047
5498,0.209337068160598,258.404393698511,2,0.189384534894114
5499,0.203548085901027,258.451365804307,2,0.230729847645086
5500,0.203734827264239,258.498337910103,2,0.229249801507288
5501,0.20952380952381,258.545310015898,2,0.188199149438129
5502,0.218860877684407,258.592282121694,2,0.139030219624792
5503,0.236041083099907,258.63925422749,2,0.0863798390569449
5504,0.250420168067227,258.686226333285,2,0.0643377397350447
5505,0.260877684407096,258.733198439081,2,0.0554855932523183
5506,0.269094304388422,258.780170544876,2,0.0514443619266107
5507,0.273762838468721,258.827142650672,2,0.0500847048886822
5508,0.266479925303455,258.874114756468,2,0.0524906735923608
5509,0.257889822595705,258.921086862263,2,0.0575441133399173
5510,0.252474323062558,258.968058968059,2,0.0622127917661577
5511,0.247992530345472,259.015031073855,2,0.0671303994361467
5512,0.242950513538749,259.06200317965,2,0.0740268712452903
5513,0.244631185807656,259.108975285446,2,0.0715512944282782
5514,0.240522875816993,259.155947391242,2,0.0779463850928621
5515,0.236974789915966,259.202919497037,2,0.0844841684188344
5516,0.236601307189542,259.249891602833,2,0.0852332047124592
5517,0.234733893557423,259.296863708628,2,0.0891663809517158
5518,0.230438842203548,259.343835814424,2,0.0995146966335997
5519,0.219981325863679,259.39080792022,2,0.13430535994061
5520,0.212698412698413,259.437780026015,2,0.169343264277159
5521,0.204481792717087,259.484752131811,2,0.223431052659864
5522,0.202987861811391,259.531724237607,2,0.23523150976475
5523,0.203174603174603,259.578696343402,2,0.233720661271608
5524,0.20672268907563,259.625668449198,2,0.206924857206381
5525,0.21437908496732,259.672640554994,2,0.160298793473223
5526,0.224276377217554,259.719612660789,2,0.118126469386486
5527,0.232866479925303,259.766584766585,2,0.093431089957311
5528,0.237161531279178,259.81355687238,2,0.0841141962726157
5529,0.2296918767507,259.860528978176,2,0.101518041983697
5530,0.234733893557423,259.907501083972,2,0.0891663809517158
5531,0.238095238095238,259.954473189767,2,0.0823088837264627
5532,0.238655462184874,260.001445295563,2,0.0812605329075151
5533,0.23734827264239,260.048417401359,2,0.0837472241440469
5534,0.237908496732026,260.095389507154,2,0.0826640813495945
5535,0.242390289449113,260.14236161295,2,0.0748942601241459
5536,0.246311858076564,260.189333718746,2,0.0692562247038434
5537,0.235667600373483,260.236305824541,2,0.0871599252791578
5538,0.229878618113912,260.283277930337,2,0.101011164579234
5539,0.212885154061625,260.330250036132,2,0.168307452154936
5540,0.186554621848739,260.377222141928,2,0.410884058982238
5541,0.161531279178338,260.424194247724,1,0.765402175769004
5542,0.143417366946779,260.471166353519,1,0.925701781779325
5543,0.13015873015873,260.518138459315,1,0.973966915111874
5544,0.12156862745098,260.565110565111,1,0.987726673269076
5545,0.0948646125116713,260.612082670906,1,0.999123104606065
5546,0.0971055088702148,260.659054776702,1,0.998887678692492
5547,0.108496732026144,260.706026882497,1,0.996440012512475
5548,0.128104575163399,260.752998988293,1,0.978147434948688
5549,0.145845004668534,260.799971094089,1,0.911493876557896
5550,0.1531279178338,260.846943199884,1,0.855801745163784
5551,0.154621848739496,260.89391530568,1,0.841780266396996
5552,0.15406162464986,260.940887411476,1,0.847144486463673
5553,0.154248366013072,260.987859517271,1,0.845370569769329
5554,0.157422969187675,261.034831623067,1,0.813057840907985
5555,0.164705882352941,261.081803728863,1,0.724519331294725
5556,0.172362278244631,261.128775834658,1,0.615583046370937
5557,0.182259570494865,261.175747940454,2,0.469807795943695
5558,0.190849673202614,261.222720046249,2,0.356824503643961
5559,0.197385620915033,261.269692152045,2,0.285522893099287
5560,0.200373482726424,261.316664257841,2,0.257486833820397
5561,0.203921568627451,261.363636363636,2,0.227779940951694
5562,0.207469654528478,261.410608469432,2,0.201729753147977
5563,0.20765639589169,261.457580575228,2,0.20045428998907
5564,0.202054154995331,261.504552681023,2,0.242941739248333
5565,0.200560224089636,261.551524786819,2,0.255827789663047
5566,0.203734827264239,261.598496892615,2,0.229249801507288
5567,0.207096171802054,261.64546899841,2,0.204308558720339
5568,0.208216619981326,261.692441104206,2,0.196683077070182
5569,0.210270774976657,261.739413210001,2,0.183544463109789
5570,0.21437908496732,261.786385315797,2,0.160298793473223
5571,0.219047619047619,261.833357421593,2,0.13822724674034
5572,0.22296918767507,261.880329527388,2,0.122743089240161
5573,0.227637721755369,261.927301633184,2,0.107369979777838
5574,0.231932773109244,261.97427373898,2,0.0956959662314575
5575,0.236788048552754,262.021245844775,2,0.0848571635214699
5576,0.24014939309057,262.068217950571,2,0.0785876234682432
5577,0.244257703081232,262.115190056367,2,0.0720854083231277
5578,0.243510737628385,262.162162162162,2,0.0731808885228359
5579,0.247992530345472,262.209134267958,2,0.0671303994361467
5580,0.249859943977591,262.256106373753,2,0.0649542934442653
5581,0.248926237161531,262.303078479549,2,0.0660186664477454
5582,0.251540616246499,262.350050585345,2,0.0631527558527308
5583,0.248366013071895,262.39702269114,2,0.0666799183892854
5584,0.237535014005602,262.443994796936,2,0.083383229286364
5585,0.22390289449113,262.490966902732,2,0.119419468780527
5586,0.204481792717087,262.537939008527,2,0.223431052659864
5587,0.178151260504202,262.584911114323,1,0.529448098837693
5588,0.161904761904762,262.631883220119,1,0.760763997023716
5589,0.156676003734827,262.678855325914,1,0.82102487128381
5590,0.163772175536881,262.72582743171,1,0.736874605769005
5591,0.179084967320261,262.772799537505,1,0.515694750435788
5592,0.191223155929038,262.819771643301,2,0.352383937458716
5593,0.209337068160598,262.866743749097,2,0.189384534894114
5594,0.208963585434174,262.913715854892,2,0.191781711556234
5595,0.20859010270775,262.960687960688,2,0.194214427019552
5596,0.208403361344538,263.007660066484,2,0.195444235563225
5597,0.202987861811391,263.054632172279,2,0.23523150976475
5598,0.190662931839402,263.101604278075,2,0.35906097825261
5599,0.173482726423903,263.148576383871,1,0.598938170245603
5600,0.161344537815126,263.195548489666,1,0.767703081289374
5601,0.142296918767507,263.242520595462,1,0.931598118264876
5602,0.139495798319328,263.289492701257,1,0.944654696450934
5603,0.13109243697479,263.336464807053,1,0.971840055129474
5604,0.121008403361345,263.383436912849,1,0.988334619464183
5605,0.115219421101774,263.430409018644,1,0.99318107434492
5606,0.11484593837535,263.47738112444,1,0.993418073064272
5607,0.114098972922502,263.524353230236,1,0.993869252442135
5608,0.110737628384687,263.571325336031,1,0.99556518211026
5609,0.122315592903828,263.618297441827,1,0.986870781519554
5610,0.134453781512605,263.665269547623,1,0.962846156277071
5611,0.151633986928105,263.712241653418,1,0.868919573770336
5612,0.165639589169001,263.759213759214,1,0.711912915262541
5613,0.172735760971055,263.806185865009,1,0.610043718002256
5614,0.171055088702148,263.853157970805,1,0.634873220455456
5615,0.16265172735761,263.900130076601,1,0.751345169181052
5616,0.153688141923436,263.947102182396,1,0.850649844591338
5617,0.136694677871148,263.994074288192,1,0.955529293330143
5618,0.13109243697479,264.041046393988,1,0.971840055129474
5619,0.119140989729225,264.088018499783,1,0.990166556308663
5620,0.113725490196078,264.134990605579,1,0.994083880887764
5621,0.115219421101774,264.181962711375,1,0.99318107434492
5622,0.106816059757236,264.22893481717,1,0.996986904440266
5623,0.0911297852474323,264.275906922966,1,0.999413863681852
5624,0.0830999066293184,264.322879028761,1,0.999760104350738
5625,0.0793650793650794,264.369851134557,1,0.999843654242055
5626,0.0754435107376284,264.416823240353,1,0.999901118119475
5627,0.0698412698412698,264.463795346148,1,0.999949389108294
5628,0.0646125116713352,264.510767451944,1,0.999973347921796
5629,0.0550887021475257,264.55773955774,1,0.999992038285801
5630,0.0442577030812325,264.604711663535,1,0.999998108019058
5631,0.0343604108309991,264.651683769331,1,0.999999520060396
5632,0.0289449112978525,264.698655875127,1,0.999999778722221
5633,0.0214752567693744,264.745627980922,1,0.999999926003456
5634,0.0211017740429505,264.792600086718,1,0.999999930005828
5635,0.0147525676937442,264.839572192513,1,0.999999973132541
5636,0.0110177404295051,264.886544298309,1,0.999999984866219
5637,0.0128851540616246,264.933516404105,1,0.999999979815433
5638,0.0123249299719888,264.9804885099,1,0.999999981482231
5639,0.0112044817927171,265.027460615696,1,0.999999984422651
5640,0.0136321195144725,265.074432721492,1,0.999999977363666
5641,0.00784313725490196,265.121404827287,1,0.999999990767056
5642,0.0104575163398693,265.168376933083,1,0.999999986124227
5643,0.0065359477124183,265.215349038878,1,0.999999992479511
5644,0.00448179271708683,265.262321144674,1,0.999999994562681
5645,0.00971055088702148,265.30929325047,1,0.99999998764387
5646,0.00989729225023343,265.356265356265,1,0.999999987279941
5647,0.011577964519141,265.403237462061,1,0.999999983497116
5648,0.019047619047619,265.450209567857,1,0.999999948522083
5649,0.034733893557423,265.497181673652,1,0.99999949404947
5650,0.0517273576097105,265.544153779448,1,0.999994866218466
5651,0.0765639589169001,265.591125885244,1,0.999887187980534
5652,0.101960784313725,265.638097991039,1,0.998156511876693
5653,0.128851540616247,265.685070096835,1,0.976702847431165
5654,0.152754435107376,265.73204220263,1,0.859165679025423
5655,0.166946778711485,265.779014308426,1,0.693877838163808
5656,0.169934640522876,265.825986414222,1,0.651248869066636
5657,0.172362278244631,265.872958520017,1,0.615583046370937
5658,0.164892623716153,265.919930625813,1,0.722017560720665
5659,0.150513538748833,265.966902731609,1,0.878170504237945
5660,0.134640522875817,266.013874837404,1,0.962279488315498
5661,0.116153127917834,266.0608469432,1,0.992553428456079
5662,0.0997198879551821,266.107819048996,1,0.998537420288642
5663,0.0866479925303455,266.154791154791,1,0.999642364263864
5664,0.0788048552754435,266.201763260587,1,0.999853480268305
5665,0.0718954248366013,266.248735366382,1,0.9999351660331
5666,0.0562091503267974,266.295707472178,1,0.999990797478663
5667,0.0440709617180205,266.342679577974,1,0.999998155403272
5668,0.034733893557423,266.389651683769,1,0.99999949404947
5669,0.0239028944911298,266.436623789565,1,0.999999893991592
5670,0.011577964519141,266.483595895361,1,0.999999983497116
5671,0.00802987861811391,266.530568001156,1,0.999999990493222
5672,0.00877684407096172,266.577540106952,1,0.999999989316355
5673,0.00392156862745098,266.624512212748,1,0.999999995025076
5674,0.00410830999066293,266.671484318543,1,0.999999994875385
5675,0.00429505135387488,266.718456424339,1,0.999999994721296
5676,0.00317460317460317,266.765428530134,1,0.999999995582252
5677,0.00373482726423903,266.81240063593,1,0.99999999517049
5678,0.00354808590102708,266.859372741726,1,0.999999995311748
5679,0.00336134453781513,266.906344847521,1,0.999999995448964
5680,0.00522875816993464,266.953316953317,1,0.999999993880328
5681,0.00504201680672269,267.000289059113,1,0.999999994058374
5682,0.00560224089635854,267.047261164908,1,0.999999993508457
5683,0.0065359477124183,267.094233270704,1,0.999999992479511
5684,0.00672268907563025,267.141205376499,1,0.999999992255386
5685,0.00541549953314659,267.188177482295,1,0.999999993697072
5686,0.00466853408029879,267.235149588091,1,0.999999994399412
5687,0.00522875816993464,267.282121693886,1,0.999999993880328
5688,0.00541549953314659,267.329093799682,1,0.999999993697072
5689,0.00952380952380952,267.376065905478,1,0.999999987997626
5690,0.0211017740429505,267.423038011273,1,0.999999930005828
5691,0.049859943977591,267.470010117069,1,0.99999598805816
5692,0.0901960784313725,267.516982222865,1,0.999470685349951
5693,0.123622782446312,267.56395432866,1,0.985240195180269
5694,0.149766573295985,267.610926434456,1,0.884061738362943
5695,0.169747899159664,267.657898540251,1,0.653960738795345
5696,0.185060690943044,267.704870646047,2,0.430885664607362
5697,0.200560224089636,267.751842751843,2,0.255827789663047
5698,0.205788982259571,267.798814857638,2,0.213632128197139
5699,0.209337068160598,267.845786963434,2,0.189384534894114
5700,0.206349206349206,267.89275906923,2,0.209579030072783
5701,0.199626517273576,267.939731175025,2,0.264231653713318
5702,0.198319327731092,267.986703280821,2,0.276457457870919
5703,0.204295051353875,268.033675386617,2,0.22487060901155
5704,0.210644257703081,268.080647492412,2,0.181268532911139
5705,0.219234360410831,268.127619598208,2,0.137430531823753
5706,0.223529411764706,268.174591704003,2,0.1207331393784
5707,0.23062558356676,268.221563809799,2,0.0990238260018801
5708,0.238655462184874,268.268535915595,2,0.0812605329075151
5709,0.243323996265173,268.31550802139,2,0.0734605332554606
5710,0.242950513538749,268.362480127186,2,0.0740268712452903
5711,0.242016806722689,268.409452232982,2,0.0754846469765219
5712,0.242577030812325,268.456424338777,2,0.0746027228219726
5713,0.239028944911298,268.503396444573,2,0.0805757849989718
5714,0.236601307189542,268.550368550369,2,0.0852332047124592
5715,0.241083099906629,268.597340656164,2,0.0770041203623946
5716,0.241830065359477,268.64431276196,2,0.075783532694348
5717,0.234733893557423,268.691284867755,2,0.0891663809517158
5718,0.236041083099907,268.738256973551,2,0.0863798390569449
5719,0.242203548085901,268.785229079347,2,0.0751882288411789
5720,0.240709617180205,268.832201185142,2,0.0776297039627185
5721,0.237535014005602,268.879173290938,2,0.0833832292863641
5722,0.236788048552754,268.926145396734,2,0.0848571635214699
5723,0.234173669467787,268.973117502529,2,0.0904098180200088
5724,0.231185807656396,269.020089608325,2,0.0975746451069836
5725,0.227264239028945,269.067061714121,2,0.108490375889277
5726,0.226517273576097,269.114033819916,2,0.110785537155019
5727,0.229878618113912,269.161005925712,2,0.101011164579234
5728,0.233613445378151,269.207978031507,2,0.0916837741448257
5729,0.237721755368814,269.254950137303,2,0.0830221891436359
5730,0.233800186741363,269.301922243099,2,0.0912556874834801
5731,0.231746031746032,269.348894348894,2,0.096159985138568
5732,0.234173669467787,269.39586645469,2,0.0904098180200088
5733,0.238095238095238,269.442838560486,2,0.0823088837264627
5734,0.239589169000934,269.489810666281,2,0.0795694688347869
5735,0.233800186741363,269.536782772077,2,0.0912556874834801
5736,0.229318394024276,269.583754877873,2,0.102544066294397
5737,0.227637721755369,269.630726983668,2,0.107369979777838
5738,0.226704014939309,269.677699089464,2,0.110204863720613
5739,0.225583566760037,269.724671195259,2,0.113759331264595
5740,0.225023342670401,269.771643301055,2,0.115601252130907
5741,0.225396825396825,269.818615406851,2,0.114368427954263
5742,0.227450980392157,269.865587512646,2,0.107927941251321
5743,0.230438842203548,269.912559618442,2,0.0995146966335997
5744,0.233800186741363,269.959531724238,2,0.0912556874834801
5745,0.225396825396825,270.006503830033,2,0.114368427954263
5746,0.224649859943978,270.053475935829,2,0.11685383220474
5747,0.225023342670401,270.100448041625,2,0.115601252130907
5748,0.225396825396825,270.14742014742,2,0.114368427954263
5749,0.22390289449113,270.194392253216,2,0.119419468780527
5750,0.217927170868347,270.241364359011,2,0.143140534575047
5751,0.208963585434174,270.288336464807,2,0.191781711556234
5752,0.203174603174603,270.335308570603,2,0.233720661271608
5753,0.19906629318394,270.382280676398,2,0.269405114015481
5754,0.188422035480859,270.429252782194,2,0.386722207970912
5755,0.17516339869281,270.47622488799,1,0.573877226011198
5756,0.156862745098039,270.523196993785,1,0.819053914084715
5757,0.139495798319328,270.570169099581,1,0.944654696450934
5758,0.126237161531279,270.617141205377,1,0.981411761036258
5759,0.104761904761905,270.664113311172,1,0.997548214849585
5760,0.0812324929971989,270.711085416968,1,0.999806139865298
5761,0.0601307189542484,270.758057522763,1,0.999984808342608
5762,0.0444444444444444,270.805029628559,1,0.99999805945628
5763,0.0367880485527544,270.852001734355,1,0.999999324605152
5764,0.0339869281045752,270.89897384015,1,0.999999544770363
5765,0.0317460317460317,270.945945945946,1,0.99999966904596
5766,0.0420168067226891,270.992918051742,1,0.999998606323268
5767,0.0571428571428571,271.039890157537,1,0.99998962266554
5768,0.0651727357609711,271.086862263333,1,0.999971430913973
5769,0.096171802054155,271.133834369129,1,0.99899225636374
5770,0.107376283846872,271.180806474924,1,0.996814041934029
5771,0.119887955182073,271.22777858072,1,0.98946821417555
5772,0.124743230625584,271.274750686515,1,0.983697397725831
5773,0.122689075630252,271.321722792311,1,0.986422611406269
5774,0.125303454715219,271.368694898107,1,0.982872099824644
5775,0.135387488328665,271.415667003902,1,0.959936369680921
5776,0.144911297852474,271.462639109698,1,0.917197581122198
5777,0.151633986928105,271.509611215494,1,0.868919573770336
5778,0.157983193277311,271.556583321289,1,0.806937838109392
5779,0.169747899159664,271.603555427085,1,0.653960738795345
5780,0.180765639589169,271.650527532881,2,0.491206296818514
5781,0.189915966386555,271.697499638676,2,0.368113810399827
5782,0.193837535014006,271.744471744472,2,0.322530127972973
5783,0.196265172735761,271.791443850267,2,0.296770703490144
5784,0.198319327731092,271.838415956063,2,0.276457457870919
5785,0.196638655462185,271.885388061859,2,0.292976526453151
5786,0.194397759103641,271.932360167654,2,0.31641690725523
5787,0.183940242763772,271.97933227345,2,0.446246737962137
5788,0.164332399626517,272.026304379246,1,0.729492579109158
5789,0.149019607843137,272.073276485041,1,0.889735136416035
5790,0.125490196078431,272.120248590837,1,0.982588662411826
5791,0.0741363211951447,272.167220696633,1,0.999915288206578
5792,0.0267040149393091,272.214192802428,1,0.999999840164649
5793,0.0112044817927171,272.261164908224,1,0.999999984422651
5794,0.00821661998132586,272.308137014019,1,0.999999990211461
5795,0.00541549953314659,272.355109119815,1,0.999999993697072
5796,0.00728291316526611,272.402081225611,1,0.999999991543145
5797,0.0117647058823529,272.449053331406,1,0.999999983014434
5798,0.0211017740429505,272.496025437202,1,0.999999930005828
5799,0.0371615312791783,272.542997542998,1,0.99999928836984
5800,0.0513538748832866,272.589969648793,1,0.999995112463322
5801,0.0739495798319328,272.636941754589,1,0.999917146074397
5802,0.0862745098039216,272.683913860384,1,0.999656968257303
5803,0.105695611577965,272.73088596618,1,0.997306520408435
5804,0.125116713352007,272.777858071976,1,0.983151332178691
5805,0.145658263305322,272.824830177771,1,0.912659118691683
5806,0.1703081232493,272.871802283567,1,0.645809446128491
5807,0.197945845004669,272.918774389363,2,0.280050187592237
5808,0.216619981325864,272.965746495158,2,0.149170586084433
5809,0.233053221288515,273.012718600954,2,0.0929889615891319
5810,0.247432306255836,273.05969070675,2,0.0678208604370159
5811,0.263305322128852,273.106662812545,2,0.0540559078778401
5812,0.26984126984127,273.153634918341,2,0.0511838613017694
5813,0.268534080298786,273.200607024136,2,0.0516508008817765
5814,0.265172735760971,273.247579129932,2,0.0530948768606055
5815,0.260504201680672,273.294551235728,2,0.0557243956068065
5816,0.254901960784314,273.341523341523,2,0.0599608833477809
5817,0.254154995331466,273.388495447319,2,0.0606251097440129
5818,0.252847805788982,273.435467553115,2,0.0618485636237613
5819,0.251353874883287,273.48243965891,2,0.0633458759337096
5820,0.25546218487395,273.529411764706,2,0.0594788870812812
5821,0.262558356676004,273.576383870502,2,0.0544736062622271
5822,0.26984126984127,273.623355976297,2,0.0511838613017694
5823,0.276003734827264,273.670328082093,2,0.0496524169647692
5824,0.280672268907563,273.717300187888,2,0.0491921442137733
5825,0.288141923436041,273.764272293684,2,0.0496719958509664
5826,0.284780578898226,273.81124439948,2,0.0492704893036385
5827,0.280112044817927,273.858216505275,2,0.0492164024930776
5828,0.272455648926237,273.905188611071,2,0.0504018605042767
5829,0.260130718954248,273.952160716867,2,0.0559683733375263
5830,0.241456582633053,273.999132822662,2,0.076388780344514
5831,0.220354808590103,274.046104928458,2,0.132779168376386
5832,0.206535947712418,274.093077034254,2,0.208247185653961
5833,0.193090569561158,274.140049140049,2,0.330837920010709
5834,0.192530345471522,274.187021245845,2,0.337185819463032
5835,0.193464052287582,274.23399335164,2,0.326661666751973
5836,0.199439775910364,274.280965457436,2,0.265945159235574
5837,0.207282913165266,274.327937563232,2,0.203014493308682
5838,0.216619981325864,274.374909669027,2,0.149170586084433
5839,0.228571428571429,274.421881774823,2,0.104646083676021
5840,0.244070961718021,274.468853880619,2,0.072355847079465
5841,0.247058823529412,274.515825986414,2,0.068291155190541
5842,0.259383753501401,274.56279809221,2,0.0564720776569905
5843,0.272642390289449,274.609770198005,2,0.0503535796048479
5844,0.278991596638655,274.656742303801,2,0.049290142622342
5845,0.282166199813259,274.703714409597,2,0.0491684581518394
5846,0.284967320261438,274.750686515392,2,0.0492847825167433
5847,0.284593837535014,274.797658621188,2,0.0492571325919563
5848,0.282726423902894,274.844630726984,2,0.0491749396023423
5849,0.275256769374416,274.891602832779,2,0.0497810447537952
5850,0.272268907563025,274.938574938575,2,0.0504511392150859
5851,0.258636788048553,274.985547044371,2,0.0569971645451624
5852,0.235854341736695,275.032519150166,2,0.0867682998248893
5853,0.211204481792717,275.079491255962,2,0.177917775769114
5854,0.184500466853408,275.126463361757,2,0.438529414925499
5855,0.15406162464986,275.173435467553,1,0.847144486463673
5856,0.128104575163399,275.220407573349,1,0.978147434948688
5857,0.096171802054155,275.267379679144,1,0.99899225636374
5858,0.0722689075630252,275.31435178494,1,0.999932197437272
5859,0.0511671335200747,275.361323890736,1,0.999995231262927
5860,0.0446311858076564,275.408295996531,1,0.999998009686645
5861,0.0485527544351074,275.455268102327,1,0.999996628042791
5862,0.061624649859944,275.502240208123,1,0.999981654301401
5863,0.088328664799253,275.549212313918,1,0.999568988183834
5864,0.11577964519141,275.596184419714,1,0.992810662535371
5865,0.152567693744164,275.643156525509,1,0.860826482310054
5866,0.172549019607843,275.690128631305,1,0.612814667070648
5867,0.198692810457516,275.737100737101,2,0.272909154052064
5868,0.219981325863679,275.784072842896,2,0.13430535994061
5869,0.234920634920635,275.831044948692,2,0.0887585632927201
5870,0.24593837535014,275.878017054488,2,0.0697512321046222
5871,0.254341736694678,275.924989160283,2,0.0604567139380982
5872,0.26031746031746,275.971961266079,2,0.0558457341196709
5873,0.269654528478058,276.018933371875,2,0.0512474168604736
5874,0.268534080298786,276.06590547767,2,0.0516508008817765
5875,0.267600373482726,276.112877583466,2,0.0520162430437339
5876,0.268534080298786,276.159849689261,2,0.0516508008817765
5877,0.270401493930906,276.206821795057,2,0.0509994242234107
5878,0.267413632119514,276.253793900853,2,0.0520925740361366
5879,0.259197012138189,276.300766006648,2,0.056601326402499
5880,0.248926237161531,276.347738112444,2,0.0660186664477454
5881,0.23921568627451,276.39471021824,2,0.0802375930758139
5882,0.240709617180205,276.441682324035,2,0.0776297039627185
5883,0.235667600373483,276.488654429831,2,0.0871599252791578
5884,0.224649859943978,276.535626535627,2,0.11685383220474
5885,0.210644257703081,276.582598641422,2,0.181268532911139
5886,0.188608776844071,276.629570747218,2,0.384360229496635
5887,0.149206349206349,276.676542853013,1,0.888337049846886
5888,0.113538748832866,276.723514958809,1,0.994188549924423
5889,0.0838468720821662,276.770487064605,1,0.999738908609407
5890,0.049859943977591,276.8174591704,1,0.99999598805816
5891,0.0166199813258637,276.864431276196,1,0.999999964308162
5892,0.00522875816993464,276.911403381992,1,0.999999993880328
5893,0.00560224089635854,276.958375487787,1,0.999999993508457
5894,0.0057889822595705,277.005347593583,1,0.999999993314331
5895,0.0069094304388422,277.052319699379,1,0.999999992024741
5896,0.0112044817927171,277.099291805174,1,0.999999984422651
5897,0.00541549953314659,277.14626391097,1,0.999999993697072
5898,0.00354808590102708,277.193236016765,1,0.999999995311748
5899,0.00522875816993464,277.240208122561,1,0.999999993880328
5900,0.0057889822595705,277.287180228357,1,0.999999993314331
5901,0.00485527544351074,277.334152334152,1,0.999999994231356
5902,0.00859010270774977,277.381124439948,1,0.999999989623261
5903,0.0242763772175537,277.428096545744,1,0.999999887996805
5904,0.0418300653594771,277.475068651539,1,0.999998641552247
5905,0.104201680672269,277.522040757335,1,0.997683269517299
5906,0.138188608776844,277.569012863131,1,0.949983897712445
5907,0.172362278244631,277.615984968926,1,0.615583046370937
5908,0.195144724556489,277.662957074722,2,0.308423320460376
5909,0.216619981325864,277.709929180517,2,0.149170586084433
5910,0.235294117647059,277.756901286313,2,0.0879527677093892
5911,0.244444444444444,277.803873392109,2,0.0718172295422542
5912,0.243884220354809,277.850845497904,2,0.0726285622684626
5913,0.239775910364146,277.8978176037,2,0.079239495270802
5914,0.23249299719888,277.944789709496,2,0.0943261099129217
5915,0.229131652661064,277.991761815291,2,0.103063276473514
5916,0.222782446311858,278.038733921087,2,0.123423749525391
5917,0.211017740429505,278.085706026883,2,0.179026343318587
5918,0.197198879551821,278.132678132678,2,0.287369486965293
5919,0.181512605042017,278.179650238474,2,0.480458336108017
5920,0.161157796451914,278.226622344269,1,0.769991728288232
5921,0.162091503267974,278.273594450065,1,0.758426934243677
5922,0.157609710550887,278.320566555861,1,0.81103155017995
5923,0.156676003734827,278.367538661656,1,0.82102487128381
5924,0.167133520074697,278.414510767452,1,0.691267395331599
5925,0.183193277310924,278.461482873248,2,0.456645482493856
5926,0.192717086834734,278.508454979043,2,0.335058744805772
5927,0.193464052287582,278.555427084839,2,0.326661666751973
5928,0.189729225023343,278.602399190635,2,0.370403515874165
5929,0.180392156862745,278.64937129643,2,0.496613818901035
5930,0.159477124183007,278.696343402226,1,0.790022507624255
5931,0.135574229691877,278.743315508021,1,0.959331081406485
5932,0.118207282913165,278.790287613817,1,0.990979327833197
5933,0.10718954248366,278.837259719613,1,0.996872672036029
5934,0.107563025210084,278.884231825408,1,0.996754380656597
5935,0.127170868347339,278.931203931204,1,0.979839304646691
5936,0.150513538748833,278.978176037,1,0.878170504237945
5937,0.181325863678805,279.025148142795,2,0.48313656099082
5938,0.189169000933707,279.072120248591,2,0.377335399074273
5939,0.200186741363212,279.119092354387,2,0.259156713486258
5940,0.207096171802054,279.166064460182,2,0.204308558720339
5941,0.207282913165266,279.213036565978,2,0.203014493308682
5942,0.206162464985994,279.260008671773,2,0.210920437508587
5943,0.205975723622782,279.306980777569,2,0.212271454726489
5944,0.207469654528478,279.353952883365,2,0.201729753147977
5945,0.209337068160598,279.40092498916,2,0.189384534894114
5946,0.20859010270775,279.447897094956,2,0.194214427019552
5947,0.210084033613445,279.494869200752,2,0.184695206331045
5948,0.215126050420168,279.541841306547,2,0.156474546450954
5949,0.218487394957983,279.588813412343,2,0.140655119366067
5950,0.218860877684407,279.635785518139,2,0.139030219624792
5951,0.213258636788049,279.682757623934,2,0.166259279260923
5952,0.20859010270775,279.72972972973,2,0.194214427019552
5953,0.197759103641457,279.776701835525,2,0.281863258169917
5954,0.18468720821662,279.823673941321,2,0.435973173009855
5955,0.159103641456583,279.870646047117,1,0.794331452305671
5956,0.135014005602241,279.917618152912,1,0.961123376617045
5957,0.128104575163399,279.964590258708,1,0.978147434948688
5958,0.13968253968254,280.011562364504,1,0.94385525988425
5959,0.158916900093371,280.058534470299,1,0.796466058338738
5960,0.168253968253968,280.105506576095,1,0.675442725403788
5961,0.17796451914099,280.15247868189,1,0.532208953535376
5962,0.188048552754435,280.199450787686,2,0.391476320697842
5963,0.189729225023343,280.246422893482,2,0.370403515874165
5964,0.179084967320261,280.293394999277,1,0.515694750435788
5965,0.170121381886088,280.340367105073,1,0.648531708122255
5966,0.166013071895425,280.387339210869,1,0.70680417086175
5967,0.156676003734827,280.434311316664,1,0.82102487128381
5968,0.140616246498599,280.48128342246,1,0.939709678741575
5969,0.112418300653595,280.528255528256,1,0.994781172358424
5970,0.092250233426704,280.575227634051,1,0.999338009799843
5971,0.0776844070961718,280.622199739847,1,0.999871387886851
5972,0.0743230625583567,280.669171845642,1,0.99991339040722
5973,0.0711484593837535,280.716143951438,1,0.999940733180141
5974,0.0677871148459384,280.763116057234,1,0.999960587171103
5975,0.0612511671335201,280.810088163029,1,0.999982497346531
5976,0.0534080298786181,280.857060268825,1,0.999993601586393
5977,0.0324929971988796,280.904032374621,1,0.999999631819872
5978,0.0233426704014939,280.951004480416,1,0.999999902402139
5979,0.0171802054154995,280.997976586212,1,0.999999961148933
5980,0.0186741363211951,281.044948692008,1,0.999999951331658
5981,0.0248366013071895,281.091920797803,1,0.999999878381204
5982,0.0278244631185808,281.138892903599,1,0.999999811868727
5983,0.0261437908496732,281.185865009394,1,0.999999852713817
5984,0.0244631185807656,281.23283711519,1,0.999999884876896
5985,0.0169934640522876,281.279809220986,1,0.999999962231165
5986,0.0166199813258637,281.326781326781,1,0.999999964308162
5987,0.0162464985994398,281.373753432577,1,0.999999966273627
5988,0.0175536881419234,281.420725538373,1,0.999999958893004
5989,0.02296918767507,281.467697644168,1,0.999999907644298
5990,0.0364145658263305,281.514669749964,1,0.999999359046465
5991,0.0545284780578898,281.56164185576,1,0.999992596455724
5992,0.0676003734827264,281.608613961555,1,0.999961477687099
5993,0.0709617180205415,281.655586067351,1,0.99994205149598
5994,0.084780578898226,281.702558173146,1,0.999709892076774
5995,0.0997198879551821,281.749530278942,1,0.998537420288642
5996,0.108870214752568,281.796502384738,1,0.996306442487912
5997,0.117086834733894,281.843474490533,1,0.991872498419821
5998,0.133706816059757,281.890446596329,1,0.965038736497436
5999,0.157609710550887,281.937418702125,1,0.81103155017995
6000,0.177217553688142,281.98439080792,1,0.543280406293591
6001,0.189169000933707,282.031362913716,2,0.377335399074273
6002,0.193837535014006,282.078335019512,2,0.322530127972973
6003,0.194024276377218,282.125307125307,2,0.320481163935668
6004,0.190102707749767,282.172279231103,2,0.365834654720639
6005,0.186928104575163,282.219251336898,2,0.405974685722441
6006,0.183940242763772,282.266223442694,2,0.446246737962137
6007,0.178711484593838,282.31319554849,1,0.521185206048653
6008,0.173669467787115,282.360167654285,1,0.596157332079207
6009,0.156302521008403,282.407139760081,1,0.824924970443711
6010,0.155742296918768,282.454111865877,1,0.830670131034949
6011,0.155742296918768,282.501083971672,1,0.830670131034949
6012,0.159663865546219,282.548056077468,1,0.787848310382691
6013,0.168253968253968,282.595028183263,1,0.675442725403788
6014,0.177591036414566,282.642000289059,1,0.537739433492778
6015,0.185247432306256,282.688972394855,2,0.428354616087381
6016,0.189729225023343,282.73594450065,2,0.370403515874165
6017,0.199439775910364,282.782916606446,2,0.265945159235574
6018,0.204481792717087,282.829888712242,2,0.223431052659864
6019,0.210270774976657,282.876860818037,2,0.183544463109789
6020,0.21437908496732,282.923832923833,2,0.160298793473223
6021,0.217740429505135,282.970805029629,2,0.143982006728454
6022,0.223342670401494,283.017777135424,2,0.121397823999185
6023,0.2296918767507,283.06474924122,2,0.101518041983697
6024,0.235294117647059,283.111721347015,2,0.0879527677093892
6025,0.242577030812325,283.158693452811,2,0.0746027228219726
6026,0.244817927170868,283.205665558607,2,0.0712875868201946
6027,0.248926237161531,283.252637664402,2,0.0660186664477454
6028,0.252100840336134,283.299609770198,2,0.0625836947423937
6029,0.250980392156863,283.346581875994,2,0.0637373338977446
6030,0.247058823529412,283.393553981789,2,0.068291155190541
6031,0.240336134453782,283.440526087585,2,0.0782656850407772
6032,0.234733893557423,283.487498193381,2,0.0891663809517158
6033,0.2171802054155,283.534470299176,2,0.146546070863675
6034,0.214005602240896,283.581442404972,2,0.162255346225105
6035,0.213258636788049,283.628414510767,2,0.166259279260923
6036,0.217927170868347,283.675386616563,2,0.143140534575047
6037,0.222222222222222,283.722358722359,2,0.125498324067012
6038,0.223716153127918,283.769330828154,2,0.120073700715415
6039,0.223716153127918,283.81630293395,2,0.120073700715415
6040,0.225210084033613,283.863275039746,2,0.114982389228899
6041,0.220168067226891,283.910247145541,2,0.133539267823948
6042,0.217927170868347,283.957219251337,2,0.143140534575047
6043,0.214192343604108,284.004191357133,2,0.161273326507141
6044,0.209897292250233,284.051163462928,2,0.185854535106568
6045,0.203921568627451,284.098135568724,2,0.227779940951694
6046,0.191970121381886,284.145107674519,2,0.343633400976152
6047,0.171988795518207,284.192079780315,1,0.621111307333313
6048,0.15406162464986,284.239051886111,1,0.847144486463673
6049,0.128664799253035,284.286023991906,1,0.97707183569222
6050,0.0907563025210084,284.332996097702,1,0.99943725586333
6051,0.042390289449113,284.379968203498,1,0.999998533188444
6052,0.0179271708683473,284.426940309293,1,0.999999956509546
6053,0.011577964519141,284.473912415089,1,0.999999983497116
6054,0.00784313725490196,284.520884520885,1,0.999999990767056
6055,0.00971055088702148,284.56785662668,1,0.99999998764387
6056,0.0123249299719888,284.614828732476,1,0.999999981482231
6057,0.01531279178338,284.661800838271,1,0.999999970736916
6058,0.0175536881419234,284.708772944067,1,0.999999958893004
6059,0.0175536881419234,284.755745049863,1,0.999999958893004
6060,0.0130718954248366,284.802717155658,1,0.999999979227964
6061,0.0104575163398693,284.849689261454,1,0.999999986124227
6062,0.0173669467787115,284.89666136725,1,0.999999960036486
6063,0.034547152194211,284.943633473045,1,0.999999507221619
6064,0.0517273576097105,284.990605578841,1,0.999994866218466
6065,0.0726423902894491,285.037577684637,1,0.999929098573502
6066,0.0935574229691877,285.084549790432,1,0.999237719733741
6067,0.0887021475256769,285.131521896228,1,0.999550837006337
6068,0.0761904761904762,285.178494002023,1,0.99989202816042
6069,0.0836601307189542,285.225466107819,1,0.999744369276399
6070,0.0937441643323996,285.272438213615,1,0.999222265316957
6071,0.119327731092437,285.31941031941,1,0.989996095584408
6072,0.15985060690943,285.366382425206,1,0.78566106194493
6073,0.204295051353875,285.413354531002,2,0.22487060901155
6074,0.22296918767507,285.460326636797,2,0.122743089240161
6075,0.243137254901961,285.507298742593,2,0.0737425217574192
6076,0.255275443510738,285.554270848389,2,0.0596380310579742
6077,0.264612511671335,285.601242954184,2,0.0533709152276467
6078,0.270961718020542,285.64821505998,2,0.0508242614312002
6079,0.266853408029879,285.695187165775,2,0.0523281274274719
6080,0.256209150326797,285.742159271571,2,0.0588573114135444
6081,0.248926237161531,285.789131377367,2,0.0660186664477454
6082,0.233613445378151,285.836103483162,2,0.0916837741448257
6083,0.21531279178338,285.883075588958,2,0.155536711624611
6084,0.206909430438842,285.930047694754,2,0.205611997417296
6085,0.207282913165266,285.977019800549,2,0.203014493308682
6086,0.209150326797386,286.023991906345,2,0.190578705684634
6087,0.205415499533147,286.070964012141,2,0.216382628222315
6088,0.198132586367881,286.117936117936,2,0.278248260021296
6089,0.203174603174603,286.164908223732,2,0.233720661271608
6090,0.19813258636788,286.211880329527,2,0.278248260021297
6091,0.191783380018674,286.258852435323,2,0.345804622701873
6092,0.184873949579832,286.305824541119,2,0.433425219545273
6093,0.182072829131653,286.352796646914,2,0.472460789628561
6094,0.188048552754435,286.39976875271,2,0.391476320697842
6095,0.201120448179272,286.446740858506,2,0.250915365384793
6096,0.211764705882353,286.493712964301,2,0.174641579624799
6097,0.217740429505135,286.540685070097,2,0.143982006728454
6098,0.22296918767507,286.587657175893,2,0.122743089240161
6099,0.231932773109244,286.634629281688,2,0.0956959662314575
6100,0.23828197945845,286.681601387484,2,0.0819565742837832
6101,0.241456582633053,286.728573493279,2,0.076388780344514
6102,0.23828197945845,286.775545599075,2,0.0819565742837832
6103,0.233426704014939,286.822517704871,2,0.0921153308104121
6104,0.229878618113912,286.869489810666,2,0.101011164579234
6105,0.233800186741363,286.916461916462,2,0.0912556874834801
6106,0.236227824463119,286.963434022258,2,0.0859945188600922
6107,0.237721755368814,287.010406128053,2,0.083022189143636
6108,0.237721755368814,287.057378233849,2,0.0830221891436359
6109,0.237535014005602,287.104350339644,2,0.0833832292863641
6110,0.236788048552754,287.15132244544,2,0.0848571635214699
6111,0.231746031746032,287.198294551236,2,0.096159985138568
6112,0.225210084033613,287.245266657031,2,0.114982389228899
6113,0.225396825396825,287.292238762827,2,0.114368427954263
6114,0.219421101774043,287.339210868623,2,0.136640030120179
6115,0.216993464052288,287.386182974418,2,0.147414129981175
6116,0.218860877684407,287.433155080214,2,0.139030219624792
6117,0.223716153127918,287.48012718601,2,0.120073700715415
6118,0.22390289449113,287.527099291805,2,0.119419468780527
6119,0.219234360410831,287.574071397601,2,0.137430531823753
6120,0.21437908496732,287.621043503396,2,0.160298793473223
6121,0.205602240896359,287.668015609192,2,0.215002504082654
6122,0.206162464985994,287.714987714988,2,0.210920437508587
6123,0.201307189542484,287.761959820783,2,0.24929935441827
6124,0.195144724556489,287.808931926579,2,0.308423320460376
6125,0.190849673202614,287.855904032375,2,0.356824503643961
6126,0.181512605042017,287.90287613817,2,0.480458336108017
6127,0.163211951447246,287.949848243966,1,0.744159964074854
6128,0.148646125116713,287.996820349762,1,0.89249107906569
6129,0.124183006535948,288.043792455557,1,0.98448629444617
6130,0.114285714285714,288.090764561353,1,0.99375923920982
6131,0.113165266106443,288.137736667148,1,0.994392729562423
6132,0.105508870214753,288.184708772944,1,0.997356584187842
6133,0.104201680672269,288.23168087874,1,0.997683269517299
6134,0.0900093370681606,288.278652984535,1,0.999481402111852
6135,0.0472455648926237,288.325625090331,1,0.999997168701467
6136,0.0162464985994398,288.372597196127,1,0.999999966273627
6137,0.00597572362278245,288.419569301922,1,0.999999993114537
6138,0.00448179271708683,288.466541407718,1,0.999999994562681
6139,0.0065359477124183,288.513513513514,1,0.999999992479511
6140,0.00522875816993464,288.560485619309,1,0.999999993880328
6141,0.00448179271708683,288.607457725105,1,0.999999994562681
6142,0.0065359477124183,288.6544298309,1,0.999999992479511
6143,0.0177404295051354,288.701401936696,1,0.999999957717645
6144,0.0356676003734827,288.748374042492,1,0.999999422887647
6145,0.0491129785247432,288.795346148287,1,0.999996366883369
6146,0.0717086834733894,288.842318254083,1,0.999936603125906
6147,0.0765639589169001,288.889290359879,1,0.999887187980534
6148,0.0746965452847806,288.936262465674,1,0.999909471726328
6149,0.0931839402427638,288.98323457147,1,0.999267757767541
6150,0.107936507936508,289.030206677266,1,0.996631897410353
6151,0.118954248366013,289.077178783061,1,0.990334331461169
6152,0.138188608776844,289.124150888857,1,0.949983897712445
6153,0.154435107376284,289.171122994652,1,0.843582495301312
6154,0.144164332399627,289.218095100448,1,0.921543531814107
6155,0.142670401493931,289.265067206244,1,0.929677297794949
6156,0.142296918767507,289.312039312039,1,0.931598118264876
6157,0.127731092436975,289.359011417835,1,0.978838993139115
6158,0.120821661998133,289.405983523631,1,0.988531031099271
6159,0.120448179271709,289.452955629426,1,0.988914754609657
6160,0.118767507002801,289.499927735222,1,0.99049945894852
6161,0.123809523809524,289.546899841018,1,0.98499269836857
6162,0.120634920634921,289.593871946813,1,0.988724395463917
6163,0.118394024276377,289.640844052609,1,0.9908219203334
6164,0.117647058823529,289.687816158404,1,0.991436690041958
6165,0.121755368814192,289.7347882642,1,0.987517642481241
6166,0.129598506069094,289.781760369996,1,0.975172903692974
6167,0.140429505135387,289.828732475791,1,0.940558860101565
6168,0.149953314659197,289.875704581587,1,0.882609461801615
6169,0.14640522875817,289.922676687383,1,0.907923518988186
6170,0.149019607843137,289.969648793178,1,0.889735136416035
6171,0.150140056022409,290.016620898974,1,0.881143524970497
6172,0.151260504201681,290.06359300477,1,0.872058803574836
6173,0.157236227824463,290.110565110565,1,0.81507035993678
6174,0.173482726423903,290.157537216361,1,0.598938170245603
6175,0.197945845004669,290.204509322156,2,0.280050187592237
6176,0.216059757236228,290.251481427952,2,0.151856824045447
6177,0.225210084033613,290.298453533748,2,0.114982389228899
6178,0.243137254901961,290.345425639543,2,0.0737425217574192
6179,0.263492063492063,290.392397745339,2,0.0539544971964139
6180,0.271521942110177,290.439369851135,2,0.050658286694147
6181,0.271521942110177,290.48634195693,2,0.0506582866941471
6182,0.269094304388422,290.533314062726,2,0.0514443619266107
6183,0.266293183940243,290.580286168521,2,0.0525736132480194
6184,0.264052287581699,290.627258274317,2,0.0536574073586524
6185,0.25452847805789,290.674230380113,2,0.0602898840636293
6186,0.249859943977591,290.721202485908,2,0.0649542934442653
6187,0.241456582633053,290.768174591704,2,0.076388780344514
6188,0.228197945845005,290.8151466975,2,0.105722594230176
6189,0.215686274509804,290.862118803295,2,0.153682574057536
6190,0.207096171802054,290.909090909091,2,0.204308558720339
6191,0.203734827264239,290.956063014887,2,0.229249801507288
6192,0.202987861811391,291.003035120682,2,0.23523150976475
6193,0.206909430438842,291.050007226478,2,0.205611997417296
6194,0.203734827264239,291.096979332273,2,0.229249801507288
6195,0.194771241830065,291.143951438069,2,0.312397608273492
6196,0.16750700280112,291.190923543865,1,0.686022674250947
6197,0.136321195144725,291.23789564966,1,0.956829488132912
6198,0.0879551820728291,291.284867755456,1,0.99958643908544
6199,0.0379084967320261,291.331839861252,1,0.999999210151557
6200,0.034733893557423,291.378811967047,1,0.99999949404947
6201,0.0431372549019608,291.425784072843,1,0.999998375592136
6202,0.0403361344537815,291.472756178639,1,0.999998893939957
6203,0.0328664799253035,291.519728284434,1,0.999999611711273
6204,0.0235294117647059,291.56670039023,1,0.99999989967351
6205,0.0156862745098039,291.613672496025,1,0.999999969025389
6206,0.0138188608776844,291.660644601821,1,0.999999976706694
6207,0.0186741363211951,291.707616707617,1,0.999999951331658
6208,0.0244631185807656,291.754588813412,1,0.999999884876896
6209,0.0444444444444444,291.801560919208,1,0.99999805945628
6210,0.0612511671335201,291.848533025004,1,0.999982497346531
6211,0.0855275443510738,291.895505130799,1,0.999684487480329
6212,0.113352007469655,291.942477236595,1,0.994291490802199
6213,0.138562091503268,291.989449342391,1,0.948508084623181
6214,0.156489262371615,292.036421448186,1,0.822981900916034
6215,0.169561157796452,292.083393553982,1,0.656667128073126
6216,0.179645191409897,292.130365659777,1,0.507489702514337
6217,0.182072829131653,292.177337765573,2,0.472460789628561
6218,0.179084967320261,292.224309871369,1,0.515694750435788
6219,0.176844070961718,292.271281977164,1,0.548830412934532
6220,0.178898225957049,292.31825408296,1,0.518438049054764
6221,0.183380018674136,292.365226188756,2,0.454034485804393
6222,0.186741363211951,292.412198294551,2,0.408424682943508
6223,0.185994397759104,292.459170400347,2,0.418317567374681
6224,0.185060690943044,292.506142506143,2,0.430885664607362
6225,0.187488328664799,292.553114611938,2,0.398681815948587
6226,0.188608776844071,292.600086717734,2,0.384360229496635
6227,0.19140989729225,292.647058823529,2,0.350179924703824
6228,0.189355742296919,292.694030929325,2,0.375014365441411
6229,0.182072829131653,292.741003035121,2,0.472460789628561
6230,0.172735760971055,292.787975140916,1,0.610043718002256
6231,0.171428571428571,292.834947246712,1,0.629379504702966
6232,0.174976657329599,292.881919352508,1,0.576663658470307
6233,0.189169000933707,292.928891458303,2,0.377335399074273
6234,0.203174603174603,292.975863564099,2,0.233720661271608
6235,0.215499533146592,293.022835669895,2,0.154606070291741
6236,0.220354808590103,293.06980777569,2,0.132779168376386
6237,0.225396825396825,293.116779881486,2,0.114368427954263
6238,0.233426704014939,293.163751987281,2,0.0921153308104121
6239,0.235480859010271,293.210724093077,2,0.0875547397351116
6240,0.235294117647059,293.257696198873,2,0.0879527677093892
6241,0.234173669467787,293.304668304668,2,0.0904098180200088
6242,0.232119514472456,293.351640410464,2,0.0952356663886858
6243,0.228944911297852,293.39861251626,2,0.103586661241411
6244,0.225770308123249,293.445584622055,2,0.113155062361097
6245,0.220728291316527,293.492556727851,2,0.1312767739168
6246,0.214565826330532,293.539528833647,2,0.159331697947314
6247,0.208776844070962,293.586500939442,2,0.192993602155707
6248,0.205602240896359,293.633473045238,2,0.215002504082654
6249,0.212511671335201,293.680445151033,2,0.170386960035616
6250,0.209337068160598,293.727417256829,2,0.189384534894114
6251,0.20672268907563,293.774389362625,2,0.206924857206381
6252,0.202987861811391,293.82136146842,2,0.23523150976475
6253,0.195331465919701,293.868333574216,2,0.306453065877142
6254,0.189915966386555,293.915305680012,2,0.368113810399827
6255,0.191036414565826,293.962277785807,2,0.354598809923929
6256,0.195891690009337,294.009249891603,2,0.300609873084279
6257,0.188048552754435,294.056221997398,2,0.391476320697842
6258,0.187114845938375,294.103194103194,2,0.403534153305787
6259,0.185807656395892,294.15016620899,2,0.420813555109817
6260,0.190102707749767,294.197138314785,2,0.365834654720639
6261,0.198506069094304,294.244110420581,2,0.274677762463478
6262,0.203734827264239,294.291082526377,2,0.229249801507288
6263,0.219421101774043,294.338054632172,2,0.136640030120179
6264,0.242203548085901,294.385026737968,2,0.0751882288411789
6265,0.26031746031746,294.431998843764,2,0.0558457341196709
6266,0.27563025210084,294.478970949559,2,0.0497148098206478
6267,0.287208216619981,294.525943055355,2,0.0495296795628261
6268,0.288141923436041,294.57291516115,2,0.0496719958509664
6269,0.289635854341737,294.619887266946,2,0.0499496254638444
6270,0.296171802054155,294.666859372742,2,0.0519142485369991
6271,0.301774042950514,294.713831478537,2,0.0546506053136995
6272,0.30140056022409,294.760803584333,2,0.0544353222943836
6273,0.301027077497666,294.807775690129,2,0.0542249236239341
6274,0.292997198879552,294.854747795924,2,0.0508039165520108
6275,0.285901027077498,294.90171990172,2,0.0493703248522896
6276,0.282726423902894,294.948692007516,2,0.0491749396023423
6277,0.279925303454715,294.995664113311,2,0.049226355126771
6278,0.273949579831933,295.042636219107,2,0.0500433381414044
6279,0.271148459383753,295.089608324902,2,0.0507679197479082
6280,0.271148459383753,295.136580430698,2,0.0507679197479082
6281,0.26984126984127,295.183552536494,2,0.0511838613017694
6282,0.271148459383753,295.230524642289,2,0.0507679197479082
6283,0.273015873015873,295.277496748085,2,0.0502600007800556
6284,0.270588235294118,295.324468853881,2,0.0509400105042291
6285,0.267787114845938,295.371440959676,2,0.0519409983780119
6286,0.268534080298786,295.418413065472,2,0.0516508008817765
6287,0.272455648926237,295.465385171268,2,0.0504018605042768
6288,0.2765639589169,295.512357277063,2,0.0495660022585206
6289,0.27077497665733,295.559329382859,2,0.0508816239713214
6290,0.275070028011205,295.606301488654,2,0.0498156074497388
6291,0.276750700280112,295.65327359445,2,0.0495391042936444
6292,0.274136321195145,295.700245700246,2,0.0500029497106287
6293,0.271335200746965,295.747217806041,2,0.0507125958427698
6294,0.268160597572362,295.794189911837,2,0.0517937514826983
6295,0.259943977591036,295.841162017633,2,0.0560923202202582
6296,0.251914098972922,295.888134123428,2,0.0627716764907631
6297,0.244817927170868,295.935106229224,2,0.0712875868201946
6298,0.245564892623716,295.98207833502,2,0.0702547133318309
6299,0.246311858076564,296.029050440815,2,0.0692562247038434
6300,0.248552754435107,296.076022546611,2,0.0664575850912223
6301,0.250980392156863,296.122994652406,2,0.0637373338977446
6302,0.253968253968254,296.169966758202,2,0.0607950812959601
6303,0.258450046685341,296.216938863998,2,0.0571318329961085
6304,0.259570494864613,296.263910969793,2,0.0563441652194859
6305,0.266479925303455,296.310883075589,2,0.0524906735923608
6306,0.272082166199813,296.357855181385,2,0.0505014184215602
6307,0.281232492997199,296.40482728718,2,0.049176276744949
6308,0.284780578898226,296.451799392976,2,0.0492704893036385
6309,0.284593837535014,296.498771498772,2,0.0492571325919563
6310,0.284033613445378,296.545743604567,2,0.0492226745168992
6311,0.286461251167134,296.592715710363,2,0.0494329454106063
6312,0.289635854341737,296.639687816158,2,0.0499496254638444
6313,0.282166199813259,296.686659921954,2,0.0491684581518394
6314,0.276377217553688,296.73363202775,2,0.0495938526794532
6315,0.271708683473389,296.780604133545,2,0.0506049893372002
6316,0.259570494864613,296.827576239341,2,0.0563441652194859
6317,0.240522875816993,296.874548345137,2,0.0779463850928621
6318,0.226704014939309,296.921520450932,2,0.110204863720613
6319,0.211764705882353,296.968492556728,2,0.174641579624799
6320,0.196078431372549,297.015464662524,2,0.298684661335208
6321,0.183006535947712,297.062436768319,2,0.459263809152383
6322,0.186367880485528,297.109408874115,2,0.413352725669251
6323,0.196638655462185,297.15638097991,2,0.292976526453151
6324,0.212324929971989,297.203353085706,2,0.171438589400118
6325,0.227824463118581,297.250325191502,2,0.106816457337286
6326,0.246498599439776,297.297297297297,2,0.0690118612283741
6327,0.266666666666667,297.344269403093,2,0.0524088464959691
6328,0.283099906629318,297.391241508889,2,0.0491839171348078
6329,0.293370681605976,297.438213614684,2,0.0509189307685379
6330,0.291129785247432,297.48518572048,2,0.0502895598315317
6331,0.298039215686275,297.532157826276,2,0.0527121388011574
6332,0.29953314659197,297.579129932071,2,0.0534312445192983
6333,0.293930905695612,297.626102037867,2,0.0510991555624892
6334,0.295424836601307,297.673074143662,2,0.0516255924811971
6335,0.299346405228758,297.720046249458,2,0.05333733325837
6336,0.296358543417367,297.767018355254,2,0.0519891042098264
6337,0.295238095238095,297.813990461049,2,0.0515561002516743
6338,0.295424836601307,297.860962566845,2,0.0516255924811971
6339,0.285527544351074,297.907934672641,2,0.0493332891249239
6340,0.266293183940243,297.954906778436,2,0.0525736132480194
6341,0.246125116713352,298.001878884232,2,0.0695026767025227
6342,0.227077497665733,298.048850990028,2,0.109057318064093
6343,0.208403361344538,298.095823095823,2,0.195444235563225
6344,0.192717086834734,298.142795201619,2,0.335058744805772
6345,0.169187675070028,298.189767307414,1,0.662062713320255
6346,0.139122315592904,298.23673941321,1,0.946224559477344
6347,0.104761904761905,298.283711519006,1,0.997548214849585
6348,0.0802987861811391,298.330683624801,1,0.999825861086458
6349,0.0591970121381886,298.377655730597,1,0.999986506696805
6350,0.0459383753501401,298.424627836393,1,0.999997624989888
6351,0.0366013071895425,298.471599942188,1,0.999999342044579
6352,0.0283846872082166,298.518572047984,1,0.999999795949193
6353,0.0464985994397759,298.565544153779,1,0.999997438903071
6354,0.061437908496732,298.612516259575,1,0.999982080602615
6355,0.0898225957049486,298.659488365371,1,0.99949191212019
6356,0.131652661064426,298.706460471166,1,0.970490763325906
6357,0.170681605975724,298.753432576962,1,0.640350383979927
6358,0.193650793650794,298.800404682758,2,0.324590300159275
6359,0.216806722689076,298.847376788553,2,0.148288952687474
6360,0.242950513538749,298.894348894349,2,0.0740268712452903
6361,0.253968253968254,298.941321000145,2,0.0607950812959601
6362,0.264425770308123,298.98829310594,2,0.0534652440819809
6363,0.27563025210084,299.035265211736,2,0.0497148098206478
6364,0.280672268907563,299.082237317531,2,0.0491921442137733
6365,0.282352941176471,299.129209423327,2,0.049169687527588
6366,0.283473389355742,299.176181529123,2,0.0491966220595919
6367,0.280859010270775,299.223153634918,2,0.0491859232088771
6368,0.275443510737628,299.270125740714,2,0.0497474461506357
6369,0.250233426704015,299.31709784651,2,0.0645414473540731
6370,0.231932773109244,299.364069952305,2,0.0956959662314575
6371,0.191036414565826,299.411042058101,2,0.354598809923929
6372,0.149766573295985,299.458014163897,1,0.884061738362943
6373,0.0954248366013072,299.504986269692,1,0.999069133747333
6374,0.0317460317460317,299.551958375488,1,0.99999966904596
6375,0.0100840336134454,299.598930481283,1,0.999999986905554
6376,0.0102707749766573,299.645902587079,1,0.999999986520416
6377,0.00952380952380952,299.692874692875,1,0.999999987997626
6378,0.0057889822595705,299.73984679867,1,0.999999993314331
6379,0.0128851540616246,299.786818904466,1,0.999999979815433
6380,0.0313725490196078,299.833791010262,1,0.999999686260308
6381,0.0481792717086835,299.880763116057,1,0.999996791953771
6382,0.0642390289449113,299.927735221853,1,0.999974556454568
6383,0.0915032679738562,299.974707327649,1,0.999389548324598
6384,0.116526610644258,300.021679433444,1,0.992287671671129
6385,0.143790849673203,300.06865153924,1,0.923645812275265
6386,0.177591036414566,300.115623645035,1,0.537739433492778
6387,0.208403361344538,300.162595750831,2,0.195444235563225
6388,0.218300653594771,300.209567856627,2,0.141477136774853
6389,0.222408963585434,300.256539962422,2,0.12480132638778
6390,0.231372549019608,300.303512068218,2,0.0970992954660373
6391,0.23249299719888,300.350484174014,2,0.0943261099129217
6392,0.227077497665733,300.397456279809,2,0.109057318064093
6393,0.231932773109244,300.444428385605,2,0.0956959662314575
6394,0.225023342670401,300.4914004914,2,0.115601252130907
6395,0.205228758169935,300.538372597196,2,0.217772546118045
6396,0.180205415499533,300.585344702992,2,0.499325423785801
6397,0.14733893557423,300.632316808787,1,0.901720101174677
6398,0.0956115779645191,300.679288914583,1,0.999050453608387
6399,0.0580765639589169,300.726261020379,1,0.999988303699389
6400,0.0524743230625584,300.773233126174,1,0.999994337238194
6401,0.0786181139122316,300.82020523197,1,0.999856622138894
6402,0.0929971988795518,300.867177337766,1,0.999282351693918
6403,0.116526610644258,300.914149443561,1,0.992287671671129
6404,0.141923436041083,300.961121549357,1,0.933475174007804
6405,0.164332399626517,301.008093655152,1,0.729492579109158
6406,0.182072829131653,301.055065760948,2,0.472460789628561
6407,0.193090569561158,301.102037866744,2,0.330837920010709
6408,0.198506069094304,301.149009972539,2,0.274677762463478
6409,0.216059757236228,301.195982078335,2,0.151856824045447
6410,0.216806722689076,301.242954184131,2,0.148288952687474
6411,0.219421101774043,301.289926289926,2,0.136640030120179
6412,0.220354808590103,301.336898395722,2,0.132779168376386
6413,0.216059757236228,301.383870501518,2,0.151856824045447
6414,0.205602240896359,301.430842607313,2,0.215002504082654
6415,0.194024276377218,301.477814713109,2,0.320481163935668
6416,0.184873949579832,301.524786818904,2,0.433425219545273
6417,0.179458450046685,301.5717589247,1,0.510220408985137
6418,0.174416433239963,301.618731030496,1,0.585022085852076
6419,0.162278244631186,301.665703136291,1,0.756078033803698
6420,0.143230625583567,301.712675242087,1,0.926712595065016
6421,0.12250233426704,301.759647347883,1,0.98664842019874
6422,0.107936507936508,301.806619453678,1,0.996631897410353
6423,0.104201680672269,301.853591559474,1,0.997683269517299
6424,0.108683473389356,301.90056366527,1,0.996373804244319
6425,0.123809523809524,301.947535771065,1,0.98499269836857
6426,0.137441643323996,301.994507876861,1,0.952826838640065
6427,0.155182072829132,302.041479982656,1,0.836288721266126
6428,0.169561157796452,302.088452088452,1,0.656667128073126
6429,0.184126984126984,302.135424194248,2,0.443666312914756
6430,0.201120448179272,302.182396300043,2,0.250915365384793
6431,0.214192343604108,302.229368405839,2,0.161273326507141
6432,0.219047619047619,302.276340511635,2,0.13822724674034
6433,0.210084033613445,302.32331261743,2,0.184695206331045
6434,0.209337068160598,302.370284723226,2,0.189384534894114
6435,0.205975723622782,302.417256829022,2,0.212271454726489
6436,0.202987861811391,302.464228934817,2,0.23523150976475
6437,0.204481792717087,302.511201040613,2,0.223431052659864
6438,0.212511671335201,302.558173146408,2,0.170386960035616
6439,0.216806722689076,302.605145252204,2,0.148288952687474
6440,0.21624649859944,302.652117358,2,0.150954474230666
6441,0.210830999066293,302.699089463795,2,0.180143245631232
6442,0.197012138188609,302.746061569591,2,0.289227282821733
6443,0.190102707749767,302.793033675387,2,0.365834654720639
6444,0.174042950513539,302.840005781182,1,0.590591694299601
6445,0.143790849673203,302.886977886978,1,0.923645812275264
6446,0.127357609710551,302.933949992774,1,0.979510723068642
6447,0.109430438842204,302.980922098569,1,0.99609725005641
6448,0.0795518207282913,303.027894204365,1,0.999840240972595
6449,0.0563958916900093,303.07486631016,1,0.999990573294687
6450,0.0676003734827264,303.121838415956,1,0.999961477687099
6451,0.092250233426704,303.168810521752,1,0.999338009799843
6452,0.126797385620915,303.215782627547,1,0.980482200814653
6453,0.154621848739496,303.262754733343,1,0.841780266396996
6454,0.170868347338936,303.309726839139,1,0.637613968311887
6455,0.189729225023343,303.356698944934,2,0.370403515874165
6456,0.203548085901027,303.40367105073,2,0.230729847645086
6457,0.210644257703081,303.450643156526,2,0.181268532911139
6458,0.225023342670401,303.497615262321,2,0.115601252130907
6459,0.233800186741363,303.544587368117,2,0.0912556874834801
6460,0.23155929038282,303.591559473912,2,0.0966277518841238
6461,0.233053221288515,303.638531579708,2,0.0929889615891319
6462,0.23921568627451,303.685503685504,2,0.0802375930758139
6463,0.243323996265173,303.732475791299,2,0.0734605332554606
6464,0.246125116713352,303.779447897095,2,0.0695026767025227
6465,0.24780578898226,303.826420002891,2,0.0673585741639882
6466,0.250793650793651,303.873392108686,2,0.0639356949186001
6467,0.252847805788982,303.920364214482,2,0.0618485636237613
6468,0.251727357609711,303.967336320278,2,0.0629613598013932
6469,0.253221288515406,304.014308426073,2,0.0614909247821104
6470,0.254715219421102,304.061280531869,2,0.0601246104055856
6471,0.253034547152194,304.108252637664,2,0.0616689258198332
6472,0.248739495798319,304.15522474346,2,0.0662371721686944
6473,0.25359477124183,304.202196849256,2,0.0611397913985614
6474,0.248179271708683,304.249168955051,2,0.0669041853623129
6475,0.243697478991597,304.296141060847,2,0.0729035704970234
6476,0.242016806722689,304.343113166643,2,0.0754846469765219
6477,0.236974789915966,304.390085272438,2,0.0844841684188343
6478,0.235294117647059,304.437057378234,2,0.0879527677093892
6479,0.240522875816993,304.48402948403,2,0.0779463850928621
6480,0.248179271708683,304.531001589825,2,0.0669041853623129
6481,0.247619047619048,304.577973695621,2,0.0675887232273501
6482,0.246311858076564,304.624945801416,2,0.0692562247038434
6483,0.245191409897292,304.671917907212,2,0.0707667902091038
6484,0.242763772175537,304.718890013008,2,0.0743135990908095
6485,0.243137254901961,304.765862118803,2,0.0737425217574192
6486,0.240896358543417,304.812834224599,2,0.0773156221595508
6487,0.235107376283847,304.859806330395,2,0.0883540339210512
6488,0.228011204481793,304.90677843619,2,0.106267340038494
6489,0.20672268907563,304.953750541986,2,0.206924857206381
6490,0.16750700280112,305.000722647782,1,0.686022674250947
6491,0.125863678804855,305.047694753577,1,0.982008953237848
6492,0.0931839402427638,305.094666859373,1,0.999267757767541
6493,0.0634920634920635,305.141638965168,1,0.999976817147244
6494,0.0468720821661998,305.188611070964,1,0.999997307081946
6495,0.0519140989729225,305.23558317676,1,0.999994738639187
6496,0.0556489262371615,305.282555282555,1,0.999991439568907
6497,0.0521008403361345,305.329527388351,1,0.999994607996835
6498,0.0610644257703081,305.376499494147,1,0.999982904739003
6499,0.0758169934640523,305.423471599942,1,0.999896668925024
6500,0.0929971988795518,305.470443705738,1,0.999282351693918
6501,0.10812324929972,305.517415811534,1,0.996569041249458
6502,0.125116713352007,305.564387917329,1,0.983151332178691
6503,0.142110177404295,305.611360023125,1,0.932542076080501
6504,0.154621848739496,305.65833212892,1,0.841780266396996
6505,0.165079365079365,305.705304234716,1,0.719505885312754
6506,0.181325863678805,305.752276340512,2,0.48313656099082
6507,0.194957983193277,305.799248446307,2,0.310404835573773
6508,0.205602240896359,305.846220552103,2,0.215002504082653
6509,0.215126050420168,305.893192657899,2,0.156474546450954
6510,0.221475256769374,305.940164763694,2,0.128342000375692
6511,0.225770308123249,305.98713686949,2,0.113155062361097
6512,0.232306255835668,306.034108975285,2,0.0947790570589809
6513,0.242203548085901,306.081081081081,2,0.0751882288411789
6514,0.241456582633053,306.128053186877,2,0.076388780344514
6515,0.239962651727358,306.175025292672,2,0.0789122202091792
6516,0.239028944911298,306.221997398468,2,0.0805757849989718
6517,0.235667600373483,306.268969504264,2,0.0871599252791578
6518,0.231932773109244,306.315941610059,2,0.0956959662314575
6519,0.229505135387488,306.362913715855,2,0.102028998715633
6520,0.228384687208217,306.409885821651,2,0.105182186500396
6521,0.227264239028945,306.456857927446,2,0.108490375889277
6522,0.227077497665733,306.503830033242,2,0.109057318064093
6523,0.225957049486461,306.550802139037,2,0.112555584688532
6524,0.224089635854342,306.597774244833,2,0.118770404586006
6525,0.226704014939309,306.644746350629,2,0.110204863720613
6526,0.230252100840336,306.691718456424,2,0.100009522841583
6527,0.235107376283847,306.73869056222,2,0.0883540339210512
6528,0.238095238095238,306.785662668016,2,0.0823088837264627
6529,0.240709617180205,306.832634773811,2,0.0776297039627185
6530,0.237721755368814,306.879606879607,2,0.083022189143636
6531,0.23062558356676,306.926578985403,2,0.0990238260018801
6532,0.220354808590103,306.973551091198,2,0.132779168376386
6533,0.214192343604108,307.020523196994,2,0.161273326507141
6534,0.212885154061625,307.067495302789,2,0.168307452154936
6535,0.215873015873016,307.114467408585,2,0.152766174674214
6536,0.220354808590103,307.161439514381,2,0.132779168376386
6537,0.225583566760037,307.208411620176,2,0.113759331264595
6538,0.230812324929972,307.255383725972,2,0.0985368805861235
6539,0.236974789915966,307.302355831768,2,0.0844841684188344
6540,0.238095238095238,307.349327937563,2,0.0823088837264627
6541,0.236974789915966,307.396300043359,2,0.0844841684188344
6542,0.235854341736695,307.443272149155,2,0.0867682998248893
6543,0.233800186741363,307.49024425495,2,0.0912556874834801
6544,0.233053221288515,307.537216360746,2,0.0929889615891319
6545,0.230438842203548,307.584188466541,2,0.0995146966335997
6546,0.225957049486461,307.631160572337,2,0.112555584688532
6547,0.219607843137255,307.678132678133,2,0.135855697087354
6548,0.216993464052288,307.725104783928,2,0.147414129981175
6549,0.218674136321195,307.772076889724,2,0.139839495442301
6550,0.224276377217554,307.81904899552,2,0.118126469386486
6551,0.234173669467787,307.866021101315,2,0.0904098180200088
6552,0.241456582633053,307.912993207111,2,0.076388780344514
6553,0.23921568627451,307.959965312907,2,0.0802375930758139
6554,0.243137254901961,308.006937418702,2,0.0737425217574192
6555,0.247432306255836,308.053909524498,2,0.0678208604370159
6556,0.248926237161531,308.100881630293,2,0.0660186664477454
6557,0.24593837535014,308.147853736089,2,0.0697512321046222
6558,0.239962651727358,308.194825841885,2,0.0789122202091792
6559,0.230999066293184,308.24179794768,2,0.0980538302553421
6560,0.224089635854342,308.288770053476,2,0.118770404586006
6561,0.219794584500467,308.335742159272,2,0.135077488397747
6562,0.212511671335201,308.382714265067,2,0.170386960035616
6563,0.204295051353875,308.429686370863,2,0.22487060901155
6564,0.196451914098973,308.476658476658,2,0.294867994113622
6565,0.189355742296919,308.523630582454,2,0.375014365441411
6566,0.188982259570495,308.57060268825,2,0.379666761553893
6567,0.198692810457516,308.617574794045,2,0.272909154052064
6568,0.210644257703081,308.664546899841,2,0.181268532911139
6569,0.215126050420168,308.711519005637,2,0.156474546450954
6570,0.220168067226891,308.758491111432,2,0.133539267823948
6571,0.227637721755369,308.805463217228,2,0.107369979777838
6572,0.237161531279178,308.852435323024,2,0.0841141962726156
6573,0.246685340802988,308.899407428819,2,0.0687695715330685
6574,0.255648926237162,308.946379534615,2,0.0593212522140275
6575,0.263865546218487,308.99335164041,2,0.0537552525117985
6576,0.267787114845938,309.040323746206,2,0.0519409983780119
6577,0.272082166199813,309.087295852002,2,0.0505014184215603
6578,0.268534080298786,309.134267957797,2,0.0516508008817765
6579,0.268534080298786,309.181240063593,2,0.0516508008817765
6580,0.269467787114846,309.228212169389,2,0.0513120164448551
6581,0.271708683473389,309.275184275184,2,0.0506049893372002
6582,0.281419234360411,309.32215638098,2,0.0491728507662298
6583,0.283660130718954,309.369128486776,2,0.0492043731183541
6584,0.274136321195145,309.416100592571,2,0.0500029497106287
6585,0.26890756302521,309.463072698367,2,0.0515121150907433
6586,0.258823529411765,309.510044804162,2,0.0568638623579436
6587,0.244257703081233,309.557016909958,2,0.0720854083231277
6588,0.23062558356676,309.603989015754,2,0.0990238260018801
6589,0.219047619047619,309.650961121549,2,0.13822724674034
6590,0.197759103641457,309.697933227345,2,0.281863258169916
6591,0.166013071895425,309.744905333141,1,0.70680417086175
6592,0.141176470588235,309.791877438936,1,0.937100604958205
6593,0.107936507936508,309.838849544732,1,0.996631897410353
6594,0.0903828197945845,309.885821650528,1,0.999459757999735
6595,0.0793650793650794,309.932793756323,1,0.999843654242055
6596,0.0907563025210084,309.979765862119,1,0.99943725586333
6597,0.111671335200747,310.026737967914,1,0.995144377110754
6598,0.13688141923436,310.07371007371,1,0.954866560999867
6599,0.163398692810458,310.120682179506,1,0.741742471366451
6600,0.184313725490196,310.167654285301,2,0.441093833036918
6601,0.199439775910364,310.214626391097,2,0.265945159235574
6602,0.217553688141923,310.261598496893,2,0.144830055885282
6603,0.235107376283847,310.308570602688,2,0.0883540339210512
6604,0.243323996265173,310.355542708484,2,0.0734605332554606
6605,0.2468720821662,310.40251481428,2,0.0685293410110362
6606,0.252287581699346,310.449486920075,2,0.0623974034875031
6607,0.259197012138189,310.496459025871,2,0.056601326402499
6608,0.263305322128852,310.543431131666,2,0.0540559078778401
6609,0.264612511671335,310.590403237462,2,0.0533709152276467
6610,0.259757236227824,310.637375343258,2,0.0562175818075612
6611,0.259010270774977,310.684347449053,2,0.0567319188204655
6612,0.256395891690009,310.731319554849,2,0.0587056225988576
6613,0.242763772175537,310.778291660645,2,0.0743135990908095
6614,0.232119514472456,310.82526376644,2,0.0952356663886858
6615,0.229131652661064,310.872235872236,2,0.103063276473514
6616,0.225957049486461,310.919207978032,2,0.112555584688532
6617,0.219234360410831,310.966180083827,2,0.137430531823753
6618,0.211204481792717,311.013152189623,2,0.177917775769114
6619,0.200186741363212,311.060124295418,2,0.259156713486258
6620,0.186181139122316,311.107096401214,2,0.41583059264861
6621,0.176283846872082,311.15406850701,1,0.557169123977893
6622,0.179084967320261,311.201040612805,1,0.515694750435788
6623,0.191036414565826,311.248012718601,2,0.354598809923929
6624,0.198879551820728,311.294984824397,2,0.271151611842537
6625,0.211017740429505,311.341956930192,2,0.179026343318587
6626,0.220541549953315,311.388929035988,2,0.132025018148956
6627,0.232679738562092,311.435901141784,2,0.09387679684194
6628,0.240709617180205,311.482873247579,2,0.0776297039627185
6629,0.244631185807656,311.529845353375,2,0.0715512944282782
6630,0.245378151260504,311.57681745917,2,0.0705096696123344
6631,0.245751633986928,311.623789564966,2,0.0700019059285298
6632,0.246685340802988,311.670761670762,2,0.0687695715330685
6633,0.244631185807656,311.717733776557,2,0.0715512944282782
6634,0.244444444444444,311.764705882353,2,0.0718172295422542
6635,0.243323996265173,311.811677988149,2,0.0734605332554606
6636,0.240896358543417,311.858650093944,2,0.0773156221595508
6637,0.23734827264239,311.90562219974,2,0.0837472241440469
6638,0.230812324929972,311.952594305536,2,0.0985368805861235
6639,0.22296918767507,311.999566411331,2,0.122743089240161
6640,0.217553688141923,312.046538517127,2,0.144830055885282
6641,0.215499533146592,312.093510622922,2,0.154606070291741
6642,0.213258636788049,312.140482728718,2,0.166259279260923
6643,0.211391223155929,312.187454834514,2,0.176817492773133
6644,0.210644257703081,312.234426940309,2,0.181268532911139
6645,0.211391223155929,312.281399046105,2,0.176817492773133
6646,0.208403361344538,312.328371151901,2,0.195444235563225
6647,0.200373482726424,312.375343257696,2,0.257486833820397
6648,0.192530345471522,312.422315363492,2,0.337185819463032
6649,0.184126984126984,312.469287469288,2,0.443666312914756
6650,0.171615312791783,312.516259575083,1,0.626626926496994
6651,0.151260504201681,312.563231680879,1,0.872058803574836
6652,0.109243697478992,312.610203786674,1,0.996168184281992
6653,0.0515406162464986,312.65717589247,1,0.999994990803928
6654,0.0171802054154995,312.704147998266,1,0.999999961148933
6655,0.00896358543417367,312.751120104061,1,0.999999989000591
6656,0.00765639589169001,312.798092209857,1,0.99999999103318
6657,0.00840336134453781,312.845064315653,1,0.999999989921551
6658,0.00728291316526611,312.892036421448,1,0.999999991543145
6659,0.0112044817927171,312.939008527244,1,0.999999984422651
6660,0.0143790849673203,312.98598063304,1,0.999999974622178
6661,0.0136321195144725,313.032952738835,1,0.999999977363666
6662,0.0186741363211951,313.079924844631,1,0.999999951331658
6663,0.0343604108309991,313.126896950426,1,0.999999520060396
6664,0.0478057889822596,313.173869056222,1,0.999996948140162
6665,0.0633053221288515,313.220841162018,1,0.999977351337796
6666,0.0802987861811391,313.267813267813,1,0.999825861086458
6667,0.0997198879551821,313.314785373609,1,0.998537420288642
6668,0.112791783380019,313.361757479405,1,0.994590203189265
6669,0.124743230625584,313.4087295852,1,0.983697397725831
6670,0.144724556489262,313.455701690996,1,0.918301931777377
6671,0.172175536881419,313.502673796791,1,0.618348658771355
6672,0.192156862745098,313.549645902587,2,0.341473174041222
6673,0.209150326797386,313.596618008383,2,0.190578705684634
6674,0.212698412698413,313.643590114178,2,0.169343264277159
6675,0.214752567693744,313.690562219974,2,0.158371990870851
6676,0.216619981325864,313.73753432577,2,0.149170586084433
6677,0.218300653594771,313.784506431565,2,0.141477136774853
6678,0.217927170868347,313.831478537361,2,0.143140534575047
6679,0.211577964519141,313.878450643157,2,0.175725444123708
6680,0.203548085901027,313.925422748952,2,0.230729847645086
6681,0.192530345471522,313.972394854748,2,0.337185819463032
6682,0.174976657329599,314.019366960543,1,0.576663658470307
6683,0.160597572362278,314.066339066339,1,0.776783144453417
6684,0.129971988795518,314.113311172135,1,0.974374618936074
6685,0.0888888888888889,314.16028327793,1,0.999541490569065
6686,0.0696545284780579,314.207255383726,1,0.999950521790655
6687,0.0597572362278245,314.254227489522,1,0.99998551106842
6688,0.0397759103641457,314.301199595317,1,0.999998976325441
6689,0.0394024276377218,314.348171701113,1,0.999999027907771
6690,0.0283846872082166,314.395143806909,1,0.999999795949193
6691,0.0225957049486461,314.442115912704,1,0.999999912611852
6692,0.019234360410831,314.4890880185,1,0.999999947058627
6693,0.0143790849673203,314.536060124295,1,0.999999974622178
6694,0.0237161531279178,314.583032230091,1,0.999999896870648
6695,0.0623716153127918,314.630004335887,1,0.999979849253435
6696,0.102521008403361,314.676976441682,1,0.998047594659773
6697,0.150887021475257,314.723948547478,1,0.875142360103431
6698,0.18468720821662,314.770920653274,2,0.435973173009855
6699,0.219794584500467,314.817892759069,2,0.135077488397747
6700,0.235107376283847,314.864864864865,2,0.0883540339210512
6701,0.240709617180205,314.911836970661,2,0.0776297039627185
6702,0.249859943977591,314.958809076456,2,0.0649542934442653
6703,0.258636788048553,315.005781182252,2,0.0569971645451624
6704,0.261064425770308,315.052753288047,2,0.0553681158851345
6705,0.248366013071895,315.099725393843,2,0.0666799183892854
6706,0.24593837535014,315.146697499639,2,0.0697512321046222
6707,0.240709617180205,315.193669605434,2,0.0776297039627185
6708,0.234920634920635,315.24064171123,2,0.0887585632927201
6709,0.235667600373483,315.287613817026,2,0.0871599252791578
6710,0.236601307189542,315.334585922821,2,0.0852332047124592
6711,0.224649859943978,315.381558028617,2,0.11685383220474
6712,0.20952380952381,315.428530134413,2,0.188199149438129
6713,0.199626517273576,315.475502240208,2,0.264231653713318
6714,0.18468720821662,315.522474346004,2,0.435973173009855
6715,0.167693744164332,315.569446451799,1,0.683388738949674
6716,0.158730158730159,315.616418557595,1,0.798587330359362
6717,0.154621848739496,315.663390663391,1,0.841780266396996
6718,0.156489262371615,315.710362769186,1,0.822981900916034
6719,0.171055088702148,315.757334874982,1,0.634873220455456
6720,0.185247432306256,315.804306980778,2,0.428354616087381
6721,0.21437908496732,315.851279086573,2,0.160298793473223
6722,0.219794584500467,315.898251192369,2,0.135077488397747
6723,0.229131652661064,315.945223298164,2,0.103063276473514
6724,0.23828197945845,315.99219540396,2,0.0819565742837832
6725,0.242577030812325,316.039167509756,2,0.0746027228219726
6726,0.244070961718021,316.086139615551,2,0.072355847079465
6727,0.244444444444444,316.133111721347,2,0.0718172295422542
6728,0.246685340802988,316.180083827143,2,0.0687695715330685
6729,0.233053221288515,316.227055932938,2,0.0929889615891319
6730,0.225583566760037,316.274028038734,2,0.113759331264595
6731,0.213445378151261,316.32100014453,2,0.16524681889048
6732,0.19906629318394,316.367972250325,2,0.269405114015481
6733,0.191036414565826,316.414944356121,2,0.354598809923929
6734,0.19234360410831,316.461916461916,2,0.339323971076271
6735,0.200746965452848,316.508888567712,2,0.254179550933149
6736,0.207096171802054,316.555860673508,2,0.204308558720339
6737,0.207096171802054,316.602832779303,2,0.204308558720339
6738,0.216059757236228,316.649804885099,2,0.151856824045447
6739,0.220354808590103,316.696776990895,2,0.132779168376386
6740,0.226704014939309,316.74374909669,2,0.110204863720613
6741,0.240336134453782,316.790721202486,2,0.0782656850407772
6742,0.251353874883287,316.837693308282,2,0.0633458759337096
6743,0.261064425770308,316.884665414077,2,0.0553681158851345
6744,0.273015873015873,316.931637519873,2,0.0502600007800556
6745,0.275070028011205,316.978609625668,2,0.0498156074497388
6746,0.274696545284781,317.025581731464,2,0.0498876326624722
6747,0.271148459383753,317.07255383726,2,0.0507679197479082
6748,0.259010270774977,317.119525943055,2,0.0567319188204655
6749,0.244631185807656,317.166498048851,2,0.0715512944282782
6750,0.235107376283847,317.213470154647,2,0.0883540339210512
6751,0.234360410830999,317.260442260442,2,0.0899919826712268
6752,0.237535014005602,317.307414366238,2,0.0833832292863641
6753,0.238095238095238,317.354386472034,2,0.0823088837264627
6754,0.244631185807656,317.401358577829,2,0.0715512944282782
6755,0.253408029878618,317.448330683625,2,0.0613145500828906
6756,0.25546218487395,317.49530278942,2,0.0594788870812812
6757,0.248739495798319,317.542274895216,2,0.0662371721686944
6758,0.235667600373483,317.589247001012,2,0.0871599252791578
6759,0.227264239028945,317.636219106807,2,0.108490375889277
6760,0.224649859943978,317.683191212603,2,0.11685383220474
6761,0.219794584500467,317.730163318399,2,0.135077488397747
6762,0.221848739495798,317.777135424194,2,0.126908942460197
6763,0.22296918767507,317.82410752999,2,0.122743089240161
6764,0.221475256769374,317.871079635786,2,0.128342000375692
6765,0.221848739495798,317.918051741581,2,0.126908942460197
6766,0.227450980392157,317.965023847377,2,0.107927941251321
6767,0.241083099906629,318.011995953172,2,0.0770041203623946
6768,0.253408029878618,318.058968058968,2,0.0613145500828906
6769,0.258076563958917,318.105940164764,2,0.0574052995674464
6770,0.261437908496732,318.152912270559,2,0.0551369755403914
6771,0.265732959850607,318.199884376355,2,0.0528291538544873
6772,0.266479925303455,318.246856482151,2,0.0524906735923608
6773,0.262931839402428,318.293828587946,2,0.0542623343252607
6774,0.256769374416433,318.340800693742,2,0.0584066294567238
6775,0.250793650793651,318.387772799538,2,0.0639356949186001
6776,0.245751633986928,318.434744905333,2,0.0700019059285298
6777,0.233986928104575,318.481717011129,2,0.0908310442348812
6778,0.226143790849673,318.528689116924,2,0.111960861935115
6779,0.202054154995331,318.57566122272,2,0.242941739248333
6780,0.160597572362278,318.622633328516,1,0.776783144453417
6781,0.112978524743231,318.669605434311,1,0.994492291904486
6782,0.0662931839402428,318.716577540107,1,0.999967190984533
6783,0.0394024276377218,318.763549645903,1,0.999999027907771
6784,0.0401493930905696,318.810521751698,1,0.999998922091853
6785,0.0309990662931839,318.857493857494,1,0.999999702602953
6786,0.034733893557423,318.90446596329,1,0.99999949404947
6787,0.042203548085901,318.951438069085,1,0.999998570209159
6788,0.0586367880485528,318.998410174881,1,0.999987436161886
6789,0.0741363211951447,319.045382280676,1,0.999915288206578
6790,0.0810457516339869,319.092354386472,1,0.999810247571791
6791,0.0971055088702148,319.139326492268,1,0.998887678692492
6792,0.122128851540616,319.186298598063,1,0.987089741799935
6793,0.144724556489262,319.233270703859,1,0.918301931777377
6794,0.162278244631186,319.280242809655,1,0.756078033803698
6795,0.181139122315593,319.32721491545,2,0.485820729441273
6796,0.191036414565826,319.374187021246,2,0.354598809923929
6797,0.199439775910364,319.421159127042,2,0.265945159235574
6798,0.208776844070962,319.468131232837,2,0.192993602155707
6799,0.21344537815126,319.515103338633,2,0.16524681889048
6800,0.213258636788049,319.562075444428,2,0.166259279260923
6801,0.207469654528478,319.609047550224,2,0.201729753147977
6802,0.202054154995331,319.65601965602,2,0.242941739248333
6803,0.195518207282913,319.702991761815,2,0.304494073314694
6804,0.187301587301587,319.749963867611,2,0.401103169502375
6805,0.175723622782446,319.796935973407,1,0.565519773302435
6806,0.150513538748833,319.843908079202,1,0.878170504237945
6807,0.110177404295051,319.890880184998,1,0.995801025667887
6808,0.076750700280112,319.937852290794,1,0.999884690575697
6809,0.0442577030812325,319.984824396589,1,0.999998108019058
6810,0.0278244631185808,320.031796502385,1,0.999999811868727
6811,0.0160597572362278,320.07876860818,1,0.999999967216371
6812,0.0164332399626517,320.125740713976,1,0.999999965304465
6813,0.0267040149393091,320.172712819772,1,0.999999840164649
6814,0.0373482726423903,320.219684925567,1,0.999999269551378
6815,0.0407096171802054,320.266657031363,1,0.999998835480795
6816,0.0446311858076564,320.313629137159,1,0.999998009686645
6817,0.0662931839402428,320.360601242954,1,0.999967190984533
6818,0.0985994397759104,320.40757334875,1,0.998698694048039
6819,0.137441643323996,320.454545454545,1,0.952826838640065
6820,0.163398692810458,320.501517560341,1,0.741742471366451
6821,0.180018674136321,320.548489666137,1,0.502042046712244
6822,0.19421101774043,320.595461771932,2,0.318443420180936
6823,0.208776844070962,320.642433877728,2,0.192993602155707
6824,0.21531279178338,320.689405983524,2,0.155536711624611
6825,0.223342670401494,320.736378089319,2,0.121397823999185
6826,0.228758169934641,320.783350195115,2,0.104114252822131
6827,0.235107376283847,320.830322300911,2,0.0883540339210512
6828,0.239402427637722,320.877294406706,2,0.0799021612584302
6829,0.237721755368814,320.924266512502,2,0.0830221891436359
6830,0.233053221288515,320.971238618297,2,0.0929889615891319
6831,0.228571428571429,321.018210724093,2,0.104646083676021
6832,0.225770308123249,321.065182829889,2,0.113155062361097
6833,0.217927170868347,321.112154935684,2,0.143140534575047
6834,0.218487394957983,321.15912704148,2,0.140655119366067
6835,0.221101774042951,321.206099147276,2,0.129797831669022
6836,0.224463118580766,321.253071253071,2,0.117487624679297
6837,0.223342670401494,321.300043358867,2,0.121397823999185
6838,0.217740429505135,321.347015464663,2,0.143982006728454
6839,0.217366946778711,321.393987570458,2,0.145684728411961
6840,0.22203548085901,321.440959676254,2,0.126200849042926
6841,0.227450980392157,321.487931782049,2,0.107927941251321
6842,0.231372549019608,321.534903887845,2,0.0970992954660373
6843,0.235667600373483,321.581875993641,2,0.0871599252791578
6844,0.24014939309057,321.628848099436,2,0.0785876234682432
6845,0.242763772175537,321.675820205232,2,0.0743135990908095
6846,0.24593837535014,321.722792311028,2,0.0697512321046222
6847,0.250046685340803,321.769764416823,2,0.064746961189402
6848,0.253034547152194,321.816736522619,2,0.0616689258198332
6849,0.242950513538749,321.863708628415,2,0.0740268712452903
6850,0.244631185807656,321.91068073421,2,0.0715512944282782
6851,0.233239962651727,321.957652840006,2,0.0925503842852885
6852,0.217927170868347,322.004624945801,2,0.143140534575047
6853,0.204855275443511,322.051597051597,2,0.220581943409854
6854,0.19421101774043,322.098569157393,2,0.318443420180936
6855,0.188235294117647,322.145541263188,2,0.389094261290446
6856,0.191036414565826,322.192513368984,2,0.354598809923929
6857,0.197385620915033,322.23948547478,2,0.285522893099287
6858,0.217366946778711,322.286457580575,2,0.145684728411961
6859,0.237721755368814,322.333429686371,2,0.0830221891436359
6860,0.24780578898226,322.380401792167,2,0.0673585741639882
6861,0.256956115779645,322.427373897962,2,0.058259307887183
6862,0.267413632119514,322.474346003758,2,0.0520925740361366
6863,0.271521942110177,322.521318109553,2,0.050658286694147
6864,0.270401493930906,322.568290215349,2,0.0509994242234107
6865,0.272455648926237,322.615262321145,2,0.0504018605042767
6866,0.271335200746965,322.66223442694,2,0.0507125958427698
6867,0.270588235294118,322.709206532736,2,0.0509400105042291
6868,0.271148459383753,322.756178638532,2,0.0507679197479082
6869,0.272455648926237,322.803150744327,2,0.0504018605042767
6870,0.270401493930906,322.850122850123,2,0.0509994242234107
6871,0.265546218487395,322.897094955919,2,0.0529165903570529
6872,0.262371615312792,322.944067061714,2,0.0545810740767099
6873,0.254341736694678,322.99103916751,2,0.0604567139380982
6874,0.237908496732026,323.038011273305,2,0.0826640813495945
6875,0.226143790849673,323.084983379101,2,0.111960861935115
6876,0.225583566760037,323.131955484897,2,0.113759331264595
6877,0.227824463118581,323.178927590692,2,0.106816457337286
6878,0.234360410830999,323.225899696488,2,0.0899919826712268
6879,0.247619047619048,323.272871802284,2,0.0675887232273501
6880,0.261437908496732,323.319843908079,2,0.0551369755403914
6881,0.266666666666667,323.366816013875,2,0.0524088464959691
6882,0.274883286647993,323.413788119671,2,0.0498511361108581
6883,0.280298786181139,323.460760225466,2,0.0492073834453093
6884,0.279925303454715,323.507732331262,2,0.049226355126771
6885,0.275070028011205,323.554704437057,2,0.0498156074497388
6886,0.26797385620915,323.601676542853,2,0.0518668358874592
6887,0.259383753501401,323.648648648649,2,0.0564720776569905
6888,0.251727357609711,323.695620754444,2,0.0629613598013932
6889,0.239402427637722,323.74259286024,2,0.0799021612584302
6890,0.233986928104575,323.789564966036,2,0.0908310442348812
6891,0.227824463118581,323.836537071831,2,0.106816457337286
6892,0.226143790849673,323.883509177627,2,0.111960861935115
6893,0.228011204481793,323.930481283422,2,0.106267340038494
6894,0.23062558356676,323.977453389218,2,0.0990238260018801
6895,0.231372549019608,324.024425495014,2,0.0970992954660373
6896,0.231185807656396,324.071397600809,2,0.0975746451069836
6897,0.242577030812325,324.118369706605,2,0.0746027228219726
6898,0.246685340802988,324.165341812401,2,0.0687695715330685
6899,0.254154995331466,324.212313918196,2,0.0606251097440129
6900,0.26125116713352,324.259286023992,2,0.0552519121707692
6901,0.263492063492063,324.306258129788,2,0.0539544971964139
6902,0.266293183940243,324.353230235583,2,0.0525736132480194
6903,0.270401493930906,324.400202341379,2,0.0509994242234107
6904,0.276003734827264,324.447174447174,2,0.0496524169647692
6905,0.277684407096172,324.49414655297,2,0.0494188522296681
6906,0.274323062558357,324.541118658766,2,0.049963537404021
6907,0.270588235294118,324.588090764561,2,0.0509400105042291
6908,0.267226890756303,324.635062870357,2,0.0521699955691933
6909,0.263865546218487,324.682034976153,2,0.0537552525117985
6910,0.258450046685341,324.729007081948,2,0.0571318329961085
6911,0.252474323062558,324.775979187744,2,0.0622127917661577
6912,0.247992530345472,324.82295129354,2,0.0671303994361467
6913,0.253781512605042,324.869923399335,2,0.0609666385088302
6914,0.256769374416433,324.916895505131,2,0.0584066294567238
6915,0.25546218487395,324.963867610926,2,0.0594788870812812
6916,0.247432306255836,325.010839716722,2,0.0678208604370159
6917,0.237721755368814,325.057811822518,2,0.0830221891436359
6918,0.232866479925303,325.104783928313,2,0.093431089957311
6919,0.2296918767507,325.151756034109,2,0.101518041983697
6920,0.228758169934641,325.198728139905,2,0.104114252822131
6921,0.231185807656396,325.2457002457,2,0.0975746451069836
6922,0.229505135387488,325.292672351496,2,0.102028998715633
6923,0.225957049486461,325.339644457292,2,0.112555584688532
6924,0.221288515406162,325.386616563087,2,0.129067048338353
6925,0.216619981325864,325.433588668883,2,0.149170586084433
6926,0.211017740429505,325.480560774678,2,0.179026343318587
6927,0.205788982259571,325.527532880474,2,0.213632128197139
6928,0.202240896358543,325.57450498627,2,0.241378767629667
6929,0.187488328664799,325.621477092065,2,0.398681815948587
6930,0.16844070961718,325.668449197861,1,0.672779908201838
6931,0.144351073762838,325.715421303657,1,0.92047483190046
6932,0.117086834733894,325.762393409452,1,0.991872498419821
6933,0.084780578898226,325.809365515248,1,0.999709892076774
6934,0.053968253968254,325.856337621044,1,0.999993116728185
6935,0.0323062558356676,325.903309726839,1,0.999999641490926
6936,0.0214752567693744,325.950281832635,1,0.999999926003456
6937,0.011391223155929,325.99725393843,1,0.999999983966401
6938,0.00952380952380952,326.044226044226,1,0.999999987997626
6939,0.00821661998132586,326.091198150022,1,0.999999990211461
6940,0.00709617180205415,326.138170255817,1,0.999999991787391
6941,0.00373482726423903,326.185142361613,1,0.99999999517049
6942,0.00410830999066293,326.232114467409,1,0.999999994875385
6943,0.00560224089635854,326.279086573204,1,0.999999993508457
6944,0.0065359477124183,326.326058679,1,0.999999992479511
6945,0.00280112044817927,326.373030784796,1,0.99999999583748
6946,0.00298786181139122,326.420002890591,1,0.999999995711722
6947,0.00354808590102708,326.466974996387,1,0.999999995311748
6948,0.00448179271708683,326.513947102182,1,0.999999994562681
6949,0.00466853408029879,326.560919207978,1,0.999999994399412
6950,0.00410830999066293,326.607891313774,1,0.999999994875385
6951,0.00410830999066293,326.654863419569,1,0.999999994875385
6952,0.00336134453781513,326.701835525365,1,0.999999995448964
6953,0.00448179271708683,326.748807631161,1,0.999999994562681
6954,0.00429505135387488,326.795779736956,1,0.999999994721296
6955,0.00448179271708683,326.842751842752,1,0.999999994562681
6956,0.00429505135387488,326.889723948547,1,0.999999994721296
6957,0.00298786181139122,326.936696054343,1,0.999999995711722
6958,0.00485527544351074,326.983668160139,1,0.999999994231356
6959,0.00746965452847806,327.030640265934,1,0.999999991291808
6960,0.0104575163398693,327.07761237173,1,0.999999986124227
6961,0.0330532212885154,327.124584477526,1,0.999999601260714
6962,0.0605042016806723,327.171556583321,1,0.999984072803238
6963,0.121381886087768,327.218528689117,1,0.987932483795445
6964,0.166013071895425,327.265500794913,1,0.70680417086175
6965,0.191223155929038,327.312472900708,2,0.352383937458716
6966,0.215686274509804,327.359445006504,2,0.153682574057536
6967,0.229505135387488,327.406417112299,2,0.102028998715633
6968,0.243137254901961,327.453389218095,2,0.0737425217574192
6969,0.252287581699346,327.500361323891,2,0.0623974034875031
6970,0.26031746031746,327.547333429686,2,0.0558457341196709
6971,0.266853408029879,327.594305535482,2,0.0523281274274719
6972,0.26984126984127,327.641277641278,2,0.0511838613017694
6973,0.267040149393091,327.688249747073,2,0.0522485119196717
6974,0.263678804855275,327.735221852869,2,0.0538542806111438
6975,0.25452847805789,327.782193958665,2,0.0602898840636293
6976,0.245378151260504,327.82916606446,2,0.0705096696123345
6977,0.232306255835668,327.876138170256,2,0.0947790570589809
6978,0.218487394957983,327.923110276051,2,0.140655119366067
6979,0.202054154995331,327.970082381847,2,0.242941739248333
6980,0.171428571428571,328.017054487643,1,0.629379504702966
6981,0.135760971055089,328.064026593438,1,0.95871782976612
6982,0.0879551820728291,328.110998699234,1,0.99958643908544
6983,0.0354808590102708,328.15797080503,1,0.999999437856486
6984,0.0203548085901027,328.204942910825,1,0.999999937387796
6985,0.011391223155929,328.251915016621,1,0.999999983966401
6986,0.00840336134453781,328.298887122417,1,0.999999989921551
6987,0.00597572362278245,328.345859228212,1,0.999999993114537
6988,0.00485527544351074,328.392831334008,1,0.999999994231356
6989,0.00485527544351074,328.439803439803,1,0.999999994231356
6990,0.00541549953314659,328.486775545599,1,0.999999993697072
6991,0.00504201680672269,328.533747651395,1,0.999999994058374
6992,0.00504201680672269,328.58071975719,1,0.999999994058374
6993,0.00541549953314659,328.627691862986,1,0.999999993697072
6994,0.00634920634920635,328.674663968782,1,0.999999992697295
6995,0.0065359477124183,328.721636074577,1,0.999999992479511
6996,0.00504201680672269,328.768608180373,1,0.999999994058374
6997,0.00485527544351074,328.815580286169,1,0.999999994231356
6998,0.00672268907563025,328.862552391964,1,0.999999992255386
6999,0.0102707749766573,328.90952449776,1,0.999999986520416
7000,0.0145658263305322,328.956496603555,1,0.99999997388772
7001,0.00877684407096172,329.003468709351,1,0.999999989316355
7002,0.00709617180205415,329.050440815147,1,0.999999991787391
7003,0.00466853408029879,329.097412920942,1,0.999999994399412
7004,0.00354808590102708,329.144385026738,1,0.999999995311748
7005,0.00242763772175537,329.191357132534,1,0.999999996078276
7006,0.00280112044817927,329.238329238329,1,0.99999999583748
7007,0.00317460317460317,329.285301344125,1,0.999999995582252
7008,0.00354808590102708,329.332273449921,1,0.999999995311748
7009,0.0158730158730159,329.379245555716,1,0.999999968133397
7010,0.019421101774043,329.426217661512,1,0.999999945554651
7011,0.0283846872082166,329.473189767307,1,0.999999795949193
7012,0.0515406162464986,329.520161873103,1,0.999994990803928
7013,0.0941176470588235,329.567133978899,1,0.999190459257866
7014,0.135200746965453,329.614106084694,1,0.960533774789814
7015,0.169000933706816,329.66107819049,1,0.664751535968098
7016,0.193650793650794,329.708050296286,2,0.324590300159275
7017,0.219607843137255,329.755022402081,2,0.135855697087354
7018,0.229318394024276,329.801994507877,2,0.102544066294397
7019,0.241643323996265,329.848966613673,2,0.0760849043206787
7020,0.248739495798319,329.895938719468,2,0.0662371721686944
7021,0.250793650793651,329.942910825264,2,0.0639356949186001
7022,0.249486461251167,329.989882931059,2,0.0653744626173509
7023,0.246685340802988,330.036855036855,2,0.0687695715330685
7024,0.244817927170868,330.083827142651,2,0.0712875868201945
7025,0.247992530345472,330.130799248446,2,0.0671303994361467
7026,0.241083099906629,330.177771354242,2,0.0770041203623946
7027,0.233613445378151,330.224743460038,2,0.0916837741448257
7028,0.2296918767507,330.271715565833,2,0.101518041983697
7029,0.23062558356676,330.318687671629,2,0.0990238260018801
7030,0.230999066293184,330.365659777425,2,0.0980538302553421
7031,0.231372549019608,330.41263188322,2,0.0970992954660373
7032,0.230252100840336,330.459603989016,2,0.100009522841583
7033,0.228011204481793,330.506576094811,2,0.106267340038494
7034,0.229318394024276,330.553548200607,2,0.102544066294397
7035,0.231746031746032,330.600520306403,2,0.096159985138568
7036,0.233053221288515,330.647492412198,2,0.0929889615891319
7037,0.236974789915966,330.694464517994,2,0.0844841684188343
7038,0.24500466853408,330.74143662379,2,0.0710260907034939
7039,0.254341736694678,330.788408729585,2,0.0604567139380982
7040,0.259383753501401,330.835380835381,2,0.0564720776569905
7041,0.254715219421102,330.882352941177,2,0.0601246104055856
7042,0.252474323062558,330.929325046972,2,0.0622127917661577
7043,0.248179271708683,330.976297152768,2,0.0669041853623129
7044,0.243323996265173,331.023269258563,2,0.0734605332554606
7045,0.240522875816993,331.070241364359,2,0.0779463850928621
7046,0.235480859010271,331.117213470155,2,0.0875547397351116
7047,0.224463118580766,331.16418557595,2,0.117487624679297
7048,0.214752567693744,331.211157681746,2,0.158371990870851
7049,0.211764705882353,331.258129787542,2,0.174641579624799
7050,0.200560224089636,331.305101893337,2,0.255827789663047
7051,0.185060690943044,331.352073999133,2,0.430885664607362
7052,0.167693744164332,331.399046104929,1,0.683388738949674
7053,0.144724556489262,331.446018210724,1,0.918301931777377
7054,0.119701213818861,331.49299031652,1,0.98964696355092
7055,0.100653594771242,331.539962422315,1,0.998388764800713
7056,0.0944911297852474,331.586934528111,1,0.999157420624253
7057,0.0821661998132586,331.633906633907,1,0.999784293091176
7058,0.092436974789916,331.680878739702,1,0.99932449318942
7059,0.108309990662932,331.727850845498,1,0.996505085523101
7060,0.12156862745098,331.774822951294,1,0.987726673269076
7061,0.127544351073763,331.821795057089,1,0.979177306061876
7062,0.128104575163399,331.868767162885,1,0.978147434948688
7063,0.126050420168067,331.91573926868,1,0.981712570571974
7064,0.127170868347339,331.962711374476,1,0.979839304646691
7065,0.132586367880486,332.009683480272,1,0.96811381052436
7066,0.143043884220355,332.056655586067,1,0.927712065808614
7067,0.155742296918768,332.103627691863,1,0.830670131034949
7068,0.160597572362278,332.150599797659,1,0.776783144453417
7069,0.156676003734827,332.197571903454,1,0.82102487128381
7070,0.151260504201681,332.24454400925,1,0.872058803574836
7071,0.149393090569561,332.291516115046,1,0.886925486496778
7072,0.149579831932773,332.338488220841,1,0.88550039821957
7073,0.158169934640523,332.385460326637,1,0.804870515577472
7074,0.162838468720822,332.432432432432,1,0.748961435973777
7075,0.168253968253968,332.479404538228,1,0.675442725403788
7076,0.1703081232493,332.526376644024,1,0.645809446128491
7077,0.17796451914099,332.573348749819,1,0.532208953535376
7078,0.190289449112979,332.620320855615,2,0.363566099012146
7079,0.200746965452848,332.667292961411,2,0.254179550933149
7080,0.205975723622782,332.714265067206,2,0.212271454726489
7081,0.208963585434174,332.761237173002,2,0.191781711556234
7082,0.2171802054155,332.808209278798,2,0.146546070863675
7083,0.227077497665733,332.855181384593,2,0.109057318064093
7084,0.235294117647059,332.902153490389,2,0.0879527677093892
7085,0.239589169000934,332.949125596184,2,0.0795694688347869
7086,0.245378151260504,332.99609770198,2,0.0705096696123345
7087,0.250793650793651,333.043069807776,2,0.0639356949186001
7088,0.255088702147526,333.090041913571,2,0.0597986933721388
7089,0.258823529411765,333.137014019367,2,0.0568638623579436
7090,0.261624649859944,333.183986125163,2,0.0550232995018222
7091,0.261064425770308,333.230958230958,2,0.0553681158851345
7092,0.258263305322129,333.277930336754,2,0.0572678754091131
7093,0.255648926237162,333.32490244255,2,0.0593212522140275
7094,0.254715219421102,333.371874548345,2,0.0601246104055856
7095,0.250980392156863,333.418846654141,2,0.0637373338977446
7096,0.246685340802988,333.465818759936,2,0.0687695715330685
7097,0.232119514472456,333.512790865732,2,0.0952356663886858
7098,0.234360410830999,333.559762971528,2,0.0899919826712268
7099,0.237721755368814,333.606735077323,2,0.0830221891436359
7100,0.240522875816993,333.653707183119,2,0.0779463850928621
7101,0.243510737628385,333.700679288915,2,0.0731808885228359
7102,0.247992530345472,333.74765139471,2,0.0671303994361467
7103,0.252474323062558,333.794623500506,2,0.0622127917661577
7104,0.256209150326797,333.841595606301,2,0.0588573114135444
7105,0.264612511671335,333.888567712097,2,0.0533709152276467
7106,0.267226890756303,333.935539817893,2,0.0521699955691933
7107,0.27077497665733,333.982511923688,2,0.0508816239713214
7108,0.270588235294118,334.029484029484,2,0.0509400105042291
7109,0.270028011204482,334.07645613528,2,0.0511213462837183
7110,0.266479925303455,334.123428241075,2,0.0524906735923608
7111,0.264799253034547,334.170400346871,2,0.0532777478570513
7112,0.263492063492063,334.217372452667,2,0.0539544971964139
7113,0.249112978524743,334.264344558462,2,0.0658020548789591
7114,0.239028944911298,334.311316664258,2,0.0805757849989718
7115,0.225957049486461,334.358288770053,2,0.112555584688532
7116,0.218860877684407,334.405260875849,2,0.139030219624792
7117,0.216993464052288,334.452232981645,2,0.147414129981175
7118,0.208776844070962,334.49920508744,2,0.192993602155707
7119,0.189355742296919,334.546177193236,2,0.37501436544141
7120,0.171802054154995,334.593149299032,1,0.623870795368662
7121,0.16171802054155,334.640121404827,1,0.763089113039282
7122,0.152941176470588,334.687093510623,1,0.857490771380411
7123,0.140056022408964,334.734065616419,1,0.942226958014922
7124,0.13109243697479,334.781037722214,1,0.971840055129474
7125,0.125116713352007,334.82800982801,1,0.983151332178691
7126,0.123996265172736,334.874981933805,1,0.984741414953559
7127,0.127917833800187,334.921954039601,1,0.978495723283394
7128,0.13202614379085,334.968926145397,1,0.969559564285652
7129,0.149766573295985,335.015898251192,1,0.884061738362943
7130,0.161904761904762,335.062870356988,1,0.760763997023716
7131,0.174042950513539,335.109842462784,1,0.590591694299601
7132,0.17796451914099,335.156814568579,1,0.532208953535376
7133,0.179084967320261,335.203786674375,1,0.515694750435788
7134,0.177217553688142,335.250758780171,1,0.543280406293591
7135,0.178338001867414,335.297730885966,1,0.526690405270423
7136,0.17703081232493,335.344702991762,1,0.546054372321132
7137,0.180952380952381,335.391675097557,2,0.488510691878606
7138,0.192903828197946,335.438647203353,2,0.332942770951544
7139,0.204481792717087,335.485619309149,2,0.223431052659864
7140,0.217927170868347,335.532591414944,2,0.143140534575047
7141,0.23734827264239,335.57956352074,2,0.0837472241440469
7142,0.251914098972922,335.626535626536,2,0.0627716764907631
7143,0.265359477124183,335.673507732331,2,0.0530051630510577
7144,0.280112044817927,335.720479838127,2,0.0492164024930776
7145,0.285901027077498,335.767451943923,2,0.0493703248522896
7146,0.29281045751634,335.814424049718,2,0.050747940618864
7147,0.294491129785247,335.861396155514,2,0.0512887037957316
7148,0.288141923436041,335.908368261309,2,0.0496719958509664
7149,0.28328664799253,335.955340367105,2,0.0491898035208692
7150,0.282352941176471,336.002312472901,2,0.049169687527588
7151,0.277310924369748,336.049284578696,2,0.0494641108542222
7152,0.273015873015873,336.096256684492,2,0.0502600007800556
7153,0.273389355742297,336.143228790288,2,0.0501703823717999
7154,0.27563025210084,336.190200896083,2,0.0497148098206478
7155,0.273576097105509,336.237173001879,2,0.0501270521987045
7156,0.270588235294118,336.284145107675,2,0.0509400105042291
7157,0.263492063492063,336.33111721347,2,0.0539544971964139
7158,0.258076563958917,336.378089319266,2,0.0574052995674464
7159,0.254341736694678,336.425061425061,2,0.0604567139380982
7160,0.25266106442577,336.472033530857,2,0.0620298487264632
7161,0.252847805788982,336.519005636653,2,0.0618485636237613
7162,0.257516339869281,336.565977742448,2,0.0578259416338399
7163,0.260877684407096,336.612949848244,2,0.0554855932523183
7164,0.25546218487395,336.65992195404,2,0.0594788870812812
7165,0.245191409897292,336.706894059835,2,0.0707667902091037
7166,0.236974789915966,336.753866165631,2,0.0844841684188343
7167,0.234173669467787,336.800838271427,2,0.0904098180200088
7168,0.235107376283847,336.847810377222,2,0.0883540339210512
7169,0.227637721755369,336.894782483018,2,0.107369979777838
7170,0.23921568627451,336.941754588813,2,0.0802375930758139
7171,0.25359477124183,336.988726694609,2,0.0611397913985614
7172,0.264799253034547,337.035698800405,2,0.0532777478570513
7173,0.270401493930906,337.0826709062,2,0.0509994242234107
7174,0.268720821661998,337.129643011996,2,0.0515809268146454
7175,0.265172735760971,337.176615117792,2,0.0530948768606055
7176,0.265359477124183,337.223587223587,2,0.0530051630510577
7177,0.266479925303455,337.270559329383,2,0.0524906735923608
7178,0.260877684407096,337.317531435179,2,0.0554855932523183
7179,0.258823529411765,337.364503540974,2,0.0568638623579436
7180,0.261624649859944,337.41147564677,2,0.0550232995018222
7181,0.265546218487395,337.458447752565,2,0.0529165903570529
7182,0.266853408029879,337.505419858361,2,0.0523281274274719
7183,0.267040149393091,337.552391964157,2,0.0522485119196717
7184,0.268160597572362,337.599364069952,2,0.0517937514826983
7185,0.273015873015873,337.646336175748,2,0.0502600007800556
7186,0.269094304388422,337.693308281544,2,0.0514443619266107
7187,0.266479925303455,337.740280387339,2,0.0524906735923608
7188,0.266293183940243,337.787252493135,2,0.0525736132480194
7189,0.268720821661998,337.834224598931,2,0.0515809268146454
7190,0.266106442577031,337.881196704726,2,0.0526576700588498
7191,0.258636788048553,337.928168810522,2,0.0569971645451624
7192,0.253221288515406,337.975140916317,2,0.0614909247821104
7193,0.243884220354809,338.022113022113,2,0.0726285622684626
7194,0.233986928104575,338.069085127909,2,0.0908310442348812
7195,0.218487394957983,338.116057233704,2,0.140655119366067
7196,0.205042016806723,338.1630293395,2,0.219172302919655
7197,0.199626517273576,338.210001445296,2,0.264231653713318
7198,0.202427637721755,338.256973551091,2,0.239826296503513
7199,0.211391223155929,338.303945656887,2,0.176817492773133
7200,0.219234360410831,338.350917762683,2,0.137430531823753
7201,0.225583566760037,338.397889868478,2,0.113759331264595
7202,0.233053221288515,338.444861974274,2,0.0929889615891319
7203,0.241643323996265,338.491834080069,2,0.0760849043206787
7204,0.243697478991597,338.538806185865,2,0.0729035704970234
7205,0.249112978524743,338.585778291661,2,0.0658020548789591
7206,0.256582633053221,338.632750397456,2,0.0585553981688016
7207,0.262371615312792,338.679722503252,2,0.0545810740767099
7208,0.262558356676004,338.726694609048,2,0.0544736062622271
7209,0.26797385620915,338.773666714843,2,0.0518668358874592
7210,0.270028011204482,338.820638820639,2,0.0511213462837183
7211,0.273949579831933,338.867610926435,2,0.0500433381414044
7212,0.275816993464052,338.91458303223,2,0.0496831339968536
7213,0.275256769374416,338.961555138026,2,0.0497810447537952
7214,0.274136321195145,339.008527243821,2,0.0500029497106287
7215,0.271521942110177,339.055499349617,2,0.0506582866941471
7216,0.26797385620915,339.102471455413,2,0.0518668358874592
7217,0.254154995331466,339.149443561208,2,0.0606251097440129
7218,0.254341736694678,339.196415667004,2,0.0604567139380982
7219,0.248739495798319,339.2433877728,2,0.0662371721686944
7220,0.23828197945845,339.290359878595,2,0.0819565742837832
7221,0.230065359477124,339.337331984391,2,0.1005083352163
7222,0.225023342670401,339.384304090187,2,0.115601252130907
7223,0.223716153127918,339.431276195982,2,0.120073700715415
7224,0.226143790849673,339.478248301778,2,0.111960861935115
7225,0.22296918767507,339.525220407573,2,0.122743089240161
7226,0.222222222222222,339.572192513369,2,0.125498324067012
7227,0.220728291316527,339.619164619165,2,0.1312767739168
7228,0.217366946778711,339.66613672496,2,0.145684728411961
7229,0.212511671335201,339.713108830756,2,0.170386960035616
7230,0.206349206349206,339.760080936552,2,0.209579030072783
7231,0.197572362278245,339.807053042347,2,0.283687488226799
7232,0.191596638655462,339.854025148143,2,0.347986808222054
7233,0.176844070961718,339.900997253938,1,0.548830412934532
7234,0.167133520074697,339.947969359734,1,0.6912673953316
7235,0.159103641456583,339.99494146553,1,0.794331452305672
7236,0.160037348272642,340.041913571325,1,0.783460839714161
7237,0.169561157796452,340.088885677121,1,0.656667128073126
7238,0.182633053221289,340.135857782917,2,0.46452193264119
7239,0.198692810457516,340.182829888712,2,0.272909154052064
7240,0.211577964519141,340.229801994508,2,0.175725444123708
7241,0.22390289449113,340.276774100304,2,0.119419468780527
7242,0.228758169934641,340.323746206099,2,0.104114252822131
7243,0.232119514472456,340.370718311895,2,0.0952356663886858
7244,0.234360410830999,340.41769041769,2,0.0899919826712268
7245,0.237908496732026,340.464662523486,2,0.0826640813495945
7246,0.238095238095238,340.511634629282,2,0.0823088837264627
7247,0.240896358543417,340.558606735077,2,0.0773156221595508
7248,0.244070961718021,340.605578840873,2,0.072355847079465
7249,0.24780578898226,340.652550946669,2,0.0673585741639882
7250,0.254154995331466,340.699523052464,2,0.0606251097440129
7251,0.261624649859944,340.74649515826,2,0.0550232995018222
7252,0.268347338935574,340.793467264056,2,0.0517217411361622
7253,0.273015873015873,340.840439369851,2,0.0502600007800556
7254,0.275443510737628,340.887411475647,2,0.0497474461506357
7255,0.27749766573296,340.934383581442,2,0.0494410086906956
7256,0.277684407096172,340.981355687238,2,0.0494188522296681
7257,0.274136321195145,341.028327793034,2,0.0500029497106288
7258,0.27749766573296,341.075299898829,2,0.0494410086906956
7259,0.283099906629318,341.122272004625,2,0.0491839171348078
7260,0.283099906629318,341.169244110421,2,0.0491839171348078
7261,0.2765639589169,341.216216216216,2,0.0495660022585206
7262,0.268347338935574,341.263188322012,2,0.0517217411361622
7263,0.263678804855275,341.310160427808,2,0.0538542806111438
7264,0.26311858076564,341.357132533603,2,0.0541585183365996
7265,0.258450046685341,341.404104639399,2,0.0571318329961085
7266,0.260130718954248,341.451076745194,2,0.0559683733375263
7267,0.260504201680672,341.49804885099,2,0.0557243956068065
7268,0.257703081232493,341.545020956786,2,0.0576843246814786
7269,0.252100840336134,341.591993062581,2,0.0625836947423937
7270,0.250046685340803,341.638965168377,2,0.064746961189402
7271,0.253034547152194,341.685937274173,2,0.0616689258198332
7272,0.256209150326797,341.732909379968,2,0.0588573114135444
7273,0.268160597572362,341.779881485764,2,0.0517937514826983
7274,0.278991596638655,341.826853591559,2,0.049290142622342
7275,0.288702147525677,341.873825697355,2,0.0497688714753629
7276,0.293930905695612,341.920797803151,2,0.0510991555624892
7277,0.296171802054155,341.967769908946,2,0.0519142485369991
7278,0.293557422969188,342.014742014742,2,0.0509779753400863
7279,0.28608776844071,342.061714120538,2,0.0493902550337541
7280,0.27749766573296,342.108686226333,2,0.0494410086906956
7281,0.283660130718954,342.155658332129,2,0.0492043731183541
7282,0.28422035480859,342.202630437925,2,0.049233225842932
7283,0.286461251167134,342.24960254372,2,0.0494329454106063
7284,0.29094304388422,342.296574649516,2,0.0502436224690843
7285,0.295611577964519,342.343546755311,2,0.0516961495109189
7286,0.296918767507003,342.390518861107,2,0.0522201970313302
7287,0.297292250233427,342.437490966903,2,0.0523797397820737
7288,0.296918767507003,342.484463072698,2,0.0522201970313302
7289,0.293557422969188,342.531435178494,2,0.0509779753400863
7290,0.291690009337068,342.57840728429,2,0.0504333323799185
7291,0.285714285714286,342.625379390085,2,0.0493513365575593
7292,0.278618113912232,342.672351495881,2,0.0493222153808113
7293,0.272455648926237,342.719323601677,2,0.0504018605042768
7294,0.266293183940243,342.766295707472,2,0.0525736132480194
7295,0.258076563958917,342.813267813268,2,0.0574052995674464
7296,0.250980392156863,342.860239919063,2,0.0637373338977446
7297,0.243137254901961,342.907212024859,2,0.0737425217574192
7298,0.238655462184874,342.954184130655,2,0.0812605329075151
7299,0.234733893557423,343.00115623645,2,0.0891663809517158
7300,0.234360410830999,343.048128342246,2,0.0899919826712268
7301,0.241269841269841,343.095100448042,2,0.0766951794189658
7302,0.250046685340803,343.142072553837,2,0.064746961189402
7303,0.259757236227824,343.189044659633,2,0.0562175818075613
7304,0.264799253034547,343.236016765429,2,0.0532777478570513
7305,0.266293183940243,343.282988871224,2,0.0525736132480194
7306,0.269094304388422,343.32996097702,2,0.0514443619266107
7307,0.272082166199813,343.376933082815,2,0.0505014184215602
7308,0.274323062558357,343.423905188611,2,0.049963537404021
7309,0.277684407096172,343.470877294407,2,0.0494188522296681
7310,0.282539682539683,343.517849400202,2,0.0491718479722959
7311,0.288141923436041,343.564821505998,2,0.0496719958509664
7312,0.290382819794585,343.611793611794,2,0.0501117358577778
7313,0.296732026143791,343.658765717589,2,0.0521420742341444
7314,0.288702147525677,343.705737823385,2,0.0497688714753629
7315,0.278057889822596,343.752709929181,2,0.0493773716809455
7316,0.267600373482726,343.799682034976,2,0.0520162430437339
7317,0.256209150326797,343.846654140772,2,0.0588573114135444
7318,0.245564892623716,343.893626246567,2,0.070254713331831
7319,0.234733893557423,343.940598352363,2,0.0891663809517158
7320,0.226517273576097,343.987570458159,2,0.110785537155019
7321,0.231372549019608,344.034542563954,2,0.0970992954660373
7322,0.236788048552754,344.08151466975,2,0.0848571635214699
7323,0.242390289449113,344.128486775546,2,0.0748942601241459
7324,0.246685340802988,344.175458881341,2,0.0687695715330685
7325,0.250980392156863,344.222430987137,2,0.0637373338977446
7326,0.256395891690009,344.269403092933,2,0.0587056225988576
7327,0.264052287581699,344.316375198728,2,0.0536574073586524
7328,0.269281045751634,344.363347304524,2,0.0513776635990547
7329,0.273202614379085,344.410319410319,2,0.0502146977625659
7330,0.281792717086835,344.457291516115,2,0.0491687923924774
7331,0.287021475256769,344.504263621911,2,0.0495040736804525
7332,0.287021475256769,344.551235727706,2,0.0495040736804525
7333,0.284407096171802,344.598207833502,2,0.0492447116615821
7334,0.28422035480859,344.645179939298,2,0.049233225842932
7335,0.28422035480859,344.692152045093,2,0.049233225842932
7336,0.282539682539683,344.739124150889,2,0.0491718479722959
7337,0.287768440709617,344.786096256685,2,0.0496122059595717
7338,0.284593837535014,344.83306836248,2,0.0492571325919563
7339,0.278804855275444,344.880040468276,2,0.0493057098012154
7340,0.270961718020542,344.927012574071,2,0.0508242614312002
7341,0.262745098039216,344.973984679867,2,0.0543673616682336
7342,0.258450046685341,345.020956785663,2,0.0571318329961085
7343,0.255835667600373,345.067928891458,2,0.0591651173234552
7344,0.255088702147526,345.114900997254,2,0.0597986933721388
7345,0.253408029878618,345.16187310305,2,0.0613145500828906
7346,0.255835667600373,345.208845208845,2,0.0591651173234552
7347,0.258823529411765,345.255817314641,2,0.0568638623579436
7348,0.259570494864613,345.302789420437,2,0.0563441652194859
7349,0.259010270774977,345.349761526232,2,0.0567319188204655
7350,0.257889822595705,345.396733632028,2,0.0575441133399173
7351,0.259010270774977,345.443705737823,2,0.0567319188204655
7352,0.259943977591036,345.490677843619,2,0.0560923202202582
7353,0.255275443510738,345.537649949415,2,0.0596380310579742
7354,0.257516339869281,345.58462205521,2,0.0578259416338399
7355,0.258823529411765,345.631594161006,2,0.0568638623579436
7356,0.258263305322129,345.678566266802,2,0.0572678754091131
7357,0.257516339869281,345.725538372597,2,0.0578259416338399
7358,0.256956115779645,345.772510478393,2,0.0582593078871831
7359,0.259943977591036,345.819482584189,2,0.0560923202202582
7360,0.264239028944911,345.866454689984,2,0.0535607396820509
7361,0.263678804855275,345.91342679578,2,0.0538542806111438
7362,0.265172735760971,345.960398901575,2,0.0530948768606055
7363,0.266479925303455,346.007371007371,2,0.0524906735923608
7364,0.265919701213819,346.054343113167,2,0.0527428486856518
7365,0.264239028944911,346.101315218962,2,0.0535607396820509
7366,0.262371615312792,346.148287324758,2,0.0545810740767099
7367,0.261811391223156,346.195259430554,2,0.0549108776390293
7368,0.261998132586368,346.242231536349,2,0.0547997036116263
7369,0.261998132586368,346.289203642145,2,0.0547997036116263
7370,0.264239028944911,346.336175747941,2,0.0535607396820509
7371,0.266479925303455,346.383147853736,2,0.0524906735923608
7372,0.267226890756303,346.430119959532,2,0.0521699955691933
7373,0.267787114845938,346.477092065327,2,0.0519409983780119
7374,0.26890756302521,346.524064171123,2,0.0515121150907433
7375,0.271895424836601,346.571036276919,2,0.0505527008636525
7376,0.273949579831933,346.618008382714,2,0.0500433381414044
7377,0.267787114845938,346.66498048851,2,0.0519409983780119
7378,0.268160597572362,346.711952594306,2,0.0517937514826983
7379,0.268160597572362,346.758924700101,2,0.0517937514826983
7380,0.271521942110177,346.805896805897,2,0.0506582866941471
7381,0.273389355742297,346.852868911692,2,0.0501703823717999
7382,0.27749766573296,346.899841017488,2,0.0494410086906956
7383,0.281605975723623,346.946813123284,2,0.0491703560268687
7384,0.284780578898226,346.993785229079,2,0.0492704893036385
7385,0.273949579831933,347.040757334875,2,0.0500433381414044
7386,0.271148459383753,347.087729440671,2,0.0507679197479082
7387,0.265919701213819,347.134701546466,2,0.0527428486856518
7388,0.258636788048553,347.181673652262,2,0.0569971645451624
7389,0.254901960784314,347.228645758058,2,0.0599608833477809
7390,0.254715219421102,347.275617863853,2,0.0601246104055856
7391,0.251540616246499,347.322589969649,2,0.0631527558527308
7392,0.248179271708683,347.369562075444,2,0.0669041853623129
7393,0.256769374416433,347.41653418124,2,0.0584066294567237
7394,0.255088702147526,347.463506287036,2,0.0597986933721388
7395,0.253968253968254,347.510478392831,2,0.0607950812959601
7396,0.253968253968254,347.557450498627,2,0.0607950812959601
7397,0.255835667600373,347.604422604423,2,0.0591651173234552
7398,0.256022408963585,347.651394710218,2,0.059010473371388
7399,0.254715219421102,347.698366816014,2,0.0601246104055856
7400,0.253221288515406,347.74533892181,2,0.0614909247821104
7401,0.251914098972922,347.792311027605,2,0.0627716764907631
7402,0.249859943977591,347.839283133401,2,0.0649542934442653
7403,0.249112978524743,347.886255239196,2,0.0658020548789591
7404,0.247992530345472,347.933227344992,2,0.0671303994361467
7405,0.246498599439776,347.980199450788,2,0.0690118612283741
7406,0.243697478991597,348.027171556583,2,0.0729035704970234
7407,0.245191409897292,348.074143662379,2,0.0707667902091038
7408,0.248739495798319,348.121115768175,2,0.0662371721686944
7409,0.249859943977591,348.16808787397,2,0.0649542934442653
7410,0.25546218487395,348.215059979766,2,0.0594788870812812
7411,0.259383753501401,348.262032085562,2,0.0564720776569905
7412,0.260504201680672,348.309004191357,2,0.0557243956068065
7413,0.260504201680672,348.355976297153,2,0.0557243956068065
7414,0.262745098039216,348.402948402948,2,0.0543673616682336
7415,0.263865546218487,348.449920508744,2,0.0537552525117985
7416,0.262931839402428,348.49689261454,2,0.0542623343252607
7417,0.270028011204482,348.543864720335,2,0.0511213462837183
7418,0.270961718020542,348.590836826131,2,0.0508242614312002
7419,0.271708683473389,348.637808931927,2,0.0506049893372002
7420,0.271895424836601,348.684781037722,2,0.0505527008636526
7421,0.270588235294118,348.731753143518,2,0.0509400105042291
7422,0.269654528478058,348.778725249314,2,0.0512474168604736
7423,0.272455648926237,348.825697355109,2,0.0504018605042768
7424,0.276377217553688,348.872669460905,2,0.0495938526794532
7425,0.278244631185808,348.9196415667,2,0.0493580453541359
7426,0.275816993464052,348.966613672496,2,0.0496831339968536
7427,0.271335200746965,349.013585778292,2,0.0507125958427698
7428,0.265172735760971,349.060557884087,2,0.0530948768606055
7429,0.262745098039216,349.107529989883,2,0.0543673616682336
7430,0.262931839402428,349.154502095679,2,0.0542623343252607
7431,0.263678804855275,349.201474201474,2,0.0538542806111438
7432,0.26311858076564,349.24844630727,2,0.0541585183365996
7433,0.267226890756303,349.295418413066,2,0.0521699955691933
7434,0.263678804855275,349.342390518861,2,0.0538542806111438
7435,0.261624649859944,349.389362624657,2,0.0550232995018222
7436,0.265919701213819,349.436334730452,2,0.0527428486856518
7437,0.270214752567694,349.483306836248,2,0.0510598683801367
7438,0.273576097105509,349.530278942044,2,0.0501270521987045
7439,0.276750700280112,349.577251047839,2,0.0495391042936444
7440,0.279925303454715,349.624223153635,2,0.049226355126771
7441,0.280485527544351,349.671195259431,2,0.0491992974974431
7442,0.283099906629318,349.718167365226,2,0.0491839171348078
7443,0.283846872082166,349.765139471022,2,0.0492130571148051
7444,0.27843137254902,349.812111576817,2,0.0493396602514186
7445,0.281979458450047,349.859083682613,2,0.0491681597788267
