"y","mean_gray","position..mm.","facies_class","facies_prob"
532,0.0798573975044563,25.1409163173869,1,0.99975224517803
533,0.139393939393939,25.1878884231826,1,0.933157495644747
534,0.163992869875223,25.2348605289782,1,0.701648896925064
535,0.175757575757576,25.2818326347738,1,0.529750815064131
536,0.183957219251337,25.3288047405695,2,0.413496942521145
537,0.186096256684492,25.3757768463651,2,0.38560988307291
538,0.185383244206774,25.4227489521607,2,0.394766374096824
539,0.181461675579323,25.4697210579564,2,0.447508721006442
540,0.178609625668449,25.516693163752,2,0.488002158832296
541,0.179679144385027,25.5636652695476,2,0.472641225876226
542,0.185383244206774,25.6106373753433,2,0.394766374096824
543,0.193226381461676,25.6576094811389,2,0.302483027075261
544,0.199286987522282,25.7045815869345,2,0.244510886033256
545,0.202495543672014,25.7515536927302,2,0.218408808900477
546,0.2,25.7985257985258,2,0.238445271457884
547,0.198217468805704,25.8454979043214,2,0.253900885615036
548,0.198930481283422,25.8924700101171,2,0.247601781995905
549,0.19572192513369,25.9394421159127,2,0.27719989678805
550,0.182887700534759,25.9864142217084,2,0.427891054715119
551,0.171479500891266,26.033386327504,1,0.593418986671837
552,0.168270944741533,26.0803584332996,1,0.640802683963966
553,0.153297682709447,26.1273305390953,1,0.830516257730464
554,0.153654188948307,26.1743026448909,1,0.826901083601485
555,0.15222816399287,26.2212747506865,1,0.841056385999803
556,0.150445632798574,26.2682468564822,1,0.857602279555864
557,0.15222816399287,26.3152189622778,1,0.841056385999803
558,0.157575757575758,26.3621910680734,1,0.783843752125893
559,0.159714795008913,26.4091631738691,1,0.757933380405506
560,0.156862745098039,26.4561352796647,1,0.792111538660045
561,0.155436720142602,26.5031073854603,1,0.808068896184065
562,0.157575757575758,26.550079491256,1,0.783843752125893
563,0.154723707664884,26.5970515970516,1,0.815752170366594
564,0.146167557932264,26.6440237028472,1,0.892171081476681
565,0.141532976827094,26.6909958086429,1,0.921893378846401
566,0.142245989304813,26.7379679144385,1,0.917809125222735
567,0.141889483065954,26.7849400202342,1,0.919872469975445
568,0.137611408199643,26.8319121260298,1,0.941476831959126
569,0.13475935828877,26.8788842318254,1,0.952955418844474
570,0.124420677361854,26.9258563376211,1,0.97978188599806
571,0.120499108734403,26.9728284434167,1,0.985610358583413
572,0.120499108734403,27.0198005492123,1,0.985610358583413
573,0.119073083778966,27.066772655008,1,0.987315831883163
574,0.120855614973262,27.1137447608036,1,0.985152336855447
575,0.128342245989305,27.1607168665992,1,0.971888846583434
576,0.131550802139037,27.2076889723949,1,0.963490394158101
577,0.146167557932264,27.2546610781905,1,0.892171081476681
578,0.144741532976827,27.3016331839861,1,0.902135334189542
579,0.140819964349376,27.3486052897818,1,0.925809992399483
580,0.137254901960784,27.3955773955774,1,0.943030999527467
581,0.13903743315508,27.442549501373,1,0.934896386527365
582,0.146167557932264,27.4895216071687,1,0.892171081476681
583,0.158288770053476,27.5364937129643,1,0.775388347843203
584,0.16541889483066,27.58346581876,1,0.681778494089016
585,0.16541889483066,27.6304379245556,1,0.681778494089016
586,0.168627450980392,27.6774100303512,1,0.635589264594311
587,0.163636363636364,27.7243821361469,1,0.706539364743481
588,0.153654188948307,27.7713542419425,1,0.826901083601485
589,0.145811051693405,27.8183263477381,1,0.894733017671574
590,0.144741532976827,27.8652984535338,1,0.902135334189542
591,0.145454545454545,27.9122705593294,1,0.897247438656641
592,0.144028520499109,27.959242665125,1,0.906838116890453
593,0.161497326203209,28.0062147709207,1,0.735151752973686
594,0.171122994652406,28.0531868767163,1,0.59872270376768
595,0.180392156862745,28.1001589825119,2,0.462513034381186
596,0.184670231729055,28.1471310883076,2,0.404063591013692
597,0.182887700534759,28.1941031941032,2,0.427891054715119
598,0.179322638146168,28.2410752998988,2,0.47774005623201
599,0.178966131907308,28.2880474056945,2,0.482860710810652
600,0.180035650623886,28.3350195114901,2,0.467565225318843
601,0.172549019607843,28.3819916172857,1,0.577482007473242
602,0.171122994652406,28.4289637230814,1,0.59872270376768
603,0.174688057040998,28.475935828877,1,0.545612461857433
604,0.180748663101604,28.5229079346727,2,0.457485606629361
605,0.18680926916221,28.5698800404683,2,0.376598257000457
606,0.187878787878788,28.6168521462639,2,0.363360398843724
607,0.183600713012478,28.6638242520596,2,0.418263109207048
608,0.179322638146168,28.7107963578552,2,0.47774005623201
609,0.182174688057041,28.7577684636508,2,0.437641655896475
610,0.181461675579323,28.8047405694465,2,0.447508721006442
611,0.182174688057041,28.8517126752421,2,0.437641655896475
612,0.180035650623886,28.8986847810377,2,0.467565225318843
613,0.176470588235294,28.9456568868334,1,0.519226770971293
614,0.171836007130125,28.992628992629,1,0.588110064011589
615,0.170053475935829,29.0396010984246,1,0.614589074146404
616,0.170766488413547,29.0865732042203,1,0.604019860818497
617,0.174331550802139,29.1335453100159,1,0.55091481782757
618,0.172905525846702,29.1805174158115,1,0.572165565995
619,0.171836007130125,29.2274895216072,1,0.588110064011589
620,0.171836007130125,29.2744616274028,1,0.588110064011589
621,0.173618538324421,29.3214337331985,1,0.561534542460383
622,0.172549019607843,29.3684058389941,1,0.577482007473242
623,0.169340463458111,29.4153779447897,1,0.625115799613936
624,0.167557932263815,29.4623500505854,1,0.651176289748676
625,0.172905525846702,29.509322156381,1,0.572165565995
626,0.161853832442068,29.5562942621766,1,0.730474995590417
627,0.149732620320856,29.6032663679723,1,0.863864004351829
628,0.142959001782531,29.6502384737679,1,0.913553072258487
629,0.14331550802139,29.6972105795635,1,0.91135935846303
630,0.150445632798574,29.7441826853592,1,0.857602279555864
631,0.156149732620321,29.7911547911548,1,0.800187728045124
632,0.158645276292335,29.8381268969504,1,0.771091684671173
633,0.154367201426025,29.8850990027461,1,0.819518848598696
634,0.155793226381462,29.9320711085417,1,0.804152882170124
635,0.155436720142602,29.9790432143373,1,0.808068896184065
636,0.152584670231729,30.026015320133,1,0.837594004530373
637,0.14795008912656,30.0729874259286,1,0.878636003923711
638,0.14367201426025,30.1199595317243,1,0.909121199068096
639,0.140106951871658,30.1669316375199,1,0.929563241262185
640,0.137967914438503,30.2139037433155,1,0.93988685572229
641,0.144741532976827,30.2608758491112,1,0.902135334189542
642,0.144741532976827,30.3078479549068,1,0.902135334189542
643,0.144028520499109,30.3548200607024,1,0.906838116890453
644,0.142245989304813,30.4017921664981,1,0.917809125222735
645,0.140819964349376,30.4487642722937,1,0.925809992399483
646,0.14331550802139,30.4957363780893,1,0.91135935846303
647,0.146880570409982,30.542708483885,1,0.886903162254415
648,0.15222816399287,30.5896805896806,1,0.841056385999803
649,0.156862745098039,30.6366526954762,1,0.792111538660045
650,0.16541889483066,30.6836248012719,1,0.681778494089016
651,0.171122994652406,30.7305969070675,1,0.59872270376768
652,0.174331550802139,30.7775690128631,1,0.55091481782757
653,0.184670231729055,30.8245411186588,2,0.404063591013692
654,0.193226381461676,30.8715132244544,2,0.302483027075261
655,0.188948306595365,30.91848533025,2,0.350467324722219
656,0.176470588235294,30.9654574360457,1,0.519226770971293
657,0.167201426024955,31.0124295418413,1,0.656333865580668
658,0.157932263814617,31.059401647637,1,0.779639231758983
659,0.154010695187166,31.1063737534326,1,0.823235222221061
660,0.157219251336898,31.1533458592282,1,0.788001359362703
661,0.160427807486631,31.2003179650239,1,0.748944540802986
662,0.158288770053476,31.2472900708195,1,0.775388347843203
663,0.155436720142602,31.2942621766151,1,0.808068896184065
664,0.154010695187166,31.3412342824108,1,0.823235222221061
665,0.167914438502674,31.3882063882064,1,0.645998796079778
666,0.166844919786096,31.435178494002,1,0.661470237347135
667,0.165775401069519,31.4821505997977,1,0.676739491320735
668,0.167557932263815,31.5291227055933,1,0.651176289748676
669,0.16969696969697,31.5760948113889,1,0.619858422957485
670,0.171122994652406,31.6230669171846,1,0.59872270376768
671,0.166488413547237,31.6700390229802,1,0.666584133318853
672,0.162923351158645,31.7170111287758,1,0.716220055262454
673,0.164349376114082,31.7639832345715,1,0.69672645304942
674,0.167201426024955,31.8109553403671,1,0.656333865580668
675,0.170409982174688,31.8579274461628,1,0.609309102520185
676,0.174688057040998,31.9048995519584,1,0.545612461857433
677,0.180392156862745,31.951871657754,2,0.462513034381186
678,0.189661319073084,31.9988437635497,2,0.342067770616767
679,0.199643493761141,32.0458158693453,2,0.24145879475095
680,0.206773618538324,32.0927879751409,2,0.188145723231491
681,0.209982174688057,32.1397600809366,2,0.168547355003344
682,0.203565062388592,32.1867321867322,2,0.210373200428921
683,0.2,32.2337042925278,2,0.238445271457884
684,0.197147950089127,32.2806763983235,2,0.263645907563373
685,0.196434937611408,32.3276485041191,2,0.270342298194369
686,0.191087344028521,32.3746206099147,2,0.325747491428206
687,0.181818181818182,32.4215927157104,2,0.442561035162958
688,0.176827094474153,32.468564821506,1,0.513983538532024
689,0.164349376114082,32.5155369273016,1,0.69672645304942
690,0.159714795008913,32.5625090330973,1,0.757933380405506
691,0.150089126559715,32.6094811388929,1,0.860758522118112
692,0.141532976827094,32.6564532446885,1,0.921893378846401
693,0.146524064171123,32.7034253504842,1,0.889561250485619
694,0.157219251336898,32.7503974562798,1,0.788001359362703
695,0.157575757575758,32.7973695620755,1,0.783843752125893
696,0.149376114081996,32.8443416678711,1,0.866918872809605
697,0.157575757575758,32.8913137736667,1,0.783843752125893
698,0.164349376114082,32.9382858794624,1,0.69672645304942
699,0.172192513368984,32.985257985258,1,0.582797288053519
700,0.175044563279857,33.0322300910536,1,0.540316829943062
701,0.170053475935829,33.0792021968493,1,0.614589074146404
702,0.162566844919786,33.1261743026449,1,0.721008185811747
703,0.161140819964349,33.1731464084405,1,0.739789514201644
704,0.161140819964349,33.2201185142362,1,0.739789514201644
705,0.15650623885918,33.2670906200318,1,0.796173809987046
706,0.159001782531194,33.3140627258274,1,0.766749861131668
707,0.162923351158645,33.3610348316231,1,0.716220055262454
708,0.166488413547237,33.4080069374187,1,0.666584133318853
709,0.171122994652406,33.4549790432144,1,0.59872270376768
710,0.177896613190731,33.50195114901,2,0.49834318970539
711,0.194652406417112,33.5489232548056,2,0.287790651865545
712,0.21283422459893,33.5958953606013,2,0.153130028336651
713,0.213903743315508,33.6428674663969,2,0.147796657796955
714,0.223529411764706,33.6898395721925,2,0.109128527899563
715,0.229590017825312,33.7368116779882,2,0.0917165127743095
716,0.227094474153298,33.7837837837838,2,0.0983479079010685
717,0.220320855614973,33.8307558895794,2,0.120325466747512
718,0.212477718360071,33.8777279953751,2,0.154960543073245
719,0.201782531194296,33.9247001011707,2,0.223947270621169
720,0.193226381461676,33.9716722069663,2,0.302483027075261
721,0.178966131907308,34.018644312762,2,0.482860710810652
722,0.183244206773619,34.0656164185576,2,0.423061380810353
723,0.180035650623886,34.1125885243532,2,0.467565225318843
724,0.179322638146168,34.1595606301489,2,0.47774005623201
725,0.188591800356506,34.2065327359445,2,0.354726139272892
726,0.194295900178253,34.2535048417401,2,0.29140242266571
727,0.196791443850267,34.3004769475358,2,0.266974022425607
728,0.206417112299465,34.3474490533314,2,0.190481054884609
729,0.202852049910873,34.3944211591271,2,0.215694298226063
730,0.210338680926916,34.4413932649227,2,0.166521124259266
731,0.219964349376114,34.4883653707183,2,0.121665753141309
732,0.224955436720143,34.535337476514,2,0.104619674767062
733,0.225311942959002,34.5823095823096,2,0.103534426560596
734,0.224955436720143,34.6292816881052,2,0.104619674767062
735,0.232085561497326,34.6762537939009,2,0.0857538169693488
736,0.236720142602496,34.7232258996965,2,0.0762328841466821
737,0.229946524064171,34.7701980054921,2,0.0908253810511028
738,0.233155080213904,34.8171701112878,2,0.0833863945334798
739,0.233511586452763,34.8641422170834,2,0.0826209776392116
740,0.23030303030303,34.911114322879,2,0.0899476823508696
741,0.224598930481283,34.9580864286747,2,0.105721462070201
742,0.222816399286988,35.0050585344703,2,0.111487183755526
743,0.224242424242424,35.0520306402659,2,0.106840033805127
744,0.228877005347594,35.0990027460616,2,0.0935398864436905
745,0.233511586452763,35.1459748518572,2,0.0826209776392116
746,0.237076648841355,35.1929469576529,2,0.0755757760110533
747,0.241711229946524,35.2399190634485,2,0.0678900992893203
748,0.246345811051693,35.2868911692441,2,0.0616032808600155
749,0.247058823529412,35.3338632750398,2,0.0607445699909669
750,0.243137254901961,35.3808353808354,2,0.0658186491056242
751,0.23458110516934,35.427807486631,2,0.080393464967845
752,0.227807486631016,35.4747795924267,2,0.0963808426446485
753,0.205347593582888,35.5217516982223,2,0.197685278899376
754,0.201426024955437,35.5687238040179,2,0.226771811067874
755,0.19572192513369,35.6156959098136,2,0.27719989678805
756,0.19144385026738,35.6626680156092,2,0.321768259828467
757,0.184670231729055,35.7096401214048,2,0.404063591013692
758,0.172192513368984,35.7566122272005,1,0.58279728805352
759,0.155436720142603,35.8035843329961,1,0.808068896184065
760,0.14367201426025,35.8505564387917,1,0.909121199068096
761,0.122281639928699,35.8975285445874,1,0.983183695177332
762,0.110160427807487,35.944500650383,1,0.994397060408985
763,0.111586452762923,35.9914727561787,1,0.993593924784478
764,0.111229946524064,36.0384448619743,1,0.993804205433222
765,0.106951871657754,36.0854169677699,1,0.995873077879365
766,0.118716577540107,36.1323890735656,1,0.987712122807458
767,0.130837789661319,36.1793611793612,1,0.965527910635271
768,0.12192513368984,36.2263332851568,1,0.983697027806612
769,0.13048128342246,36.2733053909525,1,0.966508459726333
770,0.130124777183601,36.3202774967481,1,0.967464223166398
771,0.126559714795009,36.3672496025437,1,0.975767557082126
772,0.119786096256684,36.4142217083394,1,0.986487777969066
773,0.111586452762923,36.461193814135,1,0.993593924784478
774,0.110160427807487,36.5081659199306,1,0.994397060408985
775,0.114795008912656,36.5551380257263,1,0.991378944116705
776,0.121212121212121,36.6021101315219,1,0.98468100083791
777,0.115151515151515,36.6490822373175,1,0.991093165953659
778,0.132263814616756,36.6960543431132,1,0.961347498174155
779,0.137967914438503,36.7430264489088,1,0.93988685572229
780,0.132620320855615,36.7899985547044,1,0.960235205901159
781,0.137254901960784,36.8369706605001,1,0.943030999527467
782,0.159001782531194,36.8839427662957,1,0.766749861131668
783,0.172192513368984,36.9309148720914,1,0.582797288053519
784,0.169340463458111,36.977886977887,1,0.625115799613936
785,0.185383244206774,37.0248590836826,2,0.394766374096824
786,0.188948306595365,37.0718311894783,2,0.350467324722219
787,0.193226381461676,37.1188032952739,2,0.302483027075261
788,0.196791443850267,37.1657754010695,2,0.266974022425607
789,0.195008912655971,37.2127475068652,2,0.284219689617103
790,0.188948306595365,37.2597196126608,2,0.350467324722219
791,0.178966131907308,37.3066917184564,2,0.482860710810652
792,0.171479500891266,37.3536638242521,1,0.593418986671837
793,0.150089126559715,37.4006359300477,1,0.860758522118112
794,0.147593582887701,37.4476080358433,1,0.881440854894658
795,0.142245989304813,37.494580141639,1,0.917809125222735
796,0.136541889483066,37.5415522474346,1,0.946034190265645
797,0.132976827094474,37.5885243532302,1,0.959094966968597
798,0.133689839572193,37.6354964590259,1,0.956728471712448
799,0.13903743315508,37.6824685648215,1,0.934896386527365
800,0.14367201426025,37.7294406706172,1,0.909121199068096
801,0.160071301247772,37.7764127764128,1,0.753460132159372
802,0.167914438502674,37.8233848822084,1,0.645998796079779
803,0.175044563279857,37.8703569880041,1,0.540316829943062
804,0.17825311942959,37.9173290937997,2,0.4931633449116
805,0.180035650623886,37.9643011995953,2,0.467565225318843
806,0.18716577540107,38.011273305391,2,0.372147939662444
807,0.2,38.0582454111866,2,0.238445271457884
808,0.211764705882353,38.1052175169822,2,0.158702697887839
809,0.226381461675579,38.1521896227779,2,0.100375510945412
810,0.23030303030303,38.1991617285735,2,0.0899476823508696
811,0.2349376114082,38.2461338343691,2,0.0796733116730506
812,0.228163992869875,38.2931059401648,2,0.0954194554546018
813,0.20855614973262,38.3400780459604,2,0.17694920625516
814,0.183600713012478,38.387050151756,2,0.418263109207048
815,0.164705882352941,38.4340222575517,1,0.691773144057962
816,0.15650623885918,38.4809943633473,1,0.796173809987046
817,0.163992869875223,38.527966469143,1,0.701648896925064
818,0.171836007130125,38.5749385749386,1,0.588110064011589
819,0.180035650623886,38.6219106807342,2,0.467565225318843
820,0.185026737967914,38.6688827865299,2,0.399397668114471
821,0.182887700534759,38.7158548923255,2,0.427891054715119
822,0.1825311942959,38.7628269981211,2,0.432751399675161
823,0.192156862745098,38.8097991039168,2,0.313931741274008
824,0.207486631016043,38.8567712097124,2,0.183572123906108
825,0.210338680926916,38.903743315508,2,0.166521124259266
826,0.207486631016043,38.9507154213037,2,0.183572123906108
827,0.207486631016043,38.9976875270993,2,0.183572123906108
828,0.204634581105169,39.0446596328949,2,0.202656660056607
829,0.2,39.0916317386906,2,0.238445271457884
830,0.197147950089127,39.1386038444862,2,0.263645907563373
831,0.204991087344029,39.1855759502818,2,0.200153890164054
832,0.216399286987522,39.2325480560775,2,0.136231992401206
833,0.237789661319073,39.2795201618731,2,0.0742913349406445
834,0.25632798573975,39.3264922676687,2,0.0517721752073187
835,0.264884135472371,39.3734643734644,2,0.046407939044193
836,0.253832442067736,39.42043647926,2,0.0538230359317509
837,0.241354723707665,39.4674085850557,2,0.0684282928219272
838,0.239572192513369,39.5143806908513,2,0.0712472666157433
839,0.238146167557932,39.5613527966469,2,0.0736637122022718
840,0.2349376114082,39.6083249024426,2,0.0796733116730506
841,0.242424242424242,39.6552970082382,2,0.0668383422028336
842,0.230659536541889,39.7022691140338,2,0.0890832175668622
843,0.221390374331551,39.7492412198295,2,0.11642334412553
844,0.218181818181818,39.7962133256251,2,0.128676998004563
845,0.200713012477718,39.8431854314207,2,0.23253293637346
846,0.17825311942959,39.8901575372164,2,0.4931633449116
847,0.170409982174688,39.937129643012,1,0.609309102520185
848,0.176470588235294,39.9841017488076,1,0.519226770971293
849,0.191800356506239,40.0310738546033,2,0.317829642748435
850,0.201069518716578,40.0780459603989,2,0.22963360692238
851,0.214616755793226,40.1250180661945,2,0.144369526844744
852,0.22602495543672,40.1719901719902,2,0.10141258203226
853,0.229590017825312,40.2189622777858,2,0.0917165127743095
854,0.226381461675579,40.2659343835815,2,0.100375510945412
855,0.22174688057041,40.3129064893771,2,0.115161280544945
856,0.218181818181818,40.3598785951727,2,0.128676998004563
857,0.215686274509804,40.4068507009684,2,0.139414871771418
858,0.219607843137255,40.453822806764,2,0.12302630424366
859,0.225311942959002,40.5007949125596,2,0.103534426560596
860,0.232085561497326,40.5477670183553,2,0.0857538169693488
861,0.236363636363636,40.5947391241509,2,0.0769001144892598
862,0.235294117647059,40.6417112299465,2,0.0789640594862739
863,0.229946524064171,40.6886833357422,2,0.0908253810511028
864,0.225311942959002,40.7356554415378,2,0.103534426560596
865,0.226737967914439,40.7826275473334,2,0.0993540294017617
866,0.223172905525847,40.8295996531291,2,0.110298956933863
867,0.229590017825312,40.8765717589247,2,0.0917165127743095
868,0.243850267379679,40.9235438647204,2,0.0648301159383605
869,0.252406417112299,40.970515970516,2,0.0551078903872198
870,0.249910873440285,41.0174880763116,2,0.0575696793910372
871,0.253832442067736,41.0644601821073,2,0.0538230359317509
872,0.263101604278075,41.1114322879029,2,0.0473324247231341
873,0.262032085561497,41.1584043936985,2,0.0479331554056538
874,0.257397504456328,41.2053764994942,2,0.0509659338946457
875,0.255971479500891,41.2523486052898,2,0.0520503811873
876,0.255258467023173,41.2993207110854,2,0.052621326223698
877,0.258110516934046,41.3462928168811,2,0.0504515339077752
878,0.257397504456328,41.3932649226767,2,0.0509659338946457
879,0.252406417112299,41.4402370284723,2,0.0551078903872198
880,0.244563279857398,41.487209134268,2,0.0638718688557507
881,0.238859180035651,41.5341812400636,2,0.0724369552179529
882,0.231372549019608,41.5811533458592,2,0.0873932078736503
883,0.222459893048128,41.6281254516549,2,0.112693469722017
884,0.216042780748663,41.6750975574505,2,0.137811624621391
885,0.21319073083779,41.7220696632461,2,0.15132610125974
886,0.212477718360071,41.7690417690418,2,0.154960543073245
887,0.211051693404635,41.8160138748374,2,0.162555305088142
888,0.21319073083779,41.862985980633,2,0.15132610125974
889,0.211764705882353,41.9099580864287,2,0.158702697887839
890,0.21319073083779,41.9569301922243,2,0.15132610125974
891,0.21283422459893,42.00390229802,2,0.153130028336651
892,0.206773618538324,42.0508744038156,2,0.188145723231491
893,0.196078431372549,42.0978465096112,2,0.273750879430953
894,0.188591800356506,42.1448186154069,2,0.354726139272892
895,0.1825311942959,42.1917907212025,2,0.432751399675161
896,0.17825311942959,42.2387628269981,2,0.4931633449116
897,0.170766488413547,42.2857349327938,1,0.604019860818497
898,0.159001782531194,42.3327070385894,1,0.766749861131668
899,0.154367201426025,42.379679144385,1,0.819518848598696
900,0.157219251336898,42.4266512501807,1,0.788001359362703
901,0.157575757575758,42.4736233559763,1,0.783843752125893
902,0.152941176470588,42.5205954617719,1,0.834080601764146
903,0.164705882352941,42.5675675675676,1,0.691773144057962
904,0.180748663101604,42.6145396733632,2,0.457485606629361
905,0.179679144385027,42.6615117791589,2,0.472641225876226
906,0.172549019607843,42.7084838849545,1,0.577482007473242
907,0.162923351158645,42.7554559907501,1,0.716220055262454
908,0.152941176470588,42.8024280965458,1,0.834080601764146
909,0.145098039215686,42.8494002023414,1,0.89971474034907
910,0.141532976827094,42.896372308137,1,0.921893378846401
911,0.145811051693405,42.9433444139327,1,0.894733017671574
912,0.150445632798574,42.9903165197283,1,0.857602279555864
913,0.160071301247772,43.0372886255239,1,0.753460132159372
914,0.168270944741533,43.0842607313196,1,0.640802683963966
915,0.177540106951872,43.1312328371152,1,0.503540590608894
916,0.185026737967914,43.1782049429108,2,0.399397668114471
917,0.190017825311943,43.2251770487065,2,0.337927533751864
918,0.193939393939394,43.2721491545021,2,0.295055054777713
919,0.198217468805704,43.3191212602977,2,0.253900885615036
920,0.199643493761141,43.3660933660934,2,0.24145879475095
921,0.203921568627451,43.413065471889,2,0.207765990912991
922,0.205347593582888,43.4600375776847,2,0.197685278899376
923,0.202495543672014,43.5070096834803,2,0.218408808900477
924,0.196434937611408,43.5539817892759,2,0.270342298194369
925,0.190374331550802,43.6009538950716,2,0.333827284788788
926,0.186452762923351,43.6479260008672,2,0.381085720730076
927,0.179322638146168,43.6948981066628,2,0.47774005623201
928,0.171479500891266,43.7418702124585,1,0.593418986671837
929,0.172905525846702,43.7888423182541,1,0.572165565995
930,0.186452762923351,43.8358144240497,2,0.381085720730076
931,0.205347593582888,43.8827865298454,2,0.197685278899376
932,0.222103386809269,43.929758635641,2,0.113918079396851
933,0.233155080213904,43.9767307414366,2,0.0833863945334798
934,0.238146167557932,44.0237028472323,2,0.0736637122022718
935,0.24349376114082,44.0706749530279,2,0.0653205428441643
936,0.248841354723708,44.1176470588235,2,0.0587130549522764
937,0.239928698752228,44.1646191646192,2,0.0706659877052685
938,0.237076648841355,44.2115912704148,2,0.0755757760110533
939,0.233868092691622,44.2585633762104,2,0.0818671307430453
940,0.231372549019608,44.3055354820061,2,0.0873932078736503
941,0.229946524064171,44.3525075878017,2,0.0908253810511028
942,0.228877005347594,44.3994796935973,2,0.0935398864436905
943,0.22602495543672,44.446451799393,2,0.10141258203226
944,0.223172905525847,44.4934239051886,2,0.110298956933863
945,0.2349376114082,44.5403960109843,2,0.0796733116730506
946,0.229946524064171,44.5873681167799,2,0.0908253810511028
947,0.226737967914439,44.6343402225755,2,0.0993540294017617
948,0.226737967914439,44.6813123283712,2,0.0993540294017617
949,0.232442067736185,44.7282844341668,2,0.084952636312124
950,0.235650623885918,44.7752565399624,2,0.0782655476404335
951,0.236007130124777,44.8222286457581,2,0.0775776178915898
952,0.235294117647059,44.8692007515537,2,0.0789640594862739
953,0.22602495543672,44.9161728573493,2,0.10141258203226
954,0.224955436720143,44.963144963145,2,0.104619674767062
955,0.223172905525847,45.0101170689406,2,0.110298956933863
956,0.222103386809269,45.0570891747362,2,0.113918079396851
957,0.224955436720143,45.1040612805319,2,0.104619674767062
958,0.228520499108734,45.1510333863275,2,0.094472541402233
959,0.23030303030303,45.1980054921232,2,0.0899476823508696
960,0.231016042780749,45.2449775979188,2,0.0882317905080514
961,0.232442067736185,45.2919497037144,2,0.084952636312124
962,0.231016042780749,45.3389218095101,2,0.0882317905080514
963,0.228877005347594,45.3858939153057,2,0.0935398864436905
964,0.228163992869875,45.4328660211013,2,0.0954194554546018
965,0.230659536541889,45.479838126897,2,0.0890832175668622
966,0.236720142602496,45.5268102326926,2,0.0762328841466821
967,0.24349376114082,45.5737823384882,2,0.0653205428441643
968,0.246345811051693,45.6207544442839,2,0.0616032808600155
969,0.250980392156863,45.6677265500795,2,0.0564802253755426
970,0.254901960784314,45.7146986558751,2,0.0529141840881379
971,0.259536541889483,45.7616707616708,2,0.0494762634266309
972,0.259180035650624,45.8086428674664,2,0.0497135164805449
973,0.254545454545455,45.855614973262,2,0.0532120466169336
974,0.249910873440285,45.9025870790577,2,0.0575696793910372
975,0.245989304812834,45.9495591848533,2,0.0620428835435552
976,0.245276292335116,45.996531290649,2,0.0629430633753488
977,0.243137254901961,46.0435033964446,2,0.0658186491056242
978,0.238146167557932,46.0904755022402,2,0.0736637122022718
979,0.233511586452763,46.1374476080359,2,0.0826209776392116
980,0.233868092691622,46.1844197138315,2,0.0818671307430452
981,0.240285204991087,46.2313918196271,2,0.070093577958845
982,0.245276292335116,46.2783639254228,2,0.0629430633753488
983,0.248484848484848,46.3253360312184,2,0.0591065416470222
984,0.245989304812834,46.372308137014,2,0.0620428835435552
985,0.246702317290553,46.4192802428097,2,0.0611705411194523
986,0.241354723707665,46.4662523486053,2,0.0684282928219272
987,0.242424242424242,46.5132244544009,2,0.0668383422028336
988,0.245989304812834,46.5601965601966,2,0.0620428835435552
989,0.242067736185383,46.6071686659922,2,0.0673601550398578
990,0.237789661319073,46.6541407717878,2,0.0742913349406445
991,0.240285204991087,46.7011128775835,2,0.070093577958845
992,0.249197860962567,46.7480849833791,2,0.0583258043584955
993,0.252762923351159,46.7950570891747,2,0.0547786503255093
994,0.265953654188948,46.8420291949704,2,0.0458976624695658
995,0.261675579322638,46.889001300766,2,0.0481413085598955
996,0.254545454545455,46.9359734065617,2,0.0532120466169336
997,0.25632798573975,46.9829455123573,2,0.0517721752073187
998,0.249554367201426,47.0299176181529,2,0.057944706476878
999,0.245632798573975,47.0768897239486,2,0.0624894451585092
1000,0.258110516934046,47.1238618297442,2,0.0504515339077752
1001,0.25668449197861,47.1708339355398,2,0.0514987362425697
1002,0.262745098039216,47.2178060413355,2,0.0475287541523625
1003,0.267023172905526,47.2647781471311,2,0.045419570456808
1004,0.266666666666667,47.3117502529267,2,0.0455754120927234
1005,0.270944741532977,47.3587223587224,2,0.0439288203315882
1006,0.272370766488414,47.405694464518,2,0.043484165171336
1007,0.26096256684492,47.4526665703136,2,0.0485697297793136
1008,0.244919786096257,47.4996386761093,2,0.0634038375713656
1009,0.231016042780749,47.5466107819049,2,0.0882317905080514
1010,0.223885918003565,47.5935828877005,2,0.107975638503528
1011,0.214616755793226,47.6405549934962,2,0.144369526844744
1012,0.208199643493761,47.6875270992918,2,0.17912564349186
1013,0.206060606060606,47.7344992050875,2,0.192849198162725
1014,0.205704099821747,47.7814713108831,2,0.195250493446905
1015,0.202495543672014,47.8284434166787,2,0.218408808900477
1016,0.202139037433155,47.8754155224744,2,0.221159700448823
1017,0.204634581105169,47.92238762827,2,0.202656660056607
1018,0.205347593582888,47.9693597340656,2,0.197685278899376
1019,0.206773618538324,48.0163318398613,2,0.188145723231491
1020,0.209625668449198,48.0633039456569,2,0.170602930169201
1021,0.212477718360071,48.1102760514525,2,0.154960543073245
1022,0.212121212121212,48.1572481572482,2,0.156817985672745
1023,0.211051693404635,48.2042202630438,2,0.162555305088142
1024,0.20891265597148,48.2511923688394,2,0.174803507241382
1025,0.21283422459893,48.2981644746351,2,0.153130028336651
1026,0.209625668449198,48.3451365804307,2,0.170602930169201
1027,0.203565062388592,48.3921086862263,2,0.210373200428921
1028,0.2,48.439080792022,2,0.238445271457884
1029,0.201782531194296,48.4860528978176,2,0.223947270621169
1030,0.205347593582888,48.5330250036133,2,0.197685278899376
1031,0.212121212121212,48.5799971094089,2,0.156817985672745
1032,0.216755793226381,48.6269692152045,2,0.13467565651305
1033,0.207843137254902,48.6739413210002,2,0.181333166928288
1034,0.20891265597148,48.7209134267958,2,0.174803507241382
1035,0.207843137254902,48.7678855325914,2,0.181333166928288
1036,0.203921568627451,48.8148576383871,2,0.207765990912991
1037,0.199286987522282,48.8618297441827,2,0.244510886033256
1038,0.201069518716578,48.9088018499783,2,0.22963360692238
1039,0.209269162210339,48.955773955774,2,0.17268819806839
1040,0.217112299465241,49.0027460615696,2,0.133142300997542
1041,0.221390374331551,49.0497181673652,2,0.11642334412553
1042,0.226737967914439,49.0966902731609,2,0.0993540294017617
1043,0.232798573975045,49.1436623789565,2,0.0841635552501557
1044,0.238502673796791,49.1906344847521,2,0.0730456320043107
1045,0.248484848484848,49.2376065905478,2,0.0591065416470222
1046,0.260249554367201,49.2845786963434,2,0.0490145944025892
1047,0.267736185383244,49.331550802139,2,0.0451183006518891
1048,0.270231729055258,49.3785229079347,2,0.0441701976570837
1049,0.267736185383244,49.4254950137303,2,0.0451183006518891
1050,0.254545454545455,49.472467119526,2,0.0532120466169336
1051,0.237433155080214,49.5194392253216,2,0.0749286416337627
1052,0.222459893048128,49.5664113311172,2,0.112693469722017
1053,0.211408199643494,49.6133834369129,2,0.160615022882782
1054,0.201426024955437,49.6603555427085,2,0.226771811067875
1055,0.190017825311943,49.7073276485041,2,0.337927533751864
1056,0.182174688057041,49.7542997542998,2,0.437641655896475
1057,0.172905525846702,49.8012718600954,1,0.572165565995
1058,0.161140819964349,49.848243965891,1,0.739789514201644
1059,0.144385026737968,49.8952160716867,1,0.904509646340376
1060,0.132620320855615,49.9421881774823,1,0.960235205901159
1061,0.129411764705882,49.9891602832779,1,0.969303421020981
1062,0.135472370766488,50.0361323890736,1,0.950284669827502
1063,0.142602495543672,50.0831044948692,1,0.915702828474417
1064,0.149019607843137,50.1300766006649,1,0.869923299191445
1065,0.154010695187166,50.1770487064605,1,0.823235222221061
1066,0.146524064171123,50.2240208122561,1,0.889561250485619
1067,0.138680926916221,50.2709929180518,1,0.936597200363748
1068,0.135115864527629,50.3179650238474,1,0.951635957098908
1069,0.136541889483066,50.364937129643,1,0.946034190265645
1070,0.13903743315508,50.4119092354387,1,0.934896386527365
1071,0.140106951871658,50.4588813412343,1,0.929563241262185
1072,0.139393939393939,50.5058534470299,1,0.933157495644747
1073,0.149019607843137,50.5528255528256,1,0.869923299191445
1074,0.156149732620321,50.5997976586212,1,0.800187728045124
1075,0.166488413547237,50.6467697644168,1,0.666584133318853
1076,0.175044563279857,50.6937418702125,1,0.540316829943062
1077,0.179679144385027,50.7407139760081,2,0.472641225876226
1078,0.180392156862745,50.7876860818037,2,0.462513034381186
1079,0.177183600713012,50.8346581875994,1,0.508754422500141
1080,0.174688057040998,50.881630293395,1,0.545612461857433
1081,0.166488413547237,50.9286023991906,1,0.666584133318853
1082,0.171122994652406,50.9755745049863,1,0.59872270376768
1083,0.175401069518717,51.0225466107819,1,0.535029195011022
1084,0.175401069518717,51.0695187165776,1,0.535029195011022
1085,0.171479500891266,51.1164908223732,1,0.593418986671837
1086,0.168627450980392,51.1634629281688,1,0.635589264594311
1087,0.168983957219251,51.2104350339645,1,0.630359859591455
1088,0.171122994652406,51.2574071397601,1,0.59872270376768
1089,0.147593582887701,51.3043792455557,1,0.881440854894658
1090,0.136185383244207,51.3513513513514,1,0.947484354538795
1091,0.129768270944742,51.398323457147,1,0.968395709369752
1092,0.129768270944742,51.4452955629426,1,0.968395709369752
1093,0.117647058823529,51.4922676687383,1,0.98883362565975
1094,0.0998217468805704,51.5392397745339,1,0.997951921584108
1095,0.0983957219251337,51.5862118803295,1,0.998225833479754
1096,0.111942959001783,51.6331839861252,1,0.993377007625881
1097,0.0905525846702317,51.6801560919208,1,0.999210624196427
1098,0.0862745098039216,51.7271281977164,1,0.999499691543751
1099,0.0859180035650624,51.7741003035121,1,0.999518565162007
1100,0.0912655971479501,51.8210724093077,1,0.999149121927905
1101,0.099108734402852,51.8680445151033,1,0.99809351993827
1102,0.101960784313725,51.915016620899,1,0.997465190422424
1103,0.0962566844919786,51.9619887266946,1,0.998572613147055
1104,0.0894830659536542,52.0089608324903,1,0.999295013186813
1105,0.096969696969697,52.0559329382859,1,0.99846485690684
1106,0.111229946524064,52.1029050440815,1,0.993804205433222
1107,0.131907308377897,52.1498771498772,1,0.962432382786013
1108,0.145454545454545,52.1968492556728,1,0.897247438656641
1109,0.150802139037433,52.2438213614684,1,0.854395156011231
1110,0.15222816399287,52.2907934672641,1,0.841056385999803
1111,0.153297682709447,52.3377655730597,1,0.830516257730465
1112,0.154367201426025,52.3847376788553,1,0.819518848598696
1113,0.136541889483066,52.431709784651,1,0.946034190265645
1114,0.129768270944742,52.4786818904466,1,0.968395709369752
1115,0.118716577540107,52.5256539962422,1,0.987712122807458
1116,0.105882352941176,52.5726261020379,1,0.996277909157264
1117,0.0973262032085561,52.6195982078335,1,0.998408134441199
1118,0.0994652406417112,52.6665703136292,1,0.998023918340907
1119,0.114438502673797,52.7135424194248,1,0.991656199536343
1120,0.129055258467023,52.7605145252204,1,0.970187854929089
1121,0.144385026737968,52.8074866310161,1,0.904509646340376
1122,0.144741532976827,52.8544587368117,1,0.902135334189542
1123,0.160071301247772,52.9014308426073,1,0.753460132159372
1124,0.172192513368984,52.948402948403,1,0.582797288053519
1125,0.174331550802139,52.9953750541986,1,0.55091481782757
1126,0.180392156862745,53.0423471599942,2,0.462513034381186
1127,0.192513368983957,53.0893192657899,2,0.310074635321889
1128,0.194652406417112,53.1362913715855,2,0.287790651865545
1129,0.183957219251337,53.1832634773811,2,0.413496942521145
1130,0.1825311942959,53.2302355831768,2,0.432751399675161
1131,0.178609625668449,53.2772076889724,2,0.488002158832296
1132,0.172549019607843,53.324179794768,1,0.577482007473242
1133,0.168270944741533,53.3711519005637,1,0.640802683963966
1134,0.16969696969697,53.4181240063593,1,0.619858422957485
1135,0.174331550802139,53.4650961121549,1,0.55091481782757
1136,0.178966131907308,53.5120682179506,2,0.482860710810652
1137,0.188591800356506,53.5590403237462,2,0.354726139272892
1138,0.18716577540107,53.6060124295419,2,0.372147939662444
1139,0.192869875222816,53.6529845353375,2,0.30625838418349
1140,0.209269162210339,53.6999566411331,2,0.17268819806839
1141,0.218538324420677,53.7469287469288,2,0.127232459335387
1142,0.215329768270945,53.7939008527244,2,0.141042055017344
1143,0.21283422459893,53.84087295852,2,0.153130028336651
1144,0.21283422459893,53.8878450643157,2,0.153130028336651
1145,0.222103386809269,53.9348171701113,2,0.113918079396851
1146,0.221033868092692,53.9817892759069,2,0.117704544282493
1147,0.222816399286988,54.0287613817026,2,0.111487183755526
1148,0.231016042780749,54.0757334874982,2,0.0882317905080514
1149,0.238146167557932,54.1227055932938,2,0.0736637122022718
1150,0.241711229946524,54.1696776990895,2,0.0678900992893204
1151,0.243850267379679,54.2166498048851,2,0.0648301159383605
1152,0.240285204991087,54.2636219106807,2,0.070093577958845
1153,0.247058823529412,54.3105940164764,2,0.0607445699909669
1154,0.242424242424242,54.357566122272,2,0.0668383422028336
1155,0.236007130124777,54.4045382280677,2,0.0775776178915898
1156,0.232442067736185,54.4515103338633,2,0.084952636312124
1157,0.231729055258467,54.4984824396589,2,0.0865672792270691
1158,0.228877005347594,54.5454545454546,2,0.0935398864436905
1159,0.223529411764706,54.5924266512502,2,0.109128527899563
1160,0.219251336898396,54.6393987570458,2,0.124407409878215
1161,0.20855614973262,54.6863708628415,2,0.17694920625516
1162,0.201426024955437,54.7333429686371,2,0.226771811067874
1163,0.196791443850267,54.7803150744327,2,0.266974022425607
1164,0.198573975044563,54.8272871802284,2,0.250731709606912
1165,0.193582887700535,54.874259286024,2,0.298748583694248
1166,0.1825311942959,54.9212313918196,2,0.432751399675161
1167,0.182887700534759,54.9682034976153,2,0.427891054715119
1168,0.189304812834225,55.0151756034109,2,0.346247780607341
1169,0.1825311942959,55.0621477092065,2,0.432751399675161
1170,0.183244206773619,55.1091198150022,2,0.423061380810353
1171,0.178609625668449,55.1560919207978,2,0.488002158832296
1172,0.167914438502674,55.2030640265935,1,0.645998796079779
1173,0.16078431372549,55.2500361323891,1,0.744387394516176
1174,0.156149732620321,55.2970082381847,1,0.800187728045124
1175,0.151158645276292,55.3439803439804,1,0.851137057463874
1176,0.144741532976827,55.390952449776,1,0.902135334189542
1177,0.132976827094474,55.4379245555716,1,0.959094966968597
1178,0.12156862745098,55.4848966613673,1,0.984196012649719
1179,0.0966131907308378,55.5318687671629,1,0.998519662902624
1180,0.0841354723707665,55.5788408729585,1,0.999603189272738
1181,0.0944741532976827,55.6258129787542,1,0.998811531805267
1182,0.107308377896613,55.6727850845498,1,0.995729201976155
1183,0.118716577540107,55.7197571903454,1,0.987712122807458
1184,0.130837789661319,55.7667292961411,1,0.965527910635271
1185,0.145811051693405,55.8137014019367,1,0.894733017671574
1186,0.146880570409982,55.8606735077323,1,0.886903162254415
1187,0.144741532976827,55.907645613528,1,0.902135334189542
1188,0.142602495543672,55.9546177193236,1,0.915702828474417
1189,0.144028520499109,56.0015898251192,1,0.906838116890453
1190,0.142959001782531,56.0485619309149,1,0.913553072258487
1191,0.131907308377897,56.0955340367105,1,0.962432382786013
1192,0.118003565062389,56.1425061425062,1,0.988470729577766
1193,0.115151515151515,56.1894782483018,1,0.991093165953659
1194,0.0784313725490196,56.2364503540974,1,0.999788712862036
1195,0.0577540106951872,56.2834224598931,1,0.999981450235297
1196,0.061319073083779,56.3303945656887,1,0.999971313259764
1197,0.0588235294117647,56.3773666714843,1,0.999978842946196
1198,0.0463458110516934,56.42433877728,1,0.999995611127217
1199,0.0570409982174688,56.4713108830756,1,0.999983013219951
1200,0.0834224598930481,56.5182829888712,1,0.999632894588219
1201,0.0787878787878788,56.5652550946669,1,0.999780110055241
1202,0.0688057040998217,56.6122272004625,1,0.999929924559667
1203,0.0716577540106952,56.6591993062581,1,0.999902307779302
1204,0.0855614973262032,56.7061714120538,1,0.999536758982317
1205,0.0859180035650624,56.7531435178494,1,0.999518565162007
1206,0.0730837789661319,56.800115623645,1,0.999884843540117
1207,0.0773618538324421,56.8470877294407,1,0.999812631741875
1208,0.0912655971479501,56.8940598352363,1,0.999149121927905
1209,0.110873440285205,56.941031941032,1,0.994008035030559
1210,0.12156862745098,56.9880040468276,1,0.984196012649719
1211,0.140106951871658,57.0349761526232,1,0.929563241262185
1212,0.156862745098039,57.0819482584189,1,0.792111538660045
1213,0.167557932263815,57.1289203642145,1,0.651176289748676
1214,0.173618538324421,57.1758924700101,1,0.561534542460383
1215,0.17825311942959,57.2228645758058,2,0.4931633449116
1216,0.180035650623886,57.2698366816014,2,0.467565225318843
1217,0.187522281639929,57.316808787397,2,0.367735189146623
1218,0.184670231729055,57.3637808931927,2,0.404063591013692
1219,0.183600713012478,57.4107529989883,2,0.418263109207048
1220,0.181818181818182,57.4577251047839,2,0.442561035162958
1221,0.180748663101604,57.5046972105796,2,0.457485606629361
1222,0.180748663101604,57.5516693163752,2,0.457485606629361
1223,0.179322638146168,57.5986414221709,2,0.47774005623201
1224,0.176114081996435,57.6456135279665,1,0.52448293208368
1225,0.17825311942959,57.6925856337621,2,0.4931633449116
1226,0.17397504456328,57.7395577395578,1,0.556222611138865
1227,0.175044563279857,57.7865298453534,1,0.540316829943062
1228,0.180748663101604,57.833501951149,2,0.457485606629361
1229,0.179679144385027,57.8804740569447,2,0.472641225876226
1230,0.176470588235294,57.9274461627403,1,0.519226770971293
1231,0.184313725490196,57.9744182685359,2,0.408763554698108
1232,0.196791443850267,58.0213903743316,2,0.266974022425607
1233,0.19572192513369,58.0683624801272,2,0.27719989678805
1234,0.202852049910873,58.1153345859228,2,0.215694298226063
1235,0.206417112299465,58.1623066917185,2,0.190481054884609
1236,0.204634581105169,58.2092787975141,2,0.202656660056607
1237,0.202495543672014,58.2562509033097,2,0.218408808900477
1238,0.202139037433155,58.3032230091054,2,0.221159700448823
1239,0.198217468805704,58.350195114901,2,0.253900885615036
1240,0.193226381461676,58.3971672206966,2,0.302483027075261
1241,0.18716577540107,58.4441393264923,2,0.372147939662444
1242,0.180748663101604,58.4911114322879,2,0.457485606629361
1243,0.172192513368984,58.5380835380836,1,0.582797288053519
1244,0.162566844919786,58.5850556438792,1,0.721008185811747
1245,0.158645276292335,58.6320277496748,1,0.771091684671173
1246,0.159358288770053,58.6789998554705,1,0.762363530538871
1247,0.1650623885918,58.7259719612661,1,0.686790105026443
1248,0.167914438502674,58.7729440670617,1,0.645998796079779
1249,0.173618538324421,58.8199161728574,1,0.561534542460383
1250,0.183957219251337,58.866888278653,2,0.413496942521145
1251,0.195008912655971,58.9138603844486,2,0.284219689617103
1252,0.2,58.9608324902443,2,0.238445271457884
1253,0.200713012477718,59.0078045960399,2,0.23253293637346
1254,0.204991087344029,59.0547767018355,2,0.200153890164054
1255,0.217112299465241,59.1017488076312,2,0.133142300997542
1256,0.227450980392157,59.1487209134268,2,0.0973569200698169
1257,0.232798573975045,59.1956930192224,2,0.0841635552501556
1258,0.229233511586453,59.2426651250181,2,0.0926212795678123
1259,0.226381461675579,59.2896372308137,2,0.100375510945412
1260,0.227807486631016,59.3366093366093,2,0.0963808426446485
1261,0.229590017825312,59.383581442405,2,0.0917165127743095
1262,0.229233511586453,59.4305535482006,2,0.0926212795678123
1263,0.222459893048128,59.4775256539963,2,0.112693469722017
1264,0.2174688057041,59.5244977597919,2,0.131631612598901
1265,0.211764705882353,59.5714698655875,2,0.158702697887839
1266,0.211051693404635,59.6184419713832,2,0.162555305088142
1267,0.211764705882353,59.6654140771788,2,0.158702697887839
1268,0.214616755793226,59.7123861829744,2,0.144369526844744
1269,0.2174688057041,59.7593582887701,2,0.131631612598901
1270,0.216042780748663,59.8063303945657,2,0.137811624621391
1271,0.21319073083779,59.8533025003613,2,0.15132610125974
1272,0.208199643493761,59.900274606157,2,0.17912564349186
1273,0.21283422459893,59.9472467119526,2,0.153130028336651
1274,0.20855614973262,59.9942188177482,2,0.17694920625516
1275,0.204634581105169,60.0411909235439,2,0.202656660056607
1276,0.207130124777184,60.0881630293395,2,0.185842860892558
1277,0.213903743315508,60.1351351351352,2,0.147796657796955
1278,0.22174688057041,60.1821072409308,2,0.115161280544945
1279,0.225311942959002,60.2290793467264,2,0.103534426560596
1280,0.227807486631016,60.2760514525221,2,0.0963808426446485
1281,0.233155080213904,60.3230235583177,2,0.0833863945334798
1282,0.237076648841355,60.3699956641133,2,0.0755757760110533
1283,0.238859180035651,60.416967769909,2,0.0724369552179529
1284,0.238502673796791,60.4639398757046,2,0.0730456320043107
1285,0.243137254901961,60.5109119815002,2,0.0658186491056242
1286,0.246702317290553,60.5578840872959,2,0.0611705411194523
1287,0.246702317290553,60.6048561930915,2,0.0611705411194523
1288,0.242424242424242,60.6518282988871,2,0.0668383422028336
1289,0.231016042780749,60.6988004046828,2,0.0882317905080514
1290,0.231016042780749,60.7457725104784,2,0.0882317905080514
1291,0.231729055258467,60.792744616274,2,0.0865672792270691
1292,0.235294117647059,60.8397167220697,2,0.0789640594862739
1293,0.233868092691622,60.8866888278653,2,0.0818671307430452
1294,0.227450980392157,60.9336609336609,2,0.0973569200698169
1295,0.220320855614973,60.9806330394566,2,0.120325466747512
1296,0.215329768270945,61.0276051452522,2,0.141042055017344
1297,0.203921568627451,61.0745772510479,2,0.207765990912991
1298,0.181461675579323,61.1215493568435,2,0.447508721006442
1299,0.16541889483066,61.1685214626391,1,0.681778494089016
1300,0.155080213903743,61.2154935684348,1,0.81193542819787
1301,0.135472370766488,61.2624656742304,1,0.950284669827502
1302,0.119429590017825,61.309437780026,1,0.986907818820623
1303,0.10445632798574,61.3564098858217,1,0.99675990608001
1304,0.0898395721925134,61.4033819916173,1,0.999267885654672
1305,0.0777183600713012,61.4503540974129,1,0.99980496238391
1306,0.0827094474153298,61.4973262032086,1,0.999660470341301
1307,0.0827094474153298,61.5442983090042,1,0.999660470341301
1308,0.0730837789661319,61.5912704147998,1,0.999884843540117
1309,0.0620320855614973,61.6382425205955,1,0.999968725459634
1310,0.0645276292335116,61.6852146263911,1,0.999957778572531
1311,0.0841354723707665,61.7321867321867,1,0.999603189272738
1312,0.102317290552585,61.7791588379824,1,0.997374152188086
1313,0.116934046345811,61.826130943778,1,0.989528008245413
1314,0.119429590017825,61.8731030495737,1,0.986907818820623
1315,0.123351158645276,61.9200751553693,1,0.98155399875395
1316,0.132263814616756,61.9670472611649,1,0.961347498174155
1317,0.141176470588235,62.0140193669606,1,0.923872375887436
1318,0.155080213903743,62.0609914727562,1,0.81193542819787
1319,0.165775401069519,62.1079635785518,1,0.676739491320735
1320,0.172192513368984,62.1549356843475,1,0.582797288053519
1321,0.169340463458111,62.2019077901431,1,0.625115799613936
1322,0.175757575757576,62.2488798959387,1,0.529750815064131
1323,0.183957219251337,62.2958520017344,2,0.413496942521145
1324,0.193939393939394,62.34282410753,2,0.295055054777713
1325,0.205347593582888,62.3897962133256,2,0.197685278899376
1326,0.214616755793226,62.4367683191213,2,0.144369526844744
1327,0.219964349376114,62.4837404249169,2,0.121665753141309
1328,0.223172905525847,62.5307125307125,2,0.110298956933863
1329,0.226737967914439,62.5776846365082,2,0.0993540294017617
1330,0.235294117647059,62.6246567423038,2,0.0789640594862739
1331,0.235294117647059,62.6716288480995,2,0.0789640594862739
1332,0.232085561497326,62.7186009538951,2,0.0857538169693488
1333,0.236007130124777,62.7655730596907,2,0.0775776178915898
1334,0.236363636363636,62.8125451654864,2,0.0769001144892598
1335,0.233868092691622,62.859517271282,2,0.0818671307430452
1336,0.236007130124777,62.9064893770776,2,0.0775776178915898
1337,0.239572192513369,62.9534614828733,2,0.0712472666157434
1338,0.245989304812834,63.0004335886689,2,0.0620428835435552
1339,0.249554367201426,63.0474056944645,2,0.0579447064768781
1340,0.25204991087344,63.0943778002602,2,0.0554425963726971
1341,0.25204991087344,63.1413499060558,2,0.0554425963726971
1342,0.250980392156863,63.1883220118514,2,0.0564802253755426
1343,0.250980392156863,63.2352941176471,2,0.0564802253755426
1344,0.25204991087344,63.2822662234427,2,0.0554425963726971
1345,0.242780748663102,63.3292383292383,2,0.0663245448775083
1346,0.246345811051693,63.376210435034,2,0.0616032808600155
1347,0.253832442067736,63.4231825408296,2,0.0538230359317509
1348,0.260606060606061,63.4701546466252,2,0.0487900844489964
1349,0.263101604278075,63.5171267524209,2,0.0473324247231341
1350,0.265953654188948,63.5640988582165,2,0.0458976624695658
1351,0.263814616755793,63.6110709640122,2,0.0469513113255577
1352,0.263101604278075,63.6580430698078,2,0.0473324247231341
1353,0.260606060606061,63.7050151756034,2,0.0487900844489964
1354,0.257040998217469,63.7519872813991,2,0.0512300076573834
1355,0.250980392156863,63.7989593871947,2,0.0564802253755426
1356,0.244563279857398,63.8459314929903,2,0.0638718688557507
1357,0.242067736185383,63.892903598786,2,0.0673601550398578
1358,0.236720142602496,63.9398757045816,2,0.0762328841466821
1359,0.232442067736185,63.9868478103772,2,0.084952636312124
1360,0.23030303030303,64.0338199161729,2,0.0899476823508696
1361,0.222816399286988,64.0807920219685,2,0.111487183755526
1362,0.227450980392157,64.1277641277642,2,0.0973569200698169
1363,0.231372549019608,64.1747362335598,2,0.0873932078736503
1364,0.230659536541889,64.2217083393554,2,0.0890832175668622
1365,0.224955436720143,64.268680445151,2,0.104619674767062
1366,0.220320855614973,64.3156525509467,2,0.120325466747512
1367,0.221390374331551,64.3626246567423,2,0.11642334412553
1368,0.226381461675579,64.409596762538,2,0.100375510945412
1369,0.219251336898396,64.4565688683336,2,0.124407409878215
1370,0.219607843137255,64.5035409741292,2,0.12302630424366
1371,0.22174688057041,64.5505130799249,2,0.115161280544945
1372,0.227450980392157,64.5974851857205,2,0.0973569200698169
1373,0.235294117647059,64.6444572915161,2,0.0789640594862739
1374,0.242067736185383,64.6914293973118,2,0.0673601550398578
1375,0.246702317290553,64.7384015031074,2,0.0611705411194523
1376,0.248841354723708,64.785373608903,2,0.0587130549522764
1377,0.24349376114082,64.8323457146987,2,0.0653205428441643
1378,0.240998217468806,64.8793178204943,2,0.06897485550607
1379,0.23921568627451,64.9262899262899,2,0.071837544970447
1380,0.242780748663102,64.9732620320856,2,0.0663245448775083
1381,0.248841354723708,65.0202341378812,2,0.0587130549522764
1382,0.263101604278075,65.0672062436768,2,0.0473324247231341
1383,0.275935828877005,65.1141783494725,2,0.0425871984116243
1384,0.284491978609626,65.1611504552681,2,0.0416113068402193
1385,0.285918003565062,65.2081225610637,2,0.0416041158365032
1386,0.285918003565062,65.2550946668594,2,0.0416041158365032
1387,0.280926916221034,65.302066772655,2,0.0418218695262667
1388,0.27843137254902,65.3490388784507,2,0.0421347879747758
1389,0.277005347593583,65.3960109842463,2,0.0423759866562815
1390,0.27807486631016,65.4429830900419,2,0.0421907934137444
1391,0.274866310160428,65.4899551958376,2,0.0428247921172951
1392,0.270231729055258,65.5369273016332,2,0.0441701976570837
1393,0.25632798573975,65.5838994074288,2,0.0517721752073187
1394,0.253475935828877,65.6308715132245,2,0.0541362908119072
1395,0.248841354723708,65.6778436190201,2,0.0587130549522764
1396,0.242067736185383,65.7248157248157,2,0.0673601550398578
1397,0.237789661319073,65.7717878306114,2,0.0742913349406445
1398,0.234224598930481,65.818759936407,2,0.081124682690485
1399,0.224242424242424,65.8657320422026,2,0.106840033805127
1400,0.213547237076649,65.9127041479983,2,0.149548423319507
1401,0.20891265597148,65.9596762537939,2,0.174803507241382
1402,0.202495543672014,66.0066483595895,2,0.218408808900477
1403,0.198930481283422,66.0536204653852,2,0.247601781995905
1404,0.199286987522282,66.1005925711808,2,0.244510886033256
1405,0.201782531194296,66.1475646769765,2,0.223947270621169
1406,0.201426024955437,66.1945367827721,2,0.226771811067875
1407,0.203208556149733,66.2415088885677,2,0.213015864982375
1408,0.205347593582888,66.2884809943634,2,0.197685278899376
1409,0.206773618538324,66.335453100159,2,0.188145723231491
1410,0.209269162210339,66.3824252059546,2,0.17268819806839
1411,0.215329768270945,66.4293973117503,2,0.141042055017344
1412,0.22174688057041,66.4763694175459,2,0.115161280544945
1413,0.229590017825312,66.5233415233415,2,0.0917165127743095
1414,0.2349376114082,66.5703136291372,2,0.0796733116730507
1415,0.236720142602496,66.6172857349328,2,0.0762328841466821
1416,0.233868092691622,66.6642578407284,2,0.0818671307430453
1417,0.230659536541889,66.7112299465241,2,0.0890832175668622
1418,0.2349376114082,66.7582020523197,2,0.0796733116730507
1419,0.241354723707665,66.8051741581153,2,0.0684282928219272
1420,0.250267379679144,66.852146263911,2,0.0572006426352329
1421,0.257397504456328,66.8991183697066,2,0.0509659338946457
1422,0.263101604278075,66.9460904755023,2,0.0473324247231341
1423,0.265597147950089,66.9930625812979,2,0.0460641348880687
1424,0.268092691622103,67.0400346870935,2,0.0449728132130926
1425,0.268805704099822,67.0870067928892,2,0.0446919904502777
1426,0.279144385026738,67.1339788986848,2,0.0420313007234206
1427,0.288770053475936,67.1809510044804,2,0.0417215806857703
1428,0.292335115864528,67.2279231102761,2,0.0421179801391359
1429,0.293761140819964,67.2748952160717,2,0.0423556210312152
1430,0.297682709447415,67.3218673218673,2,0.0432500382297032
1431,0.299108734402852,67.368839427663,2,0.0436658469399739
1432,0.296969696969697,67.4158115334586,2,0.0430605622065133
1433,0.288413547237077,67.4627836392542,2,0.0416972564246667
1434,0.289126559714795,67.5097557450499,2,0.0417486710349733
1435,0.293048128342246,67.5567278508455,2,0.0422310744563635
1436,0.296969696969697,67.6036999566412,2,0.0430605622065133
1437,0.299465240641711,67.6506720624368,2,0.0437775938345742
1438,0.301604278074866,67.6976441682324,2,0.0445152429270769
1439,0.298395721925134,67.744616274028,2,0.043451747905269
1440,0.296969696969697,67.7915883798237,2,0.0430605622065133
1441,0.296969696969697,67.8385604856193,2,0.0430605622065133
1442,0.295187165775401,67.885532591415,2,0.0426394600665594
1443,0.289483065953654,67.9325046972106,2,0.0417785326069888
1444,0.284491978609626,67.9794768030062,2,0.0416113068402193
1445,0.280213903743316,68.0264489088019,2,0.0418972352835395
1446,0.27807486631016,68.0734210145975,2,0.0421907934137444
1447,0.277005347593583,68.1203931203931,2,0.0423759866562815
1448,0.277005347593583,68.1673652261888,2,0.0423759866562815
1449,0.264527629233512,68.2143373319844,2,0.0465853390309569
1450,0.26524064171123,68.26130943778,2,0.0462342158341202
1451,0.264527629233512,68.3082815435757,2,0.0465853390309569
1452,0.263814616755793,68.3552536493713,2,0.0469513113255577
1453,0.26096256684492,68.402225755167,2,0.0485697297793136
1454,0.260606060606061,68.4491978609626,2,0.0487900844489964
1455,0.257754010695187,68.4961699667582,2,0.0507064604602417
1456,0.25632798573975,68.5431420725538,2,0.0517721752073187
1457,0.267736185383244,68.5901141783495,2,0.0451183006518891
1458,0.267736185383244,68.6370862841451,2,0.0451183006518891
1459,0.268449197860963,68.6840583899408,2,0.044830719097829
1460,0.26951871657754,68.7310304957364,2,0.0444245216126999
1461,0.268092691622103,68.778002601532,2,0.0449728132130926
1462,0.264527629233512,68.8249747073277,2,0.0465853390309569
1463,0.266310160427807,68.8719468131233,2,0.0457347656087041
1464,0.270944741532977,68.9189189189189,2,0.0439288203315882
1465,0.261319073083779,68.9658910247146,2,0.0483534857332153
1466,0.263814616755793,69.0128631305102,2,0.0469513113255577
1467,0.266666666666667,69.0598352363058,2,0.0455754120927234
1468,0.269875222816399,69.1068073421015,2,0.0442957291655921
1469,0.270944741532977,69.1537794478971,2,0.0439288203315882
1470,0.271301247771836,69.2007515536927,2,0.0438129275961263
1471,0.275222816399287,69.2477236594884,2,0.0427426385542663
1472,0.27807486631016,69.294695765284,2,0.0421907934137444
1473,0.272727272727273,69.3416678710797,2,0.0433808122462695
1474,0.286274509803922,69.3886399768753,2,0.0416091772442929
1475,0.290909090909091,69.4356120826709,2,0.0419258123019267
1476,0.282352941176471,69.4825841884666,2,0.0417045121372238
1477,0.280213903743316,69.5295562942622,2,0.0418972352835395
1478,0.287344028520499,69.5765284000578,2,0.0416408366999972
1479,0.288057040998217,69.6235005058535,2,0.0416756936426108
1480,0.280213903743316,69.6704726116491,2,0.0418972352835395
1481,0.288413547237077,69.7174447174447,2,0.0416972564246667
1482,0.287700534759358,69.7644168232404,2,0.0416568882548967
1483,0.285204991087344,69.811388929036,2,0.0416022241097946
1484,0.281996434937611,69.8583610348316,2,0.0417296946156144
1485,0.281996434937611,69.9053331406273,2,0.0417296946156144
1486,0.280570409982175,69.9523052464229,2,0.0418581564093423
1487,0.275222816399287,69.9992773522185,2,0.0427426385542663
1488,0.267736185383244,70.0462494580142,2,0.0451183006518891
1489,0.267023172905526,70.0932215638098,2,0.045419570456808
1490,0.264884135472371,70.1401936696055,2,0.046407939044193
1491,0.261319073083779,70.1871657754011,2,0.0483534857332153
1492,0.258110516934046,70.2341378811967,2,0.0504515339077752
1493,0.255971479500891,70.2811099869923,2,0.0520503811873
1494,0.255258467023173,70.328082092788,2,0.052621326223698
1495,0.257040998217469,70.3750541985836,2,0.0512300076573834
1496,0.258110516934046,70.4220263043793,2,0.0504515339077752
1497,0.249554367201426,70.4689984101749,2,0.0579447064768781
1498,0.253119429590018,70.5159705159705,2,0.0544548065800749
1499,0.258467023172906,70.5629426217662,2,0.0502011018235606
1500,0.259536541889483,70.6099147275618,2,0.0494762634266309
1501,0.255614973262032,70.6568868333574,2,0.0523334119125725
1502,0.251336898395722,70.7038589391531,2,0.0561286910017881
1503,0.248128342245989,70.7508310449487,2,0.0595063493260242
1504,0.245632798573975,70.7978031507443,2,0.0624894451585092
1505,0.242424242424242,70.84477525654,2,0.0668383422028336
1506,0.239572192513369,70.8917473623356,2,0.0712472666157434
1507,0.236720142602496,70.9387194681313,2,0.0762328841466821
1508,0.2349376114082,70.9856915739269,2,0.0796733116730506
1509,0.2349376114082,71.0326636797225,2,0.0796733116730507
1510,0.236007130124777,71.0796357855181,2,0.0775776178915898
1511,0.235650623885918,71.1266078913138,2,0.0782655476404335
1512,0.23458110516934,71.1735799971094,2,0.080393464967845
1513,0.229233511586453,71.2205521029051,2,0.0926212795678123
1514,0.232798573975045,71.2675242087007,2,0.0841635552501557
1515,0.239928698752228,71.3144963144963,2,0.0706659877052685
1516,0.248484848484848,71.361468420292,2,0.0591065416470222
1517,0.25204991087344,71.4084405260876,2,0.0554425963726971
1518,0.255258467023173,71.4554126318832,2,0.052621326223698
1519,0.263101604278075,71.5023847376789,2,0.0473324247231341
1520,0.272014260249554,71.5493568434745,2,0.0435906215444182
1521,0.26524064171123,71.5963289492701,2,0.0462342158341202
1522,0.26524064171123,71.6433010550658,2,0.0462342158341202
1523,0.265597147950089,71.6902731608614,2,0.0460641348880686
1524,0.267736185383244,71.737245266657,2,0.0451183006518891
1525,0.269162210338681,71.7842173724527,2,0.0445566001117059
1526,0.272014260249554,71.8311894782483,2,0.0435906215444182
1527,0.274153297682709,71.878161584044,2,0.0429980450141216
1528,0.277361853832442,71.9251336898396,2,0.0423113812587141
1529,0.275222816399287,71.9721057956352,2,0.0427426385542663
1530,0.27807486631016,72.0190779014309,2,0.0421907934137444
1531,0.277718360071301,72.0660500072265,2,0.042249654102186
1532,0.276292335115865,72.1130221130221,2,0.0425138820583927
1533,0.276292335115865,72.1599942188178,2,0.0425138820583927
1534,0.279500891265597,72.2069663246134,2,0.0419837992174351
1535,0.280213903743316,72.253938430409,2,0.0418972352835395
1536,0.277005347593583,72.3009105362047,2,0.0423759866562815
1537,0.284491978609626,72.3478826420003,2,0.0416113068402193
1538,0.281996434937611,72.3948547477959,2,0.0417296946156144
1539,0.279857397504456,72.4418268535916,2,0.0419391135680977
1540,0.279144385026738,72.4887989593872,2,0.0420313007234206
1541,0.280213903743316,72.5357710651828,2,0.0418972352835395
1542,0.280213903743316,72.5827431709785,2,0.0418972352835395
1543,0.280213903743316,72.6297152767741,2,0.0418972352835395
1544,0.27843137254902,72.6766873825698,2,0.0421347879747758
1545,0.270944741532977,72.7236594883654,2,0.0439288203315882
1546,0.271301247771836,72.770631594161,2,0.0438129275961263
1547,0.270944741532977,72.8176036999566,2,0.0439288203315882
1548,0.271657754010695,72.8645758057523,2,0.0437002019488884
1549,0.271301247771836,72.9115479115479,2,0.0438129275961263
1550,0.271657754010695,72.9585200173436,2,0.0437002019488884
1551,0.270588235294118,73.0054921231392,2,0.0440479026410585
1552,0.271657754010695,73.0524642289348,2,0.0437002019488884
1553,0.271301247771836,73.0994363347305,2,0.0438129275961263
1554,0.270944741532977,73.1464084405261,2,0.0439288203315882
1555,0.271301247771836,73.1933805463217,2,0.0438129275961263
1556,0.269875222816399,73.2403526521174,2,0.0442957291655921
1557,0.268092691622103,73.287324757913,2,0.0449728132130926
1558,0.264527629233512,73.3342968637086,2,0.0465853390309569
1559,0.259893048128342,73.3812689695043,2,0.0492433052226
1560,0.259180035650624,73.4282410752999,2,0.0497135164805448
1561,0.254545454545455,73.4752131810956,2,0.0532120466169336
1562,0.249910873440285,73.5221852868912,2,0.0575696793910372
1563,0.254188948306595,73.5691573926868,2,0.0535149760816739
1564,0.259180035650624,73.6161294984825,2,0.0497135164805449
1565,0.259180035650624,73.6631016042781,2,0.0497135164805449
1566,0.262388591800357,73.7100737100737,2,0.0477289843017269
1567,0.26524064171123,73.7570458158694,2,0.0462342158341202
1568,0.259180035650624,73.804017921665,2,0.0497135164805449
1569,0.263101604278075,73.8509900274606,2,0.0473324247231341
1570,0.266666666666667,73.8979621332563,2,0.0455754120927234
1571,0.26951871657754,73.9449342390519,2,0.0444245216126999
1572,0.268092691622103,73.9919063448475,2,0.0449728132130926
1573,0.266310160427807,74.0388784506432,2,0.0457347656087041
1574,0.266666666666667,74.0858505564388,2,0.0455754120927234
1575,0.26951871657754,74.1328226622344,2,0.0444245216126999
1576,0.27379679144385,74.1797947680301,2,0.0430891776231117
1577,0.271301247771836,74.2267668738257,2,0.0438129275961263
1578,0.27843137254902,74.2737389796213,2,0.0421347879747758
1579,0.27807486631016,74.320711085417,2,0.0421907934137444
1580,0.279857397504456,74.3676831912126,2,0.0419391135680977
1581,0.289126559714795,74.4146552970083,2,0.0417486710349733
1582,0.290909090909091,74.4616274028039,2,0.0419258123019267
1583,0.293048128342246,74.5085995085995,2,0.0422310744563635
1584,0.29982174688057,74.5555716143952,2,0.0438925009672099
1585,0.293048128342246,74.6025437201908,2,0.0422310744563635
1586,0.290552584670232,74.6495158259864,2,0.041884803923812
1587,0.291622103386809,74.6964879317821,2,0.0420162518966323
1588,0.287700534759358,74.7434600375777,2,0.0416568882548967
1589,0.284491978609626,74.7904321433733,2,0.0416113068402193
1590,0.280926916221034,74.837404249169,2,0.0418218695262667
1591,0.279500891265597,74.8843763549646,2,0.0419837992174351
1592,0.277005347593583,74.9313484607602,2,0.0423759866562815
1593,0.27379679144385,74.9783205665559,2,0.0430891776231117
1594,0.270231729055258,75.0252926723515,2,0.0441701976570837
1595,0.265953654188948,75.0722647781471,2,0.0458976624695658
1596,0.26096256684492,75.1192368839428,2,0.0485697297793136
1597,0.258467023172906,75.1662089897384,2,0.0502011018235606
1598,0.25204991087344,75.2131810955341,2,0.0554425963726971
1599,0.251336898395722,75.2601532013297,2,0.0561286910017881
1600,0.24777183600713,75.3071253071253,2,0.0599125643894444
1601,0.241711229946524,75.354097412921,2,0.0678900992893204
1602,0.242424242424242,75.4010695187166,2,0.0668383422028336
1603,0.241711229946524,75.4480416245122,2,0.0678900992893203
1604,0.238146167557932,75.4950137303079,2,0.0736637122022718
1605,0.233155080213904,75.5419858361035,2,0.0833863945334798
1606,0.233155080213904,75.5889579418991,2,0.0833863945334798
1607,0.241711229946524,75.6359300476948,2,0.0678900992893204
1608,0.249197860962567,75.6829021534904,2,0.0583258043584955
1609,0.23921568627451,75.729874259286,2,0.071837544970447
1610,0.242067736185383,75.7768463650817,2,0.0673601550398578
1611,0.244206773618538,75.8238184708773,2,0.0643472600949594
1612,0.244563279857398,75.8707905766729,2,0.0638718688557507
1613,0.244919786096257,75.9177626824686,2,0.0634038375713656
1614,0.246702317290553,75.9647347882642,2,0.0611705411194523
1615,0.250980392156863,76.0117068940599,2,0.0564802253755426
1616,0.255258467023173,76.0586789998555,2,0.052621326223698
1617,0.259536541889483,76.1056511056511,2,0.0494762634266309
1618,0.262745098039216,76.1526232114468,2,0.0475287541523625
1619,0.266310160427807,76.1995953172424,2,0.0457347656087041
1620,0.268092691622103,76.246567423038,2,0.0449728132130926
1621,0.269162210338681,76.2935395288337,2,0.0445566001117059
1622,0.268092691622103,76.3405116346293,2,0.0449728132130926
1623,0.268805704099822,76.3874837404249,2,0.0446919904502777
1624,0.267736185383244,76.4344558462206,2,0.0451183006518891
1625,0.268449197860963,76.4814279520162,2,0.044830719097829
1626,0.268805704099822,76.5284000578118,2,0.0446919904502777
1627,0.270588235294118,76.5753721636075,2,0.0440479026410585
1628,0.270231729055258,76.6223442694031,2,0.0441701976570837
1629,0.270588235294118,76.6693163751987,2,0.0440479026410585
1630,0.271301247771836,76.7162884809944,2,0.0438129275961263
1631,0.274153297682709,76.76326058679,2,0.0429980450141216
1632,0.277005347593583,76.8102326925856,2,0.0423759866562815
1633,0.284848484848485,76.8572047983813,2,0.0416053934328681
1634,0.284135472370766,76.9041769041769,2,0.0416199654510232
1635,0.284135472370766,76.9511490099726,2,0.0416199654510232
1636,0.281639928698752,76.9981211157682,2,0.0417576447198518
1637,0.280213903743316,77.0450932215638,2,0.0418972352835395
1638,0.281283422459893,77.0920653273595,2,0.0417883677481324
1639,0.28270944741533,77.1390374331551,2,0.0416820925125841
1640,0.285918003565062,77.1860095389507,2,0.0416041158365032
1641,0.284135472370766,77.2329816447464,2,0.0416199654510232
1642,0.280213903743316,77.279953750542,2,0.0418972352835395
1643,0.277718360071301,77.3269258563376,2,0.042249654102186
1644,0.277718360071301,77.3738979621333,2,0.042249654102186
1645,0.278787878787879,77.4208700679289,2,0.0420816271177998
1646,0.280213903743316,77.4678421737245,2,0.0418972352835395
1647,0.278787878787879,77.5148142795202,2,0.0420816271177998
1648,0.274509803921569,77.5617863853158,2,0.0429099221564594
1649,0.271657754010695,77.6087584911114,2,0.0437002019488884
1650,0.262032085561497,77.6557305969071,2,0.0479331554056538
1651,0.232085561497326,77.7027027027027,2,0.0857538169693488
1652,0.213903743315508,77.7496748084984,2,0.147796657796955
1653,0.194295900178253,77.796646914294,2,0.29140242266571
1654,0.183957219251337,77.8436190200896,2,0.413496942521145
1655,0.185739750445633,77.8905911258853,2,0.390170268623006
1656,0.164349376114082,77.9375632316809,1,0.69672645304942
1657,0.13475935828877,77.9845353374765,1,0.952955418844474
1658,0.106951871657754,78.0315074432722,1,0.995873077879365
1659,0.0862745098039216,78.0784795490678,1,0.999499691543751
1660,0.0869875222816399,78.1254516548634,1,0.999459808273017
1661,0.0901960784313725,78.1724237606591,1,0.999239767333174
1662,0.096969696969697,78.2193958664547,1,0.99846485690684
1663,0.125846702317291,78.2663679722503,1,0.977179174125809
1664,0.160071301247772,78.313340078046,1,0.753460132159372
1665,0.177183600713012,78.3603121838416,1,0.508754422500141
1666,0.201069518716578,78.4072842896372,2,0.22963360692238
1667,0.231016042780749,78.4542563954329,2,0.0882317905080514
1668,0.247415329768271,78.5012285012285,2,0.0603252747770023
1669,0.249554367201426,78.5482006070242,2,0.0579447064768781
1670,0.249554367201426,78.5951727128198,2,0.0579447064768781
1671,0.255258467023173,78.6421448186154,2,0.052621326223698
1672,0.262745098039216,78.6891169244111,2,0.0475287541523625
1673,0.266666666666667,78.7360890302067,2,0.0455754120927234
1674,0.268092691622103,78.7830611360023,2,0.0449728132130926
1675,0.266310160427807,78.830033241798,2,0.0457347656087041
1676,0.261675579322638,78.8770053475936,2,0.0481413085598955
1677,0.257040998217469,78.9239774533892,2,0.0512300076573834
1678,0.257397504456328,78.9709495591849,2,0.0509659338946457
1679,0.266310160427807,79.0179216649805,2,0.0457347656087041
1680,0.274153297682709,79.0648937707761,2,0.0429980450141216
1681,0.271301247771836,79.1118658765718,2,0.0438129275961263
1682,0.275579322638146,79.1588379823674,2,0.0426634457108036
1683,0.277361853832442,79.205810088163,2,0.0423113812587141
1684,0.27807486631016,79.2527821939587,2,0.0421907934137444
1685,0.276292335115865,79.2997542997543,2,0.0425138820583927
1686,0.277718360071301,79.3467264055499,2,0.042249654102186
1687,0.280570409982175,79.3936985113456,2,0.0418581564093423
1688,0.281639928698752,79.4406706171412,2,0.0417576447198518
1689,0.279857397504456,79.4876427229369,2,0.0419391135680977
1690,0.27843137254902,79.5346148287325,2,0.0421347879747758
1691,0.277361853832442,79.5815869345281,2,0.0423113812587141
1692,0.279857397504456,79.6285590403238,2,0.0419391135680977
1693,0.279857397504456,79.6755311461194,2,0.0419391135680977
1694,0.281996434937611,79.722503251915,2,0.0417296946156144
1695,0.281283422459893,79.7694753577107,2,0.0417883677481324
1696,0.280213903743316,79.8164474635063,2,0.0418972352835395
1697,0.279144385026738,79.8634195693019,2,0.0420313007234206
1698,0.282352941176471,79.9103916750976,2,0.0417045121372238
1699,0.285918003565062,79.9573637808932,2,0.0416041158365032
1700,0.285561497326203,80.0043358866888,2,0.0416017982712025
1701,0.28270944741533,80.0513079924845,2,0.0416820925125841
1702,0.27843137254902,80.0982800982801,2,0.0421347879747758
1703,0.27807486631016,80.1452522040757,2,0.0421907934137444
1704,0.277718360071301,80.1922243098714,2,0.042249654102186
1705,0.277718360071301,80.239196415667,2,0.042249654102186
1706,0.277361853832442,80.2861685214627,2,0.0423113812587141
1707,0.276292335115865,80.3331406272583,2,0.0425138820583927
1708,0.275935828877005,80.3801127330539,2,0.0425871984116243
1709,0.275935828877005,80.4270848388496,2,0.0425871984116243
1710,0.275579322638146,80.4740569446452,2,0.0426634457108036
1711,0.272370766488414,80.5210290504408,2,0.043484165171336
1712,0.270588235294118,80.5680011562365,2,0.0440479026410585
1713,0.265597147950089,80.6149732620321,2,0.0460641348880686
1714,0.270944741532977,80.6619453678277,2,0.0439288203315882
1715,0.281283422459893,80.7089174736234,2,0.0417883677481324
1716,0.288413547237077,80.755889579419,2,0.0416972564246667
1717,0.293048128342246,80.8028616852146,2,0.0422310744563635
1718,0.29554367201426,80.8498337910103,2,0.0427177368652416
1719,0.296613190730838,80.8968058968059,2,0.0429703658264209
1720,0.298395721925134,80.9437780026015,2,0.043451747905269
1721,0.291622103386809,80.9907501083972,2,0.0420162518966323
1722,0.291622103386809,81.0377222141928,2,0.0420162518966323
1723,0.297326203208556,81.0846943199885,2,0.043153780360425
1724,0.304099821746881,81.1316664257841,2,0.04552665643599
1725,0.30445632798574,81.1786385315797,2,0.0456849163517139
1726,0.296969696969697,81.2256106373754,2,0.0430605622065133
1727,0.290552584670232,81.272582743171,2,0.041884803923812
1728,0.289483065953654,81.3195548489666,2,0.0417785326069888
1729,0.28270944741533,81.3665269547623,2,0.0416820925125841
1730,0.280926916221034,81.4134990605579,2,0.0418218695262667
1731,0.278787878787879,81.4604711663535,2,0.0420816271177998
1732,0.277718360071301,81.5074432721492,2,0.042249654102186
1733,0.281283422459893,81.5544153779448,2,0.0417883677481324
1734,0.284848484848485,81.6013874837404,2,0.0416053934328681
1735,0.289839572192513,81.6483595895361,2,0.0418111710636578
1736,0.293761140819964,81.6953316953317,2,0.0423556210312152
1737,0.301960784313725,81.7423038011273,2,0.044649602300174
1738,0.301960784313725,81.789275906923,2,0.044649602300174
1739,0.301247771836007,81.8362480127186,2,0.0443841873151129
1740,0.299465240641711,81.8832201185142,2,0.0437775938345742
1741,0.30017825311943,81.9301922243099,2,0.0440105906241948
1742,0.29554367201426,81.9771643301055,2,0.0427177368652416
1743,0.285561497326203,82.0241364359012,2,0.0416017982712025
1744,0.274866310160428,82.0711085416968,2,0.0428247921172951
1745,0.25668449197861,82.1180806474924,2,0.0514987362425697
1746,0.24777183600713,82.1650527532881,2,0.0599125643894444
1747,0.235294117647059,82.2120248590837,2,0.0789640594862739
1748,0.225311942959002,82.2589969648793,2,0.103534426560596
1749,0.219251336898396,82.305969070675,2,0.124407409878215
1750,0.216755793226381,82.3529411764706,2,0.13467565651305
1751,0.21283422459893,82.3999132822662,2,0.153130028336651
1752,0.209982174688057,82.4468853880619,2,0.168547355003344
1753,0.226737967914439,82.4938574938575,2,0.0993540294017617
1754,0.227094474153298,82.5408295996532,2,0.0983479079010686
1755,0.225668449197861,82.5878017054488,2,0.102465475304575
1756,0.226737967914439,82.6347738112444,2,0.0993540294017617
1757,0.224242424242424,82.68174591704,2,0.106840033805127
1758,0.222816399286988,82.7287180228357,2,0.111487183755526
1759,0.22174688057041,82.7756901286313,2,0.115161280544945
1760,0.220320855614973,82.822662234427,2,0.120325466747512
1761,0.23030303030303,82.8696343402226,2,0.0899476823508696
1762,0.227807486631016,82.9166064460182,2,0.0963808426446485
1763,0.221390374331551,82.9635785518139,2,0.11642334412553
1764,0.210695187165775,83.0105506576095,2,0.164523890047979
1765,0.201069518716578,83.0575227634051,2,0.22963360692238
1766,0.194652406417112,83.1044948692008,2,0.287790651865545
1767,0.194295900178253,83.1514669749964,2,0.29140242266571
1768,0.194652406417112,83.198439080792,2,0.287790651865545
1769,0.197147950089127,83.2454111865877,2,0.263645907563373
1770,0.203208556149733,83.2923832923833,2,0.213015864982375
1771,0.212477718360071,83.3393553981789,2,0.154960543073245
1772,0.221390374331551,83.3863275039746,2,0.11642334412553
1773,0.224242424242424,83.4332996097702,2,0.106840033805127
1774,0.223172905525847,83.4802717155658,2,0.110298956933863
1775,0.215686274509804,83.5272438213615,2,0.139414871771418
1776,0.209982174688057,83.5742159271571,2,0.168547355003344
1777,0.20891265597148,83.6211880329528,2,0.174803507241382
1778,0.20891265597148,83.6681601387484,2,0.174803507241382
1779,0.209982174688057,83.715132244544,2,0.168547355003344
1780,0.213547237076649,83.7621043503397,2,0.149548423319507
1781,0.214973262032086,83.8090764561353,2,0.1426934980181
1782,0.21319073083779,83.8560485619309,2,0.15132610125974
1783,0.207130124777184,83.9030206677266,2,0.185842860892558
1784,0.203565062388592,83.9499927735222,2,0.210373200428921
1785,0.196791443850267,83.9969648793178,2,0.266974022425607
1786,0.201426024955437,84.0439369851135,2,0.226771811067874
1787,0.20855614973262,84.0909090909091,2,0.17694920625516
1788,0.212121212121212,84.1378811967047,2,0.156817985672745
1789,0.20891265597148,84.1848533025004,2,0.174803507241382
1790,0.19572192513369,84.231825408296,2,0.27719989678805
1791,0.179679144385027,84.2787975140917,2,0.472641225876226
1792,0.168983957219251,84.3257696198873,1,0.630359859591455
1793,0.127629233511586,84.3727417256829,1,0.973502536502305
1794,0.0994652406417112,84.4197138314785,1,0.998023918340907
1795,0.0705882352941176,84.4666859372742,1,0.999913707263168
1796,0.0648841354723708,84.5136580430698,1,0.999955941110266
1797,0.0684491978609626,84.5606301488655,1,0.999932796120085
1798,0.0745098039215686,84.6076022546611,1,0.999864407012387
1799,0.0827094474153298,84.6545743604567,1,0.999660470341301
1800,0.0926916221033868,84.7015464662524,1,0.999012198370591
1801,0.116221033868093,84.748518572048,1,0.990182315251235
1802,0.119429590017825,84.7954906778436,1,0.986907818820623
1803,0.127629233511586,84.8424627836393,1,0.973502536502305
1804,0.138324420677362,84.8894348894349,1,0.938260501276282
1805,0.151158645276292,84.9364069952305,1,0.851137057463874
1806,0.162566844919786,84.9833791010262,1,0.721008185811747
1807,0.169340463458111,85.0303512068218,1,0.625115799613936
1808,0.170409982174688,85.0773233126175,1,0.609309102520185
1809,0.17397504456328,85.1242954184131,1,0.556222611138865
1810,0.176470588235294,85.1712675242087,1,0.519226770971293
1811,0.179322638146168,85.2182396300043,2,0.47774005623201
1812,0.183957219251337,85.2652117358,2,0.413496942521145
1813,0.186096256684492,85.3121838415956,2,0.38560988307291
1814,0.188235294117647,85.3591559473913,2,0.3590239354392
1815,0.190374331550802,85.4061280531869,2,0.333827284788788
1816,0.190374331550802,85.4531001589825,2,0.333827284788788
1817,0.198930481283422,85.5000722647782,2,0.247601781995905
1818,0.204634581105169,85.5470443705738,2,0.202656660056607
1819,0.21283422459893,85.5940164763694,2,0.153130028336651
1820,0.221033868092692,85.6409885821651,2,0.117704544282493
1821,0.226381461675579,85.6879606879607,2,0.100375510945412
1822,0.23030303030303,85.7349327937563,2,0.0899476823508696
1823,0.233155080213904,85.781904899552,2,0.0833863945334798
1824,0.235650623885918,85.8288770053476,2,0.0782655476404335
1825,0.236007130124777,85.8758491111432,2,0.0775776178915898
1826,0.2349376114082,85.9228212169389,2,0.0796733116730506
1827,0.233511586452763,85.9697933227345,2,0.0826209776392116
1828,0.231016042780749,86.0167654285301,2,0.0882317905080514
1829,0.23030303030303,86.0637375343258,2,0.0899476823508696
1830,0.229233511586453,86.1107096401214,2,0.0926212795678123
1831,0.229233511586453,86.1576817459171,2,0.0926212795678123
1832,0.229946524064171,86.2046538517127,2,0.0908253810511028
1833,0.240998217468806,86.2516259575083,2,0.06897485550607
1834,0.243137254901961,86.298598063304,2,0.0658186491056242
1835,0.244919786096257,86.3455701690996,2,0.0634038375713656
1836,0.244919786096257,86.3925422748952,2,0.0634038375713656
1837,0.244563279857398,86.4395143806909,2,0.0638718688557507
1838,0.246345811051693,86.4864864864865,2,0.0616032808600155
1839,0.249197860962567,86.5334585922821,2,0.0583258043584955
1840,0.252406417112299,86.5804306980778,2,0.0551078903872198
1841,0.250980392156863,86.6274028038734,2,0.0564802253755426
1842,0.249197860962567,86.674374909669,2,0.0583258043584955
1843,0.246702317290553,86.7213470154647,2,0.0611705411194523
1844,0.24349376114082,86.7683191212603,2,0.0653205428441643
1845,0.238502673796791,86.815291227056,2,0.0730456320043107
1846,0.237076648841355,86.8622633328516,2,0.0755757760110533
1847,0.238859180035651,86.9092354386472,2,0.0724369552179529
1848,0.23921568627451,86.9562075444428,2,0.071837544970447
1849,0.239572192513369,87.0031796502385,2,0.0712472666157434
1850,0.242067736185383,87.0501517560341,2,0.0673601550398578
1851,0.242067736185383,87.0971238618298,2,0.0673601550398578
1852,0.236363636363636,87.1440959676254,2,0.0769001144892598
1853,0.223172905525847,87.191068073421,2,0.110298956933863
1854,0.203921568627451,87.2380401792167,2,0.207765990912991
1855,0.184670231729055,87.2850122850123,2,0.404063591013692
1856,0.172905525846702,87.3319843908079,1,0.572165565995
1857,0.153654188948307,87.3789564966036,1,0.826901083601485
1858,0.119429590017825,87.4259286023992,1,0.986907818820623
1859,0.104099821746881,87.4729007081948,1,0.996870885972308
1860,0.0909090909090909,87.5198728139905,1,0.999180421135623
1861,0.0509803921568627,87.5668449197861,1,0.999992050296829
1862,0.0221033868092692,87.6138170255818,1,0.999999837622875
1863,0.0160427807486631,87.6607891313774,1,0.999999932239307
1864,0.00962566844919786,87.707761237173,1,0.999999973715982
1865,0.0089126559714795,87.7547333429686,1,0.999999976373703
1866,0.00606060606060606,87.8017054487643,1,0.999999984617885
1867,0.00819964349376114,87.8486775545599,1,0.999999978768531
1868,0.0174688057040998,87.8956496603556,1,0.999999916620374
1869,0.0374331550802139,87.9426217661512,1,0.999998644786676
1870,0.0631016042780749,87.9895938719468,1,0.999964417927516
1871,0.0959001782531194,88.0365659777425,1,0.998623766587409
1872,0.119786096256684,88.0835380835381,1,0.986487777969066
1873,0.111942959001783,88.1305101893337,1,0.993377007625881
1874,0.126916221033868,88.1774822951294,1,0.975032675475411
1875,0.138680926916221,88.224454400925,1,0.936597200363748
1876,0.153297682709447,88.2714265067206,1,0.830516257730465
1877,0.171836007130125,88.3183986125163,1,0.588110064011589
1878,0.1825311942959,88.3653707183119,2,0.432751399675161
1879,0.18680926916221,88.4123428241075,2,0.376598257000457
1880,0.197147950089127,88.4593149299032,2,0.263645907563373
1881,0.205347593582888,88.5062870356988,2,0.197685278899376
1882,0.20855614973262,88.5532591414945,2,0.17694920625516
1883,0.212477718360071,88.6002312472901,2,0.154960543073245
1884,0.215329768270945,88.6472033530857,2,0.141042055017344
1885,0.21319073083779,88.6941754588814,2,0.15132610125974
1886,0.214973262032086,88.741147564677,2,0.1426934980181
1887,0.2174688057041,88.7881196704726,2,0.131631612598901
1888,0.220320855614973,88.8350917762683,2,0.120325466747512
1889,0.235650623885918,88.8820638820639,2,0.0782655476404335
1890,0.241711229946524,88.9290359878595,2,0.0678900992893204
1891,0.252762923351159,88.9760080936552,2,0.0547786503255093
1892,0.263458110516934,89.0229801994508,2,0.0471399566294933
1893,0.271657754010695,89.0699523052464,2,0.0437002019488884
1894,0.275579322638146,89.1169244110421,2,0.0426634457108036
1895,0.277005347593583,89.1638965168377,2,0.0423759866562815
1896,0.277718360071301,89.2108686226333,2,0.042249654102186
1897,0.282352941176471,89.257840728429,2,0.0417045121372238
1898,0.281283422459893,89.3048128342246,2,0.0417883677481324
1899,0.27843137254902,89.3517849400203,2,0.0421347879747758
1900,0.276292335115865,89.3987570458159,2,0.0425138820583927
1901,0.27379679144385,89.4457291516115,2,0.0430891776231117
1902,0.272014260249554,89.4927012574071,2,0.0435906215444182
1903,0.269875222816399,89.5396733632028,2,0.0442957291655921
1904,0.268805704099822,89.5866454689984,2,0.0446919904502777
1905,0.27379679144385,89.6336175747941,2,0.0430891776231117
1906,0.260606060606061,89.6805896805897,2,0.0487900844489964
1907,0.253119429590018,89.7275617863853,2,0.0544548065800749
1908,0.24777183600713,89.774533892181,2,0.0599125643894444
1909,0.236007130124777,89.8215059979766,2,0.0775776178915898
1910,0.233155080213904,89.8684781037722,2,0.0833863945334798
1911,0.236363636363636,89.9154502095679,2,0.0769001144892598
1912,0.231372549019608,89.9624223153635,2,0.0873932078736503
1913,0.227807486631016,90.0093944211591,2,0.0963808426446485
1914,0.224242424242424,90.0563665269548,2,0.106840033805127
1915,0.223529411764706,90.1033386327504,2,0.109128527899563
1916,0.226737967914439,90.1503107385461,2,0.0993540294017617
1917,0.227450980392157,90.1972828443417,2,0.0973569200698169
1918,0.22174688057041,90.2442549501373,2,0.115161280544945
1919,0.211408199643494,90.2912270559329,2,0.160615022882782
1920,0.203565062388592,90.3381991617286,2,0.210373200428921
1921,0.196791443850267,90.3851712675242,2,0.266974022425607
1922,0.196078431372549,90.4321433733199,2,0.273750879430953
1923,0.19572192513369,90.4791154791155,2,0.27719989678805
1924,0.198930481283422,90.5260875849111,2,0.247601781995905
1925,0.206060606060606,90.5730596907068,2,0.192849198162725
1926,0.214260249554367,90.6200317965024,2,0.146070469894154
1927,0.220677361853832,90.667003902298,2,0.119005158332037
1928,0.223885918003565,90.7139760080937,2,0.107975638503528
1929,0.219251336898396,90.7609481138893,2,0.124407409878215
1930,0.220677361853832,90.8079202196849,2,0.119005158332037
1931,0.224242424242424,90.8548923254806,2,0.106840033805127
1932,0.225668449197861,90.9018644312762,2,0.102465475304575
1933,0.225668449197861,90.9488365370718,2,0.102465475304575
1934,0.222459893048128,90.9958086428675,2,0.112693469722017
1935,0.223885918003565,91.0427807486631,2,0.107975638503528
1936,0.224242424242424,91.0897528544588,2,0.106840033805127
1937,0.2349376114082,91.1367249602544,2,0.0796733116730506
1938,0.2349376114082,91.18369706605,2,0.0796733116730506
1939,0.233511586452763,91.2306691718457,2,0.0826209776392116
1940,0.228163992869875,91.2776412776413,2,0.0954194554546018
1941,0.222816399286988,91.3246133834369,2,0.111487183755526
1942,0.226381461675579,91.3715854892326,2,0.100375510945412
1943,0.2349376114082,91.4185575950282,2,0.0796733116730506
1944,0.243137254901961,91.4655297008238,2,0.0658186491056242
1945,0.237076648841355,91.5125018066195,2,0.0755757760110533
1946,0.236720142602496,91.5594739124151,2,0.0762328841466821
1947,0.237789661319073,91.6064460182107,2,0.0742913349406445
1948,0.243137254901961,91.6534181240064,2,0.0658186491056242
1949,0.249910873440285,91.700390229802,2,0.0575696793910372
1950,0.258467023172906,91.7473623355976,2,0.0502011018235606
1951,0.264171122994652,91.7943344413933,2,0.0467664510931315
1952,0.267023172905526,91.8413065471889,2,0.045419570456808
1953,0.262745098039216,91.8882786529846,2,0.0475287541523625
1954,0.260249554367201,91.9352507587802,2,0.0490145944025892
1955,0.260606060606061,91.9822228645758,2,0.0487900844489964
1956,0.263101604278075,92.0291949703715,2,0.0473324247231341
1957,0.264527629233512,92.0761670761671,2,0.0465853390309569
1958,0.264527629233512,92.1231391819627,2,0.0465853390309569
1959,0.258110516934046,92.1701112877584,2,0.0504515339077752
1960,0.253119429590018,92.217083393554,2,0.0544548065800749
1961,0.254545454545455,92.2640554993496,2,0.0532120466169336
1962,0.248484848484849,92.3110276051453,2,0.0591065416470222
1963,0.238146167557932,92.3579997109409,2,0.0736637122022718
1964,0.22174688057041,92.4049718167365,2,0.115161280544945
1965,0.203208556149733,92.4519439225322,2,0.213015864982375
1966,0.180392156862745,92.4989160283278,2,0.462513034381186
1967,0.160427807486631,92.5458881341234,1,0.748944540802986
1968,0.146880570409982,92.5928602399191,1,0.886903162254415
1969,0.144385026737968,92.6398323457147,1,0.904509646340376
1970,0.136898395721925,92.6868044515104,1,0.944549928752881
1971,0.137611408199643,92.733776557306,1,0.941476831959126
1972,0.136185383244207,92.7807486631016,1,0.947484354538795
1973,0.134402852049911,92.8277207688973,1,0.954243618452879
1974,0.141532976827094,92.8746928746929,1,0.921893378846401
1975,0.154367201426025,92.9216649804885,1,0.819518848598696
1976,0.155793226381462,92.9686370862842,1,0.804152882170124
1977,0.163279857397504,93.0156091920798,1,0.711396770729842
1978,0.15650623885918,93.0625812978754,1,0.796173809987046
1979,0.15650623885918,93.1095534036711,1,0.796173809987046
1980,0.165775401069519,93.1565255094667,1,0.676739491320735
1981,0.17397504456328,93.2034976152623,1,0.556222611138865
1982,0.182887700534759,93.250469721058,2,0.427891054715119
1983,0.2,93.2974418268536,2,0.238445271457884
1984,0.218538324420677,93.3444139326492,2,0.127232459335387
1985,0.217112299465241,93.3913860384449,2,0.133142300997542
1986,0.223529411764706,93.4383581442405,2,0.109128527899563
1987,0.232085561497326,93.4853302500361,2,0.0857538169693488
1988,0.241711229946524,93.5323023558318,2,0.0678900992893204
1989,0.249197860962567,93.5792744616274,2,0.0583258043584955
1990,0.258823529411765,93.6262465674231,2,0.0499551128118862
1991,0.270944741532977,93.6732186732187,2,0.0439288203315882
1992,0.277718360071301,93.7201907790143,2,0.042249654102186
1993,0.281283422459893,93.76716288481,2,0.0417883677481324
1994,0.291978609625668,93.8141349906056,2,0.0420657003018588
1995,0.305169340463458,93.8611070964012,2,0.0460120686536307
1996,0.309090909090909,93.9080792021969,2,0.0480762584447133
1997,0.307664884135472,93.9550513079925,2,0.0472722613046874
1998,0.305169340463458,94.0020234137881,2,0.0460120686536307
1999,0.310873440285205,94.0489955195838,2,0.0491718492628153
2000,0.316934046345811,94.0959676253794,2,0.0537268453969542
2001,0.319073083778966,94.142939731175,2,0.0556766134515563
2002,0.324777183600713,94.1899118369707,2,0.0619056680621927
2003,0.32620320855615,94.2368839427663,2,0.0637257850829765
2004,0.32156862745098,94.2838560485619,2,0.0582068373909787
2005,0.318360071301248,94.3308281543576,2,0.0550050956700566
2006,0.316577540106952,94.3778002601532,2,0.0534203851438414
2007,0.31301247771836,94.4247723659489,2,0.0506268340171366
2008,0.30873440285205,94.4717444717445,2,0.0478693459735834
2009,0.309447415329768,94.5187165775401,2,0.0482871818115141
2010,0.306238859180036,94.5656886833358,2,0.0465298693467827
2011,0.300534759358289,94.6126607891314,2,0.0441318857365875
2012,0.29554367201426,94.659632894927,2,0.0427177368652416
2013,0.293761140819964,94.7066050007227,2,0.0423556210312152
2014,0.294117647058824,94.7535771065183,2,0.0424222182656571
2015,0.296613190730838,94.8005492123139,2,0.0429703658264209
2016,0.297682709447415,94.8475213181096,2,0.0432500382297032
2017,0.294830659536542,94.8944934239052,2,0.0425641242185355
2018,0.296969696969697,94.9414655297008,2,0.0430605622065133
2019,0.302673796791444,94.9884376354965,2,0.0449283380445678
2020,0.307664884135472,95.0354097412921,2,0.0472722613046874
2021,0.308377896613191,95.0823818470877,2,0.0476664027016535
2022,0.30445632798574,95.1293539528834,2,0.0456849163517139
2023,0.295900178253119,95.176326058679,2,0.042798969610294
2024,0.289483065953654,95.2232981644747,2,0.0417785326069888
2025,0.282352941176471,95.2702702702703,2,0.0417045121372238
2026,0.275579322638146,95.3172423760659,2,0.0426634457108036
2027,0.267736185383244,95.3642144818616,2,0.0451183006518891
2028,0.259893048128342,95.4111865876572,2,0.0492433052226
2029,0.25632798573975,95.4581586934528,2,0.0517721752073187
2030,0.257397504456328,95.5051307992485,2,0.0509659338946457
2031,0.257040998217469,95.5521029050441,2,0.0512300076573834
2032,0.258110516934046,95.5990750108397,2,0.0504515339077752
2033,0.268092691622103,95.6460471166354,2,0.0449728132130926
2034,0.269162210338681,95.693019222431,2,0.0445566001117059
2035,0.272370766488414,95.7399913282266,2,0.043484165171336
2036,0.274153297682709,95.7869634340223,2,0.0429980450141216
2037,0.27379679144385,95.8339355398179,2,0.0430891776231117
2038,0.274866310160428,95.8809076456135,2,0.0428247921172951
2039,0.276648841354724,95.9278797514092,2,0.0424434826255456
2040,0.279857397504456,95.9748518572048,2,0.0419391135680977
2041,0.284135472370766,96.0218239630004,2,0.0416199654510232
2042,0.287700534759358,96.0687960687961,2,0.0416568882548967
2043,0.289839572192513,96.1157681745917,2,0.0418111710636578
2044,0.290552584670232,96.1627402803874,2,0.041884803923812
2045,0.295187165775401,96.209712386183,2,0.0426394600665594
2046,0.29982174688057,96.2566844919786,2,0.0438925009672099
2047,0.298039215686275,96.3036565977743,2,0.0433493543597783
2048,0.293761140819964,96.3506287035699,2,0.0423556210312152
2049,0.28698752228164,96.3976008093655,2,0.0416275359385478
2050,0.275222816399287,96.4445729151612,2,0.0427426385542663
2051,0.275222816399287,96.4915450209568,2,0.0427426385542663
2052,0.278787878787879,96.5385171267524,2,0.0420816271177998
2053,0.275579322638146,96.5854892325481,2,0.0426634457108036
2054,0.277005347593583,96.6324613383437,2,0.0423759866562815
2055,0.282352941176471,96.6794334441393,2,0.0417045121372238
2056,0.280213903743316,96.726405549935,2,0.0418972352835395
2057,0.280570409982175,96.7733776557306,2,0.0418581564093423
2058,0.281283422459893,96.8203497615262,2,0.0417883677481324
2059,0.283422459893048,96.8673218673219,2,0.0416455253586508
2060,0.283422459893048,96.9142939731175,2,0.0416455253586508
2061,0.283065953654189,96.9612660789132,2,0.0416624314943373
2062,0.283065953654189,97.0082381847088,2,0.0416624314943373
2063,0.280926916221034,97.0552102905044,2,0.0418218695262667
2064,0.280570409982175,97.1021823963001,2,0.0418581564093423
2065,0.271657754010695,97.1491545020957,2,0.0437002019488884
2066,0.274153297682709,97.1961266078913,2,0.0429980450141216
2067,0.274153297682709,97.243098713687,2,0.0429980450141216
2068,0.270588235294118,97.2900708194826,2,0.0440479026410585
2069,0.268449197860963,97.3370429252782,2,0.044830719097829
2070,0.264527629233512,97.3840150310739,2,0.0465853390309569
2071,0.25668449197861,97.4309871368695,2,0.0514987362425697
2072,0.249197860962567,97.4779592426651,2,0.0583258043584955
2073,0.242067736185383,97.5249313484608,2,0.0673601550398578
2074,0.242067736185383,97.5719034542564,2,0.0673601550398578
2075,0.241711229946524,97.618875560052,2,0.0678900992893203
2076,0.247415329768271,97.6658476658477,2,0.0603252747770023
2077,0.254545454545455,97.7128197716433,2,0.0532120466169336
2078,0.263814616755793,97.759791877439,2,0.0469513113255577
2079,0.272014260249554,97.8067639832346,2,0.0435906215444182
2080,0.275935828877005,97.8537360890302,2,0.0425871984116243
2081,0.270588235294118,97.9007081948259,2,0.0440479026410585
2082,0.268805704099822,97.9476803006215,2,0.0446919904502777
2083,0.270231729055258,97.9946524064171,2,0.0441701976570837
2084,0.272727272727273,98.0416245122128,2,0.0433808122462695
2085,0.272014260249554,98.0885966180084,2,0.0435906215444182
2086,0.269162210338681,98.135568723804,2,0.0445566001117059
2087,0.272014260249554,98.1825408295997,2,0.0435906215444182
2088,0.278787878787879,98.2295129353953,2,0.0420816271177998
2089,0.281283422459893,98.2764850411909,2,0.0417883677481324
2090,0.287700534759358,98.3234571469866,2,0.0416568882548967
2091,0.29126559714795,98.3704292527822,2,0.0419696255179454
2092,0.290196078431373,98.4174013585778,2,0.041846592595566
2093,0.289126559714795,98.4643734643735,2,0.0417486710349733
2094,0.28698752228164,98.5113455701691,2,0.0416275359385478
2095,0.281639928698752,98.5583176759647,2,0.0417576447198518
2096,0.275222816399287,98.6052897817604,2,0.0427426385542663
2097,0.280570409982175,98.652261887556,2,0.0418581564093423
2098,0.277005347593583,98.6992339933517,2,0.0423759866562815
2099,0.275222816399287,98.7462060991473,2,0.0427426385542663
2100,0.272727272727273,98.7931782049429,2,0.0433808122462695
2101,0.26951871657754,98.8401503107386,2,0.0444245216126999
2102,0.268092691622103,98.8871224165342,2,0.0449728132130926
2103,0.274866310160428,98.9340945223298,2,0.0428247921172951
2104,0.283422459893048,98.9810666281255,2,0.0416455253586508
2105,0.281639928698752,99.0280387339211,2,0.0417576447198518
2106,0.28698752228164,99.0750108397167,2,0.0416275359385478
2107,0.288770053475936,99.1219829455124,2,0.0417215806857703
2108,0.286631016042781,99.168955051308,2,0.041616983452478
2109,0.289483065953654,99.2159271571036,2,0.0417785326069888
2110,0.293048128342246,99.2628992628993,2,0.0422310744563635
2111,0.28698752228164,99.3098713686949,2,0.0416275359385478
2112,0.277718360071301,99.3568434744905,2,0.042249654102186
2113,0.268805704099822,99.4038155802862,2,0.0446919904502777
2114,0.25204991087344,99.4507876860818,2,0.0554425963726971
2115,0.239572192513369,99.4977597918775,2,0.0712472666157433
2116,0.231372549019608,99.5447318976731,2,0.0873932078736503
2117,0.223529411764706,99.5917040034687,2,0.109128527899563
2118,0.219251336898396,99.6386761092644,2,0.124407409878216
2119,0.210338680926916,99.68564821506,2,0.166521124259266
2120,0.196791443850267,99.7326203208556,2,0.266974022425607
2121,0.193939393939394,99.7795924266513,2,0.295055054777713
2122,0.188948306595365,99.8265645324469,2,0.350467324722219
2123,0.186452762923351,99.8735366382425,2,0.381085720730076
2124,0.184313725490196,99.9205087440382,2,0.408763554698108
2125,0.175757575757576,99.9674808498338,1,0.529750815064131
2126,0.155793226381462,100.014452955629,1,0.804152882170124
2127,0.138680926916221,100.061425061425,1,0.936597200363748
2128,0.128342245989305,100.108397167221,1,0.971888846583434
2129,0.128342245989305,100.155369273016,1,0.971888846583434
2130,0.13475935828877,100.202341378812,1,0.952955418844474
2131,0.142602495543672,100.249313484608,1,0.915702828474417
2132,0.153654188948307,100.296285590403,1,0.826901083601485
2133,0.162566844919786,100.343257696199,1,0.721008185811747
2134,0.170053475935829,100.390229801995,1,0.614589074146404
2135,0.175044563279857,100.43720190779,1,0.540316829943062
2136,0.177183600713012,100.484174013586,1,0.508754422500141
2137,0.174688057040998,100.531146119381,1,0.545612461857433
2138,0.170766488413547,100.578118225177,1,0.604019860818497
2139,0.171122994652406,100.625090330973,1,0.59872270376768
2140,0.174331550802139,100.672062436768,1,0.55091481782757
2141,0.176114081996435,100.719034542564,1,0.52448293208368
2142,0.17825311942959,100.76600664836,2,0.4931633449116
2143,0.18680926916221,100.812978754155,2,0.376598257000457
2144,0.196434937611408,100.859950859951,2,0.270342298194369
2145,0.197504456327986,100.906922965747,2,0.26035779568449
2146,0.207130124777184,100.953895071542,2,0.185842860892558
2147,0.219251336898396,101.000867177338,2,0.124407409878215
2148,0.226737967914439,101.047839283133,2,0.0993540294017617
2149,0.236720142602496,101.094811388929,2,0.0762328841466821
2150,0.247058823529412,101.141783494725,2,0.0607445699909669
2151,0.252406417112299,101.18875560052,2,0.0551078903872198
2152,0.251693404634581,101.235727706316,2,0.0557828391769409
2153,0.255971479500891,101.282699812112,2,0.0520503811873
2154,0.253475935828877,101.329671917907,2,0.0541362908119072
2155,0.255614973262032,101.376644023703,2,0.0523334119125725
2156,0.260249554367201,101.423616129498,2,0.0490145944025892
2157,0.262388591800357,101.470588235294,2,0.0477289843017269
2158,0.263101604278075,101.51756034109,2,0.0473324247231341
2159,0.266666666666667,101.564532446885,2,0.0455754120927234
2160,0.270588235294118,101.611504552681,2,0.0440479026410585
2161,0.271657754010695,101.658476658477,2,0.0437002019488884
2162,0.272727272727273,101.705448764272,2,0.0433808122462695
2163,0.275222816399287,101.752420870068,2,0.0427426385542663
2164,0.276292335115865,101.799392975864,2,0.0425138820583927
2165,0.27379679144385,101.846365081659,2,0.0430891776231117
2166,0.26951871657754,101.893337187455,2,0.0444245216126999
2167,0.264884135472371,101.94030929325,2,0.046407939044193
2168,0.262388591800357,101.987281399046,2,0.0477289843017269
2169,0.260606060606061,102.034253504842,2,0.0487900844489964
2170,0.259536541889483,102.081225610637,2,0.0494762634266309
2171,0.255258467023173,102.128197716433,2,0.052621326223698
2172,0.248128342245989,102.175169822229,2,0.0595063493260242
2173,0.239928698752228,102.222141928024,2,0.0706659877052685
2174,0.233868092691622,102.26911403382,2,0.0818671307430452
2175,0.229233511586453,102.316086139616,2,0.0926212795678123
2176,0.226737967914439,102.363058245411,2,0.0993540294017617
2177,0.227450980392157,102.410030351207,2,0.0973569200698169
2178,0.229233511586453,102.457002457002,2,0.0926212795678123
2179,0.231729055258467,102.503974562798,2,0.0865672792270691
2180,0.23458110516934,102.550946668594,2,0.080393464967845
2181,0.238859180035651,102.597918774389,2,0.0724369552179529
2182,0.249197860962567,102.644890880185,2,0.0583258043584955
2183,0.259180035650624,102.691862985981,2,0.0497135164805449
2184,0.266310160427807,102.738835091776,2,0.0457347656087041
2185,0.265597147950089,102.785807197572,2,0.0460641348880686
2186,0.270231729055258,102.832779303368,2,0.0441701976570837
2187,0.273083778966132,102.879751409163,2,0.0432805428079639
2188,0.274866310160428,102.926723514959,2,0.0428247921172951
2189,0.277718360071301,102.973695620754,2,0.042249654102186
2190,0.281283422459893,103.02066772655,2,0.0417883677481324
2191,0.286274509803922,103.067639832346,2,0.0416091772442929
2192,0.289483065953654,103.114611938141,2,0.0417785326069888
2193,0.286631016042781,103.161584043937,2,0.041616983452478
2194,0.280926916221034,103.208556149733,2,0.0418218695262667
2195,0.275935828877005,103.255528255528,2,0.0425871984116243
2196,0.277005347593583,103.302500361324,2,0.0423759866562815
2197,0.277361853832442,103.34947246712,2,0.0423113812587141
2198,0.276292335115865,103.396444572915,2,0.0425138820583927
2199,0.278787878787879,103.443416678711,2,0.0420816271177998
2200,0.284491978609626,103.490388784506,2,0.0416113068402193
2201,0.27843137254902,103.537360890302,2,0.0421347879747758
2202,0.281283422459893,103.584332996098,2,0.0417883677481324
2203,0.284848484848485,103.631305101893,2,0.0416053934328681
2204,0.287700534759358,103.678277207689,2,0.0416568882548967
2205,0.288770053475936,103.725249313485,2,0.0417215806857703
2206,0.290909090909091,103.77222141928,2,0.0419258123019267
2207,0.291622103386809,103.819193525076,2,0.0420162518966323
2208,0.290196078431373,103.866165630872,2,0.041846592595566
2209,0.290552584670232,103.913137736667,2,0.041884803923812
2210,0.288057040998217,103.960109842463,2,0.0416756936426108
2211,0.288057040998217,104.007081948258,2,0.0416756936426108
2212,0.29126559714795,104.054054054054,2,0.0419696255179454
2213,0.294830659536542,104.10102615985,2,0.0425641242185355
2214,0.293048128342246,104.147998265645,2,0.0422310744563635
2215,0.284848484848485,104.194970371441,2,0.0416053934328681
2216,0.277005347593583,104.241942477237,2,0.0423759866562815
2217,0.277718360071301,104.288914583032,2,0.042249654102186
2218,0.273083778966132,104.335886688828,2,0.0432805428079639
2219,0.268449197860963,104.382858794624,2,0.044830719097829
2220,0.262388591800357,104.429830900419,2,0.0477289843017269
2221,0.258467023172906,104.476803006215,2,0.0502011018235606
2222,0.257397504456328,104.52377511201,2,0.0509659338946457
2223,0.257040998217469,104.570747217806,2,0.0512300076573834
2224,0.257040998217469,104.617719323602,2,0.0512300076573834
2225,0.258110516934046,104.664691429397,2,0.0504515339077752
2226,0.263458110516934,104.711663535193,2,0.0471399566294933
2227,0.272014260249554,104.758635640989,2,0.0435906215444182
2228,0.278787878787879,104.805607746784,2,0.0420816271177998
2229,0.278787878787879,104.85257985258,2,0.0420816271177998
2230,0.277005347593583,104.899551958376,2,0.0423759866562815
2231,0.272727272727273,104.946524064171,2,0.0433808122462695
2232,0.270944741532977,104.993496169967,2,0.0439288203315882
2233,0.26951871657754,105.040468275762,2,0.0444245216126999
2234,0.269162210338681,105.087440381558,2,0.0445566001117059
2235,0.268805704099822,105.134412487354,2,0.0446919904502777
2236,0.270231729055258,105.181384593149,2,0.0441701976570837
2237,0.276292335115865,105.228356698945,2,0.0425138820583927
2238,0.281283422459893,105.275328804741,2,0.0417883677481324
2239,0.277005347593583,105.322300910536,2,0.0423759866562815
2240,0.269875222816399,105.369273016332,2,0.0442957291655921
2241,0.280570409982175,105.416245122127,2,0.0418581564093423
2242,0.284848484848485,105.463217227923,2,0.0416053934328681
2243,0.288413547237077,105.510189333719,2,0.0416972564246667
2244,0.289126559714795,105.557161439514,2,0.0417486710349733
2245,0.293761140819964,105.60413354531,2,0.0423556210312152
2246,0.298752228163993,105.651105651106,2,0.0435572386354631
2247,0.293761140819964,105.698077756901,2,0.0423556210312152
2248,0.287344028520499,105.745049862697,2,0.0416408366999972
2249,0.280213903743316,105.792021968493,2,0.0418972352835395
2250,0.275579322638146,105.838994074288,2,0.0426634457108036
2251,0.267736185383244,105.885966180084,2,0.0451183006518891
2252,0.258110516934046,105.932938285879,2,0.0504515339077752
2253,0.249554367201426,105.979910391675,2,0.057944706476878
2254,0.244919786096257,106.026882497471,2,0.0634038375713656
2255,0.245989304812834,106.073854603266,2,0.0620428835435552
2256,0.247058823529412,106.120826709062,2,0.0607445699909669
2257,0.253119429590018,106.167798814858,2,0.0544548065800749
2258,0.250980392156863,106.214770920653,2,0.0564802253755426
2259,0.246345811051693,106.261743026449,2,0.0616032808600155
2260,0.239928698752228,106.308715132245,2,0.0706659877052685
2261,0.232442067736185,106.35568723804,2,0.084952636312124
2262,0.226737967914439,106.402659343836,2,0.0993540294017617
2263,0.226737967914439,106.449631449631,2,0.0993540294017617
2264,0.22602495543672,106.496603555427,2,0.101412582032261
2265,0.237076648841355,106.543575661223,2,0.0755757760110533
2266,0.2349376114082,106.590547767018,2,0.0796733116730507
2267,0.232085561497326,106.637519872814,2,0.0857538169693488
2268,0.226737967914439,106.68449197861,2,0.0993540294017617
2269,0.218181818181818,106.731464084405,2,0.128676998004563
2270,0.203565062388592,106.778436190201,2,0.210373200428921
2271,0.188948306595365,106.825408295997,2,0.350467324722219
2272,0.177896613190731,106.872380401792,2,0.49834318970539
2273,0.168627450980392,106.919352507588,1,0.635589264594311
2274,0.168270944741533,106.966324613383,1,0.640802683963966
2275,0.170053475935829,107.013296719179,1,0.614589074146404
2276,0.17397504456328,107.060268824975,1,0.556222611138865
2277,0.174331550802139,107.10724093077,1,0.55091481782757
2278,0.174688057040998,107.154213036566,1,0.545612461857433
2279,0.191087344028521,107.201185142362,2,0.325747491428206
2280,0.211408199643494,107.248157248157,2,0.160615022882782
2281,0.220677361853832,107.295129353953,2,0.119005158332037
2282,0.219607843137255,107.342101459749,2,0.12302630424366
2283,0.221033868092692,107.389073565544,2,0.117704544282493
2284,0.220320855614973,107.43604567134,2,0.120325466747512
2285,0.218181818181818,107.483017777135,2,0.128676998004563
2286,0.220677361853832,107.529989882931,2,0.119005158332037
2287,0.223529411764706,107.576961988727,2,0.109128527899563
2288,0.226737967914439,107.623934094522,2,0.0993540294017617
2289,0.236363636363636,107.670906200318,2,0.0769001144892598
2290,0.232085561497326,107.717878306114,2,0.0857538169693488
2291,0.233511586452763,107.764850411909,2,0.0826209776392116
2292,0.233155080213904,107.811822517705,2,0.0833863945334798
2293,0.231016042780749,107.858794623501,2,0.0882317905080514
2294,0.238859180035651,107.905766729296,2,0.0724369552179529
2295,0.254188948306595,107.952738835092,2,0.0535149760816739
2296,0.259180035650624,107.999710940887,2,0.0497135164805449
2297,0.260606060606061,108.046683046683,2,0.0487900844489964
2298,0.264171122994652,108.093655152479,2,0.0467664510931315
2299,0.267736185383244,108.140627258274,2,0.0451183006518891
2300,0.269875222816399,108.18759936407,2,0.0442957291655921
2301,0.269875222816399,108.234571469866,2,0.0442957291655921
2302,0.26951871657754,108.281543575661,2,0.0444245216126999
2303,0.269875222816399,108.328515681457,2,0.0442957291655921
2304,0.26951871657754,108.375487787253,2,0.0444245216126999
2305,0.272370766488414,108.422459893048,2,0.043484165171336
2306,0.274866310160428,108.469431998844,2,0.0428247921172951
2307,0.277361853832442,108.516404104639,2,0.0423113812587141
2308,0.278787878787879,108.563376210435,2,0.0420816271177998
2309,0.275579322638146,108.610348316231,2,0.0426634457108036
2310,0.267023172905526,108.657320422026,2,0.045419570456808
2311,0.254188948306595,108.704292527822,2,0.0535149760816739
2312,0.244206773618538,108.751264633618,2,0.0643472600949594
2313,0.237433155080214,108.798236739413,2,0.0749286416337627
2314,0.233155080213904,108.845208845209,2,0.0833863945334798
2315,0.228520499108734,108.892180951004,2,0.094472541402233
2316,0.226737967914439,108.9391530568,2,0.0993540294017617
2317,0.226737967914439,108.986125162596,2,0.0993540294017617
2318,0.226381461675579,109.033097268391,2,0.100375510945412
2319,0.223529411764706,109.080069374187,2,0.109128527899563
2320,0.219607843137255,109.127041479983,2,0.12302630424366
2321,0.218538324420677,109.174013585778,2,0.127232459335387
2322,0.217112299465241,109.220985691574,2,0.133142300997542
2323,0.214616755793226,109.26795779737,2,0.144369526844744
2324,0.209625668449198,109.314929903165,2,0.170602930169201
2325,0.202495543672014,109.361902008961,2,0.218408808900477
2326,0.191087344028521,109.408874114756,2,0.325747491428206
2327,0.179679144385027,109.455846220552,2,0.472641225876226
2328,0.172192513368984,109.502818326348,1,0.58279728805352
2329,0.1650623885918,109.549790432143,1,0.686790105026443
2330,0.149376114081996,109.596762537939,1,0.866918872809605
2331,0.132976827094474,109.643734643735,1,0.959094966968597
2332,0.122994652406417,109.69070674953,1,0.982112548566869
2333,0.118716577540107,109.737678855326,1,0.987712122807458
2334,0.125133689839572,109.784650961122,1,0.978516157516388
2335,0.148663101604278,109.831623066917,1,0.872877479578927
2336,0.172192513368984,109.878595172713,1,0.582797288053519
2337,0.174688057040998,109.925567278508,1,0.545612461857433
2338,0.181105169340463,109.972539384304,2,0.452483868921999
2339,0.189304812834225,110.0195114901,2,0.346247780607341
2340,0.191087344028521,110.066483595895,2,0.325747491428206
2341,0.187522281639929,110.113455701691,2,0.367735189146623
2342,0.189661319073084,110.160427807487,2,0.342067770616767
2343,0.197504456327986,110.207399913282,2,0.26035779568449
2344,0.202852049910873,110.254372019078,2,0.215694298226063
2345,0.209269162210339,110.301344124874,2,0.17268819806839
2346,0.215329768270945,110.348316230669,2,0.141042055017344
2347,0.222459893048128,110.395288336465,2,0.112693469722017
2348,0.231729055258467,110.44226044226,2,0.0865672792270691
2349,0.240641711229947,110.489232548056,2,0.0695299092357709
2350,0.249197860962567,110.536204653852,2,0.0583258043584955
2351,0.258110516934046,110.583176759647,2,0.0504515339077752
2352,0.265597147950089,110.630148865443,2,0.0460641348880686
2353,0.260606060606061,110.677120971239,2,0.0487900844489964
2354,0.257754010695187,110.724093077034,2,0.0507064604602417
2355,0.253119429590018,110.77106518283,2,0.0544548065800749
2356,0.255258467023173,110.818037288626,2,0.052621326223698
2357,0.265597147950089,110.865009394421,2,0.0460641348880686
2358,0.266666666666667,110.911981500217,2,0.0455754120927234
2359,0.266666666666667,110.958953606012,2,0.0455754120927234
2360,0.272014260249554,111.005925711808,2,0.0435906215444182
2361,0.273083778966132,111.052897817604,2,0.0432805428079639
2362,0.275935828877005,111.099869923399,2,0.0425871984116243
2363,0.272370766488414,111.146842029195,2,0.043484165171336
2364,0.270944741532977,111.193814134991,2,0.0439288203315882
2365,0.275579322638146,111.240786240786,2,0.0426634457108036
2366,0.270231729055258,111.287758346582,2,0.0441701976570837
2367,0.264171122994652,111.334730452378,2,0.0467664510931315
2368,0.266310160427807,111.381702558173,2,0.0457347656087041
2369,0.268092691622103,111.428674663969,2,0.0449728132130926
2370,0.269875222816399,111.475646769764,2,0.0442957291655921
2371,0.272014260249554,111.52261887556,2,0.0435906215444182
2372,0.273440285204991,111.569590981356,2,0.0431833375115704
2373,0.270588235294118,111.616563087151,2,0.0440479026410585
2374,0.267023172905526,111.663535192947,2,0.045419570456808
2375,0.263101604278075,111.710507298743,2,0.0473324247231341
2376,0.260606060606061,111.757479404538,2,0.0487900844489964
2377,0.263101604278075,111.804451510334,2,0.0473324247231341
2378,0.262745098039216,111.85142361613,2,0.0475287541523625
2379,0.262745098039216,111.898395721925,2,0.0475287541523625
2380,0.26096256684492,111.945367827721,2,0.0485697297793136
2381,0.257040998217469,111.992339933516,2,0.0512300076573834
2382,0.252762923351159,112.039312039312,2,0.0547786503255093
2383,0.248841354723708,112.086284145108,2,0.0587130549522764
2384,0.244919786096257,112.133256250903,2,0.0634038375713656
2385,0.249910873440285,112.180228356699,2,0.0575696793910372
2386,0.24777183600713,112.227200462495,2,0.0599125643894444
2387,0.24777183600713,112.27417256829,2,0.0599125643894444
2388,0.248484848484848,112.321144674086,2,0.0591065416470222
2389,0.24777183600713,112.368116779882,2,0.0599125643894444
2390,0.241711229946524,112.415088885677,2,0.0678900992893203
2391,0.233155080213904,112.462060991473,2,0.0833863945334798
2392,0.22602495543672,112.509033097268,2,0.101412582032261
2393,0.211051693404635,112.556005203064,2,0.162555305088142
2394,0.201426024955437,112.60297730886,2,0.226771811067875
2395,0.190730837789661,112.649949414655,2,0.329767214756324
2396,0.180392156862745,112.696921520451,2,0.462513034381186
2397,0.173618538324421,112.743893626247,1,0.561534542460383
2398,0.170409982174688,112.790865732042,1,0.609309102520185
2399,0.174688057040998,112.837837837838,1,0.545612461857433
2400,0.1825311942959,112.884809943633,2,0.432751399675161
2401,0.184670231729055,112.931782049429,2,0.404063591013692
2402,0.1825311942959,112.978754155225,2,0.432751399675161
2403,0.182174688057041,113.02572626102,2,0.437641655896475
2404,0.1825311942959,113.072698366816,2,0.432751399675161
2405,0.180748663101604,113.119670472612,2,0.457485606629361
2406,0.176827094474153,113.166642578407,1,0.513983538532024
2407,0.175401069518717,113.213614684203,1,0.535029195011022
2408,0.173618538324421,113.260586789999,1,0.561534542460383
2409,0.17397504456328,113.307558895794,1,0.556222611138865
2410,0.176827094474153,113.35453100159,1,0.513983538532024
2411,0.185383244206774,113.401503107385,2,0.394766374096824
2412,0.195365418894831,113.448475213181,2,0.280689466458057
2413,0.198217468805704,113.495447318977,2,0.253900885615036
2414,0.197147950089127,113.542419424772,2,0.263645907563373
2415,0.198930481283422,113.589391530568,2,0.247601781995905
2416,0.204634581105169,113.636363636364,2,0.202656660056607
2417,0.200356506238859,113.683335742159,2,0.235470070227057
2418,0.192513368983957,113.730307847955,2,0.310074635321889
2419,0.188948306595365,113.777279953751,2,0.350467324722219
2420,0.193582887700535,113.824252059546,2,0.298748583694249
2421,0.194295900178253,113.871224165342,2,0.29140242266571
2422,0.192869875222816,113.918196271137,2,0.30625838418349
2423,0.197860962566845,113.965168376933,2,0.257109516044999
2424,0.207130124777184,114.012140482729,2,0.185842860892558
2425,0.204991087344029,114.059112588524,2,0.200153890164054
2426,0.210695187165775,114.10608469432,2,0.164523890047979
2427,0.218538324420677,114.153056800116,2,0.127232459335387
2428,0.221033868092692,114.200028905911,2,0.117704544282493
2429,0.219251336898396,114.247001011707,2,0.124407409878215
2430,0.218538324420677,114.293973117503,2,0.127232459335387
2431,0.223529411764706,114.340945223298,2,0.109128527899563
2432,0.228877005347594,114.387917329094,2,0.0935398864436905
2433,0.253119429590018,114.434889434889,2,0.0544548065800749
2434,0.264884135472371,114.481861540685,2,0.046407939044193
2435,0.27807486631016,114.528833646481,2,0.0421907934137444
2436,0.281996434937611,114.575805752276,2,0.0417296946156144
2437,0.281283422459893,114.622777858072,2,0.0417883677481324
2438,0.284135472370766,114.669749963868,2,0.0416199654510232
2439,0.287700534759358,114.716722069663,2,0.0416568882548967
2440,0.28698752228164,114.763694175459,2,0.0416275359385478
2441,0.288057040998217,114.810666281255,2,0.0416756936426108
2442,0.285918003565062,114.85763838705,2,0.0416041158365032
2443,0.285918003565062,114.904610492846,2,0.0416041158365032
2444,0.289839572192513,114.951582598641,2,0.0418111710636578
2445,0.290552584670232,114.998554704437,2,0.041884803923812
2446,0.290552584670232,115.045526810233,2,0.041884803923812
2447,0.29554367201426,115.092498916028,2,0.0427177368652416
2448,0.301960784313725,115.139471021824,2,0.044649602300174
2449,0.300891265597148,115.18644312762,2,0.0442564098867534
2450,0.289839572192513,115.233415233415,2,0.0418111710636578
2451,0.283778966131907,115.280387339211,2,0.0416313709041537
2452,0.289839572192513,115.327359445007,2,0.0418111710636578
2453,0.293404634581105,115.374331550802,2,0.0422919104804998
2454,0.290909090909091,115.421303656598,2,0.0419258123019267
2455,0.293761140819964,115.468275762393,2,0.0423556210312152
2456,0.29982174688057,115.515247868189,2,0.0438925009672099
2457,0.304099821746881,115.562219973985,2,0.04552665643599
2458,0.305525846702317,115.60919207978,2,0.0461810257532608
2459,0.305882352941176,115.656164185576,2,0.04635361456076
2460,0.305525846702317,115.703136291372,2,0.0461810257532608
2461,0.302673796791444,115.750108397167,2,0.0449283380445678
2462,0.303743315508021,115.797080502963,2,0.0453718987827729
2463,0.304099821746881,115.844052608759,2,0.04552665643599
2464,0.307664884135472,115.891024714554,2,0.0472722613046874
2465,0.309803921568627,115.93799682035,2,0.0485021586516652
2466,0.306951871657754,115.984968926145,2,0.0468935178618568
2467,0.301247771836007,116.031941031941,2,0.0443841873151129
2468,0.290909090909091,116.078913137737,2,0.0419258123019267
2469,0.283065953654189,116.125885243532,2,0.0416624314943373
2470,0.275935828877005,116.172857349328,2,0.0425871984116243
2471,0.273083778966132,116.219829455124,2,0.0432805428079639
2472,0.274866310160428,116.266801560919,2,0.0428247921172951
2473,0.273083778966132,116.313773666715,2,0.0432805428079639
2474,0.26951871657754,116.36074577251,2,0.0444245216126999
2475,0.263814616755793,116.407717878306,2,0.0469513113255577
2476,0.25668449197861,116.454689984102,2,0.0514987362425697
2477,0.254188948306595,116.501662089897,2,0.0535149760816739
2478,0.255971479500891,116.548634195693,2,0.0520503811873
2479,0.257754010695187,116.595606301489,2,0.0507064604602417
2480,0.26096256684492,116.642578407284,2,0.0485697297793136
2481,0.257397504456328,116.68955051308,2,0.0509659338946457
2482,0.263458110516934,116.736522618876,2,0.0471399566294933
2483,0.269875222816399,116.783494724671,2,0.0442957291655921
2484,0.277361853832442,116.830466830467,2,0.0423113812587141
2485,0.280926916221034,116.877438936262,2,0.0418218695262667
2486,0.286631016042781,116.924411042058,2,0.041616983452478
2487,0.290909090909091,116.971383147854,2,0.0419258123019267
2488,0.293404634581105,117.018355253649,2,0.0422919104804998
2489,0.294830659536542,117.065327359445,2,0.0425641242185355
2490,0.297326203208556,117.112299465241,2,0.043153780360425
2491,0.298395721925134,117.159271571036,2,0.043451747905269
2492,0.294117647058824,117.206243676832,2,0.0424222182656571
2493,0.294830659536542,117.253215782628,2,0.0425641242185355
2494,0.30017825311943,117.300187888423,2,0.0440105906241948
2495,0.304812834224599,117.347159994219,2,0.0458467097643992
2496,0.305525846702317,117.394132100014,2,0.0461810257532608
2497,0.315508021390374,117.44110420581,2,0.0525314165911043
2498,0.317647058823529,117.488076311606,2,0.0543553558786428
2499,0.32156862745098,117.535048417401,2,0.0582068373909787
2500,0.320499108734403,117.582020523197,2,0.0570872808642064
2501,0.316577540106952,117.628992628993,2,0.0534203851438414
2502,0.311942959001783,117.675964734788,2,0.049879641114405
2503,0.307664884135472,117.722936840584,2,0.0472722613046874
2504,0.305882352941176,117.76990894638,2,0.04635361456076
2505,0.291978609625668,117.816881052175,2,0.0420657003018588
2506,0.289483065953654,117.863853157971,2,0.0417785326069888
2507,0.286274509803922,117.910825263766,2,0.0416091772442929
2508,0.281996434937611,117.957797369562,2,0.0417296946156144
2509,0.278787878787879,118.004769475358,2,0.0420816271177998
2510,0.277005347593583,118.051741581153,2,0.0423759866562815
2511,0.27379679144385,118.098713686949,2,0.0430891776231117
2512,0.273083778966132,118.145685792745,2,0.0432805428079639
2513,0.276292335115865,118.19265789854,2,0.0425138820583927
2514,0.272370766488414,118.239630004336,2,0.043484165171336
2515,0.267736185383244,118.286602110132,2,0.0451183006518891
2516,0.265597147950089,118.333574215927,2,0.0460641348880686
2517,0.26524064171123,118.380546321723,2,0.0462342158341202
2518,0.264527629233512,118.427518427518,2,0.0465853390309569
2519,0.265953654188948,118.474490533314,2,0.0458976624695658
2520,0.26524064171123,118.52146263911,2,0.0462342158341202
2521,0.280570409982175,118.568434744905,2,0.0418581564093423
2522,0.293404634581105,118.615406850701,2,0.0422919104804998
2523,0.308021390374332,118.662378956497,2,0.0474673878018104
2524,0.315508021390374,118.709351062292,2,0.0525314165911043
2525,0.318716577540107,118.756323168088,2,0.0553380972256237
2526,0.315864527629234,118.803295273884,2,0.0528227332365861
2527,0.30873440285205,118.850267379679,2,0.0478693459735834
2528,0.301960784313725,118.897239485475,2,0.044649602300174
2529,0.292335115864528,118.94421159127,2,0.0421179801391359
2530,0.287344028520499,118.991183697066,2,0.0416408366999972
2531,0.285561497326203,119.038155802862,2,0.0416017982712025
2532,0.285204991087344,119.085127908657,2,0.0416022241097946
2533,0.288057040998217,119.132100014453,2,0.0416756936426108
2534,0.290196078431373,119.179072120249,2,0.041846592595566
2535,0.289126559714795,119.226044226044,2,0.0417486710349733
2536,0.289126559714795,119.27301633184,2,0.0417486710349733
2537,0.29126559714795,119.319988437636,2,0.0419696255179454
2538,0.288770053475936,119.366960543431,2,0.0417215806857703
2539,0.284848484848485,119.413932649227,2,0.0416053934328681
2540,0.277005347593583,119.460904755022,2,0.0423759866562815
2541,0.273440285204991,119.507876860818,2,0.0431833375115704
2542,0.274153297682709,119.554848966614,2,0.0429980450141216
2543,0.278787878787879,119.601821072409,2,0.0420816271177998
2544,0.283065953654189,119.648793178205,2,0.0416624314943373
2545,0.281283422459893,119.695765284001,2,0.0417883677481324
2546,0.280926916221034,119.742737389796,2,0.0418218695262667
2547,0.283065953654189,119.789709495592,2,0.0416624314943373
2548,0.280926916221034,119.836681601387,2,0.0418218695262667
2549,0.276648841354724,119.883653707183,2,0.0424434826255456
2550,0.272727272727273,119.930625812979,2,0.0433808122462695
2551,0.272727272727273,119.977597918774,2,0.0433808122462695
2552,0.272727272727273,120.02457002457,2,0.0433808122462695
2553,0.26096256684492,120.071542130366,2,0.0485697297793136
2554,0.254188948306595,120.118514236161,2,0.0535149760816739
2555,0.248484848484848,120.165486341957,2,0.0591065416470222
2556,0.246702317290553,120.212458447753,2,0.0611705411194523
2557,0.244206773618538,120.259430553548,2,0.0643472600949593
2558,0.240641711229947,120.306402659344,2,0.069529909235771
2559,0.242424242424242,120.353374765139,2,0.0668383422028336
2560,0.246702317290553,120.400346870935,2,0.0611705411194523
2561,0.258823529411765,120.447318976731,2,0.0499551128118862
2562,0.253832442067736,120.494291082526,2,0.0538230359317509
2563,0.247058823529412,120.541263188322,2,0.0607445699909669
2564,0.239572192513369,120.588235294118,2,0.0712472666157434
2565,0.237076648841355,120.635207399913,2,0.0755757760110533
2566,0.237789661319073,120.682179505709,2,0.0742913349406445
2567,0.240285204991087,120.729151611505,2,0.070093577958845
2568,0.242780748663102,120.7761237173,2,0.0663245448775083
2569,0.249197860962567,120.823095823096,2,0.0583258043584955
2570,0.249197860962567,120.870067928891,2,0.0583258043584955
2571,0.248841354723708,120.917040034687,2,0.0587130549522764
2572,0.250267379679144,120.964012140483,2,0.0572006426352329
2573,0.253475935828877,121.010984246278,2,0.0541362908119072
2574,0.257397504456328,121.057956352074,2,0.0509659338946457
2575,0.261319073083779,121.10492845787,2,0.0483534857332153
2576,0.264527629233512,121.151900563665,2,0.0465853390309569
2577,0.267379679144385,121.198872669461,2,0.0452672099750944
2578,0.273440285204991,121.245844775257,2,0.0431833375115704
2579,0.280213903743316,121.292816881052,2,0.0418972352835395
2580,0.282352941176471,121.339788986848,2,0.0417045121372238
2581,0.279144385026738,121.386761092643,2,0.0420313007234206
2582,0.27807486631016,121.433733198439,2,0.0421907934137444
2583,0.280570409982175,121.480705304235,2,0.0418581564093423
2584,0.28270944741533,121.52767741003,2,0.0416820925125841
2585,0.281639928698752,121.574649515826,2,0.0417576447198518
2586,0.281639928698752,121.621621621622,2,0.0417576447198518
2587,0.281639928698752,121.668593727417,2,0.0417576447198518
2588,0.283065953654189,121.715565833213,2,0.0416624314943373
2589,0.283065953654189,121.762537939009,2,0.0416624314943373
2590,0.28270944741533,121.809510044804,2,0.0416820925125841
2591,0.279144385026738,121.8564821506,2,0.0420313007234206
2592,0.275935828877005,121.903454256395,2,0.0425871984116243
2593,0.258467023172906,121.950426362191,2,0.0502011018235606
2594,0.259536541889483,121.997398467987,2,0.0494762634266309
2595,0.258823529411765,122.044370573782,2,0.0499551128118862
2596,0.255971479500891,122.091342679578,2,0.0520503811873
2597,0.250267379679144,122.138314785374,2,0.0572006426352329
2598,0.243137254901961,122.185286891169,2,0.0658186491056242
2599,0.2349376114082,122.232258996965,2,0.0796733116730506
2600,0.231016042780749,122.279231102761,2,0.0882317905080514
2601,0.228877005347594,122.326203208556,2,0.0935398864436905
2602,0.228520499108734,122.373175314352,2,0.094472541402233
2603,0.225668449197861,122.420147420147,2,0.102465475304575
2604,0.222816399286988,122.467119525943,2,0.111487183755526
2605,0.216755793226381,122.514091631739,2,0.13467565651305
2606,0.212121212121212,122.561063737534,2,0.156817985672745
2607,0.207843137254902,122.60803584333,2,0.181333166928288
2608,0.204634581105169,122.655007949126,2,0.202656660056607
2609,0.209269162210339,122.701980054921,2,0.17268819806839
2610,0.201069518716578,122.748952160717,2,0.22963360692238
2611,0.195008912655971,122.795924266513,2,0.284219689617103
2612,0.195008912655971,122.842896372308,2,0.284219689617103
2613,0.195365418894831,122.889868478104,2,0.280689466458057
2614,0.18716577540107,122.936840583899,2,0.372147939662444
2615,0.173618538324421,122.983812689695,1,0.561534542460383
2616,0.166488413547237,123.030784795491,1,0.666584133318853
2617,0.174688057040998,123.077756901286,1,0.545612461857433
2618,0.159358288770053,123.124729007082,1,0.762363530538871
2619,0.154367201426025,123.171701112878,1,0.819518848598696
2620,0.157932263814617,123.218673218673,1,0.779639231758983
2621,0.15222816399287,123.265645324469,1,0.841056385999803
2622,0.144741532976827,123.312617430265,1,0.902135334189542
2623,0.149376114081996,123.35958953606,1,0.866918872809605
2624,0.158288770053476,123.406561641856,1,0.775388347843203
2625,0.146167557932264,123.453533747651,1,0.892171081476681
2626,0.135115864527629,123.500505853447,1,0.951635957098908
2627,0.109090909090909,123.547477959243,1,0.99493659684944
2628,0.083065953654189,123.594450065038,1,0.999646939359799
2629,0.0641711229946524,123.641422170834,1,0.999959542190798
2630,0.0377896613190731,123.68839427663,1,0.999998578391273
2631,0.0188948306595365,123.735366382425,1,0.999999897514142
2632,0.0142602495543672,123.782338488221,1,0.999999947796111
2633,0.0124777183600713,123.829310594016,1,0.999999959850435
2634,0.0106951871657754,123.876282699812,1,0.999999969174383
2635,0.0089126559714795,123.923254805608,1,0.999999976373703
2636,0.0089126559714795,123.970226911403,1,0.999999976373703
2637,0.00855614973262032,124.017199017199,1,0.999999977602332
2638,0.0124777183600713,124.064171122995,1,0.999999959850435
2639,0.0160427807486631,124.11114322879,1,0.999999932239307
2640,0.0206773618538324,124.158115334586,1,0.999999867566885
2641,0.0203208556149733,124.205087440382,1,0.999999874168368
2642,0.0196078431372549,124.252059546177,1,0.999999886423979
2643,0.0188948306595365,124.299031651973,1,0.999999897514142
2644,0.0206773618538324,124.346003757768,1,0.999999867566885
2645,0.0374331550802139,124.392975863564,1,0.999998644786676
2646,0.079144385026738,124.43994796936,1,0.999771172796575
2647,0.120499108734403,124.486920075155,1,0.985610358583413
2648,0.145811051693405,124.533892180951,1,0.894733017671574
2649,0.172905525846702,124.580864286747,1,0.572165565995
2650,0.195365418894831,124.627836392542,2,0.280689466458057
2651,0.216399286987522,124.674808498338,2,0.136231992401206
2652,0.22602495543672,124.721780604134,2,0.101412582032261
2653,0.229590017825312,124.768752709929,2,0.0917165127743095
2654,0.239928698752228,124.815724815725,2,0.0706659877052685
2655,0.248841354723708,124.86269692152,2,0.0587130549522764
2656,0.250267379679144,124.909669027316,2,0.0572006426352329
2657,0.257754010695187,124.956641133112,2,0.0507064604602417
2658,0.257754010695187,125.003613238907,2,0.0507064604602417
2659,0.259893048128342,125.050585344703,2,0.0492433052226
2660,0.259536541889483,125.097557450499,2,0.0494762634266309
2661,0.262388591800357,125.144529556294,2,0.0477289843017269
2662,0.261675579322638,125.19150166209,2,0.0481413085598955
2663,0.252406417112299,125.238473767886,2,0.0551078903872198
2664,0.24349376114082,125.285445873681,2,0.0653205428441643
2665,0.235650623885918,125.332417979477,2,0.0782655476404335
2666,0.213903743315508,125.379390085272,2,0.147796657796955
2667,0.185383244206774,125.426362191068,2,0.394766374096824
2668,0.166844919786096,125.473334296864,1,0.661470237347135
2669,0.164349376114082,125.520306402659,1,0.69672645304942
2670,0.171122994652406,125.567278508455,1,0.59872270376768
2671,0.175757575757576,125.614250614251,1,0.529750815064131
2672,0.178609625668449,125.661222720046,2,0.488002158832296
2673,0.191087344028521,125.708194825842,2,0.325747491428206
2674,0.183244206773619,125.755166931638,2,0.423061380810353
2675,0.172905525846702,125.802139037433,1,0.572165565995
2676,0.162923351158645,125.849111143229,1,0.716220055262454
2677,0.147237076648841,125.896083249024,1,0.884196472295769
2678,0.133333333333333,125.94305535482,1,0.957926238042893
2679,0.132620320855615,125.990027460616,1,0.960235205901159
2680,0.140106951871658,126.036999566411,1,0.929563241262185
2681,0.136541889483066,126.083971672207,1,0.946034190265645
2682,0.149376114081996,126.130943778003,1,0.866918872809605
2683,0.149019607843137,126.177915883798,1,0.869923299191445
2684,0.131550802139037,126.224887989594,1,0.963490394158101
2685,0.120499108734403,126.27186009539,1,0.985610358583413
2686,0.118716577540107,126.318832201185,1,0.987712122807458
2687,0.10873440285205,126.365804306981,1,0.995105367703617
2688,0.0948306595365419,126.412776412776,1,0.99876700994597
2689,0.119429590017825,126.459748518572,1,0.986907818820623
2690,0.124420677361854,126.506720624368,1,0.97978188599806
2691,0.128698752228164,126.553692730163,1,0.971049501893769
2692,0.128698752228164,126.600664835959,1,0.971049501893769
2693,0.118360071301248,126.647636941755,1,0.988096990977705
2694,0.104812834224599,126.69460904755,1,0.996645233384003
2695,0.113725490196078,126.741581153346,1,0.992186056436537
2696,0.135115864527629,126.788553259142,1,0.951635957098908
2697,0.148306595365419,126.835525364937,1,0.875781633656765
2698,0.156149732620321,126.882497470733,1,0.800187728045124
2699,0.167201426024955,126.929469576528,1,0.656333865580668
2700,0.175044563279857,126.976441682324,1,0.540316829943062
2701,0.176827094474153,127.02341378812,1,0.513983538532024
2702,0.185383244206774,127.070385893915,2,0.394766374096824
2703,0.199643493761141,127.117357999711,2,0.24145879475095
2704,0.21283422459893,127.164330105507,2,0.153130028336651
2705,0.218894830659537,127.211302211302,2,0.125809362934257
2706,0.221390374331551,127.258274317098,2,0.11642334412553
2707,0.225311942959002,127.305246422894,2,0.103534426560596
2708,0.227450980392157,127.352218528689,2,0.0973569200698169
2709,0.229233511586453,127.399190634485,2,0.0926212795678123
2710,0.229233511586453,127.44616274028,2,0.0926212795678123
2711,0.232442067736185,127.493134846076,2,0.084952636312124
2712,0.233511586452763,127.540106951872,2,0.0826209776392116
2713,0.232085561497326,127.587079057667,2,0.0857538169693488
2714,0.231016042780749,127.634051163463,2,0.0882317905080514
2715,0.233511586452763,127.681023269259,2,0.0826209776392116
2716,0.238502673796791,127.727995375054,2,0.0730456320043107
2717,0.238146167557932,127.77496748085,2,0.0736637122022718
2718,0.237789661319073,127.821939586645,2,0.0742913349406445
2719,0.240285204991087,127.868911692441,2,0.070093577958845
2720,0.247058823529412,127.915883798237,2,0.0607445699909669
2721,0.241354723707665,127.962855904032,2,0.0684282928219272
2722,0.245276292335116,128.009828009828,2,0.0629430633753488
2723,0.249910873440285,128.056800115624,2,0.0575696793910372
2724,0.251336898395722,128.103772221419,2,0.0561286910017881
2725,0.247058823529412,128.150744327215,2,0.0607445699909669
2726,0.237789661319073,128.197716433011,2,0.0742913349406445
2727,0.231729055258467,128.244688538806,2,0.0865672792270691
2728,0.228163992869875,128.291660644602,2,0.0954194554546018
2729,0.228520499108734,128.338632750397,2,0.094472541402233
2730,0.227450980392157,128.385604856193,2,0.0973569200698169
2731,0.224955436720143,128.432576961989,2,0.104619674767062
2732,0.219251336898396,128.479549067784,2,0.124407409878215
2733,0.214260249554367,128.52652117358,2,0.146070469894154
2734,0.210338680926916,128.573493279376,2,0.166521124259266
2735,0.206417112299465,128.620465385171,2,0.190481054884609
2736,0.205704099821747,128.667437490967,2,0.195250493446905
2737,0.219964349376114,128.714409596763,2,0.121665753141309
2738,0.226381461675579,128.761381702558,2,0.100375510945412
2739,0.242780748663102,128.808353808354,2,0.0663245448775083
2740,0.261675579322638,128.855325914149,2,0.0481413085598955
2741,0.274153297682709,128.902298019945,2,0.0429980450141216
2742,0.280570409982175,128.949270125741,2,0.0418581564093423
2743,0.285918003565062,128.996242231536,2,0.0416041158365032
2744,0.292335115864528,129.043214337332,2,0.0421179801391359
2745,0.28270944741533,129.090186443128,2,0.0416820925125841
2746,0.279500891265597,129.137158548923,2,0.0419837992174351
2747,0.272727272727273,129.184130654719,2,0.0433808122462695
2748,0.26096256684492,129.231102760515,2,0.0485697297793136
2749,0.249197860962567,129.27807486631,2,0.0583258043584955
2750,0.240641711229947,129.325046972106,2,0.069529909235771
2751,0.237076648841355,129.372019077901,2,0.0755757760110533
2752,0.237076648841355,129.418991183697,2,0.0755757760110533
2753,0.233868092691622,129.465963289493,2,0.0818671307430453
2754,0.231372549019608,129.512935395288,2,0.0873932078736503
2755,0.229233511586453,129.559907501084,2,0.0926212795678123
2756,0.231729055258467,129.60687960688,2,0.0865672792270691
2757,0.236720142602496,129.653851712675,2,0.0762328841466821
2758,0.23921568627451,129.700823818471,2,0.071837544970447
2759,0.2349376114082,129.747795924267,2,0.0796733116730506
2760,0.229590017825312,129.794768030062,2,0.0917165127743095
2761,0.237433155080214,129.841740135858,2,0.0749286416337627
2762,0.239928698752228,129.888712241653,2,0.0706659877052685
2763,0.242424242424242,129.935684347449,2,0.0668383422028336
2764,0.244919786096257,129.982656453245,2,0.0634038375713656
2765,0.248128342245989,130.02962855904,2,0.0595063493260242
2766,0.249910873440285,130.076600664836,2,0.0575696793910372
2767,0.244563279857398,130.123572770632,2,0.0638718688557507
2768,0.235294117647059,130.170544876427,2,0.0789640594862739
2769,0.228877005347594,130.217516982223,2,0.0935398864436905
2770,0.224598930481283,130.264489088019,2,0.105721462070201
2771,0.214260249554367,130.311461193814,2,0.146070469894154
2772,0.205347593582888,130.35843329961,2,0.197685278899376
2773,0.202139037433155,130.405405405405,2,0.221159700448823
2774,0.206417112299465,130.452377511201,2,0.190481054884609
2775,0.208199643493761,130.499349616997,2,0.17912564349186
2776,0.205704099821747,130.546321722792,2,0.195250493446905
2777,0.204991087344029,130.593293828588,2,0.200153890164054
2778,0.209625668449198,130.640265934384,2,0.170602930169201
2779,0.212121212121212,130.687238040179,2,0.156817985672745
2780,0.206060606060606,130.734210145975,2,0.192849198162725
2781,0.200713012477718,130.781182251771,2,0.23253293637346
2782,0.199643493761141,130.828154357566,2,0.24145879475095
2783,0.201069518716578,130.875126463362,2,0.22963360692238
2784,0.198930481283422,130.922098569157,2,0.247601781995905
2785,0.19572192513369,130.969070674953,2,0.27719989678805
2786,0.196434937611408,131.016042780749,2,0.270342298194369
2787,0.198573975044563,131.063014886544,2,0.250731709606912
2788,0.20427807486631,131.10998699234,2,0.205193918243931
2789,0.21283422459893,131.156959098136,2,0.153130028336651
2790,0.22174688057041,131.203931203931,2,0.115161280544945
2791,0.230659536541889,131.250903309727,2,0.0890832175668622
2792,0.235650623885918,131.297875415522,2,0.0782655476404335
2793,0.219964349376114,131.344847521318,2,0.121665753141309
2794,0.223529411764706,131.391819627114,2,0.109128527899563
2795,0.227807486631016,131.438791732909,2,0.0963808426446485
2796,0.231729055258467,131.485763838705,2,0.0865672792270691
2797,0.234224598930481,131.532735944501,2,0.081124682690485
2798,0.23458110516934,131.579708050296,2,0.080393464967845
2799,0.233511586452763,131.626680156092,2,0.0826209776392116
2800,0.232798573975045,131.673652261888,2,0.0841635552501557
2801,0.236363636363636,131.720624367683,2,0.0769001144892598
2802,0.2349376114082,131.767596473479,2,0.0796733116730507
2803,0.234224598930481,131.814568579274,2,0.081124682690485
2804,0.235294117647059,131.86154068507,2,0.0789640594862739
2805,0.233511586452763,131.908512790866,2,0.0826209776392116
2806,0.227094474153298,131.955484896661,2,0.0983479079010685
2807,0.22174688057041,132.002457002457,2,0.115161280544945
2808,0.217112299465241,132.049429108253,2,0.133142300997542
2809,0.204991087344029,132.096401214048,2,0.200153890164054
2810,0.197147950089127,132.143373319844,2,0.263645907563373
2811,0.194652406417112,132.19034542564,2,0.287790651865545
2812,0.200356506238859,132.237317531435,2,0.235470070227057
2813,0.206417112299465,132.284289637231,2,0.190481054884609
2814,0.20855614973262,132.331261743026,2,0.17694920625516
2815,0.217825311942959,132.378233848822,2,0.1301432808253
2816,0.231016042780749,132.425205954618,2,0.0882317905080514
2817,0.231372549019608,132.472178060413,2,0.0873932078736503
2818,0.237789661319073,132.519150166209,2,0.0742913349406445
2819,0.249554367201426,132.566122272005,2,0.057944706476878
2820,0.261319073083779,132.6130943778,2,0.0483534857332153
2821,0.268092691622103,132.660066483596,2,0.0449728132130926
2822,0.272370766488414,132.707038589392,2,0.043484165171336
2823,0.275935828877005,132.754010695187,2,0.0425871984116243
2824,0.277005347593583,132.800982800983,2,0.0423759866562815
2825,0.285204991087344,132.847954906778,2,0.0416022241097946
2826,0.293761140819964,132.894927012574,2,0.0423556210312152
2827,0.293761140819964,132.94189911837,2,0.0423556210312152
2828,0.280570409982175,132.988871224165,2,0.0418581564093423
2829,0.271657754010695,133.035843329961,2,0.0437002019488884
2830,0.269162210338681,133.082815435757,2,0.0445566001117059
2831,0.263458110516934,133.129787541552,2,0.0471399566294933
2832,0.255258467023173,133.176759647348,2,0.052621326223698
2833,0.245632798573975,133.223731753144,2,0.0624894451585092
2834,0.244206773618538,133.270703858939,2,0.0643472600949594
2835,0.23921568627451,133.317675964735,2,0.071837544970447
2836,0.228877005347594,133.36464807053,2,0.0935398864436905
2837,0.215329768270945,133.411620176326,2,0.141042055017344
2838,0.203208556149733,133.458592282122,2,0.213015864982375
2839,0.193226381461676,133.505564387917,2,0.302483027075261
2840,0.18716577540107,133.552536493713,2,0.372147939662444
2841,0.17825311942959,133.599508599509,2,0.4931633449116
2842,0.182174688057041,133.646480705304,2,0.437641655896475
2843,0.188235294117647,133.6934528111,2,0.3590239354392
2844,0.188948306595365,133.740424916896,2,0.350467324722219
2845,0.187878787878788,133.787397022691,2,0.363360398843724
2846,0.191800356506239,133.834369128487,2,0.317829642748435
2847,0.198573975044563,133.881341234282,2,0.250731709606912
2848,0.205347593582888,133.928313340078,2,0.197685278899376
2849,0.207486631016043,133.975285445874,2,0.183572123906108
2850,0.211764705882353,134.022257551669,2,0.158702697887839
2851,0.218894830659537,134.069229657465,2,0.125809362934257
2852,0.222459893048128,134.116201763261,2,0.112693469722017
2853,0.224598930481283,134.163173869056,2,0.105721462070201
2854,0.225311942959002,134.210145974852,2,0.103534426560596
2855,0.22602495543672,134.257118080648,2,0.10141258203226
2856,0.229233511586453,134.304090186443,2,0.0926212795678123
2857,0.249197860962567,134.351062292239,2,0.0583258043584955
2858,0.257754010695187,134.398034398034,2,0.0507064604602417
2859,0.267023172905526,134.44500650383,2,0.045419570456808
2860,0.269162210338681,134.491978609626,2,0.0445566001117059
2861,0.270588235294118,134.538950715421,2,0.0440479026410585
2862,0.267379679144385,134.585922821217,2,0.0452672099750944
2863,0.263814616755793,134.632894927013,2,0.0469513113255577
2864,0.25668449197861,134.679867032808,2,0.0514987362425697
2865,0.252762923351159,134.726839138604,2,0.0547786503255093
2866,0.252762923351159,134.773811244399,2,0.0547786503255093
2867,0.252406417112299,134.820783350195,2,0.0551078903872198
2868,0.255614973262032,134.867755455991,2,0.0523334119125725
2869,0.257754010695187,134.914727561786,2,0.0507064604602417
2870,0.253832442067736,134.961699667582,2,0.0538230359317509
2871,0.244919786096257,135.008671773378,2,0.0634038375713656
2872,0.237076648841355,135.055643879173,2,0.0755757760110533
2873,0.23030303030303,135.102615984969,2,0.0899476823508696
2874,0.208199643493761,135.149588090765,2,0.17912564349186
2875,0.185026737967914,135.19656019656,2,0.399397668114471
2876,0.170053475935829,135.243532302356,1,0.614589074146404
2877,0.166844919786096,135.290504408151,1,0.661470237347135
2878,0.163279857397504,135.337476513947,1,0.711396770729842
2879,0.153654188948307,135.384448619743,1,0.826901083601485
2880,0.145811051693405,135.431420725538,1,0.894733017671574
2881,0.161853832442068,135.478392831334,1,0.730474995590417
2882,0.163992869875223,135.52536493713,1,0.701648896925064
2883,0.164349376114082,135.572337042925,1,0.69672645304942
2884,0.1650623885918,135.619309148721,1,0.686790105026443
2885,0.166488413547237,135.666281254517,1,0.666584133318853
2886,0.171122994652406,135.713253360312,1,0.59872270376768
2887,0.180392156862745,135.760225466108,2,0.462513034381186
2888,0.187522281639929,135.807197571903,2,0.367735189146623
2889,0.204634581105169,135.854169677699,2,0.202656660056607
2890,0.217112299465241,135.901141783495,2,0.133142300997542
2891,0.228877005347594,135.94811388929,2,0.0935398864436905
2892,0.232442067736185,135.995085995086,2,0.084952636312124
2893,0.233155080213904,136.042058100882,2,0.0833863945334798
2894,0.242424242424242,136.089030206677,2,0.0668383422028336
2895,0.254188948306595,136.136002312473,2,0.0535149760816739
2896,0.26096256684492,136.182974418269,2,0.0485697297793136
2897,0.258823529411765,136.229946524064,2,0.0499551128118862
2898,0.251693404634581,136.27691862986,2,0.0557828391769409
2899,0.24349376114082,136.323890735655,2,0.0653205428441643
2900,0.236720142602496,136.370862841451,2,0.0762328841466821
2901,0.2349376114082,136.417834947247,2,0.0796733116730506
2902,0.23921568627451,136.464807053042,2,0.071837544970447
2903,0.247415329768271,136.511779158838,2,0.0603252747770022
2904,0.254188948306595,136.558751264634,2,0.0535149760816739
2905,0.245276292335116,136.605723370429,2,0.0629430633753488
2906,0.248484848484848,136.652695476225,2,0.0591065416470222
2907,0.249910873440285,136.699667582021,2,0.0575696793910372
2908,0.250267379679144,136.746639687816,2,0.0572006426352328
2909,0.251336898395722,136.793611793612,2,0.0561286910017881
2910,0.253832442067736,136.840583899407,2,0.0538230359317509
2911,0.249197860962567,136.887556005203,2,0.0583258043584955
2912,0.241354723707665,136.934528110999,2,0.0684282928219272
2913,0.248128342245989,136.981500216794,2,0.0595063493260242
2914,0.250623885918004,137.02847232259,2,0.0568375171729097
2915,0.25204991087344,137.075444428386,2,0.0554425963726971
2916,0.254188948306595,137.122416534181,2,0.0535149760816739
2917,0.254188948306595,137.169388639977,2,0.0535149760816739
2918,0.253832442067736,137.216360745773,2,0.0538230359317509
2919,0.251336898395722,137.263332851568,2,0.0561286910017881
2920,0.251693404634581,137.310304957364,2,0.0557828391769409
2921,0.249910873440285,137.357277063159,2,0.0575696793910372
2922,0.249910873440285,137.404249168955,2,0.0575696793910372
2923,0.244919786096257,137.451221274751,2,0.0634038375713656
2924,0.23458110516934,137.498193380546,2,0.080393464967845
2925,0.228877005347594,137.545165486342,2,0.0935398864436905
2926,0.229590017825312,137.592137592138,2,0.0917165127743095
2927,0.229946524064171,137.639109697933,2,0.0908253810511028
2928,0.228163992869875,137.686081803729,2,0.0954194554546018
2929,0.214260249554367,137.733053909525,2,0.146070469894154
2930,0.207130124777184,137.78002601532,2,0.185842860892558
2931,0.196434937611408,137.826998121116,2,0.270342298194369
2932,0.178609625668449,137.873970226911,2,0.488002158832296
2933,0.154010695187166,137.920942332707,1,0.823235222221061
2934,0.122281639928699,137.967914438503,1,0.983183695177332
2935,0.0884135472370766,138.014886544298,1,0.999370775695183
2936,0.0666666666666667,138.061858650094,1,0.999945538703241
2937,0.0577540106951872,138.10883075589,1,0.999981450235297
2938,0.0467023172905526,138.155802861685,1,0.999995404018141
2939,0.0488413547237077,138.202774967481,1,0.999993947949035
2940,0.0659536541889483,138.249747073276,1,0.999949955545151
2941,0.0898395721925134,138.296719179072,1,0.999267885654672
2942,0.113725490196078,138.343691284868,1,0.992186056436537
2943,0.146524064171123,138.390663390663,1,0.889561250485619
2944,0.176114081996435,138.437635496459,1,0.52448293208368
2945,0.201782531194296,138.484607602255,2,0.223947270621169
2946,0.21283422459893,138.53157970805,2,0.153130028336651
2947,0.224955436720143,138.578551813846,2,0.104619674767062
2948,0.228163992869875,138.625523919642,2,0.0954194554546018
2949,0.229590017825312,138.672496025437,2,0.0917165127743095
2950,0.237433155080214,138.719468131233,2,0.0749286416337627
2951,0.243850267379679,138.766440237028,2,0.0648301159383605
2952,0.249197860962567,138.813412342824,2,0.0583258043584955
2953,0.245276292335116,138.86038444862,2,0.0629430633753488
2954,0.245276292335116,138.907356554415,2,0.0629430633753488
2955,0.247058823529412,138.954328660211,2,0.0607445699909669
2956,0.25204991087344,139.001300766007,2,0.0554425963726971
2957,0.258823529411765,139.048272871802,2,0.0499551128118862
2958,0.262032085561497,139.095244977598,2,0.0479331554056538
2959,0.264171122994652,139.142217083394,2,0.0467664510931315
2960,0.263101604278075,139.189189189189,2,0.0473324247231341
2961,0.263458110516934,139.236161294985,2,0.0471399566294934
2962,0.262388591800357,139.28313340078,2,0.0477289843017269
2963,0.257397504456328,139.330105506576,2,0.0509659338946457
2964,0.255971479500891,139.377077612372,2,0.0520503811873
2965,0.257397504456328,139.424049718167,2,0.0509659338946457
2966,0.258823529411765,139.471021823963,2,0.0499551128118862
2967,0.263101604278075,139.517993929759,2,0.0473324247231341
2968,0.263101604278075,139.564966035554,2,0.0473324247231341
2969,0.271657754010695,139.61193814135,2,0.0437002019488884
2970,0.260606060606061,139.658910247146,2,0.0487900844489964
2971,0.254901960784314,139.705882352941,2,0.0529141840881379
2972,0.258110516934046,139.752854458737,2,0.0504515339077752
2973,0.255971479500891,139.799826564532,2,0.0520503811873
2974,0.248841354723708,139.846798670328,2,0.0587130549522764
2975,0.248128342245989,139.893770776124,2,0.0595063493260242
2976,0.252762923351159,139.940742881919,2,0.0547786503255093
2977,0.244919786096257,139.987714987715,2,0.0634038375713656
2978,0.246702317290553,140.034687093511,2,0.0611705411194523
2979,0.249554367201426,140.081659199306,2,0.0579447064768781
2980,0.248128342245989,140.128631305102,2,0.0595063493260242
2981,0.24777183600713,140.175603410898,2,0.0599125643894444
2982,0.244919786096257,140.222575516693,2,0.0634038375713656
2983,0.242424242424242,140.269547622489,2,0.0668383422028336
2984,0.242424242424242,140.316519728284,2,0.0668383422028336
2985,0.244206773618538,140.36349183408,2,0.0643472600949594
2986,0.238146167557932,140.410463939876,2,0.0736637122022718
2987,0.229946524064171,140.457436045671,2,0.0908253810511028
2988,0.224955436720143,140.504408151467,2,0.104619674767062
2989,0.222459893048128,140.551380257263,2,0.112693469722017
2990,0.223172905525847,140.598352363058,2,0.110298956933863
2991,0.225311942959002,140.645324468854,2,0.103534426560596
2992,0.226381461675579,140.69229657465,2,0.100375510945412
2993,0.224242424242424,140.739268680445,2,0.106840033805127
2994,0.222103386809269,140.786240786241,2,0.113918079396851
2995,0.229946524064171,140.833212892036,2,0.0908253810511028
2996,0.238859180035651,140.880184997832,2,0.0724369552179529
2997,0.235294117647059,140.927157103628,2,0.0789640594862739
2998,0.235650623885918,140.974129209423,2,0.0782655476404335
2999,0.239572192513369,141.021101315219,2,0.0712472666157434
3000,0.238502673796791,141.068073421015,2,0.0730456320043107
3001,0.250623885918004,141.11504552681,2,0.0568375171729097
3002,0.25204991087344,141.162017632606,2,0.0554425963726971
3003,0.255258467023173,141.208989738402,2,0.052621326223698
3004,0.257397504456328,141.255961844197,2,0.0509659338946457
3005,0.257397504456328,141.302933949993,2,0.0509659338946457
3006,0.255971479500891,141.349906055788,2,0.0520503811873
3007,0.253475935828877,141.396878161584,2,0.0541362908119072
3008,0.25204991087344,141.44385026738,2,0.0554425963726971
3009,0.259893048128342,141.490822373175,2,0.0492433052226
3010,0.253832442067736,141.537794478971,2,0.0538230359317509
3011,0.245989304812834,141.584766584767,2,0.0620428835435552
3012,0.239572192513369,141.631738690562,2,0.0712472666157433
3013,0.236363636363636,141.678710796358,2,0.0769001144892598
3014,0.236007130124777,141.725682902154,2,0.0775776178915898
3015,0.2349376114082,141.772655007949,2,0.0796733116730506
3016,0.233511586452763,141.819627113745,2,0.0826209776392116
3017,0.244563279857398,141.86659921954,2,0.0638718688557507
3018,0.241711229946524,141.913571325336,2,0.0678900992893203
3019,0.240641711229947,141.960543431132,2,0.069529909235771
3020,0.246345811051693,142.007515536927,2,0.0616032808600155
3021,0.250267379679144,142.054487642723,2,0.0572006426352328
3022,0.250980392156863,142.101459748519,2,0.0564802253755426
3023,0.251336898395722,142.148431854314,2,0.0561286910017881
3024,0.254188948306595,142.19540396011,2,0.0535149760816739
3025,0.2349376114082,142.242376065905,2,0.0796733116730506
3026,0.228163992869875,142.289348171701,2,0.0954194554546018
3027,0.222459893048128,142.336320277497,2,0.112693469722017
3028,0.217825311942959,142.383292383292,2,0.1301432808253
3029,0.210338680926916,142.430264489088,2,0.166521124259266
3030,0.202139037433155,142.477236594884,2,0.221159700448823
3031,0.199286987522282,142.524208700679,2,0.244510886033256
3032,0.201426024955437,142.571180806475,2,0.226771811067874
3033,0.204634581105169,142.618152912271,2,0.202656660056607
3034,0.203208556149733,142.665125018066,2,0.213015864982375
3035,0.207486631016043,142.712097123862,2,0.183572123906108
3036,0.202139037433155,142.759069229657,2,0.221159700448823
3037,0.183957219251337,142.806041335453,2,0.413496942521145
3038,0.170409982174688,142.853013441249,1,0.609309102520185
3039,0.1650623885918,142.899985547044,1,0.686790105026443
3040,0.158288770053476,142.94695765284,1,0.775388347843203
3041,0.151515151515152,142.993929758636,1,0.847827917243216
3042,0.145811051693405,143.040901864431,1,0.894733017671574
3043,0.142602495543672,143.087873970227,1,0.915702828474417
3044,0.138324420677362,143.134846076023,1,0.938260501276282
3045,0.123707664884135,143.181818181818,1,0.980979629435437
3046,0.110160427807487,143.228790287614,1,0.994397060408985
3047,0.114438502673797,143.275762393409,1,0.991656199536343
3048,0.12620320855615,143.322734499205,1,0.976482910219188
3049,0.16078431372549,143.369706605001,1,0.744387394516176
3050,0.181818181818182,143.416678710796,2,0.442561035162958
3051,0.202495543672014,143.463650816592,2,0.218408808900477
3052,0.204991087344029,143.510622922388,2,0.200153890164054
3053,0.20427807486631,143.557595028183,2,0.205193918243931
3054,0.207486631016043,143.604567133979,2,0.183572123906108
3055,0.211051693404635,143.651539239775,2,0.162555305088142
3056,0.211051693404635,143.69851134557,2,0.162555305088142
3057,0.211764705882353,143.745483451366,2,0.158702697887839
3058,0.220320855614973,143.792455557161,2,0.120325466747512
3059,0.22174688057041,143.839427662957,2,0.115161280544945
3060,0.222459893048128,143.886399768753,2,0.112693469722017
3061,0.228163992869875,143.933371874548,2,0.0954194554546018
3062,0.226737967914439,143.980343980344,2,0.0993540294017617
3063,0.222103386809269,144.02731608614,2,0.113918079396851
3064,0.228520499108734,144.074288191935,2,0.094472541402233
3065,0.227807486631016,144.121260297731,2,0.0963808426446485
3066,0.225668449197861,144.168232403527,2,0.102465475304575
3067,0.223172905525847,144.215204509322,2,0.110298956933863
3068,0.222103386809269,144.262176615118,2,0.113918079396851
3069,0.219607843137255,144.309148720913,2,0.12302630424366
3070,0.216755793226381,144.356120826709,2,0.13467565651305
3071,0.211408199643494,144.403092932505,2,0.160615022882782
3072,0.206773618538324,144.4500650383,2,0.188145723231491
3073,0.19572192513369,144.497037144096,2,0.27719989678805
3074,0.193226381461676,144.544009249892,2,0.302483027075261
3075,0.192513368983957,144.590981355687,2,0.310074635321889
3076,0.199286987522282,144.637953461483,2,0.244510886033256
3077,0.211764705882353,144.684925567279,2,0.158702697887839
3078,0.222103386809269,144.731897673074,2,0.113918079396851
3079,0.22602495543672,144.77886977887,2,0.101412582032261
3080,0.226381461675579,144.825841884665,2,0.100375510945412
3081,0.227094474153298,144.872813990461,2,0.0983479079010685
3082,0.227094474153298,144.919786096257,2,0.0983479079010685
3083,0.228163992869875,144.966758202052,2,0.0954194554546019
3084,0.231016042780749,145.013730307848,2,0.0882317905080514
3085,0.238146167557932,145.060702413644,2,0.0736637122022718
3086,0.247415329768271,145.107674519439,2,0.0603252747770023
3087,0.255614973262032,145.154646625235,2,0.0523334119125725
3088,0.261319073083779,145.201618731031,2,0.0483534857332153
3089,0.275935828877005,145.248590836826,2,0.0425871984116243
3090,0.27843137254902,145.295562942622,2,0.0421347879747758
3091,0.277005347593583,145.342535048417,2,0.0423759866562815
3092,0.271301247771836,145.389507154213,2,0.0438129275961263
3093,0.267736185383244,145.436479260009,2,0.0451183006518891
3094,0.265597147950089,145.483451365804,2,0.0460641348880687
3095,0.257040998217469,145.5304234716,2,0.0512300076573834
3096,0.247058823529412,145.577395577396,2,0.0607445699909669
3097,0.233155080213904,145.624367683191,2,0.0833863945334798
3098,0.223885918003565,145.671339788987,2,0.107975638503528
3099,0.213547237076649,145.718311894783,2,0.149548423319507
3100,0.20891265597148,145.765284000578,2,0.174803507241382
3101,0.211051693404635,145.812256106374,2,0.162555305088142
3102,0.216399286987522,145.859228212169,2,0.136231992401206
3103,0.218181818181818,145.906200317965,2,0.128676998004563
3104,0.218181818181818,145.953172423761,2,0.128676998004563
3105,0.225311942959002,146.000144529556,2,0.103534426560596
3106,0.22602495543672,146.047116635352,2,0.101412582032261
3107,0.227450980392157,146.094088741148,2,0.0973569200698169
3108,0.231016042780749,146.141060846943,2,0.0882317905080514
3109,0.236720142602496,146.188032952739,2,0.0762328841466821
3110,0.242067736185383,146.235005058534,2,0.0673601550398578
3111,0.245989304812834,146.28197716433,2,0.0620428835435552
3112,0.248128342245989,146.328949270126,2,0.0595063493260242
3113,0.253119429590018,146.375921375921,2,0.0544548065800749
3114,0.262388591800357,146.422893481717,2,0.0477289843017269
3115,0.270588235294118,146.469865587513,2,0.0440479026410585
3116,0.272727272727273,146.516837693308,2,0.0433808122462695
3117,0.27843137254902,146.563809799104,2,0.0421347879747758
3118,0.283422459893048,146.6107819049,2,0.0416455253586508
3119,0.278787878787879,146.657754010695,2,0.0420816271177998
3120,0.269162210338681,146.704726116491,2,0.0445566001117059
3121,0.25668449197861,146.751698222286,2,0.0514987362425697
3122,0.251336898395722,146.798670328082,2,0.0561286910017881
3123,0.244206773618538,146.845642433878,2,0.0643472600949594
3124,0.243850267379679,146.892614539673,2,0.0648301159383605
3125,0.248484848484848,146.939586645469,2,0.0591065416470222
3126,0.255971479500891,146.986558751265,2,0.0520503811873
3127,0.262745098039216,147.03353085706,2,0.0475287541523625
3128,0.264171122994652,147.080502962856,2,0.0467664510931315
3129,0.26951871657754,147.127475068652,2,0.0444245216126999
3130,0.270944741532977,147.174447174447,2,0.0439288203315882
3131,0.270944741532977,147.221419280243,2,0.0439288203315882
3132,0.272014260249554,147.268391386038,2,0.0435906215444182
3133,0.269162210338681,147.315363491834,2,0.0445566001117059
3134,0.264884135472371,147.36233559763,2,0.046407939044193
3135,0.254901960784314,147.409307703425,2,0.0529141840881379
3136,0.248841354723708,147.456279809221,2,0.0587130549522764
3137,0.24777183600713,147.503251915017,2,0.0599125643894444
3138,0.243137254901961,147.550224020812,2,0.0658186491056242
3139,0.237433155080214,147.597196126608,2,0.0749286416337627
3140,0.23030303030303,147.644168232404,2,0.0899476823508696
3141,0.220320855614973,147.691140338199,2,0.120325466747512
3142,0.207486631016043,147.738112443995,2,0.183572123906108
3143,0.193939393939394,147.78508454979,2,0.295055054777713
3144,0.183600713012478,147.832056655586,2,0.418263109207048
3145,0.192513368983957,147.879028761382,2,0.310074635321889
3146,0.193582887700535,147.926000867177,2,0.298748583694249
3147,0.198217468805704,147.972972972973,2,0.253900885615036
3148,0.202139037433155,148.019945078769,2,0.221159700448823
3149,0.205704099821747,148.066917184564,2,0.195250493446905
3150,0.209269162210339,148.11388929036,2,0.17268819806839
3151,0.214616755793226,148.160861396156,2,0.144369526844744
3152,0.217112299465241,148.207833501951,2,0.133142300997542
3153,0.223885918003565,148.254805607747,2,0.107975638503528
3154,0.226737967914439,148.301777713542,2,0.0993540294017617
3155,0.223885918003565,148.348749819338,2,0.107975638503528
3156,0.216042780748663,148.395721925134,2,0.137811624621391
3157,0.225668449197861,148.442694030929,2,0.102465475304575
3158,0.244206773618538,148.489666136725,2,0.0643472600949594
3159,0.245276292335116,148.536638242521,2,0.0629430633753488
3160,0.233511586452763,148.583610348316,2,0.0826209776392116
3161,0.230659536541889,148.630582454112,2,0.0890832175668622
3162,0.215329768270945,148.677554559908,2,0.141042055017344
3163,0.193939393939394,148.724526665703,2,0.295055054777713
3164,0.177540106951872,148.771498771499,1,0.503540590608894
3165,0.170053475935829,148.818470877294,1,0.614589074146404
3166,0.17397504456328,148.86544298309,1,0.556222611138865
3167,0.187878787878788,148.912415088886,2,0.363360398843724
3168,0.203921568627451,148.959387194681,2,0.207765990912991
3169,0.209269162210339,149.006359300477,2,0.17268819806839
3170,0.210695187165775,149.053331406273,2,0.164523890047979
3171,0.21319073083779,149.100303512068,2,0.15132610125974
3172,0.214973262032086,149.147275617864,2,0.1426934980181
3173,0.216042780748663,149.19424772366,2,0.137811624621391
3174,0.215329768270945,149.241219829455,2,0.141042055017344
3175,0.217112299465241,149.288191935251,2,0.133142300997542
3176,0.216755793226381,149.335164041046,2,0.13467565651305
3177,0.230659536541889,149.382136146842,2,0.0890832175668622
3178,0.231729055258467,149.429108252638,2,0.0865672792270691
3179,0.227807486631016,149.476080358433,2,0.0963808426446485
3180,0.221033868092692,149.523052464229,2,0.117704544282493
3181,0.217112299465241,149.570024570025,2,0.133142300997542
3182,0.21319073083779,149.61699667582,2,0.15132610125974
3183,0.207486631016043,149.663968781616,2,0.183572123906108
3184,0.201426024955437,149.710940887411,2,0.226771811067875
3185,0.19572192513369,149.757912993207,2,0.27719989678805
3186,0.189661319073084,149.804885099003,2,0.342067770616767
3187,0.183600713012478,149.851857204798,2,0.418263109207048
3188,0.172192513368984,149.898829310594,1,0.582797288053519
3189,0.156149732620321,149.94580141639,1,0.800187728045124
3190,0.145454545454545,149.992773522185,1,0.897247438656641
3191,0.14795008912656,150.039745627981,1,0.878636003923711
3192,0.161140819964349,150.086717733777,1,0.739789514201644
3193,0.1650623885918,150.133689839572,1,0.686790105026443
3194,0.179679144385027,150.180661945368,2,0.472641225876226
3195,0.201782531194296,150.227634051163,2,0.223947270621169
3196,0.228520499108734,150.274606156959,2,0.094472541402233
3197,0.253832442067736,150.321578262755,2,0.0538230359317509
3198,0.279144385026738,150.36855036855,2,0.0420313007234206
3199,0.301247771836007,150.415522474346,2,0.0443841873151129
3200,0.313725490196078,150.462494580142,2,0.0511475299969199
3201,0.312655971479501,150.509466685937,2,0.0503733083396539
3202,0.308377896613191,150.556438791733,2,0.0476664027016535
3203,0.301604278074866,150.603410897529,2,0.0445152429270769
3204,0.293404634581105,150.650383003324,2,0.0422919104804998
3205,0.284491978609626,150.69735510912,2,0.0416113068402193
3206,0.274153297682709,150.744327214915,2,0.0429980450141216
3207,0.264527629233512,150.791299320711,2,0.0465853390309569
3208,0.258467023172906,150.838271426507,2,0.0502011018235606
3209,0.258110516934046,150.885243532302,2,0.0504515339077752
3210,0.245276292335116,150.932215638098,2,0.0629430633753488
3211,0.234224598930481,150.979187743894,2,0.081124682690485
3212,0.233511586452763,151.026159849689,2,0.0826209776392116
3213,0.236363636363636,151.073131955485,2,0.0769001144892598
3214,0.236720142602496,151.120104061281,2,0.0762328841466821
3215,0.233868092691622,151.167076167076,2,0.0818671307430452
3216,0.232442067736185,151.214048272872,2,0.084952636312124
3217,0.232085561497326,151.261020378667,2,0.0857538169693488
3218,0.235650623885918,151.307992484463,2,0.0782655476404335
3219,0.238146167557932,151.354964590259,2,0.0736637122022718
3220,0.241711229946524,151.401936696054,2,0.0678900992893204
3221,0.240998217468806,151.44890880185,2,0.06897485550607
3222,0.23921568627451,151.495880907646,2,0.071837544970447
3223,0.234224598930481,151.542853013441,2,0.081124682690485
3224,0.231729055258467,151.589825119237,2,0.0865672792270691
3225,0.241711229946524,151.636797225033,2,0.0678900992893203
3226,0.239928698752228,151.683769330828,2,0.0706659877052685
3227,0.241711229946524,151.730741436624,2,0.0678900992893204
3228,0.24777183600713,151.777713542419,2,0.0599125643894444
3229,0.249197860962567,151.824685648215,2,0.0583258043584955
3230,0.248484848484849,151.871657754011,2,0.0591065416470222
3231,0.250980392156863,151.918629859806,2,0.0564802253755426
3232,0.254188948306595,151.965601965602,2,0.0535149760816739
3233,0.252762923351159,152.012574071398,2,0.0547786503255093
3234,0.241354723707665,152.059546177193,2,0.0684282928219272
3235,0.23030303030303,152.106518282989,2,0.0899476823508696
3236,0.222816399286988,152.153490388785,2,0.111487183755526
3237,0.213903743315508,152.20046249458,2,0.147796657796955
3238,0.201069518716578,152.247434600376,2,0.22963360692238
3239,0.172549019607843,152.294406706171,1,0.577482007473242
3240,0.140819964349376,152.341378811967,1,0.925809992399483
3241,0.115508021390374,152.388350917763,1,0.990798629799589
3242,0.0770053475935829,152.435323023558,1,0.999820011958466
3243,0.0470588235294118,152.482295129354,1,0.999995187466858
3244,0.0320855614973262,152.52926723515,1,0.999999344103284
3245,0.0160427807486631,152.576239340945,1,0.999999932239307
3246,0.00784313725490196,152.623211446741,1,0.999999979875392
3247,0.00677361853832442,152.670183552537,1,0.999999982868703
3248,0.00606060606060606,152.717155658332,1,0.999999984617885
3249,0.0053475935828877,152.764127764128,1,0.999999986192269
3250,0.00499108734402852,152.811099869923,1,0.999999986919311
3251,0.00641711229946524,152.858071975719,1,0.999999983766279
3252,0.00677361853832442,152.905044081515,1,0.999999982868703
3253,0.00748663101604278,152.95201618731,1,0.999999980925863
3254,0.00819964349376114,152.998988293106,1,0.999999978768531
3255,0.0106951871657754,153.045960398902,1,0.999999969174383
3256,0.0149732620320856,153.092932504697,1,0.999999942043454
3257,0.027807486631016,153.139904610493,1,0.999999637041698
3258,0.0338680926916221,153.186876716289,1,0.999999163164829
3259,0.035650623885918,153.233848822084,1,0.999998934146959
3260,0.0402852049910873,153.28082092788,1,0.99999801687415
3261,0.0541889483065954,153.327793033675,1,0.999988087417658
3262,0.0723707664884135,153.374765139471,1,0.999893919866732
3263,0.110516934046346,153.421737245267,1,0.994205594519055
3264,0.154010695187166,153.468709351062,1,0.823235222221061
3265,0.175044563279857,153.515681456858,1,0.540316829943062
3266,0.196078431372549,153.562653562654,2,0.273750879430953
3267,0.221390374331551,153.609625668449,2,0.11642334412553
3268,0.239572192513369,153.656597774245,2,0.0712472666157434
3269,0.248841354723708,153.70356988004,2,0.0587130549522764
3270,0.255971479500891,153.750541985836,2,0.0520503811873
3271,0.257754010695187,153.797514091632,2,0.0507064604602417
3272,0.25632798573975,153.844486197427,2,0.0517721752073187
3273,0.25632798573975,153.891458303223,2,0.0517721752073187
3274,0.258467023172906,153.938430409019,2,0.0502011018235606
3275,0.262388591800357,153.985402514814,2,0.0477289843017269
3276,0.266666666666667,154.03237462061,2,0.0455754120927234
3277,0.271657754010695,154.079346726406,2,0.0437002019488884
3278,0.280570409982175,154.126318832201,2,0.0418581564093423
3279,0.287700534759358,154.173290937997,2,0.0416568882548967
3280,0.293404634581105,154.220263043792,2,0.0422919104804998
3281,0.284135472370766,154.267235149588,2,0.0416199654510232
3282,0.284848484848485,154.314207255384,2,0.0416053934328681
3283,0.288413547237077,154.361179361179,2,0.0416972564246667
3284,0.293761140819964,154.408151466975,2,0.0423556210312152
3285,0.298039215686275,154.455123572771,2,0.0433493543597783
3286,0.302317290552585,154.502095678566,2,0.0447872916913673
3287,0.303386809269162,154.549067784362,2,0.0452206128938116
3288,0.303030303030303,154.596039890158,2,0.0450727689983406
3289,0.297326203208556,154.643011995953,2,0.043153780360425
3290,0.28698752228164,154.689984101749,2,0.0416275359385478
3291,0.277361853832442,154.736956207544,2,0.0423113812587141
3292,0.273083778966132,154.78392831334,2,0.0432805428079639
3293,0.268449197860963,154.830900419136,2,0.044830719097829
3294,0.26524064171123,154.877872524931,2,0.0462342158341202
3295,0.26096256684492,154.924844630727,2,0.0485697297793136
3296,0.261675579322638,154.971816736523,2,0.0481413085598955
3297,0.258823529411765,155.018788842318,2,0.0499551128118862
3298,0.246345811051693,155.065760948114,2,0.0616032808600155
3299,0.233155080213904,155.11273305391,2,0.0833863945334798
3300,0.224598930481283,155.159705159705,2,0.105721462070201
3301,0.219964349376114,155.206677265501,2,0.121665753141309
3302,0.21319073083779,155.253649371296,2,0.15132610125974
3303,0.198930481283422,155.300621477092,2,0.247601781995905
3304,0.18716577540107,155.347593582888,2,0.372147939662444
3305,0.177540106951872,155.394565688683,1,0.503540590608894
3306,0.182174688057041,155.441537794479,2,0.437641655896475
3307,0.192513368983957,155.488509900275,2,0.310074635321889
3308,0.207130124777184,155.53548200607,2,0.185842860892558
3309,0.216755793226381,155.582454111866,2,0.13467565651305
3310,0.225311942959002,155.629426217662,2,0.103534426560596
3311,0.239928698752228,155.676398323457,2,0.0706659877052685
3312,0.253832442067736,155.723370429253,2,0.0538230359317509
3313,0.254188948306595,155.770342535048,2,0.0535149760816739
3314,0.260606060606061,155.817314640844,2,0.0487900844489964
3315,0.268449197860963,155.86428674664,2,0.044830719097829
3316,0.272014260249554,155.911258852435,2,0.0435906215444182
3317,0.272370766488414,155.958230958231,2,0.043484165171336
3318,0.274509803921569,156.005203064027,2,0.0429099221564594
3319,0.278787878787879,156.052175169822,2,0.0420816271177998
3320,0.28270944741533,156.099147275618,2,0.0416820925125841
3321,0.272014260249554,156.146119381414,2,0.0435906215444182
3322,0.272014260249554,156.193091487209,2,0.0435906215444182
3323,0.27379679144385,156.240063593005,2,0.0430891776231117
3324,0.276648841354724,156.2870356988,2,0.0424434826255456
3325,0.280570409982175,156.334007804596,2,0.0418581564093423
3326,0.281996434937611,156.380979910392,2,0.0417296946156144
3327,0.280213903743316,156.427952016187,2,0.0418972352835395
3328,0.277718360071301,156.474924121983,2,0.042249654102186
3329,0.27843137254902,156.521896227779,2,0.0421347879747758
3330,0.276648841354724,156.568868333574,2,0.0424434826255456
3331,0.283778966131907,156.61584043937,2,0.0416313709041537
3332,0.288057040998217,156.662812545166,2,0.0416756936426108
3333,0.284491978609626,156.709784650961,2,0.0416113068402193
3334,0.287700534759358,156.756756756757,2,0.0416568882548967
3335,0.293048128342246,156.803728862552,2,0.0422310744563635
3336,0.290196078431373,156.850700968348,2,0.041846592595566
3337,0.289126559714795,156.897673074144,2,0.0417486710349733
3338,0.290909090909091,156.944645179939,2,0.0419258123019267
3339,0.293761140819964,156.991617285735,2,0.0423556210312152
3340,0.293404634581105,157.038589391531,2,0.0422919104804998
3341,0.290909090909091,157.085561497326,2,0.0419258123019267
3342,0.288413547237077,157.132533603122,2,0.0416972564246667
3343,0.28698752228164,157.179505708918,2,0.0416275359385478
3344,0.286274509803922,157.226477814713,2,0.0416091772442929
3345,0.290196078431373,157.273449920509,2,0.041846592595566
3346,0.292335115864528,157.320422026304,2,0.0421179801391359
3347,0.293761140819964,157.3673941321,2,0.0423556210312152
3348,0.290196078431373,157.414366237896,2,0.041846592595566
3349,0.285204991087344,157.461338343691,2,0.0416022241097946
3350,0.281996434937611,157.508310449487,2,0.0417296946156144
3351,0.275579322638146,157.555282555283,2,0.0426634457108036
3352,0.270231729055258,157.602254661078,2,0.0441701976570837
3353,0.265953654188948,157.649226766874,2,0.0458976624695658
3354,0.254188948306595,157.696198872669,2,0.0535149760816739
3355,0.245276292335116,157.743170978465,2,0.0629430633753488
3356,0.245276292335116,157.790143084261,2,0.0629430633753488
3357,0.236007130124777,157.837115190056,2,0.0775776178915898
3358,0.215329768270945,157.884087295852,2,0.141042055017344
3359,0.196434937611408,157.931059401648,2,0.270342298194369
3360,0.188235294117647,157.978031507443,2,0.3590239354392
3361,0.178966131907308,158.025003613239,2,0.482860710810652
3362,0.183600713012478,158.071975719035,2,0.418263109207048
3363,0.194652406417112,158.11894782483,2,0.287790651865545
3364,0.209625668449198,158.165919930626,2,0.170602930169201
3365,0.221033868092692,158.212892036421,2,0.117704544282493
3366,0.224955436720143,158.259864142217,2,0.104619674767062
3367,0.227450980392157,158.306836248013,2,0.0973569200698169
3368,0.229946524064171,158.353808353808,2,0.0908253810511028
3369,0.247415329768271,158.400780459604,2,0.0603252747770023
3370,0.243137254901961,158.4477525654,2,0.0658186491056242
3371,0.239572192513369,158.494724671195,2,0.0712472666157434
3372,0.244206773618538,158.541696776991,2,0.0643472600949594
3373,0.248128342245989,158.588668882787,2,0.0595063493260242
3374,0.253832442067736,158.635640988582,2,0.0538230359317509
3375,0.263814616755793,158.682613094378,2,0.0469513113255577
3376,0.272727272727273,158.729585200173,2,0.0433808122462695
3377,0.275222816399287,158.776557305969,2,0.0427426385542663
3378,0.289126559714795,158.823529411765,2,0.0417486710349733
3379,0.289839572192513,158.87050151756,2,0.0418111710636578
3380,0.279500891265597,158.917473623356,2,0.0419837992174351
3381,0.274866310160428,158.964445729152,2,0.0428247921172951
3382,0.280570409982175,159.011417834947,2,0.0418581564093423
3383,0.283065953654189,159.058389940743,2,0.0416624314943373
3384,0.277718360071301,159.105362046539,2,0.042249654102186
3385,0.277718360071301,159.152334152334,2,0.042249654102186
3386,0.286631016042781,159.19930625813,2,0.041616983452478
3387,0.287344028520499,159.246278363925,2,0.0416408366999972
3388,0.280570409982175,159.293250469721,2,0.0418581564093423
3389,0.279857397504456,159.340222575517,2,0.0419391135680977
3390,0.284848484848485,159.387194681312,2,0.0416053934328681
3391,0.278787878787879,159.434166787108,2,0.0420816271177998
3392,0.26524064171123,159.481138892904,2,0.0462342158341202
3393,0.262032085561497,159.528110998699,2,0.0479331554056538
3394,0.255258467023173,159.575083104495,2,0.052621326223698
3395,0.245989304812834,159.622055210291,2,0.0620428835435552
3396,0.239572192513369,159.669027316086,2,0.0712472666157434
3397,0.233868092691622,159.715999421882,2,0.0818671307430453
3398,0.227094474153298,159.762971527677,2,0.0983479079010685
3399,0.216399286987522,159.809943633473,2,0.136231992401206
3400,0.206773618538324,159.856915739269,2,0.188145723231491
3401,0.202139037433155,159.903887845064,2,0.221159700448823
3402,0.207130124777184,159.95085995086,2,0.185842860892558
3403,0.21283422459893,159.997832056656,2,0.153130028336651
3404,0.219251336898396,160.044804162451,2,0.124407409878216
3405,0.222459893048128,160.091776268247,2,0.112693469722017
3406,0.22602495543672,160.138748374043,2,0.10141258203226
3407,0.229233511586453,160.185720479838,2,0.0926212795678123
3408,0.231729055258467,160.232692585634,2,0.086567279227069
3409,0.236720142602496,160.279664691429,2,0.0762328841466821
3410,0.242424242424242,160.326636797225,2,0.0668383422028336
3411,0.248484848484848,160.373608903021,2,0.0591065416470222
3412,0.249910873440285,160.420581008816,2,0.0575696793910372
3413,0.249554367201426,160.467553114612,2,0.057944706476878
3414,0.249554367201426,160.514525220408,2,0.057944706476878
3415,0.253475935828877,160.561497326203,2,0.0541362908119072
3416,0.258467023172906,160.608469431999,2,0.0502011018235606
3417,0.253475935828877,160.655441537795,2,0.0541362908119072
3418,0.255258467023173,160.70241364359,2,0.052621326223698
3419,0.25632798573975,160.749385749386,2,0.0517721752073187
3420,0.257754010695187,160.796357855181,2,0.0507064604602417
3421,0.258110516934046,160.843329960977,2,0.0504515339077752
3422,0.253832442067736,160.890302066773,2,0.0538230359317509
3423,0.24777183600713,160.937274172568,2,0.0599125643894444
3424,0.241711229946524,160.984246278364,2,0.0678900992893204
3425,0.24349376114082,161.03121838416,2,0.0653205428441643
3426,0.236363636363636,161.078190489955,2,0.0769001144892598
3427,0.227807486631016,161.125162595751,2,0.0963808426446485
3428,0.2174688057041,161.172134701546,2,0.131631612598901
3429,0.21319073083779,161.219106807342,2,0.15132610125974
3430,0.207843137254902,161.266078913138,2,0.181333166928288
3431,0.202139037433155,161.313051018933,2,0.221159700448823
3432,0.197504456327986,161.360023124729,2,0.26035779568449
3433,0.196791443850267,161.406995230525,2,0.266974022425607
3434,0.185739750445633,161.45396733632,2,0.390170268623006
3435,0.176114081996435,161.500939442116,1,0.52448293208368
3436,0.171479500891266,161.547911547912,1,0.593418986671837
3437,0.171479500891266,161.594883653707,1,0.593418986671837
3438,0.168627450980392,161.641855759503,1,0.635589264594311
3439,0.162923351158645,161.688827865298,1,0.716220055262454
3440,0.160427807486631,161.735799971094,1,0.748944540802986
3441,0.144741532976827,161.78277207689,1,0.902135334189542
3442,0.138680926916221,161.829744182685,1,0.936597200363748
3443,0.136541889483066,161.876716288481,1,0.946034190265645
3444,0.140819964349376,161.923688394277,1,0.925809992399483
3445,0.137967914438503,161.970660500072,1,0.93988685572229
3446,0.13048128342246,162.017632605868,1,0.966508459726333
3447,0.128698752228164,162.064604711664,1,0.971049501893769
3448,0.134046345811052,162.111576817459,1,0.955501116760335
3449,0.122638146167558,162.158548923255,1,0.982655656943989
3450,0.122638146167558,162.20552102905,1,0.982655656943989
3451,0.12620320855615,162.252493134846,1,0.976482910219188
3452,0.128698752228164,162.299465240642,1,0.971049501893769
3453,0.127629233511586,162.346437346437,1,0.973502536502305
3454,0.116577540106952,162.393409452233,1,0.989860038840601
3455,0.0816399286987522,162.440381558029,1,0.999698156102061
3456,0.0420677361853832,162.487353663824,1,0.999997489742962
3457,0.00998217468805704,162.53432576962,1,0.999999972279888
3458,0.0114081996434938,162.581297875416,1,0.999999965730399
3459,0.00748663101604278,162.628269981211,1,0.999999980925863
3460,0.0106951871657754,162.675242087007,1,0.999999969174383
3461,0.0388591800356506,162.722214192802,1,0.999998359719826
3462,0.0994652406417112,162.769186298598,1,0.998023918340907
3463,0.15650623885918,162.816158404394,1,0.796173809987047
3464,0.184313725490196,162.863130510189,2,0.408763554698108
3465,0.221390374331551,162.910102615985,2,0.11642334412553
3466,0.2349376114082,162.957074721781,2,0.0796733116730506
3467,0.248841354723708,163.004046827576,2,0.0587130549522764
3468,0.25632798573975,163.051018933372,2,0.0517721752073187
3469,0.264171122994652,163.097991039168,2,0.0467664510931315
3470,0.271657754010695,163.144963144963,2,0.0437002019488884
3471,0.276648841354724,163.191935250759,2,0.0424434826255456
3472,0.27807486631016,163.238907356554,2,0.0421907934137444
3473,0.279144385026738,163.28587946235,2,0.0420313007234206
3474,0.277718360071301,163.332851568146,2,0.042249654102186
3475,0.278787878787879,163.379823673941,2,0.0420816271177998
3476,0.27843137254902,163.426795779737,2,0.0421347879747758
3477,0.281283422459893,163.473767885533,2,0.0417883677481324
3478,0.280213903743316,163.520739991328,2,0.0418972352835395
3479,0.280570409982175,163.567712097124,2,0.0418581564093423
3480,0.279500891265597,163.61468420292,2,0.0419837992174351
3481,0.293048128342246,163.661656308715,2,0.0422310744563635
3482,0.293761140819964,163.708628414511,2,0.0423556210312152
3483,0.295900178253119,163.755600520306,2,0.042798969610294
3484,0.302317290552585,163.802572626102,2,0.0447872916913673
3485,0.309803921568627,163.849544731898,2,0.0485021586516652
3486,0.31301247771836,163.896516837693,2,0.0506268340171366
3487,0.312299465240642,163.943488943489,2,0.0501242610662889
3488,0.309090909090909,163.990461049285,2,0.0480762584447133
3489,0.311586452762923,164.03743315508,2,0.0496393984004329
3490,0.311229946524064,164.084405260876,2,0.0494034838257487
3491,0.308021390374332,164.131377366672,2,0.0474673878018104
3492,0.303386809269162,164.178349472467,2,0.0452206128938116
3493,0.306951871657754,164.225321578263,2,0.0468935178618568
3494,0.312299465240642,164.272293684058,2,0.0501242610662889
3495,0.314081996434938,164.319265789854,2,0.0514148075906437
3496,0.312655971479501,164.36623789565,2,0.0503733083396539
3497,0.313368983957219,164.413210001445,2,0.0508848901948265
3498,0.31301247771836,164.460182107241,2,0.0506268340171366
3499,0.310873440285205,164.507154213037,2,0.0491718492628153
3500,0.309447415329768,164.554126318832,2,0.0482871818115141
3501,0.309090909090909,164.601098424628,2,0.0480762584447133
3502,0.30873440285205,164.648070530423,2,0.0478693459735834
3503,0.303743315508021,164.695042636219,2,0.0453718987827729
3504,0.299465240641711,164.742014742015,2,0.0437775938345742
3505,0.302317290552585,164.78898684781,2,0.0447872916913673
3506,0.298395721925134,164.835958953606,2,0.043451747905269
3507,0.299108734402852,164.882931059402,2,0.0436658469399739
3508,0.306951871657754,164.929903165197,2,0.0468935178618568
3509,0.317647058823529,164.976875270993,2,0.0543553558786428
3510,0.323351158645276,165.023847376789,2,0.0601964477766607
3511,0.319429590017825,165.070819482584,2,0.0560207161418951
3512,0.312299465240642,165.11779158838,2,0.0501242610662889
3513,0.30445632798574,165.164763694175,2,0.0456849163517139
3514,0.305169340463458,165.211735799971,2,0.0460120686536307
3515,0.306238859180036,165.258707905767,2,0.0465298693467827
3516,0.304099821746881,165.305680011562,2,0.04552665643599
3517,0.298395721925134,165.352652117358,2,0.043451747905269
3518,0.291978609625668,165.399624223154,2,0.0420657003018588
3519,0.288413547237077,165.446596328949,2,0.0416972564246667
3520,0.286631016042781,165.493568434745,2,0.041616983452478
3521,0.284491978609626,165.540540540541,2,0.0416113068402193
3522,0.278787878787879,165.587512646336,2,0.0420816271177998
3523,0.277718360071301,165.634484752132,2,0.042249654102186
3524,0.280213903743316,165.681456857927,2,0.0418972352835395
3525,0.284491978609626,165.728428963723,2,0.0416113068402193
3526,0.285918003565062,165.775401069519,2,0.0416041158365032
3527,0.291978609625668,165.822373175314,2,0.0420657003018588
3528,0.299108734402852,165.86934528111,2,0.0436658469399739
3529,0.304812834224599,165.916317386906,2,0.0458467097643992
3530,0.302317290552585,165.963289492701,2,0.0447872916913673
3531,0.301604278074866,166.010261598497,2,0.0445152429270769
3532,0.301604278074866,166.057233704293,2,0.0445152429270769
3533,0.303386809269162,166.104205810088,2,0.0452206128938116
3534,0.303030303030303,166.151177915884,2,0.0450727689983406
3535,0.301604278074866,166.198150021679,2,0.0445152429270769
3536,0.29982174688057,166.245122127475,2,0.0438925009672099
3537,0.306238859180036,166.292094233271,2,0.0465298693467827
3538,0.307664884135472,166.339066339066,2,0.0472722613046874
3539,0.310873440285205,166.386038444862,2,0.0491718492628153
3540,0.315151515151515,166.433010550658,2,0.0522450247603527
3541,0.321212121212121,166.479982656453,2,0.0578276328944742
3542,0.329411764705882,166.526954762249,2,0.0682603198797862
3543,0.33475935828877,166.573926868045,2,0.0773661774212924
3544,0.337254901960784,166.62089897384,2,0.0823857146732019
3545,0.337967914438503,166.667871079636,2,0.0839210172347883
3546,0.340106951871658,166.714843185431,2,0.0888175046700891
3547,0.344741532976827,166.761815291227,2,0.10108893954601
3548,0.345811051693405,166.808787397023,2,0.104280999349721
3549,0.34331550802139,166.855759502818,2,0.0970523101430793
3550,0.341176470588235,166.902731608614,2,0.091438409992938
3551,0.337254901960784,166.94970371441,2,0.0823857146732019
3552,0.335472370766488,166.996675820205,2,0.078746063545361
3553,0.333333333333333,167.043647926001,2,0.0747297439061547
3554,0.330124777183601,167.090620031797,2,0.0693566759044447
3555,0.324777183600713,167.137592137592,2,0.0619056680621927
3556,0.315864527629234,167.184564243388,2,0.0528227332365861
3557,0.304812834224599,167.231536349183,2,0.0458467097643992
3558,0.293761140819964,167.278508454979,2,0.0423556210312152
3559,0.285561497326203,167.325480560775,2,0.0416017982712025
3560,0.280926916221034,167.37245266657,2,0.0418218695262667
3561,0.27379679144385,167.419424772366,2,0.0430891776231117
3562,0.272727272727273,167.466396878162,2,0.0433808122462695
3563,0.272370766488414,167.513368983957,2,0.043484165171336
3564,0.270231729055258,167.560341089753,2,0.0441701976570837
3565,0.268805704099822,167.607313195548,2,0.0446919904502777
3566,0.269875222816399,167.654285301344,2,0.0442957291655921
3567,0.272727272727273,167.70125740714,2,0.0433808122462695
3568,0.275579322638146,167.748229512935,2,0.0426634457108036
3569,0.27843137254902,167.795201618731,2,0.0421347879747758
3570,0.285204991087344,167.842173724527,2,0.0416022241097946
3571,0.292335115864528,167.889145830322,2,0.0421179801391359
3572,0.295187165775401,167.936117936118,2,0.0426394600665594
3573,0.29554367201426,167.983090041914,2,0.0427177368652416
3574,0.298039215686275,168.030062147709,2,0.0433493543597783
3575,0.309090909090909,168.077034253505,2,0.0480762584447133
3576,0.31729055258467,168.1240063593,2,0.0540384804820984
3577,0.32192513368984,168.170978465096,2,0.0585921690120349
3578,0.316577540106952,168.217950570892,2,0.0534203851438414
3579,0.31301247771836,168.264922676687,2,0.0506268340171366
3580,0.315508021390374,168.311894782483,2,0.0525314165911043
3581,0.321212121212121,168.358866888279,2,0.0578276328944742
3582,0.32620320855615,168.405838994074,2,0.0637257850829765
3583,0.326559714795009,168.45281109987,2,0.0641988802985712
3584,0.325133689839572,168.499783205666,2,0.0623500588939538
3585,0.325846702317291,168.546755311461,2,0.0632600176975678
3586,0.325490196078431,168.593727417257,2,0.0628014758241666
3587,0.325133689839572,168.640699523052,2,0.0623500588939538
3588,0.326559714795009,168.687671628848,2,0.0641988802985713
3589,0.329055258467023,168.734643734644,2,0.0677247000826686
3590,0.327985739750446,168.781615840439,2,0.0661666484932048
3591,0.32620320855615,168.828587946235,2,0.0637257850829765
3592,0.323707664884135,168.875560052031,2,0.0606136890487796
3593,0.327272727272727,168.922532157826,2,0.065167472393478
3594,0.328342245989305,168.969504263622,2,0.0666779806648453
3595,0.31301247771836,169.016476369418,2,0.0506268340171366
3596,0.298039215686275,169.063448475213,2,0.0433493543597783
3597,0.293048128342246,169.110420581009,2,0.0422310744563635
3598,0.281283422459893,169.157392686804,2,0.0417883677481324
3599,0.270944741532977,169.2043647926,2,0.0439288203315882
3600,0.274866310160428,169.251336898396,2,0.0428247921172951
3601,0.270588235294118,169.298309004191,2,0.0440479026410585
3602,0.269162210338681,169.345281109987,2,0.0445566001117059
3603,0.268449197860963,169.392253215783,2,0.044830719097829
3604,0.267379679144385,169.439225321578,2,0.0452672099750944
3605,0.268092691622103,169.486197427374,2,0.0449728132130926
3606,0.269875222816399,169.53316953317,2,0.0442957291655921
3607,0.273083778966132,169.580141638965,2,0.0432805428079639
3608,0.276292335115865,169.627113744761,2,0.0425138820583927
3609,0.277005347593583,169.674085850556,2,0.0423759866562815
3610,0.284135472370766,169.721057956352,2,0.0416199654510232
3611,0.289126559714795,169.768030062148,2,0.0417486710349733
3612,0.288770053475936,169.815002167943,2,0.0417215806857703
3613,0.289483065953654,169.861974273739,2,0.0417785326069888
3614,0.28698752228164,169.908946379535,2,0.0416275359385478
3615,0.283065953654189,169.95591848533,2,0.0416624314943373
3616,0.278787878787879,170.002890591126,2,0.0420816271177998
3617,0.263101604278075,170.049862696922,2,0.0473324247231341
3618,0.269162210338681,170.096834802717,2,0.0445566001117059
3619,0.274153297682709,170.143806908513,2,0.0429980450141216
3620,0.27379679144385,170.190779014308,2,0.0430891776231117
3621,0.268805704099822,170.237751120104,2,0.0446919904502777
3622,0.26524064171123,170.2847232259,2,0.0462342158341202
3623,0.268092691622103,170.331695331695,2,0.0449728132130926
3624,0.270231729055258,170.378667437491,2,0.0441701976570837
3625,0.271657754010695,170.425639543287,2,0.0437002019488884
3626,0.27807486631016,170.472611649082,2,0.0421907934137444
3627,0.280926916221034,170.519583754878,2,0.0418218695262667
3628,0.28698752228164,170.566555860674,2,0.0416275359385478
3629,0.299108734402852,170.613527966469,2,0.0436658469399739
3630,0.301247771836007,170.660500072265,2,0.0443841873151129
3631,0.298752228163993,170.70747217806,2,0.0435572386354631
3632,0.302673796791444,170.754444283856,2,0.0449283380445678
3633,0.310516934046346,170.801416389652,2,0.0489444475415831
3634,0.310873440285205,170.848388495447,2,0.0491718492628153
3635,0.309447415329768,170.895360601243,2,0.0482871818115141
3636,0.306595365418895,170.942332707039,2,0.0467098251649508
3637,0.305882352941176,170.989304812834,2,0.04635361456076
3638,0.307664884135472,171.03627691863,2,0.0472722613046874
3639,0.311229946524064,171.083249024426,2,0.0494034838257487
3640,0.315508021390374,171.130221130221,2,0.0525314165911043
3641,0.319429590017825,171.177193236017,2,0.0560207161418951
3642,0.318360071301248,171.224165341812,2,0.0550050956700566
3643,0.314081996434938,171.271137447608,2,0.0514148075906437
3644,0.310160427807487,171.318109553404,2,0.048721232436148
3645,0.306951871657754,171.365081659199,2,0.0468935178618568
3646,0.303743315508021,171.412053764995,2,0.0453718987827729
3647,0.298752228163993,171.459025870791,2,0.0435572386354631
3648,0.294830659536542,171.505997976586,2,0.0425641242185355
3649,0.294117647058824,171.552970082382,2,0.0424222182656571
3650,0.293048128342246,171.599942188177,2,0.0422310744563635
3651,0.291622103386809,171.646914293973,2,0.0420162518966323
3652,0.290196078431373,171.693886399769,2,0.041846592595566
3653,0.285918003565062,171.740858505564,2,0.0416041158365032
3654,0.276648841354724,171.78783061136,2,0.0424434826255456
3655,0.264527629233512,171.834802717156,2,0.0465853390309569
3656,0.257040998217469,171.881774822951,2,0.0512300076573834
3657,0.244206773618538,171.928746928747,2,0.0643472600949594
3658,0.246345811051693,171.975719034543,2,0.0616032808600155
3659,0.250623885918004,172.022691140338,2,0.0568375171729097
3660,0.257040998217469,172.069663246134,2,0.0512300076573834
3661,0.258823529411765,172.116635351929,2,0.0499551128118862
3662,0.259536541889483,172.163607457725,2,0.0494762634266309
3663,0.26524064171123,172.210579563521,2,0.0462342158341202
3664,0.272727272727273,172.257551669316,2,0.0433808122462695
3665,0.270588235294118,172.304523775112,2,0.0440479026410585
3666,0.277361853832442,172.351495880908,2,0.0423113812587141
3667,0.283778966131907,172.398467986703,2,0.0416313709041537
3668,0.283778966131907,172.445440092499,2,0.0416313709041537
3669,0.279144385026738,172.492412198295,2,0.0420313007234206
3670,0.27807486631016,172.53938430409,2,0.0421907934137444
3671,0.284848484848485,172.586356409886,2,0.0416053934328681
3672,0.292691622103387,172.633328515681,2,0.0421731013583015
3673,0.302317290552585,172.680300621477,2,0.0447872916913673
3674,0.311942959001783,172.727272727273,2,0.049879641114405
3675,0.316577540106952,172.774244833068,2,0.0534203851438414
3676,0.319786096256684,172.821216938864,2,0.0563704784110215
3677,0.325846702317291,172.86818904466,2,0.0632600176975678
3678,0.323351158645276,172.915161150455,2,0.0601964477766607
3679,0.31729055258467,172.962133256251,2,0.0540384804820983
3680,0.320142602495544,173.009105362047,2,0.0567259747134971
3681,0.316934046345811,173.056077467842,2,0.0537268453969542
3682,0.314081996434938,173.103049573638,2,0.0514148075906437
3683,0.311586452762923,173.150021679433,2,0.0496393984004329
3684,0.314081996434938,173.196993785229,2,0.0514148075906437
3685,0.31301247771836,173.243965891025,2,0.0506268340171366
3686,0.30873440285205,173.29093799682,2,0.0478693459735834
3687,0.309803921568627,173.337910102616,2,0.0485021586516652
3688,0.313368983957219,173.384882208412,2,0.0508848901948265
3689,0.305882352941176,173.431854314207,2,0.04635361456076
3690,0.305169340463458,173.478826420003,2,0.0460120686536307
3691,0.305525846702317,173.525798525799,2,0.0461810257532608
3692,0.302317290552585,173.572770631594,2,0.0447872916913673
3693,0.299108734402852,173.61974273739,2,0.0436658469399739
3694,0.297326203208556,173.666714843185,2,0.043153780360425
3695,0.301604278074866,173.713686948981,2,0.0445152429270769
3696,0.303030303030303,173.760659054777,2,0.0450727689983406
3697,0.313368983957219,173.807631160572,2,0.0508848901948265
3698,0.312299465240642,173.854603266368,2,0.0501242610662889
3699,0.309803921568627,173.901575372164,2,0.0485021586516652
3700,0.301960784313725,173.948547477959,2,0.044649602300174
3701,0.294474153297683,173.995519583755,2,0.0424917149010911
3702,0.287344028520499,174.042491689551,2,0.0416408366999972
3703,0.283778966131907,174.089463795346,2,0.0416313709041537
3704,0.283422459893048,174.136435901142,2,0.0416455253586508
3705,0.276648841354724,174.183408006937,2,0.0424434826255456
3706,0.270588235294118,174.230380112733,2,0.0440479026410585
3707,0.26096256684492,174.277352218529,2,0.0485697297793136
3708,0.247058823529412,174.324324324324,2,0.0607445699909669
3709,0.222816399286988,174.37129643012,2,0.111487183755526
3710,0.193582887700535,174.418268535916,2,0.298748583694249
3711,0.170409982174688,174.465240641711,1,0.609309102520185
3712,0.159358288770053,174.512212747507,1,0.762363530538871
3713,0.172905525846702,174.559184853303,1,0.572165565995
3714,0.171479500891266,174.606156959098,1,0.593418986671837
3715,0.172192513368984,174.653129064894,1,0.582797288053519
3716,0.178966131907308,174.700101170689,2,0.482860710810652
3717,0.188591800356506,174.747073276485,2,0.354726139272892
3718,0.196791443850267,174.794045382281,2,0.266974022425607
3719,0.207130124777184,174.841017488076,2,0.185842860892558
3720,0.217112299465241,174.887989593872,2,0.133142300997542
3721,0.215686274509804,174.934961699668,2,0.139414871771418
3722,0.217825311942959,174.981933805463,2,0.1301432808253
3723,0.222103386809269,175.028905911259,2,0.113918079396851
3724,0.227094474153298,175.075878017055,2,0.0983479079010686
3725,0.235650623885918,175.12285012285,2,0.0782655476404335
3726,0.244206773618538,175.169822228646,2,0.0643472600949594
3727,0.251693404634581,175.216794334441,2,0.0557828391769409
3728,0.255971479500891,175.263766440237,2,0.0520503811873
3729,0.257040998217469,175.310738546033,2,0.0512300076573834
3730,0.258110516934046,175.357710651828,2,0.0504515339077752
3731,0.257754010695187,175.404682757624,2,0.0507064604602417
3732,0.252762923351159,175.45165486342,2,0.0547786503255093
3733,0.248484848484848,175.498626969215,2,0.0591065416470222
3734,0.24777183600713,175.545599075011,2,0.0599125643894444
3735,0.251336898395722,175.592571180806,2,0.0561286910017881
3736,0.254545454545455,175.639543286602,2,0.0532120466169336
3737,0.267023172905526,175.686515392398,2,0.045419570456808
3738,0.272727272727273,175.733487498193,2,0.0433808122462695
3739,0.28270944741533,175.780459603989,2,0.0416820925125841
3740,0.29126559714795,175.827431709785,2,0.0419696255179454
3741,0.29554367201426,175.87440381558,2,0.0427177368652416
3742,0.296256684491979,175.921375921376,2,0.0428831738773505
3743,0.294117647058824,175.968348027172,2,0.0424222182656571
3744,0.291978609625668,176.015320132967,2,0.0420657003018588
3745,0.297326203208556,176.062292238763,2,0.043153780360425
3746,0.295187165775401,176.109264344558,2,0.0426394600665594
3747,0.293404634581105,176.156236450354,2,0.0422919104804998
3748,0.290909090909091,176.20320855615,2,0.0419258123019267
3749,0.292335115864528,176.250180661945,2,0.0421179801391359
3750,0.298752228163993,176.297152767741,2,0.0435572386354631
3751,0.307664884135472,176.344124873537,2,0.0472722613046874
3752,0.315864527629234,176.391096979332,2,0.0528227332365861
3753,0.308377896613191,176.438069085128,2,0.0476664027016535
3754,0.299108734402852,176.485041190924,2,0.0436658469399739
3755,0.296969696969697,176.532013296719,2,0.0430605622065133
3756,0.291622103386809,176.578985402515,2,0.0420162518966323
3757,0.278787878787879,176.62595750831,2,0.0420816271177998
3758,0.275222816399287,176.672929614106,2,0.0427426385542663
3759,0.272014260249554,176.719901719902,2,0.0435906215444182
3760,0.263814616755793,176.766873825697,2,0.0469513113255577
3761,0.275222816399287,176.813845931493,2,0.0427426385542663
3762,0.265953654188948,176.860818037289,2,0.0458976624695658
3763,0.261675579322638,176.907790143084,2,0.0481413085598955
3764,0.265597147950089,176.95476224888,2,0.0460641348880686
3765,0.272370766488414,177.001734354676,2,0.043484165171336
3766,0.270944741532977,177.048706460471,2,0.0439288203315882
3767,0.26951871657754,177.095678566267,2,0.0444245216126999
3768,0.268805704099822,177.142650672062,2,0.0446919904502777
3769,0.272727272727273,177.189622777858,2,0.0433808122462695
3770,0.260606060606061,177.236594883654,2,0.0487900844489964
3771,0.24777183600713,177.283566989449,2,0.0599125643894444
3772,0.233868092691622,177.330539095245,2,0.0818671307430452
3773,0.22174688057041,177.377511201041,2,0.115161280544945
3774,0.216399286987522,177.424483306836,2,0.136231992401206
3775,0.203921568627451,177.471455412632,2,0.207765990912991
3776,0.182887700534759,177.518427518428,2,0.427891054715119
3777,0.175757575757576,177.565399624223,1,0.529750815064131
3778,0.166488413547237,177.612371730019,1,0.666584133318853
3779,0.149376114081996,177.659343835814,1,0.866918872809605
3780,0.135472370766488,177.70631594161,1,0.950284669827502
3781,0.133333333333333,177.753288047406,1,0.957926238042893
3782,0.142602495543672,177.800260153201,1,0.915702828474417
3783,0.161853832442068,177.847232258997,1,0.730474995590417
3784,0.17825311942959,177.894204364793,2,0.4931633449116
3785,0.200356506238859,177.941176470588,2,0.235470070227057
3786,0.205347593582888,177.988148576384,2,0.197685278899376
3787,0.21283422459893,178.03512068218,2,0.153130028336651
3788,0.218894830659537,178.082092787975,2,0.125809362934257
3789,0.223172905525847,178.129064893771,2,0.110298956933863
3790,0.229946524064171,178.176036999566,2,0.0908253810511028
3791,0.238146167557932,178.223009105362,2,0.0736637122022718
3792,0.244919786096257,178.269981211158,2,0.0634038375713656
3793,0.244206773618538,178.316953316953,2,0.0643472600949594
3794,0.24777183600713,178.363925422749,2,0.0599125643894444
3795,0.251336898395722,178.410897528545,2,0.0561286910017881
3796,0.254545454545455,178.45786963434,2,0.0532120466169336
3797,0.258110516934046,178.504841740136,2,0.0504515339077752
3798,0.262388591800357,178.551813845932,2,0.0477289843017269
3799,0.269875222816399,178.598785951727,2,0.0442957291655921
3800,0.274509803921569,178.645758057523,2,0.0429099221564594
3801,0.277718360071301,178.692730163318,2,0.042249654102186
3802,0.279857397504456,178.739702269114,2,0.0419391135680977
3803,0.283778966131907,178.78667437491,2,0.0416313709041537
3804,0.284848484848485,178.833646480705,2,0.0416053934328681
3805,0.286631016042781,178.880618586501,2,0.041616983452478
3806,0.284135472370766,178.927590692297,2,0.0416199654510232
3807,0.283422459893048,178.974562798092,2,0.0416455253586508
3808,0.283065953654189,179.021534903888,2,0.0416624314943373
3809,0.296969696969697,179.068507009684,2,0.0430605622065133
3810,0.300891265597148,179.115479115479,2,0.0442564098867534
3811,0.303743315508021,179.162451221275,2,0.0453718987827729
3812,0.30873440285205,179.20942332707,2,0.0478693459735834
3813,0.311942959001783,179.256395432866,2,0.049879641114405
3814,0.309803921568627,179.303367538662,2,0.0485021586516652
3815,0.305525846702317,179.350339644457,2,0.0461810257532608
3816,0.303030303030303,179.397311750253,2,0.0450727689983406
3817,0.297326203208556,179.444283856049,2,0.043153780360425
3818,0.289126559714795,179.491255961844,2,0.0417486710349733
3819,0.283422459893048,179.53822806764,2,0.0416455253586508
3820,0.288770053475936,179.585200173435,2,0.0417215806857703
3821,0.300534759358289,179.632172279231,2,0.0441318857365875
3822,0.307308377896613,179.679144385027,2,0.0470809840872901
3823,0.303030303030303,179.726116490822,2,0.0450727689983406
3824,0.296256684491979,179.773088596618,2,0.0428831738773505
3825,0.303030303030303,179.820060702414,2,0.0450727689983406
3826,0.301960784313725,179.867032808209,2,0.044649602300174
3827,0.298752228163993,179.914004914005,2,0.0435572386354631
3828,0.297682709447415,179.960977019801,2,0.0432500382297032
3829,0.298395721925134,180.007949125596,2,0.043451747905269
3830,0.302317290552585,180.054921231392,2,0.0447872916913673
3831,0.306951871657754,180.101893337187,2,0.0468935178618568
3832,0.312299465240642,180.148865442983,2,0.0501242610662889
3833,0.303386809269162,180.195837548779,2,0.0452206128938116
3834,0.296613190730838,180.242809654574,2,0.0429703658264209
3835,0.288770053475936,180.28978176037,2,0.0417215806857703
3836,0.282352941176471,180.336753866166,2,0.0417045121372238
3837,0.280213903743316,180.383725971961,2,0.0418972352835395
3838,0.282352941176471,180.430698077757,2,0.0417045121372238
3839,0.285561497326203,180.477670183553,2,0.0416017982712025
3840,0.28698752228164,180.524642289348,2,0.0416275359385478
3841,0.292335115864528,180.571614395144,2,0.0421179801391359
3842,0.296613190730838,180.618586500939,2,0.0429703658264209
3843,0.30017825311943,180.665558606735,2,0.0440105906241948
3844,0.307664884135472,180.712530712531,2,0.0472722613046874
3845,0.312655971479501,180.759502818326,2,0.0503733083396539
3846,0.320142602495544,180.806474924122,2,0.0567259747134971
3847,0.326916221033868,180.853447029918,2,0.0646794074374512
3848,0.332976827094474,180.900419135713,2,0.0740954588830474
3849,0.333333333333333,180.947391241509,2,0.0747297439061547
3850,0.332620320855615,180.994363347305,2,0.0734708136660329
3851,0.331550802139037,181.0413354531,2,0.0716533211876457
3852,0.33048128342246,181.088307558896,2,0.0699176567013298
3853,0.332620320855615,181.135279664691,2,0.0734708136660329
3854,0.339393939393939,181.182251770487,2,0.0871354517936341
3855,0.346524064171123,181.229223876283,2,0.106490960498317
3856,0.352584670231729,181.276195982078,2,0.128226226119842
3857,0.352941176470588,181.323168087874,2,0.129685725955147
3858,0.354367201426025,181.37014019367,2,0.135746347458009
3859,0.349019607843137,181.417112299465,2,0.114773321126339
3860,0.336898395721925,181.464084405261,2,0.0816354247564671
3861,0.332976827094474,181.511056511057,2,0.0740954588830474
3862,0.334046345811052,181.558028616852,2,0.0760278077363113
3863,0.328342245989305,181.605000722648,2,0.0666779806648453
3864,0.318716577540107,181.651972828443,2,0.0553380972256237
3865,0.316934046345811,181.698944934239,2,0.0537268453969542
3866,0.306595365418895,181.745917040035,2,0.0467098251649508
3867,0.296256684491979,181.79288914583,2,0.0428831738773505
3868,0.289483065953654,181.839861251626,2,0.0417785326069888
3869,0.28698752228164,181.886833357422,2,0.0416275359385478
3870,0.279857397504456,181.933805463217,2,0.0419391135680977
3871,0.268092691622103,181.980777569013,2,0.0449728132130926
3872,0.255971479500891,182.027749674809,2,0.0520503811873
3873,0.262388591800357,182.074721780604,2,0.0477289843017269
3874,0.253832442067736,182.1216938864,2,0.0538230359317509
3875,0.250623885918004,182.168665992195,2,0.0568375171729097
3876,0.255614973262032,182.215638097991,2,0.0523334119125725
3877,0.258823529411765,182.262610203787,2,0.0499551128118862
3878,0.254188948306595,182.309582309582,2,0.0535149760816739
3879,0.251336898395722,182.356554415378,2,0.0561286910017881
3880,0.253832442067736,182.403526521174,2,0.0538230359317509
3881,0.261675579322638,182.450498626969,2,0.0481413085598955
3882,0.26951871657754,182.497470732765,2,0.0444245216126999
3883,0.277361853832442,182.544442838561,2,0.0423113812587141
3884,0.283065953654189,182.591414944356,2,0.0416624314943373
3885,0.284491978609626,182.638387050152,2,0.0416113068402193
3886,0.287344028520499,182.685359155947,2,0.0416408366999972
3887,0.291978609625668,182.732331261743,2,0.0420657003018588
3888,0.298039215686275,182.779303367539,2,0.0433493543597783
3889,0.298039215686275,182.826275473334,2,0.0433493543597783
3890,0.295900178253119,182.87324757913,2,0.042798969610294
3891,0.303030303030303,182.920219684926,2,0.0450727689983406
3892,0.309090909090909,182.967191790721,2,0.0480762584447133
3893,0.310160427807487,183.014163896517,2,0.048721232436148
3894,0.316221033868093,183.061136002313,2,0.0531190354510111
3895,0.311942959001783,183.108108108108,2,0.049879641114405
3896,0.296613190730838,183.155080213904,2,0.0429703658264209
3897,0.293404634581105,183.202052319699,2,0.0422919104804998
3898,0.280570409982175,183.249024425495,2,0.0418581564093423
3899,0.271657754010695,183.295996531291,2,0.0437002019488884
3900,0.265953654188948,183.342968637086,2,0.0458976624695658
3901,0.263458110516934,183.389940742882,2,0.0471399566294933
3902,0.254545454545455,183.436912848678,2,0.0532120466169336
3903,0.240998217468806,183.483884954473,2,0.06897485550607
3904,0.228877005347594,183.530857060269,2,0.0935398864436905
3905,0.206773618538324,183.577829166064,2,0.188145723231491
3906,0.190017825311943,183.62480127186,2,0.337927533751864
3907,0.166844919786096,183.671773377656,1,0.661470237347135
3908,0.152941176470588,183.718745483451,1,0.834080601764146
3909,0.150802139037433,183.765717589247,1,0.854395156011231
3910,0.16078431372549,183.812689695043,1,0.744387394516176
3911,0.168627450980392,183.859661800838,1,0.635589264594311
3912,0.171836007130125,183.906633906634,1,0.588110064011589
3913,0.177896613190731,183.95360601243,2,0.498343189705391
3914,0.184313725490196,184.000578118225,2,0.408763554698108
3915,0.198930481283422,184.047550224021,2,0.247601781995905
3916,0.213903743315508,184.094522329816,2,0.147796657796955
3917,0.218181818181818,184.141494435612,2,0.128676998004563
3918,0.217112299465241,184.188466541408,2,0.133142300997542
3919,0.232085561497326,184.235438647203,2,0.0857538169693488
3920,0.249910873440285,184.282410752999,2,0.0575696793910372
3921,0.261675579322638,184.329382858795,2,0.0481413085598955
3922,0.275579322638146,184.37635496459,2,0.0426634457108036
3923,0.284491978609626,184.423327070386,2,0.0416113068402193
3924,0.288413547237077,184.470299176182,2,0.0416972564246667
3925,0.291978609625668,184.517271281977,2,0.0420657003018588
3926,0.292335115864528,184.564243387773,2,0.0421179801391359
3927,0.297326203208556,184.611215493568,2,0.043153780360425
3928,0.306951871657754,184.658187599364,2,0.0468935178618568
3929,0.309803921568627,184.70515970516,2,0.0485021586516652
3930,0.318003565062389,184.752131810955,2,0.0546775382916184
3931,0.324777183600713,184.799103916751,2,0.0619056680621927
3932,0.329055258467023,184.846076022547,2,0.0677247000826686
3933,0.333689839572193,184.893048128342,2,0.0753738117428889
3934,0.33903743315508,184.940020234138,2,0.0863134132993542
3935,0.339750445632799,184.986992339934,2,0.0879700857329531
3936,0.336541889483066,185.033964445729,2,0.0808964810867755
3937,0.339393939393939,185.080936551525,2,0.0871354517936341
3938,0.336541889483066,185.12790865732,2,0.0808964810867755
3939,0.331907308377897,185.174880763116,2,0.0722498821201303
3940,0.329768270944742,185.221852868912,2,0.0688042713996587
3941,0.323707664884135,185.268824974707,2,0.0606136890487796
3942,0.306595365418895,185.315797080503,2,0.0467098251649508
3943,0.284135472370766,185.362769186299,2,0.0416199654510232
3944,0.269162210338681,185.409741292094,2,0.0445566001117059
3945,0.251693404634581,185.45671339789,2,0.0557828391769409
3946,0.237789661319073,185.503685503686,2,0.0742913349406445
3947,0.222816399286988,185.550657609481,2,0.111487183755526
3948,0.214260249554367,185.597629715277,2,0.146070469894154
3949,0.206417112299465,185.644601821072,2,0.190481054884609
3950,0.2,185.691573926868,2,0.238445271457884
3951,0.197860962566845,185.738546032664,2,0.257109516044999
3952,0.198217468805704,185.785518138459,2,0.253900885615036
3953,0.207130124777184,185.832490244255,2,0.185842860892558
3954,0.20891265597148,185.879462350051,2,0.174803507241382
3955,0.213547237076649,185.926434455846,2,0.149548423319507
3956,0.224242424242424,185.973406561642,2,0.106840033805127
3957,0.230659536541889,186.020378667438,2,0.0890832175668622
3958,0.228520499108734,186.067350773233,2,0.094472541402233
3959,0.218894830659537,186.114322879029,2,0.125809362934257
3960,0.211408199643494,186.161294984824,2,0.160615022882782
3961,0.204991087344029,186.20826709062,2,0.200153890164054
3962,0.207130124777184,186.255239196416,2,0.185842860892558
3963,0.20891265597148,186.302211302211,2,0.174803507241382
3964,0.211764705882353,186.349183408007,2,0.158702697887839
3965,0.218538324420677,186.396155513803,2,0.127232459335387
3966,0.228877005347594,186.443127619598,2,0.0935398864436905
3967,0.233155080213904,186.490099725394,2,0.0833863945334798
3968,0.230659536541889,186.53707183119,2,0.0890832175668622
3969,0.234224598930481,186.584043936985,2,0.081124682690485
3970,0.229233511586453,186.631016042781,2,0.0926212795678123
3971,0.221033868092692,186.677988148576,2,0.117704544282493
3972,0.213903743315508,186.724960254372,2,0.147796657796955
3973,0.207130124777184,186.771932360168,2,0.185842860892558
3974,0.206060606060606,186.818904465963,2,0.192849198162725
3975,0.204991087344029,186.865876571759,2,0.200153890164054
3976,0.206773618538324,186.912848677555,2,0.188145723231491
3977,0.197147950089127,186.95982078335,2,0.263645907563373
3978,0.194295900178253,187.006792889146,2,0.29140242266571
3979,0.194652406417112,187.053764994941,2,0.287790651865545
3980,0.200713012477718,187.100737100737,2,0.23253293637346
3981,0.206773618538324,187.147709206533,2,0.188145723231491
3982,0.212477718360071,187.194681312328,2,0.154960543073245
3983,0.22174688057041,187.241653418124,2,0.115161280544945
3984,0.229233511586453,187.28862552392,2,0.0926212795678123
3985,0.232442067736185,187.335597629715,2,0.084952636312124
3986,0.229233511586453,187.382569735511,2,0.0926212795678123
3987,0.242067736185383,187.429541841307,2,0.0673601550398578
3988,0.267023172905526,187.476513947102,2,0.045419570456808
3989,0.277361853832442,187.523486052898,2,0.0423113812587141
3990,0.275579322638146,187.570458158693,2,0.0426634457108036
3991,0.286274509803922,187.617430264489,2,0.0416091772442929
3992,0.304812834224599,187.664402370285,2,0.0458467097643992
3993,0.301604278074866,187.71137447608,2,0.0445152429270769
3994,0.309090909090909,187.758346581876,2,0.0480762584447133
3995,0.31729055258467,187.805318687672,2,0.0540384804820984
3996,0.32192513368984,187.852290793467,2,0.058592169012035
3997,0.324777183600713,187.899262899263,2,0.0619056680621927
3998,0.327272727272727,187.946235005059,2,0.065167472393478
3999,0.331907308377897,187.993207110854,2,0.0722498821201303
4000,0.338324420677362,188.04017921665,2,0.0847063785540537
4001,0.331907308377897,188.087151322445,2,0.0722498821201303
4002,0.333689839572193,188.134123428241,2,0.0753738117428889
4003,0.33903743315508,188.181095534037,2,0.0863134132993542
4004,0.342245989304813,188.228067639832,2,0.0941814813133564
4005,0.34331550802139,188.275039745628,2,0.0970523101430793
4006,0.340819964349376,188.322011851424,2,0.0905514700551491
4007,0.336541889483066,188.368983957219,2,0.0808964810867755
4008,0.332976827094474,188.415956063015,2,0.0740954588830474
4009,0.334046345811052,188.462928168811,2,0.0760278077363113
4010,0.335828877005348,188.509900274606,2,0.079451964291935
4011,0.334402852049911,188.556872380402,2,0.0766918795947014
4012,0.333333333333333,188.603844486197,2,0.0747297439061547
4013,0.333689839572193,188.650816591993,2,0.0753738117428889
4014,0.332976827094474,188.697788697789,2,0.0740954588830474
4015,0.329055258467023,188.744760803584,2,0.0677247000826686
4016,0.323707664884135,188.79173290938,2,0.0606136890487796
4017,0.319429590017825,188.838705015176,2,0.0560207161418951
4018,0.315508021390374,188.885677120971,2,0.0525314165911043
4019,0.307308377896613,188.932649226767,2,0.0470809840872901
4020,0.297326203208556,188.979621332563,2,0.043153780360425
4021,0.291978609625668,189.026593438358,2,0.0420657003018588
4022,0.277005347593583,189.073565544154,2,0.0423759866562815
4023,0.250267379679144,189.120537649949,2,0.0572006426352329
4024,0.223529411764706,189.167509755745,2,0.109128527899563
4025,0.19144385026738,189.214481861541,2,0.321768259828467
4026,0.167557932263815,189.261453967336,1,0.651176289748676
4027,0.127272727272727,189.308426073132,1,0.974277819470926
4028,0.106238859180036,189.355398178928,1,0.996147300088293
4029,0.105525846702317,189.402370284723,1,0.996404352994095
4030,0.0926916221033868,189.449342390519,1,0.999012198370591
4031,0.0887700534759358,189.496314496315,1,0.999346426753578
4032,0.106951871657754,189.54328660211,1,0.995873077879365
4033,0.109447415329768,189.590258707906,1,0.994762395771455
4034,0.124064171122995,189.637230813701,1,0.980389055743572
4035,0.144028520499109,189.684202919497,1,0.906838116890453
4036,0.158645276292335,189.731175025293,1,0.771091684671173
4037,0.167201426024955,189.778147131088,1,0.656333865580668
4038,0.178966131907308,189.825119236884,2,0.482860710810652
4039,0.194652406417112,189.87209134268,2,0.287790651865545
4040,0.205347593582888,189.919063448475,2,0.197685278899376
4041,0.204991087344029,189.966035554271,2,0.200153890164054
4042,0.215686274509804,190.013007660067,2,0.139414871771418
4043,0.228520499108734,190.059979765862,2,0.094472541402233
4044,0.23921568627451,190.106951871658,2,0.071837544970447
4045,0.249910873440285,190.153923977453,2,0.0575696793910372
4046,0.262388591800357,190.200896083249,2,0.0477289843017269
4047,0.26951871657754,190.247868189045,2,0.0444245216126999
4048,0.270588235294118,190.29484029484,2,0.0440479026410585
4049,0.27379679144385,190.341812400636,2,0.0430891776231117
4050,0.273440285204991,190.388784506432,2,0.0431833375115704
4051,0.271657754010695,190.435756612227,2,0.0437002019488884
4052,0.273083778966132,190.482728718023,2,0.0432805428079639
4053,0.277361853832442,190.529700823819,2,0.0423113812587141
4054,0.283422459893048,190.576672929614,2,0.0416455253586508
4055,0.292691622103387,190.62364503541,2,0.0421731013583015
4056,0.298752228163993,190.670617141205,2,0.0435572386354631
4057,0.300534759358289,190.717589247001,2,0.0441318857365875
4058,0.302673796791444,190.764561352797,2,0.0449283380445678
4059,0.305525846702317,190.811533458592,2,0.0461810257532608
4060,0.306595365418895,190.858505564388,2,0.0467098251649508
4061,0.30873440285205,190.905477670184,2,0.0478693459735834
4062,0.31301247771836,190.952449775979,2,0.0506268340171366
4063,0.321212121212121,190.999421881775,2,0.0578276328944742
4064,0.326916221033868,191.04639398757,2,0.0646794074374512
4065,0.31301247771836,191.093366093366,2,0.0506268340171366
4066,0.306951871657754,191.140338199162,2,0.0468935178618568
4067,0.298395721925134,191.187310304957,2,0.043451747905269
4068,0.286631016042781,191.234282410753,2,0.041616983452478
4069,0.271301247771836,191.281254516549,2,0.0438129275961263
4070,0.247415329768271,191.328226622344,2,0.0603252747770023
4071,0.223885918003565,191.37519872814,2,0.107975638503528
4072,0.207843137254902,191.422170833936,2,0.181333166928288
4073,0.192513368983957,191.469142939731,2,0.310074635321889
4074,0.184313725490196,191.516115045527,2,0.408763554698108
4075,0.177540106951872,191.563087151322,1,0.503540590608894
4076,0.180748663101604,191.610059257118,2,0.457485606629361
4077,0.189661319073084,191.657031362914,2,0.342067770616767
4078,0.2,191.704003468709,2,0.238445271457884
4079,0.209625668449198,191.750975574505,2,0.170602930169201
4080,0.218894830659537,191.797947680301,2,0.125809362934257
4081,0.24349376114082,191.844919786096,2,0.0653205428441643
4082,0.248484848484849,191.891891891892,2,0.0591065416470222
4083,0.255258467023173,191.938863997688,2,0.052621326223698
4084,0.262745098039216,191.985836103483,2,0.0475287541523625
4085,0.269162210338681,192.032808209279,2,0.0445566001117059
4086,0.275935828877005,192.079780315074,2,0.0425871984116243
4087,0.280570409982175,192.12675242087,2,0.0418581564093423
4088,0.282352941176471,192.173724526666,2,0.0417045121372238
4089,0.272727272727273,192.220696632461,2,0.0433808122462695
4090,0.272727272727273,192.267668738257,2,0.0433808122462695
4091,0.272014260249554,192.314640844053,2,0.0435906215444182
4092,0.272370766488414,192.361612949848,2,0.043484165171336
4093,0.275222816399287,192.408585055644,2,0.0427426385542663
4094,0.279144385026738,192.45555716144,2,0.0420313007234206
4095,0.283778966131907,192.502529267235,2,0.0416313709041537
4096,0.285561497326203,192.549501373031,2,0.0416017982712025
4097,0.289839572192513,192.596473478826,2,0.0418111710636578
4098,0.285204991087344,192.643445584622,2,0.0416022241097946
4099,0.276648841354724,192.690417690418,2,0.0424434826255456
4100,0.255258467023173,192.737389796213,2,0.052621326223698
4101,0.231729055258467,192.784361902009,2,0.0865672792270691
4102,0.206773618538324,192.831334007805,2,0.188145723231491
4103,0.182174688057041,192.8783061136,2,0.437641655896475
4104,0.163992869875223,192.925278219396,1,0.701648896925064
4105,0.14331550802139,192.972250325192,1,0.91135935846303
4106,0.112299465240642,193.019222430987,1,0.9931532638992
4107,0.0695187165775401,193.066194536783,1,0.999923823851373
4108,0.035650623885918,193.113166642578,1,0.999998934146959
4109,0.0163992869875223,193.160138748374,1,0.999999928625483
4110,0.00677361853832442,193.20711085417,1,0.999999982868703
4111,0.00677361853832442,193.254082959965,1,0.999999982868703
4112,0.0114081996434938,193.301055065761,1,0.999999965730399
4113,0.0360071301247772,193.348027171557,1,0.999998881543336
4114,0.0894830659536542,193.394999277352,1,0.999295013186813
4115,0.16078431372549,193.441971383148,1,0.744387394516176
4116,0.21283422459893,193.488943488944,2,0.153130028336651
4117,0.243137254901961,193.535915594739,2,0.0658186491056242
4118,0.268449197860963,193.582887700535,2,0.044830719097829
4119,0.288057040998217,193.62985980633,2,0.0416756936426108
4120,0.29982174688057,193.676831912126,2,0.0438925009672099
4121,0.311942959001783,193.723804017922,2,0.049879641114405
4122,0.316577540106952,193.770776123717,2,0.0534203851438414
4123,0.322638146167558,193.817748229513,2,0.0593815468327675
4124,0.322281639928699,193.864720335309,2,0.0589837106869832
4125,0.316577540106952,193.911692441104,2,0.0534203851438414
4126,0.311586452762923,193.9586645469,2,0.0496393984004329
4127,0.318360071301248,194.005636652696,2,0.0550050956700566
4128,0.328698752228164,194.052608758491,2,0.0671972927630788
4129,0.32156862745098,194.099580864287,2,0.0582068373909787
4130,0.32156862745098,194.146552970082,2,0.0582068373909787
4131,0.323351158645276,194.193525075878,2,0.0601964477766607
4132,0.32620320855615,194.240497181674,2,0.0637257850829765
4133,0.328342245989305,194.287469287469,2,0.0666779806648453
4134,0.325133689839572,194.334441393265,2,0.0623500588939538
4135,0.321212121212121,194.381413499061,2,0.0578276328944742
4136,0.318716577540107,194.428385604856,2,0.0553380972256237
4137,0.297682709447415,194.475357710652,2,0.0432500382297032
4138,0.290909090909091,194.522329816447,2,0.0419258123019267
4139,0.274866310160428,194.569301922243,2,0.0428247921172951
4140,0.250623885918004,194.616274028039,2,0.0568375171729097
4141,0.214616755793226,194.663246133834,2,0.144369526844744
4142,0.168627450980392,194.71021823963,1,0.635589264594311
4143,0.122994652406417,194.757190345426,1,0.982112548566869
4144,0.0937611408199644,194.804162451221,1,0.998896043587254
4145,0.083065953654189,194.851134557017,1,0.999646939359799
4146,0.0766488413547237,194.898106662813,1,0.999827113421082
4147,0.0670231729055259,194.945078768608,1,0.999943192051889
4148,0.0559714795008913,194.992050874404,1,0.999985121956113
4149,0.0381461675579323,195.039022980199,1,0.999998508845596
4150,0.0156862745098039,195.085995085995,1,0.999999935674584
4151,0.00641711229946524,195.132967191791,1,0.999999983766279
4152,0.00855614973262032,195.179939297586,1,0.999999977602332
4153,0.00499108734402852,195.226911403382,1,0.999999986919311
4154,0.00463458110516934,195.273883509178,1,0.999999987608923
4155,0.00463458110516934,195.320855614973,1,0.999999987608923
4156,0.00463458110516934,195.367827720769,1,0.999999987608923
4157,0.00499108734402852,195.414799826565,1,0.999999986919311
4158,0.00499108734402852,195.46177193236,1,0.999999986919311
4159,0.00427807486631016,195.508744038156,1,0.999999988262986
4160,0.00427807486631016,195.555716143951,1,0.999999988262986
4161,0.00819964349376114,195.602688249747,1,0.999999978768531
4162,0.00641711229946524,195.649660355543,1,0.999999983766279
4163,0.0089126559714795,195.696632461338,1,0.999999976373703
4164,0.0117647058823529,195.743604567134,1,0.999999963870424
4165,0.0106951871657754,195.79057667293,1,0.999999969174383
4166,0.00677361853832442,195.837548778725,1,0.999999982868703
4167,0.00499108734402852,195.884520884521,1,0.999999986919311
4168,0.00641711229946524,195.931492990317,1,0.999999983766279
4169,0.00677361853832442,195.978465096112,1,0.999999982868703
4170,0.00748663101604278,196.025437201908,1,0.999999980925863
4171,0.00427807486631016,196.072409307703,1,0.999999988262986
4172,0.00677361853832442,196.119381413499,1,0.999999982868703
4173,0.0270944741532977,196.166353519295,1,0.99999967144461
4174,0.0556149732620321,196.21332562509,1,0.999985766961062
4175,0.0691622103386809,196.260297730886,1,0.999926935336099
4176,0.0677361853832442,196.307269836682,1,0.999938203827101
4177,0.0759358288770053,196.354241942477,1,0.999840519882244
4178,0.0909090909090909,196.401214048273,1,0.999180421135623
4179,0.101960784313725,196.448186154069,1,0.997465190422424
4180,0.114795008912656,196.495158259864,1,0.991378944116705
4181,0.137254901960784,196.54213036566,1,0.943030999527467
4182,0.156862745098039,196.589102471455,1,0.792111538660045
4183,0.172905525846702,196.636074577251,1,0.572165565995
4184,0.185383244206774,196.683046683047,2,0.394766374096824
4185,0.197504456327986,196.730018788842,2,0.26035779568449
4186,0.205347593582888,196.776990894638,2,0.197685278899376
4187,0.217112299465241,196.823963000434,2,0.133142300997542
4188,0.22602495543672,196.870935106229,2,0.10141258203226
4189,0.232085561497326,196.917907212025,2,0.0857538169693488
4190,0.234224598930481,196.964879317821,2,0.081124682690485
4191,0.233868092691622,197.011851423616,2,0.0818671307430453
4192,0.235294117647059,197.058823529412,2,0.0789640594862739
4193,0.233868092691622,197.105795635207,2,0.0818671307430453
4194,0.226381461675579,197.152767741003,2,0.100375510945412
4195,0.20855614973262,197.199739846799,2,0.17694920625516
4196,0.18680926916221,197.246711952594,2,0.376598257000457
4197,0.160071301247772,197.29368405839,1,0.753460132159372
4198,0.126916221033868,197.340656164186,1,0.975032675475411
4199,0.0912655971479501,197.387628269981,1,0.999149121927905
4200,0.0684491978609626,197.434600375777,1,0.999932796120085
4201,0.025668449197861,197.481572481572,1,0.999999730999098
4202,0.0228163992869875,197.528544587368,1,0.999999820274509
4203,0.0199643493761141,197.575516693164,1,0.999999880449009
4204,0.0131907308377897,197.622488798959,1,0.999999955395436
4205,0.0071301247771836,197.669460904755,1,0.999999981922744
4206,0.00463458110516934,197.716433010551,1,0.999999987608923
4207,0.00499108734402852,197.763405116346,1,0.999999986919311
4208,0.00748663101604278,197.810377222142,1,0.999999980925863
4209,0.00677361853832442,197.857349327938,1,0.999999982868703
4210,0.00784313725490196,197.904321433733,1,0.999999979875392
4211,0.0114081996434938,197.951293539529,1,0.999999965730399
4212,0.0196078431372549,197.998265645324,1,0.999999886423979
4213,0.0221033868092692,198.04523775112,1,0.999999837622875
4214,0.0156862745098039,198.092209856916,1,0.999999935674584
4215,0.0235294117647059,198.139181962711,1,0.999999801127384
4216,0.045632798573975,198.186154068507,1,0.999995998593171
4217,0.067379679144385,198.233126174303,1,0.999940748369746
4218,0.0962566844919786,198.280098280098,1,0.998572613147055
4219,0.131907308377897,198.327070385894,1,0.962432382786013
4220,0.157575757575758,198.37404249169,1,0.783843752125893
4221,0.168270944741533,198.421014597485,1,0.640802683963966
4222,0.175401069518717,198.467986703281,1,0.535029195011022
4223,0.187522281639929,198.514958809076,2,0.367735189146623
4224,0.199286987522282,198.561930914872,2,0.244510886033256
4225,0.202852049910873,198.608903020668,2,0.215694298226063
4226,0.211764705882353,198.655875126463,2,0.158702697887839
4227,0.219964349376114,198.702847232259,2,0.121665753141309
4228,0.224242424242424,198.749819338055,2,0.106840033805127
4229,0.224598930481283,198.79679144385,2,0.105721462070201
4230,0.231016042780749,198.843763549646,2,0.0882317905080514
4231,0.241711229946524,198.890735655442,2,0.0678900992893203
4232,0.250623885918004,198.937707761237,2,0.0568375171729097
4233,0.26096256684492,198.984679867033,2,0.0485697297793136
4234,0.268092691622103,199.031651972828,2,0.0449728132130926
4235,0.274509803921569,199.078624078624,2,0.0429099221564594
4236,0.27379679144385,199.12559618442,2,0.0430891776231117
4237,0.274866310160428,199.172568290215,2,0.0428247921172951
4238,0.274866310160428,199.219540396011,2,0.0428247921172951
4239,0.265597147950089,199.266512501807,2,0.0460641348880686
4240,0.252406417112299,199.313484607602,2,0.0551078903872198
4241,0.24777183600713,199.360456713398,2,0.0599125643894444
4242,0.23921568627451,199.407428819194,2,0.071837544970447
4243,0.235294117647059,199.454400924989,2,0.0789640594862739
4244,0.239572192513369,199.501373030785,2,0.0712472666157434
4245,0.2349376114082,199.54834513658,2,0.0796733116730506
4246,0.225311942959002,199.595317242376,2,0.103534426560596
4247,0.221390374331551,199.642289348172,2,0.11642334412553
4248,0.224955436720143,199.689261453967,2,0.104619674767062
4249,0.237076648841355,199.736233559763,2,0.0755757760110533
4250,0.240998217468806,199.783205665559,2,0.06897485550607
4251,0.245276292335116,199.830177771354,2,0.0629430633753488
4252,0.254901960784314,199.87714987715,2,0.0529141840881379
4253,0.264527629233512,199.924121982946,2,0.0465853390309569
4254,0.264884135472371,199.971094088741,2,0.046407939044193
4255,0.26951871657754,200.018066194537,2,0.0444245216126999
4256,0.281996434937611,200.065038300332,2,0.0417296946156144
4257,0.283422459893048,200.112010406128,2,0.0416455253586508
4258,0.286631016042781,200.158982511924,2,0.041616983452478
4259,0.28698752228164,200.205954617719,2,0.0416275359385478
4260,0.286274509803922,200.252926723515,2,0.0416091772442929
4261,0.285918003565062,200.299898829311,2,0.0416041158365032
4262,0.285204991087344,200.346870935106,2,0.0416022241097946
4263,0.279144385026738,200.393843040902,2,0.0420313007234206
4264,0.269875222816399,200.440815146698,2,0.0442957291655921
4265,0.262388591800357,200.487787252493,2,0.0477289843017269
4266,0.253119429590018,200.534759358289,2,0.0544548065800749
4267,0.241711229946524,200.581731464084,2,0.0678900992893203
4268,0.2349376114082,200.62870356988,2,0.0796733116730507
4269,0.233868092691622,200.675675675676,2,0.0818671307430453
4270,0.233868092691622,200.722647781471,2,0.0818671307430452
4271,0.233155080213904,200.769619887267,2,0.0833863945334798
4272,0.231372549019608,200.816591993063,2,0.0873932078736503
4273,0.23458110516934,200.863564098858,2,0.080393464967845
4274,0.238502673796791,200.910536204654,2,0.0730456320043107
4275,0.247058823529412,200.957508310449,2,0.0607445699909669
4276,0.261319073083779,201.004480416245,2,0.0483534857332153
4277,0.273440285204991,201.051452522041,2,0.0431833375115704
4278,0.281639928698752,201.098424627836,2,0.0417576447198518
4279,0.280570409982175,201.145396733632,2,0.0418581564093423
4280,0.27843137254902,201.192368839428,2,0.0421347879747758
4281,0.273083778966132,201.239340945223,2,0.0432805428079639
4282,0.271301247771836,201.286313051019,2,0.0438129275961263
4283,0.269875222816399,201.333285156815,2,0.0442957291655921
4284,0.26951871657754,201.38025726261,2,0.0444245216126999
4285,0.268092691622103,201.427229368406,2,0.0449728132130926
4286,0.268092691622103,201.474201474201,2,0.0449728132130926
4287,0.26951871657754,201.521173579997,2,0.0444245216126999
4288,0.270231729055258,201.568145685793,2,0.0441701976570837
4289,0.272014260249554,201.615117791588,2,0.0435906215444182
4290,0.26951871657754,201.662089897384,2,0.0444245216126999
4291,0.269162210338681,201.70906200318,2,0.0445566001117059
4292,0.270588235294118,201.756034108975,2,0.0440479026410585
4293,0.275579322638146,201.803006214771,2,0.0426634457108036
4294,0.280926916221034,201.849978320567,2,0.0418218695262667
4295,0.283778966131907,201.896950426362,2,0.0416313709041537
4296,0.283778966131907,201.943922532158,2,0.0416313709041537
4297,0.285204991087344,201.990894637953,2,0.0416022241097946
4298,0.280213903743316,202.037866743749,2,0.0418972352835395
4299,0.274509803921569,202.084838849545,2,0.0429099221564594
4300,0.276292335115865,202.13181095534,2,0.0425138820583927
4301,0.280926916221034,202.178783061136,2,0.0418218695262667
4302,0.282352941176471,202.225755166932,2,0.0417045121372238
4303,0.277361853832442,202.272727272727,2,0.0423113812587141
4304,0.270231729055258,202.319699378523,2,0.0441701976570837
4305,0.279857397504456,202.366671484319,2,0.0419391135680977
4306,0.27807486631016,202.413643590114,2,0.0421907934137444
4307,0.271657754010695,202.46061569591,2,0.0437002019488884
4308,0.264884135472371,202.507587801705,2,0.046407939044193
4309,0.259536541889483,202.554559907501,2,0.0494762634266309
4310,0.248484848484848,202.601532013297,2,0.0591065416470222
4311,0.228163992869875,202.648504119092,2,0.0954194554546018
4312,0.208199643493761,202.695476224888,2,0.17912564349186
4313,0.183600713012478,202.742448330684,2,0.418263109207048
4314,0.144741532976827,202.789420436479,1,0.902135334189542
4315,0.100891265597148,202.836392542275,1,0.997720782541551
4316,0.0730837789661319,202.883364648071,1,0.999884843540117
4317,0.0538324420677362,202.930336753866,1,0.999988607782844
4318,0.0424242424242424,202.977308859662,1,0.999997369113423
4319,0.0438502673796791,203.024280965457,1,0.999996827957414
4320,0.0559714795008913,203.071253071253,1,0.999985121956113
4321,0.0723707664884135,203.118225177049,1,0.999893919866732
4322,0.103386809269162,203.165197282844,1,0.997082205681196
4323,0.131907308377897,203.21216938864,1,0.962432382786013
4324,0.154367201426025,203.259141494436,1,0.819518848598696
4325,0.179322638146168,203.306113600231,2,0.47774005623201
4326,0.203565062388592,203.353085706027,2,0.210373200428921
4327,0.227450980392157,203.400057811823,2,0.0973569200698169
4328,0.246345811051693,203.447029917618,2,0.0616032808600155
4329,0.262032085561497,203.494002023414,2,0.0479331554056538
4330,0.270944741532977,203.540974129209,2,0.0439288203315882
4331,0.280570409982175,203.587946235005,2,0.0418581564093423
4332,0.286631016042781,203.634918340801,2,0.041616983452478
4333,0.292335115864528,203.681890446596,2,0.0421179801391359
4334,0.295900178253119,203.728862552392,2,0.042798969610294
4335,0.295900178253119,203.775834658188,2,0.042798969610294
4336,0.291978609625668,203.822806763983,2,0.0420657003018588
4337,0.290196078431373,203.869778869779,2,0.041846592595566
4338,0.286631016042781,203.916750975575,2,0.041616983452478
4339,0.280213903743316,203.96372308137,2,0.0418972352835395
4340,0.273083778966132,204.010695187166,2,0.0432805428079639
4341,0.26096256684492,204.057667292961,2,0.0485697297793136
4342,0.239572192513369,204.104639398757,2,0.0712472666157433
4343,0.216399286987522,204.151611504553,2,0.136231992401206
4344,0.198573975044563,204.198583610348,2,0.250731709606912
4345,0.172549019607843,204.245555716144,1,0.577482007473242
4346,0.132263814616756,204.29252782194,1,0.961347498174155
4347,0.0909090909090909,204.339499927735,1,0.999180421135623
4348,0.0705882352941176,204.386472033531,1,0.999913707263168
4349,0.0595365418894831,204.433444139327,1,0.999976912146657
4350,0.0463458110516934,204.480416245122,1,0.999995611127217
4351,0.0349376114081996,204.527388350918,1,0.999999032248139
4352,0.0320855614973262,204.574360456713,1,0.999999344103284
4353,0.0171122994652406,204.621332562509,1,0.999999920825699
4354,0.00926916221033868,204.668304668305,1,0.999999975079391
4355,0.00392156862745098,204.7152767741,1,0.99999998888329
4356,0.00392156862745098,204.762248879896,1,0.99999998888329
4357,0.00748663101604278,204.809220985692,1,0.999999980925863
4358,0.00677361853832442,204.856193091487,1,0.999999982868703
4359,0.00392156862745098,204.903165197283,1,0.99999998888329
4360,0.00213903743315508,204.950137303078,1,0.999999991535108
4361,0.0053475935828877,204.997109408874,1,0.999999986192269
4362,0.0053475935828877,205.04408151467,1,0.999999986192269
4363,0.00463458110516934,205.091053620465,1,0.999999987608923
4364,0.00463458110516934,205.138025726261,1,0.999999987608923
4365,0.00392156862745098,205.184997832057,1,0.99999998888329
4366,0.0053475935828877,205.231969937852,1,0.999999986192269
4367,0.00641711229946524,205.278942043648,1,0.999999983766279
4368,0.00748663101604278,205.325914149444,1,0.999999980925863
4369,0.00213903743315508,205.372886255239,1,0.999999991535108
4370,0.00213903743315508,205.419858361035,1,0.999999991535108
4371,0.00213903743315508,205.46683046683,1,0.999999991535108
4372,0.00213903743315508,205.513802572626,1,0.999999991535108
4373,0.00213903743315508,205.560774678422,1,0.999999991535108
4374,0.00213903743315508,205.607746784217,1,0.999999991535108
4375,0.00071301247771836,205.654718890013,1,0.999999993201711
4376,0.00106951871657754,205.701690995809,1,0.999999992817926
4377,0.00249554367201426,205.748663101604,1,0.999999991059699
4378,0.00463458110516934,205.7956352074,1,0.999999987608923
4379,0.00677361853832442,205.842607313196,1,0.999999982868703
4380,0.0110516934046346,205.889579418991,1,0.999999967496857
4381,0.0331550802139037,205.936551524787,1,0.999999240709816
4382,0.0705882352941176,205.983523630582,1,0.999913707263168
4383,0.101960784313725,206.030495736378,1,0.997465190422424
4384,0.116934046345811,206.077467842174,1,0.989528008245413
4385,0.149732620320856,206.124439947969,1,0.863864004351829
4386,0.164705882352941,206.171412053765,1,0.691773144057962
4387,0.190017825311943,206.218384159561,2,0.337927533751864
4388,0.217825311942959,206.265356265356,2,0.1301432808253
4389,0.248128342245989,206.312328371152,2,0.0595063493260242
4390,0.274153297682709,206.359300476948,2,0.0429980450141216
4391,0.286631016042781,206.406272582743,2,0.041616983452478
4392,0.286631016042781,206.453244688539,2,0.041616983452478
4393,0.289126559714795,206.500216794334,2,0.0417486710349733
4394,0.293048128342246,206.54718890013,2,0.0422310744563635
4395,0.295900178253119,206.594161005926,2,0.042798969610294
4396,0.299465240641711,206.641133111721,2,0.0437775938345742
4397,0.302317290552585,206.688105217517,2,0.0447872916913673
4398,0.307308377896613,206.735077323313,2,0.0470809840872901
4399,0.316934046345811,206.782049429108,2,0.0537268453969542
4400,0.324420677361854,206.829021534904,2,0.0614682061832409
4401,0.323351158645276,206.8759936407,2,0.0601964477766607
4402,0.325133689839572,206.922965746495,2,0.0623500588939538
4403,0.327985739750446,206.969937852291,2,0.0661666484932048
4404,0.330837789661319,207.016909958086,2,0.0704873391708324
4405,0.332976827094474,207.063882063882,2,0.0740954588830474
4406,0.332620320855615,207.110854169678,2,0.0734708136660329
4407,0.328342245989305,207.157826275473,2,0.0666779806648453
4408,0.325133689839572,207.204798381269,2,0.0623500588939538
4409,0.31301247771836,207.251770487065,2,0.0506268340171366
4410,0.309090909090909,207.29874259286,2,0.0480762584447133
4411,0.301247771836007,207.345714698656,2,0.0443841873151129
4412,0.287700534759358,207.392686804452,2,0.0416568882548967
4413,0.270944741532977,207.439658910247,2,0.0439288203315882
4414,0.252406417112299,207.486631016043,2,0.0551078903872198
4415,0.240641711229947,207.533603121838,2,0.069529909235771
4416,0.233868092691622,207.580575227634,2,0.0818671307430453
4417,0.222459893048128,207.62754733343,2,0.112693469722017
4418,0.217112299465241,207.674519439225,2,0.133142300997542
4419,0.216755793226381,207.721491545021,2,0.13467565651305
4420,0.222103386809269,207.768463650817,2,0.113918079396851
4421,0.228163992869875,207.815435756612,2,0.0954194554546018
4422,0.228877005347594,207.862407862408,2,0.0935398864436905
4423,0.221033868092692,207.909379968204,2,0.117704544282493
4424,0.211764705882353,207.956352073999,2,0.158702697887839
4425,0.186452762923351,208.003324179795,2,0.381085720730076
4426,0.172549019607843,208.05029628559,1,0.577482007473242
4427,0.166844919786096,208.097268391386,1,0.661470237347135
4428,0.163992869875223,208.144240497182,1,0.701648896925064
4429,0.158645276292335,208.191212602977,1,0.771091684671173
4430,0.162923351158645,208.238184708773,1,0.716220055262454
4431,0.173262032085561,208.285156814569,1,0.566849301050601
4432,0.178609625668449,208.332128920364,2,0.488002158832296
4433,0.178609625668449,208.37910102616,2,0.488002158832296
4434,0.178609625668449,208.426073131956,2,0.488002158832296
4435,0.177540106951872,208.473045237751,1,0.503540590608894
4436,0.176114081996435,208.520017343547,1,0.52448293208368
4437,0.177896613190731,208.566989449342,2,0.498343189705391
4438,0.181105169340463,208.613961555138,2,0.452483868921999
4439,0.187522281639929,208.660933660934,2,0.367735189146623
4440,0.192513368983957,208.707905766729,2,0.310074635321889
4441,0.199643493761141,208.754877872525,2,0.24145879475095
4442,0.207843137254902,208.801849978321,2,0.181333166928288
4443,0.216399286987522,208.848822084116,2,0.136231992401206
4444,0.220677361853832,208.895794189912,2,0.119005158332037
4445,0.222459893048128,208.942766295707,2,0.112693469722017
4446,0.223529411764706,208.989738401503,2,0.109128527899563
4447,0.223529411764706,209.036710507299,2,0.109128527899563
4448,0.219607843137255,209.083682613094,2,0.12302630424366
4449,0.22602495543672,209.13065471889,2,0.101412582032261
4450,0.22174688057041,209.177626824686,2,0.115161280544945
4451,0.2174688057041,209.224598930481,2,0.131631612598901
4452,0.209625668449198,209.271571036277,2,0.170602930169201
4453,0.207486631016043,209.318543142073,2,0.183572123906108
4454,0.207130124777184,209.365515247868,2,0.185842860892558
4455,0.207843137254902,209.412487353664,2,0.181333166928288
4456,0.209269162210339,209.459459459459,2,0.17268819806839
4457,0.21283422459893,209.506431565255,2,0.153130028336651
4458,0.215686274509804,209.553403671051,2,0.139414871771418
4459,0.219607843137255,209.600375776846,2,0.12302630424366
4460,0.22602495543672,209.647347882642,2,0.10141258203226
4461,0.234224598930481,209.694319988438,2,0.081124682690485
4462,0.243850267379679,209.741292094233,2,0.0648301159383605
4463,0.255971479500891,209.788264200029,2,0.0520503811873
4464,0.263458110516934,209.835236305825,2,0.0471399566294933
4465,0.260606060606061,209.88220841162,2,0.0487900844489964
4466,0.259180035650624,209.929180517416,2,0.0497135164805448
4467,0.253475935828877,209.976152623211,2,0.0541362908119072
4468,0.250623885918004,210.023124729007,2,0.0568375171729097
4469,0.251693404634581,210.070096834803,2,0.0557828391769409
4470,0.255971479500891,210.117068940598,2,0.0520503811873
4471,0.253119429590018,210.164041046394,2,0.0544548065800749
4472,0.246345811051693,210.21101315219,2,0.0616032808600155
4473,0.233511586452763,210.257985257985,2,0.0826209776392116
4474,0.231016042780749,210.304957363781,2,0.0882317905080514
4475,0.229233511586453,210.351929469577,2,0.0926212795678123
4476,0.227094474153298,210.398901575372,2,0.0983479079010686
4477,0.224955436720143,210.445873681168,2,0.104619674767062
4478,0.222816399286988,210.492845786963,2,0.111487183755526
4479,0.218181818181818,210.539817892759,2,0.128676998004563
4480,0.213547237076649,210.586789998555,2,0.149548423319507
4481,0.223529411764706,210.63376210435,2,0.109128527899563
4482,0.226737967914439,210.680734210146,2,0.0993540294017617
4483,0.229233511586453,210.727706315942,2,0.0926212795678123
4484,0.227807486631016,210.774678421737,2,0.0963808426446485
4485,0.223885918003565,210.821650527533,2,0.107975638503528
4486,0.224242424242424,210.868622633329,2,0.106840033805127
4487,0.229233511586453,210.915594739124,2,0.0926212795678123
4488,0.2349376114082,210.96256684492,2,0.0796733116730506
4489,0.233511586452763,211.009538950715,2,0.0826209776392116
4490,0.240641711229947,211.056511056511,2,0.0695299092357709
4491,0.252762923351159,211.103483162307,2,0.0547786503255093
4492,0.268092691622103,211.150455268102,2,0.0449728132130926
4493,0.279500891265597,211.197427373898,2,0.0419837992174351
4494,0.284491978609626,211.244399479694,2,0.0416113068402193
4495,0.284491978609626,211.291371585489,2,0.0416113068402193
4496,0.28270944741533,211.338343691285,2,0.0416820925125841
4497,0.270231729055258,211.385315797081,2,0.0441701976570837
4498,0.261319073083779,211.432287902876,2,0.0483534857332153
4499,0.245632798573975,211.479260008672,2,0.0624894451585092
4500,0.238502673796791,211.526232114467,2,0.0730456320043107
4501,0.239572192513369,211.573204220263,2,0.0712472666157434
4502,0.232442067736185,211.620176326059,2,0.084952636312124
4503,0.23030303030303,211.667148431854,2,0.0899476823508696
4504,0.243137254901961,211.71412053765,2,0.0658186491056242
4505,0.240998217468806,211.761092643446,2,0.06897485550607
4506,0.25632798573975,211.808064749241,2,0.0517721752073187
4507,0.264527629233512,211.855036855037,2,0.0465853390309569
4508,0.269162210338681,211.902008960833,2,0.0445566001117059
4509,0.27807486631016,211.948981066628,2,0.0421907934137444
4510,0.283422459893048,211.995953172424,2,0.0416455253586508
4511,0.283422459893048,212.042925278219,2,0.0416455253586508
4512,0.287700534759358,212.089897384015,2,0.0416568882548967
4513,0.292335115864528,212.136869489811,2,0.0421179801391359
4514,0.294830659536542,212.183841595606,2,0.0425641242185355
4515,0.297326203208556,212.230813701402,2,0.043153780360425
4516,0.300891265597148,212.277785807198,2,0.0442564098867534
4517,0.301604278074866,212.324757912993,2,0.0445152429270769
4518,0.301604278074866,212.371730018789,2,0.0445152429270769
4519,0.300891265597148,212.418702124585,2,0.0442564098867534
4520,0.298752228163993,212.46567423038,2,0.0435572386354631
4521,0.292691622103387,212.512646336176,2,0.0421731013583015
4522,0.289126559714795,212.559618441971,2,0.0417486710349733
4523,0.280570409982175,212.606590547767,2,0.0418581564093423
4524,0.270231729055258,212.653562653563,2,0.0441701976570837
4525,0.254545454545455,212.700534759358,2,0.0532120466169336
4526,0.236007130124777,212.747506865154,2,0.0775776178915898
4527,0.216755793226381,212.79447897095,2,0.13467565651305
4528,0.20427807486631,212.841451076745,2,0.205193918243931
4529,0.18716577540107,212.888423182541,2,0.372147939662444
4530,0.167557932263815,212.935395288336,1,0.651176289748676
4531,0.128698752228164,212.982367394132,1,0.971049501893769
4532,0.0827094474153298,213.029339499928,1,0.999660470341301
4533,0.0392156862745098,213.076311605723,1,0.999998279831776
4534,0.0156862745098039,213.123283711519,1,0.999999935674584
4535,0.00784313725490196,213.170255817315,1,0.999999979875392
4536,0.00784313725490196,213.21722792311,1,0.999999979875392
4537,0.00926916221033868,213.264200028906,1,0.999999975079391
4538,0.0117647058823529,213.311172134702,1,0.999999963870424
4539,0.0153297682709447,213.358144240497,1,0.999999938939903
4540,0.0313725490196078,213.405116346293,1,0.999999405291025
4541,0.06524064171123,213.452088452088,1,0.999954026849098
4542,0.101960784313725,213.499060557884,1,0.997465190422424
4543,0.14367201426025,213.54603266368,1,0.909121199068096
4544,0.178966131907308,213.593004769475,2,0.482860710810652
4545,0.2,213.639976875271,2,0.238445271457884
4546,0.214616755793226,213.686948981067,2,0.144369526844744
4547,0.234224598930481,213.733921086862,2,0.081124682690485
4548,0.250623885918004,213.780893192658,2,0.0568375171729097
4549,0.26096256684492,213.827865298454,2,0.0485697297793136
4550,0.268092691622103,213.874837404249,2,0.0449728132130926
4551,0.275222816399287,213.921809510045,2,0.0427426385542663
4552,0.281639928698752,213.96878161584,2,0.0417576447198518
4553,0.291622103386809,214.015753721636,2,0.0420162518966323
4554,0.290552584670232,214.062725827432,2,0.041884803923812
4555,0.291978609625668,214.109697933227,2,0.0420657003018588
4556,0.295187165775401,214.156670039023,2,0.0426394600665594
4557,0.29126559714795,214.203642144819,2,0.0419696255179454
4558,0.285204991087344,214.250614250614,2,0.0416022241097946
4559,0.284135472370766,214.29758635641,2,0.0416199654510232
4560,0.285204991087344,214.344558462206,2,0.0416022241097946
4561,0.28698752228164,214.391530568001,2,0.0416275359385478
4562,0.288413547237077,214.438502673797,2,0.0416972564246667
4563,0.286631016042781,214.485474779592,2,0.041616983452478
4564,0.280213903743316,214.532446885388,2,0.0418972352835395
4565,0.26951871657754,214.579418991184,2,0.0444245216126999
4566,0.253832442067736,214.626391096979,2,0.0538230359317509
4567,0.240998217468806,214.673363202775,2,0.06897485550607
4568,0.232798573975045,214.720335308571,2,0.0841635552501556
4569,0.224242424242424,214.767307414366,2,0.106840033805127
4570,0.216755793226381,214.814279520162,2,0.13467565651305
4571,0.209982174688057,214.861251625958,2,0.168547355003344
4572,0.202852049910873,214.908223731753,2,0.215694298226063
4573,0.194295900178253,214.955195837549,2,0.29140242266571
4574,0.183600713012478,215.002167943344,2,0.418263109207048
4575,0.168270944741533,215.04914004914,1,0.640802683963966
4576,0.157932263814617,215.096112154936,1,0.779639231758983
4577,0.126916221033868,215.143084260731,1,0.975032675475411
4578,0.114795008912656,215.190056366527,1,0.991378944116705
4579,0.0998217468805704,215.237028472323,1,0.997951921584108
4580,0.0901960784313725,215.284000578118,1,0.999239767333174
4581,0.085204991087344,215.330972683914,1,0.999554296203886
4582,0.0795008912655971,215.37794478971,1,0.999761888756347
4583,0.0727272727272727,215.424916895505,1,0.999889471020385
4584,0.0666666666666667,215.471889001301,1,0.999945538703241
4585,0.0463458110516934,215.518861107096,1,0.999995611127217
4586,0.0531194295900178,215.565833212892,1,0.999989583465424
4587,0.0623885918003565,215.612805318688,1,0.999967348664868
4588,0.0702317290552585,215.659777424483,1,0.999917214850042
4589,0.0805704099821747,215.706749530279,1,0.999731826164416
4590,0.101247771836007,215.753721636075,1,0.997638415957379
4591,0.127985739750446,215.80069374187,1,0.972706367424612
4592,0.149732620320856,215.847665847666,1,0.863864004351829
4593,0.166488413547237,215.894637953462,1,0.666584133318853
4594,0.172905525846702,215.941610059257,1,0.572165565995
4595,0.181818181818182,215.988582165053,2,0.442561035162958
4596,0.192513368983957,216.035554270848,2,0.310074635321889
4597,0.201069518716578,216.082526376644,2,0.22963360692238
4598,0.205704099821747,216.12949848244,2,0.195250493446905
4599,0.211408199643494,216.176470588235,2,0.160615022882782
4600,0.214260249554367,216.223442694031,2,0.146070469894154
4601,0.225668449197861,216.270414799827,2,0.102465475304575
4602,0.223172905525847,216.317386905622,2,0.110298956933863
4603,0.231729055258467,216.364359011418,2,0.086567279227069
4604,0.247415329768271,216.411331117214,2,0.0603252747770023
4605,0.265953654188948,216.458303223009,2,0.0458976624695658
4606,0.279144385026738,216.505275328805,2,0.0420313007234206
4607,0.288770053475936,216.5522474346,2,0.0417215806857703
4608,0.295900178253119,216.599219540396,2,0.042798969610294
4609,0.281283422459893,216.646191646192,2,0.0417883677481324
4610,0.284135472370766,216.693163751987,2,0.0416199654510232
4611,0.283065953654189,216.740135857783,2,0.0416624314943373
4612,0.27379679144385,216.787107963579,2,0.0430891776231117
4613,0.267736185383244,216.834080069374,2,0.0451183006518891
4614,0.267023172905526,216.88105217517,2,0.045419570456808
4615,0.270588235294118,216.928024280965,2,0.0440479026410585
4616,0.271657754010695,216.974996386761,2,0.0437002019488884
4617,0.283065953654189,217.021968492557,2,0.0416624314943373
4618,0.28698752228164,217.068940598352,2,0.0416275359385478
4619,0.287344028520499,217.115912704148,2,0.0416408366999972
4620,0.289483065953654,217.162884809944,2,0.0417785326069888
4621,0.306951871657754,217.209856915739,2,0.0468935178618568
4622,0.33048128342246,217.256829021535,2,0.0699176567013298
4623,0.34331550802139,217.303801127331,2,0.0970523101430793
4624,0.34331550802139,217.350773233126,2,0.0970523101430793
4625,0.340819964349376,217.397745338922,2,0.0905514700551491
4626,0.316934046345811,217.444717444717,2,0.0537268453969542
4627,0.298039215686275,217.491689550513,2,0.0433493543597783
4628,0.285204991087344,217.538661656309,2,0.0416022241097946
4629,0.272370766488414,217.585633762104,2,0.043484165171336
4630,0.257754010695187,217.6326058679,2,0.0507064604602417
4631,0.233868092691622,217.679577973696,2,0.0818671307430452
4632,0.207486631016043,217.726550079491,2,0.183572123906108
4633,0.186096256684492,217.773522185287,2,0.38560988307291
4634,0.164705882352941,217.820494291083,1,0.691773144057962
4635,0.149019607843137,217.867466396878,1,0.869923299191445
4636,0.147237076648841,217.914438502674,1,0.884196472295769
4637,0.146524064171123,217.961410608469,1,0.889561250485619
4638,0.136185383244207,218.008382714265,1,0.947484354538795
4639,0.131907308377897,218.055354820061,1,0.962432382786013
4640,0.131907308377897,218.102326925856,1,0.962432382786013
4641,0.144741532976827,218.149299031652,1,0.902135334189542
4642,0.144028520499109,218.196271137448,1,0.906838116890453
4643,0.155436720142603,218.243243243243,1,0.808068896184065
4644,0.177896613190731,218.290215349039,2,0.498343189705391
4645,0.200713012477718,218.337187454835,2,0.23253293637346
4646,0.214260249554367,218.38415956063,2,0.146070469894154
4647,0.227450980392157,218.431131666426,2,0.0973569200698169
4648,0.236363636363636,218.478103772221,2,0.0769001144892598
4649,0.237433155080214,218.525075878017,2,0.0749286416337627
4650,0.239928698752228,218.572047983813,2,0.0706659877052685
4651,0.244206773618538,218.619020089608,2,0.0643472600949594
4652,0.240998217468806,218.665992195404,2,0.06897485550607
4653,0.233868092691622,218.7129643012,2,0.0818671307430453
4654,0.2349376114082,218.759936406995,2,0.0796733116730506
4655,0.250267379679144,218.806908512791,2,0.0572006426352329
4656,0.265953654188948,218.853880618587,2,0.0458976624695658
4657,0.280570409982175,218.900852724382,2,0.0418581564093423
4658,0.282352941176471,218.947824830178,2,0.0417045121372238
4659,0.281283422459893,218.994796935973,2,0.0417883677481324
4660,0.274866310160428,219.041769041769,2,0.0428247921172951
4661,0.269162210338681,219.088741147565,2,0.0445566001117059
4662,0.262745098039216,219.13571325336,2,0.0475287541523625
4663,0.262745098039216,219.182685359156,2,0.0475287541523625
4664,0.263458110516934,219.229657464952,2,0.0471399566294933
4665,0.268805704099822,219.276629570747,2,0.0446919904502777
4666,0.262745098039216,219.323601676543,2,0.0475287541523625
4667,0.261319073083779,219.370573782339,2,0.0483534857332153
4668,0.269162210338681,219.417545888134,2,0.0445566001117059
4669,0.279500891265597,219.46451799393,2,0.0419837992174351
4670,0.284135472370766,219.511490099725,2,0.0416199654510232
4671,0.280570409982175,219.558462205521,2,0.0418581564093423
4672,0.273440285204991,219.605434311317,2,0.0431833375115704
4673,0.262388591800357,219.652406417112,2,0.0477289843017269
4674,0.252406417112299,219.699378522908,2,0.0551078903872198
4675,0.242424242424242,219.746350628704,2,0.0668383422028336
4676,0.237433155080214,219.793322734499,2,0.0749286416337627
4677,0.237789661319073,219.840294840295,2,0.0742913349406445
4678,0.239572192513369,219.887266946091,2,0.0712472666157433
4679,0.244206773618538,219.934239051886,2,0.0643472600949594
4680,0.250980392156863,219.981211157682,2,0.0564802253755426
4681,0.25668449197861,220.028183263477,2,0.0514987362425697
4682,0.260606060606061,220.075155369273,2,0.0487900844489964
4683,0.262745098039216,220.122127475069,2,0.0475287541523625
4684,0.264527629233512,220.169099580864,2,0.0465853390309569
4685,0.266310160427807,220.21607168666,2,0.0457347656087041
4686,0.267023172905526,220.263043792456,2,0.045419570456808
4687,0.26096256684492,220.310015898251,2,0.0485697297793136
4688,0.252406417112299,220.356988004047,2,0.0551078903872198
4689,0.264884135472371,220.403960109843,2,0.046407939044193
4690,0.253475935828877,220.450932215638,2,0.0541362908119072
4691,0.244206773618538,220.497904321434,2,0.0643472600949594
4692,0.239572192513369,220.544876427229,2,0.0712472666157434
4693,0.236007130124777,220.591848533025,2,0.0775776178915898
4694,0.219251336898396,220.638820638821,2,0.124407409878215
4695,0.191087344028521,220.685792744616,2,0.325747491428206
4696,0.165775401069519,220.732764850412,1,0.676739491320735
4697,0.145811051693405,220.779736956208,1,0.894733017671574
4698,0.129055258467023,220.826709062003,1,0.970187854929089
4699,0.109803921568627,220.873681167799,1,0.994582604861519
4700,0.0959001782531194,220.920653273594,1,0.998623766587409
4701,0.0859180035650624,220.96762537939,1,0.999518565162007
4702,0.0816399286987522,221.014597485186,1,0.999698156102061
4703,0.085204991087344,221.061569590981,1,0.999554296203886
4704,0.0901960784313725,221.108541696777,1,0.999239767333174
4705,0.112299465240642,221.155513802573,1,0.9931532638992
4706,0.111586452762923,221.202485908368,1,0.993593924784478
4707,0.112655971479501,221.249458014164,1,0.992922498862245
4708,0.114795008912656,221.29643011996,1,0.991378944116705
4709,0.116577540106952,221.343402225755,1,0.989860038840601
4710,0.12192513368984,221.390374331551,1,0.983697027806612
4711,0.125490196078431,221.437346437346,1,0.977856781310305
4712,0.127985739750446,221.484318543142,1,0.972706367424612
4713,0.11729055258467,221.531290648938,1,0.989185960214728
4714,0.130124777183601,221.578262754733,1,0.967464223166398
4715,0.130837789661319,221.625234860529,1,0.965527910635271
4716,0.119073083778966,221.672206966325,1,0.987315831883163
4717,0.109803921568627,221.71917907212,1,0.994582604861519
4718,0.110160427807487,221.766151177916,1,0.994397060408985
4719,0.103386809269162,221.813123283712,1,0.997082205681196
4720,0.0951871657754011,221.860095389507,1,0.998720910263423
4721,0.0923351158645276,221.907067495303,1,0.999048267808535
4722,0.0905525846702317,221.954039601098,1,0.999210624196427
4723,0.0919786096256685,222.001011706894,1,0.999083084417852
4724,0.100534759358289,222.04798381269,1,0.997800433718146
4725,0.115151515151515,222.094955918485,1,0.991093165953659
4726,0.131907308377897,222.141928024281,1,0.962432382786013
4727,0.145811051693405,222.188900130077,1,0.894733017671574
4728,0.152584670231729,222.235872235872,1,0.837594004530373
4729,0.174331550802139,222.282844341668,1,0.55091481782757
4730,0.180748663101604,222.329816447464,2,0.457485606629361
4731,0.190374331550802,222.376788553259,2,0.333827284788788
4732,0.2,222.423760659055,2,0.238445271457884
4733,0.207843137254902,222.47073276485,2,0.181333166928288
4734,0.213547237076649,222.517704870646,2,0.149548423319507
4735,0.22174688057041,222.564676976442,2,0.115161280544945
4736,0.227807486631016,222.611649082237,2,0.0963808426446485
4737,0.236720142602496,222.658621188033,2,0.0762328841466821
4738,0.236363636363636,222.705593293829,2,0.0769001144892598
4739,0.236007130124777,222.752565399624,2,0.0775776178915898
4740,0.2349376114082,222.79953750542,2,0.0796733116730506
4741,0.2349376114082,222.846509611216,2,0.0796733116730506
4742,0.238502673796791,222.893481717011,2,0.0730456320043107
4743,0.24349376114082,222.940453822807,2,0.0653205428441643
4744,0.247415329768271,222.987425928602,2,0.0603252747770023
4745,0.257397504456328,223.034398034398,2,0.0509659338946457
4746,0.252406417112299,223.081370140194,2,0.0551078903872198
4747,0.247058823529412,223.128342245989,2,0.0607445699909669
4748,0.243137254901961,223.175314351785,2,0.0658186491056242
4749,0.240285204991087,223.222286457581,2,0.070093577958845
4750,0.237433155080214,223.269258563376,2,0.0749286416337627
4751,0.235294117647059,223.316230669172,2,0.0789640594862739
4752,0.235294117647059,223.363202774968,2,0.0789640594862739
4753,0.237433155080214,223.410174880763,2,0.0749286416337627
4754,0.237433155080214,223.457146986559,2,0.0749286416337627
4755,0.235650623885918,223.504119092354,2,0.0782655476404335
4756,0.23030303030303,223.55109119815,2,0.0899476823508696
4757,0.223885918003565,223.598063303946,2,0.107975638503528
4758,0.216755793226381,223.645035409741,2,0.13467565651305
4759,0.212121212121212,223.692007515537,2,0.156817985672745
4760,0.211051693404635,223.738979621333,2,0.162555305088142
4761,0.206060606060606,223.785951727128,2,0.192849198162725
4762,0.209982174688057,223.832923832924,2,0.168547355003344
4763,0.216399286987522,223.879895938719,2,0.136231992401206
4764,0.221390374331551,223.926868044515,2,0.11642334412553
4765,0.226737967914439,223.973840150311,2,0.0993540294017617
4766,0.228520499108734,224.020812256106,2,0.094472541402233
4767,0.232798573975045,224.067784361902,2,0.0841635552501557
4768,0.235294117647059,224.114756467698,2,0.0789640594862739
4769,0.251693404634581,224.161728573493,2,0.0557828391769409
4770,0.264527629233512,224.208700679289,2,0.0465853390309569
4771,0.270944741532977,224.255672785085,2,0.0439288203315882
4772,0.273083778966132,224.30264489088,2,0.0432805428079639
4773,0.274866310160428,224.349616996676,2,0.0428247921172951
4774,0.269875222816399,224.396589102471,2,0.0442957291655921
4775,0.268092691622103,224.443561208267,2,0.0449728132130926
4776,0.274153297682709,224.490533314063,2,0.0429980450141216
4777,0.271301247771836,224.537505419858,2,0.0438129275961263
4778,0.275579322638146,224.584477525654,2,0.0426634457108036
4779,0.280213903743316,224.63144963145,2,0.0418972352835395
4780,0.281283422459893,224.678421737245,2,0.0417883677481324
4781,0.27807486631016,224.725393843041,2,0.0421907934137444
4782,0.273083778966132,224.772365948837,2,0.0432805428079639
4783,0.273083778966132,224.819338054632,2,0.0432805428079639
4784,0.275935828877005,224.866310160428,2,0.0425871984116243
4785,0.284135472370766,224.913282266223,2,0.0416199654510232
4786,0.279500891265597,224.960254372019,2,0.0419837992174351
4787,0.275579322638146,225.007226477815,2,0.0426634457108036
4788,0.277718360071301,225.05419858361,2,0.042249654102186
4789,0.283778966131907,225.101170689406,2,0.0416313709041537
4790,0.28698752228164,225.148142795202,2,0.0416275359385478
4791,0.274153297682709,225.195114900997,2,0.0429980450141216
4792,0.258467023172906,225.242087006793,2,0.0502011018235606
4793,0.245632798573975,225.289059112589,2,0.0624894451585092
4794,0.227807486631016,225.336031218384,2,0.0963808426446485
4795,0.196791443850267,225.38300332418,2,0.266974022425607
4796,0.170409982174688,225.429975429975,1,0.609309102520185
4797,0.159358288770053,225.476947535771,1,0.762363530538871
4798,0.151871657754011,225.523919641567,1,0.844467696724097
4799,0.129768270944742,225.570891747362,1,0.968395709369752
4800,0.104812834224599,225.617863853158,1,0.996645233384003
4801,0.0880570409982175,225.664835958954,1,0.99939425971852
4802,0.0720142602495544,225.711808064749,1,0.999898196667168
4803,0.0684491978609626,225.758780170545,1,0.999932796120085
4804,0.0819964349376114,225.805752276341,1,0.999686061732224
4805,0.100534759358289,225.852724382136,1,0.997800433718146
4806,0.133689839572193,225.899696487932,1,0.956728471712448
4807,0.171479500891266,225.946668593727,1,0.593418986671837
4808,0.191087344028521,225.993640699523,2,0.325747491428206
4809,0.200356506238859,226.040612805319,2,0.235470070227057
4810,0.216755793226381,226.087584911114,2,0.13467565651305
4811,0.222459893048128,226.13455701691,2,0.112693469722017
4812,0.218181818181818,226.181529122706,2,0.128676998004563
4813,0.218894830659537,226.228501228501,2,0.125809362934257
4814,0.229590017825312,226.275473334297,2,0.0917165127743095
4815,0.237789661319073,226.322445440093,2,0.0742913349406445
4816,0.236007130124777,226.369417545888,2,0.0775776178915898
4817,0.246345811051693,226.416389651684,2,0.0616032808600155
4818,0.246345811051693,226.463361757479,2,0.0616032808600155
4819,0.234224598930481,226.510333863275,2,0.081124682690485
4820,0.212477718360071,226.557305969071,2,0.154960543073245
4821,0.197504456327986,226.604278074866,2,0.26035779568449
4822,0.175757575757576,226.651250180662,1,0.529750815064131
4823,0.13475935828877,226.698222286458,1,0.952955418844474
4824,0.0951871657754011,226.745194392253,1,0.998720910263423
4825,0.0670231729055259,226.792166498049,1,0.999943192051889
4826,0.0502673796791444,226.839138603845,1,0.999992739146308
4827,0.031729055258467,226.88611070964,1,0.999999375424541
4828,0.0185383244206774,226.933082815436,1,0.999999902656319
4829,0.0089126559714795,226.980054921231,1,0.999999976373703
4830,0.0035650623885918,227.027027027027,1,0.999999989471534
4831,0.00285204991087344,227.073999132823,1,0.999999990558239
4832,0.00499108734402852,227.120971238618,1,0.999999986919311
4833,0.00499108734402852,227.167943344414,1,0.999999986919311
4834,0.00392156862745098,227.21491545021,1,0.99999998888329
4835,0.00606060606060606,227.261887556005,1,0.999999984617885
4836,0.0117647058823529,227.308859661801,1,0.999999963870424
4837,0.0185383244206774,227.355831767596,1,0.999999902656319
4838,0.0199643493761141,227.402803873392,1,0.999999880449009
4839,0.0206773618538324,227.449775979188,1,0.999999867566885
4840,0.0185383244206774,227.496748084983,1,0.999999902656319
4841,0.0181818181818182,227.543720190779,1,0.999999907546852
4842,0.0231729055258467,227.590692296575,1,0.999999810936683
4843,0.0281639928698752,227.63766440237,1,0.99999961855144
4844,0.0324420677361854,227.684636508166,1,0.999999311258717
4845,0.0385026737967914,227.731608613962,1,0.999998436005335
4846,0.0424242424242424,227.778580719757,1,0.999997369113423
4847,0.0409982174688057,227.825552825553,1,0.999997820348332
4848,0.0388591800356506,227.872524931348,1,0.999998359719826
4849,0.0320855614973262,227.919497037144,1,0.999999344103284
4850,0.0306595365418895,227.96646914294,1,0.999999460919033
4851,0.0324420677361854,228.013441248735,1,0.999999311258717
4852,0.0409982174688057,228.060413354531,1,0.999997820348332
4853,0.0559714795008913,228.107385460327,1,0.999985121956113
4854,0.0809269162210339,228.154357566122,1,0.99972102295686
4855,0.113368983957219,228.201329671918,1,0.992439101962777
4856,0.13475935828877,228.248301777714,1,0.952955418844474
4857,0.158288770053476,228.295273883509,1,0.775388347843203
4858,0.170053475935829,228.342245989305,1,0.614589074146404
4859,0.191087344028521,228.3892180951,2,0.325747491428206
4860,0.211051693404635,228.436190200896,2,0.162555305088142
4861,0.222816399286988,228.483162306692,2,0.111487183755526
4862,0.224955436720143,228.530134412487,2,0.104619674767062
4863,0.228520499108734,228.577106518283,2,0.094472541402233
4864,0.233155080213904,228.624078624079,2,0.0833863945334798
4865,0.242067736185383,228.671050729874,2,0.0673601550398578
4866,0.25204991087344,228.71802283567,2,0.0554425963726971
4867,0.263101604278075,228.764994941466,2,0.0473324247231341
4868,0.270231729055258,228.811967047261,2,0.0441701976570837
4869,0.277718360071301,228.858939153057,2,0.042249654102186
4870,0.284491978609626,228.905911258852,2,0.0416113068402193
4871,0.283778966131907,228.952883364648,2,0.0416313709041537
4872,0.280570409982175,228.999855470444,2,0.0418581564093423
4873,0.27379679144385,229.046827576239,2,0.0430891776231117
4874,0.27379679144385,229.093799682035,2,0.0430891776231117
4875,0.27807486631016,229.140771787831,2,0.0421907934137444
4876,0.279857397504456,229.187743893626,2,0.0419391135680977
4877,0.27807486631016,229.234715999422,2,0.0421907934137444
4878,0.276292335115865,229.281688105218,2,0.0425138820583927
4879,0.285204991087344,229.328660211013,2,0.0416022241097946
4880,0.29554367201426,229.375632316809,2,0.0427177368652416
4881,0.299465240641711,229.422604422604,2,0.0437775938345742
4882,0.30017825311943,229.4695765284,2,0.0440105906241948
4883,0.300534759358289,229.516548634196,2,0.0441318857365875
4884,0.299108734402852,229.563520739991,2,0.0436658469399739
4885,0.299108734402852,229.610492845787,2,0.0436658469399739
4886,0.306238859180036,229.657464951583,2,0.0465298693467827
4887,0.320142602495544,229.704437057378,2,0.0567259747134971
4888,0.331550802139037,229.751409163174,2,0.0716533211876457
4889,0.320142602495544,229.79838126897,2,0.0567259747134971
4890,0.318003565062389,229.845353374765,2,0.0546775382916184
4891,0.315508021390374,229.892325480561,2,0.0525314165911043
4892,0.315508021390374,229.939297586356,2,0.0525314165911043
4893,0.317647058823529,229.986269692152,2,0.0543553558786428
4894,0.315864527629234,230.033241797948,2,0.0528227332365861
4895,0.310516934046346,230.080213903743,2,0.0489444475415831
4896,0.306595365418895,230.127186009539,2,0.0467098251649508
4897,0.303386809269162,230.174158115335,2,0.0452206128938116
4898,0.294830659536542,230.22113022113,2,0.0425641242185355
4899,0.284491978609626,230.268102326926,2,0.0416113068402193
4900,0.277718360071301,230.315074432722,2,0.042249654102186
4901,0.277005347593583,230.362046538517,2,0.0423759866562815
4902,0.278787878787879,230.409018644313,2,0.0420816271177998
4903,0.280570409982175,230.455990750108,2,0.0418581564093423
4904,0.279144385026738,230.502962855904,2,0.0420313007234206
4905,0.270231729055258,230.5499349617,2,0.0441701976570837
4906,0.273440285204991,230.596907067495,2,0.0431833375115704
4907,0.280213903743316,230.643879173291,2,0.0418972352835395
4908,0.289126559714795,230.690851279087,2,0.0417486710349733
4909,0.296613190730838,230.737823384882,2,0.0429703658264209
4910,0.302673796791444,230.784795490678,2,0.0449283380445678
4911,0.305882352941176,230.831767596473,2,0.04635361456076
4912,0.308377896613191,230.878739702269,2,0.0476664027016535
4913,0.322994652406417,230.925711808065,2,0.0597857633762215
4914,0.322281639928699,230.97268391386,2,0.0589837106869832
4915,0.318360071301248,231.019656019656,2,0.0550050956700566
4916,0.315151515151515,231.066628125452,2,0.0522450247603526
4917,0.314081996434938,231.113600231247,2,0.0514148075906437
4918,0.315864527629234,231.160572337043,2,0.0528227332365861
4919,0.316221033868093,231.207544442839,2,0.0531190354510111
4920,0.31301247771836,231.254516548634,2,0.0506268340171366
4921,0.317647058823529,231.30148865443,2,0.0543553558786428
4922,0.315864527629234,231.348460760225,2,0.0528227332365861
4923,0.315508021390374,231.395432866021,2,0.0525314165911043
4924,0.314795008912656,231.442404971817,2,0.0519634981284891
4925,0.310873440285205,231.489377077612,2,0.0491718492628153
4926,0.297326203208556,231.536349183408,2,0.043153780360425
4927,0.277005347593583,231.583321289204,2,0.0423759866562815
4928,0.261675579322638,231.630293394999,2,0.0481413085598955
4929,0.235650623885918,231.677265500795,2,0.0782655476404335
4930,0.210695187165775,231.724237606591,2,0.164523890047979
4931,0.184313725490196,231.771209712386,2,0.408763554698108
4932,0.16078431372549,231.818181818182,1,0.744387394516176
4933,0.142602495543672,231.865153923977,1,0.915702828474417
4934,0.127629233511586,231.912126029773,1,0.973502536502305
4935,0.101604278074866,231.959098135569,1,0.997553248044786
4936,0.0698752228163993,232.006070241364,1,0.999920585337387
4937,0.0641711229946524,232.05304234716,1,0.999959542190798
4938,0.0588235294117647,232.100014452956,1,0.999978842946196
4939,0.0609625668449198,232.146986558751,1,0.999972528556728
4940,0.0741532976827095,232.193958664547,1,0.999869819794334
4941,0.083065953654189,232.240930770343,1,0.999646939359799
4942,0.0884135472370766,232.287902876138,1,0.999370775695183
4943,0.103386809269162,232.334874981934,1,0.997082205681196
4944,0.122281639928699,232.381847087729,1,0.983183695177332
4945,0.139750445632799,232.428819193525,1,0.931379966481488
4946,0.155436720142603,232.475791299321,1,0.808068896184065
4947,0.176114081996435,232.522763405116,1,0.52448293208368
4948,0.197147950089127,232.569735510912,2,0.263645907563373
4949,0.217825311942959,232.616707616708,2,0.1301432808253
4950,0.231372549019608,232.663679722503,2,0.0873932078736503
4951,0.238859180035651,232.710651828299,2,0.0724369552179529
4952,0.239572192513369,232.757623934095,2,0.0712472666157434
4953,0.249554367201426,232.80459603989,2,0.057944706476878
4954,0.224955436720143,232.851568145686,2,0.104619674767062
4955,0.194295900178253,232.898540251481,2,0.29140242266571
4956,0.151515151515152,232.945512357277,1,0.847827917243216
4957,0.111229946524064,232.992484463073,1,0.993804205433222
4958,0.0659536541889483,233.039456568868,1,0.999949955545151
4959,0.0181818181818182,233.086428674664,1,0.999999907546852
4960,0.00962566844919786,233.13340078046,1,0.999999973715982
4961,0.00784313725490196,233.180372886255,1,0.999999979875392
4962,0.00427807486631016,233.227344992051,1,0.999999988262986
4963,0.00677361853832442,233.274317097847,1,0.999999982868703
4964,0.0167557932263815,233.321289203642,1,0.999999924824097
4965,0.0402852049910873,233.368261309438,1,0.99999801687415
4966,0.0787878787878788,233.415233415233,1,0.999780110055241
4967,0.118003565062389,233.462205521029,1,0.988470729577766
4968,0.14367201426025,233.509177626825,1,0.909121199068096
4969,0.160071301247772,233.55614973262,1,0.753460132159372
4970,0.183600713012478,233.603121838416,2,0.418263109207048
4971,0.210338680926916,233.650093944212,2,0.166521124259266
4972,0.227450980392157,233.697066050007,2,0.0973569200698169
4973,0.233868092691622,233.744038155803,2,0.0818671307430453
4974,0.240641711229947,233.791010261599,2,0.069529909235771
4975,0.255258467023173,233.837982367394,2,0.052621326223698
4976,0.269162210338681,233.88495447319,2,0.0445566001117059
4977,0.292691622103387,233.931926578985,2,0.0421731013583015
4978,0.295900178253119,233.978898684781,2,0.042798969610294
4979,0.298039215686275,234.025870790577,2,0.0433493543597783
4980,0.295187165775401,234.072842896372,2,0.0426394600665594
4981,0.289126559714795,234.119815002168,2,0.0417486710349733
4982,0.283065953654189,234.166787107964,2,0.0416624314943373
4983,0.279857397504456,234.213759213759,2,0.0419391135680977
4984,0.281996434937611,234.260731319555,2,0.0417296946156144
4985,0.276292335115865,234.30770342535,2,0.0425138820583927
4986,0.285561497326203,234.354675531146,2,0.0416017982712025
4987,0.286274509803922,234.401647636942,2,0.0416091772442929
4988,0.279857397504456,234.448619742737,2,0.0419391135680977
4989,0.277005347593583,234.495591848533,2,0.0423759866562815
4990,0.274509803921569,234.542563954329,2,0.0429099221564594
4991,0.260249554367201,234.589536060124,2,0.0490145944025892
4992,0.243137254901961,234.63650816592,2,0.0658186491056242
4993,0.238502673796791,234.683480271716,2,0.0730456320043107
4994,0.218181818181818,234.730452377511,2,0.128676998004563
4995,0.188948306595365,234.777424483307,2,0.350467324722219
4996,0.160071301247772,234.824396589102,1,0.753460132159372
4997,0.120142602495544,234.871368694898,1,0.986055397347433
4998,0.0766488413547237,234.918340800694,1,0.999827113421082
4999,0.0409982174688057,234.965312906489,1,0.999997820348332
5000,0.0228163992869875,235.012285012285,1,0.999999820274509
5001,0.0167557932263815,235.059257118081,1,0.999999924824097
5002,0.013903743315508,235.106229223876,1,0.999999950459747
5003,0.0128342245989305,235.153201329672,1,0.999999957680063
5004,0.0167557932263815,235.200173435468,1,0.999999924824097
5005,0.0149732620320856,235.247145541263,1,0.999999942043454
5006,0.0124777183600713,235.294117647059,1,0.999999959850435
5007,0.0188948306595365,235.341089752854,1,0.999999897514142
5008,0.0331550802139037,235.38806185865,1,0.999999240709816
5009,0.0231729055258467,235.435033964446,1,0.999999810936683
5010,0.027807486631016,235.482006070241,1,0.999999637041698
5011,0.0295900178253119,235.528978176037,1,0.999999534998728
5012,0.027807486631016,235.575950281833,1,0.999999637041698
5013,0.0288770053475936,235.622922387628,1,0.999999578784034
5014,0.0324420677361854,235.669894493424,1,0.999999311258717
5015,0.0313725490196078,235.71686659922,1,0.999999405291025
5016,0.027807486631016,235.763838705015,1,0.999999637041698
5017,0.0181818181818182,235.810810810811,1,0.999999907546852
5018,0.0274509803921569,235.857782916606,1,0.999999654659426
5019,0.0381461675579323,235.904755022402,1,0.999998508845596
5020,0.0442067736185383,235.951727128198,1,0.999996676669609
5021,0.0595365418894831,235.998699233993,1,0.999976912146657
5022,0.0877005347593583,236.045671339789,1,0.999416907876094
5023,0.0912655971479501,236.092643445585,1,0.999149121927905
5024,0.071301247771836,236.13961555138,1,0.999906259337905
5025,0.0499108734402852,236.186587657176,1,0.999993061569542
5026,0.0491978609625668,236.233559762972,1,0.999993665407459
5027,0.0516934046345811,236.280531868767,1,0.999991298490749
5028,0.061319073083779,236.327503974563,1,0.999971313259764
5029,0.0702317290552585,236.374476080358,1,0.999917214850042
5030,0.0816399286987522,236.421448186154,1,0.999698156102061
5031,0.0937611408199644,236.46842029195,1,0.998896043587254
5032,0.103743315508021,236.515392397745,1,0.996978283387991
5033,0.101247771836007,236.562364503541,1,0.997638415957379
5034,0.125133689839572,236.609336609337,1,0.978516157516388
5035,0.14331550802139,236.656308715132,1,0.91135935846303
5036,0.144741532976827,236.703280820928,1,0.902135334189542
5037,0.147593582887701,236.750252926724,1,0.881440854894658
5038,0.160427807486631,236.797225032519,1,0.748944540802986
5039,0.166488413547237,236.844197138315,1,0.666584133318853
5040,0.164349376114082,236.89116924411,1,0.69672645304942
5041,0.159001782531194,236.938141349906,1,0.766749861131668
5042,0.148663101604278,236.985113455702,1,0.872877479578926
5043,0.137254901960784,237.032085561497,1,0.943030999527467
5044,0.131550802139037,237.079057667293,1,0.963490394158101
5045,0.128698752228164,237.126029773089,1,0.971049501893769
5046,0.124064171122995,237.173001878884,1,0.980389055743572
5047,0.11729055258467,237.21997398468,1,0.989185960214728
5048,0.111229946524064,237.266946090476,1,0.993804205433222
5049,0.0855614973262032,237.313918196271,1,0.999536758982317
5050,0.0802139037433155,237.360890302067,1,0.999742228864589
5051,0.083065953654189,237.407862407862,1,0.999646939359799
5052,0.099108734402852,237.454834513658,1,0.99809351993827
5053,0.11729055258467,237.501806619454,1,0.989185960214728
5054,0.130124777183601,237.548778725249,1,0.967464223166398
5055,0.145098039215686,237.595750831045,1,0.89971474034907
5056,0.156149732620321,237.642722936841,1,0.800187728045124
5057,0.175757575757576,237.689695042636,1,0.52975081506413
5058,0.184670231729055,237.736667148432,2,0.404063591013692
5059,0.181461675579323,237.783639254228,2,0.447508721006442
5060,0.167201426024955,237.830611360023,1,0.656333865580668
5061,0.161497326203209,237.877583465819,1,0.735151752973686
5062,0.170409982174688,237.924555571614,1,0.609309102520185
5063,0.17397504456328,237.97152767741,1,0.556222611138865
5064,0.168627450980392,238.018499783206,1,0.635589264594311
5065,0.190017825311943,238.065471889001,2,0.337927533751864
5066,0.183957219251337,238.112443994797,2,0.413496942521145
5067,0.17825311942959,238.159416100593,2,0.4931633449116
5068,0.174331550802139,238.206388206388,1,0.55091481782757
5069,0.179322638146168,238.253360312184,2,0.47774005623201
5070,0.18680926916221,238.300332417979,2,0.376598257000457
5071,0.192869875222816,238.347304523775,2,0.30625838418349
5072,0.196078431372549,238.394276629571,2,0.273750879430953
5073,0.200713012477718,238.441248735366,2,0.23253293637346
5074,0.197504456327986,238.488220841162,2,0.26035779568449
5075,0.190730837789661,238.535192946958,2,0.329767214756324
5076,0.185026737967914,238.582165052753,2,0.399397668114471
5077,0.183244206773619,238.629137158549,2,0.423061380810353
5078,0.18716577540107,238.676109264345,2,0.372147939662444
5079,0.192513368983957,238.72308137014,2,0.310074635321889
5080,0.2,238.770053475936,2,0.238445271457884
5081,0.204634581105169,238.817025581731,2,0.202656660056607
5082,0.203208556149733,238.863997687527,2,0.213015864982375
5083,0.195365418894831,238.910969793323,2,0.280689466458057
5084,0.182887700534759,238.957941899118,2,0.427891054715119
5085,0.170766488413547,239.004914004914,1,0.604019860818497
5086,0.157575757575758,239.05188611071,1,0.783843752125893
5087,0.14331550802139,239.098858216505,1,0.91135935846303
5088,0.131194295900178,239.145830322301,1,0.964522061907666
5089,0.104812834224599,239.192802428097,1,0.996645233384003
5090,0.105525846702317,239.239774533892,1,0.996404352994095
5091,0.106238859180036,239.286746639688,1,0.996147300088293
5092,0.104099821746881,239.333718745483,1,0.996870885972308
5093,0.101604278074866,239.380690851279,1,0.997553248044786
5094,0.103386809269162,239.427662957075,1,0.997082205681196
5095,0.111229946524064,239.47463506287,1,0.993804205433222
5096,0.119429590017825,239.521607168666,1,0.986907818820623
5097,0.124777183600713,239.568579274462,1,0.979157721697391
5098,0.125846702317291,239.615551380257,1,0.977179174125809
5099,0.135115864527629,239.662523486053,1,0.951635957098908
5100,0.154367201426025,239.709495591849,1,0.819518848598696
5101,0.177183600713012,239.756467697644,1,0.508754422500141
5102,0.196078431372549,239.80343980344,2,0.273750879430953
5103,0.213547237076649,239.850411909235,2,0.149548423319507
5104,0.225311942959002,239.897384015031,2,0.103534426560596
5105,0.229590017825312,239.944356120827,2,0.0917165127743095
5106,0.23458110516934,239.991328226622,2,0.080393464967845
5107,0.245989304812834,240.038300332418,2,0.0620428835435552
5108,0.257397504456328,240.085272438214,2,0.0509659338946457
5109,0.263101604278075,240.132244544009,2,0.0473324247231341
5110,0.258823529411765,240.179216649805,2,0.0499551128118862
5111,0.255614973262032,240.226188755601,2,0.0523334119125725
5112,0.254901960784314,240.273160861396,2,0.0529141840881379
5113,0.255614973262032,240.320132967192,2,0.0523334119125725
5114,0.255971479500891,240.367105072987,2,0.0520503811873
5115,0.259893048128342,240.414077178783,2,0.0492433052226
5116,0.267023172905526,240.461049284579,2,0.045419570456808
5117,0.272014260249554,240.508021390374,2,0.0435906215444182
5118,0.275222816399287,240.55499349617,2,0.0427426385542663
5119,0.272727272727273,240.601965601966,2,0.0433808122462695
5120,0.268805704099822,240.648937707761,2,0.0446919904502777
5121,0.268449197860963,240.695909813557,2,0.044830719097829
5122,0.260249554367201,240.742881919353,2,0.0490145944025892
5123,0.249554367201426,240.789854025148,2,0.0579447064768781
5124,0.242780748663102,240.836826130944,2,0.0663245448775083
5125,0.239928698752228,240.883798236739,2,0.0706659877052685
5126,0.233511586452763,240.930770342535,2,0.0826209776392116
5127,0.219251336898396,240.977742448331,2,0.124407409878215
5128,0.210338680926916,241.024714554126,2,0.166521124259266
5129,0.206417112299465,241.071686659922,2,0.190481054884609
5130,0.203921568627451,241.118658765718,2,0.207765990912991
5131,0.198573975044563,241.165630871513,2,0.250731709606912
5132,0.193226381461676,241.212602977309,2,0.302483027075261
5133,0.19144385026738,241.259575083105,2,0.321768259828467
5134,0.198930481283422,241.3065471889,2,0.247601781995905
5135,0.212477718360071,241.353519294696,2,0.154960543073245
5136,0.225311942959002,241.400491400491,2,0.103534426560596
5137,0.237433155080214,241.447463506287,2,0.0749286416337627
5138,0.240998217468806,241.494435612083,2,0.06897485550607
5139,0.250623885918004,241.541407717878,2,0.0568375171729097
5140,0.263458110516934,241.588379823674,2,0.0471399566294934
5141,0.275222816399287,241.63535192947,2,0.0427426385542663
5142,0.279857397504456,241.682324035265,2,0.0419391135680977
5143,0.280213903743316,241.729296141061,2,0.0418972352835395
5144,0.276648841354724,241.776268246857,2,0.0424434826255456
5145,0.267023172905526,241.823240352652,2,0.045419570456808
5146,0.268092691622103,241.870212458448,2,0.0449728132130926
5147,0.255258467023173,241.917184564243,2,0.052621326223698
5148,0.240998217468806,241.964156670039,2,0.06897485550607
5149,0.238502673796791,242.011128775835,2,0.0730456320043107
5150,0.237076648841355,242.05810088163,2,0.0755757760110533
5151,0.218894830659537,242.105072987426,2,0.125809362934257
5152,0.192156862745098,242.152045093222,2,0.313931741274008
5153,0.166844919786096,242.199017199017,1,0.661470237347135
5154,0.125846702317291,242.245989304813,1,0.977179174125809
5155,0.071301247771836,242.292961410608,1,0.999906259337905
5156,0.0292335115864528,242.339933516404,1,0.99999955741731
5157,0.00998217468805704,242.3869056222,1,0.999999972279888
5158,0.00463458110516934,242.433877727995,1,0.999999987608923
5159,0.0053475935828877,242.480849833791,1,0.999999986192269
5160,0.00926916221033868,242.527821939587,1,0.999999975079391
5161,0.00998217468805704,242.574794045382,1,0.999999972279888
5162,0.00392156862745098,242.621766151178,1,0.99999998888329
5163,0.00784313725490196,242.668738256974,1,0.999999979875392
5164,0.0285204991087344,242.715710362769,1,0.99999959914681
5165,0.0559714795008913,242.762682468565,1,0.999985121956113
5166,0.0855614973262032,242.80965457436,1,0.999536758982317
5167,0.12156862745098,242.856626680156,1,0.984196012649719
5168,0.151158645276292,242.903598785952,1,0.851137057463874
5169,0.172905525846702,242.950570891747,1,0.572165565995
5170,0.19144385026738,242.997542997543,2,0.321768259828467
5171,0.207130124777184,243.044515103339,2,0.185842860892558
5172,0.2174688057041,243.091487209134,2,0.131631612598901
5173,0.228163992869875,243.13845931493,2,0.0954194554546018
5174,0.234224598930481,243.185431420726,2,0.081124682690485
5175,0.240285204991087,243.232403526521,2,0.070093577958845
5176,0.249554367201426,243.279375632317,2,0.0579447064768781
5177,0.245276292335116,243.326347738112,2,0.0629430633753488
5178,0.243850267379679,243.373319843908,2,0.0648301159383605
5179,0.242424242424242,243.420291949704,2,0.0668383422028336
5180,0.236720142602496,243.467264055499,2,0.0762328841466821
5181,0.232085561497326,243.514236161295,2,0.0857538169693488
5182,0.225668449197861,243.561208267091,2,0.102465475304575
5183,0.197860962566845,243.608180372886,2,0.257109516044999
5184,0.160071301247772,243.655152478682,1,0.753460132159372
5185,0.12156862745098,243.702124584478,1,0.984196012649719
5186,0.0877005347593583,243.749096690273,1,0.999416907876094
5187,0.0577540106951872,243.796068796069,1,0.999981450235297
5188,0.0449197860962567,243.843040901864,1,0.999996352856225
5189,0.0474153297682709,243.89001300766,1,0.999994961058983
5190,0.0609625668449198,243.936985113456,1,0.999972528556728
5191,0.0866310160427807,243.983957219251,1,0.999480114164229
5192,0.114438502673797,244.030929325047,1,0.991656199536343
5193,0.141532976827094,244.077901430843,1,0.921893378846401
5194,0.190730837789661,244.124873536638,2,0.329767214756324
5195,0.223172905525847,244.171845642434,2,0.110298956933863
5196,0.233511586452763,244.21881774823,2,0.0826209776392116
5197,0.255971479500891,244.265789854025,2,0.0520503811873
5198,0.284135472370766,244.312761959821,2,0.0416199654510232
5199,0.293761140819964,244.359734065616,2,0.0423556210312152
5200,0.292335115864528,244.406706171412,2,0.0421179801391359
5201,0.296256684491979,244.453678277208,2,0.0428831738773505
5202,0.289126559714795,244.500650383003,2,0.0417486710349733
5203,0.279500891265597,244.547622488799,2,0.0419837992174351
5204,0.271657754010695,244.594594594595,2,0.0437002019488884
5205,0.265597147950089,244.64156670039,2,0.0460641348880686
5206,0.26096256684492,244.688538806186,2,0.0485697297793136
5207,0.255258467023173,244.735510911982,2,0.052621326223698
5208,0.251336898395722,244.782483017777,2,0.0561286910017881
5209,0.253119429590018,244.829455123573,2,0.0544548065800749
5210,0.25204991087344,244.876427229368,2,0.0554425963726971
5211,0.248841354723708,244.923399335164,2,0.0587130549522764
5212,0.244919786096257,244.97037144096,2,0.0634038375713656
5213,0.240641711229947,245.017343546755,2,0.069529909235771
5214,0.238146167557932,245.064315652551,2,0.0736637122022718
5215,0.239572192513369,245.111287758347,2,0.0712472666157434
5216,0.240998217468806,245.158259864142,2,0.06897485550607
5217,0.250980392156863,245.205231969938,2,0.0564802253755426
5218,0.249554367201426,245.252204075734,2,0.0579447064768781
5219,0.244563279857398,245.299176181529,2,0.0638718688557507
5220,0.238146167557932,245.346148287325,2,0.0736637122022718
5221,0.232085561497326,245.39312039312,2,0.0857538169693488
5222,0.229233511586453,245.440092498916,2,0.0926212795678123
5223,0.229590017825312,245.487064604712,2,0.0917165127743095
5224,0.230659536541889,245.534036710507,2,0.0890832175668622
5225,0.231729055258467,245.581008816303,2,0.0865672792270691
5226,0.236007130124777,245.627980922099,2,0.0775776178915898
5227,0.243137254901961,245.674953027894,2,0.0658186491056242
5228,0.247415329768271,245.72192513369,2,0.0603252747770022
5229,0.250623885918004,245.768897239486,2,0.0568375171729097
5230,0.250267379679144,245.815869345281,2,0.0572006426352329
5231,0.244563279857398,245.862841451077,2,0.0638718688557507
5232,0.239928698752228,245.909813556872,2,0.0706659877052685
5233,0.241711229946524,245.956785662668,2,0.0678900992893203
5234,0.244206773618538,246.003757768464,2,0.0643472600949594
5235,0.248841354723708,246.050729874259,2,0.0587130549522764
5236,0.252406417112299,246.097701980055,2,0.0551078903872198
5237,0.25668449197861,246.144674085851,2,0.0514987362425697
5238,0.258110516934046,246.191646191646,2,0.0504515339077752
5239,0.260249554367201,246.238618297442,2,0.0490145944025892
5240,0.26096256684492,246.285590403237,2,0.0485697297793136
5241,0.250267379679144,246.332562509033,2,0.0572006426352329
5242,0.251336898395722,246.379534614829,2,0.0561286910017881
5243,0.25204991087344,246.426506720624,2,0.0554425963726971
5244,0.251336898395722,246.47347882642,2,0.0561286910017881
5245,0.25632798573975,246.520450932216,2,0.0517721752073187
5246,0.264171122994652,246.567423038011,2,0.0467664510931315
5247,0.267379679144385,246.614395143807,2,0.0452672099750944
5248,0.265953654188948,246.661367249603,2,0.0458976624695658
5249,0.263458110516934,246.708339355398,2,0.0471399566294933
5250,0.257397504456328,246.755311461194,2,0.0509659338946457
5251,0.252762923351159,246.802283566989,2,0.0547786503255093
5252,0.250623885918004,246.849255672785,2,0.0568375171729097
5253,0.254188948306595,246.896227778581,2,0.0535149760816739
5254,0.26096256684492,246.943199884376,2,0.0485697297793136
5255,0.267023172905526,246.990171990172,2,0.045419570456808
5256,0.270944741532977,247.037144095968,2,0.0439288203315882
5257,0.26951871657754,247.084116201763,2,0.0444245216126999
5258,0.26951871657754,247.131088307559,2,0.0444245216126999
5259,0.270231729055258,247.178060413355,2,0.0441701976570837
5260,0.267379679144385,247.22503251915,2,0.0452672099750944
5261,0.263458110516934,247.272004624946,2,0.0471399566294933
5262,0.258467023172906,247.318976730741,2,0.0502011018235606
5263,0.25204991087344,247.365948836537,2,0.0554425963726971
5264,0.248841354723708,247.412920942333,2,0.0587130549522764
5265,0.257754010695187,247.459893048128,2,0.0507064604602417
5266,0.255258467023173,247.506865153924,2,0.052621326223698
5267,0.254545454545455,247.55383725972,2,0.0532120466169336
5268,0.253832442067736,247.600809365515,2,0.0538230359317509
5269,0.252762923351159,247.647781471311,2,0.0547786503255093
5270,0.250980392156863,247.694753577107,2,0.0564802253755426
5271,0.246345811051693,247.741725682902,2,0.0616032808600155
5272,0.244206773618538,247.788697788698,2,0.0643472600949594
5273,0.251336898395722,247.835669894493,2,0.0561286910017881
5274,0.249197860962567,247.882642000289,2,0.0583258043584955
5275,0.243850267379679,247.929614106085,2,0.0648301159383605
5276,0.236363636363636,247.97658621188,2,0.0769001144892598
5277,0.231016042780749,248.023558317676,2,0.0882317905080514
5278,0.227094474153298,248.070530423472,2,0.0983479079010685
5279,0.227094474153298,248.117502529267,2,0.0983479079010686
5280,0.227807486631016,248.164474635063,2,0.0963808426446485
5281,0.222816399286988,248.211446740859,2,0.111487183755526
5282,0.219607843137255,248.258418846654,2,0.12302630424366
5283,0.211408199643494,248.30539095245,2,0.160615022882782
5284,0.198573975044563,248.352363058245,2,0.250731709606912
5285,0.190374331550802,248.399335164041,2,0.333827284788788
5286,0.176114081996435,248.446307269837,1,0.52448293208368
5287,0.145811051693405,248.493279375632,1,0.894733017671574
5288,0.116577540106952,248.540251481428,1,0.989860038840601
5289,0.101604278074866,248.587223587224,1,0.997553248044786
5290,0.057397504456328,248.634195693019,1,0.999982248310932
5291,0.0156862745098039,248.681167798815,1,0.999999935674584
5292,0.0053475935828877,248.728139904611,1,0.999999986192269
5293,0.0071301247771836,248.775112010406,1,0.999999981922744
5294,0.00784313725490196,248.822084116202,1,0.999999979875392
5295,0.00606060606060606,248.869056221997,1,0.999999984617885
5296,0.00784313725490196,248.916028327793,1,0.999999979875392
5297,0.0213903743315508,248.963000433589,1,0.999999853337027
5298,0.0516934046345811,249.009972539384,1,0.999991298490749
5299,0.103030303030303,249.05694464518,1,0.997182757300837
5300,0.141532976827094,249.103916750976,1,0.921893378846401
5301,0.148663101604278,249.150888856771,1,0.872877479578926
5302,0.142245989304813,249.197860962567,1,0.917809125222735
5303,0.131194295900178,249.244833068363,1,0.964522061907666
5304,0.118360071301248,249.291805174158,1,0.988096990977705
5305,0.0859180035650624,249.338777279954,1,0.999518565162007
5306,0.0698752228163993,249.385749385749,1,0.999920585337387
5307,0.0645276292335116,249.432721491545,1,0.999957778572531
5308,0.0777183600713012,249.479693597341,1,0.99980496238391
5309,0.0923351158645276,249.526665703136,1,0.999048267808535
5310,0.0994652406417112,249.573637808932,1,0.998023918340907
5311,0.114081996434938,249.620609914728,1,0.991925162103706
5312,0.132263814616756,249.667582020523,1,0.961347498174155
5313,0.128342245989305,249.714554126319,1,0.971888846583434
5314,0.136185383244207,249.761526232115,1,0.947484354538795
5315,0.134046345811052,249.80849833791,1,0.955501116760334
5316,0.120855614973262,249.855470443706,1,0.985152336855447
5317,0.0827094474153298,249.902442549501,1,0.999660470341301
5318,0.0709447415329768,249.949414655297,1,0.99991005726224
5319,0.0238859180035651,249.996386761093,1,0.999999790823537
5320,0.00998217468805704,250.043358866888,1,0.999999972279888
5321,0.0071301247771836,250.090330972684,1,0.999999981922744
5322,0.0053475935828877,250.13730307848,1,0.999999986192269
5323,0.00641711229946524,250.184275184275,1,0.999999983766279
5324,0.00784313725490196,250.231247290071,1,0.999999979875392
5325,0.00570409982174688,250.278219395866,1,0.99999998542582
5326,0.0053475935828877,250.325191501662,1,0.999999986192269
5327,0.00926916221033868,250.372163607458,1,0.999999975079391
5328,0.0167557932263815,250.419135713253,1,0.999999924824097
5329,0.0506238859180036,250.466107819049,1,0.99999240226322
5330,0.0648841354723708,250.513079924845,1,0.999955941110266
5331,0.0449197860962567,250.56005203064,1,0.999996352856225
5332,0.0213903743315508,250.607024136436,1,0.999999853337027
5333,0.0249554367201426,250.653996242232,1,0.999999756697252
5334,0.0303030303030303,250.700968348027,1,0.999999486803213
5335,0.0413547237076649,250.747940453823,1,0.999997715134302
5336,0.0716577540106952,250.794912559618,1,0.999902307779302
5337,0.099108734402852,250.841884665414,1,0.99809351993827
5338,0.11729055258467,250.88885677121,1,0.989185960214728
5339,0.141889483065954,250.935828877005,1,0.919872469975445
5340,0.166844919786096,250.982800982801,1,0.661470237347135
5341,0.183244206773619,251.029773088597,2,0.423061380810353
5342,0.193226381461676,251.076745194392,2,0.302483027075261
5343,0.198930481283422,251.123717300188,2,0.247601781995905
5344,0.201782531194296,251.170689405984,2,0.223947270621169
5345,0.222459893048128,251.217661511779,2,0.112693469722017
5346,0.227450980392157,251.264633617575,2,0.0973569200698169
5347,0.233155080213904,251.31160572337,2,0.0833863945334798
5348,0.236720142602496,251.358577829166,2,0.0762328841466821
5349,0.239572192513369,251.405549934962,2,0.0712472666157433
5350,0.242780748663102,251.452522040757,2,0.0663245448775083
5351,0.24777183600713,251.499494146553,2,0.0599125643894444
5352,0.251693404634581,251.546466252349,2,0.0557828391769409
5353,0.264171122994652,251.593438358144,2,0.0467664510931315
5354,0.269875222816399,251.64041046394,2,0.0442957291655921
5355,0.268092691622103,251.687382569736,2,0.0449728132130926
5356,0.254545454545455,251.734354675531,2,0.0532120466169336
5357,0.240641711229947,251.781326781327,2,0.069529909235771
5358,0.236363636363636,251.828298887122,2,0.0769001144892598
5359,0.2349376114082,251.875270992918,2,0.0796733116730506
5360,0.23458110516934,251.922243098714,2,0.080393464967845
5361,0.236007130124777,251.969215204509,2,0.0775776178915898
5362,0.228520499108734,252.016187310305,2,0.094472541402233
5363,0.209625668449198,252.063159416101,2,0.170602930169201
5364,0.194295900178253,252.110131521896,2,0.29140242266571
5365,0.18680926916221,252.157103627692,2,0.376598257000457
5366,0.163992869875223,252.204075733488,1,0.701648896925064
5367,0.131194295900178,252.251047839283,1,0.964522061907666
5368,0.114795008912656,252.298019945079,1,0.991378944116705
5369,0.108377896613191,252.344992050874,1,0.995268863920657
5370,0.110873440285205,252.39196415667,1,0.994008035030559
5371,0.125133689839572,252.438936262466,1,0.978516157516388
5372,0.14331550802139,252.485908368261,1,0.91135935846303
5373,0.154010695187166,252.532880474057,1,0.823235222221061
5374,0.15650623885918,252.579852579853,1,0.796173809987046
5375,0.164349376114082,252.626824685648,1,0.69672645304942
5376,0.176114081996435,252.673796791444,1,0.52448293208368
5377,0.161140819964349,252.72076889724,1,0.739789514201644
5378,0.161853832442068,252.767741003035,1,0.730474995590417
5379,0.16969696969697,252.814713108831,1,0.619858422957485
5380,0.183244206773619,252.861685214626,2,0.423061380810353
5381,0.198217468805704,252.908657320422,2,0.253900885615036
5382,0.208199643493761,252.955629426218,2,0.17912564349186
5383,0.218538324420677,253.002601532013,2,0.127232459335387
5384,0.228520499108734,253.049573637809,2,0.094472541402233
5385,0.248841354723708,253.096545743605,2,0.0587130549522764
5386,0.262388591800357,253.1435178494,2,0.0477289843017269
5387,0.272370766488414,253.190489955196,2,0.043484165171336
5388,0.275222816399287,253.237462060992,2,0.0427426385542663
5389,0.27843137254902,253.284434166787,2,0.0421347879747758
5390,0.280570409982175,253.331406272583,2,0.0418581564093423
5391,0.276292335115865,253.378378378378,2,0.0425138820583927
5392,0.267023172905526,253.425350484174,2,0.045419570456808
5393,0.254901960784314,253.47232258997,2,0.0529141840881379
5394,0.240998217468806,253.519294695765,2,0.06897485550607
5395,0.222816399286988,253.566266801561,2,0.111487183755526
5396,0.193939393939394,253.613238907357,2,0.295055054777713
5397,0.174688057040998,253.660211013152,1,0.545612461857433
5398,0.129768270944742,253.707183118948,1,0.968395709369752
5399,0.0531194295900178,253.754155224743,1,0.999989583465424
5400,0.0196078431372549,253.801127330539,1,0.999999886423979
5401,0.0181818181818182,253.848099436335,1,0.999999907546852
5402,0.0377896613190731,253.89507154213,1,0.999998578391273
5403,0.067379679144385,253.942043647926,1,0.999940748369746
5404,0.0934046345811052,253.989015753722,1,0.998936130541836
5405,0.13048128342246,254.035987859517,1,0.966508459726333
5406,0.175401069518717,254.082959965313,1,0.535029195011022
5407,0.206060606060606,254.129932071109,2,0.192849198162725
5408,0.214973262032086,254.176904176904,2,0.1426934980181
5409,0.223529411764706,254.2238762827,2,0.109128527899563
5410,0.223529411764706,254.270848388495,2,0.109128527899563
5411,0.226381461675579,254.317820494291,2,0.100375510945412
5412,0.229233511586453,254.364792600087,2,0.0926212795678123
5413,0.23030303030303,254.411764705882,2,0.0899476823508696
5414,0.228877005347594,254.458736811678,2,0.0935398864436905
5415,0.223529411764706,254.505708917474,2,0.109128527899563
5416,0.219964349376114,254.552681023269,2,0.121665753141309
5417,0.196791443850267,254.599653129065,2,0.266974022425607
5418,0.170053475935829,254.646625234861,1,0.614589074146404
5419,0.13048128342246,254.693597340656,1,0.966508459726333
5420,0.0819964349376114,254.740569446452,1,0.999686061732224
5421,0.0349376114081996,254.787541552247,1,0.999999032248139
5422,0.0110516934046346,254.834513658043,1,0.999999967496857
5423,0.0156862745098039,254.881485763839,1,0.999999935674584
5424,0.0374331550802139,254.928457869634,1,0.999998644786676
5425,0.0762923351158645,254.97542997543,1,0.999833946164541
5426,0.11301247771836,255.022402081226,1,0.992684513004521
5427,0.15650623885918,255.069374187021,1,0.796173809987046
5428,0.188591800356506,255.116346292817,2,0.354726139272892
5429,0.205704099821747,255.163318398613,2,0.195250493446905
5430,0.214973262032086,255.210290504408,2,0.1426934980181
5431,0.221033868092692,255.257262610204,2,0.117704544282493
5432,0.222103386809269,255.304234715999,2,0.113918079396851
5433,0.223172905525847,255.351206821795,2,0.110298956933863
5434,0.226737967914439,255.398178927591,2,0.0993540294017617
5435,0.232442067736185,255.445151033386,2,0.084952636312124
5436,0.234224598930481,255.492123139182,2,0.081124682690485
5437,0.23030303030303,255.539095244978,2,0.0899476823508696
5438,0.22174688057041,255.586067350773,2,0.115161280544945
5439,0.207843137254902,255.633039456569,2,0.181333166928288
5440,0.197504456327986,255.680011562365,2,0.26035779568449
5441,0.149019607843137,255.72698366816,1,0.869923299191445
5442,0.122281639928699,255.773955773956,1,0.983183695177332
5443,0.0873440285204991,255.820927879751,1,0.999438748308987
5444,0.0563279857397504,255.867899985547,1,0.999984448791669
5445,0.0270944741532977,255.914872091343,1,0.99999967144461
5446,0.0110516934046346,255.961844197138,1,0.999999967496857
5447,0.0267379679144385,256.008816302934,1,0.999999687435461
5448,0.0577540106951872,256.05578840873,1,0.999981450235297
5449,0.119073083778966,256.102760514525,1,0.987315831883163
5450,0.153654188948307,256.149732620321,1,0.826901083601485
5451,0.183957219251337,256.196704726117,2,0.413496942521145
5452,0.201069518716578,256.243676831912,2,0.22963360692238
5453,0.209625668449198,256.290648937708,2,0.170602930169201
5454,0.211764705882353,256.337621043503,2,0.158702697887839
5455,0.219607843137255,256.384593149299,2,0.12302630424366
5456,0.233155080213904,256.431565255095,2,0.0833863945334798
5457,0.238859180035651,256.47853736089,2,0.0724369552179529
5458,0.258467023172906,256.525509466686,2,0.0502011018235606
5459,0.265597147950089,256.572481572482,2,0.0460641348880686
5460,0.264171122994652,256.619453678277,2,0.0467664510931315
5461,0.263814616755793,256.666425784073,2,0.0469513113255577
5462,0.262388591800357,256.713397889869,2,0.0477289843017269
5463,0.263814616755793,256.760369995664,2,0.0469513113255576
5464,0.272370766488414,256.80734210146,2,0.043484165171336
5465,0.267736185383244,256.854314207255,2,0.0451183006518891
5466,0.27379679144385,256.901286313051,2,0.0430891776231117
5467,0.27807486631016,256.948258418847,2,0.0421907934137444
5468,0.275935828877005,256.995230524642,2,0.0425871984116243
5469,0.273083778966132,257.042202630438,2,0.0432805428079639
5470,0.274153297682709,257.089174736234,2,0.0429980450141216
5471,0.272727272727273,257.136146842029,2,0.0433808122462695
5472,0.269875222816399,257.183118947825,2,0.0442957291655921
5473,0.261319073083779,257.23009105362,2,0.0483534857332153
5474,0.250623885918004,257.277063159416,2,0.0568375171729097
5475,0.233155080213904,257.324035265212,2,0.0833863945334798
5476,0.21319073083779,257.371007371007,2,0.15132610125974
5477,0.19144385026738,257.417979476803,2,0.321768259828467
5478,0.166131907308378,257.464951582599,1,0.671674297580787
5479,0.140819964349376,257.511923688394,1,0.925809992399483
5480,0.123707664884135,257.55889579419,1,0.980979629435437
5481,0.0923351158645276,257.605867899986,1,0.999048267808535
5482,0.0934046345811052,257.652840005781,1,0.998936130541836
5483,0.100891265597148,257.699812111577,1,0.997720782541551
5484,0.118716577540107,257.746784217372,1,0.987712122807458
5485,0.140106951871658,257.793756323168,1,0.929563241262185
5486,0.158645276292335,257.840728428964,1,0.771091684671173
5487,0.168270944741533,257.887700534759,1,0.640802683963966
5488,0.171122994652406,257.934672640555,1,0.59872270376768
5489,0.177540106951872,257.981644746351,1,0.503540590608894
5490,0.178966131907308,258.028616852146,2,0.482860710810652
5491,0.183600713012478,258.075588957942,2,0.418263109207048
5492,0.190017825311943,258.122561063738,2,0.337927533751864
5493,0.200713012477718,258.169533169533,2,0.23253293637346
5494,0.20891265597148,258.216505275329,2,0.174803507241382
5495,0.21319073083779,258.263477381124,2,0.15132610125974
5496,0.214973262032086,258.31044948692,2,0.1426934980181
5497,0.219607843137255,258.357421592716,2,0.12302630424366
5498,0.211408199643494,258.404393698511,2,0.160615022882782
5499,0.202139037433155,258.451365804307,2,0.221159700448823
5500,0.197504456327986,258.498337910103,2,0.26035779568449
5501,0.201069518716578,258.545310015898,2,0.22963360692238
5502,0.21283422459893,258.592282121694,2,0.153130028336651
5503,0.229233511586453,258.63925422749,2,0.0926212795678123
5504,0.239572192513369,258.686226333285,2,0.0712472666157434
5505,0.251693404634581,258.733198439081,2,0.0557828391769409
5506,0.263101604278075,258.780170544876,2,0.0473324247231341
5507,0.269162210338681,258.827142650672,2,0.0445566001117059
5508,0.261319073083779,258.874114756468,2,0.0483534857332153
5509,0.249554367201426,258.921086862263,2,0.057944706476878
5510,0.242424242424242,258.968058968059,2,0.0668383422028336
5511,0.237789661319073,259.015031073855,2,0.0742913349406445
5512,0.233868092691622,259.06200317965,2,0.0818671307430453
5513,0.23921568627451,259.108975285446,2,0.071837544970447
5514,0.232798573975045,259.155947391242,2,0.0841635552501557
5515,0.227094474153298,259.202919497037,2,0.0983479079010685
5516,0.225668449197861,259.249891602833,2,0.102465475304575
5517,0.225311942959002,259.296863708628,2,0.103534426560596
5518,0.226381461675579,259.343835814424,2,0.100375510945412
5519,0.219607843137255,259.39080792022,2,0.12302630424366
5520,0.216399286987522,259.437780026015,2,0.136231992401206
5521,0.209269162210339,259.484752131811,2,0.17268819806839
5522,0.20891265597148,259.531724237607,2,0.174803507241382
5523,0.20891265597148,259.578696343402,2,0.174803507241382
5524,0.209269162210339,259.625668449198,2,0.17268819806839
5525,0.212477718360071,259.672640554994,2,0.154960543073245
5526,0.219607843137255,259.719612660789,2,0.12302630424366
5527,0.228877005347594,259.766584766585,2,0.0935398864436905
5528,0.234224598930481,259.81355687238,2,0.081124682690485
5529,0.224242424242424,259.860528978176,2,0.106840033805127
5530,0.230659536541889,259.907501083972,2,0.0890832175668622
5531,0.235294117647059,259.954473189767,2,0.0789640594862739
5532,0.236363636363636,260.001445295563,2,0.0769001144892598
5533,0.236007130124777,260.048417401359,2,0.0775776178915898
5534,0.23921568627451,260.095389507154,2,0.071837544970447
5535,0.248841354723708,260.14236161295,2,0.0587130549522764
5536,0.25632798573975,260.189333718746,2,0.0517721752073187
5537,0.245276292335116,260.236305824541,2,0.0629430633753488
5538,0.243137254901961,260.283277930337,2,0.0658186491056242
5539,0.231729055258467,260.330250036132,2,0.0865672792270691
5540,0.20891265597148,260.377222141928,2,0.174803507241382
5541,0.184670231729055,260.424194247724,2,0.404063591013692
5542,0.163636363636364,260.471166353519,1,0.706539364743481
5543,0.144028520499109,260.518138459315,1,0.906838116890453
5544,0.129768270944742,260.565110565111,1,0.968395709369752
5545,0.0887700534759358,260.612082670906,1,0.999346426753578
5546,0.089126559714795,260.659054776702,1,0.999321182902957
5547,0.099108734402852,260.706026882497,1,0.99809351993827
5548,0.117647058823529,260.752998988293,1,0.98883362565975
5549,0.134046345811052,260.799971094089,1,0.955501116760335
5550,0.140463458110517,260.846943199884,1,0.927706766259284
5551,0.144028520499109,260.89391530568,1,0.906838116890453
5552,0.145811051693405,260.940887411476,1,0.894733017671574
5553,0.152584670231729,260.987859517271,1,0.837594004530373
5554,0.159358288770053,261.034831623067,1,0.762363530538871
5555,0.171122994652406,261.081803728863,1,0.59872270376768
5556,0.1825311942959,261.128775834658,2,0.432751399675161
5557,0.192869875222816,261.175747940454,2,0.30625838418349
5558,0.198930481283422,261.222720046249,2,0.247601781995905
5559,0.201782531194296,261.269692152045,2,0.223947270621169
5560,0.202139037433155,261.316664257841,2,0.221159700448823
5561,0.199286987522282,261.363636363636,2,0.244510886033256
5562,0.199643493761141,261.410608469432,2,0.24145879475095
5563,0.2,261.457580575228,2,0.238445271457884
5564,0.196791443850267,261.504552681023,2,0.266974022425607
5565,0.196434937611408,261.551524786819,2,0.270342298194369
5566,0.199286987522282,261.598496892615,2,0.244510886033256
5567,0.206773618538324,261.64546899841,2,0.188145723231491
5568,0.213903743315508,261.692441104206,2,0.147796657796955
5569,0.219607843137255,261.739413210001,2,0.12302630424366
5570,0.222459893048128,261.786385315797,2,0.112693469722017
5571,0.224242424242424,261.833357421593,2,0.106840033805127
5572,0.227807486631016,261.880329527388,2,0.0963808426446485
5573,0.234224598930481,261.927301633184,2,0.081124682690485
5574,0.242424242424242,261.97427373898,2,0.0668383422028336
5575,0.251336898395722,262.021245844775,2,0.0561286910017881
5576,0.258110516934046,262.068217950571,2,0.0504515339077752
5577,0.261675579322638,262.115190056367,2,0.0481413085598955
5578,0.25668449197861,262.162162162162,2,0.0514987362425697
5579,0.257754010695187,262.209134267958,2,0.0507064604602417
5580,0.255258467023173,262.256106373753,2,0.052621326223698
5581,0.25204991087344,262.303078479549,2,0.0554425963726971
5582,0.25668449197861,262.350050585345,2,0.0514987362425697
5583,0.254901960784314,262.39702269114,2,0.0529141840881379
5584,0.242780748663102,262.443994796936,2,0.0663245448775083
5585,0.233868092691622,262.490966902732,2,0.0818671307430453
5586,0.21283422459893,262.537939008527,2,0.153130028336651
5587,0.183957219251337,262.584911114323,2,0.413496942521145
5588,0.166488413547237,262.631883220119,1,0.666584133318853
5589,0.160071301247772,262.678855325914,1,0.753460132159372
5590,0.168627450980392,262.72582743171,1,0.635589264594311
5591,0.188948306595365,262.772799537505,2,0.350467324722219
5592,0.204991087344029,262.819771643301,2,0.200153890164054
5593,0.225668449197861,262.866743749097,2,0.102465475304575
5594,0.225668449197861,262.913715854892,2,0.102465475304575
5595,0.228520499108734,262.960687960688,2,0.094472541402233
5596,0.234224598930481,263.007660066484,2,0.081124682690485
5597,0.236007130124777,263.054632172279,2,0.0775776178915898
5598,0.22602495543672,263.101604278075,2,0.101412582032261
5599,0.205704099821747,263.148576383871,2,0.195250493446905
5600,0.188235294117647,263.195548489666,2,0.3590239354392
5601,0.150802139037433,263.242520595462,1,0.854395156011232
5602,0.145811051693405,263.289492701257,1,0.894733017671574
5603,0.133689839572193,263.336464807053,1,0.956728471712448
5604,0.119786096256684,263.383436912849,1,0.986487777969066
5605,0.116221033868093,263.430409018644,1,0.990182315251235
5606,0.123707664884135,263.47738112444,1,0.980979629435437
5607,0.132620320855615,263.524353230236,1,0.960235205901159
5608,0.135828877005348,263.571325336031,1,0.948900991444338
5609,0.138680926916221,263.618297441827,1,0.936597200363748
5610,0.146167557932264,263.665269547623,1,0.892171081476681
5611,0.154723707664884,263.712241653418,1,0.815752170366594
5612,0.162566844919786,263.759213759214,1,0.721008185811747
5613,0.169340463458111,263.806185865009,1,0.625115799613936
5614,0.16969696969697,263.853157970805,1,0.619858422957485
5615,0.161140819964349,263.900130076601,1,0.739789514201644
5616,0.149376114081996,263.947102182396,1,0.866918872809605
5617,0.132620320855615,263.994074288192,1,0.960235205901159
5618,0.126559714795009,264.041046393988,1,0.975767557082126
5619,0.11301247771836,264.088018499783,1,0.992684513004521
5620,0.108021390374332,264.134990605579,1,0.995427237146119
5621,0.114795008912656,264.181962711375,1,0.991378944116705
5622,0.111942959001783,264.22893481717,1,0.993377007625881
5623,0.101604278074866,264.275906922966,1,0.997553248044786
5624,0.10017825311943,264.322879028761,1,0.997877453006788
5625,0.111942959001783,264.369851134557,1,0.993377007625881
5626,0.114438502673797,264.416823240353,1,0.991656199536343
5627,0.113725490196078,264.463795346148,1,0.992186056436537
5628,0.105525846702317,264.510767451944,1,0.996404352994095
5629,0.0880570409982175,264.55773955774,1,0.99939425971852
5630,0.0691622103386809,264.604711663535,1,0.999926935336099
5631,0.0545454545454545,264.651683769331,1,0.999987544140964
5632,0.0484848484848485,264.698655875127,1,0.999994218286316
5633,0.0260249554367201,264.745627980922,1,0.999999717178595
5634,0.0260249554367201,264.792600086718,1,0.999999717178595
5635,0.0153297682709447,264.839572192513,1,0.999999938939903
5636,0.00819964349376114,264.886544298309,1,0.999999978768531
5637,0.00926916221033868,264.933516404105,1,0.999999975079391
5638,0.00855614973262032,264.9804885099,1,0.999999977602332
5639,0.00784313725490196,265.027460615696,1,0.999999979875392
5640,0.0117647058823529,265.074432721492,1,0.999999963870424
5641,0.00641711229946524,265.121404827287,1,0.999999983766279
5642,0.00998217468805704,265.168376933083,1,0.999999972279888
5643,0.00641711229946524,265.215349038878,1,0.999999983766279
5644,0.0035650623885918,265.262321144674,1,0.999999989471534
5645,0.00748663101604278,265.30929325047,1,0.999999980925863
5646,0.0071301247771836,265.356265356265,1,0.999999981922744
5647,0.0089126559714795,265.403237462061,1,0.999999976373703
5648,0.0153297682709447,265.450209567857,1,0.999999938939903
5649,0.0370766488413547,265.497181673652,1,0.999998708170012
5650,0.0577540106951872,265.544153779448,1,0.999981450235297
5651,0.0894830659536542,265.591125885244,1,0.999295013186813
5652,0.120142602495544,265.638097991039,1,0.986055397347433
5653,0.145098039215686,265.685070096835,1,0.89971474034907
5654,0.165775401069519,265.73204220263,1,0.676739491320735
5655,0.176470588235294,265.779014308426,1,0.519226770971293
5656,0.180748663101604,265.825986414222,2,0.457485606629361
5657,0.172905525846702,265.872958520017,1,0.572165565995
5658,0.162566844919786,265.919930625813,1,0.721008185811747
5659,0.142959001782531,265.966902731609,1,0.913553072258487
5660,0.122281639928699,266.013874837404,1,0.983183695177332
5661,0.100534759358289,266.0608469432,1,0.997800433718146
5662,0.0837789661319073,266.107819048996,1,0.999618317580826
5663,0.0723707664884135,266.154791154791,1,0.999893919866732
5664,0.06524064171123,266.201763260587,1,0.999954026849098
5665,0.0609625668449198,266.248735366382,1,0.999972528556728
5666,0.0527629233511586,266.295707472178,1,0.999990040536914
5667,0.039572192513369,266.342679577974,1,0.99999819617699
5668,0.0245989304812834,266.389651683769,1,0.999999768634377
5669,0.0131907308377897,266.436623789565,1,0.999999955395436
5670,0.00677361853832442,266.483595895361,1,0.999999982868703
5671,0.00819964349376114,266.530568001156,1,0.999999978768531
5672,0.0121212121212121,266.577540106952,1,0.999999961912121
5673,0.00427807486631016,266.624512212748,1,0.999999988262986
5674,0.00427807486631016,266.671484318543,1,0.999999988262986
5675,0.00499108734402852,266.718456424339,1,0.999999986919311
5676,0.00392156862745098,266.765428530134,1,0.99999998888329
5677,0.00392156862745098,266.81240063593,1,0.99999998888329
5678,0.0035650623885918,266.859372741726,1,0.999999989471534
5679,0.00285204991087344,266.906344847521,1,0.999999990558239
5680,0.00463458110516934,266.953316953317,1,0.999999987608923
5681,0.00427807486631016,267.000289059113,1,0.999999988262986
5682,0.00499108734402852,267.047261164908,1,0.999999986919311
5683,0.00748663101604278,267.094233270704,1,0.999999980925863
5684,0.00784313725490196,267.141205376499,1,0.999999979875392
5685,0.00677361853832442,267.188177482295,1,0.999999982868703
5686,0.00499108734402852,267.235149588091,1,0.999999986919311
5687,0.00392156862745098,267.282121693886,1,0.99999998888329
5688,0.00427807486631016,267.329093799682,1,0.999999988262986
5689,0.0071301247771836,267.376065905478,1,0.999999981922744
5690,0.02174688057041,267.423038011273,1,0.999999845674531
5691,0.0531194295900178,267.470010117069,1,0.999989583465424
5692,0.0948306595365419,267.516982222865,1,0.99876700994597
5693,0.129411764705882,267.56395432866,1,0.969303421020981
5694,0.157932263814617,267.610926434456,1,0.779639231758983
5695,0.180035650623886,267.657898540251,2,0.467565225318844
5696,0.193226381461676,267.704870646047,2,0.302483027075261
5697,0.209625668449198,267.751842751843,2,0.170602930169201
5698,0.213903743315508,267.798814857638,2,0.147796657796955
5699,0.214973262032086,267.845786963434,2,0.1426934980181
5700,0.205704099821747,267.89275906923,2,0.195250493446905
5701,0.193582887700535,267.939731175025,2,0.298748583694249
5702,0.189661319073084,267.986703280821,2,0.342067770616767
5703,0.197147950089127,268.033675386617,2,0.263645907563373
5704,0.207130124777184,268.080647492412,2,0.185842860892558
5705,0.219251336898396,268.127619598208,2,0.124407409878215
5706,0.223885918003565,268.174591704003,2,0.107975638503528
5707,0.232085561497326,268.221563809799,2,0.0857538169693488
5708,0.240285204991087,268.268535915595,2,0.070093577958845
5709,0.245276292335116,268.31550802139,2,0.0629430633753488
5710,0.244919786096257,268.362480127186,2,0.0634038375713656
5711,0.241711229946524,268.409452232982,2,0.0678900992893204
5712,0.239928698752228,268.456424338777,2,0.0706659877052685
5713,0.237789661319073,268.503396444573,2,0.0742913349406445
5714,0.238859180035651,268.550368550369,2,0.0724369552179529
5715,0.238859180035651,268.597340656164,2,0.0724369552179529
5716,0.23921568627451,268.64431276196,2,0.071837544970447
5717,0.237076648841355,268.691284867755,2,0.0755757760110533
5718,0.236720142602496,268.738256973551,2,0.0762328841466821
5719,0.239572192513369,268.785229079347,2,0.0712472666157434
5720,0.241354723707665,268.832201185142,2,0.0684282928219272
5721,0.238146167557932,268.879173290938,2,0.0736637122022718
5722,0.238502673796791,268.926145396734,2,0.0730456320043107
5723,0.233868092691622,268.973117502529,2,0.0818671307430453
5724,0.227807486631016,269.020089608325,2,0.0963808426446485
5725,0.222459893048128,269.067061714121,2,0.112693469722017
5726,0.22174688057041,269.114033819916,2,0.115161280544945
5727,0.226381461675579,269.161005925712,2,0.100375510945412
5728,0.231372549019608,269.207978031507,2,0.0873932078736503
5729,0.23030303030303,269.254950137303,2,0.0899476823508696
5730,0.228163992869875,269.301922243099,2,0.0954194554546018
5731,0.227807486631016,269.348894348894,2,0.0963808426446485
5732,0.232442067736185,269.39586645469,2,0.084952636312124
5733,0.236363636363636,269.442838560486,2,0.0769001144892598
5734,0.237433155080214,269.489810666281,2,0.0749286416337627
5735,0.230659536541889,269.536782772077,2,0.0890832175668622
5736,0.228520499108734,269.583754877873,2,0.094472541402233
5737,0.22174688057041,269.630726983668,2,0.115161280544945
5738,0.223172905525847,269.677699089464,2,0.110298956933863
5739,0.223529411764706,269.724671195259,2,0.109128527899563
5740,0.224242424242424,269.771643301055,2,0.106840033805127
5741,0.224955436720143,269.818615406851,2,0.104619674767062
5742,0.227807486631016,269.865587512646,2,0.0963808426446485
5743,0.231729055258467,269.912559618442,2,0.0865672792270691
5744,0.235650623885918,269.959531724238,2,0.0782655476404335
5745,0.228163992869875,270.006503830033,2,0.0954194554546018
5746,0.227450980392157,270.053475935829,2,0.0973569200698169
5747,0.224955436720143,270.100448041625,2,0.104619674767062
5748,0.222103386809269,270.14742014742,2,0.113918079396851
5749,0.218181818181818,270.194392253216,2,0.128676998004563
5750,0.209982174688057,270.241364359011,2,0.168547355003344
5751,0.201069518716578,270.288336464807,2,0.22963360692238
5752,0.194295900178253,270.335308570603,2,0.29140242266571
5753,0.196078431372549,270.382280676398,2,0.273750879430953
5754,0.182174688057041,270.429252782194,2,0.437641655896475
5755,0.176470588235294,270.47622488799,1,0.519226770971293
5756,0.160427807486631,270.523196993785,1,0.748944540802986
5757,0.13048128342246,270.570169099581,1,0.966508459726333
5758,0.113368983957219,270.617141205377,1,0.992439101962777
5759,0.101247771836007,270.664113311172,1,0.997638415957379
5760,0.0819964349376114,270.711085416968,1,0.999686061732224
5761,0.0666666666666667,270.758057522763,1,0.999945538703241
5762,0.0509803921568627,270.805029628559,1,0.999992050296829
5763,0.0431372549019608,270.852001734355,1,0.99999711078184
5764,0.0352941176470588,270.89897384015,1,0.999998984346397
5765,0.0238859180035651,270.945945945946,1,0.999999790823537
5766,0.0345811051693405,270.992918051742,1,0.999999077954114
5767,0.0513368983957219,271.039890157537,1,0.999991682597969
5768,0.0563279857397504,271.086862263333,1,0.999984448791669
5769,0.0937611408199644,271.133834369129,1,0.998896043587254
5770,0.10445632798574,271.180806474924,1,0.99675990608001
5771,0.118716577540107,271.22777858072,1,0.987712122807458
5772,0.125846702317291,271.274750686515,1,0.977179174125809
5773,0.12620320855615,271.321722792311,1,0.976482910219188
5774,0.131194295900178,271.368694898107,1,0.964522061907666
5775,0.142245989304813,271.415667003902,1,0.917809125222735
5776,0.152941176470588,271.462639109698,1,0.834080601764146
5777,0.149019607843137,271.509611215494,1,0.869923299191445
5778,0.154010695187166,271.556583321289,1,0.823235222221061
5779,0.163279857397504,271.603555427085,1,0.711396770729843
5780,0.173262032085562,271.650527532881,1,0.566849301050601
5781,0.1825311942959,271.697499638676,2,0.432751399675161
5782,0.187878787878788,271.744471744472,2,0.363360398843724
5783,0.190730837789661,271.791443850267,2,0.329767214756324
5784,0.192869875222816,271.838415956063,2,0.30625838418349
5785,0.185026737967914,271.885388061859,2,0.399397668114471
5786,0.182887700534759,271.932360167654,2,0.427891054715119
5787,0.170409982174688,271.97933227345,1,0.609309102520185
5788,0.150802139037433,272.026304379246,1,0.854395156011231
5789,0.132976827094474,272.073276485041,1,0.959094966968597
5790,0.10873440285205,272.120248590837,1,0.995105367703617
5791,0.0677361853832442,272.167220696633,1,0.999938203827101
5792,0.0313725490196078,272.214192802428,1,0.999999405291025
5793,0.0128342245989305,272.261164908224,1,0.999999957680063
5794,0.00784313725490196,272.308137014019,1,0.999999979875392
5795,0.00427807486631016,272.355109119815,1,0.999999988262986
5796,0.00784313725490196,272.402081225611,1,0.999999979875392
5797,0.0131907308377897,272.449053331406,1,0.999999955395436
5798,0.0167557932263815,272.496025437202,1,0.999999924824097
5799,0.0260249554367201,272.542997542998,1,0.999999717178595
5800,0.0352941176470588,272.589969648793,1,0.999998984346397
5801,0.0655971479500891,272.636941754589,1,0.999952032721868
5802,0.0816399286987522,272.683913860384,1,0.999698156102061
5803,0.110160427807487,272.73088596618,1,0.994397060408985
5804,0.13903743315508,272.777858071976,1,0.934896386527365
5805,0.165775401069519,272.824830177771,1,0.676739491320735
5806,0.191087344028521,272.871802283567,2,0.325747491428206
5807,0.213903743315508,272.918774389363,2,0.147796657796955
5808,0.228877005347594,272.965746495158,2,0.0935398864436905
5809,0.241354723707665,273.012718600954,2,0.0684282928219272
5810,0.25632798573975,273.05969070675,2,0.0517721752073187
5811,0.271657754010695,273.106662812545,2,0.0437002019488884
5812,0.27807486631016,273.153634918341,2,0.0421907934137444
5813,0.275935828877005,273.200607024136,2,0.0425871984116243
5814,0.268805704099822,273.247579129932,2,0.0446919904502777
5815,0.257397504456328,273.294551235728,2,0.0509659338946457
5816,0.245632798573975,273.341523341523,2,0.0624894451585092
5817,0.249197860962567,273.388495447319,2,0.0583258043584955
5818,0.250623885918004,273.435467553115,2,0.0568375171729097
5819,0.253119429590018,273.48243965891,2,0.0544548065800749
5820,0.260606060606061,273.529411764706,2,0.0487900844489964
5821,0.269162210338681,273.576383870502,2,0.0445566001117059
5822,0.274866310160428,273.623355976297,2,0.0428247921172951
5823,0.27807486631016,273.670328082093,2,0.0421907934137444
5824,0.281283422459893,273.717300187888,2,0.0417883677481324
5825,0.289126559714795,273.764272293684,2,0.0417486710349733
5826,0.288413547237077,273.81124439948,2,0.0416972564246667
5827,0.285561497326203,273.858216505275,2,0.0416017982712025
5828,0.277718360071301,273.905188611071,2,0.042249654102186
5829,0.261675579322638,273.952160716867,2,0.0481413085598955
5830,0.239928698752228,273.999132822662,2,0.0706659877052685
5831,0.216399286987522,274.046104928458,2,0.136231992401206
5832,0.201782531194296,274.093077034254,2,0.223947270621169
5833,0.190374331550802,274.140049140049,2,0.333827284788788
5834,0.190730837789661,274.187021245845,2,0.329767214756324
5835,0.194652406417112,274.23399335164,2,0.287790651865545
5836,0.202139037433155,274.280965457436,2,0.221159700448823
5837,0.207843137254902,274.327937563232,2,0.181333166928288
5838,0.217112299465241,274.374909669027,2,0.133142300997542
5839,0.228520499108734,274.421881774823,2,0.094472541402233
5840,0.241354723707665,274.468853880619,2,0.0684282928219272
5841,0.246702317290553,274.515825986414,2,0.0611705411194523
5842,0.25668449197861,274.56279809221,2,0.0514987362425697
5843,0.268449197860963,274.609770198005,2,0.044830719097829
5844,0.274866310160428,274.656742303801,2,0.0428247921172951
5845,0.27843137254902,274.703714409597,2,0.0421347879747758
5846,0.280570409982175,274.750686515392,2,0.0418581564093423
5847,0.279857397504456,274.797658621188,2,0.0419391135680977
5848,0.277005347593583,274.844630726984,2,0.0423759866562815
5849,0.277005347593583,274.891602832779,2,0.0423759866562815
5850,0.273440285204991,274.938574938575,2,0.0431833375115704
5851,0.258823529411765,274.985547044371,2,0.0499551128118862
5852,0.23458110516934,275.032519150166,2,0.080393464967845
5853,0.207130124777184,275.079491255962,2,0.185842860892558
5854,0.176114081996435,275.126463361757,1,0.52448293208368
5855,0.142602495543672,275.173435467553,1,0.915702828474417
5856,0.114795008912656,275.220407573349,1,0.991378944116705
5857,0.0827094474153298,275.267379679144,1,0.999660470341301
5858,0.0670231729055258,275.31435178494,1,0.999943192051889
5859,0.0484848484848485,275.361323890736,1,0.999994218286316
5860,0.0385026737967914,275.408295996531,1,0.999998436005335
5861,0.039572192513369,275.455268102327,1,0.99999819617699
5862,0.0577540106951872,275.502240208123,1,0.999981450235297
5863,0.0866310160427807,275.549212313918,1,0.999480114164229
5864,0.114795008912656,275.596184419714,1,0.991378944116705
5865,0.147237076648841,275.643156525509,1,0.884196472295769
5866,0.170409982174688,275.690128631305,1,0.609309102520185
5867,0.200356506238859,275.737100737101,2,0.235470070227057
5868,0.221390374331551,275.784072842896,2,0.11642334412553
5869,0.232442067736185,275.831044948692,2,0.084952636312124
5870,0.242780748663102,275.878017054488,2,0.0663245448775083
5871,0.253832442067736,275.924989160283,2,0.0538230359317509
5872,0.263101604278075,275.971961266079,2,0.0473324247231341
5873,0.268449197860963,276.018933371875,2,0.044830719097829
5874,0.26951871657754,276.06590547767,2,0.0444245216126999
5875,0.267023172905526,276.112877583466,2,0.045419570456808
5876,0.263814616755793,276.159849689261,2,0.0469513113255577
5877,0.264884135472371,276.206821795057,2,0.046407939044193
5878,0.261319073083779,276.253793900853,2,0.0483534857332153
5879,0.251336898395722,276.300766006648,2,0.0561286910017881
5880,0.236363636363636,276.347738112444,2,0.0769001144892598
5881,0.232798573975045,276.39471021824,2,0.0841635552501556
5882,0.226381461675579,276.441682324035,2,0.100375510945412
5883,0.214616755793226,276.488654429831,2,0.144369526844744
5884,0.204634581105169,276.535626535627,2,0.202656660056607
5885,0.19144385026738,276.582598641422,2,0.321768259828467
5886,0.1650623885918,276.629570747218,1,0.686790105026443
5887,0.120855614973262,276.676542853013,1,0.985152336855447
5888,0.0848484848484849,276.723514958809,1,0.999571199284201
5889,0.0620320855614973,276.770487064605,1,0.999968725459634
5890,0.0313725490196078,276.8174591704,1,0.999999405291025
5891,0.00606060606060606,276.864431276196,1,0.999999984617885
5892,0.00463458110516934,276.911403381992,1,0.999999987608923
5893,0.00606060606060606,276.958375487787,1,0.999999984617885
5894,0.00427807486631016,277.005347593583,1,0.999999988262986
5895,0.00606060606060606,277.052319699379,1,0.999999984617885
5896,0.0142602495543672,277.099291805174,1,0.999999947796111
5897,0.00499108734402852,277.14626391097,1,0.999999986919311
5898,0.00285204991087344,277.193236016765,1,0.999999990558239
5899,0.00499108734402852,277.240208122561,1,0.999999986919311
5900,0.00606060606060606,277.287180228357,1,0.999999984617885
5901,0.0053475935828877,277.334152334152,1,0.999999986192269
5902,0.00748663101604278,277.381124439948,1,0.999999980925863
5903,0.0174688057040998,277.428096545744,1,0.999999916620374
5904,0.0306595365418895,277.475068651539,1,0.999999460919033
5905,0.100891265597148,277.522040757335,1,0.997720782541551
5906,0.136185383244207,277.569012863131,1,0.947484354538795
5907,0.170409982174688,277.615984968926,1,0.609309102520185
5908,0.190374331550802,277.662957074722,2,0.333827284788788
5909,0.211051693404635,277.709929180517,2,0.162555305088142
5910,0.23458110516934,277.756901286313,2,0.080393464967845
5911,0.247058823529412,277.803873392109,2,0.0607445699909669
5912,0.245276292335116,277.850845497904,2,0.0629430633753488
5913,0.23921568627451,277.8978176037,2,0.071837544970447
5914,0.231372549019608,277.944789709496,2,0.0873932078736503
5915,0.230659536541889,277.991761815291,2,0.0890832175668622
5916,0.226737967914439,278.038733921087,2,0.0993540294017617
5917,0.214616755793226,278.085706026883,2,0.144369526844744
5918,0.199286987522282,278.132678132678,2,0.244510886033256
5919,0.188235294117647,278.179650238474,2,0.3590239354392
5920,0.175757575757576,278.226622344269,1,0.529750815064131
5921,0.182887700534759,278.273594450065,2,0.427891054715119
5922,0.1825311942959,278.320566555861,2,0.432751399675161
5923,0.182174688057041,278.367538661656,2,0.437641655896475
5924,0.189661319073084,278.414510767452,2,0.342067770616767
5925,0.201069518716578,278.461482873248,2,0.22963360692238
5926,0.207130124777184,278.508454979043,2,0.185842860892558
5927,0.201782531194296,278.555427084839,2,0.223947270621169
5928,0.192156862745098,278.602399190635,2,0.313931741274008
5929,0.17825311942959,278.64937129643,2,0.4931633449116
5930,0.159001782531194,278.696343402226,1,0.766749861131668
5931,0.138324420677362,278.743315508021,1,0.938260501276282
5932,0.12620320855615,278.790287613817,1,0.976482910219188
5933,0.118003565062389,278.837259719613,1,0.988470729577766
5934,0.118360071301248,278.884231825408,1,0.988096990977705
5935,0.136898395721925,278.931203931204,1,0.944549928752881
5936,0.159714795008913,278.978176037,1,0.757933380405506
5937,0.190730837789661,279.025148142795,2,0.329767214756324
5938,0.197860962566845,279.072120248591,2,0.257109516044999
5939,0.205704099821747,279.119092354387,2,0.195250493446905
5940,0.210338680926916,279.166064460182,2,0.166521124259266
5941,0.209982174688057,279.213036565978,2,0.168547355003344
5942,0.211764705882353,279.260008671773,2,0.158702697887839
5943,0.215686274509804,279.306980777569,2,0.139414871771418
5944,0.221033868092692,279.353952883365,2,0.117704544282493
5945,0.22174688057041,279.40092498916,2,0.115161280544945
5946,0.219251336898396,279.447897094956,2,0.124407409878215
5947,0.217112299465241,279.494869200752,2,0.133142300997542
5948,0.219607843137255,279.541841306547,2,0.12302630424366
5949,0.221033868092692,279.588813412343,2,0.117704544282493
5950,0.222459893048128,279.635785518139,2,0.112693469722017
5951,0.218181818181818,279.682757623934,2,0.128676998004563
5952,0.215329768270945,279.72972972973,2,0.141042055017344
5953,0.202495543672014,279.776701835525,2,0.218408808900477
5954,0.187522281639929,279.823673941321,2,0.367735189146623
5955,0.157575757575758,279.870646047117,1,0.783843752125893
5956,0.127985739750446,279.917618152912,1,0.972706367424612
5957,0.11729055258467,279.964590258708,1,0.989185960214728
5958,0.129055258467023,280.011562364504,1,0.970187854929089
5959,0.154367201426025,280.058534470299,1,0.819518848598696
5960,0.168627450980392,280.105506576095,1,0.635589264594311
5961,0.184670231729055,280.15247868189,2,0.404063591013692
5962,0.198573975044563,280.199450787686,2,0.250731709606912
5963,0.201069518716578,280.246422893482,2,0.22963360692238
5964,0.188591800356506,280.293394999277,2,0.354726139272892
5965,0.181105169340463,280.340367105073,2,0.452483868922
5966,0.181105169340463,280.387339210869,2,0.452483868921999
5967,0.170766488413547,280.434311316664,1,0.604019860818497
5968,0.149732620320856,280.48128342246,1,0.86386400435183
5969,0.12192513368984,280.528255528256,1,0.983697027806612
5970,0.0983957219251337,280.575227634051,1,0.998225833479754
5971,0.0798573975044563,280.622199739847,1,0.99975224517803
5972,0.0730837789661319,280.669171845642,1,0.999884843540117
5973,0.0663101604278075,280.716143951438,1,0.999947792015116
5974,0.0616755793226381,280.763116057234,1,0.999970046262411
5975,0.0538324420677362,280.810088163029,1,0.999988607782844
5976,0.0431372549019608,280.857060268825,1,0.99999711078184
5977,0.0349376114081996,280.904032374621,1,0.999999032248139
5978,0.0288770053475936,280.951004480416,1,0.999999578784034
5979,0.0231729055258467,280.997976586212,1,0.999999810936683
5980,0.0242424242424242,281.044948692008,1,0.999999780000971
5981,0.031729055258467,281.091920797803,1,0.999999375424541
5982,0.0374331550802139,281.138892903599,1,0.999998644786676
5983,0.0327985739750446,281.185865009394,1,0.999999276819193
5984,0.0245989304812834,281.23283711519,1,0.999999768634377
5985,0.0206773618538324,281.279809220986,1,0.999999867566885
5986,0.02174688057041,281.326781326781,1,0.999999845674531
5987,0.0228163992869875,281.373753432577,1,0.999999820274509
5988,0.0228163992869875,281.420725538373,1,0.999999820274509
5989,0.0242424242424242,281.467697644168,1,0.999999780000971
5990,0.031729055258467,281.514669749964,1,0.999999375424541
5991,0.0442067736185383,281.56164185576,1,0.999996676669609
5992,0.0545454545454545,281.608613961555,1,0.999987544140964
5993,0.0474153297682709,281.655586067351,1,0.999994961058983
5994,0.0641711229946524,281.702558173146,1,0.999959542190798
5995,0.0809269162210339,281.749530278942,1,0.99972102295686
5996,0.0877005347593583,281.796502384738,1,0.999416907876094
5997,0.0894830659536542,281.843474490533,1,0.999295013186813
5998,0.103386809269162,281.890446596329,1,0.997082205681196
5999,0.131194295900178,281.937418702125,1,0.964522061907666
6000,0.156862745098039,281.98439080792,1,0.792111538660045
6001,0.172905525846702,282.031362913716,1,0.572165565995
6002,0.187522281639929,282.078335019512,2,0.367735189146623
6003,0.19144385026738,282.125307125307,2,0.321768259828467
6004,0.183600713012478,282.172279231103,2,0.418263109207048
6005,0.180392156862745,282.219251336898,2,0.462513034381186
6006,0.185383244206774,282.266223442694,2,0.394766374096824
6007,0.183600713012478,282.31319554849,2,0.418263109207048
6008,0.174331550802139,282.360167654285,1,0.55091481782757
6009,0.15650623885918,282.407139760081,1,0.796173809987046
6010,0.154010695187166,282.454111865877,1,0.823235222221061
6011,0.152941176470588,282.501083971672,1,0.834080601764146
6012,0.156862745098039,282.548056077468,1,0.792111538660045
6013,0.166131907308378,282.595028183263,1,0.671674297580787
6014,0.176114081996435,282.642000289059,1,0.52448293208368
6015,0.183957219251337,282.688972394855,2,0.413496942521145
6016,0.18716577540107,282.73594450065,2,0.372147939662444
6017,0.197504456327986,282.782916606446,2,0.26035779568449
6018,0.202139037433155,282.829888712242,2,0.221159700448823
6019,0.208199643493761,282.876860818037,2,0.17912564349186
6020,0.214973262032086,282.923832923833,2,0.1426934980181
6021,0.220677361853832,282.970805029629,2,0.119005158332037
6022,0.227807486631016,283.017777135424,2,0.0963808426446485
6023,0.233155080213904,283.06474924122,2,0.0833863945334798
6024,0.237789661319073,283.111721347015,2,0.0742913349406445
6025,0.248484848484849,283.158693452811,2,0.0591065416470222
6026,0.246702317290553,283.205665558607,2,0.0611705411194523
6027,0.248128342245989,283.252637664402,2,0.0595063493260242
6028,0.250267379679144,283.299609770198,2,0.0572006426352329
6029,0.25204991087344,283.346581875994,2,0.0554425963726971
6030,0.249197860962567,283.393553981789,2,0.0583258043584955
6031,0.241354723707665,283.440526087585,2,0.0684282928219272
6032,0.235294117647059,283.487498193381,2,0.0789640594862739
6033,0.209269162210339,283.534470299176,2,0.17268819806839
6034,0.204991087344029,283.581442404972,2,0.200153890164054
6035,0.204991087344029,283.628414510767,2,0.200153890164054
6036,0.211051693404635,283.675386616563,2,0.162555305088142
6037,0.216042780748663,283.722358722359,2,0.137811624621391
6038,0.216399286987522,283.769330828154,2,0.136231992401206
6039,0.219964349376114,283.81630293395,2,0.121665753141309
6040,0.225311942959002,283.863275039746,2,0.103534426560596
6041,0.2174688057041,283.910247145541,2,0.131631612598901
6042,0.214616755793226,283.957219251337,2,0.144369526844744
6043,0.210338680926916,284.004191357133,2,0.166521124259266
6044,0.207130124777184,284.051163462928,2,0.185842860892558
6045,0.203208556149733,284.098135568724,2,0.213015864982375
6046,0.194295900178253,284.145107674519,2,0.29140242266571
6047,0.175401069518717,284.192079780315,1,0.535029195011022
6048,0.157219251336898,284.239051886111,1,0.788001359362703
6049,0.127985739750446,284.286023991906,1,0.972706367424612
6050,0.0934046345811052,284.332996097702,1,0.998936130541836
6051,0.0491978609625668,284.379968203498,1,0.999993665407459
6052,0.0192513368983957,284.426940309293,1,0.999999892107754
6053,0.00819964349376114,284.473912415089,1,0.999999978768531
6054,0.00748663101604278,284.520884520885,1,0.999999980925863
6055,0.00962566844919786,284.56785662668,1,0.999999973715982
6056,0.0106951871657754,284.614828732476,1,0.999999969174383
6057,0.0131907308377897,284.661800838271,1,0.999999955395436
6058,0.013903743315508,284.708772944067,1,0.999999950459747
6059,0.0142602495543672,284.755745049863,1,0.999999947796111
6060,0.0117647058823529,284.802717155658,1,0.999999963870424
6061,0.00855614973262032,284.849689261454,1,0.999999977602332
6062,0.0131907308377897,284.89666136725,1,0.999999955395436
6063,0.0270944741532977,284.943633473045,1,0.99999967144461
6064,0.0449197860962567,284.990605578841,1,0.999996352856225
6065,0.0663101604278075,285.037577684637,1,0.999947792015116
6066,0.0916221033868093,285.084549790432,1,0.999116689204461
6067,0.0884135472370766,285.131521896228,1,0.999370775695183
6068,0.0798573975044563,285.178494002023,1,0.99975224517803
6069,0.0905525846702317,285.225466107819,1,0.999210624196427
6070,0.0980392156862745,285.272438213615,1,0.998288688087771
6071,0.119429590017825,285.31941031941,1,0.986907818820623
6072,0.159714795008913,285.366382425206,1,0.757933380405506
6073,0.201782531194296,285.413354531002,2,0.223947270621169
6074,0.226737967914439,285.460326636797,2,0.0993540294017617
6075,0.252762923351159,285.507298742593,2,0.0547786503255093
6076,0.268449197860963,285.554270848389,2,0.044830719097829
6077,0.27843137254902,285.601242954184,2,0.0421347879747758
6078,0.284491978609626,285.64821505998,2,0.0416113068402193
6079,0.280213903743316,285.695187165775,2,0.0418972352835395
6080,0.270231729055258,285.742159271571,2,0.0441701976570837
6081,0.258823529411765,285.789131377367,2,0.0499551128118862
6082,0.240998217468806,285.836103483162,2,0.06897485550607
6083,0.219607843137255,285.883075588958,2,0.12302630424366
6084,0.210695187165775,285.930047694754,2,0.164523890047979
6085,0.214260249554367,285.977019800549,2,0.146070469894154
6086,0.219251336898396,286.023991906345,2,0.124407409878215
6087,0.219964349376114,286.070964012141,2,0.121665753141309
6088,0.216399286987522,286.117936117936,2,0.136231992401206
6089,0.221033868092692,286.164908223732,2,0.117704544282493
6090,0.216399286987522,286.211880329527,2,0.136231992401206
6091,0.210695187165775,286.258852435323,2,0.164523890047979
6092,0.201069518716578,286.305824541119,2,0.22963360692238
6093,0.194295900178253,286.352796646914,2,0.29140242266571
6094,0.196434937611408,286.39976875271,2,0.270342298194369
6095,0.207130124777184,286.446740858506,2,0.185842860892558
6096,0.215686274509804,286.493712964301,2,0.139414871771418
6097,0.224598930481283,286.540685070097,2,0.105721462070201
6098,0.225668449197861,286.587657175893,2,0.102465475304575
6099,0.232085561497326,286.634629281688,2,0.0857538169693488
6100,0.240998217468806,286.681601387484,2,0.06897485550607
6101,0.249197860962567,286.728573493279,2,0.0583258043584955
6102,0.248484848484848,286.775545599075,2,0.0591065416470222
6103,0.240641711229947,286.822517704871,2,0.0695299092357709
6104,0.233511586452763,286.869489810666,2,0.0826209776392116
6105,0.242780748663102,286.916461916462,2,0.0663245448775083
6106,0.243850267379679,286.963434022258,2,0.0648301159383605
6107,0.244919786096257,287.010406128053,2,0.0634038375713656
6108,0.245276292335116,287.057378233849,2,0.0629430633753488
6109,0.247058823529412,287.104350339644,2,0.0607445699909669
6110,0.247058823529412,287.15132244544,2,0.0607445699909669
6111,0.239928698752228,287.198294551236,2,0.0706659877052685
6112,0.231372549019608,287.245266657031,2,0.0873932078736503
6113,0.229590017825312,287.292238762827,2,0.0917165127743095
6114,0.224598930481283,287.339210868623,2,0.105721462070201
6115,0.220320855614973,287.386182974418,2,0.120325466747512
6116,0.220320855614973,287.433155080214,2,0.120325466747512
6117,0.224955436720143,287.48012718601,2,0.104619674767062
6118,0.227094474153298,287.527099291805,2,0.0983479079010685
6119,0.223885918003565,287.574071397601,2,0.107975638503528
6120,0.220320855614973,287.621043503396,2,0.120325466747512
6121,0.213547237076649,287.668015609192,2,0.149548423319507
6122,0.216755793226381,287.714987714988,2,0.13467565651305
6123,0.21283422459893,287.761959820783,2,0.153130028336651
6124,0.201782531194296,287.808931926579,2,0.223947270621169
6125,0.194295900178253,287.855904032375,2,0.29140242266571
6126,0.185383244206774,287.90287613817,2,0.394766374096824
6127,0.164349376114082,287.949848243966,1,0.69672645304942
6128,0.142245989304813,287.996820349762,1,0.917809125222735
6129,0.105169340463458,288.043792455557,1,0.996526754515471
6130,0.106238859180036,288.090764561353,1,0.996147300088293
6131,0.108021390374332,288.137736667148,1,0.995427237146119
6132,0.0909090909090909,288.184708772944,1,0.999180421135623
6133,0.0937611408199644,288.23168087874,1,0.998896043587254
6134,0.0880570409982175,288.278652984535,1,0.99939425971852
6135,0.04349376114082,288.325625090331,1,0.999996972566482
6136,0.0128342245989305,288.372597196127,1,0.999999957680063
6137,0.00427807486631016,288.419569301922,1,0.999999988262986
6138,0.00570409982174688,288.466541407718,1,0.99999998542582
6139,0.0071301247771836,288.513513513514,1,0.999999981922744
6140,0.00427807486631016,288.560485619309,1,0.999999988262986
6141,0.00320855614973262,288.607457725105,1,0.999999990029338
6142,0.00784313725490196,288.6544298309,1,0.999999979875392
6143,0.0199643493761141,288.701401936696,1,0.999999880449009
6144,0.0310160427807487,288.748374042492,1,0.99999943376829
6145,0.0417112299465241,288.795346148287,1,0.999997605006288
6146,0.0727272727272727,288.842318254083,1,0.999889471020385
6147,0.0716577540106952,288.889290359879,1,0.999902307779302
6148,0.067379679144385,288.936262465674,1,0.999940748369746
6149,0.096969696969697,288.98323457147,1,0.99846485690684
6150,0.113368983957219,289.030206677266,1,0.992439101962777
6151,0.119786096256684,289.077178783061,1,0.986487777969066
6152,0.145098039215686,289.124150888857,1,0.89971474034907
6153,0.153654188948307,289.171122994652,1,0.826901083601485
6154,0.142959001782531,289.218095100448,1,0.913553072258487
6155,0.135472370766488,289.265067206244,1,0.950284669827502
6156,0.130837789661319,289.312039312039,1,0.965527910635271
6157,0.114795008912656,289.359011417835,1,0.991378944116705
6158,0.101247771836007,289.405983523631,1,0.997638415957379
6159,0.105169340463458,289.452955629426,1,0.996526754515471
6160,0.120855614973262,289.499927735222,1,0.985152336855447
6161,0.135828877005348,289.546899841018,1,0.948900991444338
6162,0.135472370766488,289.593871946813,1,0.950284669827502
6163,0.135828877005348,289.640844052609,1,0.948900991444338
6164,0.131194295900178,289.687816158404,1,0.964522061907666
6165,0.130837789661319,289.7347882642,1,0.965527910635271
6166,0.132263814616756,289.781760369996,1,0.961347498174155
6167,0.135828877005348,289.828732475791,1,0.948900991444338
6168,0.13903743315508,289.875704581587,1,0.934896386527365
6169,0.139750445632799,289.922676687383,1,0.931379966481488
6170,0.139393939393939,289.969648793178,1,0.933157495644747
6171,0.135828877005348,290.016620898974,1,0.948900991444338
6172,0.131550802139037,290.06359300477,1,0.963490394158101
6173,0.136541889483066,290.110565110565,1,0.946034190265645
6174,0.157575757575758,290.157537216361,1,0.783843752125893
6175,0.192513368983957,290.204509322156,2,0.310074635321889
6176,0.218894830659537,290.251481427952,2,0.125809362934257
6177,0.230659536541889,290.298453533748,2,0.0890832175668622
6178,0.249910873440285,290.345425639543,2,0.0575696793910372
6179,0.274509803921569,290.392397745339,2,0.0429099221564594
6180,0.286274509803922,290.439369851135,2,0.0416091772442929
6181,0.288770053475936,290.48634195693,2,0.0417215806857703
6182,0.289126559714795,290.533314062726,2,0.0417486710349733
6183,0.288057040998217,290.580286168521,2,0.0416756936426108
6184,0.287344028520499,290.627258274317,2,0.0416408366999972
6185,0.275579322638146,290.674230380113,2,0.0426634457108036
6186,0.270944741532977,290.721202485908,2,0.0439288203315882
6187,0.261319073083779,290.768174591704,2,0.0483534857332153
6188,0.242067736185383,290.8151466975,2,0.0673601550398578
6189,0.222816399286988,290.862118803295,2,0.111487183755526
6190,0.20891265597148,290.909090909091,2,0.174803507241382
6191,0.204634581105169,290.956063014887,2,0.202656660056607
6192,0.203565062388592,291.003035120682,2,0.210373200428921
6193,0.202495543672014,291.050007226478,2,0.218408808900477
6194,0.196791443850267,291.096979332273,2,0.266974022425607
6195,0.186096256684492,291.143951438069,2,0.38560988307291
6196,0.15222816399287,291.190923543865,1,0.841056385999803
6197,0.114795008912656,291.23789564966,1,0.991378944116705
6198,0.0745098039215686,291.284867755456,1,0.999864407012387
6199,0.0420677361853832,291.331839861252,1,0.999997489742962
6200,0.0541889483065954,291.378811967047,1,0.999988087417658
6201,0.0766488413547237,291.425784072843,1,0.999827113421082
6202,0.0716577540106952,291.472756178639,1,0.999902307779302
6203,0.0577540106951872,291.519728284434,1,0.999981450235297
6204,0.0385026737967914,291.56670039023,1,0.999998436005335
6205,0.02174688057041,291.613672496025,1,0.999999845674531
6206,0.013903743315508,291.660644601821,1,0.999999950459747
6207,0.0153297682709447,291.707616707617,1,0.999999938939903
6208,0.0196078431372549,291.754588813412,1,0.999999886423979
6209,0.0413547237076649,291.801560919208,1,0.999997715134302
6210,0.0645276292335116,291.848533025004,1,0.999957778572531
6211,0.0944741532976827,291.895505130799,1,0.998811531805267
6212,0.124777183600713,291.942477236595,1,0.979157721697391
6213,0.149732620320856,291.989449342391,1,0.863864004351829
6214,0.170409982174688,292.036421448186,1,0.609309102520185
6215,0.183600713012478,292.083393553982,2,0.418263109207048
6216,0.188591800356506,292.130365659777,2,0.354726139272892
6217,0.204634581105169,292.177337765573,2,0.202656660056607
6218,0.197860962566845,292.224309871369,2,0.257109516044999
6219,0.192869875222816,292.271281977164,2,0.30625838418349
6220,0.193939393939394,292.31825408296,2,0.295055054777713
6221,0.197860962566845,292.365226188756,2,0.257109516044999
6222,0.198930481283422,292.412198294551,2,0.247601781995905
6223,0.193582887700535,292.459170400347,2,0.298748583694248
6224,0.188948306595365,292.506142506143,2,0.350467324722219
6225,0.184670231729055,292.553114611938,2,0.404063591013692
6226,0.182174688057041,292.600086717734,2,0.437641655896476
6227,0.182887700534759,292.647058823529,2,0.427891054715119
6228,0.182174688057041,292.694030929325,2,0.437641655896475
6229,0.177540106951872,292.741003035121,1,0.503540590608894
6230,0.168627450980392,292.787975140916,1,0.635589264594311
6231,0.16541889483066,292.834947246712,1,0.681778494089016
6232,0.167557932263815,292.881919352508,1,0.651176289748676
6233,0.189304812834225,292.928891458303,2,0.346247780607341
6234,0.205704099821747,292.975863564099,2,0.195250493446905
6235,0.217825311942959,293.022835669895,2,0.1301432808253
6236,0.220320855614973,293.06980777569,2,0.120325466747512
6237,0.226381461675579,293.116779881486,2,0.100375510945412
6238,0.23921568627451,293.163751987281,2,0.071837544970447
6239,0.241711229946524,293.210724093077,2,0.0678900992893204
6240,0.236363636363636,293.257696198873,2,0.0769001144892598
6241,0.238502673796791,293.304668304668,2,0.0730456320043107
6242,0.235294117647059,293.351640410464,2,0.0789640594862739
6243,0.231372549019608,293.39861251626,2,0.0873932078736503
6244,0.229946524064171,293.445584622055,2,0.0908253810511028
6245,0.227094474153298,293.492556727851,2,0.0983479079010685
6246,0.224955436720143,293.539528833647,2,0.104619674767062
6247,0.223172905525847,293.586500939442,2,0.110298956933863
6248,0.221033868092692,293.633473045238,2,0.117704544282493
6249,0.228520499108734,293.680445151033,2,0.094472541402233
6250,0.222816399286988,293.727417256829,2,0.111487183755526
6251,0.219607843137255,293.774389362625,2,0.12302630424366
6252,0.217825311942959,293.82136146842,2,0.1301432808253
6253,0.209269162210339,293.868333574216,2,0.17268819806839
6254,0.200713012477718,293.915305680012,2,0.23253293637346
6255,0.198217468805704,293.962277785807,2,0.253900885615036
6256,0.200356506238859,294.009249891603,2,0.235470070227057
6257,0.192869875222816,294.056221997398,2,0.30625838418349
6258,0.193582887700535,294.103194103194,2,0.298748583694249
6259,0.191800356506239,294.15016620899,2,0.317829642748435
6260,0.196434937611408,294.197138314785,2,0.270342298194369
6261,0.203921568627451,294.244110420581,2,0.207765990912991
6262,0.206417112299465,294.291082526377,2,0.190481054884609
6263,0.219251336898396,294.338054632172,2,0.124407409878215
6264,0.240285204991087,294.385026737968,2,0.070093577958845
6265,0.254188948306595,294.431998843764,2,0.0535149760816739
6266,0.272370766488414,294.478970949559,2,0.043484165171336
6267,0.282352941176471,294.525943055355,2,0.0417045121372238
6268,0.279500891265597,294.57291516115,2,0.0419837992174351
6269,0.281639928698752,294.619887266946,2,0.0417576447198518
6270,0.294474153297683,294.666859372742,2,0.0424917149010911
6271,0.302317290552585,294.713831478537,2,0.0447872916913673
6272,0.29982174688057,294.760803584333,2,0.0438925009672099
6273,0.297682709447415,294.807775690129,2,0.0432500382297032
6274,0.292335115864528,294.854747795924,2,0.0421179801391359
6275,0.287700534759358,294.90171990172,2,0.0416568882548967
6276,0.283422459893048,294.948692007516,2,0.0416455253586508
6277,0.27807486631016,294.995664113311,2,0.0421907934137444
6278,0.270944741532977,295.042636219107,2,0.0439288203315882
6279,0.26951871657754,295.089608324902,2,0.0444245216126999
6280,0.270944741532977,295.136580430698,2,0.0439288203315882
6281,0.270944741532977,295.183552536494,2,0.0439288203315882
6282,0.275935828877005,295.230524642289,2,0.0425871984116243
6283,0.281639928698752,295.277496748085,2,0.0417576447198518
6284,0.275222816399287,295.324468853881,2,0.0427426385542663
6285,0.265953654188948,295.371440959676,2,0.0458976624695658
6286,0.261675579322638,295.418413065472,2,0.0481413085598955
6287,0.26524064171123,295.465385171268,2,0.0462342158341202
6288,0.273440285204991,295.512357277063,2,0.0431833375115704
6289,0.258467023172906,295.559329382859,2,0.0502011018235606
6290,0.264884135472371,295.606301488654,2,0.046407939044193
6291,0.26951871657754,295.65327359445,2,0.0444245216126999
6292,0.268092691622103,295.700245700246,2,0.0449728132130926
6293,0.266666666666667,295.747217806041,2,0.0455754120927234
6294,0.264171122994652,295.794189911837,2,0.0467664510931315
6295,0.257754010695187,295.841162017633,2,0.0507064604602417
6296,0.250267379679144,295.888134123428,2,0.0572006426352329
6297,0.244919786096257,295.935106229224,2,0.0634038375713656
6298,0.243850267379679,295.98207833502,2,0.0648301159383605
6299,0.242424242424242,296.029050440815,2,0.0668383422028336
6300,0.242780748663102,296.076022546611,2,0.0663245448775083
6301,0.24349376114082,296.122994652406,2,0.0653205428441643
6302,0.243137254901961,296.169966758202,2,0.0658186491056242
6303,0.246702317290553,296.216938863998,2,0.0611705411194523
6304,0.247415329768271,296.263910969793,2,0.0603252747770023
6305,0.258823529411765,296.310883075589,2,0.0499551128118862
6306,0.263101604278075,296.357855181385,2,0.0473324247231341
6307,0.271657754010695,296.40482728718,2,0.0437002019488884
6308,0.27807486631016,296.451799392976,2,0.0421907934137444
6309,0.283778966131907,296.498771498772,2,0.0416313709041537
6310,0.289483065953654,296.545743604567,2,0.0417785326069888
6311,0.293404634581105,296.592715710363,2,0.0422919104804998
6312,0.29554367201426,296.639687816158,2,0.0427177368652416
6313,0.287344028520499,296.686659921954,2,0.0416408366999972
6314,0.284135472370766,296.73363202775,2,0.0416199654510232
6315,0.280570409982175,296.780604133545,2,0.0418581564093423
6316,0.266310160427807,296.827576239341,2,0.0457347656087041
6317,0.242780748663102,296.874548345137,2,0.0663245448775083
6318,0.227450980392157,296.921520450932,2,0.0973569200698169
6319,0.21283422459893,296.968492556728,2,0.153130028336651
6320,0.196791443850267,297.015464662524,2,0.266974022425607
6321,0.175401069518717,297.062436768319,1,0.535029195011022
6322,0.177896613190731,297.109408874115,2,0.498343189705391
6323,0.187878787878788,297.15638097991,2,0.363360398843724
6324,0.205347593582888,297.203353085706,2,0.197685278899376
6325,0.222816399286988,297.250325191502,2,0.111487183755526
6326,0.24349376114082,297.297297297297,2,0.0653205428441643
6327,0.265953654188948,297.344269403093,2,0.0458976624695658
6328,0.284848484848485,297.391241508889,2,0.0416053934328681
6329,0.291978609625668,297.438213614684,2,0.0420657003018588
6330,0.293048128342246,297.48518572048,2,0.0422310744563635
6331,0.302673796791444,297.532157826276,2,0.0449283380445678
6332,0.306951871657754,297.579129932071,2,0.0468935178618568
6333,0.302317290552585,297.626102037867,2,0.0447872916913673
6334,0.301247771836007,297.673074143662,2,0.0443841873151129
6335,0.30017825311943,297.720046249458,2,0.0440105906241948
6336,0.29554367201426,297.767018355254,2,0.0427177368652416
6337,0.294474153297683,297.813990461049,2,0.0424917149010911
6338,0.297326203208556,297.860962566845,2,0.043153780360425
6339,0.292335115864528,297.907934672641,2,0.0421179801391359
6340,0.277005347593583,297.954906778436,2,0.0423759866562815
6341,0.25668449197861,298.001878884232,2,0.0514987362425697
6342,0.238146167557932,298.048850990028,2,0.0736637122022718
6343,0.222103386809269,298.095823095823,2,0.113918079396851
6344,0.210695187165775,298.142795201619,2,0.164523890047979
6345,0.180035650623886,298.189767307414,2,0.467565225318843
6346,0.140106951871658,298.23673941321,1,0.929563241262185
6347,0.0837789661319073,298.283711519006,1,0.999618317580826
6348,0.0438502673796791,298.330683624801,1,0.999996827957414
6349,0.0267379679144385,298.377655730597,1,0.999999687435461
6350,0.0196078431372549,298.424627836393,1,0.999999886423979
6351,0.0235294117647059,298.471599942188,1,0.999999801127384
6352,0.0310160427807487,298.518572047984,1,0.99999943376829
6353,0.0563279857397504,298.565544153779,1,0.999984448791669
6354,0.0655971479500891,298.612516259575,1,0.999952032721868
6355,0.0894830659536542,298.659488365371,1,0.999295013186813
6356,0.131907308377897,298.706460471166,1,0.962432382786013
6357,0.174688057040998,298.753432576962,1,0.545612461857433
6358,0.199643493761141,298.800404682758,2,0.24145879475095
6359,0.225311942959002,298.847376788553,2,0.103534426560596
6360,0.257397504456328,298.894348894349,2,0.0509659338946457
6361,0.263101604278075,298.941321000145,2,0.0473324247231341
6362,0.26524064171123,298.98829310594,2,0.0462342158341202
6363,0.273440285204991,299.035265211736,2,0.0431833375115704
6364,0.283422459893048,299.082237317531,2,0.0416455253586508
6365,0.285918003565062,299.129209423327,2,0.0416041158365032
6366,0.282352941176471,299.176181529123,2,0.0417045121372238
6367,0.279144385026738,299.223153634918,2,0.0420313007234206
6368,0.279144385026738,299.270125740714,2,0.0420313007234206
6369,0.247058823529412,299.31709784651,2,0.0607445699909669
6370,0.231729055258467,299.364069952305,2,0.0865672792270691
6371,0.18680926916221,299.411042058101,2,0.376598257000457
6372,0.146880570409982,299.458014163897,1,0.886903162254415
6373,0.0912655971479501,299.504986269692,1,0.999149121927905
6374,0.0221033868092692,299.551958375488,1,0.999999837622875
6375,0.00499108734402852,299.598930481283,1,0.999999986919311
6376,0.0089126559714795,299.645902587079,1,0.999999976373703
6377,0.00819964349376114,299.692874692875,1,0.999999978768531
6378,0.00677361853832442,299.73984679867,1,0.999999982868703
6379,0.0167557932263815,299.786818904466,1,0.999999924824097
6380,0.0381461675579323,299.833791010262,1,0.999998508845596
6381,0.0552584670231729,299.880763116057,1,0.999986384940423
6382,0.0734402852049911,299.927735221853,1,0.999880030599726
6383,0.10873440285205,299.974707327649,1,0.995105367703617
6384,0.14367201426025,300.021679433444,1,0.909121199068096
6385,0.176827094474153,300.06865153924,1,0.513983538532024
6386,0.207486631016043,300.115623645035,2,0.183572123906108
6387,0.23458110516934,300.162595750831,2,0.080393464967845
6388,0.239928698752228,300.209567856627,2,0.0706659877052685
6389,0.239572192513369,300.256539962422,2,0.0712472666157433
6390,0.242780748663102,300.303512068218,2,0.0663245448775083
6391,0.241354723707665,300.350484174014,2,0.0684282928219272
6392,0.235294117647059,300.397456279809,2,0.0789640594862739
6393,0.239572192513369,300.444428385605,2,0.0712472666157434
6394,0.237076648841355,300.4914004914,2,0.0755757760110533
6395,0.209982174688057,300.538372597196,2,0.168547355003344
6396,0.17825311942959,300.585344702992,2,0.4931633449116
6397,0.144028520499109,300.632316808787,1,0.906838116890453
6398,0.0787878787878788,300.679288914583,1,0.999780110055241
6399,0.0320855614973262,300.726261020379,1,0.999999344103284
6400,0.0342245989304813,300.773233126174,1,0.999999121561886
6401,0.0598930481283422,300.82020523197,1,0.999975884132584
6402,0.0834224598930481,300.867177337766,1,0.999632894588219
6403,0.116577540106952,300.914149443561,1,0.989860038840601
6404,0.146880570409982,300.961121549357,1,0.886903162254415
6405,0.16969696969697,301.008093655152,1,0.619858422957485
6406,0.185026737967914,301.055065760948,2,0.399397668114471
6407,0.19572192513369,301.102037866744,2,0.27719989678805
6408,0.202139037433155,301.149009972539,2,0.221159700448823
6409,0.223172905525847,301.195982078335,2,0.110298956933863
6410,0.225311942959002,301.242954184131,2,0.103534426560596
6411,0.229233511586453,301.289926289926,2,0.0926212795678123
6412,0.231729055258467,301.336898395722,2,0.0865672792270691
6413,0.22602495543672,301.383870501518,2,0.101412582032261
6414,0.212121212121212,301.430842607313,2,0.156817985672745
6415,0.19572192513369,301.477814713109,2,0.27719989678805
6416,0.182887700534759,301.524786818904,2,0.427891054715119
6417,0.172192513368984,301.5717589247,1,0.582797288053519
6418,0.164705882352941,301.618731030496,1,0.691773144057962
6419,0.15222816399287,301.665703136291,1,0.841056385999803
6420,0.135115864527629,301.712675242087,1,0.951635957098908
6421,0.11729055258467,301.759647347883,1,0.989185960214728
6422,0.107664884135472,301.806619453678,1,0.995580635164105
6423,0.105882352941176,301.853591559474,1,0.996277909157264
6424,0.107664884135472,301.90056366527,1,0.995580635164105
6425,0.128342245989305,301.947535771065,1,0.971888846583434
6426,0.137611408199644,301.994507876861,1,0.941476831959126
6427,0.150445632798574,302.041479982656,1,0.857602279555864
6428,0.16078431372549,302.088452088452,1,0.744387394516176
6429,0.173618538324421,302.135424194248,1,0.561534542460383
6430,0.189304812834225,302.182396300043,2,0.346247780607341
6431,0.202139037433155,302.229368405839,2,0.221159700448823
6432,0.206773618538324,302.276340511635,2,0.188145723231491
6433,0.200713012477718,302.32331261743,2,0.23253293637346
6434,0.197860962566845,302.370284723226,2,0.257109516044999
6435,0.191800356506239,302.417256829022,2,0.317829642748435
6436,0.187878787878788,302.464228934817,2,0.363360398843724
6437,0.188591800356506,302.511201040613,2,0.354726139272892
6438,0.19572192513369,302.558173146408,2,0.27719989678805
6439,0.200356506238859,302.605145252204,2,0.235470070227057
6440,0.201426024955437,302.652117358,2,0.226771811067875
6441,0.197147950089127,302.699089463795,2,0.263645907563373
6442,0.188591800356506,302.746061569591,2,0.354726139272892
6443,0.187878787878788,302.793033675387,2,0.363360398843724
6444,0.181461675579323,302.840005781182,2,0.447508721006442
6445,0.154010695187166,302.886977886978,1,0.823235222221061
6446,0.131550802139037,302.933949992774,1,0.963490394158101
6447,0.113725490196078,302.980922098569,1,0.992186056436537
6448,0.093048128342246,303.027894204365,1,0.998974833816624
6449,0.0648841354723708,303.07486631016,1,0.999955941110266
6450,0.0841354723707665,303.121838415956,1,0.999603189272738
6451,0.113725490196078,303.168810521752,1,0.992186056436537
6452,0.148306595365419,303.215782627547,1,0.875781633656765
6453,0.178609625668449,303.262754733343,2,0.488002158832296
6454,0.197504456327986,303.309726839139,2,0.26035779568449
6455,0.212477718360071,303.356698944934,2,0.154960543073245
6456,0.217825311942959,303.40367105073,2,0.1301432808253
6457,0.222459893048128,303.450643156526,2,0.112693469722017
6458,0.234224598930481,303.497615262321,2,0.081124682690485
6459,0.244919786096257,303.544587368117,2,0.0634038375713656
6460,0.244563279857398,303.591559473912,2,0.0638718688557507
6461,0.244919786096257,303.638531579708,2,0.0634038375713656
6462,0.249554367201426,303.685503685504,2,0.0579447064768781
6463,0.251693404634581,303.732475791299,2,0.0557828391769409
6464,0.252762923351159,303.779447897095,2,0.0547786503255093
6465,0.254545454545455,303.826420002891,2,0.0532120466169336
6466,0.257040998217469,303.873392108686,2,0.0512300076573834
6467,0.258110516934046,303.920364214482,2,0.0504515339077752
6468,0.255614973262032,303.967336320278,2,0.0523334119125725
6469,0.255971479500891,304.014308426073,2,0.0520503811873
6470,0.257040998217469,304.061280531869,2,0.0512300076573834
6471,0.253832442067736,304.108252637664,2,0.0538230359317509
6472,0.248841354723708,304.15522474346,2,0.0587130549522764
6473,0.257040998217469,304.202196849256,2,0.0512300076573834
6474,0.252762923351159,304.249168955051,2,0.0547786503255093
6475,0.24777183600713,304.296141060847,2,0.0599125643894444
6476,0.245276292335116,304.343113166643,2,0.0629430633753488
6477,0.236720142602496,304.390085272438,2,0.0762328841466821
6478,0.23458110516934,304.437057378234,2,0.080393464967845
6479,0.238859180035651,304.48402948403,2,0.0724369552179529
6480,0.246345811051693,304.531001589825,2,0.0616032808600155
6481,0.245632798573975,304.577973695621,2,0.0624894451585092
6482,0.242780748663102,304.624945801416,2,0.0663245448775083
6483,0.242424242424242,304.671917907212,2,0.0668383422028336
6484,0.242067736185383,304.718890013008,2,0.0673601550398578
6485,0.244206773618538,304.765862118803,2,0.0643472600949594
6486,0.24349376114082,304.812834224599,2,0.0653205428441643
6487,0.239928698752228,304.859806330395,2,0.0706659877052685
6488,0.237433155080214,304.90677843619,2,0.0749286416337627
6489,0.217825311942959,304.953750541986,2,0.1301432808253
6490,0.1825311942959,305.000722647782,2,0.432751399675161
6491,0.14795008912656,305.047694753577,1,0.878636003923711
6492,0.106238859180036,305.094666859373,1,0.996147300088293
6493,0.0516934046345811,305.141638965168,1,0.999991298490749
6494,0.0206773618538324,305.188611070964,1,0.999999867566885
6495,0.0263814616755793,305.23558317676,1,0.999999702668494
6496,0.0292335115864528,305.282555282555,1,0.99999955741731
6497,0.0324420677361854,305.329527388351,1,0.999999311258717
6498,0.0399286987522282,305.376499494147,1,0.999998108584078
6499,0.0538324420677362,305.423471599942,1,0.999988607782844
6500,0.0748663101604278,305.470443705738,1,0.999858778919084
6501,0.0962566844919786,305.517415811534,1,0.998572613147055
6502,0.116934046345811,305.564387917329,1,0.989528008245413
6503,0.130837789661319,305.611360023125,1,0.965527910635271
6504,0.139750445632799,305.65833212892,1,0.931379966481488
6505,0.146880570409982,305.705304234716,1,0.886903162254415
6506,0.168627450980392,305.752276340512,1,0.635589264594311
6507,0.184670231729055,305.799248446307,2,0.404063591013692
6508,0.198217468805704,305.846220552103,2,0.253900885615036
6509,0.212121212121212,305.893192657899,2,0.156817985672745
6510,0.220677361853832,305.940164763694,2,0.119005158332037
6511,0.224242424242424,305.98713686949,2,0.106840033805127
6512,0.232798573975045,306.034108975285,2,0.0841635552501557
6513,0.24777183600713,306.081081081081,2,0.0599125643894444
6514,0.248484848484849,306.128053186877,2,0.0591065416470222
6515,0.247058823529412,306.175025292672,2,0.0607445699909669
6516,0.246345811051693,306.221997398468,2,0.0616032808600155
6517,0.241711229946524,306.268969504264,2,0.0678900992893203
6518,0.234224598930481,306.315941610059,2,0.081124682690485
6519,0.23030303030303,306.362913715855,2,0.0899476823508696
6520,0.229233511586453,306.409885821651,2,0.0926212795678123
6521,0.223529411764706,306.456857927446,2,0.109128527899563
6522,0.222459893048128,306.503830033242,2,0.112693469722017
6523,0.222103386809269,306.550802139037,2,0.113918079396851
6524,0.221390374331551,306.597774244833,2,0.11642334412553
6525,0.225311942959002,306.644746350629,2,0.103534426560596
6526,0.230659536541889,306.691718456424,2,0.0890832175668622
6527,0.235650623885918,306.73869056222,2,0.0782655476404335
6528,0.239572192513369,306.785662668016,2,0.0712472666157434
6529,0.238146167557932,306.832634773811,2,0.0736637122022718
6530,0.236720142602496,306.879606879607,2,0.0762328841466821
6531,0.230659536541889,306.926578985403,2,0.0890832175668622
6532,0.219964349376114,306.973551091198,2,0.121665753141309
6533,0.213903743315508,307.020523196994,2,0.147796657796955
6534,0.213547237076649,307.067495302789,2,0.149548423319507
6535,0.219964349376114,307.114467408585,2,0.121665753141309
6536,0.227450980392157,307.161439514381,2,0.0973569200698169
6537,0.233868092691622,307.208411620176,2,0.0818671307430452
6538,0.236720142602496,307.255383725972,2,0.0762328841466821
6539,0.240998217468806,307.302355831768,2,0.06897485550607
6540,0.240641711229947,307.349327937563,2,0.069529909235771
6541,0.23921568627451,307.396300043359,2,0.071837544970447
6542,0.238146167557932,307.443272149155,2,0.0736637122022718
6543,0.235650623885918,307.49024425495,2,0.0782655476404335
6544,0.236363636363636,307.537216360746,2,0.0769001144892598
6545,0.228163992869875,307.584188466541,2,0.0954194554546018
6546,0.227094474153298,307.631160572337,2,0.0983479079010685
6547,0.22174688057041,307.678132678133,2,0.115161280544945
6548,0.2174688057041,307.725104783928,2,0.131631612598901
6549,0.216042780748663,307.772076889724,2,0.137811624621391
6550,0.219964349376114,307.81904899552,2,0.121665753141309
6551,0.23030303030303,307.866021101315,2,0.0899476823508696
6552,0.237789661319073,307.912993207111,2,0.0742913349406445
6553,0.234224598930481,307.959965312907,2,0.081124682690485
6554,0.238502673796791,308.006937418702,2,0.0730456320043107
6555,0.24349376114082,308.053909524498,2,0.0653205428441643
6556,0.247415329768271,308.100881630293,2,0.0603252747770023
6557,0.244563279857398,308.147853736089,2,0.0638718688557507
6558,0.237789661319073,308.194825841885,2,0.0742913349406445
6559,0.229590017825312,308.24179794768,2,0.0917165127743095
6560,0.224242424242424,308.288770053476,2,0.106840033805127
6561,0.222459893048128,308.335742159272,2,0.112693469722017
6562,0.217825311942959,308.382714265067,2,0.1301432808253
6563,0.209269162210339,308.429686370863,2,0.17268819806839
6564,0.197504456327986,308.476658476658,2,0.26035779568449
6565,0.185383244206774,308.523630582454,2,0.394766374096824
6566,0.183600713012478,308.57060268825,2,0.418263109207048
6567,0.197504456327986,308.617574794045,2,0.26035779568449
6568,0.213903743315508,308.664546899841,2,0.147796657796955
6569,0.21283422459893,308.711519005637,2,0.153130028336651
6570,0.219607843137255,308.758491111432,2,0.12302630424366
6571,0.229590017825312,308.805463217228,2,0.0917165127743095
6572,0.240641711229947,308.852435323024,2,0.0695299092357709
6573,0.249910873440285,308.899407428819,2,0.0575696793910372
6574,0.259893048128342,308.946379534615,2,0.0492433052226
6575,0.268449197860963,308.99335164041,2,0.044830719097829
6576,0.272727272727273,309.040323746206,2,0.0433808122462695
6577,0.270231729055258,309.087295852002,2,0.0441701976570837
6578,0.26524064171123,309.134267957797,2,0.0462342158341202
6579,0.266310160427807,309.181240063593,2,0.0457347656087041
6580,0.268805704099822,309.228212169389,2,0.0446919904502777
6581,0.269162210338681,309.275184275184,2,0.0445566001117059
6582,0.277361853832442,309.32215638098,2,0.0423113812587141
6583,0.27807486631016,309.369128486776,2,0.0421907934137444
6584,0.266666666666667,309.416100592571,2,0.0455754120927234
6585,0.263458110516934,309.463072698367,2,0.0471399566294933
6586,0.251693404634581,309.510044804162,2,0.0557828391769409
6587,0.232798573975045,309.557016909958,2,0.0841635552501556
6588,0.21283422459893,309.603989015754,2,0.153130028336651
6589,0.196434937611408,309.650961121549,2,0.270342298194369
6590,0.175044563279857,309.697933227345,1,0.540316829943062
6591,0.145811051693405,309.744905333141,1,0.894733017671574
6592,0.124420677361854,309.791877438936,1,0.97978188599806
6593,0.0901960784313725,309.838849544732,1,0.999239767333174
6594,0.0784313725490196,309.885821650528,1,0.999788712862036
6595,0.0695187165775401,309.932793756323,1,0.999923823851373
6596,0.0777183600713012,309.979765862119,1,0.99980496238391
6597,0.0983957219251337,310.026737967914,1,0.998225833479754
6598,0.128698752228164,310.07371007371,1,0.971049501893769
6599,0.159358288770053,310.120682179506,1,0.762363530538871
6600,0.179679144385027,310.167654285301,2,0.472641225876226
6601,0.194295900178253,310.214626391097,2,0.29140242266571
6602,0.214616755793226,310.261598496893,2,0.144369526844744
6603,0.233155080213904,310.308570602688,2,0.0833863945334798
6604,0.241711229946524,310.355542708484,2,0.0678900992893204
6605,0.244919786096257,310.40251481428,2,0.0634038375713656
6606,0.25204991087344,310.449486920075,2,0.0554425963726971
6607,0.26096256684492,310.496459025871,2,0.0485697297793136
6608,0.266666666666667,310.543431131666,2,0.0455754120927234
6609,0.269875222816399,310.590403237462,2,0.0442957291655921
6610,0.26524064171123,310.637375343258,2,0.0462342158341202
6611,0.264884135472371,310.684347449053,2,0.046407939044193
6612,0.262745098039216,310.731319554849,2,0.0475287541523625
6613,0.246345811051693,310.778291660645,2,0.0616032808600155
6614,0.232442067736185,310.82526376644,2,0.084952636312124
6615,0.23030303030303,310.872235872236,2,0.0899476823508696
6616,0.228520499108734,310.919207978032,2,0.094472541402233
6617,0.225311942959002,310.966180083827,2,0.103534426560596
6618,0.216755793226381,311.013152189623,2,0.13467565651305
6619,0.203921568627451,311.060124295418,2,0.207765990912991
6620,0.18680926916221,311.107096401214,2,0.376598257000457
6621,0.177183600713012,311.15406850701,1,0.508754422500141
6622,0.178966131907308,311.201040612805,2,0.482860710810652
6623,0.191800356506239,311.248012718601,2,0.317829642748435
6624,0.203208556149733,311.294984824397,2,0.213015864982375
6625,0.211764705882353,311.341956930192,2,0.158702697887839
6626,0.220677361853832,311.388929035988,2,0.119005158332037
6627,0.231729055258467,311.435901141784,2,0.0865672792270691
6628,0.23921568627451,311.482873247579,2,0.071837544970447
6629,0.244919786096257,311.529845353375,2,0.0634038375713656
6630,0.248128342245989,311.57681745917,2,0.0595063493260242
6631,0.250980392156863,311.623789564966,2,0.0564802253755426
6632,0.253832442067736,311.670761670762,2,0.0538230359317509
6633,0.248841354723708,311.717733776557,2,0.0587130549522764
6634,0.249554367201426,311.764705882353,2,0.0579447064768781
6635,0.249554367201426,311.811677988149,2,0.0579447064768781
6636,0.249910873440285,311.858650093944,2,0.0575696793910372
6637,0.248484848484848,311.90562219974,2,0.0591065416470222
6638,0.242424242424242,311.952594305536,2,0.0668383422028336
6639,0.236007130124777,311.999566411331,2,0.0775776178915898
6640,0.232442067736185,312.046538517127,2,0.084952636312124
6641,0.220320855614973,312.093510622922,2,0.120325466747512
6642,0.2174688057041,312.140482728718,2,0.131631612598901
6643,0.214973262032086,312.187454834514,2,0.1426934980181
6644,0.212121212121212,312.234426940309,2,0.156817985672745
6645,0.210338680926916,312.281399046105,2,0.166521124259266
6646,0.207486631016043,312.328371151901,2,0.183572123906108
6647,0.203565062388592,312.375343257696,2,0.210373200428921
6648,0.200713012477718,312.422315363492,2,0.23253293637346
6649,0.194652406417112,312.469287469288,2,0.287790651865545
6650,0.18716577540107,312.516259575083,2,0.372147939662444
6651,0.168983957219251,312.563231680879,1,0.630359859591455
6652,0.12620320855615,312.610203786674,1,0.976482910219188
6653,0.0645276292335116,312.65717589247,1,0.999957778572531
6654,0.0192513368983957,312.704147998266,1,0.999999892107754
6655,0.00463458110516934,312.751120104061,1,0.999999987608923
6656,0.00784313725490196,312.798092209857,1,0.999999979875392
6657,0.00570409982174688,312.845064315653,1,0.99999998542582
6658,0.00463458110516934,312.892036421448,1,0.999999987608923
6659,0.0071301247771836,312.939008527244,1,0.999999981922744
6660,0.00926916221033868,312.98598063304,1,0.999999975079391
6661,0.0110516934046346,313.032952738835,1,0.999999967496857
6662,0.0156862745098039,313.079924844631,1,0.999999935674584
6663,0.0274509803921569,313.126896950426,1,0.999999654659426
6664,0.0406417112299465,313.173869056222,1,0.999997920860513
6665,0.0570409982174688,313.220841162018,1,0.999983013219951
6666,0.0762923351158645,313.267813267813,1,0.999833946164541
6667,0.0983957219251337,313.314785373609,1,0.998225833479754
6668,0.115151515151515,313.361757479405,1,0.991093165953659
6669,0.128698752228164,313.4087295852,1,0.971049501893769
6670,0.14795008912656,313.455701690996,1,0.878636003923711
6671,0.175757575757576,313.502673796791,1,0.529750815064131
6672,0.196078431372549,313.549645902587,2,0.273750879430953
6673,0.220320855614973,313.596618008383,2,0.120325466747512
6674,0.219964349376114,313.643590114178,2,0.121665753141309
6675,0.216755793226381,313.690562219974,2,0.13467565651305
6676,0.216042780748663,313.73753432577,2,0.137811624621391
6677,0.214260249554367,313.784506431565,2,0.146070469894154
6678,0.211764705882353,313.831478537361,2,0.158702697887839
6679,0.200713012477718,313.878450643157,2,0.23253293637346
6680,0.188948306595365,313.925422748952,2,0.350467324722219
6681,0.172192513368984,313.972394854748,1,0.582797288053519
6682,0.158288770053476,314.019366960543,1,0.775388347843203
6683,0.14331550802139,314.066339066339,1,0.91135935846303
6684,0.114795008912656,314.113311172135,1,0.991378944116705
6685,0.0780748663101604,314.16028327793,1,0.999796993133095
6686,0.0602495543672014,314.207255383726,1,0.999974812079194
6687,0.0488413547237077,314.254227489522,1,0.999993947949035
6688,0.0310160427807487,314.301199595317,1,0.99999943376829
6689,0.0235294117647059,314.348171701113,1,0.999999801127384
6690,0.0249554367201426,314.395143806909,1,0.999999756697252
6691,0.0260249554367201,314.442115912704,1,0.999999717178595
6692,0.0199643493761141,314.4890880185,1,0.999999880449009
6693,0.0142602495543672,314.536060124295,1,0.999999947796111
6694,0.0274509803921569,314.583032230091,1,0.999999654659426
6695,0.0787878787878788,314.630004335887,1,0.999780110055241
6696,0.128698752228164,314.676976441682,1,0.971049501893769
6697,0.171122994652406,314.723948547478,1,0.59872270376768
6698,0.197860962566845,314.770920653274,2,0.257109516044999
6699,0.22602495543672,314.817892759069,2,0.101412582032261
6700,0.238502673796791,314.864864864865,2,0.0730456320043107
6701,0.243137254901961,314.911836970661,2,0.0658186491056242
6702,0.250980392156863,314.958809076456,2,0.0564802253755426
6703,0.255971479500891,315.005781182252,2,0.0520503811873
6704,0.255971479500891,315.052753288047,2,0.0520503811873
6705,0.242780748663102,315.099725393843,2,0.0663245448775083
6706,0.241711229946524,315.146697499639,2,0.0678900992893204
6707,0.237789661319073,315.193669605434,2,0.0742913349406445
6708,0.230659536541889,315.24064171123,2,0.0890832175668622
6709,0.232442067736185,315.287613817026,2,0.084952636312124
6710,0.235650623885918,315.334585922821,2,0.0782655476404335
6711,0.221390374331551,315.381558028617,2,0.11642334412553
6712,0.202495543672014,315.428530134413,2,0.218408808900477
6713,0.193582887700535,315.475502240208,2,0.298748583694249
6714,0.174688057040998,315.522474346004,1,0.545612461857433
6715,0.156149732620321,315.569446451799,1,0.800187728045124
6716,0.149019607843137,315.616418557595,1,0.869923299191445
6717,0.147593582887701,315.663390663391,1,0.881440854894658
6718,0.150802139037433,315.710362769186,1,0.854395156011231
6719,0.166131907308378,315.757334874982,1,0.671674297580787
6720,0.181818181818182,315.804306980778,2,0.442561035162958
6721,0.210695187165775,315.851279086573,2,0.164523890047979
6722,0.217825311942959,315.898251192369,2,0.1301432808253
6723,0.227094474153298,315.945223298164,2,0.0983479079010685
6724,0.236007130124777,315.99219540396,2,0.0775776178915898
6725,0.239572192513369,316.039167509756,2,0.0712472666157434
6726,0.241354723707665,316.086139615551,2,0.0684282928219272
6727,0.240285204991087,316.133111721347,2,0.070093577958845
6728,0.240285204991087,316.180083827143,2,0.070093577958845
6729,0.228163992869875,316.227055932938,2,0.0954194554546018
6730,0.223172905525847,316.274028038734,2,0.110298956933863
6731,0.211051693404635,316.32100014453,2,0.162555305088142
6732,0.194295900178253,316.367972250325,2,0.29140242266571
6733,0.182887700534759,316.414944356121,2,0.427891054715119
6734,0.182174688057041,316.461916461916,2,0.437641655896475
6735,0.193226381461676,316.508888567712,2,0.302483027075261
6736,0.202852049910873,316.555860673508,2,0.215694298226063
6737,0.207843137254902,316.602832779303,2,0.181333166928288
6738,0.214260249554367,316.649804885099,2,0.146070469894154
6739,0.215329768270945,316.696776990895,2,0.141042055017344
6740,0.220677361853832,316.74374909669,2,0.119005158332037
6741,0.237789661319073,316.790721202486,2,0.0742913349406445
6742,0.253475935828877,316.837693308282,2,0.0541362908119072
6743,0.268805704099822,316.884665414077,2,0.0446919904502777
6744,0.284491978609626,316.931637519873,2,0.0416113068402193
6745,0.285204991087344,316.978609625668,2,0.0416022241097946
6746,0.285204991087344,317.025581731464,2,0.0416022241097946
6747,0.279857397504456,317.07255383726,2,0.0419391135680977
6748,0.26096256684492,317.119525943055,2,0.0485697297793136
6749,0.23921568627451,317.166498048851,2,0.071837544970447
6750,0.224242424242424,317.213470154647,2,0.106840033805127
6751,0.223172905525847,317.260442260442,2,0.110298956933863
6752,0.228163992869875,317.307414366238,2,0.0954194554546018
6753,0.219964349376114,317.354386472034,2,0.121665753141309
6754,0.226381461675579,317.401358577829,2,0.100375510945412
6755,0.241711229946524,317.448330683625,2,0.0678900992893203
6756,0.253119429590018,317.49530278942,2,0.0544548065800749
6757,0.249554367201426,317.542274895216,2,0.0579447064768781
6758,0.231372549019608,317.589247001012,2,0.0873932078736503
6759,0.222816399286988,317.636219106807,2,0.111487183755526
6760,0.224598930481283,317.683191212603,2,0.105721462070201
6761,0.222103386809269,317.730163318399,2,0.113918079396851
6762,0.223885918003565,317.777135424194,2,0.107975638503528
6763,0.226737967914439,317.82410752999,2,0.0993540294017617
6764,0.231372549019608,317.871079635786,2,0.0873932078736503
6765,0.23921568627451,317.918051741581,2,0.071837544970447
6766,0.249197860962567,317.965023847377,2,0.0583258043584955
6767,0.263458110516934,318.011995953172,2,0.0471399566294934
6768,0.272727272727273,318.058968058968,2,0.0433808122462695
6769,0.277718360071301,318.105940164764,2,0.042249654102186
6770,0.275222816399287,318.152912270559,2,0.0427426385542663
6771,0.272727272727273,318.199884376355,2,0.0433808122462695
6772,0.273083778966132,318.246856482151,2,0.0432805428079639
6773,0.27379679144385,318.293828587946,2,0.0430891776231117
6774,0.269162210338681,318.340800693742,2,0.0445566001117059
6775,0.26096256684492,318.387772799538,2,0.0485697297793136
6776,0.253475935828877,318.434744905333,2,0.0541362908119072
6777,0.237433155080214,318.481717011129,2,0.0749286416337627
6778,0.23030303030303,318.528689116924,2,0.0899476823508696
6779,0.190017825311943,318.57566122272,2,0.337927533751864
6780,0.13048128342246,318.622633328516,1,0.966508459726333
6781,0.0727272727272727,318.669605434311,1,0.999889471020385
6782,0.0270944741532977,318.716577540107,1,0.99999967144461
6783,0.00962566844919786,318.763549645903,1,0.999999973715982
6784,0.0128342245989305,318.810521751698,1,0.999999957680063
6785,0.0103386809269162,318.857493857494,1,0.999999970767341
6786,0.0117647058823529,318.90446596329,1,0.999999963870424
6787,0.0235294117647059,318.951438069085,1,0.999999801127384
6788,0.053475935828877,318.998410174881,1,0.999989106167267
6789,0.083065953654189,319.045382280676,1,0.999646939359799
6790,0.096969696969697,319.092354386472,1,0.99846485690684
6791,0.120855614973262,319.139326492268,1,0.985152336855447
6792,0.154367201426025,319.186298598063,1,0.819518848598696
6793,0.176470588235294,319.233270703859,1,0.519226770971293
6794,0.190730837789661,319.280242809655,2,0.329767214756324
6795,0.207130124777184,319.32721491545,2,0.185842860892558
6796,0.213547237076649,319.374187021246,2,0.149548423319507
6797,0.214973262032086,319.421159127042,2,0.1426934980181
6798,0.217112299465241,319.468131232837,2,0.133142300997542
6799,0.217112299465241,319.515103338633,2,0.133142300997542
6800,0.215686274509804,319.562075444428,2,0.139414871771418
6801,0.213903743315508,319.609047550224,2,0.147796657796955
6802,0.211764705882353,319.65601965602,2,0.158702697887839
6803,0.208199643493761,319.702991761815,2,0.17912564349186
6804,0.202852049910873,319.749963867611,2,0.215694298226063
6805,0.191800356506239,319.796935973407,2,0.317829642748435
6806,0.167557932263815,319.843908079202,1,0.651176289748676
6807,0.129055258467023,319.890880184998,1,0.970187854929089
6808,0.0966131907308378,319.937852290794,1,0.998519662902624
6809,0.0527629233511586,319.984824396589,1,0.999990040536914
6810,0.0324420677361854,320.031796502385,1,0.999999311258717
6811,0.0160427807486631,320.07876860818,1,0.999999932239307
6812,0.0131907308377897,320.125740713976,1,0.999999955395436
6813,0.0163992869875223,320.172712819772,1,0.999999928625483
6814,0.0199643493761141,320.219684925567,1,0.999999880449009
6815,0.0213903743315508,320.266657031363,1,0.999999853337027
6816,0.025668449197861,320.313629137159,1,0.999999730999098
6817,0.0520499108734403,320.360601242954,1,0.999990897271508
6818,0.0884135472370766,320.40757334875,1,0.999370775695183
6819,0.134046345811052,320.454545454545,1,0.955501116760334
6820,0.1650623885918,320.501517560341,1,0.686790105026443
6821,0.185026737967914,320.548489666137,2,0.399397668114471
6822,0.198217468805704,320.595461771932,2,0.253900885615036
6823,0.21319073083779,320.642433877728,2,0.15132610125974
6824,0.218894830659537,320.689405983524,2,0.125809362934257
6825,0.224598930481283,320.736378089319,2,0.105721462070201
6826,0.229233511586453,320.783350195115,2,0.0926212795678123
6827,0.234224598930481,320.830322300911,2,0.081124682690485
6828,0.237076648841355,320.877294406706,2,0.0755757760110533
6829,0.23458110516934,320.924266512502,2,0.080393464967845
6830,0.229233511586453,320.971238618297,2,0.0926212795678123
6831,0.227450980392157,321.018210724093,2,0.0973569200698169
6832,0.22602495543672,321.065182829889,2,0.10141258203226
6833,0.226737967914439,321.112154935684,2,0.0993540294017617
6834,0.226381461675579,321.15912704148,2,0.100375510945412
6835,0.226381461675579,321.206099147276,2,0.100375510945412
6836,0.227450980392157,321.253071253071,2,0.0973569200698169
6837,0.224955436720143,321.300043358867,2,0.104619674767062
6838,0.219964349376114,321.347015464663,2,0.121665753141309
6839,0.219964349376114,321.393987570458,2,0.121665753141309
6840,0.225311942959002,321.440959676254,2,0.103534426560596
6841,0.227807486631016,321.487931782049,2,0.0963808426446485
6842,0.229946524064171,321.534903887845,2,0.0908253810511028
6843,0.233511586452763,321.581875993641,2,0.0826209776392116
6844,0.239928698752228,321.628848099436,2,0.0706659877052685
6845,0.246702317290553,321.675820205232,2,0.0611705411194523
6846,0.251336898395722,321.722792311028,2,0.0561286910017881
6847,0.254188948306595,321.769764416823,2,0.0535149760816739
6848,0.254545454545455,321.816736522619,2,0.0532120466169336
6849,0.242780748663102,321.863708628415,2,0.0663245448775083
6850,0.242780748663102,321.91068073421,2,0.0663245448775083
6851,0.228877005347594,321.957652840006,2,0.0935398864436905
6852,0.214616755793226,322.004624945801,2,0.144369526844744
6853,0.203921568627451,322.051597051597,2,0.207765990912991
6854,0.19144385026738,322.098569157393,2,0.321768259828467
6855,0.185026737967914,322.145541263188,2,0.399397668114471
6856,0.189661319073084,322.192513368984,2,0.342067770616767
6857,0.191800356506239,322.23948547478,2,0.317829642748435
6858,0.209982174688057,322.286457580575,2,0.168547355003344
6859,0.228520499108734,322.333429686371,2,0.094472541402233
6860,0.239572192513369,322.380401792167,2,0.0712472666157434
6861,0.250980392156863,322.427373897962,2,0.0564802253755426
6862,0.265953654188948,322.474346003758,2,0.0458976624695658
6863,0.273083778966132,322.521318109553,2,0.0432805428079639
6864,0.274866310160428,322.568290215349,2,0.0428247921172951
6865,0.279500891265597,322.615262321145,2,0.0419837992174351
6866,0.280213903743316,322.66223442694,2,0.0418972352835395
6867,0.280570409982175,322.709206532736,2,0.0418581564093423
6868,0.281283422459893,322.756178638532,2,0.0417883677481324
6869,0.280926916221034,322.803150744327,2,0.0418218695262667
6870,0.280926916221034,322.850122850123,2,0.0418218695262667
6871,0.280213903743316,322.897094955919,2,0.0418972352835395
6872,0.280213903743316,322.944067061714,2,0.0418972352835395
6873,0.267023172905526,322.99103916751,2,0.045419570456808
6874,0.24777183600713,323.038011273305,2,0.0599125643894444
6875,0.233155080213904,323.084983379101,2,0.0833863945334798
6876,0.230659536541889,323.131955484897,2,0.0890832175668622
6877,0.23458110516934,323.178927590692,2,0.080393464967845
6878,0.241354723707665,323.225899696488,2,0.0684282928219272
6879,0.254901960784314,323.272871802284,2,0.0529141840881379
6880,0.269875222816399,323.319843908079,2,0.0442957291655921
6881,0.269162210338681,323.366816013875,2,0.0445566001117059
6882,0.275935828877005,323.413788119671,2,0.0425871984116243
6883,0.281996434937611,323.460760225466,2,0.0417296946156144
6884,0.281996434937611,323.507732331262,2,0.0417296946156144
6885,0.277718360071301,323.554704437057,2,0.042249654102186
6886,0.270231729055258,323.601676542853,2,0.0441701976570837
6887,0.258467023172906,323.648648648649,2,0.0502011018235606
6888,0.247415329768271,323.695620754444,2,0.0603252747770023
6889,0.235650623885918,323.74259286024,2,0.0782655476404335
6890,0.228520499108734,323.789564966036,2,0.094472541402233
6891,0.22174688057041,323.836537071831,2,0.115161280544945
6892,0.220677361853832,323.883509177627,2,0.119005158332037
6893,0.224955436720143,323.930481283422,2,0.104619674767062
6894,0.231372549019608,323.977453389218,2,0.0873932078736503
6895,0.23458110516934,324.024425495014,2,0.080393464967845
6896,0.235294117647059,324.071397600809,2,0.0789640594862739
6897,0.246345811051693,324.118369706605,2,0.0616032808600155
6898,0.251693404634581,324.165341812401,2,0.0557828391769409
6899,0.261319073083779,324.212313918196,2,0.0483534857332153
6900,0.268449197860963,324.259286023992,2,0.044830719097829
6901,0.267379679144385,324.306258129788,2,0.0452672099750944
6902,0.268805704099822,324.353230235583,2,0.0446919904502777
6903,0.275935828877005,324.400202341379,2,0.0425871984116243
6904,0.28698752228164,324.447174447174,2,0.0416275359385478
6905,0.283065953654189,324.49414655297,2,0.0416624314943373
6906,0.279857397504456,324.541118658766,2,0.0419391135680977
6907,0.276292335115865,324.588090764561,2,0.0425138820583927
6908,0.273440285204991,324.635062870357,2,0.0431833375115704
6909,0.270588235294118,324.682034976153,2,0.0440479026410585
6910,0.264884135472371,324.729007081948,2,0.046407939044193
6911,0.255614973262032,324.775979187744,2,0.0523334119125725
6912,0.248841354723708,324.82295129354,2,0.0587130549522764
6913,0.25668449197861,324.869923399335,2,0.0514987362425697
6914,0.262032085561497,324.916895505131,2,0.0479331554056538
6915,0.259536541889483,324.963867610926,2,0.0494762634266309
6916,0.246345811051693,325.010839716722,2,0.0616032808600155
6917,0.231729055258467,325.057811822518,2,0.0865672792270691
6918,0.226381461675579,325.104783928313,2,0.100375510945412
6919,0.227450980392157,325.151756034109,2,0.0973569200698169
6920,0.229233511586453,325.198728139905,2,0.0926212795678123
6921,0.232442067736185,325.2457002457,2,0.084952636312124
6922,0.235294117647059,325.292672351496,2,0.0789640594862739
6923,0.237789661319073,325.339644457292,2,0.0742913349406445
6924,0.23458110516934,325.386616563087,2,0.080393464967845
6925,0.23030303030303,325.433588668883,2,0.0899476823508696
6926,0.226381461675579,325.480560774678,2,0.100375510945412
6927,0.224242424242424,325.527532880474,2,0.106840033805127
6928,0.223885918003565,325.57450498627,2,0.107975638503528
6929,0.202139037433155,325.621477092065,2,0.221159700448823
6930,0.181105169340463,325.668449197861,2,0.452483868921999
6931,0.147237076648841,325.715421303657,1,0.884196472295769
6932,0.109447415329768,325.762393409452,1,0.994762395771455
6933,0.0762923351158645,325.809365515248,1,0.999833946164541
6934,0.0499108734402852,325.856337621044,1,0.999993061569542
6935,0.0292335115864528,325.903309726839,1,0.99999955741731
6936,0.0185383244206774,325.950281832635,1,0.999999902656319
6937,0.0071301247771836,325.99725393843,1,0.999999981922744
6938,0.00570409982174688,326.044226044226,1,0.99999998542582
6939,0.00392156862745098,326.091198150022,1,0.99999998888329
6940,0.00249554367201426,326.138170255817,1,0.999999991059699
6941,0.00142602495543672,326.185142361613,1,0.999999992412996
6942,0.00285204991087344,326.232114467409,1,0.999999990558239
6943,0.0053475935828877,326.279086573204,1,0.999999986192269
6944,0.00855614973262032,326.326058679,1,0.999999977602332
6945,0.00249554367201426,326.373030784796,1,0.999999991059699
6946,0.00249554367201426,326.420002890591,1,0.999999991059699
6947,0.0035650623885918,326.466974996387,1,0.999999989471534
6948,0.00392156862745098,326.513947102182,1,0.99999998888329
6949,0.00463458110516934,326.560919207978,1,0.999999987608923
6950,0.00427807486631016,326.607891313774,1,0.999999988262986
6951,0.0035650623885918,326.654863419569,1,0.999999989471534
6952,0.0035650623885918,326.701835525365,1,0.999999989471534
6953,0.0053475935828877,326.748807631161,1,0.999999986192269
6954,0.00499108734402852,326.795779736956,1,0.999999986919311
6955,0.0053475935828877,326.842751842752,1,0.999999986192269
6956,0.00499108734402852,326.889723948547,1,0.999999986919311
6957,0.00285204991087344,326.936696054343,1,0.999999990558239
6958,0.0035650623885918,326.983668160139,1,0.999999989471534
6959,0.00748663101604278,327.030640265934,1,0.999999980925863
6960,0.0106951871657754,327.07761237173,1,0.999999969174383
6961,0.02174688057041,327.124584477526,1,0.999999845674531
6962,0.0477718360071301,327.171556583321,1,0.999994724362701
6963,0.111942959001783,327.218528689117,1,0.993377007625881
6964,0.157932263814617,327.265500794913,1,0.779639231758983
6965,0.18716577540107,327.312472900708,2,0.372147939662444
6966,0.218538324420677,327.359445006504,2,0.127232459335387
6967,0.232442067736185,327.406417112299,2,0.084952636312124
6968,0.244919786096257,327.453389218095,2,0.0634038375713656
6969,0.258110516934046,327.500361323891,2,0.0504515339077752
6970,0.267023172905526,327.547333429686,2,0.045419570456808
6971,0.272727272727273,327.594305535482,2,0.0433808122462695
6972,0.272727272727273,327.641277641278,2,0.0433808122462695
6973,0.266310160427807,327.688249747073,2,0.0457347656087041
6974,0.26096256684492,327.735221852869,2,0.0485697297793136
6975,0.254188948306595,327.782193958665,2,0.0535149760816739
6976,0.247058823529412,327.82916606446,2,0.0607445699909669
6977,0.233155080213904,327.876138170256,2,0.0833863945334798
6978,0.22174688057041,327.923110276051,2,0.115161280544945
6979,0.204634581105169,327.970082381847,2,0.202656660056607
6980,0.161853832442068,328.017054487643,1,0.730474995590417
6981,0.116221033868093,328.064026593438,1,0.990182315251235
6982,0.0677361853832442,328.110998699234,1,0.999938203827101
6983,0.0181818181818182,328.15797080503,1,0.999999907546852
6984,0.00962566844919786,328.204942910825,1,0.999999973715982
6985,0.00463458110516934,328.251915016621,1,0.999999987608923
6986,0.00499108734402852,328.298887122417,1,0.999999986919311
6987,0.00570409982174688,328.345859228212,1,0.99999998542582
6988,0.00499108734402852,328.392831334008,1,0.999999986919311
6989,0.00463458110516934,328.439803439803,1,0.999999987608923
6990,0.0053475935828877,328.486775545599,1,0.999999986192269
6991,0.00499108734402852,328.533747651395,1,0.999999986919311
6992,0.00463458110516934,328.58071975719,1,0.999999987608923
6993,0.0071301247771836,328.627691862986,1,0.999999981922744
6994,0.0089126559714795,328.674663968782,1,0.999999976373703
6995,0.0089126559714795,328.721636074577,1,0.999999976373703
6996,0.00641711229946524,328.768608180373,1,0.999999983766279
6997,0.00570409982174688,328.815580286169,1,0.99999998542582
6998,0.00819964349376114,328.862552391964,1,0.999999978768531
6999,0.013903743315508,328.90952449776,1,0.999999950459747
7000,0.0192513368983957,328.956496603555,1,0.999999892107754
7001,0.0106951871657754,329.003468709351,1,0.999999969174383
7002,0.00855614973262032,329.050440815147,1,0.999999977602332
7003,0.00499108734402852,329.097412920942,1,0.999999986919311
7004,0.0035650623885918,329.144385026738,1,0.999999989471534
7005,0.0017825311942959,329.191357132534,1,0.999999991985789
7006,0.00213903743315508,329.238329238329,1,0.999999991535108
7007,0.00320855614973262,329.285301344125,1,0.999999990029338
7008,0.00392156862745098,329.332273449921,1,0.99999998888329
7009,0.0103386809269162,329.379245555716,1,0.999999970767341
7010,0.0135472370766488,329.426217661512,1,0.999999952990709
7011,0.0203208556149733,329.473189767307,1,0.999999874168368
7012,0.0438502673796791,329.520161873103,1,0.999996827957414
7013,0.0880570409982175,329.567133978899,1,0.99939425971852
7014,0.129055258467023,329.614106084694,1,0.970187854929089
7015,0.164349376114082,329.66107819049,1,0.69672645304942
7016,0.192869875222816,329.708050296286,2,0.30625838418349
7017,0.22602495543672,329.755022402081,2,0.10141258203226
7018,0.232442067736185,329.801994507877,2,0.084952636312124
7019,0.242780748663102,329.848966613673,2,0.0663245448775083
7020,0.248841354723708,329.895938719468,2,0.0587130549522764
7021,0.250980392156863,329.942910825264,2,0.0564802253755426
7022,0.250267379679144,329.989882931059,2,0.0572006426352329
7023,0.250267379679144,330.036855036855,2,0.0572006426352329
7024,0.251693404634581,330.083827142651,2,0.0557828391769409
7025,0.251336898395722,330.130799248446,2,0.0561286910017881
7026,0.243850267379679,330.177771354242,2,0.0648301159383605
7027,0.235650623885918,330.224743460038,2,0.0782655476404335
7028,0.23030303030303,330.271715565833,2,0.0899476823508696
7029,0.228877005347594,330.318687671629,2,0.0935398864436905
7030,0.227450980392157,330.365659777425,2,0.0973569200698169
7031,0.227450980392157,330.41263188322,2,0.0973569200698169
7032,0.227807486631016,330.459603989016,2,0.0963808426446485
7033,0.223885918003565,330.506576094811,2,0.107975638503528
7034,0.222816399286988,330.553548200607,2,0.111487183755526
7035,0.222459893048128,330.600520306403,2,0.112693469722017
7036,0.223529411764706,330.647492412198,2,0.109128527899563
7037,0.228877005347594,330.694464517994,2,0.0935398864436905
7038,0.239928698752228,330.74143662379,2,0.0706659877052685
7039,0.253119429590018,330.788408729585,2,0.0544548065800749
7040,0.262032085561497,330.835380835381,2,0.0479331554056538
7041,0.250980392156863,330.882352941177,2,0.0564802253755426
7042,0.253832442067736,330.929325046972,2,0.0538230359317509
7043,0.254188948306595,330.976297152768,2,0.0535149760816739
7044,0.248128342245989,331.023269258563,2,0.0595063493260242
7045,0.244919786096257,331.070241364359,2,0.0634038375713656
7046,0.240998217468806,331.117213470155,2,0.06897485550607
7047,0.232798573975045,331.16418557595,2,0.0841635552501556
7048,0.224242424242424,331.211157681746,2,0.106840033805127
7049,0.220677361853832,331.258129787542,2,0.119005158332037
7050,0.212121212121212,331.305101893337,2,0.156817985672745
7051,0.198217468805704,331.352073999133,2,0.253900885615036
7052,0.181105169340463,331.399046104929,2,0.452483868921999
7053,0.161853832442068,331.446018210724,1,0.730474995590417
7054,0.140106951871658,331.49299031652,1,0.929563241262185
7055,0.118716577540107,331.539962422315,1,0.987712122807458
7056,0.105882352941176,331.586934528111,1,0.996277909157264
7057,0.10873440285205,331.633906633907,1,0.995105367703617
7058,0.118716577540107,331.680878739702,1,0.987712122807458
7059,0.129411764705882,331.727850845498,1,0.969303421020981
7060,0.132620320855615,331.774822951294,1,0.960235205901159
7061,0.12192513368984,331.821795057089,1,0.983697027806612
7062,0.103030303030303,331.868767162885,1,0.997182757300837
7063,0.0880570409982175,331.91573926868,1,0.99939425971852
7064,0.0827094474153298,331.962711374476,1,0.999660470341301
7065,0.0919786096256685,332.009683480272,1,0.999083084417852
7066,0.103743315508021,332.056655586067,1,0.996978283387991
7067,0.119073083778966,332.103627691863,1,0.987315831883163
7068,0.129055258467023,332.150599797659,1,0.970187854929089
7069,0.13048128342246,332.197571903454,1,0.966508459726333
7070,0.128342245989305,332.24454400925,1,0.971888846583434
7071,0.127272727272727,332.291516115046,1,0.974277819470926
7072,0.125846702317291,332.338488220841,1,0.977179174125809
7073,0.144028520499109,332.385460326637,1,0.906838116890453
7074,0.15650623885918,332.432432432432,1,0.796173809987047
7075,0.162210338680927,332.479404538228,1,0.725760157830024
7076,0.157219251336898,332.526376644024,1,0.788001359362703
7077,0.162566844919786,332.573348749819,1,0.721008185811747
7078,0.17825311942959,332.620320855615,2,0.4931633449116
7079,0.186452762923351,332.667292961411,2,0.381085720730076
7080,0.183600713012478,332.714265067206,2,0.418263109207048
7081,0.192156862745098,332.761237173002,2,0.313931741274008
7082,0.199286987522282,332.808209278798,2,0.244510886033256
7083,0.209625668449198,332.855181384593,2,0.170602930169201
7084,0.220677361853832,332.902153490389,2,0.119005158332037
7085,0.228877005347594,332.949125596184,2,0.0935398864436905
7086,0.238502673796791,332.99609770198,2,0.0730456320043107
7087,0.247415329768271,333.043069807776,2,0.0603252747770023
7088,0.254545454545455,333.090041913571,2,0.0532120466169336
7089,0.260249554367201,333.137014019367,2,0.0490145944025892
7090,0.26524064171123,333.183986125163,2,0.0462342158341202
7091,0.267023172905526,333.230958230958,2,0.045419570456808
7092,0.265953654188948,333.277930336754,2,0.0458976624695658
7093,0.26524064171123,333.32490244255,2,0.0462342158341202
7094,0.265953654188948,333.371874548345,2,0.0458976624695658
7095,0.262388591800357,333.418846654141,2,0.0477289843017269
7096,0.257754010695187,333.465818759936,2,0.0507064604602417
7097,0.236720142602496,333.512790865732,2,0.0762328841466821
7098,0.237076648841355,333.559762971528,2,0.0755757760110533
7099,0.238146167557932,333.606735077323,2,0.0736637122022718
7100,0.239572192513369,333.653707183119,2,0.0712472666157434
7101,0.240641711229947,333.700679288915,2,0.069529909235771
7102,0.245276292335116,333.74765139471,2,0.0629430633753488
7103,0.251693404634581,333.794623500506,2,0.0557828391769409
7104,0.255971479500891,333.841595606301,2,0.0520503811873
7105,0.267023172905526,333.888567712097,2,0.045419570456808
7106,0.270944741532977,333.935539817893,2,0.0439288203315882
7107,0.275222816399287,333.982511923688,2,0.0427426385542663
7108,0.275579322638146,334.029484029484,2,0.0426634457108036
7109,0.274153297682709,334.07645613528,2,0.0429980450141216
7110,0.269875222816399,334.123428241075,2,0.0442957291655921
7111,0.268805704099822,334.170400346871,2,0.0446919904502777
7112,0.267379679144385,334.217372452667,2,0.0452672099750944
7113,0.254901960784314,334.264344558462,2,0.0529141840881379
7114,0.240285204991087,334.311316664258,2,0.070093577958845
7115,0.22602495543672,334.358288770053,2,0.101412582032261
7116,0.220677361853832,334.405260875849,2,0.119005158332037
7117,0.215329768270945,334.452232981645,2,0.141042055017344
7118,0.199643493761141,334.49920508744,2,0.24145879475095
7119,0.17825311942959,334.546177193236,2,0.4931633449116
7120,0.164349376114082,334.593149299032,1,0.69672645304942
7121,0.154723707664884,334.640121404827,1,0.815752170366594
7122,0.144741532976827,334.687093510623,1,0.902135334189542
7123,0.128698752228164,334.734065616419,1,0.971049501893769
7124,0.116221033868093,334.781037722214,1,0.990182315251235
7125,0.110516934046346,334.82800982801,1,0.994205594519055
7126,0.112299465240642,334.874981933805,1,0.9931532638992
7127,0.121212121212121,334.921954039601,1,0.98468100083791
7128,0.129055258467023,334.968926145397,1,0.970187854929089
7129,0.156149732620321,335.015898251192,1,0.800187728045124
7130,0.171122994652406,335.062870356988,1,0.59872270376768
7131,0.186096256684492,335.109842462784,2,0.38560988307291
7132,0.189661319073084,335.156814568579,2,0.342067770616767
7133,0.189304812834225,335.203786674375,2,0.346247780607341
7134,0.18716577540107,335.250758780171,2,0.372147939662444
7135,0.19144385026738,335.297730885966,2,0.321768259828467
7136,0.192869875222816,335.344702991762,2,0.30625838418349
7137,0.188591800356506,335.391675097557,2,0.354726139272892
7138,0.20427807486631,335.438647203353,2,0.205193918243931
7139,0.220320855614973,335.485619309149,2,0.120325466747512
7140,0.23458110516934,335.532591414944,2,0.080393464967845
7141,0.252406417112299,335.57956352074,2,0.0551078903872198
7142,0.262745098039216,335.626535626536,2,0.0475287541523625
7143,0.273083778966132,335.673507732331,2,0.0432805428079639
7144,0.284135472370766,335.720479838127,2,0.0416199654510232
7145,0.286631016042781,335.767451943923,2,0.041616983452478
7146,0.293404634581105,335.814424049718,2,0.0422919104804998
7147,0.291978609625668,335.861396155514,2,0.0420657003018588
7148,0.280570409982175,335.908368261309,2,0.0418581564093423
7149,0.27807486631016,335.955340367105,2,0.0421907934137444
7150,0.283422459893048,336.002312472901,2,0.0416455253586508
7151,0.280570409982175,336.049284578696,2,0.0418581564093423
7152,0.272370766488414,336.096256684492,2,0.043484165171336
7153,0.276292335115865,336.143228790288,2,0.0425138820583927
7154,0.276292335115865,336.190200896083,2,0.0425138820583927
7155,0.272014260249554,336.237173001879,2,0.0435906215444182
7156,0.265953654188948,336.284145107675,2,0.0458976624695658
7157,0.258110516934046,336.33111721347,2,0.0504515339077752
7158,0.253832442067736,336.378089319266,2,0.0538230359317509
7159,0.254188948306595,336.425061425061,2,0.0535149760816739
7160,0.25632798573975,336.472033530857,2,0.0517721752073187
7161,0.257754010695187,336.519005636653,2,0.0507064604602417
7162,0.264884135472371,336.565977742448,2,0.046407939044193
7163,0.270944741532977,336.612949848244,2,0.0439288203315882
7164,0.265597147950089,336.65992195404,2,0.0460641348880686
7165,0.253475935828877,336.706894059835,2,0.0541362908119072
7166,0.243137254901961,336.753866165631,2,0.0658186491056242
7167,0.239928698752228,336.800838271427,2,0.0706659877052685
7168,0.242780748663102,336.847810377222,2,0.0663245448775083
7169,0.233511586452763,336.894782483018,2,0.0826209776392116
7170,0.252762923351159,336.941754588813,2,0.0547786503255093
7171,0.277361853832442,336.988726694609,2,0.0423113812587141
7172,0.288413547237077,337.035698800405,2,0.0416972564246667
7173,0.285561497326203,337.0826709062,2,0.0416017982712025
7174,0.279144385026738,337.129643011996,2,0.0420313007234206
7175,0.277718360071301,337.176615117792,2,0.042249654102186
7176,0.279500891265597,337.223587223587,2,0.0419837992174351
7177,0.273440285204991,337.270559329383,2,0.0431833375115704
7178,0.270944741532977,337.317531435179,2,0.0439288203315882
7179,0.272014260249554,337.364503540974,2,0.0435906215444182
7180,0.275579322638146,337.41147564677,2,0.0426634457108036
7181,0.275579322638146,337.458447752565,2,0.0426634457108036
7182,0.272014260249554,337.505419858361,2,0.0435906215444182
7183,0.26951871657754,337.552391964157,2,0.0444245216126999
7184,0.269162210338681,337.599364069952,2,0.0445566001117059
7185,0.268449197860963,337.646336175748,2,0.044830719097829
7186,0.26524064171123,337.693308281544,2,0.0462342158341202
7187,0.264171122994652,337.740280387339,2,0.0467664510931315
7188,0.26524064171123,337.787252493135,2,0.0462342158341202
7189,0.268449197860963,337.834224598931,2,0.044830719097829
7190,0.268092691622103,337.881196704726,2,0.0449728132130926
7191,0.264171122994652,337.928168810522,2,0.0467664510931315
7192,0.262388591800357,337.975140916317,2,0.0477289843017269
7193,0.26096256684492,338.022113022113,2,0.0485697297793136
7194,0.250980392156863,338.069085127909,2,0.0564802253755426
7195,0.236363636363636,338.116057233704,2,0.0769001144892598
7196,0.222816399286988,338.1630293395,2,0.111487183755526
7197,0.216755793226381,338.210001445296,2,0.13467565651305
7198,0.218894830659537,338.256973551091,2,0.125809362934257
7199,0.225311942959002,338.303945656887,2,0.103534426560596
7200,0.231016042780749,338.350917762683,2,0.0882317905080514
7201,0.2349376114082,338.397889868478,2,0.0796733116730507
7202,0.23921568627451,338.444861974274,2,0.071837544970447
7203,0.244919786096257,338.491834080069,2,0.0634038375713656
7204,0.245632798573975,338.538806185865,2,0.0624894451585092
7205,0.250267379679144,338.585778291661,2,0.0572006426352329
7206,0.25668449197861,338.632750397456,2,0.0514987362425697
7207,0.262745098039216,338.679722503252,2,0.0475287541523625
7208,0.264527629233512,338.726694609048,2,0.0465853390309569
7209,0.275579322638146,338.773666714843,2,0.0426634457108036
7210,0.276648841354724,338.820638820639,2,0.0424434826255456
7211,0.277718360071301,338.867610926435,2,0.042249654102186
7212,0.279144385026738,338.91458303223,2,0.0420313007234206
7213,0.27843137254902,338.961555138026,2,0.0421347879747758
7214,0.274153297682709,339.008527243821,2,0.0429980450141216
7215,0.270231729055258,339.055499349617,2,0.0441701976570837
7216,0.268449197860963,339.102471455413,2,0.044830719097829
7217,0.254188948306595,339.149443561208,2,0.0535149760816739
7218,0.253119429590018,339.196415667004,2,0.0544548065800749
7219,0.248841354723708,339.2433877728,2,0.0587130549522764
7220,0.238502673796791,339.290359878595,2,0.0730456320043107
7221,0.228877005347594,339.337331984391,2,0.0935398864436905
7222,0.222103386809269,339.384304090187,2,0.113918079396851
7223,0.22174688057041,339.431276195982,2,0.115161280544945
7224,0.224242424242424,339.478248301778,2,0.106840033805127
7225,0.227807486631016,339.525220407573,2,0.0963808426446485
7226,0.226737967914439,339.572192513369,2,0.0993540294017617
7227,0.224598930481283,339.619164619165,2,0.105721462070201
7228,0.221390374331551,339.66613672496,2,0.11642334412553
7229,0.217825311942959,339.713108830756,2,0.1301432808253
7230,0.209982174688057,339.760080936552,2,0.168547355003344
7231,0.202495543672014,339.807053042347,2,0.218408808900477
7232,0.196791443850267,339.854025148143,2,0.266974022425607
7233,0.189661319073084,339.900997253938,2,0.342067770616767
7234,0.176470588235294,339.947969359734,1,0.519226770971293
7235,0.163992869875223,339.99494146553,1,0.701648896925064
7236,0.161853832442068,340.041913571325,1,0.730474995590417
7237,0.169340463458111,340.088885677121,1,0.625115799613936
7238,0.182174688057041,340.135857782917,2,0.437641655896475
7239,0.199643493761141,340.182829888712,2,0.24145879475095
7240,0.21319073083779,340.229801994508,2,0.15132610125974
7241,0.221033868092692,340.276774100304,2,0.117704544282493
7242,0.224955436720143,340.323746206099,2,0.104619674767062
7243,0.226737967914439,340.370718311895,2,0.0993540294017617
7244,0.227094474153298,340.41769041769,2,0.0983479079010686
7245,0.228163992869875,340.464662523486,2,0.0954194554546018
7246,0.226737967914439,340.511634629282,2,0.0993540294017617
7247,0.227450980392157,340.558606735077,2,0.0973569200698169
7248,0.228163992869875,340.605578840873,2,0.0954194554546018
7249,0.233868092691622,340.652550946669,2,0.0818671307430452
7250,0.240641711229947,340.699523052464,2,0.069529909235771
7251,0.248128342245989,340.74649515826,2,0.0595063493260242
7252,0.254188948306595,340.793467264056,2,0.0535149760816739
7253,0.259180035650624,340.840439369851,2,0.0497135164805448
7254,0.264527629233512,340.887411475647,2,0.0465853390309569
7255,0.271657754010695,340.934383581442,2,0.0437002019488884
7256,0.276292335115865,340.981355687238,2,0.0425138820583927
7257,0.276292335115865,341.028327793034,2,0.0425138820583927
7258,0.284135472370766,341.075299898829,2,0.0416199654510232
7259,0.295187165775401,341.122272004625,2,0.0426394600665594
7260,0.297326203208556,341.169244110421,2,0.043153780360425
7261,0.287344028520499,341.216216216216,2,0.0416408366999972
7262,0.273440285204991,341.263188322012,2,0.0431833375115704
7263,0.266666666666667,341.310160427808,2,0.0455754120927234
7264,0.268092691622103,341.357132533603,2,0.0449728132130926
7265,0.264171122994652,341.404104639399,2,0.0467664510931315
7266,0.263814616755793,341.451076745194,2,0.0469513113255577
7267,0.262388591800357,341.49804885099,2,0.0477289843017269
7268,0.257040998217469,341.545020956786,2,0.0512300076573834
7269,0.249554367201426,341.591993062581,2,0.057944706476878
7270,0.245632798573975,341.638965168377,2,0.0624894451585092
7271,0.248128342245989,341.685937274173,2,0.0595063493260242
7272,0.251336898395722,341.732909379968,2,0.0561286910017881
7273,0.264171122994652,341.779881485764,2,0.0467664510931315
7274,0.271657754010695,341.826853591559,2,0.0437002019488884
7275,0.278787878787879,341.873825697355,2,0.0420816271177998
7276,0.284135472370766,341.920797803151,2,0.0416199654510232
7277,0.288413547237077,341.967769908946,2,0.0416972564246667
7278,0.289483065953654,342.014742014742,2,0.0417785326069888
7279,0.283422459893048,342.061714120538,2,0.0416455253586508
7280,0.275579322638146,342.108686226333,2,0.0426634457108036
7281,0.281639928698752,342.155658332129,2,0.0417576447198518
7282,0.281283422459893,342.202630437925,2,0.0417883677481324
7283,0.28270944741533,342.24960254372,2,0.0416820925125841
7284,0.287344028520499,342.296574649516,2,0.0416408366999972
7285,0.292335115864528,342.343546755311,2,0.0421179801391359
7286,0.294474153297683,342.390518861107,2,0.0424917149010911
7287,0.29554367201426,342.437490966903,2,0.0427177368652416
7288,0.294830659536542,342.484463072698,2,0.0425641242185355
7289,0.291622103386809,342.531435178494,2,0.0420162518966323
7290,0.287344028520499,342.57840728429,2,0.0416408366999972
7291,0.280570409982175,342.625379390085,2,0.0418581564093423
7292,0.275935828877005,342.672351495881,2,0.0425871984116243
7293,0.275935828877005,342.719323601677,2,0.0425871984116243
7294,0.274509803921569,342.766295707472,2,0.0429099221564594
7295,0.266666666666667,342.813267813268,2,0.0455754120927234
7296,0.25668449197861,342.860239919063,2,0.0514987362425697
7297,0.246345811051693,342.907212024859,2,0.0616032808600155
7298,0.240285204991087,342.954184130655,2,0.070093577958845
7299,0.233155080213904,343.00115623645,2,0.0833863945334798
7300,0.233511586452763,343.048128342246,2,0.0826209776392116
7301,0.240285204991087,343.095100448042,2,0.070093577958845
7302,0.249554367201426,343.142072553837,2,0.0579447064768781
7303,0.258467023172906,343.189044659633,2,0.0502011018235606
7304,0.263101604278075,343.236016765429,2,0.0473324247231341
7305,0.262032085561497,343.282988871224,2,0.0479331554056538
7306,0.26524064171123,343.32996097702,2,0.0462342158341202
7307,0.268805704099822,343.376933082815,2,0.0446919904502777
7308,0.272370766488414,343.423905188611,2,0.043484165171336
7309,0.274866310160428,343.470877294407,2,0.0428247921172951
7310,0.27807486631016,343.517849400202,2,0.0421907934137444
7311,0.283422459893048,343.564821505998,2,0.0416455253586508
7312,0.285561497326203,343.611793611794,2,0.0416017982712025
7313,0.294830659536542,343.658765717589,2,0.0425641242185355
7314,0.288413547237077,343.705737823385,2,0.0416972564246667
7315,0.277718360071301,343.752709929181,2,0.042249654102186
7316,0.268449197860963,343.799682034976,2,0.044830719097829
7317,0.257397504456328,343.846654140772,2,0.0509659338946457
7318,0.246702317290553,343.893626246567,2,0.0611705411194523
7319,0.235294117647059,343.940598352363,2,0.0789640594862739
7320,0.226381461675579,343.987570458159,2,0.100375510945412
7321,0.228520499108734,344.034542563954,2,0.094472541402233
7322,0.237433155080214,344.08151466975,2,0.0749286416337627
7323,0.244919786096257,344.128486775546,2,0.0634038375713656
7324,0.250267379679144,344.175458881341,2,0.0572006426352328
7325,0.251693404634581,344.222430987137,2,0.0557828391769409
7326,0.257040998217469,344.269403092933,2,0.0512300076573834
7327,0.266666666666667,344.316375198728,2,0.0455754120927234
7328,0.272727272727273,344.363347304524,2,0.0433808122462695
7329,0.276648841354724,344.410319410319,2,0.0424434826255456
7330,0.284848484848485,344.457291516115,2,0.0416053934328681
7331,0.288770053475936,344.504263621911,2,0.0417215806857703
7332,0.285204991087344,344.551235727706,2,0.0416022241097946
7333,0.281639928698752,344.598207833502,2,0.0417576447198518
7334,0.281639928698752,344.645179939298,2,0.0417576447198518
7335,0.280570409982175,344.692152045093,2,0.0418581564093423
7336,0.27843137254902,344.739124150889,2,0.0421347879747758
7337,0.285204991087344,344.786096256685,2,0.0416022241097946
7338,0.28270944741533,344.83306836248,2,0.0416820925125841
7339,0.275579322638146,344.880040468276,2,0.0426634457108036
7340,0.267379679144385,344.927012574071,2,0.0452672099750944
7341,0.257754010695187,344.973984679867,2,0.0507064604602417
7342,0.253119429590018,345.020956785663,2,0.0544548065800749
7343,0.250267379679144,345.067928891458,2,0.0572006426352329
7344,0.250267379679144,345.114900997254,2,0.0572006426352329
7345,0.257040998217469,345.16187310305,2,0.0512300076573834
7346,0.258467023172906,345.208845208845,2,0.0502011018235606
7347,0.259180035650624,345.255817314641,2,0.0497135164805449
7348,0.257754010695187,345.302789420437,2,0.0507064604602417
7349,0.257754010695187,345.349761526232,2,0.0507064604602417
7350,0.257397504456328,345.396733632028,2,0.0509659338946457
7351,0.258823529411765,345.443705737823,2,0.0499551128118862
7352,0.26096256684492,345.490677843619,2,0.0485697297793136
7353,0.255258467023173,345.537649949415,2,0.052621326223698
7354,0.257040998217469,345.58462205521,2,0.0512300076573834
7355,0.258467023172906,345.631594161006,2,0.0502011018235606
7356,0.258467023172906,345.678566266802,2,0.0502011018235606
7357,0.258110516934046,345.725538372597,2,0.0504515339077752
7358,0.258110516934046,345.772510478393,2,0.0504515339077752
7359,0.261675579322638,345.819482584189,2,0.0481413085598955
7360,0.267023172905526,345.866454689984,2,0.045419570456808
7361,0.263101604278075,345.91342679578,2,0.0473324247231341
7362,0.263814616755793,345.960398901575,2,0.0469513113255577
7363,0.264171122994652,346.007371007371,2,0.0467664510931315
7364,0.261319073083779,346.054343113167,2,0.0483534857332153
7365,0.259536541889483,346.101315218962,2,0.0494762634266309
7366,0.258467023172906,346.148287324758,2,0.0502011018235606
7367,0.26096256684492,346.195259430554,2,0.0485697297793136
7368,0.262745098039216,346.242231536349,2,0.0475287541523625
7369,0.258467023172906,346.289203642145,2,0.0502011018235606
7370,0.262032085561497,346.336175747941,2,0.0479331554056538
7371,0.264884135472371,346.383147853736,2,0.046407939044193
7372,0.265597147950089,346.430119959532,2,0.0460641348880686
7373,0.266310160427807,346.477092065327,2,0.0457347656087041
7374,0.26951871657754,346.524064171123,2,0.0444245216126999
7375,0.274509803921569,346.571036276919,2,0.0429099221564594
7376,0.27807486631016,346.618008382714,2,0.0421907934137444
7377,0.270944741532977,346.66498048851,2,0.0439288203315882
7378,0.271301247771836,346.711952594306,2,0.0438129275961263
7379,0.270588235294118,346.758924700101,2,0.0440479026410585
7380,0.274509803921569,346.805896805897,2,0.0429099221564594
7381,0.275222816399287,346.852868911692,2,0.0427426385542663
7382,0.279144385026738,346.899841017488,2,0.0420313007234206
7383,0.283778966131907,346.946813123284,2,0.0416313709041537
7384,0.287344028520499,346.993785229079,2,0.0416408366999972
7385,0.27379679144385,347.040757334875,2,0.0430891776231117
7386,0.273440285204991,347.087729440671,2,0.0431833375115704
7387,0.267736185383244,347.134701546466,2,0.0451183006518891
7388,0.258467023172906,347.181673652262,2,0.0502011018235606
7389,0.253119429590018,347.228645758058,2,0.0544548065800749
7390,0.252762923351159,347.275617863853,2,0.0547786503255093
7391,0.249197860962567,347.322589969649,2,0.0583258043584955
7392,0.243850267379679,347.369562075444,2,0.0648301159383605
7393,0.247058823529412,347.41653418124,2,0.0607445699909669
7394,0.24777183600713,347.463506287036,2,0.0599125643894444
7395,0.249910873440285,347.510478392831,2,0.0575696793910372
7396,0.252406417112299,347.557450498627,2,0.0551078903872198
7397,0.255258467023173,347.604422604423,2,0.052621326223698
7398,0.257754010695187,347.651394710218,2,0.0507064604602417
7399,0.259180035650624,347.698366816014,2,0.0497135164805449
7400,0.260606060606061,347.74533892181,2,0.0487900844489964
7401,0.266310160427807,347.792311027605,2,0.0457347656087041
7402,0.262745098039216,347.839283133401,2,0.0475287541523625
7403,0.257754010695187,347.886255239196,2,0.0507064604602417
7404,0.253475935828877,347.933227344992,2,0.0541362908119072
7405,0.247415329768271,347.980199450788,2,0.0603252747770023
7406,0.238859180035651,348.027171556583,2,0.0724369552179529
7407,0.236007130124777,348.074143662379,2,0.0775776178915898
7408,0.238502673796791,348.121115768175,2,0.0730456320043107
7409,0.242067736185383,348.16808787397,2,0.0673601550398578
7410,0.250267379679144,348.215059979766,2,0.0572006426352329
7411,0.25668449197861,348.262032085562,2,0.0514987362425697
7412,0.259536541889483,348.309004191357,2,0.0494762634266309
7413,0.26096256684492,348.355976297153,2,0.0485697297793136
7414,0.262388591800357,348.402948402948,2,0.0477289843017269
7415,0.262032085561497,348.449920508744,2,0.0479331554056538
7416,0.259180035650624,348.49689261454,2,0.0497135164805449
7417,0.265597147950089,348.543864720335,2,0.0460641348880687
7418,0.268092691622103,348.590836826131,2,0.0449728132130926
7419,0.270231729055258,348.637808931927,2,0.0441701976570837
7420,0.270231729055258,348.684781037722,2,0.0441701976570837
7421,0.268805704099822,348.731753143518,2,0.0446919904502777
7422,0.269162210338681,348.778725249314,2,0.0445566001117059
7423,0.273440285204991,348.825697355109,2,0.0431833375115704
7424,0.27807486631016,348.872669460905,2,0.0421907934137444
7425,0.274866310160428,348.9196415667,2,0.0428247921172951
7426,0.270944741532977,348.966613672496,2,0.0439288203315882
7427,0.26524064171123,349.013585778292,2,0.0462342158341202
7428,0.258823529411765,349.060557884087,2,0.0499551128118862
7429,0.258110516934046,349.107529989883,2,0.0504515339077752
7430,0.258823529411765,349.154502095679,2,0.0499551128118862
7431,0.261319073083779,349.201474201474,2,0.0483534857332153
7432,0.262032085561497,349.24844630727,2,0.0479331554056538
7433,0.268449197860963,349.295418413066,2,0.044830719097829
7434,0.265597147950089,349.342390518861,2,0.0460641348880686
7435,0.262745098039216,349.389362624657,2,0.0475287541523625
7436,0.266666666666667,349.436334730452,2,0.0455754120927234
7437,0.268092691622103,349.483306836248,2,0.0449728132130926
7438,0.267023172905526,349.530278942044,2,0.045419570456808
7439,0.266666666666667,349.577251047839,2,0.0455754120927234
7440,0.268805704099822,349.624223153635,2,0.0446919904502777
7441,0.27379679144385,349.671195259431,2,0.0430891776231117
7442,0.277005347593583,349.718167365226,2,0.0423759866562815
7443,0.281639928698752,349.765139471022,2,0.0417576447198518
7444,0.277361853832442,349.812111576817,2,0.0423113812587141
7445,0.278787878787879,349.859083682613,2,0.0420816271177998
